year,month,date,time,demand,nuclear,thermal,hydro,geothermal,biomass,solar,solar_output_control,wind,wind_output_control,pumping,interconnection,total_supply_capacity,company
2016,4,2016-04-01,00:00,2550.0,0.0,2990.0,210.0,－－－－－－－－－－,10.0,0.0,0.0,50.0,0.0,0.0,-710.0,2550.0,yonden
2016,4,2016-04-01,01:00,2720.0,0.0,3130.0,240.0,－－－－－－－－－－,10.0,0.0,0.0,50.0,0.0,0.0,-710.0,2720.0,yonden
2016,4,2016-04-01,02:00,2980.0,0.0,3260.0,330.0,－－－－－－－－－－,10.0,0.0,0.0,50.0,0.0,0.0,-670.0,2980.0,yonden
2016,4,2016-04-01,03:00,3140.0,0.0,3270.0,460.0,－－－－－－－－－－,10.0,0.0,0.0,60.0,0.0,0.0,-660.0,3140.0,yonden
2016,4,2016-04-01,04:00,3110.0,0.0,3260.0,450.0,－－－－－－－－－－,10.0,0.0,0.0,50.0,0.0,0.0,-660.0,3110.0,yonden
2016,4,2016-04-01,05:00,2950.0,0.0,3180.0,340.0,－－－－－－－－－－,10.0,0.0,0.0,60.0,0.0,0.0,-640.0,2950.0,yonden
2016,4,2016-04-01,06:00,2790.0,0.0,3090.0,290.0,－－－－－－－－－－,10.0,20.0,0.0,50.0,0.0,0.0,-670.0,2790.0,yonden
2016,4,2016-04-01,07:00,2810.0,0.0,3080.0,290.0,－－－－－－－－－－,10.0,70.0,0.0,50.0,0.0,0.0,-690.0,2810.0,yonden
2016,4,2016-04-01,08:00,3210.0,0.0,3290.0,380.0,－－－－－－－－－－,10.0,120.0,0.0,60.0,0.0,0.0,-650.0,3210.0,yonden
2016,4,2016-04-01,09:00,3420.0,0.0,3390.0,470.0,－－－－－－－－－－,10.0,140.0,0.0,60.0,0.0,0.0,-650.0,3420.0,yonden
2016,4,2016-04-01,10:00,3490.0,0.0,3390.0,450.0,－－－－－－－－－－,10.0,190.0,0.0,60.0,0.0,0.0,-610.0,3490.0,yonden
2016,4,2016-04-01,11:00,3440.0,0.0,3350.0,400.0,－－－－－－－－－－,10.0,230.0,0.0,70.0,0.0,0.0,-620.0,3440.0,yonden
2016,4,2016-04-01,12:00,3230.0,0.0,3210.0,280.0,－－－－－－－－－－,10.0,280.0,0.0,70.0,0.0,0.0,-620.0,3230.0,yonden
2016,4,2016-04-01,13:00,3380.0,0.0,3400.0,240.0,－－－－－－－－－－,10.0,270.0,0.0,70.0,0.0,0.0,-610.0,3380.0,yonden
2016,4,2016-04-01,14:00,3380.0,0.0,3410.0,260.0,－－－－－－－－－－,10.0,250.0,0.0,60.0,0.0,0.0,-610.0,3380.0,yonden
2016,4,2016-04-01,15:00,3330.0,0.0,3360.0,310.0,－－－－－－－－－－,10.0,210.0,0.0,60.0,0.0,0.0,-620.0,3330.0,yonden
2016,4,2016-04-01,16:00,3290.0,0.0,3340.0,370.0,－－－－－－－－－－,10.0,150.0,0.0,50.0,0.0,0.0,-630.0,3290.0,yonden
2016,4,2016-04-01,17:00,3280.0,0.0,3310.0,480.0,－－－－－－－－－－,10.0,80.0,0.0,60.0,0.0,0.0,-660.0,3280.0,yonden
2016,4,2016-04-01,18:00,3350.0,0.0,3290.0,640.0,－－－－－－－－－－,10.0,10.0,0.0,60.0,0.0,0.0,-660.0,3350.0,yonden
2016,4,2016-04-01,19:00,3290.0,0.0,3240.0,640.0,－－－－－－－－－－,10.0,0.0,0.0,60.0,0.0,0.0,-660.0,3290.0,yonden
2016,4,2016-04-01,20:00,3140.0,0.0,3300.0,450.0,－－－－－－－－－－,10.0,0.0,0.0,40.0,0.0,0.0,-660.0,3140.0,yonden
2016,4,2016-04-01,21:00,2960.0,0.0,3250.0,310.0,－－－－－－－－－－,10.0,0.0,0.0,30.0,0.0,0.0,-640.0,2960.0,yonden
2016,4,2016-04-01,22:00,2750.0,0.0,3100.0,280.0,－－－－－－－－－－,10.0,0.0,0.0,10.0,0.0,0.0,-650.0,2750.0,yonden
2016,4,2016-04-01,23:00,2660.0,0.0,3020.0,270.0,－－－－－－－－－－,10.0,0.0,0.0,10.0,0.0,0.0,-650.0,2660.0,yonden
2016,4,2016-04-02,00:00,2620.0,0.0,2760.0,160.0,－－－－－－－－－－,10.0,0.0,0.0,20.0,0.0,0.0,-330.0,2620.0,yonden
2016,4,2016-04-02,01:00,2680.0,0.0,2580.0,160.0,－－－－－－－－－－,10.0,0.0,0.0,10.0,0.0,0.0,-80.0,2680.0,yonden
2016,4,2016-04-02,02:00,2930.0,0.0,2790.0,210.0,－－－－－－－－－－,10.0,0.0,0.0,0.0,0.0,0.0,-80.0,2930.0,yonden
2016,4,2016-04-02,03:00,3100.0,0.0,2800.0,370.0,－－－－－－－－－－,10.0,0.0,0.0,0.0,0.0,0.0,-80.0,3100.0,yonden
2016,4,2016-04-02,04:00,3080.0,0.0,2770.0,380.0,－－－－－－－－－－,10.0,0.0,0.0,0.0,0.0,0.0,-80.0,3080.0,yonden
2016,4,2016-04-02,05:00,2900.0,0.0,2730.0,230.0,－－－－－－－－－－,10.0,0.0,0.0,10.0,0.0,0.0,-80.0,2900.0,yonden
2016,4,2016-04-02,06:00,2670.0,0.0,2530.0,190.0,－－－－－－－－－－,10.0,60.0,0.0,10.0,0.0,0.0,-130.0,2670.0,yonden
2016,4,2016-04-02,07:00,2500.0,0.0,2320.0,140.0,－－－－－－－－－－,10.0,200.0,0.0,10.0,0.0,0.0,-180.0,2500.0,yonden
2016,4,2016-04-02,08:00,2770.0,0.0,2420.0,140.0,－－－－－－－－－－,10.0,470.0,0.0,10.0,0.0,0.0,-280.0,2770.0,yonden
2016,4,2016-04-02,09:00,2920.0,0.0,2370.0,190.0,－－－－－－－－－－,10.0,750.0,0.0,10.0,0.0,0.0,-410.0,2920.0,yonden
2016,4,2016-04-02,10:00,2970.0,0.0,2230.0,190.0,－－－－－－－－－－,10.0,950.0,0.0,10.0,0.0,0.0,-420.0,2970.0,yonden
2016,4,2016-04-02,11:00,3030.0,0.0,2200.0,170.0,－－－－－－－－－－,10.0,1020.0,0.0,20.0,0.0,0.0,-390.0,3030.0,yonden
2016,4,2016-04-02,12:00,2910.0,0.0,2240.0,150.0,－－－－－－－－－－,10.0,890.0,0.0,30.0,0.0,0.0,-410.0,2910.0,yonden
2016,4,2016-04-02,13:00,2890.0,0.0,2310.0,150.0,－－－－－－－－－－,10.0,770.0,0.0,30.0,0.0,0.0,-380.0,2890.0,yonden
2016,4,2016-04-02,14:00,2880.0,0.0,2390.0,150.0,－－－－－－－－－－,10.0,650.0,0.0,30.0,0.0,0.0,-350.0,2880.0,yonden
2016,4,2016-04-02,15:00,2900.0,0.0,2540.0,150.0,－－－－－－－－－－,10.0,470.0,0.0,30.0,0.0,0.0,-300.0,2900.0,yonden
2016,4,2016-04-02,16:00,2910.0,0.0,2570.0,240.0,－－－－－－－－－－,10.0,270.0,0.0,30.0,0.0,0.0,-210.0,2910.0,yonden
2016,4,2016-04-02,17:00,2920.0,0.0,2620.0,350.0,－－－－－－－－－－,10.0,100.0,0.0,40.0,0.0,0.0,-200.0,2920.0,yonden
2016,4,2016-04-02,18:00,3030.0,0.0,2680.0,480.0,－－－－－－－－－－,10.0,10.0,0.0,50.0,0.0,0.0,-200.0,3030.0,yonden
2016,4,2016-04-02,19:00,3030.0,0.0,2700.0,480.0,－－－－－－－－－－,10.0,0.0,0.0,40.0,0.0,0.0,-200.0,3030.0,yonden
2016,4,2016-04-02,20:00,2920.0,0.0,2710.0,330.0,－－－－－－－－－－,10.0,0.0,0.0,40.0,0.0,0.0,-170.0,2920.0,yonden
2016,4,2016-04-02,21:00,2770.0,0.0,2600.0,200.0,－－－－－－－－－－,10.0,0.0,0.0,40.0,0.0,0.0,-80.0,2770.0,yonden
2016,4,2016-04-02,22:00,2530.0,0.0,2580.0,150.0,－－－－－－－－－－,10.0,0.0,0.0,40.0,0.0,0.0,-250.0,2530.0,yonden
2016,4,2016-04-02,23:00,2440.0,0.0,2550.0,140.0,－－－－－－－－－－,10.0,0.0,0.0,40.0,0.0,0.0,-300.0,2440.0,yonden
2016,4,2016-04-03,00:00,2380.0,0.0,2410.0,120.0,－－－－－－－－－－,10.0,0.0,0.0,50.0,0.0,0.0,-210.0,2380.0,yonden
2016,4,2016-04-03,01:00,2470.0,0.0,2410.0,130.0,－－－－－－－－－－,10.0,0.0,0.0,60.0,0.0,0.0,-140.0,2470.0,yonden
2016,4,2016-04-03,02:00,2720.0,0.0,2540.0,180.0,－－－－－－－－－－,10.0,0.0,0.0,70.0,0.0,0.0,-80.0,2720.0,yonden
2016,4,2016-04-03,03:00,2890.0,0.0,2660.0,270.0,－－－－－－－－－－,10.0,0.0,0.0,40.0,0.0,0.0,-90.0,2890.0,yonden
2016,4,2016-04-03,04:00,2870.0,0.0,2660.0,240.0,－－－－－－－－－－,10.0,0.0,0.0,40.0,0.0,0.0,-80.0,2870.0,yonden
2016,4,2016-04-03,05:00,2650.0,0.0,2530.0,150.0,－－－－－－－－－－,10.0,0.0,0.0,40.0,0.0,0.0,-80.0,2650.0,yonden
2016,4,2016-04-03,06:00,2370.0,0.0,2240.0,160.0,－－－－－－－－－－,10.0,40.0,0.0,50.0,0.0,0.0,-130.0,2370.0,yonden
2016,4,2016-04-03,07:00,2270.0,0.0,2090.0,120.0,－－－－－－－－－－,10.0,100.0,0.0,50.0,0.0,0.0,-100.0,2270.0,yonden
2016,4,2016-04-03,08:00,2370.0,0.0,2240.0,130.0,－－－－－－－－－－,10.0,170.0,0.0,40.0,0.0,0.0,-220.0,2370.0,yonden
2016,4,2016-04-03,09:00,2400.0,0.0,2060.0,180.0,－－－－－－－－－－,10.0,340.0,0.0,40.0,0.0,0.0,-230.0,2400.0,yonden
2016,4,2016-04-03,10:00,2490.0,0.0,2040.0,180.0,－－－－－－－－－－,10.0,430.0,0.0,40.0,0.0,0.0,-210.0,2490.0,yonden
2016,4,2016-04-03,11:00,2480.0,0.0,2040.0,150.0,－－－－－－－－－－,10.0,470.0,0.0,30.0,0.0,0.0,-220.0,2480.0,yonden
2016,4,2016-04-03,12:00,2480.0,0.0,2040.0,140.0,－－－－－－－－－－,10.0,470.0,0.0,40.0,0.0,0.0,-220.0,2480.0,yonden
2016,4,2016-04-03,13:00,2500.0,0.0,2070.0,190.0,－－－－－－－－－－,10.0,390.0,0.0,40.0,0.0,0.0,-200.0,2500.0,yonden
2016,4,2016-04-03,14:00,2520.0,0.0,2210.0,230.0,－－－－－－－－－－,10.0,250.0,0.0,30.0,0.0,0.0,-210.0,2520.0,yonden
2016,4,2016-04-03,15:00,2600.0,0.0,2370.0,270.0,－－－－－－－－－－,10.0,130.0,0.0,40.0,0.0,0.0,-220.0,2600.0,yonden
2016,4,2016-04-03,16:00,2700.0,0.0,2460.0,320.0,－－－－－－－－－－,10.0,70.0,0.0,50.0,0.0,0.0,-210.0,2700.0,yonden
2016,4,2016-04-03,17:00,2860.0,0.0,2580.0,410.0,－－－－－－－－－－,10.0,20.0,0.0,40.0,0.0,0.0,-200.0,2860.0,yonden
2016,4,2016-04-03,18:00,3040.0,0.0,2760.0,500.0,－－－－－－－－－－,10.0,0.0,0.0,40.0,0.0,0.0,-270.0,3040.0,yonden
2016,4,2016-04-03,19:00,2990.0,0.0,2690.0,490.0,－－－－－－－－－－,10.0,0.0,0.0,40.0,0.0,0.0,-240.0,2990.0,yonden
2016,4,2016-04-03,20:00,2880.0,0.0,2600.0,440.0,－－－－－－－－－－,10.0,0.0,0.0,40.0,0.0,0.0,-210.0,2880.0,yonden
2016,4,2016-04-03,21:00,2730.0,0.0,2340.0,460.0,－－－－－－－－－－,10.0,0.0,0.0,30.0,0.0,0.0,-110.0,2730.0,yonden
2016,4,2016-04-03,22:00,2540.0,0.0,2170.0,430.0,－－－－－－－－－－,10.0,0.0,0.0,20.0,0.0,0.0,-90.0,2540.0,yonden
2016,4,2016-04-03,23:00,2430.0,0.0,2290.0,420.0,－－－－－－－－－－,10.0,0.0,0.0,10.0,0.0,0.0,-300.0,2430.0,yonden
2016,4,2016-04-04,00:00,2400.0,0.0,2620.0,410.0,－－－－－－－－－－,10.0,0.0,0.0,10.0,0.0,0.0,-650.0,2400.0,yonden
2016,4,2016-04-04,01:00,2540.0,0.0,2710.0,460.0,－－－－－－－－－－,10.0,0.0,0.0,0.0,0.0,0.0,-640.0,2540.0,yonden
2016,4,2016-04-04,02:00,2770.0,0.0,2760.0,500.0,－－－－－－－－－－,10.0,0.0,0.0,10.0,0.0,0.0,-510.0,2770.0,yonden
2016,4,2016-04-04,03:00,2950.0,0.0,2940.0,540.0,－－－－－－－－－－,10.0,0.0,0.0,0.0,0.0,0.0,-540.0,2950.0,yonden
2016,4,2016-04-04,04:00,2960.0,0.0,2950.0,550.0,－－－－－－－－－－,10.0,0.0,0.0,0.0,0.0,0.0,-550.0,2960.0,yonden
2016,4,2016-04-04,05:00,2830.0,0.0,2850.0,510.0,－－－－－－－－－－,10.0,0.0,0.0,0.0,0.0,0.0,-540.0,2830.0,yonden
2016,4,2016-04-04,06:00,2680.0,0.0,2790.0,510.0,－－－－－－－－－－,10.0,10.0,0.0,0.0,0.0,0.0,-640.0,2680.0,yonden
2016,4,2016-04-04,07:00,2750.0,0.0,2820.0,500.0,－－－－－－－－－－,10.0,40.0,0.0,10.0,0.0,0.0,-630.0,2750.0,yonden
2016,4,2016-04-04,08:00,3130.0,0.0,3130.0,520.0,－－－－－－－－－－,10.0,100.0,0.0,10.0,0.0,0.0,-640.0,3130.0,yonden
2016,4,2016-04-04,09:00,3320.0,0.0,3190.0,580.0,－－－－－－－－－－,10.0,180.0,0.0,10.0,0.0,0.0,-650.0,3320.0,yonden
2016,4,2016-04-04,10:00,3250.0,0.0,2940.0,610.0,－－－－－－－－－－,10.0,330.0,0.0,20.0,0.0,0.0,-660.0,3250.0,yonden
2016,4,2016-04-04,11:00,3310.0,0.0,2740.0,590.0,－－－－－－－－－－,10.0,570.0,0.0,30.0,0.0,0.0,-630.0,3310.0,yonden
2016,4,2016-04-04,12:00,3140.0,0.0,2640.0,520.0,－－－－－－－－－－,10.0,700.0,0.0,40.0,0.0,0.0,-770.0,3140.0,yonden
2016,4,2016-04-04,13:00,3290.0,0.0,2830.0,590.0,－－－－－－－－－－,10.0,620.0,0.0,40.0,0.0,0.0,-800.0,3290.0,yonden
2016,4,2016-04-04,14:00,3360.0,0.0,3150.0,590.0,－－－－－－－－－－,10.0,530.0,0.0,50.0,0.0,0.0,-970.0,3360.0,yonden
2016,4,2016-04-04,15:00,3350.0,0.0,3410.0,610.0,－－－－－－－－－－,10.0,270.0,0.0,60.0,0.0,0.0,-1010.0,3350.0,yonden
2016,4,2016-04-04,16:00,3360.0,0.0,3390.0,600.0,－－－－－－－－－－,10.0,110.0,0.0,70.0,0.0,0.0,-820.0,3360.0,yonden
2016,4,2016-04-04,17:00,3290.0,0.0,3270.0,610.0,－－－－－－－－－－,10.0,30.0,0.0,60.0,0.0,0.0,-690.0,3290.0,yonden
2016,4,2016-04-04,18:00,3330.0,0.0,3290.0,640.0,－－－－－－－－－－,10.0,0.0,0.0,60.0,0.0,0.0,-670.0,3330.0,yonden
2016,4,2016-04-04,19:00,3240.0,0.0,3220.0,600.0,－－－－－－－－－－,0.0,0.0,0.0,70.0,0.0,0.0,-650.0,3240.0,yonden
2016,4,2016-04-04,20:00,3080.0,0.0,3040.0,590.0,－－－－－－－－－－,10.0,0.0,0.0,80.0,0.0,0.0,-640.0,3080.0,yonden
2016,4,2016-04-04,21:00,2900.0,0.0,2920.0,570.0,－－－－－－－－－－,10.0,0.0,0.0,80.0,0.0,0.0,-680.0,2900.0,yonden
2016,4,2016-04-04,22:00,2700.0,0.0,2740.0,530.0,－－－－－－－－－－,10.0,0.0,0.0,60.0,0.0,0.0,-640.0,2700.0,yonden
2016,4,2016-04-04,23:00,2590.0,0.0,2640.0,520.0,－－－－－－－－－－,10.0,0.0,0.0,60.0,0.0,0.0,-640.0,2590.0,yonden
2016,4,2016-04-05,00:00,2600.0,0.0,2690.0,510.0,－－－－－－－－－－,10.0,0.0,0.0,60.0,0.0,0.0,-670.0,2600.0,yonden
2016,4,2016-04-05,01:00,2700.0,0.0,2680.0,520.0,－－－－－－－－－－,10.0,0.0,0.0,70.0,0.0,0.0,-580.0,2700.0,yonden
2016,4,2016-04-05,02:00,2970.0,0.0,2940.0,600.0,－－－－－－－－－－,10.0,0.0,0.0,80.0,0.0,0.0,-660.0,2970.0,yonden
2016,4,2016-04-05,03:00,3160.0,0.0,3150.0,620.0,－－－－－－－－－－,10.0,0.0,0.0,70.0,0.0,0.0,-690.0,3160.0,yonden
2016,4,2016-04-05,04:00,3160.0,0.0,3170.0,600.0,－－－－－－－－－－,10.0,0.0,0.0,50.0,0.0,0.0,-670.0,3160.0,yonden
2016,4,2016-04-05,05:00,3020.0,0.0,3030.0,560.0,－－－－－－－－－－,10.0,0.0,0.0,50.0,0.0,0.0,-630.0,3020.0,yonden
2016,4,2016-04-05,06:00,2900.0,0.0,2890.0,570.0,－－－－－－－－－－,10.0,40.0,0.0,50.0,0.0,0.0,-660.0,2900.0,yonden
2016,4,2016-04-05,07:00,2840.0,0.0,2770.0,550.0,－－－－－－－－－－,10.0,130.0,0.0,50.0,0.0,0.0,-670.0,2840.0,yonden
2016,4,2016-04-05,08:00,3090.0,0.0,3000.0,600.0,－－－－－－－－－－,10.0,310.0,0.0,20.0,0.0,0.0,-850.0,3090.0,yonden
2016,4,2016-04-05,09:00,3250.0,0.0,2950.0,590.0,－－－－－－－－－－,10.0,600.0,0.0,20.0,0.0,0.0,-920.0,3250.0,yonden
2016,4,2016-04-05,10:00,3330.0,0.0,2870.0,560.0,－－－－－－－－－－,10.0,910.0,0.0,20.0,0.0,0.0,-1040.0,3330.0,yonden
2016,4,2016-04-05,11:00,3380.0,0.0,2870.0,530.0,－－－－－－－－－－,10.0,1080.0,0.0,20.0,0.0,0.0,-1130.0,3380.0,yonden
2016,4,2016-04-05,12:00,3220.0,0.0,2780.0,460.0,－－－－－－－－－－,10.0,1210.0,0.0,20.0,0.0,0.0,-1260.0,3220.0,yonden
2016,4,2016-04-05,13:00,3420.0,0.0,2910.0,500.0,－－－－－－－－－－,10.0,1060.0,0.0,20.0,0.0,0.0,-1080.0,3420.0,yonden
2016,4,2016-04-05,14:00,3380.0,0.0,2830.0,560.0,－－－－－－－－－－,10.0,860.0,0.0,10.0,0.0,0.0,-890.0,3380.0,yonden
2016,4,2016-04-05,15:00,3290.0,0.0,2950.0,590.0,－－－－－－－－－－,10.0,580.0,0.0,30.0,0.0,0.0,-870.0,3290.0,yonden
2016,4,2016-04-05,16:00,3270.0,0.0,3190.0,620.0,－－－－－－－－－－,10.0,300.0,0.0,40.0,0.0,0.0,-890.0,3270.0,yonden
2016,4,2016-04-05,17:00,3230.0,0.0,3320.0,650.0,－－－－－－－－－－,10.0,110.0,0.0,50.0,0.0,0.0,-910.0,3230.0,yonden
2016,4,2016-04-05,18:00,3330.0,0.0,3390.0,740.0,－－－－－－－－－－,10.0,10.0,0.0,60.0,0.0,0.0,-880.0,3330.0,yonden
2016,4,2016-04-05,19:00,3320.0,0.0,3380.0,720.0,－－－－－－－－－－,10.0,0.0,0.0,50.0,0.0,0.0,-840.0,3320.0,yonden
2016,4,2016-04-05,20:00,3160.0,0.0,3370.0,560.0,－－－－－－－－－－,10.0,0.0,0.0,50.0,0.0,0.0,-830.0,3160.0,yonden
2016,4,2016-04-05,21:00,2980.0,0.0,3270.0,520.0,－－－－－－－－－－,10.0,0.0,0.0,50.0,0.0,0.0,-870.0,2980.0,yonden
2016,4,2016-04-05,22:00,2830.0,0.0,3220.0,460.0,－－－－－－－－－－,10.0,0.0,0.0,40.0,0.0,0.0,-900.0,2830.0,yonden
2016,4,2016-04-05,23:00,2750.0,0.0,3050.0,430.0,－－－－－－－－－－,10.0,0.0,0.0,40.0,0.0,0.0,-780.0,2750.0,yonden
2016,4,2016-04-06,00:00,2710.0,0.0,2920.0,410.0,－－－－－－－－－－,10.0,0.0,0.0,40.0,0.0,0.0,-670.0,2710.0,yonden
2016,4,2016-04-06,01:00,2780.0,0.0,2770.0,500.0,－－－－－－－－－－,10.0,0.0,0.0,50.0,0.0,0.0,-550.0,2780.0,yonden
2016,4,2016-04-06,02:00,3020.0,0.0,2920.0,590.0,－－－－－－－－－－,10.0,0.0,0.0,50.0,0.0,0.0,-550.0,3020.0,yonden
2016,4,2016-04-06,03:00,3240.0,0.0,3120.0,620.0,－－－－－－－－－－,10.0,0.0,0.0,40.0,0.0,0.0,-550.0,3240.0,yonden
2016,4,2016-04-06,04:00,3260.0,0.0,3130.0,620.0,－－－－－－－－－－,10.0,0.0,0.0,40.0,0.0,0.0,-540.0,3260.0,yonden
2016,4,2016-04-06,05:00,3100.0,0.0,3070.0,500.0,－－－－－－－－－－,10.0,0.0,0.0,30.0,0.0,0.0,-510.0,3100.0,yonden
2016,4,2016-04-06,06:00,2940.0,0.0,2870.0,530.0,－－－－－－－－－－,10.0,110.0,0.0,20.0,0.0,0.0,-600.0,2940.0,yonden
2016,4,2016-04-06,07:00,2830.0,0.0,2680.0,570.0,－－－－－－－－－－,10.0,350.0,0.0,10.0,0.0,0.0,-790.0,2830.0,yonden
2016,4,2016-04-06,08:00,3090.0,0.0,2740.0,580.0,－－－－－－－－－－,10.0,640.0,0.0,0.0,0.0,0.0,-880.0,3090.0,yonden
2016,4,2016-04-06,09:00,3240.0,0.0,2770.0,600.0,－－－－－－－－－－,10.0,950.0,0.0,0.0,0.0,0.0,-1090.0,3240.0,yonden
2016,4,2016-04-06,10:00,3280.0,0.0,2630.0,550.0,－－－－－－－－－－,10.0,1160.0,0.0,0.0,0.0,0.0,-1070.0,3280.0,yonden
2016,4,2016-04-06,11:00,3340.0,0.0,2550.0,490.0,－－－－－－－－－－,10.0,1290.0,0.0,0.0,0.0,0.0,-1000.0,3340.0,yonden
2016,4,2016-04-06,12:00,3110.0,0.0,2250.0,360.0,－－－－－－－－－－,10.0,1290.0,0.0,0.0,0.0,0.0,-800.0,3110.0,yonden
2016,4,2016-04-06,13:00,3350.0,0.0,2600.0,510.0,－－－－－－－－－－,10.0,1130.0,0.0,10.0,0.0,0.0,-910.0,3350.0,yonden
2016,4,2016-04-06,14:00,3320.0,0.0,2860.0,520.0,－－－－－－－－－－,10.0,840.0,0.0,10.0,0.0,0.0,-920.0,3320.0,yonden
2016,4,2016-04-06,15:00,3230.0,0.0,2990.0,480.0,－－－－－－－－－－,10.0,570.0,0.0,20.0,0.0,0.0,-840.0,3230.0,yonden
2016,4,2016-04-06,16:00,3290.0,0.0,3220.0,550.0,－－－－－－－－－－,10.0,280.0,0.0,50.0,0.0,0.0,-820.0,3290.0,yonden
2016,4,2016-04-06,17:00,3240.0,0.0,3260.0,670.0,－－－－－－－－－－,10.0,80.0,0.0,70.0,0.0,0.0,-850.0,3240.0,yonden
2016,4,2016-04-06,18:00,3310.0,0.0,3250.0,710.0,－－－－－－－－－－,10.0,10.0,0.0,70.0,0.0,0.0,-740.0,3310.0,yonden
2016,4,2016-04-06,19:00,3250.0,0.0,3220.0,660.0,－－－－－－－－－－,10.0,0.0,0.0,90.0,0.0,0.0,-730.0,3250.0,yonden
2016,4,2016-04-06,20:00,3080.0,0.0,3180.0,530.0,－－－－－－－－－－,10.0,0.0,0.0,90.0,0.0,0.0,-730.0,3080.0,yonden
2016,4,2016-04-06,21:00,2890.0,0.0,3000.0,480.0,－－－－－－－－－－,10.0,0.0,0.0,80.0,0.0,0.0,-680.0,2890.0,yonden
2016,4,2016-04-06,22:00,2740.0,0.0,2870.0,430.0,－－－－－－－－－－,10.0,0.0,0.0,90.0,0.0,0.0,-660.0,2740.0,yonden
2016,4,2016-04-06,23:00,2670.0,0.0,2820.0,410.0,－－－－－－－－－－,10.0,0.0,0.0,100.0,0.0,0.0,-670.0,2670.0,yonden
2016,4,2016-04-07,00:00,2610.0,0.0,2810.0,400.0,－－－－－－－－－－,10.0,0.0,0.0,90.0,0.0,0.0,-700.0,2610.0,yonden
2016,4,2016-04-07,01:00,2700.0,0.0,2790.0,460.0,－－－－－－－－－－,10.0,0.0,0.0,90.0,0.0,0.0,-650.0,2700.0,yonden
2016,4,2016-04-07,02:00,2960.0,0.0,2970.0,510.0,－－－－－－－－－－,10.0,0.0,0.0,90.0,0.0,0.0,-620.0,2960.0,yonden
2016,4,2016-04-07,03:00,3130.0,0.0,3090.0,520.0,－－－－－－－－－－,10.0,0.0,0.0,90.0,0.0,0.0,-580.0,3130.0,yonden
2016,4,2016-04-07,04:00,3150.0,0.0,3100.0,500.0,－－－－－－－－－－,10.0,0.0,0.0,90.0,0.0,0.0,-550.0,3150.0,yonden
2016,4,2016-04-07,05:00,3000.0,0.0,3000.0,490.0,－－－－－－－－－－,10.0,0.0,0.0,90.0,0.0,0.0,-590.0,3000.0,yonden
2016,4,2016-04-07,06:00,2820.0,0.0,2890.0,490.0,－－－－－－－－－－,10.0,10.0,0.0,90.0,0.0,0.0,-670.0,2820.0,yonden
2016,4,2016-04-07,07:00,2860.0,0.0,2940.0,510.0,－－－－－－－－－－,10.0,30.0,0.0,90.0,0.0,0.0,-720.0,2860.0,yonden
2016,4,2016-04-07,08:00,3260.0,0.0,3410.0,540.0,－－－－－－－－－－,10.0,60.0,0.0,80.0,0.0,10.0,-850.0,3260.0,yonden
2016,4,2016-04-07,09:00,3440.0,0.0,3520.0,580.0,－－－－－－－－－－,10.0,100.0,0.0,80.0,0.0,160.0,-1010.0,3440.0,yonden
2016,4,2016-04-07,10:00,3440.0,0.0,3450.0,590.0,－－－－－－－－－－,10.0,150.0,0.0,90.0,0.0,140.0,-990.0,3440.0,yonden
2016,4,2016-04-07,11:00,3410.0,0.0,3290.0,640.0,－－－－－－－－－－,10.0,190.0,0.0,90.0,0.0,80.0,-890.0,3410.0,yonden
2016,4,2016-04-07,12:00,3230.0,0.0,3200.0,630.0,－－－－－－－－－－,10.0,190.0,0.0,80.0,0.0,0.0,-880.0,3230.0,yonden
2016,4,2016-04-07,13:00,3520.0,0.0,3460.0,630.0,－－－－－－－－－－,10.0,150.0,0.0,70.0,0.0,0.0,-800.0,3520.0,yonden
2016,4,2016-04-07,14:00,3450.0,0.0,3400.0,630.0,－－－－－－－－－－,10.0,180.0,0.0,70.0,0.0,0.0,-840.0,3450.0,yonden
2016,4,2016-04-07,15:00,3440.0,0.0,3390.0,620.0,－－－－－－－－－－,10.0,160.0,0.0,50.0,0.0,0.0,-790.0,3440.0,yonden
2016,4,2016-04-07,16:00,3470.0,0.0,3500.0,640.0,－－－－－－－－－－,10.0,50.0,0.0,70.0,0.0,0.0,-800.0,3470.0,yonden
2016,4,2016-04-07,17:00,3450.0,0.0,3510.0,650.0,－－－－－－－－－－,10.0,20.0,0.0,70.0,0.0,0.0,-810.0,3450.0,yonden
2016,4,2016-04-07,18:00,3440.0,0.0,3440.0,660.0,－－－－－－－－－－,10.0,0.0,0.0,70.0,0.0,0.0,-740.0,3440.0,yonden
2016,4,2016-04-07,19:00,3300.0,0.0,3270.0,670.0,－－－－－－－－－－,10.0,0.0,0.0,70.0,0.0,0.0,-720.0,3300.0,yonden
2016,4,2016-04-07,20:00,3130.0,0.0,3180.0,640.0,－－－－－－－－－－,10.0,0.0,0.0,70.0,0.0,0.0,-770.0,3130.0,yonden
2016,4,2016-04-07,21:00,2920.0,0.0,2900.0,640.0,－－－－－－－－－－,10.0,0.0,0.0,70.0,0.0,0.0,-700.0,2920.0,yonden
2016,4,2016-04-07,22:00,2760.0,0.0,2760.0,650.0,－－－－－－－－－－,10.0,0.0,0.0,80.0,0.0,0.0,-740.0,2760.0,yonden
2016,4,2016-04-07,23:00,2680.0,0.0,2640.0,650.0,－－－－－－－－－－,10.0,0.0,0.0,60.0,0.0,0.0,-680.0,2680.0,yonden
2016,4,2016-04-08,00:00,2590.0,0.0,2520.0,630.0,－－－－－－－－－－,10.0,0.0,0.0,70.0,0.0,0.0,-640.0,2590.0,yonden
2016,4,2016-04-08,01:00,2680.0,0.0,2460.0,630.0,－－－－－－－－－－,10.0,0.0,0.0,90.0,0.0,0.0,-510.0,2680.0,yonden
2016,4,2016-04-08,02:00,2920.0,0.0,2700.0,630.0,－－－－－－－－－－,10.0,0.0,0.0,90.0,0.0,0.0,-510.0,2920.0,yonden
2016,4,2016-04-08,03:00,3110.0,0.0,2880.0,640.0,－－－－－－－－－－,10.0,0.0,0.0,90.0,0.0,0.0,-510.0,3110.0,yonden
2016,4,2016-04-08,04:00,3120.0,0.0,2910.0,640.0,－－－－－－－－－－,10.0,0.0,0.0,70.0,0.0,0.0,-510.0,3120.0,yonden
2016,4,2016-04-08,05:00,2970.0,0.0,2800.0,620.0,－－－－－－－－－－,10.0,0.0,0.0,50.0,0.0,0.0,-510.0,2970.0,yonden
2016,4,2016-04-08,06:00,2850.0,0.0,2720.0,630.0,－－－－－－－－－－,10.0,50.0,0.0,50.0,0.0,0.0,-610.0,2850.0,yonden
2016,4,2016-04-08,07:00,2670.0,0.0,2560.0,580.0,－－－－－－－－－－,10.0,190.0,0.0,50.0,0.0,0.0,-720.0,2670.0,yonden
2016,4,2016-04-08,08:00,2960.0,0.0,2540.0,630.0,－－－－－－－－－－,10.0,450.0,0.0,50.0,0.0,0.0,-720.0,2960.0,yonden
2016,4,2016-04-08,09:00,3180.0,0.0,2780.0,660.0,－－－－－－－－－－,10.0,600.0,0.0,40.0,0.0,0.0,-910.0,3180.0,yonden
2016,4,2016-04-08,10:00,3220.0,0.0,2690.0,650.0,－－－－－－－－－－,10.0,610.0,0.0,40.0,0.0,0.0,-780.0,3220.0,yonden
2016,4,2016-04-08,11:00,3160.0,0.0,2640.0,670.0,－－－－－－－－－－,10.0,610.0,0.0,30.0,0.0,0.0,-800.0,3160.0,yonden
2016,4,2016-04-08,12:00,2970.0,0.0,2500.0,620.0,－－－－－－－－－－,10.0,620.0,0.0,30.0,0.0,0.0,-810.0,2970.0,yonden
2016,4,2016-04-08,13:00,3180.0,0.0,2810.0,650.0,－－－－－－－－－－,10.0,520.0,0.0,20.0,0.0,0.0,-830.0,3180.0,yonden
2016,4,2016-04-08,14:00,3120.0,0.0,2890.0,630.0,－－－－－－－－－－,10.0,450.0,0.0,10.0,0.0,0.0,-870.0,3120.0,yonden
2016,4,2016-04-08,15:00,3070.0,0.0,2820.0,620.0,－－－－－－－－－－,10.0,470.0,0.0,10.0,0.0,0.0,-860.0,3070.0,yonden
2016,4,2016-04-08,16:00,3120.0,0.0,2900.0,670.0,－－－－－－－－－－,10.0,420.0,0.0,10.0,0.0,0.0,-890.0,3120.0,yonden
2016,4,2016-04-08,17:00,3100.0,0.0,3050.0,700.0,－－－－－－－－－－,10.0,190.0,0.0,0.0,0.0,0.0,-850.0,3100.0,yonden
2016,4,2016-04-08,18:00,3180.0,0.0,3180.0,680.0,－－－－－－－－－－,10.0,20.0,0.0,10.0,0.0,0.0,-720.0,3180.0,yonden
2016,4,2016-04-08,19:00,3170.0,0.0,3190.0,660.0,－－－－－－－－－－,10.0,0.0,0.0,10.0,0.0,0.0,-700.0,3170.0,yonden
2016,4,2016-04-08,20:00,3040.0,0.0,3160.0,640.0,－－－－－－－－－－,10.0,0.0,0.0,10.0,0.0,0.0,-780.0,3040.0,yonden
2016,4,2016-04-08,21:00,2860.0,0.0,2960.0,630.0,－－－－－－－－－－,10.0,0.0,0.0,0.0,0.0,0.0,-740.0,2860.0,yonden
2016,4,2016-04-08,22:00,2660.0,0.0,2630.0,590.0,－－－－－－－－－－,10.0,0.0,0.0,0.0,0.0,0.0,-570.0,2660.0,yonden
2016,4,2016-04-08,23:00,2570.0,0.0,2580.0,600.0,－－－－－－－－－－,10.0,0.0,0.0,0.0,0.0,0.0,-620.0,2570.0,yonden
2016,4,2016-04-09,00:00,2490.0,0.0,2080.0,620.0,－－－－－－－－－－,10.0,0.0,0.0,0.0,0.0,0.0,-220.0,2490.0,yonden
2016,4,2016-04-09,01:00,2590.0,0.0,2010.0,620.0,－－－－－－－－－－,10.0,0.0,0.0,0.0,0.0,0.0,-50.0,2590.0,yonden
2016,4,2016-04-09,02:00,2850.0,0.0,2270.0,600.0,－－－－－－－－－－,10.0,0.0,0.0,0.0,0.0,0.0,-30.0,2850.0,yonden
2016,4,2016-04-09,03:00,3040.0,0.0,2420.0,650.0,－－－－－－－－－－,10.0,0.0,0.0,0.0,0.0,0.0,-40.0,3040.0,yonden
2016,4,2016-04-09,04:00,3020.0,0.0,2410.0,650.0,－－－－－－－－－－,10.0,0.0,0.0,0.0,0.0,0.0,-50.0,3020.0,yonden
2016,4,2016-04-09,05:00,2820.0,0.0,2220.0,630.0,－－－－－－－－－－,10.0,0.0,0.0,0.0,0.0,0.0,-40.0,2820.0,yonden
2016,4,2016-04-09,06:00,2550.0,0.0,2020.0,600.0,－－－－－－－－－－,10.0,50.0,0.0,0.0,0.0,0.0,-130.0,2550.0,yonden
2016,4,2016-04-09,07:00,2410.0,0.0,1830.0,590.0,－－－－－－－－－－,10.0,210.0,0.0,0.0,0.0,0.0,-230.0,2410.0,yonden
2016,4,2016-04-09,08:00,2500.0,0.0,1690.0,510.0,－－－－－－－－－－,10.0,510.0,0.0,0.0,0.0,0.0,-220.0,2500.0,yonden
2016,4,2016-04-09,09:00,2620.0,0.0,1610.0,510.0,－－－－－－－－－－,10.0,800.0,0.0,0.0,0.0,0.0,-310.0,2620.0,yonden
2016,4,2016-04-09,10:00,2740.0,0.0,1660.0,500.0,－－－－－－－－－－,10.0,960.0,0.0,0.0,0.0,0.0,-390.0,2740.0,yonden
2016,4,2016-04-09,11:00,2690.0,0.0,1670.0,530.0,－－－－－－－－－－,10.0,990.0,0.0,0.0,0.0,-150.0,-360.0,2690.0,yonden
2016,4,2016-04-09,12:00,2620.0,0.0,1760.0,600.0,－－－－－－－－－－,10.0,1070.0,0.0,0.0,0.0,-560.0,-260.0,2620.0,yonden
2016,4,2016-04-09,13:00,2700.0,0.0,1740.0,540.0,－－－－－－－－－－,10.0,980.0,0.0,10.0,0.0,-320.0,-260.0,2700.0,yonden
2016,4,2016-04-09,14:00,2650.0,0.0,1740.0,570.0,－－－－－－－－－－,10.0,810.0,0.0,20.0,0.0,-300.0,-200.0,2650.0,yonden
2016,4,2016-04-09,15:00,2650.0,0.0,1740.0,580.0,－－－－－－－－－－,10.0,620.0,0.0,30.0,0.0,-150.0,-180.0,2650.0,yonden
2016,4,2016-04-09,16:00,2650.0,0.0,1780.0,600.0,－－－－－－－－－－,10.0,390.0,0.0,40.0,0.0,0.0,-170.0,2650.0,yonden
2016,4,2016-04-09,17:00,2690.0,0.0,1880.0,610.0,－－－－－－－－－－,10.0,160.0,0.0,40.0,0.0,130.0,-140.0,2690.0,yonden
2016,4,2016-04-09,18:00,2840.0,0.0,2130.0,670.0,－－－－－－－－－－,10.0,10.0,0.0,50.0,0.0,300.0,-330.0,2840.0,yonden
2016,4,2016-04-09,19:00,2890.0,0.0,2250.0,670.0,－－－－－－－－－－,10.0,0.0,0.0,50.0,0.0,290.0,-380.0,2890.0,yonden
2016,4,2016-04-09,20:00,2780.0,0.0,2100.0,610.0,－－－－－－－－－－,10.0,0.0,0.0,60.0,0.0,290.0,-290.0,2780.0,yonden
2016,4,2016-04-09,21:00,2620.0,0.0,1890.0,550.0,－－－－－－－－－－,10.0,0.0,0.0,60.0,0.0,270.0,-160.0,2620.0,yonden
2016,4,2016-04-09,22:00,2450.0,0.0,1890.0,560.0,－－－－－－－－－－,10.0,0.0,0.0,70.0,0.0,130.0,-210.0,2450.0,yonden
2016,4,2016-04-09,23:00,2370.0,0.0,1950.0,550.0,－－－－－－－－－－,10.0,0.0,0.0,60.0,0.0,0.0,-200.0,2370.0,yonden
2016,4,2016-04-10,00:00,2310.0,0.0,1920.0,500.0,－－－－－－－－－－,10.0,0.0,0.0,50.0,0.0,0.0,-170.0,2310.0,yonden
2016,4,2016-04-10,01:00,2400.0,0.0,2010.0,500.0,－－－－－－－－－－,10.0,0.0,0.0,30.0,0.0,0.0,-150.0,2400.0,yonden
2016,4,2016-04-10,02:00,2640.0,0.0,2200.0,540.0,－－－－－－－－－－,10.0,0.0,0.0,10.0,0.0,40.0,-160.0,2640.0,yonden
2016,4,2016-04-10,03:00,2840.0,0.0,2120.0,610.0,－－－－－－－－－－,10.0,0.0,0.0,0.0,0.0,280.0,-180.0,2840.0,yonden
2016,4,2016-04-10,04:00,2870.0,0.0,2180.0,560.0,－－－－－－－－－－,10.0,0.0,0.0,0.0,0.0,270.0,-150.0,2870.0,yonden
2016,4,2016-04-10,05:00,2690.0,0.0,2260.0,550.0,－－－－－－－－－－,10.0,0.0,0.0,0.0,0.0,10.0,-140.0,2690.0,yonden
2016,4,2016-04-10,06:00,2350.0,0.0,2020.0,460.0,－－－－－－－－－－,10.0,50.0,0.0,0.0,0.0,0.0,-190.0,2350.0,yonden
2016,4,2016-04-10,07:00,2210.0,0.0,1800.0,440.0,－－－－－－－－－－,10.0,160.0,0.0,0.0,0.0,0.0,-200.0,2210.0,yonden
2016,4,2016-04-10,08:00,2330.0,0.0,1870.0,470.0,－－－－－－－－－－,10.0,270.0,0.0,0.0,0.0,0.0,-290.0,2330.0,yonden
2016,4,2016-04-10,09:00,2440.0,0.0,1890.0,490.0,－－－－－－－－－－,10.0,330.0,0.0,0.0,0.0,0.0,-280.0,2440.0,yonden
2016,4,2016-04-10,10:00,2470.0,0.0,2060.0,490.0,－－－－－－－－－－,10.0,350.0,0.0,0.0,0.0,0.0,-440.0,2470.0,yonden
2016,4,2016-04-10,11:00,2470.0,0.0,2130.0,480.0,－－－－－－－－－－,10.0,350.0,0.0,0.0,0.0,0.0,-500.0,2470.0,yonden
2016,4,2016-04-10,12:00,2470.0,0.0,2240.0,590.0,－－－－－－－－－－,10.0,340.0,0.0,0.0,0.0,-300.0,-410.0,2470.0,yonden
2016,4,2016-04-10,13:00,2420.0,0.0,2040.0,600.0,－－－－－－－－－－,10.0,400.0,0.0,0.0,0.0,-300.0,-330.0,2420.0,yonden
2016,4,2016-04-10,14:00,2360.0,0.0,1900.0,550.0,－－－－－－－－－－,10.0,480.0,0.0,0.0,0.0,-300.0,-280.0,2360.0,yonden
2016,4,2016-04-10,15:00,2420.0,0.0,1800.0,460.0,－－－－－－－－－－,10.0,520.0,0.0,0.0,0.0,-50.0,-320.0,2420.0,yonden
2016,4,2016-04-10,16:00,2520.0,0.0,1870.0,470.0,－－－－－－－－－－,10.0,350.0,0.0,0.0,0.0,0.0,-180.0,2520.0,yonden
2016,4,2016-04-10,17:00,2670.0,0.0,2100.0,570.0,－－－－－－－－－－,10.0,130.0,0.0,0.0,0.0,0.0,-140.0,2670.0,yonden
2016,4,2016-04-10,18:00,2860.0,0.0,2300.0,700.0,－－－－－－－－－－,10.0,10.0,0.0,0.0,0.0,0.0,-160.0,2860.0,yonden
2016,4,2016-04-10,19:00,2890.0,0.0,2370.0,650.0,－－－－－－－－－－,10.0,0.0,0.0,0.0,0.0,0.0,-140.0,2890.0,yonden
2016,4,2016-04-10,20:00,2780.0,0.0,2330.0,570.0,－－－－－－－－－－,10.0,0.0,0.0,10.0,0.0,0.0,-140.0,2780.0,yonden
2016,4,2016-04-10,21:00,2630.0,0.0,2230.0,520.0,－－－－－－－－－－,10.0,0.0,0.0,0.0,0.0,0.0,-130.0,2630.0,yonden
2016,4,2016-04-10,22:00,2450.0,0.0,1980.0,480.0,－－－－－－－－－－,10.0,0.0,0.0,10.0,0.0,0.0,-30.0,2450.0,yonden
2016,4,2016-04-10,23:00,2340.0,0.0,1960.0,430.0,－－－－－－－－－－,10.0,0.0,0.0,10.0,0.0,0.0,-70.0,2340.0,yonden
2016,4,2016-04-11,00:00,2290.0,0.0,1880.0,410.0,－－－－－－－－－－,10.0,0.0,0.0,10.0,0.0,0.0,-20.0,2290.0,yonden
2016,4,2016-04-11,01:00,2400.0,0.0,1970.0,410.0,－－－－－－－－－－,10.0,0.0,0.0,30.0,0.0,0.0,-20.0,2400.0,yonden
2016,4,2016-04-11,02:00,2660.0,0.0,2140.0,510.0,－－－－－－－－－－,10.0,0.0,0.0,50.0,0.0,0.0,-50.0,2660.0,yonden
2016,4,2016-04-11,03:00,2880.0,0.0,2410.0,590.0,－－－－－－－－－－,10.0,0.0,0.0,70.0,0.0,0.0,-200.0,2880.0,yonden
2016,4,2016-04-11,04:00,2900.0,0.0,2800.0,570.0,－－－－－－－－－－,10.0,0.0,0.0,100.0,0.0,0.0,-580.0,2900.0,yonden
2016,4,2016-04-11,05:00,2790.0,0.0,2730.0,530.0,－－－－－－－－－－,10.0,0.0,0.0,100.0,0.0,0.0,-580.0,2790.0,yonden
2016,4,2016-04-11,06:00,2700.0,0.0,2630.0,520.0,－－－－－－－－－－,10.0,30.0,0.0,90.0,0.0,0.0,-580.0,2700.0,yonden
2016,4,2016-04-11,07:00,2710.0,0.0,2570.0,500.0,－－－－－－－－－－,10.0,90.0,0.0,110.0,0.0,0.0,-570.0,2710.0,yonden
2016,4,2016-04-11,08:00,3010.0,0.0,2780.0,520.0,－－－－－－－－－－,10.0,210.0,0.0,100.0,0.0,0.0,-610.0,3010.0,yonden
2016,4,2016-04-11,09:00,3050.0,0.0,2600.0,470.0,－－－－－－－－－－,10.0,500.0,0.0,100.0,0.0,0.0,-630.0,3050.0,yonden
2016,4,2016-04-11,10:00,3060.0,0.0,2300.0,470.0,－－－－－－－－－－,10.0,840.0,0.0,100.0,0.0,0.0,-660.0,3060.0,yonden
2016,4,2016-04-11,11:00,3240.0,0.0,2270.0,460.0,－－－－－－－－－－,10.0,1120.0,0.0,100.0,0.0,0.0,-720.0,3240.0,yonden
2016,4,2016-04-11,12:00,2960.0,0.0,2390.0,390.0,－－－－－－－－－－,10.0,1180.0,0.0,100.0,0.0,-260.0,-850.0,2960.0,yonden
2016,4,2016-04-11,13:00,3210.0,0.0,2400.0,390.0,－－－－－－－－－－,10.0,1270.0,0.0,90.0,0.0,-300.0,-650.0,3210.0,yonden
2016,4,2016-04-11,14:00,3220.0,0.0,2410.0,430.0,－－－－－－－－－－,10.0,1190.0,0.0,70.0,0.0,-290.0,-600.0,3220.0,yonden
2016,4,2016-04-11,15:00,3170.0,0.0,2400.0,420.0,－－－－－－－－－－,10.0,940.0,0.0,60.0,0.0,-50.0,-610.0,3170.0,yonden
2016,4,2016-04-11,16:00,3220.0,0.0,2720.0,530.0,－－－－－－－－－－,10.0,620.0,0.0,50.0,0.0,0.0,-710.0,3220.0,yonden
2016,4,2016-04-11,17:00,3210.0,0.0,3080.0,560.0,－－－－－－－－－－,10.0,290.0,0.0,50.0,0.0,0.0,-780.0,3210.0,yonden
2016,4,2016-04-11,18:00,3240.0,0.0,3130.0,690.0,－－－－－－－－－－,10.0,30.0,0.0,50.0,0.0,0.0,-670.0,3240.0,yonden
2016,4,2016-04-11,19:00,3270.0,0.0,3260.0,590.0,－－－－－－－－－－,10.0,0.0,0.0,50.0,0.0,0.0,-640.0,3270.0,yonden
2016,4,2016-04-11,20:00,3150.0,0.0,3210.0,530.0,－－－－－－－－－－,10.0,0.0,0.0,50.0,0.0,0.0,-650.0,3150.0,yonden
2016,4,2016-04-11,21:00,2970.0,0.0,3080.0,480.0,－－－－－－－－－－,10.0,0.0,0.0,30.0,0.0,0.0,-630.0,2970.0,yonden
2016,4,2016-04-11,22:00,2820.0,0.0,2930.0,430.0,－－－－－－－－－－,10.0,0.0,0.0,30.0,0.0,0.0,-580.0,2820.0,yonden
2016,4,2016-04-11,23:00,2700.0,0.0,2770.0,400.0,－－－－－－－－－－,10.0,0.0,0.0,40.0,0.0,0.0,-520.0,2700.0,yonden
2016,4,2016-04-12,00:00,2630.0,0.0,2650.0,380.0,－－－－－－－－－－,10.0,0.0,0.0,50.0,0.0,0.0,-460.0,2630.0,yonden
2016,4,2016-04-12,01:00,2740.0,0.0,2740.0,380.0,－－－－－－－－－－,10.0,0.0,0.0,60.0,0.0,0.0,-450.0,2740.0,yonden
2016,4,2016-04-12,02:00,2990.0,0.0,2980.0,440.0,－－－－－－－－－－,10.0,0.0,0.0,60.0,0.0,0.0,-500.0,2990.0,yonden
2016,4,2016-04-12,03:00,3210.0,0.0,3100.0,600.0,－－－－－－－－－－,10.0,0.0,0.0,40.0,0.0,0.0,-540.0,3210.0,yonden
2016,4,2016-04-12,04:00,3240.0,0.0,3110.0,590.0,－－－－－－－－－－,10.0,0.0,0.0,50.0,0.0,0.0,-520.0,3240.0,yonden
2016,4,2016-04-12,05:00,3160.0,0.0,3070.0,540.0,－－－－－－－－－－,10.0,0.0,0.0,40.0,0.0,0.0,-500.0,3160.0,yonden
2016,4,2016-04-12,06:00,3060.0,0.0,2930.0,510.0,－－－－－－－－－－,10.0,120.0,0.0,20.0,0.0,0.0,-530.0,3060.0,yonden
2016,4,2016-04-12,07:00,2850.0,0.0,2640.0,450.0,－－－－－－－－－－,10.0,340.0,0.0,10.0,0.0,0.0,-600.0,2850.0,yonden
2016,4,2016-04-12,08:00,3000.0,0.0,2600.0,440.0,－－－－－－－－－－,10.0,660.0,0.0,0.0,0.0,0.0,-710.0,3000.0,yonden
2016,4,2016-04-12,09:00,3140.0,0.0,2560.0,430.0,－－－－－－－－－－,10.0,980.0,0.0,0.0,0.0,0.0,-840.0,3140.0,yonden
2016,4,2016-04-12,10:00,3210.0,0.0,2460.0,370.0,－－－－－－－－－－,10.0,1180.0,0.0,0.0,0.0,0.0,-810.0,3210.0,yonden
2016,4,2016-04-12,11:00,3190.0,0.0,2410.0,390.0,－－－－－－－－－－,10.0,1180.0,0.0,10.0,0.0,-150.0,-660.0,3190.0,yonden
2016,4,2016-04-12,12:00,3030.0,0.0,2420.0,340.0,－－－－－－－－－－,10.0,1140.0,0.0,20.0,0.0,-270.0,-630.0,3030.0,yonden
2016,4,2016-04-12,13:00,3270.0,0.0,2610.0,330.0,－－－－－－－－－－,10.0,920.0,0.0,20.0,0.0,0.0,-620.0,3270.0,yonden
2016,4,2016-04-12,14:00,3090.0,0.0,2730.0,300.0,－－－－－－－－－－,10.0,780.0,0.0,30.0,0.0,0.0,-760.0,3090.0,yonden
2016,4,2016-04-12,15:00,3070.0,0.0,2780.0,360.0,－－－－－－－－－－,10.0,680.0,0.0,40.0,0.0,0.0,-800.0,3070.0,yonden
2016,4,2016-04-12,16:00,3160.0,0.0,3050.0,480.0,－－－－－－－－－－,10.0,470.0,0.0,60.0,0.0,0.0,-910.0,3160.0,yonden
2016,4,2016-04-12,17:00,3190.0,0.0,3220.0,610.0,－－－－－－－－－－,10.0,190.0,0.0,70.0,0.0,0.0,-910.0,3190.0,yonden
2016,4,2016-04-12,18:00,3310.0,0.0,3090.0,700.0,－－－－－－－－－－,10.0,10.0,0.0,60.0,0.0,210.0,-770.0,3310.0,yonden
2016,4,2016-04-12,19:00,3310.0,0.0,3240.0,660.0,－－－－－－－－－－,10.0,0.0,0.0,50.0,0.0,70.0,-720.0,3310.0,yonden
2016,4,2016-04-12,20:00,3180.0,0.0,3280.0,510.0,－－－－－－－－－－,10.0,0.0,0.0,60.0,0.0,0.0,-680.0,3180.0,yonden
2016,4,2016-04-12,21:00,2990.0,0.0,3230.0,440.0,－－－－－－－－－－,10.0,0.0,0.0,70.0,0.0,0.0,-760.0,2990.0,yonden
2016,4,2016-04-12,22:00,2800.0,0.0,2970.0,400.0,－－－－－－－－－－,10.0,0.0,0.0,70.0,0.0,0.0,-650.0,2800.0,yonden
2016,4,2016-04-12,23:00,2690.0,0.0,2760.0,360.0,－－－－－－－－－－,10.0,0.0,0.0,80.0,0.0,0.0,-520.0,2690.0,yonden
2016,4,2016-04-13,00:00,2610.0,0.0,2760.0,320.0,－－－－－－－－－－,10.0,0.0,0.0,70.0,0.0,0.0,-550.0,2610.0,yonden
2016,4,2016-04-13,01:00,2720.0,0.0,2800.0,340.0,－－－－－－－－－－,10.0,0.0,0.0,70.0,0.0,0.0,-500.0,2720.0,yonden
2016,4,2016-04-13,02:00,2970.0,0.0,3020.0,390.0,－－－－－－－－－－,10.0,0.0,0.0,70.0,0.0,0.0,-520.0,2970.0,yonden
2016,4,2016-04-13,03:00,3160.0,0.0,3090.0,520.0,－－－－－－－－－－,10.0,0.0,0.0,80.0,0.0,0.0,-540.0,3160.0,yonden
2016,4,2016-04-13,04:00,3160.0,0.0,3120.0,500.0,－－－－－－－－－－,10.0,0.0,0.0,70.0,0.0,0.0,-540.0,3160.0,yonden
2016,4,2016-04-13,05:00,3040.0,0.0,3080.0,400.0,－－－－－－－－－－,10.0,0.0,0.0,70.0,0.0,0.0,-520.0,3040.0,yonden
2016,4,2016-04-13,06:00,2900.0,0.0,2950.0,390.0,－－－－－－－－－－,10.0,90.0,0.0,80.0,0.0,0.0,-620.0,2900.0,yonden
2016,4,2016-04-13,07:00,2750.0,0.0,2750.0,390.0,－－－－－－－－－－,10.0,280.0,0.0,90.0,0.0,0.0,-770.0,2750.0,yonden
2016,4,2016-04-13,08:00,3030.0,0.0,2770.0,460.0,－－－－－－－－－－,10.0,500.0,0.0,80.0,0.0,0.0,-790.0,3030.0,yonden
2016,4,2016-04-13,09:00,3190.0,0.0,2750.0,530.0,－－－－－－－－－－,10.0,640.0,0.0,70.0,0.0,0.0,-810.0,3190.0,yonden
2016,4,2016-04-13,10:00,3160.0,0.0,2560.0,500.0,－－－－－－－－－－,10.0,830.0,0.0,80.0,0.0,0.0,-820.0,3160.0,yonden
2016,4,2016-04-13,11:00,3230.0,0.0,2540.0,490.0,－－－－－－－－－－,10.0,920.0,0.0,80.0,0.0,0.0,-810.0,3230.0,yonden
2016,4,2016-04-13,12:00,3050.0,0.0,2600.0,380.0,－－－－－－－－－－,10.0,770.0,0.0,80.0,0.0,0.0,-790.0,3050.0,yonden
2016,4,2016-04-13,13:00,3250.0,0.0,3060.0,380.0,－－－－－－－－－－,10.0,510.0,0.0,80.0,0.0,0.0,-790.0,3250.0,yonden
2016,4,2016-04-13,14:00,3350.0,0.0,3480.0,390.0,－－－－－－－－－－,10.0,260.0,0.0,50.0,0.0,0.0,-840.0,3350.0,yonden
2016,4,2016-04-13,15:00,3270.0,0.0,3440.0,430.0,－－－－－－－－－－,10.0,110.0,0.0,70.0,0.0,0.0,-790.0,3270.0,yonden
2016,4,2016-04-13,16:00,3300.0,0.0,3390.0,460.0,－－－－－－－－－－,10.0,60.0,0.0,80.0,0.0,0.0,-700.0,3300.0,yonden
2016,4,2016-04-13,17:00,3270.0,0.0,3250.0,570.0,－－－－－－－－－－,10.0,20.0,0.0,70.0,0.0,0.0,-650.0,3270.0,yonden
2016,4,2016-04-13,18:00,3330.0,0.0,3320.0,650.0,－－－－－－－－－－,10.0,0.0,0.0,30.0,0.0,0.0,-680.0,3330.0,yonden
2016,4,2016-04-13,19:00,3240.0,0.0,3260.0,600.0,－－－－－－－－－－,10.0,0.0,0.0,60.0,0.0,0.0,-690.0,3240.0,yonden
2016,4,2016-04-13,20:00,3090.0,0.0,3200.0,520.0,－－－－－－－－－－,10.0,0.0,0.0,60.0,0.0,0.0,-700.0,3090.0,yonden
2016,4,2016-04-13,21:00,2890.0,0.0,3180.0,430.0,－－－－－－－－－－,10.0,0.0,0.0,10.0,0.0,0.0,-740.0,2890.0,yonden
2016,4,2016-04-13,22:00,2740.0,0.0,3010.0,410.0,－－－－－－－－－－,10.0,0.0,0.0,10.0,0.0,0.0,-700.0,2740.0,yonden
2016,4,2016-04-13,23:00,2640.0,0.0,2830.0,350.0,－－－－－－－－－－,10.0,0.0,0.0,10.0,0.0,0.0,-560.0,2640.0,yonden
2016,4,2016-04-14,00:00,2570.0,0.0,2860.0,320.0,－－－－－－－－－－,10.0,0.0,0.0,0.0,0.0,0.0,-620.0,2570.0,yonden
2016,4,2016-04-14,01:00,2660.0,0.0,2780.0,350.0,－－－－－－－－－－,10.0,0.0,0.0,20.0,0.0,0.0,-500.0,2660.0,yonden
2016,4,2016-04-14,02:00,2890.0,0.0,2990.0,440.0,－－－－－－－－－－,10.0,0.0,0.0,20.0,0.0,0.0,-570.0,2890.0,yonden
2016,4,2016-04-14,03:00,3080.0,0.0,3080.0,500.0,－－－－－－－－－－,10.0,0.0,0.0,30.0,0.0,0.0,-540.0,3080.0,yonden
2016,4,2016-04-14,04:00,3090.0,0.0,3050.0,530.0,－－－－－－－－－－,10.0,0.0,0.0,40.0,0.0,0.0,-540.0,3090.0,yonden
2016,4,2016-04-14,05:00,2940.0,0.0,2890.0,480.0,－－－－－－－－－－,10.0,0.0,0.0,60.0,0.0,0.0,-500.0,2940.0,yonden
2016,4,2016-04-14,06:00,2810.0,0.0,2750.0,480.0,－－－－－－－－－－,10.0,40.0,0.0,60.0,0.0,0.0,-530.0,2810.0,yonden
2016,4,2016-04-14,07:00,2720.0,0.0,2780.0,440.0,－－－－－－－－－－,10.0,120.0,0.0,60.0,0.0,0.0,-690.0,2720.0,yonden
2016,4,2016-04-14,08:00,2960.0,0.0,3130.0,430.0,－－－－－－－－－－,10.0,320.0,0.0,40.0,0.0,0.0,-970.0,2960.0,yonden
2016,4,2016-04-14,09:00,3060.0,0.0,3110.0,460.0,－－－－－－－－－－,10.0,620.0,0.0,30.0,0.0,0.0,-1170.0,3060.0,yonden
2016,4,2016-04-14,10:00,3060.0,0.0,2740.0,430.0,－－－－－－－－－－,10.0,960.0,0.0,40.0,0.0,0.0,-1120.0,3060.0,yonden
2016,4,2016-04-14,11:00,3280.0,0.0,2570.0,390.0,－－－－－－－－－－,10.0,1270.0,0.0,40.0,0.0,0.0,-1000.0,3280.0,yonden
2016,4,2016-04-14,12:00,3150.0,0.0,2390.0,330.0,－－－－－－－－－－,10.0,1360.0,0.0,40.0,0.0,0.0,-980.0,3150.0,yonden
2016,4,2016-04-14,13:00,3270.0,0.0,2580.0,360.0,－－－－－－－－－－,10.0,1250.0,0.0,50.0,0.0,0.0,-980.0,3270.0,yonden
2016,4,2016-04-14,14:00,3260.0,0.0,2750.0,380.0,－－－－－－－－－－,10.0,1080.0,0.0,50.0,0.0,0.0,-1010.0,3260.0,yonden
2016,4,2016-04-14,15:00,3250.0,0.0,2860.0,390.0,－－－－－－－－－－,10.0,870.0,0.0,70.0,0.0,0.0,-950.0,3250.0,yonden
2016,4,2016-04-14,16:00,3240.0,0.0,3080.0,450.0,－－－－－－－－－－,10.0,550.0,0.0,80.0,0.0,0.0,-930.0,3240.0,yonden
2016,4,2016-04-14,17:00,3180.0,0.0,3230.0,490.0,－－－－－－－－－－,10.0,220.0,0.0,80.0,0.0,0.0,-850.0,3180.0,yonden
2016,4,2016-04-14,18:00,3190.0,0.0,3340.0,550.0,－－－－－－－－－－,10.0,20.0,0.0,90.0,0.0,0.0,-820.0,3190.0,yonden
2016,4,2016-04-14,19:00,3170.0,0.0,3330.0,530.0,－－－－－－－－－－,10.0,0.0,0.0,100.0,0.0,0.0,-800.0,3170.0,yonden
2016,4,2016-04-14,20:00,3010.0,0.0,3220.0,460.0,－－－－－－－－－－,10.0,0.0,0.0,90.0,0.0,0.0,-770.0,3010.0,yonden
2016,4,2016-04-14,21:00,2840.0,0.0,3130.0,380.0,－－－－－－－－－－,10.0,0.0,0.0,90.0,0.0,0.0,-770.0,2840.0,yonden
2016,4,2016-04-14,22:00,2640.0,0.0,2930.0,350.0,－－－－－－－－－－,10.0,0.0,0.0,80.0,0.0,0.0,-730.0,2640.0,yonden
2016,4,2016-04-14,23:00,2550.0,0.0,2710.0,340.0,－－－－－－－－－－,10.0,0.0,0.0,80.0,0.0,0.0,-590.0,2550.0,yonden
2016,4,2016-04-15,00:00,2530.0,0.0,2630.0,320.0,－－－－－－－－－－,10.0,0.0,0.0,80.0,0.0,0.0,-510.0,2530.0,yonden
2016,4,2016-04-15,01:00,2620.0,0.0,2700.0,330.0,－－－－－－－－－－,10.0,0.0,0.0,80.0,0.0,0.0,-500.0,2620.0,yonden
2016,4,2016-04-15,02:00,2860.0,0.0,2880.0,390.0,－－－－－－－－－－,10.0,0.0,0.0,80.0,0.0,0.0,-500.0,2860.0,yonden
2016,4,2016-04-15,03:00,3080.0,0.0,3060.0,460.0,－－－－－－－－－－,10.0,0.0,0.0,90.0,0.0,0.0,-540.0,3080.0,yonden
2016,4,2016-04-15,04:00,3110.0,0.0,3040.0,460.0,－－－－－－－－－－,10.0,0.0,0.0,100.0,0.0,0.0,-500.0,3110.0,yonden
2016,4,2016-04-15,05:00,2960.0,0.0,2950.0,430.0,－－－－－－－－－－,10.0,0.0,0.0,90.0,0.0,0.0,-520.0,2960.0,yonden
2016,4,2016-04-15,06:00,2800.0,0.0,2750.0,360.0,－－－－－－－－－－,10.0,120.0,0.0,90.0,0.0,0.0,-530.0,2800.0,yonden
2016,4,2016-04-15,07:00,2680.0,0.0,2610.0,310.0,－－－－－－－－－－,10.0,380.0,0.0,70.0,0.0,0.0,-700.0,2680.0,yonden
2016,4,2016-04-15,08:00,2910.0,0.0,2570.0,350.0,－－－－－－－－－－,10.0,710.0,0.0,60.0,0.0,0.0,-790.0,2910.0,yonden
2016,4,2016-04-15,09:00,3090.0,0.0,2500.0,410.0,－－－－－－－－－－,10.0,1040.0,0.0,50.0,0.0,0.0,-920.0,3090.0,yonden
2016,4,2016-04-15,10:00,3190.0,0.0,2490.0,370.0,－－－－－－－－－－,10.0,1310.0,0.0,50.0,0.0,0.0,-1040.0,3190.0,yonden
2016,4,2016-04-15,11:00,3260.0,0.0,2490.0,350.0,－－－－－－－－－－,10.0,1430.0,0.0,60.0,0.0,0.0,-1080.0,3260.0,yonden
2016,4,2016-04-15,12:00,3070.0,0.0,2500.0,300.0,－－－－－－－－－－,10.0,1440.0,0.0,50.0,0.0,-290.0,-940.0,3070.0,yonden
2016,4,2016-04-15,13:00,3250.0,0.0,2570.0,320.0,－－－－－－－－－－,10.0,1360.0,0.0,40.0,0.0,0.0,-1050.0,3250.0,yonden
2016,4,2016-04-15,14:00,3230.0,0.0,2560.0,320.0,－－－－－－－－－－,10.0,1190.0,0.0,20.0,0.0,0.0,-870.0,3230.0,yonden
2016,4,2016-04-15,15:00,3160.0,0.0,2670.0,360.0,－－－－－－－－－－,10.0,920.0,0.0,10.0,0.0,0.0,-810.0,3160.0,yonden
2016,4,2016-04-15,16:00,3190.0,0.0,3030.0,430.0,－－－－－－－－－－,10.0,590.0,0.0,10.0,0.0,0.0,-880.0,3190.0,yonden
2016,4,2016-04-15,17:00,3100.0,0.0,3040.0,480.0,－－－－－－－－－－,10.0,250.0,0.0,20.0,0.0,200.0,-900.0,3100.0,yonden
2016,4,2016-04-15,18:00,3120.0,0.0,3010.0,580.0,－－－－－－－－－－,10.0,20.0,0.0,20.0,0.0,290.0,-810.0,3120.0,yonden
2016,4,2016-04-15,19:00,3130.0,0.0,2970.0,620.0,－－－－－－－－－－,10.0,0.0,0.0,10.0,0.0,300.0,-780.0,3130.0,yonden
2016,4,2016-04-15,20:00,2990.0,0.0,2920.0,540.0,－－－－－－－－－－,10.0,0.0,0.0,0.0,0.0,300.0,-780.0,2990.0,yonden
2016,4,2016-04-15,21:00,2810.0,0.0,3030.0,430.0,－－－－－－－－－－,10.0,0.0,0.0,0.0,0.0,110.0,-770.0,2810.0,yonden
2016,4,2016-04-15,22:00,2660.0,0.0,3090.0,320.0,－－－－－－－－－－,10.0,0.0,0.0,0.0,0.0,0.0,-760.0,2660.0,yonden
2016,4,2016-04-15,23:00,2590.0,0.0,2920.0,300.0,－－－－－－－－－－,10.0,0.0,0.0,10.0,0.0,0.0,-650.0,2590.0,yonden
2016,4,2016-04-16,00:00,2490.0,0.0,2780.0,250.0,－－－－－－－－－－,10.0,0.0,0.0,20.0,0.0,0.0,-570.0,2490.0,yonden
2016,4,2016-04-16,01:00,2580.0,0.0,2820.0,240.0,－－－－－－－－－－,10.0,0.0,0.0,10.0,0.0,0.0,-500.0,2580.0,yonden
2016,4,2016-04-16,02:00,2820.0,0.0,3070.0,290.0,－－－－－－－－－－,10.0,0.0,0.0,10.0,0.0,0.0,-560.0,2820.0,yonden
2016,4,2016-04-16,03:00,3030.0,0.0,3260.0,350.0,－－－－－－－－－－,10.0,0.0,0.0,10.0,0.0,0.0,-600.0,3030.0,yonden
2016,4,2016-04-16,04:00,3050.0,0.0,3240.0,340.0,－－－－－－－－－－,10.0,0.0,0.0,20.0,0.0,0.0,-560.0,3050.0,yonden
2016,4,2016-04-16,05:00,2870.0,0.0,3020.0,320.0,－－－－－－－－－－,10.0,0.0,0.0,30.0,0.0,0.0,-510.0,2870.0,yonden
2016,4,2016-04-16,06:00,2630.0,0.0,2720.0,300.0,－－－－－－－－－－,10.0,130.0,0.0,40.0,0.0,0.0,-570.0,2630.0,yonden
2016,4,2016-04-16,07:00,2470.0,0.0,2430.0,260.0,－－－－－－－－－－,10.0,380.0,0.0,50.0,0.0,0.0,-660.0,2470.0,yonden
2016,4,2016-04-16,08:00,2650.0,0.0,2270.0,280.0,－－－－－－－－－－,10.0,690.0,0.0,60.0,0.0,0.0,-660.0,2650.0,yonden
2016,4,2016-04-16,09:00,2750.0,0.0,2260.0,300.0,－－－－－－－－－－,10.0,1000.0,0.0,60.0,0.0,-300.0,-580.0,2750.0,yonden
2016,4,2016-04-16,10:00,2840.0,0.0,2180.0,300.0,－－－－－－－－－－,10.0,1270.0,0.0,70.0,0.0,-300.0,-690.0,2840.0,yonden
2016,4,2016-04-16,11:00,2940.0,0.0,2270.0,280.0,－－－－－－－－－－,10.0,1400.0,0.0,90.0,0.0,-290.0,-820.0,2940.0,yonden
2016,4,2016-04-16,12:00,2790.0,0.0,2240.0,270.0,－－－－－－－－－－,10.0,1400.0,0.0,100.0,0.0,-290.0,-940.0,2790.0,yonden
2016,4,2016-04-16,13:00,2840.0,0.0,2260.0,260.0,－－－－－－－－－－,10.0,1310.0,0.0,110.0,0.0,-290.0,-820.0,2840.0,yonden
2016,4,2016-04-16,14:00,2810.0,0.0,2240.0,280.0,－－－－－－－－－－,10.0,1110.0,0.0,110.0,0.0,-290.0,-650.0,2810.0,yonden
2016,4,2016-04-16,15:00,2830.0,0.0,2380.0,290.0,－－－－－－－－－－,10.0,780.0,0.0,110.0,0.0,-170.0,-570.0,2830.0,yonden
2016,4,2016-04-16,16:00,2900.0,0.0,2560.0,390.0,－－－－－－－－－－,10.0,450.0,0.0,110.0,0.0,0.0,-620.0,2900.0,yonden
2016,4,2016-04-16,17:00,2830.0,0.0,2630.0,480.0,－－－－－－－－－－,10.0,140.0,0.0,100.0,0.0,180.0,-710.0,2830.0,yonden
2016,4,2016-04-16,18:00,2900.0,0.0,2570.0,570.0,－－－－－－－－－－,10.0,10.0,0.0,90.0,0.0,300.0,-650.0,2900.0,yonden
2016,4,2016-04-16,19:00,2920.0,0.0,2650.0,550.0,－－－－－－－－－－,10.0,0.0,0.0,90.0,0.0,300.0,-680.0,2920.0,yonden
2016,4,2016-04-16,20:00,2800.0,0.0,2490.0,480.0,－－－－－－－－－－,10.0,0.0,0.0,90.0,0.0,300.0,-570.0,2800.0,yonden
2016,4,2016-04-16,21:00,2630.0,0.0,2460.0,400.0,－－－－－－－－－－,10.0,0.0,0.0,60.0,0.0,190.0,-490.0,2630.0,yonden
2016,4,2016-04-16,22:00,2460.0,0.0,2660.0,320.0,－－－－－－－－－－,10.0,0.0,0.0,50.0,0.0,0.0,-580.0,2460.0,yonden
2016,4,2016-04-16,23:00,2370.0,0.0,2620.0,280.0,－－－－－－－－－－,10.0,0.0,0.0,50.0,0.0,0.0,-590.0,2370.0,yonden
2016,4,2016-04-17,00:00,2320.0,0.0,2620.0,270.0,－－－－－－－－－－,10.0,0.0,0.0,40.0,0.0,0.0,-620.0,2320.0,yonden
2016,4,2016-04-17,01:00,2390.0,0.0,2600.0,290.0,－－－－－－－－－－,10.0,0.0,0.0,40.0,0.0,0.0,-550.0,2390.0,yonden
2016,4,2016-04-17,02:00,2620.0,0.0,2760.0,330.0,－－－－－－－－－－,10.0,0.0,0.0,40.0,0.0,120.0,-640.0,2620.0,yonden
2016,4,2016-04-17,03:00,2820.0,0.0,2700.0,430.0,－－－－－－－－－－,10.0,0.0,0.0,40.0,0.0,300.0,-660.0,2820.0,yonden
2016,4,2016-04-17,04:00,2800.0,0.0,2920.0,430.0,－－－－－－－－－－,10.0,0.0,0.0,40.0,0.0,40.0,-640.0,2800.0,yonden
2016,4,2016-04-17,05:00,2580.0,0.0,2690.0,340.0,－－－－－－－－－－,10.0,0.0,0.0,50.0,0.0,0.0,-510.0,2580.0,yonden
2016,4,2016-04-17,06:00,2310.0,0.0,2500.0,360.0,－－－－－－－－－－,10.0,20.0,0.0,40.0,0.0,0.0,-620.0,2310.0,yonden
2016,4,2016-04-17,07:00,2120.0,0.0,2210.0,390.0,－－－－－－－－－－,10.0,140.0,0.0,40.0,0.0,0.0,-670.0,2120.0,yonden
2016,4,2016-04-17,08:00,2130.0,0.0,2160.0,420.0,－－－－－－－－－－,10.0,460.0,0.0,20.0,0.0,-270.0,-670.0,2130.0,yonden
2016,4,2016-04-17,09:00,2160.0,0.0,1940.0,390.0,－－－－－－－－－－,10.0,800.0,0.0,20.0,0.0,-300.0,-700.0,2160.0,yonden
2016,4,2016-04-17,10:00,2340.0,0.0,1810.0,370.0,－－－－－－－－－－,10.0,1110.0,0.0,20.0,0.0,-300.0,-680.0,2340.0,yonden
2016,4,2016-04-17,11:00,2580.0,0.0,1890.0,370.0,－－－－－－－－－－,10.0,1380.0,0.0,10.0,0.0,-290.0,-790.0,2580.0,yonden
2016,4,2016-04-17,12:00,2610.0,0.0,1960.0,420.0,－－－－－－－－－－,10.0,1410.0,0.0,10.0,0.0,-290.0,-910.0,2610.0,yonden
2016,4,2016-04-17,13:00,2570.0,0.0,1970.0,370.0,－－－－－－－－－－,10.0,1350.0,0.0,10.0,0.0,-290.0,-850.0,2570.0,yonden
2016,4,2016-04-17,14:00,2520.0,0.0,1970.0,350.0,－－－－－－－－－－,10.0,1200.0,0.0,10.0,0.0,-290.0,-730.0,2520.0,yonden
2016,4,2016-04-17,15:00,2520.0,0.0,2080.0,380.0,－－－－－－－－－－,10.0,930.0,0.0,20.0,0.0,-290.0,-610.0,2520.0,yonden
2016,4,2016-04-17,16:00,2600.0,0.0,2340.0,410.0,－－－－－－－－－－,10.0,610.0,0.0,30.0,0.0,-200.0,-600.0,2600.0,yonden
2016,4,2016-04-17,17:00,2710.0,0.0,2630.0,480.0,－－－－－－－－－－,10.0,270.0,0.0,30.0,0.0,0.0,-710.0,2710.0,yonden
2016,4,2016-04-17,18:00,2770.0,0.0,2680.0,490.0,－－－－－－－－－－,10.0,20.0,0.0,30.0,0.0,250.0,-710.0,2770.0,yonden
2016,4,2016-04-17,19:00,2830.0,0.0,2750.0,500.0,－－－－－－－－－－,10.0,0.0,0.0,30.0,0.0,220.0,-680.0,2830.0,yonden
2016,4,2016-04-17,20:00,2660.0,0.0,2940.0,370.0,－－－－－－－－－－,10.0,0.0,0.0,40.0,0.0,10.0,-710.0,2660.0,yonden
2016,4,2016-04-17,21:00,2510.0,0.0,2800.0,320.0,－－－－－－－－－－,10.0,0.0,0.0,50.0,0.0,0.0,-670.0,2510.0,yonden
2016,4,2016-04-17,22:00,2330.0,0.0,2590.0,320.0,－－－－－－－－－－,10.0,0.0,0.0,50.0,0.0,0.0,-640.0,2330.0,yonden
2016,4,2016-04-17,23:00,2260.0,0.0,2480.0,300.0,－－－－－－－－－－,10.0,0.0,0.0,60.0,0.0,0.0,-590.0,2260.0,yonden
2016,4,2016-04-18,00:00,2250.0,0.0,2520.0,280.0,－－－－－－－－－－,10.0,0.0,0.0,70.0,0.0,0.0,-630.0,2250.0,yonden
2016,4,2016-04-18,01:00,2340.0,0.0,2550.0,290.0,－－－－－－－－－－,10.0,0.0,0.0,60.0,0.0,0.0,-570.0,2340.0,yonden
2016,4,2016-04-18,02:00,2590.0,0.0,2670.0,360.0,－－－－－－－－－－,10.0,0.0,0.0,60.0,0.0,0.0,-510.0,2590.0,yonden
2016,4,2016-04-18,03:00,2830.0,0.0,2840.0,410.0,－－－－－－－－－－,10.0,0.0,0.0,70.0,0.0,0.0,-500.0,2830.0,yonden
2016,4,2016-04-18,04:00,2880.0,0.0,2880.0,420.0,－－－－－－－－－－,10.0,0.0,0.0,70.0,0.0,0.0,-500.0,2880.0,yonden
2016,4,2016-04-18,05:00,2760.0,0.0,2810.0,370.0,－－－－－－－－－－,10.0,0.0,0.0,70.0,0.0,0.0,-500.0,2760.0,yonden
2016,4,2016-04-18,06:00,2690.0,0.0,2740.0,330.0,－－－－－－－－－－,10.0,40.0,0.0,70.0,0.0,0.0,-500.0,2690.0,yonden
2016,4,2016-04-18,07:00,2660.0,0.0,2700.0,320.0,－－－－－－－－－－,10.0,80.0,0.0,80.0,0.0,0.0,-530.0,2660.0,yonden
2016,4,2016-04-18,08:00,2930.0,0.0,3020.0,440.0,－－－－－－－－－－,10.0,160.0,0.0,90.0,0.0,0.0,-790.0,2930.0,yonden
2016,4,2016-04-18,09:00,3170.0,0.0,3210.0,500.0,－－－－－－－－－－,10.0,230.0,0.0,80.0,0.0,0.0,-860.0,3170.0,yonden
2016,4,2016-04-18,10:00,3230.0,0.0,3240.0,510.0,－－－－－－－－－－,10.0,240.0,0.0,90.0,0.0,0.0,-860.0,3230.0,yonden
2016,4,2016-04-18,11:00,3180.0,0.0,3190.0,480.0,－－－－－－－－－－,10.0,230.0,0.0,80.0,0.0,0.0,-810.0,3180.0,yonden
2016,4,2016-04-18,12:00,2920.0,0.0,2990.0,340.0,－－－－－－－－－－,10.0,300.0,0.0,50.0,0.0,0.0,-770.0,2920.0,yonden
2016,4,2016-04-18,13:00,3080.0,0.0,3050.0,330.0,－－－－－－－－－－,10.0,420.0,0.0,30.0,0.0,0.0,-760.0,3080.0,yonden
2016,4,2016-04-18,14:00,3190.0,0.0,3130.0,350.0,－－－－－－－－－－,10.0,420.0,0.0,50.0,0.0,0.0,-770.0,3190.0,yonden
2016,4,2016-04-18,15:00,3210.0,0.0,3260.0,360.0,－－－－－－－－－－,10.0,250.0,0.0,60.0,0.0,0.0,-730.0,3210.0,yonden
2016,4,2016-04-18,16:00,3210.0,0.0,3320.0,410.0,－－－－－－－－－－,10.0,130.0,0.0,80.0,0.0,0.0,-740.0,3210.0,yonden
2016,4,2016-04-18,17:00,3190.0,0.0,3270.0,540.0,－－－－－－－－－－,10.0,50.0,0.0,70.0,0.0,0.0,-750.0,3190.0,yonden
2016,4,2016-04-18,18:00,3240.0,0.0,3240.0,620.0,－－－－－－－－－－,10.0,10.0,0.0,50.0,0.0,0.0,-690.0,3240.0,yonden
2016,4,2016-04-18,19:00,3190.0,0.0,3190.0,620.0,－－－－－－－－－－,10.0,0.0,0.0,40.0,0.0,0.0,-670.0,3190.0,yonden
2016,4,2016-04-18,20:00,3040.0,0.0,3160.0,490.0,－－－－－－－－－－,10.0,0.0,0.0,30.0,0.0,0.0,-650.0,3040.0,yonden
2016,4,2016-04-18,21:00,2850.0,0.0,3040.0,420.0,－－－－－－－－－－,10.0,0.0,0.0,30.0,0.0,0.0,-650.0,2850.0,yonden
2016,4,2016-04-18,22:00,2690.0,0.0,2940.0,360.0,－－－－－－－－－－,10.0,0.0,0.0,20.0,0.0,0.0,-640.0,2690.0,yonden
2016,4,2016-04-18,23:00,2580.0,0.0,2870.0,320.0,－－－－－－－－－－,10.0,0.0,0.0,20.0,0.0,0.0,-640.0,2580.0,yonden
2016,4,2016-04-19,00:00,2490.0,0.0,2680.0,280.0,－－－－－－－－－－,10.0,0.0,0.0,30.0,0.0,0.0,-510.0,2490.0,yonden
2016,4,2016-04-19,01:00,2570.0,0.0,2730.0,290.0,－－－－－－－－－－,10.0,0.0,0.0,30.0,0.0,0.0,-490.0,2570.0,yonden
2016,4,2016-04-19,02:00,2830.0,0.0,2880.0,430.0,－－－－－－－－－－,10.0,0.0,0.0,40.0,0.0,0.0,-530.0,2830.0,yonden
2016,4,2016-04-19,03:00,3060.0,0.0,2970.0,560.0,－－－－－－－－－－,10.0,0.0,0.0,50.0,0.0,0.0,-530.0,3060.0,yonden
2016,4,2016-04-19,04:00,3120.0,0.0,3030.0,550.0,－－－－－－－－－－,10.0,0.0,0.0,60.0,0.0,0.0,-530.0,3120.0,yonden
2016,4,2016-04-19,05:00,3000.0,0.0,2980.0,450.0,－－－－－－－－－－,10.0,10.0,0.0,50.0,0.0,0.0,-500.0,3000.0,yonden
2016,4,2016-04-19,06:00,2860.0,0.0,2810.0,400.0,－－－－－－－－－－,10.0,140.0,0.0,50.0,0.0,0.0,-550.0,2860.0,yonden
2016,4,2016-04-19,07:00,2690.0,0.0,2560.0,340.0,－－－－－－－－－－,10.0,410.0,0.0,50.0,0.0,0.0,-680.0,2690.0,yonden
2016,4,2016-04-19,08:00,2920.0,0.0,2570.0,360.0,－－－－－－－－－－,10.0,740.0,0.0,40.0,0.0,0.0,-800.0,2920.0,yonden
2016,4,2016-04-19,09:00,3140.0,0.0,2450.0,360.0,－－－－－－－－－－,10.0,1060.0,0.0,50.0,0.0,0.0,-790.0,3140.0,yonden
2016,4,2016-04-19,10:00,3200.0,0.0,2320.0,350.0,－－－－－－－－－－,10.0,1280.0,0.0,60.0,0.0,0.0,-820.0,3200.0,yonden
2016,4,2016-04-19,11:00,3280.0,0.0,2350.0,370.0,－－－－－－－－－－,10.0,1400.0,0.0,80.0,0.0,-150.0,-780.0,3280.0,yonden
2016,4,2016-04-19,12:00,3140.0,0.0,2350.0,340.0,－－－－－－－－－－,10.0,1420.0,0.0,70.0,0.0,-300.0,-750.0,3140.0,yonden
2016,4,2016-04-19,13:00,3240.0,0.0,2460.0,310.0,－－－－－－－－－－,10.0,1310.0,0.0,70.0,0.0,0.0,-920.0,3240.0,yonden
2016,4,2016-04-19,14:00,3210.0,0.0,2610.0,340.0,－－－－－－－－－－,10.0,1170.0,0.0,60.0,0.0,0.0,-980.0,3210.0,yonden
2016,4,2016-04-19,15:00,3140.0,0.0,2710.0,370.0,－－－－－－－－－－,10.0,900.0,0.0,70.0,0.0,0.0,-920.0,3140.0,yonden
2016,4,2016-04-19,16:00,3190.0,0.0,3010.0,450.0,－－－－－－－－－－,10.0,580.0,0.0,70.0,0.0,0.0,-930.0,3190.0,yonden
2016,4,2016-04-19,17:00,3130.0,0.0,3160.0,520.0,－－－－－－－－－－,10.0,250.0,0.0,70.0,0.0,0.0,-880.0,3130.0,yonden
2016,4,2016-04-19,18:00,3150.0,0.0,3120.0,610.0,－－－－－－－－－－,10.0,20.0,0.0,70.0,0.0,100.0,-780.0,3150.0,yonden
2016,4,2016-04-19,19:00,3150.0,0.0,2970.0,600.0,－－－－－－－－－－,10.0,0.0,0.0,70.0,0.0,220.0,-720.0,3150.0,yonden
2016,4,2016-04-19,20:00,3000.0,0.0,3070.0,560.0,－－－－－－－－－－,10.0,0.0,0.0,40.0,0.0,0.0,-680.0,3000.0,yonden
2016,4,2016-04-19,21:00,2830.0,0.0,2970.0,440.0,－－－－－－－－－－,10.0,0.0,0.0,30.0,0.0,0.0,-620.0,2830.0,yonden
2016,4,2016-04-19,22:00,2670.0,0.0,2860.0,370.0,－－－－－－－－－－,10.0,0.0,0.0,30.0,0.0,0.0,-600.0,2670.0,yonden
2016,4,2016-04-19,23:00,2580.0,0.0,2790.0,340.0,－－－－－－－－－－,10.0,0.0,0.0,30.0,0.0,0.0,-590.0,2580.0,yonden
2016,4,2016-04-20,00:00,2490.0,0.0,2650.0,320.0,－－－－－－－－－－,10.0,0.0,0.0,30.0,0.0,0.0,-520.0,2490.0,yonden
2016,4,2016-04-20,01:00,2580.0,0.0,2740.0,320.0,－－－－－－－－－－,10.0,0.0,0.0,20.0,0.0,0.0,-510.0,2580.0,yonden
2016,4,2016-04-20,02:00,2830.0,0.0,2920.0,410.0,－－－－－－－－－－,10.0,0.0,0.0,20.0,0.0,0.0,-530.0,2830.0,yonden
2016,4,2016-04-20,03:00,3040.0,0.0,2990.0,550.0,－－－－－－－－－－,10.0,0.0,0.0,10.0,0.0,0.0,-520.0,3040.0,yonden
2016,4,2016-04-20,04:00,3090.0,0.0,3040.0,560.0,－－－－－－－－－－,10.0,0.0,0.0,0.0,0.0,0.0,-520.0,3090.0,yonden
2016,4,2016-04-20,05:00,2970.0,0.0,2960.0,470.0,－－－－－－－－－－,10.0,10.0,0.0,0.0,0.0,0.0,-480.0,2970.0,yonden
2016,4,2016-04-20,06:00,2800.0,0.0,2820.0,350.0,－－－－－－－－－－,0.0,140.0,0.0,10.0,0.0,0.0,-520.0,2800.0,yonden
2016,4,2016-04-20,07:00,2660.0,0.0,2510.0,330.0,－－－－－－－－－－,0.0,440.0,0.0,10.0,0.0,0.0,-630.0,2660.0,yonden
2016,4,2016-04-20,08:00,2880.0,0.0,2500.0,330.0,－－－－－－－－－－,10.0,750.0,0.0,10.0,0.0,0.0,-720.0,2880.0,yonden
2016,4,2016-04-20,09:00,3060.0,0.0,2480.0,360.0,－－－－－－－－－－,10.0,1020.0,0.0,10.0,0.0,0.0,-820.0,3060.0,yonden
2016,4,2016-04-20,10:00,3100.0,0.0,2360.0,380.0,－－－－－－－－－－,10.0,1210.0,0.0,20.0,0.0,0.0,-880.0,3100.0,yonden
2016,4,2016-04-20,11:00,3150.0,0.0,2310.0,370.0,－－－－－－－－－－,10.0,1300.0,0.0,30.0,0.0,0.0,-870.0,3150.0,yonden
2016,4,2016-04-20,12:00,3010.0,0.0,2350.0,370.0,－－－－－－－－－－,10.0,1370.0,0.0,40.0,0.0,-280.0,-850.0,3010.0,yonden
2016,4,2016-04-20,13:00,3180.0,0.0,2430.0,330.0,－－－－－－－－－－,10.0,1300.0,0.0,50.0,0.0,-20.0,-920.0,3180.0,yonden
2016,4,2016-04-20,14:00,3210.0,0.0,2650.0,380.0,－－－－－－－－－－,10.0,1120.0,0.0,50.0,0.0,0.0,-1000.0,3210.0,yonden
2016,4,2016-04-20,15:00,3190.0,0.0,2860.0,410.0,－－－－－－－－－－,10.0,840.0,0.0,70.0,0.0,0.0,-1000.0,3190.0,yonden
2016,4,2016-04-20,16:00,3210.0,0.0,3080.0,480.0,－－－－－－－－－－,10.0,500.0,0.0,80.0,0.0,0.0,-940.0,3210.0,yonden
2016,4,2016-04-20,17:00,3140.0,0.0,3180.0,570.0,－－－－－－－－－－,10.0,180.0,0.0,80.0,0.0,0.0,-880.0,3140.0,yonden
2016,4,2016-04-20,18:00,3170.0,0.0,3150.0,670.0,－－－－－－－－－－,10.0,10.0,0.0,80.0,0.0,0.0,-750.0,3170.0,yonden
2016,4,2016-04-20,19:00,3160.0,0.0,3120.0,670.0,－－－－－－－－－－,10.0,0.0,0.0,80.0,0.0,0.0,-720.0,3160.0,yonden
2016,4,2016-04-20,20:00,3000.0,0.0,3030.0,560.0,－－－－－－－－－－,10.0,0.0,0.0,80.0,0.0,0.0,-680.0,3000.0,yonden
2016,4,2016-04-20,21:00,2820.0,0.0,2950.0,420.0,－－－－－－－－－－,10.0,0.0,0.0,80.0,0.0,0.0,-640.0,2820.0,yonden
2016,4,2016-04-20,22:00,2660.0,0.0,2830.0,370.0,－－－－－－－－－－,10.0,0.0,0.0,80.0,0.0,0.0,-630.0,2660.0,yonden
2016,4,2016-04-20,23:00,2570.0,0.0,2750.0,360.0,－－－－－－－－－－,10.0,0.0,0.0,80.0,0.0,0.0,-630.0,2570.0,yonden
2016,4,2016-04-21,00:00,2470.0,0.0,2620.0,340.0,－－－－－－－－－－,10.0,0.0,0.0,90.0,0.0,0.0,-590.0,2470.0,yonden
2016,4,2016-04-21,01:00,2550.0,0.0,2640.0,350.0,－－－－－－－－－－,10.0,0.0,0.0,80.0,0.0,0.0,-530.0,2550.0,yonden
2016,4,2016-04-21,02:00,2770.0,0.0,2790.0,420.0,－－－－－－－－－－,10.0,0.0,0.0,80.0,0.0,0.0,-530.0,2770.0,yonden
2016,4,2016-04-21,03:00,2980.0,0.0,2900.0,520.0,－－－－－－－－－－,10.0,0.0,0.0,90.0,0.0,0.0,-540.0,2980.0,yonden
2016,4,2016-04-21,04:00,3010.0,0.0,2870.0,570.0,－－－－－－－－－－,10.0,0.0,0.0,90.0,0.0,0.0,-530.0,3010.0,yonden
2016,4,2016-04-21,05:00,2820.0,0.0,2820.0,420.0,－－－－－－－－－－,10.0,0.0,0.0,80.0,0.0,0.0,-510.0,2820.0,yonden
2016,4,2016-04-21,06:00,2700.0,0.0,2700.0,390.0,－－－－－－－－－－,10.0,30.0,0.0,80.0,0.0,0.0,-510.0,2700.0,yonden
2016,4,2016-04-21,07:00,2740.0,0.0,2840.0,410.0,－－－－－－－－－－,10.0,40.0,0.0,90.0,0.0,0.0,-650.0,2740.0,yonden
2016,4,2016-04-21,08:00,3150.0,0.0,3320.0,500.0,－－－－－－－－－－,10.0,50.0,0.0,100.0,0.0,0.0,-830.0,3150.0,yonden
2016,4,2016-04-21,09:00,3390.0,0.0,3530.0,560.0,－－－－－－－－－－,10.0,50.0,0.0,100.0,0.0,0.0,-860.0,3390.0,yonden
2016,4,2016-04-21,10:00,3410.0,0.0,3420.0,590.0,－－－－－－－－－－,10.0,60.0,0.0,100.0,0.0,0.0,-770.0,3410.0,yonden
2016,4,2016-04-21,11:00,3450.0,0.0,3410.0,520.0,－－－－－－－－－－,10.0,80.0,0.0,100.0,0.0,0.0,-670.0,3450.0,yonden
2016,4,2016-04-21,12:00,3220.0,0.0,3360.0,440.0,－－－－－－－－－－,10.0,90.0,0.0,80.0,0.0,0.0,-760.0,3220.0,yonden
2016,4,2016-04-21,13:00,3370.0,0.0,3320.0,490.0,－－－－－－－－－－,10.0,110.0,0.0,80.0,0.0,0.0,-640.0,3370.0,yonden
2016,4,2016-04-21,14:00,3360.0,0.0,3270.0,540.0,－－－－－－－－－－,10.0,110.0,0.0,70.0,0.0,0.0,-640.0,3360.0,yonden
2016,4,2016-04-21,15:00,3370.0,0.0,3280.0,570.0,－－－－－－－－－－,10.0,80.0,0.0,70.0,0.0,0.0,-640.0,3370.0,yonden
2016,4,2016-04-21,16:00,3420.0,0.0,3350.0,490.0,－－－－－－－－－－,10.0,40.0,0.0,60.0,0.0,120.0,-650.0,3420.0,yonden
2016,4,2016-04-21,17:00,3380.0,0.0,3100.0,560.0,－－－－－－－－－－,10.0,20.0,0.0,60.0,0.0,280.0,-650.0,3380.0,yonden
2016,4,2016-04-21,18:00,3360.0,0.0,3030.0,630.0,－－－－－－－－－－,10.0,0.0,0.0,60.0,0.0,290.0,-660.0,3360.0,yonden
2016,4,2016-04-21,19:00,3250.0,0.0,3070.0,630.0,－－－－－－－－－－,10.0,0.0,0.0,50.0,0.0,140.0,-650.0,3250.0,yonden
2016,4,2016-04-21,20:00,3090.0,0.0,3080.0,610.0,－－－－－－－－－－,10.0,0.0,0.0,40.0,0.0,0.0,-650.0,3090.0,yonden
2016,4,2016-04-21,21:00,2900.0,0.0,2920.0,570.0,－－－－－－－－－－,10.0,0.0,0.0,40.0,0.0,0.0,-640.0,2900.0,yonden
2016,4,2016-04-21,22:00,2670.0,0.0,2710.0,540.0,－－－－－－－－－－,10.0,0.0,0.0,50.0,0.0,0.0,-640.0,2670.0,yonden
2016,4,2016-04-21,23:00,2540.0,0.0,2580.0,530.0,－－－－－－－－－－,10.0,0.0,0.0,60.0,0.0,0.0,-640.0,2540.0,yonden
2016,4,2016-04-22,00:00,2470.0,0.0,2520.0,520.0,－－－－－－－－－－,10.0,0.0,0.0,60.0,0.0,0.0,-640.0,2470.0,yonden
2016,4,2016-04-22,01:00,2570.0,0.0,2580.0,520.0,－－－－－－－－－－,10.0,0.0,0.0,60.0,0.0,0.0,-600.0,2570.0,yonden
2016,4,2016-04-22,02:00,2800.0,0.0,2780.0,560.0,－－－－－－－－－－,10.0,0.0,0.0,70.0,0.0,0.0,-620.0,2800.0,yonden
2016,4,2016-04-22,03:00,3040.0,0.0,3000.0,590.0,－－－－－－－－－－,10.0,0.0,0.0,80.0,0.0,0.0,-640.0,3040.0,yonden
2016,4,2016-04-22,04:00,3060.0,0.0,3000.0,590.0,－－－－－－－－－－,10.0,0.0,0.0,80.0,0.0,0.0,-620.0,3060.0,yonden
2016,4,2016-04-22,05:00,2920.0,0.0,2870.0,590.0,－－－－－－－－－－,10.0,10.0,0.0,70.0,0.0,0.0,-630.0,2920.0,yonden
2016,4,2016-04-22,06:00,2670.0,0.0,2580.0,550.0,－－－－－－－－－－,10.0,110.0,0.0,70.0,0.0,0.0,-650.0,2670.0,yonden
2016,4,2016-04-22,07:00,2550.0,0.0,2420.0,480.0,－－－－－－－－－－,10.0,350.0,0.0,60.0,0.0,0.0,-770.0,2550.0,yonden
2016,4,2016-04-22,08:00,2840.0,0.0,2430.0,510.0,－－－－－－－－－－,10.0,640.0,0.0,50.0,0.0,0.0,-800.0,2840.0,yonden
2016,4,2016-04-22,09:00,3120.0,0.0,2490.0,590.0,－－－－－－－－－－,10.0,920.0,0.0,30.0,0.0,0.0,-920.0,3120.0,yonden
2016,4,2016-04-22,10:00,3170.0,0.0,2520.0,540.0,－－－－－－－－－－,10.0,1090.0,0.0,20.0,0.0,0.0,-1010.0,3170.0,yonden
2016,4,2016-04-22,11:00,3220.0,0.0,2400.0,480.0,－－－－－－－－－－,10.0,1250.0,0.0,20.0,0.0,0.0,-940.0,3220.0,yonden
2016,4,2016-04-22,12:00,3110.0,0.0,2390.0,530.0,－－－－－－－－－－,10.0,1310.0,0.0,20.0,0.0,-300.0,-850.0,3110.0,yonden
2016,4,2016-04-22,13:00,3250.0,0.0,2440.0,550.0,－－－－－－－－－－,10.0,1220.0,0.0,20.0,0.0,-150.0,-840.0,3250.0,yonden
2016,4,2016-04-22,14:00,3260.0,0.0,2440.0,520.0,－－－－－－－－－－,10.0,1140.0,0.0,20.0,0.0,0.0,-870.0,3260.0,yonden
2016,4,2016-04-22,15:00,3240.0,0.0,2620.0,580.0,－－－－－－－－－－,10.0,900.0,0.0,10.0,0.0,0.0,-880.0,3240.0,yonden
2016,4,2016-04-22,16:00,3250.0,0.0,2970.0,590.0,－－－－－－－－－－,10.0,580.0,0.0,10.0,0.0,0.0,-910.0,3250.0,yonden
2016,4,2016-04-22,17:00,3180.0,0.0,3070.0,680.0,－－－－－－－－－－,10.0,250.0,0.0,10.0,0.0,0.0,-840.0,3180.0,yonden
2016,4,2016-04-22,18:00,3150.0,0.0,2990.0,730.0,－－－－－－－－－－,10.0,30.0,0.0,10.0,0.0,70.0,-690.0,3150.0,yonden
2016,4,2016-04-22,19:00,3150.0,0.0,2910.0,690.0,－－－－－－－－－－,10.0,0.0,0.0,10.0,0.0,220.0,-690.0,3150.0,yonden
2016,4,2016-04-22,20:00,3000.0,0.0,3120.0,580.0,－－－－－－－－－－,10.0,0.0,0.0,10.0,0.0,20.0,-740.0,3000.0,yonden
2016,4,2016-04-22,21:00,2810.0,0.0,2880.0,540.0,－－－－－－－－－－,10.0,0.0,0.0,20.0,0.0,0.0,-640.0,2810.0,yonden
2016,4,2016-04-22,22:00,2630.0,0.0,2750.0,540.0,－－－－－－－－－－,10.0,0.0,0.0,10.0,0.0,0.0,-680.0,2630.0,yonden
2016,4,2016-04-22,23:00,2530.0,0.0,2610.0,490.0,－－－－－－－－－－,10.0,0.0,0.0,10.0,0.0,0.0,-590.0,2530.0,yonden
2016,4,2016-04-23,00:00,2420.0,0.0,2590.0,440.0,－－－－－－－－－－,10.0,0.0,0.0,0.0,0.0,0.0,-620.0,2420.0,yonden
2016,4,2016-04-23,01:00,2470.0,0.0,2570.0,440.0,－－－－－－－－－－,10.0,0.0,0.0,10.0,0.0,0.0,-560.0,2470.0,yonden
2016,4,2016-04-23,02:00,2670.0,0.0,2580.0,470.0,－－－－－－－－－－,10.0,0.0,0.0,10.0,0.0,180.0,-580.0,2670.0,yonden
2016,4,2016-04-23,03:00,2910.0,0.0,2560.0,570.0,－－－－－－－－－－,10.0,0.0,0.0,10.0,0.0,280.0,-520.0,2910.0,yonden
2016,4,2016-04-23,04:00,2930.0,0.0,2640.0,600.0,－－－－－－－－－－,10.0,0.0,0.0,10.0,0.0,170.0,-500.0,2930.0,yonden
2016,4,2016-04-23,05:00,2780.0,0.0,2670.0,570.0,－－－－－－－－－－,10.0,10.0,0.0,20.0,0.0,0.0,-500.0,2780.0,yonden
2016,4,2016-04-23,06:00,2530.0,0.0,2480.0,530.0,－－－－－－－－－－,10.0,140.0,0.0,20.0,0.0,0.0,-650.0,2530.0,yonden
2016,4,2016-04-23,07:00,2420.0,0.0,2320.0,510.0,－－－－－－－－－－,10.0,390.0,0.0,10.0,0.0,0.0,-820.0,2420.0,yonden
2016,4,2016-04-23,08:00,2630.0,0.0,2360.0,510.0,－－－－－－－－－－,10.0,630.0,0.0,10.0,0.0,0.0,-890.0,2630.0,yonden
2016,4,2016-04-23,09:00,2770.0,0.0,2310.0,480.0,－－－－－－－－－－,10.0,870.0,0.0,10.0,0.0,0.0,-910.0,2770.0,yonden
2016,4,2016-04-23,10:00,2880.0,0.0,2440.0,530.0,－－－－－－－－－－,10.0,970.0,0.0,10.0,0.0,0.0,-1080.0,2880.0,yonden
2016,4,2016-04-23,11:00,2970.0,0.0,2470.0,490.0,－－－－－－－－－－,10.0,1020.0,0.0,10.0,0.0,0.0,-1030.0,2970.0,yonden
2016,4,2016-04-23,12:00,2900.0,0.0,2690.0,540.0,－－－－－－－－－－,10.0,750.0,0.0,20.0,0.0,0.0,-1110.0,2900.0,yonden
2016,4,2016-04-23,13:00,2940.0,0.0,2980.0,430.0,－－－－－－－－－－,0.0,440.0,0.0,10.0,0.0,0.0,-920.0,2940.0,yonden
2016,4,2016-04-23,14:00,2790.0,0.0,2940.0,420.0,－－－－－－－－－－,10.0,230.0,0.0,20.0,0.0,0.0,-830.0,2790.0,yonden
2016,4,2016-04-23,15:00,2800.0,0.0,2910.0,470.0,－－－－－－－－－－,10.0,150.0,0.0,10.0,0.0,0.0,-750.0,2800.0,yonden
2016,4,2016-04-23,16:00,2850.0,0.0,2910.0,550.0,－－－－－－－－－－,10.0,80.0,0.0,0.0,0.0,0.0,-700.0,2850.0,yonden
2016,4,2016-04-23,17:00,2900.0,0.0,2880.0,630.0,－－－－－－－－－－,10.0,30.0,0.0,0.0,0.0,0.0,-650.0,2900.0,yonden
2016,4,2016-04-23,18:00,2970.0,0.0,2860.0,710.0,－－－－－－－－－－,10.0,10.0,0.0,0.0,0.0,0.0,-620.0,2970.0,yonden
2016,4,2016-04-23,19:00,2930.0,0.0,2850.0,700.0,－－－－－－－－－－,10.0,0.0,0.0,0.0,0.0,0.0,-630.0,2930.0,yonden
2016,4,2016-04-23,20:00,2800.0,0.0,2770.0,650.0,－－－－－－－－－－,10.0,0.0,0.0,0.0,0.0,0.0,-630.0,2800.0,yonden
2016,4,2016-04-23,21:00,2620.0,0.0,2630.0,580.0,－－－－－－－－－－,10.0,0.0,0.0,0.0,0.0,0.0,-600.0,2620.0,yonden
2016,4,2016-04-23,22:00,2440.0,0.0,2640.0,530.0,－－－－－－－－－－,10.0,0.0,0.0,0.0,0.0,0.0,-740.0,2440.0,yonden
2016,4,2016-04-23,23:00,2360.0,0.0,2550.0,430.0,－－－－－－－－－－,10.0,0.0,0.0,0.0,0.0,0.0,-630.0,2360.0,yonden
2016,4,2016-04-24,00:00,2280.0,0.0,2480.0,410.0,－－－－－－－－－－,10.0,0.0,0.0,0.0,0.0,0.0,-620.0,2280.0,yonden
2016,4,2016-04-24,01:00,2320.0,0.0,2480.0,440.0,－－－－－－－－－－,10.0,0.0,0.0,0.0,0.0,0.0,-610.0,2320.0,yonden
2016,4,2016-04-24,02:00,2560.0,0.0,2550.0,610.0,－－－－－－－－－－,10.0,0.0,0.0,0.0,0.0,0.0,-610.0,2560.0,yonden
2016,4,2016-04-24,03:00,2790.0,0.0,2700.0,690.0,－－－－－－－－－－,10.0,0.0,0.0,10.0,0.0,0.0,-620.0,2790.0,yonden
2016,4,2016-04-24,04:00,2830.0,0.0,2730.0,690.0,－－－－－－－－－－,10.0,0.0,0.0,10.0,0.0,0.0,-610.0,2830.0,yonden
2016,4,2016-04-24,05:00,2620.0,0.0,2520.0,600.0,－－－－－－－－－－,10.0,10.0,0.0,20.0,0.0,0.0,-540.0,2620.0,yonden
2016,4,2016-04-24,06:00,2300.0,0.0,2460.0,480.0,－－－－－－－－－－,10.0,80.0,0.0,30.0,0.0,0.0,-760.0,2300.0,yonden
2016,4,2016-04-24,07:00,2140.0,0.0,2460.0,460.0,－－－－－－－－－－,10.0,230.0,0.0,20.0,0.0,0.0,-1040.0,2140.0,yonden
2016,4,2016-04-24,08:00,2170.0,0.0,2130.0,420.0,－－－－－－－－－－,10.0,470.0,0.0,10.0,0.0,-30.0,-840.0,2170.0,yonden
2016,4,2016-04-24,09:00,2350.0,0.0,2250.0,430.0,－－－－－－－－－－,10.0,770.0,0.0,0.0,0.0,-300.0,-810.0,2350.0,yonden
2016,4,2016-04-24,10:00,2530.0,0.0,2300.0,500.0,－－－－－－－－－－,10.0,770.0,0.0,10.0,0.0,-300.0,-760.0,2530.0,yonden
2016,4,2016-04-24,11:00,2480.0,0.0,2540.0,530.0,－－－－－－－－－－,10.0,540.0,0.0,10.0,0.0,-300.0,-850.0,2480.0,yonden
2016,4,2016-04-24,12:00,2380.0,0.0,2420.0,430.0,－－－－－－－－－－,10.0,430.0,0.0,0.0,0.0,-30.0,-880.0,2380.0,yonden
2016,4,2016-04-24,13:00,2450.0,0.0,2470.0,410.0,－－－－－－－－－－,10.0,350.0,0.0,0.0,0.0,0.0,-790.0,2450.0,yonden
2016,4,2016-04-24,14:00,2380.0,0.0,2400.0,430.0,－－－－－－－－－－,10.0,230.0,0.0,0.0,0.0,0.0,-690.0,2380.0,yonden
2016,4,2016-04-24,15:00,2340.0,0.0,2310.0,500.0,－－－－－－－－－－,10.0,230.0,0.0,0.0,0.0,0.0,-710.0,2340.0,yonden
2016,4,2016-04-24,16:00,2430.0,0.0,2440.0,500.0,－－－－－－－－－－,10.0,210.0,0.0,0.0,0.0,0.0,-730.0,2430.0,yonden
2016,4,2016-04-24,17:00,2550.0,0.0,2420.0,590.0,－－－－－－－－－－,10.0,110.0,0.0,0.0,0.0,0.0,-580.0,2550.0,yonden
2016,4,2016-04-24,18:00,2770.0,0.0,2690.0,670.0,－－－－－－－－－－,10.0,20.0,0.0,0.0,0.0,0.0,-620.0,2770.0,yonden
2016,4,2016-04-24,19:00,2850.0,0.0,2820.0,650.0,－－－－－－－－－－,10.0,0.0,0.0,0.0,0.0,0.0,-630.0,2850.0,yonden
2016,4,2016-04-24,20:00,2760.0,0.0,2800.0,580.0,－－－－－－－－－－,10.0,0.0,0.0,0.0,0.0,0.0,-630.0,2760.0,yonden
2016,4,2016-04-24,21:00,2620.0,0.0,2730.0,490.0,－－－－－－－－－－,10.0,0.0,0.0,0.0,0.0,0.0,-610.0,2620.0,yonden
2016,4,2016-04-24,22:00,2440.0,0.0,2580.0,440.0,－－－－－－－－－－,10.0,0.0,0.0,0.0,0.0,0.0,-590.0,2440.0,yonden
2016,4,2016-04-24,23:00,2340.0,0.0,2520.0,400.0,－－－－－－－－－－,10.0,0.0,0.0,0.0,0.0,0.0,-590.0,2340.0,yonden
2016,4,2016-04-25,00:00,2280.0,0.0,2530.0,360.0,－－－－－－－－－－,10.0,0.0,0.0,0.0,0.0,0.0,-620.0,2280.0,yonden
2016,4,2016-04-25,01:00,2350.0,0.0,2560.0,380.0,－－－－－－－－－－,10.0,0.0,0.0,0.0,0.0,0.0,-600.0,2350.0,yonden
2016,4,2016-04-25,02:00,2610.0,0.0,2780.0,440.0,－－－－－－－－－－,10.0,0.0,0.0,0.0,0.0,0.0,-620.0,2610.0,yonden
2016,4,2016-04-25,03:00,2850.0,0.0,2810.0,570.0,－－－－－－－－－－,10.0,0.0,0.0,0.0,0.0,0.0,-540.0,2850.0,yonden
2016,4,2016-04-25,04:00,2930.0,0.0,2810.0,650.0,－－－－－－－－－－,10.0,0.0,0.0,0.0,0.0,0.0,-540.0,2930.0,yonden
2016,4,2016-04-25,05:00,2800.0,0.0,2700.0,610.0,－－－－－－－－－－,10.0,10.0,0.0,0.0,0.0,0.0,-530.0,2800.0,yonden
2016,4,2016-04-25,06:00,2570.0,0.0,2510.0,520.0,－－－－－－－－－－,10.0,140.0,0.0,10.0,0.0,0.0,-620.0,2570.0,yonden
2016,4,2016-04-25,07:00,2480.0,0.0,2390.0,450.0,－－－－－－－－－－,10.0,370.0,0.0,10.0,0.0,0.0,-750.0,2480.0,yonden
2016,4,2016-04-25,08:00,2830.0,0.0,2710.0,460.0,－－－－－－－－－－,10.0,570.0,0.0,0.0,0.0,0.0,-920.0,2830.0,yonden
2016,4,2016-04-25,09:00,3070.0,0.0,2800.0,450.0,－－－－－－－－－－,10.0,680.0,0.0,0.0,0.0,0.0,-870.0,3070.0,yonden
2016,4,2016-04-25,10:00,3030.0,0.0,2640.0,450.0,－－－－－－－－－－,10.0,760.0,0.0,0.0,0.0,0.0,-830.0,3030.0,yonden
2016,4,2016-04-25,11:00,3070.0,0.0,2630.0,430.0,－－－－－－－－－－,10.0,850.0,0.0,0.0,0.0,0.0,-850.0,3070.0,yonden
2016,4,2016-04-25,12:00,3010.0,0.0,2730.0,400.0,－－－－－－－－－－,10.0,680.0,0.0,0.0,0.0,0.0,-810.0,3010.0,yonden
2016,4,2016-04-25,13:00,3160.0,0.0,3090.0,460.0,－－－－－－－－－－,10.0,440.0,0.0,0.0,0.0,0.0,-840.0,3160.0,yonden
2016,4,2016-04-25,14:00,3160.0,0.0,3170.0,480.0,－－－－－－－－－－,10.0,360.0,0.0,10.0,0.0,0.0,-870.0,3160.0,yonden
2016,4,2016-04-25,15:00,3150.0,0.0,3170.0,490.0,－－－－－－－－－－,10.0,240.0,0.0,0.0,0.0,0.0,-760.0,3150.0,yonden
2016,4,2016-04-25,16:00,3140.0,0.0,3170.0,520.0,－－－－－－－－－－,10.0,180.0,0.0,10.0,0.0,0.0,-750.0,3140.0,yonden
2016,4,2016-04-25,17:00,3140.0,0.0,3200.0,640.0,－－－－－－－－－－,10.0,100.0,0.0,10.0,0.0,0.0,-820.0,3140.0,yonden
2016,4,2016-04-25,18:00,3220.0,0.0,3180.0,740.0,－－－－－－－－－－,10.0,10.0,0.0,0.0,0.0,0.0,-720.0,3220.0,yonden
2016,4,2016-04-25,19:00,3200.0,0.0,3230.0,740.0,－－－－－－－－－－,10.0,0.0,0.0,0.0,0.0,0.0,-780.0,3200.0,yonden
2016,4,2016-04-25,20:00,3030.0,0.0,3160.0,640.0,－－－－－－－－－－,10.0,0.0,0.0,10.0,0.0,0.0,-790.0,3030.0,yonden
2016,4,2016-04-25,21:00,2830.0,0.0,3070.0,470.0,－－－－－－－－－－,10.0,0.0,0.0,10.0,0.0,0.0,-730.0,2830.0,yonden
2016,4,2016-04-25,22:00,2610.0,0.0,2920.0,400.0,－－－－－－－－－－,10.0,0.0,0.0,0.0,0.0,0.0,-720.0,2610.0,yonden
2016,4,2016-04-25,23:00,2510.0,0.0,2770.0,340.0,－－－－－－－－－－,10.0,0.0,0.0,0.0,0.0,0.0,-610.0,2510.0,yonden
2016,4,2016-04-26,00:00,2410.0,0.0,2550.0,320.0,－－－－－－－－－－,10.0,0.0,0.0,0.0,0.0,0.0,-470.0,2410.0,yonden
2016,4,2016-04-26,01:00,2530.0,0.0,2610.0,360.0,－－－－－－－－－－,10.0,0.0,0.0,0.0,0.0,0.0,-450.0,2530.0,yonden
2016,4,2016-04-26,02:00,2790.0,0.0,2780.0,470.0,－－－－－－－－－－,10.0,0.0,0.0,0.0,0.0,0.0,-470.0,2790.0,yonden
2016,4,2016-04-26,03:00,3020.0,0.0,2910.0,600.0,－－－－－－－－－－,10.0,0.0,0.0,0.0,0.0,0.0,-500.0,3020.0,yonden
2016,4,2016-04-26,04:00,3070.0,0.0,3020.0,640.0,－－－－－－－－－－,10.0,0.0,0.0,0.0,0.0,0.0,-600.0,3070.0,yonden
2016,4,2016-04-26,05:00,2940.0,0.0,2800.0,620.0,－－－－－－－－－－,10.0,10.0,0.0,0.0,0.0,0.0,-500.0,2940.0,yonden
2016,4,2016-04-26,06:00,2690.0,0.0,2640.0,470.0,－－－－－－－－－－,10.0,140.0,0.0,0.0,0.0,0.0,-570.0,2690.0,yonden
2016,4,2016-04-26,07:00,2570.0,0.0,2500.0,430.0,－－－－－－－－－－,10.0,410.0,0.0,0.0,0.0,0.0,-780.0,2570.0,yonden
2016,4,2016-04-26,08:00,2820.0,0.0,2460.0,510.0,－－－－－－－－－－,10.0,730.0,0.0,0.0,0.0,0.0,-890.0,2820.0,yonden
2016,4,2016-04-26,09:00,3050.0,0.0,2470.0,490.0,－－－－－－－－－－,10.0,1040.0,0.0,0.0,0.0,0.0,-960.0,3050.0,yonden
2016,4,2016-04-26,10:00,3130.0,0.0,2480.0,420.0,－－－－－－－－－－,10.0,1250.0,0.0,0.0,0.0,0.0,-1030.0,3130.0,yonden
2016,4,2016-04-26,11:00,3200.0,0.0,2410.0,340.0,－－－－－－－－－－,10.0,1360.0,0.0,0.0,0.0,0.0,-920.0,3200.0,yonden
2016,4,2016-04-26,12:00,3080.0,0.0,2290.0,330.0,－－－－－－－－－－,10.0,1380.0,0.0,0.0,0.0,0.0,-930.0,3080.0,yonden
2016,4,2016-04-26,13:00,3300.0,0.0,2630.0,340.0,－－－－－－－－－－,10.0,1250.0,0.0,0.0,0.0,0.0,-930.0,3300.0,yonden
2016,4,2016-04-26,14:00,3280.0,0.0,2780.0,360.0,－－－－－－－－－－,10.0,1060.0,0.0,0.0,0.0,0.0,-930.0,3280.0,yonden
2016,4,2016-04-26,15:00,3270.0,0.0,3040.0,470.0,－－－－－－－－－－,10.0,790.0,0.0,0.0,0.0,0.0,-1040.0,3270.0,yonden
2016,4,2016-04-26,16:00,3270.0,0.0,3230.0,550.0,－－－－－－－－－－,10.0,470.0,0.0,10.0,0.0,0.0,-1000.0,3270.0,yonden
2016,4,2016-04-26,17:00,3170.0,0.0,3190.0,670.0,－－－－－－－－－－,10.0,190.0,0.0,20.0,0.0,0.0,-910.0,3170.0,yonden
2016,4,2016-04-26,18:00,3200.0,0.0,3140.0,720.0,－－－－－－－－－－,10.0,20.0,0.0,20.0,0.0,0.0,-710.0,3200.0,yonden
2016,4,2016-04-26,19:00,3190.0,0.0,3160.0,710.0,－－－－－－－－－－,10.0,0.0,0.0,20.0,0.0,0.0,-710.0,3190.0,yonden
2016,4,2016-04-26,20:00,3030.0,0.0,3130.0,620.0,－－－－－－－－－－,10.0,0.0,0.0,20.0,0.0,0.0,-750.0,3030.0,yonden
2016,4,2016-04-26,21:00,2790.0,0.0,2990.0,530.0,－－－－－－－－－－,10.0,0.0,0.0,20.0,0.0,0.0,-760.0,2790.0,yonden
2016,4,2016-04-26,22:00,2580.0,0.0,2780.0,440.0,－－－－－－－－－－,10.0,0.0,0.0,30.0,0.0,0.0,-680.0,2580.0,yonden
2016,4,2016-04-26,23:00,2490.0,0.0,2760.0,330.0,－－－－－－－－－－,10.0,0.0,0.0,30.0,0.0,0.0,-640.0,2490.0,yonden
2016,4,2016-04-27,00:00,2460.0,0.0,2700.0,290.0,－－－－－－－－－－,10.0,0.0,0.0,40.0,0.0,0.0,-580.0,2460.0,yonden
2016,4,2016-04-27,01:00,2520.0,0.0,2710.0,290.0,－－－－－－－－－－,10.0,0.0,0.0,20.0,0.0,0.0,-510.0,2520.0,yonden
2016,4,2016-04-27,02:00,2730.0,0.0,2760.0,430.0,－－－－－－－－－－,10.0,0.0,0.0,20.0,0.0,0.0,-490.0,2730.0,yonden
2016,4,2016-04-27,03:00,2950.0,0.0,2880.0,600.0,－－－－－－－－－－,10.0,0.0,0.0,20.0,0.0,0.0,-560.0,2950.0,yonden
2016,4,2016-04-27,04:00,2980.0,0.0,2940.0,550.0,－－－－－－－－－－,10.0,0.0,0.0,20.0,0.0,0.0,-540.0,2980.0,yonden
2016,4,2016-04-27,05:00,2820.0,0.0,2880.0,440.0,－－－－－－－－－－,10.0,0.0,0.0,20.0,0.0,0.0,-530.0,2820.0,yonden
2016,4,2016-04-27,06:00,2700.0,0.0,2900.0,340.0,－－－－－－－－－－,10.0,20.0,0.0,20.0,0.0,0.0,-590.0,2700.0,yonden
2016,4,2016-04-27,07:00,2730.0,0.0,2910.0,330.0,－－－－－－－－－－,10.0,50.0,0.0,20.0,0.0,0.0,-590.0,2730.0,yonden
2016,4,2016-04-27,08:00,3090.0,0.0,3180.0,420.0,－－－－－－－－－－,10.0,90.0,0.0,30.0,0.0,0.0,-640.0,3090.0,yonden
2016,4,2016-04-27,09:00,3260.0,0.0,3170.0,530.0,－－－－－－－－－－,10.0,130.0,0.0,30.0,0.0,0.0,-610.0,3260.0,yonden
2016,4,2016-04-27,10:00,3290.0,0.0,3100.0,580.0,－－－－－－－－－－,10.0,170.0,0.0,30.0,0.0,0.0,-600.0,3290.0,yonden
2016,4,2016-04-27,11:00,3320.0,0.0,3180.0,490.0,－－－－－－－－－－,10.0,190.0,0.0,40.0,0.0,0.0,-590.0,3320.0,yonden
2016,4,2016-04-27,12:00,3120.0,0.0,3140.0,390.0,－－－－－－－－－－,10.0,160.0,0.0,40.0,0.0,0.0,-620.0,3120.0,yonden
2016,4,2016-04-27,13:00,3340.0,0.0,3280.0,450.0,－－－－－－－－－－,10.0,130.0,0.0,40.0,0.0,0.0,-570.0,3340.0,yonden
2016,4,2016-04-27,14:00,3330.0,0.0,3300.0,470.0,－－－－－－－－－－,10.0,100.0,0.0,30.0,0.0,0.0,-580.0,3330.0,yonden
2016,4,2016-04-27,15:00,3260.0,0.0,3180.0,490.0,－－－－－－－－－－,10.0,110.0,0.0,40.0,0.0,0.0,-570.0,3260.0,yonden
2016,4,2016-04-27,16:00,3280.0,0.0,3200.0,520.0,－－－－－－－－－－,10.0,90.0,0.0,40.0,0.0,0.0,-580.0,3280.0,yonden
2016,4,2016-04-27,17:00,3210.0,0.0,3000.0,680.0,－－－－－－－－－－,10.0,60.0,0.0,40.0,0.0,0.0,-580.0,3210.0,yonden
2016,4,2016-04-27,18:00,3240.0,0.0,3030.0,750.0,－－－－－－－－－－,10.0,10.0,0.0,50.0,0.0,0.0,-610.0,3240.0,yonden
2016,4,2016-04-27,19:00,3180.0,0.0,2980.0,750.0,－－－－－－－－－－,10.0,0.0,0.0,60.0,0.0,0.0,-620.0,3180.0,yonden
2016,4,2016-04-27,20:00,3010.0,0.0,2950.0,650.0,－－－－－－－－－－,10.0,0.0,0.0,80.0,0.0,0.0,-680.0,3010.0,yonden
2016,4,2016-04-27,21:00,2830.0,0.0,2850.0,550.0,－－－－－－－－－－,10.0,0.0,0.0,70.0,0.0,0.0,-650.0,2830.0,yonden
2016,4,2016-04-27,22:00,2670.0,0.0,2720.0,470.0,－－－－－－－－－－,10.0,0.0,0.0,50.0,0.0,0.0,-580.0,2670.0,yonden
2016,4,2016-04-27,23:00,2590.0,0.0,2680.0,450.0,－－－－－－－－－－,10.0,0.0,0.0,40.0,0.0,0.0,-590.0,2590.0,yonden
2016,4,2016-04-28,00:00,2500.0,0.0,2620.0,430.0,－－－－－－－－－－,10.0,0.0,0.0,30.0,0.0,0.0,-590.0,2500.0,yonden
2016,4,2016-04-28,01:00,2540.0,0.0,2650.0,440.0,－－－－－－－－－－,10.0,0.0,0.0,10.0,0.0,0.0,-570.0,2540.0,yonden
2016,4,2016-04-28,02:00,2740.0,0.0,2710.0,500.0,－－－－－－－－－－,10.0,0.0,0.0,0.0,0.0,0.0,-480.0,2740.0,yonden
2016,4,2016-04-28,03:00,2960.0,0.0,2970.0,580.0,－－－－－－－－－－,10.0,0.0,0.0,0.0,0.0,0.0,-600.0,2960.0,yonden
2016,4,2016-04-28,04:00,3000.0,0.0,3010.0,580.0,－－－－－－－－－－,10.0,0.0,0.0,0.0,0.0,0.0,-600.0,3000.0,yonden
2016,4,2016-04-28,05:00,2850.0,0.0,2820.0,550.0,－－－－－－－－－－,10.0,10.0,0.0,0.0,0.0,0.0,-540.0,2850.0,yonden
2016,4,2016-04-28,06:00,2640.0,0.0,2690.0,480.0,－－－－－－－－－－,10.0,50.0,0.0,10.0,0.0,0.0,-600.0,2640.0,yonden
2016,4,2016-04-28,07:00,2640.0,0.0,2700.0,480.0,－－－－－－－－－－,10.0,120.0,0.0,10.0,0.0,0.0,-680.0,2640.0,yonden
2016,4,2016-04-28,08:00,3010.0,0.0,2970.0,520.0,－－－－－－－－－－,10.0,200.0,0.0,20.0,0.0,0.0,-710.0,3010.0,yonden
2016,4,2016-04-28,09:00,3190.0,0.0,3210.0,530.0,－－－－－－－－－－,10.0,290.0,0.0,40.0,0.0,0.0,-890.0,3190.0,yonden
2016,4,2016-04-28,10:00,3130.0,0.0,3200.0,530.0,－－－－－－－－－－,10.0,430.0,0.0,50.0,0.0,0.0,-1090.0,3130.0,yonden
2016,4,2016-04-28,11:00,3210.0,0.0,3060.0,460.0,－－－－－－－－－－,10.0,610.0,0.0,50.0,0.0,0.0,-980.0,3210.0,yonden
2016,4,2016-04-28,12:00,2970.0,0.0,2760.0,430.0,－－－－－－－－－－,10.0,670.0,0.0,60.0,0.0,0.0,-960.0,2970.0,yonden
2016,4,2016-04-28,13:00,3220.0,0.0,2860.0,460.0,－－－－－－－－－－,10.0,690.0,0.0,90.0,0.0,0.0,-890.0,3220.0,yonden
2016,4,2016-04-28,14:00,3340.0,0.0,3160.0,490.0,－－－－－－－－－－,10.0,490.0,0.0,90.0,0.0,0.0,-900.0,3340.0,yonden
2016,4,2016-04-28,15:00,3350.0,0.0,3340.0,530.0,－－－－－－－－－－,10.0,330.0,0.0,90.0,0.0,0.0,-950.0,3350.0,yonden
2016,4,2016-04-28,16:00,3230.0,0.0,3220.0,590.0,－－－－－－－－－－,10.0,170.0,0.0,100.0,0.0,0.0,-860.0,3230.0,yonden
2016,4,2016-04-28,17:00,3120.0,0.0,3000.0,690.0,－－－－－－－－－－,10.0,70.0,0.0,100.0,0.0,30.0,-780.0,3120.0,yonden
2016,4,2016-04-28,18:00,3130.0,0.0,2760.0,710.0,－－－－－－－－－－,10.0,10.0,0.0,100.0,0.0,280.0,-740.0,3130.0,yonden
2016,4,2016-04-28,19:00,3080.0,0.0,2770.0,680.0,－－－－－－－－－－,10.0,0.0,0.0,110.0,0.0,300.0,-790.0,3080.0,yonden
2016,4,2016-04-28,20:00,2940.0,0.0,2690.0,590.0,－－－－－－－－－－,10.0,0.0,0.0,110.0,0.0,290.0,-750.0,2940.0,yonden
2016,4,2016-04-28,21:00,2760.0,0.0,2790.0,590.0,－－－－－－－－－－,10.0,0.0,0.0,110.0,0.0,80.0,-820.0,2760.0,yonden
2016,4,2016-04-28,22:00,2560.0,0.0,2750.0,550.0,－－－－－－－－－－,10.0,0.0,0.0,100.0,0.0,0.0,-850.0,2560.0,yonden
2016,4,2016-04-28,23:00,2480.0,0.0,2640.0,470.0,－－－－－－－－－－,10.0,0.0,0.0,90.0,0.0,0.0,-730.0,2480.0,yonden
2016,4,2016-04-29,00:00,2470.0,0.0,2710.0,440.0,－－－－－－－－－－,10.0,0.0,0.0,90.0,0.0,0.0,-780.0,2470.0,yonden
2016,4,2016-04-29,01:00,2550.0,0.0,2690.0,450.0,－－－－－－－－－－,10.0,0.0,0.0,100.0,0.0,0.0,-700.0,2550.0,yonden
2016,4,2016-04-29,02:00,2790.0,0.0,2840.0,600.0,－－－－－－－－－－,10.0,0.0,0.0,110.0,0.0,0.0,-770.0,2790.0,yonden
2016,4,2016-04-29,03:00,2990.0,0.0,2930.0,650.0,－－－－－－－－－－,10.0,0.0,0.0,110.0,0.0,0.0,-710.0,2990.0,yonden
2016,4,2016-04-29,04:00,3030.0,0.0,2940.0,650.0,－－－－－－－－－－,10.0,0.0,0.0,110.0,0.0,0.0,-680.0,3030.0,yonden
2016,4,2016-04-29,05:00,2880.0,0.0,2790.0,630.0,－－－－－－－－－－,10.0,10.0,0.0,110.0,0.0,0.0,-670.0,2880.0,yonden
2016,4,2016-04-29,06:00,2610.0,0.0,2550.0,480.0,－－－－－－－－－－,10.0,140.0,0.0,100.0,0.0,0.0,-670.0,2610.0,yonden
2016,4,2016-04-29,07:00,2380.0,0.0,2230.0,430.0,－－－－－－－－－－,10.0,410.0,0.0,90.0,0.0,0.0,-790.0,2380.0,yonden
2016,4,2016-04-29,08:00,2540.0,0.0,2320.0,540.0,－－－－－－－－－－,10.0,730.0,0.0,80.0,0.0,-200.0,-940.0,2540.0,yonden
2016,4,2016-04-29,09:00,2760.0,0.0,2330.0,560.0,－－－－－－－－－－,10.0,980.0,0.0,80.0,0.0,-300.0,-900.0,2760.0,yonden
2016,4,2016-04-29,10:00,2900.0,0.0,2260.0,500.0,－－－－－－－－－－,10.0,1170.0,0.0,80.0,0.0,-130.0,-990.0,2900.0,yonden
2016,4,2016-04-29,11:00,2910.0,0.0,2210.0,390.0,－－－－－－－－－－,10.0,1280.0,0.0,70.0,0.0,0.0,-1050.0,2910.0,yonden
2016,4,2016-04-29,12:00,2810.0,0.0,2090.0,390.0,－－－－－－－－－－,10.0,1340.0,0.0,70.0,0.0,0.0,-1090.0,2810.0,yonden
2016,4,2016-04-29,13:00,2860.0,0.0,2130.0,390.0,－－－－－－－－－－,10.0,1290.0,0.0,80.0,0.0,0.0,-1040.0,2860.0,yonden
2016,4,2016-04-29,14:00,2780.0,0.0,2030.0,400.0,－－－－－－－－－－,10.0,1140.0,0.0,80.0,0.0,0.0,-880.0,2780.0,yonden
2016,4,2016-04-29,15:00,2700.0,0.0,2290.0,450.0,－－－－－－－－－－,10.0,910.0,0.0,80.0,0.0,0.0,-1040.0,2700.0,yonden
2016,4,2016-04-29,16:00,2760.0,0.0,2570.0,520.0,－－－－－－－－－－,10.0,620.0,0.0,80.0,0.0,0.0,-1040.0,2760.0,yonden
2016,4,2016-04-29,17:00,2780.0,0.0,2780.0,630.0,－－－－－－－－－－,10.0,300.0,0.0,80.0,0.0,0.0,-1020.0,2780.0,yonden
2016,4,2016-04-29,18:00,2860.0,0.0,2990.0,710.0,－－－－－－－－－－,10.0,40.0,0.0,40.0,0.0,30.0,-960.0,2860.0,yonden
2016,4,2016-04-29,19:00,2950.0,0.0,3060.0,660.0,－－－－－－－－－－,10.0,0.0,0.0,30.0,0.0,70.0,-880.0,2950.0,yonden
2016,4,2016-04-29,20:00,2870.0,0.0,3040.0,640.0,－－－－－－－－－－,10.0,0.0,0.0,20.0,0.0,0.0,-840.0,2870.0,yonden
2016,4,2016-04-29,21:00,2730.0,0.0,2920.0,600.0,－－－－－－－－－－,10.0,0.0,0.0,20.0,0.0,0.0,-820.0,2730.0,yonden
2016,4,2016-04-29,22:00,2520.0,0.0,2850.0,520.0,－－－－－－－－－－,10.0,0.0,0.0,10.0,0.0,0.0,-870.0,2520.0,yonden
2016,4,2016-04-29,23:00,2440.0,0.0,2770.0,450.0,－－－－－－－－－－,10.0,0.0,0.0,10.0,0.0,0.0,-800.0,2440.0,yonden
2016,4,2016-04-30,00:00,2380.0,0.0,2620.0,390.0,－－－－－－－－－－,10.0,0.0,0.0,10.0,0.0,0.0,-650.0,2380.0,yonden
2016,4,2016-04-30,01:00,2470.0,0.0,2720.0,400.0,－－－－－－－－－－,10.0,0.0,0.0,0.0,0.0,0.0,-660.0,2470.0,yonden
2016,4,2016-04-30,02:00,2720.0,0.0,2850.0,520.0,－－－－－－－－－－,10.0,0.0,0.0,0.0,0.0,0.0,-660.0,2720.0,yonden
2016,4,2016-04-30,03:00,2950.0,0.0,2990.0,600.0,－－－－－－－－－－,10.0,0.0,0.0,0.0,0.0,0.0,-650.0,2950.0,yonden
2016,4,2016-04-30,04:00,2980.0,0.0,2990.0,610.0,－－－－－－－－－－,10.0,0.0,0.0,0.0,0.0,0.0,-630.0,2980.0,yonden
2016,4,2016-04-30,05:00,2830.0,0.0,2940.0,520.0,－－－－－－－－－－,10.0,10.0,0.0,0.0,0.0,0.0,-650.0,2830.0,yonden
2016,4,2016-04-30,06:00,2560.0,0.0,2550.0,500.0,－－－－－－－－－－,10.0,180.0,0.0,0.0,0.0,0.0,-680.0,2560.0,yonden
2016,4,2016-04-30,07:00,2390.0,0.0,2240.0,400.0,－－－－－－－－－－,10.0,470.0,0.0,0.0,0.0,0.0,-730.0,2390.0,yonden
2016,4,2016-04-30,08:00,2590.0,0.0,2100.0,390.0,－－－－－－－－－－,10.0,800.0,0.0,0.0,0.0,0.0,-710.0,2590.0,yonden
2016,4,2016-04-30,09:00,2660.0,0.0,1980.0,390.0,－－－－－－－－－－,10.0,1070.0,0.0,0.0,0.0,0.0,-790.0,2660.0,yonden
2016,4,2016-04-30,10:00,2750.0,0.0,2030.0,410.0,－－－－－－－－－－,10.0,1300.0,0.0,0.0,0.0,-100.0,-900.0,2750.0,yonden
2016,4,2016-04-30,11:00,2820.0,0.0,2080.0,380.0,－－－－－－－－－－,10.0,1420.0,0.0,0.0,0.0,-300.0,-770.0,2820.0,yonden
2016,4,2016-04-30,12:00,2740.0,0.0,2100.0,340.0,－－－－－－－－－－,10.0,1420.0,0.0,10.0,0.0,-300.0,-840.0,2740.0,yonden
2016,4,2016-04-30,13:00,2770.0,0.0,2060.0,340.0,－－－－－－－－－－,10.0,1340.0,0.0,20.0,0.0,-150.0,-850.0,2770.0,yonden
2016,4,2016-04-30,14:00,2750.0,0.0,2020.0,320.0,－－－－－－－－－－,10.0,1170.0,0.0,20.0,0.0,0.0,-790.0,2750.0,yonden
2016,4,2016-04-30,15:00,2710.0,0.0,2160.0,400.0,－－－－－－－－－－,10.0,910.0,0.0,20.0,0.0,0.0,-790.0,2710.0,yonden
2016,4,2016-04-30,16:00,2720.0,0.0,2370.0,510.0,－－－－－－－－－－,10.0,590.0,0.0,40.0,0.0,0.0,-800.0,2720.0,yonden
2016,4,2016-04-30,17:00,2730.0,0.0,2560.0,610.0,－－－－－－－－－－,10.0,260.0,0.0,50.0,0.0,0.0,-760.0,2730.0,yonden
2016,4,2016-04-30,18:00,2760.0,0.0,2630.0,680.0,－－－－－－－－－－,10.0,40.0,0.0,50.0,0.0,30.0,-680.0,2760.0,yonden
2016,4,2016-04-30,19:00,2820.0,0.0,2620.0,660.0,－－－－－－－－－－,10.0,0.0,0.0,60.0,0.0,140.0,-670.0,2820.0,yonden
2016,4,2016-04-30,20:00,2720.0,0.0,2620.0,610.0,－－－－－－－－－－,10.0,0.0,0.0,50.0,0.0,90.0,-660.0,2720.0,yonden
2016,4,2016-04-30,21:00,2570.0,0.0,2640.0,540.0,－－－－－－－－－－,10.0,0.0,0.0,50.0,0.0,0.0,-670.0,2570.0,yonden
2016,4,2016-04-30,22:00,2390.0,0.0,2600.0,470.0,－－－－－－－－－－,10.0,0.0,0.0,50.0,0.0,0.0,-740.0,2390.0,yonden
2016,4,2016-04-30,23:00,2280.0,0.0,2550.0,440.0,－－－－－－－－－－,10.0,0.0,0.0,30.0,0.0,0.0,-750.0,2280.0,yonden
2016,5,2016-05-01,00:00,2200.0,0.0,2430.0,390.0,－－－－－－－－－－,10.0,0.0,0.0,30.0,0.0,0.0,-660.0,2200.0,yonden
2016,5,2016-05-01,01:00,2290.0,0.0,2500.0,390.0,－－－－－－－－－－,10.0,0.0,0.0,20.0,0.0,0.0,-630.0,2290.0,yonden
2016,5,2016-05-01,02:00,2520.0,0.0,2670.0,440.0,－－－－－－－－－－,10.0,0.0,0.0,10.0,0.0,20.0,-630.0,2520.0,yonden
2016,5,2016-05-01,03:00,2800.0,0.0,2790.0,520.0,－－－－－－－－－－,10.0,0.0,0.0,0.0,0.0,140.0,-660.0,2800.0,yonden
2016,5,2016-05-01,04:00,2830.0,0.0,2830.0,490.0,－－－－－－－－－－,10.0,0.0,0.0,10.0,0.0,140.0,-650.0,2830.0,yonden
2016,5,2016-05-01,05:00,2630.0,0.0,2740.0,460.0,－－－－－－－－－－,10.0,20.0,0.0,0.0,0.0,30.0,-630.0,2630.0,yonden
2016,5,2016-05-01,06:00,2300.0,0.0,2420.0,380.0,－－－－－－－－－－,10.0,180.0,0.0,0.0,0.0,0.0,-690.0,2300.0,yonden
2016,5,2016-05-01,07:00,2120.0,0.0,2110.0,340.0,－－－－－－－－－－,10.0,460.0,0.0,0.0,0.0,0.0,-800.0,2120.0,yonden
2016,5,2016-05-01,08:00,2220.0,0.0,2160.0,330.0,－－－－－－－－－－,10.0,790.0,0.0,0.0,0.0,-250.0,-820.0,2220.0,yonden
2016,5,2016-05-01,09:00,2310.0,0.0,2160.0,350.0,－－－－－－－－－－,10.0,1050.0,0.0,0.0,0.0,-300.0,-960.0,2310.0,yonden
2016,5,2016-05-01,10:00,2420.0,0.0,2110.0,350.0,－－－－－－－－－－,10.0,1280.0,0.0,0.0,0.0,-300.0,-1030.0,2420.0,yonden
2016,5,2016-05-01,11:00,2520.0,0.0,2210.0,370.0,－－－－－－－－－－,10.0,1400.0,0.0,0.0,0.0,-450.0,-1020.0,2520.0,yonden
2016,5,2016-05-01,12:00,2560.0,0.0,2290.0,390.0,－－－－－－－－－－,10.0,1410.0,0.0,0.0,0.0,-540.0,-1000.0,2560.0,yonden
2016,5,2016-05-01,13:00,2540.0,0.0,2200.0,310.0,－－－－－－－－－－,10.0,1330.0,0.0,0.0,0.0,-290.0,-1020.0,2540.0,yonden
2016,5,2016-05-01,14:00,2440.0,0.0,2170.0,310.0,－－－－－－－－－－,10.0,1160.0,0.0,0.0,0.0,-290.0,-920.0,2440.0,yonden
2016,5,2016-05-01,15:00,2440.0,0.0,2210.0,330.0,－－－－－－－－－－,10.0,890.0,0.0,0.0,0.0,-120.0,-880.0,2440.0,yonden
2016,5,2016-05-01,16:00,2460.0,0.0,2240.0,410.0,－－－－－－－－－－,10.0,570.0,0.0,0.0,0.0,0.0,-770.0,2460.0,yonden
2016,5,2016-05-01,17:00,2560.0,0.0,2510.0,580.0,－－－－－－－－－－,10.0,260.0,0.0,0.0,0.0,0.0,-800.0,2560.0,yonden
2016,5,2016-05-01,18:00,2620.0,0.0,2700.0,660.0,－－－－－－－－－－,10.0,40.0,0.0,10.0,0.0,0.0,-800.0,2620.0,yonden
2016,5,2016-05-01,19:00,2680.0,0.0,2550.0,630.0,－－－－－－－－－－,10.0,0.0,0.0,20.0,0.0,270.0,-800.0,2680.0,yonden
2016,5,2016-05-01,20:00,2590.0,0.0,2640.0,590.0,－－－－－－－－－－,10.0,0.0,0.0,30.0,0.0,140.0,-820.0,2590.0,yonden
2016,5,2016-05-01,21:00,2440.0,0.0,2660.0,480.0,－－－－－－－－－－,10.0,0.0,0.0,40.0,0.0,0.0,-750.0,2440.0,yonden
2016,5,2016-05-01,22:00,2310.0,0.0,2540.0,360.0,－－－－－－－－－－,10.0,0.0,0.0,50.0,0.0,0.0,-650.0,2310.0,yonden
2016,5,2016-05-01,23:00,2240.0,0.0,2500.0,330.0,－－－－－－－－－－,10.0,0.0,0.0,40.0,0.0,0.0,-640.0,2240.0,yonden
2016,5,2016-05-02,00:00,2170.0,0.0,2530.0,260.0,－－－－－－－－－－,10.0,0.0,0.0,20.0,0.0,0.0,-650.0,2170.0,yonden
2016,5,2016-05-02,01:00,2240.0,0.0,2570.0,280.0,－－－－－－－－－－,10.0,0.0,0.0,10.0,0.0,0.0,-630.0,2240.0,yonden
2016,5,2016-05-02,02:00,2480.0,0.0,2780.0,320.0,－－－－－－－－－－,10.0,0.0,0.0,0.0,0.0,0.0,-630.0,2480.0,yonden
2016,5,2016-05-02,03:00,2720.0,0.0,2880.0,500.0,－－－－－－－－－－,10.0,0.0,0.0,0.0,0.0,0.0,-670.0,2720.0,yonden
2016,5,2016-05-02,04:00,2760.0,0.0,2880.0,550.0,－－－－－－－－－－,10.0,0.0,0.0,0.0,0.0,0.0,-680.0,2760.0,yonden
2016,5,2016-05-02,05:00,2610.0,0.0,2820.0,420.0,－－－－－－－－－－,10.0,20.0,0.0,0.0,0.0,0.0,-660.0,2610.0,yonden
2016,5,2016-05-02,06:00,2410.0,0.0,2590.0,280.0,－－－－－－－－－－,10.0,170.0,0.0,0.0,0.0,0.0,-640.0,2410.0,yonden
2016,5,2016-05-02,07:00,2250.0,0.0,2310.0,240.0,－－－－－－－－－－,10.0,440.0,0.0,0.0,0.0,0.0,-750.0,2250.0,yonden
2016,5,2016-05-02,08:00,2430.0,0.0,2300.0,240.0,－－－－－－－－－－,10.0,740.0,0.0,0.0,0.0,0.0,-860.0,2430.0,yonden
2016,5,2016-05-02,09:00,2600.0,0.0,2330.0,300.0,－－－－－－－－－－,10.0,990.0,0.0,0.0,0.0,0.0,-1030.0,2600.0,yonden
2016,5,2016-05-02,10:00,2700.0,0.0,2250.0,290.0,－－－－－－－－－－,10.0,1200.0,0.0,10.0,0.0,0.0,-1060.0,2700.0,yonden
2016,5,2016-05-02,11:00,2790.0,0.0,2130.0,280.0,－－－－－－－－－－,10.0,1300.0,0.0,30.0,0.0,-20.0,-940.0,2790.0,yonden
2016,5,2016-05-02,12:00,2740.0,0.0,2250.0,290.0,－－－－－－－－－－,10.0,1300.0,0.0,40.0,0.0,-300.0,-850.0,2740.0,yonden
2016,5,2016-05-02,13:00,2790.0,0.0,2280.0,300.0,－－－－－－－－－－,10.0,1160.0,0.0,60.0,0.0,0.0,-1020.0,2790.0,yonden
2016,5,2016-05-02,14:00,2770.0,0.0,2450.0,370.0,－－－－－－－－－－,10.0,990.0,0.0,70.0,0.0,0.0,-1120.0,2770.0,yonden
2016,5,2016-05-02,15:00,2820.0,0.0,2650.0,360.0,－－－－－－－－－－,10.0,740.0,0.0,80.0,0.0,0.0,-1020.0,2820.0,yonden
2016,5,2016-05-02,16:00,2800.0,0.0,2730.0,450.0,－－－－－－－－－－,10.0,460.0,0.0,80.0,0.0,0.0,-930.0,2800.0,yonden
2016,5,2016-05-02,17:00,2770.0,0.0,2620.0,580.0,－－－－－－－－－－,10.0,220.0,0.0,70.0,0.0,50.0,-780.0,2770.0,yonden
2016,5,2016-05-02,18:00,2800.0,0.0,2390.0,720.0,－－－－－－－－－－,10.0,40.0,0.0,70.0,0.0,250.0,-680.0,2800.0,yonden
2016,5,2016-05-02,19:00,2820.0,0.0,2400.0,710.0,－－－－－－－－－－,10.0,0.0,0.0,70.0,0.0,290.0,-660.0,2820.0,yonden
2016,5,2016-05-02,20:00,2690.0,0.0,2380.0,590.0,－－－－－－－－－－,10.0,0.0,0.0,80.0,0.0,320.0,-690.0,2690.0,yonden
2016,5,2016-05-02,21:00,2520.0,0.0,2280.0,510.0,－－－－－－－－－－,10.0,0.0,0.0,80.0,0.0,300.0,-660.0,2520.0,yonden
2016,5,2016-05-02,22:00,2320.0,0.0,2390.0,430.0,－－－－－－－－－－,10.0,0.0,0.0,80.0,0.0,60.0,-650.0,2320.0,yonden
2016,5,2016-05-02,23:00,2230.0,0.0,2430.0,400.0,－－－－－－－－－－,10.0,0.0,0.0,80.0,0.0,0.0,-690.0,2230.0,yonden
2016,5,2016-05-03,00:00,2140.0,0.0,2430.0,310.0,－－－－－－－－－－,10.0,0.0,0.0,90.0,0.0,0.0,-700.0,2140.0,yonden
2016,5,2016-05-03,01:00,2190.0,0.0,2450.0,320.0,－－－－－－－－－－,10.0,0.0,0.0,90.0,0.0,0.0,-680.0,2190.0,yonden
2016,5,2016-05-03,02:00,2400.0,0.0,2390.0,450.0,－－－－－－－－－－,10.0,0.0,0.0,90.0,0.0,120.0,-660.0,2400.0,yonden
2016,5,2016-05-03,03:00,2630.0,0.0,2370.0,590.0,－－－－－－－－－－,10.0,0.0,0.0,90.0,0.0,260.0,-690.0,2630.0,yonden
2016,5,2016-05-03,04:00,2660.0,0.0,2500.0,610.0,－－－－－－－－－－,10.0,0.0,0.0,90.0,0.0,140.0,-690.0,2660.0,yonden
2016,5,2016-05-03,05:00,2470.0,0.0,2520.0,490.0,－－－－－－－－－－,10.0,10.0,0.0,80.0,0.0,0.0,-640.0,2470.0,yonden
2016,5,2016-05-03,06:00,2190.0,0.0,2380.0,310.0,－－－－－－－－－－,0.0,70.0,0.0,80.0,0.0,0.0,-650.0,2190.0,yonden
2016,5,2016-05-03,07:00,2090.0,0.0,2330.0,280.0,－－－－－－－－－－,0.0,170.0,0.0,70.0,0.0,0.0,-760.0,2090.0,yonden
2016,5,2016-05-03,08:00,2240.0,0.0,2470.0,260.0,－－－－－－－－－－,10.0,260.0,0.0,60.0,0.0,0.0,-820.0,2240.0,yonden
2016,5,2016-05-03,09:00,2290.0,0.0,2530.0,280.0,－－－－－－－－－－,10.0,330.0,0.0,60.0,0.0,0.0,-920.0,2290.0,yonden
2016,5,2016-05-03,10:00,2410.0,0.0,2530.0,290.0,－－－－－－－－－－,10.0,390.0,0.0,60.0,0.0,0.0,-870.0,2410.0,yonden
2016,5,2016-05-03,11:00,2440.0,0.0,2610.0,300.0,－－－－－－－－－－,10.0,340.0,0.0,50.0,0.0,0.0,-870.0,2440.0,yonden
2016,5,2016-05-03,12:00,2450.0,0.0,2650.0,330.0,－－－－－－－－－－,10.0,250.0,0.0,50.0,0.0,0.0,-840.0,2450.0,yonden
2016,5,2016-05-03,13:00,2540.0,0.0,2750.0,350.0,－－－－－－－－－－,10.0,170.0,0.0,50.0,0.0,0.0,-790.0,2540.0,yonden
2016,5,2016-05-03,14:00,2570.0,0.0,2800.0,380.0,－－－－－－－－－－,10.0,100.0,0.0,40.0,0.0,0.0,-760.0,2570.0,yonden
2016,5,2016-05-03,15:00,2560.0,0.0,2840.0,420.0,－－－－－－－－－－,10.0,70.0,0.0,30.0,0.0,0.0,-810.0,2560.0,yonden
2016,5,2016-05-03,16:00,2600.0,0.0,2800.0,530.0,－－－－－－－－－－,0.0,50.0,0.0,30.0,0.0,0.0,-810.0,2600.0,yonden
2016,5,2016-05-03,17:00,2650.0,0.0,2820.0,580.0,－－－－－－－－－－,0.0,20.0,0.0,40.0,0.0,0.0,-810.0,2650.0,yonden
2016,5,2016-05-03,18:00,2710.0,0.0,2800.0,690.0,－－－－－－－－－－,0.0,10.0,0.0,50.0,0.0,0.0,-840.0,2710.0,yonden
2016,5,2016-05-03,19:00,2720.0,0.0,2790.0,710.0,－－－－－－－－－－,0.0,0.0,0.0,50.0,0.0,0.0,-830.0,2720.0,yonden
2016,5,2016-05-03,20:00,2610.0,0.0,2780.0,580.0,－－－－－－－－－－,10.0,0.0,0.0,50.0,0.0,0.0,-810.0,2610.0,yonden
2016,5,2016-05-03,21:00,2460.0,0.0,2570.0,540.0,－－－－－－－－－－,0.0,0.0,0.0,40.0,0.0,0.0,-690.0,2460.0,yonden
2016,5,2016-05-03,22:00,2280.0,0.0,2490.0,530.0,－－－－－－－－－－,10.0,0.0,0.0,60.0,0.0,0.0,-810.0,2280.0,yonden
2016,5,2016-05-03,23:00,2210.0,0.0,2300.0,580.0,－－－－－－－－－－,10.0,0.0,0.0,90.0,0.0,0.0,-770.0,2210.0,yonden
2016,5,2016-05-04,00:00,2170.0,0.0,2350.0,500.0,－－－－－－－－－－,10.0,0.0,0.0,80.0,0.0,0.0,-770.0,2170.0,yonden
2016,5,2016-05-04,01:00,2230.0,0.0,2380.0,530.0,－－－－－－－－－－,10.0,0.0,0.0,70.0,0.0,0.0,-760.0,2230.0,yonden
2016,5,2016-05-04,02:00,2470.0,0.0,2450.0,600.0,－－－－－－－－－－,10.0,0.0,0.0,50.0,0.0,0.0,-640.0,2470.0,yonden
2016,5,2016-05-04,03:00,2670.0,0.0,2590.0,710.0,－－－－－－－－－－,10.0,0.0,0.0,40.0,0.0,0.0,-680.0,2670.0,yonden
2016,5,2016-05-04,04:00,2710.0,0.0,2620.0,730.0,－－－－－－－－－－,10.0,0.0,0.0,30.0,0.0,0.0,-680.0,2710.0,yonden
2016,5,2016-05-04,05:00,2570.0,0.0,2520.0,620.0,－－－－－－－－－－,10.0,20.0,0.0,40.0,0.0,0.0,-640.0,2570.0,yonden
2016,5,2016-05-04,06:00,2300.0,0.0,2260.0,560.0,－－－－－－－－－－,10.0,190.0,0.0,50.0,0.0,0.0,-770.0,2300.0,yonden
2016,5,2016-05-04,07:00,2120.0,0.0,2030.0,540.0,－－－－－－－－－－,10.0,490.0,0.0,30.0,0.0,-80.0,-900.0,2120.0,yonden
2016,5,2016-05-04,08:00,2240.0,0.0,2060.0,570.0,－－－－－－－－－－,10.0,820.0,0.0,30.0,0.0,-310.0,-940.0,2240.0,yonden
2016,5,2016-05-04,09:00,2380.0,0.0,2110.0,540.0,－－－－－－－－－－,10.0,1110.0,0.0,20.0,0.0,-300.0,-1110.0,2380.0,yonden
2016,5,2016-05-04,10:00,2490.0,0.0,2120.0,570.0,－－－－－－－－－－,10.0,1330.0,0.0,30.0,0.0,-300.0,-1270.0,2490.0,yonden
2016,5,2016-05-04,11:00,2560.0,0.0,2070.0,550.0,－－－－－－－－－－,10.0,1440.0,0.0,30.0,0.0,-300.0,-1240.0,2560.0,yonden
2016,5,2016-05-04,12:00,2570.0,0.0,2090.0,550.0,－－－－－－－－－－,10.0,1440.0,0.0,20.0,0.0,-300.0,-1240.0,2570.0,yonden
2016,5,2016-05-04,13:00,2540.0,0.0,2150.0,540.0,－－－－－－－－－－,0.0,1350.0,0.0,20.0,0.0,-300.0,-1220.0,2540.0,yonden
2016,5,2016-05-04,14:00,2470.0,0.0,2080.0,530.0,－－－－－－－－－－,10.0,1170.0,0.0,20.0,0.0,-300.0,-1040.0,2470.0,yonden
2016,5,2016-05-04,15:00,2440.0,0.0,2040.0,590.0,－－－－－－－－－－,10.0,900.0,0.0,30.0,0.0,-250.0,-880.0,2440.0,yonden
2016,5,2016-05-04,16:00,2470.0,0.0,2030.0,590.0,－－－－－－－－－－,10.0,590.0,0.0,20.0,0.0,0.0,-770.0,2470.0,yonden
2016,5,2016-05-04,17:00,2550.0,0.0,2230.0,720.0,－－－－－－－－－－,10.0,270.0,0.0,20.0,0.0,110.0,-810.0,2550.0,yonden
2016,5,2016-05-04,18:00,2600.0,0.0,2260.0,780.0,－－－－－－－－－－,10.0,40.0,0.0,30.0,0.0,280.0,-800.0,2600.0,yonden
2016,5,2016-05-04,19:00,2700.0,0.0,2380.0,790.0,－－－－－－－－－－,10.0,0.0,0.0,40.0,0.0,280.0,-800.0,2700.0,yonden
2016,5,2016-05-04,20:00,2600.0,0.0,2260.0,720.0,－－－－－－－－－－,10.0,0.0,0.0,30.0,0.0,280.0,-700.0,2600.0,yonden
2016,5,2016-05-04,21:00,2450.0,0.0,2150.0,620.0,－－－－－－－－－－,10.0,0.0,0.0,50.0,0.0,280.0,-660.0,2450.0,yonden
2016,5,2016-05-04,22:00,2270.0,0.0,2240.0,580.0,－－－－－－－－－－,10.0,0.0,0.0,50.0,0.0,120.0,-730.0,2270.0,yonden
2016,5,2016-05-04,23:00,2180.0,0.0,2340.0,530.0,－－－－－－－－－－,10.0,0.0,0.0,40.0,0.0,0.0,-740.0,2180.0,yonden
2016,5,2016-05-05,00:00,2100.0,0.0,2320.0,530.0,－－－－－－－－－－,10.0,0.0,0.0,40.0,0.0,0.0,-800.0,2100.0,yonden
2016,5,2016-05-05,01:00,2160.0,0.0,2300.0,550.0,－－－－－－－－－－,10.0,0.0,0.0,40.0,0.0,0.0,-740.0,2160.0,yonden
2016,5,2016-05-05,02:00,2370.0,0.0,2340.0,670.0,－－－－－－－－－－,10.0,0.0,0.0,50.0,0.0,50.0,-750.0,2370.0,yonden
2016,5,2016-05-05,03:00,2610.0,0.0,2340.0,730.0,－－－－－－－－－－,10.0,0.0,0.0,50.0,0.0,240.0,-760.0,2610.0,yonden
2016,5,2016-05-05,04:00,2640.0,0.0,2330.0,730.0,－－－－－－－－－－,10.0,0.0,0.0,50.0,0.0,180.0,-660.0,2640.0,yonden
2016,5,2016-05-05,05:00,2480.0,0.0,2380.0,670.0,－－－－－－－－－－,10.0,20.0,0.0,40.0,0.0,0.0,-640.0,2480.0,yonden
2016,5,2016-05-05,06:00,2220.0,0.0,2210.0,560.0,－－－－－－－－－－,10.0,200.0,0.0,30.0,0.0,0.0,-790.0,2220.0,yonden
2016,5,2016-05-05,07:00,2070.0,0.0,2150.0,540.0,－－－－－－－－－－,10.0,510.0,0.0,20.0,0.0,-240.0,-920.0,2070.0,yonden
2016,5,2016-05-05,08:00,2220.0,0.0,2060.0,560.0,－－－－－－－－－－,10.0,850.0,0.0,30.0,0.0,-300.0,-990.0,2220.0,yonden
2016,5,2016-05-05,09:00,2390.0,0.0,2070.0,550.0,－－－－－－－－－－,10.0,1120.0,0.0,40.0,0.0,-300.0,-1100.0,2390.0,yonden
2016,5,2016-05-05,10:00,2530.0,0.0,2110.0,530.0,－－－－－－－－－－,10.0,1340.0,0.0,40.0,0.0,-300.0,-1200.0,2530.0,yonden
2016,5,2016-05-05,11:00,2620.0,0.0,2120.0,520.0,－－－－－－－－－－,10.0,1430.0,0.0,40.0,0.0,-300.0,-1200.0,2620.0,yonden
2016,5,2016-05-05,12:00,2620.0,0.0,2140.0,520.0,－－－－－－－－－－,10.0,1390.0,0.0,50.0,0.0,-300.0,-1190.0,2620.0,yonden
2016,5,2016-05-05,13:00,2580.0,0.0,2120.0,540.0,－－－－－－－－－－,10.0,1200.0,0.0,50.0,0.0,-180.0,-1160.0,2580.0,yonden
2016,5,2016-05-05,14:00,2540.0,0.0,2050.0,490.0,－－－－－－－－－－,10.0,960.0,0.0,40.0,0.0,0.0,-1010.0,2540.0,yonden
2016,5,2016-05-05,15:00,2530.0,0.0,2130.0,560.0,－－－－－－－－－－,10.0,700.0,0.0,30.0,0.0,0.0,-900.0,2530.0,yonden
2016,5,2016-05-05,16:00,2560.0,0.0,2290.0,600.0,－－－－－－－－－－,10.0,430.0,0.0,10.0,0.0,0.0,-780.0,2560.0,yonden
2016,5,2016-05-05,17:00,2620.0,0.0,2590.0,670.0,－－－－－－－－－－,10.0,170.0,0.0,0.0,0.0,0.0,-820.0,2620.0,yonden
2016,5,2016-05-05,18:00,2710.0,0.0,2670.0,750.0,－－－－－－－－－－,10.0,30.0,0.0,0.0,0.0,0.0,-750.0,2710.0,yonden
2016,5,2016-05-05,19:00,2770.0,0.0,2750.0,740.0,－－－－－－－－－－,10.0,0.0,0.0,10.0,0.0,0.0,-740.0,2770.0,yonden
2016,5,2016-05-05,20:00,2660.0,0.0,2710.0,650.0,－－－－－－－－－－,10.0,0.0,0.0,0.0,0.0,0.0,-710.0,2660.0,yonden
2016,5,2016-05-05,21:00,2510.0,0.0,2680.0,500.0,－－－－－－－－－－,10.0,0.0,0.0,0.0,0.0,0.0,-680.0,2510.0,yonden
2016,5,2016-05-05,22:00,2330.0,0.0,2590.0,480.0,－－－－－－－－－－,10.0,0.0,0.0,10.0,0.0,0.0,-760.0,2330.0,yonden
2016,5,2016-05-05,23:00,2230.0,0.0,2440.0,480.0,－－－－－－－－－－,10.0,0.0,0.0,40.0,0.0,0.0,-740.0,2230.0,yonden
2016,5,2016-05-06,00:00,2140.0,0.0,2370.0,450.0,－－－－－－－－－－,10.0,0.0,0.0,50.0,0.0,0.0,-740.0,2140.0,yonden
2016,5,2016-05-06,01:00,2190.0,0.0,2370.0,450.0,－－－－－－－－－－,10.0,0.0,0.0,50.0,0.0,0.0,-690.0,2190.0,yonden
2016,5,2016-05-06,02:00,2420.0,0.0,2500.0,500.0,－－－－－－－－－－,10.0,0.0,0.0,50.0,0.0,0.0,-640.0,2420.0,yonden
2016,5,2016-05-06,03:00,2660.0,0.0,2640.0,600.0,－－－－－－－－－－,10.0,0.0,0.0,60.0,0.0,0.0,-650.0,2660.0,yonden
2016,5,2016-05-06,04:00,2730.0,0.0,2650.0,630.0,－－－－－－－－－－,10.0,0.0,0.0,80.0,0.0,0.0,-640.0,2730.0,yonden
2016,5,2016-05-06,05:00,2630.0,0.0,2610.0,550.0,－－－－－－－－－－,10.0,10.0,0.0,90.0,0.0,0.0,-640.0,2630.0,yonden
2016,5,2016-05-06,06:00,2490.0,0.0,2550.0,440.0,－－－－－－－－－－,10.0,50.0,0.0,90.0,0.0,0.0,-650.0,2490.0,yonden
2016,5,2016-05-06,07:00,2490.0,0.0,2550.0,430.0,－－－－－－－－－－,10.0,100.0,0.0,90.0,0.0,0.0,-690.0,2490.0,yonden
2016,5,2016-05-06,08:00,2830.0,0.0,2870.0,520.0,－－－－－－－－－－,10.0,130.0,0.0,100.0,0.0,0.0,-800.0,2830.0,yonden
2016,5,2016-05-06,09:00,3080.0,0.0,3000.0,640.0,－－－－－－－－－－,10.0,150.0,0.0,90.0,0.0,0.0,-810.0,3080.0,yonden
2016,5,2016-05-06,10:00,3130.0,0.0,3040.0,640.0,－－－－－－－－－－,10.0,150.0,0.0,90.0,0.0,0.0,-800.0,3130.0,yonden
2016,5,2016-05-06,11:00,3130.0,0.0,3080.0,590.0,－－－－－－－－－－,10.0,180.0,0.0,90.0,0.0,0.0,-820.0,3130.0,yonden
2016,5,2016-05-06,12:00,2930.0,0.0,2930.0,470.0,－－－－－－－－－－,10.0,200.0,0.0,100.0,0.0,0.0,-780.0,2930.0,yonden
2016,5,2016-05-06,13:00,3140.0,0.0,3110.0,550.0,－－－－－－－－－－,10.0,180.0,0.0,100.0,0.0,0.0,-810.0,3140.0,yonden
2016,5,2016-05-06,14:00,3210.0,0.0,3200.0,580.0,－－－－－－－－－－,10.0,150.0,0.0,90.0,0.0,0.0,-820.0,3210.0,yonden
2016,5,2016-05-06,15:00,3160.0,0.0,3120.0,600.0,－－－－－－－－－－,10.0,120.0,0.0,90.0,0.0,0.0,-780.0,3160.0,yonden
2016,5,2016-05-06,16:00,3150.0,0.0,3100.0,640.0,－－－－－－－－－－,10.0,90.0,0.0,90.0,0.0,0.0,-780.0,3150.0,yonden
2016,5,2016-05-06,17:00,3100.0,0.0,3020.0,680.0,－－－－－－－－－－,10.0,40.0,0.0,90.0,0.0,0.0,-740.0,3100.0,yonden
2016,5,2016-05-06,18:00,3120.0,0.0,2980.0,730.0,－－－－－－－－－－,10.0,10.0,0.0,90.0,0.0,0.0,-700.0,3120.0,yonden
2016,5,2016-05-06,19:00,3090.0,0.0,3020.0,690.0,－－－－－－－－－－,10.0,0.0,0.0,60.0,0.0,0.0,-690.0,3090.0,yonden
2016,5,2016-05-06,20:00,2950.0,0.0,3010.0,630.0,－－－－－－－－－－,10.0,0.0,0.0,40.0,0.0,0.0,-740.0,2950.0,yonden
2016,5,2016-05-06,21:00,2750.0,0.0,2870.0,520.0,－－－－－－－－－－,10.0,0.0,0.0,30.0,0.0,0.0,-680.0,2750.0,yonden
2016,5,2016-05-06,22:00,2550.0,0.0,2790.0,480.0,－－－－－－－－－－,10.0,0.0,0.0,20.0,0.0,0.0,-750.0,2550.0,yonden
2016,5,2016-05-06,23:00,2440.0,0.0,2670.0,450.0,－－－－－－－－－－,10.0,0.0,0.0,30.0,0.0,0.0,-720.0,2440.0,yonden
2016,5,2016-05-07,00:00,2350.0,0.0,2610.0,370.0,－－－－－－－－－－,10.0,0.0,0.0,20.0,0.0,0.0,-660.0,2350.0,yonden
2016,5,2016-05-07,01:00,2400.0,0.0,2620.0,390.0,－－－－－－－－－－,10.0,0.0,0.0,20.0,0.0,0.0,-640.0,2400.0,yonden
2016,5,2016-05-07,02:00,2620.0,0.0,2720.0,550.0,－－－－－－－－－－,10.0,0.0,0.0,10.0,0.0,0.0,-670.0,2620.0,yonden
2016,5,2016-05-07,03:00,2870.0,0.0,2840.0,690.0,－－－－－－－－－－,10.0,0.0,0.0,30.0,0.0,0.0,-700.0,2870.0,yonden
2016,5,2016-05-07,04:00,2910.0,0.0,2890.0,680.0,－－－－－－－－－－,10.0,0.0,0.0,20.0,0.0,0.0,-690.0,2910.0,yonden
2016,5,2016-05-07,05:00,2770.0,0.0,2800.0,570.0,－－－－－－－－－－,10.0,10.0,0.0,20.0,0.0,0.0,-640.0,2770.0,yonden
2016,5,2016-05-07,06:00,2520.0,0.0,2650.0,470.0,－－－－－－－－－－,10.0,60.0,0.0,10.0,0.0,0.0,-680.0,2520.0,yonden
2016,5,2016-05-07,07:00,2480.0,0.0,2620.0,420.0,－－－－－－－－－－,10.0,180.0,0.0,10.0,0.0,0.0,-760.0,2480.0,yonden
2016,5,2016-05-07,08:00,2740.0,0.0,2740.0,390.0,－－－－－－－－－－,10.0,380.0,0.0,0.0,0.0,0.0,-780.0,2740.0,yonden
2016,5,2016-05-07,09:00,2950.0,0.0,2690.0,410.0,－－－－－－－－－－,10.0,650.0,0.0,0.0,0.0,0.0,-810.0,2950.0,yonden
2016,5,2016-05-07,10:00,3030.0,0.0,2690.0,390.0,－－－－－－－－－－,10.0,840.0,0.0,0.0,0.0,0.0,-900.0,3030.0,yonden
2016,5,2016-05-07,11:00,3140.0,0.0,2820.0,350.0,－－－－－－－－－－,10.0,900.0,0.0,0.0,0.0,0.0,-940.0,3140.0,yonden
2016,5,2016-05-07,12:00,2840.0,0.0,2820.0,310.0,－－－－－－－－－－,10.0,800.0,0.0,0.0,0.0,0.0,-1100.0,2840.0,yonden
2016,5,2016-05-07,13:00,2950.0,0.0,2720.0,340.0,－－－－－－－－－－,10.0,840.0,0.0,10.0,0.0,0.0,-970.0,2950.0,yonden
2016,5,2016-05-07,14:00,2950.0,0.0,2650.0,360.0,－－－－－－－－－－,10.0,790.0,0.0,30.0,0.0,0.0,-890.0,2950.0,yonden
2016,5,2016-05-07,15:00,2950.0,0.0,2650.0,410.0,－－－－－－－－－－,10.0,680.0,0.0,30.0,0.0,0.0,-830.0,2950.0,yonden
2016,5,2016-05-07,16:00,2990.0,0.0,2730.0,570.0,－－－－－－－－－－,10.0,460.0,0.0,40.0,0.0,0.0,-820.0,2990.0,yonden
2016,5,2016-05-07,17:00,2900.0,0.0,2720.0,610.0,－－－－－－－－－－,10.0,210.0,0.0,40.0,0.0,0.0,-690.0,2900.0,yonden
2016,5,2016-05-07,18:00,2920.0,0.0,2810.0,730.0,－－－－－－－－－－,10.0,40.0,0.0,40.0,0.0,90.0,-800.0,2920.0,yonden
2016,5,2016-05-07,19:00,2970.0,0.0,2840.0,740.0,－－－－－－－－－－,10.0,0.0,0.0,50.0,0.0,140.0,-810.0,2970.0,yonden
2016,5,2016-05-07,20:00,2840.0,0.0,2700.0,640.0,－－－－－－－－－－,10.0,0.0,0.0,50.0,0.0,140.0,-700.0,2840.0,yonden
2016,5,2016-05-07,21:00,2640.0,0.0,2730.0,500.0,－－－－－－－－－－,10.0,0.0,0.0,50.0,0.0,10.0,-660.0,2640.0,yonden
2016,5,2016-05-07,22:00,2460.0,0.0,2720.0,340.0,－－－－－－－－－－,10.0,0.0,0.0,40.0,0.0,0.0,-650.0,2460.0,yonden
2016,5,2016-05-07,23:00,2350.0,0.0,2670.0,320.0,－－－－－－－－－－,10.0,0.0,0.0,20.0,0.0,0.0,-670.0,2350.0,yonden
2016,5,2016-05-08,00:00,2250.0,0.0,2550.0,310.0,－－－－－－－－－－,10.0,0.0,0.0,20.0,0.0,0.0,-640.0,2250.0,yonden
2016,5,2016-05-08,01:00,2270.0,0.0,2570.0,310.0,－－－－－－－－－－,10.0,0.0,0.0,20.0,0.0,0.0,-640.0,2270.0,yonden
2016,5,2016-05-08,02:00,2470.0,0.0,2680.0,410.0,－－－－－－－－－－,10.0,0.0,0.0,20.0,0.0,0.0,-650.0,2470.0,yonden
2016,5,2016-05-08,03:00,2700.0,0.0,2810.0,520.0,－－－－－－－－－－,10.0,0.0,0.0,30.0,0.0,0.0,-670.0,2700.0,yonden
2016,5,2016-05-08,04:00,2750.0,0.0,2830.0,520.0,－－－－－－－－－－,10.0,0.0,0.0,40.0,0.0,0.0,-650.0,2750.0,yonden
2016,5,2016-05-08,05:00,2540.0,0.0,2600.0,500.0,－－－－－－－－－－,10.0,30.0,0.0,40.0,0.0,0.0,-640.0,2540.0,yonden
2016,5,2016-05-08,06:00,2220.0,0.0,2320.0,390.0,－－－－－－－－－－,10.0,190.0,0.0,30.0,0.0,0.0,-720.0,2220.0,yonden
2016,5,2016-05-08,07:00,2030.0,0.0,2110.0,350.0,－－－－－－－－－－,10.0,420.0,0.0,30.0,0.0,-100.0,-790.0,2030.0,yonden
2016,5,2016-05-08,08:00,2190.0,0.0,2200.0,330.0,－－－－－－－－－－,10.0,720.0,0.0,20.0,0.0,-300.0,-790.0,2190.0,yonden
2016,5,2016-05-08,09:00,2330.0,0.0,2160.0,380.0,－－－－－－－－－－,10.0,890.0,0.0,10.0,0.0,-300.0,-820.0,2330.0,yonden
2016,5,2016-05-08,10:00,2410.0,0.0,2170.0,330.0,－－－－－－－－－－,10.0,1050.0,0.0,10.0,0.0,-300.0,-860.0,2410.0,yonden
2016,5,2016-05-08,11:00,2450.0,0.0,2190.0,310.0,－－－－－－－－－－,10.0,1120.0,0.0,0.0,0.0,-300.0,-880.0,2450.0,yonden
2016,5,2016-05-08,12:00,2490.0,0.0,2140.0,330.0,－－－－－－－－－－,10.0,1190.0,0.0,0.0,0.0,-300.0,-880.0,2490.0,yonden
2016,5,2016-05-08,13:00,2520.0,0.0,2000.0,380.0,－－－－－－－－－－,10.0,1150.0,0.0,0.0,0.0,-170.0,-850.0,2520.0,yonden
2016,5,2016-05-08,14:00,2520.0,0.0,2070.0,340.0,－－－－－－－－－－,10.0,960.0,0.0,10.0,0.0,0.0,-870.0,2520.0,yonden
2016,5,2016-05-08,15:00,2570.0,0.0,2350.0,310.0,－－－－－－－－－－,10.0,640.0,0.0,30.0,0.0,0.0,-770.0,2570.0,yonden
2016,5,2016-05-08,16:00,2500.0,0.0,2480.0,390.0,－－－－－－－－－－,10.0,340.0,0.0,50.0,0.0,0.0,-770.0,2500.0,yonden
2016,5,2016-05-08,17:00,2600.0,0.0,2500.0,530.0,－－－－－－－－－－,10.0,140.0,0.0,60.0,0.0,0.0,-640.0,2600.0,yonden
2016,5,2016-05-08,18:00,2730.0,0.0,2620.0,690.0,－－－－－－－－－－,10.0,20.0,0.0,60.0,0.0,0.0,-670.0,2730.0,yonden
2016,5,2016-05-08,19:00,2780.0,0.0,2670.0,700.0,－－－－－－－－－－,10.0,0.0,0.0,70.0,0.0,0.0,-670.0,2780.0,yonden
2016,5,2016-05-08,20:00,2690.0,0.0,2720.0,550.0,－－－－－－－－－－,10.0,0.0,0.0,70.0,0.0,0.0,-660.0,2690.0,yonden
2016,5,2016-05-08,21:00,2550.0,0.0,2720.0,400.0,－－－－－－－－－－,10.0,0.0,0.0,60.0,0.0,0.0,-640.0,2550.0,yonden
2016,5,2016-05-08,22:00,2370.0,0.0,2650.0,310.0,－－－－－－－－－－,10.0,0.0,0.0,40.0,0.0,0.0,-640.0,2370.0,yonden
2016,5,2016-05-08,23:00,2260.0,0.0,2540.0,320.0,－－－－－－－－－－,10.0,0.0,0.0,40.0,0.0,0.0,-650.0,2260.0,yonden
2016,5,2016-05-09,00:00,2190.0,0.0,2590.0,290.0,－－－－－－－－－－,10.0,0.0,0.0,30.0,0.0,0.0,-730.0,2190.0,yonden
2016,5,2016-05-09,01:00,2210.0,0.0,2560.0,290.0,－－－－－－－－－－,10.0,0.0,0.0,30.0,0.0,0.0,-680.0,2210.0,yonden
2016,5,2016-05-09,02:00,2440.0,0.0,2680.0,360.0,－－－－－－－－－－,10.0,0.0,0.0,40.0,0.0,0.0,-650.0,2440.0,yonden
2016,5,2016-05-09,03:00,2690.0,0.0,2780.0,520.0,－－－－－－－－－－,10.0,0.0,0.0,60.0,0.0,0.0,-680.0,2690.0,yonden
2016,5,2016-05-09,04:00,2730.0,0.0,2850.0,510.0,－－－－－－－－－－,10.0,0.0,0.0,40.0,0.0,0.0,-680.0,2730.0,yonden
2016,5,2016-05-09,05:00,2630.0,0.0,2820.0,410.0,－－－－－－－－－－,10.0,10.0,0.0,30.0,0.0,0.0,-650.0,2630.0,yonden
2016,5,2016-05-09,06:00,2520.0,0.0,2750.0,350.0,－－－－－－－－－－,10.0,20.0,0.0,30.0,0.0,0.0,-640.0,2520.0,yonden
2016,5,2016-05-09,07:00,2580.0,0.0,2800.0,340.0,－－－－－－－－－－,10.0,40.0,0.0,30.0,0.0,0.0,-640.0,2580.0,yonden
2016,5,2016-05-09,08:00,3000.0,0.0,3200.0,470.0,－－－－－－－－－－,10.0,70.0,0.0,30.0,0.0,0.0,-780.0,3000.0,yonden
2016,5,2016-05-09,09:00,3240.0,0.0,3350.0,540.0,－－－－－－－－－－,10.0,100.0,0.0,30.0,0.0,0.0,-790.0,3240.0,yonden
2016,5,2016-05-09,10:00,3250.0,0.0,3270.0,630.0,－－－－－－－－－－,10.0,140.0,0.0,20.0,0.0,0.0,-820.0,3250.0,yonden
2016,5,2016-05-09,11:00,3290.0,0.0,3250.0,660.0,－－－－－－－－－－,10.0,170.0,0.0,10.0,0.0,0.0,-810.0,3290.0,yonden
2016,5,2016-05-09,12:00,3080.0,0.0,3160.0,520.0,－－－－－－－－－－,10.0,180.0,0.0,10.0,0.0,0.0,-800.0,3080.0,yonden
2016,5,2016-05-09,13:00,3280.0,0.0,3240.0,610.0,－－－－－－－－－－,10.0,190.0,0.0,10.0,0.0,0.0,-780.0,3280.0,yonden
2016,5,2016-05-09,14:00,3320.0,0.0,3240.0,700.0,－－－－－－－－－－,10.0,170.0,0.0,10.0,0.0,0.0,-810.0,3320.0,yonden
2016,5,2016-05-09,15:00,3240.0,0.0,3230.0,690.0,－－－－－－－－－－,10.0,110.0,0.0,10.0,0.0,0.0,-810.0,3240.0,yonden
2016,5,2016-05-09,16:00,3260.0,0.0,3240.0,730.0,－－－－－－－－－－,10.0,70.0,0.0,10.0,0.0,0.0,-800.0,3260.0,yonden
2016,5,2016-05-09,17:00,3210.0,0.0,3160.0,770.0,－－－－－－－－－－,10.0,30.0,0.0,10.0,0.0,0.0,-770.0,3210.0,yonden
2016,5,2016-05-09,18:00,3230.0,0.0,3170.0,790.0,－－－－－－－－－－,10.0,10.0,0.0,10.0,0.0,0.0,-760.0,3230.0,yonden
2016,5,2016-05-09,19:00,3160.0,0.0,3160.0,790.0,－－－－－－－－－－,10.0,0.0,0.0,0.0,0.0,0.0,-800.0,3160.0,yonden
2016,5,2016-05-09,20:00,2980.0,0.0,3040.0,720.0,－－－－－－－－－－,10.0,0.0,0.0,10.0,0.0,0.0,-800.0,2980.0,yonden
2016,5,2016-05-09,21:00,2800.0,0.0,2960.0,600.0,－－－－－－－－－－,10.0,0.0,0.0,10.0,0.0,0.0,-780.0,2800.0,yonden
2016,5,2016-05-09,22:00,2630.0,0.0,2810.0,590.0,－－－－－－－－－－,10.0,0.0,0.0,0.0,0.0,0.0,-780.0,2630.0,yonden
2016,5,2016-05-09,23:00,2550.0,0.0,2680.0,560.0,－－－－－－－－－－,10.0,0.0,0.0,0.0,0.0,0.0,-700.0,2550.0,yonden
2016,5,2016-05-10,00:00,2450.0,0.0,2560.0,550.0,－－－－－－－－－－,10.0,0.0,0.0,0.0,0.0,0.0,-670.0,2450.0,yonden
2016,5,2016-05-10,01:00,2510.0,0.0,2610.0,550.0,－－－－－－－－－－,10.0,0.0,0.0,0.0,0.0,0.0,-660.0,2510.0,yonden
2016,5,2016-05-10,02:00,2730.0,0.0,2780.0,600.0,－－－－－－－－－－,10.0,0.0,0.0,0.0,0.0,0.0,-660.0,2730.0,yonden
2016,5,2016-05-10,03:00,2960.0,0.0,2970.0,680.0,－－－－－－－－－－,10.0,0.0,0.0,0.0,0.0,0.0,-700.0,2960.0,yonden
2016,5,2016-05-10,04:00,2980.0,0.0,2970.0,710.0,－－－－－－－－－－,10.0,0.0,0.0,0.0,0.0,0.0,-710.0,2980.0,yonden
2016,5,2016-05-10,05:00,2790.0,0.0,2860.0,580.0,－－－－－－－－－－,10.0,10.0,0.0,0.0,0.0,0.0,-670.0,2790.0,yonden
2016,5,2016-05-10,06:00,2640.0,0.0,2690.0,550.0,－－－－－－－－－－,10.0,50.0,0.0,10.0,0.0,0.0,-670.0,2640.0,yonden
2016,5,2016-05-10,07:00,2690.0,0.0,2730.0,510.0,－－－－－－－－－－,10.0,80.0,0.0,20.0,0.0,0.0,-660.0,2690.0,yonden
2016,5,2016-05-10,08:00,3060.0,0.0,3030.0,620.0,－－－－－－－－－－,10.0,140.0,0.0,50.0,0.0,0.0,-790.0,3060.0,yonden
2016,5,2016-05-10,09:00,3280.0,0.0,3150.0,670.0,－－－－－－－－－－,10.0,200.0,0.0,60.0,0.0,0.0,-810.0,3280.0,yonden
2016,5,2016-05-10,10:00,3320.0,0.0,3090.0,730.0,－－－－－－－－－－,10.0,230.0,0.0,70.0,0.0,0.0,-810.0,3320.0,yonden
2016,5,2016-05-10,11:00,3350.0,0.0,3090.0,690.0,－－－－－－－－－－,10.0,280.0,0.0,80.0,0.0,0.0,-800.0,3350.0,yonden
2016,5,2016-05-10,12:00,3200.0,0.0,3100.0,560.0,－－－－－－－－－－,10.0,240.0,0.0,80.0,0.0,0.0,-790.0,3200.0,yonden
2016,5,2016-05-10,13:00,3380.0,0.0,3230.0,680.0,－－－－－－－－－－,10.0,190.0,0.0,80.0,0.0,0.0,-810.0,3380.0,yonden
2016,5,2016-05-10,14:00,3370.0,0.0,3240.0,720.0,－－－－－－－－－－,10.0,140.0,0.0,80.0,0.0,0.0,-820.0,3370.0,yonden
2016,5,2016-05-10,15:00,3350.0,0.0,3320.0,680.0,－－－－－－－－－－,10.0,100.0,0.0,70.0,0.0,0.0,-830.0,3350.0,yonden
2016,5,2016-05-10,16:00,3360.0,0.0,3320.0,690.0,－－－－－－－－－－,10.0,80.0,0.0,80.0,0.0,0.0,-820.0,3360.0,yonden
2016,5,2016-05-10,17:00,3290.0,0.0,3170.0,670.0,－－－－－－－－－－,10.0,40.0,0.0,90.0,0.0,130.0,-820.0,3290.0,yonden
2016,5,2016-05-10,18:00,3290.0,0.0,3040.0,650.0,－－－－－－－－－－,10.0,10.0,0.0,80.0,0.0,300.0,-800.0,3290.0,yonden
2016,5,2016-05-10,19:00,3190.0,0.0,3060.0,720.0,－－－－－－－－－－,10.0,0.0,0.0,90.0,0.0,120.0,-810.0,3190.0,yonden
2016,5,2016-05-10,20:00,3040.0,0.0,3040.0,720.0,－－－－－－－－－－,10.0,0.0,0.0,90.0,0.0,0.0,-820.0,3040.0,yonden
2016,5,2016-05-10,21:00,2860.0,0.0,2930.0,700.0,－－－－－－－－－－,10.0,0.0,0.0,80.0,0.0,0.0,-860.0,2860.0,yonden
2016,5,2016-05-10,22:00,2710.0,0.0,2740.0,660.0,－－－－－－－－－－,10.0,0.0,0.0,80.0,0.0,0.0,-780.0,2710.0,yonden
2016,5,2016-05-10,23:00,2610.0,0.0,2670.0,650.0,－－－－－－－－－－,10.0,0.0,0.0,70.0,0.0,0.0,-790.0,2610.0,yonden
2016,5,2016-05-11,00:00,2510.0,0.0,2650.0,580.0,－－－－－－－－－－,10.0,0.0,0.0,60.0,0.0,0.0,-790.0,2510.0,yonden
2016,5,2016-05-11,01:00,2530.0,0.0,2660.0,590.0,－－－－－－－－－－,10.0,0.0,0.0,60.0,0.0,0.0,-790.0,2530.0,yonden
2016,5,2016-05-11,02:00,2730.0,0.0,2790.0,610.0,－－－－－－－－－－,10.0,0.0,0.0,60.0,0.0,0.0,-740.0,2730.0,yonden
2016,5,2016-05-11,03:00,2950.0,0.0,2960.0,640.0,－－－－－－－－－－,10.0,0.0,0.0,60.0,0.0,0.0,-720.0,2950.0,yonden
2016,5,2016-05-11,04:00,3010.0,0.0,2980.0,630.0,－－－－－－－－－－,10.0,0.0,0.0,70.0,0.0,0.0,-680.0,3010.0,yonden
2016,5,2016-05-11,05:00,2870.0,0.0,2880.0,610.0,－－－－－－－－－－,10.0,10.0,0.0,70.0,0.0,0.0,-710.0,2870.0,yonden
2016,5,2016-05-11,06:00,2720.0,0.0,2790.0,580.0,－－－－－－－－－－,10.0,50.0,0.0,70.0,0.0,0.0,-780.0,2720.0,yonden
2016,5,2016-05-11,07:00,2710.0,0.0,2740.0,590.0,－－－－－－－－－－,10.0,110.0,0.0,70.0,0.0,0.0,-810.0,2710.0,yonden
2016,5,2016-05-11,08:00,3040.0,0.0,3110.0,620.0,－－－－－－－－－－,10.0,160.0,0.0,80.0,0.0,0.0,-940.0,3040.0,yonden
2016,5,2016-05-11,09:00,3220.0,0.0,3410.0,620.0,－－－－－－－－－－,10.0,200.0,0.0,80.0,0.0,0.0,-1100.0,3220.0,yonden
2016,5,2016-05-11,10:00,3250.0,0.0,3460.0,650.0,－－－－－－－－－－,10.0,360.0,0.0,70.0,0.0,0.0,-1300.0,3250.0,yonden
2016,5,2016-05-11,11:00,3160.0,0.0,3180.0,640.0,－－－－－－－－－－,10.0,550.0,0.0,70.0,0.0,0.0,-1290.0,3160.0,yonden
2016,5,2016-05-11,12:00,2950.0,0.0,2810.0,560.0,－－－－－－－－－－,10.0,690.0,0.0,70.0,0.0,0.0,-1190.0,2950.0,yonden
2016,5,2016-05-11,13:00,3190.0,0.0,3160.0,590.0,－－－－－－－－－－,10.0,610.0,0.0,80.0,0.0,0.0,-1260.0,3190.0,yonden
2016,5,2016-05-11,14:00,3240.0,0.0,3180.0,600.0,－－－－－－－－－－,10.0,560.0,0.0,70.0,0.0,0.0,-1180.0,3240.0,yonden
2016,5,2016-05-11,15:00,3220.0,0.0,3200.0,630.0,－－－－－－－－－－,10.0,410.0,0.0,90.0,0.0,0.0,-1120.0,3220.0,yonden
2016,5,2016-05-11,16:00,3200.0,0.0,3170.0,690.0,－－－－－－－－－－,10.0,260.0,0.0,90.0,0.0,0.0,-1020.0,3200.0,yonden
2016,5,2016-05-11,17:00,3130.0,0.0,2990.0,650.0,－－－－－－－－－－,10.0,150.0,0.0,90.0,0.0,140.0,-900.0,3130.0,yonden
2016,5,2016-05-11,18:00,3130.0,0.0,2820.0,720.0,－－－－－－－－－－,10.0,30.0,0.0,90.0,0.0,300.0,-840.0,3130.0,yonden
2016,5,2016-05-11,19:00,3120.0,0.0,2870.0,700.0,－－－－－－－－－－,10.0,0.0,0.0,80.0,0.0,300.0,-840.0,3120.0,yonden
2016,5,2016-05-11,20:00,2990.0,0.0,2840.0,690.0,－－－－－－－－－－,0.0,0.0,0.0,50.0,0.0,300.0,-890.0,2990.0,yonden
2016,5,2016-05-11,21:00,2790.0,0.0,2780.0,680.0,－－－－－－－－－－,0.0,0.0,0.0,40.0,0.0,280.0,-990.0,2790.0,yonden
2016,5,2016-05-11,22:00,2590.0,0.0,2740.0,640.0,－－－－－－－－－－,10.0,0.0,0.0,30.0,0.0,20.0,-850.0,2590.0,yonden
2016,5,2016-05-11,23:00,2470.0,0.0,2690.0,600.0,－－－－－－－－－－,0.0,0.0,0.0,30.0,0.0,0.0,-850.0,2470.0,yonden
2016,5,2016-05-12,00:00,2410.0,0.0,2610.0,550.0,－－－－－－－－－－,0.0,0.0,0.0,50.0,0.0,0.0,-800.0,2410.0,yonden
2016,5,2016-05-12,01:00,2480.0,0.0,2670.0,560.0,－－－－－－－－－－,0.0,0.0,0.0,40.0,0.0,0.0,-790.0,2480.0,yonden
2016,5,2016-05-12,02:00,2700.0,0.0,2780.0,650.0,－－－－－－－－－－,10.0,0.0,0.0,30.0,0.0,0.0,-770.0,2700.0,yonden
2016,5,2016-05-12,03:00,2950.0,0.0,2920.0,690.0,－－－－－－－－－－,10.0,0.0,0.0,20.0,0.0,0.0,-690.0,2950.0,yonden
2016,5,2016-05-12,04:00,3010.0,0.0,2980.0,680.0,－－－－－－－－－－,10.0,0.0,0.0,10.0,0.0,0.0,-670.0,3010.0,yonden
2016,5,2016-05-12,05:00,2900.0,0.0,2940.0,650.0,－－－－－－－－－－,10.0,30.0,0.0,20.0,0.0,0.0,-750.0,2900.0,yonden
2016,5,2016-05-12,06:00,2660.0,0.0,2700.0,590.0,－－－－－－－－－－,10.0,210.0,0.0,20.0,0.0,0.0,-870.0,2660.0,yonden
2016,5,2016-05-12,07:00,2550.0,0.0,2560.0,580.0,－－－－－－－－－－,10.0,520.0,0.0,10.0,0.0,-250.0,-880.0,2550.0,yonden
2016,5,2016-05-12,08:00,2880.0,0.0,2660.0,560.0,－－－－－－－－－－,10.0,850.0,0.0,10.0,0.0,-300.0,-910.0,2880.0,yonden
2016,5,2016-05-12,09:00,3120.0,0.0,2770.0,570.0,－－－－－－－－－－,10.0,1120.0,0.0,0.0,0.0,-300.0,-1050.0,3120.0,yonden
2016,5,2016-05-12,10:00,3230.0,0.0,2660.0,560.0,－－－－－－－－－－,10.0,1330.0,0.0,0.0,0.0,-290.0,-1040.0,3230.0,yonden
2016,5,2016-05-12,11:00,3310.0,0.0,2610.0,590.0,－－－－－－－－－－,10.0,1420.0,0.0,0.0,0.0,-290.0,-1030.0,3310.0,yonden
2016,5,2016-05-12,12:00,3130.0,0.0,2580.0,560.0,－－－－－－－－－－,10.0,1430.0,0.0,0.0,0.0,-290.0,-1160.0,3130.0,yonden
2016,5,2016-05-12,13:00,3320.0,0.0,2670.0,580.0,－－－－－－－－－－,10.0,1360.0,0.0,0.0,0.0,-290.0,-1010.0,3320.0,yonden
2016,5,2016-05-12,14:00,3340.0,0.0,2730.0,690.0,－－－－－－－－－－,10.0,1200.0,0.0,10.0,0.0,-150.0,-1150.0,3340.0,yonden
2016,5,2016-05-12,15:00,3280.0,0.0,2730.0,700.0,－－－－－－－－－－,10.0,950.0,0.0,20.0,0.0,0.0,-1130.0,3280.0,yonden
2016,5,2016-05-12,16:00,3310.0,0.0,2790.0,680.0,－－－－－－－－－－,0.0,650.0,0.0,20.0,0.0,210.0,-1040.0,3310.0,yonden
2016,5,2016-05-12,17:00,3230.0,0.0,2720.0,800.0,－－－－－－－－－－,0.0,320.0,0.0,30.0,0.0,290.0,-930.0,3230.0,yonden
2016,5,2016-05-12,18:00,3170.0,0.0,2830.0,810.0,－－－－－－－－－－,0.0,60.0,0.0,40.0,0.0,300.0,-870.0,3170.0,yonden
2016,5,2016-05-12,19:00,3170.0,0.0,2870.0,820.0,－－－－－－－－－－,0.0,0.0,0.0,60.0,0.0,300.0,-880.0,3170.0,yonden
2016,5,2016-05-12,20:00,3040.0,0.0,2800.0,750.0,－－－－－－－－－－,0.0,0.0,0.0,70.0,0.0,300.0,-880.0,3040.0,yonden
2016,5,2016-05-12,21:00,2850.0,0.0,2980.0,660.0,－－－－－－－－－－,0.0,0.0,0.0,70.0,0.0,120.0,-980.0,2850.0,yonden
2016,5,2016-05-12,22:00,2630.0,0.0,2910.0,640.0,－－－－－－－－－－,0.0,0.0,0.0,70.0,0.0,0.0,-990.0,2630.0,yonden
2016,5,2016-05-12,23:00,2510.0,0.0,2680.0,620.0,－－－－－－－－－－,0.0,0.0,0.0,70.0,0.0,0.0,-860.0,2510.0,yonden
2016,5,2016-05-13,00:00,2400.0,0.0,2580.0,600.0,－－－－－－－－－－,0.0,0.0,0.0,60.0,0.0,0.0,-840.0,2400.0,yonden
2016,5,2016-05-13,01:00,2470.0,0.0,2630.0,620.0,－－－－－－－－－－,0.0,0.0,0.0,50.0,0.0,0.0,-830.0,2470.0,yonden
2016,5,2016-05-13,02:00,2710.0,0.0,2820.0,710.0,－－－－－－－－－－,0.0,0.0,0.0,40.0,0.0,0.0,-860.0,2710.0,yonden
2016,5,2016-05-13,03:00,2960.0,0.0,3030.0,750.0,－－－－－－－－－－,10.0,0.0,0.0,20.0,0.0,0.0,-850.0,2960.0,yonden
2016,5,2016-05-13,04:00,3020.0,0.0,2960.0,760.0,－－－－－－－－－－,10.0,0.0,0.0,10.0,0.0,0.0,-720.0,3020.0,yonden
2016,5,2016-05-13,05:00,2880.0,0.0,2770.0,690.0,－－－－－－－－－－,10.0,30.0,0.0,10.0,0.0,0.0,-630.0,2880.0,yonden
2016,5,2016-05-13,06:00,2660.0,0.0,2520.0,630.0,－－－－－－－－－－,10.0,220.0,0.0,10.0,0.0,0.0,-730.0,2660.0,yonden
2016,5,2016-05-13,07:00,2560.0,0.0,2430.0,660.0,－－－－－－－－－－,10.0,510.0,0.0,10.0,0.0,-280.0,-780.0,2560.0,yonden
2016,5,2016-05-13,08:00,2910.0,0.0,2590.0,620.0,－－－－－－－－－－,10.0,830.0,0.0,0.0,0.0,-300.0,-840.0,2910.0,yonden
2016,5,2016-05-13,09:00,3200.0,0.0,2720.0,610.0,－－－－－－－－－－,10.0,1100.0,0.0,0.0,0.0,-300.0,-940.0,3200.0,yonden
2016,5,2016-05-13,10:00,3350.0,0.0,2780.0,550.0,－－－－－－－－－－,10.0,1320.0,0.0,0.0,0.0,-300.0,-1010.0,3350.0,yonden
2016,5,2016-05-13,11:00,3430.0,0.0,2760.0,540.0,－－－－－－－－－－,10.0,1400.0,0.0,0.0,0.0,-300.0,-980.0,3430.0,yonden
2016,5,2016-05-13,12:00,3240.0,0.0,2610.0,480.0,－－－－－－－－－－,10.0,1330.0,0.0,0.0,0.0,-290.0,-900.0,3240.0,yonden
2016,5,2016-05-13,13:00,3400.0,0.0,2750.0,560.0,－－－－－－－－－－,10.0,1150.0,0.0,0.0,0.0,-200.0,-870.0,3400.0,yonden
2016,5,2016-05-13,14:00,3400.0,0.0,2560.0,540.0,－－－－－－－－－－,10.0,1030.0,0.0,0.0,0.0,0.0,-740.0,3400.0,yonden
2016,5,2016-05-13,15:00,3350.0,0.0,2640.0,640.0,－－－－－－－－－－,10.0,790.0,0.0,0.0,0.0,0.0,-730.0,3350.0,yonden
2016,5,2016-05-13,16:00,3430.0,0.0,2780.0,740.0,－－－－－－－－－－,10.0,470.0,0.0,0.0,0.0,170.0,-740.0,3430.0,yonden
2016,5,2016-05-13,17:00,3210.0,0.0,2700.0,780.0,－－－－－－－－－－,10.0,190.0,0.0,0.0,0.0,300.0,-770.0,3210.0,yonden
2016,5,2016-05-13,18:00,3140.0,0.0,2760.0,780.0,－－－－－－－－－－,10.0,50.0,0.0,0.0,0.0,300.0,-760.0,3140.0,yonden
2016,5,2016-05-13,19:00,3150.0,0.0,2830.0,770.0,－－－－－－－－－－,10.0,0.0,0.0,0.0,0.0,300.0,-760.0,3150.0,yonden
2016,5,2016-05-13,20:00,2990.0,0.0,2730.0,730.0,－－－－－－－－－－,10.0,0.0,0.0,0.0,0.0,300.0,-780.0,2990.0,yonden
2016,5,2016-05-13,21:00,2800.0,0.0,2720.0,650.0,－－－－－－－－－－,10.0,0.0,0.0,0.0,0.0,280.0,-860.0,2800.0,yonden
2016,5,2016-05-13,22:00,2590.0,0.0,2880.0,580.0,－－－－－－－－－－,10.0,0.0,0.0,0.0,0.0,20.0,-900.0,2590.0,yonden
2016,5,2016-05-13,23:00,2480.0,0.0,2770.0,580.0,－－－－－－－－－－,10.0,0.0,0.0,0.0,0.0,0.0,-880.0,2480.0,yonden
2016,5,2016-05-14,00:00,2370.0,0.0,2550.0,490.0,－－－－－－－－－－,10.0,0.0,0.0,10.0,0.0,0.0,-690.0,2370.0,yonden
2016,5,2016-05-14,01:00,2400.0,0.0,2530.0,520.0,－－－－－－－－－－,10.0,0.0,0.0,10.0,0.0,0.0,-670.0,2400.0,yonden
2016,5,2016-05-14,02:00,2600.0,0.0,2660.0,600.0,－－－－－－－－－－,10.0,0.0,0.0,10.0,0.0,0.0,-680.0,2600.0,yonden
2016,5,2016-05-14,03:00,2820.0,0.0,2740.0,710.0,－－－－－－－－－－,10.0,0.0,0.0,10.0,0.0,0.0,-650.0,2820.0,yonden
2016,5,2016-05-14,04:00,2870.0,0.0,2740.0,720.0,－－－－－－－－－－,10.0,0.0,0.0,10.0,0.0,0.0,-610.0,2870.0,yonden
2016,5,2016-05-14,05:00,2690.0,0.0,2620.0,630.0,－－－－－－－－－－,10.0,20.0,0.0,20.0,0.0,0.0,-610.0,2690.0,yonden
2016,5,2016-05-14,06:00,2470.0,0.0,2460.0,590.0,－－－－－－－－－－,10.0,170.0,0.0,10.0,0.0,0.0,-770.0,2470.0,yonden
2016,5,2016-05-14,07:00,2450.0,0.0,2510.0,580.0,－－－－－－－－－－,10.0,430.0,0.0,10.0,0.0,-300.0,-790.0,2450.0,yonden
2016,5,2016-05-14,08:00,2700.0,0.0,2590.0,480.0,－－－－－－－－－－,10.0,720.0,0.0,0.0,0.0,-300.0,-800.0,2700.0,yonden
2016,5,2016-05-14,09:00,2850.0,0.0,2480.0,500.0,－－－－－－－－－－,10.0,1020.0,0.0,0.0,0.0,-300.0,-860.0,2850.0,yonden
2016,5,2016-05-14,10:00,3000.0,0.0,2490.0,470.0,－－－－－－－－－－,10.0,1260.0,0.0,0.0,0.0,-300.0,-930.0,3000.0,yonden
2016,5,2016-05-14,11:00,3090.0,0.0,2480.0,460.0,－－－－－－－－－－,10.0,1370.0,0.0,0.0,0.0,-290.0,-940.0,3090.0,yonden
2016,5,2016-05-14,12:00,2940.0,0.0,2400.0,430.0,－－－－－－－－－－,10.0,1360.0,0.0,0.0,0.0,-290.0,-970.0,2940.0,yonden
2016,5,2016-05-14,13:00,3000.0,0.0,2390.0,440.0,－－－－－－－－－－,10.0,1270.0,0.0,0.0,0.0,-290.0,-820.0,3000.0,yonden
2016,5,2016-05-14,14:00,2970.0,0.0,2400.0,520.0,－－－－－－－－－－,10.0,1100.0,0.0,0.0,0.0,-290.0,-770.0,2970.0,yonden
2016,5,2016-05-14,15:00,2940.0,0.0,2490.0,550.0,－－－－－－－－－－,10.0,870.0,0.0,0.0,0.0,-290.0,-690.0,2940.0,yonden
2016,5,2016-05-14,16:00,2960.0,0.0,2560.0,570.0,－－－－－－－－－－,10.0,580.0,0.0,10.0,0.0,-50.0,-720.0,2960.0,yonden
2016,5,2016-05-14,17:00,2910.0,0.0,2540.0,610.0,－－－－－－－－－－,10.0,270.0,0.0,30.0,0.0,200.0,-750.0,2910.0,yonden
2016,5,2016-05-14,18:00,2910.0,0.0,2470.0,690.0,－－－－－－－－－－,10.0,50.0,0.0,50.0,0.0,300.0,-660.0,2910.0,yonden
2016,5,2016-05-14,19:00,2960.0,0.0,2560.0,700.0,－－－－－－－－－－,10.0,0.0,0.0,70.0,0.0,300.0,-680.0,2960.0,yonden
2016,5,2016-05-14,20:00,2830.0,0.0,2380.0,630.0,－－－－－－－－－－,10.0,0.0,0.0,70.0,0.0,300.0,-560.0,2830.0,yonden
2016,5,2016-05-14,21:00,2670.0,0.0,2330.0,550.0,－－－－－－－－－－,10.0,0.0,0.0,80.0,0.0,270.0,-570.0,2670.0,yonden
2016,5,2016-05-14,22:00,2490.0,0.0,2460.0,520.0,－－－－－－－－－－,10.0,0.0,0.0,70.0,0.0,80.0,-650.0,2490.0,yonden
2016,5,2016-05-14,23:00,2370.0,0.0,2410.0,530.0,－－－－－－－－－－,10.0,0.0,0.0,70.0,0.0,0.0,-650.0,2370.0,yonden
2016,5,2016-05-15,00:00,2270.0,0.0,2280.0,470.0,－－－－－－－－－－,10.0,0.0,0.0,70.0,0.0,0.0,-560.0,2270.0,yonden
2016,5,2016-05-15,01:00,2290.0,0.0,2270.0,500.0,－－－－－－－－－－,10.0,0.0,0.0,70.0,0.0,0.0,-560.0,2290.0,yonden
2016,5,2016-05-15,02:00,2490.0,0.0,2350.0,630.0,－－－－－－－－－－,10.0,0.0,0.0,80.0,0.0,0.0,-580.0,2490.0,yonden
2016,5,2016-05-15,03:00,2710.0,0.0,2550.0,670.0,－－－－－－－－－－,10.0,0.0,0.0,70.0,0.0,100.0,-690.0,2710.0,yonden
2016,5,2016-05-15,04:00,2800.0,0.0,2490.0,680.0,－－－－－－－－－－,10.0,0.0,0.0,40.0,0.0,270.0,-690.0,2800.0,yonden
2016,5,2016-05-15,05:00,2640.0,0.0,2580.0,590.0,－－－－－－－－－－,10.0,20.0,0.0,50.0,0.0,0.0,-610.0,2640.0,yonden
2016,5,2016-05-15,06:00,2330.0,0.0,2350.0,490.0,－－－－－－－－－－,10.0,150.0,0.0,60.0,0.0,0.0,-730.0,2330.0,yonden
2016,5,2016-05-15,07:00,2250.0,0.0,2330.0,520.0,－－－－－－－－－－,10.0,360.0,0.0,70.0,0.0,-250.0,-790.0,2250.0,yonden
2016,5,2016-05-15,08:00,2370.0,0.0,2410.0,540.0,－－－－－－－－－－,10.0,550.0,0.0,50.0,0.0,-300.0,-890.0,2370.0,yonden
2016,5,2016-05-15,09:00,2480.0,0.0,2410.0,570.0,－－－－－－－－－－,10.0,730.0,0.0,60.0,0.0,-300.0,-1000.0,2480.0,yonden
2016,5,2016-05-15,10:00,2550.0,0.0,2410.0,550.0,－－－－－－－－－－,10.0,870.0,0.0,60.0,0.0,-300.0,-1050.0,2550.0,yonden
2016,5,2016-05-15,11:00,2610.0,0.0,2370.0,540.0,－－－－－－－－－－,10.0,920.0,0.0,70.0,0.0,-290.0,-1010.0,2610.0,yonden
2016,5,2016-05-15,12:00,2650.0,0.0,2370.0,490.0,－－－－－－－－－－,10.0,900.0,0.0,80.0,0.0,-290.0,-910.0,2650.0,yonden
2016,5,2016-05-15,13:00,2590.0,0.0,2320.0,460.0,－－－－－－－－－－,10.0,810.0,0.0,100.0,0.0,-290.0,-820.0,2590.0,yonden
2016,5,2016-05-15,14:00,2500.0,0.0,2230.0,430.0,－－－－－－－－－－,10.0,690.0,0.0,100.0,0.0,-290.0,-670.0,2500.0,yonden
2016,5,2016-05-15,15:00,2530.0,0.0,2250.0,450.0,－－－－－－－－－－,10.0,650.0,0.0,100.0,0.0,-170.0,-760.0,2530.0,yonden
2016,5,2016-05-15,16:00,2620.0,0.0,2270.0,450.0,－－－－－－－－－－,10.0,450.0,0.0,90.0,0.0,0.0,-650.0,2620.0,yonden
2016,5,2016-05-15,17:00,2740.0,0.0,2580.0,490.0,－－－－－－－－－－,10.0,220.0,0.0,100.0,0.0,0.0,-660.0,2740.0,yonden
2016,5,2016-05-15,18:00,2800.0,0.0,2710.0,670.0,－－－－－－－－－－,10.0,40.0,0.0,100.0,0.0,0.0,-730.0,2800.0,yonden
2016,5,2016-05-15,19:00,2850.0,0.0,2760.0,720.0,－－－－－－－－－－,10.0,0.0,0.0,100.0,0.0,0.0,-740.0,2850.0,yonden
2016,5,2016-05-15,20:00,2730.0,0.0,2580.0,640.0,－－－－－－－－－－,10.0,0.0,0.0,100.0,0.0,0.0,-600.0,2730.0,yonden
2016,5,2016-05-15,21:00,2580.0,0.0,2600.0,530.0,－－－－－－－－－－,10.0,0.0,0.0,100.0,0.0,0.0,-660.0,2580.0,yonden
2016,5,2016-05-15,22:00,2440.0,0.0,2520.0,480.0,－－－－－－－－－－,10.0,0.0,0.0,100.0,0.0,0.0,-670.0,2440.0,yonden
2016,5,2016-05-15,23:00,2350.0,0.0,2470.0,430.0,－－－－－－－－－－,10.0,0.0,0.0,100.0,0.0,0.0,-660.0,2350.0,yonden
2016,5,2016-05-16,00:00,2260.0,0.0,2290.0,440.0,－－－－－－－－－－,10.0,0.0,0.0,100.0,0.0,0.0,-580.0,2260.0,yonden
2016,5,2016-05-16,01:00,2270.0,0.0,2290.0,470.0,－－－－－－－－－－,10.0,0.0,0.0,100.0,0.0,0.0,-600.0,2270.0,yonden
2016,5,2016-05-16,02:00,2470.0,0.0,2480.0,520.0,－－－－－－－－－－,10.0,0.0,0.0,90.0,0.0,0.0,-630.0,2470.0,yonden
2016,5,2016-05-16,03:00,2730.0,0.0,2610.0,580.0,－－－－－－－－－－,10.0,0.0,0.0,90.0,0.0,0.0,-560.0,2730.0,yonden
2016,5,2016-05-16,04:00,2810.0,0.0,2650.0,610.0,－－－－－－－－－－,10.0,0.0,0.0,90.0,0.0,0.0,-550.0,2810.0,yonden
2016,5,2016-05-16,05:00,2700.0,0.0,2520.0,540.0,－－－－－－－－－－,10.0,20.0,0.0,100.0,0.0,0.0,-490.0,2700.0,yonden
2016,5,2016-05-16,06:00,2600.0,0.0,2480.0,470.0,－－－－－－－－－－,10.0,100.0,0.0,90.0,0.0,0.0,-550.0,2600.0,yonden
2016,5,2016-05-16,07:00,2650.0,0.0,2480.0,470.0,－－－－－－－－－－,10.0,190.0,0.0,90.0,0.0,0.0,-590.0,2650.0,yonden
2016,5,2016-05-16,08:00,3030.0,0.0,2870.0,540.0,－－－－－－－－－－,10.0,280.0,0.0,90.0,0.0,0.0,-760.0,3030.0,yonden
2016,5,2016-05-16,09:00,3330.0,0.0,3050.0,610.0,－－－－－－－－－－,10.0,340.0,0.0,90.0,0.0,0.0,-770.0,3330.0,yonden
2016,5,2016-05-16,10:00,3410.0,0.0,2860.0,650.0,－－－－－－－－－－,10.0,350.0,0.0,90.0,0.0,220.0,-770.0,3410.0,yonden
2016,5,2016-05-16,11:00,3460.0,0.0,2900.0,630.0,－－－－－－－－－－,10.0,280.0,0.0,90.0,0.0,300.0,-750.0,3460.0,yonden
2016,5,2016-05-16,12:00,3270.0,0.0,2920.0,560.0,－－－－－－－－－－,10.0,210.0,0.0,80.0,0.0,260.0,-770.0,3270.0,yonden
2016,5,2016-05-16,13:00,3460.0,0.0,3080.0,580.0,－－－－－－－－－－,10.0,170.0,0.0,80.0,0.0,300.0,-760.0,3460.0,yonden
2016,5,2016-05-16,14:00,3480.0,0.0,3320.0,600.0,－－－－－－－－－－,10.0,120.0,0.0,90.0,0.0,100.0,-760.0,3480.0,yonden
2016,5,2016-05-16,15:00,3440.0,0.0,3380.0,630.0,－－－－－－－－－－,10.0,80.0,0.0,100.0,0.0,0.0,-760.0,3440.0,yonden
2016,5,2016-05-16,16:00,3460.0,0.0,3370.0,670.0,－－－－－－－－－－,10.0,50.0,0.0,110.0,0.0,0.0,-750.0,3460.0,yonden
2016,5,2016-05-16,17:00,3390.0,0.0,3360.0,660.0,－－－－－－－－－－,10.0,20.0,0.0,100.0,0.0,0.0,-760.0,3390.0,yonden
2016,5,2016-05-16,18:00,3340.0,0.0,3310.0,700.0,－－－－－－－－－－,10.0,10.0,0.0,80.0,0.0,0.0,-770.0,3340.0,yonden
2016,5,2016-05-16,19:00,3210.0,0.0,3190.0,710.0,－－－－－－－－－－,10.0,0.0,0.0,80.0,0.0,0.0,-780.0,3210.0,yonden
2016,5,2016-05-16,20:00,3030.0,0.0,3030.0,690.0,－－－－－－－－－－,10.0,0.0,0.0,80.0,0.0,0.0,-780.0,3030.0,yonden
2016,5,2016-05-16,21:00,2820.0,0.0,2820.0,670.0,－－－－－－－－－－,10.0,0.0,0.0,90.0,0.0,0.0,-770.0,2820.0,yonden
2016,5,2016-05-16,22:00,2650.0,0.0,2660.0,650.0,－－－－－－－－－－,10.0,0.0,0.0,90.0,0.0,0.0,-760.0,2650.0,yonden
2016,5,2016-05-16,23:00,2590.0,0.0,2560.0,670.0,－－－－－－－－－－,10.0,0.0,0.0,100.0,0.0,0.0,-750.0,2590.0,yonden
2016,5,2016-05-17,00:00,2460.0,0.0,2370.0,640.0,－－－－－－－－－－,10.0,0.0,0.0,100.0,0.0,0.0,-660.0,2460.0,yonden
2016,5,2016-05-17,01:00,2480.0,0.0,2390.0,630.0,－－－－－－－－－－,10.0,0.0,0.0,100.0,0.0,0.0,-650.0,2480.0,yonden
2016,5,2016-05-17,02:00,2690.0,0.0,2590.0,650.0,－－－－－－－－－－,10.0,0.0,0.0,90.0,0.0,0.0,-650.0,2690.0,yonden
2016,5,2016-05-17,03:00,2930.0,0.0,2700.0,670.0,－－－－－－－－－－,10.0,0.0,0.0,80.0,0.0,50.0,-580.0,2930.0,yonden
2016,5,2016-05-17,04:00,3010.0,0.0,2520.0,660.0,－－－－－－－－－－,10.0,0.0,0.0,70.0,0.0,280.0,-530.0,3010.0,yonden
2016,5,2016-05-17,05:00,2910.0,0.0,2670.0,650.0,－－－－－－－－－－,10.0,20.0,0.0,70.0,0.0,60.0,-570.0,2910.0,yonden
2016,5,2016-05-17,06:00,2690.0,0.0,2590.0,600.0,－－－－－－－－－－,10.0,160.0,0.0,70.0,0.0,0.0,-740.0,2690.0,yonden
2016,5,2016-05-17,07:00,2560.0,0.0,2450.0,620.0,－－－－－－－－－－,10.0,470.0,0.0,60.0,0.0,-300.0,-750.0,2560.0,yonden
2016,5,2016-05-17,08:00,2880.0,0.0,2610.0,600.0,－－－－－－－－－－,10.0,800.0,0.0,40.0,0.0,-300.0,-880.0,2880.0,yonden
2016,5,2016-05-17,09:00,3130.0,0.0,2660.0,620.0,－－－－－－－－－－,10.0,1090.0,0.0,30.0,0.0,-300.0,-980.0,3130.0,yonden
2016,5,2016-05-17,10:00,3260.0,0.0,2690.0,650.0,－－－－－－－－－－,10.0,1320.0,0.0,20.0,0.0,-300.0,-1130.0,3260.0,yonden
2016,5,2016-05-17,11:00,3340.0,0.0,2610.0,670.0,－－－－－－－－－－,10.0,1430.0,0.0,20.0,0.0,-300.0,-1100.0,3340.0,yonden
2016,5,2016-05-17,12:00,3120.0,0.0,2410.0,600.0,－－－－－－－－－－,10.0,1410.0,0.0,20.0,0.0,-300.0,-1030.0,3120.0,yonden
2016,5,2016-05-17,13:00,3310.0,0.0,2600.0,660.0,－－－－－－－－－－,10.0,1330.0,0.0,20.0,0.0,-300.0,-1010.0,3310.0,yonden
2016,5,2016-05-17,14:00,3310.0,0.0,2470.0,620.0,－－－－－－－－－－,10.0,1180.0,0.0,20.0,0.0,-50.0,-940.0,3310.0,yonden
2016,5,2016-05-17,15:00,3230.0,0.0,2650.0,640.0,－－－－－－－－－－,10.0,920.0,0.0,30.0,0.0,0.0,-1020.0,3230.0,yonden
2016,5,2016-05-17,16:00,3290.0,0.0,2810.0,660.0,－－－－－－－－－－,10.0,640.0,0.0,30.0,0.0,0.0,-860.0,3290.0,yonden
2016,5,2016-05-17,17:00,3220.0,0.0,2730.0,720.0,－－－－－－－－－－,10.0,320.0,0.0,40.0,0.0,170.0,-770.0,3220.0,yonden
2016,5,2016-05-17,18:00,3150.0,0.0,2720.0,810.0,－－－－－－－－－－,10.0,60.0,0.0,30.0,0.0,300.0,-780.0,3150.0,yonden
2016,5,2016-05-17,19:00,3130.0,0.0,2750.0,810.0,－－－－－－－－－－,10.0,0.0,0.0,40.0,0.0,300.0,-780.0,3130.0,yonden
2016,5,2016-05-17,20:00,2990.0,0.0,2690.0,750.0,－－－－－－－－－－,10.0,0.0,0.0,50.0,0.0,260.0,-770.0,2990.0,yonden
2016,5,2016-05-17,21:00,2780.0,0.0,2660.0,640.0,－－－－－－－－－－,10.0,0.0,0.0,40.0,0.0,160.0,-730.0,2780.0,yonden
2016,5,2016-05-17,22:00,2640.0,0.0,2640.0,590.0,－－－－－－－－－－,10.0,0.0,0.0,40.0,0.0,90.0,-730.0,2640.0,yonden
2016,5,2016-05-17,23:00,2530.0,0.0,2530.0,610.0,－－－－－－－－－－,10.0,0.0,0.0,30.0,0.0,0.0,-650.0,2530.0,yonden
2016,5,2016-05-18,00:00,2410.0,0.0,2560.0,630.0,－－－－－－－－－－,10.0,0.0,0.0,30.0,0.0,0.0,-820.0,2410.0,yonden
2016,5,2016-05-18,01:00,2450.0,0.0,2650.0,710.0,－－－－－－－－－－,10.0,0.0,0.0,40.0,0.0,0.0,-960.0,2450.0,yonden
2016,5,2016-05-18,02:00,2660.0,0.0,2710.0,720.0,－－－－－－－－－－,10.0,0.0,0.0,40.0,0.0,0.0,-820.0,2660.0,yonden
2016,5,2016-05-18,03:00,2910.0,0.0,2710.0,730.0,－－－－－－－－－－,10.0,0.0,0.0,30.0,0.0,90.0,-660.0,2910.0,yonden
2016,5,2016-05-18,04:00,3000.0,0.0,2690.0,720.0,－－－－－－－－－－,10.0,0.0,0.0,40.0,0.0,230.0,-690.0,3000.0,yonden
2016,5,2016-05-18,05:00,2880.0,0.0,2830.0,580.0,－－－－－－－－－－,10.0,30.0,0.0,50.0,0.0,90.0,-710.0,2880.0,yonden
2016,5,2016-05-18,06:00,2670.0,0.0,2790.0,570.0,－－－－－－－－－－,0.0,230.0,0.0,40.0,0.0,-100.0,-860.0,2670.0,yonden
2016,5,2016-05-18,07:00,2550.0,0.0,2720.0,600.0,－－－－－－－－－－,10.0,550.0,0.0,30.0,0.0,-300.0,-1060.0,2550.0,yonden
2016,5,2016-05-18,08:00,2850.0,0.0,2750.0,650.0,－－－－－－－－－－,10.0,870.0,0.0,20.0,0.0,-300.0,-1150.0,2850.0,yonden
2016,5,2016-05-18,09:00,3120.0,0.0,2750.0,650.0,－－－－－－－－－－,10.0,1140.0,0.0,20.0,0.0,-300.0,-1150.0,3120.0,yonden
2016,5,2016-05-18,10:00,3220.0,0.0,2790.0,640.0,－－－－－－－－－－,10.0,1320.0,0.0,10.0,0.0,-300.0,-1250.0,3220.0,yonden
2016,5,2016-05-18,11:00,3310.0,0.0,2770.0,640.0,－－－－－－－－－－,10.0,1410.0,0.0,10.0,0.0,-300.0,-1230.0,3310.0,yonden
2016,5,2016-05-18,12:00,3120.0,0.0,2680.0,610.0,－－－－－－－－－－,10.0,1420.0,0.0,0.0,0.0,-300.0,-1300.0,3120.0,yonden
2016,5,2016-05-18,13:00,3330.0,0.0,2760.0,610.0,－－－－－－－－－－,10.0,1350.0,0.0,0.0,0.0,-300.0,-1100.0,3330.0,yonden
2016,5,2016-05-18,14:00,3350.0,0.0,2750.0,640.0,－－－－－－－－－－,10.0,1190.0,0.0,0.0,0.0,-290.0,-950.0,3350.0,yonden
2016,5,2016-05-18,15:00,3290.0,0.0,2730.0,680.0,－－－－－－－－－－,10.0,940.0,0.0,0.0,0.0,-150.0,-920.0,3290.0,yonden
2016,5,2016-05-18,16:00,3300.0,0.0,2760.0,690.0,－－－－－－－－－－,10.0,650.0,0.0,0.0,0.0,20.0,-830.0,3300.0,yonden
2016,5,2016-05-18,17:00,3200.0,0.0,2740.0,770.0,－－－－－－－－－－,10.0,320.0,0.0,10.0,0.0,230.0,-880.0,3200.0,yonden
2016,5,2016-05-18,18:00,3120.0,0.0,2820.0,790.0,－－－－－－－－－－,10.0,60.0,0.0,20.0,0.0,310.0,-890.0,3120.0,yonden
2016,5,2016-05-18,19:00,3120.0,0.0,2880.0,760.0,－－－－－－－－－－,10.0,0.0,0.0,30.0,0.0,320.0,-880.0,3120.0,yonden
2016,5,2016-05-18,20:00,2990.0,0.0,2840.0,670.0,－－－－－－－－－－,10.0,0.0,0.0,30.0,0.0,320.0,-880.0,2990.0,yonden
2016,5,2016-05-18,21:00,2780.0,0.0,2750.0,620.0,－－－－－－－－－－,10.0,0.0,0.0,30.0,0.0,220.0,-850.0,2780.0,yonden
2016,5,2016-05-18,22:00,2630.0,0.0,2730.0,600.0,－－－－－－－－－－,10.0,0.0,0.0,40.0,0.0,230.0,-980.0,2630.0,yonden
2016,5,2016-05-18,23:00,2540.0,0.0,2770.0,620.0,－－－－－－－－－－,10.0,0.0,0.0,40.0,0.0,60.0,-960.0,2540.0,yonden
2016,5,2016-05-19,00:00,2420.0,0.0,2750.0,630.0,－－－－－－－－－－,10.0,0.0,0.0,40.0,0.0,0.0,-1010.0,2420.0,yonden
2016,5,2016-05-19,01:00,2430.0,0.0,2810.0,660.0,－－－－－－－－－－,10.0,0.0,0.0,30.0,0.0,0.0,-1080.0,2430.0,yonden
2016,5,2016-05-19,02:00,2630.0,0.0,2820.0,730.0,－－－－－－－－－－,10.0,0.0,0.0,20.0,0.0,10.0,-960.0,2630.0,yonden
2016,5,2016-05-19,03:00,2880.0,0.0,2710.0,730.0,－－－－－－－－－－,10.0,0.0,0.0,10.0,0.0,200.0,-780.0,2880.0,yonden
2016,5,2016-05-19,04:00,2960.0,0.0,2710.0,740.0,－－－－－－－－－－,10.0,0.0,0.0,10.0,0.0,170.0,-680.0,2960.0,yonden
2016,5,2016-05-19,05:00,2840.0,0.0,2850.0,700.0,－－－－－－－－－－,10.0,40.0,0.0,0.0,0.0,0.0,-760.0,2840.0,yonden
2016,5,2016-05-19,06:00,2690.0,0.0,2750.0,580.0,－－－－－－－－－－,10.0,220.0,0.0,0.0,0.0,0.0,-870.0,2690.0,yonden
2016,5,2016-05-19,07:00,2570.0,0.0,2690.0,530.0,－－－－－－－－－－,10.0,480.0,0.0,0.0,0.0,-100.0,-1040.0,2570.0,yonden
2016,5,2016-05-19,08:00,2940.0,0.0,2920.0,610.0,－－－－－－－－－－,10.0,800.0,0.0,0.0,0.0,-310.0,-1090.0,2940.0,yonden
2016,5,2016-05-19,09:00,3190.0,0.0,2940.0,530.0,－－－－－－－－－－,10.0,1050.0,0.0,0.0,0.0,-310.0,-1030.0,3190.0,yonden
2016,5,2016-05-19,10:00,3300.0,0.0,2910.0,590.0,－－－－－－－－－－,10.0,1210.0,0.0,0.0,0.0,-300.0,-1120.0,3300.0,yonden
2016,5,2016-05-19,11:00,3390.0,0.0,2850.0,580.0,－－－－－－－－－－,10.0,1270.0,0.0,0.0,0.0,-300.0,-1020.0,3390.0,yonden
2016,5,2016-05-19,12:00,3270.0,0.0,2710.0,600.0,－－－－－－－－－－,10.0,1190.0,0.0,10.0,0.0,-250.0,-1000.0,3270.0,yonden
2016,5,2016-05-19,13:00,3430.0,0.0,2730.0,610.0,－－－－－－－－－－,10.0,980.0,0.0,10.0,0.0,0.0,-910.0,3430.0,yonden
2016,5,2016-05-19,14:00,3370.0,0.0,2670.0,600.0,－－－－－－－－－－,10.0,940.0,0.0,10.0,0.0,0.0,-860.0,3370.0,yonden
2016,5,2016-05-19,15:00,3320.0,0.0,2720.0,630.0,－－－－－－－－－－,10.0,790.0,0.0,10.0,0.0,20.0,-860.0,3320.0,yonden
2016,5,2016-05-19,16:00,3390.0,0.0,2780.0,660.0,－－－－－－－－－－,10.0,520.0,0.0,10.0,0.0,290.0,-880.0,3390.0,yonden
2016,5,2016-05-19,17:00,3230.0,0.0,2780.0,710.0,－－－－－－－－－－,10.0,230.0,0.0,10.0,0.0,300.0,-810.0,3230.0,yonden
2016,5,2016-05-19,18:00,3210.0,0.0,2790.0,780.0,－－－－－－－－－－,10.0,50.0,0.0,20.0,0.0,310.0,-750.0,3210.0,yonden
2016,5,2016-05-19,19:00,3200.0,0.0,2820.0,780.0,－－－－－－－－－－,10.0,0.0,0.0,30.0,0.0,320.0,-760.0,3200.0,yonden
2016,5,2016-05-19,20:00,3040.0,0.0,2750.0,740.0,－－－－－－－－－－,10.0,0.0,0.0,30.0,0.0,320.0,-810.0,3040.0,yonden
2016,5,2016-05-19,21:00,2820.0,0.0,2650.0,680.0,－－－－－－－－－－,10.0,0.0,0.0,30.0,0.0,220.0,-770.0,2820.0,yonden
2016,5,2016-05-19,22:00,2660.0,0.0,2610.0,570.0,－－－－－－－－－－,10.0,0.0,0.0,20.0,0.0,170.0,-720.0,2660.0,yonden
2016,5,2016-05-19,23:00,2590.0,0.0,2620.0,620.0,－－－－－－－－－－,10.0,0.0,0.0,20.0,0.0,0.0,-680.0,2590.0,yonden
2016,5,2016-05-20,00:00,2480.0,0.0,2520.0,630.0,－－－－－－－－－－,10.0,0.0,0.0,20.0,0.0,0.0,-700.0,2480.0,yonden
2016,5,2016-05-20,01:00,2500.0,0.0,2700.0,590.0,－－－－－－－－－－,10.0,0.0,0.0,20.0,0.0,0.0,-820.0,2500.0,yonden
2016,5,2016-05-20,02:00,2680.0,0.0,2850.0,620.0,－－－－－－－－－－,10.0,0.0,0.0,10.0,0.0,0.0,-810.0,2680.0,yonden
2016,5,2016-05-20,03:00,2900.0,0.0,2850.0,660.0,－－－－－－－－－－,10.0,0.0,0.0,10.0,0.0,40.0,-670.0,2900.0,yonden
2016,5,2016-05-20,04:00,2970.0,0.0,2790.0,690.0,－－－－－－－－－－,10.0,0.0,0.0,10.0,0.0,140.0,-670.0,2970.0,yonden
2016,5,2016-05-20,05:00,2850.0,0.0,2870.0,590.0,－－－－－－－－－－,10.0,20.0,0.0,10.0,0.0,20.0,-670.0,2850.0,yonden
2016,5,2016-05-20,06:00,2670.0,0.0,2760.0,560.0,－－－－－－－－－－,0.0,110.0,0.0,10.0,0.0,0.0,-770.0,2670.0,yonden
2016,5,2016-05-20,07:00,2590.0,0.0,2650.0,550.0,－－－－－－－－－－,0.0,350.0,0.0,0.0,0.0,0.0,-960.0,2590.0,yonden
2016,5,2016-05-20,08:00,2920.0,0.0,2760.0,600.0,－－－－－－－－－－,0.0,680.0,0.0,0.0,0.0,0.0,-1120.0,2920.0,yonden
2016,5,2016-05-20,09:00,3180.0,0.0,2800.0,590.0,－－－－－－－－－－,0.0,1000.0,0.0,10.0,0.0,-50.0,-1170.0,3180.0,yonden
2016,5,2016-05-20,10:00,3310.0,0.0,2890.0,670.0,－－－－－－－－－－,0.0,1250.0,0.0,0.0,0.0,-290.0,-1210.0,3310.0,yonden
2016,5,2016-05-20,11:00,3440.0,0.0,2700.0,590.0,－－－－－－－－－－,0.0,1390.0,0.0,0.0,0.0,0.0,-1240.0,3440.0,yonden
2016,5,2016-05-20,12:00,3270.0,0.0,2540.0,500.0,－－－－－－－－－－,0.0,1400.0,0.0,0.0,0.0,0.0,-1170.0,3270.0,yonden
2016,5,2016-05-20,13:00,3460.0,0.0,2800.0,590.0,－－－－－－－－－－,0.0,1320.0,0.0,0.0,0.0,0.0,-1250.0,3460.0,yonden
2016,5,2016-05-20,14:00,3470.0,0.0,2910.0,540.0,－－－－－－－－－－,0.0,1160.0,0.0,0.0,0.0,0.0,-1140.0,3470.0,yonden
2016,5,2016-05-20,15:00,3400.0,0.0,2850.0,590.0,－－－－－－－－－－,0.0,880.0,0.0,10.0,0.0,0.0,-930.0,3400.0,yonden
2016,5,2016-05-20,16:00,3400.0,0.0,2980.0,660.0,－－－－－－－－－－,0.0,580.0,0.0,20.0,0.0,0.0,-840.0,3400.0,yonden
2016,5,2016-05-20,17:00,3300.0,0.0,3100.0,730.0,－－－－－－－－－－,0.0,290.0,0.0,30.0,0.0,0.0,-850.0,3300.0,yonden
2016,5,2016-05-20,18:00,3220.0,0.0,3210.0,750.0,－－－－－－－－－－,0.0,60.0,0.0,30.0,0.0,0.0,-830.0,3220.0,yonden
2016,5,2016-05-20,19:00,3180.0,0.0,3170.0,750.0,－－－－－－－－－－,0.0,0.0,0.0,40.0,0.0,0.0,-780.0,3180.0,yonden
2016,5,2016-05-20,20:00,3030.0,0.0,3040.0,670.0,－－－－－－－－－－,0.0,0.0,0.0,40.0,0.0,0.0,-720.0,3030.0,yonden
2016,5,2016-05-20,21:00,2830.0,0.0,2860.0,550.0,－－－－－－－－－－,0.0,0.0,0.0,20.0,0.0,110.0,-710.0,2830.0,yonden
2016,5,2016-05-20,22:00,2630.0,0.0,2740.0,530.0,－－－－－－－－－－,0.0,0.0,0.0,20.0,0.0,180.0,-840.0,2630.0,yonden
2016,5,2016-05-20,23:00,2500.0,0.0,2800.0,540.0,－－－－－－－－－－,0.0,0.0,0.0,10.0,0.0,10.0,-860.0,2500.0,yonden
2016,5,2016-05-21,00:00,2430.0,0.0,2710.0,530.0,－－－－－－－－－－,0.0,0.0,0.0,0.0,0.0,0.0,-810.0,2430.0,yonden
2016,5,2016-05-21,01:00,2450.0,0.0,2720.0,540.0,－－－－－－－－－－,0.0,0.0,0.0,0.0,0.0,0.0,-810.0,2450.0,yonden
2016,5,2016-05-21,02:00,2620.0,0.0,2730.0,610.0,－－－－－－－－－－,0.0,0.0,0.0,0.0,0.0,0.0,-720.0,2620.0,yonden
2016,5,2016-05-21,03:00,2830.0,0.0,2880.0,680.0,－－－－－－－－－－,0.0,0.0,0.0,0.0,0.0,0.0,-730.0,2830.0,yonden
2016,5,2016-05-21,04:00,2910.0,0.0,2950.0,690.0,－－－－－－－－－－,0.0,0.0,0.0,0.0,0.0,0.0,-730.0,2910.0,yonden
2016,5,2016-05-21,05:00,2770.0,0.0,2790.0,610.0,－－－－－－－－－－,0.0,40.0,0.0,0.0,0.0,0.0,-670.0,2770.0,yonden
2016,5,2016-05-21,06:00,2510.0,0.0,2520.0,510.0,－－－－－－－－－－,0.0,220.0,0.0,0.0,0.0,0.0,-740.0,2510.0,yonden
2016,5,2016-05-21,07:00,2430.0,0.0,2440.0,510.0,－－－－－－－－－－,0.0,500.0,0.0,0.0,0.0,-160.0,-860.0,2430.0,yonden
2016,5,2016-05-21,08:00,2690.0,0.0,2480.0,550.0,－－－－－－－－－－,0.0,780.0,0.0,0.0,0.0,-310.0,-810.0,2690.0,yonden
2016,5,2016-05-21,09:00,2860.0,0.0,2580.0,590.0,－－－－－－－－－－,0.0,1010.0,0.0,0.0,0.0,-310.0,-1010.0,2860.0,yonden
2016,5,2016-05-21,10:00,2990.0,0.0,2620.0,530.0,－－－－－－－－－－,0.0,1190.0,0.0,0.0,0.0,-310.0,-1040.0,2990.0,yonden
2016,5,2016-05-21,11:00,3080.0,0.0,2690.0,490.0,－－－－－－－－－－,0.0,1250.0,0.0,0.0,0.0,-310.0,-1040.0,3080.0,yonden
2016,5,2016-05-21,12:00,2960.0,0.0,2660.0,420.0,－－－－－－－－－－,0.0,1210.0,0.0,0.0,0.0,-310.0,-1020.0,2960.0,yonden
2016,5,2016-05-21,13:00,3060.0,0.0,2720.0,490.0,－－－－－－－－－－,0.0,1160.0,0.0,0.0,0.0,-300.0,-1010.0,3060.0,yonden
2016,5,2016-05-21,14:00,2980.0,0.0,2680.0,500.0,－－－－－－－－－－,0.0,1000.0,0.0,0.0,0.0,-300.0,-900.0,2980.0,yonden
2016,5,2016-05-21,15:00,2930.0,0.0,2620.0,550.0,－－－－－－－－－－,0.0,770.0,0.0,10.0,0.0,-180.0,-840.0,2930.0,yonden
2016,5,2016-05-21,16:00,2930.0,0.0,2600.0,550.0,－－－－－－－－－－,0.0,510.0,0.0,0.0,0.0,0.0,-730.0,2930.0,yonden
2016,5,2016-05-21,17:00,2920.0,0.0,2620.0,640.0,－－－－－－－－－－,0.0,270.0,0.0,0.0,0.0,100.0,-710.0,2920.0,yonden
2016,5,2016-05-21,18:00,2910.0,0.0,2560.0,680.0,－－－－－－－－－－,0.0,60.0,0.0,0.0,0.0,320.0,-710.0,2910.0,yonden
2016,5,2016-05-21,19:00,2910.0,0.0,2610.0,680.0,－－－－－－－－－－,0.0,0.0,0.0,10.0,0.0,320.0,-710.0,2910.0,yonden
2016,5,2016-05-21,20:00,2780.0,0.0,2540.0,630.0,－－－－－－－－－－,0.0,0.0,0.0,10.0,0.0,320.0,-720.0,2780.0,yonden
2016,5,2016-05-21,21:00,2590.0,0.0,2520.0,530.0,－－－－－－－－－－,0.0,0.0,0.0,0.0,0.0,240.0,-700.0,2590.0,yonden
2016,5,2016-05-21,22:00,2400.0,0.0,2520.0,510.0,－－－－－－－－－－,0.0,0.0,0.0,10.0,0.0,40.0,-680.0,2400.0,yonden
2016,5,2016-05-21,23:00,2310.0,0.0,2540.0,490.0,－－－－－－－－－－,0.0,0.0,0.0,10.0,0.0,0.0,-730.0,2310.0,yonden
2016,5,2016-05-22,00:00,2190.0,0.0,2480.0,460.0,－－－－－－－－－－,0.0,0.0,0.0,10.0,0.0,0.0,-760.0,2190.0,yonden
2016,5,2016-05-22,01:00,2190.0,0.0,2450.0,460.0,－－－－－－－－－－,0.0,0.0,0.0,10.0,0.0,0.0,-730.0,2190.0,yonden
2016,5,2016-05-22,02:00,2360.0,0.0,2490.0,530.0,－－－－－－－－－－,0.0,0.0,0.0,20.0,0.0,0.0,-680.0,2360.0,yonden
2016,5,2016-05-22,03:00,2600.0,0.0,2590.0,530.0,－－－－－－－－－－,0.0,0.0,0.0,20.0,0.0,190.0,-730.0,2600.0,yonden
2016,5,2016-05-22,04:00,2670.0,0.0,2670.0,490.0,－－－－－－－－－－,0.0,0.0,0.0,10.0,0.0,220.0,-720.0,2670.0,yonden
2016,5,2016-05-22,05:00,2520.0,0.0,2640.0,430.0,－－－－－－－－－－,0.0,40.0,0.0,20.0,0.0,0.0,-610.0,2520.0,yonden
2016,5,2016-05-22,06:00,2230.0,0.0,2410.0,400.0,－－－－－－－－－－,0.0,210.0,0.0,10.0,0.0,0.0,-800.0,2230.0,yonden
2016,5,2016-05-22,07:00,2040.0,0.0,2210.0,430.0,－－－－－－－－－－,0.0,460.0,0.0,10.0,0.0,-260.0,-810.0,2040.0,yonden
2016,5,2016-05-22,08:00,2180.0,0.0,2190.0,410.0,－－－－－－－－－－,0.0,770.0,0.0,0.0,0.0,-310.0,-880.0,2180.0,yonden
2016,5,2016-05-22,09:00,2350.0,0.0,2270.0,430.0,－－－－－－－－－－,0.0,1020.0,0.0,0.0,0.0,-310.0,-1060.0,2350.0,yonden
2016,5,2016-05-22,10:00,2490.0,0.0,2280.0,420.0,－－－－－－－－－－,0.0,1200.0,0.0,0.0,0.0,-310.0,-1100.0,2490.0,yonden
2016,5,2016-05-22,11:00,2620.0,0.0,2300.0,400.0,－－－－－－－－－－,0.0,1320.0,0.0,10.0,0.0,-300.0,-1110.0,2620.0,yonden
2016,5,2016-05-22,12:00,2640.0,0.0,2330.0,380.0,－－－－－－－－－－,0.0,1340.0,0.0,10.0,0.0,-300.0,-1120.0,2640.0,yonden
2016,5,2016-05-22,13:00,2640.0,0.0,2410.0,380.0,－－－－－－－－－－,0.0,1250.0,0.0,10.0,0.0,-300.0,-1110.0,2640.0,yonden
2016,5,2016-05-22,14:00,2650.0,0.0,2390.0,420.0,－－－－－－－－－－,0.0,1080.0,0.0,20.0,0.0,-300.0,-960.0,2650.0,yonden
2016,5,2016-05-22,15:00,2630.0,0.0,2470.0,520.0,－－－－－－－－－－,0.0,810.0,0.0,20.0,0.0,-300.0,-890.0,2630.0,yonden
2016,5,2016-05-22,16:00,2690.0,0.0,2450.0,520.0,－－－－－－－－－－,0.0,540.0,0.0,30.0,0.0,-150.0,-700.0,2690.0,yonden
2016,5,2016-05-22,17:00,2760.0,0.0,2580.0,630.0,－－－－－－－－－－,0.0,260.0,0.0,30.0,0.0,0.0,-740.0,2760.0,yonden
2016,5,2016-05-22,18:00,2810.0,0.0,2540.0,740.0,－－－－－－－－－－,0.0,60.0,0.0,40.0,0.0,140.0,-710.0,2810.0,yonden
2016,5,2016-05-22,19:00,2860.0,0.0,2520.0,720.0,－－－－－－－－－－,0.0,0.0,0.0,40.0,0.0,290.0,-710.0,2860.0,yonden
2016,5,2016-05-22,20:00,2760.0,0.0,2610.0,630.0,－－－－－－－－－－,0.0,0.0,0.0,30.0,0.0,200.0,-710.0,2760.0,yonden
2016,5,2016-05-22,21:00,2600.0,0.0,2720.0,540.0,－－－－－－－－－－,0.0,0.0,0.0,20.0,0.0,0.0,-680.0,2600.0,yonden
2016,5,2016-05-22,22:00,2400.0,0.0,2640.0,440.0,－－－－－－－－－－,0.0,0.0,0.0,10.0,0.0,0.0,-690.0,2400.0,yonden
2016,5,2016-05-22,23:00,2300.0,0.0,2540.0,410.0,－－－－－－－－－－,0.0,0.0,0.0,10.0,0.0,0.0,-660.0,2300.0,yonden
2016,5,2016-05-23,00:00,2210.0,0.0,2420.0,440.0,－－－－－－－－－－,0.0,0.0,0.0,10.0,0.0,0.0,-660.0,2210.0,yonden
2016,5,2016-05-23,01:00,2210.0,0.0,2420.0,480.0,－－－－－－－－－－,0.0,0.0,0.0,10.0,0.0,0.0,-700.0,2210.0,yonden
2016,5,2016-05-23,02:00,2410.0,0.0,2520.0,600.0,－－－－－－－－－－,0.0,0.0,0.0,10.0,0.0,0.0,-720.0,2410.0,yonden
2016,5,2016-05-23,03:00,2660.0,0.0,2640.0,680.0,－－－－－－－－－－,0.0,0.0,0.0,10.0,0.0,0.0,-670.0,2660.0,yonden
2016,5,2016-05-23,04:00,2750.0,0.0,2740.0,680.0,－－－－－－－－－－,0.0,0.0,0.0,0.0,0.0,0.0,-670.0,2750.0,yonden
2016,5,2016-05-23,05:00,2600.0,0.0,2610.0,610.0,－－－－－－－－－－,0.0,40.0,0.0,0.0,0.0,0.0,-660.0,2600.0,yonden
2016,5,2016-05-23,06:00,2460.0,0.0,2500.0,490.0,－－－－－－－－－－,0.0,210.0,0.0,0.0,0.0,0.0,-740.0,2460.0,yonden
2016,5,2016-05-23,07:00,2470.0,0.0,2590.0,500.0,－－－－－－－－－－,0.0,480.0,0.0,0.0,0.0,-300.0,-800.0,2470.0,yonden
2016,5,2016-05-23,08:00,2900.0,0.0,2740.0,550.0,－－－－－－－－－－,0.0,790.0,0.0,0.0,0.0,-300.0,-880.0,2900.0,yonden
2016,5,2016-05-23,09:00,3220.0,0.0,2870.0,660.0,－－－－－－－－－－,0.0,1050.0,0.0,0.0,0.0,-300.0,-1060.0,3220.0,yonden
2016,5,2016-05-23,10:00,3350.0,0.0,2930.0,630.0,－－－－－－－－－－,0.0,1230.0,0.0,0.0,0.0,-300.0,-1140.0,3350.0,yonden
2016,5,2016-05-23,11:00,3480.0,0.0,3020.0,520.0,－－－－－－－－－－,0.0,1350.0,0.0,10.0,0.0,-300.0,-1120.0,3480.0,yonden
2016,5,2016-05-23,12:00,3320.0,0.0,3000.0,430.0,－－－－－－－－－－,0.0,1370.0,0.0,10.0,0.0,-300.0,-1190.0,3320.0,yonden
2016,5,2016-05-23,13:00,3550.0,0.0,3090.0,440.0,－－－－－－－－－－,0.0,1280.0,0.0,30.0,0.0,-300.0,-990.0,3550.0,yonden
2016,5,2016-05-23,14:00,3550.0,0.0,3190.0,430.0,－－－－－－－－－－,0.0,1110.0,0.0,30.0,0.0,-300.0,-910.0,3550.0,yonden
2016,5,2016-05-23,15:00,3520.0,0.0,3150.0,460.0,－－－－－－－－－－,0.0,850.0,0.0,30.0,0.0,0.0,-970.0,3520.0,yonden
2016,5,2016-05-23,16:00,3500.0,0.0,3150.0,550.0,－－－－－－－－－－,0.0,570.0,0.0,40.0,0.0,10.0,-820.0,3500.0,yonden
2016,5,2016-05-23,17:00,3370.0,0.0,3100.0,560.0,－－－－－－－－－－,0.0,280.0,0.0,40.0,0.0,140.0,-750.0,3370.0,yonden
2016,5,2016-05-23,18:00,3270.0,0.0,2970.0,630.0,－－－－－－－－－－,0.0,60.0,0.0,40.0,0.0,140.0,-570.0,3270.0,yonden
2016,5,2016-05-23,19:00,3210.0,0.0,2920.0,660.0,－－－－－－－－－－,0.0,0.0,0.0,40.0,0.0,160.0,-570.0,3210.0,yonden
2016,5,2016-05-23,20:00,3070.0,0.0,2850.0,670.0,－－－－－－－－－－,0.0,0.0,0.0,30.0,0.0,270.0,-750.0,3070.0,yonden
2016,5,2016-05-23,21:00,2870.0,0.0,2930.0,590.0,－－－－－－－－－－,0.0,0.0,0.0,30.0,0.0,140.0,-820.0,2870.0,yonden
2016,5,2016-05-23,22:00,2670.0,0.0,2940.0,540.0,－－－－－－－－－－,0.0,0.0,0.0,30.0,0.0,0.0,-840.0,2670.0,yonden
2016,5,2016-05-23,23:00,2560.0,0.0,2910.0,430.0,－－－－－－－－－－,0.0,0.0,0.0,30.0,0.0,0.0,-810.0,2560.0,yonden
2016,5,2016-05-24,00:00,2420.0,0.0,2840.0,370.0,－－－－－－－－－－,0.0,0.0,0.0,30.0,0.0,0.0,-820.0,2420.0,yonden
2016,5,2016-05-24,01:00,2410.0,0.0,2830.0,370.0,－－－－－－－－－－,0.0,0.0,0.0,40.0,0.0,0.0,-830.0,2410.0,yonden
2016,5,2016-05-24,02:00,2580.0,0.0,2830.0,430.0,－－－－－－－－－－,0.0,0.0,0.0,40.0,0.0,0.0,-720.0,2580.0,yonden
2016,5,2016-05-24,03:00,2800.0,0.0,2860.0,580.0,－－－－－－－－－－,0.0,0.0,0.0,50.0,0.0,0.0,-690.0,2800.0,yonden
2016,5,2016-05-24,04:00,2910.0,0.0,2880.0,650.0,－－－－－－－－－－,0.0,0.0,0.0,60.0,0.0,0.0,-680.0,2910.0,yonden
2016,5,2016-05-24,05:00,2810.0,0.0,2820.0,580.0,－－－－－－－－－－,0.0,30.0,0.0,70.0,0.0,0.0,-690.0,2810.0,yonden
2016,5,2016-05-24,06:00,2630.0,0.0,2650.0,450.0,－－－－－－－－－－,0.0,220.0,0.0,70.0,0.0,-50.0,-710.0,2630.0,yonden
2016,5,2016-05-24,07:00,2590.0,0.0,2730.0,470.0,－－－－－－－－－－,0.0,480.0,0.0,60.0,0.0,-300.0,-850.0,2590.0,yonden
2016,5,2016-05-24,08:00,2970.0,0.0,2850.0,490.0,－－－－－－－－－－,0.0,720.0,0.0,80.0,0.0,-300.0,-870.0,2970.0,yonden
2016,5,2016-05-24,09:00,3240.0,0.0,2820.0,510.0,－－－－－－－－－－,0.0,900.0,0.0,80.0,0.0,-300.0,-770.0,3240.0,yonden
2016,5,2016-05-24,10:00,3330.0,0.0,2890.0,540.0,－－－－－－－－－－,0.0,980.0,0.0,80.0,0.0,-300.0,-860.0,3330.0,yonden
2016,5,2016-05-24,11:00,3440.0,0.0,2900.0,480.0,－－－－－－－－－－,0.0,1000.0,0.0,90.0,0.0,-300.0,-730.0,3440.0,yonden
2016,5,2016-05-24,12:00,3210.0,0.0,2980.0,380.0,－－－－－－－－－－,0.0,850.0,0.0,90.0,0.0,-300.0,-790.0,3210.0,yonden
2016,5,2016-05-24,13:00,3480.0,0.0,2960.0,460.0,－－－－－－－－－－,0.0,780.0,0.0,90.0,0.0,-100.0,-710.0,3480.0,yonden
2016,5,2016-05-24,14:00,3410.0,0.0,2990.0,420.0,－－－－－－－－－－,0.0,670.0,0.0,90.0,0.0,0.0,-760.0,3410.0,yonden
2016,5,2016-05-24,15:00,3390.0,0.0,3010.0,520.0,－－－－－－－－－－,0.0,500.0,0.0,80.0,0.0,0.0,-720.0,3390.0,yonden
2016,5,2016-05-24,16:00,3370.0,0.0,3050.0,620.0,－－－－－－－－－－,0.0,310.0,0.0,90.0,0.0,0.0,-700.0,3370.0,yonden
2016,5,2016-05-24,17:00,3260.0,0.0,3050.0,610.0,－－－－－－－－－－,0.0,150.0,0.0,90.0,0.0,50.0,-690.0,3260.0,yonden
2016,5,2016-05-24,18:00,3240.0,0.0,2920.0,680.0,－－－－－－－－－－,0.0,40.0,0.0,90.0,0.0,220.0,-710.0,3240.0,yonden
2016,5,2016-05-24,19:00,3220.0,0.0,3010.0,690.0,－－－－－－－－－－,0.0,0.0,0.0,80.0,0.0,170.0,-730.0,3220.0,yonden
2016,5,2016-05-24,20:00,3060.0,0.0,3050.0,550.0,－－－－－－－－－－,0.0,0.0,0.0,80.0,0.0,80.0,-700.0,3060.0,yonden
2016,5,2016-05-24,21:00,2850.0,0.0,3030.0,480.0,－－－－－－－－－－,0.0,0.0,0.0,80.0,0.0,0.0,-740.0,2850.0,yonden
2016,5,2016-05-24,22:00,2650.0,0.0,2950.0,430.0,－－－－－－－－－－,0.0,0.0,0.0,80.0,0.0,0.0,-810.0,2650.0,yonden
2016,5,2016-05-24,23:00,2530.0,0.0,2880.0,410.0,－－－－－－－－－－,0.0,0.0,0.0,90.0,0.0,0.0,-850.0,2530.0,yonden
2016,5,2016-05-25,00:00,2400.0,0.0,2830.0,350.0,－－－－－－－－－－,0.0,0.0,0.0,90.0,0.0,0.0,-870.0,2400.0,yonden
2016,5,2016-05-25,01:00,2420.0,0.0,2860.0,370.0,－－－－－－－－－－,0.0,0.0,0.0,80.0,0.0,0.0,-890.0,2420.0,yonden
2016,5,2016-05-25,02:00,2590.0,0.0,2880.0,400.0,－－－－－－－－－－,0.0,0.0,0.0,80.0,0.0,0.0,-770.0,2590.0,yonden
2016,5,2016-05-25,03:00,2820.0,0.0,2920.0,520.0,－－－－－－－－－－,0.0,0.0,0.0,80.0,0.0,0.0,-700.0,2820.0,yonden
2016,5,2016-05-25,04:00,2910.0,0.0,2920.0,570.0,－－－－－－－－－－,0.0,0.0,0.0,90.0,0.0,0.0,-670.0,2910.0,yonden
2016,5,2016-05-25,05:00,2820.0,0.0,2870.0,550.0,－－－－－－－－－－,0.0,10.0,0.0,90.0,0.0,0.0,-700.0,2820.0,yonden
2016,5,2016-05-25,06:00,2660.0,0.0,2820.0,470.0,－－－－－－－－－－,0.0,40.0,0.0,70.0,0.0,0.0,-740.0,2660.0,yonden
2016,5,2016-05-25,07:00,2680.0,0.0,2890.0,410.0,－－－－－－－－－－,0.0,100.0,0.0,60.0,0.0,0.0,-780.0,2680.0,yonden
2016,5,2016-05-25,08:00,3070.0,0.0,3170.0,440.0,－－－－－－－－－－,0.0,190.0,0.0,50.0,0.0,0.0,-780.0,3070.0,yonden
2016,5,2016-05-25,09:00,3290.0,0.0,3160.0,510.0,－－－－－－－－－－,0.0,300.0,0.0,40.0,0.0,0.0,-720.0,3290.0,yonden
2016,5,2016-05-25,10:00,3370.0,0.0,3140.0,550.0,－－－－－－－－－－,0.0,320.0,0.0,50.0,0.0,0.0,-690.0,3370.0,yonden
2016,5,2016-05-25,11:00,3430.0,0.0,3190.0,610.0,－－－－－－－－－－,0.0,280.0,0.0,40.0,0.0,0.0,-690.0,3430.0,yonden
2016,5,2016-05-25,12:00,3210.0,0.0,3160.0,460.0,－－－－－－－－－－,0.0,220.0,0.0,60.0,0.0,0.0,-690.0,3210.0,yonden
2016,5,2016-05-25,13:00,3480.0,0.0,3420.0,540.0,－－－－－－－－－－,0.0,160.0,0.0,60.0,0.0,0.0,-700.0,3480.0,yonden
2016,5,2016-05-25,14:00,3480.0,0.0,3370.0,560.0,－－－－－－－－－－,10.0,110.0,0.0,40.0,0.0,90.0,-700.0,3480.0,yonden
2016,5,2016-05-25,15:00,3400.0,0.0,3240.0,600.0,－－－－－－－－－－,10.0,120.0,0.0,50.0,0.0,90.0,-710.0,3400.0,yonden
2016,5,2016-05-25,16:00,3370.0,0.0,3160.0,690.0,－－－－－－－－－－,10.0,140.0,0.0,80.0,0.0,0.0,-710.0,3370.0,yonden
2016,5,2016-05-25,17:00,3290.0,0.0,3100.0,680.0,－－－－－－－－－－,10.0,100.0,0.0,70.0,0.0,0.0,-670.0,3290.0,yonden
2016,5,2016-05-25,18:00,3270.0,0.0,3150.0,740.0,－－－－－－－－－－,10.0,30.0,0.0,40.0,0.0,0.0,-700.0,3270.0,yonden
2016,5,2016-05-25,19:00,3240.0,0.0,3150.0,740.0,－－－－－－－－－－,10.0,0.0,0.0,40.0,0.0,0.0,-700.0,3240.0,yonden
2016,5,2016-05-25,20:00,3080.0,0.0,3120.0,600.0,－－－－－－－－－－,10.0,0.0,0.0,30.0,0.0,0.0,-680.0,3080.0,yonden
2016,5,2016-05-25,21:00,2890.0,0.0,3000.0,520.0,－－－－－－－－－－,10.0,0.0,0.0,50.0,0.0,0.0,-690.0,2890.0,yonden
2016,5,2016-05-25,22:00,2670.0,0.0,2870.0,470.0,－－－－－－－－－－,10.0,0.0,0.0,50.0,0.0,0.0,-730.0,2670.0,yonden
2016,5,2016-05-25,23:00,2550.0,0.0,2850.0,420.0,－－－－－－－－－－,10.0,0.0,0.0,40.0,0.0,0.0,-770.0,2550.0,yonden
2016,5,2016-05-26,00:00,2420.0,0.0,2810.0,390.0,－－－－－－－－－－,10.0,0.0,0.0,50.0,0.0,0.0,-840.0,2420.0,yonden
2016,5,2016-05-26,01:00,2410.0,0.0,2880.0,410.0,－－－－－－－－－－,10.0,0.0,0.0,50.0,0.0,0.0,-940.0,2410.0,yonden
2016,5,2016-05-26,02:00,2620.0,0.0,3000.0,460.0,－－－－－－－－－－,10.0,0.0,0.0,40.0,0.0,0.0,-890.0,2620.0,yonden
2016,5,2016-05-26,03:00,2860.0,0.0,3110.0,510.0,－－－－－－－－－－,10.0,0.0,0.0,30.0,0.0,0.0,-800.0,2860.0,yonden
2016,5,2016-05-26,04:00,2950.0,0.0,3150.0,510.0,－－－－－－－－－－,10.0,0.0,0.0,10.0,0.0,0.0,-730.0,2950.0,yonden
2016,5,2016-05-26,05:00,2860.0,0.0,3050.0,440.0,－－－－－－－－－－,10.0,20.0,0.0,10.0,0.0,0.0,-670.0,2860.0,yonden
2016,5,2016-05-26,06:00,2700.0,0.0,2950.0,380.0,－－－－－－－－－－,10.0,100.0,0.0,20.0,0.0,0.0,-760.0,2700.0,yonden
2016,5,2016-05-26,07:00,2720.0,0.0,2970.0,400.0,－－－－－－－－－－,10.0,250.0,0.0,30.0,0.0,0.0,-940.0,2720.0,yonden
2016,5,2016-05-26,08:00,3150.0,0.0,3100.0,480.0,－－－－－－－－－－,10.0,370.0,0.0,30.0,0.0,0.0,-840.0,3150.0,yonden
2016,5,2016-05-26,09:00,3350.0,0.0,3110.0,580.0,－－－－－－－－－－,10.0,470.0,0.0,30.0,0.0,0.0,-850.0,3350.0,yonden
2016,5,2016-05-26,10:00,3470.0,0.0,3140.0,590.0,－－－－－－－－－－,10.0,540.0,0.0,20.0,0.0,0.0,-830.0,3470.0,yonden
2016,5,2016-05-26,11:00,3540.0,0.0,3090.0,590.0,－－－－－－－－－－,10.0,540.0,0.0,20.0,0.0,0.0,-710.0,3540.0,yonden
2016,5,2016-05-26,12:00,3310.0,0.0,2980.0,460.0,－－－－－－－－－－,10.0,520.0,0.0,20.0,0.0,0.0,-680.0,3310.0,yonden
2016,5,2016-05-26,13:00,3530.0,0.0,3200.0,560.0,－－－－－－－－－－,10.0,440.0,0.0,20.0,0.0,0.0,-700.0,3530.0,yonden
2016,5,2016-05-26,14:00,3570.0,0.0,3310.0,570.0,－－－－－－－－－－,10.0,360.0,0.0,20.0,0.0,0.0,-700.0,3570.0,yonden
2016,5,2016-05-26,15:00,3530.0,0.0,3330.0,640.0,－－－－－－－－－－,10.0,250.0,0.0,10.0,0.0,0.0,-710.0,3530.0,yonden
2016,5,2016-05-26,16:00,3540.0,0.0,3320.0,720.0,－－－－－－－－－－,10.0,180.0,0.0,10.0,0.0,0.0,-700.0,3540.0,yonden
2016,5,2016-05-26,17:00,3440.0,0.0,3310.0,710.0,－－－－－－－－－－,10.0,90.0,0.0,10.0,0.0,0.0,-690.0,3440.0,yonden
2016,5,2016-05-26,18:00,3380.0,0.0,3340.0,690.0,－－－－－－－－－－,10.0,20.0,0.0,0.0,0.0,0.0,-680.0,3380.0,yonden
2016,5,2016-05-26,19:00,3310.0,0.0,3190.0,700.0,－－－－－－－－－－,10.0,0.0,0.0,0.0,0.0,100.0,-690.0,3310.0,yonden
2016,5,2016-05-26,20:00,3150.0,0.0,2880.0,630.0,－－－－－－－－－－,10.0,0.0,0.0,0.0,0.0,320.0,-690.0,3150.0,yonden
2016,5,2016-05-26,21:00,2930.0,0.0,3060.0,590.0,－－－－－－－－－－,10.0,0.0,0.0,0.0,0.0,80.0,-810.0,2930.0,yonden
2016,5,2016-05-26,22:00,2760.0,0.0,2980.0,560.0,－－－－－－－－－－,10.0,0.0,0.0,0.0,0.0,0.0,-790.0,2760.0,yonden
2016,5,2016-05-26,23:00,2650.0,0.0,2770.0,520.0,－－－－－－－－－－,10.0,0.0,0.0,20.0,0.0,0.0,-670.0,2650.0,yonden
2016,5,2016-05-27,00:00,2510.0,0.0,2660.0,490.0,－－－－－－－－－－,10.0,0.0,0.0,30.0,0.0,0.0,-680.0,2510.0,yonden
2016,5,2016-05-27,01:00,2500.0,0.0,2620.0,540.0,－－－－－－－－－－,10.0,0.0,0.0,40.0,0.0,0.0,-710.0,2500.0,yonden
2016,5,2016-05-27,02:00,2650.0,0.0,2700.0,570.0,－－－－－－－－－－,10.0,0.0,0.0,40.0,0.0,0.0,-670.0,2650.0,yonden
2016,5,2016-05-27,03:00,2890.0,0.0,2780.0,700.0,－－－－－－－－－－,10.0,0.0,0.0,60.0,0.0,0.0,-660.0,2890.0,yonden
2016,5,2016-05-27,04:00,2990.0,0.0,2820.0,720.0,－－－－－－－－－－,10.0,0.0,0.0,90.0,0.0,0.0,-650.0,2990.0,yonden
2016,5,2016-05-27,05:00,2880.0,0.0,2790.0,600.0,－－－－－－－－－－,10.0,20.0,0.0,90.0,0.0,0.0,-630.0,2880.0,yonden
2016,5,2016-05-27,06:00,2720.0,0.0,2720.0,500.0,－－－－－－－－－－,10.0,100.0,0.0,80.0,0.0,0.0,-690.0,2720.0,yonden
2016,5,2016-05-27,07:00,2740.0,0.0,2780.0,460.0,－－－－－－－－－－,10.0,230.0,0.0,80.0,0.0,0.0,-820.0,2740.0,yonden
2016,5,2016-05-27,08:00,3140.0,0.0,2960.0,610.0,－－－－－－－－－－,10.0,320.0,0.0,70.0,0.0,0.0,-830.0,3140.0,yonden
2016,5,2016-05-27,09:00,3280.0,0.0,2990.0,600.0,－－－－－－－－－－,10.0,520.0,0.0,40.0,0.0,0.0,-880.0,3280.0,yonden
2016,5,2016-05-27,10:00,3370.0,0.0,2850.0,510.0,－－－－－－－－－－,10.0,820.0,0.0,30.0,0.0,0.0,-850.0,3370.0,yonden
2016,5,2016-05-27,11:00,3460.0,0.0,2740.0,500.0,－－－－－－－－－－,10.0,1050.0,0.0,30.0,0.0,-20.0,-850.0,3460.0,yonden
2016,5,2016-05-27,12:00,3330.0,0.0,2700.0,510.0,－－－－－－－－－－,10.0,1190.0,0.0,20.0,0.0,-280.0,-820.0,3330.0,yonden
2016,5,2016-05-27,13:00,3560.0,0.0,2710.0,450.0,－－－－－－－－－－,10.0,1180.0,0.0,20.0,0.0,0.0,-810.0,3560.0,yonden
2016,5,2016-05-27,14:00,3570.0,0.0,3030.0,490.0,－－－－－－－－－－,10.0,1030.0,0.0,20.0,0.0,0.0,-1010.0,3570.0,yonden
2016,5,2016-05-27,15:00,3570.0,0.0,3120.0,570.0,－－－－－－－－－－,10.0,850.0,0.0,0.0,0.0,10.0,-990.0,3570.0,yonden
2016,5,2016-05-27,16:00,3570.0,0.0,3100.0,610.0,－－－－－－－－－－,10.0,590.0,0.0,0.0,0.0,170.0,-910.0,3570.0,yonden
2016,5,2016-05-27,17:00,3430.0,0.0,3060.0,680.0,－－－－－－－－－－,10.0,280.0,0.0,10.0,0.0,220.0,-830.0,3430.0,yonden
2016,5,2016-05-27,18:00,3310.0,0.0,3030.0,690.0,－－－－－－－－－－,10.0,60.0,0.0,10.0,0.0,290.0,-780.0,3310.0,yonden
2016,5,2016-05-27,19:00,3270.0,0.0,3140.0,680.0,－－－－－－－－－－,10.0,0.0,0.0,10.0,0.0,300.0,-870.0,3270.0,yonden
2016,5,2016-05-27,20:00,3110.0,0.0,3150.0,590.0,－－－－－－－－－－,10.0,0.0,0.0,10.0,0.0,300.0,-950.0,3110.0,yonden
2016,5,2016-05-27,21:00,2890.0,0.0,3100.0,530.0,－－－－－－－－－－,10.0,0.0,0.0,10.0,0.0,210.0,-970.0,2890.0,yonden
2016,5,2016-05-27,22:00,2670.0,0.0,2850.0,450.0,－－－－－－－－－－,10.0,0.0,0.0,10.0,0.0,190.0,-840.0,2670.0,yonden
2016,5,2016-05-27,23:00,2560.0,0.0,2780.0,440.0,－－－－－－－－－－,10.0,0.0,0.0,0.0,0.0,0.0,-670.0,2560.0,yonden
2016,5,2016-05-28,00:00,2410.0,0.0,2670.0,400.0,－－－－－－－－－－,10.0,0.0,0.0,0.0,0.0,0.0,-670.0,2410.0,yonden
2016,5,2016-05-28,01:00,2380.0,0.0,2640.0,410.0,－－－－－－－－－－,10.0,0.0,0.0,0.0,0.0,0.0,-680.0,2380.0,yonden
2016,5,2016-05-28,02:00,2510.0,0.0,2680.0,510.0,－－－－－－－－－－,10.0,0.0,0.0,0.0,0.0,0.0,-690.0,2510.0,yonden
2016,5,2016-05-28,03:00,2770.0,0.0,2760.0,660.0,－－－－－－－－－－,10.0,0.0,0.0,0.0,0.0,0.0,-660.0,2770.0,yonden
2016,5,2016-05-28,04:00,2890.0,0.0,2870.0,670.0,－－－－－－－－－－,10.0,0.0,0.0,10.0,0.0,0.0,-670.0,2890.0,yonden
2016,5,2016-05-28,05:00,2770.0,0.0,2830.0,560.0,－－－－－－－－－－,10.0,10.0,0.0,10.0,0.0,0.0,-650.0,2770.0,yonden
2016,5,2016-05-28,06:00,2580.0,0.0,2730.0,430.0,－－－－－－－－－－,10.0,40.0,0.0,10.0,0.0,0.0,-640.0,2580.0,yonden
2016,5,2016-05-28,07:00,2550.0,0.0,2800.0,370.0,－－－－－－－－－－,10.0,60.0,0.0,0.0,0.0,0.0,-690.0,2550.0,yonden
2016,5,2016-05-28,08:00,2820.0,0.0,2960.0,400.0,－－－－－－－－－－,10.0,100.0,0.0,10.0,0.0,0.0,-660.0,2820.0,yonden
2016,5,2016-05-28,09:00,2980.0,0.0,3020.0,480.0,－－－－－－－－－－,10.0,160.0,0.0,0.0,0.0,0.0,-690.0,2980.0,yonden
2016,5,2016-05-28,10:00,3030.0,0.0,3040.0,490.0,－－－－－－－－－－,10.0,210.0,0.0,0.0,0.0,0.0,-720.0,3030.0,yonden
2016,5,2016-05-28,11:00,3090.0,0.0,3100.0,490.0,－－－－－－－－－－,10.0,200.0,0.0,0.0,0.0,0.0,-710.0,3090.0,yonden
2016,5,2016-05-28,12:00,2970.0,0.0,3070.0,400.0,－－－－－－－－－－,10.0,160.0,0.0,0.0,0.0,0.0,-670.0,2970.0,yonden
2016,5,2016-05-28,13:00,3000.0,0.0,3190.0,390.0,－－－－－－－－－－,10.0,130.0,0.0,0.0,0.0,0.0,-720.0,3000.0,yonden
2016,5,2016-05-28,14:00,2930.0,0.0,3060.0,440.0,－－－－－－－－－－,10.0,140.0,0.0,0.0,0.0,0.0,-720.0,2930.0,yonden
2016,5,2016-05-28,15:00,2930.0,0.0,3120.0,530.0,－－－－－－－－－－,10.0,110.0,0.0,0.0,0.0,0.0,-840.0,2930.0,yonden
2016,5,2016-05-28,16:00,2930.0,0.0,3110.0,580.0,－－－－－－－－－－,10.0,80.0,0.0,0.0,0.0,0.0,-850.0,2930.0,yonden
2016,5,2016-05-28,17:00,2880.0,0.0,3000.0,620.0,－－－－－－－－－－,10.0,50.0,0.0,0.0,0.0,0.0,-800.0,2880.0,yonden
2016,5,2016-05-28,18:00,2910.0,0.0,2950.0,640.0,－－－－－－－－－－,10.0,20.0,0.0,0.0,0.0,0.0,-710.0,2910.0,yonden
2016,5,2016-05-28,19:00,2900.0,0.0,2890.0,690.0,－－－－－－－－－－,10.0,0.0,0.0,10.0,0.0,0.0,-700.0,2900.0,yonden
2016,5,2016-05-28,20:00,2800.0,0.0,2810.0,680.0,－－－－－－－－－－,10.0,0.0,0.0,10.0,0.0,0.0,-710.0,2800.0,yonden
2016,5,2016-05-28,21:00,2620.0,0.0,2730.0,570.0,－－－－－－－－－－,10.0,0.0,0.0,10.0,0.0,0.0,-700.0,2620.0,yonden
2016,5,2016-05-28,22:00,2440.0,0.0,2720.0,440.0,－－－－－－－－－－,10.0,0.0,0.0,10.0,0.0,0.0,-740.0,2440.0,yonden
2016,5,2016-05-28,23:00,2320.0,0.0,2680.0,370.0,－－－－－－－－－－,10.0,0.0,0.0,10.0,0.0,0.0,-750.0,2320.0,yonden
2016,5,2016-05-29,00:00,2230.0,0.0,2680.0,440.0,－－－－－－－－－－,10.0,0.0,0.0,10.0,0.0,0.0,-910.0,2230.0,yonden
2016,5,2016-05-29,01:00,2250.0,0.0,2770.0,390.0,－－－－－－－－－－,10.0,0.0,0.0,10.0,0.0,0.0,-930.0,2250.0,yonden
2016,5,2016-05-29,02:00,2410.0,0.0,2740.0,440.0,－－－－－－－－－－,10.0,0.0,0.0,10.0,0.0,0.0,-790.0,2410.0,yonden
2016,5,2016-05-29,03:00,2640.0,0.0,2830.0,520.0,－－－－－－－－－－,10.0,0.0,0.0,10.0,0.0,0.0,-730.0,2640.0,yonden
2016,5,2016-05-29,04:00,2710.0,0.0,2870.0,550.0,－－－－－－－－－－,10.0,0.0,0.0,10.0,0.0,0.0,-730.0,2710.0,yonden
2016,5,2016-05-29,05:00,2630.0,0.0,2760.0,520.0,－－－－－－－－－－,10.0,20.0,0.0,10.0,0.0,0.0,-690.0,2630.0,yonden
2016,5,2016-05-29,06:00,2370.0,0.0,2600.0,510.0,－－－－－－－－－－,10.0,70.0,0.0,20.0,0.0,0.0,-840.0,2370.0,yonden
2016,5,2016-05-29,07:00,2270.0,0.0,2610.0,620.0,－－－－－－－－－－,10.0,130.0,0.0,20.0,0.0,-300.0,-820.0,2270.0,yonden
2016,5,2016-05-29,08:00,2430.0,0.0,2660.0,710.0,－－－－－－－－－－,10.0,200.0,0.0,30.0,0.0,-300.0,-880.0,2430.0,yonden
2016,5,2016-05-29,09:00,2570.0,0.0,2750.0,560.0,－－－－－－－－－－,10.0,220.0,0.0,20.0,0.0,0.0,-990.0,2570.0,yonden
2016,5,2016-05-29,10:00,2610.0,0.0,2860.0,510.0,－－－－－－－－－－,10.0,240.0,0.0,10.0,0.0,0.0,-1020.0,2610.0,yonden
2016,5,2016-05-29,11:00,2640.0,0.0,2790.0,440.0,－－－－－－－－－－,10.0,210.0,0.0,20.0,0.0,0.0,-830.0,2640.0,yonden
2016,5,2016-05-29,12:00,2670.0,0.0,2750.0,380.0,－－－－－－－－－－,10.0,200.0,0.0,10.0,0.0,0.0,-680.0,2670.0,yonden
2016,5,2016-05-29,13:00,2650.0,0.0,2850.0,360.0,－－－－－－－－－－,10.0,160.0,0.0,10.0,0.0,0.0,-740.0,2650.0,yonden
2016,5,2016-05-29,14:00,2560.0,0.0,2800.0,360.0,－－－－－－－－－－,10.0,140.0,0.0,20.0,0.0,0.0,-770.0,2560.0,yonden
2016,5,2016-05-29,15:00,2560.0,0.0,2880.0,420.0,－－－－－－－－－－,10.0,130.0,0.0,30.0,0.0,0.0,-910.0,2560.0,yonden
2016,5,2016-05-29,16:00,2630.0,0.0,2760.0,520.0,－－－－－－－－－－,10.0,80.0,0.0,40.0,0.0,0.0,-780.0,2630.0,yonden
2016,5,2016-05-29,17:00,2760.0,0.0,2890.0,600.0,－－－－－－－－－－,10.0,30.0,0.0,30.0,0.0,0.0,-800.0,2760.0,yonden
2016,5,2016-05-29,18:00,2840.0,0.0,2880.0,690.0,－－－－－－－－－－,10.0,10.0,0.0,20.0,0.0,0.0,-770.0,2840.0,yonden
2016,5,2016-05-29,19:00,2820.0,0.0,2860.0,680.0,－－－－－－－－－－,10.0,0.0,0.0,20.0,0.0,0.0,-750.0,2820.0,yonden
2016,5,2016-05-29,20:00,2760.0,0.0,2860.0,640.0,－－－－－－－－－－,10.0,0.0,0.0,20.0,0.0,0.0,-770.0,2760.0,yonden
2016,5,2016-05-29,21:00,2620.0,0.0,2870.0,570.0,－－－－－－－－－－,10.0,0.0,0.0,10.0,0.0,0.0,-840.0,2620.0,yonden
2016,5,2016-05-29,22:00,2440.0,0.0,2630.0,480.0,－－－－－－－－－－,10.0,0.0,0.0,20.0,0.0,0.0,-700.0,2440.0,yonden
2016,5,2016-05-29,23:00,2360.0,0.0,2570.0,480.0,－－－－－－－－－－,10.0,0.0,0.0,10.0,0.0,0.0,-710.0,2360.0,yonden
2016,5,2016-05-30,00:00,2280.0,0.0,2580.0,490.0,－－－－－－－－－－,10.0,0.0,0.0,20.0,0.0,0.0,-820.0,2280.0,yonden
2016,5,2016-05-30,01:00,2300.0,0.0,2580.0,640.0,－－－－－－－－－－,10.0,0.0,0.0,30.0,0.0,-300.0,-660.0,2300.0,yonden
2016,5,2016-05-30,02:00,2490.0,0.0,2580.0,630.0,－－－－－－－－－－,10.0,0.0,0.0,40.0,0.0,0.0,-770.0,2490.0,yonden
2016,5,2016-05-30,03:00,2720.0,0.0,2640.0,680.0,－－－－－－－－－－,10.0,0.0,0.0,60.0,0.0,0.0,-670.0,2720.0,yonden
2016,5,2016-05-30,04:00,2830.0,0.0,2750.0,680.0,－－－－－－－－－－,10.0,0.0,0.0,60.0,0.0,0.0,-670.0,2830.0,yonden
2016,5,2016-05-30,05:00,2750.0,0.0,2720.0,590.0,－－－－－－－－－－,10.0,20.0,0.0,70.0,0.0,0.0,-660.0,2750.0,yonden
2016,5,2016-05-30,06:00,2560.0,0.0,2550.0,520.0,－－－－－－－－－－,10.0,60.0,0.0,70.0,0.0,0.0,-650.0,2560.0,yonden
2016,5,2016-05-30,07:00,2620.0,0.0,2630.0,520.0,－－－－－－－－－－,10.0,160.0,0.0,70.0,0.0,0.0,-770.0,2620.0,yonden
2016,5,2016-05-30,08:00,3040.0,0.0,2810.0,630.0,－－－－－－－－－－,10.0,330.0,0.0,70.0,0.0,0.0,-810.0,3040.0,yonden
2016,5,2016-05-30,09:00,3400.0,0.0,2960.0,690.0,－－－－－－－－－－,10.0,580.0,0.0,70.0,0.0,0.0,-910.0,3400.0,yonden
2016,5,2016-05-30,10:00,3490.0,0.0,3020.0,570.0,－－－－－－－－－－,10.0,800.0,0.0,60.0,0.0,0.0,-970.0,3490.0,yonden
2016,5,2016-05-30,11:00,3500.0,0.0,2890.0,530.0,－－－－－－－－－－,10.0,940.0,0.0,40.0,0.0,0.0,-910.0,3500.0,yonden
2016,5,2016-05-30,12:00,3350.0,0.0,2900.0,510.0,－－－－－－－－－－,10.0,1030.0,0.0,40.0,0.0,-280.0,-860.0,3350.0,yonden
2016,5,2016-05-30,13:00,3540.0,0.0,2940.0,550.0,－－－－－－－－－－,10.0,1030.0,0.0,30.0,0.0,-300.0,-720.0,3540.0,yonden
2016,5,2016-05-30,14:00,3600.0,0.0,3000.0,610.0,－－－－－－－－－－,10.0,960.0,0.0,20.0,0.0,-300.0,-700.0,3600.0,yonden
2016,5,2016-05-30,15:00,3500.0,0.0,2970.0,630.0,－－－－－－－－－－,10.0,730.0,0.0,20.0,0.0,-130.0,-730.0,3500.0,yonden
2016,5,2016-05-30,16:00,3520.0,0.0,3050.0,660.0,－－－－－－－－－－,10.0,540.0,0.0,10.0,0.0,0.0,-750.0,3520.0,yonden
2016,5,2016-05-30,17:00,3410.0,0.0,3150.0,710.0,－－－－－－－－－－,10.0,280.0,0.0,10.0,0.0,0.0,-750.0,3410.0,yonden
2016,5,2016-05-30,18:00,3340.0,0.0,3180.0,730.0,－－－－－－－－－－,10.0,70.0,0.0,10.0,0.0,50.0,-710.0,3340.0,yonden
2016,5,2016-05-30,19:00,3270.0,0.0,2980.0,700.0,－－－－－－－－－－,10.0,0.0,0.0,10.0,0.0,270.0,-700.0,3270.0,yonden
2016,5,2016-05-30,20:00,3120.0,0.0,3090.0,700.0,－－－－－－－－－－,10.0,0.0,0.0,10.0,0.0,10.0,-700.0,3120.0,yonden
2016,5,2016-05-30,21:00,2910.0,0.0,2960.0,640.0,－－－－－－－－－－,10.0,0.0,0.0,10.0,0.0,0.0,-710.0,2910.0,yonden
2016,5,2016-05-30,22:00,2690.0,0.0,2800.0,580.0,－－－－－－－－－－,10.0,0.0,0.0,10.0,0.0,0.0,-710.0,2690.0,yonden
2016,5,2016-05-30,23:00,2540.0,0.0,2690.0,540.0,－－－－－－－－－－,10.0,0.0,0.0,0.0,0.0,0.0,-700.0,2540.0,yonden
2016,5,2016-05-31,00:00,2410.0,0.0,2770.0,480.0,－－－－－－－－－－,10.0,0.0,0.0,0.0,0.0,0.0,-850.0,2410.0,yonden
2016,5,2016-05-31,01:00,2450.0,0.0,2920.0,520.0,－－－－－－－－－－,10.0,0.0,0.0,0.0,0.0,0.0,-1000.0,2450.0,yonden
2016,5,2016-05-31,02:00,2620.0,0.0,3040.0,540.0,－－－－－－－－－－,10.0,0.0,0.0,0.0,0.0,0.0,-970.0,2620.0,yonden
2016,5,2016-05-31,03:00,2840.0,0.0,3050.0,620.0,－－－－－－－－－－,10.0,0.0,0.0,0.0,0.0,0.0,-840.0,2840.0,yonden
2016,5,2016-05-31,04:00,2940.0,0.0,3070.0,620.0,－－－－－－－－－－,10.0,0.0,0.0,0.0,0.0,0.0,-760.0,2940.0,yonden
2016,5,2016-05-31,05:00,2840.0,0.0,2920.0,590.0,－－－－－－－－－－,10.0,40.0,0.0,0.0,0.0,0.0,-720.0,2840.0,yonden
2016,5,2016-05-31,06:00,2590.0,0.0,2740.0,480.0,－－－－－－－－－－,10.0,200.0,0.0,0.0,0.0,0.0,-840.0,2590.0,yonden
2016,5,2016-05-31,07:00,2600.0,0.0,2670.0,490.0,－－－－－－－－－－,10.0,470.0,0.0,0.0,0.0,-300.0,-740.0,2600.0,yonden
2016,5,2016-05-31,08:00,3020.0,0.0,2810.0,570.0,－－－－－－－－－－,10.0,760.0,0.0,0.0,0.0,-300.0,-830.0,3020.0,yonden
2016,5,2016-05-31,09:00,3310.0,0.0,2920.0,540.0,－－－－－－－－－－,10.0,1010.0,0.0,0.0,0.0,-300.0,-870.0,3310.0,yonden
2016,5,2016-05-31,10:00,3450.0,0.0,2890.0,550.0,－－－－－－－－－－,10.0,1200.0,0.0,0.0,0.0,-300.0,-900.0,3450.0,yonden
2016,5,2016-05-31,11:00,3560.0,0.0,2870.0,530.0,－－－－－－－－－－,10.0,1330.0,0.0,0.0,0.0,-300.0,-880.0,3560.0,yonden
2016,5,2016-05-31,12:00,3420.0,0.0,2870.0,410.0,－－－－－－－－－－,10.0,1340.0,0.0,0.0,0.0,-300.0,-910.0,3420.0,yonden
2016,5,2016-05-31,13:00,3650.0,0.0,3000.0,460.0,－－－－－－－－－－,10.0,1240.0,0.0,0.0,0.0,-300.0,-760.0,3650.0,yonden
2016,5,2016-05-31,14:00,3680.0,0.0,3050.0,480.0,－－－－－－－－－－,10.0,1030.0,0.0,0.0,0.0,-100.0,-790.0,3680.0,yonden
2016,5,2016-05-31,15:00,3570.0,0.0,3110.0,470.0,－－－－－－－－－－,10.0,770.0,0.0,0.0,0.0,0.0,-790.0,3570.0,yonden
2016,5,2016-05-31,16:00,3590.0,0.0,3200.0,620.0,－－－－－－－－－－,10.0,520.0,0.0,0.0,0.0,0.0,-760.0,3590.0,yonden
2016,5,2016-05-31,17:00,3430.0,0.0,3180.0,690.0,－－－－－－－－－－,10.0,250.0,0.0,0.0,0.0,0.0,-700.0,3430.0,yonden
2016,5,2016-05-31,18:00,3350.0,0.0,3250.0,720.0,－－－－－－－－－－,10.0,70.0,0.0,0.0,0.0,0.0,-700.0,3350.0,yonden
2016,5,2016-05-31,19:00,3330.0,0.0,3290.0,730.0,－－－－－－－－－－,10.0,0.0,0.0,0.0,0.0,0.0,-700.0,3330.0,yonden
2016,5,2016-05-31,20:00,3180.0,0.0,3180.0,700.0,－－－－－－－－－－,10.0,0.0,0.0,10.0,0.0,0.0,-720.0,3180.0,yonden
2016,5,2016-05-31,21:00,2960.0,0.0,3050.0,620.0,－－－－－－－－－－,10.0,0.0,0.0,10.0,0.0,0.0,-730.0,2960.0,yonden
2016,5,2016-05-31,22:00,2720.0,0.0,2860.0,540.0,－－－－－－－－－－,10.0,0.0,0.0,20.0,0.0,0.0,-710.0,2720.0,yonden
2016,5,2016-05-31,23:00,2590.0,0.0,2750.0,500.0,－－－－－－－－－－,10.0,0.0,0.0,20.0,0.0,0.0,-690.0,2590.0,yonden
2016,6,2016-06-01,00:00,2450.0,0.0,2630.0,440.0,－－－－－－－－－－,0.0,0.0,0.0,30.0,0.0,0.0,-650.0,2450.0,yonden
2016,6,2016-06-01,01:00,2490.0,0.0,2620.0,460.0,－－－－－－－－－－,10.0,0.0,0.0,50.0,0.0,0.0,-650.0,2490.0,yonden
2016,6,2016-06-01,02:00,2660.0,0.0,2710.0,540.0,－－－－－－－－－－,10.0,0.0,0.0,60.0,0.0,0.0,-660.0,2660.0,yonden
2016,6,2016-06-01,03:00,2880.0,0.0,2810.0,580.0,－－－－－－－－－－,10.0,0.0,0.0,60.0,0.0,0.0,-580.0,2880.0,yonden
2016,6,2016-06-01,04:00,2970.0,0.0,2880.0,570.0,－－－－－－－－－－,10.0,0.0,0.0,60.0,0.0,0.0,-550.0,2970.0,yonden
2016,6,2016-06-01,05:00,2880.0,0.0,2800.0,510.0,－－－－－－－－－－,10.0,30.0,0.0,40.0,0.0,0.0,-510.0,2880.0,yonden
2016,6,2016-06-01,06:00,2740.0,0.0,2800.0,430.0,－－－－－－－－－－,10.0,110.0,0.0,30.0,0.0,0.0,-640.0,2740.0,yonden
2016,6,2016-06-01,07:00,2680.0,0.0,2660.0,430.0,－－－－－－－－－－,10.0,190.0,0.0,30.0,0.0,0.0,-640.0,2680.0,yonden
2016,6,2016-06-01,08:00,2970.0,0.0,2950.0,470.0,－－－－－－－－－－,10.0,300.0,0.0,30.0,0.0,0.0,-790.0,2970.0,yonden
2016,6,2016-06-01,09:00,3180.0,0.0,3030.0,460.0,－－－－－－－－－－,10.0,470.0,0.0,30.0,0.0,0.0,-820.0,3180.0,yonden
2016,6,2016-06-01,10:00,3230.0,0.0,2850.0,460.0,－－－－－－－－－－,10.0,630.0,0.0,40.0,0.0,0.0,-760.0,3230.0,yonden
2016,6,2016-06-01,11:00,3330.0,0.0,2770.0,390.0,－－－－－－－－－－,10.0,770.0,0.0,50.0,0.0,0.0,-660.0,3330.0,yonden
2016,6,2016-06-01,12:00,3140.0,0.0,2700.0,320.0,－－－－－－－－－－,10.0,850.0,0.0,60.0,0.0,0.0,-800.0,3140.0,yonden
2016,6,2016-06-01,13:00,3400.0,0.0,2840.0,410.0,－－－－－－－－－－,10.0,830.0,0.0,50.0,0.0,0.0,-740.0,3400.0,yonden
2016,6,2016-06-01,14:00,3330.0,0.0,2940.0,440.0,－－－－－－－－－－,10.0,730.0,0.0,30.0,0.0,0.0,-820.0,3330.0,yonden
2016,6,2016-06-01,15:00,3310.0,0.0,2850.0,480.0,－－－－－－－－－－,10.0,660.0,0.0,20.0,0.0,0.0,-710.0,3310.0,yonden
2016,6,2016-06-01,16:00,3400.0,0.0,2990.0,570.0,－－－－－－－－－－,10.0,550.0,0.0,10.0,0.0,0.0,-730.0,3400.0,yonden
2016,6,2016-06-01,17:00,3340.0,0.0,3080.0,620.0,－－－－－－－－－－,10.0,300.0,0.0,10.0,0.0,0.0,-680.0,3340.0,yonden
2016,6,2016-06-01,18:00,3230.0,0.0,3090.0,730.0,－－－－－－－－－－,10.0,80.0,0.0,10.0,0.0,0.0,-690.0,3230.0,yonden
2016,6,2016-06-01,19:00,3210.0,0.0,3160.0,710.0,－－－－－－－－－－,10.0,0.0,0.0,30.0,0.0,0.0,-700.0,3210.0,yonden
2016,6,2016-06-01,20:00,3070.0,0.0,3120.0,620.0,－－－－－－－－－－,10.0,0.0,0.0,30.0,0.0,0.0,-710.0,3070.0,yonden
2016,6,2016-06-01,21:00,2850.0,0.0,2970.0,570.0,－－－－－－－－－－,10.0,0.0,0.0,40.0,0.0,0.0,-740.0,2850.0,yonden
2016,6,2016-06-01,22:00,2630.0,0.0,2760.0,410.0,－－－－－－－－－－,10.0,0.0,0.0,60.0,0.0,0.0,-610.0,2630.0,yonden
2016,6,2016-06-01,23:00,2500.0,0.0,2660.0,370.0,－－－－－－－－－－,10.0,0.0,0.0,80.0,0.0,0.0,-620.0,2500.0,yonden
2016,6,2016-06-02,00:00,2360.0,0.0,2580.0,320.0,－－－－－－－－－－,10.0,0.0,0.0,90.0,0.0,0.0,-640.0,2360.0,yonden
2016,6,2016-06-02,01:00,2340.0,0.0,2540.0,330.0,－－－－－－－－－－,10.0,0.0,0.0,90.0,0.0,0.0,-630.0,2340.0,yonden
2016,6,2016-06-02,02:00,2510.0,0.0,2620.0,390.0,－－－－－－－－－－,10.0,0.0,0.0,90.0,0.0,0.0,-600.0,2510.0,yonden
2016,6,2016-06-02,03:00,2740.0,0.0,2630.0,530.0,－－－－－－－－－－,10.0,0.0,0.0,90.0,0.0,0.0,-520.0,2740.0,yonden
2016,6,2016-06-02,04:00,2870.0,0.0,2750.0,560.0,－－－－－－－－－－,10.0,0.0,0.0,90.0,0.0,0.0,-540.0,2870.0,yonden
2016,6,2016-06-02,05:00,2790.0,0.0,2680.0,520.0,－－－－－－－－－－,10.0,50.0,0.0,80.0,0.0,0.0,-550.0,2790.0,yonden
2016,6,2016-06-02,06:00,2610.0,0.0,2520.0,410.0,－－－－－－－－－－,10.0,230.0,0.0,80.0,0.0,0.0,-640.0,2610.0,yonden
2016,6,2016-06-02,07:00,2580.0,0.0,2280.0,320.0,－－－－－－－－－－,10.0,520.0,0.0,70.0,0.0,0.0,-620.0,2580.0,yonden
2016,6,2016-06-02,08:00,3010.0,0.0,2500.0,370.0,－－－－－－－－－－,10.0,850.0,0.0,70.0,0.0,0.0,-790.0,3010.0,yonden
2016,6,2016-06-02,09:00,3290.0,0.0,2510.0,410.0,－－－－－－－－－－,10.0,1110.0,0.0,60.0,0.0,0.0,-810.0,3290.0,yonden
2016,6,2016-06-02,10:00,3350.0,0.0,2410.0,410.0,－－－－－－－－－－,10.0,1280.0,0.0,50.0,0.0,0.0,-810.0,3350.0,yonden
2016,6,2016-06-02,11:00,3450.0,0.0,2410.0,400.0,－－－－－－－－－－,10.0,1410.0,0.0,50.0,0.0,0.0,-830.0,3450.0,yonden
2016,6,2016-06-02,12:00,3230.0,0.0,2450.0,280.0,－－－－－－－－－－,10.0,1400.0,0.0,40.0,0.0,0.0,-950.0,3230.0,yonden
2016,6,2016-06-02,13:00,3440.0,0.0,2540.0,290.0,－－－－－－－－－－,10.0,1350.0,0.0,30.0,0.0,0.0,-780.0,3440.0,yonden
2016,6,2016-06-02,14:00,3440.0,0.0,2640.0,340.0,－－－－－－－－－－,10.0,1200.0,0.0,30.0,0.0,0.0,-780.0,3440.0,yonden
2016,6,2016-06-02,15:00,3410.0,0.0,2800.0,400.0,－－－－－－－－－－,10.0,960.0,0.0,30.0,0.0,0.0,-790.0,3410.0,yonden
2016,6,2016-06-02,16:00,3410.0,0.0,2960.0,510.0,－－－－－－－－－－,10.0,660.0,0.0,40.0,0.0,0.0,-770.0,3410.0,yonden
2016,6,2016-06-02,17:00,3310.0,0.0,3080.0,630.0,－－－－－－－－－－,10.0,340.0,0.0,40.0,0.0,0.0,-790.0,3310.0,yonden
2016,6,2016-06-02,18:00,3240.0,0.0,3120.0,700.0,－－－－－－－－－－,10.0,90.0,0.0,40.0,0.0,0.0,-720.0,3240.0,yonden
2016,6,2016-06-02,19:00,3190.0,0.0,3150.0,680.0,－－－－－－－－－－,10.0,0.0,0.0,30.0,0.0,0.0,-680.0,3190.0,yonden
2016,6,2016-06-02,20:00,3050.0,0.0,3130.0,570.0,－－－－－－－－－－,10.0,0.0,0.0,30.0,0.0,0.0,-690.0,3050.0,yonden
2016,6,2016-06-02,21:00,2830.0,0.0,3000.0,470.0,－－－－－－－－－－,10.0,0.0,0.0,30.0,0.0,0.0,-680.0,2830.0,yonden
2016,6,2016-06-02,22:00,2660.0,0.0,2820.0,400.0,－－－－－－－－－－,10.0,0.0,0.0,30.0,0.0,0.0,-600.0,2660.0,yonden
2016,6,2016-06-02,23:00,2570.0,0.0,2740.0,330.0,－－－－－－－－－－,10.0,0.0,0.0,20.0,0.0,0.0,-530.0,2570.0,yonden
2016,6,2016-06-03,00:00,2430.0,0.0,2710.0,320.0,－－－－－－－－－－,10.0,0.0,0.0,30.0,0.0,0.0,-640.0,2430.0,yonden
2016,6,2016-06-03,01:00,2430.0,0.0,2680.0,340.0,－－－－－－－－－－,10.0,0.0,0.0,30.0,0.0,0.0,-630.0,2430.0,yonden
2016,6,2016-06-03,02:00,2600.0,0.0,2820.0,380.0,－－－－－－－－－－,10.0,0.0,0.0,20.0,0.0,0.0,-630.0,2600.0,yonden
2016,6,2016-06-03,03:00,2830.0,0.0,2820.0,560.0,－－－－－－－－－－,10.0,0.0,0.0,10.0,0.0,0.0,-570.0,2830.0,yonden
2016,6,2016-06-03,04:00,2950.0,0.0,2900.0,590.0,－－－－－－－－－－,10.0,0.0,0.0,0.0,0.0,0.0,-550.0,2950.0,yonden
2016,6,2016-06-03,05:00,2890.0,0.0,2840.0,540.0,－－－－－－－－－－,10.0,50.0,0.0,0.0,0.0,0.0,-550.0,2890.0,yonden
2016,6,2016-06-03,06:00,2690.0,0.0,2690.0,410.0,－－－－－－－－－－,10.0,250.0,0.0,0.0,0.0,0.0,-670.0,2690.0,yonden
2016,6,2016-06-03,07:00,2590.0,0.0,2370.0,300.0,－－－－－－－－－－,10.0,550.0,0.0,0.0,0.0,0.0,-640.0,2590.0,yonden
2016,6,2016-06-03,08:00,2960.0,0.0,2430.0,330.0,－－－－－－－－－－,10.0,870.0,0.0,0.0,0.0,0.0,-680.0,2960.0,yonden
2016,6,2016-06-03,09:00,3230.0,0.0,2420.0,370.0,－－－－－－－－－－,10.0,1120.0,0.0,0.0,0.0,0.0,-690.0,3230.0,yonden
2016,6,2016-06-03,10:00,3320.0,0.0,2410.0,320.0,－－－－－－－－－－,10.0,1280.0,0.0,0.0,0.0,0.0,-700.0,3320.0,yonden
2016,6,2016-06-03,11:00,3420.0,0.0,2460.0,290.0,－－－－－－－－－－,10.0,1400.0,0.0,0.0,0.0,0.0,-740.0,3420.0,yonden
2016,6,2016-06-03,12:00,3250.0,0.0,2470.0,270.0,－－－－－－－－－－,10.0,1410.0,0.0,0.0,0.0,0.0,-910.0,3250.0,yonden
2016,6,2016-06-03,13:00,3450.0,0.0,2570.0,330.0,－－－－－－－－－－,10.0,1340.0,0.0,10.0,0.0,0.0,-810.0,3450.0,yonden
2016,6,2016-06-03,14:00,3450.0,0.0,2670.0,380.0,－－－－－－－－－－,10.0,1170.0,0.0,10.0,0.0,0.0,-790.0,3450.0,yonden
2016,6,2016-06-03,15:00,3410.0,0.0,2680.0,480.0,－－－－－－－－－－,10.0,920.0,0.0,20.0,0.0,0.0,-700.0,3410.0,yonden
2016,6,2016-06-03,16:00,3430.0,0.0,2720.0,620.0,－－－－－－－－－－,10.0,620.0,0.0,50.0,0.0,0.0,-590.0,3430.0,yonden
2016,6,2016-06-03,17:00,3310.0,0.0,2740.0,680.0,－－－－－－－－－－,10.0,300.0,0.0,60.0,0.0,200.0,-680.0,3310.0,yonden
2016,6,2016-06-03,18:00,3210.0,0.0,2780.0,690.0,－－－－－－－－－－,10.0,70.0,0.0,60.0,0.0,300.0,-700.0,3210.0,yonden
2016,6,2016-06-03,19:00,3180.0,0.0,2870.0,700.0,－－－－－－－－－－,10.0,0.0,0.0,70.0,0.0,220.0,-690.0,3180.0,yonden
2016,6,2016-06-03,20:00,3030.0,0.0,3010.0,630.0,－－－－－－－－－－,10.0,0.0,0.0,70.0,0.0,0.0,-690.0,3030.0,yonden
2016,6,2016-06-03,21:00,2840.0,0.0,2930.0,500.0,－－－－－－－－－－,10.0,0.0,0.0,70.0,0.0,0.0,-670.0,2840.0,yonden
2016,6,2016-06-03,22:00,2630.0,0.0,2680.0,390.0,－－－－－－－－－－,10.0,0.0,0.0,70.0,0.0,0.0,-520.0,2630.0,yonden
2016,6,2016-06-03,23:00,2520.0,0.0,2580.0,330.0,－－－－－－－－－－,10.0,0.0,0.0,70.0,0.0,0.0,-470.0,2520.0,yonden
2016,6,2016-06-04,00:00,2380.0,0.0,2700.0,320.0,－－－－－－－－－－,10.0,0.0,0.0,70.0,0.0,0.0,-720.0,2380.0,yonden
2016,6,2016-06-04,01:00,2350.0,0.0,2680.0,310.0,－－－－－－－－－－,10.0,0.0,0.0,70.0,0.0,0.0,-720.0,2350.0,yonden
2016,6,2016-06-04,02:00,2540.0,0.0,2820.0,340.0,－－－－－－－－－－,10.0,0.0,0.0,70.0,0.0,0.0,-700.0,2540.0,yonden
2016,6,2016-06-04,03:00,2780.0,0.0,2960.0,430.0,－－－－－－－－－－,10.0,0.0,0.0,70.0,0.0,0.0,-690.0,2780.0,yonden
2016,6,2016-06-04,04:00,2900.0,0.0,3030.0,500.0,－－－－－－－－－－,10.0,0.0,0.0,60.0,0.0,0.0,-700.0,2900.0,yonden
2016,6,2016-06-04,05:00,2770.0,0.0,2930.0,440.0,－－－－－－－－－－,10.0,40.0,0.0,40.0,0.0,0.0,-690.0,2770.0,yonden
2016,6,2016-06-04,06:00,2500.0,0.0,2750.0,290.0,－－－－－－－－－－,10.0,140.0,0.0,30.0,0.0,0.0,-720.0,2500.0,yonden
2016,6,2016-06-04,07:00,2470.0,0.0,2760.0,240.0,－－－－－－－－－－,10.0,210.0,0.0,30.0,0.0,0.0,-780.0,2470.0,yonden
2016,6,2016-06-04,08:00,2750.0,0.0,2950.0,250.0,－－－－－－－－－－,10.0,240.0,0.0,30.0,0.0,0.0,-730.0,2750.0,yonden
2016,6,2016-06-04,09:00,2890.0,0.0,2900.0,360.0,－－－－－－－－－－,10.0,290.0,0.0,30.0,0.0,0.0,-700.0,2890.0,yonden
2016,6,2016-06-04,10:00,2960.0,0.0,2800.0,420.0,－－－－－－－－－－,10.0,300.0,0.0,30.0,0.0,0.0,-600.0,2960.0,yonden
2016,6,2016-06-04,11:00,3040.0,0.0,2960.0,380.0,－－－－－－－－－－,10.0,270.0,0.0,20.0,0.0,0.0,-600.0,3040.0,yonden
2016,6,2016-06-04,12:00,2900.0,0.0,2930.0,330.0,－－－－－－－－－－,10.0,220.0,0.0,30.0,0.0,0.0,-620.0,2900.0,yonden
2016,6,2016-06-04,13:00,2990.0,0.0,2920.0,350.0,－－－－－－－－－－,10.0,240.0,0.0,40.0,0.0,0.0,-570.0,2990.0,yonden
2016,6,2016-06-04,14:00,2980.0,0.0,2780.0,400.0,－－－－－－－－－－,10.0,220.0,0.0,40.0,0.0,0.0,-470.0,2980.0,yonden
2016,6,2016-06-04,15:00,2980.0,0.0,2760.0,490.0,－－－－－－－－－－,10.0,160.0,0.0,50.0,0.0,0.0,-490.0,2980.0,yonden
2016,6,2016-06-04,16:00,2930.0,0.0,2680.0,520.0,－－－－－－－－－－,10.0,110.0,0.0,50.0,0.0,0.0,-440.0,2930.0,yonden
2016,6,2016-06-04,17:00,2900.0,0.0,2670.0,550.0,－－－－－－－－－－,10.0,50.0,0.0,40.0,0.0,0.0,-420.0,2900.0,yonden
2016,6,2016-06-04,18:00,2950.0,0.0,2900.0,570.0,－－－－－－－－－－,10.0,10.0,0.0,40.0,0.0,0.0,-580.0,2950.0,yonden
2016,6,2016-06-04,19:00,2930.0,0.0,2950.0,570.0,－－－－－－－－－－,10.0,0.0,0.0,40.0,0.0,0.0,-640.0,2930.0,yonden
2016,6,2016-06-04,20:00,2810.0,0.0,2870.0,540.0,－－－－－－－－－－,10.0,0.0,0.0,40.0,0.0,0.0,-650.0,2810.0,yonden
2016,6,2016-06-04,21:00,2640.0,0.0,2690.0,520.0,－－－－－－－－－－,10.0,0.0,0.0,40.0,0.0,0.0,-620.0,2640.0,yonden
2016,6,2016-06-04,22:00,2460.0,0.0,2520.0,460.0,－－－－－－－－－－,10.0,0.0,0.0,50.0,0.0,0.0,-580.0,2460.0,yonden
2016,6,2016-06-04,23:00,2370.0,0.0,2470.0,450.0,－－－－－－－－－－,10.0,0.0,0.0,50.0,0.0,0.0,-610.0,2370.0,yonden
2016,6,2016-06-05,00:00,2260.0,0.0,2400.0,430.0,－－－－－－－－－－,10.0,0.0,0.0,60.0,0.0,0.0,-640.0,2260.0,yonden
2016,6,2016-06-05,01:00,2260.0,0.0,2390.0,440.0,－－－－－－－－－－,10.0,0.0,0.0,60.0,0.0,0.0,-640.0,2260.0,yonden
2016,6,2016-06-05,02:00,2430.0,0.0,2540.0,470.0,－－－－－－－－－－,10.0,0.0,0.0,50.0,0.0,0.0,-640.0,2430.0,yonden
2016,6,2016-06-05,03:00,2680.0,0.0,2760.0,510.0,－－－－－－－－－－,10.0,0.0,0.0,50.0,0.0,0.0,-650.0,2680.0,yonden
2016,6,2016-06-05,04:00,2750.0,0.0,2770.0,570.0,－－－－－－－－－－,10.0,0.0,0.0,50.0,0.0,0.0,-650.0,2750.0,yonden
2016,6,2016-06-05,05:00,2600.0,0.0,2630.0,540.0,－－－－－－－－－－,10.0,10.0,0.0,50.0,0.0,0.0,-640.0,2600.0,yonden
2016,6,2016-06-05,06:00,2330.0,0.0,2500.0,420.0,－－－－－－－－－－,10.0,30.0,0.0,40.0,0.0,0.0,-670.0,2330.0,yonden
2016,6,2016-06-05,07:00,2220.0,0.0,2510.0,360.0,－－－－－－－－－－,10.0,70.0,0.0,30.0,0.0,0.0,-760.0,2220.0,yonden
2016,6,2016-06-05,08:00,2390.0,0.0,2650.0,350.0,－－－－－－－－－－,10.0,130.0,0.0,30.0,0.0,0.0,-780.0,2390.0,yonden
2016,6,2016-06-05,09:00,2510.0,0.0,2600.0,400.0,－－－－－－－－－－,10.0,200.0,0.0,30.0,0.0,0.0,-730.0,2510.0,yonden
2016,6,2016-06-05,10:00,2500.0,0.0,2480.0,390.0,－－－－－－－－－－,10.0,270.0,0.0,30.0,0.0,0.0,-680.0,2500.0,yonden
2016,6,2016-06-05,11:00,2530.0,0.0,2450.0,370.0,－－－－－－－－－－,10.0,350.0,0.0,20.0,0.0,0.0,-670.0,2530.0,yonden
2016,6,2016-06-05,12:00,2520.0,0.0,2420.0,380.0,－－－－－－－－－－,10.0,360.0,0.0,30.0,0.0,0.0,-680.0,2520.0,yonden
2016,6,2016-06-05,13:00,2440.0,0.0,2400.0,360.0,－－－－－－－－－－,10.0,350.0,0.0,10.0,0.0,0.0,-690.0,2440.0,yonden
2016,6,2016-06-05,14:00,2500.0,0.0,2410.0,450.0,－－－－－－－－－－,10.0,370.0,0.0,10.0,0.0,0.0,-750.0,2500.0,yonden
2016,6,2016-06-05,15:00,2520.0,0.0,2430.0,470.0,－－－－－－－－－－,10.0,330.0,0.0,10.0,0.0,0.0,-730.0,2520.0,yonden
2016,6,2016-06-05,16:00,2540.0,0.0,2450.0,500.0,－－－－－－－－－－,10.0,250.0,0.0,0.0,0.0,0.0,-670.0,2540.0,yonden
2016,6,2016-06-05,17:00,2630.0,0.0,2570.0,560.0,－－－－－－－－－－,10.0,130.0,0.0,10.0,0.0,0.0,-650.0,2630.0,yonden
2016,6,2016-06-05,18:00,2770.0,0.0,2720.0,590.0,－－－－－－－－－－,10.0,30.0,0.0,10.0,0.0,0.0,-590.0,2770.0,yonden
2016,6,2016-06-05,19:00,2830.0,0.0,2800.0,590.0,－－－－－－－－－－,10.0,0.0,0.0,10.0,0.0,0.0,-580.0,2830.0,yonden
2016,6,2016-06-05,20:00,2750.0,0.0,2770.0,560.0,－－－－－－－－－－,10.0,0.0,0.0,0.0,0.0,0.0,-590.0,2750.0,yonden
2016,6,2016-06-05,21:00,2610.0,0.0,2680.0,490.0,－－－－－－－－－－,10.0,0.0,0.0,0.0,0.0,0.0,-570.0,2610.0,yonden
2016,6,2016-06-05,22:00,2430.0,0.0,2620.0,390.0,－－－－－－－－－－,10.0,0.0,0.0,0.0,0.0,0.0,-590.0,2430.0,yonden
2016,6,2016-06-05,23:00,2330.0,0.0,2600.0,360.0,－－－－－－－－－－,10.0,0.0,0.0,0.0,0.0,0.0,-640.0,2330.0,yonden
2016,6,2016-06-06,00:00,2240.0,0.0,2500.0,330.0,－－－－－－－－－－,10.0,0.0,0.0,0.0,0.0,0.0,-600.0,2240.0,yonden
2016,6,2016-06-06,01:00,2270.0,0.0,2480.0,360.0,－－－－－－－－－－,10.0,0.0,0.0,0.0,0.0,0.0,-580.0,2270.0,yonden
2016,6,2016-06-06,02:00,2470.0,0.0,2620.0,460.0,－－－－－－－－－－,10.0,0.0,0.0,10.0,0.0,0.0,-630.0,2470.0,yonden
2016,6,2016-06-06,03:00,2710.0,0.0,2740.0,580.0,－－－－－－－－－－,10.0,0.0,0.0,0.0,0.0,0.0,-620.0,2710.0,yonden
2016,6,2016-06-06,04:00,2830.0,0.0,2850.0,580.0,－－－－－－－－－－,10.0,0.0,0.0,0.0,0.0,0.0,-610.0,2830.0,yonden
2016,6,2016-06-06,05:00,2730.0,0.0,2810.0,510.0,－－－－－－－－－－,10.0,30.0,0.0,0.0,0.0,0.0,-630.0,2730.0,yonden
2016,6,2016-06-06,06:00,2560.0,0.0,2690.0,360.0,－－－－－－－－－－,10.0,130.0,0.0,0.0,0.0,0.0,-630.0,2560.0,yonden
2016,6,2016-06-06,07:00,2500.0,0.0,2540.0,300.0,－－－－－－－－－－,10.0,310.0,0.0,0.0,0.0,0.0,-660.0,2500.0,yonden
2016,6,2016-06-06,08:00,2910.0,0.0,2690.0,350.0,－－－－－－－－－－,10.0,600.0,0.0,10.0,0.0,0.0,-750.0,2910.0,yonden
2016,6,2016-06-06,09:00,3180.0,0.0,2780.0,410.0,－－－－－－－－－－,10.0,830.0,0.0,10.0,0.0,0.0,-860.0,3180.0,yonden
2016,6,2016-06-06,10:00,3270.0,0.0,2890.0,440.0,－－－－－－－－－－,10.0,950.0,0.0,10.0,0.0,0.0,-1030.0,3270.0,yonden
2016,6,2016-06-06,11:00,3400.0,0.0,2840.0,430.0,－－－－－－－－－－,10.0,940.0,0.0,20.0,0.0,0.0,-840.0,3400.0,yonden
2016,6,2016-06-06,12:00,3110.0,0.0,2670.0,320.0,－－－－－－－－－－,10.0,890.0,0.0,10.0,0.0,0.0,-790.0,3110.0,yonden
2016,6,2016-06-06,13:00,3380.0,0.0,2870.0,400.0,－－－－－－－－－－,10.0,860.0,0.0,10.0,0.0,0.0,-770.0,3380.0,yonden
2016,6,2016-06-06,14:00,3430.0,0.0,3100.0,500.0,－－－－－－－－－－,10.0,720.0,0.0,10.0,0.0,0.0,-910.0,3430.0,yonden
2016,6,2016-06-06,15:00,3430.0,0.0,3120.0,560.0,－－－－－－－－－－,10.0,540.0,0.0,10.0,0.0,0.0,-810.0,3430.0,yonden
2016,6,2016-06-06,16:00,3410.0,0.0,3180.0,620.0,－－－－－－－－－－,10.0,320.0,0.0,10.0,0.0,0.0,-730.0,3410.0,yonden
2016,6,2016-06-06,17:00,3290.0,0.0,3200.0,650.0,－－－－－－－－－－,10.0,150.0,0.0,10.0,0.0,0.0,-730.0,3290.0,yonden
2016,6,2016-06-06,18:00,3270.0,0.0,3290.0,650.0,－－－－－－－－－－,10.0,40.0,0.0,10.0,0.0,0.0,-730.0,3270.0,yonden
2016,6,2016-06-06,19:00,3230.0,0.0,3360.0,610.0,－－－－－－－－－－,10.0,0.0,0.0,20.0,0.0,0.0,-770.0,3230.0,yonden
2016,6,2016-06-06,20:00,3080.0,0.0,3290.0,560.0,－－－－－－－－－－,10.0,0.0,0.0,30.0,0.0,0.0,-810.0,3080.0,yonden
2016,6,2016-06-06,21:00,2870.0,0.0,3130.0,420.0,－－－－－－－－－－,10.0,0.0,0.0,30.0,0.0,0.0,-720.0,2870.0,yonden
2016,6,2016-06-06,22:00,2700.0,0.0,2900.0,360.0,－－－－－－－－－－,10.0,0.0,0.0,20.0,0.0,0.0,-590.0,2700.0,yonden
2016,6,2016-06-06,23:00,2600.0,0.0,2720.0,350.0,－－－－－－－－－－,10.0,0.0,0.0,20.0,0.0,0.0,-500.0,2600.0,yonden
2016,6,2016-06-07,00:00,2460.0,0.0,2660.0,330.0,－－－－－－－－－－,10.0,0.0,0.0,20.0,0.0,0.0,-560.0,2460.0,yonden
2016,6,2016-06-07,01:00,2460.0,0.0,2680.0,350.0,－－－－－－－－－－,10.0,0.0,0.0,20.0,0.0,0.0,-600.0,2460.0,yonden
2016,6,2016-06-07,02:00,2620.0,0.0,2770.0,400.0,－－－－－－－－－－,10.0,0.0,0.0,20.0,0.0,0.0,-580.0,2620.0,yonden
2016,6,2016-06-07,03:00,2850.0,0.0,2860.0,480.0,－－－－－－－－－－,10.0,0.0,0.0,30.0,0.0,0.0,-530.0,2850.0,yonden
2016,6,2016-06-07,04:00,2960.0,0.0,2920.0,520.0,－－－－－－－－－－,10.0,0.0,0.0,30.0,0.0,0.0,-520.0,2960.0,yonden
2016,6,2016-06-07,05:00,2870.0,0.0,2860.0,440.0,－－－－－－－－－－,10.0,10.0,0.0,30.0,0.0,0.0,-480.0,2870.0,yonden
2016,6,2016-06-07,06:00,2760.0,0.0,2850.0,380.0,－－－－－－－－－－,10.0,30.0,0.0,30.0,0.0,0.0,-540.0,2760.0,yonden
2016,6,2016-06-07,07:00,2820.0,0.0,2930.0,390.0,－－－－－－－－－－,10.0,50.0,0.0,30.0,0.0,0.0,-590.0,2820.0,yonden
2016,6,2016-06-07,08:00,3250.0,0.0,3300.0,480.0,－－－－－－－－－－,10.0,70.0,0.0,20.0,0.0,0.0,-630.0,3250.0,yonden
2016,6,2016-06-07,09:00,3480.0,0.0,3500.0,540.0,－－－－－－－－－－,10.0,90.0,0.0,10.0,0.0,0.0,-670.0,3480.0,yonden
2016,6,2016-06-07,10:00,3520.0,0.0,3460.0,520.0,－－－－－－－－－－,10.0,160.0,0.0,10.0,0.0,130.0,-770.0,3520.0,yonden
2016,6,2016-06-07,11:00,3550.0,0.0,3400.0,560.0,－－－－－－－－－－,10.0,210.0,0.0,10.0,0.0,90.0,-730.0,3550.0,yonden
2016,6,2016-06-07,12:00,3280.0,0.0,3150.0,580.0,－－－－－－－－－－,10.0,290.0,0.0,10.0,0.0,0.0,-760.0,3280.0,yonden
2016,6,2016-06-07,13:00,3470.0,0.0,3240.0,630.0,－－－－－－－－－－,10.0,360.0,0.0,10.0,0.0,0.0,-780.0,3470.0,yonden
2016,6,2016-06-07,14:00,3500.0,0.0,3370.0,650.0,－－－－－－－－－－,10.0,320.0,0.0,10.0,0.0,0.0,-860.0,3500.0,yonden
2016,6,2016-06-07,15:00,3400.0,0.0,3420.0,660.0,－－－－－－－－－－,10.0,250.0,0.0,20.0,0.0,0.0,-960.0,3400.0,yonden
2016,6,2016-06-07,16:00,3410.0,0.0,3510.0,660.0,－－－－－－－－－－,10.0,240.0,0.0,10.0,0.0,0.0,-1020.0,3410.0,yonden
2016,6,2016-06-07,17:00,3310.0,0.0,3450.0,660.0,－－－－－－－－－－,10.0,170.0,0.0,10.0,0.0,0.0,-990.0,3310.0,yonden
2016,6,2016-06-07,18:00,3270.0,0.0,3470.0,650.0,－－－－－－－－－－,10.0,60.0,0.0,20.0,0.0,0.0,-940.0,3270.0,yonden
2016,6,2016-06-07,19:00,3230.0,0.0,3510.0,670.0,－－－－－－－－－－,10.0,0.0,0.0,20.0,0.0,0.0,-980.0,3230.0,yonden
2016,6,2016-06-07,20:00,3060.0,0.0,3260.0,650.0,－－－－－－－－－－,10.0,0.0,0.0,20.0,0.0,0.0,-880.0,3060.0,yonden
2016,6,2016-06-07,21:00,2870.0,0.0,2890.0,640.0,－－－－－－－－－－,10.0,0.0,0.0,20.0,0.0,0.0,-690.0,2870.0,yonden
2016,6,2016-06-07,22:00,2690.0,0.0,2630.0,650.0,－－－－－－－－－－,10.0,0.0,0.0,30.0,0.0,0.0,-630.0,2690.0,yonden
2016,6,2016-06-07,23:00,2610.0,0.0,2540.0,650.0,－－－－－－－－－－,10.0,0.0,0.0,30.0,0.0,0.0,-620.0,2610.0,yonden
2016,6,2016-06-08,00:00,2460.0,0.0,2530.0,570.0,－－－－－－－－－－,10.0,0.0,0.0,20.0,0.0,0.0,-670.0,2460.0,yonden
2016,6,2016-06-08,01:00,2460.0,0.0,2540.0,560.0,－－－－－－－－－－,10.0,0.0,0.0,10.0,0.0,0.0,-660.0,2460.0,yonden
2016,6,2016-06-08,02:00,2640.0,0.0,2660.0,600.0,－－－－－－－－－－,10.0,0.0,0.0,10.0,0.0,0.0,-640.0,2640.0,yonden
2016,6,2016-06-08,03:00,2880.0,0.0,2880.0,610.0,－－－－－－－－－－,10.0,0.0,0.0,10.0,0.0,0.0,-630.0,2880.0,yonden
2016,6,2016-06-08,04:00,2970.0,0.0,2880.0,600.0,－－－－－－－－－－,10.0,0.0,0.0,10.0,0.0,0.0,-530.0,2970.0,yonden
2016,6,2016-06-08,05:00,2850.0,0.0,2770.0,550.0,－－－－－－－－－－,10.0,40.0,0.0,10.0,0.0,0.0,-530.0,2850.0,yonden
2016,6,2016-06-08,06:00,2630.0,0.0,2550.0,530.0,－－－－－－－－－－,10.0,160.0,0.0,10.0,0.0,0.0,-630.0,2630.0,yonden
2016,6,2016-06-08,07:00,2660.0,0.0,2460.0,480.0,－－－－－－－－－－,10.0,350.0,0.0,10.0,0.0,0.0,-650.0,2660.0,yonden
2016,6,2016-06-08,08:00,3120.0,0.0,2770.0,600.0,－－－－－－－－－－,10.0,490.0,0.0,0.0,0.0,0.0,-750.0,3120.0,yonden
2016,6,2016-06-08,09:00,3340.0,0.0,3000.0,630.0,－－－－－－－－－－,10.0,620.0,0.0,0.0,0.0,0.0,-920.0,3340.0,yonden
2016,6,2016-06-08,10:00,3420.0,0.0,2980.0,640.0,－－－－－－－－－－,10.0,820.0,0.0,0.0,0.0,0.0,-1030.0,3420.0,yonden
2016,6,2016-06-08,11:00,3500.0,0.0,2920.0,640.0,－－－－－－－－－－,10.0,940.0,0.0,0.0,0.0,0.0,-1010.0,3500.0,yonden
2016,6,2016-06-08,12:00,3290.0,0.0,2750.0,520.0,－－－－－－－－－－,10.0,940.0,0.0,0.0,0.0,0.0,-930.0,3290.0,yonden
2016,6,2016-06-08,13:00,3490.0,0.0,3010.0,590.0,－－－－－－－－－－,10.0,850.0,0.0,0.0,0.0,0.0,-970.0,3490.0,yonden
2016,6,2016-06-08,14:00,3500.0,0.0,3050.0,620.0,－－－－－－－－－－,10.0,740.0,0.0,0.0,0.0,0.0,-920.0,3500.0,yonden
2016,6,2016-06-08,15:00,3550.0,0.0,3140.0,640.0,－－－－－－－－－－,10.0,590.0,0.0,10.0,0.0,0.0,-840.0,3550.0,yonden
2016,6,2016-06-08,16:00,3530.0,0.0,3250.0,640.0,－－－－－－－－－－,10.0,370.0,0.0,10.0,0.0,0.0,-750.0,3530.0,yonden
2016,6,2016-06-08,17:00,3420.0,0.0,3320.0,640.0,－－－－－－－－－－,10.0,190.0,0.0,10.0,0.0,0.0,-750.0,3420.0,yonden
2016,6,2016-06-08,18:00,3370.0,0.0,3380.0,640.0,－－－－－－－－－－,10.0,50.0,0.0,20.0,0.0,0.0,-730.0,3370.0,yonden
2016,6,2016-06-08,19:00,3320.0,0.0,3430.0,660.0,－－－－－－－－－－,10.0,0.0,0.0,20.0,0.0,0.0,-800.0,3320.0,yonden
2016,6,2016-06-08,20:00,3170.0,0.0,3360.0,620.0,－－－－－－－－－－,10.0,0.0,0.0,30.0,0.0,0.0,-850.0,3170.0,yonden
2016,6,2016-06-08,21:00,2950.0,0.0,3130.0,570.0,－－－－－－－－－－,10.0,0.0,0.0,40.0,0.0,0.0,-800.0,2950.0,yonden
2016,6,2016-06-08,22:00,2750.0,0.0,2820.0,550.0,－－－－－－－－－－,10.0,0.0,0.0,30.0,0.0,0.0,-660.0,2750.0,yonden
2016,6,2016-06-08,23:00,2660.0,0.0,2660.0,530.0,－－－－－－－－－－,10.0,0.0,0.0,20.0,0.0,0.0,-560.0,2660.0,yonden
2016,6,2016-06-09,00:00,2510.0,0.0,2580.0,520.0,－－－－－－－－－－,10.0,0.0,0.0,20.0,0.0,0.0,-620.0,2510.0,yonden
2016,6,2016-06-09,01:00,2490.0,0.0,2550.0,520.0,－－－－－－－－－－,10.0,0.0,0.0,20.0,0.0,0.0,-610.0,2490.0,yonden
2016,6,2016-06-09,02:00,2650.0,0.0,2630.0,550.0,－－－－－－－－－－,10.0,0.0,0.0,20.0,0.0,0.0,-560.0,2650.0,yonden
2016,6,2016-06-09,03:00,2880.0,0.0,2820.0,590.0,－－－－－－－－－－,10.0,0.0,0.0,10.0,0.0,0.0,-550.0,2880.0,yonden
2016,6,2016-06-09,04:00,2980.0,0.0,2930.0,590.0,－－－－－－－－－－,10.0,0.0,0.0,10.0,0.0,0.0,-560.0,2980.0,yonden
2016,6,2016-06-09,05:00,2890.0,0.0,2870.0,580.0,－－－－－－－－－－,10.0,20.0,0.0,10.0,0.0,0.0,-600.0,2890.0,yonden
2016,6,2016-06-09,06:00,2770.0,0.0,2810.0,540.0,－－－－－－－－－－,10.0,50.0,0.0,0.0,0.0,0.0,-640.0,2770.0,yonden
2016,6,2016-06-09,07:00,2760.0,0.0,2820.0,470.0,－－－－－－－－－－,10.0,100.0,0.0,0.0,0.0,0.0,-640.0,2760.0,yonden
2016,6,2016-06-09,08:00,3200.0,0.0,3290.0,540.0,－－－－－－－－－－,10.0,190.0,0.0,0.0,0.0,0.0,-830.0,3200.0,yonden
2016,6,2016-06-09,09:00,3420.0,0.0,3480.0,540.0,－－－－－－－－－－,10.0,340.0,0.0,0.0,0.0,130.0,-1080.0,3420.0,yonden
2016,6,2016-06-09,10:00,3450.0,0.0,3420.0,580.0,－－－－－－－－－－,10.0,580.0,0.0,0.0,0.0,80.0,-1220.0,3450.0,yonden
2016,6,2016-06-09,11:00,3550.0,0.0,3240.0,630.0,－－－－－－－－－－,10.0,830.0,0.0,0.0,0.0,0.0,-1160.0,3550.0,yonden
2016,6,2016-06-09,12:00,3480.0,0.0,3020.0,560.0,－－－－－－－－－－,10.0,990.0,0.0,10.0,0.0,0.0,-1110.0,3480.0,yonden
2016,6,2016-06-09,13:00,3640.0,0.0,3130.0,530.0,－－－－－－－－－－,10.0,920.0,0.0,10.0,0.0,0.0,-960.0,3640.0,yonden
2016,6,2016-06-09,14:00,3700.0,0.0,3110.0,540.0,－－－－－－－－－－,10.0,850.0,0.0,10.0,0.0,0.0,-820.0,3700.0,yonden
2016,6,2016-06-09,15:00,3720.0,0.0,3300.0,570.0,－－－－－－－－－－,10.0,660.0,0.0,10.0,0.0,0.0,-830.0,3720.0,yonden
2016,6,2016-06-09,16:00,3630.0,0.0,3370.0,580.0,－－－－－－－－－－,10.0,420.0,0.0,10.0,0.0,0.0,-760.0,3630.0,yonden
2016,6,2016-06-09,17:00,3480.0,0.0,3390.0,630.0,－－－－－－－－－－,10.0,230.0,0.0,10.0,0.0,0.0,-790.0,3480.0,yonden
2016,6,2016-06-09,18:00,3400.0,0.0,3380.0,710.0,－－－－－－－－－－,10.0,70.0,0.0,10.0,0.0,0.0,-780.0,3400.0,yonden
2016,6,2016-06-09,19:00,3340.0,0.0,3350.0,720.0,－－－－－－－－－－,10.0,0.0,0.0,10.0,0.0,0.0,-750.0,3340.0,yonden
2016,6,2016-06-09,20:00,3200.0,0.0,3300.0,670.0,－－－－－－－－－－,10.0,0.0,0.0,10.0,0.0,0.0,-790.0,3200.0,yonden
2016,6,2016-06-09,21:00,2960.0,0.0,3080.0,550.0,－－－－－－－－－－,10.0,0.0,0.0,0.0,0.0,0.0,-680.0,2960.0,yonden
2016,6,2016-06-09,22:00,2720.0,0.0,2750.0,520.0,－－－－－－－－－－,10.0,0.0,0.0,10.0,0.0,0.0,-570.0,2720.0,yonden
2016,6,2016-06-09,23:00,2600.0,0.0,2620.0,520.0,－－－－－－－－－－,10.0,0.0,0.0,0.0,0.0,0.0,-550.0,2600.0,yonden
2016,6,2016-06-10,00:00,2460.0,0.0,2570.0,500.0,－－－－－－－－－－,10.0,0.0,0.0,0.0,0.0,0.0,-620.0,2460.0,yonden
2016,6,2016-06-10,01:00,2480.0,0.0,2580.0,510.0,－－－－－－－－－－,10.0,0.0,0.0,10.0,0.0,0.0,-630.0,2480.0,yonden
2016,6,2016-06-10,02:00,2650.0,0.0,2750.0,530.0,－－－－－－－－－－,10.0,0.0,0.0,10.0,0.0,0.0,-650.0,2650.0,yonden
2016,6,2016-06-10,03:00,2860.0,0.0,2910.0,610.0,－－－－－－－－－－,10.0,0.0,0.0,10.0,0.0,0.0,-680.0,2860.0,yonden
2016,6,2016-06-10,04:00,2960.0,0.0,2890.0,660.0,－－－－－－－－－－,10.0,0.0,0.0,10.0,0.0,0.0,-610.0,2960.0,yonden
2016,6,2016-06-10,05:00,2870.0,0.0,2820.0,590.0,－－－－－－－－－－,10.0,30.0,0.0,10.0,0.0,0.0,-590.0,2870.0,yonden
2016,6,2016-06-10,06:00,2680.0,0.0,2570.0,560.0,－－－－－－－－－－,10.0,180.0,0.0,10.0,0.0,0.0,-650.0,2680.0,yonden
2016,6,2016-06-10,07:00,2660.0,0.0,2440.0,470.0,－－－－－－－－－－,10.0,430.0,0.0,0.0,0.0,0.0,-690.0,2660.0,yonden
2016,6,2016-06-10,08:00,3140.0,0.0,2610.0,480.0,－－－－－－－－－－,10.0,740.0,0.0,0.0,0.0,0.0,-700.0,3140.0,yonden
2016,6,2016-06-10,09:00,3480.0,0.0,2680.0,600.0,－－－－－－－－－－,10.0,1010.0,0.0,0.0,0.0,0.0,-820.0,3480.0,yonden
2016,6,2016-06-10,10:00,3600.0,0.0,2660.0,580.0,－－－－－－－－－－,10.0,1200.0,0.0,0.0,0.0,0.0,-850.0,3600.0,yonden
2016,6,2016-06-10,11:00,3710.0,0.0,2680.0,570.0,－－－－－－－－－－,10.0,1300.0,0.0,0.0,0.0,0.0,-850.0,3710.0,yonden
2016,6,2016-06-10,12:00,3560.0,0.0,2640.0,470.0,－－－－－－－－－－,10.0,1310.0,0.0,0.0,0.0,0.0,-870.0,3560.0,yonden
2016,6,2016-06-10,13:00,3840.0,0.0,2940.0,500.0,－－－－－－－－－－,10.0,1270.0,0.0,0.0,0.0,0.0,-880.0,3840.0,yonden
2016,6,2016-06-10,14:00,3840.0,0.0,3090.0,530.0,－－－－－－－－－－,10.0,1080.0,0.0,0.0,0.0,0.0,-870.0,3840.0,yonden
2016,6,2016-06-10,15:00,3790.0,0.0,3260.0,550.0,－－－－－－－－－－,10.0,840.0,0.0,0.0,0.0,0.0,-870.0,3790.0,yonden
2016,6,2016-06-10,16:00,3780.0,0.0,3330.0,620.0,－－－－－－－－－－,10.0,590.0,0.0,10.0,0.0,0.0,-780.0,3780.0,yonden
2016,6,2016-06-10,17:00,3610.0,0.0,3220.0,690.0,－－－－－－－－－－,10.0,300.0,0.0,20.0,0.0,0.0,-630.0,3610.0,yonden
2016,6,2016-06-10,18:00,3480.0,0.0,3330.0,700.0,－－－－－－－－－－,10.0,90.0,0.0,40.0,0.0,0.0,-690.0,3480.0,yonden
2016,6,2016-06-10,19:00,3410.0,0.0,3310.0,720.0,－－－－－－－－－－,10.0,0.0,0.0,60.0,0.0,0.0,-690.0,3410.0,yonden
2016,6,2016-06-10,20:00,3270.0,0.0,3220.0,670.0,－－－－－－－－－－,10.0,0.0,0.0,60.0,0.0,0.0,-690.0,3270.0,yonden
2016,6,2016-06-10,21:00,3030.0,0.0,3030.0,570.0,－－－－－－－－－－,10.0,0.0,0.0,70.0,0.0,0.0,-650.0,3030.0,yonden
2016,6,2016-06-10,22:00,2810.0,0.0,2730.0,570.0,－－－－－－－－－－,10.0,0.0,0.0,60.0,0.0,0.0,-560.0,2810.0,yonden
2016,6,2016-06-10,23:00,2670.0,0.0,2500.0,560.0,－－－－－－－－－－,10.0,0.0,0.0,60.0,0.0,0.0,-460.0,2670.0,yonden
2016,6,2016-06-11,00:00,2520.0,0.0,2460.0,520.0,－－－－－－－－－－,10.0,0.0,0.0,60.0,0.0,0.0,-530.0,2520.0,yonden
2016,6,2016-06-11,01:00,2470.0,0.0,2510.0,510.0,－－－－－－－－－－,10.0,0.0,0.0,60.0,0.0,0.0,-620.0,2470.0,yonden
2016,6,2016-06-11,02:00,2560.0,0.0,2540.0,520.0,－－－－－－－－－－,10.0,0.0,0.0,50.0,0.0,0.0,-560.0,2560.0,yonden
2016,6,2016-06-11,03:00,2780.0,0.0,2710.0,590.0,－－－－－－－－－－,10.0,0.0,0.0,40.0,0.0,0.0,-570.0,2780.0,yonden
2016,6,2016-06-11,04:00,2860.0,0.0,2780.0,570.0,－－－－－－－－－－,10.0,0.0,0.0,20.0,0.0,0.0,-520.0,2860.0,yonden
2016,6,2016-06-11,05:00,2730.0,0.0,2660.0,520.0,－－－－－－－－－－,10.0,40.0,0.0,20.0,0.0,0.0,-520.0,2730.0,yonden
2016,6,2016-06-11,06:00,2510.0,0.0,2440.0,420.0,－－－－－－－－－－,10.0,160.0,0.0,20.0,0.0,0.0,-540.0,2510.0,yonden
2016,6,2016-06-11,07:00,2440.0,0.0,2280.0,390.0,－－－－－－－－－－,10.0,320.0,0.0,20.0,0.0,0.0,-580.0,2440.0,yonden
2016,6,2016-06-11,08:00,2780.0,0.0,2400.0,420.0,－－－－－－－－－－,10.0,540.0,0.0,20.0,0.0,0.0,-610.0,2780.0,yonden
2016,6,2016-06-11,09:00,3050.0,0.0,2460.0,480.0,－－－－－－－－－－,10.0,720.0,0.0,20.0,0.0,0.0,-640.0,3050.0,yonden
2016,6,2016-06-11,10:00,3120.0,0.0,2460.0,470.0,－－－－－－－－－－,10.0,840.0,0.0,20.0,0.0,0.0,-680.0,3120.0,yonden
2016,6,2016-06-11,11:00,3180.0,0.0,2390.0,450.0,－－－－－－－－－－,10.0,960.0,0.0,30.0,0.0,0.0,-660.0,3180.0,yonden
2016,6,2016-06-11,12:00,3210.0,0.0,2390.0,390.0,－－－－－－－－－－,10.0,1040.0,0.0,40.0,0.0,0.0,-660.0,3210.0,yonden
2016,6,2016-06-11,13:00,3310.0,0.0,2490.0,450.0,－－－－－－－－－－,10.0,950.0,0.0,50.0,0.0,0.0,-640.0,3310.0,yonden
2016,6,2016-06-11,14:00,3260.0,0.0,2590.0,510.0,－－－－－－－－－－,10.0,710.0,0.0,60.0,0.0,0.0,-620.0,3260.0,yonden
2016,6,2016-06-11,15:00,3160.0,0.0,2730.0,520.0,－－－－－－－－－－,10.0,490.0,0.0,70.0,0.0,0.0,-660.0,3160.0,yonden
2016,6,2016-06-11,16:00,3250.0,0.0,2930.0,570.0,－－－－－－－－－－,10.0,340.0,0.0,90.0,0.0,0.0,-690.0,3250.0,yonden
2016,6,2016-06-11,17:00,3150.0,0.0,2980.0,580.0,－－－－－－－－－－,10.0,150.0,0.0,100.0,0.0,0.0,-670.0,3150.0,yonden
2016,6,2016-06-11,18:00,3140.0,0.0,3130.0,620.0,－－－－－－－－－－,10.0,40.0,0.0,100.0,0.0,0.0,-760.0,3140.0,yonden
2016,6,2016-06-11,19:00,3150.0,0.0,3130.0,640.0,－－－－－－－－－－,10.0,0.0,0.0,90.0,0.0,0.0,-720.0,3150.0,yonden
2016,6,2016-06-11,20:00,3020.0,0.0,3060.0,560.0,－－－－－－－－－－,10.0,0.0,0.0,80.0,0.0,0.0,-690.0,3020.0,yonden
2016,6,2016-06-11,21:00,2830.0,0.0,2870.0,480.0,－－－－－－－－－－,10.0,0.0,0.0,80.0,0.0,0.0,-610.0,2830.0,yonden
2016,6,2016-06-11,22:00,2630.0,0.0,2540.0,460.0,－－－－－－－－－－,10.0,0.0,0.0,80.0,0.0,0.0,-460.0,2630.0,yonden
2016,6,2016-06-11,23:00,2510.0,0.0,2470.0,480.0,－－－－－－－－－－,10.0,0.0,0.0,90.0,0.0,0.0,-540.0,2510.0,yonden
2016,6,2016-06-12,00:00,2370.0,0.0,2420.0,420.0,－－－－－－－－－－,10.0,0.0,0.0,90.0,0.0,0.0,-570.0,2370.0,yonden
2016,6,2016-06-12,01:00,2340.0,0.0,2380.0,470.0,－－－－－－－－－－,10.0,0.0,0.0,60.0,0.0,0.0,-580.0,2340.0,yonden
2016,6,2016-06-12,02:00,2460.0,0.0,2470.0,570.0,－－－－－－－－－－,10.0,0.0,0.0,30.0,0.0,0.0,-620.0,2460.0,yonden
2016,6,2016-06-12,03:00,2640.0,0.0,2510.0,610.0,－－－－－－－－－－,10.0,0.0,0.0,20.0,0.0,0.0,-510.0,2640.0,yonden
2016,6,2016-06-12,04:00,2730.0,0.0,2570.0,620.0,－－－－－－－－－－,10.0,0.0,0.0,20.0,0.0,0.0,-490.0,2730.0,yonden
2016,6,2016-06-12,05:00,2600.0,0.0,2480.0,540.0,－－－－－－－－－－,10.0,20.0,0.0,10.0,0.0,0.0,-460.0,2600.0,yonden
2016,6,2016-06-12,06:00,2340.0,0.0,2370.0,450.0,－－－－－－－－－－,10.0,100.0,0.0,20.0,0.0,0.0,-610.0,2340.0,yonden
2016,6,2016-06-12,07:00,2280.0,0.0,2290.0,390.0,－－－－－－－－－－,10.0,220.0,0.0,30.0,0.0,0.0,-660.0,2280.0,yonden
2016,6,2016-06-12,08:00,2460.0,0.0,2320.0,430.0,－－－－－－－－－－,10.0,340.0,0.0,30.0,0.0,0.0,-670.0,2460.0,yonden
2016,6,2016-06-12,09:00,2700.0,0.0,2440.0,540.0,－－－－－－－－－－,10.0,370.0,0.0,40.0,0.0,0.0,-700.0,2700.0,yonden
2016,6,2016-06-12,10:00,2770.0,0.0,2530.0,560.0,－－－－－－－－－－,10.0,330.0,0.0,40.0,0.0,0.0,-700.0,2770.0,yonden
2016,6,2016-06-12,11:00,2820.0,0.0,2630.0,550.0,－－－－－－－－－－,10.0,290.0,0.0,30.0,0.0,0.0,-690.0,2820.0,yonden
2016,6,2016-06-12,12:00,2870.0,0.0,2750.0,520.0,－－－－－－－－－－,10.0,240.0,0.0,30.0,0.0,0.0,-680.0,2870.0,yonden
2016,6,2016-06-12,13:00,2850.0,0.0,2800.0,530.0,－－－－－－－－－－,10.0,160.0,0.0,30.0,0.0,0.0,-680.0,2850.0,yonden
2016,6,2016-06-12,14:00,2820.0,0.0,2830.0,540.0,－－－－－－－－－－,10.0,110.0,0.0,40.0,0.0,0.0,-710.0,2820.0,yonden
2016,6,2016-06-12,15:00,2770.0,0.0,2750.0,560.0,－－－－－－－－－－,10.0,110.0,0.0,40.0,0.0,0.0,-700.0,2770.0,yonden
2016,6,2016-06-12,16:00,2840.0,0.0,2800.0,600.0,－－－－－－－－－－,10.0,90.0,0.0,40.0,0.0,0.0,-700.0,2840.0,yonden
2016,6,2016-06-12,17:00,2960.0,0.0,3010.0,610.0,－－－－－－－－－－,10.0,40.0,0.0,30.0,0.0,0.0,-740.0,2960.0,yonden
2016,6,2016-06-12,18:00,3030.0,0.0,3100.0,550.0,－－－－－－－－－－,10.0,10.0,0.0,30.0,0.0,0.0,-670.0,3030.0,yonden
2016,6,2016-06-12,19:00,3030.0,0.0,3020.0,600.0,－－－－－－－－－－,10.0,0.0,0.0,40.0,0.0,0.0,-640.0,3030.0,yonden
2016,6,2016-06-12,20:00,2910.0,0.0,2860.0,610.0,－－－－－－－－－－,10.0,0.0,0.0,50.0,0.0,0.0,-620.0,2910.0,yonden
2016,6,2016-06-12,21:00,2770.0,0.0,2610.0,640.0,－－－－－－－－－－,10.0,0.0,0.0,50.0,0.0,0.0,-540.0,2770.0,yonden
2016,6,2016-06-12,22:00,2570.0,0.0,2390.0,620.0,－－－－－－－－－－,10.0,0.0,0.0,40.0,0.0,0.0,-490.0,2570.0,yonden
2016,6,2016-06-12,23:00,2470.0,0.0,2360.0,620.0,－－－－－－－－－－,10.0,0.0,0.0,40.0,0.0,0.0,-560.0,2470.0,yonden
2016,6,2016-06-13,00:00,2360.0,0.0,2320.0,620.0,－－－－－－－－－－,10.0,0.0,0.0,30.0,0.0,0.0,-620.0,2360.0,yonden
2016,6,2016-06-13,01:00,2330.0,0.0,2350.0,610.0,－－－－－－－－－－,10.0,0.0,0.0,10.0,0.0,0.0,-650.0,2330.0,yonden
2016,6,2016-06-13,02:00,2490.0,0.0,2430.0,620.0,－－－－－－－－－－,10.0,0.0,0.0,20.0,0.0,0.0,-590.0,2490.0,yonden
2016,6,2016-06-13,03:00,2710.0,0.0,2520.0,660.0,－－－－－－－－－－,10.0,0.0,0.0,30.0,0.0,0.0,-510.0,2710.0,yonden
2016,6,2016-06-13,04:00,2780.0,0.0,2600.0,660.0,－－－－－－－－－－,10.0,0.0,0.0,50.0,0.0,0.0,-540.0,2780.0,yonden
2016,6,2016-06-13,05:00,2720.0,0.0,2440.0,620.0,－－－－－－－－－－,10.0,20.0,0.0,60.0,0.0,0.0,-430.0,2720.0,yonden
2016,6,2016-06-13,06:00,2620.0,0.0,2390.0,590.0,－－－－－－－－－－,10.0,70.0,0.0,50.0,0.0,0.0,-490.0,2620.0,yonden
2016,6,2016-06-13,07:00,2690.0,0.0,2420.0,580.0,－－－－－－－－－－,10.0,140.0,0.0,50.0,0.0,0.0,-510.0,2690.0,yonden
2016,6,2016-06-13,08:00,3160.0,0.0,2840.0,610.0,－－－－－－－－－－,10.0,200.0,0.0,50.0,0.0,0.0,-550.0,3160.0,yonden
2016,6,2016-06-13,09:00,3510.0,0.0,3210.0,660.0,－－－－－－－－－－,10.0,260.0,0.0,40.0,0.0,0.0,-670.0,3510.0,yonden
2016,6,2016-06-13,10:00,3570.0,0.0,3440.0,640.0,－－－－－－－－－－,10.0,220.0,0.0,40.0,0.0,0.0,-780.0,3570.0,yonden
2016,6,2016-06-13,11:00,3530.0,0.0,3360.0,640.0,－－－－－－－－－－,10.0,250.0,0.0,20.0,0.0,0.0,-750.0,3530.0,yonden
2016,6,2016-06-13,12:00,3320.0,0.0,3020.0,600.0,－－－－－－－－－－,10.0,330.0,0.0,20.0,0.0,0.0,-660.0,3320.0,yonden
2016,6,2016-06-13,13:00,3540.0,0.0,3280.0,650.0,－－－－－－－－－－,10.0,340.0,0.0,20.0,0.0,0.0,-760.0,3540.0,yonden
2016,6,2016-06-13,14:00,3450.0,0.0,3060.0,650.0,－－－－－－－－－－,10.0,430.0,0.0,20.0,0.0,0.0,-720.0,3450.0,yonden
2016,6,2016-06-13,15:00,3480.0,0.0,3020.0,640.0,－－－－－－－－－－,10.0,480.0,0.0,10.0,0.0,0.0,-680.0,3480.0,yonden
2016,6,2016-06-13,16:00,3600.0,0.0,3160.0,630.0,－－－－－－－－－－,10.0,440.0,0.0,10.0,0.0,0.0,-650.0,3600.0,yonden
2016,6,2016-06-13,17:00,3490.0,0.0,3170.0,610.0,－－－－－－－－－－,10.0,240.0,0.0,10.0,0.0,0.0,-550.0,3490.0,yonden
2016,6,2016-06-13,18:00,3390.0,0.0,3240.0,630.0,－－－－－－－－－－,10.0,70.0,0.0,10.0,0.0,0.0,-570.0,3390.0,yonden
2016,6,2016-06-13,19:00,3320.0,0.0,3290.0,660.0,－－－－－－－－－－,10.0,0.0,0.0,20.0,0.0,0.0,-660.0,3320.0,yonden
2016,6,2016-06-13,20:00,3190.0,0.0,3080.0,640.0,－－－－－－－－－－,10.0,0.0,0.0,30.0,0.0,0.0,-570.0,3190.0,yonden
2016,6,2016-06-13,21:00,2980.0,0.0,2900.0,640.0,－－－－－－－－－－,10.0,0.0,0.0,20.0,0.0,0.0,-590.0,2980.0,yonden
2016,6,2016-06-13,22:00,2770.0,0.0,2620.0,610.0,－－－－－－－－－－,10.0,0.0,0.0,30.0,0.0,0.0,-500.0,2770.0,yonden
2016,6,2016-06-13,23:00,2630.0,0.0,2480.0,630.0,－－－－－－－－－－,10.0,0.0,0.0,30.0,0.0,0.0,-520.0,2630.0,yonden
2016,6,2016-06-14,00:00,2460.0,0.0,2380.0,610.0,－－－－－－－－－－,10.0,0.0,0.0,20.0,0.0,0.0,-560.0,2460.0,yonden
2016,6,2016-06-14,01:00,2470.0,0.0,2330.0,630.0,－－－－－－－－－－,10.0,0.0,0.0,30.0,0.0,0.0,-530.0,2470.0,yonden
2016,6,2016-06-14,02:00,2620.0,0.0,2490.0,640.0,－－－－－－－－－－,10.0,0.0,0.0,20.0,0.0,0.0,-540.0,2620.0,yonden
2016,6,2016-06-14,03:00,2840.0,0.0,2690.0,650.0,－－－－－－－－－－,10.0,0.0,0.0,20.0,0.0,0.0,-530.0,2840.0,yonden
2016,6,2016-06-14,04:00,2970.0,0.0,2810.0,630.0,－－－－－－－－－－,10.0,0.0,0.0,20.0,0.0,0.0,-500.0,2970.0,yonden
2016,6,2016-06-14,05:00,2890.0,0.0,2710.0,620.0,－－－－－－－－－－,10.0,40.0,0.0,30.0,0.0,0.0,-520.0,2890.0,yonden
2016,6,2016-06-14,06:00,2730.0,0.0,2600.0,600.0,－－－－－－－－－－,10.0,170.0,0.0,30.0,0.0,0.0,-680.0,2730.0,yonden
2016,6,2016-06-14,07:00,2710.0,0.0,2590.0,580.0,－－－－－－－－－－,10.0,380.0,0.0,20.0,0.0,0.0,-870.0,2710.0,yonden
2016,6,2016-06-14,08:00,3110.0,0.0,2700.0,580.0,－－－－－－－－－－,10.0,670.0,0.0,10.0,0.0,0.0,-860.0,3110.0,yonden
2016,6,2016-06-14,09:00,3490.0,0.0,2880.0,670.0,－－－－－－－－－－,10.0,960.0,0.0,0.0,0.0,0.0,-1030.0,3490.0,yonden
2016,6,2016-06-14,10:00,3660.0,0.0,2830.0,680.0,－－－－－－－－－－,10.0,1170.0,0.0,10.0,0.0,0.0,-1040.0,3660.0,yonden
2016,6,2016-06-14,11:00,3810.0,0.0,2770.0,610.0,－－－－－－－－－－,10.0,1310.0,0.0,10.0,0.0,0.0,-900.0,3810.0,yonden
2016,6,2016-06-14,12:00,3640.0,0.0,2660.0,500.0,－－－－－－－－－－,10.0,1320.0,0.0,0.0,0.0,0.0,-850.0,3640.0,yonden
2016,6,2016-06-14,13:00,3840.0,0.0,2800.0,620.0,－－－－－－－－－－,10.0,1240.0,0.0,10.0,0.0,0.0,-840.0,3840.0,yonden
2016,6,2016-06-14,14:00,3800.0,0.0,3010.0,620.0,－－－－－－－－－－,10.0,1060.0,0.0,10.0,0.0,0.0,-910.0,3800.0,yonden
2016,6,2016-06-14,15:00,3810.0,0.0,3090.0,620.0,－－－－－－－－－－,10.0,840.0,0.0,10.0,0.0,0.0,-760.0,3810.0,yonden
2016,6,2016-06-14,16:00,3790.0,0.0,3280.0,640.0,－－－－－－－－－－,10.0,550.0,0.0,0.0,0.0,0.0,-690.0,3790.0,yonden
2016,6,2016-06-14,17:00,3640.0,0.0,3280.0,680.0,－－－－－－－－－－,10.0,290.0,0.0,20.0,0.0,30.0,-670.0,3640.0,yonden
2016,6,2016-06-14,18:00,3560.0,0.0,3230.0,730.0,－－－－－－－－－－,10.0,90.0,0.0,50.0,0.0,140.0,-690.0,3560.0,yonden
2016,6,2016-06-14,19:00,3460.0,0.0,3210.0,760.0,－－－－－－－－－－,10.0,0.0,0.0,60.0,0.0,120.0,-700.0,3460.0,yonden
2016,6,2016-06-14,20:00,3300.0,0.0,3250.0,680.0,－－－－－－－－－－,10.0,0.0,0.0,60.0,0.0,0.0,-700.0,3300.0,yonden
2016,6,2016-06-14,21:00,3080.0,0.0,3000.0,650.0,－－－－－－－－－－,10.0,0.0,0.0,60.0,0.0,0.0,-640.0,3080.0,yonden
2016,6,2016-06-14,22:00,2850.0,0.0,2730.0,630.0,－－－－－－－－－－,10.0,0.0,0.0,60.0,0.0,0.0,-580.0,2850.0,yonden
2016,6,2016-06-14,23:00,2710.0,0.0,2660.0,640.0,－－－－－－－－－－,10.0,0.0,0.0,60.0,0.0,0.0,-660.0,2710.0,yonden
2016,6,2016-06-15,00:00,2520.0,0.0,2530.0,550.0,－－－－－－－－－－,10.0,0.0,0.0,60.0,0.0,0.0,-630.0,2520.0,yonden
2016,6,2016-06-15,01:00,2490.0,0.0,2520.0,540.0,－－－－－－－－－－,10.0,0.0,0.0,60.0,0.0,0.0,-640.0,2490.0,yonden
2016,6,2016-06-15,02:00,2650.0,0.0,2640.0,590.0,－－－－－－－－－－,10.0,0.0,0.0,50.0,0.0,0.0,-640.0,2650.0,yonden
2016,6,2016-06-15,03:00,2860.0,0.0,2830.0,670.0,－－－－－－－－－－,10.0,0.0,0.0,30.0,0.0,0.0,-680.0,2860.0,yonden
2016,6,2016-06-15,04:00,2990.0,0.0,2920.0,690.0,－－－－－－－－－－,10.0,0.0,0.0,40.0,0.0,0.0,-670.0,2990.0,yonden
2016,6,2016-06-15,05:00,2900.0,0.0,2900.0,610.0,－－－－－－－－－－,10.0,40.0,0.0,50.0,0.0,0.0,-710.0,2900.0,yonden
2016,6,2016-06-15,06:00,2700.0,0.0,2970.0,600.0,－－－－－－－－－－,10.0,190.0,0.0,50.0,0.0,-300.0,-820.0,2700.0,yonden
2016,6,2016-06-15,07:00,2760.0,0.0,3010.0,610.0,－－－－－－－－－－,10.0,400.0,0.0,50.0,0.0,-300.0,-1020.0,2760.0,yonden
2016,6,2016-06-15,08:00,3240.0,0.0,3150.0,580.0,－－－－－－－－－－,10.0,640.0,0.0,50.0,0.0,-300.0,-890.0,3240.0,yonden
2016,6,2016-06-15,09:00,3610.0,0.0,3210.0,660.0,－－－－－－－－－－,10.0,890.0,0.0,60.0,0.0,-300.0,-920.0,3610.0,yonden
2016,6,2016-06-15,10:00,3750.0,0.0,3210.0,610.0,－－－－－－－－－－,10.0,1020.0,0.0,60.0,0.0,-300.0,-860.0,3750.0,yonden
2016,6,2016-06-15,11:00,3900.0,0.0,3200.0,610.0,－－－－－－－－－－,10.0,1140.0,0.0,60.0,0.0,-300.0,-820.0,3900.0,yonden
2016,6,2016-06-15,12:00,3730.0,0.0,3210.0,590.0,－－－－－－－－－－,10.0,1060.0,0.0,80.0,0.0,-300.0,-920.0,3730.0,yonden
2016,6,2016-06-15,13:00,3830.0,0.0,3310.0,580.0,－－－－－－－－－－,10.0,860.0,0.0,70.0,0.0,0.0,-1000.0,3830.0,yonden
2016,6,2016-06-15,14:00,3870.0,0.0,3450.0,590.0,－－－－－－－－－－,10.0,690.0,0.0,70.0,0.0,0.0,-940.0,3870.0,yonden
2016,6,2016-06-15,15:00,3750.0,0.0,3500.0,620.0,－－－－－－－－－－,10.0,500.0,0.0,70.0,0.0,0.0,-950.0,3750.0,yonden
2016,6,2016-06-15,16:00,3810.0,0.0,3340.0,680.0,－－－－－－－－－－,10.0,390.0,0.0,90.0,0.0,240.0,-940.0,3810.0,yonden
2016,6,2016-06-15,17:00,3680.0,0.0,3300.0,730.0,－－－－－－－－－－,10.0,190.0,0.0,90.0,0.0,280.0,-920.0,3680.0,yonden
2016,6,2016-06-15,18:00,3610.0,0.0,3400.0,740.0,－－－－－－－－－－,10.0,40.0,0.0,80.0,0.0,280.0,-940.0,3610.0,yonden
2016,6,2016-06-15,19:00,3530.0,0.0,3510.0,710.0,－－－－－－－－－－,10.0,0.0,0.0,80.0,0.0,220.0,-1000.0,3530.0,yonden
2016,6,2016-06-15,20:00,3360.0,0.0,3490.0,630.0,－－－－－－－－－－,10.0,0.0,0.0,80.0,0.0,10.0,-860.0,3360.0,yonden
2016,6,2016-06-15,21:00,3120.0,0.0,3260.0,570.0,－－－－－－－－－－,10.0,0.0,0.0,80.0,0.0,0.0,-800.0,3120.0,yonden
2016,6,2016-06-15,22:00,2890.0,0.0,3040.0,560.0,－－－－－－－－－－,10.0,0.0,0.0,80.0,0.0,0.0,-800.0,2890.0,yonden
2016,6,2016-06-15,23:00,2760.0,0.0,2860.0,540.0,－－－－－－－－－－,10.0,0.0,0.0,80.0,0.0,-50.0,-680.0,2760.0,yonden
2016,6,2016-06-16,00:00,2630.0,0.0,2880.0,650.0,－－－－－－－－－－,10.0,0.0,0.0,70.0,0.0,-300.0,-680.0,2630.0,yonden
2016,6,2016-06-16,01:00,2590.0,0.0,2840.0,660.0,－－－－－－－－－－,10.0,0.0,0.0,50.0,0.0,-300.0,-670.0,2590.0,yonden
2016,6,2016-06-16,02:00,2710.0,0.0,2780.0,640.0,－－－－－－－－－－,10.0,0.0,0.0,50.0,0.0,0.0,-770.0,2710.0,yonden
2016,6,2016-06-16,03:00,2890.0,0.0,2870.0,710.0,－－－－－－－－－－,10.0,0.0,0.0,70.0,0.0,0.0,-770.0,2890.0,yonden
2016,6,2016-06-16,04:00,2980.0,0.0,2890.0,690.0,－－－－－－－－－－,10.0,0.0,0.0,50.0,0.0,0.0,-660.0,2980.0,yonden
2016,6,2016-06-16,05:00,2930.0,0.0,2910.0,620.0,－－－－－－－－－－,10.0,10.0,0.0,40.0,0.0,0.0,-660.0,2930.0,yonden
2016,6,2016-06-16,06:00,2830.0,0.0,2950.0,550.0,－－－－－－－－－－,10.0,50.0,0.0,30.0,0.0,0.0,-760.0,2830.0,yonden
2016,6,2016-06-16,07:00,2920.0,0.0,2960.0,490.0,－－－－－－－－－－,10.0,100.0,0.0,40.0,0.0,0.0,-680.0,2920.0,yonden
2016,6,2016-06-16,08:00,3360.0,0.0,3300.0,550.0,－－－－－－－－－－,10.0,160.0,0.0,40.0,0.0,0.0,-700.0,3360.0,yonden
2016,6,2016-06-16,09:00,3640.0,0.0,3440.0,630.0,－－－－－－－－－－,10.0,210.0,0.0,40.0,0.0,0.0,-690.0,3640.0,yonden
2016,6,2016-06-16,10:00,3740.0,0.0,3440.0,670.0,－－－－－－－－－－,10.0,230.0,0.0,60.0,0.0,0.0,-670.0,3740.0,yonden
2016,6,2016-06-16,11:00,3770.0,0.0,3520.0,660.0,－－－－－－－－－－,10.0,210.0,0.0,40.0,0.0,0.0,-670.0,3770.0,yonden
2016,6,2016-06-16,12:00,3530.0,0.0,3460.0,500.0,－－－－－－－－－－,10.0,190.0,0.0,40.0,0.0,0.0,-670.0,3530.0,yonden
2016,6,2016-06-16,13:00,3730.0,0.0,3610.0,630.0,－－－－－－－－－－,10.0,190.0,0.0,30.0,0.0,0.0,-740.0,3730.0,yonden
2016,6,2016-06-16,14:00,3740.0,0.0,3680.0,670.0,－－－－－－－－－－,10.0,180.0,0.0,20.0,0.0,130.0,-950.0,3740.0,yonden
2016,6,2016-06-16,15:00,3700.0,0.0,3700.0,650.0,－－－－－－－－－－,10.0,130.0,0.0,10.0,0.0,30.0,-830.0,3700.0,yonden
2016,6,2016-06-16,16:00,3680.0,0.0,3680.0,660.0,－－－－－－－－－－,10.0,90.0,0.0,0.0,0.0,140.0,-900.0,3680.0,yonden
2016,6,2016-06-16,17:00,3550.0,0.0,3670.0,640.0,－－－－－－－－－－,10.0,60.0,0.0,10.0,0.0,140.0,-980.0,3550.0,yonden
2016,6,2016-06-16,18:00,3500.0,0.0,3670.0,620.0,－－－－－－－－－－,10.0,20.0,0.0,30.0,0.0,60.0,-910.0,3500.0,yonden
2016,6,2016-06-16,19:00,3390.0,0.0,3650.0,640.0,－－－－－－－－－－,10.0,0.0,0.0,30.0,0.0,0.0,-940.0,3390.0,yonden
2016,6,2016-06-16,20:00,3220.0,0.0,3540.0,620.0,－－－－－－－－－－,10.0,0.0,0.0,20.0,0.0,0.0,-970.0,3220.0,yonden
2016,6,2016-06-16,21:00,3010.0,0.0,3250.0,580.0,－－－－－－－－－－,10.0,0.0,0.0,20.0,0.0,0.0,-850.0,3010.0,yonden
2016,6,2016-06-16,22:00,2850.0,0.0,2970.0,560.0,－－－－－－－－－－,10.0,0.0,0.0,20.0,0.0,0.0,-710.0,2850.0,yonden
2016,6,2016-06-16,23:00,2710.0,0.0,2810.0,540.0,－－－－－－－－－－,10.0,0.0,0.0,20.0,0.0,0.0,-670.0,2710.0,yonden
2016,6,2016-06-17,00:00,2560.0,0.0,2850.0,510.0,－－－－－－－－－－,10.0,0.0,0.0,30.0,0.0,0.0,-840.0,2560.0,yonden
2016,6,2016-06-17,01:00,2520.0,0.0,2900.0,520.0,－－－－－－－－－－,10.0,0.0,0.0,20.0,0.0,0.0,-930.0,2520.0,yonden
2016,6,2016-06-17,02:00,2640.0,0.0,2910.0,570.0,－－－－－－－－－－,10.0,0.0,0.0,10.0,0.0,0.0,-860.0,2640.0,yonden
2016,6,2016-06-17,03:00,2850.0,0.0,2950.0,600.0,－－－－－－－－－－,10.0,0.0,0.0,10.0,0.0,0.0,-720.0,2850.0,yonden
2016,6,2016-06-17,04:00,2980.0,0.0,3040.0,610.0,－－－－－－－－－－,10.0,0.0,0.0,10.0,0.0,0.0,-690.0,2980.0,yonden
2016,6,2016-06-17,05:00,2910.0,0.0,2980.0,530.0,－－－－－－－－－－,10.0,20.0,0.0,10.0,0.0,0.0,-640.0,2910.0,yonden
2016,6,2016-06-17,06:00,2680.0,0.0,2870.0,480.0,－－－－－－－－－－,10.0,110.0,0.0,10.0,0.0,0.0,-800.0,2680.0,yonden
2016,6,2016-06-17,07:00,2660.0,0.0,2780.0,460.0,－－－－－－－－－－,10.0,310.0,0.0,0.0,0.0,0.0,-900.0,2660.0,yonden
2016,6,2016-06-17,08:00,3130.0,0.0,2830.0,520.0,－－－－－－－－－－,10.0,600.0,0.0,0.0,0.0,0.0,-830.0,3130.0,yonden
2016,6,2016-06-17,09:00,3500.0,0.0,3000.0,580.0,－－－－－－－－－－,10.0,790.0,0.0,0.0,0.0,0.0,-880.0,3500.0,yonden
2016,6,2016-06-17,10:00,3660.0,0.0,3100.0,630.0,－－－－－－－－－－,10.0,850.0,0.0,0.0,0.0,0.0,-930.0,3660.0,yonden
2016,6,2016-06-17,11:00,3600.0,0.0,3010.0,630.0,－－－－－－－－－－,10.0,870.0,0.0,0.0,0.0,0.0,-920.0,3600.0,yonden
2016,6,2016-06-17,12:00,3470.0,0.0,2830.0,550.0,－－－－－－－－－－,10.0,1010.0,0.0,0.0,0.0,0.0,-930.0,3470.0,yonden
2016,6,2016-06-17,13:00,3680.0,0.0,3030.0,600.0,－－－－－－－－－－,10.0,900.0,0.0,0.0,0.0,0.0,-860.0,3680.0,yonden
2016,6,2016-06-17,14:00,3700.0,0.0,3220.0,640.0,－－－－－－－－－－,10.0,720.0,0.0,10.0,0.0,0.0,-900.0,3700.0,yonden
2016,6,2016-06-17,15:00,3620.0,0.0,3340.0,600.0,－－－－－－－－－－,10.0,600.0,0.0,10.0,0.0,0.0,-940.0,3620.0,yonden
2016,6,2016-06-17,16:00,3660.0,0.0,3500.0,610.0,－－－－－－－－－－,10.0,460.0,0.0,10.0,0.0,0.0,-930.0,3660.0,yonden
2016,6,2016-06-17,17:00,3470.0,0.0,3310.0,610.0,－－－－－－－－－－,10.0,260.0,0.0,10.0,0.0,80.0,-810.0,3470.0,yonden
2016,6,2016-06-17,18:00,3440.0,0.0,3100.0,680.0,－－－－－－－－－－,10.0,90.0,0.0,20.0,0.0,240.0,-700.0,3440.0,yonden
2016,6,2016-06-17,19:00,3340.0,0.0,3120.0,670.0,－－－－－－－－－－,10.0,0.0,0.0,20.0,0.0,210.0,-690.0,3340.0,yonden
2016,6,2016-06-17,20:00,3200.0,0.0,3280.0,660.0,－－－－－－－－－－,10.0,0.0,0.0,10.0,0.0,0.0,-760.0,3200.0,yonden
2016,6,2016-06-17,21:00,2980.0,0.0,3180.0,600.0,－－－－－－－－－－,10.0,0.0,0.0,20.0,0.0,0.0,-830.0,2980.0,yonden
2016,6,2016-06-17,22:00,2740.0,0.0,2880.0,530.0,－－－－－－－－－－,10.0,0.0,0.0,20.0,0.0,0.0,-700.0,2740.0,yonden
2016,6,2016-06-17,23:00,2610.0,0.0,2840.0,470.0,－－－－－－－－－－,10.0,0.0,0.0,20.0,0.0,0.0,-730.0,2610.0,yonden
2016,6,2016-06-18,00:00,2450.0,0.0,2860.0,380.0,－－－－－－－－－－,10.0,0.0,0.0,10.0,0.0,0.0,-810.0,2450.0,yonden
2016,6,2016-06-18,01:00,2400.0,0.0,2880.0,400.0,－－－－－－－－－－,10.0,0.0,0.0,10.0,0.0,0.0,-900.0,2400.0,yonden
2016,6,2016-06-18,02:00,2500.0,0.0,2860.0,480.0,－－－－－－－－－－,10.0,0.0,0.0,10.0,0.0,0.0,-860.0,2500.0,yonden
2016,6,2016-06-18,03:00,2740.0,0.0,2870.0,570.0,－－－－－－－－－－,10.0,0.0,0.0,10.0,0.0,0.0,-720.0,2740.0,yonden
2016,6,2016-06-18,04:00,2860.0,0.0,2930.0,590.0,－－－－－－－－－－,10.0,0.0,0.0,0.0,0.0,0.0,-670.0,2860.0,yonden
2016,6,2016-06-18,05:00,2750.0,0.0,2940.0,460.0,－－－－－－－－－－,10.0,40.0,0.0,0.0,0.0,0.0,-700.0,2750.0,yonden
2016,6,2016-06-18,06:00,2510.0,0.0,2830.0,430.0,－－－－－－－－－－,10.0,210.0,0.0,0.0,0.0,-100.0,-870.0,2510.0,yonden
2016,6,2016-06-18,07:00,2460.0,0.0,2780.0,460.0,－－－－－－－－－－,10.0,460.0,0.0,0.0,0.0,-300.0,-950.0,2460.0,yonden
2016,6,2016-06-18,08:00,2730.0,0.0,2680.0,450.0,－－－－－－－－－－,10.0,730.0,0.0,0.0,0.0,-300.0,-840.0,2730.0,yonden
2016,6,2016-06-18,09:00,3040.0,0.0,2660.0,480.0,－－－－－－－－－－,10.0,1010.0,0.0,0.0,0.0,-300.0,-820.0,3040.0,yonden
2016,6,2016-06-18,10:00,3190.0,0.0,2630.0,500.0,－－－－－－－－－－,10.0,1150.0,0.0,0.0,0.0,-300.0,-800.0,3190.0,yonden
2016,6,2016-06-18,11:00,3270.0,0.0,2610.0,490.0,－－－－－－－－－－,10.0,1220.0,0.0,0.0,0.0,-300.0,-760.0,3270.0,yonden
2016,6,2016-06-18,12:00,3230.0,0.0,2540.0,370.0,－－－－－－－－－－,10.0,1280.0,0.0,0.0,0.0,-300.0,-670.0,3230.0,yonden
2016,6,2016-06-18,13:00,3360.0,0.0,2550.0,410.0,－－－－－－－－－－,10.0,1260.0,0.0,10.0,0.0,-100.0,-780.0,3360.0,yonden
2016,6,2016-06-18,14:00,3310.0,0.0,2720.0,490.0,－－－－－－－－－－,10.0,1080.0,0.0,20.0,0.0,-300.0,-710.0,3310.0,yonden
2016,6,2016-06-18,15:00,3270.0,0.0,2620.0,450.0,－－－－－－－－－－,10.0,860.0,0.0,30.0,0.0,-50.0,-650.0,3270.0,yonden
2016,6,2016-06-18,16:00,3260.0,0.0,2830.0,540.0,－－－－－－－－－－,10.0,580.0,0.0,40.0,0.0,0.0,-740.0,3260.0,yonden
2016,6,2016-06-18,17:00,3210.0,0.0,3040.0,590.0,－－－－－－－－－－,10.0,290.0,0.0,50.0,0.0,60.0,-830.0,3210.0,yonden
2016,6,2016-06-18,18:00,3180.0,0.0,2880.0,670.0,－－－－－－－－－－,10.0,80.0,0.0,40.0,0.0,280.0,-780.0,3180.0,yonden
2016,6,2016-06-18,19:00,3170.0,0.0,2880.0,690.0,－－－－－－－－－－,10.0,0.0,0.0,50.0,0.0,280.0,-740.0,3170.0,yonden
2016,6,2016-06-18,20:00,3050.0,0.0,2980.0,620.0,－－－－－－－－－－,10.0,0.0,0.0,40.0,0.0,240.0,-840.0,3050.0,yonden
2016,6,2016-06-18,21:00,2850.0,0.0,2920.0,530.0,－－－－－－－－－－,10.0,0.0,0.0,40.0,0.0,0.0,-650.0,2850.0,yonden
2016,6,2016-06-18,22:00,2650.0,0.0,2780.0,520.0,－－－－－－－－－－,10.0,0.0,0.0,40.0,0.0,0.0,-700.0,2650.0,yonden
2016,6,2016-06-18,23:00,2540.0,0.0,2690.0,480.0,－－－－－－－－－－,10.0,0.0,0.0,40.0,0.0,0.0,-680.0,2540.0,yonden
2016,6,2016-06-19,00:00,2390.0,0.0,2610.0,390.0,－－－－－－－－－－,10.0,0.0,0.0,50.0,0.0,0.0,-670.0,2390.0,yonden
2016,6,2016-06-19,01:00,2340.0,0.0,2590.0,400.0,－－－－－－－－－－,10.0,0.0,0.0,50.0,0.0,0.0,-710.0,2340.0,yonden
2016,6,2016-06-19,02:00,2450.0,0.0,2630.0,430.0,－－－－－－－－－－,10.0,0.0,0.0,40.0,0.0,0.0,-660.0,2450.0,yonden
2016,6,2016-06-19,03:00,2640.0,0.0,2730.0,540.0,－－－－－－－－－－,10.0,0.0,0.0,30.0,0.0,0.0,-670.0,2640.0,yonden
2016,6,2016-06-19,04:00,2730.0,0.0,2750.0,580.0,－－－－－－－－－－,10.0,0.0,0.0,30.0,0.0,0.0,-640.0,2730.0,yonden
2016,6,2016-06-19,05:00,2640.0,0.0,2710.0,480.0,－－－－－－－－－－,10.0,10.0,0.0,30.0,0.0,0.0,-600.0,2640.0,yonden
2016,6,2016-06-19,06:00,2430.0,0.0,2640.0,400.0,－－－－－－－－－－,10.0,20.0,0.0,50.0,0.0,0.0,-690.0,2430.0,yonden
2016,6,2016-06-19,07:00,2390.0,0.0,2600.0,430.0,－－－－－－－－－－,10.0,40.0,0.0,70.0,0.0,0.0,-760.0,2390.0,yonden
2016,6,2016-06-19,08:00,2560.0,0.0,2580.0,480.0,－－－－－－－－－－,10.0,70.0,0.0,70.0,0.0,0.0,-650.0,2560.0,yonden
2016,6,2016-06-19,09:00,2720.0,0.0,2680.0,560.0,－－－－－－－－－－,10.0,90.0,0.0,50.0,0.0,0.0,-670.0,2720.0,yonden
2016,6,2016-06-19,10:00,2750.0,0.0,2670.0,570.0,－－－－－－－－－－,10.0,90.0,0.0,60.0,0.0,0.0,-650.0,2750.0,yonden
2016,6,2016-06-19,11:00,2740.0,0.0,2710.0,560.0,－－－－－－－－－－,10.0,180.0,0.0,60.0,0.0,0.0,-780.0,2740.0,yonden
2016,6,2016-06-19,12:00,2690.0,0.0,2600.0,540.0,－－－－－－－－－－,10.0,260.0,0.0,40.0,0.0,0.0,-760.0,2690.0,yonden
2016,6,2016-06-19,13:00,2690.0,0.0,2570.0,560.0,－－－－－－－－－－,10.0,350.0,0.0,30.0,0.0,0.0,-830.0,2690.0,yonden
2016,6,2016-06-19,14:00,2750.0,0.0,2660.0,510.0,－－－－－－－－－－,10.0,290.0,0.0,40.0,0.0,0.0,-760.0,2750.0,yonden
2016,6,2016-06-19,15:00,2650.0,0.0,2520.0,490.0,－－－－－－－－－－,10.0,290.0,0.0,40.0,0.0,0.0,-700.0,2650.0,yonden
2016,6,2016-06-19,16:00,2710.0,0.0,2490.0,530.0,－－－－－－－－－－,10.0,320.0,0.0,50.0,0.0,0.0,-690.0,2710.0,yonden
2016,6,2016-06-19,17:00,2840.0,0.0,2550.0,550.0,－－－－－－－－－－,10.0,230.0,0.0,60.0,0.0,0.0,-560.0,2840.0,yonden
2016,6,2016-06-19,18:00,2960.0,0.0,2630.0,680.0,－－－－－－－－－－,10.0,80.0,0.0,60.0,0.0,0.0,-500.0,2960.0,yonden
2016,6,2016-06-19,19:00,3020.0,0.0,2730.0,750.0,－－－－－－－－－－,10.0,0.0,0.0,60.0,0.0,0.0,-530.0,3020.0,yonden
2016,6,2016-06-19,20:00,2940.0,0.0,2710.0,730.0,－－－－－－－－－－,10.0,0.0,0.0,50.0,0.0,0.0,-560.0,2940.0,yonden
2016,6,2016-06-19,21:00,2750.0,0.0,2630.0,630.0,－－－－－－－－－－,10.0,0.0,0.0,40.0,0.0,0.0,-560.0,2750.0,yonden
2016,6,2016-06-19,22:00,2540.0,0.0,2520.0,530.0,－－－－－－－－－－,10.0,0.0,0.0,40.0,0.0,0.0,-560.0,2540.0,yonden
2016,6,2016-06-19,23:00,2430.0,0.0,2480.0,510.0,－－－－－－－－－－,10.0,0.0,0.0,20.0,0.0,0.0,-590.0,2430.0,yonden
2016,6,2016-06-20,00:00,2290.0,0.0,2360.0,510.0,－－－－－－－－－－,10.0,0.0,0.0,10.0,0.0,0.0,-600.0,2290.0,yonden
2016,6,2016-06-20,01:00,2300.0,0.0,2400.0,500.0,－－－－－－－－－－,10.0,0.0,0.0,10.0,0.0,0.0,-620.0,2300.0,yonden
2016,6,2016-06-20,02:00,2470.0,0.0,2480.0,530.0,－－－－－－－－－－,10.0,0.0,0.0,10.0,0.0,0.0,-560.0,2470.0,yonden
2016,6,2016-06-20,03:00,2690.0,0.0,2530.0,640.0,－－－－－－－－－－,10.0,0.0,0.0,10.0,0.0,0.0,-500.0,2690.0,yonden
2016,6,2016-06-20,04:00,2810.0,0.0,2660.0,680.0,－－－－－－－－－－,10.0,0.0,0.0,0.0,0.0,0.0,-540.0,2810.0,yonden
2016,6,2016-06-20,05:00,2770.0,0.0,2630.0,650.0,－－－－－－－－－－,10.0,20.0,0.0,0.0,0.0,0.0,-540.0,2770.0,yonden
2016,6,2016-06-20,06:00,2670.0,0.0,2640.0,540.0,－－－－－－－－－－,10.0,70.0,0.0,10.0,0.0,0.0,-600.0,2670.0,yonden
2016,6,2016-06-20,07:00,2760.0,0.0,2730.0,510.0,－－－－－－－－－－,10.0,150.0,0.0,10.0,0.0,0.0,-650.0,2760.0,yonden
2016,6,2016-06-20,08:00,3320.0,0.0,3210.0,670.0,－－－－－－－－－－,10.0,150.0,0.0,0.0,0.0,0.0,-720.0,3320.0,yonden
2016,6,2016-06-20,09:00,3640.0,0.0,3550.0,650.0,－－－－－－－－－－,10.0,110.0,0.0,0.0,0.0,0.0,-680.0,3640.0,yonden
2016,6,2016-06-20,10:00,3640.0,0.0,3590.0,680.0,－－－－－－－－－－,10.0,150.0,0.0,0.0,0.0,0.0,-790.0,3640.0,yonden
2016,6,2016-06-20,11:00,3540.0,0.0,3240.0,650.0,－－－－－－－－－－,10.0,350.0,0.0,0.0,0.0,0.0,-710.0,3540.0,yonden
2016,6,2016-06-20,12:00,3460.0,0.0,3080.0,540.0,－－－－－－－－－－,10.0,570.0,0.0,0.0,0.0,0.0,-740.0,3460.0,yonden
2016,6,2016-06-20,13:00,3770.0,0.0,3450.0,620.0,－－－－－－－－－－,10.0,470.0,0.0,0.0,0.0,0.0,-780.0,3770.0,yonden
2016,6,2016-06-20,14:00,3840.0,0.0,3670.0,640.0,－－－－－－－－－－,10.0,350.0,0.0,10.0,0.0,0.0,-840.0,3840.0,yonden
2016,6,2016-06-20,15:00,3770.0,0.0,3720.0,620.0,－－－－－－－－－－,10.0,220.0,0.0,40.0,0.0,0.0,-840.0,3770.0,yonden
2016,6,2016-06-20,16:00,3740.0,0.0,3700.0,660.0,－－－－－－－－－－,10.0,120.0,0.0,50.0,0.0,0.0,-800.0,3740.0,yonden
2016,6,2016-06-20,17:00,3610.0,0.0,3570.0,720.0,－－－－－－－－－－,10.0,50.0,0.0,50.0,0.0,0.0,-790.0,3610.0,yonden
2016,6,2016-06-20,18:00,3540.0,0.0,3500.0,760.0,－－－－－－－－－－,10.0,20.0,0.0,50.0,0.0,0.0,-800.0,3540.0,yonden
2016,6,2016-06-20,19:00,3420.0,0.0,3380.0,770.0,－－－－－－－－－－,10.0,0.0,0.0,60.0,0.0,0.0,-800.0,3420.0,yonden
2016,6,2016-06-20,20:00,3240.0,0.0,3270.0,720.0,－－－－－－－－－－,10.0,0.0,0.0,50.0,0.0,0.0,-810.0,3240.0,yonden
2016,6,2016-06-20,21:00,3030.0,0.0,3180.0,600.0,－－－－－－－－－－,10.0,0.0,0.0,60.0,0.0,0.0,-820.0,3030.0,yonden
2016,6,2016-06-20,22:00,2870.0,0.0,2990.0,540.0,－－－－－－－－－－,10.0,0.0,0.0,70.0,0.0,0.0,-740.0,2870.0,yonden
2016,6,2016-06-20,23:00,2770.0,0.0,2870.0,590.0,－－－－－－－－－－,10.0,0.0,0.0,70.0,0.0,-70.0,-700.0,2770.0,yonden
2016,6,2016-06-21,00:00,2620.0,0.0,2930.0,580.0,－－－－－－－－－－,10.0,0.0,0.0,70.0,0.0,-300.0,-670.0,2620.0,yonden
2016,6,2016-06-21,01:00,2580.0,0.0,2930.0,610.0,－－－－－－－－－－,10.0,0.0,0.0,40.0,0.0,-300.0,-710.0,2580.0,yonden
2016,6,2016-06-21,02:00,2690.0,0.0,2990.0,680.0,－－－－－－－－－－,10.0,0.0,0.0,40.0,0.0,-300.0,-730.0,2690.0,yonden
2016,6,2016-06-21,03:00,2910.0,0.0,3100.0,690.0,－－－－－－－－－－,10.0,0.0,0.0,30.0,0.0,-150.0,-770.0,2910.0,yonden
2016,6,2016-06-21,04:00,3030.0,0.0,3070.0,650.0,－－－－－－－－－－,10.0,0.0,0.0,20.0,0.0,0.0,-720.0,3030.0,yonden
2016,6,2016-06-21,05:00,2960.0,0.0,3030.0,580.0,－－－－－－－－－－,10.0,10.0,0.0,30.0,0.0,0.0,-700.0,2960.0,yonden
2016,6,2016-06-21,06:00,2820.0,0.0,2890.0,590.0,－－－－－－－－－－,10.0,40.0,0.0,20.0,0.0,0.0,-730.0,2820.0,yonden
2016,6,2016-06-21,07:00,2910.0,0.0,2850.0,610.0,－－－－－－－－－－,10.0,100.0,0.0,20.0,0.0,0.0,-680.0,2910.0,yonden
2016,6,2016-06-21,08:00,3340.0,0.0,3230.0,660.0,－－－－－－－－－－,10.0,170.0,0.0,10.0,0.0,0.0,-740.0,3340.0,yonden
2016,6,2016-06-21,09:00,3600.0,0.0,3270.0,660.0,－－－－－－－－－－,10.0,340.0,0.0,10.0,0.0,0.0,-690.0,3600.0,yonden
2016,6,2016-06-21,10:00,3690.0,0.0,3300.0,640.0,－－－－－－－－－－,10.0,490.0,0.0,10.0,0.0,0.0,-760.0,3690.0,yonden
2016,6,2016-06-21,11:00,3650.0,0.0,3210.0,650.0,－－－－－－－－－－,10.0,620.0,0.0,0.0,0.0,0.0,-840.0,3650.0,yonden
2016,6,2016-06-21,12:00,3650.0,0.0,2960.0,640.0,－－－－－－－－－－,10.0,860.0,0.0,0.0,0.0,0.0,-820.0,3650.0,yonden
2016,6,2016-06-21,13:00,3920.0,0.0,3200.0,640.0,－－－－－－－－－－,10.0,890.0,0.0,0.0,0.0,0.0,-820.0,3920.0,yonden
2016,6,2016-06-21,14:00,4010.0,0.0,3470.0,660.0,－－－－－－－－－－,10.0,760.0,0.0,0.0,0.0,0.0,-890.0,4010.0,yonden
2016,6,2016-06-21,15:00,3970.0,0.0,3670.0,650.0,－－－－－－－－－－,10.0,620.0,0.0,0.0,0.0,0.0,-980.0,3970.0,yonden
2016,6,2016-06-21,16:00,3860.0,0.0,3660.0,680.0,－－－－－－－－－－,10.0,460.0,0.0,10.0,0.0,0.0,-960.0,3860.0,yonden
2016,6,2016-06-21,17:00,3770.0,0.0,3680.0,690.0,－－－－－－－－－－,10.0,270.0,0.0,10.0,0.0,0.0,-890.0,3770.0,yonden
2016,6,2016-06-21,18:00,3650.0,0.0,3660.0,690.0,－－－－－－－－－－,10.0,70.0,0.0,10.0,0.0,0.0,-790.0,3650.0,yonden
2016,6,2016-06-21,19:00,3570.0,0.0,3610.0,690.0,－－－－－－－－－－,10.0,0.0,0.0,10.0,0.0,0.0,-750.0,3570.0,yonden
2016,6,2016-06-21,20:00,3410.0,0.0,3550.0,680.0,－－－－－－－－－－,10.0,0.0,0.0,0.0,0.0,0.0,-830.0,3410.0,yonden
2016,6,2016-06-21,21:00,3190.0,0.0,3270.0,660.0,－－－－－－－－－－,10.0,0.0,0.0,0.0,0.0,0.0,-750.0,3190.0,yonden
2016,6,2016-06-21,22:00,3010.0,0.0,2950.0,630.0,－－－－－－－－－－,10.0,0.0,0.0,0.0,0.0,0.0,-580.0,3010.0,yonden
2016,6,2016-06-21,23:00,2860.0,0.0,2860.0,630.0,－－－－－－－－－－,10.0,0.0,0.0,0.0,0.0,0.0,-640.0,2860.0,yonden
2016,6,2016-06-22,00:00,2680.0,0.0,2800.0,630.0,－－－－－－－－－－,10.0,0.0,0.0,0.0,0.0,0.0,-760.0,2680.0,yonden
2016,6,2016-06-22,01:00,2620.0,0.0,2760.0,630.0,－－－－－－－－－－,10.0,0.0,0.0,0.0,0.0,0.0,-780.0,2620.0,yonden
2016,6,2016-06-22,02:00,2720.0,0.0,2770.0,670.0,－－－－－－－－－－,10.0,0.0,0.0,0.0,0.0,0.0,-730.0,2720.0,yonden
2016,6,2016-06-22,03:00,2920.0,0.0,2790.0,680.0,－－－－－－－－－－,10.0,0.0,0.0,0.0,0.0,0.0,-560.0,2920.0,yonden
2016,6,2016-06-22,04:00,3020.0,0.0,2870.0,690.0,－－－－－－－－－－,10.0,0.0,0.0,0.0,0.0,0.0,-550.0,3020.0,yonden
2016,6,2016-06-22,05:00,2970.0,0.0,2880.0,650.0,－－－－－－－－－－,10.0,20.0,0.0,0.0,0.0,0.0,-590.0,2970.0,yonden
2016,6,2016-06-22,06:00,2870.0,0.0,2900.0,650.0,－－－－－－－－－－,10.0,60.0,0.0,0.0,0.0,0.0,-750.0,2870.0,yonden
2016,6,2016-06-22,07:00,2990.0,0.0,3060.0,650.0,－－－－－－－－－－,10.0,90.0,0.0,0.0,0.0,0.0,-820.0,2990.0,yonden
2016,6,2016-06-22,08:00,3440.0,0.0,3390.0,690.0,－－－－－－－－－－,10.0,100.0,0.0,20.0,0.0,0.0,-770.0,3440.0,yonden
2016,6,2016-06-22,09:00,3760.0,0.0,3690.0,690.0,－－－－－－－－－－,10.0,120.0,0.0,40.0,0.0,0.0,-790.0,3760.0,yonden
2016,6,2016-06-22,10:00,3790.0,0.0,3580.0,670.0,－－－－－－－－－－,10.0,150.0,0.0,50.0,0.0,0.0,-670.0,3790.0,yonden
2016,6,2016-06-22,11:00,3750.0,0.0,3560.0,680.0,－－－－－－－－－－,10.0,190.0,0.0,50.0,0.0,0.0,-740.0,3750.0,yonden
2016,6,2016-06-22,12:00,3560.0,0.0,3380.0,670.0,－－－－－－－－－－,10.0,220.0,0.0,50.0,0.0,0.0,-770.0,3560.0,yonden
2016,6,2016-06-22,13:00,3740.0,0.0,3570.0,670.0,－－－－－－－－－－,10.0,190.0,0.0,50.0,0.0,0.0,-750.0,3740.0,yonden
2016,6,2016-06-22,14:00,3760.0,0.0,3670.0,680.0,－－－－－－－－－－,10.0,160.0,0.0,20.0,0.0,0.0,-780.0,3760.0,yonden
2016,6,2016-06-22,15:00,3710.0,0.0,3620.0,680.0,－－－－－－－－－－,10.0,140.0,0.0,20.0,0.0,0.0,-760.0,3710.0,yonden
2016,6,2016-06-22,16:00,3690.0,0.0,3570.0,680.0,－－－－－－－－－－,10.0,130.0,0.0,20.0,0.0,0.0,-720.0,3690.0,yonden
2016,6,2016-06-22,17:00,3560.0,0.0,3460.0,730.0,－－－－－－－－－－,10.0,80.0,0.0,20.0,0.0,0.0,-740.0,3560.0,yonden
2016,6,2016-06-22,18:00,3510.0,0.0,3390.0,720.0,－－－－－－－－－－,10.0,20.0,0.0,30.0,0.0,0.0,-660.0,3510.0,yonden
2016,6,2016-06-22,19:00,3440.0,0.0,3350.0,720.0,－－－－－－－－－－,10.0,0.0,0.0,40.0,0.0,0.0,-680.0,3440.0,yonden
2016,6,2016-06-22,20:00,3280.0,0.0,3270.0,690.0,－－－－－－－－－－,10.0,0.0,0.0,50.0,0.0,0.0,-740.0,3280.0,yonden
2016,6,2016-06-22,21:00,3070.0,0.0,3140.0,660.0,－－－－－－－－－－,10.0,0.0,0.0,60.0,0.0,0.0,-800.0,3070.0,yonden
2016,6,2016-06-22,22:00,2900.0,0.0,2900.0,680.0,－－－－－－－－－－,10.0,0.0,0.0,70.0,0.0,0.0,-760.0,2900.0,yonden
2016,6,2016-06-22,23:00,2800.0,0.0,2900.0,630.0,－－－－－－－－－－,10.0,0.0,0.0,80.0,0.0,0.0,-820.0,2800.0,yonden
2016,6,2016-06-23,00:00,2650.0,0.0,2890.0,690.0,－－－－－－－－－－,10.0,0.0,0.0,80.0,0.0,0.0,-1020.0,2650.0,yonden
2016,6,2016-06-23,01:00,2600.0,0.0,2900.0,700.0,－－－－－－－－－－,10.0,0.0,0.0,70.0,0.0,0.0,-1080.0,2600.0,yonden
2016,6,2016-06-23,02:00,2730.0,0.0,2900.0,730.0,－－－－－－－－－－,10.0,0.0,0.0,60.0,0.0,0.0,-970.0,2730.0,yonden
2016,6,2016-06-23,03:00,2940.0,0.0,2920.0,770.0,－－－－－－－－－－,10.0,0.0,0.0,40.0,0.0,0.0,-800.0,2940.0,yonden
2016,6,2016-06-23,04:00,3040.0,0.0,2960.0,750.0,－－－－－－－－－－,10.0,0.0,0.0,20.0,0.0,0.0,-700.0,3040.0,yonden
2016,6,2016-06-23,05:00,2940.0,0.0,2950.0,690.0,－－－－－－－－－－,10.0,10.0,0.0,20.0,0.0,0.0,-740.0,2940.0,yonden
2016,6,2016-06-23,06:00,2840.0,0.0,2950.0,690.0,－－－－－－－－－－,10.0,30.0,0.0,30.0,0.0,0.0,-870.0,2840.0,yonden
2016,6,2016-06-23,07:00,2880.0,0.0,2980.0,670.0,－－－－－－－－－－,10.0,110.0,0.0,40.0,0.0,0.0,-930.0,2880.0,yonden
2016,6,2016-06-23,08:00,3330.0,0.0,3180.0,670.0,－－－－－－－－－－,10.0,340.0,0.0,30.0,0.0,0.0,-900.0,3330.0,yonden
2016,6,2016-06-23,09:00,3780.0,0.0,3300.0,730.0,－－－－－－－－－－,10.0,630.0,0.0,30.0,0.0,0.0,-920.0,3780.0,yonden
2016,6,2016-06-23,10:00,3820.0,0.0,3240.0,700.0,－－－－－－－－－－,10.0,790.0,0.0,30.0,0.0,0.0,-950.0,3820.0,yonden
2016,6,2016-06-23,11:00,3940.0,0.0,3190.0,720.0,－－－－－－－－－－,10.0,940.0,0.0,10.0,0.0,0.0,-930.0,3940.0,yonden
2016,6,2016-06-23,12:00,3860.0,0.0,3220.0,700.0,－－－－－－－－－－,10.0,1000.0,0.0,10.0,0.0,0.0,-1080.0,3860.0,yonden
2016,6,2016-06-23,13:00,4140.0,0.0,3360.0,700.0,－－－－－－－－－－,10.0,1040.0,0.0,0.0,0.0,0.0,-970.0,4140.0,yonden
2016,6,2016-06-23,14:00,4120.0,0.0,3490.0,690.0,－－－－－－－－－－,10.0,960.0,0.0,10.0,0.0,0.0,-1040.0,4120.0,yonden
2016,6,2016-06-23,15:00,4100.0,0.0,3650.0,700.0,－－－－－－－－－－,10.0,790.0,0.0,10.0,0.0,0.0,-1060.0,4100.0,yonden
2016,6,2016-06-23,16:00,4070.0,0.0,3590.0,730.0,－－－－－－－－－－,10.0,580.0,0.0,20.0,0.0,0.0,-860.0,4070.0,yonden
2016,6,2016-06-23,17:00,3910.0,0.0,3620.0,760.0,－－－－－－－－－－,10.0,290.0,0.0,30.0,0.0,0.0,-800.0,3910.0,yonden
2016,6,2016-06-23,18:00,3810.0,0.0,3720.0,740.0,－－－－－－－－－－,10.0,80.0,0.0,30.0,0.0,0.0,-770.0,3810.0,yonden
2016,6,2016-06-23,19:00,3700.0,0.0,3600.0,760.0,－－－－－－－－－－,10.0,0.0,0.0,30.0,0.0,0.0,-700.0,3700.0,yonden
2016,6,2016-06-23,20:00,3520.0,0.0,3430.0,730.0,－－－－－－－－－－,10.0,0.0,0.0,30.0,0.0,0.0,-680.0,3520.0,yonden
2016,6,2016-06-23,21:00,3270.0,0.0,3210.0,720.0,－－－－－－－－－－,10.0,0.0,0.0,30.0,0.0,0.0,-700.0,3270.0,yonden
2016,6,2016-06-23,22:00,3010.0,0.0,2970.0,720.0,－－－－－－－－－－,10.0,0.0,0.0,0.0,0.0,0.0,-690.0,3010.0,yonden
2016,6,2016-06-23,23:00,2830.0,0.0,2770.0,690.0,－－－－－－－－－－,10.0,0.0,0.0,0.0,0.0,0.0,-640.0,2830.0,yonden
2016,6,2016-06-24,00:00,2630.0,0.0,2730.0,710.0,－－－－－－－－－－,10.0,0.0,0.0,0.0,0.0,0.0,-820.0,2630.0,yonden
2016,6,2016-06-24,01:00,2560.0,0.0,2720.0,700.0,－－－－－－－－－－,10.0,0.0,0.0,0.0,0.0,0.0,-870.0,2560.0,yonden
2016,6,2016-06-24,02:00,2640.0,0.0,2640.0,750.0,－－－－－－－－－－,10.0,0.0,0.0,0.0,0.0,0.0,-760.0,2640.0,yonden
2016,6,2016-06-24,03:00,2830.0,0.0,2670.0,780.0,－－－－－－－－－－,10.0,0.0,0.0,0.0,0.0,0.0,-630.0,2830.0,yonden
2016,6,2016-06-24,04:00,2910.0,0.0,2670.0,780.0,－－－－－－－－－－,10.0,0.0,0.0,10.0,0.0,0.0,-560.0,2910.0,yonden
2016,6,2016-06-24,05:00,2850.0,0.0,2670.0,760.0,－－－－－－－－－－,10.0,20.0,0.0,30.0,0.0,0.0,-640.0,2850.0,yonden
2016,6,2016-06-24,06:00,2720.0,0.0,2680.0,690.0,－－－－－－－－－－,10.0,100.0,0.0,40.0,0.0,0.0,-800.0,2720.0,yonden
2016,6,2016-06-24,07:00,2840.0,0.0,2750.0,690.0,－－－－－－－－－－,10.0,210.0,0.0,50.0,0.0,0.0,-870.0,2840.0,yonden
2016,6,2016-06-24,08:00,3410.0,0.0,3240.0,740.0,－－－－－－－－－－,10.0,270.0,0.0,60.0,0.0,0.0,-910.0,3410.0,yonden
2016,6,2016-06-24,09:00,3810.0,0.0,3760.0,780.0,－－－－－－－－－－,10.0,200.0,0.0,70.0,0.0,0.0,-1010.0,3810.0,yonden
2016,6,2016-06-24,10:00,3820.0,0.0,3850.0,770.0,－－－－－－－－－－,10.0,140.0,0.0,60.0,0.0,0.0,-1010.0,3820.0,yonden
2016,6,2016-06-24,11:00,3810.0,0.0,3740.0,760.0,－－－－－－－－－－,10.0,180.0,0.0,60.0,0.0,0.0,-940.0,3810.0,yonden
2016,6,2016-06-24,12:00,3510.0,0.0,3270.0,710.0,－－－－－－－－－－,10.0,310.0,0.0,50.0,0.0,0.0,-840.0,3510.0,yonden
2016,6,2016-06-24,13:00,3800.0,0.0,3380.0,740.0,－－－－－－－－－－,10.0,390.0,0.0,50.0,0.0,0.0,-770.0,3800.0,yonden
2016,6,2016-06-24,14:00,3760.0,0.0,3350.0,750.0,－－－－－－－－－－,10.0,340.0,0.0,60.0,0.0,0.0,-750.0,3760.0,yonden
2016,6,2016-06-24,15:00,3790.0,0.0,3480.0,760.0,－－－－－－－－－－,10.0,200.0,0.0,70.0,0.0,0.0,-730.0,3790.0,yonden
2016,6,2016-06-24,16:00,3730.0,0.0,3450.0,770.0,－－－－－－－－－－,10.0,130.0,0.0,80.0,0.0,0.0,-710.0,3730.0,yonden
2016,6,2016-06-24,17:00,3620.0,0.0,3380.0,760.0,－－－－－－－－－－,10.0,90.0,0.0,80.0,0.0,0.0,-700.0,3620.0,yonden
2016,6,2016-06-24,18:00,3560.0,0.0,3350.0,760.0,－－－－－－－－－－,10.0,30.0,0.0,90.0,0.0,0.0,-680.0,3560.0,yonden
2016,6,2016-06-24,19:00,3490.0,0.0,3320.0,740.0,－－－－－－－－－－,10.0,0.0,0.0,80.0,0.0,60.0,-720.0,3490.0,yonden
2016,6,2016-06-24,20:00,3330.0,0.0,2970.0,750.0,－－－－－－－－－－,10.0,0.0,0.0,80.0,0.0,200.0,-680.0,3330.0,yonden
2016,6,2016-06-24,21:00,3120.0,0.0,2780.0,720.0,－－－－－－－－－－,10.0,0.0,0.0,80.0,0.0,190.0,-660.0,3120.0,yonden
2016,6,2016-06-24,22:00,2910.0,0.0,2720.0,750.0,－－－－－－－－－－,10.0,0.0,0.0,80.0,0.0,10.0,-660.0,2910.0,yonden
2016,6,2016-06-24,23:00,2790.0,0.0,2660.0,720.0,－－－－－－－－－－,10.0,0.0,0.0,50.0,0.0,0.0,-650.0,2790.0,yonden
2016,6,2016-06-25,00:00,2640.0,0.0,2600.0,730.0,－－－－－－－－－－,10.0,0.0,0.0,50.0,0.0,0.0,-750.0,2640.0,yonden
2016,6,2016-06-25,01:00,2560.0,0.0,2440.0,730.0,－－－－－－－－－－,10.0,0.0,0.0,50.0,0.0,0.0,-670.0,2560.0,yonden
2016,6,2016-06-25,02:00,2660.0,0.0,2550.0,760.0,－－－－－－－－－－,10.0,0.0,0.0,50.0,0.0,0.0,-710.0,2660.0,yonden
2016,6,2016-06-25,03:00,2810.0,0.0,2800.0,770.0,－－－－－－－－－－,10.0,0.0,0.0,30.0,0.0,0.0,-800.0,2810.0,yonden
2016,6,2016-06-25,04:00,2900.0,0.0,2800.0,790.0,－－－－－－－－－－,10.0,0.0,0.0,30.0,0.0,0.0,-730.0,2900.0,yonden
2016,6,2016-06-25,05:00,2800.0,0.0,2750.0,740.0,－－－－－－－－－－,10.0,10.0,0.0,20.0,0.0,0.0,-730.0,2800.0,yonden
2016,6,2016-06-25,06:00,2580.0,0.0,2720.0,730.0,－－－－－－－－－－,10.0,40.0,0.0,30.0,0.0,-250.0,-700.0,2580.0,yonden
2016,6,2016-06-25,07:00,2570.0,0.0,2770.0,710.0,－－－－－－－－－－,10.0,110.0,0.0,20.0,0.0,-300.0,-750.0,2570.0,yonden
2016,6,2016-06-25,08:00,2910.0,0.0,2810.0,740.0,－－－－－－－－－－,10.0,190.0,0.0,10.0,0.0,-150.0,-700.0,2910.0,yonden
2016,6,2016-06-25,09:00,3160.0,0.0,2920.0,770.0,－－－－－－－－－－,10.0,250.0,0.0,20.0,0.0,0.0,-810.0,3160.0,yonden
2016,6,2016-06-25,10:00,3280.0,0.0,2980.0,780.0,－－－－－－－－－－,10.0,260.0,0.0,20.0,0.0,0.0,-770.0,3280.0,yonden
2016,6,2016-06-25,11:00,3230.0,0.0,2870.0,770.0,－－－－－－－－－－,10.0,250.0,0.0,20.0,0.0,0.0,-690.0,3230.0,yonden
2016,6,2016-06-25,12:00,3130.0,0.0,2850.0,720.0,－－－－－－－－－－,10.0,240.0,0.0,20.0,0.0,0.0,-710.0,3130.0,yonden
2016,6,2016-06-25,13:00,3180.0,0.0,2840.0,770.0,－－－－－－－－－－,10.0,200.0,0.0,20.0,0.0,0.0,-660.0,3180.0,yonden
2016,6,2016-06-25,14:00,3100.0,0.0,2770.0,770.0,－－－－－－－－－－,10.0,180.0,0.0,20.0,0.0,0.0,-650.0,3100.0,yonden
2016,6,2016-06-25,15:00,3080.0,0.0,2810.0,750.0,－－－－－－－－－－,10.0,140.0,0.0,20.0,0.0,0.0,-650.0,3080.0,yonden
2016,6,2016-06-25,16:00,3080.0,0.0,2770.0,750.0,－－－－－－－－－－,10.0,80.0,0.0,20.0,0.0,60.0,-610.0,3080.0,yonden
2016,6,2016-06-25,17:00,3060.0,0.0,2670.0,750.0,－－－－－－－－－－,10.0,40.0,0.0,20.0,0.0,180.0,-610.0,3060.0,yonden
2016,6,2016-06-25,18:00,3080.0,0.0,2640.0,770.0,－－－－－－－－－－,10.0,20.0,0.0,10.0,0.0,310.0,-680.0,3080.0,yonden
2016,6,2016-06-25,19:00,3030.0,0.0,2630.0,770.0,－－－－－－－－－－,10.0,0.0,0.0,10.0,0.0,280.0,-670.0,3030.0,yonden
2016,6,2016-06-25,20:00,2860.0,0.0,2620.0,700.0,－－－－－－－－－－,10.0,0.0,0.0,10.0,0.0,190.0,-670.0,2860.0,yonden
2016,6,2016-06-25,21:00,2670.0,0.0,2540.0,720.0,－－－－－－－－－－,10.0,0.0,0.0,10.0,0.0,0.0,-610.0,2670.0,yonden
2016,6,2016-06-25,22:00,2490.0,0.0,2420.0,710.0,－－－－－－－－－－,10.0,0.0,0.0,10.0,0.0,0.0,-660.0,2490.0,yonden
2016,6,2016-06-25,23:00,2390.0,0.0,2390.0,720.0,－－－－－－－－－－,10.0,0.0,0.0,10.0,0.0,0.0,-740.0,2390.0,yonden
2016,6,2016-06-26,00:00,2270.0,0.0,2300.0,760.0,－－－－－－－－－－,10.0,0.0,0.0,10.0,0.0,0.0,-810.0,2270.0,yonden
2016,6,2016-06-26,01:00,2240.0,0.0,2310.0,730.0,－－－－－－－－－－,10.0,0.0,0.0,10.0,0.0,0.0,-820.0,2240.0,yonden
2016,6,2016-06-26,02:00,2380.0,0.0,2320.0,770.0,－－－－－－－－－－,10.0,0.0,0.0,10.0,0.0,0.0,-730.0,2380.0,yonden
2016,6,2016-06-26,03:00,2610.0,0.0,2450.0,790.0,－－－－－－－－－－,10.0,0.0,0.0,20.0,0.0,0.0,-660.0,2610.0,yonden
2016,6,2016-06-26,04:00,2710.0,0.0,2480.0,800.0,－－－－－－－－－－,10.0,0.0,0.0,20.0,0.0,0.0,-600.0,2710.0,yonden
2016,6,2016-06-26,05:00,2590.0,0.0,2560.0,750.0,－－－－－－－－－－,10.0,30.0,0.0,20.0,0.0,0.0,-780.0,2590.0,yonden
2016,6,2016-06-26,06:00,2290.0,0.0,2470.0,710.0,－－－－－－－－－－,10.0,170.0,0.0,20.0,0.0,0.0,-1090.0,2290.0,yonden
2016,6,2016-06-26,07:00,2160.0,0.0,2410.0,710.0,－－－－－－－－－－,10.0,450.0,0.0,10.0,0.0,-50.0,-1380.0,2160.0,yonden
2016,6,2016-06-26,08:00,2330.0,0.0,2530.0,780.0,－－－－－－－－－－,10.0,760.0,0.0,0.0,0.0,-300.0,-1450.0,2330.0,yonden
2016,6,2016-06-26,09:00,2520.0,0.0,2590.0,760.0,－－－－－－－－－－,10.0,980.0,0.0,0.0,0.0,-300.0,-1520.0,2520.0,yonden
2016,6,2016-06-26,10:00,2680.0,0.0,2630.0,760.0,－－－－－－－－－－,10.0,1150.0,0.0,10.0,0.0,-300.0,-1580.0,2680.0,yonden
2016,6,2016-06-26,11:00,2810.0,0.0,2600.0,770.0,－－－－－－－－－－,10.0,1280.0,0.0,10.0,0.0,-300.0,-1560.0,2810.0,yonden
2016,6,2016-06-26,12:00,2820.0,0.0,2470.0,770.0,－－－－－－－－－－,10.0,1300.0,0.0,10.0,0.0,-300.0,-1440.0,2820.0,yonden
2016,6,2016-06-26,13:00,2800.0,0.0,2360.0,700.0,－－－－－－－－－－,10.0,1260.0,0.0,0.0,0.0,0.0,-1530.0,2800.0,yonden
2016,6,2016-06-26,14:00,2780.0,0.0,2360.0,710.0,－－－－－－－－－－,10.0,1090.0,0.0,0.0,0.0,0.0,-1390.0,2780.0,yonden
2016,6,2016-06-26,15:00,2790.0,0.0,2330.0,710.0,－－－－－－－－－－,10.0,910.0,0.0,0.0,0.0,0.0,-1170.0,2790.0,yonden
2016,6,2016-06-26,16:00,2840.0,0.0,2340.0,740.0,－－－－－－－－－－,10.0,640.0,0.0,0.0,0.0,0.0,-890.0,2840.0,yonden
2016,6,2016-06-26,17:00,2960.0,0.0,2510.0,750.0,－－－－－－－－－－,10.0,350.0,0.0,0.0,0.0,0.0,-660.0,2960.0,yonden
2016,6,2016-06-26,18:00,3000.0,0.0,2630.0,780.0,－－－－－－－－－－,10.0,110.0,0.0,0.0,0.0,160.0,-690.0,3000.0,yonden
2016,6,2016-06-26,19:00,3010.0,0.0,2590.0,780.0,－－－－－－－－－－,10.0,0.0,0.0,0.0,0.0,310.0,-680.0,3010.0,yonden
2016,6,2016-06-26,20:00,2930.0,0.0,2590.0,770.0,－－－－－－－－－－,10.0,0.0,0.0,0.0,0.0,240.0,-680.0,2930.0,yonden
2016,6,2016-06-26,21:00,2760.0,0.0,2610.0,790.0,－－－－－－－－－－,10.0,0.0,0.0,0.0,0.0,20.0,-670.0,2760.0,yonden
2016,6,2016-06-26,22:00,2570.0,0.0,2570.0,770.0,－－－－－－－－－－,10.0,0.0,0.0,0.0,0.0,0.0,-780.0,2570.0,yonden
2016,6,2016-06-26,23:00,2450.0,0.0,2600.0,740.0,－－－－－－－－－－,10.0,0.0,0.0,0.0,0.0,0.0,-900.0,2450.0,yonden
2016,6,2016-06-27,00:00,2310.0,0.0,2610.0,740.0,－－－－－－－－－－,10.0,0.0,0.0,0.0,0.0,-300.0,-750.0,2310.0,yonden
2016,6,2016-06-27,01:00,2280.0,0.0,2510.0,750.0,－－－－－－－－－－,10.0,0.0,0.0,0.0,0.0,-300.0,-690.0,2280.0,yonden
2016,6,2016-06-27,02:00,2420.0,0.0,2530.0,740.0,－－－－－－－－－－,10.0,0.0,0.0,0.0,0.0,0.0,-860.0,2420.0,yonden
2016,6,2016-06-27,03:00,2640.0,0.0,2720.0,820.0,－－－－－－－－－－,10.0,0.0,0.0,0.0,0.0,0.0,-910.0,2640.0,yonden
2016,6,2016-06-27,04:00,2790.0,0.0,2830.0,830.0,－－－－－－－－－－,10.0,0.0,0.0,0.0,0.0,0.0,-880.0,2790.0,yonden
2016,6,2016-06-27,05:00,2730.0,0.0,2810.0,810.0,－－－－－－－－－－,10.0,40.0,0.0,0.0,0.0,0.0,-940.0,2730.0,yonden
2016,6,2016-06-27,06:00,2580.0,0.0,2580.0,680.0,－－－－－－－－－－,10.0,210.0,0.0,0.0,0.0,0.0,-900.0,2580.0,yonden
2016,6,2016-06-27,07:00,2610.0,0.0,2390.0,730.0,－－－－－－－－－－,10.0,470.0,0.0,0.0,0.0,0.0,-990.0,2610.0,yonden
2016,6,2016-06-27,08:00,3090.0,0.0,2660.0,790.0,－－－－－－－－－－,10.0,750.0,0.0,0.0,0.0,0.0,-1120.0,3090.0,yonden
2016,6,2016-06-27,09:00,3470.0,0.0,2740.0,800.0,－－－－－－－－－－,10.0,950.0,0.0,0.0,0.0,0.0,-1030.0,3470.0,yonden
2016,6,2016-06-27,10:00,3640.0,0.0,2890.0,780.0,－－－－－－－－－－,10.0,980.0,0.0,10.0,0.0,0.0,-1030.0,3640.0,yonden
2016,6,2016-06-27,11:00,3720.0,0.0,3150.0,790.0,－－－－－－－－－－,10.0,850.0,0.0,20.0,0.0,0.0,-1100.0,3720.0,yonden
2016,6,2016-06-27,12:00,3520.0,0.0,3220.0,750.0,－－－－－－－－－－,10.0,590.0,0.0,50.0,0.0,0.0,-1100.0,3520.0,yonden
2016,6,2016-06-27,13:00,3720.0,0.0,3600.0,770.0,－－－－－－－－－－,10.0,370.0,0.0,50.0,0.0,0.0,-1080.0,3720.0,yonden
2016,6,2016-06-27,14:00,3670.0,0.0,3580.0,790.0,－－－－－－－－－－,10.0,220.0,0.0,30.0,0.0,0.0,-960.0,3670.0,yonden
2016,6,2016-06-27,15:00,3630.0,0.0,3520.0,780.0,－－－－－－－－－－,10.0,140.0,0.0,20.0,0.0,20.0,-860.0,3630.0,yonden
2016,6,2016-06-27,16:00,3640.0,0.0,3300.0,770.0,－－－－－－－－－－,10.0,70.0,0.0,30.0,0.0,240.0,-780.0,3640.0,yonden
2016,6,2016-06-27,17:00,3510.0,0.0,3200.0,800.0,－－－－－－－－－－,10.0,30.0,0.0,30.0,0.0,300.0,-860.0,3510.0,yonden
2016,6,2016-06-27,18:00,3420.0,0.0,3080.0,810.0,－－－－－－－－－－,10.0,10.0,0.0,30.0,0.0,260.0,-780.0,3420.0,yonden
2016,6,2016-06-27,19:00,3300.0,0.0,3070.0,780.0,－－－－－－－－－－,10.0,0.0,0.0,20.0,0.0,140.0,-720.0,3300.0,yonden
2016,6,2016-06-27,20:00,3120.0,0.0,2970.0,820.0,－－－－－－－－－－,10.0,0.0,0.0,30.0,0.0,0.0,-710.0,3120.0,yonden
2016,6,2016-06-27,21:00,2910.0,0.0,2830.0,800.0,－－－－－－－－－－,10.0,0.0,0.0,30.0,0.0,0.0,-760.0,2910.0,yonden
2016,6,2016-06-27,22:00,2740.0,0.0,2780.0,760.0,－－－－－－－－－－,10.0,0.0,0.0,40.0,0.0,0.0,-850.0,2740.0,yonden
2016,6,2016-06-27,23:00,2640.0,0.0,2800.0,730.0,－－－－－－－－－－,10.0,0.0,0.0,50.0,0.0,0.0,-950.0,2640.0,yonden
2016,6,2016-06-28,00:00,2520.0,0.0,2900.0,810.0,－－－－－－－－－－,10.0,0.0,0.0,40.0,0.0,-290.0,-950.0,2520.0,yonden
2016,6,2016-06-28,01:00,2490.0,0.0,2920.0,800.0,－－－－－－－－－－,10.0,0.0,0.0,30.0,0.0,-300.0,-970.0,2490.0,yonden
2016,6,2016-06-28,02:00,2630.0,0.0,2950.0,810.0,－－－－－－－－－－,10.0,0.0,0.0,20.0,0.0,-300.0,-860.0,2630.0,yonden
2016,6,2016-06-28,03:00,2840.0,0.0,2970.0,800.0,－－－－－－－－－－,10.0,0.0,0.0,10.0,0.0,0.0,-950.0,2840.0,yonden
2016,6,2016-06-28,04:00,2970.0,0.0,3010.0,790.0,－－－－－－－－－－,10.0,0.0,0.0,10.0,0.0,0.0,-850.0,2970.0,yonden
2016,6,2016-06-28,05:00,2900.0,0.0,2990.0,780.0,－－－－－－－－－－,10.0,10.0,0.0,10.0,0.0,0.0,-900.0,2900.0,yonden
2016,6,2016-06-28,06:00,2790.0,0.0,3030.0,810.0,－－－－－－－－－－,10.0,30.0,0.0,10.0,0.0,-300.0,-800.0,2790.0,yonden
2016,6,2016-06-28,07:00,2810.0,0.0,3030.0,780.0,－－－－－－－－－－,10.0,70.0,0.0,10.0,0.0,-300.0,-790.0,2810.0,yonden
2016,6,2016-06-28,08:00,3200.0,0.0,3080.0,800.0,－－－－－－－－－－,10.0,120.0,0.0,10.0,0.0,0.0,-820.0,3200.0,yonden
2016,6,2016-06-28,09:00,3440.0,0.0,3360.0,820.0,－－－－－－－－－－,10.0,180.0,0.0,10.0,0.0,0.0,-940.0,3440.0,yonden
2016,6,2016-06-28,10:00,3460.0,0.0,3330.0,800.0,－－－－－－－－－－,10.0,270.0,0.0,0.0,0.0,0.0,-950.0,3460.0,yonden
2016,6,2016-06-28,11:00,3580.0,0.0,3400.0,780.0,－－－－－－－－－－,10.0,330.0,0.0,0.0,0.0,0.0,-940.0,3580.0,yonden
2016,6,2016-06-28,12:00,3320.0,0.0,3150.0,770.0,－－－－－－－－－－,10.0,310.0,0.0,0.0,0.0,0.0,-920.0,3320.0,yonden
2016,6,2016-06-28,13:00,3600.0,0.0,3260.0,810.0,－－－－－－－－－－,10.0,280.0,0.0,10.0,0.0,0.0,-770.0,3600.0,yonden
2016,6,2016-06-28,14:00,3630.0,0.0,3260.0,790.0,－－－－－－－－－－,10.0,180.0,0.0,10.0,0.0,130.0,-750.0,3630.0,yonden
2016,6,2016-06-28,15:00,3580.0,0.0,3230.0,800.0,－－－－－－－－－－,10.0,100.0,0.0,20.0,0.0,140.0,-720.0,3580.0,yonden
2016,6,2016-06-28,16:00,3580.0,0.0,3270.0,810.0,－－－－－－－－－－,10.0,60.0,0.0,10.0,0.0,160.0,-740.0,3580.0,yonden
2016,6,2016-06-28,17:00,3460.0,0.0,3180.0,810.0,－－－－－－－－－－,10.0,40.0,0.0,10.0,0.0,210.0,-800.0,3460.0,yonden
2016,6,2016-06-28,18:00,3400.0,0.0,3170.0,800.0,－－－－－－－－－－,0.0,10.0,0.0,10.0,0.0,190.0,-780.0,3400.0,yonden
2016,6,2016-06-28,19:00,3290.0,0.0,3110.0,790.0,－－－－－－－－－－,10.0,0.0,0.0,10.0,0.0,120.0,-750.0,3290.0,yonden
2016,6,2016-06-28,20:00,3110.0,0.0,3020.0,790.0,－－－－－－－－－－,10.0,0.0,0.0,0.0,0.0,0.0,-710.0,3110.0,yonden
2016,6,2016-06-28,21:00,2910.0,0.0,2790.0,800.0,－－－－－－－－－－,0.0,0.0,0.0,10.0,0.0,0.0,-690.0,2910.0,yonden
2016,6,2016-06-28,22:00,2770.0,0.0,2770.0,800.0,－－－－－－－－－－,10.0,0.0,0.0,10.0,0.0,0.0,-820.0,2770.0,yonden
2016,6,2016-06-28,23:00,2680.0,0.0,2910.0,780.0,－－－－－－－－－－,10.0,0.0,0.0,10.0,0.0,0.0,-1030.0,2680.0,yonden
2016,6,2016-06-29,00:00,2530.0,0.0,2980.0,810.0,－－－－－－－－－－,10.0,0.0,0.0,10.0,0.0,-280.0,-1000.0,2530.0,yonden
2016,6,2016-06-29,01:00,2490.0,0.0,2920.0,780.0,－－－－－－－－－－,10.0,0.0,0.0,10.0,0.0,-300.0,-930.0,2490.0,yonden
2016,6,2016-06-29,02:00,2630.0,0.0,2980.0,820.0,－－－－－－－－－－,10.0,0.0,0.0,10.0,0.0,-300.0,-890.0,2630.0,yonden
2016,6,2016-06-29,03:00,2860.0,0.0,3000.0,800.0,－－－－－－－－－－,10.0,0.0,0.0,10.0,0.0,0.0,-960.0,2860.0,yonden
2016,6,2016-06-29,04:00,2970.0,0.0,3030.0,800.0,－－－－－－－－－－,10.0,0.0,0.0,10.0,0.0,0.0,-880.0,2970.0,yonden
2016,6,2016-06-29,05:00,2910.0,0.0,3010.0,780.0,－－－－－－－－－－,10.0,20.0,0.0,0.0,0.0,0.0,-910.0,2910.0,yonden
2016,6,2016-06-29,06:00,2770.0,0.0,3030.0,830.0,－－－－－－－－－－,10.0,60.0,0.0,20.0,0.0,-300.0,-880.0,2770.0,yonden
2016,6,2016-06-29,07:00,2800.0,0.0,2970.0,830.0,－－－－－－－－－－,10.0,130.0,0.0,40.0,0.0,-300.0,-880.0,2800.0,yonden
2016,6,2016-06-29,08:00,3220.0,0.0,3190.0,800.0,－－－－－－－－－－,10.0,210.0,0.0,50.0,0.0,0.0,-1040.0,3220.0,yonden
2016,6,2016-06-29,09:00,3530.0,0.0,3380.0,820.0,－－－－－－－－－－,10.0,320.0,0.0,40.0,0.0,0.0,-1040.0,3530.0,yonden
2016,6,2016-06-29,10:00,3650.0,0.0,3440.0,800.0,－－－－－－－－－－,10.0,260.0,0.0,40.0,0.0,180.0,-1080.0,3650.0,yonden
2016,6,2016-06-29,11:00,3730.0,0.0,3530.0,790.0,－－－－－－－－－－,10.0,200.0,0.0,70.0,0.0,210.0,-1080.0,3730.0,yonden
2016,6,2016-06-29,12:00,3510.0,0.0,3610.0,780.0,－－－－－－－－－－,10.0,130.0,0.0,40.0,0.0,150.0,-1210.0,3510.0,yonden
2016,6,2016-06-29,13:00,3700.0,0.0,3810.0,790.0,－－－－－－－－－－,10.0,80.0,0.0,40.0,0.0,0.0,-1030.0,3700.0,yonden
2016,6,2016-06-29,14:00,3670.0,0.0,3790.0,780.0,－－－－－－－－－－,10.0,80.0,0.0,60.0,0.0,0.0,-1050.0,3670.0,yonden
2016,6,2016-06-29,15:00,3540.0,0.0,3480.0,760.0,－－－－－－－－－－,10.0,170.0,0.0,60.0,0.0,0.0,-940.0,3540.0,yonden
2016,6,2016-06-29,16:00,3580.0,0.0,3430.0,760.0,－－－－－－－－－－,10.0,170.0,0.0,50.0,0.0,30.0,-870.0,3580.0,yonden
2016,6,2016-06-29,17:00,3460.0,0.0,3180.0,740.0,－－－－－－－－－－,0.0,90.0,0.0,30.0,0.0,240.0,-820.0,3460.0,yonden
2016,6,2016-06-29,18:00,3400.0,0.0,3230.0,760.0,－－－－－－－－－－,0.0,30.0,0.0,30.0,0.0,140.0,-790.0,3400.0,yonden
2016,6,2016-06-29,19:00,3330.0,0.0,3210.0,740.0,－－－－－－－－－－,10.0,0.0,0.0,30.0,0.0,40.0,-700.0,3330.0,yonden
2016,6,2016-06-29,20:00,3180.0,0.0,3140.0,750.0,－－－－－－－－－－,10.0,0.0,0.0,40.0,0.0,0.0,-760.0,3180.0,yonden
2016,6,2016-06-29,21:00,2980.0,0.0,3070.0,760.0,－－－－－－－－－－,10.0,0.0,0.0,40.0,0.0,0.0,-900.0,2980.0,yonden
2016,6,2016-06-29,22:00,2760.0,0.0,2980.0,740.0,－－－－－－－－－－,10.0,0.0,0.0,30.0,0.0,0.0,-1000.0,2760.0,yonden
2016,6,2016-06-29,23:00,2630.0,0.0,2990.0,720.0,－－－－－－－－－－,10.0,0.0,0.0,10.0,0.0,0.0,-1100.0,2630.0,yonden
2016,6,2016-06-30,00:00,2520.0,0.0,3070.0,770.0,－－－－－－－－－－,10.0,0.0,0.0,0.0,0.0,-300.0,-1030.0,2520.0,yonden
2016,6,2016-06-30,01:00,2520.0,0.0,3050.0,750.0,－－－－－－－－－－,10.0,0.0,0.0,0.0,0.0,-300.0,-990.0,2520.0,yonden
2016,6,2016-06-30,02:00,2650.0,0.0,3130.0,750.0,－－－－－－－－－－,10.0,0.0,0.0,0.0,0.0,-300.0,-940.0,2650.0,yonden
2016,6,2016-06-30,03:00,2870.0,0.0,3100.0,780.0,－－－－－－－－－－,10.0,0.0,0.0,0.0,0.0,0.0,-1020.0,2870.0,yonden
2016,6,2016-06-30,04:00,2960.0,0.0,3100.0,780.0,－－－－－－－－－－,10.0,0.0,0.0,0.0,0.0,0.0,-930.0,2960.0,yonden
2016,6,2016-06-30,05:00,2880.0,0.0,3050.0,740.0,－－－－－－－－－－,10.0,20.0,0.0,0.0,0.0,0.0,-940.0,2880.0,yonden
2016,6,2016-06-30,06:00,2770.0,0.0,3100.0,770.0,－－－－－－－－－－,10.0,100.0,0.0,0.0,0.0,-300.0,-910.0,2770.0,yonden
2016,6,2016-06-30,07:00,2840.0,0.0,3160.0,780.0,－－－－－－－－－－,10.0,170.0,0.0,10.0,0.0,-300.0,-990.0,2840.0,yonden
2016,6,2016-06-30,08:00,3310.0,0.0,3350.0,750.0,－－－－－－－－－－,0.0,200.0,0.0,0.0,0.0,-30.0,-960.0,3310.0,yonden
2016,6,2016-06-30,09:00,3500.0,0.0,3430.0,750.0,－－－－－－－－－－,10.0,230.0,0.0,0.0,0.0,120.0,-1040.0,3500.0,yonden
2016,6,2016-06-30,10:00,3570.0,0.0,3530.0,760.0,－－－－－－－－－－,10.0,360.0,0.0,0.0,0.0,30.0,-1120.0,3570.0,yonden
2016,6,2016-06-30,11:00,3710.0,0.0,3620.0,770.0,－－－－－－－－－－,10.0,440.0,0.0,0.0,0.0,0.0,-1130.0,3710.0,yonden
2016,6,2016-06-30,12:00,3560.0,0.0,3620.0,720.0,－－－－－－－－－－,10.0,370.0,0.0,0.0,0.0,0.0,-1160.0,3560.0,yonden
2016,6,2016-06-30,13:00,3700.0,0.0,3650.0,740.0,－－－－－－－－－－,10.0,290.0,0.0,0.0,0.0,0.0,-990.0,3700.0,yonden
2016,6,2016-06-30,14:00,3630.0,0.0,3490.0,790.0,－－－－－－－－－－,10.0,300.0,0.0,0.0,0.0,0.0,-960.0,3630.0,yonden
2016,6,2016-06-30,15:00,3610.0,0.0,3350.0,800.0,－－－－－－－－－－,10.0,340.0,0.0,0.0,0.0,0.0,-890.0,3610.0,yonden
2016,6,2016-06-30,16:00,3620.0,0.0,3320.0,770.0,－－－－－－－－－－,0.0,270.0,0.0,0.0,0.0,0.0,-740.0,3620.0,yonden
2016,6,2016-06-30,17:00,3500.0,0.0,3130.0,790.0,－－－－－－－－－－,10.0,180.0,0.0,0.0,0.0,130.0,-740.0,3500.0,yonden
2016,6,2016-06-30,18:00,3490.0,0.0,3100.0,830.0,－－－－－－－－－－,10.0,70.0,0.0,0.0,0.0,300.0,-820.0,3490.0,yonden
2016,6,2016-06-30,19:00,3430.0,0.0,3140.0,820.0,－－－－－－－－－－,10.0,0.0,0.0,0.0,0.0,290.0,-830.0,3430.0,yonden
2016,6,2016-06-30,20:00,3270.0,0.0,3050.0,780.0,－－－－－－－－－－,10.0,0.0,0.0,10.0,0.0,160.0,-740.0,3270.0,yonden
2016,6,2016-06-30,21:00,3050.0,0.0,2890.0,830.0,－－－－－－－－－－,10.0,0.0,0.0,10.0,0.0,0.0,-690.0,3050.0,yonden
2016,6,2016-06-30,22:00,2850.0,0.0,2780.0,810.0,－－－－－－－－－－,10.0,0.0,0.0,10.0,0.0,0.0,-760.0,2850.0,yonden
2016,6,2016-06-30,23:00,2710.0,0.0,2770.0,800.0,－－－－－－－－－－,10.0,0.0,0.0,0.0,0.0,0.0,-870.0,2710.0,yonden
2016,7,2016-07-01,00:00,2530.0,0.0,2720.0,780.0,－－－－－－－－－－,10.0,0.0,0.0,0.0,0.0,-150.0,-830.0,2530.0,yonden
2016,7,2016-07-01,01:00,2520.0,0.0,2750.0,790.0,－－－－－－－－－－,10.0,0.0,0.0,10.0,0.0,-300.0,-740.0,2520.0,yonden
2016,7,2016-07-01,02:00,2660.0,0.0,2780.0,810.0,－－－－－－－－－－,10.0,0.0,0.0,10.0,0.0,-150.0,-800.0,2660.0,yonden
2016,7,2016-07-01,03:00,2860.0,0.0,2780.0,800.0,－－－－－－－－－－,10.0,0.0,0.0,10.0,0.0,0.0,-740.0,2860.0,yonden
2016,7,2016-07-01,04:00,2960.0,0.0,2810.0,810.0,－－－－－－－－－－,10.0,0.0,0.0,10.0,0.0,0.0,-680.0,2960.0,yonden
2016,7,2016-07-01,05:00,2900.0,0.0,2800.0,800.0,－－－－－－－－－－,10.0,40.0,0.0,0.0,0.0,0.0,-750.0,2900.0,yonden
2016,7,2016-07-01,06:00,2740.0,0.0,2700.0,750.0,－－－－－－－－－－,10.0,170.0,0.0,0.0,0.0,0.0,-890.0,2740.0,yonden
2016,7,2016-07-01,07:00,2740.0,0.0,2640.0,790.0,－－－－－－－－－－,10.0,410.0,0.0,0.0,0.0,-300.0,-810.0,2740.0,yonden
2016,7,2016-07-01,08:00,3190.0,0.0,2780.0,810.0,－－－－－－－－－－,10.0,700.0,0.0,0.0,0.0,-300.0,-810.0,3190.0,yonden
2016,7,2016-07-01,09:00,3590.0,0.0,2790.0,780.0,－－－－－－－－－－,10.0,960.0,0.0,0.0,0.0,-50.0,-900.0,3590.0,yonden
2016,7,2016-07-01,10:00,3810.0,0.0,2930.0,810.0,－－－－－－－－－－,10.0,1110.0,0.0,0.0,0.0,0.0,-1050.0,3810.0,yonden
2016,7,2016-07-01,11:00,3920.0,0.0,3120.0,820.0,－－－－－－－－－－,10.0,1160.0,0.0,10.0,0.0,0.0,-1200.0,3920.0,yonden
2016,7,2016-07-01,12:00,3760.0,0.0,3060.0,780.0,－－－－－－－－－－,10.0,1170.0,0.0,10.0,0.0,0.0,-1270.0,3760.0,yonden
2016,7,2016-07-01,13:00,3980.0,0.0,3210.0,770.0,－－－－－－－－－－,10.0,1140.0,0.0,20.0,0.0,0.0,-1170.0,3980.0,yonden
2016,7,2016-07-01,14:00,4100.0,0.0,3280.0,790.0,－－－－－－－－－－,10.0,1010.0,0.0,40.0,0.0,0.0,-1030.0,4100.0,yonden
2016,7,2016-07-01,15:00,4120.0,0.0,3410.0,760.0,－－－－－－－－－－,10.0,730.0,0.0,50.0,0.0,60.0,-900.0,4120.0,yonden
2016,7,2016-07-01,16:00,4010.0,0.0,3460.0,780.0,－－－－－－－－－－,10.0,420.0,0.0,60.0,0.0,140.0,-860.0,4010.0,yonden
2016,7,2016-07-01,17:00,3830.0,0.0,3300.0,750.0,－－－－－－－－－－,10.0,230.0,0.0,70.0,0.0,170.0,-700.0,3830.0,yonden
2016,7,2016-07-01,18:00,3700.0,0.0,3110.0,790.0,－－－－－－－－－－,10.0,70.0,0.0,60.0,0.0,290.0,-630.0,3700.0,yonden
2016,7,2016-07-01,19:00,3630.0,0.0,3210.0,750.0,－－－－－－－－－－,10.0,0.0,0.0,70.0,0.0,260.0,-670.0,3630.0,yonden
2016,7,2016-07-01,20:00,3470.0,0.0,3300.0,700.0,－－－－－－－－－－,10.0,0.0,0.0,70.0,0.0,10.0,-620.0,3470.0,yonden
2016,7,2016-07-01,21:00,3220.0,0.0,3090.0,710.0,－－－－－－－－－－,10.0,0.0,0.0,70.0,0.0,0.0,-660.0,3220.0,yonden
2016,7,2016-07-01,22:00,2980.0,0.0,2840.0,710.0,－－－－－－－－－－,10.0,0.0,0.0,80.0,0.0,0.0,-660.0,2980.0,yonden
2016,7,2016-07-01,23:00,2820.0,0.0,2800.0,710.0,－－－－－－－－－－,10.0,0.0,0.0,70.0,0.0,0.0,-770.0,2820.0,yonden
2016,7,2016-07-02,00:00,2640.0,0.0,2680.0,700.0,－－－－－－－－－－,10.0,0.0,0.0,70.0,0.0,0.0,-820.0,2640.0,yonden
2016,7,2016-07-02,01:00,2610.0,0.0,2690.0,700.0,－－－－－－－－－－,10.0,0.0,0.0,70.0,0.0,0.0,-860.0,2610.0,yonden
2016,7,2016-07-02,02:00,2720.0,0.0,2700.0,690.0,－－－－－－－－－－,10.0,0.0,0.0,80.0,0.0,0.0,-760.0,2720.0,yonden
2016,7,2016-07-02,03:00,2870.0,0.0,2680.0,740.0,－－－－－－－－－－,10.0,0.0,0.0,80.0,0.0,0.0,-640.0,2870.0,yonden
2016,7,2016-07-02,04:00,2960.0,0.0,2650.0,750.0,－－－－－－－－－－,10.0,0.0,0.0,90.0,0.0,0.0,-540.0,2960.0,yonden
2016,7,2016-07-02,05:00,2840.0,0.0,2680.0,720.0,－－－－－－－－－－,10.0,30.0,0.0,90.0,0.0,0.0,-690.0,2840.0,yonden
2016,7,2016-07-02,06:00,2660.0,0.0,2620.0,670.0,－－－－－－－－－－,10.0,160.0,0.0,90.0,0.0,0.0,-890.0,2660.0,yonden
2016,7,2016-07-02,07:00,2650.0,0.0,2640.0,710.0,－－－－－－－－－－,10.0,370.0,0.0,80.0,0.0,-300.0,-860.0,2650.0,yonden
2016,7,2016-07-02,08:00,3040.0,0.0,2760.0,730.0,－－－－－－－－－－,0.0,620.0,0.0,80.0,0.0,-300.0,-850.0,3040.0,yonden
2016,7,2016-07-02,09:00,3430.0,0.0,2820.0,730.0,－－－－－－－－－－,10.0,880.0,0.0,90.0,0.0,-300.0,-800.0,3430.0,yonden
2016,7,2016-07-02,10:00,3600.0,0.0,2780.0,670.0,－－－－－－－－－－,10.0,1050.0,0.0,80.0,0.0,-170.0,-820.0,3600.0,yonden
2016,7,2016-07-02,11:00,3730.0,0.0,2690.0,630.0,－－－－－－－－－－,10.0,1160.0,0.0,80.0,0.0,0.0,-840.0,3730.0,yonden
2016,7,2016-07-02,12:00,3700.0,0.0,2680.0,670.0,－－－－－－－－－－,10.0,1150.0,0.0,80.0,0.0,0.0,-890.0,3700.0,yonden
2016,7,2016-07-02,13:00,3850.0,0.0,2920.0,720.0,－－－－－－－－－－,10.0,1010.0,0.0,70.0,0.0,0.0,-880.0,3850.0,yonden
2016,7,2016-07-02,14:00,3860.0,0.0,3010.0,700.0,－－－－－－－－－－,10.0,820.0,0.0,70.0,0.0,0.0,-750.0,3860.0,yonden
2016,7,2016-07-02,15:00,3780.0,0.0,3000.0,650.0,－－－－－－－－－－,10.0,630.0,0.0,70.0,0.0,0.0,-580.0,3780.0,yonden
2016,7,2016-07-02,16:00,3820.0,0.0,3100.0,720.0,－－－－－－－－－－,10.0,470.0,0.0,60.0,0.0,0.0,-540.0,3820.0,yonden
2016,7,2016-07-02,17:00,3740.0,0.0,3060.0,770.0,－－－－－－－－－－,10.0,280.0,0.0,70.0,0.0,110.0,-560.0,3740.0,yonden
2016,7,2016-07-02,18:00,3700.0,0.0,3000.0,790.0,－－－－－－－－－－,10.0,90.0,0.0,60.0,0.0,180.0,-430.0,3700.0,yonden
2016,7,2016-07-02,19:00,3650.0,0.0,3160.0,780.0,－－－－－－－－－－,10.0,0.0,0.0,60.0,0.0,60.0,-420.0,3650.0,yonden
2016,7,2016-07-02,20:00,3530.0,0.0,3330.0,750.0,－－－－－－－－－－,10.0,0.0,0.0,60.0,0.0,0.0,-620.0,3530.0,yonden
2016,7,2016-07-02,21:00,3290.0,0.0,3220.0,660.0,－－－－－－－－－－,10.0,0.0,0.0,50.0,0.0,0.0,-650.0,3290.0,yonden
2016,7,2016-07-02,22:00,3040.0,0.0,3030.0,690.0,－－－－－－－－－－,0.0,0.0,0.0,50.0,0.0,0.0,-730.0,3040.0,yonden
2016,7,2016-07-02,23:00,2860.0,0.0,2890.0,700.0,－－－－－－－－－－,10.0,0.0,0.0,40.0,0.0,0.0,-780.0,2860.0,yonden
2016,7,2016-07-03,00:00,2650.0,0.0,2720.0,690.0,－－－－－－－－－－,10.0,0.0,0.0,50.0,0.0,0.0,-820.0,2650.0,yonden
2016,7,2016-07-03,01:00,2550.0,0.0,2660.0,660.0,－－－－－－－－－－,10.0,0.0,0.0,60.0,0.0,0.0,-840.0,2550.0,yonden
2016,7,2016-07-03,02:00,2620.0,0.0,2670.0,700.0,－－－－－－－－－－,10.0,0.0,0.0,50.0,0.0,0.0,-810.0,2620.0,yonden
2016,7,2016-07-03,03:00,2770.0,0.0,2670.0,760.0,－－－－－－－－－－,10.0,0.0,0.0,50.0,0.0,0.0,-720.0,2770.0,yonden
2016,7,2016-07-03,04:00,2840.0,0.0,2670.0,760.0,－－－－－－－－－－,10.0,0.0,0.0,40.0,0.0,0.0,-640.0,2840.0,yonden
2016,7,2016-07-03,05:00,2770.0,0.0,2730.0,740.0,－－－－－－－－－－,10.0,30.0,0.0,30.0,0.0,0.0,-770.0,2770.0,yonden
2016,7,2016-07-03,06:00,2600.0,0.0,2670.0,650.0,－－－－－－－－－－,10.0,160.0,0.0,30.0,0.0,0.0,-920.0,2600.0,yonden
2016,7,2016-07-03,07:00,2600.0,0.0,2560.0,630.0,－－－－－－－－－－,10.0,380.0,0.0,30.0,0.0,0.0,-1010.0,2600.0,yonden
2016,7,2016-07-03,08:00,2860.0,0.0,2660.0,660.0,－－－－－－－－－－,10.0,600.0,0.0,20.0,0.0,0.0,-1090.0,2860.0,yonden
2016,7,2016-07-03,09:00,3160.0,0.0,2780.0,650.0,－－－－－－－－－－,10.0,830.0,0.0,20.0,0.0,0.0,-1130.0,3160.0,yonden
2016,7,2016-07-03,10:00,3370.0,0.0,2850.0,650.0,－－－－－－－－－－,10.0,1020.0,0.0,20.0,0.0,0.0,-1180.0,3370.0,yonden
2016,7,2016-07-03,11:00,3540.0,0.0,2860.0,650.0,－－－－－－－－－－,10.0,1210.0,0.0,30.0,0.0,0.0,-1220.0,3540.0,yonden
2016,7,2016-07-03,12:00,3560.0,0.0,2810.0,630.0,－－－－－－－－－－,10.0,1210.0,0.0,30.0,0.0,0.0,-1130.0,3560.0,yonden
2016,7,2016-07-03,13:00,3570.0,0.0,2790.0,650.0,－－－－－－－－－－,10.0,1130.0,0.0,30.0,0.0,0.0,-1040.0,3570.0,yonden
2016,7,2016-07-03,14:00,3590.0,0.0,2930.0,650.0,－－－－－－－－－－,10.0,990.0,0.0,40.0,0.0,0.0,-1030.0,3590.0,yonden
2016,7,2016-07-03,15:00,3650.0,0.0,3030.0,650.0,－－－－－－－－－－,10.0,810.0,0.0,40.0,0.0,0.0,-890.0,3650.0,yonden
2016,7,2016-07-03,16:00,3660.0,0.0,3100.0,740.0,－－－－－－－－－－,10.0,550.0,0.0,30.0,0.0,0.0,-770.0,3660.0,yonden
2016,7,2016-07-03,17:00,3750.0,0.0,3290.0,770.0,－－－－－－－－－－,10.0,290.0,0.0,20.0,0.0,0.0,-630.0,3750.0,yonden
2016,7,2016-07-03,18:00,3750.0,0.0,3360.0,820.0,－－－－－－－－－－,10.0,80.0,0.0,10.0,0.0,0.0,-530.0,3750.0,yonden
2016,7,2016-07-03,19:00,3670.0,0.0,3370.0,800.0,－－－－－－－－－－,10.0,0.0,0.0,0.0,0.0,0.0,-510.0,3670.0,yonden
2016,7,2016-07-03,20:00,3540.0,0.0,3290.0,810.0,－－－－－－－－－－,10.0,0.0,0.0,0.0,0.0,0.0,-570.0,3540.0,yonden
2016,7,2016-07-03,21:00,3310.0,0.0,3160.0,740.0,－－－－－－－－－－,10.0,0.0,0.0,0.0,0.0,0.0,-600.0,3310.0,yonden
2016,7,2016-07-03,22:00,3050.0,0.0,3010.0,670.0,－－－－－－－－－－,10.0,0.0,0.0,0.0,0.0,0.0,-640.0,3050.0,yonden
2016,7,2016-07-03,23:00,2830.0,0.0,2680.0,660.0,－－－－－－－－－－,10.0,0.0,0.0,0.0,0.0,0.0,-520.0,2830.0,yonden
2016,7,2016-07-04,00:00,2630.0,0.0,2620.0,630.0,－－－－－－－－－－,10.0,0.0,0.0,10.0,0.0,0.0,-640.0,2630.0,yonden
2016,7,2016-07-04,01:00,2540.0,0.0,2640.0,640.0,－－－－－－－－－－,10.0,0.0,0.0,10.0,0.0,0.0,-760.0,2540.0,yonden
2016,7,2016-07-04,02:00,2600.0,0.0,2710.0,710.0,－－－－－－－－－－,10.0,0.0,0.0,0.0,0.0,0.0,-830.0,2600.0,yonden
2016,7,2016-07-04,03:00,2750.0,0.0,2820.0,750.0,－－－－－－－－－－,10.0,0.0,0.0,0.0,0.0,0.0,-830.0,2750.0,yonden
2016,7,2016-07-04,04:00,2880.0,0.0,2810.0,770.0,－－－－－－－－－－,10.0,0.0,0.0,10.0,0.0,0.0,-720.0,2880.0,yonden
2016,7,2016-07-04,05:00,2870.0,0.0,2770.0,730.0,－－－－－－－－－－,10.0,40.0,0.0,20.0,0.0,0.0,-700.0,2870.0,yonden
2016,7,2016-07-04,06:00,2870.0,0.0,2680.0,630.0,－－－－－－－－－－,10.0,180.0,0.0,20.0,0.0,0.0,-650.0,2870.0,yonden
2016,7,2016-07-04,07:00,3100.0,0.0,2720.0,620.0,－－－－－－－－－－,10.0,430.0,0.0,30.0,0.0,0.0,-710.0,3100.0,yonden
2016,7,2016-07-04,08:00,3770.0,0.0,3010.0,700.0,－－－－－－－－－－,10.0,700.0,0.0,30.0,0.0,0.0,-680.0,3770.0,yonden
2016,7,2016-07-04,09:00,4200.0,0.0,3270.0,750.0,－－－－－－－－－－,0.0,930.0,0.0,20.0,0.0,0.0,-770.0,4200.0,yonden
2016,7,2016-07-04,10:00,4390.0,0.0,3270.0,790.0,－－－－－－－－－－,10.0,1100.0,0.0,20.0,0.0,0.0,-800.0,4390.0,yonden
2016,7,2016-07-04,11:00,4610.0,0.0,3330.0,810.0,－－－－－－－－－－,10.0,1240.0,0.0,20.0,0.0,0.0,-800.0,4610.0,yonden
2016,7,2016-07-04,12:00,4450.0,0.0,3370.0,700.0,－－－－－－－－－－,10.0,1190.0,0.0,20.0,0.0,0.0,-840.0,4450.0,yonden
2016,7,2016-07-04,13:00,4730.0,0.0,3650.0,700.0,－－－－－－－－－－,10.0,1120.0,0.0,10.0,0.0,0.0,-760.0,4730.0,yonden
2016,7,2016-07-04,14:00,4830.0,0.0,3650.0,730.0,－－－－－－－－－－,10.0,950.0,0.0,20.0,0.0,120.0,-650.0,4830.0,yonden
2016,7,2016-07-04,15:00,4650.0,0.0,3770.0,730.0,－－－－－－－－－－,10.0,690.0,0.0,30.0,0.0,180.0,-760.0,4650.0,yonden
2016,7,2016-07-04,16:00,4660.0,0.0,3790.0,790.0,－－－－－－－－－－,10.0,540.0,0.0,30.0,0.0,190.0,-690.0,4660.0,yonden
2016,7,2016-07-04,17:00,4560.0,0.0,3780.0,790.0,－－－－－－－－－－,10.0,310.0,0.0,40.0,0.0,280.0,-650.0,4560.0,yonden
2016,7,2016-07-04,18:00,4400.0,0.0,3800.0,780.0,－－－－－－－－－－,10.0,90.0,0.0,40.0,0.0,180.0,-500.0,4400.0,yonden
2016,7,2016-07-04,19:00,4230.0,0.0,3780.0,720.0,－－－－－－－－－－,10.0,0.0,0.0,30.0,0.0,140.0,-450.0,4230.0,yonden
2016,7,2016-07-04,20:00,4030.0,0.0,3820.0,700.0,－－－－－－－－－－,10.0,0.0,0.0,30.0,0.0,20.0,-550.0,4030.0,yonden
2016,7,2016-07-04,21:00,3700.0,0.0,3600.0,660.0,－－－－－－－－－－,10.0,0.0,0.0,30.0,0.0,0.0,-600.0,3700.0,yonden
2016,7,2016-07-04,22:00,3440.0,0.0,3340.0,620.0,－－－－－－－－－－,10.0,0.0,0.0,30.0,0.0,0.0,-560.0,3440.0,yonden
2016,7,2016-07-04,23:00,3230.0,0.0,3220.0,610.0,－－－－－－－－－－,10.0,0.0,0.0,20.0,0.0,0.0,-630.0,3230.0,yonden
2016,7,2016-07-05,00:00,2960.0,0.0,3190.0,660.0,－－－－－－－－－－,10.0,0.0,0.0,10.0,0.0,-200.0,-710.0,2960.0,yonden
2016,7,2016-07-05,01:00,2840.0,0.0,3090.0,690.0,－－－－－－－－－－,10.0,0.0,0.0,10.0,0.0,-300.0,-660.0,2840.0,yonden
2016,7,2016-07-05,02:00,2880.0,0.0,3190.0,700.0,－－－－－－－－－－,10.0,0.0,0.0,10.0,0.0,-300.0,-730.0,2880.0,yonden
2016,7,2016-07-05,03:00,3000.0,0.0,3110.0,670.0,－－－－－－－－－－,10.0,0.0,0.0,10.0,0.0,-60.0,-740.0,3000.0,yonden
2016,7,2016-07-05,04:00,3090.0,0.0,3060.0,670.0,－－－－－－－－－－,10.0,0.0,0.0,10.0,0.0,0.0,-660.0,3090.0,yonden
2016,7,2016-07-05,05:00,3070.0,0.0,3100.0,620.0,－－－－－－－－－－,10.0,30.0,0.0,10.0,0.0,0.0,-700.0,3070.0,yonden
2016,7,2016-07-05,06:00,3050.0,0.0,3110.0,630.0,－－－－－－－－－－,10.0,170.0,0.0,10.0,0.0,-150.0,-730.0,3050.0,yonden
2016,7,2016-07-05,07:00,3230.0,0.0,3190.0,600.0,－－－－－－－－－－,10.0,410.0,0.0,10.0,0.0,-300.0,-690.0,3230.0,yonden
2016,7,2016-07-05,08:00,3870.0,0.0,3590.0,600.0,－－－－－－－－－－,0.0,690.0,0.0,10.0,0.0,-150.0,-870.0,3870.0,yonden
2016,7,2016-07-05,09:00,4270.0,0.0,3540.0,710.0,－－－－－－－－－－,10.0,940.0,0.0,10.0,0.0,0.0,-940.0,4270.0,yonden
2016,7,2016-07-05,10:00,4430.0,0.0,3500.0,700.0,－－－－－－－－－－,10.0,1120.0,0.0,10.0,0.0,0.0,-910.0,4430.0,yonden
2016,7,2016-07-05,11:00,4580.0,0.0,3450.0,720.0,－－－－－－－－－－,10.0,1240.0,0.0,20.0,0.0,0.0,-860.0,4580.0,yonden
2016,7,2016-07-05,12:00,4480.0,0.0,3540.0,610.0,－－－－－－－－－－,10.0,1260.0,0.0,30.0,0.0,0.0,-970.0,4480.0,yonden
2016,7,2016-07-05,13:00,4770.0,0.0,3760.0,650.0,－－－－－－－－－－,10.0,1210.0,0.0,40.0,0.0,0.0,-900.0,4770.0,yonden
2016,7,2016-07-05,14:00,4880.0,0.0,3950.0,750.0,－－－－－－－－－－,10.0,990.0,0.0,40.0,0.0,0.0,-860.0,4880.0,yonden
2016,7,2016-07-05,15:00,4850.0,0.0,4140.0,730.0,－－－－－－－－－－,10.0,720.0,0.0,60.0,0.0,0.0,-810.0,4850.0,yonden
2016,7,2016-07-05,16:00,4730.0,0.0,4210.0,710.0,－－－－－－－－－－,10.0,490.0,0.0,70.0,0.0,0.0,-760.0,4730.0,yonden
2016,7,2016-07-05,17:00,4570.0,0.0,4290.0,720.0,－－－－－－－－－－,10.0,280.0,0.0,70.0,0.0,0.0,-800.0,4570.0,yonden
2016,7,2016-07-05,18:00,4390.0,0.0,4270.0,750.0,－－－－－－－－－－,10.0,100.0,0.0,70.0,0.0,0.0,-810.0,4390.0,yonden
2016,7,2016-07-05,19:00,4220.0,0.0,4250.0,740.0,－－－－－－－－－－,10.0,0.0,0.0,70.0,0.0,0.0,-850.0,4220.0,yonden
2016,7,2016-07-05,20:00,4000.0,0.0,4020.0,730.0,－－－－－－－－－－,10.0,0.0,0.0,70.0,0.0,0.0,-830.0,4000.0,yonden
2016,7,2016-07-05,21:00,3680.0,0.0,3700.0,700.0,－－－－－－－－－－,10.0,0.0,0.0,70.0,0.0,0.0,-800.0,3680.0,yonden
2016,7,2016-07-05,22:00,3400.0,0.0,3410.0,550.0,－－－－－－－－－－,10.0,0.0,0.0,60.0,0.0,0.0,-630.0,3400.0,yonden
2016,7,2016-07-05,23:00,3190.0,0.0,3270.0,520.0,－－－－－－－－－－,10.0,0.0,0.0,70.0,0.0,0.0,-680.0,3190.0,yonden
2016,7,2016-07-06,00:00,2930.0,0.0,3130.0,470.0,－－－－－－－－－－,10.0,0.0,0.0,60.0,0.0,0.0,-740.0,2930.0,yonden
2016,7,2016-07-06,01:00,2790.0,0.0,3090.0,570.0,－－－－－－－－－－,10.0,0.0,0.0,60.0,0.0,-300.0,-640.0,2790.0,yonden
2016,7,2016-07-06,02:00,2830.0,0.0,3070.0,550.0,－－－－－－－－－－,10.0,0.0,0.0,60.0,0.0,-150.0,-710.0,2830.0,yonden
2016,7,2016-07-06,03:00,2950.0,0.0,3110.0,550.0,－－－－－－－－－－,10.0,0.0,0.0,50.0,0.0,0.0,-770.0,2950.0,yonden
2016,7,2016-07-06,04:00,3050.0,0.0,3110.0,570.0,－－－－－－－－－－,10.0,0.0,0.0,40.0,0.0,0.0,-680.0,3050.0,yonden
2016,7,2016-07-06,05:00,3040.0,0.0,3100.0,520.0,－－－－－－－－－－,10.0,30.0,0.0,40.0,0.0,0.0,-660.0,3040.0,yonden
2016,7,2016-07-06,06:00,3030.0,0.0,3170.0,490.0,－－－－－－－－－－,10.0,180.0,0.0,30.0,0.0,0.0,-850.0,3030.0,yonden
2016,7,2016-07-06,07:00,3200.0,0.0,3160.0,480.0,－－－－－－－－－－,10.0,450.0,0.0,40.0,0.0,0.0,-940.0,3200.0,yonden
2016,7,2016-07-06,08:00,3840.0,0.0,3390.0,520.0,－－－－－－－－－－,10.0,760.0,0.0,50.0,0.0,0.0,-890.0,3840.0,yonden
2016,7,2016-07-06,09:00,4260.0,0.0,3680.0,610.0,－－－－－－－－－－,10.0,1020.0,0.0,50.0,0.0,0.0,-1110.0,4260.0,yonden
2016,7,2016-07-06,10:00,4430.0,0.0,3670.0,680.0,－－－－－－－－－－,10.0,1180.0,0.0,60.0,0.0,0.0,-1170.0,4430.0,yonden
2016,7,2016-07-06,11:00,4580.0,0.0,3700.0,690.0,－－－－－－－－－－,10.0,1310.0,0.0,60.0,0.0,0.0,-1190.0,4580.0,yonden
2016,7,2016-07-06,12:00,4460.0,0.0,3710.0,530.0,－－－－－－－－－－,10.0,1330.0,0.0,60.0,0.0,0.0,-1180.0,4460.0,yonden
2016,7,2016-07-06,13:00,4720.0,0.0,3780.0,590.0,－－－－－－－－－－,10.0,1290.0,0.0,50.0,0.0,0.0,-1000.0,4720.0,yonden
2016,7,2016-07-06,14:00,4720.0,0.0,3800.0,650.0,－－－－－－－－－－,10.0,1130.0,0.0,50.0,0.0,0.0,-920.0,4720.0,yonden
2016,7,2016-07-06,15:00,4700.0,0.0,4010.0,700.0,－－－－－－－－－－,10.0,910.0,0.0,60.0,0.0,0.0,-990.0,4700.0,yonden
2016,7,2016-07-06,16:00,4720.0,0.0,4310.0,700.0,－－－－－－－－－－,10.0,640.0,0.0,50.0,0.0,0.0,-990.0,4720.0,yonden
2016,7,2016-07-06,17:00,4530.0,0.0,4240.0,700.0,－－－－－－－－－－,10.0,340.0,0.0,50.0,0.0,0.0,-810.0,4530.0,yonden
2016,7,2016-07-06,18:00,4390.0,0.0,4200.0,690.0,－－－－－－－－－－,10.0,110.0,0.0,50.0,0.0,0.0,-670.0,4390.0,yonden
2016,7,2016-07-06,19:00,4220.0,0.0,4140.0,690.0,－－－－－－－－－－,10.0,0.0,0.0,50.0,0.0,0.0,-670.0,4220.0,yonden
2016,7,2016-07-06,20:00,4020.0,0.0,4010.0,660.0,－－－－－－－－－－,10.0,0.0,0.0,50.0,0.0,0.0,-710.0,4020.0,yonden
2016,7,2016-07-06,21:00,3710.0,0.0,3810.0,560.0,－－－－－－－－－－,10.0,0.0,0.0,50.0,0.0,0.0,-720.0,3710.0,yonden
2016,7,2016-07-06,22:00,3430.0,0.0,3380.0,500.0,－－－－－－－－－－,10.0,0.0,0.0,50.0,0.0,0.0,-510.0,3430.0,yonden
2016,7,2016-07-06,23:00,3230.0,0.0,3260.0,490.0,－－－－－－－－－－,10.0,0.0,0.0,40.0,0.0,0.0,-570.0,3230.0,yonden
2016,7,2016-07-07,00:00,2960.0,0.0,3180.0,480.0,－－－－－－－－－－,10.0,0.0,0.0,30.0,0.0,0.0,-740.0,2960.0,yonden
2016,7,2016-07-07,01:00,2810.0,0.0,3130.0,600.0,－－－－－－－－－－,10.0,0.0,0.0,20.0,0.0,-300.0,-650.0,2810.0,yonden
2016,7,2016-07-07,02:00,2850.0,0.0,3150.0,560.0,－－－－－－－－－－,10.0,0.0,0.0,10.0,0.0,-150.0,-730.0,2850.0,yonden
2016,7,2016-07-07,03:00,2970.0,0.0,3220.0,530.0,－－－－－－－－－－,10.0,0.0,0.0,10.0,0.0,0.0,-800.0,2970.0,yonden
2016,7,2016-07-07,04:00,3060.0,0.0,3200.0,550.0,－－－－－－－－－－,10.0,0.0,0.0,10.0,0.0,0.0,-710.0,3060.0,yonden
2016,7,2016-07-07,05:00,3040.0,0.0,3170.0,500.0,－－－－－－－－－－,10.0,30.0,0.0,0.0,0.0,0.0,-670.0,3040.0,yonden
2016,7,2016-07-07,06:00,3000.0,0.0,3180.0,420.0,－－－－－－－－－－,10.0,200.0,0.0,0.0,0.0,0.0,-810.0,3000.0,yonden
2016,7,2016-07-07,07:00,3180.0,0.0,3140.0,400.0,－－－－－－－－－－,10.0,470.0,0.0,0.0,0.0,0.0,-840.0,3180.0,yonden
2016,7,2016-07-07,08:00,3860.0,0.0,3510.0,500.0,－－－－－－－－－－,10.0,770.0,0.0,0.0,0.0,0.0,-930.0,3860.0,yonden
2016,7,2016-07-07,09:00,4290.0,0.0,3710.0,620.0,－－－－－－－－－－,10.0,1020.0,0.0,0.0,0.0,0.0,-1070.0,4290.0,yonden
2016,7,2016-07-07,10:00,4440.0,0.0,3670.0,620.0,－－－－－－－－－－,10.0,1170.0,0.0,0.0,0.0,0.0,-1030.0,4440.0,yonden
2016,7,2016-07-07,11:00,4610.0,0.0,3720.0,620.0,－－－－－－－－－－,10.0,1260.0,0.0,10.0,0.0,0.0,-1010.0,4610.0,yonden
2016,7,2016-07-07,12:00,4490.0,0.0,3690.0,500.0,－－－－－－－－－－,10.0,1210.0,0.0,20.0,0.0,0.0,-940.0,4490.0,yonden
2016,7,2016-07-07,13:00,4670.0,0.0,3840.0,530.0,－－－－－－－－－－,10.0,1080.0,0.0,40.0,0.0,0.0,-830.0,4670.0,yonden
2016,7,2016-07-07,14:00,4680.0,0.0,3830.0,670.0,－－－－－－－－－－,10.0,940.0,0.0,50.0,0.0,0.0,-820.0,4680.0,yonden
2016,7,2016-07-07,15:00,4660.0,0.0,4060.0,660.0,－－－－－－－－－－,10.0,690.0,0.0,40.0,0.0,0.0,-800.0,4660.0,yonden
2016,7,2016-07-07,16:00,4600.0,0.0,4210.0,680.0,－－－－－－－－－－,10.0,410.0,0.0,40.0,0.0,90.0,-840.0,4600.0,yonden
2016,7,2016-07-07,17:00,4410.0,0.0,4030.0,680.0,－－－－－－－－－－,10.0,210.0,0.0,50.0,0.0,190.0,-760.0,4410.0,yonden
2016,7,2016-07-07,18:00,4310.0,0.0,3940.0,690.0,－－－－－－－－－－,10.0,80.0,0.0,50.0,0.0,220.0,-680.0,4310.0,yonden
2016,7,2016-07-07,19:00,4190.0,0.0,3890.0,680.0,－－－－－－－－－－,10.0,0.0,0.0,50.0,0.0,210.0,-650.0,4190.0,yonden
2016,7,2016-07-07,20:00,3980.0,0.0,3950.0,650.0,－－－－－－－－－－,10.0,0.0,0.0,50.0,0.0,0.0,-680.0,3980.0,yonden
2016,7,2016-07-07,21:00,3690.0,0.0,3820.0,610.0,－－－－－－－－－－,10.0,0.0,0.0,40.0,0.0,0.0,-790.0,3690.0,yonden
2016,7,2016-07-07,22:00,3410.0,0.0,3580.0,560.0,－－－－－－－－－－,10.0,0.0,0.0,40.0,0.0,0.0,-780.0,3410.0,yonden
2016,7,2016-07-07,23:00,3200.0,0.0,3270.0,500.0,－－－－－－－－－－,10.0,0.0,0.0,20.0,0.0,0.0,-600.0,3200.0,yonden
2016,7,2016-07-08,00:00,2940.0,0.0,3000.0,470.0,－－－－－－－－－－,10.0,0.0,0.0,20.0,0.0,0.0,-560.0,2940.0,yonden
2016,7,2016-07-08,01:00,2800.0,0.0,2930.0,470.0,－－－－－－－－－－,10.0,0.0,0.0,10.0,0.0,0.0,-620.0,2800.0,yonden
2016,7,2016-07-08,02:00,2840.0,0.0,2930.0,510.0,－－－－－－－－－－,10.0,0.0,0.0,10.0,0.0,0.0,-620.0,2840.0,yonden
2016,7,2016-07-08,03:00,2960.0,0.0,3010.0,590.0,－－－－－－－－－－,10.0,0.0,0.0,20.0,0.0,0.0,-670.0,2960.0,yonden
2016,7,2016-07-08,04:00,3070.0,0.0,3070.0,630.0,－－－－－－－－－－,10.0,0.0,0.0,10.0,0.0,0.0,-650.0,3070.0,yonden
2016,7,2016-07-08,05:00,3090.0,0.0,3050.0,540.0,－－－－－－－－－－,10.0,10.0,0.0,20.0,0.0,0.0,-540.0,3090.0,yonden
2016,7,2016-07-08,06:00,3060.0,0.0,3120.0,450.0,－－－－－－－－－－,10.0,30.0,0.0,20.0,0.0,0.0,-570.0,3060.0,yonden
2016,7,2016-07-08,07:00,3140.0,0.0,3160.0,440.0,－－－－－－－－－－,10.0,80.0,0.0,20.0,0.0,0.0,-570.0,3140.0,yonden
2016,7,2016-07-08,08:00,3690.0,0.0,3580.0,650.0,－－－－－－－－－－,10.0,110.0,0.0,20.0,0.0,0.0,-680.0,3690.0,yonden
2016,7,2016-07-08,09:00,3940.0,0.0,3820.0,710.0,－－－－－－－－－－,10.0,120.0,0.0,30.0,0.0,0.0,-750.0,3940.0,yonden
2016,7,2016-07-08,10:00,3960.0,0.0,3760.0,660.0,－－－－－－－－－－,10.0,170.0,0.0,20.0,0.0,0.0,-660.0,3960.0,yonden
2016,7,2016-07-08,11:00,3980.0,0.0,3720.0,700.0,－－－－－－－－－－,10.0,210.0,0.0,40.0,0.0,0.0,-700.0,3980.0,yonden
2016,7,2016-07-08,12:00,3760.0,0.0,3740.0,600.0,－－－－－－－－－－,10.0,180.0,0.0,40.0,0.0,0.0,-810.0,3760.0,yonden
2016,7,2016-07-08,13:00,3960.0,0.0,3950.0,660.0,－－－－－－－－－－,10.0,140.0,0.0,40.0,0.0,0.0,-840.0,3960.0,yonden
2016,7,2016-07-08,14:00,3920.0,0.0,3970.0,700.0,－－－－－－－－－－,10.0,120.0,0.0,50.0,0.0,0.0,-930.0,3920.0,yonden
2016,7,2016-07-08,15:00,3890.0,0.0,3920.0,720.0,－－－－－－－－－－,10.0,110.0,0.0,70.0,0.0,0.0,-940.0,3890.0,yonden
2016,7,2016-07-08,16:00,3860.0,0.0,3920.0,620.0,－－－－－－－－－－,10.0,60.0,0.0,90.0,0.0,0.0,-840.0,3860.0,yonden
2016,7,2016-07-08,17:00,3740.0,0.0,3720.0,630.0,－－－－－－－－－－,10.0,30.0,0.0,70.0,0.0,0.0,-720.0,3740.0,yonden
2016,7,2016-07-08,18:00,3650.0,0.0,3670.0,640.0,－－－－－－－－－－,10.0,10.0,0.0,70.0,0.0,0.0,-750.0,3650.0,yonden
2016,7,2016-07-08,19:00,3520.0,0.0,3600.0,640.0,－－－－－－－－－－,10.0,0.0,0.0,70.0,0.0,0.0,-800.0,3520.0,yonden
2016,7,2016-07-08,20:00,3340.0,0.0,3310.0,680.0,－－－－－－－－－－,10.0,0.0,0.0,80.0,0.0,0.0,-740.0,3340.0,yonden
2016,7,2016-07-08,21:00,3120.0,0.0,3060.0,670.0,－－－－－－－－－－,10.0,0.0,0.0,80.0,0.0,0.0,-700.0,3120.0,yonden
2016,7,2016-07-08,22:00,2970.0,0.0,2860.0,680.0,－－－－－－－－－－,10.0,0.0,0.0,90.0,0.0,0.0,-670.0,2970.0,yonden
2016,7,2016-07-08,23:00,2860.0,0.0,2750.0,680.0,－－－－－－－－－－,10.0,0.0,0.0,80.0,0.0,0.0,-660.0,2860.0,yonden
2016,7,2016-07-09,00:00,2680.0,0.0,2720.0,700.0,－－－－－－－－－－,10.0,0.0,0.0,60.0,0.0,0.0,-810.0,2680.0,yonden
2016,7,2016-07-09,01:00,2610.0,0.0,2740.0,690.0,－－－－－－－－－－,10.0,0.0,0.0,50.0,0.0,0.0,-880.0,2610.0,yonden
2016,7,2016-07-09,02:00,2680.0,0.0,2690.0,690.0,－－－－－－－－－－,10.0,0.0,0.0,60.0,0.0,0.0,-770.0,2680.0,yonden
2016,7,2016-07-09,03:00,2830.0,0.0,2730.0,690.0,－－－－－－－－－－,10.0,0.0,0.0,80.0,0.0,0.0,-680.0,2830.0,yonden
2016,7,2016-07-09,04:00,2940.0,0.0,2850.0,650.0,－－－－－－－－－－,10.0,0.0,0.0,60.0,0.0,0.0,-630.0,2940.0,yonden
2016,7,2016-07-09,05:00,2910.0,0.0,2820.0,660.0,－－－－－－－－－－,10.0,10.0,0.0,40.0,0.0,0.0,-630.0,2910.0,yonden
2016,7,2016-07-09,06:00,2730.0,0.0,2830.0,670.0,－－－－－－－－－－,10.0,40.0,0.0,20.0,0.0,0.0,-840.0,2730.0,yonden
2016,7,2016-07-09,07:00,2710.0,0.0,2890.0,680.0,－－－－－－－－－－,10.0,80.0,0.0,10.0,0.0,0.0,-960.0,2710.0,yonden
2016,7,2016-07-09,08:00,2980.0,0.0,2910.0,690.0,－－－－－－－－－－,10.0,130.0,0.0,10.0,0.0,0.0,-770.0,2980.0,yonden
2016,7,2016-07-09,09:00,3210.0,0.0,3040.0,690.0,－－－－－－－－－－,10.0,230.0,0.0,10.0,0.0,0.0,-770.0,3210.0,yonden
2016,7,2016-07-09,10:00,3300.0,0.0,3200.0,670.0,－－－－－－－－－－,10.0,350.0,0.0,10.0,0.0,0.0,-940.0,3300.0,yonden
2016,7,2016-07-09,11:00,3330.0,0.0,3190.0,670.0,－－－－－－－－－－,10.0,420.0,0.0,10.0,0.0,0.0,-970.0,3330.0,yonden
2016,7,2016-07-09,12:00,3330.0,0.0,3120.0,680.0,－－－－－－－－－－,10.0,450.0,0.0,10.0,0.0,0.0,-940.0,3330.0,yonden
2016,7,2016-07-09,13:00,3380.0,0.0,3040.0,670.0,－－－－－－－－－－,10.0,460.0,0.0,10.0,0.0,0.0,-810.0,3380.0,yonden
2016,7,2016-07-09,14:00,3320.0,0.0,2910.0,680.0,－－－－－－－－－－,10.0,500.0,0.0,10.0,0.0,0.0,-790.0,3320.0,yonden
2016,7,2016-07-09,15:00,3390.0,0.0,2930.0,690.0,－－－－－－－－－－,10.0,520.0,0.0,20.0,0.0,0.0,-780.0,3390.0,yonden
2016,7,2016-07-09,16:00,3410.0,0.0,2870.0,710.0,－－－－－－－－－－,10.0,430.0,0.0,20.0,0.0,0.0,-630.0,3410.0,yonden
2016,7,2016-07-09,17:00,3410.0,0.0,2920.0,670.0,－－－－－－－－－－,10.0,260.0,0.0,30.0,0.0,0.0,-480.0,3410.0,yonden
2016,7,2016-07-09,18:00,3410.0,0.0,2980.0,670.0,－－－－－－－－－－,10.0,90.0,0.0,40.0,0.0,0.0,-380.0,3410.0,yonden
2016,7,2016-07-09,19:00,3370.0,0.0,3010.0,690.0,－－－－－－－－－－,10.0,0.0,0.0,50.0,0.0,0.0,-390.0,3370.0,yonden
2016,7,2016-07-09,20:00,3260.0,0.0,2940.0,680.0,－－－－－－－－－－,10.0,0.0,0.0,40.0,0.0,0.0,-410.0,3260.0,yonden
2016,7,2016-07-09,21:00,3070.0,0.0,2820.0,670.0,－－－－－－－－－－,10.0,0.0,0.0,40.0,0.0,0.0,-470.0,3070.0,yonden
2016,7,2016-07-09,22:00,2850.0,0.0,2690.0,700.0,－－－－－－－－－－,10.0,0.0,0.0,30.0,0.0,0.0,-580.0,2850.0,yonden
2016,7,2016-07-09,23:00,2710.0,0.0,2670.0,660.0,－－－－－－－－－－,0.0,0.0,0.0,30.0,0.0,0.0,-650.0,2710.0,yonden
2016,7,2016-07-10,00:00,2580.0,0.0,2740.0,650.0,－－－－－－－－－－,0.0,0.0,0.0,20.0,0.0,0.0,-830.0,2580.0,yonden
2016,7,2016-07-10,01:00,2500.0,0.0,2760.0,630.0,－－－－－－－－－－,0.0,0.0,0.0,10.0,0.0,0.0,-900.0,2500.0,yonden
2016,7,2016-07-10,02:00,2590.0,0.0,2770.0,640.0,－－－－－－－－－－,10.0,0.0,0.0,0.0,0.0,0.0,-830.0,2590.0,yonden
2016,7,2016-07-10,03:00,2740.0,0.0,2740.0,660.0,－－－－－－－－－－,10.0,0.0,0.0,10.0,0.0,0.0,-680.0,2740.0,yonden
2016,7,2016-07-10,04:00,2850.0,0.0,2780.0,660.0,－－－－－－－－－－,10.0,0.0,0.0,10.0,0.0,0.0,-610.0,2850.0,yonden
2016,7,2016-07-10,05:00,2790.0,0.0,2790.0,640.0,－－－－－－－－－－,10.0,20.0,0.0,0.0,0.0,0.0,-670.0,2790.0,yonden
2016,7,2016-07-10,06:00,2550.0,0.0,2750.0,600.0,－－－－－－－－－－,10.0,100.0,0.0,10.0,0.0,0.0,-920.0,2550.0,yonden
2016,7,2016-07-10,07:00,2570.0,0.0,2810.0,600.0,－－－－－－－－－－,10.0,210.0,0.0,0.0,0.0,0.0,-1060.0,2570.0,yonden
2016,7,2016-07-10,08:00,2750.0,0.0,3010.0,580.0,－－－－－－－－－－,10.0,290.0,0.0,0.0,0.0,0.0,-1140.0,2750.0,yonden
2016,7,2016-07-10,09:00,2920.0,0.0,3080.0,620.0,－－－－－－－－－－,10.0,440.0,0.0,0.0,0.0,0.0,-1230.0,2920.0,yonden
2016,7,2016-07-10,10:00,3120.0,0.0,3090.0,670.0,－－－－－－－－－－,10.0,590.0,0.0,0.0,0.0,0.0,-1240.0,3120.0,yonden
2016,7,2016-07-10,11:00,3200.0,0.0,3130.0,680.0,－－－－－－－－－－,10.0,660.0,0.0,0.0,0.0,0.0,-1280.0,3200.0,yonden
2016,7,2016-07-10,12:00,3260.0,0.0,3040.0,660.0,－－－－－－－－－－,10.0,770.0,0.0,0.0,0.0,0.0,-1220.0,3260.0,yonden
2016,7,2016-07-10,13:00,3300.0,0.0,2890.0,710.0,－－－－－－－－－－,10.0,780.0,0.0,0.0,0.0,0.0,-1090.0,3300.0,yonden
2016,7,2016-07-10,14:00,3330.0,0.0,2950.0,670.0,－－－－－－－－－－,10.0,720.0,0.0,0.0,0.0,0.0,-1020.0,3330.0,yonden
2016,7,2016-07-10,15:00,3310.0,0.0,2990.0,570.0,－－－－－－－－－－,10.0,610.0,0.0,20.0,0.0,0.0,-890.0,3310.0,yonden
2016,7,2016-07-10,16:00,3400.0,0.0,3040.0,590.0,－－－－－－－－－－,10.0,460.0,0.0,20.0,0.0,0.0,-720.0,3400.0,yonden
2016,7,2016-07-10,17:00,3450.0,0.0,3070.0,730.0,－－－－－－－－－－,10.0,250.0,0.0,20.0,0.0,0.0,-630.0,3450.0,yonden
2016,7,2016-07-10,18:00,3530.0,0.0,3200.0,800.0,－－－－－－－－－－,10.0,70.0,0.0,20.0,0.0,0.0,-570.0,3530.0,yonden
2016,7,2016-07-10,19:00,3550.0,0.0,3250.0,810.0,－－－－－－－－－－,10.0,0.0,0.0,20.0,0.0,0.0,-540.0,3550.0,yonden
2016,7,2016-07-10,20:00,3430.0,0.0,3180.0,750.0,－－－－－－－－－－,10.0,0.0,0.0,20.0,0.0,0.0,-530.0,3430.0,yonden
2016,7,2016-07-10,21:00,3200.0,0.0,3010.0,600.0,－－－－－－－－－－,10.0,0.0,0.0,10.0,0.0,0.0,-430.0,3200.0,yonden
2016,7,2016-07-10,22:00,2970.0,0.0,2890.0,580.0,－－－－－－－－－－,10.0,0.0,0.0,10.0,0.0,0.0,-520.0,2970.0,yonden
2016,7,2016-07-10,23:00,2810.0,0.0,2800.0,600.0,－－－－－－－－－－,10.0,0.0,0.0,10.0,0.0,0.0,-610.0,2810.0,yonden
2016,7,2016-07-11,00:00,2600.0,0.0,2740.0,590.0,－－－－－－－－－－,10.0,0.0,0.0,10.0,0.0,0.0,-750.0,2600.0,yonden
2016,7,2016-07-11,01:00,2510.0,0.0,2750.0,580.0,－－－－－－－－－－,10.0,0.0,0.0,0.0,0.0,0.0,-830.0,2510.0,yonden
2016,7,2016-07-11,02:00,2570.0,0.0,2810.0,560.0,－－－－－－－－－－,10.0,0.0,0.0,0.0,0.0,0.0,-810.0,2570.0,yonden
2016,7,2016-07-11,03:00,2740.0,0.0,2940.0,670.0,－－－－－－－－－－,10.0,0.0,0.0,0.0,0.0,0.0,-880.0,2740.0,yonden
2016,7,2016-07-11,04:00,2890.0,0.0,3030.0,680.0,－－－－－－－－－－,10.0,0.0,0.0,0.0,0.0,0.0,-830.0,2890.0,yonden
2016,7,2016-07-11,05:00,2890.0,0.0,3030.0,620.0,－－－－－－－－－－,10.0,20.0,0.0,0.0,0.0,0.0,-790.0,2890.0,yonden
2016,7,2016-07-11,06:00,2850.0,0.0,3010.0,590.0,－－－－－－－－－－,10.0,100.0,0.0,0.0,0.0,0.0,-860.0,2850.0,yonden
2016,7,2016-07-11,07:00,3020.0,0.0,2920.0,550.0,－－－－－－－－－－,10.0,250.0,0.0,0.0,0.0,0.0,-710.0,3020.0,yonden
2016,7,2016-07-11,08:00,3650.0,0.0,3200.0,630.0,－－－－－－－－－－,10.0,430.0,0.0,0.0,0.0,0.0,-620.0,3650.0,yonden
2016,7,2016-07-11,09:00,4070.0,0.0,3490.0,740.0,－－－－－－－－－－,10.0,470.0,0.0,0.0,0.0,0.0,-640.0,4070.0,yonden
2016,7,2016-07-11,10:00,4150.0,0.0,3480.0,800.0,－－－－－－－－－－,10.0,560.0,0.0,20.0,0.0,0.0,-720.0,4150.0,yonden
2016,7,2016-07-11,11:00,4230.0,0.0,3630.0,740.0,－－－－－－－－－－,10.0,660.0,0.0,20.0,0.0,0.0,-830.0,4230.0,yonden
2016,7,2016-07-11,12:00,4080.0,0.0,3580.0,560.0,－－－－－－－－－－,10.0,700.0,0.0,20.0,0.0,0.0,-790.0,4080.0,yonden
2016,7,2016-07-11,13:00,4400.0,0.0,3860.0,600.0,－－－－－－－－－－,10.0,610.0,0.0,20.0,0.0,0.0,-700.0,4400.0,yonden
2016,7,2016-07-11,14:00,4290.0,0.0,3920.0,660.0,－－－－－－－－－－,10.0,390.0,0.0,30.0,0.0,0.0,-720.0,4290.0,yonden
2016,7,2016-07-11,15:00,4200.0,0.0,3940.0,690.0,－－－－－－－－－－,10.0,280.0,0.0,20.0,0.0,0.0,-740.0,4200.0,yonden
2016,7,2016-07-11,16:00,4200.0,0.0,3950.0,700.0,－－－－－－－－－－,10.0,180.0,0.0,10.0,0.0,0.0,-650.0,4200.0,yonden
2016,7,2016-07-11,17:00,4070.0,0.0,3810.0,790.0,－－－－－－－－－－,10.0,100.0,0.0,20.0,0.0,0.0,-660.0,4070.0,yonden
2016,7,2016-07-11,18:00,3980.0,0.0,3750.0,790.0,－－－－－－－－－－,10.0,40.0,0.0,20.0,0.0,0.0,-630.0,3980.0,yonden
2016,7,2016-07-11,19:00,3880.0,0.0,3730.0,740.0,－－－－－－－－－－,10.0,0.0,0.0,20.0,0.0,0.0,-620.0,3880.0,yonden
2016,7,2016-07-11,20:00,3670.0,0.0,3540.0,710.0,－－－－－－－－－－,10.0,0.0,0.0,30.0,0.0,0.0,-620.0,3670.0,yonden
2016,7,2016-07-11,21:00,3420.0,0.0,3350.0,650.0,－－－－－－－－－－,10.0,0.0,0.0,30.0,0.0,0.0,-620.0,3420.0,yonden
2016,7,2016-07-11,22:00,3190.0,0.0,3090.0,610.0,－－－－－－－－－－,10.0,0.0,0.0,30.0,0.0,0.0,-550.0,3190.0,yonden
2016,7,2016-07-11,23:00,3030.0,0.0,3040.0,590.0,－－－－－－－－－－,10.0,0.0,0.0,30.0,0.0,0.0,-640.0,3030.0,yonden
2016,7,2016-07-12,00:00,2820.0,0.0,3100.0,620.0,－－－－－－－－－－,10.0,0.0,0.0,40.0,0.0,-140.0,-810.0,2820.0,yonden
2016,7,2016-07-12,01:00,2720.0,0.0,3100.0,620.0,－－－－－－－－－－,10.0,0.0,0.0,40.0,0.0,-300.0,-750.0,2720.0,yonden
2016,7,2016-07-12,02:00,2790.0,0.0,3150.0,650.0,－－－－－－－－－－,10.0,0.0,0.0,30.0,0.0,-300.0,-750.0,2790.0,yonden
2016,7,2016-07-12,03:00,2930.0,0.0,3220.0,750.0,－－－－－－－－－－,10.0,0.0,0.0,30.0,0.0,-300.0,-780.0,2930.0,yonden
2016,7,2016-07-12,04:00,3050.0,0.0,3190.0,690.0,－－－－－－－－－－,10.0,0.0,0.0,30.0,0.0,0.0,-870.0,3050.0,yonden
2016,7,2016-07-12,05:00,3060.0,0.0,3230.0,630.0,－－－－－－－－－－,10.0,20.0,0.0,40.0,0.0,0.0,-870.0,3060.0,yonden
2016,7,2016-07-12,06:00,3010.0,0.0,3340.0,620.0,－－－－－－－－－－,10.0,100.0,0.0,30.0,0.0,0.0,-1090.0,3010.0,yonden
2016,7,2016-07-12,07:00,3170.0,0.0,3480.0,620.0,－－－－－－－－－－,10.0,210.0,0.0,30.0,0.0,0.0,-1180.0,3170.0,yonden
2016,7,2016-07-12,08:00,3730.0,0.0,3830.0,630.0,－－－－－－－－－－,10.0,390.0,0.0,30.0,0.0,0.0,-1160.0,3730.0,yonden
2016,7,2016-07-12,09:00,4070.0,0.0,3950.0,770.0,－－－－－－－－－－,10.0,650.0,0.0,30.0,0.0,0.0,-1340.0,4070.0,yonden
2016,7,2016-07-12,10:00,4270.0,0.0,3940.0,790.0,－－－－－－－－－－,10.0,910.0,0.0,30.0,0.0,0.0,-1410.0,4270.0,yonden
2016,7,2016-07-12,11:00,4480.0,0.0,4030.0,770.0,－－－－－－－－－－,10.0,1040.0,0.0,40.0,0.0,0.0,-1410.0,4480.0,yonden
2016,7,2016-07-12,12:00,4390.0,0.0,4180.0,610.0,－－－－－－－－－－,10.0,1010.0,0.0,40.0,0.0,0.0,-1460.0,4390.0,yonden
2016,7,2016-07-12,13:00,4570.0,0.0,4440.0,670.0,－－－－－－－－－－,10.0,880.0,0.0,40.0,0.0,0.0,-1470.0,4570.0,yonden
2016,7,2016-07-12,14:00,4640.0,0.0,4550.0,750.0,－－－－－－－－－－,10.0,770.0,0.0,50.0,0.0,0.0,-1490.0,4640.0,yonden
2016,7,2016-07-12,15:00,4600.0,0.0,4730.0,770.0,－－－－－－－－－－,10.0,560.0,0.0,30.0,0.0,0.0,-1500.0,4600.0,yonden
2016,7,2016-07-12,16:00,4520.0,0.0,4950.0,770.0,－－－－－－－－－－,10.0,320.0,0.0,20.0,0.0,0.0,-1550.0,4520.0,yonden
2016,7,2016-07-12,17:00,4410.0,0.0,4870.0,790.0,－－－－－－－－－－,10.0,200.0,0.0,20.0,0.0,0.0,-1480.0,4410.0,yonden
2016,7,2016-07-12,18:00,4320.0,0.0,4890.0,780.0,－－－－－－－－－－,10.0,80.0,0.0,30.0,0.0,0.0,-1470.0,4320.0,yonden
2016,7,2016-07-12,19:00,4220.0,0.0,4940.0,710.0,－－－－－－－－－－,10.0,0.0,0.0,20.0,0.0,0.0,-1460.0,4220.0,yonden
2016,7,2016-07-12,20:00,4010.0,0.0,4850.0,660.0,－－－－－－－－－－,10.0,0.0,0.0,20.0,0.0,0.0,-1530.0,4010.0,yonden
2016,7,2016-07-12,21:00,3700.0,0.0,4130.0,620.0,－－－－－－－－－－,10.0,0.0,0.0,30.0,0.0,0.0,-1090.0,3700.0,yonden
2016,7,2016-07-12,22:00,3400.0,0.0,3680.0,590.0,－－－－－－－－－－,10.0,0.0,0.0,20.0,0.0,0.0,-900.0,3400.0,yonden
2016,7,2016-07-12,23:00,3170.0,0.0,3470.0,570.0,－－－－－－－－－－,10.0,0.0,0.0,30.0,0.0,0.0,-910.0,3170.0,yonden
2016,7,2016-07-13,00:00,2960.0,0.0,3330.0,580.0,－－－－－－－－－－,10.0,0.0,0.0,40.0,0.0,0.0,-1000.0,2960.0,yonden
2016,7,2016-07-13,01:00,2840.0,0.0,3270.0,560.0,－－－－－－－－－－,10.0,0.0,0.0,40.0,0.0,0.0,-1040.0,2840.0,yonden
2016,7,2016-07-13,02:00,2890.0,0.0,3250.0,620.0,－－－－－－－－－－,10.0,0.0,0.0,40.0,0.0,0.0,-1030.0,2890.0,yonden
2016,7,2016-07-13,03:00,3010.0,0.0,3270.0,640.0,－－－－－－－－－－,10.0,0.0,0.0,30.0,0.0,0.0,-940.0,3010.0,yonden
2016,7,2016-07-13,04:00,3110.0,0.0,3330.0,670.0,－－－－－－－－－－,10.0,0.0,0.0,30.0,0.0,0.0,-930.0,3110.0,yonden
2016,7,2016-07-13,05:00,3130.0,0.0,3330.0,670.0,－－－－－－－－－－,10.0,10.0,0.0,30.0,0.0,0.0,-920.0,3130.0,yonden
2016,7,2016-07-13,06:00,3100.0,0.0,3340.0,610.0,－－－－－－－－－－,10.0,50.0,0.0,30.0,0.0,0.0,-940.0,3100.0,yonden
2016,7,2016-07-13,07:00,3250.0,0.0,3550.0,590.0,－－－－－－－－－－,10.0,120.0,0.0,40.0,0.0,0.0,-1060.0,3250.0,yonden
2016,7,2016-07-13,08:00,3750.0,0.0,4140.0,700.0,－－－－－－－－－－,10.0,220.0,0.0,40.0,0.0,0.0,-1360.0,3750.0,yonden
2016,7,2016-07-13,09:00,4160.0,0.0,4590.0,720.0,－－－－－－－－－－,10.0,270.0,0.0,30.0,0.0,0.0,-1460.0,4160.0,yonden
2016,7,2016-07-13,10:00,4220.0,0.0,4780.0,770.0,－－－－－－－－－－,0.0,210.0,0.0,20.0,0.0,0.0,-1560.0,4220.0,yonden
2016,7,2016-07-13,11:00,4180.0,0.0,4740.0,710.0,－－－－－－－－－－,10.0,210.0,0.0,30.0,0.0,0.0,-1520.0,4180.0,yonden
2016,7,2016-07-13,12:00,3900.0,0.0,4460.0,590.0,－－－－－－－－－－,10.0,320.0,0.0,50.0,0.0,0.0,-1530.0,3900.0,yonden
2016,7,2016-07-13,13:00,4160.0,0.0,4470.0,600.0,－－－－－－－－－－,10.0,410.0,0.0,60.0,0.0,0.0,-1390.0,4160.0,yonden
2016,7,2016-07-13,14:00,4200.0,0.0,4550.0,630.0,－－－－－－－－－－,10.0,320.0,0.0,50.0,0.0,0.0,-1360.0,4200.0,yonden
2016,7,2016-07-13,15:00,4130.0,0.0,4600.0,690.0,－－－－－－－－－－,10.0,260.0,0.0,50.0,0.0,0.0,-1480.0,4130.0,yonden
2016,7,2016-07-13,16:00,4150.0,0.0,4630.0,730.0,－－－－－－－－－－,0.0,210.0,0.0,60.0,0.0,0.0,-1480.0,4150.0,yonden
2016,7,2016-07-13,17:00,4060.0,0.0,4450.0,770.0,－－－－－－－－－－,0.0,150.0,0.0,40.0,0.0,0.0,-1350.0,4060.0,yonden
2016,7,2016-07-13,18:00,3990.0,0.0,4470.0,790.0,－－－－－－－－－－,0.0,50.0,0.0,40.0,0.0,0.0,-1360.0,3990.0,yonden
2016,7,2016-07-13,19:00,3900.0,0.0,4460.0,790.0,－－－－－－－－－－,0.0,0.0,0.0,40.0,0.0,0.0,-1390.0,3900.0,yonden
2016,7,2016-07-13,20:00,3710.0,0.0,4310.0,770.0,－－－－－－－－－－,0.0,0.0,0.0,40.0,0.0,0.0,-1410.0,3710.0,yonden
2016,7,2016-07-13,21:00,3450.0,0.0,4060.0,660.0,－－－－－－－－－－,0.0,0.0,0.0,30.0,0.0,0.0,-1300.0,3450.0,yonden
2016,7,2016-07-13,22:00,3190.0,0.0,3870.0,590.0,－－－－－－－－－－,10.0,0.0,0.0,20.0,0.0,0.0,-1300.0,3190.0,yonden
2016,7,2016-07-13,23:00,3020.0,0.0,3700.0,600.0,－－－－－－－－－－,10.0,0.0,0.0,20.0,0.0,0.0,-1310.0,3020.0,yonden
2016,7,2016-07-14,00:00,2800.0,0.0,3610.0,540.0,－－－－－－－－－－,0.0,0.0,0.0,10.0,0.0,0.0,-1360.0,2800.0,yonden
2016,7,2016-07-14,01:00,2730.0,0.0,3670.0,640.0,－－－－－－－－－－,10.0,0.0,0.0,10.0,0.0,-300.0,-1300.0,2730.0,yonden
2016,7,2016-07-14,02:00,2820.0,0.0,3710.0,670.0,－－－－－－－－－－,10.0,0.0,0.0,10.0,0.0,-300.0,-1280.0,2820.0,yonden
2016,7,2016-07-14,03:00,2960.0,0.0,3720.0,630.0,－－－－－－－－－－,10.0,0.0,0.0,10.0,0.0,0.0,-1410.0,2960.0,yonden
2016,7,2016-07-14,04:00,3070.0,0.0,3730.0,640.0,－－－－－－－－－－,10.0,0.0,0.0,10.0,0.0,0.0,-1320.0,3070.0,yonden
2016,7,2016-07-14,05:00,3070.0,0.0,3750.0,610.0,－－－－－－－－－－,10.0,20.0,0.0,0.0,0.0,0.0,-1320.0,3070.0,yonden
2016,7,2016-07-14,06:00,3020.0,0.0,3770.0,530.0,－－－－－－－－－－,10.0,130.0,0.0,10.0,0.0,0.0,-1430.0,3020.0,yonden
2016,7,2016-07-14,07:00,3180.0,0.0,3820.0,530.0,－－－－－－－－－－,10.0,300.0,0.0,0.0,0.0,0.0,-1480.0,3180.0,yonden
2016,7,2016-07-14,08:00,3760.0,0.0,4360.0,650.0,－－－－－－－－－－,10.0,510.0,0.0,0.0,0.0,0.0,-1770.0,3760.0,yonden
2016,7,2016-07-14,09:00,4180.0,0.0,4630.0,750.0,－－－－－－－－－－,10.0,710.0,0.0,0.0,0.0,0.0,-1920.0,4180.0,yonden
2016,7,2016-07-14,10:00,4350.0,0.0,4660.0,730.0,－－－－－－－－－－,10.0,840.0,0.0,0.0,0.0,0.0,-1890.0,4350.0,yonden
2016,7,2016-07-14,11:00,4430.0,0.0,4520.0,760.0,－－－－－－－－－－,10.0,970.0,0.0,0.0,0.0,0.0,-1830.0,4430.0,yonden
2016,7,2016-07-14,12:00,4210.0,0.0,4340.0,530.0,－－－－－－－－－－,10.0,1040.0,0.0,0.0,0.0,0.0,-1710.0,4210.0,yonden
2016,7,2016-07-14,13:00,4520.0,0.0,4390.0,570.0,－－－－－－－－－－,10.0,1120.0,0.0,0.0,0.0,0.0,-1570.0,4520.0,yonden
2016,7,2016-07-14,14:00,4600.0,0.0,4470.0,600.0,－－－－－－－－－－,10.0,970.0,0.0,0.0,0.0,0.0,-1450.0,4600.0,yonden
2016,7,2016-07-14,15:00,4550.0,0.0,4570.0,680.0,－－－－－－－－－－,10.0,760.0,0.0,10.0,0.0,0.0,-1480.0,4550.0,yonden
2016,7,2016-07-14,16:00,4590.0,0.0,4690.0,730.0,－－－－－－－－－－,10.0,560.0,0.0,10.0,0.0,150.0,-1560.0,4590.0,yonden
2016,7,2016-07-14,17:00,4440.0,0.0,4570.0,740.0,－－－－－－－－－－,10.0,310.0,0.0,30.0,0.0,290.0,-1510.0,4440.0,yonden
2016,7,2016-07-14,18:00,4270.0,0.0,4570.0,780.0,－－－－－－－－－－,10.0,90.0,0.0,30.0,0.0,290.0,-1500.0,4270.0,yonden
2016,7,2016-07-14,19:00,4110.0,0.0,4510.0,770.0,－－－－－－－－－－,10.0,0.0,0.0,40.0,0.0,290.0,-1510.0,4110.0,yonden
2016,7,2016-07-14,20:00,3890.0,0.0,4320.0,680.0,－－－－－－－－－－,10.0,0.0,0.0,60.0,0.0,210.0,-1390.0,3890.0,yonden
2016,7,2016-07-14,21:00,3580.0,0.0,4240.0,600.0,－－－－－－－－－－,10.0,0.0,0.0,80.0,0.0,0.0,-1350.0,3580.0,yonden
2016,7,2016-07-14,22:00,3260.0,0.0,3890.0,540.0,－－－－－－－－－－,10.0,0.0,0.0,70.0,0.0,0.0,-1250.0,3260.0,yonden
2016,7,2016-07-14,23:00,3040.0,0.0,3420.0,520.0,－－－－－－－－－－,10.0,0.0,0.0,80.0,0.0,0.0,-990.0,3040.0,yonden
2016,7,2016-07-15,00:00,2830.0,0.0,3320.0,540.0,－－－－－－－－－－,10.0,0.0,0.0,70.0,0.0,0.0,-1110.0,2830.0,yonden
2016,7,2016-07-15,01:00,2730.0,0.0,3330.0,540.0,－－－－－－－－－－,10.0,0.0,0.0,80.0,0.0,0.0,-1230.0,2730.0,yonden
2016,7,2016-07-15,02:00,2780.0,0.0,3370.0,560.0,－－－－－－－－－－,10.0,0.0,0.0,80.0,0.0,0.0,-1240.0,2780.0,yonden
2016,7,2016-07-15,03:00,2890.0,0.0,3390.0,590.0,－－－－－－－－－－,10.0,0.0,0.0,90.0,0.0,0.0,-1190.0,2890.0,yonden
2016,7,2016-07-15,04:00,3000.0,0.0,3340.0,660.0,－－－－－－－－－－,10.0,0.0,0.0,100.0,0.0,0.0,-1110.0,3000.0,yonden
2016,7,2016-07-15,05:00,3020.0,0.0,3340.0,630.0,－－－－－－－－－－,10.0,30.0,0.0,100.0,0.0,0.0,-1090.0,3020.0,yonden
2016,7,2016-07-15,06:00,2960.0,0.0,3360.0,530.0,－－－－－－－－－－,10.0,130.0,0.0,90.0,0.0,0.0,-1160.0,2960.0,yonden
2016,7,2016-07-15,07:00,3070.0,0.0,3360.0,530.0,－－－－－－－－－－,10.0,260.0,0.0,90.0,0.0,0.0,-1180.0,3070.0,yonden
2016,7,2016-07-15,08:00,3500.0,0.0,4020.0,570.0,－－－－－－－－－－,10.0,420.0,0.0,80.0,0.0,0.0,-1600.0,3500.0,yonden
2016,7,2016-07-15,09:00,3800.0,0.0,4130.0,720.0,－－－－－－－－－－,10.0,670.0,0.0,60.0,0.0,0.0,-1790.0,3800.0,yonden
2016,7,2016-07-15,10:00,3990.0,0.0,4100.0,670.0,－－－－－－－－－－,10.0,850.0,0.0,50.0,0.0,120.0,-1810.0,3990.0,yonden
2016,7,2016-07-15,11:00,4110.0,0.0,4080.0,620.0,－－－－－－－－－－,10.0,1020.0,0.0,50.0,0.0,50.0,-1720.0,4110.0,yonden
2016,7,2016-07-15,12:00,3970.0,0.0,4070.0,500.0,－－－－－－－－－－,10.0,1070.0,0.0,40.0,0.0,0.0,-1720.0,3970.0,yonden
2016,7,2016-07-15,13:00,4130.0,0.0,4140.0,540.0,－－－－－－－－－－,10.0,970.0,0.0,50.0,0.0,0.0,-1580.0,4130.0,yonden
2016,7,2016-07-15,14:00,4040.0,0.0,4150.0,580.0,－－－－－－－－－－,10.0,800.0,0.0,50.0,0.0,0.0,-1550.0,4040.0,yonden
2016,7,2016-07-15,15:00,4100.0,0.0,4100.0,620.0,－－－－－－－－－－,0.0,740.0,0.0,50.0,0.0,130.0,-1540.0,4100.0,yonden
2016,7,2016-07-15,16:00,4070.0,0.0,4070.0,690.0,－－－－－－－－－－,0.0,480.0,0.0,50.0,0.0,310.0,-1530.0,4070.0,yonden
2016,7,2016-07-15,17:00,3900.0,0.0,4170.0,730.0,－－－－－－－－－－,0.0,230.0,0.0,50.0,0.0,240.0,-1520.0,3900.0,yonden
2016,7,2016-07-15,18:00,3720.0,0.0,4190.0,780.0,－－－－－－－－－－,10.0,60.0,0.0,30.0,0.0,170.0,-1520.0,3720.0,yonden
2016,7,2016-07-15,19:00,3600.0,0.0,4160.0,750.0,－－－－－－－－－－,10.0,0.0,0.0,30.0,0.0,140.0,-1490.0,3600.0,yonden
2016,7,2016-07-15,20:00,3430.0,0.0,4190.0,670.0,－－－－－－－－－－,10.0,0.0,0.0,20.0,0.0,60.0,-1520.0,3430.0,yonden
2016,7,2016-07-15,21:00,3180.0,0.0,4060.0,610.0,－－－－－－－－－－,10.0,0.0,0.0,10.0,0.0,0.0,-1510.0,3180.0,yonden
2016,7,2016-07-15,22:00,2970.0,0.0,3810.0,570.0,－－－－－－－－－－,10.0,0.0,0.0,10.0,0.0,0.0,-1430.0,2970.0,yonden
2016,7,2016-07-15,23:00,2840.0,0.0,3800.0,520.0,－－－－－－－－－－,10.0,0.0,0.0,10.0,0.0,0.0,-1500.0,2840.0,yonden
2016,7,2016-07-16,00:00,2630.0,0.0,3730.0,410.0,－－－－－－－－－－,10.0,0.0,0.0,0.0,0.0,0.0,-1520.0,2630.0,yonden
2016,7,2016-07-16,01:00,2540.0,0.0,3710.0,400.0,－－－－－－－－－－,10.0,0.0,0.0,0.0,0.0,0.0,-1580.0,2540.0,yonden
2016,7,2016-07-16,02:00,2600.0,0.0,3700.0,400.0,－－－－－－－－－－,10.0,0.0,0.0,0.0,0.0,0.0,-1510.0,2600.0,yonden
2016,7,2016-07-16,03:00,2730.0,0.0,3690.0,530.0,－－－－－－－－－－,10.0,0.0,0.0,0.0,0.0,0.0,-1500.0,2730.0,yonden
2016,7,2016-07-16,04:00,2840.0,0.0,3750.0,570.0,－－－－－－－－－－,10.0,0.0,0.0,0.0,0.0,0.0,-1490.0,2840.0,yonden
2016,7,2016-07-16,05:00,2810.0,0.0,3780.0,500.0,－－－－－－－－－－,10.0,20.0,0.0,0.0,0.0,0.0,-1500.0,2810.0,yonden
2016,7,2016-07-16,06:00,2630.0,0.0,3780.0,400.0,－－－－－－－－－－,10.0,150.0,0.0,0.0,0.0,-160.0,-1550.0,2630.0,yonden
2016,7,2016-07-16,07:00,2560.0,0.0,3680.0,390.0,－－－－－－－－－－,10.0,350.0,0.0,10.0,0.0,-300.0,-1580.0,2560.0,yonden
2016,7,2016-07-16,08:00,2940.0,0.0,3710.0,430.0,－－－－－－－－－－,10.0,620.0,0.0,30.0,0.0,-300.0,-1560.0,2940.0,yonden
2016,7,2016-07-16,09:00,3300.0,0.0,3760.0,550.0,－－－－－－－－－－,10.0,800.0,0.0,50.0,0.0,-300.0,-1570.0,3300.0,yonden
2016,7,2016-07-16,10:00,3390.0,0.0,3740.0,530.0,－－－－－－－－－－,10.0,900.0,0.0,60.0,0.0,-300.0,-1550.0,3390.0,yonden
2016,7,2016-07-16,11:00,3540.0,0.0,3810.0,560.0,－－－－－－－－－－,10.0,900.0,0.0,70.0,0.0,-300.0,-1510.0,3540.0,yonden
2016,7,2016-07-16,12:00,3520.0,0.0,3850.0,540.0,－－－－－－－－－－,10.0,850.0,0.0,70.0,0.0,-300.0,-1500.0,3520.0,yonden
2016,7,2016-07-16,13:00,3540.0,0.0,3830.0,500.0,－－－－－－－－－－,10.0,820.0,0.0,70.0,0.0,-150.0,-1540.0,3540.0,yonden
2016,7,2016-07-16,14:00,3610.0,0.0,3770.0,460.0,－－－－－－－－－－,10.0,790.0,0.0,60.0,0.0,0.0,-1480.0,3610.0,yonden
2016,7,2016-07-16,15:00,3620.0,0.0,3860.0,540.0,－－－－－－－－－－,10.0,620.0,0.0,60.0,0.0,0.0,-1470.0,3620.0,yonden
2016,7,2016-07-16,16:00,3610.0,0.0,3930.0,630.0,－－－－－－－－－－,0.0,450.0,0.0,70.0,0.0,30.0,-1500.0,3610.0,yonden
2016,7,2016-07-16,17:00,3560.0,0.0,3880.0,690.0,－－－－－－－－－－,0.0,250.0,0.0,80.0,0.0,180.0,-1520.0,3560.0,yonden
2016,7,2016-07-16,18:00,3490.0,0.0,3830.0,720.0,－－－－－－－－－－,10.0,70.0,0.0,70.0,0.0,260.0,-1470.0,3490.0,yonden
2016,7,2016-07-16,19:00,3460.0,0.0,3800.0,700.0,－－－－－－－－－－,10.0,0.0,0.0,70.0,0.0,280.0,-1400.0,3460.0,yonden
2016,7,2016-07-16,20:00,3350.0,0.0,3780.0,650.0,－－－－－－－－－－,10.0,0.0,0.0,70.0,0.0,280.0,-1440.0,3350.0,yonden
2016,7,2016-07-16,21:00,3140.0,0.0,3770.0,560.0,－－－－－－－－－－,10.0,0.0,0.0,70.0,0.0,200.0,-1470.0,3140.0,yonden
2016,7,2016-07-16,22:00,2950.0,0.0,3830.0,460.0,－－－－－－－－－－,10.0,0.0,0.0,60.0,0.0,0.0,-1410.0,2950.0,yonden
2016,7,2016-07-16,23:00,2810.0,0.0,3830.0,380.0,－－－－－－－－－－,10.0,0.0,0.0,60.0,0.0,0.0,-1470.0,2810.0,yonden
2016,7,2016-07-17,00:00,2620.0,0.0,3840.0,410.0,－－－－－－－－－－,10.0,0.0,0.0,50.0,0.0,0.0,-1690.0,2620.0,yonden
2016,7,2016-07-17,01:00,2530.0,0.0,3820.0,410.0,－－－－－－－－－－,10.0,0.0,0.0,40.0,0.0,0.0,-1750.0,2530.0,yonden
2016,7,2016-07-17,02:00,2590.0,0.0,3810.0,480.0,－－－－－－－－－－,10.0,0.0,0.0,20.0,0.0,0.0,-1730.0,2590.0,yonden
2016,7,2016-07-17,03:00,2730.0,0.0,3820.0,580.0,－－－－－－－－－－,10.0,0.0,0.0,10.0,0.0,0.0,-1690.0,2730.0,yonden
2016,7,2016-07-17,04:00,2840.0,0.0,3860.0,570.0,－－－－－－－－－－,10.0,0.0,0.0,0.0,0.0,0.0,-1600.0,2840.0,yonden
2016,7,2016-07-17,05:00,2780.0,0.0,3860.0,510.0,－－－－－－－－－－,10.0,10.0,0.0,0.0,0.0,0.0,-1610.0,2780.0,yonden
2016,7,2016-07-17,06:00,2590.0,0.0,3820.0,510.0,－－－－－－－－－－,10.0,60.0,0.0,10.0,0.0,-160.0,-1660.0,2590.0,yonden
2016,7,2016-07-17,07:00,2540.0,0.0,3730.0,480.0,－－－－－－－－－－,10.0,130.0,0.0,10.0,0.0,-150.0,-1670.0,2540.0,yonden
2016,7,2016-07-17,08:00,2830.0,0.0,3770.0,420.0,－－－－－－－－－－,10.0,250.0,0.0,10.0,0.0,0.0,-1630.0,2830.0,yonden
2016,7,2016-07-17,09:00,2960.0,0.0,3830.0,420.0,－－－－－－－－－－,10.0,360.0,0.0,10.0,0.0,0.0,-1670.0,2960.0,yonden
2016,7,2016-07-17,10:00,3060.0,0.0,3790.0,440.0,－－－－－－－－－－,10.0,550.0,0.0,10.0,0.0,0.0,-1740.0,3060.0,yonden
2016,7,2016-07-17,11:00,3240.0,0.0,3960.0,490.0,－－－－－－－－－－,10.0,680.0,0.0,0.0,0.0,0.0,-1900.0,3240.0,yonden
2016,7,2016-07-17,12:00,3310.0,0.0,4040.0,500.0,－－－－－－－－－－,10.0,660.0,0.0,0.0,0.0,0.0,-1900.0,3310.0,yonden
2016,7,2016-07-17,13:00,3290.0,0.0,4030.0,490.0,－－－－－－－－－－,10.0,630.0,0.0,0.0,0.0,0.0,-1870.0,3290.0,yonden
2016,7,2016-07-17,14:00,3210.0,0.0,3880.0,460.0,－－－－－－－－－－,10.0,670.0,0.0,0.0,0.0,0.0,-1810.0,3210.0,yonden
2016,7,2016-07-17,15:00,3300.0,0.0,4010.0,540.0,－－－－－－－－－－,10.0,660.0,0.0,0.0,0.0,0.0,-1920.0,3300.0,yonden
2016,7,2016-07-17,16:00,3430.0,0.0,4040.0,530.0,－－－－－－－－－－,10.0,510.0,0.0,0.0,0.0,0.0,-1660.0,3430.0,yonden
2016,7,2016-07-17,17:00,3470.0,0.0,4120.0,650.0,－－－－－－－－－－,10.0,300.0,0.0,10.0,0.0,0.0,-1620.0,3470.0,yonden
2016,7,2016-07-17,18:00,3490.0,0.0,4160.0,700.0,－－－－－－－－－－,10.0,100.0,0.0,10.0,0.0,0.0,-1490.0,3490.0,yonden
2016,7,2016-07-17,19:00,3470.0,0.0,3990.0,690.0,－－－－－－－－－－,10.0,0.0,0.0,20.0,0.0,110.0,-1350.0,3470.0,yonden
2016,7,2016-07-17,20:00,3350.0,0.0,3990.0,680.0,－－－－－－－－－－,10.0,0.0,0.0,30.0,0.0,140.0,-1500.0,3350.0,yonden
2016,7,2016-07-17,21:00,3140.0,0.0,4030.0,540.0,－－－－－－－－－－,10.0,0.0,0.0,50.0,0.0,10.0,-1500.0,3140.0,yonden
2016,7,2016-07-17,22:00,2900.0,0.0,3880.0,440.0,－－－－－－－－－－,10.0,0.0,0.0,50.0,0.0,0.0,-1480.0,2900.0,yonden
2016,7,2016-07-17,23:00,2730.0,0.0,3780.0,410.0,－－－－－－－－－－,10.0,0.0,0.0,40.0,0.0,0.0,-1510.0,2730.0,yonden
2016,7,2016-07-18,00:00,2540.0,0.0,3720.0,420.0,－－－－－－－－－－,10.0,0.0,0.0,30.0,0.0,-150.0,-1490.0,2540.0,yonden
2016,7,2016-07-18,01:00,2490.0,0.0,3730.0,440.0,－－－－－－－－－－,10.0,0.0,0.0,40.0,0.0,-300.0,-1430.0,2490.0,yonden
2016,7,2016-07-18,02:00,2560.0,0.0,3760.0,460.0,－－－－－－－－－－,10.0,0.0,0.0,40.0,0.0,-150.0,-1560.0,2560.0,yonden
2016,7,2016-07-18,03:00,2710.0,0.0,3800.0,530.0,－－－－－－－－－－,10.0,0.0,0.0,30.0,0.0,0.0,-1660.0,2710.0,yonden
2016,7,2016-07-18,04:00,2800.0,0.0,3810.0,520.0,－－－－－－－－－－,10.0,0.0,0.0,20.0,0.0,0.0,-1560.0,2800.0,yonden
2016,7,2016-07-18,05:00,2780.0,0.0,3850.0,470.0,－－－－－－－－－－,10.0,20.0,0.0,20.0,0.0,0.0,-1590.0,2780.0,yonden
2016,7,2016-07-18,06:00,2630.0,0.0,3870.0,420.0,－－－－－－－－－－,10.0,150.0,0.0,10.0,0.0,-280.0,-1550.0,2630.0,yonden
2016,7,2016-07-18,07:00,2680.0,0.0,3880.0,380.0,－－－－－－－－－－,10.0,400.0,0.0,0.0,0.0,-300.0,-1690.0,2680.0,yonden
2016,7,2016-07-18,08:00,3010.0,0.0,3910.0,410.0,－－－－－－－－－－,10.0,700.0,0.0,10.0,0.0,-300.0,-1730.0,3010.0,yonden
2016,7,2016-07-18,09:00,3340.0,0.0,3820.0,480.0,－－－－－－－－－－,10.0,970.0,0.0,0.0,0.0,-290.0,-1650.0,3340.0,yonden
2016,7,2016-07-18,10:00,3500.0,0.0,3810.0,490.0,－－－－－－－－－－,10.0,1180.0,0.0,0.0,0.0,-290.0,-1700.0,3500.0,yonden
2016,7,2016-07-18,11:00,3640.0,0.0,3770.0,470.0,－－－－－－－－－－,10.0,1310.0,0.0,0.0,0.0,-290.0,-1630.0,3640.0,yonden
2016,7,2016-07-18,12:00,3650.0,0.0,3760.0,450.0,－－－－－－－－－－,10.0,1330.0,0.0,0.0,0.0,-290.0,-1610.0,3650.0,yonden
2016,7,2016-07-18,13:00,3730.0,0.0,3730.0,460.0,－－－－－－－－－－,10.0,1260.0,0.0,0.0,0.0,0.0,-1730.0,3730.0,yonden
2016,7,2016-07-18,14:00,3740.0,0.0,3810.0,490.0,－－－－－－－－－－,10.0,1110.0,0.0,10.0,0.0,0.0,-1690.0,3740.0,yonden
2016,7,2016-07-18,15:00,3720.0,0.0,3970.0,480.0,－－－－－－－－－－,10.0,860.0,0.0,20.0,0.0,0.0,-1620.0,3720.0,yonden
2016,7,2016-07-18,16:00,3830.0,0.0,4180.0,570.0,－－－－－－－－－－,10.0,630.0,0.0,20.0,0.0,0.0,-1580.0,3830.0,yonden
2016,7,2016-07-18,17:00,3850.0,0.0,4450.0,630.0,－－－－－－－－－－,10.0,340.0,0.0,10.0,0.0,0.0,-1590.0,3850.0,yonden
2016,7,2016-07-18,18:00,3790.0,0.0,4550.0,670.0,－－－－－－－－－－,10.0,100.0,0.0,20.0,0.0,0.0,-1560.0,3790.0,yonden
2016,7,2016-07-18,19:00,3710.0,0.0,4540.0,690.0,－－－－－－－－－－,10.0,0.0,0.0,30.0,0.0,0.0,-1560.0,3710.0,yonden
2016,7,2016-07-18,20:00,3540.0,0.0,4420.0,610.0,－－－－－－－－－－,10.0,0.0,0.0,40.0,0.0,0.0,-1540.0,3540.0,yonden
2016,7,2016-07-18,21:00,3290.0,0.0,4270.0,570.0,－－－－－－－－－－,10.0,0.0,0.0,30.0,0.0,0.0,-1590.0,3290.0,yonden
2016,7,2016-07-18,22:00,3030.0,0.0,4110.0,390.0,－－－－－－－－－－,10.0,0.0,0.0,20.0,0.0,0.0,-1500.0,3030.0,yonden
2016,7,2016-07-18,23:00,2830.0,0.0,3970.0,360.0,－－－－－－－－－－,10.0,0.0,0.0,30.0,0.0,0.0,-1540.0,2830.0,yonden
2016,7,2016-07-19,00:00,2650.0,0.0,3850.0,340.0,－－－－－－－－－－,10.0,0.0,0.0,30.0,0.0,0.0,-1580.0,2650.0,yonden
2016,7,2016-07-19,01:00,2540.0,0.0,3810.0,330.0,－－－－－－－－－－,10.0,0.0,0.0,30.0,0.0,0.0,-1640.0,2540.0,yonden
2016,7,2016-07-19,02:00,2580.0,0.0,3790.0,410.0,－－－－－－－－－－,10.0,0.0,0.0,30.0,0.0,0.0,-1660.0,2580.0,yonden
2016,7,2016-07-19,03:00,2720.0,0.0,3850.0,500.0,－－－－－－－－－－,10.0,0.0,0.0,20.0,0.0,0.0,-1660.0,2720.0,yonden
2016,7,2016-07-19,04:00,2850.0,0.0,3920.0,550.0,－－－－－－－－－－,10.0,0.0,0.0,20.0,0.0,0.0,-1650.0,2850.0,yonden
2016,7,2016-07-19,05:00,2880.0,0.0,3990.0,530.0,－－－－－－－－－－,10.0,20.0,0.0,10.0,0.0,0.0,-1680.0,2880.0,yonden
2016,7,2016-07-19,06:00,2850.0,0.0,3990.0,460.0,－－－－－－－－－－,10.0,150.0,0.0,10.0,0.0,0.0,-1770.0,2850.0,yonden
2016,7,2016-07-19,07:00,3010.0,0.0,3940.0,430.0,－－－－－－－－－－,10.0,400.0,0.0,10.0,0.0,0.0,-1780.0,3010.0,yonden
2016,7,2016-07-19,08:00,3650.0,0.0,4160.0,450.0,－－－－－－－－－－,10.0,710.0,0.0,0.0,0.0,0.0,-1680.0,3650.0,yonden
2016,7,2016-07-19,09:00,4050.0,0.0,4410.0,460.0,－－－－－－－－－－,10.0,950.0,0.0,0.0,0.0,0.0,-1780.0,4050.0,yonden
2016,7,2016-07-19,10:00,4230.0,0.0,4550.0,430.0,－－－－－－－－－－,10.0,1150.0,0.0,10.0,0.0,0.0,-1920.0,4230.0,yonden
2016,7,2016-07-19,11:00,4390.0,0.0,4500.0,420.0,－－－－－－－－－－,10.0,1280.0,0.0,0.0,0.0,0.0,-1820.0,4390.0,yonden
2016,7,2016-07-19,12:00,4270.0,0.0,4230.0,400.0,－－－－－－－－－－,10.0,1320.0,0.0,0.0,0.0,0.0,-1690.0,4270.0,yonden
2016,7,2016-07-19,13:00,4530.0,0.0,4510.0,530.0,－－－－－－－－－－,10.0,1260.0,0.0,0.0,0.0,0.0,-1780.0,4530.0,yonden
2016,7,2016-07-19,14:00,4580.0,0.0,4590.0,530.0,－－－－－－－－－－,10.0,1120.0,0.0,10.0,0.0,0.0,-1680.0,4580.0,yonden
2016,7,2016-07-19,15:00,4570.0,0.0,4700.0,550.0,－－－－－－－－－－,10.0,890.0,0.0,0.0,0.0,0.0,-1580.0,4570.0,yonden
2016,7,2016-07-19,16:00,4590.0,0.0,4870.0,630.0,－－－－－－－－－－,10.0,620.0,0.0,0.0,0.0,0.0,-1540.0,4590.0,yonden
2016,7,2016-07-19,17:00,4450.0,0.0,5000.0,670.0,－－－－－－－－－－,10.0,330.0,0.0,0.0,0.0,0.0,-1560.0,4450.0,yonden
2016,7,2016-07-19,18:00,4310.0,0.0,4990.0,750.0,－－－－－－－－－－,10.0,100.0,0.0,0.0,0.0,0.0,-1540.0,4310.0,yonden
2016,7,2016-07-19,19:00,4140.0,0.0,4920.0,750.0,－－－－－－－－－－,10.0,0.0,0.0,0.0,0.0,0.0,-1540.0,4140.0,yonden
2016,7,2016-07-19,20:00,3910.0,0.0,4700.0,710.0,－－－－－－－－－－,10.0,0.0,0.0,0.0,0.0,0.0,-1510.0,3910.0,yonden
2016,7,2016-07-19,21:00,3590.0,0.0,4470.0,560.0,－－－－－－－－－－,10.0,0.0,0.0,0.0,0.0,0.0,-1450.0,3590.0,yonden
2016,7,2016-07-19,22:00,3280.0,0.0,4290.0,440.0,－－－－－－－－－－,10.0,0.0,0.0,0.0,0.0,0.0,-1460.0,3280.0,yonden
2016,7,2016-07-19,23:00,3070.0,0.0,4060.0,400.0,－－－－－－－－－－,10.0,0.0,0.0,0.0,0.0,0.0,-1400.0,3070.0,yonden
2016,7,2016-07-20,00:00,2800.0,0.0,3890.0,330.0,－－－－－－－－－－,10.0,0.0,0.0,0.0,0.0,0.0,-1430.0,2800.0,yonden
2016,7,2016-07-20,01:00,2670.0,0.0,3850.0,320.0,－－－－－－－－－－,10.0,0.0,0.0,0.0,0.0,0.0,-1510.0,2670.0,yonden
2016,7,2016-07-20,02:00,2710.0,0.0,3890.0,320.0,－－－－－－－－－－,10.0,0.0,0.0,0.0,0.0,0.0,-1510.0,2710.0,yonden
2016,7,2016-07-20,03:00,2830.0,0.0,3920.0,410.0,－－－－－－－－－－,10.0,0.0,0.0,0.0,0.0,0.0,-1510.0,2830.0,yonden
2016,7,2016-07-20,04:00,2950.0,0.0,3850.0,530.0,－－－－－－－－－－,10.0,0.0,0.0,0.0,0.0,0.0,-1440.0,2950.0,yonden
2016,7,2016-07-20,05:00,2960.0,0.0,3860.0,480.0,－－－－－－－－－－,10.0,20.0,0.0,0.0,0.0,0.0,-1410.0,2960.0,yonden
2016,7,2016-07-20,06:00,2900.0,0.0,3840.0,350.0,－－－－－－－－－－,10.0,140.0,0.0,0.0,0.0,0.0,-1440.0,2900.0,yonden
2016,7,2016-07-20,07:00,3030.0,0.0,3850.0,290.0,－－－－－－－－－－,10.0,360.0,0.0,0.0,0.0,0.0,-1480.0,3030.0,yonden
2016,7,2016-07-20,08:00,3670.0,0.0,4180.0,360.0,－－－－－－－－－－,10.0,650.0,0.0,0.0,0.0,0.0,-1530.0,3670.0,yonden
2016,7,2016-07-20,09:00,4050.0,0.0,4370.0,480.0,－－－－－－－－－－,10.0,900.0,0.0,0.0,0.0,0.0,-1710.0,4050.0,yonden
2016,7,2016-07-20,10:00,4250.0,0.0,4350.0,520.0,－－－－－－－－－－,10.0,1110.0,0.0,0.0,0.0,0.0,-1740.0,4250.0,yonden
2016,7,2016-07-20,11:00,4390.0,0.0,4320.0,510.0,－－－－－－－－－－,10.0,1220.0,0.0,0.0,0.0,0.0,-1670.0,4390.0,yonden
2016,7,2016-07-20,12:00,4290.0,0.0,4170.0,370.0,－－－－－－－－－－,10.0,1260.0,0.0,0.0,0.0,0.0,-1520.0,4290.0,yonden
2016,7,2016-07-20,13:00,4540.0,0.0,4410.0,420.0,－－－－－－－－－－,10.0,1170.0,0.0,0.0,0.0,0.0,-1470.0,4540.0,yonden
2016,7,2016-07-20,14:00,4520.0,0.0,4540.0,490.0,－－－－－－－－－－,10.0,980.0,0.0,0.0,0.0,0.0,-1500.0,4520.0,yonden
2016,7,2016-07-20,15:00,4510.0,0.0,4730.0,520.0,－－－－－－－－－－,10.0,790.0,0.0,0.0,0.0,0.0,-1540.0,4510.0,yonden
2016,7,2016-07-20,16:00,4540.0,0.0,4960.0,640.0,－－－－－－－－－－,10.0,540.0,0.0,0.0,0.0,0.0,-1610.0,4540.0,yonden
2016,7,2016-07-20,17:00,4380.0,0.0,5010.0,700.0,－－－－－－－－－－,10.0,280.0,0.0,0.0,0.0,0.0,-1620.0,4380.0,yonden
2016,7,2016-07-20,18:00,4210.0,0.0,4920.0,720.0,－－－－－－－－－－,10.0,80.0,0.0,0.0,0.0,0.0,-1520.0,4210.0,yonden
2016,7,2016-07-20,19:00,4090.0,0.0,4910.0,690.0,－－－－－－－－－－,10.0,0.0,0.0,0.0,0.0,0.0,-1520.0,4090.0,yonden
2016,7,2016-07-20,20:00,3880.0,0.0,4800.0,590.0,－－－－－－－－－－,10.0,0.0,0.0,0.0,0.0,0.0,-1520.0,3880.0,yonden
2016,7,2016-07-20,21:00,3570.0,0.0,4550.0,460.0,－－－－－－－－－－,10.0,0.0,0.0,0.0,0.0,0.0,-1450.0,3570.0,yonden
2016,7,2016-07-20,22:00,3280.0,0.0,4230.0,410.0,－－－－－－－－－－,10.0,0.0,0.0,0.0,0.0,0.0,-1370.0,3280.0,yonden
2016,7,2016-07-20,23:00,3080.0,0.0,4050.0,380.0,－－－－－－－－－－,10.0,0.0,0.0,0.0,0.0,0.0,-1360.0,3080.0,yonden
2016,7,2016-07-21,00:00,2820.0,0.0,3900.0,310.0,－－－－－－－－－－,10.0,0.0,0.0,0.0,0.0,0.0,-1400.0,2820.0,yonden
2016,7,2016-07-21,01:00,2680.0,0.0,3860.0,290.0,－－－－－－－－－－,10.0,0.0,0.0,0.0,0.0,0.0,-1480.0,2680.0,yonden
2016,7,2016-07-21,02:00,2730.0,0.0,3850.0,350.0,－－－－－－－－－－,10.0,0.0,0.0,0.0,0.0,0.0,-1480.0,2730.0,yonden
2016,7,2016-07-21,03:00,2840.0,0.0,3850.0,450.0,－－－－－－－－－－,10.0,0.0,0.0,0.0,0.0,0.0,-1470.0,2840.0,yonden
2016,7,2016-07-21,04:00,2960.0,0.0,3910.0,520.0,－－－－－－－－－－,10.0,0.0,0.0,0.0,0.0,0.0,-1480.0,2960.0,yonden
2016,7,2016-07-21,05:00,2970.0,0.0,3920.0,500.0,－－－－－－－－－－,10.0,20.0,0.0,0.0,0.0,0.0,-1480.0,2970.0,yonden
2016,7,2016-07-21,06:00,2930.0,0.0,3910.0,350.0,－－－－－－－－－－,10.0,130.0,0.0,0.0,0.0,0.0,-1470.0,2930.0,yonden
2016,7,2016-07-21,07:00,3050.0,0.0,3990.0,280.0,－－－－－－－－－－,10.0,290.0,0.0,0.0,0.0,0.0,-1520.0,3050.0,yonden
2016,7,2016-07-21,08:00,3660.0,0.0,4270.0,370.0,－－－－－－－－－－,10.0,580.0,0.0,10.0,0.0,0.0,-1580.0,3660.0,yonden
2016,7,2016-07-21,09:00,4070.0,0.0,4560.0,470.0,－－－－－－－－－－,10.0,870.0,0.0,0.0,0.0,0.0,-1840.0,4070.0,yonden
2016,7,2016-07-21,10:00,4270.0,0.0,4650.0,520.0,－－－－－－－－－－,10.0,1090.0,0.0,0.0,0.0,0.0,-2000.0,4270.0,yonden
2016,7,2016-07-21,11:00,4420.0,0.0,4580.0,530.0,－－－－－－－－－－,10.0,1230.0,0.0,0.0,0.0,0.0,-1930.0,4420.0,yonden
2016,7,2016-07-21,12:00,4310.0,0.0,4390.0,370.0,－－－－－－－－－－,10.0,1270.0,0.0,0.0,0.0,0.0,-1730.0,4310.0,yonden
2016,7,2016-07-21,13:00,4560.0,0.0,4620.0,390.0,－－－－－－－－－－,10.0,1240.0,0.0,0.0,0.0,0.0,-1700.0,4560.0,yonden
2016,7,2016-07-21,14:00,4630.0,0.0,4710.0,410.0,－－－－－－－－－－,10.0,1100.0,0.0,10.0,0.0,0.0,-1610.0,4630.0,yonden
2016,7,2016-07-21,15:00,4590.0,0.0,4740.0,500.0,－－－－－－－－－－,10.0,870.0,0.0,10.0,0.0,0.0,-1540.0,4590.0,yonden
2016,7,2016-07-21,16:00,4550.0,0.0,4860.0,620.0,－－－－－－－－－－,10.0,580.0,0.0,10.0,0.0,0.0,-1530.0,4550.0,yonden
2016,7,2016-07-21,17:00,4410.0,0.0,4970.0,710.0,－－－－－－－－－－,10.0,300.0,0.0,10.0,0.0,0.0,-1590.0,4410.0,yonden
2016,7,2016-07-21,18:00,4260.0,0.0,4960.0,720.0,－－－－－－－－－－,10.0,90.0,0.0,10.0,0.0,0.0,-1530.0,4260.0,yonden
2016,7,2016-07-21,19:00,4110.0,0.0,4930.0,710.0,－－－－－－－－－－,10.0,0.0,0.0,10.0,0.0,0.0,-1550.0,4110.0,yonden
2016,7,2016-07-21,20:00,3880.0,0.0,4790.0,650.0,－－－－－－－－－－,10.0,0.0,0.0,20.0,0.0,0.0,-1590.0,3880.0,yonden
2016,7,2016-07-21,21:00,3570.0,0.0,4500.0,490.0,－－－－－－－－－－,10.0,0.0,0.0,20.0,0.0,0.0,-1450.0,3570.0,yonden
2016,7,2016-07-21,22:00,3300.0,0.0,4260.0,390.0,－－－－－－－－－－,10.0,0.0,0.0,10.0,0.0,0.0,-1370.0,3300.0,yonden
2016,7,2016-07-21,23:00,3100.0,0.0,4130.0,320.0,－－－－－－－－－－,10.0,0.0,0.0,0.0,0.0,0.0,-1360.0,3100.0,yonden
2016,7,2016-07-22,00:00,2820.0,0.0,3940.0,290.0,－－－－－－－－－－,10.0,0.0,0.0,0.0,0.0,0.0,-1420.0,2820.0,yonden
2016,7,2016-07-22,01:00,2690.0,0.0,3900.0,260.0,－－－－－－－－－－,10.0,0.0,0.0,0.0,0.0,0.0,-1480.0,2690.0,yonden
2016,7,2016-07-22,02:00,2730.0,0.0,3910.0,280.0,－－－－－－－－－－,10.0,0.0,0.0,10.0,0.0,0.0,-1480.0,2730.0,yonden
2016,7,2016-07-22,03:00,2840.0,0.0,3920.0,430.0,－－－－－－－－－－,10.0,0.0,0.0,10.0,0.0,0.0,-1530.0,2840.0,yonden
2016,7,2016-07-22,04:00,2960.0,0.0,3960.0,480.0,－－－－－－－－－－,10.0,0.0,0.0,10.0,0.0,0.0,-1500.0,2960.0,yonden
2016,7,2016-07-22,05:00,2980.0,0.0,3960.0,460.0,－－－－－－－－－－,10.0,20.0,0.0,10.0,0.0,0.0,-1480.0,2980.0,yonden
2016,7,2016-07-22,06:00,2920.0,0.0,3930.0,280.0,－－－－－－－－－－,10.0,130.0,0.0,10.0,0.0,0.0,-1440.0,2920.0,yonden
2016,7,2016-07-22,07:00,3060.0,0.0,3950.0,270.0,－－－－－－－－－－,10.0,330.0,0.0,0.0,0.0,0.0,-1500.0,3060.0,yonden
2016,7,2016-07-22,08:00,3660.0,0.0,4230.0,330.0,－－－－－－－－－－,10.0,620.0,0.0,10.0,0.0,0.0,-1540.0,3660.0,yonden
2016,7,2016-07-22,09:00,4080.0,0.0,4530.0,460.0,－－－－－－－－－－,10.0,900.0,0.0,10.0,0.0,0.0,-1830.0,4080.0,yonden
2016,7,2016-07-22,10:00,4240.0,0.0,4680.0,480.0,－－－－－－－－－－,10.0,1060.0,0.0,10.0,0.0,0.0,-2000.0,4240.0,yonden
2016,7,2016-07-22,11:00,4310.0,0.0,4650.0,480.0,－－－－－－－－－－,10.0,1150.0,0.0,10.0,0.0,0.0,-1990.0,4310.0,yonden
2016,7,2016-07-22,12:00,4210.0,0.0,4490.0,330.0,－－－－－－－－－－,10.0,1210.0,0.0,10.0,0.0,0.0,-1840.0,4210.0,yonden
2016,7,2016-07-22,13:00,4480.0,0.0,4630.0,410.0,－－－－－－－－－－,10.0,1200.0,0.0,10.0,0.0,0.0,-1780.0,4480.0,yonden
2016,7,2016-07-22,14:00,4520.0,0.0,4660.0,480.0,－－－－－－－－－－,10.0,1100.0,0.0,10.0,0.0,0.0,-1740.0,4520.0,yonden
2016,7,2016-07-22,15:00,4500.0,0.0,4710.0,490.0,－－－－－－－－－－,10.0,870.0,0.0,10.0,0.0,0.0,-1590.0,4500.0,yonden
2016,7,2016-07-22,16:00,4510.0,0.0,4750.0,620.0,－－－－－－－－－－,10.0,610.0,0.0,10.0,0.0,20.0,-1510.0,4510.0,yonden
2016,7,2016-07-22,17:00,4320.0,0.0,4610.0,640.0,－－－－－－－－－－,10.0,310.0,0.0,10.0,0.0,200.0,-1460.0,4320.0,yonden
2016,7,2016-07-22,18:00,4140.0,0.0,4620.0,670.0,－－－－－－－－－－,10.0,90.0,0.0,0.0,0.0,190.0,-1440.0,4140.0,yonden
2016,7,2016-07-22,19:00,4000.0,0.0,4620.0,660.0,－－－－－－－－－－,10.0,0.0,0.0,0.0,0.0,180.0,-1470.0,4000.0,yonden
2016,7,2016-07-22,20:00,3800.0,0.0,4490.0,500.0,－－－－－－－－－－,10.0,0.0,0.0,10.0,0.0,180.0,-1390.0,3800.0,yonden
2016,7,2016-07-22,21:00,3490.0,0.0,4400.0,390.0,－－－－－－－－－－,10.0,0.0,0.0,10.0,0.0,30.0,-1350.0,3490.0,yonden
2016,7,2016-07-22,22:00,3250.0,0.0,4250.0,330.0,－－－－－－－－－－,10.0,0.0,0.0,10.0,0.0,0.0,-1350.0,3250.0,yonden
2016,7,2016-07-22,23:00,3050.0,0.0,4030.0,300.0,－－－－－－－－－－,10.0,0.0,0.0,10.0,0.0,0.0,-1300.0,3050.0,yonden
2016,7,2016-07-23,00:00,2790.0,0.0,3900.0,220.0,－－－－－－－－－－,10.0,0.0,0.0,20.0,0.0,0.0,-1360.0,2790.0,yonden
2016,7,2016-07-23,01:00,2670.0,0.0,3830.0,230.0,－－－－－－－－－－,10.0,0.0,0.0,20.0,0.0,0.0,-1420.0,2670.0,yonden
2016,7,2016-07-23,02:00,2710.0,0.0,3820.0,260.0,－－－－－－－－－－,10.0,0.0,0.0,20.0,0.0,0.0,-1400.0,2710.0,yonden
2016,7,2016-07-23,03:00,2810.0,0.0,3830.0,330.0,－－－－－－－－－－,10.0,0.0,0.0,10.0,0.0,0.0,-1370.0,2810.0,yonden
2016,7,2016-07-23,04:00,2910.0,0.0,3890.0,320.0,－－－－－－－－－－,10.0,0.0,0.0,0.0,0.0,0.0,-1310.0,2910.0,yonden
2016,7,2016-07-23,05:00,2900.0,0.0,3940.0,330.0,－－－－－－－－－－,10.0,10.0,0.0,0.0,0.0,0.0,-1390.0,2900.0,yonden
2016,7,2016-07-23,06:00,2750.0,0.0,3870.0,240.0,－－－－－－－－－－,10.0,130.0,0.0,0.0,0.0,0.0,-1500.0,2750.0,yonden
2016,7,2016-07-23,07:00,2800.0,0.0,3830.0,210.0,－－－－－－－－－－,10.0,350.0,0.0,0.0,0.0,0.0,-1600.0,2800.0,yonden
2016,7,2016-07-23,08:00,3190.0,0.0,3940.0,210.0,－－－－－－－－－－,10.0,580.0,0.0,0.0,0.0,0.0,-1550.0,3190.0,yonden
2016,7,2016-07-23,09:00,3520.0,0.0,3960.0,260.0,－－－－－－－－－－,10.0,830.0,0.0,0.0,0.0,0.0,-1540.0,3520.0,yonden
2016,7,2016-07-23,10:00,3700.0,0.0,3880.0,270.0,－－－－－－－－－－,10.0,1030.0,0.0,0.0,0.0,0.0,-1490.0,3700.0,yonden
2016,7,2016-07-23,11:00,3860.0,0.0,3890.0,260.0,－－－－－－－－－－,10.0,1200.0,0.0,0.0,0.0,0.0,-1500.0,3860.0,yonden
2016,7,2016-07-23,12:00,3850.0,0.0,3810.0,250.0,－－－－－－－－－－,10.0,1280.0,0.0,0.0,0.0,0.0,-1500.0,3850.0,yonden
2016,7,2016-07-23,13:00,4000.0,0.0,3960.0,270.0,－－－－－－－－－－,10.0,1250.0,0.0,0.0,0.0,0.0,-1490.0,4000.0,yonden
2016,7,2016-07-23,14:00,4050.0,0.0,4050.0,280.0,－－－－－－－－－－,10.0,1130.0,0.0,10.0,0.0,0.0,-1430.0,4050.0,yonden
2016,7,2016-07-23,15:00,4030.0,0.0,4140.0,260.0,－－－－－－－－－－,10.0,890.0,0.0,20.0,0.0,0.0,-1290.0,4030.0,yonden
2016,7,2016-07-23,16:00,4000.0,0.0,4290.0,360.0,－－－－－－－－－－,10.0,600.0,0.0,30.0,0.0,0.0,-1290.0,4000.0,yonden
2016,7,2016-07-23,17:00,3880.0,0.0,4400.0,480.0,－－－－－－－－－－,10.0,290.0,0.0,40.0,0.0,0.0,-1340.0,3880.0,yonden
2016,7,2016-07-23,18:00,3780.0,0.0,4440.0,570.0,－－－－－－－－－－,10.0,80.0,0.0,50.0,0.0,0.0,-1370.0,3780.0,yonden
2016,7,2016-07-23,19:00,3710.0,0.0,4390.0,530.0,－－－－－－－－－－,10.0,0.0,0.0,60.0,0.0,0.0,-1280.0,3710.0,yonden
2016,7,2016-07-23,20:00,3550.0,0.0,4250.0,460.0,－－－－－－－－－－,10.0,0.0,0.0,70.0,0.0,0.0,-1240.0,3550.0,yonden
2016,7,2016-07-23,21:00,3320.0,0.0,4130.0,360.0,－－－－－－－－－－,10.0,0.0,0.0,60.0,0.0,0.0,-1240.0,3320.0,yonden
2016,7,2016-07-23,22:00,3090.0,0.0,4020.0,240.0,－－－－－－－－－－,10.0,0.0,0.0,50.0,0.0,0.0,-1230.0,3090.0,yonden
2016,7,2016-07-23,23:00,2910.0,0.0,3970.0,220.0,－－－－－－－－－－,10.0,0.0,0.0,40.0,0.0,0.0,-1330.0,2910.0,yonden
2016,7,2016-07-24,00:00,2710.0,0.0,3920.0,210.0,－－－－－－－－－－,10.0,0.0,0.0,20.0,0.0,0.0,-1450.0,2710.0,yonden
2016,7,2016-07-24,01:00,2600.0,0.0,3850.0,230.0,－－－－－－－－－－,10.0,0.0,0.0,10.0,0.0,0.0,-1500.0,2600.0,yonden
2016,7,2016-07-24,02:00,2630.0,0.0,3860.0,240.0,－－－－－－－－－－,10.0,0.0,0.0,10.0,0.0,0.0,-1490.0,2630.0,yonden
2016,7,2016-07-24,03:00,2750.0,0.0,3940.0,290.0,－－－－－－－－－－,10.0,0.0,0.0,10.0,0.0,0.0,-1500.0,2750.0,yonden
2016,7,2016-07-24,04:00,2830.0,0.0,3910.0,330.0,－－－－－－－－－－,10.0,0.0,0.0,10.0,0.0,0.0,-1430.0,2830.0,yonden
2016,7,2016-07-24,05:00,2810.0,0.0,3890.0,300.0,－－－－－－－－－－,10.0,20.0,0.0,10.0,0.0,0.0,-1420.0,2810.0,yonden
2016,7,2016-07-24,06:00,2650.0,0.0,3750.0,230.0,－－－－－－－－－－,10.0,150.0,0.0,10.0,0.0,0.0,-1500.0,2650.0,yonden
2016,7,2016-07-24,07:00,2600.0,0.0,3650.0,210.0,－－－－－－－－－－,10.0,310.0,0.0,10.0,0.0,0.0,-1590.0,2600.0,yonden
2016,7,2016-07-24,08:00,2830.0,0.0,3660.0,220.0,－－－－－－－－－－,10.0,490.0,0.0,10.0,0.0,0.0,-1560.0,2830.0,yonden
2016,7,2016-07-24,09:00,3140.0,0.0,3760.0,270.0,－－－－－－－－－－,10.0,660.0,0.0,10.0,0.0,0.0,-1570.0,3140.0,yonden
2016,7,2016-07-24,10:00,3280.0,0.0,3840.0,290.0,－－－－－－－－－－,10.0,780.0,0.0,10.0,0.0,0.0,-1650.0,3280.0,yonden
2016,7,2016-07-24,11:00,3450.0,0.0,3880.0,440.0,－－－－－－－－－－,10.0,900.0,0.0,10.0,0.0,-270.0,-1520.0,3450.0,yonden
2016,7,2016-07-24,12:00,3460.0,0.0,3880.0,410.0,－－－－－－－－－－,10.0,930.0,0.0,10.0,0.0,-290.0,-1490.0,3460.0,yonden
2016,7,2016-07-24,13:00,3480.0,0.0,3890.0,300.0,－－－－－－－－－－,10.0,820.0,0.0,10.0,0.0,-50.0,-1500.0,3480.0,yonden
2016,7,2016-07-24,14:00,3450.0,0.0,3920.0,270.0,－－－－－－－－－－,10.0,710.0,0.0,20.0,0.0,0.0,-1480.0,3450.0,yonden
2016,7,2016-07-24,15:00,3420.0,0.0,3960.0,260.0,－－－－－－－－－－,10.0,520.0,0.0,30.0,0.0,0.0,-1360.0,3420.0,yonden
2016,7,2016-07-24,16:00,3390.0,0.0,4080.0,330.0,－－－－－－－－－－,10.0,300.0,0.0,40.0,0.0,0.0,-1370.0,3390.0,yonden
2016,7,2016-07-24,17:00,3400.0,0.0,4140.0,460.0,－－－－－－－－－－,10.0,150.0,0.0,40.0,0.0,0.0,-1400.0,3400.0,yonden
2016,7,2016-07-24,18:00,3420.0,0.0,4270.0,510.0,－－－－－－－－－－,10.0,50.0,0.0,40.0,0.0,0.0,-1460.0,3420.0,yonden
2016,7,2016-07-24,19:00,3420.0,0.0,4240.0,520.0,－－－－－－－－－－,10.0,0.0,0.0,50.0,0.0,0.0,-1400.0,3420.0,yonden
2016,7,2016-07-24,20:00,3290.0,0.0,4100.0,470.0,－－－－－－－－－－,10.0,0.0,0.0,50.0,0.0,0.0,-1340.0,3290.0,yonden
2016,7,2016-07-24,21:00,3080.0,0.0,3930.0,330.0,－－－－－－－－－－,10.0,0.0,0.0,60.0,0.0,0.0,-1250.0,3080.0,yonden
2016,7,2016-07-24,22:00,2860.0,0.0,3900.0,270.0,－－－－－－－－－－,10.0,0.0,0.0,50.0,0.0,0.0,-1370.0,2860.0,yonden
2016,7,2016-07-24,23:00,2700.0,0.0,3860.0,250.0,－－－－－－－－－－,10.0,0.0,0.0,50.0,0.0,0.0,-1470.0,2700.0,yonden
2016,7,2016-07-25,00:00,2550.0,0.0,3870.0,250.0,－－－－－－－－－－,10.0,0.0,0.0,40.0,0.0,0.0,-1620.0,2550.0,yonden
2016,7,2016-07-25,01:00,2470.0,0.0,3890.0,400.0,－－－－－－－－－－,10.0,0.0,0.0,40.0,0.0,-290.0,-1580.0,2470.0,yonden
2016,7,2016-07-25,02:00,2530.0,0.0,3860.0,440.0,－－－－－－－－－－,10.0,0.0,0.0,40.0,0.0,-300.0,-1520.0,2530.0,yonden
2016,7,2016-07-25,03:00,2670.0,0.0,3930.0,370.0,－－－－－－－－－－,10.0,0.0,0.0,30.0,0.0,-150.0,-1520.0,2670.0,yonden
2016,7,2016-07-25,04:00,2810.0,0.0,3960.0,280.0,－－－－－－－－－－,10.0,0.0,0.0,30.0,0.0,0.0,-1470.0,2810.0,yonden
2016,7,2016-07-25,05:00,2870.0,0.0,4060.0,220.0,－－－－－－－－－－,10.0,10.0,0.0,30.0,0.0,0.0,-1460.0,2870.0,yonden
2016,7,2016-07-25,06:00,2850.0,0.0,4130.0,220.0,－－－－－－－－－－,10.0,80.0,0.0,20.0,0.0,0.0,-1610.0,2850.0,yonden
2016,7,2016-07-25,07:00,3020.0,0.0,4100.0,220.0,－－－－－－－－－－,10.0,210.0,0.0,20.0,0.0,0.0,-1540.0,3020.0,yonden
2016,7,2016-07-25,08:00,3610.0,0.0,4360.0,240.0,－－－－－－－－－－,10.0,360.0,0.0,30.0,0.0,0.0,-1390.0,3610.0,yonden
2016,7,2016-07-25,09:00,4010.0,0.0,4580.0,310.0,－－－－－－－－－－,10.0,520.0,0.0,20.0,0.0,0.0,-1430.0,4010.0,yonden
2016,7,2016-07-25,10:00,4120.0,0.0,4510.0,350.0,－－－－－－－－－－,10.0,640.0,0.0,20.0,0.0,0.0,-1410.0,4120.0,yonden
2016,7,2016-07-25,11:00,4260.0,0.0,4550.0,390.0,－－－－－－－－－－,10.0,790.0,0.0,20.0,0.0,0.0,-1500.0,4260.0,yonden
2016,7,2016-07-25,12:00,4130.0,0.0,4560.0,250.0,－－－－－－－－－－,10.0,770.0,0.0,20.0,0.0,0.0,-1480.0,4130.0,yonden
2016,7,2016-07-25,13:00,4380.0,0.0,4780.0,360.0,－－－－－－－－－－,10.0,680.0,0.0,30.0,0.0,0.0,-1480.0,4380.0,yonden
2016,7,2016-07-25,14:00,4380.0,0.0,4890.0,440.0,－－－－－－－－－－,10.0,520.0,0.0,30.0,0.0,0.0,-1510.0,4380.0,yonden
2016,7,2016-07-25,15:00,4260.0,0.0,4890.0,450.0,－－－－－－－－－－,10.0,380.0,0.0,40.0,0.0,0.0,-1510.0,4260.0,yonden
2016,7,2016-07-25,16:00,4220.0,0.0,4990.0,550.0,－－－－－－－－－－,10.0,250.0,0.0,30.0,0.0,0.0,-1610.0,4220.0,yonden
2016,7,2016-07-25,17:00,4090.0,0.0,4840.0,550.0,－－－－－－－－－－,10.0,120.0,0.0,30.0,0.0,80.0,-1540.0,4090.0,yonden
2016,7,2016-07-25,18:00,3980.0,0.0,4720.0,540.0,－－－－－－－－－－,10.0,30.0,0.0,40.0,0.0,280.0,-1640.0,3980.0,yonden
2016,7,2016-07-25,19:00,3860.0,0.0,4770.0,450.0,－－－－－－－－－－,10.0,0.0,0.0,40.0,0.0,210.0,-1620.0,3860.0,yonden
2016,7,2016-07-25,20:00,3650.0,0.0,4530.0,390.0,－－－－－－－－－－,10.0,0.0,0.0,40.0,0.0,60.0,-1380.0,3650.0,yonden
2016,7,2016-07-25,21:00,3390.0,0.0,4340.0,370.0,－－－－－－－－－－,10.0,0.0,0.0,50.0,0.0,0.0,-1380.0,3390.0,yonden
2016,7,2016-07-25,22:00,3170.0,0.0,4110.0,300.0,－－－－－－－－－－,10.0,0.0,0.0,60.0,0.0,0.0,-1310.0,3170.0,yonden
2016,7,2016-07-25,23:00,3000.0,0.0,4100.0,270.0,－－－－－－－－－－,10.0,0.0,0.0,60.0,0.0,0.0,-1440.0,3000.0,yonden
2016,7,2016-07-26,00:00,2790.0,0.0,4090.0,230.0,－－－－－－－－－－,10.0,0.0,0.0,50.0,0.0,0.0,-1590.0,2790.0,yonden
2016,7,2016-07-26,01:00,2670.0,0.0,4100.0,300.0,－－－－－－－－－－,10.0,0.0,0.0,50.0,0.0,-300.0,-1490.0,2670.0,yonden
2016,7,2016-07-26,02:00,2720.0,0.0,4140.0,310.0,－－－－－－－－－－,10.0,0.0,0.0,40.0,0.0,-300.0,-1480.0,2720.0,yonden
2016,7,2016-07-26,03:00,2860.0,0.0,4150.0,260.0,－－－－－－－－－－,10.0,0.0,0.0,40.0,0.0,0.0,-1600.0,2860.0,yonden
2016,7,2016-07-26,04:00,2980.0,0.0,4180.0,270.0,－－－－－－－－－－,10.0,0.0,0.0,30.0,0.0,0.0,-1510.0,2980.0,yonden
2016,7,2016-07-26,05:00,3020.0,0.0,4220.0,230.0,－－－－－－－－－－,10.0,10.0,0.0,20.0,0.0,0.0,-1470.0,3020.0,yonden
2016,7,2016-07-26,06:00,2980.0,0.0,4210.0,220.0,－－－－－－－－－－,10.0,100.0,0.0,20.0,0.0,0.0,-1580.0,2980.0,yonden
2016,7,2016-07-26,07:00,3070.0,0.0,4160.0,230.0,－－－－－－－－－－,10.0,240.0,0.0,20.0,0.0,0.0,-1590.0,3070.0,yonden
2016,7,2016-07-26,08:00,3650.0,0.0,4360.0,320.0,－－－－－－－－－－,10.0,500.0,0.0,10.0,0.0,0.0,-1550.0,3650.0,yonden
2016,7,2016-07-26,09:00,4060.0,0.0,4570.0,450.0,－－－－－－－－－－,10.0,770.0,0.0,10.0,0.0,0.0,-1750.0,4060.0,yonden
2016,7,2016-07-26,10:00,4190.0,0.0,4590.0,520.0,－－－－－－－－－－,10.0,960.0,0.0,10.0,0.0,0.0,-1900.0,4190.0,yonden
2016,7,2016-07-26,11:00,4400.0,0.0,4590.0,490.0,－－－－－－－－－－,10.0,1110.0,0.0,10.0,0.0,0.0,-1810.0,4400.0,yonden
2016,7,2016-07-26,12:00,4350.0,0.0,4620.0,320.0,－－－－－－－－－－,10.0,1130.0,0.0,0.0,0.0,0.0,-1730.0,4350.0,yonden
2016,7,2016-07-26,13:00,4540.0,0.0,4670.0,390.0,－－－－－－－－－－,10.0,1060.0,0.0,0.0,0.0,0.0,-1590.0,4540.0,yonden
2016,7,2016-07-26,14:00,4470.0,0.0,4660.0,420.0,－－－－－－－－－－,10.0,850.0,0.0,0.0,0.0,0.0,-1470.0,4470.0,yonden
2016,7,2016-07-26,15:00,4430.0,0.0,4730.0,490.0,－－－－－－－－－－,10.0,680.0,0.0,10.0,0.0,0.0,-1490.0,4430.0,yonden
2016,7,2016-07-26,16:00,4480.0,0.0,4840.0,570.0,－－－－－－－－－－,10.0,530.0,0.0,20.0,0.0,0.0,-1490.0,4480.0,yonden
2016,7,2016-07-26,17:00,4300.0,0.0,4910.0,630.0,－－－－－－－－－－,10.0,250.0,0.0,30.0,0.0,0.0,-1530.0,4300.0,yonden
2016,7,2016-07-26,18:00,4190.0,0.0,5020.0,610.0,－－－－－－－－－－,10.0,60.0,0.0,30.0,0.0,0.0,-1540.0,4190.0,yonden
2016,7,2016-07-26,19:00,4080.0,0.0,5050.0,570.0,－－－－－－－－－－,10.0,0.0,0.0,30.0,0.0,0.0,-1580.0,4080.0,yonden
2016,7,2016-07-26,20:00,3850.0,0.0,4760.0,460.0,－－－－－－－－－－,10.0,0.0,0.0,40.0,0.0,0.0,-1420.0,3850.0,yonden
2016,7,2016-07-26,21:00,3550.0,0.0,4400.0,400.0,－－－－－－－－－－,10.0,0.0,0.0,40.0,0.0,0.0,-1300.0,3550.0,yonden
2016,7,2016-07-26,22:00,3310.0,0.0,4180.0,290.0,－－－－－－－－－－,10.0,0.0,0.0,40.0,0.0,0.0,-1210.0,3310.0,yonden
2016,7,2016-07-26,23:00,3110.0,0.0,4100.0,250.0,－－－－－－－－－－,10.0,0.0,0.0,40.0,0.0,0.0,-1290.0,3110.0,yonden
2016,7,2016-07-27,00:00,2860.0,0.0,4010.0,170.0,－－－－－－－－－－,10.0,0.0,0.0,40.0,0.0,0.0,-1370.0,2860.0,yonden
2016,7,2016-07-27,01:00,2730.0,0.0,3960.0,180.0,－－－－－－－－－－,10.0,0.0,0.0,30.0,0.0,0.0,-1450.0,2730.0,yonden
2016,7,2016-07-27,02:00,2780.0,0.0,4020.0,190.0,－－－－－－－－－－,10.0,0.0,0.0,30.0,0.0,0.0,-1470.0,2780.0,yonden
2016,7,2016-07-27,03:00,2880.0,0.0,4060.0,250.0,－－－－－－－－－－,10.0,0.0,0.0,30.0,0.0,0.0,-1470.0,2880.0,yonden
2016,7,2016-07-27,04:00,3000.0,0.0,4050.0,280.0,－－－－－－－－－－,10.0,0.0,0.0,30.0,0.0,0.0,-1370.0,3000.0,yonden
2016,7,2016-07-27,05:00,2980.0,0.0,4020.0,220.0,－－－－－－－－－－,10.0,10.0,0.0,30.0,0.0,0.0,-1310.0,2980.0,yonden
2016,7,2016-07-27,06:00,2930.0,0.0,4000.0,190.0,－－－－－－－－－－,10.0,100.0,0.0,30.0,0.0,0.0,-1400.0,2930.0,yonden
2016,7,2016-07-27,07:00,3090.0,0.0,3990.0,180.0,－－－－－－－－－－,10.0,280.0,0.0,20.0,0.0,0.0,-1390.0,3090.0,yonden
2016,7,2016-07-27,08:00,3690.0,0.0,4420.0,280.0,－－－－－－－－－－,10.0,490.0,0.0,20.0,0.0,0.0,-1530.0,3690.0,yonden
2016,7,2016-07-27,09:00,4090.0,0.0,4660.0,410.0,－－－－－－－－－－,10.0,760.0,0.0,10.0,0.0,0.0,-1760.0,4090.0,yonden
2016,7,2016-07-27,10:00,4290.0,0.0,4740.0,450.0,－－－－－－－－－－,10.0,1040.0,0.0,10.0,0.0,0.0,-1960.0,4290.0,yonden
2016,7,2016-07-27,11:00,4500.0,0.0,4850.0,430.0,－－－－－－－－－－,10.0,1200.0,0.0,10.0,0.0,0.0,-2000.0,4500.0,yonden
2016,7,2016-07-27,12:00,4410.0,0.0,4690.0,300.0,－－－－－－－－－－,10.0,1230.0,0.0,10.0,0.0,0.0,-1830.0,4410.0,yonden
2016,7,2016-07-27,13:00,4640.0,0.0,4930.0,340.0,－－－－－－－－－－,10.0,1140.0,0.0,20.0,0.0,0.0,-1800.0,4640.0,yonden
2016,7,2016-07-27,14:00,4630.0,0.0,4820.0,420.0,－－－－－－－－－－,10.0,1020.0,0.0,30.0,0.0,0.0,-1670.0,4630.0,yonden
2016,7,2016-07-27,15:00,4600.0,0.0,4890.0,450.0,－－－－－－－－－－,10.0,830.0,0.0,30.0,0.0,0.0,-1610.0,4600.0,yonden
2016,7,2016-07-27,16:00,4600.0,0.0,5040.0,560.0,－－－－－－－－－－,10.0,570.0,0.0,40.0,0.0,0.0,-1620.0,4600.0,yonden
2016,7,2016-07-27,17:00,4410.0,0.0,4970.0,620.0,－－－－－－－－－－,10.0,290.0,0.0,40.0,0.0,0.0,-1520.0,4410.0,yonden
2016,7,2016-07-27,18:00,4310.0,0.0,5040.0,660.0,－－－－－－－－－－,10.0,80.0,0.0,40.0,0.0,0.0,-1520.0,4310.0,yonden
2016,7,2016-07-27,19:00,4180.0,0.0,5050.0,610.0,－－－－－－－－－－,10.0,0.0,0.0,50.0,0.0,0.0,-1540.0,4180.0,yonden
2016,7,2016-07-27,20:00,3950.0,0.0,4850.0,470.0,－－－－－－－－－－,10.0,0.0,0.0,50.0,0.0,0.0,-1430.0,3950.0,yonden
2016,7,2016-07-27,21:00,3640.0,0.0,4500.0,440.0,－－－－－－－－－－,10.0,0.0,0.0,60.0,0.0,0.0,-1370.0,3640.0,yonden
2016,7,2016-07-27,22:00,3320.0,0.0,4220.0,360.0,－－－－－－－－－－,10.0,0.0,0.0,70.0,0.0,0.0,-1340.0,3320.0,yonden
2016,7,2016-07-27,23:00,3110.0,0.0,4090.0,270.0,－－－－－－－－－－,10.0,0.0,0.0,60.0,0.0,0.0,-1320.0,3110.0,yonden
2016,7,2016-07-28,00:00,2850.0,0.0,3950.0,200.0,－－－－－－－－－－,10.0,0.0,0.0,70.0,0.0,0.0,-1380.0,2850.0,yonden
2016,7,2016-07-28,01:00,2710.0,0.0,3830.0,210.0,－－－－－－－－－－,10.0,0.0,0.0,60.0,0.0,0.0,-1400.0,2710.0,yonden
2016,7,2016-07-28,02:00,2780.0,0.0,3870.0,240.0,－－－－－－－－－－,10.0,0.0,0.0,70.0,0.0,0.0,-1410.0,2780.0,yonden
2016,7,2016-07-28,03:00,2900.0,0.0,3860.0,350.0,－－－－－－－－－－,10.0,0.0,0.0,60.0,0.0,0.0,-1380.0,2900.0,yonden
2016,7,2016-07-28,04:00,3010.0,0.0,3850.0,360.0,－－－－－－－－－－,10.0,0.0,0.0,60.0,0.0,0.0,-1270.0,3010.0,yonden
2016,7,2016-07-28,05:00,3040.0,0.0,3920.0,300.0,－－－－－－－－－－,10.0,20.0,0.0,30.0,0.0,0.0,-1240.0,3040.0,yonden
2016,7,2016-07-28,06:00,3010.0,0.0,3970.0,230.0,－－－－－－－－－－,10.0,150.0,0.0,20.0,0.0,0.0,-1370.0,3010.0,yonden
2016,7,2016-07-28,07:00,3180.0,0.0,3950.0,200.0,－－－－－－－－－－,10.0,380.0,0.0,20.0,0.0,0.0,-1380.0,3180.0,yonden
2016,7,2016-07-28,08:00,3810.0,0.0,4360.0,250.0,－－－－－－－－－－,10.0,660.0,0.0,20.0,0.0,0.0,-1490.0,3810.0,yonden
2016,7,2016-07-28,09:00,4200.0,0.0,4680.0,390.0,－－－－－－－－－－,10.0,900.0,0.0,20.0,0.0,0.0,-1800.0,4200.0,yonden
2016,7,2016-07-28,10:00,4420.0,0.0,4840.0,470.0,－－－－－－－－－－,10.0,1120.0,0.0,20.0,0.0,0.0,-2040.0,4420.0,yonden
2016,7,2016-07-28,11:00,4610.0,0.0,4930.0,430.0,－－－－－－－－－－,10.0,1260.0,0.0,20.0,0.0,0.0,-2040.0,4610.0,yonden
2016,7,2016-07-28,12:00,4530.0,0.0,4930.0,290.0,－－－－－－－－－－,10.0,1320.0,0.0,20.0,0.0,0.0,-2040.0,4530.0,yonden
2016,7,2016-07-28,13:00,4790.0,0.0,4960.0,310.0,－－－－－－－－－－,10.0,1250.0,0.0,30.0,0.0,0.0,-1770.0,4790.0,yonden
2016,7,2016-07-28,14:00,4760.0,0.0,4910.0,360.0,－－－－－－－－－－,10.0,1060.0,0.0,40.0,0.0,0.0,-1620.0,4760.0,yonden
2016,7,2016-07-28,15:00,4680.0,0.0,5030.0,370.0,－－－－－－－－－－,10.0,810.0,0.0,50.0,0.0,0.0,-1590.0,4680.0,yonden
2016,7,2016-07-28,16:00,4680.0,0.0,5150.0,520.0,－－－－－－－－－－,10.0,560.0,0.0,60.0,0.0,0.0,-1620.0,4680.0,yonden
2016,7,2016-07-28,17:00,4540.0,0.0,5180.0,540.0,－－－－－－－－－－,10.0,300.0,0.0,70.0,0.0,0.0,-1560.0,4540.0,yonden
2016,7,2016-07-28,18:00,4400.0,0.0,5130.0,630.0,－－－－－－－－－－,10.0,80.0,0.0,70.0,0.0,0.0,-1520.0,4400.0,yonden
2016,7,2016-07-28,19:00,4250.0,0.0,5060.0,640.0,－－－－－－－－－－,10.0,0.0,0.0,70.0,0.0,0.0,-1530.0,4250.0,yonden
2016,7,2016-07-28,20:00,4000.0,0.0,4800.0,580.0,－－－－－－－－－－,10.0,0.0,0.0,70.0,0.0,0.0,-1460.0,4000.0,yonden
2016,7,2016-07-28,21:00,3690.0,0.0,4540.0,420.0,－－－－－－－－－－,10.0,0.0,0.0,70.0,0.0,0.0,-1350.0,3690.0,yonden
2016,7,2016-07-28,22:00,3380.0,0.0,4290.0,280.0,－－－－－－－－－－,10.0,0.0,0.0,60.0,0.0,0.0,-1260.0,3380.0,yonden
2016,7,2016-07-28,23:00,3140.0,0.0,4190.0,210.0,－－－－－－－－－－,10.0,0.0,0.0,40.0,0.0,0.0,-1310.0,3140.0,yonden
2016,7,2016-07-29,00:00,2920.0,0.0,4110.0,140.0,－－－－－－－－－－,10.0,0.0,0.0,30.0,0.0,0.0,-1370.0,2920.0,yonden
2016,7,2016-07-29,01:00,2790.0,0.0,4050.0,160.0,－－－－－－－－－－,10.0,0.0,0.0,20.0,0.0,0.0,-1450.0,2790.0,yonden
2016,7,2016-07-29,02:00,2810.0,0.0,4060.0,170.0,－－－－－－－－－－,10.0,0.0,0.0,30.0,0.0,0.0,-1460.0,2810.0,yonden
2016,7,2016-07-29,03:00,2910.0,0.0,4050.0,260.0,－－－－－－－－－－,10.0,0.0,0.0,20.0,0.0,0.0,-1430.0,2910.0,yonden
2016,7,2016-07-29,04:00,3010.0,0.0,3990.0,280.0,－－－－－－－－－－,10.0,0.0,0.0,20.0,0.0,0.0,-1290.0,3010.0,yonden
2016,7,2016-07-29,05:00,3050.0,0.0,4100.0,220.0,－－－－－－－－－－,10.0,10.0,0.0,10.0,0.0,0.0,-1300.0,3050.0,yonden
2016,7,2016-07-29,06:00,3030.0,0.0,4180.0,180.0,－－－－－－－－－－,10.0,120.0,0.0,10.0,0.0,0.0,-1470.0,3030.0,yonden
2016,7,2016-07-29,07:00,3150.0,0.0,4070.0,180.0,－－－－－－－－－－,10.0,320.0,0.0,0.0,0.0,0.0,-1430.0,3150.0,yonden
2016,7,2016-07-29,08:00,3740.0,0.0,4350.0,260.0,－－－－－－－－－－,10.0,520.0,0.0,0.0,0.0,0.0,-1400.0,3740.0,yonden
2016,7,2016-07-29,09:00,4210.0,0.0,4540.0,400.0,－－－－－－－－－－,10.0,770.0,0.0,0.0,0.0,0.0,-1510.0,4210.0,yonden
2016,7,2016-07-29,10:00,4460.0,0.0,4520.0,450.0,－－－－－－－－－－,10.0,1030.0,0.0,0.0,0.0,0.0,-1550.0,4460.0,yonden
2016,7,2016-07-29,11:00,4510.0,0.0,4530.0,390.0,－－－－－－－－－－,10.0,1090.0,0.0,0.0,0.0,0.0,-1510.0,4510.0,yonden
2016,7,2016-07-29,12:00,4430.0,0.0,4640.0,270.0,－－－－－－－－－－,10.0,1130.0,0.0,0.0,0.0,0.0,-1620.0,4430.0,yonden
2016,7,2016-07-29,13:00,4640.0,0.0,4790.0,280.0,－－－－－－－－－－,10.0,1090.0,0.0,0.0,0.0,0.0,-1530.0,4640.0,yonden
2016,7,2016-07-29,14:00,4640.0,0.0,4790.0,370.0,－－－－－－－－－－,10.0,950.0,0.0,0.0,0.0,0.0,-1480.0,4640.0,yonden
2016,7,2016-07-29,15:00,4630.0,0.0,5040.0,430.0,－－－－－－－－－－,10.0,770.0,0.0,10.0,0.0,0.0,-1630.0,4630.0,yonden
2016,7,2016-07-29,16:00,4620.0,0.0,5250.0,520.0,－－－－－－－－－－,10.0,520.0,0.0,20.0,0.0,0.0,-1700.0,4620.0,yonden
2016,7,2016-07-29,17:00,4470.0,0.0,5290.0,510.0,－－－－－－－－－－,10.0,280.0,0.0,30.0,0.0,0.0,-1650.0,4470.0,yonden
2016,7,2016-07-29,18:00,4320.0,0.0,5200.0,570.0,－－－－－－－－－－,10.0,80.0,0.0,40.0,0.0,0.0,-1580.0,4320.0,yonden
2016,7,2016-07-29,19:00,4160.0,0.0,5020.0,650.0,－－－－－－－－－－,10.0,0.0,0.0,40.0,0.0,0.0,-1560.0,4160.0,yonden
2016,7,2016-07-29,20:00,3930.0,0.0,4950.0,570.0,－－－－－－－－－－,10.0,0.0,0.0,50.0,0.0,0.0,-1650.0,3930.0,yonden
2016,7,2016-07-29,21:00,3640.0,0.0,4570.0,530.0,－－－－－－－－－－,10.0,0.0,0.0,50.0,0.0,0.0,-1520.0,3640.0,yonden
2016,7,2016-07-29,22:00,3350.0,0.0,4260.0,400.0,－－－－－－－－－－,10.0,0.0,0.0,50.0,0.0,0.0,-1370.0,3350.0,yonden
2016,7,2016-07-29,23:00,3140.0,0.0,4150.0,270.0,－－－－－－－－－－,10.0,0.0,0.0,50.0,0.0,0.0,-1340.0,3140.0,yonden
2016,7,2016-07-30,00:00,2900.0,0.0,3960.0,190.0,－－－－－－－－－－,10.0,0.0,0.0,30.0,0.0,0.0,-1290.0,2900.0,yonden
2016,7,2016-07-30,01:00,2780.0,0.0,3920.0,200.0,－－－－－－－－－－,10.0,0.0,0.0,10.0,0.0,0.0,-1360.0,2780.0,yonden
2016,7,2016-07-30,02:00,2790.0,0.0,3870.0,200.0,－－－－－－－－－－,10.0,0.0,0.0,10.0,0.0,0.0,-1300.0,2790.0,yonden
2016,7,2016-07-30,03:00,2870.0,0.0,3880.0,230.0,－－－－－－－－－－,10.0,0.0,0.0,0.0,0.0,0.0,-1250.0,2870.0,yonden
2016,7,2016-07-30,04:00,2950.0,0.0,3880.0,300.0,－－－－－－－－－－,10.0,0.0,0.0,0.0,0.0,0.0,-1240.0,2950.0,yonden
2016,7,2016-07-30,05:00,2960.0,0.0,3920.0,260.0,－－－－－－－－－－,10.0,10.0,0.0,0.0,0.0,0.0,-1240.0,2960.0,yonden
2016,7,2016-07-30,06:00,2860.0,0.0,3920.0,190.0,－－－－－－－－－－,10.0,120.0,0.0,0.0,0.0,0.0,-1380.0,2860.0,yonden
2016,7,2016-07-30,07:00,2890.0,0.0,3760.0,180.0,－－－－－－－－－－,10.0,350.0,0.0,0.0,0.0,0.0,-1410.0,2890.0,yonden
2016,7,2016-07-30,08:00,3360.0,0.0,3930.0,200.0,－－－－－－－－－－,10.0,600.0,0.0,0.0,0.0,0.0,-1380.0,3360.0,yonden
2016,7,2016-07-30,09:00,3720.0,0.0,4020.0,250.0,－－－－－－－－－－,10.0,820.0,0.0,0.0,0.0,0.0,-1380.0,3720.0,yonden
2016,7,2016-07-30,10:00,3930.0,0.0,4040.0,310.0,－－－－－－－－－－,10.0,1060.0,0.0,0.0,0.0,0.0,-1490.0,3930.0,yonden
2016,7,2016-07-30,11:00,4140.0,0.0,4070.0,330.0,－－－－－－－－－－,10.0,1170.0,0.0,0.0,0.0,0.0,-1440.0,4140.0,yonden
2016,7,2016-07-30,12:00,4030.0,0.0,4090.0,270.0,－－－－－－－－－－,10.0,1150.0,0.0,0.0,0.0,0.0,-1490.0,4030.0,yonden
2016,7,2016-07-30,13:00,4180.0,0.0,4260.0,260.0,－－－－－－－－－－,10.0,1130.0,0.0,0.0,0.0,0.0,-1480.0,4180.0,yonden
2016,7,2016-07-30,14:00,4150.0,0.0,4330.0,320.0,－－－－－－－－－－,10.0,980.0,0.0,0.0,0.0,0.0,-1490.0,4150.0,yonden
2016,7,2016-07-30,15:00,4140.0,0.0,4500.0,370.0,－－－－－－－－－－,10.0,760.0,0.0,0.0,0.0,0.0,-1500.0,4140.0,yonden
2016,7,2016-07-30,16:00,4130.0,0.0,4590.0,500.0,－－－－－－－－－－,10.0,510.0,0.0,0.0,0.0,0.0,-1480.0,4130.0,yonden
2016,7,2016-07-30,17:00,4000.0,0.0,4600.0,600.0,－－－－－－－－－－,10.0,230.0,0.0,10.0,0.0,0.0,-1450.0,4000.0,yonden
2016,7,2016-07-30,18:00,3900.0,0.0,4700.0,610.0,－－－－－－－－－－,10.0,60.0,0.0,20.0,0.0,0.0,-1500.0,3900.0,yonden
2016,7,2016-07-30,19:00,3820.0,0.0,4700.0,570.0,－－－－－－－－－－,10.0,0.0,0.0,30.0,0.0,0.0,-1490.0,3820.0,yonden
2016,7,2016-07-30,20:00,3640.0,0.0,4460.0,500.0,－－－－－－－－－－,10.0,0.0,0.0,30.0,0.0,0.0,-1360.0,3640.0,yonden
2016,7,2016-07-30,21:00,3390.0,0.0,4190.0,370.0,－－－－－－－－－－,10.0,0.0,0.0,30.0,0.0,0.0,-1210.0,3390.0,yonden
2016,7,2016-07-30,22:00,3180.0,0.0,4060.0,280.0,－－－－－－－－－－,10.0,0.0,0.0,30.0,0.0,0.0,-1200.0,3180.0,yonden
2016,7,2016-07-30,23:00,3010.0,0.0,4060.0,220.0,－－－－－－－－－－,10.0,0.0,0.0,20.0,0.0,0.0,-1300.0,3010.0,yonden
2016,7,2016-07-31,00:00,2770.0,0.0,3990.0,180.0,－－－－－－－－－－,10.0,0.0,0.0,20.0,0.0,0.0,-1430.0,2770.0,yonden
2016,7,2016-07-31,01:00,2630.0,0.0,3940.0,170.0,－－－－－－－－－－,10.0,0.0,0.0,10.0,0.0,0.0,-1500.0,2630.0,yonden
2016,7,2016-07-31,02:00,2640.0,0.0,3910.0,170.0,－－－－－－－－－－,10.0,0.0,0.0,10.0,0.0,0.0,-1460.0,2640.0,yonden
2016,7,2016-07-31,03:00,2750.0,0.0,3880.0,290.0,－－－－－－－－－－,10.0,0.0,0.0,0.0,0.0,0.0,-1430.0,2750.0,yonden
2016,7,2016-07-31,04:00,2820.0,0.0,3860.0,330.0,－－－－－－－－－－,10.0,0.0,0.0,0.0,0.0,0.0,-1380.0,2820.0,yonden
2016,7,2016-07-31,05:00,2810.0,0.0,3880.0,260.0,－－－－－－－－－－,10.0,10.0,0.0,0.0,0.0,0.0,-1350.0,2810.0,yonden
2016,7,2016-07-31,06:00,2670.0,0.0,3870.0,180.0,－－－－－－－－－－,10.0,140.0,0.0,0.0,0.0,0.0,-1530.0,2670.0,yonden
2016,7,2016-07-31,07:00,2660.0,0.0,3810.0,140.0,－－－－－－－－－－,10.0,390.0,0.0,0.0,0.0,0.0,-1690.0,2660.0,yonden
2016,7,2016-07-31,08:00,2960.0,0.0,3740.0,180.0,－－－－－－－－－－,10.0,680.0,0.0,0.0,0.0,0.0,-1650.0,2960.0,yonden
2016,7,2016-07-31,09:00,3230.0,0.0,3720.0,210.0,－－－－－－－－－－,10.0,930.0,0.0,0.0,0.0,0.0,-1640.0,3230.0,yonden
2016,7,2016-07-31,10:00,3420.0,0.0,3730.0,210.0,－－－－－－－－－－,10.0,1120.0,0.0,0.0,0.0,0.0,-1650.0,3420.0,yonden
2016,7,2016-07-31,11:00,3600.0,0.0,3900.0,230.0,－－－－－－－－－－,10.0,1250.0,0.0,0.0,0.0,0.0,-1790.0,3600.0,yonden
2016,7,2016-07-31,12:00,3700.0,0.0,3990.0,200.0,－－－－－－－－－－,10.0,1260.0,0.0,0.0,0.0,0.0,-1760.0,3700.0,yonden
2016,7,2016-07-31,13:00,3710.0,0.0,4000.0,190.0,－－－－－－－－－－,10.0,1210.0,0.0,0.0,0.0,0.0,-1700.0,3710.0,yonden
2016,7,2016-07-31,14:00,3750.0,0.0,4150.0,190.0,－－－－－－－－－－,10.0,1020.0,0.0,0.0,0.0,0.0,-1620.0,3750.0,yonden
2016,7,2016-07-31,15:00,3740.0,0.0,4230.0,270.0,－－－－－－－－－－,10.0,750.0,0.0,0.0,0.0,0.0,-1520.0,3740.0,yonden
2016,7,2016-07-31,16:00,3740.0,0.0,4420.0,360.0,－－－－－－－－－－,10.0,450.0,0.0,0.0,0.0,0.0,-1500.0,3740.0,yonden
2016,7,2016-07-31,17:00,3720.0,0.0,4430.0,560.0,－－－－－－－－－－,10.0,200.0,0.0,0.0,0.0,0.0,-1480.0,3720.0,yonden
2016,7,2016-07-31,18:00,3740.0,0.0,4500.0,600.0,－－－－－－－－－－,10.0,60.0,0.0,10.0,0.0,0.0,-1440.0,3740.0,yonden
2016,7,2016-07-31,19:00,3730.0,0.0,4580.0,590.0,－－－－－－－－－－,10.0,0.0,0.0,10.0,0.0,0.0,-1460.0,3730.0,yonden
2016,7,2016-07-31,20:00,3570.0,0.0,4430.0,540.0,－－－－－－－－－－,10.0,0.0,0.0,10.0,0.0,0.0,-1420.0,3570.0,yonden
2016,7,2016-07-31,21:00,3330.0,0.0,4280.0,400.0,－－－－－－－－－－,10.0,0.0,0.0,10.0,0.0,0.0,-1370.0,3330.0,yonden
2016,7,2016-07-31,22:00,3070.0,0.0,4170.0,310.0,－－－－－－－－－－,10.0,0.0,0.0,10.0,0.0,0.0,-1430.0,3070.0,yonden
2016,7,2016-07-31,23:00,2880.0,0.0,4090.0,240.0,－－－－－－－－－－,10.0,0.0,0.0,10.0,0.0,0.0,-1470.0,2880.0,yonden
2016,8,2016-08-01,00:00,2630.0,0.0,3860.0,200.0,－－－－－－－－－－,10.0,0.0,0.0,10.0,0.0,0.0,-1450.0,2630.0,yonden
2016,8,2016-08-01,01:00,2550.0,0.0,3770.0,220.0,－－－－－－－－－－,10.0,0.0,0.0,0.0,0.0,0.0,-1450.0,2550.0,yonden
2016,8,2016-08-01,02:00,2600.0,0.0,3860.0,230.0,－－－－－－－－－－,10.0,0.0,0.0,0.0,0.0,0.0,-1500.0,2600.0,yonden
2016,8,2016-08-01,03:00,2730.0,0.0,3940.0,290.0,－－－－－－－－－－,10.0,0.0,0.0,0.0,0.0,0.0,-1510.0,2730.0,yonden
2016,8,2016-08-01,04:00,2870.0,0.0,3990.0,370.0,－－－－－－－－－－,10.0,0.0,0.0,0.0,0.0,0.0,-1500.0,2870.0,yonden
2016,8,2016-08-01,05:00,2930.0,0.0,4070.0,330.0,－－－－－－－－－－,10.0,10.0,0.0,10.0,0.0,0.0,-1500.0,2930.0,yonden
2016,8,2016-08-01,06:00,2940.0,0.0,4110.0,210.0,－－－－－－－－－－,10.0,120.0,0.0,10.0,0.0,0.0,-1520.0,2940.0,yonden
2016,8,2016-08-01,07:00,3120.0,0.0,4090.0,200.0,－－－－－－－－－－,10.0,340.0,0.0,0.0,0.0,0.0,-1520.0,3120.0,yonden
2016,8,2016-08-01,08:00,3800.0,0.0,4390.0,280.0,－－－－－－－－－－,10.0,620.0,0.0,0.0,0.0,0.0,-1500.0,3800.0,yonden
2016,8,2016-08-01,09:00,4260.0,0.0,4540.0,350.0,－－－－－－－－－－,10.0,850.0,0.0,0.0,0.0,0.0,-1490.0,4260.0,yonden
2016,8,2016-08-01,10:00,4490.0,0.0,4600.0,350.0,－－－－－－－－－－,10.0,1050.0,0.0,0.0,0.0,0.0,-1520.0,4490.0,yonden
2016,8,2016-08-01,11:00,4740.0,0.0,4760.0,340.0,－－－－－－－－－－,10.0,1220.0,0.0,10.0,0.0,0.0,-1600.0,4740.0,yonden
2016,8,2016-08-01,12:00,4660.0,0.0,4690.0,270.0,－－－－－－－－－－,10.0,1260.0,0.0,0.0,0.0,0.0,-1570.0,4660.0,yonden
2016,8,2016-08-01,13:00,4900.0,0.0,4900.0,280.0,－－－－－－－－－－,10.0,1210.0,0.0,10.0,0.0,0.0,-1510.0,4900.0,yonden
2016,8,2016-08-01,14:00,4940.0,0.0,5060.0,310.0,－－－－－－－－－－,10.0,1060.0,0.0,10.0,0.0,0.0,-1510.0,4940.0,yonden
2016,8,2016-08-01,15:00,4910.0,0.0,5100.0,450.0,－－－－－－－－－－,10.0,820.0,0.0,10.0,0.0,0.0,-1480.0,4910.0,yonden
2016,8,2016-08-01,16:00,4900.0,0.0,5250.0,530.0,－－－－－－－－－－,10.0,550.0,0.0,10.0,0.0,30.0,-1480.0,4900.0,yonden
2016,8,2016-08-01,17:00,4750.0,0.0,5230.0,560.0,－－－－－－－－－－,10.0,290.0,0.0,10.0,0.0,140.0,-1490.0,4750.0,yonden
2016,8,2016-08-01,18:00,4600.0,0.0,5230.0,650.0,－－－－－－－－－－,10.0,70.0,0.0,10.0,0.0,170.0,-1540.0,4600.0,yonden
2016,8,2016-08-01,19:00,4450.0,0.0,5220.0,600.0,－－－－－－－－－－,10.0,0.0,0.0,10.0,0.0,140.0,-1530.0,4450.0,yonden
2016,8,2016-08-01,20:00,4180.0,0.0,5220.0,470.0,－－－－－－－－－－,10.0,0.0,0.0,10.0,0.0,20.0,-1550.0,4180.0,yonden
2016,8,2016-08-01,21:00,3830.0,0.0,4800.0,350.0,－－－－－－－－－－,10.0,0.0,0.0,10.0,0.0,0.0,-1340.0,3830.0,yonden
2016,8,2016-08-01,22:00,3500.0,0.0,4520.0,270.0,－－－－－－－－－－,10.0,0.0,0.0,10.0,0.0,0.0,-1310.0,3500.0,yonden
2016,8,2016-08-01,23:00,3250.0,0.0,4380.0,220.0,－－－－－－－－－－,10.0,0.0,0.0,10.0,0.0,0.0,-1370.0,3250.0,yonden
2016,8,2016-08-02,00:00,2960.0,0.0,4230.0,180.0,－－－－－－－－－－,10.0,0.0,0.0,10.0,0.0,0.0,-1470.0,2960.0,yonden
2016,8,2016-08-02,01:00,2810.0,0.0,4160.0,240.0,－－－－－－－－－－,10.0,0.0,0.0,10.0,0.0,-280.0,-1330.0,2810.0,yonden
2016,8,2016-08-02,02:00,2800.0,0.0,4160.0,220.0,－－－－－－－－－－,10.0,0.0,0.0,10.0,0.0,-290.0,-1310.0,2800.0,yonden
2016,8,2016-08-02,03:00,2900.0,0.0,4130.0,300.0,－－－－－－－－－－,10.0,0.0,0.0,10.0,0.0,-240.0,-1310.0,2900.0,yonden
2016,8,2016-08-02,04:00,2990.0,0.0,4050.0,230.0,－－－－－－－－－－,10.0,0.0,0.0,10.0,0.0,0.0,-1310.0,2990.0,yonden
2016,8,2016-08-02,05:00,3030.0,0.0,4130.0,180.0,－－－－－－－－－－,10.0,10.0,0.0,10.0,0.0,0.0,-1310.0,3030.0,yonden
2016,8,2016-08-02,06:00,3020.0,0.0,4040.0,160.0,－－－－－－－－－－,10.0,120.0,0.0,10.0,0.0,0.0,-1320.0,3020.0,yonden
2016,8,2016-08-02,07:00,3230.0,0.0,4110.0,180.0,－－－－－－－－－－,10.0,330.0,0.0,10.0,0.0,0.0,-1410.0,3230.0,yonden
2016,8,2016-08-02,08:00,3950.0,0.0,4540.0,240.0,－－－－－－－－－－,10.0,610.0,0.0,10.0,0.0,0.0,-1460.0,3950.0,yonden
2016,8,2016-08-02,09:00,4380.0,0.0,4710.0,280.0,－－－－－－－－－－,10.0,850.0,0.0,10.0,0.0,0.0,-1480.0,4380.0,yonden
2016,8,2016-08-02,10:00,4620.0,0.0,4760.0,300.0,－－－－－－－－－－,10.0,1070.0,0.0,10.0,0.0,0.0,-1530.0,4620.0,yonden
2016,8,2016-08-02,11:00,4840.0,0.0,4890.0,300.0,－－－－－－－－－－,10.0,1180.0,0.0,10.0,0.0,0.0,-1550.0,4840.0,yonden
2016,8,2016-08-02,12:00,4670.0,0.0,4880.0,240.0,－－－－－－－－－－,10.0,1090.0,0.0,10.0,0.0,0.0,-1560.0,4670.0,yonden
2016,8,2016-08-02,13:00,4860.0,0.0,5010.0,270.0,－－－－－－－－－－,10.0,1060.0,0.0,10.0,0.0,0.0,-1500.0,4860.0,yonden
2016,8,2016-08-02,14:00,4890.0,0.0,5150.0,320.0,－－－－－－－－－－,10.0,980.0,0.0,0.0,0.0,0.0,-1570.0,4890.0,yonden
2016,8,2016-08-02,15:00,4840.0,0.0,5230.0,400.0,－－－－－－－－－－,0.0,750.0,0.0,0.0,0.0,0.0,-1540.0,4840.0,yonden
2016,8,2016-08-02,16:00,4850.0,0.0,5320.0,490.0,－－－－－－－－－－,0.0,520.0,0.0,0.0,0.0,10.0,-1490.0,4850.0,yonden
2016,8,2016-08-02,17:00,4690.0,0.0,5280.0,510.0,－－－－－－－－－－,10.0,250.0,0.0,0.0,0.0,140.0,-1500.0,4690.0,yonden
2016,8,2016-08-02,18:00,4510.0,0.0,5260.0,580.0,－－－－－－－－－－,10.0,60.0,0.0,0.0,0.0,140.0,-1540.0,4510.0,yonden
2016,8,2016-08-02,19:00,4390.0,0.0,5260.0,510.0,－－－－－－－－－－,10.0,0.0,0.0,0.0,0.0,140.0,-1530.0,4390.0,yonden
2016,8,2016-08-02,20:00,4120.0,0.0,5170.0,400.0,－－－－－－－－－－,10.0,0.0,0.0,0.0,0.0,70.0,-1530.0,4120.0,yonden
2016,8,2016-08-02,21:00,3780.0,0.0,4820.0,280.0,－－－－－－－－－－,10.0,0.0,0.0,0.0,0.0,0.0,-1330.0,3780.0,yonden
2016,8,2016-08-02,22:00,3480.0,0.0,4600.0,200.0,－－－－－－－－－－,10.0,0.0,0.0,0.0,0.0,0.0,-1330.0,3480.0,yonden
2016,8,2016-08-02,23:00,3250.0,0.0,4390.0,190.0,－－－－－－－－－－,10.0,0.0,0.0,0.0,0.0,0.0,-1340.0,3250.0,yonden
2016,8,2016-08-03,00:00,2980.0,0.0,4270.0,160.0,－－－－－－－－－－,10.0,0.0,0.0,0.0,0.0,-170.0,-1290.0,2980.0,yonden
2016,8,2016-08-03,01:00,2820.0,0.0,4140.0,180.0,－－－－－－－－－－,10.0,0.0,0.0,0.0,0.0,-290.0,-1220.0,2820.0,yonden
2016,8,2016-08-03,02:00,2850.0,0.0,4120.0,200.0,－－－－－－－－－－,10.0,0.0,0.0,0.0,0.0,-290.0,-1190.0,2850.0,yonden
2016,8,2016-08-03,03:00,2940.0,0.0,4210.0,240.0,－－－－－－－－－－,10.0,0.0,0.0,0.0,0.0,-290.0,-1230.0,2940.0,yonden
2016,8,2016-08-03,04:00,3020.0,0.0,4150.0,250.0,－－－－－－－－－－,10.0,0.0,0.0,0.0,0.0,0.0,-1390.0,3020.0,yonden
2016,8,2016-08-03,05:00,3040.0,0.0,4190.0,280.0,－－－－－－－－－－,10.0,10.0,0.0,10.0,0.0,0.0,-1460.0,3040.0,yonden
2016,8,2016-08-03,06:00,3010.0,0.0,4210.0,180.0,－－－－－－－－－－,10.0,130.0,0.0,0.0,0.0,0.0,-1520.0,3010.0,yonden
2016,8,2016-08-03,07:00,3170.0,0.0,4210.0,160.0,－－－－－－－－－－,10.0,310.0,0.0,0.0,0.0,0.0,-1520.0,3170.0,yonden
2016,8,2016-08-03,08:00,3840.0,0.0,4480.0,220.0,－－－－－－－－－－,10.0,590.0,0.0,0.0,0.0,0.0,-1460.0,3840.0,yonden
2016,8,2016-08-03,09:00,4280.0,0.0,4660.0,280.0,－－－－－－－－－－,10.0,850.0,0.0,0.0,0.0,0.0,-1520.0,4280.0,yonden
2016,8,2016-08-03,10:00,4490.0,0.0,4730.0,280.0,－－－－－－－－－－,10.0,1010.0,0.0,0.0,0.0,0.0,-1540.0,4490.0,yonden
2016,8,2016-08-03,11:00,4690.0,0.0,4780.0,280.0,－－－－－－－－－－,10.0,1130.0,0.0,0.0,0.0,0.0,-1510.0,4690.0,yonden
2016,8,2016-08-03,12:00,4550.0,0.0,4760.0,260.0,－－－－－－－－－－,10.0,1080.0,0.0,10.0,0.0,0.0,-1570.0,4550.0,yonden
2016,8,2016-08-03,13:00,4800.0,0.0,4950.0,300.0,－－－－－－－－－－,10.0,1090.0,0.0,10.0,0.0,0.0,-1560.0,4800.0,yonden
2016,8,2016-08-03,14:00,4820.0,0.0,5160.0,340.0,－－－－－－－－－－,10.0,930.0,0.0,10.0,0.0,0.0,-1630.0,4820.0,yonden
2016,8,2016-08-03,15:00,4800.0,0.0,5250.0,400.0,－－－－－－－－－－,10.0,680.0,0.0,0.0,0.0,0.0,-1540.0,4800.0,yonden
2016,8,2016-08-03,16:00,4740.0,0.0,5250.0,550.0,－－－－－－－－－－,10.0,390.0,0.0,0.0,0.0,80.0,-1540.0,4740.0,yonden
2016,8,2016-08-03,17:00,4550.0,0.0,5150.0,610.0,－－－－－－－－－－,10.0,180.0,0.0,0.0,0.0,170.0,-1570.0,4550.0,yonden
2016,8,2016-08-03,18:00,4420.0,0.0,5090.0,640.0,－－－－－－－－－－,10.0,40.0,0.0,10.0,0.0,210.0,-1580.0,4420.0,yonden
2016,8,2016-08-03,19:00,4310.0,0.0,5110.0,550.0,－－－－－－－－－－,10.0,0.0,0.0,10.0,0.0,160.0,-1530.0,4310.0,yonden
2016,8,2016-08-03,20:00,4060.0,0.0,5140.0,410.0,－－－－－－－－－－,10.0,0.0,0.0,0.0,0.0,20.0,-1520.0,4060.0,yonden
2016,8,2016-08-03,21:00,3750.0,0.0,4920.0,290.0,－－－－－－－－－－,10.0,0.0,0.0,0.0,0.0,0.0,-1470.0,3750.0,yonden
2016,8,2016-08-03,22:00,3450.0,0.0,4460.0,250.0,－－－－－－－－－－,10.0,0.0,0.0,0.0,0.0,0.0,-1270.0,3450.0,yonden
2016,8,2016-08-03,23:00,3230.0,0.0,4360.0,230.0,－－－－－－－－－－,10.0,0.0,0.0,0.0,0.0,0.0,-1370.0,3230.0,yonden
2016,8,2016-08-04,00:00,2950.0,0.0,4200.0,200.0,－－－－－－－－－－,10.0,0.0,0.0,0.0,0.0,-150.0,-1310.0,2950.0,yonden
2016,8,2016-08-04,01:00,2810.0,0.0,4090.0,190.0,－－－－－－－－－－,10.0,0.0,0.0,0.0,0.0,-290.0,-1190.0,2810.0,yonden
2016,8,2016-08-04,02:00,2820.0,0.0,4060.0,230.0,－－－－－－－－－－,10.0,0.0,0.0,0.0,0.0,-290.0,-1190.0,2820.0,yonden
2016,8,2016-08-04,03:00,2920.0,0.0,4070.0,320.0,－－－－－－－－－－,10.0,0.0,0.0,0.0,0.0,-290.0,-1190.0,2920.0,yonden
2016,8,2016-08-04,04:00,3020.0,0.0,4120.0,270.0,－－－－－－－－－－,10.0,0.0,0.0,0.0,0.0,0.0,-1380.0,3020.0,yonden
2016,8,2016-08-04,05:00,3080.0,0.0,4260.0,280.0,－－－－－－－－－－,10.0,10.0,0.0,0.0,0.0,0.0,-1480.0,3080.0,yonden
2016,8,2016-08-04,06:00,3010.0,0.0,4190.0,190.0,－－－－－－－－－－,10.0,120.0,0.0,0.0,0.0,0.0,-1500.0,3010.0,yonden
2016,8,2016-08-04,07:00,3190.0,0.0,4160.0,170.0,－－－－－－－－－－,10.0,350.0,0.0,0.0,0.0,0.0,-1500.0,3190.0,yonden
2016,8,2016-08-04,08:00,3900.0,0.0,4540.0,210.0,－－－－－－－－－－,10.0,630.0,0.0,0.0,0.0,0.0,-1490.0,3900.0,yonden
2016,8,2016-08-04,09:00,4340.0,0.0,4670.0,290.0,－－－－－－－－－－,10.0,890.0,0.0,0.0,0.0,0.0,-1520.0,4340.0,yonden
2016,8,2016-08-04,10:00,4580.0,0.0,4690.0,290.0,－－－－－－－－－－,10.0,1100.0,0.0,0.0,0.0,0.0,-1510.0,4580.0,yonden
2016,8,2016-08-04,11:00,4780.0,0.0,4710.0,320.0,－－－－－－－－－－,10.0,1240.0,0.0,0.0,0.0,0.0,-1500.0,4780.0,yonden
2016,8,2016-08-04,12:00,4680.0,0.0,4710.0,280.0,－－－－－－－－－－,10.0,1250.0,0.0,0.0,0.0,0.0,-1570.0,4680.0,yonden
2016,8,2016-08-04,13:00,4910.0,0.0,5070.0,280.0,－－－－－－－－－－,10.0,1140.0,0.0,0.0,0.0,0.0,-1590.0,4910.0,yonden
2016,8,2016-08-04,14:00,4920.0,0.0,5200.0,310.0,－－－－－－－－－－,10.0,940.0,0.0,0.0,0.0,0.0,-1540.0,4920.0,yonden
2016,8,2016-08-04,15:00,4830.0,0.0,5290.0,370.0,－－－－－－－－－－,10.0,660.0,0.0,10.0,0.0,0.0,-1510.0,4830.0,yonden
2016,8,2016-08-04,16:00,4820.0,0.0,5310.0,520.0,－－－－－－－－－－,10.0,450.0,0.0,10.0,0.0,50.0,-1530.0,4820.0,yonden
2016,8,2016-08-04,17:00,4700.0,0.0,5240.0,600.0,－－－－－－－－－－,10.0,260.0,0.0,10.0,0.0,140.0,-1560.0,4700.0,yonden
2016,8,2016-08-04,18:00,4560.0,0.0,5230.0,620.0,－－－－－－－－－－,10.0,70.0,0.0,20.0,0.0,140.0,-1530.0,4560.0,yonden
2016,8,2016-08-04,19:00,4380.0,0.0,5200.0,570.0,－－－－－－－－－－,10.0,0.0,0.0,10.0,0.0,100.0,-1510.0,4380.0,yonden
2016,8,2016-08-04,20:00,4120.0,0.0,5160.0,460.0,－－－－－－－－－－,10.0,0.0,0.0,10.0,0.0,0.0,-1520.0,4120.0,yonden
2016,8,2016-08-04,21:00,3790.0,0.0,4890.0,420.0,－－－－－－－－－－,10.0,0.0,0.0,10.0,0.0,0.0,-1540.0,3790.0,yonden
2016,8,2016-08-04,22:00,3490.0,0.0,4530.0,340.0,－－－－－－－－－－,10.0,0.0,0.0,10.0,0.0,0.0,-1400.0,3490.0,yonden
2016,8,2016-08-04,23:00,3260.0,0.0,4340.0,280.0,－－－－－－－－－－,10.0,0.0,0.0,10.0,0.0,0.0,-1380.0,3260.0,yonden
2016,8,2016-08-05,00:00,2990.0,0.0,4240.0,230.0,－－－－－－－－－－,10.0,0.0,0.0,10.0,0.0,0.0,-1500.0,2990.0,yonden
2016,8,2016-08-05,01:00,2820.0,0.0,4110.0,210.0,－－－－－－－－－－,10.0,0.0,0.0,10.0,0.0,0.0,-1520.0,2820.0,yonden
2016,8,2016-08-05,02:00,2850.0,0.0,4130.0,220.0,－－－－－－－－－－,10.0,0.0,0.0,10.0,0.0,0.0,-1520.0,2850.0,yonden
2016,8,2016-08-05,03:00,2930.0,0.0,4200.0,240.0,－－－－－－－－－－,10.0,0.0,0.0,0.0,0.0,0.0,-1520.0,2930.0,yonden
2016,8,2016-08-05,04:00,3030.0,0.0,4240.0,260.0,－－－－－－－－－－,10.0,0.0,0.0,0.0,0.0,0.0,-1480.0,3030.0,yonden
2016,8,2016-08-05,05:00,3080.0,0.0,4320.0,220.0,－－－－－－－－－－,10.0,10.0,0.0,0.0,0.0,0.0,-1480.0,3080.0,yonden
2016,8,2016-08-05,06:00,3030.0,0.0,4220.0,190.0,－－－－－－－－－－,10.0,120.0,0.0,0.0,0.0,0.0,-1510.0,3030.0,yonden
2016,8,2016-08-05,07:00,3200.0,0.0,4200.0,180.0,－－－－－－－－－－,10.0,300.0,0.0,0.0,0.0,0.0,-1490.0,3200.0,yonden
2016,8,2016-08-05,08:00,3900.0,0.0,4580.0,260.0,－－－－－－－－－－,10.0,550.0,0.0,0.0,0.0,0.0,-1500.0,3900.0,yonden
2016,8,2016-08-05,09:00,4310.0,0.0,4840.0,280.0,－－－－－－－－－－,10.0,740.0,0.0,0.0,0.0,0.0,-1560.0,4310.0,yonden
2016,8,2016-08-05,10:00,4570.0,0.0,4830.0,310.0,－－－－－－－－－－,10.0,940.0,0.0,0.0,0.0,0.0,-1520.0,4570.0,yonden
2016,8,2016-08-05,11:00,4750.0,0.0,4930.0,330.0,－－－－－－－－－－,10.0,1040.0,0.0,0.0,0.0,0.0,-1560.0,4750.0,yonden
2016,8,2016-08-05,12:00,4630.0,0.0,4860.0,280.0,－－－－－－－－－－,10.0,1040.0,0.0,0.0,0.0,0.0,-1560.0,4630.0,yonden
2016,8,2016-08-05,13:00,4880.0,0.0,5130.0,390.0,－－－－－－－－－－,10.0,980.0,0.0,0.0,0.0,0.0,-1630.0,4880.0,yonden
2016,8,2016-08-05,14:00,4970.0,0.0,5290.0,450.0,－－－－－－－－－－,10.0,820.0,0.0,0.0,0.0,110.0,-1710.0,4970.0,yonden
2016,8,2016-08-05,15:00,4860.0,0.0,5330.0,440.0,－－－－－－－－－－,10.0,590.0,0.0,0.0,0.0,160.0,-1670.0,4860.0,yonden
2016,8,2016-08-05,16:00,4830.0,0.0,5300.0,570.0,－－－－－－－－－－,10.0,400.0,0.0,0.0,0.0,240.0,-1690.0,4830.0,yonden
2016,8,2016-08-05,17:00,4630.0,0.0,5280.0,580.0,－－－－－－－－－－,10.0,210.0,0.0,0.0,0.0,280.0,-1730.0,4630.0,yonden
2016,8,2016-08-05,18:00,4500.0,0.0,5290.0,480.0,－－－－－－－－－－,10.0,50.0,0.0,10.0,0.0,210.0,-1550.0,4500.0,yonden
2016,8,2016-08-05,19:00,4380.0,0.0,5280.0,410.0,－－－－－－－－－－,10.0,0.0,0.0,20.0,0.0,180.0,-1520.0,4380.0,yonden
2016,8,2016-08-05,20:00,4130.0,0.0,5260.0,340.0,－－－－－－－－－－,10.0,0.0,0.0,20.0,0.0,40.0,-1540.0,4130.0,yonden
2016,8,2016-08-05,21:00,3810.0,0.0,4990.0,280.0,－－－－－－－－－－,10.0,0.0,0.0,20.0,0.0,0.0,-1490.0,3810.0,yonden
2016,8,2016-08-05,22:00,3510.0,0.0,4660.0,230.0,－－－－－－－－－－,10.0,0.0,0.0,20.0,0.0,0.0,-1410.0,3510.0,yonden
2016,8,2016-08-05,23:00,3310.0,0.0,4480.0,200.0,－－－－－－－－－－,10.0,0.0,0.0,10.0,0.0,0.0,-1390.0,3310.0,yonden
2016,8,2016-08-06,00:00,3030.0,0.0,4350.0,160.0,－－－－－－－－－－,10.0,0.0,0.0,0.0,0.0,0.0,-1490.0,3030.0,yonden
2016,8,2016-08-06,01:00,2870.0,0.0,4210.0,180.0,－－－－－－－－－－,10.0,0.0,0.0,0.0,0.0,0.0,-1530.0,2870.0,yonden
2016,8,2016-08-06,02:00,2870.0,0.0,4200.0,190.0,－－－－－－－－－－,0.0,0.0,0.0,0.0,0.0,0.0,-1520.0,2870.0,yonden
2016,8,2016-08-06,03:00,2950.0,0.0,4270.0,200.0,－－－－－－－－－－,10.0,0.0,0.0,0.0,0.0,0.0,-1530.0,2950.0,yonden
2016,8,2016-08-06,04:00,3020.0,0.0,4290.0,200.0,－－－－－－－－－－,10.0,0.0,0.0,0.0,0.0,0.0,-1480.0,3020.0,yonden
2016,8,2016-08-06,05:00,3050.0,0.0,4360.0,160.0,－－－－－－－－－－,10.0,10.0,0.0,0.0,0.0,0.0,-1490.0,3050.0,yonden
2016,8,2016-08-06,06:00,2990.0,0.0,4310.0,160.0,－－－－－－－－－－,10.0,140.0,0.0,0.0,0.0,-150.0,-1480.0,2990.0,yonden
2016,8,2016-08-06,07:00,3070.0,0.0,4200.0,200.0,－－－－－－－－－－,10.0,360.0,0.0,0.0,0.0,-290.0,-1410.0,3070.0,yonden
2016,8,2016-08-06,08:00,3580.0,0.0,4390.0,210.0,－－－－－－－－－－,10.0,600.0,0.0,0.0,0.0,-150.0,-1480.0,3580.0,yonden
2016,8,2016-08-06,09:00,3980.0,0.0,4490.0,200.0,－－－－－－－－－－,0.0,840.0,0.0,0.0,0.0,0.0,-1550.0,3980.0,yonden
2016,8,2016-08-06,10:00,4250.0,0.0,4490.0,210.0,－－－－－－－－－－,10.0,1080.0,0.0,0.0,0.0,0.0,-1540.0,4250.0,yonden
2016,8,2016-08-06,11:00,4450.0,0.0,4550.0,210.0,－－－－－－－－－－,10.0,1220.0,0.0,0.0,0.0,0.0,-1540.0,4450.0,yonden
2016,8,2016-08-06,12:00,4410.0,0.0,4530.0,210.0,－－－－－－－－－－,10.0,1230.0,0.0,0.0,0.0,0.0,-1570.0,4410.0,yonden
2016,8,2016-08-06,13:00,4540.0,0.0,4780.0,240.0,－－－－－－－－－－,10.0,1150.0,0.0,0.0,0.0,0.0,-1640.0,4540.0,yonden
2016,8,2016-08-06,14:00,4630.0,0.0,4900.0,250.0,－－－－－－－－－－,10.0,1020.0,0.0,0.0,0.0,0.0,-1550.0,4630.0,yonden
2016,8,2016-08-06,15:00,4540.0,0.0,5030.0,310.0,－－－－－－－－－－,10.0,720.0,0.0,10.0,0.0,0.0,-1540.0,4540.0,yonden
2016,8,2016-08-06,16:00,4440.0,0.0,5130.0,420.0,－－－－－－－－－－,0.0,410.0,0.0,10.0,0.0,0.0,-1530.0,4440.0,yonden
2016,8,2016-08-06,17:00,4270.0,0.0,5120.0,470.0,－－－－－－－－－－,0.0,200.0,0.0,10.0,0.0,0.0,-1530.0,4270.0,yonden
2016,8,2016-08-06,18:00,4130.0,0.0,5130.0,480.0,－－－－－－－－－－,0.0,50.0,0.0,10.0,0.0,0.0,-1540.0,4130.0,yonden
2016,8,2016-08-06,19:00,4050.0,0.0,5100.0,460.0,－－－－－－－－－－,0.0,0.0,0.0,20.0,0.0,0.0,-1530.0,4050.0,yonden
2016,8,2016-08-06,20:00,3850.0,0.0,4870.0,420.0,－－－－－－－－－－,0.0,0.0,0.0,10.0,0.0,0.0,-1450.0,3850.0,yonden
2016,8,2016-08-06,21:00,3600.0,0.0,4630.0,290.0,－－－－－－－－－－,10.0,0.0,0.0,20.0,0.0,0.0,-1350.0,3600.0,yonden
2016,8,2016-08-06,22:00,3330.0,0.0,4450.0,210.0,－－－－－－－－－－,10.0,0.0,0.0,20.0,0.0,0.0,-1360.0,3330.0,yonden
2016,8,2016-08-06,23:00,3150.0,0.0,4330.0,170.0,－－－－－－－－－－,10.0,0.0,0.0,10.0,0.0,0.0,-1370.0,3150.0,yonden
2016,8,2016-08-07,00:00,2910.0,0.0,4120.0,170.0,－－－－－－－－－－,10.0,0.0,0.0,10.0,0.0,0.0,-1400.0,2910.0,yonden
2016,8,2016-08-07,01:00,2770.0,0.0,4000.0,160.0,－－－－－－－－－－,10.0,0.0,0.0,10.0,0.0,0.0,-1410.0,2770.0,yonden
2016,8,2016-08-07,02:00,2770.0,0.0,3990.0,170.0,－－－－－－－－－－,10.0,0.0,0.0,0.0,0.0,0.0,-1400.0,2770.0,yonden
2016,8,2016-08-07,03:00,2830.0,0.0,4050.0,180.0,－－－－－－－－－－,10.0,0.0,0.0,0.0,0.0,0.0,-1410.0,2830.0,yonden
2016,8,2016-08-07,04:00,2920.0,0.0,4110.0,200.0,－－－－－－－－－－,10.0,0.0,0.0,0.0,0.0,0.0,-1400.0,2920.0,yonden
2016,8,2016-08-07,05:00,2930.0,0.0,4100.0,210.0,－－－－－－－－－－,10.0,10.0,0.0,0.0,0.0,0.0,-1400.0,2930.0,yonden
2016,8,2016-08-07,06:00,2810.0,0.0,4110.0,180.0,－－－－－－－－－－,10.0,140.0,0.0,0.0,0.0,-290.0,-1340.0,2810.0,yonden
2016,8,2016-08-07,07:00,2770.0,0.0,4030.0,130.0,－－－－－－－－－－,10.0,350.0,0.0,0.0,0.0,-290.0,-1460.0,2770.0,yonden
2016,8,2016-08-07,08:00,3090.0,0.0,4040.0,140.0,－－－－－－－－－－,10.0,640.0,0.0,0.0,0.0,-290.0,-1450.0,3090.0,yonden
2016,8,2016-08-07,09:00,3380.0,0.0,4120.0,190.0,－－－－－－－－－－,10.0,820.0,0.0,0.0,0.0,-290.0,-1470.0,3380.0,yonden
2016,8,2016-08-07,10:00,3610.0,0.0,4160.0,210.0,－－－－－－－－－－,10.0,1020.0,0.0,0.0,0.0,-290.0,-1500.0,3610.0,yonden
2016,8,2016-08-07,11:00,3780.0,0.0,4100.0,220.0,－－－－－－－－－－,10.0,1140.0,0.0,0.0,0.0,-290.0,-1400.0,3780.0,yonden
2016,8,2016-08-07,12:00,3850.0,0.0,4050.0,210.0,－－－－－－－－－－,10.0,1180.0,0.0,0.0,0.0,-290.0,-1310.0,3850.0,yonden
2016,8,2016-08-07,13:00,3890.0,0.0,4070.0,230.0,－－－－－－－－－－,10.0,1100.0,0.0,0.0,0.0,-140.0,-1380.0,3890.0,yonden
2016,8,2016-08-07,14:00,3890.0,0.0,4240.0,180.0,－－－－－－－－－－,10.0,970.0,0.0,10.0,0.0,0.0,-1520.0,3890.0,yonden
2016,8,2016-08-07,15:00,3950.0,0.0,4360.0,220.0,－－－－－－－－－－,0.0,730.0,0.0,30.0,0.0,0.0,-1390.0,3950.0,yonden
2016,8,2016-08-07,16:00,3890.0,0.0,4590.0,230.0,－－－－－－－－－－,0.0,420.0,0.0,40.0,0.0,0.0,-1390.0,3890.0,yonden
2016,8,2016-08-07,17:00,3880.0,0.0,4700.0,380.0,－－－－－－－－－－,10.0,170.0,0.0,40.0,0.0,0.0,-1420.0,3880.0,yonden
2016,8,2016-08-07,18:00,3820.0,0.0,4740.0,520.0,－－－－－－－－－－,0.0,40.0,0.0,40.0,0.0,0.0,-1520.0,3820.0,yonden
2016,8,2016-08-07,19:00,3800.0,0.0,4760.0,510.0,－－－－－－－－－－,10.0,0.0,0.0,30.0,0.0,0.0,-1510.0,3800.0,yonden
2016,8,2016-08-07,20:00,3630.0,0.0,4520.0,440.0,－－－－－－－－－－,10.0,0.0,0.0,20.0,0.0,0.0,-1360.0,3630.0,yonden
2016,8,2016-08-07,21:00,3410.0,0.0,4330.0,310.0,－－－－－－－－－－,10.0,0.0,0.0,20.0,0.0,0.0,-1260.0,3410.0,yonden
2016,8,2016-08-07,22:00,3170.0,0.0,4220.0,190.0,－－－－－－－－－－,10.0,0.0,0.0,10.0,0.0,0.0,-1260.0,3170.0,yonden
2016,8,2016-08-07,23:00,2970.0,0.0,4140.0,140.0,－－－－－－－－－－,10.0,0.0,0.0,10.0,0.0,0.0,-1330.0,2970.0,yonden
2016,8,2016-08-08,00:00,2730.0,0.0,3940.0,130.0,－－－－－－－－－－,10.0,0.0,0.0,0.0,0.0,0.0,-1350.0,2730.0,yonden
2016,8,2016-08-08,01:00,2620.0,0.0,3890.0,140.0,－－－－－－－－－－,10.0,0.0,0.0,0.0,0.0,0.0,-1420.0,2620.0,yonden
2016,8,2016-08-08,02:00,2650.0,0.0,3930.0,160.0,－－－－－－－－－－,10.0,0.0,0.0,10.0,0.0,0.0,-1460.0,2650.0,yonden
2016,8,2016-08-08,03:00,2750.0,0.0,3990.0,220.0,－－－－－－－－－－,10.0,0.0,0.0,0.0,0.0,0.0,-1470.0,2750.0,yonden
2016,8,2016-08-08,04:00,2860.0,0.0,3980.0,260.0,－－－－－－－－－－,10.0,0.0,0.0,0.0,0.0,0.0,-1390.0,2860.0,yonden
2016,8,2016-08-08,05:00,2930.0,0.0,4070.0,220.0,－－－－－－－－－－,10.0,10.0,0.0,0.0,0.0,0.0,-1380.0,2930.0,yonden
2016,8,2016-08-08,06:00,2950.0,0.0,4100.0,150.0,－－－－－－－－－－,10.0,140.0,0.0,0.0,0.0,0.0,-1450.0,2950.0,yonden
2016,8,2016-08-08,07:00,3130.0,0.0,4050.0,140.0,－－－－－－－－－－,10.0,390.0,0.0,0.0,0.0,0.0,-1460.0,3130.0,yonden
2016,8,2016-08-08,08:00,3900.0,0.0,4450.0,170.0,－－－－－－－－－－,10.0,690.0,0.0,0.0,0.0,0.0,-1420.0,3900.0,yonden
2016,8,2016-08-08,09:00,4370.0,0.0,4750.0,230.0,－－－－－－－－－－,10.0,940.0,0.0,0.0,0.0,0.0,-1560.0,4370.0,yonden
2016,8,2016-08-08,10:00,4620.0,0.0,4850.0,250.0,－－－－－－－－－－,10.0,1150.0,0.0,0.0,0.0,0.0,-1640.0,4620.0,yonden
2016,8,2016-08-08,11:00,4860.0,0.0,5050.0,230.0,－－－－－－－－－－,10.0,1280.0,0.0,0.0,0.0,0.0,-1710.0,4860.0,yonden
2016,8,2016-08-08,12:00,4800.0,0.0,4930.0,200.0,－－－－－－－－－－,10.0,1290.0,0.0,0.0,0.0,0.0,-1630.0,4800.0,yonden
2016,8,2016-08-08,13:00,5040.0,0.0,5220.0,300.0,－－－－－－－－－－,10.0,1240.0,0.0,0.0,0.0,0.0,-1730.0,5040.0,yonden
2016,8,2016-08-08,14:00,5100.0,0.0,5340.0,340.0,－－－－－－－－－－,10.0,1120.0,0.0,0.0,0.0,0.0,-1710.0,5100.0,yonden
2016,8,2016-08-08,15:00,5100.0,0.0,5330.0,300.0,－－－－－－－－－－,10.0,890.0,0.0,0.0,0.0,180.0,-1610.0,5100.0,yonden
2016,8,2016-08-08,16:00,5120.0,0.0,5280.0,440.0,－－－－－－－－－－,10.0,570.0,0.0,0.0,0.0,310.0,-1490.0,5120.0,yonden
2016,8,2016-08-08,17:00,4880.0,0.0,5270.0,540.0,－－－－－－－－－－,10.0,260.0,0.0,0.0,0.0,310.0,-1510.0,4880.0,yonden
2016,8,2016-08-08,18:00,4690.0,0.0,5250.0,530.0,－－－－－－－－－－,10.0,60.0,0.0,0.0,0.0,280.0,-1440.0,4690.0,yonden
2016,8,2016-08-08,19:00,4550.0,0.0,5250.0,490.0,－－－－－－－－－－,10.0,0.0,0.0,10.0,0.0,270.0,-1480.0,4550.0,yonden
2016,8,2016-08-08,20:00,4270.0,0.0,5200.0,420.0,－－－－－－－－－－,10.0,0.0,0.0,10.0,0.0,140.0,-1510.0,4270.0,yonden
2016,8,2016-08-08,21:00,3920.0,0.0,5060.0,320.0,－－－－－－－－－－,10.0,0.0,0.0,10.0,0.0,0.0,-1480.0,3920.0,yonden
2016,8,2016-08-08,22:00,3580.0,0.0,4670.0,210.0,－－－－－－－－－－,10.0,0.0,0.0,10.0,0.0,0.0,-1320.0,3580.0,yonden
2016,8,2016-08-08,23:00,3330.0,0.0,4490.0,140.0,－－－－－－－－－－,10.0,0.0,0.0,10.0,0.0,0.0,-1320.0,3330.0,yonden
2016,8,2016-08-09,00:00,3040.0,0.0,4270.0,110.0,－－－－－－－－－－,10.0,0.0,0.0,10.0,0.0,-10.0,-1350.0,3040.0,yonden
2016,8,2016-08-09,01:00,2890.0,0.0,4260.0,130.0,－－－－－－－－－－,10.0,0.0,0.0,10.0,0.0,-300.0,-1220.0,2890.0,yonden
2016,8,2016-08-09,02:00,2900.0,0.0,4250.0,130.0,－－－－－－－－－－,10.0,0.0,0.0,20.0,0.0,-300.0,-1210.0,2900.0,yonden
2016,8,2016-08-09,03:00,2960.0,0.0,4260.0,170.0,－－－－－－－－－－,10.0,0.0,0.0,20.0,0.0,-300.0,-1200.0,2960.0,yonden
2016,8,2016-08-09,04:00,3050.0,0.0,4280.0,210.0,－－－－－－－－－－,10.0,0.0,0.0,20.0,0.0,-300.0,-1170.0,3050.0,yonden
2016,8,2016-08-09,05:00,3120.0,0.0,4370.0,180.0,－－－－－－－－－－,10.0,10.0,0.0,20.0,0.0,-300.0,-1170.0,3120.0,yonden
2016,8,2016-08-09,06:00,3130.0,0.0,4330.0,150.0,－－－－－－－－－－,10.0,130.0,0.0,20.0,0.0,-290.0,-1220.0,3130.0,yonden
2016,8,2016-08-09,07:00,3330.0,0.0,4350.0,150.0,－－－－－－－－－－,10.0,380.0,0.0,10.0,0.0,-290.0,-1280.0,3330.0,yonden
2016,8,2016-08-09,08:00,4070.0,0.0,4740.0,160.0,－－－－－－－－－－,10.0,690.0,0.0,10.0,0.0,0.0,-1540.0,4070.0,yonden
2016,8,2016-08-09,09:00,4510.0,0.0,4890.0,200.0,－－－－－－－－－－,10.0,940.0,0.0,10.0,0.0,0.0,-1540.0,4510.0,yonden
2016,8,2016-08-09,10:00,4770.0,0.0,5000.0,210.0,－－－－－－－－－－,10.0,1150.0,0.0,10.0,0.0,0.0,-1610.0,4770.0,yonden
2016,8,2016-08-09,11:00,4950.0,0.0,5130.0,220.0,－－－－－－－－－－,10.0,1250.0,0.0,20.0,0.0,0.0,-1680.0,4950.0,yonden
2016,8,2016-08-09,12:00,4860.0,0.0,4910.0,190.0,－－－－－－－－－－,10.0,1270.0,0.0,20.0,0.0,0.0,-1540.0,4860.0,yonden
2016,8,2016-08-09,13:00,5120.0,0.0,5170.0,240.0,－－－－－－－－－－,10.0,1210.0,0.0,20.0,0.0,0.0,-1530.0,5120.0,yonden
2016,8,2016-08-09,14:00,5160.0,0.0,5320.0,290.0,－－－－－－－－－－,10.0,1040.0,0.0,10.0,0.0,90.0,-1600.0,5160.0,yonden
2016,8,2016-08-09,15:00,5110.0,0.0,5290.0,360.0,－－－－－－－－－－,10.0,820.0,0.0,10.0,0.0,200.0,-1580.0,5110.0,yonden
2016,8,2016-08-09,16:00,5110.0,0.0,5270.0,550.0,－－－－－－－－－－,10.0,540.0,0.0,10.0,0.0,280.0,-1550.0,5110.0,yonden
2016,8,2016-08-09,17:00,4900.0,0.0,5240.0,600.0,－－－－－－－－－－,10.0,260.0,0.0,10.0,0.0,210.0,-1430.0,4900.0,yonden
2016,8,2016-08-09,18:00,4710.0,0.0,5220.0,590.0,－－－－－－－－－－,10.0,50.0,0.0,10.0,0.0,270.0,-1440.0,4710.0,yonden
2016,8,2016-08-09,19:00,4580.0,0.0,5210.0,530.0,－－－－－－－－－－,10.0,0.0,0.0,10.0,0.0,300.0,-1480.0,4580.0,yonden
2016,8,2016-08-09,20:00,4320.0,0.0,5220.0,330.0,－－－－－－－－－－,10.0,0.0,0.0,10.0,0.0,250.0,-1500.0,4320.0,yonden
2016,8,2016-08-09,21:00,4000.0,0.0,5220.0,240.0,－－－－－－－－－－,10.0,0.0,0.0,10.0,0.0,50.0,-1530.0,4000.0,yonden
2016,8,2016-08-09,22:00,3660.0,0.0,4860.0,150.0,－－－－－－－－－－,10.0,0.0,0.0,10.0,0.0,0.0,-1370.0,3660.0,yonden
2016,8,2016-08-09,23:00,3410.0,0.0,4590.0,150.0,－－－－－－－－－－,10.0,0.0,0.0,10.0,0.0,0.0,-1350.0,3410.0,yonden
2016,8,2016-08-10,00:00,3100.0,0.0,4340.0,120.0,－－－－－－－－－－,10.0,0.0,0.0,10.0,0.0,0.0,-1380.0,3100.0,yonden
2016,8,2016-08-10,01:00,2930.0,0.0,4270.0,130.0,－－－－－－－－－－,10.0,0.0,0.0,10.0,0.0,-300.0,-1190.0,2930.0,yonden
2016,8,2016-08-10,02:00,2900.0,0.0,4260.0,130.0,－－－－－－－－－－,10.0,0.0,0.0,10.0,0.0,-300.0,-1210.0,2900.0,yonden
2016,8,2016-08-10,03:00,2960.0,0.0,4270.0,160.0,－－－－－－－－－－,10.0,0.0,0.0,20.0,0.0,-300.0,-1200.0,2960.0,yonden
2016,8,2016-08-10,04:00,3060.0,0.0,4260.0,200.0,－－－－－－－－－－,10.0,0.0,0.0,20.0,0.0,-300.0,-1130.0,3060.0,yonden
2016,8,2016-08-10,05:00,3140.0,0.0,4370.0,190.0,－－－－－－－－－－,10.0,10.0,0.0,20.0,0.0,-300.0,-1160.0,3140.0,yonden
2016,8,2016-08-10,06:00,3120.0,0.0,4400.0,130.0,－－－－－－－－－－,10.0,130.0,0.0,10.0,0.0,-290.0,-1270.0,3120.0,yonden
2016,8,2016-08-10,07:00,3280.0,0.0,4280.0,120.0,－－－－－－－－－－,10.0,370.0,0.0,10.0,0.0,0.0,-1510.0,3280.0,yonden
2016,8,2016-08-10,08:00,3970.0,0.0,4730.0,140.0,－－－－－－－－－－,10.0,680.0,0.0,0.0,0.0,0.0,-1590.0,3970.0,yonden
2016,8,2016-08-10,09:00,4360.0,0.0,4730.0,190.0,－－－－－－－－－－,10.0,940.0,0.0,10.0,0.0,0.0,-1520.0,4360.0,yonden
2016,8,2016-08-10,10:00,4570.0,0.0,4710.0,190.0,－－－－－－－－－－,10.0,1160.0,0.0,10.0,0.0,0.0,-1510.0,4570.0,yonden
2016,8,2016-08-10,11:00,4740.0,0.0,4700.0,210.0,－－－－－－－－－－,10.0,1280.0,0.0,10.0,0.0,0.0,-1470.0,4740.0,yonden
2016,8,2016-08-10,12:00,4660.0,0.0,4650.0,160.0,－－－－－－－－－－,10.0,1310.0,0.0,10.0,0.0,0.0,-1480.0,4660.0,yonden
2016,8,2016-08-10,13:00,4890.0,0.0,4930.0,180.0,－－－－－－－－－－,10.0,1220.0,0.0,10.0,0.0,0.0,-1460.0,4890.0,yonden
2016,8,2016-08-10,14:00,4930.0,0.0,5140.0,240.0,－－－－－－－－－－,10.0,1030.0,0.0,10.0,0.0,0.0,-1500.0,4930.0,yonden
2016,8,2016-08-10,15:00,4820.0,0.0,5250.0,270.0,－－－－－－－－－－,10.0,770.0,0.0,10.0,0.0,0.0,-1490.0,4820.0,yonden
2016,8,2016-08-10,16:00,4770.0,0.0,5260.0,370.0,－－－－－－－－－－,10.0,540.0,0.0,10.0,0.0,90.0,-1510.0,4770.0,yonden
2016,8,2016-08-10,17:00,4600.0,0.0,5230.0,440.0,－－－－－－－－－－,10.0,280.0,0.0,10.0,0.0,140.0,-1510.0,4600.0,yonden
2016,8,2016-08-10,18:00,4430.0,0.0,5230.0,460.0,－－－－－－－－－－,10.0,60.0,0.0,10.0,0.0,140.0,-1480.0,4430.0,yonden
2016,8,2016-08-10,19:00,4290.0,0.0,5190.0,470.0,－－－－－－－－－－,10.0,0.0,0.0,10.0,0.0,30.0,-1420.0,4290.0,yonden
2016,8,2016-08-10,20:00,4030.0,0.0,5090.0,380.0,－－－－－－－－－－,10.0,0.0,0.0,0.0,0.0,0.0,-1450.0,4030.0,yonden
2016,8,2016-08-10,21:00,3740.0,0.0,4900.0,230.0,－－－－－－－－－－,10.0,0.0,0.0,0.0,0.0,0.0,-1400.0,3740.0,yonden
2016,8,2016-08-10,22:00,3420.0,0.0,4570.0,170.0,－－－－－－－－－－,10.0,0.0,0.0,0.0,0.0,0.0,-1330.0,3420.0,yonden
2016,8,2016-08-10,23:00,3210.0,0.0,4410.0,130.0,－－－－－－－－－－,10.0,0.0,0.0,0.0,0.0,0.0,-1340.0,3210.0,yonden
2016,8,2016-08-11,00:00,2930.0,0.0,4190.0,130.0,－－－－－－－－－－,10.0,0.0,0.0,0.0,0.0,0.0,-1400.0,2930.0,yonden
2016,8,2016-08-11,01:00,2770.0,0.0,4050.0,100.0,－－－－－－－－－－,10.0,0.0,0.0,10.0,0.0,0.0,-1400.0,2770.0,yonden
2016,8,2016-08-11,02:00,2750.0,0.0,4030.0,100.0,－－－－－－－－－－,10.0,0.0,0.0,10.0,0.0,0.0,-1400.0,2750.0,yonden
2016,8,2016-08-11,03:00,2830.0,0.0,4120.0,100.0,－－－－－－－－－－,10.0,0.0,0.0,0.0,0.0,0.0,-1400.0,2830.0,yonden
2016,8,2016-08-11,04:00,2900.0,0.0,4100.0,140.0,－－－－－－－－－－,10.0,0.0,0.0,0.0,0.0,0.0,-1350.0,2900.0,yonden
2016,8,2016-08-11,05:00,2940.0,0.0,4120.0,160.0,－－－－－－－－－－,10.0,10.0,0.0,0.0,0.0,0.0,-1360.0,2940.0,yonden
2016,8,2016-08-11,06:00,2840.0,0.0,4020.0,120.0,－－－－－－－－－－,10.0,120.0,0.0,0.0,0.0,0.0,-1430.0,2840.0,yonden
2016,8,2016-08-11,07:00,2850.0,0.0,3840.0,80.0,－－－－－－－－－－,10.0,380.0,0.0,0.0,0.0,0.0,-1460.0,2850.0,yonden
2016,8,2016-08-11,08:00,3290.0,0.0,3880.0,110.0,－－－－－－－－－－,10.0,690.0,0.0,0.0,0.0,0.0,-1400.0,3290.0,yonden
2016,8,2016-08-11,09:00,3630.0,0.0,3990.0,160.0,－－－－－－－－－－,10.0,930.0,0.0,0.0,0.0,0.0,-1460.0,3630.0,yonden
2016,8,2016-08-11,10:00,3860.0,0.0,3990.0,160.0,－－－－－－－－－－,10.0,1140.0,0.0,10.0,0.0,0.0,-1450.0,3860.0,yonden
2016,8,2016-08-11,11:00,4030.0,0.0,4010.0,170.0,－－－－－－－－－－,10.0,1260.0,0.0,10.0,0.0,0.0,-1430.0,4030.0,yonden
2016,8,2016-08-11,12:00,4090.0,0.0,4060.0,140.0,－－－－－－－－－－,10.0,1270.0,0.0,10.0,0.0,0.0,-1400.0,4090.0,yonden
2016,8,2016-08-11,13:00,4150.0,0.0,4180.0,140.0,－－－－－－－－－－,10.0,1190.0,0.0,10.0,0.0,0.0,-1380.0,4150.0,yonden
2016,8,2016-08-11,14:00,4190.0,0.0,4300.0,180.0,－－－－－－－－－－,10.0,1070.0,0.0,10.0,0.0,0.0,-1380.0,4190.0,yonden
2016,8,2016-08-11,15:00,4210.0,0.0,4540.0,210.0,－－－－－－－－－－,10.0,850.0,0.0,10.0,0.0,0.0,-1410.0,4210.0,yonden
2016,8,2016-08-11,16:00,4200.0,0.0,4670.0,310.0,－－－－－－－－－－,10.0,560.0,0.0,10.0,0.0,0.0,-1360.0,4200.0,yonden
2016,8,2016-08-11,17:00,4150.0,0.0,4680.0,420.0,－－－－－－－－－－,10.0,280.0,0.0,10.0,0.0,0.0,-1250.0,4150.0,yonden
2016,8,2016-08-11,18:00,4030.0,0.0,4740.0,500.0,－－－－－－－－－－,10.0,60.0,0.0,0.0,0.0,0.0,-1280.0,4030.0,yonden
2016,8,2016-08-11,19:00,3970.0,0.0,4750.0,460.0,－－－－－－－－－－,10.0,0.0,0.0,0.0,0.0,120.0,-1370.0,3970.0,yonden
2016,8,2016-08-11,20:00,3760.0,0.0,4640.0,330.0,－－－－－－－－－－,10.0,0.0,0.0,0.0,0.0,0.0,-1220.0,3760.0,yonden
2016,8,2016-08-11,21:00,3490.0,0.0,4530.0,210.0,－－－－－－－－－－,10.0,0.0,0.0,10.0,0.0,0.0,-1270.0,3490.0,yonden
2016,8,2016-08-11,22:00,3250.0,0.0,4470.0,140.0,－－－－－－－－－－,10.0,0.0,0.0,10.0,0.0,0.0,-1380.0,3250.0,yonden
2016,8,2016-08-11,23:00,3050.0,0.0,4280.0,110.0,－－－－－－－－－－,10.0,0.0,0.0,0.0,0.0,0.0,-1350.0,3050.0,yonden
2016,8,2016-08-12,00:00,2790.0,0.0,4170.0,100.0,－－－－－－－－－－,10.0,0.0,0.0,0.0,0.0,0.0,-1490.0,2790.0,yonden
2016,8,2016-08-12,01:00,2630.0,0.0,3990.0,120.0,－－－－－－－－－－,10.0,0.0,0.0,0.0,0.0,0.0,-1490.0,2630.0,yonden
2016,8,2016-08-12,02:00,2660.0,0.0,4020.0,120.0,－－－－－－－－－－,10.0,0.0,0.0,0.0,0.0,0.0,-1490.0,2660.0,yonden
2016,8,2016-08-12,03:00,2750.0,0.0,4090.0,150.0,－－－－－－－－－－,10.0,0.0,0.0,0.0,0.0,0.0,-1500.0,2750.0,yonden
2016,8,2016-08-12,04:00,2850.0,0.0,4120.0,190.0,－－－－－－－－－－,10.0,0.0,0.0,0.0,0.0,0.0,-1470.0,2850.0,yonden
2016,8,2016-08-12,05:00,2860.0,0.0,4110.0,160.0,－－－－－－－－－－,10.0,10.0,0.0,0.0,0.0,0.0,-1430.0,2860.0,yonden
2016,8,2016-08-12,06:00,2760.0,0.0,4030.0,90.0,－－－－－－－－－－,10.0,130.0,0.0,0.0,0.0,0.0,-1500.0,2760.0,yonden
2016,8,2016-08-12,07:00,2840.0,0.0,3900.0,80.0,－－－－－－－－－－,10.0,370.0,0.0,0.0,0.0,0.0,-1520.0,2840.0,yonden
2016,8,2016-08-12,08:00,3380.0,0.0,4140.0,100.0,－－－－－－－－－－,10.0,670.0,0.0,0.0,0.0,0.0,-1540.0,3380.0,yonden
2016,8,2016-08-12,09:00,3730.0,0.0,4300.0,150.0,－－－－－－－－－－,10.0,920.0,0.0,0.0,0.0,0.0,-1650.0,3730.0,yonden
2016,8,2016-08-12,10:00,3980.0,0.0,4310.0,150.0,－－－－－－－－－－,10.0,1130.0,0.0,0.0,0.0,0.0,-1620.0,3980.0,yonden
2016,8,2016-08-12,11:00,4150.0,0.0,4390.0,140.0,－－－－－－－－－－,10.0,1240.0,0.0,0.0,0.0,0.0,-1630.0,4150.0,yonden
2016,8,2016-08-12,12:00,4180.0,0.0,4410.0,140.0,－－－－－－－－－－,10.0,1260.0,0.0,0.0,0.0,0.0,-1640.0,4180.0,yonden
2016,8,2016-08-12,13:00,4300.0,0.0,4470.0,160.0,－－－－－－－－－－,10.0,1200.0,0.0,0.0,0.0,0.0,-1540.0,4300.0,yonden
2016,8,2016-08-12,14:00,4380.0,0.0,4640.0,200.0,－－－－－－－－－－,10.0,1060.0,0.0,0.0,0.0,0.0,-1530.0,4380.0,yonden
2016,8,2016-08-12,15:00,4400.0,0.0,4800.0,270.0,－－－－－－－－－－,10.0,840.0,0.0,10.0,0.0,0.0,-1530.0,4400.0,yonden
2016,8,2016-08-12,16:00,4370.0,0.0,4850.0,420.0,－－－－－－－－－－,10.0,540.0,0.0,10.0,0.0,70.0,-1530.0,4370.0,yonden
2016,8,2016-08-12,17:00,4280.0,0.0,4850.0,500.0,－－－－－－－－－－,10.0,250.0,0.0,20.0,0.0,180.0,-1530.0,4280.0,yonden
2016,8,2016-08-12,18:00,4140.0,0.0,4780.0,540.0,－－－－－－－－－－,10.0,50.0,0.0,30.0,0.0,230.0,-1500.0,4140.0,yonden
2016,8,2016-08-12,19:00,4060.0,0.0,4800.0,520.0,－－－－－－－－－－,10.0,0.0,0.0,30.0,0.0,190.0,-1490.0,4060.0,yonden
2016,8,2016-08-12,20:00,3860.0,0.0,4790.0,390.0,－－－－－－－－－－,10.0,0.0,0.0,30.0,0.0,150.0,-1510.0,3860.0,yonden
2016,8,2016-08-12,21:00,3580.0,0.0,4740.0,290.0,－－－－－－－－－－,10.0,0.0,0.0,30.0,0.0,30.0,-1520.0,3580.0,yonden
2016,8,2016-08-12,22:00,3300.0,0.0,4620.0,170.0,－－－－－－－－－－,10.0,0.0,0.0,30.0,0.0,0.0,-1530.0,3300.0,yonden
2016,8,2016-08-12,23:00,3100.0,0.0,4350.0,120.0,－－－－－－－－－－,10.0,0.0,0.0,30.0,0.0,0.0,-1410.0,3100.0,yonden
2016,8,2016-08-13,00:00,2820.0,0.0,4200.0,110.0,－－－－－－－－－－,10.0,0.0,0.0,30.0,0.0,0.0,-1530.0,2820.0,yonden
2016,8,2016-08-13,01:00,2710.0,0.0,4360.0,120.0,－－－－－－－－－－,10.0,0.0,0.0,30.0,0.0,-280.0,-1530.0,2710.0,yonden
2016,8,2016-08-13,02:00,2730.0,0.0,4390.0,120.0,－－－－－－－－－－,10.0,0.0,0.0,20.0,0.0,-300.0,-1510.0,2730.0,yonden
2016,8,2016-08-13,03:00,2800.0,0.0,4380.0,130.0,－－－－－－－－－－,10.0,0.0,0.0,20.0,0.0,-300.0,-1440.0,2800.0,yonden
2016,8,2016-08-13,04:00,2870.0,0.0,4440.0,130.0,－－－－－－－－－－,10.0,0.0,0.0,20.0,0.0,-300.0,-1430.0,2870.0,yonden
2016,8,2016-08-13,05:00,2900.0,0.0,4360.0,150.0,－－－－－－－－－－,10.0,10.0,0.0,20.0,0.0,-300.0,-1350.0,2900.0,yonden
2016,8,2016-08-13,06:00,2780.0,0.0,4300.0,160.0,－－－－－－－－－－,10.0,110.0,0.0,10.0,0.0,-300.0,-1510.0,2780.0,yonden
2016,8,2016-08-13,07:00,2750.0,0.0,4130.0,90.0,－－－－－－－－－－,10.0,310.0,0.0,10.0,0.0,-300.0,-1500.0,2750.0,yonden
2016,8,2016-08-13,08:00,3090.0,0.0,4200.0,90.0,－－－－－－－－－－,10.0,580.0,0.0,10.0,0.0,-290.0,-1510.0,3090.0,yonden
2016,8,2016-08-13,09:00,3420.0,0.0,3970.0,140.0,－－－－－－－－－－,10.0,860.0,0.0,10.0,0.0,-30.0,-1540.0,3420.0,yonden
2016,8,2016-08-13,10:00,3680.0,0.0,3990.0,150.0,－－－－－－－－－－,10.0,1090.0,0.0,0.0,0.0,0.0,-1560.0,3680.0,yonden
2016,8,2016-08-13,11:00,3850.0,0.0,4050.0,140.0,－－－－－－－－－－,10.0,1210.0,0.0,0.0,0.0,0.0,-1560.0,3850.0,yonden
2016,8,2016-08-13,12:00,3980.0,0.0,4140.0,140.0,－－－－－－－－－－,10.0,1260.0,0.0,0.0,0.0,0.0,-1570.0,3980.0,yonden
2016,8,2016-08-13,13:00,4040.0,0.0,4280.0,160.0,－－－－－－－－－－,10.0,1190.0,0.0,0.0,0.0,0.0,-1600.0,4040.0,yonden
2016,8,2016-08-13,14:00,4050.0,0.0,4400.0,160.0,－－－－－－－－－－,10.0,1030.0,0.0,0.0,0.0,0.0,-1550.0,4050.0,yonden
2016,8,2016-08-13,15:00,4050.0,0.0,4600.0,190.0,－－－－－－－－－－,10.0,810.0,0.0,0.0,0.0,0.0,-1560.0,4050.0,yonden
2016,8,2016-08-13,16:00,4050.0,0.0,4700.0,280.0,－－－－－－－－－－,10.0,540.0,0.0,0.0,0.0,70.0,-1550.0,4050.0,yonden
2016,8,2016-08-13,17:00,4020.0,0.0,4680.0,330.0,－－－－－－－－－－,0.0,250.0,0.0,10.0,0.0,180.0,-1430.0,4020.0,yonden
2016,8,2016-08-13,18:00,3940.0,0.0,4660.0,430.0,－－－－－－－－－－,0.0,50.0,0.0,20.0,0.0,210.0,-1430.0,3940.0,yonden
2016,8,2016-08-13,19:00,3870.0,0.0,4680.0,400.0,－－－－－－－－－－,0.0,0.0,0.0,20.0,0.0,200.0,-1430.0,3870.0,yonden
2016,8,2016-08-13,20:00,3710.0,0.0,4730.0,280.0,－－－－－－－－－－,0.0,0.0,0.0,20.0,0.0,130.0,-1450.0,3710.0,yonden
2016,8,2016-08-13,21:00,3470.0,0.0,4610.0,270.0,－－－－－－－－－－,0.0,0.0,0.0,20.0,0.0,0.0,-1430.0,3470.0,yonden
2016,8,2016-08-13,22:00,3240.0,0.0,4470.0,160.0,－－－－－－－－－－,10.0,0.0,0.0,30.0,0.0,0.0,-1430.0,3240.0,yonden
2016,8,2016-08-13,23:00,3050.0,0.0,4270.0,130.0,－－－－－－－－－－,10.0,0.0,0.0,30.0,0.0,0.0,-1390.0,3050.0,yonden
2016,8,2016-08-14,00:00,2770.0,0.0,4150.0,110.0,－－－－－－－－－－,10.0,0.0,0.0,20.0,0.0,0.0,-1520.0,2770.0,yonden
2016,8,2016-08-14,01:00,2610.0,0.0,3970.0,120.0,－－－－－－－－－－,10.0,0.0,0.0,20.0,0.0,0.0,-1510.0,2610.0,yonden
2016,8,2016-08-14,02:00,2620.0,0.0,3990.0,120.0,－－－－－－－－－－,10.0,0.0,0.0,20.0,0.0,0.0,-1520.0,2620.0,yonden
2016,8,2016-08-14,03:00,2680.0,0.0,4060.0,130.0,－－－－－－－－－－,10.0,0.0,0.0,10.0,0.0,0.0,-1530.0,2680.0,yonden
2016,8,2016-08-14,04:00,2760.0,0.0,4050.0,180.0,－－－－－－－－－－,10.0,0.0,0.0,10.0,0.0,0.0,-1490.0,2760.0,yonden
2016,8,2016-08-14,05:00,2780.0,0.0,4070.0,160.0,－－－－－－－－－－,10.0,10.0,0.0,10.0,0.0,0.0,-1480.0,2780.0,yonden
2016,8,2016-08-14,06:00,2690.0,0.0,4050.0,120.0,－－－－－－－－－－,10.0,100.0,0.0,0.0,0.0,-150.0,-1440.0,2690.0,yonden
2016,8,2016-08-14,07:00,2690.0,0.0,3970.0,80.0,－－－－－－－－－－,10.0,330.0,0.0,0.0,0.0,-300.0,-1400.0,2690.0,yonden
2016,8,2016-08-14,08:00,3030.0,0.0,3890.0,90.0,－－－－－－－－－－,10.0,630.0,0.0,0.0,0.0,-150.0,-1440.0,3030.0,yonden
2016,8,2016-08-14,09:00,3390.0,0.0,3850.0,150.0,－－－－－－－－－－,10.0,900.0,0.0,0.0,0.0,0.0,-1520.0,3390.0,yonden
2016,8,2016-08-14,10:00,3610.0,0.0,3890.0,140.0,－－－－－－－－－－,10.0,1100.0,0.0,0.0,0.0,0.0,-1530.0,3610.0,yonden
2016,8,2016-08-14,11:00,3790.0,0.0,3940.0,140.0,－－－－－－－－－－,10.0,1220.0,0.0,0.0,0.0,0.0,-1520.0,3790.0,yonden
2016,8,2016-08-14,12:00,3870.0,0.0,4010.0,140.0,－－－－－－－－－－,10.0,1240.0,0.0,0.0,0.0,0.0,-1530.0,3870.0,yonden
2016,8,2016-08-14,13:00,3890.0,0.0,4100.0,140.0,－－－－－－－－－－,10.0,1170.0,0.0,0.0,0.0,0.0,-1530.0,3890.0,yonden
2016,8,2016-08-14,14:00,3930.0,0.0,4250.0,140.0,－－－－－－－－－－,10.0,1040.0,0.0,0.0,0.0,0.0,-1510.0,3930.0,yonden
2016,8,2016-08-14,15:00,3970.0,0.0,4480.0,180.0,－－－－－－－－－－,10.0,810.0,0.0,0.0,0.0,0.0,-1510.0,3970.0,yonden
2016,8,2016-08-14,16:00,4020.0,0.0,4660.0,280.0,－－－－－－－－－－,0.0,530.0,0.0,0.0,0.0,0.0,-1450.0,4020.0,yonden
2016,8,2016-08-14,17:00,4020.0,0.0,4650.0,330.0,－－－－－－－－－－,0.0,240.0,0.0,0.0,0.0,130.0,-1330.0,4020.0,yonden
2016,8,2016-08-14,18:00,3910.0,0.0,4650.0,350.0,－－－－－－－－－－,0.0,50.0,0.0,10.0,0.0,150.0,-1300.0,3910.0,yonden
2016,8,2016-08-14,19:00,3900.0,0.0,4660.0,420.0,－－－－－－－－－－,10.0,0.0,0.0,20.0,0.0,180.0,-1390.0,3900.0,yonden
2016,8,2016-08-14,20:00,3750.0,0.0,4670.0,250.0,－－－－－－－－－－,10.0,0.0,0.0,20.0,0.0,100.0,-1300.0,3750.0,yonden
2016,8,2016-08-14,21:00,3520.0,0.0,4480.0,250.0,－－－－－－－－－－,0.0,0.0,0.0,20.0,0.0,0.0,-1230.0,3520.0,yonden
2016,8,2016-08-14,22:00,3280.0,0.0,4310.0,180.0,－－－－－－－－－－,10.0,0.0,0.0,20.0,0.0,0.0,-1240.0,3280.0,yonden
2016,8,2016-08-14,23:00,3060.0,0.0,4290.0,140.0,－－－－－－－－－－,10.0,0.0,0.0,10.0,0.0,0.0,-1390.0,3060.0,yonden
2016,8,2016-08-15,00:00,2790.0,0.0,4110.0,120.0,－－－－－－－－－－,0.0,0.0,0.0,10.0,0.0,0.0,-1450.0,2790.0,yonden
2016,8,2016-08-15,01:00,2630.0,0.0,3940.0,130.0,－－－－－－－－－－,10.0,0.0,0.0,10.0,0.0,0.0,-1460.0,2630.0,yonden
2016,8,2016-08-15,02:00,2630.0,0.0,3990.0,130.0,－－－－－－－－－－,0.0,0.0,0.0,0.0,0.0,0.0,-1490.0,2630.0,yonden
2016,8,2016-08-15,03:00,2680.0,0.0,4030.0,150.0,－－－－－－－－－－,0.0,0.0,0.0,0.0,0.0,0.0,-1500.0,2680.0,yonden
2016,8,2016-08-15,04:00,2770.0,0.0,4060.0,200.0,－－－－－－－－－－,0.0,0.0,0.0,0.0,0.0,0.0,-1490.0,2770.0,yonden
2016,8,2016-08-15,05:00,2800.0,0.0,4100.0,180.0,－－－－－－－－－－,0.0,10.0,0.0,0.0,0.0,0.0,-1490.0,2800.0,yonden
2016,8,2016-08-15,06:00,2710.0,0.0,4080.0,110.0,－－－－－－－－－－,0.0,80.0,0.0,0.0,0.0,0.0,-1560.0,2710.0,yonden
2016,8,2016-08-15,07:00,2780.0,0.0,4020.0,90.0,－－－－－－－－－－,0.0,290.0,0.0,0.0,0.0,0.0,-1620.0,2780.0,yonden
2016,8,2016-08-15,08:00,3250.0,0.0,4060.0,110.0,－－－－－－－－－－,0.0,590.0,0.0,0.0,0.0,0.0,-1510.0,3250.0,yonden
2016,8,2016-08-15,09:00,3650.0,0.0,4160.0,170.0,－－－－－－－－－－,0.0,860.0,0.0,0.0,0.0,0.0,-1540.0,3650.0,yonden
2016,8,2016-08-15,10:00,3900.0,0.0,4190.0,170.0,－－－－－－－－－－,0.0,1070.0,0.0,0.0,0.0,0.0,-1530.0,3900.0,yonden
2016,8,2016-08-15,11:00,4050.0,0.0,4320.0,190.0,－－－－－－－－－－,0.0,1100.0,0.0,0.0,0.0,0.0,-1560.0,4050.0,yonden
2016,8,2016-08-15,12:00,4140.0,0.0,4430.0,150.0,－－－－－－－－－－,0.0,1090.0,0.0,0.0,0.0,0.0,-1530.0,4140.0,yonden
2016,8,2016-08-15,13:00,4080.0,0.0,4580.0,160.0,－－－－－－－－－－,0.0,860.0,0.0,0.0,0.0,0.0,-1520.0,4080.0,yonden
2016,8,2016-08-15,14:00,3980.0,10.0,4560.0,160.0,－－－－－－－－－－,0.0,690.0,0.0,0.0,0.0,0.0,-1440.0,3980.0,yonden
2016,8,2016-08-15,15:00,3940.0,50.0,4540.0,160.0,－－－－－－－－－－,0.0,580.0,0.0,0.0,0.0,0.0,-1390.0,3940.0,yonden
2016,8,2016-08-15,16:00,3970.0,70.0,4670.0,220.0,－－－－－－－－－－,0.0,400.0,0.0,0.0,0.0,0.0,-1390.0,3970.0,yonden
2016,8,2016-08-15,17:00,3950.0,100.0,4690.0,370.0,－－－－－－－－－－,0.0,200.0,0.0,0.0,0.0,0.0,-1410.0,3950.0,yonden
2016,8,2016-08-15,18:00,3870.0,120.0,4640.0,450.0,－－－－－－－－－－,0.0,40.0,0.0,0.0,0.0,0.0,-1380.0,3870.0,yonden
2016,8,2016-08-15,19:00,3840.0,120.0,4690.0,460.0,－－－－－－－－－－,0.0,0.0,0.0,0.0,0.0,0.0,-1430.0,3840.0,yonden
2016,8,2016-08-15,20:00,3640.0,120.0,4670.0,200.0,－－－－－－－－－－,0.0,0.0,0.0,0.0,0.0,0.0,-1350.0,3640.0,yonden
2016,8,2016-08-15,21:00,3400.0,120.0,4380.0,200.0,－－－－－－－－－－,0.0,0.0,0.0,0.0,0.0,0.0,-1300.0,3400.0,yonden
2016,8,2016-08-15,22:00,3170.0,120.0,4110.0,180.0,－－－－－－－－－－,0.0,0.0,0.0,0.0,0.0,0.0,-1240.0,3170.0,yonden
2016,8,2016-08-15,23:00,2960.0,130.0,3940.0,150.0,－－－－－－－－－－,0.0,0.0,0.0,0.0,0.0,0.0,-1260.0,2960.0,yonden
2016,8,2016-08-16,00:00,2700.0,160.0,3920.0,110.0,－－－－－－－－－－,0.0,0.0,0.0,0.0,0.0,0.0,-1490.0,2700.0,yonden
2016,8,2016-08-16,01:00,2540.0,190.0,3850.0,100.0,－－－－－－－－－－,0.0,0.0,0.0,0.0,0.0,0.0,-1600.0,2540.0,yonden
2016,8,2016-08-16,02:00,2550.0,190.0,3860.0,90.0,－－－－－－－－－－,0.0,0.0,0.0,0.0,0.0,0.0,-1590.0,2550.0,yonden
2016,8,2016-08-16,03:00,2640.0,200.0,3890.0,130.0,－－－－－－－－－－,0.0,0.0,0.0,0.0,0.0,0.0,-1580.0,2640.0,yonden
2016,8,2016-08-16,04:00,2720.0,220.0,3850.0,160.0,－－－－－－－－－－,0.0,0.0,0.0,0.0,0.0,0.0,-1510.0,2720.0,yonden
2016,8,2016-08-16,05:00,2770.0,240.0,3860.0,130.0,－－－－－－－－－－,10.0,10.0,0.0,0.0,0.0,0.0,-1480.0,2770.0,yonden
2016,8,2016-08-16,06:00,2690.0,240.0,3750.0,80.0,－－－－－－－－－－,0.0,90.0,0.0,0.0,0.0,0.0,-1470.0,2690.0,yonden
2016,8,2016-08-16,07:00,2780.0,240.0,3730.0,70.0,－－－－－－－－－－,0.0,240.0,0.0,0.0,0.0,0.0,-1500.0,2780.0,yonden
2016,8,2016-08-16,08:00,3350.0,240.0,4070.0,90.0,－－－－－－－－－－,0.0,500.0,0.0,0.0,0.0,0.0,-1550.0,3350.0,yonden
2016,8,2016-08-16,09:00,3800.0,240.0,4190.0,160.0,－－－－－－－－－－,10.0,740.0,0.0,0.0,0.0,0.0,-1540.0,3800.0,yonden
2016,8,2016-08-16,10:00,4040.0,240.0,4270.0,160.0,－－－－－－－－－－,10.0,890.0,0.0,0.0,0.0,0.0,-1530.0,4040.0,yonden
2016,8,2016-08-16,11:00,4230.0,230.0,4410.0,180.0,－－－－－－－－－－,10.0,970.0,0.0,0.0,0.0,0.0,-1570.0,4230.0,yonden
2016,8,2016-08-16,12:00,4300.0,230.0,4490.0,140.0,－－－－－－－－－－,10.0,1000.0,0.0,0.0,0.0,0.0,-1570.0,4300.0,yonden
2016,8,2016-08-16,13:00,4330.0,230.0,4670.0,150.0,－－－－－－－－－－,10.0,820.0,0.0,0.0,0.0,0.0,-1550.0,4330.0,yonden
2016,8,2016-08-16,14:00,4340.0,240.0,4830.0,150.0,－－－－－－－－－－,10.0,650.0,0.0,0.0,0.0,0.0,-1540.0,4340.0,yonden
2016,8,2016-08-16,15:00,4190.0,240.0,4780.0,170.0,－－－－－－－－－－,10.0,470.0,0.0,0.0,0.0,0.0,-1480.0,4190.0,yonden
2016,8,2016-08-16,16:00,4140.0,240.0,4870.0,220.0,－－－－－－－－－－,10.0,320.0,0.0,0.0,0.0,0.0,-1520.0,4140.0,yonden
2016,8,2016-08-16,17:00,4060.0,240.0,4780.0,320.0,－－－－－－－－－－,10.0,160.0,0.0,0.0,0.0,0.0,-1450.0,4060.0,yonden
2016,8,2016-08-16,18:00,3990.0,240.0,4740.0,470.0,－－－－－－－－－－,10.0,30.0,0.0,0.0,0.0,0.0,-1500.0,3990.0,yonden
2016,8,2016-08-16,19:00,3920.0,240.0,4710.0,460.0,－－－－－－－－－－,10.0,0.0,0.0,0.0,0.0,0.0,-1500.0,3920.0,yonden
2016,8,2016-08-16,20:00,3700.0,240.0,4540.0,340.0,－－－－－－－－－－,10.0,0.0,0.0,0.0,0.0,0.0,-1430.0,3700.0,yonden
2016,8,2016-08-16,21:00,3460.0,240.0,4410.0,250.0,－－－－－－－－－－,0.0,0.0,0.0,0.0,0.0,0.0,-1440.0,3460.0,yonden
2016,8,2016-08-16,22:00,3210.0,240.0,4090.0,160.0,－－－－－－－－－－,0.0,0.0,0.0,0.0,0.0,0.0,-1280.0,3210.0,yonden
2016,8,2016-08-16,23:00,3000.0,240.0,3830.0,120.0,－－－－－－－－－－,0.0,0.0,0.0,0.0,0.0,0.0,-1190.0,3000.0,yonden
2016,8,2016-08-17,00:00,2750.0,240.0,3730.0,110.0,－－－－－－－－－－,0.0,0.0,0.0,10.0,0.0,0.0,-1340.0,2750.0,yonden
2016,8,2016-08-17,01:00,2620.0,240.0,3750.0,130.0,－－－－－－－－－－,10.0,0.0,0.0,10.0,0.0,-300.0,-1220.0,2620.0,yonden
2016,8,2016-08-17,02:00,2630.0,240.0,3760.0,120.0,－－－－－－－－－－,10.0,0.0,0.0,10.0,0.0,-300.0,-1210.0,2630.0,yonden
2016,8,2016-08-17,03:00,2720.0,240.0,3820.0,130.0,－－－－－－－－－－,10.0,0.0,0.0,10.0,0.0,-300.0,-1190.0,2720.0,yonden
2016,8,2016-08-17,04:00,2820.0,240.0,3790.0,130.0,－－－－－－－－－－,0.0,0.0,0.0,10.0,0.0,0.0,-1350.0,2820.0,yonden
2016,8,2016-08-17,05:00,2890.0,240.0,3840.0,130.0,－－－－－－－－－－,0.0,10.0,0.0,10.0,0.0,0.0,-1340.0,2890.0,yonden
2016,8,2016-08-17,06:00,2910.0,240.0,3850.0,130.0,－－－－－－－－－－,0.0,70.0,0.0,20.0,0.0,0.0,-1400.0,2910.0,yonden
2016,8,2016-08-17,07:00,3090.0,240.0,3930.0,80.0,－－－－－－－－－－,0.0,230.0,0.0,20.0,0.0,0.0,-1410.0,3090.0,yonden
2016,8,2016-08-17,08:00,3710.0,240.0,4330.0,90.0,－－－－－－－－－－,0.0,430.0,0.0,10.0,0.0,0.0,-1390.0,3710.0,yonden
2016,8,2016-08-17,09:00,4220.0,240.0,4620.0,170.0,－－－－－－－－－－,0.0,710.0,0.0,10.0,0.0,0.0,-1530.0,4220.0,yonden
2016,8,2016-08-17,10:00,4440.0,250.0,4620.0,210.0,－－－－－－－－－－,10.0,900.0,0.0,0.0,0.0,0.0,-1550.0,4440.0,yonden
2016,8,2016-08-17,11:00,4620.0,270.0,4600.0,220.0,－－－－－－－－－－,10.0,1060.0,0.0,10.0,0.0,0.0,-1550.0,4620.0,yonden
2016,8,2016-08-17,12:00,4580.0,300.0,4500.0,150.0,－－－－－－－－－－,10.0,1170.0,0.0,20.0,0.0,0.0,-1570.0,4580.0,yonden
2016,8,2016-08-17,13:00,4780.0,320.0,4710.0,160.0,－－－－－－－－－－,0.0,1100.0,0.0,20.0,0.0,0.0,-1530.0,4780.0,yonden
2016,8,2016-08-17,14:00,4730.0,350.0,4820.0,180.0,－－－－－－－－－－,10.0,870.0,0.0,20.0,0.0,0.0,-1520.0,4730.0,yonden
2016,8,2016-08-17,15:00,4610.0,370.0,4950.0,240.0,－－－－－－－－－－,10.0,550.0,0.0,20.0,0.0,0.0,-1530.0,4610.0,yonden
2016,8,2016-08-17,16:00,4590.0,400.0,5030.0,330.0,－－－－－－－－－－,10.0,310.0,0.0,20.0,0.0,0.0,-1510.0,4590.0,yonden
2016,8,2016-08-17,17:00,4430.0,410.0,4940.0,420.0,－－－－－－－－－－,10.0,160.0,0.0,20.0,0.0,0.0,-1530.0,4430.0,yonden
2016,8,2016-08-17,18:00,4320.0,410.0,4910.0,530.0,－－－－－－－－－－,10.0,30.0,0.0,20.0,0.0,0.0,-1590.0,4320.0,yonden
2016,8,2016-08-17,19:00,4200.0,410.0,4850.0,500.0,－－－－－－－－－－,0.0,0.0,0.0,20.0,0.0,0.0,-1580.0,4200.0,yonden
2016,8,2016-08-17,20:00,3930.0,410.0,4720.0,300.0,－－－－－－－－－－,0.0,0.0,0.0,10.0,0.0,0.0,-1510.0,3930.0,yonden
2016,8,2016-08-17,21:00,3640.0,410.0,4530.0,200.0,－－－－－－－－－－,0.0,0.0,0.0,20.0,0.0,0.0,-1520.0,3640.0,yonden
2016,8,2016-08-17,22:00,3350.0,410.0,4170.0,140.0,－－－－－－－－－－,0.0,0.0,0.0,20.0,0.0,0.0,-1390.0,3350.0,yonden
2016,8,2016-08-17,23:00,3140.0,410.0,3920.0,120.0,－－－－－－－－－－,0.0,0.0,0.0,10.0,0.0,0.0,-1320.0,3140.0,yonden
2016,8,2016-08-18,00:00,2860.0,410.0,3830.0,110.0,－－－－－－－－－－,10.0,0.0,0.0,10.0,0.0,0.0,-1510.0,2860.0,yonden
2016,8,2016-08-18,01:00,2710.0,410.0,3820.0,120.0,－－－－－－－－－－,10.0,0.0,0.0,0.0,0.0,0.0,-1650.0,2710.0,yonden
2016,8,2016-08-18,02:00,2760.0,410.0,3860.0,120.0,－－－－－－－－－－,10.0,0.0,0.0,10.0,0.0,0.0,-1650.0,2760.0,yonden
2016,8,2016-08-18,03:00,2850.0,410.0,3920.0,130.0,－－－－－－－－－－,10.0,0.0,0.0,10.0,0.0,0.0,-1630.0,2850.0,yonden
2016,8,2016-08-18,04:00,2930.0,410.0,3900.0,130.0,－－－－－－－－－－,0.0,0.0,0.0,0.0,0.0,0.0,-1510.0,2930.0,yonden
2016,8,2016-08-18,05:00,3000.0,410.0,3920.0,100.0,－－－－－－－－－－,10.0,10.0,0.0,0.0,0.0,0.0,-1450.0,3000.0,yonden
2016,8,2016-08-18,06:00,2970.0,410.0,3910.0,90.0,－－－－－－－－－－,10.0,100.0,0.0,0.0,0.0,0.0,-1550.0,2970.0,yonden
2016,8,2016-08-18,07:00,3140.0,410.0,3920.0,90.0,－－－－－－－－－－,10.0,300.0,0.0,0.0,0.0,0.0,-1590.0,3140.0,yonden
2016,8,2016-08-18,08:00,3870.0,410.0,4270.0,130.0,－－－－－－－－－－,10.0,600.0,0.0,0.0,0.0,0.0,-1550.0,3870.0,yonden
2016,8,2016-08-18,09:00,4360.0,410.0,4490.0,180.0,－－－－－－－－－－,10.0,890.0,0.0,0.0,0.0,0.0,-1620.0,4360.0,yonden
2016,8,2016-08-18,10:00,4600.0,410.0,4770.0,180.0,－－－－－－－－－－,10.0,1050.0,0.0,10.0,0.0,0.0,-1830.0,4600.0,yonden
2016,8,2016-08-18,11:00,4750.0,410.0,4850.0,170.0,－－－－－－－－－－,10.0,1160.0,0.0,10.0,0.0,0.0,-1860.0,4750.0,yonden
2016,8,2016-08-18,12:00,4650.0,410.0,4730.0,180.0,－－－－－－－－－－,10.0,1190.0,0.0,0.0,0.0,0.0,-1870.0,4650.0,yonden
2016,8,2016-08-18,13:00,4840.0,410.0,5050.0,220.0,－－－－－－－－－－,10.0,1070.0,0.0,10.0,0.0,0.0,-1930.0,4840.0,yonden
2016,8,2016-08-18,14:00,4920.0,410.0,5060.0,230.0,－－－－－－－－－－,10.0,980.0,0.0,0.0,0.0,0.0,-1770.0,4920.0,yonden
2016,8,2016-08-18,15:00,4880.0,410.0,5030.0,320.0,－－－－－－－－－－,10.0,740.0,0.0,0.0,0.0,40.0,-1670.0,4880.0,yonden
2016,8,2016-08-18,16:00,4870.0,410.0,5020.0,400.0,－－－－－－－－－－,0.0,480.0,0.0,0.0,0.0,250.0,-1690.0,4870.0,yonden
2016,8,2016-08-18,17:00,4690.0,410.0,4990.0,430.0,－－－－－－－－－－,10.0,230.0,0.0,0.0,0.0,230.0,-1610.0,4690.0,yonden
2016,8,2016-08-18,18:00,4530.0,410.0,4970.0,400.0,－－－－－－－－－－,10.0,40.0,0.0,0.0,0.0,300.0,-1600.0,4530.0,yonden
2016,8,2016-08-18,19:00,4410.0,410.0,4960.0,360.0,－－－－－－－－－－,10.0,0.0,0.0,10.0,0.0,240.0,-1580.0,4410.0,yonden
2016,8,2016-08-18,20:00,4140.0,410.0,4940.0,240.0,－－－－－－－－－－,10.0,0.0,0.0,10.0,0.0,80.0,-1550.0,4140.0,yonden
2016,8,2016-08-18,21:00,3810.0,410.0,4650.0,230.0,－－－－－－－－－－,10.0,0.0,0.0,10.0,0.0,0.0,-1500.0,3810.0,yonden
2016,8,2016-08-18,22:00,3500.0,410.0,4260.0,180.0,－－－－－－－－－－,10.0,0.0,0.0,10.0,0.0,0.0,-1370.0,3500.0,yonden
2016,8,2016-08-18,23:00,3260.0,410.0,4050.0,150.0,－－－－－－－－－－,10.0,0.0,0.0,10.0,0.0,0.0,-1370.0,3260.0,yonden
2016,8,2016-08-19,00:00,2990.0,410.0,3880.0,140.0,－－－－－－－－－－,10.0,0.0,0.0,0.0,0.0,0.0,-1450.0,2990.0,yonden
2016,8,2016-08-19,01:00,2830.0,410.0,3880.0,130.0,－－－－－－－－－－,10.0,0.0,0.0,0.0,0.0,0.0,-1600.0,2830.0,yonden
2016,8,2016-08-19,02:00,2830.0,410.0,3900.0,130.0,－－－－－－－－－－,10.0,0.0,0.0,0.0,0.0,0.0,-1620.0,2830.0,yonden
2016,8,2016-08-19,03:00,2900.0,410.0,3880.0,130.0,－－－－－－－－－－,10.0,0.0,0.0,0.0,0.0,0.0,-1530.0,2900.0,yonden
2016,8,2016-08-19,04:00,2980.0,410.0,3880.0,140.0,－－－－－－－－－－,10.0,0.0,0.0,0.0,0.0,0.0,-1460.0,2980.0,yonden
2016,8,2016-08-19,05:00,3070.0,410.0,3920.0,140.0,－－－－－－－－－－,10.0,10.0,0.0,0.0,0.0,0.0,-1420.0,3070.0,yonden
2016,8,2016-08-19,06:00,3070.0,410.0,3990.0,100.0,－－－－－－－－－－,10.0,90.0,0.0,0.0,0.0,0.0,-1530.0,3070.0,yonden
2016,8,2016-08-19,07:00,3200.0,410.0,4010.0,90.0,－－－－－－－－－－,10.0,290.0,0.0,0.0,0.0,0.0,-1610.0,3200.0,yonden
2016,8,2016-08-19,08:00,3920.0,410.0,4380.0,90.0,－－－－－－－－－－,10.0,590.0,0.0,0.0,0.0,0.0,-1560.0,3920.0,yonden
2016,8,2016-08-19,09:00,4450.0,410.0,4630.0,180.0,－－－－－－－－－－,10.0,860.0,0.0,0.0,0.0,0.0,-1640.0,4450.0,yonden
2016,8,2016-08-19,10:00,4750.0,410.0,4840.0,220.0,－－－－－－－－－－,10.0,1080.0,0.0,0.0,0.0,0.0,-1810.0,4750.0,yonden
2016,8,2016-08-19,11:00,4970.0,410.0,4950.0,210.0,－－－－－－－－－－,10.0,1200.0,0.0,0.0,0.0,0.0,-1810.0,4970.0,yonden
2016,8,2016-08-19,12:00,4880.0,410.0,4920.0,180.0,－－－－－－－－－－,10.0,1200.0,0.0,0.0,0.0,0.0,-1840.0,4880.0,yonden
2016,8,2016-08-19,13:00,5050.0,420.0,5100.0,250.0,－－－－－－－－－－,10.0,1070.0,0.0,0.0,0.0,0.0,-1800.0,5050.0,yonden
2016,8,2016-08-19,14:00,5000.0,430.0,5100.0,280.0,－－－－－－－－－－,10.0,870.0,0.0,0.0,0.0,0.0,-1690.0,5000.0,yonden
2016,8,2016-08-19,15:00,5020.0,450.0,5130.0,310.0,－－－－－－－－－－,10.0,710.0,0.0,0.0,0.0,40.0,-1630.0,5020.0,yonden
2016,8,2016-08-19,16:00,4970.0,470.0,5100.0,400.0,－－－－－－－－－－,10.0,420.0,0.0,0.0,0.0,280.0,-1710.0,4970.0,yonden
2016,8,2016-08-19,17:00,4770.0,500.0,5030.0,480.0,－－－－－－－－－－,10.0,190.0,0.0,0.0,0.0,290.0,-1730.0,4770.0,yonden
2016,8,2016-08-19,18:00,4640.0,530.0,4980.0,510.0,－－－－－－－－－－,10.0,40.0,0.0,0.0,0.0,290.0,-1720.0,4640.0,yonden
2016,8,2016-08-19,19:00,4480.0,550.0,4760.0,500.0,－－－－－－－－－－,10.0,0.0,0.0,10.0,0.0,280.0,-1630.0,4480.0,yonden
2016,8,2016-08-19,20:00,4180.0,580.0,4580.0,430.0,－－－－－－－－－－,10.0,0.0,0.0,20.0,0.0,130.0,-1570.0,4180.0,yonden
2016,8,2016-08-19,21:00,3870.0,610.0,4580.0,350.0,－－－－－－－－－－,10.0,0.0,0.0,0.0,0.0,0.0,-1680.0,3870.0,yonden
2016,8,2016-08-19,22:00,3570.0,630.0,4220.0,260.0,－－－－－－－－－－,10.0,0.0,0.0,0.0,0.0,0.0,-1550.0,3570.0,yonden
2016,8,2016-08-19,23:00,3340.0,630.0,3980.0,210.0,－－－－－－－－－－,10.0,0.0,0.0,0.0,0.0,0.0,-1490.0,3340.0,yonden
2016,8,2016-08-20,00:00,3050.0,630.0,3790.0,180.0,－－－－－－－－－－,0.0,0.0,0.0,0.0,0.0,0.0,-1550.0,3050.0,yonden
2016,8,2016-08-20,01:00,2880.0,630.0,3680.0,190.0,－－－－－－－－－－,10.0,0.0,0.0,0.0,0.0,0.0,-1630.0,2880.0,yonden
2016,8,2016-08-20,02:00,2860.0,630.0,3650.0,180.0,－－－－－－－－－－,10.0,0.0,0.0,0.0,0.0,0.0,-1610.0,2860.0,yonden
2016,8,2016-08-20,03:00,2910.0,630.0,3660.0,200.0,－－－－－－－－－－,10.0,0.0,0.0,0.0,0.0,0.0,-1590.0,2910.0,yonden
2016,8,2016-08-20,04:00,2970.0,630.0,3650.0,190.0,－－－－－－－－－－,10.0,0.0,0.0,0.0,0.0,0.0,-1510.0,2970.0,yonden
2016,8,2016-08-20,05:00,3030.0,630.0,3680.0,160.0,－－－－－－－－－－,10.0,10.0,0.0,10.0,0.0,0.0,-1470.0,3030.0,yonden
2016,8,2016-08-20,06:00,2920.0,630.0,3670.0,140.0,－－－－－－－－－－,10.0,100.0,0.0,10.0,0.0,0.0,-1640.0,2920.0,yonden
2016,8,2016-08-20,07:00,3050.0,630.0,3690.0,110.0,－－－－－－－－－－,10.0,280.0,0.0,10.0,0.0,0.0,-1680.0,3050.0,yonden
2016,8,2016-08-20,08:00,3590.0,630.0,3910.0,120.0,－－－－－－－－－－,10.0,500.0,0.0,10.0,0.0,0.0,-1590.0,3590.0,yonden
2016,8,2016-08-20,09:00,3980.0,630.0,3960.0,160.0,－－－－－－－－－－,10.0,800.0,0.0,10.0,0.0,0.0,-1590.0,3980.0,yonden
2016,8,2016-08-20,10:00,4240.0,630.0,3910.0,170.0,－－－－－－－－－－,10.0,1090.0,0.0,10.0,0.0,0.0,-1580.0,4240.0,yonden
2016,8,2016-08-20,11:00,4410.0,630.0,3950.0,160.0,－－－－－－－－－－,10.0,1220.0,0.0,10.0,0.0,0.0,-1570.0,4410.0,yonden
2016,8,2016-08-20,12:00,4400.0,630.0,3920.0,170.0,－－－－－－－－－－,10.0,1250.0,0.0,20.0,0.0,0.0,-1600.0,4400.0,yonden
2016,8,2016-08-20,13:00,4510.0,630.0,4100.0,180.0,－－－－－－－－－－,0.0,1160.0,0.0,20.0,0.0,0.0,-1580.0,4510.0,yonden
2016,8,2016-08-20,14:00,4540.0,630.0,4250.0,180.0,－－－－－－－－－－,10.0,1030.0,0.0,20.0,0.0,0.0,-1580.0,4540.0,yonden
2016,8,2016-08-20,15:00,4540.0,630.0,4400.0,220.0,－－－－－－－－－－,10.0,790.0,0.0,30.0,0.0,0.0,-1540.0,4540.0,yonden
2016,8,2016-08-20,16:00,4490.0,640.0,4550.0,290.0,－－－－－－－－－－,10.0,480.0,0.0,20.0,0.0,70.0,-1570.0,4490.0,yonden
2016,8,2016-08-20,17:00,4380.0,640.0,4520.0,320.0,－－－－－－－－－－,10.0,230.0,0.0,30.0,0.0,200.0,-1570.0,4380.0,yonden
2016,8,2016-08-20,18:00,4270.0,640.0,4570.0,360.0,－－－－－－－－－－,10.0,40.0,0.0,30.0,0.0,210.0,-1590.0,4270.0,yonden
2016,8,2016-08-20,19:00,4190.0,640.0,4710.0,320.0,－－－－－－－－－－,10.0,0.0,0.0,20.0,0.0,40.0,-1550.0,4190.0,yonden
2016,8,2016-08-20,20:00,3940.0,640.0,4590.0,260.0,－－－－－－－－－－,10.0,0.0,0.0,20.0,0.0,0.0,-1580.0,3940.0,yonden
2016,8,2016-08-20,21:00,3670.0,640.0,4310.0,230.0,－－－－－－－－－－,10.0,0.0,0.0,10.0,0.0,0.0,-1530.0,3670.0,yonden
2016,8,2016-08-20,22:00,3410.0,640.0,4080.0,160.0,－－－－－－－－－－,10.0,0.0,0.0,10.0,0.0,0.0,-1490.0,3410.0,yonden
2016,8,2016-08-20,23:00,3220.0,640.0,3890.0,120.0,－－－－－－－－－－,10.0,0.0,0.0,10.0,0.0,0.0,-1450.0,3220.0,yonden
2016,8,2016-08-21,00:00,2960.0,650.0,3760.0,120.0,－－－－－－－－－－,10.0,0.0,0.0,10.0,0.0,-30.0,-1560.0,2960.0,yonden
2016,8,2016-08-21,01:00,2810.0,680.0,3770.0,180.0,－－－－－－－－－－,10.0,0.0,0.0,10.0,0.0,-310.0,-1530.0,2810.0,yonden
2016,8,2016-08-21,02:00,2790.0,700.0,3730.0,140.0,－－－－－－－－－－,10.0,0.0,0.0,0.0,0.0,-300.0,-1490.0,2790.0,yonden
2016,8,2016-08-21,03:00,2850.0,730.0,3740.0,150.0,－－－－－－－－－－,10.0,0.0,0.0,0.0,0.0,-300.0,-1480.0,2850.0,yonden
2016,8,2016-08-21,04:00,2910.0,760.0,3650.0,140.0,－－－－－－－－－－,10.0,0.0,0.0,0.0,0.0,0.0,-1650.0,2910.0,yonden
2016,8,2016-08-21,05:00,2930.0,760.0,3670.0,120.0,－－－－－－－－－－,10.0,10.0,0.0,0.0,0.0,0.0,-1640.0,2930.0,yonden
2016,8,2016-08-21,06:00,2830.0,760.0,3750.0,150.0,－－－－－－－－－－,10.0,100.0,0.0,0.0,0.0,-300.0,-1640.0,2830.0,yonden
2016,8,2016-08-21,07:00,2820.0,760.0,3690.0,100.0,－－－－－－－－－－,10.0,350.0,0.0,0.0,0.0,-300.0,-1790.0,2820.0,yonden
2016,8,2016-08-21,08:00,3170.0,760.0,3640.0,90.0,－－－－－－－－－－,10.0,640.0,0.0,0.0,0.0,-300.0,-1670.0,3170.0,yonden
2016,8,2016-08-21,09:00,3520.0,760.0,3650.0,140.0,－－－－－－－－－－,10.0,900.0,0.0,10.0,0.0,-300.0,-1650.0,3520.0,yonden
2016,8,2016-08-21,10:00,3760.0,760.0,3710.0,140.0,－－－－－－－－－－,10.0,1060.0,0.0,10.0,0.0,-300.0,-1630.0,3760.0,yonden
2016,8,2016-08-21,11:00,3840.0,760.0,3710.0,140.0,－－－－－－－－－－,10.0,1140.0,0.0,10.0,0.0,-300.0,-1630.0,3840.0,yonden
2016,8,2016-08-21,12:00,3950.0,770.0,3750.0,150.0,－－－－－－－－－－,0.0,1200.0,0.0,10.0,0.0,-300.0,-1630.0,3950.0,yonden
2016,8,2016-08-21,13:00,3980.0,790.0,3730.0,150.0,－－－－－－－－－－,0.0,1160.0,0.0,10.0,0.0,-300.0,-1560.0,3980.0,yonden
2016,8,2016-08-21,14:00,4000.0,810.0,3650.0,150.0,－－－－－－－－－－,0.0,1010.0,0.0,10.0,0.0,0.0,-1630.0,4000.0,yonden
2016,8,2016-08-21,15:00,4040.0,840.0,3750.0,170.0,－－－－－－－－－－,10.0,810.0,0.0,10.0,0.0,0.0,-1550.0,4040.0,yonden
2016,8,2016-08-21,16:00,4050.0,850.0,3960.0,240.0,－－－－－－－－－－,10.0,510.0,0.0,0.0,0.0,0.0,-1520.0,4050.0,yonden
2016,8,2016-08-21,17:00,4110.0,850.0,4080.0,320.0,－－－－－－－－－－,10.0,230.0,0.0,0.0,0.0,170.0,-1550.0,4110.0,yonden
2016,8,2016-08-21,18:00,4070.0,850.0,4090.0,350.0,－－－－－－－－－－,10.0,30.0,0.0,0.0,0.0,290.0,-1550.0,4070.0,yonden
2016,8,2016-08-21,19:00,4030.0,850.0,4130.0,320.0,－－－－－－－－－－,10.0,0.0,0.0,0.0,0.0,280.0,-1560.0,4030.0,yonden
2016,8,2016-08-21,20:00,3830.0,850.0,4190.0,220.0,－－－－－－－－－－,10.0,0.0,0.0,0.0,0.0,90.0,-1530.0,3830.0,yonden
2016,8,2016-08-21,21:00,3570.0,850.0,4010.0,160.0,－－－－－－－－－－,10.0,0.0,0.0,0.0,0.0,0.0,-1460.0,3570.0,yonden
2016,8,2016-08-21,22:00,3330.0,850.0,3850.0,110.0,－－－－－－－－－－,10.0,0.0,0.0,0.0,0.0,0.0,-1490.0,3330.0,yonden
2016,8,2016-08-21,23:00,3120.0,850.0,3800.0,120.0,－－－－－－－－－－,10.0,0.0,0.0,0.0,0.0,-150.0,-1510.0,3120.0,yonden
2016,8,2016-08-22,00:00,2860.0,850.0,3720.0,110.0,－－－－－－－－－－,10.0,0.0,0.0,0.0,0.0,-290.0,-1540.0,2860.0,yonden
2016,8,2016-08-22,01:00,2700.0,850.0,3700.0,120.0,－－－－－－－－－－,10.0,0.0,0.0,0.0,0.0,-290.0,-1690.0,2700.0,yonden
2016,8,2016-08-22,02:00,2720.0,850.0,3720.0,120.0,－－－－－－－－－－,10.0,0.0,0.0,10.0,0.0,-290.0,-1700.0,2720.0,yonden
2016,8,2016-08-22,03:00,2780.0,850.0,3670.0,150.0,－－－－－－－－－－,10.0,0.0,0.0,10.0,0.0,-290.0,-1620.0,2780.0,yonden
2016,8,2016-08-22,04:00,2870.0,850.0,3680.0,120.0,－－－－－－－－－－,10.0,0.0,0.0,10.0,0.0,-290.0,-1510.0,2870.0,yonden
2016,8,2016-08-22,05:00,2980.0,850.0,3750.0,120.0,－－－－－－－－－－,10.0,10.0,0.0,10.0,0.0,-290.0,-1480.0,2980.0,yonden
2016,8,2016-08-22,06:00,3020.0,850.0,3840.0,130.0,－－－－－－－－－－,10.0,110.0,0.0,10.0,0.0,-290.0,-1640.0,3020.0,yonden
2016,8,2016-08-22,07:00,3270.0,860.0,3910.0,90.0,－－－－－－－－－－,10.0,360.0,0.0,10.0,0.0,-290.0,-1680.0,3270.0,yonden
2016,8,2016-08-22,08:00,4040.0,860.0,4140.0,130.0,－－－－－－－－－－,10.0,670.0,0.0,10.0,0.0,0.0,-1780.0,4040.0,yonden
2016,8,2016-08-22,09:00,4580.0,860.0,4390.0,180.0,－－－－－－－－－－,10.0,930.0,0.0,20.0,0.0,0.0,-1810.0,4580.0,yonden
2016,8,2016-08-22,10:00,4860.0,860.0,4500.0,140.0,－－－－－－－－－－,10.0,1120.0,0.0,20.0,0.0,0.0,-1790.0,4860.0,yonden
2016,8,2016-08-22,11:00,5080.0,860.0,4640.0,140.0,－－－－－－－－－－,10.0,1240.0,0.0,20.0,0.0,0.0,-1830.0,5080.0,yonden
2016,8,2016-08-22,12:00,5000.0,860.0,4700.0,120.0,－－－－－－－－－－,10.0,1260.0,0.0,10.0,0.0,0.0,-1960.0,5000.0,yonden
2016,8,2016-08-22,13:00,5280.0,860.0,5010.0,140.0,－－－－－－－－－－,10.0,1180.0,0.0,10.0,0.0,0.0,-1930.0,5280.0,yonden
2016,8,2016-08-22,14:00,5320.0,860.0,5220.0,170.0,－－－－－－－－－－,10.0,1010.0,0.0,10.0,0.0,0.0,-1960.0,5320.0,yonden
2016,8,2016-08-22,15:00,5260.0,860.0,5240.0,300.0,－－－－－－－－－－,10.0,720.0,0.0,10.0,0.0,60.0,-1940.0,5260.0,yonden
2016,8,2016-08-22,16:00,5210.0,860.0,5210.0,330.0,－－－－－－－－－－,10.0,420.0,0.0,20.0,0.0,190.0,-1830.0,5210.0,yonden
2016,8,2016-08-22,17:00,4880.0,860.0,5200.0,350.0,－－－－－－－－－－,10.0,140.0,0.0,20.0,0.0,140.0,-1840.0,4880.0,yonden
2016,8,2016-08-22,18:00,4680.0,860.0,5170.0,350.0,－－－－－－－－－－,10.0,20.0,0.0,20.0,0.0,140.0,-1890.0,4680.0,yonden
2016,8,2016-08-22,19:00,4520.0,860.0,5070.0,380.0,－－－－－－－－－－,10.0,0.0,0.0,30.0,0.0,0.0,-1830.0,4520.0,yonden
2016,8,2016-08-22,20:00,4230.0,860.0,4800.0,330.0,－－－－－－－－－－,10.0,0.0,0.0,40.0,0.0,0.0,-1810.0,4230.0,yonden
2016,8,2016-08-22,21:00,3920.0,860.0,4560.0,270.0,－－－－－－－－－－,10.0,0.0,0.0,30.0,0.0,0.0,-1810.0,3920.0,yonden
2016,8,2016-08-22,22:00,3590.0,860.0,4190.0,140.0,－－－－－－－－－－,10.0,0.0,0.0,30.0,0.0,0.0,-1640.0,3590.0,yonden
2016,8,2016-08-22,23:00,3330.0,860.0,3930.0,110.0,－－－－－－－－－－,10.0,0.0,0.0,40.0,0.0,0.0,-1620.0,3330.0,yonden
2016,8,2016-08-23,00:00,3040.0,860.0,3790.0,100.0,－－－－－－－－－－,10.0,0.0,0.0,40.0,0.0,0.0,-1760.0,3040.0,yonden
2016,8,2016-08-23,01:00,2910.0,860.0,3880.0,110.0,－－－－－－－－－－,10.0,0.0,0.0,50.0,0.0,-290.0,-1710.0,2910.0,yonden
2016,8,2016-08-23,02:00,2920.0,860.0,3880.0,110.0,－－－－－－－－－－,10.0,0.0,0.0,40.0,0.0,-290.0,-1690.0,2920.0,yonden
2016,8,2016-08-23,03:00,2990.0,860.0,3900.0,120.0,－－－－－－－－－－,10.0,0.0,0.0,40.0,0.0,-140.0,-1800.0,2990.0,yonden
2016,8,2016-08-23,04:00,3050.0,860.0,3840.0,110.0,－－－－－－－－－－,10.0,0.0,0.0,30.0,0.0,0.0,-1800.0,3050.0,yonden
2016,8,2016-08-23,05:00,3140.0,860.0,3890.0,80.0,－－－－－－－－－－,10.0,0.0,0.0,30.0,0.0,0.0,-1730.0,3140.0,yonden
2016,8,2016-08-23,06:00,3160.0,860.0,3920.0,100.0,－－－－－－－－－－,10.0,80.0,0.0,30.0,0.0,0.0,-1840.0,3160.0,yonden
2016,8,2016-08-23,07:00,3300.0,860.0,3900.0,90.0,－－－－－－－－－－,10.0,270.0,0.0,40.0,0.0,0.0,-1870.0,3300.0,yonden
2016,8,2016-08-23,08:00,3980.0,860.0,4310.0,110.0,－－－－－－－－－－,10.0,540.0,0.0,40.0,0.0,0.0,-1890.0,3980.0,yonden
2016,8,2016-08-23,09:00,4510.0,860.0,4570.0,170.0,－－－－－－－－－－,10.0,850.0,0.0,20.0,0.0,0.0,-1970.0,4510.0,yonden
2016,8,2016-08-23,10:00,4760.0,860.0,4650.0,170.0,－－－－－－－－－－,10.0,1130.0,0.0,30.0,0.0,0.0,-2090.0,4760.0,yonden
2016,8,2016-08-23,11:00,4880.0,860.0,4780.0,170.0,－－－－－－－－－－,10.0,1210.0,0.0,40.0,0.0,0.0,-2190.0,4880.0,yonden
2016,8,2016-08-23,12:00,4740.0,860.0,4760.0,130.0,－－－－－－－－－－,10.0,1250.0,0.0,30.0,0.0,0.0,-2300.0,4740.0,yonden
2016,8,2016-08-23,13:00,4940.0,860.0,4860.0,150.0,－－－－－－－－－－,10.0,1180.0,0.0,30.0,0.0,0.0,-2150.0,4940.0,yonden
2016,8,2016-08-23,14:00,5020.0,860.0,5030.0,170.0,－－－－－－－－－－,10.0,1020.0,0.0,20.0,0.0,0.0,-2090.0,5020.0,yonden
2016,8,2016-08-23,15:00,4970.0,860.0,5100.0,230.0,－－－－－－－－－－,10.0,740.0,0.0,30.0,0.0,30.0,-2030.0,4970.0,yonden
2016,8,2016-08-23,16:00,4940.0,860.0,5050.0,290.0,－－－－－－－－－－,10.0,450.0,0.0,20.0,0.0,220.0,-1960.0,4940.0,yonden
2016,8,2016-08-23,17:00,4760.0,860.0,4980.0,410.0,－－－－－－－－－－,10.0,210.0,0.0,20.0,0.0,260.0,-1990.0,4760.0,yonden
2016,8,2016-08-23,18:00,4610.0,860.0,4940.0,450.0,－－－－－－－－－－,10.0,30.0,0.0,20.0,0.0,250.0,-1950.0,4610.0,yonden
2016,8,2016-08-23,19:00,4430.0,860.0,4940.0,410.0,－－－－－－－－－－,10.0,0.0,0.0,10.0,0.0,90.0,-1890.0,4430.0,yonden
2016,8,2016-08-23,20:00,4110.0,860.0,4780.0,270.0,－－－－－－－－－－,10.0,0.0,0.0,0.0,0.0,0.0,-1810.0,4110.0,yonden
2016,8,2016-08-23,21:00,3800.0,860.0,4510.0,240.0,－－－－－－－－－－,10.0,0.0,0.0,0.0,0.0,0.0,-1820.0,3800.0,yonden
2016,8,2016-08-23,22:00,3470.0,860.0,4110.0,140.0,－－－－－－－－－－,10.0,0.0,0.0,0.0,0.0,0.0,-1650.0,3470.0,yonden
2016,8,2016-08-23,23:00,3240.0,860.0,3920.0,120.0,－－－－－－－－－－,10.0,0.0,0.0,0.0,0.0,0.0,-1670.0,3240.0,yonden
2016,8,2016-08-24,00:00,2990.0,860.0,3810.0,120.0,－－－－－－－－－－,10.0,0.0,0.0,10.0,0.0,0.0,-1820.0,2990.0,yonden
2016,8,2016-08-24,01:00,2830.0,860.0,3800.0,110.0,－－－－－－－－－－,10.0,0.0,0.0,10.0,0.0,-290.0,-1670.0,2830.0,yonden
2016,8,2016-08-24,02:00,2830.0,860.0,3770.0,110.0,－－－－－－－－－－,10.0,0.0,0.0,0.0,0.0,-290.0,-1630.0,2830.0,yonden
2016,8,2016-08-24,03:00,2900.0,860.0,3780.0,110.0,－－－－－－－－－－,10.0,0.0,0.0,0.0,0.0,-150.0,-1710.0,2900.0,yonden
2016,8,2016-08-24,04:00,2990.0,860.0,3750.0,110.0,－－－－－－－－－－,10.0,0.0,0.0,10.0,0.0,0.0,-1750.0,2990.0,yonden
2016,8,2016-08-24,05:00,3080.0,860.0,3820.0,110.0,－－－－－－－－－－,10.0,0.0,0.0,10.0,0.0,0.0,-1730.0,3080.0,yonden
2016,8,2016-08-24,06:00,3090.0,860.0,3870.0,110.0,－－－－－－－－－－,10.0,100.0,0.0,0.0,0.0,0.0,-1860.0,3090.0,yonden
2016,8,2016-08-24,07:00,3270.0,860.0,3870.0,110.0,－－－－－－－－－－,10.0,320.0,0.0,0.0,0.0,0.0,-1900.0,3270.0,yonden
2016,8,2016-08-24,08:00,3950.0,860.0,4190.0,130.0,－－－－－－－－－－,10.0,610.0,0.0,0.0,0.0,0.0,-1850.0,3950.0,yonden
2016,8,2016-08-24,09:00,4420.0,860.0,4470.0,170.0,－－－－－－－－－－,10.0,860.0,0.0,0.0,0.0,0.0,-1950.0,4420.0,yonden
2016,8,2016-08-24,10:00,4630.0,860.0,4610.0,160.0,－－－－－－－－－－,10.0,1030.0,0.0,10.0,0.0,0.0,-2050.0,4630.0,yonden
2016,8,2016-08-24,11:00,4790.0,860.0,4740.0,150.0,－－－－－－－－－－,10.0,1060.0,0.0,20.0,0.0,0.0,-2050.0,4790.0,yonden
2016,8,2016-08-24,12:00,4640.0,860.0,4730.0,130.0,－－－－－－－－－－,10.0,980.0,0.0,20.0,0.0,0.0,-2090.0,4640.0,yonden
2016,8,2016-08-24,13:00,4780.0,860.0,4940.0,140.0,－－－－－－－－－－,10.0,880.0,0.0,10.0,0.0,0.0,-2060.0,4780.0,yonden
2016,8,2016-08-24,14:00,4910.0,860.0,5010.0,190.0,－－－－－－－－－－,10.0,780.0,0.0,10.0,0.0,0.0,-1950.0,4910.0,yonden
2016,8,2016-08-24,15:00,4760.0,860.0,5000.0,270.0,－－－－－－－－－－,10.0,550.0,0.0,10.0,0.0,0.0,-1940.0,4760.0,yonden
2016,8,2016-08-24,16:00,4760.0,860.0,5020.0,360.0,－－－－－－－－－－,10.0,360.0,0.0,10.0,0.0,90.0,-1950.0,4760.0,yonden
2016,8,2016-08-24,17:00,4570.0,860.0,4870.0,420.0,－－－－－－－－－－,10.0,160.0,0.0,10.0,0.0,140.0,-1900.0,4570.0,yonden
2016,8,2016-08-24,18:00,4470.0,860.0,4930.0,470.0,－－－－－－－－－－,10.0,20.0,0.0,20.0,0.0,140.0,-1980.0,4470.0,yonden
2016,8,2016-08-24,19:00,4340.0,860.0,4920.0,360.0,－－－－－－－－－－,10.0,0.0,0.0,20.0,0.0,70.0,-1900.0,4340.0,yonden
2016,8,2016-08-24,20:00,4070.0,860.0,4740.0,240.0,－－－－－－－－－－,10.0,0.0,0.0,20.0,0.0,0.0,-1800.0,4070.0,yonden
2016,8,2016-08-24,21:00,3770.0,860.0,4510.0,200.0,－－－－－－－－－－,10.0,0.0,0.0,20.0,0.0,0.0,-1830.0,3770.0,yonden
2016,8,2016-08-24,22:00,3500.0,860.0,4150.0,130.0,－－－－－－－－－－,10.0,0.0,0.0,20.0,0.0,0.0,-1670.0,3500.0,yonden
2016,8,2016-08-24,23:00,3290.0,860.0,3990.0,130.0,－－－－－－－－－－,10.0,0.0,0.0,20.0,0.0,0.0,-1720.0,3290.0,yonden
2016,8,2016-08-25,00:00,3020.0,860.0,3800.0,100.0,－－－－－－－－－－,10.0,0.0,0.0,20.0,0.0,0.0,-1770.0,3020.0,yonden
2016,8,2016-08-25,01:00,2860.0,860.0,3810.0,110.0,－－－－－－－－－－,10.0,0.0,0.0,20.0,0.0,-290.0,-1660.0,2860.0,yonden
2016,8,2016-08-25,02:00,2870.0,860.0,3820.0,110.0,－－－－－－－－－－,10.0,0.0,0.0,20.0,0.0,-290.0,-1660.0,2870.0,yonden
2016,8,2016-08-25,03:00,2940.0,860.0,3800.0,120.0,－－－－－－－－－－,10.0,0.0,0.0,10.0,0.0,-150.0,-1710.0,2940.0,yonden
2016,8,2016-08-25,04:00,3040.0,860.0,3810.0,110.0,－－－－－－－－－－,10.0,0.0,0.0,20.0,0.0,0.0,-1770.0,3040.0,yonden
2016,8,2016-08-25,05:00,3120.0,860.0,3860.0,100.0,－－－－－－－－－－,10.0,0.0,0.0,20.0,0.0,0.0,-1730.0,3120.0,yonden
2016,8,2016-08-25,06:00,3160.0,860.0,3850.0,170.0,－－－－－－－－－－,10.0,90.0,0.0,10.0,0.0,0.0,-1830.0,3160.0,yonden
2016,8,2016-08-25,07:00,3320.0,860.0,3890.0,170.0,－－－－－－－－－－,10.0,200.0,0.0,20.0,0.0,0.0,-1830.0,3320.0,yonden
2016,8,2016-08-25,08:00,3880.0,860.0,4230.0,210.0,－－－－－－－－－－,10.0,420.0,0.0,10.0,0.0,0.0,-1860.0,3880.0,yonden
2016,8,2016-08-25,09:00,4440.0,860.0,4550.0,210.0,－－－－－－－－－－,10.0,730.0,0.0,10.0,0.0,0.0,-1930.0,4440.0,yonden
2016,8,2016-08-25,10:00,4710.0,860.0,4900.0,210.0,－－－－－－－－－－,0.0,850.0,0.0,10.0,0.0,0.0,-2120.0,4710.0,yonden
2016,8,2016-08-25,11:00,4790.0,860.0,5090.0,230.0,－－－－－－－－－－,0.0,810.0,0.0,10.0,0.0,0.0,-2210.0,4790.0,yonden
2016,8,2016-08-25,12:00,4700.0,860.0,5040.0,170.0,－－－－－－－－－－,10.0,910.0,0.0,10.0,0.0,0.0,-2300.0,4700.0,yonden
2016,8,2016-08-25,13:00,4890.0,860.0,5130.0,250.0,－－－－－－－－－－,10.0,860.0,0.0,10.0,0.0,0.0,-2230.0,4890.0,yonden
2016,8,2016-08-25,14:00,4840.0,860.0,5000.0,240.0,－－－－－－－－－－,10.0,760.0,0.0,10.0,0.0,0.0,-2040.0,4840.0,yonden
2016,8,2016-08-25,15:00,4670.0,860.0,4970.0,230.0,－－－－－－－－－－,10.0,600.0,0.0,10.0,0.0,0.0,-2010.0,4670.0,yonden
2016,8,2016-08-25,16:00,4770.0,860.0,5020.0,310.0,－－－－－－－－－－,10.0,460.0,0.0,20.0,0.0,180.0,-2090.0,4770.0,yonden
2016,8,2016-08-25,17:00,4630.0,860.0,4870.0,350.0,－－－－－－－－－－,10.0,230.0,0.0,30.0,0.0,230.0,-1950.0,4630.0,yonden
2016,8,2016-08-25,18:00,4480.0,860.0,4870.0,360.0,－－－－－－－－－－,10.0,30.0,0.0,50.0,0.0,230.0,-1930.0,4480.0,yonden
2016,8,2016-08-25,19:00,4320.0,860.0,4780.0,380.0,－－－－－－－－－－,10.0,0.0,0.0,60.0,0.0,130.0,-1900.0,4320.0,yonden
2016,8,2016-08-25,20:00,4020.0,860.0,4700.0,240.0,－－－－－－－－－－,10.0,0.0,0.0,50.0,0.0,0.0,-1840.0,4020.0,yonden
2016,8,2016-08-25,21:00,3720.0,860.0,4410.0,170.0,－－－－－－－－－－,10.0,0.0,0.0,50.0,0.0,0.0,-1780.0,3720.0,yonden
2016,8,2016-08-25,22:00,3450.0,860.0,4090.0,120.0,－－－－－－－－－－,10.0,0.0,0.0,40.0,0.0,0.0,-1670.0,3450.0,yonden
2016,8,2016-08-25,23:00,3250.0,860.0,3950.0,120.0,－－－－－－－－－－,10.0,0.0,0.0,40.0,0.0,0.0,-1730.0,3250.0,yonden
2016,8,2016-08-26,00:00,2960.0,860.0,3780.0,100.0,－－－－－－－－－－,10.0,0.0,0.0,10.0,0.0,-10.0,-1790.0,2960.0,yonden
2016,8,2016-08-26,01:00,2800.0,860.0,3820.0,110.0,－－－－－－－－－－,10.0,0.0,0.0,10.0,0.0,-290.0,-1720.0,2800.0,yonden
2016,8,2016-08-26,02:00,2810.0,860.0,3810.0,120.0,－－－－－－－－－－,10.0,0.0,0.0,10.0,0.0,-290.0,-1710.0,2810.0,yonden
2016,8,2016-08-26,03:00,2890.0,860.0,3750.0,130.0,－－－－－－－－－－,10.0,0.0,0.0,0.0,0.0,-150.0,-1710.0,2890.0,yonden
2016,8,2016-08-26,04:00,2980.0,860.0,3740.0,120.0,－－－－－－－－－－,10.0,0.0,0.0,0.0,0.0,0.0,-1750.0,2980.0,yonden
2016,8,2016-08-26,05:00,3050.0,860.0,3820.0,100.0,－－－－－－－－－－,10.0,0.0,0.0,0.0,0.0,0.0,-1740.0,3050.0,yonden
2016,8,2016-08-26,06:00,3050.0,860.0,3790.0,100.0,－－－－－－－－－－,10.0,110.0,0.0,0.0,0.0,0.0,-1820.0,3050.0,yonden
2016,8,2016-08-26,07:00,3220.0,860.0,3730.0,100.0,－－－－－－－－－－,10.0,360.0,0.0,0.0,0.0,0.0,-1840.0,3220.0,yonden
2016,8,2016-08-26,08:00,3940.0,860.0,4090.0,160.0,－－－－－－－－－－,10.0,660.0,0.0,0.0,0.0,0.0,-1840.0,3940.0,yonden
2016,8,2016-08-26,09:00,4490.0,860.0,4390.0,220.0,－－－－－－－－－－,10.0,940.0,0.0,0.0,0.0,0.0,-1930.0,4490.0,yonden
2016,8,2016-08-26,10:00,4740.0,860.0,4600.0,170.0,－－－－－－－－－－,10.0,1150.0,0.0,0.0,0.0,0.0,-2050.0,4740.0,yonden
2016,8,2016-08-26,11:00,4910.0,860.0,4720.0,170.0,－－－－－－－－－－,10.0,1260.0,0.0,0.0,0.0,0.0,-2110.0,4910.0,yonden
2016,8,2016-08-26,12:00,4790.0,860.0,4690.0,150.0,－－－－－－－－－－,10.0,1280.0,0.0,0.0,0.0,0.0,-2200.0,4790.0,yonden
2016,8,2016-08-26,13:00,5080.0,860.0,4990.0,200.0,－－－－－－－－－－,10.0,1220.0,0.0,0.0,0.0,60.0,-2260.0,5080.0,yonden
2016,8,2016-08-26,14:00,5050.0,860.0,4940.0,210.0,－－－－－－－－－－,10.0,1060.0,0.0,0.0,0.0,190.0,-2220.0,5050.0,yonden
2016,8,2016-08-26,15:00,5050.0,860.0,5050.0,260.0,－－－－－－－－－－,10.0,810.0,0.0,0.0,0.0,260.0,-2200.0,5050.0,yonden
2016,8,2016-08-26,16:00,5000.0,860.0,5160.0,390.0,－－－－－－－－－－,10.0,500.0,0.0,0.0,0.0,280.0,-2200.0,5000.0,yonden
2016,8,2016-08-26,17:00,4740.0,860.0,5170.0,390.0,－－－－－－－－－－,10.0,190.0,0.0,0.0,0.0,210.0,-2090.0,4740.0,yonden
2016,8,2016-08-26,18:00,4510.0,860.0,5040.0,410.0,－－－－－－－－－－,10.0,20.0,0.0,0.0,0.0,150.0,-1980.0,4510.0,yonden
2016,8,2016-08-26,19:00,4290.0,860.0,4900.0,350.0,－－－－－－－－－－,10.0,0.0,0.0,10.0,0.0,80.0,-1920.0,4290.0,yonden
2016,8,2016-08-26,20:00,3980.0,860.0,4650.0,280.0,－－－－－－－－－－,10.0,0.0,0.0,20.0,0.0,0.0,-1840.0,3980.0,yonden
2016,8,2016-08-26,21:00,3660.0,860.0,4530.0,220.0,－－－－－－－－－－,10.0,0.0,0.0,30.0,0.0,0.0,-1990.0,3660.0,yonden
2016,8,2016-08-26,22:00,3410.0,860.0,4150.0,150.0,－－－－－－－－－－,10.0,0.0,0.0,40.0,0.0,0.0,-1800.0,3410.0,yonden
2016,8,2016-08-26,23:00,3220.0,860.0,3920.0,130.0,－－－－－－－－－－,10.0,0.0,0.0,30.0,0.0,0.0,-1730.0,3220.0,yonden
2016,8,2016-08-27,00:00,2960.0,860.0,3720.0,110.0,－－－－－－－－－－,10.0,0.0,0.0,30.0,0.0,0.0,-1770.0,2960.0,yonden
2016,8,2016-08-27,01:00,2800.0,860.0,3640.0,120.0,－－－－－－－－－－,10.0,0.0,0.0,40.0,0.0,0.0,-1870.0,2800.0,yonden
2016,8,2016-08-27,02:00,2800.0,860.0,3640.0,120.0,－－－－－－－－－－,10.0,0.0,0.0,50.0,0.0,0.0,-1880.0,2800.0,yonden
2016,8,2016-08-27,03:00,2860.0,860.0,3580.0,150.0,－－－－－－－－－－,10.0,0.0,0.0,50.0,0.0,0.0,-1790.0,2860.0,yonden
2016,8,2016-08-27,04:00,2920.0,860.0,3560.0,200.0,－－－－－－－－－－,10.0,0.0,0.0,50.0,0.0,0.0,-1760.0,2920.0,yonden
2016,8,2016-08-27,05:00,2970.0,860.0,3630.0,150.0,－－－－－－－－－－,10.0,0.0,0.0,50.0,0.0,0.0,-1730.0,2970.0,yonden
2016,8,2016-08-27,06:00,2890.0,860.0,3620.0,90.0,－－－－－－－－－－,10.0,50.0,0.0,60.0,0.0,0.0,-1800.0,2890.0,yonden
2016,8,2016-08-27,07:00,2900.0,860.0,3590.0,80.0,－－－－－－－－－－,10.0,170.0,0.0,50.0,0.0,0.0,-1860.0,2900.0,yonden
2016,8,2016-08-27,08:00,3260.0,860.0,3690.0,110.0,－－－－－－－－－－,10.0,320.0,0.0,50.0,0.0,0.0,-1780.0,3260.0,yonden
2016,8,2016-08-27,09:00,3540.0,860.0,3760.0,150.0,－－－－－－－－－－,10.0,500.0,0.0,50.0,0.0,0.0,-1790.0,3540.0,yonden
2016,8,2016-08-27,10:00,3670.0,860.0,3750.0,180.0,－－－－－－－－－－,10.0,620.0,0.0,40.0,0.0,0.0,-1790.0,3670.0,yonden
2016,8,2016-08-27,11:00,3850.0,860.0,3800.0,190.0,－－－－－－－－－－,10.0,760.0,0.0,50.0,0.0,0.0,-1820.0,3850.0,yonden
2016,8,2016-08-27,12:00,3750.0,860.0,3730.0,150.0,－－－－－－－－－－,10.0,740.0,0.0,60.0,0.0,0.0,-1800.0,3750.0,yonden
2016,8,2016-08-27,13:00,3740.0,860.0,3750.0,180.0,－－－－－－－－－－,10.0,700.0,0.0,50.0,0.0,0.0,-1810.0,3740.0,yonden
2016,8,2016-08-27,14:00,3700.0,860.0,3740.0,190.0,－－－－－－－－－－,10.0,640.0,0.0,50.0,0.0,0.0,-1790.0,3700.0,yonden
2016,8,2016-08-27,15:00,3750.0,860.0,3780.0,230.0,－－－－－－－－－－,10.0,580.0,0.0,60.0,0.0,0.0,-1770.0,3750.0,yonden
2016,8,2016-08-27,16:00,3760.0,860.0,3830.0,250.0,－－－－－－－－－－,10.0,360.0,0.0,60.0,0.0,170.0,-1780.0,3760.0,yonden
2016,8,2016-08-27,17:00,3640.0,860.0,3820.0,270.0,－－－－－－－－－－,10.0,130.0,0.0,60.0,0.0,280.0,-1790.0,3640.0,yonden
2016,8,2016-08-27,18:00,3600.0,860.0,3840.0,350.0,－－－－－－－－－－,10.0,10.0,0.0,50.0,0.0,300.0,-1820.0,3600.0,yonden
2016,8,2016-08-27,19:00,3510.0,860.0,3790.0,300.0,－－－－－－－－－－,10.0,0.0,0.0,40.0,0.0,260.0,-1750.0,3510.0,yonden
2016,8,2016-08-27,20:00,3310.0,860.0,3780.0,260.0,－－－－－－－－－－,10.0,0.0,0.0,30.0,0.0,80.0,-1710.0,3310.0,yonden
2016,8,2016-08-27,21:00,3090.0,860.0,3730.0,200.0,－－－－－－－－－－,10.0,0.0,0.0,20.0,0.0,0.0,-1730.0,3090.0,yonden
2016,8,2016-08-27,22:00,2860.0,860.0,3500.0,150.0,－－－－－－－－－－,10.0,0.0,0.0,20.0,0.0,0.0,-1680.0,2860.0,yonden
2016,8,2016-08-27,23:00,2720.0,860.0,3480.0,130.0,－－－－－－－－－－,10.0,0.0,0.0,10.0,0.0,0.0,-1770.0,2720.0,yonden
2016,8,2016-08-28,00:00,2530.0,860.0,3410.0,120.0,－－－－－－－－－－,10.0,0.0,0.0,0.0,0.0,0.0,-1870.0,2530.0,yonden
2016,8,2016-08-28,01:00,2420.0,860.0,3450.0,140.0,－－－－－－－－－－,10.0,0.0,0.0,10.0,0.0,-280.0,-1770.0,2420.0,yonden
2016,8,2016-08-28,02:00,2500.0,860.0,3500.0,140.0,－－－－－－－－－－,10.0,0.0,0.0,10.0,0.0,-300.0,-1720.0,2500.0,yonden
2016,8,2016-08-28,03:00,2630.0,860.0,3590.0,180.0,－－－－－－－－－－,10.0,0.0,0.0,0.0,0.0,-150.0,-1860.0,2630.0,yonden
2016,8,2016-08-28,04:00,2720.0,860.0,3550.0,160.0,－－－－－－－－－－,10.0,0.0,0.0,0.0,0.0,0.0,-1860.0,2720.0,yonden
2016,8,2016-08-28,05:00,2740.0,860.0,3560.0,140.0,－－－－－－－－－－,10.0,0.0,0.0,0.0,0.0,0.0,-1830.0,2740.0,yonden
2016,8,2016-08-28,06:00,2590.0,860.0,3540.0,160.0,－－－－－－－－－－,10.0,70.0,0.0,0.0,0.0,-170.0,-1880.0,2590.0,yonden
2016,8,2016-08-28,07:00,2500.0,860.0,3530.0,160.0,－－－－－－－－－－,10.0,210.0,0.0,0.0,0.0,-300.0,-1970.0,2500.0,yonden
2016,8,2016-08-28,08:00,2710.0,860.0,3490.0,140.0,－－－－－－－－－－,10.0,390.0,0.0,0.0,0.0,-290.0,-1890.0,2710.0,yonden
2016,8,2016-08-28,09:00,2920.0,860.0,3420.0,160.0,－－－－－－－－－－,10.0,580.0,0.0,0.0,0.0,-290.0,-1820.0,2920.0,yonden
2016,8,2016-08-28,10:00,3070.0,860.0,3440.0,180.0,－－－－－－－－－－,10.0,720.0,0.0,10.0,0.0,-290.0,-1860.0,3070.0,yonden
2016,8,2016-08-28,11:00,3220.0,860.0,3530.0,200.0,－－－－－－－－－－,10.0,770.0,0.0,10.0,0.0,-290.0,-1870.0,3220.0,yonden
2016,8,2016-08-28,12:00,3360.0,860.0,3670.0,270.0,－－－－－－－－－－,10.0,770.0,0.0,20.0,0.0,-290.0,-1950.0,3360.0,yonden
2016,8,2016-08-28,13:00,3260.0,860.0,3580.0,270.0,－－－－－－－－－－,10.0,690.0,0.0,40.0,0.0,-150.0,-2040.0,3260.0,yonden
2016,8,2016-08-28,14:00,3220.0,860.0,3550.0,230.0,－－－－－－－－－－,10.0,660.0,0.0,40.0,0.0,0.0,-2130.0,3220.0,yonden
2016,8,2016-08-28,15:00,3340.0,860.0,3510.0,230.0,－－－－－－－－－－,10.0,590.0,0.0,50.0,0.0,0.0,-1910.0,3340.0,yonden
2016,8,2016-08-28,16:00,3360.0,860.0,3640.0,230.0,－－－－－－－－－－,10.0,340.0,0.0,70.0,0.0,0.0,-1790.0,3360.0,yonden
2016,8,2016-08-28,17:00,3450.0,860.0,3790.0,310.0,－－－－－－－－－－,10.0,150.0,0.0,80.0,0.0,10.0,-1760.0,3450.0,yonden
2016,8,2016-08-28,18:00,3510.0,860.0,3760.0,310.0,－－－－－－－－－－,10.0,10.0,0.0,80.0,0.0,220.0,-1740.0,3510.0,yonden
2016,8,2016-08-28,19:00,3490.0,860.0,3770.0,340.0,－－－－－－－－－－,10.0,0.0,0.0,80.0,0.0,170.0,-1740.0,3490.0,yonden
2016,8,2016-08-28,20:00,3310.0,860.0,3780.0,290.0,－－－－－－－－－－,10.0,0.0,0.0,80.0,0.0,40.0,-1750.0,3310.0,yonden
2016,8,2016-08-28,21:00,3130.0,860.0,3690.0,290.0,－－－－－－－－－－,10.0,0.0,0.0,70.0,0.0,0.0,-1790.0,3130.0,yonden
2016,8,2016-08-28,22:00,2920.0,860.0,3620.0,260.0,－－－－－－－－－－,10.0,0.0,0.0,60.0,0.0,0.0,-1890.0,2920.0,yonden
2016,8,2016-08-28,23:00,2760.0,860.0,3610.0,290.0,－－－－－－－－－－,10.0,0.0,0.0,70.0,0.0,-150.0,-1930.0,2760.0,yonden
2016,8,2016-08-29,00:00,2570.0,860.0,3620.0,290.0,－－－－－－－－－－,10.0,0.0,0.0,40.0,0.0,-300.0,-1950.0,2570.0,yonden
2016,8,2016-08-29,01:00,2450.0,860.0,3620.0,280.0,－－－－－－－－－－,10.0,0.0,0.0,30.0,0.0,-300.0,-2050.0,2450.0,yonden
2016,8,2016-08-29,02:00,2500.0,860.0,3650.0,290.0,－－－－－－－－－－,10.0,0.0,0.0,70.0,0.0,-300.0,-2080.0,2500.0,yonden
2016,8,2016-08-29,03:00,2620.0,860.0,3590.0,320.0,－－－－－－－－－－,10.0,0.0,0.0,90.0,0.0,-300.0,-1950.0,2620.0,yonden
2016,8,2016-08-29,04:00,2750.0,860.0,3520.0,360.0,－－－－－－－－－－,10.0,0.0,0.0,100.0,0.0,-300.0,-1800.0,2750.0,yonden
2016,8,2016-08-29,05:00,2830.0,860.0,3260.0,380.0,－－－－－－－－－－,10.0,0.0,0.0,100.0,0.0,0.0,-1780.0,2830.0,yonden
2016,8,2016-08-29,06:00,2840.0,860.0,3290.0,440.0,－－－－－－－－－－,10.0,20.0,0.0,100.0,0.0,0.0,-1880.0,2840.0,yonden
2016,8,2016-08-29,07:00,2980.0,860.0,3350.0,450.0,－－－－－－－－－－,10.0,80.0,0.0,100.0,0.0,0.0,-1870.0,2980.0,yonden
2016,8,2016-08-29,08:00,3550.0,860.0,3790.0,430.0,－－－－－－－－－－,10.0,250.0,0.0,100.0,0.0,0.0,-1890.0,3550.0,yonden
2016,8,2016-08-29,09:00,3850.0,860.0,3920.0,440.0,－－－－－－－－－－,10.0,390.0,0.0,100.0,0.0,0.0,-1870.0,3850.0,yonden
2016,8,2016-08-29,10:00,3930.0,860.0,3920.0,470.0,－－－－－－－－－－,10.0,460.0,0.0,100.0,0.0,0.0,-1890.0,3930.0,yonden
2016,8,2016-08-29,11:00,3970.0,860.0,3950.0,480.0,－－－－－－－－－－,10.0,550.0,0.0,100.0,0.0,0.0,-1980.0,3970.0,yonden
2016,8,2016-08-29,12:00,3720.0,860.0,3750.0,460.0,－－－－－－－－－－,10.0,620.0,0.0,110.0,0.0,0.0,-2090.0,3720.0,yonden
2016,8,2016-08-29,13:00,3950.0,860.0,3740.0,460.0,－－－－－－－－－－,10.0,770.0,0.0,110.0,0.0,0.0,-2000.0,3950.0,yonden
2016,8,2016-08-29,14:00,4140.0,870.0,3960.0,460.0,－－－－－－－－－－,10.0,740.0,0.0,110.0,0.0,0.0,-2010.0,4140.0,yonden
2016,8,2016-08-29,15:00,4030.0,870.0,3970.0,440.0,－－－－－－－－－－,10.0,510.0,0.0,120.0,0.0,140.0,-2030.0,4030.0,yonden
2016,8,2016-08-29,16:00,3930.0,870.0,3970.0,500.0,－－－－－－－－－－,10.0,310.0,0.0,130.0,0.0,250.0,-2110.0,3930.0,yonden
2016,8,2016-08-29,17:00,3760.0,870.0,3920.0,530.0,－－－－－－－－－－,10.0,160.0,0.0,130.0,0.0,240.0,-2100.0,3760.0,yonden
2016,8,2016-08-29,18:00,3610.0,870.0,3930.0,510.0,－－－－－－－－－－,10.0,20.0,0.0,120.0,0.0,220.0,-2070.0,3610.0,yonden
2016,8,2016-08-29,19:00,3460.0,870.0,3930.0,520.0,－－－－－－－－－－,10.0,0.0,0.0,120.0,0.0,50.0,-2040.0,3460.0,yonden
2016,8,2016-08-29,20:00,3240.0,870.0,3780.0,450.0,－－－－－－－－－－,10.0,0.0,0.0,120.0,0.0,0.0,-1990.0,3240.0,yonden
2016,8,2016-08-29,21:00,3010.0,870.0,3570.0,440.0,－－－－－－－－－－,10.0,0.0,0.0,120.0,0.0,0.0,-2000.0,3010.0,yonden
2016,8,2016-08-29,22:00,2800.0,870.0,3500.0,440.0,－－－－－－－－－－,10.0,0.0,0.0,120.0,0.0,-300.0,-1840.0,2800.0,yonden
2016,8,2016-08-29,23:00,2680.0,870.0,3530.0,400.0,－－－－－－－－－－,10.0,0.0,0.0,120.0,0.0,-300.0,-1950.0,2680.0,yonden
2016,8,2016-08-30,00:00,2480.0,870.0,3410.0,350.0,－－－－－－－－－－,10.0,0.0,0.0,120.0,0.0,-300.0,-1980.0,2480.0,yonden
2016,8,2016-08-30,01:00,2390.0,870.0,3480.0,360.0,－－－－－－－－－－,10.0,0.0,0.0,110.0,0.0,-300.0,-2140.0,2390.0,yonden
2016,8,2016-08-30,02:00,2460.0,870.0,3490.0,370.0,－－－－－－－－－－,10.0,0.0,0.0,100.0,0.0,-270.0,-2110.0,2460.0,yonden
2016,8,2016-08-30,03:00,2600.0,870.0,3240.0,380.0,－－－－－－－－－－,10.0,0.0,0.0,90.0,0.0,0.0,-1990.0,2600.0,yonden
2016,8,2016-08-30,04:00,2740.0,870.0,3300.0,400.0,－－－－－－－－－－,10.0,0.0,0.0,70.0,0.0,0.0,-1910.0,2740.0,yonden
2016,8,2016-08-30,05:00,2810.0,870.0,3380.0,370.0,－－－－－－－－－－,10.0,0.0,0.0,50.0,0.0,0.0,-1870.0,2810.0,yonden
2016,8,2016-08-30,06:00,2720.0,870.0,3610.0,360.0,－－－－－－－－－－,10.0,100.0,0.0,40.0,0.0,-200.0,-2070.0,2720.0,yonden
2016,8,2016-08-30,07:00,2700.0,870.0,3440.0,330.0,－－－－－－－－－－,10.0,370.0,0.0,30.0,0.0,-290.0,-2060.0,2700.0,yonden
2016,8,2016-08-30,08:00,3190.0,870.0,3590.0,350.0,－－－－－－－－－－,10.0,690.0,0.0,30.0,0.0,-150.0,-2200.0,3190.0,yonden
2016,8,2016-08-30,09:00,3500.0,870.0,3530.0,360.0,－－－－－－－－－－,10.0,940.0,0.0,20.0,0.0,0.0,-2230.0,3500.0,yonden
2016,8,2016-08-30,10:00,3710.0,870.0,3560.0,380.0,－－－－－－－－－－,10.0,1110.0,0.0,20.0,0.0,0.0,-2240.0,3710.0,yonden
2016,8,2016-08-30,11:00,3740.0,870.0,3560.0,370.0,－－－－－－－－－－,10.0,1150.0,0.0,20.0,0.0,0.0,-2240.0,3740.0,yonden
2016,8,2016-08-30,12:00,3570.0,870.0,3350.0,370.0,－－－－－－－－－－,10.0,1170.0,0.0,10.0,0.0,0.0,-2210.0,3570.0,yonden
2016,8,2016-08-30,13:00,3740.0,870.0,3660.0,420.0,－－－－－－－－－－,10.0,1020.0,0.0,10.0,0.0,0.0,-2250.0,3740.0,yonden
2016,8,2016-08-30,14:00,3790.0,870.0,3870.0,470.0,－－－－－－－－－－,10.0,930.0,0.0,10.0,0.0,0.0,-2370.0,3790.0,yonden
2016,8,2016-08-30,15:00,3820.0,870.0,4040.0,520.0,－－－－－－－－－－,10.0,690.0,0.0,0.0,0.0,30.0,-2340.0,3820.0,yonden
2016,8,2016-08-30,16:00,3760.0,880.0,3900.0,510.0,－－－－－－－－－－,10.0,420.0,0.0,10.0,0.0,270.0,-2240.0,3760.0,yonden
2016,8,2016-08-30,17:00,3580.0,880.0,3870.0,520.0,－－－－－－－－－－,10.0,170.0,0.0,10.0,0.0,290.0,-2170.0,3580.0,yonden
2016,8,2016-08-30,18:00,3520.0,880.0,3850.0,470.0,－－－－－－－－－－,10.0,20.0,0.0,20.0,0.0,500.0,-2230.0,3520.0,yonden
2016,8,2016-08-30,19:00,3420.0,880.0,3840.0,460.0,－－－－－－－－－－,10.0,0.0,0.0,30.0,0.0,410.0,-2210.0,3420.0,yonden
2016,8,2016-08-30,20:00,3220.0,880.0,3850.0,400.0,－－－－－－－－－－,10.0,0.0,0.0,30.0,0.0,140.0,-2090.0,3220.0,yonden
2016,8,2016-08-30,21:00,2980.0,880.0,3680.0,380.0,－－－－－－－－－－,10.0,0.0,0.0,30.0,0.0,0.0,-2000.0,2980.0,yonden
2016,8,2016-08-30,22:00,2760.0,880.0,3350.0,360.0,－－－－－－－－－－,10.0,0.0,0.0,30.0,0.0,0.0,-1870.0,2760.0,yonden
2016,8,2016-08-30,23:00,2630.0,880.0,3320.0,330.0,－－－－－－－－－－,10.0,0.0,0.0,40.0,0.0,0.0,-1950.0,2630.0,yonden
2016,8,2016-08-31,00:00,2450.0,870.0,3370.0,340.0,－－－－－－－－－－,10.0,0.0,0.0,50.0,0.0,0.0,-2190.0,2450.0,yonden
2016,8,2016-08-31,01:00,2360.0,880.0,3340.0,360.0,－－－－－－－－－－,10.0,0.0,0.0,50.0,0.0,0.0,-2280.0,2360.0,yonden
2016,8,2016-08-31,02:00,2430.0,880.0,3390.0,360.0,－－－－－－－－－－,10.0,0.0,0.0,40.0,0.0,0.0,-2250.0,2430.0,yonden
2016,8,2016-08-31,03:00,2590.0,870.0,3500.0,410.0,－－－－－－－－－－,10.0,0.0,0.0,40.0,0.0,-150.0,-2090.0,2590.0,yonden
2016,8,2016-08-31,04:00,2730.0,880.0,3670.0,450.0,－－－－－－－－－－,10.0,0.0,0.0,30.0,0.0,-300.0,-2010.0,2730.0,yonden
2016,8,2016-08-31,05:00,2770.0,880.0,3650.0,390.0,－－－－－－－－－－,10.0,0.0,0.0,30.0,0.0,-300.0,-1890.0,2770.0,yonden
2016,8,2016-08-31,06:00,2660.0,880.0,3720.0,360.0,－－－－－－－－－－,10.0,110.0,0.0,10.0,0.0,-300.0,-2130.0,2660.0,yonden
2016,8,2016-08-31,07:00,2690.0,880.0,3660.0,380.0,－－－－－－－－－－,10.0,400.0,0.0,10.0,0.0,-300.0,-2350.0,2690.0,yonden
2016,8,2016-08-31,08:00,3210.0,880.0,3700.0,360.0,－－－－－－－－－－,10.0,730.0,0.0,10.0,0.0,0.0,-2480.0,3210.0,yonden
2016,8,2016-08-31,09:00,3580.0,880.0,3720.0,370.0,－－－－－－－－－－,10.0,1050.0,0.0,10.0,0.0,0.0,-2460.0,3580.0,yonden
2016,8,2016-08-31,10:00,3770.0,880.0,3760.0,460.0,－－－－－－－－－－,10.0,1260.0,0.0,10.0,0.0,-290.0,-2320.0,3770.0,yonden
2016,8,2016-08-31,11:00,3910.0,880.0,3720.0,450.0,－－－－－－－－－－,10.0,1370.0,0.0,10.0,0.0,-290.0,-2240.0,3910.0,yonden
2016,8,2016-08-31,12:00,3760.0,880.0,3660.0,370.0,－－－－－－－－－－,10.0,1340.0,0.0,10.0,0.0,-290.0,-2220.0,3760.0,yonden
2016,8,2016-08-31,13:00,4000.0,880.0,3790.0,330.0,－－－－－－－－－－,10.0,1270.0,0.0,10.0,0.0,0.0,-2290.0,4000.0,yonden
2016,8,2016-08-31,14:00,4040.0,880.0,3960.0,360.0,－－－－－－－－－－,10.0,1110.0,0.0,10.0,0.0,0.0,-2290.0,4040.0,yonden
2016,8,2016-08-31,15:00,4030.0,880.0,4020.0,430.0,－－－－－－－－－－,10.0,880.0,0.0,10.0,0.0,0.0,-2200.0,4030.0,yonden
2016,8,2016-08-31,16:00,4020.0,880.0,4030.0,460.0,－－－－－－－－－－,10.0,560.0,0.0,10.0,0.0,40.0,-1970.0,4020.0,yonden
2016,8,2016-08-31,17:00,3840.0,880.0,3970.0,510.0,－－－－－－－－－－,10.0,230.0,0.0,10.0,0.0,260.0,-2030.0,3840.0,yonden
2016,8,2016-08-31,18:00,3700.0,880.0,3930.0,490.0,－－－－－－－－－－,10.0,10.0,0.0,0.0,0.0,460.0,-2080.0,3700.0,yonden
2016,8,2016-08-31,19:00,3600.0,880.0,3890.0,390.0,－－－－－－－－－－,10.0,0.0,0.0,10.0,0.0,480.0,-2060.0,3600.0,yonden
2016,8,2016-08-31,20:00,3360.0,880.0,3900.0,310.0,－－－－－－－－－－,10.0,0.0,0.0,20.0,0.0,290.0,-2050.0,3360.0,yonden
2016,8,2016-08-31,21:00,3090.0,880.0,3870.0,300.0,－－－－－－－－－－,10.0,0.0,0.0,10.0,0.0,40.0,-2020.0,3090.0,yonden
2016,8,2016-08-31,22:00,2850.0,880.0,3800.0,320.0,－－－－－－－－－－,10.0,0.0,0.0,10.0,0.0,-300.0,-1870.0,2850.0,yonden
2016,8,2016-08-31,23:00,2720.0,880.0,3740.0,310.0,－－－－－－－－－－,10.0,0.0,0.0,10.0,0.0,-300.0,-1930.0,2720.0,yonden
2016,9,2016-09-01,00:00,2520.0,880.0,3800.0,330.0,－－－－－－－－－－,10.0,0.0,0.0,10.0,0.0,-300.0,-2210.0,2520.0,yonden
2016,9,2016-09-01,01:00,2440.0,880.0,3790.0,340.0,－－－－－－－－－－,10.0,0.0,0.0,10.0,0.0,-300.0,-2290.0,2440.0,yonden
2016,9,2016-09-01,02:00,2490.0,880.0,3770.0,340.0,－－－－－－－－－－,10.0,0.0,0.0,10.0,0.0,-290.0,-2230.0,2490.0,yonden
2016,9,2016-09-01,03:00,2640.0,880.0,3540.0,320.0,－－－－－－－－－－,10.0,0.0,0.0,10.0,0.0,-70.0,-2050.0,2640.0,yonden
2016,9,2016-09-01,04:00,2780.0,880.0,3460.0,370.0,－－－－－－－－－－,10.0,0.0,0.0,10.0,0.0,0.0,-1950.0,2780.0,yonden
2016,9,2016-09-01,05:00,2820.0,880.0,3510.0,360.0,－－－－－－－－－－,10.0,0.0,0.0,10.0,0.0,0.0,-1950.0,2820.0,yonden
2016,9,2016-09-01,06:00,2690.0,880.0,3540.0,280.0,－－－－－－－－－－,10.0,100.0,0.0,0.0,0.0,0.0,-2120.0,2690.0,yonden
2016,9,2016-09-01,07:00,2690.0,880.0,3460.0,270.0,－－－－－－－－－－,10.0,310.0,0.0,0.0,0.0,0.0,-2240.0,2690.0,yonden
2016,9,2016-09-01,08:00,3210.0,880.0,3770.0,340.0,－－－－－－－－－－,10.0,590.0,0.0,0.0,0.0,0.0,-2380.0,3210.0,yonden
2016,9,2016-09-01,09:00,3570.0,880.0,3970.0,320.0,－－－－－－－－－－,10.0,800.0,0.0,10.0,0.0,0.0,-2420.0,3570.0,yonden
2016,9,2016-09-01,10:00,3750.0,880.0,3930.0,360.0,－－－－－－－－－－,10.0,950.0,0.0,10.0,0.0,0.0,-2390.0,3750.0,yonden
2016,9,2016-09-01,11:00,4000.0,880.0,4010.0,510.0,－－－－－－－－－－,10.0,960.0,0.0,10.0,0.0,0.0,-2380.0,4000.0,yonden
2016,9,2016-09-01,12:00,3760.0,880.0,4050.0,360.0,－－－－－－－－－－,10.0,770.0,0.0,10.0,0.0,80.0,-2400.0,3760.0,yonden
2016,9,2016-09-01,13:00,3910.0,880.0,4030.0,410.0,－－－－－－－－－－,10.0,630.0,0.0,10.0,0.0,300.0,-2360.0,3910.0,yonden
2016,9,2016-09-01,14:00,3980.0,880.0,4070.0,390.0,－－－－－－－－－－,10.0,510.0,0.0,10.0,0.0,390.0,-2280.0,3980.0,yonden
2016,9,2016-09-01,15:00,3800.0,880.0,3990.0,400.0,－－－－－－－－－－,10.0,460.0,0.0,10.0,0.0,240.0,-2190.0,3800.0,yonden
2016,9,2016-09-01,16:00,3990.0,880.0,3960.0,500.0,－－－－－－－－－－,10.0,390.0,0.0,20.0,0.0,450.0,-2220.0,3990.0,yonden
2016,9,2016-09-01,17:00,3830.0,880.0,3990.0,530.0,－－－－－－－－－－,10.0,160.0,0.0,20.0,0.0,440.0,-2200.0,3830.0,yonden
2016,9,2016-09-01,18:00,3750.0,880.0,4010.0,530.0,－－－－－－－－－－,10.0,10.0,0.0,20.0,0.0,490.0,-2200.0,3750.0,yonden
2016,9,2016-09-01,19:00,3600.0,880.0,4000.0,520.0,－－－－－－－－－－,10.0,0.0,0.0,30.0,0.0,330.0,-2170.0,3600.0,yonden
2016,9,2016-09-01,20:00,3340.0,880.0,3980.0,490.0,－－－－－－－－－－,10.0,0.0,0.0,30.0,0.0,50.0,-2100.0,3340.0,yonden
2016,9,2016-09-01,21:00,3080.0,880.0,3900.0,410.0,－－－－－－－－－－,10.0,0.0,0.0,30.0,0.0,0.0,-2150.0,3080.0,yonden
2016,9,2016-09-01,22:00,2860.0,880.0,3800.0,330.0,－－－－－－－－－－,10.0,0.0,0.0,30.0,0.0,0.0,-2190.0,2860.0,yonden
2016,9,2016-09-01,23:00,2730.0,880.0,3750.0,340.0,－－－－－－－－－－,10.0,0.0,0.0,30.0,0.0,0.0,-2280.0,2730.0,yonden
2016,9,2016-09-02,00:00,2520.0,870.0,3690.0,250.0,－－－－－－－－－－,10.0,0.0,0.0,40.0,0.0,-160.0,-2180.0,2520.0,yonden
2016,9,2016-09-02,01:00,2440.0,880.0,3650.0,290.0,－－－－－－－－－－,10.0,0.0,0.0,50.0,0.0,-300.0,-2140.0,2440.0,yonden
2016,9,2016-09-02,02:00,2510.0,870.0,3680.0,310.0,－－－－－－－－－－,10.0,0.0,0.0,50.0,0.0,-300.0,-2110.0,2510.0,yonden
2016,9,2016-09-02,03:00,2670.0,870.0,3680.0,330.0,－－－－－－－－－－,10.0,0.0,0.0,50.0,0.0,-300.0,-1970.0,2670.0,yonden
2016,9,2016-09-02,04:00,2810.0,880.0,3650.0,360.0,－－－－－－－－－－,10.0,0.0,0.0,50.0,0.0,-300.0,-1840.0,2810.0,yonden
2016,9,2016-09-02,05:00,2850.0,870.0,3680.0,320.0,－－－－－－－－－－,10.0,0.0,0.0,40.0,0.0,-300.0,-1770.0,2850.0,yonden
2016,9,2016-09-02,06:00,2700.0,880.0,3690.0,270.0,－－－－－－－－－－,10.0,100.0,0.0,30.0,0.0,-300.0,-1980.0,2700.0,yonden
2016,9,2016-09-02,07:00,2720.0,880.0,3640.0,260.0,－－－－－－－－－－,10.0,310.0,0.0,40.0,0.0,-300.0,-2120.0,2720.0,yonden
2016,9,2016-09-02,08:00,3210.0,880.0,3680.0,370.0,－－－－－－－－－－,10.0,570.0,0.0,40.0,0.0,-160.0,-2180.0,3210.0,yonden
2016,9,2016-09-02,09:00,3640.0,880.0,3750.0,330.0,－－－－－－－－－－,10.0,830.0,0.0,40.0,0.0,0.0,-2200.0,3640.0,yonden
2016,9,2016-09-02,10:00,3850.0,880.0,3670.0,340.0,－－－－－－－－－－,10.0,1030.0,0.0,40.0,0.0,0.0,-2120.0,3850.0,yonden
2016,9,2016-09-02,11:00,4070.0,880.0,3660.0,420.0,－－－－－－－－－－,10.0,1160.0,0.0,40.0,0.0,0.0,-2100.0,4070.0,yonden
2016,9,2016-09-02,12:00,3920.0,880.0,3680.0,380.0,－－－－－－－－－－,10.0,1150.0,0.0,30.0,0.0,0.0,-2210.0,3920.0,yonden
2016,9,2016-09-02,13:00,4170.0,880.0,3910.0,460.0,－－－－－－－－－－,10.0,1040.0,0.0,50.0,0.0,0.0,-2180.0,4170.0,yonden
2016,9,2016-09-02,14:00,4160.0,880.0,4000.0,440.0,－－－－－－－－－－,10.0,880.0,0.0,50.0,0.0,0.0,-2100.0,4160.0,yonden
2016,9,2016-09-02,15:00,4260.0,880.0,4070.0,420.0,－－－－－－－－－－,10.0,710.0,0.0,50.0,0.0,20.0,-1900.0,4260.0,yonden
2016,9,2016-09-02,16:00,4220.0,880.0,4060.0,450.0,－－－－－－－－－－,10.0,410.0,0.0,50.0,0.0,280.0,-1920.0,4220.0,yonden
2016,9,2016-09-02,17:00,4000.0,880.0,4080.0,470.0,－－－－－－－－－－,10.0,150.0,0.0,40.0,0.0,240.0,-1870.0,4000.0,yonden
2016,9,2016-09-02,18:00,3890.0,880.0,4060.0,520.0,－－－－－－－－－－,10.0,10.0,0.0,30.0,0.0,170.0,-1790.0,3890.0,yonden
2016,9,2016-09-02,19:00,3740.0,880.0,4060.0,460.0,－－－－－－－－－－,10.0,0.0,0.0,40.0,0.0,100.0,-1810.0,3740.0,yonden
2016,9,2016-09-02,20:00,3500.0,880.0,3980.0,430.0,－－－－－－－－－－,10.0,0.0,0.0,60.0,0.0,0.0,-1860.0,3500.0,yonden
2016,9,2016-09-02,21:00,3230.0,880.0,3820.0,370.0,－－－－－－－－－－,10.0,0.0,0.0,60.0,0.0,0.0,-1910.0,3230.0,yonden
2016,9,2016-09-02,22:00,3000.0,880.0,3720.0,300.0,－－－－－－－－－－,10.0,0.0,0.0,60.0,0.0,0.0,-1970.0,3000.0,yonden
2016,9,2016-09-02,23:00,2850.0,880.0,3700.0,280.0,－－－－－－－－－－,10.0,0.0,0.0,70.0,0.0,0.0,-2090.0,2850.0,yonden
2016,9,2016-09-03,00:00,2640.0,880.0,3690.0,240.0,－－－－－－－－－－,10.0,0.0,0.0,70.0,0.0,0.0,-2250.0,2640.0,yonden
2016,9,2016-09-03,01:00,2540.0,880.0,3690.0,240.0,－－－－－－－－－－,10.0,0.0,0.0,60.0,0.0,0.0,-2340.0,2540.0,yonden
2016,9,2016-09-03,02:00,2590.0,880.0,3730.0,240.0,－－－－－－－－－－,10.0,0.0,0.0,60.0,0.0,0.0,-2330.0,2590.0,yonden
2016,9,2016-09-03,03:00,2720.0,880.0,3850.0,270.0,－－－－－－－－－－,10.0,0.0,0.0,50.0,0.0,0.0,-2340.0,2720.0,yonden
2016,9,2016-09-03,04:00,2820.0,880.0,3890.0,320.0,－－－－－－－－－－,10.0,0.0,0.0,40.0,0.0,0.0,-2320.0,2820.0,yonden
2016,9,2016-09-03,05:00,2830.0,880.0,3880.0,270.0,－－－－－－－－－－,10.0,0.0,0.0,40.0,0.0,0.0,-2250.0,2830.0,yonden
2016,9,2016-09-03,06:00,2700.0,880.0,3810.0,200.0,－－－－－－－－－－,10.0,90.0,0.0,40.0,0.0,0.0,-2330.0,2700.0,yonden
2016,9,2016-09-03,07:00,2680.0,880.0,3770.0,340.0,－－－－－－－－－－,10.0,240.0,0.0,40.0,0.0,-300.0,-2300.0,2680.0,yonden
2016,9,2016-09-03,08:00,3090.0,880.0,3820.0,240.0,－－－－－－－－－－,10.0,410.0,0.0,40.0,0.0,20.0,-2330.0,3090.0,yonden
2016,9,2016-09-03,09:00,3360.0,880.0,3890.0,250.0,－－－－－－－－－－,10.0,590.0,0.0,30.0,0.0,170.0,-2460.0,3360.0,yonden
2016,9,2016-09-03,10:00,3660.0,880.0,3900.0,240.0,－－－－－－－－－－,10.0,760.0,0.0,30.0,0.0,270.0,-2430.0,3660.0,yonden
2016,9,2016-09-03,11:00,3680.0,880.0,4160.0,260.0,－－－－－－－－－－,10.0,690.0,0.0,30.0,0.0,50.0,-2400.0,3680.0,yonden
2016,9,2016-09-03,12:00,3610.0,880.0,4210.0,250.0,－－－－－－－－－－,10.0,650.0,0.0,30.0,0.0,0.0,-2420.0,3610.0,yonden
2016,9,2016-09-03,13:00,3780.0,880.0,4250.0,290.0,－－－－－－－－－－,10.0,670.0,0.0,20.0,0.0,0.0,-2340.0,3780.0,yonden
2016,9,2016-09-03,14:00,3810.0,880.0,4370.0,320.0,－－－－－－－－－－,10.0,560.0,0.0,30.0,0.0,0.0,-2360.0,3810.0,yonden
2016,9,2016-09-03,15:00,3790.0,880.0,4460.0,370.0,－－－－－－－－－－,10.0,420.0,0.0,20.0,0.0,0.0,-2370.0,3790.0,yonden
2016,9,2016-09-03,16:00,3680.0,880.0,4450.0,440.0,－－－－－－－－－－,10.0,190.0,0.0,30.0,0.0,0.0,-2320.0,3680.0,yonden
2016,9,2016-09-03,17:00,3610.0,880.0,4310.0,490.0,－－－－－－－－－－,10.0,80.0,0.0,20.0,0.0,0.0,-2180.0,3610.0,yonden
2016,9,2016-09-03,18:00,3640.0,880.0,4320.0,540.0,－－－－－－－－－－,10.0,10.0,0.0,20.0,0.0,0.0,-2140.0,3640.0,yonden
2016,9,2016-09-03,19:00,3560.0,880.0,4270.0,500.0,－－－－－－－－－－,10.0,0.0,0.0,30.0,0.0,0.0,-2130.0,3560.0,yonden
2016,9,2016-09-03,20:00,3380.0,880.0,4150.0,390.0,－－－－－－－－－－,10.0,0.0,0.0,30.0,0.0,0.0,-2080.0,3380.0,yonden
2016,9,2016-09-03,21:00,3150.0,880.0,3870.0,350.0,－－－－－－－－－－,10.0,0.0,0.0,40.0,0.0,0.0,-2000.0,3150.0,yonden
2016,9,2016-09-03,22:00,2950.0,880.0,3740.0,330.0,－－－－－－－－－－,10.0,0.0,0.0,40.0,0.0,0.0,-2050.0,2950.0,yonden
2016,9,2016-09-03,23:00,2820.0,880.0,3700.0,310.0,－－－－－－－－－－,10.0,0.0,0.0,40.0,0.0,0.0,-2120.0,2820.0,yonden
2016,9,2016-09-04,00:00,2610.0,870.0,3690.0,320.0,－－－－－－－－－－,0.0,0.0,0.0,30.0,0.0,0.0,-2300.0,2610.0,yonden
2016,9,2016-09-04,01:00,2520.0,880.0,3610.0,310.0,－－－－－－－－－－,0.0,0.0,0.0,30.0,0.0,0.0,-2310.0,2520.0,yonden
2016,9,2016-09-04,02:00,2580.0,870.0,3640.0,330.0,－－－－－－－－－－,0.0,0.0,0.0,30.0,0.0,0.0,-2290.0,2580.0,yonden
2016,9,2016-09-04,03:00,2690.0,870.0,3650.0,420.0,－－－－－－－－－－,0.0,0.0,0.0,30.0,0.0,0.0,-2280.0,2690.0,yonden
2016,9,2016-09-04,04:00,2790.0,880.0,3750.0,390.0,－－－－－－－－－－,0.0,0.0,0.0,30.0,0.0,0.0,-2260.0,2790.0,yonden
2016,9,2016-09-04,05:00,2780.0,880.0,3800.0,320.0,－－－－－－－－－－,10.0,0.0,0.0,30.0,0.0,0.0,-2260.0,2780.0,yonden
2016,9,2016-09-04,06:00,2600.0,880.0,3760.0,360.0,－－－－－－－－－－,10.0,70.0,0.0,40.0,0.0,-300.0,-2220.0,2600.0,yonden
2016,9,2016-09-04,07:00,2570.0,880.0,3690.0,390.0,－－－－－－－－－－,10.0,190.0,0.0,40.0,0.0,-300.0,-2330.0,2570.0,yonden
2016,9,2016-09-04,08:00,2780.0,880.0,3770.0,460.0,－－－－－－－－－－,0.0,280.0,0.0,50.0,0.0,-300.0,-2360.0,2780.0,yonden
2016,9,2016-09-04,09:00,3010.0,880.0,3600.0,470.0,－－－－－－－－－－,0.0,370.0,0.0,60.0,0.0,0.0,-2370.0,3010.0,yonden
2016,9,2016-09-04,10:00,3080.0,880.0,3540.0,500.0,－－－－－－－－－－,0.0,470.0,0.0,50.0,0.0,0.0,-2360.0,3080.0,yonden
2016,9,2016-09-04,11:00,3190.0,880.0,3470.0,510.0,－－－－－－－－－－,0.0,640.0,0.0,40.0,0.0,0.0,-2350.0,3190.0,yonden
2016,9,2016-09-04,12:00,3270.0,880.0,3580.0,500.0,－－－－－－－－－－,0.0,710.0,0.0,50.0,0.0,0.0,-2450.0,3270.0,yonden
2016,9,2016-09-04,13:00,3260.0,880.0,3550.0,500.0,－－－－－－－－－－,0.0,730.0,0.0,50.0,0.0,0.0,-2450.0,3260.0,yonden
2016,9,2016-09-04,14:00,3370.0,880.0,3630.0,580.0,－－－－－－－－－－,10.0,680.0,0.0,60.0,0.0,0.0,-2470.0,3370.0,yonden
2016,9,2016-09-04,15:00,3320.0,880.0,3640.0,590.0,－－－－－－－－－－,0.0,500.0,0.0,70.0,0.0,0.0,-2360.0,3320.0,yonden
2016,9,2016-09-04,16:00,3330.0,880.0,3710.0,610.0,－－－－－－－－－－,0.0,280.0,0.0,70.0,0.0,0.0,-2220.0,3330.0,yonden
2016,9,2016-09-04,17:00,3350.0,880.0,3800.0,640.0,－－－－－－－－－－,10.0,90.0,0.0,70.0,0.0,0.0,-2140.0,3350.0,yonden
2016,9,2016-09-04,18:00,3410.0,880.0,3870.0,700.0,－－－－－－－－－－,0.0,10.0,0.0,60.0,0.0,0.0,-2110.0,3410.0,yonden
2016,9,2016-09-04,19:00,3370.0,880.0,3870.0,670.0,－－－－－－－－－－,0.0,0.0,0.0,60.0,0.0,0.0,-2110.0,3370.0,yonden
2016,9,2016-09-04,20:00,3200.0,880.0,3890.0,650.0,－－－－－－－－－－,0.0,0.0,0.0,50.0,0.0,0.0,-2270.0,3200.0,yonden
2016,9,2016-09-04,21:00,3030.0,880.0,3780.0,630.0,－－－－－－－－－－,10.0,0.0,0.0,60.0,0.0,0.0,-2330.0,3030.0,yonden
2016,9,2016-09-04,22:00,2830.0,880.0,3570.0,610.0,－－－－－－－－－－,10.0,0.0,0.0,70.0,0.0,0.0,-2310.0,2830.0,yonden
2016,9,2016-09-04,23:00,2670.0,880.0,3430.0,600.0,－－－－－－－－－－,0.0,0.0,0.0,60.0,0.0,0.0,-2300.0,2670.0,yonden
2016,9,2016-09-05,00:00,2470.0,880.0,3400.0,620.0,－－－－－－－－－－,0.0,0.0,0.0,60.0,0.0,-300.0,-2190.0,2470.0,yonden
2016,9,2016-09-05,01:00,2380.0,880.0,3380.0,600.0,－－－－－－－－－－,10.0,0.0,0.0,50.0,0.0,-300.0,-2240.0,2380.0,yonden
2016,9,2016-09-05,02:00,2480.0,880.0,3520.0,580.0,－－－－－－－－－－,0.0,0.0,0.0,60.0,0.0,-300.0,-2260.0,2480.0,yonden
2016,9,2016-09-05,03:00,2610.0,880.0,3480.0,600.0,－－－－－－－－－－,10.0,0.0,0.0,70.0,0.0,-300.0,-2130.0,2610.0,yonden
2016,9,2016-09-05,04:00,2750.0,880.0,3500.0,600.0,－－－－－－－－－－,0.0,0.0,0.0,60.0,0.0,-140.0,-2150.0,2750.0,yonden
2016,9,2016-09-05,05:00,2800.0,880.0,3500.0,580.0,－－－－－－－－－－,0.0,0.0,0.0,50.0,0.0,0.0,-2210.0,2800.0,yonden
2016,9,2016-09-05,06:00,2790.0,880.0,3510.0,580.0,－－－－－－－－－－,0.0,30.0,0.0,50.0,0.0,0.0,-2260.0,2790.0,yonden
2016,9,2016-09-05,07:00,2970.0,880.0,3600.0,580.0,－－－－－－－－－－,0.0,90.0,0.0,50.0,0.0,0.0,-2230.0,2970.0,yonden
2016,9,2016-09-05,08:00,3570.0,880.0,4030.0,650.0,－－－－－－－－－－,0.0,120.0,0.0,60.0,0.0,0.0,-2170.0,3570.0,yonden
2016,9,2016-09-05,09:00,3830.0,880.0,4270.0,680.0,－－－－－－－－－－,0.0,170.0,0.0,70.0,0.0,0.0,-2240.0,3830.0,yonden
2016,9,2016-09-05,10:00,3860.0,880.0,4090.0,650.0,－－－－－－－－－－,0.0,320.0,0.0,90.0,0.0,130.0,-2300.0,3860.0,yonden
2016,9,2016-09-05,11:00,4060.0,880.0,4110.0,670.0,－－－－－－－－－－,0.0,460.0,0.0,90.0,0.0,140.0,-2290.0,4060.0,yonden
2016,9,2016-09-05,12:00,3780.0,880.0,4080.0,610.0,－－－－－－－－－－,0.0,460.0,0.0,90.0,0.0,0.0,-2340.0,3780.0,yonden
2016,9,2016-09-05,13:00,3950.0,880.0,4120.0,680.0,－－－－－－－－－－,0.0,500.0,0.0,80.0,0.0,0.0,-2310.0,3950.0,yonden
2016,9,2016-09-05,14:00,4040.0,880.0,4090.0,630.0,－－－－－－－－－－,0.0,510.0,0.0,70.0,0.0,160.0,-2300.0,4040.0,yonden
2016,9,2016-09-05,15:00,4110.0,880.0,4030.0,620.0,－－－－－－－－－－,10.0,480.0,0.0,60.0,0.0,200.0,-2170.0,4110.0,yonden
2016,9,2016-09-05,16:00,4130.0,880.0,4270.0,650.0,－－－－－－－－－－,0.0,310.0,0.0,60.0,0.0,210.0,-2250.0,4130.0,yonden
2016,9,2016-09-05,17:00,3980.0,880.0,4210.0,640.0,－－－－－－－－－－,0.0,130.0,0.0,70.0,0.0,210.0,-2160.0,3980.0,yonden
2016,9,2016-09-05,18:00,3910.0,880.0,4140.0,690.0,－－－－－－－－－－,0.0,10.0,0.0,60.0,0.0,290.0,-2160.0,3910.0,yonden
2016,9,2016-09-05,19:00,3770.0,880.0,4220.0,670.0,－－－－－－－－－－,0.0,0.0,0.0,70.0,0.0,110.0,-2180.0,3770.0,yonden
2016,9,2016-09-05,20:00,3530.0,880.0,4090.0,620.0,－－－－－－－－－－,10.0,0.0,0.0,50.0,0.0,0.0,-2120.0,3530.0,yonden
2016,9,2016-09-05,21:00,3280.0,880.0,3900.0,640.0,－－－－－－－－－－,0.0,0.0,0.0,40.0,0.0,0.0,-2180.0,3280.0,yonden
2016,9,2016-09-05,22:00,3050.0,880.0,3760.0,600.0,－－－－－－－－－－,0.0,0.0,0.0,30.0,0.0,0.0,-2220.0,3050.0,yonden
2016,9,2016-09-05,23:00,2880.0,880.0,3690.0,600.0,－－－－－－－－－－,0.0,0.0,0.0,10.0,0.0,-130.0,-2170.0,2880.0,yonden
2016,9,2016-09-06,00:00,2670.0,870.0,3690.0,600.0,－－－－－－－－－－,0.0,0.0,0.0,0.0,0.0,-310.0,-2180.0,2670.0,yonden
2016,9,2016-09-06,01:00,2580.0,880.0,3650.0,590.0,－－－－－－－－－－,0.0,0.0,0.0,0.0,0.0,-300.0,-2240.0,2580.0,yonden
2016,9,2016-09-06,02:00,2630.0,880.0,3660.0,620.0,－－－－－－－－－－,0.0,0.0,0.0,0.0,0.0,-300.0,-2230.0,2630.0,yonden
2016,9,2016-09-06,03:00,2750.0,870.0,3660.0,610.0,－－－－－－－－－－,0.0,0.0,0.0,0.0,0.0,-110.0,-2280.0,2750.0,yonden
2016,9,2016-09-06,04:00,2880.0,880.0,3560.0,600.0,－－－－－－－－－－,0.0,0.0,0.0,0.0,0.0,0.0,-2160.0,2880.0,yonden
2016,9,2016-09-06,05:00,2910.0,880.0,3730.0,670.0,－－－－－－－－－－,0.0,0.0,0.0,0.0,0.0,-300.0,-2070.0,2910.0,yonden
2016,9,2016-09-06,06:00,2830.0,880.0,3770.0,610.0,－－－－－－－－－－,0.0,50.0,0.0,0.0,0.0,-300.0,-2180.0,2830.0,yonden
2016,9,2016-09-06,07:00,2950.0,880.0,3790.0,590.0,－－－－－－－－－－,0.0,180.0,0.0,0.0,0.0,-300.0,-2190.0,2950.0,yonden
2016,9,2016-09-06,08:00,3500.0,880.0,3820.0,610.0,－－－－－－－－－－,0.0,400.0,0.0,0.0,0.0,-50.0,-2160.0,3500.0,yonden
2016,9,2016-09-06,09:00,3940.0,880.0,4060.0,650.0,－－－－－－－－－－,0.0,640.0,0.0,0.0,0.0,0.0,-2290.0,3940.0,yonden
2016,9,2016-09-06,10:00,4150.0,880.0,4160.0,650.0,－－－－－－－－－－,0.0,890.0,0.0,0.0,0.0,0.0,-2430.0,4150.0,yonden
2016,9,2016-09-06,11:00,4370.0,880.0,4200.0,630.0,－－－－－－－－－－,0.0,1110.0,0.0,0.0,0.0,0.0,-2450.0,4370.0,yonden
2016,9,2016-09-06,12:00,4320.0,880.0,4220.0,570.0,－－－－－－－－－－,0.0,1090.0,0.0,0.0,0.0,0.0,-2440.0,4320.0,yonden
2016,9,2016-09-06,13:00,4490.0,880.0,4390.0,630.0,－－－－－－－－－－,0.0,940.0,0.0,10.0,0.0,90.0,-2450.0,4490.0,yonden
2016,9,2016-09-06,14:00,4510.0,880.0,4440.0,640.0,－－－－－－－－－－,10.0,730.0,0.0,0.0,0.0,270.0,-2460.0,4510.0,yonden
2016,9,2016-09-06,15:00,4420.0,880.0,4570.0,650.0,－－－－－－－－－－,10.0,460.0,0.0,0.0,0.0,300.0,-2450.0,4420.0,yonden
2016,9,2016-09-06,16:00,4400.0,880.0,4590.0,670.0,－－－－－－－－－－,10.0,310.0,0.0,0.0,0.0,290.0,-2350.0,4400.0,yonden
2016,9,2016-09-06,17:00,4290.0,880.0,4560.0,700.0,－－－－－－－－－－,10.0,160.0,0.0,0.0,0.0,320.0,-2340.0,4290.0,yonden
2016,9,2016-09-06,18:00,4240.0,880.0,4550.0,710.0,－－－－－－－－－－,10.0,10.0,0.0,0.0,0.0,460.0,-2380.0,4240.0,yonden
2016,9,2016-09-06,19:00,4080.0,880.0,4550.0,650.0,－－－－－－－－－－,10.0,0.0,0.0,0.0,0.0,440.0,-2450.0,4080.0,yonden
2016,9,2016-09-06,20:00,3820.0,880.0,4570.0,650.0,－－－－－－－－－－,10.0,0.0,0.0,0.0,0.0,220.0,-2510.0,3820.0,yonden
2016,9,2016-09-06,21:00,3530.0,880.0,4340.0,650.0,－－－－－－－－－－,10.0,0.0,0.0,0.0,0.0,0.0,-2350.0,3530.0,yonden
2016,9,2016-09-06,22:00,3250.0,880.0,4030.0,640.0,－－－－－－－－－－,10.0,0.0,0.0,0.0,0.0,0.0,-2310.0,3250.0,yonden
2016,9,2016-09-06,23:00,3070.0,880.0,3840.0,600.0,－－－－－－－－－－,10.0,0.0,0.0,0.0,0.0,0.0,-2260.0,3070.0,yonden
2016,9,2016-09-07,00:00,2810.0,880.0,3760.0,670.0,－－－－－－－－－－,10.0,0.0,0.0,0.0,0.0,-310.0,-2200.0,2810.0,yonden
2016,9,2016-09-07,01:00,2680.0,880.0,3680.0,660.0,－－－－－－－－－－,10.0,0.0,0.0,0.0,0.0,-310.0,-2240.0,2680.0,yonden
2016,9,2016-09-07,02:00,2730.0,880.0,3730.0,650.0,－－－－－－－－－－,10.0,0.0,0.0,0.0,0.0,-310.0,-2230.0,2730.0,yonden
2016,9,2016-09-07,03:00,2830.0,880.0,3730.0,670.0,－－－－－－－－－－,10.0,0.0,0.0,0.0,0.0,-310.0,-2150.0,2830.0,yonden
2016,9,2016-09-07,04:00,2940.0,880.0,3730.0,670.0,－－－－－－－－－－,10.0,0.0,0.0,10.0,0.0,-310.0,-2050.0,2940.0,yonden
2016,9,2016-09-07,05:00,2980.0,880.0,3800.0,660.0,－－－－－－－－－－,10.0,0.0,0.0,10.0,0.0,-300.0,-2080.0,2980.0,yonden
2016,9,2016-09-07,06:00,2920.0,880.0,3780.0,610.0,－－－－－－－－－－,10.0,60.0,0.0,10.0,0.0,-300.0,-2130.0,2920.0,yonden
2016,9,2016-09-07,07:00,3060.0,880.0,3800.0,610.0,－－－－－－－－－－,10.0,220.0,0.0,0.0,0.0,-300.0,-2160.0,3060.0,yonden
2016,9,2016-09-07,08:00,3670.0,880.0,3920.0,630.0,－－－－－－－－－－,10.0,420.0,0.0,0.0,0.0,0.0,-2190.0,3670.0,yonden
2016,9,2016-09-07,09:00,4060.0,880.0,4220.0,660.0,－－－－－－－－－－,10.0,550.0,0.0,0.0,0.0,0.0,-2260.0,4060.0,yonden
2016,9,2016-09-07,10:00,4220.0,880.0,4340.0,630.0,－－－－－－－－－－,10.0,680.0,0.0,0.0,0.0,0.0,-2320.0,4220.0,yonden
2016,9,2016-09-07,11:00,4360.0,880.0,4340.0,620.0,－－－－－－－－－－,10.0,940.0,0.0,0.0,0.0,0.0,-2430.0,4360.0,yonden
2016,9,2016-09-07,12:00,4350.0,880.0,4290.0,610.0,－－－－－－－－－－,10.0,1060.0,0.0,0.0,0.0,0.0,-2500.0,4350.0,yonden
2016,9,2016-09-07,13:00,4570.0,880.0,4510.0,650.0,－－－－－－－－－－,10.0,920.0,0.0,0.0,0.0,0.0,-2400.0,4570.0,yonden
2016,9,2016-09-07,14:00,4570.0,880.0,4610.0,620.0,－－－－－－－－－－,10.0,770.0,0.0,0.0,0.0,50.0,-2370.0,4570.0,yonden
2016,9,2016-09-07,15:00,4490.0,880.0,4570.0,650.0,－－－－－－－－－－,10.0,590.0,0.0,0.0,0.0,180.0,-2390.0,4490.0,yonden
2016,9,2016-09-07,16:00,4500.0,880.0,4570.0,640.0,－－－－－－－－－－,10.0,360.0,0.0,0.0,0.0,280.0,-2240.0,4500.0,yonden
2016,9,2016-09-07,17:00,4270.0,880.0,4550.0,640.0,－－－－－－－－－－,10.0,120.0,0.0,10.0,0.0,280.0,-2220.0,4270.0,yonden
2016,9,2016-09-07,18:00,4220.0,880.0,4530.0,680.0,－－－－－－－－－－,10.0,10.0,0.0,10.0,0.0,350.0,-2250.0,4220.0,yonden
2016,9,2016-09-07,19:00,4070.0,880.0,4530.0,670.0,－－－－－－－－－－,10.0,0.0,0.0,10.0,0.0,350.0,-2380.0,4070.0,yonden
2016,9,2016-09-07,20:00,3830.0,880.0,4520.0,640.0,－－－－－－－－－－,10.0,0.0,0.0,0.0,0.0,30.0,-2250.0,3830.0,yonden
2016,9,2016-09-07,21:00,3540.0,880.0,4290.0,600.0,－－－－－－－－－－,10.0,0.0,0.0,0.0,0.0,0.0,-2240.0,3540.0,yonden
2016,9,2016-09-07,22:00,3270.0,880.0,4020.0,630.0,－－－－－－－－－－,10.0,0.0,0.0,0.0,0.0,0.0,-2270.0,3270.0,yonden
2016,9,2016-09-07,23:00,3080.0,880.0,3860.0,600.0,－－－－－－－－－－,10.0,0.0,0.0,0.0,0.0,-60.0,-2210.0,3080.0,yonden
2016,9,2016-09-08,00:00,2840.0,870.0,3860.0,630.0,－－－－－－－－－－,10.0,0.0,0.0,0.0,0.0,-310.0,-2220.0,2840.0,yonden
2016,9,2016-09-08,01:00,2700.0,880.0,3770.0,620.0,－－－－－－－－－－,10.0,0.0,0.0,10.0,0.0,-310.0,-2280.0,2700.0,yonden
2016,9,2016-09-08,02:00,2710.0,880.0,3750.0,630.0,－－－－－－－－－－,10.0,0.0,0.0,10.0,0.0,-300.0,-2270.0,2710.0,yonden
2016,9,2016-09-08,03:00,2820.0,870.0,3760.0,620.0,－－－－－－－－－－,10.0,0.0,0.0,40.0,0.0,-300.0,-2180.0,2820.0,yonden
2016,9,2016-09-08,04:00,2940.0,880.0,3720.0,610.0,－－－－－－－－－－,10.0,0.0,0.0,70.0,0.0,-300.0,-2050.0,2940.0,yonden
2016,9,2016-09-08,05:00,3000.0,880.0,3780.0,600.0,－－－－－－－－－－,10.0,0.0,0.0,70.0,0.0,-300.0,-2040.0,3000.0,yonden
2016,9,2016-09-08,06:00,3000.0,880.0,3850.0,610.0,－－－－－－－－－－,10.0,30.0,0.0,70.0,0.0,-300.0,-2150.0,3000.0,yonden
2016,9,2016-09-08,07:00,3130.0,880.0,3760.0,530.0,－－－－－－－－－－,10.0,110.0,0.0,50.0,0.0,0.0,-2210.0,3130.0,yonden
2016,9,2016-09-08,08:00,3660.0,880.0,4140.0,600.0,－－－－－－－－－－,10.0,220.0,0.0,70.0,0.0,0.0,-2260.0,3660.0,yonden
2016,9,2016-09-08,09:00,3880.0,880.0,4230.0,620.0,－－－－－－－－－－,10.0,380.0,0.0,90.0,0.0,0.0,-2330.0,3880.0,yonden
2016,9,2016-09-08,10:00,3940.0,880.0,4160.0,610.0,－－－－－－－－－－,10.0,690.0,0.0,80.0,0.0,0.0,-2490.0,3940.0,yonden
2016,9,2016-09-08,11:00,4210.0,880.0,4120.0,610.0,－－－－－－－－－－,10.0,980.0,0.0,80.0,0.0,0.0,-2470.0,4210.0,yonden
2016,9,2016-09-08,12:00,4010.0,880.0,4060.0,560.0,－－－－－－－－－－,10.0,920.0,0.0,80.0,0.0,0.0,-2500.0,4010.0,yonden
2016,9,2016-09-08,13:00,4180.0,880.0,4180.0,560.0,－－－－－－－－－－,10.0,850.0,0.0,80.0,0.0,80.0,-2460.0,4180.0,yonden
2016,9,2016-09-08,14:00,4240.0,880.0,4490.0,560.0,－－－－－－－－－－,10.0,680.0,0.0,80.0,0.0,0.0,-2460.0,4240.0,yonden
2016,9,2016-09-08,15:00,4150.0,880.0,4390.0,590.0,－－－－－－－－－－,10.0,460.0,0.0,70.0,0.0,150.0,-2400.0,4150.0,yonden
2016,9,2016-09-08,16:00,4100.0,880.0,4250.0,600.0,－－－－－－－－－－,10.0,270.0,0.0,70.0,0.0,320.0,-2300.0,4100.0,yonden
2016,9,2016-09-08,17:00,3930.0,880.0,4050.0,660.0,－－－－－－－－－－,10.0,110.0,0.0,80.0,0.0,390.0,-2250.0,3930.0,yonden
2016,9,2016-09-08,18:00,3870.0,880.0,4020.0,690.0,－－－－－－－－－－,10.0,10.0,0.0,60.0,0.0,480.0,-2280.0,3870.0,yonden
2016,9,2016-09-08,19:00,3700.0,880.0,4080.0,700.0,－－－－－－－－－－,10.0,0.0,0.0,60.0,0.0,300.0,-2330.0,3700.0,yonden
2016,9,2016-09-08,20:00,3460.0,880.0,4130.0,640.0,－－－－－－－－－－,10.0,0.0,0.0,40.0,0.0,30.0,-2270.0,3460.0,yonden
2016,9,2016-09-08,21:00,3200.0,880.0,3810.0,540.0,－－－－－－－－－－,10.0,0.0,0.0,40.0,0.0,0.0,-2080.0,3200.0,yonden
2016,9,2016-09-08,22:00,2960.0,880.0,3620.0,560.0,－－－－－－－－－－,10.0,0.0,0.0,40.0,0.0,0.0,-2150.0,2960.0,yonden
2016,9,2016-09-08,23:00,2800.0,880.0,3520.0,620.0,－－－－－－－－－－,10.0,0.0,0.0,50.0,0.0,-310.0,-1970.0,2800.0,yonden
2016,9,2016-09-09,00:00,2600.0,880.0,3530.0,480.0,－－－－－－－－－－,10.0,0.0,0.0,60.0,0.0,-310.0,-2050.0,2600.0,yonden
2016,9,2016-09-09,01:00,2500.0,880.0,3570.0,480.0,－－－－－－－－－－,10.0,0.0,0.0,40.0,0.0,-310.0,-2170.0,2500.0,yonden
2016,9,2016-09-09,02:00,2550.0,880.0,3610.0,460.0,－－－－－－－－－－,10.0,0.0,0.0,40.0,0.0,-300.0,-2150.0,2550.0,yonden
2016,9,2016-09-09,03:00,2690.0,880.0,3570.0,490.0,－－－－－－－－－－,10.0,0.0,0.0,50.0,0.0,-300.0,-2010.0,2690.0,yonden
2016,9,2016-09-09,04:00,2820.0,880.0,3570.0,520.0,－－－－－－－－－－,10.0,0.0,0.0,50.0,0.0,-300.0,-1910.0,2820.0,yonden
2016,9,2016-09-09,05:00,2860.0,880.0,3620.0,470.0,－－－－－－－－－－,10.0,0.0,0.0,50.0,0.0,-300.0,-1870.0,2860.0,yonden
2016,9,2016-09-09,06:00,2800.0,880.0,3670.0,450.0,－－－－－－－－－－,10.0,60.0,0.0,50.0,0.0,-300.0,-2020.0,2800.0,yonden
2016,9,2016-09-09,07:00,2810.0,880.0,3710.0,450.0,－－－－－－－－－－,10.0,210.0,0.0,30.0,0.0,-300.0,-2180.0,2810.0,yonden
2016,9,2016-09-09,08:00,3270.0,880.0,3780.0,430.0,－－－－－－－－－－,10.0,500.0,0.0,20.0,0.0,0.0,-2350.0,3270.0,yonden
2016,9,2016-09-09,09:00,3660.0,880.0,3870.0,470.0,－－－－－－－－－－,10.0,830.0,0.0,10.0,0.0,0.0,-2410.0,3660.0,yonden
2016,9,2016-09-09,10:00,3910.0,880.0,3880.0,410.0,－－－－－－－－－－,10.0,1140.0,0.0,10.0,0.0,0.0,-2420.0,3910.0,yonden
2016,9,2016-09-09,11:00,4050.0,880.0,3890.0,420.0,－－－－－－－－－－,10.0,1270.0,0.0,10.0,0.0,0.0,-2430.0,4050.0,yonden
2016,9,2016-09-09,12:00,3910.0,880.0,3780.0,390.0,－－－－－－－－－－,10.0,1300.0,0.0,0.0,0.0,0.0,-2450.0,3910.0,yonden
2016,9,2016-09-09,13:00,4140.0,880.0,3980.0,420.0,－－－－－－－－－－,10.0,1240.0,0.0,10.0,0.0,0.0,-2400.0,4140.0,yonden
2016,9,2016-09-09,14:00,4200.0,880.0,3990.0,460.0,－－－－－－－－－－,10.0,1080.0,0.0,10.0,0.0,190.0,-2420.0,4200.0,yonden
2016,9,2016-09-09,15:00,4180.0,880.0,3980.0,540.0,－－－－－－－－－－,10.0,820.0,0.0,10.0,0.0,310.0,-2370.0,4180.0,yonden
2016,9,2016-09-09,16:00,4170.0,880.0,4210.0,580.0,－－－－－－－－－－,10.0,490.0,0.0,10.0,0.0,290.0,-2300.0,4170.0,yonden
2016,9,2016-09-09,17:00,3930.0,880.0,4170.0,610.0,－－－－－－－－－－,10.0,170.0,0.0,20.0,0.0,270.0,-2200.0,3930.0,yonden
2016,9,2016-09-09,18:00,3820.0,880.0,3970.0,640.0,－－－－－－－－－－,10.0,10.0,0.0,20.0,0.0,460.0,-2170.0,3820.0,yonden
2016,9,2016-09-09,19:00,3660.0,880.0,4020.0,580.0,－－－－－－－－－－,10.0,0.0,0.0,20.0,0.0,390.0,-2240.0,3660.0,yonden
2016,9,2016-09-09,20:00,3410.0,880.0,4010.0,540.0,－－－－－－－－－－,10.0,0.0,0.0,10.0,0.0,70.0,-2110.0,3410.0,yonden
2016,9,2016-09-09,21:00,3120.0,880.0,3790.0,430.0,－－－－－－－－－－,10.0,0.0,0.0,10.0,0.0,0.0,-2000.0,3120.0,yonden
2016,9,2016-09-09,22:00,2890.0,880.0,3560.0,380.0,－－－－－－－－－－,10.0,0.0,0.0,10.0,0.0,0.0,-1950.0,2890.0,yonden
2016,9,2016-09-09,23:00,2760.0,880.0,3570.0,380.0,－－－－－－－－－－,10.0,0.0,0.0,10.0,0.0,0.0,-2090.0,2760.0,yonden
2016,9,2016-09-10,00:00,2550.0,880.0,3580.0,370.0,－－－－－－－－－－,10.0,0.0,0.0,0.0,0.0,-210.0,-2080.0,2550.0,yonden
2016,9,2016-09-10,01:00,2450.0,880.0,3690.0,370.0,－－－－－－－－－－,10.0,0.0,0.0,0.0,0.0,-310.0,-2190.0,2450.0,yonden
2016,9,2016-09-10,02:00,2510.0,880.0,3680.0,410.0,－－－－－－－－－－,10.0,0.0,0.0,0.0,0.0,-290.0,-2180.0,2510.0,yonden
2016,9,2016-09-10,03:00,2650.0,880.0,3670.0,400.0,－－－－－－－－－－,10.0,0.0,0.0,10.0,0.0,0.0,-2320.0,2650.0,yonden
2016,9,2016-09-10,04:00,2770.0,880.0,3690.0,410.0,－－－－－－－－－－,10.0,0.0,0.0,10.0,0.0,0.0,-2230.0,2770.0,yonden
2016,9,2016-09-10,05:00,2760.0,880.0,3690.0,400.0,－－－－－－－－－－,10.0,0.0,0.0,10.0,0.0,0.0,-2230.0,2760.0,yonden
2016,9,2016-09-10,06:00,2570.0,880.0,3540.0,310.0,－－－－－－－－－－,10.0,80.0,0.0,0.0,0.0,-50.0,-2200.0,2570.0,yonden
2016,9,2016-09-10,07:00,2480.0,880.0,3660.0,300.0,－－－－－－－－－－,10.0,310.0,0.0,0.0,0.0,-310.0,-2370.0,2480.0,yonden
2016,9,2016-09-10,08:00,2780.0,880.0,3640.0,300.0,－－－－－－－－－－,10.0,630.0,0.0,0.0,0.0,-300.0,-2380.0,2780.0,yonden
2016,9,2016-09-10,09:00,3130.0,880.0,3650.0,360.0,－－－－－－－－－－,10.0,920.0,0.0,0.0,0.0,-300.0,-2390.0,3130.0,yonden
2016,9,2016-09-10,10:00,3290.0,880.0,3590.0,370.0,－－－－－－－－－－,10.0,1130.0,0.0,0.0,0.0,-300.0,-2390.0,3290.0,yonden
2016,9,2016-09-10,11:00,3440.0,880.0,3650.0,360.0,－－－－－－－－－－,10.0,1190.0,0.0,0.0,0.0,-300.0,-2350.0,3440.0,yonden
2016,9,2016-09-10,12:00,3430.0,880.0,3680.0,360.0,－－－－－－－－－－,10.0,1160.0,0.0,0.0,0.0,-300.0,-2360.0,3430.0,yonden
2016,9,2016-09-10,13:00,3480.0,880.0,3530.0,320.0,－－－－－－－－－－,10.0,1080.0,0.0,0.0,0.0,0.0,-2340.0,3480.0,yonden
2016,9,2016-09-10,14:00,3460.0,880.0,3650.0,380.0,－－－－－－－－－－,10.0,880.0,0.0,0.0,0.0,0.0,-2340.0,3460.0,yonden
2016,9,2016-09-10,15:00,3480.0,880.0,3900.0,390.0,－－－－－－－－－－,10.0,620.0,0.0,0.0,0.0,130.0,-2450.0,3480.0,yonden
2016,9,2016-09-10,16:00,3460.0,880.0,3970.0,460.0,－－－－－－－－－－,10.0,330.0,0.0,0.0,0.0,310.0,-2500.0,3460.0,yonden
2016,9,2016-09-10,17:00,3350.0,880.0,3900.0,510.0,－－－－－－－－－－,10.0,100.0,0.0,0.0,0.0,290.0,-2340.0,3350.0,yonden
2016,9,2016-09-10,18:00,3410.0,880.0,3840.0,490.0,－－－－－－－－－－,10.0,0.0,0.0,0.0,0.0,440.0,-2250.0,3410.0,yonden
2016,9,2016-09-10,19:00,3330.0,880.0,3770.0,470.0,－－－－－－－－－－,10.0,0.0,0.0,0.0,0.0,400.0,-2200.0,3330.0,yonden
2016,9,2016-09-10,20:00,3140.0,880.0,3840.0,450.0,－－－－－－－－－－,10.0,0.0,0.0,10.0,0.0,220.0,-2270.0,3140.0,yonden
2016,9,2016-09-10,21:00,2900.0,880.0,3790.0,380.0,－－－－－－－－－－,10.0,0.0,0.0,10.0,0.0,0.0,-2170.0,2900.0,yonden
2016,9,2016-09-10,22:00,2690.0,880.0,3680.0,330.0,－－－－－－－－－－,10.0,0.0,0.0,10.0,0.0,0.0,-2220.0,2690.0,yonden
2016,9,2016-09-10,23:00,2550.0,880.0,3670.0,370.0,－－－－－－－－－－,10.0,0.0,0.0,0.0,0.0,-310.0,-2070.0,2550.0,yonden
2016,9,2016-09-11,00:00,2370.0,880.0,3630.0,340.0,－－－－－－－－－－,10.0,0.0,0.0,0.0,0.0,-310.0,-2180.0,2370.0,yonden
2016,9,2016-09-11,01:00,2290.0,880.0,3610.0,360.0,－－－－－－－－－－,10.0,0.0,0.0,0.0,0.0,-310.0,-2260.0,2290.0,yonden
2016,9,2016-09-11,02:00,2370.0,880.0,3600.0,340.0,－－－－－－－－－－,10.0,0.0,0.0,0.0,0.0,-130.0,-2330.0,2370.0,yonden
2016,9,2016-09-11,03:00,2520.0,880.0,3570.0,360.0,－－－－－－－－－－,10.0,0.0,0.0,0.0,0.0,0.0,-2300.0,2520.0,yonden
2016,9,2016-09-11,04:00,2640.0,880.0,3610.0,370.0,－－－－－－－－－－,10.0,0.0,0.0,0.0,0.0,0.0,-2230.0,2640.0,yonden
2016,9,2016-09-11,05:00,2640.0,880.0,3650.0,360.0,－－－－－－－－－－,10.0,0.0,0.0,0.0,0.0,0.0,-2260.0,2640.0,yonden
2016,9,2016-09-11,06:00,2440.0,880.0,3590.0,260.0,－－－－－－－－－－,10.0,50.0,0.0,0.0,0.0,0.0,-2350.0,2440.0,yonden
2016,9,2016-09-11,07:00,2330.0,880.0,3560.0,320.0,－－－－－－－－－－,10.0,170.0,0.0,0.0,0.0,-260.0,-2350.0,2330.0,yonden
2016,9,2016-09-11,08:00,2390.0,880.0,3450.0,300.0,－－－－－－－－－－,10.0,420.0,0.0,0.0,0.0,-300.0,-2370.0,2390.0,yonden
2016,9,2016-09-11,09:00,2620.0,880.0,3320.0,320.0,－－－－－－－－－－,10.0,760.0,0.0,0.0,0.0,-300.0,-2370.0,2620.0,yonden
2016,9,2016-09-11,10:00,2890.0,880.0,3230.0,360.0,－－－－－－－－－－,10.0,1080.0,0.0,0.0,0.0,-300.0,-2370.0,2890.0,yonden
2016,9,2016-09-11,11:00,3100.0,880.0,3260.0,370.0,－－－－－－－－－－,10.0,1260.0,0.0,0.0,0.0,-300.0,-2380.0,3100.0,yonden
2016,9,2016-09-11,12:00,3200.0,880.0,3370.0,330.0,－－－－－－－－－－,0.0,1260.0,0.0,0.0,0.0,-300.0,-2340.0,3200.0,yonden
2016,9,2016-09-11,13:00,3150.0,880.0,3440.0,320.0,－－－－－－－－－－,0.0,1120.0,0.0,0.0,0.0,-300.0,-2310.0,3150.0,yonden
2016,9,2016-09-11,14:00,3220.0,880.0,3410.0,310.0,－－－－－－－－－－,0.0,960.0,0.0,0.0,0.0,0.0,-2340.0,3220.0,yonden
2016,9,2016-09-11,15:00,3250.0,880.0,3660.0,300.0,－－－－－－－－－－,0.0,670.0,0.0,0.0,0.0,0.0,-2260.0,3250.0,yonden
2016,9,2016-09-11,16:00,3280.0,880.0,3770.0,390.0,－－－－－－－－－－,0.0,370.0,0.0,10.0,0.0,230.0,-2370.0,3280.0,yonden
2016,9,2016-09-11,17:00,3270.0,880.0,3860.0,460.0,－－－－－－－－－－,10.0,100.0,0.0,10.0,0.0,260.0,-2310.0,3270.0,yonden
2016,9,2016-09-11,18:00,3360.0,880.0,3960.0,460.0,－－－－－－－－－－,10.0,0.0,0.0,20.0,0.0,270.0,-2240.0,3360.0,yonden
2016,9,2016-09-11,19:00,3310.0,880.0,3970.0,440.0,－－－－－－－－－－,10.0,0.0,0.0,20.0,0.0,230.0,-2240.0,3310.0,yonden
2016,9,2016-09-11,20:00,3140.0,880.0,3930.0,430.0,－－－－－－－－－－,10.0,0.0,0.0,10.0,0.0,280.0,-2400.0,3140.0,yonden
2016,9,2016-09-11,21:00,2940.0,880.0,3910.0,390.0,－－－－－－－－－－,10.0,0.0,0.0,10.0,0.0,90.0,-2350.0,2940.0,yonden
2016,9,2016-09-11,22:00,2710.0,880.0,3760.0,330.0,－－－－－－－－－－,10.0,0.0,0.0,20.0,0.0,0.0,-2290.0,2710.0,yonden
2016,9,2016-09-11,23:00,2570.0,880.0,3670.0,330.0,－－－－－－－－－－,10.0,0.0,0.0,30.0,0.0,0.0,-2350.0,2570.0,yonden
2016,9,2016-09-12,00:00,2390.0,880.0,3600.0,330.0,－－－－－－－－－－,0.0,0.0,0.0,20.0,0.0,-280.0,-2160.0,2390.0,yonden
2016,9,2016-09-12,01:00,2310.0,880.0,3650.0,310.0,－－－－－－－－－－,10.0,0.0,0.0,30.0,0.0,-300.0,-2270.0,2310.0,yonden
2016,9,2016-09-12,02:00,2390.0,880.0,3710.0,320.0,－－－－－－－－－－,10.0,0.0,0.0,20.0,0.0,-300.0,-2250.0,2390.0,yonden
2016,9,2016-09-12,03:00,2530.0,880.0,3720.0,360.0,－－－－－－－－－－,10.0,0.0,0.0,20.0,0.0,-300.0,-2160.0,2530.0,yonden
2016,9,2016-09-12,04:00,2680.0,880.0,3710.0,390.0,－－－－－－－－－－,10.0,0.0,0.0,30.0,0.0,-300.0,-2040.0,2680.0,yonden
2016,9,2016-09-12,05:00,2740.0,880.0,3700.0,350.0,－－－－－－－－－－,10.0,0.0,0.0,40.0,0.0,-290.0,-1950.0,2740.0,yonden
2016,9,2016-09-12,06:00,2740.0,880.0,3760.0,310.0,－－－－－－－－－－,10.0,40.0,0.0,30.0,0.0,-290.0,-2000.0,2740.0,yonden
2016,9,2016-09-12,07:00,2910.0,880.0,3720.0,290.0,－－－－－－－－－－,10.0,130.0,0.0,40.0,0.0,-120.0,-2040.0,2910.0,yonden
2016,9,2016-09-12,08:00,3480.0,880.0,3990.0,380.0,－－－－－－－－－－,10.0,240.0,0.0,40.0,0.0,0.0,-2060.0,3480.0,yonden
2016,9,2016-09-12,09:00,3820.0,880.0,4130.0,450.0,－－－－－－－－－－,10.0,400.0,0.0,50.0,0.0,0.0,-2100.0,3820.0,yonden
2016,9,2016-09-12,10:00,4020.0,880.0,4280.0,500.0,－－－－－－－－－－,10.0,490.0,0.0,50.0,0.0,0.0,-2190.0,4020.0,yonden
2016,9,2016-09-12,11:00,4060.0,880.0,4410.0,480.0,－－－－－－－－－－,10.0,450.0,0.0,40.0,0.0,0.0,-2210.0,4060.0,yonden
2016,9,2016-09-12,12:00,3800.0,880.0,4220.0,360.0,－－－－－－－－－－,10.0,450.0,0.0,60.0,0.0,0.0,-2180.0,3800.0,yonden
2016,9,2016-09-12,13:00,4060.0,880.0,4300.0,450.0,－－－－－－－－－－,10.0,450.0,0.0,70.0,0.0,0.0,-2100.0,4060.0,yonden
2016,9,2016-09-12,14:00,4140.0,880.0,4450.0,470.0,－－－－－－－－－－,10.0,330.0,0.0,70.0,0.0,230.0,-2300.0,4140.0,yonden
2016,9,2016-09-12,15:00,4070.0,880.0,4390.0,460.0,－－－－－－－－－－,10.0,200.0,0.0,70.0,0.0,280.0,-2220.0,4070.0,yonden
2016,9,2016-09-12,16:00,4070.0,880.0,4400.0,560.0,－－－－－－－－－－,10.0,90.0,0.0,60.0,0.0,300.0,-2230.0,4070.0,yonden
2016,9,2016-09-12,17:00,3940.0,880.0,4360.0,560.0,－－－－－－－－－－,10.0,20.0,0.0,80.0,0.0,300.0,-2270.0,3940.0,yonden
2016,9,2016-09-12,18:00,3910.0,880.0,4410.0,550.0,－－－－－－－－－－,0.0,0.0,0.0,80.0,0.0,300.0,-2310.0,3910.0,yonden
2016,9,2016-09-12,19:00,3710.0,880.0,4180.0,530.0,－－－－－－－－－－,10.0,0.0,0.0,70.0,0.0,140.0,-2100.0,3710.0,yonden
2016,9,2016-09-12,20:00,3490.0,880.0,3980.0,460.0,－－－－－－－－－－,10.0,0.0,0.0,30.0,0.0,0.0,-1870.0,3490.0,yonden
2016,9,2016-09-12,21:00,3250.0,880.0,3850.0,440.0,－－－－－－－－－－,10.0,0.0,0.0,20.0,0.0,0.0,-1950.0,3250.0,yonden
2016,9,2016-09-12,22:00,3020.0,880.0,3760.0,430.0,－－－－－－－－－－,10.0,0.0,0.0,20.0,0.0,0.0,-2080.0,3020.0,yonden
2016,9,2016-09-12,23:00,2870.0,880.0,3770.0,390.0,－－－－－－－－－－,10.0,0.0,0.0,30.0,0.0,-150.0,-2060.0,2870.0,yonden
2016,9,2016-09-13,00:00,2670.0,880.0,3770.0,430.0,－－－－－－－－－－,0.0,0.0,0.0,30.0,0.0,-300.0,-2140.0,2670.0,yonden
2016,9,2016-09-13,01:00,2590.0,880.0,3740.0,460.0,－－－－－－－－－－,10.0,0.0,0.0,30.0,0.0,-300.0,-2230.0,2590.0,yonden
2016,9,2016-09-13,02:00,2660.0,880.0,3740.0,500.0,－－－－－－－－－－,10.0,0.0,0.0,20.0,0.0,-300.0,-2190.0,2660.0,yonden
2016,9,2016-09-13,03:00,2800.0,880.0,3740.0,550.0,－－－－－－－－－－,10.0,0.0,0.0,20.0,0.0,-300.0,-2100.0,2800.0,yonden
2016,9,2016-09-13,04:00,2910.0,880.0,3750.0,560.0,－－－－－－－－－－,10.0,0.0,0.0,20.0,0.0,-300.0,-2010.0,2910.0,yonden
2016,9,2016-09-13,05:00,2960.0,880.0,3740.0,590.0,－－－－－－－－－－,10.0,0.0,0.0,20.0,0.0,-300.0,-1980.0,2960.0,yonden
2016,9,2016-09-13,06:00,2950.0,880.0,3490.0,540.0,－－－－－－－－－－,10.0,20.0,0.0,30.0,0.0,-30.0,-1990.0,2950.0,yonden
2016,9,2016-09-13,07:00,3050.0,880.0,3620.0,550.0,－－－－－－－－－－,10.0,40.0,0.0,20.0,0.0,0.0,-2070.0,3050.0,yonden
2016,9,2016-09-13,08:00,3580.0,880.0,4170.0,590.0,－－－－－－－－－－,10.0,70.0,0.0,20.0,0.0,0.0,-2160.0,3580.0,yonden
2016,9,2016-09-13,09:00,3850.0,880.0,4450.0,600.0,－－－－－－－－－－,10.0,130.0,0.0,20.0,0.0,160.0,-2400.0,3850.0,yonden
2016,9,2016-09-13,10:00,3860.0,880.0,4420.0,700.0,－－－－－－－－－－,10.0,260.0,0.0,10.0,0.0,10.0,-2430.0,3860.0,yonden
2016,9,2016-09-13,11:00,3940.0,880.0,4270.0,700.0,－－－－－－－－－－,10.0,510.0,0.0,10.0,0.0,0.0,-2440.0,3940.0,yonden
2016,9,2016-09-13,12:00,3700.0,880.0,3970.0,650.0,－－－－－－－－－－,10.0,630.0,0.0,10.0,0.0,0.0,-2450.0,3700.0,yonden
2016,9,2016-09-13,13:00,3970.0,880.0,4040.0,720.0,－－－－－－－－－－,10.0,650.0,0.0,20.0,0.0,70.0,-2420.0,3970.0,yonden
2016,9,2016-09-13,14:00,4060.0,880.0,4050.0,700.0,－－－－－－－－－－,10.0,580.0,0.0,10.0,0.0,250.0,-2420.0,4060.0,yonden
2016,9,2016-09-13,15:00,4040.0,880.0,4080.0,710.0,－－－－－－－－－－,10.0,410.0,0.0,10.0,0.0,280.0,-2340.0,4040.0,yonden
2016,9,2016-09-13,16:00,3970.0,880.0,4250.0,720.0,－－－－－－－－－－,0.0,220.0,0.0,20.0,0.0,230.0,-2350.0,3970.0,yonden
2016,9,2016-09-13,17:00,3840.0,880.0,4210.0,700.0,－－－－－－－－－－,0.0,90.0,0.0,20.0,0.0,240.0,-2300.0,3840.0,yonden
2016,9,2016-09-13,18:00,3830.0,880.0,4220.0,680.0,－－－－－－－－－－,10.0,0.0,0.0,20.0,0.0,300.0,-2280.0,3830.0,yonden
2016,9,2016-09-13,19:00,3640.0,880.0,3950.0,660.0,－－－－－－－－－－,10.0,0.0,0.0,20.0,0.0,170.0,-2050.0,3640.0,yonden
2016,9,2016-09-13,20:00,3420.0,880.0,3790.0,620.0,－－－－－－－－－－,10.0,0.0,0.0,20.0,0.0,0.0,-1900.0,3420.0,yonden
2016,9,2016-09-13,21:00,3190.0,880.0,3660.0,640.0,－－－－－－－－－－,10.0,0.0,0.0,10.0,0.0,0.0,-2010.0,3190.0,yonden
2016,9,2016-09-13,22:00,2950.0,880.0,3580.0,640.0,－－－－－－－－－－,10.0,0.0,0.0,10.0,0.0,0.0,-2170.0,2950.0,yonden
2016,9,2016-09-13,23:00,2790.0,880.0,3510.0,630.0,－－－－－－－－－－,10.0,0.0,0.0,10.0,0.0,-150.0,-2100.0,2790.0,yonden
2016,9,2016-09-14,00:00,2590.0,870.0,3560.0,630.0,－－－－－－－－－－,0.0,0.0,0.0,10.0,0.0,-300.0,-2180.0,2590.0,yonden
2016,9,2016-09-14,01:00,2490.0,880.0,3520.0,600.0,－－－－－－－－－－,10.0,0.0,0.0,0.0,0.0,-300.0,-2220.0,2490.0,yonden
2016,9,2016-09-14,02:00,2550.0,880.0,3520.0,620.0,－－－－－－－－－－,0.0,0.0,0.0,0.0,0.0,-300.0,-2170.0,2550.0,yonden
2016,9,2016-09-14,03:00,2700.0,880.0,3520.0,660.0,－－－－－－－－－－,0.0,0.0,0.0,10.0,0.0,-300.0,-2070.0,2700.0,yonden
2016,9,2016-09-14,04:00,2830.0,880.0,3550.0,670.0,－－－－－－－－－－,10.0,0.0,0.0,10.0,0.0,-300.0,-1990.0,2830.0,yonden
2016,9,2016-09-14,05:00,2870.0,880.0,3630.0,640.0,－－－－－－－－－－,10.0,0.0,0.0,0.0,0.0,-300.0,-1990.0,2870.0,yonden
2016,9,2016-09-14,06:00,2830.0,880.0,3620.0,590.0,－－－－－－－－－－,10.0,20.0,0.0,10.0,0.0,-300.0,-2000.0,2830.0,yonden
2016,9,2016-09-14,07:00,2970.0,880.0,3650.0,580.0,－－－－－－－－－－,0.0,90.0,0.0,0.0,0.0,-290.0,-1940.0,2970.0,yonden
2016,9,2016-09-14,08:00,3470.0,880.0,3740.0,580.0,－－－－－－－－－－,0.0,150.0,0.0,0.0,0.0,0.0,-1880.0,3470.0,yonden
2016,9,2016-09-14,09:00,3820.0,880.0,4030.0,670.0,－－－－－－－－－－,10.0,180.0,0.0,0.0,0.0,0.0,-1950.0,3820.0,yonden
2016,9,2016-09-14,10:00,3870.0,880.0,4000.0,670.0,－－－－－－－－－－,10.0,220.0,0.0,0.0,0.0,150.0,-2060.0,3870.0,yonden
2016,9,2016-09-14,11:00,3830.0,880.0,3960.0,640.0,－－－－－－－－－－,0.0,270.0,0.0,0.0,0.0,160.0,-2080.0,3830.0,yonden
2016,9,2016-09-14,12:00,3610.0,880.0,3890.0,560.0,－－－－－－－－－－,10.0,260.0,0.0,10.0,0.0,0.0,-2000.0,3610.0,yonden
2016,9,2016-09-14,13:00,3800.0,880.0,4030.0,670.0,－－－－－－－－－－,10.0,270.0,0.0,0.0,0.0,0.0,-2060.0,3800.0,yonden
2016,9,2016-09-14,14:00,3820.0,880.0,4130.0,700.0,－－－－－－－－－－,10.0,300.0,0.0,0.0,0.0,80.0,-2280.0,3820.0,yonden
2016,9,2016-09-14,15:00,3840.0,880.0,4090.0,680.0,－－－－－－－－－－,10.0,230.0,0.0,0.0,0.0,240.0,-2290.0,3840.0,yonden
2016,9,2016-09-14,16:00,3840.0,880.0,4170.0,690.0,－－－－－－－－－－,0.0,130.0,0.0,10.0,0.0,300.0,-2340.0,3840.0,yonden
2016,9,2016-09-14,17:00,3700.0,880.0,4070.0,670.0,－－－－－－－－－－,10.0,40.0,0.0,0.0,0.0,300.0,-2270.0,3700.0,yonden
2016,9,2016-09-14,18:00,3670.0,880.0,3960.0,710.0,－－－－－－－－－－,10.0,0.0,0.0,0.0,0.0,300.0,-2190.0,3670.0,yonden
2016,9,2016-09-14,19:00,3490.0,880.0,3820.0,660.0,－－－－－－－－－－,10.0,0.0,0.0,0.0,0.0,200.0,-2080.0,3490.0,yonden
2016,9,2016-09-14,20:00,3280.0,880.0,3710.0,690.0,－－－－－－－－－－,10.0,0.0,0.0,0.0,0.0,0.0,-2010.0,3280.0,yonden
2016,9,2016-09-14,21:00,3060.0,880.0,3600.0,660.0,－－－－－－－－－－,10.0,0.0,0.0,0.0,0.0,0.0,-2090.0,3060.0,yonden
2016,9,2016-09-14,22:00,2850.0,880.0,3560.0,630.0,－－－－－－－－－－,10.0,0.0,0.0,0.0,0.0,0.0,-2230.0,2850.0,yonden
2016,9,2016-09-14,23:00,2730.0,880.0,3500.0,600.0,－－－－－－－－－－,10.0,0.0,0.0,0.0,0.0,-150.0,-2110.0,2730.0,yonden
2016,9,2016-09-15,00:00,2550.0,880.0,3560.0,660.0,－－－－－－－－－－,10.0,0.0,0.0,0.0,0.0,-300.0,-2260.0,2550.0,yonden
2016,9,2016-09-15,01:00,2480.0,880.0,3630.0,620.0,－－－－－－－－－－,10.0,0.0,0.0,0.0,0.0,-300.0,-2360.0,2480.0,yonden
2016,9,2016-09-15,02:00,2550.0,880.0,3680.0,610.0,－－－－－－－－－－,10.0,0.0,0.0,0.0,0.0,-300.0,-2330.0,2550.0,yonden
2016,9,2016-09-15,03:00,2710.0,880.0,3700.0,660.0,－－－－－－－－－－,10.0,0.0,0.0,0.0,0.0,-300.0,-2240.0,2710.0,yonden
2016,9,2016-09-15,04:00,2860.0,880.0,3730.0,700.0,－－－－－－－－－－,10.0,0.0,0.0,0.0,0.0,-300.0,-2160.0,2860.0,yonden
2016,9,2016-09-15,05:00,2890.0,880.0,3730.0,670.0,－－－－－－－－－－,10.0,0.0,0.0,10.0,0.0,-300.0,-2110.0,2890.0,yonden
2016,9,2016-09-15,06:00,2820.0,880.0,3740.0,610.0,－－－－－－－－－－,10.0,30.0,0.0,10.0,0.0,-300.0,-2160.0,2820.0,yonden
2016,9,2016-09-15,07:00,2880.0,880.0,3710.0,560.0,－－－－－－－－－－,10.0,100.0,0.0,10.0,0.0,-290.0,-2100.0,2880.0,yonden
2016,9,2016-09-15,08:00,3340.0,880.0,3740.0,610.0,－－－－－－－－－－,10.0,250.0,0.0,0.0,0.0,0.0,-2150.0,3340.0,yonden
2016,9,2016-09-15,09:00,3600.0,880.0,3780.0,650.0,－－－－－－－－－－,10.0,480.0,0.0,0.0,0.0,0.0,-2200.0,3600.0,yonden
2016,9,2016-09-15,10:00,3790.0,880.0,3780.0,680.0,－－－－－－－－－－,10.0,690.0,0.0,0.0,0.0,0.0,-2250.0,3790.0,yonden
2016,9,2016-09-15,11:00,3900.0,880.0,3830.0,690.0,－－－－－－－－－－,10.0,800.0,0.0,0.0,0.0,0.0,-2310.0,3900.0,yonden
2016,9,2016-09-15,12:00,3760.0,880.0,3840.0,650.0,－－－－－－－－－－,10.0,840.0,0.0,0.0,0.0,0.0,-2460.0,3760.0,yonden
2016,9,2016-09-15,13:00,4130.0,880.0,3960.0,700.0,－－－－－－－－－－,10.0,790.0,0.0,0.0,0.0,260.0,-2470.0,4130.0,yonden
2016,9,2016-09-15,14:00,4040.0,880.0,4090.0,690.0,－－－－－－－－－－,10.0,530.0,0.0,0.0,0.0,300.0,-2460.0,4040.0,yonden
2016,9,2016-09-15,15:00,3920.0,880.0,4160.0,680.0,－－－－－－－－－－,10.0,350.0,0.0,0.0,0.0,300.0,-2460.0,3920.0,yonden
2016,9,2016-09-15,16:00,3920.0,880.0,4230.0,710.0,－－－－－－－－－－,0.0,240.0,0.0,0.0,0.0,300.0,-2440.0,3920.0,yonden
2016,9,2016-09-15,17:00,3790.0,880.0,4250.0,730.0,－－－－－－－－－－,10.0,70.0,0.0,0.0,0.0,300.0,-2450.0,3790.0,yonden
2016,9,2016-09-15,18:00,3780.0,880.0,4280.0,730.0,－－－－－－－－－－,10.0,0.0,0.0,0.0,0.0,300.0,-2420.0,3780.0,yonden
2016,9,2016-09-15,19:00,3610.0,880.0,4080.0,700.0,－－－－－－－－－－,0.0,0.0,0.0,0.0,0.0,290.0,-2340.0,3610.0,yonden
2016,9,2016-09-15,20:00,3390.0,880.0,3860.0,620.0,－－－－－－－－－－,0.0,0.0,0.0,0.0,0.0,130.0,-2100.0,3390.0,yonden
2016,9,2016-09-15,21:00,3150.0,880.0,3780.0,650.0,－－－－－－－－－－,0.0,0.0,0.0,0.0,0.0,0.0,-2160.0,3150.0,yonden
2016,9,2016-09-15,22:00,2910.0,880.0,3750.0,630.0,－－－－－－－－－－,0.0,0.0,0.0,0.0,0.0,-150.0,-2200.0,2910.0,yonden
2016,9,2016-09-15,23:00,2770.0,880.0,3730.0,640.0,－－－－－－－－－－,0.0,0.0,0.0,0.0,0.0,-300.0,-2180.0,2770.0,yonden
2016,9,2016-09-16,00:00,2590.0,870.0,3700.0,640.0,－－－－－－－－－－,0.0,0.0,0.0,0.0,0.0,-300.0,-2320.0,2590.0,yonden
2016,9,2016-09-16,01:00,2520.0,880.0,3720.0,630.0,－－－－－－－－－－,0.0,0.0,0.0,0.0,0.0,-300.0,-2410.0,2520.0,yonden
2016,9,2016-09-16,02:00,2590.0,880.0,3720.0,630.0,－－－－－－－－－－,0.0,0.0,0.0,0.0,0.0,-300.0,-2340.0,2590.0,yonden
2016,9,2016-09-16,03:00,2740.0,880.0,3740.0,660.0,－－－－－－－－－－,0.0,0.0,0.0,0.0,0.0,-300.0,-2240.0,2740.0,yonden
2016,9,2016-09-16,04:00,2870.0,880.0,3620.0,600.0,－－－－－－－－－－,0.0,0.0,0.0,0.0,0.0,-100.0,-2130.0,2870.0,yonden
2016,9,2016-09-16,05:00,2900.0,880.0,3580.0,550.0,－－－－－－－－－－,0.0,0.0,0.0,0.0,0.0,0.0,-2110.0,2900.0,yonden
2016,9,2016-09-16,06:00,2860.0,880.0,3720.0,620.0,－－－－－－－－－－,0.0,20.0,0.0,0.0,0.0,-270.0,-2110.0,2860.0,yonden
2016,9,2016-09-16,07:00,2890.0,880.0,3770.0,570.0,－－－－－－－－－－,0.0,130.0,0.0,0.0,0.0,-300.0,-2160.0,2890.0,yonden
2016,9,2016-09-16,08:00,3320.0,880.0,3820.0,610.0,－－－－－－－－－－,0.0,340.0,0.0,0.0,0.0,-120.0,-2210.0,3320.0,yonden
2016,9,2016-09-16,09:00,3730.0,880.0,3790.0,650.0,－－－－－－－－－－,0.0,630.0,0.0,0.0,0.0,0.0,-2220.0,3730.0,yonden
2016,9,2016-09-16,10:00,3950.0,880.0,3890.0,690.0,－－－－－－－－－－,0.0,850.0,0.0,0.0,0.0,0.0,-2360.0,3950.0,yonden
2016,9,2016-09-16,11:00,4120.0,880.0,3970.0,670.0,－－－－－－－－－－,10.0,1020.0,0.0,0.0,0.0,0.0,-2430.0,4120.0,yonden
2016,9,2016-09-16,12:00,3970.0,880.0,3890.0,600.0,－－－－－－－－－－,10.0,1070.0,0.0,0.0,0.0,0.0,-2480.0,3970.0,yonden
2016,9,2016-09-16,13:00,4210.0,880.0,3990.0,670.0,－－－－－－－－－－,10.0,960.0,0.0,0.0,0.0,100.0,-2400.0,4210.0,yonden
2016,9,2016-09-16,14:00,4240.0,880.0,4050.0,670.0,－－－－－－－－－－,10.0,780.0,0.0,0.0,0.0,300.0,-2450.0,4240.0,yonden
2016,9,2016-09-16,15:00,4210.0,880.0,4080.0,680.0,－－－－－－－－－－,10.0,530.0,0.0,0.0,0.0,410.0,-2380.0,4210.0,yonden
2016,9,2016-09-16,16:00,4170.0,880.0,4120.0,700.0,－－－－－－－－－－,10.0,240.0,0.0,0.0,0.0,590.0,-2370.0,4170.0,yonden
2016,9,2016-09-16,17:00,3970.0,880.0,4090.0,690.0,－－－－－－－－－－,10.0,50.0,0.0,10.0,0.0,510.0,-2270.0,3970.0,yonden
2016,9,2016-09-16,18:00,3920.0,880.0,4200.0,710.0,－－－－－－－－－－,10.0,0.0,0.0,20.0,0.0,350.0,-2250.0,3920.0,yonden
2016,9,2016-09-16,19:00,3720.0,880.0,4230.0,690.0,－－－－－－－－－－,10.0,0.0,0.0,10.0,0.0,140.0,-2240.0,3720.0,yonden
2016,9,2016-09-16,20:00,3490.0,880.0,4070.0,690.0,－－－－－－－－－－,10.0,0.0,0.0,10.0,0.0,0.0,-2170.0,3490.0,yonden
2016,9,2016-09-16,21:00,3240.0,880.0,3830.0,660.0,－－－－－－－－－－,10.0,0.0,0.0,20.0,0.0,0.0,-2160.0,3240.0,yonden
2016,9,2016-09-16,22:00,3020.0,880.0,3840.0,620.0,－－－－－－－－－－,10.0,0.0,0.0,20.0,0.0,0.0,-2350.0,3020.0,yonden
2016,9,2016-09-16,23:00,2880.0,880.0,3740.0,620.0,－－－－－－－－－－,10.0,0.0,0.0,30.0,0.0,0.0,-2400.0,2880.0,yonden
2016,9,2016-09-17,00:00,2670.0,880.0,3600.0,600.0,－－－－－－－－－－,10.0,0.0,0.0,30.0,0.0,0.0,-2450.0,2670.0,yonden
2016,9,2016-09-17,01:00,2560.0,880.0,3500.0,580.0,－－－－－－－－－－,10.0,0.0,0.0,30.0,0.0,0.0,-2440.0,2560.0,yonden
2016,9,2016-09-17,02:00,2590.0,880.0,3520.0,580.0,－－－－－－－－－－,10.0,0.0,0.0,30.0,0.0,0.0,-2430.0,2590.0,yonden
2016,9,2016-09-17,03:00,2730.0,880.0,3620.0,620.0,－－－－－－－－－－,10.0,0.0,0.0,20.0,0.0,0.0,-2420.0,2730.0,yonden
2016,9,2016-09-17,04:00,2830.0,880.0,3710.0,610.0,－－－－－－－－－－,10.0,0.0,0.0,20.0,0.0,0.0,-2400.0,2830.0,yonden
2016,9,2016-09-17,05:00,2820.0,880.0,3690.0,620.0,－－－－－－－－－－,10.0,0.0,0.0,20.0,0.0,0.0,-2400.0,2820.0,yonden
2016,9,2016-09-17,06:00,2630.0,880.0,3630.0,590.0,－－－－－－－－－－,10.0,70.0,0.0,20.0,0.0,-130.0,-2440.0,2630.0,yonden
2016,9,2016-09-17,07:00,2650.0,880.0,3630.0,590.0,－－－－－－－－－－,10.0,250.0,0.0,20.0,0.0,-300.0,-2430.0,2650.0,yonden
2016,9,2016-09-17,08:00,3010.0,880.0,3770.0,610.0,－－－－－－－－－－,10.0,480.0,0.0,20.0,0.0,-300.0,-2460.0,3010.0,yonden
2016,9,2016-09-17,09:00,3320.0,880.0,3860.0,660.0,－－－－－－－－－－,10.0,650.0,0.0,30.0,0.0,-300.0,-2470.0,3320.0,yonden
2016,9,2016-09-17,10:00,3520.0,880.0,3790.0,640.0,－－－－－－－－－－,10.0,790.0,0.0,40.0,0.0,-130.0,-2500.0,3520.0,yonden
2016,9,2016-09-17,11:00,3680.0,880.0,3740.0,640.0,－－－－－－－－－－,10.0,840.0,0.0,60.0,0.0,0.0,-2490.0,3680.0,yonden
2016,9,2016-09-17,12:00,3510.0,880.0,3640.0,620.0,－－－－－－－－－－,10.0,810.0,0.0,70.0,0.0,0.0,-2520.0,3510.0,yonden
2016,9,2016-09-17,13:00,3740.0,880.0,3690.0,630.0,－－－－－－－－－－,10.0,910.0,0.0,80.0,0.0,0.0,-2460.0,3740.0,yonden
2016,9,2016-09-17,14:00,3820.0,880.0,3900.0,640.0,－－－－－－－－－－,10.0,790.0,0.0,80.0,0.0,0.0,-2480.0,3820.0,yonden
2016,9,2016-09-17,15:00,3710.0,880.0,3960.0,660.0,－－－－－－－－－－,10.0,580.0,0.0,80.0,0.0,0.0,-2460.0,3710.0,yonden
2016,9,2016-09-17,16:00,3680.0,880.0,4070.0,670.0,－－－－－－－－－－,10.0,310.0,0.0,90.0,0.0,130.0,-2480.0,3680.0,yonden
2016,9,2016-09-17,17:00,3540.0,880.0,4020.0,680.0,－－－－－－－－－－,10.0,80.0,0.0,90.0,0.0,280.0,-2500.0,3540.0,yonden
2016,9,2016-09-17,18:00,3580.0,880.0,4100.0,720.0,－－－－－－－－－－,10.0,0.0,0.0,90.0,0.0,270.0,-2490.0,3580.0,yonden
2016,9,2016-09-17,19:00,3450.0,880.0,4160.0,680.0,－－－－－－－－－－,10.0,0.0,0.0,100.0,0.0,120.0,-2500.0,3450.0,yonden
2016,9,2016-09-17,20:00,3280.0,880.0,4050.0,650.0,－－－－－－－－－－,10.0,0.0,0.0,90.0,0.0,0.0,-2400.0,3280.0,yonden
2016,9,2016-09-17,21:00,3060.0,880.0,3910.0,650.0,－－－－－－－－－－,10.0,0.0,0.0,90.0,0.0,0.0,-2480.0,3060.0,yonden
2016,9,2016-09-17,22:00,2840.0,880.0,3770.0,610.0,－－－－－－－－－－,10.0,0.0,0.0,90.0,0.0,0.0,-2520.0,2840.0,yonden
2016,9,2016-09-17,23:00,2700.0,880.0,3610.0,600.0,－－－－－－－－－－,10.0,0.0,0.0,90.0,0.0,0.0,-2490.0,2700.0,yonden
2016,9,2016-09-18,00:00,2530.0,870.0,3540.0,610.0,－－－－－－－－－－,0.0,0.0,0.0,80.0,0.0,-200.0,-2370.0,2530.0,yonden
2016,9,2016-09-18,01:00,2450.0,880.0,3570.0,610.0,－－－－－－－－－－,10.0,0.0,0.0,60.0,0.0,-300.0,-2380.0,2450.0,yonden
2016,9,2016-09-18,02:00,2520.0,870.0,3690.0,600.0,－－－－－－－－－－,0.0,0.0,0.0,30.0,0.0,-300.0,-2370.0,2520.0,yonden
2016,9,2016-09-18,03:00,2660.0,870.0,3730.0,610.0,－－－－－－－－－－,0.0,0.0,0.0,10.0,0.0,-230.0,-2330.0,2660.0,yonden
2016,9,2016-09-18,04:00,2770.0,880.0,3600.0,630.0,－－－－－－－－－－,0.0,0.0,0.0,10.0,0.0,0.0,-2350.0,2770.0,yonden
2016,9,2016-09-18,05:00,2730.0,870.0,3570.0,630.0,－－－－－－－－－－,0.0,0.0,0.0,20.0,0.0,0.0,-2360.0,2730.0,yonden
2016,9,2016-09-18,06:00,2550.0,880.0,3480.0,630.0,－－－－－－－－－－,0.0,20.0,0.0,30.0,0.0,-70.0,-2420.0,2550.0,yonden
2016,9,2016-09-18,07:00,2510.0,880.0,3520.0,670.0,－－－－－－－－－－,0.0,100.0,0.0,40.0,0.0,-300.0,-2400.0,2510.0,yonden
2016,9,2016-09-18,08:00,2750.0,880.0,3600.0,660.0,－－－－－－－－－－,0.0,200.0,0.0,30.0,0.0,-300.0,-2320.0,2750.0,yonden
2016,9,2016-09-18,09:00,2910.0,880.0,3680.0,690.0,－－－－－－－－－－,0.0,310.0,0.0,40.0,0.0,-300.0,-2390.0,2910.0,yonden
2016,9,2016-09-18,10:00,3040.0,880.0,3680.0,700.0,－－－－－－－－－－,0.0,410.0,0.0,40.0,0.0,-300.0,-2370.0,3040.0,yonden
2016,9,2016-09-18,11:00,3040.0,880.0,3680.0,710.0,－－－－－－－－－－,0.0,390.0,0.0,40.0,0.0,-300.0,-2360.0,3040.0,yonden
2016,9,2016-09-18,12:00,3000.0,880.0,3500.0,700.0,－－－－－－－－－－,0.0,360.0,0.0,30.0,0.0,0.0,-2470.0,3000.0,yonden
2016,9,2016-09-18,13:00,2980.0,880.0,3550.0,700.0,－－－－－－－－－－,0.0,290.0,0.0,20.0,0.0,0.0,-2460.0,2980.0,yonden
2016,9,2016-09-18,14:00,3020.0,880.0,3660.0,690.0,－－－－－－－－－－,0.0,230.0,0.0,10.0,0.0,0.0,-2450.0,3020.0,yonden
2016,9,2016-09-18,15:00,3090.0,880.0,3820.0,700.0,－－－－－－－－－－,0.0,140.0,0.0,10.0,0.0,0.0,-2460.0,3090.0,yonden
2016,9,2016-09-18,16:00,3120.0,880.0,3870.0,720.0,－－－－－－－－－－,0.0,70.0,0.0,10.0,0.0,0.0,-2430.0,3120.0,yonden
2016,9,2016-09-18,17:00,3200.0,880.0,3820.0,730.0,－－－－－－－－－－,0.0,20.0,0.0,0.0,0.0,190.0,-2440.0,3200.0,yonden
2016,9,2016-09-18,18:00,3270.0,880.0,3810.0,750.0,－－－－－－－－－－,0.0,0.0,0.0,0.0,0.0,270.0,-2440.0,3270.0,yonden
2016,9,2016-09-18,19:00,3180.0,880.0,3810.0,710.0,－－－－－－－－－－,10.0,0.0,0.0,0.0,0.0,240.0,-2470.0,3180.0,yonden
2016,9,2016-09-18,20:00,3030.0,880.0,3830.0,700.0,－－－－－－－－－－,10.0,0.0,0.0,0.0,0.0,30.0,-2420.0,3030.0,yonden
2016,9,2016-09-18,21:00,2840.0,880.0,3630.0,710.0,－－－－－－－－－－,10.0,0.0,0.0,0.0,0.0,0.0,-2390.0,2840.0,yonden
2016,9,2016-09-18,22:00,2650.0,880.0,3470.0,670.0,－－－－－－－－－－,10.0,0.0,0.0,0.0,0.0,0.0,-2380.0,2650.0,yonden
2016,9,2016-09-18,23:00,2540.0,880.0,3360.0,670.0,－－－－－－－－－－,10.0,0.0,0.0,0.0,0.0,0.0,-2380.0,2540.0,yonden
2016,9,2016-09-19,00:00,2390.0,880.0,3230.0,680.0,－－－－－－－－－－,0.0,0.0,0.0,0.0,0.0,0.0,-2400.0,2390.0,yonden
2016,9,2016-09-19,01:00,2330.0,880.0,3180.0,660.0,－－－－－－－－－－,10.0,0.0,0.0,0.0,0.0,0.0,-2400.0,2330.0,yonden
2016,9,2016-09-19,02:00,2400.0,880.0,3240.0,670.0,－－－－－－－－－－,10.0,0.0,0.0,0.0,0.0,0.0,-2400.0,2400.0,yonden
2016,9,2016-09-19,03:00,2550.0,880.0,3340.0,680.0,－－－－－－－－－－,10.0,0.0,0.0,0.0,0.0,0.0,-2360.0,2550.0,yonden
2016,9,2016-09-19,04:00,2700.0,880.0,3490.0,680.0,－－－－－－－－－－,10.0,0.0,0.0,0.0,0.0,0.0,-2360.0,2700.0,yonden
2016,9,2016-09-19,05:00,2700.0,880.0,3510.0,670.0,－－－－－－－－－－,10.0,0.0,0.0,0.0,0.0,0.0,-2370.0,2700.0,yonden
2016,9,2016-09-19,06:00,2580.0,880.0,3470.0,670.0,－－－－－－－－－－,10.0,30.0,0.0,10.0,0.0,-130.0,-2360.0,2580.0,yonden
2016,9,2016-09-19,07:00,2610.0,880.0,3630.0,660.0,－－－－－－－－－－,10.0,110.0,0.0,10.0,0.0,-310.0,-2380.0,2610.0,yonden
2016,9,2016-09-19,08:00,2990.0,880.0,3770.0,670.0,－－－－－－－－－－,10.0,230.0,0.0,10.0,0.0,-180.0,-2400.0,2990.0,yonden
2016,9,2016-09-19,09:00,3210.0,880.0,3840.0,700.0,－－－－－－－－－－,10.0,250.0,0.0,0.0,0.0,0.0,-2470.0,3210.0,yonden
2016,9,2016-09-19,10:00,3250.0,880.0,3850.0,710.0,－－－－－－－－－－,10.0,290.0,0.0,0.0,0.0,0.0,-2490.0,3250.0,yonden
2016,9,2016-09-19,11:00,3330.0,880.0,3930.0,710.0,－－－－－－－－－－,10.0,280.0,0.0,0.0,0.0,0.0,-2480.0,3330.0,yonden
2016,9,2016-09-19,12:00,3270.0,880.0,3920.0,700.0,－－－－－－－－－－,10.0,270.0,0.0,0.0,0.0,0.0,-2510.0,3270.0,yonden
2016,9,2016-09-19,13:00,3350.0,880.0,4030.0,690.0,－－－－－－－－－－,0.0,220.0,0.0,0.0,0.0,0.0,-2470.0,3350.0,yonden
2016,9,2016-09-19,14:00,3300.0,880.0,4040.0,690.0,－－－－－－－－－－,10.0,140.0,0.0,10.0,0.0,0.0,-2470.0,3300.0,yonden
2016,9,2016-09-19,15:00,3250.0,880.0,4050.0,700.0,－－－－－－－－－－,0.0,70.0,0.0,20.0,0.0,0.0,-2470.0,3250.0,yonden
2016,9,2016-09-19,16:00,3270.0,880.0,4100.0,690.0,－－－－－－－－－－,0.0,30.0,0.0,40.0,0.0,0.0,-2470.0,3270.0,yonden
2016,9,2016-09-19,17:00,3280.0,880.0,4090.0,720.0,－－－－－－－－－－,10.0,10.0,0.0,50.0,0.0,0.0,-2480.0,3280.0,yonden
2016,9,2016-09-19,18:00,3290.0,880.0,4080.0,720.0,－－－－－－－－－－,10.0,0.0,0.0,60.0,0.0,0.0,-2460.0,3290.0,yonden
2016,9,2016-09-19,19:00,3170.0,880.0,3980.0,730.0,－－－－－－－－－－,10.0,0.0,0.0,70.0,0.0,0.0,-2500.0,3170.0,yonden
2016,9,2016-09-19,20:00,3010.0,880.0,3830.0,710.0,－－－－－－－－－－,10.0,0.0,0.0,80.0,0.0,0.0,-2500.0,3010.0,yonden
2016,9,2016-09-19,21:00,2830.0,880.0,3610.0,710.0,－－－－－－－－－－,10.0,0.0,0.0,70.0,0.0,0.0,-2450.0,2830.0,yonden
2016,9,2016-09-19,22:00,2660.0,880.0,3410.0,700.0,－－－－－－－－－－,10.0,0.0,0.0,70.0,0.0,0.0,-2410.0,2660.0,yonden
2016,9,2016-09-19,23:00,2550.0,880.0,3310.0,690.0,－－－－－－－－－－,10.0,0.0,0.0,70.0,0.0,0.0,-2410.0,2550.0,yonden
2016,9,2016-09-20,00:00,2400.0,870.0,3230.0,690.0,－－－－－－－－－－,10.0,0.0,0.0,60.0,0.0,0.0,-2460.0,2400.0,yonden
2016,9,2016-09-20,01:00,2350.0,880.0,3180.0,670.0,－－－－－－－－－－,10.0,0.0,0.0,70.0,0.0,0.0,-2460.0,2350.0,yonden
2016,9,2016-09-20,02:00,2430.0,870.0,3290.0,680.0,－－－－－－－－－－,10.0,0.0,0.0,50.0,0.0,0.0,-2470.0,2430.0,yonden
2016,9,2016-09-20,03:00,2620.0,870.0,3460.0,690.0,－－－－－－－－－－,10.0,0.0,0.0,40.0,0.0,0.0,-2450.0,2620.0,yonden
2016,9,2016-09-20,04:00,2790.0,880.0,3600.0,690.0,－－－－－－－－－－,10.0,0.0,0.0,40.0,0.0,0.0,-2430.0,2790.0,yonden
2016,9,2016-09-20,05:00,2840.0,870.0,3700.0,670.0,－－－－－－－－－－,10.0,0.0,0.0,30.0,0.0,0.0,-2440.0,2840.0,yonden
2016,9,2016-09-20,06:00,2750.0,880.0,3610.0,670.0,－－－－－－－－－－,10.0,10.0,0.0,40.0,0.0,0.0,-2470.0,2750.0,yonden
2016,9,2016-09-20,07:00,2860.0,880.0,3710.0,660.0,－－－－－－－－－－,0.0,20.0,0.0,30.0,0.0,0.0,-2440.0,2860.0,yonden
2016,9,2016-09-20,08:00,3310.0,880.0,4040.0,640.0,－－－－－－－－－－,0.0,40.0,0.0,30.0,0.0,0.0,-2320.0,3310.0,yonden
2016,9,2016-09-20,09:00,3570.0,880.0,4190.0,660.0,－－－－－－－－－－,0.0,50.0,0.0,30.0,0.0,0.0,-2240.0,3570.0,yonden
2016,9,2016-09-20,10:00,3640.0,880.0,4200.0,680.0,－－－－－－－－－－,0.0,50.0,0.0,50.0,0.0,0.0,-2220.0,3640.0,yonden
2016,9,2016-09-20,11:00,3600.0,880.0,3910.0,680.0,－－－－－－－－－－,0.0,60.0,0.0,80.0,0.0,0.0,-2010.0,3600.0,yonden
2016,9,2016-09-20,12:00,3340.0,880.0,3720.0,630.0,－－－－－－－－－－,0.0,110.0,0.0,110.0,0.0,0.0,-2110.0,3340.0,yonden
2016,9,2016-09-20,13:00,3450.0,880.0,3590.0,580.0,－－－－－－－－－－,0.0,230.0,0.0,110.0,0.0,0.0,-1940.0,3450.0,yonden
2016,9,2016-09-20,14:00,3410.0,880.0,3440.0,590.0,－－－－－－－－－－,0.0,270.0,0.0,110.0,0.0,0.0,-1880.0,3410.0,yonden
2016,9,2016-09-20,15:00,3370.0,880.0,3390.0,590.0,－－－－－－－－－－,0.0,280.0,0.0,100.0,0.0,0.0,-1870.0,3370.0,yonden
2016,9,2016-09-20,16:00,3400.0,880.0,3510.0,610.0,－－－－－－－－－－,0.0,180.0,0.0,100.0,0.0,0.0,-1880.0,3400.0,yonden
2016,9,2016-09-20,17:00,3320.0,880.0,3610.0,610.0,－－－－－－－－－－,0.0,50.0,0.0,110.0,0.0,0.0,-1940.0,3320.0,yonden
2016,9,2016-09-20,18:00,3320.0,880.0,3610.0,620.0,－－－－－－－－－－,0.0,0.0,0.0,110.0,0.0,0.0,-1900.0,3320.0,yonden
2016,9,2016-09-20,19:00,3190.0,880.0,3560.0,630.0,－－－－－－－－－－,0.0,0.0,0.0,110.0,0.0,0.0,-1990.0,3190.0,yonden
2016,9,2016-09-20,20:00,3010.0,880.0,3520.0,640.0,－－－－－－－－－－,0.0,0.0,0.0,100.0,0.0,0.0,-2130.0,3010.0,yonden
2016,9,2016-09-20,21:00,2830.0,880.0,3560.0,640.0,－－－－－－－－－－,0.0,0.0,0.0,90.0,0.0,0.0,-2340.0,2830.0,yonden
2016,9,2016-09-20,22:00,2610.0,880.0,3400.0,640.0,－－－－－－－－－－,0.0,0.0,0.0,80.0,0.0,0.0,-2390.0,2610.0,yonden
2016,9,2016-09-20,23:00,2510.0,880.0,3550.0,650.0,－－－－－－－－－－,0.0,0.0,0.0,80.0,0.0,-240.0,-2410.0,2510.0,yonden
2016,9,2016-09-21,00:00,2380.0,880.0,3500.0,670.0,－－－－－－－－－－,0.0,0.0,0.0,70.0,0.0,-310.0,-2430.0,2380.0,yonden
2016,9,2016-09-21,01:00,2340.0,880.0,3490.0,630.0,－－－－－－－－－－,0.0,0.0,0.0,70.0,0.0,-300.0,-2430.0,2340.0,yonden
2016,9,2016-09-21,02:00,2450.0,880.0,3500.0,640.0,－－－－－－－－－－,0.0,0.0,0.0,70.0,0.0,-200.0,-2440.0,2450.0,yonden
2016,9,2016-09-21,03:00,2670.0,880.0,3480.0,650.0,－－－－－－－－－－,0.0,0.0,0.0,60.0,0.0,0.0,-2400.0,2670.0,yonden
2016,9,2016-09-21,04:00,2820.0,880.0,3610.0,650.0,－－－－－－－－－－,0.0,0.0,0.0,60.0,0.0,0.0,-2380.0,2820.0,yonden
2016,9,2016-09-21,05:00,2820.0,880.0,3640.0,650.0,－－－－－－－－－－,0.0,0.0,0.0,50.0,0.0,0.0,-2400.0,2820.0,yonden
2016,9,2016-09-21,06:00,2710.0,880.0,3550.0,640.0,－－－－－－－－－－,0.0,20.0,0.0,50.0,0.0,0.0,-2430.0,2710.0,yonden
2016,9,2016-09-21,07:00,2740.0,880.0,3530.0,640.0,－－－－－－－－－－,0.0,70.0,0.0,50.0,0.0,0.0,-2430.0,2740.0,yonden
2016,9,2016-09-21,08:00,3100.0,880.0,3690.0,650.0,－－－－－－－－－－,0.0,170.0,0.0,40.0,0.0,0.0,-2330.0,3100.0,yonden
2016,9,2016-09-21,09:00,3370.0,880.0,3780.0,700.0,－－－－－－－－－－,0.0,340.0,0.0,30.0,0.0,0.0,-2360.0,3370.0,yonden
2016,9,2016-09-21,10:00,3460.0,880.0,3790.0,710.0,－－－－－－－－－－,0.0,450.0,0.0,30.0,0.0,0.0,-2400.0,3460.0,yonden
2016,9,2016-09-21,11:00,3510.0,880.0,3820.0,710.0,－－－－－－－－－－,0.0,480.0,0.0,20.0,0.0,0.0,-2400.0,3510.0,yonden
2016,9,2016-09-21,12:00,3350.0,880.0,3540.0,690.0,－－－－－－－－－－,10.0,540.0,0.0,20.0,0.0,0.0,-2330.0,3350.0,yonden
2016,9,2016-09-21,13:00,3570.0,880.0,3440.0,710.0,－－－－－－－－－－,10.0,570.0,0.0,20.0,0.0,0.0,-2060.0,3570.0,yonden
2016,9,2016-09-21,14:00,3570.0,880.0,3310.0,720.0,－－－－－－－－－－,10.0,540.0,0.0,20.0,0.0,0.0,-1910.0,3570.0,yonden
2016,9,2016-09-21,15:00,3510.0,880.0,3420.0,720.0,－－－－－－－－－－,10.0,390.0,0.0,20.0,0.0,0.0,-1930.0,3510.0,yonden
2016,9,2016-09-21,16:00,3570.0,880.0,3680.0,720.0,－－－－－－－－－－,0.0,220.0,0.0,20.0,0.0,0.0,-1950.0,3570.0,yonden
2016,9,2016-09-21,17:00,3440.0,880.0,3730.0,730.0,－－－－－－－－－－,10.0,60.0,0.0,10.0,0.0,0.0,-1980.0,3440.0,yonden
2016,9,2016-09-21,18:00,3470.0,880.0,3750.0,730.0,－－－－－－－－－－,10.0,0.0,0.0,10.0,0.0,0.0,-1910.0,3470.0,yonden
2016,9,2016-09-21,19:00,3320.0,880.0,3740.0,720.0,－－－－－－－－－－,10.0,0.0,0.0,10.0,0.0,0.0,-2040.0,3320.0,yonden
2016,9,2016-09-21,20:00,3130.0,880.0,3560.0,740.0,－－－－－－－－－－,10.0,0.0,0.0,0.0,0.0,0.0,-2060.0,3130.0,yonden
2016,9,2016-09-21,21:00,2930.0,880.0,3550.0,730.0,－－－－－－－－－－,10.0,0.0,0.0,0.0,0.0,0.0,-2240.0,2930.0,yonden
2016,9,2016-09-21,22:00,2770.0,880.0,3560.0,740.0,－－－－－－－－－－,10.0,0.0,0.0,0.0,0.0,0.0,-2420.0,2770.0,yonden
2016,9,2016-09-21,23:00,2670.0,880.0,3470.0,740.0,－－－－－－－－－－,10.0,0.0,0.0,0.0,0.0,0.0,-2430.0,2670.0,yonden
2016,9,2016-09-22,00:00,2510.0,870.0,3330.0,710.0,－－－－－－－－－－,10.0,0.0,0.0,10.0,0.0,0.0,-2420.0,2510.0,yonden
2016,9,2016-09-22,01:00,2460.0,880.0,3300.0,680.0,－－－－－－－－－－,10.0,0.0,0.0,10.0,0.0,0.0,-2420.0,2460.0,yonden
2016,9,2016-09-22,02:00,2550.0,870.0,3390.0,690.0,－－－－－－－－－－,10.0,0.0,0.0,10.0,0.0,0.0,-2420.0,2550.0,yonden
2016,9,2016-09-22,03:00,2750.0,870.0,3520.0,710.0,－－－－－－－－－－,10.0,0.0,0.0,10.0,0.0,0.0,-2370.0,2750.0,yonden
2016,9,2016-09-22,04:00,2880.0,880.0,3650.0,720.0,－－－－－－－－－－,10.0,0.0,0.0,20.0,0.0,0.0,-2400.0,2880.0,yonden
2016,9,2016-09-22,05:00,2810.0,870.0,3550.0,720.0,－－－－－－－－－－,10.0,0.0,0.0,40.0,0.0,0.0,-2380.0,2810.0,yonden
2016,9,2016-09-22,06:00,2650.0,880.0,3420.0,700.0,－－－－－－－－－－,10.0,20.0,0.0,40.0,0.0,0.0,-2420.0,2650.0,yonden
2016,9,2016-09-22,07:00,2680.0,880.0,3420.0,690.0,－－－－－－－－－－,10.0,40.0,0.0,40.0,0.0,0.0,-2400.0,2680.0,yonden
2016,9,2016-09-22,08:00,3030.0,880.0,3730.0,730.0,－－－－－－－－－－,0.0,80.0,0.0,40.0,0.0,0.0,-2430.0,3030.0,yonden
2016,9,2016-09-22,09:00,3250.0,880.0,3860.0,770.0,－－－－－－－－－－,10.0,150.0,0.0,40.0,0.0,0.0,-2460.0,3250.0,yonden
2016,9,2016-09-22,10:00,3240.0,880.0,3830.0,750.0,－－－－－－－－－－,10.0,200.0,0.0,40.0,0.0,0.0,-2470.0,3240.0,yonden
2016,9,2016-09-22,11:00,3270.0,880.0,3840.0,730.0,－－－－－－－－－－,10.0,280.0,0.0,30.0,0.0,0.0,-2500.0,3270.0,yonden
2016,9,2016-09-22,12:00,3170.0,880.0,3800.0,670.0,－－－－－－－－－－,10.0,250.0,0.0,30.0,0.0,0.0,-2470.0,3170.0,yonden
2016,9,2016-09-22,13:00,3210.0,880.0,3820.0,710.0,－－－－－－－－－－,10.0,210.0,0.0,40.0,0.0,0.0,-2460.0,3210.0,yonden
2016,9,2016-09-22,14:00,3230.0,880.0,3810.0,740.0,－－－－－－－－－－,10.0,200.0,0.0,50.0,0.0,0.0,-2460.0,3230.0,yonden
2016,9,2016-09-22,15:00,3240.0,880.0,3860.0,760.0,－－－－－－－－－－,10.0,140.0,0.0,50.0,0.0,0.0,-2460.0,3240.0,yonden
2016,9,2016-09-22,16:00,3260.0,880.0,3850.0,720.0,－－－－－－－－－－,0.0,70.0,0.0,50.0,0.0,170.0,-2480.0,3260.0,yonden
2016,9,2016-09-22,17:00,3280.0,880.0,3790.0,730.0,－－－－－－－－－－,10.0,20.0,0.0,50.0,0.0,290.0,-2490.0,3280.0,yonden
2016,9,2016-09-22,18:00,3330.0,880.0,3860.0,740.0,－－－－－－－－－－,10.0,0.0,0.0,40.0,0.0,290.0,-2490.0,3330.0,yonden
2016,9,2016-09-22,19:00,3200.0,880.0,3900.0,730.0,－－－－－－－－－－,10.0,0.0,0.0,40.0,0.0,80.0,-2440.0,3200.0,yonden
2016,9,2016-09-22,20:00,3050.0,880.0,3860.0,720.0,－－－－－－－－－－,0.0,0.0,0.0,40.0,0.0,0.0,-2450.0,3050.0,yonden
2016,9,2016-09-22,21:00,2860.0,880.0,3670.0,720.0,－－－－－－－－－－,10.0,0.0,0.0,40.0,0.0,0.0,-2460.0,2860.0,yonden
2016,9,2016-09-22,22:00,2660.0,880.0,3490.0,730.0,－－－－－－－－－－,0.0,0.0,0.0,30.0,0.0,0.0,-2470.0,2660.0,yonden
2016,9,2016-09-22,23:00,2560.0,880.0,3550.0,730.0,－－－－－－－－－－,10.0,0.0,0.0,20.0,0.0,-180.0,-2450.0,2560.0,yonden
2016,9,2016-09-23,00:00,2440.0,880.0,3560.0,730.0,－－－－－－－－－－,0.0,0.0,0.0,20.0,0.0,-310.0,-2440.0,2440.0,yonden
2016,9,2016-09-23,01:00,2410.0,880.0,3580.0,690.0,－－－－－－－－－－,0.0,0.0,0.0,20.0,0.0,-300.0,-2460.0,2410.0,yonden
2016,9,2016-09-23,02:00,2530.0,880.0,3680.0,710.0,－－－－－－－－－－,0.0,0.0,0.0,20.0,0.0,-300.0,-2460.0,2530.0,yonden
2016,9,2016-09-23,03:00,2730.0,880.0,3710.0,720.0,－－－－－－－－－－,0.0,0.0,0.0,20.0,0.0,-180.0,-2420.0,2730.0,yonden
2016,9,2016-09-23,04:00,2880.0,880.0,3690.0,720.0,－－－－－－－－－－,10.0,0.0,0.0,20.0,0.0,0.0,-2440.0,2880.0,yonden
2016,9,2016-09-23,05:00,2870.0,880.0,3690.0,730.0,－－－－－－－－－－,0.0,0.0,0.0,20.0,0.0,0.0,-2450.0,2870.0,yonden
2016,9,2016-09-23,06:00,2770.0,880.0,3610.0,710.0,－－－－－－－－－－,0.0,20.0,0.0,20.0,0.0,0.0,-2470.0,2770.0,yonden
2016,9,2016-09-23,07:00,2830.0,880.0,3610.0,710.0,－－－－－－－－－－,0.0,80.0,0.0,20.0,0.0,0.0,-2470.0,2830.0,yonden
2016,9,2016-09-23,08:00,3250.0,880.0,3890.0,730.0,－－－－－－－－－－,0.0,150.0,0.0,20.0,0.0,0.0,-2420.0,3250.0,yonden
2016,9,2016-09-23,09:00,3510.0,880.0,3880.0,750.0,－－－－－－－－－－,10.0,270.0,0.0,20.0,0.0,160.0,-2460.0,3510.0,yonden
2016,9,2016-09-23,10:00,3630.0,880.0,3850.0,740.0,－－－－－－－－－－,10.0,390.0,0.0,20.0,0.0,220.0,-2480.0,3630.0,yonden
2016,9,2016-09-23,11:00,3730.0,880.0,3870.0,740.0,－－－－－－－－－－,10.0,460.0,0.0,20.0,0.0,200.0,-2450.0,3730.0,yonden
2016,9,2016-09-23,12:00,3500.0,880.0,3870.0,670.0,－－－－－－－－－－,10.0,500.0,0.0,20.0,0.0,10.0,-2460.0,3500.0,yonden
2016,9,2016-09-23,13:00,3720.0,880.0,3860.0,730.0,－－－－－－－－－－,10.0,470.0,0.0,30.0,0.0,220.0,-2480.0,3720.0,yonden
2016,9,2016-09-23,14:00,3740.0,880.0,3880.0,740.0,－－－－－－－－－－,10.0,420.0,0.0,20.0,0.0,260.0,-2470.0,3740.0,yonden
2016,9,2016-09-23,15:00,3700.0,880.0,3870.0,730.0,－－－－－－－－－－,10.0,350.0,0.0,30.0,0.0,220.0,-2390.0,3700.0,yonden
2016,9,2016-09-23,16:00,3640.0,880.0,3860.0,720.0,－－－－－－－－－－,0.0,230.0,0.0,30.0,0.0,230.0,-2310.0,3640.0,yonden
2016,9,2016-09-23,17:00,3500.0,880.0,3830.0,720.0,－－－－－－－－－－,10.0,70.0,0.0,30.0,0.0,210.0,-2250.0,3500.0,yonden
2016,9,2016-09-23,18:00,3500.0,880.0,3850.0,720.0,－－－－－－－－－－,10.0,0.0,0.0,20.0,0.0,220.0,-2200.0,3500.0,yonden
2016,9,2016-09-23,19:00,3350.0,880.0,3850.0,730.0,－－－－－－－－－－,10.0,0.0,0.0,10.0,0.0,190.0,-2320.0,3350.0,yonden
2016,9,2016-09-23,20:00,3150.0,880.0,3850.0,720.0,－－－－－－－－－－,10.0,0.0,0.0,10.0,0.0,60.0,-2380.0,3150.0,yonden
2016,9,2016-09-23,21:00,2940.0,880.0,3670.0,740.0,－－－－－－－－－－,10.0,0.0,0.0,10.0,0.0,0.0,-2370.0,2940.0,yonden
2016,9,2016-09-23,22:00,2750.0,880.0,3520.0,760.0,－－－－－－－－－－,10.0,0.0,0.0,10.0,0.0,0.0,-2430.0,2750.0,yonden
2016,9,2016-09-23,23:00,2640.0,880.0,3420.0,740.0,－－－－－－－－－－,10.0,0.0,0.0,0.0,0.0,0.0,-2410.0,2640.0,yonden
2016,9,2016-09-24,00:00,2480.0,870.0,3300.0,710.0,－－－－－－－－－－,10.0,0.0,0.0,0.0,0.0,0.0,-2410.0,2480.0,yonden
2016,9,2016-09-24,01:00,2420.0,880.0,3260.0,700.0,－－－－－－－－－－,0.0,0.0,0.0,0.0,0.0,0.0,-2420.0,2420.0,yonden
2016,9,2016-09-24,02:00,2540.0,880.0,3330.0,700.0,－－－－－－－－－－,10.0,0.0,0.0,0.0,0.0,0.0,-2380.0,2540.0,yonden
2016,9,2016-09-24,03:00,2750.0,880.0,3490.0,750.0,－－－－－－－－－－,10.0,0.0,0.0,0.0,0.0,0.0,-2380.0,2750.0,yonden
2016,9,2016-09-24,04:00,2860.0,880.0,3670.0,710.0,－－－－－－－－－－,10.0,0.0,0.0,0.0,0.0,0.0,-2410.0,2860.0,yonden
2016,9,2016-09-24,05:00,2810.0,880.0,3640.0,710.0,－－－－－－－－－－,10.0,0.0,0.0,10.0,0.0,0.0,-2440.0,2810.0,yonden
2016,9,2016-09-24,06:00,2610.0,880.0,3390.0,710.0,－－－－－－－－－－,0.0,30.0,0.0,10.0,0.0,0.0,-2410.0,2610.0,yonden
2016,9,2016-09-24,07:00,2550.0,880.0,3470.0,710.0,－－－－－－－－－－,10.0,160.0,0.0,10.0,0.0,-310.0,-2380.0,2550.0,yonden
2016,9,2016-09-24,08:00,2860.0,880.0,3490.0,730.0,－－－－－－－－－－,0.0,370.0,0.0,20.0,0.0,-240.0,-2390.0,2860.0,yonden
2016,9,2016-09-24,09:00,3180.0,880.0,3520.0,750.0,－－－－－－－－－－,0.0,470.0,0.0,10.0,0.0,0.0,-2450.0,3180.0,yonden
2016,9,2016-09-24,10:00,3210.0,880.0,3460.0,760.0,－－－－－－－－－－,0.0,570.0,0.0,10.0,0.0,0.0,-2470.0,3210.0,yonden
2016,9,2016-09-24,11:00,3160.0,880.0,3330.0,750.0,－－－－－－－－－－,10.0,710.0,0.0,10.0,0.0,0.0,-2530.0,3160.0,yonden
2016,9,2016-09-24,12:00,3140.0,880.0,3120.0,710.0,－－－－－－－－－－,0.0,910.0,0.0,10.0,0.0,0.0,-2490.0,3140.0,yonden
2016,9,2016-09-24,13:00,3340.0,880.0,3240.0,720.0,－－－－－－－－－－,10.0,930.0,0.0,10.0,0.0,0.0,-2450.0,3340.0,yonden
2016,9,2016-09-24,14:00,3350.0,880.0,3450.0,710.0,－－－－－－－－－－,0.0,770.0,0.0,10.0,0.0,0.0,-2470.0,3350.0,yonden
2016,9,2016-09-24,15:00,3340.0,880.0,3630.0,690.0,－－－－－－－－－－,0.0,560.0,0.0,10.0,0.0,0.0,-2430.0,3340.0,yonden
2016,9,2016-09-24,16:00,3320.0,880.0,3880.0,720.0,－－－－－－－－－－,0.0,260.0,0.0,10.0,0.0,10.0,-2440.0,3320.0,yonden
2016,9,2016-09-24,17:00,3240.0,880.0,3850.0,720.0,－－－－－－－－－－,10.0,50.0,0.0,10.0,0.0,200.0,-2480.0,3240.0,yonden
2016,9,2016-09-24,18:00,3310.0,880.0,3880.0,730.0,－－－－－－－－－－,10.0,0.0,0.0,10.0,0.0,300.0,-2500.0,3310.0,yonden
2016,9,2016-09-24,19:00,3200.0,880.0,3820.0,740.0,－－－－－－－－－－,0.0,0.0,0.0,20.0,0.0,220.0,-2480.0,3200.0,yonden
2016,9,2016-09-24,20:00,3040.0,880.0,3790.0,710.0,－－－－－－－－－－,0.0,0.0,0.0,20.0,0.0,30.0,-2390.0,3040.0,yonden
2016,9,2016-09-24,21:00,2840.0,880.0,3640.0,700.0,－－－－－－－－－－,10.0,0.0,0.0,20.0,0.0,0.0,-2410.0,2840.0,yonden
2016,9,2016-09-24,22:00,2660.0,880.0,3490.0,710.0,－－－－－－－－－－,10.0,0.0,0.0,20.0,0.0,0.0,-2450.0,2660.0,yonden
2016,9,2016-09-24,23:00,2540.0,880.0,3390.0,700.0,－－－－－－－－－－,10.0,0.0,0.0,20.0,0.0,0.0,-2460.0,2540.0,yonden
2016,9,2016-09-25,00:00,2390.0,880.0,3180.0,700.0,－－－－－－－－－－,10.0,0.0,0.0,10.0,0.0,0.0,-2390.0,2390.0,yonden
2016,9,2016-09-25,01:00,2340.0,880.0,3160.0,670.0,－－－－－－－－－－,10.0,0.0,0.0,20.0,0.0,0.0,-2400.0,2340.0,yonden
2016,9,2016-09-25,02:00,2460.0,880.0,3220.0,700.0,－－－－－－－－－－,10.0,0.0,0.0,10.0,0.0,0.0,-2360.0,2460.0,yonden
2016,9,2016-09-25,03:00,2650.0,880.0,3390.0,710.0,－－－－－－－－－－,10.0,0.0,0.0,10.0,0.0,0.0,-2350.0,2650.0,yonden
2016,9,2016-09-25,04:00,2760.0,880.0,3490.0,720.0,－－－－－－－－－－,10.0,0.0,0.0,10.0,0.0,0.0,-2350.0,2760.0,yonden
2016,9,2016-09-25,05:00,2700.0,880.0,3480.0,730.0,－－－－－－－－－－,10.0,0.0,0.0,10.0,0.0,0.0,-2410.0,2700.0,yonden
2016,9,2016-09-25,06:00,2470.0,880.0,3440.0,710.0,－－－－－－－－－－,10.0,40.0,0.0,10.0,0.0,-210.0,-2410.0,2470.0,yonden
2016,9,2016-09-25,07:00,2350.0,880.0,3320.0,680.0,－－－－－－－－－－,10.0,160.0,0.0,10.0,0.0,-310.0,-2400.0,2350.0,yonden
2016,9,2016-09-25,08:00,2510.0,880.0,3360.0,700.0,－－－－－－－－－－,0.0,290.0,0.0,10.0,0.0,-310.0,-2420.0,2510.0,yonden
2016,9,2016-09-25,09:00,2630.0,880.0,3370.0,740.0,－－－－－－－－－－,0.0,410.0,0.0,10.0,0.0,-310.0,-2470.0,2630.0,yonden
2016,9,2016-09-25,10:00,2800.0,880.0,3370.0,730.0,－－－－－－－－－－,0.0,550.0,0.0,10.0,0.0,-310.0,-2430.0,2800.0,yonden
2016,9,2016-09-25,11:00,2890.0,880.0,3530.0,720.0,－－－－－－－－－－,0.0,520.0,0.0,10.0,0.0,-310.0,-2460.0,2890.0,yonden
2016,9,2016-09-25,12:00,2870.0,880.0,3510.0,690.0,－－－－－－－－－－,0.0,570.0,0.0,10.0,0.0,-310.0,-2480.0,2870.0,yonden
2016,9,2016-09-25,13:00,3040.0,880.0,3540.0,700.0,－－－－－－－－－－,0.0,630.0,0.0,10.0,0.0,-290.0,-2430.0,3040.0,yonden
2016,9,2016-09-25,14:00,2930.0,880.0,3390.0,690.0,－－－－－－－－－－,0.0,410.0,0.0,10.0,0.0,0.0,-2450.0,2930.0,yonden
2016,9,2016-09-25,15:00,2930.0,880.0,3420.0,720.0,－－－－－－－－－－,0.0,290.0,0.0,10.0,0.0,0.0,-2390.0,2930.0,yonden
2016,9,2016-09-25,16:00,2960.0,880.0,3550.0,720.0,－－－－－－－－－－,0.0,150.0,0.0,10.0,0.0,0.0,-2350.0,2960.0,yonden
2016,9,2016-09-25,17:00,3040.0,880.0,3830.0,720.0,－－－－－－－－－－,0.0,30.0,0.0,0.0,0.0,0.0,-2420.0,3040.0,yonden
2016,9,2016-09-25,18:00,3140.0,880.0,3870.0,730.0,－－－－－－－－－－,0.0,0.0,0.0,10.0,0.0,0.0,-2350.0,3140.0,yonden
2016,9,2016-09-25,19:00,3080.0,880.0,3850.0,720.0,－－－－－－－－－－,0.0,0.0,0.0,10.0,0.0,0.0,-2380.0,3080.0,yonden
2016,9,2016-09-25,20:00,2950.0,880.0,3720.0,720.0,－－－－－－－－－－,0.0,0.0,0.0,0.0,0.0,0.0,-2370.0,2950.0,yonden
2016,9,2016-09-25,21:00,2780.0,880.0,3610.0,690.0,－－－－－－－－－－,0.0,0.0,0.0,10.0,0.0,0.0,-2410.0,2780.0,yonden
2016,9,2016-09-25,22:00,2610.0,880.0,3470.0,720.0,－－－－－－－－－－,0.0,0.0,0.0,0.0,0.0,0.0,-2460.0,2610.0,yonden
2016,9,2016-09-25,23:00,2520.0,880.0,3410.0,740.0,－－－－－－－－－－,10.0,0.0,0.0,0.0,0.0,-50.0,-2470.0,2520.0,yonden
2016,9,2016-09-26,00:00,2380.0,870.0,3520.0,720.0,－－－－－－－－－－,0.0,0.0,0.0,10.0,0.0,-300.0,-2440.0,2380.0,yonden
2016,9,2016-09-26,01:00,2300.0,880.0,3470.0,690.0,－－－－－－－－－－,0.0,0.0,0.0,10.0,0.0,-300.0,-2450.0,2300.0,yonden
2016,9,2016-09-26,02:00,2410.0,880.0,3580.0,700.0,－－－－－－－－－－,0.0,0.0,0.0,10.0,0.0,-300.0,-2460.0,2410.0,yonden
2016,9,2016-09-26,03:00,2640.0,880.0,3710.0,700.0,－－－－－－－－－－,0.0,0.0,0.0,10.0,0.0,-200.0,-2460.0,2640.0,yonden
2016,9,2016-09-26,04:00,2780.0,880.0,3620.0,700.0,－－－－－－－－－－,0.0,0.0,0.0,20.0,0.0,0.0,-2440.0,2780.0,yonden
2016,9,2016-09-26,05:00,2790.0,880.0,3600.0,700.0,－－－－－－－－－－,10.0,0.0,0.0,20.0,0.0,0.0,-2420.0,2790.0,yonden
2016,9,2016-09-26,06:00,2730.0,880.0,3770.0,700.0,－－－－－－－－－－,10.0,30.0,0.0,20.0,0.0,-200.0,-2480.0,2730.0,yonden
2016,9,2016-09-26,07:00,2910.0,880.0,3790.0,700.0,－－－－－－－－－－,10.0,110.0,0.0,20.0,0.0,-130.0,-2470.0,2910.0,yonden
2016,9,2016-09-26,08:00,3460.0,880.0,4110.0,720.0,－－－－－－－－－－,10.0,220.0,0.0,10.0,0.0,0.0,-2490.0,3460.0,yonden
2016,9,2016-09-26,09:00,3750.0,880.0,4080.0,730.0,－－－－－－－－－－,10.0,320.0,0.0,10.0,0.0,140.0,-2420.0,3750.0,yonden
2016,9,2016-09-26,10:00,3870.0,880.0,4010.0,740.0,－－－－－－－－－－,10.0,500.0,0.0,10.0,0.0,140.0,-2420.0,3870.0,yonden
2016,9,2016-09-26,11:00,3980.0,880.0,3920.0,730.0,－－－－－－－－－－,0.0,680.0,0.0,20.0,0.0,140.0,-2390.0,3980.0,yonden
2016,9,2016-09-26,12:00,3880.0,880.0,4020.0,700.0,－－－－－－－－－－,0.0,730.0,0.0,20.0,0.0,10.0,-2480.0,3880.0,yonden
2016,9,2016-09-26,13:00,4070.0,880.0,4190.0,730.0,－－－－－－－－－－,10.0,720.0,0.0,20.0,0.0,0.0,-2480.0,4070.0,yonden
2016,9,2016-09-26,14:00,4120.0,880.0,4120.0,720.0,－－－－－－－－－－,10.0,700.0,0.0,20.0,0.0,180.0,-2510.0,4120.0,yonden
2016,9,2016-09-26,15:00,4070.0,880.0,4040.0,720.0,－－－－－－－－－－,10.0,500.0,0.0,30.0,0.0,250.0,-2360.0,4070.0,yonden
2016,9,2016-09-26,16:00,4050.0,880.0,4040.0,730.0,－－－－－－－－－－,0.0,280.0,0.0,30.0,0.0,260.0,-2170.0,4050.0,yonden
2016,9,2016-09-26,17:00,3870.0,880.0,4120.0,740.0,－－－－－－－－－－,0.0,70.0,0.0,30.0,0.0,260.0,-2230.0,3870.0,yonden
2016,9,2016-09-26,18:00,3860.0,880.0,4150.0,730.0,－－－－－－－－－－,10.0,0.0,0.0,30.0,0.0,250.0,-2190.0,3860.0,yonden
2016,9,2016-09-26,19:00,3670.0,880.0,4120.0,720.0,－－－－－－－－－－,10.0,0.0,0.0,30.0,0.0,90.0,-2180.0,3670.0,yonden
2016,9,2016-09-26,20:00,3440.0,880.0,3990.0,710.0,－－－－－－－－－－,10.0,0.0,0.0,20.0,0.0,0.0,-2170.0,3440.0,yonden
2016,9,2016-09-26,21:00,3200.0,880.0,3900.0,740.0,－－－－－－－－－－,10.0,0.0,0.0,30.0,0.0,0.0,-2360.0,3200.0,yonden
2016,9,2016-09-26,22:00,2980.0,880.0,3730.0,710.0,－－－－－－－－－－,10.0,0.0,0.0,40.0,0.0,0.0,-2390.0,2980.0,yonden
2016,9,2016-09-26,23:00,2830.0,880.0,3650.0,690.0,－－－－－－－－－－,10.0,0.0,0.0,30.0,0.0,-30.0,-2400.0,2830.0,yonden
2016,9,2016-09-27,00:00,2640.0,880.0,3700.0,730.0,－－－－－－－－－－,0.0,0.0,0.0,30.0,0.0,-310.0,-2390.0,2640.0,yonden
2016,9,2016-09-27,01:00,2540.0,880.0,3630.0,700.0,－－－－－－－－－－,10.0,0.0,0.0,20.0,0.0,-310.0,-2390.0,2540.0,yonden
2016,9,2016-09-27,02:00,2620.0,880.0,3680.0,710.0,－－－－－－－－－－,10.0,0.0,0.0,10.0,0.0,-310.0,-2360.0,2620.0,yonden
2016,9,2016-09-27,03:00,2790.0,880.0,3600.0,700.0,－－－－－－－－－－,10.0,0.0,0.0,10.0,0.0,-50.0,-2360.0,2790.0,yonden
2016,9,2016-09-27,04:00,2910.0,880.0,3640.0,710.0,－－－－－－－－－－,10.0,0.0,0.0,30.0,0.0,0.0,-2360.0,2910.0,yonden
2016,9,2016-09-27,05:00,2910.0,880.0,3660.0,710.0,－－－－－－－－－－,10.0,0.0,0.0,40.0,0.0,0.0,-2390.0,2910.0,yonden
2016,9,2016-09-27,06:00,2810.0,880.0,3480.0,710.0,－－－－－－－－－－,10.0,40.0,0.0,30.0,0.0,0.0,-2340.0,2810.0,yonden
2016,9,2016-09-27,07:00,2910.0,880.0,3480.0,700.0,－－－－－－－－－－,10.0,210.0,0.0,30.0,0.0,0.0,-2400.0,2910.0,yonden
2016,9,2016-09-27,08:00,3410.0,880.0,3840.0,740.0,－－－－－－－－－－,10.0,400.0,0.0,20.0,0.0,0.0,-2480.0,3410.0,yonden
2016,9,2016-09-27,09:00,3740.0,880.0,3970.0,740.0,－－－－－－－－－－,10.0,580.0,0.0,20.0,0.0,0.0,-2460.0,3740.0,yonden
2016,9,2016-09-27,10:00,3950.0,880.0,3940.0,760.0,－－－－－－－－－－,10.0,860.0,0.0,20.0,0.0,0.0,-2520.0,3950.0,yonden
2016,9,2016-09-27,11:00,4110.0,880.0,3920.0,750.0,－－－－－－－－－－,10.0,1000.0,0.0,20.0,0.0,0.0,-2470.0,4110.0,yonden
2016,9,2016-09-27,12:00,4010.0,880.0,4020.0,700.0,－－－－－－－－－－,10.0,890.0,0.0,20.0,0.0,0.0,-2510.0,4010.0,yonden
2016,9,2016-09-27,13:00,4220.0,880.0,4300.0,710.0,－－－－－－－－－－,10.0,770.0,0.0,10.0,0.0,0.0,-2460.0,4220.0,yonden
2016,9,2016-09-27,14:00,4230.0,880.0,4350.0,730.0,－－－－－－－－－－,10.0,560.0,0.0,10.0,0.0,120.0,-2430.0,4230.0,yonden
2016,9,2016-09-27,15:00,4170.0,880.0,4350.0,740.0,－－－－－－－－－－,10.0,380.0,0.0,10.0,0.0,170.0,-2370.0,4170.0,yonden
2016,9,2016-09-27,16:00,4160.0,880.0,4300.0,770.0,－－－－－－－－－－,0.0,170.0,0.0,20.0,0.0,260.0,-2240.0,4160.0,yonden
2016,9,2016-09-27,17:00,4030.0,880.0,4310.0,770.0,－－－－－－－－－－,0.0,30.0,0.0,20.0,0.0,270.0,-2250.0,4030.0,yonden
2016,9,2016-09-27,18:00,4040.0,880.0,4290.0,760.0,－－－－－－－－－－,0.0,0.0,0.0,20.0,0.0,300.0,-2210.0,4040.0,yonden
2016,9,2016-09-27,19:00,3820.0,880.0,4280.0,710.0,－－－－－－－－－－,0.0,0.0,0.0,40.0,0.0,190.0,-2280.0,3820.0,yonden
2016,9,2016-09-27,20:00,3580.0,880.0,4230.0,730.0,－－－－－－－－－－,0.0,0.0,0.0,30.0,0.0,70.0,-2360.0,3580.0,yonden
2016,9,2016-09-27,21:00,3340.0,880.0,4130.0,720.0,－－－－－－－－－－,0.0,0.0,0.0,20.0,0.0,0.0,-2410.0,3340.0,yonden
2016,9,2016-09-27,22:00,3120.0,880.0,4010.0,730.0,－－－－－－－－－－,0.0,0.0,0.0,10.0,0.0,0.0,-2510.0,3120.0,yonden
2016,9,2016-09-27,23:00,2950.0,880.0,3800.0,730.0,－－－－－－－－－－,0.0,0.0,0.0,10.0,0.0,0.0,-2470.0,2950.0,yonden
2016,9,2016-09-28,00:00,2750.0,870.0,3770.0,750.0,－－－－－－－－－－,0.0,0.0,0.0,10.0,0.0,-260.0,-2390.0,2750.0,yonden
2016,9,2016-09-28,01:00,2640.0,880.0,3760.0,710.0,－－－－－－－－－－,0.0,0.0,0.0,0.0,0.0,-310.0,-2400.0,2640.0,yonden
2016,9,2016-09-28,02:00,2710.0,880.0,3750.0,740.0,－－－－－－－－－－,0.0,0.0,0.0,10.0,0.0,-310.0,-2360.0,2710.0,yonden
2016,9,2016-09-28,03:00,2860.0,870.0,3770.0,730.0,－－－－－－－－－－,0.0,0.0,0.0,20.0,0.0,-310.0,-2220.0,2860.0,yonden
2016,9,2016-09-28,04:00,2980.0,880.0,3760.0,750.0,－－－－－－－－－－,0.0,0.0,0.0,20.0,0.0,-310.0,-2120.0,2980.0,yonden
2016,9,2016-09-28,05:00,2990.0,880.0,3770.0,730.0,－－－－－－－－－－,0.0,0.0,0.0,20.0,0.0,-310.0,-2100.0,2990.0,yonden
2016,9,2016-09-28,06:00,2930.0,880.0,3790.0,760.0,－－－－－－－－－－,0.0,30.0,0.0,20.0,0.0,-310.0,-2240.0,2930.0,yonden
2016,9,2016-09-28,07:00,3060.0,880.0,3710.0,760.0,－－－－－－－－－－,0.0,170.0,0.0,10.0,0.0,-150.0,-2320.0,3060.0,yonden
2016,9,2016-09-28,08:00,3620.0,880.0,3920.0,780.0,－－－－－－－－－－,0.0,360.0,0.0,10.0,0.0,0.0,-2330.0,3620.0,yonden
2016,9,2016-09-28,09:00,4030.0,880.0,4090.0,810.0,－－－－－－－－－－,0.0,510.0,0.0,10.0,0.0,0.0,-2270.0,4030.0,yonden
2016,9,2016-09-28,10:00,4120.0,880.0,4070.0,810.0,－－－－－－－－－－,0.0,620.0,0.0,10.0,0.0,0.0,-2270.0,4120.0,yonden
2016,9,2016-09-28,11:00,4280.0,880.0,4180.0,800.0,－－－－－－－－－－,0.0,650.0,0.0,10.0,0.0,0.0,-2240.0,4280.0,yonden
2016,9,2016-09-28,12:00,4070.0,880.0,4100.0,740.0,－－－－－－－－－－,0.0,470.0,0.0,10.0,0.0,0.0,-2130.0,4070.0,yonden
2016,9,2016-09-28,13:00,4240.0,880.0,4250.0,770.0,－－－－－－－－－－,0.0,270.0,0.0,0.0,0.0,220.0,-2150.0,4240.0,yonden
2016,9,2016-09-28,14:00,4200.0,880.0,4210.0,780.0,－－－－－－－－－－,0.0,190.0,0.0,0.0,0.0,320.0,-2180.0,4200.0,yonden
2016,9,2016-09-28,15:00,4130.0,880.0,4220.0,770.0,－－－－－－－－－－,0.0,120.0,0.0,0.0,0.0,220.0,-2080.0,4130.0,yonden
2016,9,2016-09-28,16:00,4110.0,880.0,4210.0,790.0,－－－－－－－－－－,0.0,60.0,0.0,0.0,0.0,200.0,-2030.0,4110.0,yonden
2016,9,2016-09-28,17:00,3970.0,880.0,4160.0,810.0,－－－－－－－－－－,0.0,10.0,0.0,0.0,0.0,150.0,-2040.0,3970.0,yonden
2016,9,2016-09-28,18:00,3940.0,880.0,3990.0,810.0,－－－－－－－－－－,0.0,0.0,0.0,0.0,0.0,140.0,-1880.0,3940.0,yonden
2016,9,2016-09-28,19:00,3750.0,880.0,3980.0,780.0,－－－－－－－－－－,0.0,0.0,0.0,10.0,0.0,20.0,-1920.0,3750.0,yonden
2016,9,2016-09-28,20:00,3540.0,880.0,3990.0,780.0,－－－－－－－－－－,0.0,0.0,0.0,10.0,0.0,0.0,-2120.0,3540.0,yonden
2016,9,2016-09-28,21:00,3300.0,880.0,3890.0,780.0,－－－－－－－－－－,0.0,0.0,0.0,10.0,0.0,0.0,-2260.0,3300.0,yonden
2016,9,2016-09-28,22:00,3090.0,880.0,3740.0,780.0,－－－－－－－－－－,0.0,0.0,0.0,10.0,0.0,0.0,-2320.0,3090.0,yonden
2016,9,2016-09-28,23:00,2960.0,880.0,3520.0,790.0,－－－－－－－－－－,0.0,0.0,0.0,10.0,0.0,0.0,-2240.0,2960.0,yonden
2016,9,2016-09-29,00:00,2770.0,880.0,3730.0,790.0,－－－－－－－－－－,0.0,0.0,0.0,10.0,0.0,-260.0,-2380.0,2770.0,yonden
2016,9,2016-09-29,01:00,2680.0,880.0,3730.0,760.0,－－－－－－－－－－,0.0,0.0,0.0,10.0,0.0,-310.0,-2390.0,2680.0,yonden
2016,9,2016-09-29,02:00,2740.0,880.0,3740.0,780.0,－－－－－－－－－－,0.0,0.0,0.0,10.0,0.0,-310.0,-2360.0,2740.0,yonden
2016,9,2016-09-29,03:00,2890.0,880.0,3750.0,790.0,－－－－－－－－－－,0.0,0.0,0.0,10.0,0.0,-310.0,-2230.0,2890.0,yonden
2016,9,2016-09-29,04:00,3020.0,880.0,3780.0,780.0,－－－－－－－－－－,0.0,0.0,0.0,0.0,0.0,-310.0,-2110.0,3020.0,yonden
2016,9,2016-09-29,05:00,3020.0,880.0,3740.0,770.0,－－－－－－－－－－,0.0,0.0,0.0,0.0,0.0,-300.0,-2070.0,3020.0,yonden
2016,9,2016-09-29,06:00,2970.0,880.0,3780.0,770.0,－－－－－－－－－－,0.0,30.0,0.0,0.0,0.0,-300.0,-2190.0,2970.0,yonden
2016,9,2016-09-29,07:00,3090.0,880.0,3830.0,760.0,－－－－－－－－－－,0.0,120.0,0.0,0.0,0.0,-170.0,-2330.0,3090.0,yonden
2016,9,2016-09-29,08:00,3630.0,880.0,4120.0,790.0,－－－－－－－－－－,0.0,230.0,0.0,0.0,0.0,0.0,-2390.0,3630.0,yonden
2016,9,2016-09-29,09:00,3990.0,880.0,4200.0,820.0,－－－－－－－－－－,0.0,300.0,0.0,0.0,0.0,140.0,-2350.0,3990.0,yonden
2016,9,2016-09-29,10:00,4020.0,880.0,4140.0,810.0,－－－－－－－－－－,0.0,310.0,0.0,0.0,0.0,140.0,-2260.0,4020.0,yonden
2016,9,2016-09-29,11:00,4080.0,880.0,4250.0,800.0,－－－－－－－－－－,0.0,380.0,0.0,0.0,0.0,130.0,-2360.0,4080.0,yonden
2016,9,2016-09-29,12:00,3910.0,880.0,4170.0,750.0,－－－－－－－－－－,0.0,380.0,0.0,10.0,0.0,0.0,-2280.0,3910.0,yonden
2016,9,2016-09-29,13:00,3980.0,880.0,4200.0,790.0,－－－－－－－－－－,0.0,250.0,0.0,10.0,0.0,170.0,-2320.0,3980.0,yonden
2016,9,2016-09-29,14:00,3950.0,880.0,4090.0,790.0,－－－－－－－－－－,0.0,210.0,0.0,40.0,0.0,160.0,-2220.0,3950.0,yonden
2016,9,2016-09-29,15:00,3870.0,880.0,4020.0,770.0,－－－－－－－－－－,0.0,130.0,0.0,70.0,0.0,190.0,-2190.0,3870.0,yonden
2016,9,2016-09-29,16:00,3810.0,880.0,3950.0,780.0,－－－－－－－－－－,0.0,50.0,0.0,80.0,0.0,280.0,-2210.0,3810.0,yonden
2016,9,2016-09-29,17:00,3680.0,880.0,3890.0,790.0,－－－－－－－－－－,0.0,10.0,0.0,70.0,0.0,300.0,-2260.0,3680.0,yonden
2016,9,2016-09-29,18:00,3630.0,880.0,3880.0,790.0,－－－－－－－－－－,0.0,0.0,0.0,60.0,0.0,260.0,-2240.0,3630.0,yonden
2016,9,2016-09-29,19:00,3430.0,880.0,3830.0,790.0,－－－－－－－－－－,0.0,0.0,0.0,40.0,0.0,40.0,-2150.0,3430.0,yonden
2016,9,2016-09-29,20:00,3220.0,880.0,3720.0,790.0,－－－－－－－－－－,0.0,0.0,0.0,50.0,0.0,0.0,-2220.0,3220.0,yonden
2016,9,2016-09-29,21:00,2980.0,880.0,3580.0,790.0,－－－－－－－－－－,0.0,0.0,0.0,60.0,0.0,0.0,-2330.0,2980.0,yonden
2016,9,2016-09-29,22:00,2810.0,880.0,3540.0,780.0,－－－－－－－－－－,0.0,0.0,0.0,40.0,0.0,0.0,-2430.0,2810.0,yonden
2016,9,2016-09-29,23:00,2720.0,880.0,3530.0,800.0,－－－－－－－－－－,0.0,0.0,0.0,50.0,0.0,-130.0,-2410.0,2720.0,yonden
2016,9,2016-09-30,00:00,2550.0,880.0,3520.0,800.0,－－－－－－－－－－,0.0,0.0,0.0,40.0,0.0,-310.0,-2380.0,2550.0,yonden
2016,9,2016-09-30,01:00,2460.0,880.0,3520.0,760.0,－－－－－－－－－－,0.0,0.0,0.0,30.0,0.0,-310.0,-2420.0,2460.0,yonden
2016,9,2016-09-30,02:00,2580.0,880.0,3590.0,780.0,－－－－－－－－－－,0.0,0.0,0.0,20.0,0.0,-310.0,-2380.0,2580.0,yonden
2016,9,2016-09-30,03:00,2780.0,880.0,3550.0,770.0,－－－－－－－－－－,10.0,0.0,0.0,30.0,0.0,-230.0,-2230.0,2780.0,yonden
2016,9,2016-09-30,04:00,2910.0,880.0,3370.0,790.0,－－－－－－－－－－,0.0,0.0,0.0,10.0,0.0,0.0,-2140.0,2910.0,yonden
2016,9,2016-09-30,05:00,2880.0,880.0,3350.0,790.0,－－－－－－－－－－,0.0,0.0,0.0,10.0,0.0,0.0,-2150.0,2880.0,yonden
2016,9,2016-09-30,06:00,2760.0,880.0,3320.0,780.0,－－－－－－－－－－,10.0,20.0,0.0,0.0,0.0,0.0,-2250.0,2760.0,yonden
2016,9,2016-09-30,07:00,2800.0,880.0,3360.0,780.0,－－－－－－－－－－,10.0,90.0,0.0,0.0,0.0,0.0,-2320.0,2800.0,yonden
2016,9,2016-09-30,08:00,3190.0,880.0,3670.0,800.0,－－－－－－－－－－,0.0,200.0,0.0,10.0,0.0,0.0,-2370.0,3190.0,yonden
2016,9,2016-09-30,09:00,3400.0,880.0,3710.0,820.0,－－－－－－－－－－,10.0,360.0,0.0,10.0,0.0,0.0,-2390.0,3400.0,yonden
2016,9,2016-09-30,10:00,3620.0,880.0,3750.0,810.0,－－－－－－－－－－,10.0,460.0,0.0,0.0,0.0,0.0,-2290.0,3620.0,yonden
2016,9,2016-09-30,11:00,3640.0,880.0,3730.0,800.0,－－－－－－－－－－,10.0,450.0,0.0,0.0,0.0,0.0,-2230.0,3640.0,yonden
2016,9,2016-09-30,12:00,3450.0,880.0,3570.0,770.0,－－－－－－－－－－,10.0,410.0,0.0,0.0,0.0,0.0,-2190.0,3450.0,yonden
2016,9,2016-09-30,13:00,3610.0,880.0,3640.0,790.0,－－－－－－－－－－,10.0,390.0,0.0,0.0,0.0,0.0,-2100.0,3610.0,yonden
2016,9,2016-09-30,14:00,3710.0,880.0,3590.0,790.0,－－－－－－－－－－,10.0,330.0,0.0,10.0,0.0,130.0,-2030.0,3710.0,yonden
2016,9,2016-09-30,15:00,3640.0,880.0,3610.0,790.0,－－－－－－－－－－,10.0,190.0,0.0,10.0,0.0,140.0,-1990.0,3640.0,yonden
2016,9,2016-09-30,16:00,3640.0,880.0,3680.0,790.0,－－－－－－－－－－,10.0,80.0,0.0,10.0,0.0,140.0,-1950.0,3640.0,yonden
2016,9,2016-09-30,17:00,3540.0,880.0,3690.0,790.0,－－－－－－－－－－,10.0,20.0,0.0,20.0,0.0,140.0,-2010.0,3540.0,yonden
2016,9,2016-09-30,18:00,3530.0,880.0,3670.0,780.0,－－－－－－－－－－,10.0,0.0,0.0,30.0,0.0,140.0,-1980.0,3530.0,yonden
2016,9,2016-09-30,19:00,3350.0,880.0,3590.0,790.0,－－－－－－－－－－,10.0,0.0,0.0,30.0,0.0,0.0,-1950.0,3350.0,yonden
2016,9,2016-09-30,20:00,3180.0,880.0,3540.0,790.0,－－－－－－－－－－,10.0,0.0,0.0,40.0,0.0,0.0,-2080.0,3180.0,yonden
2016,9,2016-09-30,21:00,2980.0,880.0,3600.0,790.0,－－－－－－－－－－,10.0,0.0,0.0,30.0,0.0,0.0,-2330.0,2980.0,yonden
2016,9,2016-09-30,22:00,2780.0,880.0,3560.0,790.0,－－－－－－－－－－,10.0,0.0,0.0,30.0,0.0,0.0,-2490.0,2780.0,yonden
2016,9,2016-09-30,23:00,2670.0,880.0,3420.0,800.0,－－－－－－－－－－,10.0,0.0,0.0,30.0,0.0,0.0,-2470.0,2670.0,yonden
2016,10,2016-10-01,00:00,2500.0,880.0,3260.0,800.0,－－－－－－－－－－,10.0,0.0,0.0,10.0,0.0,0.0,-2460.0,2500.0,yonden
2016,10,2016-10-01,01:00,2420.0,880.0,3190.0,770.0,－－－－－－－－－－,10.0,0.0,0.0,0.0,0.0,0.0,-2430.0,2420.0,yonden
2016,10,2016-10-01,02:00,2510.0,880.0,3230.0,790.0,－－－－－－－－－－,10.0,0.0,0.0,0.0,0.0,0.0,-2400.0,2510.0,yonden
2016,10,2016-10-01,03:00,2700.0,880.0,3410.0,790.0,－－－－－－－－－－,10.0,0.0,0.0,0.0,0.0,0.0,-2390.0,2700.0,yonden
2016,10,2016-10-01,04:00,2870.0,880.0,3550.0,800.0,－－－－－－－－－－,10.0,0.0,0.0,0.0,0.0,0.0,-2370.0,2870.0,yonden
2016,10,2016-10-01,05:00,2850.0,880.0,3560.0,790.0,－－－－－－－－－－,10.0,0.0,0.0,0.0,0.0,0.0,-2390.0,2850.0,yonden
2016,10,2016-10-01,06:00,2670.0,880.0,3360.0,780.0,－－－－－－－－－－,10.0,30.0,0.0,0.0,0.0,0.0,-2390.0,2670.0,yonden
2016,10,2016-10-01,07:00,2650.0,880.0,3220.0,770.0,－－－－－－－－－－,10.0,150.0,0.0,0.0,0.0,0.0,-2380.0,2650.0,yonden
2016,10,2016-10-01,08:00,3000.0,880.0,3330.0,800.0,－－－－－－－－－－,0.0,340.0,0.0,0.0,0.0,0.0,-2350.0,3000.0,yonden
2016,10,2016-10-01,09:00,3280.0,880.0,3570.0,820.0,－－－－－－－－－－,10.0,490.0,0.0,0.0,0.0,0.0,-2490.0,3280.0,yonden
2016,10,2016-10-01,10:00,3460.0,880.0,3670.0,820.0,－－－－－－－－－－,10.0,570.0,0.0,0.0,0.0,0.0,-2490.0,3460.0,yonden
2016,10,2016-10-01,11:00,3490.0,880.0,3720.0,800.0,－－－－－－－－－－,10.0,570.0,0.0,0.0,0.0,0.0,-2490.0,3490.0,yonden
2016,10,2016-10-01,12:00,3450.0,880.0,3610.0,770.0,－－－－－－－－－－,10.0,660.0,0.0,0.0,0.0,0.0,-2480.0,3450.0,yonden
2016,10,2016-10-01,13:00,3470.0,880.0,3700.0,770.0,－－－－－－－－－－,0.0,620.0,0.0,0.0,0.0,0.0,-2500.0,3470.0,yonden
2016,10,2016-10-01,14:00,3540.0,880.0,3730.0,770.0,－－－－－－－－－－,0.0,620.0,0.0,0.0,0.0,0.0,-2460.0,3540.0,yonden
2016,10,2016-10-01,15:00,3490.0,880.0,3820.0,770.0,－－－－－－－－－－,0.0,420.0,0.0,0.0,0.0,0.0,-2400.0,3490.0,yonden
2016,10,2016-10-01,16:00,3440.0,880.0,3950.0,780.0,－－－－－－－－－－,0.0,190.0,0.0,0.0,0.0,40.0,-2400.0,3440.0,yonden
2016,10,2016-10-01,17:00,3390.0,880.0,3970.0,790.0,－－－－－－－－－－,10.0,30.0,0.0,0.0,0.0,150.0,-2440.0,3390.0,yonden
2016,10,2016-10-01,18:00,3430.0,880.0,3980.0,770.0,－－－－－－－－－－,0.0,0.0,0.0,0.0,0.0,250.0,-2450.0,3430.0,yonden
2016,10,2016-10-01,19:00,3300.0,880.0,3880.0,780.0,－－－－－－－－－－,0.0,0.0,0.0,0.0,0.0,210.0,-2450.0,3300.0,yonden
2016,10,2016-10-01,20:00,3130.0,880.0,3890.0,770.0,－－－－－－－－－－,0.0,0.0,0.0,0.0,0.0,40.0,-2450.0,3130.0,yonden
2016,10,2016-10-01,21:00,2920.0,880.0,3750.0,780.0,－－－－－－－－－－,0.0,0.0,0.0,0.0,0.0,0.0,-2490.0,2920.0,yonden
2016,10,2016-10-01,22:00,2720.0,880.0,3580.0,780.0,－－－－－－－－－－,0.0,0.0,0.0,0.0,0.0,0.0,-2520.0,2720.0,yonden
2016,10,2016-10-01,23:00,2590.0,880.0,3430.0,770.0,－－－－－－－－－－,0.0,0.0,0.0,0.0,0.0,0.0,-2490.0,2590.0,yonden
2016,10,2016-10-02,00:00,2460.0,880.0,3430.0,770.0,－－－－－－－－－－,10.0,0.0,0.0,0.0,0.0,-210.0,-2420.0,2460.0,yonden
2016,10,2016-10-02,01:00,2390.0,880.0,3480.0,760.0,－－－－－－－－－－,10.0,0.0,0.0,0.0,0.0,-310.0,-2430.0,2390.0,yonden
2016,10,2016-10-02,02:00,2470.0,880.0,3470.0,770.0,－－－－－－－－－－,10.0,0.0,0.0,0.0,0.0,-260.0,-2400.0,2470.0,yonden
2016,10,2016-10-02,03:00,2630.0,880.0,3370.0,770.0,－－－－－－－－－－,10.0,0.0,0.0,0.0,0.0,0.0,-2400.0,2630.0,yonden
2016,10,2016-10-02,04:00,2750.0,880.0,3480.0,780.0,－－－－－－－－－－,10.0,0.0,0.0,0.0,0.0,0.0,-2400.0,2750.0,yonden
2016,10,2016-10-02,05:00,2680.0,880.0,3460.0,770.0,－－－－－－－－－－,10.0,0.0,0.0,0.0,0.0,0.0,-2440.0,2680.0,yonden
2016,10,2016-10-02,06:00,2440.0,880.0,3220.0,760.0,－－－－－－－－－－,10.0,20.0,0.0,0.0,0.0,0.0,-2450.0,2440.0,yonden
2016,10,2016-10-02,07:00,2370.0,880.0,3110.0,760.0,－－－－－－－－－－,10.0,180.0,0.0,0.0,0.0,-50.0,-2520.0,2370.0,yonden
2016,10,2016-10-02,08:00,2510.0,880.0,3230.0,770.0,－－－－－－－－－－,0.0,440.0,0.0,0.0,0.0,-310.0,-2500.0,2510.0,yonden
2016,10,2016-10-02,09:00,2790.0,880.0,3190.0,770.0,－－－－－－－－－－,0.0,750.0,0.0,0.0,0.0,-310.0,-2490.0,2790.0,yonden
2016,10,2016-10-02,10:00,3090.0,880.0,3220.0,760.0,－－－－－－－－－－,0.0,1040.0,0.0,0.0,0.0,-310.0,-2500.0,3090.0,yonden
2016,10,2016-10-02,11:00,3230.0,880.0,3320.0,760.0,－－－－－－－－－－,0.0,1080.0,0.0,0.0,0.0,-310.0,-2500.0,3230.0,yonden
2016,10,2016-10-02,12:00,3270.0,880.0,3460.0,760.0,－－－－－－－－－－,0.0,980.0,0.0,0.0,0.0,-310.0,-2500.0,3270.0,yonden
2016,10,2016-10-02,13:00,3280.0,880.0,3400.0,750.0,－－－－－－－－－－,10.0,830.0,0.0,0.0,0.0,-100.0,-2490.0,3280.0,yonden
2016,10,2016-10-02,14:00,3230.0,880.0,3450.0,740.0,－－－－－－－－－－,0.0,630.0,0.0,0.0,0.0,0.0,-2470.0,3230.0,yonden
2016,10,2016-10-02,15:00,3240.0,880.0,3550.0,750.0,－－－－－－－－－－,0.0,410.0,0.0,10.0,0.0,0.0,-2360.0,3240.0,yonden
2016,10,2016-10-02,16:00,3250.0,880.0,3810.0,760.0,－－－－－－－－－－,0.0,190.0,0.0,20.0,0.0,0.0,-2410.0,3250.0,yonden
2016,10,2016-10-02,17:00,3370.0,880.0,3850.0,760.0,－－－－－－－－－－,0.0,40.0,0.0,30.0,0.0,230.0,-2420.0,3370.0,yonden
2016,10,2016-10-02,18:00,3510.0,880.0,3910.0,790.0,－－－－－－－－－－,10.0,0.0,0.0,40.0,0.0,290.0,-2410.0,3510.0,yonden
2016,10,2016-10-02,19:00,3420.0,880.0,3920.0,790.0,－－－－－－－－－－,10.0,0.0,0.0,60.0,0.0,150.0,-2390.0,3420.0,yonden
2016,10,2016-10-02,20:00,3250.0,880.0,3880.0,760.0,－－－－－－－－－－,0.0,0.0,0.0,50.0,0.0,100.0,-2420.0,3250.0,yonden
2016,10,2016-10-02,21:00,3050.0,880.0,3730.0,750.0,－－－－－－－－－－,10.0,0.0,0.0,30.0,0.0,0.0,-2350.0,3050.0,yonden
2016,10,2016-10-02,22:00,2840.0,880.0,3580.0,740.0,－－－－－－－－－－,10.0,0.0,0.0,30.0,0.0,0.0,-2400.0,2840.0,yonden
2016,10,2016-10-02,23:00,2690.0,880.0,3590.0,770.0,－－－－－－－－－－,10.0,0.0,0.0,40.0,0.0,-200.0,-2400.0,2690.0,yonden
2016,10,2016-10-03,00:00,2520.0,880.0,3460.0,770.0,－－－－－－－－－－,0.0,0.0,0.0,40.0,0.0,-300.0,-2330.0,2520.0,yonden
2016,10,2016-10-03,01:00,2450.0,880.0,3410.0,720.0,－－－－－－－－－－,10.0,0.0,0.0,60.0,0.0,-300.0,-2330.0,2450.0,yonden
2016,10,2016-10-03,02:00,2540.0,880.0,3510.0,730.0,－－－－－－－－－－,10.0,0.0,0.0,60.0,0.0,-300.0,-2350.0,2540.0,yonden
2016,10,2016-10-03,03:00,2720.0,880.0,3570.0,740.0,－－－－－－－－－－,10.0,0.0,0.0,60.0,0.0,-180.0,-2360.0,2720.0,yonden
2016,10,2016-10-03,04:00,2870.0,880.0,3520.0,750.0,－－－－－－－－－－,10.0,0.0,0.0,60.0,0.0,0.0,-2350.0,2870.0,yonden
2016,10,2016-10-03,05:00,2870.0,880.0,3600.0,720.0,－－－－－－－－－－,0.0,0.0,0.0,60.0,0.0,0.0,-2390.0,2870.0,yonden
2016,10,2016-10-03,06:00,2810.0,880.0,3570.0,680.0,－－－－－－－－－－,0.0,10.0,0.0,50.0,0.0,0.0,-2380.0,2810.0,yonden
2016,10,2016-10-03,07:00,2980.0,880.0,3650.0,690.0,－－－－－－－－－－,0.0,60.0,0.0,40.0,0.0,0.0,-2340.0,2980.0,yonden
2016,10,2016-10-03,08:00,3480.0,880.0,3860.0,720.0,－－－－－－－－－－,0.0,120.0,0.0,30.0,0.0,0.0,-2130.0,3480.0,yonden
2016,10,2016-10-03,09:00,3820.0,880.0,3960.0,750.0,－－－－－－－－－－,0.0,200.0,0.0,20.0,0.0,70.0,-2060.0,3820.0,yonden
2016,10,2016-10-03,10:00,3900.0,880.0,3920.0,710.0,－－－－－－－－－－,0.0,250.0,0.0,20.0,0.0,140.0,-2020.0,3900.0,yonden
2016,10,2016-10-03,11:00,3880.0,880.0,3910.0,720.0,－－－－－－－－－－,0.0,260.0,0.0,10.0,0.0,10.0,-1910.0,3880.0,yonden
2016,10,2016-10-03,12:00,3630.0,880.0,3800.0,680.0,－－－－－－－－－－,0.0,280.0,0.0,0.0,0.0,0.0,-2010.0,3630.0,yonden
2016,10,2016-10-03,13:00,3930.0,880.0,3920.0,790.0,－－－－－－－－－－,0.0,270.0,0.0,0.0,0.0,0.0,-1930.0,3930.0,yonden
2016,10,2016-10-03,14:00,3910.0,880.0,3970.0,750.0,－－－－－－－－－－,0.0,190.0,0.0,0.0,0.0,0.0,-1880.0,3910.0,yonden
2016,10,2016-10-03,15:00,3810.0,880.0,3940.0,750.0,－－－－－－－－－－,0.0,160.0,0.0,0.0,0.0,0.0,-1920.0,3810.0,yonden
2016,10,2016-10-03,16:00,3820.0,880.0,3920.0,770.0,－－－－－－－－－－,0.0,100.0,0.0,0.0,0.0,0.0,-1850.0,3820.0,yonden
2016,10,2016-10-03,17:00,3730.0,880.0,3890.0,770.0,－－－－－－－－－－,0.0,20.0,0.0,10.0,0.0,30.0,-1870.0,3730.0,yonden
2016,10,2016-10-03,18:00,3720.0,880.0,3800.0,770.0,－－－－－－－－－－,0.0,0.0,0.0,10.0,0.0,140.0,-1880.0,3720.0,yonden
2016,10,2016-10-03,19:00,3510.0,880.0,3710.0,740.0,－－－－－－－－－－,10.0,0.0,0.0,10.0,0.0,0.0,-1840.0,3510.0,yonden
2016,10,2016-10-03,20:00,3310.0,880.0,3630.0,730.0,－－－－－－－－－－,10.0,0.0,0.0,20.0,0.0,0.0,-1960.0,3310.0,yonden
2016,10,2016-10-03,21:00,3080.0,880.0,3650.0,700.0,－－－－－－－－－－,10.0,0.0,0.0,40.0,0.0,0.0,-2200.0,3080.0,yonden
2016,10,2016-10-03,22:00,2860.0,880.0,3650.0,700.0,－－－－－－－－－－,10.0,0.0,0.0,50.0,0.0,0.0,-2430.0,2860.0,yonden
2016,10,2016-10-03,23:00,2730.0,880.0,3570.0,680.0,－－－－－－－－－－,10.0,0.0,0.0,50.0,0.0,0.0,-2460.0,2730.0,yonden
2016,10,2016-10-04,00:00,2590.0,880.0,3610.0,720.0,－－－－－－－－－－,0.0,0.0,0.0,20.0,0.0,-250.0,-2390.0,2590.0,yonden
2016,10,2016-10-04,01:00,2540.0,880.0,3720.0,700.0,－－－－－－－－－－,0.0,0.0,0.0,20.0,0.0,-300.0,-2480.0,2540.0,yonden
2016,10,2016-10-04,02:00,2630.0,880.0,3780.0,700.0,－－－－－－－－－－,0.0,0.0,0.0,10.0,0.0,-300.0,-2440.0,2630.0,yonden
2016,10,2016-10-04,03:00,2800.0,880.0,3780.0,720.0,－－－－－－－－－－,0.0,0.0,0.0,10.0,0.0,-300.0,-2290.0,2800.0,yonden
2016,10,2016-10-04,04:00,2940.0,880.0,3790.0,740.0,－－－－－－－－－－,0.0,0.0,0.0,10.0,0.0,-300.0,-2180.0,2940.0,yonden
2016,10,2016-10-04,05:00,2940.0,880.0,3790.0,730.0,－－－－－－－－－－,0.0,0.0,0.0,0.0,0.0,-300.0,-2160.0,2940.0,yonden
2016,10,2016-10-04,06:00,2850.0,880.0,3800.0,710.0,－－－－－－－－－－,0.0,20.0,0.0,0.0,0.0,-300.0,-2260.0,2850.0,yonden
2016,10,2016-10-04,07:00,2900.0,880.0,3690.0,660.0,－－－－－－－－－－,0.0,140.0,0.0,0.0,0.0,0.0,-2470.0,2900.0,yonden
2016,10,2016-10-04,08:00,3330.0,880.0,3890.0,690.0,－－－－－－－－－－,0.0,290.0,0.0,0.0,0.0,0.0,-2420.0,3330.0,yonden
2016,10,2016-10-04,09:00,3600.0,880.0,3950.0,730.0,－－－－－－－－－－,0.0,470.0,0.0,0.0,0.0,0.0,-2430.0,3600.0,yonden
2016,10,2016-10-04,10:00,3740.0,880.0,3920.0,720.0,－－－－－－－－－－,0.0,650.0,0.0,0.0,0.0,0.0,-2430.0,3740.0,yonden
2016,10,2016-10-04,11:00,3860.0,880.0,3890.0,740.0,－－－－－－－－－－,0.0,780.0,0.0,0.0,0.0,0.0,-2430.0,3860.0,yonden
2016,10,2016-10-04,12:00,3810.0,880.0,3850.0,690.0,－－－－－－－－－－,10.0,790.0,0.0,0.0,0.0,0.0,-2410.0,3810.0,yonden
2016,10,2016-10-04,13:00,4000.0,880.0,3880.0,710.0,－－－－－－－－－－,10.0,630.0,0.0,0.0,0.0,150.0,-2260.0,4000.0,yonden
2016,10,2016-10-04,14:00,3990.0,880.0,3820.0,700.0,－－－－－－－－－－,10.0,500.0,0.0,0.0,0.0,220.0,-2140.0,3990.0,yonden
2016,10,2016-10-04,15:00,3900.0,880.0,3790.0,700.0,－－－－－－－－－－,10.0,350.0,0.0,0.0,0.0,260.0,-2090.0,3900.0,yonden
2016,10,2016-10-04,16:00,3900.0,880.0,3820.0,730.0,－－－－－－－－－－,10.0,190.0,0.0,0.0,0.0,300.0,-2030.0,3900.0,yonden
2016,10,2016-10-04,17:00,3780.0,880.0,3860.0,730.0,－－－－－－－－－－,10.0,30.0,0.0,10.0,0.0,300.0,-2040.0,3780.0,yonden
2016,10,2016-10-04,18:00,3780.0,880.0,3910.0,730.0,－－－－－－－－－－,10.0,0.0,0.0,10.0,0.0,300.0,-2060.0,3780.0,yonden
2016,10,2016-10-04,19:00,3560.0,880.0,3770.0,690.0,－－－－－－－－－－,10.0,0.0,0.0,20.0,0.0,140.0,-1950.0,3560.0,yonden
2016,10,2016-10-04,20:00,3340.0,880.0,3680.0,660.0,－－－－－－－－－－,10.0,0.0,0.0,30.0,0.0,0.0,-1920.0,3340.0,yonden
2016,10,2016-10-04,21:00,3090.0,880.0,3600.0,680.0,－－－－－－－－－－,10.0,0.0,0.0,30.0,0.0,0.0,-2110.0,3090.0,yonden
2016,10,2016-10-04,22:00,2900.0,880.0,3670.0,700.0,－－－－－－－－－－,10.0,0.0,0.0,30.0,0.0,0.0,-2390.0,2900.0,yonden
2016,10,2016-10-04,23:00,2770.0,880.0,3680.0,660.0,－－－－－－－－－－,10.0,0.0,0.0,30.0,0.0,0.0,-2490.0,2770.0,yonden
2016,10,2016-10-05,00:00,2600.0,880.0,3670.0,680.0,－－－－－－－－－－,10.0,0.0,0.0,40.0,0.0,-290.0,-2390.0,2600.0,yonden
2016,10,2016-10-05,01:00,2520.0,880.0,3670.0,680.0,－－－－－－－－－－,10.0,0.0,0.0,50.0,0.0,-300.0,-2470.0,2520.0,yonden
2016,10,2016-10-05,02:00,2610.0,880.0,3690.0,670.0,－－－－－－－－－－,10.0,0.0,0.0,60.0,0.0,-300.0,-2400.0,2610.0,yonden
2016,10,2016-10-05,03:00,2780.0,880.0,3710.0,690.0,－－－－－－－－－－,10.0,0.0,0.0,80.0,0.0,-300.0,-2290.0,2780.0,yonden
2016,10,2016-10-05,04:00,2920.0,880.0,3710.0,740.0,－－－－－－－－－－,10.0,0.0,0.0,80.0,0.0,-300.0,-2200.0,2920.0,yonden
2016,10,2016-10-05,05:00,2920.0,880.0,3660.0,760.0,－－－－－－－－－－,10.0,0.0,0.0,100.0,0.0,-300.0,-2190.0,2920.0,yonden
2016,10,2016-10-05,06:00,2840.0,880.0,3640.0,740.0,－－－－－－－－－－,10.0,10.0,0.0,100.0,0.0,-300.0,-2240.0,2840.0,yonden
2016,10,2016-10-05,07:00,2880.0,880.0,3580.0,730.0,－－－－－－－－－－,10.0,80.0,0.0,100.0,0.0,-300.0,-2200.0,2880.0,yonden
2016,10,2016-10-05,08:00,3420.0,880.0,3630.0,750.0,－－－－－－－－－－,0.0,220.0,0.0,70.0,0.0,0.0,-2130.0,3420.0,yonden
2016,10,2016-10-05,09:00,3720.0,880.0,3840.0,710.0,－－－－－－－－－－,0.0,290.0,0.0,70.0,0.0,0.0,-2070.0,3720.0,yonden
2016,10,2016-10-05,10:00,3870.0,880.0,3940.0,710.0,－－－－－－－－－－,0.0,330.0,0.0,50.0,0.0,0.0,-2040.0,3870.0,yonden
2016,10,2016-10-05,11:00,3880.0,880.0,4060.0,740.0,－－－－－－－－－－,0.0,260.0,0.0,50.0,0.0,0.0,-2110.0,3880.0,yonden
2016,10,2016-10-05,12:00,3690.0,880.0,3920.0,670.0,－－－－－－－－－－,10.0,310.0,0.0,70.0,0.0,0.0,-2170.0,3690.0,yonden
2016,10,2016-10-05,13:00,3990.0,880.0,3910.0,720.0,－－－－－－－－－－,10.0,390.0,0.0,90.0,0.0,0.0,-2010.0,3990.0,yonden
2016,10,2016-10-05,14:00,4060.0,880.0,3890.0,740.0,－－－－－－－－－－,10.0,400.0,0.0,90.0,0.0,0.0,-1950.0,4060.0,yonden
2016,10,2016-10-05,15:00,3990.0,880.0,3850.0,720.0,－－－－－－－－－－,10.0,330.0,0.0,70.0,0.0,0.0,-1870.0,3990.0,yonden
2016,10,2016-10-05,16:00,4050.0,880.0,3970.0,740.0,－－－－－－－－－－,10.0,210.0,0.0,50.0,0.0,130.0,-1940.0,4050.0,yonden
2016,10,2016-10-05,17:00,3920.0,880.0,4070.0,710.0,－－－－－－－－－－,10.0,30.0,0.0,30.0,0.0,190.0,-2000.0,3920.0,yonden
2016,10,2016-10-05,18:00,3880.0,880.0,3900.0,740.0,－－－－－－－－－－,10.0,0.0,0.0,50.0,0.0,300.0,-2000.0,3880.0,yonden
2016,10,2016-10-05,19:00,3640.0,880.0,3770.0,730.0,－－－－－－－－－－,10.0,0.0,0.0,50.0,0.0,140.0,-1940.0,3640.0,yonden
2016,10,2016-10-05,20:00,3410.0,880.0,3780.0,740.0,－－－－－－－－－－,10.0,0.0,0.0,50.0,0.0,0.0,-2050.0,3410.0,yonden
2016,10,2016-10-05,21:00,3150.0,880.0,3710.0,750.0,－－－－－－－－－－,10.0,0.0,0.0,40.0,0.0,0.0,-2240.0,3150.0,yonden
2016,10,2016-10-05,22:00,2950.0,880.0,3670.0,770.0,－－－－－－－－－－,10.0,0.0,0.0,40.0,0.0,0.0,-2420.0,2950.0,yonden
2016,10,2016-10-05,23:00,2800.0,880.0,3570.0,780.0,－－－－－－－－－－,10.0,0.0,0.0,40.0,0.0,0.0,-2480.0,2800.0,yonden
2016,10,2016-10-06,00:00,2610.0,880.0,3420.0,720.0,－－－－－－－－－－,10.0,0.0,0.0,40.0,0.0,0.0,-2460.0,2610.0,yonden
2016,10,2016-10-06,01:00,2530.0,880.0,3340.0,690.0,－－－－－－－－－－,10.0,0.0,0.0,60.0,0.0,0.0,-2450.0,2530.0,yonden
2016,10,2016-10-06,02:00,2610.0,880.0,3360.0,740.0,－－－－－－－－－－,10.0,0.0,0.0,40.0,0.0,0.0,-2420.0,2610.0,yonden
2016,10,2016-10-06,03:00,2780.0,880.0,3520.0,760.0,－－－－－－－－－－,10.0,0.0,0.0,30.0,0.0,0.0,-2420.0,2780.0,yonden
2016,10,2016-10-06,04:00,2910.0,880.0,3650.0,760.0,－－－－－－－－－－,10.0,0.0,0.0,40.0,0.0,0.0,-2430.0,2910.0,yonden
2016,10,2016-10-06,05:00,2920.0,880.0,3690.0,750.0,－－－－－－－－－－,10.0,0.0,0.0,50.0,0.0,0.0,-2460.0,2920.0,yonden
2016,10,2016-10-06,06:00,2830.0,880.0,3620.0,700.0,－－－－－－－－－－,10.0,20.0,0.0,60.0,0.0,0.0,-2460.0,2830.0,yonden
2016,10,2016-10-06,07:00,2840.0,880.0,3480.0,670.0,－－－－－－－－－－,10.0,200.0,0.0,60.0,0.0,0.0,-2460.0,2840.0,yonden
2016,10,2016-10-06,08:00,3220.0,880.0,3500.0,730.0,－－－－－－－－－－,10.0,510.0,0.0,50.0,0.0,0.0,-2460.0,3220.0,yonden
2016,10,2016-10-06,09:00,3540.0,880.0,3500.0,710.0,－－－－－－－－－－,10.0,840.0,0.0,30.0,0.0,0.0,-2430.0,3540.0,yonden
2016,10,2016-10-06,10:00,3800.0,880.0,3510.0,700.0,－－－－－－－－－－,10.0,1140.0,0.0,20.0,0.0,0.0,-2460.0,3800.0,yonden
2016,10,2016-10-06,11:00,3900.0,880.0,3480.0,720.0,－－－－－－－－－－,10.0,1260.0,0.0,10.0,0.0,0.0,-2460.0,3900.0,yonden
2016,10,2016-10-06,12:00,3760.0,880.0,3420.0,610.0,－－－－－－－－－－,10.0,1270.0,0.0,10.0,0.0,0.0,-2440.0,3760.0,yonden
2016,10,2016-10-06,13:00,4010.0,880.0,3680.0,670.0,－－－－－－－－－－,10.0,1160.0,0.0,10.0,0.0,0.0,-2400.0,4010.0,yonden
2016,10,2016-10-06,14:00,4010.0,880.0,3910.0,650.0,－－－－－－－－－－,10.0,910.0,0.0,10.0,0.0,70.0,-2430.0,4010.0,yonden
2016,10,2016-10-06,15:00,3930.0,880.0,3790.0,640.0,－－－－－－－－－－,10.0,610.0,0.0,20.0,0.0,260.0,-2280.0,3930.0,yonden
2016,10,2016-10-06,16:00,3880.0,880.0,3800.0,710.0,－－－－－－－－－－,10.0,290.0,0.0,10.0,0.0,300.0,-2120.0,3880.0,yonden
2016,10,2016-10-06,17:00,3670.0,880.0,3830.0,710.0,－－－－－－－－－－,10.0,40.0,0.0,20.0,0.0,300.0,-2120.0,3670.0,yonden
2016,10,2016-10-06,18:00,3650.0,880.0,3770.0,730.0,－－－－－－－－－－,10.0,0.0,0.0,30.0,0.0,280.0,-2050.0,3650.0,yonden
2016,10,2016-10-06,19:00,3430.0,880.0,3760.0,700.0,－－－－－－－－－－,10.0,0.0,0.0,40.0,0.0,80.0,-2040.0,3430.0,yonden
2016,10,2016-10-06,20:00,3220.0,880.0,3670.0,690.0,－－－－－－－－－－,10.0,0.0,0.0,50.0,0.0,0.0,-2080.0,3220.0,yonden
2016,10,2016-10-06,21:00,2980.0,880.0,3690.0,700.0,－－－－－－－－－－,10.0,0.0,0.0,60.0,0.0,0.0,-2360.0,2980.0,yonden
2016,10,2016-10-06,22:00,2760.0,880.0,3560.0,720.0,－－－－－－－－－－,10.0,0.0,0.0,70.0,0.0,0.0,-2480.0,2760.0,yonden
2016,10,2016-10-06,23:00,2620.0,880.0,3470.0,670.0,－－－－－－－－－－,10.0,0.0,0.0,70.0,0.0,0.0,-2480.0,2620.0,yonden
2016,10,2016-10-07,00:00,2460.0,880.0,3510.0,720.0,－－－－－－－－－－,10.0,0.0,0.0,70.0,0.0,-250.0,-2480.0,2460.0,yonden
2016,10,2016-10-07,01:00,2420.0,880.0,3490.0,730.0,－－－－－－－－－－,10.0,0.0,0.0,70.0,0.0,-300.0,-2460.0,2420.0,yonden
2016,10,2016-10-07,02:00,2540.0,880.0,3470.0,680.0,－－－－－－－－－－,10.0,0.0,0.0,70.0,0.0,-120.0,-2450.0,2540.0,yonden
2016,10,2016-10-07,03:00,2740.0,880.0,3560.0,680.0,－－－－－－－－－－,10.0,0.0,0.0,60.0,0.0,0.0,-2450.0,2740.0,yonden
2016,10,2016-10-07,04:00,2890.0,880.0,3660.0,740.0,－－－－－－－－－－,10.0,0.0,0.0,60.0,0.0,0.0,-2460.0,2890.0,yonden
2016,10,2016-10-07,05:00,2890.0,880.0,3670.0,750.0,－－－－－－－－－－,10.0,0.0,0.0,40.0,0.0,0.0,-2460.0,2890.0,yonden
2016,10,2016-10-07,06:00,2780.0,880.0,3610.0,670.0,－－－－－－－－－－,10.0,50.0,0.0,40.0,0.0,0.0,-2480.0,2780.0,yonden
2016,10,2016-10-07,07:00,2670.0,880.0,3380.0,620.0,－－－－－－－－－－,10.0,260.0,0.0,20.0,0.0,0.0,-2500.0,2670.0,yonden
2016,10,2016-10-07,08:00,2990.0,880.0,3340.0,670.0,－－－－－－－－－－,10.0,560.0,0.0,0.0,0.0,0.0,-2470.0,2990.0,yonden
2016,10,2016-10-07,09:00,3310.0,880.0,3340.0,690.0,－－－－－－－－－－,10.0,880.0,0.0,0.0,0.0,0.0,-2490.0,3310.0,yonden
2016,10,2016-10-07,10:00,3470.0,880.0,3240.0,620.0,－－－－－－－－－－,10.0,1120.0,0.0,0.0,0.0,0.0,-2400.0,3470.0,yonden
2016,10,2016-10-07,11:00,3650.0,880.0,3320.0,640.0,－－－－－－－－－－,10.0,1160.0,0.0,0.0,0.0,0.0,-2360.0,3650.0,yonden
2016,10,2016-10-07,12:00,3480.0,880.0,3310.0,640.0,－－－－－－－－－－,10.0,1010.0,0.0,10.0,0.0,0.0,-2380.0,3480.0,yonden
2016,10,2016-10-07,13:00,3640.0,880.0,3730.0,650.0,－－－－－－－－－－,10.0,800.0,0.0,10.0,0.0,0.0,-2440.0,3640.0,yonden
2016,10,2016-10-07,14:00,3600.0,880.0,3780.0,590.0,－－－－－－－－－－,10.0,630.0,0.0,10.0,0.0,0.0,-2300.0,3600.0,yonden
2016,10,2016-10-07,15:00,3600.0,880.0,3900.0,670.0,－－－－－－－－－－,10.0,420.0,0.0,10.0,0.0,0.0,-2290.0,3600.0,yonden
2016,10,2016-10-07,16:00,3560.0,880.0,3950.0,740.0,－－－－－－－－－－,10.0,180.0,0.0,10.0,0.0,0.0,-2210.0,3560.0,yonden
2016,10,2016-10-07,17:00,3470.0,880.0,3510.0,720.0,－－－－－－－－－－,10.0,20.0,0.0,10.0,0.0,180.0,-1860.0,3470.0,yonden
2016,10,2016-10-07,18:00,3470.0,880.0,3240.0,720.0,－－－－－－－－－－,10.0,0.0,0.0,20.0,0.0,250.0,-1650.0,3470.0,yonden
2016,10,2016-10-07,19:00,3260.0,880.0,3230.0,690.0,－－－－－－－－－－,10.0,0.0,0.0,30.0,0.0,60.0,-1640.0,3260.0,yonden
2016,10,2016-10-07,20:00,3080.0,880.0,3030.0,620.0,－－－－－－－－－－,10.0,0.0,0.0,40.0,0.0,0.0,-1500.0,3080.0,yonden
2016,10,2016-10-07,21:00,2890.0,880.0,3010.0,640.0,－－－－－－－－－－,10.0,0.0,0.0,40.0,0.0,0.0,-1690.0,2890.0,yonden
2016,10,2016-10-07,22:00,2700.0,880.0,3030.0,610.0,－－－－－－－－－－,10.0,0.0,0.0,40.0,0.0,0.0,-1870.0,2700.0,yonden
2016,10,2016-10-07,23:00,2590.0,880.0,3020.0,590.0,－－－－－－－－－－,10.0,0.0,0.0,30.0,0.0,0.0,-1940.0,2590.0,yonden
2016,10,2016-10-08,00:00,2430.0,880.0,2630.0,560.0,－－－－－－－－－－,10.0,0.0,0.0,40.0,0.0,0.0,-1690.0,2430.0,yonden
2016,10,2016-10-08,01:00,2380.0,880.0,2590.0,570.0,－－－－－－－－－－,0.0,0.0,0.0,40.0,0.0,0.0,-1700.0,2380.0,yonden
2016,10,2016-10-08,02:00,2490.0,880.0,2600.0,610.0,－－－－－－－－－－,0.0,0.0,0.0,50.0,0.0,0.0,-1650.0,2490.0,yonden
2016,10,2016-10-08,03:00,2680.0,880.0,2610.0,680.0,－－－－－－－－－－,0.0,0.0,0.0,50.0,0.0,0.0,-1540.0,2680.0,yonden
2016,10,2016-10-08,04:00,2810.0,880.0,2630.0,680.0,－－－－－－－－－－,0.0,0.0,0.0,50.0,0.0,0.0,-1430.0,2810.0,yonden
2016,10,2016-10-08,05:00,2750.0,880.0,2640.0,630.0,－－－－－－－－－－,0.0,0.0,0.0,40.0,0.0,0.0,-1440.0,2750.0,yonden
2016,10,2016-10-08,06:00,2570.0,880.0,2620.0,590.0,－－－－－－－－－－,10.0,20.0,0.0,40.0,0.0,0.0,-1590.0,2570.0,yonden
2016,10,2016-10-08,07:00,2520.0,880.0,2580.0,590.0,－－－－－－－－－－,10.0,120.0,0.0,60.0,0.0,0.0,-1720.0,2520.0,yonden
2016,10,2016-10-08,08:00,2770.0,880.0,2560.0,610.0,－－－－－－－－－－,10.0,280.0,0.0,50.0,0.0,0.0,-1620.0,2770.0,yonden
2016,10,2016-10-08,09:00,3050.0,880.0,2630.0,710.0,－－－－－－－－－－,10.0,440.0,0.0,50.0,0.0,0.0,-1670.0,3050.0,yonden
2016,10,2016-10-08,10:00,3160.0,880.0,2710.0,670.0,－－－－－－－－－－,10.0,570.0,0.0,40.0,0.0,0.0,-1720.0,3160.0,yonden
2016,10,2016-10-08,11:00,3090.0,880.0,2530.0,600.0,－－－－－－－－－－,10.0,740.0,0.0,60.0,0.0,0.0,-1730.0,3090.0,yonden
2016,10,2016-10-08,12:00,3320.0,880.0,2540.0,590.0,－－－－－－－－－－,10.0,950.0,0.0,70.0,0.0,0.0,-1720.0,3320.0,yonden
2016,10,2016-10-08,13:00,3510.0,880.0,2670.0,570.0,－－－－－－－－－－,10.0,810.0,0.0,70.0,0.0,0.0,-1500.0,3510.0,yonden
2016,10,2016-10-08,14:00,3400.0,880.0,2720.0,540.0,－－－－－－－－－－,10.0,530.0,0.0,70.0,0.0,0.0,-1350.0,3400.0,yonden
2016,10,2016-10-08,15:00,3350.0,880.0,2740.0,560.0,－－－－－－－－－－,10.0,280.0,0.0,60.0,0.0,50.0,-1230.0,3350.0,yonden
2016,10,2016-10-08,16:00,3350.0,880.0,2760.0,650.0,－－－－－－－－－－,10.0,80.0,0.0,30.0,0.0,220.0,-1280.0,3350.0,yonden
2016,10,2016-10-08,17:00,3400.0,880.0,2840.0,720.0,－－－－－－－－－－,10.0,10.0,0.0,30.0,0.0,260.0,-1350.0,3400.0,yonden
2016,10,2016-10-08,18:00,3430.0,880.0,2940.0,710.0,－－－－－－－－－－,10.0,0.0,0.0,40.0,0.0,150.0,-1300.0,3430.0,yonden
2016,10,2016-10-08,19:00,3280.0,880.0,2930.0,610.0,－－－－－－－－－－,10.0,0.0,0.0,50.0,0.0,140.0,-1340.0,3280.0,yonden
2016,10,2016-10-08,20:00,3120.0,880.0,2900.0,570.0,－－－－－－－－－－,10.0,0.0,0.0,70.0,0.0,0.0,-1310.0,3120.0,yonden
2016,10,2016-10-08,21:00,2940.0,880.0,2770.0,560.0,－－－－－－－－－－,10.0,0.0,0.0,90.0,0.0,0.0,-1370.0,2940.0,yonden
2016,10,2016-10-08,22:00,2750.0,880.0,2770.0,550.0,－－－－－－－－－－,10.0,0.0,0.0,90.0,0.0,0.0,-1550.0,2750.0,yonden
2016,10,2016-10-08,23:00,2630.0,880.0,2750.0,560.0,－－－－－－－－－－,10.0,0.0,0.0,100.0,0.0,0.0,-1670.0,2630.0,yonden
2016,10,2016-10-09,00:00,2490.0,880.0,2760.0,560.0,－－－－－－－－－－,10.0,0.0,0.0,60.0,0.0,0.0,-1780.0,2490.0,yonden
2016,10,2016-10-09,01:00,2430.0,880.0,2660.0,570.0,－－－－－－－－－－,10.0,0.0,0.0,70.0,0.0,0.0,-1760.0,2430.0,yonden
2016,10,2016-10-09,02:00,2510.0,880.0,2700.0,590.0,－－－－－－－－－－,10.0,0.0,0.0,60.0,0.0,0.0,-1730.0,2510.0,yonden
2016,10,2016-10-09,03:00,2660.0,880.0,2720.0,610.0,－－－－－－－－－－,10.0,0.0,0.0,70.0,0.0,0.0,-1630.0,2660.0,yonden
2016,10,2016-10-09,04:00,2740.0,880.0,2690.0,640.0,－－－－－－－－－－,10.0,0.0,0.0,90.0,0.0,0.0,-1570.0,2740.0,yonden
2016,10,2016-10-09,05:00,2640.0,880.0,2580.0,680.0,－－－－－－－－－－,10.0,0.0,0.0,100.0,0.0,0.0,-1610.0,2640.0,yonden
2016,10,2016-10-09,06:00,2450.0,880.0,2540.0,690.0,－－－－－－－－－－,10.0,10.0,0.0,100.0,0.0,0.0,-1780.0,2450.0,yonden
2016,10,2016-10-09,07:00,2350.0,880.0,2430.0,670.0,－－－－－－－－－－,10.0,40.0,0.0,110.0,0.0,0.0,-1790.0,2350.0,yonden
2016,10,2016-10-09,08:00,2460.0,880.0,2440.0,650.0,－－－－－－－－－－,10.0,120.0,0.0,110.0,0.0,0.0,-1750.0,2460.0,yonden
2016,10,2016-10-09,09:00,2570.0,880.0,2520.0,640.0,－－－－－－－－－－,10.0,230.0,0.0,100.0,0.0,0.0,-1810.0,2570.0,yonden
2016,10,2016-10-09,10:00,2500.0,880.0,2350.0,620.0,－－－－－－－－－－,10.0,390.0,0.0,80.0,0.0,0.0,-1830.0,2500.0,yonden
2016,10,2016-10-09,11:00,2570.0,880.0,2510.0,620.0,－－－－－－－－－－,10.0,570.0,0.0,70.0,0.0,-270.0,-1820.0,2570.0,yonden
2016,10,2016-10-09,12:00,2610.0,880.0,2530.0,610.0,－－－－－－－－－－,10.0,630.0,0.0,80.0,0.0,-300.0,-1830.0,2610.0,yonden
2016,10,2016-10-09,13:00,2630.0,880.0,2350.0,580.0,－－－－－－－－－－,10.0,620.0,0.0,80.0,0.0,-50.0,-1840.0,2630.0,yonden
2016,10,2016-10-09,14:00,2600.0,880.0,2280.0,580.0,－－－－－－－－－－,10.0,620.0,0.0,60.0,0.0,0.0,-1830.0,2600.0,yonden
2016,10,2016-10-09,15:00,2660.0,880.0,2480.0,630.0,－－－－－－－－－－,10.0,500.0,0.0,60.0,0.0,-180.0,-1720.0,2660.0,yonden
2016,10,2016-10-09,16:00,2680.0,880.0,2550.0,630.0,－－－－－－－－－－,10.0,220.0,0.0,50.0,0.0,0.0,-1660.0,2680.0,yonden
2016,10,2016-10-09,17:00,2760.0,880.0,2650.0,700.0,－－－－－－－－－－,10.0,30.0,0.0,60.0,0.0,0.0,-1570.0,2760.0,yonden
2016,10,2016-10-09,18:00,2900.0,880.0,2720.0,750.0,－－－－－－－－－－,10.0,0.0,0.0,60.0,0.0,0.0,-1520.0,2900.0,yonden
2016,10,2016-10-09,19:00,2830.0,880.0,2720.0,690.0,－－－－－－－－－－,10.0,0.0,0.0,60.0,0.0,0.0,-1530.0,2830.0,yonden
2016,10,2016-10-09,20:00,2700.0,880.0,2640.0,620.0,－－－－－－－－－－,10.0,0.0,0.0,60.0,0.0,0.0,-1510.0,2700.0,yonden
2016,10,2016-10-09,21:00,2540.0,880.0,2590.0,620.0,－－－－－－－－－－,10.0,0.0,0.0,50.0,0.0,0.0,-1610.0,2540.0,yonden
2016,10,2016-10-09,22:00,2390.0,880.0,2570.0,610.0,－－－－－－－－－－,10.0,0.0,0.0,60.0,0.0,0.0,-1740.0,2390.0,yonden
2016,10,2016-10-09,23:00,2290.0,880.0,2490.0,600.0,－－－－－－－－－－,10.0,0.0,0.0,60.0,0.0,0.0,-1750.0,2290.0,yonden
2016,10,2016-10-10,00:00,2180.0,870.0,2460.0,540.0,－－－－－－－－－－,10.0,0.0,0.0,70.0,0.0,0.0,-1770.0,2180.0,yonden
2016,10,2016-10-10,01:00,2150.0,880.0,2400.0,540.0,－－－－－－－－－－,10.0,0.0,0.0,80.0,0.0,0.0,-1760.0,2150.0,yonden
2016,10,2016-10-10,02:00,2290.0,880.0,2460.0,580.0,－－－－－－－－－－,10.0,0.0,0.0,80.0,0.0,0.0,-1720.0,2290.0,yonden
2016,10,2016-10-10,03:00,2530.0,880.0,2510.0,690.0,－－－－－－－－－－,10.0,0.0,0.0,90.0,0.0,0.0,-1650.0,2530.0,yonden
2016,10,2016-10-10,04:00,2660.0,880.0,2540.0,700.0,－－－－－－－－－－,10.0,0.0,0.0,80.0,0.0,0.0,-1550.0,2660.0,yonden
2016,10,2016-10-10,05:00,2600.0,880.0,2560.0,650.0,－－－－－－－－－－,10.0,0.0,0.0,90.0,0.0,0.0,-1590.0,2600.0,yonden
2016,10,2016-10-10,06:00,2360.0,880.0,2490.0,630.0,－－－－－－－－－－,10.0,30.0,0.0,80.0,0.0,0.0,-1760.0,2360.0,yonden
2016,10,2016-10-10,07:00,2290.0,880.0,2480.0,640.0,－－－－－－－－－－,10.0,220.0,0.0,70.0,0.0,-180.0,-1830.0,2290.0,yonden
2016,10,2016-10-10,08:00,2500.0,880.0,2530.0,600.0,－－－－－－－－－－,10.0,510.0,0.0,70.0,0.0,-310.0,-1790.0,2500.0,yonden
2016,10,2016-10-10,09:00,2640.0,880.0,2410.0,540.0,－－－－－－－－－－,10.0,830.0,0.0,70.0,0.0,-310.0,-1790.0,2640.0,yonden
2016,10,2016-10-10,10:00,2740.0,880.0,2240.0,560.0,－－－－－－－－－－,10.0,1100.0,0.0,60.0,0.0,-310.0,-1800.0,2740.0,yonden
2016,10,2016-10-10,11:00,2830.0,880.0,2200.0,510.0,－－－－－－－－－－,10.0,1290.0,0.0,70.0,0.0,-310.0,-1820.0,2830.0,yonden
2016,10,2016-10-10,12:00,2760.0,880.0,2120.0,490.0,－－－－－－－－－－,10.0,1330.0,0.0,70.0,0.0,-300.0,-1840.0,2760.0,yonden
2016,10,2016-10-10,13:00,2840.0,880.0,2250.0,510.0,－－－－－－－－－－,10.0,1250.0,0.0,70.0,0.0,-300.0,-1830.0,2840.0,yonden
2016,10,2016-10-10,14:00,2840.0,880.0,2410.0,530.0,－－－－－－－－－－,10.0,1030.0,0.0,70.0,0.0,-300.0,-1790.0,2840.0,yonden
2016,10,2016-10-10,15:00,2890.0,880.0,2600.0,540.0,－－－－－－－－－－,10.0,720.0,0.0,70.0,0.0,-200.0,-1730.0,2890.0,yonden
2016,10,2016-10-10,16:00,2900.0,880.0,2620.0,610.0,－－－－－－－－－－,10.0,380.0,0.0,70.0,0.0,0.0,-1670.0,2900.0,yonden
2016,10,2016-10-10,17:00,2920.0,880.0,2720.0,710.0,－－－－－－－－－－,10.0,70.0,0.0,80.0,0.0,0.0,-1550.0,2920.0,yonden
2016,10,2016-10-10,18:00,2960.0,880.0,2780.0,750.0,－－－－－－－－－－,10.0,0.0,0.0,70.0,0.0,0.0,-1530.0,2960.0,yonden
2016,10,2016-10-10,19:00,2860.0,880.0,2700.0,740.0,－－－－－－－－－－,10.0,0.0,0.0,60.0,0.0,0.0,-1530.0,2860.0,yonden
2016,10,2016-10-10,20:00,2720.0,880.0,2640.0,660.0,－－－－－－－－－－,10.0,0.0,0.0,50.0,0.0,0.0,-1520.0,2720.0,yonden
2016,10,2016-10-10,21:00,2590.0,880.0,2700.0,540.0,－－－－－－－－－－,10.0,0.0,0.0,50.0,0.0,0.0,-1590.0,2590.0,yonden
2016,10,2016-10-10,22:00,2440.0,880.0,2710.0,500.0,－－－－－－－－－－,10.0,0.0,0.0,60.0,0.0,0.0,-1720.0,2440.0,yonden
2016,10,2016-10-10,23:00,2330.0,880.0,2620.0,510.0,－－－－－－－－－－,10.0,0.0,0.0,70.0,0.0,0.0,-1760.0,2330.0,yonden
2016,10,2016-10-11,00:00,2220.0,880.0,2620.0,530.0,－－－－－－－－－－,10.0,0.0,0.0,60.0,0.0,-300.0,-1580.0,2220.0,yonden
2016,10,2016-10-11,01:00,2210.0,880.0,2670.0,520.0,－－－－－－－－－－,10.0,0.0,0.0,40.0,0.0,-300.0,-1610.0,2210.0,yonden
2016,10,2016-10-11,02:00,2370.0,880.0,2690.0,560.0,－－－－－－－－－－,10.0,0.0,0.0,40.0,0.0,-300.0,-1510.0,2370.0,yonden
2016,10,2016-10-11,03:00,2620.0,880.0,2710.0,620.0,－－－－－－－－－－,10.0,0.0,0.0,40.0,0.0,0.0,-1640.0,2620.0,yonden
2016,10,2016-10-11,04:00,2780.0,880.0,2730.0,650.0,－－－－－－－－－－,10.0,0.0,0.0,40.0,0.0,0.0,-1530.0,2780.0,yonden
2016,10,2016-10-11,05:00,2770.0,880.0,2810.0,580.0,－－－－－－－－－－,10.0,0.0,0.0,30.0,0.0,0.0,-1540.0,2770.0,yonden
2016,10,2016-10-11,06:00,2620.0,880.0,2750.0,570.0,－－－－－－－－－－,10.0,30.0,0.0,30.0,0.0,0.0,-1650.0,2620.0,yonden
2016,10,2016-10-11,07:00,2570.0,880.0,2650.0,550.0,－－－－－－－－－－,10.0,170.0,0.0,20.0,0.0,0.0,-1710.0,2570.0,yonden
2016,10,2016-10-11,08:00,2940.0,880.0,2690.0,530.0,－－－－－－－－－－,10.0,390.0,0.0,10.0,0.0,0.0,-1570.0,2940.0,yonden
2016,10,2016-10-11,09:00,3170.0,880.0,2770.0,560.0,－－－－－－－－－－,10.0,510.0,0.0,10.0,0.0,0.0,-1570.0,3170.0,yonden
2016,10,2016-10-11,10:00,3190.0,880.0,2640.0,580.0,－－－－－－－－－－,10.0,740.0,0.0,10.0,0.0,0.0,-1670.0,3190.0,yonden
2016,10,2016-10-11,11:00,3330.0,880.0,2520.0,610.0,－－－－－－－－－－,10.0,980.0,0.0,10.0,0.0,0.0,-1680.0,3330.0,yonden
2016,10,2016-10-11,12:00,3200.0,880.0,2560.0,530.0,－－－－－－－－－－,10.0,940.0,0.0,20.0,0.0,0.0,-1740.0,3200.0,yonden
2016,10,2016-10-11,13:00,3420.0,880.0,2880.0,570.0,－－－－－－－－－－,10.0,780.0,0.0,20.0,0.0,0.0,-1720.0,3420.0,yonden
2016,10,2016-10-11,14:00,3460.0,880.0,3020.0,510.0,－－－－－－－－－－,10.0,520.0,0.0,20.0,0.0,220.0,-1720.0,3460.0,yonden
2016,10,2016-10-11,15:00,3370.0,880.0,2980.0,590.0,－－－－－－－－－－,10.0,270.0,0.0,20.0,0.0,160.0,-1540.0,3370.0,yonden
2016,10,2016-10-11,16:00,3360.0,880.0,2910.0,620.0,－－－－－－－－－－,10.0,110.0,0.0,40.0,0.0,310.0,-1520.0,3360.0,yonden
2016,10,2016-10-11,17:00,3350.0,880.0,2770.0,660.0,－－－－－－－－－－,10.0,10.0,0.0,40.0,0.0,310.0,-1330.0,3350.0,yonden
2016,10,2016-10-11,18:00,3340.0,880.0,2730.0,700.0,－－－－－－－－－－,10.0,0.0,0.0,30.0,0.0,180.0,-1190.0,3340.0,yonden
2016,10,2016-10-11,19:00,3170.0,880.0,2730.0,650.0,－－－－－－－－－－,10.0,0.0,0.0,0.0,0.0,90.0,-1190.0,3170.0,yonden
2016,10,2016-10-11,20:00,2980.0,880.0,2760.0,570.0,－－－－－－－－－－,10.0,0.0,0.0,10.0,0.0,0.0,-1250.0,2980.0,yonden
2016,10,2016-10-11,21:00,2790.0,880.0,2730.0,510.0,－－－－－－－－－－,10.0,0.0,0.0,20.0,0.0,0.0,-1360.0,2790.0,yonden
2016,10,2016-10-11,22:00,2610.0,880.0,2710.0,510.0,－－－－－－－－－－,10.0,0.0,0.0,20.0,0.0,0.0,-1520.0,2610.0,yonden
2016,10,2016-10-11,23:00,2510.0,880.0,2750.0,480.0,－－－－－－－－－－,10.0,0.0,0.0,10.0,0.0,0.0,-1620.0,2510.0,yonden
2016,10,2016-10-12,00:00,2380.0,880.0,2740.0,510.0,－－－－－－－－－－,10.0,0.0,0.0,10.0,0.0,-300.0,-1470.0,2380.0,yonden
2016,10,2016-10-12,01:00,2350.0,880.0,2740.0,470.0,－－－－－－－－－－,10.0,0.0,0.0,20.0,0.0,-300.0,-1470.0,2350.0,yonden
2016,10,2016-10-12,02:00,2500.0,880.0,2760.0,470.0,－－－－－－－－－－,10.0,0.0,0.0,20.0,0.0,-300.0,-1340.0,2500.0,yonden
2016,10,2016-10-12,03:00,2740.0,880.0,2770.0,500.0,－－－－－－－－－－,10.0,0.0,0.0,30.0,0.0,0.0,-1450.0,2740.0,yonden
2016,10,2016-10-12,04:00,2880.0,880.0,2830.0,570.0,－－－－－－－－－－,10.0,0.0,0.0,30.0,0.0,0.0,-1440.0,2880.0,yonden
2016,10,2016-10-12,05:00,2840.0,880.0,2870.0,560.0,－－－－－－－－－－,10.0,0.0,0.0,40.0,0.0,0.0,-1520.0,2840.0,yonden
2016,10,2016-10-12,06:00,2680.0,880.0,2900.0,470.0,－－－－－－－－－－,10.0,20.0,0.0,50.0,0.0,0.0,-1650.0,2680.0,yonden
2016,10,2016-10-12,07:00,2620.0,880.0,2860.0,460.0,－－－－－－－－－－,10.0,160.0,0.0,40.0,0.0,0.0,-1790.0,2620.0,yonden
2016,10,2016-10-12,08:00,2950.0,880.0,3000.0,430.0,－－－－－－－－－－,10.0,360.0,0.0,40.0,0.0,0.0,-1770.0,2950.0,yonden
2016,10,2016-10-12,09:00,3120.0,880.0,2960.0,420.0,－－－－－－－－－－,10.0,610.0,0.0,50.0,0.0,0.0,-1810.0,3120.0,yonden
2016,10,2016-10-12,10:00,3180.0,880.0,2740.0,430.0,－－－－－－－－－－,10.0,900.0,0.0,40.0,0.0,0.0,-1820.0,3180.0,yonden
2016,10,2016-10-12,11:00,3310.0,880.0,2720.0,440.0,－－－－－－－－－－,10.0,1040.0,0.0,30.0,0.0,0.0,-1810.0,3310.0,yonden
2016,10,2016-10-12,12:00,3190.0,880.0,2640.0,380.0,－－－－－－－－－－,10.0,1020.0,0.0,30.0,0.0,0.0,-1770.0,3190.0,yonden
2016,10,2016-10-12,13:00,3300.0,880.0,2840.0,470.0,－－－－－－－－－－,10.0,780.0,0.0,30.0,0.0,0.0,-1710.0,3300.0,yonden
2016,10,2016-10-12,14:00,3280.0,880.0,2760.0,460.0,－－－－－－－－－－,10.0,720.0,0.0,30.0,0.0,0.0,-1580.0,3280.0,yonden
2016,10,2016-10-12,15:00,3330.0,880.0,2730.0,580.0,－－－－－－－－－－,10.0,520.0,0.0,30.0,0.0,30.0,-1450.0,3330.0,yonden
2016,10,2016-10-12,16:00,3390.0,880.0,2750.0,670.0,－－－－－－－－－－,10.0,210.0,0.0,20.0,0.0,280.0,-1430.0,3390.0,yonden
2016,10,2016-10-12,17:00,3330.0,880.0,2760.0,700.0,－－－－－－－－－－,10.0,20.0,0.0,20.0,0.0,280.0,-1340.0,3330.0,yonden
2016,10,2016-10-12,18:00,3330.0,880.0,2770.0,670.0,－－－－－－－－－－,10.0,0.0,0.0,20.0,0.0,120.0,-1140.0,3330.0,yonden
2016,10,2016-10-12,19:00,3160.0,880.0,2800.0,700.0,－－－－－－－－－－,10.0,0.0,0.0,20.0,0.0,0.0,-1250.0,3160.0,yonden
2016,10,2016-10-12,20:00,2990.0,880.0,2780.0,570.0,－－－－－－－－－－,10.0,0.0,0.0,20.0,0.0,0.0,-1270.0,2990.0,yonden
2016,10,2016-10-12,21:00,2780.0,880.0,2780.0,470.0,－－－－－－－－－－,10.0,0.0,0.0,20.0,0.0,0.0,-1380.0,2780.0,yonden
2016,10,2016-10-12,22:00,2610.0,880.0,2770.0,440.0,－－－－－－－－－－,10.0,0.0,0.0,30.0,0.0,0.0,-1520.0,2610.0,yonden
2016,10,2016-10-12,23:00,2520.0,880.0,2800.0,410.0,－－－－－－－－－－,10.0,0.0,0.0,30.0,0.0,0.0,-1610.0,2520.0,yonden
2016,10,2016-10-13,00:00,2410.0,880.0,2700.0,410.0,－－－－－－－－－－,10.0,0.0,0.0,40.0,0.0,-200.0,-1430.0,2410.0,yonden
2016,10,2016-10-13,01:00,2380.0,880.0,2630.0,430.0,－－－－－－－－－－,10.0,0.0,0.0,40.0,0.0,-300.0,-1310.0,2380.0,yonden
2016,10,2016-10-13,02:00,2520.0,880.0,2690.0,440.0,－－－－－－－－－－,10.0,0.0,0.0,50.0,0.0,-300.0,-1250.0,2520.0,yonden
2016,10,2016-10-13,03:00,2750.0,880.0,2720.0,510.0,－－－－－－－－－－,10.0,0.0,0.0,60.0,0.0,0.0,-1430.0,2750.0,yonden
2016,10,2016-10-13,04:00,2880.0,880.0,2700.0,540.0,－－－－－－－－－－,10.0,0.0,0.0,60.0,0.0,0.0,-1310.0,2880.0,yonden
2016,10,2016-10-13,05:00,2830.0,880.0,2700.0,470.0,－－－－－－－－－－,10.0,0.0,0.0,60.0,0.0,0.0,-1290.0,2830.0,yonden
2016,10,2016-10-13,06:00,2680.0,880.0,2700.0,410.0,－－－－－－－－－－,10.0,10.0,0.0,50.0,0.0,0.0,-1380.0,2680.0,yonden
2016,10,2016-10-13,07:00,2670.0,880.0,2810.0,400.0,－－－－－－－－－－,10.0,50.0,0.0,50.0,0.0,0.0,-1530.0,2670.0,yonden
2016,10,2016-10-13,08:00,3020.0,880.0,2900.0,440.0,－－－－－－－－－－,10.0,160.0,0.0,40.0,0.0,0.0,-1410.0,3020.0,yonden
2016,10,2016-10-13,09:00,3150.0,880.0,2810.0,540.0,－－－－－－－－－－,10.0,290.0,0.0,40.0,0.0,0.0,-1420.0,3150.0,yonden
2016,10,2016-10-13,10:00,3170.0,880.0,2750.0,500.0,－－－－－－－－－－,10.0,530.0,0.0,30.0,0.0,0.0,-1530.0,3170.0,yonden
2016,10,2016-10-13,11:00,3300.0,880.0,2770.0,420.0,－－－－－－－－－－,10.0,700.0,0.0,40.0,0.0,0.0,-1520.0,3300.0,yonden
2016,10,2016-10-13,12:00,3100.0,880.0,2730.0,380.0,－－－－－－－－－－,10.0,700.0,0.0,40.0,0.0,-280.0,-1360.0,3100.0,yonden
2016,10,2016-10-13,13:00,3330.0,880.0,2810.0,370.0,－－－－－－－－－－,10.0,580.0,0.0,40.0,0.0,-50.0,-1310.0,3330.0,yonden
2016,10,2016-10-13,14:00,3240.0,880.0,2730.0,390.0,－－－－－－－－－－,10.0,490.0,0.0,40.0,0.0,0.0,-1300.0,3240.0,yonden
2016,10,2016-10-13,15:00,3270.0,880.0,2820.0,530.0,－－－－－－－－－－,10.0,300.0,0.0,50.0,0.0,0.0,-1320.0,3270.0,yonden
2016,10,2016-10-13,16:00,3280.0,880.0,2800.0,620.0,－－－－－－－－－－,10.0,120.0,0.0,60.0,0.0,100.0,-1310.0,3280.0,yonden
2016,10,2016-10-13,17:00,3300.0,880.0,2780.0,650.0,－－－－－－－－－－,10.0,10.0,0.0,50.0,0.0,230.0,-1310.0,3300.0,yonden
2016,10,2016-10-13,18:00,3300.0,880.0,2760.0,620.0,－－－－－－－－－－,10.0,0.0,0.0,40.0,0.0,320.0,-1330.0,3300.0,yonden
2016,10,2016-10-13,19:00,3120.0,880.0,2770.0,630.0,－－－－－－－－－－,10.0,0.0,0.0,30.0,0.0,50.0,-1250.0,3120.0,yonden
2016,10,2016-10-13,20:00,2950.0,880.0,2770.0,510.0,－－－－－－－－－－,10.0,0.0,0.0,30.0,0.0,0.0,-1250.0,2950.0,yonden
2016,10,2016-10-13,21:00,2760.0,880.0,2770.0,430.0,－－－－－－－－－－,10.0,0.0,0.0,50.0,0.0,0.0,-1380.0,2760.0,yonden
2016,10,2016-10-13,22:00,2570.0,880.0,2760.0,410.0,－－－－－－－－－－,10.0,0.0,0.0,50.0,0.0,0.0,-1540.0,2570.0,yonden
2016,10,2016-10-13,23:00,2450.0,880.0,2700.0,390.0,－－－－－－－－－－,10.0,0.0,0.0,50.0,0.0,0.0,-1580.0,2450.0,yonden
2016,10,2016-10-14,00:00,2340.0,870.0,2610.0,340.0,－－－－－－－－－－,10.0,0.0,0.0,50.0,0.0,0.0,-1540.0,2340.0,yonden
2016,10,2016-10-14,01:00,2350.0,880.0,2610.0,330.0,－－－－－－－－－－,10.0,0.0,0.0,40.0,0.0,0.0,-1520.0,2350.0,yonden
2016,10,2016-10-14,02:00,2510.0,880.0,2670.0,360.0,－－－－－－－－－－,10.0,0.0,0.0,40.0,0.0,0.0,-1450.0,2510.0,yonden
2016,10,2016-10-14,03:00,2760.0,880.0,2710.0,480.0,－－－－－－－－－－,10.0,0.0,0.0,50.0,0.0,0.0,-1370.0,2760.0,yonden
2016,10,2016-10-14,04:00,2880.0,880.0,2680.0,510.0,－－－－－－－－－－,10.0,0.0,0.0,50.0,0.0,0.0,-1250.0,2880.0,yonden
2016,10,2016-10-14,05:00,2840.0,880.0,2670.0,450.0,－－－－－－－－－－,10.0,0.0,0.0,50.0,0.0,0.0,-1220.0,2840.0,yonden
2016,10,2016-10-14,06:00,2690.0,880.0,2620.0,410.0,－－－－－－－－－－,10.0,10.0,0.0,40.0,0.0,0.0,-1280.0,2690.0,yonden
2016,10,2016-10-14,07:00,2630.0,880.0,2740.0,370.0,－－－－－－－－－－,10.0,90.0,0.0,40.0,0.0,0.0,-1500.0,2630.0,yonden
2016,10,2016-10-14,08:00,2930.0,880.0,2870.0,470.0,－－－－－－－－－－,10.0,220.0,0.0,40.0,0.0,0.0,-1560.0,2930.0,yonden
2016,10,2016-10-14,09:00,3080.0,880.0,2970.0,500.0,－－－－－－－－－－,10.0,380.0,0.0,30.0,0.0,0.0,-1690.0,3080.0,yonden
2016,10,2016-10-14,10:00,3110.0,880.0,2880.0,540.0,－－－－－－－－－－,10.0,550.0,0.0,20.0,0.0,0.0,-1770.0,3110.0,yonden
2016,10,2016-10-14,11:00,3190.0,880.0,2910.0,480.0,－－－－－－－－－－,10.0,600.0,0.0,10.0,0.0,0.0,-1700.0,3190.0,yonden
2016,10,2016-10-14,12:00,2970.0,880.0,2930.0,350.0,－－－－－－－－－－,10.0,580.0,0.0,10.0,0.0,0.0,-1790.0,2970.0,yonden
2016,10,2016-10-14,13:00,3160.0,880.0,2930.0,380.0,－－－－－－－－－－,10.0,630.0,0.0,10.0,0.0,50.0,-1730.0,3160.0,yonden
2016,10,2016-10-14,14:00,3240.0,880.0,2940.0,400.0,－－－－－－－－－－,10.0,550.0,0.0,10.0,0.0,220.0,-1770.0,3240.0,yonden
2016,10,2016-10-14,15:00,3220.0,880.0,2880.0,480.0,－－－－－－－－－－,10.0,390.0,0.0,20.0,0.0,250.0,-1690.0,3220.0,yonden
2016,10,2016-10-14,16:00,3220.0,880.0,2820.0,590.0,－－－－－－－－－－,10.0,190.0,0.0,20.0,0.0,240.0,-1530.0,3220.0,yonden
2016,10,2016-10-14,17:00,3220.0,880.0,2820.0,670.0,－－－－－－－－－－,10.0,20.0,0.0,20.0,0.0,220.0,-1420.0,3220.0,yonden
2016,10,2016-10-14,18:00,3240.0,880.0,2810.0,710.0,－－－－－－－－－－,10.0,0.0,0.0,20.0,0.0,180.0,-1370.0,3240.0,yonden
2016,10,2016-10-14,19:00,3080.0,880.0,2840.0,640.0,－－－－－－－－－－,10.0,0.0,0.0,20.0,0.0,70.0,-1380.0,3080.0,yonden
2016,10,2016-10-14,20:00,2910.0,880.0,2800.0,490.0,－－－－－－－－－－,10.0,0.0,0.0,10.0,0.0,0.0,-1280.0,2910.0,yonden
2016,10,2016-10-14,21:00,2710.0,880.0,2750.0,400.0,－－－－－－－－－－,10.0,0.0,0.0,0.0,0.0,0.0,-1330.0,2710.0,yonden
2016,10,2016-10-14,22:00,2520.0,880.0,2680.0,350.0,－－－－－－－－－－,10.0,0.0,0.0,10.0,0.0,0.0,-1410.0,2520.0,yonden
2016,10,2016-10-14,23:00,2410.0,880.0,2650.0,340.0,－－－－－－－－－－,10.0,0.0,0.0,10.0,0.0,0.0,-1480.0,2410.0,yonden
2016,10,2016-10-15,00:00,2290.0,880.0,2630.0,300.0,－－－－－－－－－－,10.0,0.0,0.0,20.0,0.0,0.0,-1550.0,2290.0,yonden
2016,10,2016-10-15,01:00,2280.0,880.0,2640.0,300.0,－－－－－－－－－－,10.0,0.0,0.0,30.0,0.0,0.0,-1580.0,2280.0,yonden
2016,10,2016-10-15,02:00,2440.0,880.0,2640.0,410.0,－－－－－－－－－－,10.0,0.0,0.0,30.0,0.0,0.0,-1530.0,2440.0,yonden
2016,10,2016-10-15,03:00,2670.0,880.0,2620.0,480.0,－－－－－－－－－－,10.0,0.0,0.0,20.0,0.0,0.0,-1340.0,2670.0,yonden
2016,10,2016-10-15,04:00,2790.0,880.0,2610.0,480.0,－－－－－－－－－－,10.0,0.0,0.0,20.0,0.0,0.0,-1210.0,2790.0,yonden
2016,10,2016-10-15,05:00,2700.0,880.0,2560.0,450.0,－－－－－－－－－－,10.0,0.0,0.0,10.0,0.0,0.0,-1210.0,2700.0,yonden
2016,10,2016-10-15,06:00,2450.0,880.0,2470.0,420.0,－－－－－－－－－－,10.0,30.0,0.0,20.0,0.0,0.0,-1380.0,2450.0,yonden
2016,10,2016-10-15,07:00,2290.0,880.0,2510.0,390.0,－－－－－－－－－－,10.0,260.0,0.0,20.0,0.0,-310.0,-1470.0,2290.0,yonden
2016,10,2016-10-15,08:00,2440.0,880.0,2470.0,300.0,－－－－－－－－－－,10.0,580.0,0.0,20.0,0.0,-310.0,-1510.0,2440.0,yonden
2016,10,2016-10-15,09:00,2620.0,880.0,2430.0,330.0,－－－－－－－－－－,10.0,910.0,0.0,10.0,0.0,-310.0,-1640.0,2620.0,yonden
2016,10,2016-10-15,10:00,2730.0,880.0,2390.0,350.0,－－－－－－－－－－,10.0,1170.0,0.0,0.0,0.0,-310.0,-1760.0,2730.0,yonden
2016,10,2016-10-15,11:00,2840.0,880.0,2340.0,370.0,－－－－－－－－－－,10.0,1300.0,0.0,0.0,0.0,-300.0,-1760.0,2840.0,yonden
2016,10,2016-10-15,12:00,2820.0,880.0,2330.0,340.0,－－－－－－－－－－,10.0,1300.0,0.0,0.0,0.0,-300.0,-1740.0,2820.0,yonden
2016,10,2016-10-15,13:00,2890.0,880.0,2500.0,360.0,－－－－－－－－－－,10.0,1080.0,0.0,0.0,0.0,-300.0,-1640.0,2890.0,yonden
2016,10,2016-10-15,14:00,2910.0,880.0,2660.0,320.0,－－－－－－－－－－,10.0,760.0,0.0,0.0,0.0,-150.0,-1570.0,2910.0,yonden
2016,10,2016-10-15,15:00,2870.0,880.0,2690.0,320.0,－－－－－－－－－－,10.0,430.0,0.0,0.0,0.0,0.0,-1460.0,2870.0,yonden
2016,10,2016-10-15,16:00,2820.0,880.0,2710.0,400.0,－－－－－－－－－－,10.0,150.0,0.0,0.0,0.0,100.0,-1430.0,2820.0,yonden
2016,10,2016-10-15,17:00,2900.0,880.0,2710.0,470.0,－－－－－－－－－－,10.0,10.0,0.0,10.0,0.0,300.0,-1490.0,2900.0,yonden
2016,10,2016-10-15,18:00,2950.0,880.0,2700.0,540.0,－－－－－－－－－－,10.0,0.0,0.0,20.0,0.0,310.0,-1510.0,2950.0,yonden
2016,10,2016-10-15,19:00,2850.0,880.0,2700.0,460.0,－－－－－－－－－－,10.0,0.0,0.0,30.0,0.0,260.0,-1490.0,2850.0,yonden
2016,10,2016-10-15,20:00,2740.0,880.0,2700.0,360.0,－－－－－－－－－－,10.0,0.0,0.0,40.0,0.0,180.0,-1430.0,2740.0,yonden
2016,10,2016-10-15,21:00,2570.0,880.0,2630.0,310.0,－－－－－－－－－－,10.0,0.0,0.0,40.0,0.0,0.0,-1300.0,2570.0,yonden
2016,10,2016-10-15,22:00,2390.0,880.0,2590.0,240.0,－－－－－－－－－－,10.0,0.0,0.0,40.0,0.0,0.0,-1370.0,2390.0,yonden
2016,10,2016-10-15,23:00,2290.0,880.0,2580.0,230.0,－－－－－－－－－－,10.0,0.0,0.0,40.0,0.0,0.0,-1450.0,2290.0,yonden
2016,10,2016-10-16,00:00,2150.0,880.0,2540.0,220.0,－－－－－－－－－－,10.0,0.0,0.0,40.0,0.0,0.0,-1540.0,2150.0,yonden
2016,10,2016-10-16,01:00,2150.0,880.0,2520.0,220.0,－－－－－－－－－－,10.0,0.0,0.0,30.0,0.0,0.0,-1510.0,2150.0,yonden
2016,10,2016-10-16,02:00,2330.0,880.0,2530.0,240.0,－－－－－－－－－－,10.0,0.0,0.0,30.0,0.0,0.0,-1360.0,2330.0,yonden
2016,10,2016-10-16,03:00,2570.0,880.0,2540.0,300.0,－－－－－－－－－－,10.0,0.0,0.0,30.0,0.0,0.0,-1190.0,2570.0,yonden
2016,10,2016-10-16,04:00,2680.0,880.0,2570.0,340.0,－－－－－－－－－－,10.0,0.0,0.0,20.0,0.0,0.0,-1140.0,2680.0,yonden
2016,10,2016-10-16,05:00,2550.0,880.0,2580.0,330.0,－－－－－－－－－－,10.0,0.0,0.0,20.0,0.0,0.0,-1270.0,2550.0,yonden
2016,10,2016-10-16,06:00,2270.0,880.0,2520.0,310.0,－－－－－－－－－－,10.0,10.0,0.0,20.0,0.0,-160.0,-1320.0,2270.0,yonden
2016,10,2016-10-16,07:00,2140.0,880.0,2550.0,300.0,－－－－－－－－－－,10.0,100.0,0.0,30.0,0.0,-310.0,-1420.0,2140.0,yonden
2016,10,2016-10-16,08:00,2200.0,880.0,2560.0,250.0,－－－－－－－－－－,10.0,250.0,0.0,30.0,0.0,-310.0,-1470.0,2200.0,yonden
2016,10,2016-10-16,09:00,2320.0,880.0,2420.0,290.0,－－－－－－－－－－,10.0,460.0,0.0,30.0,0.0,-300.0,-1470.0,2320.0,yonden
2016,10,2016-10-16,10:00,2390.0,880.0,2360.0,270.0,－－－－－－－－－－,10.0,620.0,0.0,30.0,0.0,-300.0,-1480.0,2390.0,yonden
2016,10,2016-10-16,11:00,2480.0,880.0,2360.0,250.0,－－－－－－－－－－,10.0,670.0,0.0,30.0,0.0,-300.0,-1420.0,2480.0,yonden
2016,10,2016-10-16,12:00,2510.0,880.0,2310.0,250.0,－－－－－－－－－－,10.0,590.0,0.0,50.0,0.0,-300.0,-1280.0,2510.0,yonden
2016,10,2016-10-16,13:00,2480.0,880.0,2400.0,240.0,－－－－－－－－－－,10.0,430.0,0.0,60.0,0.0,-300.0,-1240.0,2480.0,yonden
2016,10,2016-10-16,14:00,2500.0,880.0,2470.0,250.0,－－－－－－－－－－,10.0,250.0,0.0,70.0,0.0,-300.0,-1130.0,2500.0,yonden
2016,10,2016-10-16,15:00,2510.0,880.0,2440.0,290.0,－－－－－－－－－－,10.0,150.0,0.0,50.0,0.0,-150.0,-1160.0,2510.0,yonden
2016,10,2016-10-16,16:00,2570.0,880.0,2570.0,350.0,－－－－－－－－－－,10.0,50.0,0.0,60.0,0.0,0.0,-1350.0,2570.0,yonden
2016,10,2016-10-16,17:00,2770.0,880.0,2720.0,450.0,－－－－－－－－－－,10.0,10.0,0.0,60.0,0.0,30.0,-1390.0,2770.0,yonden
2016,10,2016-10-16,18:00,2820.0,880.0,2740.0,420.0,－－－－－－－－－－,10.0,0.0,0.0,70.0,0.0,140.0,-1440.0,2820.0,yonden
2016,10,2016-10-16,19:00,2740.0,880.0,2730.0,460.0,－－－－－－－－－－,10.0,0.0,0.0,80.0,0.0,0.0,-1420.0,2740.0,yonden
2016,10,2016-10-16,20:00,2630.0,880.0,2580.0,390.0,－－－－－－－－－－,10.0,0.0,0.0,100.0,0.0,0.0,-1330.0,2630.0,yonden
2016,10,2016-10-16,21:00,2490.0,880.0,2370.0,310.0,－－－－－－－－－－,10.0,0.0,0.0,90.0,0.0,0.0,-1170.0,2490.0,yonden
2016,10,2016-10-16,22:00,2330.0,880.0,2060.0,300.0,－－－－－－－－－－,10.0,0.0,0.0,90.0,0.0,0.0,-1010.0,2330.0,yonden
2016,10,2016-10-16,23:00,2260.0,880.0,2040.0,330.0,－－－－－－－－－－,10.0,0.0,0.0,80.0,0.0,0.0,-1080.0,2260.0,yonden
2016,10,2016-10-17,00:00,2180.0,880.0,2390.0,380.0,－－－－－－－－－－,10.0,0.0,0.0,60.0,0.0,-280.0,-1260.0,2180.0,yonden
2016,10,2016-10-17,01:00,2190.0,880.0,2440.0,390.0,－－－－－－－－－－,10.0,0.0,0.0,40.0,0.0,-300.0,-1270.0,2190.0,yonden
2016,10,2016-10-17,02:00,2370.0,880.0,2450.0,420.0,－－－－－－－－－－,10.0,0.0,0.0,10.0,0.0,-300.0,-1100.0,2370.0,yonden
2016,10,2016-10-17,03:00,2640.0,880.0,2430.0,450.0,－－－－－－－－－－,10.0,0.0,0.0,30.0,0.0,0.0,-1160.0,2640.0,yonden
2016,10,2016-10-17,04:00,2760.0,880.0,2500.0,470.0,－－－－－－－－－－,10.0,0.0,0.0,10.0,0.0,0.0,-1110.0,2760.0,yonden
2016,10,2016-10-17,05:00,2690.0,880.0,2410.0,500.0,－－－－－－－－－－,10.0,0.0,0.0,20.0,0.0,0.0,-1130.0,2690.0,yonden
2016,10,2016-10-17,06:00,2570.0,880.0,2400.0,510.0,－－－－－－－－－－,10.0,10.0,0.0,10.0,0.0,0.0,-1250.0,2570.0,yonden
2016,10,2016-10-17,07:00,2610.0,880.0,2470.0,490.0,－－－－－－－－－－,10.0,80.0,0.0,10.0,0.0,0.0,-1330.0,2610.0,yonden
2016,10,2016-10-17,08:00,2950.0,880.0,2520.0,490.0,－－－－－－－－－－,10.0,260.0,0.0,0.0,0.0,0.0,-1210.0,2950.0,yonden
2016,10,2016-10-17,09:00,3120.0,880.0,2440.0,510.0,－－－－－－－－－－,10.0,470.0,0.0,10.0,0.0,0.0,-1200.0,3120.0,yonden
2016,10,2016-10-17,10:00,3250.0,880.0,2480.0,510.0,－－－－－－－－－－,10.0,770.0,0.0,10.0,0.0,0.0,-1410.0,3250.0,yonden
2016,10,2016-10-17,11:00,3480.0,880.0,2510.0,550.0,－－－－－－－－－－,10.0,1050.0,0.0,0.0,0.0,0.0,-1520.0,3480.0,yonden
2016,10,2016-10-17,12:00,3390.0,880.0,2350.0,510.0,－－－－－－－－－－,10.0,1110.0,0.0,0.0,0.0,0.0,-1470.0,3390.0,yonden
2016,10,2016-10-17,13:00,3650.0,880.0,2510.0,520.0,－－－－－－－－－－,10.0,990.0,0.0,0.0,0.0,0.0,-1260.0,3650.0,yonden
2016,10,2016-10-17,14:00,3740.0,880.0,2660.0,540.0,－－－－－－－－－－,10.0,750.0,0.0,10.0,0.0,0.0,-1110.0,3740.0,yonden
2016,10,2016-10-17,15:00,3660.0,880.0,2790.0,550.0,－－－－－－－－－－,10.0,450.0,0.0,0.0,0.0,90.0,-1110.0,3660.0,yonden
2016,10,2016-10-17,16:00,3600.0,880.0,2870.0,560.0,－－－－－－－－－－,10.0,170.0,0.0,0.0,0.0,320.0,-1210.0,3600.0,yonden
2016,10,2016-10-17,17:00,3510.0,880.0,2910.0,600.0,－－－－－－－－－－,10.0,10.0,0.0,10.0,0.0,300.0,-1210.0,3510.0,yonden
2016,10,2016-10-17,18:00,3480.0,880.0,2850.0,610.0,－－－－－－－－－－,10.0,0.0,0.0,10.0,0.0,240.0,-1120.0,3480.0,yonden
2016,10,2016-10-17,19:00,3280.0,880.0,2870.0,540.0,－－－－－－－－－－,10.0,0.0,0.0,10.0,0.0,20.0,-1050.0,3280.0,yonden
2016,10,2016-10-17,20:00,3100.0,880.0,2790.0,490.0,－－－－－－－－－－,10.0,0.0,0.0,0.0,0.0,0.0,-1070.0,3100.0,yonden
2016,10,2016-10-17,21:00,2900.0,880.0,2750.0,470.0,－－－－－－－－－－,10.0,0.0,0.0,0.0,0.0,0.0,-1210.0,2900.0,yonden
2016,10,2016-10-17,22:00,2680.0,880.0,2700.0,450.0,－－－－－－－－－－,10.0,0.0,0.0,0.0,0.0,0.0,-1360.0,2680.0,yonden
2016,10,2016-10-17,23:00,2550.0,880.0,2630.0,430.0,－－－－－－－－－－,10.0,0.0,0.0,0.0,0.0,0.0,-1400.0,2550.0,yonden
2016,10,2016-10-18,00:00,2430.0,880.0,2660.0,430.0,－－－－－－－－－－,10.0,0.0,0.0,0.0,0.0,0.0,-1550.0,2430.0,yonden
2016,10,2016-10-18,01:00,2410.0,880.0,2690.0,430.0,－－－－－－－－－－,10.0,0.0,0.0,10.0,0.0,0.0,-1610.0,2410.0,yonden
2016,10,2016-10-18,02:00,2570.0,880.0,2770.0,400.0,－－－－－－－－－－,10.0,0.0,0.0,10.0,0.0,0.0,-1500.0,2570.0,yonden
2016,10,2016-10-18,03:00,2780.0,880.0,2820.0,450.0,－－－－－－－－－－,10.0,0.0,0.0,10.0,0.0,0.0,-1390.0,2780.0,yonden
2016,10,2016-10-18,04:00,2900.0,880.0,2790.0,460.0,－－－－－－－－－－,10.0,0.0,0.0,10.0,0.0,0.0,-1250.0,2900.0,yonden
2016,10,2016-10-18,05:00,2860.0,880.0,2770.0,420.0,－－－－－－－－－－,10.0,0.0,0.0,10.0,0.0,0.0,-1230.0,2860.0,yonden
2016,10,2016-10-18,06:00,2760.0,880.0,2740.0,400.0,－－－－－－－－－－,10.0,20.0,0.0,10.0,0.0,0.0,-1300.0,2760.0,yonden
2016,10,2016-10-18,07:00,2770.0,880.0,2800.0,390.0,－－－－－－－－－－,10.0,110.0,0.0,10.0,0.0,0.0,-1430.0,2770.0,yonden
2016,10,2016-10-18,08:00,3140.0,880.0,2890.0,440.0,－－－－－－－－－－,10.0,290.0,0.0,20.0,0.0,0.0,-1390.0,3140.0,yonden
2016,10,2016-10-18,09:00,3460.0,880.0,3030.0,530.0,－－－－－－－－－－,10.0,490.0,0.0,10.0,0.0,0.0,-1490.0,3460.0,yonden
2016,10,2016-10-18,10:00,3550.0,880.0,2880.0,520.0,－－－－－－－－－－,10.0,650.0,0.0,0.0,0.0,0.0,-1390.0,3550.0,yonden
2016,10,2016-10-18,11:00,3680.0,880.0,2740.0,480.0,－－－－－－－－－－,10.0,840.0,0.0,10.0,0.0,0.0,-1280.0,3680.0,yonden
2016,10,2016-10-18,12:00,3610.0,880.0,2530.0,410.0,－－－－－－－－－－,10.0,1000.0,0.0,10.0,0.0,0.0,-1230.0,3610.0,yonden
2016,10,2016-10-18,13:00,3820.0,880.0,2610.0,380.0,－－－－－－－－－－,10.0,960.0,0.0,10.0,0.0,0.0,-1030.0,3820.0,yonden
2016,10,2016-10-18,14:00,3860.0,880.0,2750.0,380.0,－－－－－－－－－－,10.0,800.0,0.0,10.0,0.0,0.0,-970.0,3860.0,yonden
2016,10,2016-10-18,15:00,3790.0,880.0,2970.0,400.0,－－－－－－－－－－,10.0,500.0,0.0,10.0,0.0,0.0,-980.0,3790.0,yonden
2016,10,2016-10-18,16:00,3730.0,880.0,3140.0,480.0,－－－－－－－－－－,10.0,200.0,0.0,10.0,0.0,0.0,-990.0,3730.0,yonden
2016,10,2016-10-18,17:00,3640.0,880.0,3110.0,560.0,－－－－－－－－－－,10.0,10.0,0.0,10.0,0.0,90.0,-1030.0,3640.0,yonden
2016,10,2016-10-18,18:00,3600.0,880.0,2880.0,560.0,－－－－－－－－－－,10.0,0.0,0.0,10.0,0.0,260.0,-1000.0,3600.0,yonden
2016,10,2016-10-18,19:00,3380.0,880.0,2850.0,510.0,－－－－－－－－－－,10.0,0.0,0.0,10.0,0.0,30.0,-910.0,3380.0,yonden
2016,10,2016-10-18,20:00,3190.0,880.0,2710.0,470.0,－－－－－－－－－－,10.0,0.0,0.0,0.0,0.0,0.0,-880.0,3190.0,yonden
2016,10,2016-10-18,21:00,2980.0,880.0,2610.0,390.0,－－－－－－－－－－,10.0,0.0,0.0,0.0,0.0,0.0,-910.0,2980.0,yonden
2016,10,2016-10-18,22:00,2770.0,880.0,2590.0,380.0,－－－－－－－－－－,10.0,0.0,0.0,0.0,0.0,0.0,-1090.0,2770.0,yonden
2016,10,2016-10-18,23:00,2640.0,880.0,2660.0,350.0,－－－－－－－－－－,10.0,0.0,0.0,0.0,0.0,0.0,-1260.0,2640.0,yonden
2016,10,2016-10-19,00:00,2510.0,880.0,2650.0,320.0,－－－－－－－－－－,10.0,0.0,0.0,0.0,0.0,0.0,-1350.0,2510.0,yonden
2016,10,2016-10-19,01:00,2470.0,880.0,2610.0,310.0,－－－－－－－－－－,10.0,0.0,0.0,0.0,0.0,0.0,-1340.0,2470.0,yonden
2016,10,2016-10-19,02:00,2590.0,880.0,2600.0,320.0,－－－－－－－－－－,10.0,0.0,0.0,0.0,0.0,0.0,-1220.0,2590.0,yonden
2016,10,2016-10-19,03:00,2790.0,880.0,2600.0,420.0,－－－－－－－－－－,10.0,0.0,0.0,0.0,0.0,0.0,-1120.0,2790.0,yonden
2016,10,2016-10-19,04:00,2900.0,880.0,2660.0,460.0,－－－－－－－－－－,10.0,0.0,0.0,0.0,0.0,0.0,-1110.0,2900.0,yonden
2016,10,2016-10-19,05:00,2870.0,880.0,2660.0,350.0,－－－－－－－－－－,10.0,0.0,0.0,0.0,0.0,0.0,-1030.0,2870.0,yonden
2016,10,2016-10-19,06:00,2760.0,880.0,2660.0,280.0,－－－－－－－－－－,10.0,10.0,0.0,0.0,0.0,0.0,-1080.0,2760.0,yonden
2016,10,2016-10-19,07:00,2770.0,880.0,2710.0,340.0,－－－－－－－－－－,10.0,110.0,0.0,0.0,0.0,0.0,-1280.0,2770.0,yonden
2016,10,2016-10-19,08:00,3130.0,880.0,2810.0,380.0,－－－－－－－－－－,10.0,270.0,0.0,0.0,0.0,0.0,-1220.0,3130.0,yonden
2016,10,2016-10-19,09:00,3410.0,880.0,2910.0,360.0,－－－－－－－－－－,10.0,430.0,0.0,0.0,0.0,0.0,-1180.0,3410.0,yonden
2016,10,2016-10-19,10:00,3510.0,880.0,2860.0,320.0,－－－－－－－－－－,10.0,530.0,0.0,0.0,0.0,0.0,-1090.0,3510.0,yonden
2016,10,2016-10-19,11:00,3580.0,880.0,2980.0,310.0,－－－－－－－－－－,10.0,540.0,0.0,0.0,0.0,0.0,-1140.0,3580.0,yonden
2016,10,2016-10-19,12:00,3420.0,880.0,3270.0,260.0,－－－－－－－－－－,10.0,510.0,0.0,0.0,0.0,0.0,-1510.0,3420.0,yonden
2016,10,2016-10-19,13:00,3630.0,880.0,3710.0,360.0,－－－－－－－－－－,10.0,410.0,0.0,0.0,0.0,0.0,-1740.0,3630.0,yonden
2016,10,2016-10-19,14:00,3650.0,880.0,3800.0,430.0,－－－－－－－－－－,10.0,260.0,0.0,0.0,0.0,0.0,-1730.0,3650.0,yonden
2016,10,2016-10-19,15:00,3600.0,880.0,3840.0,470.0,－－－－－－－－－－,10.0,140.0,0.0,0.0,0.0,0.0,-1740.0,3600.0,yonden
2016,10,2016-10-19,16:00,3620.0,880.0,3910.0,510.0,－－－－－－－－－－,10.0,50.0,0.0,0.0,0.0,0.0,-1740.0,3620.0,yonden
2016,10,2016-10-19,17:00,3590.0,880.0,3860.0,480.0,－－－－－－－－－－,10.0,0.0,0.0,0.0,0.0,110.0,-1750.0,3590.0,yonden
2016,10,2016-10-19,18:00,3540.0,880.0,3600.0,520.0,－－－－－－－－－－,10.0,0.0,0.0,0.0,0.0,240.0,-1710.0,3540.0,yonden
2016,10,2016-10-19,19:00,3340.0,880.0,3570.0,500.0,－－－－－－－－－－,10.0,0.0,0.0,0.0,0.0,40.0,-1660.0,3340.0,yonden
2016,10,2016-10-19,20:00,3150.0,880.0,3470.0,420.0,－－－－－－－－－－,10.0,0.0,0.0,10.0,0.0,0.0,-1640.0,3150.0,yonden
2016,10,2016-10-19,21:00,2940.0,880.0,3410.0,360.0,－－－－－－－－－－,10.0,0.0,0.0,10.0,0.0,0.0,-1730.0,2940.0,yonden
2016,10,2016-10-19,22:00,2750.0,880.0,3440.0,360.0,－－－－－－－－－－,10.0,0.0,0.0,20.0,0.0,0.0,-1960.0,2750.0,yonden
2016,10,2016-10-19,23:00,2640.0,880.0,3530.0,370.0,－－－－－－－－－－,10.0,0.0,0.0,20.0,0.0,0.0,-2170.0,2640.0,yonden
2016,10,2016-10-20,00:00,2510.0,880.0,3460.0,330.0,－－－－－－－－－－,10.0,0.0,0.0,30.0,0.0,-160.0,-2040.0,2510.0,yonden
2016,10,2016-10-20,01:00,2460.0,880.0,3540.0,300.0,－－－－－－－－－－,10.0,0.0,0.0,30.0,0.0,-300.0,-2000.0,2460.0,yonden
2016,10,2016-10-20,02:00,2580.0,880.0,3510.0,350.0,－－－－－－－－－－,10.0,0.0,0.0,40.0,0.0,-300.0,-1910.0,2580.0,yonden
2016,10,2016-10-20,03:00,2810.0,880.0,3540.0,370.0,－－－－－－－－－－,10.0,0.0,0.0,50.0,0.0,0.0,-2040.0,2810.0,yonden
2016,10,2016-10-20,04:00,2930.0,880.0,3550.0,410.0,－－－－－－－－－－,10.0,0.0,0.0,70.0,0.0,0.0,-1990.0,2930.0,yonden
2016,10,2016-10-20,05:00,2880.0,880.0,3520.0,370.0,－－－－－－－－－－,10.0,0.0,0.0,70.0,0.0,0.0,-1970.0,2880.0,yonden
2016,10,2016-10-20,06:00,2750.0,880.0,3500.0,340.0,－－－－－－－－－－,10.0,10.0,0.0,60.0,0.0,0.0,-2050.0,2750.0,yonden
2016,10,2016-10-20,07:00,2750.0,880.0,3600.0,310.0,－－－－－－－－－－,10.0,140.0,0.0,40.0,0.0,0.0,-2230.0,2750.0,yonden
2016,10,2016-10-20,08:00,3130.0,880.0,3860.0,340.0,－－－－－－－－－－,0.0,340.0,0.0,30.0,0.0,0.0,-2320.0,3130.0,yonden
2016,10,2016-10-20,09:00,3360.0,880.0,3940.0,350.0,－－－－－－－－－－,0.0,530.0,0.0,20.0,0.0,0.0,-2360.0,3360.0,yonden
2016,10,2016-10-20,10:00,3490.0,880.0,3910.0,350.0,－－－－－－－－－－,0.0,720.0,0.0,20.0,0.0,0.0,-2390.0,3490.0,yonden
2016,10,2016-10-20,11:00,3550.0,880.0,3880.0,330.0,－－－－－－－－－－,0.0,800.0,0.0,20.0,0.0,0.0,-2360.0,3550.0,yonden
2016,10,2016-10-20,12:00,3370.0,880.0,3750.0,290.0,－－－－－－－－－－,0.0,800.0,0.0,30.0,0.0,0.0,-2380.0,3370.0,yonden
2016,10,2016-10-20,13:00,3580.0,880.0,3830.0,350.0,－－－－－－－－－－,0.0,700.0,0.0,30.0,0.0,40.0,-2250.0,3580.0,yonden
2016,10,2016-10-20,14:00,3550.0,880.0,3770.0,390.0,－－－－－－－－－－,0.0,550.0,0.0,30.0,0.0,140.0,-2210.0,3550.0,yonden
2016,10,2016-10-20,15:00,3540.0,880.0,3730.0,430.0,－－－－－－－－－－,0.0,360.0,0.0,30.0,0.0,190.0,-2080.0,3540.0,yonden
2016,10,2016-10-20,16:00,3530.0,880.0,3710.0,490.0,－－－－－－－－－－,0.0,130.0,0.0,30.0,0.0,280.0,-1990.0,3530.0,yonden
2016,10,2016-10-20,17:00,3540.0,880.0,3770.0,530.0,－－－－－－－－－－,10.0,10.0,0.0,40.0,0.0,250.0,-1950.0,3540.0,yonden
2016,10,2016-10-20,18:00,3480.0,880.0,3740.0,500.0,－－－－－－－－－－,10.0,0.0,0.0,40.0,0.0,180.0,-1870.0,3480.0,yonden
2016,10,2016-10-20,19:00,3280.0,880.0,3650.0,500.0,－－－－－－－－－－,10.0,0.0,0.0,30.0,0.0,60.0,-1850.0,3280.0,yonden
2016,10,2016-10-20,20:00,3090.0,880.0,3550.0,400.0,－－－－－－－－－－,10.0,0.0,0.0,30.0,0.0,0.0,-1780.0,3090.0,yonden
2016,10,2016-10-20,21:00,2880.0,880.0,3520.0,330.0,－－－－－－－－－－,10.0,0.0,0.0,40.0,0.0,0.0,-1900.0,2880.0,yonden
2016,10,2016-10-20,22:00,2690.0,880.0,3510.0,310.0,－－－－－－－－－－,10.0,0.0,0.0,50.0,0.0,0.0,-2070.0,2690.0,yonden
2016,10,2016-10-20,23:00,2590.0,880.0,3500.0,300.0,－－－－－－－－－－,10.0,0.0,0.0,60.0,0.0,0.0,-2160.0,2590.0,yonden
2016,10,2016-10-21,00:00,2440.0,880.0,3490.0,290.0,－－－－－－－－－－,10.0,0.0,0.0,60.0,0.0,-310.0,-1980.0,2440.0,yonden
2016,10,2016-10-21,01:00,2410.0,880.0,3510.0,290.0,－－－－－－－－－－,10.0,0.0,0.0,50.0,0.0,-310.0,-2020.0,2410.0,yonden
2016,10,2016-10-21,02:00,2550.0,880.0,3500.0,340.0,－－－－－－－－－－,10.0,0.0,0.0,50.0,0.0,-300.0,-1930.0,2550.0,yonden
2016,10,2016-10-21,03:00,2790.0,880.0,3560.0,340.0,－－－－－－－－－－,10.0,0.0,0.0,50.0,0.0,0.0,-2050.0,2790.0,yonden
2016,10,2016-10-21,04:00,2910.0,880.0,3520.0,380.0,－－－－－－－－－－,10.0,0.0,0.0,60.0,0.0,0.0,-1940.0,2910.0,yonden
2016,10,2016-10-21,05:00,2870.0,880.0,3570.0,360.0,－－－－－－－－－－,10.0,0.0,0.0,50.0,0.0,0.0,-2000.0,2870.0,yonden
2016,10,2016-10-21,06:00,2750.0,880.0,3590.0,340.0,－－－－－－－－－－,10.0,10.0,0.0,60.0,0.0,0.0,-2140.0,2750.0,yonden
2016,10,2016-10-21,07:00,2740.0,880.0,3670.0,360.0,－－－－－－－－－－,10.0,70.0,0.0,50.0,0.0,0.0,-2300.0,2740.0,yonden
2016,10,2016-10-21,08:00,3070.0,880.0,3970.0,320.0,－－－－－－－－－－,10.0,190.0,0.0,40.0,0.0,0.0,-2340.0,3070.0,yonden
2016,10,2016-10-21,09:00,3250.0,880.0,4000.0,330.0,－－－－－－－－－－,10.0,310.0,0.0,50.0,0.0,0.0,-2330.0,3250.0,yonden
2016,10,2016-10-21,10:00,3260.0,880.0,3930.0,330.0,－－－－－－－－－－,10.0,400.0,0.0,50.0,0.0,0.0,-2340.0,3260.0,yonden
2016,10,2016-10-21,11:00,3310.0,880.0,3880.0,320.0,－－－－－－－－－－,10.0,510.0,0.0,50.0,0.0,0.0,-2340.0,3310.0,yonden
2016,10,2016-10-21,12:00,3080.0,880.0,3810.0,240.0,－－－－－－－－－－,10.0,520.0,0.0,40.0,0.0,0.0,-2420.0,3080.0,yonden
2016,10,2016-10-21,13:00,3430.0,880.0,3910.0,300.0,－－－－－－－－－－,10.0,460.0,0.0,40.0,0.0,120.0,-2290.0,3430.0,yonden
2016,10,2016-10-21,14:00,3330.0,880.0,3910.0,370.0,－－－－－－－－－－,10.0,280.0,0.0,30.0,0.0,200.0,-2350.0,3330.0,yonden
2016,10,2016-10-21,15:00,3340.0,880.0,3980.0,380.0,－－－－－－－－－－,10.0,170.0,0.0,30.0,0.0,200.0,-2310.0,3340.0,yonden
2016,10,2016-10-21,16:00,3370.0,880.0,4000.0,410.0,－－－－－－－－－－,10.0,60.0,0.0,30.0,0.0,240.0,-2260.0,3370.0,yonden
2016,10,2016-10-21,17:00,3380.0,880.0,3940.0,450.0,－－－－－－－－－－,10.0,0.0,0.0,10.0,0.0,240.0,-2150.0,3380.0,yonden
2016,10,2016-10-21,18:00,3330.0,880.0,3940.0,460.0,－－－－－－－－－－,10.0,0.0,0.0,10.0,0.0,190.0,-2160.0,3330.0,yonden
2016,10,2016-10-21,19:00,3150.0,880.0,3870.0,410.0,－－－－－－－－－－,10.0,0.0,0.0,10.0,0.0,150.0,-2180.0,3150.0,yonden
2016,10,2016-10-21,20:00,2990.0,880.0,3760.0,320.0,－－－－－－－－－－,10.0,0.0,0.0,0.0,0.0,10.0,-1990.0,2990.0,yonden
2016,10,2016-10-21,21:00,2790.0,880.0,3700.0,260.0,－－－－－－－－－－,10.0,0.0,0.0,0.0,0.0,0.0,-2060.0,2790.0,yonden
2016,10,2016-10-21,22:00,2600.0,880.0,3690.0,250.0,－－－－－－－－－－,10.0,0.0,0.0,0.0,0.0,0.0,-2230.0,2600.0,yonden
2016,10,2016-10-21,23:00,2490.0,880.0,3640.0,230.0,－－－－－－－－－－,10.0,0.0,0.0,0.0,0.0,0.0,-2270.0,2490.0,yonden
2016,10,2016-10-22,00:00,2380.0,880.0,3610.0,200.0,－－－－－－－－－－,10.0,0.0,0.0,0.0,0.0,0.0,-2320.0,2380.0,yonden
2016,10,2016-10-22,01:00,2340.0,880.0,3580.0,210.0,－－－－－－－－－－,10.0,0.0,0.0,0.0,0.0,0.0,-2340.0,2340.0,yonden
2016,10,2016-10-22,02:00,2490.0,880.0,3610.0,220.0,－－－－－－－－－－,10.0,0.0,0.0,0.0,0.0,0.0,-2230.0,2490.0,yonden
2016,10,2016-10-22,03:00,2730.0,880.0,3610.0,290.0,－－－－－－－－－－,10.0,0.0,0.0,0.0,0.0,0.0,-2060.0,2730.0,yonden
2016,10,2016-10-22,04:00,2890.0,880.0,3680.0,310.0,－－－－－－－－－－,10.0,0.0,0.0,0.0,0.0,0.0,-1990.0,2890.0,yonden
2016,10,2016-10-22,05:00,2820.0,880.0,3640.0,290.0,－－－－－－－－－－,10.0,0.0,0.0,0.0,0.0,0.0,-2000.0,2820.0,yonden
2016,10,2016-10-22,06:00,2610.0,880.0,3590.0,280.0,－－－－－－－－－－,10.0,10.0,0.0,10.0,0.0,0.0,-2170.0,2610.0,yonden
2016,10,2016-10-22,07:00,2540.0,880.0,3470.0,230.0,－－－－－－－－－－,10.0,40.0,0.0,10.0,0.0,0.0,-2100.0,2540.0,yonden
2016,10,2016-10-22,08:00,2810.0,880.0,3630.0,270.0,－－－－－－－－－－,10.0,80.0,0.0,10.0,0.0,0.0,-2070.0,2810.0,yonden
2016,10,2016-10-22,09:00,2970.0,880.0,3770.0,330.0,－－－－－－－－－－,10.0,120.0,0.0,20.0,0.0,0.0,-2160.0,2970.0,yonden
2016,10,2016-10-22,10:00,3020.0,880.0,3800.0,320.0,－－－－－－－－－－,10.0,150.0,0.0,20.0,0.0,0.0,-2160.0,3020.0,yonden
2016,10,2016-10-22,11:00,3040.0,880.0,3860.0,320.0,－－－－－－－－－－,10.0,140.0,0.0,20.0,0.0,0.0,-2190.0,3040.0,yonden
2016,10,2016-10-22,12:00,2880.0,830.0,3790.0,250.0,－－－－－－－－－－,10.0,130.0,0.0,20.0,0.0,0.0,-2150.0,2880.0,yonden
2016,10,2016-10-22,13:00,2930.0,850.0,3870.0,330.0,－－－－－－－－－－,10.0,100.0,0.0,40.0,0.0,0.0,-2270.0,2930.0,yonden
2016,10,2016-10-22,14:00,2940.0,880.0,3880.0,370.0,－－－－－－－－－－,10.0,100.0,0.0,40.0,0.0,0.0,-2340.0,2940.0,yonden
2016,10,2016-10-22,15:00,2940.0,880.0,3940.0,420.0,－－－－－－－－－－,10.0,50.0,0.0,20.0,0.0,0.0,-2380.0,2940.0,yonden
2016,10,2016-10-22,16:00,2970.0,880.0,3970.0,440.0,－－－－－－－－－－,10.0,20.0,0.0,10.0,0.0,50.0,-2410.0,2970.0,yonden
2016,10,2016-10-22,17:00,3040.0,880.0,3960.0,490.0,－－－－－－－－－－,10.0,0.0,0.0,30.0,0.0,140.0,-2470.0,3040.0,yonden
2016,10,2016-10-22,18:00,3010.0,880.0,3880.0,480.0,－－－－－－－－－－,10.0,0.0,0.0,30.0,0.0,10.0,-2280.0,3010.0,yonden
2016,10,2016-10-22,19:00,2900.0,880.0,3660.0,440.0,－－－－－－－－－－,10.0,0.0,0.0,30.0,0.0,0.0,-2120.0,2900.0,yonden
2016,10,2016-10-22,20:00,2780.0,880.0,3700.0,340.0,－－－－－－－－－－,10.0,0.0,0.0,30.0,0.0,0.0,-2180.0,2780.0,yonden
2016,10,2016-10-22,21:00,2630.0,880.0,3640.0,270.0,－－－－－－－－－－,10.0,0.0,0.0,40.0,0.0,0.0,-2210.0,2630.0,yonden
2016,10,2016-10-22,22:00,2440.0,880.0,3570.0,240.0,－－－－－－－－－－,10.0,0.0,0.0,50.0,0.0,-160.0,-2150.0,2440.0,yonden
2016,10,2016-10-22,23:00,2340.0,880.0,3560.0,210.0,－－－－－－－－－－,10.0,0.0,0.0,40.0,0.0,-310.0,-2050.0,2340.0,yonden
2016,10,2016-10-23,00:00,2250.0,880.0,3600.0,180.0,－－－－－－－－－－,10.0,0.0,0.0,40.0,0.0,-310.0,-2150.0,2250.0,yonden
2016,10,2016-10-23,01:00,2240.0,880.0,3600.0,180.0,－－－－－－－－－－,10.0,0.0,0.0,40.0,0.0,-310.0,-2160.0,2240.0,yonden
2016,10,2016-10-23,02:00,2410.0,880.0,3570.0,230.0,－－－－－－－－－－,10.0,0.0,0.0,50.0,0.0,-150.0,-2180.0,2410.0,yonden
2016,10,2016-10-23,03:00,2640.0,880.0,3580.0,290.0,－－－－－－－－－－,10.0,0.0,0.0,60.0,0.0,0.0,-2180.0,2640.0,yonden
2016,10,2016-10-23,04:00,2740.0,880.0,3530.0,340.0,－－－－－－－－－－,10.0,0.0,0.0,70.0,0.0,0.0,-2090.0,2740.0,yonden
2016,10,2016-10-23,05:00,2610.0,880.0,3530.0,290.0,－－－－－－－－－－,10.0,0.0,0.0,70.0,0.0,0.0,-2170.0,2610.0,yonden
2016,10,2016-10-23,06:00,2340.0,880.0,3560.0,190.0,－－－－－－－－－－,10.0,10.0,0.0,70.0,0.0,0.0,-2380.0,2340.0,yonden
2016,10,2016-10-23,07:00,2200.0,880.0,3560.0,200.0,－－－－－－－－－－,10.0,90.0,0.0,70.0,0.0,-310.0,-2300.0,2200.0,yonden
2016,10,2016-10-23,08:00,2330.0,880.0,3640.0,230.0,－－－－－－－－－－,10.0,210.0,0.0,80.0,0.0,-310.0,-2410.0,2330.0,yonden
2016,10,2016-10-23,09:00,2460.0,880.0,3690.0,270.0,－－－－－－－－－－,10.0,310.0,0.0,70.0,0.0,-300.0,-2470.0,2460.0,yonden
2016,10,2016-10-23,10:00,2530.0,880.0,3740.0,310.0,－－－－－－－－－－,10.0,310.0,0.0,70.0,0.0,-300.0,-2490.0,2530.0,yonden
2016,10,2016-10-23,11:00,2520.0,880.0,3780.0,290.0,－－－－－－－－－－,10.0,270.0,0.0,70.0,0.0,-300.0,-2480.0,2520.0,yonden
2016,10,2016-10-23,12:00,2480.0,880.0,3720.0,270.0,－－－－－－－－－－,10.0,270.0,0.0,80.0,0.0,-300.0,-2450.0,2480.0,yonden
2016,10,2016-10-23,13:00,2510.0,880.0,3630.0,250.0,－－－－－－－－－－,10.0,270.0,0.0,80.0,0.0,-300.0,-2310.0,2510.0,yonden
2016,10,2016-10-23,14:00,2450.0,880.0,3550.0,240.0,－－－－－－－－－－,10.0,210.0,0.0,80.0,0.0,-150.0,-2370.0,2450.0,yonden
2016,10,2016-10-23,15:00,2470.0,880.0,3510.0,260.0,－－－－－－－－－－,10.0,150.0,0.0,80.0,0.0,0.0,-2420.0,2470.0,yonden
2016,10,2016-10-23,16:00,2530.0,880.0,3570.0,310.0,－－－－－－－－－－,10.0,80.0,0.0,80.0,0.0,0.0,-2400.0,2530.0,yonden
2016,10,2016-10-23,17:00,2740.0,880.0,3680.0,430.0,－－－－－－－－－－,10.0,10.0,0.0,80.0,0.0,0.0,-2350.0,2740.0,yonden
2016,10,2016-10-23,18:00,2810.0,880.0,3670.0,460.0,－－－－－－－－－－,10.0,0.0,0.0,80.0,0.0,0.0,-2290.0,2810.0,yonden
2016,10,2016-10-23,19:00,2740.0,880.0,3630.0,370.0,－－－－－－－－－－,10.0,0.0,0.0,70.0,0.0,0.0,-2220.0,2740.0,yonden
2016,10,2016-10-23,20:00,2630.0,880.0,3520.0,280.0,－－－－－－－－－－,10.0,0.0,0.0,80.0,0.0,0.0,-2140.0,2630.0,yonden
2016,10,2016-10-23,21:00,2490.0,880.0,3460.0,240.0,－－－－－－－－－－,10.0,0.0,0.0,70.0,0.0,0.0,-2170.0,2490.0,yonden
2016,10,2016-10-23,22:00,2330.0,880.0,3320.0,190.0,－－－－－－－－－－,10.0,0.0,0.0,80.0,0.0,-70.0,-2080.0,2330.0,yonden
2016,10,2016-10-23,23:00,2220.0,880.0,3370.0,160.0,－－－－－－－－－－,10.0,0.0,0.0,70.0,0.0,-300.0,-1970.0,2220.0,yonden
2016,10,2016-10-24,00:00,2150.0,880.0,3370.0,180.0,－－－－－－－－－－,10.0,0.0,0.0,70.0,0.0,-300.0,-2060.0,2150.0,yonden
2016,10,2016-10-24,01:00,2160.0,880.0,3360.0,190.0,－－－－－－－－－－,10.0,0.0,0.0,80.0,0.0,-300.0,-2060.0,2160.0,yonden
2016,10,2016-10-24,02:00,2350.0,880.0,3390.0,200.0,－－－－－－－－－－,10.0,0.0,0.0,90.0,0.0,-300.0,-1920.0,2350.0,yonden
2016,10,2016-10-24,03:00,2620.0,880.0,3450.0,300.0,－－－－－－－－－－,10.0,0.0,0.0,90.0,0.0,-150.0,-1960.0,2620.0,yonden
2016,10,2016-10-24,04:00,2750.0,880.0,3460.0,310.0,－－－－－－－－－－,10.0,0.0,0.0,80.0,0.0,0.0,-1990.0,2750.0,yonden
2016,10,2016-10-24,05:00,2720.0,880.0,3450.0,300.0,－－－－－－－－－－,10.0,0.0,0.0,80.0,0.0,0.0,-2000.0,2720.0,yonden
2016,10,2016-10-24,06:00,2600.0,880.0,3500.0,250.0,－－－－－－－－－－,10.0,20.0,0.0,80.0,0.0,0.0,-2140.0,2600.0,yonden
2016,10,2016-10-24,07:00,2510.0,880.0,3430.0,230.0,－－－－－－－－－－,10.0,190.0,0.0,70.0,0.0,0.0,-2300.0,2510.0,yonden
2016,10,2016-10-24,08:00,2780.0,880.0,3420.0,220.0,－－－－－－－－－－,10.0,510.0,0.0,70.0,0.0,0.0,-2330.0,2780.0,yonden
2016,10,2016-10-24,09:00,2990.0,880.0,3320.0,240.0,－－－－－－－－－－,10.0,840.0,0.0,70.0,0.0,0.0,-2370.0,2990.0,yonden
2016,10,2016-10-24,10:00,3140.0,880.0,3350.0,300.0,－－－－－－－－－－,10.0,1140.0,0.0,60.0,0.0,-190.0,-2410.0,3140.0,yonden
2016,10,2016-10-24,11:00,3200.0,880.0,3420.0,240.0,－－－－－－－－－－,10.0,1270.0,0.0,60.0,0.0,-290.0,-2390.0,3200.0,yonden
2016,10,2016-10-24,12:00,3060.0,880.0,3310.0,200.0,－－－－－－－－－－,10.0,1290.0,0.0,60.0,0.0,-290.0,-2400.0,3060.0,yonden
2016,10,2016-10-24,13:00,3270.0,880.0,3540.0,260.0,－－－－－－－－－－,10.0,1180.0,0.0,50.0,0.0,-290.0,-2360.0,3270.0,yonden
2016,10,2016-10-24,14:00,3310.0,880.0,3420.0,260.0,－－－－－－－－－－,10.0,950.0,0.0,50.0,0.0,-50.0,-2210.0,3310.0,yonden
2016,10,2016-10-24,15:00,3300.0,880.0,3590.0,330.0,－－－－－－－－－－,10.0,630.0,0.0,50.0,0.0,0.0,-2190.0,3300.0,yonden
2016,10,2016-10-24,16:00,3370.0,880.0,3640.0,330.0,－－－－－－－－－－,10.0,300.0,0.0,40.0,0.0,210.0,-2040.0,3370.0,yonden
2016,10,2016-10-24,17:00,3300.0,880.0,3650.0,410.0,－－－－－－－－－－,10.0,30.0,0.0,30.0,0.0,300.0,-2010.0,3300.0,yonden
2016,10,2016-10-24,18:00,3270.0,880.0,3670.0,440.0,－－－－－－－－－－,10.0,0.0,0.0,10.0,0.0,300.0,-2040.0,3270.0,yonden
2016,10,2016-10-24,19:00,3110.0,880.0,3670.0,390.0,－－－－－－－－－－,10.0,0.0,0.0,10.0,0.0,110.0,-1960.0,3110.0,yonden
2016,10,2016-10-24,20:00,2950.0,880.0,3660.0,340.0,－－－－－－－－－－,10.0,0.0,0.0,10.0,0.0,0.0,-1950.0,2950.0,yonden
2016,10,2016-10-24,21:00,2760.0,880.0,3510.0,300.0,－－－－－－－－－－,10.0,0.0,0.0,20.0,0.0,0.0,-1960.0,2760.0,yonden
2016,10,2016-10-24,22:00,2560.0,880.0,3430.0,270.0,－－－－－－－－－－,10.0,0.0,0.0,10.0,0.0,0.0,-2040.0,2560.0,yonden
2016,10,2016-10-24,23:00,2490.0,880.0,3460.0,250.0,－－－－－－－－－－,10.0,0.0,0.0,10.0,0.0,0.0,-2120.0,2490.0,yonden
2016,10,2016-10-25,00:00,2340.0,880.0,3320.0,180.0,－－－－－－－－－－,10.0,0.0,0.0,10.0,0.0,0.0,-2060.0,2340.0,yonden
2016,10,2016-10-25,01:00,2340.0,880.0,3290.0,190.0,－－－－－－－－－－,10.0,0.0,0.0,10.0,0.0,0.0,-2040.0,2340.0,yonden
2016,10,2016-10-25,02:00,2520.0,880.0,3320.0,200.0,－－－－－－－－－－,10.0,0.0,0.0,20.0,0.0,0.0,-1910.0,2520.0,yonden
2016,10,2016-10-25,03:00,2780.0,880.0,3440.0,310.0,－－－－－－－－－－,10.0,0.0,0.0,20.0,0.0,0.0,-1880.0,2780.0,yonden
2016,10,2016-10-25,04:00,2910.0,880.0,3490.0,330.0,－－－－－－－－－－,10.0,0.0,0.0,30.0,0.0,0.0,-1830.0,2910.0,yonden
2016,10,2016-10-25,05:00,2840.0,880.0,3430.0,290.0,－－－－－－－－－－,10.0,0.0,0.0,30.0,0.0,0.0,-1800.0,2840.0,yonden
2016,10,2016-10-25,06:00,2700.0,880.0,3350.0,280.0,－－－－－－－－－－,10.0,10.0,0.0,30.0,0.0,0.0,-1860.0,2700.0,yonden
2016,10,2016-10-25,07:00,2630.0,880.0,3220.0,260.0,－－－－－－－－－－,10.0,120.0,0.0,30.0,0.0,0.0,-1890.0,2630.0,yonden
2016,10,2016-10-25,08:00,2920.0,880.0,3310.0,240.0,－－－－－－－－－－,10.0,340.0,0.0,20.0,0.0,0.0,-1880.0,2920.0,yonden
2016,10,2016-10-25,09:00,3080.0,880.0,3220.0,250.0,－－－－－－－－－－,10.0,580.0,0.0,20.0,0.0,0.0,-1880.0,3080.0,yonden
2016,10,2016-10-25,10:00,3210.0,880.0,3100.0,260.0,－－－－－－－－－－,10.0,810.0,0.0,30.0,0.0,0.0,-1880.0,3210.0,yonden
2016,10,2016-10-25,11:00,3270.0,880.0,3140.0,310.0,－－－－－－－－－－,10.0,970.0,0.0,30.0,0.0,0.0,-2070.0,3270.0,yonden
2016,10,2016-10-25,12:00,3110.0,880.0,3250.0,210.0,－－－－－－－－－－,10.0,870.0,0.0,40.0,0.0,0.0,-2150.0,3110.0,yonden
2016,10,2016-10-25,13:00,3300.0,880.0,3480.0,280.0,－－－－－－－－－－,10.0,660.0,0.0,50.0,0.0,110.0,-2170.0,3300.0,yonden
2016,10,2016-10-25,14:00,3250.0,880.0,3590.0,260.0,－－－－－－－－－－,10.0,430.0,0.0,50.0,0.0,130.0,-2100.0,3250.0,yonden
2016,10,2016-10-25,15:00,3310.0,880.0,3720.0,350.0,－－－－－－－－－－,10.0,220.0,0.0,60.0,0.0,160.0,-2090.0,3310.0,yonden
2016,10,2016-10-25,16:00,3350.0,880.0,3750.0,370.0,－－－－－－－－－－,10.0,60.0,0.0,50.0,0.0,200.0,-1970.0,3350.0,yonden
2016,10,2016-10-25,17:00,3400.0,880.0,3740.0,420.0,－－－－－－－－－－,10.0,0.0,0.0,40.0,0.0,240.0,-1930.0,3400.0,yonden
2016,10,2016-10-25,18:00,3350.0,880.0,3720.0,410.0,－－－－－－－－－－,10.0,0.0,0.0,40.0,0.0,200.0,-1910.0,3350.0,yonden
2016,10,2016-10-25,19:00,3180.0,880.0,3710.0,380.0,－－－－－－－－－－,10.0,0.0,0.0,40.0,0.0,100.0,-1940.0,3180.0,yonden
2016,10,2016-10-25,20:00,3000.0,880.0,3510.0,330.0,－－－－－－－－－－,10.0,0.0,0.0,30.0,0.0,0.0,-1760.0,3000.0,yonden
2016,10,2016-10-25,21:00,2810.0,880.0,3450.0,280.0,－－－－－－－－－－,10.0,0.0,0.0,20.0,0.0,0.0,-1830.0,2810.0,yonden
2016,10,2016-10-25,22:00,2640.0,880.0,3440.0,240.0,－－－－－－－－－－,10.0,0.0,0.0,20.0,0.0,0.0,-1950.0,2640.0,yonden
2016,10,2016-10-25,23:00,2530.0,880.0,3430.0,230.0,－－－－－－－－－－,10.0,0.0,0.0,10.0,0.0,0.0,-2030.0,2530.0,yonden
2016,10,2016-10-26,00:00,2410.0,880.0,3370.0,170.0,－－－－－－－－－－,10.0,0.0,0.0,10.0,0.0,0.0,-2030.0,2410.0,yonden
2016,10,2016-10-26,01:00,2410.0,880.0,3380.0,160.0,－－－－－－－－－－,10.0,0.0,0.0,10.0,0.0,0.0,-2030.0,2410.0,yonden
2016,10,2016-10-26,02:00,2580.0,880.0,3430.0,190.0,－－－－－－－－－－,10.0,0.0,0.0,0.0,0.0,0.0,-1930.0,2580.0,yonden
2016,10,2016-10-26,03:00,2810.0,880.0,3500.0,290.0,－－－－－－－－－－,10.0,0.0,0.0,0.0,0.0,0.0,-1870.0,2810.0,yonden
2016,10,2016-10-26,04:00,2920.0,880.0,3490.0,360.0,－－－－－－－－－－,10.0,0.0,0.0,0.0,0.0,0.0,-1820.0,2920.0,yonden
2016,10,2016-10-26,05:00,2830.0,880.0,3430.0,300.0,－－－－－－－－－－,10.0,0.0,0.0,0.0,0.0,0.0,-1790.0,2830.0,yonden
2016,10,2016-10-26,06:00,2690.0,880.0,3430.0,240.0,－－－－－－－－－－,10.0,10.0,0.0,10.0,0.0,0.0,-1890.0,2690.0,yonden
2016,10,2016-10-26,07:00,2640.0,880.0,3420.0,210.0,－－－－－－－－－－,10.0,170.0,0.0,10.0,0.0,0.0,-2060.0,2640.0,yonden
2016,10,2016-10-26,08:00,2970.0,880.0,3500.0,170.0,－－－－－－－－－－,10.0,420.0,0.0,10.0,0.0,0.0,-2020.0,2970.0,yonden
2016,10,2016-10-26,09:00,3270.0,880.0,3670.0,210.0,－－－－－－－－－－,10.0,570.0,0.0,10.0,0.0,0.0,-2080.0,3270.0,yonden
2016,10,2016-10-26,10:00,3360.0,880.0,3630.0,240.0,－－－－－－－－－－,10.0,590.0,0.0,10.0,0.0,0.0,-2000.0,3360.0,yonden
2016,10,2016-10-26,11:00,3340.0,880.0,3570.0,240.0,－－－－－－－－－－,10.0,590.0,0.0,0.0,0.0,0.0,-1950.0,3340.0,yonden
2016,10,2016-10-26,12:00,3290.0,880.0,3610.0,220.0,－－－－－－－－－－,10.0,490.0,0.0,0.0,0.0,0.0,-1920.0,3290.0,yonden
2016,10,2016-10-26,13:00,3400.0,880.0,3720.0,250.0,－－－－－－－－－－,10.0,300.0,0.0,0.0,0.0,0.0,-1760.0,3400.0,yonden
2016,10,2016-10-26,14:00,3440.0,880.0,3740.0,250.0,－－－－－－－－－－,10.0,260.0,0.0,0.0,0.0,0.0,-1700.0,3440.0,yonden
2016,10,2016-10-26,15:00,3450.0,880.0,3810.0,320.0,－－－－－－－－－－,10.0,150.0,0.0,0.0,0.0,120.0,-1840.0,3450.0,yonden
2016,10,2016-10-26,16:00,3470.0,880.0,3800.0,360.0,－－－－－－－－－－,10.0,50.0,0.0,20.0,0.0,180.0,-1830.0,3470.0,yonden
2016,10,2016-10-26,17:00,3480.0,880.0,3770.0,410.0,－－－－－－－－－－,10.0,0.0,0.0,30.0,0.0,180.0,-1800.0,3480.0,yonden
2016,10,2016-10-26,18:00,3390.0,880.0,3690.0,400.0,－－－－－－－－－－,10.0,0.0,0.0,50.0,0.0,120.0,-1760.0,3390.0,yonden
2016,10,2016-10-26,19:00,3210.0,880.0,3590.0,380.0,－－－－－－－－－－,10.0,0.0,0.0,80.0,0.0,0.0,-1730.0,3210.0,yonden
2016,10,2016-10-26,20:00,3040.0,880.0,3470.0,300.0,－－－－－－－－－－,10.0,0.0,0.0,80.0,0.0,0.0,-1700.0,3040.0,yonden
2016,10,2016-10-26,21:00,2830.0,880.0,3370.0,340.0,－－－－－－－－－－,10.0,0.0,0.0,80.0,0.0,0.0,-1850.0,2830.0,yonden
2016,10,2016-10-26,22:00,2610.0,880.0,3290.0,350.0,－－－－－－－－－－,10.0,0.0,0.0,80.0,0.0,0.0,-2000.0,2610.0,yonden
2016,10,2016-10-26,23:00,2470.0,880.0,3180.0,300.0,－－－－－－－－－－,10.0,0.0,0.0,60.0,0.0,0.0,-1960.0,2470.0,yonden
2016,10,2016-10-27,00:00,2350.0,880.0,3300.0,230.0,－－－－－－－－－－,10.0,0.0,0.0,50.0,0.0,0.0,-2120.0,2350.0,yonden
2016,10,2016-10-27,01:00,2340.0,880.0,3300.0,230.0,－－－－－－－－－－,10.0,0.0,0.0,60.0,0.0,0.0,-2140.0,2340.0,yonden
2016,10,2016-10-27,02:00,2540.0,880.0,3430.0,270.0,－－－－－－－－－－,10.0,0.0,0.0,50.0,0.0,0.0,-2100.0,2540.0,yonden
2016,10,2016-10-27,03:00,2770.0,880.0,3520.0,390.0,－－－－－－－－－－,10.0,0.0,0.0,60.0,0.0,0.0,-2090.0,2770.0,yonden
2016,10,2016-10-27,04:00,2880.0,880.0,3450.0,450.0,－－－－－－－－－－,10.0,0.0,0.0,80.0,0.0,0.0,-1990.0,2880.0,yonden
2016,10,2016-10-27,05:00,2800.0,880.0,3410.0,380.0,－－－－－－－－－－,10.0,0.0,0.0,90.0,0.0,0.0,-1970.0,2800.0,yonden
2016,10,2016-10-27,06:00,2670.0,880.0,3470.0,300.0,－－－－－－－－－－,10.0,10.0,0.0,70.0,0.0,0.0,-2070.0,2670.0,yonden
2016,10,2016-10-27,07:00,2610.0,880.0,3390.0,280.0,－－－－－－－－－－,10.0,170.0,0.0,70.0,0.0,0.0,-2190.0,2610.0,yonden
2016,10,2016-10-27,08:00,2890.0,880.0,3300.0,270.0,－－－－－－－－－－,10.0,490.0,0.0,60.0,0.0,0.0,-2120.0,2890.0,yonden
2016,10,2016-10-27,09:00,3160.0,880.0,3240.0,290.0,－－－－－－－－－－,10.0,810.0,0.0,50.0,0.0,0.0,-2120.0,3160.0,yonden
2016,10,2016-10-27,10:00,3310.0,880.0,3160.0,270.0,－－－－－－－－－－,10.0,1060.0,0.0,50.0,0.0,0.0,-2120.0,3310.0,yonden
2016,10,2016-10-27,11:00,3380.0,880.0,3220.0,290.0,－－－－－－－－－－,10.0,1140.0,0.0,50.0,0.0,0.0,-2210.0,3380.0,yonden
2016,10,2016-10-27,12:00,3190.0,880.0,3190.0,250.0,－－－－－－－－－－,10.0,1120.0,0.0,50.0,0.0,0.0,-2310.0,3190.0,yonden
2016,10,2016-10-27,13:00,3320.0,880.0,3260.0,260.0,－－－－－－－－－－,10.0,970.0,0.0,50.0,0.0,0.0,-2110.0,3320.0,yonden
2016,10,2016-10-27,14:00,3380.0,880.0,3380.0,280.0,－－－－－－－－－－,10.0,760.0,0.0,50.0,0.0,0.0,-1980.0,3380.0,yonden
2016,10,2016-10-27,15:00,3360.0,880.0,3670.0,340.0,－－－－－－－－－－,10.0,460.0,0.0,50.0,0.0,0.0,-2050.0,3360.0,yonden
2016,10,2016-10-27,16:00,3320.0,880.0,3820.0,450.0,－－－－－－－－－－,10.0,150.0,0.0,40.0,0.0,50.0,-2080.0,3320.0,yonden
2016,10,2016-10-27,17:00,3320.0,880.0,3790.0,500.0,－－－－－－－－－－,10.0,10.0,0.0,40.0,0.0,200.0,-2110.0,3320.0,yonden
2016,10,2016-10-27,18:00,3310.0,880.0,3760.0,590.0,－－－－－－－－－－,10.0,0.0,0.0,20.0,0.0,10.0,-1960.0,3310.0,yonden
2016,10,2016-10-27,19:00,3120.0,880.0,3620.0,490.0,－－－－－－－－－－,10.0,0.0,0.0,10.0,0.0,0.0,-1890.0,3120.0,yonden
2016,10,2016-10-27,20:00,2950.0,880.0,3450.0,440.0,－－－－－－－－－－,10.0,0.0,0.0,10.0,0.0,0.0,-1840.0,2950.0,yonden
2016,10,2016-10-27,21:00,2760.0,880.0,3400.0,380.0,－－－－－－－－－－,10.0,0.0,0.0,10.0,0.0,0.0,-1920.0,2760.0,yonden
2016,10,2016-10-27,22:00,2570.0,880.0,3500.0,400.0,－－－－－－－－－－,10.0,0.0,0.0,10.0,0.0,-100.0,-2130.0,2570.0,yonden
2016,10,2016-10-27,23:00,2460.0,880.0,3550.0,370.0,－－－－－－－－－－,10.0,0.0,0.0,10.0,0.0,-300.0,-2060.0,2460.0,yonden
2016,10,2016-10-28,00:00,2360.0,880.0,3670.0,360.0,－－－－－－－－－－,10.0,0.0,0.0,10.0,0.0,-300.0,-2270.0,2360.0,yonden
2016,10,2016-10-28,01:00,2360.0,880.0,3690.0,320.0,－－－－－－－－－－,10.0,0.0,0.0,10.0,0.0,-300.0,-2250.0,2360.0,yonden
2016,10,2016-10-28,02:00,2520.0,880.0,3710.0,360.0,－－－－－－－－－－,10.0,0.0,0.0,20.0,0.0,-290.0,-2170.0,2520.0,yonden
2016,10,2016-10-28,03:00,2790.0,880.0,3820.0,330.0,－－－－－－－－－－,10.0,0.0,0.0,40.0,0.0,0.0,-2290.0,2790.0,yonden
2016,10,2016-10-28,04:00,2900.0,880.0,3790.0,380.0,－－－－－－－－－－,10.0,0.0,0.0,60.0,0.0,0.0,-2220.0,2900.0,yonden
2016,10,2016-10-28,05:00,2810.0,880.0,3780.0,340.0,－－－－－－－－－－,10.0,0.0,0.0,60.0,0.0,0.0,-2260.0,2810.0,yonden
2016,10,2016-10-28,06:00,2690.0,880.0,3750.0,270.0,－－－－－－－－－－,10.0,10.0,0.0,60.0,0.0,0.0,-2290.0,2690.0,yonden
2016,10,2016-10-28,07:00,2690.0,880.0,3730.0,270.0,－－－－－－－－－－,10.0,40.0,0.0,60.0,0.0,0.0,-2300.0,2690.0,yonden
2016,10,2016-10-28,08:00,3000.0,880.0,3840.0,250.0,－－－－－－－－－－,10.0,130.0,0.0,70.0,0.0,0.0,-2180.0,3000.0,yonden
2016,10,2016-10-28,09:00,3260.0,880.0,3930.0,310.0,－－－－－－－－－－,10.0,200.0,0.0,60.0,0.0,0.0,-2130.0,3260.0,yonden
2016,10,2016-10-28,10:00,3370.0,880.0,4070.0,330.0,－－－－－－－－－－,10.0,140.0,0.0,70.0,0.0,0.0,-2130.0,3370.0,yonden
2016,10,2016-10-28,11:00,3320.0,880.0,4080.0,340.0,－－－－－－－－－－,10.0,130.0,0.0,40.0,0.0,0.0,-2160.0,3320.0,yonden
2016,10,2016-10-28,12:00,3070.0,880.0,3850.0,310.0,－－－－－－－－－－,10.0,190.0,0.0,30.0,0.0,0.0,-2200.0,3070.0,yonden
2016,10,2016-10-28,13:00,3320.0,880.0,3930.0,350.0,－－－－－－－－－－,10.0,190.0,0.0,20.0,0.0,260.0,-2320.0,3320.0,yonden
2016,10,2016-10-28,14:00,3340.0,880.0,4000.0,430.0,－－－－－－－－－－,10.0,130.0,0.0,20.0,0.0,310.0,-2440.0,3340.0,yonden
2016,10,2016-10-28,15:00,3280.0,880.0,3900.0,470.0,－－－－－－－－－－,10.0,110.0,0.0,30.0,0.0,300.0,-2420.0,3280.0,yonden
2016,10,2016-10-28,16:00,3340.0,880.0,3950.0,520.0,－－－－－－－－－－,10.0,50.0,0.0,20.0,0.0,300.0,-2390.0,3340.0,yonden
2016,10,2016-10-28,17:00,3360.0,880.0,3910.0,540.0,－－－－－－－－－－,10.0,0.0,0.0,30.0,0.0,300.0,-2310.0,3360.0,yonden
2016,10,2016-10-28,18:00,3290.0,880.0,3840.0,630.0,－－－－－－－－－－,10.0,0.0,0.0,20.0,0.0,290.0,-2380.0,3290.0,yonden
2016,10,2016-10-28,19:00,3130.0,880.0,3870.0,540.0,－－－－－－－－－－,10.0,0.0,0.0,20.0,0.0,190.0,-2380.0,3130.0,yonden
2016,10,2016-10-28,20:00,2960.0,880.0,3710.0,510.0,－－－－－－－－－－,10.0,0.0,0.0,20.0,0.0,0.0,-2170.0,2960.0,yonden
2016,10,2016-10-28,21:00,2770.0,880.0,3770.0,440.0,－－－－－－－－－－,10.0,0.0,0.0,20.0,0.0,0.0,-2350.0,2770.0,yonden
2016,10,2016-10-28,22:00,2610.0,880.0,3750.0,390.0,－－－－－－－－－－,10.0,0.0,0.0,40.0,0.0,0.0,-2460.0,2610.0,yonden
2016,10,2016-10-28,23:00,2520.0,880.0,3680.0,370.0,－－－－－－－－－－,10.0,0.0,0.0,60.0,0.0,0.0,-2480.0,2520.0,yonden
2016,10,2016-10-29,00:00,2390.0,880.0,3580.0,340.0,－－－－－－－－－－,10.0,0.0,0.0,80.0,0.0,0.0,-2500.0,2390.0,yonden
2016,10,2016-10-29,01:00,2380.0,880.0,3490.0,330.0,－－－－－－－－－－,10.0,0.0,0.0,110.0,0.0,0.0,-2440.0,2380.0,yonden
2016,10,2016-10-29,02:00,2540.0,880.0,3580.0,400.0,－－－－－－－－－－,10.0,0.0,0.0,110.0,0.0,0.0,-2440.0,2540.0,yonden
2016,10,2016-10-29,03:00,2770.0,880.0,3630.0,500.0,－－－－－－－－－－,10.0,0.0,0.0,120.0,0.0,0.0,-2370.0,2770.0,yonden
2016,10,2016-10-29,04:00,2870.0,880.0,3550.0,520.0,－－－－－－－－－－,10.0,0.0,0.0,120.0,0.0,0.0,-2210.0,2870.0,yonden
2016,10,2016-10-29,05:00,2760.0,880.0,3510.0,460.0,－－－－－－－－－－,10.0,0.0,0.0,110.0,0.0,0.0,-2210.0,2760.0,yonden
2016,10,2016-10-29,06:00,2530.0,880.0,3460.0,390.0,－－－－－－－－－－,10.0,10.0,0.0,110.0,0.0,0.0,-2330.0,2530.0,yonden
2016,10,2016-10-29,07:00,2430.0,880.0,3610.0,360.0,－－－－－－－－－－,10.0,110.0,0.0,100.0,0.0,-260.0,-2380.0,2430.0,yonden
2016,10,2016-10-29,08:00,2700.0,880.0,3690.0,350.0,－－－－－－－－－－,10.0,330.0,0.0,80.0,0.0,-310.0,-2330.0,2700.0,yonden
2016,10,2016-10-29,09:00,2900.0,880.0,3800.0,430.0,－－－－－－－－－－,10.0,460.0,0.0,90.0,0.0,-310.0,-2460.0,2900.0,yonden
2016,10,2016-10-29,10:00,2920.0,880.0,3660.0,420.0,－－－－－－－－－－,10.0,620.0,0.0,90.0,0.0,-300.0,-2460.0,2920.0,yonden
2016,10,2016-10-29,11:00,3050.0,880.0,3680.0,450.0,－－－－－－－－－－,10.0,700.0,0.0,80.0,0.0,-300.0,-2450.0,3050.0,yonden
2016,10,2016-10-29,12:00,2860.0,880.0,3750.0,390.0,－－－－－－－－－－,10.0,510.0,0.0,80.0,0.0,-300.0,-2460.0,2860.0,yonden
2016,10,2016-10-29,13:00,2870.0,880.0,3650.0,350.0,－－－－－－－－－－,10.0,440.0,0.0,80.0,0.0,-100.0,-2440.0,2870.0,yonden
2016,10,2016-10-29,14:00,2910.0,880.0,3680.0,360.0,－－－－－－－－－－,10.0,330.0,0.0,80.0,0.0,0.0,-2430.0,2910.0,yonden
2016,10,2016-10-29,15:00,2870.0,880.0,3640.0,400.0,－－－－－－－－－－,10.0,220.0,0.0,80.0,0.0,0.0,-2360.0,2870.0,yonden
2016,10,2016-10-29,16:00,2910.0,880.0,3750.0,450.0,－－－－－－－－－－,10.0,90.0,0.0,80.0,0.0,0.0,-2350.0,2910.0,yonden
2016,10,2016-10-29,17:00,2950.0,880.0,3820.0,430.0,－－－－－－－－－－,10.0,0.0,0.0,70.0,0.0,110.0,-2370.0,2950.0,yonden
2016,10,2016-10-29,18:00,2960.0,880.0,3760.0,460.0,－－－－－－－－－－,10.0,0.0,0.0,60.0,0.0,220.0,-2430.0,2960.0,yonden
2016,10,2016-10-29,19:00,2850.0,880.0,3810.0,480.0,－－－－－－－－－－,10.0,0.0,0.0,50.0,0.0,60.0,-2440.0,2850.0,yonden
2016,10,2016-10-29,20:00,2730.0,880.0,3750.0,420.0,－－－－－－－－－－,10.0,0.0,0.0,40.0,0.0,0.0,-2370.0,2730.0,yonden
2016,10,2016-10-29,21:00,2580.0,880.0,3710.0,370.0,－－－－－－－－－－,10.0,0.0,0.0,40.0,0.0,0.0,-2430.0,2580.0,yonden
2016,10,2016-10-29,22:00,2400.0,880.0,3590.0,270.0,－－－－－－－－－－,10.0,0.0,0.0,80.0,0.0,0.0,-2430.0,2400.0,yonden
2016,10,2016-10-29,23:00,2300.0,880.0,3330.0,240.0,－－－－－－－－－－,10.0,0.0,0.0,90.0,0.0,0.0,-2250.0,2300.0,yonden
2016,10,2016-10-30,00:00,2220.0,880.0,3300.0,230.0,－－－－－－－－－－,10.0,0.0,0.0,60.0,0.0,0.0,-2260.0,2220.0,yonden
2016,10,2016-10-30,01:00,2230.0,880.0,3350.0,220.0,－－－－－－－－－－,10.0,0.0,0.0,50.0,0.0,0.0,-2280.0,2230.0,yonden
2016,10,2016-10-30,02:00,2430.0,880.0,3530.0,300.0,－－－－－－－－－－,10.0,0.0,0.0,50.0,0.0,0.0,-2340.0,2430.0,yonden
2016,10,2016-10-30,03:00,2680.0,880.0,3750.0,370.0,－－－－－－－－－－,10.0,0.0,0.0,50.0,0.0,0.0,-2380.0,2680.0,yonden
2016,10,2016-10-30,04:00,2780.0,880.0,3760.0,410.0,－－－－－－－－－－,10.0,0.0,0.0,50.0,0.0,0.0,-2330.0,2780.0,yonden
2016,10,2016-10-30,05:00,2660.0,880.0,3710.0,410.0,－－－－－－－－－－,0.0,0.0,0.0,50.0,0.0,0.0,-2390.0,2660.0,yonden
2016,10,2016-10-30,06:00,2370.0,880.0,3540.0,280.0,－－－－－－－－－－,10.0,10.0,0.0,60.0,0.0,0.0,-2410.0,2370.0,yonden
2016,10,2016-10-30,07:00,2160.0,880.0,3340.0,270.0,－－－－－－－－－－,10.0,160.0,0.0,50.0,0.0,-60.0,-2490.0,2160.0,yonden
2016,10,2016-10-30,08:00,2190.0,880.0,3320.0,290.0,－－－－－－－－－－,10.0,430.0,0.0,30.0,0.0,-300.0,-2470.0,2190.0,yonden
2016,10,2016-10-30,09:00,2190.0,880.0,3030.0,270.0,－－－－－－－－－－,10.0,760.0,0.0,30.0,0.0,-310.0,-2480.0,2190.0,yonden
2016,10,2016-10-30,10:00,2290.0,880.0,3070.0,280.0,－－－－－－－－－－,10.0,1070.0,0.0,20.0,0.0,-590.0,-2450.0,2290.0,yonden
2016,10,2016-10-30,11:00,2360.0,880.0,3010.0,270.0,－－－－－－－－－－,10.0,1210.0,0.0,30.0,0.0,-590.0,-2460.0,2360.0,yonden
2016,10,2016-10-30,12:00,2390.0,880.0,3030.0,280.0,－－－－－－－－－－,10.0,1180.0,0.0,40.0,0.0,-590.0,-2440.0,2390.0,yonden
2016,10,2016-10-30,13:00,2410.0,880.0,2910.0,260.0,－－－－－－－－－－,10.0,1080.0,0.0,40.0,0.0,-300.0,-2470.0,2410.0,yonden
2016,10,2016-10-30,14:00,2450.0,880.0,3060.0,290.0,－－－－－－－－－－,10.0,850.0,0.0,20.0,0.0,-230.0,-2430.0,2450.0,yonden
2016,10,2016-10-30,15:00,2470.0,880.0,3110.0,290.0,－－－－－－－－－－,10.0,520.0,0.0,20.0,0.0,0.0,-2360.0,2470.0,yonden
2016,10,2016-10-30,16:00,2520.0,880.0,3500.0,340.0,－－－－－－－－－－,10.0,180.0,0.0,20.0,0.0,0.0,-2410.0,2520.0,yonden
2016,10,2016-10-30,17:00,2670.0,880.0,3730.0,440.0,－－－－－－－－－－,10.0,0.0,0.0,10.0,0.0,0.0,-2400.0,2670.0,yonden
2016,10,2016-10-30,18:00,2760.0,880.0,3760.0,550.0,－－－－－－－－－－,10.0,0.0,0.0,10.0,0.0,0.0,-2450.0,2760.0,yonden
2016,10,2016-10-30,19:00,2710.0,880.0,3670.0,550.0,－－－－－－－－－－,10.0,0.0,0.0,10.0,0.0,0.0,-2410.0,2710.0,yonden
2016,10,2016-10-30,20:00,2600.0,880.0,3670.0,400.0,－－－－－－－－－－,10.0,0.0,0.0,10.0,0.0,0.0,-2370.0,2600.0,yonden
2016,10,2016-10-30,21:00,2470.0,880.0,3670.0,280.0,－－－－－－－－－－,10.0,0.0,0.0,0.0,0.0,0.0,-2370.0,2470.0,yonden
2016,10,2016-10-30,22:00,2310.0,880.0,3600.0,220.0,－－－－－－－－－－,10.0,0.0,0.0,0.0,0.0,0.0,-2400.0,2310.0,yonden
2016,10,2016-10-30,23:00,2200.0,880.0,3540.0,200.0,－－－－－－－－－－,10.0,0.0,0.0,10.0,0.0,-150.0,-2290.0,2200.0,yonden
2016,10,2016-10-31,00:00,2120.0,880.0,3560.0,220.0,－－－－－－－－－－,10.0,0.0,0.0,0.0,0.0,-300.0,-2250.0,2120.0,yonden
2016,10,2016-10-31,01:00,2160.0,880.0,3600.0,200.0,－－－－－－－－－－,10.0,0.0,0.0,10.0,0.0,-300.0,-2240.0,2160.0,yonden
2016,10,2016-10-31,02:00,2390.0,880.0,3640.0,240.0,－－－－－－－－－－,10.0,0.0,0.0,10.0,0.0,0.0,-2390.0,2390.0,yonden
2016,10,2016-10-31,03:00,2670.0,880.0,3750.0,350.0,－－－－－－－－－－,10.0,0.0,0.0,10.0,0.0,0.0,-2330.0,2670.0,yonden
2016,10,2016-10-31,04:00,2790.0,880.0,3720.0,380.0,－－－－－－－－－－,10.0,0.0,0.0,10.0,0.0,0.0,-2210.0,2790.0,yonden
2016,10,2016-10-31,05:00,2720.0,880.0,3680.0,350.0,－－－－－－－－－－,10.0,0.0,0.0,10.0,0.0,0.0,-2210.0,2720.0,yonden
2016,10,2016-10-31,06:00,2620.0,880.0,3630.0,300.0,－－－－－－－－－－,10.0,10.0,0.0,10.0,0.0,0.0,-2220.0,2620.0,yonden
2016,10,2016-10-31,07:00,2620.0,880.0,3710.0,260.0,－－－－－－－－－－,10.0,130.0,0.0,10.0,0.0,0.0,-2380.0,2620.0,yonden
2016,10,2016-10-31,08:00,2870.0,880.0,3880.0,220.0,－－－－－－－－－－,10.0,310.0,0.0,10.0,0.0,0.0,-2440.0,2870.0,yonden
2016,10,2016-10-31,09:00,3050.0,880.0,3830.0,260.0,－－－－－－－－－－,10.0,550.0,0.0,0.0,0.0,0.0,-2480.0,3050.0,yonden
2016,10,2016-10-31,10:00,3160.0,880.0,3780.0,250.0,－－－－－－－－－－,10.0,690.0,0.0,0.0,0.0,0.0,-2450.0,3160.0,yonden
2016,10,2016-10-31,11:00,3180.0,880.0,3870.0,240.0,－－－－－－－－－－,10.0,650.0,0.0,0.0,0.0,0.0,-2470.0,3180.0,yonden
2016,10,2016-10-31,12:00,2980.0,880.0,3690.0,230.0,－－－－－－－－－－,10.0,650.0,0.0,0.0,0.0,0.0,-2480.0,2980.0,yonden
2016,10,2016-10-31,13:00,3330.0,880.0,3980.0,270.0,－－－－－－－－－－,10.0,450.0,0.0,10.0,0.0,110.0,-2380.0,3330.0,yonden
2016,10,2016-10-31,14:00,3260.0,880.0,3980.0,310.0,－－－－－－－－－－,10.0,200.0,0.0,30.0,0.0,250.0,-2400.0,3260.0,yonden
2016,10,2016-10-31,15:00,3240.0,880.0,3950.0,340.0,－－－－－－－－－－,10.0,90.0,0.0,30.0,0.0,290.0,-2350.0,3240.0,yonden
2016,10,2016-10-31,16:00,3300.0,880.0,3930.0,360.0,－－－－－－－－－－,10.0,20.0,0.0,30.0,0.0,290.0,-2220.0,3300.0,yonden
2016,10,2016-10-31,17:00,3350.0,880.0,3910.0,420.0,－－－－－－－－－－,10.0,0.0,0.0,20.0,0.0,290.0,-2180.0,3350.0,yonden
2016,10,2016-10-31,18:00,3310.0,880.0,3860.0,490.0,－－－－－－－－－－,10.0,0.0,0.0,20.0,0.0,280.0,-2230.0,3310.0,yonden
2016,10,2016-10-31,19:00,3150.0,880.0,3770.0,470.0,－－－－－－－－－－,10.0,0.0,0.0,20.0,0.0,210.0,-2210.0,3150.0,yonden
2016,10,2016-10-31,20:00,2980.0,880.0,3740.0,410.0,－－－－－－－－－－,10.0,0.0,0.0,30.0,0.0,0.0,-2090.0,2980.0,yonden
2016,10,2016-10-31,21:00,2790.0,880.0,3730.0,340.0,－－－－－－－－－－,10.0,0.0,0.0,50.0,0.0,0.0,-2220.0,2790.0,yonden
2016,10,2016-10-31,22:00,2570.0,880.0,3560.0,270.0,－－－－－－－－－－,10.0,0.0,0.0,70.0,0.0,0.0,-2220.0,2570.0,yonden
2016,10,2016-10-31,23:00,2480.0,880.0,3650.0,230.0,－－－－－－－－－－,10.0,0.0,0.0,70.0,0.0,-300.0,-2060.0,2480.0,yonden
2016,11,2016-11-01,00:00,2380.0,880.0,3640.0,180.0,－－－－－－－－－－,10.0,0.0,0.0,70.0,0.0,-300.0,-2100.0,2380.0,yonden
2016,11,2016-11-01,01:00,2410.0,880.0,3620.0,190.0,－－－－－－－－－－,10.0,0.0,0.0,80.0,0.0,-300.0,-2070.0,2410.0,yonden
2016,11,2016-11-01,02:00,2610.0,880.0,3630.0,230.0,－－－－－－－－－－,10.0,0.0,0.0,80.0,0.0,-150.0,-2070.0,2610.0,yonden
2016,11,2016-11-01,03:00,2860.0,880.0,3630.0,350.0,－－－－－－－－－－,10.0,0.0,0.0,100.0,0.0,0.0,-2110.0,2860.0,yonden
2016,11,2016-11-01,04:00,2950.0,880.0,3570.0,450.0,－－－－－－－－－－,10.0,0.0,0.0,110.0,0.0,0.0,-2070.0,2950.0,yonden
2016,11,2016-11-01,05:00,2870.0,880.0,3560.0,390.0,－－－－－－－－－－,10.0,0.0,0.0,110.0,0.0,0.0,-2080.0,2870.0,yonden
2016,11,2016-11-01,06:00,2730.0,880.0,3550.0,320.0,－－－－－－－－－－,10.0,10.0,0.0,110.0,0.0,0.0,-2150.0,2730.0,yonden
2016,11,2016-11-01,07:00,2680.0,880.0,3590.0,320.0,－－－－－－－－－－,10.0,100.0,0.0,110.0,0.0,0.0,-2330.0,2680.0,yonden
2016,11,2016-11-01,08:00,2860.0,880.0,3540.0,280.0,－－－－－－－－－－,10.0,340.0,0.0,100.0,0.0,0.0,-2290.0,2860.0,yonden
2016,11,2016-11-01,09:00,3090.0,880.0,3500.0,310.0,－－－－－－－－－－,10.0,630.0,0.0,100.0,0.0,0.0,-2340.0,3090.0,yonden
2016,11,2016-11-01,10:00,3260.0,880.0,3510.0,310.0,－－－－－－－－－－,10.0,780.0,0.0,110.0,0.0,0.0,-2340.0,3260.0,yonden
2016,11,2016-11-01,11:00,3230.0,880.0,3500.0,300.0,－－－－－－－－－－,10.0,830.0,0.0,100.0,0.0,0.0,-2390.0,3230.0,yonden
2016,11,2016-11-01,12:00,3050.0,880.0,3290.0,260.0,－－－－－－－－－－,10.0,960.0,0.0,110.0,0.0,0.0,-2460.0,3050.0,yonden
2016,11,2016-11-01,13:00,3330.0,880.0,3520.0,290.0,－－－－－－－－－－,10.0,870.0,0.0,110.0,0.0,0.0,-2350.0,3330.0,yonden
2016,11,2016-11-01,14:00,3250.0,880.0,3590.0,320.0,－－－－－－－－－－,10.0,590.0,0.0,110.0,0.0,0.0,-2250.0,3250.0,yonden
2016,11,2016-11-01,15:00,3210.0,880.0,3780.0,420.0,－－－－－－－－－－,10.0,320.0,0.0,100.0,0.0,0.0,-2300.0,3210.0,yonden
2016,11,2016-11-01,16:00,3240.0,880.0,3690.0,510.0,－－－－－－－－－－,10.0,100.0,0.0,100.0,0.0,150.0,-2200.0,3240.0,yonden
2016,11,2016-11-01,17:00,3320.0,880.0,3660.0,570.0,－－－－－－－－－－,10.0,0.0,0.0,100.0,0.0,280.0,-2180.0,3320.0,yonden
2016,11,2016-11-01,18:00,3340.0,880.0,3680.0,590.0,－－－－－－－－－－,10.0,0.0,0.0,80.0,0.0,300.0,-2200.0,3340.0,yonden
2016,11,2016-11-01,19:00,3190.0,880.0,3690.0,530.0,－－－－－－－－－－,10.0,0.0,0.0,80.0,0.0,220.0,-2220.0,3190.0,yonden
2016,11,2016-11-01,20:00,3030.0,880.0,3630.0,450.0,－－－－－－－－－－,10.0,0.0,0.0,80.0,0.0,0.0,-2020.0,3030.0,yonden
2016,11,2016-11-01,21:00,2850.0,880.0,3620.0,390.0,－－－－－－－－－－,10.0,0.0,0.0,70.0,0.0,0.0,-2120.0,2850.0,yonden
2016,11,2016-11-01,22:00,2620.0,880.0,3460.0,350.0,－－－－－－－－－－,10.0,0.0,0.0,60.0,0.0,0.0,-2140.0,2620.0,yonden
2016,11,2016-11-01,23:00,2490.0,880.0,3320.0,280.0,－－－－－－－－－－,10.0,0.0,0.0,50.0,0.0,0.0,-2050.0,2490.0,yonden
2016,11,2016-11-02,00:00,2400.0,880.0,3400.0,230.0,－－－－－－－－－－,10.0,0.0,0.0,60.0,0.0,0.0,-2180.0,2400.0,yonden
2016,11,2016-11-02,01:00,2440.0,880.0,3560.0,220.0,－－－－－－－－－－,10.0,0.0,0.0,50.0,0.0,0.0,-2280.0,2440.0,yonden
2016,11,2016-11-02,02:00,2640.0,880.0,3630.0,260.0,－－－－－－－－－－,10.0,0.0,0.0,40.0,0.0,0.0,-2180.0,2640.0,yonden
2016,11,2016-11-02,03:00,2910.0,880.0,3680.0,410.0,－－－－－－－－－－,10.0,0.0,0.0,40.0,0.0,0.0,-2110.0,2910.0,yonden
2016,11,2016-11-02,04:00,3000.0,880.0,3690.0,450.0,－－－－－－－－－－,10.0,0.0,0.0,30.0,0.0,0.0,-2060.0,3000.0,yonden
2016,11,2016-11-02,05:00,2910.0,880.0,3650.0,370.0,－－－－－－－－－－,10.0,0.0,0.0,40.0,0.0,0.0,-2040.0,2910.0,yonden
2016,11,2016-11-02,06:00,2810.0,880.0,3670.0,260.0,－－－－－－－－－－,10.0,10.0,0.0,40.0,0.0,0.0,-2060.0,2810.0,yonden
2016,11,2016-11-02,07:00,2730.0,880.0,3710.0,230.0,－－－－－－－－－－,10.0,130.0,0.0,40.0,0.0,0.0,-2270.0,2730.0,yonden
2016,11,2016-11-02,08:00,2910.0,880.0,3750.0,250.0,－－－－－－－－－－,10.0,390.0,0.0,40.0,0.0,0.0,-2410.0,2910.0,yonden
2016,11,2016-11-02,09:00,3030.0,880.0,3550.0,250.0,－－－－－－－－－－,10.0,730.0,0.0,30.0,0.0,0.0,-2420.0,3030.0,yonden
2016,11,2016-11-02,10:00,3080.0,880.0,3310.0,260.0,－－－－－－－－－－,10.0,1020.0,0.0,30.0,0.0,0.0,-2430.0,3080.0,yonden
2016,11,2016-11-02,11:00,3180.0,880.0,3250.0,240.0,－－－－－－－－－－,10.0,1190.0,0.0,20.0,0.0,0.0,-2410.0,3180.0,yonden
2016,11,2016-11-02,12:00,3030.0,880.0,3180.0,200.0,－－－－－－－－－－,10.0,1160.0,0.0,20.0,0.0,0.0,-2420.0,3030.0,yonden
2016,11,2016-11-02,13:00,3230.0,880.0,3420.0,290.0,－－－－－－－－－－,10.0,990.0,0.0,20.0,0.0,0.0,-2380.0,3230.0,yonden
2016,11,2016-11-02,14:00,3270.0,880.0,3650.0,310.0,－－－－－－－－－－,10.0,770.0,0.0,10.0,0.0,10.0,-2370.0,3270.0,yonden
2016,11,2016-11-02,15:00,3250.0,880.0,3690.0,300.0,－－－－－－－－－－,10.0,470.0,0.0,10.0,0.0,260.0,-2370.0,3250.0,yonden
2016,11,2016-11-02,16:00,3280.0,880.0,3890.0,400.0,－－－－－－－－－－,10.0,160.0,0.0,10.0,0.0,320.0,-2390.0,3280.0,yonden
2016,11,2016-11-02,17:00,3320.0,880.0,3940.0,510.0,－－－－－－－－－－,10.0,0.0,0.0,10.0,0.0,320.0,-2350.0,3320.0,yonden
2016,11,2016-11-02,18:00,3320.0,880.0,3850.0,580.0,－－－－－－－－－－,10.0,0.0,0.0,20.0,0.0,320.0,-2340.0,3320.0,yonden
2016,11,2016-11-02,19:00,3170.0,880.0,3830.0,520.0,－－－－－－－－－－,10.0,0.0,0.0,30.0,0.0,220.0,-2320.0,3170.0,yonden
2016,11,2016-11-02,20:00,3030.0,880.0,3810.0,360.0,－－－－－－－－－－,10.0,0.0,0.0,40.0,0.0,0.0,-2070.0,3030.0,yonden
2016,11,2016-11-02,21:00,2850.0,880.0,3720.0,300.0,－－－－－－－－－－,10.0,0.0,0.0,40.0,0.0,0.0,-2100.0,2850.0,yonden
2016,11,2016-11-02,22:00,2630.0,880.0,3660.0,250.0,－－－－－－－－－－,10.0,0.0,0.0,50.0,0.0,0.0,-2220.0,2630.0,yonden
2016,11,2016-11-02,23:00,2520.0,880.0,3630.0,220.0,－－－－－－－－－－,10.0,0.0,0.0,70.0,0.0,0.0,-2290.0,2520.0,yonden
2016,11,2016-11-03,00:00,2420.0,880.0,3640.0,160.0,－－－－－－－－－－,10.0,0.0,0.0,80.0,0.0,0.0,-2350.0,2420.0,yonden
2016,11,2016-11-03,01:00,2450.0,880.0,3690.0,150.0,－－－－－－－－－－,10.0,0.0,0.0,100.0,0.0,0.0,-2380.0,2450.0,yonden
2016,11,2016-11-03,02:00,2660.0,880.0,3730.0,200.0,－－－－－－－－－－,10.0,0.0,0.0,100.0,0.0,0.0,-2260.0,2660.0,yonden
2016,11,2016-11-03,03:00,2920.0,880.0,3790.0,300.0,－－－－－－－－－－,10.0,0.0,0.0,100.0,0.0,0.0,-2160.0,2920.0,yonden
2016,11,2016-11-03,04:00,2990.0,880.0,3750.0,270.0,－－－－－－－－－－,10.0,0.0,0.0,120.0,0.0,0.0,-2040.0,2990.0,yonden
2016,11,2016-11-03,05:00,2860.0,880.0,3760.0,220.0,－－－－－－－－－－,10.0,0.0,0.0,120.0,0.0,0.0,-2130.0,2860.0,yonden
2016,11,2016-11-03,06:00,2640.0,880.0,3700.0,170.0,－－－－－－－－－－,10.0,10.0,0.0,130.0,0.0,0.0,-2260.0,2640.0,yonden
2016,11,2016-11-03,07:00,2550.0,880.0,3620.0,150.0,－－－－－－－－－－,10.0,170.0,0.0,120.0,0.0,0.0,-2400.0,2550.0,yonden
2016,11,2016-11-03,08:00,2650.0,880.0,3490.0,190.0,－－－－－－－－－－,10.0,500.0,0.0,120.0,0.0,-160.0,-2380.0,2650.0,yonden
2016,11,2016-11-03,09:00,2760.0,880.0,3410.0,250.0,－－－－－－－－－－,10.0,840.0,0.0,120.0,0.0,-310.0,-2440.0,2760.0,yonden
2016,11,2016-11-03,10:00,2820.0,880.0,3210.0,220.0,－－－－－－－－－－,10.0,1150.0,0.0,120.0,0.0,-300.0,-2470.0,2820.0,yonden
2016,11,2016-11-03,11:00,2900.0,880.0,3150.0,190.0,－－－－－－－－－－,10.0,1310.0,0.0,110.0,0.0,-300.0,-2450.0,2900.0,yonden
2016,11,2016-11-03,12:00,2870.0,880.0,3240.0,160.0,－－－－－－－－－－,10.0,1230.0,0.0,110.0,0.0,-300.0,-2460.0,2870.0,yonden
2016,11,2016-11-03,13:00,2910.0,880.0,3490.0,170.0,－－－－－－－－－－,10.0,1020.0,0.0,110.0,0.0,-300.0,-2470.0,2910.0,yonden
2016,11,2016-11-03,14:00,2870.0,880.0,3550.0,190.0,－－－－－－－－－－,10.0,730.0,0.0,110.0,0.0,-130.0,-2470.0,2870.0,yonden
2016,11,2016-11-03,15:00,2860.0,880.0,3630.0,220.0,－－－－－－－－－－,10.0,460.0,0.0,100.0,0.0,0.0,-2440.0,2860.0,yonden
2016,11,2016-11-03,16:00,2950.0,880.0,3840.0,270.0,－－－－－－－－－－,10.0,170.0,0.0,90.0,0.0,70.0,-2380.0,2950.0,yonden
2016,11,2016-11-03,17:00,3100.0,880.0,3880.0,380.0,－－－－－－－－－－,10.0,0.0,0.0,100.0,0.0,280.0,-2430.0,3100.0,yonden
2016,11,2016-11-03,18:00,3180.0,880.0,3840.0,440.0,－－－－－－－－－－,10.0,0.0,0.0,100.0,0.0,310.0,-2400.0,3180.0,yonden
2016,11,2016-11-03,19:00,3070.0,880.0,3810.0,350.0,－－－－－－－－－－,10.0,0.0,0.0,100.0,0.0,250.0,-2330.0,3070.0,yonden
2016,11,2016-11-03,20:00,2950.0,880.0,3850.0,250.0,－－－－－－－－－－,10.0,0.0,0.0,90.0,0.0,60.0,-2190.0,2950.0,yonden
2016,11,2016-11-03,21:00,2800.0,880.0,3850.0,210.0,－－－－－－－－－－,10.0,0.0,0.0,90.0,0.0,0.0,-2240.0,2800.0,yonden
2016,11,2016-11-03,22:00,2590.0,880.0,3770.0,180.0,－－－－－－－－－－,10.0,0.0,0.0,90.0,0.0,0.0,-2340.0,2590.0,yonden
2016,11,2016-11-03,23:00,2470.0,880.0,3730.0,170.0,－－－－－－－－－－,10.0,0.0,0.0,90.0,0.0,0.0,-2410.0,2470.0,yonden
2016,11,2016-11-04,00:00,2380.0,880.0,3640.0,180.0,－－－－－－－－－－,10.0,0.0,0.0,80.0,0.0,0.0,-2410.0,2380.0,yonden
2016,11,2016-11-04,01:00,2450.0,880.0,3700.0,170.0,－－－－－－－－－－,10.0,0.0,0.0,80.0,0.0,0.0,-2390.0,2450.0,yonden
2016,11,2016-11-04,02:00,2690.0,880.0,3770.0,170.0,－－－－－－－－－－,10.0,0.0,0.0,70.0,0.0,0.0,-2210.0,2690.0,yonden
2016,11,2016-11-04,03:00,2950.0,880.0,3800.0,340.0,－－－－－－－－－－,10.0,0.0,0.0,60.0,0.0,0.0,-2140.0,2950.0,yonden
2016,11,2016-11-04,04:00,3060.0,880.0,3820.0,360.0,－－－－－－－－－－,10.0,0.0,0.0,50.0,0.0,0.0,-2060.0,3060.0,yonden
2016,11,2016-11-04,05:00,2990.0,880.0,3850.0,260.0,－－－－－－－－－－,10.0,0.0,0.0,40.0,0.0,0.0,-2050.0,2990.0,yonden
2016,11,2016-11-04,06:00,2910.0,880.0,3830.0,230.0,－－－－－－－－－－,10.0,10.0,0.0,30.0,0.0,0.0,-2080.0,2910.0,yonden
2016,11,2016-11-04,07:00,2800.0,880.0,3800.0,250.0,－－－－－－－－－－,10.0,150.0,0.0,20.0,0.0,0.0,-2310.0,2800.0,yonden
2016,11,2016-11-04,08:00,2960.0,880.0,3770.0,270.0,－－－－－－－－－－,10.0,450.0,0.0,20.0,0.0,0.0,-2440.0,2960.0,yonden
2016,11,2016-11-04,09:00,3110.0,880.0,3600.0,240.0,－－－－－－－－－－,10.0,790.0,0.0,10.0,0.0,0.0,-2420.0,3110.0,yonden
2016,11,2016-11-04,10:00,3210.0,880.0,3410.0,220.0,－－－－－－－－－－,10.0,1080.0,0.0,10.0,0.0,0.0,-2400.0,3210.0,yonden
2016,11,2016-11-04,11:00,3200.0,880.0,3460.0,200.0,－－－－－－－－－－,10.0,1160.0,0.0,10.0,0.0,-110.0,-2410.0,3200.0,yonden
2016,11,2016-11-04,12:00,3020.0,880.0,3550.0,160.0,－－－－－－－－－－,10.0,1170.0,0.0,10.0,0.0,-300.0,-2460.0,3020.0,yonden
2016,11,2016-11-04,13:00,3250.0,880.0,3650.0,180.0,－－－－－－－－－－,10.0,1090.0,0.0,0.0,0.0,-130.0,-2430.0,3250.0,yonden
2016,11,2016-11-04,14:00,3260.0,880.0,3690.0,190.0,－－－－－－－－－－,10.0,860.0,0.0,0.0,0.0,0.0,-2370.0,3260.0,yonden
2016,11,2016-11-04,15:00,3270.0,880.0,3910.0,250.0,－－－－－－－－－－,10.0,550.0,0.0,0.0,0.0,40.0,-2370.0,3270.0,yonden
2016,11,2016-11-04,16:00,3350.0,880.0,4010.0,370.0,－－－－－－－－－－,10.0,210.0,0.0,0.0,0.0,200.0,-2330.0,3350.0,yonden
2016,11,2016-11-04,17:00,3370.0,880.0,4020.0,500.0,－－－－－－－－－－,10.0,0.0,0.0,0.0,0.0,210.0,-2250.0,3370.0,yonden
2016,11,2016-11-04,18:00,3380.0,880.0,3980.0,520.0,－－－－－－－－－－,10.0,0.0,0.0,0.0,0.0,250.0,-2260.0,3380.0,yonden
2016,11,2016-11-04,19:00,3230.0,880.0,3950.0,420.0,－－－－－－－－－－,10.0,0.0,0.0,0.0,0.0,200.0,-2230.0,3230.0,yonden
2016,11,2016-11-04,20:00,3090.0,880.0,3880.0,260.0,－－－－－－－－－－,10.0,0.0,0.0,0.0,0.0,0.0,-1940.0,3090.0,yonden
2016,11,2016-11-04,21:00,2920.0,880.0,3890.0,200.0,－－－－－－－－－－,10.0,0.0,0.0,0.0,0.0,0.0,-2060.0,2920.0,yonden
2016,11,2016-11-04,22:00,2700.0,880.0,3830.0,180.0,－－－－－－－－－－,10.0,0.0,0.0,0.0,0.0,0.0,-2200.0,2700.0,yonden
2016,11,2016-11-04,23:00,2570.0,880.0,3810.0,180.0,－－－－－－－－－－,10.0,0.0,0.0,0.0,0.0,0.0,-2310.0,2570.0,yonden
2016,11,2016-11-05,00:00,2450.0,880.0,3810.0,160.0,－－－－－－－－－－,10.0,0.0,0.0,0.0,0.0,0.0,-2410.0,2450.0,yonden
2016,11,2016-11-05,01:00,2510.0,880.0,3870.0,140.0,－－－－－－－－－－,10.0,0.0,0.0,0.0,0.0,0.0,-2390.0,2510.0,yonden
2016,11,2016-11-05,02:00,2710.0,880.0,3890.0,130.0,－－－－－－－－－－,10.0,0.0,0.0,0.0,0.0,0.0,-2200.0,2710.0,yonden
2016,11,2016-11-05,03:00,2950.0,880.0,3920.0,210.0,－－－－－－－－－－,10.0,0.0,0.0,0.0,0.0,0.0,-2070.0,2950.0,yonden
2016,11,2016-11-05,04:00,3010.0,880.0,3840.0,260.0,－－－－－－－－－－,10.0,0.0,0.0,0.0,0.0,0.0,-1980.0,3010.0,yonden
2016,11,2016-11-05,05:00,2880.0,880.0,3800.0,210.0,－－－－－－－－－－,10.0,0.0,0.0,0.0,0.0,0.0,-2020.0,2880.0,yonden
2016,11,2016-11-05,06:00,2710.0,880.0,3920.0,130.0,－－－－－－－－－－,10.0,10.0,0.0,0.0,0.0,0.0,-2240.0,2710.0,yonden
2016,11,2016-11-05,07:00,2580.0,880.0,3840.0,130.0,－－－－－－－－－－,10.0,150.0,0.0,0.0,0.0,0.0,-2430.0,2580.0,yonden
2016,11,2016-11-05,08:00,2720.0,880.0,3650.0,150.0,－－－－－－－－－－,10.0,460.0,0.0,0.0,0.0,0.0,-2430.0,2720.0,yonden
2016,11,2016-11-05,09:00,2810.0,880.0,3470.0,190.0,－－－－－－－－－－,10.0,790.0,0.0,0.0,0.0,-30.0,-2500.0,2810.0,yonden
2016,11,2016-11-05,10:00,2810.0,880.0,3500.0,190.0,－－－－－－－－－－,10.0,1030.0,0.0,0.0,0.0,-310.0,-2490.0,2810.0,yonden
2016,11,2016-11-05,11:00,2870.0,880.0,3410.0,180.0,－－－－－－－－－－,10.0,1180.0,0.0,0.0,0.0,-310.0,-2480.0,2870.0,yonden
2016,11,2016-11-05,12:00,2790.0,880.0,3310.0,170.0,－－－－－－－－－－,10.0,1190.0,0.0,0.0,0.0,-300.0,-2470.0,2790.0,yonden
2016,11,2016-11-05,13:00,2900.0,880.0,3510.0,180.0,－－－－－－－－－－,10.0,1080.0,0.0,0.0,0.0,-300.0,-2460.0,2900.0,yonden
2016,11,2016-11-05,14:00,2910.0,880.0,3560.0,190.0,－－－－－－－－－－,10.0,850.0,0.0,0.0,0.0,-150.0,-2430.0,2910.0,yonden
2016,11,2016-11-05,15:00,2910.0,880.0,3640.0,170.0,－－－－－－－－－－,10.0,530.0,0.0,0.0,0.0,0.0,-2320.0,2910.0,yonden
2016,11,2016-11-05,16:00,2960.0,880.0,3790.0,210.0,－－－－－－－－－－,10.0,190.0,0.0,0.0,0.0,20.0,-2140.0,2960.0,yonden
2016,11,2016-11-05,17:00,3020.0,880.0,3780.0,220.0,－－－－－－－－－－,10.0,0.0,0.0,0.0,0.0,260.0,-2130.0,3020.0,yonden
2016,11,2016-11-05,18:00,3050.0,880.0,3780.0,280.0,－－－－－－－－－－,10.0,0.0,0.0,10.0,0.0,280.0,-2190.0,3050.0,yonden
2016,11,2016-11-05,19:00,2930.0,880.0,3720.0,240.0,－－－－－－－－－－,10.0,0.0,0.0,10.0,0.0,230.0,-2160.0,2930.0,yonden
2016,11,2016-11-05,20:00,2800.0,880.0,3690.0,290.0,－－－－－－－－－－,10.0,0.0,0.0,10.0,0.0,0.0,-2080.0,2800.0,yonden
2016,11,2016-11-05,21:00,2650.0,880.0,3670.0,250.0,－－－－－－－－－－,10.0,0.0,0.0,20.0,0.0,0.0,-2180.0,2650.0,yonden
2016,11,2016-11-05,22:00,2480.0,880.0,3740.0,170.0,－－－－－－－－－－,10.0,0.0,0.0,20.0,0.0,0.0,-2340.0,2480.0,yonden
2016,11,2016-11-05,23:00,2380.0,880.0,3730.0,140.0,－－－－－－－－－－,10.0,0.0,0.0,30.0,0.0,0.0,-2410.0,2380.0,yonden
2016,11,2016-11-06,00:00,2280.0,880.0,3640.0,120.0,－－－－－－－－－－,10.0,0.0,0.0,40.0,0.0,0.0,-2410.0,2280.0,yonden
2016,11,2016-11-06,01:00,2330.0,880.0,3700.0,120.0,－－－－－－－－－－,10.0,0.0,0.0,60.0,0.0,0.0,-2440.0,2330.0,yonden
2016,11,2016-11-06,02:00,2550.0,880.0,3790.0,130.0,－－－－－－－－－－,10.0,0.0,0.0,80.0,0.0,0.0,-2340.0,2550.0,yonden
2016,11,2016-11-06,03:00,2800.0,880.0,3820.0,210.0,－－－－－－－－－－,10.0,0.0,0.0,90.0,0.0,0.0,-2210.0,2800.0,yonden
2016,11,2016-11-06,04:00,2850.0,880.0,3760.0,250.0,－－－－－－－－－－,10.0,0.0,0.0,70.0,0.0,0.0,-2120.0,2850.0,yonden
2016,11,2016-11-06,05:00,2670.0,880.0,3700.0,170.0,－－－－－－－－－－,10.0,0.0,0.0,50.0,0.0,0.0,-2140.0,2670.0,yonden
2016,11,2016-11-06,06:00,2410.0,880.0,3650.0,140.0,－－－－－－－－－－,10.0,10.0,0.0,40.0,0.0,0.0,-2320.0,2410.0,yonden
2016,11,2016-11-06,07:00,2280.0,880.0,3760.0,170.0,－－－－－－－－－－,10.0,120.0,0.0,30.0,0.0,-250.0,-2440.0,2280.0,yonden
2016,11,2016-11-06,08:00,2350.0,880.0,3770.0,120.0,－－－－－－－－－－,10.0,330.0,0.0,40.0,0.0,-310.0,-2490.0,2350.0,yonden
2016,11,2016-11-06,09:00,2480.0,880.0,3650.0,160.0,－－－－－－－－－－,10.0,530.0,0.0,40.0,0.0,-300.0,-2490.0,2480.0,yonden
2016,11,2016-11-06,10:00,2530.0,880.0,3640.0,170.0,－－－－－－－－－－,10.0,590.0,0.0,40.0,0.0,-300.0,-2500.0,2530.0,yonden
2016,11,2016-11-06,11:00,2550.0,880.0,3620.0,160.0,－－－－－－－－－－,10.0,610.0,0.0,50.0,0.0,-300.0,-2480.0,2550.0,yonden
2016,11,2016-11-06,12:00,2510.0,880.0,3620.0,150.0,－－－－－－－－－－,10.0,580.0,0.0,60.0,0.0,-300.0,-2490.0,2510.0,yonden
2016,11,2016-11-06,13:00,2530.0,880.0,3540.0,140.0,－－－－－－－－－－,10.0,520.0,0.0,60.0,0.0,-130.0,-2490.0,2530.0,yonden
2016,11,2016-11-06,14:00,2490.0,880.0,3490.0,140.0,－－－－－－－－－－,10.0,370.0,0.0,60.0,0.0,0.0,-2460.0,2490.0,yonden
2016,11,2016-11-06,15:00,2480.0,880.0,3600.0,150.0,－－－－－－－－－－,10.0,220.0,0.0,70.0,0.0,0.0,-2450.0,2480.0,yonden
2016,11,2016-11-06,16:00,2580.0,880.0,3750.0,140.0,－－－－－－－－－－,10.0,70.0,0.0,80.0,0.0,0.0,-2350.0,2580.0,yonden
2016,11,2016-11-06,17:00,2850.0,880.0,3860.0,250.0,－－－－－－－－－－,10.0,0.0,0.0,90.0,0.0,0.0,-2240.0,2850.0,yonden
2016,11,2016-11-06,18:00,2910.0,880.0,3800.0,400.0,－－－－－－－－－－,10.0,0.0,0.0,80.0,0.0,0.0,-2260.0,2910.0,yonden
2016,11,2016-11-06,19:00,2840.0,880.0,3740.0,300.0,－－－－－－－－－－,10.0,0.0,0.0,90.0,0.0,0.0,-2180.0,2840.0,yonden
2016,11,2016-11-06,20:00,2740.0,880.0,3710.0,230.0,－－－－－－－－－－,10.0,0.0,0.0,90.0,0.0,0.0,-2180.0,2740.0,yonden
2016,11,2016-11-06,21:00,2600.0,880.0,3720.0,160.0,－－－－－－－－－－,10.0,0.0,0.0,80.0,0.0,0.0,-2250.0,2600.0,yonden
2016,11,2016-11-06,22:00,2400.0,880.0,3690.0,140.0,－－－－－－－－－－,10.0,0.0,0.0,60.0,0.0,0.0,-2380.0,2400.0,yonden
2016,11,2016-11-06,23:00,2300.0,880.0,3600.0,140.0,－－－－－－－－－－,10.0,0.0,0.0,70.0,0.0,0.0,-2400.0,2300.0,yonden
2016,11,2016-11-07,00:00,2230.0,880.0,3520.0,120.0,－－－－－－－－－－,10.0,0.0,0.0,70.0,0.0,0.0,-2370.0,2230.0,yonden
2016,11,2016-11-07,01:00,2300.0,880.0,3580.0,120.0,－－－－－－－－－－,10.0,0.0,0.0,70.0,0.0,0.0,-2360.0,2300.0,yonden
2016,11,2016-11-07,02:00,2560.0,880.0,3700.0,190.0,－－－－－－－－－－,10.0,0.0,0.0,60.0,0.0,0.0,-2280.0,2560.0,yonden
2016,11,2016-11-07,03:00,2820.0,880.0,3710.0,330.0,－－－－－－－－－－,10.0,0.0,0.0,70.0,0.0,0.0,-2180.0,2820.0,yonden
2016,11,2016-11-07,04:00,2910.0,880.0,3720.0,350.0,－－－－－－－－－－,10.0,0.0,0.0,60.0,0.0,0.0,-2110.0,2910.0,yonden
2016,11,2016-11-07,05:00,2840.0,880.0,3720.0,240.0,－－－－－－－－－－,10.0,0.0,0.0,60.0,0.0,0.0,-2070.0,2840.0,yonden
2016,11,2016-11-07,06:00,2810.0,880.0,3850.0,210.0,－－－－－－－－－－,10.0,10.0,0.0,60.0,0.0,0.0,-2210.0,2810.0,yonden
2016,11,2016-11-07,07:00,2790.0,880.0,3950.0,160.0,－－－－－－－－－－,10.0,110.0,0.0,50.0,0.0,0.0,-2370.0,2790.0,yonden
2016,11,2016-11-07,08:00,3040.0,880.0,4010.0,150.0,－－－－－－－－－－,10.0,360.0,0.0,50.0,0.0,0.0,-2420.0,3040.0,yonden
2016,11,2016-11-07,09:00,3150.0,880.0,3800.0,170.0,－－－－－－－－－－,10.0,700.0,0.0,30.0,0.0,0.0,-2440.0,3150.0,yonden
2016,11,2016-11-07,10:00,3180.0,880.0,3790.0,180.0,－－－－－－－－－－,10.0,990.0,0.0,20.0,0.0,-280.0,-2410.0,3180.0,yonden
2016,11,2016-11-07,11:00,3190.0,880.0,3680.0,180.0,－－－－－－－－－－,10.0,1120.0,0.0,20.0,0.0,-300.0,-2400.0,3190.0,yonden
2016,11,2016-11-07,12:00,2990.0,880.0,3590.0,150.0,－－－－－－－－－－,10.0,1120.0,0.0,10.0,0.0,-300.0,-2470.0,2990.0,yonden
2016,11,2016-11-07,13:00,3230.0,880.0,3920.0,140.0,－－－－－－－－－－,10.0,1030.0,0.0,10.0,0.0,-300.0,-2460.0,3230.0,yonden
2016,11,2016-11-07,14:00,3250.0,880.0,3840.0,150.0,－－－－－－－－－－,10.0,810.0,0.0,10.0,0.0,-30.0,-2420.0,3250.0,yonden
2016,11,2016-11-07,15:00,3250.0,880.0,3980.0,150.0,－－－－－－－－－－,10.0,490.0,0.0,10.0,0.0,0.0,-2270.0,3250.0,yonden
2016,11,2016-11-07,16:00,3300.0,880.0,4200.0,240.0,－－－－－－－－－－,10.0,160.0,0.0,10.0,0.0,60.0,-2260.0,3300.0,yonden
2016,11,2016-11-07,17:00,3380.0,880.0,4100.0,440.0,－－－－－－－－－－,10.0,0.0,0.0,10.0,0.0,290.0,-2350.0,3380.0,yonden
2016,11,2016-11-07,18:00,3390.0,880.0,4090.0,450.0,－－－－－－－－－－,10.0,0.0,0.0,0.0,0.0,210.0,-2250.0,3390.0,yonden
2016,11,2016-11-07,19:00,3240.0,880.0,4080.0,350.0,－－－－－－－－－－,10.0,0.0,0.0,10.0,0.0,90.0,-2180.0,3240.0,yonden
2016,11,2016-11-07,20:00,3090.0,880.0,4000.0,220.0,－－－－－－－－－－,10.0,0.0,0.0,10.0,0.0,0.0,-2030.0,3090.0,yonden
2016,11,2016-11-07,21:00,2900.0,880.0,3910.0,180.0,－－－－－－－－－－,10.0,0.0,0.0,10.0,0.0,0.0,-2090.0,2900.0,yonden
2016,11,2016-11-07,22:00,2680.0,880.0,3810.0,140.0,－－－－－－－－－－,10.0,0.0,0.0,20.0,0.0,0.0,-2180.0,2680.0,yonden
2016,11,2016-11-07,23:00,2560.0,880.0,3840.0,130.0,－－－－－－－－－－,10.0,0.0,0.0,20.0,0.0,-300.0,-2020.0,2560.0,yonden
2016,11,2016-11-08,00:00,2480.0,880.0,3750.0,140.0,－－－－－－－－－－,10.0,0.0,0.0,30.0,0.0,-230.0,-2100.0,2480.0,yonden
2016,11,2016-11-08,01:00,2530.0,880.0,3500.0,150.0,－－－－－－－－－－,10.0,0.0,0.0,20.0,0.0,0.0,-2030.0,2530.0,yonden
2016,11,2016-11-08,02:00,2750.0,880.0,3710.0,200.0,－－－－－－－－－－,10.0,0.0,0.0,20.0,0.0,0.0,-2070.0,2750.0,yonden
2016,11,2016-11-08,03:00,2990.0,880.0,3790.0,280.0,－－－－－－－－－－,10.0,0.0,0.0,30.0,0.0,0.0,-2000.0,2990.0,yonden
2016,11,2016-11-08,04:00,3050.0,880.0,3760.0,310.0,－－－－－－－－－－,10.0,0.0,0.0,30.0,0.0,0.0,-1940.0,3050.0,yonden
2016,11,2016-11-08,05:00,2940.0,880.0,3690.0,250.0,－－－－－－－－－－,10.0,0.0,0.0,30.0,0.0,0.0,-1920.0,2940.0,yonden
2016,11,2016-11-08,06:00,2860.0,880.0,3680.0,120.0,－－－－－－－－－－,10.0,0.0,0.0,20.0,0.0,0.0,-1850.0,2860.0,yonden
2016,11,2016-11-08,07:00,2890.0,880.0,3820.0,120.0,－－－－－－－－－－,10.0,40.0,0.0,20.0,0.0,0.0,-2000.0,2890.0,yonden
2016,11,2016-11-08,08:00,3260.0,880.0,4030.0,290.0,－－－－－－－－－－,10.0,110.0,0.0,20.0,0.0,0.0,-2080.0,3260.0,yonden
2016,11,2016-11-08,09:00,3450.0,880.0,4060.0,350.0,－－－－－－－－－－,10.0,140.0,0.0,20.0,0.0,0.0,-2010.0,3450.0,yonden
2016,11,2016-11-08,10:00,3470.0,880.0,4060.0,270.0,－－－－－－－－－－,10.0,140.0,0.0,40.0,0.0,0.0,-1930.0,3470.0,yonden
2016,11,2016-11-08,11:00,3480.0,880.0,4090.0,270.0,－－－－－－－－－－,10.0,160.0,0.0,50.0,0.0,0.0,-1980.0,3480.0,yonden
2016,11,2016-11-08,12:00,3250.0,880.0,4120.0,160.0,－－－－－－－－－－,10.0,200.0,0.0,60.0,0.0,0.0,-2180.0,3250.0,yonden
2016,11,2016-11-08,13:00,3430.0,880.0,4230.0,130.0,－－－－－－－－－－,10.0,210.0,0.0,70.0,0.0,0.0,-2100.0,3430.0,yonden
2016,11,2016-11-08,14:00,3420.0,880.0,4250.0,150.0,－－－－－－－－－－,10.0,170.0,0.0,70.0,0.0,0.0,-2110.0,3420.0,yonden
2016,11,2016-11-08,15:00,3400.0,880.0,4250.0,180.0,－－－－－－－－－－,10.0,100.0,0.0,90.0,0.0,0.0,-2110.0,3400.0,yonden
2016,11,2016-11-08,16:00,3480.0,880.0,4320.0,200.0,－－－－－－－－－－,10.0,30.0,0.0,100.0,0.0,0.0,-2060.0,3480.0,yonden
2016,11,2016-11-08,17:00,3550.0,880.0,4300.0,360.0,－－－－－－－－－－,10.0,0.0,0.0,100.0,0.0,0.0,-2100.0,3550.0,yonden
2016,11,2016-11-08,18:00,3500.0,880.0,4240.0,400.0,－－－－－－－－－－,10.0,0.0,0.0,90.0,0.0,0.0,-2120.0,3500.0,yonden
2016,11,2016-11-08,19:00,3310.0,880.0,4310.0,320.0,－－－－－－－－－－,10.0,0.0,0.0,80.0,0.0,0.0,-2290.0,3310.0,yonden
2016,11,2016-11-08,20:00,3170.0,880.0,4210.0,240.0,－－－－－－－－－－,10.0,0.0,0.0,90.0,0.0,0.0,-2260.0,3170.0,yonden
2016,11,2016-11-08,21:00,2980.0,880.0,4190.0,210.0,－－－－－－－－－－,10.0,0.0,0.0,110.0,0.0,0.0,-2420.0,2980.0,yonden
2016,11,2016-11-08,22:00,2760.0,880.0,4030.0,170.0,－－－－－－－－－－,10.0,0.0,0.0,110.0,0.0,0.0,-2440.0,2760.0,yonden
2016,11,2016-11-08,23:00,2620.0,880.0,3900.0,150.0,－－－－－－－－－－,10.0,0.0,0.0,110.0,0.0,0.0,-2430.0,2620.0,yonden
2016,11,2016-11-09,00:00,2520.0,880.0,3810.0,130.0,－－－－－－－－－－,10.0,0.0,0.0,110.0,0.0,0.0,-2420.0,2520.0,yonden
2016,11,2016-11-09,01:00,2550.0,880.0,3750.0,130.0,－－－－－－－－－－,10.0,0.0,0.0,110.0,0.0,0.0,-2330.0,2550.0,yonden
2016,11,2016-11-09,02:00,2790.0,880.0,3750.0,190.0,－－－－－－－－－－,10.0,0.0,0.0,120.0,0.0,0.0,-2160.0,2790.0,yonden
2016,11,2016-11-09,03:00,3020.0,880.0,3770.0,350.0,－－－－－－－－－－,10.0,0.0,0.0,120.0,0.0,0.0,-2110.0,3020.0,yonden
2016,11,2016-11-09,04:00,3080.0,880.0,3770.0,390.0,－－－－－－－－－－,10.0,0.0,0.0,110.0,0.0,0.0,-2080.0,3080.0,yonden
2016,11,2016-11-09,05:00,3000.0,880.0,3780.0,290.0,－－－－－－－－－－,10.0,0.0,0.0,110.0,0.0,0.0,-2070.0,3000.0,yonden
2016,11,2016-11-09,06:00,2930.0,880.0,3850.0,150.0,－－－－－－－－－－,10.0,0.0,0.0,120.0,0.0,0.0,-2080.0,2930.0,yonden
2016,11,2016-11-09,07:00,2910.0,880.0,3930.0,150.0,－－－－－－－－－－,10.0,100.0,0.0,120.0,0.0,0.0,-2280.0,2910.0,yonden
2016,11,2016-11-09,08:00,3200.0,880.0,4000.0,220.0,－－－－－－－－－－,10.0,270.0,0.0,110.0,0.0,0.0,-2290.0,3200.0,yonden
2016,11,2016-11-09,09:00,3270.0,880.0,3940.0,240.0,－－－－－－－－－－,10.0,520.0,0.0,100.0,0.0,0.0,-2420.0,3270.0,yonden
2016,11,2016-11-09,10:00,3380.0,880.0,3990.0,200.0,－－－－－－－－－－,10.0,660.0,0.0,90.0,0.0,0.0,-2450.0,3380.0,yonden
2016,11,2016-11-09,11:00,3390.0,880.0,3940.0,200.0,－－－－－－－－－－,10.0,760.0,0.0,100.0,0.0,0.0,-2500.0,3390.0,yonden
2016,11,2016-11-09,12:00,3130.0,880.0,3680.0,120.0,－－－－－－－－－－,10.0,810.0,0.0,90.0,0.0,0.0,-2460.0,3130.0,yonden
2016,11,2016-11-09,13:00,3370.0,880.0,3990.0,160.0,－－－－－－－－－－,10.0,680.0,0.0,90.0,0.0,0.0,-2440.0,3370.0,yonden
2016,11,2016-11-09,14:00,3370.0,880.0,4150.0,150.0,－－－－－－－－－－,10.0,490.0,0.0,100.0,0.0,0.0,-2410.0,3370.0,yonden
2016,11,2016-11-09,15:00,3350.0,880.0,4210.0,150.0,－－－－－－－－－－,10.0,280.0,0.0,100.0,0.0,0.0,-2280.0,3350.0,yonden
2016,11,2016-11-09,16:00,3450.0,880.0,4290.0,220.0,－－－－－－－－－－,10.0,80.0,0.0,100.0,0.0,0.0,-2130.0,3450.0,yonden
2016,11,2016-11-09,17:00,3560.0,880.0,4350.0,280.0,－－－－－－－－－－,10.0,0.0,0.0,100.0,0.0,0.0,-2060.0,3560.0,yonden
2016,11,2016-11-09,18:00,3590.0,880.0,4180.0,340.0,－－－－－－－－－－,10.0,0.0,0.0,90.0,0.0,210.0,-2120.0,3590.0,yonden
2016,11,2016-11-09,19:00,3470.0,880.0,4070.0,330.0,－－－－－－－－－－,10.0,0.0,0.0,80.0,0.0,240.0,-2140.0,3470.0,yonden
2016,11,2016-11-09,20:00,3330.0,880.0,4130.0,350.0,－－－－－－－－－－,10.0,0.0,0.0,70.0,0.0,0.0,-2110.0,3330.0,yonden
2016,11,2016-11-09,21:00,3130.0,880.0,4050.0,240.0,－－－－－－－－－－,10.0,0.0,0.0,60.0,0.0,0.0,-2110.0,3130.0,yonden
2016,11,2016-11-09,22:00,2880.0,880.0,3820.0,200.0,－－－－－－－－－－,10.0,0.0,0.0,50.0,0.0,0.0,-2080.0,2880.0,yonden
2016,11,2016-11-09,23:00,2740.0,880.0,3750.0,170.0,－－－－－－－－－－,10.0,0.0,0.0,50.0,0.0,0.0,-2120.0,2740.0,yonden
2016,11,2016-11-10,00:00,2620.0,880.0,3660.0,120.0,－－－－－－－－－－,10.0,0.0,0.0,50.0,0.0,0.0,-2100.0,2620.0,yonden
2016,11,2016-11-10,01:00,2680.0,880.0,3590.0,150.0,－－－－－－－－－－,10.0,0.0,0.0,70.0,0.0,0.0,-2020.0,2680.0,yonden
2016,11,2016-11-10,02:00,2900.0,880.0,3650.0,200.0,－－－－－－－－－－,10.0,0.0,0.0,70.0,0.0,0.0,-1910.0,2900.0,yonden
2016,11,2016-11-10,03:00,3160.0,880.0,3840.0,350.0,－－－－－－－－－－,10.0,0.0,0.0,70.0,0.0,0.0,-1990.0,3160.0,yonden
2016,11,2016-11-10,04:00,3230.0,880.0,3890.0,370.0,－－－－－－－－－－,10.0,0.0,0.0,70.0,0.0,0.0,-1990.0,3230.0,yonden
2016,11,2016-11-10,05:00,3130.0,880.0,3790.0,280.0,－－－－－－－－－－,10.0,0.0,0.0,60.0,0.0,0.0,-1890.0,3130.0,yonden
2016,11,2016-11-10,06:00,3100.0,880.0,3780.0,250.0,－－－－－－－－－－,10.0,0.0,0.0,50.0,0.0,0.0,-1870.0,3100.0,yonden
2016,11,2016-11-10,07:00,3070.0,880.0,3700.0,260.0,－－－－－－－－－－,10.0,70.0,0.0,40.0,0.0,0.0,-1890.0,3070.0,yonden
2016,11,2016-11-10,08:00,3370.0,880.0,3750.0,230.0,－－－－－－－－－－,10.0,210.0,0.0,40.0,0.0,0.0,-1750.0,3370.0,yonden
2016,11,2016-11-10,09:00,3530.0,880.0,3810.0,230.0,－－－－－－－－－－,10.0,350.0,0.0,40.0,0.0,0.0,-1790.0,3530.0,yonden
2016,11,2016-11-10,10:00,3500.0,880.0,3810.0,190.0,－－－－－－－－－－,10.0,450.0,0.0,20.0,0.0,0.0,-1860.0,3500.0,yonden
2016,11,2016-11-10,11:00,3450.0,880.0,3750.0,170.0,－－－－－－－－－－,10.0,560.0,0.0,10.0,0.0,0.0,-1930.0,3450.0,yonden
2016,11,2016-11-10,12:00,3250.0,880.0,3720.0,140.0,－－－－－－－－－－,10.0,510.0,0.0,0.0,0.0,0.0,-2010.0,3250.0,yonden
2016,11,2016-11-10,13:00,3430.0,880.0,3840.0,140.0,－－－－－－－－－－,10.0,390.0,0.0,0.0,0.0,0.0,-1830.0,3430.0,yonden
2016,11,2016-11-10,14:00,3430.0,880.0,3820.0,130.0,－－－－－－－－－－,10.0,280.0,0.0,0.0,0.0,0.0,-1690.0,3430.0,yonden
2016,11,2016-11-10,15:00,3450.0,880.0,3930.0,170.0,－－－－－－－－－－,10.0,150.0,0.0,0.0,0.0,0.0,-1690.0,3450.0,yonden
2016,11,2016-11-10,16:00,3570.0,880.0,4100.0,350.0,－－－－－－－－－－,10.0,30.0,0.0,10.0,0.0,0.0,-1810.0,3570.0,yonden
2016,11,2016-11-10,17:00,3690.0,880.0,4030.0,350.0,－－－－－－－－－－,10.0,0.0,0.0,30.0,0.0,210.0,-1820.0,3690.0,yonden
2016,11,2016-11-10,18:00,3640.0,880.0,4020.0,320.0,－－－－－－－－－－,10.0,0.0,0.0,40.0,0.0,250.0,-1880.0,3640.0,yonden
2016,11,2016-11-10,19:00,3480.0,880.0,4240.0,250.0,－－－－－－－－－－,10.0,0.0,0.0,40.0,0.0,20.0,-1960.0,3480.0,yonden
2016,11,2016-11-10,20:00,3350.0,880.0,4130.0,220.0,－－－－－－－－－－,10.0,0.0,0.0,30.0,0.0,0.0,-1920.0,3350.0,yonden
2016,11,2016-11-10,21:00,3110.0,880.0,4050.0,160.0,－－－－－－－－－－,10.0,0.0,0.0,20.0,0.0,0.0,-2010.0,3110.0,yonden
2016,11,2016-11-10,22:00,2860.0,880.0,3940.0,140.0,－－－－－－－－－－,10.0,0.0,0.0,10.0,0.0,0.0,-2120.0,2860.0,yonden
2016,11,2016-11-10,23:00,2700.0,880.0,3740.0,130.0,－－－－－－－－－－,10.0,0.0,0.0,10.0,0.0,0.0,-2070.0,2700.0,yonden
2016,11,2016-11-11,00:00,2570.0,880.0,3720.0,110.0,－－－－－－－－－－,10.0,0.0,0.0,0.0,0.0,0.0,-2150.0,2570.0,yonden
2016,11,2016-11-11,01:00,2630.0,880.0,3670.0,120.0,－－－－－－－－－－,10.0,0.0,0.0,0.0,0.0,0.0,-2050.0,2630.0,yonden
2016,11,2016-11-11,02:00,2850.0,880.0,3780.0,130.0,－－－－－－－－－－,10.0,0.0,0.0,0.0,0.0,0.0,-1950.0,2850.0,yonden
2016,11,2016-11-11,03:00,3080.0,880.0,3860.0,260.0,－－－－－－－－－－,10.0,0.0,0.0,0.0,0.0,0.0,-1930.0,3080.0,yonden
2016,11,2016-11-11,04:00,3140.0,880.0,3880.0,340.0,－－－－－－－－－－,10.0,0.0,0.0,10.0,0.0,0.0,-1980.0,3140.0,yonden
2016,11,2016-11-11,05:00,3050.0,880.0,3830.0,290.0,－－－－－－－－－－,10.0,0.0,0.0,20.0,0.0,0.0,-1980.0,3050.0,yonden
2016,11,2016-11-11,06:00,3020.0,880.0,3890.0,230.0,－－－－－－－－－－,10.0,10.0,0.0,50.0,0.0,0.0,-2050.0,3020.0,yonden
2016,11,2016-11-11,07:00,3000.0,880.0,3900.0,210.0,－－－－－－－－－－,10.0,120.0,0.0,80.0,0.0,0.0,-2200.0,3000.0,yonden
2016,11,2016-11-11,08:00,3210.0,880.0,3930.0,210.0,－－－－－－－－－－,10.0,360.0,0.0,90.0,0.0,0.0,-2270.0,3210.0,yonden
2016,11,2016-11-11,09:00,3250.0,880.0,3770.0,210.0,－－－－－－－－－－,10.0,640.0,0.0,80.0,0.0,0.0,-2340.0,3250.0,yonden
2016,11,2016-11-11,10:00,3280.0,880.0,3620.0,150.0,－－－－－－－－－－,10.0,940.0,0.0,100.0,0.0,0.0,-2420.0,3280.0,yonden
2016,11,2016-11-11,11:00,3300.0,880.0,3570.0,150.0,－－－－－－－－－－,10.0,1020.0,0.0,100.0,0.0,0.0,-2430.0,3300.0,yonden
2016,11,2016-11-11,12:00,3080.0,880.0,3400.0,130.0,－－－－－－－－－－,10.0,1020.0,0.0,110.0,0.0,0.0,-2470.0,3080.0,yonden
2016,11,2016-11-11,13:00,3300.0,880.0,3670.0,130.0,－－－－－－－－－－,10.0,960.0,0.0,110.0,0.0,0.0,-2460.0,3300.0,yonden
2016,11,2016-11-11,14:00,3350.0,880.0,3930.0,130.0,－－－－－－－－－－,10.0,750.0,0.0,100.0,0.0,0.0,-2450.0,3350.0,yonden
2016,11,2016-11-11,15:00,3370.0,880.0,4030.0,160.0,－－－－－－－－－－,10.0,430.0,0.0,100.0,0.0,0.0,-2240.0,3370.0,yonden
2016,11,2016-11-11,16:00,3370.0,880.0,4080.0,240.0,－－－－－－－－－－,10.0,110.0,0.0,90.0,0.0,210.0,-2250.0,3370.0,yonden
2016,11,2016-11-11,17:00,3440.0,880.0,4080.0,340.0,－－－－－－－－－－,10.0,0.0,0.0,80.0,0.0,300.0,-2250.0,3440.0,yonden
2016,11,2016-11-11,18:00,3430.0,880.0,4030.0,410.0,－－－－－－－－－－,10.0,0.0,0.0,50.0,0.0,240.0,-2190.0,3430.0,yonden
2016,11,2016-11-11,19:00,3280.0,880.0,4030.0,310.0,－－－－－－－－－－,10.0,0.0,0.0,40.0,0.0,220.0,-2210.0,3280.0,yonden
2016,11,2016-11-11,20:00,3130.0,880.0,4050.0,200.0,－－－－－－－－－－,10.0,0.0,0.0,40.0,0.0,0.0,-2050.0,3130.0,yonden
2016,11,2016-11-11,21:00,2950.0,880.0,3970.0,140.0,－－－－－－－－－－,10.0,0.0,0.0,30.0,0.0,0.0,-2080.0,2950.0,yonden
2016,11,2016-11-11,22:00,2750.0,880.0,3920.0,150.0,－－－－－－－－－－,10.0,0.0,0.0,40.0,0.0,0.0,-2250.0,2750.0,yonden
2016,11,2016-11-11,23:00,2630.0,880.0,3910.0,140.0,－－－－－－－－－－,10.0,0.0,0.0,40.0,0.0,0.0,-2350.0,2630.0,yonden
2016,11,2016-11-12,00:00,2520.0,880.0,3600.0,100.0,－－－－－－－－－－,10.0,0.0,0.0,50.0,0.0,0.0,-2120.0,2520.0,yonden
2016,11,2016-11-12,01:00,2560.0,880.0,3500.0,100.0,－－－－－－－－－－,10.0,0.0,0.0,50.0,0.0,0.0,-1980.0,2560.0,yonden
2016,11,2016-11-12,02:00,2780.0,880.0,3550.0,130.0,－－－－－－－－－－,10.0,0.0,0.0,50.0,0.0,0.0,-1840.0,2780.0,yonden
2016,11,2016-11-12,03:00,3010.0,880.0,3620.0,280.0,－－－－－－－－－－,10.0,0.0,0.0,60.0,0.0,0.0,-1840.0,3010.0,yonden
2016,11,2016-11-12,04:00,3050.0,880.0,3630.0,310.0,－－－－－－－－－－,10.0,0.0,0.0,50.0,0.0,0.0,-1830.0,3050.0,yonden
2016,11,2016-11-12,05:00,2910.0,880.0,3540.0,220.0,－－－－－－－－－－,10.0,0.0,0.0,50.0,0.0,0.0,-1790.0,2910.0,yonden
2016,11,2016-11-12,06:00,2720.0,880.0,3580.0,120.0,－－－－－－－－－－,10.0,0.0,0.0,40.0,0.0,0.0,-1910.0,2720.0,yonden
2016,11,2016-11-12,07:00,2630.0,880.0,3610.0,130.0,－－－－－－－－－－,10.0,130.0,0.0,30.0,0.0,0.0,-2160.0,2630.0,yonden
2016,11,2016-11-12,08:00,2720.0,880.0,3420.0,190.0,－－－－－－－－－－,10.0,430.0,0.0,20.0,0.0,0.0,-2230.0,2720.0,yonden
2016,11,2016-11-12,09:00,2770.0,880.0,3620.0,190.0,－－－－－－－－－－,10.0,770.0,0.0,10.0,0.0,-250.0,-2460.0,2770.0,yonden
2016,11,2016-11-12,10:00,2780.0,880.0,3490.0,150.0,－－－－－－－－－－,10.0,1030.0,0.0,0.0,0.0,-300.0,-2480.0,2780.0,yonden
2016,11,2016-11-12,11:00,2770.0,880.0,3350.0,150.0,－－－－－－－－－－,10.0,1150.0,0.0,0.0,0.0,-300.0,-2470.0,2770.0,yonden
2016,11,2016-11-12,12:00,2740.0,880.0,3300.0,130.0,－－－－－－－－－－,10.0,1190.0,0.0,10.0,0.0,-300.0,-2480.0,2740.0,yonden
2016,11,2016-11-12,13:00,2820.0,880.0,3430.0,120.0,－－－－－－－－－－,10.0,1060.0,0.0,10.0,0.0,-300.0,-2390.0,2820.0,yonden
2016,11,2016-11-12,14:00,2850.0,880.0,3400.0,120.0,－－－－－－－－－－,10.0,770.0,0.0,20.0,0.0,-50.0,-2300.0,2850.0,yonden
2016,11,2016-11-12,15:00,2860.0,880.0,3540.0,130.0,－－－－－－－－－－,10.0,440.0,0.0,10.0,0.0,0.0,-2150.0,2860.0,yonden
2016,11,2016-11-12,16:00,2860.0,880.0,3760.0,210.0,－－－－－－－－－－,10.0,120.0,0.0,0.0,0.0,80.0,-2200.0,2860.0,yonden
2016,11,2016-11-12,17:00,3040.0,880.0,3760.0,440.0,－－－－－－－－－－,10.0,0.0,0.0,10.0,0.0,180.0,-2240.0,3040.0,yonden
2016,11,2016-11-12,18:00,3060.0,880.0,3770.0,480.0,－－－－－－－－－－,10.0,0.0,0.0,10.0,0.0,80.0,-2170.0,3060.0,yonden
2016,11,2016-11-12,19:00,2980.0,880.0,3690.0,330.0,－－－－－－－－－－,10.0,0.0,0.0,10.0,0.0,0.0,-1940.0,2980.0,yonden
2016,11,2016-11-12,20:00,2870.0,880.0,3720.0,180.0,－－－－－－－－－－,10.0,0.0,0.0,0.0,0.0,0.0,-1920.0,2870.0,yonden
2016,11,2016-11-12,21:00,2710.0,880.0,3570.0,120.0,－－－－－－－－－－,10.0,0.0,0.0,0.0,0.0,0.0,-1870.0,2710.0,yonden
2016,11,2016-11-12,22:00,2510.0,880.0,3520.0,130.0,－－－－－－－－－－,10.0,0.0,0.0,0.0,0.0,0.0,-2030.0,2510.0,yonden
2016,11,2016-11-12,23:00,2410.0,880.0,3500.0,130.0,－－－－－－－－－－,10.0,0.0,0.0,0.0,0.0,0.0,-2110.0,2410.0,yonden
2016,11,2016-11-13,00:00,2340.0,880.0,3440.0,110.0,－－－－－－－－－－,10.0,0.0,0.0,0.0,0.0,0.0,-2100.0,2340.0,yonden
2016,11,2016-11-13,01:00,2410.0,880.0,3450.0,110.0,－－－－－－－－－－,10.0,0.0,0.0,10.0,0.0,0.0,-2050.0,2410.0,yonden
2016,11,2016-11-13,02:00,2630.0,880.0,3480.0,140.0,－－－－－－－－－－,10.0,0.0,0.0,20.0,0.0,0.0,-1900.0,2630.0,yonden
2016,11,2016-11-13,03:00,2870.0,880.0,3510.0,290.0,－－－－－－－－－－,10.0,0.0,0.0,10.0,0.0,0.0,-1830.0,2870.0,yonden
2016,11,2016-11-13,04:00,2900.0,880.0,3540.0,310.0,－－－－－－－－－－,10.0,0.0,0.0,0.0,0.0,0.0,-1840.0,2900.0,yonden
2016,11,2016-11-13,05:00,2740.0,880.0,3550.0,190.0,－－－－－－－－－－,10.0,0.0,0.0,0.0,0.0,0.0,-1890.0,2740.0,yonden
2016,11,2016-11-13,06:00,2500.0,880.0,3590.0,130.0,－－－－－－－－－－,10.0,10.0,0.0,0.0,0.0,0.0,-2120.0,2500.0,yonden
2016,11,2016-11-13,07:00,2340.0,880.0,3600.0,120.0,－－－－－－－－－－,10.0,120.0,0.0,0.0,0.0,-300.0,-2090.0,2340.0,yonden
2016,11,2016-11-13,08:00,2350.0,880.0,3500.0,140.0,－－－－－－－－－－,10.0,400.0,0.0,0.0,0.0,-300.0,-2280.0,2350.0,yonden
2016,11,2016-11-13,09:00,2390.0,880.0,3420.0,170.0,－－－－－－－－－－,10.0,710.0,0.0,0.0,0.0,-300.0,-2500.0,2390.0,yonden
2016,11,2016-11-13,10:00,2390.0,880.0,3220.0,180.0,－－－－－－－－－－,10.0,920.0,0.0,0.0,0.0,-300.0,-2520.0,2390.0,yonden
2016,11,2016-11-13,11:00,2460.0,880.0,3160.0,160.0,－－－－－－－－－－,10.0,1040.0,0.0,0.0,0.0,-300.0,-2490.0,2460.0,yonden
2016,11,2016-11-13,12:00,2510.0,880.0,3270.0,150.0,－－－－－－－－－－,10.0,960.0,0.0,0.0,0.0,-290.0,-2470.0,2510.0,yonden
2016,11,2016-11-13,13:00,2510.0,880.0,3520.0,130.0,－－－－－－－－－－,10.0,740.0,0.0,0.0,0.0,-290.0,-2480.0,2510.0,yonden
2016,11,2016-11-13,14:00,2530.0,880.0,3500.0,140.0,－－－－－－－－－－,10.0,450.0,0.0,0.0,0.0,-70.0,-2380.0,2530.0,yonden
2016,11,2016-11-13,15:00,2480.0,880.0,3390.0,130.0,－－－－－－－－－－,10.0,220.0,0.0,0.0,0.0,0.0,-2150.0,2480.0,yonden
2016,11,2016-11-13,16:00,2580.0,880.0,3600.0,210.0,－－－－－－－－－－,10.0,50.0,0.0,0.0,0.0,0.0,-2170.0,2580.0,yonden
2016,11,2016-11-13,17:00,2820.0,880.0,3650.0,340.0,－－－－－－－－－－,10.0,0.0,0.0,0.0,0.0,0.0,-2060.0,2820.0,yonden
2016,11,2016-11-13,18:00,2880.0,880.0,3640.0,370.0,－－－－－－－－－－,10.0,0.0,0.0,10.0,0.0,0.0,-2030.0,2880.0,yonden
2016,11,2016-11-13,19:00,2810.0,880.0,3620.0,290.0,－－－－－－－－－－,10.0,0.0,0.0,10.0,0.0,0.0,-2000.0,2810.0,yonden
2016,11,2016-11-13,20:00,2710.0,880.0,3560.0,200.0,－－－－－－－－－－,10.0,0.0,0.0,10.0,0.0,0.0,-1950.0,2710.0,yonden
2016,11,2016-11-13,21:00,2580.0,880.0,3510.0,140.0,－－－－－－－－－－,10.0,0.0,0.0,20.0,0.0,0.0,-1980.0,2580.0,yonden
2016,11,2016-11-13,22:00,2380.0,880.0,3400.0,140.0,－－－－－－－－－－,10.0,0.0,0.0,20.0,0.0,0.0,-2070.0,2380.0,yonden
2016,11,2016-11-13,23:00,2290.0,880.0,3380.0,140.0,－－－－－－－－－－,10.0,0.0,0.0,20.0,0.0,0.0,-2140.0,2290.0,yonden
2016,11,2016-11-14,00:00,2210.0,880.0,3440.0,130.0,－－－－－－－－－－,10.0,0.0,0.0,20.0,0.0,-200.0,-2070.0,2210.0,yonden
2016,11,2016-11-14,01:00,2290.0,880.0,3500.0,140.0,－－－－－－－－－－,10.0,0.0,0.0,20.0,0.0,-290.0,-1970.0,2290.0,yonden
2016,11,2016-11-14,02:00,2530.0,880.0,3590.0,140.0,－－－－－－－－－－,10.0,0.0,0.0,10.0,0.0,-150.0,-1950.0,2530.0,yonden
2016,11,2016-11-14,03:00,2770.0,880.0,3580.0,250.0,－－－－－－－－－－,10.0,0.0,0.0,10.0,0.0,0.0,-1960.0,2770.0,yonden
2016,11,2016-11-14,04:00,2860.0,880.0,3620.0,260.0,－－－－－－－－－－,10.0,0.0,0.0,10.0,0.0,0.0,-1920.0,2860.0,yonden
2016,11,2016-11-14,05:00,2770.0,880.0,3540.0,160.0,－－－－－－－－－－,10.0,0.0,0.0,30.0,0.0,0.0,-1850.0,2770.0,yonden
2016,11,2016-11-14,06:00,2710.0,880.0,3490.0,90.0,－－－－－－－－－－,10.0,0.0,0.0,40.0,0.0,0.0,-1800.0,2710.0,yonden
2016,11,2016-11-14,07:00,2790.0,880.0,3570.0,100.0,－－－－－－－－－－,10.0,30.0,0.0,20.0,0.0,0.0,-1820.0,2790.0,yonden
2016,11,2016-11-14,08:00,3140.0,880.0,3730.0,200.0,－－－－－－－－－－,10.0,90.0,0.0,20.0,0.0,0.0,-1790.0,3140.0,yonden
2016,11,2016-11-14,09:00,3340.0,880.0,3730.0,260.0,－－－－－－－－－－,10.0,160.0,0.0,10.0,0.0,0.0,-1710.0,3340.0,yonden
2016,11,2016-11-14,10:00,3380.0,880.0,3820.0,200.0,－－－－－－－－－－,10.0,200.0,0.0,10.0,0.0,0.0,-1740.0,3380.0,yonden
2016,11,2016-11-14,11:00,3360.0,880.0,3860.0,180.0,－－－－－－－－－－,10.0,230.0,0.0,10.0,0.0,0.0,-1810.0,3360.0,yonden
2016,11,2016-11-14,12:00,3110.0,880.0,3590.0,160.0,－－－－－－－－－－,10.0,330.0,0.0,20.0,0.0,0.0,-1880.0,3110.0,yonden
2016,11,2016-11-14,13:00,3450.0,880.0,4000.0,160.0,－－－－－－－－－－,10.0,230.0,0.0,10.0,0.0,0.0,-1840.0,3450.0,yonden
2016,11,2016-11-14,14:00,3390.0,880.0,3940.0,210.0,－－－－－－－－－－,10.0,130.0,0.0,20.0,0.0,0.0,-1800.0,3390.0,yonden
2016,11,2016-11-14,15:00,3390.0,880.0,3980.0,230.0,－－－－－－－－－－,10.0,60.0,0.0,30.0,0.0,0.0,-1800.0,3390.0,yonden
2016,11,2016-11-14,16:00,3460.0,880.0,4040.0,360.0,－－－－－－－－－－,10.0,20.0,0.0,50.0,0.0,0.0,-1900.0,3460.0,yonden
2016,11,2016-11-14,17:00,3520.0,880.0,4050.0,470.0,－－－－－－－－－－,10.0,0.0,0.0,40.0,0.0,0.0,-1930.0,3520.0,yonden
2016,11,2016-11-14,18:00,3450.0,880.0,3940.0,490.0,－－－－－－－－－－,10.0,0.0,0.0,40.0,0.0,0.0,-1910.0,3450.0,yonden
2016,11,2016-11-14,19:00,3270.0,880.0,3740.0,390.0,－－－－－－－－－－,10.0,0.0,0.0,50.0,0.0,0.0,-1800.0,3270.0,yonden
2016,11,2016-11-14,20:00,3110.0,880.0,3720.0,280.0,－－－－－－－－－－,10.0,0.0,0.0,50.0,0.0,0.0,-1830.0,3110.0,yonden
2016,11,2016-11-14,21:00,2900.0,880.0,3640.0,200.0,－－－－－－－－－－,10.0,0.0,0.0,40.0,0.0,0.0,-1870.0,2900.0,yonden
2016,11,2016-11-14,22:00,2690.0,880.0,3570.0,200.0,－－－－－－－－－－,10.0,0.0,0.0,50.0,0.0,0.0,-2020.0,2690.0,yonden
2016,11,2016-11-14,23:00,2580.0,880.0,3530.0,200.0,－－－－－－－－－－,10.0,0.0,0.0,30.0,0.0,0.0,-2070.0,2580.0,yonden
2016,11,2016-11-15,00:00,2500.0,880.0,3560.0,200.0,－－－－－－－－－－,10.0,0.0,0.0,20.0,0.0,0.0,-2170.0,2500.0,yonden
2016,11,2016-11-15,01:00,2520.0,880.0,3550.0,200.0,－－－－－－－－－－,10.0,0.0,0.0,10.0,0.0,0.0,-2130.0,2520.0,yonden
2016,11,2016-11-15,02:00,2720.0,880.0,3560.0,250.0,－－－－－－－－－－,10.0,0.0,0.0,0.0,0.0,0.0,-1980.0,2720.0,yonden
2016,11,2016-11-15,03:00,2940.0,880.0,3610.0,420.0,－－－－－－－－－－,10.0,0.0,0.0,0.0,0.0,0.0,-1980.0,2940.0,yonden
2016,11,2016-11-15,04:00,3010.0,880.0,3650.0,450.0,－－－－－－－－－－,10.0,0.0,0.0,10.0,0.0,0.0,-1990.0,3010.0,yonden
2016,11,2016-11-15,05:00,2890.0,880.0,3630.0,290.0,－－－－－－－－－－,10.0,0.0,0.0,20.0,0.0,0.0,-1940.0,2890.0,yonden
2016,11,2016-11-15,06:00,2800.0,880.0,3560.0,210.0,－－－－－－－－－－,10.0,0.0,0.0,20.0,0.0,0.0,-1880.0,2800.0,yonden
2016,11,2016-11-15,07:00,2830.0,880.0,3590.0,220.0,－－－－－－－－－－,10.0,60.0,0.0,30.0,0.0,0.0,-1960.0,2830.0,yonden
2016,11,2016-11-15,08:00,3050.0,880.0,3640.0,260.0,－－－－－－－－－－,10.0,220.0,0.0,30.0,0.0,0.0,-1990.0,3050.0,yonden
2016,11,2016-11-15,09:00,3210.0,880.0,3640.0,300.0,－－－－－－－－－－,10.0,460.0,0.0,40.0,0.0,0.0,-2120.0,3210.0,yonden
2016,11,2016-11-15,10:00,3290.0,880.0,3700.0,270.0,－－－－－－－－－－,10.0,600.0,0.0,60.0,0.0,0.0,-2230.0,3290.0,yonden
2016,11,2016-11-15,11:00,3250.0,880.0,3600.0,260.0,－－－－－－－－－－,10.0,630.0,0.0,80.0,0.0,0.0,-2210.0,3250.0,yonden
2016,11,2016-11-15,12:00,3170.0,880.0,3740.0,250.0,－－－－－－－－－－,10.0,500.0,0.0,70.0,0.0,0.0,-2280.0,3170.0,yonden
2016,11,2016-11-15,13:00,3370.0,880.0,3940.0,240.0,－－－－－－－－－－,10.0,330.0,0.0,80.0,0.0,0.0,-2110.0,3370.0,yonden
2016,11,2016-11-15,14:00,3320.0,880.0,3920.0,220.0,－－－－－－－－－－,10.0,230.0,0.0,70.0,0.0,0.0,-2010.0,3320.0,yonden
2016,11,2016-11-15,15:00,3330.0,880.0,3960.0,220.0,－－－－－－－－－－,10.0,160.0,0.0,70.0,0.0,0.0,-1970.0,3330.0,yonden
2016,11,2016-11-15,16:00,3370.0,880.0,3930.0,350.0,－－－－－－－－－－,10.0,50.0,0.0,70.0,0.0,0.0,-1920.0,3370.0,yonden
2016,11,2016-11-15,17:00,3410.0,880.0,3880.0,480.0,－－－－－－－－－－,10.0,0.0,0.0,90.0,0.0,0.0,-1930.0,3410.0,yonden
2016,11,2016-11-15,18:00,3380.0,880.0,3820.0,460.0,－－－－－－－－－－,10.0,0.0,0.0,90.0,0.0,0.0,-1880.0,3380.0,yonden
2016,11,2016-11-15,19:00,3200.0,880.0,3800.0,350.0,－－－－－－－－－－,10.0,0.0,0.0,90.0,0.0,0.0,-1930.0,3200.0,yonden
2016,11,2016-11-15,20:00,3050.0,880.0,3660.0,280.0,－－－－－－－－－－,10.0,0.0,0.0,100.0,0.0,0.0,-1880.0,3050.0,yonden
2016,11,2016-11-15,21:00,2870.0,880.0,3560.0,220.0,－－－－－－－－－－,10.0,0.0,0.0,100.0,0.0,0.0,-1900.0,2870.0,yonden
2016,11,2016-11-15,22:00,2680.0,880.0,3490.0,210.0,－－－－－－－－－－,10.0,0.0,0.0,110.0,0.0,0.0,-2020.0,2680.0,yonden
2016,11,2016-11-15,23:00,2560.0,880.0,3480.0,200.0,－－－－－－－－－－,10.0,0.0,0.0,110.0,0.0,0.0,-2120.0,2560.0,yonden
2016,11,2016-11-16,00:00,2450.0,880.0,3430.0,180.0,－－－－－－－－－－,10.0,0.0,0.0,100.0,0.0,0.0,-2150.0,2450.0,yonden
2016,11,2016-11-16,01:00,2500.0,880.0,3440.0,180.0,－－－－－－－－－－,10.0,0.0,0.0,100.0,0.0,0.0,-2110.0,2500.0,yonden
2016,11,2016-11-16,02:00,2740.0,880.0,3500.0,210.0,－－－－－－－－－－,10.0,0.0,0.0,100.0,0.0,0.0,-1960.0,2740.0,yonden
2016,11,2016-11-16,03:00,2990.0,880.0,3670.0,320.0,－－－－－－－－－－,10.0,0.0,0.0,100.0,0.0,0.0,-1990.0,2990.0,yonden
2016,11,2016-11-16,04:00,3070.0,880.0,3680.0,410.0,－－－－－－－－－－,10.0,0.0,0.0,100.0,0.0,0.0,-2010.0,3070.0,yonden
2016,11,2016-11-16,05:00,2990.0,880.0,3660.0,280.0,－－－－－－－－－－,10.0,0.0,0.0,90.0,0.0,0.0,-1930.0,2990.0,yonden
2016,11,2016-11-16,06:00,2920.0,880.0,3620.0,200.0,－－－－－－－－－－,10.0,0.0,0.0,90.0,0.0,0.0,-1880.0,2920.0,yonden
2016,11,2016-11-16,07:00,2880.0,880.0,3580.0,230.0,－－－－－－－－－－,10.0,100.0,0.0,80.0,0.0,0.0,-2000.0,2880.0,yonden
2016,11,2016-11-16,08:00,3120.0,880.0,3700.0,250.0,－－－－－－－－－－,10.0,360.0,0.0,70.0,0.0,0.0,-2150.0,3120.0,yonden
2016,11,2016-11-16,09:00,3270.0,880.0,3700.0,250.0,－－－－－－－－－－,10.0,680.0,0.0,60.0,0.0,0.0,-2310.0,3270.0,yonden
2016,11,2016-11-16,10:00,3370.0,880.0,3730.0,210.0,－－－－－－－－－－,10.0,860.0,0.0,70.0,0.0,0.0,-2390.0,3370.0,yonden
2016,11,2016-11-16,11:00,3320.0,880.0,3620.0,210.0,－－－－－－－－－－,10.0,960.0,0.0,70.0,0.0,0.0,-2430.0,3320.0,yonden
2016,11,2016-11-16,12:00,3020.0,880.0,3320.0,180.0,－－－－－－－－－－,10.0,1080.0,0.0,60.0,0.0,0.0,-2510.0,3020.0,yonden
2016,11,2016-11-16,13:00,3270.0,880.0,3420.0,180.0,－－－－－－－－－－,10.0,1060.0,0.0,50.0,0.0,0.0,-2330.0,3270.0,yonden
2016,11,2016-11-16,14:00,3320.0,880.0,3470.0,160.0,－－－－－－－－－－,10.0,860.0,0.0,50.0,0.0,0.0,-2110.0,3320.0,yonden
2016,11,2016-11-16,15:00,3350.0,880.0,3600.0,160.0,－－－－－－－－－－,10.0,530.0,0.0,50.0,0.0,0.0,-1880.0,3350.0,yonden
2016,11,2016-11-16,16:00,3400.0,880.0,3840.0,260.0,－－－－－－－－－－,10.0,190.0,0.0,40.0,0.0,0.0,-1820.0,3400.0,yonden
2016,11,2016-11-16,17:00,3440.0,880.0,3940.0,410.0,－－－－－－－－－－,10.0,0.0,0.0,30.0,0.0,0.0,-1830.0,3440.0,yonden
2016,11,2016-11-16,18:00,3460.0,880.0,3990.0,450.0,－－－－－－－－－－,10.0,0.0,0.0,30.0,0.0,0.0,-1900.0,3460.0,yonden
2016,11,2016-11-16,19:00,3320.0,880.0,3870.0,350.0,－－－－－－－－－－,10.0,0.0,0.0,30.0,0.0,0.0,-1820.0,3320.0,yonden
2016,11,2016-11-16,20:00,3180.0,880.0,3760.0,250.0,－－－－－－－－－－,10.0,0.0,0.0,20.0,0.0,0.0,-1740.0,3180.0,yonden
2016,11,2016-11-16,21:00,3000.0,880.0,3710.0,190.0,－－－－－－－－－－,10.0,0.0,0.0,10.0,0.0,0.0,-1800.0,3000.0,yonden
2016,11,2016-11-16,22:00,2790.0,880.0,3670.0,170.0,－－－－－－－－－－,10.0,0.0,0.0,10.0,0.0,0.0,-1950.0,2790.0,yonden
2016,11,2016-11-16,23:00,2650.0,880.0,3640.0,160.0,－－－－－－－－－－,10.0,0.0,0.0,10.0,0.0,0.0,-2050.0,2650.0,yonden
2016,11,2016-11-17,00:00,2540.0,880.0,3550.0,140.0,－－－－－－－－－－,10.0,0.0,0.0,10.0,0.0,0.0,-2050.0,2540.0,yonden
2016,11,2016-11-17,01:00,2600.0,880.0,3540.0,140.0,－－－－－－－－－－,10.0,0.0,0.0,20.0,0.0,0.0,-1990.0,2600.0,yonden
2016,11,2016-11-17,02:00,2840.0,880.0,3650.0,170.0,－－－－－－－－－－,10.0,0.0,0.0,30.0,0.0,0.0,-1900.0,2840.0,yonden
2016,11,2016-11-17,03:00,3080.0,880.0,3780.0,340.0,－－－－－－－－－－,10.0,0.0,0.0,30.0,0.0,0.0,-1960.0,3080.0,yonden
2016,11,2016-11-17,04:00,3160.0,880.0,3840.0,370.0,－－－－－－－－－－,10.0,0.0,0.0,40.0,0.0,0.0,-1980.0,3160.0,yonden
2016,11,2016-11-17,05:00,3100.0,880.0,3800.0,270.0,－－－－－－－－－－,10.0,0.0,0.0,50.0,0.0,0.0,-1910.0,3100.0,yonden
2016,11,2016-11-17,06:00,3070.0,880.0,3840.0,210.0,－－－－－－－－－－,10.0,0.0,0.0,60.0,0.0,0.0,-1930.0,3070.0,yonden
2016,11,2016-11-17,07:00,3020.0,880.0,3840.0,160.0,－－－－－－－－－－,10.0,110.0,0.0,60.0,0.0,0.0,-2040.0,3020.0,yonden
2016,11,2016-11-17,08:00,3210.0,880.0,3770.0,180.0,－－－－－－－－－－,10.0,370.0,0.0,50.0,0.0,0.0,-2050.0,3210.0,yonden
2016,11,2016-11-17,09:00,3290.0,880.0,3620.0,190.0,－－－－－－－－－－,10.0,680.0,0.0,30.0,0.0,0.0,-2120.0,3290.0,yonden
2016,11,2016-11-17,10:00,3290.0,880.0,3290.0,190.0,－－－－－－－－－－,10.0,940.0,0.0,30.0,0.0,0.0,-2050.0,3290.0,yonden
2016,11,2016-11-17,11:00,3270.0,880.0,3220.0,160.0,－－－－－－－－－－,10.0,1040.0,0.0,20.0,0.0,0.0,-2060.0,3270.0,yonden
2016,11,2016-11-17,12:00,3100.0,880.0,3290.0,140.0,－－－－－－－－－－,10.0,1040.0,0.0,20.0,0.0,0.0,-2280.0,3100.0,yonden
2016,11,2016-11-17,13:00,3290.0,880.0,3530.0,140.0,－－－－－－－－－－,10.0,900.0,0.0,20.0,0.0,0.0,-2190.0,3290.0,yonden
2016,11,2016-11-17,14:00,3320.0,880.0,3570.0,140.0,－－－－－－－－－－,10.0,680.0,0.0,10.0,0.0,0.0,-1970.0,3320.0,yonden
2016,11,2016-11-17,15:00,3310.0,880.0,3690.0,140.0,－－－－－－－－－－,10.0,380.0,0.0,20.0,0.0,0.0,-1810.0,3310.0,yonden
2016,11,2016-11-17,16:00,3350.0,880.0,3940.0,230.0,－－－－－－－－－－,10.0,80.0,0.0,20.0,0.0,0.0,-1810.0,3350.0,yonden
2016,11,2016-11-17,17:00,3460.0,880.0,3920.0,410.0,－－－－－－－－－－,10.0,0.0,0.0,20.0,0.0,0.0,-1780.0,3460.0,yonden
2016,11,2016-11-17,18:00,3450.0,880.0,3890.0,450.0,－－－－－－－－－－,10.0,0.0,0.0,20.0,0.0,0.0,-1800.0,3450.0,yonden
2016,11,2016-11-17,19:00,3310.0,880.0,3870.0,350.0,－－－－－－－－－－,10.0,0.0,0.0,20.0,0.0,0.0,-1820.0,3310.0,yonden
2016,11,2016-11-17,20:00,3170.0,880.0,3800.0,190.0,－－－－－－－－－－,10.0,0.0,0.0,20.0,0.0,0.0,-1730.0,3170.0,yonden
2016,11,2016-11-17,21:00,2960.0,880.0,3690.0,180.0,－－－－－－－－－－,10.0,0.0,0.0,20.0,0.0,0.0,-1820.0,2960.0,yonden
2016,11,2016-11-17,22:00,2730.0,880.0,3620.0,160.0,－－－－－－－－－－,10.0,0.0,0.0,30.0,0.0,0.0,-1970.0,2730.0,yonden
2016,11,2016-11-17,23:00,2610.0,880.0,3580.0,150.0,－－－－－－－－－－,10.0,0.0,0.0,20.0,0.0,0.0,-2030.0,2610.0,yonden
2016,11,2016-11-18,00:00,2530.0,880.0,3610.0,140.0,－－－－－－－－－－,10.0,0.0,0.0,10.0,0.0,0.0,-2120.0,2530.0,yonden
2016,11,2016-11-18,01:00,2590.0,880.0,3610.0,140.0,－－－－－－－－－－,10.0,0.0,0.0,10.0,0.0,0.0,-2060.0,2590.0,yonden
2016,11,2016-11-18,02:00,2810.0,880.0,3680.0,140.0,－－－－－－－－－－,10.0,0.0,0.0,10.0,0.0,0.0,-1910.0,2810.0,yonden
2016,11,2016-11-18,03:00,3040.0,880.0,3860.0,250.0,－－－－－－－－－－,10.0,0.0,0.0,0.0,0.0,0.0,-1960.0,3040.0,yonden
2016,11,2016-11-18,04:00,3090.0,880.0,3800.0,390.0,－－－－－－－－－－,10.0,0.0,0.0,0.0,0.0,0.0,-1990.0,3090.0,yonden
2016,11,2016-11-18,05:00,3010.0,880.0,3750.0,220.0,－－－－－－－－－－,10.0,0.0,0.0,0.0,0.0,0.0,-1850.0,3010.0,yonden
2016,11,2016-11-18,06:00,2960.0,880.0,3720.0,180.0,－－－－－－－－－－,10.0,0.0,0.0,10.0,0.0,0.0,-1840.0,2960.0,yonden
2016,11,2016-11-18,07:00,2930.0,880.0,3690.0,170.0,－－－－－－－－－－,10.0,80.0,0.0,10.0,0.0,0.0,-1910.0,2930.0,yonden
2016,11,2016-11-18,08:00,3110.0,880.0,3760.0,140.0,－－－－－－－－－－,10.0,300.0,0.0,20.0,0.0,0.0,-2000.0,3110.0,yonden
2016,11,2016-11-18,09:00,3220.0,880.0,3790.0,190.0,－－－－－－－－－－,10.0,540.0,0.0,30.0,0.0,0.0,-2220.0,3220.0,yonden
2016,11,2016-11-18,10:00,3190.0,880.0,3780.0,190.0,－－－－－－－－－－,10.0,680.0,0.0,20.0,0.0,0.0,-2370.0,3190.0,yonden
2016,11,2016-11-18,11:00,3220.0,880.0,3720.0,170.0,－－－－－－－－－－,10.0,770.0,0.0,30.0,0.0,0.0,-2360.0,3220.0,yonden
2016,11,2016-11-18,12:00,3030.0,880.0,3520.0,160.0,－－－－－－－－－－,10.0,680.0,0.0,20.0,0.0,0.0,-2240.0,3030.0,yonden
2016,11,2016-11-18,13:00,3250.0,880.0,3610.0,160.0,－－－－－－－－－－,10.0,530.0,0.0,30.0,0.0,0.0,-1970.0,3250.0,yonden
2016,11,2016-11-18,14:00,3340.0,880.0,3770.0,160.0,－－－－－－－－－－,10.0,290.0,0.0,30.0,0.0,0.0,-1800.0,3340.0,yonden
2016,11,2016-11-18,15:00,3330.0,880.0,3830.0,170.0,－－－－－－－－－－,10.0,120.0,0.0,50.0,0.0,0.0,-1730.0,3330.0,yonden
2016,11,2016-11-18,16:00,3390.0,880.0,3930.0,250.0,－－－－－－－－－－,10.0,20.0,0.0,50.0,0.0,0.0,-1750.0,3390.0,yonden
2016,11,2016-11-18,17:00,3470.0,880.0,3880.0,430.0,－－－－－－－－－－,10.0,0.0,0.0,70.0,0.0,0.0,-1800.0,3470.0,yonden
2016,11,2016-11-18,18:00,3420.0,880.0,3850.0,450.0,－－－－－－－－－－,10.0,0.0,0.0,70.0,0.0,0.0,-1840.0,3420.0,yonden
2016,11,2016-11-18,19:00,3260.0,880.0,3880.0,300.0,－－－－－－－－－－,10.0,0.0,0.0,60.0,0.0,0.0,-1870.0,3260.0,yonden
2016,11,2016-11-18,20:00,3120.0,880.0,3740.0,170.0,－－－－－－－－－－,10.0,0.0,0.0,90.0,0.0,0.0,-1770.0,3120.0,yonden
2016,11,2016-11-18,21:00,2930.0,880.0,3640.0,140.0,－－－－－－－－－－,10.0,0.0,0.0,100.0,0.0,0.0,-1840.0,2930.0,yonden
2016,11,2016-11-18,22:00,2720.0,880.0,3570.0,130.0,－－－－－－－－－－,10.0,0.0,0.0,90.0,0.0,0.0,-1960.0,2720.0,yonden
2016,11,2016-11-18,23:00,2590.0,880.0,3550.0,130.0,－－－－－－－－－－,10.0,0.0,0.0,90.0,0.0,0.0,-2070.0,2590.0,yonden
2016,11,2016-11-19,00:00,2490.0,880.0,3520.0,130.0,－－－－－－－－－－,10.0,0.0,0.0,100.0,0.0,0.0,-2150.0,2490.0,yonden
2016,11,2016-11-19,01:00,2520.0,880.0,3560.0,130.0,－－－－－－－－－－,10.0,0.0,0.0,90.0,0.0,0.0,-2150.0,2520.0,yonden
2016,11,2016-11-19,02:00,2740.0,880.0,3650.0,150.0,－－－－－－－－－－,10.0,0.0,0.0,70.0,0.0,0.0,-2020.0,2740.0,yonden
2016,11,2016-11-19,03:00,2950.0,880.0,3680.0,220.0,－－－－－－－－－－,10.0,0.0,0.0,60.0,0.0,0.0,-1900.0,2950.0,yonden
2016,11,2016-11-19,04:00,2970.0,880.0,3630.0,260.0,－－－－－－－－－－,10.0,0.0,0.0,70.0,0.0,0.0,-1880.0,2970.0,yonden
2016,11,2016-11-19,05:00,2810.0,880.0,3550.0,210.0,－－－－－－－－－－,10.0,0.0,0.0,50.0,0.0,0.0,-1890.0,2810.0,yonden
2016,11,2016-11-19,06:00,2610.0,880.0,3470.0,240.0,－－－－－－－－－－,10.0,0.0,0.0,30.0,0.0,0.0,-2020.0,2610.0,yonden
2016,11,2016-11-19,07:00,2640.0,880.0,3520.0,270.0,－－－－－－－－－－,10.0,20.0,0.0,40.0,0.0,0.0,-2100.0,2640.0,yonden
2016,11,2016-11-19,08:00,2870.0,880.0,3630.0,280.0,－－－－－－－－－－,10.0,70.0,0.0,40.0,0.0,0.0,-2040.0,2870.0,yonden
2016,11,2016-11-19,09:00,2990.0,880.0,3720.0,310.0,－－－－－－－－－－,10.0,170.0,0.0,30.0,0.0,0.0,-2130.0,2990.0,yonden
2016,11,2016-11-19,10:00,2960.0,880.0,3590.0,290.0,－－－－－－－－－－,10.0,300.0,0.0,20.0,0.0,0.0,-2130.0,2960.0,yonden
2016,11,2016-11-19,11:00,2930.0,880.0,3450.0,260.0,－－－－－－－－－－,10.0,450.0,0.0,10.0,0.0,0.0,-2130.0,2930.0,yonden
2016,11,2016-11-19,12:00,2800.0,880.0,3200.0,230.0,－－－－－－－－－－,10.0,570.0,0.0,10.0,0.0,0.0,-2100.0,2800.0,yonden
2016,11,2016-11-19,13:00,2960.0,880.0,3260.0,240.0,－－－－－－－－－－,10.0,520.0,0.0,10.0,0.0,0.0,-1960.0,2960.0,yonden
2016,11,2016-11-19,14:00,2910.0,880.0,3420.0,250.0,－－－－－－－－－－,10.0,290.0,0.0,10.0,0.0,0.0,-1950.0,2910.0,yonden
2016,11,2016-11-19,15:00,2900.0,880.0,3550.0,240.0,－－－－－－－－－－,10.0,170.0,0.0,10.0,0.0,0.0,-1960.0,2900.0,yonden
2016,11,2016-11-19,16:00,2940.0,880.0,3670.0,330.0,－－－－－－－－－－,10.0,50.0,0.0,0.0,0.0,0.0,-2000.0,2940.0,yonden
2016,11,2016-11-19,17:00,3080.0,880.0,3700.0,480.0,－－－－－－－－－－,10.0,0.0,0.0,10.0,0.0,0.0,-2000.0,3080.0,yonden
2016,11,2016-11-19,18:00,3060.0,880.0,3750.0,450.0,－－－－－－－－－－,10.0,0.0,0.0,10.0,0.0,0.0,-2040.0,3060.0,yonden
2016,11,2016-11-19,19:00,2950.0,880.0,3680.0,330.0,－－－－－－－－－－,10.0,0.0,0.0,10.0,0.0,0.0,-1960.0,2950.0,yonden
2016,11,2016-11-19,20:00,2820.0,880.0,3610.0,240.0,－－－－－－－－－－,10.0,0.0,0.0,0.0,0.0,0.0,-1920.0,2820.0,yonden
2016,11,2016-11-19,21:00,2660.0,880.0,3500.0,220.0,－－－－－－－－－－,10.0,0.0,0.0,10.0,0.0,0.0,-1960.0,2660.0,yonden
2016,11,2016-11-19,22:00,2490.0,880.0,3450.0,210.0,－－－－－－－－－－,10.0,0.0,0.0,10.0,0.0,0.0,-2070.0,2490.0,yonden
2016,11,2016-11-19,23:00,2390.0,880.0,3450.0,210.0,－－－－－－－－－－,10.0,0.0,0.0,10.0,0.0,0.0,-2170.0,2390.0,yonden
2016,11,2016-11-20,00:00,2310.0,880.0,3500.0,200.0,－－－－－－－－－－,10.0,0.0,0.0,10.0,0.0,0.0,-2290.0,2310.0,yonden
2016,11,2016-11-20,01:00,2360.0,880.0,3520.0,220.0,－－－－－－－－－－,10.0,0.0,0.0,0.0,0.0,0.0,-2270.0,2360.0,yonden
2016,11,2016-11-20,02:00,2570.0,880.0,3580.0,250.0,－－－－－－－－－－,10.0,0.0,0.0,0.0,0.0,0.0,-2150.0,2570.0,yonden
2016,11,2016-11-20,03:00,2800.0,880.0,3590.0,350.0,－－－－－－－－－－,10.0,0.0,0.0,10.0,0.0,0.0,-2040.0,2800.0,yonden
2016,11,2016-11-20,04:00,2830.0,880.0,3560.0,370.0,－－－－－－－－－－,10.0,0.0,0.0,10.0,0.0,0.0,-2000.0,2830.0,yonden
2016,11,2016-11-20,05:00,2660.0,880.0,3550.0,260.0,－－－－－－－－－－,10.0,0.0,0.0,10.0,0.0,0.0,-2050.0,2660.0,yonden
2016,11,2016-11-20,06:00,2400.0,880.0,3520.0,220.0,－－－－－－－－－－,10.0,0.0,0.0,10.0,0.0,0.0,-2240.0,2400.0,yonden
2016,11,2016-11-20,07:00,2310.0,880.0,3590.0,190.0,－－－－－－－－－－,10.0,70.0,0.0,0.0,0.0,0.0,-2430.0,2310.0,yonden
2016,11,2016-11-20,08:00,2340.0,880.0,3530.0,190.0,－－－－－－－－－－,10.0,230.0,0.0,10.0,0.0,0.0,-2510.0,2340.0,yonden
2016,11,2016-11-20,09:00,2360.0,880.0,3310.0,200.0,－－－－－－－－－－,10.0,450.0,0.0,10.0,0.0,0.0,-2500.0,2360.0,yonden
2016,11,2016-11-20,10:00,2440.0,880.0,3250.0,180.0,－－－－－－－－－－,10.0,590.0,0.0,10.0,0.0,0.0,-2480.0,2440.0,yonden
2016,11,2016-11-20,11:00,2570.0,880.0,3360.0,210.0,－－－－－－－－－－,10.0,570.0,0.0,20.0,0.0,0.0,-2480.0,2570.0,yonden
2016,11,2016-11-20,12:00,2520.0,880.0,3450.0,170.0,－－－－－－－－－－,10.0,500.0,0.0,10.0,0.0,0.0,-2500.0,2520.0,yonden
2016,11,2016-11-20,13:00,2550.0,880.0,3560.0,160.0,－－－－－－－－－－,10.0,410.0,0.0,10.0,0.0,0.0,-2480.0,2550.0,yonden
2016,11,2016-11-20,14:00,2520.0,880.0,3690.0,170.0,－－－－－－－－－－,10.0,240.0,0.0,20.0,0.0,0.0,-2490.0,2520.0,yonden
2016,11,2016-11-20,15:00,2540.0,880.0,3770.0,170.0,－－－－－－－－－－,10.0,110.0,0.0,20.0,0.0,0.0,-2420.0,2540.0,yonden
2016,11,2016-11-20,16:00,2650.0,880.0,3750.0,230.0,－－－－－－－－－－,10.0,20.0,0.0,30.0,0.0,0.0,-2270.0,2650.0,yonden
2016,11,2016-11-20,17:00,2870.0,880.0,3670.0,410.0,－－－－－－－－－－,10.0,0.0,0.0,60.0,0.0,0.0,-2160.0,2870.0,yonden
2016,11,2016-11-20,18:00,2900.0,880.0,3650.0,460.0,－－－－－－－－－－,10.0,0.0,0.0,50.0,0.0,0.0,-2150.0,2900.0,yonden
2016,11,2016-11-20,19:00,2810.0,880.0,3690.0,320.0,－－－－－－－－－－,10.0,0.0,0.0,30.0,0.0,0.0,-2120.0,2810.0,yonden
2016,11,2016-11-20,20:00,2680.0,880.0,3590.0,190.0,－－－－－－－－－－,10.0,0.0,0.0,40.0,0.0,0.0,-2030.0,2680.0,yonden
2016,11,2016-11-20,21:00,2530.0,880.0,3590.0,160.0,－－－－－－－－－－,10.0,0.0,0.0,40.0,0.0,0.0,-2150.0,2530.0,yonden
2016,11,2016-11-20,22:00,2370.0,880.0,3590.0,160.0,－－－－－－－－－－,10.0,0.0,0.0,30.0,0.0,0.0,-2300.0,2370.0,yonden
2016,11,2016-11-20,23:00,2290.0,880.0,3610.0,150.0,－－－－－－－－－－,10.0,0.0,0.0,20.0,0.0,0.0,-2380.0,2290.0,yonden
2016,11,2016-11-21,00:00,2210.0,880.0,3360.0,140.0,－－－－－－－－－－,0.0,0.0,0.0,10.0,0.0,0.0,-2180.0,2210.0,yonden
2016,11,2016-11-21,01:00,2280.0,880.0,3430.0,170.0,－－－－－－－－－－,0.0,0.0,0.0,10.0,0.0,0.0,-2210.0,2280.0,yonden
2016,11,2016-11-21,02:00,2500.0,880.0,3560.0,210.0,－－－－－－－－－－,0.0,0.0,0.0,10.0,0.0,0.0,-2160.0,2500.0,yonden
2016,11,2016-11-21,03:00,2750.0,880.0,3660.0,260.0,－－－－－－－－－－,0.0,0.0,0.0,10.0,0.0,0.0,-2060.0,2750.0,yonden
2016,11,2016-11-21,04:00,2830.0,880.0,3610.0,290.0,－－－－－－－－－－,0.0,0.0,0.0,10.0,0.0,0.0,-1960.0,2830.0,yonden
2016,11,2016-11-21,05:00,2750.0,880.0,3570.0,210.0,－－－－－－－－－－,0.0,0.0,0.0,10.0,0.0,0.0,-1920.0,2750.0,yonden
2016,11,2016-11-21,06:00,2680.0,880.0,3570.0,120.0,－－－－－－－－－－,0.0,0.0,0.0,10.0,0.0,0.0,-1900.0,2680.0,yonden
2016,11,2016-11-21,07:00,2730.0,880.0,3550.0,120.0,－－－－－－－－－－,0.0,30.0,0.0,10.0,0.0,0.0,-1860.0,2730.0,yonden
2016,11,2016-11-21,08:00,3080.0,880.0,3690.0,190.0,－－－－－－－－－－,0.0,100.0,0.0,10.0,0.0,0.0,-1790.0,3080.0,yonden
2016,11,2016-11-21,09:00,3280.0,880.0,3720.0,230.0,－－－－－－－－－－,0.0,170.0,0.0,0.0,0.0,0.0,-1720.0,3280.0,yonden
2016,11,2016-11-21,10:00,3320.0,880.0,3740.0,240.0,－－－－－－－－－－,0.0,190.0,0.0,10.0,0.0,0.0,-1740.0,3320.0,yonden
2016,11,2016-11-21,11:00,3320.0,880.0,3750.0,240.0,－－－－－－－－－－,0.0,190.0,0.0,10.0,0.0,0.0,-1750.0,3320.0,yonden
2016,11,2016-11-21,12:00,3120.0,880.0,3730.0,140.0,－－－－－－－－－－,0.0,190.0,0.0,10.0,0.0,0.0,-1830.0,3120.0,yonden
2016,11,2016-11-21,13:00,3320.0,880.0,3820.0,150.0,－－－－－－－－－－,10.0,180.0,0.0,10.0,0.0,0.0,-1730.0,3320.0,yonden
2016,11,2016-11-21,14:00,3350.0,880.0,3860.0,170.0,－－－－－－－－－－,10.0,130.0,0.0,20.0,0.0,0.0,-1720.0,3350.0,yonden
2016,11,2016-11-21,15:00,3350.0,880.0,3990.0,200.0,－－－－－－－－－－,10.0,60.0,0.0,20.0,0.0,0.0,-1810.0,3350.0,yonden
2016,11,2016-11-21,16:00,3410.0,880.0,3910.0,300.0,－－－－－－－－－－,10.0,20.0,0.0,30.0,0.0,0.0,-1740.0,3410.0,yonden
2016,11,2016-11-21,17:00,3490.0,880.0,3860.0,450.0,－－－－－－－－－－,10.0,0.0,0.0,40.0,0.0,0.0,-1750.0,3490.0,yonden
2016,11,2016-11-21,18:00,3430.0,880.0,3870.0,460.0,－－－－－－－－－－,10.0,0.0,0.0,40.0,0.0,0.0,-1830.0,3430.0,yonden
2016,11,2016-11-21,19:00,3250.0,880.0,3780.0,380.0,－－－－－－－－－－,10.0,0.0,0.0,40.0,0.0,0.0,-1840.0,3250.0,yonden
2016,11,2016-11-21,20:00,3080.0,880.0,3670.0,230.0,－－－－－－－－－－,10.0,0.0,0.0,30.0,0.0,0.0,-1740.0,3080.0,yonden
2016,11,2016-11-21,21:00,2890.0,880.0,3570.0,180.0,－－－－－－－－－－,10.0,0.0,0.0,20.0,0.0,0.0,-1770.0,2890.0,yonden
2016,11,2016-11-21,22:00,2700.0,880.0,3590.0,160.0,－－－－－－－－－－,10.0,0.0,0.0,10.0,0.0,0.0,-1950.0,2700.0,yonden
2016,11,2016-11-21,23:00,2570.0,880.0,3520.0,140.0,－－－－－－－－－－,10.0,0.0,0.0,40.0,0.0,0.0,-2020.0,2570.0,yonden
2016,11,2016-11-22,00:00,2470.0,880.0,3480.0,130.0,－－－－－－－－－－,10.0,0.0,0.0,70.0,0.0,0.0,-2100.0,2470.0,yonden
2016,11,2016-11-22,01:00,2510.0,880.0,3510.0,160.0,－－－－－－－－－－,10.0,0.0,0.0,50.0,0.0,0.0,-2100.0,2510.0,yonden
2016,11,2016-11-22,02:00,2710.0,880.0,3530.0,200.0,－－－－－－－－－－,10.0,0.0,0.0,50.0,0.0,0.0,-1960.0,2710.0,yonden
2016,11,2016-11-22,03:00,2950.0,880.0,3640.0,300.0,－－－－－－－－－－,10.0,0.0,0.0,60.0,0.0,0.0,-1940.0,2950.0,yonden
2016,11,2016-11-22,04:00,3010.0,880.0,3680.0,320.0,－－－－－－－－－－,10.0,0.0,0.0,60.0,0.0,0.0,-1940.0,3010.0,yonden
2016,11,2016-11-22,05:00,2920.0,880.0,3590.0,220.0,－－－－－－－－－－,10.0,0.0,0.0,50.0,0.0,0.0,-1830.0,2920.0,yonden
2016,11,2016-11-22,06:00,2830.0,880.0,3590.0,120.0,－－－－－－－－－－,10.0,0.0,0.0,50.0,0.0,0.0,-1820.0,2830.0,yonden
2016,11,2016-11-22,07:00,2790.0,880.0,3520.0,130.0,－－－－－－－－－－,0.0,80.0,0.0,50.0,0.0,0.0,-1870.0,2790.0,yonden
2016,11,2016-11-22,08:00,2990.0,880.0,3470.0,190.0,－－－－－－－－－－,0.0,340.0,0.0,50.0,0.0,0.0,-1940.0,2990.0,yonden
2016,11,2016-11-22,09:00,3140.0,880.0,3420.0,200.0,－－－－－－－－－－,0.0,670.0,0.0,60.0,0.0,0.0,-2090.0,3140.0,yonden
2016,11,2016-11-22,10:00,3250.0,880.0,3520.0,240.0,－－－－－－－－－－,0.0,880.0,0.0,30.0,0.0,0.0,-2300.0,3250.0,yonden
2016,11,2016-11-22,11:00,3240.0,880.0,3500.0,200.0,－－－－－－－－－－,0.0,990.0,0.0,30.0,0.0,0.0,-2360.0,3240.0,yonden
2016,11,2016-11-22,12:00,3090.0,880.0,3420.0,170.0,－－－－－－－－－－,0.0,980.0,0.0,60.0,0.0,0.0,-2420.0,3090.0,yonden
2016,11,2016-11-22,13:00,3260.0,880.0,3610.0,170.0,－－－－－－－－－－,0.0,860.0,0.0,60.0,0.0,0.0,-2320.0,3260.0,yonden
2016,11,2016-11-22,14:00,3290.0,880.0,3620.0,180.0,－－－－－－－－－－,0.0,690.0,0.0,50.0,0.0,0.0,-2130.0,3290.0,yonden
2016,11,2016-11-22,15:00,3280.0,880.0,3640.0,180.0,－－－－－－－－－－,0.0,400.0,0.0,50.0,0.0,0.0,-1870.0,3280.0,yonden
2016,11,2016-11-22,16:00,3310.0,880.0,3880.0,220.0,－－－－－－－－－－,0.0,100.0,0.0,70.0,0.0,0.0,-1840.0,3310.0,yonden
2016,11,2016-11-22,17:00,3400.0,880.0,3950.0,440.0,－－－－－－－－－－,0.0,0.0,0.0,80.0,0.0,0.0,-1950.0,3400.0,yonden
2016,11,2016-11-22,18:00,3370.0,880.0,3920.0,460.0,－－－－－－－－－－,0.0,0.0,0.0,80.0,0.0,0.0,-1970.0,3370.0,yonden
2016,11,2016-11-22,19:00,3210.0,880.0,3880.0,350.0,－－－－－－－－－－,0.0,0.0,0.0,60.0,0.0,0.0,-1960.0,3210.0,yonden
2016,11,2016-11-22,20:00,3060.0,880.0,3790.0,200.0,－－－－－－－－－－,10.0,0.0,0.0,50.0,0.0,0.0,-1870.0,3060.0,yonden
2016,11,2016-11-22,21:00,2860.0,880.0,3670.0,160.0,－－－－－－－－－－,10.0,0.0,0.0,50.0,0.0,0.0,-1910.0,2860.0,yonden
2016,11,2016-11-22,22:00,2670.0,880.0,3750.0,130.0,－－－－－－－－－－,10.0,0.0,0.0,60.0,0.0,0.0,-2160.0,2670.0,yonden
2016,11,2016-11-22,23:00,2620.0,880.0,3770.0,130.0,－－－－－－－－－－,10.0,0.0,0.0,70.0,0.0,0.0,-2240.0,2620.0,yonden
2016,11,2016-11-23,00:00,2450.0,880.0,3720.0,110.0,－－－－－－－－－－,10.0,0.0,0.0,80.0,0.0,0.0,-2350.0,2450.0,yonden
2016,11,2016-11-23,01:00,2490.0,880.0,3740.0,110.0,－－－－－－－－－－,10.0,0.0,0.0,80.0,0.0,0.0,-2330.0,2490.0,yonden
2016,11,2016-11-23,02:00,2690.0,880.0,3740.0,120.0,－－－－－－－－－－,10.0,0.0,0.0,70.0,0.0,0.0,-2130.0,2690.0,yonden
2016,11,2016-11-23,03:00,2920.0,880.0,3760.0,230.0,－－－－－－－－－－,10.0,0.0,0.0,80.0,0.0,0.0,-2040.0,2920.0,yonden
2016,11,2016-11-23,04:00,2990.0,880.0,3790.0,270.0,－－－－－－－－－－,10.0,0.0,0.0,80.0,0.0,0.0,-2040.0,2990.0,yonden
2016,11,2016-11-23,05:00,2870.0,880.0,3770.0,190.0,－－－－－－－－－－,10.0,0.0,0.0,90.0,0.0,0.0,-2070.0,2870.0,yonden
2016,11,2016-11-23,06:00,2670.0,880.0,3740.0,110.0,－－－－－－－－－－,10.0,0.0,0.0,90.0,0.0,0.0,-2160.0,2670.0,yonden
2016,11,2016-11-23,07:00,2640.0,880.0,3770.0,100.0,－－－－－－－－－－,10.0,30.0,0.0,80.0,0.0,0.0,-2230.0,2640.0,yonden
2016,11,2016-11-23,08:00,2930.0,880.0,4010.0,150.0,－－－－－－－－－－,10.0,100.0,0.0,60.0,0.0,0.0,-2280.0,2930.0,yonden
2016,11,2016-11-23,09:00,3080.0,880.0,4130.0,240.0,－－－－－－－－－－,10.0,170.0,0.0,40.0,0.0,0.0,-2390.0,3080.0,yonden
2016,11,2016-11-23,10:00,3150.0,880.0,4180.0,210.0,－－－－－－－－－－,10.0,280.0,0.0,50.0,0.0,0.0,-2460.0,3150.0,yonden
2016,11,2016-11-23,11:00,3160.0,880.0,4140.0,190.0,－－－－－－－－－－,10.0,310.0,0.0,60.0,0.0,0.0,-2430.0,3160.0,yonden
2016,11,2016-11-23,12:00,3000.0,880.0,4100.0,120.0,－－－－－－－－－－,10.0,290.0,0.0,60.0,0.0,0.0,-2460.0,3000.0,yonden
2016,11,2016-11-23,13:00,3100.0,880.0,4000.0,130.0,－－－－－－－－－－,10.0,270.0,0.0,50.0,0.0,0.0,-2240.0,3100.0,yonden
2016,11,2016-11-23,14:00,3070.0,880.0,3900.0,140.0,－－－－－－－－－－,10.0,190.0,0.0,40.0,0.0,0.0,-2090.0,3070.0,yonden
2016,11,2016-11-23,15:00,3090.0,880.0,3930.0,160.0,－－－－－－－－－－,10.0,100.0,0.0,40.0,0.0,0.0,-2030.0,3090.0,yonden
2016,11,2016-11-23,16:00,3190.0,880.0,4080.0,200.0,－－－－－－－－－－,10.0,20.0,0.0,40.0,0.0,0.0,-2040.0,3190.0,yonden
2016,11,2016-11-23,17:00,3360.0,880.0,4140.0,420.0,－－－－－－－－－－,10.0,0.0,0.0,30.0,0.0,0.0,-2120.0,3360.0,yonden
2016,11,2016-11-23,18:00,3370.0,880.0,4090.0,480.0,－－－－－－－－－－,10.0,0.0,0.0,40.0,0.0,0.0,-2130.0,3370.0,yonden
2016,11,2016-11-23,19:00,3280.0,880.0,4110.0,330.0,－－－－－－－－－－,10.0,0.0,0.0,40.0,0.0,0.0,-2090.0,3280.0,yonden
2016,11,2016-11-23,20:00,3150.0,880.0,4040.0,220.0,－－－－－－－－－－,10.0,0.0,0.0,40.0,0.0,0.0,-2040.0,3150.0,yonden
2016,11,2016-11-23,21:00,2970.0,880.0,3930.0,180.0,－－－－－－－－－－,10.0,0.0,0.0,40.0,0.0,0.0,-2070.0,2970.0,yonden
2016,11,2016-11-23,22:00,2760.0,880.0,3810.0,170.0,－－－－－－－－－－,10.0,0.0,0.0,40.0,0.0,0.0,-2150.0,2760.0,yonden
2016,11,2016-11-23,23:00,2630.0,880.0,3690.0,170.0,－－－－－－－－－－,10.0,0.0,0.0,50.0,0.0,0.0,-2170.0,2630.0,yonden
2016,11,2016-11-24,00:00,2520.0,880.0,3730.0,150.0,－－－－－－－－－－,10.0,0.0,0.0,40.0,0.0,0.0,-2290.0,2520.0,yonden
2016,11,2016-11-24,01:00,2590.0,880.0,3750.0,150.0,－－－－－－－－－－,10.0,0.0,0.0,30.0,0.0,0.0,-2230.0,2590.0,yonden
2016,11,2016-11-24,02:00,2810.0,880.0,3770.0,150.0,－－－－－－－－－－,10.0,0.0,0.0,40.0,0.0,0.0,-2040.0,2810.0,yonden
2016,11,2016-11-24,03:00,3060.0,880.0,3840.0,290.0,－－－－－－－－－－,10.0,0.0,0.0,60.0,0.0,0.0,-2020.0,3060.0,yonden
2016,11,2016-11-24,04:00,3130.0,880.0,3800.0,330.0,－－－－－－－－－－,10.0,0.0,0.0,90.0,0.0,0.0,-1980.0,3130.0,yonden
2016,11,2016-11-24,05:00,3060.0,880.0,3840.0,170.0,－－－－－－－－－－,10.0,0.0,0.0,110.0,0.0,0.0,-1950.0,3060.0,yonden
2016,11,2016-11-24,06:00,3010.0,880.0,3850.0,150.0,－－－－－－－－－－,10.0,0.0,0.0,110.0,0.0,0.0,-1990.0,3010.0,yonden
2016,11,2016-11-24,07:00,3030.0,880.0,3810.0,170.0,－－－－－－－－－－,10.0,40.0,0.0,120.0,0.0,0.0,-2000.0,3030.0,yonden
2016,11,2016-11-24,08:00,3290.0,880.0,3800.0,220.0,－－－－－－－－－－,10.0,190.0,0.0,120.0,0.0,0.0,-1930.0,3290.0,yonden
2016,11,2016-11-24,09:00,3400.0,880.0,3710.0,290.0,－－－－－－－－－－,10.0,380.0,0.0,120.0,0.0,0.0,-1990.0,3400.0,yonden
2016,11,2016-11-24,10:00,3370.0,880.0,3550.0,280.0,－－－－－－－－－－,10.0,540.0,0.0,110.0,0.0,0.0,-2000.0,3370.0,yonden
2016,11,2016-11-24,11:00,3290.0,880.0,3460.0,210.0,－－－－－－－－－－,10.0,690.0,0.0,110.0,0.0,0.0,-2070.0,3290.0,yonden
2016,11,2016-11-24,12:00,3110.0,880.0,3320.0,180.0,－－－－－－－－－－,10.0,900.0,0.0,110.0,0.0,0.0,-2290.0,3110.0,yonden
2016,11,2016-11-24,13:00,3440.0,880.0,3420.0,170.0,－－－－－－－－－－,10.0,980.0,0.0,120.0,0.0,0.0,-2140.0,3440.0,yonden
2016,11,2016-11-24,14:00,3420.0,880.0,3590.0,170.0,－－－－－－－－－－,10.0,740.0,0.0,120.0,0.0,0.0,-2090.0,3420.0,yonden
2016,11,2016-11-24,15:00,3480.0,880.0,3680.0,180.0,－－－－－－－－－－,10.0,500.0,0.0,120.0,0.0,0.0,-1890.0,3480.0,yonden
2016,11,2016-11-24,16:00,3570.0,880.0,3960.0,270.0,－－－－－－－－－－,10.0,170.0,0.0,120.0,0.0,0.0,-1840.0,3570.0,yonden
2016,11,2016-11-24,17:00,3660.0,880.0,4020.0,420.0,－－－－－－－－－－,10.0,0.0,0.0,120.0,0.0,0.0,-1790.0,3660.0,yonden
2016,11,2016-11-24,18:00,3670.0,880.0,4030.0,450.0,－－－－－－－－－－,10.0,0.0,0.0,110.0,0.0,0.0,-1810.0,3670.0,yonden
2016,11,2016-11-24,19:00,3520.0,880.0,4030.0,340.0,－－－－－－－－－－,10.0,0.0,0.0,110.0,0.0,0.0,-1850.0,3520.0,yonden
2016,11,2016-11-24,20:00,3370.0,880.0,3930.0,230.0,－－－－－－－－－－,10.0,0.0,0.0,100.0,0.0,0.0,-1780.0,3370.0,yonden
2016,11,2016-11-24,21:00,3170.0,880.0,3860.0,180.0,－－－－－－－－－－,10.0,0.0,0.0,100.0,0.0,0.0,-1860.0,3170.0,yonden
2016,11,2016-11-24,22:00,2930.0,880.0,3790.0,180.0,－－－－－－－－－－,10.0,0.0,0.0,90.0,0.0,0.0,-2020.0,2930.0,yonden
2016,11,2016-11-24,23:00,2760.0,880.0,3710.0,160.0,－－－－－－－－－－,10.0,0.0,0.0,90.0,0.0,0.0,-2090.0,2760.0,yonden
2016,11,2016-11-25,00:00,2640.0,880.0,3710.0,150.0,－－－－－－－－－－,10.0,0.0,0.0,80.0,0.0,0.0,-2190.0,2640.0,yonden
2016,11,2016-11-25,01:00,2700.0,880.0,3750.0,150.0,－－－－－－－－－－,10.0,0.0,0.0,80.0,0.0,0.0,-2170.0,2700.0,yonden
2016,11,2016-11-25,02:00,2940.0,880.0,3830.0,170.0,－－－－－－－－－－,10.0,0.0,0.0,80.0,0.0,0.0,-2030.0,2940.0,yonden
2016,11,2016-11-25,03:00,3160.0,880.0,3950.0,260.0,－－－－－－－－－－,10.0,0.0,0.0,70.0,0.0,0.0,-2010.0,3160.0,yonden
2016,11,2016-11-25,04:00,3220.0,880.0,3950.0,330.0,－－－－－－－－－－,10.0,0.0,0.0,70.0,0.0,0.0,-2020.0,3220.0,yonden
2016,11,2016-11-25,05:00,3160.0,880.0,3970.0,230.0,－－－－－－－－－－,10.0,0.0,0.0,60.0,0.0,0.0,-1990.0,3160.0,yonden
2016,11,2016-11-25,06:00,3130.0,880.0,4040.0,170.0,－－－－－－－－－－,10.0,0.0,0.0,50.0,0.0,0.0,-2020.0,3130.0,yonden
2016,11,2016-11-25,07:00,3130.0,880.0,4040.0,160.0,－－－－－－－－－－,0.0,80.0,0.0,50.0,0.0,0.0,-2080.0,3130.0,yonden
2016,11,2016-11-25,08:00,3410.0,880.0,4130.0,190.0,－－－－－－－－－－,10.0,240.0,0.0,40.0,0.0,0.0,-2080.0,3410.0,yonden
2016,11,2016-11-25,09:00,3450.0,880.0,3910.0,280.0,－－－－－－－－－－,10.0,480.0,0.0,40.0,0.0,0.0,-2150.0,3450.0,yonden
2016,11,2016-11-25,10:00,3420.0,880.0,3780.0,220.0,－－－－－－－－－－,10.0,700.0,0.0,50.0,0.0,0.0,-2220.0,3420.0,yonden
2016,11,2016-11-25,11:00,3290.0,880.0,3620.0,210.0,－－－－－－－－－－,10.0,750.0,0.0,50.0,0.0,0.0,-2230.0,3290.0,yonden
2016,11,2016-11-25,12:00,3190.0,880.0,3530.0,160.0,－－－－－－－－－－,0.0,920.0,0.0,50.0,0.0,0.0,-2350.0,3190.0,yonden
2016,11,2016-11-25,13:00,3360.0,880.0,3580.0,170.0,－－－－－－－－－－,10.0,880.0,0.0,60.0,0.0,0.0,-2220.0,3360.0,yonden
2016,11,2016-11-25,14:00,3450.0,880.0,3630.0,170.0,－－－－－－－－－－,10.0,740.0,0.0,60.0,0.0,0.0,-2040.0,3450.0,yonden
2016,11,2016-11-25,15:00,3420.0,880.0,3780.0,190.0,－－－－－－－－－－,10.0,440.0,0.0,30.0,0.0,0.0,-1910.0,3420.0,yonden
2016,11,2016-11-25,16:00,3450.0,880.0,4050.0,270.0,－－－－－－－－－－,10.0,110.0,0.0,20.0,0.0,0.0,-1890.0,3450.0,yonden
2016,11,2016-11-25,17:00,3580.0,880.0,4190.0,380.0,－－－－－－－－－－,10.0,0.0,0.0,30.0,0.0,0.0,-1910.0,3580.0,yonden
2016,11,2016-11-25,18:00,3590.0,880.0,4170.0,420.0,－－－－－－－－－－,10.0,0.0,0.0,30.0,0.0,0.0,-1920.0,3590.0,yonden
2016,11,2016-11-25,19:00,3460.0,880.0,4050.0,390.0,－－－－－－－－－－,10.0,0.0,0.0,50.0,0.0,0.0,-1920.0,3460.0,yonden
2016,11,2016-11-25,20:00,3330.0,880.0,3970.0,210.0,－－－－－－－－－－,10.0,0.0,0.0,50.0,0.0,0.0,-1790.0,3330.0,yonden
2016,11,2016-11-25,21:00,3130.0,880.0,3870.0,150.0,－－－－－－－－－－,10.0,0.0,0.0,60.0,0.0,0.0,-1840.0,3130.0,yonden
2016,11,2016-11-25,22:00,2910.0,880.0,3870.0,130.0,－－－－－－－－－－,10.0,0.0,0.0,60.0,0.0,0.0,-2040.0,2910.0,yonden
2016,11,2016-11-25,23:00,2780.0,880.0,3830.0,130.0,－－－－－－－－－－,10.0,0.0,0.0,30.0,0.0,0.0,-2100.0,2780.0,yonden
2016,11,2016-11-26,00:00,2660.0,880.0,3760.0,100.0,－－－－－－－－－－,10.0,0.0,0.0,20.0,0.0,0.0,-2110.0,2660.0,yonden
2016,11,2016-11-26,01:00,2720.0,880.0,3930.0,100.0,－－－－－－－－－－,10.0,0.0,0.0,10.0,0.0,0.0,-2210.0,2720.0,yonden
2016,11,2016-11-26,02:00,2960.0,880.0,4040.0,110.0,－－－－－－－－－－,0.0,0.0,0.0,10.0,0.0,0.0,-2080.0,2960.0,yonden
2016,11,2016-11-26,03:00,3190.0,880.0,4090.0,210.0,－－－－－－－－－－,10.0,0.0,0.0,10.0,0.0,0.0,-2010.0,3190.0,yonden
2016,11,2016-11-26,04:00,3230.0,880.0,4080.0,260.0,－－－－－－－－－－,10.0,0.0,0.0,10.0,0.0,0.0,-2010.0,3230.0,yonden
2016,11,2016-11-26,05:00,3120.0,880.0,4050.0,180.0,－－－－－－－－－－,10.0,0.0,0.0,0.0,0.0,0.0,-2000.0,3120.0,yonden
2016,11,2016-11-26,06:00,2970.0,880.0,4070.0,130.0,－－－－－－－－－－,10.0,0.0,0.0,0.0,0.0,0.0,-2120.0,2970.0,yonden
2016,11,2016-11-26,07:00,2930.0,880.0,4120.0,140.0,－－－－－－－－－－,10.0,90.0,0.0,0.0,0.0,0.0,-2310.0,2930.0,yonden
2016,11,2016-11-26,08:00,3070.0,880.0,3980.0,160.0,－－－－－－－－－－,10.0,350.0,0.0,0.0,0.0,0.0,-2310.0,3070.0,yonden
2016,11,2016-11-26,09:00,3080.0,880.0,3820.0,190.0,－－－－－－－－－－,10.0,670.0,0.0,0.0,0.0,0.0,-2490.0,3080.0,yonden
2016,11,2016-11-26,10:00,3010.0,880.0,3560.0,140.0,－－－－－－－－－－,10.0,920.0,0.0,10.0,0.0,0.0,-2510.0,3010.0,yonden
2016,11,2016-11-26,11:00,3040.0,880.0,3440.0,130.0,－－－－－－－－－－,10.0,1080.0,0.0,10.0,0.0,0.0,-2510.0,3040.0,yonden
2016,11,2016-11-26,12:00,2940.0,880.0,3430.0,120.0,－－－－－－－－－－,10.0,950.0,0.0,10.0,0.0,0.0,-2460.0,2940.0,yonden
2016,11,2016-11-26,13:00,3140.0,880.0,3850.0,140.0,－－－－－－－－－－,10.0,620.0,0.0,20.0,0.0,0.0,-2380.0,3140.0,yonden
2016,11,2016-11-26,14:00,3020.0,880.0,3870.0,150.0,－－－－－－－－－－,0.0,320.0,0.0,30.0,0.0,0.0,-2230.0,3020.0,yonden
2016,11,2016-11-26,15:00,2980.0,880.0,3900.0,150.0,－－－－－－－－－－,10.0,160.0,0.0,40.0,0.0,0.0,-2160.0,2980.0,yonden
2016,11,2016-11-26,16:00,3080.0,880.0,3940.0,200.0,－－－－－－－－－－,10.0,40.0,0.0,30.0,0.0,0.0,-2020.0,3080.0,yonden
2016,11,2016-11-26,17:00,3280.0,880.0,3980.0,410.0,－－－－－－－－－－,10.0,0.0,0.0,40.0,0.0,0.0,-2040.0,3280.0,yonden
2016,11,2016-11-26,18:00,3280.0,880.0,3990.0,430.0,－－－－－－－－－－,10.0,0.0,0.0,50.0,0.0,0.0,-2080.0,3280.0,yonden
2016,11,2016-11-26,19:00,3170.0,880.0,3940.0,320.0,－－－－－－－－－－,10.0,0.0,0.0,60.0,0.0,0.0,-2040.0,3170.0,yonden
2016,11,2016-11-26,20:00,3030.0,880.0,3910.0,190.0,－－－－－－－－－－,10.0,0.0,0.0,40.0,0.0,0.0,-2000.0,3030.0,yonden
2016,11,2016-11-26,21:00,2860.0,880.0,3850.0,160.0,－－－－－－－－－－,0.0,0.0,0.0,30.0,0.0,0.0,-2060.0,2860.0,yonden
2016,11,2016-11-26,22:00,2660.0,880.0,3770.0,130.0,－－－－－－－－－－,10.0,0.0,0.0,40.0,0.0,0.0,-2170.0,2660.0,yonden
2016,11,2016-11-26,23:00,2580.0,880.0,3790.0,130.0,－－－－－－－－－－,0.0,0.0,0.0,50.0,0.0,0.0,-2270.0,2580.0,yonden
2016,11,2016-11-27,00:00,2490.0,880.0,3780.0,110.0,－－－－－－－－－－,10.0,0.0,0.0,50.0,0.0,0.0,-2340.0,2490.0,yonden
2016,11,2016-11-27,01:00,2550.0,880.0,3860.0,100.0,－－－－－－－－－－,10.0,0.0,0.0,30.0,0.0,0.0,-2330.0,2550.0,yonden
2016,11,2016-11-27,02:00,2750.0,880.0,3910.0,110.0,－－－－－－－－－－,10.0,0.0,0.0,20.0,0.0,0.0,-2180.0,2750.0,yonden
2016,11,2016-11-27,03:00,2950.0,880.0,3870.0,230.0,－－－－－－－－－－,10.0,0.0,0.0,40.0,0.0,0.0,-2080.0,2950.0,yonden
2016,11,2016-11-27,04:00,2970.0,880.0,3820.0,310.0,－－－－－－－－－－,10.0,0.0,0.0,40.0,0.0,0.0,-2090.0,2970.0,yonden
2016,11,2016-11-27,05:00,2780.0,880.0,3780.0,230.0,－－－－－－－－－－,10.0,0.0,0.0,40.0,0.0,0.0,-2160.0,2780.0,yonden
2016,11,2016-11-27,06:00,2510.0,880.0,3710.0,180.0,－－－－－－－－－－,10.0,0.0,0.0,50.0,0.0,0.0,-2320.0,2510.0,yonden
2016,11,2016-11-27,07:00,2490.0,880.0,3760.0,140.0,－－－－－－－－－－,10.0,10.0,0.0,50.0,0.0,0.0,-2360.0,2490.0,yonden
2016,11,2016-11-27,08:00,2720.0,880.0,3920.0,160.0,－－－－－－－－－－,10.0,30.0,0.0,60.0,0.0,0.0,-2340.0,2720.0,yonden
2016,11,2016-11-27,09:00,2890.0,880.0,4120.0,240.0,－－－－－－－－－－,10.0,40.0,0.0,60.0,0.0,0.0,-2460.0,2890.0,yonden
2016,11,2016-11-27,10:00,2910.0,880.0,4140.0,220.0,－－－－－－－－－－,10.0,50.0,0.0,60.0,0.0,0.0,-2450.0,2910.0,yonden
2016,11,2016-11-27,11:00,2930.0,880.0,4120.0,210.0,－－－－－－－－－－,10.0,60.0,0.0,70.0,0.0,0.0,-2420.0,2930.0,yonden
2016,11,2016-11-27,12:00,2910.0,880.0,4090.0,220.0,－－－－－－－－－－,10.0,50.0,0.0,70.0,0.0,0.0,-2410.0,2910.0,yonden
2016,11,2016-11-27,13:00,2880.0,880.0,4040.0,250.0,－－－－－－－－－－,10.0,50.0,0.0,80.0,0.0,0.0,-2430.0,2880.0,yonden
2016,11,2016-11-27,14:00,2860.0,880.0,3980.0,290.0,－－－－－－－－－－,10.0,40.0,0.0,70.0,0.0,0.0,-2410.0,2860.0,yonden
2016,11,2016-11-27,15:00,2870.0,880.0,3910.0,350.0,－－－－－－－－－－,10.0,20.0,0.0,70.0,0.0,0.0,-2370.0,2870.0,yonden
2016,11,2016-11-27,16:00,2970.0,880.0,3810.0,370.0,－－－－－－－－－－,10.0,10.0,0.0,90.0,0.0,0.0,-2200.0,2970.0,yonden
2016,11,2016-11-27,17:00,3150.0,880.0,3910.0,400.0,－－－－－－－－－－,10.0,0.0,0.0,110.0,0.0,0.0,-2160.0,3150.0,yonden
2016,11,2016-11-27,18:00,3150.0,880.0,3910.0,440.0,－－－－－－－－－－,10.0,0.0,0.0,100.0,0.0,0.0,-2190.0,3150.0,yonden
2016,11,2016-11-27,19:00,3070.0,880.0,3820.0,380.0,－－－－－－－－－－,10.0,0.0,0.0,100.0,0.0,0.0,-2120.0,3070.0,yonden
2016,11,2016-11-27,20:00,2960.0,880.0,3810.0,330.0,－－－－－－－－－－,10.0,0.0,0.0,110.0,0.0,0.0,-2180.0,2960.0,yonden
2016,11,2016-11-27,21:00,2790.0,880.0,3710.0,290.0,－－－－－－－－－－,10.0,0.0,0.0,120.0,0.0,0.0,-2220.0,2790.0,yonden
2016,11,2016-11-27,22:00,2560.0,880.0,3560.0,280.0,－－－－－－－－－－,10.0,0.0,0.0,120.0,0.0,0.0,-2290.0,2560.0,yonden
2016,11,2016-11-27,23:00,2450.0,880.0,3490.0,310.0,－－－－－－－－－－,10.0,0.0,0.0,130.0,0.0,0.0,-2370.0,2450.0,yonden
2016,11,2016-11-28,00:00,2390.0,880.0,3500.0,270.0,－－－－－－－－－－,10.0,0.0,0.0,120.0,0.0,0.0,-2390.0,2390.0,yonden
2016,11,2016-11-28,01:00,2490.0,880.0,3570.0,270.0,－－－－－－－－－－,10.0,0.0,0.0,120.0,0.0,0.0,-2360.0,2490.0,yonden
2016,11,2016-11-28,02:00,2730.0,880.0,3690.0,260.0,－－－－－－－－－－,10.0,0.0,0.0,130.0,0.0,0.0,-2240.0,2730.0,yonden
2016,11,2016-11-28,03:00,2950.0,880.0,3760.0,310.0,－－－－－－－－－－,10.0,0.0,0.0,120.0,0.0,0.0,-2130.0,2950.0,yonden
2016,11,2016-11-28,04:00,3000.0,880.0,3750.0,370.0,－－－－－－－－－－,10.0,0.0,0.0,120.0,0.0,0.0,-2130.0,3000.0,yonden
2016,11,2016-11-28,05:00,2940.0,880.0,3660.0,320.0,－－－－－－－－－－,10.0,0.0,0.0,120.0,0.0,0.0,-2050.0,2940.0,yonden
2016,11,2016-11-28,06:00,2940.0,880.0,3740.0,260.0,－－－－－－－－－－,10.0,0.0,0.0,120.0,0.0,0.0,-2070.0,2940.0,yonden
2016,11,2016-11-28,07:00,2990.0,880.0,3750.0,260.0,－－－－－－－－－－,10.0,50.0,0.0,120.0,0.0,0.0,-2080.0,2990.0,yonden
2016,11,2016-11-28,08:00,3320.0,880.0,3870.0,270.0,－－－－－－－－－－,10.0,170.0,0.0,120.0,0.0,0.0,-2000.0,3320.0,yonden
2016,11,2016-11-28,09:00,3420.0,880.0,3850.0,270.0,－－－－－－－－－－,10.0,370.0,0.0,120.0,0.0,0.0,-2080.0,3420.0,yonden
2016,11,2016-11-28,10:00,3290.0,880.0,3700.0,280.0,－－－－－－－－－－,10.0,600.0,0.0,120.0,0.0,0.0,-2300.0,3290.0,yonden
2016,11,2016-11-28,11:00,3420.0,880.0,3740.0,270.0,－－－－－－－－－－,10.0,830.0,0.0,110.0,0.0,0.0,-2420.0,3420.0,yonden
2016,11,2016-11-28,12:00,3240.0,880.0,3740.0,220.0,－－－－－－－－－－,10.0,740.0,0.0,110.0,0.0,0.0,-2460.0,3240.0,yonden
2016,11,2016-11-28,13:00,3420.0,880.0,4010.0,240.0,－－－－－－－－－－,10.0,610.0,0.0,110.0,0.0,0.0,-2440.0,3420.0,yonden
2016,11,2016-11-28,14:00,3460.0,880.0,4190.0,250.0,－－－－－－－－－－,10.0,360.0,0.0,110.0,0.0,0.0,-2340.0,3460.0,yonden
2016,11,2016-11-28,15:00,3450.0,880.0,4130.0,280.0,－－－－－－－－－－,10.0,170.0,0.0,110.0,0.0,0.0,-2130.0,3450.0,yonden
2016,11,2016-11-28,16:00,3570.0,880.0,4130.0,360.0,－－－－－－－－－－,10.0,50.0,0.0,110.0,0.0,0.0,-1970.0,3570.0,yonden
2016,11,2016-11-28,17:00,3710.0,880.0,4330.0,510.0,－－－－－－－－－－,10.0,0.0,0.0,90.0,0.0,0.0,-2110.0,3710.0,yonden
2016,11,2016-11-28,18:00,3690.0,880.0,4250.0,500.0,－－－－－－－－－－,10.0,0.0,0.0,80.0,0.0,0.0,-2030.0,3690.0,yonden
2016,11,2016-11-28,19:00,3550.0,880.0,4150.0,430.0,－－－－－－－－－－,10.0,0.0,0.0,80.0,0.0,0.0,-2000.0,3550.0,yonden
2016,11,2016-11-28,20:00,3390.0,880.0,4090.0,330.0,－－－－－－－－－－,10.0,0.0,0.0,60.0,0.0,0.0,-1980.0,3390.0,yonden
2016,11,2016-11-28,21:00,3180.0,880.0,3970.0,270.0,－－－－－－－－－－,10.0,0.0,0.0,70.0,0.0,0.0,-2020.0,3180.0,yonden
2016,11,2016-11-28,22:00,2950.0,880.0,3920.0,240.0,－－－－－－－－－－,10.0,0.0,0.0,90.0,0.0,0.0,-2190.0,2950.0,yonden
2016,11,2016-11-28,23:00,2800.0,880.0,3940.0,220.0,－－－－－－－－－－,10.0,0.0,0.0,80.0,0.0,0.0,-2330.0,2800.0,yonden
2016,11,2016-11-29,00:00,2710.0,880.0,4000.0,200.0,－－－－－－－－－－,10.0,0.0,0.0,70.0,0.0,0.0,-2450.0,2710.0,yonden
2016,11,2016-11-29,01:00,2790.0,880.0,4030.0,190.0,－－－－－－－－－－,10.0,0.0,0.0,60.0,0.0,0.0,-2380.0,2790.0,yonden
2016,11,2016-11-29,02:00,3020.0,880.0,4080.0,230.0,－－－－－－－－－－,10.0,0.0,0.0,70.0,0.0,0.0,-2250.0,3020.0,yonden
2016,11,2016-11-29,03:00,3220.0,880.0,4110.0,330.0,－－－－－－－－－－,10.0,0.0,0.0,70.0,0.0,0.0,-2180.0,3220.0,yonden
2016,11,2016-11-29,04:00,3270.0,880.0,4120.0,380.0,－－－－－－－－－－,10.0,0.0,0.0,80.0,0.0,0.0,-2200.0,3270.0,yonden
2016,11,2016-11-29,05:00,3200.0,880.0,4110.0,310.0,－－－－－－－－－－,10.0,0.0,0.0,80.0,0.0,0.0,-2190.0,3200.0,yonden
2016,11,2016-11-29,06:00,3210.0,880.0,4170.0,290.0,－－－－－－－－－－,10.0,0.0,0.0,90.0,0.0,0.0,-2230.0,3210.0,yonden
2016,11,2016-11-29,07:00,3220.0,880.0,4210.0,280.0,－－－－－－－－－－,10.0,60.0,0.0,90.0,0.0,0.0,-2310.0,3220.0,yonden
2016,11,2016-11-29,08:00,3460.0,880.0,4360.0,350.0,－－－－－－－－－－,10.0,240.0,0.0,100.0,0.0,0.0,-2480.0,3460.0,yonden
2016,11,2016-11-29,09:00,3440.0,880.0,4160.0,280.0,－－－－－－－－－－,10.0,520.0,0.0,90.0,0.0,0.0,-2500.0,3440.0,yonden
2016,11,2016-11-29,10:00,3500.0,880.0,3940.0,250.0,－－－－－－－－－－,10.0,840.0,0.0,80.0,0.0,0.0,-2500.0,3500.0,yonden
2016,11,2016-11-29,11:00,3560.0,880.0,3860.0,240.0,－－－－－－－－－－,10.0,970.0,0.0,80.0,0.0,0.0,-2480.0,3560.0,yonden
2016,11,2016-11-29,12:00,3330.0,880.0,3690.0,200.0,－－－－－－－－－－,10.0,950.0,0.0,70.0,0.0,0.0,-2470.0,3330.0,yonden
2016,11,2016-11-29,13:00,3450.0,880.0,3970.0,220.0,－－－－－－－－－－,10.0,810.0,0.0,70.0,0.0,0.0,-2510.0,3450.0,yonden
2016,11,2016-11-29,14:00,3470.0,880.0,4100.0,230.0,－－－－－－－－－－,10.0,610.0,0.0,60.0,0.0,0.0,-2420.0,3470.0,yonden
2016,11,2016-11-29,15:00,3480.0,880.0,4120.0,270.0,－－－－－－－－－－,10.0,340.0,0.0,70.0,0.0,0.0,-2210.0,3480.0,yonden
2016,11,2016-11-29,16:00,3560.0,880.0,4200.0,360.0,－－－－－－－－－－,10.0,80.0,0.0,60.0,0.0,0.0,-2030.0,3560.0,yonden
2016,11,2016-11-29,17:00,3710.0,880.0,4440.0,440.0,－－－－－－－－－－,10.0,0.0,0.0,40.0,0.0,0.0,-2100.0,3710.0,yonden
2016,11,2016-11-29,18:00,3720.0,880.0,4450.0,430.0,－－－－－－－－－－,10.0,0.0,0.0,50.0,0.0,0.0,-2100.0,3720.0,yonden
2016,11,2016-11-29,19:00,3580.0,880.0,4280.0,370.0,－－－－－－－－－－,10.0,0.0,0.0,60.0,0.0,0.0,-2020.0,3580.0,yonden
2016,11,2016-11-29,20:00,3440.0,880.0,4240.0,270.0,－－－－－－－－－－,10.0,0.0,0.0,50.0,0.0,0.0,-2010.0,3440.0,yonden
2016,11,2016-11-29,21:00,3220.0,880.0,4090.0,200.0,－－－－－－－－－－,10.0,0.0,0.0,40.0,0.0,0.0,-2000.0,3220.0,yonden
2016,11,2016-11-29,22:00,2990.0,880.0,4090.0,190.0,－－－－－－－－－－,10.0,0.0,0.0,20.0,0.0,0.0,-2200.0,2990.0,yonden
2016,11,2016-11-29,23:00,2820.0,880.0,4020.0,190.0,－－－－－－－－－－,10.0,0.0,0.0,20.0,0.0,0.0,-2300.0,2820.0,yonden
2016,11,2016-11-30,00:00,2710.0,880.0,3920.0,170.0,－－－－－－－－－－,10.0,0.0,0.0,30.0,0.0,0.0,-2300.0,2710.0,yonden
2016,11,2016-11-30,01:00,2790.0,880.0,3940.0,170.0,－－－－－－－－－－,10.0,0.0,0.0,30.0,0.0,0.0,-2240.0,2790.0,yonden
2016,11,2016-11-30,02:00,3020.0,880.0,3960.0,170.0,－－－－－－－－－－,10.0,0.0,0.0,30.0,0.0,0.0,-2030.0,3020.0,yonden
2016,11,2016-11-30,03:00,3200.0,880.0,4050.0,250.0,－－－－－－－－－－,10.0,0.0,0.0,30.0,0.0,0.0,-2020.0,3200.0,yonden
2016,11,2016-11-30,04:00,3250.0,880.0,4070.0,290.0,－－－－－－－－－－,10.0,0.0,0.0,20.0,0.0,0.0,-2020.0,3250.0,yonden
2016,11,2016-11-30,05:00,3190.0,880.0,4020.0,220.0,－－－－－－－－－－,10.0,0.0,0.0,10.0,0.0,0.0,-1950.0,3190.0,yonden
2016,11,2016-11-30,06:00,3190.0,880.0,4050.0,210.0,－－－－－－－－－－,10.0,0.0,0.0,10.0,0.0,0.0,-1970.0,3190.0,yonden
2016,11,2016-11-30,07:00,3220.0,880.0,4140.0,220.0,－－－－－－－－－－,10.0,60.0,0.0,10.0,0.0,0.0,-2100.0,3220.0,yonden
2016,11,2016-11-30,08:00,3530.0,880.0,4240.0,360.0,－－－－－－－－－－,10.0,220.0,0.0,10.0,0.0,0.0,-2190.0,3530.0,yonden
2016,11,2016-11-30,09:00,3600.0,880.0,4200.0,310.0,－－－－－－－－－－,10.0,400.0,0.0,0.0,0.0,0.0,-2200.0,3600.0,yonden
2016,11,2016-11-30,10:00,3400.0,880.0,3840.0,240.0,－－－－－－－－－－,10.0,570.0,0.0,0.0,0.0,0.0,-2140.0,3400.0,yonden
2016,11,2016-11-30,11:00,3490.0,880.0,3700.0,190.0,－－－－－－－－－－,10.0,700.0,0.0,0.0,0.0,0.0,-1990.0,3490.0,yonden
2016,11,2016-11-30,12:00,3260.0,880.0,3670.0,180.0,－－－－－－－－－－,10.0,570.0,0.0,0.0,0.0,0.0,-2050.0,3260.0,yonden
2016,11,2016-11-30,13:00,3540.0,880.0,4050.0,220.0,－－－－－－－－－－,10.0,430.0,0.0,0.0,0.0,0.0,-2050.0,3540.0,yonden
2016,11,2016-11-30,14:00,3560.0,880.0,4420.0,180.0,－－－－－－－－－－,0.0,230.0,0.0,30.0,0.0,0.0,-2180.0,3560.0,yonden
2016,11,2016-11-30,15:00,3550.0,880.0,4470.0,250.0,－－－－－－－－－－,0.0,110.0,0.0,30.0,0.0,0.0,-2190.0,3550.0,yonden
2016,11,2016-11-30,16:00,3670.0,880.0,4500.0,330.0,－－－－－－－－－－,10.0,20.0,0.0,30.0,0.0,0.0,-2100.0,3670.0,yonden
2016,11,2016-11-30,17:00,3780.0,880.0,4490.0,400.0,－－－－－－－－－－,10.0,0.0,0.0,30.0,0.0,0.0,-2030.0,3780.0,yonden
2016,11,2016-11-30,18:00,3750.0,880.0,4440.0,440.0,－－－－－－－－－－,10.0,0.0,0.0,20.0,0.0,0.0,-2040.0,3750.0,yonden
2016,11,2016-11-30,19:00,3600.0,880.0,4380.0,380.0,－－－－－－－－－－,10.0,0.0,0.0,50.0,0.0,0.0,-2100.0,3600.0,yonden
2016,11,2016-11-30,20:00,3430.0,880.0,4280.0,260.0,－－－－－－－－－－,10.0,0.0,0.0,50.0,0.0,0.0,-2050.0,3430.0,yonden
2016,11,2016-11-30,21:00,3220.0,880.0,4090.0,180.0,－－－－－－－－－－,10.0,0.0,0.0,60.0,0.0,0.0,-2000.0,3220.0,yonden
2016,11,2016-11-30,22:00,2990.0,880.0,3980.0,160.0,－－－－－－－－－－,10.0,0.0,0.0,50.0,0.0,0.0,-2090.0,2990.0,yonden
2016,11,2016-11-30,23:00,2830.0,880.0,3920.0,140.0,－－－－－－－－－－,10.0,0.0,0.0,40.0,0.0,0.0,-2160.0,2830.0,yonden
2016,12,2016-12-01,00:00,2710.0,880.0,3870.0,120.0,－－－－－－－－－－,10.0,0.0,0.0,30.0,0.0,0.0,-2200.0,2710.0,yonden
2016,12,2016-12-01,01:00,2770.0,880.0,3870.0,120.0,－－－－－－－－－－,10.0,0.0,0.0,40.0,0.0,0.0,-2150.0,2770.0,yonden
2016,12,2016-12-01,02:00,2990.0,880.0,3860.0,130.0,－－－－－－－－－－,10.0,0.0,0.0,30.0,0.0,0.0,-1920.0,2990.0,yonden
2016,12,2016-12-01,03:00,3180.0,880.0,3900.0,240.0,－－－－－－－－－－,10.0,0.0,0.0,30.0,0.0,0.0,-1880.0,3180.0,yonden
2016,12,2016-12-01,04:00,3210.0,880.0,3900.0,300.0,－－－－－－－－－－,10.0,0.0,0.0,20.0,0.0,0.0,-1900.0,3210.0,yonden
2016,12,2016-12-01,05:00,3100.0,880.0,3800.0,230.0,－－－－－－－－－－,10.0,0.0,0.0,40.0,0.0,0.0,-1860.0,3100.0,yonden
2016,12,2016-12-01,06:00,3070.0,880.0,3890.0,160.0,－－－－－－－－－－,10.0,0.0,0.0,40.0,0.0,0.0,-1910.0,3070.0,yonden
2016,12,2016-12-01,07:00,3150.0,880.0,4150.0,200.0,－－－－－－－－－－,10.0,30.0,0.0,60.0,0.0,0.0,-2180.0,3150.0,yonden
2016,12,2016-12-01,08:00,3470.0,880.0,4360.0,310.0,－－－－－－－－－－,10.0,100.0,0.0,60.0,0.0,0.0,-2250.0,3470.0,yonden
2016,12,2016-12-01,09:00,3620.0,880.0,4490.0,280.0,－－－－－－－－－－,10.0,210.0,0.0,60.0,0.0,0.0,-2310.0,3620.0,yonden
2016,12,2016-12-01,10:00,3500.0,880.0,4320.0,190.0,－－－－－－－－－－,10.0,360.0,0.0,60.0,0.0,0.0,-2320.0,3500.0,yonden
2016,12,2016-12-01,11:00,3490.0,880.0,4160.0,150.0,－－－－－－－－－－,10.0,580.0,0.0,60.0,0.0,0.0,-2350.0,3490.0,yonden
2016,12,2016-12-01,12:00,3300.0,880.0,3850.0,140.0,－－－－－－－－－－,10.0,730.0,0.0,60.0,0.0,0.0,-2370.0,3300.0,yonden
2016,12,2016-12-01,13:00,3420.0,880.0,3980.0,140.0,－－－－－－－－－－,10.0,610.0,0.0,50.0,0.0,0.0,-2250.0,3420.0,yonden
2016,12,2016-12-01,14:00,3430.0,880.0,4260.0,130.0,－－－－－－－－－－,10.0,380.0,0.0,50.0,0.0,0.0,-2280.0,3430.0,yonden
2016,12,2016-12-01,15:00,3430.0,880.0,4400.0,150.0,－－－－－－－－－－,10.0,170.0,0.0,70.0,0.0,0.0,-2250.0,3430.0,yonden
2016,12,2016-12-01,16:00,3570.0,880.0,4480.0,290.0,－－－－－－－－－－,10.0,30.0,0.0,100.0,0.0,0.0,-2220.0,3570.0,yonden
2016,12,2016-12-01,17:00,3680.0,880.0,4580.0,390.0,－－－－－－－－－－,10.0,0.0,0.0,100.0,0.0,0.0,-2280.0,3680.0,yonden
2016,12,2016-12-01,18:00,3650.0,880.0,4530.0,410.0,－－－－－－－－－－,10.0,0.0,0.0,110.0,0.0,0.0,-2290.0,3650.0,yonden
2016,12,2016-12-01,19:00,3500.0,880.0,4440.0,340.0,－－－－－－－－－－,10.0,0.0,0.0,100.0,0.0,0.0,-2270.0,3500.0,yonden
2016,12,2016-12-01,20:00,3340.0,880.0,4330.0,190.0,－－－－－－－－－－,10.0,0.0,0.0,110.0,0.0,0.0,-2180.0,3340.0,yonden
2016,12,2016-12-01,21:00,3140.0,880.0,4230.0,130.0,－－－－－－－－－－,10.0,0.0,0.0,110.0,0.0,0.0,-2220.0,3140.0,yonden
2016,12,2016-12-01,22:00,2900.0,880.0,3990.0,140.0,－－－－－－－－－－,10.0,0.0,0.0,120.0,0.0,0.0,-2240.0,2900.0,yonden
2016,12,2016-12-01,23:00,2730.0,880.0,3890.0,130.0,－－－－－－－－－－,10.0,0.0,0.0,120.0,0.0,0.0,-2300.0,2730.0,yonden
2016,12,2016-12-02,00:00,2640.0,880.0,3640.0,110.0,－－－－－－－－－－,10.0,0.0,0.0,120.0,0.0,0.0,-2120.0,2640.0,yonden
2016,12,2016-12-02,01:00,2720.0,880.0,3580.0,110.0,－－－－－－－－－－,10.0,0.0,0.0,110.0,0.0,0.0,-1970.0,2720.0,yonden
2016,12,2016-12-02,02:00,2950.0,880.0,3590.0,120.0,－－－－－－－－－－,10.0,0.0,0.0,110.0,0.0,0.0,-1760.0,2950.0,yonden
2016,12,2016-12-02,03:00,3160.0,880.0,3710.0,230.0,－－－－－－－－－－,10.0,0.0,0.0,90.0,0.0,0.0,-1760.0,3160.0,yonden
2016,12,2016-12-02,04:00,3200.0,880.0,3670.0,300.0,－－－－－－－－－－,10.0,0.0,0.0,80.0,0.0,0.0,-1740.0,3200.0,yonden
2016,12,2016-12-02,05:00,3140.0,880.0,3680.0,200.0,－－－－－－－－－－,10.0,0.0,0.0,70.0,0.0,0.0,-1700.0,3140.0,yonden
2016,12,2016-12-02,06:00,3140.0,880.0,3810.0,140.0,－－－－－－－－－－,10.0,0.0,0.0,60.0,0.0,0.0,-1760.0,3140.0,yonden
2016,12,2016-12-02,07:00,3130.0,880.0,3870.0,160.0,－－－－－－－－－－,10.0,70.0,0.0,50.0,0.0,0.0,-1910.0,3130.0,yonden
2016,12,2016-12-02,08:00,3360.0,880.0,3910.0,170.0,－－－－－－－－－－,10.0,310.0,0.0,30.0,0.0,0.0,-1950.0,3360.0,yonden
2016,12,2016-12-02,09:00,3440.0,880.0,3800.0,200.0,－－－－－－－－－－,10.0,640.0,0.0,30.0,0.0,0.0,-2120.0,3440.0,yonden
2016,12,2016-12-02,10:00,3440.0,880.0,3740.0,200.0,－－－－－－－－－－,10.0,920.0,0.0,10.0,0.0,0.0,-2320.0,3440.0,yonden
2016,12,2016-12-02,11:00,3390.0,880.0,3650.0,160.0,－－－－－－－－－－,10.0,1040.0,0.0,10.0,0.0,0.0,-2360.0,3390.0,yonden
2016,12,2016-12-02,12:00,3190.0,880.0,3590.0,120.0,－－－－－－－－－－,10.0,1010.0,0.0,10.0,0.0,0.0,-2430.0,3190.0,yonden
2016,12,2016-12-02,13:00,3360.0,880.0,3800.0,130.0,－－－－－－－－－－,10.0,840.0,0.0,20.0,0.0,0.0,-2320.0,3360.0,yonden
2016,12,2016-12-02,14:00,3390.0,880.0,3930.0,130.0,－－－－－－－－－－,10.0,600.0,0.0,20.0,0.0,0.0,-2180.0,3390.0,yonden
2016,12,2016-12-02,15:00,3390.0,880.0,4030.0,170.0,－－－－－－－－－－,10.0,300.0,0.0,30.0,0.0,0.0,-2030.0,3390.0,yonden
2016,12,2016-12-02,16:00,3460.0,880.0,4170.0,270.0,－－－－－－－－－－,10.0,70.0,0.0,30.0,0.0,40.0,-2010.0,3460.0,yonden
2016,12,2016-12-02,17:00,3640.0,880.0,4130.0,400.0,－－－－－－－－－－,10.0,0.0,0.0,30.0,0.0,200.0,-2010.0,3640.0,yonden
2016,12,2016-12-02,18:00,3640.0,880.0,4120.0,420.0,－－－－－－－－－－,10.0,0.0,0.0,30.0,0.0,160.0,-1980.0,3640.0,yonden
2016,12,2016-12-02,19:00,3520.0,880.0,4170.0,310.0,－－－－－－－－－－,10.0,0.0,0.0,40.0,0.0,0.0,-1890.0,3520.0,yonden
2016,12,2016-12-02,20:00,3370.0,880.0,4080.0,190.0,－－－－－－－－－－,10.0,0.0,0.0,40.0,0.0,0.0,-1830.0,3370.0,yonden
2016,12,2016-12-02,21:00,3170.0,880.0,3870.0,140.0,－－－－－－－－－－,10.0,0.0,0.0,40.0,0.0,0.0,-1770.0,3170.0,yonden
2016,12,2016-12-02,22:00,2950.0,880.0,3800.0,130.0,－－－－－－－－－－,10.0,0.0,0.0,30.0,0.0,0.0,-1900.0,2950.0,yonden
2016,12,2016-12-02,23:00,2820.0,880.0,3620.0,120.0,－－－－－－－－－－,10.0,0.0,0.0,20.0,0.0,0.0,-1830.0,2820.0,yonden
2016,12,2016-12-03,00:00,2710.0,880.0,3610.0,100.0,－－－－－－－－－－,10.0,0.0,0.0,20.0,0.0,0.0,-1910.0,2710.0,yonden
2016,12,2016-12-03,01:00,2800.0,880.0,3680.0,120.0,－－－－－－－－－－,10.0,0.0,0.0,20.0,0.0,0.0,-1910.0,2800.0,yonden
2016,12,2016-12-03,02:00,3030.0,880.0,3730.0,160.0,－－－－－－－－－－,10.0,0.0,0.0,10.0,0.0,0.0,-1760.0,3030.0,yonden
2016,12,2016-12-03,03:00,3210.0,880.0,3810.0,250.0,－－－－－－－－－－,10.0,0.0,0.0,20.0,0.0,0.0,-1760.0,3210.0,yonden
2016,12,2016-12-03,04:00,3230.0,880.0,3820.0,280.0,－－－－－－－－－－,10.0,0.0,0.0,10.0,0.0,0.0,-1770.0,3230.0,yonden
2016,12,2016-12-03,05:00,3100.0,880.0,3760.0,150.0,－－－－－－－－－－,10.0,0.0,0.0,10.0,0.0,0.0,-1710.0,3100.0,yonden
2016,12,2016-12-03,06:00,3000.0,880.0,3830.0,110.0,－－－－－－－－－－,10.0,0.0,0.0,10.0,0.0,0.0,-1840.0,3000.0,yonden
2016,12,2016-12-03,07:00,2990.0,880.0,3870.0,170.0,－－－－－－－－－－,10.0,50.0,0.0,10.0,0.0,0.0,-2000.0,2990.0,yonden
2016,12,2016-12-03,08:00,3140.0,880.0,3880.0,170.0,－－－－－－－－－－,10.0,300.0,0.0,10.0,0.0,0.0,-2110.0,3140.0,yonden
2016,12,2016-12-03,09:00,3130.0,880.0,3780.0,180.0,－－－－－－－－－－,10.0,640.0,0.0,0.0,0.0,-150.0,-2210.0,3130.0,yonden
2016,12,2016-12-03,10:00,3080.0,880.0,3710.0,160.0,－－－－－－－－－－,10.0,930.0,0.0,0.0,0.0,-300.0,-2310.0,3080.0,yonden
2016,12,2016-12-03,11:00,3090.0,880.0,3690.0,160.0,－－－－－－－－－－,10.0,1060.0,0.0,0.0,0.0,-300.0,-2410.0,3090.0,yonden
2016,12,2016-12-03,12:00,2980.0,880.0,3700.0,120.0,－－－－－－－－－－,10.0,1010.0,0.0,0.0,0.0,-300.0,-2440.0,2980.0,yonden
2016,12,2016-12-03,13:00,3000.0,880.0,3700.0,120.0,－－－－－－－－－－,10.0,870.0,0.0,0.0,0.0,-300.0,-2280.0,3000.0,yonden
2016,12,2016-12-03,14:00,2970.0,880.0,3710.0,140.0,－－－－－－－－－－,10.0,700.0,0.0,0.0,0.0,-250.0,-2220.0,2970.0,yonden
2016,12,2016-12-03,15:00,3060.0,880.0,3600.0,130.0,－－－－－－－－－－,10.0,420.0,0.0,0.0,0.0,0.0,-1980.0,3060.0,yonden
2016,12,2016-12-03,16:00,3120.0,880.0,3780.0,150.0,－－－－－－－－－－,10.0,110.0,0.0,0.0,0.0,0.0,-1810.0,3120.0,yonden
2016,12,2016-12-03,17:00,3290.0,880.0,3930.0,400.0,－－－－－－－－－－,10.0,0.0,0.0,0.0,0.0,0.0,-1930.0,3290.0,yonden
2016,12,2016-12-03,18:00,3320.0,880.0,3960.0,420.0,－－－－－－－－－－,10.0,0.0,0.0,0.0,0.0,0.0,-1950.0,3320.0,yonden
2016,12,2016-12-03,19:00,3230.0,880.0,3890.0,370.0,－－－－－－－－－－,10.0,0.0,0.0,10.0,0.0,0.0,-1930.0,3230.0,yonden
2016,12,2016-12-03,20:00,3110.0,880.0,3880.0,230.0,－－－－－－－－－－,10.0,0.0,0.0,10.0,0.0,0.0,-1900.0,3110.0,yonden
2016,12,2016-12-03,21:00,2950.0,880.0,3800.0,120.0,－－－－－－－－－－,10.0,0.0,0.0,40.0,0.0,0.0,-1900.0,2950.0,yonden
2016,12,2016-12-03,22:00,2780.0,880.0,3820.0,120.0,－－－－－－－－－－,10.0,0.0,0.0,30.0,0.0,0.0,-2080.0,2780.0,yonden
2016,12,2016-12-03,23:00,2680.0,880.0,3820.0,120.0,－－－－－－－－－－,10.0,0.0,0.0,20.0,0.0,0.0,-2170.0,2680.0,yonden
2016,12,2016-12-04,00:00,2590.0,880.0,3840.0,100.0,－－－－－－－－－－,10.0,0.0,0.0,10.0,0.0,0.0,-2250.0,2590.0,yonden
2016,12,2016-12-04,01:00,2670.0,880.0,3850.0,100.0,－－－－－－－－－－,10.0,0.0,0.0,20.0,0.0,0.0,-2190.0,2670.0,yonden
2016,12,2016-12-04,02:00,2890.0,880.0,3790.0,110.0,－－－－－－－－－－,10.0,0.0,0.0,30.0,0.0,0.0,-1930.0,2890.0,yonden
2016,12,2016-12-04,03:00,3070.0,880.0,3790.0,200.0,－－－－－－－－－－,10.0,0.0,0.0,30.0,0.0,0.0,-1840.0,3070.0,yonden
2016,12,2016-12-04,04:00,3090.0,880.0,3810.0,270.0,－－－－－－－－－－,10.0,0.0,0.0,30.0,0.0,0.0,-1910.0,3090.0,yonden
2016,12,2016-12-04,05:00,2920.0,880.0,3840.0,180.0,－－－－－－－－－－,10.0,0.0,0.0,20.0,0.0,0.0,-2010.0,2920.0,yonden
2016,12,2016-12-04,06:00,2660.0,880.0,3890.0,140.0,－－－－－－－－－－,10.0,0.0,0.0,20.0,0.0,0.0,-2280.0,2660.0,yonden
2016,12,2016-12-04,07:00,2580.0,880.0,3870.0,160.0,－－－－－－－－－－,10.0,40.0,0.0,20.0,0.0,0.0,-2400.0,2580.0,yonden
2016,12,2016-12-04,08:00,2680.0,880.0,3790.0,180.0,－－－－－－－－－－,10.0,170.0,0.0,20.0,0.0,0.0,-2370.0,2680.0,yonden
2016,12,2016-12-04,09:00,2810.0,880.0,3820.0,240.0,－－－－－－－－－－,10.0,240.0,0.0,30.0,0.0,0.0,-2410.0,2810.0,yonden
2016,12,2016-12-04,10:00,2890.0,880.0,4010.0,170.0,－－－－－－－－－－,10.0,210.0,0.0,40.0,0.0,0.0,-2430.0,2890.0,yonden
2016,12,2016-12-04,11:00,2940.0,880.0,4120.0,160.0,－－－－－－－－－－,10.0,140.0,0.0,50.0,0.0,0.0,-2420.0,2940.0,yonden
2016,12,2016-12-04,12:00,2940.0,880.0,4180.0,120.0,－－－－－－－－－－,10.0,100.0,0.0,50.0,0.0,0.0,-2400.0,2940.0,yonden
2016,12,2016-12-04,13:00,2940.0,880.0,4180.0,160.0,－－－－－－－－－－,10.0,80.0,0.0,40.0,0.0,0.0,-2410.0,2940.0,yonden
2016,12,2016-12-04,14:00,2960.0,880.0,4170.0,180.0,－－－－－－－－－－,10.0,40.0,0.0,40.0,0.0,0.0,-2360.0,2960.0,yonden
2016,12,2016-12-04,15:00,2970.0,880.0,4090.0,210.0,－－－－－－－－－－,10.0,30.0,0.0,30.0,0.0,0.0,-2280.0,2970.0,yonden
2016,12,2016-12-04,16:00,3060.0,880.0,3970.0,280.0,－－－－－－－－－－,10.0,10.0,0.0,40.0,0.0,0.0,-2130.0,3060.0,yonden
2016,12,2016-12-04,17:00,3250.0,880.0,4000.0,370.0,－－－－－－－－－－,10.0,0.0,0.0,40.0,0.0,0.0,-2050.0,3250.0,yonden
2016,12,2016-12-04,18:00,3220.0,880.0,3900.0,390.0,－－－－－－－－－－,10.0,0.0,0.0,30.0,0.0,0.0,-1990.0,3220.0,yonden
2016,12,2016-12-04,19:00,3130.0,880.0,3810.0,360.0,－－－－－－－－－－,10.0,0.0,0.0,30.0,0.0,0.0,-1960.0,3130.0,yonden
2016,12,2016-12-04,20:00,3020.0,880.0,3820.0,240.0,－－－－－－－－－－,10.0,0.0,0.0,40.0,0.0,0.0,-1970.0,3020.0,yonden
2016,12,2016-12-04,21:00,2870.0,880.0,3780.0,230.0,－－－－－－－－－－,10.0,0.0,0.0,50.0,0.0,0.0,-2080.0,2870.0,yonden
2016,12,2016-12-04,22:00,2670.0,880.0,3790.0,230.0,－－－－－－－－－－,10.0,0.0,0.0,70.0,0.0,0.0,-2310.0,2670.0,yonden
2016,12,2016-12-04,23:00,2560.0,880.0,3770.0,210.0,－－－－－－－－－－,10.0,0.0,0.0,70.0,0.0,0.0,-2380.0,2560.0,yonden
2016,12,2016-12-05,00:00,2490.0,880.0,3530.0,190.0,－－－－－－－－－－,10.0,0.0,0.0,70.0,0.0,0.0,-2190.0,2490.0,yonden
2016,12,2016-12-05,01:00,2570.0,880.0,3490.0,190.0,－－－－－－－－－－,10.0,0.0,0.0,70.0,0.0,0.0,-2070.0,2570.0,yonden
2016,12,2016-12-05,02:00,2810.0,880.0,3510.0,220.0,－－－－－－－－－－,10.0,0.0,0.0,70.0,0.0,0.0,-1880.0,2810.0,yonden
2016,12,2016-12-05,03:00,3000.0,880.0,3520.0,320.0,－－－－－－－－－－,10.0,0.0,0.0,70.0,0.0,0.0,-1800.0,3000.0,yonden
2016,12,2016-12-05,04:00,3030.0,880.0,3530.0,370.0,－－－－－－－－－－,10.0,0.0,0.0,70.0,0.0,0.0,-1830.0,3030.0,yonden
2016,12,2016-12-05,05:00,2960.0,880.0,3670.0,250.0,－－－－－－－－－－,10.0,0.0,0.0,70.0,0.0,0.0,-1920.0,2960.0,yonden
2016,12,2016-12-05,06:00,2950.0,880.0,3770.0,210.0,－－－－－－－－－－,10.0,0.0,0.0,60.0,0.0,0.0,-1980.0,2950.0,yonden
2016,12,2016-12-05,07:00,3000.0,880.0,3910.0,180.0,－－－－－－－－－－,10.0,40.0,0.0,50.0,0.0,0.0,-2070.0,3000.0,yonden
2016,12,2016-12-05,08:00,3230.0,880.0,3900.0,310.0,－－－－－－－－－－,10.0,250.0,0.0,50.0,0.0,0.0,-2170.0,3230.0,yonden
2016,12,2016-12-05,09:00,3320.0,880.0,3630.0,320.0,－－－－－－－－－－,10.0,590.0,0.0,40.0,0.0,0.0,-2150.0,3320.0,yonden
2016,12,2016-12-05,10:00,3360.0,880.0,3720.0,230.0,－－－－－－－－－－,10.0,800.0,0.0,30.0,0.0,0.0,-2310.0,3360.0,yonden
2016,12,2016-12-05,11:00,3270.0,880.0,3670.0,240.0,－－－－－－－－－－,10.0,840.0,0.0,30.0,0.0,0.0,-2400.0,3270.0,yonden
2016,12,2016-12-05,12:00,3080.0,880.0,3500.0,160.0,－－－－－－－－－－,0.0,800.0,0.0,50.0,0.0,0.0,-2310.0,3080.0,yonden
2016,12,2016-12-05,13:00,3300.0,880.0,3740.0,170.0,－－－－－－－－－－,0.0,670.0,0.0,60.0,0.0,0.0,-2220.0,3300.0,yonden
2016,12,2016-12-05,14:00,3330.0,880.0,3940.0,170.0,－－－－－－－－－－,0.0,490.0,0.0,40.0,0.0,0.0,-2190.0,3330.0,yonden
2016,12,2016-12-05,15:00,3340.0,880.0,4160.0,180.0,－－－－－－－－－－,0.0,250.0,0.0,20.0,0.0,0.0,-2150.0,3340.0,yonden
2016,12,2016-12-05,16:00,3450.0,880.0,4320.0,310.0,－－－－－－－－－－,0.0,50.0,0.0,10.0,0.0,0.0,-2120.0,3450.0,yonden
2016,12,2016-12-05,17:00,3610.0,880.0,4410.0,440.0,－－－－－－－－－－,0.0,0.0,0.0,10.0,0.0,0.0,-2130.0,3610.0,yonden
2016,12,2016-12-05,18:00,3590.0,880.0,4460.0,400.0,－－－－－－－－－－,0.0,0.0,0.0,10.0,0.0,0.0,-2160.0,3590.0,yonden
2016,12,2016-12-05,19:00,3440.0,880.0,4390.0,320.0,－－－－－－－－－－,0.0,0.0,0.0,10.0,0.0,0.0,-2160.0,3440.0,yonden
2016,12,2016-12-05,20:00,3300.0,880.0,4270.0,230.0,－－－－－－－－－－,0.0,0.0,0.0,10.0,0.0,0.0,-2090.0,3300.0,yonden
2016,12,2016-12-05,21:00,3090.0,880.0,3980.0,190.0,－－－－－－－－－－,0.0,0.0,0.0,30.0,0.0,0.0,-1990.0,3090.0,yonden
2016,12,2016-12-05,22:00,2900.0,880.0,3820.0,160.0,－－－－－－－－－－,0.0,0.0,0.0,30.0,0.0,0.0,-1990.0,2900.0,yonden
2016,12,2016-12-05,23:00,2790.0,880.0,3840.0,160.0,－－－－－－－－－－,0.0,0.0,0.0,40.0,0.0,0.0,-2130.0,2790.0,yonden
2016,12,2016-12-06,00:00,2690.0,880.0,3920.0,130.0,－－－－－－－－－－,0.0,0.0,0.0,40.0,0.0,0.0,-2280.0,2690.0,yonden
2016,12,2016-12-06,01:00,2760.0,880.0,3880.0,140.0,－－－－－－－－－－,0.0,0.0,0.0,60.0,0.0,0.0,-2200.0,2760.0,yonden
2016,12,2016-12-06,02:00,2990.0,880.0,3870.0,150.0,－－－－－－－－－－,0.0,0.0,0.0,80.0,0.0,0.0,-1990.0,2990.0,yonden
2016,12,2016-12-06,03:00,3200.0,880.0,3950.0,200.0,－－－－－－－－－－,0.0,0.0,0.0,100.0,0.0,0.0,-1930.0,3200.0,yonden
2016,12,2016-12-06,04:00,3210.0,880.0,3910.0,240.0,－－－－－－－－－－,0.0,0.0,0.0,110.0,0.0,0.0,-1930.0,3210.0,yonden
2016,12,2016-12-06,05:00,3110.0,880.0,3890.0,160.0,－－－－－－－－－－,0.0,0.0,0.0,110.0,0.0,0.0,-1930.0,3110.0,yonden
2016,12,2016-12-06,06:00,3080.0,880.0,3880.0,160.0,－－－－－－－－－－,0.0,0.0,0.0,120.0,0.0,0.0,-1960.0,3080.0,yonden
2016,12,2016-12-06,07:00,3140.0,880.0,3970.0,200.0,－－－－－－－－－－,0.0,20.0,0.0,120.0,0.0,0.0,-2050.0,3140.0,yonden
2016,12,2016-12-06,08:00,3450.0,880.0,4210.0,310.0,－－－－－－－－－－,0.0,110.0,0.0,120.0,0.0,0.0,-2180.0,3450.0,yonden
2016,12,2016-12-06,09:00,3500.0,880.0,4240.0,240.0,－－－－－－－－－－,0.0,320.0,0.0,120.0,0.0,0.0,-2300.0,3500.0,yonden
2016,12,2016-12-06,10:00,3370.0,880.0,4030.0,150.0,－－－－－－－－－－,0.0,630.0,0.0,120.0,0.0,0.0,-2440.0,3370.0,yonden
2016,12,2016-12-06,11:00,3430.0,880.0,3870.0,160.0,－－－－－－－－－－,0.0,930.0,0.0,120.0,0.0,-100.0,-2430.0,3430.0,yonden
2016,12,2016-12-06,12:00,3190.0,880.0,3760.0,120.0,－－－－－－－－－－,0.0,1020.0,0.0,120.0,0.0,-300.0,-2410.0,3190.0,yonden
2016,12,2016-12-06,13:00,3460.0,880.0,3950.0,120.0,－－－－－－－－－－,0.0,920.0,0.0,120.0,0.0,-300.0,-2230.0,3460.0,yonden
2016,12,2016-12-06,14:00,3500.0,880.0,3920.0,130.0,－－－－－－－－－－,0.0,680.0,0.0,110.0,0.0,-30.0,-2190.0,3500.0,yonden
2016,12,2016-12-06,15:00,3520.0,880.0,4150.0,140.0,－－－－－－－－－－,0.0,410.0,0.0,100.0,0.0,0.0,-2160.0,3520.0,yonden
2016,12,2016-12-06,16:00,3580.0,880.0,4500.0,180.0,－－－－－－－－－－,0.0,100.0,0.0,100.0,0.0,30.0,-2210.0,3580.0,yonden
2016,12,2016-12-06,17:00,3720.0,880.0,4460.0,370.0,－－－－－－－－－－,0.0,0.0,0.0,90.0,0.0,180.0,-2260.0,3720.0,yonden
2016,12,2016-12-06,18:00,3740.0,880.0,4430.0,400.0,－－－－－－－－－－,0.0,0.0,0.0,80.0,0.0,180.0,-2230.0,3740.0,yonden
2016,12,2016-12-06,19:00,3590.0,880.0,4400.0,330.0,－－－－－－－－－－,0.0,0.0,0.0,80.0,0.0,70.0,-2170.0,3590.0,yonden
2016,12,2016-12-06,20:00,3430.0,880.0,4420.0,180.0,－－－－－－－－－－,0.0,0.0,0.0,60.0,0.0,0.0,-2110.0,3430.0,yonden
2016,12,2016-12-06,21:00,3220.0,880.0,4200.0,140.0,－－－－－－－－－－,0.0,0.0,0.0,50.0,0.0,0.0,-2050.0,3220.0,yonden
2016,12,2016-12-06,22:00,2990.0,880.0,3960.0,140.0,－－－－－－－－－－,0.0,0.0,0.0,30.0,0.0,0.0,-2020.0,2990.0,yonden
2016,12,2016-12-06,23:00,2860.0,880.0,3870.0,130.0,－－－－－－－－－－,0.0,0.0,0.0,30.0,0.0,0.0,-2050.0,2860.0,yonden
2016,12,2016-12-07,00:00,2770.0,880.0,3890.0,120.0,－－－－－－－－－－,0.0,0.0,0.0,30.0,0.0,0.0,-2150.0,2770.0,yonden
2016,12,2016-12-07,01:00,2880.0,880.0,3970.0,120.0,－－－－－－－－－－,0.0,0.0,0.0,30.0,0.0,0.0,-2120.0,2880.0,yonden
2016,12,2016-12-07,02:00,3140.0,880.0,4000.0,120.0,－－－－－－－－－－,0.0,0.0,0.0,30.0,0.0,0.0,-1890.0,3140.0,yonden
2016,12,2016-12-07,03:00,3300.0,880.0,4000.0,200.0,－－－－－－－－－－,0.0,0.0,0.0,30.0,0.0,0.0,-1810.0,3300.0,yonden
2016,12,2016-12-07,04:00,3370.0,880.0,4060.0,230.0,－－－－－－－－－－,0.0,0.0,0.0,20.0,0.0,0.0,-1820.0,3370.0,yonden
2016,12,2016-12-07,05:00,3330.0,880.0,4090.0,140.0,－－－－－－－－－－,0.0,0.0,0.0,20.0,0.0,0.0,-1800.0,3330.0,yonden
2016,12,2016-12-07,06:00,3390.0,880.0,4310.0,160.0,－－－－－－－－－－,0.0,0.0,0.0,10.0,0.0,0.0,-1970.0,3390.0,yonden
2016,12,2016-12-07,07:00,3390.0,880.0,4510.0,200.0,－－－－－－－－－－,0.0,60.0,0.0,10.0,0.0,0.0,-2270.0,3390.0,yonden
2016,12,2016-12-07,08:00,3570.0,880.0,4350.0,290.0,－－－－－－－－－－,0.0,320.0,0.0,10.0,0.0,0.0,-2280.0,3570.0,yonden
2016,12,2016-12-07,09:00,3560.0,880.0,4120.0,270.0,－－－－－－－－－－,0.0,660.0,0.0,0.0,0.0,0.0,-2370.0,3560.0,yonden
2016,12,2016-12-07,10:00,3470.0,880.0,3880.0,140.0,－－－－－－－－－－,0.0,900.0,0.0,10.0,0.0,0.0,-2340.0,3470.0,yonden
2016,12,2016-12-07,11:00,3480.0,880.0,3960.0,160.0,－－－－－－－－－－,0.0,1060.0,0.0,10.0,0.0,-200.0,-2390.0,3480.0,yonden
2016,12,2016-12-07,12:00,3220.0,880.0,3960.0,110.0,－－－－－－－－－－,0.0,1010.0,0.0,20.0,0.0,-300.0,-2460.0,3220.0,yonden
2016,12,2016-12-07,13:00,3460.0,880.0,4020.0,120.0,－－－－－－－－－－,0.0,940.0,0.0,30.0,0.0,-100.0,-2430.0,3460.0,yonden
2016,12,2016-12-07,14:00,3490.0,880.0,4140.0,110.0,－－－－－－－－－－,0.0,740.0,0.0,20.0,0.0,0.0,-2400.0,3490.0,yonden
2016,12,2016-12-07,15:00,3550.0,880.0,4440.0,120.0,－－－－－－－－－－,0.0,440.0,0.0,20.0,0.0,0.0,-2350.0,3550.0,yonden
2016,12,2016-12-07,16:00,3650.0,880.0,4690.0,210.0,－－－－－－－－－－,0.0,120.0,0.0,50.0,0.0,70.0,-2370.0,3650.0,yonden
2016,12,2016-12-07,17:00,3770.0,880.0,4540.0,360.0,－－－－－－－－－－,0.0,0.0,0.0,60.0,0.0,280.0,-2350.0,3770.0,yonden
2016,12,2016-12-07,18:00,3780.0,880.0,4600.0,370.0,－－－－－－－－－－,0.0,0.0,0.0,60.0,0.0,170.0,-2300.0,3780.0,yonden
2016,12,2016-12-07,19:00,3660.0,880.0,4450.0,270.0,－－－－－－－－－－,0.0,0.0,0.0,60.0,0.0,290.0,-2290.0,3660.0,yonden
2016,12,2016-12-07,20:00,3490.0,880.0,4480.0,170.0,－－－－－－－－－－,0.0,0.0,0.0,70.0,0.0,70.0,-2180.0,3490.0,yonden
2016,12,2016-12-07,21:00,3270.0,880.0,4250.0,130.0,－－－－－－－－－－,0.0,0.0,0.0,50.0,0.0,0.0,-2040.0,3270.0,yonden
2016,12,2016-12-07,22:00,3030.0,880.0,4000.0,130.0,－－－－－－－－－－,0.0,0.0,0.0,40.0,0.0,0.0,-2020.0,3030.0,yonden
2016,12,2016-12-07,23:00,2910.0,880.0,3950.0,120.0,－－－－－－－－－－,0.0,0.0,0.0,50.0,0.0,0.0,-2090.0,2910.0,yonden
2016,12,2016-12-08,00:00,2800.0,880.0,3940.0,100.0,－－－－－－－－－－,0.0,0.0,0.0,60.0,0.0,0.0,-2180.0,2800.0,yonden
2016,12,2016-12-08,01:00,2890.0,880.0,3910.0,110.0,－－－－－－－－－－,0.0,0.0,0.0,70.0,0.0,0.0,-2080.0,2890.0,yonden
2016,12,2016-12-08,02:00,3110.0,880.0,3850.0,110.0,－－－－－－－－－－,0.0,0.0,0.0,90.0,0.0,50.0,-1870.0,3110.0,yonden
2016,12,2016-12-08,03:00,3290.0,880.0,3690.0,150.0,－－－－－－－－－－,0.0,0.0,0.0,100.0,0.0,290.0,-1820.0,3290.0,yonden
2016,12,2016-12-08,04:00,3320.0,880.0,3490.0,170.0,－－－－－－－－－－,0.0,0.0,0.0,100.0,0.0,40.0,-1360.0,3320.0,yonden
2016,12,2016-12-08,05:00,3270.0,880.0,3400.0,130.0,－－－－－－－－－－,0.0,0.0,0.0,80.0,0.0,0.0,-1220.0,3270.0,yonden
2016,12,2016-12-08,06:00,3280.0,880.0,3360.0,150.0,－－－－－－－－－－,0.0,0.0,0.0,50.0,0.0,0.0,-1160.0,3280.0,yonden
2016,12,2016-12-08,07:00,3300.0,880.0,3500.0,250.0,－－－－－－－－－－,0.0,50.0,0.0,30.0,0.0,0.0,-1410.0,3300.0,yonden
2016,12,2016-12-08,08:00,3530.0,880.0,3550.0,270.0,－－－－－－－－－－,0.0,280.0,0.0,10.0,0.0,0.0,-1460.0,3530.0,yonden
2016,12,2016-12-08,09:00,3560.0,880.0,3340.0,220.0,－－－－－－－－－－,0.0,610.0,0.0,0.0,0.0,0.0,-1490.0,3560.0,yonden
2016,12,2016-12-08,10:00,3490.0,880.0,3200.0,150.0,－－－－－－－－－－,0.0,840.0,0.0,0.0,0.0,0.0,-1580.0,3490.0,yonden
2016,12,2016-12-08,11:00,3440.0,880.0,3110.0,140.0,－－－－－－－－－－,0.0,910.0,0.0,0.0,0.0,0.0,-1600.0,3440.0,yonden
2016,12,2016-12-08,12:00,3220.0,880.0,2980.0,100.0,－－－－－－－－－－,0.0,860.0,0.0,0.0,0.0,0.0,-1600.0,3220.0,yonden
2016,12,2016-12-08,13:00,3470.0,880.0,3340.0,100.0,－－－－－－－－－－,0.0,740.0,0.0,0.0,0.0,0.0,-1590.0,3470.0,yonden
2016,12,2016-12-08,14:00,3480.0,880.0,3590.0,100.0,－－－－－－－－－－,0.0,460.0,0.0,0.0,0.0,0.0,-1550.0,3480.0,yonden
2016,12,2016-12-08,15:00,3460.0,880.0,3620.0,110.0,－－－－－－－－－－,0.0,260.0,0.0,0.0,0.0,0.0,-1410.0,3460.0,yonden
2016,12,2016-12-08,16:00,3610.0,880.0,3910.0,200.0,－－－－－－－－－－,0.0,70.0,0.0,0.0,0.0,0.0,-1450.0,3610.0,yonden
2016,12,2016-12-08,17:00,3800.0,880.0,3980.0,390.0,－－－－－－－－－－,0.0,0.0,0.0,0.0,0.0,0.0,-1450.0,3800.0,yonden
2016,12,2016-12-08,18:00,3830.0,880.0,3930.0,410.0,－－－－－－－－－－,0.0,0.0,0.0,0.0,0.0,0.0,-1390.0,3830.0,yonden
2016,12,2016-12-08,19:00,3710.0,880.0,3920.0,310.0,－－－－－－－－－－,0.0,0.0,0.0,10.0,0.0,0.0,-1410.0,3710.0,yonden
2016,12,2016-12-08,20:00,3550.0,880.0,3850.0,170.0,－－－－－－－－－－,0.0,0.0,0.0,20.0,0.0,0.0,-1370.0,3550.0,yonden
2016,12,2016-12-08,21:00,3340.0,880.0,3690.0,130.0,－－－－－－－－－－,0.0,0.0,0.0,20.0,0.0,0.0,-1380.0,3340.0,yonden
2016,12,2016-12-08,22:00,3080.0,880.0,3450.0,130.0,－－－－－－－－－－,0.0,0.0,0.0,10.0,0.0,0.0,-1390.0,3080.0,yonden
2016,12,2016-12-08,23:00,2920.0,880.0,3260.0,130.0,－－－－－－－－－－,0.0,0.0,0.0,10.0,0.0,0.0,-1360.0,2920.0,yonden
2016,12,2016-12-09,00:00,2860.0,880.0,3050.0,110.0,－－－－－－－－－－,0.0,0.0,0.0,10.0,0.0,0.0,-1190.0,2860.0,yonden
2016,12,2016-12-09,01:00,2970.0,880.0,2970.0,110.0,－－－－－－－－－－,0.0,0.0,0.0,30.0,0.0,0.0,-1020.0,2970.0,yonden
2016,12,2016-12-09,02:00,3210.0,880.0,3070.0,120.0,－－－－－－－－－－,0.0,0.0,0.0,40.0,0.0,0.0,-900.0,3210.0,yonden
2016,12,2016-12-09,03:00,3360.0,880.0,3190.0,180.0,－－－－－－－－－－,0.0,0.0,0.0,40.0,0.0,0.0,-930.0,3360.0,yonden
2016,12,2016-12-09,04:00,3380.0,880.0,3240.0,190.0,－－－－－－－－－－,0.0,0.0,0.0,40.0,0.0,0.0,-970.0,3380.0,yonden
2016,12,2016-12-09,05:00,3310.0,880.0,3280.0,120.0,－－－－－－－－－－,0.0,0.0,0.0,40.0,0.0,0.0,-1010.0,3310.0,yonden
2016,12,2016-12-09,06:00,3370.0,880.0,3540.0,140.0,－－－－－－－－－－,0.0,0.0,0.0,30.0,0.0,0.0,-1220.0,3370.0,yonden
2016,12,2016-12-09,07:00,3430.0,880.0,3660.0,230.0,－－－－－－－－－－,0.0,30.0,0.0,10.0,0.0,0.0,-1380.0,3430.0,yonden
2016,12,2016-12-09,08:00,3770.0,880.0,3750.0,300.0,－－－－－－－－－－,0.0,110.0,0.0,0.0,0.0,150.0,-1420.0,3770.0,yonden
2016,12,2016-12-09,09:00,3810.0,880.0,3740.0,280.0,－－－－－－－－－－,0.0,190.0,0.0,0.0,0.0,230.0,-1510.0,3810.0,yonden
2016,12,2016-12-09,10:00,3790.0,880.0,3760.0,180.0,－－－－－－－－－－,0.0,270.0,0.0,10.0,0.0,200.0,-1510.0,3790.0,yonden
2016,12,2016-12-09,11:00,3560.0,880.0,3510.0,150.0,－－－－－－－－－－,0.0,490.0,0.0,30.0,0.0,30.0,-1530.0,3560.0,yonden
2016,12,2016-12-09,12:00,3310.0,880.0,3110.0,130.0,－－－－－－－－－－,0.0,700.0,0.0,80.0,0.0,0.0,-1590.0,3310.0,yonden
2016,12,2016-12-09,13:00,3470.0,880.0,3070.0,130.0,－－－－－－－－－－,0.0,710.0,0.0,90.0,0.0,0.0,-1410.0,3470.0,yonden
2016,12,2016-12-09,14:00,3520.0,880.0,3280.0,130.0,－－－－－－－－－－,0.0,600.0,0.0,100.0,0.0,0.0,-1470.0,3520.0,yonden
2016,12,2016-12-09,15:00,3520.0,880.0,3490.0,130.0,－－－－－－－－－－,0.0,320.0,0.0,100.0,0.0,0.0,-1400.0,3520.0,yonden
2016,12,2016-12-09,16:00,3620.0,880.0,3660.0,280.0,－－－－－－－－－－,0.0,70.0,0.0,100.0,0.0,0.0,-1370.0,3620.0,yonden
2016,12,2016-12-09,17:00,3750.0,880.0,3690.0,410.0,－－－－－－－－－－,0.0,0.0,0.0,90.0,0.0,0.0,-1320.0,3750.0,yonden
2016,12,2016-12-09,18:00,3720.0,880.0,3620.0,420.0,－－－－－－－－－－,0.0,0.0,0.0,90.0,0.0,0.0,-1290.0,3720.0,yonden
2016,12,2016-12-09,19:00,3570.0,880.0,3550.0,310.0,－－－－－－－－－－,0.0,0.0,0.0,90.0,0.0,0.0,-1260.0,3570.0,yonden
2016,12,2016-12-09,20:00,3420.0,880.0,3540.0,170.0,－－－－－－－－－－,0.0,0.0,0.0,100.0,0.0,0.0,-1270.0,3420.0,yonden
2016,12,2016-12-09,21:00,3230.0,880.0,3220.0,130.0,－－－－－－－－－－,0.0,0.0,0.0,100.0,0.0,0.0,-1100.0,3230.0,yonden
2016,12,2016-12-09,22:00,3010.0,880.0,3090.0,120.0,－－－－－－－－－－,0.0,0.0,0.0,100.0,0.0,0.0,-1180.0,3010.0,yonden
2016,12,2016-12-09,23:00,2880.0,880.0,3000.0,120.0,－－－－－－－－－－,0.0,0.0,0.0,80.0,0.0,0.0,-1200.0,2880.0,yonden
2016,12,2016-12-10,00:00,2770.0,880.0,2880.0,90.0,－－－－－－－－－－,0.0,0.0,0.0,80.0,0.0,0.0,-1160.0,2770.0,yonden
2016,12,2016-12-10,01:00,2850.0,880.0,2780.0,90.0,－－－－－－－－－－,0.0,0.0,0.0,80.0,0.0,0.0,-980.0,2850.0,yonden
2016,12,2016-12-10,02:00,3080.0,880.0,2880.0,90.0,－－－－－－－－－－,0.0,0.0,0.0,80.0,0.0,0.0,-850.0,3080.0,yonden
2016,12,2016-12-10,03:00,3240.0,880.0,3060.0,160.0,－－－－－－－－－－,0.0,0.0,0.0,80.0,0.0,0.0,-940.0,3240.0,yonden
2016,12,2016-12-10,04:00,3260.0,880.0,3050.0,150.0,－－－－－－－－－－,0.0,0.0,0.0,70.0,0.0,0.0,-890.0,3260.0,yonden
2016,12,2016-12-10,05:00,3140.0,880.0,2920.0,90.0,－－－－－－－－－－,0.0,0.0,0.0,80.0,0.0,0.0,-830.0,3140.0,yonden
2016,12,2016-12-10,06:00,3050.0,880.0,2930.0,110.0,－－－－－－－－－－,0.0,0.0,0.0,80.0,0.0,0.0,-950.0,3050.0,yonden
2016,12,2016-12-10,07:00,3090.0,880.0,2960.0,100.0,－－－－－－－－－－,0.0,40.0,0.0,80.0,0.0,0.0,-970.0,3090.0,yonden
2016,12,2016-12-10,08:00,3310.0,880.0,3050.0,120.0,－－－－－－－－－－,0.0,190.0,0.0,70.0,0.0,0.0,-1000.0,3310.0,yonden
2016,12,2016-12-10,09:00,3350.0,880.0,2850.0,190.0,－－－－－－－－－－,0.0,460.0,0.0,70.0,0.0,0.0,-1100.0,3350.0,yonden
2016,12,2016-12-10,10:00,3220.0,880.0,2800.0,140.0,－－－－－－－－－－,0.0,690.0,0.0,50.0,0.0,0.0,-1340.0,3220.0,yonden
2016,12,2016-12-10,11:00,3230.0,880.0,2730.0,140.0,－－－－－－－－－－,0.0,820.0,0.0,40.0,0.0,0.0,-1380.0,3230.0,yonden
2016,12,2016-12-10,12:00,3180.0,880.0,2590.0,110.0,－－－－－－－－－－,0.0,880.0,0.0,40.0,0.0,0.0,-1320.0,3180.0,yonden
2016,12,2016-12-10,13:00,3090.0,880.0,2550.0,110.0,－－－－－－－－－－,0.0,690.0,0.0,50.0,0.0,0.0,-1190.0,3090.0,yonden
2016,12,2016-12-10,14:00,3080.0,880.0,2830.0,110.0,－－－－－－－－－－,0.0,530.0,0.0,40.0,0.0,-280.0,-1030.0,3080.0,yonden
2016,12,2016-12-10,15:00,3100.0,880.0,2770.0,110.0,－－－－－－－－－－,0.0,330.0,0.0,30.0,0.0,-100.0,-920.0,3100.0,yonden
2016,12,2016-12-10,16:00,3180.0,880.0,2910.0,170.0,－－－－－－－－－－,0.0,80.0,0.0,30.0,0.0,0.0,-890.0,3180.0,yonden
2016,12,2016-12-10,17:00,3420.0,880.0,3020.0,360.0,－－－－－－－－－－,0.0,0.0,0.0,40.0,0.0,0.0,-880.0,3420.0,yonden
2016,12,2016-12-10,18:00,3460.0,880.0,3050.0,380.0,－－－－－－－－－－,0.0,0.0,0.0,50.0,0.0,0.0,-900.0,3460.0,yonden
2016,12,2016-12-10,19:00,3380.0,880.0,3050.0,310.0,－－－－－－－－－－,0.0,0.0,0.0,60.0,0.0,0.0,-920.0,3380.0,yonden
2016,12,2016-12-10,20:00,3260.0,880.0,3040.0,220.0,－－－－－－－－－－,0.0,0.0,0.0,50.0,0.0,0.0,-930.0,3260.0,yonden
2016,12,2016-12-10,21:00,3100.0,880.0,3000.0,120.0,－－－－－－－－－－,0.0,0.0,0.0,50.0,0.0,0.0,-950.0,3100.0,yonden
2016,12,2016-12-10,22:00,2880.0,880.0,2860.0,110.0,－－－－－－－－－－,0.0,0.0,0.0,50.0,0.0,0.0,-1020.0,2880.0,yonden
2016,12,2016-12-10,23:00,2760.0,880.0,2780.0,100.0,－－－－－－－－－－,0.0,0.0,0.0,60.0,0.0,0.0,-1060.0,2760.0,yonden
2016,12,2016-12-11,00:00,2680.0,880.0,2820.0,90.0,－－－－－－－－－－,0.0,0.0,0.0,60.0,0.0,0.0,-1170.0,2680.0,yonden
2016,12,2016-12-11,01:00,2760.0,880.0,2710.0,80.0,－－－－－－－－－－,0.0,0.0,0.0,70.0,0.0,0.0,-980.0,2760.0,yonden
2016,12,2016-12-11,02:00,2990.0,880.0,2840.0,100.0,－－－－－－－－－－,0.0,0.0,0.0,80.0,0.0,0.0,-910.0,2990.0,yonden
2016,12,2016-12-11,03:00,3160.0,880.0,2900.0,180.0,－－－－－－－－－－,0.0,0.0,0.0,80.0,0.0,0.0,-880.0,3160.0,yonden
2016,12,2016-12-11,04:00,3160.0,880.0,2930.0,160.0,－－－－－－－－－－,0.0,0.0,0.0,80.0,0.0,0.0,-890.0,3160.0,yonden
2016,12,2016-12-11,05:00,3000.0,880.0,2800.0,100.0,－－－－－－－－－－,0.0,0.0,0.0,90.0,0.0,0.0,-870.0,3000.0,yonden
2016,12,2016-12-11,06:00,2800.0,880.0,2790.0,90.0,－－－－－－－－－－,0.0,0.0,0.0,90.0,0.0,0.0,-1050.0,2800.0,yonden
2016,12,2016-12-11,07:00,2730.0,880.0,2770.0,80.0,－－－－－－－－－－,0.0,40.0,0.0,100.0,0.0,0.0,-1140.0,2730.0,yonden
2016,12,2016-12-11,08:00,2810.0,880.0,2650.0,100.0,－－－－－－－－－－,0.0,260.0,0.0,100.0,0.0,-150.0,-1030.0,2810.0,yonden
2016,12,2016-12-11,09:00,2840.0,880.0,2600.0,140.0,－－－－－－－－－－,0.0,540.0,0.0,100.0,0.0,-300.0,-1120.0,2840.0,yonden
2016,12,2016-12-11,10:00,2770.0,880.0,2600.0,130.0,－－－－－－－－－－,0.0,870.0,0.0,100.0,0.0,-420.0,-1390.0,2770.0,yonden
2016,12,2016-12-11,11:00,2800.0,880.0,2720.0,140.0,－－－－－－－－－－,0.0,1010.0,0.0,90.0,0.0,-580.0,-1460.0,2800.0,yonden
2016,12,2016-12-11,12:00,2750.0,880.0,2590.0,120.0,－－－－－－－－－－,0.0,980.0,0.0,80.0,0.0,-400.0,-1500.0,2750.0,yonden
2016,12,2016-12-11,13:00,2750.0,880.0,2580.0,100.0,－－－－－－－－－－,0.0,880.0,0.0,60.0,0.0,-300.0,-1450.0,2750.0,yonden
2016,12,2016-12-11,14:00,2720.0,880.0,2610.0,100.0,－－－－－－－－－－,0.0,670.0,0.0,60.0,0.0,-290.0,-1310.0,2720.0,yonden
2016,12,2016-12-11,15:00,2750.0,880.0,2690.0,110.0,－－－－－－－－－－,0.0,400.0,0.0,40.0,0.0,-290.0,-1080.0,2750.0,yonden
2016,12,2016-12-11,16:00,2880.0,880.0,2800.0,130.0,－－－－－－－－－－,0.0,100.0,0.0,40.0,0.0,-40.0,-1030.0,2880.0,yonden
2016,12,2016-12-11,17:00,3220.0,880.0,3040.0,220.0,－－－－－－－－－－,0.0,0.0,0.0,70.0,0.0,0.0,-990.0,3220.0,yonden
2016,12,2016-12-11,18:00,3320.0,880.0,3020.0,270.0,－－－－－－－－－－,0.0,0.0,0.0,60.0,0.0,0.0,-910.0,3320.0,yonden
2016,12,2016-12-11,19:00,3290.0,880.0,3040.0,270.0,－－－－－－－－－－,0.0,0.0,0.0,20.0,0.0,0.0,-920.0,3290.0,yonden
2016,12,2016-12-11,20:00,3210.0,880.0,3070.0,160.0,－－－－－－－－－－,0.0,0.0,0.0,10.0,0.0,0.0,-910.0,3210.0,yonden
2016,12,2016-12-11,21:00,3050.0,880.0,3040.0,110.0,－－－－－－－－－－,0.0,0.0,0.0,10.0,0.0,0.0,-990.0,3050.0,yonden
2016,12,2016-12-11,22:00,2860.0,880.0,2920.0,100.0,－－－－－－－－－－,0.0,0.0,0.0,10.0,0.0,0.0,-1050.0,2860.0,yonden
2016,12,2016-12-11,23:00,2780.0,880.0,2930.0,90.0,－－－－－－－－－－,0.0,0.0,0.0,10.0,0.0,0.0,-1130.0,2780.0,yonden
2016,12,2016-12-12,00:00,2720.0,880.0,2820.0,90.0,－－－－－－－－－－,0.0,0.0,0.0,10.0,0.0,0.0,-1080.0,2720.0,yonden
2016,12,2016-12-12,01:00,2830.0,880.0,2860.0,80.0,－－－－－－－－－－,0.0,0.0,0.0,10.0,0.0,0.0,-1000.0,2830.0,yonden
2016,12,2016-12-12,02:00,3060.0,880.0,2990.0,100.0,－－－－－－－－－－,0.0,0.0,0.0,0.0,0.0,0.0,-910.0,3060.0,yonden
2016,12,2016-12-12,03:00,3220.0,880.0,3060.0,210.0,－－－－－－－－－－,0.0,0.0,0.0,0.0,0.0,0.0,-930.0,3220.0,yonden
2016,12,2016-12-12,04:00,3250.0,880.0,3040.0,240.0,－－－－－－－－－－,0.0,0.0,0.0,10.0,0.0,0.0,-920.0,3250.0,yonden
2016,12,2016-12-12,05:00,3230.0,880.0,3050.0,130.0,－－－－－－－－－－,0.0,0.0,0.0,10.0,0.0,0.0,-840.0,3230.0,yonden
2016,12,2016-12-12,06:00,3350.0,880.0,3190.0,150.0,－－－－－－－－－－,0.0,0.0,0.0,0.0,0.0,0.0,-870.0,3350.0,yonden
2016,12,2016-12-12,07:00,3420.0,880.0,3220.0,170.0,－－－－－－－－－－,0.0,60.0,0.0,0.0,0.0,0.0,-910.0,3420.0,yonden
2016,12,2016-12-12,08:00,3720.0,880.0,3400.0,160.0,－－－－－－－－－－,0.0,260.0,0.0,0.0,0.0,0.0,-980.0,3720.0,yonden
2016,12,2016-12-12,09:00,3760.0,880.0,3210.0,140.0,－－－－－－－－－－,0.0,520.0,0.0,0.0,0.0,0.0,-990.0,3760.0,yonden
2016,12,2016-12-12,10:00,3730.0,880.0,3090.0,160.0,－－－－－－－－－－,0.0,660.0,0.0,0.0,0.0,0.0,-1060.0,3730.0,yonden
2016,12,2016-12-12,11:00,3710.0,880.0,3210.0,160.0,－－－－－－－－－－,0.0,630.0,0.0,0.0,0.0,0.0,-1170.0,3710.0,yonden
2016,12,2016-12-12,12:00,3510.0,880.0,3320.0,100.0,－－－－－－－－－－,0.0,490.0,0.0,0.0,0.0,0.0,-1280.0,3510.0,yonden
2016,12,2016-12-12,13:00,3670.0,880.0,3480.0,130.0,－－－－－－－－－－,0.0,330.0,0.0,0.0,0.0,0.0,-1150.0,3670.0,yonden
2016,12,2016-12-12,14:00,3680.0,880.0,3490.0,140.0,－－－－－－－－－－,0.0,250.0,0.0,10.0,0.0,0.0,-1090.0,3680.0,yonden
2016,12,2016-12-12,15:00,3710.0,880.0,3580.0,140.0,－－－－－－－－－－,0.0,140.0,0.0,20.0,0.0,0.0,-1050.0,3710.0,yonden
2016,12,2016-12-12,16:00,3850.0,880.0,3740.0,300.0,－－－－－－－－－－,0.0,30.0,0.0,20.0,0.0,10.0,-1130.0,3850.0,yonden
2016,12,2016-12-12,17:00,4000.0,880.0,3680.0,360.0,－－－－－－－－－－,0.0,0.0,0.0,20.0,0.0,270.0,-1210.0,4000.0,yonden
2016,12,2016-12-12,18:00,3980.0,880.0,3560.0,360.0,－－－－－－－－－－,0.0,0.0,0.0,30.0,0.0,260.0,-1110.0,3980.0,yonden
2016,12,2016-12-12,19:00,3780.0,880.0,3720.0,280.0,－－－－－－－－－－,0.0,0.0,0.0,40.0,0.0,0.0,-1140.0,3780.0,yonden
2016,12,2016-12-12,20:00,3600.0,880.0,3570.0,150.0,－－－－－－－－－－,0.0,0.0,0.0,40.0,0.0,0.0,-1040.0,3600.0,yonden
2016,12,2016-12-12,21:00,3370.0,880.0,3330.0,100.0,－－－－－－－－－－,0.0,0.0,0.0,50.0,0.0,0.0,-990.0,3370.0,yonden
2016,12,2016-12-12,22:00,3110.0,880.0,3300.0,100.0,－－－－－－－－－－,0.0,0.0,0.0,30.0,0.0,0.0,-1200.0,3110.0,yonden
2016,12,2016-12-12,23:00,2940.0,880.0,3150.0,100.0,－－－－－－－－－－,0.0,0.0,0.0,30.0,0.0,0.0,-1220.0,2940.0,yonden
2016,12,2016-12-13,00:00,2820.0,880.0,3020.0,100.0,－－－－－－－－－－,0.0,0.0,0.0,30.0,0.0,0.0,-1210.0,2820.0,yonden
2016,12,2016-12-13,01:00,2920.0,880.0,3070.0,90.0,－－－－－－－－－－,0.0,0.0,0.0,30.0,0.0,0.0,-1150.0,2920.0,yonden
2016,12,2016-12-13,02:00,3150.0,880.0,3120.0,90.0,－－－－－－－－－－,0.0,0.0,0.0,30.0,0.0,0.0,-970.0,3150.0,yonden
2016,12,2016-12-13,03:00,3320.0,880.0,3320.0,110.0,－－－－－－－－－－,0.0,0.0,0.0,20.0,0.0,0.0,-1010.0,3320.0,yonden
2016,12,2016-12-13,04:00,3320.0,880.0,3300.0,150.0,－－－－－－－－－－,0.0,0.0,0.0,10.0,0.0,0.0,-1020.0,3320.0,yonden
2016,12,2016-12-13,05:00,3220.0,880.0,3250.0,130.0,－－－－－－－－－－,0.0,0.0,0.0,0.0,0.0,0.0,-1040.0,3220.0,yonden
2016,12,2016-12-13,06:00,3250.0,880.0,3280.0,150.0,－－－－－－－－－－,0.0,0.0,0.0,10.0,0.0,0.0,-1070.0,3250.0,yonden
2016,12,2016-12-13,07:00,3370.0,880.0,3400.0,210.0,－－－－－－－－－－,0.0,10.0,0.0,20.0,0.0,0.0,-1150.0,3370.0,yonden
2016,12,2016-12-13,08:00,3780.0,880.0,3720.0,330.0,－－－－－－－－－－,0.0,40.0,0.0,10.0,0.0,0.0,-1200.0,3780.0,yonden
2016,12,2016-12-13,09:00,3970.0,880.0,3900.0,330.0,－－－－－－－－－－,0.0,70.0,0.0,20.0,0.0,0.0,-1230.0,3970.0,yonden
2016,12,2016-12-13,10:00,3940.0,880.0,3950.0,220.0,－－－－－－－－－－,0.0,100.0,0.0,20.0,0.0,0.0,-1230.0,3940.0,yonden
2016,12,2016-12-13,11:00,3920.0,880.0,3910.0,130.0,－－－－－－－－－－,0.0,100.0,0.0,30.0,0.0,0.0,-1130.0,3920.0,yonden
2016,12,2016-12-13,12:00,3720.0,880.0,3850.0,120.0,－－－－－－－－－－,0.0,90.0,0.0,30.0,0.0,0.0,-1250.0,3720.0,yonden
2016,12,2016-12-13,13:00,3930.0,880.0,3920.0,120.0,－－－－－－－－－－,0.0,60.0,0.0,30.0,0.0,0.0,-1080.0,3930.0,yonden
2016,12,2016-12-13,14:00,3900.0,880.0,3900.0,140.0,－－－－－－－－－－,0.0,40.0,0.0,30.0,0.0,0.0,-1090.0,3900.0,yonden
2016,12,2016-12-13,15:00,3860.0,880.0,3800.0,170.0,－－－－－－－－－－,0.0,40.0,0.0,40.0,0.0,0.0,-1070.0,3860.0,yonden
2016,12,2016-12-13,16:00,3940.0,880.0,3860.0,310.0,－－－－－－－－－－,0.0,10.0,0.0,50.0,0.0,0.0,-1170.0,3940.0,yonden
2016,12,2016-12-13,17:00,4000.0,880.0,3870.0,400.0,－－－－－－－－－－,0.0,0.0,0.0,60.0,0.0,0.0,-1210.0,4000.0,yonden
2016,12,2016-12-13,18:00,3930.0,880.0,3850.0,430.0,－－－－－－－－－－,0.0,0.0,0.0,80.0,0.0,0.0,-1310.0,3930.0,yonden
2016,12,2016-12-13,19:00,3750.0,880.0,3630.0,450.0,－－－－－－－－－－,0.0,0.0,0.0,110.0,0.0,0.0,-1320.0,3750.0,yonden
2016,12,2016-12-13,20:00,3570.0,880.0,3520.0,330.0,－－－－－－－－－－,0.0,0.0,0.0,120.0,0.0,0.0,-1280.0,3570.0,yonden
2016,12,2016-12-13,21:00,3330.0,880.0,3310.0,300.0,－－－－－－－－－－,0.0,0.0,0.0,120.0,0.0,0.0,-1280.0,3330.0,yonden
2016,12,2016-12-13,22:00,3040.0,880.0,3050.0,310.0,－－－－－－－－－－,0.0,0.0,0.0,120.0,0.0,0.0,-1320.0,3040.0,yonden
2016,12,2016-12-13,23:00,2900.0,880.0,2770.0,330.0,－－－－－－－－－－,0.0,0.0,0.0,120.0,0.0,0.0,-1200.0,2900.0,yonden
2016,12,2016-12-14,00:00,2780.0,880.0,2620.0,330.0,－－－－－－－－－－,0.0,0.0,0.0,120.0,0.0,0.0,-1170.0,2780.0,yonden
2016,12,2016-12-14,01:00,2890.0,880.0,2620.0,350.0,－－－－－－－－－－,0.0,0.0,0.0,120.0,0.0,0.0,-1080.0,2890.0,yonden
2016,12,2016-12-14,02:00,3130.0,880.0,2700.0,360.0,－－－－－－－－－－,0.0,0.0,0.0,120.0,0.0,0.0,-930.0,3130.0,yonden
2016,12,2016-12-14,03:00,3290.0,880.0,2920.0,350.0,－－－－－－－－－－,0.0,0.0,0.0,110.0,0.0,0.0,-970.0,3290.0,yonden
2016,12,2016-12-14,04:00,3300.0,880.0,3050.0,340.0,－－－－－－－－－－,0.0,0.0,0.0,110.0,0.0,0.0,-1080.0,3300.0,yonden
2016,12,2016-12-14,05:00,3190.0,880.0,3020.0,320.0,－－－－－－－－－－,0.0,0.0,0.0,110.0,0.0,0.0,-1140.0,3190.0,yonden
2016,12,2016-12-14,06:00,3210.0,880.0,3080.0,340.0,－－－－－－－－－－,0.0,0.0,0.0,100.0,0.0,0.0,-1190.0,3210.0,yonden
2016,12,2016-12-14,07:00,3300.0,880.0,3180.0,360.0,－－－－－－－－－－,0.0,20.0,0.0,90.0,0.0,0.0,-1230.0,3300.0,yonden
2016,12,2016-12-14,08:00,3670.0,880.0,3400.0,420.0,－－－－－－－－－－,0.0,80.0,0.0,80.0,0.0,0.0,-1190.0,3670.0,yonden
2016,12,2016-12-14,09:00,3840.0,880.0,3610.0,380.0,－－－－－－－－－－,0.0,150.0,0.0,80.0,0.0,0.0,-1260.0,3840.0,yonden
2016,12,2016-12-14,10:00,3900.0,880.0,3620.0,330.0,－－－－－－－－－－,0.0,230.0,0.0,90.0,0.0,0.0,-1250.0,3900.0,yonden
2016,12,2016-12-14,11:00,3910.0,880.0,3670.0,350.0,－－－－－－－－－－,0.0,240.0,0.0,100.0,0.0,0.0,-1330.0,3910.0,yonden
2016,12,2016-12-14,12:00,3660.0,880.0,3390.0,300.0,－－－－－－－－－－,0.0,300.0,0.0,110.0,0.0,0.0,-1320.0,3660.0,yonden
2016,12,2016-12-14,13:00,3780.0,880.0,3250.0,280.0,－－－－－－－－－－,0.0,390.0,0.0,100.0,0.0,0.0,-1120.0,3780.0,yonden
2016,12,2016-12-14,14:00,3820.0,880.0,3320.0,290.0,－－－－－－－－－－,0.0,350.0,0.0,80.0,0.0,0.0,-1100.0,3820.0,yonden
2016,12,2016-12-14,15:00,3790.0,880.0,3370.0,320.0,－－－－－－－－－－,0.0,200.0,0.0,80.0,0.0,0.0,-1060.0,3790.0,yonden
2016,12,2016-12-14,16:00,3920.0,880.0,3670.0,430.0,－－－－－－－－－－,0.0,50.0,0.0,70.0,0.0,0.0,-1180.0,3920.0,yonden
2016,12,2016-12-14,17:00,4050.0,880.0,3870.0,490.0,－－－－－－－－－－,0.0,0.0,0.0,70.0,0.0,0.0,-1260.0,4050.0,yonden
2016,12,2016-12-14,18:00,4030.0,880.0,3860.0,530.0,－－－－－－－－－－,0.0,0.0,0.0,50.0,0.0,0.0,-1290.0,4030.0,yonden
2016,12,2016-12-14,19:00,3880.0,880.0,3630.0,490.0,－－－－－－－－－－,0.0,0.0,0.0,50.0,0.0,0.0,-1170.0,3880.0,yonden
2016,12,2016-12-14,20:00,3720.0,880.0,3420.0,390.0,－－－－－－－－－－,0.0,0.0,0.0,40.0,0.0,0.0,-1010.0,3720.0,yonden
2016,12,2016-12-14,21:00,3510.0,880.0,3360.0,300.0,－－－－－－－－－－,0.0,0.0,0.0,30.0,0.0,0.0,-1060.0,3510.0,yonden
2016,12,2016-12-14,22:00,3270.0,880.0,3330.0,280.0,－－－－－－－－－－,0.0,0.0,0.0,10.0,0.0,0.0,-1230.0,3270.0,yonden
2016,12,2016-12-14,23:00,3110.0,880.0,3170.0,230.0,－－－－－－－－－－,0.0,0.0,0.0,20.0,0.0,0.0,-1190.0,3110.0,yonden
2016,12,2016-12-15,00:00,3010.0,880.0,3140.0,180.0,－－－－－－－－－－,0.0,0.0,0.0,20.0,0.0,0.0,-1210.0,3010.0,yonden
2016,12,2016-12-15,01:00,3110.0,880.0,3240.0,180.0,－－－－－－－－－－,0.0,0.0,0.0,20.0,0.0,0.0,-1210.0,3110.0,yonden
2016,12,2016-12-15,02:00,3340.0,880.0,3360.0,230.0,－－－－－－－－－－,0.0,0.0,0.0,10.0,0.0,0.0,-1140.0,3340.0,yonden
2016,12,2016-12-15,03:00,3500.0,880.0,3400.0,310.0,－－－－－－－－－－,0.0,0.0,0.0,20.0,0.0,0.0,-1110.0,3500.0,yonden
2016,12,2016-12-15,04:00,3500.0,880.0,3360.0,340.0,－－－－－－－－－－,0.0,0.0,0.0,10.0,0.0,0.0,-1090.0,3500.0,yonden
2016,12,2016-12-15,05:00,3380.0,880.0,3240.0,300.0,－－－－－－－－－－,0.0,0.0,0.0,10.0,0.0,0.0,-1050.0,3380.0,yonden
2016,12,2016-12-15,06:00,3480.0,880.0,3300.0,300.0,－－－－－－－－－－,0.0,0.0,0.0,10.0,0.0,0.0,-1010.0,3480.0,yonden
2016,12,2016-12-15,07:00,3540.0,880.0,3400.0,320.0,－－－－－－－－－－,0.0,30.0,0.0,0.0,0.0,0.0,-1090.0,3540.0,yonden
2016,12,2016-12-15,08:00,3810.0,880.0,3480.0,380.0,－－－－－－－－－－,0.0,220.0,0.0,0.0,0.0,0.0,-1150.0,3810.0,yonden
2016,12,2016-12-15,09:00,3810.0,880.0,3220.0,410.0,－－－－－－－－－－,0.0,470.0,0.0,0.0,0.0,0.0,-1170.0,3810.0,yonden
2016,12,2016-12-15,10:00,3720.0,880.0,3100.0,370.0,－－－－－－－－－－,0.0,650.0,0.0,0.0,0.0,0.0,-1280.0,3720.0,yonden
2016,12,2016-12-15,11:00,3720.0,880.0,3070.0,330.0,－－－－－－－－－－,0.0,780.0,0.0,10.0,0.0,0.0,-1350.0,3720.0,yonden
2016,12,2016-12-15,12:00,3520.0,880.0,3070.0,220.0,－－－－－－－－－－,0.0,770.0,0.0,20.0,0.0,0.0,-1440.0,3520.0,yonden
2016,12,2016-12-15,13:00,3810.0,880.0,3380.0,220.0,－－－－－－－－－－,0.0,620.0,0.0,30.0,0.0,0.0,-1320.0,3810.0,yonden
2016,12,2016-12-15,14:00,3790.0,880.0,3490.0,260.0,－－－－－－－－－－,0.0,300.0,0.0,60.0,0.0,0.0,-1200.0,3790.0,yonden
2016,12,2016-12-15,15:00,3800.0,880.0,3530.0,260.0,－－－－－－－－－－,0.0,130.0,0.0,80.0,0.0,0.0,-1080.0,3800.0,yonden
2016,12,2016-12-15,16:00,3980.0,880.0,3870.0,350.0,－－－－－－－－－－,0.0,30.0,0.0,80.0,0.0,0.0,-1230.0,3980.0,yonden
2016,12,2016-12-15,17:00,4130.0,880.0,3920.0,510.0,－－－－－－－－－－,0.0,0.0,0.0,90.0,0.0,0.0,-1270.0,4130.0,yonden
2016,12,2016-12-15,18:00,4130.0,880.0,3840.0,530.0,－－－－－－－－－－,0.0,0.0,0.0,100.0,0.0,0.0,-1220.0,4130.0,yonden
2016,12,2016-12-15,19:00,3980.0,880.0,3670.0,490.0,－－－－－－－－－－,0.0,0.0,0.0,100.0,0.0,0.0,-1160.0,3980.0,yonden
2016,12,2016-12-15,20:00,3800.0,880.0,3470.0,380.0,－－－－－－－－－－,0.0,0.0,0.0,90.0,0.0,0.0,-1020.0,3800.0,yonden
2016,12,2016-12-15,21:00,3570.0,880.0,3340.0,280.0,－－－－－－－－－－,0.0,0.0,0.0,90.0,0.0,0.0,-1020.0,3570.0,yonden
2016,12,2016-12-15,22:00,3300.0,880.0,3080.0,250.0,－－－－－－－－－－,0.0,0.0,0.0,100.0,0.0,0.0,-1010.0,3300.0,yonden
2016,12,2016-12-15,23:00,3170.0,880.0,3000.0,240.0,－－－－－－－－－－,0.0,0.0,0.0,100.0,0.0,0.0,-1050.0,3170.0,yonden
2016,12,2016-12-16,00:00,3070.0,880.0,2990.0,200.0,－－－－－－－－－－,0.0,0.0,0.0,100.0,0.0,0.0,-1100.0,3070.0,yonden
2016,12,2016-12-16,01:00,3170.0,880.0,3060.0,190.0,－－－－－－－－－－,0.0,0.0,0.0,90.0,0.0,0.0,-1050.0,3170.0,yonden
2016,12,2016-12-16,02:00,3370.0,880.0,3190.0,230.0,－－－－－－－－－－,0.0,0.0,0.0,80.0,0.0,0.0,-1010.0,3370.0,yonden
2016,12,2016-12-16,03:00,3510.0,880.0,3290.0,310.0,－－－－－－－－－－,0.0,0.0,0.0,100.0,0.0,0.0,-1070.0,3510.0,yonden
2016,12,2016-12-16,04:00,3510.0,880.0,3270.0,350.0,－－－－－－－－－－,0.0,0.0,0.0,100.0,0.0,0.0,-1090.0,3510.0,yonden
2016,12,2016-12-16,05:00,3450.0,880.0,3220.0,290.0,－－－－－－－－－－,0.0,0.0,0.0,90.0,0.0,0.0,-1030.0,3450.0,yonden
2016,12,2016-12-16,06:00,3550.0,880.0,3300.0,260.0,－－－－－－－－－－,0.0,0.0,0.0,100.0,0.0,0.0,-990.0,3550.0,yonden
2016,12,2016-12-16,07:00,3660.0,880.0,3410.0,320.0,－－－－－－－－－－,0.0,20.0,0.0,110.0,0.0,0.0,-1080.0,3660.0,yonden
2016,12,2016-12-16,08:00,4010.0,880.0,3790.0,360.0,－－－－－－－－－－,0.0,160.0,0.0,100.0,0.0,0.0,-1280.0,4010.0,yonden
2016,12,2016-12-16,09:00,4060.0,880.0,3660.0,310.0,－－－－－－－－－－,0.0,390.0,0.0,80.0,0.0,0.0,-1260.0,4060.0,yonden
2016,12,2016-12-16,10:00,3990.0,880.0,3470.0,240.0,－－－－－－－－－－,0.0,550.0,0.0,60.0,0.0,0.0,-1210.0,3990.0,yonden
2016,12,2016-12-16,11:00,3980.0,880.0,3340.0,240.0,－－－－－－－－－－,0.0,660.0,0.0,50.0,0.0,0.0,-1190.0,3980.0,yonden
2016,12,2016-12-16,12:00,3680.0,880.0,3230.0,200.0,－－－－－－－－－－,0.0,610.0,0.0,70.0,0.0,0.0,-1310.0,3680.0,yonden
2016,12,2016-12-16,13:00,3830.0,880.0,3250.0,210.0,－－－－－－－－－－,0.0,580.0,0.0,80.0,0.0,0.0,-1170.0,3830.0,yonden
2016,12,2016-12-16,14:00,3930.0,880.0,3370.0,220.0,－－－－－－－－－－,0.0,500.0,0.0,80.0,0.0,0.0,-1120.0,3930.0,yonden
2016,12,2016-12-16,15:00,3920.0,880.0,3570.0,250.0,－－－－－－－－－－,0.0,230.0,0.0,100.0,0.0,0.0,-1110.0,3920.0,yonden
2016,12,2016-12-16,16:00,4080.0,880.0,3830.0,300.0,－－－－－－－－－－,0.0,50.0,0.0,110.0,0.0,90.0,-1180.0,4080.0,yonden
2016,12,2016-12-16,17:00,4230.0,880.0,3810.0,360.0,－－－－－－－－－－,0.0,0.0,0.0,110.0,0.0,300.0,-1230.0,4230.0,yonden
2016,12,2016-12-16,18:00,4210.0,880.0,3710.0,450.0,－－－－－－－－－－,0.0,0.0,0.0,80.0,0.0,290.0,-1200.0,4210.0,yonden
2016,12,2016-12-16,19:00,4050.0,880.0,3730.0,520.0,－－－－－－－－－－,0.0,0.0,0.0,80.0,0.0,0.0,-1160.0,4050.0,yonden
2016,12,2016-12-16,20:00,3880.0,880.0,3570.0,450.0,－－－－－－－－－－,0.0,0.0,0.0,80.0,0.0,0.0,-1100.0,3880.0,yonden
2016,12,2016-12-16,21:00,3680.0,880.0,3510.0,330.0,－－－－－－－－－－,0.0,0.0,0.0,80.0,0.0,0.0,-1120.0,3680.0,yonden
2016,12,2016-12-16,22:00,3390.0,880.0,3190.0,280.0,－－－－－－－－－－,0.0,0.0,0.0,80.0,0.0,0.0,-1040.0,3390.0,yonden
2016,12,2016-12-16,23:00,3290.0,880.0,3010.0,230.0,－－－－－－－－－－,0.0,0.0,0.0,70.0,0.0,0.0,-900.0,3290.0,yonden
2016,12,2016-12-17,00:00,3230.0,880.0,3060.0,200.0,－－－－－－－－－－,0.0,0.0,0.0,70.0,0.0,0.0,-980.0,3230.0,yonden
2016,12,2016-12-17,01:00,3320.0,880.0,3110.0,190.0,－－－－－－－－－－,0.0,0.0,0.0,70.0,0.0,0.0,-930.0,3320.0,yonden
2016,12,2016-12-17,02:00,3490.0,880.0,3230.0,200.0,－－－－－－－－－－,0.0,0.0,0.0,70.0,0.0,0.0,-890.0,3490.0,yonden
2016,12,2016-12-17,03:00,3550.0,880.0,3220.0,250.0,－－－－－－－－－－,0.0,0.0,0.0,80.0,0.0,0.0,-880.0,3550.0,yonden
2016,12,2016-12-17,04:00,3510.0,880.0,3120.0,270.0,－－－－－－－－－－,0.0,0.0,0.0,80.0,0.0,0.0,-840.0,3510.0,yonden
2016,12,2016-12-17,05:00,3350.0,880.0,3000.0,230.0,－－－－－－－－－－,0.0,0.0,0.0,80.0,0.0,0.0,-840.0,3350.0,yonden
2016,12,2016-12-17,06:00,3310.0,880.0,2950.0,230.0,－－－－－－－－－－,0.0,0.0,0.0,100.0,0.0,0.0,-850.0,3310.0,yonden
2016,12,2016-12-17,07:00,3410.0,880.0,2990.0,230.0,－－－－－－－－－－,0.0,40.0,0.0,100.0,0.0,0.0,-830.0,3410.0,yonden
2016,12,2016-12-17,08:00,3740.0,880.0,3210.0,220.0,－－－－－－－－－－,0.0,220.0,0.0,90.0,0.0,0.0,-880.0,3740.0,yonden
2016,12,2016-12-17,09:00,3680.0,880.0,3140.0,260.0,－－－－－－－－－－,0.0,470.0,0.0,80.0,0.0,0.0,-1150.0,3680.0,yonden
2016,12,2016-12-17,10:00,3560.0,880.0,3060.0,270.0,－－－－－－－－－－,0.0,690.0,0.0,80.0,0.0,0.0,-1420.0,3560.0,yonden
2016,12,2016-12-17,11:00,3480.0,880.0,3210.0,230.0,－－－－－－－－－－,0.0,740.0,0.0,80.0,0.0,0.0,-1660.0,3480.0,yonden
2016,12,2016-12-17,12:00,3270.0,880.0,2970.0,210.0,－－－－－－－－－－,0.0,850.0,0.0,90.0,0.0,0.0,-1730.0,3270.0,yonden
2016,12,2016-12-17,13:00,3400.0,880.0,3070.0,200.0,－－－－－－－－－－,0.0,800.0,0.0,90.0,0.0,0.0,-1640.0,3400.0,yonden
2016,12,2016-12-17,14:00,3380.0,880.0,3160.0,220.0,－－－－－－－－－－,0.0,620.0,0.0,80.0,0.0,0.0,-1580.0,3380.0,yonden
2016,12,2016-12-17,15:00,3380.0,880.0,3180.0,240.0,－－－－－－－－－－,0.0,340.0,0.0,70.0,0.0,0.0,-1330.0,3380.0,yonden
2016,12,2016-12-17,16:00,3470.0,880.0,3260.0,230.0,－－－－－－－－－－,0.0,80.0,0.0,60.0,0.0,0.0,-1040.0,3470.0,yonden
2016,12,2016-12-17,17:00,3650.0,880.0,3410.0,290.0,－－－－－－－－－－,0.0,0.0,0.0,50.0,0.0,0.0,-980.0,3650.0,yonden
2016,12,2016-12-17,18:00,3680.0,880.0,3380.0,360.0,－－－－－－－－－－,0.0,0.0,0.0,40.0,0.0,0.0,-980.0,3680.0,yonden
2016,12,2016-12-17,19:00,3580.0,880.0,3230.0,340.0,－－－－－－－－－－,0.0,0.0,0.0,30.0,0.0,0.0,-900.0,3580.0,yonden
2016,12,2016-12-17,20:00,3470.0,880.0,3130.0,320.0,－－－－－－－－－－,0.0,0.0,0.0,30.0,0.0,0.0,-890.0,3470.0,yonden
2016,12,2016-12-17,21:00,3290.0,880.0,3100.0,240.0,－－－－－－－－－－,0.0,0.0,0.0,20.0,0.0,0.0,-950.0,3290.0,yonden
2016,12,2016-12-17,22:00,3060.0,880.0,3010.0,250.0,－－－－－－－－－－,0.0,0.0,0.0,10.0,0.0,0.0,-1090.0,3060.0,yonden
2016,12,2016-12-17,23:00,2950.0,880.0,3020.0,180.0,－－－－－－－－－－,0.0,0.0,0.0,10.0,0.0,0.0,-1140.0,2950.0,yonden
2016,12,2016-12-18,00:00,2910.0,880.0,2900.0,160.0,－－－－－－－－－－,0.0,0.0,0.0,10.0,0.0,0.0,-1040.0,2910.0,yonden
2016,12,2016-12-18,01:00,3020.0,880.0,2900.0,150.0,－－－－－－－－－－,0.0,0.0,0.0,10.0,0.0,0.0,-920.0,3020.0,yonden
2016,12,2016-12-18,02:00,3220.0,880.0,3020.0,230.0,－－－－－－－－－－,0.0,0.0,0.0,10.0,0.0,0.0,-920.0,3220.0,yonden
2016,12,2016-12-18,03:00,3330.0,880.0,3040.0,280.0,－－－－－－－－－－,0.0,0.0,0.0,10.0,0.0,0.0,-880.0,3330.0,yonden
2016,12,2016-12-18,04:00,3280.0,880.0,3010.0,260.0,－－－－－－－－－－,0.0,0.0,0.0,10.0,0.0,0.0,-880.0,3280.0,yonden
2016,12,2016-12-18,05:00,3100.0,880.0,2900.0,190.0,－－－－－－－－－－,0.0,0.0,0.0,10.0,0.0,0.0,-880.0,3100.0,yonden
2016,12,2016-12-18,06:00,2940.0,880.0,2820.0,160.0,－－－－－－－－－－,0.0,0.0,0.0,10.0,0.0,0.0,-930.0,2940.0,yonden
2016,12,2016-12-18,07:00,2910.0,880.0,2900.0,160.0,－－－－－－－－－－,0.0,40.0,0.0,10.0,0.0,0.0,-1080.0,2910.0,yonden
2016,12,2016-12-18,08:00,3000.0,880.0,2920.0,190.0,－－－－－－－－－－,0.0,270.0,0.0,0.0,0.0,0.0,-1260.0,3000.0,yonden
2016,12,2016-12-18,09:00,2900.0,880.0,2680.0,210.0,－－－－－－－－－－,0.0,600.0,0.0,0.0,0.0,0.0,-1470.0,2900.0,yonden
2016,12,2016-12-18,10:00,2800.0,880.0,2640.0,270.0,－－－－－－－－－－,0.0,890.0,0.0,0.0,0.0,-180.0,-1700.0,2800.0,yonden
2016,12,2016-12-18,11:00,2740.0,880.0,2600.0,220.0,－－－－－－－－－－,0.0,1060.0,0.0,0.0,0.0,-290.0,-1730.0,2740.0,yonden
2016,12,2016-12-18,12:00,2720.0,880.0,2610.0,190.0,－－－－－－－－－－,0.0,1090.0,0.0,0.0,0.0,-290.0,-1760.0,2720.0,yonden
2016,12,2016-12-18,13:00,2740.0,880.0,2700.0,180.0,－－－－－－－－－－,0.0,990.0,0.0,0.0,0.0,-290.0,-1720.0,2740.0,yonden
2016,12,2016-12-18,14:00,2750.0,880.0,2790.0,190.0,－－－－－－－－－－,0.0,710.0,0.0,0.0,0.0,-200.0,-1620.0,2750.0,yonden
2016,12,2016-12-18,15:00,2780.0,880.0,2730.0,200.0,－－－－－－－－－－,0.0,370.0,0.0,0.0,0.0,0.0,-1400.0,2780.0,yonden
2016,12,2016-12-18,16:00,2900.0,880.0,2930.0,200.0,－－－－－－－－－－,0.0,80.0,0.0,0.0,0.0,0.0,-1190.0,2900.0,yonden
2016,12,2016-12-18,17:00,3300.0,880.0,3130.0,250.0,－－－－－－－－－－,0.0,0.0,0.0,0.0,0.0,150.0,-1110.0,3300.0,yonden
2016,12,2016-12-18,18:00,3420.0,880.0,3130.0,280.0,－－－－－－－－－－,0.0,0.0,0.0,0.0,0.0,180.0,-1050.0,3420.0,yonden
2016,12,2016-12-18,19:00,3420.0,880.0,3080.0,290.0,－－－－－－－－－－,0.0,0.0,0.0,0.0,0.0,200.0,-1030.0,3420.0,yonden
2016,12,2016-12-18,20:00,3320.0,880.0,3060.0,320.0,－－－－－－－－－－,0.0,0.0,0.0,0.0,0.0,20.0,-960.0,3320.0,yonden
2016,12,2016-12-18,21:00,3170.0,880.0,3000.0,250.0,－－－－－－－－－－,0.0,0.0,0.0,0.0,0.0,0.0,-960.0,3170.0,yonden
2016,12,2016-12-18,22:00,2930.0,880.0,3000.0,190.0,－－－－－－－－－－,0.0,0.0,0.0,0.0,0.0,0.0,-1140.0,2930.0,yonden
2016,12,2016-12-18,23:00,2850.0,880.0,2980.0,160.0,－－－－－－－－－－,0.0,0.0,0.0,0.0,0.0,0.0,-1170.0,2850.0,yonden
2016,12,2016-12-19,00:00,2840.0,880.0,3010.0,150.0,－－－－－－－－－－,0.0,0.0,0.0,0.0,0.0,0.0,-1200.0,2840.0,yonden
2016,12,2016-12-19,01:00,2970.0,880.0,2970.0,150.0,－－－－－－－－－－,0.0,0.0,0.0,0.0,0.0,0.0,-1030.0,2970.0,yonden
2016,12,2016-12-19,02:00,3220.0,880.0,3080.0,210.0,－－－－－－－－－－,0.0,0.0,0.0,10.0,0.0,0.0,-960.0,3220.0,yonden
2016,12,2016-12-19,03:00,3350.0,880.0,3070.0,330.0,－－－－－－－－－－,0.0,0.0,0.0,10.0,0.0,0.0,-940.0,3350.0,yonden
2016,12,2016-12-19,04:00,3360.0,880.0,3130.0,360.0,－－－－－－－－－－,0.0,0.0,0.0,0.0,0.0,0.0,-1010.0,3360.0,yonden
2016,12,2016-12-19,05:00,3280.0,880.0,3140.0,180.0,－－－－－－－－－－,0.0,0.0,0.0,0.0,0.0,0.0,-920.0,3280.0,yonden
2016,12,2016-12-19,06:00,3410.0,880.0,3260.0,170.0,－－－－－－－－－－,0.0,0.0,0.0,10.0,0.0,0.0,-910.0,3410.0,yonden
2016,12,2016-12-19,07:00,3540.0,880.0,3330.0,230.0,－－－－－－－－－－,0.0,40.0,0.0,0.0,0.0,0.0,-940.0,3540.0,yonden
2016,12,2016-12-19,08:00,3800.0,880.0,3370.0,260.0,－－－－－－－－－－,0.0,280.0,0.0,0.0,0.0,0.0,-990.0,3800.0,yonden
2016,12,2016-12-19,09:00,3750.0,880.0,3150.0,270.0,－－－－－－－－－－,0.0,610.0,0.0,0.0,0.0,0.0,-1160.0,3750.0,yonden
2016,12,2016-12-19,10:00,3620.0,880.0,2820.0,260.0,－－－－－－－－－－,0.0,900.0,0.0,0.0,0.0,0.0,-1240.0,3620.0,yonden
2016,12,2016-12-19,11:00,3570.0,880.0,2840.0,220.0,－－－－－－－－－－,0.0,1060.0,0.0,0.0,0.0,0.0,-1430.0,3570.0,yonden
2016,12,2016-12-19,12:00,3340.0,880.0,2670.0,190.0,－－－－－－－－－－,0.0,1090.0,0.0,0.0,0.0,0.0,-1490.0,3340.0,yonden
2016,12,2016-12-19,13:00,3550.0,880.0,2860.0,190.0,－－－－－－－－－－,0.0,1000.0,0.0,0.0,0.0,0.0,-1380.0,3550.0,yonden
2016,12,2016-12-19,14:00,3570.0,880.0,3020.0,210.0,－－－－－－－－－－,0.0,780.0,0.0,0.0,0.0,0.0,-1320.0,3570.0,yonden
2016,12,2016-12-19,15:00,3600.0,880.0,3170.0,240.0,－－－－－－－－－－,0.0,460.0,0.0,0.0,0.0,0.0,-1150.0,3600.0,yonden
2016,12,2016-12-19,16:00,3710.0,880.0,3630.0,360.0,－－－－－－－－－－,0.0,130.0,0.0,0.0,0.0,0.0,-1290.0,3710.0,yonden
2016,12,2016-12-19,17:00,3860.0,880.0,3820.0,480.0,－－－－－－－－－－,0.0,0.0,0.0,0.0,0.0,0.0,-1320.0,3860.0,yonden
2016,12,2016-12-19,18:00,3900.0,880.0,3760.0,480.0,－－－－－－－－－－,0.0,0.0,0.0,10.0,0.0,0.0,-1230.0,3900.0,yonden
2016,12,2016-12-19,19:00,3760.0,880.0,3600.0,410.0,－－－－－－－－－－,0.0,0.0,0.0,20.0,0.0,0.0,-1150.0,3760.0,yonden
2016,12,2016-12-19,20:00,3600.0,880.0,3480.0,290.0,－－－－－－－－－－,0.0,0.0,0.0,10.0,0.0,0.0,-1060.0,3600.0,yonden
2016,12,2016-12-19,21:00,3370.0,880.0,3290.0,160.0,－－－－－－－－－－,0.0,0.0,0.0,20.0,0.0,0.0,-980.0,3370.0,yonden
2016,12,2016-12-19,22:00,3120.0,880.0,3150.0,170.0,－－－－－－－－－－,0.0,0.0,0.0,20.0,0.0,0.0,-1100.0,3120.0,yonden
2016,12,2016-12-19,23:00,2970.0,880.0,3100.0,160.0,－－－－－－－－－－,0.0,0.0,0.0,30.0,0.0,0.0,-1200.0,2970.0,yonden
2016,12,2016-12-20,00:00,2910.0,880.0,3010.0,140.0,－－－－－－－－－－,0.0,0.0,0.0,20.0,0.0,0.0,-1140.0,2910.0,yonden
2016,12,2016-12-20,01:00,3030.0,880.0,3070.0,130.0,－－－－－－－－－－,0.0,0.0,0.0,10.0,0.0,0.0,-1060.0,3030.0,yonden
2016,12,2016-12-20,02:00,3230.0,880.0,3190.0,130.0,－－－－－－－－－－,0.0,0.0,0.0,10.0,0.0,0.0,-980.0,3230.0,yonden
2016,12,2016-12-20,03:00,3370.0,880.0,3320.0,190.0,－－－－－－－－－－,0.0,0.0,0.0,10.0,0.0,0.0,-1030.0,3370.0,yonden
2016,12,2016-12-20,04:00,3370.0,880.0,3330.0,210.0,－－－－－－－－－－,0.0,0.0,0.0,30.0,0.0,0.0,-1080.0,3370.0,yonden
2016,12,2016-12-20,05:00,3270.0,880.0,3390.0,190.0,－－－－－－－－－－,0.0,0.0,0.0,20.0,0.0,0.0,-1210.0,3270.0,yonden
2016,12,2016-12-20,06:00,3330.0,880.0,3600.0,160.0,－－－－－－－－－－,0.0,0.0,0.0,10.0,0.0,0.0,-1320.0,3330.0,yonden
2016,12,2016-12-20,07:00,3430.0,880.0,3670.0,240.0,－－－－－－－－－－,0.0,10.0,0.0,10.0,0.0,0.0,-1380.0,3430.0,yonden
2016,12,2016-12-20,08:00,3820.0,880.0,3880.0,360.0,－－－－－－－－－－,0.0,60.0,0.0,10.0,0.0,0.0,-1370.0,3820.0,yonden
2016,12,2016-12-20,09:00,3960.0,880.0,3970.0,420.0,－－－－－－－－－－,0.0,110.0,0.0,0.0,0.0,0.0,-1420.0,3960.0,yonden
2016,12,2016-12-20,10:00,3900.0,880.0,4000.0,320.0,－－－－－－－－－－,0.0,150.0,0.0,0.0,0.0,0.0,-1450.0,3900.0,yonden
2016,12,2016-12-20,11:00,3810.0,880.0,3980.0,230.0,－－－－－－－－－－,0.0,200.0,0.0,0.0,0.0,0.0,-1480.0,3810.0,yonden
2016,12,2016-12-20,12:00,3560.0,880.0,3910.0,180.0,－－－－－－－－－－,0.0,250.0,0.0,0.0,0.0,0.0,-1660.0,3560.0,yonden
2016,12,2016-12-20,13:00,3770.0,880.0,4310.0,190.0,－－－－－－－－－－,0.0,250.0,0.0,0.0,0.0,0.0,-1860.0,3770.0,yonden
2016,12,2016-12-20,14:00,3700.0,880.0,4590.0,190.0,－－－－－－－－－－,0.0,210.0,0.0,0.0,0.0,0.0,-2170.0,3700.0,yonden
2016,12,2016-12-20,15:00,3640.0,880.0,4390.0,210.0,－－－－－－－－－－,0.0,180.0,0.0,0.0,0.0,0.0,-2020.0,3640.0,yonden
2016,12,2016-12-20,16:00,3760.0,880.0,4520.0,240.0,－－－－－－－－－－,0.0,50.0,0.0,0.0,0.0,0.0,-1930.0,3760.0,yonden
2016,12,2016-12-20,17:00,3900.0,880.0,4620.0,440.0,－－－－－－－－－－,0.0,0.0,0.0,10.0,0.0,0.0,-2050.0,3900.0,yonden
2016,12,2016-12-20,18:00,3890.0,880.0,4600.0,490.0,－－－－－－－－－－,0.0,0.0,0.0,10.0,0.0,0.0,-2090.0,3890.0,yonden
2016,12,2016-12-20,19:00,3750.0,890.0,4560.0,420.0,－－－－－－－－－－,0.0,0.0,0.0,10.0,0.0,0.0,-2130.0,3750.0,yonden
2016,12,2016-12-20,20:00,3580.0,880.0,4510.0,280.0,－－－－－－－－－－,0.0,0.0,0.0,20.0,0.0,0.0,-2110.0,3580.0,yonden
2016,12,2016-12-20,21:00,3370.0,880.0,4440.0,190.0,－－－－－－－－－－,0.0,0.0,0.0,10.0,0.0,0.0,-2150.0,3370.0,yonden
2016,12,2016-12-20,22:00,3100.0,880.0,4230.0,180.0,－－－－－－－－－－,0.0,0.0,0.0,10.0,0.0,0.0,-2200.0,3100.0,yonden
2016,12,2016-12-20,23:00,2960.0,880.0,4130.0,170.0,－－－－－－－－－－,0.0,0.0,0.0,20.0,0.0,0.0,-2240.0,2960.0,yonden
2016,12,2016-12-21,00:00,2890.0,880.0,3910.0,160.0,－－－－－－－－－－,0.0,0.0,0.0,20.0,0.0,0.0,-2080.0,2890.0,yonden
2016,12,2016-12-21,01:00,2990.0,880.0,3850.0,150.0,－－－－－－－－－－,0.0,0.0,0.0,20.0,0.0,0.0,-1910.0,2990.0,yonden
2016,12,2016-12-21,02:00,3210.0,880.0,3990.0,160.0,－－－－－－－－－－,0.0,0.0,0.0,20.0,0.0,0.0,-1840.0,3210.0,yonden
2016,12,2016-12-21,03:00,3350.0,880.0,4210.0,270.0,－－－－－－－－－－,0.0,0.0,0.0,10.0,0.0,0.0,-2020.0,3350.0,yonden
2016,12,2016-12-21,04:00,3360.0,880.0,4190.0,300.0,－－－－－－－－－－,0.0,0.0,0.0,0.0,0.0,0.0,-2010.0,3360.0,yonden
2016,12,2016-12-21,05:00,3260.0,880.0,4190.0,240.0,－－－－－－－－－－,0.0,0.0,0.0,0.0,0.0,0.0,-2050.0,3260.0,yonden
2016,12,2016-12-21,06:00,3300.0,880.0,4360.0,230.0,－－－－－－－－－－,0.0,0.0,0.0,0.0,0.0,0.0,-2170.0,3300.0,yonden
2016,12,2016-12-21,07:00,3390.0,880.0,4410.0,300.0,－－－－－－－－－－,0.0,30.0,0.0,0.0,0.0,0.0,-2230.0,3390.0,yonden
2016,12,2016-12-21,08:00,3680.0,880.0,4470.0,370.0,－－－－－－－－－－,0.0,160.0,0.0,0.0,0.0,0.0,-2200.0,3680.0,yonden
2016,12,2016-12-21,09:00,3710.0,880.0,4440.0,350.0,－－－－－－－－－－,0.0,290.0,0.0,10.0,0.0,0.0,-2260.0,3710.0,yonden
2016,12,2016-12-21,10:00,3650.0,880.0,4270.0,290.0,－－－－－－－－－－,0.0,480.0,0.0,20.0,0.0,0.0,-2290.0,3650.0,yonden
2016,12,2016-12-21,11:00,3590.0,880.0,4260.0,210.0,－－－－－－－－－－,0.0,520.0,0.0,20.0,0.0,0.0,-2300.0,3590.0,yonden
2016,12,2016-12-21,12:00,3300.0,880.0,4010.0,200.0,－－－－－－－－－－,0.0,510.0,0.0,20.0,0.0,0.0,-2320.0,3300.0,yonden
2016,12,2016-12-21,13:00,3400.0,880.0,4080.0,210.0,－－－－－－－－－－,0.0,440.0,0.0,20.0,0.0,0.0,-2230.0,3400.0,yonden
2016,12,2016-12-21,14:00,3490.0,880.0,4420.0,210.0,－－－－－－－－－－,0.0,350.0,0.0,20.0,0.0,0.0,-2390.0,3490.0,yonden
2016,12,2016-12-21,15:00,3550.0,880.0,4560.0,310.0,－－－－－－－－－－,0.0,180.0,0.0,40.0,0.0,0.0,-2420.0,3550.0,yonden
2016,12,2016-12-21,16:00,3670.0,880.0,4740.0,380.0,－－－－－－－－－－,0.0,40.0,0.0,50.0,0.0,0.0,-2420.0,3670.0,yonden
2016,12,2016-12-21,17:00,3780.0,880.0,4760.0,480.0,－－－－－－－－－－,0.0,0.0,0.0,60.0,0.0,0.0,-2400.0,3780.0,yonden
2016,12,2016-12-21,18:00,3740.0,880.0,4740.0,480.0,－－－－－－－－－－,0.0,0.0,0.0,70.0,0.0,0.0,-2430.0,3740.0,yonden
2016,12,2016-12-21,19:00,3600.0,880.0,4710.0,390.0,－－－－－－－－－－,0.0,0.0,0.0,80.0,0.0,0.0,-2460.0,3600.0,yonden
2016,12,2016-12-21,20:00,3430.0,880.0,4500.0,260.0,－－－－－－－－－－,0.0,0.0,0.0,100.0,0.0,0.0,-2310.0,3430.0,yonden
2016,12,2016-12-21,21:00,3210.0,880.0,4340.0,200.0,－－－－－－－－－－,0.0,0.0,0.0,100.0,0.0,0.0,-2310.0,3210.0,yonden
2016,12,2016-12-21,22:00,2970.0,880.0,4090.0,190.0,－－－－－－－－－－,0.0,0.0,0.0,100.0,0.0,0.0,-2290.0,2970.0,yonden
2016,12,2016-12-21,23:00,2830.0,880.0,3860.0,180.0,－－－－－－－－－－,0.0,0.0,0.0,110.0,0.0,0.0,-2200.0,2830.0,yonden
2016,12,2016-12-22,00:00,2750.0,880.0,3800.0,180.0,－－－－－－－－－－,0.0,0.0,0.0,110.0,0.0,0.0,-2220.0,2750.0,yonden
2016,12,2016-12-22,01:00,2840.0,880.0,3780.0,170.0,－－－－－－－－－－,0.0,0.0,0.0,120.0,0.0,0.0,-2110.0,2840.0,yonden
2016,12,2016-12-22,02:00,3060.0,880.0,3770.0,220.0,－－－－－－－－－－,0.0,0.0,0.0,110.0,0.0,0.0,-1920.0,3060.0,yonden
2016,12,2016-12-22,03:00,3180.0,880.0,3770.0,330.0,－－－－－－－－－－,0.0,0.0,0.0,100.0,0.0,0.0,-1900.0,3180.0,yonden
2016,12,2016-12-22,04:00,3190.0,880.0,3750.0,390.0,－－－－－－－－－－,0.0,0.0,0.0,110.0,0.0,0.0,-1940.0,3190.0,yonden
2016,12,2016-12-22,05:00,3020.0,880.0,3780.0,280.0,－－－－－－－－－－,0.0,0.0,0.0,100.0,0.0,0.0,-2020.0,3020.0,yonden
2016,12,2016-12-22,06:00,3000.0,880.0,4040.0,210.0,－－－－－－－－－－,0.0,0.0,0.0,90.0,0.0,0.0,-2220.0,3000.0,yonden
2016,12,2016-12-22,07:00,3120.0,880.0,4250.0,300.0,－－－－－－－－－－,0.0,20.0,0.0,100.0,0.0,0.0,-2430.0,3120.0,yonden
2016,12,2016-12-22,08:00,3530.0,880.0,4610.0,350.0,－－－－－－－－－－,0.0,40.0,0.0,100.0,0.0,0.0,-2450.0,3530.0,yonden
2016,12,2016-12-22,09:00,3680.0,880.0,4670.0,420.0,－－－－－－－－－－,0.0,70.0,0.0,90.0,0.0,0.0,-2450.0,3680.0,yonden
2016,12,2016-12-22,10:00,3580.0,880.0,4530.0,420.0,－－－－－－－－－－,0.0,120.0,0.0,80.0,0.0,0.0,-2450.0,3580.0,yonden
2016,12,2016-12-22,11:00,3580.0,880.0,4440.0,410.0,－－－－－－－－－－,0.0,180.0,0.0,90.0,0.0,0.0,-2420.0,3580.0,yonden
2016,12,2016-12-22,12:00,3330.0,880.0,4180.0,360.0,－－－－－－－－－－,0.0,200.0,0.0,90.0,0.0,0.0,-2380.0,3330.0,yonden
2016,12,2016-12-22,13:00,3530.0,880.0,4310.0,350.0,－－－－－－－－－－,0.0,190.0,0.0,90.0,0.0,0.0,-2290.0,3530.0,yonden
2016,12,2016-12-22,14:00,3540.0,880.0,4440.0,360.0,－－－－－－－－－－,0.0,130.0,0.0,100.0,0.0,0.0,-2370.0,3540.0,yonden
2016,12,2016-12-22,15:00,3570.0,880.0,4590.0,390.0,－－－－－－－－－－,0.0,40.0,0.0,80.0,0.0,0.0,-2410.0,3570.0,yonden
2016,12,2016-12-22,16:00,3660.0,880.0,4610.0,490.0,－－－－－－－－－－,0.0,10.0,0.0,70.0,0.0,30.0,-2430.0,3660.0,yonden
2016,12,2016-12-22,17:00,3660.0,880.0,4340.0,570.0,－－－－－－－－－－,0.0,0.0,0.0,80.0,0.0,260.0,-2470.0,3660.0,yonden
2016,12,2016-12-22,18:00,3540.0,880.0,4110.0,620.0,－－－－－－－－－－,0.0,0.0,0.0,100.0,0.0,290.0,-2460.0,3540.0,yonden
2016,12,2016-12-22,19:00,3390.0,880.0,4040.0,600.0,－－－－－－－－－－,0.0,0.0,0.0,110.0,0.0,210.0,-2450.0,3390.0,yonden
2016,12,2016-12-22,20:00,3230.0,880.0,4070.0,530.0,－－－－－－－－－－,0.0,0.0,0.0,110.0,0.0,0.0,-2360.0,3230.0,yonden
2016,12,2016-12-22,21:00,3050.0,880.0,3840.0,460.0,－－－－－－－－－－,0.0,0.0,0.0,100.0,0.0,0.0,-2230.0,3050.0,yonden
2016,12,2016-12-22,22:00,2880.0,880.0,3650.0,460.0,－－－－－－－－－－,0.0,0.0,0.0,90.0,0.0,0.0,-2200.0,2880.0,yonden
2016,12,2016-12-22,23:00,2790.0,880.0,3510.0,450.0,－－－－－－－－－－,0.0,0.0,0.0,100.0,0.0,0.0,-2150.0,2790.0,yonden
2016,12,2016-12-23,00:00,2710.0,880.0,3590.0,450.0,－－－－－－－－－－,0.0,0.0,0.0,110.0,0.0,0.0,-2320.0,2710.0,yonden
2016,12,2016-12-23,01:00,2800.0,880.0,3560.0,460.0,－－－－－－－－－－,0.0,0.0,0.0,110.0,0.0,0.0,-2210.0,2800.0,yonden
2016,12,2016-12-23,02:00,3030.0,880.0,3630.0,460.0,－－－－－－－－－－,0.0,0.0,0.0,100.0,0.0,0.0,-2040.0,3030.0,yonden
2016,12,2016-12-23,03:00,3180.0,880.0,3670.0,490.0,－－－－－－－－－－,0.0,0.0,0.0,110.0,0.0,0.0,-1970.0,3180.0,yonden
2016,12,2016-12-23,04:00,3190.0,880.0,3700.0,470.0,－－－－－－－－－－,0.0,0.0,0.0,100.0,0.0,0.0,-1960.0,3190.0,yonden
2016,12,2016-12-23,05:00,3060.0,880.0,3670.0,470.0,－－－－－－－－－－,0.0,0.0,0.0,100.0,0.0,0.0,-2060.0,3060.0,yonden
2016,12,2016-12-23,06:00,2930.0,880.0,3560.0,470.0,－－－－－－－－－－,0.0,0.0,0.0,100.0,0.0,0.0,-2080.0,2930.0,yonden
2016,12,2016-12-23,07:00,2940.0,880.0,3530.0,450.0,－－－－－－－－－－,0.0,20.0,0.0,100.0,0.0,0.0,-2040.0,2940.0,yonden
2016,12,2016-12-23,08:00,3150.0,880.0,3520.0,440.0,－－－－－－－－－－,0.0,160.0,0.0,100.0,0.0,0.0,-1950.0,3150.0,yonden
2016,12,2016-12-23,09:00,3150.0,880.0,3440.0,510.0,－－－－－－－－－－,0.0,360.0,0.0,90.0,0.0,0.0,-2130.0,3150.0,yonden
2016,12,2016-12-23,10:00,3150.0,880.0,3380.0,600.0,－－－－－－－－－－,0.0,520.0,0.0,90.0,0.0,0.0,-2320.0,3150.0,yonden
2016,12,2016-12-23,11:00,3220.0,880.0,3400.0,540.0,－－－－－－－－－－,0.0,700.0,0.0,100.0,0.0,0.0,-2400.0,3220.0,yonden
2016,12,2016-12-23,12:00,3090.0,880.0,3330.0,500.0,－－－－－－－－－－,0.0,720.0,0.0,100.0,0.0,0.0,-2440.0,3090.0,yonden
2016,12,2016-12-23,13:00,3230.0,880.0,3340.0,520.0,－－－－－－－－－－,0.0,660.0,0.0,100.0,0.0,0.0,-2270.0,3230.0,yonden
2016,12,2016-12-23,14:00,3270.0,880.0,3370.0,490.0,－－－－－－－－－－,0.0,580.0,0.0,100.0,0.0,0.0,-2150.0,3270.0,yonden
2016,12,2016-12-23,15:00,3250.0,880.0,3530.0,500.0,－－－－－－－－－－,0.0,320.0,0.0,80.0,0.0,0.0,-2060.0,3250.0,yonden
2016,12,2016-12-23,16:00,3340.0,880.0,3710.0,520.0,－－－－－－－－－－,0.0,60.0,0.0,100.0,0.0,0.0,-1930.0,3340.0,yonden
2016,12,2016-12-23,17:00,3550.0,880.0,3820.0,580.0,－－－－－－－－－－,0.0,0.0,0.0,100.0,0.0,0.0,-1830.0,3550.0,yonden
2016,12,2016-12-23,18:00,3590.0,880.0,3860.0,580.0,－－－－－－－－－－,0.0,0.0,0.0,110.0,0.0,0.0,-1840.0,3590.0,yonden
2016,12,2016-12-23,19:00,3510.0,880.0,3840.0,550.0,－－－－－－－－－－,0.0,0.0,0.0,110.0,0.0,0.0,-1870.0,3510.0,yonden
2016,12,2016-12-23,20:00,3400.0,880.0,3820.0,590.0,－－－－－－－－－－,0.0,0.0,0.0,110.0,0.0,0.0,-2000.0,3400.0,yonden
2016,12,2016-12-23,21:00,3240.0,880.0,3840.0,560.0,－－－－－－－－－－,0.0,0.0,0.0,110.0,0.0,0.0,-2150.0,3240.0,yonden
2016,12,2016-12-23,22:00,3040.0,880.0,3790.0,480.0,－－－－－－－－－－,0.0,0.0,0.0,110.0,0.0,0.0,-2220.0,3040.0,yonden
2016,12,2016-12-23,23:00,2920.0,880.0,3700.0,440.0,－－－－－－－－－－,0.0,0.0,0.0,120.0,0.0,0.0,-2220.0,2920.0,yonden
2016,12,2016-12-24,00:00,2860.0,880.0,3620.0,400.0,－－－－－－－－－－,0.0,0.0,0.0,120.0,0.0,0.0,-2160.0,2860.0,yonden
2016,12,2016-12-24,01:00,2940.0,880.0,3540.0,420.0,－－－－－－－－－－,0.0,0.0,0.0,120.0,0.0,0.0,-2020.0,2940.0,yonden
2016,12,2016-12-24,02:00,3150.0,880.0,3510.0,510.0,－－－－－－－－－－,0.0,0.0,0.0,120.0,0.0,0.0,-1870.0,3150.0,yonden
2016,12,2016-12-24,03:00,3290.0,880.0,3530.0,530.0,－－－－－－－－－－,0.0,0.0,0.0,120.0,0.0,0.0,-1770.0,3290.0,yonden
2016,12,2016-12-24,04:00,3290.0,880.0,3570.0,480.0,－－－－－－－－－－,0.0,0.0,0.0,110.0,0.0,0.0,-1750.0,3290.0,yonden
2016,12,2016-12-24,05:00,3180.0,880.0,3620.0,430.0,－－－－－－－－－－,0.0,0.0,0.0,100.0,0.0,0.0,-1850.0,3180.0,yonden
2016,12,2016-12-24,06:00,3070.0,880.0,3560.0,430.0,－－－－－－－－－－,0.0,0.0,0.0,80.0,0.0,0.0,-1880.0,3070.0,yonden
2016,12,2016-12-24,07:00,3090.0,880.0,3590.0,430.0,－－－－－－－－－－,0.0,30.0,0.0,80.0,0.0,0.0,-1920.0,3090.0,yonden
2016,12,2016-12-24,08:00,3390.0,880.0,3850.0,520.0,－－－－－－－－－－,0.0,140.0,0.0,70.0,0.0,0.0,-2070.0,3390.0,yonden
2016,12,2016-12-24,09:00,3380.0,880.0,3780.0,550.0,－－－－－－－－－－,0.0,330.0,0.0,60.0,0.0,0.0,-2220.0,3380.0,yonden
2016,12,2016-12-24,10:00,3270.0,880.0,3620.0,480.0,－－－－－－－－－－,0.0,560.0,0.0,50.0,0.0,0.0,-2320.0,3270.0,yonden
2016,12,2016-12-24,11:00,3180.0,880.0,3560.0,420.0,－－－－－－－－－－,0.0,690.0,0.0,50.0,0.0,0.0,-2420.0,3180.0,yonden
2016,12,2016-12-24,12:00,3120.0,830.0,3610.0,420.0,－－－－－－－－－－,0.0,650.0,0.0,50.0,0.0,0.0,-2440.0,3120.0,yonden
2016,12,2016-12-24,13:00,3100.0,860.0,3640.0,430.0,－－－－－－－－－－,0.0,550.0,0.0,50.0,0.0,0.0,-2430.0,3100.0,yonden
2016,12,2016-12-24,14:00,3080.0,880.0,3600.0,430.0,－－－－－－－－－－,0.0,490.0,0.0,50.0,0.0,0.0,-2370.0,3080.0,yonden
2016,12,2016-12-24,15:00,3090.0,880.0,3540.0,520.0,－－－－－－－－－－,0.0,330.0,0.0,50.0,0.0,0.0,-2230.0,3090.0,yonden
2016,12,2016-12-24,16:00,3220.0,880.0,3780.0,570.0,－－－－－－－－－－,0.0,110.0,0.0,40.0,0.0,0.0,-2160.0,3220.0,yonden
2016,12,2016-12-24,17:00,3450.0,880.0,3950.0,640.0,－－－－－－－－－－,0.0,0.0,0.0,30.0,0.0,0.0,-2050.0,3450.0,yonden
2016,12,2016-12-24,18:00,3520.0,880.0,4040.0,660.0,－－－－－－－－－－,0.0,0.0,0.0,20.0,0.0,0.0,-2080.0,3520.0,yonden
2016,12,2016-12-24,19:00,3430.0,880.0,4050.0,630.0,－－－－－－－－－－,0.0,0.0,0.0,20.0,0.0,0.0,-2150.0,3430.0,yonden
2016,12,2016-12-24,20:00,3310.0,880.0,3970.0,570.0,－－－－－－－－－－,0.0,0.0,0.0,10.0,0.0,0.0,-2120.0,3310.0,yonden
2016,12,2016-12-24,21:00,3140.0,880.0,3980.0,430.0,－－－－－－－－－－,0.0,0.0,0.0,10.0,0.0,0.0,-2160.0,3140.0,yonden
2016,12,2016-12-24,22:00,2920.0,880.0,3810.0,370.0,－－－－－－－－－－,0.0,0.0,0.0,0.0,0.0,0.0,-2140.0,2920.0,yonden
2016,12,2016-12-24,23:00,2810.0,880.0,3690.0,360.0,－－－－－－－－－－,0.0,0.0,0.0,0.0,0.0,0.0,-2120.0,2810.0,yonden
2016,12,2016-12-25,00:00,2740.0,880.0,3610.0,360.0,－－－－－－－－－－,0.0,0.0,0.0,0.0,0.0,0.0,-2110.0,2740.0,yonden
2016,12,2016-12-25,01:00,2830.0,880.0,3530.0,390.0,－－－－－－－－－－,0.0,0.0,0.0,0.0,0.0,0.0,-1970.0,2830.0,yonden
2016,12,2016-12-25,02:00,3050.0,880.0,3560.0,500.0,－－－－－－－－－－,0.0,0.0,0.0,0.0,0.0,0.0,-1890.0,3050.0,yonden
2016,12,2016-12-25,03:00,3180.0,880.0,3620.0,530.0,－－－－－－－－－－,0.0,0.0,0.0,0.0,0.0,0.0,-1850.0,3180.0,yonden
2016,12,2016-12-25,04:00,3180.0,880.0,3660.0,540.0,－－－－－－－－－－,0.0,0.0,0.0,0.0,0.0,0.0,-1900.0,3180.0,yonden
2016,12,2016-12-25,05:00,3050.0,880.0,3610.0,490.0,－－－－－－－－－－,0.0,0.0,0.0,10.0,0.0,0.0,-1940.0,3050.0,yonden
2016,12,2016-12-25,06:00,2860.0,880.0,3550.0,450.0,－－－－－－－－－－,0.0,0.0,0.0,20.0,0.0,0.0,-2040.0,2860.0,yonden
2016,12,2016-12-25,07:00,2820.0,880.0,3560.0,440.0,－－－－－－－－－－,0.0,30.0,0.0,10.0,0.0,0.0,-2100.0,2820.0,yonden
2016,12,2016-12-25,08:00,2940.0,880.0,3550.0,370.0,－－－－－－－－－－,0.0,200.0,0.0,0.0,0.0,0.0,-2060.0,2940.0,yonden
2016,12,2016-12-25,09:00,2870.0,880.0,3390.0,390.0,－－－－－－－－－－,0.0,500.0,0.0,10.0,0.0,-50.0,-2250.0,2870.0,yonden
2016,12,2016-12-25,10:00,2810.0,880.0,3460.0,410.0,－－－－－－－－－－,0.0,790.0,0.0,10.0,0.0,-300.0,-2440.0,2810.0,yonden
2016,12,2016-12-25,11:00,2780.0,880.0,3290.0,350.0,－－－－－－－－－－,0.0,990.0,0.0,10.0,0.0,-300.0,-2440.0,2780.0,yonden
2016,12,2016-12-25,12:00,2680.0,880.0,3230.0,350.0,－－－－－－－－－－,0.0,990.0,0.0,20.0,0.0,-300.0,-2490.0,2680.0,yonden
2016,12,2016-12-25,13:00,2670.0,880.0,3310.0,340.0,－－－－－－－－－－,0.0,930.0,0.0,20.0,0.0,-300.0,-2510.0,2670.0,yonden
2016,12,2016-12-25,14:00,2680.0,880.0,3380.0,380.0,－－－－－－－－－－,0.0,730.0,0.0,30.0,0.0,-300.0,-2420.0,2680.0,yonden
2016,12,2016-12-25,15:00,2740.0,880.0,3490.0,430.0,－－－－－－－－－－,0.0,410.0,0.0,50.0,0.0,-90.0,-2430.0,2740.0,yonden
2016,12,2016-12-25,16:00,2840.0,880.0,3660.0,530.0,－－－－－－－－－－,0.0,100.0,0.0,30.0,0.0,0.0,-2360.0,2840.0,yonden
2016,12,2016-12-25,17:00,3180.0,880.0,3790.0,620.0,－－－－－－－－－－,0.0,0.0,0.0,20.0,0.0,0.0,-2130.0,3180.0,yonden
2016,12,2016-12-25,18:00,3290.0,880.0,3820.0,620.0,－－－－－－－－－－,0.0,0.0,0.0,10.0,0.0,0.0,-2040.0,3290.0,yonden
2016,12,2016-12-25,19:00,3250.0,880.0,3780.0,600.0,－－－－－－－－－－,0.0,0.0,0.0,0.0,0.0,0.0,-2010.0,3250.0,yonden
2016,12,2016-12-25,20:00,3180.0,880.0,3790.0,550.0,－－－－－－－－－－,0.0,0.0,0.0,0.0,0.0,0.0,-2040.0,3180.0,yonden
2016,12,2016-12-25,21:00,3030.0,880.0,3790.0,410.0,－－－－－－－－－－,10.0,0.0,0.0,10.0,0.0,0.0,-2070.0,3030.0,yonden
2016,12,2016-12-25,22:00,2840.0,880.0,3800.0,330.0,－－－－－－－－－－,10.0,0.0,0.0,10.0,0.0,0.0,-2190.0,2840.0,yonden
2016,12,2016-12-25,23:00,2740.0,880.0,3720.0,310.0,－－－－－－－－－－,10.0,0.0,0.0,20.0,0.0,0.0,-2200.0,2740.0,yonden
2016,12,2016-12-26,00:00,2680.0,880.0,3680.0,330.0,－－－－－－－－－－,10.0,0.0,0.0,20.0,0.0,0.0,-2240.0,2680.0,yonden
2016,12,2016-12-26,01:00,2800.0,880.0,3680.0,330.0,－－－－－－－－－－,10.0,0.0,0.0,20.0,0.0,0.0,-2120.0,2800.0,yonden
2016,12,2016-12-26,02:00,3020.0,880.0,3680.0,390.0,－－－－－－－－－－,10.0,0.0,0.0,30.0,0.0,0.0,-1970.0,3020.0,yonden
2016,12,2016-12-26,03:00,3180.0,880.0,3760.0,430.0,－－－－－－－－－－,10.0,0.0,0.0,40.0,0.0,0.0,-1940.0,3180.0,yonden
2016,12,2016-12-26,04:00,3190.0,880.0,3710.0,480.0,－－－－－－－－－－,10.0,0.0,0.0,40.0,0.0,0.0,-1930.0,3190.0,yonden
2016,12,2016-12-26,05:00,3100.0,880.0,3710.0,430.0,－－－－－－－－－－,10.0,0.0,0.0,20.0,0.0,0.0,-1950.0,3100.0,yonden
2016,12,2016-12-26,06:00,3090.0,880.0,3810.0,390.0,－－－－－－－－－－,10.0,0.0,0.0,20.0,0.0,0.0,-2020.0,3090.0,yonden
2016,12,2016-12-26,07:00,3270.0,880.0,4050.0,450.0,－－－－－－－－－－,10.0,10.0,0.0,20.0,0.0,0.0,-2150.0,3270.0,yonden
2016,12,2016-12-26,08:00,3760.0,880.0,4370.0,490.0,－－－－－－－－－－,10.0,40.0,0.0,30.0,0.0,0.0,-2060.0,3760.0,yonden
2016,12,2016-12-26,09:00,3940.0,880.0,4530.0,550.0,－－－－－－－－－－,10.0,100.0,0.0,40.0,0.0,0.0,-2170.0,3940.0,yonden
2016,12,2016-12-26,10:00,3930.0,880.0,4640.0,540.0,－－－－－－－－－－,10.0,150.0,0.0,40.0,0.0,0.0,-2330.0,3930.0,yonden
2016,12,2016-12-26,11:00,3910.0,880.0,4700.0,510.0,－－－－－－－－－－,10.0,180.0,0.0,40.0,0.0,0.0,-2410.0,3910.0,yonden
2016,12,2016-12-26,12:00,3590.0,880.0,4550.0,370.0,－－－－－－－－－－,10.0,200.0,0.0,60.0,0.0,0.0,-2480.0,3590.0,yonden
2016,12,2016-12-26,13:00,3680.0,880.0,4410.0,380.0,－－－－－－－－－－,10.0,200.0,0.0,70.0,0.0,180.0,-2450.0,3680.0,yonden
2016,12,2016-12-26,14:00,3720.0,880.0,4420.0,390.0,－－－－－－－－－－,10.0,150.0,0.0,70.0,0.0,210.0,-2410.0,3720.0,yonden
2016,12,2016-12-26,15:00,3760.0,880.0,4500.0,460.0,－－－－－－－－－－,10.0,60.0,0.0,60.0,0.0,200.0,-2410.0,3760.0,yonden
2016,12,2016-12-26,16:00,3820.0,880.0,4560.0,540.0,－－－－－－－－－－,10.0,10.0,0.0,70.0,0.0,210.0,-2460.0,3820.0,yonden
2016,12,2016-12-26,17:00,3860.0,880.0,4460.0,570.0,－－－－－－－－－－,10.0,0.0,0.0,80.0,0.0,310.0,-2450.0,3860.0,yonden
2016,12,2016-12-26,18:00,3820.0,880.0,4360.0,620.0,－－－－－－－－－－,10.0,0.0,0.0,80.0,0.0,310.0,-2440.0,3820.0,yonden
2016,12,2016-12-26,19:00,3650.0,880.0,4370.0,580.0,－－－－－－－－－－,10.0,0.0,0.0,70.0,0.0,180.0,-2440.0,3650.0,yonden
2016,12,2016-12-26,20:00,3470.0,880.0,4330.0,480.0,－－－－－－－－－－,10.0,0.0,0.0,80.0,0.0,0.0,-2310.0,3470.0,yonden
2016,12,2016-12-26,21:00,3250.0,880.0,4070.0,400.0,－－－－－－－－－－,10.0,0.0,0.0,90.0,0.0,0.0,-2200.0,3250.0,yonden
2016,12,2016-12-26,22:00,3020.0,880.0,3890.0,380.0,－－－－－－－－－－,10.0,0.0,0.0,90.0,0.0,0.0,-2230.0,3020.0,yonden
2016,12,2016-12-26,23:00,2900.0,880.0,3770.0,380.0,－－－－－－－－－－,10.0,0.0,0.0,110.0,0.0,0.0,-2250.0,2900.0,yonden
2016,12,2016-12-27,00:00,2770.0,880.0,3650.0,380.0,－－－－－－－－－－,10.0,0.0,0.0,110.0,0.0,0.0,-2260.0,2770.0,yonden
2016,12,2016-12-27,01:00,2850.0,880.0,3650.0,390.0,－－－－－－－－－－,10.0,0.0,0.0,100.0,0.0,0.0,-2180.0,2850.0,yonden
2016,12,2016-12-27,02:00,3050.0,880.0,3620.0,490.0,－－－－－－－－－－,10.0,0.0,0.0,100.0,0.0,0.0,-2050.0,3050.0,yonden
2016,12,2016-12-27,03:00,3190.0,880.0,3620.0,560.0,－－－－－－－－－－,10.0,0.0,0.0,80.0,0.0,0.0,-1960.0,3190.0,yonden
2016,12,2016-12-27,04:00,3180.0,880.0,3600.0,590.0,－－－－－－－－－－,10.0,0.0,0.0,90.0,0.0,0.0,-1990.0,3180.0,yonden
2016,12,2016-12-27,05:00,3040.0,880.0,3650.0,450.0,－－－－－－－－－－,10.0,0.0,0.0,100.0,0.0,0.0,-2050.0,3040.0,yonden
2016,12,2016-12-27,06:00,2970.0,880.0,3720.0,490.0,－－－－－－－－－－,10.0,0.0,0.0,110.0,0.0,0.0,-2240.0,2970.0,yonden
2016,12,2016-12-27,07:00,3100.0,880.0,3930.0,520.0,－－－－－－－－－－,10.0,10.0,0.0,120.0,0.0,0.0,-2370.0,3100.0,yonden
2016,12,2016-12-27,08:00,3550.0,880.0,4290.0,550.0,－－－－－－－－－－,10.0,40.0,0.0,110.0,0.0,0.0,-2330.0,3550.0,yonden
2016,12,2016-12-27,09:00,3660.0,880.0,4410.0,590.0,－－－－－－－－－－,0.0,110.0,0.0,110.0,0.0,0.0,-2440.0,3660.0,yonden
2016,12,2016-12-27,10:00,3610.0,880.0,4250.0,590.0,－－－－－－－－－－,0.0,220.0,0.0,120.0,0.0,0.0,-2450.0,3610.0,yonden
2016,12,2016-12-27,11:00,3700.0,880.0,4400.0,520.0,－－－－－－－－－－,0.0,220.0,0.0,120.0,0.0,0.0,-2440.0,3700.0,yonden
2016,12,2016-12-27,12:00,3390.0,880.0,4160.0,500.0,－－－－－－－－－－,0.0,210.0,0.0,110.0,0.0,0.0,-2470.0,3390.0,yonden
2016,12,2016-12-27,13:00,3550.0,880.0,4230.0,500.0,－－－－－－－－－－,0.0,270.0,0.0,110.0,0.0,0.0,-2440.0,3550.0,yonden
2016,12,2016-12-27,14:00,3510.0,880.0,4130.0,520.0,－－－－－－－－－－,0.0,320.0,0.0,110.0,0.0,0.0,-2450.0,3510.0,yonden
2016,12,2016-12-27,15:00,3530.0,880.0,4230.0,490.0,－－－－－－－－－－,0.0,280.0,0.0,100.0,0.0,0.0,-2450.0,3530.0,yonden
2016,12,2016-12-27,16:00,3600.0,880.0,4350.0,620.0,－－－－－－－－－－,0.0,70.0,0.0,110.0,0.0,0.0,-2430.0,3600.0,yonden
2016,12,2016-12-27,17:00,3710.0,880.0,4430.0,650.0,－－－－－－－－－－,0.0,0.0,0.0,100.0,0.0,0.0,-2350.0,3710.0,yonden
2016,12,2016-12-27,18:00,3730.0,880.0,4540.0,650.0,－－－－－－－－－－,0.0,0.0,0.0,90.0,0.0,0.0,-2430.0,3730.0,yonden
2016,12,2016-12-27,19:00,3610.0,880.0,4510.0,570.0,－－－－－－－－－－,0.0,0.0,0.0,90.0,0.0,0.0,-2440.0,3610.0,yonden
2016,12,2016-12-27,20:00,3450.0,880.0,4380.0,480.0,－－－－－－－－－－,0.0,0.0,0.0,110.0,0.0,0.0,-2400.0,3450.0,yonden
2016,12,2016-12-27,21:00,3250.0,880.0,4080.0,470.0,－－－－－－－－－－,0.0,0.0,0.0,120.0,0.0,0.0,-2300.0,3250.0,yonden
2016,12,2016-12-27,22:00,3020.0,880.0,3810.0,480.0,－－－－－－－－－－,0.0,0.0,0.0,110.0,0.0,0.0,-2260.0,3020.0,yonden
2016,12,2016-12-27,23:00,2900.0,880.0,3650.0,470.0,－－－－－－－－－－,0.0,0.0,0.0,120.0,0.0,0.0,-2220.0,2900.0,yonden
2016,12,2016-12-28,00:00,2880.0,880.0,3550.0,480.0,－－－－－－－－－－,0.0,0.0,0.0,120.0,0.0,0.0,-2150.0,2880.0,yonden
2016,12,2016-12-28,01:00,3000.0,880.0,3540.0,510.0,－－－－－－－－－－,0.0,0.0,0.0,110.0,0.0,0.0,-2040.0,3000.0,yonden
2016,12,2016-12-28,02:00,3230.0,880.0,3620.0,550.0,－－－－－－－－－－,0.0,0.0,0.0,100.0,0.0,0.0,-1920.0,3230.0,yonden
2016,12,2016-12-28,03:00,3360.0,880.0,3690.0,530.0,－－－－－－－－－－,0.0,0.0,0.0,100.0,0.0,0.0,-1840.0,3360.0,yonden
2016,12,2016-12-28,04:00,3350.0,880.0,3660.0,510.0,－－－－－－－－－－,0.0,0.0,0.0,100.0,0.0,0.0,-1800.0,3350.0,yonden
2016,12,2016-12-28,05:00,3270.0,880.0,3620.0,490.0,－－－－－－－－－－,0.0,0.0,0.0,100.0,0.0,0.0,-1820.0,3270.0,yonden
2016,12,2016-12-28,06:00,3290.0,880.0,3730.0,490.0,－－－－－－－－－－,0.0,0.0,0.0,100.0,0.0,0.0,-1910.0,3290.0,yonden
2016,12,2016-12-28,07:00,3390.0,880.0,3990.0,550.0,－－－－－－－－－－,0.0,30.0,0.0,100.0,0.0,0.0,-2160.0,3390.0,yonden
2016,12,2016-12-28,08:00,3660.0,880.0,4220.0,590.0,－－－－－－－－－－,0.0,250.0,0.0,100.0,0.0,0.0,-2380.0,3660.0,yonden
2016,12,2016-12-28,09:00,3640.0,880.0,4000.0,500.0,－－－－－－－－－－,0.0,590.0,0.0,100.0,0.0,0.0,-2430.0,3640.0,yonden
2016,12,2016-12-28,10:00,3540.0,880.0,3690.0,460.0,－－－－－－－－－－,0.0,890.0,0.0,90.0,0.0,0.0,-2470.0,3540.0,yonden
2016,12,2016-12-28,11:00,3540.0,880.0,3490.0,460.0,－－－－－－－－－－,0.0,1070.0,0.0,80.0,0.0,0.0,-2440.0,3540.0,yonden
2016,12,2016-12-28,12:00,3410.0,880.0,3430.0,490.0,－－－－－－－－－－,10.0,970.0,0.0,80.0,0.0,0.0,-2450.0,3410.0,yonden
2016,12,2016-12-28,13:00,3490.0,880.0,3750.0,470.0,－－－－－－－－－－,0.0,770.0,0.0,60.0,0.0,0.0,-2440.0,3490.0,yonden
2016,12,2016-12-28,14:00,3540.0,880.0,3970.0,480.0,－－－－－－－－－－,0.0,590.0,0.0,60.0,0.0,0.0,-2440.0,3540.0,yonden
2016,12,2016-12-28,15:00,3470.0,880.0,4170.0,520.0,－－－－－－－－－－,10.0,280.0,0.0,50.0,0.0,0.0,-2440.0,3470.0,yonden
2016,12,2016-12-28,16:00,3560.0,880.0,4330.0,540.0,－－－－－－－－－－,10.0,80.0,0.0,40.0,0.0,110.0,-2430.0,3560.0,yonden
2016,12,2016-12-28,17:00,3740.0,880.0,4380.0,580.0,－－－－－－－－－－,10.0,0.0,0.0,40.0,0.0,300.0,-2450.0,3740.0,yonden
2016,12,2016-12-28,18:00,3800.0,880.0,4430.0,600.0,－－－－－－－－－－,10.0,0.0,0.0,30.0,0.0,270.0,-2420.0,3800.0,yonden
2016,12,2016-12-28,19:00,3690.0,880.0,4270.0,570.0,－－－－－－－－－－,10.0,0.0,0.0,20.0,0.0,210.0,-2270.0,3690.0,yonden
2016,12,2016-12-28,20:00,3560.0,880.0,4120.0,520.0,－－－－－－－－－－,10.0,0.0,0.0,10.0,0.0,30.0,-2010.0,3560.0,yonden
2016,12,2016-12-28,21:00,3370.0,880.0,3890.0,460.0,－－－－－－－－－－,10.0,0.0,0.0,10.0,0.0,0.0,-1880.0,3370.0,yonden
2016,12,2016-12-28,22:00,3130.0,880.0,3820.0,400.0,－－－－－－－－－－,10.0,0.0,0.0,10.0,0.0,0.0,-1990.0,3130.0,yonden
2016,12,2016-12-28,23:00,3030.0,880.0,3840.0,390.0,－－－－－－－－－－,10.0,0.0,0.0,10.0,0.0,0.0,-2100.0,3030.0,yonden
2016,12,2016-12-29,00:00,2970.0,880.0,3910.0,360.0,－－－－－－－－－－,10.0,0.0,0.0,0.0,0.0,0.0,-2190.0,2970.0,yonden
2016,12,2016-12-29,01:00,3060.0,880.0,3920.0,350.0,－－－－－－－－－－,0.0,0.0,0.0,0.0,0.0,0.0,-2090.0,3060.0,yonden
2016,12,2016-12-29,02:00,3250.0,880.0,3900.0,360.0,－－－－－－－－－－,0.0,0.0,0.0,10.0,0.0,0.0,-1900.0,3250.0,yonden
2016,12,2016-12-29,03:00,3330.0,880.0,3870.0,370.0,－－－－－－－－－－,10.0,0.0,0.0,0.0,0.0,0.0,-1800.0,3330.0,yonden
2016,12,2016-12-29,04:00,3280.0,880.0,3820.0,390.0,－－－－－－－－－－,10.0,0.0,0.0,0.0,0.0,0.0,-1820.0,3280.0,yonden
2016,12,2016-12-29,05:00,3130.0,880.0,3860.0,370.0,－－－－－－－－－－,10.0,0.0,0.0,0.0,0.0,0.0,-1990.0,3130.0,yonden
2016,12,2016-12-29,06:00,3040.0,880.0,3930.0,390.0,－－－－－－－－－－,10.0,0.0,0.0,10.0,0.0,0.0,-2180.0,3040.0,yonden
2016,12,2016-12-29,07:00,3120.0,880.0,3980.0,400.0,－－－－－－－－－－,10.0,30.0,0.0,0.0,0.0,0.0,-2180.0,3120.0,yonden
2016,12,2016-12-29,08:00,3360.0,880.0,3980.0,420.0,－－－－－－－－－－,10.0,180.0,0.0,10.0,0.0,130.0,-2250.0,3360.0,yonden
2016,12,2016-12-29,09:00,3290.0,880.0,3910.0,430.0,－－－－－－－－－－,10.0,430.0,0.0,10.0,0.0,70.0,-2450.0,3290.0,yonden
2016,12,2016-12-29,10:00,3200.0,880.0,3760.0,360.0,－－－－－－－－－－,10.0,630.0,0.0,10.0,0.0,0.0,-2450.0,3200.0,yonden
2016,12,2016-12-29,11:00,3180.0,880.0,3710.0,360.0,－－－－－－－－－－,10.0,620.0,0.0,30.0,0.0,0.0,-2430.0,3180.0,yonden
2016,12,2016-12-29,12:00,3180.0,880.0,3840.0,360.0,－－－－－－－－－－,10.0,450.0,0.0,70.0,0.0,0.0,-2430.0,3180.0,yonden
2016,12,2016-12-29,13:00,3310.0,880.0,4050.0,440.0,－－－－－－－－－－,10.0,270.0,0.0,100.0,0.0,0.0,-2440.0,3310.0,yonden
2016,12,2016-12-29,14:00,3280.0,880.0,4160.0,430.0,－－－－－－－－－－,10.0,150.0,0.0,100.0,0.0,0.0,-2450.0,3280.0,yonden
2016,12,2016-12-29,15:00,3260.0,880.0,4170.0,420.0,－－－－－－－－－－,10.0,100.0,0.0,110.0,0.0,0.0,-2430.0,3260.0,yonden
2016,12,2016-12-29,16:00,3360.0,880.0,4160.0,470.0,－－－－－－－－－－,10.0,30.0,0.0,110.0,0.0,110.0,-2410.0,3360.0,yonden
2016,12,2016-12-29,17:00,3620.0,880.0,4180.0,520.0,－－－－－－－－－－,10.0,0.0,0.0,110.0,0.0,140.0,-2220.0,3620.0,yonden
2016,12,2016-12-29,18:00,3680.0,880.0,4210.0,580.0,－－－－－－－－－－,10.0,0.0,0.0,110.0,0.0,20.0,-2130.0,3680.0,yonden
2016,12,2016-12-29,19:00,3590.0,880.0,4210.0,520.0,－－－－－－－－－－,10.0,0.0,0.0,120.0,0.0,0.0,-2150.0,3590.0,yonden
2016,12,2016-12-29,20:00,3470.0,880.0,4080.0,370.0,－－－－－－－－－－,10.0,0.0,0.0,120.0,0.0,0.0,-1990.0,3470.0,yonden
2016,12,2016-12-29,21:00,3310.0,880.0,3870.0,320.0,－－－－－－－－－－,10.0,0.0,0.0,120.0,0.0,0.0,-1890.0,3310.0,yonden
2016,12,2016-12-29,22:00,3030.0,880.0,3790.0,310.0,－－－－－－－－－－,10.0,0.0,0.0,120.0,0.0,0.0,-2080.0,3030.0,yonden
2016,12,2016-12-29,23:00,2910.0,880.0,3710.0,300.0,－－－－－－－－－－,10.0,0.0,0.0,120.0,0.0,0.0,-2110.0,2910.0,yonden
2016,12,2016-12-30,00:00,2860.0,880.0,3750.0,290.0,－－－－－－－－－－,10.0,0.0,0.0,120.0,0.0,0.0,-2190.0,2860.0,yonden
2016,12,2016-12-30,01:00,2960.0,880.0,3760.0,310.0,－－－－－－－－－－,10.0,0.0,0.0,120.0,0.0,0.0,-2120.0,2960.0,yonden
2016,12,2016-12-30,02:00,3150.0,880.0,3740.0,380.0,－－－－－－－－－－,10.0,0.0,0.0,120.0,0.0,0.0,-1980.0,3150.0,yonden
2016,12,2016-12-30,03:00,3240.0,880.0,3770.0,410.0,－－－－－－－－－－,10.0,0.0,0.0,110.0,0.0,0.0,-1940.0,3240.0,yonden
2016,12,2016-12-30,04:00,3190.0,880.0,3790.0,400.0,－－－－－－－－－－,10.0,0.0,0.0,110.0,0.0,0.0,-2000.0,3190.0,yonden
2016,12,2016-12-30,05:00,3050.0,880.0,3840.0,380.0,－－－－－－－－－－,10.0,0.0,0.0,100.0,0.0,0.0,-2160.0,3050.0,yonden
2016,12,2016-12-30,06:00,2920.0,880.0,3870.0,350.0,－－－－－－－－－－,10.0,0.0,0.0,100.0,0.0,0.0,-2290.0,2920.0,yonden
2016,12,2016-12-30,07:00,2940.0,880.0,3870.0,390.0,－－－－－－－－－－,10.0,30.0,0.0,90.0,0.0,0.0,-2330.0,2940.0,yonden
2016,12,2016-12-30,08:00,3090.0,880.0,3950.0,390.0,－－－－－－－－－－,10.0,230.0,0.0,80.0,0.0,0.0,-2450.0,3090.0,yonden
2016,12,2016-12-30,09:00,3030.0,880.0,3730.0,370.0,－－－－－－－－－－,10.0,550.0,0.0,60.0,0.0,-60.0,-2510.0,3030.0,yonden
2016,12,2016-12-30,10:00,2870.0,880.0,3450.0,380.0,－－－－－－－－－－,10.0,890.0,0.0,50.0,0.0,-310.0,-2480.0,2870.0,yonden
2016,12,2016-12-30,11:00,2830.0,880.0,3280.0,320.0,－－－－－－－－－－,10.0,1090.0,0.0,30.0,0.0,-310.0,-2470.0,2830.0,yonden
2016,12,2016-12-30,12:00,2780.0,880.0,3280.0,300.0,－－－－－－－－－－,10.0,1070.0,0.0,20.0,0.0,-310.0,-2470.0,2780.0,yonden
2016,12,2016-12-30,13:00,2650.0,880.0,3300.0,300.0,－－－－－－－－－－,10.0,920.0,0.0,20.0,0.0,-310.0,-2470.0,2650.0,yonden
2016,12,2016-12-30,14:00,2660.0,880.0,3240.0,300.0,－－－－－－－－－－,10.0,790.0,0.0,20.0,0.0,-140.0,-2440.0,2660.0,yonden
2016,12,2016-12-30,15:00,2750.0,880.0,3400.0,320.0,－－－－－－－－－－,10.0,550.0,0.0,20.0,0.0,0.0,-2430.0,2750.0,yonden
2016,12,2016-12-30,16:00,2940.0,880.0,3810.0,430.0,－－－－－－－－－－,10.0,220.0,0.0,20.0,0.0,70.0,-2500.0,2940.0,yonden
2016,12,2016-12-30,17:00,3240.0,880.0,3860.0,530.0,－－－－－－－－－－,10.0,10.0,0.0,20.0,0.0,300.0,-2370.0,3240.0,yonden
2016,12,2016-12-30,18:00,3370.0,880.0,3850.0,590.0,－－－－－－－－－－,10.0,0.0,0.0,20.0,0.0,310.0,-2290.0,3370.0,yonden
2016,12,2016-12-30,19:00,3350.0,880.0,3860.0,500.0,－－－－－－－－－－,10.0,0.0,0.0,20.0,0.0,310.0,-2230.0,3350.0,yonden
2016,12,2016-12-30,20:00,3270.0,880.0,3850.0,410.0,－－－－－－－－－－,10.0,0.0,0.0,10.0,0.0,120.0,-2010.0,3270.0,yonden
2016,12,2016-12-30,21:00,3150.0,880.0,3860.0,340.0,－－－－－－－－－－,10.0,0.0,0.0,10.0,0.0,0.0,-1950.0,3150.0,yonden
2016,12,2016-12-30,22:00,2960.0,880.0,3870.0,290.0,－－－－－－－－－－,10.0,0.0,0.0,10.0,0.0,0.0,-2100.0,2960.0,yonden
2016,12,2016-12-30,23:00,2930.0,880.0,3810.0,270.0,－－－－－－－－－－,10.0,0.0,0.0,10.0,0.0,0.0,-2050.0,2930.0,yonden
2016,12,2016-12-31,00:00,2920.0,880.0,3890.0,300.0,－－－－－－－－－－,10.0,0.0,0.0,10.0,0.0,0.0,-2170.0,2920.0,yonden
2016,12,2016-12-31,01:00,3010.0,880.0,3860.0,320.0,－－－－－－－－－－,10.0,0.0,0.0,10.0,0.0,0.0,-2070.0,3010.0,yonden
2016,12,2016-12-31,02:00,3180.0,880.0,3900.0,370.0,－－－－－－－－－－,10.0,0.0,0.0,10.0,0.0,0.0,-1990.0,3180.0,yonden
2016,12,2016-12-31,03:00,3230.0,880.0,3870.0,440.0,－－－－－－－－－－,10.0,0.0,0.0,10.0,0.0,0.0,-1980.0,3230.0,yonden
2016,12,2016-12-31,04:00,3150.0,880.0,3880.0,400.0,－－－－－－－－－－,10.0,0.0,0.0,10.0,0.0,0.0,-2030.0,3150.0,yonden
2016,12,2016-12-31,05:00,2960.0,880.0,3830.0,330.0,－－－－－－－－－－,10.0,0.0,0.0,20.0,0.0,0.0,-2110.0,2960.0,yonden
2016,12,2016-12-31,06:00,2790.0,880.0,3820.0,300.0,－－－－－－－－－－,10.0,0.0,0.0,20.0,0.0,0.0,-2240.0,2790.0,yonden
2016,12,2016-12-31,07:00,2810.0,880.0,3840.0,290.0,－－－－－－－－－－,10.0,40.0,0.0,20.0,0.0,0.0,-2270.0,2810.0,yonden
2016,12,2016-12-31,08:00,2970.0,880.0,3860.0,260.0,－－－－－－－－－－,10.0,250.0,0.0,20.0,0.0,0.0,-2310.0,2970.0,yonden
2016,12,2016-12-31,09:00,2850.0,880.0,3520.0,300.0,－－－－－－－－－－,10.0,570.0,0.0,20.0,0.0,0.0,-2450.0,2850.0,yonden
2016,12,2016-12-31,10:00,2710.0,880.0,3240.0,340.0,－－－－－－－－－－,10.0,900.0,0.0,10.0,0.0,-210.0,-2460.0,2710.0,yonden
2016,12,2016-12-31,11:00,2680.0,880.0,3140.0,350.0,－－－－－－－－－－,10.0,1070.0,0.0,10.0,0.0,-310.0,-2470.0,2680.0,yonden
2016,12,2016-12-31,12:00,2610.0,880.0,3200.0,330.0,－－－－－－－－－－,10.0,1010.0,0.0,20.0,0.0,-310.0,-2530.0,2610.0,yonden
2016,12,2016-12-31,13:00,2570.0,880.0,3140.0,290.0,－－－－－－－－－－,10.0,1000.0,0.0,30.0,0.0,-310.0,-2470.0,2570.0,yonden
2016,12,2016-12-31,14:00,2560.0,880.0,3260.0,280.0,－－－－－－－－－－,10.0,840.0,0.0,40.0,0.0,-310.0,-2440.0,2560.0,yonden
2016,12,2016-12-31,15:00,2650.0,880.0,3360.0,300.0,－－－－－－－－－－,10.0,540.0,0.0,50.0,0.0,-50.0,-2440.0,2650.0,yonden
2016,12,2016-12-31,16:00,2820.0,880.0,3630.0,400.0,－－－－－－－－－－,10.0,200.0,0.0,60.0,0.0,0.0,-2360.0,2820.0,yonden
2016,12,2016-12-31,17:00,3140.0,880.0,3850.0,480.0,－－－－－－－－－－,10.0,0.0,0.0,70.0,0.0,160.0,-2310.0,3140.0,yonden
2016,12,2016-12-31,18:00,3280.0,880.0,3870.0,460.0,－－－－－－－－－－,10.0,0.0,0.0,70.0,0.0,210.0,-2220.0,3280.0,yonden
2016,12,2016-12-31,19:00,3220.0,880.0,3870.0,410.0,－－－－－－－－－－,10.0,0.0,0.0,90.0,0.0,220.0,-2260.0,3220.0,yonden
2016,12,2016-12-31,20:00,3090.0,880.0,3830.0,360.0,－－－－－－－－－－,10.0,0.0,0.0,70.0,0.0,90.0,-2150.0,3090.0,yonden
2016,12,2016-12-31,21:00,2950.0,880.0,3740.0,370.0,－－－－－－－－－－,10.0,0.0,0.0,50.0,0.0,0.0,-2100.0,2950.0,yonden
2016,12,2016-12-31,22:00,2850.0,880.0,3760.0,310.0,－－－－－－－－－－,10.0,0.0,0.0,60.0,0.0,0.0,-2170.0,2850.0,yonden
2016,12,2016-12-31,23:00,2900.0,880.0,3780.0,260.0,－－－－－－－－－－,10.0,0.0,0.0,60.0,0.0,0.0,-2090.0,2900.0,yonden
2017,1,2017-01-01,00:00,2930.0,880.0,3770.0,290.0,－－－－－－－－－－,10.0,0.0,0.0,50.0,0.0,0.0,-2070.0,2930.0,yonden
2017,1,2017-01-01,01:00,2990.0,880.0,3730.0,290.0,－－－－－－－－－－,10.0,0.0,0.0,50.0,0.0,0.0,-1970.0,2990.0,yonden
2017,1,2017-01-01,02:00,3120.0,880.0,3690.0,360.0,－－－－－－－－－－,10.0,0.0,0.0,60.0,0.0,0.0,-1880.0,3120.0,yonden
2017,1,2017-01-01,03:00,3150.0,880.0,3660.0,440.0,－－－－－－－－－－,10.0,0.0,0.0,70.0,0.0,0.0,-1910.0,3150.0,yonden
2017,1,2017-01-01,04:00,3060.0,880.0,3680.0,410.0,－－－－－－－－－－,10.0,0.0,0.0,80.0,0.0,0.0,-2000.0,3060.0,yonden
2017,1,2017-01-01,05:00,2840.0,880.0,3670.0,330.0,－－－－－－－－－－,10.0,0.0,0.0,90.0,0.0,0.0,-2140.0,2840.0,yonden
2017,1,2017-01-01,06:00,2600.0,880.0,3680.0,280.0,－－－－－－－－－－,10.0,0.0,0.0,80.0,0.0,0.0,-2330.0,2600.0,yonden
2017,1,2017-01-01,07:00,2530.0,880.0,3670.0,250.0,－－－－－－－－－－,10.0,20.0,0.0,70.0,0.0,0.0,-2370.0,2530.0,yonden
2017,1,2017-01-01,08:00,2620.0,880.0,3660.0,260.0,－－－－－－－－－－,10.0,210.0,0.0,40.0,0.0,0.0,-2440.0,2620.0,yonden
2017,1,2017-01-01,09:00,2480.0,880.0,3300.0,300.0,－－－－－－－－－－,10.0,550.0,0.0,30.0,0.0,-130.0,-2460.0,2480.0,yonden
2017,1,2017-01-01,10:00,2340.0,880.0,3060.0,290.0,－－－－－－－－－－,10.0,850.0,0.0,20.0,0.0,-310.0,-2460.0,2340.0,yonden
2017,1,2017-01-01,11:00,2290.0,880.0,2850.0,300.0,－－－－－－－－－－,10.0,1070.0,0.0,20.0,0.0,-460.0,-2380.0,2290.0,yonden
2017,1,2017-01-01,12:00,2270.0,880.0,2870.0,310.0,－－－－－－－－－－,10.0,1120.0,0.0,30.0,0.0,-600.0,-2350.0,2270.0,yonden
2017,1,2017-01-01,13:00,2220.0,880.0,2930.0,290.0,－－－－－－－－－－,10.0,1020.0,0.0,30.0,0.0,-600.0,-2340.0,2220.0,yonden
2017,1,2017-01-01,14:00,2190.0,880.0,2860.0,290.0,－－－－－－－－－－,10.0,810.0,0.0,30.0,0.0,-350.0,-2340.0,2190.0,yonden
2017,1,2017-01-01,15:00,2300.0,880.0,3030.0,300.0,－－－－－－－－－－,10.0,530.0,0.0,30.0,0.0,-100.0,-2380.0,2300.0,yonden
2017,1,2017-01-01,16:00,2450.0,880.0,3410.0,370.0,－－－－－－－－－－,10.0,190.0,0.0,20.0,0.0,0.0,-2430.0,2450.0,yonden
2017,1,2017-01-01,17:00,2720.0,880.0,3760.0,440.0,－－－－－－－－－－,10.0,0.0,0.0,10.0,0.0,100.0,-2480.0,2720.0,yonden
2017,1,2017-01-01,18:00,2870.0,880.0,3810.0,380.0,－－－－－－－－－－,10.0,0.0,0.0,10.0,0.0,70.0,-2290.0,2870.0,yonden
2017,1,2017-01-01,19:00,2870.0,880.0,3670.0,360.0,－－－－－－－－－－,10.0,0.0,0.0,10.0,0.0,0.0,-2060.0,2870.0,yonden
2017,1,2017-01-01,20:00,2860.0,880.0,3730.0,320.0,－－－－－－－－－－,10.0,0.0,0.0,0.0,0.0,0.0,-2080.0,2860.0,yonden
2017,1,2017-01-01,21:00,2820.0,880.0,3750.0,260.0,－－－－－－－－－－,10.0,0.0,0.0,0.0,0.0,0.0,-2080.0,2820.0,yonden
2017,1,2017-01-01,22:00,2700.0,880.0,3820.0,270.0,－－－－－－－－－－,10.0,0.0,0.0,0.0,0.0,0.0,-2280.0,2700.0,yonden
2017,1,2017-01-01,23:00,2680.0,880.0,3790.0,230.0,－－－－－－－－－－,10.0,0.0,0.0,0.0,0.0,0.0,-2230.0,2680.0,yonden
2017,1,2017-01-02,00:00,2700.0,880.0,3740.0,210.0,－－－－－－－－－－,10.0,0.0,0.0,0.0,0.0,0.0,-2140.0,2700.0,yonden
2017,1,2017-01-02,01:00,2810.0,880.0,3760.0,210.0,－－－－－－－－－－,10.0,0.0,0.0,0.0,0.0,0.0,-2050.0,2810.0,yonden
2017,1,2017-01-02,02:00,3000.0,880.0,3790.0,290.0,－－－－－－－－－－,10.0,0.0,0.0,0.0,0.0,0.0,-1970.0,3000.0,yonden
2017,1,2017-01-02,03:00,3060.0,880.0,3750.0,380.0,－－－－－－－－－－,10.0,0.0,0.0,0.0,0.0,0.0,-1960.0,3060.0,yonden
2017,1,2017-01-02,04:00,2990.0,880.0,3740.0,380.0,－－－－－－－－－－,10.0,0.0,0.0,10.0,0.0,0.0,-2030.0,2990.0,yonden
2017,1,2017-01-02,05:00,2810.0,880.0,3790.0,300.0,－－－－－－－－－－,10.0,0.0,0.0,10.0,0.0,0.0,-2180.0,2810.0,yonden
2017,1,2017-01-02,06:00,2650.0,880.0,3870.0,280.0,－－－－－－－－－－,10.0,0.0,0.0,10.0,0.0,0.0,-2400.0,2650.0,yonden
2017,1,2017-01-02,07:00,2640.0,880.0,3980.0,200.0,－－－－－－－－－－,10.0,20.0,0.0,20.0,0.0,0.0,-2470.0,2640.0,yonden
2017,1,2017-01-02,08:00,2870.0,880.0,4000.0,210.0,－－－－－－－－－－,10.0,150.0,0.0,20.0,0.0,0.0,-2400.0,2870.0,yonden
2017,1,2017-01-02,09:00,2910.0,880.0,3940.0,270.0,－－－－－－－－－－,10.0,250.0,0.0,20.0,0.0,0.0,-2460.0,2910.0,yonden
2017,1,2017-01-02,10:00,2810.0,880.0,3700.0,270.0,－－－－－－－－－－,0.0,400.0,0.0,20.0,0.0,0.0,-2460.0,2810.0,yonden
2017,1,2017-01-02,11:00,2670.0,880.0,3400.0,250.0,－－－－－－－－－－,10.0,500.0,0.0,30.0,0.0,0.0,-2400.0,2670.0,yonden
2017,1,2017-01-02,12:00,2440.0,880.0,3110.0,260.0,－－－－－－－－－－,10.0,580.0,0.0,30.0,0.0,0.0,-2430.0,2440.0,yonden
2017,1,2017-01-02,13:00,2410.0,880.0,2890.0,270.0,－－－－－－－－－－,10.0,710.0,0.0,30.0,0.0,0.0,-2380.0,2410.0,yonden
2017,1,2017-01-02,14:00,2540.0,880.0,3150.0,320.0,－－－－－－－－－－,10.0,520.0,0.0,40.0,0.0,0.0,-2380.0,2540.0,yonden
2017,1,2017-01-02,15:00,2520.0,880.0,3520.0,250.0,－－－－－－－－－－,10.0,260.0,0.0,60.0,0.0,0.0,-2460.0,2520.0,yonden
2017,1,2017-01-02,16:00,2700.0,880.0,3850.0,300.0,－－－－－－－－－－,10.0,80.0,0.0,60.0,0.0,0.0,-2480.0,2700.0,yonden
2017,1,2017-01-02,17:00,3000.0,880.0,3940.0,380.0,－－－－－－－－－－,10.0,0.0,0.0,50.0,0.0,250.0,-2510.0,3000.0,yonden
2017,1,2017-01-02,18:00,3100.0,880.0,3900.0,460.0,－－－－－－－－－－,10.0,0.0,0.0,50.0,0.0,300.0,-2500.0,3100.0,yonden
2017,1,2017-01-02,19:00,3070.0,880.0,3920.0,370.0,－－－－－－－－－－,10.0,0.0,0.0,60.0,0.0,280.0,-2450.0,3070.0,yonden
2017,1,2017-01-02,20:00,2980.0,880.0,3910.0,340.0,－－－－－－－－－－,10.0,0.0,0.0,60.0,0.0,70.0,-2290.0,2980.0,yonden
2017,1,2017-01-02,21:00,2810.0,880.0,3800.0,260.0,－－－－－－－－－－,10.0,0.0,0.0,40.0,0.0,0.0,-2180.0,2810.0,yonden
2017,1,2017-01-02,22:00,2660.0,880.0,3840.0,220.0,－－－－－－－－－－,10.0,0.0,0.0,50.0,0.0,0.0,-2340.0,2660.0,yonden
2017,1,2017-01-02,23:00,2590.0,880.0,3800.0,220.0,－－－－－－－－－－,10.0,0.0,0.0,50.0,0.0,0.0,-2370.0,2590.0,yonden
2017,1,2017-01-03,00:00,2570.0,880.0,3720.0,200.0,－－－－－－－－－－,10.0,0.0,0.0,50.0,0.0,0.0,-2290.0,2570.0,yonden
2017,1,2017-01-03,01:00,2670.0,880.0,3720.0,250.0,－－－－－－－－－－,10.0,0.0,0.0,60.0,0.0,0.0,-2250.0,2670.0,yonden
2017,1,2017-01-03,02:00,2880.0,880.0,3750.0,270.0,－－－－－－－－－－,10.0,0.0,0.0,60.0,0.0,0.0,-2090.0,2880.0,yonden
2017,1,2017-01-03,03:00,2980.0,880.0,3830.0,260.0,－－－－－－－－－－,10.0,0.0,0.0,60.0,0.0,0.0,-2060.0,2980.0,yonden
2017,1,2017-01-03,04:00,2950.0,880.0,3810.0,260.0,－－－－－－－－－－,10.0,0.0,0.0,60.0,0.0,0.0,-2070.0,2950.0,yonden
2017,1,2017-01-03,05:00,2760.0,880.0,3870.0,270.0,－－－－－－－－－－,10.0,0.0,0.0,80.0,0.0,0.0,-2350.0,2760.0,yonden
2017,1,2017-01-03,06:00,2540.0,880.0,3790.0,230.0,－－－－－－－－－－,10.0,0.0,0.0,80.0,0.0,0.0,-2450.0,2540.0,yonden
2017,1,2017-01-03,07:00,2520.0,880.0,3760.0,230.0,－－－－－－－－－－,10.0,20.0,0.0,90.0,0.0,0.0,-2470.0,2520.0,yonden
2017,1,2017-01-03,08:00,2670.0,880.0,3740.0,230.0,－－－－－－－－－－,10.0,170.0,0.0,100.0,0.0,0.0,-2460.0,2670.0,yonden
2017,1,2017-01-03,09:00,2550.0,880.0,3420.0,240.0,－－－－－－－－－－,10.0,440.0,0.0,90.0,0.0,-50.0,-2480.0,2550.0,yonden
2017,1,2017-01-03,10:00,2450.0,880.0,3220.0,250.0,－－－－－－－－－－,10.0,730.0,0.0,90.0,0.0,-300.0,-2430.0,2450.0,yonden
2017,1,2017-01-03,11:00,2410.0,880.0,3090.0,270.0,－－－－－－－－－－,10.0,930.0,0.0,110.0,0.0,-600.0,-2280.0,2410.0,yonden
2017,1,2017-01-03,12:00,2400.0,880.0,3000.0,270.0,－－－－－－－－－－,10.0,1020.0,0.0,110.0,0.0,-590.0,-2300.0,2400.0,yonden
2017,1,2017-01-03,13:00,2330.0,880.0,3000.0,280.0,－－－－－－－－－－,10.0,930.0,0.0,110.0,0.0,-590.0,-2290.0,2330.0,yonden
2017,1,2017-01-03,14:00,2340.0,880.0,2940.0,240.0,－－－－－－－－－－,10.0,780.0,0.0,100.0,0.0,-320.0,-2290.0,2340.0,yonden
2017,1,2017-01-03,15:00,2420.0,880.0,3250.0,240.0,－－－－－－－－－－,10.0,510.0,0.0,100.0,0.0,-170.0,-2400.0,2420.0,yonden
2017,1,2017-01-03,16:00,2570.0,880.0,3610.0,270.0,－－－－－－－－－－,10.0,180.0,0.0,90.0,0.0,0.0,-2470.0,2570.0,yonden
2017,1,2017-01-03,17:00,2870.0,880.0,3840.0,410.0,－－－－－－－－－－,10.0,0.0,0.0,80.0,0.0,0.0,-2350.0,2870.0,yonden
2017,1,2017-01-03,18:00,3020.0,880.0,3920.0,430.0,－－－－－－－－－－,10.0,0.0,0.0,70.0,0.0,0.0,-2290.0,3020.0,yonden
2017,1,2017-01-03,19:00,3010.0,880.0,3900.0,390.0,－－－－－－－－－－,10.0,0.0,0.0,60.0,0.0,0.0,-2230.0,3010.0,yonden
2017,1,2017-01-03,20:00,2950.0,880.0,3800.0,310.0,－－－－－－－－－－,10.0,0.0,0.0,50.0,0.0,0.0,-2100.0,2950.0,yonden
2017,1,2017-01-03,21:00,2890.0,880.0,3900.0,240.0,－－－－－－－－－－,10.0,0.0,0.0,40.0,0.0,0.0,-2180.0,2890.0,yonden
2017,1,2017-01-03,22:00,2750.0,880.0,3870.0,210.0,－－－－－－－－－－,10.0,0.0,0.0,30.0,0.0,0.0,-2250.0,2750.0,yonden
2017,1,2017-01-03,23:00,2700.0,880.0,3850.0,200.0,－－－－－－－－－－,10.0,0.0,0.0,30.0,0.0,0.0,-2270.0,2700.0,yonden
2017,1,2017-01-04,00:00,2690.0,880.0,3910.0,170.0,－－－－－－－－－－,10.0,0.0,0.0,20.0,0.0,0.0,-2300.0,2690.0,yonden
2017,1,2017-01-04,01:00,2820.0,880.0,3920.0,170.0,－－－－－－－－－－,10.0,0.0,0.0,20.0,0.0,0.0,-2180.0,2820.0,yonden
2017,1,2017-01-04,02:00,3050.0,880.0,3930.0,170.0,－－－－－－－－－－,10.0,0.0,0.0,20.0,0.0,0.0,-1960.0,3050.0,yonden
2017,1,2017-01-04,03:00,3150.0,880.0,3900.0,230.0,－－－－－－－－－－,10.0,0.0,0.0,30.0,0.0,0.0,-1900.0,3150.0,yonden
2017,1,2017-01-04,04:00,3130.0,880.0,3860.0,280.0,－－－－－－－－－－,10.0,0.0,0.0,30.0,0.0,0.0,-1930.0,3130.0,yonden
2017,1,2017-01-04,05:00,3000.0,880.0,3810.0,270.0,－－－－－－－－－－,10.0,0.0,0.0,40.0,0.0,0.0,-2010.0,3000.0,yonden
2017,1,2017-01-04,06:00,2920.0,880.0,3760.0,200.0,－－－－－－－－－－,10.0,0.0,0.0,50.0,0.0,0.0,-1980.0,2920.0,yonden
2017,1,2017-01-04,07:00,3020.0,880.0,3720.0,190.0,－－－－－－－－－－,10.0,30.0,0.0,40.0,0.0,0.0,-1850.0,3020.0,yonden
2017,1,2017-01-04,08:00,3250.0,880.0,3800.0,230.0,－－－－－－－－－－,10.0,220.0,0.0,60.0,0.0,0.0,-1950.0,3250.0,yonden
2017,1,2017-01-04,09:00,3180.0,880.0,3660.0,290.0,－－－－－－－－－－,10.0,500.0,0.0,60.0,0.0,0.0,-2220.0,3180.0,yonden
2017,1,2017-01-04,10:00,3010.0,880.0,3400.0,280.0,－－－－－－－－－－,10.0,750.0,0.0,60.0,0.0,0.0,-2370.0,3010.0,yonden
2017,1,2017-01-04,11:00,2970.0,880.0,3400.0,300.0,－－－－－－－－－－,10.0,990.0,0.0,50.0,0.0,-290.0,-2370.0,2970.0,yonden
2017,1,2017-01-04,12:00,2870.0,880.0,3330.0,230.0,－－－－－－－－－－,10.0,1040.0,0.0,60.0,0.0,-290.0,-2390.0,2870.0,yonden
2017,1,2017-01-04,13:00,2890.0,880.0,3300.0,250.0,－－－－－－－－－－,10.0,970.0,0.0,70.0,0.0,-290.0,-2300.0,2890.0,yonden
2017,1,2017-01-04,14:00,2850.0,880.0,3070.0,280.0,－－－－－－－－－－,10.0,750.0,0.0,80.0,0.0,-120.0,-2100.0,2850.0,yonden
2017,1,2017-01-04,15:00,2920.0,880.0,3200.0,260.0,－－－－－－－－－－,10.0,480.0,0.0,80.0,0.0,0.0,-1990.0,2920.0,yonden
2017,1,2017-01-04,16:00,3030.0,880.0,3410.0,260.0,－－－－－－－－－－,10.0,150.0,0.0,90.0,0.0,0.0,-1770.0,3030.0,yonden
2017,1,2017-01-04,17:00,3270.0,880.0,3600.0,450.0,－－－－－－－－－－,10.0,0.0,0.0,100.0,0.0,0.0,-1770.0,3270.0,yonden
2017,1,2017-01-04,18:00,3350.0,880.0,3700.0,470.0,－－－－－－－－－－,10.0,0.0,0.0,80.0,0.0,0.0,-1790.0,3350.0,yonden
2017,1,2017-01-04,19:00,3280.0,880.0,3680.0,400.0,－－－－－－－－－－,10.0,0.0,0.0,80.0,0.0,0.0,-1770.0,3280.0,yonden
2017,1,2017-01-04,20:00,3190.0,880.0,3640.0,320.0,－－－－－－－－－－,10.0,0.0,0.0,80.0,0.0,0.0,-1740.0,3190.0,yonden
2017,1,2017-01-04,21:00,3000.0,880.0,3590.0,220.0,－－－－－－－－－－,10.0,0.0,0.0,70.0,0.0,0.0,-1770.0,3000.0,yonden
2017,1,2017-01-04,22:00,2800.0,880.0,3460.0,200.0,－－－－－－－－－－,10.0,0.0,0.0,60.0,0.0,0.0,-1810.0,2800.0,yonden
2017,1,2017-01-04,23:00,2720.0,880.0,3550.0,200.0,－－－－－－－－－－,10.0,0.0,0.0,50.0,0.0,0.0,-1970.0,2720.0,yonden
2017,1,2017-01-05,00:00,2700.0,880.0,3630.0,190.0,－－－－－－－－－－,10.0,0.0,0.0,50.0,0.0,0.0,-2060.0,2700.0,yonden
2017,1,2017-01-05,01:00,2830.0,880.0,3650.0,200.0,－－－－－－－－－－,10.0,0.0,0.0,60.0,0.0,0.0,-1970.0,2830.0,yonden
2017,1,2017-01-05,02:00,3070.0,880.0,3700.0,300.0,－－－－－－－－－－,10.0,0.0,0.0,60.0,0.0,0.0,-1880.0,3070.0,yonden
2017,1,2017-01-05,03:00,3190.0,880.0,3770.0,390.0,－－－－－－－－－－,10.0,0.0,0.0,60.0,0.0,0.0,-1920.0,3190.0,yonden
2017,1,2017-01-05,04:00,3200.0,880.0,3790.0,380.0,－－－－－－－－－－,10.0,0.0,0.0,80.0,0.0,0.0,-1940.0,3200.0,yonden
2017,1,2017-01-05,05:00,3100.0,880.0,3730.0,280.0,－－－－－－－－－－,10.0,0.0,0.0,90.0,0.0,0.0,-1890.0,3100.0,yonden
2017,1,2017-01-05,06:00,3140.0,880.0,3820.0,320.0,－－－－－－－－－－,10.0,0.0,0.0,80.0,0.0,0.0,-1970.0,3140.0,yonden
2017,1,2017-01-05,07:00,3260.0,880.0,3840.0,420.0,－－－－－－－－－－,10.0,30.0,0.0,80.0,0.0,0.0,-2000.0,3260.0,yonden
2017,1,2017-01-05,08:00,3600.0,880.0,3860.0,410.0,－－－－－－－－－－,10.0,200.0,0.0,70.0,0.0,90.0,-1920.0,3600.0,yonden
2017,1,2017-01-05,09:00,3640.0,880.0,3760.0,390.0,－－－－－－－－－－,10.0,450.0,0.0,60.0,0.0,30.0,-1940.0,3640.0,yonden
2017,1,2017-01-05,10:00,3620.0,880.0,3630.0,370.0,－－－－－－－－－－,10.0,720.0,0.0,50.0,0.0,0.0,-2040.0,3620.0,yonden
2017,1,2017-01-05,11:00,3620.0,880.0,3610.0,360.0,－－－－－－－－－－,10.0,810.0,0.0,60.0,0.0,0.0,-2110.0,3620.0,yonden
2017,1,2017-01-05,12:00,3440.0,880.0,3650.0,310.0,－－－－－－－－－－,10.0,700.0,0.0,80.0,0.0,0.0,-2190.0,3440.0,yonden
2017,1,2017-01-05,13:00,3610.0,880.0,4000.0,320.0,－－－－－－－－－－,10.0,440.0,0.0,80.0,0.0,0.0,-2120.0,3610.0,yonden
2017,1,2017-01-05,14:00,3590.0,880.0,4060.0,270.0,－－－－－－－－－－,10.0,360.0,0.0,80.0,0.0,0.0,-2070.0,3590.0,yonden
2017,1,2017-01-05,15:00,3620.0,880.0,4070.0,390.0,－－－－－－－－－－,10.0,200.0,0.0,90.0,0.0,0.0,-2020.0,3620.0,yonden
2017,1,2017-01-05,16:00,3770.0,880.0,4110.0,470.0,－－－－－－－－－－,10.0,60.0,0.0,100.0,0.0,180.0,-2040.0,3770.0,yonden
2017,1,2017-01-05,17:00,3920.0,880.0,4100.0,480.0,－－－－－－－－－－,10.0,0.0,0.0,110.0,0.0,290.0,-1950.0,3920.0,yonden
2017,1,2017-01-05,18:00,3950.0,880.0,4180.0,480.0,－－－－－－－－－－,10.0,0.0,0.0,100.0,0.0,280.0,-1980.0,3950.0,yonden
2017,1,2017-01-05,19:00,3810.0,880.0,4290.0,500.0,－－－－－－－－－－,10.0,0.0,0.0,100.0,0.0,60.0,-2030.0,3810.0,yonden
2017,1,2017-01-05,20:00,3660.0,880.0,4130.0,470.0,－－－－－－－－－－,10.0,0.0,0.0,90.0,0.0,0.0,-1920.0,3660.0,yonden
2017,1,2017-01-05,21:00,3440.0,880.0,4080.0,360.0,－－－－－－－－－－,10.0,0.0,0.0,90.0,0.0,0.0,-1980.0,3440.0,yonden
2017,1,2017-01-05,22:00,3160.0,880.0,3880.0,270.0,－－－－－－－－－－,10.0,0.0,0.0,80.0,0.0,0.0,-1960.0,3160.0,yonden
2017,1,2017-01-05,23:00,3000.0,880.0,3750.0,220.0,－－－－－－－－－－,10.0,0.0,0.0,80.0,0.0,0.0,-1940.0,3000.0,yonden
2017,1,2017-01-06,00:00,2920.0,880.0,3810.0,220.0,－－－－－－－－－－,10.0,0.0,0.0,70.0,0.0,0.0,-2070.0,2920.0,yonden
2017,1,2017-01-06,01:00,3030.0,880.0,3800.0,270.0,－－－－－－－－－－,10.0,0.0,0.0,70.0,0.0,0.0,-2000.0,3030.0,yonden
2017,1,2017-01-06,02:00,3250.0,880.0,3930.0,340.0,－－－－－－－－－－,10.0,0.0,0.0,70.0,0.0,0.0,-1980.0,3250.0,yonden
2017,1,2017-01-06,03:00,3340.0,880.0,3970.0,370.0,－－－－－－－－－－,10.0,0.0,0.0,70.0,0.0,0.0,-1960.0,3340.0,yonden
2017,1,2017-01-06,04:00,3350.0,880.0,3990.0,420.0,－－－－－－－－－－,10.0,0.0,0.0,70.0,0.0,0.0,-2020.0,3350.0,yonden
2017,1,2017-01-06,05:00,3270.0,880.0,4010.0,340.0,－－－－－－－－－－,10.0,0.0,0.0,70.0,0.0,0.0,-2040.0,3270.0,yonden
2017,1,2017-01-06,06:00,3340.0,880.0,4250.0,360.0,－－－－－－－－－－,10.0,0.0,0.0,70.0,0.0,0.0,-2230.0,3340.0,yonden
2017,1,2017-01-06,07:00,3520.0,880.0,4480.0,400.0,－－－－－－－－－－,10.0,20.0,0.0,70.0,0.0,0.0,-2340.0,3520.0,yonden
2017,1,2017-01-06,08:00,4000.0,880.0,4770.0,480.0,－－－－－－－－－－,10.0,130.0,0.0,70.0,0.0,0.0,-2340.0,4000.0,yonden
2017,1,2017-01-06,09:00,4060.0,880.0,4850.0,450.0,－－－－－－－－－－,10.0,260.0,0.0,60.0,0.0,0.0,-2450.0,4060.0,yonden
2017,1,2017-01-06,10:00,3710.0,880.0,4260.0,390.0,－－－－－－－－－－,10.0,590.0,0.0,60.0,0.0,0.0,-2480.0,3710.0,yonden
2017,1,2017-01-06,11:00,3720.0,880.0,3970.0,320.0,－－－－－－－－－－,10.0,920.0,0.0,50.0,0.0,0.0,-2430.0,3720.0,yonden
2017,1,2017-01-06,12:00,3540.0,880.0,3730.0,240.0,－－－－－－－－－－,10.0,1100.0,0.0,30.0,0.0,0.0,-2450.0,3540.0,yonden
2017,1,2017-01-06,13:00,3680.0,880.0,3930.0,260.0,－－－－－－－－－－,10.0,1020.0,0.0,30.0,0.0,0.0,-2450.0,3680.0,yonden
2017,1,2017-01-06,14:00,3620.0,880.0,4020.0,290.0,－－－－－－－－－－,10.0,830.0,0.0,40.0,0.0,0.0,-2450.0,3620.0,yonden
2017,1,2017-01-06,15:00,3660.0,880.0,4290.0,340.0,－－－－－－－－－－,10.0,500.0,0.0,40.0,0.0,0.0,-2400.0,3660.0,yonden
2017,1,2017-01-06,16:00,3830.0,880.0,4580.0,470.0,－－－－－－－－－－,10.0,190.0,0.0,40.0,0.0,60.0,-2400.0,3830.0,yonden
2017,1,2017-01-06,17:00,3960.0,880.0,4630.0,410.0,－－－－－－－－－－,10.0,0.0,0.0,30.0,0.0,280.0,-2280.0,3960.0,yonden
2017,1,2017-01-06,18:00,4050.0,880.0,4730.0,430.0,－－－－－－－－－－,10.0,0.0,0.0,30.0,0.0,250.0,-2280.0,4050.0,yonden
2017,1,2017-01-06,19:00,3890.0,880.0,4740.0,510.0,－－－－－－－－－－,10.0,0.0,0.0,10.0,0.0,20.0,-2280.0,3890.0,yonden
2017,1,2017-01-06,20:00,3730.0,880.0,4470.0,490.0,－－－－－－－－－－,10.0,0.0,0.0,20.0,0.0,0.0,-2140.0,3730.0,yonden
2017,1,2017-01-06,21:00,3520.0,880.0,4540.0,400.0,－－－－－－－－－－,10.0,0.0,0.0,20.0,0.0,0.0,-2330.0,3520.0,yonden
2017,1,2017-01-06,22:00,3260.0,880.0,4340.0,220.0,－－－－－－－－－－,10.0,0.0,0.0,10.0,0.0,0.0,-2200.0,3260.0,yonden
2017,1,2017-01-06,23:00,3170.0,880.0,4140.0,200.0,－－－－－－－－－－,10.0,0.0,0.0,10.0,0.0,0.0,-2070.0,3170.0,yonden
2017,1,2017-01-07,00:00,3120.0,880.0,4090.0,190.0,－－－－－－－－－－,10.0,0.0,0.0,10.0,0.0,0.0,-2060.0,3120.0,yonden
2017,1,2017-01-07,01:00,3220.0,880.0,4110.0,190.0,－－－－－－－－－－,10.0,0.0,0.0,10.0,0.0,0.0,-1980.0,3220.0,yonden
2017,1,2017-01-07,02:00,3400.0,880.0,4150.0,200.0,－－－－－－－－－－,10.0,0.0,0.0,10.0,0.0,0.0,-1850.0,3400.0,yonden
2017,1,2017-01-07,03:00,3480.0,880.0,4150.0,230.0,－－－－－－－－－－,10.0,0.0,0.0,10.0,0.0,0.0,-1800.0,3480.0,yonden
2017,1,2017-01-07,04:00,3410.0,880.0,4120.0,210.0,－－－－－－－－－－,10.0,0.0,0.0,0.0,0.0,0.0,-1810.0,3410.0,yonden
2017,1,2017-01-07,05:00,3260.0,880.0,3970.0,160.0,－－－－－－－－－－,10.0,0.0,0.0,10.0,0.0,0.0,-1770.0,3260.0,yonden
2017,1,2017-01-07,06:00,3220.0,880.0,4050.0,190.0,－－－－－－－－－－,10.0,0.0,0.0,10.0,0.0,0.0,-1920.0,3220.0,yonden
2017,1,2017-01-07,07:00,3380.0,880.0,4270.0,220.0,－－－－－－－－－－,10.0,50.0,0.0,0.0,0.0,0.0,-2050.0,3380.0,yonden
2017,1,2017-01-07,08:00,3700.0,880.0,4470.0,310.0,－－－－－－－－－－,10.0,240.0,0.0,10.0,0.0,0.0,-2220.0,3700.0,yonden
2017,1,2017-01-07,09:00,3650.0,880.0,4330.0,300.0,－－－－－－－－－－,10.0,510.0,0.0,0.0,0.0,0.0,-2380.0,3650.0,yonden
2017,1,2017-01-07,10:00,3500.0,880.0,4020.0,230.0,－－－－－－－－－－,10.0,780.0,0.0,10.0,0.0,0.0,-2430.0,3500.0,yonden
2017,1,2017-01-07,11:00,3420.0,880.0,3830.0,180.0,－－－－－－－－－－,10.0,930.0,0.0,10.0,0.0,0.0,-2420.0,3420.0,yonden
2017,1,2017-01-07,12:00,3330.0,880.0,3890.0,170.0,－－－－－－－－－－,10.0,800.0,0.0,10.0,0.0,0.0,-2430.0,3330.0,yonden
2017,1,2017-01-07,13:00,3440.0,880.0,4250.0,170.0,－－－－－－－－－－,10.0,530.0,0.0,0.0,0.0,0.0,-2400.0,3440.0,yonden
2017,1,2017-01-07,14:00,3380.0,880.0,4300.0,180.0,－－－－－－－－－－,10.0,300.0,0.0,0.0,0.0,0.0,-2290.0,3380.0,yonden
2017,1,2017-01-07,15:00,3390.0,880.0,4490.0,200.0,－－－－－－－－－－,10.0,130.0,0.0,0.0,0.0,0.0,-2320.0,3390.0,yonden
2017,1,2017-01-07,16:00,3590.0,880.0,4710.0,320.0,－－－－－－－－－－,10.0,30.0,0.0,10.0,0.0,0.0,-2370.0,3590.0,yonden
2017,1,2017-01-07,17:00,3760.0,880.0,4690.0,340.0,－－－－－－－－－－,10.0,0.0,0.0,20.0,0.0,0.0,-2180.0,3760.0,yonden
2017,1,2017-01-07,18:00,3790.0,880.0,4590.0,400.0,－－－－－－－－－－,10.0,0.0,0.0,20.0,0.0,0.0,-2110.0,3790.0,yonden
2017,1,2017-01-07,19:00,3670.0,880.0,4560.0,360.0,－－－－－－－－－－,10.0,0.0,0.0,10.0,0.0,0.0,-2150.0,3670.0,yonden
2017,1,2017-01-07,20:00,3520.0,880.0,4440.0,220.0,－－－－－－－－－－,10.0,0.0,0.0,10.0,0.0,0.0,-2040.0,3520.0,yonden
2017,1,2017-01-07,21:00,3310.0,880.0,4340.0,180.0,－－－－－－－－－－,10.0,0.0,0.0,10.0,0.0,0.0,-2110.0,3310.0,yonden
2017,1,2017-01-07,22:00,3080.0,880.0,4010.0,150.0,－－－－－－－－－－,10.0,0.0,0.0,10.0,0.0,0.0,-1980.0,3080.0,yonden
2017,1,2017-01-07,23:00,2960.0,880.0,3850.0,150.0,－－－－－－－－－－,10.0,0.0,0.0,20.0,0.0,0.0,-1950.0,2960.0,yonden
2017,1,2017-01-08,00:00,2890.0,880.0,3900.0,140.0,－－－－－－－－－－,10.0,0.0,0.0,20.0,0.0,0.0,-2060.0,2890.0,yonden
2017,1,2017-01-08,01:00,2970.0,880.0,3920.0,130.0,－－－－－－－－－－,10.0,0.0,0.0,20.0,0.0,0.0,-1990.0,2970.0,yonden
2017,1,2017-01-08,02:00,3170.0,880.0,3920.0,160.0,－－－－－－－－－－,10.0,0.0,0.0,30.0,0.0,0.0,-1830.0,3170.0,yonden
2017,1,2017-01-08,03:00,3280.0,880.0,3890.0,230.0,－－－－－－－－－－,10.0,0.0,0.0,40.0,0.0,0.0,-1770.0,3280.0,yonden
2017,1,2017-01-08,04:00,3190.0,880.0,3860.0,200.0,－－－－－－－－－－,10.0,0.0,0.0,50.0,0.0,0.0,-1810.0,3190.0,yonden
2017,1,2017-01-08,05:00,3000.0,880.0,3730.0,160.0,－－－－－－－－－－,10.0,0.0,0.0,50.0,0.0,0.0,-1830.0,3000.0,yonden
2017,1,2017-01-08,06:00,2780.0,880.0,3650.0,170.0,－－－－－－－－－－,10.0,0.0,0.0,50.0,0.0,0.0,-1980.0,2780.0,yonden
2017,1,2017-01-08,07:00,2770.0,880.0,3670.0,180.0,－－－－－－－－－－,10.0,10.0,0.0,60.0,0.0,0.0,-2040.0,2770.0,yonden
2017,1,2017-01-08,08:00,3060.0,880.0,3860.0,250.0,－－－－－－－－－－,10.0,30.0,0.0,60.0,0.0,0.0,-2030.0,3060.0,yonden
2017,1,2017-01-08,09:00,3260.0,880.0,4040.0,350.0,－－－－－－－－－－,10.0,50.0,0.0,60.0,0.0,0.0,-2130.0,3260.0,yonden
2017,1,2017-01-08,10:00,3300.0,880.0,4040.0,360.0,－－－－－－－－－－,10.0,80.0,0.0,70.0,0.0,0.0,-2140.0,3300.0,yonden
2017,1,2017-01-08,11:00,3300.0,880.0,4080.0,310.0,－－－－－－－－－－,10.0,100.0,0.0,80.0,0.0,0.0,-2160.0,3300.0,yonden
2017,1,2017-01-08,12:00,3230.0,880.0,4100.0,290.0,－－－－－－－－－－,10.0,100.0,0.0,100.0,0.0,0.0,-2250.0,3230.0,yonden
2017,1,2017-01-08,13:00,3180.0,880.0,4100.0,300.0,－－－－－－－－－－,10.0,90.0,0.0,110.0,0.0,0.0,-2310.0,3180.0,yonden
2017,1,2017-01-08,14:00,3140.0,880.0,4050.0,330.0,－－－－－－－－－－,10.0,80.0,0.0,120.0,0.0,0.0,-2330.0,3140.0,yonden
2017,1,2017-01-08,15:00,3150.0,880.0,4010.0,370.0,－－－－－－－－－－,10.0,50.0,0.0,110.0,0.0,0.0,-2280.0,3150.0,yonden
2017,1,2017-01-08,16:00,3210.0,880.0,3950.0,380.0,－－－－－－－－－－,10.0,20.0,0.0,100.0,0.0,0.0,-2130.0,3210.0,yonden
2017,1,2017-01-08,17:00,3430.0,880.0,3930.0,450.0,－－－－－－－－－－,10.0,0.0,0.0,90.0,0.0,0.0,-1930.0,3430.0,yonden
2017,1,2017-01-08,18:00,3490.0,880.0,3930.0,500.0,－－－－－－－－－－,10.0,0.0,0.0,80.0,0.0,0.0,-1910.0,3490.0,yonden
2017,1,2017-01-08,19:00,3410.0,880.0,3810.0,500.0,－－－－－－－－－－,10.0,0.0,0.0,80.0,0.0,0.0,-1870.0,3410.0,yonden
2017,1,2017-01-08,20:00,3290.0,880.0,3700.0,460.0,－－－－－－－－－－,10.0,0.0,0.0,80.0,0.0,0.0,-1840.0,3290.0,yonden
2017,1,2017-01-08,21:00,3130.0,880.0,3530.0,350.0,－－－－－－－－－－,10.0,0.0,0.0,80.0,0.0,0.0,-1720.0,3130.0,yonden
2017,1,2017-01-08,22:00,2920.0,880.0,3540.0,320.0,－－－－－－－－－－,10.0,0.0,0.0,80.0,0.0,0.0,-1910.0,2920.0,yonden
2017,1,2017-01-08,23:00,2830.0,880.0,3570.0,310.0,－－－－－－－－－－,10.0,0.0,0.0,70.0,0.0,0.0,-2010.0,2830.0,yonden
2017,1,2017-01-09,00:00,2790.0,880.0,3560.0,300.0,－－－－－－－－－－,10.0,0.0,0.0,70.0,0.0,0.0,-2030.0,2790.0,yonden
2017,1,2017-01-09,01:00,2890.0,880.0,3570.0,300.0,－－－－－－－－－－,10.0,0.0,0.0,80.0,0.0,0.0,-1950.0,2890.0,yonden
2017,1,2017-01-09,02:00,3100.0,880.0,3640.0,310.0,－－－－－－－－－－,10.0,0.0,0.0,80.0,0.0,0.0,-1820.0,3100.0,yonden
2017,1,2017-01-09,03:00,3210.0,880.0,3670.0,380.0,－－－－－－－－－－,10.0,0.0,0.0,80.0,0.0,0.0,-1810.0,3210.0,yonden
2017,1,2017-01-09,04:00,3210.0,880.0,3720.0,360.0,－－－－－－－－－－,10.0,0.0,0.0,70.0,0.0,0.0,-1830.0,3210.0,yonden
2017,1,2017-01-09,05:00,3060.0,880.0,3690.0,300.0,－－－－－－－－－－,10.0,0.0,0.0,70.0,0.0,0.0,-1890.0,3060.0,yonden
2017,1,2017-01-09,06:00,2930.0,880.0,3710.0,310.0,－－－－－－－－－－,10.0,0.0,0.0,70.0,0.0,0.0,-2050.0,2930.0,yonden
2017,1,2017-01-09,07:00,2970.0,880.0,3750.0,270.0,－－－－－－－－－－,10.0,30.0,0.0,70.0,0.0,0.0,-2040.0,2970.0,yonden
2017,1,2017-01-09,08:00,3210.0,880.0,3900.0,340.0,－－－－－－－－－－,10.0,130.0,0.0,80.0,0.0,0.0,-2130.0,3210.0,yonden
2017,1,2017-01-09,09:00,3270.0,880.0,3940.0,360.0,－－－－－－－－－－,0.0,210.0,0.0,90.0,0.0,0.0,-2210.0,3270.0,yonden
2017,1,2017-01-09,10:00,3240.0,880.0,3790.0,330.0,－－－－－－－－－－,0.0,300.0,0.0,100.0,0.0,0.0,-2160.0,3240.0,yonden
2017,1,2017-01-09,11:00,3190.0,880.0,3940.0,390.0,－－－－－－－－－－,0.0,310.0,0.0,110.0,0.0,-300.0,-2140.0,3190.0,yonden
2017,1,2017-01-09,12:00,3120.0,880.0,3910.0,350.0,－－－－－－－－－－,0.0,260.0,0.0,110.0,0.0,-150.0,-2240.0,3120.0,yonden
2017,1,2017-01-09,13:00,3170.0,880.0,3840.0,260.0,－－－－－－－－－－,0.0,300.0,0.0,120.0,0.0,0.0,-2230.0,3170.0,yonden
2017,1,2017-01-09,14:00,3150.0,880.0,3890.0,270.0,－－－－－－－－－－,0.0,380.0,0.0,120.0,0.0,0.0,-2390.0,3150.0,yonden
2017,1,2017-01-09,15:00,3170.0,880.0,3900.0,300.0,－－－－－－－－－－,0.0,280.0,0.0,120.0,0.0,0.0,-2310.0,3170.0,yonden
2017,1,2017-01-09,16:00,3310.0,880.0,4110.0,320.0,－－－－－－－－－－,0.0,130.0,0.0,130.0,0.0,0.0,-2260.0,3310.0,yonden
2017,1,2017-01-09,17:00,3530.0,880.0,4190.0,420.0,－－－－－－－－－－,0.0,0.0,0.0,130.0,0.0,0.0,-2090.0,3530.0,yonden
2017,1,2017-01-09,18:00,3620.0,880.0,4160.0,460.0,－－－－－－－－－－,0.0,0.0,0.0,120.0,0.0,0.0,-2000.0,3620.0,yonden
2017,1,2017-01-09,19:00,3550.0,880.0,4140.0,420.0,－－－－－－－－－－,0.0,0.0,0.0,120.0,0.0,0.0,-2010.0,3550.0,yonden
2017,1,2017-01-09,20:00,3440.0,880.0,4130.0,380.0,－－－－－－－－－－,0.0,0.0,0.0,120.0,0.0,0.0,-2070.0,3440.0,yonden
2017,1,2017-01-09,21:00,3260.0,880.0,4000.0,280.0,－－－－－－－－－－,0.0,0.0,0.0,120.0,0.0,0.0,-2020.0,3260.0,yonden
2017,1,2017-01-09,22:00,3040.0,880.0,3950.0,240.0,－－－－－－－－－－,0.0,0.0,0.0,110.0,0.0,0.0,-2140.0,3040.0,yonden
2017,1,2017-01-09,23:00,2930.0,880.0,3780.0,230.0,－－－－－－－－－－,0.0,0.0,0.0,110.0,0.0,0.0,-2070.0,2930.0,yonden
2017,1,2017-01-10,00:00,2880.0,880.0,3870.0,250.0,－－－－－－－－－－,0.0,0.0,0.0,90.0,0.0,0.0,-2210.0,2880.0,yonden
2017,1,2017-01-10,01:00,3000.0,880.0,3890.0,270.0,－－－－－－－－－－,0.0,0.0,0.0,60.0,0.0,0.0,-2100.0,3000.0,yonden
2017,1,2017-01-10,02:00,3230.0,880.0,3900.0,340.0,－－－－－－－－－－,0.0,0.0,0.0,50.0,0.0,0.0,-1940.0,3230.0,yonden
2017,1,2017-01-10,03:00,3360.0,880.0,3900.0,460.0,－－－－－－－－－－,0.0,0.0,0.0,50.0,0.0,0.0,-1930.0,3360.0,yonden
2017,1,2017-01-10,04:00,3360.0,880.0,3940.0,470.0,－－－－－－－－－－,0.0,0.0,0.0,40.0,0.0,0.0,-1970.0,3360.0,yonden
2017,1,2017-01-10,05:00,3300.0,880.0,3960.0,360.0,－－－－－－－－－－,0.0,0.0,0.0,60.0,0.0,0.0,-1960.0,3300.0,yonden
2017,1,2017-01-10,06:00,3430.0,880.0,4170.0,370.0,－－－－－－－－－－,0.0,0.0,0.0,60.0,0.0,0.0,-2050.0,3430.0,yonden
2017,1,2017-01-10,07:00,3550.0,880.0,4320.0,460.0,－－－－－－－－－－,0.0,50.0,0.0,50.0,0.0,0.0,-2210.0,3550.0,yonden
2017,1,2017-01-10,08:00,3880.0,880.0,4450.0,500.0,－－－－－－－－－－,0.0,240.0,0.0,50.0,0.0,0.0,-2240.0,3880.0,yonden
2017,1,2017-01-10,09:00,3840.0,880.0,4300.0,490.0,－－－－－－－－－－,0.0,530.0,0.0,50.0,0.0,0.0,-2410.0,3840.0,yonden
2017,1,2017-01-10,10:00,3730.0,880.0,4130.0,320.0,－－－－－－－－－－,0.0,840.0,0.0,50.0,0.0,0.0,-2490.0,3730.0,yonden
2017,1,2017-01-10,11:00,3670.0,880.0,3970.0,270.0,－－－－－－－－－－,0.0,960.0,0.0,60.0,0.0,0.0,-2470.0,3670.0,yonden
2017,1,2017-01-10,12:00,3420.0,880.0,3780.0,260.0,－－－－－－－－－－,0.0,930.0,0.0,60.0,0.0,0.0,-2490.0,3420.0,yonden
2017,1,2017-01-10,13:00,3580.0,880.0,4010.0,260.0,－－－－－－－－－－,0.0,840.0,0.0,70.0,0.0,0.0,-2480.0,3580.0,yonden
2017,1,2017-01-10,14:00,3580.0,880.0,4120.0,270.0,－－－－－－－－－－,0.0,710.0,0.0,70.0,0.0,0.0,-2470.0,3580.0,yonden
2017,1,2017-01-10,15:00,3600.0,880.0,4300.0,330.0,－－－－－－－－－－,0.0,420.0,0.0,90.0,0.0,0.0,-2420.0,3600.0,yonden
2017,1,2017-01-10,16:00,3750.0,880.0,4510.0,480.0,－－－－－－－－－－,0.0,130.0,0.0,100.0,0.0,0.0,-2350.0,3750.0,yonden
2017,1,2017-01-10,17:00,3900.0,880.0,4650.0,530.0,－－－－－－－－－－,0.0,0.0,0.0,100.0,0.0,0.0,-2260.0,3900.0,yonden
2017,1,2017-01-10,18:00,3970.0,880.0,4590.0,550.0,－－－－－－－－－－,0.0,0.0,0.0,90.0,0.0,0.0,-2140.0,3970.0,yonden
2017,1,2017-01-10,19:00,3850.0,880.0,4590.0,500.0,－－－－－－－－－－,0.0,0.0,0.0,100.0,0.0,0.0,-2220.0,3850.0,yonden
2017,1,2017-01-10,20:00,3700.0,880.0,4590.0,440.0,－－－－－－－－－－,0.0,0.0,0.0,110.0,0.0,0.0,-2320.0,3700.0,yonden
2017,1,2017-01-10,21:00,3470.0,880.0,4510.0,390.0,－－－－－－－－－－,0.0,0.0,0.0,100.0,0.0,0.0,-2410.0,3470.0,yonden
2017,1,2017-01-10,22:00,3220.0,880.0,4320.0,310.0,－－－－－－－－－－,0.0,0.0,0.0,100.0,0.0,0.0,-2390.0,3220.0,yonden
2017,1,2017-01-10,23:00,3100.0,880.0,4050.0,250.0,－－－－－－－－－－,0.0,0.0,0.0,100.0,0.0,0.0,-2180.0,3100.0,yonden
2017,1,2017-01-11,00:00,3040.0,880.0,3930.0,250.0,－－－－－－－－－－,0.0,0.0,0.0,110.0,0.0,0.0,-2130.0,3040.0,yonden
2017,1,2017-01-11,01:00,3150.0,880.0,3920.0,250.0,－－－－－－－－－－,10.0,0.0,0.0,110.0,0.0,0.0,-2020.0,3150.0,yonden
2017,1,2017-01-11,02:00,3380.0,880.0,3960.0,300.0,－－－－－－－－－－,10.0,0.0,0.0,110.0,0.0,0.0,-1880.0,3380.0,yonden
2017,1,2017-01-11,03:00,3480.0,880.0,4000.0,380.0,－－－－－－－－－－,10.0,0.0,0.0,100.0,0.0,0.0,-1890.0,3480.0,yonden
2017,1,2017-01-11,04:00,3480.0,880.0,4000.0,410.0,－－－－－－－－－－,10.0,0.0,0.0,90.0,0.0,0.0,-1910.0,3480.0,yonden
2017,1,2017-01-11,05:00,3370.0,880.0,3950.0,360.0,－－－－－－－－－－,10.0,0.0,0.0,90.0,0.0,0.0,-1920.0,3370.0,yonden
2017,1,2017-01-11,06:00,3490.0,880.0,4140.0,320.0,－－－－－－－－－－,10.0,0.0,0.0,90.0,0.0,0.0,-1950.0,3490.0,yonden
2017,1,2017-01-11,07:00,3630.0,880.0,4360.0,360.0,－－－－－－－－－－,10.0,40.0,0.0,90.0,0.0,0.0,-2110.0,3630.0,yonden
2017,1,2017-01-11,08:00,3980.0,880.0,4440.0,480.0,－－－－－－－－－－,10.0,220.0,0.0,110.0,0.0,0.0,-2160.0,3980.0,yonden
2017,1,2017-01-11,09:00,3950.0,880.0,4280.0,480.0,－－－－－－－－－－,10.0,500.0,0.0,100.0,0.0,0.0,-2300.0,3950.0,yonden
2017,1,2017-01-11,10:00,3770.0,880.0,4030.0,370.0,－－－－－－－－－－,10.0,840.0,0.0,110.0,0.0,0.0,-2470.0,3770.0,yonden
2017,1,2017-01-11,11:00,3740.0,880.0,3860.0,290.0,－－－－－－－－－－,10.0,1060.0,0.0,100.0,0.0,0.0,-2460.0,3740.0,yonden
2017,1,2017-01-11,12:00,3530.0,880.0,3850.0,270.0,－－－－－－－－－－,10.0,1070.0,0.0,100.0,0.0,-180.0,-2470.0,3530.0,yonden
2017,1,2017-01-11,13:00,3670.0,880.0,3880.0,270.0,－－－－－－－－－－,10.0,970.0,0.0,110.0,0.0,0.0,-2450.0,3670.0,yonden
2017,1,2017-01-11,14:00,3650.0,880.0,4060.0,280.0,－－－－－－－－－－,10.0,760.0,0.0,100.0,0.0,0.0,-2440.0,3650.0,yonden
2017,1,2017-01-11,15:00,3680.0,880.0,4310.0,340.0,－－－－－－－－－－,10.0,460.0,0.0,100.0,0.0,0.0,-2420.0,3680.0,yonden
2017,1,2017-01-11,16:00,3880.0,880.0,4630.0,460.0,－－－－－－－－－－,10.0,160.0,0.0,110.0,0.0,0.0,-2370.0,3880.0,yonden
2017,1,2017-01-11,17:00,4060.0,880.0,4720.0,550.0,－－－－－－－－－－,10.0,0.0,0.0,110.0,0.0,0.0,-2210.0,4060.0,yonden
2017,1,2017-01-11,18:00,4150.0,880.0,4660.0,550.0,－－－－－－－－－－,10.0,0.0,0.0,100.0,0.0,0.0,-2050.0,4150.0,yonden
2017,1,2017-01-11,19:00,4040.0,880.0,4640.0,520.0,－－－－－－－－－－,10.0,0.0,0.0,100.0,0.0,0.0,-2110.0,4040.0,yonden
2017,1,2017-01-11,20:00,3890.0,880.0,4510.0,410.0,－－－－－－－－－－,10.0,0.0,0.0,100.0,0.0,0.0,-2020.0,3890.0,yonden
2017,1,2017-01-11,21:00,3650.0,880.0,4400.0,400.0,－－－－－－－－－－,10.0,0.0,0.0,100.0,0.0,0.0,-2140.0,3650.0,yonden
2017,1,2017-01-11,22:00,3350.0,880.0,4220.0,360.0,－－－－－－－－－－,10.0,0.0,0.0,100.0,0.0,0.0,-2220.0,3350.0,yonden
2017,1,2017-01-11,23:00,3220.0,880.0,4050.0,290.0,－－－－－－－－－－,10.0,0.0,0.0,100.0,0.0,0.0,-2110.0,3220.0,yonden
2017,1,2017-01-12,00:00,3130.0,880.0,3900.0,280.0,－－－－－－－－－－,10.0,0.0,0.0,110.0,0.0,0.0,-2050.0,3130.0,yonden
2017,1,2017-01-12,01:00,3220.0,880.0,3820.0,300.0,－－－－－－－－－－,10.0,0.0,0.0,120.0,0.0,0.0,-1910.0,3220.0,yonden
2017,1,2017-01-12,02:00,3430.0,880.0,3830.0,400.0,－－－－－－－－－－,10.0,0.0,0.0,110.0,0.0,0.0,-1800.0,3430.0,yonden
2017,1,2017-01-12,03:00,3520.0,880.0,3910.0,420.0,－－－－－－－－－－,10.0,0.0,0.0,110.0,0.0,0.0,-1810.0,3520.0,yonden
2017,1,2017-01-12,04:00,3480.0,880.0,3920.0,420.0,－－－－－－－－－－,10.0,0.0,0.0,110.0,0.0,0.0,-1860.0,3480.0,yonden
2017,1,2017-01-12,05:00,3410.0,880.0,3940.0,300.0,－－－－－－－－－－,10.0,0.0,0.0,110.0,0.0,0.0,-1830.0,3410.0,yonden
2017,1,2017-01-12,06:00,3560.0,880.0,4120.0,310.0,－－－－－－－－－－,10.0,0.0,0.0,110.0,0.0,0.0,-1870.0,3560.0,yonden
2017,1,2017-01-12,07:00,3710.0,880.0,4350.0,430.0,－－－－－－－－－－,10.0,40.0,0.0,100.0,0.0,0.0,-2100.0,3710.0,yonden
2017,1,2017-01-12,08:00,4040.0,880.0,4570.0,500.0,－－－－－－－－－－,10.0,180.0,0.0,100.0,0.0,0.0,-2200.0,4040.0,yonden
2017,1,2017-01-12,09:00,4070.0,880.0,4560.0,450.0,－－－－－－－－－－,10.0,390.0,0.0,100.0,0.0,0.0,-2320.0,4070.0,yonden
2017,1,2017-01-12,10:00,4010.0,880.0,4510.0,320.0,－－－－－－－－－－,10.0,570.0,0.0,90.0,0.0,0.0,-2370.0,4010.0,yonden
2017,1,2017-01-12,11:00,3950.0,880.0,4400.0,270.0,－－－－－－－－－－,10.0,710.0,0.0,80.0,0.0,0.0,-2400.0,3950.0,yonden
2017,1,2017-01-12,12:00,3710.0,880.0,4300.0,260.0,－－－－－－－－－－,10.0,650.0,0.0,70.0,0.0,0.0,-2460.0,3710.0,yonden
2017,1,2017-01-12,13:00,3810.0,880.0,4330.0,260.0,－－－－－－－－－－,10.0,650.0,0.0,80.0,0.0,0.0,-2400.0,3810.0,yonden
2017,1,2017-01-12,14:00,3790.0,880.0,4400.0,260.0,－－－－－－－－－－,10.0,540.0,0.0,80.0,0.0,0.0,-2380.0,3790.0,yonden
2017,1,2017-01-12,15:00,3810.0,880.0,4570.0,310.0,－－－－－－－－－－,10.0,340.0,0.0,70.0,0.0,0.0,-2370.0,3810.0,yonden
2017,1,2017-01-12,16:00,4010.0,880.0,4740.0,460.0,－－－－－－－－－－,10.0,130.0,0.0,70.0,0.0,130.0,-2410.0,4010.0,yonden
2017,1,2017-01-12,17:00,4210.0,880.0,4820.0,510.0,－－－－－－－－－－,10.0,0.0,0.0,70.0,0.0,210.0,-2290.0,4210.0,yonden
2017,1,2017-01-12,18:00,4290.0,880.0,4820.0,500.0,－－－－－－－－－－,10.0,0.0,0.0,70.0,0.0,190.0,-2180.0,4290.0,yonden
2017,1,2017-01-12,19:00,4130.0,880.0,4760.0,480.0,－－－－－－－－－－,10.0,0.0,0.0,60.0,0.0,180.0,-2240.0,4130.0,yonden
2017,1,2017-01-12,20:00,3950.0,880.0,4750.0,440.0,－－－－－－－－－－,10.0,0.0,0.0,60.0,0.0,0.0,-2190.0,3950.0,yonden
2017,1,2017-01-12,21:00,3680.0,880.0,4540.0,370.0,－－－－－－－－－－,10.0,0.0,0.0,60.0,0.0,0.0,-2180.0,3680.0,yonden
2017,1,2017-01-12,22:00,3390.0,880.0,4320.0,280.0,－－－－－－－－－－,10.0,0.0,0.0,60.0,0.0,0.0,-2160.0,3390.0,yonden
2017,1,2017-01-12,23:00,3250.0,880.0,4090.0,260.0,－－－－－－－－－－,10.0,0.0,0.0,70.0,0.0,0.0,-2060.0,3250.0,yonden
2017,1,2017-01-13,00:00,3160.0,880.0,4010.0,290.0,－－－－－－－－－－,10.0,0.0,0.0,60.0,0.0,0.0,-2090.0,3160.0,yonden
2017,1,2017-01-13,01:00,3250.0,880.0,3960.0,310.0,－－－－－－－－－－,10.0,0.0,0.0,60.0,0.0,0.0,-1970.0,3250.0,yonden
2017,1,2017-01-13,02:00,3440.0,880.0,4000.0,360.0,－－－－－－－－－－,10.0,0.0,0.0,80.0,0.0,0.0,-1890.0,3440.0,yonden
2017,1,2017-01-13,03:00,3540.0,880.0,4020.0,410.0,－－－－－－－－－－,10.0,0.0,0.0,90.0,0.0,0.0,-1870.0,3540.0,yonden
2017,1,2017-01-13,04:00,3520.0,880.0,4030.0,400.0,－－－－－－－－－－,10.0,0.0,0.0,100.0,0.0,0.0,-1900.0,3520.0,yonden
2017,1,2017-01-13,05:00,3450.0,880.0,3990.0,330.0,－－－－－－－－－－,10.0,0.0,0.0,100.0,0.0,0.0,-1860.0,3450.0,yonden
2017,1,2017-01-13,06:00,3550.0,880.0,4010.0,370.0,－－－－－－－－－－,10.0,0.0,0.0,100.0,0.0,0.0,-1820.0,3550.0,yonden
2017,1,2017-01-13,07:00,3700.0,880.0,4090.0,420.0,－－－－－－－－－－,10.0,30.0,0.0,100.0,0.0,0.0,-1830.0,3700.0,yonden
2017,1,2017-01-13,08:00,4070.0,880.0,4270.0,470.0,－－－－－－－－－－,10.0,160.0,0.0,100.0,0.0,0.0,-1820.0,4070.0,yonden
2017,1,2017-01-13,09:00,4090.0,880.0,4140.0,390.0,－－－－－－－－－－,10.0,380.0,0.0,100.0,0.0,0.0,-1810.0,4090.0,yonden
2017,1,2017-01-13,10:00,3910.0,880.0,3780.0,320.0,－－－－－－－－－－,10.0,700.0,0.0,110.0,0.0,-30.0,-1860.0,3910.0,yonden
2017,1,2017-01-13,11:00,3910.0,880.0,3840.0,280.0,－－－－－－－－－－,10.0,890.0,0.0,110.0,0.0,-300.0,-1800.0,3910.0,yonden
2017,1,2017-01-13,12:00,3670.0,880.0,3640.0,240.0,－－－－－－－－－－,10.0,940.0,0.0,110.0,0.0,-300.0,-1850.0,3670.0,yonden
2017,1,2017-01-13,13:00,3860.0,880.0,3930.0,250.0,－－－－－－－－－－,10.0,790.0,0.0,120.0,0.0,-300.0,-1820.0,3860.0,yonden
2017,1,2017-01-13,14:00,3840.0,880.0,3930.0,270.0,－－－－－－－－－－,10.0,540.0,0.0,120.0,0.0,-130.0,-1780.0,3840.0,yonden
2017,1,2017-01-13,15:00,3920.0,880.0,4010.0,280.0,－－－－－－－－－－,10.0,360.0,0.0,120.0,0.0,0.0,-1740.0,3920.0,yonden
2017,1,2017-01-13,16:00,4090.0,880.0,4360.0,360.0,－－－－－－－－－－,10.0,150.0,0.0,110.0,0.0,0.0,-1780.0,4090.0,yonden
2017,1,2017-01-13,17:00,4240.0,880.0,4590.0,490.0,－－－－－－－－－－,10.0,0.0,0.0,90.0,0.0,0.0,-1820.0,4240.0,yonden
2017,1,2017-01-13,18:00,4300.0,880.0,4620.0,540.0,－－－－－－－－－－,10.0,0.0,0.0,90.0,0.0,0.0,-1840.0,4300.0,yonden
2017,1,2017-01-13,19:00,4150.0,880.0,4530.0,470.0,－－－－－－－－－－,10.0,0.0,0.0,80.0,0.0,0.0,-1820.0,4150.0,yonden
2017,1,2017-01-13,20:00,3950.0,880.0,4410.0,400.0,－－－－－－－－－－,10.0,0.0,0.0,90.0,0.0,0.0,-1840.0,3950.0,yonden
2017,1,2017-01-13,21:00,3720.0,880.0,4320.0,300.0,－－－－－－－－－－,10.0,0.0,0.0,90.0,0.0,0.0,-1880.0,3720.0,yonden
2017,1,2017-01-13,22:00,3410.0,880.0,4220.0,280.0,－－－－－－－－－－,10.0,0.0,0.0,90.0,0.0,0.0,-2070.0,3410.0,yonden
2017,1,2017-01-13,23:00,3300.0,880.0,4090.0,280.0,－－－－－－－－－－,10.0,0.0,0.0,90.0,0.0,0.0,-2050.0,3300.0,yonden
2017,1,2017-01-14,00:00,3250.0,880.0,3970.0,230.0,－－－－－－－－－－,10.0,0.0,0.0,100.0,0.0,0.0,-1940.0,3250.0,yonden
2017,1,2017-01-14,01:00,3330.0,880.0,3990.0,210.0,－－－－－－－－－－,10.0,0.0,0.0,110.0,0.0,0.0,-1870.0,3330.0,yonden
2017,1,2017-01-14,02:00,3490.0,880.0,4030.0,220.0,－－－－－－－－－－,10.0,0.0,0.0,110.0,0.0,0.0,-1760.0,3490.0,yonden
2017,1,2017-01-14,03:00,3570.0,880.0,4070.0,250.0,－－－－－－－－－－,10.0,0.0,0.0,120.0,0.0,0.0,-1760.0,3570.0,yonden
2017,1,2017-01-14,04:00,3510.0,880.0,3990.0,240.0,－－－－－－－－－－,10.0,0.0,0.0,120.0,0.0,0.0,-1730.0,3510.0,yonden
2017,1,2017-01-14,05:00,3350.0,880.0,3920.0,210.0,－－－－－－－－－－,10.0,0.0,0.0,120.0,0.0,0.0,-1790.0,3350.0,yonden
2017,1,2017-01-14,06:00,3320.0,880.0,4080.0,270.0,－－－－－－－－－－,10.0,0.0,0.0,120.0,0.0,0.0,-2040.0,3320.0,yonden
2017,1,2017-01-14,07:00,3480.0,880.0,4350.0,310.0,－－－－－－－－－－,10.0,40.0,0.0,120.0,0.0,0.0,-2230.0,3480.0,yonden
2017,1,2017-01-14,08:00,3800.0,880.0,4350.0,420.0,－－－－－－－－－－,10.0,230.0,0.0,110.0,0.0,0.0,-2200.0,3800.0,yonden
2017,1,2017-01-14,09:00,3800.0,880.0,4180.0,400.0,－－－－－－－－－－,10.0,450.0,0.0,110.0,0.0,0.0,-2230.0,3800.0,yonden
2017,1,2017-01-14,10:00,3700.0,880.0,4060.0,290.0,－－－－－－－－－－,10.0,720.0,0.0,110.0,0.0,0.0,-2370.0,3700.0,yonden
2017,1,2017-01-14,11:00,3710.0,880.0,4070.0,240.0,－－－－－－－－－－,10.0,780.0,0.0,100.0,0.0,0.0,-2370.0,3710.0,yonden
2017,1,2017-01-14,12:00,3540.0,880.0,3900.0,210.0,－－－－－－－－－－,10.0,840.0,0.0,100.0,0.0,0.0,-2400.0,3540.0,yonden
2017,1,2017-01-14,13:00,3630.0,880.0,3990.0,250.0,－－－－－－－－－－,10.0,750.0,0.0,100.0,0.0,0.0,-2350.0,3630.0,yonden
2017,1,2017-01-14,14:00,3640.0,880.0,4160.0,250.0,－－－－－－－－－－,10.0,570.0,0.0,100.0,0.0,0.0,-2330.0,3640.0,yonden
2017,1,2017-01-14,15:00,3710.0,880.0,4240.0,250.0,－－－－－－－－－－,10.0,380.0,0.0,100.0,0.0,0.0,-2150.0,3710.0,yonden
2017,1,2017-01-14,16:00,3900.0,880.0,4430.0,330.0,－－－－－－－－－－,10.0,130.0,0.0,100.0,0.0,0.0,-1980.0,3900.0,yonden
2017,1,2017-01-14,17:00,4140.0,880.0,4570.0,460.0,－－－－－－－－－－,10.0,0.0,0.0,100.0,0.0,0.0,-1880.0,4140.0,yonden
2017,1,2017-01-14,18:00,4260.0,880.0,4600.0,510.0,－－－－－－－－－－,10.0,0.0,0.0,100.0,0.0,0.0,-1840.0,4260.0,yonden
2017,1,2017-01-14,19:00,4180.0,880.0,4530.0,470.0,－－－－－－－－－－,10.0,0.0,0.0,100.0,0.0,0.0,-1810.0,4180.0,yonden
2017,1,2017-01-14,20:00,4040.0,880.0,4550.0,350.0,－－－－－－－－－－,10.0,0.0,0.0,100.0,0.0,0.0,-1850.0,4040.0,yonden
2017,1,2017-01-14,21:00,3840.0,880.0,4620.0,280.0,－－－－－－－－－－,10.0,0.0,0.0,100.0,0.0,0.0,-2050.0,3840.0,yonden
2017,1,2017-01-14,22:00,3510.0,880.0,4490.0,200.0,－－－－－－－－－－,10.0,0.0,0.0,100.0,0.0,0.0,-2170.0,3510.0,yonden
2017,1,2017-01-14,23:00,3470.0,880.0,4220.0,200.0,－－－－－－－－－－,10.0,0.0,0.0,110.0,0.0,0.0,-1950.0,3470.0,yonden
2017,1,2017-01-15,00:00,3430.0,880.0,4190.0,190.0,－－－－－－－－－－,10.0,0.0,0.0,110.0,0.0,0.0,-1950.0,3430.0,yonden
2017,1,2017-01-15,01:00,3500.0,880.0,4210.0,190.0,－－－－－－－－－－,10.0,0.0,0.0,100.0,0.0,0.0,-1890.0,3500.0,yonden
2017,1,2017-01-15,02:00,3610.0,880.0,4210.0,240.0,－－－－－－－－－－,10.0,0.0,0.0,90.0,0.0,0.0,-1820.0,3610.0,yonden
2017,1,2017-01-15,03:00,3620.0,880.0,4160.0,280.0,－－－－－－－－－－,10.0,0.0,0.0,100.0,0.0,0.0,-1810.0,3620.0,yonden
2017,1,2017-01-15,04:00,3480.0,880.0,4040.0,270.0,－－－－－－－－－－,10.0,0.0,0.0,100.0,0.0,0.0,-1820.0,3480.0,yonden
2017,1,2017-01-15,05:00,3280.0,880.0,3980.0,220.0,－－－－－－－－－－,10.0,0.0,0.0,100.0,0.0,0.0,-1910.0,3280.0,yonden
2017,1,2017-01-15,06:00,3200.0,880.0,3990.0,220.0,－－－－－－－－－－,10.0,0.0,0.0,100.0,0.0,0.0,-2000.0,3200.0,yonden
2017,1,2017-01-15,07:00,3300.0,880.0,3880.0,240.0,－－－－－－－－－－,10.0,40.0,0.0,100.0,0.0,0.0,-1850.0,3300.0,yonden
2017,1,2017-01-15,08:00,3520.0,880.0,3860.0,370.0,－－－－－－－－－－,10.0,180.0,0.0,100.0,0.0,0.0,-1880.0,3520.0,yonden
2017,1,2017-01-15,09:00,3500.0,880.0,3770.0,370.0,－－－－－－－－－－,10.0,360.0,0.0,90.0,0.0,0.0,-1980.0,3500.0,yonden
2017,1,2017-01-15,10:00,3420.0,880.0,3730.0,260.0,－－－－－－－－－－,10.0,560.0,0.0,100.0,0.0,0.0,-2120.0,3420.0,yonden
2017,1,2017-01-15,11:00,3330.0,880.0,3570.0,190.0,－－－－－－－－－－,10.0,720.0,0.0,100.0,0.0,0.0,-2140.0,3330.0,yonden
2017,1,2017-01-15,12:00,3250.0,880.0,3490.0,180.0,－－－－－－－－－－,10.0,690.0,0.0,110.0,0.0,0.0,-2110.0,3250.0,yonden
2017,1,2017-01-15,13:00,3180.0,880.0,3470.0,190.0,－－－－－－－－－－,10.0,710.0,0.0,120.0,0.0,0.0,-2200.0,3180.0,yonden
2017,1,2017-01-15,14:00,3190.0,880.0,3570.0,210.0,－－－－－－－－－－,10.0,580.0,0.0,120.0,0.0,0.0,-2180.0,3190.0,yonden
2017,1,2017-01-15,15:00,3230.0,880.0,3570.0,230.0,－－－－－－－－－－,10.0,400.0,0.0,110.0,0.0,0.0,-1970.0,3230.0,yonden
2017,1,2017-01-15,16:00,3420.0,880.0,3870.0,290.0,－－－－－－－－－－,10.0,160.0,0.0,110.0,0.0,0.0,-1900.0,3420.0,yonden
2017,1,2017-01-15,17:00,3780.0,880.0,4140.0,420.0,－－－－－－－－－－,10.0,0.0,0.0,110.0,0.0,0.0,-1780.0,3780.0,yonden
2017,1,2017-01-15,18:00,3990.0,880.0,4320.0,500.0,－－－－－－－－－－,10.0,0.0,0.0,120.0,0.0,0.0,-1840.0,3990.0,yonden
2017,1,2017-01-15,19:00,3950.0,880.0,4230.0,450.0,－－－－－－－－－－,10.0,0.0,0.0,110.0,0.0,0.0,-1730.0,3950.0,yonden
2017,1,2017-01-15,20:00,3830.0,880.0,4190.0,360.0,－－－－－－－－－－,10.0,0.0,0.0,110.0,0.0,0.0,-1720.0,3830.0,yonden
2017,1,2017-01-15,21:00,3640.0,880.0,4220.0,280.0,－－－－－－－－－－,10.0,0.0,0.0,100.0,0.0,0.0,-1850.0,3640.0,yonden
2017,1,2017-01-15,22:00,3350.0,880.0,4190.0,250.0,－－－－－－－－－－,10.0,0.0,0.0,90.0,0.0,0.0,-2070.0,3350.0,yonden
2017,1,2017-01-15,23:00,3280.0,880.0,4210.0,210.0,－－－－－－－－－－,10.0,0.0,0.0,90.0,0.0,0.0,-2120.0,3280.0,yonden
2017,1,2017-01-16,00:00,3260.0,880.0,4060.0,190.0,－－－－－－－－－－,10.0,0.0,0.0,90.0,0.0,0.0,-1970.0,3260.0,yonden
2017,1,2017-01-16,01:00,3360.0,880.0,4080.0,200.0,－－－－－－－－－－,10.0,0.0,0.0,90.0,0.0,0.0,-1900.0,3360.0,yonden
2017,1,2017-01-16,02:00,3510.0,880.0,4170.0,200.0,－－－－－－－－－－,10.0,0.0,0.0,90.0,0.0,0.0,-1840.0,3510.0,yonden
2017,1,2017-01-16,03:00,3550.0,880.0,4190.0,210.0,－－－－－－－－－－,10.0,0.0,0.0,90.0,0.0,0.0,-1830.0,3550.0,yonden
2017,1,2017-01-16,04:00,3490.0,880.0,4060.0,190.0,－－－－－－－－－－,10.0,0.0,0.0,100.0,0.0,0.0,-1750.0,3490.0,yonden
2017,1,2017-01-16,05:00,3430.0,880.0,3980.0,190.0,－－－－－－－－－－,10.0,0.0,0.0,120.0,0.0,0.0,-1750.0,3430.0,yonden
2017,1,2017-01-16,06:00,3640.0,880.0,4270.0,210.0,－－－－－－－－－－,10.0,0.0,0.0,110.0,0.0,0.0,-1840.0,3640.0,yonden
2017,1,2017-01-16,07:00,3870.0,880.0,4520.0,200.0,－－－－－－－－－－,10.0,30.0,0.0,110.0,0.0,0.0,-1880.0,3870.0,yonden
2017,1,2017-01-16,08:00,4270.0,880.0,4620.0,290.0,－－－－－－－－－－,10.0,130.0,0.0,120.0,0.0,0.0,-1780.0,4270.0,yonden
2017,1,2017-01-16,09:00,4310.0,880.0,4520.0,320.0,－－－－－－－－－－,10.0,290.0,0.0,120.0,0.0,0.0,-1830.0,4310.0,yonden
2017,1,2017-01-16,10:00,4180.0,880.0,4360.0,250.0,－－－－－－－－－－,10.0,460.0,0.0,120.0,0.0,0.0,-1900.0,4180.0,yonden
2017,1,2017-01-16,11:00,4070.0,880.0,4170.0,190.0,－－－－－－－－－－,10.0,700.0,0.0,110.0,0.0,0.0,-1990.0,4070.0,yonden
2017,1,2017-01-16,12:00,3850.0,880.0,4110.0,190.0,－－－－－－－－－－,10.0,750.0,0.0,100.0,0.0,0.0,-2190.0,3850.0,yonden
2017,1,2017-01-16,13:00,4020.0,880.0,4200.0,210.0,－－－－－－－－－－,10.0,740.0,0.0,90.0,0.0,0.0,-2110.0,4020.0,yonden
2017,1,2017-01-16,14:00,4000.0,880.0,4130.0,220.0,－－－－－－－－－－,10.0,670.0,0.0,80.0,0.0,0.0,-1990.0,4000.0,yonden
2017,1,2017-01-16,15:00,4000.0,880.0,4330.0,230.0,－－－－－－－－－－,10.0,460.0,0.0,80.0,0.0,0.0,-1990.0,4000.0,yonden
2017,1,2017-01-16,16:00,4180.0,880.0,4660.0,260.0,－－－－－－－－－－,10.0,200.0,0.0,90.0,0.0,0.0,-1920.0,4180.0,yonden
2017,1,2017-01-16,17:00,4360.0,880.0,4770.0,390.0,－－－－－－－－－－,10.0,0.0,0.0,110.0,0.0,0.0,-1800.0,4360.0,yonden
2017,1,2017-01-16,18:00,4480.0,880.0,4810.0,410.0,－－－－－－－－－－,10.0,0.0,0.0,110.0,0.0,0.0,-1740.0,4480.0,yonden
2017,1,2017-01-16,19:00,4350.0,880.0,4720.0,320.0,－－－－－－－－－－,10.0,0.0,0.0,110.0,0.0,0.0,-1690.0,4350.0,yonden
2017,1,2017-01-16,20:00,4160.0,880.0,4560.0,200.0,－－－－－－－－－－,10.0,0.0,0.0,100.0,0.0,0.0,-1590.0,4160.0,yonden
2017,1,2017-01-16,21:00,3900.0,880.0,4580.0,170.0,－－－－－－－－－－,10.0,0.0,0.0,80.0,0.0,0.0,-1820.0,3900.0,yonden
2017,1,2017-01-16,22:00,3590.0,880.0,4520.0,180.0,－－－－－－－－－－,10.0,0.0,0.0,70.0,0.0,0.0,-2070.0,3590.0,yonden
2017,1,2017-01-16,23:00,3510.0,880.0,4420.0,160.0,－－－－－－－－－－,10.0,0.0,0.0,70.0,0.0,0.0,-2030.0,3510.0,yonden
2017,1,2017-01-17,00:00,3450.0,880.0,4310.0,170.0,－－－－－－－－－－,10.0,0.0,0.0,70.0,0.0,0.0,-1990.0,3450.0,yonden
2017,1,2017-01-17,01:00,3540.0,880.0,4300.0,170.0,－－－－－－－－－－,10.0,0.0,0.0,70.0,0.0,0.0,-1890.0,3540.0,yonden
2017,1,2017-01-17,02:00,3680.0,880.0,4260.0,180.0,－－－－－－－－－－,10.0,0.0,0.0,70.0,0.0,0.0,-1720.0,3680.0,yonden
2017,1,2017-01-17,03:00,3730.0,880.0,4290.0,180.0,－－－－－－－－－－,10.0,0.0,0.0,50.0,0.0,0.0,-1680.0,3730.0,yonden
2017,1,2017-01-17,04:00,3660.0,880.0,4280.0,170.0,－－－－－－－－－－,10.0,0.0,0.0,50.0,0.0,0.0,-1730.0,3660.0,yonden
2017,1,2017-01-17,05:00,3590.0,880.0,4350.0,160.0,－－－－－－－－－－,10.0,0.0,0.0,50.0,0.0,0.0,-1860.0,3590.0,yonden
2017,1,2017-01-17,06:00,3780.0,880.0,4510.0,170.0,－－－－－－－－－－,10.0,0.0,0.0,50.0,0.0,0.0,-1840.0,3780.0,yonden
2017,1,2017-01-17,07:00,3990.0,880.0,4590.0,200.0,－－－－－－－－－－,10.0,60.0,0.0,60.0,0.0,0.0,-1810.0,3990.0,yonden
2017,1,2017-01-17,08:00,4290.0,880.0,4570.0,260.0,－－－－－－－－－－,10.0,290.0,0.0,30.0,0.0,0.0,-1750.0,4290.0,yonden
2017,1,2017-01-17,09:00,4200.0,880.0,4360.0,290.0,－－－－－－－－－－,10.0,620.0,0.0,30.0,0.0,0.0,-1990.0,4200.0,yonden
2017,1,2017-01-17,10:00,4060.0,880.0,4250.0,270.0,－－－－－－－－－－,10.0,890.0,0.0,20.0,0.0,0.0,-2260.0,4060.0,yonden
2017,1,2017-01-17,11:00,3970.0,880.0,4240.0,180.0,－－－－－－－－－－,10.0,1010.0,0.0,20.0,0.0,0.0,-2370.0,3970.0,yonden
2017,1,2017-01-17,12:00,3690.0,880.0,3970.0,140.0,－－－－－－－－－－,10.0,1070.0,0.0,20.0,0.0,0.0,-2400.0,3690.0,yonden
2017,1,2017-01-17,13:00,3820.0,880.0,4090.0,170.0,－－－－－－－－－－,10.0,1000.0,0.0,20.0,0.0,0.0,-2350.0,3820.0,yonden
2017,1,2017-01-17,14:00,3810.0,880.0,4180.0,170.0,－－－－－－－－－－,10.0,750.0,0.0,30.0,0.0,0.0,-2210.0,3810.0,yonden
2017,1,2017-01-17,15:00,3840.0,880.0,4290.0,180.0,－－－－－－－－－－,10.0,430.0,0.0,30.0,0.0,0.0,-1980.0,3840.0,yonden
2017,1,2017-01-17,16:00,4030.0,880.0,4690.0,230.0,－－－－－－－－－－,10.0,150.0,0.0,40.0,0.0,0.0,-1970.0,4030.0,yonden
2017,1,2017-01-17,17:00,4240.0,880.0,4800.0,330.0,－－－－－－－－－－,10.0,0.0,0.0,30.0,0.0,0.0,-1810.0,4240.0,yonden
2017,1,2017-01-17,18:00,4370.0,880.0,4810.0,360.0,－－－－－－－－－－,10.0,0.0,0.0,20.0,0.0,0.0,-1710.0,4370.0,yonden
2017,1,2017-01-17,19:00,4230.0,880.0,4750.0,320.0,－－－－－－－－－－,10.0,0.0,0.0,20.0,0.0,0.0,-1750.0,4230.0,yonden
2017,1,2017-01-17,20:00,4070.0,880.0,4560.0,190.0,－－－－－－－－－－,10.0,0.0,0.0,10.0,0.0,0.0,-1580.0,4070.0,yonden
2017,1,2017-01-17,21:00,3820.0,880.0,4530.0,160.0,－－－－－－－－－－,10.0,0.0,0.0,10.0,0.0,0.0,-1770.0,3820.0,yonden
2017,1,2017-01-17,22:00,3510.0,880.0,4390.0,160.0,－－－－－－－－－－,10.0,0.0,0.0,0.0,0.0,0.0,-1930.0,3510.0,yonden
2017,1,2017-01-17,23:00,3430.0,880.0,4170.0,150.0,－－－－－－－－－－,10.0,0.0,0.0,0.0,0.0,0.0,-1780.0,3430.0,yonden
2017,1,2017-01-18,00:00,3410.0,880.0,4160.0,140.0,－－－－－－－－－－,10.0,0.0,0.0,0.0,0.0,0.0,-1780.0,3410.0,yonden
2017,1,2017-01-18,01:00,3500.0,880.0,4150.0,150.0,－－－－－－－－－－,10.0,0.0,0.0,0.0,0.0,0.0,-1690.0,3500.0,yonden
2017,1,2017-01-18,02:00,3670.0,880.0,4230.0,160.0,－－－－－－－－－－,10.0,0.0,0.0,0.0,0.0,0.0,-1610.0,3670.0,yonden
2017,1,2017-01-18,03:00,3710.0,880.0,4230.0,160.0,－－－－－－－－－－,10.0,0.0,0.0,0.0,0.0,0.0,-1570.0,3710.0,yonden
2017,1,2017-01-18,04:00,3660.0,880.0,4170.0,160.0,－－－－－－－－－－,10.0,0.0,0.0,0.0,0.0,0.0,-1560.0,3660.0,yonden
2017,1,2017-01-18,05:00,3580.0,880.0,4220.0,150.0,－－－－－－－－－－,10.0,0.0,0.0,0.0,0.0,0.0,-1680.0,3580.0,yonden
2017,1,2017-01-18,06:00,3810.0,880.0,4530.0,170.0,－－－－－－－－－－,10.0,0.0,0.0,0.0,0.0,0.0,-1780.0,3810.0,yonden
2017,1,2017-01-18,07:00,4010.0,880.0,4640.0,230.0,－－－－－－－－－－,10.0,60.0,0.0,0.0,0.0,0.0,-1810.0,4010.0,yonden
2017,1,2017-01-18,08:00,4300.0,880.0,4640.0,270.0,－－－－－－－－－－,10.0,270.0,0.0,0.0,0.0,0.0,-1770.0,4300.0,yonden
2017,1,2017-01-18,09:00,4250.0,880.0,4520.0,210.0,－－－－－－－－－－,10.0,570.0,0.0,0.0,0.0,0.0,-1940.0,4250.0,yonden
2017,1,2017-01-18,10:00,4080.0,880.0,4300.0,250.0,－－－－－－－－－－,10.0,830.0,0.0,0.0,0.0,0.0,-2190.0,4080.0,yonden
2017,1,2017-01-18,11:00,3940.0,880.0,4250.0,170.0,－－－－－－－－－－,10.0,950.0,0.0,0.0,0.0,0.0,-2320.0,3940.0,yonden
2017,1,2017-01-18,12:00,3710.0,880.0,4070.0,140.0,－－－－－－－－－－,10.0,950.0,0.0,0.0,0.0,0.0,-2340.0,3710.0,yonden
2017,1,2017-01-18,13:00,3840.0,880.0,4200.0,140.0,－－－－－－－－－－,10.0,880.0,0.0,0.0,0.0,0.0,-2270.0,3840.0,yonden
2017,1,2017-01-18,14:00,3820.0,880.0,4180.0,150.0,－－－－－－－－－－,10.0,710.0,0.0,0.0,0.0,0.0,-2110.0,3820.0,yonden
2017,1,2017-01-18,15:00,3790.0,880.0,4360.0,170.0,－－－－－－－－－－,10.0,470.0,0.0,0.0,0.0,0.0,-2100.0,3790.0,yonden
2017,1,2017-01-18,16:00,3970.0,880.0,4790.0,200.0,－－－－－－－－－－,10.0,190.0,0.0,0.0,0.0,0.0,-2100.0,3970.0,yonden
2017,1,2017-01-18,17:00,4130.0,880.0,4840.0,320.0,－－－－－－－－－－,10.0,0.0,0.0,0.0,0.0,0.0,-1920.0,4130.0,yonden
2017,1,2017-01-18,18:00,4260.0,880.0,4830.0,360.0,－－－－－－－－－－,10.0,0.0,0.0,0.0,0.0,0.0,-1820.0,4260.0,yonden
2017,1,2017-01-18,19:00,4130.0,880.0,4800.0,330.0,－－－－－－－－－－,10.0,0.0,0.0,0.0,0.0,0.0,-1890.0,4130.0,yonden
2017,1,2017-01-18,20:00,3950.0,880.0,4590.0,190.0,－－－－－－－－－－,10.0,0.0,0.0,0.0,0.0,0.0,-1720.0,3950.0,yonden
2017,1,2017-01-18,21:00,3690.0,880.0,4470.0,160.0,－－－－－－－－－－,10.0,0.0,0.0,0.0,0.0,0.0,-1830.0,3690.0,yonden
2017,1,2017-01-18,22:00,3400.0,880.0,4320.0,160.0,－－－－－－－－－－,10.0,0.0,0.0,10.0,0.0,0.0,-1980.0,3400.0,yonden
2017,1,2017-01-18,23:00,3300.0,880.0,4070.0,150.0,－－－－－－－－－－,10.0,0.0,0.0,10.0,0.0,0.0,-1820.0,3300.0,yonden
2017,1,2017-01-19,00:00,3210.0,880.0,3890.0,120.0,－－－－－－－－－－,10.0,0.0,0.0,10.0,0.0,0.0,-1700.0,3210.0,yonden
2017,1,2017-01-19,01:00,3300.0,880.0,3870.0,140.0,－－－－－－－－－－,10.0,0.0,0.0,20.0,0.0,0.0,-1620.0,3300.0,yonden
2017,1,2017-01-19,02:00,3480.0,880.0,3990.0,160.0,－－－－－－－－－－,10.0,0.0,0.0,30.0,0.0,0.0,-1590.0,3480.0,yonden
2017,1,2017-01-19,03:00,3550.0,880.0,4070.0,160.0,－－－－－－－－－－,10.0,0.0,0.0,30.0,0.0,0.0,-1600.0,3550.0,yonden
2017,1,2017-01-19,04:00,3530.0,880.0,4040.0,160.0,－－－－－－－－－－,10.0,0.0,0.0,40.0,0.0,0.0,-1600.0,3530.0,yonden
2017,1,2017-01-19,05:00,3460.0,880.0,4000.0,140.0,－－－－－－－－－－,10.0,0.0,0.0,50.0,0.0,0.0,-1620.0,3460.0,yonden
2017,1,2017-01-19,06:00,3570.0,880.0,4190.0,150.0,－－－－－－－－－－,10.0,0.0,0.0,70.0,0.0,0.0,-1730.0,3570.0,yonden
2017,1,2017-01-19,07:00,3720.0,880.0,4360.0,170.0,－－－－－－－－－－,10.0,40.0,0.0,50.0,0.0,0.0,-1790.0,3720.0,yonden
2017,1,2017-01-19,08:00,4150.0,880.0,4620.0,270.0,－－－－－－－－－－,10.0,150.0,0.0,30.0,0.0,0.0,-1810.0,4150.0,yonden
2017,1,2017-01-19,09:00,4230.0,880.0,4750.0,220.0,－－－－－－－－－－,10.0,400.0,0.0,20.0,0.0,0.0,-2050.0,4230.0,yonden
2017,1,2017-01-19,10:00,4020.0,880.0,4510.0,200.0,－－－－－－－－－－,10.0,660.0,0.0,20.0,0.0,0.0,-2260.0,4020.0,yonden
2017,1,2017-01-19,11:00,3960.0,880.0,4470.0,170.0,－－－－－－－－－－,10.0,770.0,0.0,20.0,0.0,0.0,-2360.0,3960.0,yonden
2017,1,2017-01-19,12:00,3690.0,880.0,4280.0,130.0,－－－－－－－－－－,10.0,750.0,0.0,30.0,0.0,0.0,-2390.0,3690.0,yonden
2017,1,2017-01-19,13:00,3810.0,880.0,4440.0,150.0,－－－－－－－－－－,10.0,660.0,0.0,40.0,0.0,0.0,-2370.0,3810.0,yonden
2017,1,2017-01-19,14:00,3810.0,880.0,4420.0,160.0,－－－－－－－－－－,10.0,590.0,0.0,40.0,0.0,0.0,-2290.0,3810.0,yonden
2017,1,2017-01-19,15:00,3780.0,880.0,4550.0,180.0,－－－－－－－－－－,10.0,290.0,0.0,30.0,0.0,0.0,-2160.0,3780.0,yonden
2017,1,2017-01-19,16:00,3920.0,880.0,4730.0,220.0,－－－－－－－－－－,10.0,90.0,0.0,20.0,0.0,0.0,-2030.0,3920.0,yonden
2017,1,2017-01-19,17:00,4110.0,880.0,4740.0,350.0,－－－－－－－－－－,10.0,0.0,0.0,20.0,0.0,0.0,-1890.0,4110.0,yonden
2017,1,2017-01-19,18:00,4220.0,880.0,4750.0,450.0,－－－－－－－－－－,10.0,0.0,0.0,10.0,0.0,0.0,-1880.0,4220.0,yonden
2017,1,2017-01-19,19:00,4090.0,880.0,4750.0,390.0,－－－－－－－－－－,10.0,0.0,0.0,0.0,0.0,0.0,-1940.0,4090.0,yonden
2017,1,2017-01-19,20:00,3930.0,880.0,4540.0,240.0,－－－－－－－－－－,10.0,0.0,0.0,0.0,0.0,0.0,-1740.0,3930.0,yonden
2017,1,2017-01-19,21:00,3690.0,880.0,4460.0,160.0,－－－－－－－－－－,10.0,0.0,0.0,0.0,0.0,0.0,-1820.0,3690.0,yonden
2017,1,2017-01-19,22:00,3390.0,880.0,4380.0,160.0,－－－－－－－－－－,10.0,0.0,0.0,0.0,0.0,0.0,-2040.0,3390.0,yonden
2017,1,2017-01-19,23:00,3300.0,880.0,4170.0,160.0,－－－－－－－－－－,10.0,0.0,0.0,0.0,0.0,0.0,-1920.0,3300.0,yonden
2017,1,2017-01-20,00:00,3260.0,880.0,3960.0,150.0,－－－－－－－－－－,10.0,0.0,0.0,0.0,0.0,0.0,-1740.0,3260.0,yonden
2017,1,2017-01-20,01:00,3350.0,880.0,3950.0,150.0,－－－－－－－－－－,10.0,0.0,0.0,0.0,0.0,0.0,-1640.0,3350.0,yonden
2017,1,2017-01-20,02:00,3530.0,880.0,4110.0,150.0,－－－－－－－－－－,10.0,0.0,0.0,0.0,0.0,0.0,-1620.0,3530.0,yonden
2017,1,2017-01-20,03:00,3580.0,880.0,4160.0,150.0,－－－－－－－－－－,10.0,0.0,0.0,10.0,0.0,0.0,-1630.0,3580.0,yonden
2017,1,2017-01-20,04:00,3540.0,880.0,4120.0,160.0,－－－－－－－－－－,10.0,0.0,0.0,10.0,0.0,0.0,-1640.0,3540.0,yonden
2017,1,2017-01-20,05:00,3440.0,880.0,4040.0,150.0,－－－－－－－－－－,10.0,0.0,0.0,30.0,0.0,0.0,-1670.0,3440.0,yonden
2017,1,2017-01-20,06:00,3600.0,880.0,4270.0,140.0,－－－－－－－－－－,10.0,0.0,0.0,60.0,0.0,0.0,-1760.0,3600.0,yonden
2017,1,2017-01-20,07:00,3790.0,880.0,4530.0,140.0,－－－－－－－－－－,10.0,20.0,0.0,50.0,0.0,0.0,-1840.0,3790.0,yonden
2017,1,2017-01-20,08:00,4220.0,880.0,4790.0,260.0,－－－－－－－－－－,10.0,130.0,0.0,40.0,0.0,0.0,-1890.0,4220.0,yonden
2017,1,2017-01-20,09:00,4210.0,880.0,4580.0,260.0,－－－－－－－－－－,10.0,400.0,0.0,60.0,0.0,0.0,-1980.0,4210.0,yonden
2017,1,2017-01-20,10:00,4080.0,880.0,4610.0,200.0,－－－－－－－－－－,10.0,570.0,0.0,80.0,0.0,20.0,-2290.0,4080.0,yonden
2017,1,2017-01-20,11:00,4080.0,880.0,4840.0,180.0,－－－－－－－－－－,10.0,460.0,0.0,80.0,0.0,0.0,-2370.0,4080.0,yonden
2017,1,2017-01-20,12:00,3900.0,880.0,4780.0,160.0,－－－－－－－－－－,10.0,360.0,0.0,90.0,0.0,0.0,-2380.0,3900.0,yonden
2017,1,2017-01-20,13:00,4010.0,880.0,4690.0,160.0,－－－－－－－－－－,10.0,440.0,0.0,100.0,0.0,0.0,-2270.0,4010.0,yonden
2017,1,2017-01-20,14:00,4010.0,880.0,4660.0,160.0,－－－－－－－－－－,10.0,390.0,0.0,100.0,0.0,0.0,-2190.0,4010.0,yonden
2017,1,2017-01-20,15:00,4060.0,880.0,4700.0,180.0,－－－－－－－－－－,10.0,270.0,0.0,100.0,0.0,0.0,-2080.0,4060.0,yonden
2017,1,2017-01-20,16:00,4270.0,880.0,4840.0,250.0,－－－－－－－－－－,10.0,110.0,0.0,90.0,0.0,130.0,-2040.0,4270.0,yonden
2017,1,2017-01-20,17:00,4410.0,880.0,4730.0,340.0,－－－－－－－－－－,10.0,0.0,0.0,80.0,0.0,140.0,-1770.0,4410.0,yonden
2017,1,2017-01-20,18:00,4470.0,880.0,4680.0,460.0,－－－－－－－－－－,10.0,0.0,0.0,90.0,0.0,70.0,-1720.0,4470.0,yonden
2017,1,2017-01-20,19:00,4290.0,880.0,4700.0,360.0,－－－－－－－－－－,10.0,0.0,0.0,100.0,0.0,0.0,-1760.0,4290.0,yonden
2017,1,2017-01-20,20:00,4120.0,880.0,4710.0,220.0,－－－－－－－－－－,10.0,0.0,0.0,90.0,0.0,0.0,-1790.0,4120.0,yonden
2017,1,2017-01-20,21:00,3840.0,880.0,4490.0,160.0,－－－－－－－－－－,10.0,0.0,0.0,100.0,0.0,0.0,-1800.0,3840.0,yonden
2017,1,2017-01-20,22:00,3580.0,880.0,4380.0,150.0,－－－－－－－－－－,10.0,0.0,0.0,110.0,0.0,0.0,-1950.0,3580.0,yonden
2017,1,2017-01-20,23:00,3490.0,880.0,4190.0,150.0,－－－－－－－－－－,10.0,0.0,0.0,120.0,0.0,0.0,-1860.0,3490.0,yonden
2017,1,2017-01-21,00:00,3410.0,880.0,4010.0,140.0,－－－－－－－－－－,10.0,0.0,0.0,120.0,0.0,0.0,-1750.0,3410.0,yonden
2017,1,2017-01-21,01:00,3460.0,880.0,4020.0,140.0,－－－－－－－－－－,10.0,0.0,0.0,110.0,0.0,0.0,-1700.0,3460.0,yonden
2017,1,2017-01-21,02:00,3610.0,880.0,4040.0,170.0,－－－－－－－－－－,10.0,0.0,0.0,110.0,0.0,0.0,-1600.0,3610.0,yonden
2017,1,2017-01-21,03:00,3640.0,880.0,4060.0,180.0,－－－－－－－－－－,10.0,0.0,0.0,110.0,0.0,0.0,-1600.0,3640.0,yonden
2017,1,2017-01-21,04:00,3580.0,880.0,4030.0,170.0,－－－－－－－－－－,10.0,0.0,0.0,100.0,0.0,0.0,-1610.0,3580.0,yonden
2017,1,2017-01-21,05:00,3430.0,880.0,3980.0,130.0,－－－－－－－－－－,10.0,0.0,0.0,100.0,0.0,0.0,-1670.0,3430.0,yonden
2017,1,2017-01-21,06:00,3420.0,880.0,4030.0,120.0,－－－－－－－－－－,10.0,0.0,0.0,90.0,0.0,0.0,-1710.0,3420.0,yonden
2017,1,2017-01-21,07:00,3580.0,880.0,4120.0,130.0,－－－－－－－－－－,10.0,50.0,0.0,100.0,0.0,0.0,-1710.0,3580.0,yonden
2017,1,2017-01-21,08:00,3890.0,880.0,4130.0,200.0,－－－－－－－－－－,10.0,250.0,0.0,70.0,0.0,0.0,-1650.0,3890.0,yonden
2017,1,2017-01-21,09:00,3790.0,880.0,4020.0,180.0,－－－－－－－－－－,10.0,550.0,0.0,50.0,0.0,0.0,-1900.0,3790.0,yonden
2017,1,2017-01-21,10:00,3620.0,880.0,3820.0,160.0,－－－－－－－－－－,10.0,880.0,0.0,40.0,0.0,0.0,-2170.0,3620.0,yonden
2017,1,2017-01-21,11:00,3530.0,880.0,3710.0,150.0,－－－－－－－－－－,10.0,1070.0,0.0,30.0,0.0,0.0,-2320.0,3530.0,yonden
2017,1,2017-01-21,12:00,3340.0,880.0,3580.0,130.0,－－－－－－－－－－,10.0,1110.0,0.0,40.0,0.0,0.0,-2410.0,3340.0,yonden
2017,1,2017-01-21,13:00,3340.0,880.0,3580.0,130.0,－－－－－－－－－－,10.0,990.0,0.0,50.0,0.0,0.0,-2300.0,3340.0,yonden
2017,1,2017-01-21,14:00,3290.0,880.0,3740.0,120.0,－－－－－－－－－－,10.0,760.0,0.0,40.0,0.0,0.0,-2260.0,3290.0,yonden
2017,1,2017-01-21,15:00,3340.0,880.0,3850.0,130.0,－－－－－－－－－－,10.0,460.0,0.0,40.0,0.0,0.0,-2030.0,3340.0,yonden
2017,1,2017-01-21,16:00,3480.0,880.0,4040.0,170.0,－－－－－－－－－－,10.0,160.0,0.0,20.0,0.0,0.0,-1800.0,3480.0,yonden
2017,1,2017-01-21,17:00,3730.0,880.0,4320.0,320.0,－－－－－－－－－－,10.0,0.0,0.0,10.0,0.0,0.0,-1810.0,3730.0,yonden
2017,1,2017-01-21,18:00,3880.0,880.0,4380.0,360.0,－－－－－－－－－－,10.0,0.0,0.0,10.0,0.0,0.0,-1760.0,3880.0,yonden
2017,1,2017-01-21,19:00,3800.0,880.0,4380.0,320.0,－－－－－－－－－－,10.0,0.0,0.0,0.0,0.0,0.0,-1790.0,3800.0,yonden
2017,1,2017-01-21,20:00,3680.0,880.0,4310.0,220.0,－－－－－－－－－－,10.0,0.0,0.0,0.0,0.0,0.0,-1740.0,3680.0,yonden
2017,1,2017-01-21,21:00,3480.0,880.0,4210.0,150.0,－－－－－－－－－－,10.0,0.0,0.0,20.0,0.0,0.0,-1790.0,3480.0,yonden
2017,1,2017-01-21,22:00,3240.0,880.0,4180.0,120.0,－－－－－－－－－－,10.0,0.0,0.0,30.0,0.0,0.0,-1980.0,3240.0,yonden
2017,1,2017-01-21,23:00,3160.0,880.0,4020.0,100.0,－－－－－－－－－－,10.0,0.0,0.0,20.0,0.0,0.0,-1870.0,3160.0,yonden
2017,1,2017-01-22,00:00,3120.0,880.0,3950.0,100.0,－－－－－－－－－－,10.0,0.0,0.0,30.0,0.0,0.0,-1850.0,3120.0,yonden
2017,1,2017-01-22,01:00,3210.0,880.0,3870.0,100.0,－－－－－－－－－－,10.0,0.0,0.0,20.0,0.0,0.0,-1670.0,3210.0,yonden
2017,1,2017-01-22,02:00,3390.0,880.0,4010.0,110.0,－－－－－－－－－－,10.0,0.0,0.0,20.0,0.0,0.0,-1640.0,3390.0,yonden
2017,1,2017-01-22,03:00,3420.0,880.0,3990.0,160.0,－－－－－－－－－－,10.0,0.0,0.0,30.0,0.0,0.0,-1650.0,3420.0,yonden
2017,1,2017-01-22,04:00,3330.0,880.0,3930.0,110.0,－－－－－－－－－－,10.0,0.0,0.0,30.0,0.0,0.0,-1630.0,3330.0,yonden
2017,1,2017-01-22,05:00,3140.0,880.0,3840.0,100.0,－－－－－－－－－－,10.0,0.0,0.0,30.0,0.0,0.0,-1720.0,3140.0,yonden
2017,1,2017-01-22,06:00,3000.0,880.0,3820.0,100.0,－－－－－－－－－－,10.0,0.0,0.0,40.0,0.0,0.0,-1850.0,3000.0,yonden
2017,1,2017-01-22,07:00,3030.0,880.0,3840.0,90.0,－－－－－－－－－－,10.0,30.0,0.0,40.0,0.0,0.0,-1860.0,3030.0,yonden
2017,1,2017-01-22,08:00,3270.0,880.0,3870.0,150.0,－－－－－－－－－－,10.0,130.0,0.0,40.0,0.0,0.0,-1810.0,3270.0,yonden
2017,1,2017-01-22,09:00,3330.0,880.0,3760.0,190.0,－－－－－－－－－－,10.0,240.0,0.0,60.0,0.0,0.0,-1810.0,3330.0,yonden
2017,1,2017-01-22,10:00,3290.0,880.0,3720.0,160.0,－－－－－－－－－－,10.0,300.0,0.0,90.0,0.0,0.0,-1870.0,3290.0,yonden
2017,1,2017-01-22,11:00,3290.0,880.0,3700.0,140.0,－－－－－－－－－－,10.0,260.0,0.0,100.0,0.0,0.0,-1800.0,3290.0,yonden
2017,1,2017-01-22,12:00,3210.0,880.0,3710.0,140.0,－－－－－－－－－－,10.0,320.0,0.0,110.0,0.0,0.0,-1960.0,3210.0,yonden
2017,1,2017-01-22,13:00,3100.0,880.0,3590.0,120.0,－－－－－－－－－－,10.0,450.0,0.0,110.0,0.0,-30.0,-2030.0,3100.0,yonden
2017,1,2017-01-22,14:00,3150.0,880.0,3820.0,160.0,－－－－－－－－－－,10.0,360.0,0.0,110.0,0.0,-280.0,-1910.0,3150.0,yonden
2017,1,2017-01-22,15:00,3230.0,880.0,3770.0,130.0,－－－－－－－－－－,10.0,240.0,0.0,110.0,0.0,0.0,-1910.0,3230.0,yonden
2017,1,2017-01-22,16:00,3440.0,880.0,4030.0,140.0,－－－－－－－－－－,10.0,90.0,0.0,120.0,0.0,0.0,-1830.0,3440.0,yonden
2017,1,2017-01-22,17:00,3790.0,880.0,4310.0,300.0,－－－－－－－－－－,10.0,0.0,0.0,120.0,0.0,0.0,-1830.0,3790.0,yonden
2017,1,2017-01-22,18:00,3950.0,880.0,4250.0,460.0,－－－－－－－－－－,10.0,0.0,0.0,120.0,0.0,0.0,-1770.0,3950.0,yonden
2017,1,2017-01-22,19:00,3910.0,880.0,4240.0,390.0,－－－－－－－－－－,10.0,0.0,0.0,120.0,0.0,0.0,-1730.0,3910.0,yonden
2017,1,2017-01-22,20:00,3810.0,880.0,4180.0,270.0,－－－－－－－－－－,10.0,0.0,0.0,110.0,0.0,0.0,-1640.0,3810.0,yonden
2017,1,2017-01-22,21:00,3640.0,880.0,4130.0,200.0,－－－－－－－－－－,10.0,0.0,0.0,100.0,0.0,0.0,-1680.0,3640.0,yonden
2017,1,2017-01-22,22:00,3370.0,880.0,4000.0,120.0,－－－－－－－－－－,10.0,0.0,0.0,110.0,0.0,0.0,-1750.0,3370.0,yonden
2017,1,2017-01-22,23:00,3320.0,880.0,3950.0,110.0,－－－－－－－－－－,10.0,0.0,0.0,110.0,0.0,0.0,-1740.0,3320.0,yonden
2017,1,2017-01-23,00:00,3300.0,880.0,4010.0,110.0,－－－－－－－－－－,10.0,0.0,0.0,110.0,0.0,0.0,-1820.0,3300.0,yonden
2017,1,2017-01-23,01:00,3400.0,880.0,3990.0,120.0,－－－－－－－－－－,10.0,0.0,0.0,110.0,0.0,0.0,-1710.0,3400.0,yonden
2017,1,2017-01-23,02:00,3550.0,880.0,4010.0,210.0,－－－－－－－－－－,10.0,0.0,0.0,110.0,0.0,0.0,-1670.0,3550.0,yonden
2017,1,2017-01-23,03:00,3580.0,880.0,4010.0,250.0,－－－－－－－－－－,10.0,0.0,0.0,110.0,0.0,0.0,-1680.0,3580.0,yonden
2017,1,2017-01-23,04:00,3530.0,880.0,3990.0,280.0,－－－－－－－－－－,10.0,0.0,0.0,110.0,0.0,0.0,-1740.0,3530.0,yonden
2017,1,2017-01-23,05:00,3470.0,880.0,4080.0,220.0,－－－－－－－－－－,10.0,0.0,0.0,110.0,0.0,0.0,-1830.0,3470.0,yonden
2017,1,2017-01-23,06:00,3740.0,880.0,4370.0,250.0,－－－－－－－－－－,10.0,0.0,0.0,100.0,0.0,0.0,-1870.0,3740.0,yonden
2017,1,2017-01-23,07:00,4010.0,880.0,4500.0,300.0,－－－－－－－－－－,10.0,60.0,0.0,110.0,0.0,0.0,-1850.0,4010.0,yonden
2017,1,2017-01-23,08:00,4370.0,880.0,4720.0,310.0,－－－－－－－－－－,10.0,270.0,0.0,110.0,0.0,0.0,-1930.0,4370.0,yonden
2017,1,2017-01-23,09:00,4400.0,880.0,4580.0,290.0,－－－－－－－－－－,10.0,530.0,0.0,110.0,0.0,0.0,-2000.0,4400.0,yonden
2017,1,2017-01-23,10:00,4320.0,880.0,4540.0,220.0,－－－－－－－－－－,10.0,750.0,0.0,120.0,0.0,0.0,-2200.0,4320.0,yonden
2017,1,2017-01-23,11:00,4250.0,880.0,4520.0,180.0,－－－－－－－－－－,10.0,820.0,0.0,120.0,0.0,0.0,-2280.0,4250.0,yonden
2017,1,2017-01-23,12:00,4020.0,880.0,4470.0,140.0,－－－－－－－－－－,10.0,760.0,0.0,120.0,0.0,0.0,-2360.0,4020.0,yonden
2017,1,2017-01-23,13:00,4210.0,880.0,4590.0,150.0,－－－－－－－－－－,10.0,650.0,0.0,110.0,0.0,0.0,-2180.0,4210.0,yonden
2017,1,2017-01-23,14:00,4200.0,880.0,4530.0,180.0,－－－－－－－－－－,10.0,570.0,0.0,120.0,0.0,0.0,-2090.0,4200.0,yonden
2017,1,2017-01-23,15:00,4230.0,880.0,4490.0,230.0,－－－－－－－－－－,10.0,410.0,0.0,120.0,0.0,0.0,-1910.0,4230.0,yonden
2017,1,2017-01-23,16:00,4410.0,880.0,4720.0,340.0,－－－－－－－－－－,10.0,180.0,0.0,120.0,0.0,0.0,-1840.0,4410.0,yonden
2017,1,2017-01-23,17:00,4610.0,880.0,4830.0,390.0,－－－－－－－－－－,10.0,10.0,0.0,120.0,0.0,70.0,-1700.0,4610.0,yonden
2017,1,2017-01-23,18:00,4730.0,880.0,4830.0,390.0,－－－－－－－－－－,10.0,0.0,0.0,110.0,0.0,140.0,-1630.0,4730.0,yonden
2017,1,2017-01-23,19:00,4560.0,880.0,4790.0,430.0,－－－－－－－－－－,10.0,0.0,0.0,110.0,0.0,20.0,-1680.0,4560.0,yonden
2017,1,2017-01-23,20:00,4380.0,880.0,4670.0,360.0,－－－－－－－－－－,10.0,0.0,0.0,110.0,0.0,0.0,-1650.0,4380.0,yonden
2017,1,2017-01-23,21:00,4110.0,880.0,4670.0,230.0,－－－－－－－－－－,10.0,0.0,0.0,110.0,0.0,0.0,-1790.0,4110.0,yonden
2017,1,2017-01-23,22:00,3750.0,880.0,4580.0,140.0,－－－－－－－－－－,10.0,0.0,0.0,100.0,0.0,0.0,-1960.0,3750.0,yonden
2017,1,2017-01-23,23:00,3630.0,880.0,4500.0,110.0,－－－－－－－－－－,10.0,0.0,0.0,90.0,0.0,0.0,-1960.0,3630.0,yonden
2017,1,2017-01-24,00:00,3560.0,880.0,4340.0,110.0,－－－－－－－－－－,10.0,0.0,0.0,90.0,0.0,0.0,-1870.0,3560.0,yonden
2017,1,2017-01-24,01:00,3630.0,880.0,4290.0,120.0,－－－－－－－－－－,10.0,0.0,0.0,90.0,0.0,0.0,-1760.0,3630.0,yonden
2017,1,2017-01-24,02:00,3750.0,880.0,4250.0,230.0,－－－－－－－－－－,10.0,0.0,0.0,90.0,0.0,0.0,-1710.0,3750.0,yonden
2017,1,2017-01-24,03:00,3750.0,880.0,4190.0,230.0,－－－－－－－－－－,10.0,0.0,0.0,90.0,0.0,0.0,-1650.0,3750.0,yonden
2017,1,2017-01-24,04:00,3690.0,880.0,4140.0,230.0,－－－－－－－－－－,10.0,0.0,0.0,80.0,0.0,0.0,-1650.0,3690.0,yonden
2017,1,2017-01-24,05:00,3640.0,880.0,4130.0,200.0,－－－－－－－－－－,10.0,0.0,0.0,80.0,0.0,0.0,-1660.0,3640.0,yonden
2017,1,2017-01-24,06:00,3900.0,880.0,4400.0,210.0,－－－－－－－－－－,10.0,0.0,0.0,80.0,0.0,0.0,-1680.0,3900.0,yonden
2017,1,2017-01-24,07:00,4100.0,880.0,4550.0,230.0,－－－－－－－－－－,10.0,50.0,0.0,70.0,0.0,0.0,-1690.0,4100.0,yonden
2017,1,2017-01-24,08:00,4420.0,880.0,4810.0,260.0,－－－－－－－－－－,10.0,270.0,0.0,80.0,0.0,0.0,-1890.0,4420.0,yonden
2017,1,2017-01-24,09:00,4390.0,880.0,4600.0,270.0,－－－－－－－－－－,10.0,560.0,0.0,80.0,0.0,0.0,-2010.0,4390.0,yonden
2017,1,2017-01-24,10:00,4260.0,880.0,4360.0,190.0,－－－－－－－－－－,10.0,790.0,0.0,80.0,0.0,0.0,-2050.0,4260.0,yonden
2017,1,2017-01-24,11:00,4180.0,880.0,4320.0,150.0,－－－－－－－－－－,10.0,930.0,0.0,90.0,0.0,0.0,-2200.0,4180.0,yonden
2017,1,2017-01-24,12:00,3930.0,880.0,4260.0,120.0,－－－－－－－－－－,10.0,930.0,0.0,110.0,0.0,0.0,-2380.0,3930.0,yonden
2017,1,2017-01-24,13:00,4070.0,880.0,4420.0,130.0,－－－－－－－－－－,10.0,770.0,0.0,100.0,0.0,0.0,-2240.0,4070.0,yonden
2017,1,2017-01-24,14:00,4070.0,880.0,4380.0,160.0,－－－－－－－－－－,10.0,670.0,0.0,100.0,0.0,0.0,-2130.0,4070.0,yonden
2017,1,2017-01-24,15:00,4070.0,880.0,4300.0,210.0,－－－－－－－－－－,10.0,450.0,0.0,110.0,0.0,0.0,-1890.0,4070.0,yonden
2017,1,2017-01-24,16:00,4260.0,880.0,4700.0,240.0,－－－－－－－－－－,10.0,150.0,0.0,110.0,0.0,-10.0,-1820.0,4260.0,yonden
2017,1,2017-01-24,17:00,4480.0,880.0,4870.0,310.0,－－－－－－－－－－,10.0,10.0,0.0,110.0,0.0,-10.0,-1700.0,4480.0,yonden
2017,1,2017-01-24,18:00,4590.0,880.0,4850.0,330.0,－－－－－－－－－－,10.0,0.0,0.0,110.0,0.0,140.0,-1730.0,4590.0,yonden
2017,1,2017-01-24,19:00,4470.0,880.0,4830.0,370.0,－－－－－－－－－－,10.0,0.0,0.0,110.0,0.0,60.0,-1790.0,4470.0,yonden
2017,1,2017-01-24,20:00,4270.0,880.0,4580.0,360.0,－－－－－－－－－－,10.0,0.0,0.0,100.0,0.0,0.0,-1660.0,4270.0,yonden
2017,1,2017-01-24,21:00,4000.0,880.0,4500.0,210.0,－－－－－－－－－－,10.0,0.0,0.0,90.0,0.0,0.0,-1690.0,4000.0,yonden
2017,1,2017-01-24,22:00,3670.0,880.0,4430.0,130.0,－－－－－－－－－－,10.0,0.0,0.0,80.0,0.0,0.0,-1860.0,3670.0,yonden
2017,1,2017-01-24,23:00,3600.0,880.0,4420.0,120.0,－－－－－－－－－－,10.0,0.0,0.0,80.0,0.0,0.0,-1910.0,3600.0,yonden
2017,1,2017-01-25,00:00,3550.0,880.0,4330.0,160.0,－－－－－－－－－－,10.0,0.0,0.0,80.0,0.0,0.0,-1910.0,3550.0,yonden
2017,1,2017-01-25,01:00,3640.0,880.0,4330.0,160.0,－－－－－－－－－－,10.0,0.0,0.0,80.0,0.0,0.0,-1820.0,3640.0,yonden
2017,1,2017-01-25,02:00,3790.0,880.0,4360.0,200.0,－－－－－－－－－－,10.0,0.0,0.0,80.0,0.0,0.0,-1740.0,3790.0,yonden
2017,1,2017-01-25,03:00,3810.0,880.0,4360.0,190.0,－－－－－－－－－－,10.0,0.0,0.0,80.0,0.0,0.0,-1710.0,3810.0,yonden
2017,1,2017-01-25,04:00,3740.0,880.0,4290.0,190.0,－－－－－－－－－－,10.0,0.0,0.0,80.0,0.0,0.0,-1710.0,3740.0,yonden
2017,1,2017-01-25,05:00,3690.0,880.0,4230.0,170.0,－－－－－－－－－－,10.0,0.0,0.0,90.0,0.0,0.0,-1690.0,3690.0,yonden
2017,1,2017-01-25,06:00,3910.0,880.0,4420.0,220.0,－－－－－－－－－－,10.0,0.0,0.0,70.0,0.0,0.0,-1690.0,3910.0,yonden
2017,1,2017-01-25,07:00,4110.0,880.0,4590.0,230.0,－－－－－－－－－－,10.0,70.0,0.0,50.0,0.0,0.0,-1720.0,4110.0,yonden
2017,1,2017-01-25,08:00,4370.0,880.0,4680.0,290.0,－－－－－－－－－－,10.0,300.0,0.0,40.0,0.0,0.0,-1830.0,4370.0,yonden
2017,1,2017-01-25,09:00,4270.0,880.0,4460.0,250.0,－－－－－－－－－－,10.0,620.0,0.0,30.0,0.0,0.0,-1980.0,4270.0,yonden
2017,1,2017-01-25,10:00,4080.0,880.0,4100.0,160.0,－－－－－－－－－－,10.0,970.0,0.0,20.0,0.0,0.0,-2060.0,4080.0,yonden
2017,1,2017-01-25,11:00,3970.0,880.0,4010.0,130.0,－－－－－－－－－－,10.0,1140.0,0.0,20.0,0.0,0.0,-2220.0,3970.0,yonden
2017,1,2017-01-25,12:00,3720.0,880.0,3940.0,120.0,－－－－－－－－－－,10.0,1130.0,0.0,20.0,0.0,0.0,-2380.0,3720.0,yonden
2017,1,2017-01-25,13:00,3850.0,880.0,4070.0,110.0,－－－－－－－－－－,10.0,1030.0,0.0,30.0,0.0,-10.0,-2270.0,3850.0,yonden
2017,1,2017-01-25,14:00,3840.0,880.0,4090.0,110.0,－－－－－－－－－－,10.0,830.0,0.0,20.0,0.0,0.0,-2100.0,3840.0,yonden
2017,1,2017-01-25,15:00,3870.0,880.0,4230.0,140.0,－－－－－－－－－－,10.0,530.0,0.0,20.0,0.0,0.0,-1940.0,3870.0,yonden
2017,1,2017-01-25,16:00,4070.0,880.0,4630.0,230.0,－－－－－－－－－－,10.0,240.0,0.0,20.0,0.0,0.0,-1940.0,4070.0,yonden
2017,1,2017-01-25,17:00,4240.0,880.0,4830.0,310.0,－－－－－－－－－－,10.0,10.0,0.0,10.0,0.0,0.0,-1810.0,4240.0,yonden
2017,1,2017-01-25,18:00,4410.0,880.0,4860.0,410.0,－－－－－－－－－－,10.0,0.0,0.0,10.0,0.0,0.0,-1760.0,4410.0,yonden
2017,1,2017-01-25,19:00,4310.0,880.0,4710.0,410.0,－－－－－－－－－－,10.0,0.0,0.0,10.0,0.0,0.0,-1710.0,4310.0,yonden
2017,1,2017-01-25,20:00,4180.0,880.0,4620.0,320.0,－－－－－－－－－－,10.0,0.0,0.0,20.0,0.0,0.0,-1670.0,4180.0,yonden
2017,1,2017-01-25,21:00,3940.0,880.0,4500.0,220.0,－－－－－－－－－－,10.0,0.0,0.0,20.0,0.0,0.0,-1690.0,3940.0,yonden
2017,1,2017-01-25,22:00,3620.0,880.0,4480.0,140.0,－－－－－－－－－－,10.0,0.0,0.0,10.0,0.0,0.0,-1900.0,3620.0,yonden
2017,1,2017-01-25,23:00,3570.0,880.0,4550.0,120.0,－－－－－－－－－－,10.0,0.0,0.0,10.0,0.0,0.0,-2000.0,3570.0,yonden
2017,1,2017-01-26,00:00,3530.0,880.0,4320.0,180.0,－－－－－－－－－－,10.0,0.0,0.0,10.0,0.0,0.0,-1870.0,3530.0,yonden
2017,1,2017-01-26,01:00,3630.0,880.0,4250.0,180.0,－－－－－－－－－－,10.0,0.0,0.0,10.0,0.0,0.0,-1700.0,3630.0,yonden
2017,1,2017-01-26,02:00,3780.0,880.0,4300.0,240.0,－－－－－－－－－－,10.0,0.0,0.0,10.0,0.0,0.0,-1660.0,3780.0,yonden
2017,1,2017-01-26,03:00,3790.0,880.0,4340.0,190.0,－－－－－－－－－－,10.0,0.0,0.0,10.0,0.0,0.0,-1640.0,3790.0,yonden
2017,1,2017-01-26,04:00,3730.0,880.0,4310.0,170.0,－－－－－－－－－－,10.0,0.0,0.0,10.0,0.0,0.0,-1650.0,3730.0,yonden
2017,1,2017-01-26,05:00,3670.0,880.0,4280.0,130.0,－－－－－－－－－－,10.0,0.0,0.0,10.0,0.0,0.0,-1640.0,3670.0,yonden
2017,1,2017-01-26,06:00,3930.0,880.0,4520.0,190.0,－－－－－－－－－－,10.0,0.0,0.0,10.0,0.0,0.0,-1680.0,3930.0,yonden
2017,1,2017-01-26,07:00,4120.0,880.0,4610.0,250.0,－－－－－－－－－－,10.0,80.0,0.0,10.0,0.0,0.0,-1720.0,4120.0,yonden
2017,1,2017-01-26,08:00,4330.0,880.0,4710.0,270.0,－－－－－－－－－－,10.0,350.0,0.0,10.0,0.0,0.0,-1900.0,4330.0,yonden
2017,1,2017-01-26,09:00,4210.0,880.0,4450.0,220.0,－－－－－－－－－－,10.0,700.0,0.0,0.0,0.0,0.0,-2050.0,4210.0,yonden
2017,1,2017-01-26,10:00,4000.0,880.0,4160.0,160.0,－－－－－－－－－－,10.0,1000.0,0.0,0.0,0.0,0.0,-2210.0,4000.0,yonden
2017,1,2017-01-26,11:00,3870.0,880.0,4070.0,130.0,－－－－－－－－－－,10.0,1160.0,0.0,0.0,0.0,0.0,-2380.0,3870.0,yonden
2017,1,2017-01-26,12:00,3600.0,880.0,3840.0,100.0,－－－－－－－－－－,10.0,1230.0,0.0,0.0,0.0,0.0,-2460.0,3600.0,yonden
2017,1,2017-01-26,13:00,3740.0,880.0,3980.0,110.0,－－－－－－－－－－,10.0,1170.0,0.0,0.0,0.0,0.0,-2410.0,3740.0,yonden
2017,1,2017-01-26,14:00,3700.0,880.0,3950.0,100.0,－－－－－－－－－－,10.0,970.0,0.0,0.0,0.0,0.0,-2210.0,3700.0,yonden
2017,1,2017-01-26,15:00,3700.0,880.0,4010.0,120.0,－－－－－－－－－－,10.0,670.0,0.0,0.0,0.0,0.0,-1990.0,3700.0,yonden
2017,1,2017-01-26,16:00,3910.0,880.0,4450.0,210.0,－－－－－－－－－－,10.0,310.0,0.0,0.0,0.0,0.0,-1950.0,3910.0,yonden
2017,1,2017-01-26,17:00,4110.0,880.0,4840.0,380.0,－－－－－－－－－－,10.0,20.0,0.0,0.0,0.0,0.0,-2020.0,4110.0,yonden
2017,1,2017-01-26,18:00,4340.0,880.0,4820.0,460.0,－－－－－－－－－－,10.0,0.0,0.0,10.0,0.0,0.0,-1840.0,4340.0,yonden
2017,1,2017-01-26,19:00,4230.0,880.0,4580.0,430.0,－－－－－－－－－－,10.0,0.0,0.0,20.0,0.0,0.0,-1690.0,4230.0,yonden
2017,1,2017-01-26,20:00,4100.0,880.0,4600.0,240.0,－－－－－－－－－－,10.0,0.0,0.0,40.0,0.0,0.0,-1670.0,4100.0,yonden
2017,1,2017-01-26,21:00,3860.0,880.0,4570.0,130.0,－－－－－－－－－－,10.0,0.0,0.0,50.0,0.0,0.0,-1780.0,3860.0,yonden
2017,1,2017-01-26,22:00,3580.0,880.0,4520.0,120.0,－－－－－－－－－－,10.0,0.0,0.0,60.0,0.0,0.0,-2010.0,3580.0,yonden
2017,1,2017-01-26,23:00,3540.0,880.0,4410.0,120.0,－－－－－－－－－－,10.0,0.0,0.0,60.0,0.0,0.0,-1940.0,3540.0,yonden
2017,1,2017-01-27,00:00,3500.0,880.0,4210.0,110.0,－－－－－－－－－－,10.0,0.0,0.0,60.0,0.0,0.0,-1770.0,3500.0,yonden
2017,1,2017-01-27,01:00,3570.0,880.0,4150.0,140.0,－－－－－－－－－－,10.0,0.0,0.0,50.0,0.0,0.0,-1660.0,3570.0,yonden
2017,1,2017-01-27,02:00,3710.0,880.0,4150.0,230.0,－－－－－－－－－－,10.0,0.0,0.0,50.0,0.0,0.0,-1610.0,3710.0,yonden
2017,1,2017-01-27,03:00,3740.0,880.0,4160.0,250.0,－－－－－－－－－－,10.0,0.0,0.0,50.0,0.0,0.0,-1610.0,3740.0,yonden
2017,1,2017-01-27,04:00,3660.0,880.0,4130.0,230.0,－－－－－－－－－－,10.0,0.0,0.0,40.0,0.0,0.0,-1630.0,3660.0,yonden
2017,1,2017-01-27,05:00,3570.0,880.0,4120.0,170.0,－－－－－－－－－－,10.0,0.0,0.0,30.0,0.0,0.0,-1640.0,3570.0,yonden
2017,1,2017-01-27,06:00,3790.0,880.0,4440.0,250.0,－－－－－－－－－－,10.0,0.0,0.0,10.0,0.0,0.0,-1800.0,3790.0,yonden
2017,1,2017-01-27,07:00,3970.0,880.0,4550.0,290.0,－－－－－－－－－－,10.0,70.0,0.0,20.0,0.0,0.0,-1850.0,3970.0,yonden
2017,1,2017-01-27,08:00,4220.0,880.0,4560.0,300.0,－－－－－－－－－－,10.0,300.0,0.0,20.0,0.0,0.0,-1850.0,4220.0,yonden
2017,1,2017-01-27,09:00,4080.0,880.0,4290.0,310.0,－－－－－－－－－－,10.0,640.0,0.0,10.0,0.0,0.0,-2060.0,4080.0,yonden
2017,1,2017-01-27,10:00,3910.0,880.0,4190.0,220.0,－－－－－－－－－－,10.0,890.0,0.0,10.0,0.0,0.0,-2290.0,3910.0,yonden
2017,1,2017-01-27,11:00,3800.0,880.0,4270.0,100.0,－－－－－－－－－－,10.0,920.0,0.0,10.0,0.0,0.0,-2390.0,3800.0,yonden
2017,1,2017-01-27,12:00,3580.0,880.0,4190.0,100.0,－－－－－－－－－－,10.0,650.0,0.0,20.0,0.0,0.0,-2270.0,3580.0,yonden
2017,1,2017-01-27,13:00,3750.0,880.0,4340.0,100.0,－－－－－－－－－－,10.0,510.0,0.0,10.0,0.0,0.0,-2100.0,3750.0,yonden
2017,1,2017-01-27,14:00,3800.0,880.0,4540.0,120.0,－－－－－－－－－－,10.0,260.0,0.0,10.0,0.0,0.0,-2020.0,3800.0,yonden
2017,1,2017-01-27,15:00,3800.0,880.0,4600.0,150.0,－－－－－－－－－－,10.0,160.0,0.0,20.0,0.0,0.0,-2020.0,3800.0,yonden
2017,1,2017-01-27,16:00,3930.0,880.0,4690.0,280.0,－－－－－－－－－－,10.0,100.0,0.0,10.0,0.0,0.0,-2040.0,3930.0,yonden
2017,1,2017-01-27,17:00,4010.0,880.0,4630.0,360.0,－－－－－－－－－－,10.0,10.0,0.0,10.0,0.0,0.0,-1890.0,4010.0,yonden
2017,1,2017-01-27,18:00,4030.0,880.0,4580.0,450.0,－－－－－－－－－－,10.0,0.0,0.0,20.0,0.0,0.0,-1910.0,4030.0,yonden
2017,1,2017-01-27,19:00,3880.0,880.0,4450.0,430.0,－－－－－－－－－－,10.0,0.0,0.0,30.0,0.0,0.0,-1920.0,3880.0,yonden
2017,1,2017-01-27,20:00,3720.0,880.0,4410.0,330.0,－－－－－－－－－－,10.0,0.0,0.0,40.0,0.0,0.0,-1950.0,3720.0,yonden
2017,1,2017-01-27,21:00,3480.0,880.0,4250.0,150.0,－－－－－－－－－－,10.0,0.0,0.0,40.0,0.0,0.0,-1850.0,3480.0,yonden
2017,1,2017-01-27,22:00,3220.0,880.0,4070.0,120.0,－－－－－－－－－－,10.0,0.0,0.0,30.0,0.0,0.0,-1890.0,3220.0,yonden
2017,1,2017-01-27,23:00,3120.0,880.0,3910.0,120.0,－－－－－－－－－－,10.0,0.0,0.0,20.0,0.0,0.0,-1820.0,3120.0,yonden
2017,1,2017-01-28,00:00,3060.0,880.0,3770.0,110.0,－－－－－－－－－－,10.0,0.0,0.0,20.0,0.0,0.0,-1730.0,3060.0,yonden
2017,1,2017-01-28,01:00,3160.0,880.0,3800.0,120.0,－－－－－－－－－－,10.0,0.0,0.0,20.0,0.0,0.0,-1670.0,3160.0,yonden
2017,1,2017-01-28,02:00,3380.0,880.0,3890.0,200.0,－－－－－－－－－－,10.0,0.0,0.0,20.0,0.0,0.0,-1620.0,3380.0,yonden
2017,1,2017-01-28,03:00,3500.0,880.0,3990.0,200.0,－－－－－－－－－－,10.0,0.0,0.0,30.0,0.0,0.0,-1610.0,3500.0,yonden
2017,1,2017-01-28,04:00,3460.0,880.0,3970.0,170.0,－－－－－－－－－－,10.0,0.0,0.0,30.0,0.0,0.0,-1600.0,3460.0,yonden
2017,1,2017-01-28,05:00,3340.0,880.0,3980.0,130.0,－－－－－－－－－－,10.0,0.0,0.0,10.0,0.0,0.0,-1670.0,3340.0,yonden
2017,1,2017-01-28,06:00,3290.0,880.0,3980.0,130.0,－－－－－－－－－－,10.0,0.0,0.0,10.0,0.0,0.0,-1720.0,3290.0,yonden
2017,1,2017-01-28,07:00,3370.0,880.0,3890.0,110.0,－－－－－－－－－－,10.0,70.0,0.0,10.0,0.0,0.0,-1600.0,3370.0,yonden
2017,1,2017-01-28,08:00,3600.0,880.0,3900.0,110.0,－－－－－－－－－－,10.0,320.0,0.0,10.0,0.0,0.0,-1630.0,3600.0,yonden
2017,1,2017-01-28,09:00,3500.0,880.0,3550.0,120.0,－－－－－－－－－－,10.0,640.0,0.0,0.0,0.0,0.0,-1700.0,3500.0,yonden
2017,1,2017-01-28,10:00,3340.0,880.0,3360.0,130.0,－－－－－－－－－－,10.0,950.0,0.0,10.0,0.0,-300.0,-1700.0,3340.0,yonden
2017,1,2017-01-28,11:00,3240.0,880.0,3290.0,100.0,－－－－－－－－－－,10.0,1150.0,0.0,0.0,0.0,-300.0,-1890.0,3240.0,yonden
2017,1,2017-01-28,12:00,3100.0,880.0,3340.0,100.0,－－－－－－－－－－,10.0,1200.0,0.0,0.0,0.0,-300.0,-2130.0,3100.0,yonden
2017,1,2017-01-28,13:00,3130.0,880.0,3320.0,100.0,－－－－－－－－－－,10.0,1140.0,0.0,10.0,0.0,-290.0,-2040.0,3130.0,yonden
2017,1,2017-01-28,14:00,3040.0,880.0,3280.0,100.0,－－－－－－－－－－,10.0,940.0,0.0,10.0,0.0,-290.0,-1890.0,3040.0,yonden
2017,1,2017-01-28,15:00,3040.0,880.0,3330.0,110.0,－－－－－－－－－－,10.0,630.0,0.0,10.0,0.0,-100.0,-1830.0,3040.0,yonden
2017,1,2017-01-28,16:00,3180.0,880.0,3550.0,150.0,－－－－－－－－－－,10.0,290.0,0.0,0.0,0.0,0.0,-1700.0,3180.0,yonden
2017,1,2017-01-28,17:00,3380.0,880.0,3870.0,360.0,－－－－－－－－－－,10.0,20.0,0.0,0.0,0.0,0.0,-1760.0,3380.0,yonden
2017,1,2017-01-28,18:00,3590.0,880.0,4050.0,460.0,－－－－－－－－－－,10.0,0.0,0.0,0.0,0.0,0.0,-1810.0,3590.0,yonden
2017,1,2017-01-28,19:00,3560.0,880.0,4070.0,380.0,－－－－－－－－－－,10.0,0.0,0.0,0.0,0.0,0.0,-1780.0,3560.0,yonden
2017,1,2017-01-28,20:00,3470.0,880.0,3990.0,270.0,－－－－－－－－－－,10.0,0.0,0.0,0.0,0.0,0.0,-1680.0,3470.0,yonden
2017,1,2017-01-28,21:00,3290.0,880.0,3930.0,140.0,－－－－－－－－－－,10.0,0.0,0.0,0.0,0.0,0.0,-1670.0,3290.0,yonden
2017,1,2017-01-28,22:00,3050.0,880.0,3750.0,110.0,－－－－－－－－－－,10.0,0.0,0.0,0.0,0.0,0.0,-1700.0,3050.0,yonden
2017,1,2017-01-28,23:00,3010.0,880.0,3670.0,120.0,－－－－－－－－－－,10.0,0.0,0.0,0.0,0.0,0.0,-1670.0,3010.0,yonden
2017,1,2017-01-29,00:00,2990.0,880.0,3730.0,110.0,－－－－－－－－－－,10.0,0.0,0.0,0.0,0.0,0.0,-1740.0,2990.0,yonden
2017,1,2017-01-29,01:00,3080.0,880.0,3760.0,100.0,－－－－－－－－－－,10.0,0.0,0.0,0.0,0.0,0.0,-1670.0,3080.0,yonden
2017,1,2017-01-29,02:00,3280.0,880.0,3850.0,120.0,－－－－－－－－－－,10.0,0.0,0.0,10.0,0.0,0.0,-1590.0,3280.0,yonden
2017,1,2017-01-29,03:00,3340.0,880.0,3830.0,200.0,－－－－－－－－－－,10.0,0.0,0.0,10.0,0.0,0.0,-1590.0,3340.0,yonden
2017,1,2017-01-29,04:00,3280.0,880.0,3770.0,210.0,－－－－－－－－－－,10.0,0.0,0.0,10.0,0.0,0.0,-1600.0,3280.0,yonden
2017,1,2017-01-29,05:00,3080.0,880.0,3660.0,140.0,－－－－－－－－－－,10.0,0.0,0.0,10.0,0.0,0.0,-1620.0,3080.0,yonden
2017,1,2017-01-29,06:00,2930.0,880.0,3590.0,110.0,－－－－－－－－－－,10.0,0.0,0.0,10.0,0.0,0.0,-1670.0,2930.0,yonden
2017,1,2017-01-29,07:00,2940.0,880.0,3620.0,100.0,－－－－－－－－－－,10.0,40.0,0.0,10.0,0.0,0.0,-1720.0,2940.0,yonden
2017,1,2017-01-29,08:00,3100.0,880.0,3770.0,80.0,－－－－－－－－－－,10.0,170.0,0.0,10.0,0.0,0.0,-1820.0,3100.0,yonden
2017,1,2017-01-29,09:00,3120.0,880.0,3640.0,120.0,－－－－－－－－－－,10.0,400.0,0.0,30.0,0.0,0.0,-1960.0,3120.0,yonden
2017,1,2017-01-29,10:00,3000.0,880.0,3360.0,130.0,－－－－－－－－－－,10.0,530.0,0.0,40.0,0.0,0.0,-1950.0,3000.0,yonden
2017,1,2017-01-29,11:00,2920.0,880.0,3320.0,90.0,－－－－－－－－－－,10.0,450.0,0.0,40.0,0.0,0.0,-1870.0,2920.0,yonden
2017,1,2017-01-29,12:00,2860.0,880.0,3320.0,100.0,－－－－－－－－－－,10.0,280.0,0.0,50.0,0.0,0.0,-1780.0,2860.0,yonden
2017,1,2017-01-29,13:00,2810.0,880.0,3210.0,90.0,－－－－－－－－－－,10.0,310.0,0.0,60.0,0.0,0.0,-1750.0,2810.0,yonden
2017,1,2017-01-29,14:00,2840.0,880.0,3180.0,90.0,－－－－－－－－－－,10.0,290.0,0.0,80.0,0.0,0.0,-1690.0,2840.0,yonden
2017,1,2017-01-29,15:00,2950.0,880.0,3530.0,110.0,－－－－－－－－－－,10.0,100.0,0.0,80.0,0.0,0.0,-1760.0,2950.0,yonden
2017,1,2017-01-29,16:00,3120.0,880.0,3720.0,110.0,－－－－－－－－－－,10.0,40.0,0.0,80.0,0.0,0.0,-1720.0,3120.0,yonden
2017,1,2017-01-29,17:00,3400.0,880.0,3880.0,240.0,－－－－－－－－－－,10.0,0.0,0.0,80.0,0.0,0.0,-1690.0,3400.0,yonden
2017,1,2017-01-29,18:00,3510.0,880.0,3890.0,350.0,－－－－－－－－－－,10.0,0.0,0.0,80.0,0.0,0.0,-1700.0,3510.0,yonden
2017,1,2017-01-29,19:00,3460.0,880.0,3790.0,310.0,－－－－－－－－－－,10.0,0.0,0.0,80.0,0.0,0.0,-1610.0,3460.0,yonden
2017,1,2017-01-29,20:00,3350.0,880.0,3760.0,200.0,－－－－－－－－－－,10.0,0.0,0.0,50.0,0.0,0.0,-1550.0,3350.0,yonden
2017,1,2017-01-29,21:00,3150.0,880.0,3710.0,130.0,－－－－－－－－－－,10.0,0.0,0.0,30.0,0.0,0.0,-1610.0,3150.0,yonden
2017,1,2017-01-29,22:00,2900.0,880.0,3530.0,120.0,－－－－－－－－－－,10.0,0.0,0.0,30.0,0.0,0.0,-1670.0,2900.0,yonden
2017,1,2017-01-29,23:00,2800.0,880.0,3510.0,130.0,－－－－－－－－－－,10.0,0.0,0.0,20.0,0.0,0.0,-1750.0,2800.0,yonden
2017,1,2017-01-30,00:00,2780.0,880.0,3710.0,130.0,－－－－－－－－－－,10.0,0.0,0.0,20.0,0.0,0.0,-1970.0,2780.0,yonden
2017,1,2017-01-30,01:00,2920.0,880.0,3770.0,130.0,－－－－－－－－－－,10.0,0.0,0.0,20.0,0.0,0.0,-1890.0,2920.0,yonden
2017,1,2017-01-30,02:00,3120.0,880.0,3770.0,250.0,－－－－－－－－－－,10.0,0.0,0.0,20.0,0.0,0.0,-1810.0,3120.0,yonden
2017,1,2017-01-30,03:00,3230.0,880.0,3810.0,300.0,－－－－－－－－－－,10.0,0.0,0.0,20.0,0.0,0.0,-1790.0,3230.0,yonden
2017,1,2017-01-30,04:00,3200.0,880.0,3860.0,240.0,－－－－－－－－－－,10.0,0.0,0.0,20.0,0.0,0.0,-1810.0,3200.0,yonden
2017,1,2017-01-30,05:00,3100.0,880.0,3810.0,200.0,－－－－－－－－－－,10.0,0.0,0.0,30.0,0.0,0.0,-1830.0,3100.0,yonden
2017,1,2017-01-30,06:00,3180.0,880.0,3930.0,290.0,－－－－－－－－－－,10.0,0.0,0.0,40.0,0.0,0.0,-1970.0,3180.0,yonden
2017,1,2017-01-30,07:00,3380.0,880.0,4080.0,340.0,－－－－－－－－－－,10.0,10.0,0.0,80.0,0.0,0.0,-2020.0,3380.0,yonden
2017,1,2017-01-30,08:00,3890.0,880.0,4330.0,390.0,－－－－－－－－－－,10.0,40.0,0.0,90.0,0.0,50.0,-1900.0,3890.0,yonden
2017,1,2017-01-30,09:00,4090.0,880.0,4460.0,430.0,－－－－－－－－－－,10.0,70.0,0.0,100.0,0.0,140.0,-2000.0,4090.0,yonden
2017,1,2017-01-30,10:00,3980.0,880.0,4380.0,390.0,－－－－－－－－－－,10.0,150.0,0.0,100.0,0.0,80.0,-2010.0,3980.0,yonden
2017,1,2017-01-30,11:00,3860.0,880.0,4350.0,210.0,－－－－－－－－－－,10.0,250.0,0.0,110.0,0.0,0.0,-1950.0,3860.0,yonden
2017,1,2017-01-30,12:00,3510.0,880.0,3780.0,170.0,－－－－－－－－－－,10.0,500.0,0.0,110.0,0.0,0.0,-1940.0,3510.0,yonden
2017,1,2017-01-30,13:00,3630.0,880.0,3710.0,180.0,－－－－－－－－－－,10.0,570.0,0.0,100.0,0.0,0.0,-1820.0,3630.0,yonden
2017,1,2017-01-30,14:00,3650.0,880.0,3950.0,200.0,－－－－－－－－－－,10.0,390.0,0.0,110.0,0.0,0.0,-1890.0,3650.0,yonden
2017,1,2017-01-30,15:00,3670.0,880.0,4030.0,270.0,－－－－－－－－－－,10.0,240.0,0.0,120.0,0.0,0.0,-1880.0,3670.0,yonden
2017,1,2017-01-30,16:00,3820.0,880.0,4190.0,340.0,－－－－－－－－－－,10.0,110.0,0.0,120.0,0.0,0.0,-1830.0,3820.0,yonden
2017,1,2017-01-30,17:00,3970.0,880.0,4390.0,430.0,－－－－－－－－－－,10.0,10.0,0.0,120.0,0.0,0.0,-1870.0,3970.0,yonden
2017,1,2017-01-30,18:00,4090.0,880.0,4400.0,510.0,－－－－－－－－－－,10.0,0.0,0.0,110.0,0.0,0.0,-1820.0,4090.0,yonden
2017,1,2017-01-30,19:00,3960.0,880.0,4270.0,540.0,－－－－－－－－－－,10.0,0.0,0.0,110.0,0.0,0.0,-1850.0,3960.0,yonden
2017,1,2017-01-30,20:00,3800.0,880.0,4180.0,290.0,－－－－－－－－－－,10.0,0.0,0.0,120.0,0.0,0.0,-1680.0,3800.0,yonden
2017,1,2017-01-30,21:00,3560.0,880.0,4010.0,190.0,－－－－－－－－－－,10.0,0.0,0.0,120.0,0.0,0.0,-1650.0,3560.0,yonden
2017,1,2017-01-30,22:00,3260.0,880.0,3900.0,180.0,－－－－－－－－－－,10.0,0.0,0.0,110.0,0.0,0.0,-1820.0,3260.0,yonden
2017,1,2017-01-30,23:00,3120.0,880.0,3770.0,170.0,－－－－－－－－－－,10.0,0.0,0.0,110.0,0.0,0.0,-1820.0,3120.0,yonden
2017,1,2017-01-31,00:00,3060.0,880.0,3890.0,160.0,－－－－－－－－－－,10.0,0.0,0.0,110.0,0.0,0.0,-1990.0,3060.0,yonden
2017,1,2017-01-31,01:00,3190.0,880.0,3850.0,230.0,－－－－－－－－－－,10.0,0.0,0.0,110.0,0.0,0.0,-1890.0,3190.0,yonden
2017,1,2017-01-31,02:00,3410.0,880.0,3870.0,300.0,－－－－－－－－－－,10.0,0.0,0.0,110.0,0.0,0.0,-1760.0,3410.0,yonden
2017,1,2017-01-31,03:00,3510.0,880.0,4000.0,300.0,－－－－－－－－－－,10.0,0.0,0.0,100.0,0.0,0.0,-1780.0,3510.0,yonden
2017,1,2017-01-31,04:00,3510.0,880.0,4050.0,260.0,－－－－－－－－－－,10.0,0.0,0.0,100.0,0.0,0.0,-1790.0,3510.0,yonden
2017,1,2017-01-31,05:00,3460.0,880.0,4030.0,230.0,－－－－－－－－－－,10.0,0.0,0.0,100.0,0.0,0.0,-1790.0,3460.0,yonden
2017,1,2017-01-31,06:00,3630.0,880.0,4090.0,330.0,－－－－－－－－－－,10.0,0.0,0.0,110.0,0.0,0.0,-1790.0,3630.0,yonden
2017,1,2017-01-31,07:00,3780.0,880.0,4150.0,340.0,－－－－－－－－－－,10.0,70.0,0.0,100.0,0.0,0.0,-1770.0,3780.0,yonden
2017,1,2017-01-31,08:00,4100.0,880.0,4350.0,360.0,－－－－－－－－－－,10.0,300.0,0.0,80.0,0.0,0.0,-1880.0,4100.0,yonden
2017,1,2017-01-31,09:00,4070.0,880.0,4300.0,350.0,－－－－－－－－－－,10.0,580.0,0.0,70.0,0.0,0.0,-2120.0,4070.0,yonden
2017,1,2017-01-31,10:00,3940.0,880.0,4200.0,300.0,－－－－－－－－－－,10.0,840.0,0.0,50.0,0.0,0.0,-2340.0,3940.0,yonden
2017,1,2017-01-31,11:00,3860.0,880.0,4060.0,220.0,－－－－－－－－－－,10.0,1030.0,0.0,50.0,0.0,0.0,-2390.0,3860.0,yonden
2017,1,2017-01-31,12:00,3580.0,880.0,3850.0,170.0,－－－－－－－－－－,10.0,1080.0,0.0,40.0,0.0,0.0,-2450.0,3580.0,yonden
2017,1,2017-01-31,13:00,3700.0,880.0,3930.0,170.0,－－－－－－－－－－,10.0,1120.0,0.0,30.0,0.0,0.0,-2440.0,3700.0,yonden
2017,1,2017-01-31,14:00,3670.0,880.0,3950.0,170.0,－－－－－－－－－－,10.0,990.0,0.0,30.0,0.0,0.0,-2360.0,3670.0,yonden
2017,1,2017-01-31,15:00,3690.0,880.0,4160.0,210.0,－－－－－－－－－－,10.0,690.0,0.0,30.0,0.0,0.0,-2290.0,3690.0,yonden
2017,1,2017-01-31,16:00,3850.0,880.0,4410.0,360.0,－－－－－－－－－－,10.0,330.0,0.0,30.0,0.0,0.0,-2170.0,3850.0,yonden
2017,1,2017-01-31,17:00,3990.0,880.0,4610.0,420.0,－－－－－－－－－－,10.0,20.0,0.0,30.0,0.0,0.0,-1980.0,3990.0,yonden
2017,1,2017-01-31,18:00,4220.0,880.0,4660.0,510.0,－－－－－－－－－－,10.0,0.0,0.0,20.0,0.0,0.0,-1860.0,4220.0,yonden
2017,1,2017-01-31,19:00,4150.0,880.0,4550.0,460.0,－－－－－－－－－－,10.0,0.0,0.0,10.0,0.0,0.0,-1760.0,4150.0,yonden
2017,1,2017-01-31,20:00,4020.0,880.0,4490.0,360.0,－－－－－－－－－－,10.0,0.0,0.0,10.0,0.0,0.0,-1730.0,4020.0,yonden
2017,1,2017-01-31,21:00,3770.0,880.0,4350.0,250.0,－－－－－－－－－－,10.0,0.0,0.0,0.0,0.0,0.0,-1720.0,3770.0,yonden
2017,1,2017-01-31,22:00,3510.0,880.0,4190.0,190.0,－－－－－－－－－－,10.0,0.0,0.0,0.0,0.0,0.0,-1760.0,3510.0,yonden
2017,1,2017-01-31,23:00,3470.0,880.0,4160.0,160.0,－－－－－－－－－－,10.0,0.0,0.0,0.0,0.0,0.0,-1740.0,3470.0,yonden
2017,2,2017-02-01,00:00,3440.0,880.0,4200.0,140.0,－－－－－－－－－－,10.0,0.0,0.0,10.0,0.0,0.0,-1800.0,3440.0,yonden
2017,2,2017-02-01,01:00,3520.0,880.0,4110.0,190.0,－－－－－－－－－－,10.0,0.0,0.0,10.0,0.0,0.0,-1680.0,3520.0,yonden
2017,2,2017-02-01,02:00,3680.0,880.0,4120.0,290.0,－－－－－－－－－－,10.0,0.0,0.0,10.0,0.0,0.0,-1630.0,3680.0,yonden
2017,2,2017-02-01,03:00,3720.0,880.0,4130.0,310.0,－－－－－－－－－－,10.0,0.0,0.0,30.0,0.0,0.0,-1640.0,3720.0,yonden
2017,2,2017-02-01,04:00,3640.0,880.0,4090.0,270.0,－－－－－－－－－－,10.0,0.0,0.0,30.0,0.0,0.0,-1640.0,3640.0,yonden
2017,2,2017-02-01,05:00,3550.0,880.0,4070.0,210.0,－－－－－－－－－－,10.0,0.0,0.0,20.0,0.0,0.0,-1640.0,3550.0,yonden
2017,2,2017-02-01,06:00,3740.0,880.0,4280.0,280.0,－－－－－－－－－－,10.0,0.0,0.0,20.0,0.0,0.0,-1730.0,3740.0,yonden
2017,2,2017-02-01,07:00,3880.0,880.0,4340.0,340.0,－－－－－－－－－－,10.0,50.0,0.0,20.0,0.0,0.0,-1760.0,3880.0,yonden
2017,2,2017-02-01,08:00,4220.0,880.0,4530.0,380.0,－－－－－－－－－－,10.0,160.0,0.0,10.0,0.0,60.0,-1810.0,4220.0,yonden
2017,2,2017-02-01,09:00,4220.0,880.0,4500.0,340.0,－－－－－－－－－－,10.0,340.0,0.0,20.0,0.0,120.0,-1990.0,4220.0,yonden
2017,2,2017-02-01,10:00,4040.0,880.0,4560.0,270.0,－－－－－－－－－－,10.0,510.0,0.0,50.0,0.0,0.0,-2240.0,4040.0,yonden
2017,2,2017-02-01,11:00,3990.0,880.0,4620.0,260.0,－－－－－－－－－－,10.0,490.0,0.0,70.0,0.0,0.0,-2340.0,3990.0,yonden
2017,2,2017-02-01,12:00,3800.0,880.0,4690.0,230.0,－－－－－－－－－－,10.0,320.0,0.0,80.0,0.0,0.0,-2410.0,3800.0,yonden
2017,2,2017-02-01,13:00,3940.0,880.0,4720.0,180.0,－－－－－－－－－－,10.0,350.0,0.0,80.0,0.0,0.0,-2280.0,3940.0,yonden
2017,2,2017-02-01,14:00,3940.0,880.0,4810.0,180.0,－－－－－－－－－－,10.0,300.0,0.0,80.0,0.0,0.0,-2320.0,3940.0,yonden
2017,2,2017-02-01,15:00,3890.0,880.0,4760.0,210.0,－－－－－－－－－－,10.0,380.0,0.0,80.0,0.0,0.0,-2430.0,3890.0,yonden
2017,2,2017-02-01,16:00,4010.0,880.0,4870.0,350.0,－－－－－－－－－－,10.0,210.0,0.0,90.0,0.0,50.0,-2450.0,4010.0,yonden
2017,2,2017-02-01,17:00,4110.0,880.0,4790.0,360.0,－－－－－－－－－－,10.0,20.0,0.0,100.0,0.0,180.0,-2230.0,4110.0,yonden
2017,2,2017-02-01,18:00,4250.0,880.0,4780.0,390.0,－－－－－－－－－－,10.0,0.0,0.0,100.0,0.0,250.0,-2160.0,4250.0,yonden
2017,2,2017-02-01,19:00,4140.0,880.0,4790.0,420.0,－－－－－－－－－－,10.0,0.0,0.0,100.0,0.0,170.0,-2230.0,4140.0,yonden
2017,2,2017-02-01,20:00,3980.0,880.0,4730.0,350.0,－－－－－－－－－－,10.0,0.0,0.0,100.0,0.0,0.0,-2090.0,3980.0,yonden
2017,2,2017-02-01,21:00,3710.0,880.0,4390.0,220.0,－－－－－－－－－－,10.0,0.0,0.0,100.0,0.0,0.0,-1890.0,3710.0,yonden
2017,2,2017-02-01,22:00,3390.0,880.0,4130.0,180.0,－－－－－－－－－－,10.0,0.0,0.0,100.0,0.0,0.0,-1910.0,3390.0,yonden
2017,2,2017-02-01,23:00,3240.0,880.0,4010.0,140.0,－－－－－－－－－－,10.0,0.0,0.0,100.0,0.0,0.0,-1900.0,3240.0,yonden
2017,2,2017-02-02,00:00,3180.0,880.0,3920.0,130.0,－－－－－－－－－－,10.0,0.0,0.0,100.0,0.0,0.0,-1860.0,3180.0,yonden
2017,2,2017-02-02,01:00,3310.0,880.0,3910.0,170.0,－－－－－－－－－－,10.0,0.0,0.0,100.0,0.0,0.0,-1760.0,3310.0,yonden
2017,2,2017-02-02,02:00,3540.0,880.0,4030.0,230.0,－－－－－－－－－－,10.0,0.0,0.0,90.0,0.0,0.0,-1700.0,3540.0,yonden
2017,2,2017-02-02,03:00,3630.0,880.0,4000.0,280.0,－－－－－－－－－－,10.0,0.0,0.0,80.0,0.0,80.0,-1700.0,3630.0,yonden
2017,2,2017-02-02,04:00,3620.0,880.0,3660.0,240.0,－－－－－－－－－－,10.0,0.0,0.0,80.0,0.0,420.0,-1670.0,3620.0,yonden
2017,2,2017-02-02,05:00,3530.0,880.0,3360.0,160.0,－－－－－－－－－－,10.0,0.0,0.0,70.0,0.0,60.0,-1010.0,3530.0,yonden
2017,2,2017-02-02,06:00,3720.0,880.0,3550.0,200.0,－－－－－－－－－－,10.0,0.0,0.0,80.0,0.0,0.0,-1000.0,3720.0,yonden
2017,2,2017-02-02,07:00,3840.0,880.0,3490.0,250.0,－－－－－－－－－－,10.0,80.0,0.0,80.0,0.0,0.0,-950.0,3840.0,yonden
2017,2,2017-02-02,08:00,4110.0,880.0,3560.0,270.0,－－－－－－－－－－,10.0,300.0,0.0,80.0,0.0,0.0,-990.0,4110.0,yonden
2017,2,2017-02-02,09:00,4060.0,880.0,3340.0,310.0,－－－－－－－－－－,10.0,590.0,0.0,80.0,0.0,0.0,-1150.0,4060.0,yonden
2017,2,2017-02-02,10:00,3890.0,880.0,3180.0,210.0,－－－－－－－－－－,10.0,920.0,0.0,80.0,0.0,0.0,-1390.0,3890.0,yonden
2017,2,2017-02-02,11:00,3840.0,880.0,3210.0,210.0,－－－－－－－－－－,10.0,1040.0,0.0,80.0,0.0,0.0,-1590.0,3840.0,yonden
2017,2,2017-02-02,12:00,3570.0,880.0,3130.0,160.0,－－－－－－－－－－,10.0,990.0,0.0,90.0,0.0,0.0,-1690.0,3570.0,yonden
2017,2,2017-02-02,13:00,3720.0,880.0,3180.0,130.0,－－－－－－－－－－,10.0,1020.0,0.0,90.0,0.0,0.0,-1590.0,3720.0,yonden
2017,2,2017-02-02,14:00,3690.0,880.0,3110.0,130.0,－－－－－－－－－－,10.0,960.0,0.0,90.0,0.0,0.0,-1490.0,3690.0,yonden
2017,2,2017-02-02,15:00,3690.0,880.0,3420.0,160.0,－－－－－－－－－－,10.0,680.0,0.0,110.0,0.0,0.0,-1570.0,3690.0,yonden
2017,2,2017-02-02,16:00,3850.0,880.0,3710.0,310.0,－－－－－－－－－－,10.0,350.0,0.0,110.0,0.0,0.0,-1520.0,3850.0,yonden
2017,2,2017-02-02,17:00,3970.0,880.0,3860.0,360.0,－－－－－－－－－－,10.0,30.0,0.0,110.0,0.0,0.0,-1280.0,3970.0,yonden
2017,2,2017-02-02,18:00,4170.0,880.0,3920.0,460.0,－－－－－－－－－－,10.0,0.0,0.0,100.0,0.0,0.0,-1200.0,4170.0,yonden
2017,2,2017-02-02,19:00,4070.0,880.0,3900.0,460.0,－－－－－－－－－－,10.0,0.0,0.0,110.0,0.0,0.0,-1290.0,4070.0,yonden
2017,2,2017-02-02,20:00,3900.0,880.0,3720.0,340.0,－－－－－－－－－－,10.0,0.0,0.0,120.0,0.0,0.0,-1170.0,3900.0,yonden
2017,2,2017-02-02,21:00,3640.0,880.0,3410.0,170.0,－－－－－－－－－－,10.0,0.0,0.0,110.0,0.0,0.0,-940.0,3640.0,yonden
2017,2,2017-02-02,22:00,3340.0,880.0,3190.0,130.0,－－－－－－－－－－,10.0,0.0,0.0,100.0,0.0,0.0,-970.0,3340.0,yonden
2017,2,2017-02-02,23:00,3240.0,880.0,3060.0,110.0,－－－－－－－－－－,10.0,0.0,0.0,100.0,0.0,0.0,-920.0,3240.0,yonden
2017,2,2017-02-03,00:00,3220.0,880.0,3070.0,110.0,－－－－－－－－－－,10.0,0.0,0.0,110.0,0.0,0.0,-960.0,3220.0,yonden
2017,2,2017-02-03,01:00,3350.0,880.0,3020.0,110.0,－－－－－－－－－－,10.0,0.0,0.0,110.0,0.0,0.0,-780.0,3350.0,yonden
2017,2,2017-02-03,02:00,3540.0,880.0,3100.0,190.0,－－－－－－－－－－,10.0,0.0,0.0,100.0,0.0,0.0,-740.0,3540.0,yonden
2017,2,2017-02-03,03:00,3620.0,880.0,3110.0,250.0,－－－－－－－－－－,10.0,0.0,0.0,100.0,0.0,0.0,-730.0,3620.0,yonden
2017,2,2017-02-03,04:00,3580.0,880.0,3120.0,230.0,－－－－－－－－－－,10.0,0.0,0.0,100.0,0.0,0.0,-760.0,3580.0,yonden
2017,2,2017-02-03,05:00,3500.0,880.0,3080.0,190.0,－－－－－－－－－－,10.0,0.0,0.0,100.0,0.0,0.0,-760.0,3500.0,yonden
2017,2,2017-02-03,06:00,3640.0,880.0,3220.0,250.0,－－－－－－－－－－,10.0,0.0,0.0,90.0,0.0,0.0,-810.0,3640.0,yonden
2017,2,2017-02-03,07:00,3780.0,880.0,3350.0,290.0,－－－－－－－－－－,10.0,80.0,0.0,80.0,0.0,0.0,-910.0,3780.0,yonden
2017,2,2017-02-03,08:00,4010.0,880.0,3380.0,300.0,－－－－－－－－－－,10.0,340.0,0.0,70.0,0.0,0.0,-970.0,4010.0,yonden
2017,2,2017-02-03,09:00,3910.0,880.0,3130.0,230.0,－－－－－－－－－－,10.0,690.0,0.0,70.0,0.0,0.0,-1100.0,3910.0,yonden
2017,2,2017-02-03,10:00,3750.0,880.0,2930.0,160.0,－－－－－－－－－－,10.0,1010.0,0.0,60.0,0.0,0.0,-1300.0,3750.0,yonden
2017,2,2017-02-03,11:00,3670.0,880.0,2940.0,140.0,－－－－－－－－－－,10.0,1140.0,0.0,60.0,0.0,0.0,-1500.0,3670.0,yonden
2017,2,2017-02-03,12:00,3440.0,880.0,2810.0,120.0,－－－－－－－－－－,10.0,1210.0,0.0,70.0,0.0,0.0,-1660.0,3440.0,yonden
2017,2,2017-02-03,13:00,3570.0,880.0,2770.0,120.0,－－－－－－－－－－,10.0,1190.0,0.0,80.0,0.0,0.0,-1480.0,3570.0,yonden
2017,2,2017-02-03,14:00,3530.0,880.0,2680.0,120.0,－－－－－－－－－－,10.0,1010.0,0.0,80.0,0.0,0.0,-1250.0,3530.0,yonden
2017,2,2017-02-03,15:00,3510.0,880.0,2760.0,140.0,－－－－－－－－－－,10.0,710.0,0.0,90.0,0.0,0.0,-1080.0,3510.0,yonden
2017,2,2017-02-03,16:00,3660.0,880.0,2990.0,270.0,－－－－－－－－－－,10.0,360.0,0.0,90.0,0.0,0.0,-940.0,3660.0,yonden
2017,2,2017-02-03,17:00,3720.0,880.0,3250.0,410.0,－－－－－－－－－－,10.0,30.0,0.0,80.0,0.0,0.0,-940.0,3720.0,yonden
2017,2,2017-02-03,18:00,3910.0,880.0,3430.0,440.0,－－－－－－－－－－,10.0,0.0,0.0,70.0,0.0,0.0,-920.0,3910.0,yonden
2017,2,2017-02-03,19:00,3840.0,880.0,3400.0,450.0,－－－－－－－－－－,10.0,0.0,0.0,60.0,0.0,0.0,-960.0,3840.0,yonden
2017,2,2017-02-03,20:00,3720.0,880.0,3280.0,330.0,－－－－－－－－－－,10.0,0.0,0.0,50.0,0.0,0.0,-830.0,3720.0,yonden
2017,2,2017-02-03,21:00,3520.0,880.0,3180.0,200.0,－－－－－－－－－－,10.0,0.0,0.0,30.0,0.0,0.0,-780.0,3520.0,yonden
2017,2,2017-02-03,22:00,3280.0,880.0,3070.0,130.0,－－－－－－－－－－,10.0,0.0,0.0,30.0,0.0,0.0,-840.0,3280.0,yonden
2017,2,2017-02-03,23:00,3210.0,880.0,3010.0,100.0,－－－－－－－－－－,10.0,0.0,0.0,30.0,0.0,0.0,-820.0,3210.0,yonden
2017,2,2017-02-04,00:00,3170.0,880.0,2910.0,110.0,－－－－－－－－－－,10.0,0.0,0.0,30.0,0.0,0.0,-770.0,3170.0,yonden
2017,2,2017-02-04,01:00,3300.0,880.0,3040.0,100.0,－－－－－－－－－－,10.0,0.0,0.0,20.0,0.0,0.0,-750.0,3300.0,yonden
2017,2,2017-02-04,02:00,3480.0,880.0,3130.0,110.0,－－－－－－－－－－,10.0,0.0,0.0,20.0,0.0,0.0,-670.0,3480.0,yonden
2017,2,2017-02-04,03:00,3520.0,880.0,3090.0,120.0,－－－－－－－－－－,10.0,0.0,0.0,20.0,0.0,0.0,-600.0,3520.0,yonden
2017,2,2017-02-04,04:00,3450.0,880.0,3050.0,120.0,－－－－－－－－－－,10.0,0.0,0.0,20.0,0.0,0.0,-630.0,3450.0,yonden
2017,2,2017-02-04,05:00,3280.0,880.0,2900.0,140.0,－－－－－－－－－－,10.0,0.0,0.0,30.0,0.0,0.0,-680.0,3280.0,yonden
2017,2,2017-02-04,06:00,3260.0,880.0,2880.0,140.0,－－－－－－－－－－,10.0,0.0,0.0,30.0,0.0,0.0,-680.0,3260.0,yonden
2017,2,2017-02-04,07:00,3380.0,880.0,3070.0,100.0,－－－－－－－－－－,10.0,90.0,0.0,30.0,0.0,0.0,-800.0,3380.0,yonden
2017,2,2017-02-04,08:00,3610.0,880.0,3110.0,90.0,－－－－－－－－－－,10.0,330.0,0.0,30.0,0.0,0.0,-840.0,3610.0,yonden
2017,2,2017-02-04,09:00,3600.0,880.0,3000.0,130.0,－－－－－－－－－－,10.0,560.0,0.0,20.0,0.0,0.0,-1000.0,3600.0,yonden
2017,2,2017-02-04,10:00,3480.0,880.0,2880.0,150.0,－－－－－－－－－－,10.0,730.0,0.0,10.0,0.0,-160.0,-1020.0,3480.0,yonden
2017,2,2017-02-04,11:00,3350.0,880.0,2700.0,130.0,－－－－－－－－－－,10.0,930.0,0.0,10.0,0.0,-300.0,-1010.0,3350.0,yonden
2017,2,2017-02-04,12:00,3210.0,880.0,2790.0,120.0,－－－－－－－－－－,10.0,870.0,0.0,10.0,0.0,-300.0,-1170.0,3210.0,yonden
2017,2,2017-02-04,13:00,3270.0,880.0,2810.0,140.0,－－－－－－－－－－,10.0,760.0,0.0,10.0,0.0,-300.0,-1040.0,3270.0,yonden
2017,2,2017-02-04,14:00,3200.0,880.0,2780.0,110.0,－－－－－－－－－－,10.0,690.0,0.0,0.0,0.0,-300.0,-970.0,3200.0,yonden
2017,2,2017-02-04,15:00,3180.0,880.0,2720.0,120.0,－－－－－－－－－－,10.0,610.0,0.0,0.0,0.0,-300.0,-860.0,3180.0,yonden
2017,2,2017-02-04,16:00,3250.0,880.0,2820.0,110.0,－－－－－－－－－－,10.0,320.0,0.0,0.0,0.0,-50.0,-840.0,3250.0,yonden
2017,2,2017-02-04,17:00,3370.0,880.0,3120.0,180.0,－－－－－－－－－－,10.0,30.0,0.0,0.0,0.0,0.0,-850.0,3370.0,yonden
2017,2,2017-02-04,18:00,3590.0,880.0,3170.0,330.0,－－－－－－－－－－,10.0,0.0,0.0,0.0,0.0,0.0,-800.0,3590.0,yonden
2017,2,2017-02-04,19:00,3540.0,880.0,3170.0,270.0,－－－－－－－－－－,10.0,0.0,0.0,10.0,0.0,0.0,-800.0,3540.0,yonden
2017,2,2017-02-04,20:00,3440.0,880.0,3140.0,160.0,－－－－－－－－－－,10.0,0.0,0.0,10.0,0.0,0.0,-760.0,3440.0,yonden
2017,2,2017-02-04,21:00,3250.0,880.0,3080.0,110.0,－－－－－－－－－－,10.0,0.0,0.0,30.0,0.0,0.0,-860.0,3250.0,yonden
2017,2,2017-02-04,22:00,3010.0,880.0,2910.0,90.0,－－－－－－－－－－,10.0,0.0,0.0,30.0,0.0,0.0,-910.0,3010.0,yonden
2017,2,2017-02-04,23:00,2930.0,880.0,2830.0,120.0,－－－－－－－－－－,10.0,0.0,0.0,40.0,0.0,0.0,-950.0,2930.0,yonden
2017,2,2017-02-05,00:00,2860.0,880.0,2760.0,90.0,－－－－－－－－－－,10.0,0.0,0.0,50.0,0.0,0.0,-930.0,2860.0,yonden
2017,2,2017-02-05,01:00,2970.0,880.0,2780.0,80.0,－－－－－－－－－－,10.0,0.0,0.0,60.0,0.0,0.0,-840.0,2970.0,yonden
2017,2,2017-02-05,02:00,3160.0,880.0,2920.0,100.0,－－－－－－－－－－,10.0,0.0,0.0,40.0,0.0,0.0,-790.0,3160.0,yonden
2017,2,2017-02-05,03:00,3240.0,880.0,2960.0,150.0,－－－－－－－－－－,10.0,0.0,0.0,40.0,0.0,0.0,-800.0,3240.0,yonden
2017,2,2017-02-05,04:00,3190.0,880.0,2920.0,120.0,－－－－－－－－－－,10.0,0.0,0.0,30.0,0.0,0.0,-770.0,3190.0,yonden
2017,2,2017-02-05,05:00,3010.0,880.0,2900.0,100.0,－－－－－－－－－－,10.0,0.0,0.0,20.0,0.0,0.0,-900.0,3010.0,yonden
2017,2,2017-02-05,06:00,2830.0,880.0,2870.0,100.0,－－－－－－－－－－,10.0,0.0,0.0,20.0,0.0,0.0,-1050.0,2830.0,yonden
2017,2,2017-02-05,07:00,2820.0,880.0,2770.0,90.0,－－－－－－－－－－,10.0,10.0,0.0,30.0,0.0,0.0,-970.0,2820.0,yonden
2017,2,2017-02-05,08:00,3120.0,880.0,2910.0,110.0,－－－－－－－－－－,10.0,30.0,0.0,40.0,0.0,0.0,-860.0,3120.0,yonden
2017,2,2017-02-05,09:00,3250.0,880.0,3030.0,170.0,－－－－－－－－－－,10.0,70.0,0.0,70.0,0.0,0.0,-980.0,3250.0,yonden
2017,2,2017-02-05,10:00,3230.0,880.0,3070.0,170.0,－－－－－－－－－－,10.0,100.0,0.0,60.0,0.0,0.0,-1060.0,3230.0,yonden
2017,2,2017-02-05,11:00,3200.0,880.0,3120.0,180.0,－－－－－－－－－－,10.0,110.0,0.0,50.0,0.0,0.0,-1150.0,3200.0,yonden
2017,2,2017-02-05,12:00,3150.0,880.0,3050.0,170.0,－－－－－－－－－－,10.0,120.0,0.0,30.0,0.0,0.0,-1110.0,3150.0,yonden
2017,2,2017-02-05,13:00,3090.0,880.0,3030.0,170.0,－－－－－－－－－－,10.0,120.0,0.0,10.0,0.0,0.0,-1130.0,3090.0,yonden
2017,2,2017-02-05,14:00,3040.0,880.0,3010.0,170.0,－－－－－－－－－－,10.0,100.0,0.0,10.0,0.0,0.0,-1140.0,3040.0,yonden
2017,2,2017-02-05,15:00,3000.0,880.0,3000.0,180.0,－－－－－－－－－－,10.0,70.0,0.0,10.0,0.0,0.0,-1150.0,3000.0,yonden
2017,2,2017-02-05,16:00,3090.0,880.0,2940.0,190.0,－－－－－－－－－－,10.0,40.0,0.0,20.0,0.0,0.0,-990.0,3090.0,yonden
2017,2,2017-02-05,17:00,3320.0,880.0,3060.0,270.0,－－－－－－－－－－,10.0,10.0,0.0,30.0,0.0,0.0,-940.0,3320.0,yonden
2017,2,2017-02-05,18:00,3450.0,880.0,2970.0,440.0,－－－－－－－－－－,10.0,0.0,0.0,50.0,0.0,0.0,-900.0,3450.0,yonden
2017,2,2017-02-05,19:00,3390.0,880.0,2930.0,410.0,－－－－－－－－－－,10.0,0.0,0.0,80.0,0.0,0.0,-920.0,3390.0,yonden
2017,2,2017-02-05,20:00,3320.0,880.0,2890.0,300.0,－－－－－－－－－－,10.0,0.0,0.0,90.0,0.0,0.0,-850.0,3320.0,yonden
2017,2,2017-02-05,21:00,3170.0,880.0,2800.0,260.0,－－－－－－－－－－,10.0,0.0,0.0,100.0,0.0,0.0,-880.0,3170.0,yonden
2017,2,2017-02-05,22:00,2920.0,880.0,2730.0,220.0,－－－－－－－－－－,10.0,0.0,0.0,110.0,0.0,0.0,-1030.0,2920.0,yonden
2017,2,2017-02-05,23:00,2820.0,880.0,2740.0,210.0,－－－－－－－－－－,10.0,0.0,0.0,120.0,0.0,0.0,-1140.0,2820.0,yonden
2017,2,2017-02-06,00:00,2800.0,880.0,2720.0,210.0,－－－－－－－－－－,10.0,0.0,0.0,110.0,0.0,0.0,-1130.0,2800.0,yonden
2017,2,2017-02-06,01:00,2930.0,880.0,2670.0,210.0,－－－－－－－－－－,10.0,0.0,0.0,110.0,0.0,0.0,-950.0,2930.0,yonden
2017,2,2017-02-06,02:00,3160.0,880.0,2750.0,260.0,－－－－－－－－－－,10.0,0.0,0.0,120.0,0.0,0.0,-860.0,3160.0,yonden
2017,2,2017-02-06,03:00,3290.0,880.0,2850.0,350.0,－－－－－－－－－－,10.0,0.0,0.0,110.0,0.0,0.0,-910.0,3290.0,yonden
2017,2,2017-02-06,04:00,3300.0,880.0,2950.0,290.0,－－－－－－－－－－,10.0,0.0,0.0,100.0,0.0,0.0,-930.0,3300.0,yonden
2017,2,2017-02-06,05:00,3260.0,880.0,2990.0,270.0,－－－－－－－－－－,10.0,0.0,0.0,100.0,0.0,0.0,-990.0,3260.0,yonden
2017,2,2017-02-06,06:00,3340.0,880.0,3250.0,270.0,－－－－－－－－－－,10.0,0.0,0.0,100.0,0.0,0.0,-1170.0,3340.0,yonden
2017,2,2017-02-06,07:00,3500.0,880.0,3340.0,270.0,－－－－－－－－－－,10.0,80.0,0.0,110.0,0.0,0.0,-1190.0,3500.0,yonden
2017,2,2017-02-06,08:00,3830.0,880.0,3340.0,340.0,－－－－－－－－－－,10.0,290.0,0.0,120.0,0.0,0.0,-1150.0,3830.0,yonden
2017,2,2017-02-06,09:00,3870.0,880.0,3210.0,340.0,－－－－－－－－－－,10.0,580.0,0.0,110.0,0.0,0.0,-1260.0,3870.0,yonden
2017,2,2017-02-06,10:00,3800.0,880.0,3160.0,220.0,－－－－－－－－－－,10.0,860.0,0.0,120.0,0.0,0.0,-1450.0,3800.0,yonden
2017,2,2017-02-06,11:00,3740.0,880.0,3130.0,210.0,－－－－－－－－－－,10.0,1020.0,0.0,120.0,0.0,0.0,-1630.0,3740.0,yonden
2017,2,2017-02-06,12:00,3520.0,880.0,3010.0,180.0,－－－－－－－－－－,10.0,1100.0,0.0,120.0,0.0,0.0,-1780.0,3520.0,yonden
2017,2,2017-02-06,13:00,3670.0,880.0,3140.0,170.0,－－－－－－－－－－,10.0,1060.0,0.0,130.0,0.0,0.0,-1720.0,3670.0,yonden
2017,2,2017-02-06,14:00,3680.0,880.0,3280.0,170.0,－－－－－－－－－－,10.0,810.0,0.0,130.0,0.0,0.0,-1600.0,3680.0,yonden
2017,2,2017-02-06,15:00,3690.0,880.0,3460.0,190.0,－－－－－－－－－－,10.0,470.0,0.0,120.0,0.0,0.0,-1440.0,3690.0,yonden
2017,2,2017-02-06,16:00,3850.0,880.0,3720.0,270.0,－－－－－－－－－－,10.0,230.0,0.0,120.0,0.0,0.0,-1380.0,3850.0,yonden
2017,2,2017-02-06,17:00,4010.0,880.0,3710.0,420.0,－－－－－－－－－－,10.0,20.0,0.0,120.0,0.0,0.0,-1150.0,4010.0,yonden
2017,2,2017-02-06,18:00,4160.0,880.0,3740.0,520.0,－－－－－－－－－－,10.0,0.0,0.0,120.0,0.0,0.0,-1110.0,4160.0,yonden
2017,2,2017-02-06,19:00,4050.0,880.0,3730.0,500.0,－－－－－－－－－－,10.0,0.0,0.0,130.0,0.0,0.0,-1200.0,4050.0,yonden
2017,2,2017-02-06,20:00,3860.0,880.0,3550.0,380.0,－－－－－－－－－－,10.0,0.0,0.0,120.0,0.0,0.0,-1080.0,3860.0,yonden
2017,2,2017-02-06,21:00,3610.0,880.0,3410.0,240.0,－－－－－－－－－－,10.0,0.0,0.0,100.0,0.0,0.0,-1030.0,3610.0,yonden
2017,2,2017-02-06,22:00,3310.0,880.0,3300.0,160.0,－－－－－－－－－－,10.0,0.0,0.0,100.0,0.0,0.0,-1140.0,3310.0,yonden
2017,2,2017-02-06,23:00,3210.0,880.0,3190.0,160.0,－－－－－－－－－－,10.0,0.0,0.0,90.0,0.0,0.0,-1120.0,3210.0,yonden
2017,2,2017-02-07,00:00,3160.0,880.0,3070.0,150.0,－－－－－－－－－－,10.0,0.0,0.0,80.0,0.0,0.0,-1030.0,3160.0,yonden
2017,2,2017-02-07,01:00,3300.0,880.0,3090.0,150.0,－－－－－－－－－－,10.0,0.0,0.0,80.0,0.0,0.0,-910.0,3300.0,yonden
2017,2,2017-02-07,02:00,3510.0,880.0,3130.0,190.0,－－－－－－－－－－,10.0,0.0,0.0,90.0,0.0,0.0,-790.0,3510.0,yonden
2017,2,2017-02-07,03:00,3600.0,880.0,3180.0,250.0,－－－－－－－－－－,10.0,0.0,0.0,80.0,0.0,0.0,-800.0,3600.0,yonden
2017,2,2017-02-07,04:00,3580.0,880.0,3180.0,220.0,－－－－－－－－－－,10.0,0.0,0.0,90.0,0.0,0.0,-800.0,3580.0,yonden
2017,2,2017-02-07,05:00,3520.0,880.0,3200.0,160.0,－－－－－－－－－－,10.0,0.0,0.0,80.0,0.0,0.0,-810.0,3520.0,yonden
2017,2,2017-02-07,06:00,3670.0,880.0,3410.0,180.0,－－－－－－－－－－,10.0,0.0,0.0,80.0,0.0,0.0,-890.0,3670.0,yonden
2017,2,2017-02-07,07:00,3790.0,880.0,3470.0,220.0,－－－－－－－－－－,10.0,80.0,0.0,80.0,0.0,0.0,-950.0,3790.0,yonden
2017,2,2017-02-07,08:00,4090.0,880.0,3550.0,320.0,－－－－－－－－－－,10.0,260.0,0.0,80.0,0.0,0.0,-1010.0,4090.0,yonden
2017,2,2017-02-07,09:00,4060.0,880.0,3420.0,270.0,－－－－－－－－－－,10.0,560.0,0.0,80.0,0.0,0.0,-1160.0,4060.0,yonden
2017,2,2017-02-07,10:00,3910.0,880.0,3250.0,190.0,－－－－－－－－－－,10.0,850.0,0.0,90.0,0.0,0.0,-1360.0,3910.0,yonden
2017,2,2017-02-07,11:00,3810.0,880.0,3280.0,170.0,－－－－－－－－－－,10.0,960.0,0.0,80.0,0.0,0.0,-1570.0,3810.0,yonden
2017,2,2017-02-07,12:00,3590.0,880.0,3190.0,170.0,－－－－－－－－－－,10.0,890.0,0.0,70.0,0.0,0.0,-1620.0,3590.0,yonden
2017,2,2017-02-07,13:00,3750.0,880.0,3450.0,140.0,－－－－－－－－－－,10.0,690.0,0.0,70.0,0.0,0.0,-1490.0,3750.0,yonden
2017,2,2017-02-07,14:00,3740.0,880.0,3540.0,140.0,－－－－－－－－－－,10.0,590.0,0.0,60.0,0.0,0.0,-1480.0,3740.0,yonden
2017,2,2017-02-07,15:00,3800.0,880.0,3740.0,150.0,－－－－－－－－－－,10.0,360.0,0.0,70.0,0.0,0.0,-1410.0,3800.0,yonden
2017,2,2017-02-07,16:00,3960.0,880.0,3810.0,300.0,－－－－－－－－－－,10.0,200.0,0.0,60.0,0.0,0.0,-1300.0,3960.0,yonden
2017,2,2017-02-07,17:00,4080.0,880.0,3740.0,410.0,－－－－－－－－－－,10.0,20.0,0.0,70.0,0.0,0.0,-1050.0,4080.0,yonden
2017,2,2017-02-07,18:00,4250.0,880.0,3770.0,470.0,－－－－－－－－－－,10.0,0.0,0.0,70.0,0.0,0.0,-950.0,4250.0,yonden
2017,2,2017-02-07,19:00,4120.0,880.0,3700.0,480.0,－－－－－－－－－－,10.0,0.0,0.0,60.0,0.0,0.0,-1010.0,4120.0,yonden
2017,2,2017-02-07,20:00,3960.0,880.0,3600.0,380.0,－－－－－－－－－－,10.0,0.0,0.0,70.0,0.0,0.0,-980.0,3960.0,yonden
2017,2,2017-02-07,21:00,3710.0,880.0,3490.0,180.0,－－－－－－－－－－,10.0,0.0,0.0,70.0,0.0,0.0,-920.0,3710.0,yonden
2017,2,2017-02-07,22:00,3440.0,880.0,3370.0,140.0,－－－－－－－－－－,10.0,0.0,0.0,70.0,0.0,0.0,-1030.0,3440.0,yonden
2017,2,2017-02-07,23:00,3350.0,880.0,3240.0,130.0,－－－－－－－－－－,10.0,0.0,0.0,60.0,0.0,0.0,-970.0,3350.0,yonden
2017,2,2017-02-08,00:00,3350.0,880.0,3180.0,130.0,－－－－－－－－－－,10.0,0.0,0.0,60.0,0.0,0.0,-910.0,3350.0,yonden
2017,2,2017-02-08,01:00,3450.0,880.0,3210.0,120.0,－－－－－－－－－－,10.0,0.0,0.0,60.0,0.0,0.0,-830.0,3450.0,yonden
2017,2,2017-02-08,02:00,3630.0,880.0,3310.0,160.0,－－－－－－－－－－,10.0,0.0,0.0,50.0,0.0,0.0,-780.0,3630.0,yonden
2017,2,2017-02-08,03:00,3690.0,880.0,3340.0,190.0,－－－－－－－－－－,10.0,0.0,0.0,60.0,0.0,0.0,-790.0,3690.0,yonden
2017,2,2017-02-08,04:00,3640.0,880.0,3300.0,150.0,－－－－－－－－－－,10.0,0.0,0.0,70.0,0.0,0.0,-770.0,3640.0,yonden
2017,2,2017-02-08,05:00,3590.0,880.0,3400.0,150.0,－－－－－－－－－－,10.0,0.0,0.0,60.0,0.0,0.0,-910.0,3590.0,yonden
2017,2,2017-02-08,06:00,3770.0,880.0,3620.0,180.0,－－－－－－－－－－,10.0,0.0,0.0,60.0,0.0,0.0,-980.0,3770.0,yonden
2017,2,2017-02-08,07:00,3890.0,880.0,3650.0,250.0,－－－－－－－－－－,10.0,100.0,0.0,60.0,0.0,0.0,-1060.0,3890.0,yonden
2017,2,2017-02-08,08:00,4120.0,880.0,3640.0,260.0,－－－－－－－－－－,10.0,360.0,0.0,60.0,0.0,0.0,-1090.0,4120.0,yonden
2017,2,2017-02-08,09:00,4100.0,880.0,3670.0,230.0,－－－－－－－－－－,10.0,600.0,0.0,40.0,0.0,0.0,-1330.0,4100.0,yonden
2017,2,2017-02-08,10:00,3950.0,880.0,3540.0,170.0,－－－－－－－－－－,10.0,800.0,0.0,20.0,0.0,0.0,-1470.0,3950.0,yonden
2017,2,2017-02-08,11:00,3890.0,880.0,3450.0,170.0,－－－－－－－－－－,10.0,1000.0,0.0,20.0,0.0,0.0,-1640.0,3890.0,yonden
2017,2,2017-02-08,12:00,3620.0,880.0,3170.0,150.0,－－－－－－－－－－,10.0,1090.0,0.0,10.0,0.0,0.0,-1690.0,3620.0,yonden
2017,2,2017-02-08,13:00,3800.0,880.0,3360.0,120.0,－－－－－－－－－－,10.0,1020.0,0.0,10.0,0.0,0.0,-1600.0,3800.0,yonden
2017,2,2017-02-08,14:00,3760.0,880.0,3560.0,120.0,－－－－－－－－－－,10.0,720.0,0.0,10.0,0.0,0.0,-1540.0,3760.0,yonden
2017,2,2017-02-08,15:00,3700.0,880.0,3550.0,130.0,－－－－－－－－－－,10.0,450.0,0.0,10.0,0.0,0.0,-1330.0,3700.0,yonden
2017,2,2017-02-08,16:00,3870.0,880.0,3680.0,270.0,－－－－－－－－－－,10.0,220.0,0.0,10.0,0.0,0.0,-1200.0,3870.0,yonden
2017,2,2017-02-08,17:00,4020.0,880.0,3950.0,360.0,－－－－－－－－－－,10.0,20.0,0.0,10.0,0.0,0.0,-1210.0,4020.0,yonden
2017,2,2017-02-08,18:00,4160.0,880.0,3950.0,440.0,－－－－－－－－－－,10.0,0.0,0.0,10.0,0.0,0.0,-1130.0,4160.0,yonden
2017,2,2017-02-08,19:00,4060.0,880.0,3780.0,370.0,－－－－－－－－－－,10.0,0.0,0.0,10.0,0.0,0.0,-990.0,4060.0,yonden
2017,2,2017-02-08,20:00,3900.0,880.0,3810.0,240.0,－－－－－－－－－－,10.0,0.0,0.0,0.0,0.0,0.0,-1040.0,3900.0,yonden
2017,2,2017-02-08,21:00,3630.0,880.0,3690.0,140.0,－－－－－－－－－－,10.0,0.0,0.0,0.0,0.0,0.0,-1090.0,3630.0,yonden
2017,2,2017-02-08,22:00,3360.0,880.0,3420.0,120.0,－－－－－－－－－－,10.0,0.0,0.0,0.0,0.0,0.0,-1070.0,3360.0,yonden
2017,2,2017-02-08,23:00,3260.0,880.0,3320.0,120.0,－－－－－－－－－－,10.0,0.0,0.0,0.0,0.0,0.0,-1070.0,3260.0,yonden
2017,2,2017-02-09,00:00,3180.0,880.0,3290.0,120.0,－－－－－－－－－－,10.0,0.0,0.0,0.0,0.0,0.0,-1120.0,3180.0,yonden
2017,2,2017-02-09,01:00,3280.0,880.0,3220.0,120.0,－－－－－－－－－－,10.0,0.0,0.0,0.0,0.0,0.0,-950.0,3280.0,yonden
2017,2,2017-02-09,02:00,3480.0,880.0,3260.0,140.0,－－－－－－－－－－,10.0,0.0,0.0,0.0,0.0,0.0,-810.0,3480.0,yonden
2017,2,2017-02-09,03:00,3570.0,880.0,3270.0,180.0,－－－－－－－－－－,10.0,0.0,0.0,10.0,0.0,0.0,-780.0,3570.0,yonden
2017,2,2017-02-09,04:00,3560.0,880.0,3260.0,150.0,－－－－－－－－－－,10.0,0.0,0.0,30.0,0.0,0.0,-770.0,3560.0,yonden
2017,2,2017-02-09,05:00,3510.0,880.0,3250.0,150.0,－－－－－－－－－－,10.0,0.0,0.0,40.0,0.0,0.0,-820.0,3510.0,yonden
2017,2,2017-02-09,06:00,3630.0,880.0,3550.0,180.0,－－－－－－－－－－,10.0,0.0,0.0,50.0,0.0,0.0,-1040.0,3630.0,yonden
2017,2,2017-02-09,07:00,3770.0,880.0,3800.0,250.0,－－－－－－－－－－,10.0,20.0,0.0,60.0,0.0,0.0,-1250.0,3770.0,yonden
2017,2,2017-02-09,08:00,4230.0,880.0,4230.0,300.0,－－－－－－－－－－,10.0,60.0,0.0,80.0,0.0,0.0,-1330.0,4230.0,yonden
2017,2,2017-02-09,09:00,4370.0,880.0,4320.0,330.0,－－－－－－－－－－,10.0,140.0,0.0,100.0,0.0,0.0,-1410.0,4370.0,yonden
2017,2,2017-02-09,10:00,4240.0,880.0,4250.0,210.0,－－－－－－－－－－,10.0,320.0,0.0,100.0,0.0,0.0,-1530.0,4240.0,yonden
2017,2,2017-02-09,11:00,4070.0,880.0,4220.0,160.0,－－－－－－－－－－,10.0,380.0,0.0,100.0,0.0,0.0,-1680.0,4070.0,yonden
2017,2,2017-02-09,12:00,3800.0,880.0,4010.0,150.0,－－－－－－－－－－,10.0,360.0,0.0,100.0,0.0,0.0,-1710.0,3800.0,yonden
2017,2,2017-02-09,13:00,3960.0,880.0,4110.0,120.0,－－－－－－－－－－,10.0,340.0,0.0,110.0,0.0,0.0,-1610.0,3960.0,yonden
2017,2,2017-02-09,14:00,4010.0,880.0,4200.0,130.0,－－－－－－－－－－,10.0,250.0,0.0,100.0,0.0,0.0,-1560.0,4010.0,yonden
2017,2,2017-02-09,15:00,4040.0,880.0,4300.0,190.0,－－－－－－－－－－,10.0,200.0,0.0,110.0,0.0,0.0,-1650.0,4040.0,yonden
2017,2,2017-02-09,16:00,4220.0,880.0,4320.0,350.0,－－－－－－－－－－,10.0,110.0,0.0,110.0,0.0,130.0,-1690.0,4220.0,yonden
2017,2,2017-02-09,17:00,4290.0,880.0,4200.0,380.0,－－－－－－－－－－,10.0,10.0,0.0,110.0,0.0,140.0,-1440.0,4290.0,yonden
2017,2,2017-02-09,18:00,4400.0,880.0,4210.0,420.0,－－－－－－－－－－,10.0,0.0,0.0,110.0,0.0,80.0,-1310.0,4400.0,yonden
2017,2,2017-02-09,19:00,4280.0,880.0,4210.0,390.0,－－－－－－－－－－,10.0,0.0,0.0,110.0,0.0,0.0,-1320.0,4280.0,yonden
2017,2,2017-02-09,20:00,4120.0,880.0,4080.0,320.0,－－－－－－－－－－,10.0,0.0,0.0,100.0,0.0,0.0,-1270.0,4120.0,yonden
2017,2,2017-02-09,21:00,3860.0,880.0,3950.0,170.0,－－－－－－－－－－,10.0,0.0,0.0,100.0,0.0,0.0,-1250.0,3860.0,yonden
2017,2,2017-02-09,22:00,3550.0,880.0,3630.0,140.0,－－－－－－－－－－,10.0,0.0,0.0,100.0,0.0,0.0,-1210.0,3550.0,yonden
2017,2,2017-02-09,23:00,3450.0,880.0,3430.0,130.0,－－－－－－－－－－,10.0,0.0,0.0,90.0,0.0,0.0,-1090.0,3450.0,yonden
2017,2,2017-02-10,00:00,3410.0,880.0,3340.0,130.0,－－－－－－－－－－,10.0,0.0,0.0,90.0,0.0,0.0,-1040.0,3410.0,yonden
2017,2,2017-02-10,01:00,3490.0,880.0,3310.0,130.0,－－－－－－－－－－,10.0,0.0,0.0,110.0,0.0,0.0,-950.0,3490.0,yonden
2017,2,2017-02-10,02:00,3630.0,880.0,3340.0,140.0,－－－－－－－－－－,10.0,0.0,0.0,110.0,0.0,0.0,-850.0,3630.0,yonden
2017,2,2017-02-10,03:00,3650.0,880.0,3310.0,160.0,－－－－－－－－－－,10.0,0.0,0.0,110.0,0.0,0.0,-820.0,3650.0,yonden
2017,2,2017-02-10,04:00,3590.0,880.0,3270.0,160.0,－－－－－－－－－－,10.0,0.0,0.0,100.0,0.0,0.0,-830.0,3590.0,yonden
2017,2,2017-02-10,05:00,3540.0,880.0,3280.0,150.0,－－－－－－－－－－,10.0,0.0,0.0,110.0,0.0,0.0,-890.0,3540.0,yonden
2017,2,2017-02-10,06:00,3760.0,880.0,3650.0,190.0,－－－－－－－－－－,10.0,0.0,0.0,100.0,0.0,0.0,-1070.0,3760.0,yonden
2017,2,2017-02-10,07:00,3970.0,880.0,3880.0,260.0,－－－－－－－－－－,10.0,70.0,0.0,100.0,0.0,0.0,-1230.0,3970.0,yonden
2017,2,2017-02-10,08:00,4290.0,880.0,3910.0,320.0,－－－－－－－－－－,10.0,280.0,0.0,100.0,0.0,0.0,-1210.0,4290.0,yonden
2017,2,2017-02-10,09:00,4340.0,880.0,3940.0,320.0,－－－－－－－－－－,10.0,530.0,0.0,100.0,0.0,0.0,-1440.0,4340.0,yonden
2017,2,2017-02-10,10:00,4220.0,880.0,3900.0,190.0,－－－－－－－－－－,10.0,820.0,0.0,100.0,0.0,0.0,-1680.0,4220.0,yonden
2017,2,2017-02-10,11:00,4170.0,880.0,3950.0,160.0,－－－－－－－－－－,10.0,850.0,0.0,100.0,0.0,0.0,-1780.0,4170.0,yonden
2017,2,2017-02-10,12:00,3950.0,880.0,3770.0,150.0,－－－－－－－－－－,10.0,840.0,0.0,100.0,0.0,0.0,-1800.0,3950.0,yonden
2017,2,2017-02-10,13:00,4090.0,880.0,3840.0,120.0,－－－－－－－－－－,10.0,830.0,0.0,90.0,0.0,0.0,-1680.0,4090.0,yonden
2017,2,2017-02-10,14:00,4150.0,880.0,4100.0,120.0,－－－－－－－－－－,10.0,630.0,0.0,100.0,0.0,0.0,-1690.0,4150.0,yonden
2017,2,2017-02-10,15:00,4240.0,880.0,4180.0,160.0,－－－－－－－－－－,10.0,400.0,0.0,100.0,0.0,0.0,-1490.0,4240.0,yonden
2017,2,2017-02-10,16:00,4410.0,880.0,4280.0,280.0,－－－－－－－－－－,10.0,210.0,0.0,90.0,0.0,0.0,-1340.0,4410.0,yonden
2017,2,2017-02-10,17:00,4520.0,880.0,4240.0,400.0,－－－－－－－－－－,10.0,30.0,0.0,90.0,0.0,0.0,-1130.0,4520.0,yonden
2017,2,2017-02-10,18:00,4640.0,880.0,4240.0,450.0,－－－－－－－－－－,10.0,0.0,0.0,100.0,0.0,0.0,-1040.0,4640.0,yonden
2017,2,2017-02-10,19:00,4510.0,880.0,4200.0,370.0,－－－－－－－－－－,10.0,0.0,0.0,100.0,0.0,0.0,-1050.0,4510.0,yonden
2017,2,2017-02-10,20:00,4320.0,880.0,4060.0,250.0,－－－－－－－－－－,10.0,0.0,0.0,100.0,0.0,0.0,-980.0,4320.0,yonden
2017,2,2017-02-10,21:00,4080.0,880.0,3920.0,140.0,－－－－－－－－－－,10.0,0.0,0.0,100.0,0.0,0.0,-970.0,4080.0,yonden
2017,2,2017-02-10,22:00,3790.0,880.0,3760.0,120.0,－－－－－－－－－－,10.0,0.0,0.0,110.0,0.0,0.0,-1090.0,3790.0,yonden
2017,2,2017-02-10,23:00,3720.0,880.0,3590.0,120.0,－－－－－－－－－－,10.0,0.0,0.0,110.0,0.0,0.0,-990.0,3720.0,yonden
2017,2,2017-02-11,00:00,3660.0,880.0,3520.0,120.0,－－－－－－－－－－,10.0,0.0,0.0,100.0,0.0,0.0,-970.0,3660.0,yonden
2017,2,2017-02-11,01:00,3680.0,880.0,3470.0,120.0,－－－－－－－－－－,10.0,0.0,0.0,100.0,0.0,0.0,-900.0,3680.0,yonden
2017,2,2017-02-11,02:00,3780.0,880.0,3450.0,150.0,－－－－－－－－－－,10.0,0.0,0.0,100.0,0.0,0.0,-810.0,3780.0,yonden
2017,2,2017-02-11,03:00,3760.0,880.0,3440.0,150.0,－－－－－－－－－－,10.0,0.0,0.0,90.0,0.0,0.0,-810.0,3760.0,yonden
2017,2,2017-02-11,04:00,3630.0,880.0,3320.0,150.0,－－－－－－－－－－,10.0,0.0,0.0,90.0,0.0,0.0,-820.0,3630.0,yonden
2017,2,2017-02-11,05:00,3450.0,880.0,3120.0,190.0,－－－－－－－－－－,10.0,0.0,0.0,90.0,0.0,0.0,-840.0,3450.0,yonden
2017,2,2017-02-11,06:00,3440.0,880.0,3180.0,160.0,－－－－－－－－－－,10.0,0.0,0.0,100.0,0.0,0.0,-890.0,3440.0,yonden
2017,2,2017-02-11,07:00,3590.0,880.0,3340.0,130.0,－－－－－－－－－－,10.0,100.0,0.0,90.0,0.0,0.0,-960.0,3590.0,yonden
2017,2,2017-02-11,08:00,3860.0,880.0,3430.0,160.0,－－－－－－－－－－,10.0,280.0,0.0,90.0,0.0,0.0,-990.0,3860.0,yonden
2017,2,2017-02-11,09:00,3840.0,880.0,3370.0,170.0,－－－－－－－－－－,10.0,520.0,0.0,90.0,0.0,0.0,-1200.0,3840.0,yonden
2017,2,2017-02-11,10:00,3730.0,880.0,3290.0,160.0,－－－－－－－－－－,10.0,710.0,0.0,100.0,0.0,0.0,-1420.0,3730.0,yonden
2017,2,2017-02-11,11:00,3620.0,880.0,3210.0,140.0,－－－－－－－－－－,10.0,890.0,0.0,100.0,0.0,0.0,-1610.0,3620.0,yonden
2017,2,2017-02-11,12:00,3520.0,880.0,3200.0,140.0,－－－－－－－－－－,10.0,890.0,0.0,110.0,0.0,0.0,-1710.0,3520.0,yonden
2017,2,2017-02-11,13:00,3470.0,880.0,3000.0,120.0,－－－－－－－－－－,10.0,900.0,0.0,120.0,0.0,0.0,-1560.0,3470.0,yonden
2017,2,2017-02-11,14:00,3380.0,880.0,2910.0,120.0,－－－－－－－－－－,10.0,700.0,0.0,120.0,0.0,0.0,-1360.0,3380.0,yonden
2017,2,2017-02-11,15:00,3400.0,880.0,2870.0,120.0,－－－－－－－－－－,10.0,500.0,0.0,110.0,0.0,0.0,-1090.0,3400.0,yonden
2017,2,2017-02-11,16:00,3550.0,880.0,3090.0,130.0,－－－－－－－－－－,10.0,260.0,0.0,110.0,0.0,0.0,-930.0,3550.0,yonden
2017,2,2017-02-11,17:00,3810.0,880.0,3390.0,210.0,－－－－－－－－－－,0.0,40.0,0.0,110.0,0.0,0.0,-820.0,3810.0,yonden
2017,2,2017-02-11,18:00,4030.0,880.0,3550.0,300.0,－－－－－－－－－－,0.0,0.0,0.0,110.0,0.0,0.0,-810.0,4030.0,yonden
2017,2,2017-02-11,19:00,4000.0,880.0,3550.0,270.0,－－－－－－－－－－,0.0,0.0,0.0,110.0,0.0,0.0,-810.0,4000.0,yonden
2017,2,2017-02-11,20:00,3900.0,880.0,3560.0,190.0,－－－－－－－－－－,0.0,0.0,0.0,100.0,0.0,0.0,-830.0,3900.0,yonden
2017,2,2017-02-11,21:00,3690.0,880.0,3370.0,150.0,－－－－－－－－－－,0.0,0.0,0.0,100.0,0.0,0.0,-810.0,3690.0,yonden
2017,2,2017-02-11,22:00,3410.0,880.0,3210.0,120.0,－－－－－－－－－－,0.0,0.0,0.0,100.0,0.0,0.0,-900.0,3410.0,yonden
2017,2,2017-02-11,23:00,3400.0,880.0,3140.0,120.0,－－－－－－－－－－,0.0,0.0,0.0,90.0,0.0,0.0,-830.0,3400.0,yonden
2017,2,2017-02-12,00:00,3370.0,880.0,3210.0,110.0,－－－－－－－－－－,0.0,0.0,0.0,90.0,0.0,0.0,-920.0,3370.0,yonden
2017,2,2017-02-12,01:00,3440.0,880.0,3180.0,110.0,－－－－－－－－－－,0.0,0.0,0.0,80.0,0.0,0.0,-810.0,3440.0,yonden
2017,2,2017-02-12,02:00,3560.0,880.0,3290.0,120.0,－－－－－－－－－－,0.0,0.0,0.0,70.0,0.0,0.0,-800.0,3560.0,yonden
2017,2,2017-02-12,03:00,3550.0,880.0,3230.0,130.0,－－－－－－－－－－,0.0,0.0,0.0,70.0,0.0,0.0,-760.0,3550.0,yonden
2017,2,2017-02-12,04:00,3450.0,880.0,3160.0,120.0,－－－－－－－－－－,0.0,0.0,0.0,80.0,0.0,0.0,-790.0,3450.0,yonden
2017,2,2017-02-12,05:00,3250.0,880.0,3010.0,120.0,－－－－－－－－－－,0.0,0.0,0.0,70.0,0.0,0.0,-830.0,3250.0,yonden
2017,2,2017-02-12,06:00,3170.0,880.0,3030.0,120.0,－－－－－－－－－－,0.0,0.0,0.0,70.0,0.0,0.0,-930.0,3170.0,yonden
2017,2,2017-02-12,07:00,3270.0,880.0,3030.0,120.0,－－－－－－－－－－,0.0,120.0,0.0,70.0,0.0,0.0,-950.0,3270.0,yonden
2017,2,2017-02-12,08:00,3370.0,880.0,2810.0,120.0,－－－－－－－－－－,0.0,390.0,0.0,70.0,0.0,0.0,-900.0,3370.0,yonden
2017,2,2017-02-12,09:00,3310.0,880.0,2640.0,130.0,－－－－－－－－－－,0.0,660.0,0.0,60.0,0.0,0.0,-1060.0,3310.0,yonden
2017,2,2017-02-12,10:00,3210.0,880.0,2590.0,160.0,－－－－－－－－－－,0.0,830.0,0.0,70.0,0.0,-100.0,-1220.0,3210.0,yonden
2017,2,2017-02-12,11:00,3130.0,880.0,2750.0,150.0,－－－－－－－－－－,0.0,900.0,0.0,90.0,0.0,-300.0,-1340.0,3130.0,yonden
2017,2,2017-02-12,12:00,3070.0,880.0,2880.0,140.0,－－－－－－－－－－,0.0,800.0,0.0,90.0,0.0,-250.0,-1470.0,3070.0,yonden
2017,2,2017-02-12,13:00,2990.0,880.0,2610.0,120.0,－－－－－－－－－－,0.0,750.0,0.0,90.0,0.0,0.0,-1460.0,2990.0,yonden
2017,2,2017-02-12,14:00,2970.0,880.0,2510.0,110.0,－－－－－－－－－－,0.0,680.0,0.0,100.0,0.0,0.0,-1310.0,2970.0,yonden
2017,2,2017-02-12,15:00,3010.0,880.0,2700.0,120.0,－－－－－－－－－－,0.0,480.0,0.0,100.0,0.0,0.0,-1270.0,3010.0,yonden
2017,2,2017-02-12,16:00,3190.0,880.0,2830.0,130.0,－－－－－－－－－－,0.0,250.0,0.0,90.0,0.0,0.0,-990.0,3190.0,yonden
2017,2,2017-02-12,17:00,3530.0,880.0,3180.0,200.0,－－－－－－－－－－,0.0,40.0,0.0,100.0,0.0,0.0,-870.0,3530.0,yonden
2017,2,2017-02-12,18:00,3860.0,880.0,3380.0,290.0,－－－－－－－－－－,0.0,0.0,0.0,100.0,0.0,0.0,-790.0,3860.0,yonden
2017,2,2017-02-12,19:00,3870.0,880.0,3430.0,280.0,－－－－－－－－－－,0.0,0.0,0.0,90.0,0.0,0.0,-810.0,3870.0,yonden
2017,2,2017-02-12,20:00,3770.0,880.0,3360.0,220.0,－－－－－－－－－－,0.0,0.0,0.0,80.0,0.0,0.0,-770.0,3770.0,yonden
2017,2,2017-02-12,21:00,3590.0,880.0,3300.0,170.0,－－－－－－－－－－,0.0,0.0,0.0,70.0,0.0,0.0,-830.0,3590.0,yonden
2017,2,2017-02-12,22:00,3320.0,880.0,3160.0,130.0,－－－－－－－－－－,0.0,0.0,0.0,60.0,0.0,0.0,-910.0,3320.0,yonden
2017,2,2017-02-12,23:00,3300.0,880.0,3160.0,110.0,－－－－－－－－－－,0.0,0.0,0.0,50.0,0.0,0.0,-900.0,3300.0,yonden
2017,2,2017-02-13,00:00,3310.0,880.0,3100.0,100.0,－－－－－－－－－－,0.0,0.0,0.0,50.0,0.0,0.0,-820.0,3310.0,yonden
2017,2,2017-02-13,01:00,3420.0,880.0,3090.0,100.0,－－－－－－－－－－,0.0,0.0,0.0,60.0,0.0,0.0,-710.0,3420.0,yonden
2017,2,2017-02-13,02:00,3550.0,880.0,3260.0,110.0,－－－－－－－－－－,0.0,0.0,0.0,50.0,0.0,0.0,-750.0,3550.0,yonden
2017,2,2017-02-13,03:00,3590.0,880.0,3250.0,130.0,－－－－－－－－－－,0.0,0.0,0.0,50.0,0.0,0.0,-720.0,3590.0,yonden
2017,2,2017-02-13,04:00,3530.0,880.0,3210.0,130.0,－－－－－－－－－－,0.0,0.0,0.0,50.0,0.0,0.0,-740.0,3530.0,yonden
2017,2,2017-02-13,05:00,3460.0,880.0,3150.0,130.0,－－－－－－－－－－,0.0,0.0,0.0,50.0,0.0,0.0,-750.0,3460.0,yonden
2017,2,2017-02-13,06:00,3680.0,880.0,3390.0,140.0,－－－－－－－－－－,0.0,0.0,0.0,40.0,0.0,0.0,-770.0,3680.0,yonden
2017,2,2017-02-13,07:00,3900.0,880.0,3530.0,130.0,－－－－－－－－－－,0.0,130.0,0.0,40.0,0.0,0.0,-810.0,3900.0,yonden
2017,2,2017-02-13,08:00,4140.0,880.0,3570.0,160.0,－－－－－－－－－－,0.0,430.0,0.0,40.0,0.0,0.0,-940.0,4140.0,yonden
2017,2,2017-02-13,09:00,4120.0,880.0,3470.0,150.0,－－－－－－－－－－,0.0,720.0,0.0,40.0,0.0,0.0,-1140.0,4120.0,yonden
2017,2,2017-02-13,10:00,3970.0,880.0,3250.0,140.0,－－－－－－－－－－,0.0,900.0,0.0,40.0,0.0,0.0,-1240.0,3970.0,yonden
2017,2,2017-02-13,11:00,3870.0,880.0,3240.0,130.0,－－－－－－－－－－,0.0,1000.0,0.0,40.0,0.0,0.0,-1420.0,3870.0,yonden
2017,2,2017-02-13,12:00,3620.0,880.0,3240.0,130.0,－－－－－－－－－－,0.0,1040.0,0.0,50.0,0.0,0.0,-1720.0,3620.0,yonden
2017,2,2017-02-13,13:00,3790.0,880.0,3450.0,100.0,－－－－－－－－－－,0.0,1010.0,0.0,70.0,0.0,0.0,-1720.0,3790.0,yonden
2017,2,2017-02-13,14:00,3770.0,880.0,3390.0,100.0,－－－－－－－－－－,0.0,880.0,0.0,80.0,0.0,0.0,-1560.0,3770.0,yonden
2017,2,2017-02-13,15:00,3730.0,880.0,3360.0,100.0,－－－－－－－－－－,0.0,650.0,0.0,90.0,0.0,0.0,-1350.0,3730.0,yonden
2017,2,2017-02-13,16:00,3910.0,880.0,3610.0,120.0,－－－－－－－－－－,0.0,330.0,0.0,90.0,0.0,0.0,-1120.0,3910.0,yonden
2017,2,2017-02-13,17:00,4030.0,880.0,3700.0,200.0,－－－－－－－－－－,0.0,50.0,0.0,90.0,0.0,0.0,-890.0,4030.0,yonden
2017,2,2017-02-13,18:00,4250.0,880.0,3760.0,330.0,－－－－－－－－－－,0.0,0.0,0.0,80.0,0.0,0.0,-800.0,4250.0,yonden
2017,2,2017-02-13,19:00,4170.0,880.0,3780.0,290.0,－－－－－－－－－－,0.0,0.0,0.0,90.0,0.0,0.0,-870.0,4170.0,yonden
2017,2,2017-02-13,20:00,4010.0,880.0,3750.0,220.0,－－－－－－－－－－,0.0,0.0,0.0,90.0,0.0,0.0,-930.0,4010.0,yonden
2017,2,2017-02-13,21:00,3770.0,880.0,3580.0,120.0,－－－－－－－－－－,0.0,0.0,0.0,90.0,0.0,0.0,-900.0,3770.0,yonden
2017,2,2017-02-13,22:00,3440.0,880.0,3280.0,110.0,－－－－－－－－－－,0.0,0.0,0.0,100.0,0.0,0.0,-930.0,3440.0,yonden
2017,2,2017-02-13,23:00,3380.0,880.0,3210.0,110.0,－－－－－－－－－－,0.0,0.0,0.0,80.0,0.0,0.0,-900.0,3380.0,yonden
2017,2,2017-02-14,00:00,3400.0,880.0,3140.0,100.0,－－－－－－－－－－,0.0,0.0,0.0,60.0,0.0,0.0,-780.0,3400.0,yonden
2017,2,2017-02-14,01:00,3520.0,880.0,3250.0,100.0,－－－－－－－－－－,0.0,0.0,0.0,30.0,0.0,0.0,-740.0,3520.0,yonden
2017,2,2017-02-14,02:00,3690.0,880.0,3300.0,110.0,－－－－－－－－－－,0.0,0.0,0.0,30.0,0.0,0.0,-630.0,3690.0,yonden
2017,2,2017-02-14,03:00,3720.0,880.0,3370.0,130.0,－－－－－－－－－－,0.0,0.0,0.0,30.0,0.0,0.0,-690.0,3720.0,yonden
2017,2,2017-02-14,04:00,3650.0,880.0,3260.0,130.0,－－－－－－－－－－,0.0,0.0,0.0,40.0,0.0,0.0,-660.0,3650.0,yonden
2017,2,2017-02-14,05:00,3560.0,880.0,3200.0,130.0,－－－－－－－－－－,0.0,0.0,0.0,50.0,0.0,0.0,-700.0,3560.0,yonden
2017,2,2017-02-14,06:00,3750.0,880.0,3390.0,150.0,－－－－－－－－－－,0.0,0.0,0.0,70.0,0.0,0.0,-740.0,3750.0,yonden
2017,2,2017-02-14,07:00,3940.0,880.0,3540.0,170.0,－－－－－－－－－－,0.0,60.0,0.0,70.0,0.0,10.0,-790.0,3940.0,yonden
2017,2,2017-02-14,08:00,4320.0,880.0,3590.0,190.0,－－－－－－－－－－,0.0,220.0,0.0,70.0,0.0,280.0,-910.0,4320.0,yonden
2017,2,2017-02-14,09:00,4370.0,880.0,3720.0,170.0,－－－－－－－－－－,0.0,360.0,0.0,80.0,0.0,160.0,-1000.0,4370.0,yonden
2017,2,2017-02-14,10:00,4160.0,880.0,3530.0,150.0,－－－－－－－－－－,0.0,640.0,0.0,80.0,0.0,0.0,-1120.0,4160.0,yonden
2017,2,2017-02-14,11:00,4010.0,880.0,3460.0,120.0,－－－－－－－－－－,0.0,760.0,0.0,80.0,0.0,0.0,-1290.0,4010.0,yonden
2017,2,2017-02-14,12:00,3710.0,880.0,3320.0,110.0,－－－－－－－－－－,0.0,780.0,0.0,80.0,0.0,0.0,-1460.0,3710.0,yonden
2017,2,2017-02-14,13:00,3890.0,880.0,3410.0,90.0,－－－－－－－－－－,0.0,750.0,0.0,80.0,0.0,0.0,-1320.0,3890.0,yonden
2017,2,2017-02-14,14:00,3890.0,880.0,3330.0,90.0,－－－－－－－－－－,0.0,700.0,0.0,90.0,0.0,0.0,-1200.0,3890.0,yonden
2017,2,2017-02-14,15:00,3870.0,880.0,3300.0,90.0,－－－－－－－－－－,0.0,500.0,0.0,90.0,0.0,0.0,-990.0,3870.0,yonden
2017,2,2017-02-14,16:00,4070.0,880.0,3590.0,110.0,－－－－－－－－－－,0.0,280.0,0.0,100.0,0.0,0.0,-890.0,4070.0,yonden
2017,2,2017-02-14,17:00,4170.0,880.0,3790.0,200.0,－－－－－－－－－－,0.0,50.0,0.0,100.0,0.0,10.0,-860.0,4170.0,yonden
2017,2,2017-02-14,18:00,4330.0,880.0,3740.0,160.0,－－－－－－－－－－,0.0,0.0,0.0,100.0,0.0,260.0,-810.0,4330.0,yonden
2017,2,2017-02-14,19:00,4210.0,880.0,3730.0,270.0,－－－－－－－－－－,0.0,0.0,0.0,90.0,0.0,30.0,-790.0,4210.0,yonden
2017,2,2017-02-14,20:00,4050.0,880.0,3640.0,210.0,－－－－－－－－－－,0.0,0.0,0.0,80.0,0.0,0.0,-760.0,4050.0,yonden
2017,2,2017-02-14,21:00,3820.0,880.0,3540.0,130.0,－－－－－－－－－－,0.0,0.0,0.0,80.0,0.0,0.0,-810.0,3820.0,yonden
2017,2,2017-02-14,22:00,3560.0,880.0,3360.0,110.0,－－－－－－－－－－,0.0,0.0,0.0,80.0,0.0,0.0,-870.0,3560.0,yonden
2017,2,2017-02-14,23:00,3500.0,880.0,3260.0,110.0,－－－－－－－－－－,0.0,0.0,0.0,80.0,0.0,0.0,-830.0,3500.0,yonden
2017,2,2017-02-15,00:00,3480.0,880.0,3260.0,100.0,－－－－－－－－－－,10.0,0.0,0.0,80.0,0.0,0.0,-850.0,3480.0,yonden
2017,2,2017-02-15,01:00,3580.0,880.0,3300.0,100.0,－－－－－－－－－－,10.0,0.0,0.0,80.0,0.0,0.0,-790.0,3580.0,yonden
2017,2,2017-02-15,02:00,3720.0,880.0,3360.0,120.0,－－－－－－－－－－,10.0,0.0,0.0,60.0,0.0,0.0,-710.0,3720.0,yonden
2017,2,2017-02-15,03:00,3690.0,880.0,3290.0,130.0,－－－－－－－－－－,10.0,0.0,0.0,60.0,0.0,0.0,-680.0,3690.0,yonden
2017,2,2017-02-15,04:00,3620.0,880.0,3250.0,130.0,－－－－－－－－－－,10.0,0.0,0.0,60.0,0.0,0.0,-710.0,3620.0,yonden
2017,2,2017-02-15,05:00,3540.0,880.0,3270.0,140.0,－－－－－－－－－－,10.0,0.0,0.0,50.0,0.0,0.0,-810.0,3540.0,yonden
2017,2,2017-02-15,06:00,3780.0,880.0,3480.0,140.0,－－－－－－－－－－,10.0,0.0,0.0,50.0,0.0,0.0,-780.0,3780.0,yonden
2017,2,2017-02-15,07:00,3970.0,880.0,3570.0,150.0,－－－－－－－－－－,10.0,130.0,0.0,40.0,0.0,0.0,-810.0,3970.0,yonden
2017,2,2017-02-15,08:00,4160.0,880.0,3510.0,150.0,－－－－－－－－－－,10.0,440.0,0.0,20.0,0.0,0.0,-850.0,4160.0,yonden
2017,2,2017-02-15,09:00,4020.0,880.0,3150.0,170.0,－－－－－－－－－－,10.0,820.0,0.0,10.0,0.0,0.0,-1020.0,4020.0,yonden
2017,2,2017-02-15,10:00,3840.0,880.0,2960.0,140.0,－－－－－－－－－－,10.0,1120.0,0.0,0.0,0.0,0.0,-1270.0,3840.0,yonden
2017,2,2017-02-15,11:00,3750.0,880.0,2920.0,120.0,－－－－－－－－－－,10.0,1270.0,0.0,10.0,0.0,0.0,-1460.0,3750.0,yonden
2017,2,2017-02-15,12:00,3490.0,880.0,2700.0,120.0,－－－－－－－－－－,10.0,1320.0,0.0,0.0,0.0,0.0,-1540.0,3490.0,yonden
2017,2,2017-02-15,13:00,3650.0,880.0,2850.0,100.0,－－－－－－－－－－,10.0,1290.0,0.0,0.0,0.0,0.0,-1480.0,3650.0,yonden
2017,2,2017-02-15,14:00,3620.0,880.0,2850.0,100.0,－－－－－－－－－－,10.0,1120.0,0.0,10.0,0.0,0.0,-1350.0,3620.0,yonden
2017,2,2017-02-15,15:00,3590.0,880.0,2830.0,100.0,－－－－－－－－－－,10.0,820.0,0.0,10.0,0.0,0.0,-1060.0,3590.0,yonden
2017,2,2017-02-15,16:00,3760.0,880.0,3120.0,120.0,－－－－－－－－－－,10.0,460.0,0.0,20.0,0.0,0.0,-850.0,3760.0,yonden
2017,2,2017-02-15,17:00,3860.0,880.0,3370.0,200.0,－－－－－－－－－－,10.0,80.0,0.0,20.0,0.0,40.0,-740.0,3860.0,yonden
2017,2,2017-02-15,18:00,4100.0,880.0,3510.0,160.0,－－－－－－－－－－,10.0,0.0,0.0,10.0,0.0,300.0,-770.0,4100.0,yonden
2017,2,2017-02-15,19:00,4050.0,880.0,3460.0,220.0,－－－－－－－－－－,10.0,0.0,0.0,10.0,0.0,230.0,-760.0,4050.0,yonden
2017,2,2017-02-15,20:00,3920.0,880.0,3490.0,280.0,－－－－－－－－－－,10.0,0.0,0.0,10.0,0.0,0.0,-750.0,3920.0,yonden
2017,2,2017-02-15,21:00,3700.0,880.0,3390.0,180.0,－－－－－－－－－－,10.0,0.0,0.0,10.0,0.0,0.0,-770.0,3700.0,yonden
2017,2,2017-02-15,22:00,3430.0,880.0,3350.0,150.0,－－－－－－－－－－,10.0,0.0,0.0,0.0,0.0,0.0,-960.0,3430.0,yonden
2017,2,2017-02-15,23:00,3390.0,880.0,3330.0,100.0,－－－－－－－－－－,10.0,0.0,0.0,0.0,0.0,0.0,-930.0,3390.0,yonden
2017,2,2017-02-16,00:00,3370.0,880.0,3280.0,100.0,－－－－－－－－－－,10.0,0.0,0.0,0.0,0.0,0.0,-900.0,3370.0,yonden
2017,2,2017-02-16,01:00,3480.0,880.0,3300.0,100.0,－－－－－－－－－－,10.0,0.0,0.0,0.0,0.0,0.0,-810.0,3480.0,yonden
2017,2,2017-02-16,02:00,3650.0,880.0,3420.0,120.0,－－－－－－－－－－,10.0,0.0,0.0,0.0,0.0,0.0,-780.0,3650.0,yonden
2017,2,2017-02-16,03:00,3700.0,880.0,3450.0,120.0,－－－－－－－－－－,10.0,0.0,0.0,0.0,0.0,0.0,-760.0,3700.0,yonden
2017,2,2017-02-16,04:00,3640.0,880.0,3400.0,130.0,－－－－－－－－－－,10.0,0.0,0.0,0.0,0.0,0.0,-780.0,3640.0,yonden
2017,2,2017-02-16,05:00,3560.0,880.0,3330.0,140.0,－－－－－－－－－－,10.0,0.0,0.0,0.0,0.0,0.0,-800.0,3560.0,yonden
2017,2,2017-02-16,06:00,3770.0,880.0,3580.0,140.0,－－－－－－－－－－,10.0,0.0,0.0,0.0,0.0,0.0,-840.0,3770.0,yonden
2017,2,2017-02-16,07:00,3910.0,880.0,3610.0,180.0,－－－－－－－－－－,10.0,150.0,0.0,10.0,0.0,0.0,-930.0,3910.0,yonden
2017,2,2017-02-16,08:00,4090.0,880.0,3400.0,150.0,－－－－－－－－－－,10.0,470.0,0.0,20.0,0.0,0.0,-840.0,4090.0,yonden
2017,2,2017-02-16,09:00,4000.0,880.0,3150.0,140.0,－－－－－－－－－－,10.0,810.0,0.0,40.0,0.0,0.0,-1030.0,4000.0,yonden
2017,2,2017-02-16,10:00,3790.0,880.0,2940.0,140.0,－－－－－－－－－－,10.0,1090.0,0.0,40.0,0.0,0.0,-1310.0,3790.0,yonden
2017,2,2017-02-16,11:00,3680.0,880.0,2920.0,130.0,－－－－－－－－－－,10.0,1240.0,0.0,50.0,0.0,0.0,-1550.0,3680.0,yonden
2017,2,2017-02-16,12:00,3400.0,880.0,2780.0,120.0,－－－－－－－－－－,10.0,1290.0,0.0,50.0,0.0,0.0,-1730.0,3400.0,yonden
2017,2,2017-02-16,13:00,3580.0,880.0,2930.0,100.0,－－－－－－－－－－,10.0,1220.0,0.0,50.0,0.0,0.0,-1610.0,3580.0,yonden
2017,2,2017-02-16,14:00,3560.0,880.0,2930.0,100.0,－－－－－－－－－－,10.0,980.0,0.0,50.0,0.0,0.0,-1390.0,3560.0,yonden
2017,2,2017-02-16,15:00,3500.0,880.0,2970.0,110.0,－－－－－－－－－－,10.0,560.0,0.0,60.0,0.0,0.0,-1090.0,3500.0,yonden
2017,2,2017-02-16,16:00,3580.0,880.0,3110.0,120.0,－－－－－－－－－－,10.0,250.0,0.0,60.0,0.0,0.0,-850.0,3580.0,yonden
2017,2,2017-02-16,17:00,3690.0,880.0,3400.0,190.0,－－－－－－－－－－,10.0,40.0,0.0,70.0,0.0,0.0,-900.0,3690.0,yonden
2017,2,2017-02-16,18:00,3910.0,880.0,3420.0,340.0,－－－－－－－－－－,10.0,0.0,0.0,60.0,0.0,0.0,-800.0,3910.0,yonden
2017,2,2017-02-16,19:00,3840.0,880.0,3360.0,310.0,－－－－－－－－－－,10.0,0.0,0.0,40.0,0.0,0.0,-760.0,3840.0,yonden
2017,2,2017-02-16,20:00,3690.0,880.0,3340.0,180.0,－－－－－－－－－－,10.0,0.0,0.0,30.0,0.0,0.0,-750.0,3690.0,yonden
2017,2,2017-02-16,21:00,3460.0,880.0,3210.0,120.0,－－－－－－－－－－,10.0,0.0,0.0,20.0,0.0,0.0,-780.0,3460.0,yonden
2017,2,2017-02-16,22:00,3180.0,880.0,3030.0,110.0,－－－－－－－－－－,10.0,0.0,0.0,30.0,0.0,0.0,-880.0,3180.0,yonden
2017,2,2017-02-16,23:00,3080.0,880.0,2910.0,100.0,－－－－－－－－－－,10.0,0.0,0.0,40.0,0.0,0.0,-860.0,3080.0,yonden
2017,2,2017-02-17,00:00,3070.0,880.0,2920.0,100.0,－－－－－－－－－－,10.0,0.0,0.0,50.0,0.0,0.0,-890.0,3070.0,yonden
2017,2,2017-02-17,01:00,3180.0,880.0,2930.0,100.0,－－－－－－－－－－,10.0,0.0,0.0,50.0,0.0,0.0,-790.0,3180.0,yonden
2017,2,2017-02-17,02:00,3370.0,880.0,2920.0,130.0,－－－－－－－－－－,10.0,0.0,0.0,60.0,0.0,0.0,-630.0,3370.0,yonden
2017,2,2017-02-17,03:00,3460.0,880.0,3050.0,140.0,－－－－－－－－－－,10.0,0.0,0.0,50.0,0.0,0.0,-670.0,3460.0,yonden
2017,2,2017-02-17,04:00,3420.0,880.0,3100.0,130.0,－－－－－－－－－－,10.0,0.0,0.0,40.0,0.0,0.0,-740.0,3420.0,yonden
2017,2,2017-02-17,05:00,3330.0,880.0,3050.0,120.0,－－－－－－－－－－,10.0,0.0,0.0,40.0,0.0,0.0,-770.0,3330.0,yonden
2017,2,2017-02-17,06:00,3410.0,880.0,3100.0,130.0,－－－－－－－－－－,10.0,0.0,0.0,40.0,0.0,0.0,-750.0,3410.0,yonden
2017,2,2017-02-17,07:00,3500.0,880.0,3170.0,110.0,－－－－－－－－－－,10.0,60.0,0.0,50.0,0.0,0.0,-780.0,3500.0,yonden
2017,2,2017-02-17,08:00,3840.0,880.0,3400.0,150.0,－－－－－－－－－－,10.0,180.0,0.0,60.0,0.0,0.0,-840.0,3840.0,yonden
2017,2,2017-02-17,09:00,3890.0,880.0,3420.0,130.0,－－－－－－－－－－,10.0,260.0,0.0,50.0,0.0,0.0,-860.0,3890.0,yonden
2017,2,2017-02-17,10:00,3870.0,880.0,3390.0,170.0,－－－－－－－－－－,10.0,240.0,0.0,40.0,0.0,0.0,-860.0,3870.0,yonden
2017,2,2017-02-17,11:00,3840.0,880.0,3470.0,170.0,－－－－－－－－－－,10.0,190.0,0.0,30.0,0.0,0.0,-910.0,3840.0,yonden
2017,2,2017-02-17,12:00,3520.0,880.0,3260.0,140.0,－－－－－－－－－－,10.0,260.0,0.0,20.0,0.0,0.0,-1050.0,3520.0,yonden
2017,2,2017-02-17,13:00,3660.0,880.0,3330.0,120.0,－－－－－－－－－－,10.0,330.0,0.0,20.0,0.0,0.0,-1030.0,3660.0,yonden
2017,2,2017-02-17,14:00,3600.0,880.0,3300.0,120.0,－－－－－－－－－－,10.0,250.0,0.0,10.0,0.0,0.0,-970.0,3600.0,yonden
2017,2,2017-02-17,15:00,3640.0,880.0,3340.0,140.0,－－－－－－－－－－,10.0,150.0,0.0,20.0,0.0,0.0,-900.0,3640.0,yonden
2017,2,2017-02-17,16:00,3680.0,880.0,3400.0,170.0,－－－－－－－－－－,10.0,90.0,0.0,30.0,0.0,0.0,-900.0,3680.0,yonden
2017,2,2017-02-17,17:00,3700.0,880.0,3430.0,230.0,－－－－－－－－－－,10.0,20.0,0.0,30.0,0.0,0.0,-900.0,3700.0,yonden
2017,2,2017-02-17,18:00,3750.0,880.0,3300.0,320.0,－－－－－－－－－－,10.0,0.0,0.0,60.0,0.0,0.0,-820.0,3750.0,yonden
2017,2,2017-02-17,19:00,3600.0,880.0,3150.0,330.0,－－－－－－－－－－,10.0,0.0,0.0,60.0,0.0,0.0,-830.0,3600.0,yonden
2017,2,2017-02-17,20:00,3460.0,880.0,2880.0,370.0,－－－－－－－－－－,10.0,0.0,0.0,50.0,0.0,0.0,-730.0,3460.0,yonden
2017,2,2017-02-17,21:00,3230.0,880.0,2820.0,230.0,－－－－－－－－－－,10.0,0.0,0.0,50.0,0.0,0.0,-760.0,3230.0,yonden
2017,2,2017-02-17,22:00,3000.0,880.0,2640.0,170.0,－－－－－－－－－－,10.0,0.0,0.0,50.0,0.0,0.0,-750.0,3000.0,yonden
2017,2,2017-02-17,23:00,2900.0,880.0,2580.0,170.0,－－－－－－－－－－,10.0,0.0,0.0,50.0,0.0,0.0,-790.0,2900.0,yonden
2017,2,2017-02-18,00:00,2850.0,880.0,2530.0,160.0,－－－－－－－－－－,10.0,0.0,0.0,60.0,0.0,0.0,-790.0,2850.0,yonden
2017,2,2017-02-18,01:00,2970.0,880.0,2630.0,170.0,－－－－－－－－－－,10.0,0.0,0.0,60.0,0.0,0.0,-780.0,2970.0,yonden
2017,2,2017-02-18,02:00,3180.0,880.0,2760.0,180.0,－－－－－－－－－－,10.0,0.0,0.0,50.0,0.0,0.0,-700.0,3180.0,yonden
2017,2,2017-02-18,03:00,3270.0,880.0,2840.0,180.0,－－－－－－－－－－,10.0,0.0,0.0,60.0,0.0,0.0,-700.0,3270.0,yonden
2017,2,2017-02-18,04:00,3250.0,880.0,2830.0,190.0,－－－－－－－－－－,10.0,0.0,0.0,60.0,0.0,0.0,-720.0,3250.0,yonden
2017,2,2017-02-18,05:00,3080.0,880.0,2690.0,170.0,－－－－－－－－－－,10.0,0.0,0.0,70.0,0.0,0.0,-740.0,3080.0,yonden
2017,2,2017-02-18,06:00,2970.0,880.0,2660.0,170.0,－－－－－－－－－－,10.0,0.0,0.0,70.0,0.0,0.0,-820.0,2970.0,yonden
2017,2,2017-02-18,07:00,3020.0,880.0,2700.0,160.0,－－－－－－－－－－,10.0,60.0,0.0,80.0,0.0,0.0,-870.0,3020.0,yonden
2017,2,2017-02-18,08:00,3340.0,880.0,2770.0,190.0,－－－－－－－－－－,10.0,230.0,0.0,70.0,0.0,0.0,-810.0,3340.0,yonden
2017,2,2017-02-18,09:00,3350.0,880.0,2610.0,210.0,－－－－－－－－－－,10.0,470.0,0.0,50.0,0.0,0.0,-880.0,3350.0,yonden
2017,2,2017-02-18,10:00,3230.0,880.0,2450.0,210.0,－－－－－－－－－－,10.0,660.0,0.0,40.0,0.0,0.0,-1020.0,3230.0,yonden
2017,2,2017-02-18,11:00,3130.0,880.0,2400.0,190.0,－－－－－－－－－－,10.0,870.0,0.0,70.0,0.0,-350.0,-940.0,3130.0,yonden
2017,2,2017-02-18,12:00,2970.0,880.0,2510.0,190.0,－－－－－－－－－－,10.0,930.0,0.0,90.0,0.0,-600.0,-1040.0,2970.0,yonden
2017,2,2017-02-18,13:00,3000.0,880.0,2460.0,180.0,－－－－－－－－－－,10.0,970.0,0.0,100.0,0.0,-590.0,-1010.0,3000.0,yonden
2017,2,2017-02-18,14:00,3000.0,880.0,2490.0,190.0,－－－－－－－－－－,10.0,860.0,0.0,110.0,0.0,-590.0,-950.0,3000.0,yonden
2017,2,2017-02-18,15:00,3000.0,880.0,2440.0,180.0,－－－－－－－－－－,10.0,620.0,0.0,110.0,0.0,-340.0,-900.0,3000.0,yonden
2017,2,2017-02-18,16:00,3200.0,880.0,2520.0,180.0,－－－－－－－－－－,10.0,320.0,0.0,120.0,0.0,0.0,-830.0,3200.0,yonden
2017,2,2017-02-18,17:00,3380.0,880.0,2720.0,270.0,－－－－－－－－－－,10.0,60.0,0.0,120.0,0.0,180.0,-860.0,3380.0,yonden
2017,2,2017-02-18,18:00,3570.0,880.0,2730.0,300.0,－－－－－－－－－－,10.0,0.0,0.0,110.0,0.0,320.0,-780.0,3570.0,yonden
2017,2,2017-02-18,19:00,3550.0,880.0,2750.0,260.0,－－－－－－－－－－,10.0,0.0,0.0,120.0,0.0,280.0,-750.0,3550.0,yonden
2017,2,2017-02-18,20:00,3450.0,880.0,2740.0,210.0,－－－－－－－－－－,10.0,0.0,0.0,110.0,0.0,300.0,-800.0,3450.0,yonden
2017,2,2017-02-18,21:00,3300.0,880.0,2760.0,170.0,－－－－－－－－－－,10.0,0.0,0.0,110.0,0.0,90.0,-720.0,3300.0,yonden
2017,2,2017-02-18,22:00,3090.0,880.0,2840.0,160.0,－－－－－－－－－－,10.0,0.0,0.0,110.0,0.0,0.0,-910.0,3090.0,yonden
2017,2,2017-02-18,23:00,3010.0,880.0,2760.0,150.0,－－－－－－－－－－,10.0,0.0,0.0,110.0,0.0,0.0,-900.0,3010.0,yonden
2017,2,2017-02-19,00:00,2970.0,880.0,2700.0,150.0,－－－－－－－－－－,10.0,0.0,0.0,120.0,0.0,0.0,-890.0,2970.0,yonden
2017,2,2017-02-19,01:00,3030.0,880.0,2670.0,150.0,－－－－－－－－－－,10.0,0.0,0.0,120.0,0.0,0.0,-800.0,3030.0,yonden
2017,2,2017-02-19,02:00,3230.0,880.0,2820.0,150.0,－－－－－－－－－－,10.0,0.0,0.0,120.0,0.0,0.0,-750.0,3230.0,yonden
2017,2,2017-02-19,03:00,3340.0,880.0,2820.0,230.0,－－－－－－－－－－,10.0,0.0,0.0,120.0,0.0,0.0,-720.0,3340.0,yonden
2017,2,2017-02-19,04:00,3290.0,880.0,2780.0,230.0,－－－－－－－－－－,10.0,0.0,0.0,120.0,0.0,0.0,-730.0,3290.0,yonden
2017,2,2017-02-19,05:00,3130.0,880.0,2730.0,170.0,－－－－－－－－－－,10.0,0.0,0.0,90.0,0.0,0.0,-750.0,3130.0,yonden
2017,2,2017-02-19,06:00,2970.0,880.0,2740.0,140.0,－－－－－－－－－－,10.0,0.0,0.0,80.0,0.0,0.0,-880.0,2970.0,yonden
2017,2,2017-02-19,07:00,2950.0,880.0,2770.0,140.0,－－－－－－－－－－,10.0,170.0,0.0,60.0,0.0,0.0,-1080.0,2950.0,yonden
2017,2,2017-02-19,08:00,2930.0,880.0,2620.0,140.0,－－－－－－－－－－,10.0,460.0,0.0,40.0,0.0,0.0,-1220.0,2930.0,yonden
2017,2,2017-02-19,09:00,2860.0,880.0,2640.0,180.0,－－－－－－－－－－,10.0,760.0,0.0,10.0,0.0,-200.0,-1420.0,2860.0,yonden
2017,2,2017-02-19,10:00,2770.0,880.0,2560.0,190.0,－－－－－－－－－－,10.0,1040.0,0.0,0.0,0.0,-300.0,-1610.0,2770.0,yonden
2017,2,2017-02-19,11:00,2690.0,880.0,2520.0,180.0,－－－－－－－－－－,10.0,1210.0,0.0,0.0,0.0,-300.0,-1810.0,2690.0,yonden
2017,2,2017-02-19,12:00,2670.0,880.0,2420.0,170.0,－－－－－－－－－－,10.0,1320.0,0.0,0.0,0.0,-290.0,-1840.0,2670.0,yonden
2017,2,2017-02-19,13:00,2650.0,880.0,2440.0,150.0,－－－－－－－－－－,10.0,1290.0,0.0,0.0,0.0,-290.0,-1830.0,2650.0,yonden
2017,2,2017-02-19,14:00,2620.0,880.0,2360.0,150.0,－－－－－－－－－－,10.0,1130.0,0.0,0.0,0.0,-290.0,-1620.0,2620.0,yonden
2017,2,2017-02-19,15:00,2640.0,880.0,2370.0,150.0,－－－－－－－－－－,10.0,840.0,0.0,10.0,0.0,-290.0,-1330.0,2640.0,yonden
2017,2,2017-02-19,16:00,2820.0,880.0,2600.0,150.0,－－－－－－－－－－,10.0,480.0,0.0,30.0,0.0,-230.0,-1100.0,2820.0,yonden
2017,2,2017-02-19,17:00,3080.0,880.0,2730.0,240.0,－－－－－－－－－－,10.0,100.0,0.0,70.0,0.0,0.0,-950.0,3080.0,yonden
2017,2,2017-02-19,18:00,3370.0,880.0,2890.0,340.0,－－－－－－－－－－,10.0,0.0,0.0,90.0,0.0,150.0,-990.0,3370.0,yonden
2017,2,2017-02-19,19:00,3410.0,880.0,2950.0,290.0,－－－－－－－－－－,10.0,0.0,0.0,90.0,0.0,140.0,-950.0,3410.0,yonden
2017,2,2017-02-19,20:00,3340.0,880.0,2940.0,230.0,－－－－－－－－－－,10.0,0.0,0.0,90.0,0.0,20.0,-830.0,3340.0,yonden
2017,2,2017-02-19,21:00,3190.0,880.0,2830.0,180.0,－－－－－－－－－－,10.0,0.0,0.0,100.0,0.0,0.0,-810.0,3190.0,yonden
2017,2,2017-02-19,22:00,2970.0,880.0,2750.0,140.0,－－－－－－－－－－,10.0,0.0,0.0,90.0,0.0,0.0,-900.0,2970.0,yonden
2017,2,2017-02-19,23:00,2910.0,880.0,2690.0,140.0,－－－－－－－－－－,10.0,0.0,0.0,90.0,0.0,0.0,-900.0,2910.0,yonden
2017,2,2017-02-20,00:00,2900.0,880.0,2660.0,130.0,－－－－－－－－－－,10.0,0.0,0.0,90.0,0.0,0.0,-870.0,2900.0,yonden
2017,2,2017-02-20,01:00,3020.0,880.0,2670.0,130.0,－－－－－－－－－－,10.0,0.0,0.0,100.0,0.0,0.0,-770.0,3020.0,yonden
2017,2,2017-02-20,02:00,3220.0,880.0,2800.0,150.0,－－－－－－－－－－,10.0,0.0,0.0,70.0,0.0,0.0,-690.0,3220.0,yonden
2017,2,2017-02-20,03:00,3320.0,880.0,2850.0,160.0,－－－－－－－－－－,10.0,0.0,0.0,60.0,0.0,0.0,-640.0,3320.0,yonden
2017,2,2017-02-20,04:00,3300.0,880.0,2860.0,160.0,－－－－－－－－－－,10.0,0.0,0.0,70.0,0.0,0.0,-680.0,3300.0,yonden
2017,2,2017-02-20,05:00,3240.0,880.0,2760.0,160.0,－－－－－－－－－－,10.0,0.0,0.0,70.0,0.0,0.0,-640.0,3240.0,yonden
2017,2,2017-02-20,06:00,3350.0,880.0,3000.0,150.0,－－－－－－－－－－,10.0,0.0,0.0,80.0,0.0,0.0,-770.0,3350.0,yonden
2017,2,2017-02-20,07:00,3470.0,880.0,2990.0,140.0,－－－－－－－－－－,10.0,110.0,0.0,90.0,0.0,0.0,-750.0,3470.0,yonden
2017,2,2017-02-20,08:00,3800.0,880.0,3250.0,240.0,－－－－－－－－－－,10.0,210.0,0.0,100.0,0.0,0.0,-890.0,3800.0,yonden
2017,2,2017-02-20,09:00,3950.0,880.0,3510.0,250.0,－－－－－－－－－－,10.0,160.0,0.0,90.0,0.0,0.0,-950.0,3950.0,yonden
2017,2,2017-02-20,10:00,3890.0,880.0,3500.0,190.0,－－－－－－－－－－,10.0,250.0,0.0,100.0,0.0,0.0,-1040.0,3890.0,yonden
2017,2,2017-02-20,11:00,3860.0,880.0,3520.0,180.0,－－－－－－－－－－,10.0,290.0,0.0,100.0,0.0,0.0,-1120.0,3860.0,yonden
2017,2,2017-02-20,12:00,3670.0,880.0,3520.0,170.0,－－－－－－－－－－,10.0,200.0,0.0,70.0,0.0,0.0,-1180.0,3670.0,yonden
2017,2,2017-02-20,13:00,3870.0,880.0,3630.0,150.0,－－－－－－－－－－,10.0,170.0,0.0,50.0,0.0,150.0,-1170.0,3870.0,yonden
2017,2,2017-02-20,14:00,3910.0,880.0,3570.0,150.0,－－－－－－－－－－,10.0,140.0,0.0,90.0,0.0,210.0,-1140.0,3910.0,yonden
2017,2,2017-02-20,15:00,3950.0,880.0,3580.0,160.0,－－－－－－－－－－,10.0,80.0,0.0,100.0,0.0,210.0,-1070.0,3950.0,yonden
2017,2,2017-02-20,16:00,4020.0,880.0,3780.0,190.0,－－－－－－－－－－,10.0,50.0,0.0,120.0,0.0,150.0,-1160.0,4020.0,yonden
2017,2,2017-02-20,17:00,3970.0,880.0,3690.0,310.0,－－－－－－－－－－,10.0,10.0,0.0,120.0,0.0,140.0,-1190.0,3970.0,yonden
2017,2,2017-02-20,18:00,3960.0,880.0,4000.0,380.0,－－－－－－－－－－,10.0,0.0,0.0,120.0,0.0,90.0,-1520.0,3960.0,yonden
2017,2,2017-02-20,19:00,3840.0,880.0,4060.0,360.0,－－－－－－－－－－,10.0,0.0,0.0,130.0,0.0,0.0,-1600.0,3840.0,yonden
2017,2,2017-02-20,20:00,3690.0,880.0,3970.0,250.0,－－－－－－－－－－,10.0,0.0,0.0,120.0,0.0,0.0,-1540.0,3690.0,yonden
2017,2,2017-02-20,21:00,3480.0,880.0,3850.0,190.0,－－－－－－－－－－,10.0,0.0,0.0,120.0,0.0,0.0,-1570.0,3480.0,yonden
2017,2,2017-02-20,22:00,3220.0,880.0,3630.0,180.0,－－－－－－－－－－,10.0,0.0,0.0,130.0,0.0,0.0,-1610.0,3220.0,yonden
2017,2,2017-02-20,23:00,3100.0,880.0,3490.0,180.0,－－－－－－－－－－,10.0,0.0,0.0,130.0,0.0,0.0,-1590.0,3100.0,yonden
2017,2,2017-02-21,00:00,3070.0,880.0,3570.0,170.0,－－－－－－－－－－,10.0,0.0,0.0,120.0,0.0,0.0,-1680.0,3070.0,yonden
2017,2,2017-02-21,01:00,3230.0,880.0,3650.0,170.0,－－－－－－－－－－,10.0,0.0,0.0,120.0,0.0,0.0,-1600.0,3230.0,yonden
2017,2,2017-02-21,02:00,3480.0,880.0,3880.0,180.0,－－－－－－－－－－,10.0,0.0,0.0,120.0,0.0,0.0,-1590.0,3480.0,yonden
2017,2,2017-02-21,03:00,3560.0,880.0,3910.0,200.0,－－－－－－－－－－,10.0,0.0,0.0,110.0,0.0,0.0,-1550.0,3560.0,yonden
2017,2,2017-02-21,04:00,3530.0,880.0,3860.0,210.0,－－－－－－－－－－,10.0,0.0,0.0,120.0,0.0,0.0,-1550.0,3530.0,yonden
2017,2,2017-02-21,05:00,3480.0,880.0,3770.0,210.0,－－－－－－－－－－,10.0,0.0,0.0,120.0,0.0,0.0,-1510.0,3480.0,yonden
2017,2,2017-02-21,06:00,3640.0,880.0,3960.0,230.0,－－－－－－－－－－,10.0,0.0,0.0,120.0,0.0,0.0,-1560.0,3640.0,yonden
2017,2,2017-02-21,07:00,3720.0,880.0,3940.0,230.0,－－－－－－－－－－,10.0,150.0,0.0,110.0,0.0,0.0,-1600.0,3720.0,yonden
2017,2,2017-02-21,08:00,3910.0,880.0,3990.0,270.0,－－－－－－－－－－,10.0,450.0,0.0,100.0,0.0,0.0,-1790.0,3910.0,yonden
2017,2,2017-02-21,09:00,3890.0,880.0,3800.0,220.0,－－－－－－－－－－,10.0,780.0,0.0,80.0,0.0,0.0,-1880.0,3890.0,yonden
2017,2,2017-02-21,10:00,3850.0,880.0,3960.0,230.0,－－－－－－－－－－,10.0,1020.0,0.0,70.0,0.0,-180.0,-2140.0,3850.0,yonden
2017,2,2017-02-21,11:00,3810.0,880.0,3820.0,230.0,－－－－－－－－－－,10.0,1180.0,0.0,60.0,0.0,0.0,-2370.0,3810.0,yonden
2017,2,2017-02-21,12:00,3560.0,880.0,3590.0,230.0,－－－－－－－－－－,10.0,1260.0,0.0,60.0,0.0,0.0,-2470.0,3560.0,yonden
2017,2,2017-02-21,13:00,3690.0,880.0,3740.0,200.0,－－－－－－－－－－,10.0,1250.0,0.0,60.0,0.0,0.0,-2450.0,3690.0,yonden
2017,2,2017-02-21,14:00,3670.0,880.0,3630.0,200.0,－－－－－－－－－－,10.0,1130.0,0.0,60.0,0.0,40.0,-2280.0,3670.0,yonden
2017,2,2017-02-21,15:00,3640.0,880.0,3190.0,270.0,－－－－－－－－－－,10.0,840.0,0.0,50.0,0.0,300.0,-1900.0,3640.0,yonden
2017,2,2017-02-21,16:00,3770.0,880.0,3350.0,220.0,－－－－－－－－－－,10.0,490.0,0.0,50.0,0.0,0.0,-1230.0,3770.0,yonden
2017,2,2017-02-21,17:00,3860.0,880.0,3420.0,300.0,－－－－－－－－－－,10.0,100.0,0.0,50.0,0.0,0.0,-900.0,3860.0,yonden
2017,2,2017-02-21,18:00,4120.0,880.0,3590.0,440.0,－－－－－－－－－－,10.0,0.0,0.0,40.0,0.0,0.0,-840.0,4120.0,yonden
2017,2,2017-02-21,19:00,4070.0,880.0,3620.0,410.0,－－－－－－－－－－,10.0,0.0,0.0,30.0,0.0,0.0,-880.0,4070.0,yonden
2017,2,2017-02-21,20:00,3930.0,880.0,3650.0,260.0,－－－－－－－－－－,10.0,0.0,0.0,20.0,0.0,0.0,-890.0,3930.0,yonden
2017,2,2017-02-21,21:00,3680.0,880.0,3520.0,200.0,－－－－－－－－－－,10.0,0.0,0.0,20.0,0.0,0.0,-950.0,3680.0,yonden
2017,2,2017-02-21,22:00,3380.0,880.0,3200.0,190.0,－－－－－－－－－－,10.0,0.0,0.0,20.0,0.0,0.0,-920.0,3380.0,yonden
2017,2,2017-02-21,23:00,3320.0,880.0,3100.0,190.0,－－－－－－－－－－,10.0,0.0,0.0,20.0,0.0,0.0,-880.0,3320.0,yonden
2017,2,2017-02-22,00:00,3320.0,880.0,3100.0,190.0,－－－－－－－－－－,10.0,0.0,0.0,10.0,0.0,0.0,-870.0,3320.0,yonden
2017,2,2017-02-22,01:00,3450.0,880.0,3130.0,180.0,－－－－－－－－－－,10.0,0.0,0.0,10.0,0.0,0.0,-760.0,3450.0,yonden
2017,2,2017-02-22,02:00,3620.0,880.0,3210.0,190.0,－－－－－－－－－－,10.0,0.0,0.0,10.0,0.0,0.0,-680.0,3620.0,yonden
2017,2,2017-02-22,03:00,3660.0,880.0,3240.0,200.0,－－－－－－－－－－,10.0,0.0,0.0,10.0,0.0,0.0,-680.0,3660.0,yonden
2017,2,2017-02-22,04:00,3600.0,880.0,3140.0,210.0,－－－－－－－－－－,10.0,0.0,0.0,20.0,0.0,0.0,-660.0,3600.0,yonden
2017,2,2017-02-22,05:00,3520.0,880.0,3130.0,210.0,－－－－－－－－－－,10.0,0.0,0.0,30.0,0.0,0.0,-740.0,3520.0,yonden
2017,2,2017-02-22,06:00,3710.0,880.0,3330.0,210.0,－－－－－－－－－－,10.0,0.0,0.0,30.0,0.0,0.0,-750.0,3710.0,yonden
2017,2,2017-02-22,07:00,3780.0,880.0,3260.0,180.0,－－－－－－－－－－,10.0,160.0,0.0,30.0,0.0,0.0,-740.0,3780.0,yonden
2017,2,2017-02-22,08:00,4020.0,880.0,3340.0,230.0,－－－－－－－－－－,10.0,430.0,0.0,40.0,0.0,0.0,-910.0,4020.0,yonden
2017,2,2017-02-22,09:00,3980.0,880.0,3180.0,220.0,－－－－－－－－－－,10.0,680.0,0.0,20.0,0.0,0.0,-1010.0,3980.0,yonden
2017,2,2017-02-22,10:00,3870.0,880.0,3070.0,220.0,－－－－－－－－－－,10.0,830.0,0.0,10.0,0.0,0.0,-1150.0,3870.0,yonden
2017,2,2017-02-22,11:00,3790.0,880.0,3180.0,220.0,－－－－－－－－－－,10.0,730.0,0.0,20.0,0.0,0.0,-1250.0,3790.0,yonden
2017,2,2017-02-22,12:00,3620.0,880.0,3050.0,210.0,－－－－－－－－－－,10.0,560.0,0.0,50.0,0.0,0.0,-1140.0,3620.0,yonden
2017,2,2017-02-22,13:00,3880.0,880.0,3280.0,240.0,－－－－－－－－－－,10.0,230.0,0.0,60.0,0.0,130.0,-950.0,3880.0,yonden
2017,2,2017-02-22,14:00,3960.0,880.0,3500.0,200.0,－－－－－－－－－－,10.0,110.0,0.0,80.0,0.0,140.0,-960.0,3960.0,yonden
2017,2,2017-02-22,15:00,4010.0,880.0,3590.0,210.0,－－－－－－－－－－,10.0,80.0,0.0,90.0,0.0,10.0,-860.0,4010.0,yonden
2017,2,2017-02-22,16:00,4110.0,880.0,3640.0,220.0,－－－－－－－－－－,10.0,50.0,0.0,90.0,0.0,0.0,-780.0,4110.0,yonden
2017,2,2017-02-22,17:00,4170.0,880.0,3700.0,300.0,－－－－－－－－－－,10.0,10.0,0.0,100.0,0.0,0.0,-830.0,4170.0,yonden
2017,2,2017-02-22,18:00,4200.0,880.0,3740.0,400.0,－－－－－－－－－－,10.0,0.0,0.0,90.0,0.0,0.0,-920.0,4200.0,yonden
2017,2,2017-02-22,19:00,4040.0,880.0,3600.0,370.0,－－－－－－－－－－,10.0,0.0,0.0,90.0,0.0,0.0,-910.0,4040.0,yonden
2017,2,2017-02-22,20:00,3830.0,880.0,3550.0,240.0,－－－－－－－－－－,10.0,0.0,0.0,90.0,0.0,0.0,-940.0,3830.0,yonden
2017,2,2017-02-22,21:00,3550.0,880.0,3280.0,200.0,－－－－－－－－－－,10.0,0.0,0.0,90.0,0.0,0.0,-910.0,3550.0,yonden
2017,2,2017-02-22,22:00,3270.0,880.0,3060.0,200.0,－－－－－－－－－－,10.0,0.0,0.0,90.0,0.0,0.0,-970.0,3270.0,yonden
2017,2,2017-02-22,23:00,3140.0,880.0,2920.0,210.0,－－－－－－－－－－,10.0,0.0,0.0,80.0,0.0,0.0,-960.0,3140.0,yonden
2017,2,2017-02-23,00:00,3070.0,880.0,2830.0,210.0,－－－－－－－－－－,10.0,0.0,0.0,70.0,0.0,0.0,-930.0,3070.0,yonden
2017,2,2017-02-23,01:00,3160.0,880.0,2790.0,230.0,－－－－－－－－－－,10.0,0.0,0.0,70.0,0.0,0.0,-820.0,3160.0,yonden
2017,2,2017-02-23,02:00,3360.0,880.0,2910.0,250.0,－－－－－－－－－－,10.0,0.0,0.0,40.0,0.0,0.0,-730.0,3360.0,yonden
2017,2,2017-02-23,03:00,3430.0,880.0,2950.0,260.0,－－－－－－－－－－,10.0,0.0,0.0,30.0,0.0,0.0,-700.0,3430.0,yonden
2017,2,2017-02-23,04:00,3400.0,880.0,2890.0,300.0,－－－－－－－－－－,10.0,0.0,0.0,40.0,0.0,0.0,-720.0,3400.0,yonden
2017,2,2017-02-23,05:00,3250.0,880.0,2770.0,260.0,－－－－－－－－－－,10.0,0.0,0.0,60.0,0.0,0.0,-730.0,3250.0,yonden
2017,2,2017-02-23,06:00,3290.0,880.0,2840.0,260.0,－－－－－－－－－－,10.0,0.0,0.0,70.0,0.0,0.0,-770.0,3290.0,yonden
2017,2,2017-02-23,07:00,3400.0,880.0,2870.0,270.0,－－－－－－－－－－,10.0,40.0,0.0,90.0,0.0,0.0,-760.0,3400.0,yonden
2017,2,2017-02-23,08:00,3740.0,880.0,3120.0,370.0,－－－－－－－－－－,10.0,120.0,0.0,100.0,0.0,0.0,-860.0,3740.0,yonden
2017,2,2017-02-23,09:00,3880.0,880.0,3280.0,400.0,－－－－－－－－－－,10.0,210.0,0.0,100.0,0.0,0.0,-1000.0,3880.0,yonden
2017,2,2017-02-23,10:00,3830.0,880.0,3240.0,380.0,－－－－－－－－－－,10.0,290.0,0.0,110.0,0.0,0.0,-1080.0,3830.0,yonden
2017,2,2017-02-23,11:00,3730.0,880.0,3280.0,380.0,－－－－－－－－－－,10.0,350.0,0.0,110.0,0.0,0.0,-1280.0,3730.0,yonden
2017,2,2017-02-23,12:00,3470.0,880.0,3160.0,320.0,－－－－－－－－－－,10.0,340.0,0.0,120.0,0.0,0.0,-1360.0,3470.0,yonden
2017,2,2017-02-23,13:00,3630.0,880.0,3280.0,320.0,－－－－－－－－－－,10.0,330.0,0.0,110.0,0.0,0.0,-1300.0,3630.0,yonden
2017,2,2017-02-23,14:00,3640.0,880.0,3240.0,310.0,－－－－－－－－－－,10.0,270.0,0.0,110.0,0.0,0.0,-1180.0,3640.0,yonden
2017,2,2017-02-23,15:00,3660.0,880.0,3240.0,290.0,－－－－－－－－－－,10.0,220.0,0.0,110.0,0.0,0.0,-1090.0,3660.0,yonden
2017,2,2017-02-23,16:00,3730.0,880.0,3420.0,340.0,－－－－－－－－－－,10.0,110.0,0.0,120.0,0.0,0.0,-1150.0,3730.0,yonden
2017,2,2017-02-23,17:00,3810.0,880.0,3400.0,430.0,－－－－－－－－－－,10.0,20.0,0.0,120.0,0.0,0.0,-1050.0,3810.0,yonden
2017,2,2017-02-23,18:00,3920.0,880.0,3510.0,480.0,－－－－－－－－－－,10.0,0.0,0.0,120.0,0.0,0.0,-1080.0,3920.0,yonden
2017,2,2017-02-23,19:00,3810.0,880.0,3500.0,460.0,－－－－－－－－－－,10.0,0.0,0.0,120.0,0.0,0.0,-1160.0,3810.0,yonden
2017,2,2017-02-23,20:00,3660.0,880.0,3240.0,350.0,－－－－－－－－－－,10.0,0.0,0.0,120.0,0.0,0.0,-940.0,3660.0,yonden
2017,2,2017-02-23,21:00,3420.0,880.0,2960.0,300.0,－－－－－－－－－－,10.0,0.0,0.0,120.0,0.0,0.0,-850.0,3420.0,yonden
2017,2,2017-02-23,22:00,3170.0,880.0,2720.0,290.0,－－－－－－－－－－,10.0,0.0,0.0,120.0,0.0,0.0,-850.0,3170.0,yonden
2017,2,2017-02-23,23:00,3080.0,880.0,2640.0,280.0,－－－－－－－－－－,10.0,0.0,0.0,120.0,0.0,0.0,-850.0,3080.0,yonden
2017,2,2017-02-24,00:00,3030.0,880.0,2620.0,270.0,－－－－－－－－－－,10.0,0.0,0.0,120.0,0.0,0.0,-870.0,3030.0,yonden
2017,2,2017-02-24,01:00,3150.0,880.0,2670.0,270.0,－－－－－－－－－－,10.0,0.0,0.0,110.0,0.0,0.0,-790.0,3150.0,yonden
2017,2,2017-02-24,02:00,3360.0,880.0,2730.0,300.0,－－－－－－－－－－,10.0,0.0,0.0,110.0,0.0,0.0,-670.0,3360.0,yonden
2017,2,2017-02-24,03:00,3480.0,880.0,2780.0,350.0,－－－－－－－－－－,10.0,0.0,0.0,120.0,0.0,0.0,-660.0,3480.0,yonden
2017,2,2017-02-24,04:00,3500.0,880.0,2800.0,320.0,－－－－－－－－－－,10.0,0.0,0.0,110.0,0.0,0.0,-620.0,3500.0,yonden
2017,2,2017-02-24,05:00,3450.0,880.0,2840.0,300.0,－－－－－－－－－－,10.0,0.0,0.0,100.0,0.0,0.0,-680.0,3450.0,yonden
2017,2,2017-02-24,06:00,3520.0,880.0,3010.0,340.0,－－－－－－－－－－,10.0,0.0,0.0,100.0,0.0,0.0,-820.0,3520.0,yonden
2017,2,2017-02-24,07:00,3600.0,880.0,3010.0,310.0,－－－－－－－－－－,10.0,160.0,0.0,80.0,0.0,0.0,-850.0,3600.0,yonden
2017,2,2017-02-24,08:00,3890.0,880.0,3120.0,340.0,－－－－－－－－－－,10.0,390.0,0.0,70.0,0.0,0.0,-920.0,3890.0,yonden
2017,2,2017-02-24,09:00,3860.0,880.0,3120.0,330.0,－－－－－－－－－－,10.0,520.0,0.0,80.0,0.0,0.0,-1080.0,3860.0,yonden
2017,2,2017-02-24,10:00,3780.0,880.0,3090.0,320.0,－－－－－－－－－－,10.0,740.0,0.0,70.0,0.0,0.0,-1330.0,3780.0,yonden
2017,2,2017-02-24,11:00,3710.0,880.0,3070.0,310.0,－－－－－－－－－－,10.0,960.0,0.0,70.0,0.0,0.0,-1590.0,3710.0,yonden
2017,2,2017-02-24,12:00,3470.0,880.0,2840.0,310.0,－－－－－－－－－－,10.0,1070.0,0.0,70.0,0.0,0.0,-1710.0,3470.0,yonden
2017,2,2017-02-24,13:00,3620.0,880.0,2850.0,310.0,－－－－－－－－－－,10.0,1110.0,0.0,60.0,0.0,0.0,-1600.0,3620.0,yonden
2017,2,2017-02-24,14:00,3600.0,880.0,2720.0,320.0,－－－－－－－－－－,10.0,1050.0,0.0,60.0,0.0,0.0,-1440.0,3600.0,yonden
2017,2,2017-02-24,15:00,3560.0,880.0,2710.0,340.0,－－－－－－－－－－,10.0,730.0,0.0,60.0,0.0,0.0,-1170.0,3560.0,yonden
2017,2,2017-02-24,16:00,3680.0,880.0,2970.0,330.0,－－－－－－－－－－,10.0,400.0,0.0,60.0,0.0,0.0,-970.0,3680.0,yonden
2017,2,2017-02-24,17:00,3750.0,880.0,3130.0,380.0,－－－－－－－－－－,10.0,80.0,0.0,60.0,0.0,120.0,-910.0,3750.0,yonden
2017,2,2017-02-24,18:00,3970.0,880.0,3230.0,440.0,－－－－－－－－－－,10.0,0.0,0.0,50.0,0.0,240.0,-880.0,3970.0,yonden
2017,2,2017-02-24,19:00,3910.0,880.0,3250.0,440.0,－－－－－－－－－－,10.0,0.0,0.0,60.0,0.0,210.0,-940.0,3910.0,yonden
2017,2,2017-02-24,20:00,3770.0,880.0,3210.0,370.0,－－－－－－－－－－,10.0,0.0,0.0,70.0,0.0,100.0,-870.0,3770.0,yonden
2017,2,2017-02-24,21:00,3570.0,880.0,3110.0,290.0,－－－－－－－－－－,10.0,0.0,0.0,80.0,0.0,0.0,-800.0,3570.0,yonden
2017,2,2017-02-24,22:00,3310.0,880.0,2890.0,300.0,－－－－－－－－－－,10.0,0.0,0.0,80.0,0.0,0.0,-850.0,3310.0,yonden
2017,2,2017-02-24,23:00,3200.0,880.0,2770.0,290.0,－－－－－－－－－－,10.0,0.0,0.0,80.0,0.0,0.0,-830.0,3200.0,yonden
2017,2,2017-02-25,00:00,3140.0,880.0,2790.0,280.0,－－－－－－－－－－,10.0,0.0,0.0,70.0,0.0,0.0,-890.0,3140.0,yonden
2017,2,2017-02-25,01:00,3240.0,880.0,2800.0,280.0,－－－－－－－－－－,10.0,0.0,0.0,70.0,0.0,0.0,-800.0,3240.0,yonden
2017,2,2017-02-25,02:00,3430.0,880.0,2900.0,310.0,－－－－－－－－－－,10.0,0.0,0.0,70.0,0.0,0.0,-740.0,3430.0,yonden
2017,2,2017-02-25,03:00,3530.0,880.0,2990.0,330.0,－－－－－－－－－－,10.0,0.0,0.0,60.0,0.0,0.0,-740.0,3530.0,yonden
2017,2,2017-02-25,04:00,3500.0,880.0,2940.0,320.0,－－－－－－－－－－,10.0,0.0,0.0,70.0,0.0,0.0,-720.0,3500.0,yonden
2017,2,2017-02-25,05:00,3350.0,880.0,2850.0,310.0,－－－－－－－－－－,10.0,0.0,0.0,70.0,0.0,0.0,-770.0,3350.0,yonden
2017,2,2017-02-25,06:00,3290.0,880.0,2810.0,300.0,－－－－－－－－－－,10.0,0.0,0.0,80.0,0.0,0.0,-790.0,3290.0,yonden
2017,2,2017-02-25,07:00,3320.0,880.0,2720.0,280.0,－－－－－－－－－－,10.0,200.0,0.0,70.0,0.0,0.0,-840.0,3320.0,yonden
2017,2,2017-02-25,08:00,3400.0,880.0,2610.0,280.0,－－－－－－－－－－,10.0,530.0,0.0,40.0,0.0,0.0,-950.0,3400.0,yonden
2017,2,2017-02-25,09:00,3310.0,880.0,2560.0,310.0,－－－－－－－－－－,10.0,860.0,0.0,30.0,0.0,-210.0,-1130.0,3310.0,yonden
2017,2,2017-02-25,10:00,3200.0,880.0,2520.0,330.0,－－－－－－－－－－,10.0,1070.0,0.0,40.0,0.0,-310.0,-1340.0,3200.0,yonden
2017,2,2017-02-25,11:00,3150.0,880.0,2670.0,290.0,－－－－－－－－－－,10.0,1210.0,0.0,50.0,0.0,-300.0,-1660.0,3150.0,yonden
2017,2,2017-02-25,12:00,3050.0,880.0,2570.0,280.0,－－－－－－－－－－,10.0,1330.0,0.0,50.0,0.0,-300.0,-1770.0,3050.0,yonden
2017,2,2017-02-25,13:00,3090.0,880.0,2640.0,280.0,－－－－－－－－－－,10.0,1290.0,0.0,60.0,0.0,-300.0,-1770.0,3090.0,yonden
2017,2,2017-02-25,14:00,3070.0,880.0,2620.0,280.0,－－－－－－－－－－,10.0,1090.0,0.0,60.0,0.0,-300.0,-1570.0,3070.0,yonden
2017,2,2017-02-25,15:00,3060.0,880.0,2660.0,280.0,－－－－－－－－－－,10.0,780.0,0.0,50.0,0.0,-300.0,-1300.0,3060.0,yonden
2017,2,2017-02-25,16:00,3140.0,880.0,2640.0,280.0,－－－－－－－－－－,10.0,430.0,0.0,50.0,0.0,-80.0,-1070.0,3140.0,yonden
2017,2,2017-02-25,17:00,3310.0,880.0,2740.0,360.0,－－－－－－－－－－,10.0,90.0,0.0,40.0,0.0,20.0,-830.0,3310.0,yonden
2017,2,2017-02-25,18:00,3550.0,880.0,2850.0,440.0,－－－－－－－－－－,10.0,0.0,0.0,50.0,0.0,270.0,-950.0,3550.0,yonden
2017,2,2017-02-25,19:00,3560.0,880.0,2830.0,420.0,－－－－－－－－－－,10.0,0.0,0.0,70.0,0.0,280.0,-930.0,3560.0,yonden
2017,2,2017-02-25,20:00,3420.0,880.0,2850.0,320.0,－－－－－－－－－－,10.0,0.0,0.0,70.0,0.0,210.0,-920.0,3420.0,yonden
2017,2,2017-02-25,21:00,3250.0,880.0,2860.0,300.0,－－－－－－－－－－,10.0,0.0,0.0,50.0,0.0,0.0,-850.0,3250.0,yonden
2017,2,2017-02-25,22:00,3040.0,880.0,2790.0,300.0,－－－－－－－－－－,10.0,0.0,0.0,50.0,0.0,0.0,-990.0,3040.0,yonden
2017,2,2017-02-25,23:00,2980.0,880.0,2730.0,280.0,－－－－－－－－－－,10.0,0.0,0.0,40.0,0.0,0.0,-960.0,2980.0,yonden
2017,2,2017-02-26,00:00,2980.0,880.0,2780.0,270.0,－－－－－－－－－－,10.0,0.0,0.0,30.0,0.0,0.0,-990.0,2980.0,yonden
2017,2,2017-02-26,01:00,3100.0,880.0,2830.0,270.0,－－－－－－－－－－,10.0,0.0,0.0,30.0,0.0,0.0,-920.0,3100.0,yonden
2017,2,2017-02-26,02:00,3280.0,880.0,2860.0,300.0,－－－－－－－－－－,10.0,0.0,0.0,30.0,0.0,0.0,-800.0,3280.0,yonden
2017,2,2017-02-26,03:00,3350.0,880.0,2880.0,370.0,－－－－－－－－－－,10.0,0.0,0.0,20.0,0.0,0.0,-810.0,3350.0,yonden
2017,2,2017-02-26,04:00,3280.0,880.0,2850.0,330.0,－－－－－－－－－－,10.0,0.0,0.0,10.0,0.0,0.0,-800.0,3280.0,yonden
2017,2,2017-02-26,05:00,3090.0,880.0,2780.0,270.0,－－－－－－－－－－,10.0,0.0,0.0,10.0,0.0,0.0,-860.0,3090.0,yonden
2017,2,2017-02-26,06:00,2940.0,880.0,2770.0,270.0,－－－－－－－－－－,10.0,0.0,0.0,10.0,0.0,0.0,-1000.0,2940.0,yonden
2017,2,2017-02-26,07:00,2900.0,880.0,2610.0,270.0,－－－－－－－－－－,10.0,140.0,0.0,10.0,0.0,0.0,-1020.0,2900.0,yonden
2017,2,2017-02-26,08:00,2980.0,880.0,2560.0,270.0,－－－－－－－－－－,10.0,390.0,0.0,10.0,0.0,-80.0,-1060.0,2980.0,yonden
2017,2,2017-02-26,09:00,2900.0,880.0,2600.0,280.0,－－－－－－－－－－,10.0,710.0,0.0,10.0,0.0,-310.0,-1280.0,2900.0,yonden
2017,2,2017-02-26,10:00,2800.0,880.0,2540.0,290.0,－－－－－－－－－－,10.0,940.0,0.0,10.0,0.0,-300.0,-1570.0,2800.0,yonden
2017,2,2017-02-26,11:00,2760.0,880.0,2670.0,280.0,－－－－－－－－－－,10.0,1010.0,0.0,10.0,0.0,-300.0,-1800.0,2760.0,yonden
2017,2,2017-02-26,12:00,2710.0,830.0,2640.0,300.0,－－－－－－－－－－,10.0,1020.0,0.0,20.0,0.0,-300.0,-1810.0,2710.0,yonden
2017,2,2017-02-26,13:00,2680.0,860.0,2750.0,270.0,－－－－－－－－－－,10.0,860.0,0.0,20.0,0.0,-300.0,-1790.0,2680.0,yonden
2017,2,2017-02-26,14:00,2610.0,880.0,2790.0,250.0,－－－－－－－－－－,10.0,660.0,0.0,20.0,0.0,-300.0,-1700.0,2610.0,yonden
2017,2,2017-02-26,15:00,2640.0,880.0,2700.0,250.0,－－－－－－－－－－,10.0,510.0,0.0,20.0,0.0,-300.0,-1430.0,2640.0,yonden
2017,2,2017-02-26,16:00,2810.0,880.0,2690.0,250.0,－－－－－－－－－－,10.0,220.0,0.0,20.0,0.0,-50.0,-1210.0,2810.0,yonden
2017,2,2017-02-26,17:00,3100.0,880.0,2880.0,290.0,－－－－－－－－－－,10.0,30.0,0.0,20.0,0.0,0.0,-1010.0,3100.0,yonden
2017,2,2017-02-26,18:00,3370.0,880.0,3110.0,410.0,－－－－－－－－－－,10.0,0.0,0.0,10.0,0.0,0.0,-1050.0,3370.0,yonden
2017,2,2017-02-26,19:00,3360.0,880.0,3060.0,420.0,－－－－－－－－－－,10.0,0.0,0.0,20.0,0.0,0.0,-1030.0,3360.0,yonden
2017,2,2017-02-26,20:00,3310.0,880.0,3090.0,320.0,－－－－－－－－－－,10.0,0.0,0.0,20.0,0.0,0.0,-1010.0,3310.0,yonden
2017,2,2017-02-26,21:00,3170.0,880.0,3020.0,250.0,－－－－－－－－－－,10.0,0.0,0.0,20.0,0.0,0.0,-1010.0,3170.0,yonden
2017,2,2017-02-26,22:00,2950.0,880.0,2820.0,240.0,－－－－－－－－－－,10.0,0.0,0.0,40.0,0.0,0.0,-1040.0,2950.0,yonden
2017,2,2017-02-26,23:00,2850.0,880.0,2740.0,230.0,－－－－－－－－－－,10.0,0.0,0.0,50.0,0.0,0.0,-1060.0,2850.0,yonden
2017,2,2017-02-27,00:00,2830.0,880.0,2690.0,230.0,－－－－－－－－－－,10.0,0.0,0.0,50.0,0.0,0.0,-1030.0,2830.0,yonden
2017,2,2017-02-27,01:00,2980.0,880.0,2750.0,220.0,－－－－－－－－－－,10.0,0.0,0.0,40.0,0.0,0.0,-920.0,2980.0,yonden
2017,2,2017-02-27,02:00,3210.0,880.0,2770.0,220.0,－－－－－－－－－－,10.0,0.0,0.0,60.0,0.0,0.0,-730.0,3210.0,yonden
2017,2,2017-02-27,03:00,3320.0,880.0,2820.0,230.0,－－－－－－－－－－,10.0,0.0,0.0,70.0,0.0,0.0,-690.0,3320.0,yonden
2017,2,2017-02-27,04:00,3320.0,880.0,2840.0,250.0,－－－－－－－－－－,10.0,0.0,0.0,40.0,0.0,0.0,-700.0,3320.0,yonden
2017,2,2017-02-27,05:00,3230.0,880.0,2830.0,250.0,－－－－－－－－－－,10.0,0.0,0.0,30.0,0.0,0.0,-770.0,3230.0,yonden
2017,2,2017-02-27,06:00,3360.0,880.0,2900.0,270.0,－－－－－－－－－－,10.0,0.0,0.0,30.0,0.0,0.0,-730.0,3360.0,yonden
2017,2,2017-02-27,07:00,3450.0,880.0,2960.0,250.0,－－－－－－－－－－,10.0,160.0,0.0,20.0,0.0,0.0,-830.0,3450.0,yonden
2017,2,2017-02-27,08:00,3720.0,880.0,3030.0,300.0,－－－－－－－－－－,10.0,400.0,0.0,20.0,0.0,0.0,-920.0,3720.0,yonden
2017,2,2017-02-27,09:00,3720.0,880.0,2850.0,240.0,－－－－－－－－－－,10.0,690.0,0.0,30.0,0.0,0.0,-980.0,3720.0,yonden
2017,2,2017-02-27,10:00,3660.0,880.0,2760.0,250.0,－－－－－－－－－－,10.0,930.0,0.0,40.0,0.0,0.0,-1210.0,3660.0,yonden
2017,2,2017-02-27,11:00,3580.0,880.0,2740.0,240.0,－－－－－－－－－－,10.0,1150.0,0.0,50.0,0.0,0.0,-1490.0,3580.0,yonden
2017,2,2017-02-27,12:00,3360.0,880.0,2670.0,240.0,－－－－－－－－－－,10.0,1240.0,0.0,60.0,0.0,0.0,-1740.0,3360.0,yonden
2017,2,2017-02-27,13:00,3480.0,880.0,2610.0,240.0,－－－－－－－－－－,10.0,1280.0,0.0,60.0,0.0,0.0,-1600.0,3480.0,yonden
2017,2,2017-02-27,14:00,3460.0,890.0,2600.0,240.0,－－－－－－－－－－,10.0,1140.0,0.0,70.0,0.0,0.0,-1490.0,3460.0,yonden
2017,2,2017-02-27,15:00,3440.0,880.0,2600.0,240.0,－－－－－－－－－－,10.0,880.0,0.0,80.0,0.0,0.0,-1250.0,3440.0,yonden
2017,2,2017-02-27,16:00,3570.0,880.0,2820.0,240.0,－－－－－－－－－－,10.0,510.0,0.0,70.0,0.0,0.0,-960.0,3570.0,yonden
2017,2,2017-02-27,17:00,3650.0,880.0,3090.0,270.0,－－－－－－－－－－,10.0,120.0,0.0,50.0,0.0,120.0,-890.0,3650.0,yonden
2017,2,2017-02-27,18:00,3830.0,880.0,3080.0,370.0,－－－－－－－－－－,10.0,0.0,0.0,40.0,0.0,310.0,-860.0,3830.0,yonden
2017,2,2017-02-27,19:00,3790.0,880.0,3140.0,370.0,－－－－－－－－－－,10.0,0.0,0.0,40.0,0.0,290.0,-940.0,3790.0,yonden
2017,2,2017-02-27,20:00,3650.0,880.0,3070.0,260.0,－－－－－－－－－－,10.0,0.0,0.0,50.0,0.0,270.0,-890.0,3650.0,yonden
2017,2,2017-02-27,21:00,3440.0,880.0,3100.0,230.0,－－－－－－－－－－,10.0,0.0,0.0,50.0,0.0,10.0,-840.0,3440.0,yonden
2017,2,2017-02-27,22:00,3200.0,880.0,2980.0,220.0,－－－－－－－－－－,10.0,0.0,0.0,40.0,0.0,0.0,-930.0,3200.0,yonden
2017,2,2017-02-27,23:00,3120.0,880.0,2850.0,220.0,－－－－－－－－－－,10.0,0.0,0.0,30.0,0.0,0.0,-870.0,3120.0,yonden
2017,2,2017-02-28,00:00,3130.0,880.0,2830.0,220.0,－－－－－－－－－－,10.0,0.0,0.0,30.0,0.0,0.0,-840.0,3130.0,yonden
2017,2,2017-02-28,01:00,3280.0,880.0,2830.0,220.0,－－－－－－－－－－,10.0,0.0,0.0,30.0,0.0,0.0,-690.0,3280.0,yonden
2017,2,2017-02-28,02:00,3490.0,880.0,2930.0,270.0,－－－－－－－－－－,10.0,0.0,0.0,30.0,0.0,0.0,-630.0,3490.0,yonden
2017,2,2017-02-28,03:00,3560.0,880.0,2900.0,290.0,－－－－－－－－－－,10.0,0.0,0.0,40.0,0.0,0.0,-560.0,3560.0,yonden
2017,2,2017-02-28,04:00,3540.0,880.0,3050.0,290.0,－－－－－－－－－－,10.0,0.0,0.0,50.0,0.0,0.0,-740.0,3540.0,yonden
2017,2,2017-02-28,05:00,3480.0,880.0,3370.0,250.0,－－－－－－－－－－,10.0,0.0,0.0,50.0,0.0,0.0,-1080.0,3480.0,yonden
2017,2,2017-02-28,06:00,3660.0,880.0,3630.0,350.0,－－－－－－－－－－,10.0,10.0,0.0,50.0,0.0,220.0,-1490.0,3660.0,yonden
2017,2,2017-02-28,07:00,3720.0,880.0,3580.0,250.0,－－－－－－－－－－,10.0,230.0,0.0,60.0,0.0,20.0,-1310.0,3720.0,yonden
2017,2,2017-02-28,08:00,3840.0,880.0,3810.0,240.0,－－－－－－－－－－,10.0,570.0,0.0,50.0,0.0,0.0,-1720.0,3840.0,yonden
2017,2,2017-02-28,09:00,3800.0,880.0,3610.0,220.0,－－－－－－－－－－,10.0,930.0,0.0,50.0,0.0,0.0,-1900.0,3800.0,yonden
2017,2,2017-02-28,10:00,3680.0,880.0,3680.0,230.0,－－－－－－－－－－,10.0,1200.0,0.0,40.0,0.0,-180.0,-2180.0,3680.0,yonden
2017,2,2017-02-28,11:00,3590.0,880.0,3740.0,210.0,－－－－－－－－－－,10.0,1340.0,0.0,30.0,0.0,-300.0,-2320.0,3590.0,yonden
2017,2,2017-02-28,12:00,3350.0,880.0,3480.0,210.0,－－－－－－－－－－,10.0,1400.0,0.0,40.0,0.0,-300.0,-2370.0,3350.0,yonden
2017,2,2017-02-28,13:00,3530.0,880.0,3560.0,200.0,－－－－－－－－－－,10.0,1370.0,0.0,30.0,0.0,-300.0,-2220.0,3530.0,yonden
2017,2,2017-02-28,14:00,3500.0,880.0,3730.0,200.0,－－－－－－－－－－,10.0,1180.0,0.0,20.0,0.0,-300.0,-2220.0,3500.0,yonden
2017,2,2017-02-28,15:00,3490.0,880.0,3740.0,210.0,－－－－－－－－－－,10.0,840.0,0.0,20.0,0.0,-230.0,-1980.0,3490.0,yonden
2017,2,2017-02-28,16:00,3550.0,880.0,3700.0,200.0,－－－－－－－－－－,10.0,440.0,0.0,20.0,0.0,0.0,-1700.0,3550.0,yonden
2017,2,2017-02-28,17:00,3650.0,880.0,3800.0,300.0,－－－－－－－－－－,10.0,110.0,0.0,30.0,0.0,200.0,-1680.0,3650.0,yonden
2017,2,2017-02-28,18:00,3880.0,880.0,3880.0,440.0,－－－－－－－－－－,10.0,0.0,0.0,30.0,0.0,310.0,-1670.0,3880.0,yonden
2017,2,2017-02-28,19:00,3850.0,880.0,3930.0,400.0,－－－－－－－－－－,10.0,0.0,0.0,20.0,0.0,290.0,-1680.0,3850.0,yonden
2017,2,2017-02-28,20:00,3750.0,880.0,4000.0,290.0,－－－－－－－－－－,10.0,0.0,0.0,20.0,0.0,230.0,-1680.0,3750.0,yonden
2017,2,2017-02-28,21:00,3540.0,880.0,4010.0,230.0,－－－－－－－－－－,10.0,0.0,0.0,10.0,0.0,10.0,-1610.0,3540.0,yonden
2017,2,2017-02-28,22:00,3290.0,880.0,3850.0,220.0,－－－－－－－－－－,10.0,0.0,0.0,10.0,0.0,0.0,-1680.0,3290.0,yonden
2017,2,2017-02-28,23:00,3220.0,880.0,3780.0,220.0,－－－－－－－－－－,10.0,0.0,0.0,0.0,0.0,0.0,-1670.0,3220.0,yonden
2017,3,2017-03-01,00:00,3240.0,880.0,3870.0,200.0,－－－－－－－－－－,10.0,0.0,0.0,0.0,0.0,0.0,-1720.0,3240.0,yonden
2017,3,2017-03-01,01:00,3360.0,880.0,3940.0,190.0,－－－－－－－－－－,10.0,0.0,0.0,0.0,0.0,0.0,-1660.0,3360.0,yonden
2017,3,2017-03-01,02:00,3530.0,880.0,4030.0,200.0,－－－－－－－－－－,10.0,0.0,0.0,0.0,0.0,0.0,-1590.0,3530.0,yonden
2017,3,2017-03-01,03:00,3610.0,880.0,4050.0,250.0,－－－－－－－－－－,10.0,0.0,0.0,0.0,0.0,0.0,-1580.0,3610.0,yonden
2017,3,2017-03-01,04:00,3570.0,880.0,4010.0,240.0,－－－－－－－－－－,10.0,0.0,0.0,0.0,0.0,0.0,-1570.0,3570.0,yonden
2017,3,2017-03-01,05:00,3490.0,880.0,3960.0,240.0,－－－－－－－－－－,10.0,0.0,0.0,10.0,0.0,0.0,-1610.0,3490.0,yonden
2017,3,2017-03-01,06:00,3640.0,880.0,4130.0,270.0,－－－－－－－－－－,10.0,10.0,0.0,0.0,0.0,0.0,-1660.0,3640.0,yonden
2017,3,2017-03-01,07:00,3680.0,880.0,4200.0,240.0,－－－－－－－－－－,10.0,140.0,0.0,0.0,0.0,0.0,-1790.0,3680.0,yonden
2017,3,2017-03-01,08:00,3890.0,880.0,4210.0,250.0,－－－－－－－－－－,10.0,380.0,0.0,0.0,0.0,0.0,-1840.0,3890.0,yonden
2017,3,2017-03-01,09:00,3870.0,880.0,4050.0,230.0,－－－－－－－－－－,10.0,660.0,0.0,0.0,0.0,0.0,-1960.0,3870.0,yonden
2017,3,2017-03-01,10:00,3770.0,880.0,3940.0,210.0,－－－－－－－－－－,10.0,780.0,0.0,0.0,0.0,0.0,-2050.0,3770.0,yonden
2017,3,2017-03-01,11:00,3700.0,880.0,3980.0,210.0,－－－－－－－－－－,10.0,700.0,0.0,0.0,0.0,0.0,-2080.0,3700.0,yonden
2017,3,2017-03-01,12:00,3490.0,880.0,4010.0,210.0,－－－－－－－－－－,10.0,470.0,0.0,0.0,0.0,0.0,-2090.0,3490.0,yonden
2017,3,2017-03-01,13:00,3690.0,880.0,4320.0,260.0,－－－－－－－－－－,10.0,320.0,0.0,0.0,0.0,0.0,-2100.0,3690.0,yonden
2017,3,2017-03-01,14:00,3660.0,880.0,4440.0,220.0,－－－－－－－－－－,10.0,270.0,0.0,0.0,0.0,0.0,-2160.0,3660.0,yonden
2017,3,2017-03-01,15:00,3590.0,880.0,4200.0,220.0,－－－－－－－－－－,10.0,320.0,0.0,0.0,0.0,0.0,-2040.0,3590.0,yonden
2017,3,2017-03-01,16:00,3670.0,880.0,4280.0,240.0,－－－－－－－－－－,10.0,280.0,0.0,0.0,0.0,0.0,-2020.0,3670.0,yonden
2017,3,2017-03-01,17:00,3740.0,880.0,4310.0,330.0,－－－－－－－－－－,10.0,90.0,0.0,0.0,0.0,0.0,-1880.0,3740.0,yonden
2017,3,2017-03-01,18:00,3940.0,880.0,4400.0,490.0,－－－－－－－－－－,10.0,0.0,0.0,10.0,0.0,0.0,-1850.0,3940.0,yonden
2017,3,2017-03-01,19:00,3870.0,880.0,4410.0,420.0,－－－－－－－－－－,10.0,0.0,0.0,10.0,0.0,0.0,-1860.0,3870.0,yonden
2017,3,2017-03-01,20:00,3730.0,880.0,4250.0,330.0,－－－－－－－－－－,10.0,0.0,0.0,10.0,0.0,0.0,-1750.0,3730.0,yonden
2017,3,2017-03-01,21:00,3510.0,880.0,4060.0,240.0,－－－－－－－－－－,10.0,0.0,0.0,10.0,0.0,0.0,-1690.0,3510.0,yonden
2017,3,2017-03-01,22:00,3240.0,880.0,3900.0,200.0,－－－－－－－－－－,10.0,0.0,0.0,10.0,0.0,0.0,-1760.0,3240.0,yonden
2017,3,2017-03-01,23:00,3130.0,880.0,3760.0,200.0,－－－－－－－－－－,10.0,0.0,0.0,10.0,0.0,0.0,-1730.0,3130.0,yonden
2017,3,2017-03-02,00:00,3070.0,880.0,3720.0,180.0,－－－－－－－－－－,10.0,0.0,0.0,10.0,0.0,0.0,-1730.0,3070.0,yonden
2017,3,2017-03-02,01:00,3180.0,880.0,3780.0,170.0,－－－－－－－－－－,10.0,0.0,0.0,30.0,0.0,0.0,-1690.0,3180.0,yonden
2017,3,2017-03-02,02:00,3370.0,880.0,3830.0,190.0,－－－－－－－－－－,10.0,0.0,0.0,10.0,0.0,0.0,-1550.0,3370.0,yonden
2017,3,2017-03-02,03:00,3460.0,880.0,3870.0,240.0,－－－－－－－－－－,10.0,0.0,0.0,10.0,0.0,0.0,-1550.0,3460.0,yonden
2017,3,2017-03-02,04:00,3440.0,880.0,3860.0,250.0,－－－－－－－－－－,10.0,0.0,0.0,10.0,0.0,0.0,-1570.0,3440.0,yonden
2017,3,2017-03-02,05:00,3340.0,880.0,3890.0,210.0,－－－－－－－－－－,10.0,0.0,0.0,10.0,0.0,0.0,-1660.0,3340.0,yonden
2017,3,2017-03-02,06:00,3440.0,880.0,4030.0,220.0,－－－－－－－－－－,10.0,10.0,0.0,10.0,0.0,0.0,-1720.0,3440.0,yonden
2017,3,2017-03-02,07:00,3510.0,880.0,4090.0,200.0,－－－－－－－－－－,10.0,170.0,0.0,10.0,0.0,0.0,-1850.0,3510.0,yonden
2017,3,2017-03-02,08:00,3730.0,880.0,4060.0,270.0,－－－－－－－－－－,10.0,450.0,0.0,10.0,0.0,0.0,-1950.0,3730.0,yonden
2017,3,2017-03-02,09:00,3720.0,880.0,3890.0,270.0,－－－－－－－－－－,10.0,810.0,0.0,20.0,0.0,0.0,-2160.0,3720.0,yonden
2017,3,2017-03-02,10:00,3620.0,880.0,3740.0,220.0,－－－－－－－－－－,10.0,1000.0,0.0,20.0,0.0,0.0,-2250.0,3620.0,yonden
2017,3,2017-03-02,11:00,3540.0,880.0,3750.0,220.0,－－－－－－－－－－,10.0,890.0,0.0,70.0,0.0,0.0,-2280.0,3540.0,yonden
2017,3,2017-03-02,12:00,3420.0,880.0,4040.0,230.0,－－－－－－－－－－,10.0,620.0,0.0,80.0,0.0,0.0,-2440.0,3420.0,yonden
2017,3,2017-03-02,13:00,3570.0,880.0,4220.0,210.0,－－－－－－－－－－,10.0,610.0,0.0,90.0,0.0,0.0,-2450.0,3570.0,yonden
2017,3,2017-03-02,14:00,3610.0,880.0,4180.0,200.0,－－－－－－－－－－,10.0,580.0,0.0,100.0,0.0,0.0,-2340.0,3610.0,yonden
2017,3,2017-03-02,15:00,3600.0,880.0,4200.0,210.0,－－－－－－－－－－,10.0,390.0,0.0,110.0,0.0,0.0,-2200.0,3600.0,yonden
2017,3,2017-03-02,16:00,3720.0,880.0,4360.0,210.0,－－－－－－－－－－,10.0,210.0,0.0,110.0,0.0,0.0,-2060.0,3720.0,yonden
2017,3,2017-03-02,17:00,3830.0,880.0,4480.0,260.0,－－－－－－－－－－,10.0,60.0,0.0,120.0,0.0,0.0,-1980.0,3830.0,yonden
2017,3,2017-03-02,18:00,3960.0,880.0,4460.0,350.0,－－－－－－－－－－,10.0,0.0,0.0,120.0,0.0,0.0,-1860.0,3960.0,yonden
2017,3,2017-03-02,19:00,3870.0,880.0,4410.0,320.0,－－－－－－－－－－,10.0,0.0,0.0,120.0,0.0,0.0,-1870.0,3870.0,yonden
2017,3,2017-03-02,20:00,3710.0,880.0,4260.0,280.0,－－－－－－－－－－,10.0,0.0,0.0,120.0,0.0,0.0,-1840.0,3710.0,yonden
2017,3,2017-03-02,21:00,3480.0,880.0,3990.0,230.0,－－－－－－－－－－,10.0,0.0,0.0,120.0,0.0,0.0,-1750.0,3480.0,yonden
2017,3,2017-03-02,22:00,3210.0,880.0,3800.0,180.0,－－－－－－－－－－,10.0,0.0,0.0,130.0,0.0,0.0,-1790.0,3210.0,yonden
2017,3,2017-03-02,23:00,3100.0,880.0,3700.0,180.0,－－－－－－－－－－,10.0,0.0,0.0,120.0,0.0,0.0,-1790.0,3100.0,yonden
2017,3,2017-03-03,00:00,3030.0,880.0,3650.0,170.0,－－－－－－－－－－,10.0,0.0,0.0,120.0,0.0,0.0,-1800.0,3030.0,yonden
2017,3,2017-03-03,01:00,3140.0,880.0,3700.0,160.0,－－－－－－－－－－,10.0,0.0,0.0,110.0,0.0,0.0,-1720.0,3140.0,yonden
2017,3,2017-03-03,02:00,3370.0,880.0,3910.0,170.0,－－－－－－－－－－,10.0,0.0,0.0,100.0,0.0,0.0,-1700.0,3370.0,yonden
2017,3,2017-03-03,03:00,3480.0,880.0,4020.0,200.0,－－－－－－－－－－,10.0,0.0,0.0,90.0,0.0,0.0,-1720.0,3480.0,yonden
2017,3,2017-03-03,04:00,3490.0,880.0,3940.0,200.0,－－－－－－－－－－,10.0,0.0,0.0,90.0,0.0,0.0,-1630.0,3490.0,yonden
2017,3,2017-03-03,05:00,3440.0,880.0,3940.0,200.0,－－－－－－－－－－,10.0,0.0,0.0,60.0,0.0,0.0,-1650.0,3440.0,yonden
2017,3,2017-03-03,06:00,3550.0,880.0,4140.0,220.0,－－－－－－－－－－,10.0,10.0,0.0,50.0,0.0,0.0,-1760.0,3550.0,yonden
2017,3,2017-03-03,07:00,3550.0,880.0,4170.0,210.0,－－－－－－－－－－,10.0,220.0,0.0,40.0,0.0,0.0,-1980.0,3550.0,yonden
2017,3,2017-03-03,08:00,3700.0,880.0,4090.0,210.0,－－－－－－－－－－,10.0,530.0,0.0,40.0,0.0,0.0,-2060.0,3700.0,yonden
2017,3,2017-03-03,09:00,3710.0,880.0,4050.0,230.0,－－－－－－－－－－,10.0,790.0,0.0,40.0,0.0,0.0,-2290.0,3710.0,yonden
2017,3,2017-03-03,10:00,3620.0,880.0,3890.0,220.0,－－－－－－－－－－,10.0,830.0,0.0,40.0,0.0,0.0,-2250.0,3620.0,yonden
2017,3,2017-03-03,11:00,3540.0,880.0,3800.0,190.0,－－－－－－－－－－,10.0,980.0,0.0,40.0,0.0,0.0,-2360.0,3540.0,yonden
2017,3,2017-03-03,12:00,3340.0,880.0,3790.0,180.0,－－－－－－－－－－,10.0,1060.0,0.0,50.0,0.0,-250.0,-2380.0,3340.0,yonden
2017,3,2017-03-03,13:00,3520.0,880.0,3770.0,160.0,－－－－－－－－－－,10.0,1090.0,0.0,50.0,0.0,-20.0,-2420.0,3520.0,yonden
2017,3,2017-03-03,14:00,3490.0,880.0,3750.0,160.0,－－－－－－－－－－,10.0,990.0,0.0,50.0,0.0,0.0,-2350.0,3490.0,yonden
2017,3,2017-03-03,15:00,3470.0,880.0,3970.0,170.0,－－－－－－－－－－,10.0,790.0,0.0,30.0,0.0,0.0,-2380.0,3470.0,yonden
2017,3,2017-03-03,16:00,3560.0,880.0,4360.0,160.0,－－－－－－－－－－,10.0,500.0,0.0,20.0,0.0,10.0,-2380.0,3560.0,yonden
2017,3,2017-03-03,17:00,3600.0,880.0,4400.0,200.0,－－－－－－－－－－,10.0,140.0,0.0,10.0,0.0,180.0,-2220.0,3600.0,yonden
2017,3,2017-03-03,18:00,3760.0,880.0,4400.0,400.0,－－－－－－－－－－,10.0,0.0,0.0,10.0,0.0,160.0,-2100.0,3760.0,yonden
2017,3,2017-03-03,19:00,3730.0,880.0,4380.0,430.0,－－－－－－－－－－,10.0,0.0,0.0,10.0,0.0,90.0,-2070.0,3730.0,yonden
2017,3,2017-03-03,20:00,3600.0,880.0,4320.0,300.0,－－－－－－－－－－,10.0,0.0,0.0,10.0,0.0,0.0,-1920.0,3600.0,yonden
2017,3,2017-03-03,21:00,3410.0,880.0,4150.0,200.0,－－－－－－－－－－,10.0,0.0,0.0,10.0,0.0,0.0,-1840.0,3410.0,yonden
2017,3,2017-03-03,22:00,3190.0,880.0,4140.0,160.0,－－－－－－－－－－,10.0,0.0,0.0,10.0,0.0,0.0,-2010.0,3190.0,yonden
2017,3,2017-03-03,23:00,3110.0,880.0,4000.0,160.0,－－－－－－－－－－,10.0,0.0,0.0,20.0,0.0,0.0,-1960.0,3110.0,yonden
2017,3,2017-03-04,00:00,3060.0,880.0,4040.0,140.0,－－－－－－－－－－,10.0,0.0,0.0,10.0,0.0,0.0,-2020.0,3060.0,yonden
2017,3,2017-03-04,01:00,3150.0,880.0,4030.0,140.0,－－－－－－－－－－,10.0,0.0,0.0,10.0,0.0,0.0,-1920.0,3150.0,yonden
2017,3,2017-03-04,02:00,3320.0,880.0,4120.0,160.0,－－－－－－－－－－,10.0,0.0,0.0,0.0,0.0,0.0,-1850.0,3320.0,yonden
2017,3,2017-03-04,03:00,3400.0,880.0,4140.0,180.0,－－－－－－－－－－,10.0,0.0,0.0,0.0,0.0,0.0,-1810.0,3400.0,yonden
2017,3,2017-03-04,04:00,3360.0,880.0,4120.0,170.0,－－－－－－－－－－,10.0,0.0,0.0,0.0,0.0,0.0,-1820.0,3360.0,yonden
2017,3,2017-03-04,05:00,3200.0,880.0,3960.0,170.0,－－－－－－－－－－,10.0,0.0,0.0,0.0,0.0,0.0,-1820.0,3200.0,yonden
2017,3,2017-03-04,06:00,3140.0,880.0,3990.0,190.0,－－－－－－－－－－,10.0,10.0,0.0,0.0,0.0,0.0,-1940.0,3140.0,yonden
2017,3,2017-03-04,07:00,3190.0,880.0,3950.0,160.0,－－－－－－－－－－,10.0,210.0,0.0,0.0,0.0,0.0,-2020.0,3190.0,yonden
2017,3,2017-03-04,08:00,3340.0,880.0,3840.0,170.0,－－－－－－－－－－,10.0,480.0,0.0,0.0,0.0,0.0,-2040.0,3340.0,yonden
2017,3,2017-03-04,09:00,3250.0,880.0,3620.0,190.0,－－－－－－－－－－,10.0,820.0,0.0,0.0,0.0,-220.0,-2050.0,3250.0,yonden
2017,3,2017-03-04,10:00,3080.0,880.0,3410.0,230.0,－－－－－－－－－－,10.0,1110.0,0.0,0.0,0.0,-460.0,-2100.0,3080.0,yonden
2017,3,2017-03-04,11:00,2990.0,880.0,3360.0,240.0,－－－－－－－－－－,10.0,1230.0,0.0,0.0,0.0,-590.0,-2140.0,2990.0,yonden
2017,3,2017-03-04,12:00,2860.0,880.0,3140.0,200.0,－－－－－－－－－－,10.0,1270.0,0.0,0.0,0.0,-400.0,-2240.0,2860.0,yonden
2017,3,2017-03-04,13:00,2920.0,880.0,3220.0,150.0,－－－－－－－－－－,10.0,1180.0,0.0,0.0,0.0,-270.0,-2250.0,2920.0,yonden
2017,3,2017-03-04,14:00,2890.0,880.0,3070.0,140.0,－－－－－－－－－－,10.0,1010.0,0.0,0.0,0.0,0.0,-2220.0,2890.0,yonden
2017,3,2017-03-04,15:00,2890.0,880.0,3230.0,150.0,－－－－－－－－－－,10.0,770.0,0.0,0.0,0.0,0.0,-2150.0,2890.0,yonden
2017,3,2017-03-04,16:00,3020.0,880.0,3510.0,170.0,－－－－－－－－－－,10.0,470.0,0.0,0.0,0.0,0.0,-2020.0,3020.0,yonden
2017,3,2017-03-04,17:00,3130.0,880.0,3750.0,220.0,－－－－－－－－－－,10.0,130.0,0.0,0.0,0.0,140.0,-2000.0,3130.0,yonden
2017,3,2017-03-04,18:00,3330.0,880.0,3810.0,260.0,－－－－－－－－－－,10.0,0.0,0.0,0.0,0.0,320.0,-1950.0,3330.0,yonden
2017,3,2017-03-04,19:00,3330.0,880.0,3860.0,220.0,－－－－－－－－－－,10.0,0.0,0.0,0.0,0.0,410.0,-2050.0,3330.0,yonden
2017,3,2017-03-04,20:00,3240.0,880.0,3850.0,180.0,－－－－－－－－－－,10.0,0.0,0.0,0.0,0.0,320.0,-2000.0,3240.0,yonden
2017,3,2017-03-04,21:00,3090.0,880.0,3860.0,190.0,－－－－－－－－－－,10.0,0.0,0.0,0.0,0.0,110.0,-1960.0,3090.0,yonden
2017,3,2017-03-04,22:00,2880.0,880.0,3770.0,170.0,－－－－－－－－－－,10.0,0.0,0.0,0.0,0.0,0.0,-1950.0,2880.0,yonden
2017,3,2017-03-04,23:00,2790.0,880.0,3650.0,140.0,－－－－－－－－－－,10.0,0.0,0.0,0.0,0.0,0.0,-1890.0,2790.0,yonden
2017,3,2017-03-05,00:00,2770.0,880.0,3710.0,130.0,－－－－－－－－－－,10.0,0.0,0.0,0.0,0.0,0.0,-1960.0,2770.0,yonden
2017,3,2017-03-05,01:00,2860.0,880.0,3650.0,130.0,－－－－－－－－－－,10.0,0.0,0.0,0.0,0.0,0.0,-1810.0,2860.0,yonden
2017,3,2017-03-05,02:00,3090.0,880.0,3760.0,170.0,－－－－－－－－－－,10.0,0.0,0.0,0.0,0.0,0.0,-1730.0,3090.0,yonden
2017,3,2017-03-05,03:00,3210.0,880.0,3810.0,230.0,－－－－－－－－－－,10.0,0.0,0.0,0.0,0.0,0.0,-1720.0,3210.0,yonden
2017,3,2017-03-05,04:00,3170.0,880.0,3820.0,200.0,－－－－－－－－－－,10.0,0.0,0.0,0.0,0.0,0.0,-1740.0,3170.0,yonden
2017,3,2017-03-05,05:00,3000.0,880.0,3760.0,140.0,－－－－－－－－－－,10.0,0.0,0.0,0.0,0.0,0.0,-1790.0,3000.0,yonden
2017,3,2017-03-05,06:00,2830.0,880.0,3720.0,130.0,－－－－－－－－－－,10.0,10.0,0.0,0.0,0.0,0.0,-1920.0,2830.0,yonden
2017,3,2017-03-05,07:00,2730.0,890.0,3570.0,120.0,－－－－－－－－－－,10.0,190.0,0.0,0.0,0.0,0.0,-2050.0,2730.0,yonden
2017,3,2017-03-05,08:00,2750.0,880.0,3600.0,150.0,－－－－－－－－－－,10.0,500.0,0.0,0.0,0.0,-210.0,-2180.0,2750.0,yonden
2017,3,2017-03-05,09:00,2680.0,880.0,3410.0,180.0,－－－－－－－－－－,10.0,810.0,0.0,0.0,0.0,-330.0,-2280.0,2680.0,yonden
2017,3,2017-03-05,10:00,2610.0,880.0,3470.0,220.0,－－－－－－－－－－,10.0,1010.0,0.0,0.0,0.0,-590.0,-2390.0,2610.0,yonden
2017,3,2017-03-05,11:00,2590.0,880.0,3440.0,170.0,－－－－－－－－－－,10.0,1090.0,0.0,0.0,0.0,-590.0,-2410.0,2590.0,yonden
2017,3,2017-03-05,12:00,2580.0,880.0,3460.0,180.0,－－－－－－－－－－,10.0,850.0,0.0,0.0,0.0,-420.0,-2380.0,2580.0,yonden
2017,3,2017-03-05,13:00,2550.0,880.0,3460.0,130.0,－－－－－－－－－－,10.0,570.0,0.0,0.0,0.0,-300.0,-2200.0,2550.0,yonden
2017,3,2017-03-05,14:00,2500.0,880.0,3510.0,130.0,－－－－－－－－－－,10.0,330.0,0.0,0.0,0.0,-300.0,-2060.0,2500.0,yonden
2017,3,2017-03-05,15:00,2570.0,880.0,3580.0,130.0,－－－－－－－－－－,10.0,180.0,0.0,0.0,0.0,-150.0,-2060.0,2570.0,yonden
2017,3,2017-03-05,16:00,2750.0,890.0,3660.0,150.0,－－－－－－－－－－,10.0,70.0,0.0,0.0,0.0,0.0,-2030.0,2750.0,yonden
2017,3,2017-03-05,17:00,3000.0,880.0,3820.0,220.0,－－－－－－－－－－,10.0,20.0,0.0,0.0,0.0,60.0,-2010.0,3000.0,yonden
2017,3,2017-03-05,18:00,3190.0,880.0,3850.0,310.0,－－－－－－－－－－,10.0,0.0,0.0,10.0,0.0,220.0,-2090.0,3190.0,yonden
2017,3,2017-03-05,19:00,3180.0,880.0,3820.0,270.0,－－－－－－－－－－,10.0,0.0,0.0,10.0,0.0,250.0,-2060.0,3180.0,yonden
2017,3,2017-03-05,20:00,3090.0,880.0,3800.0,220.0,－－－－－－－－－－,10.0,0.0,0.0,10.0,0.0,90.0,-1920.0,3090.0,yonden
2017,3,2017-03-05,21:00,2920.0,880.0,3780.0,180.0,－－－－－－－－－－,10.0,0.0,0.0,10.0,0.0,0.0,-1940.0,2920.0,yonden
2017,3,2017-03-05,22:00,2720.0,880.0,3660.0,140.0,－－－－－－－－－－,10.0,0.0,0.0,10.0,0.0,0.0,-1980.0,2720.0,yonden
2017,3,2017-03-05,23:00,2650.0,880.0,3570.0,150.0,－－－－－－－－－－,10.0,0.0,0.0,0.0,0.0,0.0,-1960.0,2650.0,yonden
2017,3,2017-03-06,00:00,2630.0,880.0,3410.0,130.0,－－－－－－－－－－,10.0,0.0,0.0,0.0,0.0,0.0,-1800.0,2630.0,yonden
2017,3,2017-03-06,01:00,2770.0,880.0,3510.0,110.0,－－－－－－－－－－,10.0,0.0,0.0,0.0,0.0,0.0,-1740.0,2770.0,yonden
2017,3,2017-03-06,02:00,3000.0,880.0,3710.0,180.0,－－－－－－－－－－,10.0,0.0,0.0,0.0,0.0,0.0,-1780.0,3000.0,yonden
2017,3,2017-03-06,03:00,3150.0,880.0,3690.0,350.0,－－－－－－－－－－,10.0,0.0,0.0,0.0,0.0,0.0,-1780.0,3150.0,yonden
2017,3,2017-03-06,04:00,3150.0,880.0,3770.0,230.0,－－－－－－－－－－,10.0,0.0,0.0,0.0,0.0,0.0,-1740.0,3150.0,yonden
2017,3,2017-03-06,05:00,3080.0,890.0,3780.0,200.0,－－－－－－－－－－,10.0,0.0,0.0,0.0,0.0,0.0,-1800.0,3080.0,yonden
2017,3,2017-03-06,06:00,3160.0,890.0,3960.0,200.0,－－－－－－－－－－,10.0,10.0,0.0,10.0,0.0,0.0,-1920.0,3160.0,yonden
2017,3,2017-03-06,07:00,3230.0,890.0,4010.0,230.0,－－－－－－－－－－,10.0,50.0,0.0,20.0,0.0,0.0,-1980.0,3230.0,yonden
2017,3,2017-03-06,08:00,3600.0,880.0,4170.0,290.0,－－－－－－－－－－,10.0,130.0,0.0,30.0,0.0,50.0,-1960.0,3600.0,yonden
2017,3,2017-03-06,09:00,3710.0,880.0,4260.0,190.0,－－－－－－－－－－,10.0,160.0,0.0,40.0,0.0,220.0,-2050.0,3710.0,yonden
2017,3,2017-03-06,10:00,3660.0,880.0,4460.0,180.0,－－－－－－－－－－,10.0,220.0,0.0,40.0,0.0,10.0,-2140.0,3660.0,yonden
2017,3,2017-03-06,11:00,3590.0,890.0,4380.0,120.0,－－－－－－－－－－,10.0,340.0,0.0,40.0,0.0,0.0,-2190.0,3590.0,yonden
2017,3,2017-03-06,12:00,3320.0,880.0,4040.0,110.0,－－－－－－－－－－,10.0,520.0,0.0,70.0,0.0,0.0,-2310.0,3320.0,yonden
2017,3,2017-03-06,13:00,3480.0,880.0,4070.0,110.0,－－－－－－－－－－,10.0,600.0,0.0,100.0,0.0,0.0,-2290.0,3480.0,yonden
2017,3,2017-03-06,14:00,3420.0,880.0,4020.0,120.0,－－－－－－－－－－,10.0,590.0,0.0,110.0,0.0,0.0,-2310.0,3420.0,yonden
2017,3,2017-03-06,15:00,3420.0,880.0,4120.0,120.0,－－－－－－－－－－,10.0,460.0,0.0,110.0,0.0,0.0,-2280.0,3420.0,yonden
2017,3,2017-03-06,16:00,3510.0,880.0,4440.0,140.0,－－－－－－－－－－,10.0,230.0,0.0,100.0,0.0,0.0,-2290.0,3510.0,yonden
2017,3,2017-03-06,17:00,3550.0,880.0,4440.0,290.0,－－－－－－－－－－,10.0,80.0,0.0,100.0,0.0,0.0,-2250.0,3550.0,yonden
2017,3,2017-03-06,18:00,3720.0,880.0,4460.0,460.0,－－－－－－－－－－,10.0,0.0,0.0,100.0,0.0,0.0,-2190.0,3720.0,yonden
2017,3,2017-03-06,19:00,3650.0,880.0,4390.0,410.0,－－－－－－－－－－,10.0,0.0,0.0,100.0,0.0,0.0,-2140.0,3650.0,yonden
2017,3,2017-03-06,20:00,3510.0,880.0,4330.0,260.0,－－－－－－－－－－,10.0,0.0,0.0,100.0,0.0,0.0,-2070.0,3510.0,yonden
2017,3,2017-03-06,21:00,3300.0,880.0,4060.0,170.0,－－－－－－－－－－,10.0,0.0,0.0,110.0,0.0,0.0,-1930.0,3300.0,yonden
2017,3,2017-03-06,22:00,3080.0,880.0,3920.0,130.0,－－－－－－－－－－,10.0,0.0,0.0,110.0,0.0,0.0,-1970.0,3080.0,yonden
2017,3,2017-03-06,23:00,2950.0,880.0,3770.0,110.0,－－－－－－－－－－,10.0,0.0,0.0,110.0,0.0,0.0,-1930.0,2950.0,yonden
2017,3,2017-03-07,00:00,2900.0,880.0,3710.0,100.0,－－－－－－－－－－,10.0,0.0,0.0,110.0,0.0,0.0,-1910.0,2900.0,yonden
2017,3,2017-03-07,01:00,3020.0,880.0,3820.0,90.0,－－－－－－－－－－,10.0,0.0,0.0,90.0,0.0,0.0,-1870.0,3020.0,yonden
2017,3,2017-03-07,02:00,3240.0,880.0,3940.0,160.0,－－－－－－－－－－,10.0,0.0,0.0,110.0,0.0,0.0,-1860.0,3240.0,yonden
2017,3,2017-03-07,03:00,3370.0,880.0,3930.0,260.0,－－－－－－－－－－,10.0,0.0,0.0,120.0,0.0,0.0,-1830.0,3370.0,yonden
2017,3,2017-03-07,04:00,3380.0,880.0,3950.0,200.0,－－－－－－－－－－,10.0,0.0,0.0,120.0,0.0,0.0,-1780.0,3380.0,yonden
2017,3,2017-03-07,05:00,3320.0,880.0,3920.0,150.0,－－－－－－－－－－,10.0,0.0,0.0,120.0,0.0,0.0,-1760.0,3320.0,yonden
2017,3,2017-03-07,06:00,3430.0,880.0,4090.0,190.0,－－－－－－－－－－,10.0,20.0,0.0,120.0,0.0,0.0,-1880.0,3430.0,yonden
2017,3,2017-03-07,07:00,3490.0,880.0,4110.0,170.0,－－－－－－－－－－,10.0,240.0,0.0,120.0,0.0,0.0,-2040.0,3490.0,yonden
2017,3,2017-03-07,08:00,3620.0,880.0,4050.0,180.0,－－－－－－－－－－,10.0,570.0,0.0,130.0,0.0,0.0,-2200.0,3620.0,yonden
2017,3,2017-03-07,09:00,3660.0,880.0,3950.0,170.0,－－－－－－－－－－,10.0,950.0,0.0,120.0,0.0,0.0,-2420.0,3660.0,yonden
2017,3,2017-03-07,10:00,3620.0,880.0,3840.0,170.0,－－－－－－－－－－,10.0,1140.0,0.0,110.0,0.0,-140.0,-2390.0,3620.0,yonden
2017,3,2017-03-07,11:00,3560.0,880.0,3890.0,150.0,－－－－－－－－－－,10.0,1040.0,0.0,110.0,0.0,-150.0,-2370.0,3560.0,yonden
2017,3,2017-03-07,12:00,3340.0,880.0,3640.0,110.0,－－－－－－－－－－,10.0,970.0,0.0,120.0,0.0,0.0,-2390.0,3340.0,yonden
2017,3,2017-03-07,13:00,3540.0,880.0,3810.0,100.0,－－－－－－－－－－,10.0,930.0,0.0,120.0,0.0,0.0,-2310.0,3540.0,yonden
2017,3,2017-03-07,14:00,3530.0,880.0,3960.0,120.0,－－－－－－－－－－,10.0,810.0,0.0,120.0,0.0,0.0,-2370.0,3530.0,yonden
2017,3,2017-03-07,15:00,3570.0,880.0,4170.0,150.0,－－－－－－－－－－,10.0,550.0,0.0,120.0,0.0,0.0,-2310.0,3570.0,yonden
2017,3,2017-03-07,16:00,3690.0,880.0,4530.0,180.0,－－－－－－－－－－,10.0,280.0,0.0,100.0,0.0,0.0,-2290.0,3690.0,yonden
2017,3,2017-03-07,17:00,3820.0,880.0,4650.0,340.0,－－－－－－－－－－,10.0,80.0,0.0,90.0,0.0,20.0,-2250.0,3820.0,yonden
2017,3,2017-03-07,18:00,4010.0,880.0,4550.0,460.0,－－－－－－－－－－,10.0,0.0,0.0,70.0,0.0,140.0,-2100.0,4010.0,yonden
2017,3,2017-03-07,19:00,3920.0,880.0,4490.0,460.0,－－－－－－－－－－,10.0,0.0,0.0,80.0,0.0,10.0,-2010.0,3920.0,yonden
2017,3,2017-03-07,20:00,3780.0,880.0,4400.0,290.0,－－－－－－－－－－,10.0,0.0,0.0,90.0,0.0,0.0,-1890.0,3780.0,yonden
2017,3,2017-03-07,21:00,3570.0,880.0,4390.0,190.0,－－－－－－－－－－,10.0,0.0,0.0,90.0,0.0,0.0,-1990.0,3570.0,yonden
2017,3,2017-03-07,22:00,3280.0,880.0,4160.0,150.0,－－－－－－－－－－,10.0,0.0,0.0,90.0,0.0,0.0,-2010.0,3280.0,yonden
2017,3,2017-03-07,23:00,3150.0,880.0,4040.0,110.0,－－－－－－－－－－,10.0,0.0,0.0,80.0,0.0,0.0,-1970.0,3150.0,yonden
2017,3,2017-03-08,00:00,3100.0,880.0,3920.0,100.0,－－－－－－－－－－,10.0,0.0,0.0,90.0,0.0,0.0,-1900.0,3100.0,yonden
2017,3,2017-03-08,01:00,3230.0,880.0,3990.0,100.0,－－－－－－－－－－,10.0,0.0,0.0,90.0,0.0,0.0,-1840.0,3230.0,yonden
2017,3,2017-03-08,02:00,3440.0,880.0,4070.0,160.0,－－－－－－－－－－,10.0,0.0,0.0,80.0,0.0,0.0,-1760.0,3440.0,yonden
2017,3,2017-03-08,03:00,3530.0,880.0,4160.0,260.0,－－－－－－－－－－,10.0,0.0,0.0,80.0,0.0,0.0,-1860.0,3530.0,yonden
2017,3,2017-03-08,04:00,3480.0,880.0,4120.0,200.0,－－－－－－－－－－,10.0,0.0,0.0,80.0,0.0,0.0,-1810.0,3480.0,yonden
2017,3,2017-03-08,05:00,3410.0,880.0,4070.0,160.0,－－－－－－－－－－,10.0,0.0,0.0,80.0,0.0,0.0,-1790.0,3410.0,yonden
2017,3,2017-03-08,06:00,3550.0,880.0,4190.0,210.0,－－－－－－－－－－,10.0,10.0,0.0,80.0,0.0,0.0,-1830.0,3550.0,yonden
2017,3,2017-03-08,07:00,3600.0,880.0,4150.0,180.0,－－－－－－－－－－,10.0,180.0,0.0,90.0,0.0,0.0,-1890.0,3600.0,yonden
2017,3,2017-03-08,08:00,3830.0,880.0,4270.0,180.0,－－－－－－－－－－,10.0,420.0,0.0,80.0,0.0,0.0,-2010.0,3830.0,yonden
2017,3,2017-03-08,09:00,3840.0,880.0,4210.0,160.0,－－－－－－－－－－,10.0,700.0,0.0,70.0,0.0,0.0,-2190.0,3840.0,yonden
2017,3,2017-03-08,10:00,3740.0,880.0,4090.0,170.0,－－－－－－－－－－,10.0,840.0,0.0,70.0,0.0,0.0,-2320.0,3740.0,yonden
2017,3,2017-03-08,11:00,3660.0,880.0,4100.0,160.0,－－－－－－－－－－,10.0,860.0,0.0,70.0,0.0,0.0,-2420.0,3660.0,yonden
2017,3,2017-03-08,12:00,3470.0,880.0,3960.0,130.0,－－－－－－－－－－,10.0,880.0,0.0,70.0,0.0,0.0,-2460.0,3470.0,yonden
2017,3,2017-03-08,13:00,3690.0,880.0,4170.0,120.0,－－－－－－－－－－,10.0,840.0,0.0,90.0,0.0,0.0,-2420.0,3690.0,yonden
2017,3,2017-03-08,14:00,3640.0,880.0,4160.0,120.0,－－－－－－－－－－,10.0,750.0,0.0,90.0,0.0,0.0,-2370.0,3640.0,yonden
2017,3,2017-03-08,15:00,3660.0,880.0,4100.0,140.0,－－－－－－－－－－,10.0,590.0,0.0,90.0,0.0,0.0,-2150.0,3660.0,yonden
2017,3,2017-03-08,16:00,3790.0,880.0,4270.0,190.0,－－－－－－－－－－,10.0,370.0,0.0,90.0,0.0,0.0,-2020.0,3790.0,yonden
2017,3,2017-03-08,17:00,3920.0,880.0,4420.0,300.0,－－－－－－－－－－,10.0,90.0,0.0,100.0,0.0,110.0,-1990.0,3920.0,yonden
2017,3,2017-03-08,18:00,4110.0,880.0,4380.0,480.0,－－－－－－－－－－,10.0,0.0,0.0,90.0,0.0,240.0,-1970.0,4110.0,yonden
2017,3,2017-03-08,19:00,4040.0,880.0,4290.0,480.0,－－－－－－－－－－,10.0,0.0,0.0,80.0,0.0,270.0,-1970.0,4040.0,yonden
2017,3,2017-03-08,20:00,3870.0,880.0,4220.0,320.0,－－－－－－－－－－,10.0,0.0,0.0,80.0,0.0,270.0,-1910.0,3870.0,yonden
2017,3,2017-03-08,21:00,3650.0,880.0,4290.0,200.0,－－－－－－－－－－,10.0,0.0,0.0,60.0,0.0,90.0,-1880.0,3650.0,yonden
2017,3,2017-03-08,22:00,3350.0,880.0,4240.0,150.0,－－－－－－－－－－,10.0,0.0,0.0,60.0,0.0,0.0,-1990.0,3350.0,yonden
2017,3,2017-03-08,23:00,3250.0,880.0,4150.0,120.0,－－－－－－－－－－,10.0,0.0,0.0,60.0,0.0,0.0,-1970.0,3250.0,yonden
2017,3,2017-03-09,00:00,3200.0,880.0,4150.0,140.0,－－－－－－－－－－,10.0,0.0,0.0,70.0,0.0,0.0,-2050.0,3200.0,yonden
2017,3,2017-03-09,01:00,3320.0,880.0,4240.0,140.0,－－－－－－－－－－,10.0,0.0,0.0,60.0,0.0,0.0,-2010.0,3320.0,yonden
2017,3,2017-03-09,02:00,3520.0,880.0,4310.0,180.0,－－－－－－－－－－,10.0,0.0,0.0,50.0,0.0,0.0,-1910.0,3520.0,yonden
2017,3,2017-03-09,03:00,3580.0,880.0,4280.0,250.0,－－－－－－－－－－,10.0,0.0,0.0,60.0,0.0,0.0,-1900.0,3580.0,yonden
2017,3,2017-03-09,04:00,3530.0,880.0,4240.0,230.0,－－－－－－－－－－,10.0,0.0,0.0,50.0,0.0,0.0,-1880.0,3530.0,yonden
2017,3,2017-03-09,05:00,3470.0,880.0,4240.0,180.0,－－－－－－－－－－,10.0,0.0,0.0,60.0,0.0,0.0,-1900.0,3470.0,yonden
2017,3,2017-03-09,06:00,3610.0,880.0,4350.0,180.0,－－－－－－－－－－,10.0,10.0,0.0,60.0,0.0,0.0,-1880.0,3610.0,yonden
2017,3,2017-03-09,07:00,3650.0,880.0,4320.0,230.0,－－－－－－－－－－,10.0,150.0,0.0,70.0,0.0,0.0,-2010.0,3650.0,yonden
2017,3,2017-03-09,08:00,3930.0,880.0,4420.0,250.0,－－－－－－－－－－,10.0,350.0,0.0,70.0,0.0,0.0,-2050.0,3930.0,yonden
2017,3,2017-03-09,09:00,3950.0,880.0,4390.0,200.0,－－－－－－－－－－,10.0,560.0,0.0,60.0,0.0,0.0,-2150.0,3950.0,yonden
2017,3,2017-03-09,10:00,3810.0,880.0,4240.0,210.0,－－－－－－－－－－,10.0,800.0,0.0,60.0,0.0,0.0,-2390.0,3810.0,yonden
2017,3,2017-03-09,11:00,3670.0,880.0,4110.0,200.0,－－－－－－－－－－,10.0,850.0,0.0,60.0,0.0,0.0,-2440.0,3670.0,yonden
2017,3,2017-03-09,12:00,3450.0,880.0,3890.0,160.0,－－－－－－－－－－,10.0,910.0,0.0,50.0,0.0,0.0,-2450.0,3450.0,yonden
2017,3,2017-03-09,13:00,3620.0,880.0,3980.0,160.0,－－－－－－－－－－,10.0,980.0,0.0,50.0,0.0,0.0,-2440.0,3620.0,yonden
2017,3,2017-03-09,14:00,3590.0,880.0,4030.0,160.0,－－－－－－－－－－,10.0,850.0,0.0,70.0,0.0,0.0,-2410.0,3590.0,yonden
2017,3,2017-03-09,15:00,3600.0,880.0,4100.0,170.0,－－－－－－－－－－,10.0,670.0,0.0,90.0,0.0,0.0,-2320.0,3600.0,yonden
2017,3,2017-03-09,16:00,3710.0,880.0,4360.0,220.0,－－－－－－－－－－,10.0,380.0,0.0,100.0,0.0,40.0,-2280.0,3710.0,yonden
2017,3,2017-03-09,17:00,3800.0,880.0,4340.0,340.0,－－－－－－－－－－,10.0,120.0,0.0,100.0,0.0,170.0,-2160.0,3800.0,yonden
2017,3,2017-03-09,18:00,3980.0,880.0,4300.0,480.0,－－－－－－－－－－,10.0,0.0,0.0,90.0,0.0,240.0,-2020.0,3980.0,yonden
2017,3,2017-03-09,19:00,3920.0,880.0,4180.0,470.0,－－－－－－－－－－,10.0,0.0,0.0,70.0,0.0,250.0,-1940.0,3920.0,yonden
2017,3,2017-03-09,20:00,3760.0,880.0,4200.0,310.0,－－－－－－－－－－,10.0,0.0,0.0,60.0,0.0,130.0,-1830.0,3760.0,yonden
2017,3,2017-03-09,21:00,3530.0,880.0,4210.0,200.0,－－－－－－－－－－,10.0,0.0,0.0,60.0,0.0,0.0,-1830.0,3530.0,yonden
2017,3,2017-03-09,22:00,3270.0,880.0,4150.0,150.0,－－－－－－－－－－,10.0,0.0,0.0,60.0,0.0,0.0,-1980.0,3270.0,yonden
2017,3,2017-03-09,23:00,3160.0,880.0,4090.0,150.0,－－－－－－－－－－,10.0,0.0,0.0,60.0,0.0,0.0,-2030.0,3160.0,yonden
2017,3,2017-03-10,00:00,3110.0,880.0,4080.0,140.0,－－－－－－－－－－,10.0,0.0,0.0,70.0,0.0,0.0,-2070.0,3110.0,yonden
2017,3,2017-03-10,01:00,3210.0,880.0,4080.0,130.0,－－－－－－－－－－,10.0,0.0,0.0,70.0,0.0,0.0,-1960.0,3210.0,yonden
2017,3,2017-03-10,02:00,3390.0,880.0,4180.0,140.0,－－－－－－－－－－,10.0,0.0,0.0,70.0,0.0,0.0,-1890.0,3390.0,yonden
2017,3,2017-03-10,03:00,3460.0,880.0,4190.0,190.0,－－－－－－－－－－,10.0,0.0,0.0,80.0,0.0,0.0,-1890.0,3460.0,yonden
2017,3,2017-03-10,04:00,3440.0,880.0,4160.0,160.0,－－－－－－－－－－,10.0,0.0,0.0,90.0,0.0,0.0,-1860.0,3440.0,yonden
2017,3,2017-03-10,05:00,3350.0,880.0,4130.0,160.0,－－－－－－－－－－,10.0,0.0,0.0,100.0,0.0,0.0,-1930.0,3350.0,yonden
2017,3,2017-03-10,06:00,3450.0,880.0,4290.0,200.0,－－－－－－－－－－,10.0,20.0,0.0,90.0,0.0,0.0,-2040.0,3450.0,yonden
2017,3,2017-03-10,07:00,3490.0,880.0,4330.0,210.0,－－－－－－－－－－,10.0,190.0,0.0,100.0,0.0,0.0,-2230.0,3490.0,yonden
2017,3,2017-03-10,08:00,3670.0,880.0,4350.0,160.0,－－－－－－－－－－,10.0,500.0,0.0,90.0,0.0,0.0,-2320.0,3670.0,yonden
2017,3,2017-03-10,09:00,3690.0,880.0,4160.0,180.0,－－－－－－－－－－,10.0,860.0,0.0,70.0,0.0,0.0,-2470.0,3690.0,yonden
2017,3,2017-03-10,10:00,3600.0,880.0,3910.0,200.0,－－－－－－－－－－,10.0,1210.0,0.0,80.0,0.0,-200.0,-2490.0,3600.0,yonden
2017,3,2017-03-10,11:00,3530.0,880.0,3790.0,180.0,－－－－－－－－－－,10.0,1350.0,0.0,80.0,0.0,-300.0,-2460.0,3530.0,yonden
2017,3,2017-03-10,12:00,3330.0,880.0,3570.0,150.0,－－－－－－－－－－,10.0,1410.0,0.0,80.0,0.0,-300.0,-2470.0,3330.0,yonden
2017,3,2017-03-10,13:00,3480.0,880.0,3720.0,150.0,－－－－－－－－－－,10.0,1380.0,0.0,90.0,0.0,-300.0,-2450.0,3480.0,yonden
2017,3,2017-03-10,14:00,3440.0,880.0,3710.0,150.0,－－－－－－－－－－,10.0,1210.0,0.0,90.0,0.0,-150.0,-2460.0,3440.0,yonden
2017,3,2017-03-10,15:00,3400.0,880.0,3790.0,160.0,－－－－－－－－－－,10.0,920.0,0.0,80.0,0.0,0.0,-2440.0,3400.0,yonden
2017,3,2017-03-10,16:00,3470.0,880.0,4150.0,230.0,－－－－－－－－－－,10.0,540.0,0.0,80.0,0.0,0.0,-2420.0,3470.0,yonden
2017,3,2017-03-10,17:00,3500.0,880.0,4220.0,370.0,－－－－－－－－－－,10.0,170.0,0.0,70.0,0.0,150.0,-2370.0,3500.0,yonden
2017,3,2017-03-10,18:00,3670.0,880.0,4230.0,440.0,－－－－－－－－－－,10.0,0.0,0.0,70.0,0.0,290.0,-2250.0,3670.0,yonden
2017,3,2017-03-10,19:00,3630.0,880.0,4160.0,390.0,－－－－－－－－－－,10.0,0.0,0.0,60.0,0.0,290.0,-2160.0,3630.0,yonden
2017,3,2017-03-10,20:00,3510.0,880.0,4060.0,240.0,－－－－－－－－－－,10.0,0.0,0.0,70.0,0.0,290.0,-2040.0,3510.0,yonden
2017,3,2017-03-10,21:00,3320.0,880.0,3970.0,190.0,－－－－－－－－－－,10.0,0.0,0.0,60.0,0.0,160.0,-1950.0,3320.0,yonden
2017,3,2017-03-10,22:00,3070.0,880.0,4000.0,200.0,－－－－－－－－－－,10.0,0.0,0.0,60.0,0.0,0.0,-2080.0,3070.0,yonden
2017,3,2017-03-10,23:00,2970.0,880.0,3930.0,170.0,－－－－－－－－－－,10.0,0.0,0.0,50.0,0.0,0.0,-2070.0,2970.0,yonden
2017,3,2017-03-11,00:00,2920.0,880.0,3930.0,130.0,－－－－－－－－－－,10.0,0.0,0.0,50.0,0.0,0.0,-2080.0,2920.0,yonden
2017,3,2017-03-11,01:00,3050.0,880.0,3890.0,130.0,－－－－－－－－－－,10.0,0.0,0.0,60.0,0.0,0.0,-1920.0,3050.0,yonden
2017,3,2017-03-11,02:00,3280.0,880.0,3900.0,130.0,－－－－－－－－－－,10.0,0.0,0.0,60.0,0.0,210.0,-1910.0,3280.0,yonden
2017,3,2017-03-11,03:00,3390.0,880.0,3940.0,200.0,－－－－－－－－－－,10.0,0.0,0.0,60.0,0.0,230.0,-1930.0,3390.0,yonden
2017,3,2017-03-11,04:00,3360.0,880.0,3950.0,210.0,－－－－－－－－－－,10.0,0.0,0.0,60.0,0.0,160.0,-1910.0,3360.0,yonden
2017,3,2017-03-11,05:00,3260.0,880.0,3950.0,190.0,－－－－－－－－－－,10.0,0.0,0.0,60.0,0.0,0.0,-1830.0,3260.0,yonden
2017,3,2017-03-11,06:00,3220.0,880.0,4050.0,210.0,－－－－－－－－－－,10.0,30.0,0.0,60.0,0.0,0.0,-2020.0,3220.0,yonden
2017,3,2017-03-11,07:00,3170.0,880.0,3870.0,130.0,－－－－－－－－－－,10.0,290.0,0.0,50.0,0.0,0.0,-2060.0,3170.0,yonden
2017,3,2017-03-11,08:00,3230.0,880.0,3730.0,130.0,－－－－－－－－－－,10.0,630.0,0.0,40.0,0.0,0.0,-2190.0,3230.0,yonden
2017,3,2017-03-11,09:00,3190.0,880.0,3520.0,180.0,－－－－－－－－－－,10.0,970.0,0.0,40.0,0.0,0.0,-2410.0,3190.0,yonden
2017,3,2017-03-11,10:00,3110.0,880.0,3510.0,190.0,－－－－－－－－－－,10.0,1210.0,0.0,40.0,0.0,-280.0,-2450.0,3110.0,yonden
2017,3,2017-03-11,11:00,3020.0,880.0,3560.0,180.0,－－－－－－－－－－,10.0,1320.0,0.0,40.0,0.0,-560.0,-2410.0,3020.0,yonden
2017,3,2017-03-11,12:00,2930.0,880.0,3470.0,150.0,－－－－－－－－－－,10.0,1350.0,0.0,50.0,0.0,-600.0,-2380.0,2930.0,yonden
2017,3,2017-03-11,13:00,2940.0,880.0,3520.0,140.0,－－－－－－－－－－,10.0,1310.0,0.0,50.0,0.0,-600.0,-2370.0,2940.0,yonden
2017,3,2017-03-11,14:00,2900.0,880.0,3430.0,140.0,－－－－－－－－－－,10.0,1180.0,0.0,60.0,0.0,-500.0,-2300.0,2900.0,yonden
2017,3,2017-03-11,15:00,2880.0,880.0,3340.0,150.0,－－－－－－－－－－,10.0,910.0,0.0,50.0,0.0,-300.0,-2160.0,2880.0,yonden
2017,3,2017-03-11,16:00,2950.0,880.0,3470.0,160.0,－－－－－－－－－－,10.0,560.0,0.0,30.0,0.0,-50.0,-2110.0,2950.0,yonden
2017,3,2017-03-11,17:00,3090.0,880.0,3870.0,200.0,－－－－－－－－－－,10.0,180.0,0.0,30.0,0.0,50.0,-2130.0,3090.0,yonden
2017,3,2017-03-11,18:00,3290.0,880.0,4010.0,330.0,－－－－－－－－－－,10.0,0.0,0.0,20.0,0.0,230.0,-2190.0,3290.0,yonden
2017,3,2017-03-11,19:00,3330.0,880.0,4020.0,320.0,－－－－－－－－－－,10.0,0.0,0.0,20.0,0.0,310.0,-2230.0,3330.0,yonden
2017,3,2017-03-11,20:00,3240.0,880.0,4000.0,260.0,－－－－－－－－－－,10.0,0.0,0.0,10.0,0.0,280.0,-2200.0,3240.0,yonden
2017,3,2017-03-11,21:00,3100.0,880.0,3930.0,180.0,－－－－－－－－－－,10.0,0.0,0.0,10.0,0.0,180.0,-2090.0,3100.0,yonden
2017,3,2017-03-11,22:00,2910.0,880.0,3810.0,160.0,－－－－－－－－－－,10.0,0.0,0.0,10.0,0.0,0.0,-1960.0,2910.0,yonden
2017,3,2017-03-11,23:00,2840.0,880.0,3810.0,140.0,－－－－－－－－－－,10.0,0.0,0.0,20.0,0.0,0.0,-2020.0,2840.0,yonden
2017,3,2017-03-12,00:00,2830.0,880.0,3810.0,130.0,－－－－－－－－－－,10.0,0.0,0.0,20.0,0.0,0.0,-2020.0,2830.0,yonden
2017,3,2017-03-12,01:00,2970.0,880.0,3870.0,120.0,－－－－－－－－－－,10.0,0.0,0.0,10.0,0.0,0.0,-1920.0,2970.0,yonden
2017,3,2017-03-12,02:00,3190.0,880.0,4060.0,190.0,－－－－－－－－－－,10.0,0.0,0.0,10.0,0.0,0.0,-1960.0,3190.0,yonden
2017,3,2017-03-12,03:00,3290.0,880.0,4090.0,220.0,－－－－－－－－－－,10.0,0.0,0.0,0.0,0.0,0.0,-1910.0,3290.0,yonden
2017,3,2017-03-12,04:00,3230.0,880.0,4010.0,190.0,－－－－－－－－－－,10.0,0.0,0.0,20.0,0.0,0.0,-1880.0,3230.0,yonden
2017,3,2017-03-12,05:00,3040.0,880.0,3890.0,150.0,－－－－－－－－－－,10.0,0.0,0.0,20.0,0.0,0.0,-1910.0,3040.0,yonden
2017,3,2017-03-12,06:00,2900.0,880.0,3810.0,130.0,－－－－－－－－－－,10.0,30.0,0.0,10.0,0.0,0.0,-1970.0,2900.0,yonden
2017,3,2017-03-12,07:00,2810.0,880.0,3740.0,120.0,－－－－－－－－－－,10.0,300.0,0.0,0.0,0.0,0.0,-2240.0,2810.0,yonden
2017,3,2017-03-12,08:00,2740.0,880.0,3520.0,130.0,－－－－－－－－－－,10.0,630.0,0.0,0.0,0.0,0.0,-2430.0,2740.0,yonden
2017,3,2017-03-12,09:00,2700.0,880.0,3400.0,180.0,－－－－－－－－－－,10.0,930.0,0.0,0.0,0.0,-230.0,-2470.0,2700.0,yonden
2017,3,2017-03-12,10:00,2630.0,880.0,3410.0,200.0,－－－－－－－－－－,10.0,1180.0,0.0,0.0,0.0,-600.0,-2450.0,2630.0,yonden
2017,3,2017-03-12,11:00,2570.0,880.0,3100.0,180.0,－－－－－－－－－－,10.0,1330.0,0.0,0.0,0.0,-600.0,-2330.0,2570.0,yonden
2017,3,2017-03-12,12:00,2570.0,880.0,3110.0,160.0,－－－－－－－－－－,10.0,1330.0,0.0,0.0,0.0,-590.0,-2330.0,2570.0,yonden
2017,3,2017-03-12,13:00,2530.0,880.0,3150.0,150.0,－－－－－－－－－－,10.0,1270.0,0.0,0.0,0.0,-590.0,-2340.0,2530.0,yonden
2017,3,2017-03-12,14:00,2470.0,880.0,3080.0,140.0,－－－－－－－－－－,10.0,1180.0,0.0,0.0,0.0,-590.0,-2230.0,2470.0,yonden
2017,3,2017-03-12,15:00,2510.0,880.0,3110.0,150.0,－－－－－－－－－－,10.0,900.0,0.0,0.0,0.0,-300.0,-2240.0,2510.0,yonden
2017,3,2017-03-12,16:00,2620.0,880.0,3380.0,160.0,－－－－－－－－－－,10.0,520.0,0.0,10.0,0.0,-190.0,-2150.0,2620.0,yonden
2017,3,2017-03-12,17:00,2820.0,880.0,3570.0,220.0,－－－－－－－－－－,10.0,150.0,0.0,0.0,0.0,0.0,-2010.0,2820.0,yonden
2017,3,2017-03-12,18:00,3110.0,880.0,3800.0,410.0,－－－－－－－－－－,10.0,0.0,0.0,10.0,0.0,110.0,-2110.0,3110.0,yonden
2017,3,2017-03-12,19:00,3180.0,880.0,3930.0,370.0,－－－－－－－－－－,10.0,0.0,0.0,10.0,0.0,140.0,-2160.0,3180.0,yonden
2017,3,2017-03-12,20:00,3130.0,880.0,3930.0,250.0,－－－－－－－－－－,10.0,0.0,0.0,20.0,0.0,140.0,-2100.0,3130.0,yonden
2017,3,2017-03-12,21:00,2980.0,880.0,3850.0,180.0,－－－－－－－－－－,10.0,0.0,0.0,10.0,0.0,0.0,-1950.0,2980.0,yonden
2017,3,2017-03-12,22:00,2780.0,880.0,3710.0,150.0,－－－－－－－－－－,10.0,0.0,0.0,10.0,0.0,0.0,-1980.0,2780.0,yonden
2017,3,2017-03-12,23:00,2700.0,880.0,3640.0,140.0,－－－－－－－－－－,10.0,0.0,0.0,10.0,0.0,0.0,-1980.0,2700.0,yonden
2017,3,2017-03-13,00:00,2660.0,880.0,3560.0,130.0,－－－－－－－－－－,10.0,0.0,0.0,10.0,0.0,0.0,-1930.0,2660.0,yonden
2017,3,2017-03-13,01:00,2760.0,880.0,3410.0,120.0,－－－－－－－－－－,10.0,0.0,0.0,10.0,0.0,0.0,-1670.0,2760.0,yonden
2017,3,2017-03-13,02:00,3000.0,880.0,3730.0,120.0,－－－－－－－－－－,10.0,0.0,0.0,0.0,0.0,0.0,-1740.0,3000.0,yonden
2017,3,2017-03-13,03:00,3160.0,880.0,3790.0,230.0,－－－－－－－－－－,10.0,0.0,0.0,0.0,0.0,0.0,-1750.0,3160.0,yonden
2017,3,2017-03-13,04:00,3160.0,880.0,3770.0,200.0,－－－－－－－－－－,10.0,0.0,0.0,0.0,0.0,0.0,-1700.0,3160.0,yonden
2017,3,2017-03-13,05:00,3090.0,880.0,3780.0,180.0,－－－－－－－－－－,10.0,0.0,0.0,0.0,0.0,0.0,-1760.0,3090.0,yonden
2017,3,2017-03-13,06:00,3160.0,880.0,3780.0,210.0,－－－－－－－－－－,10.0,10.0,0.0,0.0,0.0,0.0,-1730.0,3160.0,yonden
2017,3,2017-03-13,07:00,3210.0,880.0,3800.0,190.0,－－－－－－－－－－,10.0,100.0,0.0,0.0,0.0,0.0,-1770.0,3210.0,yonden
2017,3,2017-03-13,08:00,3610.0,880.0,4040.0,270.0,－－－－－－－－－－,10.0,140.0,0.0,0.0,0.0,40.0,-1770.0,3610.0,yonden
2017,3,2017-03-13,09:00,3740.0,880.0,4080.0,290.0,－－－－－－－－－－,10.0,170.0,0.0,0.0,0.0,140.0,-1830.0,3740.0,yonden
2017,3,2017-03-13,10:00,3690.0,880.0,4050.0,320.0,－－－－－－－－－－,10.0,240.0,0.0,10.0,0.0,40.0,-1860.0,3690.0,yonden
2017,3,2017-03-13,11:00,3630.0,880.0,3950.0,280.0,－－－－－－－－－－,10.0,290.0,0.0,10.0,0.0,0.0,-1790.0,3630.0,yonden
2017,3,2017-03-13,12:00,3420.0,880.0,3750.0,160.0,－－－－－－－－－－,10.0,290.0,0.0,0.0,0.0,0.0,-1670.0,3420.0,yonden
2017,3,2017-03-13,13:00,3640.0,880.0,4220.0,170.0,－－－－－－－－－－,10.0,210.0,0.0,0.0,0.0,0.0,-1850.0,3640.0,yonden
2017,3,2017-03-13,14:00,3670.0,880.0,4390.0,170.0,－－－－－－－－－－,10.0,160.0,0.0,0.0,0.0,0.0,-1940.0,3670.0,yonden
2017,3,2017-03-13,15:00,3650.0,880.0,4360.0,190.0,－－－－－－－－－－,10.0,120.0,0.0,0.0,0.0,0.0,-1910.0,3650.0,yonden
2017,3,2017-03-13,16:00,3690.0,880.0,4370.0,280.0,－－－－－－－－－－,10.0,70.0,0.0,0.0,0.0,0.0,-1920.0,3690.0,yonden
2017,3,2017-03-13,17:00,3710.0,880.0,4230.0,320.0,－－－－－－－－－－,10.0,20.0,0.0,0.0,0.0,170.0,-1920.0,3710.0,yonden
2017,3,2017-03-13,18:00,3810.0,880.0,4220.0,420.0,－－－－－－－－－－,10.0,0.0,0.0,0.0,0.0,240.0,-1960.0,3810.0,yonden
2017,3,2017-03-13,19:00,3700.0,880.0,4230.0,490.0,－－－－－－－－－－,10.0,0.0,0.0,0.0,0.0,40.0,-1950.0,3700.0,yonden
2017,3,2017-03-13,20:00,3510.0,880.0,4120.0,390.0,－－－－－－－－－－,10.0,0.0,0.0,0.0,0.0,0.0,-1890.0,3510.0,yonden
2017,3,2017-03-13,21:00,3270.0,880.0,4070.0,230.0,－－－－－－－－－－,10.0,0.0,0.0,10.0,0.0,0.0,-1930.0,3270.0,yonden
2017,3,2017-03-13,22:00,3040.0,880.0,3990.0,160.0,－－－－－－－－－－,10.0,0.0,0.0,10.0,0.0,0.0,-2010.0,3040.0,yonden
2017,3,2017-03-13,23:00,2930.0,880.0,3850.0,160.0,－－－－－－－－－－,10.0,0.0,0.0,20.0,0.0,0.0,-1990.0,2930.0,yonden
2017,3,2017-03-14,00:00,2860.0,880.0,3750.0,150.0,－－－－－－－－－－,10.0,0.0,0.0,30.0,0.0,0.0,-1960.0,2860.0,yonden
2017,3,2017-03-14,01:00,2980.0,880.0,3840.0,150.0,－－－－－－－－－－,10.0,0.0,0.0,50.0,0.0,0.0,-1950.0,2980.0,yonden
2017,3,2017-03-14,02:00,3190.0,880.0,3990.0,190.0,－－－－－－－－－－,10.0,0.0,0.0,60.0,0.0,0.0,-1940.0,3190.0,yonden
2017,3,2017-03-14,03:00,3330.0,880.0,4040.0,230.0,－－－－－－－－－－,10.0,0.0,0.0,60.0,0.0,0.0,-1890.0,3330.0,yonden
2017,3,2017-03-14,04:00,3320.0,880.0,4090.0,180.0,－－－－－－－－－－,10.0,0.0,0.0,60.0,0.0,0.0,-1900.0,3320.0,yonden
2017,3,2017-03-14,05:00,3220.0,880.0,3980.0,180.0,－－－－－－－－－－,10.0,0.0,0.0,60.0,0.0,0.0,-1890.0,3220.0,yonden
2017,3,2017-03-14,06:00,3250.0,880.0,3990.0,190.0,－－－－－－－－－－,10.0,10.0,0.0,60.0,0.0,0.0,-1890.0,3250.0,yonden
2017,3,2017-03-14,07:00,3320.0,880.0,4110.0,190.0,－－－－－－－－－－,10.0,50.0,0.0,80.0,0.0,0.0,-2000.0,3320.0,yonden
2017,3,2017-03-14,08:00,3690.0,880.0,4240.0,310.0,－－－－－－－－－－,10.0,210.0,0.0,80.0,0.0,0.0,-2040.0,3690.0,yonden
2017,3,2017-03-14,09:00,3770.0,880.0,4190.0,240.0,－－－－－－－－－－,10.0,470.0,0.0,80.0,0.0,0.0,-2100.0,3770.0,yonden
2017,3,2017-03-14,10:00,3660.0,880.0,3790.0,160.0,－－－－－－－－－－,10.0,890.0,0.0,80.0,0.0,0.0,-2150.0,3660.0,yonden
2017,3,2017-03-14,11:00,3510.0,880.0,3790.0,170.0,－－－－－－－－－－,10.0,1090.0,0.0,80.0,0.0,-160.0,-2350.0,3510.0,yonden
2017,3,2017-03-14,12:00,3280.0,880.0,3720.0,170.0,－－－－－－－－－－,10.0,1190.0,0.0,80.0,0.0,-300.0,-2470.0,3280.0,yonden
2017,3,2017-03-14,13:00,3450.0,880.0,3740.0,180.0,－－－－－－－－－－,10.0,1060.0,0.0,80.0,0.0,-50.0,-2450.0,3450.0,yonden
2017,3,2017-03-14,14:00,3450.0,880.0,3920.0,170.0,－－－－－－－－－－,10.0,830.0,0.0,80.0,0.0,0.0,-2440.0,3450.0,yonden
2017,3,2017-03-14,15:00,3440.0,880.0,4120.0,160.0,－－－－－－－－－－,10.0,580.0,0.0,80.0,0.0,0.0,-2390.0,3440.0,yonden
2017,3,2017-03-14,16:00,3520.0,880.0,4220.0,180.0,－－－－－－－－－－,10.0,400.0,0.0,90.0,0.0,10.0,-2270.0,3520.0,yonden
2017,3,2017-03-14,17:00,3580.0,880.0,4120.0,280.0,－－－－－－－－－－,10.0,120.0,0.0,100.0,0.0,220.0,-2150.0,3580.0,yonden
2017,3,2017-03-14,18:00,3750.0,880.0,4140.0,490.0,－－－－－－－－－－,10.0,0.0,0.0,90.0,0.0,230.0,-2090.0,3750.0,yonden
2017,3,2017-03-14,19:00,3700.0,880.0,4120.0,440.0,－－－－－－－－－－,10.0,0.0,0.0,100.0,0.0,180.0,-2030.0,3700.0,yonden
2017,3,2017-03-14,20:00,3560.0,880.0,4150.0,270.0,－－－－－－－－－－,10.0,0.0,0.0,110.0,0.0,10.0,-1870.0,3560.0,yonden
2017,3,2017-03-14,21:00,3370.0,880.0,4180.0,200.0,－－－－－－－－－－,10.0,0.0,0.0,110.0,0.0,0.0,-2010.0,3370.0,yonden
2017,3,2017-03-14,22:00,3120.0,880.0,4150.0,160.0,－－－－－－－－－－,10.0,0.0,0.0,100.0,0.0,0.0,-2180.0,3120.0,yonden
2017,3,2017-03-14,23:00,3000.0,880.0,3950.0,160.0,－－－－－－－－－－,10.0,0.0,0.0,100.0,0.0,0.0,-2100.0,3000.0,yonden
2017,3,2017-03-15,00:00,2910.0,880.0,3800.0,140.0,－－－－－－－－－－,10.0,0.0,0.0,100.0,0.0,0.0,-2020.0,2910.0,yonden
2017,3,2017-03-15,01:00,3050.0,880.0,3840.0,130.0,－－－－－－－－－－,10.0,0.0,0.0,100.0,0.0,0.0,-1910.0,3050.0,yonden
2017,3,2017-03-15,02:00,3290.0,880.0,4020.0,140.0,－－－－－－－－－－,10.0,0.0,0.0,100.0,0.0,0.0,-1860.0,3290.0,yonden
2017,3,2017-03-15,03:00,3430.0,880.0,4060.0,200.0,－－－－－－－－－－,10.0,0.0,0.0,110.0,0.0,0.0,-1830.0,3430.0,yonden
2017,3,2017-03-15,04:00,3440.0,880.0,4080.0,170.0,－－－－－－－－－－,10.0,0.0,0.0,110.0,0.0,0.0,-1810.0,3440.0,yonden
2017,3,2017-03-15,05:00,3360.0,880.0,4020.0,170.0,－－－－－－－－－－,10.0,0.0,0.0,120.0,0.0,0.0,-1840.0,3360.0,yonden
2017,3,2017-03-15,06:00,3400.0,880.0,4060.0,240.0,－－－－－－－－－－,10.0,30.0,0.0,120.0,0.0,0.0,-1940.0,3400.0,yonden
2017,3,2017-03-15,07:00,3440.0,880.0,4040.0,190.0,－－－－－－－－－－,10.0,220.0,0.0,120.0,0.0,0.0,-2020.0,3440.0,yonden
2017,3,2017-03-15,08:00,3720.0,880.0,4240.0,220.0,－－－－－－－－－－,10.0,490.0,0.0,120.0,0.0,0.0,-2240.0,3720.0,yonden
2017,3,2017-03-15,09:00,3740.0,880.0,4240.0,210.0,－－－－－－－－－－,10.0,730.0,0.0,110.0,0.0,0.0,-2440.0,3740.0,yonden
2017,3,2017-03-15,10:00,3680.0,880.0,4110.0,200.0,－－－－－－－－－－,10.0,860.0,0.0,120.0,0.0,0.0,-2500.0,3680.0,yonden
2017,3,2017-03-15,11:00,3600.0,880.0,3950.0,160.0,－－－－－－－－－－,10.0,970.0,0.0,120.0,0.0,0.0,-2490.0,3600.0,yonden
2017,3,2017-03-15,12:00,3420.0,880.0,3760.0,160.0,－－－－－－－－－－,10.0,980.0,0.0,120.0,0.0,0.0,-2490.0,3420.0,yonden
2017,3,2017-03-15,13:00,3590.0,880.0,3880.0,170.0,－－－－－－－－－－,10.0,1010.0,0.0,110.0,0.0,0.0,-2470.0,3590.0,yonden
2017,3,2017-03-15,14:00,3550.0,880.0,3980.0,160.0,－－－－－－－－－－,10.0,840.0,0.0,110.0,0.0,0.0,-2430.0,3550.0,yonden
2017,3,2017-03-15,15:00,3530.0,880.0,3990.0,170.0,－－－－－－－－－－,10.0,630.0,0.0,120.0,0.0,0.0,-2270.0,3530.0,yonden
2017,3,2017-03-15,16:00,3640.0,880.0,4240.0,160.0,－－－－－－－－－－,10.0,400.0,0.0,120.0,0.0,20.0,-2190.0,3640.0,yonden
2017,3,2017-03-15,17:00,3700.0,880.0,4280.0,230.0,－－－－－－－－－－,10.0,140.0,0.0,120.0,0.0,190.0,-2150.0,3700.0,yonden
2017,3,2017-03-15,18:00,3850.0,880.0,4260.0,430.0,－－－－－－－－－－,10.0,0.0,0.0,120.0,0.0,200.0,-2050.0,3850.0,yonden
2017,3,2017-03-15,19:00,3810.0,880.0,4210.0,380.0,－－－－－－－－－－,10.0,0.0,0.0,110.0,0.0,180.0,-1960.0,3810.0,yonden
2017,3,2017-03-15,20:00,3660.0,880.0,4270.0,290.0,－－－－－－－－－－,10.0,0.0,0.0,100.0,0.0,20.0,-1910.0,3660.0,yonden
2017,3,2017-03-15,21:00,3450.0,880.0,4200.0,200.0,－－－－－－－－－－,10.0,0.0,0.0,70.0,0.0,0.0,-1910.0,3450.0,yonden
2017,3,2017-03-15,22:00,3220.0,880.0,4110.0,150.0,－－－－－－－－－－,10.0,0.0,0.0,70.0,0.0,0.0,-2000.0,3220.0,yonden
2017,3,2017-03-15,23:00,3100.0,880.0,4020.0,140.0,－－－－－－－－－－,10.0,0.0,0.0,60.0,0.0,0.0,-2010.0,3100.0,yonden
2017,3,2017-03-16,00:00,3020.0,880.0,3990.0,130.0,－－－－－－－－－－,10.0,0.0,0.0,70.0,0.0,0.0,-2060.0,3020.0,yonden
2017,3,2017-03-16,01:00,3140.0,880.0,4040.0,120.0,－－－－－－－－－－,10.0,0.0,0.0,60.0,0.0,0.0,-1970.0,3140.0,yonden
2017,3,2017-03-16,02:00,3340.0,880.0,4170.0,130.0,－－－－－－－－－－,10.0,0.0,0.0,60.0,0.0,0.0,-1910.0,3340.0,yonden
2017,3,2017-03-16,03:00,3440.0,880.0,4210.0,180.0,－－－－－－－－－－,10.0,0.0,0.0,60.0,0.0,0.0,-1900.0,3440.0,yonden
2017,3,2017-03-16,04:00,3440.0,880.0,4190.0,190.0,－－－－－－－－－－,10.0,0.0,0.0,60.0,0.0,0.0,-1890.0,3440.0,yonden
2017,3,2017-03-16,05:00,3380.0,880.0,4160.0,160.0,－－－－－－－－－－,10.0,0.0,0.0,60.0,0.0,0.0,-1890.0,3380.0,yonden
2017,3,2017-03-16,06:00,3460.0,880.0,4220.0,190.0,－－－－－－－－－－,10.0,40.0,0.0,50.0,0.0,0.0,-1930.0,3460.0,yonden
2017,3,2017-03-16,07:00,3390.0,880.0,4030.0,180.0,－－－－－－－－－－,10.0,280.0,0.0,30.0,0.0,0.0,-2020.0,3390.0,yonden
2017,3,2017-03-16,08:00,3570.0,880.0,4010.0,200.0,－－－－－－－－－－,10.0,570.0,0.0,20.0,0.0,0.0,-2120.0,3570.0,yonden
2017,3,2017-03-16,09:00,3620.0,880.0,4050.0,140.0,－－－－－－－－－－,10.0,770.0,0.0,20.0,0.0,0.0,-2250.0,3620.0,yonden
2017,3,2017-03-16,10:00,3520.0,880.0,3920.0,150.0,－－－－－－－－－－,10.0,1000.0,0.0,30.0,0.0,0.0,-2470.0,3520.0,yonden
2017,3,2017-03-16,11:00,3460.0,880.0,3840.0,170.0,－－－－－－－－－－,10.0,1170.0,0.0,20.0,0.0,-130.0,-2500.0,3460.0,yonden
2017,3,2017-03-16,12:00,3280.0,880.0,3760.0,150.0,－－－－－－－－－－,10.0,1260.0,0.0,20.0,0.0,-300.0,-2500.0,3280.0,yonden
2017,3,2017-03-16,13:00,3430.0,880.0,3920.0,120.0,－－－－－－－－－－,10.0,1210.0,0.0,30.0,0.0,-280.0,-2460.0,3430.0,yonden
2017,3,2017-03-16,14:00,3390.0,880.0,3810.0,140.0,－－－－－－－－－－,10.0,1000.0,0.0,30.0,0.0,0.0,-2480.0,3390.0,yonden
2017,3,2017-03-16,15:00,3370.0,880.0,3950.0,130.0,－－－－－－－－－－,10.0,710.0,0.0,20.0,0.0,0.0,-2330.0,3370.0,yonden
2017,3,2017-03-16,16:00,3460.0,880.0,4200.0,180.0,－－－－－－－－－－,10.0,380.0,0.0,20.0,0.0,0.0,-2210.0,3460.0,yonden
2017,3,2017-03-16,17:00,3530.0,880.0,4210.0,310.0,－－－－－－－－－－,10.0,110.0,0.0,20.0,0.0,90.0,-2100.0,3530.0,yonden
2017,3,2017-03-16,18:00,3730.0,880.0,4290.0,340.0,－－－－－－－－－－,10.0,0.0,0.0,20.0,0.0,230.0,-2040.0,3730.0,yonden
2017,3,2017-03-16,19:00,3690.0,880.0,4310.0,290.0,－－－－－－－－－－,10.0,0.0,0.0,20.0,0.0,140.0,-1960.0,3690.0,yonden
2017,3,2017-03-16,20:00,3550.0,880.0,4260.0,270.0,－－－－－－－－－－,10.0,0.0,0.0,20.0,0.0,0.0,-1890.0,3550.0,yonden
2017,3,2017-03-16,21:00,3350.0,880.0,4130.0,230.0,－－－－－－－－－－,10.0,0.0,0.0,10.0,0.0,0.0,-1910.0,3350.0,yonden
2017,3,2017-03-16,22:00,3100.0,880.0,4150.0,170.0,－－－－－－－－－－,10.0,0.0,0.0,10.0,0.0,0.0,-2120.0,3100.0,yonden
2017,3,2017-03-16,23:00,2970.0,880.0,4050.0,130.0,－－－－－－－－－－,10.0,0.0,0.0,10.0,0.0,0.0,-2110.0,2970.0,yonden
2017,3,2017-03-17,00:00,2920.0,880.0,3980.0,130.0,－－－－－－－－－－,10.0,0.0,0.0,10.0,0.0,0.0,-2090.0,2920.0,yonden
2017,3,2017-03-17,01:00,3080.0,880.0,4120.0,120.0,－－－－－－－－－－,10.0,0.0,0.0,10.0,0.0,0.0,-2060.0,3080.0,yonden
2017,3,2017-03-17,02:00,3330.0,880.0,4230.0,130.0,－－－－－－－－－－,10.0,0.0,0.0,10.0,0.0,0.0,-1930.0,3330.0,yonden
2017,3,2017-03-17,03:00,3470.0,880.0,4260.0,220.0,－－－－－－－－－－,10.0,0.0,0.0,20.0,0.0,0.0,-1920.0,3470.0,yonden
2017,3,2017-03-17,04:00,3480.0,880.0,4290.0,190.0,－－－－－－－－－－,10.0,0.0,0.0,30.0,0.0,0.0,-1920.0,3480.0,yonden
2017,3,2017-03-17,05:00,3420.0,880.0,4260.0,170.0,－－－－－－－－－－,10.0,0.0,0.0,30.0,0.0,0.0,-1930.0,3420.0,yonden
2017,3,2017-03-17,06:00,3510.0,880.0,4300.0,170.0,－－－－－－－－－－,10.0,50.0,0.0,30.0,0.0,0.0,-1930.0,3510.0,yonden
2017,3,2017-03-17,07:00,3420.0,880.0,4130.0,130.0,－－－－－－－－－－,10.0,330.0,0.0,30.0,0.0,0.0,-2090.0,3420.0,yonden
2017,3,2017-03-17,08:00,3540.0,880.0,4010.0,130.0,－－－－－－－－－－,10.0,690.0,0.0,20.0,0.0,0.0,-2200.0,3540.0,yonden
2017,3,2017-03-17,09:00,3560.0,880.0,3800.0,180.0,－－－－－－－－－－,10.0,1050.0,0.0,20.0,0.0,0.0,-2380.0,3560.0,yonden
2017,3,2017-03-17,10:00,3460.0,880.0,3770.0,180.0,－－－－－－－－－－,10.0,1300.0,0.0,20.0,0.0,-260.0,-2440.0,3460.0,yonden
2017,3,2017-03-17,11:00,3420.0,880.0,3740.0,160.0,－－－－－－－－－－,10.0,1410.0,0.0,30.0,0.0,-350.0,-2460.0,3420.0,yonden
2017,3,2017-03-17,12:00,3230.0,880.0,3750.0,170.0,－－－－－－－－－－,10.0,1460.0,0.0,30.0,0.0,-590.0,-2480.0,3230.0,yonden
2017,3,2017-03-17,13:00,3380.0,880.0,3700.0,150.0,－－－－－－－－－－,10.0,1410.0,0.0,30.0,0.0,-350.0,-2450.0,3380.0,yonden
2017,3,2017-03-17,14:00,3360.0,880.0,3760.0,140.0,－－－－－－－－－－,10.0,1240.0,0.0,30.0,0.0,-250.0,-2450.0,3360.0,yonden
2017,3,2017-03-17,15:00,3330.0,880.0,3700.0,150.0,－－－－－－－－－－,10.0,950.0,0.0,30.0,0.0,0.0,-2390.0,3330.0,yonden
2017,3,2017-03-17,16:00,3400.0,880.0,3860.0,170.0,－－－－－－－－－－,10.0,580.0,0.0,30.0,0.0,0.0,-2130.0,3400.0,yonden
2017,3,2017-03-17,17:00,3410.0,880.0,3610.0,290.0,－－－－－－－－－－,10.0,200.0,0.0,20.0,0.0,0.0,-1600.0,3410.0,yonden
2017,3,2017-03-17,18:00,3540.0,880.0,3460.0,410.0,－－－－－－－－－－,10.0,0.0,0.0,30.0,0.0,110.0,-1360.0,3540.0,yonden
2017,3,2017-03-17,19:00,3550.0,880.0,3500.0,330.0,－－－－－－－－－－,10.0,0.0,0.0,30.0,0.0,140.0,-1340.0,3550.0,yonden
2017,3,2017-03-17,20:00,3440.0,880.0,3440.0,220.0,－－－－－－－－－－,10.0,0.0,0.0,30.0,0.0,140.0,-1280.0,3440.0,yonden
2017,3,2017-03-17,21:00,3260.0,880.0,3340.0,190.0,－－－－－－－－－－,10.0,0.0,0.0,40.0,0.0,90.0,-1290.0,3260.0,yonden
2017,3,2017-03-17,22:00,3030.0,880.0,3240.0,170.0,－－－－－－－－－－,10.0,0.0,0.0,20.0,0.0,0.0,-1290.0,3030.0,yonden
2017,3,2017-03-17,23:00,2930.0,880.0,3140.0,120.0,－－－－－－－－－－,10.0,0.0,0.0,10.0,0.0,0.0,-1230.0,2930.0,yonden
2017,3,2017-03-18,00:00,2890.0,880.0,2900.0,120.0,－－－－－－－－－－,10.0,0.0,0.0,10.0,0.0,0.0,-1030.0,2890.0,yonden
2017,3,2017-03-18,01:00,3020.0,880.0,2860.0,120.0,－－－－－－－－－－,10.0,0.0,0.0,10.0,0.0,100.0,-960.0,3020.0,yonden
2017,3,2017-03-18,02:00,3250.0,880.0,2820.0,170.0,－－－－－－－－－－,10.0,0.0,0.0,10.0,0.0,200.0,-840.0,3250.0,yonden
2017,3,2017-03-18,03:00,3350.0,880.0,2850.0,230.0,－－－－－－－－－－,10.0,0.0,0.0,0.0,0.0,140.0,-760.0,3350.0,yonden
2017,3,2017-03-18,04:00,3320.0,880.0,2850.0,200.0,－－－－－－－－－－,10.0,0.0,0.0,0.0,0.0,140.0,-760.0,3320.0,yonden
2017,3,2017-03-18,05:00,3190.0,880.0,2840.0,180.0,－－－－－－－－－－,10.0,0.0,0.0,0.0,0.0,150.0,-870.0,3190.0,yonden
2017,3,2017-03-18,06:00,3100.0,880.0,2820.0,220.0,－－－－－－－－－－,10.0,50.0,0.0,0.0,0.0,60.0,-940.0,3100.0,yonden
2017,3,2017-03-18,07:00,3000.0,880.0,2680.0,100.0,－－－－－－－－－－,10.0,310.0,0.0,0.0,0.0,0.0,-980.0,3000.0,yonden
2017,3,2017-03-18,08:00,3100.0,880.0,2570.0,110.0,－－－－－－－－－－,10.0,620.0,0.0,0.0,0.0,-50.0,-1040.0,3100.0,yonden
2017,3,2017-03-18,09:00,3050.0,880.0,2540.0,170.0,－－－－－－－－－－,10.0,930.0,0.0,0.0,0.0,-360.0,-1120.0,3050.0,yonden
2017,3,2017-03-18,10:00,2940.0,880.0,2420.0,170.0,－－－－－－－－－－,10.0,1200.0,0.0,0.0,0.0,-600.0,-1140.0,2940.0,yonden
2017,3,2017-03-18,11:00,2910.0,880.0,2410.0,150.0,－－－－－－－－－－,10.0,1260.0,0.0,0.0,0.0,-590.0,-1210.0,2910.0,yonden
2017,3,2017-03-18,12:00,2830.0,880.0,2310.0,120.0,－－－－－－－－－－,10.0,1170.0,0.0,0.0,0.0,-420.0,-1240.0,2830.0,yonden
2017,3,2017-03-18,13:00,2880.0,880.0,2380.0,130.0,－－－－－－－－－－,10.0,820.0,0.0,0.0,0.0,-100.0,-1240.0,2880.0,yonden
2017,3,2017-03-18,14:00,2910.0,880.0,2560.0,160.0,－－－－－－－－－－,10.0,450.0,0.0,0.0,0.0,170.0,-1320.0,2910.0,yonden
2017,3,2017-03-18,15:00,2960.0,880.0,2770.0,180.0,－－－－－－－－－－,10.0,200.0,0.0,0.0,0.0,310.0,-1390.0,2960.0,yonden
2017,3,2017-03-18,16:00,3020.0,880.0,2810.0,160.0,－－－－－－－－－－,10.0,140.0,0.0,0.0,0.0,210.0,-1190.0,3020.0,yonden
2017,3,2017-03-18,17:00,3130.0,880.0,2830.0,220.0,－－－－－－－－－－,10.0,80.0,0.0,0.0,0.0,250.0,-1140.0,3130.0,yonden
2017,3,2017-03-18,18:00,3310.0,880.0,2840.0,400.0,－－－－－－－－－－,10.0,0.0,0.0,10.0,0.0,260.0,-1090.0,3310.0,yonden
2017,3,2017-03-18,19:00,3300.0,880.0,2830.0,330.0,－－－－－－－－－－,10.0,0.0,0.0,10.0,0.0,300.0,-1060.0,3300.0,yonden
2017,3,2017-03-18,20:00,3160.0,880.0,2860.0,200.0,－－－－－－－－－－,10.0,0.0,0.0,0.0,0.0,280.0,-1070.0,3160.0,yonden
2017,3,2017-03-18,21:00,3020.0,880.0,2890.0,180.0,－－－－－－－－－－,10.0,0.0,0.0,0.0,0.0,110.0,-1050.0,3020.0,yonden
2017,3,2017-03-18,22:00,2810.0,880.0,2830.0,140.0,－－－－－－－－－－,10.0,0.0,0.0,10.0,0.0,0.0,-1060.0,2810.0,yonden
2017,3,2017-03-18,23:00,2730.0,880.0,2770.0,120.0,－－－－－－－－－－,10.0,0.0,0.0,10.0,0.0,0.0,-1060.0,2730.0,yonden
2017,3,2017-03-19,00:00,2710.0,880.0,2770.0,120.0,－－－－－－－－－－,10.0,0.0,0.0,10.0,0.0,0.0,-1080.0,2710.0,yonden
2017,3,2017-03-19,01:00,2830.0,880.0,2830.0,110.0,－－－－－－－－－－,10.0,0.0,0.0,10.0,0.0,0.0,-1010.0,2830.0,yonden
2017,3,2017-03-19,02:00,3060.0,880.0,2880.0,140.0,－－－－－－－－－－,10.0,0.0,0.0,20.0,0.0,100.0,-970.0,3060.0,yonden
2017,3,2017-03-19,03:00,3190.0,880.0,2890.0,220.0,－－－－－－－－－－,10.0,0.0,0.0,20.0,0.0,160.0,-990.0,3190.0,yonden
2017,3,2017-03-19,04:00,3170.0,880.0,2880.0,170.0,－－－－－－－－－－,10.0,0.0,0.0,20.0,0.0,190.0,-980.0,3170.0,yonden
2017,3,2017-03-19,05:00,3000.0,880.0,2880.0,160.0,－－－－－－－－－－,10.0,0.0,0.0,30.0,0.0,40.0,-1000.0,3000.0,yonden
2017,3,2017-03-19,06:00,2830.0,880.0,2780.0,160.0,－－－－－－－－－－,10.0,40.0,0.0,20.0,0.0,0.0,-1060.0,2830.0,yonden
2017,3,2017-03-19,07:00,2710.0,880.0,2680.0,130.0,－－－－－－－－－－,10.0,300.0,0.0,20.0,0.0,0.0,-1310.0,2710.0,yonden
2017,3,2017-03-19,08:00,2700.0,880.0,2600.0,130.0,－－－－－－－－－－,10.0,640.0,0.0,20.0,0.0,0.0,-1580.0,2700.0,yonden
2017,3,2017-03-19,09:00,2620.0,880.0,2470.0,170.0,－－－－－－－－－－,10.0,970.0,0.0,20.0,0.0,-130.0,-1770.0,2620.0,yonden
2017,3,2017-03-19,10:00,2540.0,880.0,2490.0,160.0,－－－－－－－－－－,10.0,1220.0,0.0,20.0,0.0,-540.0,-1700.0,2540.0,yonden
2017,3,2017-03-19,11:00,2500.0,880.0,2400.0,140.0,－－－－－－－－－－,10.0,1360.0,0.0,20.0,0.0,-600.0,-1710.0,2500.0,yonden
2017,3,2017-03-19,12:00,2480.0,880.0,2370.0,100.0,－－－－－－－－－－,10.0,1410.0,0.0,20.0,0.0,-600.0,-1710.0,2480.0,yonden
2017,3,2017-03-19,13:00,2440.0,880.0,2370.0,90.0,－－－－－－－－－－,10.0,1350.0,0.0,20.0,0.0,-590.0,-1690.0,2440.0,yonden
2017,3,2017-03-19,14:00,2430.0,880.0,2380.0,90.0,－－－－－－－－－－,10.0,1170.0,0.0,20.0,0.0,-420.0,-1700.0,2430.0,yonden
2017,3,2017-03-19,15:00,2450.0,880.0,2380.0,110.0,－－－－－－－－－－,10.0,880.0,0.0,10.0,0.0,-240.0,-1580.0,2450.0,yonden
2017,3,2017-03-19,16:00,2520.0,880.0,2290.0,100.0,－－－－－－－－－－,10.0,540.0,0.0,10.0,0.0,0.0,-1310.0,2520.0,yonden
2017,3,2017-03-19,17:00,2690.0,880.0,2610.0,140.0,－－－－－－－－－－,10.0,180.0,0.0,10.0,0.0,0.0,-1140.0,2690.0,yonden
2017,3,2017-03-19,18:00,2900.0,880.0,2780.0,300.0,－－－－－－－－－－,10.0,0.0,0.0,10.0,0.0,0.0,-1080.0,2900.0,yonden
2017,3,2017-03-19,19:00,2970.0,880.0,2810.0,320.0,－－－－－－－－－－,10.0,0.0,0.0,20.0,0.0,0.0,-1070.0,2970.0,yonden
2017,3,2017-03-19,20:00,2920.0,880.0,2820.0,240.0,－－－－－－－－－－,10.0,0.0,0.0,20.0,0.0,0.0,-1050.0,2920.0,yonden
2017,3,2017-03-19,21:00,2800.0,880.0,2810.0,150.0,－－－－－－－－－－,10.0,0.0,0.0,10.0,0.0,0.0,-1060.0,2800.0,yonden
2017,3,2017-03-19,22:00,2620.0,880.0,2710.0,120.0,－－－－－－－－－－,10.0,0.0,0.0,10.0,0.0,0.0,-1110.0,2620.0,yonden
2017,3,2017-03-19,23:00,2540.0,880.0,2660.0,120.0,－－－－－－－－－－,10.0,0.0,0.0,10.0,0.0,0.0,-1140.0,2540.0,yonden
2017,3,2017-03-20,00:00,2520.0,880.0,2530.0,120.0,－－－－－－－－－－,10.0,0.0,0.0,20.0,0.0,0.0,-1040.0,2520.0,yonden
2017,3,2017-03-20,01:00,2650.0,880.0,2590.0,110.0,－－－－－－－－－－,10.0,0.0,0.0,20.0,0.0,0.0,-960.0,2650.0,yonden
2017,3,2017-03-20,02:00,2910.0,880.0,2800.0,140.0,－－－－－－－－－－,10.0,0.0,0.0,20.0,0.0,0.0,-940.0,2910.0,yonden
2017,3,2017-03-20,03:00,3060.0,880.0,2780.0,220.0,－－－－－－－－－－,10.0,0.0,0.0,10.0,0.0,150.0,-990.0,3060.0,yonden
2017,3,2017-03-20,04:00,3070.0,880.0,2810.0,130.0,－－－－－－－－－－,10.0,0.0,0.0,10.0,0.0,180.0,-950.0,3070.0,yonden
2017,3,2017-03-20,05:00,2950.0,880.0,2840.0,150.0,－－－－－－－－－－,10.0,0.0,0.0,10.0,0.0,0.0,-940.0,2950.0,yonden
2017,3,2017-03-20,06:00,2840.0,880.0,2720.0,140.0,－－－－－－－－－－,10.0,50.0,0.0,20.0,0.0,0.0,-980.0,2840.0,yonden
2017,3,2017-03-20,07:00,2730.0,880.0,2560.0,90.0,－－－－－－－－－－,10.0,330.0,0.0,20.0,0.0,0.0,-1160.0,2730.0,yonden
2017,3,2017-03-20,08:00,2810.0,880.0,2480.0,110.0,－－－－－－－－－－,10.0,670.0,0.0,20.0,0.0,0.0,-1360.0,2810.0,yonden
2017,3,2017-03-20,09:00,2820.0,880.0,2530.0,180.0,－－－－－－－－－－,10.0,1000.0,0.0,10.0,0.0,-170.0,-1620.0,2820.0,yonden
2017,3,2017-03-20,10:00,2790.0,880.0,2540.0,160.0,－－－－－－－－－－,10.0,1150.0,0.0,10.0,0.0,-300.0,-1660.0,2790.0,yonden
2017,3,2017-03-20,11:00,2800.0,880.0,2660.0,140.0,－－－－－－－－－－,10.0,1120.0,0.0,10.0,0.0,-300.0,-1720.0,2800.0,yonden
2017,3,2017-03-20,12:00,2710.0,880.0,2400.0,120.0,－－－－－－－－－－,10.0,980.0,0.0,10.0,0.0,-50.0,-1640.0,2710.0,yonden
2017,3,2017-03-20,13:00,2730.0,880.0,2480.0,130.0,－－－－－－－－－－,10.0,700.0,0.0,10.0,0.0,0.0,-1480.0,2730.0,yonden
2017,3,2017-03-20,14:00,2710.0,880.0,2590.0,120.0,－－－－－－－－－－,10.0,370.0,0.0,20.0,0.0,0.0,-1280.0,2710.0,yonden
2017,3,2017-03-20,15:00,2740.0,880.0,2700.0,160.0,－－－－－－－－－－,10.0,120.0,0.0,50.0,0.0,0.0,-1180.0,2740.0,yonden
2017,3,2017-03-20,16:00,2930.0,880.0,2870.0,150.0,－－－－－－－－－－,10.0,50.0,0.0,50.0,0.0,0.0,-1080.0,2930.0,yonden
2017,3,2017-03-20,17:00,3150.0,880.0,2970.0,240.0,－－－－－－－－－－,10.0,20.0,0.0,70.0,0.0,0.0,-1040.0,3150.0,yonden
2017,3,2017-03-20,18:00,3310.0,880.0,3040.0,410.0,－－－－－－－－－－,10.0,0.0,0.0,60.0,0.0,0.0,-1090.0,3310.0,yonden
2017,3,2017-03-20,19:00,3300.0,880.0,3000.0,290.0,－－－－－－－－－－,10.0,0.0,0.0,70.0,0.0,80.0,-1030.0,3300.0,yonden
2017,3,2017-03-20,20:00,3230.0,880.0,3000.0,180.0,－－－－－－－－－－,10.0,0.0,0.0,60.0,0.0,150.0,-1050.0,3230.0,yonden
2017,3,2017-03-20,21:00,3070.0,880.0,2950.0,160.0,－－－－－－－－－－,10.0,0.0,0.0,40.0,0.0,90.0,-1060.0,3070.0,yonden
2017,3,2017-03-20,22:00,2840.0,880.0,2910.0,90.0,－－－－－－－－－－,10.0,0.0,0.0,40.0,0.0,0.0,-1090.0,2840.0,yonden
2017,3,2017-03-20,23:00,2730.0,880.0,2810.0,90.0,－－－－－－－－－－,10.0,0.0,0.0,40.0,0.0,0.0,-1100.0,2730.0,yonden
2017,3,2017-03-21,00:00,2690.0,880.0,2790.0,110.0,－－－－－－－－－－,10.0,0.0,0.0,40.0,0.0,0.0,-1140.0,2690.0,yonden
2017,3,2017-03-21,01:00,2820.0,880.0,2840.0,110.0,－－－－－－－－－－,10.0,0.0,0.0,40.0,0.0,0.0,-1060.0,2820.0,yonden
2017,3,2017-03-21,02:00,3050.0,880.0,2980.0,180.0,－－－－－－－－－－,10.0,0.0,0.0,40.0,0.0,0.0,-1040.0,3050.0,yonden
2017,3,2017-03-21,03:00,3190.0,880.0,3080.0,250.0,－－－－－－－－－－,10.0,0.0,0.0,20.0,0.0,0.0,-1050.0,3190.0,yonden
2017,3,2017-03-21,04:00,3190.0,880.0,3060.0,200.0,－－－－－－－－－－,10.0,0.0,0.0,20.0,0.0,0.0,-980.0,3190.0,yonden
2017,3,2017-03-21,05:00,3090.0,880.0,2970.0,150.0,－－－－－－－－－－,10.0,0.0,0.0,20.0,0.0,0.0,-940.0,3090.0,yonden
2017,3,2017-03-21,06:00,3090.0,880.0,2950.0,150.0,－－－－－－－－－－,10.0,20.0,0.0,10.0,0.0,0.0,-930.0,3090.0,yonden
2017,3,2017-03-21,07:00,3210.0,880.0,3050.0,120.0,－－－－－－－－－－,10.0,60.0,0.0,20.0,0.0,0.0,-930.0,3210.0,yonden
2017,3,2017-03-21,08:00,3660.0,880.0,3410.0,230.0,－－－－－－－－－－,10.0,80.0,0.0,50.0,0.0,50.0,-1050.0,3660.0,yonden
2017,3,2017-03-21,09:00,3850.0,880.0,3460.0,270.0,－－－－－－－－－－,10.0,110.0,0.0,50.0,0.0,180.0,-1110.0,3850.0,yonden
2017,3,2017-03-21,10:00,3800.0,880.0,3460.0,210.0,－－－－－－－－－－,10.0,140.0,0.0,50.0,0.0,190.0,-1140.0,3800.0,yonden
2017,3,2017-03-21,11:00,3690.0,880.0,3440.0,170.0,－－－－－－－－－－,10.0,250.0,0.0,80.0,0.0,110.0,-1250.0,3690.0,yonden
2017,3,2017-03-21,12:00,3340.0,880.0,3090.0,150.0,－－－－－－－－－－,10.0,510.0,0.0,110.0,0.0,0.0,-1410.0,3340.0,yonden
2017,3,2017-03-21,13:00,3500.0,880.0,3100.0,160.0,－－－－－－－－－－,10.0,600.0,0.0,120.0,0.0,0.0,-1370.0,3500.0,yonden
2017,3,2017-03-21,14:00,3490.0,880.0,3090.0,180.0,－－－－－－－－－－,10.0,450.0,0.0,110.0,0.0,0.0,-1230.0,3490.0,yonden
2017,3,2017-03-21,15:00,3460.0,880.0,3110.0,170.0,－－－－－－－－－－,10.0,360.0,0.0,100.0,0.0,0.0,-1170.0,3460.0,yonden
2017,3,2017-03-21,16:00,3560.0,880.0,3160.0,190.0,－－－－－－－－－－,10.0,290.0,0.0,100.0,0.0,0.0,-1070.0,3560.0,yonden
2017,3,2017-03-21,17:00,3580.0,880.0,3280.0,290.0,－－－－－－－－－－,10.0,80.0,0.0,110.0,0.0,0.0,-1070.0,3580.0,yonden
2017,3,2017-03-21,18:00,3690.0,880.0,3300.0,500.0,－－－－－－－－－－,10.0,0.0,0.0,110.0,0.0,0.0,-1110.0,3690.0,yonden
2017,3,2017-03-21,19:00,3610.0,880.0,3250.0,430.0,－－－－－－－－－－,10.0,0.0,0.0,110.0,0.0,0.0,-1070.0,3610.0,yonden
2017,3,2017-03-21,20:00,3460.0,880.0,3200.0,300.0,－－－－－－－－－－,10.0,0.0,0.0,110.0,0.0,0.0,-1040.0,3460.0,yonden
2017,3,2017-03-21,21:00,3250.0,880.0,3070.0,220.0,－－－－－－－－－－,10.0,0.0,0.0,120.0,0.0,0.0,-1050.0,3250.0,yonden
2017,3,2017-03-21,22:00,3010.0,880.0,2910.0,160.0,－－－－－－－－－－,10.0,0.0,0.0,110.0,0.0,0.0,-1060.0,3010.0,yonden
2017,3,2017-03-21,23:00,2880.0,880.0,2820.0,140.0,－－－－－－－－－－,10.0,0.0,0.0,110.0,0.0,0.0,-1080.0,2880.0,yonden
2017,3,2017-03-22,00:00,2800.0,880.0,2700.0,140.0,－－－－－－－－－－,10.0,0.0,0.0,110.0,0.0,0.0,-1040.0,2800.0,yonden
2017,3,2017-03-22,01:00,2950.0,880.0,2830.0,160.0,－－－－－－－－－－,10.0,0.0,0.0,110.0,0.0,0.0,-1040.0,2950.0,yonden
2017,3,2017-03-22,02:00,3190.0,880.0,2940.0,170.0,－－－－－－－－－－,10.0,0.0,0.0,110.0,0.0,0.0,-920.0,3190.0,yonden
2017,3,2017-03-22,03:00,3340.0,880.0,3030.0,230.0,－－－－－－－－－－,10.0,0.0,0.0,120.0,0.0,0.0,-930.0,3340.0,yonden
2017,3,2017-03-22,04:00,3350.0,880.0,3030.0,220.0,－－－－－－－－－－,10.0,0.0,0.0,110.0,0.0,0.0,-900.0,3350.0,yonden
2017,3,2017-03-22,05:00,3310.0,880.0,2970.0,190.0,－－－－－－－－－－,10.0,0.0,0.0,90.0,0.0,0.0,-830.0,3310.0,yonden
2017,3,2017-03-22,06:00,3350.0,880.0,2980.0,190.0,－－－－－－－－－－,10.0,70.0,0.0,80.0,0.0,0.0,-860.0,3350.0,yonden
2017,3,2017-03-22,07:00,3280.0,880.0,2810.0,120.0,－－－－－－－－－－,10.0,360.0,0.0,50.0,0.0,0.0,-950.0,3280.0,yonden
2017,3,2017-03-22,08:00,3460.0,880.0,2820.0,220.0,－－－－－－－－－－,10.0,730.0,0.0,40.0,0.0,0.0,-1240.0,3460.0,yonden
2017,3,2017-03-22,09:00,3530.0,880.0,2810.0,210.0,－－－－－－－－－－,10.0,1070.0,0.0,30.0,0.0,0.0,-1480.0,3530.0,yonden
2017,3,2017-03-22,10:00,3490.0,880.0,2770.0,200.0,－－－－－－－－－－,10.0,1280.0,0.0,30.0,0.0,0.0,-1680.0,3490.0,yonden
2017,3,2017-03-22,11:00,3450.0,880.0,2750.0,150.0,－－－－－－－－－－,10.0,1330.0,0.0,20.0,0.0,0.0,-1690.0,3450.0,yonden
2017,3,2017-03-22,12:00,3260.0,880.0,2630.0,130.0,－－－－－－－－－－,10.0,1310.0,0.0,20.0,0.0,0.0,-1720.0,3260.0,yonden
2017,3,2017-03-22,13:00,3410.0,880.0,2690.0,120.0,－－－－－－－－－－,10.0,1260.0,0.0,30.0,0.0,0.0,-1580.0,3410.0,yonden
2017,3,2017-03-22,14:00,3380.0,880.0,2770.0,120.0,－－－－－－－－－－,10.0,970.0,0.0,30.0,0.0,0.0,-1400.0,3380.0,yonden
2017,3,2017-03-22,15:00,3310.0,880.0,2710.0,120.0,－－－－－－－－－－,10.0,780.0,0.0,20.0,0.0,0.0,-1210.0,3310.0,yonden
2017,3,2017-03-22,16:00,3370.0,880.0,2850.0,130.0,－－－－－－－－－－,10.0,530.0,0.0,20.0,0.0,0.0,-1050.0,3370.0,yonden
2017,3,2017-03-22,17:00,3400.0,880.0,3120.0,200.0,－－－－－－－－－－,10.0,190.0,0.0,10.0,0.0,0.0,-1010.0,3400.0,yonden
2017,3,2017-03-22,18:00,3570.0,880.0,3290.0,460.0,－－－－－－－－－－,10.0,0.0,0.0,10.0,0.0,0.0,-1080.0,3570.0,yonden
2017,3,2017-03-22,19:00,3580.0,880.0,3370.0,390.0,－－－－－－－－－－,10.0,0.0,0.0,20.0,0.0,0.0,-1090.0,3580.0,yonden
2017,3,2017-03-22,20:00,3460.0,880.0,3340.0,250.0,－－－－－－－－－－,10.0,0.0,0.0,20.0,0.0,0.0,-1040.0,3460.0,yonden
2017,3,2017-03-22,21:00,3250.0,880.0,3150.0,190.0,－－－－－－－－－－,10.0,0.0,0.0,20.0,0.0,0.0,-1000.0,3250.0,yonden
2017,3,2017-03-22,22:00,3010.0,880.0,3010.0,140.0,－－－－－－－－－－,10.0,0.0,0.0,20.0,0.0,0.0,-1050.0,3010.0,yonden
2017,3,2017-03-22,23:00,2870.0,880.0,2900.0,130.0,－－－－－－－－－－,10.0,0.0,0.0,10.0,0.0,0.0,-1060.0,2870.0,yonden
2017,3,2017-03-23,00:00,2800.0,880.0,2850.0,150.0,－－－－－－－－－－,10.0,0.0,0.0,10.0,0.0,0.0,-1100.0,2800.0,yonden
2017,3,2017-03-23,01:00,2940.0,880.0,2950.0,140.0,－－－－－－－－－－,10.0,0.0,0.0,10.0,0.0,0.0,-1050.0,2940.0,yonden
2017,3,2017-03-23,02:00,3180.0,880.0,3070.0,160.0,－－－－－－－－－－,10.0,0.0,0.0,0.0,0.0,0.0,-940.0,3180.0,yonden
2017,3,2017-03-23,03:00,3330.0,880.0,3170.0,210.0,－－－－－－－－－－,10.0,0.0,0.0,0.0,0.0,0.0,-940.0,3330.0,yonden
2017,3,2017-03-23,04:00,3340.0,880.0,3180.0,200.0,－－－－－－－－－－,10.0,0.0,0.0,0.0,0.0,0.0,-930.0,3340.0,yonden
2017,3,2017-03-23,05:00,3270.0,880.0,3100.0,160.0,－－－－－－－－－－,10.0,0.0,0.0,0.0,0.0,0.0,-880.0,3270.0,yonden
2017,3,2017-03-23,06:00,3270.0,880.0,3200.0,130.0,－－－－－－－－－－,10.0,20.0,0.0,0.0,0.0,0.0,-970.0,3270.0,yonden
2017,3,2017-03-23,07:00,3280.0,880.0,3330.0,100.0,－－－－－－－－－－,10.0,50.0,0.0,0.0,0.0,0.0,-1090.0,3280.0,yonden
2017,3,2017-03-23,08:00,3660.0,880.0,3480.0,170.0,－－－－－－－－－－,10.0,90.0,0.0,0.0,0.0,90.0,-1060.0,3660.0,yonden
2017,3,2017-03-23,09:00,3750.0,880.0,3450.0,230.0,－－－－－－－－－－,10.0,190.0,0.0,0.0,0.0,80.0,-1090.0,3750.0,yonden
2017,3,2017-03-23,10:00,3680.0,880.0,3260.0,190.0,－－－－－－－－－－,10.0,410.0,0.0,0.0,0.0,0.0,-1070.0,3680.0,yonden
2017,3,2017-03-23,11:00,3640.0,880.0,3260.0,150.0,－－－－－－－－－－,10.0,470.0,0.0,0.0,0.0,0.0,-1130.0,3640.0,yonden
2017,3,2017-03-23,12:00,3360.0,880.0,3090.0,110.0,－－－－－－－－－－,10.0,480.0,0.0,0.0,0.0,0.0,-1210.0,3360.0,yonden
2017,3,2017-03-23,13:00,3510.0,880.0,3310.0,110.0,－－－－－－－－－－,10.0,410.0,0.0,0.0,0.0,0.0,-1210.0,3510.0,yonden
2017,3,2017-03-23,14:00,3500.0,880.0,3490.0,150.0,－－－－－－－－－－,10.0,310.0,0.0,0.0,0.0,70.0,-1410.0,3500.0,yonden
2017,3,2017-03-23,15:00,3490.0,880.0,3500.0,160.0,－－－－－－－－－－,10.0,230.0,0.0,0.0,0.0,140.0,-1430.0,3490.0,yonden
2017,3,2017-03-23,16:00,3570.0,880.0,3420.0,140.0,－－－－－－－－－－,10.0,160.0,0.0,10.0,0.0,140.0,-1190.0,3570.0,yonden
2017,3,2017-03-23,17:00,3630.0,880.0,3430.0,210.0,－－－－－－－－－－,10.0,40.0,0.0,10.0,0.0,140.0,-1090.0,3630.0,yonden
2017,3,2017-03-23,18:00,3770.0,880.0,3380.0,460.0,－－－－－－－－－－,10.0,0.0,0.0,10.0,0.0,140.0,-1110.0,3770.0,yonden
2017,3,2017-03-23,19:00,3680.0,880.0,3430.0,440.0,－－－－－－－－－－,10.0,0.0,0.0,10.0,0.0,10.0,-1100.0,3680.0,yonden
2017,3,2017-03-23,20:00,3520.0,880.0,3420.0,240.0,－－－－－－－－－－,10.0,0.0,0.0,10.0,0.0,0.0,-1040.0,3520.0,yonden
2017,3,2017-03-23,21:00,3300.0,880.0,3300.0,170.0,－－－－－－－－－－,10.0,0.0,0.0,10.0,0.0,0.0,-1070.0,3300.0,yonden
2017,3,2017-03-23,22:00,3070.0,880.0,3120.0,130.0,－－－－－－－－－－,10.0,0.0,0.0,10.0,0.0,0.0,-1080.0,3070.0,yonden
2017,3,2017-03-23,23:00,2960.0,880.0,2970.0,120.0,－－－－－－－－－－,10.0,0.0,0.0,20.0,0.0,0.0,-1040.0,2960.0,yonden
2017,3,2017-03-24,00:00,2910.0,880.0,2950.0,100.0,－－－－－－－－－－,10.0,0.0,0.0,30.0,0.0,0.0,-1060.0,2910.0,yonden
2017,3,2017-03-24,01:00,3020.0,880.0,3030.0,100.0,－－－－－－－－－－,10.0,0.0,0.0,30.0,0.0,0.0,-1030.0,3020.0,yonden
2017,3,2017-03-24,02:00,3260.0,880.0,3120.0,130.0,－－－－－－－－－－,10.0,0.0,0.0,50.0,0.0,0.0,-930.0,3260.0,yonden
2017,3,2017-03-24,03:00,3370.0,880.0,3150.0,190.0,－－－－－－－－－－,10.0,0.0,0.0,50.0,0.0,0.0,-910.0,3370.0,yonden
2017,3,2017-03-24,04:00,3380.0,880.0,3100.0,200.0,－－－－－－－－－－,10.0,0.0,0.0,70.0,0.0,0.0,-880.0,3380.0,yonden
2017,3,2017-03-24,05:00,3320.0,880.0,2980.0,180.0,－－－－－－－－－－,10.0,0.0,0.0,90.0,0.0,0.0,-820.0,3320.0,yonden
2017,3,2017-03-24,06:00,3350.0,880.0,3070.0,190.0,－－－－－－－－－－,10.0,60.0,0.0,80.0,0.0,0.0,-940.0,3350.0,yonden
2017,3,2017-03-24,07:00,3300.0,880.0,2990.0,130.0,－－－－－－－－－－,10.0,310.0,0.0,70.0,0.0,0.0,-1090.0,3300.0,yonden
2017,3,2017-03-24,08:00,3540.0,880.0,3040.0,160.0,－－－－－－－－－－,10.0,610.0,0.0,60.0,0.0,0.0,-1220.0,3540.0,yonden
2017,3,2017-03-24,09:00,3570.0,880.0,2820.0,160.0,－－－－－－－－－－,10.0,940.0,0.0,50.0,0.0,0.0,-1290.0,3570.0,yonden
2017,3,2017-03-24,10:00,3530.0,880.0,2670.0,130.0,－－－－－－－－－－,10.0,1100.0,0.0,60.0,0.0,0.0,-1320.0,3530.0,yonden
2017,3,2017-03-24,11:00,3520.0,880.0,2600.0,100.0,－－－－－－－－－－,10.0,1160.0,0.0,60.0,0.0,0.0,-1290.0,3520.0,yonden
2017,3,2017-03-24,12:00,3320.0,880.0,2610.0,100.0,－－－－－－－－－－,10.0,1310.0,0.0,60.0,0.0,-260.0,-1390.0,3320.0,yonden
2017,3,2017-03-24,13:00,3460.0,880.0,2650.0,100.0,－－－－－－－－－－,10.0,1350.0,0.0,60.0,0.0,-300.0,-1290.0,3460.0,yonden
2017,3,2017-03-24,14:00,3400.0,880.0,2810.0,110.0,－－－－－－－－－－,10.0,1070.0,0.0,60.0,0.0,-260.0,-1280.0,3400.0,yonden
2017,3,2017-03-24,15:00,3360.0,880.0,2760.0,120.0,－－－－－－－－－－,10.0,760.0,0.0,60.0,0.0,0.0,-1230.0,3360.0,yonden
2017,3,2017-03-24,16:00,3420.0,880.0,3000.0,160.0,－－－－－－－－－－,10.0,410.0,0.0,50.0,0.0,0.0,-1090.0,3420.0,yonden
2017,3,2017-03-24,17:00,3480.0,880.0,3250.0,270.0,－－－－－－－－－－,10.0,120.0,0.0,30.0,0.0,30.0,-1110.0,3480.0,yonden
2017,3,2017-03-24,18:00,3630.0,880.0,3260.0,410.0,－－－－－－－－－－,10.0,0.0,0.0,30.0,0.0,220.0,-1180.0,3630.0,yonden
2017,3,2017-03-24,19:00,3600.0,880.0,3160.0,410.0,－－－－－－－－－－,10.0,0.0,0.0,20.0,0.0,230.0,-1110.0,3600.0,yonden
2017,3,2017-03-24,20:00,3490.0,880.0,3200.0,220.0,－－－－－－－－－－,10.0,0.0,0.0,20.0,0.0,190.0,-1030.0,3490.0,yonden
2017,3,2017-03-24,21:00,3300.0,880.0,3240.0,200.0,－－－－－－－－－－,10.0,0.0,0.0,30.0,0.0,0.0,-1060.0,3300.0,yonden
2017,3,2017-03-24,22:00,3070.0,880.0,3200.0,130.0,－－－－－－－－－－,10.0,0.0,0.0,30.0,0.0,0.0,-1180.0,3070.0,yonden
2017,3,2017-03-24,23:00,2920.0,880.0,3050.0,120.0,－－－－－－－－－－,10.0,0.0,0.0,30.0,0.0,0.0,-1170.0,2920.0,yonden
2017,3,2017-03-25,00:00,2860.0,880.0,3020.0,140.0,－－－－－－－－－－,10.0,0.0,0.0,30.0,0.0,0.0,-1220.0,2860.0,yonden
2017,3,2017-03-25,01:00,2990.0,880.0,2970.0,160.0,－－－－－－－－－－,10.0,0.0,0.0,30.0,0.0,0.0,-1060.0,2990.0,yonden
2017,3,2017-03-25,02:00,3230.0,880.0,3070.0,220.0,－－－－－－－－－－,10.0,0.0,0.0,40.0,0.0,0.0,-990.0,3230.0,yonden
2017,3,2017-03-25,03:00,3350.0,880.0,3110.0,270.0,－－－－－－－－－－,10.0,0.0,0.0,40.0,0.0,0.0,-960.0,3350.0,yonden
2017,3,2017-03-25,04:00,3340.0,880.0,3130.0,180.0,－－－－－－－－－－,10.0,0.0,0.0,40.0,0.0,0.0,-900.0,3340.0,yonden
2017,3,2017-03-25,05:00,3200.0,880.0,3070.0,150.0,－－－－－－－－－－,10.0,0.0,0.0,40.0,0.0,0.0,-950.0,3200.0,yonden
2017,3,2017-03-25,06:00,3080.0,880.0,3010.0,150.0,－－－－－－－－－－,10.0,30.0,0.0,50.0,0.0,0.0,-1050.0,3080.0,yonden
2017,3,2017-03-25,07:00,3010.0,880.0,2950.0,110.0,－－－－－－－－－－,10.0,80.0,0.0,40.0,0.0,0.0,-1060.0,3010.0,yonden
2017,3,2017-03-25,08:00,3290.0,880.0,3150.0,120.0,－－－－－－－－－－,10.0,160.0,0.0,30.0,0.0,0.0,-1060.0,3290.0,yonden
2017,3,2017-03-25,09:00,3370.0,880.0,3130.0,160.0,－－－－－－－－－－,10.0,340.0,0.0,20.0,0.0,0.0,-1170.0,3370.0,yonden
2017,3,2017-03-25,10:00,3310.0,880.0,2910.0,170.0,－－－－－－－－－－,10.0,650.0,0.0,10.0,0.0,0.0,-1320.0,3310.0,yonden
2017,3,2017-03-25,11:00,3280.0,880.0,2690.0,120.0,－－－－－－－－－－,10.0,790.0,0.0,10.0,0.0,0.0,-1220.0,3280.0,yonden
2017,3,2017-03-25,12:00,3090.0,880.0,2730.0,100.0,－－－－－－－－－－,10.0,730.0,0.0,0.0,0.0,0.0,-1360.0,3090.0,yonden
2017,3,2017-03-25,13:00,3120.0,880.0,2680.0,90.0,－－－－－－－－－－,10.0,590.0,0.0,0.0,0.0,0.0,-1130.0,3120.0,yonden
2017,3,2017-03-25,14:00,3100.0,880.0,2950.0,90.0,－－－－－－－－－－,10.0,300.0,0.0,0.0,0.0,0.0,-1130.0,3100.0,yonden
2017,3,2017-03-25,15:00,3120.0,880.0,3000.0,110.0,－－－－－－－－－－,10.0,180.0,0.0,0.0,0.0,0.0,-1060.0,3120.0,yonden
2017,3,2017-03-25,16:00,3220.0,880.0,3220.0,120.0,－－－－－－－－－－,10.0,90.0,0.0,0.0,0.0,0.0,-1100.0,3220.0,yonden
2017,3,2017-03-25,17:00,3350.0,880.0,3370.0,180.0,－－－－－－－－－－,10.0,30.0,0.0,0.0,0.0,0.0,-1120.0,3350.0,yonden
2017,3,2017-03-25,18:00,3490.0,880.0,3430.0,270.0,－－－－－－－－－－,10.0,0.0,0.0,0.0,0.0,0.0,-1100.0,3490.0,yonden
2017,3,2017-03-25,19:00,3440.0,880.0,3350.0,300.0,－－－－－－－－－－,10.0,0.0,0.0,0.0,0.0,0.0,-1100.0,3440.0,yonden
2017,3,2017-03-25,20:00,3320.0,880.0,3290.0,230.0,－－－－－－－－－－,10.0,0.0,0.0,0.0,0.0,0.0,-1090.0,3320.0,yonden
2017,3,2017-03-25,21:00,3130.0,880.0,3130.0,190.0,－－－－－－－－－－,10.0,0.0,0.0,0.0,0.0,0.0,-1080.0,3130.0,yonden
2017,3,2017-03-25,22:00,2930.0,880.0,3090.0,140.0,－－－－－－－－－－,10.0,0.0,0.0,0.0,0.0,0.0,-1190.0,2930.0,yonden
2017,3,2017-03-25,23:00,2840.0,880.0,2970.0,130.0,－－－－－－－－－－,10.0,0.0,0.0,0.0,0.0,0.0,-1150.0,2840.0,yonden
2017,3,2017-03-26,00:00,2780.0,880.0,2930.0,110.0,－－－－－－－－－－,10.0,0.0,0.0,0.0,0.0,0.0,-1150.0,2780.0,yonden
2017,3,2017-03-26,01:00,2890.0,880.0,2930.0,100.0,－－－－－－－－－－,10.0,0.0,0.0,0.0,0.0,0.0,-1030.0,2890.0,yonden
2017,3,2017-03-26,02:00,3100.0,880.0,3070.0,130.0,－－－－－－－－－－,10.0,0.0,0.0,0.0,0.0,0.0,-990.0,3100.0,yonden
2017,3,2017-03-26,03:00,3220.0,880.0,3090.0,180.0,－－－－－－－－－－,10.0,0.0,0.0,10.0,0.0,0.0,-950.0,3220.0,yonden
2017,3,2017-03-26,04:00,3190.0,880.0,3060.0,170.0,－－－－－－－－－－,10.0,0.0,0.0,10.0,0.0,0.0,-940.0,3190.0,yonden
2017,3,2017-03-26,05:00,3020.0,880.0,2980.0,130.0,－－－－－－－－－－,10.0,0.0,0.0,20.0,0.0,0.0,-1000.0,3020.0,yonden
2017,3,2017-03-26,06:00,2820.0,880.0,2820.0,130.0,－－－－－－－－－－,10.0,30.0,0.0,20.0,0.0,0.0,-1070.0,2820.0,yonden
2017,3,2017-03-26,07:00,2730.0,880.0,2700.0,120.0,－－－－－－－－－－,10.0,150.0,0.0,20.0,0.0,0.0,-1150.0,2730.0,yonden
2017,3,2017-03-26,08:00,2790.0,880.0,2670.0,110.0,－－－－－－－－－－,10.0,250.0,0.0,20.0,0.0,0.0,-1150.0,2790.0,yonden
2017,3,2017-03-26,09:00,2770.0,880.0,2610.0,140.0,－－－－－－－－－－,10.0,390.0,0.0,10.0,0.0,-150.0,-1120.0,2770.0,yonden
2017,3,2017-03-26,10:00,2690.0,880.0,2430.0,140.0,－－－－－－－－－－,10.0,650.0,0.0,10.0,0.0,-310.0,-1120.0,2690.0,yonden
2017,3,2017-03-26,11:00,2630.0,880.0,2430.0,120.0,－－－－－－－－－－,10.0,690.0,0.0,10.0,0.0,-400.0,-1110.0,2630.0,yonden
2017,3,2017-03-26,12:00,2590.0,880.0,2470.0,140.0,－－－－－－－－－－,10.0,550.0,0.0,10.0,0.0,-350.0,-1120.0,2590.0,yonden
2017,3,2017-03-26,13:00,2570.0,880.0,2610.0,110.0,－－－－－－－－－－,10.0,430.0,0.0,10.0,0.0,-300.0,-1180.0,2570.0,yonden
2017,3,2017-03-26,14:00,2590.0,880.0,2730.0,210.0,－－－－－－－－－－,10.0,330.0,0.0,10.0,0.0,-300.0,-1280.0,2590.0,yonden
2017,3,2017-03-26,15:00,2610.0,880.0,2590.0,120.0,－－－－－－－－－－,10.0,250.0,0.0,10.0,0.0,-70.0,-1180.0,2610.0,yonden
2017,3,2017-03-26,16:00,2640.0,880.0,2570.0,130.0,－－－－－－－－－－,10.0,180.0,0.0,10.0,0.0,0.0,-1140.0,2640.0,yonden
2017,3,2017-03-26,17:00,2840.0,880.0,2900.0,150.0,－－－－－－－－－－,10.0,90.0,0.0,20.0,0.0,0.0,-1210.0,2840.0,yonden
2017,3,2017-03-26,18:00,3140.0,880.0,3050.0,300.0,－－－－－－－－－－,10.0,0.0,0.0,50.0,0.0,0.0,-1150.0,3140.0,yonden
2017,3,2017-03-26,19:00,3200.0,880.0,3040.0,310.0,－－－－－－－－－－,10.0,0.0,0.0,70.0,0.0,0.0,-1110.0,3200.0,yonden
2017,3,2017-03-26,20:00,3140.0,880.0,3010.0,280.0,－－－－－－－－－－,10.0,0.0,0.0,40.0,0.0,0.0,-1080.0,3140.0,yonden
2017,3,2017-03-26,21:00,2990.0,880.0,3030.0,220.0,－－－－－－－－－－,10.0,0.0,0.0,40.0,0.0,0.0,-1190.0,2990.0,yonden
2017,3,2017-03-26,22:00,2770.0,880.0,2830.0,150.0,－－－－－－－－－－,10.0,0.0,0.0,70.0,0.0,0.0,-1170.0,2770.0,yonden
2017,3,2017-03-26,23:00,2650.0,880.0,2770.0,100.0,－－－－－－－－－－,10.0,0.0,0.0,70.0,0.0,0.0,-1180.0,2650.0,yonden
2017,3,2017-03-27,00:00,2640.0,880.0,2730.0,100.0,－－－－－－－－－－,10.0,0.0,0.0,90.0,0.0,0.0,-1170.0,2640.0,yonden
2017,3,2017-03-27,01:00,2770.0,880.0,2740.0,90.0,－－－－－－－－－－,10.0,0.0,0.0,90.0,0.0,0.0,-1040.0,2770.0,yonden
2017,3,2017-03-27,02:00,2990.0,880.0,2830.0,140.0,－－－－－－－－－－,10.0,0.0,0.0,90.0,0.0,0.0,-960.0,2990.0,yonden
2017,3,2017-03-27,03:00,3140.0,880.0,2940.0,180.0,－－－－－－－－－－,10.0,0.0,0.0,100.0,0.0,0.0,-970.0,3140.0,yonden
2017,3,2017-03-27,04:00,3150.0,880.0,2930.0,200.0,－－－－－－－－－－,10.0,0.0,0.0,90.0,0.0,0.0,-960.0,3150.0,yonden
2017,3,2017-03-27,05:00,3090.0,880.0,2950.0,200.0,－－－－－－－－－－,10.0,0.0,0.0,70.0,0.0,0.0,-1020.0,3090.0,yonden
2017,3,2017-03-27,06:00,3120.0,880.0,3040.0,220.0,－－－－－－－－－－,10.0,60.0,0.0,80.0,0.0,0.0,-1170.0,3120.0,yonden
2017,3,2017-03-27,07:00,3120.0,880.0,3010.0,170.0,－－－－－－－－－－,10.0,280.0,0.0,80.0,0.0,0.0,-1310.0,3120.0,yonden
2017,3,2017-03-27,08:00,3430.0,880.0,3020.0,200.0,－－－－－－－－－－,10.0,490.0,0.0,90.0,0.0,0.0,-1260.0,3430.0,yonden
2017,3,2017-03-27,09:00,3570.0,880.0,3130.0,230.0,－－－－－－－－－－,10.0,620.0,0.0,100.0,0.0,0.0,-1400.0,3570.0,yonden
2017,3,2017-03-27,10:00,3520.0,880.0,3110.0,190.0,－－－－－－－－－－,10.0,830.0,0.0,90.0,0.0,0.0,-1590.0,3520.0,yonden
2017,3,2017-03-27,11:00,3490.0,880.0,3140.0,170.0,－－－－－－－－－－,10.0,990.0,0.0,70.0,0.0,0.0,-1770.0,3490.0,yonden
2017,3,2017-03-27,12:00,3310.0,880.0,2890.0,160.0,－－－－－－－－－－,10.0,920.0,0.0,70.0,0.0,0.0,-1620.0,3310.0,yonden
2017,3,2017-03-27,13:00,3480.0,880.0,3110.0,150.0,－－－－－－－－－－,10.0,860.0,0.0,70.0,0.0,0.0,-1600.0,3480.0,yonden
2017,3,2017-03-27,14:00,3420.0,880.0,3190.0,150.0,－－－－－－－－－－,10.0,680.0,0.0,60.0,0.0,0.0,-1550.0,3420.0,yonden
2017,3,2017-03-27,15:00,3480.0,880.0,3260.0,160.0,－－－－－－－－－－,10.0,490.0,0.0,80.0,0.0,0.0,-1400.0,3480.0,yonden
2017,3,2017-03-27,16:00,3580.0,880.0,3470.0,200.0,－－－－－－－－－－,10.0,210.0,0.0,90.0,0.0,0.0,-1280.0,3580.0,yonden
2017,3,2017-03-27,17:00,3640.0,880.0,3470.0,300.0,－－－－－－－－－－,10.0,90.0,0.0,100.0,0.0,0.0,-1210.0,3640.0,yonden
2017,3,2017-03-27,18:00,3760.0,880.0,3450.0,490.0,－－－－－－－－－－,10.0,0.0,0.0,70.0,0.0,70.0,-1210.0,3760.0,yonden
2017,3,2017-03-27,19:00,3690.0,880.0,3350.0,410.0,－－－－－－－－－－,10.0,0.0,0.0,70.0,0.0,70.0,-1100.0,3690.0,yonden
2017,3,2017-03-27,20:00,3510.0,880.0,3350.0,270.0,－－－－－－－－－－,10.0,0.0,0.0,70.0,0.0,0.0,-1070.0,3510.0,yonden
2017,3,2017-03-27,21:00,3300.0,880.0,3200.0,190.0,－－－－－－－－－－,10.0,0.0,0.0,70.0,0.0,0.0,-1050.0,3300.0,yonden
2017,3,2017-03-27,22:00,3050.0,880.0,3040.0,150.0,－－－－－－－－－－,10.0,0.0,0.0,70.0,0.0,0.0,-1100.0,3050.0,yonden
2017,3,2017-03-27,23:00,2910.0,880.0,2890.0,140.0,－－－－－－－－－－,10.0,0.0,0.0,80.0,0.0,0.0,-1090.0,2910.0,yonden
2017,3,2017-03-28,00:00,2850.0,880.0,2880.0,160.0,－－－－－－－－－－,10.0,0.0,0.0,80.0,0.0,0.0,-1160.0,2850.0,yonden
2017,3,2017-03-28,01:00,2980.0,880.0,2910.0,160.0,－－－－－－－－－－,10.0,0.0,0.0,90.0,0.0,0.0,-1070.0,2980.0,yonden
2017,3,2017-03-28,02:00,3210.0,880.0,3040.0,190.0,－－－－－－－－－－,10.0,0.0,0.0,70.0,0.0,0.0,-980.0,3210.0,yonden
2017,3,2017-03-28,03:00,3350.0,880.0,3100.0,240.0,－－－－－－－－－－,10.0,0.0,0.0,70.0,0.0,0.0,-950.0,3350.0,yonden
2017,3,2017-03-28,04:00,3360.0,880.0,3130.0,220.0,－－－－－－－－－－,10.0,0.0,0.0,70.0,0.0,0.0,-950.0,3360.0,yonden
2017,3,2017-03-28,05:00,3290.0,880.0,3120.0,210.0,－－－－－－－－－－,10.0,0.0,0.0,60.0,0.0,0.0,-990.0,3290.0,yonden
2017,3,2017-03-28,06:00,3330.0,880.0,3170.0,190.0,－－－－－－－－－－,10.0,70.0,0.0,50.0,0.0,0.0,-1040.0,3330.0,yonden
2017,3,2017-03-28,07:00,3290.0,880.0,3130.0,160.0,－－－－－－－－－－,10.0,290.0,0.0,40.0,0.0,0.0,-1220.0,3290.0,yonden
2017,3,2017-03-28,08:00,3570.0,880.0,3310.0,190.0,－－－－－－－－－－,10.0,560.0,0.0,40.0,0.0,0.0,-1420.0,3570.0,yonden
2017,3,2017-03-28,09:00,3610.0,880.0,3190.0,190.0,－－－－－－－－－－,10.0,910.0,0.0,30.0,0.0,0.0,-1600.0,3610.0,yonden
2017,3,2017-03-28,10:00,3530.0,880.0,3030.0,180.0,－－－－－－－－－－,10.0,1140.0,0.0,40.0,0.0,0.0,-1750.0,3530.0,yonden
2017,3,2017-03-28,11:00,3480.0,880.0,2950.0,160.0,－－－－－－－－－－,10.0,1220.0,0.0,50.0,0.0,0.0,-1790.0,3480.0,yonden
2017,3,2017-03-28,12:00,3270.0,880.0,2730.0,140.0,－－－－－－－－－－,10.0,1270.0,0.0,50.0,0.0,0.0,-1810.0,3270.0,yonden
2017,3,2017-03-28,13:00,3420.0,880.0,2900.0,130.0,－－－－－－－－－－,10.0,1250.0,0.0,60.0,0.0,0.0,-1810.0,3420.0,yonden
2017,3,2017-03-28,14:00,3380.0,880.0,2970.0,130.0,－－－－－－－－－－,10.0,1090.0,0.0,60.0,0.0,0.0,-1760.0,3380.0,yonden
2017,3,2017-03-28,15:00,3340.0,880.0,3010.0,140.0,－－－－－－－－－－,10.0,820.0,0.0,60.0,0.0,0.0,-1580.0,3340.0,yonden
2017,3,2017-03-28,16:00,3390.0,880.0,3110.0,160.0,－－－－－－－－－－,10.0,450.0,0.0,60.0,0.0,0.0,-1280.0,3390.0,yonden
2017,3,2017-03-28,17:00,3430.0,880.0,3200.0,230.0,－－－－－－－－－－,10.0,150.0,0.0,40.0,0.0,0.0,-1080.0,3430.0,yonden
2017,3,2017-03-28,18:00,3590.0,880.0,3310.0,420.0,－－－－－－－－－－,10.0,0.0,0.0,30.0,0.0,0.0,-1060.0,3590.0,yonden
2017,3,2017-03-28,19:00,3580.0,880.0,3320.0,390.0,－－－－－－－－－－,10.0,0.0,0.0,20.0,0.0,0.0,-1040.0,3580.0,yonden
2017,3,2017-03-28,20:00,3460.0,880.0,3260.0,290.0,－－－－－－－－－－,10.0,0.0,0.0,30.0,0.0,0.0,-1010.0,3460.0,yonden
2017,3,2017-03-28,21:00,3280.0,880.0,3190.0,200.0,－－－－－－－－－－,10.0,0.0,0.0,20.0,0.0,0.0,-1020.0,3280.0,yonden
2017,3,2017-03-28,22:00,3040.0,880.0,3100.0,150.0,－－－－－－－－－－,10.0,0.0,0.0,0.0,0.0,0.0,-1100.0,3040.0,yonden
2017,3,2017-03-28,23:00,2890.0,880.0,3030.0,140.0,－－－－－－－－－－,10.0,0.0,0.0,0.0,0.0,0.0,-1170.0,2890.0,yonden
2017,3,2017-03-29,00:00,2830.0,880.0,2830.0,160.0,－－－－－－－－－－,10.0,0.0,0.0,0.0,0.0,0.0,-1050.0,2830.0,yonden
2017,3,2017-03-29,01:00,2960.0,880.0,2930.0,160.0,－－－－－－－－－－,10.0,0.0,0.0,0.0,0.0,0.0,-1020.0,2960.0,yonden
2017,3,2017-03-29,02:00,3170.0,880.0,3050.0,180.0,－－－－－－－－－－,10.0,0.0,0.0,0.0,0.0,0.0,-950.0,3170.0,yonden
2017,3,2017-03-29,03:00,3300.0,880.0,3180.0,230.0,－－－－－－－－－－,10.0,0.0,0.0,0.0,0.0,0.0,-1000.0,3300.0,yonden
2017,3,2017-03-29,04:00,3310.0,880.0,3130.0,220.0,－－－－－－－－－－,10.0,0.0,0.0,0.0,0.0,0.0,-930.0,3310.0,yonden
2017,3,2017-03-29,05:00,3210.0,880.0,3000.0,210.0,－－－－－－－－－－,10.0,0.0,0.0,10.0,0.0,0.0,-900.0,3210.0,yonden
2017,3,2017-03-29,06:00,3200.0,880.0,3000.0,180.0,－－－－－－－－－－,10.0,60.0,0.0,10.0,0.0,0.0,-940.0,3200.0,yonden
2017,3,2017-03-29,07:00,3190.0,880.0,2910.0,130.0,－－－－－－－－－－,10.0,310.0,0.0,0.0,0.0,0.0,-1050.0,3190.0,yonden
2017,3,2017-03-29,08:00,3490.0,880.0,3080.0,160.0,－－－－－－－－－－,10.0,470.0,0.0,0.0,0.0,0.0,-1110.0,3490.0,yonden
2017,3,2017-03-29,09:00,3520.0,880.0,2930.0,170.0,－－－－－－－－－－,10.0,810.0,0.0,0.0,0.0,0.0,-1280.0,3520.0,yonden
2017,3,2017-03-29,10:00,3430.0,880.0,2860.0,180.0,－－－－－－－－－－,10.0,970.0,0.0,0.0,0.0,0.0,-1470.0,3430.0,yonden
2017,3,2017-03-29,11:00,3410.0,880.0,2960.0,160.0,－－－－－－－－－－,10.0,940.0,0.0,0.0,0.0,0.0,-1540.0,3410.0,yonden
2017,3,2017-03-29,12:00,3170.0,880.0,2930.0,140.0,－－－－－－－－－－,10.0,850.0,0.0,0.0,0.0,0.0,-1640.0,3170.0,yonden
2017,3,2017-03-29,13:00,3330.0,880.0,3040.0,150.0,－－－－－－－－－－,10.0,840.0,0.0,0.0,0.0,0.0,-1590.0,3330.0,yonden
2017,3,2017-03-29,14:00,3360.0,880.0,3210.0,120.0,－－－－－－－－－－,10.0,610.0,0.0,10.0,0.0,0.0,-1480.0,3360.0,yonden
2017,3,2017-03-29,15:00,3380.0,880.0,3400.0,120.0,－－－－－－－－－－,10.0,270.0,0.0,20.0,0.0,0.0,-1320.0,3380.0,yonden
2017,3,2017-03-29,16:00,3450.0,880.0,3520.0,180.0,－－－－－－－－－－,10.0,180.0,0.0,20.0,0.0,0.0,-1340.0,3450.0,yonden
2017,3,2017-03-29,17:00,3400.0,880.0,3350.0,250.0,－－－－－－－－－－,10.0,70.0,0.0,40.0,0.0,0.0,-1200.0,3400.0,yonden
2017,3,2017-03-29,18:00,3540.0,880.0,3340.0,390.0,－－－－－－－－－－,10.0,0.0,0.0,50.0,0.0,0.0,-1130.0,3540.0,yonden
2017,3,2017-03-29,19:00,3480.0,880.0,3290.0,330.0,－－－－－－－－－－,10.0,0.0,0.0,60.0,0.0,0.0,-1090.0,3480.0,yonden
2017,3,2017-03-29,20:00,3360.0,880.0,3320.0,220.0,－－－－－－－－－－,10.0,0.0,0.0,60.0,0.0,0.0,-1130.0,3360.0,yonden
2017,3,2017-03-29,21:00,3160.0,880.0,3040.0,200.0,－－－－－－－－－－,10.0,0.0,0.0,60.0,0.0,0.0,-1030.0,3160.0,yonden
2017,3,2017-03-29,22:00,2950.0,880.0,2970.0,190.0,－－－－－－－－－－,10.0,0.0,0.0,60.0,0.0,0.0,-1160.0,2950.0,yonden
2017,3,2017-03-29,23:00,2830.0,880.0,2890.0,130.0,－－－－－－－－－－,10.0,0.0,0.0,60.0,0.0,0.0,-1140.0,2830.0,yonden
2017,3,2017-03-30,00:00,2760.0,880.0,2740.0,140.0,－－－－－－－－－－,10.0,0.0,0.0,50.0,0.0,0.0,-1060.0,2760.0,yonden
2017,3,2017-03-30,01:00,2870.0,880.0,2810.0,140.0,－－－－－－－－－－,10.0,0.0,0.0,30.0,0.0,0.0,-1000.0,2870.0,yonden
2017,3,2017-03-30,02:00,3100.0,880.0,2930.0,160.0,－－－－－－－－－－,10.0,0.0,0.0,30.0,0.0,0.0,-910.0,3100.0,yonden
2017,3,2017-03-30,03:00,3230.0,880.0,2930.0,310.0,－－－－－－－－－－,10.0,0.0,0.0,20.0,0.0,0.0,-920.0,3230.0,yonden
2017,3,2017-03-30,04:00,3230.0,880.0,2880.0,340.0,－－－－－－－－－－,10.0,0.0,0.0,10.0,0.0,0.0,-890.0,3230.0,yonden
2017,3,2017-03-30,05:00,3100.0,880.0,2820.0,230.0,－－－－－－－－－－,10.0,0.0,0.0,0.0,0.0,0.0,-840.0,3100.0,yonden
2017,3,2017-03-30,06:00,3070.0,880.0,2840.0,200.0,－－－－－－－－－－,10.0,70.0,0.0,0.0,0.0,0.0,-930.0,3070.0,yonden
2017,3,2017-03-30,07:00,3040.0,880.0,2820.0,140.0,－－－－－－－－－－,10.0,270.0,0.0,0.0,0.0,0.0,-1080.0,3040.0,yonden
2017,3,2017-03-30,08:00,3310.0,880.0,3040.0,170.0,－－－－－－－－－－,10.0,490.0,0.0,0.0,0.0,0.0,-1280.0,3310.0,yonden
2017,3,2017-03-30,09:00,3340.0,880.0,2890.0,180.0,－－－－－－－－－－,10.0,840.0,0.0,0.0,0.0,0.0,-1460.0,3340.0,yonden
2017,3,2017-03-30,10:00,3310.0,880.0,2880.0,150.0,－－－－－－－－－－,10.0,1010.0,0.0,0.0,0.0,0.0,-1620.0,3310.0,yonden
2017,3,2017-03-30,11:00,3220.0,880.0,2870.0,130.0,－－－－－－－－－－,10.0,1100.0,0.0,0.0,0.0,0.0,-1770.0,3220.0,yonden
2017,3,2017-03-30,12:00,3020.0,880.0,2590.0,130.0,－－－－－－－－－－,10.0,1160.0,0.0,10.0,0.0,0.0,-1760.0,3020.0,yonden
2017,3,2017-03-30,13:00,3180.0,880.0,2720.0,120.0,－－－－－－－－－－,10.0,1230.0,0.0,20.0,0.0,0.0,-1800.0,3180.0,yonden
2017,3,2017-03-30,14:00,3190.0,880.0,2760.0,130.0,－－－－－－－－－－,10.0,1140.0,0.0,10.0,0.0,0.0,-1740.0,3190.0,yonden
2017,3,2017-03-30,15:00,3160.0,880.0,2740.0,140.0,－－－－－－－－－－,10.0,890.0,0.0,10.0,0.0,0.0,-1510.0,3160.0,yonden
2017,3,2017-03-30,16:00,3180.0,880.0,2910.0,150.0,－－－－－－－－－－,10.0,540.0,0.0,10.0,0.0,0.0,-1320.0,3180.0,yonden
2017,3,2017-03-30,17:00,3150.0,880.0,3120.0,220.0,－－－－－－－－－－,10.0,190.0,0.0,20.0,0.0,0.0,-1290.0,3150.0,yonden
2017,3,2017-03-30,18:00,3240.0,880.0,3150.0,410.0,－－－－－－－－－－,10.0,0.0,0.0,10.0,0.0,0.0,-1220.0,3240.0,yonden
2017,3,2017-03-30,19:00,3230.0,880.0,3120.0,400.0,－－－－－－－－－－,10.0,0.0,0.0,10.0,0.0,0.0,-1190.0,3230.0,yonden
2017,3,2017-03-30,20:00,3110.0,880.0,3070.0,310.0,－－－－－－－－－－,10.0,0.0,0.0,10.0,0.0,0.0,-1170.0,3110.0,yonden
2017,3,2017-03-30,21:00,2940.0,880.0,2940.0,250.0,－－－－－－－－－－,10.0,0.0,0.0,10.0,0.0,0.0,-1150.0,2940.0,yonden
2017,3,2017-03-30,22:00,2750.0,880.0,2840.0,160.0,－－－－－－－－－－,10.0,0.0,0.0,20.0,0.0,0.0,-1160.0,2750.0,yonden
2017,3,2017-03-30,23:00,2650.0,880.0,2730.0,120.0,－－－－－－－－－－,10.0,0.0,0.0,10.0,0.0,0.0,-1100.0,2650.0,yonden
2017,3,2017-03-31,00:00,2590.0,880.0,2670.0,120.0,－－－－－－－－－－,10.0,0.0,0.0,20.0,0.0,0.0,-1110.0,2590.0,yonden
2017,3,2017-03-31,01:00,2680.0,880.0,2760.0,130.0,－－－－－－－－－－,10.0,0.0,0.0,20.0,0.0,0.0,-1120.0,2680.0,yonden
2017,3,2017-03-31,02:00,2940.0,880.0,2880.0,180.0,－－－－－－－－－－,10.0,0.0,0.0,20.0,0.0,0.0,-1030.0,2940.0,yonden
2017,3,2017-03-31,03:00,3090.0,880.0,2920.0,250.0,－－－－－－－－－－,10.0,0.0,0.0,30.0,0.0,0.0,-1000.0,3090.0,yonden
2017,3,2017-03-31,04:00,3100.0,880.0,2930.0,250.0,－－－－－－－－－－,10.0,0.0,0.0,20.0,0.0,0.0,-990.0,3100.0,yonden
2017,3,2017-03-31,05:00,2970.0,880.0,2880.0,190.0,－－－－－－－－－－,10.0,0.0,0.0,30.0,0.0,0.0,-1020.0,2970.0,yonden
2017,3,2017-03-31,06:00,2910.0,880.0,2900.0,190.0,－－－－－－－－－－,10.0,30.0,0.0,40.0,0.0,0.0,-1140.0,2910.0,yonden
2017,3,2017-03-31,07:00,3010.0,880.0,3040.0,160.0,－－－－－－－－－－,10.0,60.0,0.0,40.0,0.0,0.0,-1180.0,3010.0,yonden
2017,3,2017-03-31,08:00,3460.0,880.0,3170.0,230.0,－－－－－－－－－－,10.0,80.0,0.0,50.0,0.0,200.0,-1160.0,3460.0,yonden
2017,3,2017-03-31,09:00,3730.0,880.0,3270.0,330.0,－－－－－－－－－－,10.0,110.0,0.0,70.0,0.0,300.0,-1240.0,3730.0,yonden
2017,3,2017-03-31,10:00,3790.0,880.0,3450.0,240.0,－－－－－－－－－－,10.0,130.0,0.0,50.0,0.0,280.0,-1250.0,3790.0,yonden
2017,3,2017-03-31,11:00,3900.0,880.0,3650.0,220.0,－－－－－－－－－－,10.0,140.0,0.0,70.0,0.0,180.0,-1250.0,3900.0,yonden
2017,3,2017-03-31,12:00,3760.0,880.0,3680.0,240.0,－－－－－－－－－－,10.0,140.0,0.0,60.0,0.0,150.0,-1400.0,3760.0,yonden
2017,3,2017-03-31,13:00,3920.0,880.0,3720.0,230.0,－－－－－－－－－－,10.0,140.0,0.0,50.0,0.0,180.0,-1290.0,3920.0,yonden
2017,3,2017-03-31,14:00,3880.0,880.0,3670.0,240.0,－－－－－－－－－－,10.0,120.0,0.0,50.0,0.0,140.0,-1230.0,3880.0,yonden
2017,3,2017-03-31,15:00,3860.0,880.0,3630.0,240.0,－－－－－－－－－－,10.0,90.0,0.0,60.0,0.0,140.0,-1190.0,3860.0,yonden
2017,3,2017-03-31,16:00,3890.0,880.0,3670.0,240.0,－－－－－－－－－－,10.0,60.0,0.0,60.0,0.0,140.0,-1170.0,3890.0,yonden
2017,3,2017-03-31,17:00,3880.0,880.0,3570.0,340.0,－－－－－－－－－－,10.0,30.0,0.0,60.0,0.0,140.0,-1150.0,3880.0,yonden
2017,3,2017-03-31,18:00,3900.0,880.0,3500.0,450.0,－－－－－－－－－－,10.0,0.0,0.0,60.0,0.0,80.0,-1080.0,3900.0,yonden
2017,3,2017-03-31,19:00,3810.0,880.0,3370.0,550.0,－－－－－－－－－－,10.0,0.0,0.0,60.0,0.0,0.0,-1060.0,3810.0,yonden
2017,3,2017-03-31,20:00,3630.0,880.0,3190.0,530.0,－－－－－－－－－－,10.0,0.0,0.0,60.0,0.0,0.0,-1040.0,3630.0,yonden
2017,3,2017-03-31,21:00,3400.0,880.0,3150.0,480.0,－－－－－－－－－－,10.0,0.0,0.0,60.0,0.0,0.0,-1180.0,3400.0,yonden
2017,3,2017-03-31,22:00,3130.0,880.0,3170.0,350.0,－－－－－－－－－－,10.0,0.0,0.0,60.0,0.0,0.0,-1340.0,3130.0,yonden
2017,3,2017-03-31,23:00,2990.0,880.0,2910.0,290.0,－－－－－－－－－－,10.0,0.0,0.0,60.0,0.0,0.0,-1160.0,2990.0,yonden
2017,4,2017-04-01,00:00,2910.0,880.0,2670.0,280.0,－－－－－－－－－－,10.0,0.0,0.0,60.0,0.0,0.0,-990.0,2910.0,yonden
2017,4,2017-04-01,01:00,3000.0,880.0,2600.0,270.0,－－－－－－－－－－,10.0,0.0,0.0,60.0,0.0,0.0,-820.0,3000.0,yonden
2017,4,2017-04-01,02:00,3190.0,880.0,2710.0,250.0,－－－－－－－－－－,10.0,0.0,0.0,50.0,0.0,0.0,-710.0,3190.0,yonden
2017,4,2017-04-01,03:00,3290.0,880.0,2740.0,300.0,－－－－－－－－－－,10.0,0.0,0.0,60.0,0.0,0.0,-700.0,3290.0,yonden
2017,4,2017-04-01,04:00,3260.0,880.0,2690.0,310.0,－－－－－－－－－－,10.0,0.0,0.0,60.0,0.0,0.0,-690.0,3260.0,yonden
2017,4,2017-04-01,05:00,3120.0,880.0,2650.0,250.0,－－－－－－－－－－,10.0,0.0,0.0,60.0,0.0,0.0,-730.0,3120.0,yonden
2017,4,2017-04-01,06:00,3030.0,880.0,2700.0,280.0,－－－－－－－－－－,10.0,40.0,0.0,60.0,0.0,0.0,-940.0,3030.0,yonden
2017,4,2017-04-01,07:00,3030.0,880.0,2770.0,270.0,－－－－－－－－－－,10.0,120.0,0.0,50.0,0.0,0.0,-1070.0,3030.0,yonden
2017,4,2017-04-01,08:00,3240.0,880.0,2780.0,250.0,－－－－－－－－－－,10.0,250.0,0.0,50.0,0.0,0.0,-980.0,3240.0,yonden
2017,4,2017-04-01,09:00,3310.0,880.0,2780.0,270.0,－－－－－－－－－－,10.0,520.0,0.0,50.0,0.0,0.0,-1200.0,3310.0,yonden
2017,4,2017-04-01,10:00,3230.0,880.0,2610.0,280.0,－－－－－－－－－－,10.0,710.0,0.0,40.0,0.0,0.0,-1300.0,3230.0,yonden
2017,4,2017-04-01,11:00,3170.0,880.0,2440.0,270.0,－－－－－－－－－－,10.0,950.0,0.0,40.0,0.0,-80.0,-1340.0,3170.0,yonden
2017,4,2017-04-01,12:00,2990.0,880.0,2390.0,260.0,－－－－－－－－－－,10.0,1250.0,0.0,40.0,0.0,-300.0,-1540.0,2990.0,yonden
2017,4,2017-04-01,13:00,3000.0,880.0,2310.0,270.0,－－－－－－－－－－,10.0,1360.0,0.0,40.0,0.0,-300.0,-1570.0,3000.0,yonden
2017,4,2017-04-01,14:00,2960.0,880.0,2380.0,270.0,－－－－－－－－－－,10.0,1250.0,0.0,40.0,0.0,-300.0,-1570.0,2960.0,yonden
2017,4,2017-04-01,15:00,2940.0,880.0,2460.0,250.0,－－－－－－－－－－,10.0,960.0,0.0,30.0,0.0,0.0,-1650.0,2940.0,yonden
2017,4,2017-04-01,16:00,2930.0,880.0,2710.0,220.0,－－－－－－－－－－,10.0,590.0,0.0,20.0,0.0,0.0,-1500.0,2930.0,yonden
2017,4,2017-04-01,17:00,3010.0,880.0,2960.0,260.0,－－－－－－－－－－,10.0,230.0,0.0,20.0,0.0,0.0,-1350.0,3010.0,yonden
2017,4,2017-04-01,18:00,3150.0,880.0,2980.0,430.0,－－－－－－－－－－,10.0,10.0,0.0,20.0,0.0,0.0,-1180.0,3150.0,yonden
2017,4,2017-04-01,19:00,3230.0,880.0,3070.0,410.0,－－－－－－－－－－,10.0,0.0,0.0,10.0,0.0,0.0,-1150.0,3230.0,yonden
2017,4,2017-04-01,20:00,3150.0,880.0,3110.0,310.0,－－－－－－－－－－,10.0,0.0,0.0,10.0,0.0,0.0,-1170.0,3150.0,yonden
2017,4,2017-04-01,21:00,3020.0,880.0,3010.0,240.0,－－－－－－－－－－,10.0,0.0,0.0,10.0,0.0,0.0,-1130.0,3020.0,yonden
2017,4,2017-04-01,22:00,2820.0,880.0,2600.0,230.0,－－－－－－－－－－,10.0,0.0,0.0,20.0,0.0,0.0,-920.0,2820.0,yonden
2017,4,2017-04-01,23:00,2720.0,880.0,2490.0,210.0,－－－－－－－－－－,10.0,0.0,0.0,20.0,0.0,0.0,-890.0,2720.0,yonden
2017,4,2017-04-02,00:00,2660.0,880.0,2530.0,220.0,－－－－－－－－－－,10.0,0.0,0.0,20.0,0.0,0.0,-1000.0,2660.0,yonden
2017,4,2017-04-02,01:00,2760.0,880.0,2530.0,210.0,－－－－－－－－－－,10.0,0.0,0.0,30.0,0.0,0.0,-900.0,2760.0,yonden
2017,4,2017-04-02,02:00,3000.0,880.0,2630.0,270.0,－－－－－－－－－－,10.0,0.0,0.0,50.0,0.0,0.0,-840.0,3000.0,yonden
2017,4,2017-04-02,03:00,3150.0,880.0,2680.0,340.0,－－－－－－－－－－,10.0,0.0,0.0,60.0,0.0,0.0,-820.0,3150.0,yonden
2017,4,2017-04-02,04:00,3130.0,880.0,2670.0,270.0,－－－－－－－－－－,10.0,0.0,0.0,60.0,0.0,0.0,-760.0,3130.0,yonden
2017,4,2017-04-02,05:00,2970.0,880.0,2590.0,200.0,－－－－－－－－－－,10.0,0.0,0.0,60.0,0.0,0.0,-770.0,2970.0,yonden
2017,4,2017-04-02,06:00,2770.0,880.0,2400.0,190.0,－－－－－－－－－－,10.0,120.0,0.0,60.0,0.0,0.0,-890.0,2770.0,yonden
2017,4,2017-04-02,07:00,2580.0,880.0,2330.0,180.0,－－－－－－－－－－,10.0,420.0,0.0,40.0,0.0,-240.0,-1040.0,2580.0,yonden
2017,4,2017-04-02,08:00,2570.0,880.0,2280.0,180.0,－－－－－－－－－－,10.0,750.0,0.0,40.0,0.0,-300.0,-1270.0,2570.0,yonden
2017,4,2017-04-02,09:00,2580.0,880.0,2350.0,220.0,－－－－－－－－－－,10.0,1010.0,0.0,50.0,0.0,-600.0,-1340.0,2580.0,yonden
2017,4,2017-04-02,10:00,2530.0,880.0,2270.0,210.0,－－－－－－－－－－,10.0,1210.0,0.0,50.0,0.0,-600.0,-1500.0,2530.0,yonden
2017,4,2017-04-02,11:00,2500.0,880.0,2330.0,180.0,－－－－－－－－－－,10.0,1190.0,0.0,50.0,0.0,-590.0,-1550.0,2500.0,yonden
2017,4,2017-04-02,12:00,2550.0,880.0,2460.0,190.0,－－－－－－－－－－,10.0,1060.0,0.0,70.0,0.0,-560.0,-1560.0,2550.0,yonden
2017,4,2017-04-02,13:00,2540.0,880.0,2180.0,180.0,－－－－－－－－－－,10.0,990.0,0.0,70.0,0.0,-290.0,-1480.0,2540.0,yonden
2017,4,2017-04-02,14:00,2550.0,880.0,2200.0,180.0,－－－－－－－－－－,10.0,880.0,0.0,70.0,0.0,-290.0,-1380.0,2550.0,yonden
2017,4,2017-04-02,15:00,2530.0,880.0,2430.0,180.0,－－－－－－－－－－,10.0,640.0,0.0,80.0,0.0,-290.0,-1400.0,2530.0,yonden
2017,4,2017-04-02,16:00,2650.0,880.0,2490.0,190.0,－－－－－－－－－－,10.0,440.0,0.0,80.0,0.0,-240.0,-1200.0,2650.0,yonden
2017,4,2017-04-02,17:00,2850.0,880.0,2520.0,270.0,－－－－－－－－－－,10.0,200.0,0.0,90.0,0.0,0.0,-1120.0,2850.0,yonden
2017,4,2017-04-02,18:00,3040.0,880.0,2650.0,400.0,－－－－－－－－－－,10.0,10.0,0.0,90.0,0.0,200.0,-1200.0,3040.0,yonden
2017,4,2017-04-02,19:00,3110.0,880.0,2680.0,380.0,－－－－－－－－－－,10.0,0.0,0.0,90.0,0.0,210.0,-1140.0,3110.0,yonden
2017,4,2017-04-02,20:00,3060.0,880.0,2610.0,270.0,－－－－－－－－－－,10.0,0.0,0.0,80.0,0.0,270.0,-1060.0,3060.0,yonden
2017,4,2017-04-02,21:00,2950.0,880.0,2620.0,270.0,－－－－－－－－－－,10.0,0.0,0.0,60.0,0.0,100.0,-990.0,2950.0,yonden
2017,4,2017-04-02,22:00,2730.0,880.0,2700.0,240.0,－－－－－－－－－－,10.0,0.0,0.0,50.0,0.0,0.0,-1150.0,2730.0,yonden
2017,4,2017-04-02,23:00,2640.0,880.0,2570.0,180.0,－－－－－－－－－－,10.0,0.0,0.0,50.0,0.0,0.0,-1050.0,2640.0,yonden
2017,4,2017-04-03,00:00,2600.0,880.0,2330.0,180.0,－－－－－－－－－－,10.0,0.0,0.0,50.0,0.0,0.0,-850.0,2600.0,yonden
2017,4,2017-04-03,01:00,2740.0,880.0,2420.0,170.0,－－－－－－－－－－,10.0,0.0,0.0,40.0,0.0,0.0,-780.0,2740.0,yonden
2017,4,2017-04-03,02:00,2990.0,880.0,2680.0,190.0,－－－－－－－－－－,10.0,0.0,0.0,50.0,0.0,0.0,-820.0,2990.0,yonden
2017,4,2017-04-03,03:00,3150.0,880.0,2700.0,260.0,－－－－－－－－－－,10.0,0.0,0.0,60.0,0.0,0.0,-760.0,3150.0,yonden
2017,4,2017-04-03,04:00,3170.0,880.0,2760.0,230.0,－－－－－－－－－－,10.0,0.0,0.0,70.0,0.0,0.0,-780.0,3170.0,yonden
2017,4,2017-04-03,05:00,3120.0,880.0,2760.0,180.0,－－－－－－－－－－,10.0,0.0,0.0,80.0,0.0,0.0,-790.0,3120.0,yonden
2017,4,2017-04-03,06:00,3150.0,880.0,2820.0,180.0,－－－－－－－－－－,10.0,130.0,0.0,60.0,0.0,0.0,-930.0,3150.0,yonden
2017,4,2017-04-03,07:00,3040.0,880.0,2560.0,150.0,－－－－－－－－－－,10.0,460.0,0.0,40.0,0.0,0.0,-1060.0,3040.0,yonden
2017,4,2017-04-03,08:00,3270.0,880.0,2660.0,170.0,－－－－－－－－－－,10.0,840.0,0.0,20.0,0.0,0.0,-1310.0,3270.0,yonden
2017,4,2017-04-03,09:00,3360.0,880.0,2600.0,200.0,－－－－－－－－－－,10.0,1190.0,0.0,10.0,0.0,0.0,-1530.0,3360.0,yonden
2017,4,2017-04-03,10:00,3340.0,880.0,2500.0,220.0,－－－－－－－－－－,10.0,1420.0,0.0,10.0,0.0,-50.0,-1650.0,3340.0,yonden
2017,4,2017-04-03,11:00,3340.0,880.0,2600.0,230.0,－－－－－－－－－－,10.0,1520.0,0.0,20.0,0.0,-300.0,-1620.0,3340.0,yonden
2017,4,2017-04-03,12:00,3150.0,880.0,2580.0,210.0,－－－－－－－－－－,10.0,1530.0,0.0,30.0,0.0,-300.0,-1790.0,3150.0,yonden
2017,4,2017-04-03,13:00,3280.0,880.0,2520.0,180.0,－－－－－－－－－－,10.0,1490.0,0.0,30.0,0.0,-20.0,-1810.0,3280.0,yonden
2017,4,2017-04-03,14:00,3260.0,880.0,2610.0,200.0,－－－－－－－－－－,10.0,1330.0,0.0,40.0,0.0,0.0,-1810.0,3260.0,yonden
2017,4,2017-04-03,15:00,3230.0,880.0,2670.0,190.0,－－－－－－－－－－,10.0,1040.0,0.0,50.0,0.0,0.0,-1610.0,3230.0,yonden
2017,4,2017-04-03,16:00,3320.0,880.0,3000.0,190.0,－－－－－－－－－－,10.0,660.0,0.0,40.0,0.0,0.0,-1460.0,3320.0,yonden
2017,4,2017-04-03,17:00,3300.0,880.0,3160.0,340.0,－－－－－－－－－－,10.0,260.0,0.0,60.0,0.0,140.0,-1550.0,3300.0,yonden
2017,4,2017-04-03,18:00,3380.0,880.0,3230.0,460.0,－－－－－－－－－－,10.0,10.0,0.0,80.0,0.0,300.0,-1590.0,3380.0,yonden
2017,4,2017-04-03,19:00,3420.0,880.0,3250.0,390.0,－－－－－－－－－－,10.0,0.0,0.0,90.0,0.0,200.0,-1400.0,3420.0,yonden
2017,4,2017-04-03,20:00,3290.0,880.0,3290.0,310.0,－－－－－－－－－－,10.0,0.0,0.0,90.0,0.0,50.0,-1340.0,3290.0,yonden
2017,4,2017-04-03,21:00,3110.0,880.0,3130.0,240.0,－－－－－－－－－－,10.0,0.0,0.0,70.0,0.0,0.0,-1220.0,3110.0,yonden
2017,4,2017-04-03,22:00,2880.0,880.0,2850.0,220.0,－－－－－－－－－－,10.0,0.0,0.0,60.0,0.0,0.0,-1140.0,2880.0,yonden
2017,4,2017-04-03,23:00,2750.0,880.0,2640.0,150.0,－－－－－－－－－－,10.0,0.0,0.0,50.0,0.0,0.0,-980.0,2750.0,yonden
2017,4,2017-04-04,00:00,2700.0,880.0,2720.0,150.0,－－－－－－－－－－,10.0,0.0,0.0,40.0,0.0,0.0,-1100.0,2700.0,yonden
2017,4,2017-04-04,01:00,2810.0,880.0,2730.0,140.0,－－－－－－－－－－,10.0,0.0,0.0,40.0,0.0,0.0,-990.0,2810.0,yonden
2017,4,2017-04-04,02:00,3070.0,880.0,2790.0,200.0,－－－－－－－－－－,10.0,0.0,0.0,40.0,0.0,0.0,-850.0,3070.0,yonden
2017,4,2017-04-04,03:00,3210.0,880.0,2820.0,260.0,－－－－－－－－－－,10.0,0.0,0.0,40.0,0.0,0.0,-800.0,3210.0,yonden
2017,4,2017-04-04,04:00,3210.0,880.0,2820.0,250.0,－－－－－－－－－－,10.0,0.0,0.0,50.0,0.0,0.0,-800.0,3210.0,yonden
2017,4,2017-04-04,05:00,3110.0,880.0,2780.0,190.0,－－－－－－－－－－,10.0,0.0,0.0,50.0,0.0,0.0,-800.0,3110.0,yonden
2017,4,2017-04-04,06:00,3100.0,880.0,2740.0,170.0,－－－－－－－－－－,10.0,130.0,0.0,40.0,0.0,0.0,-870.0,3100.0,yonden
2017,4,2017-04-04,07:00,3010.0,880.0,2570.0,150.0,－－－－－－－－－－,10.0,450.0,0.0,20.0,0.0,0.0,-1070.0,3010.0,yonden
2017,4,2017-04-04,08:00,3210.0,880.0,2690.0,240.0,－－－－－－－－－－,10.0,810.0,0.0,20.0,0.0,0.0,-1440.0,3210.0,yonden
2017,4,2017-04-04,09:00,3270.0,880.0,2720.0,250.0,－－－－－－－－－－,10.0,1120.0,0.0,10.0,0.0,0.0,-1720.0,3270.0,yonden
2017,4,2017-04-04,10:00,3220.0,880.0,2600.0,180.0,－－－－－－－－－－,10.0,1340.0,0.0,0.0,0.0,0.0,-1790.0,3220.0,yonden
2017,4,2017-04-04,11:00,3220.0,880.0,2560.0,140.0,－－－－－－－－－－,10.0,1440.0,0.0,0.0,0.0,0.0,-1810.0,3220.0,yonden
2017,4,2017-04-04,12:00,3070.0,880.0,2350.0,150.0,－－－－－－－－－－,10.0,1480.0,0.0,0.0,0.0,0.0,-1800.0,3070.0,yonden
2017,4,2017-04-04,13:00,3220.0,880.0,2530.0,140.0,－－－－－－－－－－,10.0,1430.0,0.0,0.0,0.0,0.0,-1770.0,3220.0,yonden
2017,4,2017-04-04,14:00,3200.0,880.0,2400.0,140.0,－－－－－－－－－－,10.0,1270.0,0.0,0.0,0.0,0.0,-1500.0,3200.0,yonden
2017,4,2017-04-04,15:00,3180.0,880.0,2430.0,150.0,－－－－－－－－－－,10.0,990.0,0.0,0.0,0.0,0.0,-1280.0,3180.0,yonden
2017,4,2017-04-04,16:00,3250.0,880.0,2780.0,180.0,－－－－－－－－－－,10.0,630.0,0.0,0.0,0.0,0.0,-1230.0,3250.0,yonden
2017,4,2017-04-04,17:00,3260.0,880.0,3150.0,260.0,－－－－－－－－－－,10.0,250.0,0.0,10.0,0.0,0.0,-1300.0,3260.0,yonden
2017,4,2017-04-04,18:00,3300.0,880.0,3290.0,450.0,－－－－－－－－－－,10.0,10.0,0.0,30.0,0.0,0.0,-1370.0,3300.0,yonden
2017,4,2017-04-04,19:00,3300.0,880.0,3310.0,400.0,－－－－－－－－－－,10.0,0.0,0.0,50.0,0.0,0.0,-1350.0,3300.0,yonden
2017,4,2017-04-04,20:00,3190.0,880.0,3200.0,290.0,－－－－－－－－－－,10.0,0.0,0.0,50.0,0.0,0.0,-1240.0,3190.0,yonden
2017,4,2017-04-04,21:00,3000.0,880.0,3030.0,220.0,－－－－－－－－－－,10.0,0.0,0.0,50.0,0.0,0.0,-1190.0,3000.0,yonden
2017,4,2017-04-04,22:00,2790.0,880.0,2710.0,140.0,－－－－－－－－－－,10.0,0.0,0.0,50.0,0.0,0.0,-1000.0,2790.0,yonden
2017,4,2017-04-04,23:00,2700.0,880.0,2610.0,140.0,－－－－－－－－－－,10.0,0.0,0.0,60.0,0.0,0.0,-1000.0,2700.0,yonden
2017,4,2017-04-05,00:00,2650.0,880.0,2700.0,130.0,－－－－－－－－－－,10.0,0.0,0.0,60.0,0.0,0.0,-1130.0,2650.0,yonden
2017,4,2017-04-05,01:00,2750.0,880.0,2690.0,130.0,－－－－－－－－－－,10.0,0.0,0.0,70.0,0.0,0.0,-1030.0,2750.0,yonden
2017,4,2017-04-05,02:00,3000.0,880.0,2790.0,150.0,－－－－－－－－－－,10.0,0.0,0.0,60.0,0.0,0.0,-890.0,3000.0,yonden
2017,4,2017-04-05,03:00,3150.0,880.0,2740.0,220.0,－－－－－－－－－－,10.0,0.0,0.0,70.0,0.0,0.0,-770.0,3150.0,yonden
2017,4,2017-04-05,04:00,3150.0,880.0,2710.0,220.0,－－－－－－－－－－,10.0,0.0,0.0,70.0,0.0,0.0,-740.0,3150.0,yonden
2017,4,2017-04-05,05:00,3040.0,880.0,2720.0,190.0,－－－－－－－－－－,10.0,0.0,0.0,80.0,0.0,0.0,-840.0,3040.0,yonden
2017,4,2017-04-05,06:00,2940.0,880.0,2620.0,180.0,－－－－－－－－－－,10.0,100.0,0.0,80.0,0.0,0.0,-930.0,2940.0,yonden
2017,4,2017-04-05,07:00,2850.0,890.0,2360.0,150.0,－－－－－－－－－－,10.0,320.0,0.0,80.0,0.0,0.0,-960.0,2850.0,yonden
2017,4,2017-04-05,08:00,3130.0,880.0,2630.0,180.0,－－－－－－－－－－,10.0,550.0,0.0,90.0,0.0,0.0,-1210.0,3130.0,yonden
2017,4,2017-04-05,09:00,3250.0,880.0,2630.0,210.0,－－－－－－－－－－,10.0,730.0,0.0,90.0,0.0,0.0,-1300.0,3250.0,yonden
2017,4,2017-04-05,10:00,3220.0,880.0,2530.0,220.0,－－－－－－－－－－,10.0,870.0,0.0,100.0,0.0,0.0,-1390.0,3220.0,yonden
2017,4,2017-04-05,11:00,3180.0,880.0,2480.0,200.0,－－－－－－－－－－,10.0,910.0,0.0,100.0,0.0,0.0,-1400.0,3180.0,yonden
2017,4,2017-04-05,12:00,3000.0,880.0,2310.0,170.0,－－－－－－－－－－,10.0,860.0,0.0,90.0,0.0,0.0,-1320.0,3000.0,yonden
2017,4,2017-04-05,13:00,3200.0,880.0,2710.0,170.0,－－－－－－－－－－,10.0,600.0,0.0,90.0,0.0,0.0,-1260.0,3200.0,yonden
2017,4,2017-04-05,14:00,3180.0,880.0,3060.0,190.0,－－－－－－－－－－,10.0,280.0,0.0,80.0,0.0,0.0,-1320.0,3180.0,yonden
2017,4,2017-04-05,15:00,3130.0,880.0,3020.0,220.0,－－－－－－－－－－,10.0,170.0,0.0,90.0,0.0,0.0,-1260.0,3130.0,yonden
2017,4,2017-04-05,16:00,3210.0,880.0,3090.0,260.0,－－－－－－－－－－,10.0,150.0,0.0,80.0,0.0,0.0,-1260.0,3210.0,yonden
2017,4,2017-04-05,17:00,3150.0,880.0,3080.0,310.0,－－－－－－－－－－,10.0,90.0,0.0,90.0,0.0,0.0,-1310.0,3150.0,yonden
2017,4,2017-04-05,18:00,3260.0,880.0,3210.0,460.0,－－－－－－－－－－,10.0,10.0,0.0,100.0,0.0,0.0,-1410.0,3260.0,yonden
2017,4,2017-04-05,19:00,3250.0,890.0,3220.0,400.0,－－－－－－－－－－,10.0,0.0,0.0,100.0,0.0,0.0,-1370.0,3250.0,yonden
2017,4,2017-04-05,20:00,3130.0,890.0,3070.0,320.0,－－－－－－－－－－,10.0,0.0,0.0,100.0,0.0,0.0,-1260.0,3130.0,yonden
2017,4,2017-04-05,21:00,2950.0,890.0,2900.0,220.0,－－－－－－－－－－,10.0,0.0,0.0,100.0,0.0,0.0,-1170.0,2950.0,yonden
2017,4,2017-04-05,22:00,2740.0,890.0,2600.0,130.0,－－－－－－－－－－,10.0,0.0,0.0,100.0,0.0,0.0,-990.0,2740.0,yonden
2017,4,2017-04-05,23:00,2630.0,890.0,2490.0,130.0,－－－－－－－－－－,10.0,0.0,0.0,100.0,0.0,0.0,-990.0,2630.0,yonden
2017,4,2017-04-06,00:00,2560.0,890.0,2440.0,130.0,－－－－－－－－－－,10.0,0.0,0.0,100.0,0.0,0.0,-1010.0,2560.0,yonden
2017,4,2017-04-06,01:00,2690.0,880.0,2480.0,130.0,－－－－－－－－－－,10.0,0.0,0.0,100.0,0.0,0.0,-910.0,2690.0,yonden
2017,4,2017-04-06,02:00,2930.0,890.0,2660.0,160.0,－－－－－－－－－－,10.0,0.0,0.0,90.0,0.0,0.0,-880.0,2930.0,yonden
2017,4,2017-04-06,03:00,3100.0,890.0,2720.0,230.0,－－－－－－－－－－,10.0,0.0,0.0,100.0,0.0,0.0,-850.0,3100.0,yonden
2017,4,2017-04-06,04:00,3110.0,890.0,2730.0,230.0,－－－－－－－－－－,10.0,0.0,0.0,100.0,0.0,0.0,-850.0,3110.0,yonden
2017,4,2017-04-06,05:00,3000.0,890.0,2680.0,200.0,－－－－－－－－－－,10.0,0.0,0.0,90.0,0.0,0.0,-870.0,3000.0,yonden
2017,4,2017-04-06,06:00,2900.0,890.0,2630.0,190.0,－－－－－－－－－－,10.0,80.0,0.0,90.0,0.0,0.0,-990.0,2900.0,yonden
2017,4,2017-04-06,07:00,2820.0,890.0,2560.0,130.0,－－－－－－－－－－,10.0,200.0,0.0,90.0,0.0,0.0,-1060.0,2820.0,yonden
2017,4,2017-04-06,08:00,3120.0,890.0,2910.0,160.0,－－－－－－－－－－,10.0,320.0,0.0,100.0,0.0,0.0,-1270.0,3120.0,yonden
2017,4,2017-04-06,09:00,3260.0,890.0,3040.0,270.0,－－－－－－－－－－,10.0,370.0,0.0,100.0,0.0,0.0,-1420.0,3260.0,yonden
2017,4,2017-04-06,10:00,3270.0,890.0,3030.0,240.0,－－－－－－－－－－,10.0,430.0,0.0,100.0,0.0,0.0,-1430.0,3270.0,yonden
2017,4,2017-04-06,11:00,3310.0,890.0,3060.0,270.0,－－－－－－－－－－,10.0,390.0,0.0,100.0,0.0,0.0,-1410.0,3310.0,yonden
2017,4,2017-04-06,12:00,3110.0,890.0,2890.0,250.0,－－－－－－－－－－,10.0,350.0,0.0,100.0,0.0,0.0,-1380.0,3110.0,yonden
2017,4,2017-04-06,13:00,3350.0,880.0,3130.0,260.0,－－－－－－－－－－,10.0,230.0,0.0,100.0,0.0,120.0,-1380.0,3350.0,yonden
2017,4,2017-04-06,14:00,3290.0,880.0,3270.0,240.0,－－－－－－－－－－,10.0,170.0,0.0,100.0,0.0,10.0,-1390.0,3290.0,yonden
2017,4,2017-04-06,15:00,3250.0,880.0,3210.0,270.0,－－－－－－－－－－,10.0,130.0,0.0,100.0,0.0,0.0,-1350.0,3250.0,yonden
2017,4,2017-04-06,16:00,3300.0,890.0,3250.0,290.0,－－－－－－－－－－,10.0,80.0,0.0,100.0,0.0,0.0,-1320.0,3300.0,yonden
2017,4,2017-04-06,17:00,3320.0,880.0,3300.0,350.0,－－－－－－－－－－,10.0,40.0,0.0,100.0,0.0,10.0,-1370.0,3320.0,yonden
2017,4,2017-04-06,18:00,3390.0,880.0,3250.0,460.0,－－－－－－－－－－,10.0,0.0,0.0,100.0,0.0,170.0,-1480.0,3390.0,yonden
2017,4,2017-04-06,19:00,3310.0,880.0,3110.0,440.0,－－－－－－－－－－,10.0,0.0,0.0,100.0,0.0,170.0,-1400.0,3310.0,yonden
2017,4,2017-04-06,20:00,3160.0,890.0,3040.0,370.0,－－－－－－－－－－,10.0,0.0,0.0,100.0,0.0,0.0,-1250.0,3160.0,yonden
2017,4,2017-04-06,21:00,2980.0,890.0,2870.0,270.0,－－－－－－－－－－,10.0,0.0,0.0,110.0,0.0,0.0,-1170.0,2980.0,yonden
2017,4,2017-04-06,22:00,2750.0,890.0,2590.0,220.0,－－－－－－－－－－,10.0,0.0,0.0,110.0,0.0,0.0,-1070.0,2750.0,yonden
2017,4,2017-04-06,23:00,2650.0,880.0,2450.0,210.0,－－－－－－－－－－,10.0,0.0,0.0,100.0,0.0,0.0,-1000.0,2650.0,yonden
2017,4,2017-04-07,00:00,2580.0,880.0,2470.0,220.0,－－－－－－－－－－,10.0,0.0,0.0,100.0,0.0,0.0,-1100.0,2580.0,yonden
2017,4,2017-04-07,01:00,2700.0,890.0,2490.0,200.0,－－－－－－－－－－,10.0,0.0,0.0,90.0,0.0,0.0,-980.0,2700.0,yonden
2017,4,2017-04-07,02:00,2960.0,880.0,2560.0,230.0,－－－－－－－－－－,10.0,0.0,0.0,90.0,0.0,0.0,-810.0,2960.0,yonden
2017,4,2017-04-07,03:00,3130.0,880.0,2670.0,280.0,－－－－－－－－－－,10.0,0.0,0.0,90.0,0.0,0.0,-800.0,3130.0,yonden
2017,4,2017-04-07,04:00,3140.0,880.0,2660.0,300.0,－－－－－－－－－－,10.0,0.0,0.0,90.0,0.0,0.0,-800.0,3140.0,yonden
2017,4,2017-04-07,05:00,2990.0,890.0,2540.0,310.0,－－－－－－－－－－,10.0,0.0,0.0,80.0,0.0,0.0,-840.0,2990.0,yonden
2017,4,2017-04-07,06:00,2900.0,880.0,2510.0,330.0,－－－－－－－－－－,10.0,30.0,0.0,80.0,0.0,0.0,-940.0,2900.0,yonden
2017,4,2017-04-07,07:00,2890.0,880.0,2610.0,290.0,－－－－－－－－－－,10.0,80.0,0.0,60.0,0.0,0.0,-1040.0,2890.0,yonden
2017,4,2017-04-07,08:00,3190.0,880.0,2910.0,390.0,－－－－－－－－－－,10.0,220.0,0.0,40.0,0.0,0.0,-1260.0,3190.0,yonden
2017,4,2017-04-07,09:00,3340.0,880.0,3060.0,460.0,－－－－－－－－－－,10.0,380.0,0.0,30.0,0.0,0.0,-1480.0,3340.0,yonden
2017,4,2017-04-07,10:00,3320.0,880.0,2930.0,430.0,－－－－－－－－－－,10.0,560.0,0.0,30.0,0.0,0.0,-1520.0,3320.0,yonden
2017,4,2017-04-07,11:00,3340.0,890.0,2910.0,460.0,－－－－－－－－－－,10.0,620.0,0.0,30.0,0.0,0.0,-1580.0,3340.0,yonden
2017,4,2017-04-07,12:00,3110.0,880.0,2990.0,420.0,－－－－－－－－－－,10.0,440.0,0.0,20.0,0.0,0.0,-1650.0,3110.0,yonden
2017,4,2017-04-07,13:00,3270.0,880.0,3210.0,380.0,－－－－－－－－－－,10.0,330.0,0.0,10.0,0.0,0.0,-1550.0,3270.0,yonden
2017,4,2017-04-07,14:00,3250.0,880.0,3210.0,380.0,－－－－－－－－－－,10.0,200.0,0.0,10.0,0.0,0.0,-1440.0,3250.0,yonden
2017,4,2017-04-07,15:00,3280.0,880.0,3300.0,390.0,－－－－－－－－－－,10.0,130.0,0.0,0.0,0.0,0.0,-1430.0,3280.0,yonden
2017,4,2017-04-07,16:00,3310.0,880.0,3350.0,420.0,－－－－－－－－－－,10.0,80.0,0.0,0.0,0.0,90.0,-1520.0,3310.0,yonden
2017,4,2017-04-07,17:00,3270.0,880.0,3350.0,480.0,－－－－－－－－－－,10.0,30.0,0.0,10.0,0.0,200.0,-1690.0,3270.0,yonden
2017,4,2017-04-07,18:00,3330.0,880.0,3340.0,510.0,－－－－－－－－－－,10.0,0.0,0.0,10.0,0.0,230.0,-1650.0,3330.0,yonden
2017,4,2017-04-07,19:00,3230.0,880.0,3200.0,530.0,－－－－－－－－－－,10.0,0.0,0.0,10.0,0.0,200.0,-1600.0,3230.0,yonden
2017,4,2017-04-07,20:00,3070.0,880.0,3040.0,450.0,－－－－－－－－－－,10.0,0.0,0.0,0.0,0.0,170.0,-1480.0,3070.0,yonden
2017,4,2017-04-07,21:00,2880.0,880.0,2800.0,390.0,－－－－－－－－－－,10.0,0.0,0.0,10.0,0.0,0.0,-1210.0,2880.0,yonden
2017,4,2017-04-07,22:00,2690.0,880.0,2460.0,350.0,－－－－－－－－－－,10.0,0.0,0.0,10.0,0.0,0.0,-1020.0,2690.0,yonden
2017,4,2017-04-07,23:00,2580.0,880.0,2300.0,370.0,－－－－－－－－－－,10.0,0.0,0.0,10.0,0.0,0.0,-990.0,2580.0,yonden
2017,4,2017-04-08,00:00,2510.0,880.0,2400.0,370.0,－－－－－－－－－－,10.0,0.0,0.0,10.0,0.0,0.0,-1160.0,2510.0,yonden
2017,4,2017-04-08,01:00,2580.0,880.0,2380.0,380.0,－－－－－－－－－－,10.0,0.0,0.0,20.0,0.0,0.0,-1090.0,2580.0,yonden
2017,4,2017-04-08,02:00,2830.0,880.0,2420.0,450.0,－－－－－－－－－－,10.0,0.0,0.0,20.0,0.0,0.0,-950.0,2830.0,yonden
2017,4,2017-04-08,03:00,2960.0,880.0,2450.0,470.0,－－－－－－－－－－,10.0,0.0,0.0,20.0,0.0,0.0,-870.0,2960.0,yonden
2017,4,2017-04-08,04:00,2930.0,880.0,2430.0,460.0,－－－－－－－－－－,10.0,0.0,0.0,20.0,0.0,0.0,-870.0,2930.0,yonden
2017,4,2017-04-08,05:00,2730.0,890.0,2310.0,400.0,－－－－－－－－－－,10.0,0.0,0.0,20.0,0.0,0.0,-900.0,2730.0,yonden
2017,4,2017-04-08,06:00,2550.0,890.0,2210.0,390.0,－－－－－－－－－－,10.0,50.0,0.0,20.0,0.0,0.0,-1020.0,2550.0,yonden
2017,4,2017-04-08,07:00,2510.0,890.0,2120.0,360.0,－－－－－－－－－－,10.0,130.0,0.0,20.0,0.0,0.0,-1020.0,2510.0,yonden
2017,4,2017-04-08,08:00,2690.0,890.0,2250.0,390.0,－－－－－－－－－－,10.0,220.0,0.0,20.0,0.0,0.0,-1090.0,2690.0,yonden
2017,4,2017-04-08,09:00,2760.0,890.0,2380.0,380.0,－－－－－－－－－－,10.0,320.0,0.0,20.0,0.0,0.0,-1240.0,2760.0,yonden
2017,4,2017-04-08,10:00,2810.0,880.0,2500.0,450.0,－－－－－－－－－－,10.0,410.0,0.0,30.0,0.0,0.0,-1470.0,2810.0,yonden
2017,4,2017-04-08,11:00,2830.0,880.0,2580.0,450.0,－－－－－－－－－－,10.0,380.0,0.0,50.0,0.0,0.0,-1520.0,2830.0,yonden
2017,4,2017-04-08,12:00,2730.0,890.0,2440.0,400.0,－－－－－－－－－－,10.0,320.0,0.0,60.0,0.0,0.0,-1390.0,2730.0,yonden
2017,4,2017-04-08,13:00,2810.0,880.0,2560.0,380.0,－－－－－－－－－－,10.0,220.0,0.0,60.0,0.0,0.0,-1300.0,2810.0,yonden
2017,4,2017-04-08,14:00,2850.0,880.0,2650.0,380.0,－－－－－－－－－－,10.0,150.0,0.0,70.0,0.0,0.0,-1290.0,2850.0,yonden
2017,4,2017-04-08,15:00,2800.0,880.0,2710.0,410.0,－－－－－－－－－－,10.0,110.0,0.0,70.0,0.0,0.0,-1390.0,2800.0,yonden
2017,4,2017-04-08,16:00,2790.0,880.0,2560.0,410.0,－－－－－－－－－－,10.0,90.0,0.0,70.0,0.0,0.0,-1230.0,2790.0,yonden
2017,4,2017-04-08,17:00,2870.0,880.0,2630.0,490.0,－－－－－－－－－－,10.0,40.0,0.0,50.0,0.0,0.0,-1230.0,2870.0,yonden
2017,4,2017-04-08,18:00,2980.0,880.0,2730.0,520.0,－－－－－－－－－－,10.0,0.0,0.0,20.0,0.0,0.0,-1180.0,2980.0,yonden
2017,4,2017-04-08,19:00,2930.0,880.0,2760.0,540.0,－－－－－－－－－－,10.0,0.0,0.0,10.0,0.0,0.0,-1270.0,2930.0,yonden
2017,4,2017-04-08,20:00,2810.0,880.0,2660.0,440.0,－－－－－－－－－－,10.0,0.0,0.0,0.0,0.0,0.0,-1180.0,2810.0,yonden
2017,4,2017-04-08,21:00,2660.0,880.0,2420.0,370.0,－－－－－－－－－－,10.0,0.0,0.0,0.0,0.0,0.0,-1020.0,2660.0,yonden
2017,4,2017-04-08,22:00,2530.0,880.0,2300.0,390.0,－－－－－－－－－－,10.0,0.0,0.0,0.0,0.0,0.0,-1050.0,2530.0,yonden
2017,4,2017-04-08,23:00,2460.0,880.0,2230.0,390.0,－－－－－－－－－－,10.0,0.0,0.0,0.0,0.0,0.0,-1050.0,2460.0,yonden
2017,4,2017-04-09,00:00,2410.0,880.0,2110.0,380.0,－－－－－－－－－－,10.0,0.0,0.0,0.0,0.0,0.0,-970.0,2410.0,yonden
2017,4,2017-04-09,01:00,2500.0,880.0,2060.0,410.0,－－－－－－－－－－,10.0,0.0,0.0,10.0,0.0,0.0,-870.0,2500.0,yonden
2017,4,2017-04-09,02:00,2730.0,880.0,2070.0,470.0,－－－－－－－－－－,10.0,0.0,0.0,20.0,0.0,0.0,-720.0,2730.0,yonden
2017,4,2017-04-09,03:00,2900.0,880.0,2190.0,580.0,－－－－－－－－－－,10.0,0.0,0.0,40.0,0.0,0.0,-800.0,2900.0,yonden
2017,4,2017-04-09,04:00,2900.0,880.0,2210.0,540.0,－－－－－－－－－－,10.0,0.0,0.0,70.0,0.0,0.0,-810.0,2900.0,yonden
2017,4,2017-04-09,05:00,2680.0,880.0,2070.0,510.0,－－－－－－－－－－,10.0,0.0,0.0,80.0,0.0,0.0,-870.0,2680.0,yonden
2017,4,2017-04-09,06:00,2450.0,880.0,2050.0,470.0,－－－－－－－－－－,10.0,60.0,0.0,70.0,0.0,0.0,-1090.0,2450.0,yonden
2017,4,2017-04-09,07:00,2350.0,880.0,2150.0,470.0,－－－－－－－－－－,10.0,130.0,0.0,70.0,0.0,0.0,-1360.0,2350.0,yonden
2017,4,2017-04-09,08:00,2430.0,880.0,2320.0,420.0,－－－－－－－－－－,10.0,290.0,0.0,80.0,0.0,0.0,-1570.0,2430.0,yonden
2017,4,2017-04-09,09:00,2420.0,880.0,2220.0,400.0,－－－－－－－－－－,10.0,670.0,0.0,70.0,0.0,-170.0,-1660.0,2420.0,yonden
2017,4,2017-04-09,10:00,2450.0,880.0,2360.0,410.0,－－－－－－－－－－,10.0,850.0,0.0,70.0,0.0,-550.0,-1580.0,2450.0,yonden
2017,4,2017-04-09,11:00,2460.0,880.0,2220.0,410.0,－－－－－－－－－－,10.0,870.0,0.0,70.0,0.0,-590.0,-1410.0,2460.0,yonden
2017,4,2017-04-09,12:00,2440.0,880.0,2060.0,430.0,－－－－－－－－－－,10.0,920.0,0.0,60.0,0.0,-590.0,-1330.0,2440.0,yonden
2017,4,2017-04-09,13:00,2380.0,880.0,2140.0,450.0,－－－－－－－－－－,10.0,730.0,0.0,60.0,0.0,-470.0,-1420.0,2380.0,yonden
2017,4,2017-04-09,14:00,2370.0,880.0,2100.0,390.0,－－－－－－－－－－,10.0,720.0,0.0,60.0,0.0,-300.0,-1490.0,2370.0,yonden
2017,4,2017-04-09,15:00,2410.0,880.0,2270.0,430.0,－－－－－－－－－－,10.0,490.0,0.0,60.0,0.0,-120.0,-1610.0,2410.0,yonden
2017,4,2017-04-09,16:00,2500.0,880.0,2370.0,430.0,－－－－－－－－－－,10.0,250.0,0.0,60.0,0.0,0.0,-1500.0,2500.0,yonden
2017,4,2017-04-09,17:00,2620.0,880.0,2370.0,450.0,－－－－－－－－－－,10.0,70.0,0.0,60.0,0.0,0.0,-1220.0,2620.0,yonden
2017,4,2017-04-09,18:00,2770.0,880.0,2520.0,500.0,－－－－－－－－－－,10.0,0.0,0.0,60.0,0.0,0.0,-1200.0,2770.0,yonden
2017,4,2017-04-09,19:00,2790.0,880.0,2520.0,570.0,－－－－－－－－－－,10.0,0.0,0.0,50.0,0.0,0.0,-1240.0,2790.0,yonden
2017,4,2017-04-09,20:00,2710.0,880.0,2380.0,550.0,－－－－－－－－－－,10.0,0.0,0.0,50.0,0.0,0.0,-1160.0,2710.0,yonden
2017,4,2017-04-09,21:00,2600.0,880.0,2270.0,420.0,－－－－－－－－－－,10.0,0.0,0.0,60.0,0.0,0.0,-1040.0,2600.0,yonden
2017,4,2017-04-09,22:00,2420.0,880.0,2080.0,380.0,－－－－－－－－－－,10.0,0.0,0.0,60.0,0.0,0.0,-990.0,2420.0,yonden
2017,4,2017-04-09,23:00,2380.0,880.0,2070.0,370.0,－－－－－－－－－－,10.0,0.0,0.0,60.0,0.0,0.0,-1010.0,2380.0,yonden
2017,4,2017-04-10,00:00,2330.0,880.0,2080.0,360.0,－－－－－－－－－－,10.0,0.0,0.0,70.0,0.0,0.0,-1070.0,2330.0,yonden
2017,4,2017-04-10,01:00,2430.0,880.0,2030.0,350.0,－－－－－－－－－－,10.0,0.0,0.0,70.0,0.0,0.0,-910.0,2430.0,yonden
2017,4,2017-04-10,02:00,2690.0,880.0,2140.0,410.0,－－－－－－－－－－,10.0,0.0,0.0,60.0,0.0,0.0,-810.0,2690.0,yonden
2017,4,2017-04-10,03:00,2910.0,880.0,2310.0,530.0,－－－－－－－－－－,10.0,0.0,0.0,50.0,0.0,0.0,-870.0,2910.0,yonden
2017,4,2017-04-10,04:00,2940.0,880.0,2370.0,490.0,－－－－－－－－－－,10.0,0.0,0.0,50.0,0.0,0.0,-860.0,2940.0,yonden
2017,4,2017-04-10,05:00,2850.0,880.0,2320.0,460.0,－－－－－－－－－－,10.0,0.0,0.0,30.0,0.0,0.0,-850.0,2850.0,yonden
2017,4,2017-04-10,06:00,2810.0,880.0,2330.0,390.0,－－－－－－－－－－,10.0,50.0,0.0,10.0,0.0,0.0,-860.0,2810.0,yonden
2017,4,2017-04-10,07:00,2800.0,880.0,2400.0,360.0,－－－－－－－－－－,10.0,90.0,0.0,10.0,0.0,0.0,-950.0,2800.0,yonden
2017,4,2017-04-10,08:00,3170.0,880.0,2890.0,480.0,－－－－－－－－－－,10.0,130.0,0.0,10.0,0.0,0.0,-1230.0,3170.0,yonden
2017,4,2017-04-10,09:00,3340.0,880.0,3160.0,500.0,－－－－－－－－－－,10.0,210.0,0.0,20.0,0.0,0.0,-1440.0,3340.0,yonden
2017,4,2017-04-10,10:00,3370.0,880.0,3230.0,420.0,－－－－－－－－－－,10.0,300.0,0.0,30.0,0.0,0.0,-1500.0,3370.0,yonden
2017,4,2017-04-10,11:00,3430.0,880.0,3300.0,450.0,－－－－－－－－－－,10.0,290.0,0.0,30.0,0.0,0.0,-1530.0,3430.0,yonden
2017,4,2017-04-10,12:00,3260.0,880.0,3120.0,470.0,－－－－－－－－－－,10.0,230.0,0.0,40.0,0.0,0.0,-1490.0,3260.0,yonden
2017,4,2017-04-10,13:00,3490.0,880.0,3360.0,570.0,－－－－－－－－－－,10.0,160.0,0.0,40.0,0.0,0.0,-1530.0,3490.0,yonden
2017,4,2017-04-10,14:00,3520.0,880.0,3360.0,470.0,－－－－－－－－－－,10.0,130.0,0.0,40.0,0.0,80.0,-1450.0,3520.0,yonden
2017,4,2017-04-10,15:00,3530.0,880.0,3270.0,430.0,－－－－－－－－－－,10.0,100.0,0.0,40.0,0.0,190.0,-1390.0,3530.0,yonden
2017,4,2017-04-10,16:00,3580.0,880.0,3310.0,440.0,－－－－－－－－－－,10.0,60.0,0.0,40.0,0.0,190.0,-1350.0,3580.0,yonden
2017,4,2017-04-10,17:00,3560.0,880.0,3240.0,580.0,－－－－－－－－－－,10.0,30.0,0.0,40.0,0.0,190.0,-1410.0,3560.0,yonden
2017,4,2017-04-10,18:00,3590.0,880.0,3200.0,650.0,－－－－－－－－－－,10.0,0.0,0.0,40.0,0.0,190.0,-1380.0,3590.0,yonden
2017,4,2017-04-10,19:00,3460.0,880.0,3070.0,650.0,－－－－－－－－－－,10.0,0.0,0.0,30.0,0.0,190.0,-1370.0,3460.0,yonden
2017,4,2017-04-10,20:00,3310.0,880.0,2990.0,490.0,－－－－－－－－－－,10.0,0.0,0.0,40.0,0.0,190.0,-1290.0,3310.0,yonden
2017,4,2017-04-10,21:00,3080.0,880.0,2840.0,410.0,－－－－－－－－－－,10.0,0.0,0.0,40.0,0.0,70.0,-1170.0,3080.0,yonden
2017,4,2017-04-10,22:00,2870.0,880.0,2570.0,410.0,－－－－－－－－－－,10.0,0.0,0.0,40.0,0.0,0.0,-1040.0,2870.0,yonden
2017,4,2017-04-10,23:00,2750.0,880.0,2480.0,410.0,－－－－－－－－－－,10.0,0.0,0.0,50.0,0.0,0.0,-1080.0,2750.0,yonden
2017,4,2017-04-11,00:00,2660.0,880.0,2440.0,430.0,－－－－－－－－－－,10.0,0.0,0.0,50.0,0.0,0.0,-1150.0,2660.0,yonden
2017,4,2017-04-11,01:00,2740.0,880.0,2420.0,450.0,－－－－－－－－－－,10.0,0.0,0.0,50.0,0.0,0.0,-1070.0,2740.0,yonden
2017,4,2017-04-11,02:00,2970.0,880.0,2470.0,480.0,－－－－－－－－－－,10.0,0.0,0.0,40.0,0.0,0.0,-910.0,2970.0,yonden
2017,4,2017-04-11,03:00,3150.0,880.0,2590.0,510.0,－－－－－－－－－－,10.0,0.0,0.0,40.0,0.0,0.0,-880.0,3150.0,yonden
2017,4,2017-04-11,04:00,3180.0,880.0,2550.0,550.0,－－－－－－－－－－,10.0,0.0,0.0,40.0,0.0,0.0,-850.0,3180.0,yonden
2017,4,2017-04-11,05:00,3070.0,880.0,2540.0,520.0,－－－－－－－－－－,10.0,0.0,0.0,40.0,0.0,0.0,-920.0,3070.0,yonden
2017,4,2017-04-11,06:00,3020.0,880.0,2680.0,470.0,－－－－－－－－－－,10.0,30.0,0.0,50.0,0.0,0.0,-1100.0,3020.0,yonden
2017,4,2017-04-11,07:00,3040.0,880.0,2770.0,460.0,－－－－－－－－－－,10.0,80.0,0.0,50.0,0.0,0.0,-1210.0,3040.0,yonden
2017,4,2017-04-11,08:00,3330.0,880.0,3150.0,510.0,－－－－－－－－－－,10.0,140.0,0.0,50.0,0.0,0.0,-1410.0,3330.0,yonden
2017,4,2017-04-11,09:00,3450.0,880.0,3310.0,580.0,－－－－－－－－－－,10.0,180.0,0.0,50.0,0.0,0.0,-1560.0,3450.0,yonden
2017,4,2017-04-11,10:00,3420.0,880.0,3260.0,530.0,－－－－－－－－－－,10.0,210.0,0.0,50.0,0.0,0.0,-1520.0,3420.0,yonden
2017,4,2017-04-11,11:00,3440.0,880.0,3240.0,520.0,－－－－－－－－－－,10.0,240.0,0.0,70.0,0.0,0.0,-1520.0,3440.0,yonden
2017,4,2017-04-11,12:00,3220.0,880.0,2980.0,520.0,－－－－－－－－－－,10.0,290.0,0.0,60.0,0.0,0.0,-1520.0,3220.0,yonden
2017,4,2017-04-11,13:00,3390.0,880.0,3220.0,520.0,－－－－－－－－－－,10.0,250.0,0.0,50.0,0.0,60.0,-1600.0,3390.0,yonden
2017,4,2017-04-11,14:00,3370.0,880.0,3090.0,520.0,－－－－－－－－－－,10.0,240.0,0.0,60.0,0.0,140.0,-1570.0,3370.0,yonden
2017,4,2017-04-11,15:00,3360.0,880.0,2970.0,510.0,－－－－－－－－－－,10.0,280.0,0.0,70.0,0.0,140.0,-1500.0,3360.0,yonden
2017,4,2017-04-11,16:00,3440.0,880.0,3110.0,510.0,－－－－－－－－－－,10.0,140.0,0.0,100.0,0.0,140.0,-1450.0,3440.0,yonden
2017,4,2017-04-11,17:00,3420.0,880.0,3120.0,520.0,－－－－－－－－－－,10.0,50.0,0.0,120.0,0.0,140.0,-1420.0,3420.0,yonden
2017,4,2017-04-11,18:00,3470.0,880.0,3260.0,560.0,－－－－－－－－－－,10.0,0.0,0.0,110.0,0.0,20.0,-1370.0,3470.0,yonden
2017,4,2017-04-11,19:00,3410.0,880.0,3240.0,530.0,－－－－－－－－－－,10.0,0.0,0.0,130.0,0.0,0.0,-1380.0,3410.0,yonden
2017,4,2017-04-11,20:00,3250.0,880.0,3040.0,500.0,－－－－－－－－－－,10.0,0.0,0.0,130.0,0.0,0.0,-1310.0,3250.0,yonden
2017,4,2017-04-11,21:00,3050.0,880.0,2750.0,510.0,－－－－－－－－－－,10.0,0.0,0.0,130.0,0.0,0.0,-1230.0,3050.0,yonden
2017,4,2017-04-11,22:00,2860.0,880.0,2470.0,500.0,－－－－－－－－－－,10.0,0.0,0.0,120.0,0.0,0.0,-1120.0,2860.0,yonden
2017,4,2017-04-11,23:00,2750.0,880.0,2360.0,510.0,－－－－－－－－－－,10.0,0.0,0.0,120.0,0.0,0.0,-1130.0,2750.0,yonden
2017,4,2017-04-12,00:00,2670.0,880.0,2280.0,510.0,－－－－－－－－－－,10.0,0.0,0.0,120.0,0.0,0.0,-1130.0,2670.0,yonden
2017,4,2017-04-12,01:00,2750.0,880.0,2310.0,490.0,－－－－－－－－－－,10.0,0.0,0.0,110.0,0.0,0.0,-1050.0,2750.0,yonden
2017,4,2017-04-12,02:00,2990.0,880.0,2440.0,490.0,－－－－－－－－－－,10.0,0.0,0.0,100.0,0.0,0.0,-930.0,2990.0,yonden
2017,4,2017-04-12,03:00,3170.0,880.0,2470.0,530.0,－－－－－－－－－－,10.0,0.0,0.0,110.0,0.0,0.0,-830.0,3170.0,yonden
2017,4,2017-04-12,04:00,3190.0,880.0,2490.0,570.0,－－－－－－－－－－,10.0,0.0,0.0,90.0,0.0,0.0,-850.0,3190.0,yonden
2017,4,2017-04-12,05:00,3090.0,880.0,2540.0,540.0,－－－－－－－－－－,10.0,0.0,0.0,90.0,0.0,0.0,-970.0,3090.0,yonden
2017,4,2017-04-12,06:00,3040.0,880.0,2630.0,520.0,－－－－－－－－－－,10.0,120.0,0.0,90.0,0.0,0.0,-1210.0,3040.0,yonden
2017,4,2017-04-12,07:00,2930.0,880.0,2480.0,480.0,－－－－－－－－－－,10.0,250.0,0.0,80.0,0.0,0.0,-1250.0,2930.0,yonden
2017,4,2017-04-12,08:00,3170.0,880.0,2640.0,490.0,－－－－－－－－－－,10.0,360.0,0.0,80.0,0.0,0.0,-1290.0,3170.0,yonden
2017,4,2017-04-12,09:00,3220.0,880.0,2610.0,460.0,－－－－－－－－－－,10.0,640.0,0.0,60.0,0.0,0.0,-1440.0,3220.0,yonden
2017,4,2017-04-12,10:00,3190.0,880.0,2540.0,490.0,－－－－－－－－－－,10.0,950.0,0.0,40.0,0.0,-130.0,-1590.0,3190.0,yonden
2017,4,2017-04-12,11:00,3200.0,880.0,2560.0,530.0,－－－－－－－－－－,10.0,980.0,0.0,40.0,0.0,-310.0,-1490.0,3200.0,yonden
2017,4,2017-04-12,12:00,2990.0,880.0,2430.0,500.0,－－－－－－－－－－,10.0,960.0,0.0,50.0,0.0,-310.0,-1530.0,2990.0,yonden
2017,4,2017-04-12,13:00,3170.0,890.0,2470.0,480.0,－－－－－－－－－－,10.0,980.0,0.0,50.0,0.0,-300.0,-1410.0,3170.0,yonden
2017,4,2017-04-12,14:00,3190.0,880.0,2460.0,490.0,－－－－－－－－－－,10.0,870.0,0.0,70.0,0.0,-160.0,-1430.0,3190.0,yonden
2017,4,2017-04-12,15:00,3150.0,880.0,2560.0,470.0,－－－－－－－－－－,10.0,710.0,0.0,80.0,0.0,0.0,-1560.0,3150.0,yonden
2017,4,2017-04-12,16:00,3200.0,880.0,2780.0,520.0,－－－－－－－－－－,10.0,520.0,0.0,80.0,0.0,0.0,-1590.0,3200.0,yonden
2017,4,2017-04-12,17:00,3150.0,880.0,2960.0,520.0,－－－－－－－－－－,10.0,230.0,0.0,80.0,0.0,220.0,-1750.0,3150.0,yonden
2017,4,2017-04-12,18:00,3250.0,880.0,2960.0,650.0,－－－－－－－－－－,10.0,10.0,0.0,70.0,0.0,320.0,-1650.0,3250.0,yonden
2017,4,2017-04-12,19:00,3240.0,880.0,2970.0,620.0,－－－－－－－－－－,10.0,0.0,0.0,70.0,0.0,320.0,-1630.0,3240.0,yonden
2017,4,2017-04-12,20:00,3140.0,880.0,2820.0,480.0,－－－－－－－－－－,10.0,0.0,0.0,60.0,0.0,310.0,-1420.0,3140.0,yonden
2017,4,2017-04-12,21:00,2960.0,880.0,2580.0,460.0,－－－－－－－－－－,10.0,0.0,0.0,40.0,0.0,270.0,-1280.0,2960.0,yonden
2017,4,2017-04-12,22:00,2770.0,880.0,2510.0,490.0,－－－－－－－－－－,10.0,0.0,0.0,40.0,0.0,40.0,-1200.0,2770.0,yonden
2017,4,2017-04-12,23:00,2680.0,880.0,2480.0,480.0,－－－－－－－－－－,10.0,0.0,0.0,30.0,0.0,0.0,-1200.0,2680.0,yonden
2017,4,2017-04-13,00:00,2620.0,880.0,2410.0,450.0,－－－－－－－－－－,10.0,0.0,0.0,30.0,0.0,0.0,-1160.0,2620.0,yonden
2017,4,2017-04-13,01:00,2720.0,880.0,2400.0,490.0,－－－－－－－－－－,10.0,0.0,0.0,20.0,0.0,0.0,-1080.0,2720.0,yonden
2017,4,2017-04-13,02:00,2960.0,880.0,2390.0,530.0,－－－－－－－－－－,10.0,0.0,0.0,30.0,0.0,0.0,-880.0,2960.0,yonden
2017,4,2017-04-13,03:00,3170.0,880.0,2520.0,620.0,－－－－－－－－－－,10.0,0.0,0.0,40.0,0.0,0.0,-900.0,3170.0,yonden
2017,4,2017-04-13,04:00,3210.0,880.0,2630.0,590.0,－－－－－－－－－－,10.0,0.0,0.0,50.0,0.0,0.0,-950.0,3210.0,yonden
2017,4,2017-04-13,05:00,3150.0,880.0,2620.0,520.0,－－－－－－－－－－,10.0,0.0,0.0,40.0,0.0,0.0,-920.0,3150.0,yonden
2017,4,2017-04-13,06:00,3110.0,880.0,2620.0,560.0,－－－－－－－－－－,10.0,190.0,0.0,30.0,0.0,0.0,-1180.0,3110.0,yonden
2017,4,2017-04-13,07:00,2880.0,880.0,2380.0,510.0,－－－－－－－－－－,10.0,530.0,0.0,30.0,0.0,0.0,-1460.0,2880.0,yonden
2017,4,2017-04-13,08:00,3050.0,880.0,2370.0,520.0,－－－－－－－－－－,10.0,890.0,0.0,30.0,0.0,0.0,-1650.0,3050.0,yonden
2017,4,2017-04-13,09:00,3170.0,880.0,2410.0,500.0,－－－－－－－－－－,10.0,1220.0,0.0,30.0,0.0,-110.0,-1770.0,3170.0,yonden
2017,4,2017-04-13,10:00,3200.0,880.0,2360.0,500.0,－－－－－－－－－－,10.0,1440.0,0.0,30.0,0.0,-310.0,-1710.0,3200.0,yonden
2017,4,2017-04-13,11:00,3190.0,880.0,2300.0,440.0,－－－－－－－－－－,10.0,1520.0,0.0,40.0,0.0,-310.0,-1690.0,3190.0,yonden
2017,4,2017-04-13,12:00,3010.0,880.0,2310.0,460.0,－－－－－－－－－－,10.0,1540.0,0.0,50.0,0.0,-530.0,-1710.0,3010.0,yonden
2017,4,2017-04-13,13:00,3180.0,880.0,2320.0,450.0,－－－－－－－－－－,10.0,1490.0,0.0,50.0,0.0,-300.0,-1720.0,3180.0,yonden
2017,4,2017-04-13,14:00,3190.0,880.0,2430.0,460.0,－－－－－－－－－－,10.0,1330.0,0.0,60.0,0.0,-280.0,-1700.0,3190.0,yonden
2017,4,2017-04-13,15:00,3150.0,880.0,2430.0,410.0,－－－－－－－－－－,10.0,1050.0,0.0,70.0,0.0,0.0,-1700.0,3150.0,yonden
2017,4,2017-04-13,16:00,3210.0,880.0,2830.0,510.0,－－－－－－－－－－,10.0,680.0,0.0,70.0,0.0,30.0,-1800.0,3210.0,yonden
2017,4,2017-04-13,17:00,3200.0,880.0,2880.0,560.0,－－－－－－－－－－,10.0,290.0,0.0,40.0,0.0,310.0,-1770.0,3200.0,yonden
2017,4,2017-04-13,18:00,3220.0,880.0,2960.0,630.0,－－－－－－－－－－,10.0,20.0,0.0,20.0,0.0,320.0,-1620.0,3220.0,yonden
2017,4,2017-04-13,19:00,3250.0,890.0,3030.0,640.0,－－－－－－－－－－,10.0,0.0,0.0,20.0,0.0,320.0,-1660.0,3250.0,yonden
2017,4,2017-04-13,20:00,3140.0,890.0,2920.0,560.0,－－－－－－－－－－,10.0,0.0,0.0,10.0,0.0,320.0,-1570.0,3140.0,yonden
2017,4,2017-04-13,21:00,2950.0,890.0,2660.0,510.0,－－－－－－－－－－,10.0,0.0,0.0,10.0,0.0,190.0,-1320.0,2950.0,yonden
2017,4,2017-04-13,22:00,2780.0,890.0,2670.0,470.0,－－－－－－－－－－,10.0,0.0,0.0,10.0,0.0,0.0,-1270.0,2780.0,yonden
2017,4,2017-04-13,23:00,2660.0,880.0,2500.0,430.0,－－－－－－－－－－,10.0,0.0,0.0,20.0,0.0,0.0,-1180.0,2660.0,yonden
2017,4,2017-04-14,00:00,2580.0,880.0,2300.0,430.0,－－－－－－－－－－,10.0,0.0,0.0,20.0,0.0,0.0,-1060.0,2580.0,yonden
2017,4,2017-04-14,01:00,2690.0,880.0,2400.0,430.0,－－－－－－－－－－,10.0,0.0,0.0,10.0,0.0,0.0,-1040.0,2690.0,yonden
2017,4,2017-04-14,02:00,2920.0,880.0,2480.0,490.0,－－－－－－－－－－,10.0,0.0,0.0,20.0,0.0,0.0,-960.0,2920.0,yonden
2017,4,2017-04-14,03:00,3120.0,880.0,2570.0,620.0,－－－－－－－－－－,10.0,0.0,0.0,20.0,0.0,0.0,-980.0,3120.0,yonden
2017,4,2017-04-14,04:00,3130.0,880.0,2580.0,640.0,－－－－－－－－－－,10.0,0.0,0.0,20.0,0.0,0.0,-1000.0,3130.0,yonden
2017,4,2017-04-14,05:00,3060.0,880.0,2640.0,520.0,－－－－－－－－－－,10.0,0.0,0.0,20.0,0.0,0.0,-1010.0,3060.0,yonden
2017,4,2017-04-14,06:00,2990.0,880.0,2580.0,500.0,－－－－－－－－－－,10.0,180.0,0.0,20.0,0.0,0.0,-1180.0,2990.0,yonden
2017,4,2017-04-14,07:00,2820.0,880.0,2380.0,460.0,－－－－－－－－－－,10.0,500.0,0.0,10.0,0.0,0.0,-1420.0,2820.0,yonden
2017,4,2017-04-14,08:00,2990.0,880.0,2420.0,480.0,－－－－－－－－－－,10.0,860.0,0.0,0.0,0.0,0.0,-1660.0,2990.0,yonden
2017,4,2017-04-14,09:00,3110.0,880.0,2450.0,440.0,－－－－－－－－－－,10.0,1160.0,0.0,0.0,0.0,0.0,-1830.0,3110.0,yonden
2017,4,2017-04-14,10:00,3100.0,880.0,2350.0,470.0,－－－－－－－－－－,10.0,1370.0,0.0,0.0,0.0,-310.0,-1670.0,3100.0,yonden
2017,4,2017-04-14,11:00,3120.0,880.0,2350.0,440.0,－－－－－－－－－－,10.0,1470.0,0.0,10.0,0.0,-330.0,-1710.0,3120.0,yonden
2017,4,2017-04-14,12:00,2970.0,880.0,2470.0,420.0,－－－－－－－－－－,10.0,1490.0,0.0,20.0,0.0,-580.0,-1740.0,2970.0,yonden
2017,4,2017-04-14,13:00,3130.0,880.0,2420.0,420.0,－－－－－－－－－－,10.0,1400.0,0.0,50.0,0.0,-300.0,-1750.0,3130.0,yonden
2017,4,2017-04-14,14:00,3160.0,880.0,2500.0,420.0,－－－－－－－－－－,10.0,1260.0,0.0,80.0,0.0,-300.0,-1690.0,3160.0,yonden
2017,4,2017-04-14,15:00,3130.0,880.0,2570.0,450.0,－－－－－－－－－－,10.0,990.0,0.0,70.0,0.0,-120.0,-1720.0,3130.0,yonden
2017,4,2017-04-14,16:00,3180.0,890.0,2740.0,490.0,－－－－－－－－－－,10.0,650.0,0.0,90.0,0.0,80.0,-1770.0,3180.0,yonden
2017,4,2017-04-14,17:00,3120.0,880.0,2750.0,500.0,－－－－－－－－－－,10.0,270.0,0.0,100.0,0.0,310.0,-1700.0,3120.0,yonden
2017,4,2017-04-14,18:00,3130.0,890.0,2830.0,560.0,－－－－－－－－－－,10.0,20.0,0.0,100.0,0.0,310.0,-1590.0,3130.0,yonden
2017,4,2017-04-14,19:00,3120.0,880.0,2850.0,600.0,－－－－－－－－－－,10.0,0.0,0.0,80.0,0.0,320.0,-1620.0,3120.0,yonden
2017,4,2017-04-14,20:00,3010.0,880.0,2840.0,510.0,－－－－－－－－－－,10.0,0.0,0.0,90.0,0.0,320.0,-1640.0,3010.0,yonden
2017,4,2017-04-14,21:00,2840.0,880.0,2620.0,450.0,－－－－－－－－－－,10.0,0.0,0.0,70.0,0.0,300.0,-1490.0,2840.0,yonden
2017,4,2017-04-14,22:00,2680.0,880.0,2480.0,400.0,－－－－－－－－－－,10.0,0.0,0.0,60.0,0.0,20.0,-1170.0,2680.0,yonden
2017,4,2017-04-14,23:00,2600.0,880.0,2450.0,390.0,－－－－－－－－－－,10.0,0.0,0.0,50.0,0.0,0.0,-1180.0,2600.0,yonden
2017,4,2017-04-15,00:00,2520.0,880.0,2390.0,380.0,－－－－－－－－－－,10.0,0.0,0.0,50.0,0.0,0.0,-1190.0,2520.0,yonden
2017,4,2017-04-15,01:00,2610.0,880.0,2350.0,360.0,－－－－－－－－－－,10.0,0.0,0.0,50.0,0.0,0.0,-1040.0,2610.0,yonden
2017,4,2017-04-15,02:00,2850.0,880.0,2390.0,420.0,－－－－－－－－－－,10.0,0.0,0.0,50.0,0.0,0.0,-900.0,2850.0,yonden
2017,4,2017-04-15,03:00,3020.0,880.0,2440.0,530.0,－－－－－－－－－－,10.0,0.0,0.0,60.0,0.0,0.0,-900.0,3020.0,yonden
2017,4,2017-04-15,04:00,3020.0,880.0,2460.0,520.0,－－－－－－－－－－,10.0,0.0,0.0,40.0,0.0,0.0,-890.0,3020.0,yonden
2017,4,2017-04-15,05:00,2880.0,880.0,2460.0,460.0,－－－－－－－－－－,10.0,10.0,0.0,20.0,0.0,0.0,-960.0,2880.0,yonden
2017,4,2017-04-15,06:00,2670.0,880.0,2430.0,380.0,－－－－－－－－－－,10.0,170.0,0.0,20.0,0.0,0.0,-1220.0,2670.0,yonden
2017,4,2017-04-15,07:00,2530.0,880.0,2220.0,340.0,－－－－－－－－－－,10.0,470.0,0.0,10.0,0.0,0.0,-1400.0,2530.0,yonden
2017,4,2017-04-15,08:00,2650.0,880.0,2010.0,350.0,－－－－－－－－－－,10.0,750.0,0.0,10.0,0.0,0.0,-1360.0,2650.0,yonden
2017,4,2017-04-15,09:00,2760.0,880.0,2010.0,370.0,－－－－－－－－－－,10.0,920.0,0.0,0.0,0.0,0.0,-1430.0,2760.0,yonden
2017,4,2017-04-15,10:00,2790.0,890.0,2190.0,410.0,－－－－－－－－－－,10.0,930.0,0.0,0.0,0.0,0.0,-1640.0,2790.0,yonden
2017,4,2017-04-15,11:00,2770.0,880.0,2080.0,330.0,－－－－－－－－－－,10.0,1200.0,0.0,0.0,0.0,0.0,-1730.0,2770.0,yonden
2017,4,2017-04-15,12:00,2710.0,880.0,2120.0,300.0,－－－－－－－－－－,10.0,1310.0,0.0,10.0,0.0,-230.0,-1690.0,2710.0,yonden
2017,4,2017-04-15,13:00,2790.0,880.0,2260.0,310.0,－－－－－－－－－－,10.0,1250.0,0.0,10.0,0.0,-310.0,-1620.0,2790.0,yonden
2017,4,2017-04-15,14:00,2800.0,880.0,2230.0,350.0,－－－－－－－－－－,10.0,1120.0,0.0,10.0,0.0,-310.0,-1490.0,2800.0,yonden
2017,4,2017-04-15,15:00,2820.0,880.0,2410.0,430.0,－－－－－－－－－－,10.0,660.0,0.0,10.0,0.0,0.0,-1580.0,2820.0,yonden
2017,4,2017-04-15,16:00,2820.0,880.0,2600.0,480.0,－－－－－－－－－－,10.0,300.0,0.0,10.0,0.0,90.0,-1550.0,2820.0,yonden
2017,4,2017-04-15,17:00,2830.0,880.0,2620.0,490.0,－－－－－－－－－－,10.0,80.0,0.0,30.0,0.0,140.0,-1420.0,2830.0,yonden
2017,4,2017-04-15,18:00,2910.0,880.0,2610.0,560.0,－－－－－－－－－－,10.0,10.0,0.0,30.0,0.0,140.0,-1330.0,2910.0,yonden
2017,4,2017-04-15,19:00,2860.0,880.0,2580.0,520.0,－－－－－－－－－－,10.0,0.0,0.0,50.0,0.0,140.0,-1320.0,2860.0,yonden
2017,4,2017-04-15,20:00,2740.0,880.0,2580.0,460.0,－－－－－－－－－－,10.0,0.0,0.0,20.0,0.0,90.0,-1300.0,2740.0,yonden
2017,4,2017-04-15,21:00,2590.0,880.0,2430.0,410.0,－－－－－－－－－－,10.0,0.0,0.0,20.0,0.0,0.0,-1160.0,2590.0,yonden
2017,4,2017-04-15,22:00,2470.0,880.0,2330.0,410.0,－－－－－－－－－－,10.0,0.0,0.0,30.0,0.0,0.0,-1190.0,2470.0,yonden
2017,4,2017-04-15,23:00,2410.0,880.0,2340.0,390.0,－－－－－－－－－－,10.0,0.0,0.0,20.0,0.0,0.0,-1230.0,2410.0,yonden
2017,4,2017-04-16,00:00,2340.0,880.0,2190.0,390.0,－－－－－－－－－－,10.0,0.0,0.0,20.0,0.0,0.0,-1150.0,2340.0,yonden
2017,4,2017-04-16,01:00,2380.0,880.0,2170.0,410.0,－－－－－－－－－－,10.0,0.0,0.0,0.0,0.0,0.0,-1090.0,2380.0,yonden
2017,4,2017-04-16,02:00,2600.0,880.0,2260.0,460.0,－－－－－－－－－－,10.0,0.0,0.0,10.0,0.0,0.0,-1020.0,2600.0,yonden
2017,4,2017-04-16,03:00,2840.0,880.0,2310.0,580.0,－－－－－－－－－－,10.0,0.0,0.0,10.0,0.0,0.0,-950.0,2840.0,yonden
2017,4,2017-04-16,04:00,2850.0,890.0,2360.0,600.0,－－－－－－－－－－,10.0,0.0,0.0,10.0,0.0,0.0,-1020.0,2850.0,yonden
2017,4,2017-04-16,05:00,2640.0,880.0,2390.0,470.0,－－－－－－－－－－,10.0,10.0,0.0,10.0,0.0,0.0,-1130.0,2640.0,yonden
2017,4,2017-04-16,06:00,2390.0,880.0,2340.0,420.0,－－－－－－－－－－,10.0,170.0,0.0,0.0,0.0,0.0,-1430.0,2390.0,yonden
2017,4,2017-04-16,07:00,2240.0,890.0,2250.0,370.0,－－－－－－－－－－,10.0,470.0,0.0,0.0,0.0,-30.0,-1720.0,2240.0,yonden
2017,4,2017-04-16,08:00,2280.0,880.0,2320.0,370.0,－－－－－－－－－－,10.0,810.0,0.0,0.0,0.0,-310.0,-1800.0,2280.0,yonden
2017,4,2017-04-16,09:00,2360.0,880.0,2130.0,390.0,－－－－－－－－－－,10.0,1110.0,0.0,0.0,0.0,-410.0,-1750.0,2360.0,yonden
2017,4,2017-04-16,10:00,2420.0,880.0,2220.0,380.0,－－－－－－－－－－,10.0,1270.0,0.0,10.0,0.0,-600.0,-1750.0,2420.0,yonden
2017,4,2017-04-16,11:00,2390.0,880.0,2110.0,360.0,－－－－－－－－－－,10.0,1370.0,0.0,10.0,0.0,-600.0,-1750.0,2390.0,yonden
2017,4,2017-04-16,12:00,2410.0,880.0,2090.0,360.0,－－－－－－－－－－,10.0,1420.0,0.0,0.0,0.0,-600.0,-1750.0,2410.0,yonden
2017,4,2017-04-16,13:00,2420.0,880.0,2130.0,350.0,－－－－－－－－－－,10.0,1390.0,0.0,0.0,0.0,-590.0,-1750.0,2420.0,yonden
2017,4,2017-04-16,14:00,2410.0,880.0,2100.0,380.0,－－－－－－－－－－,10.0,1200.0,0.0,0.0,0.0,-420.0,-1740.0,2410.0,yonden
2017,4,2017-04-16,15:00,2420.0,880.0,2200.0,380.0,－－－－－－－－－－,10.0,950.0,0.0,20.0,0.0,-300.0,-1720.0,2420.0,yonden
2017,4,2017-04-16,16:00,2500.0,880.0,2300.0,400.0,－－－－－－－－－－,10.0,590.0,0.0,50.0,0.0,-30.0,-1700.0,2500.0,yonden
2017,4,2017-04-16,17:00,2610.0,880.0,2520.0,520.0,－－－－－－－－－－,10.0,240.0,0.0,60.0,0.0,0.0,-1620.0,2610.0,yonden
2017,4,2017-04-16,18:00,2700.0,890.0,2540.0,560.0,－－－－－－－－－－,10.0,10.0,0.0,70.0,0.0,80.0,-1460.0,2700.0,yonden
2017,4,2017-04-16,19:00,2740.0,890.0,2480.0,530.0,－－－－－－－－－－,10.0,0.0,0.0,70.0,0.0,170.0,-1410.0,2740.0,yonden
2017,4,2017-04-16,20:00,2640.0,890.0,2330.0,430.0,－－－－－－－－－－,10.0,0.0,0.0,70.0,0.0,90.0,-1180.0,2640.0,yonden
2017,4,2017-04-16,21:00,2500.0,890.0,2250.0,400.0,－－－－－－－－－－,10.0,0.0,0.0,70.0,0.0,0.0,-1120.0,2500.0,yonden
2017,4,2017-04-16,22:00,2380.0,890.0,2190.0,430.0,－－－－－－－－－－,10.0,0.0,0.0,60.0,0.0,0.0,-1200.0,2380.0,yonden
2017,4,2017-04-16,23:00,2320.0,890.0,2200.0,480.0,－－－－－－－－－－,10.0,0.0,0.0,50.0,0.0,0.0,-1310.0,2320.0,yonden
2017,4,2017-04-17,00:00,2260.0,890.0,2120.0,380.0,－－－－－－－－－－,10.0,0.0,0.0,50.0,0.0,0.0,-1190.0,2260.0,yonden
2017,4,2017-04-17,01:00,2360.0,890.0,2150.0,400.0,－－－－－－－－－－,10.0,0.0,0.0,50.0,0.0,0.0,-1140.0,2360.0,yonden
2017,4,2017-04-17,02:00,2590.0,890.0,2250.0,520.0,－－－－－－－－－－,10.0,0.0,0.0,50.0,0.0,0.0,-1130.0,2590.0,yonden
2017,4,2017-04-17,03:00,2790.0,890.0,2370.0,580.0,－－－－－－－－－－,10.0,0.0,0.0,50.0,0.0,0.0,-1110.0,2790.0,yonden
2017,4,2017-04-17,04:00,2820.0,890.0,2330.0,560.0,－－－－－－－－－－,10.0,0.0,0.0,50.0,0.0,0.0,-1020.0,2820.0,yonden
2017,4,2017-04-17,05:00,2710.0,890.0,2300.0,440.0,－－－－－－－－－－,10.0,0.0,0.0,70.0,0.0,0.0,-1000.0,2710.0,yonden
2017,4,2017-04-17,06:00,2580.0,890.0,2300.0,410.0,－－－－－－－－－－,10.0,50.0,0.0,80.0,0.0,0.0,-1160.0,2580.0,yonden
2017,4,2017-04-17,07:00,2620.0,890.0,2470.0,340.0,－－－－－－－－－－,10.0,90.0,0.0,90.0,0.0,0.0,-1270.0,2620.0,yonden
2017,4,2017-04-17,08:00,2990.0,890.0,2870.0,410.0,－－－－－－－－－－,10.0,140.0,0.0,90.0,0.0,0.0,-1420.0,2990.0,yonden
2017,4,2017-04-17,09:00,3180.0,890.0,2980.0,480.0,－－－－－－－－－－,10.0,240.0,0.0,100.0,0.0,0.0,-1520.0,3180.0,yonden
2017,4,2017-04-17,10:00,3230.0,890.0,2820.0,480.0,－－－－－－－－－－,10.0,300.0,0.0,100.0,0.0,150.0,-1520.0,3230.0,yonden
2017,4,2017-04-17,11:00,3340.0,890.0,3030.0,460.0,－－－－－－－－－－,10.0,210.0,0.0,90.0,0.0,160.0,-1510.0,3340.0,yonden
2017,4,2017-04-17,12:00,3150.0,880.0,2960.0,450.0,－－－－－－－－－－,10.0,170.0,0.0,90.0,0.0,10.0,-1420.0,3150.0,yonden
2017,4,2017-04-17,13:00,3350.0,880.0,3120.0,490.0,－－－－－－－－－－,10.0,160.0,0.0,90.0,0.0,140.0,-1540.0,3350.0,yonden
2017,4,2017-04-17,14:00,3390.0,880.0,3240.0,500.0,－－－－－－－－－－,10.0,120.0,0.0,80.0,0.0,140.0,-1580.0,3390.0,yonden
2017,4,2017-04-17,15:00,3390.0,880.0,3280.0,520.0,－－－－－－－－－－,10.0,90.0,0.0,70.0,0.0,0.0,-1460.0,3390.0,yonden
2017,4,2017-04-17,16:00,3420.0,880.0,3220.0,640.0,－－－－－－－－－－,10.0,60.0,0.0,70.0,0.0,0.0,-1460.0,3420.0,yonden
2017,4,2017-04-17,17:00,3360.0,880.0,3230.0,600.0,－－－－－－－－－－,10.0,30.0,0.0,70.0,0.0,140.0,-1600.0,3360.0,yonden
2017,4,2017-04-17,18:00,3340.0,880.0,3230.0,640.0,－－－－－－－－－－,10.0,0.0,0.0,70.0,0.0,110.0,-1600.0,3340.0,yonden
2017,4,2017-04-17,19:00,3230.0,880.0,3290.0,620.0,－－－－－－－－－－,10.0,0.0,0.0,70.0,0.0,-10.0,-1630.0,3230.0,yonden
2017,4,2017-04-17,20:00,3060.0,880.0,2930.0,610.0,－－－－－－－－－－,10.0,0.0,0.0,70.0,0.0,0.0,-1440.0,3060.0,yonden
2017,4,2017-04-17,21:00,2870.0,880.0,2570.0,600.0,－－－－－－－－－－,10.0,0.0,0.0,50.0,0.0,0.0,-1240.0,2870.0,yonden
2017,4,2017-04-17,22:00,2710.0,880.0,2290.0,580.0,－－－－－－－－－－,10.0,0.0,0.0,60.0,0.0,0.0,-1110.0,2710.0,yonden
2017,4,2017-04-17,23:00,2620.0,880.0,2250.0,580.0,－－－－－－－－－－,10.0,0.0,0.0,50.0,0.0,0.0,-1150.0,2620.0,yonden
2017,4,2017-04-18,00:00,2530.0,880.0,2090.0,560.0,－－－－－－－－－－,10.0,0.0,0.0,80.0,0.0,0.0,-1090.0,2530.0,yonden
2017,4,2017-04-18,01:00,2590.0,880.0,2060.0,560.0,－－－－－－－－－－,10.0,0.0,0.0,80.0,0.0,0.0,-1000.0,2590.0,yonden
2017,4,2017-04-18,02:00,2800.0,880.0,2210.0,550.0,－－－－－－－－－－,10.0,0.0,0.0,80.0,0.0,0.0,-930.0,2800.0,yonden
2017,4,2017-04-18,03:00,2990.0,880.0,2290.0,560.0,－－－－－－－－－－,10.0,0.0,0.0,80.0,0.0,0.0,-830.0,2990.0,yonden
2017,4,2017-04-18,04:00,3020.0,880.0,2330.0,570.0,－－－－－－－－－－,10.0,0.0,0.0,80.0,0.0,0.0,-850.0,3020.0,yonden
2017,4,2017-04-18,05:00,2890.0,880.0,2220.0,570.0,－－－－－－－－－－,10.0,10.0,0.0,80.0,0.0,0.0,-880.0,2890.0,yonden
2017,4,2017-04-18,06:00,2760.0,880.0,2130.0,570.0,－－－－－－－－－－,10.0,80.0,0.0,80.0,0.0,0.0,-990.0,2760.0,yonden
2017,4,2017-04-18,07:00,2690.0,880.0,2200.0,570.0,－－－－－－－－－－,10.0,190.0,0.0,80.0,0.0,0.0,-1240.0,2690.0,yonden
2017,4,2017-04-18,08:00,2940.0,880.0,2500.0,590.0,－－－－－－－－－－,10.0,490.0,0.0,60.0,0.0,0.0,-1590.0,2940.0,yonden
2017,4,2017-04-18,09:00,3090.0,880.0,2530.0,620.0,－－－－－－－－－－,10.0,760.0,0.0,50.0,0.0,0.0,-1760.0,3090.0,yonden
2017,4,2017-04-18,10:00,3110.0,880.0,2330.0,620.0,－－－－－－－－－－,10.0,1000.0,0.0,40.0,0.0,0.0,-1770.0,3110.0,yonden
2017,4,2017-04-18,11:00,3180.0,880.0,2320.0,650.0,－－－－－－－－－－,10.0,1190.0,0.0,40.0,0.0,-180.0,-1730.0,3180.0,yonden
2017,4,2017-04-18,12:00,3010.0,880.0,2200.0,610.0,－－－－－－－－－－,10.0,1290.0,0.0,20.0,0.0,-310.0,-1690.0,3010.0,yonden
2017,4,2017-04-18,13:00,3170.0,880.0,2320.0,650.0,－－－－－－－－－－,10.0,1200.0,0.0,30.0,0.0,-300.0,-1620.0,3170.0,yonden
2017,4,2017-04-18,14:00,3120.0,890.0,2190.0,630.0,－－－－－－－－－－,10.0,1130.0,0.0,30.0,0.0,-30.0,-1730.0,3120.0,yonden
2017,4,2017-04-18,15:00,3110.0,880.0,2350.0,650.0,－－－－－－－－－－,10.0,920.0,0.0,10.0,0.0,0.0,-1710.0,3110.0,yonden
2017,4,2017-04-18,16:00,3130.0,880.0,2630.0,640.0,－－－－－－－－－－,10.0,600.0,0.0,0.0,0.0,0.0,-1630.0,3130.0,yonden
2017,4,2017-04-18,17:00,3150.0,880.0,2810.0,590.0,－－－－－－－－－－,10.0,280.0,0.0,0.0,0.0,140.0,-1560.0,3150.0,yonden
2017,4,2017-04-18,18:00,3150.0,880.0,2780.0,620.0,－－－－－－－－－－,10.0,20.0,0.0,0.0,0.0,320.0,-1480.0,3150.0,yonden
2017,4,2017-04-18,19:00,3130.0,890.0,2780.0,620.0,－－－－－－－－－－,10.0,0.0,0.0,10.0,0.0,320.0,-1500.0,3130.0,yonden
2017,4,2017-04-18,20:00,3000.0,880.0,2690.0,620.0,－－－－－－－－－－,10.0,0.0,0.0,20.0,0.0,190.0,-1410.0,3000.0,yonden
2017,4,2017-04-18,21:00,2830.0,880.0,2570.0,640.0,－－－－－－－－－－,10.0,0.0,0.0,30.0,0.0,0.0,-1300.0,2830.0,yonden
2017,4,2017-04-18,22:00,2620.0,880.0,2370.0,630.0,－－－－－－－－－－,10.0,0.0,0.0,30.0,0.0,0.0,-1300.0,2620.0,yonden
2017,4,2017-04-18,23:00,2500.0,880.0,2220.0,630.0,－－－－－－－－－－,10.0,0.0,0.0,40.0,0.0,0.0,-1280.0,2500.0,yonden
2017,4,2017-04-19,00:00,2460.0,880.0,2260.0,620.0,－－－－－－－－－－,10.0,0.0,0.0,30.0,0.0,0.0,-1340.0,2460.0,yonden
2017,4,2017-04-19,01:00,2550.0,890.0,2410.0,640.0,－－－－－－－－－－,10.0,0.0,0.0,30.0,0.0,0.0,-1430.0,2550.0,yonden
2017,4,2017-04-19,02:00,2780.0,890.0,2420.0,650.0,－－－－－－－－－－,10.0,0.0,0.0,70.0,0.0,0.0,-1260.0,2780.0,yonden
2017,4,2017-04-19,03:00,2990.0,890.0,2530.0,630.0,－－－－－－－－－－,10.0,0.0,0.0,80.0,0.0,0.0,-1150.0,2990.0,yonden
2017,4,2017-04-19,04:00,3040.0,890.0,2610.0,620.0,－－－－－－－－－－,10.0,0.0,0.0,80.0,0.0,0.0,-1170.0,3040.0,yonden
2017,4,2017-04-19,05:00,2920.0,890.0,2680.0,630.0,－－－－－－－－－－,10.0,10.0,0.0,70.0,0.0,0.0,-1370.0,2920.0,yonden
2017,4,2017-04-19,06:00,2820.0,890.0,2660.0,630.0,－－－－－－－－－－,10.0,190.0,0.0,70.0,0.0,0.0,-1630.0,2820.0,yonden
2017,4,2017-04-19,07:00,2680.0,890.0,2360.0,640.0,－－－－－－－－－－,10.0,530.0,0.0,70.0,0.0,0.0,-1820.0,2680.0,yonden
2017,4,2017-04-19,08:00,2890.0,890.0,2190.0,630.0,－－－－－－－－－－,10.0,920.0,0.0,80.0,0.0,0.0,-1830.0,2890.0,yonden
2017,4,2017-04-19,09:00,3070.0,890.0,2060.0,620.0,－－－－－－－－－－,10.0,1250.0,0.0,80.0,0.0,-20.0,-1820.0,3070.0,yonden
2017,4,2017-04-19,10:00,3120.0,890.0,2130.0,640.0,－－－－－－－－－－,10.0,1470.0,0.0,90.0,0.0,-300.0,-1810.0,3120.0,yonden
2017,4,2017-04-19,11:00,3150.0,890.0,2070.0,620.0,－－－－－－－－－－,10.0,1560.0,0.0,90.0,0.0,-320.0,-1770.0,3150.0,yonden
2017,4,2017-04-19,12:00,2980.0,880.0,2140.0,640.0,－－－－－－－－－－,10.0,1570.0,0.0,90.0,0.0,-580.0,-1770.0,2980.0,yonden
2017,4,2017-04-19,13:00,3160.0,880.0,2150.0,610.0,－－－－－－－－－－,10.0,1520.0,0.0,90.0,0.0,-300.0,-1800.0,3160.0,yonden
2017,4,2017-04-19,14:00,3150.0,880.0,2240.0,630.0,－－－－－－－－－－,10.0,1360.0,0.0,90.0,0.0,-270.0,-1790.0,3150.0,yonden
2017,4,2017-04-19,15:00,3130.0,880.0,2280.0,610.0,－－－－－－－－－－,10.0,1080.0,0.0,90.0,0.0,0.0,-1820.0,3130.0,yonden
2017,4,2017-04-19,16:00,3170.0,880.0,2630.0,640.0,－－－－－－－－－－,10.0,710.0,0.0,100.0,0.0,0.0,-1800.0,3170.0,yonden
2017,4,2017-04-19,17:00,3120.0,880.0,3010.0,640.0,－－－－－－－－－－,10.0,310.0,0.0,100.0,0.0,0.0,-1830.0,3120.0,yonden
2017,4,2017-04-19,18:00,3140.0,880.0,3280.0,670.0,－－－－－－－－－－,10.0,20.0,0.0,90.0,0.0,0.0,-1810.0,3140.0,yonden
2017,4,2017-04-19,19:00,3140.0,880.0,3290.0,660.0,－－－－－－－－－－,10.0,0.0,0.0,90.0,0.0,0.0,-1790.0,3140.0,yonden
2017,4,2017-04-19,20:00,3010.0,880.0,3170.0,620.0,－－－－－－－－－－,10.0,0.0,0.0,80.0,0.0,0.0,-1750.0,3010.0,yonden
2017,4,2017-04-19,21:00,2820.0,880.0,2860.0,600.0,－－－－－－－－－－,10.0,0.0,0.0,60.0,0.0,0.0,-1590.0,2820.0,yonden
2017,4,2017-04-19,22:00,2610.0,880.0,2610.0,600.0,－－－－－－－－－－,10.0,0.0,0.0,40.0,0.0,0.0,-1530.0,2610.0,yonden
2017,4,2017-04-19,23:00,2500.0,880.0,2490.0,590.0,－－－－－－－－－－,10.0,0.0,0.0,40.0,0.0,0.0,-1510.0,2500.0,yonden
2017,4,2017-04-20,00:00,2420.0,880.0,2430.0,610.0,－－－－－－－－－－,10.0,0.0,0.0,50.0,0.0,0.0,-1560.0,2420.0,yonden
2017,4,2017-04-20,01:00,2490.0,880.0,2380.0,610.0,－－－－－－－－－－,10.0,0.0,0.0,40.0,0.0,0.0,-1430.0,2490.0,yonden
2017,4,2017-04-20,02:00,2740.0,880.0,2400.0,660.0,－－－－－－－－－－,10.0,0.0,0.0,20.0,0.0,0.0,-1230.0,2740.0,yonden
2017,4,2017-04-20,03:00,2960.0,880.0,2450.0,670.0,－－－－－－－－－－,10.0,0.0,0.0,10.0,0.0,0.0,-1060.0,2960.0,yonden
2017,4,2017-04-20,04:00,3020.0,880.0,2390.0,670.0,－－－－－－－－－－,10.0,0.0,0.0,10.0,0.0,0.0,-940.0,3020.0,yonden
2017,4,2017-04-20,05:00,2930.0,880.0,2460.0,670.0,－－－－－－－－－－,10.0,10.0,0.0,10.0,0.0,0.0,-1110.0,2930.0,yonden
2017,4,2017-04-20,06:00,2800.0,880.0,2380.0,620.0,－－－－－－－－－－,10.0,190.0,0.0,10.0,0.0,0.0,-1290.0,2800.0,yonden
2017,4,2017-04-20,07:00,2640.0,880.0,2210.0,630.0,－－－－－－－－－－,10.0,420.0,0.0,10.0,0.0,0.0,-1520.0,2640.0,yonden
2017,4,2017-04-20,08:00,2920.0,880.0,2180.0,690.0,－－－－－－－－－－,10.0,720.0,0.0,10.0,0.0,0.0,-1570.0,2920.0,yonden
2017,4,2017-04-20,09:00,3070.0,880.0,2190.0,690.0,－－－－－－－－－－,10.0,960.0,0.0,0.0,0.0,0.0,-1660.0,3070.0,yonden
2017,4,2017-04-20,10:00,3140.0,880.0,2410.0,640.0,－－－－－－－－－－,10.0,820.0,0.0,10.0,0.0,0.0,-1630.0,3140.0,yonden
2017,4,2017-04-20,11:00,3200.0,880.0,2780.0,600.0,－－－－－－－－－－,10.0,530.0,0.0,10.0,0.0,0.0,-1610.0,3200.0,yonden
2017,4,2017-04-20,12:00,3000.0,880.0,2810.0,550.0,－－－－－－－－－－,10.0,340.0,0.0,0.0,0.0,0.0,-1590.0,3000.0,yonden
2017,4,2017-04-20,13:00,3140.0,880.0,2950.0,540.0,－－－－－－－－－－,10.0,320.0,0.0,20.0,0.0,0.0,-1580.0,3140.0,yonden
2017,4,2017-04-20,14:00,3140.0,880.0,2940.0,540.0,－－－－－－－－－－,10.0,220.0,0.0,60.0,0.0,40.0,-1550.0,3140.0,yonden
2017,4,2017-04-20,15:00,3130.0,880.0,3020.0,550.0,－－－－－－－－－－,10.0,130.0,0.0,60.0,0.0,170.0,-1690.0,3130.0,yonden
2017,4,2017-04-20,16:00,3220.0,890.0,3080.0,540.0,－－－－－－－－－－,10.0,120.0,0.0,70.0,0.0,230.0,-1720.0,3220.0,yonden
2017,4,2017-04-20,17:00,3230.0,890.0,3020.0,630.0,－－－－－－－－－－,10.0,40.0,0.0,70.0,0.0,280.0,-1710.0,3230.0,yonden
2017,4,2017-04-20,18:00,3290.0,890.0,3050.0,720.0,－－－－－－－－－－,10.0,10.0,0.0,40.0,0.0,180.0,-1610.0,3290.0,yonden
2017,4,2017-04-20,19:00,3220.0,890.0,3120.0,660.0,－－－－－－－－－－,10.0,0.0,0.0,40.0,0.0,140.0,-1640.0,3220.0,yonden
2017,4,2017-04-20,20:00,3080.0,880.0,3160.0,610.0,－－－－－－－－－－,10.0,0.0,0.0,30.0,0.0,120.0,-1730.0,3080.0,yonden
2017,4,2017-04-20,21:00,2910.0,880.0,3130.0,590.0,－－－－－－－－－－,10.0,0.0,0.0,30.0,0.0,0.0,-1730.0,2910.0,yonden
2017,4,2017-04-20,22:00,2720.0,880.0,2940.0,570.0,－－－－－－－－－－,10.0,0.0,0.0,20.0,0.0,0.0,-1700.0,2720.0,yonden
2017,4,2017-04-20,23:00,2600.0,880.0,2770.0,600.0,－－－－－－－－－－,10.0,0.0,0.0,10.0,0.0,0.0,-1670.0,2600.0,yonden
2017,4,2017-04-21,00:00,2520.0,880.0,2610.0,570.0,－－－－－－－－－－,10.0,0.0,0.0,20.0,0.0,0.0,-1570.0,2520.0,yonden
2017,4,2017-04-21,01:00,2590.0,880.0,2690.0,570.0,－－－－－－－－－－,10.0,0.0,0.0,10.0,0.0,0.0,-1570.0,2590.0,yonden
2017,4,2017-04-21,02:00,2820.0,890.0,2630.0,640.0,－－－－－－－－－－,10.0,0.0,0.0,10.0,0.0,0.0,-1360.0,2820.0,yonden
2017,4,2017-04-21,03:00,3010.0,880.0,2610.0,680.0,－－－－－－－－－－,10.0,0.0,0.0,0.0,0.0,0.0,-1170.0,3010.0,yonden
2017,4,2017-04-21,04:00,3020.0,890.0,2530.0,610.0,－－－－－－－－－－,10.0,0.0,0.0,0.0,0.0,0.0,-1020.0,3020.0,yonden
2017,4,2017-04-21,05:00,2900.0,890.0,2440.0,580.0,－－－－－－－－－－,10.0,10.0,0.0,0.0,0.0,0.0,-1030.0,2900.0,yonden
2017,4,2017-04-21,06:00,2820.0,890.0,2460.0,560.0,－－－－－－－－－－,10.0,60.0,0.0,0.0,0.0,0.0,-1160.0,2820.0,yonden
2017,4,2017-04-21,07:00,2810.0,890.0,2580.0,600.0,－－－－－－－－－－,10.0,110.0,0.0,10.0,0.0,0.0,-1390.0,2810.0,yonden
2017,4,2017-04-21,08:00,3100.0,880.0,2820.0,700.0,－－－－－－－－－－,10.0,210.0,0.0,20.0,0.0,80.0,-1620.0,3100.0,yonden
2017,4,2017-04-21,09:00,3130.0,880.0,2750.0,650.0,－－－－－－－－－－,10.0,470.0,0.0,0.0,0.0,120.0,-1750.0,3130.0,yonden
2017,4,2017-04-21,10:00,3080.0,880.0,2670.0,580.0,－－－－－－－－－－,10.0,710.0,0.0,10.0,0.0,0.0,-1780.0,3080.0,yonden
2017,4,2017-04-21,11:00,3080.0,880.0,2520.0,590.0,－－－－－－－－－－,10.0,800.0,0.0,10.0,0.0,0.0,-1730.0,3080.0,yonden
2017,4,2017-04-21,12:00,2870.0,880.0,2470.0,580.0,－－－－－－－－－－,10.0,650.0,0.0,0.0,0.0,0.0,-1720.0,2870.0,yonden
2017,4,2017-04-21,13:00,3030.0,880.0,2580.0,560.0,－－－－－－－－－－,10.0,600.0,0.0,0.0,0.0,0.0,-1600.0,3030.0,yonden
2017,4,2017-04-21,14:00,3050.0,880.0,2730.0,530.0,－－－－－－－－－－,10.0,420.0,0.0,10.0,0.0,0.0,-1530.0,3050.0,yonden
2017,4,2017-04-21,15:00,3050.0,880.0,2950.0,530.0,－－－－－－－－－－,10.0,380.0,0.0,0.0,0.0,0.0,-1700.0,3050.0,yonden
2017,4,2017-04-21,16:00,3110.0,880.0,3030.0,550.0,－－－－－－－－－－,10.0,360.0,0.0,10.0,0.0,20.0,-1750.0,3110.0,yonden
2017,4,2017-04-21,17:00,3080.0,880.0,2930.0,550.0,－－－－－－－－－－,10.0,170.0,0.0,20.0,0.0,210.0,-1690.0,3080.0,yonden
2017,4,2017-04-21,18:00,3160.0,880.0,2890.0,640.0,－－－－－－－－－－,10.0,10.0,0.0,20.0,0.0,300.0,-1590.0,3160.0,yonden
2017,4,2017-04-21,19:00,3150.0,880.0,2760.0,630.0,－－－－－－－－－－,10.0,0.0,0.0,20.0,0.0,260.0,-1410.0,3150.0,yonden
2017,4,2017-04-21,20:00,3030.0,890.0,2510.0,620.0,－－－－－－－－－－,10.0,0.0,0.0,20.0,0.0,250.0,-1270.0,3030.0,yonden
2017,4,2017-04-21,21:00,2860.0,890.0,2470.0,600.0,－－－－－－－－－－,10.0,0.0,0.0,20.0,0.0,110.0,-1240.0,2860.0,yonden
2017,4,2017-04-21,22:00,2690.0,880.0,2370.0,570.0,－－－－－－－－－－,10.0,0.0,0.0,30.0,0.0,0.0,-1170.0,2690.0,yonden
2017,4,2017-04-21,23:00,2580.0,890.0,2320.0,570.0,－－－－－－－－－－,10.0,0.0,0.0,30.0,0.0,0.0,-1240.0,2580.0,yonden
2017,4,2017-04-22,00:00,2490.0,890.0,2260.0,520.0,－－－－－－－－－－,10.0,0.0,0.0,30.0,0.0,0.0,-1220.0,2490.0,yonden
2017,4,2017-04-22,01:00,2570.0,880.0,2260.0,570.0,－－－－－－－－－－,10.0,0.0,0.0,40.0,0.0,0.0,-1190.0,2570.0,yonden
2017,4,2017-04-22,02:00,2780.0,880.0,2260.0,630.0,－－－－－－－－－－,10.0,0.0,0.0,40.0,0.0,0.0,-1040.0,2780.0,yonden
2017,4,2017-04-22,03:00,2990.0,890.0,2270.0,630.0,－－－－－－－－－－,10.0,0.0,0.0,40.0,0.0,0.0,-850.0,2990.0,yonden
2017,4,2017-04-22,04:00,3010.0,890.0,2300.0,630.0,－－－－－－－－－－,10.0,0.0,0.0,40.0,0.0,0.0,-860.0,3010.0,yonden
2017,4,2017-04-22,05:00,2870.0,890.0,2330.0,510.0,－－－－－－－－－－,10.0,10.0,0.0,40.0,0.0,0.0,-920.0,2870.0,yonden
2017,4,2017-04-22,06:00,2650.0,890.0,2280.0,540.0,－－－－－－－－－－,10.0,110.0,0.0,50.0,0.0,0.0,-1230.0,2650.0,yonden
2017,4,2017-04-22,07:00,2540.0,890.0,2220.0,530.0,－－－－－－－－－－,10.0,330.0,0.0,60.0,0.0,0.0,-1500.0,2540.0,yonden
2017,4,2017-04-22,08:00,2750.0,890.0,2160.0,610.0,－－－－－－－－－－,10.0,640.0,0.0,60.0,0.0,0.0,-1620.0,2750.0,yonden
2017,4,2017-04-22,09:00,2830.0,890.0,2050.0,590.0,－－－－－－－－－－,10.0,960.0,0.0,50.0,0.0,0.0,-1720.0,2830.0,yonden
2017,4,2017-04-22,10:00,2850.0,890.0,2090.0,610.0,－－－－－－－－－－,10.0,1220.0,0.0,50.0,0.0,-270.0,-1750.0,2850.0,yonden
2017,4,2017-04-22,11:00,2870.0,890.0,2060.0,530.0,－－－－－－－－－－,10.0,1370.0,0.0,20.0,0.0,-300.0,-1710.0,2870.0,yonden
2017,4,2017-04-22,12:00,2760.0,890.0,1910.0,480.0,－－－－－－－－－－,10.0,1440.0,0.0,20.0,0.0,-300.0,-1690.0,2760.0,yonden
2017,4,2017-04-22,13:00,2840.0,890.0,1940.0,490.0,－－－－－－－－－－,10.0,1400.0,0.0,20.0,0.0,-300.0,-1610.0,2840.0,yonden
2017,4,2017-04-22,14:00,2810.0,890.0,1940.0,510.0,－－－－－－－－－－,10.0,1240.0,0.0,20.0,0.0,-200.0,-1600.0,2810.0,yonden
2017,4,2017-04-22,15:00,2800.0,890.0,1990.0,540.0,－－－－－－－－－－,10.0,980.0,0.0,20.0,0.0,0.0,-1630.0,2800.0,yonden
2017,4,2017-04-22,16:00,2780.0,890.0,2350.0,620.0,－－－－－－－－－－,10.0,600.0,0.0,20.0,0.0,0.0,-1710.0,2780.0,yonden
2017,4,2017-04-22,17:00,2790.0,890.0,2470.0,620.0,－－－－－－－－－－,10.0,250.0,0.0,30.0,0.0,100.0,-1580.0,2790.0,yonden
2017,4,2017-04-22,18:00,2850.0,890.0,2410.0,640.0,－－－－－－－－－－,10.0,20.0,0.0,40.0,0.0,250.0,-1410.0,2850.0,yonden
2017,4,2017-04-22,19:00,2900.0,890.0,2500.0,660.0,－－－－－－－－－－,10.0,0.0,0.0,50.0,0.0,220.0,-1430.0,2900.0,yonden
2017,4,2017-04-22,20:00,2790.0,890.0,2480.0,630.0,－－－－－－－－－－,10.0,0.0,0.0,50.0,0.0,180.0,-1450.0,2790.0,yonden
2017,4,2017-04-22,21:00,2650.0,890.0,2410.0,560.0,－－－－－－－－－－,10.0,0.0,0.0,50.0,0.0,110.0,-1380.0,2650.0,yonden
2017,4,2017-04-22,22:00,2460.0,890.0,2320.0,450.0,－－－－－－－－－－,10.0,0.0,0.0,70.0,0.0,0.0,-1280.0,2460.0,yonden
2017,4,2017-04-22,23:00,2370.0,890.0,2280.0,460.0,－－－－－－－－－－,10.0,0.0,0.0,50.0,0.0,0.0,-1320.0,2370.0,yonden
2017,4,2017-04-23,00:00,2300.0,890.0,2290.0,460.0,－－－－－－－－－－,10.0,0.0,0.0,50.0,0.0,0.0,-1400.0,2300.0,yonden
2017,4,2017-04-23,01:00,2400.0,890.0,2360.0,510.0,－－－－－－－－－－,10.0,0.0,0.0,50.0,0.0,0.0,-1420.0,2400.0,yonden
2017,4,2017-04-23,02:00,2640.0,880.0,2390.0,600.0,－－－－－－－－－－,10.0,0.0,0.0,40.0,0.0,0.0,-1280.0,2640.0,yonden
2017,4,2017-04-23,03:00,2880.0,890.0,2470.0,670.0,－－－－－－－－－－,10.0,0.0,0.0,40.0,0.0,0.0,-1200.0,2880.0,yonden
2017,4,2017-04-23,04:00,2910.0,890.0,2450.0,680.0,－－－－－－－－－－,10.0,0.0,0.0,50.0,0.0,0.0,-1170.0,2910.0,yonden
2017,4,2017-04-23,05:00,2760.0,890.0,2490.0,580.0,－－－－－－－－－－,10.0,10.0,0.0,50.0,0.0,0.0,-1270.0,2760.0,yonden
2017,4,2017-04-23,06:00,2510.0,890.0,2410.0,540.0,－－－－－－－－－－,10.0,240.0,0.0,40.0,0.0,0.0,-1620.0,2510.0,yonden
2017,4,2017-04-23,07:00,2270.0,890.0,2090.0,470.0,－－－－－－－－－－,10.0,600.0,0.0,50.0,0.0,-10.0,-1830.0,2270.0,yonden
2017,4,2017-04-23,08:00,2300.0,880.0,2030.0,470.0,－－－－－－－－－－,10.0,970.0,0.0,50.0,0.0,-300.0,-1810.0,2300.0,yonden
2017,4,2017-04-23,09:00,2370.0,890.0,1930.0,450.0,－－－－－－－－－－,10.0,1300.0,0.0,60.0,0.0,-500.0,-1770.0,2370.0,yonden
2017,4,2017-04-23,10:00,2410.0,890.0,1900.0,420.0,－－－－－－－－－－,10.0,1490.0,0.0,60.0,0.0,-600.0,-1760.0,2410.0,yonden
2017,4,2017-04-23,11:00,2390.0,890.0,1870.0,400.0,－－－－－－－－－－,10.0,1550.0,0.0,40.0,0.0,-600.0,-1770.0,2390.0,yonden
2017,4,2017-04-23,12:00,2420.0,890.0,1900.0,380.0,－－－－－－－－－－,10.0,1570.0,0.0,30.0,0.0,-600.0,-1760.0,2420.0,yonden
2017,4,2017-04-23,13:00,2400.0,880.0,1930.0,400.0,－－－－－－－－－－,10.0,1520.0,0.0,20.0,0.0,-600.0,-1760.0,2400.0,yonden
2017,4,2017-04-23,14:00,2390.0,880.0,1850.0,430.0,－－－－－－－－－－,10.0,1360.0,0.0,20.0,0.0,-400.0,-1760.0,2390.0,yonden
2017,4,2017-04-23,15:00,2410.0,880.0,1880.0,400.0,－－－－－－－－－－,10.0,1090.0,0.0,20.0,0.0,-110.0,-1760.0,2410.0,yonden
2017,4,2017-04-23,16:00,2510.0,890.0,2170.0,450.0,－－－－－－－－－－,10.0,730.0,0.0,10.0,0.0,0.0,-1750.0,2510.0,yonden
2017,4,2017-04-23,17:00,2630.0,890.0,2490.0,550.0,－－－－－－－－－－,10.0,340.0,0.0,0.0,0.0,0.0,-1650.0,2630.0,yonden
2017,4,2017-04-23,18:00,2710.0,890.0,2600.0,620.0,－－－－－－－－－－,10.0,30.0,0.0,0.0,0.0,180.0,-1620.0,2710.0,yonden
2017,4,2017-04-23,19:00,2790.0,890.0,2660.0,700.0,－－－－－－－－－－,10.0,0.0,0.0,0.0,0.0,190.0,-1660.0,2790.0,yonden
2017,4,2017-04-23,20:00,2720.0,890.0,2620.0,660.0,－－－－－－－－－－,10.0,0.0,0.0,0.0,0.0,180.0,-1640.0,2720.0,yonden
2017,4,2017-04-23,21:00,2590.0,890.0,2540.0,600.0,－－－－－－－－－－,10.0,0.0,0.0,10.0,0.0,160.0,-1620.0,2590.0,yonden
2017,4,2017-04-23,22:00,2410.0,880.0,2510.0,500.0,－－－－－－－－－－,10.0,0.0,0.0,10.0,0.0,0.0,-1500.0,2410.0,yonden
2017,4,2017-04-23,23:00,2320.0,890.0,2530.0,440.0,－－－－－－－－－－,10.0,0.0,0.0,20.0,0.0,0.0,-1570.0,2320.0,yonden
2017,4,2017-04-24,00:00,2260.0,890.0,2480.0,480.0,－－－－－－－－－－,10.0,0.0,0.0,30.0,0.0,0.0,-1630.0,2260.0,yonden
2017,4,2017-04-24,01:00,2350.0,890.0,2460.0,510.0,－－－－－－－－－－,10.0,0.0,0.0,40.0,0.0,0.0,-1560.0,2350.0,yonden
2017,4,2017-04-24,02:00,2610.0,890.0,2470.0,600.0,－－－－－－－－－－,10.0,0.0,0.0,20.0,0.0,0.0,-1380.0,2610.0,yonden
2017,4,2017-04-24,03:00,2850.0,890.0,2490.0,630.0,－－－－－－－－－－,10.0,0.0,0.0,10.0,0.0,0.0,-1180.0,2850.0,yonden
2017,4,2017-04-24,04:00,2910.0,890.0,2530.0,620.0,－－－－－－－－－－,10.0,0.0,0.0,20.0,0.0,0.0,-1160.0,2910.0,yonden
2017,4,2017-04-24,05:00,2830.0,890.0,2540.0,570.0,－－－－－－－－－－,10.0,20.0,0.0,30.0,0.0,0.0,-1230.0,2830.0,yonden
2017,4,2017-04-24,06:00,2740.0,890.0,2570.0,530.0,－－－－－－－－－－,10.0,250.0,0.0,20.0,0.0,0.0,-1530.0,2740.0,yonden
2017,4,2017-04-24,07:00,2610.0,890.0,2380.0,480.0,－－－－－－－－－－,10.0,600.0,0.0,10.0,0.0,0.0,-1760.0,2610.0,yonden
2017,4,2017-04-24,08:00,2890.0,890.0,2240.0,500.0,－－－－－－－－－－,10.0,920.0,0.0,10.0,0.0,0.0,-1680.0,2890.0,yonden
2017,4,2017-04-24,09:00,3110.0,890.0,2150.0,500.0,－－－－－－－－－－,10.0,1190.0,0.0,10.0,0.0,0.0,-1640.0,3110.0,yonden
2017,4,2017-04-24,10:00,3180.0,890.0,2280.0,490.0,－－－－－－－－－－,10.0,1320.0,0.0,20.0,0.0,-200.0,-1630.0,3180.0,yonden
2017,4,2017-04-24,11:00,3210.0,890.0,2400.0,480.0,－－－－－－－－－－,10.0,1320.0,0.0,30.0,0.0,-300.0,-1620.0,3210.0,yonden
2017,4,2017-04-24,12:00,3060.0,890.0,2350.0,450.0,－－－－－－－－－－,10.0,1270.0,0.0,40.0,0.0,-290.0,-1660.0,3060.0,yonden
2017,4,2017-04-24,13:00,3250.0,890.0,2370.0,450.0,－－－－－－－－－－,10.0,1100.0,0.0,50.0,0.0,0.0,-1620.0,3250.0,yonden
2017,4,2017-04-24,14:00,3240.0,890.0,2560.0,510.0,－－－－－－－－－－,10.0,850.0,0.0,60.0,0.0,0.0,-1640.0,3240.0,yonden
2017,4,2017-04-24,15:00,3210.0,890.0,2670.0,550.0,－－－－－－－－－－,10.0,660.0,0.0,60.0,0.0,0.0,-1630.0,3210.0,yonden
2017,4,2017-04-24,16:00,3210.0,890.0,2880.0,580.0,－－－－－－－－－－,10.0,390.0,0.0,70.0,0.0,80.0,-1690.0,3210.0,yonden
2017,4,2017-04-24,17:00,3190.0,890.0,2860.0,600.0,－－－－－－－－－－,10.0,170.0,0.0,80.0,0.0,190.0,-1610.0,3190.0,yonden
2017,4,2017-04-24,18:00,3200.0,890.0,2910.0,650.0,－－－－－－－－－－,10.0,10.0,0.0,80.0,0.0,190.0,-1540.0,3200.0,yonden
2017,4,2017-04-24,19:00,3160.0,890.0,2910.0,610.0,－－－－－－－－－－,10.0,0.0,0.0,70.0,0.0,80.0,-1410.0,3160.0,yonden
2017,4,2017-04-24,20:00,3020.0,890.0,2900.0,540.0,－－－－－－－－－－,10.0,0.0,0.0,70.0,0.0,0.0,-1390.0,3020.0,yonden
2017,4,2017-04-24,21:00,2830.0,890.0,2750.0,490.0,－－－－－－－－－－,10.0,0.0,0.0,50.0,0.0,0.0,-1360.0,2830.0,yonden
2017,4,2017-04-24,22:00,2610.0,890.0,2540.0,450.0,－－－－－－－－－－,10.0,0.0,0.0,50.0,0.0,0.0,-1330.0,2610.0,yonden
2017,4,2017-04-24,23:00,2510.0,890.0,2440.0,450.0,－－－－－－－－－－,10.0,0.0,0.0,60.0,0.0,0.0,-1340.0,2510.0,yonden
2017,4,2017-04-25,00:00,2430.0,890.0,2240.0,460.0,－－－－－－－－－－,10.0,0.0,0.0,70.0,0.0,0.0,-1240.0,2430.0,yonden
2017,4,2017-04-25,01:00,2480.0,890.0,2170.0,500.0,－－－－－－－－－－,10.0,0.0,0.0,80.0,0.0,0.0,-1170.0,2480.0,yonden
2017,4,2017-04-25,02:00,2710.0,890.0,2310.0,550.0,－－－－－－－－－－,10.0,0.0,0.0,70.0,0.0,0.0,-1120.0,2710.0,yonden
2017,4,2017-04-25,03:00,2930.0,890.0,2390.0,590.0,－－－－－－－－－－,10.0,0.0,0.0,70.0,0.0,0.0,-1020.0,2930.0,yonden
2017,4,2017-04-25,04:00,2970.0,890.0,2400.0,540.0,－－－－－－－－－－,10.0,0.0,0.0,80.0,0.0,0.0,-950.0,2970.0,yonden
2017,4,2017-04-25,05:00,2840.0,890.0,2340.0,530.0,－－－－－－－－－－,10.0,10.0,0.0,80.0,0.0,0.0,-1020.0,2840.0,yonden
2017,4,2017-04-25,06:00,2710.0,890.0,2300.0,480.0,－－－－－－－－－－,10.0,190.0,0.0,60.0,0.0,0.0,-1220.0,2710.0,yonden
2017,4,2017-04-25,07:00,2640.0,890.0,2190.0,440.0,－－－－－－－－－－,10.0,460.0,0.0,70.0,0.0,0.0,-1420.0,2640.0,yonden
2017,4,2017-04-25,08:00,2920.0,890.0,2250.0,460.0,－－－－－－－－－－,10.0,740.0,0.0,80.0,0.0,0.0,-1510.0,2920.0,yonden
2017,4,2017-04-25,09:00,3100.0,890.0,2340.0,450.0,－－－－－－－－－－,10.0,880.0,0.0,80.0,0.0,0.0,-1550.0,3100.0,yonden
2017,4,2017-04-25,10:00,3130.0,890.0,2380.0,430.0,－－－－－－－－－－,10.0,910.0,0.0,70.0,0.0,0.0,-1560.0,3130.0,yonden
2017,4,2017-04-25,11:00,3180.0,890.0,2390.0,390.0,－－－－－－－－－－,10.0,950.0,0.0,80.0,0.0,0.0,-1530.0,3180.0,yonden
2017,4,2017-04-25,12:00,3010.0,890.0,2210.0,390.0,－－－－－－－－－－,10.0,1030.0,0.0,90.0,0.0,0.0,-1610.0,3010.0,yonden
2017,4,2017-04-25,13:00,3180.0,890.0,2330.0,410.0,－－－－－－－－－－,10.0,950.0,0.0,80.0,0.0,0.0,-1490.0,3180.0,yonden
2017,4,2017-04-25,14:00,3190.0,890.0,2440.0,490.0,－－－－－－－－－－,10.0,830.0,0.0,80.0,0.0,0.0,-1550.0,3190.0,yonden
2017,4,2017-04-25,15:00,3200.0,890.0,2570.0,490.0,－－－－－－－－－－,10.0,630.0,0.0,90.0,0.0,0.0,-1480.0,3200.0,yonden
2017,4,2017-04-25,16:00,3210.0,890.0,2850.0,500.0,－－－－－－－－－－,10.0,340.0,0.0,90.0,0.0,0.0,-1470.0,3210.0,yonden
2017,4,2017-04-25,17:00,3120.0,890.0,2970.0,560.0,－－－－－－－－－－,10.0,100.0,0.0,90.0,0.0,0.0,-1500.0,3120.0,yonden
2017,4,2017-04-25,18:00,3200.0,890.0,3090.0,640.0,－－－－－－－－－－,10.0,10.0,0.0,90.0,0.0,0.0,-1530.0,3200.0,yonden
2017,4,2017-04-25,19:00,3150.0,890.0,3010.0,620.0,－－－－－－－－－－,10.0,0.0,0.0,100.0,0.0,0.0,-1480.0,3150.0,yonden
2017,4,2017-04-25,20:00,3000.0,890.0,2860.0,520.0,－－－－－－－－－－,10.0,0.0,0.0,100.0,0.0,0.0,-1380.0,3000.0,yonden
2017,4,2017-04-25,21:00,2810.0,890.0,2680.0,470.0,－－－－－－－－－－,10.0,0.0,0.0,100.0,0.0,0.0,-1340.0,2810.0,yonden
2017,4,2017-04-25,22:00,2620.0,890.0,2410.0,430.0,－－－－－－－－－－,10.0,0.0,0.0,90.0,0.0,0.0,-1210.0,2620.0,yonden
2017,4,2017-04-25,23:00,2510.0,890.0,2310.0,440.0,－－－－－－－－－－,10.0,0.0,0.0,80.0,0.0,0.0,-1220.0,2510.0,yonden
2017,4,2017-04-26,00:00,2400.0,880.0,2230.0,410.0,－－－－－－－－－－,10.0,0.0,0.0,80.0,0.0,0.0,-1210.0,2400.0,yonden
2017,4,2017-04-26,01:00,2470.0,890.0,2210.0,410.0,－－－－－－－－－－,10.0,0.0,0.0,90.0,0.0,0.0,-1140.0,2470.0,yonden
2017,4,2017-04-26,02:00,2700.0,880.0,2270.0,440.0,－－－－－－－－－－,10.0,0.0,0.0,90.0,0.0,0.0,-990.0,2700.0,yonden
2017,4,2017-04-26,03:00,2910.0,890.0,2260.0,520.0,－－－－－－－－－－,10.0,0.0,0.0,90.0,0.0,0.0,-860.0,2910.0,yonden
2017,4,2017-04-26,04:00,2950.0,890.0,2310.0,520.0,－－－－－－－－－－,10.0,0.0,0.0,70.0,0.0,0.0,-850.0,2950.0,yonden
2017,4,2017-04-26,05:00,2850.0,890.0,2280.0,480.0,－－－－－－－－－－,10.0,10.0,0.0,60.0,0.0,0.0,-880.0,2850.0,yonden
2017,4,2017-04-26,06:00,2740.0,890.0,2360.0,450.0,－－－－－－－－－－,10.0,40.0,0.0,60.0,0.0,0.0,-1070.0,2740.0,yonden
2017,4,2017-04-26,07:00,2720.0,890.0,2490.0,430.0,－－－－－－－－－－,10.0,70.0,0.0,50.0,0.0,0.0,-1220.0,2720.0,yonden
2017,4,2017-04-26,08:00,3120.0,890.0,2860.0,450.0,－－－－－－－－－－,10.0,100.0,0.0,30.0,0.0,0.0,-1220.0,3120.0,yonden
2017,4,2017-04-26,09:00,3310.0,890.0,3080.0,500.0,－－－－－－－－－－,10.0,140.0,0.0,20.0,0.0,0.0,-1330.0,3310.0,yonden
2017,4,2017-04-26,10:00,3320.0,890.0,3050.0,510.0,－－－－－－－－－－,10.0,190.0,0.0,10.0,0.0,0.0,-1340.0,3320.0,yonden
2017,4,2017-04-26,11:00,3370.0,890.0,3060.0,480.0,－－－－－－－－－－,10.0,210.0,0.0,10.0,0.0,0.0,-1290.0,3370.0,yonden
2017,4,2017-04-26,12:00,3130.0,890.0,2860.0,470.0,－－－－－－－－－－,10.0,210.0,0.0,10.0,0.0,0.0,-1320.0,3130.0,yonden
2017,4,2017-04-26,13:00,3290.0,890.0,3060.0,520.0,－－－－－－－－－－,10.0,190.0,0.0,10.0,0.0,0.0,-1390.0,3290.0,yonden
2017,4,2017-04-26,14:00,3280.0,890.0,3130.0,480.0,－－－－－－－－－－,10.0,160.0,0.0,10.0,0.0,0.0,-1400.0,3280.0,yonden
2017,4,2017-04-26,15:00,3240.0,890.0,3080.0,480.0,－－－－－－－－－－,10.0,120.0,0.0,10.0,0.0,0.0,-1350.0,3240.0,yonden
2017,4,2017-04-26,16:00,3300.0,890.0,3000.0,490.0,－－－－－－－－－－,10.0,80.0,0.0,10.0,0.0,130.0,-1310.0,3300.0,yonden
2017,4,2017-04-26,17:00,3250.0,890.0,2960.0,550.0,－－－－－－－－－－,10.0,40.0,0.0,0.0,0.0,190.0,-1390.0,3250.0,yonden
2017,4,2017-04-26,18:00,3290.0,890.0,2910.0,590.0,－－－－－－－－－－,10.0,10.0,0.0,0.0,0.0,190.0,-1310.0,3290.0,yonden
2017,4,2017-04-26,19:00,3220.0,890.0,2830.0,580.0,－－－－－－－－－－,10.0,0.0,0.0,0.0,0.0,180.0,-1270.0,3220.0,yonden
2017,4,2017-04-26,20:00,3050.0,890.0,2620.0,570.0,－－－－－－－－－－,10.0,0.0,0.0,0.0,0.0,160.0,-1200.0,3050.0,yonden
2017,4,2017-04-26,21:00,2860.0,890.0,2560.0,540.0,－－－－－－－－－－,10.0,0.0,0.0,0.0,0.0,0.0,-1140.0,2860.0,yonden
2017,4,2017-04-26,22:00,2660.0,890.0,2400.0,500.0,－－－－－－－－－－,10.0,0.0,0.0,10.0,0.0,0.0,-1150.0,2660.0,yonden
2017,4,2017-04-26,23:00,2550.0,890.0,2270.0,470.0,－－－－－－－－－－,10.0,0.0,0.0,20.0,0.0,0.0,-1110.0,2550.0,yonden
2017,4,2017-04-27,00:00,2460.0,890.0,2260.0,490.0,－－－－－－－－－－,10.0,0.0,0.0,30.0,0.0,0.0,-1220.0,2460.0,yonden
2017,4,2017-04-27,01:00,2520.0,890.0,2270.0,500.0,－－－－－－－－－－,10.0,0.0,0.0,50.0,0.0,0.0,-1200.0,2520.0,yonden
2017,4,2017-04-27,02:00,2750.0,890.0,2310.0,550.0,－－－－－－－－－－,10.0,0.0,0.0,60.0,0.0,0.0,-1070.0,2750.0,yonden
2017,4,2017-04-27,03:00,2970.0,890.0,2330.0,590.0,－－－－－－－－－－,10.0,0.0,0.0,70.0,0.0,0.0,-920.0,2970.0,yonden
2017,4,2017-04-27,04:00,3020.0,890.0,2370.0,600.0,－－－－－－－－－－,10.0,0.0,0.0,70.0,0.0,0.0,-920.0,3020.0,yonden
2017,4,2017-04-27,05:00,2900.0,890.0,2320.0,520.0,－－－－－－－－－－,10.0,20.0,0.0,70.0,0.0,0.0,-930.0,2900.0,yonden
2017,4,2017-04-27,06:00,2750.0,890.0,2270.0,490.0,－－－－－－－－－－,10.0,160.0,0.0,60.0,0.0,0.0,-1130.0,2750.0,yonden
2017,4,2017-04-27,07:00,2650.0,890.0,2160.0,490.0,－－－－－－－－－－,10.0,450.0,0.0,40.0,0.0,0.0,-1390.0,2650.0,yonden
2017,4,2017-04-27,08:00,2930.0,890.0,2210.0,520.0,－－－－－－－－－－,10.0,810.0,0.0,20.0,0.0,0.0,-1530.0,2930.0,yonden
2017,4,2017-04-27,09:00,3110.0,890.0,2140.0,590.0,－－－－－－－－－－,10.0,1040.0,0.0,10.0,0.0,-50.0,-1520.0,3110.0,yonden
2017,4,2017-04-27,10:00,3140.0,890.0,2350.0,580.0,－－－－－－－－－－,10.0,1120.0,0.0,10.0,0.0,-310.0,-1510.0,3140.0,yonden
2017,4,2017-04-27,11:00,3200.0,890.0,2150.0,510.0,－－－－－－－－－－,10.0,1410.0,0.0,10.0,0.0,-300.0,-1480.0,3200.0,yonden
2017,4,2017-04-27,12:00,3010.0,890.0,2280.0,520.0,－－－－－－－－－－,10.0,1310.0,0.0,10.0,0.0,-300.0,-1710.0,3010.0,yonden
2017,4,2017-04-27,13:00,3200.0,890.0,2280.0,510.0,－－－－－－－－－－,10.0,1190.0,0.0,20.0,0.0,-60.0,-1640.0,3200.0,yonden
2017,4,2017-04-27,14:00,3180.0,880.0,2530.0,500.0,－－－－－－－－－－,10.0,870.0,0.0,30.0,0.0,0.0,-1640.0,3180.0,yonden
2017,4,2017-04-27,15:00,3080.0,880.0,2670.0,490.0,－－－－－－－－－－,10.0,550.0,0.0,30.0,0.0,0.0,-1550.0,3080.0,yonden
2017,4,2017-04-27,16:00,3010.0,890.0,2640.0,480.0,－－－－－－－－－－,10.0,280.0,0.0,30.0,0.0,180.0,-1500.0,3010.0,yonden
2017,4,2017-04-27,17:00,3010.0,890.0,2630.0,550.0,－－－－－－－－－－,10.0,120.0,0.0,20.0,0.0,240.0,-1450.0,3010.0,yonden
2017,4,2017-04-27,18:00,3150.0,880.0,2650.0,630.0,－－－－－－－－－－,10.0,10.0,0.0,20.0,0.0,310.0,-1360.0,3150.0,yonden
2017,4,2017-04-27,19:00,3170.0,890.0,2650.0,630.0,－－－－－－－－－－,10.0,0.0,0.0,20.0,0.0,310.0,-1340.0,3170.0,yonden
2017,4,2017-04-27,20:00,3040.0,890.0,2630.0,590.0,－－－－－－－－－－,10.0,0.0,0.0,30.0,0.0,180.0,-1290.0,3040.0,yonden
2017,4,2017-04-27,21:00,2860.0,880.0,2690.0,520.0,－－－－－－－－－－,10.0,0.0,0.0,40.0,0.0,0.0,-1280.0,2860.0,yonden
2017,4,2017-04-27,22:00,2650.0,880.0,2550.0,470.0,－－－－－－－－－－,10.0,0.0,0.0,30.0,0.0,0.0,-1290.0,2650.0,yonden
2017,4,2017-04-27,23:00,2540.0,890.0,2500.0,410.0,－－－－－－－－－－,10.0,0.0,0.0,20.0,0.0,0.0,-1290.0,2540.0,yonden
2017,4,2017-04-28,00:00,2420.0,880.0,2400.0,370.0,－－－－－－－－－－,10.0,0.0,0.0,20.0,0.0,0.0,-1260.0,2420.0,yonden
2017,4,2017-04-28,01:00,2490.0,880.0,2390.0,400.0,－－－－－－－－－－,10.0,0.0,0.0,30.0,0.0,0.0,-1220.0,2490.0,yonden
2017,4,2017-04-28,02:00,2750.0,880.0,2420.0,500.0,－－－－－－－－－－,10.0,0.0,0.0,20.0,0.0,0.0,-1080.0,2750.0,yonden
2017,4,2017-04-28,03:00,2970.0,890.0,2460.0,560.0,－－－－－－－－－－,10.0,0.0,0.0,20.0,0.0,0.0,-970.0,2970.0,yonden
2017,4,2017-04-28,04:00,3030.0,890.0,2440.0,590.0,－－－－－－－－－－,10.0,0.0,0.0,10.0,0.0,0.0,-910.0,3030.0,yonden
2017,4,2017-04-28,05:00,2950.0,890.0,2470.0,500.0,－－－－－－－－－－,10.0,20.0,0.0,10.0,0.0,0.0,-950.0,2950.0,yonden
2017,4,2017-04-28,06:00,2840.0,890.0,2460.0,430.0,－－－－－－－－－－,10.0,260.0,0.0,10.0,0.0,0.0,-1220.0,2840.0,yonden
2017,4,2017-04-28,07:00,2650.0,890.0,2300.0,400.0,－－－－－－－－－－,10.0,610.0,0.0,0.0,0.0,0.0,-1560.0,2650.0,yonden
2017,4,2017-04-28,08:00,2890.0,890.0,2350.0,420.0,－－－－－－－－－－,10.0,980.0,0.0,0.0,0.0,0.0,-1760.0,2890.0,yonden
2017,4,2017-04-28,09:00,3050.0,890.0,2270.0,420.0,－－－－－－－－－－,10.0,1290.0,0.0,0.0,0.0,0.0,-1830.0,3050.0,yonden
2017,4,2017-04-28,10:00,3120.0,890.0,2120.0,440.0,－－－－－－－－－－,10.0,1480.0,0.0,0.0,0.0,0.0,-1820.0,3120.0,yonden
2017,4,2017-04-28,11:00,3150.0,890.0,2100.0,430.0,－－－－－－－－－－,10.0,1550.0,0.0,10.0,0.0,-30.0,-1810.0,3150.0,yonden
2017,4,2017-04-28,12:00,2980.0,890.0,2220.0,430.0,－－－－－－－－－－,10.0,1550.0,0.0,10.0,0.0,-310.0,-1820.0,2980.0,yonden
2017,4,2017-04-28,13:00,3140.0,890.0,2160.0,380.0,－－－－－－－－－－,10.0,1510.0,0.0,20.0,0.0,-30.0,-1800.0,3140.0,yonden
2017,4,2017-04-28,14:00,3140.0,890.0,2250.0,370.0,－－－－－－－－－－,10.0,1370.0,0.0,10.0,0.0,0.0,-1760.0,3140.0,yonden
2017,4,2017-04-28,15:00,3110.0,890.0,2360.0,430.0,－－－－－－－－－－,10.0,1090.0,0.0,10.0,0.0,0.0,-1680.0,3110.0,yonden
2017,4,2017-04-28,16:00,3120.0,890.0,2590.0,490.0,－－－－－－－－－－,10.0,730.0,0.0,10.0,0.0,60.0,-1660.0,3120.0,yonden
2017,4,2017-04-28,17:00,3080.0,890.0,2650.0,570.0,－－－－－－－－－－,10.0,340.0,0.0,10.0,0.0,280.0,-1670.0,3080.0,yonden
2017,4,2017-04-28,18:00,3040.0,890.0,2690.0,650.0,－－－－－－－－－－,10.0,40.0,0.0,20.0,0.0,280.0,-1540.0,3040.0,yonden
2017,4,2017-04-28,19:00,3060.0,890.0,2720.0,620.0,－－－－－－－－－－,10.0,0.0,0.0,40.0,0.0,270.0,-1490.0,3060.0,yonden
2017,4,2017-04-28,20:00,2940.0,890.0,2630.0,520.0,－－－－－－－－－－,10.0,0.0,0.0,40.0,0.0,140.0,-1290.0,2940.0,yonden
2017,4,2017-04-28,21:00,2770.0,890.0,2620.0,430.0,－－－－－－－－－－,10.0,0.0,0.0,30.0,0.0,0.0,-1210.0,2770.0,yonden
2017,4,2017-04-28,22:00,2570.0,890.0,2370.0,390.0,－－－－－－－－－－,10.0,0.0,0.0,20.0,0.0,0.0,-1110.0,2570.0,yonden
2017,4,2017-04-28,23:00,2460.0,890.0,2270.0,350.0,－－－－－－－－－－,10.0,0.0,0.0,10.0,0.0,0.0,-1070.0,2460.0,yonden
2017,4,2017-04-29,00:00,2360.0,890.0,2140.0,300.0,－－－－－－－－－－,10.0,0.0,0.0,10.0,0.0,0.0,-990.0,2360.0,yonden
2017,4,2017-04-29,01:00,2430.0,890.0,2160.0,320.0,－－－－－－－－－－,10.0,0.0,0.0,10.0,0.0,0.0,-960.0,2430.0,yonden
2017,4,2017-04-29,02:00,2650.0,890.0,2140.0,460.0,－－－－－－－－－－,10.0,0.0,0.0,10.0,0.0,0.0,-860.0,2650.0,yonden
2017,4,2017-04-29,03:00,2890.0,890.0,2260.0,560.0,－－－－－－－－－－,10.0,0.0,0.0,20.0,0.0,0.0,-850.0,2890.0,yonden
2017,4,2017-04-29,04:00,2930.0,890.0,2260.0,580.0,－－－－－－－－－－,10.0,0.0,0.0,20.0,0.0,0.0,-830.0,2930.0,yonden
2017,4,2017-04-29,05:00,2760.0,890.0,2190.0,470.0,－－－－－－－－－－,10.0,20.0,0.0,20.0,0.0,0.0,-840.0,2760.0,yonden
2017,4,2017-04-29,06:00,2500.0,890.0,2040.0,380.0,－－－－－－－－－－,10.0,200.0,0.0,10.0,0.0,0.0,-1030.0,2500.0,yonden
2017,4,2017-04-29,07:00,2370.0,890.0,1950.0,320.0,－－－－－－－－－－,10.0,470.0,0.0,10.0,0.0,0.0,-1280.0,2370.0,yonden
2017,4,2017-04-29,08:00,2540.0,890.0,1990.0,310.0,－－－－－－－－－－,10.0,710.0,0.0,10.0,0.0,0.0,-1380.0,2540.0,yonden
2017,4,2017-04-29,09:00,2630.0,890.0,1790.0,340.0,－－－－－－－－－－,10.0,980.0,0.0,0.0,0.0,0.0,-1380.0,2630.0,yonden
2017,4,2017-04-29,10:00,2680.0,890.0,1700.0,370.0,－－－－－－－－－－,10.0,1230.0,0.0,10.0,0.0,-130.0,-1400.0,2680.0,yonden
2017,4,2017-04-29,11:00,2690.0,890.0,1860.0,290.0,－－－－－－－－－－,10.0,1460.0,0.0,10.0,0.0,-310.0,-1520.0,2690.0,yonden
2017,4,2017-04-29,12:00,2720.0,890.0,1920.0,290.0,－－－－－－－－－－,10.0,1370.0,0.0,20.0,0.0,-130.0,-1650.0,2720.0,yonden
2017,4,2017-04-29,13:00,2710.0,890.0,1770.0,250.0,－－－－－－－－－－,10.0,1270.0,0.0,30.0,0.0,-30.0,-1480.0,2710.0,yonden
2017,4,2017-04-29,14:00,2660.0,890.0,1670.0,300.0,－－－－－－－－－－,10.0,1280.0,0.0,80.0,0.0,-300.0,-1270.0,2660.0,yonden
2017,4,2017-04-29,15:00,2660.0,890.0,1690.0,340.0,－－－－－－－－－－,10.0,1030.0,0.0,100.0,0.0,-130.0,-1270.0,2660.0,yonden
2017,4,2017-04-29,16:00,2680.0,890.0,1980.0,350.0,－－－－－－－－－－,10.0,680.0,0.0,90.0,0.0,0.0,-1320.0,2680.0,yonden
2017,4,2017-04-29,17:00,2730.0,890.0,2260.0,470.0,－－－－－－－－－－,10.0,320.0,0.0,80.0,0.0,80.0,-1380.0,2730.0,yonden
2017,4,2017-04-29,18:00,2730.0,890.0,2320.0,580.0,－－－－－－－－－－,10.0,40.0,0.0,70.0,0.0,160.0,-1340.0,2730.0,yonden
2017,4,2017-04-29,19:00,2770.0,890.0,2360.0,600.0,－－－－－－－－－－,10.0,0.0,0.0,50.0,0.0,230.0,-1370.0,2770.0,yonden
2017,4,2017-04-29,20:00,2700.0,890.0,2450.0,490.0,－－－－－－－－－－,10.0,0.0,0.0,30.0,0.0,160.0,-1330.0,2700.0,yonden
2017,4,2017-04-29,21:00,2550.0,890.0,2500.0,370.0,－－－－－－－－－－,10.0,0.0,0.0,20.0,0.0,60.0,-1300.0,2550.0,yonden
2017,4,2017-04-29,22:00,2380.0,890.0,2310.0,340.0,－－－－－－－－－－,10.0,0.0,0.0,10.0,0.0,0.0,-1180.0,2380.0,yonden
2017,4,2017-04-29,23:00,2320.0,890.0,2280.0,320.0,－－－－－－－－－－,10.0,0.0,0.0,10.0,0.0,0.0,-1190.0,2320.0,yonden
2017,4,2017-04-30,00:00,2220.0,890.0,2060.0,280.0,－－－－－－－－－－,10.0,0.0,0.0,10.0,0.0,0.0,-1030.0,2220.0,yonden
2017,4,2017-04-30,01:00,2310.0,890.0,2110.0,330.0,－－－－－－－－－－,10.0,0.0,0.0,20.0,0.0,0.0,-1050.0,2310.0,yonden
2017,4,2017-04-30,02:00,2530.0,890.0,2190.0,420.0,－－－－－－－－－－,10.0,0.0,0.0,20.0,0.0,0.0,-1000.0,2530.0,yonden
2017,4,2017-04-30,03:00,2750.0,890.0,2220.0,480.0,－－－－－－－－－－,10.0,0.0,0.0,20.0,0.0,0.0,-870.0,2750.0,yonden
2017,4,2017-04-30,04:00,2800.0,890.0,2280.0,500.0,－－－－－－－－－－,10.0,0.0,0.0,20.0,0.0,0.0,-900.0,2800.0,yonden
2017,4,2017-04-30,05:00,2660.0,890.0,2190.0,450.0,－－－－－－－－－－,10.0,20.0,0.0,20.0,0.0,0.0,-920.0,2660.0,yonden
2017,4,2017-04-30,06:00,2390.0,890.0,1990.0,370.0,－－－－－－－－－－,10.0,260.0,0.0,20.0,0.0,-210.0,-940.0,2390.0,yonden
2017,4,2017-04-30,07:00,2160.0,890.0,1590.0,330.0,－－－－－－－－－－,10.0,590.0,0.0,20.0,0.0,-580.0,-690.0,2160.0,yonden
2017,4,2017-04-30,08:00,2230.0,890.0,1700.0,280.0,－－－－－－－－－－,10.0,940.0,0.0,10.0,0.0,-600.0,-1000.0,2230.0,yonden
2017,4,2017-04-30,09:00,2280.0,890.0,1870.0,290.0,－－－－－－－－－－,10.0,1220.0,0.0,10.0,0.0,-600.0,-1410.0,2280.0,yonden
2017,4,2017-04-30,10:00,2360.0,890.0,1870.0,290.0,－－－－－－－－－－,10.0,1420.0,0.0,10.0,0.0,-600.0,-1530.0,2360.0,yonden
2017,4,2017-04-30,11:00,2420.0,890.0,1900.0,270.0,－－－－－－－－－－,10.0,1510.0,0.0,10.0,0.0,-590.0,-1580.0,2420.0,yonden
2017,4,2017-04-30,12:00,2430.0,830.0,1900.0,380.0,－－－－－－－－－－,10.0,1520.0,0.0,10.0,0.0,-590.0,-1630.0,2430.0,yonden
2017,4,2017-04-30,13:00,2440.0,870.0,1780.0,310.0,－－－－－－－－－－,10.0,1460.0,0.0,10.0,0.0,-400.0,-1600.0,2440.0,yonden
2017,4,2017-04-30,14:00,2440.0,880.0,1780.0,250.0,－－－－－－－－－－,10.0,1300.0,0.0,20.0,0.0,-200.0,-1600.0,2440.0,yonden
2017,4,2017-04-30,15:00,2470.0,890.0,1640.0,300.0,－－－－－－－－－－,10.0,1040.0,0.0,20.0,0.0,0.0,-1430.0,2470.0,yonden
2017,4,2017-04-30,16:00,2530.0,890.0,2010.0,420.0,－－－－－－－－－－,10.0,680.0,0.0,20.0,0.0,0.0,-1500.0,2530.0,yonden
2017,4,2017-04-30,17:00,2620.0,890.0,2190.0,470.0,－－－－－－－－－－,10.0,310.0,0.0,20.0,0.0,140.0,-1410.0,2620.0,yonden
2017,4,2017-04-30,18:00,2650.0,890.0,2330.0,530.0,－－－－－－－－－－,10.0,40.0,0.0,20.0,0.0,250.0,-1420.0,2650.0,yonden
2017,4,2017-04-30,19:00,2700.0,890.0,2320.0,540.0,－－－－－－－－－－,10.0,0.0,0.0,10.0,0.0,300.0,-1370.0,2700.0,yonden
2017,4,2017-04-30,20:00,2610.0,890.0,2290.0,480.0,－－－－－－－－－－,10.0,0.0,0.0,10.0,0.0,260.0,-1330.0,2610.0,yonden
2017,4,2017-04-30,21:00,2480.0,890.0,2290.0,410.0,－－－－－－－－－－,10.0,0.0,0.0,10.0,0.0,140.0,-1270.0,2480.0,yonden
2017,4,2017-04-30,22:00,2300.0,890.0,2140.0,360.0,－－－－－－－－－－,10.0,0.0,0.0,10.0,0.0,0.0,-1110.0,2300.0,yonden
2017,4,2017-04-30,23:00,2210.0,890.0,2150.0,350.0,－－－－－－－－－－,10.0,0.0,0.0,10.0,0.0,0.0,-1200.0,2210.0,yonden
2017,5,2017-05-01,00:00,2140.0,890.0,1990.0,360.0,－－－－－－－－－－,10.0,0.0,0.0,10.0,0.0,0.0,-1120.0,2140.0,yonden
2017,5,2017-05-01,01:00,2210.0,890.0,1980.0,370.0,－－－－－－－－－－,10.0,0.0,0.0,10.0,0.0,0.0,-1050.0,2210.0,yonden
2017,5,2017-05-01,02:00,2470.0,890.0,2140.0,420.0,－－－－－－－－－－,10.0,0.0,0.0,20.0,0.0,0.0,-1010.0,2470.0,yonden
2017,5,2017-05-01,03:00,2710.0,890.0,2160.0,500.0,－－－－－－－－－－,10.0,0.0,0.0,30.0,0.0,0.0,-880.0,2710.0,yonden
2017,5,2017-05-01,04:00,2790.0,890.0,2210.0,490.0,－－－－－－－－－－,10.0,0.0,0.0,30.0,0.0,0.0,-840.0,2790.0,yonden
2017,5,2017-05-01,05:00,2670.0,890.0,2200.0,410.0,－－－－－－－－－－,10.0,30.0,0.0,30.0,0.0,0.0,-900.0,2670.0,yonden
2017,5,2017-05-01,06:00,2530.0,890.0,2170.0,390.0,－－－－－－－－－－,10.0,230.0,0.0,30.0,0.0,0.0,-1190.0,2530.0,yonden
2017,5,2017-05-01,07:00,2440.0,890.0,1980.0,360.0,－－－－－－－－－－,10.0,480.0,0.0,20.0,0.0,0.0,-1300.0,2440.0,yonden
2017,5,2017-05-01,08:00,2720.0,890.0,2320.0,400.0,－－－－－－－－－－,10.0,820.0,0.0,20.0,0.0,0.0,-1740.0,2720.0,yonden
2017,5,2017-05-01,09:00,2930.0,890.0,2250.0,410.0,－－－－－－－－－－,10.0,1180.0,0.0,20.0,0.0,0.0,-1830.0,2930.0,yonden
2017,5,2017-05-01,10:00,3020.0,890.0,2100.0,380.0,－－－－－－－－－－,10.0,1410.0,0.0,30.0,0.0,0.0,-1800.0,3020.0,yonden
2017,5,2017-05-01,11:00,3060.0,890.0,2150.0,400.0,－－－－－－－－－－,10.0,1360.0,0.0,60.0,0.0,0.0,-1810.0,3060.0,yonden
2017,5,2017-05-01,12:00,2930.0,890.0,1980.0,320.0,－－－－－－－－－－,10.0,1510.0,0.0,70.0,0.0,0.0,-1850.0,2930.0,yonden
2017,5,2017-05-01,13:00,3100.0,890.0,2110.0,350.0,－－－－－－－－－－,10.0,1480.0,0.0,70.0,0.0,0.0,-1810.0,3100.0,yonden
2017,5,2017-05-01,14:00,3120.0,890.0,2260.0,360.0,－－－－－－－－－－,10.0,1290.0,0.0,70.0,0.0,0.0,-1760.0,3120.0,yonden
2017,5,2017-05-01,15:00,3100.0,890.0,2360.0,410.0,－－－－－－－－－－,10.0,970.0,0.0,80.0,0.0,0.0,-1620.0,3100.0,yonden
2017,5,2017-05-01,16:00,3070.0,890.0,2520.0,460.0,－－－－－－－－－－,10.0,600.0,0.0,70.0,0.0,190.0,-1670.0,3070.0,yonden
2017,5,2017-05-01,17:00,2990.0,890.0,2640.0,530.0,－－－－－－－－－－,10.0,260.0,0.0,60.0,0.0,250.0,-1650.0,2990.0,yonden
2017,5,2017-05-01,18:00,2970.0,890.0,2680.0,630.0,－－－－－－－－－－,10.0,30.0,0.0,60.0,0.0,270.0,-1600.0,2970.0,yonden
2017,5,2017-05-01,19:00,2950.0,890.0,2680.0,650.0,－－－－－－－－－－,10.0,0.0,0.0,60.0,0.0,300.0,-1640.0,2950.0,yonden
2017,5,2017-05-01,20:00,2800.0,890.0,2630.0,510.0,－－－－－－－－－－,0.0,0.0,0.0,60.0,0.0,180.0,-1470.0,2800.0,yonden
2017,5,2017-05-01,21:00,2620.0,890.0,2580.0,410.0,－－－－－－－－－－,0.0,0.0,0.0,50.0,0.0,40.0,-1350.0,2620.0,yonden
2017,5,2017-05-01,22:00,2440.0,890.0,2380.0,380.0,－－－－－－－－－－,0.0,0.0,0.0,50.0,0.0,0.0,-1260.0,2440.0,yonden
2017,5,2017-05-01,23:00,2380.0,890.0,2340.0,370.0,－－－－－－－－－－,0.0,0.0,0.0,40.0,0.0,0.0,-1260.0,2380.0,yonden
2017,5,2017-05-02,00:00,2290.0,880.0,2450.0,400.0,－－－－－－－－－－,0.0,0.0,0.0,30.0,0.0,0.0,-1470.0,2290.0,yonden
2017,5,2017-05-02,01:00,2310.0,890.0,2450.0,420.0,－－－－－－－－－－,0.0,0.0,0.0,40.0,0.0,0.0,-1490.0,2310.0,yonden
2017,5,2017-05-02,02:00,2540.0,880.0,2410.0,490.0,－－－－－－－－－－,0.0,0.0,0.0,40.0,0.0,0.0,-1280.0,2540.0,yonden
2017,5,2017-05-02,03:00,2760.0,880.0,2390.0,490.0,－－－－－－－－－－,0.0,0.0,0.0,40.0,0.0,0.0,-1040.0,2760.0,yonden
2017,5,2017-05-02,04:00,2830.0,890.0,2370.0,470.0,－－－－－－－－－－,0.0,0.0,0.0,40.0,0.0,0.0,-940.0,2830.0,yonden
2017,5,2017-05-02,05:00,2740.0,890.0,2380.0,420.0,－－－－－－－－－－,0.0,30.0,0.0,40.0,0.0,0.0,-1020.0,2740.0,yonden
2017,5,2017-05-02,06:00,2590.0,890.0,2340.0,380.0,－－－－－－－－－－,0.0,270.0,0.0,30.0,0.0,0.0,-1320.0,2590.0,yonden
2017,5,2017-05-02,07:00,2430.0,890.0,2160.0,340.0,－－－－－－－－－－,0.0,610.0,0.0,20.0,0.0,0.0,-1590.0,2430.0,yonden
2017,5,2017-05-02,08:00,2680.0,890.0,2250.0,390.0,－－－－－－－－－－,0.0,960.0,0.0,10.0,0.0,0.0,-1820.0,2680.0,yonden
2017,5,2017-05-02,09:00,2850.0,890.0,2140.0,420.0,－－－－－－－－－－,0.0,1190.0,0.0,10.0,0.0,0.0,-1800.0,2850.0,yonden
2017,5,2017-05-02,10:00,2910.0,890.0,2090.0,360.0,－－－－－－－－－－,0.0,1370.0,0.0,0.0,0.0,0.0,-1800.0,2910.0,yonden
2017,5,2017-05-02,11:00,2960.0,890.0,2100.0,290.0,－－－－－－－－－－,0.0,1420.0,0.0,0.0,0.0,0.0,-1740.0,2960.0,yonden
2017,5,2017-05-02,12:00,2810.0,890.0,2050.0,280.0,－－－－－－－－－－,0.0,1400.0,0.0,0.0,0.0,0.0,-1810.0,2810.0,yonden
2017,5,2017-05-02,13:00,2940.0,890.0,2230.0,270.0,－－－－－－－－－－,0.0,1370.0,0.0,0.0,0.0,0.0,-1820.0,2940.0,yonden
2017,5,2017-05-02,14:00,2950.0,890.0,2310.0,310.0,－－－－－－－－－－,0.0,1230.0,0.0,0.0,0.0,0.0,-1790.0,2950.0,yonden
2017,5,2017-05-02,15:00,2900.0,890.0,2470.0,380.0,－－－－－－－－－－,0.0,930.0,0.0,0.0,0.0,0.0,-1770.0,2900.0,yonden
2017,5,2017-05-02,16:00,2900.0,890.0,2740.0,440.0,－－－－－－－－－－,0.0,620.0,0.0,0.0,0.0,0.0,-1790.0,2900.0,yonden
2017,5,2017-05-02,17:00,2830.0,890.0,2970.0,530.0,－－－－－－－－－－,0.0,250.0,0.0,10.0,0.0,0.0,-1820.0,2830.0,yonden
2017,5,2017-05-02,18:00,2830.0,890.0,3050.0,630.0,－－－－－－－－－－,0.0,30.0,0.0,30.0,0.0,0.0,-1800.0,2830.0,yonden
2017,5,2017-05-02,19:00,2870.0,890.0,3090.0,640.0,－－－－－－－－－－,0.0,0.0,0.0,30.0,0.0,0.0,-1780.0,2870.0,yonden
2017,5,2017-05-02,20:00,2720.0,890.0,2860.0,550.0,－－－－－－－－－－,0.0,0.0,0.0,40.0,0.0,0.0,-1620.0,2720.0,yonden
2017,5,2017-05-02,21:00,2530.0,890.0,2590.0,460.0,－－－－－－－－－－,0.0,0.0,0.0,40.0,0.0,0.0,-1450.0,2530.0,yonden
2017,5,2017-05-02,22:00,2360.0,890.0,2500.0,370.0,－－－－－－－－－－,0.0,0.0,0.0,50.0,0.0,0.0,-1450.0,2360.0,yonden
2017,5,2017-05-02,23:00,2250.0,890.0,2430.0,360.0,－－－－－－－－－－,0.0,0.0,0.0,50.0,0.0,0.0,-1480.0,2250.0,yonden
2017,5,2017-05-03,00:00,2140.0,890.0,2220.0,240.0,－－－－－－－－－－,0.0,0.0,0.0,40.0,0.0,0.0,-1250.0,2140.0,yonden
2017,5,2017-05-03,01:00,2170.0,890.0,2150.0,250.0,－－－－－－－－－－,0.0,0.0,0.0,40.0,0.0,0.0,-1160.0,2170.0,yonden
2017,5,2017-05-03,02:00,2400.0,890.0,2330.0,360.0,－－－－－－－－－－,0.0,0.0,0.0,40.0,0.0,0.0,-1220.0,2400.0,yonden
2017,5,2017-05-03,03:00,2630.0,890.0,2410.0,440.0,－－－－－－－－－－,0.0,0.0,0.0,50.0,0.0,0.0,-1160.0,2630.0,yonden
2017,5,2017-05-03,04:00,2680.0,890.0,2410.0,430.0,－－－－－－－－－－,0.0,0.0,0.0,50.0,0.0,0.0,-1100.0,2680.0,yonden
2017,5,2017-05-03,05:00,2510.0,890.0,2210.0,330.0,－－－－－－－－－－,0.0,20.0,0.0,50.0,0.0,0.0,-990.0,2510.0,yonden
2017,5,2017-05-03,06:00,2210.0,890.0,1990.0,290.0,－－－－－－－－－－,0.0,120.0,0.0,40.0,0.0,0.0,-1120.0,2210.0,yonden
2017,5,2017-05-03,07:00,2060.0,890.0,1910.0,230.0,－－－－－－－－－－,0.0,210.0,0.0,40.0,0.0,0.0,-1220.0,2060.0,yonden
2017,5,2017-05-03,08:00,2170.0,890.0,1750.0,200.0,－－－－－－－－－－,0.0,520.0,0.0,30.0,0.0,0.0,-1220.0,2170.0,yonden
2017,5,2017-05-03,09:00,2250.0,890.0,1730.0,230.0,－－－－－－－－－－,0.0,710.0,0.0,30.0,0.0,0.0,-1340.0,2250.0,yonden
2017,5,2017-05-03,10:00,2300.0,890.0,1680.0,220.0,－－－－－－－－－－,0.0,880.0,0.0,30.0,0.0,0.0,-1400.0,2300.0,yonden
2017,5,2017-05-03,11:00,2330.0,890.0,1750.0,220.0,－－－－－－－－－－,0.0,960.0,0.0,30.0,0.0,-170.0,-1350.0,2330.0,yonden
2017,5,2017-05-03,12:00,2300.0,890.0,1910.0,210.0,－－－－－－－－－－,0.0,820.0,0.0,30.0,0.0,-180.0,-1380.0,2300.0,yonden
2017,5,2017-05-03,13:00,2250.0,890.0,1720.0,170.0,－－－－－－－－－－,0.0,780.0,0.0,30.0,0.0,0.0,-1340.0,2250.0,yonden
2017,5,2017-05-03,14:00,2270.0,890.0,1810.0,180.0,－－－－－－－－－－,0.0,650.0,0.0,30.0,0.0,0.0,-1290.0,2270.0,yonden
2017,5,2017-05-03,15:00,2350.0,890.0,1750.0,190.0,－－－－－－－－－－,0.0,580.0,0.0,30.0,0.0,0.0,-1090.0,2350.0,yonden
2017,5,2017-05-03,16:00,2420.0,890.0,1890.0,260.0,－－－－－－－－－－,0.0,360.0,0.0,50.0,0.0,0.0,-1030.0,2420.0,yonden
2017,5,2017-05-03,17:00,2510.0,890.0,2050.0,390.0,－－－－－－－－－－,0.0,190.0,0.0,70.0,0.0,0.0,-1080.0,2510.0,yonden
2017,5,2017-05-03,18:00,2590.0,890.0,2320.0,560.0,－－－－－－－－－－,0.0,30.0,0.0,60.0,0.0,70.0,-1340.0,2590.0,yonden
2017,5,2017-05-03,19:00,2650.0,890.0,2340.0,580.0,－－－－－－－－－－,0.0,0.0,0.0,60.0,0.0,220.0,-1440.0,2650.0,yonden
2017,5,2017-05-03,20:00,2570.0,890.0,2300.0,440.0,－－－－－－－－－－,0.0,0.0,0.0,60.0,0.0,210.0,-1330.0,2570.0,yonden
2017,5,2017-05-03,21:00,2420.0,890.0,2320.0,390.0,－－－－－－－－－－,0.0,0.0,0.0,50.0,0.0,20.0,-1250.0,2420.0,yonden
2017,5,2017-05-03,22:00,2240.0,890.0,2110.0,310.0,－－－－－－－－－－,0.0,0.0,0.0,60.0,0.0,0.0,-1130.0,2240.0,yonden
2017,5,2017-05-03,23:00,2160.0,890.0,2090.0,280.0,－－－－－－－－－－,0.0,0.0,0.0,60.0,0.0,0.0,-1160.0,2160.0,yonden
2017,5,2017-05-04,00:00,2080.0,890.0,2020.0,260.0,－－－－－－－－－－,0.0,0.0,0.0,60.0,0.0,0.0,-1150.0,2080.0,yonden
2017,5,2017-05-04,01:00,2140.0,890.0,2060.0,290.0,－－－－－－－－－－,0.0,0.0,0.0,50.0,0.0,0.0,-1150.0,2140.0,yonden
2017,5,2017-05-04,02:00,2360.0,890.0,2090.0,340.0,－－－－－－－－－－,0.0,0.0,0.0,40.0,0.0,0.0,-1000.0,2360.0,yonden
2017,5,2017-05-04,03:00,2530.0,890.0,2150.0,310.0,－－－－－－－－－－,0.0,0.0,0.0,40.0,0.0,0.0,-860.0,2530.0,yonden
2017,5,2017-05-04,04:00,2580.0,890.0,2130.0,380.0,－－－－－－－－－－,0.0,0.0,0.0,30.0,0.0,0.0,-850.0,2580.0,yonden
2017,5,2017-05-04,05:00,2440.0,890.0,2050.0,340.0,－－－－－－－－－－,0.0,30.0,0.0,40.0,0.0,0.0,-910.0,2440.0,yonden
2017,5,2017-05-04,06:00,2190.0,890.0,1760.0,290.0,－－－－－－－－－－,0.0,250.0,0.0,40.0,0.0,0.0,-1040.0,2190.0,yonden
2017,5,2017-05-04,07:00,2040.0,890.0,1440.0,230.0,－－－－－－－－－－,0.0,490.0,0.0,40.0,0.0,0.0,-1050.0,2040.0,yonden
2017,5,2017-05-04,08:00,2140.0,890.0,1560.0,200.0,－－－－－－－－－－,0.0,770.0,0.0,40.0,0.0,0.0,-1320.0,2140.0,yonden
2017,5,2017-05-04,09:00,2250.0,890.0,1730.0,270.0,－－－－－－－－－－,0.0,960.0,0.0,40.0,0.0,-210.0,-1430.0,2250.0,yonden
2017,5,2017-05-04,10:00,2330.0,890.0,1860.0,250.0,－－－－－－－－－－,0.0,1010.0,0.0,40.0,0.0,-120.0,-1600.0,2330.0,yonden
2017,5,2017-05-04,11:00,2350.0,890.0,1840.0,190.0,－－－－－－－－－－,0.0,1060.0,0.0,40.0,0.0,0.0,-1670.0,2350.0,yonden
2017,5,2017-05-04,12:00,2370.0,890.0,1890.0,180.0,－－－－－－－－－－,0.0,1040.0,0.0,30.0,0.0,0.0,-1660.0,2370.0,yonden
2017,5,2017-05-04,13:00,2340.0,890.0,1780.0,160.0,－－－－－－－－－－,0.0,930.0,0.0,30.0,0.0,0.0,-1450.0,2340.0,yonden
2017,5,2017-05-04,14:00,2370.0,890.0,1780.0,160.0,－－－－－－－－－－,0.0,760.0,0.0,40.0,0.0,0.0,-1260.0,2370.0,yonden
2017,5,2017-05-04,15:00,2360.0,890.0,1860.0,200.0,－－－－－－－－－－,0.0,490.0,0.0,40.0,0.0,0.0,-1120.0,2360.0,yonden
2017,5,2017-05-04,16:00,2380.0,890.0,1990.0,280.0,－－－－－－－－－－,0.0,250.0,0.0,40.0,0.0,0.0,-1070.0,2380.0,yonden
2017,5,2017-05-04,17:00,2480.0,890.0,2190.0,330.0,－－－－－－－－－－,0.0,110.0,0.0,40.0,0.0,0.0,-1080.0,2480.0,yonden
2017,5,2017-05-04,18:00,2560.0,890.0,2470.0,440.0,－－－－－－－－－－,0.0,20.0,0.0,40.0,0.0,0.0,-1300.0,2560.0,yonden
2017,5,2017-05-04,19:00,2590.0,890.0,2540.0,550.0,－－－－－－－－－－,10.0,0.0,0.0,40.0,0.0,0.0,-1440.0,2590.0,yonden
2017,5,2017-05-04,20:00,2490.0,890.0,2490.0,460.0,－－－－－－－－－－,10.0,0.0,0.0,30.0,0.0,0.0,-1390.0,2490.0,yonden
2017,5,2017-05-04,21:00,2340.0,890.0,2140.0,350.0,－－－－－－－－－－,10.0,0.0,0.0,30.0,0.0,0.0,-1080.0,2340.0,yonden
2017,5,2017-05-04,22:00,2160.0,890.0,1800.0,290.0,－－－－－－－－－－,10.0,0.0,0.0,30.0,0.0,0.0,-860.0,2160.0,yonden
2017,5,2017-05-04,23:00,2070.0,890.0,1770.0,250.0,－－－－－－－－－－,10.0,0.0,0.0,40.0,0.0,0.0,-890.0,2070.0,yonden
2017,5,2017-05-05,00:00,1990.0,890.0,1660.0,230.0,－－－－－－－－－－,10.0,0.0,0.0,30.0,0.0,0.0,-830.0,1990.0,yonden
2017,5,2017-05-05,01:00,2040.0,890.0,1620.0,270.0,－－－－－－－－－－,10.0,0.0,0.0,30.0,0.0,0.0,-780.0,2040.0,yonden
2017,5,2017-05-05,02:00,2260.0,890.0,1730.0,310.0,－－－－－－－－－－,10.0,0.0,0.0,20.0,0.0,0.0,-700.0,2260.0,yonden
2017,5,2017-05-05,03:00,2470.0,880.0,1850.0,370.0,－－－－－－－－－－,10.0,0.0,0.0,30.0,0.0,0.0,-670.0,2470.0,yonden
2017,5,2017-05-05,04:00,2550.0,890.0,1770.0,360.0,－－－－－－－－－－,10.0,0.0,0.0,30.0,0.0,0.0,-510.0,2550.0,yonden
2017,5,2017-05-05,05:00,2420.0,890.0,1690.0,340.0,－－－－－－－－－－,10.0,20.0,0.0,10.0,0.0,0.0,-540.0,2420.0,yonden
2017,5,2017-05-05,06:00,2190.0,890.0,1520.0,270.0,－－－－－－－－－－,10.0,170.0,0.0,10.0,0.0,0.0,-680.0,2190.0,yonden
2017,5,2017-05-05,07:00,2050.0,890.0,1540.0,200.0,－－－－－－－－－－,10.0,420.0,0.0,0.0,0.0,-50.0,-960.0,2050.0,yonden
2017,5,2017-05-05,08:00,2150.0,890.0,1690.0,200.0,－－－－－－－－－－,10.0,760.0,0.0,0.0,0.0,-310.0,-1090.0,2150.0,yonden
2017,5,2017-05-05,09:00,2220.0,890.0,1670.0,220.0,－－－－－－－－－－,10.0,1060.0,0.0,0.0,0.0,-300.0,-1330.0,2220.0,yonden
2017,5,2017-05-05,10:00,2270.0,890.0,1760.0,210.0,－－－－－－－－－－,10.0,1250.0,0.0,0.0,0.0,-300.0,-1550.0,2270.0,yonden
2017,5,2017-05-05,11:00,2300.0,890.0,1890.0,190.0,－－－－－－－－－－,10.0,1320.0,0.0,10.0,0.0,-300.0,-1710.0,2300.0,yonden
2017,5,2017-05-05,12:00,2340.0,880.0,1760.0,190.0,－－－－－－－－－－,10.0,1330.0,0.0,20.0,0.0,-300.0,-1550.0,2340.0,yonden
2017,5,2017-05-05,13:00,2360.0,880.0,1820.0,210.0,－－－－－－－－－－,10.0,1280.0,0.0,40.0,0.0,-300.0,-1580.0,2360.0,yonden
2017,5,2017-05-05,14:00,2320.0,890.0,1770.0,170.0,－－－－－－－－－－,10.0,1130.0,0.0,60.0,0.0,-300.0,-1410.0,2320.0,yonden
2017,5,2017-05-05,15:00,2360.0,880.0,1900.0,250.0,－－－－－－－－－－,10.0,910.0,0.0,70.0,0.0,-300.0,-1360.0,2360.0,yonden
2017,5,2017-05-05,16:00,2420.0,890.0,1830.0,320.0,－－－－－－－－－－,10.0,610.0,0.0,70.0,0.0,-50.0,-1260.0,2420.0,yonden
2017,5,2017-05-05,17:00,2510.0,890.0,2070.0,380.0,－－－－－－－－－－,10.0,320.0,0.0,70.0,0.0,0.0,-1230.0,2510.0,yonden
2017,5,2017-05-05,18:00,2540.0,890.0,2280.0,460.0,－－－－－－－－－－,10.0,40.0,0.0,70.0,0.0,170.0,-1380.0,2540.0,yonden
2017,5,2017-05-05,19:00,2580.0,890.0,2320.0,500.0,－－－－－－－－－－,10.0,0.0,0.0,80.0,0.0,270.0,-1490.0,2580.0,yonden
2017,5,2017-05-05,20:00,2490.0,890.0,2300.0,400.0,－－－－－－－－－－,10.0,0.0,0.0,80.0,0.0,300.0,-1490.0,2490.0,yonden
2017,5,2017-05-05,21:00,2350.0,890.0,2320.0,340.0,－－－－－－－－－－,10.0,0.0,0.0,80.0,0.0,80.0,-1370.0,2350.0,yonden
2017,5,2017-05-05,22:00,2160.0,890.0,2120.0,260.0,－－－－－－－－－－,10.0,0.0,0.0,80.0,0.0,0.0,-1200.0,2160.0,yonden
2017,5,2017-05-05,23:00,2090.0,890.0,2120.0,240.0,－－－－－－－－－－,10.0,0.0,0.0,80.0,0.0,0.0,-1250.0,2090.0,yonden
2017,5,2017-05-06,00:00,2010.0,890.0,2060.0,220.0,－－－－－－－－－－,10.0,0.0,0.0,80.0,0.0,0.0,-1250.0,2010.0,yonden
2017,5,2017-05-06,01:00,2050.0,890.0,2070.0,230.0,－－－－－－－－－－,10.0,0.0,0.0,70.0,0.0,0.0,-1220.0,2050.0,yonden
2017,5,2017-05-06,02:00,2240.0,890.0,2110.0,300.0,－－－－－－－－－－,10.0,0.0,0.0,60.0,0.0,0.0,-1130.0,2240.0,yonden
2017,5,2017-05-06,03:00,2460.0,890.0,2130.0,360.0,－－－－－－－－－－,10.0,0.0,0.0,60.0,0.0,0.0,-990.0,2460.0,yonden
2017,5,2017-05-06,04:00,2520.0,890.0,2160.0,380.0,－－－－－－－－－－,10.0,0.0,0.0,50.0,0.0,0.0,-970.0,2520.0,yonden
2017,5,2017-05-06,05:00,2370.0,890.0,2110.0,300.0,－－－－－－－－－－,10.0,30.0,0.0,30.0,0.0,0.0,-1000.0,2370.0,yonden
2017,5,2017-05-06,06:00,2160.0,890.0,2130.0,250.0,－－－－－－－－－－,10.0,90.0,0.0,20.0,0.0,0.0,-1230.0,2160.0,yonden
2017,5,2017-05-06,07:00,2060.0,890.0,2150.0,180.0,－－－－－－－－－－,10.0,190.0,0.0,10.0,0.0,0.0,-1370.0,2060.0,yonden
2017,5,2017-05-06,08:00,2230.0,890.0,2060.0,180.0,－－－－－－－－－－,10.0,380.0,0.0,0.0,0.0,0.0,-1290.0,2230.0,yonden
2017,5,2017-05-06,09:00,2310.0,890.0,1940.0,210.0,－－－－－－－－－－,10.0,500.0,0.0,10.0,0.0,0.0,-1250.0,2310.0,yonden
2017,5,2017-05-06,10:00,2390.0,890.0,2100.0,200.0,－－－－－－－－－－,10.0,500.0,0.0,10.0,0.0,0.0,-1320.0,2390.0,yonden
2017,5,2017-05-06,11:00,2400.0,890.0,2120.0,180.0,－－－－－－－－－－,10.0,550.0,0.0,20.0,0.0,0.0,-1370.0,2400.0,yonden
2017,5,2017-05-06,12:00,2410.0,890.0,2170.0,250.0,－－－－－－－－－－,10.0,540.0,0.0,30.0,0.0,0.0,-1480.0,2410.0,yonden
2017,5,2017-05-06,13:00,2480.0,890.0,2360.0,240.0,－－－－－－－－－－,10.0,380.0,0.0,40.0,0.0,0.0,-1440.0,2480.0,yonden
2017,5,2017-05-06,14:00,2490.0,890.0,2320.0,230.0,－－－－－－－－－－,10.0,360.0,0.0,40.0,0.0,0.0,-1360.0,2490.0,yonden
2017,5,2017-05-06,15:00,2510.0,890.0,2340.0,210.0,－－－－－－－－－－,10.0,330.0,0.0,40.0,0.0,0.0,-1310.0,2510.0,yonden
2017,5,2017-05-06,16:00,2480.0,890.0,2290.0,250.0,－－－－－－－－－－,10.0,260.0,0.0,50.0,0.0,0.0,-1270.0,2480.0,yonden
2017,5,2017-05-06,17:00,2540.0,890.0,2280.0,320.0,－－－－－－－－－－,10.0,190.0,0.0,50.0,0.0,60.0,-1260.0,2540.0,yonden
2017,5,2017-05-06,18:00,2630.0,890.0,2290.0,440.0,－－－－－－－－－－,10.0,30.0,0.0,60.0,0.0,310.0,-1400.0,2630.0,yonden
2017,5,2017-05-06,19:00,2680.0,890.0,2400.0,490.0,－－－－－－－－－－,10.0,0.0,0.0,70.0,0.0,320.0,-1500.0,2680.0,yonden
2017,5,2017-05-06,20:00,2570.0,890.0,2390.0,360.0,－－－－－－－－－－,10.0,0.0,0.0,80.0,0.0,320.0,-1480.0,2570.0,yonden
2017,5,2017-05-06,21:00,2430.0,890.0,2310.0,280.0,－－－－－－－－－－,10.0,0.0,0.0,70.0,0.0,230.0,-1360.0,2430.0,yonden
2017,5,2017-05-06,22:00,2240.0,890.0,2110.0,240.0,－－－－－－－－－－,10.0,0.0,0.0,60.0,0.0,0.0,-1070.0,2240.0,yonden
2017,5,2017-05-06,23:00,2160.0,890.0,1980.0,220.0,－－－－－－－－－－,10.0,0.0,0.0,50.0,0.0,0.0,-990.0,2160.0,yonden
2017,5,2017-05-07,00:00,2070.0,890.0,1790.0,210.0,－－－－－－－－－－,10.0,0.0,0.0,80.0,0.0,0.0,-910.0,2070.0,yonden
2017,5,2017-05-07,01:00,2100.0,890.0,1640.0,210.0,－－－－－－－－－－,10.0,0.0,0.0,110.0,0.0,0.0,-760.0,2100.0,yonden
2017,5,2017-05-07,02:00,2310.0,890.0,1770.0,270.0,－－－－－－－－－－,10.0,0.0,0.0,110.0,0.0,0.0,-740.0,2310.0,yonden
2017,5,2017-05-07,03:00,2540.0,890.0,1950.0,370.0,－－－－－－－－－－,10.0,0.0,0.0,110.0,0.0,0.0,-790.0,2540.0,yonden
2017,5,2017-05-07,04:00,2610.0,890.0,2020.0,370.0,－－－－－－－－－－,10.0,0.0,0.0,110.0,0.0,0.0,-790.0,2610.0,yonden
2017,5,2017-05-07,05:00,2460.0,890.0,1810.0,250.0,－－－－－－－－－－,10.0,30.0,0.0,110.0,0.0,0.0,-640.0,2460.0,yonden
2017,5,2017-05-07,06:00,2120.0,890.0,1660.0,180.0,－－－－－－－－－－,10.0,140.0,0.0,90.0,0.0,0.0,-850.0,2120.0,yonden
2017,5,2017-05-07,07:00,1950.0,890.0,1570.0,140.0,－－－－－－－－－－,10.0,320.0,0.0,80.0,0.0,-110.0,-950.0,1950.0,yonden
2017,5,2017-05-07,08:00,2080.0,890.0,1680.0,150.0,－－－－－－－－－－,10.0,580.0,0.0,60.0,0.0,-310.0,-980.0,2080.0,yonden
2017,5,2017-05-07,09:00,2180.0,890.0,1730.0,190.0,－－－－－－－－－－,10.0,740.0,0.0,40.0,0.0,0.0,-1420.0,2180.0,yonden
2017,5,2017-05-07,10:00,2250.0,890.0,1900.0,180.0,－－－－－－－－－－,10.0,1000.0,0.0,30.0,0.0,-110.0,-1650.0,2250.0,yonden
2017,5,2017-05-07,11:00,2340.0,890.0,1840.0,160.0,－－－－－－－－－－,10.0,1330.0,0.0,30.0,0.0,-300.0,-1620.0,2340.0,yonden
2017,5,2017-05-07,12:00,2380.0,880.0,1780.0,150.0,－－－－－－－－－－,10.0,1470.0,0.0,20.0,0.0,-300.0,-1630.0,2380.0,yonden
2017,5,2017-05-07,13:00,2400.0,880.0,1850.0,170.0,－－－－－－－－－－,10.0,1390.0,0.0,20.0,0.0,-300.0,-1620.0,2400.0,yonden
2017,5,2017-05-07,14:00,2300.0,880.0,1880.0,230.0,－－－－－－－－－－,10.0,1130.0,0.0,20.0,0.0,-300.0,-1550.0,2300.0,yonden
2017,5,2017-05-07,15:00,2290.0,880.0,1890.0,200.0,－－－－－－－－－－,10.0,940.0,0.0,20.0,0.0,-300.0,-1350.0,2290.0,yonden
2017,5,2017-05-07,16:00,2350.0,890.0,1850.0,280.0,－－－－－－－－－－,10.0,660.0,0.0,20.0,0.0,-200.0,-1160.0,2350.0,yonden
2017,5,2017-05-07,17:00,2500.0,890.0,2020.0,330.0,－－－－－－－－－－,10.0,330.0,0.0,20.0,0.0,0.0,-1100.0,2500.0,yonden
2017,5,2017-05-07,18:00,2520.0,880.0,2400.0,470.0,－－－－－－－－－－,10.0,50.0,0.0,20.0,0.0,0.0,-1310.0,2520.0,yonden
2017,5,2017-05-07,19:00,2600.0,890.0,2600.0,480.0,－－－－－－－－－－,10.0,0.0,0.0,10.0,0.0,0.0,-1390.0,2600.0,yonden
2017,5,2017-05-07,20:00,2520.0,880.0,2550.0,390.0,－－－－－－－－－－,10.0,0.0,0.0,20.0,0.0,0.0,-1330.0,2520.0,yonden
2017,5,2017-05-07,21:00,2390.0,890.0,2360.0,310.0,－－－－－－－－－－,10.0,0.0,0.0,20.0,0.0,0.0,-1200.0,2390.0,yonden
2017,5,2017-05-07,22:00,2220.0,890.0,2120.0,230.0,－－－－－－－－－－,10.0,0.0,0.0,30.0,0.0,0.0,-1060.0,2220.0,yonden
2017,5,2017-05-07,23:00,2130.0,890.0,2110.0,190.0,－－－－－－－－－－,10.0,0.0,0.0,30.0,0.0,0.0,-1100.0,2130.0,yonden
2017,5,2017-05-08,00:00,2060.0,890.0,2050.0,200.0,－－－－－－－－－－,10.0,0.0,0.0,30.0,0.0,0.0,-1120.0,2060.0,yonden
2017,5,2017-05-08,01:00,2090.0,890.0,2020.0,260.0,－－－－－－－－－－,10.0,0.0,0.0,20.0,0.0,0.0,-1110.0,2090.0,yonden
2017,5,2017-05-08,02:00,2320.0,880.0,2090.0,380.0,－－－－－－－－－－,10.0,0.0,0.0,20.0,0.0,0.0,-1060.0,2320.0,yonden
2017,5,2017-05-08,03:00,2560.0,880.0,2130.0,470.0,－－－－－－－－－－,10.0,0.0,0.0,20.0,0.0,0.0,-950.0,2560.0,yonden
2017,5,2017-05-08,04:00,2670.0,890.0,2230.0,470.0,－－－－－－－－－－,10.0,0.0,0.0,20.0,0.0,0.0,-950.0,2670.0,yonden
2017,5,2017-05-08,05:00,2590.0,890.0,2200.0,370.0,－－－－－－－－－－,10.0,40.0,0.0,20.0,0.0,0.0,-940.0,2590.0,yonden
2017,5,2017-05-08,06:00,2440.0,890.0,1990.0,270.0,－－－－－－－－－－,10.0,290.0,0.0,10.0,0.0,0.0,-1020.0,2440.0,yonden
2017,5,2017-05-08,07:00,2360.0,890.0,2030.0,210.0,－－－－－－－－－－,10.0,630.0,0.0,10.0,0.0,-120.0,-1300.0,2360.0,yonden
2017,5,2017-05-08,08:00,2720.0,890.0,2090.0,240.0,－－－－－－－－－－,10.0,980.0,0.0,10.0,0.0,0.0,-1500.0,2720.0,yonden
2017,5,2017-05-08,09:00,2980.0,890.0,2140.0,300.0,－－－－－－－－－－,10.0,1270.0,0.0,10.0,0.0,0.0,-1640.0,2980.0,yonden
2017,5,2017-05-08,10:00,3100.0,890.0,2200.0,320.0,－－－－－－－－－－,10.0,1430.0,0.0,10.0,0.0,0.0,-1760.0,3100.0,yonden
2017,5,2017-05-08,11:00,3200.0,890.0,2340.0,250.0,－－－－－－－－－－,10.0,1490.0,0.0,10.0,0.0,-10.0,-1780.0,3200.0,yonden
2017,5,2017-05-08,12:00,3000.0,890.0,2480.0,200.0,－－－－－－－－－－,10.0,1480.0,0.0,10.0,0.0,-290.0,-1780.0,3000.0,yonden
2017,5,2017-05-08,13:00,3190.0,890.0,2660.0,250.0,－－－－－－－－－－,10.0,1450.0,0.0,10.0,0.0,-290.0,-1790.0,3190.0,yonden
2017,5,2017-05-08,14:00,3240.0,880.0,2670.0,300.0,－－－－－－－－－－,10.0,1270.0,0.0,10.0,0.0,-290.0,-1610.0,3240.0,yonden
2017,5,2017-05-08,15:00,3220.0,880.0,2700.0,280.0,－－－－－－－－－－,10.0,870.0,0.0,10.0,0.0,-50.0,-1480.0,3220.0,yonden
2017,5,2017-05-08,16:00,3190.0,890.0,2930.0,370.0,－－－－－－－－－－,10.0,470.0,0.0,10.0,0.0,0.0,-1490.0,3190.0,yonden
2017,5,2017-05-08,17:00,3040.0,890.0,3060.0,510.0,－－－－－－－－－－,10.0,140.0,0.0,10.0,0.0,0.0,-1580.0,3040.0,yonden
2017,5,2017-05-08,18:00,3070.0,890.0,3160.0,570.0,－－－－－－－－－－,10.0,10.0,0.0,10.0,0.0,0.0,-1580.0,3070.0,yonden
2017,5,2017-05-08,19:00,3020.0,890.0,3150.0,560.0,－－－－－－－－－－,10.0,0.0,0.0,10.0,0.0,0.0,-1600.0,3020.0,yonden
2017,5,2017-05-08,20:00,2870.0,890.0,2930.0,480.0,－－－－－－－－－－,10.0,0.0,0.0,10.0,0.0,0.0,-1450.0,2870.0,yonden
2017,5,2017-05-08,21:00,2690.0,890.0,2620.0,400.0,－－－－－－－－－－,10.0,0.0,0.0,10.0,0.0,0.0,-1240.0,2690.0,yonden
2017,5,2017-05-08,22:00,2520.0,890.0,2370.0,300.0,－－－－－－－－－－,10.0,0.0,0.0,10.0,0.0,0.0,-1060.0,2520.0,yonden
2017,5,2017-05-08,23:00,2440.0,890.0,2360.0,190.0,－－－－－－－－－－,10.0,0.0,0.0,0.0,0.0,0.0,-1010.0,2440.0,yonden
2017,5,2017-05-09,00:00,2330.0,890.0,2220.0,210.0,－－－－－－－－－－,10.0,0.0,0.0,0.0,0.0,0.0,-1000.0,2330.0,yonden
2017,5,2017-05-09,01:00,2350.0,890.0,2080.0,260.0,－－－－－－－－－－,10.0,0.0,0.0,0.0,0.0,0.0,-890.0,2350.0,yonden
2017,5,2017-05-09,02:00,2550.0,890.0,2290.0,330.0,－－－－－－－－－－,10.0,0.0,0.0,0.0,0.0,0.0,-970.0,2550.0,yonden
2017,5,2017-05-09,03:00,2790.0,880.0,2310.0,420.0,－－－－－－－－－－,10.0,0.0,0.0,0.0,0.0,0.0,-830.0,2790.0,yonden
2017,5,2017-05-09,04:00,2870.0,880.0,2360.0,440.0,－－－－－－－－－－,10.0,0.0,0.0,0.0,0.0,0.0,-820.0,2870.0,yonden
2017,5,2017-05-09,05:00,2740.0,880.0,2390.0,280.0,－－－－－－－－－－,10.0,20.0,0.0,0.0,0.0,0.0,-840.0,2740.0,yonden
2017,5,2017-05-09,06:00,2600.0,880.0,2430.0,250.0,－－－－－－－－－－,10.0,50.0,0.0,0.0,0.0,0.0,-1020.0,2600.0,yonden
2017,5,2017-05-09,07:00,2590.0,880.0,2660.0,280.0,－－－－－－－－－－,10.0,70.0,0.0,10.0,0.0,0.0,-1320.0,2590.0,yonden
2017,5,2017-05-09,08:00,2950.0,880.0,3090.0,300.0,－－－－－－－－－－,10.0,110.0,0.0,10.0,0.0,0.0,-1450.0,2950.0,yonden
2017,5,2017-05-09,09:00,3140.0,880.0,3320.0,330.0,－－－－－－－－－－,10.0,170.0,0.0,10.0,0.0,0.0,-1580.0,3140.0,yonden
2017,5,2017-05-09,10:00,3150.0,880.0,3310.0,360.0,－－－－－－－－－－,10.0,290.0,0.0,10.0,0.0,0.0,-1710.0,3150.0,yonden
2017,5,2017-05-09,11:00,3180.0,880.0,3280.0,340.0,－－－－－－－－－－,10.0,360.0,0.0,20.0,0.0,0.0,-1710.0,3180.0,yonden
2017,5,2017-05-09,12:00,3010.0,880.0,3260.0,260.0,－－－－－－－－－－,10.0,300.0,0.0,20.0,0.0,0.0,-1720.0,3010.0,yonden
2017,5,2017-05-09,13:00,3190.0,880.0,3390.0,390.0,－－－－－－－－－－,10.0,190.0,0.0,40.0,0.0,0.0,-1710.0,3190.0,yonden
2017,5,2017-05-09,14:00,3180.0,880.0,3350.0,480.0,－－－－－－－－－－,10.0,160.0,0.0,70.0,0.0,0.0,-1770.0,3180.0,yonden
2017,5,2017-05-09,15:00,3200.0,880.0,3340.0,500.0,－－－－－－－－－－,10.0,110.0,0.0,60.0,0.0,0.0,-1700.0,3200.0,yonden
2017,5,2017-05-09,16:00,3240.0,880.0,3350.0,480.0,－－－－－－－－－－,10.0,70.0,0.0,50.0,0.0,100.0,-1700.0,3240.0,yonden
2017,5,2017-05-09,17:00,3200.0,880.0,3280.0,470.0,－－－－－－－－－－,10.0,40.0,0.0,50.0,0.0,270.0,-1800.0,3200.0,yonden
2017,5,2017-05-09,18:00,3200.0,880.0,3260.0,500.0,－－－－－－－－－－,10.0,10.0,0.0,40.0,0.0,290.0,-1790.0,3200.0,yonden
2017,5,2017-05-09,19:00,3080.0,880.0,3230.0,480.0,－－－－－－－－－－,10.0,0.0,0.0,40.0,0.0,80.0,-1640.0,3080.0,yonden
2017,5,2017-05-09,20:00,2930.0,880.0,2990.0,450.0,－－－－－－－－－－,10.0,0.0,0.0,40.0,0.0,0.0,-1440.0,2930.0,yonden
2017,5,2017-05-09,21:00,2750.0,880.0,2780.0,410.0,－－－－－－－－－－,10.0,0.0,0.0,40.0,0.0,0.0,-1370.0,2750.0,yonden
2017,5,2017-05-09,22:00,2560.0,880.0,2630.0,400.0,－－－－－－－－－－,10.0,0.0,0.0,20.0,0.0,0.0,-1380.0,2560.0,yonden
2017,5,2017-05-09,23:00,2430.0,880.0,2350.0,380.0,－－－－－－－－－－,10.0,0.0,0.0,10.0,0.0,0.0,-1200.0,2430.0,yonden
2017,5,2017-05-10,00:00,2320.0,880.0,2290.0,460.0,－－－－－－－－－－,10.0,0.0,0.0,10.0,0.0,0.0,-1330.0,2320.0,yonden
2017,5,2017-05-10,01:00,2370.0,880.0,2280.0,480.0,－－－－－－－－－－,10.0,0.0,0.0,10.0,0.0,0.0,-1290.0,2370.0,yonden
2017,5,2017-05-10,02:00,2600.0,880.0,2400.0,580.0,－－－－－－－－－－,10.0,0.0,0.0,20.0,0.0,0.0,-1290.0,2600.0,yonden
2017,5,2017-05-10,03:00,2870.0,880.0,2570.0,590.0,－－－－－－－－－－,10.0,0.0,0.0,30.0,0.0,0.0,-1210.0,2870.0,yonden
2017,5,2017-05-10,04:00,2950.0,880.0,2650.0,580.0,－－－－－－－－－－,10.0,0.0,0.0,30.0,0.0,0.0,-1200.0,2950.0,yonden
2017,5,2017-05-10,05:00,2860.0,880.0,2660.0,540.0,－－－－－－－－－－,10.0,30.0,0.0,30.0,0.0,0.0,-1290.0,2860.0,yonden
2017,5,2017-05-10,06:00,2660.0,880.0,2660.0,450.0,－－－－－－－－－－,10.0,130.0,0.0,30.0,0.0,0.0,-1500.0,2660.0,yonden
2017,5,2017-05-10,07:00,2600.0,880.0,2780.0,420.0,－－－－－－－－－－,10.0,240.0,0.0,20.0,0.0,0.0,-1750.0,2600.0,yonden
2017,5,2017-05-10,08:00,2940.0,880.0,3030.0,470.0,－－－－－－－－－－,10.0,350.0,0.0,10.0,0.0,0.0,-1810.0,2940.0,yonden
2017,5,2017-05-10,09:00,3080.0,880.0,3040.0,450.0,－－－－－－－－－－,10.0,470.0,0.0,10.0,0.0,0.0,-1780.0,3080.0,yonden
2017,5,2017-05-10,10:00,3110.0,880.0,2980.0,410.0,－－－－－－－－－－,10.0,620.0,0.0,10.0,0.0,0.0,-1800.0,3110.0,yonden
2017,5,2017-05-10,11:00,3190.0,880.0,3060.0,350.0,－－－－－－－－－－,10.0,670.0,0.0,10.0,0.0,0.0,-1790.0,3190.0,yonden
2017,5,2017-05-10,12:00,3010.0,880.0,2950.0,300.0,－－－－－－－－－－,10.0,650.0,0.0,10.0,0.0,0.0,-1790.0,3010.0,yonden
2017,5,2017-05-10,13:00,3140.0,880.0,2970.0,310.0,－－－－－－－－－－,10.0,610.0,0.0,0.0,0.0,110.0,-1750.0,3140.0,yonden
2017,5,2017-05-10,14:00,3180.0,880.0,2950.0,390.0,－－－－－－－－－－,10.0,570.0,0.0,0.0,0.0,180.0,-1800.0,3180.0,yonden
2017,5,2017-05-10,15:00,3140.0,880.0,3020.0,440.0,－－－－－－－－－－,10.0,420.0,0.0,0.0,0.0,140.0,-1770.0,3140.0,yonden
2017,5,2017-05-10,16:00,3160.0,880.0,3130.0,480.0,－－－－－－－－－－,10.0,290.0,0.0,10.0,0.0,130.0,-1770.0,3160.0,yonden
2017,5,2017-05-10,17:00,3100.0,880.0,3280.0,570.0,－－－－－－－－－－,10.0,170.0,0.0,10.0,0.0,0.0,-1820.0,3100.0,yonden
2017,5,2017-05-10,18:00,3090.0,880.0,3300.0,630.0,－－－－－－－－－－,10.0,30.0,0.0,30.0,0.0,0.0,-1790.0,3090.0,yonden
2017,5,2017-05-10,19:00,3060.0,880.0,3350.0,600.0,－－－－－－－－－－,10.0,0.0,0.0,20.0,0.0,0.0,-1800.0,3060.0,yonden
2017,5,2017-05-10,20:00,2950.0,880.0,3350.0,490.0,－－－－－－－－－－,10.0,0.0,0.0,20.0,0.0,0.0,-1800.0,2950.0,yonden
2017,5,2017-05-10,21:00,2750.0,880.0,3190.0,330.0,－－－－－－－－－－,10.0,0.0,0.0,30.0,0.0,0.0,-1690.0,2750.0,yonden
2017,5,2017-05-10,22:00,2580.0,880.0,2920.0,290.0,－－－－－－－－－－,10.0,0.0,0.0,30.0,0.0,0.0,-1550.0,2580.0,yonden
2017,5,2017-05-10,23:00,2490.0,880.0,2620.0,280.0,－－－－－－－－－－,10.0,0.0,0.0,20.0,0.0,0.0,-1320.0,2490.0,yonden
2017,5,2017-05-11,00:00,2380.0,880.0,2520.0,360.0,－－－－－－－－－－,10.0,0.0,0.0,20.0,0.0,0.0,-1410.0,2380.0,yonden
2017,5,2017-05-11,01:00,2420.0,880.0,2530.0,400.0,－－－－－－－－－－,10.0,0.0,0.0,10.0,0.0,0.0,-1410.0,2420.0,yonden
2017,5,2017-05-11,02:00,2620.0,880.0,2750.0,430.0,－－－－－－－－－－,10.0,0.0,0.0,10.0,0.0,0.0,-1460.0,2620.0,yonden
2017,5,2017-05-11,03:00,2860.0,880.0,2780.0,480.0,－－－－－－－－－－,10.0,0.0,0.0,20.0,0.0,0.0,-1310.0,2860.0,yonden
2017,5,2017-05-11,04:00,2930.0,880.0,2780.0,470.0,－－－－－－－－－－,10.0,0.0,0.0,30.0,0.0,0.0,-1240.0,2930.0,yonden
2017,5,2017-05-11,05:00,2840.0,880.0,2780.0,390.0,－－－－－－－－－－,10.0,40.0,0.0,40.0,0.0,0.0,-1300.0,2840.0,yonden
2017,5,2017-05-11,06:00,2650.0,880.0,2650.0,330.0,－－－－－－－－－－,10.0,270.0,0.0,30.0,0.0,0.0,-1520.0,2650.0,yonden
2017,5,2017-05-11,07:00,2610.0,880.0,2560.0,330.0,－－－－－－－－－－,10.0,580.0,0.0,20.0,0.0,0.0,-1770.0,2610.0,yonden
2017,5,2017-05-11,08:00,2970.0,880.0,2620.0,350.0,－－－－－－－－－－,10.0,920.0,0.0,20.0,0.0,0.0,-1830.0,2970.0,yonden
2017,5,2017-05-11,09:00,3200.0,880.0,2650.0,380.0,－－－－－－－－－－,10.0,1240.0,0.0,10.0,0.0,-220.0,-1750.0,3200.0,yonden
2017,5,2017-05-11,10:00,3260.0,880.0,2680.0,330.0,－－－－－－－－－－,10.0,1420.0,0.0,0.0,0.0,-300.0,-1760.0,3260.0,yonden
2017,5,2017-05-11,11:00,3310.0,880.0,2680.0,290.0,－－－－－－－－－－,10.0,1470.0,0.0,10.0,0.0,-300.0,-1730.0,3310.0,yonden
2017,5,2017-05-11,12:00,3150.0,880.0,2570.0,290.0,－－－－－－－－－－,10.0,1420.0,0.0,20.0,0.0,-290.0,-1750.0,3150.0,yonden
2017,5,2017-05-11,13:00,3360.0,880.0,2620.0,290.0,－－－－－－－－－－,10.0,1380.0,0.0,20.0,0.0,-50.0,-1790.0,3360.0,yonden
2017,5,2017-05-11,14:00,3350.0,880.0,2630.0,350.0,－－－－－－－－－－,10.0,1260.0,0.0,10.0,0.0,0.0,-1790.0,3350.0,yonden
2017,5,2017-05-11,15:00,3350.0,880.0,2720.0,430.0,－－－－－－－－－－,10.0,1020.0,0.0,10.0,0.0,0.0,-1720.0,3350.0,yonden
2017,5,2017-05-11,16:00,3340.0,880.0,3110.0,450.0,－－－－－－－－－－,10.0,670.0,0.0,10.0,0.0,0.0,-1790.0,3340.0,yonden
2017,5,2017-05-11,17:00,3250.0,880.0,3230.0,550.0,－－－－－－－－－－,10.0,320.0,0.0,10.0,0.0,60.0,-1810.0,3250.0,yonden
2017,5,2017-05-11,18:00,3180.0,880.0,3220.0,610.0,－－－－－－－－－－,0.0,50.0,0.0,10.0,0.0,220.0,-1810.0,3180.0,yonden
2017,5,2017-05-11,19:00,3150.0,880.0,3250.0,580.0,－－－－－－－－－－,10.0,0.0,0.0,20.0,0.0,220.0,-1810.0,3150.0,yonden
2017,5,2017-05-11,20:00,2990.0,880.0,3250.0,480.0,－－－－－－－－－－,10.0,0.0,0.0,20.0,0.0,170.0,-1820.0,2990.0,yonden
2017,5,2017-05-11,21:00,2790.0,880.0,3220.0,400.0,－－－－－－－－－－,10.0,0.0,0.0,30.0,0.0,40.0,-1790.0,2790.0,yonden
2017,5,2017-05-11,22:00,2610.0,880.0,2990.0,340.0,－－－－－－－－－－,10.0,0.0,0.0,20.0,0.0,0.0,-1630.0,2610.0,yonden
2017,5,2017-05-11,23:00,2510.0,880.0,2760.0,310.0,－－－－－－－－－－,0.0,0.0,0.0,20.0,0.0,0.0,-1460.0,2510.0,yonden
2017,5,2017-05-12,00:00,2390.0,880.0,2580.0,260.0,－－－－－－－－－－,10.0,0.0,0.0,20.0,0.0,0.0,-1360.0,2390.0,yonden
2017,5,2017-05-12,01:00,2420.0,880.0,2480.0,280.0,－－－－－－－－－－,10.0,0.0,0.0,20.0,0.0,0.0,-1250.0,2420.0,yonden
2017,5,2017-05-12,02:00,2610.0,880.0,2600.0,430.0,－－－－－－－－－－,10.0,0.0,0.0,20.0,0.0,0.0,-1330.0,2610.0,yonden
2017,5,2017-05-12,03:00,2840.0,880.0,2600.0,490.0,－－－－－－－－－－,10.0,0.0,0.0,10.0,0.0,0.0,-1150.0,2840.0,yonden
2017,5,2017-05-12,04:00,2910.0,880.0,2630.0,500.0,－－－－－－－－－－,10.0,0.0,0.0,10.0,0.0,0.0,-1120.0,2910.0,yonden
2017,5,2017-05-12,05:00,2810.0,880.0,2640.0,420.0,－－－－－－－－－－,10.0,40.0,0.0,0.0,0.0,0.0,-1180.0,2810.0,yonden
2017,5,2017-05-12,06:00,2670.0,880.0,2480.0,380.0,－－－－－－－－－－,10.0,270.0,0.0,0.0,0.0,0.0,-1350.0,2670.0,yonden
2017,5,2017-05-12,07:00,2620.0,880.0,2400.0,320.0,－－－－－－－－－－,10.0,570.0,0.0,0.0,0.0,0.0,-1560.0,2620.0,yonden
2017,5,2017-05-12,08:00,2970.0,880.0,2700.0,370.0,－－－－－－－－－－,10.0,720.0,0.0,0.0,0.0,0.0,-1710.0,2970.0,yonden
2017,5,2017-05-12,09:00,3160.0,880.0,2730.0,430.0,－－－－－－－－－－,10.0,640.0,0.0,0.0,0.0,210.0,-1740.0,3160.0,yonden
2017,5,2017-05-12,10:00,3220.0,880.0,2690.0,380.0,－－－－－－－－－－,10.0,710.0,0.0,10.0,0.0,270.0,-1730.0,3220.0,yonden
2017,5,2017-05-12,11:00,3240.0,880.0,2770.0,310.0,－－－－－－－－－－,10.0,830.0,0.0,10.0,0.0,200.0,-1770.0,3240.0,yonden
2017,5,2017-05-12,12:00,3130.0,880.0,2920.0,250.0,－－－－－－－－－－,10.0,840.0,0.0,10.0,0.0,20.0,-1800.0,3130.0,yonden
2017,5,2017-05-12,13:00,3340.0,880.0,3070.0,290.0,－－－－－－－－－－,10.0,720.0,0.0,10.0,0.0,0.0,-1640.0,3340.0,yonden
2017,5,2017-05-12,14:00,3340.0,880.0,3350.0,320.0,－－－－－－－－－－,10.0,440.0,0.0,10.0,0.0,0.0,-1670.0,3340.0,yonden
2017,5,2017-05-12,15:00,3250.0,880.0,3350.0,430.0,－－－－－－－－－－,10.0,190.0,0.0,20.0,0.0,0.0,-1630.0,3250.0,yonden
2017,5,2017-05-12,16:00,3300.0,880.0,3340.0,540.0,－－－－－－－－－－,10.0,90.0,0.0,50.0,0.0,180.0,-1790.0,3300.0,yonden
2017,5,2017-05-12,17:00,3250.0,880.0,3320.0,570.0,－－－－－－－－－－,10.0,40.0,0.0,60.0,0.0,180.0,-1810.0,3250.0,yonden
2017,5,2017-05-12,18:00,3230.0,880.0,3270.0,600.0,－－－－－－－－－－,10.0,10.0,0.0,90.0,0.0,180.0,-1810.0,3230.0,yonden
2017,5,2017-05-12,19:00,3130.0,880.0,3260.0,580.0,－－－－－－－－－－,10.0,0.0,0.0,110.0,0.0,80.0,-1790.0,3130.0,yonden
2017,5,2017-05-12,20:00,2970.0,880.0,3240.0,460.0,－－－－－－－－－－,10.0,0.0,0.0,90.0,0.0,0.0,-1710.0,2970.0,yonden
2017,5,2017-05-12,21:00,2780.0,880.0,3030.0,390.0,－－－－－－－－－－,10.0,0.0,0.0,80.0,0.0,0.0,-1610.0,2780.0,yonden
2017,5,2017-05-12,22:00,2570.0,880.0,2640.0,410.0,－－－－－－－－－－,10.0,0.0,0.0,80.0,0.0,0.0,-1450.0,2570.0,yonden
2017,5,2017-05-12,23:00,2470.0,880.0,2330.0,450.0,－－－－－－－－－－,10.0,0.0,0.0,80.0,0.0,0.0,-1280.0,2470.0,yonden
2017,5,2017-05-13,00:00,2370.0,880.0,2330.0,460.0,－－－－－－－－－－,10.0,0.0,0.0,80.0,0.0,0.0,-1390.0,2370.0,yonden
2017,5,2017-05-13,01:00,2380.0,880.0,2300.0,470.0,－－－－－－－－－－,10.0,0.0,0.0,60.0,0.0,0.0,-1340.0,2380.0,yonden
2017,5,2017-05-13,02:00,2570.0,880.0,2330.0,530.0,－－－－－－－－－－,10.0,0.0,0.0,50.0,0.0,0.0,-1230.0,2570.0,yonden
2017,5,2017-05-13,03:00,2790.0,880.0,2370.0,560.0,－－－－－－－－－－,10.0,0.0,0.0,40.0,0.0,0.0,-1070.0,2790.0,yonden
2017,5,2017-05-13,04:00,2860.0,880.0,2390.0,560.0,－－－－－－－－－－,10.0,0.0,0.0,40.0,0.0,0.0,-1020.0,2860.0,yonden
2017,5,2017-05-13,05:00,2740.0,880.0,2310.0,580.0,－－－－－－－－－－,10.0,20.0,0.0,40.0,0.0,0.0,-1100.0,2740.0,yonden
2017,5,2017-05-13,06:00,2510.0,880.0,2320.0,580.0,－－－－－－－－－－,10.0,40.0,0.0,30.0,0.0,0.0,-1350.0,2510.0,yonden
2017,5,2017-05-13,07:00,2470.0,880.0,2340.0,560.0,－－－－－－－－－－,10.0,110.0,0.0,40.0,0.0,0.0,-1470.0,2470.0,yonden
2017,5,2017-05-13,08:00,2680.0,880.0,2320.0,560.0,－－－－－－－－－－,10.0,270.0,0.0,50.0,0.0,0.0,-1410.0,2680.0,yonden
2017,5,2017-05-13,09:00,2820.0,880.0,2390.0,620.0,－－－－－－－－－－,10.0,350.0,0.0,50.0,0.0,0.0,-1480.0,2820.0,yonden
2017,5,2017-05-13,10:00,2850.0,880.0,2450.0,640.0,－－－－－－－－－－,10.0,450.0,0.0,40.0,0.0,0.0,-1620.0,2850.0,yonden
2017,5,2017-05-13,11:00,2880.0,880.0,2360.0,590.0,－－－－－－－－－－,10.0,570.0,0.0,30.0,0.0,0.0,-1560.0,2880.0,yonden
2017,5,2017-05-13,12:00,2710.0,880.0,2310.0,460.0,－－－－－－－－－－,10.0,700.0,0.0,20.0,0.0,0.0,-1670.0,2710.0,yonden
2017,5,2017-05-13,13:00,2770.0,880.0,2240.0,430.0,－－－－－－－－－－,10.0,850.0,0.0,20.0,0.0,-30.0,-1630.0,2770.0,yonden
2017,5,2017-05-13,14:00,2790.0,880.0,2430.0,490.0,－－－－－－－－－－,10.0,830.0,0.0,20.0,0.0,-180.0,-1690.0,2790.0,yonden
2017,5,2017-05-13,15:00,2750.0,880.0,2400.0,490.0,－－－－－－－－－－,10.0,590.0,0.0,20.0,0.0,0.0,-1640.0,2750.0,yonden
2017,5,2017-05-13,16:00,2700.0,880.0,2430.0,520.0,－－－－－－－－－－,10.0,360.0,0.0,20.0,0.0,0.0,-1520.0,2700.0,yonden
2017,5,2017-05-13,17:00,2760.0,890.0,2550.0,560.0,－－－－－－－－－－,10.0,230.0,0.0,20.0,0.0,0.0,-1500.0,2760.0,yonden
2017,5,2017-05-13,18:00,2870.0,890.0,2760.0,620.0,－－－－－－－－－－,10.0,50.0,0.0,10.0,0.0,10.0,-1480.0,2870.0,yonden
2017,5,2017-05-13,19:00,2920.0,890.0,2680.0,630.0,－－－－－－－－－－,10.0,0.0,0.0,20.0,0.0,160.0,-1470.0,2920.0,yonden
2017,5,2017-05-13,20:00,2810.0,890.0,2690.0,550.0,－－－－－－－－－－,10.0,0.0,0.0,10.0,0.0,0.0,-1340.0,2810.0,yonden
2017,5,2017-05-13,21:00,2650.0,890.0,2520.0,480.0,－－－－－－－－－－,10.0,0.0,0.0,10.0,0.0,0.0,-1260.0,2650.0,yonden
2017,5,2017-05-13,22:00,2420.0,890.0,2390.0,390.0,－－－－－－－－－－,10.0,0.0,0.0,10.0,0.0,0.0,-1270.0,2420.0,yonden
2017,5,2017-05-13,23:00,2320.0,890.0,2370.0,400.0,－－－－－－－－－－,10.0,0.0,0.0,10.0,0.0,0.0,-1360.0,2320.0,yonden
2017,5,2017-05-14,00:00,2220.0,880.0,2300.0,380.0,－－－－－－－－－－,10.0,0.0,0.0,10.0,0.0,0.0,-1360.0,2220.0,yonden
2017,5,2017-05-14,01:00,2240.0,890.0,2310.0,400.0,－－－－－－－－－－,10.0,0.0,0.0,10.0,0.0,0.0,-1380.0,2240.0,yonden
2017,5,2017-05-14,02:00,2430.0,880.0,2360.0,480.0,－－－－－－－－－－,10.0,0.0,0.0,20.0,0.0,0.0,-1320.0,2430.0,yonden
2017,5,2017-05-14,03:00,2660.0,880.0,2400.0,520.0,－－－－－－－－－－,10.0,0.0,0.0,30.0,0.0,0.0,-1180.0,2660.0,yonden
2017,5,2017-05-14,04:00,2720.0,890.0,2400.0,510.0,－－－－－－－－－－,10.0,0.0,0.0,30.0,0.0,0.0,-1120.0,2720.0,yonden
2017,5,2017-05-14,05:00,2570.0,880.0,2380.0,440.0,－－－－－－－－－－,10.0,40.0,0.0,30.0,0.0,0.0,-1210.0,2570.0,yonden
2017,5,2017-05-14,06:00,2300.0,890.0,2230.0,360.0,－－－－－－－－－－,10.0,220.0,0.0,30.0,0.0,-100.0,-1340.0,2300.0,yonden
2017,5,2017-05-14,07:00,2160.0,890.0,2240.0,360.0,－－－－－－－－－－,10.0,510.0,0.0,20.0,0.0,-300.0,-1570.0,2160.0,yonden
2017,5,2017-05-14,08:00,2270.0,890.0,2050.0,350.0,－－－－－－－－－－,10.0,880.0,0.0,10.0,0.0,-300.0,-1620.0,2270.0,yonden
2017,5,2017-05-14,09:00,2410.0,890.0,1950.0,410.0,－－－－－－－－－－,10.0,1200.0,0.0,10.0,0.0,-300.0,-1760.0,2410.0,yonden
2017,5,2017-05-14,10:00,2480.0,890.0,1980.0,440.0,－－－－－－－－－－,10.0,1420.0,0.0,10.0,0.0,-500.0,-1770.0,2480.0,yonden
2017,5,2017-05-14,11:00,2530.0,890.0,2090.0,400.0,－－－－－－－－－－,10.0,1510.0,0.0,0.0,0.0,-600.0,-1770.0,2530.0,yonden
2017,5,2017-05-14,12:00,2550.0,890.0,2090.0,310.0,－－－－－－－－－－,10.0,1530.0,0.0,0.0,0.0,-590.0,-1690.0,2550.0,yonden
2017,5,2017-05-14,13:00,2550.0,890.0,2140.0,330.0,－－－－－－－－－－,10.0,1460.0,0.0,10.0,0.0,-590.0,-1700.0,2550.0,yonden
2017,5,2017-05-14,14:00,2530.0,890.0,2080.0,320.0,－－－－－－－－－－,10.0,1290.0,0.0,0.0,0.0,-390.0,-1670.0,2530.0,yonden
2017,5,2017-05-14,15:00,2530.0,890.0,2130.0,310.0,－－－－－－－－－－,10.0,1040.0,0.0,0.0,0.0,-160.0,-1690.0,2530.0,yonden
2017,5,2017-05-14,16:00,2600.0,890.0,2430.0,320.0,－－－－－－－－－－,10.0,700.0,0.0,0.0,0.0,0.0,-1750.0,2600.0,yonden
2017,5,2017-05-14,17:00,2700.0,890.0,2660.0,410.0,－－－－－－－－－－,10.0,350.0,0.0,0.0,0.0,0.0,-1620.0,2700.0,yonden
2017,5,2017-05-14,18:00,2710.0,890.0,2870.0,570.0,－－－－－－－－－－,10.0,60.0,0.0,0.0,0.0,0.0,-1690.0,2710.0,yonden
2017,5,2017-05-14,19:00,2720.0,890.0,2880.0,540.0,－－－－－－－－－－,10.0,0.0,0.0,0.0,0.0,0.0,-1600.0,2720.0,yonden
2017,5,2017-05-14,20:00,2660.0,890.0,2830.0,480.0,－－－－－－－－－－,10.0,0.0,0.0,0.0,0.0,0.0,-1550.0,2660.0,yonden
2017,5,2017-05-14,21:00,2530.0,890.0,2570.0,380.0,－－－－－－－－－－,10.0,0.0,0.0,0.0,0.0,0.0,-1320.0,2530.0,yonden
2017,5,2017-05-14,22:00,2340.0,890.0,2330.0,310.0,－－－－－－－－－－,10.0,0.0,0.0,0.0,0.0,0.0,-1200.0,2340.0,yonden
2017,5,2017-05-14,23:00,2240.0,890.0,2330.0,300.0,－－－－－－－－－－,10.0,0.0,0.0,0.0,0.0,0.0,-1290.0,2240.0,yonden
2017,5,2017-05-15,00:00,2160.0,890.0,2290.0,280.0,－－－－－－－－－－,10.0,0.0,0.0,20.0,0.0,0.0,-1330.0,2160.0,yonden
2017,5,2017-05-15,01:00,2190.0,890.0,2240.0,320.0,－－－－－－－－－－,10.0,0.0,0.0,20.0,0.0,0.0,-1290.0,2190.0,yonden
2017,5,2017-05-15,02:00,2380.0,890.0,2220.0,390.0,－－－－－－－－－－,10.0,0.0,0.0,30.0,0.0,0.0,-1160.0,2380.0,yonden
2017,5,2017-05-15,03:00,2640.0,890.0,2280.0,520.0,－－－－－－－－－－,10.0,0.0,0.0,40.0,0.0,0.0,-1100.0,2640.0,yonden
2017,5,2017-05-15,04:00,2750.0,890.0,2290.0,550.0,－－－－－－－－－－,10.0,0.0,0.0,60.0,0.0,0.0,-1050.0,2750.0,yonden
2017,5,2017-05-15,05:00,2680.0,890.0,2300.0,480.0,－－－－－－－－－－,10.0,50.0,0.0,60.0,0.0,0.0,-1110.0,2680.0,yonden
2017,5,2017-05-15,06:00,2540.0,890.0,2200.0,320.0,－－－－－－－－－－,10.0,280.0,0.0,50.0,0.0,0.0,-1210.0,2540.0,yonden
2017,5,2017-05-15,07:00,2470.0,890.0,2090.0,220.0,－－－－－－－－－－,0.0,550.0,0.0,40.0,0.0,0.0,-1320.0,2470.0,yonden
2017,5,2017-05-15,08:00,2840.0,890.0,2280.0,220.0,－－－－－－－－－－,0.0,820.0,0.0,40.0,0.0,0.0,-1410.0,2840.0,yonden
2017,5,2017-05-15,09:00,3080.0,890.0,2300.0,250.0,－－－－－－－－－－,0.0,1050.0,0.0,30.0,0.0,0.0,-1440.0,3080.0,yonden
2017,5,2017-05-15,10:00,3140.0,890.0,2330.0,240.0,－－－－－－－－－－,0.0,1220.0,0.0,30.0,0.0,0.0,-1570.0,3140.0,yonden
2017,5,2017-05-15,11:00,3210.0,880.0,2330.0,240.0,－－－－－－－－－－,0.0,1250.0,0.0,40.0,0.0,0.0,-1530.0,3210.0,yonden
2017,5,2017-05-15,12:00,3020.0,880.0,2300.0,250.0,－－－－－－－－－－,0.0,1200.0,0.0,50.0,0.0,0.0,-1660.0,3020.0,yonden
2017,5,2017-05-15,13:00,3230.0,880.0,2710.0,260.0,－－－－－－－－－－,0.0,1040.0,0.0,50.0,0.0,0.0,-1710.0,3230.0,yonden
2017,5,2017-05-15,14:00,3120.0,880.0,2810.0,250.0,－－－－－－－－－－,0.0,810.0,0.0,50.0,0.0,0.0,-1680.0,3120.0,yonden
2017,5,2017-05-15,15:00,3090.0,880.0,2930.0,340.0,－－－－－－－－－－,0.0,590.0,0.0,50.0,0.0,0.0,-1700.0,3090.0,yonden
2017,5,2017-05-15,16:00,3060.0,880.0,3170.0,470.0,－－－－－－－－－－,0.0,200.0,0.0,50.0,0.0,0.0,-1710.0,3060.0,yonden
2017,5,2017-05-15,17:00,3050.0,880.0,3300.0,500.0,－－－－－－－－－－,0.0,80.0,0.0,40.0,0.0,0.0,-1750.0,3050.0,yonden
2017,5,2017-05-15,18:00,3090.0,890.0,3280.0,650.0,－－－－－－－－－－,0.0,20.0,0.0,40.0,0.0,0.0,-1790.0,3090.0,yonden
2017,5,2017-05-15,19:00,3060.0,880.0,3130.0,610.0,－－－－－－－－－－,10.0,0.0,0.0,40.0,0.0,0.0,-1610.0,3060.0,yonden
2017,5,2017-05-15,20:00,2910.0,880.0,2910.0,460.0,－－－－－－－－－－,10.0,0.0,0.0,50.0,0.0,0.0,-1400.0,2910.0,yonden
2017,5,2017-05-15,21:00,2720.0,890.0,2660.0,320.0,－－－－－－－－－－,10.0,0.0,0.0,50.0,0.0,0.0,-1210.0,2720.0,yonden
2017,5,2017-05-15,22:00,2540.0,880.0,2480.0,300.0,－－－－－－－－－－,10.0,0.0,0.0,30.0,0.0,0.0,-1160.0,2540.0,yonden
2017,5,2017-05-15,23:00,2460.0,880.0,2410.0,260.0,－－－－－－－－－－,10.0,0.0,0.0,30.0,0.0,0.0,-1130.0,2460.0,yonden
2017,5,2017-05-16,00:00,2350.0,890.0,2370.0,230.0,－－－－－－－－－－,10.0,0.0,0.0,40.0,0.0,0.0,-1190.0,2350.0,yonden
2017,5,2017-05-16,01:00,2370.0,880.0,2340.0,270.0,－－－－－－－－－－,10.0,0.0,0.0,40.0,0.0,0.0,-1170.0,2370.0,yonden
2017,5,2017-05-16,02:00,2560.0,880.0,2330.0,380.0,－－－－－－－－－－,10.0,0.0,0.0,40.0,0.0,0.0,-1080.0,2560.0,yonden
2017,5,2017-05-16,03:00,2810.0,880.0,2390.0,520.0,－－－－－－－－－－,10.0,0.0,0.0,40.0,0.0,0.0,-1030.0,2810.0,yonden
2017,5,2017-05-16,04:00,2890.0,880.0,2410.0,520.0,－－－－－－－－－－,10.0,0.0,0.0,40.0,0.0,0.0,-970.0,2890.0,yonden
2017,5,2017-05-16,05:00,2820.0,890.0,2390.0,370.0,－－－－－－－－－－,10.0,50.0,0.0,40.0,0.0,0.0,-930.0,2820.0,yonden
2017,5,2017-05-16,06:00,2630.0,890.0,2180.0,320.0,－－－－－－－－－－,10.0,240.0,0.0,40.0,0.0,0.0,-1050.0,2630.0,yonden
2017,5,2017-05-16,07:00,2530.0,890.0,2190.0,240.0,－－－－－－－－－－,10.0,430.0,0.0,20.0,0.0,0.0,-1250.0,2530.0,yonden
2017,5,2017-05-16,08:00,2850.0,890.0,2370.0,240.0,－－－－－－－－－－,10.0,590.0,0.0,10.0,0.0,0.0,-1260.0,2850.0,yonden
2017,5,2017-05-16,09:00,3050.0,890.0,2530.0,270.0,－－－－－－－－－－,10.0,670.0,0.0,0.0,0.0,0.0,-1320.0,3050.0,yonden
2017,5,2017-05-16,10:00,3120.0,890.0,2620.0,310.0,－－－－－－－－－－,10.0,670.0,0.0,0.0,0.0,0.0,-1380.0,3120.0,yonden
2017,5,2017-05-16,11:00,3140.0,890.0,2850.0,260.0,－－－－－－－－－－,10.0,570.0,0.0,0.0,0.0,0.0,-1440.0,3140.0,yonden
2017,5,2017-05-16,12:00,2930.0,890.0,2860.0,220.0,－－－－－－－－－－,10.0,480.0,0.0,0.0,0.0,0.0,-1530.0,2930.0,yonden
2017,5,2017-05-16,13:00,3100.0,880.0,3120.0,230.0,－－－－－－－－－－,10.0,330.0,0.0,0.0,0.0,0.0,-1470.0,3100.0,yonden
2017,5,2017-05-16,14:00,3050.0,880.0,3170.0,250.0,－－－－－－－－－－,10.0,270.0,0.0,0.0,0.0,0.0,-1530.0,3050.0,yonden
2017,5,2017-05-16,15:00,3010.0,880.0,3130.0,290.0,－－－－－－－－－－,10.0,230.0,0.0,0.0,0.0,0.0,-1530.0,3010.0,yonden
2017,5,2017-05-16,16:00,3130.0,880.0,3230.0,420.0,－－－－－－－－－－,10.0,120.0,0.0,0.0,0.0,90.0,-1620.0,3130.0,yonden
2017,5,2017-05-16,17:00,3110.0,880.0,3180.0,500.0,－－－－－－－－－－,10.0,50.0,0.0,0.0,0.0,230.0,-1740.0,3110.0,yonden
2017,5,2017-05-16,18:00,3150.0,880.0,3140.0,600.0,－－－－－－－－－－,10.0,10.0,0.0,0.0,0.0,300.0,-1790.0,3150.0,yonden
2017,5,2017-05-16,19:00,3080.0,880.0,2960.0,610.0,－－－－－－－－－－,10.0,0.0,0.0,0.0,0.0,260.0,-1640.0,3080.0,yonden
2017,5,2017-05-16,20:00,2920.0,880.0,2860.0,470.0,－－－－－－－－－－,10.0,0.0,0.0,0.0,0.0,80.0,-1380.0,2920.0,yonden
2017,5,2017-05-16,21:00,2740.0,880.0,2720.0,350.0,－－－－－－－－－－,10.0,0.0,0.0,0.0,0.0,0.0,-1220.0,2740.0,yonden
2017,5,2017-05-16,22:00,2560.0,880.0,2410.0,290.0,－－－－－－－－－－,10.0,0.0,0.0,0.0,0.0,0.0,-1030.0,2560.0,yonden
2017,5,2017-05-16,23:00,2450.0,890.0,2360.0,250.0,－－－－－－－－－－,10.0,0.0,0.0,0.0,0.0,0.0,-1060.0,2450.0,yonden
2017,5,2017-05-17,00:00,2330.0,880.0,2370.0,220.0,－－－－－－－－－－,10.0,0.0,0.0,0.0,0.0,0.0,-1150.0,2330.0,yonden
2017,5,2017-05-17,01:00,2390.0,890.0,2430.0,220.0,－－－－－－－－－－,10.0,0.0,0.0,0.0,0.0,0.0,-1160.0,2390.0,yonden
2017,5,2017-05-17,02:00,2610.0,890.0,2470.0,340.0,－－－－－－－－－－,10.0,0.0,0.0,0.0,0.0,0.0,-1100.0,2610.0,yonden
2017,5,2017-05-17,03:00,2860.0,890.0,2540.0,440.0,－－－－－－－－－－,10.0,0.0,0.0,10.0,0.0,0.0,-1030.0,2860.0,yonden
2017,5,2017-05-17,04:00,2950.0,890.0,2530.0,460.0,－－－－－－－－－－,10.0,0.0,0.0,20.0,0.0,0.0,-960.0,2950.0,yonden
2017,5,2017-05-17,05:00,2860.0,890.0,2510.0,350.0,－－－－－－－－－－,10.0,40.0,0.0,20.0,0.0,0.0,-960.0,2860.0,yonden
2017,5,2017-05-17,06:00,2700.0,890.0,2420.0,270.0,－－－－－－－－－－,10.0,180.0,0.0,20.0,0.0,0.0,-1090.0,2700.0,yonden
2017,5,2017-05-17,07:00,2630.0,890.0,2410.0,180.0,－－－－－－－－－－,10.0,360.0,0.0,10.0,0.0,0.0,-1230.0,2630.0,yonden
2017,5,2017-05-17,08:00,2930.0,890.0,2440.0,190.0,－－－－－－－－－－,10.0,660.0,0.0,10.0,0.0,0.0,-1270.0,2930.0,yonden
2017,5,2017-05-17,09:00,3070.0,890.0,2330.0,230.0,－－－－－－－－－－,10.0,1070.0,0.0,10.0,0.0,0.0,-1470.0,3070.0,yonden
2017,5,2017-05-17,10:00,3140.0,890.0,2180.0,250.0,－－－－－－－－－－,10.0,1300.0,0.0,10.0,0.0,0.0,-1500.0,3140.0,yonden
2017,5,2017-05-17,11:00,3200.0,890.0,2250.0,270.0,－－－－－－－－－－,10.0,1340.0,0.0,10.0,0.0,0.0,-1570.0,3200.0,yonden
2017,5,2017-05-17,12:00,3000.0,890.0,2330.0,240.0,－－－－－－－－－－,10.0,1240.0,0.0,0.0,0.0,0.0,-1710.0,3000.0,yonden
2017,5,2017-05-17,13:00,3170.0,880.0,2600.0,280.0,－－－－－－－－－－,10.0,1040.0,0.0,0.0,0.0,0.0,-1640.0,3170.0,yonden
2017,5,2017-05-17,14:00,3210.0,880.0,2920.0,340.0,－－－－－－－－－－,10.0,730.0,0.0,10.0,0.0,0.0,-1680.0,3210.0,yonden
2017,5,2017-05-17,15:00,3190.0,880.0,3200.0,330.0,－－－－－－－－－－,10.0,400.0,0.0,10.0,0.0,10.0,-1650.0,3190.0,yonden
2017,5,2017-05-17,16:00,3180.0,880.0,3120.0,420.0,－－－－－－－－－－,10.0,230.0,0.0,20.0,0.0,170.0,-1670.0,3180.0,yonden
2017,5,2017-05-17,17:00,3120.0,880.0,2960.0,540.0,－－－－－－－－－－,10.0,150.0,0.0,20.0,0.0,190.0,-1630.0,3120.0,yonden
2017,5,2017-05-17,18:00,3120.0,890.0,2900.0,600.0,－－－－－－－－－－,10.0,30.0,0.0,20.0,0.0,170.0,-1500.0,3120.0,yonden
2017,5,2017-05-17,19:00,3080.0,890.0,2880.0,580.0,－－－－－－－－－－,10.0,0.0,0.0,10.0,0.0,160.0,-1450.0,3080.0,yonden
2017,5,2017-05-17,20:00,2920.0,890.0,2850.0,440.0,－－－－－－－－－－,10.0,0.0,0.0,10.0,0.0,60.0,-1340.0,2920.0,yonden
2017,5,2017-05-17,21:00,2730.0,890.0,2720.0,300.0,－－－－－－－－－－,10.0,0.0,0.0,0.0,0.0,0.0,-1190.0,2730.0,yonden
2017,5,2017-05-17,22:00,2530.0,880.0,2440.0,240.0,－－－－－－－－－－,10.0,0.0,0.0,0.0,0.0,0.0,-1040.0,2530.0,yonden
2017,5,2017-05-17,23:00,2420.0,890.0,2370.0,170.0,－－－－－－－－－－,10.0,0.0,0.0,10.0,0.0,0.0,-1030.0,2420.0,yonden
2017,5,2017-05-18,00:00,2300.0,880.0,2350.0,170.0,－－－－－－－－－－,10.0,0.0,0.0,10.0,0.0,0.0,-1120.0,2300.0,yonden
2017,5,2017-05-18,01:00,2350.0,880.0,2340.0,160.0,－－－－－－－－－－,10.0,0.0,0.0,10.0,0.0,0.0,-1050.0,2350.0,yonden
2017,5,2017-05-18,02:00,2570.0,880.0,2380.0,240.0,－－－－－－－－－－,10.0,0.0,0.0,10.0,0.0,0.0,-950.0,2570.0,yonden
2017,5,2017-05-18,03:00,2830.0,890.0,2430.0,380.0,－－－－－－－－－－,10.0,0.0,0.0,10.0,0.0,0.0,-890.0,2830.0,yonden
2017,5,2017-05-18,04:00,2920.0,880.0,2470.0,380.0,－－－－－－－－－－,10.0,0.0,0.0,10.0,0.0,0.0,-830.0,2920.0,yonden
2017,5,2017-05-18,05:00,2840.0,890.0,2430.0,310.0,－－－－－－－－－－,10.0,50.0,0.0,20.0,0.0,0.0,-870.0,2840.0,yonden
2017,5,2017-05-18,06:00,2690.0,890.0,2310.0,220.0,－－－－－－－－－－,10.0,310.0,0.0,10.0,0.0,0.0,-1060.0,2690.0,yonden
2017,5,2017-05-18,07:00,2590.0,880.0,2200.0,140.0,－－－－－－－－－－,10.0,650.0,0.0,10.0,0.0,0.0,-1300.0,2590.0,yonden
2017,5,2017-05-18,08:00,2890.0,890.0,2380.0,190.0,－－－－－－－－－－,10.0,1000.0,0.0,10.0,0.0,0.0,-1590.0,2890.0,yonden
2017,5,2017-05-18,09:00,3110.0,880.0,2510.0,240.0,－－－－－－－－－－,10.0,1260.0,0.0,0.0,0.0,0.0,-1790.0,3110.0,yonden
2017,5,2017-05-18,10:00,3160.0,880.0,2530.0,220.0,－－－－－－－－－－,10.0,1410.0,0.0,10.0,0.0,-180.0,-1720.0,3160.0,yonden
2017,5,2017-05-18,11:00,3240.0,880.0,2640.0,240.0,－－－－－－－－－－,10.0,1480.0,0.0,10.0,0.0,-300.0,-1720.0,3240.0,yonden
2017,5,2017-05-18,12:00,3080.0,880.0,2590.0,190.0,－－－－－－－－－－,10.0,1500.0,0.0,0.0,0.0,-300.0,-1790.0,3080.0,yonden
2017,5,2017-05-18,13:00,3280.0,880.0,2460.0,180.0,－－－－－－－－－－,10.0,1450.0,0.0,0.0,0.0,-50.0,-1650.0,3280.0,yonden
2017,5,2017-05-18,14:00,3290.0,880.0,2580.0,210.0,－－－－－－－－－－,10.0,1320.0,0.0,0.0,0.0,0.0,-1710.0,3290.0,yonden
2017,5,2017-05-18,15:00,3300.0,880.0,2800.0,240.0,－－－－－－－－－－,10.0,1070.0,0.0,0.0,0.0,0.0,-1700.0,3300.0,yonden
2017,5,2017-05-18,16:00,3340.0,880.0,2890.0,350.0,－－－－－－－－－－,10.0,740.0,0.0,0.0,0.0,160.0,-1690.0,3340.0,yonden
2017,5,2017-05-18,17:00,3260.0,880.0,2890.0,510.0,－－－－－－－－－－,10.0,370.0,0.0,0.0,0.0,300.0,-1700.0,3260.0,yonden
2017,5,2017-05-18,18:00,3180.0,880.0,2960.0,620.0,－－－－－－－－－－,10.0,70.0,0.0,0.0,0.0,280.0,-1640.0,3180.0,yonden
2017,5,2017-05-18,19:00,3110.0,880.0,2920.0,600.0,－－－－－－－－－－,10.0,0.0,0.0,0.0,0.0,300.0,-1600.0,3110.0,yonden
2017,5,2017-05-18,20:00,2970.0,880.0,2860.0,410.0,－－－－－－－－－－,10.0,0.0,0.0,0.0,0.0,230.0,-1420.0,2970.0,yonden
2017,5,2017-05-18,21:00,2750.0,880.0,2790.0,300.0,－－－－－－－－－－,10.0,0.0,0.0,0.0,0.0,0.0,-1230.0,2750.0,yonden
2017,5,2017-05-18,22:00,2590.0,880.0,2510.0,250.0,－－－－－－－－－－,10.0,0.0,0.0,0.0,0.0,0.0,-1060.0,2590.0,yonden
2017,5,2017-05-18,23:00,2480.0,880.0,2470.0,190.0,－－－－－－－－－－,10.0,0.0,0.0,10.0,0.0,0.0,-1080.0,2480.0,yonden
2017,5,2017-05-19,00:00,2370.0,880.0,2470.0,160.0,－－－－－－－－－－,10.0,0.0,0.0,0.0,0.0,0.0,-1150.0,2370.0,yonden
2017,5,2017-05-19,01:00,2370.0,880.0,2440.0,170.0,－－－－－－－－－－,10.0,0.0,0.0,0.0,0.0,0.0,-1130.0,2370.0,yonden
2017,5,2017-05-19,02:00,2570.0,880.0,2430.0,250.0,－－－－－－－－－－,10.0,0.0,0.0,0.0,0.0,0.0,-1000.0,2570.0,yonden
2017,5,2017-05-19,03:00,2820.0,880.0,2430.0,330.0,－－－－－－－－－－,10.0,0.0,0.0,0.0,0.0,0.0,-830.0,2820.0,yonden
2017,5,2017-05-19,04:00,2900.0,890.0,2400.0,380.0,－－－－－－－－－－,10.0,0.0,0.0,0.0,0.0,0.0,-780.0,2900.0,yonden
2017,5,2017-05-19,05:00,2790.0,890.0,2440.0,280.0,－－－－－－－－－－,10.0,50.0,0.0,0.0,0.0,0.0,-880.0,2790.0,yonden
2017,5,2017-05-19,06:00,2640.0,890.0,2350.0,210.0,－－－－－－－－－－,10.0,330.0,0.0,0.0,0.0,0.0,-1150.0,2640.0,yonden
2017,5,2017-05-19,07:00,2550.0,890.0,2260.0,160.0,－－－－－－－－－－,10.0,660.0,0.0,0.0,0.0,0.0,-1430.0,2550.0,yonden
2017,5,2017-05-19,08:00,2880.0,880.0,2480.0,150.0,－－－－－－－－－－,10.0,1000.0,0.0,0.0,0.0,0.0,-1640.0,2880.0,yonden
2017,5,2017-05-19,09:00,3120.0,880.0,2550.0,180.0,－－－－－－－－－－,10.0,1260.0,0.0,0.0,0.0,0.0,-1760.0,3120.0,yonden
2017,5,2017-05-19,10:00,3210.0,880.0,2510.0,200.0,－－－－－－－－－－,10.0,1430.0,0.0,0.0,0.0,-130.0,-1690.0,3210.0,yonden
2017,5,2017-05-19,11:00,3270.0,880.0,2630.0,200.0,－－－－－－－－－－,10.0,1500.0,0.0,0.0,0.0,-300.0,-1650.0,3270.0,yonden
2017,5,2017-05-19,12:00,3090.0,880.0,2470.0,140.0,－－－－－－－－－－,10.0,1510.0,0.0,0.0,0.0,-300.0,-1620.0,3090.0,yonden
2017,5,2017-05-19,13:00,3310.0,880.0,2560.0,150.0,－－－－－－－－－－,10.0,1460.0,0.0,0.0,0.0,-280.0,-1470.0,3310.0,yonden
2017,5,2017-05-19,14:00,3350.0,880.0,2660.0,180.0,－－－－－－－－－－,10.0,1310.0,0.0,0.0,0.0,0.0,-1690.0,3350.0,yonden
2017,5,2017-05-19,15:00,3350.0,880.0,2810.0,230.0,－－－－－－－－－－,10.0,1080.0,0.0,0.0,0.0,0.0,-1660.0,3350.0,yonden
2017,5,2017-05-19,16:00,3370.0,880.0,2950.0,360.0,－－－－－－－－－－,10.0,750.0,0.0,10.0,0.0,0.0,-1590.0,3370.0,yonden
2017,5,2017-05-19,17:00,3280.0,880.0,2950.0,530.0,－－－－－－－－－－,10.0,380.0,0.0,20.0,0.0,220.0,-1710.0,3280.0,yonden
2017,5,2017-05-19,18:00,3170.0,880.0,2870.0,590.0,－－－－－－－－－－,10.0,70.0,0.0,30.0,0.0,310.0,-1590.0,3170.0,yonden
2017,5,2017-05-19,19:00,3090.0,880.0,2850.0,540.0,－－－－－－－－－－,10.0,0.0,0.0,40.0,0.0,280.0,-1510.0,3090.0,yonden
2017,5,2017-05-19,20:00,2940.0,880.0,2690.0,400.0,－－－－－－－－－－,10.0,0.0,0.0,50.0,0.0,230.0,-1320.0,2940.0,yonden
2017,5,2017-05-19,21:00,2740.0,880.0,2560.0,290.0,－－－－－－－－－－,10.0,0.0,0.0,50.0,0.0,10.0,-1060.0,2740.0,yonden
2017,5,2017-05-19,22:00,2540.0,880.0,2300.0,220.0,－－－－－－－－－－,10.0,0.0,0.0,40.0,0.0,0.0,-910.0,2540.0,yonden
2017,5,2017-05-19,23:00,2420.0,880.0,2150.0,170.0,－－－－－－－－－－,10.0,0.0,0.0,40.0,0.0,0.0,-830.0,2420.0,yonden
2017,5,2017-05-20,00:00,2310.0,880.0,2060.0,160.0,－－－－－－－－－－,10.0,0.0,0.0,40.0,0.0,0.0,-840.0,2310.0,yonden
2017,5,2017-05-20,01:00,2310.0,880.0,2060.0,150.0,－－－－－－－－－－,10.0,0.0,0.0,40.0,0.0,0.0,-830.0,2310.0,yonden
2017,5,2017-05-20,02:00,2480.0,880.0,2120.0,170.0,－－－－－－－－－－,10.0,0.0,0.0,30.0,0.0,0.0,-730.0,2480.0,yonden
2017,5,2017-05-20,03:00,2730.0,880.0,2300.0,250.0,－－－－－－－－－－,10.0,0.0,0.0,20.0,0.0,0.0,-730.0,2730.0,yonden
2017,5,2017-05-20,04:00,2840.0,890.0,2360.0,290.0,－－－－－－－－－－,10.0,0.0,0.0,20.0,0.0,0.0,-730.0,2840.0,yonden
2017,5,2017-05-20,05:00,2720.0,890.0,2340.0,250.0,－－－－－－－－－－,10.0,50.0,0.0,20.0,0.0,0.0,-840.0,2720.0,yonden
2017,5,2017-05-20,06:00,2520.0,890.0,2180.0,210.0,－－－－－－－－－－,10.0,320.0,0.0,10.0,0.0,0.0,-1100.0,2520.0,yonden
2017,5,2017-05-20,07:00,2400.0,890.0,2250.0,180.0,－－－－－－－－－－,10.0,650.0,0.0,0.0,0.0,-260.0,-1320.0,2400.0,yonden
2017,5,2017-05-20,08:00,2610.0,880.0,2310.0,190.0,－－－－－－－－－－,10.0,970.0,0.0,0.0,0.0,-180.0,-1570.0,2610.0,yonden
2017,5,2017-05-20,09:00,2770.0,880.0,2180.0,210.0,－－－－－－－－－－,10.0,1220.0,0.0,0.0,0.0,0.0,-1730.0,2770.0,yonden
2017,5,2017-05-20,10:00,2880.0,880.0,2070.0,190.0,－－－－－－－－－－,10.0,1400.0,0.0,0.0,0.0,0.0,-1670.0,2880.0,yonden
2017,5,2017-05-20,11:00,2960.0,880.0,2030.0,190.0,－－－－－－－－－－,10.0,1490.0,0.0,0.0,0.0,0.0,-1640.0,2960.0,yonden
2017,5,2017-05-20,12:00,2880.0,880.0,2040.0,220.0,－－－－－－－－－－,10.0,1500.0,0.0,0.0,0.0,-300.0,-1470.0,2880.0,yonden
2017,5,2017-05-20,13:00,2930.0,880.0,2110.0,190.0,－－－－－－－－－－,10.0,1440.0,0.0,0.0,0.0,-300.0,-1400.0,2930.0,yonden
2017,5,2017-05-20,14:00,2950.0,880.0,2240.0,220.0,－－－－－－－－－－,10.0,1290.0,0.0,0.0,0.0,-260.0,-1430.0,2950.0,yonden
2017,5,2017-05-20,15:00,2970.0,880.0,2170.0,170.0,－－－－－－－－－－,10.0,1050.0,0.0,10.0,0.0,0.0,-1320.0,2970.0,yonden
2017,5,2017-05-20,16:00,3010.0,880.0,2420.0,230.0,－－－－－－－－－－,10.0,720.0,0.0,30.0,0.0,0.0,-1280.0,3010.0,yonden
2017,5,2017-05-20,17:00,2980.0,880.0,2530.0,310.0,－－－－－－－－－－,10.0,360.0,0.0,40.0,0.0,0.0,-1150.0,2980.0,yonden
2017,5,2017-05-20,18:00,2890.0,880.0,2610.0,400.0,－－－－－－－－－－,10.0,60.0,0.0,40.0,0.0,0.0,-1110.0,2890.0,yonden
2017,5,2017-05-20,19:00,2890.0,880.0,2610.0,400.0,－－－－－－－－－－,10.0,0.0,0.0,50.0,0.0,0.0,-1060.0,2890.0,yonden
2017,5,2017-05-20,20:00,2750.0,880.0,2460.0,290.0,－－－－－－－－－－,10.0,0.0,0.0,60.0,0.0,0.0,-950.0,2750.0,yonden
2017,5,2017-05-20,21:00,2580.0,880.0,2300.0,200.0,－－－－－－－－－－,10.0,0.0,0.0,60.0,0.0,0.0,-870.0,2580.0,yonden
2017,5,2017-05-20,22:00,2390.0,880.0,2130.0,170.0,－－－－－－－－－－,10.0,0.0,0.0,60.0,0.0,0.0,-860.0,2390.0,yonden
2017,5,2017-05-20,23:00,2280.0,880.0,2080.0,150.0,－－－－－－－－－－,10.0,0.0,0.0,60.0,0.0,0.0,-900.0,2280.0,yonden
2017,5,2017-05-21,00:00,2170.0,880.0,2010.0,140.0,－－－－－－－－－－,10.0,0.0,0.0,40.0,0.0,0.0,-910.0,2170.0,yonden
2017,5,2017-05-21,01:00,2160.0,880.0,2010.0,130.0,－－－－－－－－－－,10.0,0.0,0.0,40.0,0.0,0.0,-910.0,2160.0,yonden
2017,5,2017-05-21,02:00,2340.0,880.0,2070.0,140.0,－－－－－－－－－－,10.0,0.0,0.0,30.0,0.0,0.0,-790.0,2340.0,yonden
2017,5,2017-05-21,03:00,2570.0,880.0,2120.0,230.0,－－－－－－－－－－,10.0,0.0,0.0,20.0,0.0,0.0,-690.0,2570.0,yonden
2017,5,2017-05-21,04:00,2670.0,880.0,2190.0,270.0,－－－－－－－－－－,10.0,0.0,0.0,10.0,0.0,0.0,-690.0,2670.0,yonden
2017,5,2017-05-21,05:00,2510.0,890.0,2100.0,240.0,－－－－－－－－－－,10.0,50.0,0.0,10.0,0.0,0.0,-790.0,2510.0,yonden
2017,5,2017-05-21,06:00,2260.0,890.0,2080.0,240.0,－－－－－－－－－－,0.0,260.0,0.0,10.0,0.0,-210.0,-1010.0,2260.0,yonden
2017,5,2017-05-21,07:00,2110.0,890.0,2120.0,180.0,－－－－－－－－－－,0.0,520.0,0.0,0.0,0.0,-300.0,-1300.0,2110.0,yonden
2017,5,2017-05-21,08:00,2220.0,880.0,2220.0,160.0,－－－－－－－－－－,0.0,770.0,0.0,0.0,0.0,-300.0,-1510.0,2220.0,yonden
2017,5,2017-05-21,09:00,2390.0,880.0,2270.0,200.0,－－－－－－－－－－,0.0,970.0,0.0,0.0,0.0,-300.0,-1630.0,2390.0,yonden
2017,5,2017-05-21,10:00,2490.0,880.0,2280.0,260.0,－－－－－－－－－－,0.0,1040.0,0.0,10.0,0.0,-300.0,-1680.0,2490.0,yonden
2017,5,2017-05-21,11:00,2520.0,880.0,2080.0,220.0,－－－－－－－－－－,0.0,1220.0,0.0,10.0,0.0,-300.0,-1590.0,2520.0,yonden
2017,5,2017-05-21,12:00,2590.0,880.0,2180.0,200.0,－－－－－－－－－－,0.0,1340.0,0.0,30.0,0.0,-470.0,-1570.0,2590.0,yonden
2017,5,2017-05-21,13:00,2590.0,880.0,2350.0,250.0,－－－－－－－－－－,0.0,1310.0,0.0,30.0,0.0,-560.0,-1670.0,2590.0,yonden
2017,5,2017-05-21,14:00,2600.0,880.0,2290.0,160.0,－－－－－－－－－－,0.0,1090.0,0.0,40.0,0.0,-300.0,-1560.0,2600.0,yonden
2017,5,2017-05-21,15:00,2570.0,880.0,2390.0,190.0,－－－－－－－－－－,0.0,760.0,0.0,50.0,0.0,-100.0,-1600.0,2570.0,yonden
2017,5,2017-05-21,16:00,2560.0,880.0,2330.0,160.0,－－－－－－－－－－,0.0,520.0,0.0,50.0,0.0,0.0,-1380.0,2560.0,yonden
2017,5,2017-05-21,17:00,2630.0,890.0,2390.0,240.0,－－－－－－－－－－,0.0,240.0,0.0,60.0,0.0,0.0,-1190.0,2630.0,yonden
2017,5,2017-05-21,18:00,2750.0,880.0,2530.0,410.0,－－－－－－－－－－,0.0,50.0,0.0,60.0,0.0,90.0,-1270.0,2750.0,yonden
2017,5,2017-05-21,19:00,2800.0,880.0,2500.0,380.0,－－－－－－－－－－,0.0,0.0,0.0,60.0,0.0,210.0,-1230.0,2800.0,yonden
2017,5,2017-05-21,20:00,2690.0,880.0,2500.0,260.0,－－－－－－－－－－,0.0,0.0,0.0,60.0,0.0,80.0,-1090.0,2690.0,yonden
2017,5,2017-05-21,21:00,2490.0,880.0,2360.0,220.0,－－－－－－－－－－,0.0,0.0,0.0,50.0,0.0,0.0,-1020.0,2490.0,yonden
2017,5,2017-05-21,22:00,2320.0,880.0,2150.0,170.0,－－－－－－－－－－,0.0,0.0,0.0,40.0,0.0,0.0,-920.0,2320.0,yonden
2017,5,2017-05-21,23:00,2230.0,890.0,2090.0,140.0,－－－－－－－－－－,0.0,0.0,0.0,30.0,0.0,0.0,-920.0,2230.0,yonden
2017,5,2017-05-22,00:00,2140.0,880.0,2210.0,140.0,－－－－－－－－－－,0.0,0.0,0.0,20.0,0.0,0.0,-1110.0,2140.0,yonden
2017,5,2017-05-22,01:00,2150.0,880.0,2280.0,130.0,－－－－－－－－－－,0.0,0.0,0.0,20.0,0.0,0.0,-1160.0,2150.0,yonden
2017,5,2017-05-22,02:00,2340.0,880.0,2270.0,170.0,－－－－－－－－－－,0.0,0.0,0.0,20.0,0.0,0.0,-1000.0,2340.0,yonden
2017,5,2017-05-22,03:00,2590.0,890.0,2310.0,350.0,－－－－－－－－－－,0.0,0.0,0.0,20.0,0.0,0.0,-980.0,2590.0,yonden
2017,5,2017-05-22,04:00,2700.0,890.0,2340.0,360.0,－－－－－－－－－－,0.0,0.0,0.0,20.0,0.0,0.0,-910.0,2700.0,yonden
2017,5,2017-05-22,05:00,2630.0,890.0,2320.0,230.0,－－－－－－－－－－,0.0,60.0,0.0,10.0,0.0,0.0,-880.0,2630.0,yonden
2017,5,2017-05-22,06:00,2490.0,880.0,2180.0,200.0,－－－－－－－－－－,0.0,320.0,0.0,10.0,0.0,0.0,-1100.0,2490.0,yonden
2017,5,2017-05-22,07:00,2450.0,880.0,2120.0,140.0,－－－－－－－－－－,0.0,650.0,0.0,10.0,0.0,0.0,-1350.0,2450.0,yonden
2017,5,2017-05-22,08:00,2840.0,880.0,2350.0,200.0,－－－－－－－－－－,0.0,980.0,0.0,0.0,0.0,0.0,-1570.0,2840.0,yonden
2017,5,2017-05-22,09:00,3130.0,880.0,2470.0,200.0,－－－－－－－－－－,0.0,1240.0,0.0,0.0,0.0,0.0,-1660.0,3130.0,yonden
2017,5,2017-05-22,10:00,3250.0,880.0,2580.0,180.0,－－－－－－－－－－,0.0,1420.0,0.0,0.0,0.0,-290.0,-1520.0,3250.0,yonden
2017,5,2017-05-22,11:00,3310.0,880.0,2630.0,180.0,－－－－－－－－－－,0.0,1490.0,0.0,0.0,0.0,-290.0,-1580.0,3310.0,yonden
2017,5,2017-05-22,12:00,3150.0,880.0,2640.0,150.0,－－－－－－－－－－,0.0,1500.0,0.0,0.0,0.0,-270.0,-1750.0,3150.0,yonden
2017,5,2017-05-22,13:00,3380.0,880.0,2650.0,170.0,－－－－－－－－－－,0.0,1450.0,0.0,10.0,0.0,0.0,-1780.0,3380.0,yonden
2017,5,2017-05-22,14:00,3430.0,880.0,2760.0,160.0,－－－－－－－－－－,0.0,1310.0,0.0,30.0,0.0,0.0,-1710.0,3430.0,yonden
2017,5,2017-05-22,15:00,3430.0,880.0,2950.0,210.0,－－－－－－－－－－,0.0,1070.0,0.0,40.0,0.0,0.0,-1720.0,3430.0,yonden
2017,5,2017-05-22,16:00,3460.0,880.0,3080.0,360.0,－－－－－－－－－－,0.0,740.0,0.0,40.0,0.0,0.0,-1640.0,3460.0,yonden
2017,5,2017-05-22,17:00,3350.0,880.0,3130.0,500.0,－－－－－－－－－－,0.0,380.0,0.0,40.0,0.0,0.0,-1580.0,3350.0,yonden
2017,5,2017-05-22,18:00,3230.0,880.0,3140.0,570.0,－－－－－－－－－－,0.0,70.0,0.0,40.0,0.0,0.0,-1470.0,3230.0,yonden
2017,5,2017-05-22,19:00,3150.0,880.0,3100.0,450.0,－－－－－－－－－－,0.0,0.0,0.0,40.0,0.0,0.0,-1320.0,3150.0,yonden
2017,5,2017-05-22,20:00,2990.0,880.0,2950.0,290.0,－－－－－－－－－－,0.0,0.0,0.0,50.0,0.0,0.0,-1180.0,2990.0,yonden
2017,5,2017-05-22,21:00,2790.0,880.0,2760.0,230.0,－－－－－－－－－－,0.0,0.0,0.0,40.0,0.0,0.0,-1120.0,2790.0,yonden
2017,5,2017-05-22,22:00,2610.0,880.0,2570.0,190.0,－－－－－－－－－－,0.0,0.0,0.0,30.0,0.0,0.0,-1060.0,2610.0,yonden
2017,5,2017-05-22,23:00,2480.0,880.0,2480.0,150.0,－－－－－－－－－－,0.0,0.0,0.0,30.0,0.0,0.0,-1060.0,2480.0,yonden
2017,5,2017-05-23,00:00,2350.0,880.0,2430.0,120.0,－－－－－－－－－－,0.0,0.0,0.0,40.0,0.0,0.0,-1120.0,2350.0,yonden
2017,5,2017-05-23,01:00,2340.0,880.0,2400.0,120.0,－－－－－－－－－－,0.0,0.0,0.0,30.0,0.0,0.0,-1090.0,2340.0,yonden
2017,5,2017-05-23,02:00,2510.0,880.0,2380.0,170.0,－－－－－－－－－－,0.0,0.0,0.0,20.0,0.0,0.0,-940.0,2510.0,yonden
2017,5,2017-05-23,03:00,2750.0,880.0,2430.0,260.0,－－－－－－－－－－,0.0,0.0,0.0,20.0,0.0,0.0,-840.0,2750.0,yonden
2017,5,2017-05-23,04:00,2870.0,880.0,2530.0,280.0,－－－－－－－－－－,0.0,0.0,0.0,10.0,0.0,0.0,-830.0,2870.0,yonden
2017,5,2017-05-23,05:00,2790.0,880.0,2470.0,230.0,－－－－－－－－－－,0.0,60.0,0.0,10.0,0.0,0.0,-860.0,2790.0,yonden
2017,5,2017-05-23,06:00,2630.0,880.0,2330.0,230.0,－－－－－－－－－－,0.0,320.0,0.0,0.0,0.0,0.0,-1130.0,2630.0,yonden
2017,5,2017-05-23,07:00,2590.0,880.0,2300.0,140.0,－－－－－－－－－－,0.0,660.0,0.0,0.0,0.0,0.0,-1390.0,2590.0,yonden
2017,5,2017-05-23,08:00,2970.0,880.0,2520.0,140.0,－－－－－－－－－－,0.0,980.0,0.0,0.0,0.0,0.0,-1550.0,2970.0,yonden
2017,5,2017-05-23,09:00,3210.0,880.0,2540.0,150.0,－－－－－－－－－－,0.0,1220.0,0.0,10.0,0.0,0.0,-1590.0,3210.0,yonden
2017,5,2017-05-23,10:00,3330.0,880.0,2510.0,160.0,－－－－－－－－－－,0.0,1400.0,0.0,10.0,0.0,-100.0,-1530.0,3330.0,yonden
2017,5,2017-05-23,11:00,3390.0,880.0,2590.0,190.0,－－－－－－－－－－,0.0,1450.0,0.0,10.0,0.0,-290.0,-1440.0,3390.0,yonden
2017,5,2017-05-23,12:00,3240.0,880.0,2430.0,140.0,－－－－－－－－－－,0.0,1420.0,0.0,30.0,0.0,-130.0,-1530.0,3240.0,yonden
2017,5,2017-05-23,13:00,3430.0,880.0,2470.0,140.0,－－－－－－－－－－,0.0,1270.0,0.0,40.0,0.0,0.0,-1370.0,3430.0,yonden
2017,5,2017-05-23,14:00,3470.0,880.0,2710.0,170.0,－－－－－－－－－－,0.0,1020.0,0.0,40.0,0.0,0.0,-1350.0,3470.0,yonden
2017,5,2017-05-23,15:00,3410.0,880.0,2990.0,260.0,－－－－－－－－－－,0.0,660.0,0.0,40.0,0.0,0.0,-1420.0,3410.0,yonden
2017,5,2017-05-23,16:00,3380.0,880.0,2990.0,360.0,－－－－－－－－－－,0.0,380.0,0.0,40.0,0.0,210.0,-1480.0,3380.0,yonden
2017,5,2017-05-23,17:00,3300.0,880.0,2900.0,410.0,－－－－－－－－－－,0.0,260.0,0.0,40.0,0.0,230.0,-1420.0,3300.0,yonden
2017,5,2017-05-23,18:00,3240.0,880.0,2960.0,500.0,－－－－－－－－－－,0.0,60.0,0.0,40.0,0.0,230.0,-1430.0,3240.0,yonden
2017,5,2017-05-23,19:00,3170.0,880.0,2880.0,450.0,－－－－－－－－－－,0.0,0.0,0.0,30.0,0.0,220.0,-1290.0,3170.0,yonden
2017,5,2017-05-23,20:00,3010.0,890.0,2870.0,370.0,－－－－－－－－－－,0.0,0.0,0.0,20.0,0.0,0.0,-1140.0,3010.0,yonden
2017,5,2017-05-23,21:00,2800.0,880.0,2800.0,250.0,－－－－－－－－－－,0.0,0.0,0.0,20.0,0.0,0.0,-1150.0,2800.0,yonden
2017,5,2017-05-23,22:00,2590.0,880.0,2680.0,180.0,－－－－－－－－－－,0.0,0.0,0.0,10.0,0.0,0.0,-1160.0,2590.0,yonden
2017,5,2017-05-23,23:00,2480.0,880.0,2580.0,150.0,－－－－－－－－－－,0.0,0.0,0.0,10.0,0.0,0.0,-1140.0,2480.0,yonden
2017,5,2017-05-24,00:00,2340.0,880.0,2390.0,120.0,－－－－－－－－－－,0.0,0.0,0.0,10.0,0.0,0.0,-1060.0,2340.0,yonden
2017,5,2017-05-24,01:00,2350.0,880.0,2390.0,110.0,－－－－－－－－－－,0.0,0.0,0.0,10.0,0.0,0.0,-1040.0,2350.0,yonden
2017,5,2017-05-24,02:00,2540.0,880.0,2400.0,170.0,－－－－－－－－－－,0.0,0.0,0.0,0.0,0.0,0.0,-910.0,2540.0,yonden
2017,5,2017-05-24,03:00,2780.0,880.0,2510.0,240.0,－－－－－－－－－－,0.0,0.0,0.0,0.0,0.0,0.0,-850.0,2780.0,yonden
2017,5,2017-05-24,04:00,2890.0,880.0,2550.0,240.0,－－－－－－－－－－,0.0,0.0,0.0,0.0,0.0,0.0,-780.0,2890.0,yonden
2017,5,2017-05-24,05:00,2830.0,880.0,2510.0,180.0,－－－－－－－－－－,0.0,30.0,0.0,0.0,0.0,0.0,-770.0,2830.0,yonden
2017,5,2017-05-24,06:00,2700.0,880.0,2510.0,160.0,－－－－－－－－－－,0.0,70.0,0.0,0.0,0.0,0.0,-920.0,2700.0,yonden
2017,5,2017-05-24,07:00,2700.0,880.0,2650.0,120.0,－－－－－－－－－－,0.0,100.0,0.0,0.0,0.0,0.0,-1050.0,2700.0,yonden
2017,5,2017-05-24,08:00,3070.0,890.0,3050.0,140.0,－－－－－－－－－－,0.0,150.0,0.0,0.0,0.0,0.0,-1160.0,3070.0,yonden
2017,5,2017-05-24,09:00,3280.0,890.0,3200.0,190.0,－－－－－－－－－－,0.0,220.0,0.0,0.0,0.0,0.0,-1220.0,3280.0,yonden
2017,5,2017-05-24,10:00,3360.0,890.0,3280.0,210.0,－－－－－－－－－－,0.0,290.0,0.0,0.0,0.0,0.0,-1310.0,3360.0,yonden
2017,5,2017-05-24,11:00,3390.0,890.0,3240.0,180.0,－－－－－－－－－－,0.0,350.0,0.0,0.0,0.0,0.0,-1270.0,3390.0,yonden
2017,5,2017-05-24,12:00,3240.0,890.0,3110.0,160.0,－－－－－－－－－－,0.0,270.0,0.0,0.0,0.0,0.0,-1190.0,3240.0,yonden
2017,5,2017-05-24,13:00,3410.0,880.0,3280.0,240.0,－－－－－－－－－－,0.0,180.0,0.0,0.0,0.0,110.0,-1280.0,3410.0,yonden
2017,5,2017-05-24,14:00,3390.0,890.0,3230.0,240.0,－－－－－－－－－－,0.0,150.0,0.0,0.0,0.0,140.0,-1260.0,3390.0,yonden
2017,5,2017-05-24,15:00,3310.0,890.0,3190.0,300.0,－－－－－－－－－－,0.0,120.0,0.0,0.0,0.0,140.0,-1330.0,3310.0,yonden
2017,5,2017-05-24,16:00,3320.0,890.0,3230.0,300.0,－－－－－－－－－－,0.0,90.0,0.0,0.0,0.0,140.0,-1330.0,3320.0,yonden
2017,5,2017-05-24,17:00,3240.0,890.0,3170.0,430.0,－－－－－－－－－－,0.0,60.0,0.0,0.0,0.0,10.0,-1320.0,3240.0,yonden
2017,5,2017-05-24,18:00,3250.0,890.0,3170.0,560.0,－－－－－－－－－－,0.0,10.0,0.0,0.0,0.0,0.0,-1380.0,3250.0,yonden
2017,5,2017-05-24,19:00,3160.0,890.0,3070.0,490.0,－－－－－－－－－－,0.0,0.0,0.0,0.0,0.0,0.0,-1290.0,3160.0,yonden
2017,5,2017-05-24,20:00,3000.0,890.0,2850.0,420.0,－－－－－－－－－－,0.0,0.0,0.0,10.0,0.0,0.0,-1170.0,3000.0,yonden
2017,5,2017-05-24,21:00,2810.0,880.0,2680.0,310.0,－－－－－－－－－－,0.0,0.0,0.0,10.0,0.0,0.0,-1070.0,2810.0,yonden
2017,5,2017-05-24,22:00,2600.0,880.0,2450.0,210.0,－－－－－－－－－－,0.0,0.0,0.0,10.0,0.0,0.0,-950.0,2600.0,yonden
2017,5,2017-05-24,23:00,2480.0,880.0,2380.0,180.0,－－－－－－－－－－,0.0,0.0,0.0,10.0,0.0,-150.0,-820.0,2480.0,yonden
2017,5,2017-05-25,00:00,2380.0,880.0,2490.0,160.0,－－－－－－－－－－,0.0,0.0,0.0,0.0,0.0,-300.0,-850.0,2380.0,yonden
2017,5,2017-05-25,01:00,2370.0,880.0,2450.0,180.0,－－－－－－－－－－,0.0,0.0,0.0,0.0,0.0,-300.0,-840.0,2370.0,yonden
2017,5,2017-05-25,02:00,2540.0,880.0,2290.0,190.0,－－－－－－－－－－,0.0,0.0,0.0,0.0,0.0,-70.0,-750.0,2540.0,yonden
2017,5,2017-05-25,03:00,2770.0,880.0,2460.0,220.0,－－－－－－－－－－,0.0,0.0,0.0,0.0,0.0,0.0,-790.0,2770.0,yonden
2017,5,2017-05-25,04:00,2880.0,880.0,2570.0,250.0,－－－－－－－－－－,0.0,0.0,0.0,0.0,0.0,0.0,-820.0,2880.0,yonden
2017,5,2017-05-25,05:00,2830.0,880.0,2480.0,240.0,－－－－－－－－－－,0.0,30.0,0.0,10.0,0.0,0.0,-810.0,2830.0,yonden
2017,5,2017-05-25,06:00,2690.0,880.0,2340.0,270.0,－－－－－－－－－－,0.0,80.0,0.0,10.0,0.0,0.0,-890.0,2690.0,yonden
2017,5,2017-05-25,07:00,2660.0,880.0,2290.0,250.0,－－－－－－－－－－,0.0,180.0,0.0,0.0,0.0,0.0,-940.0,2660.0,yonden
2017,5,2017-05-25,08:00,3010.0,880.0,2620.0,310.0,－－－－－－－－－－,0.0,310.0,0.0,20.0,0.0,0.0,-1130.0,3010.0,yonden
2017,5,2017-05-25,09:00,3190.0,880.0,2730.0,370.0,－－－－－－－－－－,0.0,420.0,0.0,10.0,0.0,0.0,-1220.0,3190.0,yonden
2017,5,2017-05-25,10:00,3260.0,880.0,2730.0,360.0,－－－－－－－－－－,0.0,530.0,0.0,10.0,0.0,0.0,-1250.0,3260.0,yonden
2017,5,2017-05-25,11:00,3290.0,880.0,2730.0,340.0,－－－－－－－－－－,0.0,640.0,0.0,10.0,0.0,0.0,-1310.0,3290.0,yonden
2017,5,2017-05-25,12:00,3090.0,880.0,2620.0,360.0,－－－－－－－－－－,0.0,740.0,0.0,0.0,0.0,-190.0,-1320.0,3090.0,yonden
2017,5,2017-05-25,13:00,3240.0,880.0,2660.0,360.0,－－－－－－－－－－,0.0,750.0,0.0,0.0,0.0,0.0,-1410.0,3240.0,yonden
2017,5,2017-05-25,14:00,3300.0,880.0,2650.0,380.0,－－－－－－－－－－,0.0,810.0,0.0,0.0,0.0,0.0,-1420.0,3300.0,yonden
2017,5,2017-05-25,15:00,3300.0,880.0,2690.0,380.0,－－－－－－－－－－,10.0,660.0,0.0,0.0,0.0,0.0,-1320.0,3300.0,yonden
2017,5,2017-05-25,16:00,3270.0,880.0,2720.0,450.0,－－－－－－－－－－,10.0,430.0,0.0,0.0,0.0,0.0,-1220.0,3270.0,yonden
2017,5,2017-05-25,17:00,3230.0,880.0,2770.0,520.0,－－－－－－－－－－,10.0,200.0,0.0,0.0,0.0,180.0,-1330.0,3230.0,yonden
2017,5,2017-05-25,18:00,3220.0,880.0,2770.0,610.0,－－－－－－－－－－,10.0,40.0,0.0,0.0,0.0,260.0,-1350.0,3220.0,yonden
2017,5,2017-05-25,19:00,3190.0,880.0,2770.0,550.0,－－－－－－－－－－,10.0,0.0,0.0,0.0,0.0,240.0,-1260.0,3190.0,yonden
2017,5,2017-05-25,20:00,3030.0,880.0,2750.0,340.0,－－－－－－－－－－,10.0,0.0,0.0,0.0,0.0,170.0,-1120.0,3030.0,yonden
2017,5,2017-05-25,21:00,2830.0,880.0,2710.0,290.0,－－－－－－－－－－,10.0,0.0,0.0,0.0,0.0,30.0,-1090.0,2830.0,yonden
2017,5,2017-05-25,22:00,2640.0,880.0,2510.0,250.0,－－－－－－－－－－,10.0,0.0,0.0,0.0,0.0,-150.0,-860.0,2640.0,yonden
2017,5,2017-05-25,23:00,2530.0,880.0,2470.0,230.0,－－－－－－－－－－,10.0,0.0,0.0,10.0,0.0,-300.0,-770.0,2530.0,yonden
2017,5,2017-05-26,00:00,2400.0,880.0,2480.0,220.0,－－－－－－－－－－,10.0,0.0,0.0,0.0,0.0,-300.0,-890.0,2400.0,yonden
2017,5,2017-05-26,01:00,2390.0,880.0,2520.0,210.0,－－－－－－－－－－,10.0,0.0,0.0,0.0,0.0,-300.0,-930.0,2390.0,yonden
2017,5,2017-05-26,02:00,2550.0,880.0,2460.0,230.0,－－－－－－－－－－,10.0,0.0,0.0,0.0,0.0,-150.0,-880.0,2550.0,yonden
2017,5,2017-05-26,03:00,2790.0,880.0,2560.0,330.0,－－－－－－－－－－,10.0,0.0,0.0,0.0,0.0,0.0,-990.0,2790.0,yonden
2017,5,2017-05-26,04:00,2900.0,890.0,2550.0,340.0,－－－－－－－－－－,10.0,0.0,0.0,0.0,0.0,0.0,-890.0,2900.0,yonden
2017,5,2017-05-26,05:00,2830.0,880.0,2490.0,260.0,－－－－－－－－－－,10.0,60.0,0.0,10.0,0.0,0.0,-880.0,2830.0,yonden
2017,5,2017-05-26,06:00,2710.0,890.0,2410.0,240.0,－－－－－－－－－－,10.0,280.0,0.0,20.0,0.0,0.0,-1140.0,2710.0,yonden
2017,5,2017-05-26,07:00,2670.0,890.0,2340.0,190.0,－－－－－－－－－－,10.0,570.0,0.0,20.0,0.0,0.0,-1350.0,2670.0,yonden
2017,5,2017-05-26,08:00,3020.0,890.0,2600.0,190.0,－－－－－－－－－－,10.0,880.0,0.0,30.0,0.0,0.0,-1580.0,3020.0,yonden
2017,5,2017-05-26,09:00,3240.0,890.0,2710.0,220.0,－－－－－－－－－－,10.0,1150.0,0.0,30.0,0.0,0.0,-1770.0,3240.0,yonden
2017,5,2017-05-26,10:00,3340.0,880.0,2670.0,200.0,－－－－－－－－－－,10.0,1340.0,0.0,30.0,0.0,0.0,-1790.0,3340.0,yonden
2017,5,2017-05-26,11:00,3390.0,880.0,2610.0,210.0,－－－－－－－－－－,10.0,1440.0,0.0,30.0,0.0,0.0,-1790.0,3390.0,yonden
2017,5,2017-05-26,12:00,3230.0,880.0,2470.0,200.0,－－－－－－－－－－,10.0,1420.0,0.0,40.0,0.0,0.0,-1790.0,3230.0,yonden
2017,5,2017-05-26,13:00,3420.0,880.0,2740.0,240.0,－－－－－－－－－－,10.0,1250.0,0.0,50.0,0.0,0.0,-1750.0,3420.0,yonden
2017,5,2017-05-26,14:00,3400.0,880.0,2770.0,270.0,－－－－－－－－－－,10.0,1050.0,0.0,60.0,0.0,0.0,-1640.0,3400.0,yonden
2017,5,2017-05-26,15:00,3400.0,880.0,2860.0,310.0,－－－－－－－－－－,10.0,870.0,0.0,60.0,0.0,0.0,-1590.0,3400.0,yonden
2017,5,2017-05-26,16:00,3370.0,890.0,2850.0,430.0,－－－－－－－－－－,10.0,620.0,0.0,70.0,0.0,100.0,-1600.0,3370.0,yonden
2017,5,2017-05-26,17:00,3240.0,880.0,2740.0,480.0,－－－－－－－－－－,10.0,340.0,0.0,70.0,0.0,160.0,-1440.0,3240.0,yonden
2017,5,2017-05-26,18:00,3140.0,880.0,2710.0,580.0,－－－－－－－－－－,10.0,70.0,0.0,70.0,0.0,170.0,-1350.0,3140.0,yonden
2017,5,2017-05-26,19:00,3090.0,880.0,2560.0,550.0,－－－－－－－－－－,10.0,0.0,0.0,90.0,0.0,140.0,-1140.0,3090.0,yonden
2017,5,2017-05-26,20:00,2940.0,880.0,2510.0,460.0,－－－－－－－－－－,10.0,0.0,0.0,80.0,0.0,110.0,-1110.0,2940.0,yonden
2017,5,2017-05-26,21:00,2740.0,880.0,2480.0,350.0,－－－－－－－－－－,10.0,0.0,0.0,60.0,0.0,0.0,-1040.0,2740.0,yonden
2017,5,2017-05-26,22:00,2520.0,890.0,2210.0,170.0,－－－－－－－－－－,10.0,0.0,0.0,50.0,0.0,0.0,-810.0,2520.0,yonden
2017,5,2017-05-26,23:00,2400.0,890.0,2040.0,160.0,－－－－－－－－－－,10.0,0.0,0.0,60.0,0.0,0.0,-760.0,2400.0,yonden
2017,5,2017-05-27,00:00,2290.0,890.0,1930.0,150.0,－－－－－－－－－－,10.0,0.0,0.0,60.0,0.0,0.0,-750.0,2290.0,yonden
2017,5,2017-05-27,01:00,2290.0,890.0,1960.0,140.0,－－－－－－－－－－,10.0,0.0,0.0,60.0,0.0,0.0,-770.0,2290.0,yonden
2017,5,2017-05-27,02:00,2430.0,890.0,2020.0,160.0,－－－－－－－－－－,10.0,0.0,0.0,80.0,0.0,0.0,-730.0,2430.0,yonden
2017,5,2017-05-27,03:00,2690.0,890.0,2120.0,280.0,－－－－－－－－－－,10.0,0.0,0.0,90.0,0.0,0.0,-700.0,2690.0,yonden
2017,5,2017-05-27,04:00,2810.0,890.0,2200.0,310.0,－－－－－－－－－－,10.0,0.0,0.0,80.0,0.0,0.0,-680.0,2810.0,yonden
2017,5,2017-05-27,05:00,2720.0,890.0,2150.0,230.0,－－－－－－－－－－,10.0,60.0,0.0,70.0,0.0,0.0,-690.0,2720.0,yonden
2017,5,2017-05-27,06:00,2490.0,890.0,1840.0,210.0,－－－－－－－－－－,10.0,340.0,0.0,70.0,0.0,-20.0,-850.0,2490.0,yonden
2017,5,2017-05-27,07:00,2310.0,890.0,1730.0,180.0,－－－－－－－－－－,10.0,660.0,0.0,50.0,0.0,-80.0,-1130.0,2310.0,yonden
2017,5,2017-05-27,08:00,2520.0,890.0,2070.0,200.0,－－－－－－－－－－,10.0,1000.0,0.0,40.0,0.0,-300.0,-1390.0,2520.0,yonden
2017,5,2017-05-27,09:00,2700.0,880.0,1900.0,190.0,－－－－－－－－－－,10.0,1240.0,0.0,30.0,0.0,0.0,-1550.0,2700.0,yonden
2017,5,2017-05-27,10:00,2780.0,880.0,1920.0,180.0,－－－－－－－－－－,10.0,1390.0,0.0,30.0,0.0,0.0,-1630.0,2780.0,yonden
2017,5,2017-05-27,11:00,2860.0,880.0,2030.0,140.0,－－－－－－－－－－,10.0,1450.0,0.0,20.0,0.0,0.0,-1670.0,2860.0,yonden
2017,5,2017-05-27,12:00,2780.0,880.0,2040.0,140.0,－－－－－－－－－－,10.0,1460.0,0.0,20.0,0.0,0.0,-1770.0,2780.0,yonden
2017,5,2017-05-27,13:00,2820.0,880.0,1940.0,130.0,－－－－－－－－－－,10.0,1400.0,0.0,20.0,0.0,0.0,-1560.0,2820.0,yonden
2017,5,2017-05-27,14:00,2790.0,880.0,1830.0,140.0,－－－－－－－－－－,10.0,1270.0,0.0,20.0,0.0,0.0,-1360.0,2790.0,yonden
2017,5,2017-05-27,15:00,2780.0,880.0,1850.0,150.0,－－－－－－－－－－,10.0,1040.0,0.0,10.0,0.0,0.0,-1160.0,2780.0,yonden
2017,5,2017-05-27,16:00,2840.0,890.0,2130.0,180.0,－－－－－－－－－－,10.0,740.0,0.0,10.0,0.0,0.0,-1120.0,2840.0,yonden
2017,5,2017-05-27,17:00,2840.0,880.0,2270.0,220.0,－－－－－－－－－－,10.0,400.0,0.0,10.0,0.0,0.0,-950.0,2840.0,yonden
2017,5,2017-05-27,18:00,2780.0,880.0,2190.0,340.0,－－－－－－－－－－,10.0,90.0,0.0,10.0,0.0,100.0,-840.0,2780.0,yonden
2017,5,2017-05-27,19:00,2790.0,880.0,2220.0,280.0,－－－－－－－－－－,10.0,0.0,0.0,10.0,0.0,240.0,-850.0,2790.0,yonden
2017,5,2017-05-27,20:00,2700.0,880.0,2270.0,250.0,－－－－－－－－－－,10.0,0.0,0.0,10.0,0.0,130.0,-850.0,2700.0,yonden
2017,5,2017-05-27,21:00,2540.0,880.0,2220.0,240.0,－－－－－－－－－－,10.0,0.0,0.0,10.0,0.0,0.0,-820.0,2540.0,yonden
2017,5,2017-05-27,22:00,2360.0,880.0,1980.0,170.0,－－－－－－－－－－,10.0,0.0,0.0,10.0,0.0,0.0,-690.0,2360.0,yonden
2017,5,2017-05-27,23:00,2260.0,880.0,1920.0,150.0,－－－－－－－－－－,10.0,0.0,0.0,10.0,0.0,0.0,-710.0,2260.0,yonden
2017,5,2017-05-28,00:00,2170.0,880.0,1970.0,150.0,－－－－－－－－－－,10.0,0.0,0.0,10.0,0.0,0.0,-850.0,2170.0,yonden
2017,5,2017-05-28,01:00,2160.0,880.0,1940.0,150.0,－－－－－－－－－－,10.0,0.0,0.0,10.0,0.0,0.0,-830.0,2160.0,yonden
2017,5,2017-05-28,02:00,2330.0,880.0,1990.0,180.0,－－－－－－－－－－,10.0,0.0,0.0,0.0,0.0,0.0,-730.0,2330.0,yonden
2017,5,2017-05-28,03:00,2580.0,880.0,2110.0,270.0,－－－－－－－－－－,10.0,0.0,0.0,0.0,0.0,0.0,-690.0,2580.0,yonden
2017,5,2017-05-28,04:00,2690.0,880.0,2200.0,310.0,－－－－－－－－－－,10.0,0.0,0.0,0.0,0.0,0.0,-710.0,2690.0,yonden
2017,5,2017-05-28,05:00,2570.0,880.0,2150.0,210.0,－－－－－－－－－－,10.0,60.0,0.0,0.0,0.0,0.0,-740.0,2570.0,yonden
2017,5,2017-05-28,06:00,2280.0,880.0,1920.0,170.0,－－－－－－－－－－,10.0,330.0,0.0,0.0,0.0,0.0,-1030.0,2280.0,yonden
2017,5,2017-05-28,07:00,2070.0,880.0,1750.0,130.0,－－－－－－－－－－,10.0,660.0,0.0,0.0,0.0,-50.0,-1310.0,2070.0,yonden
2017,5,2017-05-28,08:00,2170.0,880.0,1940.0,130.0,－－－－－－－－－－,10.0,980.0,0.0,10.0,0.0,-300.0,-1480.0,2170.0,yonden
2017,5,2017-05-28,09:00,2300.0,880.0,1950.0,160.0,－－－－－－－－－－,10.0,1250.0,0.0,10.0,0.0,-300.0,-1660.0,2300.0,yonden
2017,5,2017-05-28,10:00,2390.0,880.0,1970.0,160.0,－－－－－－－－－－,10.0,1410.0,0.0,10.0,0.0,-300.0,-1750.0,2390.0,yonden
2017,5,2017-05-28,11:00,2450.0,880.0,1980.0,140.0,－－－－－－－－－－,10.0,1480.0,0.0,10.0,0.0,-300.0,-1750.0,2450.0,yonden
2017,5,2017-05-28,12:00,2490.0,880.0,2000.0,140.0,－－－－－－－－－－,10.0,1500.0,0.0,10.0,0.0,-300.0,-1750.0,2490.0,yonden
2017,5,2017-05-28,13:00,2470.0,880.0,1990.0,120.0,－－－－－－－－－－,10.0,1440.0,0.0,10.0,0.0,-300.0,-1680.0,2470.0,yonden
2017,5,2017-05-28,14:00,2450.0,880.0,1870.0,130.0,－－－－－－－－－－,10.0,1300.0,0.0,0.0,0.0,-290.0,-1450.0,2450.0,yonden
2017,5,2017-05-28,15:00,2460.0,880.0,1880.0,150.0,－－－－－－－－－－,10.0,1030.0,0.0,0.0,0.0,-290.0,-1200.0,2460.0,yonden
2017,5,2017-05-28,16:00,2490.0,880.0,1950.0,180.0,－－－－－－－－－－,10.0,690.0,0.0,0.0,0.0,-250.0,-970.0,2490.0,yonden
2017,5,2017-05-28,17:00,2540.0,880.0,1850.0,240.0,－－－－－－－－－－,10.0,320.0,0.0,0.0,0.0,0.0,-760.0,2540.0,yonden
2017,5,2017-05-28,18:00,2580.0,880.0,2090.0,300.0,－－－－－－－－－－,10.0,40.0,0.0,0.0,0.0,170.0,-910.0,2580.0,yonden
2017,5,2017-05-28,19:00,2720.0,880.0,2240.0,310.0,－－－－－－－－－－,10.0,0.0,0.0,0.0,0.0,190.0,-910.0,2720.0,yonden
2017,5,2017-05-28,20:00,2650.0,880.0,2140.0,280.0,－－－－－－－－－－,10.0,0.0,0.0,10.0,0.0,190.0,-860.0,2650.0,yonden
2017,5,2017-05-28,21:00,2490.0,880.0,1990.0,260.0,－－－－－－－－－－,10.0,0.0,0.0,10.0,0.0,100.0,-760.0,2490.0,yonden
2017,5,2017-05-28,22:00,2330.0,880.0,1950.0,190.0,－－－－－－－－－－,10.0,0.0,0.0,20.0,0.0,0.0,-720.0,2330.0,yonden
2017,5,2017-05-28,23:00,2240.0,880.0,2050.0,150.0,－－－－－－－－－－,10.0,0.0,0.0,10.0,0.0,0.0,-860.0,2240.0,yonden
2017,5,2017-05-29,00:00,2150.0,880.0,1980.0,140.0,－－－－－－－－－－,10.0,0.0,0.0,10.0,0.0,0.0,-870.0,2150.0,yonden
2017,5,2017-05-29,01:00,2140.0,880.0,1990.0,140.0,－－－－－－－－－－,10.0,0.0,0.0,10.0,0.0,0.0,-890.0,2140.0,yonden
2017,5,2017-05-29,02:00,2320.0,880.0,2120.0,160.0,－－－－－－－－－－,10.0,0.0,0.0,0.0,0.0,0.0,-850.0,2320.0,yonden
2017,5,2017-05-29,03:00,2530.0,880.0,2200.0,260.0,－－－－－－－－－－,10.0,0.0,0.0,0.0,0.0,0.0,-820.0,2530.0,yonden
2017,5,2017-05-29,04:00,2640.0,880.0,2220.0,300.0,－－－－－－－－－－,10.0,0.0,0.0,0.0,0.0,0.0,-770.0,2640.0,yonden
2017,5,2017-05-29,05:00,2610.0,880.0,2300.0,230.0,－－－－－－－－－－,10.0,60.0,0.0,0.0,0.0,0.0,-870.0,2610.0,yonden
2017,5,2017-05-29,06:00,2490.0,880.0,2010.0,170.0,－－－－－－－－－－,10.0,310.0,0.0,0.0,0.0,0.0,-890.0,2490.0,yonden
2017,5,2017-05-29,07:00,2500.0,880.0,1910.0,160.0,－－－－－－－－－－,10.0,620.0,0.0,0.0,0.0,0.0,-1080.0,2500.0,yonden
2017,5,2017-05-29,08:00,2890.0,880.0,2150.0,180.0,－－－－－－－－－－,10.0,940.0,0.0,0.0,0.0,0.0,-1270.0,2890.0,yonden
2017,5,2017-05-29,09:00,3170.0,880.0,2220.0,180.0,－－－－－－－－－－,10.0,1190.0,0.0,0.0,0.0,0.0,-1310.0,3170.0,yonden
2017,5,2017-05-29,10:00,3270.0,880.0,2240.0,170.0,－－－－－－－－－－,10.0,1370.0,0.0,0.0,0.0,0.0,-1400.0,3270.0,yonden
2017,5,2017-05-29,11:00,3350.0,880.0,2290.0,150.0,－－－－－－－－－－,10.0,1450.0,0.0,0.0,0.0,0.0,-1430.0,3350.0,yonden
2017,5,2017-05-29,12:00,3200.0,880.0,2310.0,160.0,－－－－－－－－－－,10.0,1470.0,0.0,0.0,0.0,-260.0,-1370.0,3200.0,yonden
2017,5,2017-05-29,13:00,3410.0,880.0,2370.0,190.0,－－－－－－－－－－,10.0,1410.0,0.0,0.0,0.0,0.0,-1450.0,3410.0,yonden
2017,5,2017-05-29,14:00,3400.0,880.0,2380.0,210.0,－－－－－－－－－－,10.0,1260.0,0.0,10.0,0.0,0.0,-1350.0,3400.0,yonden
2017,5,2017-05-29,15:00,3480.0,880.0,2570.0,230.0,－－－－－－－－－－,10.0,1030.0,0.0,0.0,0.0,0.0,-1240.0,3480.0,yonden
2017,5,2017-05-29,16:00,3520.0,880.0,2810.0,300.0,－－－－－－－－－－,10.0,720.0,0.0,0.0,0.0,0.0,-1200.0,3520.0,yonden
2017,5,2017-05-29,17:00,3400.0,880.0,2940.0,380.0,－－－－－－－－－－,10.0,370.0,0.0,10.0,0.0,0.0,-1190.0,3400.0,yonden
2017,5,2017-05-29,18:00,3250.0,880.0,2970.0,510.0,－－－－－－－－－－,10.0,90.0,0.0,10.0,0.0,0.0,-1220.0,3250.0,yonden
2017,5,2017-05-29,19:00,3180.0,880.0,3000.0,480.0,－－－－－－－－－－,10.0,0.0,0.0,20.0,0.0,0.0,-1210.0,3180.0,yonden
2017,5,2017-05-29,20:00,3020.0,880.0,2770.0,360.0,－－－－－－－－－－,10.0,0.0,0.0,10.0,0.0,0.0,-1010.0,3020.0,yonden
2017,5,2017-05-29,21:00,2810.0,880.0,2590.0,270.0,－－－－－－－－－－,10.0,0.0,0.0,10.0,0.0,0.0,-950.0,2810.0,yonden
2017,5,2017-05-29,22:00,2590.0,880.0,2230.0,200.0,－－－－－－－－－－,10.0,0.0,0.0,10.0,0.0,0.0,-740.0,2590.0,yonden
2017,5,2017-05-29,23:00,2470.0,880.0,2070.0,190.0,－－－－－－－－－－,10.0,0.0,0.0,10.0,0.0,0.0,-690.0,2470.0,yonden
2017,5,2017-05-30,00:00,2370.0,880.0,2080.0,190.0,－－－－－－－－－－,10.0,0.0,0.0,10.0,0.0,0.0,-800.0,2370.0,yonden
2017,5,2017-05-30,01:00,2360.0,880.0,2090.0,180.0,－－－－－－－－－－,10.0,0.0,0.0,10.0,0.0,0.0,-810.0,2360.0,yonden
2017,5,2017-05-30,02:00,2510.0,880.0,2080.0,230.0,－－－－－－－－－－,10.0,0.0,0.0,20.0,0.0,0.0,-710.0,2510.0,yonden
2017,5,2017-05-30,03:00,2740.0,890.0,2210.0,280.0,－－－－－－－－－－,10.0,0.0,0.0,20.0,0.0,0.0,-670.0,2740.0,yonden
2017,5,2017-05-30,04:00,2860.0,880.0,2330.0,300.0,－－－－－－－－－－,10.0,0.0,0.0,10.0,0.0,0.0,-670.0,2860.0,yonden
2017,5,2017-05-30,05:00,2800.0,880.0,2310.0,200.0,－－－－－－－－－－,10.0,60.0,0.0,0.0,0.0,0.0,-660.0,2800.0,yonden
2017,5,2017-05-30,06:00,2710.0,880.0,2110.0,160.0,－－－－－－－－－－,10.0,310.0,0.0,0.0,0.0,0.0,-760.0,2710.0,yonden
2017,5,2017-05-30,07:00,2670.0,880.0,2080.0,120.0,－－－－－－－－－－,10.0,610.0,0.0,0.0,0.0,0.0,-1030.0,2670.0,yonden
2017,5,2017-05-30,08:00,3040.0,880.0,2310.0,150.0,－－－－－－－－－－,10.0,920.0,0.0,0.0,0.0,0.0,-1230.0,3040.0,yonden
2017,5,2017-05-30,09:00,3280.0,880.0,2360.0,180.0,－－－－－－－－－－,10.0,1170.0,0.0,0.0,0.0,0.0,-1320.0,3280.0,yonden
2017,5,2017-05-30,10:00,3340.0,880.0,2140.0,170.0,－－－－－－－－－－,10.0,1330.0,0.0,0.0,0.0,0.0,-1190.0,3340.0,yonden
2017,5,2017-05-30,11:00,3470.0,880.0,2240.0,130.0,－－－－－－－－－－,10.0,1400.0,0.0,0.0,0.0,0.0,-1190.0,3470.0,yonden
2017,5,2017-05-30,12:00,3390.0,880.0,2230.0,120.0,－－－－－－－－－－,10.0,1360.0,0.0,0.0,0.0,0.0,-1210.0,3390.0,yonden
2017,5,2017-05-30,13:00,3610.0,880.0,2650.0,180.0,－－－－－－－－－－,10.0,1190.0,0.0,0.0,0.0,0.0,-1300.0,3610.0,yonden
2017,5,2017-05-30,14:00,3620.0,880.0,2800.0,170.0,－－－－－－－－－－,10.0,1070.0,0.0,0.0,0.0,0.0,-1310.0,3620.0,yonden
2017,5,2017-05-30,15:00,3610.0,880.0,2890.0,230.0,－－－－－－－－－－,10.0,840.0,0.0,0.0,0.0,70.0,-1310.0,3610.0,yonden
2017,5,2017-05-30,16:00,3600.0,880.0,2850.0,320.0,－－－－－－－－－－,10.0,580.0,0.0,10.0,0.0,150.0,-1200.0,3600.0,yonden
2017,5,2017-05-30,17:00,3450.0,880.0,2880.0,400.0,－－－－－－－－－－,10.0,270.0,0.0,40.0,0.0,280.0,-1310.0,3450.0,yonden
2017,5,2017-05-30,18:00,3300.0,890.0,2870.0,510.0,－－－－－－－－－－,10.0,40.0,0.0,50.0,0.0,210.0,-1280.0,3300.0,yonden
2017,5,2017-05-30,19:00,3260.0,880.0,2900.0,460.0,－－－－－－－－－－,10.0,0.0,0.0,60.0,0.0,190.0,-1240.0,3260.0,yonden
2017,5,2017-05-30,20:00,3100.0,880.0,2810.0,350.0,－－－－－－－－－－,10.0,0.0,0.0,70.0,0.0,0.0,-1020.0,3100.0,yonden
2017,5,2017-05-30,21:00,2900.0,880.0,2660.0,250.0,－－－－－－－－－－,10.0,0.0,0.0,70.0,0.0,0.0,-970.0,2900.0,yonden
2017,5,2017-05-30,22:00,2670.0,880.0,2300.0,190.0,－－－－－－－－－－,10.0,0.0,0.0,60.0,0.0,0.0,-770.0,2670.0,yonden
2017,5,2017-05-30,23:00,2540.0,880.0,2150.0,130.0,－－－－－－－－－－,10.0,0.0,0.0,60.0,0.0,0.0,-690.0,2540.0,yonden
2017,5,2017-05-31,00:00,2390.0,880.0,2110.0,120.0,－－－－－－－－－－,10.0,0.0,0.0,60.0,0.0,0.0,-790.0,2390.0,yonden
2017,5,2017-05-31,01:00,2360.0,880.0,2110.0,120.0,－－－－－－－－－－,10.0,0.0,0.0,60.0,0.0,0.0,-820.0,2360.0,yonden
2017,5,2017-05-31,02:00,2480.0,880.0,2090.0,160.0,－－－－－－－－－－,10.0,0.0,0.0,50.0,0.0,0.0,-710.0,2480.0,yonden
2017,5,2017-05-31,03:00,2710.0,880.0,2200.0,240.0,－－－－－－－－－－,10.0,0.0,0.0,50.0,0.0,0.0,-670.0,2710.0,yonden
2017,5,2017-05-31,04:00,2820.0,880.0,2270.0,290.0,－－－－－－－－－－,10.0,0.0,0.0,50.0,0.0,0.0,-680.0,2820.0,yonden
2017,5,2017-05-31,05:00,2790.0,880.0,2250.0,230.0,－－－－－－－－－－,10.0,50.0,0.0,40.0,0.0,0.0,-670.0,2790.0,yonden
2017,5,2017-05-31,06:00,2620.0,880.0,2170.0,210.0,－－－－－－－－－－,10.0,160.0,0.0,20.0,0.0,0.0,-830.0,2620.0,yonden
2017,5,2017-05-31,07:00,2630.0,880.0,2390.0,150.0,－－－－－－－－－－,10.0,260.0,0.0,10.0,0.0,0.0,-1070.0,2630.0,yonden
2017,5,2017-05-31,08:00,3030.0,880.0,2570.0,170.0,－－－－－－－－－－,10.0,560.0,0.0,10.0,0.0,0.0,-1170.0,3030.0,yonden
2017,5,2017-05-31,09:00,3300.0,880.0,2720.0,200.0,－－－－－－－－－－,10.0,670.0,0.0,20.0,0.0,0.0,-1200.0,3300.0,yonden
2017,5,2017-05-31,10:00,3390.0,880.0,3050.0,190.0,－－－－－－－－－－,10.0,560.0,0.0,30.0,0.0,0.0,-1330.0,3390.0,yonden
2017,5,2017-05-31,11:00,3420.0,880.0,2770.0,140.0,－－－－－－－－－－,10.0,930.0,0.0,20.0,0.0,0.0,-1330.0,3420.0,yonden
2017,5,2017-05-31,12:00,3280.0,880.0,2360.0,110.0,－－－－－－－－－－,10.0,1160.0,0.0,30.0,0.0,0.0,-1270.0,3280.0,yonden
2017,5,2017-05-31,13:00,3510.0,880.0,2740.0,160.0,－－－－－－－－－－,10.0,1010.0,0.0,50.0,0.0,0.0,-1340.0,3510.0,yonden
2017,5,2017-05-31,14:00,3510.0,880.0,2940.0,200.0,－－－－－－－－－－,10.0,750.0,0.0,50.0,0.0,0.0,-1320.0,3510.0,yonden
2017,5,2017-05-31,15:00,3420.0,880.0,3130.0,260.0,－－－－－－－－－－,10.0,380.0,0.0,50.0,0.0,0.0,-1290.0,3420.0,yonden
2017,5,2017-05-31,16:00,3440.0,880.0,3140.0,320.0,－－－－－－－－－－,10.0,220.0,0.0,50.0,0.0,0.0,-1180.0,3440.0,yonden
2017,5,2017-05-31,17:00,3260.0,880.0,2990.0,410.0,－－－－－－－－－－,10.0,100.0,0.0,50.0,0.0,0.0,-1180.0,3260.0,yonden
2017,5,2017-05-31,18:00,3260.0,880.0,3000.0,510.0,－－－－－－－－－－,10.0,30.0,0.0,40.0,0.0,0.0,-1210.0,3260.0,yonden
2017,5,2017-05-31,19:00,3210.0,880.0,2990.0,470.0,－－－－－－－－－－,10.0,0.0,0.0,50.0,0.0,0.0,-1190.0,3210.0,yonden
2017,5,2017-05-31,20:00,3040.0,880.0,2820.0,290.0,－－－－－－－－－－,10.0,0.0,0.0,40.0,0.0,0.0,-1000.0,3040.0,yonden
2017,5,2017-05-31,21:00,2840.0,880.0,2660.0,210.0,－－－－－－－－－－,10.0,0.0,0.0,30.0,0.0,0.0,-950.0,2840.0,yonden
2017,5,2017-05-31,22:00,2630.0,880.0,2290.0,180.0,－－－－－－－－－－,10.0,0.0,0.0,30.0,0.0,0.0,-760.0,2630.0,yonden
2017,5,2017-05-31,23:00,2500.0,880.0,2190.0,180.0,－－－－－－－－－－,10.0,0.0,0.0,20.0,0.0,0.0,-780.0,2500.0,yonden
2017,6,2017-06-01,00:00,2340.0,880.0,2100.0,160.0,－－－－－－－－－－,10.0,0.0,0.0,10.0,0.0,0.0,-820.0,2340.0,yonden
2017,6,2017-06-01,01:00,2340.0,880.0,2100.0,160.0,－－－－－－－－－－,10.0,0.0,0.0,10.0,0.0,0.0,-820.0,2340.0,yonden
2017,6,2017-06-01,02:00,2520.0,880.0,2120.0,200.0,－－－－－－－－－－,10.0,0.0,0.0,10.0,0.0,0.0,-700.0,2520.0,yonden
2017,6,2017-06-01,03:00,2740.0,880.0,2220.0,340.0,－－－－－－－－－－,10.0,0.0,0.0,10.0,0.0,0.0,-720.0,2740.0,yonden
2017,6,2017-06-01,04:00,2860.0,890.0,2260.0,400.0,－－－－－－－－－－,10.0,0.0,0.0,0.0,0.0,0.0,-700.0,2860.0,yonden
2017,6,2017-06-01,05:00,2810.0,880.0,2220.0,320.0,－－－－－－－－－－,10.0,60.0,0.0,0.0,0.0,0.0,-680.0,2810.0,yonden
2017,6,2017-06-01,06:00,2650.0,880.0,2140.0,220.0,－－－－－－－－－－,10.0,290.0,0.0,0.0,0.0,0.0,-890.0,2650.0,yonden
2017,6,2017-06-01,07:00,2600.0,890.0,2130.0,180.0,－－－－－－－－－－,10.0,580.0,0.0,0.0,0.0,0.0,-1190.0,2600.0,yonden
2017,6,2017-06-01,08:00,3020.0,880.0,2350.0,210.0,－－－－－－－－－－,10.0,880.0,0.0,0.0,0.0,0.0,-1310.0,3020.0,yonden
2017,6,2017-06-01,09:00,3310.0,890.0,2470.0,240.0,－－－－－－－－－－,10.0,1100.0,0.0,0.0,0.0,0.0,-1400.0,3310.0,yonden
2017,6,2017-06-01,10:00,3390.0,880.0,2470.0,210.0,－－－－－－－－－－,10.0,1210.0,0.0,0.0,0.0,0.0,-1390.0,3390.0,yonden
2017,6,2017-06-01,11:00,3510.0,890.0,2440.0,200.0,－－－－－－－－－－,10.0,1270.0,0.0,0.0,0.0,0.0,-1300.0,3510.0,yonden
2017,6,2017-06-01,12:00,3300.0,890.0,2310.0,210.0,－－－－－－－－－－,10.0,1270.0,0.0,0.0,0.0,-230.0,-1160.0,3300.0,yonden
2017,6,2017-06-01,13:00,3540.0,890.0,2600.0,220.0,－－－－－－－－－－,10.0,1150.0,0.0,0.0,0.0,0.0,-1330.0,3540.0,yonden
2017,6,2017-06-01,14:00,3570.0,890.0,2930.0,350.0,－－－－－－－－－－,10.0,860.0,0.0,20.0,0.0,0.0,-1490.0,3570.0,yonden
2017,6,2017-06-01,15:00,3440.0,880.0,2940.0,430.0,－－－－－－－－－－,10.0,570.0,0.0,30.0,0.0,0.0,-1420.0,3440.0,yonden
2017,6,2017-06-01,16:00,3460.0,880.0,3130.0,460.0,－－－－－－－－－－,10.0,340.0,0.0,50.0,0.0,0.0,-1410.0,3460.0,yonden
2017,6,2017-06-01,17:00,3340.0,890.0,3100.0,460.0,－－－－－－－－－－,10.0,140.0,0.0,50.0,0.0,0.0,-1310.0,3340.0,yonden
2017,6,2017-06-01,18:00,3320.0,880.0,3080.0,460.0,－－－－－－－－－－,10.0,20.0,0.0,50.0,0.0,0.0,-1180.0,3320.0,yonden
2017,6,2017-06-01,19:00,3260.0,890.0,3010.0,420.0,－－－－－－－－－－,10.0,0.0,0.0,40.0,0.0,0.0,-1110.0,3260.0,yonden
2017,6,2017-06-01,20:00,3110.0,890.0,2890.0,330.0,－－－－－－－－－－,10.0,0.0,0.0,20.0,0.0,0.0,-1030.0,3110.0,yonden
2017,6,2017-06-01,21:00,2910.0,890.0,2720.0,230.0,－－－－－－－－－－,10.0,0.0,0.0,20.0,0.0,0.0,-960.0,2910.0,yonden
2017,6,2017-06-01,22:00,2670.0,880.0,2360.0,150.0,－－－－－－－－－－,10.0,0.0,0.0,20.0,0.0,0.0,-750.0,2670.0,yonden
2017,6,2017-06-01,23:00,2520.0,880.0,2160.0,120.0,－－－－－－－－－－,10.0,0.0,0.0,30.0,0.0,0.0,-680.0,2520.0,yonden
2017,6,2017-06-02,00:00,2370.0,880.0,2030.0,110.0,－－－－－－－－－－,10.0,0.0,0.0,30.0,0.0,0.0,-690.0,2370.0,yonden
2017,6,2017-06-02,01:00,2330.0,880.0,2000.0,110.0,－－－－－－－－－－,10.0,0.0,0.0,20.0,0.0,0.0,-690.0,2330.0,yonden
2017,6,2017-06-02,02:00,2480.0,890.0,2100.0,160.0,－－－－－－－－－－,10.0,0.0,0.0,10.0,0.0,0.0,-690.0,2480.0,yonden
2017,6,2017-06-02,03:00,2700.0,880.0,2250.0,230.0,－－－－－－－－－－,10.0,0.0,0.0,20.0,0.0,0.0,-690.0,2700.0,yonden
2017,6,2017-06-02,04:00,2830.0,890.0,2310.0,270.0,－－－－－－－－－－,10.0,0.0,0.0,30.0,0.0,0.0,-680.0,2830.0,yonden
2017,6,2017-06-02,05:00,2790.0,890.0,2290.0,210.0,－－－－－－－－－－,10.0,40.0,0.0,30.0,0.0,0.0,-680.0,2790.0,yonden
2017,6,2017-06-02,06:00,2660.0,890.0,2290.0,190.0,－－－－－－－－－－,10.0,150.0,0.0,50.0,0.0,0.0,-920.0,2660.0,yonden
2017,6,2017-06-02,07:00,2610.0,890.0,2280.0,160.0,－－－－－－－－－－,10.0,420.0,0.0,50.0,0.0,0.0,-1200.0,2610.0,yonden
2017,6,2017-06-02,08:00,3000.0,880.0,2530.0,190.0,－－－－－－－－－－,10.0,810.0,0.0,50.0,0.0,0.0,-1470.0,3000.0,yonden
2017,6,2017-06-02,09:00,3290.0,880.0,2630.0,200.0,－－－－－－－－－－,10.0,1210.0,0.0,40.0,0.0,0.0,-1680.0,3290.0,yonden
2017,6,2017-06-02,10:00,3410.0,890.0,2590.0,170.0,－－－－－－－－－－,10.0,1410.0,0.0,30.0,0.0,0.0,-1690.0,3410.0,yonden
2017,6,2017-06-02,11:00,3450.0,890.0,2540.0,150.0,－－－－－－－－－－,10.0,1480.0,0.0,60.0,0.0,0.0,-1680.0,3450.0,yonden
2017,6,2017-06-02,12:00,3250.0,890.0,2360.0,150.0,－－－－－－－－－－,10.0,1470.0,0.0,70.0,0.0,0.0,-1700.0,3250.0,yonden
2017,6,2017-06-02,13:00,3450.0,880.0,2570.0,170.0,－－－－－－－－－－,10.0,1370.0,0.0,80.0,0.0,0.0,-1630.0,3450.0,yonden
2017,6,2017-06-02,14:00,3450.0,880.0,2640.0,260.0,－－－－－－－－－－,10.0,1190.0,0.0,70.0,0.0,0.0,-1600.0,3450.0,yonden
2017,6,2017-06-02,15:00,3440.0,880.0,2620.0,310.0,－－－－－－－－－－,10.0,990.0,0.0,60.0,0.0,60.0,-1490.0,3440.0,yonden
2017,6,2017-06-02,16:00,3440.0,890.0,2650.0,330.0,－－－－－－－－－－,10.0,680.0,0.0,60.0,0.0,190.0,-1370.0,3440.0,yonden
2017,6,2017-06-02,17:00,3310.0,880.0,2670.0,350.0,－－－－－－－－－－,10.0,360.0,0.0,60.0,0.0,190.0,-1210.0,3310.0,yonden
2017,6,2017-06-02,18:00,3180.0,890.0,2620.0,480.0,－－－－－－－－－－,10.0,90.0,0.0,60.0,0.0,190.0,-1160.0,3180.0,yonden
2017,6,2017-06-02,19:00,3110.0,890.0,2580.0,440.0,－－－－－－－－－－,10.0,0.0,0.0,50.0,0.0,190.0,-1050.0,3110.0,yonden
2017,6,2017-06-02,20:00,2960.0,890.0,2550.0,300.0,－－－－－－－－－－,10.0,0.0,0.0,30.0,0.0,190.0,-1010.0,2960.0,yonden
2017,6,2017-06-02,21:00,2750.0,880.0,2520.0,170.0,－－－－－－－－－－,10.0,0.0,0.0,30.0,0.0,80.0,-940.0,2750.0,yonden
2017,6,2017-06-02,22:00,2560.0,890.0,2250.0,120.0,－－－－－－－－－－,10.0,0.0,0.0,30.0,0.0,0.0,-740.0,2560.0,yonden
2017,6,2017-06-02,23:00,2470.0,880.0,2210.0,120.0,－－－－－－－－－－,10.0,0.0,0.0,30.0,0.0,0.0,-780.0,2470.0,yonden
2017,6,2017-06-03,00:00,2340.0,890.0,1740.0,110.0,－－－－－－－－－－,10.0,0.0,0.0,30.0,0.0,0.0,-440.0,2340.0,yonden
2017,6,2017-06-03,01:00,2300.0,890.0,1550.0,100.0,－－－－－－－－－－,10.0,0.0,0.0,30.0,0.0,0.0,-280.0,2300.0,yonden
2017,6,2017-06-03,02:00,2440.0,890.0,1590.0,160.0,－－－－－－－－－－,10.0,0.0,0.0,50.0,0.0,0.0,-260.0,2440.0,yonden
2017,6,2017-06-03,03:00,2670.0,890.0,1650.0,220.0,－－－－－－－－－－,10.0,0.0,0.0,50.0,0.0,0.0,-150.0,2670.0,yonden
2017,6,2017-06-03,04:00,2790.0,890.0,1720.0,260.0,－－－－－－－－－－,10.0,0.0,0.0,30.0,0.0,0.0,-120.0,2790.0,yonden
2017,6,2017-06-03,05:00,2720.0,890.0,1720.0,190.0,－－－－－－－－－－,10.0,60.0,0.0,30.0,0.0,0.0,-180.0,2720.0,yonden
2017,6,2017-06-03,06:00,2440.0,890.0,1900.0,120.0,－－－－－－－－－－,10.0,260.0,0.0,20.0,0.0,0.0,-760.0,2440.0,yonden
2017,6,2017-06-03,07:00,2330.0,890.0,1800.0,100.0,－－－－－－－－－－,10.0,630.0,0.0,10.0,0.0,0.0,-1110.0,2330.0,yonden
2017,6,2017-06-03,08:00,2540.0,890.0,1920.0,160.0,－－－－－－－－－－,10.0,940.0,0.0,0.0,0.0,0.0,-1380.0,2540.0,yonden
2017,6,2017-06-03,09:00,2710.0,890.0,1940.0,190.0,－－－－－－－－－－,10.0,1170.0,0.0,0.0,0.0,-150.0,-1340.0,2710.0,yonden
2017,6,2017-06-03,10:00,2790.0,890.0,1970.0,130.0,－－－－－－－－－－,10.0,1390.0,0.0,0.0,0.0,-300.0,-1300.0,2790.0,yonden
2017,6,2017-06-03,11:00,2850.0,890.0,1970.0,110.0,－－－－－－－－－－,10.0,1460.0,0.0,0.0,0.0,-300.0,-1290.0,2850.0,yonden
2017,6,2017-06-03,12:00,2750.0,890.0,1860.0,110.0,－－－－－－－－－－,10.0,1480.0,0.0,0.0,0.0,-300.0,-1300.0,2750.0,yonden
2017,6,2017-06-03,13:00,2880.0,880.0,1850.0,120.0,－－－－－－－－－－,10.0,1430.0,0.0,0.0,0.0,0.0,-1410.0,2880.0,yonden
2017,6,2017-06-03,14:00,2870.0,880.0,1880.0,150.0,－－－－－－－－－－,10.0,1200.0,0.0,10.0,0.0,0.0,-1260.0,2870.0,yonden
2017,6,2017-06-03,15:00,2830.0,890.0,1780.0,140.0,－－－－－－－－－－,10.0,990.0,0.0,10.0,0.0,0.0,-990.0,2830.0,yonden
2017,6,2017-06-03,16:00,2910.0,890.0,1970.0,170.0,－－－－－－－－－－,10.0,730.0,0.0,0.0,0.0,0.0,-860.0,2910.0,yonden
2017,6,2017-06-03,17:00,2890.0,880.0,2120.0,200.0,－－－－－－－－－－,10.0,380.0,0.0,0.0,0.0,290.0,-990.0,2890.0,yonden
2017,6,2017-06-03,18:00,2840.0,890.0,2150.0,270.0,－－－－－－－－－－,10.0,90.0,0.0,10.0,0.0,320.0,-900.0,2840.0,yonden
2017,6,2017-06-03,19:00,2840.0,880.0,2220.0,320.0,－－－－－－－－－－,10.0,0.0,0.0,10.0,0.0,320.0,-920.0,2840.0,yonden
2017,6,2017-06-03,20:00,2740.0,890.0,2160.0,220.0,－－－－－－－－－－,10.0,0.0,0.0,20.0,0.0,210.0,-770.0,2740.0,yonden
2017,6,2017-06-03,21:00,2570.0,890.0,2180.0,190.0,－－－－－－－－－－,10.0,0.0,0.0,20.0,0.0,0.0,-720.0,2570.0,yonden
2017,6,2017-06-03,22:00,2390.0,880.0,2100.0,120.0,－－－－－－－－－－,10.0,0.0,0.0,20.0,0.0,0.0,-740.0,2390.0,yonden
2017,6,2017-06-03,23:00,2280.0,890.0,2020.0,110.0,－－－－－－－－－－,10.0,0.0,0.0,30.0,0.0,0.0,-780.0,2280.0,yonden
2017,6,2017-06-04,00:00,2160.0,890.0,1530.0,110.0,－－－－－－－－－－,10.0,0.0,0.0,20.0,0.0,0.0,-400.0,2160.0,yonden
2017,6,2017-06-04,01:00,2140.0,890.0,1360.0,100.0,－－－－－－－－－－,10.0,0.0,0.0,10.0,0.0,0.0,-230.0,2140.0,yonden
2017,6,2017-06-04,02:00,2280.0,890.0,1410.0,130.0,－－－－－－－－－－,10.0,0.0,0.0,20.0,0.0,0.0,-180.0,2280.0,yonden
2017,6,2017-06-04,03:00,2520.0,890.0,1520.0,210.0,－－－－－－－－－－,10.0,0.0,0.0,20.0,0.0,0.0,-130.0,2520.0,yonden
2017,6,2017-06-04,04:00,2640.0,890.0,1620.0,230.0,－－－－－－－－－－,10.0,0.0,0.0,20.0,0.0,0.0,-130.0,2640.0,yonden
2017,6,2017-06-04,05:00,2540.0,890.0,1570.0,160.0,－－－－－－－－－－,10.0,70.0,0.0,20.0,0.0,0.0,-180.0,2540.0,yonden
2017,6,2017-06-04,06:00,2280.0,890.0,1700.0,140.0,－－－－－－－－－－,10.0,330.0,0.0,10.0,0.0,-100.0,-700.0,2280.0,yonden
2017,6,2017-06-04,07:00,2080.0,890.0,1810.0,120.0,－－－－－－－－－－,10.0,660.0,0.0,10.0,0.0,-300.0,-1120.0,2080.0,yonden
2017,6,2017-06-04,08:00,2160.0,880.0,1870.0,180.0,－－－－－－－－－－,10.0,970.0,0.0,20.0,0.0,-300.0,-1470.0,2160.0,yonden
2017,6,2017-06-04,09:00,2300.0,880.0,1740.0,180.0,－－－－－－－－－－,10.0,1230.0,0.0,10.0,0.0,-300.0,-1450.0,2300.0,yonden
2017,6,2017-06-04,10:00,2380.0,880.0,1780.0,180.0,－－－－－－－－－－,10.0,1400.0,0.0,10.0,0.0,-300.0,-1580.0,2380.0,yonden
2017,6,2017-06-04,11:00,2460.0,880.0,1830.0,140.0,－－－－－－－－－－,10.0,1460.0,0.0,20.0,0.0,-300.0,-1580.0,2460.0,yonden
2017,6,2017-06-04,12:00,2460.0,880.0,1800.0,130.0,－－－－－－－－－－,10.0,1490.0,0.0,20.0,0.0,-300.0,-1570.0,2460.0,yonden
2017,6,2017-06-04,13:00,2470.0,880.0,1800.0,130.0,－－－－－－－－－－,10.0,1440.0,0.0,10.0,0.0,-300.0,-1500.0,2470.0,yonden
2017,6,2017-06-04,14:00,2470.0,880.0,1830.0,150.0,－－－－－－－－－－,10.0,1300.0,0.0,20.0,0.0,-300.0,-1420.0,2470.0,yonden
2017,6,2017-06-04,15:00,2520.0,880.0,1820.0,170.0,－－－－－－－－－－,10.0,1050.0,0.0,20.0,0.0,-50.0,-1380.0,2520.0,yonden
2017,6,2017-06-04,16:00,2570.0,880.0,1940.0,160.0,－－－－－－－－－－,10.0,730.0,0.0,10.0,0.0,0.0,-1160.0,2570.0,yonden
2017,6,2017-06-04,17:00,2700.0,880.0,2230.0,190.0,－－－－－－－－－－,10.0,400.0,0.0,0.0,0.0,0.0,-1010.0,2700.0,yonden
2017,6,2017-06-04,18:00,2760.0,880.0,2360.0,270.0,－－－－－－－－－－,10.0,100.0,0.0,0.0,0.0,0.0,-860.0,2760.0,yonden
2017,6,2017-06-04,19:00,2780.0,880.0,2340.0,310.0,－－－－－－－－－－,10.0,0.0,0.0,0.0,0.0,0.0,-760.0,2780.0,yonden
2017,6,2017-06-04,20:00,2670.0,880.0,2340.0,220.0,－－－－－－－－－－,10.0,0.0,0.0,10.0,0.0,0.0,-790.0,2670.0,yonden
2017,6,2017-06-04,21:00,2480.0,880.0,2100.0,180.0,－－－－－－－－－－,10.0,0.0,0.0,20.0,0.0,0.0,-710.0,2480.0,yonden
2017,6,2017-06-04,22:00,2340.0,880.0,1960.0,110.0,－－－－－－－－－－,10.0,0.0,0.0,20.0,0.0,0.0,-640.0,2340.0,yonden
2017,6,2017-06-04,23:00,2240.0,880.0,1960.0,110.0,－－－－－－－－－－,10.0,0.0,0.0,10.0,0.0,0.0,-730.0,2240.0,yonden
2017,6,2017-06-05,00:00,2140.0,880.0,1900.0,110.0,－－－－－－－－－－,10.0,0.0,0.0,10.0,0.0,0.0,-770.0,2140.0,yonden
2017,6,2017-06-05,01:00,2120.0,880.0,1900.0,100.0,－－－－－－－－－－,10.0,0.0,0.0,0.0,0.0,0.0,-770.0,2120.0,yonden
2017,6,2017-06-05,02:00,2290.0,880.0,2020.0,120.0,－－－－－－－－－－,10.0,0.0,0.0,10.0,0.0,0.0,-750.0,2290.0,yonden
2017,6,2017-06-05,03:00,2550.0,880.0,2130.0,210.0,－－－－－－－－－－,10.0,0.0,0.0,0.0,0.0,0.0,-680.0,2550.0,yonden
2017,6,2017-06-05,04:00,2700.0,880.0,2180.0,310.0,－－－－－－－－－－,10.0,0.0,0.0,10.0,0.0,0.0,-690.0,2700.0,yonden
2017,6,2017-06-05,05:00,2640.0,880.0,2120.0,260.0,－－－－－－－－－－,10.0,70.0,0.0,0.0,0.0,0.0,-700.0,2640.0,yonden
2017,6,2017-06-05,06:00,2520.0,890.0,2010.0,180.0,－－－－－－－－－－,10.0,320.0,0.0,20.0,0.0,0.0,-910.0,2520.0,yonden
2017,6,2017-06-05,07:00,2470.0,890.0,1930.0,140.0,－－－－－－－－－－,10.0,600.0,0.0,20.0,0.0,0.0,-1120.0,2470.0,yonden
2017,6,2017-06-05,08:00,2890.0,880.0,2150.0,160.0,－－－－－－－－－－,10.0,880.0,0.0,20.0,0.0,0.0,-1210.0,2890.0,yonden
2017,6,2017-06-05,09:00,3120.0,880.0,2220.0,180.0,－－－－－－－－－－,10.0,1140.0,0.0,10.0,0.0,0.0,-1320.0,3120.0,yonden
2017,6,2017-06-05,10:00,3200.0,890.0,2180.0,170.0,－－－－－－－－－－,10.0,1320.0,0.0,10.0,0.0,0.0,-1380.0,3200.0,yonden
2017,6,2017-06-05,11:00,3290.0,880.0,2200.0,150.0,－－－－－－－－－－,10.0,1420.0,0.0,10.0,0.0,0.0,-1380.0,3290.0,yonden
2017,6,2017-06-05,12:00,3140.0,880.0,2130.0,150.0,－－－－－－－－－－,10.0,1450.0,0.0,20.0,0.0,0.0,-1500.0,3140.0,yonden
2017,6,2017-06-05,13:00,3400.0,880.0,2290.0,160.0,－－－－－－－－－－,10.0,1410.0,0.0,10.0,0.0,0.0,-1360.0,3400.0,yonden
2017,6,2017-06-05,14:00,3440.0,880.0,2530.0,200.0,－－－－－－－－－－,10.0,1250.0,0.0,10.0,0.0,0.0,-1440.0,3440.0,yonden
2017,6,2017-06-05,15:00,3420.0,880.0,2650.0,280.0,－－－－－－－－－－,10.0,980.0,0.0,10.0,0.0,0.0,-1390.0,3420.0,yonden
2017,6,2017-06-05,16:00,3400.0,880.0,2710.0,320.0,－－－－－－－－－－,10.0,690.0,0.0,0.0,0.0,0.0,-1210.0,3400.0,yonden
2017,6,2017-06-05,17:00,3280.0,880.0,2800.0,340.0,－－－－－－－－－－,10.0,370.0,0.0,10.0,0.0,0.0,-1130.0,3280.0,yonden
2017,6,2017-06-05,18:00,3250.0,880.0,2840.0,470.0,－－－－－－－－－－,10.0,100.0,0.0,10.0,0.0,0.0,-1060.0,3250.0,yonden
2017,6,2017-06-05,19:00,3140.0,880.0,2880.0,400.0,－－－－－－－－－－,10.0,0.0,0.0,20.0,0.0,0.0,-1050.0,3140.0,yonden
2017,6,2017-06-05,20:00,3000.0,880.0,2830.0,260.0,－－－－－－－－－－,10.0,0.0,0.0,10.0,0.0,0.0,-990.0,3000.0,yonden
2017,6,2017-06-05,21:00,2800.0,880.0,2640.0,170.0,－－－－－－－－－－,10.0,0.0,0.0,20.0,0.0,0.0,-920.0,2800.0,yonden
2017,6,2017-06-05,22:00,2580.0,880.0,2250.0,140.0,－－－－－－－－－－,10.0,0.0,0.0,10.0,0.0,0.0,-710.0,2580.0,yonden
2017,6,2017-06-05,23:00,2460.0,880.0,2070.0,120.0,－－－－－－－－－－,10.0,0.0,0.0,10.0,0.0,0.0,-630.0,2460.0,yonden
2017,6,2017-06-06,00:00,2320.0,880.0,2090.0,90.0,－－－－－－－－－－,10.0,0.0,0.0,10.0,0.0,0.0,-760.0,2320.0,yonden
2017,6,2017-06-06,01:00,2290.0,880.0,2150.0,80.0,－－－－－－－－－－,10.0,0.0,0.0,10.0,0.0,0.0,-840.0,2290.0,yonden
2017,6,2017-06-06,02:00,2430.0,880.0,2240.0,100.0,－－－－－－－－－－,10.0,0.0,0.0,0.0,0.0,0.0,-800.0,2430.0,yonden
2017,6,2017-06-06,03:00,2670.0,880.0,2370.0,190.0,－－－－－－－－－－,10.0,0.0,0.0,10.0,0.0,0.0,-790.0,2670.0,yonden
2017,6,2017-06-06,04:00,2810.0,880.0,2390.0,230.0,－－－－－－－－－－,10.0,0.0,0.0,10.0,0.0,0.0,-710.0,2810.0,yonden
2017,6,2017-06-06,05:00,2760.0,890.0,2220.0,190.0,－－－－－－－－－－,10.0,70.0,0.0,10.0,0.0,0.0,-630.0,2760.0,yonden
2017,6,2017-06-06,06:00,2610.0,890.0,2030.0,180.0,－－－－－－－－－－,10.0,310.0,0.0,10.0,0.0,0.0,-820.0,2610.0,yonden
2017,6,2017-06-06,07:00,2540.0,880.0,2010.0,180.0,－－－－－－－－－－,10.0,550.0,0.0,10.0,0.0,0.0,-1100.0,2540.0,yonden
2017,6,2017-06-06,08:00,2980.0,880.0,2380.0,210.0,－－－－－－－－－－,10.0,820.0,0.0,0.0,0.0,0.0,-1320.0,2980.0,yonden
2017,6,2017-06-06,09:00,3250.0,880.0,2610.0,180.0,－－－－－－－－－－,10.0,1070.0,0.0,0.0,0.0,0.0,-1500.0,3250.0,yonden
2017,6,2017-06-06,10:00,3340.0,880.0,2540.0,170.0,－－－－－－－－－－,10.0,1220.0,0.0,0.0,0.0,0.0,-1480.0,3340.0,yonden
2017,6,2017-06-06,11:00,3350.0,880.0,2570.0,160.0,－－－－－－－－－－,10.0,1180.0,0.0,10.0,0.0,0.0,-1460.0,3350.0,yonden
2017,6,2017-06-06,12:00,3170.0,880.0,2440.0,160.0,－－－－－－－－－－,10.0,1200.0,0.0,20.0,0.0,0.0,-1540.0,3170.0,yonden
2017,6,2017-06-06,13:00,3360.0,880.0,2570.0,170.0,－－－－－－－－－－,10.0,1070.0,0.0,20.0,0.0,0.0,-1360.0,3360.0,yonden
2017,6,2017-06-06,14:00,3390.0,880.0,2850.0,250.0,－－－－－－－－－－,10.0,800.0,0.0,40.0,0.0,0.0,-1440.0,3390.0,yonden
2017,6,2017-06-06,15:00,3310.0,880.0,3060.0,330.0,－－－－－－－－－－,10.0,430.0,0.0,50.0,0.0,0.0,-1450.0,3310.0,yonden
2017,6,2017-06-06,16:00,3250.0,880.0,3010.0,370.0,－－－－－－－－－－,10.0,250.0,0.0,70.0,0.0,0.0,-1340.0,3250.0,yonden
2017,6,2017-06-06,17:00,3210.0,880.0,2890.0,410.0,－－－－－－－－－－,10.0,130.0,0.0,70.0,0.0,0.0,-1180.0,3210.0,yonden
2017,6,2017-06-06,18:00,3230.0,880.0,2920.0,470.0,－－－－－－－－－－,10.0,40.0,0.0,70.0,0.0,0.0,-1160.0,3230.0,yonden
2017,6,2017-06-06,19:00,3180.0,880.0,2990.0,390.0,－－－－－－－－－－,10.0,0.0,0.0,80.0,0.0,0.0,-1170.0,3180.0,yonden
2017,6,2017-06-06,20:00,3040.0,890.0,2910.0,240.0,－－－－－－－－－－,10.0,0.0,0.0,70.0,0.0,0.0,-1080.0,3040.0,yonden
2017,6,2017-06-06,21:00,2840.0,880.0,2730.0,190.0,－－－－－－－－－－,10.0,0.0,0.0,70.0,0.0,0.0,-1040.0,2840.0,yonden
2017,6,2017-06-06,22:00,2660.0,880.0,2460.0,120.0,－－－－－－－－－－,10.0,0.0,0.0,60.0,0.0,0.0,-870.0,2660.0,yonden
2017,6,2017-06-06,23:00,2570.0,880.0,2270.0,120.0,－－－－－－－－－－,10.0,0.0,0.0,60.0,0.0,0.0,-770.0,2570.0,yonden
2017,6,2017-06-07,00:00,2430.0,880.0,2200.0,110.0,－－－－－－－－－－,10.0,0.0,0.0,70.0,0.0,0.0,-840.0,2430.0,yonden
2017,6,2017-06-07,01:00,2400.0,880.0,2150.0,100.0,－－－－－－－－－－,10.0,0.0,0.0,90.0,0.0,0.0,-830.0,2400.0,yonden
2017,6,2017-06-07,02:00,2530.0,880.0,2140.0,120.0,－－－－－－－－－－,10.0,0.0,0.0,90.0,0.0,0.0,-710.0,2530.0,yonden
2017,6,2017-06-07,03:00,2760.0,880.0,2210.0,230.0,－－－－－－－－－－,10.0,0.0,0.0,100.0,0.0,0.0,-670.0,2760.0,yonden
2017,6,2017-06-07,04:00,2890.0,880.0,2280.0,260.0,－－－－－－－－－－,10.0,0.0,0.0,100.0,0.0,0.0,-640.0,2890.0,yonden
2017,6,2017-06-07,05:00,2880.0,880.0,2240.0,240.0,－－－－－－－－－－,10.0,30.0,0.0,110.0,0.0,0.0,-630.0,2880.0,yonden
2017,6,2017-06-07,06:00,2770.0,880.0,2230.0,190.0,－－－－－－－－－－,10.0,60.0,0.0,100.0,0.0,0.0,-700.0,2770.0,yonden
2017,6,2017-06-07,07:00,2810.0,880.0,2430.0,190.0,－－－－－－－－－－,10.0,80.0,0.0,90.0,0.0,0.0,-870.0,2810.0,yonden
2017,6,2017-06-07,08:00,3190.0,880.0,2910.0,250.0,－－－－－－－－－－,10.0,120.0,0.0,90.0,0.0,0.0,-1070.0,3190.0,yonden
2017,6,2017-06-07,09:00,3380.0,880.0,3270.0,300.0,－－－－－－－－－－,10.0,160.0,0.0,80.0,0.0,0.0,-1320.0,3380.0,yonden
2017,6,2017-06-07,10:00,3390.0,880.0,3330.0,340.0,－－－－－－－－－－,10.0,230.0,0.0,90.0,0.0,0.0,-1490.0,3390.0,yonden
2017,6,2017-06-07,11:00,3410.0,880.0,3250.0,350.0,－－－－－－－－－－,10.0,240.0,0.0,90.0,0.0,0.0,-1410.0,3410.0,yonden
2017,6,2017-06-07,12:00,3240.0,880.0,2970.0,320.0,－－－－－－－－－－,10.0,210.0,0.0,90.0,0.0,0.0,-1240.0,3240.0,yonden
2017,6,2017-06-07,13:00,3460.0,880.0,3350.0,400.0,－－－－－－－－－－,10.0,160.0,0.0,90.0,0.0,20.0,-1450.0,3460.0,yonden
2017,6,2017-06-07,14:00,3490.0,880.0,3330.0,430.0,－－－－－－－－－－,10.0,140.0,0.0,90.0,0.0,190.0,-1580.0,3490.0,yonden
2017,6,2017-06-07,15:00,3420.0,880.0,3250.0,470.0,－－－－－－－－－－,10.0,110.0,0.0,90.0,0.0,190.0,-1580.0,3420.0,yonden
2017,6,2017-06-07,16:00,3420.0,880.0,3160.0,500.0,－－－－－－－－－－,10.0,70.0,0.0,90.0,0.0,180.0,-1470.0,3420.0,yonden
2017,6,2017-06-07,17:00,3310.0,880.0,2960.0,570.0,－－－－－－－－－－,10.0,50.0,0.0,90.0,0.0,140.0,-1390.0,3310.0,yonden
2017,6,2017-06-07,18:00,3250.0,880.0,3010.0,590.0,－－－－－－－－－－,10.0,20.0,0.0,90.0,0.0,0.0,-1350.0,3250.0,yonden
2017,6,2017-06-07,19:00,3120.0,880.0,2840.0,490.0,－－－－－－－－－－,10.0,0.0,0.0,100.0,0.0,0.0,-1200.0,3120.0,yonden
2017,6,2017-06-07,20:00,2970.0,880.0,2590.0,460.0,－－－－－－－－－－,10.0,0.0,0.0,90.0,0.0,0.0,-1060.0,2970.0,yonden
2017,6,2017-06-07,21:00,2790.0,880.0,2600.0,400.0,－－－－－－－－－－,10.0,0.0,0.0,60.0,0.0,0.0,-1160.0,2790.0,yonden
2017,6,2017-06-07,22:00,2630.0,880.0,2610.0,360.0,－－－－－－－－－－,10.0,0.0,0.0,40.0,0.0,0.0,-1270.0,2630.0,yonden
2017,6,2017-06-07,23:00,2540.0,880.0,2510.0,340.0,－－－－－－－－－－,10.0,0.0,0.0,30.0,0.0,0.0,-1230.0,2540.0,yonden
2017,6,2017-06-08,00:00,2410.0,880.0,2380.0,340.0,－－－－－－－－－－,10.0,0.0,0.0,20.0,0.0,0.0,-1220.0,2410.0,yonden
2017,6,2017-06-08,01:00,2400.0,880.0,2410.0,330.0,－－－－－－－－－－,10.0,0.0,0.0,10.0,0.0,0.0,-1240.0,2400.0,yonden
2017,6,2017-06-08,02:00,2560.0,880.0,2450.0,350.0,－－－－－－－－－－,10.0,0.0,0.0,20.0,0.0,0.0,-1150.0,2560.0,yonden
2017,6,2017-06-08,03:00,2750.0,880.0,2460.0,420.0,－－－－－－－－－－,10.0,0.0,0.0,30.0,0.0,0.0,-1050.0,2750.0,yonden
2017,6,2017-06-08,04:00,2850.0,880.0,2420.0,470.0,－－－－－－－－－－,10.0,0.0,0.0,40.0,0.0,0.0,-970.0,2850.0,yonden
2017,6,2017-06-08,05:00,2840.0,880.0,2440.0,410.0,－－－－－－－－－－,10.0,50.0,0.0,50.0,0.0,0.0,-1000.0,2840.0,yonden
2017,6,2017-06-08,06:00,2710.0,880.0,2430.0,400.0,－－－－－－－－－－,10.0,120.0,0.0,60.0,0.0,0.0,-1190.0,2710.0,yonden
2017,6,2017-06-08,07:00,2680.0,880.0,2640.0,350.0,－－－－－－－－－－,10.0,250.0,0.0,60.0,0.0,0.0,-1510.0,2680.0,yonden
2017,6,2017-06-08,08:00,3030.0,880.0,2940.0,370.0,－－－－－－－－－－,10.0,510.0,0.0,60.0,0.0,0.0,-1740.0,3030.0,yonden
2017,6,2017-06-08,09:00,3270.0,880.0,2880.0,390.0,－－－－－－－－－－,10.0,780.0,0.0,60.0,0.0,0.0,-1730.0,3270.0,yonden
2017,6,2017-06-08,10:00,3330.0,880.0,2730.0,420.0,－－－－－－－－－－,10.0,960.0,0.0,60.0,0.0,0.0,-1730.0,3330.0,yonden
2017,6,2017-06-08,11:00,3380.0,880.0,2620.0,370.0,－－－－－－－－－－,10.0,1150.0,0.0,70.0,0.0,0.0,-1720.0,3380.0,yonden
2017,6,2017-06-08,12:00,3240.0,880.0,2420.0,330.0,－－－－－－－－－－,10.0,1310.0,0.0,80.0,0.0,0.0,-1790.0,3240.0,yonden
2017,6,2017-06-08,13:00,3480.0,880.0,2590.0,330.0,－－－－－－－－－－,10.0,1310.0,0.0,80.0,0.0,0.0,-1720.0,3480.0,yonden
2017,6,2017-06-08,14:00,3500.0,880.0,2680.0,360.0,－－－－－－－－－－,10.0,1220.0,0.0,80.0,0.0,0.0,-1730.0,3500.0,yonden
2017,6,2017-06-08,15:00,3520.0,880.0,2820.0,420.0,－－－－－－－－－－,10.0,1050.0,0.0,80.0,0.0,0.0,-1740.0,3520.0,yonden
2017,6,2017-06-08,16:00,3520.0,880.0,3000.0,500.0,－－－－－－－－－－,10.0,730.0,0.0,80.0,0.0,0.0,-1680.0,3520.0,yonden
2017,6,2017-06-08,17:00,3410.0,880.0,2950.0,550.0,－－－－－－－－－－,10.0,410.0,0.0,70.0,0.0,0.0,-1460.0,3410.0,yonden
2017,6,2017-06-08,18:00,3290.0,880.0,3030.0,630.0,－－－－－－－－－－,10.0,110.0,0.0,60.0,0.0,0.0,-1430.0,3290.0,yonden
2017,6,2017-06-08,19:00,3200.0,880.0,2970.0,550.0,－－－－－－－－－－,10.0,0.0,0.0,70.0,0.0,0.0,-1280.0,3200.0,yonden
2017,6,2017-06-08,20:00,3070.0,880.0,2920.0,420.0,－－－－－－－－－－,10.0,0.0,0.0,60.0,0.0,0.0,-1220.0,3070.0,yonden
2017,6,2017-06-08,21:00,2870.0,880.0,2840.0,290.0,－－－－－－－－－－,10.0,0.0,0.0,50.0,0.0,0.0,-1200.0,2870.0,yonden
2017,6,2017-06-08,22:00,2660.0,880.0,2660.0,260.0,－－－－－－－－－－,10.0,0.0,0.0,40.0,0.0,0.0,-1190.0,2660.0,yonden
2017,6,2017-06-08,23:00,2520.0,880.0,2460.0,250.0,－－－－－－－－－－,10.0,0.0,0.0,30.0,0.0,0.0,-1110.0,2520.0,yonden
2017,6,2017-06-09,00:00,2370.0,880.0,2260.0,230.0,－－－－－－－－－－,10.0,0.0,0.0,20.0,0.0,0.0,-1030.0,2370.0,yonden
2017,6,2017-06-09,01:00,2370.0,880.0,2220.0,210.0,－－－－－－－－－－,10.0,0.0,0.0,20.0,0.0,0.0,-970.0,2370.0,yonden
2017,6,2017-06-09,02:00,2530.0,880.0,2270.0,200.0,－－－－－－－－－－,10.0,0.0,0.0,20.0,0.0,0.0,-850.0,2530.0,yonden
2017,6,2017-06-09,03:00,2780.0,880.0,2330.0,260.0,－－－－－－－－－－,10.0,0.0,0.0,10.0,0.0,0.0,-710.0,2780.0,yonden
2017,6,2017-06-09,04:00,2900.0,880.0,2360.0,300.0,－－－－－－－－－－,10.0,0.0,0.0,20.0,0.0,0.0,-670.0,2900.0,yonden
2017,6,2017-06-09,05:00,2830.0,880.0,2290.0,270.0,－－－－－－－－－－,10.0,60.0,0.0,10.0,0.0,0.0,-690.0,2830.0,yonden
2017,6,2017-06-09,06:00,2670.0,880.0,2160.0,210.0,－－－－－－－－－－,10.0,280.0,0.0,10.0,0.0,0.0,-880.0,2670.0,yonden
2017,6,2017-06-09,07:00,2630.0,880.0,2070.0,200.0,－－－－－－－－－－,10.0,630.0,0.0,10.0,0.0,0.0,-1170.0,2630.0,yonden
2017,6,2017-06-09,08:00,3010.0,880.0,2420.0,210.0,－－－－－－－－－－,10.0,960.0,0.0,0.0,0.0,0.0,-1470.0,3010.0,yonden
2017,6,2017-06-09,09:00,3270.0,880.0,2540.0,270.0,－－－－－－－－－－,10.0,1220.0,0.0,0.0,0.0,0.0,-1650.0,3270.0,yonden
2017,6,2017-06-09,10:00,3370.0,880.0,2590.0,270.0,－－－－－－－－－－,10.0,1360.0,0.0,0.0,0.0,0.0,-1740.0,3370.0,yonden
2017,6,2017-06-09,11:00,3440.0,880.0,2560.0,300.0,－－－－－－－－－－,10.0,1460.0,0.0,0.0,0.0,0.0,-1770.0,3440.0,yonden
2017,6,2017-06-09,12:00,3290.0,880.0,2430.0,280.0,－－－－－－－－－－,10.0,1500.0,0.0,0.0,0.0,0.0,-1810.0,3290.0,yonden
2017,6,2017-06-09,13:00,3500.0,880.0,2630.0,240.0,－－－－－－－－－－,10.0,1430.0,0.0,0.0,0.0,0.0,-1690.0,3500.0,yonden
2017,6,2017-06-09,14:00,3560.0,880.0,2730.0,350.0,－－－－－－－－－－,10.0,1120.0,0.0,0.0,0.0,0.0,-1530.0,3560.0,yonden
2017,6,2017-06-09,15:00,3450.0,880.0,2800.0,390.0,－－－－－－－－－－,10.0,740.0,0.0,0.0,0.0,0.0,-1370.0,3450.0,yonden
2017,6,2017-06-09,16:00,3360.0,880.0,2970.0,390.0,－－－－－－－－－－,10.0,470.0,0.0,0.0,0.0,0.0,-1360.0,3360.0,yonden
2017,6,2017-06-09,17:00,3350.0,880.0,2780.0,440.0,－－－－－－－－－－,10.0,380.0,0.0,0.0,0.0,170.0,-1310.0,3350.0,yonden
2017,6,2017-06-09,18:00,3260.0,880.0,2810.0,540.0,－－－－－－－－－－,10.0,110.0,0.0,0.0,0.0,180.0,-1270.0,3260.0,yonden
2017,6,2017-06-09,19:00,3170.0,880.0,2830.0,480.0,－－－－－－－－－－,10.0,0.0,0.0,0.0,0.0,180.0,-1210.0,3170.0,yonden
2017,6,2017-06-09,20:00,3020.0,880.0,2700.0,350.0,－－－－－－－－－－,10.0,0.0,0.0,0.0,0.0,170.0,-1090.0,3020.0,yonden
2017,6,2017-06-09,21:00,2820.0,880.0,2580.0,290.0,－－－－－－－－－－,10.0,0.0,0.0,10.0,0.0,70.0,-1020.0,2820.0,yonden
2017,6,2017-06-09,22:00,2610.0,880.0,2430.0,240.0,－－－－－－－－－－,10.0,0.0,0.0,10.0,0.0,0.0,-960.0,2610.0,yonden
2017,6,2017-06-09,23:00,2490.0,880.0,2270.0,220.0,－－－－－－－－－－,10.0,0.0,0.0,10.0,0.0,0.0,-900.0,2490.0,yonden
2017,6,2017-06-10,00:00,2330.0,880.0,2060.0,140.0,－－－－－－－－－－,10.0,0.0,0.0,10.0,0.0,0.0,-770.0,2330.0,yonden
2017,6,2017-06-10,01:00,2300.0,880.0,2040.0,130.0,－－－－－－－－－－,10.0,0.0,0.0,10.0,0.0,0.0,-770.0,2300.0,yonden
2017,6,2017-06-10,02:00,2430.0,880.0,2090.0,140.0,－－－－－－－－－－,10.0,0.0,0.0,10.0,0.0,0.0,-700.0,2430.0,yonden
2017,6,2017-06-10,03:00,2660.0,880.0,2260.0,200.0,－－－－－－－－－－,10.0,0.0,0.0,0.0,0.0,0.0,-690.0,2660.0,yonden
2017,6,2017-06-10,04:00,2750.0,880.0,2320.0,200.0,－－－－－－－－－－,10.0,0.0,0.0,0.0,0.0,0.0,-660.0,2750.0,yonden
2017,6,2017-06-10,05:00,2690.0,880.0,2210.0,160.0,－－－－－－－－－－,10.0,60.0,0.0,10.0,0.0,0.0,-640.0,2690.0,yonden
2017,6,2017-06-10,06:00,2520.0,880.0,1910.0,150.0,－－－－－－－－－－,10.0,320.0,0.0,10.0,0.0,0.0,-760.0,2520.0,yonden
2017,6,2017-06-10,07:00,2400.0,880.0,1840.0,190.0,－－－－－－－－－－,10.0,640.0,0.0,0.0,0.0,0.0,-1160.0,2400.0,yonden
2017,6,2017-06-10,08:00,2630.0,880.0,2010.0,210.0,－－－－－－－－－－,10.0,940.0,0.0,0.0,0.0,0.0,-1420.0,2630.0,yonden
2017,6,2017-06-10,09:00,2840.0,880.0,2060.0,210.0,－－－－－－－－－－,10.0,1210.0,0.0,10.0,0.0,0.0,-1540.0,2840.0,yonden
2017,6,2017-06-10,10:00,2910.0,880.0,1990.0,170.0,－－－－－－－－－－,10.0,1430.0,0.0,10.0,0.0,0.0,-1580.0,2910.0,yonden
2017,6,2017-06-10,11:00,3010.0,880.0,1980.0,160.0,－－－－－－－－－－,10.0,1480.0,0.0,10.0,0.0,0.0,-1510.0,3010.0,yonden
2017,6,2017-06-10,12:00,2950.0,880.0,1930.0,160.0,－－－－－－－－－－,10.0,1460.0,0.0,20.0,0.0,-10.0,-1500.0,2950.0,yonden
2017,6,2017-06-10,13:00,3030.0,880.0,2050.0,200.0,－－－－－－－－－－,10.0,1400.0,0.0,20.0,0.0,-300.0,-1230.0,3030.0,yonden
2017,6,2017-06-10,14:00,3070.0,880.0,2150.0,170.0,－－－－－－－－－－,10.0,1220.0,0.0,20.0,0.0,-300.0,-1080.0,3070.0,yonden
2017,6,2017-06-10,15:00,3020.0,880.0,2390.0,200.0,－－－－－－－－－－,10.0,800.0,0.0,20.0,0.0,-300.0,-980.0,3020.0,yonden
2017,6,2017-06-10,16:00,2920.0,880.0,2270.0,260.0,－－－－－－－－－－,10.0,380.0,0.0,20.0,0.0,-50.0,-850.0,2920.0,yonden
2017,6,2017-06-10,17:00,2860.0,880.0,2310.0,310.0,－－－－－－－－－－,10.0,130.0,0.0,10.0,0.0,160.0,-950.0,2860.0,yonden
2017,6,2017-06-10,18:00,2920.0,880.0,2370.0,430.0,－－－－－－－－－－,10.0,30.0,0.0,20.0,0.0,180.0,-1000.0,2920.0,yonden
2017,6,2017-06-10,19:00,2950.0,880.0,2410.0,410.0,－－－－－－－－－－,10.0,0.0,0.0,10.0,0.0,170.0,-940.0,2950.0,yonden
2017,6,2017-06-10,20:00,2810.0,880.0,2360.0,270.0,－－－－－－－－－－,10.0,0.0,0.0,10.0,0.0,120.0,-840.0,2810.0,yonden
2017,6,2017-06-10,21:00,2630.0,880.0,2260.0,160.0,－－－－－－－－－－,10.0,0.0,0.0,10.0,0.0,0.0,-690.0,2630.0,yonden
2017,6,2017-06-10,22:00,2450.0,880.0,2220.0,130.0,－－－－－－－－－－,10.0,0.0,0.0,10.0,0.0,0.0,-800.0,2450.0,yonden
2017,6,2017-06-10,23:00,2330.0,880.0,2150.0,130.0,－－－－－－－－－－,10.0,0.0,0.0,0.0,0.0,0.0,-840.0,2330.0,yonden
2017,6,2017-06-11,00:00,2210.0,880.0,2050.0,130.0,－－－－－－－－－－,10.0,0.0,0.0,10.0,0.0,0.0,-870.0,2210.0,yonden
2017,6,2017-06-11,01:00,2160.0,880.0,2040.0,120.0,－－－－－－－－－－,10.0,0.0,0.0,0.0,0.0,0.0,-890.0,2160.0,yonden
2017,6,2017-06-11,02:00,2300.0,880.0,2040.0,140.0,－－－－－－－－－－,10.0,0.0,0.0,0.0,0.0,0.0,-770.0,2300.0,yonden
2017,6,2017-06-11,03:00,2510.0,880.0,2160.0,210.0,－－－－－－－－－－,10.0,0.0,0.0,0.0,0.0,0.0,-750.0,2510.0,yonden
2017,6,2017-06-11,04:00,2620.0,880.0,2200.0,270.0,－－－－－－－－－－,10.0,0.0,0.0,0.0,0.0,0.0,-740.0,2620.0,yonden
2017,6,2017-06-11,05:00,2530.0,880.0,2120.0,170.0,－－－－－－－－－－,10.0,40.0,0.0,0.0,0.0,0.0,-690.0,2530.0,yonden
2017,6,2017-06-11,06:00,2260.0,880.0,1990.0,170.0,－－－－－－－－－－,10.0,90.0,0.0,0.0,0.0,0.0,-880.0,2260.0,yonden
2017,6,2017-06-11,07:00,2140.0,880.0,2010.0,150.0,－－－－－－－－－－,10.0,150.0,0.0,0.0,0.0,0.0,-1060.0,2140.0,yonden
2017,6,2017-06-11,08:00,2290.0,880.0,2190.0,180.0,－－－－－－－－－－,10.0,200.0,0.0,0.0,0.0,0.0,-1170.0,2290.0,yonden
2017,6,2017-06-11,09:00,2450.0,880.0,2570.0,260.0,－－－－－－－－－－,10.0,200.0,0.0,0.0,0.0,0.0,-1470.0,2450.0,yonden
2017,6,2017-06-11,10:00,2430.0,880.0,2580.0,240.0,－－－－－－－－－－,10.0,430.0,0.0,0.0,0.0,-40.0,-1670.0,2430.0,yonden
2017,6,2017-06-11,11:00,2450.0,880.0,2630.0,230.0,－－－－－－－－－－,10.0,710.0,0.0,0.0,0.0,-300.0,-1710.0,2450.0,yonden
2017,6,2017-06-11,12:00,2460.0,880.0,2640.0,220.0,－－－－－－－－－－,10.0,800.0,0.0,0.0,0.0,-300.0,-1790.0,2460.0,yonden
2017,6,2017-06-11,13:00,2420.0,880.0,2490.0,190.0,－－－－－－－－－－,10.0,830.0,0.0,0.0,0.0,-300.0,-1680.0,2420.0,yonden
2017,6,2017-06-11,14:00,2450.0,880.0,2490.0,170.0,－－－－－－－－－－,10.0,690.0,0.0,0.0,0.0,-300.0,-1490.0,2450.0,yonden
2017,6,2017-06-11,15:00,2500.0,880.0,2450.0,180.0,－－－－－－－－－－,10.0,460.0,0.0,0.0,0.0,-110.0,-1370.0,2500.0,yonden
2017,6,2017-06-11,16:00,2580.0,880.0,2680.0,300.0,－－－－－－－－－－,10.0,220.0,0.0,0.0,0.0,0.0,-1510.0,2580.0,yonden
2017,6,2017-06-11,17:00,2670.0,880.0,2870.0,280.0,－－－－－－－－－－,10.0,100.0,0.0,10.0,0.0,0.0,-1480.0,2670.0,yonden
2017,6,2017-06-11,18:00,2730.0,880.0,2830.0,320.0,－－－－－－－－－－,10.0,30.0,0.0,20.0,0.0,0.0,-1360.0,2730.0,yonden
2017,6,2017-06-11,19:00,2720.0,880.0,2730.0,290.0,－－－－－－－－－－,10.0,0.0,0.0,30.0,0.0,0.0,-1220.0,2720.0,yonden
2017,6,2017-06-11,20:00,2620.0,880.0,2560.0,230.0,－－－－－－－－－－,10.0,0.0,0.0,30.0,0.0,0.0,-1090.0,2620.0,yonden
2017,6,2017-06-11,21:00,2470.0,880.0,2460.0,180.0,－－－－－－－－－－,10.0,0.0,0.0,30.0,0.0,0.0,-1090.0,2470.0,yonden
2017,6,2017-06-11,22:00,2320.0,880.0,2430.0,150.0,－－－－－－－－－－,10.0,0.0,0.0,30.0,0.0,0.0,-1180.0,2320.0,yonden
2017,6,2017-06-11,23:00,2250.0,880.0,2440.0,130.0,－－－－－－－－－－,10.0,0.0,0.0,30.0,0.0,-160.0,-1080.0,2250.0,yonden
2017,6,2017-06-12,00:00,2140.0,880.0,2380.0,120.0,－－－－－－－－－－,10.0,0.0,0.0,30.0,0.0,-290.0,-990.0,2140.0,yonden
2017,6,2017-06-12,01:00,2140.0,880.0,2380.0,110.0,－－－－－－－－－－,10.0,0.0,0.0,40.0,0.0,-290.0,-990.0,2140.0,yonden
2017,6,2017-06-12,02:00,2300.0,880.0,2400.0,160.0,－－－－－－－－－－,10.0,0.0,0.0,40.0,0.0,-190.0,-1000.0,2300.0,yonden
2017,6,2017-06-12,03:00,2550.0,880.0,2530.0,250.0,－－－－－－－－－－,10.0,0.0,0.0,40.0,0.0,0.0,-1160.0,2550.0,yonden
2017,6,2017-06-12,04:00,2690.0,880.0,2510.0,310.0,－－－－－－－－－－,10.0,0.0,0.0,40.0,0.0,0.0,-1060.0,2690.0,yonden
2017,6,2017-06-12,05:00,2670.0,880.0,2530.0,250.0,－－－－－－－－－－,10.0,60.0,0.0,50.0,0.0,0.0,-1110.0,2670.0,yonden
2017,6,2017-06-12,06:00,2470.0,880.0,2290.0,130.0,－－－－－－－－－－,10.0,260.0,0.0,50.0,0.0,0.0,-1150.0,2470.0,yonden
2017,6,2017-06-12,07:00,2440.0,880.0,2190.0,130.0,－－－－－－－－－－,10.0,500.0,0.0,50.0,0.0,0.0,-1320.0,2440.0,yonden
2017,6,2017-06-12,08:00,2880.0,880.0,2880.0,170.0,－－－－－－－－－－,10.0,850.0,0.0,40.0,0.0,0.0,-1950.0,2880.0,yonden
2017,6,2017-06-12,09:00,3150.0,880.0,3080.0,180.0,－－－－－－－－－－,10.0,1170.0,0.0,50.0,0.0,0.0,-2220.0,3150.0,yonden
2017,6,2017-06-12,10:00,3250.0,880.0,3010.0,180.0,－－－－－－－－－－,10.0,1320.0,0.0,50.0,0.0,0.0,-2200.0,3250.0,yonden
2017,6,2017-06-12,11:00,3300.0,880.0,2930.0,140.0,－－－－－－－－－－,10.0,1410.0,0.0,50.0,0.0,0.0,-2120.0,3300.0,yonden
2017,6,2017-06-12,12:00,3140.0,880.0,2980.0,160.0,－－－－－－－－－－,10.0,1270.0,0.0,60.0,0.0,0.0,-2220.0,3140.0,yonden
2017,6,2017-06-12,13:00,3280.0,880.0,3020.0,160.0,－－－－－－－－－－,10.0,1110.0,0.0,60.0,0.0,0.0,-1960.0,3280.0,yonden
2017,6,2017-06-12,14:00,3270.0,880.0,3180.0,210.0,－－－－－－－－－－,10.0,870.0,0.0,30.0,0.0,0.0,-1910.0,3270.0,yonden
2017,6,2017-06-12,15:00,3200.0,880.0,3310.0,240.0,－－－－－－－－－－,10.0,580.0,0.0,20.0,0.0,0.0,-1840.0,3200.0,yonden
2017,6,2017-06-12,16:00,3170.0,880.0,3520.0,320.0,－－－－－－－－－－,10.0,240.0,0.0,10.0,0.0,0.0,-1810.0,3170.0,yonden
2017,6,2017-06-12,17:00,3030.0,880.0,3430.0,300.0,－－－－－－－－－－,10.0,90.0,0.0,10.0,0.0,80.0,-1770.0,3030.0,yonden
2017,6,2017-06-12,18:00,3080.0,880.0,3330.0,420.0,－－－－－－－－－－,10.0,40.0,0.0,10.0,0.0,180.0,-1790.0,3080.0,yonden
2017,6,2017-06-12,19:00,3070.0,880.0,3400.0,400.0,－－－－－－－－－－,10.0,0.0,0.0,20.0,0.0,160.0,-1800.0,3070.0,yonden
2017,6,2017-06-12,20:00,2940.0,880.0,3410.0,310.0,－－－－－－－－－－,10.0,0.0,0.0,20.0,0.0,0.0,-1690.0,2940.0,yonden
2017,6,2017-06-12,21:00,2740.0,880.0,3290.0,180.0,－－－－－－－－－－,10.0,0.0,0.0,10.0,0.0,0.0,-1630.0,2740.0,yonden
2017,6,2017-06-12,22:00,2520.0,880.0,3180.0,120.0,－－－－－－－－－－,10.0,0.0,0.0,10.0,0.0,0.0,-1680.0,2520.0,yonden
2017,6,2017-06-12,23:00,2410.0,880.0,3010.0,110.0,－－－－－－－－－－,10.0,0.0,0.0,10.0,0.0,0.0,-1610.0,2410.0,yonden
2017,6,2017-06-13,00:00,2300.0,880.0,2900.0,110.0,－－－－－－－－－－,10.0,0.0,0.0,10.0,0.0,0.0,-1610.0,2300.0,yonden
2017,6,2017-06-13,01:00,2270.0,880.0,2870.0,100.0,－－－－－－－－－－,10.0,0.0,0.0,20.0,0.0,0.0,-1610.0,2270.0,yonden
2017,6,2017-06-13,02:00,2430.0,880.0,2920.0,120.0,－－－－－－－－－－,10.0,0.0,0.0,30.0,0.0,0.0,-1530.0,2430.0,yonden
2017,6,2017-06-13,03:00,2660.0,880.0,2970.0,190.0,－－－－－－－－－－,10.0,0.0,0.0,30.0,0.0,0.0,-1420.0,2660.0,yonden
2017,6,2017-06-13,04:00,2810.0,880.0,3000.0,240.0,－－－－－－－－－－,10.0,0.0,0.0,20.0,0.0,0.0,-1340.0,2810.0,yonden
2017,6,2017-06-13,05:00,2760.0,880.0,2980.0,180.0,－－－－－－－－－－,10.0,70.0,0.0,20.0,0.0,0.0,-1380.0,2760.0,yonden
2017,6,2017-06-13,06:00,2610.0,880.0,2800.0,120.0,－－－－－－－－－－,10.0,290.0,0.0,20.0,0.0,0.0,-1510.0,2610.0,yonden
2017,6,2017-06-13,07:00,2530.0,880.0,2580.0,160.0,－－－－－－－－－－,10.0,550.0,0.0,20.0,0.0,0.0,-1670.0,2530.0,yonden
2017,6,2017-06-13,08:00,2920.0,880.0,3190.0,200.0,－－－－－－－－－－,10.0,800.0,0.0,20.0,0.0,0.0,-2180.0,2920.0,yonden
2017,6,2017-06-13,09:00,3150.0,880.0,3300.0,220.0,－－－－－－－－－－,10.0,1040.0,0.0,20.0,0.0,0.0,-2320.0,3150.0,yonden
2017,6,2017-06-13,10:00,3240.0,880.0,3200.0,180.0,－－－－－－－－－－,10.0,1260.0,0.0,10.0,0.0,0.0,-2300.0,3240.0,yonden
2017,6,2017-06-13,11:00,3310.0,880.0,3130.0,170.0,－－－－－－－－－－,10.0,1400.0,0.0,10.0,0.0,0.0,-2290.0,3310.0,yonden
2017,6,2017-06-13,12:00,3120.0,880.0,3070.0,150.0,－－－－－－－－－－,10.0,1350.0,0.0,10.0,0.0,0.0,-2350.0,3120.0,yonden
2017,6,2017-06-13,13:00,3300.0,880.0,3210.0,130.0,－－－－－－－－－－,10.0,1270.0,0.0,10.0,0.0,0.0,-2210.0,3300.0,yonden
2017,6,2017-06-13,14:00,3330.0,880.0,3230.0,180.0,－－－－－－－－－－,10.0,1140.0,0.0,0.0,0.0,0.0,-2110.0,3330.0,yonden
2017,6,2017-06-13,15:00,3300.0,880.0,3310.0,220.0,－－－－－－－－－－,10.0,860.0,0.0,0.0,0.0,0.0,-1980.0,3300.0,yonden
2017,6,2017-06-13,16:00,3300.0,880.0,3570.0,240.0,－－－－－－－－－－,10.0,550.0,0.0,0.0,0.0,0.0,-1950.0,3300.0,yonden
2017,6,2017-06-13,17:00,3200.0,880.0,3720.0,310.0,－－－－－－－－－－,10.0,250.0,0.0,0.0,0.0,0.0,-1970.0,3200.0,yonden
2017,6,2017-06-13,18:00,3140.0,880.0,3800.0,410.0,－－－－－－－－－－,10.0,40.0,0.0,0.0,0.0,0.0,-2000.0,3140.0,yonden
2017,6,2017-06-13,19:00,3140.0,880.0,3810.0,410.0,－－－－－－－－－－,10.0,0.0,0.0,0.0,0.0,0.0,-1970.0,3140.0,yonden
2017,6,2017-06-13,20:00,3000.0,880.0,3370.0,300.0,－－－－－－－－－－,10.0,0.0,0.0,0.0,0.0,0.0,-1560.0,3000.0,yonden
2017,6,2017-06-13,21:00,2800.0,880.0,3220.0,140.0,－－－－－－－－－－,10.0,0.0,0.0,0.0,0.0,0.0,-1450.0,2800.0,yonden
2017,6,2017-06-13,22:00,2590.0,880.0,3030.0,110.0,－－－－－－－－－－,10.0,0.0,0.0,0.0,0.0,0.0,-1440.0,2590.0,yonden
2017,6,2017-06-13,23:00,2460.0,880.0,2740.0,110.0,－－－－－－－－－－,10.0,0.0,0.0,0.0,0.0,0.0,-1280.0,2460.0,yonden
2017,6,2017-06-14,00:00,2350.0,880.0,2700.0,110.0,－－－－－－－－－－,10.0,0.0,0.0,0.0,0.0,0.0,-1350.0,2350.0,yonden
2017,6,2017-06-14,01:00,2350.0,880.0,2740.0,100.0,－－－－－－－－－－,10.0,0.0,0.0,0.0,0.0,0.0,-1380.0,2350.0,yonden
2017,6,2017-06-14,02:00,2500.0,880.0,2730.0,120.0,－－－－－－－－－－,10.0,0.0,0.0,0.0,0.0,0.0,-1240.0,2500.0,yonden
2017,6,2017-06-14,03:00,2740.0,880.0,2810.0,200.0,－－－－－－－－－－,10.0,0.0,0.0,0.0,0.0,0.0,-1160.0,2740.0,yonden
2017,6,2017-06-14,04:00,2880.0,880.0,2880.0,210.0,－－－－－－－－－－,10.0,0.0,0.0,0.0,0.0,0.0,-1100.0,2880.0,yonden
2017,6,2017-06-14,05:00,2840.0,880.0,2800.0,200.0,－－－－－－－－－－,10.0,70.0,0.0,0.0,0.0,0.0,-1120.0,2840.0,yonden
2017,6,2017-06-14,06:00,2670.0,880.0,2640.0,190.0,－－－－－－－－－－,10.0,320.0,0.0,0.0,0.0,-200.0,-1170.0,2670.0,yonden
2017,6,2017-06-14,07:00,2590.0,880.0,2650.0,140.0,－－－－－－－－－－,10.0,590.0,0.0,0.0,0.0,-300.0,-1380.0,2590.0,yonden
2017,6,2017-06-14,08:00,2980.0,880.0,3040.0,160.0,－－－－－－－－－－,10.0,890.0,0.0,0.0,0.0,-90.0,-1910.0,2980.0,yonden
2017,6,2017-06-14,09:00,3220.0,880.0,3220.0,170.0,－－－－－－－－－－,10.0,1210.0,0.0,0.0,0.0,0.0,-2270.0,3220.0,yonden
2017,6,2017-06-14,10:00,3330.0,880.0,3260.0,170.0,－－－－－－－－－－,10.0,1370.0,0.0,0.0,0.0,0.0,-2360.0,3330.0,yonden
2017,6,2017-06-14,11:00,3390.0,880.0,3260.0,180.0,－－－－－－－－－－,10.0,1420.0,0.0,0.0,0.0,0.0,-2360.0,3390.0,yonden
2017,6,2017-06-14,12:00,3230.0,880.0,3080.0,170.0,－－－－－－－－－－,10.0,1470.0,0.0,0.0,0.0,0.0,-2380.0,3230.0,yonden
2017,6,2017-06-14,13:00,3450.0,880.0,3360.0,160.0,－－－－－－－－－－,10.0,1410.0,0.0,0.0,0.0,0.0,-2370.0,3450.0,yonden
2017,6,2017-06-14,14:00,3450.0,880.0,3490.0,160.0,－－－－－－－－－－,10.0,1280.0,0.0,0.0,0.0,0.0,-2370.0,3450.0,yonden
2017,6,2017-06-14,15:00,3460.0,880.0,3660.0,200.0,－－－－－－－－－－,10.0,1050.0,0.0,0.0,0.0,0.0,-2340.0,3460.0,yonden
2017,6,2017-06-14,16:00,3460.0,880.0,3730.0,300.0,－－－－－－－－－－,10.0,730.0,0.0,0.0,0.0,20.0,-2210.0,3460.0,yonden
2017,6,2017-06-14,17:00,3360.0,880.0,3670.0,360.0,－－－－－－－－－－,10.0,400.0,0.0,0.0,0.0,140.0,-2100.0,3360.0,yonden
2017,6,2017-06-14,18:00,3240.0,880.0,3670.0,440.0,－－－－－－－－－－,10.0,110.0,0.0,0.0,0.0,190.0,-2060.0,3240.0,yonden
2017,6,2017-06-14,19:00,3150.0,880.0,3680.0,400.0,－－－－－－－－－－,10.0,0.0,0.0,0.0,0.0,210.0,-2030.0,3150.0,yonden
2017,6,2017-06-14,20:00,3040.0,880.0,3640.0,280.0,－－－－－－－－－－,10.0,0.0,0.0,0.0,0.0,160.0,-1930.0,3040.0,yonden
2017,6,2017-06-14,21:00,2830.0,880.0,3650.0,200.0,－－－－－－－－－－,10.0,0.0,0.0,0.0,0.0,10.0,-1920.0,2830.0,yonden
2017,6,2017-06-14,22:00,2620.0,880.0,3500.0,150.0,－－－－－－－－－－,10.0,0.0,0.0,0.0,0.0,0.0,-1920.0,2620.0,yonden
2017,6,2017-06-14,23:00,2510.0,880.0,3320.0,150.0,－－－－－－－－－－,10.0,0.0,0.0,0.0,0.0,0.0,-1850.0,2510.0,yonden
2017,6,2017-06-15,00:00,2360.0,880.0,3220.0,130.0,－－－－－－－－－－,10.0,0.0,0.0,0.0,0.0,0.0,-1880.0,2360.0,yonden
2017,6,2017-06-15,01:00,2310.0,880.0,3170.0,130.0,－－－－－－－－－－,10.0,0.0,0.0,0.0,0.0,0.0,-1880.0,2310.0,yonden
2017,6,2017-06-15,02:00,2460.0,880.0,3160.0,150.0,－－－－－－－－－－,10.0,0.0,0.0,0.0,0.0,0.0,-1740.0,2460.0,yonden
2017,6,2017-06-15,03:00,2700.0,880.0,3200.0,220.0,－－－－－－－－－－,10.0,0.0,0.0,0.0,0.0,0.0,-1610.0,2700.0,yonden
2017,6,2017-06-15,04:00,2830.0,880.0,3220.0,220.0,－－－－－－－－－－,10.0,0.0,0.0,0.0,0.0,0.0,-1500.0,2830.0,yonden
2017,6,2017-06-15,05:00,2790.0,880.0,3200.0,200.0,－－－－－－－－－－,10.0,70.0,0.0,0.0,0.0,0.0,-1570.0,2790.0,yonden
2017,6,2017-06-15,06:00,2660.0,880.0,3000.0,140.0,－－－－－－－－－－,10.0,330.0,0.0,0.0,0.0,0.0,-1700.0,2660.0,yonden
2017,6,2017-06-15,07:00,2640.0,880.0,2870.0,170.0,－－－－－－－－－－,10.0,660.0,0.0,0.0,0.0,0.0,-1950.0,2640.0,yonden
2017,6,2017-06-15,08:00,3030.0,880.0,3200.0,150.0,－－－－－－－－－－,10.0,990.0,0.0,0.0,0.0,0.0,-2200.0,3030.0,yonden
2017,6,2017-06-15,09:00,3280.0,880.0,3300.0,180.0,－－－－－－－－－－,10.0,1240.0,0.0,0.0,0.0,0.0,-2330.0,3280.0,yonden
2017,6,2017-06-15,10:00,3380.0,880.0,3230.0,170.0,－－－－－－－－－－,10.0,1410.0,0.0,0.0,0.0,0.0,-2320.0,3380.0,yonden
2017,6,2017-06-15,11:00,3450.0,880.0,3250.0,140.0,－－－－－－－－－－,10.0,1490.0,0.0,0.0,0.0,0.0,-2320.0,3450.0,yonden
2017,6,2017-06-15,12:00,3300.0,880.0,3140.0,140.0,－－－－－－－－－－,10.0,1510.0,0.0,0.0,0.0,0.0,-2380.0,3300.0,yonden
2017,6,2017-06-15,13:00,3530.0,880.0,3370.0,130.0,－－－－－－－－－－,10.0,1460.0,0.0,0.0,0.0,0.0,-2320.0,3530.0,yonden
2017,6,2017-06-15,14:00,3590.0,880.0,3570.0,150.0,－－－－－－－－－－,10.0,1320.0,0.0,0.0,0.0,0.0,-2340.0,3590.0,yonden
2017,6,2017-06-15,15:00,3600.0,880.0,3670.0,220.0,－－－－－－－－－－,10.0,1100.0,0.0,0.0,0.0,20.0,-2300.0,3600.0,yonden
2017,6,2017-06-15,16:00,3650.0,880.0,3720.0,310.0,－－－－－－－－－－,10.0,780.0,0.0,0.0,0.0,140.0,-2190.0,3650.0,yonden
2017,6,2017-06-15,17:00,3530.0,880.0,3800.0,360.0,－－－－－－－－－－,10.0,420.0,0.0,0.0,0.0,190.0,-2130.0,3530.0,yonden
2017,6,2017-06-15,18:00,3400.0,880.0,3860.0,450.0,－－－－－－－－－－,10.0,120.0,0.0,0.0,0.0,190.0,-2110.0,3400.0,yonden
2017,6,2017-06-15,19:00,3280.0,880.0,3840.0,420.0,－－－－－－－－－－,10.0,0.0,0.0,0.0,0.0,180.0,-2050.0,3280.0,yonden
2017,6,2017-06-15,20:00,3120.0,880.0,3760.0,320.0,－－－－－－－－－－,10.0,0.0,0.0,10.0,0.0,90.0,-1950.0,3120.0,yonden
2017,6,2017-06-15,21:00,2900.0,880.0,3680.0,240.0,－－－－－－－－－－,10.0,0.0,0.0,10.0,0.0,0.0,-1920.0,2900.0,yonden
2017,6,2017-06-15,22:00,2690.0,880.0,3560.0,180.0,－－－－－－－－－－,10.0,0.0,0.0,10.0,0.0,0.0,-1950.0,2690.0,yonden
2017,6,2017-06-15,23:00,2560.0,880.0,3370.0,140.0,－－－－－－－－－－,10.0,0.0,0.0,10.0,0.0,0.0,-1850.0,2560.0,yonden
2017,6,2017-06-16,00:00,2390.0,880.0,3190.0,140.0,－－－－－－－－－－,10.0,0.0,0.0,10.0,0.0,0.0,-1840.0,2390.0,yonden
2017,6,2017-06-16,01:00,2340.0,880.0,3170.0,160.0,－－－－－－－－－－,10.0,0.0,0.0,10.0,0.0,0.0,-1890.0,2340.0,yonden
2017,6,2017-06-16,02:00,2480.0,880.0,3150.0,180.0,－－－－－－－－－－,10.0,0.0,0.0,20.0,0.0,0.0,-1760.0,2480.0,yonden
2017,6,2017-06-16,03:00,2700.0,880.0,3170.0,210.0,－－－－－－－－－－,10.0,0.0,0.0,30.0,0.0,0.0,-1600.0,2700.0,yonden
2017,6,2017-06-16,04:00,2830.0,880.0,3230.0,210.0,－－－－－－－－－－,10.0,0.0,0.0,30.0,0.0,0.0,-1530.0,2830.0,yonden
2017,6,2017-06-16,05:00,2800.0,880.0,3200.0,180.0,－－－－－－－－－－,10.0,60.0,0.0,20.0,0.0,0.0,-1550.0,2800.0,yonden
2017,6,2017-06-16,06:00,2710.0,880.0,3170.0,170.0,－－－－－－－－－－,10.0,250.0,0.0,20.0,0.0,0.0,-1790.0,2710.0,yonden
2017,6,2017-06-16,07:00,2750.0,880.0,3180.0,180.0,－－－－－－－－－－,10.0,550.0,0.0,20.0,0.0,0.0,-2070.0,2750.0,yonden
2017,6,2017-06-16,08:00,3150.0,880.0,3480.0,180.0,－－－－－－－－－－,10.0,880.0,0.0,10.0,0.0,0.0,-2290.0,3150.0,yonden
2017,6,2017-06-16,09:00,3410.0,880.0,3550.0,200.0,－－－－－－－－－－,10.0,1100.0,0.0,10.0,0.0,0.0,-2340.0,3410.0,yonden
2017,6,2017-06-16,10:00,3480.0,880.0,3580.0,180.0,－－－－－－－－－－,10.0,1150.0,0.0,0.0,0.0,0.0,-2320.0,3480.0,yonden
2017,6,2017-06-16,11:00,3530.0,880.0,3620.0,150.0,－－－－－－－－－－,10.0,1230.0,0.0,0.0,0.0,-30.0,-2330.0,3530.0,yonden
2017,6,2017-06-16,12:00,3360.0,880.0,3720.0,200.0,－－－－－－－－－－,10.0,1240.0,0.0,0.0,0.0,-300.0,-2390.0,3360.0,yonden
2017,6,2017-06-16,13:00,3600.0,880.0,3750.0,170.0,－－－－－－－－－－,10.0,1150.0,0.0,0.0,0.0,-30.0,-2330.0,3600.0,yonden
2017,6,2017-06-16,14:00,3630.0,880.0,3870.0,180.0,－－－－－－－－－－,10.0,1030.0,0.0,0.0,0.0,0.0,-2340.0,3630.0,yonden
2017,6,2017-06-16,15:00,3630.0,880.0,3830.0,240.0,－－－－－－－－－－,10.0,890.0,0.0,0.0,0.0,90.0,-2310.0,3630.0,yonden
2017,6,2017-06-16,16:00,3660.0,880.0,3800.0,300.0,－－－－－－－－－－,10.0,680.0,0.0,0.0,0.0,180.0,-2190.0,3660.0,yonden
2017,6,2017-06-16,17:00,3510.0,880.0,3800.0,360.0,－－－－－－－－－－,10.0,360.0,0.0,0.0,0.0,240.0,-2140.0,3510.0,yonden
2017,6,2017-06-16,18:00,3340.0,880.0,3730.0,450.0,－－－－－－－－－－,10.0,90.0,0.0,10.0,0.0,300.0,-2130.0,3340.0,yonden
2017,6,2017-06-16,19:00,3260.0,880.0,3720.0,390.0,－－－－－－－－－－,10.0,0.0,0.0,0.0,0.0,310.0,-2050.0,3260.0,yonden
2017,6,2017-06-16,20:00,3110.0,880.0,3690.0,290.0,－－－－－－－－－－,10.0,0.0,0.0,0.0,0.0,160.0,-1920.0,3110.0,yonden
2017,6,2017-06-16,21:00,2900.0,880.0,3440.0,230.0,－－－－－－－－－－,10.0,0.0,0.0,0.0,0.0,0.0,-1660.0,2900.0,yonden
2017,6,2017-06-16,22:00,2670.0,880.0,2870.0,150.0,－－－－－－－－－－,10.0,0.0,0.0,0.0,0.0,0.0,-1240.0,2670.0,yonden
2017,6,2017-06-16,23:00,2530.0,880.0,2630.0,140.0,－－－－－－－－－－,10.0,0.0,0.0,0.0,0.0,0.0,-1130.0,2530.0,yonden
2017,6,2017-06-17,00:00,2380.0,880.0,2470.0,110.0,－－－－－－－－－－,10.0,0.0,0.0,10.0,0.0,0.0,-1100.0,2380.0,yonden
2017,6,2017-06-17,01:00,2320.0,880.0,2430.0,80.0,－－－－－－－－－－,10.0,0.0,0.0,10.0,0.0,0.0,-1090.0,2320.0,yonden
2017,6,2017-06-17,02:00,2420.0,880.0,2410.0,100.0,－－－－－－－－－－,10.0,0.0,0.0,10.0,0.0,0.0,-990.0,2420.0,yonden
2017,6,2017-06-17,03:00,2650.0,880.0,2520.0,150.0,－－－－－－－－－－,10.0,0.0,0.0,10.0,0.0,0.0,-920.0,2650.0,yonden
2017,6,2017-06-17,04:00,2790.0,880.0,2630.0,150.0,－－－－－－－－－－,10.0,0.0,0.0,10.0,0.0,0.0,-890.0,2790.0,yonden
2017,6,2017-06-17,05:00,2720.0,880.0,2540.0,120.0,－－－－－－－－－－,10.0,70.0,0.0,10.0,0.0,0.0,-910.0,2720.0,yonden
2017,6,2017-06-17,06:00,2540.0,880.0,2290.0,130.0,－－－－－－－－－－,10.0,320.0,0.0,10.0,0.0,0.0,-1100.0,2540.0,yonden
2017,6,2017-06-17,07:00,2450.0,880.0,2180.0,120.0,－－－－－－－－－－,10.0,630.0,0.0,10.0,0.0,0.0,-1380.0,2450.0,yonden
2017,6,2017-06-17,08:00,2690.0,880.0,2380.0,140.0,－－－－－－－－－－,10.0,930.0,0.0,10.0,0.0,-10.0,-1650.0,2690.0,yonden
2017,6,2017-06-17,09:00,2890.0,880.0,2660.0,200.0,－－－－－－－－－－,10.0,1170.0,0.0,10.0,0.0,-310.0,-1730.0,2890.0,yonden
2017,6,2017-06-17,10:00,2990.0,880.0,2680.0,200.0,－－－－－－－－－－,10.0,1340.0,0.0,10.0,0.0,-300.0,-1830.0,2990.0,yonden
2017,6,2017-06-17,11:00,3040.0,880.0,2680.0,150.0,－－－－－－－－－－,10.0,1420.0,0.0,0.0,0.0,-300.0,-1800.0,3040.0,yonden
2017,6,2017-06-17,12:00,2970.0,880.0,2570.0,110.0,－－－－－－－－－－,10.0,1310.0,0.0,10.0,0.0,-300.0,-1620.0,2970.0,yonden
2017,6,2017-06-17,13:00,2960.0,880.0,2630.0,120.0,－－－－－－－－－－,10.0,1030.0,0.0,10.0,0.0,-300.0,-1420.0,2960.0,yonden
2017,6,2017-06-17,14:00,2910.0,880.0,2660.0,120.0,－－－－－－－－－－,10.0,790.0,0.0,10.0,0.0,0.0,-1560.0,2910.0,yonden
2017,6,2017-06-17,15:00,2860.0,880.0,2950.0,130.0,－－－－－－－－－－,10.0,520.0,0.0,10.0,0.0,0.0,-1640.0,2860.0,yonden
2017,6,2017-06-17,16:00,2820.0,880.0,3150.0,140.0,－－－－－－－－－－,10.0,230.0,0.0,20.0,0.0,0.0,-1610.0,2820.0,yonden
2017,6,2017-06-17,17:00,2820.0,880.0,3150.0,210.0,－－－－－－－－－－,10.0,100.0,0.0,30.0,0.0,0.0,-1560.0,2820.0,yonden
2017,6,2017-06-17,18:00,2890.0,880.0,3100.0,300.0,－－－－－－－－－－,10.0,30.0,0.0,40.0,0.0,0.0,-1470.0,2890.0,yonden
2017,6,2017-06-17,19:00,2930.0,880.0,3180.0,320.0,－－－－－－－－－－,10.0,0.0,0.0,30.0,0.0,0.0,-1490.0,2930.0,yonden
2017,6,2017-06-17,20:00,2830.0,880.0,3150.0,190.0,－－－－－－－－－－,10.0,0.0,0.0,30.0,0.0,0.0,-1430.0,2830.0,yonden
2017,6,2017-06-17,21:00,2640.0,880.0,2980.0,130.0,－－－－－－－－－－,10.0,0.0,0.0,20.0,0.0,0.0,-1380.0,2640.0,yonden
2017,6,2017-06-17,22:00,2460.0,880.0,2910.0,110.0,－－－－－－－－－－,10.0,0.0,0.0,30.0,0.0,0.0,-1480.0,2460.0,yonden
2017,6,2017-06-17,23:00,2360.0,880.0,2710.0,100.0,－－－－－－－－－－,10.0,0.0,0.0,20.0,0.0,0.0,-1360.0,2360.0,yonden
2017,6,2017-06-18,00:00,2230.0,880.0,2640.0,90.0,－－－－－－－－－－,10.0,0.0,0.0,10.0,0.0,0.0,-1400.0,2230.0,yonden
2017,6,2017-06-18,01:00,2200.0,880.0,2630.0,90.0,－－－－－－－－－－,10.0,0.0,0.0,0.0,0.0,0.0,-1410.0,2200.0,yonden
2017,6,2017-06-18,02:00,2330.0,880.0,2630.0,90.0,－－－－－－－－－－,10.0,0.0,0.0,0.0,0.0,0.0,-1280.0,2330.0,yonden
2017,6,2017-06-18,03:00,2540.0,880.0,2590.0,140.0,－－－－－－－－－－,10.0,0.0,0.0,0.0,0.0,0.0,-1080.0,2540.0,yonden
2017,6,2017-06-18,04:00,2660.0,880.0,2670.0,170.0,－－－－－－－－－－,10.0,0.0,0.0,0.0,0.0,0.0,-1070.0,2660.0,yonden
2017,6,2017-06-18,05:00,2590.0,880.0,2630.0,130.0,－－－－－－－－－－,10.0,60.0,0.0,0.0,0.0,0.0,-1120.0,2590.0,yonden
2017,6,2017-06-18,06:00,2330.0,880.0,2500.0,120.0,－－－－－－－－－－,10.0,230.0,0.0,0.0,0.0,0.0,-1410.0,2330.0,yonden
2017,6,2017-06-18,07:00,2210.0,880.0,2400.0,170.0,－－－－－－－－－－,10.0,480.0,0.0,0.0,0.0,-200.0,-1530.0,2210.0,yonden
2017,6,2017-06-18,08:00,2350.0,880.0,2420.0,110.0,－－－－－－－－－－,10.0,760.0,0.0,0.0,0.0,-300.0,-1530.0,2350.0,yonden
2017,6,2017-06-18,09:00,2480.0,880.0,2420.0,120.0,－－－－－－－－－－,10.0,960.0,0.0,0.0,0.0,-300.0,-1610.0,2480.0,yonden
2017,6,2017-06-18,10:00,2540.0,880.0,2450.0,120.0,－－－－－－－－－－,10.0,1210.0,0.0,0.0,0.0,-300.0,-1830.0,2540.0,yonden
2017,6,2017-06-18,11:00,2620.0,880.0,2430.0,110.0,－－－－－－－－－－,10.0,1350.0,0.0,0.0,0.0,-300.0,-1860.0,2620.0,yonden
2017,6,2017-06-18,12:00,2700.0,830.0,2300.0,110.0,－－－－－－－－－－,10.0,1430.0,0.0,0.0,0.0,-300.0,-1680.0,2700.0,yonden
2017,6,2017-06-18,13:00,2710.0,860.0,2290.0,110.0,－－－－－－－－－－,10.0,1370.0,0.0,0.0,0.0,-300.0,-1630.0,2710.0,yonden
2017,6,2017-06-18,14:00,2720.0,880.0,2190.0,130.0,－－－－－－－－－－,10.0,1260.0,0.0,0.0,0.0,-300.0,-1450.0,2720.0,yonden
2017,6,2017-06-18,15:00,2760.0,880.0,2390.0,230.0,－－－－－－－－－－,10.0,1030.0,0.0,0.0,0.0,-140.0,-1640.0,2760.0,yonden
2017,6,2017-06-18,16:00,2830.0,880.0,2510.0,170.0,－－－－－－－－－－,10.0,740.0,0.0,0.0,0.0,0.0,-1480.0,2830.0,yonden
2017,6,2017-06-18,17:00,2920.0,880.0,2670.0,230.0,－－－－－－－－－－,10.0,400.0,0.0,10.0,0.0,0.0,-1280.0,2920.0,yonden
2017,6,2017-06-18,18:00,2890.0,880.0,2720.0,290.0,－－－－－－－－－－,10.0,110.0,0.0,10.0,0.0,0.0,-1130.0,2890.0,yonden
2017,6,2017-06-18,19:00,2860.0,880.0,2670.0,310.0,－－－－－－－－－－,10.0,0.0,0.0,20.0,0.0,0.0,-1030.0,2860.0,yonden
2017,6,2017-06-18,20:00,2770.0,880.0,2660.0,180.0,－－－－－－－－－－,10.0,0.0,0.0,30.0,0.0,0.0,-990.0,2770.0,yonden
2017,6,2017-06-18,21:00,2590.0,880.0,2570.0,120.0,－－－－－－－－－－,10.0,0.0,0.0,30.0,0.0,0.0,-1020.0,2590.0,yonden
2017,6,2017-06-18,22:00,2430.0,880.0,2510.0,100.0,－－－－－－－－－－,10.0,0.0,0.0,40.0,0.0,0.0,-1110.0,2430.0,yonden
2017,6,2017-06-18,23:00,2340.0,880.0,2410.0,100.0,－－－－－－－－－－,10.0,0.0,0.0,30.0,0.0,0.0,-1090.0,2340.0,yonden
2017,6,2017-06-19,00:00,2230.0,880.0,2270.0,90.0,－－－－－－－－－－,10.0,0.0,0.0,30.0,0.0,0.0,-1050.0,2230.0,yonden
2017,6,2017-06-19,01:00,2200.0,880.0,2260.0,90.0,－－－－－－－－－－,10.0,0.0,0.0,20.0,0.0,0.0,-1060.0,2200.0,yonden
2017,6,2017-06-19,02:00,2340.0,880.0,2350.0,100.0,－－－－－－－－－－,10.0,0.0,0.0,20.0,0.0,0.0,-1020.0,2340.0,yonden
2017,6,2017-06-19,03:00,2550.0,880.0,2310.0,210.0,－－－－－－－－－－,10.0,0.0,0.0,20.0,0.0,0.0,-880.0,2550.0,yonden
2017,6,2017-06-19,04:00,2700.0,880.0,2360.0,270.0,－－－－－－－－－－,10.0,0.0,0.0,10.0,0.0,0.0,-830.0,2700.0,yonden
2017,6,2017-06-19,05:00,2680.0,880.0,2770.0,190.0,－－－－－－－－－－,10.0,70.0,0.0,0.0,0.0,-50.0,-1190.0,2680.0,yonden
2017,6,2017-06-19,06:00,2570.0,880.0,2970.0,150.0,－－－－－－－－－－,10.0,310.0,0.0,0.0,0.0,-290.0,-1460.0,2570.0,yonden
2017,6,2017-06-19,07:00,2620.0,880.0,2970.0,160.0,－－－－－－－－－－,10.0,630.0,0.0,0.0,0.0,-290.0,-1740.0,2620.0,yonden
2017,6,2017-06-19,08:00,3090.0,880.0,3220.0,150.0,－－－－－－－－－－,10.0,950.0,0.0,0.0,0.0,0.0,-2120.0,3090.0,yonden
2017,6,2017-06-19,09:00,3430.0,880.0,3510.0,150.0,－－－－－－－－－－,10.0,1220.0,0.0,0.0,0.0,0.0,-2340.0,3430.0,yonden
2017,6,2017-06-19,10:00,3570.0,880.0,3480.0,170.0,－－－－－－－－－－,10.0,1380.0,0.0,0.0,0.0,0.0,-2350.0,3570.0,yonden
2017,6,2017-06-19,11:00,3660.0,880.0,3490.0,170.0,－－－－－－－－－－,10.0,1460.0,0.0,0.0,0.0,0.0,-2350.0,3660.0,yonden
2017,6,2017-06-19,12:00,3510.0,880.0,3340.0,160.0,－－－－－－－－－－,10.0,1480.0,0.0,0.0,0.0,0.0,-2360.0,3510.0,yonden
2017,6,2017-06-19,13:00,3790.0,880.0,3560.0,190.0,－－－－－－－－－－,10.0,1430.0,0.0,0.0,0.0,0.0,-2280.0,3790.0,yonden
2017,6,2017-06-19,14:00,3840.0,880.0,3510.0,200.0,－－－－－－－－－－,10.0,1300.0,0.0,0.0,0.0,0.0,-2060.0,3840.0,yonden
2017,6,2017-06-19,15:00,3860.0,880.0,3640.0,280.0,－－－－－－－－－－,10.0,1060.0,0.0,0.0,0.0,0.0,-2010.0,3860.0,yonden
2017,6,2017-06-19,16:00,3870.0,880.0,3930.0,310.0,－－－－－－－－－－,10.0,740.0,0.0,0.0,0.0,120.0,-2120.0,3870.0,yonden
2017,6,2017-06-19,17:00,3710.0,880.0,3940.0,380.0,－－－－－－－－－－,10.0,400.0,0.0,0.0,0.0,230.0,-2130.0,3710.0,yonden
2017,6,2017-06-19,18:00,3550.0,880.0,3930.0,450.0,－－－－－－－－－－,10.0,110.0,0.0,20.0,0.0,230.0,-2080.0,3550.0,yonden
2017,6,2017-06-19,19:00,3430.0,880.0,3950.0,360.0,－－－－－－－－－－,10.0,0.0,0.0,30.0,0.0,100.0,-1900.0,3430.0,yonden
2017,6,2017-06-19,20:00,3230.0,880.0,3760.0,320.0,－－－－－－－－－－,10.0,0.0,0.0,30.0,0.0,0.0,-1770.0,3230.0,yonden
2017,6,2017-06-19,21:00,3020.0,880.0,3600.0,260.0,－－－－－－－－－－,10.0,0.0,0.0,40.0,0.0,0.0,-1770.0,3020.0,yonden
2017,6,2017-06-19,22:00,2790.0,880.0,3450.0,200.0,－－－－－－－－－－,10.0,0.0,0.0,50.0,0.0,0.0,-1800.0,2790.0,yonden
2017,6,2017-06-19,23:00,2640.0,880.0,3300.0,130.0,－－－－－－－－－－,10.0,0.0,0.0,50.0,0.0,0.0,-1730.0,2640.0,yonden
2017,6,2017-06-20,00:00,2460.0,880.0,3160.0,120.0,－－－－－－－－－－,10.0,0.0,0.0,50.0,0.0,0.0,-1760.0,2460.0,yonden
2017,6,2017-06-20,01:00,2430.0,880.0,3140.0,130.0,－－－－－－－－－－,10.0,0.0,0.0,50.0,0.0,0.0,-1780.0,2430.0,yonden
2017,6,2017-06-20,02:00,2550.0,880.0,3150.0,150.0,－－－－－－－－－－,10.0,0.0,0.0,50.0,0.0,0.0,-1690.0,2550.0,yonden
2017,6,2017-06-20,03:00,2760.0,880.0,3190.0,240.0,－－－－－－－－－－,10.0,0.0,0.0,50.0,0.0,0.0,-1610.0,2760.0,yonden
2017,6,2017-06-20,04:00,2880.0,880.0,3180.0,280.0,－－－－－－－－－－,10.0,0.0,0.0,50.0,0.0,0.0,-1520.0,2880.0,yonden
2017,6,2017-06-20,05:00,2870.0,880.0,3190.0,210.0,－－－－－－－－－－,10.0,50.0,0.0,50.0,0.0,0.0,-1520.0,2870.0,yonden
2017,6,2017-06-20,06:00,2760.0,880.0,3150.0,140.0,－－－－－－－－－－,10.0,220.0,0.0,60.0,0.0,0.0,-1700.0,2760.0,yonden
2017,6,2017-06-20,07:00,2750.0,880.0,3160.0,130.0,－－－－－－－－－－,10.0,460.0,0.0,70.0,0.0,0.0,-1960.0,2750.0,yonden
2017,6,2017-06-20,08:00,3210.0,880.0,3430.0,150.0,－－－－－－－－－－,10.0,790.0,0.0,70.0,0.0,0.0,-2120.0,3210.0,yonden
2017,6,2017-06-20,09:00,3560.0,880.0,3620.0,180.0,－－－－－－－－－－,10.0,1030.0,0.0,60.0,0.0,0.0,-2220.0,3560.0,yonden
2017,6,2017-06-20,10:00,3680.0,880.0,3700.0,200.0,－－－－－－－－－－,10.0,1070.0,0.0,80.0,0.0,0.0,-2260.0,3680.0,yonden
2017,6,2017-06-20,11:00,3720.0,880.0,4000.0,240.0,－－－－－－－－－－,10.0,760.0,0.0,80.0,0.0,0.0,-2250.0,3720.0,yonden
2017,6,2017-06-20,12:00,3500.0,880.0,3980.0,200.0,－－－－－－－－－－,10.0,610.0,0.0,90.0,0.0,0.0,-2270.0,3500.0,yonden
2017,6,2017-06-20,13:00,3680.0,880.0,4100.0,270.0,－－－－－－－－－－,10.0,390.0,0.0,80.0,0.0,60.0,-2110.0,3680.0,yonden
2017,6,2017-06-20,14:00,3630.0,880.0,4100.0,410.0,－－－－－－－－－－,10.0,240.0,0.0,80.0,0.0,160.0,-2250.0,3630.0,yonden
2017,6,2017-06-20,15:00,3630.0,880.0,4080.0,450.0,－－－－－－－－－－,10.0,150.0,0.0,80.0,0.0,190.0,-2210.0,3630.0,yonden
2017,6,2017-06-20,16:00,3640.0,880.0,4030.0,400.0,－－－－－－－－－－,10.0,100.0,0.0,80.0,0.0,140.0,-2000.0,3640.0,yonden
2017,6,2017-06-20,17:00,3530.0,880.0,4060.0,340.0,－－－－－－－－－－,10.0,50.0,0.0,90.0,0.0,140.0,-2040.0,3530.0,yonden
2017,6,2017-06-20,18:00,3470.0,880.0,4060.0,350.0,－－－－－－－－－－,10.0,20.0,0.0,80.0,0.0,140.0,-2070.0,3470.0,yonden
2017,6,2017-06-20,19:00,3330.0,880.0,3960.0,300.0,－－－－－－－－－－,10.0,0.0,0.0,80.0,0.0,90.0,-1990.0,3330.0,yonden
2017,6,2017-06-20,20:00,3150.0,880.0,3840.0,250.0,－－－－－－－－－－,10.0,0.0,0.0,80.0,0.0,0.0,-1910.0,3150.0,yonden
2017,6,2017-06-20,21:00,2940.0,880.0,3630.0,230.0,－－－－－－－－－－,10.0,0.0,0.0,90.0,0.0,0.0,-1900.0,2940.0,yonden
2017,6,2017-06-20,22:00,2780.0,880.0,3470.0,250.0,－－－－－－－－－－,10.0,0.0,0.0,80.0,0.0,0.0,-1910.0,2780.0,yonden
2017,6,2017-06-20,23:00,2690.0,880.0,3260.0,260.0,－－－－－－－－－－,10.0,0.0,0.0,70.0,0.0,0.0,-1790.0,2690.0,yonden
2017,6,2017-06-21,00:00,2550.0,880.0,3300.0,280.0,－－－－－－－－－－,10.0,0.0,0.0,50.0,0.0,0.0,-1970.0,2550.0,yonden
2017,6,2017-06-21,01:00,2500.0,880.0,3380.0,300.0,－－－－－－－－－－,10.0,0.0,0.0,40.0,0.0,-10.0,-2100.0,2500.0,yonden
2017,6,2017-06-21,02:00,2600.0,880.0,3260.0,400.0,－－－－－－－－－－,10.0,0.0,0.0,20.0,0.0,-10.0,-1960.0,2600.0,yonden
2017,6,2017-06-21,03:00,2810.0,880.0,3250.0,410.0,－－－－－－－－－－,10.0,0.0,0.0,20.0,0.0,-10.0,-1750.0,2810.0,yonden
2017,6,2017-06-21,04:00,2910.0,880.0,3200.0,440.0,－－－－－－－－－－,10.0,0.0,0.0,30.0,0.0,0.0,-1650.0,2910.0,yonden
2017,6,2017-06-21,05:00,2920.0,880.0,3180.0,440.0,－－－－－－－－－－,10.0,50.0,0.0,40.0,0.0,0.0,-1680.0,2920.0,yonden
2017,6,2017-06-21,06:00,2820.0,880.0,3200.0,400.0,－－－－－－－－－－,10.0,160.0,0.0,30.0,0.0,0.0,-1860.0,2820.0,yonden
2017,6,2017-06-21,07:00,2810.0,880.0,3130.0,440.0,－－－－－－－－－－,10.0,310.0,0.0,20.0,0.0,0.0,-1980.0,2810.0,yonden
2017,6,2017-06-21,08:00,3270.0,880.0,3460.0,520.0,－－－－－－－－－－,10.0,370.0,0.0,20.0,0.0,0.0,-1990.0,3270.0,yonden
2017,6,2017-06-21,09:00,3570.0,880.0,3780.0,570.0,－－－－－－－－－－,10.0,350.0,0.0,40.0,0.0,0.0,-2060.0,3570.0,yonden
2017,6,2017-06-21,10:00,3650.0,880.0,3740.0,590.0,－－－－－－－－－－,10.0,400.0,0.0,70.0,0.0,0.0,-2040.0,3650.0,yonden
2017,6,2017-06-21,11:00,3720.0,880.0,3730.0,590.0,－－－－－－－－－－,10.0,430.0,0.0,90.0,0.0,0.0,-2010.0,3720.0,yonden
2017,6,2017-06-21,12:00,3460.0,880.0,3630.0,500.0,－－－－－－－－－－,10.0,440.0,0.0,90.0,0.0,0.0,-2090.0,3460.0,yonden
2017,6,2017-06-21,13:00,3580.0,880.0,3640.0,530.0,－－－－－－－－－－,10.0,540.0,0.0,110.0,0.0,0.0,-2130.0,3580.0,yonden
2017,6,2017-06-21,14:00,3540.0,880.0,3470.0,500.0,－－－－－－－－－－,10.0,680.0,0.0,120.0,0.0,0.0,-2120.0,3540.0,yonden
2017,6,2017-06-21,15:00,3550.0,880.0,3370.0,510.0,－－－－－－－－－－,10.0,780.0,0.0,130.0,0.0,0.0,-2130.0,3550.0,yonden
2017,6,2017-06-21,16:00,3680.0,880.0,3550.0,520.0,－－－－－－－－－－,10.0,670.0,0.0,120.0,0.0,0.0,-2070.0,3680.0,yonden
2017,6,2017-06-21,17:00,3480.0,880.0,3600.0,590.0,－－－－－－－－－－,10.0,300.0,0.0,120.0,0.0,0.0,-2020.0,3480.0,yonden
2017,6,2017-06-21,18:00,3310.0,880.0,3560.0,610.0,－－－－－－－－－－,10.0,70.0,0.0,100.0,0.0,0.0,-1920.0,3310.0,yonden
2017,6,2017-06-21,19:00,3260.0,880.0,3570.0,600.0,－－－－－－－－－－,10.0,0.0,0.0,90.0,0.0,0.0,-1890.0,3260.0,yonden
2017,6,2017-06-21,20:00,3110.0,880.0,3430.0,580.0,－－－－－－－－－－,10.0,0.0,0.0,60.0,0.0,0.0,-1850.0,3110.0,yonden
2017,6,2017-06-21,21:00,2900.0,880.0,3310.0,570.0,－－－－－－－－－－,10.0,0.0,0.0,50.0,0.0,0.0,-1920.0,2900.0,yonden
2017,6,2017-06-21,22:00,2670.0,880.0,3340.0,540.0,－－－－－－－－－－,10.0,0.0,0.0,50.0,0.0,-250.0,-1900.0,2670.0,yonden
2017,6,2017-06-21,23:00,2550.0,880.0,3230.0,510.0,－－－－－－－－－－,10.0,0.0,0.0,30.0,0.0,-290.0,-1820.0,2550.0,yonden
2017,6,2017-06-22,00:00,2440.0,880.0,3140.0,490.0,－－－－－－－－－－,10.0,0.0,0.0,20.0,0.0,-290.0,-1810.0,2440.0,yonden
2017,6,2017-06-22,01:00,2410.0,880.0,3130.0,520.0,－－－－－－－－－－,10.0,0.0,0.0,20.0,0.0,-290.0,-1860.0,2410.0,yonden
2017,6,2017-06-22,02:00,2530.0,880.0,3050.0,540.0,－－－－－－－－－－,10.0,0.0,0.0,10.0,0.0,-120.0,-1840.0,2530.0,yonden
2017,6,2017-06-22,03:00,2760.0,880.0,3120.0,640.0,－－－－－－－－－－,10.0,0.0,0.0,0.0,0.0,0.0,-1890.0,2760.0,yonden
2017,6,2017-06-22,04:00,2900.0,880.0,3110.0,650.0,－－－－－－－－－－,10.0,0.0,0.0,0.0,0.0,0.0,-1750.0,2900.0,yonden
2017,6,2017-06-22,05:00,2880.0,880.0,3130.0,580.0,－－－－－－－－－－,10.0,40.0,0.0,0.0,0.0,0.0,-1760.0,2880.0,yonden
2017,6,2017-06-22,06:00,2720.0,880.0,3060.0,500.0,－－－－－－－－－－,10.0,100.0,0.0,0.0,0.0,0.0,-1830.0,2720.0,yonden
2017,6,2017-06-22,07:00,2690.0,880.0,3180.0,460.0,－－－－－－－－－－,10.0,150.0,0.0,10.0,0.0,0.0,-2000.0,2690.0,yonden
2017,6,2017-06-22,08:00,3060.0,880.0,3490.0,490.0,－－－－－－－－－－,10.0,280.0,0.0,10.0,0.0,0.0,-2100.0,3060.0,yonden
2017,6,2017-06-22,09:00,3330.0,880.0,3510.0,570.0,－－－－－－－－－－,10.0,580.0,0.0,10.0,0.0,0.0,-2230.0,3330.0,yonden
2017,6,2017-06-22,10:00,3410.0,880.0,3550.0,660.0,－－－－－－－－－－,10.0,710.0,0.0,0.0,0.0,0.0,-2400.0,3410.0,yonden
2017,6,2017-06-22,11:00,3460.0,880.0,3490.0,660.0,－－－－－－－－－－,10.0,790.0,0.0,0.0,0.0,0.0,-2370.0,3460.0,yonden
2017,6,2017-06-22,12:00,3270.0,880.0,3560.0,570.0,－－－－－－－－－－,10.0,610.0,0.0,0.0,0.0,0.0,-2360.0,3270.0,yonden
2017,6,2017-06-22,13:00,3410.0,880.0,3770.0,590.0,－－－－－－－－－－,10.0,510.0,0.0,0.0,0.0,20.0,-2370.0,3410.0,yonden
2017,6,2017-06-22,14:00,3460.0,880.0,3730.0,580.0,－－－－－－－－－－,10.0,430.0,0.0,0.0,0.0,200.0,-2370.0,3460.0,yonden
2017,6,2017-06-22,15:00,3350.0,880.0,3780.0,490.0,－－－－－－－－－－,10.0,240.0,0.0,0.0,0.0,190.0,-2240.0,3350.0,yonden
2017,6,2017-06-22,16:00,3370.0,880.0,3700.0,550.0,－－－－－－－－－－,10.0,190.0,0.0,0.0,0.0,170.0,-2130.0,3370.0,yonden
2017,6,2017-06-22,17:00,3240.0,880.0,3600.0,560.0,－－－－－－－－－－,10.0,90.0,0.0,0.0,0.0,170.0,-2070.0,3240.0,yonden
2017,6,2017-06-22,18:00,3240.0,880.0,3560.0,620.0,－－－－－－－－－－,10.0,50.0,0.0,0.0,0.0,170.0,-2050.0,3240.0,yonden
2017,6,2017-06-22,19:00,3240.0,880.0,3550.0,590.0,－－－－－－－－－－,10.0,0.0,0.0,10.0,0.0,160.0,-1960.0,3240.0,yonden
2017,6,2017-06-22,20:00,3110.0,880.0,3540.0,520.0,－－－－－－－－－－,10.0,0.0,0.0,10.0,0.0,0.0,-1850.0,3110.0,yonden
2017,6,2017-06-22,21:00,2890.0,880.0,3500.0,450.0,－－－－－－－－－－,10.0,0.0,0.0,10.0,0.0,0.0,-1960.0,2890.0,yonden
2017,6,2017-06-22,22:00,2690.0,880.0,3390.0,420.0,－－－－－－－－－－,10.0,0.0,0.0,10.0,0.0,-150.0,-1870.0,2690.0,yonden
2017,6,2017-06-22,23:00,2570.0,880.0,3310.0,420.0,－－－－－－－－－－,10.0,0.0,0.0,10.0,0.0,-300.0,-1760.0,2570.0,yonden
2017,6,2017-06-23,00:00,2400.0,880.0,3130.0,380.0,－－－－－－－－－－,10.0,0.0,0.0,0.0,0.0,-300.0,-1700.0,2400.0,yonden
2017,6,2017-06-23,01:00,2350.0,880.0,3100.0,400.0,－－－－－－－－－－,10.0,0.0,0.0,0.0,0.0,-290.0,-1750.0,2350.0,yonden
2017,6,2017-06-23,02:00,2490.0,880.0,3120.0,410.0,－－－－－－－－－－,10.0,0.0,0.0,0.0,0.0,-150.0,-1780.0,2490.0,yonden
2017,6,2017-06-23,03:00,2700.0,880.0,3150.0,510.0,－－－－－－－－－－,10.0,0.0,0.0,0.0,0.0,0.0,-1850.0,2700.0,yonden
2017,6,2017-06-23,04:00,2840.0,880.0,3150.0,540.0,－－－－－－－－－－,10.0,0.0,0.0,0.0,0.0,0.0,-1740.0,2840.0,yonden
2017,6,2017-06-23,05:00,2800.0,880.0,3170.0,470.0,－－－－－－－－－－,10.0,60.0,0.0,0.0,0.0,0.0,-1790.0,2800.0,yonden
2017,6,2017-06-23,06:00,2670.0,880.0,3070.0,320.0,－－－－－－－－－－,10.0,290.0,0.0,0.0,0.0,0.0,-1900.0,2670.0,yonden
2017,6,2017-06-23,07:00,2640.0,880.0,3020.0,320.0,－－－－－－－－－－,10.0,570.0,0.0,0.0,0.0,0.0,-2160.0,2640.0,yonden
2017,6,2017-06-23,08:00,3110.0,880.0,3270.0,390.0,－－－－－－－－－－,10.0,920.0,0.0,0.0,0.0,0.0,-2360.0,3110.0,yonden
2017,6,2017-06-23,09:00,3410.0,880.0,3340.0,390.0,－－－－－－－－－－,10.0,1150.0,0.0,0.0,0.0,0.0,-2360.0,3410.0,yonden
2017,6,2017-06-23,10:00,3550.0,880.0,3240.0,420.0,－－－－－－－－－－,10.0,1330.0,0.0,0.0,0.0,0.0,-2330.0,3550.0,yonden
2017,6,2017-06-23,11:00,3640.0,880.0,3270.0,430.0,－－－－－－－－－－,10.0,1400.0,0.0,0.0,0.0,0.0,-2350.0,3640.0,yonden
2017,6,2017-06-23,12:00,3520.0,880.0,3210.0,360.0,－－－－－－－－－－,10.0,1400.0,0.0,0.0,0.0,0.0,-2340.0,3520.0,yonden
2017,6,2017-06-23,13:00,3770.0,880.0,3500.0,430.0,－－－－－－－－－－,10.0,1290.0,0.0,0.0,0.0,0.0,-2340.0,3770.0,yonden
2017,6,2017-06-23,14:00,3790.0,880.0,3500.0,510.0,－－－－－－－－－－,10.0,1150.0,0.0,10.0,0.0,0.0,-2270.0,3790.0,yonden
2017,6,2017-06-23,15:00,3720.0,880.0,3610.0,580.0,－－－－－－－－－－,10.0,790.0,0.0,10.0,0.0,0.0,-2160.0,3720.0,yonden
2017,6,2017-06-23,16:00,3600.0,880.0,3660.0,580.0,－－－－－－－－－－,10.0,400.0,0.0,10.0,0.0,150.0,-2090.0,3600.0,yonden
2017,6,2017-06-23,17:00,3420.0,880.0,3640.0,590.0,－－－－－－－－－－,10.0,170.0,0.0,10.0,0.0,190.0,-2070.0,3420.0,yonden
2017,6,2017-06-23,18:00,3380.0,880.0,3570.0,560.0,－－－－－－－－－－,10.0,60.0,0.0,10.0,0.0,190.0,-1900.0,3380.0,yonden
2017,6,2017-06-23,19:00,3320.0,880.0,3550.0,520.0,－－－－－－－－－－,10.0,0.0,0.0,20.0,0.0,190.0,-1850.0,3320.0,yonden
2017,6,2017-06-23,20:00,3170.0,880.0,3440.0,480.0,－－－－－－－－－－,10.0,0.0,0.0,20.0,0.0,190.0,-1850.0,3170.0,yonden
2017,6,2017-06-23,21:00,2940.0,880.0,3090.0,430.0,－－－－－－－－－－,10.0,0.0,0.0,10.0,0.0,150.0,-1630.0,2940.0,yonden
2017,6,2017-06-23,22:00,2770.0,880.0,2610.0,420.0,－－－－－－－－－－,10.0,0.0,0.0,10.0,0.0,60.0,-1220.0,2770.0,yonden
2017,6,2017-06-23,23:00,2650.0,880.0,2580.0,390.0,－－－－－－－－－－,10.0,0.0,0.0,10.0,0.0,0.0,-1220.0,2650.0,yonden
2017,6,2017-06-24,00:00,2500.0,880.0,2430.0,320.0,－－－－－－－－－－,10.0,0.0,0.0,10.0,0.0,0.0,-1150.0,2500.0,yonden
2017,6,2017-06-24,01:00,2430.0,880.0,2370.0,330.0,－－－－－－－－－－,10.0,0.0,0.0,10.0,0.0,0.0,-1170.0,2430.0,yonden
2017,6,2017-06-24,02:00,2530.0,880.0,2400.0,330.0,－－－－－－－－－－,10.0,0.0,0.0,10.0,0.0,0.0,-1100.0,2530.0,yonden
2017,6,2017-06-24,03:00,2710.0,880.0,2440.0,360.0,－－－－－－－－－－,10.0,0.0,0.0,0.0,0.0,0.0,-980.0,2710.0,yonden
2017,6,2017-06-24,04:00,2840.0,880.0,2500.0,390.0,－－－－－－－－－－,10.0,0.0,0.0,0.0,0.0,0.0,-940.0,2840.0,yonden
2017,6,2017-06-24,05:00,2770.0,880.0,2410.0,350.0,－－－－－－－－－－,10.0,50.0,0.0,0.0,0.0,0.0,-930.0,2770.0,yonden
2017,6,2017-06-24,06:00,2540.0,880.0,2230.0,330.0,－－－－－－－－－－,10.0,180.0,0.0,10.0,0.0,0.0,-1100.0,2540.0,yonden
2017,6,2017-06-24,07:00,2420.0,880.0,2200.0,330.0,－－－－－－－－－－,10.0,280.0,0.0,10.0,0.0,0.0,-1290.0,2420.0,yonden
2017,6,2017-06-24,08:00,2660.0,880.0,2280.0,370.0,－－－－－－－－－－,10.0,390.0,0.0,10.0,0.0,0.0,-1280.0,2660.0,yonden
2017,6,2017-06-24,09:00,2860.0,880.0,2410.0,410.0,－－－－－－－－－－,10.0,500.0,0.0,10.0,0.0,0.0,-1360.0,2860.0,yonden
2017,6,2017-06-24,10:00,2950.0,880.0,2390.0,400.0,－－－－－－－－－－,10.0,590.0,0.0,0.0,0.0,0.0,-1320.0,2950.0,yonden
2017,6,2017-06-24,11:00,3000.0,880.0,2340.0,400.0,－－－－－－－－－－,10.0,710.0,0.0,10.0,0.0,0.0,-1350.0,3000.0,yonden
2017,6,2017-06-24,12:00,3000.0,880.0,2430.0,420.0,－－－－－－－－－－,10.0,670.0,0.0,10.0,0.0,0.0,-1420.0,3000.0,yonden
2017,6,2017-06-24,13:00,3050.0,880.0,2480.0,440.0,－－－－－－－－－－,10.0,530.0,0.0,30.0,0.0,0.0,-1320.0,3050.0,yonden
2017,6,2017-06-24,14:00,3010.0,880.0,2700.0,440.0,－－－－－－－－－－,10.0,300.0,0.0,40.0,0.0,0.0,-1360.0,3010.0,yonden
2017,6,2017-06-24,15:00,2960.0,880.0,2770.0,460.0,－－－－－－－－－－,10.0,190.0,0.0,40.0,0.0,0.0,-1390.0,2960.0,yonden
2017,6,2017-06-24,16:00,3030.0,880.0,2900.0,500.0,－－－－－－－－－－,10.0,100.0,0.0,40.0,0.0,0.0,-1400.0,3030.0,yonden
2017,6,2017-06-24,17:00,3100.0,880.0,3020.0,530.0,－－－－－－－－－－,10.0,50.0,0.0,40.0,0.0,70.0,-1500.0,3100.0,yonden
2017,6,2017-06-24,18:00,3090.0,880.0,3020.0,500.0,－－－－－－－－－－,10.0,20.0,0.0,50.0,0.0,140.0,-1530.0,3090.0,yonden
2017,6,2017-06-24,19:00,3040.0,880.0,3030.0,500.0,－－－－－－－－－－,10.0,0.0,0.0,40.0,0.0,40.0,-1460.0,3040.0,yonden
2017,6,2017-06-24,20:00,2910.0,880.0,2850.0,490.0,－－－－－－－－－－,10.0,0.0,0.0,60.0,0.0,0.0,-1380.0,2910.0,yonden
2017,6,2017-06-24,21:00,2740.0,880.0,2720.0,520.0,－－－－－－－－－－,10.0,0.0,0.0,60.0,0.0,0.0,-1450.0,2740.0,yonden
2017,6,2017-06-24,22:00,2540.0,880.0,2550.0,480.0,－－－－－－－－－－,10.0,0.0,0.0,80.0,0.0,0.0,-1460.0,2540.0,yonden
2017,6,2017-06-24,23:00,2440.0,880.0,2390.0,450.0,－－－－－－－－－－,10.0,0.0,0.0,60.0,0.0,0.0,-1350.0,2440.0,yonden
2017,6,2017-06-25,00:00,2320.0,880.0,2270.0,470.0,－－－－－－－－－－,10.0,0.0,0.0,40.0,0.0,0.0,-1350.0,2320.0,yonden
2017,6,2017-06-25,01:00,2270.0,880.0,2280.0,470.0,－－－－－－－－－－,10.0,0.0,0.0,20.0,0.0,0.0,-1390.0,2270.0,yonden
2017,6,2017-06-25,02:00,2370.0,880.0,2390.0,460.0,－－－－－－－－－－,10.0,0.0,0.0,20.0,0.0,0.0,-1390.0,2370.0,yonden
2017,6,2017-06-25,03:00,2590.0,880.0,2460.0,500.0,－－－－－－－－－－,10.0,0.0,0.0,10.0,0.0,0.0,-1270.0,2590.0,yonden
2017,6,2017-06-25,04:00,2670.0,880.0,2390.0,550.0,－－－－－－－－－－,10.0,0.0,0.0,10.0,0.0,0.0,-1170.0,2670.0,yonden
2017,6,2017-06-25,05:00,2610.0,880.0,2390.0,540.0,－－－－－－－－－－,10.0,30.0,0.0,0.0,0.0,0.0,-1240.0,2610.0,yonden
2017,6,2017-06-25,06:00,2350.0,880.0,2350.0,530.0,－－－－－－－－－－,10.0,40.0,0.0,0.0,0.0,0.0,-1460.0,2350.0,yonden
2017,6,2017-06-25,07:00,2290.0,880.0,2310.0,580.0,－－－－－－－－－－,10.0,70.0,0.0,0.0,0.0,0.0,-1560.0,2290.0,yonden
2017,6,2017-06-25,08:00,2470.0,880.0,2420.0,610.0,－－－－－－－－－－,10.0,100.0,0.0,10.0,0.0,0.0,-1560.0,2470.0,yonden
2017,6,2017-06-25,09:00,2660.0,880.0,2570.0,580.0,－－－－－－－－－－,10.0,140.0,0.0,0.0,0.0,0.0,-1520.0,2660.0,yonden
2017,6,2017-06-25,10:00,2690.0,880.0,2550.0,590.0,－－－－－－－－－－,10.0,260.0,0.0,10.0,0.0,0.0,-1610.0,2690.0,yonden
2017,6,2017-06-25,11:00,2700.0,880.0,2400.0,560.0,－－－－－－－－－－,10.0,400.0,0.0,10.0,0.0,0.0,-1560.0,2700.0,yonden
2017,6,2017-06-25,12:00,2700.0,880.0,2350.0,590.0,－－－－－－－－－－,10.0,520.0,0.0,10.0,0.0,-300.0,-1360.0,2700.0,yonden
2017,6,2017-06-25,13:00,2700.0,880.0,2320.0,560.0,－－－－－－－－－－,10.0,600.0,0.0,10.0,0.0,-300.0,-1380.0,2700.0,yonden
2017,6,2017-06-25,14:00,2710.0,880.0,2250.0,540.0,－－－－－－－－－－,10.0,440.0,0.0,20.0,0.0,-100.0,-1330.0,2710.0,yonden
2017,6,2017-06-25,15:00,2590.0,880.0,2130.0,520.0,－－－－－－－－－－,10.0,220.0,0.0,20.0,0.0,0.0,-1190.0,2590.0,yonden
2017,6,2017-06-25,16:00,2600.0,880.0,2260.0,520.0,－－－－－－－－－－,10.0,130.0,0.0,30.0,0.0,0.0,-1230.0,2600.0,yonden
2017,6,2017-06-25,17:00,2750.0,880.0,2490.0,540.0,－－－－－－－－－－,10.0,80.0,0.0,30.0,0.0,0.0,-1280.0,2750.0,yonden
2017,6,2017-06-25,18:00,2910.0,880.0,2490.0,560.0,－－－－－－－－－－,10.0,30.0,0.0,30.0,0.0,120.0,-1210.0,2910.0,yonden
2017,6,2017-06-25,19:00,2940.0,880.0,2490.0,550.0,－－－－－－－－－－,10.0,0.0,0.0,20.0,0.0,190.0,-1200.0,2940.0,yonden
2017,6,2017-06-25,20:00,2820.0,880.0,2500.0,530.0,－－－－－－－－－－,10.0,0.0,0.0,10.0,0.0,40.0,-1150.0,2820.0,yonden
2017,6,2017-06-25,21:00,2660.0,880.0,2380.0,550.0,－－－－－－－－－－,10.0,0.0,0.0,0.0,0.0,-100.0,-1060.0,2660.0,yonden
2017,6,2017-06-25,22:00,2500.0,880.0,2360.0,550.0,－－－－－－－－－－,10.0,0.0,0.0,0.0,0.0,-300.0,-1000.0,2500.0,yonden
2017,6,2017-06-25,23:00,2420.0,880.0,2390.0,510.0,－－－－－－－－－－,10.0,0.0,0.0,0.0,0.0,-300.0,-1070.0,2420.0,yonden
2017,6,2017-06-26,00:00,2290.0,880.0,2280.0,430.0,－－－－－－－－－－,10.0,0.0,0.0,10.0,0.0,-300.0,-1020.0,2290.0,yonden
2017,6,2017-06-26,01:00,2260.0,880.0,2310.0,440.0,－－－－－－－－－－,10.0,0.0,0.0,10.0,0.0,-300.0,-1090.0,2260.0,yonden
2017,6,2017-06-26,02:00,2400.0,880.0,2330.0,480.0,－－－－－－－－－－,10.0,0.0,0.0,10.0,0.0,-300.0,-1010.0,2400.0,yonden
2017,6,2017-06-26,03:00,2610.0,880.0,2340.0,510.0,－－－－－－－－－－,10.0,0.0,0.0,10.0,0.0,-70.0,-1070.0,2610.0,yonden
2017,6,2017-06-26,04:00,2730.0,880.0,2360.0,490.0,－－－－－－－－－－,10.0,0.0,0.0,10.0,0.0,0.0,-1020.0,2730.0,yonden
2017,6,2017-06-26,05:00,2730.0,880.0,2800.0,450.0,－－－－－－－－－－,10.0,50.0,0.0,10.0,0.0,0.0,-1470.0,2730.0,yonden
2017,6,2017-06-26,06:00,2620.0,880.0,3080.0,430.0,－－－－－－－－－－,10.0,140.0,0.0,10.0,0.0,-260.0,-1670.0,2620.0,yonden
2017,6,2017-06-26,07:00,2630.0,880.0,3080.0,430.0,－－－－－－－－－－,10.0,270.0,0.0,10.0,0.0,-290.0,-1760.0,2630.0,yonden
2017,6,2017-06-26,08:00,3070.0,880.0,3310.0,540.0,－－－－－－－－－－,10.0,420.0,0.0,0.0,0.0,-150.0,-1940.0,3070.0,yonden
2017,6,2017-06-26,09:00,3400.0,880.0,3550.0,620.0,－－－－－－－－－－,10.0,510.0,0.0,0.0,0.0,0.0,-2170.0,3400.0,yonden
2017,6,2017-06-26,10:00,3480.0,880.0,3650.0,540.0,－－－－－－－－－－,10.0,620.0,0.0,0.0,0.0,0.0,-2220.0,3480.0,yonden
2017,6,2017-06-26,11:00,3520.0,880.0,3550.0,500.0,－－－－－－－－－－,10.0,790.0,0.0,0.0,0.0,0.0,-2210.0,3520.0,yonden
2017,6,2017-06-26,12:00,3350.0,880.0,3670.0,480.0,－－－－－－－－－－,10.0,660.0,0.0,0.0,0.0,0.0,-2350.0,3350.0,yonden
2017,6,2017-06-26,13:00,3550.0,880.0,3850.0,490.0,－－－－－－－－－－,10.0,600.0,0.0,0.0,0.0,0.0,-2280.0,3550.0,yonden
2017,6,2017-06-26,14:00,3540.0,880.0,3850.0,530.0,－－－－－－－－－－,10.0,480.0,0.0,0.0,0.0,0.0,-2210.0,3540.0,yonden
2017,6,2017-06-26,15:00,3540.0,880.0,3720.0,570.0,－－－－－－－－－－,10.0,310.0,0.0,0.0,0.0,150.0,-2100.0,3540.0,yonden
2017,6,2017-06-26,16:00,3550.0,880.0,3610.0,640.0,－－－－－－－－－－,10.0,150.0,0.0,0.0,0.0,310.0,-2050.0,3550.0,yonden
2017,6,2017-06-26,17:00,3490.0,880.0,3590.0,650.0,－－－－－－－－－－,10.0,80.0,0.0,0.0,0.0,200.0,-1920.0,3490.0,yonden
2017,6,2017-06-26,18:00,3450.0,880.0,3580.0,630.0,－－－－－－－－－－,10.0,30.0,0.0,0.0,0.0,170.0,-1850.0,3450.0,yonden
2017,6,2017-06-26,19:00,3310.0,880.0,3610.0,650.0,－－－－－－－－－－,10.0,0.0,0.0,0.0,0.0,40.0,-1880.0,3310.0,yonden
2017,6,2017-06-26,20:00,3140.0,880.0,3600.0,560.0,－－－－－－－－－－,10.0,0.0,0.0,0.0,0.0,0.0,-1910.0,3140.0,yonden
2017,6,2017-06-26,21:00,2940.0,880.0,3490.0,480.0,－－－－－－－－－－,10.0,0.0,0.0,0.0,0.0,0.0,-1920.0,2940.0,yonden
2017,6,2017-06-26,22:00,2730.0,880.0,3480.0,460.0,－－－－－－－－－－,10.0,0.0,0.0,0.0,0.0,-290.0,-1810.0,2730.0,yonden
2017,6,2017-06-26,23:00,2610.0,880.0,3350.0,410.0,－－－－－－－－－－,10.0,0.0,0.0,0.0,0.0,-290.0,-1750.0,2610.0,yonden
2017,6,2017-06-27,00:00,2440.0,880.0,3170.0,390.0,－－－－－－－－－－,10.0,0.0,0.0,0.0,0.0,-290.0,-1720.0,2440.0,yonden
2017,6,2017-06-27,01:00,2370.0,880.0,3090.0,390.0,－－－－－－－－－－,10.0,0.0,0.0,0.0,0.0,-290.0,-1710.0,2370.0,yonden
2017,6,2017-06-27,02:00,2510.0,880.0,3080.0,420.0,－－－－－－－－－－,10.0,0.0,0.0,0.0,0.0,-290.0,-1590.0,2510.0,yonden
2017,6,2017-06-27,03:00,2720.0,880.0,3120.0,460.0,－－－－－－－－－－,10.0,0.0,0.0,0.0,0.0,-10.0,-1740.0,2720.0,yonden
2017,6,2017-06-27,04:00,2840.0,880.0,3190.0,490.0,－－－－－－－－－－,10.0,0.0,0.0,0.0,0.0,0.0,-1730.0,2840.0,yonden
2017,6,2017-06-27,05:00,2840.0,880.0,3200.0,440.0,－－－－－－－－－－,10.0,40.0,0.0,0.0,0.0,0.0,-1730.0,2840.0,yonden
2017,6,2017-06-27,06:00,2730.0,880.0,3150.0,400.0,－－－－－－－－－－,10.0,110.0,0.0,0.0,0.0,0.0,-1820.0,2730.0,yonden
2017,6,2017-06-27,07:00,2750.0,880.0,3240.0,390.0,－－－－－－－－－－,10.0,230.0,0.0,0.0,0.0,0.0,-2000.0,2750.0,yonden
2017,6,2017-06-27,08:00,3170.0,880.0,3440.0,480.0,－－－－－－－－－－,10.0,390.0,0.0,0.0,0.0,0.0,-2030.0,3170.0,yonden
2017,6,2017-06-27,09:00,3410.0,880.0,3670.0,500.0,－－－－－－－－－－,10.0,490.0,0.0,0.0,0.0,0.0,-2140.0,3410.0,yonden
2017,6,2017-06-27,10:00,3440.0,880.0,3610.0,450.0,－－－－－－－－－－,10.0,660.0,0.0,0.0,0.0,0.0,-2170.0,3440.0,yonden
2017,6,2017-06-27,11:00,3520.0,880.0,3530.0,450.0,－－－－－－－－－－,10.0,810.0,0.0,0.0,0.0,0.0,-2160.0,3520.0,yonden
2017,6,2017-06-27,12:00,3340.0,880.0,3440.0,330.0,－－－－－－－－－－,10.0,770.0,0.0,0.0,0.0,0.0,-2090.0,3340.0,yonden
2017,6,2017-06-27,13:00,3580.0,880.0,3740.0,400.0,－－－－－－－－－－,10.0,560.0,0.0,0.0,0.0,60.0,-2070.0,3580.0,yonden
2017,6,2017-06-27,14:00,3660.0,880.0,3860.0,490.0,－－－－－－－－－－,10.0,350.0,0.0,0.0,0.0,190.0,-2120.0,3660.0,yonden
2017,6,2017-06-27,15:00,3610.0,880.0,3950.0,530.0,－－－－－－－－－－,10.0,210.0,0.0,0.0,0.0,180.0,-2150.0,3610.0,yonden
2017,6,2017-06-27,16:00,3640.0,880.0,3950.0,560.0,－－－－－－－－－－,10.0,120.0,0.0,0.0,0.0,210.0,-2090.0,3640.0,yonden
2017,6,2017-06-27,17:00,3520.0,880.0,3880.0,530.0,－－－－－－－－－－,10.0,60.0,0.0,10.0,0.0,150.0,-2000.0,3520.0,yonden
2017,6,2017-06-27,18:00,3480.0,880.0,3770.0,500.0,－－－－－－－－－－,10.0,30.0,0.0,20.0,0.0,160.0,-1890.0,3480.0,yonden
2017,6,2017-06-27,19:00,3350.0,880.0,3840.0,440.0,－－－－－－－－－－,10.0,0.0,0.0,10.0,0.0,50.0,-1880.0,3350.0,yonden
2017,6,2017-06-27,20:00,3180.0,880.0,3760.0,370.0,－－－－－－－－－－,10.0,0.0,0.0,10.0,0.0,0.0,-1850.0,3180.0,yonden
2017,6,2017-06-27,21:00,2960.0,880.0,3710.0,350.0,－－－－－－－－－－,10.0,0.0,0.0,10.0,0.0,0.0,-2000.0,2960.0,yonden
2017,6,2017-06-27,22:00,2800.0,880.0,3300.0,340.0,－－－－－－－－－－,10.0,0.0,0.0,0.0,0.0,10.0,-1740.0,2800.0,yonden
2017,6,2017-06-27,23:00,2670.0,880.0,2910.0,330.0,－－－－－－－－－－,10.0,0.0,0.0,0.0,0.0,0.0,-1460.0,2670.0,yonden
2017,6,2017-06-28,00:00,2540.0,880.0,2910.0,460.0,－－－－－－－－－－,10.0,0.0,0.0,0.0,0.0,-280.0,-1440.0,2540.0,yonden
2017,6,2017-06-28,01:00,2470.0,880.0,2830.0,410.0,－－－－－－－－－－,10.0,0.0,0.0,0.0,0.0,-300.0,-1360.0,2470.0,yonden
2017,6,2017-06-28,02:00,2590.0,880.0,2740.0,380.0,－－－－－－－－－－,10.0,0.0,0.0,0.0,0.0,-150.0,-1270.0,2590.0,yonden
2017,6,2017-06-28,03:00,2820.0,880.0,2810.0,400.0,－－－－－－－－－－,10.0,0.0,0.0,0.0,0.0,0.0,-1280.0,2820.0,yonden
2017,6,2017-06-28,04:00,2950.0,880.0,2820.0,420.0,－－－－－－－－－－,10.0,0.0,0.0,0.0,0.0,0.0,-1180.0,2950.0,yonden
2017,6,2017-06-28,05:00,2900.0,880.0,2820.0,360.0,－－－－－－－－－－,10.0,30.0,0.0,0.0,0.0,0.0,-1200.0,2900.0,yonden
2017,6,2017-06-28,06:00,2770.0,880.0,2870.0,330.0,－－－－－－－－－－,10.0,50.0,0.0,10.0,0.0,0.0,-1380.0,2770.0,yonden
2017,6,2017-06-28,07:00,2860.0,880.0,3000.0,380.0,－－－－－－－－－－,10.0,90.0,0.0,10.0,0.0,0.0,-1510.0,2860.0,yonden
2017,6,2017-06-28,08:00,3280.0,880.0,3330.0,570.0,－－－－－－－－－－,10.0,130.0,0.0,0.0,0.0,0.0,-1640.0,3280.0,yonden
2017,6,2017-06-28,09:00,3470.0,880.0,3560.0,540.0,－－－－－－－－－－,10.0,200.0,0.0,10.0,0.0,140.0,-1870.0,3470.0,yonden
2017,6,2017-06-28,10:00,3470.0,880.0,3470.0,490.0,－－－－－－－－－－,10.0,390.0,0.0,0.0,0.0,140.0,-1910.0,3470.0,yonden
2017,6,2017-06-28,11:00,3500.0,880.0,3330.0,420.0,－－－－－－－－－－,10.0,600.0,0.0,0.0,0.0,140.0,-1880.0,3500.0,yonden
2017,6,2017-06-28,12:00,3320.0,880.0,3400.0,330.0,－－－－－－－－－－,10.0,520.0,0.0,0.0,0.0,0.0,-1820.0,3320.0,yonden
2017,6,2017-06-28,13:00,3470.0,880.0,3960.0,410.0,－－－－－－－－－－,10.0,490.0,0.0,0.0,0.0,0.0,-2280.0,3470.0,yonden
2017,6,2017-06-28,14:00,3620.0,880.0,4030.0,450.0,－－－－－－－－－－,10.0,650.0,0.0,0.0,0.0,0.0,-2400.0,3620.0,yonden
2017,6,2017-06-28,15:00,3600.0,880.0,4120.0,480.0,－－－－－－－－－－,10.0,550.0,0.0,0.0,0.0,0.0,-2440.0,3600.0,yonden
2017,6,2017-06-28,16:00,3620.0,880.0,4060.0,540.0,－－－－－－－－－－,10.0,440.0,0.0,0.0,0.0,0.0,-2310.0,3620.0,yonden
2017,6,2017-06-28,17:00,3530.0,880.0,4050.0,530.0,－－－－－－－－－－,10.0,260.0,0.0,10.0,0.0,0.0,-2210.0,3530.0,yonden
2017,6,2017-06-28,18:00,3450.0,880.0,4070.0,550.0,－－－－－－－－－－,10.0,90.0,0.0,10.0,0.0,0.0,-2160.0,3450.0,yonden
2017,6,2017-06-28,19:00,3320.0,880.0,3980.0,440.0,－－－－－－－－－－,10.0,0.0,0.0,10.0,0.0,0.0,-2000.0,3320.0,yonden
2017,6,2017-06-28,20:00,3170.0,880.0,3800.0,370.0,－－－－－－－－－－,10.0,0.0,0.0,10.0,0.0,0.0,-1900.0,3170.0,yonden
2017,6,2017-06-28,21:00,2960.0,880.0,3730.0,300.0,－－－－－－－－－－,10.0,0.0,0.0,10.0,0.0,0.0,-1970.0,2960.0,yonden
2017,6,2017-06-28,22:00,2750.0,880.0,3390.0,300.0,－－－－－－－－－－,10.0,0.0,0.0,10.0,0.0,0.0,-1840.0,2750.0,yonden
2017,6,2017-06-28,23:00,2610.0,880.0,3150.0,330.0,－－－－－－－－－－,10.0,0.0,0.0,10.0,0.0,-100.0,-1670.0,2610.0,yonden
2017,6,2017-06-29,00:00,2440.0,880.0,3080.0,330.0,－－－－－－－－－－,10.0,0.0,0.0,10.0,0.0,-300.0,-1570.0,2440.0,yonden
2017,6,2017-06-29,01:00,2400.0,880.0,3080.0,310.0,－－－－－－－－－－,10.0,0.0,0.0,0.0,0.0,-300.0,-1580.0,2400.0,yonden
2017,6,2017-06-29,02:00,2520.0,880.0,3200.0,330.0,－－－－－－－－－－,10.0,0.0,0.0,0.0,0.0,-300.0,-1600.0,2520.0,yonden
2017,6,2017-06-29,03:00,2720.0,880.0,3130.0,340.0,－－－－－－－－－－,10.0,0.0,0.0,10.0,0.0,0.0,-1650.0,2720.0,yonden
2017,6,2017-06-29,04:00,2840.0,880.0,3110.0,420.0,－－－－－－－－－－,10.0,0.0,0.0,10.0,0.0,0.0,-1590.0,2840.0,yonden
2017,6,2017-06-29,05:00,2830.0,880.0,3090.0,380.0,－－－－－－－－－－,10.0,40.0,0.0,0.0,0.0,0.0,-1570.0,2830.0,yonden
2017,6,2017-06-29,06:00,2740.0,880.0,3060.0,340.0,－－－－－－－－－－,10.0,90.0,0.0,0.0,0.0,0.0,-1640.0,2740.0,yonden
2017,6,2017-06-29,07:00,2810.0,880.0,3130.0,300.0,－－－－－－－－－－,10.0,150.0,0.0,0.0,0.0,0.0,-1660.0,2810.0,yonden
2017,6,2017-06-29,08:00,3260.0,880.0,3630.0,500.0,－－－－－－－－－－,10.0,170.0,0.0,0.0,0.0,0.0,-1930.0,3260.0,yonden
2017,6,2017-06-29,09:00,3490.0,880.0,3860.0,560.0,－－－－－－－－－－,10.0,250.0,0.0,10.0,0.0,0.0,-2080.0,3490.0,yonden
2017,6,2017-06-29,10:00,3530.0,880.0,3720.0,430.0,－－－－－－－－－－,10.0,420.0,0.0,10.0,0.0,0.0,-1940.0,3530.0,yonden
2017,6,2017-06-29,11:00,3610.0,880.0,3630.0,350.0,－－－－－－－－－－,10.0,610.0,0.0,10.0,0.0,0.0,-1880.0,3610.0,yonden
2017,6,2017-06-29,12:00,3420.0,880.0,3380.0,330.0,－－－－－－－－－－,10.0,640.0,0.0,20.0,0.0,0.0,-1840.0,3420.0,yonden
2017,6,2017-06-29,13:00,3640.0,880.0,3710.0,460.0,－－－－－－－－－－,10.0,560.0,0.0,40.0,0.0,0.0,-2020.0,3640.0,yonden
2017,6,2017-06-29,14:00,3690.0,880.0,3790.0,560.0,－－－－－－－－－－,10.0,550.0,0.0,50.0,0.0,0.0,-2150.0,3690.0,yonden
2017,6,2017-06-29,15:00,3660.0,880.0,3780.0,580.0,－－－－－－－－－－,10.0,450.0,0.0,60.0,0.0,0.0,-2100.0,3660.0,yonden
2017,6,2017-06-29,16:00,3620.0,880.0,3770.0,580.0,－－－－－－－－－－,10.0,260.0,0.0,60.0,0.0,0.0,-1940.0,3620.0,yonden
2017,6,2017-06-29,17:00,3450.0,880.0,3690.0,540.0,－－－－－－－－－－,10.0,120.0,0.0,70.0,0.0,0.0,-1860.0,3450.0,yonden
2017,6,2017-06-29,18:00,3460.0,880.0,3660.0,560.0,－－－－－－－－－－,10.0,50.0,0.0,70.0,0.0,0.0,-1770.0,3460.0,yonden
2017,6,2017-06-29,19:00,3400.0,880.0,3820.0,530.0,－－－－－－－－－－,10.0,0.0,0.0,80.0,0.0,0.0,-1920.0,3400.0,yonden
2017,6,2017-06-29,20:00,3240.0,880.0,3760.0,370.0,－－－－－－－－－－,10.0,0.0,0.0,60.0,0.0,0.0,-1840.0,3240.0,yonden
2017,6,2017-06-29,21:00,3030.0,880.0,3510.0,340.0,－－－－－－－－－－,10.0,0.0,0.0,60.0,0.0,0.0,-1770.0,3030.0,yonden
2017,6,2017-06-29,22:00,2840.0,880.0,3210.0,320.0,－－－－－－－－－－,10.0,0.0,0.0,80.0,0.0,-150.0,-1510.0,2840.0,yonden
2017,6,2017-06-29,23:00,2720.0,880.0,3150.0,300.0,－－－－－－－－－－,10.0,0.0,0.0,90.0,0.0,-300.0,-1410.0,2720.0,yonden
2017,6,2017-06-30,00:00,2580.0,880.0,3090.0,290.0,－－－－－－－－－－,10.0,0.0,0.0,80.0,0.0,-300.0,-1470.0,2580.0,yonden
2017,6,2017-06-30,01:00,2500.0,880.0,3030.0,280.0,－－－－－－－－－－,10.0,0.0,0.0,70.0,0.0,-300.0,-1470.0,2500.0,yonden
2017,6,2017-06-30,02:00,2620.0,880.0,3070.0,280.0,－－－－－－－－－－,10.0,0.0,0.0,70.0,0.0,-150.0,-1540.0,2620.0,yonden
2017,6,2017-06-30,03:00,2790.0,880.0,3070.0,280.0,－－－－－－－－－－,10.0,0.0,0.0,60.0,0.0,0.0,-1510.0,2790.0,yonden
2017,6,2017-06-30,04:00,2930.0,880.0,3140.0,360.0,－－－－－－－－－－,10.0,0.0,0.0,60.0,0.0,0.0,-1520.0,2930.0,yonden
2017,6,2017-06-30,05:00,2910.0,880.0,3050.0,340.0,－－－－－－－－－－,10.0,30.0,0.0,60.0,0.0,0.0,-1460.0,2910.0,yonden
2017,6,2017-06-30,06:00,2810.0,880.0,3050.0,290.0,－－－－－－－－－－,10.0,60.0,0.0,50.0,0.0,0.0,-1530.0,2810.0,yonden
2017,6,2017-06-30,07:00,2910.0,880.0,3210.0,330.0,－－－－－－－－－－,10.0,90.0,0.0,60.0,0.0,0.0,-1670.0,2910.0,yonden
2017,6,2017-06-30,08:00,3360.0,880.0,3550.0,480.0,－－－－－－－－－－,10.0,130.0,0.0,70.0,0.0,0.0,-1760.0,3360.0,yonden
2017,6,2017-06-30,09:00,3650.0,880.0,3780.0,560.0,－－－－－－－－－－,10.0,180.0,0.0,60.0,0.0,190.0,-2010.0,3650.0,yonden
2017,6,2017-06-30,10:00,3690.0,880.0,3740.0,580.0,－－－－－－－－－－,10.0,360.0,0.0,60.0,0.0,180.0,-2120.0,3690.0,yonden
2017,6,2017-06-30,11:00,3720.0,880.0,3660.0,580.0,－－－－－－－－－－,10.0,590.0,0.0,60.0,0.0,70.0,-2130.0,3720.0,yonden
2017,6,2017-06-30,12:00,3530.0,880.0,3280.0,490.0,－－－－－－－－－－,10.0,790.0,0.0,80.0,0.0,0.0,-2000.0,3530.0,yonden
2017,6,2017-06-30,13:00,3740.0,880.0,3470.0,530.0,－－－－－－－－－－,10.0,860.0,0.0,70.0,0.0,0.0,-2080.0,3740.0,yonden
2017,6,2017-06-30,14:00,3840.0,880.0,3510.0,550.0,－－－－－－－－－－,10.0,830.0,0.0,70.0,0.0,0.0,-2010.0,3840.0,yonden
2017,6,2017-06-30,15:00,3760.0,880.0,3550.0,550.0,－－－－－－－－－－,10.0,610.0,0.0,70.0,0.0,0.0,-1910.0,3760.0,yonden
2017,6,2017-06-30,16:00,3830.0,880.0,3630.0,570.0,－－－－－－－－－－,10.0,500.0,0.0,70.0,0.0,0.0,-1830.0,3830.0,yonden
2017,6,2017-06-30,17:00,3640.0,880.0,3630.0,540.0,－－－－－－－－－－,10.0,200.0,0.0,70.0,0.0,160.0,-1850.0,3640.0,yonden
2017,6,2017-06-30,18:00,3590.0,880.0,3610.0,600.0,－－－－－－－－－－,10.0,60.0,0.0,70.0,0.0,190.0,-1830.0,3590.0,yonden
2017,6,2017-06-30,19:00,3520.0,880.0,3600.0,580.0,－－－－－－－－－－,10.0,0.0,0.0,80.0,0.0,190.0,-1820.0,3520.0,yonden
2017,6,2017-06-30,20:00,3350.0,880.0,3430.0,510.0,－－－－－－－－－－,10.0,0.0,0.0,70.0,0.0,190.0,-1740.0,3350.0,yonden
2017,6,2017-06-30,21:00,3130.0,880.0,3280.0,500.0,－－－－－－－－－－,10.0,0.0,0.0,70.0,0.0,80.0,-1690.0,3130.0,yonden
2017,6,2017-06-30,22:00,2910.0,880.0,3050.0,470.0,－－－－－－－－－－,10.0,0.0,0.0,60.0,0.0,0.0,-1560.0,2910.0,yonden
2017,6,2017-06-30,23:00,2770.0,880.0,2980.0,450.0,－－－－－－－－－－,10.0,0.0,0.0,70.0,0.0,0.0,-1620.0,2770.0,yonden
2017,7,2017-07-01,00:00,2580.0,880.0,2810.0,440.0,－－－－－－－－－－,10.0,0.0,0.0,70.0,0.0,0.0,-1630.0,2580.0,yonden
2017,7,2017-07-01,01:00,2500.0,880.0,2750.0,490.0,－－－－－－－－－－,10.0,0.0,0.0,70.0,0.0,0.0,-1700.0,2500.0,yonden
2017,7,2017-07-01,02:00,2570.0,880.0,2730.0,450.0,－－－－－－－－－－,10.0,0.0,0.0,70.0,0.0,0.0,-1570.0,2570.0,yonden
2017,7,2017-07-01,03:00,2730.0,880.0,2690.0,460.0,－－－－－－－－－－,10.0,0.0,0.0,80.0,0.0,0.0,-1390.0,2730.0,yonden
2017,7,2017-07-01,04:00,2830.0,880.0,2770.0,460.0,－－－－－－－－－－,10.0,0.0,0.0,70.0,0.0,-10.0,-1350.0,2830.0,yonden
2017,7,2017-07-01,05:00,2780.0,880.0,2790.0,440.0,－－－－－－－－－－,10.0,40.0,0.0,70.0,0.0,-10.0,-1440.0,2780.0,yonden
2017,7,2017-07-01,06:00,2640.0,880.0,2810.0,490.0,－－－－－－－－－－,10.0,190.0,0.0,60.0,0.0,0.0,-1800.0,2640.0,yonden
2017,7,2017-07-01,07:00,2650.0,880.0,2840.0,520.0,－－－－－－－－－－,10.0,410.0,0.0,20.0,0.0,0.0,-2030.0,2650.0,yonden
2017,7,2017-07-01,08:00,2990.0,880.0,2900.0,540.0,－－－－－－－－－－,10.0,650.0,0.0,10.0,0.0,0.0,-2000.0,2990.0,yonden
2017,7,2017-07-01,09:00,3290.0,880.0,2980.0,560.0,－－－－－－－－－－,10.0,890.0,0.0,10.0,0.0,0.0,-2040.0,3290.0,yonden
2017,7,2017-07-01,10:00,3470.0,880.0,2960.0,560.0,－－－－－－－－－－,10.0,1090.0,0.0,10.0,0.0,0.0,-2040.0,3470.0,yonden
2017,7,2017-07-01,11:00,3550.0,880.0,3000.0,610.0,－－－－－－－－－－,10.0,1040.0,0.0,0.0,0.0,50.0,-2040.0,3550.0,yonden
2017,7,2017-07-01,12:00,3460.0,880.0,3020.0,590.0,－－－－－－－－－－,10.0,1020.0,0.0,0.0,0.0,10.0,-2070.0,3460.0,yonden
2017,7,2017-07-01,13:00,3610.0,880.0,2950.0,600.0,－－－－－－－－－－,10.0,1130.0,0.0,0.0,0.0,-80.0,-1880.0,3610.0,yonden
2017,7,2017-07-01,14:00,3680.0,880.0,3120.0,620.0,－－－－－－－－－－,10.0,1090.0,0.0,0.0,0.0,-150.0,-1890.0,3680.0,yonden
2017,7,2017-07-01,15:00,3710.0,880.0,3170.0,590.0,－－－－－－－－－－,10.0,910.0,0.0,0.0,0.0,0.0,-1850.0,3710.0,yonden
2017,7,2017-07-01,16:00,3750.0,880.0,3180.0,600.0,－－－－－－－－－－,10.0,660.0,0.0,0.0,0.0,0.0,-1580.0,3750.0,yonden
2017,7,2017-07-01,17:00,3690.0,880.0,3350.0,600.0,－－－－－－－－－－,10.0,370.0,0.0,0.0,0.0,0.0,-1520.0,3690.0,yonden
2017,7,2017-07-01,18:00,3610.0,880.0,3530.0,600.0,－－－－－－－－－－,10.0,110.0,0.0,0.0,0.0,0.0,-1520.0,3610.0,yonden
2017,7,2017-07-01,19:00,3520.0,880.0,3550.0,600.0,－－－－－－－－－－,10.0,0.0,0.0,10.0,0.0,0.0,-1530.0,3520.0,yonden
2017,7,2017-07-01,20:00,3370.0,880.0,3300.0,600.0,－－－－－－－－－－,10.0,0.0,0.0,10.0,0.0,0.0,-1430.0,3370.0,yonden
2017,7,2017-07-01,21:00,3140.0,880.0,3130.0,630.0,－－－－－－－－－－,10.0,0.0,0.0,10.0,0.0,0.0,-1520.0,3140.0,yonden
2017,7,2017-07-01,22:00,2900.0,880.0,3000.0,610.0,－－－－－－－－－－,10.0,0.0,0.0,10.0,0.0,0.0,-1610.0,2900.0,yonden
2017,7,2017-07-01,23:00,2750.0,880.0,2920.0,540.0,－－－－－－－－－－,10.0,0.0,0.0,0.0,0.0,0.0,-1600.0,2750.0,yonden
2017,7,2017-07-02,00:00,2550.0,880.0,2900.0,610.0,－－－－－－－－－－,10.0,0.0,0.0,0.0,0.0,0.0,-1850.0,2550.0,yonden
2017,7,2017-07-02,01:00,2450.0,880.0,2810.0,590.0,－－－－－－－－－－,10.0,0.0,0.0,0.0,0.0,0.0,-1840.0,2450.0,yonden
2017,7,2017-07-02,02:00,2520.0,880.0,2880.0,570.0,－－－－－－－－－－,10.0,0.0,0.0,0.0,0.0,0.0,-1820.0,2520.0,yonden
2017,7,2017-07-02,03:00,2680.0,880.0,2900.0,580.0,－－－－－－－－－－,10.0,0.0,0.0,0.0,0.0,0.0,-1690.0,2680.0,yonden
2017,7,2017-07-02,04:00,2780.0,880.0,2980.0,580.0,－－－－－－－－－－,10.0,0.0,0.0,0.0,0.0,0.0,-1670.0,2780.0,yonden
2017,7,2017-07-02,05:00,2700.0,880.0,2940.0,520.0,－－－－－－－－－－,10.0,50.0,0.0,0.0,0.0,0.0,-1700.0,2700.0,yonden
2017,7,2017-07-02,06:00,2500.0,880.0,2900.0,500.0,－－－－－－－－－－,10.0,190.0,0.0,0.0,0.0,0.0,-1980.0,2500.0,yonden
2017,7,2017-07-02,07:00,2460.0,880.0,2790.0,480.0,－－－－－－－－－－,10.0,460.0,0.0,0.0,0.0,0.0,-2160.0,2460.0,yonden
2017,7,2017-07-02,08:00,2740.0,880.0,2970.0,600.0,－－－－－－－－－－,10.0,810.0,0.0,0.0,0.0,-280.0,-2250.0,2740.0,yonden
2017,7,2017-07-02,09:00,3060.0,880.0,3110.0,610.0,－－－－－－－－－－,10.0,1070.0,0.0,0.0,0.0,-300.0,-2320.0,3060.0,yonden
2017,7,2017-07-02,10:00,3200.0,880.0,3130.0,620.0,－－－－－－－－－－,10.0,1200.0,0.0,0.0,0.0,-300.0,-2340.0,3200.0,yonden
2017,7,2017-07-02,11:00,3300.0,880.0,3190.0,600.0,－－－－－－－－－－,10.0,1250.0,0.0,10.0,0.0,-300.0,-2340.0,3300.0,yonden
2017,7,2017-07-02,12:00,3360.0,880.0,3150.0,580.0,－－－－－－－－－－,10.0,1280.0,0.0,10.0,0.0,-300.0,-2250.0,3360.0,yonden
2017,7,2017-07-02,13:00,3410.0,880.0,3020.0,560.0,－－－－－－－－－－,10.0,1290.0,0.0,10.0,0.0,-200.0,-2160.0,3410.0,yonden
2017,7,2017-07-02,14:00,3480.0,880.0,2880.0,580.0,－－－－－－－－－－,10.0,1150.0,0.0,20.0,0.0,0.0,-2040.0,3480.0,yonden
2017,7,2017-07-02,15:00,3490.0,880.0,2940.0,600.0,－－－－－－－－－－,10.0,840.0,0.0,30.0,0.0,0.0,-1810.0,3490.0,yonden
2017,7,2017-07-02,16:00,3470.0,880.0,3010.0,560.0,－－－－－－－－－－,10.0,560.0,0.0,50.0,0.0,0.0,-1600.0,3470.0,yonden
2017,7,2017-07-02,17:00,3540.0,880.0,3270.0,610.0,－－－－－－－－－－,10.0,300.0,0.0,50.0,0.0,0.0,-1580.0,3540.0,yonden
2017,7,2017-07-02,18:00,3550.0,880.0,3260.0,640.0,－－－－－－－－－－,10.0,90.0,0.0,50.0,0.0,280.0,-1660.0,3550.0,yonden
2017,7,2017-07-02,19:00,3530.0,880.0,3270.0,660.0,－－－－－－－－－－,10.0,0.0,0.0,50.0,0.0,320.0,-1660.0,3530.0,yonden
2017,7,2017-07-02,20:00,3400.0,880.0,3190.0,620.0,－－－－－－－－－－,10.0,0.0,0.0,50.0,0.0,230.0,-1580.0,3400.0,yonden
2017,7,2017-07-02,21:00,3180.0,880.0,3160.0,610.0,－－－－－－－－－－,10.0,0.0,0.0,40.0,0.0,0.0,-1520.0,3180.0,yonden
2017,7,2017-07-02,22:00,2920.0,880.0,3050.0,560.0,－－－－－－－－－－,10.0,0.0,0.0,30.0,0.0,0.0,-1610.0,2920.0,yonden
2017,7,2017-07-02,23:00,2730.0,880.0,3010.0,550.0,－－－－－－－－－－,10.0,0.0,0.0,20.0,0.0,-130.0,-1610.0,2730.0,yonden
2017,7,2017-07-03,00:00,2530.0,880.0,2800.0,500.0,－－－－－－－－－－,10.0,0.0,0.0,20.0,0.0,-290.0,-1390.0,2530.0,yonden
2017,7,2017-07-03,01:00,2470.0,880.0,2910.0,500.0,－－－－－－－－－－,10.0,0.0,0.0,10.0,0.0,-290.0,-1550.0,2470.0,yonden
2017,7,2017-07-03,02:00,2550.0,880.0,3020.0,500.0,－－－－－－－－－－,10.0,0.0,0.0,10.0,0.0,-290.0,-1580.0,2550.0,yonden
2017,7,2017-07-03,03:00,2710.0,880.0,3100.0,490.0,－－－－－－－－－－,10.0,0.0,0.0,10.0,0.0,-160.0,-1620.0,2710.0,yonden
2017,7,2017-07-03,04:00,2830.0,880.0,3120.0,500.0,－－－－－－－－－－,10.0,0.0,0.0,10.0,0.0,0.0,-1690.0,2830.0,yonden
2017,7,2017-07-03,05:00,2840.0,880.0,3060.0,490.0,－－－－－－－－－－,10.0,50.0,0.0,20.0,0.0,0.0,-1670.0,2840.0,yonden
2017,7,2017-07-03,06:00,2880.0,880.0,2920.0,500.0,－－－－－－－－－－,10.0,270.0,0.0,20.0,0.0,0.0,-1720.0,2880.0,yonden
2017,7,2017-07-03,07:00,3050.0,880.0,2940.0,530.0,－－－－－－－－－－,10.0,510.0,0.0,20.0,0.0,0.0,-1840.0,3050.0,yonden
2017,7,2017-07-03,08:00,3630.0,880.0,3300.0,620.0,－－－－－－－－－－,10.0,830.0,0.0,20.0,0.0,0.0,-2030.0,3630.0,yonden
2017,7,2017-07-03,09:00,4050.0,880.0,3440.0,640.0,－－－－－－－－－－,10.0,1100.0,0.0,30.0,0.0,40.0,-2090.0,4050.0,yonden
2017,7,2017-07-03,10:00,4250.0,880.0,3660.0,650.0,－－－－－－－－－－,10.0,1230.0,0.0,20.0,0.0,20.0,-2220.0,4250.0,yonden
2017,7,2017-07-03,11:00,4350.0,880.0,3720.0,610.0,－－－－－－－－－－,10.0,1250.0,0.0,10.0,0.0,0.0,-2130.0,4350.0,yonden
2017,7,2017-07-03,12:00,4220.0,880.0,3610.0,560.0,－－－－－－－－－－,10.0,1220.0,0.0,10.0,0.0,0.0,-2070.0,4220.0,yonden
2017,7,2017-07-03,13:00,4440.0,880.0,3850.0,550.0,－－－－－－－－－－,10.0,1160.0,0.0,10.0,0.0,0.0,-2020.0,4440.0,yonden
2017,7,2017-07-03,14:00,4460.0,880.0,3960.0,590.0,－－－－－－－－－－,10.0,1030.0,0.0,20.0,0.0,0.0,-2030.0,4460.0,yonden
2017,7,2017-07-03,15:00,4490.0,880.0,3940.0,670.0,－－－－－－－－－－,10.0,880.0,0.0,30.0,0.0,0.0,-1920.0,4490.0,yonden
2017,7,2017-07-03,16:00,4490.0,880.0,4050.0,670.0,－－－－－－－－－－,10.0,590.0,0.0,40.0,0.0,100.0,-1850.0,4490.0,yonden
2017,7,2017-07-03,17:00,4310.0,880.0,4050.0,650.0,－－－－－－－－－－,10.0,290.0,0.0,40.0,0.0,240.0,-1850.0,4310.0,yonden
2017,7,2017-07-03,18:00,4210.0,880.0,4170.0,650.0,－－－－－－－－－－,10.0,80.0,0.0,40.0,0.0,240.0,-1860.0,4210.0,yonden
2017,7,2017-07-03,19:00,4130.0,880.0,4200.0,640.0,－－－－－－－－－－,10.0,0.0,0.0,50.0,0.0,240.0,-1890.0,4130.0,yonden
2017,7,2017-07-03,20:00,3910.0,880.0,4030.0,570.0,－－－－－－－－－－,10.0,0.0,0.0,40.0,0.0,160.0,-1780.0,3910.0,yonden
2017,7,2017-07-03,21:00,3630.0,880.0,3860.0,530.0,－－－－－－－－－－,10.0,0.0,0.0,30.0,0.0,0.0,-1680.0,3630.0,yonden
2017,7,2017-07-03,22:00,3320.0,880.0,3370.0,490.0,－－－－－－－－－－,10.0,0.0,0.0,20.0,0.0,0.0,-1450.0,3320.0,yonden
2017,7,2017-07-03,23:00,3120.0,880.0,3190.0,520.0,－－－－－－－－－－,10.0,0.0,0.0,20.0,0.0,0.0,-1500.0,3120.0,yonden
2017,7,2017-07-04,00:00,2870.0,880.0,3280.0,570.0,－－－－－－－－－－,10.0,0.0,0.0,20.0,0.0,-220.0,-1670.0,2870.0,yonden
2017,7,2017-07-04,01:00,2770.0,880.0,3120.0,540.0,－－－－－－－－－－,10.0,0.0,0.0,30.0,0.0,-290.0,-1520.0,2770.0,yonden
2017,7,2017-07-04,02:00,2830.0,880.0,3100.0,510.0,－－－－－－－－－－,10.0,0.0,0.0,50.0,0.0,-290.0,-1430.0,2830.0,yonden
2017,7,2017-07-04,03:00,2950.0,880.0,2960.0,600.0,－－－－－－－－－－,10.0,0.0,0.0,60.0,0.0,-20.0,-1540.0,2950.0,yonden
2017,7,2017-07-04,04:00,3050.0,880.0,3020.0,630.0,－－－－－－－－－－,10.0,0.0,0.0,70.0,0.0,0.0,-1560.0,3050.0,yonden
2017,7,2017-07-04,05:00,3060.0,880.0,2990.0,580.0,－－－－－－－－－－,10.0,40.0,0.0,80.0,0.0,0.0,-1520.0,3060.0,yonden
2017,7,2017-07-04,06:00,2990.0,880.0,3010.0,500.0,－－－－－－－－－－,10.0,130.0,0.0,90.0,0.0,0.0,-1630.0,2990.0,yonden
2017,7,2017-07-04,07:00,3130.0,880.0,3120.0,520.0,－－－－－－－－－－,10.0,210.0,0.0,90.0,0.0,0.0,-1700.0,3130.0,yonden
2017,7,2017-07-04,08:00,3740.0,880.0,3610.0,630.0,－－－－－－－－－－,10.0,330.0,0.0,90.0,0.0,0.0,-1810.0,3740.0,yonden
2017,7,2017-07-04,09:00,4100.0,880.0,4110.0,660.0,－－－－－－－－－－,10.0,270.0,0.0,90.0,0.0,0.0,-1920.0,4100.0,yonden
2017,7,2017-07-04,10:00,4240.0,880.0,4440.0,680.0,－－－－－－－－－－,10.0,200.0,0.0,90.0,0.0,50.0,-2110.0,4240.0,yonden
2017,7,2017-07-04,11:00,4290.0,880.0,4500.0,710.0,－－－－－－－－－－,10.0,170.0,0.0,70.0,0.0,140.0,-2190.0,4290.0,yonden
2017,7,2017-07-04,12:00,4040.0,880.0,4390.0,670.0,－－－－－－－－－－,10.0,160.0,0.0,80.0,0.0,150.0,-2300.0,4040.0,yonden
2017,7,2017-07-04,13:00,4130.0,880.0,4400.0,710.0,－－－－－－－－－－,10.0,150.0,0.0,80.0,0.0,260.0,-2360.0,4130.0,yonden
2017,7,2017-07-04,14:00,4010.0,880.0,4240.0,720.0,－－－－－－－－－－,10.0,150.0,0.0,80.0,0.0,270.0,-2340.0,4010.0,yonden
2017,7,2017-07-04,15:00,3840.0,880.0,4150.0,640.0,－－－－－－－－－－,10.0,220.0,0.0,50.0,0.0,110.0,-2220.0,3840.0,yonden
2017,7,2017-07-04,16:00,3780.0,880.0,4190.0,610.0,－－－－－－－－－－,10.0,190.0,0.0,40.0,0.0,0.0,-2140.0,3780.0,yonden
2017,7,2017-07-04,17:00,3680.0,880.0,4100.0,630.0,－－－－－－－－－－,10.0,120.0,0.0,40.0,0.0,0.0,-2100.0,3680.0,yonden
2017,7,2017-07-04,18:00,3660.0,880.0,4100.0,640.0,－－－－－－－－－－,10.0,50.0,0.0,30.0,0.0,70.0,-2120.0,3660.0,yonden
2017,7,2017-07-04,19:00,3600.0,880.0,3900.0,650.0,－－－－－－－－－－,10.0,0.0,0.0,20.0,0.0,240.0,-2100.0,3600.0,yonden
2017,7,2017-07-04,20:00,3450.0,880.0,3550.0,650.0,－－－－－－－－－－,10.0,0.0,0.0,20.0,0.0,240.0,-1900.0,3450.0,yonden
2017,7,2017-07-04,21:00,3230.0,880.0,3270.0,670.0,－－－－－－－－－－,10.0,0.0,0.0,10.0,0.0,70.0,-1680.0,3230.0,yonden
2017,7,2017-07-04,22:00,3030.0,880.0,3180.0,670.0,－－－－－－－－－－,10.0,0.0,0.0,10.0,0.0,-150.0,-1570.0,3030.0,yonden
2017,7,2017-07-04,23:00,2890.0,880.0,3290.0,680.0,－－－－－－－－－－,10.0,0.0,0.0,10.0,0.0,-300.0,-1680.0,2890.0,yonden
2017,7,2017-07-05,00:00,2710.0,880.0,3220.0,700.0,－－－－－－－－－－,10.0,0.0,0.0,20.0,0.0,-300.0,-1820.0,2710.0,yonden
2017,7,2017-07-05,01:00,2640.0,880.0,3120.0,690.0,－－－－－－－－－－,10.0,0.0,0.0,20.0,0.0,-300.0,-1780.0,2640.0,yonden
2017,7,2017-07-05,02:00,2720.0,880.0,3140.0,640.0,－－－－－－－－－－,10.0,0.0,0.0,20.0,0.0,-300.0,-1670.0,2720.0,yonden
2017,7,2017-07-05,03:00,2870.0,880.0,3100.0,650.0,－－－－－－－－－－,10.0,0.0,0.0,20.0,0.0,-300.0,-1490.0,2870.0,yonden
2017,7,2017-07-05,04:00,3000.0,880.0,3120.0,660.0,－－－－－－－－－－,10.0,0.0,0.0,20.0,0.0,-300.0,-1390.0,3000.0,yonden
2017,7,2017-07-05,05:00,3030.0,880.0,3100.0,660.0,－－－－－－－－－－,10.0,40.0,0.0,30.0,0.0,-290.0,-1400.0,3030.0,yonden
2017,7,2017-07-05,06:00,3000.0,880.0,3200.0,620.0,－－－－－－－－－－,10.0,170.0,0.0,20.0,0.0,-290.0,-1610.0,3000.0,yonden
2017,7,2017-07-05,07:00,3080.0,880.0,3220.0,640.0,－－－－－－－－－－,10.0,280.0,0.0,10.0,0.0,-170.0,-1790.0,3080.0,yonden
2017,7,2017-07-05,08:00,3560.0,880.0,3490.0,660.0,－－－－－－－－－－,10.0,420.0,0.0,10.0,0.0,0.0,-1910.0,3560.0,yonden
2017,7,2017-07-05,09:00,3860.0,880.0,3890.0,700.0,－－－－－－－－－－,10.0,480.0,0.0,10.0,0.0,0.0,-2110.0,3860.0,yonden
2017,7,2017-07-05,10:00,3990.0,880.0,4250.0,720.0,－－－－－－－－－－,10.0,350.0,0.0,10.0,0.0,0.0,-2230.0,3990.0,yonden
2017,7,2017-07-05,11:00,3960.0,880.0,4290.0,720.0,－－－－－－－－－－,10.0,330.0,0.0,20.0,0.0,0.0,-2290.0,3960.0,yonden
2017,7,2017-07-05,12:00,3700.0,880.0,4060.0,660.0,－－－－－－－－－－,10.0,330.0,0.0,30.0,0.0,0.0,-2270.0,3700.0,yonden
2017,7,2017-07-05,13:00,3810.0,880.0,3960.0,730.0,－－－－－－－－－－,10.0,340.0,0.0,20.0,0.0,210.0,-2340.0,3810.0,yonden
2017,7,2017-07-05,14:00,3770.0,880.0,3940.0,720.0,－－－－－－－－－－,10.0,330.0,0.0,20.0,0.0,250.0,-2380.0,3770.0,yonden
2017,7,2017-07-05,15:00,3750.0,880.0,3820.0,710.0,－－－－－－－－－－,10.0,360.0,0.0,10.0,0.0,160.0,-2200.0,3750.0,yonden
2017,7,2017-07-05,16:00,3770.0,880.0,3810.0,700.0,－－－－－－－－－－,10.0,310.0,0.0,10.0,0.0,200.0,-2150.0,3770.0,yonden
2017,7,2017-07-05,17:00,3670.0,880.0,3880.0,740.0,－－－－－－－－－－,10.0,140.0,0.0,10.0,0.0,260.0,-2250.0,3670.0,yonden
2017,7,2017-07-05,18:00,3660.0,880.0,3930.0,730.0,－－－－－－－－－－,10.0,50.0,0.0,10.0,0.0,260.0,-2210.0,3660.0,yonden
2017,7,2017-07-05,19:00,3520.0,880.0,3730.0,750.0,－－－－－－－－－－,10.0,0.0,0.0,10.0,0.0,220.0,-2080.0,3520.0,yonden
2017,7,2017-07-05,20:00,3340.0,880.0,3450.0,730.0,－－－－－－－－－－,10.0,0.0,0.0,10.0,0.0,180.0,-1920.0,3340.0,yonden
2017,7,2017-07-05,21:00,3120.0,880.0,3190.0,730.0,－－－－－－－－－－,10.0,0.0,0.0,10.0,0.0,60.0,-1760.0,3120.0,yonden
2017,7,2017-07-05,22:00,2900.0,880.0,2910.0,680.0,－－－－－－－－－－,10.0,0.0,0.0,20.0,0.0,0.0,-1600.0,2900.0,yonden
2017,7,2017-07-05,23:00,2750.0,880.0,2880.0,660.0,－－－－－－－－－－,10.0,0.0,0.0,20.0,0.0,0.0,-1700.0,2750.0,yonden
2017,7,2017-07-06,00:00,2560.0,880.0,2920.0,680.0,－－－－－－－－－－,10.0,0.0,0.0,10.0,0.0,-300.0,-1640.0,2560.0,yonden
2017,7,2017-07-06,01:00,2510.0,880.0,2860.0,660.0,－－－－－－－－－－,10.0,0.0,0.0,20.0,0.0,-300.0,-1620.0,2510.0,yonden
2017,7,2017-07-06,02:00,2610.0,880.0,2860.0,660.0,－－－－－－－－－－,10.0,0.0,0.0,10.0,0.0,-300.0,-1510.0,2610.0,yonden
2017,7,2017-07-06,03:00,2780.0,880.0,2960.0,680.0,－－－－－－－－－－,10.0,0.0,0.0,10.0,0.0,-300.0,-1460.0,2780.0,yonden
2017,7,2017-07-06,04:00,2920.0,880.0,3000.0,680.0,－－－－－－－－－－,10.0,0.0,0.0,10.0,0.0,-300.0,-1360.0,2920.0,yonden
2017,7,2017-07-06,05:00,2910.0,880.0,2980.0,670.0,－－－－－－－－－－,10.0,30.0,0.0,0.0,0.0,-300.0,-1360.0,2910.0,yonden
2017,7,2017-07-06,06:00,2830.0,880.0,2880.0,680.0,－－－－－－－－－－,10.0,120.0,0.0,10.0,0.0,-300.0,-1450.0,2830.0,yonden
2017,7,2017-07-06,07:00,2920.0,880.0,2840.0,690.0,－－－－－－－－－－,10.0,250.0,0.0,10.0,0.0,-290.0,-1470.0,2920.0,yonden
2017,7,2017-07-06,08:00,3390.0,880.0,3250.0,700.0,－－－－－－－－－－,10.0,340.0,0.0,10.0,0.0,0.0,-1800.0,3390.0,yonden
2017,7,2017-07-06,09:00,3680.0,880.0,3510.0,760.0,－－－－－－－－－－,10.0,480.0,0.0,10.0,0.0,0.0,-1970.0,3680.0,yonden
2017,7,2017-07-06,10:00,3770.0,880.0,3470.0,760.0,－－－－－－－－－－,10.0,730.0,0.0,20.0,0.0,0.0,-2100.0,3770.0,yonden
2017,7,2017-07-06,11:00,3850.0,880.0,3380.0,700.0,－－－－－－－－－－,10.0,1010.0,0.0,20.0,0.0,0.0,-2150.0,3850.0,yonden
2017,7,2017-07-06,12:00,3710.0,880.0,3220.0,660.0,－－－－－－－－－－,10.0,1130.0,0.0,20.0,0.0,0.0,-2210.0,3710.0,yonden
2017,7,2017-07-06,13:00,4010.0,880.0,3560.0,710.0,－－－－－－－－－－,10.0,1210.0,0.0,10.0,0.0,0.0,-2370.0,4010.0,yonden
2017,7,2017-07-06,14:00,4120.0,880.0,3640.0,740.0,－－－－－－－－－－,10.0,1080.0,0.0,0.0,0.0,90.0,-2320.0,4120.0,yonden
2017,7,2017-07-06,15:00,4100.0,880.0,3580.0,710.0,－－－－－－－－－－,10.0,840.0,0.0,0.0,0.0,240.0,-2160.0,4100.0,yonden
2017,7,2017-07-06,16:00,4060.0,880.0,3760.0,720.0,－－－－－－－－－－,10.0,500.0,0.0,0.0,0.0,260.0,-2070.0,4060.0,yonden
2017,7,2017-07-06,17:00,3830.0,880.0,3830.0,730.0,－－－－－－－－－－,10.0,210.0,0.0,0.0,0.0,260.0,-2090.0,3830.0,yonden
2017,7,2017-07-06,18:00,3760.0,880.0,3810.0,730.0,－－－－－－－－－－,10.0,70.0,0.0,0.0,0.0,260.0,-2000.0,3760.0,yonden
2017,7,2017-07-06,19:00,3680.0,880.0,3850.0,740.0,－－－－－－－－－－,10.0,0.0,0.0,0.0,0.0,260.0,-2060.0,3680.0,yonden
2017,7,2017-07-06,20:00,3500.0,880.0,3520.0,740.0,－－－－－－－－－－,10.0,0.0,0.0,0.0,0.0,260.0,-1910.0,3500.0,yonden
2017,7,2017-07-06,21:00,3260.0,880.0,3330.0,740.0,－－－－－－－－－－,10.0,0.0,0.0,0.0,0.0,80.0,-1780.0,3260.0,yonden
2017,7,2017-07-06,22:00,3010.0,880.0,3040.0,700.0,－－－－－－－－－－,10.0,0.0,0.0,0.0,0.0,0.0,-1620.0,3010.0,yonden
2017,7,2017-07-06,23:00,2840.0,880.0,2990.0,700.0,－－－－－－－－－－,10.0,0.0,0.0,0.0,0.0,0.0,-1740.0,2840.0,yonden
2017,7,2017-07-07,00:00,2660.0,880.0,2900.0,680.0,－－－－－－－－－－,10.0,0.0,0.0,0.0,0.0,-300.0,-1510.0,2660.0,yonden
2017,7,2017-07-07,01:00,2570.0,880.0,2860.0,650.0,－－－－－－－－－－,10.0,0.0,0.0,10.0,0.0,-300.0,-1540.0,2570.0,yonden
2017,7,2017-07-07,02:00,2650.0,880.0,2860.0,680.0,－－－－－－－－－－,10.0,0.0,0.0,10.0,0.0,-300.0,-1490.0,2650.0,yonden
2017,7,2017-07-07,03:00,2810.0,880.0,2880.0,720.0,－－－－－－－－－－,10.0,0.0,0.0,10.0,0.0,-300.0,-1390.0,2810.0,yonden
2017,7,2017-07-07,04:00,2920.0,880.0,2960.0,730.0,－－－－－－－－－－,10.0,0.0,0.0,0.0,0.0,-300.0,-1360.0,2920.0,yonden
2017,7,2017-07-07,05:00,2920.0,880.0,2970.0,710.0,－－－－－－－－－－,10.0,30.0,0.0,0.0,0.0,-300.0,-1380.0,2920.0,yonden
2017,7,2017-07-07,06:00,2860.0,880.0,2990.0,690.0,－－－－－－－－－－,10.0,90.0,0.0,10.0,0.0,-300.0,-1510.0,2860.0,yonden
2017,7,2017-07-07,07:00,3000.0,880.0,3020.0,710.0,－－－－－－－－－－,10.0,170.0,0.0,10.0,0.0,-290.0,-1510.0,3000.0,yonden
2017,7,2017-07-07,08:00,3490.0,880.0,3420.0,710.0,－－－－－－－－－－,10.0,290.0,0.0,0.0,0.0,0.0,-1820.0,3490.0,yonden
2017,7,2017-07-07,09:00,3770.0,880.0,3610.0,760.0,－－－－－－－－－－,10.0,410.0,0.0,10.0,0.0,0.0,-1910.0,3770.0,yonden
2017,7,2017-07-07,10:00,3850.0,880.0,3530.0,750.0,－－－－－－－－－－,10.0,570.0,0.0,10.0,0.0,0.0,-1900.0,3850.0,yonden
2017,7,2017-07-07,11:00,3940.0,880.0,3400.0,730.0,－－－－－－－－－－,10.0,810.0,0.0,10.0,0.0,0.0,-1900.0,3940.0,yonden
2017,7,2017-07-07,12:00,3780.0,880.0,3300.0,690.0,－－－－－－－－－－,10.0,850.0,0.0,10.0,0.0,0.0,-1960.0,3780.0,yonden
2017,7,2017-07-07,13:00,4020.0,880.0,3350.0,730.0,－－－－－－－－－－,10.0,820.0,0.0,10.0,0.0,210.0,-1990.0,4020.0,yonden
2017,7,2017-07-07,14:00,4070.0,880.0,3610.0,740.0,－－－－－－－－－－,10.0,570.0,0.0,10.0,0.0,280.0,-2030.0,4070.0,yonden
2017,7,2017-07-07,15:00,3900.0,880.0,3720.0,730.0,－－－－－－－－－－,10.0,330.0,0.0,10.0,0.0,250.0,-2030.0,3900.0,yonden
2017,7,2017-07-07,16:00,3890.0,880.0,3740.0,660.0,－－－－－－－－－－,10.0,320.0,0.0,10.0,0.0,240.0,-1970.0,3890.0,yonden
2017,7,2017-07-07,17:00,3860.0,880.0,3760.0,630.0,－－－－－－－－－－,10.0,220.0,0.0,10.0,0.0,240.0,-1890.0,3860.0,yonden
2017,7,2017-07-07,18:00,3780.0,880.0,3880.0,640.0,－－－－－－－－－－,10.0,70.0,0.0,10.0,0.0,240.0,-1950.0,3780.0,yonden
2017,7,2017-07-07,19:00,3650.0,880.0,3690.0,710.0,－－－－－－－－－－,10.0,0.0,0.0,20.0,0.0,230.0,-1890.0,3650.0,yonden
2017,7,2017-07-07,20:00,3470.0,880.0,3390.0,650.0,－－－－－－－－－－,10.0,0.0,0.0,30.0,0.0,190.0,-1680.0,3470.0,yonden
2017,7,2017-07-07,21:00,3230.0,880.0,3320.0,610.0,－－－－－－－－－－,10.0,0.0,0.0,30.0,0.0,0.0,-1620.0,3230.0,yonden
2017,7,2017-07-07,22:00,3000.0,880.0,3030.0,580.0,－－－－－－－－－－,10.0,0.0,0.0,30.0,0.0,0.0,-1530.0,3000.0,yonden
2017,7,2017-07-07,23:00,2830.0,880.0,2890.0,590.0,－－－－－－－－－－,10.0,0.0,0.0,30.0,0.0,0.0,-1570.0,2830.0,yonden
2017,7,2017-07-08,00:00,2640.0,880.0,2820.0,630.0,－－－－－－－－－－,10.0,0.0,0.0,40.0,0.0,0.0,-1740.0,2640.0,yonden
2017,7,2017-07-08,01:00,2560.0,880.0,2790.0,690.0,－－－－－－－－－－,10.0,0.0,0.0,30.0,0.0,0.0,-1840.0,2560.0,yonden
2017,7,2017-07-08,02:00,2660.0,880.0,2830.0,680.0,－－－－－－－－－－,10.0,0.0,0.0,30.0,0.0,0.0,-1770.0,2660.0,yonden
2017,7,2017-07-08,03:00,2800.0,880.0,2850.0,700.0,－－－－－－－－－－,10.0,0.0,0.0,20.0,0.0,0.0,-1660.0,2800.0,yonden
2017,7,2017-07-08,04:00,2900.0,880.0,2860.0,700.0,－－－－－－－－－－,10.0,0.0,0.0,10.0,0.0,0.0,-1560.0,2900.0,yonden
2017,7,2017-07-08,05:00,2840.0,880.0,2870.0,630.0,－－－－－－－－－－,10.0,30.0,0.0,10.0,0.0,0.0,-1590.0,2840.0,yonden
2017,7,2017-07-08,06:00,2670.0,880.0,2870.0,580.0,－－－－－－－－－－,10.0,130.0,0.0,10.0,0.0,0.0,-1810.0,2670.0,yonden
2017,7,2017-07-08,07:00,2670.0,880.0,2670.0,600.0,－－－－－－－－－－,10.0,370.0,0.0,10.0,0.0,0.0,-1870.0,2670.0,yonden
2017,7,2017-07-08,08:00,3020.0,880.0,2710.0,640.0,－－－－－－－－－－,10.0,700.0,0.0,10.0,0.0,0.0,-1930.0,3020.0,yonden
2017,7,2017-07-08,09:00,3310.0,880.0,2830.0,720.0,－－－－－－－－－－,10.0,870.0,0.0,0.0,0.0,0.0,-2000.0,3310.0,yonden
2017,7,2017-07-08,10:00,3430.0,880.0,2930.0,730.0,－－－－－－－－－－,10.0,840.0,0.0,0.0,0.0,0.0,-1960.0,3430.0,yonden
2017,7,2017-07-08,11:00,3470.0,880.0,2980.0,670.0,－－－－－－－－－－,10.0,780.0,0.0,0.0,0.0,0.0,-1850.0,3470.0,yonden
2017,7,2017-07-08,12:00,3420.0,880.0,2970.0,640.0,－－－－－－－－－－,10.0,770.0,0.0,0.0,0.0,0.0,-1850.0,3420.0,yonden
2017,7,2017-07-08,13:00,3350.0,880.0,2840.0,620.0,－－－－－－－－－－,10.0,710.0,0.0,0.0,0.0,0.0,-1710.0,3350.0,yonden
2017,7,2017-07-08,14:00,3650.0,880.0,3090.0,670.0,－－－－－－－－－－,10.0,530.0,0.0,0.0,0.0,0.0,-1530.0,3650.0,yonden
2017,7,2017-07-08,15:00,3590.0,880.0,3090.0,730.0,－－－－－－－－－－,10.0,340.0,0.0,10.0,0.0,0.0,-1470.0,3590.0,yonden
2017,7,2017-07-08,16:00,3480.0,880.0,3160.0,690.0,－－－－－－－－－－,10.0,150.0,0.0,20.0,0.0,0.0,-1430.0,3480.0,yonden
2017,7,2017-07-08,17:00,3410.0,880.0,3110.0,710.0,－－－－－－－－－－,10.0,70.0,0.0,20.0,0.0,0.0,-1390.0,3410.0,yonden
2017,7,2017-07-08,18:00,3400.0,880.0,3220.0,680.0,－－－－－－－－－－,10.0,30.0,0.0,20.0,0.0,0.0,-1440.0,3400.0,yonden
2017,7,2017-07-08,19:00,3370.0,880.0,3170.0,660.0,－－－－－－－－－－,10.0,0.0,0.0,30.0,0.0,0.0,-1380.0,3370.0,yonden
2017,7,2017-07-08,20:00,3230.0,880.0,2990.0,650.0,－－－－－－－－－－,10.0,0.0,0.0,30.0,0.0,0.0,-1330.0,3230.0,yonden
2017,7,2017-07-08,21:00,3030.0,880.0,2880.0,620.0,－－－－－－－－－－,10.0,0.0,0.0,20.0,0.0,0.0,-1380.0,3030.0,yonden
2017,7,2017-07-08,22:00,2810.0,880.0,2800.0,610.0,－－－－－－－－－－,10.0,0.0,0.0,20.0,0.0,0.0,-1510.0,2810.0,yonden
2017,7,2017-07-08,23:00,2660.0,880.0,2790.0,620.0,－－－－－－－－－－,10.0,0.0,0.0,20.0,0.0,0.0,-1660.0,2660.0,yonden
2017,7,2017-07-09,00:00,2490.0,880.0,2780.0,610.0,－－－－－－－－－－,10.0,0.0,0.0,10.0,0.0,0.0,-1800.0,2490.0,yonden
2017,7,2017-07-09,01:00,2400.0,880.0,2770.0,620.0,－－－－－－－－－－,10.0,0.0,0.0,0.0,0.0,0.0,-1880.0,2400.0,yonden
2017,7,2017-07-09,02:00,2470.0,880.0,2760.0,630.0,－－－－－－－－－－,10.0,0.0,0.0,0.0,0.0,0.0,-1810.0,2470.0,yonden
2017,7,2017-07-09,03:00,2630.0,880.0,2780.0,690.0,－－－－－－－－－－,10.0,0.0,0.0,0.0,0.0,0.0,-1730.0,2630.0,yonden
2017,7,2017-07-09,04:00,2730.0,880.0,2830.0,700.0,－－－－－－－－－－,10.0,0.0,0.0,0.0,0.0,0.0,-1690.0,2730.0,yonden
2017,7,2017-07-09,05:00,2670.0,880.0,2810.0,630.0,－－－－－－－－－－,10.0,40.0,0.0,10.0,0.0,0.0,-1710.0,2670.0,yonden
2017,7,2017-07-09,06:00,2500.0,880.0,2800.0,570.0,－－－－－－－－－－,10.0,190.0,0.0,0.0,0.0,0.0,-1950.0,2500.0,yonden
2017,7,2017-07-09,07:00,2430.0,880.0,2640.0,600.0,－－－－－－－－－－,10.0,360.0,0.0,0.0,0.0,0.0,-2060.0,2430.0,yonden
2017,7,2017-07-09,08:00,2650.0,880.0,2690.0,610.0,－－－－－－－－－－,10.0,490.0,0.0,0.0,0.0,0.0,-2030.0,2650.0,yonden
2017,7,2017-07-09,09:00,2850.0,880.0,2640.0,630.0,－－－－－－－－－－,10.0,690.0,0.0,0.0,0.0,0.0,-2000.0,2850.0,yonden
2017,7,2017-07-09,10:00,2990.0,880.0,2640.0,620.0,－－－－－－－－－－,10.0,800.0,0.0,0.0,0.0,0.0,-1960.0,2990.0,yonden
2017,7,2017-07-09,11:00,3110.0,880.0,2710.0,640.0,－－－－－－－－－－,10.0,860.0,0.0,0.0,0.0,0.0,-1990.0,3110.0,yonden
2017,7,2017-07-09,12:00,3240.0,880.0,2900.0,650.0,－－－－－－－－－－,10.0,740.0,0.0,0.0,0.0,0.0,-1940.0,3240.0,yonden
2017,7,2017-07-09,13:00,3190.0,880.0,3130.0,650.0,－－－－－－－－－－,10.0,460.0,0.0,0.0,0.0,0.0,-1940.0,3190.0,yonden
2017,7,2017-07-09,14:00,3090.0,880.0,3250.0,640.0,－－－－－－－－－－,10.0,290.0,0.0,0.0,0.0,0.0,-1980.0,3090.0,yonden
2017,7,2017-07-09,15:00,3040.0,880.0,3040.0,680.0,－－－－－－－－－－,10.0,310.0,0.0,0.0,0.0,0.0,-1880.0,3040.0,yonden
2017,7,2017-07-09,16:00,3170.0,880.0,3030.0,690.0,－－－－－－－－－－,10.0,330.0,0.0,0.0,0.0,0.0,-1770.0,3170.0,yonden
2017,7,2017-07-09,17:00,3280.0,880.0,3260.0,700.0,－－－－－－－－－－,10.0,190.0,0.0,0.0,0.0,0.0,-1760.0,3280.0,yonden
2017,7,2017-07-09,18:00,3320.0,880.0,3430.0,700.0,－－－－－－－－－－,10.0,70.0,0.0,0.0,0.0,0.0,-1770.0,3320.0,yonden
2017,7,2017-07-09,19:00,3310.0,880.0,3440.0,710.0,－－－－－－－－－－,10.0,0.0,0.0,10.0,0.0,0.0,-1740.0,3310.0,yonden
2017,7,2017-07-09,20:00,3190.0,880.0,3280.0,680.0,－－－－－－－－－－,10.0,0.0,0.0,10.0,0.0,0.0,-1670.0,3190.0,yonden
2017,7,2017-07-09,21:00,3000.0,880.0,2950.0,650.0,－－－－－－－－－－,10.0,0.0,0.0,10.0,0.0,0.0,-1500.0,3000.0,yonden
2017,7,2017-07-09,22:00,2800.0,880.0,2730.0,650.0,－－－－－－－－－－,10.0,0.0,0.0,10.0,0.0,0.0,-1480.0,2800.0,yonden
2017,7,2017-07-09,23:00,2650.0,880.0,2760.0,640.0,－－－－－－－－－－,10.0,0.0,0.0,0.0,0.0,0.0,-1640.0,2650.0,yonden
2017,7,2017-07-10,00:00,2470.0,880.0,2710.0,650.0,－－－－－－－－－－,10.0,0.0,0.0,0.0,0.0,-310.0,-1470.0,2470.0,yonden
2017,7,2017-07-10,01:00,2400.0,880.0,2780.0,640.0,－－－－－－－－－－,10.0,0.0,0.0,0.0,0.0,-300.0,-1610.0,2400.0,yonden
2017,7,2017-07-10,02:00,2490.0,880.0,2890.0,670.0,－－－－－－－－－－,10.0,0.0,0.0,0.0,0.0,-300.0,-1660.0,2490.0,yonden
2017,7,2017-07-10,03:00,2650.0,880.0,3000.0,720.0,－－－－－－－－－－,10.0,0.0,0.0,0.0,0.0,-300.0,-1660.0,2650.0,yonden
2017,7,2017-07-10,04:00,2790.0,880.0,3170.0,740.0,－－－－－－－－－－,10.0,0.0,0.0,10.0,0.0,-300.0,-1720.0,2790.0,yonden
2017,7,2017-07-10,05:00,2830.0,880.0,3220.0,650.0,－－－－－－－－－－,10.0,40.0,0.0,10.0,0.0,-300.0,-1680.0,2830.0,yonden
2017,7,2017-07-10,06:00,2740.0,880.0,3020.0,610.0,－－－－－－－－－－,10.0,170.0,0.0,10.0,0.0,-300.0,-1660.0,2740.0,yonden
2017,7,2017-07-10,07:00,2950.0,880.0,3000.0,670.0,－－－－－－－－－－,10.0,350.0,0.0,10.0,0.0,-150.0,-1820.0,2950.0,yonden
2017,7,2017-07-10,08:00,3530.0,880.0,3250.0,680.0,－－－－－－－－－－,10.0,600.0,0.0,10.0,0.0,0.0,-1900.0,3530.0,yonden
2017,7,2017-07-10,09:00,3910.0,880.0,3590.0,720.0,－－－－－－－－－－,10.0,740.0,0.0,10.0,0.0,0.0,-2040.0,3910.0,yonden
2017,7,2017-07-10,10:00,4060.0,880.0,3740.0,740.0,－－－－－－－－－－,10.0,840.0,0.0,20.0,0.0,0.0,-2170.0,4060.0,yonden
2017,7,2017-07-10,11:00,4190.0,880.0,3780.0,690.0,－－－－－－－－－－,10.0,900.0,0.0,30.0,0.0,0.0,-2100.0,4190.0,yonden
2017,7,2017-07-10,12:00,4040.0,880.0,3630.0,650.0,－－－－－－－－－－,10.0,890.0,0.0,30.0,0.0,0.0,-2050.0,4040.0,yonden
2017,7,2017-07-10,13:00,4280.0,880.0,3790.0,670.0,－－－－－－－－－－,10.0,810.0,0.0,30.0,0.0,0.0,-1910.0,4280.0,yonden
2017,7,2017-07-10,14:00,4270.0,880.0,3770.0,670.0,－－－－－－－－－－,10.0,730.0,0.0,20.0,0.0,170.0,-1980.0,4270.0,yonden
2017,7,2017-07-10,15:00,4260.0,880.0,3770.0,730.0,－－－－－－－－－－,10.0,620.0,0.0,30.0,0.0,170.0,-1950.0,4260.0,yonden
2017,7,2017-07-10,16:00,4290.0,880.0,3870.0,760.0,－－－－－－－－－－,10.0,450.0,0.0,30.0,0.0,240.0,-1950.0,4290.0,yonden
2017,7,2017-07-10,17:00,4260.0,880.0,4000.0,770.0,－－－－－－－－－－,10.0,250.0,0.0,40.0,0.0,270.0,-1960.0,4260.0,yonden
2017,7,2017-07-10,18:00,4120.0,880.0,4080.0,770.0,－－－－－－－－－－,10.0,60.0,0.0,30.0,0.0,270.0,-1980.0,4120.0,yonden
2017,7,2017-07-10,19:00,3970.0,880.0,3990.0,730.0,－－－－－－－－－－,10.0,0.0,0.0,30.0,0.0,270.0,-1940.0,3970.0,yonden
2017,7,2017-07-10,20:00,3740.0,880.0,3980.0,640.0,－－－－－－－－－－,10.0,0.0,0.0,40.0,0.0,60.0,-1870.0,3740.0,yonden
2017,7,2017-07-10,21:00,3470.0,880.0,3510.0,650.0,－－－－－－－－－－,10.0,0.0,0.0,40.0,0.0,0.0,-1620.0,3470.0,yonden
2017,7,2017-07-10,22:00,3220.0,880.0,3190.0,610.0,－－－－－－－－－－,10.0,0.0,0.0,30.0,0.0,0.0,-1500.0,3220.0,yonden
2017,7,2017-07-10,23:00,3000.0,880.0,3170.0,600.0,－－－－－－－－－－,10.0,0.0,0.0,30.0,0.0,-250.0,-1440.0,3000.0,yonden
2017,7,2017-07-11,00:00,2780.0,880.0,3080.0,680.0,－－－－－－－－－－,10.0,0.0,0.0,30.0,0.0,-300.0,-1600.0,2780.0,yonden
2017,7,2017-07-11,01:00,2670.0,880.0,2960.0,670.0,－－－－－－－－－－,10.0,0.0,0.0,20.0,0.0,-300.0,-1570.0,2670.0,yonden
2017,7,2017-07-11,02:00,2720.0,880.0,2910.0,700.0,－－－－－－－－－－,10.0,0.0,0.0,20.0,0.0,-300.0,-1500.0,2720.0,yonden
2017,7,2017-07-11,03:00,2830.0,880.0,2910.0,710.0,－－－－－－－－－－,10.0,0.0,0.0,20.0,0.0,-300.0,-1400.0,2830.0,yonden
2017,7,2017-07-11,04:00,2970.0,880.0,3000.0,730.0,－－－－－－－－－－,10.0,0.0,0.0,20.0,0.0,-300.0,-1370.0,2970.0,yonden
2017,7,2017-07-11,05:00,3000.0,880.0,3040.0,710.0,－－－－－－－－－－,10.0,30.0,0.0,20.0,0.0,-300.0,-1390.0,3000.0,yonden
2017,7,2017-07-11,06:00,2980.0,880.0,3090.0,610.0,－－－－－－－－－－,10.0,140.0,0.0,20.0,0.0,-300.0,-1470.0,2980.0,yonden
2017,7,2017-07-11,07:00,3140.0,880.0,3110.0,610.0,－－－－－－－－－－,10.0,340.0,0.0,30.0,0.0,-300.0,-1540.0,3140.0,yonden
2017,7,2017-07-11,08:00,3750.0,880.0,3450.0,610.0,－－－－－－－－－－,10.0,600.0,0.0,30.0,0.0,0.0,-1830.0,3750.0,yonden
2017,7,2017-07-11,09:00,4090.0,880.0,3660.0,730.0,－－－－－－－－－－,10.0,810.0,0.0,30.0,0.0,0.0,-2030.0,4090.0,yonden
2017,7,2017-07-11,10:00,4180.0,880.0,3690.0,740.0,－－－－－－－－－－,10.0,980.0,0.0,20.0,0.0,0.0,-2140.0,4180.0,yonden
2017,7,2017-07-11,11:00,4360.0,880.0,3700.0,750.0,－－－－－－－－－－,10.0,1190.0,0.0,20.0,0.0,0.0,-2190.0,4360.0,yonden
2017,7,2017-07-11,12:00,4290.0,880.0,3540.0,610.0,－－－－－－－－－－,10.0,1330.0,0.0,20.0,0.0,0.0,-2100.0,4290.0,yonden
2017,7,2017-07-11,13:00,4580.0,880.0,3740.0,670.0,－－－－－－－－－－,10.0,1290.0,0.0,20.0,0.0,100.0,-2130.0,4580.0,yonden
2017,7,2017-07-11,14:00,4700.0,880.0,3900.0,690.0,－－－－－－－－－－,10.0,1180.0,0.0,30.0,0.0,190.0,-2180.0,4700.0,yonden
2017,7,2017-07-11,15:00,4680.0,880.0,3930.0,730.0,－－－－－－－－－－,10.0,960.0,0.0,40.0,0.0,200.0,-2070.0,4680.0,yonden
2017,7,2017-07-11,16:00,4690.0,880.0,4070.0,750.0,－－－－－－－－－－,10.0,650.0,0.0,30.0,0.0,220.0,-1920.0,4690.0,yonden
2017,7,2017-07-11,17:00,4530.0,880.0,4230.0,760.0,－－－－－－－－－－,10.0,330.0,0.0,30.0,0.0,220.0,-1930.0,4530.0,yonden
2017,7,2017-07-11,18:00,4370.0,880.0,4300.0,750.0,－－－－－－－－－－,10.0,90.0,0.0,30.0,0.0,230.0,-1920.0,4370.0,yonden
2017,7,2017-07-11,19:00,4170.0,880.0,4250.0,690.0,－－－－－－－－－－,10.0,0.0,0.0,30.0,0.0,240.0,-1930.0,4170.0,yonden
2017,7,2017-07-11,20:00,3940.0,880.0,3950.0,660.0,－－－－－－－－－－,10.0,0.0,0.0,30.0,0.0,250.0,-1840.0,3940.0,yonden
2017,7,2017-07-11,21:00,3650.0,880.0,3740.0,640.0,－－－－－－－－－－,10.0,0.0,0.0,20.0,0.0,140.0,-1780.0,3650.0,yonden
2017,7,2017-07-11,22:00,3360.0,880.0,3430.0,630.0,－－－－－－－－－－,10.0,0.0,0.0,20.0,0.0,0.0,-1610.0,3360.0,yonden
2017,7,2017-07-11,23:00,3160.0,880.0,3180.0,610.0,－－－－－－－－－－,10.0,0.0,0.0,10.0,0.0,-50.0,-1480.0,3160.0,yonden
2017,7,2017-07-12,00:00,2890.0,880.0,3300.0,650.0,－－－－－－－－－－,10.0,0.0,0.0,0.0,0.0,-300.0,-1650.0,2890.0,yonden
2017,7,2017-07-12,01:00,2770.0,880.0,3230.0,630.0,－－－－－－－－－－,10.0,0.0,0.0,0.0,0.0,-300.0,-1680.0,2770.0,yonden
2017,7,2017-07-12,02:00,2810.0,880.0,3200.0,650.0,－－－－－－－－－－,10.0,0.0,0.0,0.0,0.0,-300.0,-1630.0,2810.0,yonden
2017,7,2017-07-12,03:00,2940.0,880.0,3190.0,710.0,－－－－－－－－－－,10.0,0.0,0.0,10.0,0.0,-300.0,-1560.0,2940.0,yonden
2017,7,2017-07-12,04:00,3050.0,880.0,3170.0,690.0,－－－－－－－－－－,10.0,0.0,0.0,20.0,0.0,-300.0,-1420.0,3050.0,yonden
2017,7,2017-07-12,05:00,3070.0,880.0,3170.0,640.0,－－－－－－－－－－,10.0,40.0,0.0,10.0,0.0,-300.0,-1380.0,3070.0,yonden
2017,7,2017-07-12,06:00,3030.0,880.0,3190.0,610.0,－－－－－－－－－－,10.0,150.0,0.0,10.0,0.0,-300.0,-1520.0,3030.0,yonden
2017,7,2017-07-12,07:00,3220.0,880.0,3270.0,610.0,－－－－－－－－－－,10.0,270.0,0.0,10.0,0.0,-190.0,-1640.0,3220.0,yonden
2017,7,2017-07-12,08:00,3780.0,880.0,3700.0,710.0,－－－－－－－－－－,10.0,300.0,0.0,20.0,0.0,0.0,-1840.0,3780.0,yonden
2017,7,2017-07-12,09:00,4010.0,880.0,3990.0,720.0,－－－－－－－－－－,10.0,370.0,0.0,10.0,0.0,10.0,-1980.0,4010.0,yonden
2017,7,2017-07-12,10:00,4110.0,880.0,3990.0,680.0,－－－－－－－－－－,10.0,520.0,0.0,10.0,0.0,140.0,-2120.0,4110.0,yonden
2017,7,2017-07-12,11:00,4190.0,880.0,4080.0,650.0,－－－－－－－－－－,10.0,610.0,0.0,0.0,0.0,70.0,-2110.0,4190.0,yonden
2017,7,2017-07-12,12:00,4040.0,880.0,3960.0,560.0,－－－－－－－－－－,10.0,670.0,0.0,0.0,0.0,70.0,-2110.0,4040.0,yonden
2017,7,2017-07-12,13:00,4240.0,880.0,4140.0,630.0,－－－－－－－－－－,10.0,740.0,0.0,0.0,0.0,160.0,-2320.0,4240.0,yonden
2017,7,2017-07-12,14:00,4370.0,880.0,4220.0,640.0,－－－－－－－－－－,10.0,850.0,0.0,0.0,0.0,200.0,-2430.0,4370.0,yonden
2017,7,2017-07-12,15:00,4480.0,880.0,4160.0,640.0,－－－－－－－－－－,10.0,820.0,0.0,0.0,0.0,170.0,-2200.0,4480.0,yonden
2017,7,2017-07-12,16:00,4460.0,880.0,4190.0,740.0,－－－－－－－－－－,10.0,580.0,0.0,0.0,0.0,230.0,-2170.0,4460.0,yonden
2017,7,2017-07-12,17:00,4300.0,880.0,4190.0,750.0,－－－－－－－－－－,10.0,340.0,0.0,0.0,0.0,240.0,-2110.0,4300.0,yonden
2017,7,2017-07-12,18:00,4130.0,880.0,4200.0,750.0,－－－－－－－－－－,10.0,90.0,0.0,0.0,0.0,240.0,-2040.0,4130.0,yonden
2017,7,2017-07-12,19:00,4000.0,880.0,4150.0,750.0,－－－－－－－－－－,10.0,0.0,0.0,0.0,0.0,250.0,-2040.0,4000.0,yonden
2017,7,2017-07-12,20:00,3800.0,880.0,3880.0,740.0,－－－－－－－－－－,10.0,0.0,0.0,0.0,0.0,240.0,-1950.0,3800.0,yonden
2017,7,2017-07-12,21:00,3510.0,880.0,3590.0,650.0,－－－－－－－－－－,10.0,0.0,0.0,0.0,0.0,180.0,-1800.0,3510.0,yonden
2017,7,2017-07-12,22:00,3240.0,880.0,3470.0,580.0,－－－－－－－－－－,10.0,0.0,0.0,0.0,0.0,0.0,-1700.0,3240.0,yonden
2017,7,2017-07-12,23:00,3040.0,880.0,3200.0,570.0,－－－－－－－－－－,10.0,0.0,0.0,0.0,0.0,0.0,-1620.0,3040.0,yonden
2017,7,2017-07-13,00:00,2780.0,880.0,3040.0,560.0,－－－－－－－－－－,10.0,0.0,0.0,0.0,0.0,-310.0,-1400.0,2780.0,yonden
2017,7,2017-07-13,01:00,2650.0,880.0,3030.0,570.0,－－－－－－－－－－,10.0,0.0,0.0,0.0,0.0,-300.0,-1540.0,2650.0,yonden
2017,7,2017-07-13,02:00,2700.0,880.0,3010.0,620.0,－－－－－－－－－－,10.0,0.0,0.0,0.0,0.0,-300.0,-1520.0,2700.0,yonden
2017,7,2017-07-13,03:00,2830.0,880.0,3020.0,680.0,－－－－－－－－－－,10.0,0.0,0.0,0.0,0.0,-300.0,-1460.0,2830.0,yonden
2017,7,2017-07-13,04:00,2940.0,880.0,3020.0,700.0,－－－－－－－－－－,10.0,0.0,0.0,0.0,0.0,-300.0,-1370.0,2940.0,yonden
2017,7,2017-07-13,05:00,2970.0,880.0,3040.0,660.0,－－－－－－－－－－,10.0,40.0,0.0,0.0,0.0,-300.0,-1360.0,2970.0,yonden
2017,7,2017-07-13,06:00,2980.0,880.0,3120.0,570.0,－－－－－－－－－－,10.0,270.0,0.0,0.0,0.0,-300.0,-1570.0,2980.0,yonden
2017,7,2017-07-13,07:00,3180.0,880.0,3270.0,570.0,－－－－－－－－－－,10.0,570.0,0.0,0.0,0.0,-300.0,-1820.0,3180.0,yonden
2017,7,2017-07-13,08:00,3790.0,880.0,3450.0,620.0,－－－－－－－－－－,10.0,860.0,0.0,0.0,0.0,0.0,-2030.0,3790.0,yonden
2017,7,2017-07-13,09:00,4150.0,880.0,3730.0,680.0,－－－－－－－－－－,10.0,1100.0,0.0,0.0,0.0,0.0,-2250.0,4150.0,yonden
2017,7,2017-07-13,10:00,4310.0,880.0,3830.0,700.0,－－－－－－－－－－,10.0,1280.0,0.0,0.0,0.0,0.0,-2390.0,4310.0,yonden
2017,7,2017-07-13,11:00,4430.0,880.0,3830.0,710.0,－－－－－－－－－－,10.0,1380.0,0.0,0.0,0.0,0.0,-2380.0,4430.0,yonden
2017,7,2017-07-13,12:00,4300.0,880.0,3800.0,540.0,－－－－－－－－－－,10.0,1410.0,0.0,0.0,0.0,0.0,-2340.0,4300.0,yonden
2017,7,2017-07-13,13:00,4550.0,880.0,4070.0,580.0,－－－－－－－－－－,10.0,1350.0,0.0,0.0,0.0,0.0,-2340.0,4550.0,yonden
2017,7,2017-07-13,14:00,4610.0,880.0,4100.0,590.0,－－－－－－－－－－,10.0,1210.0,0.0,0.0,0.0,50.0,-2230.0,4610.0,yonden
2017,7,2017-07-13,15:00,4620.0,880.0,4050.0,610.0,－－－－－－－－－－,10.0,1000.0,0.0,0.0,0.0,150.0,-2080.0,4620.0,yonden
2017,7,2017-07-13,16:00,4660.0,880.0,4100.0,670.0,－－－－－－－－－－,10.0,710.0,0.0,0.0,0.0,260.0,-1970.0,4660.0,yonden
2017,7,2017-07-13,17:00,4510.0,880.0,4200.0,700.0,－－－－－－－－－－,10.0,370.0,0.0,0.0,0.0,320.0,-1970.0,4510.0,yonden
2017,7,2017-07-13,18:00,4330.0,880.0,4240.0,720.0,－－－－－－－－－－,10.0,100.0,0.0,0.0,0.0,310.0,-1930.0,4330.0,yonden
2017,7,2017-07-13,19:00,4150.0,880.0,4160.0,730.0,－－－－－－－－－－,10.0,0.0,0.0,10.0,0.0,270.0,-1910.0,4150.0,yonden
2017,7,2017-07-13,20:00,3910.0,880.0,3870.0,700.0,－－－－－－－－－－,10.0,0.0,0.0,20.0,0.0,270.0,-1840.0,3910.0,yonden
2017,7,2017-07-13,21:00,3610.0,880.0,3590.0,620.0,－－－－－－－－－－,10.0,0.0,0.0,30.0,0.0,270.0,-1790.0,3610.0,yonden
2017,7,2017-07-13,22:00,3300.0,880.0,3520.0,540.0,－－－－－－－－－－,10.0,0.0,0.0,30.0,0.0,30.0,-1710.0,3300.0,yonden
2017,7,2017-07-13,23:00,3080.0,880.0,3360.0,500.0,－－－－－－－－－－,10.0,0.0,0.0,40.0,0.0,0.0,-1710.0,3080.0,yonden
2017,7,2017-07-14,00:00,2800.0,880.0,3120.0,450.0,－－－－－－－－－－,10.0,0.0,0.0,40.0,0.0,-310.0,-1390.0,2800.0,yonden
2017,7,2017-07-14,01:00,2660.0,880.0,2970.0,480.0,－－－－－－－－－－,10.0,0.0,0.0,40.0,0.0,-300.0,-1420.0,2660.0,yonden
2017,7,2017-07-14,02:00,2690.0,880.0,2890.0,550.0,－－－－－－－－－－,10.0,0.0,0.0,40.0,0.0,-300.0,-1380.0,2690.0,yonden
2017,7,2017-07-14,03:00,2820.0,880.0,2920.0,620.0,－－－－－－－－－－,10.0,0.0,0.0,30.0,0.0,-300.0,-1340.0,2820.0,yonden
2017,7,2017-07-14,04:00,2940.0,880.0,3040.0,640.0,－－－－－－－－－－,10.0,0.0,0.0,20.0,0.0,-300.0,-1350.0,2940.0,yonden
2017,7,2017-07-14,05:00,2950.0,880.0,3040.0,600.0,－－－－－－－－－－,10.0,40.0,0.0,10.0,0.0,-300.0,-1330.0,2950.0,yonden
2017,7,2017-07-14,06:00,2960.0,880.0,3070.0,520.0,－－－－－－－－－－,10.0,260.0,0.0,0.0,0.0,-300.0,-1480.0,2960.0,yonden
2017,7,2017-07-14,07:00,3130.0,880.0,3090.0,520.0,－－－－－－－－－－,10.0,510.0,0.0,0.0,0.0,-300.0,-1580.0,3130.0,yonden
2017,7,2017-07-14,08:00,3760.0,880.0,3270.0,580.0,－－－－－－－－－－,10.0,860.0,0.0,0.0,0.0,0.0,-1840.0,3760.0,yonden
2017,7,2017-07-14,09:00,4140.0,880.0,3390.0,670.0,－－－－－－－－－－,10.0,1120.0,0.0,0.0,0.0,0.0,-1930.0,4140.0,yonden
2017,7,2017-07-14,10:00,4310.0,880.0,3560.0,720.0,－－－－－－－－－－,10.0,1280.0,0.0,0.0,0.0,0.0,-2140.0,4310.0,yonden
2017,7,2017-07-14,11:00,4420.0,880.0,3680.0,710.0,－－－－－－－－－－,10.0,1380.0,0.0,0.0,0.0,0.0,-2240.0,4420.0,yonden
2017,7,2017-07-14,12:00,4320.0,880.0,3590.0,530.0,－－－－－－－－－－,10.0,1420.0,0.0,0.0,0.0,0.0,-2110.0,4320.0,yonden
2017,7,2017-07-14,13:00,4580.0,880.0,3720.0,580.0,－－－－－－－－－－,10.0,1360.0,0.0,0.0,0.0,260.0,-2230.0,4580.0,yonden
2017,7,2017-07-14,14:00,4660.0,880.0,3970.0,570.0,－－－－－－－－－－,10.0,1220.0,0.0,10.0,0.0,170.0,-2170.0,4660.0,yonden
2017,7,2017-07-14,15:00,4690.0,880.0,4000.0,660.0,－－－－－－－－－－,10.0,1000.0,0.0,20.0,0.0,220.0,-2100.0,4690.0,yonden
2017,7,2017-07-14,16:00,4680.0,880.0,4090.0,680.0,－－－－－－－－－－,10.0,680.0,0.0,20.0,0.0,250.0,-1930.0,4680.0,yonden
2017,7,2017-07-14,17:00,4480.0,880.0,4180.0,690.0,－－－－－－－－－－,10.0,350.0,0.0,20.0,0.0,270.0,-1920.0,4480.0,yonden
2017,7,2017-07-14,18:00,4240.0,880.0,4170.0,710.0,－－－－－－－－－－,10.0,100.0,0.0,30.0,0.0,270.0,-1930.0,4240.0,yonden
2017,7,2017-07-14,19:00,4070.0,880.0,4140.0,690.0,－－－－－－－－－－,10.0,0.0,0.0,40.0,0.0,270.0,-1960.0,4070.0,yonden
2017,7,2017-07-14,20:00,3870.0,880.0,3900.0,680.0,－－－－－－－－－－,10.0,0.0,0.0,50.0,0.0,270.0,-1920.0,3870.0,yonden
2017,7,2017-07-14,21:00,3580.0,880.0,3560.0,610.0,－－－－－－－－－－,10.0,0.0,0.0,50.0,0.0,270.0,-1800.0,3580.0,yonden
2017,7,2017-07-14,22:00,3290.0,880.0,3320.0,440.0,－－－－－－－－－－,10.0,0.0,0.0,50.0,0.0,190.0,-1600.0,3290.0,yonden
2017,7,2017-07-14,23:00,3080.0,880.0,3200.0,430.0,－－－－－－－－－－,10.0,0.0,0.0,50.0,0.0,90.0,-1580.0,3080.0,yonden
2017,7,2017-07-15,00:00,2820.0,880.0,2900.0,360.0,－－－－－－－－－－,10.0,0.0,0.0,50.0,0.0,0.0,-1380.0,2820.0,yonden
2017,7,2017-07-15,01:00,2680.0,880.0,2760.0,350.0,－－－－－－－－－－,10.0,0.0,0.0,50.0,0.0,0.0,-1370.0,2680.0,yonden
2017,7,2017-07-15,02:00,2710.0,880.0,2790.0,370.0,－－－－－－－－－－,10.0,0.0,0.0,50.0,0.0,0.0,-1390.0,2710.0,yonden
2017,7,2017-07-15,03:00,2810.0,880.0,2820.0,400.0,－－－－－－－－－－,10.0,0.0,0.0,50.0,0.0,0.0,-1350.0,2810.0,yonden
2017,7,2017-07-15,04:00,2890.0,880.0,2790.0,510.0,－－－－－－－－－－,10.0,0.0,0.0,40.0,0.0,0.0,-1340.0,2890.0,yonden
2017,7,2017-07-15,05:00,2890.0,880.0,2810.0,460.0,－－－－－－－－－－,10.0,40.0,0.0,20.0,0.0,0.0,-1330.0,2890.0,yonden
2017,7,2017-07-15,06:00,2810.0,880.0,2810.0,360.0,－－－－－－－－－－,10.0,260.0,0.0,10.0,0.0,0.0,-1520.0,2810.0,yonden
2017,7,2017-07-15,07:00,2850.0,880.0,2790.0,340.0,－－－－－－－－－－,10.0,550.0,0.0,10.0,0.0,0.0,-1730.0,2850.0,yonden
2017,7,2017-07-15,08:00,3270.0,880.0,3070.0,440.0,－－－－－－－－－－,10.0,850.0,0.0,0.0,0.0,-310.0,-1670.0,3270.0,yonden
2017,7,2017-07-15,09:00,3620.0,880.0,3300.0,460.0,－－－－－－－－－－,10.0,1100.0,0.0,0.0,0.0,-310.0,-1820.0,3620.0,yonden
2017,7,2017-07-15,10:00,3800.0,880.0,3460.0,470.0,－－－－－－－－－－,10.0,1280.0,0.0,10.0,0.0,-310.0,-2000.0,3800.0,yonden
2017,7,2017-07-15,11:00,3930.0,880.0,3490.0,480.0,－－－－－－－－－－,10.0,1370.0,0.0,20.0,0.0,-310.0,-2010.0,3930.0,yonden
2017,7,2017-07-15,12:00,3930.0,880.0,3310.0,420.0,－－－－－－－－－－,10.0,1380.0,0.0,20.0,0.0,-150.0,-1940.0,3930.0,yonden
2017,7,2017-07-15,13:00,4020.0,880.0,3340.0,380.0,－－－－－－－－－－,10.0,1280.0,0.0,20.0,0.0,0.0,-1890.0,4020.0,yonden
2017,7,2017-07-15,14:00,4060.0,880.0,3560.0,430.0,－－－－－－－－－－,10.0,1120.0,0.0,20.0,0.0,0.0,-1960.0,4060.0,yonden
2017,7,2017-07-15,15:00,4030.0,880.0,3780.0,480.0,－－－－－－－－－－,10.0,880.0,0.0,20.0,0.0,0.0,-2020.0,4030.0,yonden
2017,7,2017-07-15,16:00,4080.0,880.0,3950.0,530.0,－－－－－－－－－－,10.0,620.0,0.0,20.0,0.0,0.0,-1930.0,4080.0,yonden
2017,7,2017-07-15,17:00,3970.0,880.0,4060.0,620.0,－－－－－－－－－－,10.0,320.0,0.0,30.0,0.0,0.0,-1950.0,3970.0,yonden
2017,7,2017-07-15,18:00,3920.0,880.0,3770.0,670.0,－－－－－－－－－－,10.0,90.0,0.0,30.0,0.0,370.0,-1900.0,3920.0,yonden
2017,7,2017-07-15,19:00,3830.0,880.0,3620.0,660.0,－－－－－－－－－－,10.0,0.0,0.0,30.0,0.0,230.0,-1600.0,3830.0,yonden
2017,7,2017-07-15,20:00,3650.0,880.0,3590.0,580.0,－－－－－－－－－－,10.0,0.0,0.0,30.0,0.0,120.0,-1560.0,3650.0,yonden
2017,7,2017-07-15,21:00,3390.0,880.0,3350.0,490.0,－－－－－－－－－－,10.0,0.0,0.0,40.0,0.0,0.0,-1380.0,3390.0,yonden
2017,7,2017-07-15,22:00,3130.0,880.0,2970.0,460.0,－－－－－－－－－－,10.0,0.0,0.0,40.0,0.0,0.0,-1230.0,3130.0,yonden
2017,7,2017-07-15,23:00,2970.0,880.0,3010.0,410.0,－－－－－－－－－－,10.0,0.0,0.0,40.0,0.0,0.0,-1380.0,2970.0,yonden
2017,7,2017-07-16,00:00,2730.0,880.0,3030.0,330.0,－－－－－－－－－－,10.0,0.0,0.0,30.0,0.0,0.0,-1550.0,2730.0,yonden
2017,7,2017-07-16,01:00,2600.0,880.0,2990.0,320.0,－－－－－－－－－－,10.0,0.0,0.0,30.0,0.0,0.0,-1630.0,2600.0,yonden
2017,7,2017-07-16,02:00,2620.0,880.0,2980.0,320.0,－－－－－－－－－－,10.0,0.0,0.0,20.0,0.0,0.0,-1590.0,2620.0,yonden
2017,7,2017-07-16,03:00,2720.0,880.0,3040.0,320.0,－－－－－－－－－－,10.0,0.0,0.0,10.0,0.0,0.0,-1540.0,2720.0,yonden
2017,7,2017-07-16,04:00,2810.0,880.0,3110.0,350.0,－－－－－－－－－－,10.0,0.0,0.0,0.0,0.0,0.0,-1540.0,2810.0,yonden
2017,7,2017-07-16,05:00,2790.0,880.0,3190.0,340.0,－－－－－－－－－－,10.0,40.0,0.0,0.0,0.0,0.0,-1670.0,2790.0,yonden
2017,7,2017-07-16,06:00,2670.0,880.0,3040.0,340.0,－－－－－－－－－－,10.0,240.0,0.0,0.0,0.0,-200.0,-1640.0,2670.0,yonden
2017,7,2017-07-16,07:00,2640.0,880.0,3080.0,370.0,－－－－－－－－－－,10.0,500.0,0.0,0.0,0.0,-310.0,-1890.0,2640.0,yonden
2017,7,2017-07-16,08:00,2910.0,880.0,3230.0,390.0,－－－－－－－－－－,10.0,810.0,0.0,0.0,0.0,-310.0,-2100.0,2910.0,yonden
2017,7,2017-07-16,09:00,3200.0,880.0,3170.0,410.0,－－－－－－－－－－,10.0,1080.0,0.0,0.0,0.0,-80.0,-2270.0,3200.0,yonden
2017,7,2017-07-16,10:00,3330.0,880.0,3110.0,450.0,－－－－－－－－－－,10.0,1240.0,0.0,0.0,0.0,0.0,-2360.0,3330.0,yonden
2017,7,2017-07-16,11:00,3450.0,880.0,3120.0,350.0,－－－－－－－－－－,10.0,1320.0,0.0,10.0,0.0,0.0,-2240.0,3450.0,yonden
2017,7,2017-07-16,12:00,3550.0,880.0,3160.0,370.0,－－－－－－－－－－,10.0,1360.0,0.0,10.0,0.0,0.0,-2240.0,3550.0,yonden
2017,7,2017-07-16,13:00,3580.0,880.0,3220.0,380.0,－－－－－－－－－－,10.0,1340.0,0.0,10.0,0.0,-150.0,-2110.0,3580.0,yonden
2017,7,2017-07-16,14:00,3630.0,880.0,3360.0,430.0,－－－－－－－－－－,10.0,1220.0,0.0,20.0,0.0,-300.0,-1990.0,3630.0,yonden
2017,7,2017-07-16,15:00,3680.0,880.0,3510.0,400.0,－－－－－－－－－－,10.0,1000.0,0.0,20.0,0.0,-200.0,-1940.0,3680.0,yonden
2017,7,2017-07-16,16:00,3750.0,880.0,3540.0,510.0,－－－－－－－－－－,10.0,710.0,0.0,20.0,0.0,0.0,-1920.0,3750.0,yonden
2017,7,2017-07-16,17:00,3820.0,880.0,3750.0,600.0,－－－－－－－－－－,10.0,400.0,0.0,20.0,0.0,0.0,-1840.0,3820.0,yonden
2017,7,2017-07-16,18:00,3780.0,880.0,3920.0,630.0,－－－－－－－－－－,10.0,110.0,0.0,10.0,0.0,0.0,-1780.0,3780.0,yonden
2017,7,2017-07-16,19:00,3720.0,880.0,3910.0,620.0,－－－－－－－－－－,10.0,0.0,0.0,10.0,0.0,0.0,-1710.0,3720.0,yonden
2017,7,2017-07-16,20:00,3550.0,880.0,3810.0,590.0,－－－－－－－－－－,10.0,0.0,0.0,0.0,0.0,0.0,-1740.0,3550.0,yonden
2017,7,2017-07-16,21:00,3330.0,880.0,3520.0,520.0,－－－－－－－－－－,10.0,0.0,0.0,10.0,0.0,0.0,-1610.0,3330.0,yonden
2017,7,2017-07-16,22:00,3050.0,880.0,3410.0,370.0,－－－－－－－－－－,10.0,0.0,0.0,0.0,0.0,0.0,-1620.0,3050.0,yonden
2017,7,2017-07-16,23:00,2870.0,880.0,3350.0,340.0,－－－－－－－－－－,10.0,0.0,0.0,0.0,0.0,0.0,-1710.0,2870.0,yonden
2017,7,2017-07-17,00:00,2640.0,880.0,3080.0,290.0,－－－－－－－－－－,10.0,0.0,0.0,10.0,0.0,0.0,-1630.0,2640.0,yonden
2017,7,2017-07-17,01:00,2500.0,880.0,3030.0,290.0,－－－－－－－－－－,10.0,0.0,0.0,10.0,0.0,0.0,-1720.0,2500.0,yonden
2017,7,2017-07-17,02:00,2540.0,880.0,3030.0,280.0,－－－－－－－－－－,10.0,0.0,0.0,20.0,0.0,0.0,-1680.0,2540.0,yonden
2017,7,2017-07-17,03:00,2650.0,880.0,3000.0,320.0,－－－－－－－－－－,10.0,0.0,0.0,30.0,0.0,0.0,-1590.0,2650.0,yonden
2017,7,2017-07-17,04:00,2750.0,880.0,2990.0,330.0,－－－－－－－－－－,10.0,0.0,0.0,30.0,0.0,0.0,-1490.0,2750.0,yonden
2017,7,2017-07-17,05:00,2790.0,880.0,3020.0,300.0,－－－－－－－－－－,10.0,40.0,0.0,30.0,0.0,0.0,-1490.0,2790.0,yonden
2017,7,2017-07-17,06:00,2770.0,880.0,3040.0,320.0,－－－－－－－－－－,10.0,250.0,0.0,30.0,0.0,-80.0,-1680.0,2770.0,yonden
2017,7,2017-07-17,07:00,2860.0,880.0,3160.0,390.0,－－－－－－－－－－,10.0,510.0,0.0,30.0,0.0,-300.0,-1820.0,2860.0,yonden
2017,7,2017-07-17,08:00,3270.0,880.0,3330.0,440.0,－－－－－－－－－－,10.0,780.0,0.0,20.0,0.0,-300.0,-1890.0,3270.0,yonden
2017,7,2017-07-17,09:00,3630.0,880.0,3380.0,400.0,－－－－－－－－－－,10.0,1050.0,0.0,20.0,0.0,-300.0,-1810.0,3630.0,yonden
2017,7,2017-07-17,10:00,3810.0,880.0,3550.0,430.0,－－－－－－－－－－,10.0,1160.0,0.0,30.0,0.0,-290.0,-1960.0,3810.0,yonden
2017,7,2017-07-17,11:00,3910.0,880.0,3630.0,390.0,－－－－－－－－－－,10.0,1150.0,0.0,30.0,0.0,-290.0,-1890.0,3910.0,yonden
2017,7,2017-07-17,12:00,3890.0,880.0,3820.0,370.0,－－－－－－－－－－,10.0,1070.0,0.0,30.0,0.0,-290.0,-2000.0,3890.0,yonden
2017,7,2017-07-17,13:00,3950.0,880.0,3930.0,340.0,－－－－－－－－－－,10.0,1010.0,0.0,20.0,0.0,-290.0,-1950.0,3950.0,yonden
2017,7,2017-07-17,14:00,3980.0,880.0,4040.0,300.0,－－－－－－－－－－,10.0,1000.0,0.0,20.0,0.0,-290.0,-1980.0,3980.0,yonden
2017,7,2017-07-17,15:00,4030.0,880.0,3980.0,330.0,－－－－－－－－－－,10.0,850.0,0.0,10.0,0.0,-50.0,-1980.0,4030.0,yonden
2017,7,2017-07-17,16:00,4110.0,880.0,4200.0,480.0,－－－－－－－－－－,10.0,620.0,0.0,10.0,0.0,10.0,-2100.0,4110.0,yonden
2017,7,2017-07-17,17:00,4150.0,880.0,4340.0,630.0,－－－－－－－－－－,10.0,360.0,0.0,10.0,0.0,240.0,-2320.0,4150.0,yonden
2017,7,2017-07-17,18:00,4130.0,880.0,4490.0,660.0,－－－－－－－－－－,10.0,100.0,0.0,10.0,0.0,220.0,-2240.0,4130.0,yonden
2017,7,2017-07-17,19:00,4060.0,880.0,4460.0,610.0,－－－－－－－－－－,10.0,0.0,0.0,10.0,0.0,140.0,-2050.0,4060.0,yonden
2017,7,2017-07-17,20:00,3890.0,880.0,4250.0,570.0,－－－－－－－－－－,10.0,0.0,0.0,20.0,0.0,0.0,-1840.0,3890.0,yonden
2017,7,2017-07-17,21:00,3610.0,880.0,3910.0,420.0,－－－－－－－－－－,10.0,0.0,0.0,20.0,0.0,0.0,-1630.0,3610.0,yonden
2017,7,2017-07-17,22:00,3330.0,880.0,3610.0,350.0,－－－－－－－－－－,10.0,0.0,0.0,30.0,0.0,0.0,-1550.0,3330.0,yonden
2017,7,2017-07-17,23:00,3120.0,880.0,3440.0,300.0,－－－－－－－－－－,10.0,0.0,0.0,20.0,0.0,-30.0,-1500.0,3120.0,yonden
2017,7,2017-07-18,00:00,2870.0,880.0,3420.0,360.0,－－－－－－－－－－,10.0,0.0,0.0,20.0,0.0,-290.0,-1530.0,2870.0,yonden
2017,7,2017-07-18,01:00,2740.0,880.0,3350.0,350.0,－－－－－－－－－－,10.0,0.0,0.0,10.0,0.0,-290.0,-1570.0,2740.0,yonden
2017,7,2017-07-18,02:00,2740.0,880.0,3300.0,340.0,－－－－－－－－－－,10.0,0.0,0.0,20.0,0.0,-290.0,-1520.0,2740.0,yonden
2017,7,2017-07-18,03:00,2840.0,880.0,3140.0,270.0,－－－－－－－－－－,10.0,0.0,0.0,20.0,0.0,-50.0,-1430.0,2840.0,yonden
2017,7,2017-07-18,04:00,2960.0,880.0,3160.0,250.0,－－－－－－－－－－,10.0,0.0,0.0,20.0,0.0,0.0,-1360.0,2960.0,yonden
2017,7,2017-07-18,05:00,3020.0,880.0,3160.0,240.0,－－－－－－－－－－,10.0,30.0,0.0,20.0,0.0,0.0,-1320.0,3020.0,yonden
2017,7,2017-07-18,06:00,3000.0,880.0,3330.0,340.0,－－－－－－－－－－,10.0,80.0,0.0,40.0,0.0,-270.0,-1410.0,3000.0,yonden
2017,7,2017-07-18,07:00,3230.0,880.0,3490.0,380.0,－－－－－－－－－－,10.0,140.0,0.0,40.0,0.0,-290.0,-1420.0,3230.0,yonden
2017,7,2017-07-18,08:00,3840.0,880.0,4050.0,440.0,－－－－－－－－－－,10.0,160.0,0.0,20.0,0.0,0.0,-1720.0,3840.0,yonden
2017,7,2017-07-18,09:00,4150.0,880.0,4380.0,420.0,－－－－－－－－－－,10.0,240.0,0.0,30.0,0.0,0.0,-1810.0,4150.0,yonden
2017,7,2017-07-18,10:00,4160.0,880.0,4460.0,440.0,－－－－－－－－－－,10.0,340.0,0.0,20.0,0.0,0.0,-1990.0,4160.0,yonden
2017,7,2017-07-18,11:00,4150.0,880.0,4350.0,410.0,－－－－－－－－－－,10.0,540.0,0.0,20.0,0.0,0.0,-2060.0,4150.0,yonden
2017,7,2017-07-18,12:00,3940.0,880.0,4270.0,400.0,－－－－－－－－－－,10.0,490.0,0.0,20.0,0.0,0.0,-2130.0,3940.0,yonden
2017,7,2017-07-18,13:00,4120.0,880.0,4480.0,500.0,－－－－－－－－－－,10.0,420.0,0.0,10.0,0.0,0.0,-2180.0,4120.0,yonden
2017,7,2017-07-18,14:00,4190.0,880.0,4380.0,490.0,－－－－－－－－－－,10.0,600.0,0.0,10.0,0.0,0.0,-2180.0,4190.0,yonden
2017,7,2017-07-18,15:00,4260.0,880.0,4430.0,620.0,－－－－－－－－－－,10.0,530.0,0.0,10.0,0.0,0.0,-2220.0,4260.0,yonden
2017,7,2017-07-18,16:00,4270.0,880.0,4530.0,640.0,－－－－－－－－－－,10.0,300.0,0.0,10.0,0.0,80.0,-2180.0,4270.0,yonden
2017,7,2017-07-18,17:00,4100.0,880.0,4420.0,670.0,－－－－－－－－－－,10.0,110.0,0.0,10.0,0.0,160.0,-2160.0,4100.0,yonden
2017,7,2017-07-18,18:00,4020.0,880.0,4410.0,690.0,－－－－－－－－－－,10.0,50.0,0.0,0.0,0.0,170.0,-2190.0,4020.0,yonden
2017,7,2017-07-18,19:00,3860.0,880.0,4290.0,640.0,－－－－－－－－－－,10.0,0.0,0.0,10.0,0.0,140.0,-2110.0,3860.0,yonden
2017,7,2017-07-18,20:00,3650.0,880.0,4000.0,540.0,－－－－－－－－－－,10.0,0.0,0.0,10.0,0.0,170.0,-1960.0,3650.0,yonden
2017,7,2017-07-18,21:00,3390.0,880.0,3780.0,430.0,－－－－－－－－－－,10.0,0.0,0.0,10.0,0.0,60.0,-1780.0,3390.0,yonden
2017,7,2017-07-18,22:00,3120.0,880.0,3590.0,370.0,－－－－－－－－－－,10.0,0.0,0.0,0.0,0.0,0.0,-1730.0,3120.0,yonden
2017,7,2017-07-18,23:00,2940.0,880.0,3480.0,350.0,－－－－－－－－－－,10.0,0.0,0.0,0.0,0.0,0.0,-1780.0,2940.0,yonden
2017,7,2017-07-19,00:00,2710.0,880.0,3440.0,380.0,－－－－－－－－－－,10.0,0.0,0.0,0.0,0.0,-290.0,-1710.0,2710.0,yonden
2017,7,2017-07-19,01:00,2620.0,880.0,3230.0,310.0,－－－－－－－－－－,10.0,0.0,0.0,0.0,0.0,-290.0,-1520.0,2620.0,yonden
2017,7,2017-07-19,02:00,2700.0,880.0,3200.0,300.0,－－－－－－－－－－,10.0,0.0,0.0,0.0,0.0,-290.0,-1400.0,2700.0,yonden
2017,7,2017-07-19,03:00,2840.0,870.0,3190.0,380.0,－－－－－－－－－－,10.0,0.0,0.0,0.0,0.0,-290.0,-1320.0,2840.0,yonden
2017,7,2017-07-19,04:00,2960.0,880.0,3080.0,280.0,－－－－－－－－－－,10.0,0.0,0.0,0.0,0.0,0.0,-1290.0,2960.0,yonden
2017,7,2017-07-19,05:00,3020.0,880.0,3120.0,270.0,－－－－－－－－－－,10.0,30.0,0.0,0.0,0.0,0.0,-1290.0,3020.0,yonden
2017,7,2017-07-19,06:00,3030.0,880.0,3140.0,340.0,－－－－－－－－－－,10.0,120.0,0.0,0.0,0.0,0.0,-1460.0,3030.0,yonden
2017,7,2017-07-19,07:00,3120.0,880.0,3270.0,350.0,－－－－－－－－－－,10.0,170.0,0.0,0.0,0.0,0.0,-1560.0,3120.0,yonden
2017,7,2017-07-19,08:00,3590.0,880.0,3650.0,470.0,－－－－－－－－－－,10.0,320.0,0.0,0.0,0.0,0.0,-1740.0,3590.0,yonden
2017,7,2017-07-19,09:00,3900.0,880.0,3820.0,440.0,－－－－－－－－－－,10.0,720.0,0.0,0.0,0.0,0.0,-1970.0,3900.0,yonden
2017,7,2017-07-19,10:00,4130.0,880.0,3870.0,340.0,－－－－－－－－－－,10.0,1090.0,0.0,0.0,0.0,0.0,-2060.0,4130.0,yonden
2017,7,2017-07-19,11:00,4300.0,880.0,4180.0,340.0,－－－－－－－－－－,10.0,1170.0,0.0,0.0,0.0,0.0,-2280.0,4300.0,yonden
2017,7,2017-07-19,12:00,4150.0,880.0,4090.0,310.0,－－－－－－－－－－,10.0,1150.0,0.0,0.0,0.0,0.0,-2290.0,4150.0,yonden
2017,7,2017-07-19,13:00,4440.0,880.0,4380.0,330.0,－－－－－－－－－－,10.0,1180.0,0.0,0.0,0.0,0.0,-2340.0,4440.0,yonden
2017,7,2017-07-19,14:00,4530.0,880.0,4480.0,340.0,－－－－－－－－－－,10.0,1090.0,0.0,0.0,0.0,110.0,-2380.0,4530.0,yonden
2017,7,2017-07-19,15:00,4580.0,880.0,4400.0,470.0,－－－－－－－－－－,10.0,910.0,0.0,0.0,0.0,280.0,-2370.0,4580.0,yonden
2017,7,2017-07-19,16:00,4610.0,880.0,4390.0,560.0,－－－－－－－－－－,10.0,660.0,0.0,0.0,0.0,300.0,-2190.0,4610.0,yonden
2017,7,2017-07-19,17:00,4460.0,880.0,4390.0,610.0,－－－－－－－－－－,10.0,370.0,0.0,0.0,0.0,300.0,-2100.0,4460.0,yonden
2017,7,2017-07-19,18:00,4310.0,880.0,4450.0,680.0,－－－－－－－－－－,10.0,100.0,0.0,10.0,0.0,300.0,-2120.0,4310.0,yonden
2017,7,2017-07-19,19:00,4150.0,880.0,4370.0,650.0,－－－－－－－－－－,10.0,0.0,0.0,10.0,0.0,300.0,-2070.0,4150.0,yonden
2017,7,2017-07-19,20:00,3930.0,880.0,4040.0,610.0,－－－－－－－－－－,10.0,0.0,0.0,20.0,0.0,300.0,-1930.0,3930.0,yonden
2017,7,2017-07-19,21:00,3620.0,880.0,3800.0,460.0,－－－－－－－－－－,10.0,0.0,0.0,30.0,0.0,130.0,-1690.0,3620.0,yonden
2017,7,2017-07-19,22:00,3330.0,880.0,3680.0,340.0,－－－－－－－－－－,10.0,0.0,0.0,30.0,0.0,0.0,-1610.0,3330.0,yonden
2017,7,2017-07-19,23:00,3110.0,880.0,3550.0,270.0,－－－－－－－－－－,10.0,0.0,0.0,20.0,0.0,0.0,-1620.0,3110.0,yonden
2017,7,2017-07-20,00:00,2870.0,880.0,3580.0,270.0,－－－－－－－－－－,10.0,0.0,0.0,10.0,0.0,-300.0,-1580.0,2870.0,yonden
2017,7,2017-07-20,01:00,2770.0,880.0,3530.0,300.0,－－－－－－－－－－,10.0,0.0,0.0,0.0,0.0,-300.0,-1650.0,2770.0,yonden
2017,7,2017-07-20,02:00,2790.0,880.0,3500.0,290.0,－－－－－－－－－－,10.0,0.0,0.0,0.0,0.0,-290.0,-1600.0,2790.0,yonden
2017,7,2017-07-20,03:00,2890.0,880.0,3510.0,330.0,－－－－－－－－－－,10.0,0.0,0.0,0.0,0.0,-290.0,-1550.0,2890.0,yonden
2017,7,2017-07-20,04:00,3010.0,880.0,3530.0,320.0,－－－－－－－－－－,10.0,0.0,0.0,0.0,0.0,-290.0,-1440.0,3010.0,yonden
2017,7,2017-07-20,05:00,3050.0,880.0,3540.0,330.0,－－－－－－－－－－,10.0,30.0,0.0,0.0,0.0,-290.0,-1450.0,3050.0,yonden
2017,7,2017-07-20,06:00,3070.0,880.0,3560.0,280.0,－－－－－－－－－－,10.0,240.0,0.0,0.0,0.0,-290.0,-1610.0,3070.0,yonden
2017,7,2017-07-20,07:00,3270.0,880.0,3520.0,260.0,－－－－－－－－－－,10.0,530.0,0.0,0.0,0.0,-150.0,-1780.0,3270.0,yonden
2017,7,2017-07-20,08:00,3870.0,880.0,3840.0,340.0,－－－－－－－－－－,10.0,800.0,0.0,0.0,0.0,0.0,-2000.0,3870.0,yonden
2017,7,2017-07-20,09:00,4240.0,880.0,4120.0,380.0,－－－－－－－－－－,10.0,1020.0,0.0,0.0,0.0,0.0,-2170.0,4240.0,yonden
2017,7,2017-07-20,10:00,4400.0,880.0,4200.0,410.0,－－－－－－－－－－,10.0,1140.0,0.0,0.0,0.0,180.0,-2420.0,4400.0,yonden
2017,7,2017-07-20,11:00,4530.0,880.0,4130.0,470.0,－－－－－－－－－－,10.0,1180.0,0.0,0.0,0.0,270.0,-2410.0,4530.0,yonden
2017,7,2017-07-20,12:00,4400.0,880.0,4150.0,320.0,－－－－－－－－－－,10.0,1030.0,0.0,10.0,0.0,280.0,-2280.0,4400.0,yonden
2017,7,2017-07-20,13:00,4580.0,880.0,4430.0,440.0,－－－－－－－－－－,10.0,990.0,0.0,0.0,0.0,240.0,-2410.0,4580.0,yonden
2017,7,2017-07-20,14:00,4680.0,880.0,4490.0,470.0,－－－－－－－－－－,10.0,960.0,0.0,10.0,0.0,240.0,-2380.0,4680.0,yonden
2017,7,2017-07-20,15:00,4690.0,880.0,4460.0,510.0,－－－－－－－－－－,10.0,810.0,0.0,20.0,0.0,240.0,-2240.0,4690.0,yonden
2017,7,2017-07-20,16:00,4660.0,880.0,4510.0,550.0,－－－－－－－－－－,10.0,530.0,0.0,10.0,0.0,230.0,-2060.0,4660.0,yonden
2017,7,2017-07-20,17:00,4510.0,880.0,4500.0,590.0,－－－－－－－－－－,10.0,300.0,0.0,20.0,0.0,230.0,-2020.0,4510.0,yonden
2017,7,2017-07-20,18:00,4370.0,880.0,4530.0,620.0,－－－－－－－－－－,10.0,100.0,0.0,20.0,0.0,230.0,-2020.0,4370.0,yonden
2017,7,2017-07-20,19:00,4190.0,880.0,4440.0,590.0,－－－－－－－－－－,10.0,0.0,0.0,30.0,0.0,230.0,-1990.0,4190.0,yonden
2017,7,2017-07-20,20:00,3970.0,880.0,4210.0,500.0,－－－－－－－－－－,10.0,0.0,0.0,30.0,0.0,240.0,-1900.0,3970.0,yonden
2017,7,2017-07-20,21:00,3670.0,880.0,4050.0,450.0,－－－－－－－－－－,10.0,0.0,0.0,30.0,0.0,60.0,-1810.0,3670.0,yonden
2017,7,2017-07-20,22:00,3360.0,880.0,3830.0,270.0,－－－－－－－－－－,10.0,0.0,0.0,20.0,0.0,0.0,-1650.0,3360.0,yonden
2017,7,2017-07-20,23:00,3140.0,880.0,3650.0,260.0,－－－－－－－－－－,10.0,0.0,0.0,20.0,0.0,-140.0,-1540.0,3140.0,yonden
2017,7,2017-07-21,00:00,2880.0,870.0,3660.0,240.0,－－－－－－－－－－,10.0,0.0,0.0,20.0,0.0,-300.0,-1620.0,2880.0,yonden
2017,7,2017-07-21,01:00,2780.0,880.0,3640.0,250.0,－－－－－－－－－－,10.0,0.0,0.0,20.0,0.0,-300.0,-1720.0,2780.0,yonden
2017,7,2017-07-21,02:00,2810.0,880.0,3630.0,250.0,－－－－－－－－－－,10.0,0.0,0.0,10.0,0.0,-300.0,-1670.0,2810.0,yonden
2017,7,2017-07-21,03:00,2910.0,880.0,3600.0,270.0,－－－－－－－－－－,10.0,0.0,0.0,10.0,0.0,-300.0,-1560.0,2910.0,yonden
2017,7,2017-07-21,04:00,3020.0,880.0,3620.0,280.0,－－－－－－－－－－,10.0,0.0,0.0,10.0,0.0,-300.0,-1480.0,3020.0,yonden
2017,7,2017-07-21,05:00,3090.0,880.0,3660.0,270.0,－－－－－－－－－－,10.0,30.0,0.0,0.0,0.0,-300.0,-1460.0,3090.0,yonden
2017,7,2017-07-21,06:00,3110.0,880.0,3680.0,260.0,－－－－－－－－－－,10.0,190.0,0.0,0.0,0.0,-290.0,-1620.0,3110.0,yonden
2017,7,2017-07-21,07:00,3300.0,880.0,3820.0,280.0,－－－－－－－－－－,10.0,430.0,0.0,0.0,0.0,-280.0,-1840.0,3300.0,yonden
2017,7,2017-07-21,08:00,3890.0,880.0,4090.0,360.0,－－－－－－－－－－,10.0,550.0,0.0,0.0,0.0,0.0,-2000.0,3890.0,yonden
2017,7,2017-07-21,09:00,4230.0,880.0,4420.0,430.0,－－－－－－－－－－,10.0,730.0,0.0,0.0,0.0,0.0,-2240.0,4230.0,yonden
2017,7,2017-07-21,10:00,4390.0,880.0,4460.0,420.0,－－－－－－－－－－,10.0,1040.0,0.0,0.0,0.0,0.0,-2420.0,4390.0,yonden
2017,7,2017-07-21,11:00,4550.0,880.0,4390.0,430.0,－－－－－－－－－－,10.0,1290.0,0.0,0.0,0.0,0.0,-2450.0,4550.0,yonden
2017,7,2017-07-21,12:00,4500.0,880.0,4260.0,340.0,－－－－－－－－－－,10.0,1380.0,0.0,0.0,0.0,0.0,-2370.0,4500.0,yonden
2017,7,2017-07-21,13:00,4760.0,880.0,4420.0,390.0,－－－－－－－－－－,10.0,1330.0,0.0,0.0,0.0,210.0,-2480.0,4760.0,yonden
2017,7,2017-07-21,14:00,4830.0,880.0,4420.0,440.0,－－－－－－－－－－,10.0,1230.0,0.0,0.0,0.0,270.0,-2420.0,4830.0,yonden
2017,7,2017-07-21,15:00,4830.0,880.0,4510.0,490.0,－－－－－－－－－－,10.0,990.0,0.0,0.0,0.0,280.0,-2330.0,4830.0,yonden
2017,7,2017-07-21,16:00,4850.0,880.0,4540.0,540.0,－－－－－－－－－－,10.0,680.0,0.0,0.0,0.0,280.0,-2080.0,4850.0,yonden
2017,7,2017-07-21,17:00,4690.0,880.0,4560.0,570.0,－－－－－－－－－－,10.0,360.0,0.0,10.0,0.0,280.0,-1980.0,4690.0,yonden
2017,7,2017-07-21,18:00,4510.0,880.0,4570.0,580.0,－－－－－－－－－－,10.0,100.0,0.0,30.0,0.0,280.0,-1940.0,4510.0,yonden
2017,7,2017-07-21,19:00,4300.0,880.0,4450.0,550.0,－－－－－－－－－－,10.0,0.0,0.0,50.0,0.0,270.0,-1910.0,4300.0,yonden
2017,7,2017-07-21,20:00,4050.0,880.0,4200.0,490.0,－－－－－－－－－－,10.0,0.0,0.0,60.0,0.0,240.0,-1830.0,4050.0,yonden
2017,7,2017-07-21,21:00,3750.0,880.0,3990.0,390.0,－－－－－－－－－－,10.0,0.0,0.0,60.0,0.0,120.0,-1700.0,3750.0,yonden
2017,7,2017-07-21,22:00,3440.0,880.0,3780.0,230.0,－－－－－－－－－－,10.0,0.0,0.0,50.0,0.0,0.0,-1510.0,3440.0,yonden
2017,7,2017-07-21,23:00,3210.0,880.0,3670.0,210.0,－－－－－－－－－－,10.0,0.0,0.0,40.0,0.0,0.0,-1600.0,3210.0,yonden
2017,7,2017-07-22,00:00,2940.0,880.0,3560.0,180.0,－－－－－－－－－－,10.0,0.0,0.0,40.0,0.0,-10.0,-1720.0,2940.0,yonden
2017,7,2017-07-22,01:00,2820.0,880.0,3540.0,190.0,－－－－－－－－－－,10.0,0.0,0.0,20.0,0.0,-300.0,-1520.0,2820.0,yonden
2017,7,2017-07-22,02:00,2850.0,880.0,3480.0,190.0,－－－－－－－－－－,10.0,0.0,0.0,20.0,0.0,-300.0,-1430.0,2850.0,yonden
2017,7,2017-07-22,03:00,2930.0,880.0,3490.0,210.0,－－－－－－－－－－,10.0,0.0,0.0,10.0,0.0,-300.0,-1370.0,2930.0,yonden
2017,7,2017-07-22,04:00,3010.0,880.0,3530.0,240.0,－－－－－－－－－－,10.0,0.0,0.0,0.0,0.0,-300.0,-1350.0,3010.0,yonden
2017,7,2017-07-22,05:00,3020.0,880.0,3540.0,240.0,－－－－－－－－－－,10.0,30.0,0.0,0.0,0.0,-300.0,-1380.0,3020.0,yonden
2017,7,2017-07-22,06:00,2940.0,880.0,3510.0,200.0,－－－－－－－－－－,10.0,200.0,0.0,0.0,0.0,-300.0,-1560.0,2940.0,yonden
2017,7,2017-07-22,07:00,3060.0,880.0,3570.0,180.0,－－－－－－－－－－,10.0,440.0,0.0,0.0,0.0,-300.0,-1720.0,3060.0,yonden
2017,7,2017-07-22,08:00,3500.0,880.0,3700.0,230.0,－－－－－－－－－－,10.0,760.0,0.0,0.0,0.0,-300.0,-1780.0,3500.0,yonden
2017,7,2017-07-22,09:00,3870.0,880.0,3740.0,290.0,－－－－－－－－－－,10.0,1050.0,0.0,0.0,0.0,-290.0,-1810.0,3870.0,yonden
2017,7,2017-07-22,10:00,4000.0,880.0,3620.0,220.0,－－－－－－－－－－,10.0,1220.0,0.0,0.0,0.0,0.0,-1950.0,4000.0,yonden
2017,7,2017-07-22,11:00,4140.0,880.0,3650.0,230.0,－－－－－－－－－－,10.0,1320.0,0.0,0.0,0.0,0.0,-1950.0,4140.0,yonden
2017,7,2017-07-22,12:00,4150.0,880.0,3620.0,180.0,－－－－－－－－－－,10.0,1360.0,0.0,0.0,0.0,0.0,-1900.0,4150.0,yonden
2017,7,2017-07-22,13:00,4300.0,880.0,3810.0,210.0,－－－－－－－－－－,10.0,1290.0,0.0,10.0,0.0,0.0,-1910.0,4300.0,yonden
2017,7,2017-07-22,14:00,4310.0,880.0,3790.0,250.0,－－－－－－－－－－,10.0,1130.0,0.0,10.0,0.0,0.0,-1760.0,4310.0,yonden
2017,7,2017-07-22,15:00,4300.0,880.0,3790.0,260.0,－－－－－－－－－－,10.0,860.0,0.0,10.0,0.0,230.0,-1740.0,4300.0,yonden
2017,7,2017-07-22,16:00,4310.0,880.0,3880.0,340.0,－－－－－－－－－－,10.0,520.0,0.0,20.0,0.0,300.0,-1640.0,4310.0,yonden
2017,7,2017-07-22,17:00,4150.0,880.0,3860.0,350.0,－－－－－－－－－－,10.0,250.0,0.0,20.0,0.0,300.0,-1520.0,4150.0,yonden
2017,7,2017-07-22,18:00,4030.0,880.0,3830.0,410.0,－－－－－－－－－－,10.0,70.0,0.0,30.0,0.0,310.0,-1510.0,4030.0,yonden
2017,7,2017-07-22,19:00,3930.0,880.0,3850.0,350.0,－－－－－－－－－－,10.0,0.0,0.0,30.0,0.0,300.0,-1490.0,3930.0,yonden
2017,7,2017-07-22,20:00,3750.0,880.0,3840.0,280.0,－－－－－－－－－－,10.0,0.0,0.0,30.0,0.0,260.0,-1550.0,3750.0,yonden
2017,7,2017-07-22,21:00,3510.0,880.0,3850.0,250.0,－－－－－－－－－－,10.0,0.0,0.0,40.0,0.0,0.0,-1520.0,3510.0,yonden
2017,7,2017-07-22,22:00,3240.0,880.0,3760.0,220.0,－－－－－－－－－－,10.0,0.0,0.0,30.0,0.0,0.0,-1660.0,3240.0,yonden
2017,7,2017-07-22,23:00,3040.0,880.0,3690.0,210.0,－－－－－－－－－－,10.0,0.0,0.0,30.0,0.0,0.0,-1780.0,3040.0,yonden
2017,7,2017-07-23,00:00,2800.0,880.0,3540.0,220.0,－－－－－－－－－－,10.0,0.0,0.0,40.0,0.0,-200.0,-1690.0,2800.0,yonden
2017,7,2017-07-23,01:00,2650.0,880.0,3560.0,170.0,－－－－－－－－－－,10.0,0.0,0.0,40.0,0.0,-300.0,-1710.0,2650.0,yonden
2017,7,2017-07-23,02:00,2650.0,880.0,3540.0,170.0,－－－－－－－－－－,10.0,0.0,0.0,30.0,0.0,-300.0,-1680.0,2650.0,yonden
2017,7,2017-07-23,03:00,2740.0,880.0,3510.0,210.0,－－－－－－－－－－,10.0,0.0,0.0,20.0,0.0,-300.0,-1590.0,2740.0,yonden
2017,7,2017-07-23,04:00,2820.0,880.0,3510.0,220.0,－－－－－－－－－－,10.0,0.0,0.0,20.0,0.0,-300.0,-1520.0,2820.0,yonden
2017,7,2017-07-23,05:00,2830.0,880.0,3470.0,230.0,－－－－－－－－－－,10.0,30.0,0.0,20.0,0.0,-300.0,-1510.0,2830.0,yonden
2017,7,2017-07-23,06:00,2730.0,880.0,3380.0,200.0,－－－－－－－－－－,10.0,220.0,0.0,10.0,0.0,-300.0,-1670.0,2730.0,yonden
2017,7,2017-07-23,07:00,2740.0,880.0,3280.0,150.0,－－－－－－－－－－,10.0,480.0,0.0,10.0,0.0,-290.0,-1780.0,2740.0,yonden
2017,7,2017-07-23,08:00,3060.0,880.0,3320.0,190.0,－－－－－－－－－－,10.0,740.0,0.0,10.0,0.0,-290.0,-1800.0,3060.0,yonden
2017,7,2017-07-23,09:00,3310.0,880.0,3330.0,210.0,－－－－－－－－－－,10.0,920.0,0.0,10.0,0.0,-290.0,-1760.0,3310.0,yonden
2017,7,2017-07-23,10:00,3430.0,880.0,3250.0,220.0,－－－－－－－－－－,10.0,1000.0,0.0,0.0,0.0,-290.0,-1640.0,3430.0,yonden
2017,7,2017-07-23,11:00,3530.0,880.0,3250.0,230.0,－－－－－－－－－－,10.0,1050.0,0.0,10.0,0.0,-290.0,-1610.0,3530.0,yonden
2017,7,2017-07-23,12:00,3670.0,880.0,3420.0,230.0,－－－－－－－－－－,10.0,1040.0,0.0,0.0,0.0,-290.0,-1620.0,3670.0,yonden
2017,7,2017-07-23,13:00,3670.0,880.0,3440.0,230.0,－－－－－－－－－－,10.0,960.0,0.0,0.0,0.0,-290.0,-1560.0,3670.0,yonden
2017,7,2017-07-23,14:00,3710.0,880.0,3410.0,310.0,－－－－－－－－－－,10.0,900.0,0.0,10.0,0.0,0.0,-1810.0,3710.0,yonden
2017,7,2017-07-23,15:00,3740.0,880.0,3670.0,330.0,－－－－－－－－－－,10.0,680.0,0.0,10.0,0.0,0.0,-1840.0,3740.0,yonden
2017,7,2017-07-23,16:00,3770.0,880.0,3700.0,300.0,－－－－－－－－－－,10.0,460.0,0.0,30.0,0.0,110.0,-1720.0,3770.0,yonden
2017,7,2017-07-23,17:00,3770.0,880.0,3710.0,320.0,－－－－－－－－－－,10.0,210.0,0.0,40.0,0.0,240.0,-1640.0,3770.0,yonden
2017,7,2017-07-23,18:00,3800.0,880.0,3720.0,350.0,－－－－－－－－－－,10.0,60.0,0.0,40.0,0.0,300.0,-1560.0,3800.0,yonden
2017,7,2017-07-23,19:00,3780.0,880.0,3730.0,380.0,－－－－－－－－－－,10.0,0.0,0.0,30.0,0.0,310.0,-1560.0,3780.0,yonden
2017,7,2017-07-23,20:00,3640.0,880.0,3740.0,370.0,－－－－－－－－－－,10.0,0.0,0.0,30.0,0.0,300.0,-1690.0,3640.0,yonden
2017,7,2017-07-23,21:00,3410.0,880.0,3760.0,340.0,－－－－－－－－－－,10.0,0.0,0.0,30.0,0.0,50.0,-1660.0,3410.0,yonden
2017,7,2017-07-23,22:00,3150.0,880.0,3600.0,290.0,－－－－－－－－－－,10.0,0.0,0.0,30.0,0.0,0.0,-1660.0,3150.0,yonden
2017,7,2017-07-23,23:00,2950.0,880.0,3490.0,270.0,－－－－－－－－－－,10.0,0.0,0.0,20.0,0.0,0.0,-1720.0,2950.0,yonden
2017,7,2017-07-24,00:00,2720.0,880.0,3530.0,270.0,－－－－－－－－－－,10.0,0.0,0.0,30.0,0.0,-150.0,-1850.0,2720.0,yonden
2017,7,2017-07-24,01:00,2600.0,880.0,3510.0,260.0,－－－－－－－－－－,10.0,0.0,0.0,30.0,0.0,-290.0,-1800.0,2600.0,yonden
2017,7,2017-07-24,02:00,2640.0,880.0,3540.0,220.0,－－－－－－－－－－,10.0,0.0,0.0,20.0,0.0,-290.0,-1740.0,2640.0,yonden
2017,7,2017-07-24,03:00,2690.0,880.0,3460.0,210.0,－－－－－－－－－－,10.0,0.0,0.0,20.0,0.0,-290.0,-1600.0,2690.0,yonden
2017,7,2017-07-24,04:00,2810.0,880.0,3420.0,210.0,－－－－－－－－－－,10.0,0.0,0.0,20.0,0.0,-290.0,-1440.0,2810.0,yonden
2017,7,2017-07-24,05:00,2890.0,880.0,3430.0,230.0,－－－－－－－－－－,10.0,30.0,0.0,10.0,0.0,-290.0,-1410.0,2890.0,yonden
2017,7,2017-07-24,06:00,2980.0,880.0,3430.0,220.0,－－－－－－－－－－,10.0,210.0,0.0,10.0,0.0,-290.0,-1490.0,2980.0,yonden
2017,7,2017-07-24,07:00,3220.0,880.0,3560.0,240.0,－－－－－－－－－－,10.0,390.0,0.0,10.0,0.0,-290.0,-1580.0,3220.0,yonden
2017,7,2017-07-24,08:00,3890.0,880.0,3870.0,340.0,－－－－－－－－－－,10.0,580.0,0.0,10.0,0.0,0.0,-1800.0,3890.0,yonden
2017,7,2017-07-24,09:00,4320.0,880.0,4160.0,420.0,－－－－－－－－－－,10.0,840.0,0.0,10.0,0.0,0.0,-2000.0,4320.0,yonden
2017,7,2017-07-24,10:00,4480.0,880.0,4050.0,430.0,－－－－－－－－－－,10.0,1130.0,0.0,10.0,0.0,0.0,-2030.0,4480.0,yonden
2017,7,2017-07-24,11:00,4630.0,880.0,4000.0,480.0,－－－－－－－－－－,10.0,1260.0,0.0,10.0,0.0,0.0,-2010.0,4630.0,yonden
2017,7,2017-07-24,12:00,4530.0,880.0,4110.0,270.0,－－－－－－－－－－,10.0,1250.0,0.0,10.0,0.0,0.0,-2000.0,4530.0,yonden
2017,7,2017-07-24,13:00,4840.0,880.0,4440.0,350.0,－－－－－－－－－－,10.0,1090.0,0.0,10.0,0.0,110.0,-2050.0,4840.0,yonden
2017,7,2017-07-24,14:00,4880.0,880.0,4610.0,360.0,－－－－－－－－－－,10.0,810.0,0.0,10.0,0.0,270.0,-2070.0,4880.0,yonden
2017,7,2017-07-24,15:00,4780.0,880.0,4700.0,430.0,－－－－－－－－－－,10.0,510.0,0.0,10.0,0.0,270.0,-2030.0,4780.0,yonden
2017,7,2017-07-24,16:00,4670.0,880.0,4620.0,520.0,－－－－－－－－－－,10.0,290.0,0.0,10.0,0.0,270.0,-1930.0,4670.0,yonden
2017,7,2017-07-24,17:00,4540.0,880.0,4530.0,600.0,－－－－－－－－－－,10.0,170.0,0.0,20.0,0.0,270.0,-1940.0,4540.0,yonden
2017,7,2017-07-24,18:00,4410.0,880.0,4570.0,610.0,－－－－－－－－－－,10.0,40.0,0.0,20.0,0.0,260.0,-1980.0,4410.0,yonden
2017,7,2017-07-24,19:00,4270.0,880.0,4480.0,570.0,－－－－－－－－－－,10.0,0.0,0.0,20.0,0.0,260.0,-1950.0,4270.0,yonden
2017,7,2017-07-24,20:00,4020.0,880.0,4140.0,480.0,－－－－－－－－－－,10.0,0.0,0.0,30.0,0.0,260.0,-1780.0,4020.0,yonden
2017,7,2017-07-24,21:00,3750.0,880.0,3940.0,400.0,－－－－－－－－－－,10.0,0.0,0.0,40.0,0.0,170.0,-1690.0,3750.0,yonden
2017,7,2017-07-24,22:00,3450.0,880.0,3750.0,310.0,－－－－－－－－－－,10.0,0.0,0.0,30.0,0.0,0.0,-1530.0,3450.0,yonden
2017,7,2017-07-24,23:00,3230.0,880.0,3650.0,330.0,－－－－－－－－－－,10.0,0.0,0.0,30.0,0.0,0.0,-1670.0,3230.0,yonden
2017,7,2017-07-25,00:00,2990.0,880.0,3580.0,320.0,－－－－－－－－－－,10.0,0.0,0.0,20.0,0.0,-150.0,-1670.0,2990.0,yonden
2017,7,2017-07-25,01:00,2840.0,880.0,3610.0,290.0,－－－－－－－－－－,10.0,0.0,0.0,10.0,0.0,-300.0,-1660.0,2840.0,yonden
2017,7,2017-07-25,02:00,2840.0,880.0,3510.0,290.0,－－－－－－－－－－,10.0,0.0,0.0,20.0,0.0,-290.0,-1580.0,2840.0,yonden
2017,7,2017-07-25,03:00,2950.0,880.0,3530.0,290.0,－－－－－－－－－－,10.0,0.0,0.0,10.0,0.0,-290.0,-1480.0,2950.0,yonden
2017,7,2017-07-25,04:00,3060.0,880.0,3530.0,290.0,－－－－－－－－－－,10.0,0.0,0.0,20.0,0.0,-290.0,-1380.0,3060.0,yonden
2017,7,2017-07-25,05:00,3160.0,880.0,3560.0,270.0,－－－－－－－－－－,10.0,30.0,0.0,20.0,0.0,-290.0,-1320.0,3160.0,yonden
2017,7,2017-07-25,06:00,3210.0,880.0,3590.0,270.0,－－－－－－－－－－,10.0,150.0,0.0,10.0,0.0,-290.0,-1410.0,3210.0,yonden
2017,7,2017-07-25,07:00,3450.0,880.0,3700.0,290.0,－－－－－－－－－－,10.0,260.0,0.0,10.0,0.0,-150.0,-1550.0,3450.0,yonden
2017,7,2017-07-25,08:00,4040.0,880.0,4200.0,390.0,－－－－－－－－－－,10.0,350.0,0.0,0.0,0.0,0.0,-1790.0,4040.0,yonden
2017,7,2017-07-25,09:00,4330.0,880.0,4540.0,450.0,－－－－－－－－－－,10.0,470.0,0.0,0.0,0.0,0.0,-2020.0,4330.0,yonden
2017,7,2017-07-25,10:00,4450.0,880.0,4450.0,470.0,－－－－－－－－－－,10.0,770.0,0.0,0.0,0.0,0.0,-2130.0,4450.0,yonden
2017,7,2017-07-25,11:00,4580.0,880.0,4370.0,440.0,－－－－－－－－－－,10.0,1010.0,0.0,0.0,0.0,0.0,-2130.0,4580.0,yonden
2017,7,2017-07-25,12:00,4520.0,880.0,4320.0,280.0,－－－－－－－－－－,10.0,1110.0,0.0,0.0,0.0,0.0,-2080.0,4520.0,yonden
2017,7,2017-07-25,13:00,4810.0,880.0,4640.0,350.0,－－－－－－－－－－,10.0,1060.0,0.0,0.0,0.0,0.0,-2130.0,4810.0,yonden
2017,7,2017-07-25,14:00,4920.0,880.0,4840.0,400.0,－－－－－－－－－－,10.0,890.0,0.0,0.0,0.0,30.0,-2130.0,4920.0,yonden
2017,7,2017-07-25,15:00,4900.0,880.0,4940.0,430.0,－－－－－－－－－－,10.0,600.0,0.0,0.0,0.0,240.0,-2200.0,4900.0,yonden
2017,7,2017-07-25,16:00,4720.0,880.0,4880.0,460.0,－－－－－－－－－－,10.0,320.0,0.0,0.0,0.0,250.0,-2080.0,4720.0,yonden
2017,7,2017-07-25,17:00,4510.0,880.0,4810.0,500.0,－－－－－－－－－－,10.0,140.0,0.0,10.0,0.0,250.0,-2090.0,4510.0,yonden
2017,7,2017-07-25,18:00,4420.0,880.0,4790.0,490.0,－－－－－－－－－－,10.0,40.0,0.0,10.0,0.0,250.0,-2050.0,4420.0,yonden
2017,7,2017-07-25,19:00,4290.0,880.0,4800.0,440.0,－－－－－－－－－－,10.0,0.0,0.0,10.0,0.0,120.0,-1970.0,4290.0,yonden
2017,7,2017-07-25,20:00,4040.0,880.0,4520.0,380.0,－－－－－－－－－－,10.0,0.0,0.0,10.0,0.0,0.0,-1760.0,4040.0,yonden
2017,7,2017-07-25,21:00,3760.0,880.0,4210.0,330.0,－－－－－－－－－－,10.0,0.0,0.0,10.0,0.0,0.0,-1680.0,3760.0,yonden
2017,7,2017-07-25,22:00,3480.0,880.0,4040.0,280.0,－－－－－－－－－－,10.0,0.0,0.0,0.0,0.0,0.0,-1730.0,3480.0,yonden
2017,7,2017-07-25,23:00,3250.0,880.0,3870.0,280.0,－－－－－－－－－－,10.0,0.0,0.0,0.0,0.0,-180.0,-1610.0,3250.0,yonden
2017,7,2017-07-26,00:00,2960.0,880.0,3560.0,290.0,－－－－－－－－－－,10.0,0.0,0.0,0.0,0.0,-300.0,-1480.0,2960.0,yonden
2017,7,2017-07-26,01:00,2840.0,880.0,3540.0,260.0,－－－－－－－－－－,10.0,0.0,0.0,0.0,0.0,-300.0,-1550.0,2840.0,yonden
2017,7,2017-07-26,02:00,2870.0,880.0,3550.0,260.0,－－－－－－－－－－,10.0,0.0,0.0,0.0,0.0,-300.0,-1530.0,2870.0,yonden
2017,7,2017-07-26,03:00,2910.0,880.0,3520.0,280.0,－－－－－－－－－－,10.0,0.0,0.0,0.0,0.0,-300.0,-1480.0,2910.0,yonden
2017,7,2017-07-26,04:00,3010.0,880.0,3560.0,290.0,－－－－－－－－－－,10.0,0.0,0.0,0.0,0.0,-300.0,-1430.0,3010.0,yonden
2017,7,2017-07-26,05:00,3090.0,880.0,3530.0,300.0,－－－－－－－－－－,10.0,10.0,0.0,0.0,0.0,-300.0,-1340.0,3090.0,yonden
2017,7,2017-07-26,06:00,3160.0,880.0,3570.0,320.0,－－－－－－－－－－,10.0,80.0,0.0,0.0,0.0,-300.0,-1400.0,3160.0,yonden
2017,7,2017-07-26,07:00,3380.0,880.0,3740.0,340.0,－－－－－－－－－－,10.0,160.0,0.0,0.0,0.0,-150.0,-1600.0,3380.0,yonden
2017,7,2017-07-26,08:00,3930.0,880.0,4270.0,390.0,－－－－－－－－－－,10.0,260.0,0.0,10.0,0.0,0.0,-1890.0,3930.0,yonden
2017,7,2017-07-26,09:00,4240.0,880.0,4660.0,420.0,－－－－－－－－－－,10.0,390.0,0.0,0.0,0.0,0.0,-2120.0,4240.0,yonden
2017,7,2017-07-26,10:00,4310.0,880.0,4450.0,490.0,－－－－－－－－－－,10.0,670.0,0.0,0.0,0.0,0.0,-2190.0,4310.0,yonden
2017,7,2017-07-26,11:00,4430.0,880.0,4500.0,560.0,－－－－－－－－－－,10.0,740.0,0.0,10.0,0.0,0.0,-2270.0,4430.0,yonden
2017,7,2017-07-26,12:00,4240.0,880.0,4360.0,340.0,－－－－－－－－－－,10.0,740.0,0.0,20.0,0.0,0.0,-2110.0,4240.0,yonden
2017,7,2017-07-26,13:00,4470.0,880.0,4520.0,410.0,－－－－－－－－－－,10.0,800.0,0.0,30.0,0.0,0.0,-2180.0,4470.0,yonden
2017,7,2017-07-26,14:00,4540.0,880.0,4440.0,420.0,－－－－－－－－－－,10.0,800.0,0.0,30.0,0.0,0.0,-2040.0,4540.0,yonden
2017,7,2017-07-26,15:00,4570.0,880.0,4240.0,430.0,－－－－－－－－－－,10.0,810.0,0.0,40.0,0.0,160.0,-2000.0,4570.0,yonden
2017,7,2017-07-26,16:00,4630.0,880.0,4280.0,520.0,－－－－－－－－－－,10.0,630.0,0.0,30.0,0.0,270.0,-1990.0,4630.0,yonden
2017,7,2017-07-26,17:00,4510.0,880.0,4320.0,610.0,－－－－－－－－－－,10.0,350.0,0.0,20.0,0.0,280.0,-1960.0,4510.0,yonden
2017,7,2017-07-26,18:00,4320.0,880.0,4420.0,640.0,－－－－－－－－－－,10.0,80.0,0.0,20.0,0.0,270.0,-2000.0,4320.0,yonden
2017,7,2017-07-26,19:00,4170.0,880.0,4330.0,570.0,－－－－－－－－－－,10.0,0.0,0.0,10.0,0.0,280.0,-1910.0,4170.0,yonden
2017,7,2017-07-26,20:00,3960.0,880.0,4280.0,500.0,－－－－－－－－－－,10.0,0.0,0.0,0.0,0.0,80.0,-1790.0,3960.0,yonden
2017,7,2017-07-26,21:00,3660.0,880.0,4090.0,370.0,－－－－－－－－－－,10.0,0.0,0.0,0.0,0.0,0.0,-1690.0,3660.0,yonden
2017,7,2017-07-26,22:00,3390.0,880.0,3790.0,280.0,－－－－－－－－－－,10.0,0.0,0.0,0.0,0.0,0.0,-1570.0,3390.0,yonden
2017,7,2017-07-26,23:00,3190.0,880.0,3720.0,300.0,－－－－－－－－－－,10.0,0.0,0.0,0.0,0.0,-150.0,-1570.0,3190.0,yonden
2017,7,2017-07-27,00:00,2920.0,880.0,3690.0,260.0,－－－－－－－－－－,10.0,0.0,0.0,0.0,0.0,-300.0,-1620.0,2920.0,yonden
2017,7,2017-07-27,01:00,2770.0,880.0,3640.0,240.0,－－－－－－－－－－,10.0,0.0,0.0,0.0,0.0,-300.0,-1700.0,2770.0,yonden
2017,7,2017-07-27,02:00,2790.0,880.0,3620.0,230.0,－－－－－－－－－－,10.0,0.0,0.0,0.0,0.0,-300.0,-1650.0,2790.0,yonden
2017,7,2017-07-27,03:00,2890.0,880.0,3610.0,250.0,－－－－－－－－－－,10.0,0.0,0.0,0.0,0.0,-300.0,-1560.0,2890.0,yonden
2017,7,2017-07-27,04:00,2990.0,880.0,3590.0,270.0,－－－－－－－－－－,10.0,0.0,0.0,0.0,0.0,-290.0,-1470.0,2990.0,yonden
2017,7,2017-07-27,05:00,3070.0,880.0,3610.0,260.0,－－－－－－－－－－,10.0,30.0,0.0,0.0,0.0,-290.0,-1430.0,3070.0,yonden
2017,7,2017-07-27,06:00,3110.0,880.0,3610.0,260.0,－－－－－－－－－－,10.0,150.0,0.0,0.0,0.0,-290.0,-1510.0,3110.0,yonden
2017,7,2017-07-27,07:00,3260.0,880.0,3620.0,270.0,－－－－－－－－－－,10.0,330.0,0.0,0.0,0.0,-150.0,-1700.0,3260.0,yonden
2017,7,2017-07-27,08:00,3860.0,880.0,3920.0,320.0,－－－－－－－－－－,10.0,630.0,0.0,0.0,0.0,0.0,-1900.0,3860.0,yonden
2017,7,2017-07-27,09:00,4270.0,880.0,4080.0,470.0,－－－－－－－－－－,10.0,910.0,0.0,0.0,0.0,0.0,-2080.0,4270.0,yonden
2017,7,2017-07-27,10:00,4430.0,880.0,4170.0,570.0,－－－－－－－－－－,10.0,1040.0,0.0,0.0,0.0,0.0,-2240.0,4430.0,yonden
2017,7,2017-07-27,11:00,4520.0,880.0,4190.0,410.0,－－－－－－－－－－,10.0,1140.0,0.0,0.0,0.0,110.0,-2220.0,4520.0,yonden
2017,7,2017-07-27,12:00,4460.0,880.0,4100.0,300.0,－－－－－－－－－－,10.0,1270.0,0.0,0.0,0.0,0.0,-2100.0,4460.0,yonden
2017,7,2017-07-27,13:00,4730.0,880.0,4140.0,400.0,－－－－－－－－－－,10.0,1240.0,0.0,0.0,0.0,70.0,-2010.0,4730.0,yonden
2017,7,2017-07-27,14:00,4820.0,880.0,4190.0,440.0,－－－－－－－－－－,10.0,1060.0,0.0,0.0,0.0,270.0,-2030.0,4820.0,yonden
2017,7,2017-07-27,15:00,4800.0,880.0,4340.0,510.0,－－－－－－－－－－,10.0,800.0,0.0,10.0,0.0,260.0,-2010.0,4800.0,yonden
2017,7,2017-07-27,16:00,4790.0,880.0,4500.0,530.0,－－－－－－－－－－,10.0,500.0,0.0,20.0,0.0,270.0,-1920.0,4790.0,yonden
2017,7,2017-07-27,17:00,4620.0,880.0,4480.0,590.0,－－－－－－－－－－,10.0,240.0,0.0,30.0,0.0,280.0,-1890.0,4620.0,yonden
2017,7,2017-07-27,18:00,4500.0,880.0,4400.0,660.0,－－－－－－－－－－,10.0,70.0,0.0,40.0,0.0,320.0,-1880.0,4500.0,yonden
2017,7,2017-07-27,19:00,4350.0,880.0,4410.0,580.0,－－－－－－－－－－,10.0,0.0,0.0,50.0,0.0,290.0,-1870.0,4350.0,yonden
2017,7,2017-07-27,20:00,4110.0,880.0,4290.0,430.0,－－－－－－－－－－,10.0,0.0,0.0,50.0,0.0,270.0,-1820.0,4110.0,yonden
2017,7,2017-07-27,21:00,3810.0,880.0,4080.0,360.0,－－－－－－－－－－,10.0,0.0,0.0,40.0,0.0,100.0,-1660.0,3810.0,yonden
2017,7,2017-07-27,22:00,3510.0,880.0,3840.0,330.0,－－－－－－－－－－,10.0,0.0,0.0,40.0,0.0,0.0,-1590.0,3510.0,yonden
2017,7,2017-07-27,23:00,3270.0,880.0,3640.0,360.0,－－－－－－－－－－,10.0,0.0,0.0,40.0,0.0,-150.0,-1510.0,3270.0,yonden
2017,7,2017-07-28,00:00,2980.0,880.0,3560.0,390.0,－－－－－－－－－－,10.0,0.0,0.0,30.0,0.0,-300.0,-1590.0,2980.0,yonden
2017,7,2017-07-28,01:00,2820.0,880.0,3510.0,380.0,－－－－－－－－－－,10.0,0.0,0.0,20.0,0.0,-300.0,-1680.0,2820.0,yonden
2017,7,2017-07-28,02:00,2820.0,880.0,3500.0,380.0,－－－－－－－－－－,10.0,0.0,0.0,20.0,0.0,-300.0,-1670.0,2820.0,yonden
2017,7,2017-07-28,03:00,2920.0,880.0,3540.0,370.0,－－－－－－－－－－,10.0,0.0,0.0,10.0,0.0,-300.0,-1590.0,2920.0,yonden
2017,7,2017-07-28,04:00,3020.0,880.0,3600.0,370.0,－－－－－－－－－－,10.0,0.0,0.0,10.0,0.0,-300.0,-1550.0,3020.0,yonden
2017,7,2017-07-28,05:00,3100.0,880.0,3560.0,370.0,－－－－－－－－－－,10.0,30.0,0.0,10.0,0.0,-300.0,-1460.0,3100.0,yonden
2017,7,2017-07-28,06:00,3160.0,880.0,3560.0,320.0,－－－－－－－－－－,10.0,190.0,0.0,10.0,0.0,-300.0,-1510.0,3160.0,yonden
2017,7,2017-07-28,07:00,3400.0,880.0,3660.0,360.0,－－－－－－－－－－,10.0,400.0,0.0,10.0,0.0,-150.0,-1770.0,3400.0,yonden
2017,7,2017-07-28,08:00,4070.0,880.0,3970.0,500.0,－－－－－－－－－－,10.0,590.0,0.0,10.0,0.0,20.0,-1910.0,4070.0,yonden
2017,7,2017-07-28,09:00,4450.0,880.0,4100.0,510.0,－－－－－－－－－－,10.0,780.0,0.0,0.0,0.0,170.0,-2000.0,4450.0,yonden
2017,7,2017-07-28,10:00,4610.0,880.0,4220.0,570.0,－－－－－－－－－－,10.0,960.0,0.0,0.0,0.0,180.0,-2210.0,4610.0,yonden
2017,7,2017-07-28,11:00,4770.0,880.0,4310.0,570.0,－－－－－－－－－－,10.0,990.0,0.0,0.0,0.0,240.0,-2230.0,4770.0,yonden
2017,7,2017-07-28,12:00,4630.0,880.0,4340.0,340.0,－－－－－－－－－－,10.0,1010.0,0.0,0.0,0.0,140.0,-2090.0,4630.0,yonden
2017,7,2017-07-28,13:00,4890.0,880.0,4430.0,490.0,－－－－－－－－－－,10.0,1090.0,0.0,0.0,0.0,180.0,-2190.0,4890.0,yonden
2017,7,2017-07-28,14:00,4950.0,880.0,4440.0,510.0,－－－－－－－－－－,10.0,1040.0,0.0,10.0,0.0,210.0,-2150.0,4950.0,yonden
2017,7,2017-07-28,15:00,4980.0,880.0,4460.0,560.0,－－－－－－－－－－,10.0,800.0,0.0,20.0,0.0,260.0,-2010.0,4980.0,yonden
2017,7,2017-07-28,16:00,4820.0,880.0,4520.0,610.0,－－－－－－－－－－,10.0,350.0,0.0,20.0,0.0,280.0,-1850.0,4820.0,yonden
2017,7,2017-07-28,17:00,4540.0,880.0,4490.0,590.0,－－－－－－－－－－,10.0,140.0,0.0,20.0,0.0,270.0,-1860.0,4540.0,yonden
2017,7,2017-07-28,18:00,4480.0,880.0,4570.0,600.0,－－－－－－－－－－,10.0,40.0,0.0,20.0,0.0,270.0,-1910.0,4480.0,yonden
2017,7,2017-07-28,19:00,4350.0,880.0,4590.0,510.0,－－－－－－－－－－,10.0,0.0,0.0,20.0,0.0,270.0,-1930.0,4350.0,yonden
2017,7,2017-07-28,20:00,4110.0,880.0,4340.0,420.0,－－－－－－－－－－,10.0,0.0,0.0,20.0,0.0,270.0,-1830.0,4110.0,yonden
2017,7,2017-07-28,21:00,3820.0,880.0,4120.0,390.0,－－－－－－－－－－,10.0,0.0,0.0,10.0,0.0,170.0,-1760.0,3820.0,yonden
2017,7,2017-07-28,22:00,3530.0,880.0,3970.0,330.0,－－－－－－－－－－,10.0,0.0,0.0,10.0,0.0,0.0,-1670.0,3530.0,yonden
2017,7,2017-07-28,23:00,3300.0,880.0,3820.0,290.0,－－－－－－－－－－,10.0,0.0,0.0,10.0,0.0,0.0,-1710.0,3300.0,yonden
2017,7,2017-07-29,00:00,3020.0,880.0,3690.0,260.0,－－－－－－－－－－,10.0,0.0,0.0,0.0,0.0,0.0,-1820.0,3020.0,yonden
2017,7,2017-07-29,01:00,2860.0,880.0,3660.0,310.0,－－－－－－－－－－,10.0,0.0,0.0,0.0,0.0,-300.0,-1700.0,2860.0,yonden
2017,7,2017-07-29,02:00,2860.0,880.0,3640.0,280.0,－－－－－－－－－－,10.0,0.0,0.0,0.0,0.0,-300.0,-1650.0,2860.0,yonden
2017,7,2017-07-29,03:00,2920.0,880.0,3630.0,330.0,－－－－－－－－－－,10.0,0.0,0.0,0.0,0.0,-300.0,-1630.0,2920.0,yonden
2017,7,2017-07-29,04:00,3010.0,880.0,3650.0,300.0,－－－－－－－－－－,10.0,0.0,0.0,0.0,0.0,-300.0,-1530.0,3010.0,yonden
2017,7,2017-07-29,05:00,3040.0,880.0,3630.0,280.0,－－－－－－－－－－,10.0,30.0,0.0,0.0,0.0,-300.0,-1490.0,3040.0,yonden
2017,7,2017-07-29,06:00,3020.0,880.0,3620.0,280.0,－－－－－－－－－－,10.0,180.0,0.0,0.0,0.0,-300.0,-1650.0,3020.0,yonden
2017,7,2017-07-29,07:00,3110.0,880.0,3560.0,270.0,－－－－－－－－－－,10.0,370.0,0.0,0.0,0.0,-300.0,-1680.0,3110.0,yonden
2017,7,2017-07-29,08:00,3580.0,880.0,3640.0,310.0,－－－－－－－－－－,10.0,560.0,0.0,0.0,0.0,-150.0,-1670.0,3580.0,yonden
2017,7,2017-07-29,09:00,3910.0,880.0,3670.0,300.0,－－－－－－－－－－,10.0,810.0,0.0,0.0,0.0,0.0,-1760.0,3910.0,yonden
2017,7,2017-07-29,10:00,4070.0,880.0,3740.0,300.0,－－－－－－－－－－,10.0,1020.0,0.0,0.0,0.0,0.0,-1880.0,4070.0,yonden
2017,7,2017-07-29,11:00,4230.0,880.0,3830.0,300.0,－－－－－－－－－－,10.0,1130.0,0.0,0.0,0.0,0.0,-1920.0,4230.0,yonden
2017,7,2017-07-29,12:00,4210.0,880.0,3640.0,230.0,－－－－－－－－－－,10.0,1200.0,0.0,0.0,0.0,0.0,-1750.0,4210.0,yonden
2017,7,2017-07-29,13:00,4410.0,880.0,3750.0,240.0,－－－－－－－－－－,10.0,1180.0,0.0,0.0,0.0,0.0,-1650.0,4410.0,yonden
2017,7,2017-07-29,14:00,4400.0,880.0,3700.0,290.0,－－－－－－－－－－,10.0,1060.0,0.0,0.0,0.0,0.0,-1540.0,4400.0,yonden
2017,7,2017-07-29,15:00,4450.0,880.0,3820.0,360.0,－－－－－－－－－－,10.0,870.0,0.0,0.0,0.0,0.0,-1490.0,4450.0,yonden
2017,7,2017-07-29,16:00,4470.0,880.0,3830.0,420.0,－－－－－－－－－－,10.0,590.0,0.0,0.0,0.0,180.0,-1440.0,4470.0,yonden
2017,7,2017-07-29,17:00,4250.0,880.0,3820.0,470.0,－－－－－－－－－－,10.0,260.0,0.0,0.0,0.0,210.0,-1400.0,4250.0,yonden
2017,7,2017-07-29,18:00,4120.0,880.0,3890.0,520.0,－－－－－－－－－－,10.0,50.0,0.0,0.0,0.0,270.0,-1500.0,4120.0,yonden
2017,7,2017-07-29,19:00,4070.0,880.0,3960.0,470.0,－－－－－－－－－－,10.0,0.0,0.0,0.0,0.0,260.0,-1510.0,4070.0,yonden
2017,7,2017-07-29,20:00,3890.0,880.0,3960.0,410.0,－－－－－－－－－－,10.0,0.0,0.0,0.0,0.0,260.0,-1630.0,3890.0,yonden
2017,7,2017-07-29,21:00,3640.0,880.0,3900.0,330.0,－－－－－－－－－－,10.0,0.0,0.0,0.0,0.0,150.0,-1630.0,3640.0,yonden
2017,7,2017-07-29,22:00,3360.0,880.0,3930.0,250.0,－－－－－－－－－－,10.0,0.0,0.0,0.0,0.0,40.0,-1750.0,3360.0,yonden
2017,7,2017-07-29,23:00,3150.0,880.0,3750.0,240.0,－－－－－－－－－－,10.0,0.0,0.0,0.0,0.0,0.0,-1730.0,3150.0,yonden
2017,7,2017-07-30,00:00,2890.0,880.0,3670.0,270.0,－－－－－－－－－－,10.0,0.0,0.0,10.0,0.0,0.0,-1950.0,2890.0,yonden
2017,7,2017-07-30,01:00,2730.0,880.0,3590.0,230.0,－－－－－－－－－－,10.0,0.0,0.0,0.0,0.0,-160.0,-1820.0,2730.0,yonden
2017,7,2017-07-30,02:00,2740.0,880.0,3620.0,260.0,－－－－－－－－－－,10.0,0.0,0.0,0.0,0.0,-300.0,-1730.0,2740.0,yonden
2017,7,2017-07-30,03:00,2840.0,880.0,3670.0,300.0,－－－－－－－－－－,10.0,0.0,0.0,0.0,0.0,-300.0,-1720.0,2840.0,yonden
2017,7,2017-07-30,04:00,2920.0,880.0,3670.0,280.0,－－－－－－－－－－,10.0,0.0,0.0,0.0,0.0,-300.0,-1620.0,2920.0,yonden
2017,7,2017-07-30,05:00,2960.0,880.0,3650.0,270.0,－－－－－－－－－－,10.0,30.0,0.0,0.0,0.0,-300.0,-1580.0,2960.0,yonden
2017,7,2017-07-30,06:00,2890.0,880.0,3600.0,280.0,－－－－－－－－－－,10.0,210.0,0.0,0.0,0.0,-300.0,-1790.0,2890.0,yonden
2017,7,2017-07-30,07:00,2850.0,880.0,3510.0,260.0,－－－－－－－－－－,10.0,430.0,0.0,0.0,0.0,-300.0,-1940.0,2850.0,yonden
2017,7,2017-07-30,08:00,3130.0,880.0,3550.0,240.0,－－－－－－－－－－,10.0,690.0,0.0,0.0,0.0,-300.0,-1940.0,3130.0,yonden
2017,7,2017-07-30,09:00,3440.0,880.0,3550.0,270.0,－－－－－－－－－－,10.0,980.0,0.0,0.0,0.0,-300.0,-1950.0,3440.0,yonden
2017,7,2017-07-30,10:00,3620.0,880.0,3590.0,250.0,－－－－－－－－－－,10.0,1180.0,0.0,0.0,0.0,-300.0,-1990.0,3620.0,yonden
2017,7,2017-07-30,11:00,3760.0,880.0,3670.0,310.0,－－－－－－－－－－,10.0,1250.0,0.0,0.0,0.0,-300.0,-2060.0,3760.0,yonden
2017,7,2017-07-30,12:00,3870.0,880.0,3750.0,260.0,－－－－－－－－－－,10.0,1250.0,0.0,0.0,0.0,-300.0,-1980.0,3870.0,yonden
2017,7,2017-07-30,13:00,3890.0,880.0,3780.0,220.0,－－－－－－－－－－,10.0,1140.0,0.0,0.0,0.0,-150.0,-1990.0,3890.0,yonden
2017,7,2017-07-30,14:00,3930.0,880.0,3970.0,240.0,－－－－－－－－－－,10.0,1050.0,0.0,0.0,0.0,0.0,-2220.0,3930.0,yonden
2017,7,2017-07-30,15:00,3970.0,880.0,4100.0,280.0,－－－－－－－－－－,10.0,880.0,0.0,0.0,0.0,20.0,-2200.0,3970.0,yonden
2017,7,2017-07-30,16:00,4030.0,880.0,4160.0,320.0,－－－－－－－－－－,10.0,620.0,0.0,0.0,0.0,150.0,-2110.0,4030.0,yonden
2017,7,2017-07-30,17:00,4080.0,880.0,4190.0,400.0,－－－－－－－－－－,10.0,330.0,0.0,0.0,0.0,200.0,-1930.0,4080.0,yonden
2017,7,2017-07-30,18:00,4020.0,880.0,4200.0,430.0,－－－－－－－－－－,10.0,80.0,0.0,10.0,0.0,230.0,-1820.0,4020.0,yonden
2017,7,2017-07-30,19:00,3980.0,880.0,4150.0,400.0,－－－－－－－－－－,10.0,0.0,0.0,30.0,0.0,260.0,-1750.0,3980.0,yonden
2017,7,2017-07-30,20:00,3820.0,880.0,4050.0,330.0,－－－－－－－－－－,10.0,0.0,0.0,30.0,0.0,260.0,-1740.0,3820.0,yonden
2017,7,2017-07-30,21:00,3590.0,880.0,3950.0,310.0,－－－－－－－－－－,10.0,0.0,0.0,30.0,0.0,50.0,-1640.0,3590.0,yonden
2017,7,2017-07-30,22:00,3300.0,880.0,3840.0,220.0,－－－－－－－－－－,10.0,0.0,0.0,30.0,0.0,0.0,-1680.0,3300.0,yonden
2017,7,2017-07-30,23:00,3090.0,880.0,3730.0,220.0,－－－－－－－－－－,10.0,0.0,0.0,30.0,0.0,-10.0,-1770.0,3090.0,yonden
2017,7,2017-07-31,00:00,2820.0,870.0,3620.0,210.0,－－－－－－－－－－,10.0,0.0,0.0,30.0,0.0,-290.0,-1630.0,2820.0,yonden
2017,7,2017-07-31,01:00,2660.0,880.0,3500.0,200.0,－－－－－－－－－－,10.0,0.0,0.0,20.0,0.0,-290.0,-1660.0,2660.0,yonden
2017,7,2017-07-31,02:00,2660.0,880.0,3590.0,200.0,－－－－－－－－－－,10.0,0.0,0.0,20.0,0.0,-290.0,-1750.0,2660.0,yonden
2017,7,2017-07-31,03:00,2760.0,870.0,3700.0,240.0,－－－－－－－－－－,10.0,0.0,0.0,10.0,0.0,-290.0,-1780.0,2760.0,yonden
2017,7,2017-07-31,04:00,2860.0,880.0,3700.0,240.0,－－－－－－－－－－,10.0,0.0,0.0,10.0,0.0,-290.0,-1690.0,2860.0,yonden
2017,7,2017-07-31,05:00,2980.0,880.0,3690.0,280.0,－－－－－－－－－－,10.0,30.0,0.0,10.0,0.0,-290.0,-1630.0,2980.0,yonden
2017,7,2017-07-31,06:00,3100.0,880.0,3870.0,290.0,－－－－－－－－－－,10.0,220.0,0.0,0.0,0.0,-290.0,-1880.0,3100.0,yonden
2017,7,2017-07-31,07:00,3400.0,880.0,3940.0,260.0,－－－－－－－－－－,10.0,480.0,0.0,0.0,0.0,-120.0,-2050.0,3400.0,yonden
2017,7,2017-07-31,08:00,4140.0,880.0,4350.0,330.0,－－－－－－－－－－,10.0,770.0,0.0,0.0,0.0,0.0,-2200.0,4140.0,yonden
2017,7,2017-07-31,09:00,4590.0,880.0,4600.0,350.0,－－－－－－－－－－,10.0,1020.0,0.0,0.0,0.0,0.0,-2270.0,4590.0,yonden
2017,7,2017-07-31,10:00,4760.0,880.0,4650.0,390.0,－－－－－－－－－－,10.0,1180.0,0.0,0.0,0.0,0.0,-2350.0,4760.0,yonden
2017,7,2017-07-31,11:00,4900.0,880.0,4720.0,400.0,－－－－－－－－－－,10.0,1260.0,0.0,0.0,0.0,0.0,-2370.0,4900.0,yonden
2017,7,2017-07-31,12:00,4830.0,880.0,4790.0,250.0,－－－－－－－－－－,10.0,1230.0,0.0,0.0,0.0,0.0,-2330.0,4830.0,yonden
2017,7,2017-07-31,13:00,5060.0,880.0,4860.0,350.0,－－－－－－－－－－,10.0,1200.0,0.0,20.0,0.0,40.0,-2300.0,5060.0,yonden
2017,7,2017-07-31,14:00,5140.0,880.0,4780.0,320.0,－－－－－－－－－－,10.0,1100.0,0.0,30.0,0.0,220.0,-2200.0,5140.0,yonden
2017,7,2017-07-31,15:00,5200.0,880.0,4900.0,460.0,－－－－－－－－－－,10.0,760.0,0.0,30.0,0.0,270.0,-2110.0,5200.0,yonden
2017,7,2017-07-31,16:00,5090.0,880.0,5110.0,560.0,－－－－－－－－－－,10.0,320.0,0.0,20.0,0.0,260.0,-2070.0,5090.0,yonden
2017,7,2017-07-31,17:00,4730.0,880.0,4830.0,630.0,－－－－－－－－－－,10.0,110.0,0.0,10.0,0.0,250.0,-1990.0,4730.0,yonden
2017,7,2017-07-31,18:00,4630.0,880.0,4750.0,650.0,－－－－－－－－－－,10.0,30.0,0.0,0.0,0.0,240.0,-1930.0,4630.0,yonden
2017,7,2017-07-31,19:00,4500.0,880.0,4720.0,610.0,－－－－－－－－－－,10.0,0.0,0.0,0.0,0.0,250.0,-1970.0,4500.0,yonden
2017,7,2017-07-31,20:00,4220.0,880.0,4640.0,480.0,－－－－－－－－－－,10.0,0.0,0.0,0.0,0.0,10.0,-1800.0,4220.0,yonden
2017,7,2017-07-31,21:00,3920.0,880.0,4340.0,470.0,－－－－－－－－－－,10.0,0.0,0.0,0.0,0.0,0.0,-1780.0,3920.0,yonden
2017,7,2017-07-31,22:00,3610.0,880.0,4050.0,440.0,－－－－－－－－－－,10.0,0.0,0.0,0.0,0.0,0.0,-1770.0,3610.0,yonden
2017,7,2017-07-31,23:00,3350.0,880.0,3900.0,420.0,－－－－－－－－－－,10.0,0.0,0.0,0.0,0.0,-130.0,-1730.0,3350.0,yonden
2017,8,2017-08-01,00:00,3060.0,880.0,3820.0,340.0,－－－－－－－－－－,10.0,0.0,0.0,0.0,0.0,-290.0,-1700.0,3060.0,yonden
2017,8,2017-08-01,01:00,2900.0,880.0,3650.0,340.0,－－－－－－－－－－,10.0,0.0,0.0,0.0,0.0,-290.0,-1690.0,2900.0,yonden
2017,8,2017-08-01,02:00,2880.0,880.0,3640.0,310.0,－－－－－－－－－－,10.0,0.0,0.0,0.0,0.0,-290.0,-1670.0,2880.0,yonden
2017,8,2017-08-01,03:00,2960.0,880.0,3610.0,360.0,－－－－－－－－－－,10.0,0.0,0.0,0.0,0.0,-290.0,-1610.0,2960.0,yonden
2017,8,2017-08-01,04:00,3050.0,880.0,3610.0,350.0,－－－－－－－－－－,10.0,0.0,0.0,0.0,0.0,-290.0,-1510.0,3050.0,yonden
2017,8,2017-08-01,05:00,3150.0,880.0,3620.0,310.0,－－－－－－－－－－,10.0,20.0,0.0,0.0,0.0,-290.0,-1400.0,3150.0,yonden
2017,8,2017-08-01,06:00,3250.0,870.0,3610.0,310.0,－－－－－－－－－－,10.0,230.0,0.0,0.0,0.0,-290.0,-1490.0,3250.0,yonden
2017,8,2017-08-01,07:00,3480.0,880.0,3770.0,320.0,－－－－－－－－－－,10.0,500.0,0.0,0.0,0.0,-290.0,-1710.0,3480.0,yonden
2017,8,2017-08-01,08:00,4150.0,880.0,3960.0,400.0,－－－－－－－－－－,10.0,790.0,0.0,0.0,0.0,-50.0,-1840.0,4150.0,yonden
2017,8,2017-08-01,09:00,4600.0,880.0,4210.0,430.0,－－－－－－－－－－,10.0,1010.0,0.0,0.0,0.0,0.0,-1940.0,4600.0,yonden
2017,8,2017-08-01,10:00,4780.0,880.0,4320.0,520.0,－－－－－－－－－－,10.0,1230.0,0.0,10.0,0.0,0.0,-2190.0,4780.0,yonden
2017,8,2017-08-01,11:00,4970.0,880.0,4470.0,510.0,－－－－－－－－－－,10.0,1310.0,0.0,10.0,0.0,0.0,-2220.0,4970.0,yonden
2017,8,2017-08-01,12:00,4850.0,880.0,4420.0,340.0,－－－－－－－－－－,10.0,1330.0,0.0,10.0,0.0,0.0,-2140.0,4850.0,yonden
2017,8,2017-08-01,13:00,5110.0,880.0,4660.0,460.0,－－－－－－－－－－,10.0,1170.0,0.0,10.0,0.0,130.0,-2210.0,5110.0,yonden
2017,8,2017-08-01,14:00,5090.0,880.0,4630.0,520.0,－－－－－－－－－－,10.0,1000.0,0.0,10.0,0.0,240.0,-2200.0,5090.0,yonden
2017,8,2017-08-01,15:00,5090.0,880.0,4500.0,580.0,－－－－－－－－－－,10.0,860.0,0.0,10.0,0.0,270.0,-2020.0,5090.0,yonden
2017,8,2017-08-01,16:00,5090.0,880.0,4490.0,660.0,－－－－－－－－－－,10.0,650.0,0.0,10.0,0.0,260.0,-1870.0,5090.0,yonden
2017,8,2017-08-01,17:00,4930.0,880.0,4630.0,610.0,－－－－－－－－－－,10.0,350.0,0.0,10.0,0.0,260.0,-1820.0,4930.0,yonden
2017,8,2017-08-01,18:00,4740.0,880.0,4660.0,590.0,－－－－－－－－－－,10.0,80.0,0.0,20.0,0.0,260.0,-1760.0,4740.0,yonden
2017,8,2017-08-01,19:00,4540.0,880.0,4610.0,510.0,－－－－－－－－－－,10.0,0.0,0.0,20.0,0.0,260.0,-1750.0,4540.0,yonden
2017,8,2017-08-01,20:00,4280.0,880.0,4360.0,360.0,－－－－－－－－－－,10.0,0.0,0.0,10.0,0.0,260.0,-1600.0,4280.0,yonden
2017,8,2017-08-01,21:00,3950.0,880.0,4170.0,330.0,－－－－－－－－－－,10.0,0.0,0.0,10.0,0.0,130.0,-1580.0,3950.0,yonden
2017,8,2017-08-01,22:00,3590.0,880.0,4000.0,360.0,－－－－－－－－－－,10.0,0.0,0.0,10.0,0.0,0.0,-1670.0,3590.0,yonden
2017,8,2017-08-01,23:00,3310.0,880.0,3680.0,340.0,－－－－－－－－－－,10.0,0.0,0.0,20.0,0.0,-50.0,-1570.0,3310.0,yonden
2017,8,2017-08-02,00:00,3000.0,870.0,3580.0,230.0,－－－－－－－－－－,10.0,0.0,0.0,30.0,0.0,-290.0,-1430.0,3000.0,yonden
2017,8,2017-08-02,01:00,2820.0,880.0,3510.0,210.0,－－－－－－－－－－,10.0,0.0,0.0,30.0,0.0,-290.0,-1530.0,2820.0,yonden
2017,8,2017-08-02,02:00,2790.0,870.0,3450.0,230.0,－－－－－－－－－－,10.0,0.0,0.0,30.0,0.0,-290.0,-1510.0,2790.0,yonden
2017,8,2017-08-02,03:00,2860.0,870.0,3600.0,300.0,－－－－－－－－－－,10.0,0.0,0.0,30.0,0.0,-290.0,-1660.0,2860.0,yonden
2017,8,2017-08-02,04:00,2950.0,880.0,3650.0,250.0,－－－－－－－－－－,10.0,0.0,0.0,20.0,0.0,-290.0,-1570.0,2950.0,yonden
2017,8,2017-08-02,05:00,3050.0,870.0,3620.0,240.0,－－－－－－－－－－,10.0,20.0,0.0,40.0,0.0,-290.0,-1460.0,3050.0,yonden
2017,8,2017-08-02,06:00,3130.0,880.0,3660.0,250.0,－－－－－－－－－－,10.0,200.0,0.0,40.0,0.0,-290.0,-1620.0,3130.0,yonden
2017,8,2017-08-02,07:00,3330.0,880.0,3830.0,250.0,－－－－－－－－－－,10.0,490.0,0.0,30.0,0.0,-290.0,-1870.0,3330.0,yonden
2017,8,2017-08-02,08:00,4020.0,880.0,4080.0,310.0,－－－－－－－－－－,10.0,860.0,0.0,30.0,0.0,0.0,-2150.0,4020.0,yonden
2017,8,2017-08-02,09:00,4430.0,880.0,4310.0,430.0,－－－－－－－－－－,10.0,1110.0,0.0,40.0,0.0,0.0,-2350.0,4430.0,yonden
2017,8,2017-08-02,10:00,4590.0,880.0,4350.0,410.0,－－－－－－－－－－,10.0,1320.0,0.0,40.0,0.0,0.0,-2420.0,4590.0,yonden
2017,8,2017-08-02,11:00,4720.0,880.0,4340.0,460.0,－－－－－－－－－－,10.0,1420.0,0.0,30.0,0.0,0.0,-2420.0,4720.0,yonden
2017,8,2017-08-02,12:00,4620.0,880.0,4300.0,310.0,－－－－－－－－－－,10.0,1430.0,0.0,30.0,0.0,0.0,-2340.0,4620.0,yonden
2017,8,2017-08-02,13:00,4880.0,880.0,4390.0,360.0,－－－－－－－－－－,10.0,1360.0,0.0,30.0,0.0,120.0,-2270.0,4880.0,yonden
2017,8,2017-08-02,14:00,4920.0,880.0,4430.0,360.0,－－－－－－－－－－,10.0,1200.0,0.0,30.0,0.0,220.0,-2210.0,4920.0,yonden
2017,8,2017-08-02,15:00,4900.0,880.0,4580.0,450.0,－－－－－－－－－－,10.0,920.0,0.0,20.0,0.0,240.0,-2200.0,4900.0,yonden
2017,8,2017-08-02,16:00,4900.0,880.0,4520.0,530.0,－－－－－－－－－－,10.0,650.0,0.0,10.0,0.0,240.0,-1940.0,4900.0,yonden
2017,8,2017-08-02,17:00,4700.0,880.0,4650.0,560.0,－－－－－－－－－－,10.0,290.0,0.0,0.0,0.0,240.0,-1930.0,4700.0,yonden
2017,8,2017-08-02,18:00,4510.0,880.0,4770.0,580.0,－－－－－－－－－－,10.0,50.0,0.0,0.0,0.0,240.0,-2020.0,4510.0,yonden
2017,8,2017-08-02,19:00,4390.0,880.0,4720.0,510.0,－－－－－－－－－－,10.0,0.0,0.0,0.0,0.0,230.0,-1960.0,4390.0,yonden
2017,8,2017-08-02,20:00,4120.0,880.0,4340.0,370.0,－－－－－－－－－－,10.0,0.0,0.0,10.0,0.0,260.0,-1750.0,4120.0,yonden
2017,8,2017-08-02,21:00,3810.0,880.0,4110.0,300.0,－－－－－－－－－－,10.0,0.0,0.0,10.0,0.0,140.0,-1640.0,3810.0,yonden
2017,8,2017-08-02,22:00,3520.0,880.0,3990.0,270.0,－－－－－－－－－－,10.0,0.0,0.0,10.0,0.0,0.0,-1640.0,3520.0,yonden
2017,8,2017-08-02,23:00,3280.0,880.0,3800.0,250.0,－－－－－－－－－－,10.0,0.0,0.0,10.0,0.0,-150.0,-1520.0,3280.0,yonden
2017,8,2017-08-03,00:00,2990.0,880.0,3780.0,260.0,－－－－－－－－－－,10.0,0.0,0.0,10.0,0.0,-290.0,-1660.0,2990.0,yonden
2017,8,2017-08-03,01:00,2840.0,880.0,3780.0,200.0,－－－－－－－－－－,10.0,0.0,0.0,10.0,0.0,-290.0,-1750.0,2840.0,yonden
2017,8,2017-08-03,02:00,2820.0,880.0,3770.0,190.0,－－－－－－－－－－,10.0,0.0,0.0,10.0,0.0,-290.0,-1750.0,2820.0,yonden
2017,8,2017-08-03,03:00,2890.0,880.0,3750.0,250.0,－－－－－－－－－－,10.0,0.0,0.0,10.0,0.0,-290.0,-1720.0,2890.0,yonden
2017,8,2017-08-03,04:00,2980.0,880.0,3740.0,250.0,－－－－－－－－－－,10.0,0.0,0.0,10.0,0.0,-290.0,-1620.0,2980.0,yonden
2017,8,2017-08-03,05:00,3090.0,880.0,3750.0,260.0,－－－－－－－－－－,10.0,20.0,0.0,20.0,0.0,-290.0,-1560.0,3090.0,yonden
2017,8,2017-08-03,06:00,3160.0,880.0,3720.0,240.0,－－－－－－－－－－,10.0,200.0,0.0,20.0,0.0,-290.0,-1620.0,3160.0,yonden
2017,8,2017-08-03,07:00,3370.0,880.0,3820.0,270.0,－－－－－－－－－－,10.0,440.0,0.0,20.0,0.0,-290.0,-1780.0,3370.0,yonden
2017,8,2017-08-03,08:00,4040.0,880.0,4090.0,300.0,－－－－－－－－－－,10.0,700.0,0.0,10.0,0.0,0.0,-1950.0,4040.0,yonden
2017,8,2017-08-03,09:00,4440.0,880.0,4360.0,390.0,－－－－－－－－－－,10.0,920.0,0.0,10.0,0.0,0.0,-2130.0,4440.0,yonden
2017,8,2017-08-03,10:00,4560.0,880.0,4630.0,490.0,－－－－－－－－－－,10.0,900.0,0.0,10.0,0.0,0.0,-2360.0,4560.0,yonden
2017,8,2017-08-03,11:00,4670.0,880.0,4690.0,490.0,－－－－－－－－－－,10.0,1000.0,0.0,10.0,0.0,0.0,-2410.0,4670.0,yonden
2017,8,2017-08-03,12:00,4560.0,880.0,4550.0,310.0,－－－－－－－－－－,10.0,1090.0,0.0,10.0,0.0,0.0,-2290.0,4560.0,yonden
2017,8,2017-08-03,13:00,4780.0,880.0,4640.0,380.0,－－－－－－－－－－,10.0,1020.0,0.0,10.0,0.0,120.0,-2280.0,4780.0,yonden
2017,8,2017-08-03,14:00,4840.0,880.0,4630.0,410.0,－－－－－－－－－－,10.0,960.0,0.0,10.0,0.0,240.0,-2300.0,4840.0,yonden
2017,8,2017-08-03,15:00,4840.0,880.0,4650.0,460.0,－－－－－－－－－－,10.0,790.0,0.0,20.0,0.0,240.0,-2210.0,4840.0,yonden
2017,8,2017-08-03,16:00,4860.0,880.0,4680.0,570.0,－－－－－－－－－－,10.0,490.0,0.0,20.0,0.0,270.0,-2060.0,4860.0,yonden
2017,8,2017-08-03,17:00,4630.0,880.0,4760.0,580.0,－－－－－－－－－－,10.0,200.0,0.0,20.0,0.0,230.0,-2050.0,4630.0,yonden
2017,8,2017-08-03,18:00,4500.0,880.0,4720.0,580.0,－－－－－－－－－－,10.0,50.0,0.0,20.0,0.0,270.0,-2030.0,4500.0,yonden
2017,8,2017-08-03,19:00,4360.0,880.0,4680.0,550.0,－－－－－－－－－－,10.0,0.0,0.0,30.0,0.0,250.0,-2040.0,4360.0,yonden
2017,8,2017-08-03,20:00,4100.0,880.0,4420.0,410.0,－－－－－－－－－－,10.0,0.0,0.0,30.0,0.0,240.0,-1890.0,4100.0,yonden
2017,8,2017-08-03,21:00,3800.0,880.0,4060.0,340.0,－－－－－－－－－－,10.0,0.0,0.0,30.0,0.0,130.0,-1650.0,3800.0,yonden
2017,8,2017-08-03,22:00,3510.0,880.0,3780.0,290.0,－－－－－－－－－－,10.0,0.0,0.0,40.0,0.0,0.0,-1490.0,3510.0,yonden
2017,8,2017-08-03,23:00,3290.0,870.0,3770.0,280.0,－－－－－－－－－－,10.0,0.0,0.0,40.0,0.0,-100.0,-1580.0,3290.0,yonden
2017,8,2017-08-04,00:00,3020.0,870.0,3760.0,270.0,－－－－－－－－－－,10.0,0.0,0.0,40.0,0.0,-300.0,-1630.0,3020.0,yonden
2017,8,2017-08-04,01:00,2860.0,880.0,3720.0,260.0,－－－－－－－－－－,10.0,0.0,0.0,40.0,0.0,-290.0,-1760.0,2860.0,yonden
2017,8,2017-08-04,02:00,2870.0,870.0,3740.0,280.0,－－－－－－－－－－,10.0,0.0,0.0,40.0,0.0,-290.0,-1780.0,2870.0,yonden
2017,8,2017-08-04,03:00,2960.0,870.0,3770.0,340.0,－－－－－－－－－－,10.0,0.0,0.0,40.0,0.0,-290.0,-1780.0,2960.0,yonden
2017,8,2017-08-04,04:00,3060.0,880.0,3780.0,310.0,－－－－－－－－－－,10.0,0.0,0.0,30.0,0.0,-290.0,-1660.0,3060.0,yonden
2017,8,2017-08-04,05:00,3180.0,880.0,3820.0,270.0,－－－－－－－－－－,10.0,20.0,0.0,30.0,0.0,-290.0,-1560.0,3180.0,yonden
2017,8,2017-08-04,06:00,3250.0,870.0,3840.0,290.0,－－－－－－－－－－,10.0,180.0,0.0,30.0,0.0,-290.0,-1680.0,3250.0,yonden
2017,8,2017-08-04,07:00,3460.0,880.0,3890.0,360.0,－－－－－－－－－－,10.0,380.0,0.0,30.0,0.0,-150.0,-1940.0,3460.0,yonden
2017,8,2017-08-04,08:00,4130.0,880.0,4330.0,410.0,－－－－－－－－－－,10.0,630.0,0.0,20.0,0.0,0.0,-2150.0,4130.0,yonden
2017,8,2017-08-04,09:00,4550.0,870.0,4430.0,480.0,－－－－－－－－－－,10.0,890.0,0.0,20.0,0.0,210.0,-2360.0,4550.0,yonden
2017,8,2017-08-04,10:00,4740.0,870.0,4540.0,520.0,－－－－－－－－－－,10.0,1000.0,0.0,20.0,0.0,240.0,-2460.0,4740.0,yonden
2017,8,2017-08-04,11:00,4860.0,870.0,4510.0,540.0,－－－－－－－－－－,10.0,1020.0,0.0,20.0,0.0,240.0,-2350.0,4860.0,yonden
2017,8,2017-08-04,12:00,4740.0,870.0,4500.0,400.0,－－－－－－－－－－,10.0,1040.0,0.0,30.0,0.0,140.0,-2250.0,4740.0,yonden
2017,8,2017-08-04,13:00,4950.0,880.0,4680.0,470.0,－－－－－－－－－－,10.0,930.0,0.0,30.0,0.0,220.0,-2270.0,4950.0,yonden
2017,8,2017-08-04,14:00,4950.0,880.0,4620.0,530.0,－－－－－－－－－－,10.0,850.0,0.0,30.0,0.0,240.0,-2210.0,4950.0,yonden
2017,8,2017-08-04,15:00,4930.0,880.0,4830.0,550.0,－－－－－－－－－－,10.0,620.0,0.0,30.0,0.0,240.0,-2230.0,4930.0,yonden
2017,8,2017-08-04,16:00,4870.0,880.0,4910.0,540.0,－－－－－－－－－－,10.0,460.0,0.0,20.0,0.0,230.0,-2180.0,4870.0,yonden
2017,8,2017-08-04,17:00,4680.0,880.0,4910.0,560.0,－－－－－－－－－－,10.0,220.0,0.0,30.0,0.0,230.0,-2160.0,4680.0,yonden
2017,8,2017-08-04,18:00,4540.0,880.0,4920.0,550.0,－－－－－－－－－－,10.0,50.0,0.0,40.0,0.0,250.0,-2160.0,4540.0,yonden
2017,8,2017-08-04,19:00,4390.0,880.0,4840.0,520.0,－－－－－－－－－－,10.0,0.0,0.0,40.0,0.0,300.0,-2200.0,4390.0,yonden
2017,8,2017-08-04,20:00,4160.0,880.0,4680.0,450.0,－－－－－－－－－－,10.0,0.0,0.0,40.0,0.0,220.0,-2120.0,4160.0,yonden
2017,8,2017-08-04,21:00,3860.0,880.0,4390.0,410.0,－－－－－－－－－－,10.0,0.0,0.0,40.0,0.0,0.0,-1870.0,3860.0,yonden
2017,8,2017-08-04,22:00,3560.0,870.0,3900.0,420.0,－－－－－－－－－－,10.0,0.0,0.0,50.0,0.0,0.0,-1690.0,3560.0,yonden
2017,8,2017-08-04,23:00,3340.0,870.0,3730.0,410.0,－－－－－－－－－－,10.0,0.0,0.0,40.0,0.0,0.0,-1720.0,3340.0,yonden
2017,8,2017-08-05,00:00,3060.0,870.0,3670.0,490.0,－－－－－－－－－－,10.0,0.0,0.0,40.0,0.0,0.0,-2020.0,3060.0,yonden
2017,8,2017-08-05,01:00,2890.0,880.0,3630.0,420.0,－－－－－－－－－－,10.0,0.0,0.0,40.0,0.0,-150.0,-1940.0,2890.0,yonden
2017,8,2017-08-05,02:00,2880.0,880.0,3650.0,440.0,－－－－－－－－－－,10.0,0.0,0.0,40.0,0.0,-300.0,-1840.0,2880.0,yonden
2017,8,2017-08-05,03:00,2940.0,880.0,3630.0,480.0,－－－－－－－－－－,10.0,0.0,0.0,40.0,0.0,-300.0,-1800.0,2940.0,yonden
2017,8,2017-08-05,04:00,3020.0,880.0,3570.0,520.0,－－－－－－－－－－,10.0,0.0,0.0,40.0,0.0,-300.0,-1700.0,3020.0,yonden
2017,8,2017-08-05,05:00,3090.0,880.0,3600.0,500.0,－－－－－－－－－－,10.0,20.0,0.0,40.0,0.0,-300.0,-1660.0,3090.0,yonden
2017,8,2017-08-05,06:00,3090.0,880.0,3650.0,420.0,－－－－－－－－－－,10.0,200.0,0.0,40.0,0.0,-300.0,-1810.0,3090.0,yonden
2017,8,2017-08-05,07:00,3210.0,880.0,3630.0,430.0,－－－－－－－－－－,10.0,430.0,0.0,30.0,0.0,-300.0,-1900.0,3210.0,yonden
2017,8,2017-08-05,08:00,3750.0,880.0,3660.0,470.0,－－－－－－－－－－,10.0,710.0,0.0,40.0,0.0,-160.0,-1860.0,3750.0,yonden
2017,8,2017-08-05,09:00,4120.0,880.0,3720.0,520.0,－－－－－－－－－－,10.0,930.0,0.0,40.0,0.0,0.0,-1980.0,4120.0,yonden
2017,8,2017-08-05,10:00,4260.0,880.0,3800.0,560.0,－－－－－－－－－－,10.0,1080.0,0.0,40.0,0.0,0.0,-2110.0,4260.0,yonden
2017,8,2017-08-05,11:00,4440.0,870.0,3840.0,580.0,－－－－－－－－－－,10.0,1210.0,0.0,50.0,0.0,0.0,-2120.0,4440.0,yonden
2017,8,2017-08-05,12:00,4420.0,870.0,3800.0,490.0,－－－－－－－－－－,10.0,1230.0,0.0,60.0,0.0,0.0,-2040.0,4420.0,yonden
2017,8,2017-08-05,13:00,4560.0,870.0,3810.0,500.0,－－－－－－－－－－,10.0,1120.0,0.0,70.0,0.0,0.0,-1820.0,4560.0,yonden
2017,8,2017-08-05,14:00,4570.0,880.0,3820.0,490.0,－－－－－－－－－－,10.0,930.0,0.0,90.0,0.0,70.0,-1720.0,4570.0,yonden
2017,8,2017-08-05,15:00,4540.0,880.0,3830.0,530.0,－－－－－－－－－－,10.0,720.0,0.0,70.0,0.0,170.0,-1670.0,4540.0,yonden
2017,8,2017-08-05,16:00,4470.0,880.0,3810.0,520.0,－－－－－－－－－－,10.0,500.0,0.0,60.0,0.0,230.0,-1540.0,4470.0,yonden
2017,8,2017-08-05,17:00,4330.0,880.0,3790.0,570.0,－－－－－－－－－－,10.0,280.0,0.0,70.0,0.0,260.0,-1530.0,4330.0,yonden
2017,8,2017-08-05,18:00,4180.0,880.0,3840.0,610.0,－－－－－－－－－－,10.0,60.0,0.0,60.0,0.0,290.0,-1570.0,4180.0,yonden
2017,8,2017-08-05,19:00,4070.0,880.0,3820.0,610.0,－－－－－－－－－－,10.0,0.0,0.0,60.0,0.0,290.0,-1600.0,4070.0,yonden
2017,8,2017-08-05,20:00,3880.0,880.0,3800.0,580.0,－－－－－－－－－－,10.0,0.0,0.0,60.0,0.0,270.0,-1720.0,3880.0,yonden
2017,8,2017-08-05,21:00,3650.0,880.0,3810.0,500.0,－－－－－－－－－－,10.0,0.0,0.0,70.0,0.0,30.0,-1650.0,3650.0,yonden
2017,8,2017-08-05,22:00,3400.0,880.0,3750.0,520.0,－－－－－－－－－－,10.0,0.0,0.0,70.0,0.0,0.0,-1830.0,3400.0,yonden
2017,8,2017-08-05,23:00,3200.0,870.0,3660.0,540.0,－－－－－－－－－－,10.0,0.0,0.0,70.0,0.0,0.0,-1950.0,3200.0,yonden
2017,8,2017-08-06,00:00,2960.0,870.0,3560.0,590.0,－－－－－－－－－－,10.0,0.0,0.0,70.0,0.0,0.0,-2140.0,2960.0,yonden
2017,8,2017-08-06,01:00,2800.0,880.0,3540.0,560.0,－－－－－－－－－－,10.0,0.0,0.0,70.0,0.0,-150.0,-2110.0,2800.0,yonden
2017,8,2017-08-06,02:00,2790.0,870.0,3600.0,550.0,－－－－－－－－－－,10.0,0.0,0.0,70.0,0.0,-300.0,-2010.0,2790.0,yonden
2017,8,2017-08-06,03:00,2840.0,870.0,3560.0,620.0,－－－－－－－－－－,10.0,0.0,0.0,70.0,0.0,-300.0,-1990.0,2840.0,yonden
2017,8,2017-08-06,04:00,2910.0,880.0,3490.0,620.0,－－－－－－－－－－,10.0,0.0,0.0,80.0,0.0,-300.0,-1870.0,2910.0,yonden
2017,8,2017-08-06,05:00,2950.0,880.0,3480.0,600.0,－－－－－－－－－－,10.0,20.0,0.0,80.0,0.0,-300.0,-1820.0,2950.0,yonden
2017,8,2017-08-06,06:00,2890.0,880.0,3500.0,560.0,－－－－－－－－－－,10.0,190.0,0.0,80.0,0.0,-300.0,-2030.0,2890.0,yonden
2017,8,2017-08-06,07:00,2900.0,880.0,3470.0,540.0,－－－－－－－－－－,10.0,450.0,0.0,80.0,0.0,-300.0,-2230.0,2900.0,yonden
2017,8,2017-08-06,08:00,3210.0,880.0,3570.0,520.0,－－－－－－－－－－,10.0,720.0,0.0,80.0,0.0,-300.0,-2270.0,3210.0,yonden
2017,8,2017-08-06,09:00,3520.0,880.0,3700.0,600.0,－－－－－－－－－－,10.0,860.0,0.0,80.0,0.0,-290.0,-2320.0,3520.0,yonden
2017,8,2017-08-06,10:00,3670.0,880.0,3580.0,580.0,－－－－－－－－－－,10.0,920.0,0.0,80.0,0.0,-80.0,-2300.0,3670.0,yonden
2017,8,2017-08-06,11:00,3740.0,880.0,3520.0,590.0,－－－－－－－－－－,10.0,980.0,0.0,100.0,0.0,0.0,-2340.0,3740.0,yonden
2017,8,2017-08-06,12:00,3830.0,880.0,3440.0,670.0,－－－－－－－－－－,10.0,1020.0,0.0,100.0,0.0,0.0,-2290.0,3830.0,yonden
2017,8,2017-08-06,13:00,3830.0,880.0,3590.0,690.0,－－－－－－－－－－,10.0,870.0,0.0,80.0,0.0,0.0,-2290.0,3830.0,yonden
2017,8,2017-08-06,14:00,3780.0,880.0,3670.0,690.0,－－－－－－－－－－,10.0,770.0,0.0,70.0,0.0,0.0,-2310.0,3780.0,yonden
2017,8,2017-08-06,15:00,3760.0,880.0,3740.0,680.0,－－－－－－－－－－,0.0,470.0,0.0,60.0,0.0,0.0,-2070.0,3760.0,yonden
2017,8,2017-08-06,16:00,3670.0,880.0,3720.0,720.0,－－－－－－－－－－,0.0,250.0,0.0,50.0,0.0,0.0,-1950.0,3670.0,yonden
2017,8,2017-08-06,17:00,3630.0,880.0,3670.0,760.0,－－－－－－－－－－,0.0,100.0,0.0,50.0,0.0,0.0,-1830.0,3630.0,yonden
2017,8,2017-08-06,18:00,3630.0,880.0,3720.0,780.0,－－－－－－－－－－,0.0,20.0,0.0,50.0,0.0,0.0,-1820.0,3630.0,yonden
2017,8,2017-08-06,19:00,3580.0,880.0,3730.0,770.0,－－－－－－－－－－,0.0,0.0,0.0,50.0,0.0,0.0,-1850.0,3580.0,yonden
2017,8,2017-08-06,20:00,3460.0,880.0,3690.0,750.0,－－－－－－－－－－,0.0,0.0,0.0,40.0,0.0,0.0,-1900.0,3460.0,yonden
2017,8,2017-08-06,21:00,3290.0,880.0,3690.0,740.0,－－－－－－－－－－,0.0,0.0,0.0,50.0,0.0,0.0,-2070.0,3290.0,yonden
2017,8,2017-08-06,22:00,3070.0,880.0,3640.0,750.0,－－－－－－－－－－,0.0,0.0,0.0,50.0,0.0,0.0,-2250.0,3070.0,yonden
2017,8,2017-08-06,23:00,2920.0,880.0,3540.0,750.0,－－－－－－－－－－,0.0,0.0,0.0,50.0,0.0,0.0,-2300.0,2920.0,yonden
2017,8,2017-08-07,00:00,2730.0,880.0,3460.0,730.0,－－－－－－－－－－,0.0,0.0,0.0,60.0,0.0,0.0,-2400.0,2730.0,yonden
2017,8,2017-08-07,01:00,2630.0,880.0,3480.0,740.0,－－－－－－－－－－,0.0,0.0,0.0,60.0,0.0,-150.0,-2380.0,2630.0,yonden
2017,8,2017-08-07,02:00,2660.0,880.0,3660.0,720.0,－－－－－－－－－－,0.0,0.0,0.0,50.0,0.0,-300.0,-2350.0,2660.0,yonden
2017,8,2017-08-07,03:00,2770.0,880.0,3820.0,670.0,－－－－－－－－－－,0.0,0.0,0.0,50.0,0.0,-300.0,-2350.0,2770.0,yonden
2017,8,2017-08-07,04:00,2890.0,880.0,3930.0,660.0,－－－－－－－－－－,0.0,0.0,0.0,50.0,0.0,-300.0,-2330.0,2890.0,yonden
2017,8,2017-08-07,05:00,3000.0,880.0,3840.0,640.0,－－－－－－－－－－,0.0,20.0,0.0,60.0,0.0,-150.0,-2290.0,3000.0,yonden
2017,8,2017-08-07,06:00,3050.0,880.0,3870.0,610.0,－－－－－－－－－－,0.0,50.0,0.0,60.0,0.0,-10.0,-2410.0,3050.0,yonden
2017,8,2017-08-07,07:00,3250.0,880.0,4100.0,570.0,－－－－－－－－－－,0.0,70.0,0.0,60.0,0.0,-10.0,-2420.0,3250.0,yonden
2017,8,2017-08-07,08:00,3790.0,880.0,4300.0,550.0,－－－－－－－－－－,0.0,90.0,0.0,60.0,0.0,-10.0,-2080.0,3790.0,yonden
2017,8,2017-08-07,09:00,4050.0,880.0,4360.0,560.0,－－－－－－－－－－,10.0,140.0,0.0,60.0,0.0,0.0,-1960.0,4050.0,yonden
2017,8,2017-08-07,10:00,4120.0,880.0,4350.0,590.0,－－－－－－－－－－,10.0,160.0,0.0,70.0,0.0,0.0,-1940.0,4120.0,yonden
2017,8,2017-08-07,11:00,4150.0,880.0,4460.0,600.0,－－－－－－－－－－,10.0,180.0,0.0,70.0,0.0,0.0,-2050.0,4150.0,yonden
2017,8,2017-08-07,12:00,3960.0,880.0,4320.0,600.0,－－－－－－－－－－,10.0,190.0,0.0,80.0,0.0,0.0,-2120.0,3960.0,yonden
2017,8,2017-08-07,13:00,4020.0,880.0,4220.0,620.0,－－－－－－－－－－,10.0,190.0,0.0,80.0,0.0,0.0,-1980.0,4020.0,yonden
2017,8,2017-08-07,14:00,3970.0,880.0,4060.0,630.0,－－－－－－－－－－,10.0,220.0,0.0,100.0,0.0,0.0,-1930.0,3970.0,yonden
2017,8,2017-08-07,15:00,3920.0,880.0,3970.0,640.0,－－－－－－－－－－,10.0,230.0,0.0,100.0,0.0,0.0,-1910.0,3920.0,yonden
2017,8,2017-08-07,16:00,3920.0,880.0,4120.0,630.0,－－－－－－－－－－,10.0,150.0,0.0,90.0,0.0,0.0,-1960.0,3920.0,yonden
2017,8,2017-08-07,17:00,3820.0,880.0,4230.0,640.0,－－－－－－－－－－,10.0,100.0,0.0,90.0,0.0,0.0,-2130.0,3820.0,yonden
2017,8,2017-08-07,18:00,3820.0,880.0,4290.0,660.0,－－－－－－－－－－,10.0,30.0,0.0,90.0,0.0,0.0,-2140.0,3820.0,yonden
2017,8,2017-08-07,19:00,3730.0,880.0,4110.0,650.0,－－－－－－－－－－,10.0,0.0,0.0,90.0,0.0,0.0,-2010.0,3730.0,yonden
2017,8,2017-08-07,20:00,3530.0,880.0,3920.0,650.0,－－－－－－－－－－,10.0,0.0,0.0,90.0,0.0,0.0,-2020.0,3530.0,yonden
2017,8,2017-08-07,21:00,3290.0,870.0,3670.0,650.0,－－－－－－－－－－,10.0,0.0,0.0,80.0,0.0,0.0,-1990.0,3290.0,yonden
2017,8,2017-08-07,22:00,3050.0,880.0,3570.0,660.0,－－－－－－－－－－,10.0,0.0,0.0,70.0,0.0,0.0,-2140.0,3050.0,yonden
2017,8,2017-08-07,23:00,2910.0,880.0,3620.0,660.0,－－－－－－－－－－,10.0,0.0,0.0,80.0,0.0,0.0,-2340.0,2910.0,yonden
2017,8,2017-08-08,00:00,2710.0,870.0,3540.0,660.0,－－－－－－－－－－,10.0,0.0,0.0,70.0,0.0,0.0,-2440.0,2710.0,yonden
2017,8,2017-08-08,01:00,2630.0,880.0,3440.0,670.0,－－－－－－－－－－,10.0,0.0,0.0,60.0,0.0,0.0,-2430.0,2630.0,yonden
2017,8,2017-08-08,02:00,2680.0,870.0,3500.0,660.0,－－－－－－－－－－,10.0,0.0,0.0,50.0,0.0,0.0,-2410.0,2680.0,yonden
2017,8,2017-08-08,03:00,2810.0,870.0,3550.0,670.0,－－－－－－－－－－,10.0,0.0,0.0,40.0,0.0,0.0,-2330.0,2810.0,yonden
2017,8,2017-08-08,04:00,2930.0,880.0,3520.0,680.0,－－－－－－－－－－,10.0,0.0,0.0,30.0,0.0,0.0,-2190.0,2930.0,yonden
2017,8,2017-08-08,05:00,3000.0,880.0,3490.0,670.0,－－－－－－－－－－,10.0,20.0,0.0,20.0,0.0,0.0,-2090.0,3000.0,yonden
2017,8,2017-08-08,06:00,3030.0,880.0,3490.0,670.0,－－－－－－－－－－,10.0,200.0,0.0,20.0,0.0,0.0,-2240.0,3030.0,yonden
2017,8,2017-08-08,07:00,3190.0,880.0,3570.0,670.0,－－－－－－－－－－,10.0,460.0,0.0,20.0,0.0,0.0,-2420.0,3190.0,yonden
2017,8,2017-08-08,08:00,3820.0,880.0,3860.0,690.0,－－－－－－－－－－,10.0,760.0,0.0,10.0,0.0,0.0,-2390.0,3820.0,yonden
2017,8,2017-08-08,09:00,4240.0,880.0,4130.0,710.0,－－－－－－－－－－,10.0,980.0,0.0,10.0,0.0,0.0,-2480.0,4240.0,yonden
2017,8,2017-08-08,10:00,4430.0,880.0,4100.0,710.0,－－－－－－－－－－,10.0,1180.0,0.0,20.0,0.0,0.0,-2470.0,4430.0,yonden
2017,8,2017-08-08,11:00,4580.0,880.0,4110.0,730.0,－－－－－－－－－－,10.0,1310.0,0.0,10.0,0.0,0.0,-2470.0,4580.0,yonden
2017,8,2017-08-08,12:00,4500.0,870.0,4040.0,700.0,－－－－－－－－－－,10.0,1340.0,0.0,20.0,0.0,0.0,-2480.0,4500.0,yonden
2017,8,2017-08-08,13:00,4770.0,880.0,4300.0,730.0,－－－－－－－－－－,10.0,1310.0,0.0,20.0,0.0,0.0,-2480.0,4770.0,yonden
2017,8,2017-08-08,14:00,4860.0,880.0,4350.0,740.0,－－－－－－－－－－,10.0,1210.0,0.0,20.0,0.0,110.0,-2460.0,4860.0,yonden
2017,8,2017-08-08,15:00,4870.0,880.0,4270.0,760.0,－－－－－－－－－－,10.0,960.0,0.0,20.0,0.0,250.0,-2280.0,4870.0,yonden
2017,8,2017-08-08,16:00,4790.0,880.0,4460.0,770.0,－－－－－－－－－－,10.0,530.0,0.0,20.0,0.0,310.0,-2190.0,4790.0,yonden
2017,8,2017-08-08,17:00,4540.0,880.0,4450.0,780.0,－－－－－－－－－－,10.0,250.0,0.0,10.0,0.0,300.0,-2140.0,4540.0,yonden
2017,8,2017-08-08,18:00,4380.0,880.0,4510.0,790.0,－－－－－－－－－－,10.0,50.0,0.0,20.0,0.0,300.0,-2180.0,4380.0,yonden
2017,8,2017-08-08,19:00,4240.0,880.0,4310.0,780.0,－－－－－－－－－－,10.0,0.0,0.0,30.0,0.0,300.0,-2070.0,4240.0,yonden
2017,8,2017-08-08,20:00,3990.0,880.0,4050.0,770.0,－－－－－－－－－－,10.0,0.0,0.0,30.0,0.0,250.0,-2000.0,3990.0,yonden
2017,8,2017-08-08,21:00,3670.0,880.0,3890.0,760.0,－－－－－－－－－－,10.0,0.0,0.0,30.0,0.0,30.0,-1930.0,3670.0,yonden
2017,8,2017-08-08,22:00,3370.0,880.0,3710.0,760.0,－－－－－－－－－－,10.0,0.0,0.0,20.0,0.0,0.0,-2010.0,3370.0,yonden
2017,8,2017-08-08,23:00,3170.0,880.0,3750.0,760.0,－－－－－－－－－－,10.0,0.0,0.0,10.0,0.0,0.0,-2240.0,3170.0,yonden
2017,8,2017-08-09,00:00,2880.0,880.0,3630.0,750.0,－－－－－－－－－－,10.0,0.0,0.0,10.0,0.0,-310.0,-2090.0,2880.0,yonden
2017,8,2017-08-09,01:00,2730.0,880.0,3500.0,780.0,－－－－－－－－－－,10.0,0.0,0.0,10.0,0.0,-310.0,-2140.0,2730.0,yonden
2017,8,2017-08-09,02:00,2740.0,880.0,3530.0,770.0,－－－－－－－－－－,10.0,0.0,0.0,10.0,0.0,-310.0,-2150.0,2740.0,yonden
2017,8,2017-08-09,03:00,2840.0,880.0,3590.0,770.0,－－－－－－－－－－,10.0,0.0,0.0,10.0,0.0,-310.0,-2110.0,2840.0,yonden
2017,8,2017-08-09,04:00,2950.0,880.0,3610.0,780.0,－－－－－－－－－－,10.0,0.0,0.0,10.0,0.0,-310.0,-2030.0,2950.0,yonden
2017,8,2017-08-09,05:00,3020.0,880.0,3610.0,770.0,－－－－－－－－－－,10.0,20.0,0.0,0.0,0.0,-300.0,-1970.0,3020.0,yonden
2017,8,2017-08-09,06:00,3040.0,880.0,3520.0,760.0,－－－－－－－－－－,10.0,170.0,0.0,10.0,0.0,-300.0,-2010.0,3040.0,yonden
2017,8,2017-08-09,07:00,3230.0,880.0,3570.0,750.0,－－－－－－－－－－,10.0,410.0,0.0,10.0,0.0,-300.0,-2100.0,3230.0,yonden
2017,8,2017-08-09,08:00,3890.0,880.0,3700.0,750.0,－－－－－－－－－－,10.0,730.0,0.0,10.0,0.0,-30.0,-2160.0,3890.0,yonden
2017,8,2017-08-09,09:00,4340.0,880.0,3980.0,780.0,－－－－－－－－－－,10.0,920.0,0.0,10.0,0.0,0.0,-2240.0,4340.0,yonden
2017,8,2017-08-09,10:00,4490.0,880.0,4000.0,780.0,－－－－－－－－－－,10.0,1120.0,0.0,0.0,0.0,0.0,-2300.0,4490.0,yonden
2017,8,2017-08-09,11:00,4660.0,880.0,4220.0,790.0,－－－－－－－－－－,10.0,1090.0,0.0,0.0,0.0,0.0,-2330.0,4660.0,yonden
2017,8,2017-08-09,12:00,4510.0,880.0,4330.0,750.0,－－－－－－－－－－,10.0,870.0,0.0,0.0,0.0,0.0,-2330.0,4510.0,yonden
2017,8,2017-08-09,13:00,4650.0,870.0,4440.0,760.0,－－－－－－－－－－,10.0,810.0,0.0,10.0,0.0,0.0,-2250.0,4650.0,yonden
2017,8,2017-08-09,14:00,4720.0,880.0,4650.0,780.0,－－－－－－－－－－,10.0,660.0,0.0,10.0,0.0,170.0,-2440.0,4720.0,yonden
2017,8,2017-08-09,15:00,4600.0,880.0,4700.0,780.0,－－－－－－－－－－,10.0,480.0,0.0,20.0,0.0,210.0,-2480.0,4600.0,yonden
2017,8,2017-08-09,16:00,4600.0,880.0,4770.0,780.0,－－－－－－－－－－,10.0,310.0,0.0,20.0,0.0,270.0,-2440.0,4600.0,yonden
2017,8,2017-08-09,17:00,4370.0,880.0,4650.0,790.0,－－－－－－－－－－,10.0,110.0,0.0,10.0,0.0,320.0,-2400.0,4370.0,yonden
2017,8,2017-08-09,18:00,4300.0,880.0,4650.0,790.0,－－－－－－－－－－,10.0,30.0,0.0,20.0,0.0,320.0,-2400.0,4300.0,yonden
2017,8,2017-08-09,19:00,4180.0,880.0,4380.0,790.0,－－－－－－－－－－,10.0,0.0,0.0,20.0,0.0,320.0,-2220.0,4180.0,yonden
2017,8,2017-08-09,20:00,3950.0,880.0,3970.0,780.0,－－－－－－－－－－,10.0,0.0,0.0,20.0,0.0,290.0,-2000.0,3950.0,yonden
2017,8,2017-08-09,21:00,3660.0,880.0,3770.0,770.0,－－－－－－－－－－,10.0,0.0,0.0,20.0,0.0,10.0,-1800.0,3660.0,yonden
2017,8,2017-08-09,22:00,3390.0,880.0,3570.0,750.0,－－－－－－－－－－,10.0,0.0,0.0,10.0,0.0,0.0,-1830.0,3390.0,yonden
2017,8,2017-08-09,23:00,3190.0,880.0,3550.0,760.0,－－－－－－－－－－,10.0,0.0,0.0,10.0,0.0,0.0,-2020.0,3190.0,yonden
2017,8,2017-08-10,00:00,2930.0,870.0,3420.0,760.0,－－－－－－－－－－,10.0,0.0,0.0,10.0,0.0,-80.0,-2060.0,2930.0,yonden
2017,8,2017-08-10,01:00,2780.0,880.0,3570.0,770.0,－－－－－－－－－－,10.0,0.0,0.0,10.0,0.0,-310.0,-2150.0,2780.0,yonden
2017,8,2017-08-10,02:00,2790.0,870.0,3590.0,770.0,－－－－－－－－－－,10.0,0.0,0.0,10.0,0.0,-310.0,-2150.0,2790.0,yonden
2017,8,2017-08-10,03:00,2890.0,870.0,3600.0,770.0,－－－－－－－－－－,10.0,0.0,0.0,0.0,0.0,-310.0,-2050.0,2890.0,yonden
2017,8,2017-08-10,04:00,3000.0,880.0,3610.0,760.0,－－－－－－－－－－,10.0,0.0,0.0,0.0,0.0,-310.0,-1950.0,3000.0,yonden
2017,8,2017-08-10,05:00,3070.0,870.0,3630.0,760.0,－－－－－－－－－－,10.0,20.0,0.0,0.0,0.0,-310.0,-1910.0,3070.0,yonden
2017,8,2017-08-10,06:00,3110.0,880.0,3650.0,760.0,－－－－－－－－－－,10.0,160.0,0.0,0.0,0.0,-310.0,-2040.0,3110.0,yonden
2017,8,2017-08-10,07:00,3330.0,880.0,3820.0,760.0,－－－－－－－－－－,0.0,360.0,0.0,0.0,0.0,-290.0,-2200.0,3330.0,yonden
2017,8,2017-08-10,08:00,4010.0,880.0,3970.0,760.0,－－－－－－－－－－,0.0,660.0,0.0,0.0,0.0,60.0,-2320.0,4010.0,yonden
2017,8,2017-08-10,09:00,4420.0,880.0,4070.0,760.0,－－－－－－－－－－,0.0,990.0,0.0,0.0,0.0,150.0,-2430.0,4420.0,yonden
2017,8,2017-08-10,10:00,4630.0,880.0,4150.0,750.0,－－－－－－－－－－,0.0,1170.0,0.0,0.0,0.0,100.0,-2420.0,4630.0,yonden
2017,8,2017-08-10,11:00,4810.0,880.0,4340.0,790.0,－－－－－－－－－－,0.0,1240.0,0.0,0.0,0.0,0.0,-2440.0,4810.0,yonden
2017,8,2017-08-10,12:00,4690.0,880.0,4310.0,750.0,－－－－－－－－－－,0.0,1230.0,0.0,0.0,0.0,0.0,-2480.0,4690.0,yonden
2017,8,2017-08-10,13:00,4950.0,870.0,4400.0,730.0,－－－－－－－－－－,0.0,1220.0,0.0,0.0,0.0,130.0,-2400.0,4950.0,yonden
2017,8,2017-08-10,14:00,5060.0,880.0,4430.0,760.0,－－－－－－－－－－,0.0,1090.0,0.0,0.0,0.0,280.0,-2380.0,5060.0,yonden
2017,8,2017-08-10,15:00,4970.0,880.0,4430.0,750.0,－－－－－－－－－－,0.0,860.0,0.0,0.0,0.0,270.0,-2220.0,4970.0,yonden
2017,8,2017-08-10,16:00,4950.0,880.0,4480.0,780.0,－－－－－－－－－－,0.0,610.0,0.0,0.0,0.0,280.0,-2080.0,4950.0,yonden
2017,8,2017-08-10,17:00,4740.0,880.0,4470.0,780.0,－－－－－－－－－－,0.0,290.0,0.0,0.0,0.0,280.0,-1960.0,4740.0,yonden
2017,8,2017-08-10,18:00,4550.0,880.0,4500.0,780.0,－－－－－－－－－－,0.0,60.0,0.0,0.0,0.0,270.0,-1940.0,4550.0,yonden
2017,8,2017-08-10,19:00,4380.0,880.0,4520.0,780.0,－－－－－－－－－－,0.0,0.0,0.0,0.0,0.0,240.0,-2040.0,4380.0,yonden
2017,8,2017-08-10,20:00,4140.0,880.0,4340.0,750.0,－－－－－－－－－－,0.0,0.0,0.0,0.0,0.0,150.0,-1980.0,4140.0,yonden
2017,8,2017-08-10,21:00,3860.0,880.0,4000.0,750.0,－－－－－－－－－－,0.0,0.0,0.0,0.0,0.0,0.0,-1770.0,3860.0,yonden
2017,8,2017-08-10,22:00,3570.0,880.0,3660.0,720.0,－－－－－－－－－－,0.0,0.0,0.0,10.0,0.0,0.0,-1700.0,3570.0,yonden
2017,8,2017-08-10,23:00,3330.0,880.0,3580.0,750.0,－－－－－－－－－－,0.0,0.0,0.0,0.0,0.0,0.0,-1880.0,3330.0,yonden
2017,8,2017-08-11,00:00,3030.0,880.0,3540.0,710.0,－－－－－－－－－－,0.0,0.0,0.0,0.0,0.0,-110.0,-1990.0,3030.0,yonden
2017,8,2017-08-11,01:00,2850.0,880.0,3570.0,720.0,－－－－－－－－－－,0.0,0.0,0.0,0.0,0.0,-310.0,-2010.0,2850.0,yonden
2017,8,2017-08-11,02:00,2840.0,880.0,3560.0,700.0,－－－－－－－－－－,0.0,0.0,0.0,10.0,0.0,-310.0,-2000.0,2840.0,yonden
2017,8,2017-08-11,03:00,2900.0,880.0,3510.0,710.0,－－－－－－－－－－,0.0,0.0,0.0,10.0,0.0,-310.0,-1900.0,2900.0,yonden
2017,8,2017-08-11,04:00,2970.0,880.0,3480.0,700.0,－－－－－－－－－－,0.0,0.0,0.0,10.0,0.0,-310.0,-1790.0,2970.0,yonden
2017,8,2017-08-11,05:00,3000.0,880.0,3460.0,700.0,－－－－－－－－－－,0.0,20.0,0.0,10.0,0.0,-310.0,-1760.0,3000.0,yonden
2017,8,2017-08-11,06:00,2970.0,880.0,3460.0,700.0,－－－－－－－－－－,0.0,170.0,0.0,10.0,0.0,-310.0,-1940.0,2970.0,yonden
2017,8,2017-08-11,07:00,3020.0,880.0,3400.0,690.0,－－－－－－－－－－,0.0,380.0,0.0,10.0,0.0,-310.0,-2030.0,3020.0,yonden
2017,8,2017-08-11,08:00,3430.0,880.0,3560.0,700.0,－－－－－－－－－－,0.0,720.0,0.0,10.0,0.0,-300.0,-2140.0,3430.0,yonden
2017,8,2017-08-11,09:00,3760.0,880.0,3570.0,600.0,－－－－－－－－－－,0.0,1010.0,0.0,10.0,0.0,-300.0,-2010.0,3760.0,yonden
2017,8,2017-08-11,10:00,3910.0,880.0,3470.0,600.0,－－－－－－－－－－,0.0,1210.0,0.0,0.0,0.0,0.0,-2250.0,3910.0,yonden
2017,8,2017-08-11,11:00,4060.0,880.0,3500.0,620.0,－－－－－－－－－－,0.0,1270.0,0.0,10.0,0.0,0.0,-2220.0,4060.0,yonden
2017,8,2017-08-11,12:00,4060.0,880.0,3560.0,640.0,－－－－－－－－－－,0.0,1260.0,0.0,10.0,0.0,0.0,-2290.0,4060.0,yonden
2017,8,2017-08-11,13:00,4140.0,880.0,3630.0,690.0,－－－－－－－－－－,0.0,1170.0,0.0,10.0,0.0,0.0,-2240.0,4140.0,yonden
2017,8,2017-08-11,14:00,4150.0,880.0,3720.0,690.0,－－－－－－－－－－,0.0,960.0,0.0,20.0,0.0,0.0,-2120.0,4150.0,yonden
2017,8,2017-08-11,15:00,4160.0,880.0,3720.0,720.0,－－－－－－－－－－,0.0,720.0,0.0,20.0,0.0,80.0,-1980.0,4160.0,yonden
2017,8,2017-08-11,16:00,4010.0,880.0,3750.0,730.0,－－－－－－－－－－,0.0,420.0,0.0,30.0,0.0,200.0,-2000.0,4010.0,yonden
2017,8,2017-08-11,17:00,4030.0,880.0,3790.0,720.0,－－－－－－－－－－,0.0,250.0,0.0,50.0,0.0,190.0,-1850.0,4030.0,yonden
2017,8,2017-08-11,18:00,3960.0,880.0,3790.0,730.0,－－－－－－－－－－,0.0,40.0,0.0,70.0,0.0,270.0,-1820.0,3960.0,yonden
2017,8,2017-08-11,19:00,3940.0,880.0,3790.0,770.0,－－－－－－－－－－,0.0,0.0,0.0,70.0,0.0,380.0,-1950.0,3940.0,yonden
2017,8,2017-08-11,20:00,3760.0,880.0,3810.0,730.0,－－－－－－－－－－,0.0,0.0,0.0,60.0,0.0,200.0,-1920.0,3760.0,yonden
2017,8,2017-08-11,21:00,3490.0,880.0,3590.0,610.0,－－－－－－－－－－,0.0,0.0,0.0,50.0,0.0,0.0,-1640.0,3490.0,yonden
2017,8,2017-08-11,22:00,3210.0,880.0,3420.0,600.0,－－－－－－－－－－,0.0,0.0,0.0,40.0,0.0,0.0,-1730.0,3210.0,yonden
2017,8,2017-08-11,23:00,3000.0,880.0,3410.0,600.0,－－－－－－－－－－,0.0,0.0,0.0,30.0,0.0,0.0,-1920.0,3000.0,yonden
2017,8,2017-08-12,00:00,2740.0,870.0,3470.0,620.0,－－－－－－－－－－,10.0,0.0,0.0,20.0,0.0,-240.0,-2010.0,2740.0,yonden
2017,8,2017-08-12,01:00,2570.0,880.0,3350.0,620.0,－－－－－－－－－－,10.0,0.0,0.0,30.0,0.0,-310.0,-2010.0,2570.0,yonden
2017,8,2017-08-12,02:00,2570.0,870.0,3350.0,650.0,－－－－－－－－－－,10.0,0.0,0.0,30.0,0.0,-310.0,-2030.0,2570.0,yonden
2017,8,2017-08-12,03:00,2650.0,870.0,3370.0,700.0,－－－－－－－－－－,10.0,0.0,0.0,30.0,0.0,-310.0,-2020.0,2650.0,yonden
2017,8,2017-08-12,04:00,2720.0,880.0,3310.0,690.0,－－－－－－－－－－,10.0,0.0,0.0,30.0,0.0,-300.0,-1900.0,2720.0,yonden
2017,8,2017-08-12,05:00,2750.0,880.0,3300.0,680.0,－－－－－－－－－－,10.0,20.0,0.0,30.0,0.0,-300.0,-1870.0,2750.0,yonden
2017,8,2017-08-12,06:00,2680.0,880.0,3150.0,600.0,－－－－－－－－－－,10.0,190.0,0.0,30.0,0.0,0.0,-2180.0,2680.0,yonden
2017,8,2017-08-12,07:00,2680.0,880.0,3040.0,580.0,－－－－－－－－－－,10.0,430.0,0.0,20.0,0.0,0.0,-2280.0,2680.0,yonden
2017,8,2017-08-12,08:00,3030.0,880.0,3150.0,620.0,－－－－－－－－－－,10.0,730.0,0.0,30.0,0.0,0.0,-2390.0,3030.0,yonden
2017,8,2017-08-12,09:00,3280.0,880.0,3220.0,630.0,－－－－－－－－－－,10.0,900.0,0.0,20.0,0.0,0.0,-2380.0,3280.0,yonden
2017,8,2017-08-12,10:00,3390.0,880.0,3180.0,650.0,－－－－－－－－－－,10.0,1090.0,0.0,20.0,0.0,0.0,-2440.0,3390.0,yonden
2017,8,2017-08-12,11:00,3530.0,880.0,3190.0,690.0,－－－－－－－－－－,10.0,1230.0,0.0,20.0,0.0,0.0,-2490.0,3530.0,yonden
2017,8,2017-08-12,12:00,3610.0,880.0,3250.0,610.0,－－－－－－－－－－,10.0,1280.0,0.0,40.0,0.0,0.0,-2460.0,3610.0,yonden
2017,8,2017-08-12,13:00,3650.0,880.0,3150.0,630.0,－－－－－－－－－－,10.0,1200.0,0.0,40.0,0.0,0.0,-2260.0,3650.0,yonden
2017,8,2017-08-12,14:00,3670.0,880.0,3040.0,590.0,－－－－－－－－－－,10.0,1110.0,0.0,40.0,0.0,0.0,-2000.0,3670.0,yonden
2017,8,2017-08-12,15:00,3690.0,880.0,3270.0,610.0,－－－－－－－－－－,10.0,920.0,0.0,40.0,0.0,0.0,-2040.0,3690.0,yonden
2017,8,2017-08-12,16:00,3770.0,880.0,3650.0,660.0,－－－－－－－－－－,10.0,670.0,0.0,40.0,0.0,0.0,-2140.0,3770.0,yonden
2017,8,2017-08-12,17:00,3740.0,880.0,3820.0,720.0,－－－－－－－－－－,10.0,320.0,0.0,50.0,0.0,30.0,-2090.0,3740.0,yonden
2017,8,2017-08-12,18:00,3660.0,880.0,3820.0,670.0,－－－－－－－－－－,10.0,60.0,0.0,50.0,0.0,200.0,-2030.0,3660.0,yonden
2017,8,2017-08-12,19:00,3580.0,880.0,3820.0,680.0,－－－－－－－－－－,10.0,0.0,0.0,40.0,0.0,170.0,-2020.0,3580.0,yonden
2017,8,2017-08-12,20:00,3410.0,880.0,3800.0,610.0,－－－－－－－－－－,10.0,0.0,0.0,40.0,0.0,170.0,-2100.0,3410.0,yonden
2017,8,2017-08-12,21:00,3180.0,880.0,3620.0,580.0,－－－－－－－－－－,10.0,0.0,0.0,20.0,0.0,0.0,-1930.0,3180.0,yonden
2017,8,2017-08-12,22:00,2930.0,880.0,3440.0,580.0,－－－－－－－－－－,10.0,0.0,0.0,30.0,0.0,0.0,-2010.0,2930.0,yonden
2017,8,2017-08-12,23:00,2760.0,880.0,3430.0,560.0,－－－－－－－－－－,10.0,0.0,0.0,40.0,0.0,0.0,-2160.0,2760.0,yonden
2017,8,2017-08-13,00:00,2510.0,880.0,3330.0,610.0,－－－－－－－－－－,10.0,0.0,0.0,30.0,0.0,-310.0,-2040.0,2510.0,yonden
2017,8,2017-08-13,01:00,2390.0,880.0,3280.0,570.0,－－－－－－－－－－,10.0,0.0,0.0,30.0,0.0,-300.0,-2080.0,2390.0,yonden
2017,8,2017-08-13,02:00,2390.0,880.0,3150.0,560.0,－－－－－－－－－－,10.0,0.0,0.0,40.0,0.0,-150.0,-2100.0,2390.0,yonden
2017,8,2017-08-13,03:00,2480.0,880.0,3060.0,630.0,－－－－－－－－－－,10.0,0.0,0.0,30.0,0.0,0.0,-2130.0,2480.0,yonden
2017,8,2017-08-13,04:00,2580.0,880.0,3090.0,670.0,－－－－－－－－－－,10.0,0.0,0.0,30.0,0.0,0.0,-2100.0,2580.0,yonden
2017,8,2017-08-13,05:00,2600.0,880.0,3110.0,630.0,－－－－－－－－－－,10.0,10.0,0.0,30.0,0.0,0.0,-2070.0,2600.0,yonden
2017,8,2017-08-13,06:00,2510.0,880.0,3070.0,570.0,－－－－－－－－－－,10.0,170.0,0.0,30.0,0.0,0.0,-2220.0,2510.0,yonden
2017,8,2017-08-13,07:00,2460.0,880.0,2950.0,560.0,－－－－－－－－－－,10.0,410.0,0.0,30.0,0.0,0.0,-2380.0,2460.0,yonden
2017,8,2017-08-13,08:00,2720.0,880.0,2960.0,540.0,－－－－－－－－－－,10.0,780.0,0.0,30.0,0.0,0.0,-2480.0,2720.0,yonden
2017,8,2017-08-13,09:00,2950.0,880.0,2900.0,590.0,－－－－－－－－－－,10.0,1010.0,0.0,30.0,0.0,0.0,-2470.0,2950.0,yonden
2017,8,2017-08-13,10:00,3070.0,880.0,2890.0,580.0,－－－－－－－－－－,10.0,1160.0,0.0,20.0,0.0,0.0,-2470.0,3070.0,yonden
2017,8,2017-08-13,11:00,3160.0,880.0,2870.0,540.0,－－－－－－－－－－,10.0,1250.0,0.0,20.0,0.0,0.0,-2410.0,3160.0,yonden
2017,8,2017-08-13,12:00,3220.0,880.0,2930.0,530.0,－－－－－－－－－－,10.0,1260.0,0.0,10.0,0.0,0.0,-2400.0,3220.0,yonden
2017,8,2017-08-13,13:00,3260.0,880.0,3080.0,540.0,－－－－－－－－－－,10.0,1170.0,0.0,10.0,0.0,0.0,-2430.0,3260.0,yonden
2017,8,2017-08-13,14:00,3310.0,880.0,3170.0,570.0,－－－－－－－－－－,10.0,1030.0,0.0,10.0,0.0,0.0,-2360.0,3310.0,yonden
2017,8,2017-08-13,15:00,3360.0,880.0,3380.0,590.0,－－－－－－－－－－,10.0,820.0,0.0,10.0,0.0,0.0,-2330.0,3360.0,yonden
2017,8,2017-08-13,16:00,3440.0,880.0,3680.0,640.0,－－－－－－－－－－,10.0,530.0,0.0,10.0,0.0,0.0,-2310.0,3440.0,yonden
2017,8,2017-08-13,17:00,3440.0,870.0,3690.0,660.0,－－－－－－－－－－,10.0,250.0,0.0,10.0,0.0,0.0,-2050.0,3440.0,yonden
2017,8,2017-08-13,18:00,3400.0,880.0,3680.0,670.0,－－－－－－－－－－,10.0,40.0,0.0,0.0,0.0,0.0,-1880.0,3400.0,yonden
2017,8,2017-08-13,19:00,3360.0,880.0,3680.0,660.0,－－－－－－－－－－,10.0,0.0,0.0,0.0,0.0,0.0,-1870.0,3360.0,yonden
2017,8,2017-08-13,20:00,3200.0,880.0,3660.0,620.0,－－－－－－－－－－,10.0,0.0,0.0,0.0,0.0,0.0,-1970.0,3200.0,yonden
2017,8,2017-08-13,21:00,3010.0,880.0,3400.0,580.0,－－－－－－－－－－,10.0,0.0,0.0,0.0,0.0,0.0,-1860.0,3010.0,yonden
2017,8,2017-08-13,22:00,2810.0,880.0,3300.0,560.0,－－－－－－－－－－,10.0,0.0,0.0,0.0,0.0,0.0,-1940.0,2810.0,yonden
2017,8,2017-08-13,23:00,2660.0,880.0,3310.0,560.0,－－－－－－－－－－,10.0,0.0,0.0,0.0,0.0,0.0,-2100.0,2660.0,yonden
2017,8,2017-08-14,00:00,2440.0,870.0,2550.0,540.0,－－－－－－－－－－,10.0,0.0,0.0,0.0,0.0,0.0,-1530.0,2440.0,yonden
2017,8,2017-08-14,01:00,2290.0,880.0,2200.0,510.0,－－－－－－－－－－,10.0,0.0,0.0,0.0,0.0,0.0,-1310.0,2290.0,yonden
2017,8,2017-08-14,02:00,2330.0,870.0,2230.0,520.0,－－－－－－－－－－,10.0,0.0,0.0,0.0,0.0,0.0,-1300.0,2330.0,yonden
2017,8,2017-08-14,03:00,2440.0,870.0,2250.0,550.0,－－－－－－－－－－,10.0,0.0,0.0,0.0,0.0,0.0,-1240.0,2440.0,yonden
2017,8,2017-08-14,04:00,2550.0,880.0,2250.0,560.0,－－－－－－－－－－,10.0,0.0,0.0,0.0,0.0,0.0,-1150.0,2550.0,yonden
2017,8,2017-08-14,05:00,2600.0,880.0,2280.0,540.0,－－－－－－－－－－,10.0,10.0,0.0,0.0,0.0,0.0,-1120.0,2600.0,yonden
2017,8,2017-08-14,06:00,2480.0,880.0,2200.0,490.0,－－－－－－－－－－,10.0,160.0,0.0,0.0,0.0,0.0,-1260.0,2480.0,yonden
2017,8,2017-08-14,07:00,2500.0,880.0,2200.0,490.0,－－－－－－－－－－,10.0,370.0,0.0,0.0,0.0,0.0,-1450.0,2500.0,yonden
2017,8,2017-08-14,08:00,2860.0,880.0,2350.0,500.0,－－－－－－－－－－,10.0,700.0,0.0,0.0,0.0,0.0,-1580.0,2860.0,yonden
2017,8,2017-08-14,09:00,3140.0,880.0,2530.0,500.0,－－－－－－－－－－,10.0,990.0,0.0,0.0,0.0,0.0,-1770.0,3140.0,yonden
2017,8,2017-08-14,10:00,3320.0,880.0,3250.0,580.0,－－－－－－－－－－,10.0,1040.0,0.0,0.0,0.0,0.0,-2440.0,3320.0,yonden
2017,8,2017-08-14,11:00,3400.0,880.0,3370.0,550.0,－－－－－－－－－－,10.0,1040.0,0.0,0.0,0.0,0.0,-2450.0,3400.0,yonden
2017,8,2017-08-14,12:00,3450.0,880.0,3500.0,480.0,－－－－－－－－－－,10.0,960.0,0.0,0.0,0.0,0.0,-2380.0,3450.0,yonden
2017,8,2017-08-14,13:00,3420.0,880.0,3540.0,520.0,－－－－－－－－－－,10.0,790.0,0.0,10.0,0.0,0.0,-2330.0,3420.0,yonden
2017,8,2017-08-14,14:00,3440.0,880.0,3480.0,530.0,－－－－－－－－－－,10.0,630.0,0.0,0.0,0.0,0.0,-2090.0,3440.0,yonden
2017,8,2017-08-14,15:00,3400.0,880.0,3530.0,540.0,－－－－－－－－－－,10.0,410.0,0.0,0.0,0.0,0.0,-1970.0,3400.0,yonden
2017,8,2017-08-14,16:00,3390.0,880.0,3690.0,640.0,－－－－－－－－－－,10.0,190.0,0.0,0.0,0.0,0.0,-2020.0,3390.0,yonden
2017,8,2017-08-14,17:00,3380.0,880.0,3690.0,670.0,－－－－－－－－－－,10.0,90.0,0.0,10.0,0.0,0.0,-1970.0,3380.0,yonden
2017,8,2017-08-14,18:00,3430.0,880.0,3760.0,660.0,－－－－－－－－－－,10.0,30.0,0.0,20.0,0.0,0.0,-1930.0,3430.0,yonden
2017,8,2017-08-14,19:00,3380.0,880.0,3720.0,680.0,－－－－－－－－－－,10.0,0.0,0.0,40.0,0.0,0.0,-1950.0,3380.0,yonden
2017,8,2017-08-14,20:00,3240.0,880.0,3710.0,670.0,－－－－－－－－－－,10.0,0.0,0.0,40.0,0.0,0.0,-2070.0,3240.0,yonden
2017,8,2017-08-14,21:00,3040.0,880.0,3660.0,590.0,－－－－－－－－－－,10.0,0.0,0.0,40.0,0.0,0.0,-2140.0,3040.0,yonden
2017,8,2017-08-14,22:00,2810.0,880.0,3570.0,540.0,－－－－－－－－－－,10.0,0.0,0.0,50.0,0.0,0.0,-2240.0,2810.0,yonden
2017,8,2017-08-14,23:00,2660.0,880.0,3540.0,540.0,－－－－－－－－－－,10.0,0.0,0.0,50.0,0.0,0.0,-2360.0,2660.0,yonden
2017,8,2017-08-15,00:00,2450.0,880.0,2900.0,460.0,－－－－－－－－－－,10.0,0.0,0.0,50.0,0.0,-300.0,-1550.0,2450.0,yonden
2017,8,2017-08-15,01:00,2330.0,880.0,2490.0,450.0,－－－－－－－－－－,10.0,0.0,0.0,30.0,0.0,-300.0,-1230.0,2330.0,yonden
2017,8,2017-08-15,02:00,2360.0,880.0,2480.0,460.0,－－－－－－－－－－,10.0,0.0,0.0,30.0,0.0,-300.0,-1200.0,2360.0,yonden
2017,8,2017-08-15,03:00,2470.0,880.0,2460.0,490.0,－－－－－－－－－－,10.0,0.0,0.0,50.0,0.0,-290.0,-1130.0,2470.0,yonden
2017,8,2017-08-15,04:00,2570.0,880.0,2220.0,470.0,－－－－－－－－－－,10.0,0.0,0.0,50.0,0.0,0.0,-1060.0,2570.0,yonden
2017,8,2017-08-15,05:00,2610.0,880.0,2200.0,480.0,－－－－－－－－－－,10.0,10.0,0.0,50.0,0.0,0.0,-1020.0,2610.0,yonden
2017,8,2017-08-15,06:00,2510.0,880.0,2210.0,470.0,－－－－－－－－－－,10.0,40.0,0.0,50.0,0.0,0.0,-1150.0,2510.0,yonden
2017,8,2017-08-15,07:00,2520.0,880.0,2180.0,470.0,－－－－－－－－－－,10.0,90.0,0.0,30.0,0.0,0.0,-1140.0,2520.0,yonden
2017,8,2017-08-15,08:00,2840.0,880.0,2450.0,500.0,－－－－－－－－－－,10.0,190.0,0.0,20.0,0.0,0.0,-1210.0,2840.0,yonden
2017,8,2017-08-15,09:00,3080.0,880.0,2840.0,530.0,－－－－－－－－－－,10.0,360.0,0.0,10.0,0.0,0.0,-1550.0,3080.0,yonden
2017,8,2017-08-15,10:00,3160.0,880.0,3290.0,580.0,－－－－－－－－－－,10.0,520.0,0.0,10.0,0.0,0.0,-2130.0,3160.0,yonden
2017,8,2017-08-15,11:00,3280.0,880.0,3160.0,590.0,－－－－－－－－－－,10.0,660.0,0.0,0.0,0.0,0.0,-2020.0,3280.0,yonden
2017,8,2017-08-15,12:00,3330.0,880.0,3280.0,540.0,－－－－－－－－－－,10.0,550.0,0.0,0.0,0.0,0.0,-1930.0,3330.0,yonden
2017,8,2017-08-15,13:00,3310.0,880.0,3310.0,590.0,－－－－－－－－－－,10.0,500.0,0.0,0.0,0.0,0.0,-1980.0,3310.0,yonden
2017,8,2017-08-15,14:00,3310.0,880.0,3400.0,600.0,－－－－－－－－－－,10.0,550.0,0.0,0.0,0.0,0.0,-2130.0,3310.0,yonden
2017,8,2017-08-15,15:00,3370.0,880.0,3630.0,630.0,－－－－－－－－－－,10.0,450.0,0.0,0.0,0.0,0.0,-2230.0,3370.0,yonden
2017,8,2017-08-15,16:00,3460.0,880.0,3800.0,660.0,－－－－－－－－－－,10.0,330.0,0.0,0.0,0.0,50.0,-2270.0,3460.0,yonden
2017,8,2017-08-15,17:00,3550.0,870.0,3810.0,650.0,－－－－－－－－－－,10.0,180.0,0.0,0.0,0.0,210.0,-2180.0,3550.0,yonden
2017,8,2017-08-15,18:00,3530.0,880.0,3800.0,640.0,－－－－－－－－－－,10.0,30.0,0.0,10.0,0.0,270.0,-2110.0,3530.0,yonden
2017,8,2017-08-15,19:00,3470.0,880.0,3820.0,640.0,－－－－－－－－－－,10.0,0.0,0.0,0.0,0.0,220.0,-2100.0,3470.0,yonden
2017,8,2017-08-15,20:00,3310.0,880.0,3790.0,610.0,－－－－－－－－－－,10.0,0.0,0.0,0.0,0.0,190.0,-2170.0,3310.0,yonden
2017,8,2017-08-15,21:00,3090.0,880.0,3630.0,560.0,－－－－－－－－－－,10.0,0.0,0.0,0.0,0.0,0.0,-1990.0,3090.0,yonden
2017,8,2017-08-15,22:00,2860.0,880.0,3590.0,500.0,－－－－－－－－－－,10.0,0.0,0.0,0.0,0.0,0.0,-2120.0,2860.0,yonden
2017,8,2017-08-15,23:00,2700.0,880.0,3590.0,490.0,－－－－－－－－－－,10.0,0.0,0.0,0.0,0.0,0.0,-2270.0,2700.0,yonden
2017,8,2017-08-16,00:00,2480.0,870.0,3480.0,500.0,－－－－－－－－－－,10.0,0.0,0.0,0.0,0.0,-300.0,-2080.0,2480.0,yonden
2017,8,2017-08-16,01:00,2360.0,880.0,2860.0,480.0,－－－－－－－－－－,10.0,0.0,0.0,0.0,0.0,-300.0,-1570.0,2360.0,yonden
2017,8,2017-08-16,02:00,2400.0,870.0,2570.0,470.0,－－－－－－－－－－,10.0,0.0,0.0,0.0,0.0,-300.0,-1220.0,2400.0,yonden
2017,8,2017-08-16,03:00,2510.0,870.0,2580.0,470.0,－－－－－－－－－－,10.0,0.0,0.0,0.0,0.0,-300.0,-1120.0,2510.0,yonden
2017,8,2017-08-16,04:00,2610.0,880.0,2560.0,460.0,－－－－－－－－－－,10.0,0.0,0.0,0.0,0.0,-290.0,-1010.0,2610.0,yonden
2017,8,2017-08-16,05:00,2660.0,870.0,2580.0,460.0,－－－－－－－－－－,10.0,10.0,0.0,0.0,0.0,-290.0,-980.0,2660.0,yonden
2017,8,2017-08-16,06:00,2630.0,880.0,2610.0,460.0,－－－－－－－－－－,10.0,140.0,0.0,0.0,0.0,-290.0,-1180.0,2630.0,yonden
2017,8,2017-08-16,07:00,2800.0,880.0,2930.0,510.0,－－－－－－－－－－,10.0,360.0,0.0,0.0,0.0,-150.0,-1740.0,2800.0,yonden
2017,8,2017-08-16,08:00,3320.0,880.0,3690.0,550.0,－－－－－－－－－－,10.0,580.0,0.0,0.0,0.0,0.0,-2390.0,3320.0,yonden
2017,8,2017-08-16,09:00,3660.0,880.0,3800.0,570.0,－－－－－－－－－－,10.0,750.0,0.0,0.0,0.0,0.0,-2350.0,3660.0,yonden
2017,8,2017-08-16,10:00,3830.0,880.0,3910.0,530.0,－－－－－－－－－－,10.0,820.0,0.0,0.0,0.0,20.0,-2340.0,3830.0,yonden
2017,8,2017-08-16,11:00,3930.0,880.0,3940.0,580.0,－－－－－－－－－－,10.0,760.0,0.0,0.0,0.0,140.0,-2380.0,3930.0,yonden
2017,8,2017-08-16,12:00,3870.0,880.0,3970.0,500.0,－－－－－－－－－－,10.0,710.0,0.0,20.0,0.0,140.0,-2360.0,3870.0,yonden
2017,8,2017-08-16,13:00,3890.0,880.0,4120.0,600.0,－－－－－－－－－－,10.0,590.0,0.0,30.0,0.0,10.0,-2350.0,3890.0,yonden
2017,8,2017-08-16,14:00,3890.0,880.0,4090.0,620.0,－－－－－－－－－－,10.0,610.0,0.0,30.0,0.0,0.0,-2350.0,3890.0,yonden
2017,8,2017-08-16,15:00,3930.0,880.0,4170.0,660.0,－－－－－－－－－－,10.0,560.0,0.0,30.0,0.0,0.0,-2380.0,3930.0,yonden
2017,8,2017-08-16,16:00,3950.0,880.0,4130.0,640.0,－－－－－－－－－－,10.0,370.0,0.0,40.0,0.0,60.0,-2180.0,3950.0,yonden
2017,8,2017-08-16,17:00,3820.0,880.0,4010.0,620.0,－－－－－－－－－－,10.0,150.0,0.0,40.0,0.0,210.0,-2100.0,3820.0,yonden
2017,8,2017-08-16,18:00,3770.0,880.0,4020.0,640.0,－－－－－－－－－－,10.0,20.0,0.0,30.0,0.0,310.0,-2140.0,3770.0,yonden
2017,8,2017-08-16,19:00,3740.0,880.0,3990.0,640.0,－－－－－－－－－－,10.0,0.0,0.0,10.0,0.0,310.0,-2100.0,3740.0,yonden
2017,8,2017-08-16,20:00,3550.0,880.0,3880.0,590.0,－－－－－－－－－－,10.0,0.0,0.0,20.0,0.0,280.0,-2110.0,3550.0,yonden
2017,8,2017-08-16,21:00,3290.0,880.0,3700.0,640.0,－－－－－－－－－－,10.0,0.0,0.0,20.0,0.0,0.0,-1960.0,3290.0,yonden
2017,8,2017-08-16,22:00,3030.0,880.0,3590.0,490.0,－－－－－－－－－－,10.0,0.0,0.0,10.0,0.0,0.0,-1950.0,3030.0,yonden
2017,8,2017-08-16,23:00,2850.0,880.0,3540.0,470.0,－－－－－－－－－－,10.0,0.0,0.0,10.0,0.0,0.0,-2060.0,2850.0,yonden
2017,8,2017-08-17,00:00,2610.0,880.0,2900.0,520.0,－－－－－－－－－－,10.0,0.0,0.0,10.0,0.0,-300.0,-1410.0,2610.0,yonden
2017,8,2017-08-17,01:00,2500.0,880.0,2560.0,470.0,－－－－－－－－－－,10.0,0.0,0.0,10.0,0.0,-300.0,-1130.0,2500.0,yonden
2017,8,2017-08-17,02:00,2550.0,880.0,2540.0,490.0,－－－－－－－－－－,10.0,0.0,0.0,10.0,0.0,-300.0,-1080.0,2550.0,yonden
2017,8,2017-08-17,03:00,2650.0,880.0,2580.0,500.0,－－－－－－－－－－,10.0,0.0,0.0,10.0,0.0,-290.0,-1040.0,2650.0,yonden
2017,8,2017-08-17,04:00,2770.0,880.0,2670.0,540.0,－－－－－－－－－－,10.0,0.0,0.0,10.0,0.0,-290.0,-1050.0,2770.0,yonden
2017,8,2017-08-17,05:00,2850.0,880.0,2720.0,530.0,－－－－－－－－－－,10.0,10.0,0.0,10.0,0.0,-290.0,-1020.0,2850.0,yonden
2017,8,2017-08-17,06:00,2880.0,880.0,2750.0,480.0,－－－－－－－－－－,10.0,160.0,0.0,10.0,0.0,-290.0,-1120.0,2880.0,yonden
2017,8,2017-08-17,07:00,3040.0,870.0,3030.0,450.0,－－－－－－－－－－,10.0,390.0,0.0,10.0,0.0,-210.0,-1510.0,3040.0,yonden
2017,8,2017-08-17,08:00,3670.0,880.0,3850.0,500.0,－－－－－－－－－－,10.0,660.0,0.0,0.0,0.0,0.0,-2230.0,3670.0,yonden
2017,8,2017-08-17,09:00,4040.0,880.0,3970.0,520.0,－－－－－－－－－－,10.0,960.0,0.0,0.0,0.0,0.0,-2300.0,4040.0,yonden
2017,8,2017-08-17,10:00,4250.0,880.0,4040.0,480.0,－－－－－－－－－－,10.0,1160.0,0.0,0.0,0.0,0.0,-2320.0,4250.0,yonden
2017,8,2017-08-17,11:00,4370.0,880.0,4090.0,490.0,－－－－－－－－－－,10.0,1210.0,0.0,0.0,0.0,0.0,-2310.0,4370.0,yonden
2017,8,2017-08-17,12:00,4280.0,880.0,4020.0,470.0,－－－－－－－－－－,10.0,1280.0,0.0,0.0,0.0,0.0,-2380.0,4280.0,yonden
2017,8,2017-08-17,13:00,4530.0,880.0,4120.0,610.0,－－－－－－－－－－,10.0,1260.0,0.0,0.0,0.0,40.0,-2390.0,4530.0,yonden
2017,8,2017-08-17,14:00,4600.0,880.0,4150.0,610.0,－－－－－－－－－－,10.0,1110.0,0.0,0.0,0.0,260.0,-2420.0,4600.0,yonden
2017,8,2017-08-17,15:00,4630.0,880.0,4250.0,660.0,－－－－－－－－－－,10.0,870.0,0.0,0.0,0.0,280.0,-2320.0,4630.0,yonden
2017,8,2017-08-17,16:00,4640.0,880.0,4380.0,690.0,－－－－－－－－－－,10.0,590.0,0.0,0.0,0.0,260.0,-2170.0,4640.0,yonden
2017,8,2017-08-17,17:00,4490.0,880.0,4410.0,670.0,－－－－－－－－－－,10.0,300.0,0.0,10.0,0.0,270.0,-2060.0,4490.0,yonden
2017,8,2017-08-17,18:00,4290.0,880.0,4320.0,680.0,－－－－－－－－－－,10.0,60.0,0.0,0.0,0.0,270.0,-1930.0,4290.0,yonden
2017,8,2017-08-17,19:00,4090.0,880.0,4250.0,680.0,－－－－－－－－－－,10.0,0.0,0.0,10.0,0.0,270.0,-2010.0,4090.0,yonden
2017,8,2017-08-17,20:00,3840.0,880.0,4130.0,650.0,－－－－－－－－－－,10.0,0.0,0.0,20.0,0.0,250.0,-2100.0,3840.0,yonden
2017,8,2017-08-17,21:00,3550.0,880.0,3940.0,600.0,－－－－－－－－－－,10.0,0.0,0.0,10.0,0.0,0.0,-1890.0,3550.0,yonden
2017,8,2017-08-17,22:00,3270.0,880.0,3700.0,540.0,－－－－－－－－－－,10.0,0.0,0.0,0.0,0.0,-10.0,-1850.0,3270.0,yonden
2017,8,2017-08-17,23:00,3040.0,880.0,3460.0,520.0,－－－－－－－－－－,10.0,0.0,0.0,10.0,0.0,-10.0,-1830.0,3040.0,yonden
2017,8,2017-08-18,00:00,2780.0,870.0,2790.0,500.0,－－－－－－－－－－,10.0,0.0,0.0,0.0,0.0,0.0,-1390.0,2780.0,yonden
2017,8,2017-08-18,01:00,2620.0,880.0,2310.0,490.0,－－－－－－－－－－,10.0,0.0,0.0,0.0,0.0,0.0,-1070.0,2620.0,yonden
2017,8,2017-08-18,02:00,2630.0,870.0,2500.0,490.0,－－－－－－－－－－,10.0,0.0,0.0,0.0,0.0,-300.0,-940.0,2630.0,yonden
2017,8,2017-08-18,03:00,2730.0,870.0,2530.0,520.0,－－－－－－－－－－,10.0,0.0,0.0,0.0,0.0,-300.0,-900.0,2730.0,yonden
2017,8,2017-08-18,04:00,2840.0,880.0,2540.0,540.0,－－－－－－－－－－,10.0,0.0,0.0,0.0,0.0,-300.0,-830.0,2840.0,yonden
2017,8,2017-08-18,05:00,2920.0,880.0,2560.0,530.0,－－－－－－－－－－,10.0,10.0,0.0,0.0,0.0,-300.0,-770.0,2920.0,yonden
2017,8,2017-08-18,06:00,2970.0,880.0,2880.0,540.0,－－－－－－－－－－,10.0,170.0,0.0,0.0,0.0,-300.0,-1210.0,2970.0,yonden
2017,8,2017-08-18,07:00,3170.0,880.0,3470.0,540.0,－－－－－－－－－－,10.0,420.0,0.0,0.0,0.0,-160.0,-1990.0,3170.0,yonden
2017,8,2017-08-18,08:00,3860.0,880.0,3910.0,570.0,－－－－－－－－－－,10.0,680.0,0.0,0.0,0.0,60.0,-2250.0,3860.0,yonden
2017,8,2017-08-18,09:00,4260.0,880.0,4000.0,600.0,－－－－－－－－－－,10.0,910.0,0.0,0.0,0.0,220.0,-2360.0,4260.0,yonden
2017,8,2017-08-18,10:00,4400.0,880.0,4090.0,600.0,－－－－－－－－－－,10.0,1090.0,0.0,0.0,0.0,130.0,-2400.0,4400.0,yonden
2017,8,2017-08-18,11:00,4520.0,880.0,4210.0,600.0,－－－－－－－－－－,10.0,1200.0,0.0,0.0,0.0,0.0,-2380.0,4520.0,yonden
2017,8,2017-08-18,12:00,4430.0,880.0,4140.0,510.0,－－－－－－－－－－,10.0,1260.0,0.0,0.0,0.0,0.0,-2370.0,4430.0,yonden
2017,8,2017-08-18,13:00,4630.0,880.0,4200.0,600.0,－－－－－－－－－－,10.0,1180.0,0.0,0.0,0.0,100.0,-2340.0,4630.0,yonden
2017,8,2017-08-18,14:00,4690.0,880.0,4170.0,660.0,－－－－－－－－－－,10.0,1050.0,0.0,10.0,0.0,270.0,-2360.0,4690.0,yonden
2017,8,2017-08-18,15:00,4700.0,880.0,4240.0,690.0,－－－－－－－－－－,10.0,900.0,0.0,10.0,0.0,280.0,-2310.0,4700.0,yonden
2017,8,2017-08-18,16:00,4710.0,880.0,4340.0,710.0,－－－－－－－－－－,10.0,630.0,0.0,10.0,0.0,280.0,-2150.0,4710.0,yonden
2017,8,2017-08-18,17:00,4520.0,880.0,4380.0,710.0,－－－－－－－－－－,10.0,300.0,0.0,0.0,0.0,270.0,-2030.0,4520.0,yonden
2017,8,2017-08-18,18:00,4320.0,880.0,4410.0,690.0,－－－－－－－－－－,10.0,50.0,0.0,10.0,0.0,270.0,-2000.0,4320.0,yonden
2017,8,2017-08-18,19:00,4140.0,880.0,4370.0,670.0,－－－－－－－－－－,10.0,0.0,0.0,10.0,0.0,250.0,-2050.0,4140.0,yonden
2017,8,2017-08-18,20:00,3870.0,880.0,4220.0,600.0,－－－－－－－－－－,10.0,0.0,0.0,10.0,0.0,240.0,-2090.0,3870.0,yonden
2017,8,2017-08-18,21:00,3560.0,880.0,3860.0,530.0,－－－－－－－－－－,10.0,0.0,0.0,10.0,0.0,200.0,-1930.0,3560.0,yonden
2017,8,2017-08-18,22:00,3270.0,880.0,3550.0,470.0,－－－－－－－－－－,10.0,0.0,0.0,10.0,0.0,0.0,-1650.0,3270.0,yonden
2017,8,2017-08-18,23:00,3050.0,880.0,3330.0,440.0,－－－－－－－－－－,10.0,0.0,0.0,10.0,0.0,0.0,-1620.0,3050.0,yonden
2017,8,2017-08-19,00:00,2810.0,880.0,2700.0,460.0,－－－－－－－－－－,10.0,0.0,0.0,10.0,0.0,0.0,-1250.0,2810.0,yonden
2017,8,2017-08-19,01:00,2650.0,880.0,2390.0,490.0,－－－－－－－－－－,10.0,0.0,0.0,10.0,0.0,-300.0,-830.0,2650.0,yonden
2017,8,2017-08-19,02:00,2640.0,880.0,2380.0,490.0,－－－－－－－－－－,10.0,0.0,0.0,20.0,0.0,-300.0,-840.0,2640.0,yonden
2017,8,2017-08-19,03:00,2720.0,880.0,2430.0,510.0,－－－－－－－－－－,10.0,0.0,0.0,10.0,0.0,-300.0,-820.0,2720.0,yonden
2017,8,2017-08-19,04:00,2840.0,880.0,2460.0,530.0,－－－－－－－－－－,10.0,0.0,0.0,10.0,0.0,-300.0,-750.0,2840.0,yonden
2017,8,2017-08-19,05:00,2890.0,880.0,2470.0,530.0,－－－－－－－－－－,10.0,10.0,0.0,10.0,0.0,-300.0,-720.0,2890.0,yonden
2017,8,2017-08-19,06:00,2880.0,880.0,2420.0,520.0,－－－－－－－－－－,10.0,190.0,0.0,10.0,0.0,-300.0,-850.0,2880.0,yonden
2017,8,2017-08-19,07:00,2950.0,880.0,2380.0,500.0,－－－－－－－－－－,10.0,440.0,0.0,10.0,0.0,-300.0,-970.0,2950.0,yonden
2017,8,2017-08-19,08:00,3410.0,880.0,2530.0,550.0,－－－－－－－－－－,10.0,740.0,0.0,0.0,0.0,-100.0,-1200.0,3410.0,yonden
2017,8,2017-08-19,09:00,3770.0,880.0,2640.0,530.0,－－－－－－－－－－,10.0,1030.0,0.0,0.0,0.0,0.0,-1320.0,3770.0,yonden
2017,8,2017-08-19,10:00,3930.0,880.0,2760.0,530.0,－－－－－－－－－－,10.0,1180.0,0.0,0.0,0.0,0.0,-1430.0,3930.0,yonden
2017,8,2017-08-19,11:00,4060.0,880.0,2800.0,500.0,－－－－－－－－－－,10.0,1290.0,0.0,0.0,0.0,0.0,-1420.0,4060.0,yonden
2017,8,2017-08-19,12:00,4030.0,880.0,2720.0,430.0,－－－－－－－－－－,10.0,1320.0,0.0,0.0,0.0,0.0,-1330.0,4030.0,yonden
2017,8,2017-08-19,13:00,4210.0,880.0,2900.0,530.0,－－－－－－－－－－,10.0,1270.0,0.0,0.0,0.0,0.0,-1380.0,4210.0,yonden
2017,8,2017-08-19,14:00,4250.0,880.0,2950.0,550.0,－－－－－－－－－－,10.0,1140.0,0.0,0.0,0.0,20.0,-1300.0,4250.0,yonden
2017,8,2017-08-19,15:00,4260.0,880.0,2900.0,530.0,－－－－－－－－－－,10.0,910.0,0.0,0.0,0.0,260.0,-1230.0,4260.0,yonden
2017,8,2017-08-19,16:00,4280.0,880.0,3260.0,550.0,－－－－－－－－－－,10.0,620.0,0.0,0.0,0.0,250.0,-1290.0,4280.0,yonden
2017,8,2017-08-19,17:00,4150.0,880.0,3830.0,580.0,－－－－－－－－－－,10.0,320.0,0.0,0.0,0.0,270.0,-1740.0,4150.0,yonden
2017,8,2017-08-19,18:00,3980.0,880.0,3820.0,620.0,－－－－－－－－－－,10.0,50.0,0.0,0.0,0.0,270.0,-1670.0,3980.0,yonden
2017,8,2017-08-19,19:00,3850.0,880.0,3780.0,630.0,－－－－－－－－－－,10.0,0.0,0.0,0.0,0.0,260.0,-1710.0,3850.0,yonden
2017,8,2017-08-19,20:00,3620.0,880.0,3680.0,530.0,－－－－－－－－－－,10.0,0.0,0.0,0.0,0.0,200.0,-1680.0,3620.0,yonden
2017,8,2017-08-19,21:00,3350.0,880.0,3530.0,490.0,－－－－－－－－－－,10.0,0.0,0.0,0.0,0.0,0.0,-1560.0,3350.0,yonden
2017,8,2017-08-19,22:00,3080.0,880.0,3300.0,470.0,－－－－－－－－－－,10.0,0.0,0.0,0.0,0.0,0.0,-1580.0,3080.0,yonden
2017,8,2017-08-19,23:00,2910.0,870.0,3290.0,450.0,－－－－－－－－－－,10.0,0.0,0.0,0.0,0.0,-10.0,-1700.0,2910.0,yonden
2017,8,2017-08-20,00:00,2660.0,870.0,2780.0,460.0,－－－－－－－－－－,10.0,0.0,0.0,0.0,0.0,-300.0,-1160.0,2660.0,yonden
2017,8,2017-08-20,01:00,2510.0,880.0,2450.0,480.0,－－－－－－－－－－,10.0,0.0,0.0,0.0,0.0,-300.0,-1010.0,2510.0,yonden
2017,8,2017-08-20,02:00,2520.0,870.0,2440.0,410.0,－－－－－－－－－－,10.0,0.0,0.0,0.0,0.0,-300.0,-910.0,2520.0,yonden
2017,8,2017-08-20,03:00,2600.0,870.0,2440.0,430.0,－－－－－－－－－－,10.0,0.0,0.0,0.0,0.0,-300.0,-850.0,2600.0,yonden
2017,8,2017-08-20,04:00,2700.0,880.0,2470.0,510.0,－－－－－－－－－－,10.0,0.0,0.0,0.0,0.0,-300.0,-870.0,2700.0,yonden
2017,8,2017-08-20,05:00,2750.0,880.0,2460.0,490.0,－－－－－－－－－－,10.0,10.0,0.0,0.0,0.0,-300.0,-800.0,2750.0,yonden
2017,8,2017-08-20,06:00,2660.0,880.0,2270.0,430.0,－－－－－－－－－－,10.0,200.0,0.0,0.0,0.0,-300.0,-830.0,2660.0,yonden
2017,8,2017-08-20,07:00,2630.0,880.0,2240.0,430.0,－－－－－－－－－－,10.0,490.0,0.0,0.0,0.0,-300.0,-1120.0,2630.0,yonden
2017,8,2017-08-20,08:00,2910.0,880.0,2410.0,460.0,－－－－－－－－－－,10.0,800.0,0.0,0.0,0.0,-300.0,-1350.0,2910.0,yonden
2017,8,2017-08-20,09:00,3240.0,880.0,2580.0,460.0,－－－－－－－－－－,10.0,1070.0,0.0,0.0,0.0,-290.0,-1470.0,3240.0,yonden
2017,8,2017-08-20,10:00,3410.0,880.0,2630.0,500.0,－－－－－－－－－－,10.0,1230.0,0.0,0.0,0.0,-290.0,-1550.0,3410.0,yonden
2017,8,2017-08-20,11:00,3530.0,880.0,2640.0,530.0,－－－－－－－－－－,10.0,1290.0,0.0,0.0,0.0,-290.0,-1530.0,3530.0,yonden
2017,8,2017-08-20,12:00,3630.0,880.0,2670.0,490.0,－－－－－－－－－－,10.0,1310.0,0.0,10.0,0.0,-290.0,-1450.0,3630.0,yonden
2017,8,2017-08-20,13:00,3700.0,880.0,2650.0,510.0,－－－－－－－－－－,10.0,1260.0,0.0,10.0,0.0,-150.0,-1470.0,3700.0,yonden
2017,8,2017-08-20,14:00,3750.0,880.0,2730.0,490.0,－－－－－－－－－－,10.0,1110.0,0.0,20.0,0.0,0.0,-1490.0,3750.0,yonden
2017,8,2017-08-20,15:00,3810.0,880.0,2850.0,520.0,－－－－－－－－－－,10.0,880.0,0.0,30.0,0.0,0.0,-1360.0,3810.0,yonden
2017,8,2017-08-20,16:00,3820.0,880.0,3220.0,560.0,－－－－－－－－－－,10.0,570.0,0.0,40.0,0.0,150.0,-1610.0,3820.0,yonden
2017,8,2017-08-20,17:00,3840.0,880.0,3820.0,600.0,－－－－－－－－－－,10.0,270.0,0.0,60.0,0.0,260.0,-2060.0,3840.0,yonden
2017,8,2017-08-20,18:00,3810.0,880.0,3900.0,620.0,－－－－－－－－－－,10.0,40.0,0.0,60.0,0.0,250.0,-1950.0,3810.0,yonden
2017,8,2017-08-20,19:00,3780.0,880.0,3870.0,630.0,－－－－－－－－－－,10.0,0.0,0.0,60.0,0.0,260.0,-1930.0,3780.0,yonden
2017,8,2017-08-20,20:00,3570.0,880.0,3760.0,560.0,－－－－－－－－－－,10.0,0.0,0.0,50.0,0.0,220.0,-1910.0,3570.0,yonden
2017,8,2017-08-20,21:00,3330.0,880.0,3610.0,510.0,－－－－－－－－－－,10.0,0.0,0.0,50.0,0.0,0.0,-1730.0,3330.0,yonden
2017,8,2017-08-20,22:00,3070.0,880.0,2970.0,460.0,－－－－－－－－－－,10.0,0.0,0.0,50.0,0.0,0.0,-1300.0,3070.0,yonden
2017,8,2017-08-20,23:00,2880.0,880.0,2520.0,430.0,－－－－－－－－－－,10.0,0.0,0.0,50.0,0.0,-20.0,-990.0,2880.0,yonden
2017,8,2017-08-21,00:00,2630.0,880.0,2390.0,440.0,－－－－－－－－－－,10.0,0.0,0.0,50.0,0.0,-300.0,-840.0,2630.0,yonden
2017,8,2017-08-21,01:00,2490.0,880.0,2320.0,430.0,－－－－－－－－－－,10.0,0.0,0.0,50.0,0.0,-300.0,-900.0,2490.0,yonden
2017,8,2017-08-21,02:00,2510.0,880.0,2400.0,420.0,－－－－－－－－－－,10.0,0.0,0.0,30.0,0.0,-300.0,-930.0,2510.0,yonden
2017,8,2017-08-21,03:00,2620.0,880.0,2390.0,470.0,－－－－－－－－－－,10.0,0.0,0.0,40.0,0.0,-300.0,-870.0,2620.0,yonden
2017,8,2017-08-21,04:00,2730.0,880.0,2390.0,460.0,－－－－－－－－－－,10.0,0.0,0.0,30.0,0.0,-300.0,-740.0,2730.0,yonden
2017,8,2017-08-21,05:00,2830.0,880.0,2440.0,460.0,－－－－－－－－－－,10.0,10.0,0.0,20.0,0.0,-300.0,-690.0,2830.0,yonden
2017,8,2017-08-21,06:00,2900.0,880.0,2480.0,420.0,－－－－－－－－－－,10.0,200.0,0.0,20.0,0.0,-300.0,-810.0,2900.0,yonden
2017,8,2017-08-21,07:00,3120.0,880.0,2890.0,420.0,－－－－－－－－－－,10.0,500.0,0.0,10.0,0.0,-200.0,-1390.0,3120.0,yonden
2017,8,2017-08-21,08:00,3830.0,880.0,3800.0,480.0,－－－－－－－－－－,10.0,830.0,0.0,10.0,0.0,0.0,-2180.0,3830.0,yonden
2017,8,2017-08-21,09:00,4300.0,880.0,4020.0,540.0,－－－－－－－－－－,10.0,1080.0,0.0,20.0,0.0,0.0,-2250.0,4300.0,yonden
2017,8,2017-08-21,10:00,4510.0,880.0,4210.0,540.0,－－－－－－－－－－,10.0,1210.0,0.0,20.0,0.0,0.0,-2360.0,4510.0,yonden
2017,8,2017-08-21,11:00,4670.0,880.0,4380.0,580.0,－－－－－－－－－－,10.0,1180.0,0.0,20.0,0.0,0.0,-2380.0,4670.0,yonden
2017,8,2017-08-21,12:00,4560.0,880.0,4460.0,450.0,－－－－－－－－－－,10.0,1050.0,0.0,40.0,0.0,0.0,-2330.0,4560.0,yonden
2017,8,2017-08-21,13:00,4760.0,880.0,4490.0,500.0,－－－－－－－－－－,10.0,850.0,0.0,50.0,0.0,210.0,-2230.0,4760.0,yonden
2017,8,2017-08-21,14:00,4690.0,880.0,4520.0,530.0,－－－－－－－－－－,10.0,570.0,0.0,40.0,0.0,260.0,-2120.0,4690.0,yonden
2017,8,2017-08-21,15:00,4510.0,880.0,4490.0,560.0,－－－－－－－－－－,10.0,320.0,0.0,50.0,0.0,170.0,-1970.0,4510.0,yonden
2017,8,2017-08-21,16:00,4500.0,880.0,4390.0,650.0,－－－－－－－－－－,10.0,260.0,0.0,60.0,0.0,160.0,-1910.0,4500.0,yonden
2017,8,2017-08-21,17:00,4280.0,880.0,4210.0,660.0,－－－－－－－－－－,10.0,120.0,0.0,70.0,0.0,220.0,-1890.0,4280.0,yonden
2017,8,2017-08-21,18:00,4280.0,880.0,4200.0,690.0,－－－－－－－－－－,10.0,20.0,0.0,70.0,0.0,320.0,-1910.0,4280.0,yonden
2017,8,2017-08-21,19:00,4140.0,880.0,4210.0,670.0,－－－－－－－－－－,10.0,0.0,0.0,60.0,0.0,260.0,-1950.0,4140.0,yonden
2017,8,2017-08-21,20:00,3880.0,880.0,4120.0,590.0,－－－－－－－－－－,10.0,0.0,0.0,50.0,0.0,230.0,-2000.0,3880.0,yonden
2017,8,2017-08-21,21:00,3600.0,880.0,3790.0,520.0,－－－－－－－－－－,10.0,0.0,0.0,50.0,0.0,110.0,-1760.0,3600.0,yonden
2017,8,2017-08-21,22:00,3320.0,880.0,3500.0,460.0,－－－－－－－－－－,10.0,0.0,0.0,40.0,0.0,0.0,-1570.0,3320.0,yonden
2017,8,2017-08-21,23:00,3120.0,880.0,3490.0,410.0,－－－－－－－－－－,10.0,0.0,0.0,50.0,0.0,0.0,-1720.0,3120.0,yonden
2017,8,2017-08-22,00:00,2860.0,870.0,2870.0,410.0,－－－－－－－－－－,10.0,0.0,0.0,60.0,0.0,-110.0,-1250.0,2860.0,yonden
2017,8,2017-08-22,01:00,2690.0,870.0,2500.0,430.0,－－－－－－－－－－,10.0,0.0,0.0,50.0,0.0,-300.0,-870.0,2690.0,yonden
2017,8,2017-08-22,02:00,2710.0,870.0,2500.0,440.0,－－－－－－－－－－,10.0,0.0,0.0,60.0,0.0,-300.0,-870.0,2710.0,yonden
2017,8,2017-08-22,03:00,2790.0,870.0,2460.0,470.0,－－－－－－－－－－,10.0,0.0,0.0,70.0,0.0,-300.0,-790.0,2790.0,yonden
2017,8,2017-08-22,04:00,2900.0,880.0,2420.0,480.0,－－－－－－－－－－,10.0,0.0,0.0,70.0,0.0,-300.0,-660.0,2900.0,yonden
2017,8,2017-08-22,05:00,2990.0,880.0,2520.0,420.0,－－－－－－－－－－,10.0,10.0,0.0,70.0,0.0,-300.0,-620.0,2990.0,yonden
2017,8,2017-08-22,06:00,3030.0,880.0,2570.0,400.0,－－－－－－－－－－,10.0,100.0,0.0,60.0,0.0,-300.0,-690.0,3030.0,yonden
2017,8,2017-08-22,07:00,3190.0,880.0,3070.0,400.0,－－－－－－－－－－,10.0,240.0,0.0,60.0,0.0,-300.0,-1170.0,3190.0,yonden
2017,8,2017-08-22,08:00,3890.0,880.0,3950.0,460.0,－－－－－－－－－－,10.0,550.0,0.0,40.0,0.0,-150.0,-1850.0,3890.0,yonden
2017,8,2017-08-22,09:00,4290.0,880.0,4360.0,470.0,－－－－－－－－－－,10.0,600.0,0.0,40.0,0.0,0.0,-2070.0,4290.0,yonden
2017,8,2017-08-22,10:00,4450.0,880.0,4380.0,460.0,－－－－－－－－－－,10.0,880.0,0.0,40.0,0.0,0.0,-2200.0,4450.0,yonden
2017,8,2017-08-22,11:00,4640.0,880.0,4410.0,510.0,－－－－－－－－－－,10.0,1100.0,0.0,50.0,0.0,0.0,-2320.0,4640.0,yonden
2017,8,2017-08-22,12:00,4550.0,880.0,4360.0,450.0,－－－－－－－－－－,10.0,1050.0,0.0,50.0,0.0,0.0,-2250.0,4550.0,yonden
2017,8,2017-08-22,13:00,4720.0,880.0,4320.0,460.0,－－－－－－－－－－,10.0,1090.0,0.0,50.0,0.0,0.0,-2090.0,4720.0,yonden
2017,8,2017-08-22,14:00,4870.0,880.0,4350.0,480.0,－－－－－－－－－－,10.0,1130.0,0.0,40.0,0.0,0.0,-2020.0,4870.0,yonden
2017,8,2017-08-22,15:00,4990.0,880.0,4420.0,520.0,－－－－－－－－－－,10.0,850.0,0.0,40.0,0.0,230.0,-1960.0,4990.0,yonden
2017,8,2017-08-22,16:00,4860.0,880.0,4550.0,600.0,－－－－－－－－－－,10.0,460.0,0.0,40.0,0.0,280.0,-1960.0,4860.0,yonden
2017,8,2017-08-22,17:00,4660.0,880.0,4620.0,620.0,－－－－－－－－－－,10.0,240.0,0.0,40.0,0.0,270.0,-2020.0,4660.0,yonden
2017,8,2017-08-22,18:00,4530.0,880.0,4620.0,660.0,－－－－－－－－－－,10.0,40.0,0.0,30.0,0.0,300.0,-2010.0,4530.0,yonden
2017,8,2017-08-22,19:00,4350.0,880.0,4520.0,630.0,－－－－－－－－－－,10.0,0.0,0.0,40.0,0.0,300.0,-2030.0,4350.0,yonden
2017,8,2017-08-22,20:00,4080.0,880.0,4280.0,510.0,－－－－－－－－－－,10.0,0.0,0.0,40.0,0.0,310.0,-1950.0,4080.0,yonden
2017,8,2017-08-22,21:00,3780.0,880.0,3960.0,440.0,－－－－－－－－－－,10.0,0.0,0.0,40.0,0.0,220.0,-1770.0,3780.0,yonden
2017,8,2017-08-22,22:00,3490.0,880.0,3740.0,370.0,－－－－－－－－－－,10.0,0.0,0.0,50.0,0.0,0.0,-1560.0,3490.0,yonden
2017,8,2017-08-22,23:00,3270.0,880.0,3600.0,330.0,－－－－－－－－－－,10.0,0.0,0.0,40.0,0.0,0.0,-1590.0,3270.0,yonden
2017,8,2017-08-23,00:00,3000.0,880.0,2930.0,320.0,－－－－－－－－－－,10.0,0.0,0.0,40.0,0.0,-30.0,-1150.0,3000.0,yonden
2017,8,2017-08-23,01:00,2830.0,880.0,2750.0,340.0,－－－－－－－－－－,10.0,0.0,0.0,30.0,0.0,-300.0,-880.0,2830.0,yonden
2017,8,2017-08-23,02:00,2830.0,880.0,2800.0,320.0,－－－－－－－－－－,10.0,0.0,0.0,20.0,0.0,-300.0,-900.0,2830.0,yonden
2017,8,2017-08-23,03:00,2910.0,880.0,2790.0,370.0,－－－－－－－－－－,10.0,0.0,0.0,10.0,0.0,-300.0,-850.0,2910.0,yonden
2017,8,2017-08-23,04:00,3020.0,880.0,2780.0,390.0,－－－－－－－－－－,10.0,0.0,0.0,10.0,0.0,-300.0,-750.0,3020.0,yonden
2017,8,2017-08-23,05:00,3090.0,880.0,2780.0,360.0,－－－－－－－－－－,10.0,10.0,0.0,10.0,0.0,-300.0,-660.0,3090.0,yonden
2017,8,2017-08-23,06:00,3110.0,880.0,2710.0,360.0,－－－－－－－－－－,10.0,170.0,0.0,0.0,0.0,-300.0,-720.0,3110.0,yonden
2017,8,2017-08-23,07:00,3360.0,880.0,3100.0,370.0,－－－－－－－－－－,10.0,450.0,0.0,0.0,0.0,-150.0,-1300.0,3360.0,yonden
2017,8,2017-08-23,08:00,4080.0,880.0,4050.0,440.0,－－－－－－－－－－,10.0,780.0,0.0,0.0,0.0,0.0,-2080.0,4080.0,yonden
2017,8,2017-08-23,09:00,4510.0,880.0,4350.0,510.0,－－－－－－－－－－,10.0,1060.0,0.0,0.0,0.0,0.0,-2300.0,4510.0,yonden
2017,8,2017-08-23,10:00,4730.0,880.0,4540.0,510.0,－－－－－－－－－－,10.0,1230.0,0.0,0.0,0.0,0.0,-2440.0,4730.0,yonden
2017,8,2017-08-23,11:00,4870.0,880.0,4590.0,500.0,－－－－－－－－－－,10.0,1310.0,0.0,0.0,0.0,0.0,-2420.0,4870.0,yonden
2017,8,2017-08-23,12:00,4790.0,880.0,4580.0,390.0,－－－－－－－－－－,10.0,1330.0,0.0,0.0,0.0,0.0,-2400.0,4790.0,yonden
2017,8,2017-08-23,13:00,5030.0,880.0,4600.0,490.0,－－－－－－－－－－,10.0,1300.0,0.0,0.0,0.0,150.0,-2400.0,5030.0,yonden
2017,8,2017-08-23,14:00,5120.0,880.0,4680.0,540.0,－－－－－－－－－－,10.0,1200.0,0.0,0.0,0.0,220.0,-2410.0,5120.0,yonden
2017,8,2017-08-23,15:00,5070.0,880.0,4800.0,580.0,－－－－－－－－－－,10.0,910.0,0.0,0.0,0.0,240.0,-2350.0,5070.0,yonden
2017,8,2017-08-23,16:00,5080.0,880.0,4980.0,600.0,－－－－－－－－－－,10.0,600.0,0.0,0.0,0.0,230.0,-2220.0,5080.0,yonden
2017,8,2017-08-23,17:00,4770.0,880.0,4870.0,620.0,－－－－－－－－－－,10.0,230.0,0.0,0.0,0.0,200.0,-2040.0,4770.0,yonden
2017,8,2017-08-23,18:00,4640.0,880.0,4920.0,640.0,－－－－－－－－－－,10.0,30.0,0.0,0.0,0.0,210.0,-2050.0,4640.0,yonden
2017,8,2017-08-23,19:00,4500.0,880.0,4880.0,630.0,－－－－－－－－－－,10.0,0.0,0.0,0.0,0.0,210.0,-2110.0,4500.0,yonden
2017,8,2017-08-23,20:00,4200.0,880.0,4590.0,580.0,－－－－－－－－－－,10.0,0.0,0.0,0.0,0.0,210.0,-2070.0,4200.0,yonden
2017,8,2017-08-23,21:00,3860.0,880.0,4200.0,480.0,－－－－－－－－－－,10.0,0.0,0.0,0.0,0.0,90.0,-1800.0,3860.0,yonden
2017,8,2017-08-23,22:00,3540.0,880.0,3980.0,410.0,－－－－－－－－－－,10.0,0.0,0.0,0.0,0.0,0.0,-1740.0,3540.0,yonden
2017,8,2017-08-23,23:00,3310.0,880.0,3870.0,310.0,－－－－－－－－－－,10.0,0.0,0.0,0.0,0.0,0.0,-1760.0,3310.0,yonden
2017,8,2017-08-24,00:00,3000.0,870.0,3740.0,320.0,－－－－－－－－－－,10.0,0.0,0.0,0.0,0.0,-160.0,-1780.0,3000.0,yonden
2017,8,2017-08-24,01:00,2820.0,880.0,3720.0,310.0,－－－－－－－－－－,10.0,0.0,0.0,0.0,0.0,-300.0,-1800.0,2820.0,yonden
2017,8,2017-08-24,02:00,2810.0,870.0,3740.0,330.0,－－－－－－－－－－,10.0,0.0,0.0,0.0,0.0,-300.0,-1840.0,2810.0,yonden
2017,8,2017-08-24,03:00,2880.0,870.0,3760.0,370.0,－－－－－－－－－－,10.0,0.0,0.0,0.0,0.0,-300.0,-1830.0,2880.0,yonden
2017,8,2017-08-24,04:00,2970.0,880.0,3730.0,380.0,－－－－－－－－－－,10.0,0.0,0.0,0.0,0.0,-300.0,-1730.0,2970.0,yonden
2017,8,2017-08-24,05:00,3060.0,870.0,3730.0,400.0,－－－－－－－－－－,10.0,10.0,0.0,0.0,0.0,-300.0,-1660.0,3060.0,yonden
2017,8,2017-08-24,06:00,3160.0,880.0,3720.0,380.0,－－－－－－－－－－,10.0,200.0,0.0,0.0,0.0,-300.0,-1730.0,3160.0,yonden
2017,8,2017-08-24,07:00,3380.0,880.0,3760.0,420.0,－－－－－－－－－－,10.0,510.0,0.0,0.0,0.0,-150.0,-2050.0,3380.0,yonden
2017,8,2017-08-24,08:00,4110.0,880.0,4220.0,450.0,－－－－－－－－－－,10.0,850.0,0.0,0.0,0.0,0.0,-2300.0,4110.0,yonden
2017,8,2017-08-24,09:00,4560.0,880.0,4530.0,510.0,－－－－－－－－－－,10.0,1110.0,0.0,0.0,0.0,0.0,-2480.0,4560.0,yonden
2017,8,2017-08-24,10:00,4740.0,880.0,4520.0,510.0,－－－－－－－－－－,10.0,1300.0,0.0,0.0,0.0,0.0,-2480.0,4740.0,yonden
2017,8,2017-08-24,11:00,4880.0,880.0,4620.0,470.0,－－－－－－－－－－,10.0,1390.0,0.0,0.0,0.0,0.0,-2490.0,4880.0,yonden
2017,8,2017-08-24,12:00,4800.0,880.0,4610.0,370.0,－－－－－－－－－－,10.0,1430.0,0.0,0.0,0.0,0.0,-2500.0,4800.0,yonden
2017,8,2017-08-24,13:00,5060.0,880.0,4730.0,460.0,－－－－－－－－－－,10.0,1380.0,0.0,0.0,0.0,110.0,-2510.0,5060.0,yonden
2017,8,2017-08-24,14:00,5140.0,880.0,4730.0,490.0,－－－－－－－－－－,10.0,1240.0,0.0,0.0,0.0,240.0,-2450.0,5140.0,yonden
2017,8,2017-08-24,15:00,5160.0,880.0,4810.0,520.0,－－－－－－－－－－,10.0,1000.0,0.0,0.0,0.0,260.0,-2320.0,5160.0,yonden
2017,8,2017-08-24,16:00,5190.0,880.0,5000.0,580.0,－－－－－－－－－－,10.0,670.0,0.0,0.0,0.0,270.0,-2220.0,5190.0,yonden
2017,8,2017-08-24,17:00,4990.0,880.0,5110.0,610.0,－－－－－－－－－－,10.0,320.0,0.0,10.0,0.0,260.0,-2210.0,4990.0,yonden
2017,8,2017-08-24,18:00,4790.0,880.0,5150.0,630.0,－－－－－－－－－－,10.0,40.0,0.0,10.0,0.0,260.0,-2190.0,4790.0,yonden
2017,8,2017-08-24,19:00,4590.0,880.0,5050.0,610.0,－－－－－－－－－－,10.0,0.0,0.0,10.0,0.0,250.0,-2220.0,4590.0,yonden
2017,8,2017-08-24,20:00,4270.0,880.0,4880.0,520.0,－－－－－－－－－－,10.0,0.0,0.0,10.0,0.0,190.0,-2220.0,4270.0,yonden
2017,8,2017-08-24,21:00,3940.0,880.0,4680.0,440.0,－－－－－－－－－－,10.0,0.0,0.0,10.0,0.0,0.0,-2080.0,3940.0,yonden
2017,8,2017-08-24,22:00,3630.0,880.0,4180.0,390.0,－－－－－－－－－－,10.0,0.0,0.0,0.0,0.0,0.0,-1830.0,3630.0,yonden
2017,8,2017-08-24,23:00,3400.0,880.0,3910.0,330.0,－－－－－－－－－－,10.0,0.0,0.0,0.0,0.0,0.0,-1730.0,3400.0,yonden
2017,8,2017-08-25,00:00,3090.0,880.0,3760.0,340.0,－－－－－－－－－－,10.0,0.0,0.0,10.0,0.0,-150.0,-1760.0,3090.0,yonden
2017,8,2017-08-25,01:00,2910.0,880.0,3750.0,320.0,－－－－－－－－－－,10.0,0.0,0.0,0.0,0.0,-300.0,-1750.0,2910.0,yonden
2017,8,2017-08-25,02:00,2900.0,880.0,3740.0,360.0,－－－－－－－－－－,10.0,0.0,0.0,10.0,0.0,-300.0,-1800.0,2900.0,yonden
2017,8,2017-08-25,03:00,2950.0,870.0,3780.0,360.0,－－－－－－－－－－,10.0,0.0,0.0,10.0,0.0,-300.0,-1780.0,2950.0,yonden
2017,8,2017-08-25,04:00,3040.0,880.0,3770.0,370.0,－－－－－－－－－－,10.0,0.0,0.0,10.0,0.0,-300.0,-1700.0,3040.0,yonden
2017,8,2017-08-25,05:00,3140.0,880.0,3780.0,370.0,－－－－－－－－－－,10.0,10.0,0.0,0.0,0.0,-300.0,-1610.0,3140.0,yonden
2017,8,2017-08-25,06:00,3240.0,880.0,3750.0,300.0,－－－－－－－－－－,10.0,170.0,0.0,0.0,0.0,-300.0,-1570.0,3240.0,yonden
2017,8,2017-08-25,07:00,3450.0,880.0,3710.0,310.0,－－－－－－－－－－,10.0,430.0,0.0,0.0,0.0,-150.0,-1740.0,3450.0,yonden
2017,8,2017-08-25,08:00,4180.0,880.0,4100.0,430.0,－－－－－－－－－－,10.0,740.0,0.0,0.0,0.0,0.0,-1980.0,4180.0,yonden
2017,8,2017-08-25,09:00,4670.0,880.0,4610.0,530.0,－－－－－－－－－－,10.0,900.0,0.0,0.0,0.0,0.0,-2260.0,4670.0,yonden
2017,8,2017-08-25,10:00,4820.0,880.0,4950.0,540.0,－－－－－－－－－－,10.0,840.0,0.0,0.0,0.0,0.0,-2400.0,4820.0,yonden
2017,8,2017-08-25,11:00,4880.0,880.0,5150.0,510.0,－－－－－－－－－－,10.0,810.0,0.0,0.0,0.0,0.0,-2480.0,4880.0,yonden
2017,8,2017-08-25,12:00,4760.0,880.0,5030.0,340.0,－－－－－－－－－－,10.0,990.0,0.0,0.0,0.0,0.0,-2490.0,4760.0,yonden
2017,8,2017-08-25,13:00,5030.0,880.0,4980.0,400.0,－－－－－－－－－－,10.0,1100.0,0.0,0.0,0.0,10.0,-2350.0,5030.0,yonden
2017,8,2017-08-25,14:00,5120.0,880.0,4760.0,440.0,－－－－－－－－－－,10.0,1110.0,0.0,0.0,0.0,180.0,-2260.0,5120.0,yonden
2017,8,2017-08-25,15:00,5160.0,880.0,4740.0,490.0,－－－－－－－－－－,10.0,970.0,0.0,0.0,0.0,270.0,-2200.0,5160.0,yonden
2017,8,2017-08-25,16:00,5200.0,880.0,4900.0,550.0,－－－－－－－－－－,10.0,650.0,0.0,0.0,0.0,270.0,-2060.0,5200.0,yonden
2017,8,2017-08-25,17:00,4980.0,880.0,4940.0,620.0,－－－－－－－－－－,10.0,310.0,0.0,10.0,0.0,270.0,-2060.0,4980.0,yonden
2017,8,2017-08-25,18:00,4740.0,880.0,5050.0,630.0,－－－－－－－－－－,10.0,40.0,0.0,10.0,0.0,260.0,-2140.0,4740.0,yonden
2017,8,2017-08-25,19:00,4560.0,880.0,4910.0,630.0,－－－－－－－－－－,10.0,0.0,0.0,10.0,0.0,260.0,-2140.0,4560.0,yonden
2017,8,2017-08-25,20:00,4270.0,880.0,4580.0,570.0,－－－－－－－－－－,10.0,0.0,0.0,10.0,0.0,260.0,-2040.0,4270.0,yonden
2017,8,2017-08-25,21:00,3980.0,880.0,4440.0,430.0,－－－－－－－－－－,10.0,0.0,0.0,10.0,0.0,260.0,-2050.0,3980.0,yonden
2017,8,2017-08-25,22:00,3680.0,880.0,4350.0,320.0,－－－－－－－－－－,10.0,0.0,0.0,0.0,0.0,20.0,-1900.0,3680.0,yonden
2017,8,2017-08-25,23:00,3440.0,880.0,4020.0,250.0,－－－－－－－－－－,10.0,0.0,0.0,10.0,0.0,0.0,-1730.0,3440.0,yonden
2017,8,2017-08-26,00:00,3160.0,870.0,3790.0,310.0,－－－－－－－－－－,10.0,0.0,0.0,10.0,0.0,0.0,-1830.0,3160.0,yonden
2017,8,2017-08-26,01:00,2970.0,880.0,3640.0,270.0,－－－－－－－－－－,10.0,0.0,0.0,10.0,0.0,-160.0,-1680.0,2970.0,yonden
2017,8,2017-08-26,02:00,2950.0,870.0,3640.0,250.0,－－－－－－－－－－,10.0,0.0,0.0,10.0,0.0,-310.0,-1520.0,2950.0,yonden
2017,8,2017-08-26,03:00,2980.0,870.0,3680.0,260.0,－－－－－－－－－－,10.0,0.0,0.0,10.0,0.0,-300.0,-1550.0,2980.0,yonden
2017,8,2017-08-26,04:00,3010.0,880.0,3660.0,290.0,－－－－－－－－－－,10.0,0.0,0.0,10.0,0.0,-300.0,-1540.0,3010.0,yonden
2017,8,2017-08-26,05:00,3080.0,870.0,3690.0,260.0,－－－－－－－－－－,10.0,10.0,0.0,10.0,0.0,-300.0,-1470.0,3080.0,yonden
2017,8,2017-08-26,06:00,3000.0,880.0,3640.0,190.0,－－－－－－－－－－,10.0,80.0,0.0,20.0,0.0,-300.0,-1520.0,3000.0,yonden
2017,8,2017-08-26,07:00,2980.0,880.0,3560.0,220.0,－－－－－－－－－－,10.0,130.0,0.0,30.0,0.0,-300.0,-1550.0,2980.0,yonden
2017,8,2017-08-26,08:00,3330.0,880.0,3550.0,290.0,－－－－－－－－－－,10.0,250.0,0.0,30.0,0.0,0.0,-1680.0,3330.0,yonden
2017,8,2017-08-26,09:00,3570.0,880.0,3720.0,410.0,－－－－－－－－－－,10.0,350.0,0.0,20.0,0.0,0.0,-1820.0,3570.0,yonden
2017,8,2017-08-26,10:00,3650.0,880.0,3730.0,410.0,－－－－－－－－－－,10.0,440.0,0.0,30.0,0.0,0.0,-1850.0,3650.0,yonden
2017,8,2017-08-26,11:00,3730.0,880.0,3930.0,370.0,－－－－－－－－－－,10.0,470.0,0.0,30.0,0.0,0.0,-1960.0,3730.0,yonden
2017,8,2017-08-26,12:00,3640.0,880.0,3970.0,280.0,－－－－－－－－－－,10.0,490.0,0.0,20.0,0.0,0.0,-2010.0,3640.0,yonden
2017,8,2017-08-26,13:00,3620.0,880.0,3820.0,310.0,－－－－－－－－－－,10.0,440.0,0.0,10.0,0.0,0.0,-1850.0,3620.0,yonden
2017,8,2017-08-26,14:00,3530.0,880.0,3670.0,310.0,－－－－－－－－－－,10.0,420.0,0.0,0.0,0.0,0.0,-1760.0,3530.0,yonden
2017,8,2017-08-26,15:00,3500.0,880.0,3680.0,320.0,－－－－－－－－－－,10.0,400.0,0.0,0.0,0.0,0.0,-1790.0,3500.0,yonden
2017,8,2017-08-26,16:00,3520.0,880.0,3820.0,420.0,－－－－－－－－－－,10.0,310.0,0.0,0.0,0.0,0.0,-1920.0,3520.0,yonden
2017,8,2017-08-26,17:00,3490.0,880.0,3850.0,450.0,－－－－－－－－－－,10.0,170.0,0.0,0.0,0.0,0.0,-1870.0,3490.0,yonden
2017,8,2017-08-26,18:00,3470.0,880.0,3890.0,490.0,－－－－－－－－－－,10.0,20.0,0.0,10.0,0.0,20.0,-1850.0,3470.0,yonden
2017,8,2017-08-26,19:00,3390.0,880.0,3880.0,420.0,－－－－－－－－－－,10.0,0.0,0.0,10.0,0.0,140.0,-1950.0,3390.0,yonden
2017,8,2017-08-26,20:00,3190.0,880.0,3710.0,400.0,－－－－－－－－－－,10.0,0.0,0.0,20.0,0.0,0.0,-1830.0,3190.0,yonden
2017,8,2017-08-26,21:00,2980.0,880.0,3490.0,310.0,－－－－－－－－－－,10.0,0.0,0.0,10.0,0.0,0.0,-1720.0,2980.0,yonden
2017,8,2017-08-26,22:00,2760.0,880.0,3360.0,260.0,－－－－－－－－－－,10.0,0.0,0.0,10.0,0.0,0.0,-1760.0,2760.0,yonden
2017,8,2017-08-26,23:00,2660.0,880.0,3410.0,200.0,－－－－－－－－－－,10.0,0.0,0.0,10.0,0.0,0.0,-1850.0,2660.0,yonden
2017,8,2017-08-27,00:00,2480.0,880.0,3370.0,170.0,－－－－－－－－－－,10.0,0.0,0.0,20.0,0.0,0.0,-1970.0,2480.0,yonden
2017,8,2017-08-27,01:00,2360.0,880.0,3270.0,170.0,－－－－－－－－－－,10.0,0.0,0.0,20.0,0.0,0.0,-1990.0,2360.0,yonden
2017,8,2017-08-27,02:00,2410.0,880.0,3310.0,180.0,－－－－－－－－－－,10.0,0.0,0.0,20.0,0.0,0.0,-1990.0,2410.0,yonden
2017,8,2017-08-27,03:00,2510.0,880.0,3360.0,200.0,－－－－－－－－－－,10.0,0.0,0.0,20.0,0.0,0.0,-1960.0,2510.0,yonden
2017,8,2017-08-27,04:00,2640.0,880.0,3370.0,240.0,－－－－－－－－－－,10.0,0.0,0.0,20.0,0.0,0.0,-1880.0,2640.0,yonden
2017,8,2017-08-27,05:00,2680.0,870.0,3350.0,230.0,－－－－－－－－－－,10.0,10.0,0.0,20.0,0.0,0.0,-1810.0,2680.0,yonden
2017,8,2017-08-27,06:00,2550.0,880.0,3210.0,190.0,－－－－－－－－－－,10.0,170.0,0.0,20.0,0.0,0.0,-1930.0,2550.0,yonden
2017,8,2017-08-27,07:00,2460.0,880.0,3110.0,190.0,－－－－－－－－－－,10.0,430.0,0.0,20.0,0.0,-180.0,-2000.0,2460.0,yonden
2017,8,2017-08-27,08:00,2680.0,880.0,3000.0,200.0,－－－－－－－－－－,10.0,780.0,0.0,20.0,0.0,-300.0,-1910.0,2680.0,yonden
2017,8,2017-08-27,09:00,2970.0,880.0,2870.0,240.0,－－－－－－－－－－,10.0,1070.0,0.0,10.0,0.0,-300.0,-1810.0,2970.0,yonden
2017,8,2017-08-27,10:00,3130.0,880.0,2900.0,220.0,－－－－－－－－－－,10.0,1230.0,0.0,10.0,0.0,-300.0,-1820.0,3130.0,yonden
2017,8,2017-08-27,11:00,3250.0,880.0,3000.0,300.0,－－－－－－－－－－,10.0,1270.0,0.0,10.0,0.0,-150.0,-2070.0,3250.0,yonden
2017,8,2017-08-27,12:00,3290.0,830.0,3040.0,260.0,－－－－－－－－－－,10.0,1290.0,0.0,0.0,0.0,0.0,-2140.0,3290.0,yonden
2017,8,2017-08-27,13:00,3340.0,860.0,3120.0,240.0,－－－－－－－－－－,10.0,1230.0,0.0,0.0,0.0,0.0,-2120.0,3340.0,yonden
2017,8,2017-08-27,14:00,3390.0,880.0,3280.0,220.0,－－－－－－－－－－,10.0,1070.0,0.0,0.0,0.0,0.0,-2070.0,3390.0,yonden
2017,8,2017-08-27,15:00,3430.0,880.0,3430.0,200.0,－－－－－－－－－－,10.0,810.0,0.0,0.0,0.0,0.0,-1900.0,3430.0,yonden
2017,8,2017-08-27,16:00,3460.0,880.0,3660.0,210.0,－－－－－－－－－－,10.0,460.0,0.0,10.0,0.0,0.0,-1770.0,3460.0,yonden
2017,8,2017-08-27,17:00,3460.0,880.0,3860.0,310.0,－－－－－－－－－－,10.0,170.0,0.0,0.0,0.0,160.0,-1930.0,3460.0,yonden
2017,8,2017-08-27,18:00,3490.0,880.0,3840.0,390.0,－－－－－－－－－－,10.0,20.0,0.0,10.0,0.0,260.0,-1920.0,3490.0,yonden
2017,8,2017-08-27,19:00,3460.0,880.0,3840.0,380.0,－－－－－－－－－－,10.0,0.0,0.0,10.0,0.0,200.0,-1860.0,3460.0,yonden
2017,8,2017-08-27,20:00,3280.0,880.0,3800.0,290.0,－－－－－－－－－－,10.0,0.0,0.0,10.0,0.0,0.0,-1710.0,3280.0,yonden
2017,8,2017-08-27,21:00,3070.0,880.0,3630.0,220.0,－－－－－－－－－－,10.0,0.0,0.0,10.0,0.0,0.0,-1680.0,3070.0,yonden
2017,8,2017-08-27,22:00,2820.0,880.0,3470.0,160.0,－－－－－－－－－－,10.0,0.0,0.0,20.0,0.0,0.0,-1720.0,2820.0,yonden
2017,8,2017-08-27,23:00,2650.0,880.0,3440.0,130.0,－－－－－－－－－－,10.0,0.0,0.0,20.0,0.0,0.0,-1830.0,2650.0,yonden
2017,8,2017-08-28,00:00,2450.0,870.0,3440.0,140.0,－－－－－－－－－－,10.0,0.0,0.0,30.0,0.0,-300.0,-1740.0,2450.0,yonden
2017,8,2017-08-28,01:00,2360.0,880.0,3460.0,120.0,－－－－－－－－－－,10.0,0.0,0.0,20.0,0.0,-290.0,-1840.0,2360.0,yonden
2017,8,2017-08-28,02:00,2420.0,870.0,3530.0,150.0,－－－－－－－－－－,10.0,0.0,0.0,20.0,0.0,-290.0,-1870.0,2420.0,yonden
2017,8,2017-08-28,03:00,2540.0,870.0,3590.0,180.0,－－－－－－－－－－,10.0,0.0,0.0,20.0,0.0,-290.0,-1840.0,2540.0,yonden
2017,8,2017-08-28,04:00,2670.0,880.0,3660.0,230.0,－－－－－－－－－－,10.0,0.0,0.0,20.0,0.0,-290.0,-1840.0,2670.0,yonden
2017,8,2017-08-28,05:00,2780.0,870.0,3780.0,210.0,－－－－－－－－－－,10.0,10.0,0.0,10.0,0.0,-290.0,-1820.0,2780.0,yonden
2017,8,2017-08-28,06:00,2840.0,880.0,3770.0,180.0,－－－－－－－－－－,10.0,110.0,0.0,10.0,0.0,-290.0,-1830.0,2840.0,yonden
2017,8,2017-08-28,07:00,3030.0,880.0,3840.0,200.0,－－－－－－－－－－,10.0,260.0,0.0,0.0,0.0,-290.0,-1870.0,3030.0,yonden
2017,8,2017-08-28,08:00,3660.0,880.0,4020.0,260.0,－－－－－－－－－－,10.0,440.0,0.0,0.0,0.0,-140.0,-1810.0,3660.0,yonden
2017,8,2017-08-28,09:00,4020.0,880.0,4260.0,320.0,－－－－－－－－－－,10.0,580.0,0.0,0.0,0.0,0.0,-2030.0,4020.0,yonden
2017,8,2017-08-28,10:00,4150.0,880.0,4220.0,310.0,－－－－－－－－－－,10.0,830.0,0.0,0.0,0.0,0.0,-2100.0,4150.0,yonden
2017,8,2017-08-28,11:00,4290.0,880.0,4230.0,380.0,－－－－－－－－－－,10.0,930.0,0.0,0.0,0.0,0.0,-2140.0,4290.0,yonden
2017,8,2017-08-28,12:00,4220.0,880.0,4040.0,250.0,－－－－－－－－－－,10.0,1080.0,0.0,0.0,0.0,0.0,-2040.0,4220.0,yonden
2017,8,2017-08-28,13:00,4500.0,880.0,4330.0,310.0,－－－－－－－－－－,10.0,1090.0,0.0,0.0,0.0,0.0,-2120.0,4500.0,yonden
2017,8,2017-08-28,14:00,4620.0,880.0,4390.0,370.0,－－－－－－－－－－,10.0,1020.0,0.0,0.0,0.0,0.0,-2050.0,4620.0,yonden
2017,8,2017-08-28,15:00,4640.0,880.0,4410.0,390.0,－－－－－－－－－－,10.0,780.0,0.0,0.0,0.0,90.0,-1920.0,4640.0,yonden
2017,8,2017-08-28,16:00,4660.0,880.0,4420.0,440.0,－－－－－－－－－－,10.0,510.0,0.0,0.0,0.0,310.0,-1910.0,4660.0,yonden
2017,8,2017-08-28,17:00,4430.0,880.0,4500.0,470.0,－－－－－－－－－－,10.0,220.0,0.0,0.0,0.0,270.0,-1920.0,4430.0,yonden
2017,8,2017-08-28,18:00,4300.0,880.0,4580.0,560.0,－－－－－－－－－－,10.0,20.0,0.0,0.0,0.0,270.0,-2020.0,4300.0,yonden
2017,8,2017-08-28,19:00,4130.0,880.0,4500.0,440.0,－－－－－－－－－－,10.0,0.0,0.0,10.0,0.0,260.0,-1970.0,4130.0,yonden
2017,8,2017-08-28,20:00,3840.0,880.0,4340.0,390.0,－－－－－－－－－－,10.0,0.0,0.0,10.0,0.0,230.0,-2020.0,3840.0,yonden
2017,8,2017-08-28,21:00,3540.0,880.0,4200.0,320.0,－－－－－－－－－－,10.0,0.0,0.0,10.0,0.0,80.0,-1960.0,3540.0,yonden
2017,8,2017-08-28,22:00,3260.0,880.0,3890.0,230.0,－－－－－－－－－－,10.0,0.0,0.0,20.0,0.0,0.0,-1770.0,3260.0,yonden
2017,8,2017-08-28,23:00,3050.0,880.0,3640.0,190.0,－－－－－－－－－－,10.0,0.0,0.0,20.0,0.0,0.0,-1690.0,3050.0,yonden
2017,8,2017-08-29,00:00,2800.0,880.0,3530.0,180.0,－－－－－－－－－－,10.0,0.0,0.0,20.0,0.0,-150.0,-1670.0,2800.0,yonden
2017,8,2017-08-29,01:00,2670.0,880.0,3590.0,150.0,－－－－－－－－－－,10.0,0.0,0.0,10.0,0.0,-290.0,-1680.0,2670.0,yonden
2017,8,2017-08-29,02:00,2680.0,880.0,3570.0,190.0,－－－－－－－－－－,10.0,0.0,0.0,10.0,0.0,-290.0,-1690.0,2680.0,yonden
2017,8,2017-08-29,03:00,2780.0,880.0,3570.0,220.0,－－－－－－－－－－,10.0,0.0,0.0,0.0,0.0,-290.0,-1610.0,2780.0,yonden
2017,8,2017-08-29,04:00,2880.0,880.0,3640.0,210.0,－－－－－－－－－－,10.0,0.0,0.0,0.0,0.0,-290.0,-1570.0,2880.0,yonden
2017,8,2017-08-29,05:00,2970.0,870.0,3630.0,240.0,－－－－－－－－－－,10.0,10.0,0.0,10.0,0.0,-290.0,-1510.0,2970.0,yonden
2017,8,2017-08-29,06:00,3020.0,870.0,3560.0,250.0,－－－－－－－－－－,10.0,160.0,0.0,0.0,0.0,-290.0,-1540.0,3020.0,yonden
2017,8,2017-08-29,07:00,3220.0,870.0,3590.0,220.0,－－－－－－－－－－,10.0,450.0,0.0,0.0,0.0,-150.0,-1770.0,3220.0,yonden
2017,8,2017-08-29,08:00,3890.0,870.0,3860.0,280.0,－－－－－－－－－－,10.0,760.0,0.0,0.0,0.0,0.0,-1890.0,3890.0,yonden
2017,8,2017-08-29,09:00,4310.0,870.0,4020.0,310.0,－－－－－－－－－－,10.0,980.0,0.0,0.0,0.0,0.0,-1880.0,4310.0,yonden
2017,8,2017-08-29,10:00,4480.0,870.0,4080.0,340.0,－－－－－－－－－－,10.0,1180.0,0.0,0.0,0.0,0.0,-2000.0,4480.0,yonden
2017,8,2017-08-29,11:00,4650.0,870.0,4160.0,370.0,－－－－－－－－－－,10.0,1300.0,0.0,0.0,0.0,0.0,-2060.0,4650.0,yonden
2017,8,2017-08-29,12:00,4580.0,870.0,4240.0,250.0,－－－－－－－－－－,10.0,1320.0,0.0,0.0,0.0,0.0,-2110.0,4580.0,yonden
2017,8,2017-08-29,13:00,4830.0,870.0,4600.0,350.0,－－－－－－－－－－,10.0,1280.0,0.0,0.0,0.0,0.0,-2280.0,4830.0,yonden
2017,8,2017-08-29,14:00,4910.0,870.0,4680.0,370.0,－－－－－－－－－－,10.0,1160.0,0.0,10.0,0.0,120.0,-2310.0,4910.0,yonden
2017,8,2017-08-29,15:00,4910.0,870.0,4700.0,390.0,－－－－－－－－－－,10.0,920.0,0.0,10.0,0.0,280.0,-2270.0,4910.0,yonden
2017,8,2017-08-29,16:00,4940.0,870.0,4910.0,440.0,－－－－－－－－－－,10.0,600.0,0.0,10.0,0.0,300.0,-2200.0,4940.0,yonden
2017,8,2017-08-29,17:00,4700.0,870.0,4930.0,510.0,－－－－－－－－－－,10.0,260.0,0.0,0.0,0.0,300.0,-2180.0,4700.0,yonden
2017,8,2017-08-29,18:00,4510.0,870.0,4880.0,530.0,－－－－－－－－－－,10.0,20.0,0.0,10.0,0.0,300.0,-2110.0,4510.0,yonden
2017,8,2017-08-29,19:00,4350.0,870.0,4830.0,470.0,－－－－－－－－－－,10.0,0.0,0.0,10.0,0.0,300.0,-2140.0,4350.0,yonden
2017,8,2017-08-29,20:00,4040.0,870.0,4620.0,390.0,－－－－－－－－－－,10.0,0.0,0.0,10.0,0.0,270.0,-2130.0,4040.0,yonden
2017,8,2017-08-29,21:00,3720.0,870.0,4510.0,290.0,－－－－－－－－－－,10.0,0.0,0.0,10.0,0.0,0.0,-1970.0,3720.0,yonden
2017,8,2017-08-29,22:00,3400.0,870.0,4110.0,210.0,－－－－－－－－－－,10.0,0.0,0.0,10.0,0.0,0.0,-1810.0,3400.0,yonden
2017,8,2017-08-29,23:00,3180.0,870.0,3840.0,190.0,－－－－－－－－－－,10.0,0.0,0.0,0.0,0.0,0.0,-1730.0,3180.0,yonden
2017,8,2017-08-30,00:00,2890.0,870.0,3770.0,150.0,－－－－－－－－－－,10.0,0.0,0.0,0.0,0.0,-250.0,-1660.0,2890.0,yonden
2017,8,2017-08-30,01:00,2750.0,880.0,3730.0,110.0,－－－－－－－－－－,10.0,0.0,0.0,0.0,0.0,-300.0,-1680.0,2750.0,yonden
2017,8,2017-08-30,02:00,2770.0,870.0,3760.0,120.0,－－－－－－－－－－,10.0,0.0,0.0,0.0,0.0,-290.0,-1700.0,2770.0,yonden
2017,8,2017-08-30,03:00,2850.0,870.0,3720.0,160.0,－－－－－－－－－－,10.0,0.0,0.0,10.0,0.0,-290.0,-1630.0,2850.0,yonden
2017,8,2017-08-30,04:00,2960.0,880.0,3760.0,160.0,－－－－－－－－－－,10.0,0.0,0.0,10.0,0.0,-290.0,-1570.0,2960.0,yonden
2017,8,2017-08-30,05:00,3050.0,870.0,3840.0,150.0,－－－－－－－－－－,10.0,10.0,0.0,10.0,0.0,-290.0,-1550.0,3050.0,yonden
2017,8,2017-08-30,06:00,3100.0,880.0,3830.0,180.0,－－－－－－－－－－,10.0,140.0,0.0,10.0,0.0,-290.0,-1660.0,3100.0,yonden
2017,8,2017-08-30,07:00,3250.0,880.0,3930.0,190.0,－－－－－－－－－－,10.0,290.0,0.0,10.0,0.0,-200.0,-1860.0,3250.0,yonden
2017,8,2017-08-30,08:00,3850.0,880.0,4330.0,250.0,－－－－－－－－－－,10.0,430.0,0.0,10.0,0.0,0.0,-2060.0,3850.0,yonden
2017,8,2017-08-30,09:00,4200.0,880.0,4760.0,290.0,－－－－－－－－－－,10.0,570.0,0.0,0.0,0.0,0.0,-2310.0,4200.0,yonden
2017,8,2017-08-30,10:00,4330.0,880.0,4830.0,260.0,－－－－－－－－－－,10.0,740.0,0.0,10.0,0.0,0.0,-2400.0,4330.0,yonden
2017,8,2017-08-30,11:00,4410.0,880.0,4920.0,250.0,－－－－－－－－－－,10.0,810.0,0.0,20.0,0.0,0.0,-2480.0,4410.0,yonden
2017,8,2017-08-30,12:00,4200.0,880.0,4580.0,210.0,－－－－－－－－－－,10.0,900.0,0.0,30.0,0.0,0.0,-2410.0,4200.0,yonden
2017,8,2017-08-30,13:00,4480.0,880.0,4660.0,240.0,－－－－－－－－－－,10.0,970.0,0.0,30.0,0.0,190.0,-2500.0,4480.0,yonden
2017,8,2017-08-30,14:00,4580.0,880.0,4640.0,270.0,－－－－－－－－－－,10.0,1000.0,0.0,20.0,0.0,260.0,-2500.0,4580.0,yonden
2017,8,2017-08-30,15:00,4590.0,880.0,4700.0,350.0,－－－－－－－－－－,10.0,820.0,0.0,20.0,0.0,270.0,-2460.0,4590.0,yonden
2017,8,2017-08-30,16:00,4600.0,880.0,4780.0,490.0,－－－－－－－－－－,10.0,560.0,0.0,20.0,0.0,260.0,-2400.0,4600.0,yonden
2017,8,2017-08-30,17:00,4370.0,880.0,4700.0,510.0,－－－－－－－－－－,10.0,250.0,0.0,30.0,0.0,240.0,-2250.0,4370.0,yonden
2017,8,2017-08-30,18:00,4170.0,880.0,4730.0,470.0,－－－－－－－－－－,10.0,20.0,0.0,40.0,0.0,240.0,-2220.0,4170.0,yonden
2017,8,2017-08-30,19:00,4010.0,880.0,4660.0,420.0,－－－－－－－－－－,10.0,0.0,0.0,30.0,0.0,250.0,-2240.0,4010.0,yonden
2017,8,2017-08-30,20:00,3750.0,880.0,4440.0,360.0,－－－－－－－－－－,10.0,0.0,0.0,20.0,0.0,240.0,-2200.0,3750.0,yonden
2017,8,2017-08-30,21:00,3440.0,870.0,4140.0,310.0,－－－－－－－－－－,10.0,0.0,0.0,10.0,0.0,150.0,-2050.0,3440.0,yonden
2017,8,2017-08-30,22:00,3170.0,870.0,4040.0,190.0,－－－－－－－－－－,10.0,0.0,0.0,30.0,0.0,0.0,-1970.0,3170.0,yonden
2017,8,2017-08-30,23:00,2970.0,880.0,3870.0,140.0,－－－－－－－－－－,10.0,0.0,0.0,40.0,0.0,0.0,-1970.0,2970.0,yonden
2017,8,2017-08-31,00:00,2730.0,880.0,3660.0,110.0,－－－－－－－－－－,10.0,0.0,0.0,50.0,0.0,-300.0,-1680.0,2730.0,yonden
2017,8,2017-08-31,01:00,2590.0,880.0,3530.0,100.0,－－－－－－－－－－,10.0,0.0,0.0,60.0,0.0,-300.0,-1690.0,2590.0,yonden
2017,8,2017-08-31,02:00,2610.0,880.0,3470.0,110.0,－－－－－－－－－－,10.0,0.0,0.0,60.0,0.0,-300.0,-1620.0,2610.0,yonden
2017,8,2017-08-31,03:00,2690.0,880.0,3530.0,150.0,－－－－－－－－－－,10.0,0.0,0.0,50.0,0.0,-300.0,-1630.0,2690.0,yonden
2017,8,2017-08-31,04:00,2810.0,880.0,3620.0,130.0,－－－－－－－－－－,10.0,0.0,0.0,60.0,0.0,-300.0,-1590.0,2810.0,yonden
2017,8,2017-08-31,05:00,2890.0,880.0,3650.0,130.0,－－－－－－－－－－,10.0,10.0,0.0,60.0,0.0,-300.0,-1550.0,2890.0,yonden
2017,8,2017-08-31,06:00,2910.0,870.0,3630.0,150.0,－－－－－－－－－－,10.0,190.0,0.0,50.0,0.0,-300.0,-1690.0,2910.0,yonden
2017,8,2017-08-31,07:00,3040.0,870.0,3720.0,190.0,－－－－－－－－－－,10.0,510.0,0.0,50.0,0.0,-300.0,-2010.0,3040.0,yonden
2017,8,2017-08-31,08:00,3650.0,880.0,3890.0,230.0,－－－－－－－－－－,10.0,810.0,0.0,50.0,0.0,0.0,-2220.0,3650.0,yonden
2017,8,2017-08-31,09:00,3990.0,880.0,4110.0,270.0,－－－－－－－－－－,10.0,1060.0,0.0,50.0,0.0,0.0,-2390.0,3990.0,yonden
2017,8,2017-08-31,10:00,4150.0,880.0,4030.0,270.0,－－－－－－－－－－,10.0,1290.0,0.0,50.0,0.0,0.0,-2380.0,4150.0,yonden
2017,8,2017-08-31,11:00,4210.0,880.0,4060.0,270.0,－－－－－－－－－－,10.0,1310.0,0.0,60.0,0.0,0.0,-2380.0,4210.0,yonden
2017,8,2017-08-31,12:00,4100.0,880.0,3910.0,230.0,－－－－－－－－－－,10.0,1460.0,0.0,70.0,0.0,0.0,-2460.0,4100.0,yonden
2017,8,2017-08-31,13:00,4310.0,880.0,4160.0,230.0,－－－－－－－－－－,10.0,1430.0,0.0,70.0,0.0,0.0,-2470.0,4310.0,yonden
2017,8,2017-08-31,14:00,4360.0,880.0,4180.0,250.0,－－－－－－－－－－,10.0,1260.0,0.0,60.0,0.0,190.0,-2470.0,4360.0,yonden
2017,8,2017-08-31,15:00,4380.0,880.0,4140.0,330.0,－－－－－－－－－－,10.0,1010.0,0.0,70.0,0.0,260.0,-2320.0,4380.0,yonden
2017,8,2017-08-31,16:00,4390.0,880.0,4150.0,410.0,－－－－－－－－－－,10.0,640.0,0.0,60.0,0.0,310.0,-2070.0,4390.0,yonden
2017,8,2017-08-31,17:00,4150.0,880.0,4200.0,460.0,－－－－－－－－－－,10.0,260.0,0.0,60.0,0.0,310.0,-2030.0,4150.0,yonden
2017,8,2017-08-31,18:00,3970.0,880.0,4200.0,480.0,－－－－－－－－－－,10.0,20.0,0.0,60.0,0.0,300.0,-1980.0,3970.0,yonden
2017,8,2017-08-31,19:00,3780.0,880.0,4100.0,440.0,－－－－－－－－－－,10.0,0.0,0.0,80.0,0.0,290.0,-2020.0,3780.0,yonden
2017,8,2017-08-31,20:00,3510.0,880.0,3970.0,330.0,－－－－－－－－－－,10.0,0.0,0.0,80.0,0.0,310.0,-2070.0,3510.0,yonden
2017,8,2017-08-31,21:00,3220.0,870.0,3810.0,240.0,－－－－－－－－－－,10.0,0.0,0.0,90.0,0.0,50.0,-1850.0,3220.0,yonden
2017,8,2017-08-31,22:00,2940.0,870.0,3500.0,150.0,－－－－－－－－－－,10.0,0.0,0.0,90.0,0.0,0.0,-1680.0,2940.0,yonden
2017,8,2017-08-31,23:00,2750.0,870.0,3360.0,130.0,－－－－－－－－－－,10.0,0.0,0.0,80.0,0.0,0.0,-1700.0,2750.0,yonden
2017,9,2017-09-01,00:00,2540.0,870.0,3440.0,120.0,－－－－－－－－－－,10.0,0.0,0.0,80.0,0.0,-250.0,-1730.0,2540.0,yonden
2017,9,2017-09-01,01:00,2440.0,870.0,3440.0,100.0,－－－－－－－－－－,10.0,0.0,0.0,80.0,0.0,-300.0,-1760.0,2440.0,yonden
2017,9,2017-09-01,02:00,2470.0,870.0,3490.0,100.0,－－－－－－－－－－,10.0,0.0,0.0,80.0,0.0,-300.0,-1780.0,2470.0,yonden
2017,9,2017-09-01,03:00,2580.0,870.0,3540.0,120.0,－－－－－－－－－－,10.0,0.0,0.0,90.0,0.0,-300.0,-1750.0,2580.0,yonden
2017,9,2017-09-01,04:00,2730.0,880.0,3640.0,120.0,－－－－－－－－－－,10.0,0.0,0.0,80.0,0.0,-300.0,-1700.0,2730.0,yonden
2017,9,2017-09-01,05:00,2820.0,870.0,3690.0,110.0,－－－－－－－－－－,10.0,10.0,0.0,80.0,0.0,-300.0,-1650.0,2820.0,yonden
2017,9,2017-09-01,06:00,2800.0,880.0,3630.0,90.0,－－－－－－－－－－,10.0,190.0,0.0,80.0,0.0,-300.0,-1780.0,2800.0,yonden
2017,9,2017-09-01,07:00,2830.0,880.0,3510.0,120.0,－－－－－－－－－－,10.0,490.0,0.0,80.0,0.0,-200.0,-2060.0,2830.0,yonden
2017,9,2017-09-01,08:00,3320.0,880.0,3550.0,150.0,－－－－－－－－－－,10.0,860.0,0.0,80.0,0.0,0.0,-2210.0,3320.0,yonden
2017,9,2017-09-01,09:00,3700.0,880.0,3660.0,220.0,－－－－－－－－－－,10.0,1200.0,0.0,60.0,0.0,0.0,-2330.0,3700.0,yonden
2017,9,2017-09-01,10:00,3860.0,880.0,3650.0,220.0,－－－－－－－－－－,10.0,1360.0,0.0,60.0,0.0,0.0,-2320.0,3860.0,yonden
2017,9,2017-09-01,11:00,3960.0,880.0,3630.0,220.0,－－－－－－－－－－,10.0,1440.0,0.0,70.0,0.0,0.0,-2290.0,3960.0,yonden
2017,9,2017-09-01,12:00,3860.0,880.0,3620.0,140.0,－－－－－－－－－－,10.0,1470.0,0.0,70.0,0.0,0.0,-2330.0,3860.0,yonden
2017,9,2017-09-01,13:00,4120.0,880.0,3950.0,210.0,－－－－－－－－－－,10.0,1320.0,0.0,70.0,0.0,0.0,-2320.0,4120.0,yonden
2017,9,2017-09-01,14:00,4150.0,880.0,4100.0,160.0,－－－－－－－－－－,10.0,1030.0,0.0,70.0,0.0,200.0,-2300.0,4150.0,yonden
2017,9,2017-09-01,15:00,4160.0,880.0,4240.0,220.0,－－－－－－－－－－,10.0,720.0,0.0,70.0,0.0,310.0,-2290.0,4160.0,yonden
2017,9,2017-09-01,16:00,4080.0,880.0,4320.0,320.0,－－－－－－－－－－,10.0,370.0,0.0,70.0,0.0,280.0,-2170.0,4080.0,yonden
2017,9,2017-09-01,17:00,3780.0,880.0,4150.0,310.0,－－－－－－－－－－,10.0,140.0,0.0,70.0,0.0,280.0,-2060.0,3780.0,yonden
2017,9,2017-09-01,18:00,3680.0,880.0,4050.0,390.0,－－－－－－－－－－,10.0,10.0,0.0,60.0,0.0,320.0,-2040.0,3680.0,yonden
2017,9,2017-09-01,19:00,3530.0,880.0,3950.0,300.0,－－－－－－－－－－,10.0,0.0,0.0,70.0,0.0,320.0,-2000.0,3530.0,yonden
2017,9,2017-09-01,20:00,3300.0,880.0,3850.0,250.0,－－－－－－－－－－,10.0,0.0,0.0,70.0,0.0,320.0,-2080.0,3300.0,yonden
2017,9,2017-09-01,21:00,3050.0,880.0,3720.0,220.0,－－－－－－－－－－,10.0,0.0,0.0,70.0,0.0,110.0,-1960.0,3050.0,yonden
2017,9,2017-09-01,22:00,2830.0,880.0,3460.0,160.0,－－－－－－－－－－,10.0,0.0,0.0,80.0,0.0,0.0,-1760.0,2830.0,yonden
2017,9,2017-09-01,23:00,2690.0,880.0,3410.0,150.0,－－－－－－－－－－,10.0,0.0,0.0,70.0,0.0,0.0,-1830.0,2690.0,yonden
2017,9,2017-09-02,00:00,2480.0,880.0,3280.0,100.0,－－－－－－－－－－,10.0,0.0,0.0,70.0,0.0,0.0,-1860.0,2480.0,yonden
2017,9,2017-09-02,01:00,2390.0,880.0,3170.0,90.0,－－－－－－－－－－,10.0,0.0,0.0,70.0,0.0,0.0,-1830.0,2390.0,yonden
2017,9,2017-09-02,02:00,2450.0,880.0,3220.0,110.0,－－－－－－－－－－,10.0,0.0,0.0,60.0,0.0,0.0,-1830.0,2450.0,yonden
2017,9,2017-09-02,03:00,2580.0,880.0,3380.0,140.0,－－－－－－－－－－,10.0,0.0,0.0,50.0,0.0,-150.0,-1730.0,2580.0,yonden
2017,9,2017-09-02,04:00,2740.0,880.0,3550.0,190.0,－－－－－－－－－－,10.0,0.0,0.0,60.0,0.0,-300.0,-1650.0,2740.0,yonden
2017,9,2017-09-02,05:00,2760.0,880.0,3510.0,140.0,－－－－－－－－－－,10.0,0.0,0.0,70.0,0.0,-300.0,-1550.0,2760.0,yonden
2017,9,2017-09-02,06:00,2660.0,880.0,3480.0,90.0,－－－－－－－－－－,10.0,160.0,0.0,80.0,0.0,-300.0,-1740.0,2660.0,yonden
2017,9,2017-09-02,07:00,2560.0,880.0,3320.0,90.0,－－－－－－－－－－,10.0,460.0,0.0,70.0,0.0,-300.0,-1970.0,2560.0,yonden
2017,9,2017-09-02,08:00,2860.0,880.0,3290.0,100.0,－－－－－－－－－－,10.0,800.0,0.0,50.0,0.0,-150.0,-2120.0,2860.0,yonden
2017,9,2017-09-02,09:00,3090.0,880.0,3230.0,130.0,－－－－－－－－－－,10.0,1150.0,0.0,50.0,0.0,0.0,-2360.0,3090.0,yonden
2017,9,2017-09-02,10:00,3190.0,880.0,3200.0,140.0,－－－－－－－－－－,10.0,1370.0,0.0,40.0,0.0,0.0,-2450.0,3190.0,yonden
2017,9,2017-09-02,11:00,3280.0,880.0,3170.0,150.0,－－－－－－－－－－,10.0,1450.0,0.0,40.0,0.0,0.0,-2420.0,3280.0,yonden
2017,9,2017-09-02,12:00,3200.0,880.0,3110.0,130.0,－－－－－－－－－－,10.0,1450.0,0.0,40.0,0.0,0.0,-2420.0,3200.0,yonden
2017,9,2017-09-02,13:00,3350.0,880.0,3280.0,190.0,－－－－－－－－－－,10.0,1380.0,0.0,30.0,0.0,0.0,-2420.0,3350.0,yonden
2017,9,2017-09-02,14:00,3470.0,880.0,3520.0,140.0,－－－－－－－－－－,10.0,1200.0,0.0,20.0,0.0,0.0,-2300.0,3470.0,yonden
2017,9,2017-09-02,15:00,3520.0,880.0,3780.0,170.0,－－－－－－－－－－,10.0,890.0,0.0,30.0,0.0,0.0,-2240.0,3520.0,yonden
2017,9,2017-09-02,16:00,3420.0,880.0,3840.0,230.0,－－－－－－－－－－,10.0,490.0,0.0,30.0,0.0,0.0,-2060.0,3420.0,yonden
2017,9,2017-09-02,17:00,3340.0,880.0,3810.0,260.0,－－－－－－－－－－,10.0,200.0,0.0,40.0,0.0,10.0,-1870.0,3340.0,yonden
2017,9,2017-09-02,18:00,3260.0,880.0,3780.0,250.0,－－－－－－－－－－,10.0,10.0,0.0,40.0,0.0,180.0,-1890.0,3260.0,yonden
2017,9,2017-09-02,19:00,3170.0,880.0,3780.0,270.0,－－－－－－－－－－,10.0,0.0,0.0,40.0,0.0,160.0,-1970.0,3170.0,yonden
2017,9,2017-09-02,20:00,3000.0,870.0,3740.0,180.0,－－－－－－－－－－,10.0,0.0,0.0,60.0,0.0,140.0,-2000.0,3000.0,yonden
2017,9,2017-09-02,21:00,2780.0,870.0,3570.0,170.0,－－－－－－－－－－,10.0,0.0,0.0,60.0,0.0,0.0,-1900.0,2780.0,yonden
2017,9,2017-09-02,22:00,2590.0,880.0,3450.0,120.0,－－－－－－－－－－,10.0,0.0,0.0,60.0,0.0,0.0,-1930.0,2590.0,yonden
2017,9,2017-09-02,23:00,2480.0,880.0,3490.0,110.0,－－－－－－－－－－,10.0,0.0,0.0,50.0,0.0,0.0,-2060.0,2480.0,yonden
2017,9,2017-09-03,00:00,2280.0,870.0,3320.0,90.0,－－－－－－－－－－,10.0,0.0,0.0,40.0,0.0,0.0,-2050.0,2280.0,yonden
2017,9,2017-09-03,01:00,2210.0,880.0,3280.0,90.0,－－－－－－－－－－,10.0,0.0,0.0,30.0,0.0,0.0,-2080.0,2210.0,yonden
2017,9,2017-09-03,02:00,2280.0,870.0,3360.0,100.0,－－－－－－－－－－,10.0,0.0,0.0,30.0,0.0,0.0,-2090.0,2280.0,yonden
2017,9,2017-09-03,03:00,2420.0,870.0,3390.0,120.0,－－－－－－－－－－,10.0,0.0,0.0,30.0,0.0,0.0,-2000.0,2420.0,yonden
2017,9,2017-09-03,04:00,2540.0,880.0,3370.0,150.0,－－－－－－－－－－,10.0,0.0,0.0,20.0,0.0,0.0,-1890.0,2540.0,yonden
2017,9,2017-09-03,05:00,2560.0,870.0,3360.0,150.0,－－－－－－－－－－,10.0,0.0,0.0,20.0,0.0,0.0,-1850.0,2560.0,yonden
2017,9,2017-09-03,06:00,2400.0,880.0,3280.0,120.0,－－－－－－－－－－,10.0,120.0,0.0,30.0,0.0,-120.0,-1920.0,2400.0,yonden
2017,9,2017-09-03,07:00,2270.0,880.0,3240.0,90.0,－－－－－－－－－－,10.0,310.0,0.0,40.0,0.0,-300.0,-2000.0,2270.0,yonden
2017,9,2017-09-03,08:00,2420.0,880.0,3280.0,100.0,－－－－－－－－－－,10.0,600.0,0.0,40.0,0.0,-300.0,-2190.0,2420.0,yonden
2017,9,2017-09-03,09:00,2630.0,880.0,3190.0,120.0,－－－－－－－－－－,10.0,950.0,0.0,40.0,0.0,-300.0,-2260.0,2630.0,yonden
2017,9,2017-09-03,10:00,2740.0,880.0,3160.0,130.0,－－－－－－－－－－,10.0,1120.0,0.0,40.0,0.0,-300.0,-2300.0,2740.0,yonden
2017,9,2017-09-03,11:00,2820.0,880.0,3080.0,180.0,－－－－－－－－－－,10.0,1290.0,0.0,30.0,0.0,-300.0,-2350.0,2820.0,yonden
2017,9,2017-09-03,12:00,2910.0,880.0,3180.0,200.0,－－－－－－－－－－,10.0,1340.0,0.0,20.0,0.0,-300.0,-2420.0,2910.0,yonden
2017,9,2017-09-03,13:00,2930.0,880.0,3190.0,170.0,－－－－－－－－－－,10.0,1260.0,0.0,20.0,0.0,-300.0,-2300.0,2930.0,yonden
2017,9,2017-09-03,14:00,2980.0,880.0,3070.0,150.0,－－－－－－－－－－,10.0,1160.0,0.0,10.0,0.0,-150.0,-2150.0,2980.0,yonden
2017,9,2017-09-03,15:00,3050.0,880.0,3310.0,160.0,－－－－－－－－－－,10.0,900.0,0.0,10.0,0.0,0.0,-2220.0,3050.0,yonden
2017,9,2017-09-03,16:00,3080.0,880.0,3560.0,160.0,－－－－－－－－－－,10.0,550.0,0.0,0.0,0.0,0.0,-2080.0,3080.0,yonden
2017,9,2017-09-03,17:00,3130.0,880.0,3790.0,280.0,－－－－－－－－－－,10.0,220.0,0.0,0.0,0.0,0.0,-2050.0,3130.0,yonden
2017,9,2017-09-03,18:00,3130.0,880.0,3790.0,280.0,－－－－－－－－－－,10.0,10.0,0.0,0.0,0.0,80.0,-1920.0,3130.0,yonden
2017,9,2017-09-03,19:00,3090.0,880.0,3750.0,240.0,－－－－－－－－－－,10.0,0.0,0.0,0.0,0.0,140.0,-1930.0,3090.0,yonden
2017,9,2017-09-03,20:00,2940.0,880.0,3760.0,170.0,－－－－－－－－－－,10.0,0.0,0.0,0.0,0.0,30.0,-1910.0,2940.0,yonden
2017,9,2017-09-03,21:00,2740.0,880.0,3560.0,170.0,－－－－－－－－－－,10.0,0.0,0.0,0.0,0.0,0.0,-1880.0,2740.0,yonden
2017,9,2017-09-03,22:00,2550.0,880.0,3420.0,130.0,－－－－－－－－－－,10.0,0.0,0.0,0.0,0.0,0.0,-1890.0,2550.0,yonden
2017,9,2017-09-03,23:00,2450.0,870.0,3380.0,120.0,－－－－－－－－－－,10.0,0.0,0.0,0.0,0.0,0.0,-1930.0,2450.0,yonden
2017,9,2017-09-04,00:00,2290.0,870.0,3200.0,100.0,－－－－－－－－－－,10.0,0.0,0.0,0.0,0.0,-150.0,-1740.0,2290.0,yonden
2017,9,2017-09-04,01:00,2210.0,870.0,3190.0,90.0,－－－－－－－－－－,10.0,0.0,0.0,0.0,0.0,-300.0,-1650.0,2210.0,yonden
2017,9,2017-09-04,02:00,2300.0,870.0,3320.0,100.0,－－－－－－－－－－,10.0,0.0,0.0,0.0,0.0,-300.0,-1700.0,2300.0,yonden
2017,9,2017-09-04,03:00,2460.0,880.0,3450.0,130.0,－－－－－－－－－－,10.0,0.0,0.0,0.0,0.0,-300.0,-1710.0,2460.0,yonden
2017,9,2017-09-04,04:00,2640.0,880.0,3460.0,160.0,－－－－－－－－－－,10.0,0.0,0.0,0.0,0.0,-300.0,-1570.0,2640.0,yonden
2017,9,2017-09-04,05:00,2700.0,880.0,3450.0,140.0,－－－－－－－－－－,10.0,0.0,0.0,10.0,0.0,-290.0,-1500.0,2700.0,yonden
2017,9,2017-09-04,06:00,2650.0,880.0,3410.0,170.0,－－－－－－－－－－,10.0,80.0,0.0,10.0,0.0,-290.0,-1620.0,2650.0,yonden
2017,9,2017-09-04,07:00,2720.0,880.0,3570.0,110.0,－－－－－－－－－－,10.0,170.0,0.0,0.0,0.0,0.0,-2020.0,2720.0,yonden
2017,9,2017-09-04,08:00,3130.0,880.0,4010.0,180.0,－－－－－－－－－－,10.0,260.0,0.0,10.0,0.0,0.0,-2220.0,3130.0,yonden
2017,9,2017-09-04,09:00,3400.0,880.0,4100.0,300.0,－－－－－－－－－－,10.0,370.0,0.0,0.0,0.0,0.0,-2260.0,3400.0,yonden
2017,9,2017-09-04,10:00,3480.0,880.0,4130.0,310.0,－－－－－－－－－－,10.0,430.0,0.0,0.0,0.0,0.0,-2280.0,3480.0,yonden
2017,9,2017-09-04,11:00,3550.0,880.0,4040.0,240.0,－－－－－－－－－－,10.0,580.0,0.0,0.0,0.0,0.0,-2200.0,3550.0,yonden
2017,9,2017-09-04,12:00,3390.0,880.0,3820.0,220.0,－－－－－－－－－－,10.0,600.0,0.0,0.0,0.0,0.0,-2140.0,3390.0,yonden
2017,9,2017-09-04,13:00,3580.0,880.0,3880.0,130.0,－－－－－－－－－－,10.0,580.0,0.0,0.0,0.0,0.0,-1900.0,3580.0,yonden
2017,9,2017-09-04,14:00,3650.0,880.0,4060.0,140.0,－－－－－－－－－－,10.0,530.0,0.0,0.0,0.0,0.0,-1970.0,3650.0,yonden
2017,9,2017-09-04,15:00,3600.0,880.0,4250.0,210.0,－－－－－－－－－－,10.0,250.0,0.0,10.0,0.0,0.0,-2010.0,3600.0,yonden
2017,9,2017-09-04,16:00,3600.0,880.0,4240.0,280.0,－－－－－－－－－－,10.0,120.0,0.0,10.0,0.0,20.0,-1960.0,3600.0,yonden
2017,9,2017-09-04,17:00,3510.0,880.0,3990.0,250.0,－－－－－－－－－－,10.0,50.0,0.0,10.0,0.0,210.0,-1890.0,3510.0,yonden
2017,9,2017-09-04,18:00,3490.0,880.0,3920.0,300.0,－－－－－－－－－－,10.0,0.0,0.0,30.0,0.0,230.0,-1880.0,3490.0,yonden
2017,9,2017-09-04,19:00,3340.0,880.0,3910.0,310.0,－－－－－－－－－－,10.0,0.0,0.0,30.0,0.0,240.0,-2040.0,3340.0,yonden
2017,9,2017-09-04,20:00,3140.0,880.0,3870.0,250.0,－－－－－－－－－－,10.0,0.0,0.0,20.0,0.0,130.0,-2020.0,3140.0,yonden
2017,9,2017-09-04,21:00,2930.0,880.0,3730.0,210.0,－－－－－－－－－－,10.0,0.0,0.0,20.0,0.0,0.0,-1920.0,2930.0,yonden
2017,9,2017-09-04,22:00,2720.0,880.0,3500.0,150.0,－－－－－－－－－－,10.0,0.0,0.0,20.0,0.0,0.0,-1840.0,2720.0,yonden
2017,9,2017-09-04,23:00,2590.0,880.0,3460.0,140.0,－－－－－－－－－－,10.0,0.0,0.0,10.0,0.0,0.0,-1910.0,2590.0,yonden
2017,9,2017-09-05,00:00,2410.0,870.0,3480.0,100.0,－－－－－－－－－－,10.0,0.0,0.0,10.0,0.0,-300.0,-1760.0,2410.0,yonden
2017,9,2017-09-05,01:00,2340.0,880.0,3450.0,90.0,－－－－－－－－－－,10.0,0.0,0.0,0.0,0.0,-300.0,-1790.0,2340.0,yonden
2017,9,2017-09-05,02:00,2420.0,870.0,3470.0,120.0,－－－－－－－－－－,10.0,0.0,0.0,10.0,0.0,-290.0,-1770.0,2420.0,yonden
2017,9,2017-09-05,03:00,2570.0,870.0,3390.0,200.0,－－－－－－－－－－,10.0,0.0,0.0,10.0,0.0,-150.0,-1760.0,2570.0,yonden
2017,9,2017-09-05,04:00,2720.0,880.0,3310.0,230.0,－－－－－－－－－－,10.0,0.0,0.0,20.0,0.0,0.0,-1730.0,2720.0,yonden
2017,9,2017-09-05,05:00,2770.0,870.0,3290.0,170.0,－－－－－－－－－－,10.0,0.0,0.0,20.0,0.0,0.0,-1590.0,2770.0,yonden
2017,9,2017-09-05,06:00,2770.0,880.0,3280.0,90.0,－－－－－－－－－－,10.0,80.0,0.0,20.0,0.0,0.0,-1590.0,2770.0,yonden
2017,9,2017-09-05,07:00,2830.0,880.0,3450.0,120.0,－－－－－－－－－－,10.0,150.0,0.0,20.0,0.0,0.0,-1800.0,2830.0,yonden
2017,9,2017-09-05,08:00,3250.0,880.0,3860.0,220.0,－－－－－－－－－－,10.0,230.0,0.0,20.0,0.0,0.0,-1970.0,3250.0,yonden
2017,9,2017-09-05,09:00,3480.0,880.0,3990.0,200.0,－－－－－－－－－－,10.0,300.0,0.0,20.0,0.0,0.0,-1920.0,3480.0,yonden
2017,9,2017-09-05,10:00,3570.0,880.0,3990.0,200.0,－－－－－－－－－－,10.0,350.0,0.0,10.0,0.0,110.0,-1980.0,3570.0,yonden
2017,9,2017-09-05,11:00,3590.0,880.0,3940.0,170.0,－－－－－－－－－－,10.0,410.0,0.0,20.0,0.0,200.0,-2040.0,3590.0,yonden
2017,9,2017-09-05,12:00,3390.0,880.0,3850.0,160.0,－－－－－－－－－－,10.0,420.0,0.0,20.0,0.0,10.0,-1960.0,3390.0,yonden
2017,9,2017-09-05,13:00,3560.0,880.0,3900.0,160.0,－－－－－－－－－－,10.0,380.0,0.0,20.0,0.0,0.0,-1790.0,3560.0,yonden
2017,9,2017-09-05,14:00,3600.0,880.0,3980.0,150.0,－－－－－－－－－－,10.0,260.0,0.0,30.0,0.0,110.0,-1820.0,3600.0,yonden
2017,9,2017-09-05,15:00,3640.0,880.0,3940.0,200.0,－－－－－－－－－－,10.0,190.0,0.0,40.0,0.0,280.0,-1900.0,3640.0,yonden
2017,9,2017-09-05,16:00,3650.0,880.0,4030.0,320.0,－－－－－－－－－－,10.0,120.0,0.0,40.0,0.0,320.0,-2070.0,3650.0,yonden
2017,9,2017-09-05,17:00,3550.0,880.0,4010.0,320.0,－－－－－－－－－－,10.0,60.0,0.0,30.0,0.0,320.0,-2080.0,3550.0,yonden
2017,9,2017-09-05,18:00,3520.0,880.0,3990.0,360.0,－－－－－－－－－－,10.0,0.0,0.0,30.0,0.0,320.0,-2070.0,3520.0,yonden
2017,9,2017-09-05,19:00,3370.0,880.0,3960.0,320.0,－－－－－－－－－－,10.0,0.0,0.0,30.0,0.0,280.0,-2110.0,3370.0,yonden
2017,9,2017-09-05,20:00,3160.0,880.0,3970.0,260.0,－－－－－－－－－－,10.0,0.0,0.0,30.0,0.0,0.0,-1990.0,3160.0,yonden
2017,9,2017-09-05,21:00,2950.0,880.0,3740.0,180.0,－－－－－－－－－－,10.0,0.0,0.0,20.0,0.0,0.0,-1880.0,2950.0,yonden
2017,9,2017-09-05,22:00,2750.0,880.0,3590.0,140.0,－－－－－－－－－－,10.0,0.0,0.0,10.0,0.0,0.0,-1880.0,2750.0,yonden
2017,9,2017-09-05,23:00,2620.0,880.0,3570.0,130.0,－－－－－－－－－－,10.0,0.0,0.0,20.0,0.0,0.0,-1990.0,2620.0,yonden
2017,9,2017-09-06,00:00,2450.0,880.0,3550.0,150.0,－－－－－－－－－－,10.0,0.0,0.0,20.0,0.0,-170.0,-1990.0,2450.0,yonden
2017,9,2017-09-06,01:00,2370.0,880.0,3570.0,100.0,－－－－－－－－－－,10.0,0.0,0.0,10.0,0.0,-300.0,-1900.0,2370.0,yonden
2017,9,2017-09-06,02:00,2450.0,880.0,3580.0,160.0,－－－－－－－－－－,10.0,0.0,0.0,10.0,0.0,-300.0,-1890.0,2450.0,yonden
2017,9,2017-09-06,03:00,2630.0,880.0,3610.0,140.0,－－－－－－－－－－,10.0,0.0,0.0,10.0,0.0,-300.0,-1720.0,2630.0,yonden
2017,9,2017-09-06,04:00,2760.0,880.0,3630.0,220.0,－－－－－－－－－－,10.0,0.0,0.0,10.0,0.0,-300.0,-1690.0,2760.0,yonden
2017,9,2017-09-06,05:00,2800.0,880.0,3610.0,160.0,－－－－－－－－－－,10.0,0.0,0.0,20.0,0.0,-300.0,-1580.0,2800.0,yonden
2017,9,2017-09-06,06:00,2800.0,880.0,3660.0,110.0,－－－－－－－－－－,10.0,100.0,0.0,20.0,0.0,-300.0,-1680.0,2800.0,yonden
2017,9,2017-09-06,07:00,2910.0,880.0,3710.0,170.0,－－－－－－－－－－,10.0,200.0,0.0,10.0,0.0,-140.0,-1930.0,2910.0,yonden
2017,9,2017-09-06,08:00,3340.0,880.0,4030.0,190.0,－－－－－－－－－－,10.0,340.0,0.0,10.0,0.0,0.0,-2120.0,3340.0,yonden
2017,9,2017-09-06,09:00,3590.0,880.0,4130.0,220.0,－－－－－－－－－－,10.0,540.0,0.0,0.0,0.0,0.0,-2190.0,3590.0,yonden
2017,9,2017-09-06,10:00,3780.0,880.0,4220.0,310.0,－－－－－－－－－－,10.0,620.0,0.0,0.0,0.0,110.0,-2370.0,3780.0,yonden
2017,9,2017-09-06,11:00,3850.0,880.0,4240.0,290.0,－－－－－－－－－－,10.0,610.0,0.0,10.0,0.0,230.0,-2420.0,3850.0,yonden
2017,9,2017-09-06,12:00,3680.0,880.0,4210.0,150.0,－－－－－－－－－－,10.0,740.0,0.0,10.0,0.0,160.0,-2480.0,3680.0,yonden
2017,9,2017-09-06,13:00,3940.0,880.0,4400.0,200.0,－－－－－－－－－－,10.0,650.0,0.0,10.0,0.0,270.0,-2480.0,3940.0,yonden
2017,9,2017-09-06,14:00,3960.0,880.0,4560.0,220.0,－－－－－－－－－－,10.0,460.0,0.0,0.0,0.0,250.0,-2420.0,3960.0,yonden
2017,9,2017-09-06,15:00,3990.0,880.0,4420.0,210.0,－－－－－－－－－－,10.0,530.0,0.0,0.0,0.0,220.0,-2280.0,3990.0,yonden
2017,9,2017-09-06,16:00,4090.0,880.0,4410.0,260.0,－－－－－－－－－－,10.0,430.0,0.0,0.0,0.0,320.0,-2220.0,4090.0,yonden
2017,9,2017-09-06,17:00,3940.0,870.0,4570.0,350.0,－－－－－－－－－－,10.0,180.0,0.0,0.0,0.0,170.0,-2210.0,3940.0,yonden
2017,9,2017-09-06,18:00,3860.0,880.0,4660.0,450.0,－－－－－－－－－－,10.0,10.0,0.0,10.0,0.0,140.0,-2300.0,3860.0,yonden
2017,9,2017-09-06,19:00,3730.0,880.0,4540.0,330.0,－－－－－－－－－－,10.0,0.0,0.0,10.0,0.0,70.0,-2110.0,3730.0,yonden
2017,9,2017-09-06,20:00,3480.0,880.0,4200.0,220.0,－－－－－－－－－－,10.0,0.0,0.0,10.0,0.0,0.0,-1840.0,3480.0,yonden
2017,9,2017-09-06,21:00,3230.0,880.0,3950.0,160.0,－－－－－－－－－－,10.0,0.0,0.0,10.0,0.0,0.0,-1780.0,3230.0,yonden
2017,9,2017-09-06,22:00,3000.0,880.0,3820.0,130.0,－－－－－－－－－－,10.0,0.0,0.0,10.0,0.0,0.0,-1850.0,3000.0,yonden
2017,9,2017-09-06,23:00,2830.0,880.0,3730.0,120.0,－－－－－－－－－－,10.0,0.0,0.0,10.0,0.0,0.0,-1920.0,2830.0,yonden
2017,9,2017-09-07,00:00,2610.0,870.0,3650.0,110.0,－－－－－－－－－－,10.0,0.0,0.0,10.0,0.0,-300.0,-1740.0,2610.0,yonden
2017,9,2017-09-07,01:00,2520.0,880.0,3580.0,90.0,－－－－－－－－－－,10.0,0.0,0.0,10.0,0.0,-300.0,-1750.0,2520.0,yonden
2017,9,2017-09-07,02:00,2570.0,870.0,3600.0,110.0,－－－－－－－－－－,10.0,0.0,0.0,20.0,0.0,-300.0,-1740.0,2570.0,yonden
2017,9,2017-09-07,03:00,2710.0,870.0,3580.0,120.0,－－－－－－－－－－,10.0,0.0,0.0,20.0,0.0,-300.0,-1590.0,2710.0,yonden
2017,9,2017-09-07,04:00,2830.0,880.0,3670.0,110.0,－－－－－－－－－－,10.0,0.0,0.0,20.0,0.0,-300.0,-1560.0,2830.0,yonden
2017,9,2017-09-07,05:00,2870.0,870.0,3740.0,120.0,－－－－－－－－－－,10.0,0.0,0.0,30.0,0.0,-300.0,-1600.0,2870.0,yonden
2017,9,2017-09-07,06:00,2860.0,880.0,3830.0,130.0,－－－－－－－－－－,10.0,100.0,0.0,40.0,0.0,-300.0,-1830.0,2860.0,yonden
2017,9,2017-09-07,07:00,3000.0,880.0,3810.0,130.0,－－－－－－－－－－,10.0,250.0,0.0,40.0,0.0,0.0,-2120.0,3000.0,yonden
2017,9,2017-09-07,08:00,3520.0,880.0,4360.0,220.0,－－－－－－－－－－,10.0,300.0,0.0,30.0,0.0,0.0,-2280.0,3520.0,yonden
2017,9,2017-09-07,09:00,3960.0,880.0,4770.0,320.0,－－－－－－－－－－,10.0,330.0,0.0,10.0,0.0,10.0,-2370.0,3960.0,yonden
2017,9,2017-09-07,10:00,4090.0,880.0,4770.0,250.0,－－－－－－－－－－,10.0,290.0,0.0,10.0,0.0,230.0,-2350.0,4090.0,yonden
2017,9,2017-09-07,11:00,4080.0,880.0,4760.0,220.0,－－－－－－－－－－,10.0,330.0,0.0,10.0,0.0,150.0,-2280.0,4080.0,yonden
2017,9,2017-09-07,12:00,3840.0,880.0,4740.0,200.0,－－－－－－－－－－,10.0,390.0,0.0,10.0,0.0,0.0,-2390.0,3840.0,yonden
2017,9,2017-09-07,13:00,4030.0,880.0,4700.0,300.0,－－－－－－－－－－,10.0,360.0,0.0,10.0,0.0,30.0,-2260.0,4030.0,yonden
2017,9,2017-09-07,14:00,4100.0,880.0,4690.0,320.0,－－－－－－－－－－,10.0,230.0,0.0,0.0,0.0,280.0,-2310.0,4100.0,yonden
2017,9,2017-09-07,15:00,4010.0,880.0,4650.0,320.0,－－－－－－－－－－,10.0,140.0,0.0,10.0,0.0,310.0,-2310.0,4010.0,yonden
2017,9,2017-09-07,16:00,4030.0,880.0,4600.0,340.0,－－－－－－－－－－,10.0,90.0,0.0,30.0,0.0,310.0,-2230.0,4030.0,yonden
2017,9,2017-09-07,17:00,3910.0,880.0,4480.0,340.0,－－－－－－－－－－,10.0,40.0,0.0,20.0,0.0,300.0,-2160.0,3910.0,yonden
2017,9,2017-09-07,18:00,3800.0,870.0,4430.0,360.0,－－－－－－－－－－,10.0,0.0,0.0,40.0,0.0,290.0,-2200.0,3800.0,yonden
2017,9,2017-09-07,19:00,3590.0,880.0,4250.0,350.0,－－－－－－－－－－,10.0,0.0,0.0,30.0,0.0,220.0,-2150.0,3590.0,yonden
2017,9,2017-09-07,20:00,3360.0,880.0,3900.0,300.0,－－－－－－－－－－,10.0,0.0,0.0,30.0,0.0,120.0,-1880.0,3360.0,yonden
2017,9,2017-09-07,21:00,3130.0,880.0,3690.0,260.0,－－－－－－－－－－,10.0,0.0,0.0,30.0,0.0,0.0,-1740.0,3130.0,yonden
2017,9,2017-09-07,22:00,2890.0,880.0,3330.0,250.0,－－－－－－－－－－,10.0,0.0,0.0,40.0,0.0,0.0,-1620.0,2890.0,yonden
2017,9,2017-09-07,23:00,2740.0,880.0,3260.0,250.0,－－－－－－－－－－,10.0,0.0,0.0,50.0,0.0,0.0,-1710.0,2740.0,yonden
2017,9,2017-09-08,00:00,2560.0,880.0,3300.0,240.0,－－－－－－－－－－,10.0,0.0,0.0,50.0,0.0,-300.0,-1620.0,2560.0,yonden
2017,9,2017-09-08,01:00,2470.0,880.0,3320.0,220.0,－－－－－－－－－－,10.0,0.0,0.0,50.0,0.0,-300.0,-1710.0,2470.0,yonden
2017,9,2017-09-08,02:00,2530.0,880.0,3310.0,230.0,－－－－－－－－－－,10.0,0.0,0.0,50.0,0.0,-300.0,-1650.0,2530.0,yonden
2017,9,2017-09-08,03:00,2660.0,870.0,3340.0,250.0,－－－－－－－－－－,10.0,0.0,0.0,50.0,0.0,-300.0,-1560.0,2660.0,yonden
2017,9,2017-09-08,04:00,2800.0,880.0,3420.0,230.0,－－－－－－－－－－,10.0,0.0,0.0,60.0,0.0,-300.0,-1500.0,2800.0,yonden
2017,9,2017-09-08,05:00,2840.0,870.0,3460.0,210.0,－－－－－－－－－－,10.0,0.0,0.0,60.0,0.0,-300.0,-1470.0,2840.0,yonden
2017,9,2017-09-08,06:00,2810.0,870.0,3430.0,230.0,－－－－－－－－－－,10.0,160.0,0.0,60.0,0.0,-300.0,-1650.0,2810.0,yonden
2017,9,2017-09-08,07:00,2870.0,870.0,3310.0,210.0,－－－－－－－－－－,10.0,480.0,0.0,50.0,0.0,-300.0,-1760.0,2870.0,yonden
2017,9,2017-09-08,08:00,3370.0,880.0,3520.0,220.0,－－－－－－－－－－,10.0,840.0,0.0,40.0,0.0,-150.0,-1990.0,3370.0,yonden
2017,9,2017-09-08,09:00,3700.0,880.0,3550.0,240.0,－－－－－－－－－－,10.0,1140.0,0.0,40.0,0.0,0.0,-2160.0,3700.0,yonden
2017,9,2017-09-08,10:00,3850.0,880.0,3730.0,240.0,－－－－－－－－－－,10.0,1310.0,0.0,30.0,0.0,0.0,-2350.0,3850.0,yonden
2017,9,2017-09-08,11:00,3910.0,880.0,3820.0,250.0,－－－－－－－－－－,10.0,1370.0,0.0,20.0,0.0,0.0,-2440.0,3910.0,yonden
2017,9,2017-09-08,12:00,3760.0,870.0,3710.0,220.0,－－－－－－－－－－,10.0,1410.0,0.0,20.0,0.0,0.0,-2480.0,3760.0,yonden
2017,9,2017-09-08,13:00,3990.0,870.0,3960.0,210.0,－－－－－－－－－－,10.0,1340.0,0.0,20.0,0.0,0.0,-2420.0,3990.0,yonden
2017,9,2017-09-08,14:00,4080.0,870.0,3970.0,190.0,－－－－－－－－－－,10.0,1200.0,0.0,20.0,0.0,210.0,-2390.0,4080.0,yonden
2017,9,2017-09-08,15:00,4100.0,880.0,3940.0,260.0,－－－－－－－－－－,10.0,960.0,0.0,20.0,0.0,290.0,-2260.0,4100.0,yonden
2017,9,2017-09-08,16:00,4130.0,880.0,3950.0,310.0,－－－－－－－－－－,10.0,630.0,0.0,10.0,0.0,310.0,-1970.0,4130.0,yonden
2017,9,2017-09-08,17:00,3910.0,880.0,3920.0,340.0,－－－－－－－－－－,10.0,260.0,0.0,20.0,0.0,310.0,-1830.0,3910.0,yonden
2017,9,2017-09-08,18:00,3710.0,870.0,3920.0,350.0,－－－－－－－－－－,10.0,10.0,0.0,20.0,0.0,300.0,-1770.0,3710.0,yonden
2017,9,2017-09-08,19:00,3570.0,870.0,3930.0,270.0,－－－－－－－－－－,10.0,0.0,0.0,30.0,0.0,310.0,-1850.0,3570.0,yonden
2017,9,2017-09-08,20:00,3320.0,880.0,3820.0,230.0,－－－－－－－－－－,10.0,0.0,0.0,30.0,0.0,280.0,-1930.0,3320.0,yonden
2017,9,2017-09-08,21:00,3040.0,880.0,3630.0,190.0,－－－－－－－－－－,10.0,0.0,0.0,20.0,0.0,20.0,-1710.0,3040.0,yonden
2017,9,2017-09-08,22:00,2800.0,880.0,3530.0,140.0,－－－－－－－－－－,10.0,0.0,0.0,10.0,0.0,0.0,-1770.0,2800.0,yonden
2017,9,2017-09-08,23:00,2660.0,880.0,3560.0,130.0,－－－－－－－－－－,10.0,0.0,0.0,10.0,0.0,0.0,-1930.0,2660.0,yonden
2017,9,2017-09-09,00:00,2450.0,870.0,3390.0,110.0,－－－－－－－－－－,10.0,0.0,0.0,10.0,0.0,0.0,-1940.0,2450.0,yonden
2017,9,2017-09-09,01:00,2370.0,880.0,3170.0,110.0,－－－－－－－－－－,10.0,0.0,0.0,10.0,0.0,0.0,-1810.0,2370.0,yonden
2017,9,2017-09-09,02:00,2410.0,870.0,3200.0,130.0,－－－－－－－－－－,10.0,0.0,0.0,10.0,0.0,0.0,-1810.0,2410.0,yonden
2017,9,2017-09-09,03:00,2560.0,870.0,3340.0,150.0,－－－－－－－－－－,10.0,0.0,0.0,10.0,0.0,0.0,-1820.0,2560.0,yonden
2017,9,2017-09-09,04:00,2700.0,880.0,3450.0,150.0,－－－－－－－－－－,10.0,0.0,0.0,10.0,0.0,0.0,-1800.0,2700.0,yonden
2017,9,2017-09-09,05:00,2700.0,870.0,3440.0,120.0,－－－－－－－－－－,10.0,0.0,0.0,20.0,0.0,0.0,-1760.0,2700.0,yonden
2017,9,2017-09-09,06:00,2570.0,880.0,3330.0,100.0,－－－－－－－－－－,10.0,170.0,0.0,20.0,0.0,-20.0,-1920.0,2570.0,yonden
2017,9,2017-09-09,07:00,2490.0,880.0,3250.0,140.0,－－－－－－－－－－,10.0,480.0,0.0,10.0,0.0,-310.0,-1970.0,2490.0,yonden
2017,9,2017-09-09,08:00,2800.0,880.0,3450.0,170.0,－－－－－－－－－－,10.0,780.0,0.0,10.0,0.0,-300.0,-2200.0,2800.0,yonden
2017,9,2017-09-09,09:00,3090.0,880.0,3590.0,220.0,－－－－－－－－－－,10.0,1060.0,0.0,0.0,0.0,-300.0,-2370.0,3090.0,yonden
2017,9,2017-09-09,10:00,3190.0,880.0,3550.0,200.0,－－－－－－－－－－,10.0,1230.0,0.0,10.0,0.0,-300.0,-2390.0,3190.0,yonden
2017,9,2017-09-09,11:00,3250.0,880.0,3500.0,160.0,－－－－－－－－－－,10.0,1290.0,0.0,0.0,0.0,-300.0,-2290.0,3250.0,yonden
2017,9,2017-09-09,12:00,3270.0,880.0,3450.0,160.0,－－－－－－－－－－,10.0,1360.0,0.0,0.0,0.0,-300.0,-2290.0,3270.0,yonden
2017,9,2017-09-09,13:00,3360.0,880.0,3510.0,150.0,－－－－－－－－－－,10.0,1210.0,0.0,10.0,0.0,-300.0,-2110.0,3360.0,yonden
2017,9,2017-09-09,14:00,3360.0,880.0,3700.0,140.0,－－－－－－－－－－,10.0,970.0,0.0,0.0,0.0,-200.0,-2140.0,3360.0,yonden
2017,9,2017-09-09,15:00,3350.0,880.0,3780.0,200.0,－－－－－－－－－－,10.0,580.0,0.0,0.0,0.0,120.0,-2220.0,3350.0,yonden
2017,9,2017-09-09,16:00,3240.0,880.0,3800.0,240.0,－－－－－－－－－－,10.0,240.0,0.0,0.0,0.0,270.0,-2200.0,3240.0,yonden
2017,9,2017-09-09,17:00,3210.0,880.0,3770.0,250.0,－－－－－－－－－－,10.0,110.0,0.0,10.0,0.0,250.0,-2070.0,3210.0,yonden
2017,9,2017-09-09,18:00,3250.0,880.0,3800.0,280.0,－－－－－－－－－－,10.0,0.0,0.0,10.0,0.0,280.0,-2010.0,3250.0,yonden
2017,9,2017-09-09,19:00,3170.0,880.0,3790.0,240.0,－－－－－－－－－－,10.0,0.0,0.0,10.0,0.0,230.0,-1990.0,3170.0,yonden
2017,9,2017-09-09,20:00,2990.0,880.0,3720.0,210.0,－－－－－－－－－－,10.0,0.0,0.0,10.0,0.0,10.0,-1850.0,2990.0,yonden
2017,9,2017-09-09,21:00,2780.0,880.0,3590.0,180.0,－－－－－－－－－－,10.0,0.0,0.0,0.0,0.0,0.0,-1880.0,2780.0,yonden
2017,9,2017-09-09,22:00,2590.0,880.0,3480.0,160.0,－－－－－－－－－－,10.0,0.0,0.0,0.0,0.0,0.0,-1940.0,2590.0,yonden
2017,9,2017-09-09,23:00,2490.0,880.0,3380.0,150.0,－－－－－－－－－－,10.0,0.0,0.0,0.0,0.0,0.0,-1930.0,2490.0,yonden
2017,9,2017-09-10,00:00,2320.0,880.0,3240.0,110.0,－－－－－－－－－－,10.0,0.0,0.0,0.0,0.0,0.0,-1920.0,2320.0,yonden
2017,9,2017-09-10,01:00,2250.0,880.0,3200.0,90.0,－－－－－－－－－－,10.0,0.0,0.0,0.0,0.0,0.0,-1930.0,2250.0,yonden
2017,9,2017-09-10,02:00,2300.0,880.0,3170.0,110.0,－－－－－－－－－－,10.0,0.0,0.0,0.0,0.0,0.0,-1870.0,2300.0,yonden
2017,9,2017-09-10,03:00,2480.0,880.0,3220.0,150.0,－－－－－－－－－－,10.0,0.0,0.0,0.0,0.0,0.0,-1780.0,2480.0,yonden
2017,9,2017-09-10,04:00,2610.0,880.0,3280.0,230.0,－－－－－－－－－－,10.0,0.0,0.0,0.0,0.0,0.0,-1790.0,2610.0,yonden
2017,9,2017-09-10,05:00,2610.0,880.0,3320.0,140.0,－－－－－－－－－－,10.0,0.0,0.0,0.0,0.0,0.0,-1740.0,2610.0,yonden
2017,9,2017-09-10,06:00,2390.0,880.0,3230.0,100.0,－－－－－－－－－－,10.0,150.0,0.0,0.0,0.0,-110.0,-1870.0,2390.0,yonden
2017,9,2017-09-10,07:00,2270.0,880.0,3200.0,110.0,－－－－－－－－－－,10.0,440.0,0.0,0.0,0.0,-300.0,-2070.0,2270.0,yonden
2017,9,2017-09-10,08:00,2440.0,880.0,3220.0,140.0,－－－－－－－－－－,10.0,740.0,0.0,0.0,0.0,-300.0,-2250.0,2440.0,yonden
2017,9,2017-09-10,09:00,2680.0,880.0,3260.0,210.0,－－－－－－－－－－,10.0,970.0,0.0,0.0,0.0,-300.0,-2350.0,2680.0,yonden
2017,9,2017-09-10,10:00,2800.0,880.0,3290.0,190.0,－－－－－－－－－－,10.0,1130.0,0.0,0.0,0.0,-300.0,-2400.0,2800.0,yonden
2017,9,2017-09-10,11:00,2900.0,880.0,3310.0,160.0,－－－－－－－－－－,10.0,1210.0,0.0,0.0,0.0,-300.0,-2370.0,2900.0,yonden
2017,9,2017-09-10,12:00,3000.0,880.0,3310.0,170.0,－－－－－－－－－－,10.0,1200.0,0.0,0.0,0.0,-300.0,-2270.0,3000.0,yonden
2017,9,2017-09-10,13:00,3030.0,880.0,3240.0,150.0,－－－－－－－－－－,10.0,1200.0,0.0,0.0,0.0,-300.0,-2150.0,3030.0,yonden
2017,9,2017-09-10,14:00,3130.0,880.0,3330.0,140.0,－－－－－－－－－－,10.0,1110.0,0.0,0.0,0.0,-150.0,-2190.0,3130.0,yonden
2017,9,2017-09-10,15:00,3180.0,880.0,3520.0,160.0,－－－－－－－－－－,10.0,780.0,0.0,0.0,0.0,0.0,-2170.0,3180.0,yonden
2017,9,2017-09-10,16:00,3180.0,880.0,3790.0,250.0,－－－－－－－－－－,10.0,440.0,0.0,0.0,0.0,40.0,-2230.0,3180.0,yonden
2017,9,2017-09-10,17:00,3180.0,880.0,3810.0,350.0,－－－－－－－－－－,10.0,140.0,0.0,10.0,0.0,290.0,-2310.0,3180.0,yonden
2017,9,2017-09-10,18:00,3240.0,880.0,3890.0,440.0,－－－－－－－－－－,10.0,0.0,0.0,10.0,0.0,290.0,-2280.0,3240.0,yonden
2017,9,2017-09-10,19:00,3200.0,880.0,4030.0,340.0,－－－－－－－－－－,10.0,0.0,0.0,20.0,0.0,190.0,-2270.0,3200.0,yonden
2017,9,2017-09-10,20:00,3030.0,880.0,4010.0,180.0,－－－－－－－－－－,10.0,0.0,0.0,30.0,0.0,180.0,-2260.0,3030.0,yonden
2017,9,2017-09-10,21:00,2810.0,880.0,3860.0,180.0,－－－－－－－－－－,10.0,0.0,0.0,30.0,0.0,0.0,-2150.0,2810.0,yonden
2017,9,2017-09-10,22:00,2590.0,880.0,3570.0,130.0,－－－－－－－－－－,10.0,0.0,0.0,30.0,0.0,0.0,-2030.0,2590.0,yonden
2017,9,2017-09-10,23:00,2450.0,880.0,3580.0,110.0,－－－－－－－－－－,10.0,0.0,0.0,30.0,0.0,-300.0,-1860.0,2450.0,yonden
2017,9,2017-09-11,00:00,2280.0,870.0,3390.0,80.0,－－－－－－－－－－,10.0,0.0,0.0,30.0,0.0,-290.0,-1810.0,2280.0,yonden
2017,9,2017-09-11,01:00,2230.0,880.0,3330.0,70.0,－－－－－－－－－－,10.0,0.0,0.0,30.0,0.0,-290.0,-1800.0,2230.0,yonden
2017,9,2017-09-11,02:00,2330.0,870.0,3420.0,90.0,－－－－－－－－－－,10.0,0.0,0.0,30.0,0.0,-290.0,-1800.0,2330.0,yonden
2017,9,2017-09-11,03:00,2500.0,870.0,3480.0,150.0,－－－－－－－－－－,10.0,0.0,0.0,20.0,0.0,-290.0,-1740.0,2500.0,yonden
2017,9,2017-09-11,04:00,2650.0,880.0,3530.0,230.0,－－－－－－－－－－,10.0,0.0,0.0,30.0,0.0,-290.0,-1740.0,2650.0,yonden
2017,9,2017-09-11,05:00,2710.0,870.0,3530.0,180.0,－－－－－－－－－－,10.0,0.0,0.0,40.0,0.0,-290.0,-1630.0,2710.0,yonden
2017,9,2017-09-11,06:00,2700.0,880.0,3520.0,120.0,－－－－－－－－－－,10.0,110.0,0.0,50.0,0.0,-290.0,-1700.0,2700.0,yonden
2017,9,2017-09-11,07:00,2790.0,880.0,3610.0,120.0,－－－－－－－－－－,10.0,340.0,0.0,50.0,0.0,-290.0,-1930.0,2790.0,yonden
2017,9,2017-09-11,08:00,3340.0,880.0,3670.0,150.0,－－－－－－－－－－,10.0,630.0,0.0,70.0,0.0,0.0,-2070.0,3340.0,yonden
2017,9,2017-09-11,09:00,3700.0,880.0,3720.0,160.0,－－－－－－－－－－,10.0,790.0,0.0,80.0,0.0,0.0,-1940.0,3700.0,yonden
2017,9,2017-09-11,10:00,3870.0,880.0,3950.0,180.0,－－－－－－－－－－,10.0,790.0,0.0,80.0,0.0,0.0,-2020.0,3870.0,yonden
2017,9,2017-09-11,11:00,3900.0,880.0,4090.0,300.0,－－－－－－－－－－,10.0,670.0,0.0,80.0,0.0,0.0,-2130.0,3900.0,yonden
2017,9,2017-09-11,12:00,3720.0,880.0,4160.0,140.0,－－－－－－－－－－,10.0,670.0,0.0,90.0,0.0,0.0,-2230.0,3720.0,yonden
2017,9,2017-09-11,13:00,3960.0,880.0,4250.0,120.0,－－－－－－－－－－,10.0,620.0,0.0,90.0,0.0,80.0,-2090.0,3960.0,yonden
2017,9,2017-09-11,14:00,3970.0,880.0,4230.0,120.0,－－－－－－－－－－,10.0,450.0,0.0,90.0,0.0,190.0,-2000.0,3970.0,yonden
2017,9,2017-09-11,15:00,3960.0,880.0,4270.0,190.0,－－－－－－－－－－,10.0,290.0,0.0,90.0,0.0,200.0,-1970.0,3960.0,yonden
2017,9,2017-09-11,16:00,3970.0,880.0,4290.0,320.0,－－－－－－－－－－,10.0,130.0,0.0,90.0,0.0,210.0,-1960.0,3970.0,yonden
2017,9,2017-09-11,17:00,3850.0,880.0,4250.0,340.0,－－－－－－－－－－,10.0,40.0,0.0,90.0,0.0,210.0,-1970.0,3850.0,yonden
2017,9,2017-09-11,18:00,3810.0,880.0,4240.0,290.0,－－－－－－－－－－,10.0,0.0,0.0,90.0,0.0,270.0,-1970.0,3810.0,yonden
2017,9,2017-09-11,19:00,3630.0,880.0,4250.0,230.0,－－－－－－－－－－,10.0,0.0,0.0,90.0,0.0,190.0,-2020.0,3630.0,yonden
2017,9,2017-09-11,20:00,3420.0,880.0,4240.0,200.0,－－－－－－－－－－,10.0,0.0,0.0,90.0,0.0,70.0,-2070.0,3420.0,yonden
2017,9,2017-09-11,21:00,3190.0,880.0,4000.0,160.0,－－－－－－－－－－,10.0,0.0,0.0,90.0,0.0,0.0,-1950.0,3190.0,yonden
2017,9,2017-09-11,22:00,2970.0,880.0,3840.0,130.0,－－－－－－－－－－,10.0,0.0,0.0,80.0,0.0,0.0,-1970.0,2970.0,yonden
2017,9,2017-09-11,23:00,2830.0,880.0,3790.0,140.0,－－－－－－－－－－,10.0,0.0,0.0,90.0,0.0,0.0,-2080.0,2830.0,yonden
2017,9,2017-09-12,00:00,2640.0,880.0,3640.0,110.0,－－－－－－－－－－,10.0,0.0,0.0,80.0,0.0,-290.0,-1790.0,2640.0,yonden
2017,9,2017-09-12,01:00,2560.0,880.0,3530.0,90.0,－－－－－－－－－－,10.0,0.0,0.0,60.0,0.0,-290.0,-1720.0,2560.0,yonden
2017,9,2017-09-12,02:00,2620.0,880.0,3490.0,110.0,－－－－－－－－－－,10.0,0.0,0.0,60.0,0.0,-290.0,-1640.0,2620.0,yonden
2017,9,2017-09-12,03:00,2740.0,880.0,3520.0,120.0,－－－－－－－－－－,10.0,0.0,0.0,40.0,0.0,-290.0,-1540.0,2740.0,yonden
2017,9,2017-09-12,04:00,2870.0,880.0,3550.0,130.0,－－－－－－－－－－,10.0,0.0,0.0,40.0,0.0,-290.0,-1450.0,2870.0,yonden
2017,9,2017-09-12,05:00,2940.0,880.0,3560.0,160.0,－－－－－－－－－－,10.0,0.0,0.0,30.0,0.0,-290.0,-1410.0,2940.0,yonden
2017,9,2017-09-12,06:00,2980.0,880.0,3470.0,180.0,－－－－－－－－－－,10.0,70.0,0.0,20.0,0.0,-160.0,-1490.0,2980.0,yonden
2017,9,2017-09-12,07:00,3120.0,880.0,3620.0,160.0,－－－－－－－－－－,10.0,120.0,0.0,30.0,0.0,0.0,-1700.0,3120.0,yonden
2017,9,2017-09-12,08:00,3590.0,880.0,4020.0,250.0,－－－－－－－－－－,10.0,150.0,0.0,20.0,0.0,0.0,-1740.0,3590.0,yonden
2017,9,2017-09-12,09:00,3800.0,870.0,4160.0,300.0,－－－－－－－－－－,0.0,260.0,0.0,20.0,0.0,0.0,-1810.0,3800.0,yonden
2017,9,2017-09-12,10:00,3840.0,880.0,4200.0,200.0,－－－－－－－－－－,0.0,420.0,0.0,20.0,0.0,0.0,-1880.0,3840.0,yonden
2017,9,2017-09-12,11:00,3900.0,880.0,4190.0,220.0,－－－－－－－－－－,0.0,330.0,0.0,10.0,0.0,150.0,-1880.0,3900.0,yonden
2017,9,2017-09-12,12:00,3670.0,880.0,4070.0,190.0,－－－－－－－－－－,0.0,330.0,0.0,10.0,0.0,190.0,-2000.0,3670.0,yonden
2017,9,2017-09-12,13:00,3830.0,880.0,4260.0,170.0,－－－－－－－－－－,0.0,360.0,0.0,10.0,0.0,200.0,-2050.0,3830.0,yonden
2017,9,2017-09-12,14:00,3840.0,880.0,4150.0,150.0,－－－－－－－－－－,10.0,420.0,0.0,10.0,0.0,200.0,-1980.0,3840.0,yonden
2017,9,2017-09-12,15:00,3910.0,880.0,4160.0,200.0,－－－－－－－－－－,10.0,460.0,0.0,10.0,0.0,200.0,-2010.0,3910.0,yonden
2017,9,2017-09-12,16:00,3950.0,880.0,4270.0,270.0,－－－－－－－－－－,10.0,280.0,0.0,0.0,0.0,210.0,-1970.0,3950.0,yonden
2017,9,2017-09-12,17:00,3800.0,880.0,4230.0,320.0,－－－－－－－－－－,10.0,110.0,0.0,10.0,0.0,250.0,-2010.0,3800.0,yonden
2017,9,2017-09-12,18:00,3780.0,880.0,4310.0,360.0,－－－－－－－－－－,10.0,0.0,0.0,10.0,0.0,310.0,-2100.0,3780.0,yonden
2017,9,2017-09-12,19:00,3610.0,880.0,4300.0,330.0,－－－－－－－－－－,10.0,0.0,0.0,20.0,0.0,280.0,-2210.0,3610.0,yonden
2017,9,2017-09-12,20:00,3390.0,880.0,4270.0,280.0,－－－－－－－－－－,10.0,0.0,0.0,20.0,0.0,200.0,-2270.0,3390.0,yonden
2017,9,2017-09-12,21:00,3130.0,880.0,4090.0,240.0,－－－－－－－－－－,10.0,0.0,0.0,20.0,0.0,0.0,-2110.0,3130.0,yonden
2017,9,2017-09-12,22:00,2890.0,880.0,3720.0,150.0,－－－－－－－－－－,10.0,0.0,0.0,10.0,0.0,0.0,-1880.0,2890.0,yonden
2017,9,2017-09-12,23:00,2730.0,880.0,3500.0,110.0,－－－－－－－－－－,10.0,0.0,0.0,10.0,0.0,0.0,-1780.0,2730.0,yonden
2017,9,2017-09-13,00:00,2520.0,870.0,3430.0,110.0,－－－－－－－－－－,10.0,0.0,0.0,10.0,0.0,-300.0,-1610.0,2520.0,yonden
2017,9,2017-09-13,01:00,2430.0,880.0,3410.0,80.0,－－－－－－－－－－,10.0,0.0,0.0,10.0,0.0,-290.0,-1670.0,2430.0,yonden
2017,9,2017-09-13,02:00,2470.0,870.0,3310.0,100.0,－－－－－－－－－－,10.0,0.0,0.0,20.0,0.0,-290.0,-1550.0,2470.0,yonden
2017,9,2017-09-13,03:00,2610.0,870.0,3360.0,110.0,－－－－－－－－－－,10.0,0.0,0.0,20.0,0.0,-290.0,-1470.0,2610.0,yonden
2017,9,2017-09-13,04:00,2750.0,880.0,3480.0,130.0,－－－－－－－－－－,10.0,0.0,0.0,20.0,0.0,-290.0,-1480.0,2750.0,yonden
2017,9,2017-09-13,05:00,2800.0,870.0,3480.0,120.0,－－－－－－－－－－,10.0,0.0,0.0,20.0,0.0,-290.0,-1410.0,2800.0,yonden
2017,9,2017-09-13,06:00,2740.0,880.0,3440.0,100.0,－－－－－－－－－－,10.0,130.0,0.0,20.0,0.0,-290.0,-1550.0,2740.0,yonden
2017,9,2017-09-13,07:00,2760.0,880.0,3490.0,90.0,－－－－－－－－－－,10.0,360.0,0.0,20.0,0.0,-290.0,-1800.0,2760.0,yonden
2017,9,2017-09-13,08:00,3240.0,880.0,3720.0,110.0,－－－－－－－－－－,10.0,700.0,0.0,10.0,0.0,-150.0,-2040.0,3240.0,yonden
2017,9,2017-09-13,09:00,3620.0,880.0,3830.0,200.0,－－－－－－－－－－,10.0,1010.0,0.0,10.0,0.0,0.0,-2320.0,3620.0,yonden
2017,9,2017-09-13,10:00,3780.0,880.0,3900.0,210.0,－－－－－－－－－－,10.0,1190.0,0.0,0.0,0.0,0.0,-2410.0,3780.0,yonden
2017,9,2017-09-13,11:00,3890.0,880.0,3990.0,160.0,－－－－－－－－－－,10.0,1270.0,0.0,0.0,0.0,0.0,-2420.0,3890.0,yonden
2017,9,2017-09-13,12:00,3790.0,880.0,3920.0,180.0,－－－－－－－－－－,10.0,1180.0,0.0,0.0,0.0,0.0,-2380.0,3790.0,yonden
2017,9,2017-09-13,13:00,3910.0,880.0,3980.0,180.0,－－－－－－－－－－,10.0,1090.0,0.0,0.0,0.0,120.0,-2350.0,3910.0,yonden
2017,9,2017-09-13,14:00,4000.0,880.0,3970.0,230.0,－－－－－－－－－－,10.0,960.0,0.0,0.0,0.0,260.0,-2310.0,4000.0,yonden
2017,9,2017-09-13,15:00,3930.0,880.0,4110.0,280.0,－－－－－－－－－－,10.0,600.0,0.0,0.0,0.0,300.0,-2250.0,3930.0,yonden
2017,9,2017-09-13,16:00,3890.0,880.0,4120.0,270.0,－－－－－－－－－－,10.0,320.0,0.0,0.0,0.0,280.0,-1990.0,3890.0,yonden
2017,9,2017-09-13,17:00,3720.0,880.0,4160.0,340.0,－－－－－－－－－－,10.0,120.0,0.0,10.0,0.0,280.0,-2080.0,3720.0,yonden
2017,9,2017-09-13,18:00,3680.0,880.0,4150.0,380.0,－－－－－－－－－－,10.0,0.0,0.0,10.0,0.0,280.0,-2030.0,3680.0,yonden
2017,9,2017-09-13,19:00,3510.0,880.0,4090.0,280.0,－－－－－－－－－－,10.0,0.0,0.0,20.0,0.0,250.0,-2020.0,3510.0,yonden
2017,9,2017-09-13,20:00,3280.0,880.0,3960.0,210.0,－－－－－－－－－－,10.0,0.0,0.0,20.0,0.0,160.0,-1960.0,3280.0,yonden
2017,9,2017-09-13,21:00,3020.0,880.0,3740.0,180.0,－－－－－－－－－－,10.0,0.0,0.0,10.0,0.0,0.0,-1800.0,3020.0,yonden
2017,9,2017-09-13,22:00,2800.0,880.0,3500.0,150.0,－－－－－－－－－－,10.0,0.0,0.0,10.0,0.0,0.0,-1750.0,2800.0,yonden
2017,9,2017-09-13,23:00,2640.0,880.0,3470.0,140.0,－－－－－－－－－－,10.0,0.0,0.0,10.0,0.0,0.0,-1870.0,2640.0,yonden
2017,9,2017-09-14,00:00,2440.0,880.0,3380.0,130.0,－－－－－－－－－－,10.0,0.0,0.0,10.0,0.0,-300.0,-1670.0,2440.0,yonden
2017,9,2017-09-14,01:00,2360.0,880.0,3330.0,120.0,－－－－－－－－－－,10.0,0.0,0.0,10.0,0.0,-300.0,-1690.0,2360.0,yonden
2017,9,2017-09-14,02:00,2420.0,880.0,3400.0,150.0,－－－－－－－－－－,10.0,0.0,0.0,20.0,0.0,-290.0,-1750.0,2420.0,yonden
2017,9,2017-09-14,03:00,2590.0,880.0,3410.0,170.0,－－－－－－－－－－,10.0,0.0,0.0,30.0,0.0,-290.0,-1620.0,2590.0,yonden
2017,9,2017-09-14,04:00,2740.0,880.0,3440.0,180.0,－－－－－－－－－－,10.0,0.0,0.0,30.0,0.0,-290.0,-1510.0,2740.0,yonden
2017,9,2017-09-14,05:00,2790.0,880.0,3420.0,170.0,－－－－－－－－－－,10.0,0.0,0.0,20.0,0.0,-290.0,-1420.0,2790.0,yonden
2017,9,2017-09-14,06:00,2740.0,880.0,3450.0,160.0,－－－－－－－－－－,10.0,100.0,0.0,20.0,0.0,-290.0,-1590.0,2740.0,yonden
2017,9,2017-09-14,07:00,2750.0,880.0,3510.0,160.0,－－－－－－－－－－,10.0,240.0,0.0,20.0,0.0,-290.0,-1780.0,2750.0,yonden
2017,9,2017-09-14,08:00,3190.0,880.0,3710.0,200.0,－－－－－－－－－－,10.0,460.0,0.0,10.0,0.0,0.0,-2080.0,3190.0,yonden
2017,9,2017-09-14,09:00,3530.0,880.0,3920.0,270.0,－－－－－－－－－－,10.0,700.0,0.0,10.0,0.0,0.0,-2260.0,3530.0,yonden
2017,9,2017-09-14,10:00,3620.0,880.0,4000.0,300.0,－－－－－－－－－－,10.0,800.0,0.0,0.0,0.0,0.0,-2370.0,3620.0,yonden
2017,9,2017-09-14,11:00,3710.0,880.0,3930.0,300.0,－－－－－－－－－－,10.0,940.0,0.0,0.0,0.0,0.0,-2350.0,3710.0,yonden
2017,9,2017-09-14,12:00,3570.0,880.0,3700.0,260.0,－－－－－－－－－－,10.0,980.0,0.0,0.0,0.0,0.0,-2260.0,3570.0,yonden
2017,9,2017-09-14,13:00,3800.0,880.0,3930.0,270.0,－－－－－－－－－－,10.0,910.0,0.0,0.0,0.0,0.0,-2200.0,3800.0,yonden
2017,9,2017-09-14,14:00,3810.0,880.0,4050.0,290.0,－－－－－－－－－－,10.0,740.0,0.0,0.0,0.0,30.0,-2190.0,3810.0,yonden
2017,9,2017-09-14,15:00,3800.0,880.0,3990.0,300.0,－－－－－－－－－－,10.0,550.0,0.0,0.0,0.0,210.0,-2140.0,3800.0,yonden
2017,9,2017-09-14,16:00,3800.0,880.0,3940.0,380.0,－－－－－－－－－－,10.0,300.0,0.0,10.0,0.0,320.0,-2040.0,3800.0,yonden
2017,9,2017-09-14,17:00,3640.0,880.0,3930.0,500.0,－－－－－－－－－－,10.0,90.0,0.0,10.0,0.0,320.0,-2100.0,3640.0,yonden
2017,9,2017-09-14,18:00,3600.0,880.0,3900.0,520.0,－－－－－－－－－－,10.0,0.0,0.0,10.0,0.0,310.0,-2030.0,3600.0,yonden
2017,9,2017-09-14,19:00,3430.0,880.0,3810.0,430.0,－－－－－－－－－－,10.0,0.0,0.0,10.0,0.0,300.0,-2010.0,3430.0,yonden
2017,9,2017-09-14,20:00,3210.0,880.0,3760.0,360.0,－－－－－－－－－－,10.0,0.0,0.0,10.0,0.0,160.0,-1970.0,3210.0,yonden
2017,9,2017-09-14,21:00,2980.0,880.0,3580.0,330.0,－－－－－－－－－－,10.0,0.0,0.0,20.0,0.0,0.0,-1840.0,2980.0,yonden
2017,9,2017-09-14,22:00,2770.0,880.0,3450.0,300.0,－－－－－－－－－－,10.0,0.0,0.0,10.0,0.0,0.0,-1880.0,2770.0,yonden
2017,9,2017-09-14,23:00,2620.0,880.0,3440.0,300.0,－－－－－－－－－－,10.0,0.0,0.0,10.0,0.0,0.0,-2020.0,2620.0,yonden
2017,9,2017-09-15,00:00,2430.0,870.0,3350.0,280.0,－－－－－－－－－－,10.0,0.0,0.0,10.0,0.0,-150.0,-1940.0,2430.0,yonden
2017,9,2017-09-15,01:00,2350.0,880.0,3270.0,280.0,－－－－－－－－－－,10.0,0.0,0.0,20.0,0.0,-300.0,-1810.0,2350.0,yonden
2017,9,2017-09-15,02:00,2430.0,870.0,3340.0,280.0,－－－－－－－－－－,10.0,0.0,0.0,20.0,0.0,-300.0,-1790.0,2430.0,yonden
2017,9,2017-09-15,03:00,2580.0,870.0,3280.0,280.0,－－－－－－－－－－,10.0,0.0,0.0,30.0,0.0,-150.0,-1740.0,2580.0,yonden
2017,9,2017-09-15,04:00,2740.0,880.0,3270.0,280.0,－－－－－－－－－－,10.0,0.0,0.0,60.0,0.0,0.0,-1760.0,2740.0,yonden
2017,9,2017-09-15,05:00,2760.0,870.0,3320.0,290.0,－－－－－－－－－－,10.0,0.0,0.0,60.0,0.0,0.0,-1790.0,2760.0,yonden
2017,9,2017-09-15,06:00,2700.0,880.0,3260.0,280.0,－－－－－－－－－－,10.0,70.0,0.0,60.0,0.0,0.0,-1860.0,2700.0,yonden
2017,9,2017-09-15,07:00,2720.0,880.0,3250.0,250.0,－－－－－－－－－－,10.0,170.0,0.0,60.0,0.0,0.0,-1900.0,2720.0,yonden
2017,9,2017-09-15,08:00,3120.0,880.0,3530.0,280.0,－－－－－－－－－－,10.0,290.0,0.0,60.0,0.0,0.0,-1930.0,3120.0,yonden
2017,9,2017-09-15,09:00,3350.0,880.0,3530.0,350.0,－－－－－－－－－－,10.0,410.0,0.0,50.0,0.0,0.0,-1880.0,3350.0,yonden
2017,9,2017-09-15,10:00,3400.0,880.0,3540.0,360.0,－－－－－－－－－－,10.0,500.0,0.0,50.0,0.0,0.0,-1940.0,3400.0,yonden
2017,9,2017-09-15,11:00,3410.0,880.0,3740.0,410.0,－－－－－－－－－－,10.0,400.0,0.0,40.0,0.0,0.0,-2070.0,3410.0,yonden
2017,9,2017-09-15,12:00,3220.0,880.0,3780.0,320.0,－－－－－－－－－－,10.0,380.0,0.0,40.0,0.0,0.0,-2190.0,3220.0,yonden
2017,9,2017-09-15,13:00,3370.0,880.0,3870.0,340.0,－－－－－－－－－－,10.0,320.0,0.0,30.0,0.0,30.0,-2110.0,3370.0,yonden
2017,9,2017-09-15,14:00,3390.0,880.0,3930.0,270.0,－－－－－－－－－－,10.0,250.0,0.0,10.0,0.0,220.0,-2180.0,3390.0,yonden
2017,9,2017-09-15,15:00,3350.0,880.0,3930.0,280.0,－－－－－－－－－－,10.0,180.0,0.0,10.0,0.0,220.0,-2160.0,3350.0,yonden
2017,9,2017-09-15,16:00,3400.0,880.0,3930.0,320.0,－－－－－－－－－－,10.0,80.0,0.0,10.0,0.0,230.0,-2060.0,3400.0,yonden
2017,9,2017-09-15,17:00,3340.0,880.0,3910.0,380.0,－－－－－－－－－－,10.0,20.0,0.0,10.0,0.0,300.0,-2170.0,3340.0,yonden
2017,9,2017-09-15,18:00,3340.0,880.0,3940.0,320.0,－－－－－－－－－－,10.0,0.0,0.0,10.0,0.0,300.0,-2120.0,3340.0,yonden
2017,9,2017-09-15,19:00,3160.0,880.0,3780.0,320.0,－－－－－－－－－－,10.0,0.0,0.0,10.0,0.0,100.0,-1940.0,3160.0,yonden
2017,9,2017-09-15,20:00,2990.0,880.0,3680.0,300.0,－－－－－－－－－－,10.0,0.0,0.0,20.0,0.0,0.0,-1900.0,2990.0,yonden
2017,9,2017-09-15,21:00,2790.0,880.0,3500.0,270.0,－－－－－－－－－－,10.0,0.0,0.0,10.0,0.0,0.0,-1880.0,2790.0,yonden
2017,9,2017-09-15,22:00,2600.0,880.0,3360.0,230.0,－－－－－－－－－－,10.0,0.0,0.0,10.0,0.0,0.0,-1890.0,2600.0,yonden
2017,9,2017-09-15,23:00,2510.0,880.0,3400.0,260.0,－－－－－－－－－－,10.0,0.0,0.0,10.0,0.0,0.0,-2050.0,2510.0,yonden
2017,9,2017-09-16,00:00,2350.0,880.0,3240.0,240.0,－－－－－－－－－－,10.0,0.0,0.0,20.0,0.0,-300.0,-1740.0,2350.0,yonden
2017,9,2017-09-16,01:00,2280.0,880.0,3160.0,230.0,－－－－－－－－－－,10.0,0.0,0.0,20.0,0.0,-300.0,-1720.0,2280.0,yonden
2017,9,2017-09-16,02:00,2370.0,880.0,3140.0,230.0,－－－－－－－－－－,10.0,0.0,0.0,30.0,0.0,-300.0,-1620.0,2370.0,yonden
2017,9,2017-09-16,03:00,2560.0,880.0,3200.0,260.0,－－－－－－－－－－,10.0,0.0,0.0,40.0,0.0,-250.0,-1580.0,2560.0,yonden
2017,9,2017-09-16,04:00,2700.0,880.0,3090.0,240.0,－－－－－－－－－－,10.0,0.0,0.0,40.0,0.0,0.0,-1560.0,2700.0,yonden
2017,9,2017-09-16,05:00,2680.0,880.0,3090.0,220.0,－－－－－－－－－－,10.0,0.0,0.0,40.0,0.0,0.0,-1560.0,2680.0,yonden
2017,9,2017-09-16,06:00,2530.0,880.0,2990.0,220.0,－－－－－－－－－－,10.0,40.0,0.0,50.0,0.0,0.0,-1660.0,2530.0,yonden
2017,9,2017-09-16,07:00,2510.0,880.0,3160.0,230.0,－－－－－－－－－－,10.0,70.0,0.0,50.0,0.0,0.0,-1890.0,2510.0,yonden
2017,9,2017-09-16,08:00,2760.0,880.0,3420.0,300.0,－－－－－－－－－－,10.0,130.0,0.0,50.0,0.0,10.0,-2040.0,2760.0,yonden
2017,9,2017-09-16,09:00,2910.0,880.0,3590.0,320.0,－－－－－－－－－－,10.0,160.0,0.0,50.0,0.0,250.0,-2350.0,2910.0,yonden
2017,9,2017-09-16,10:00,2990.0,880.0,3800.0,340.0,－－－－－－－－－－,10.0,200.0,0.0,60.0,0.0,50.0,-2350.0,2990.0,yonden
2017,9,2017-09-16,11:00,2990.0,880.0,3780.0,280.0,－－－－－－－－－－,10.0,250.0,0.0,60.0,0.0,0.0,-2270.0,2990.0,yonden
2017,9,2017-09-16,12:00,2880.0,880.0,3730.0,260.0,－－－－－－－－－－,10.0,250.0,0.0,70.0,0.0,0.0,-2320.0,2880.0,yonden
2017,9,2017-09-16,13:00,2990.0,880.0,3810.0,290.0,－－－－－－－－－－,10.0,170.0,0.0,70.0,0.0,0.0,-2240.0,2990.0,yonden
2017,9,2017-09-16,14:00,2990.0,880.0,3820.0,300.0,－－－－－－－－－－,10.0,120.0,0.0,70.0,0.0,0.0,-2210.0,2990.0,yonden
2017,9,2017-09-16,15:00,2980.0,880.0,3830.0,370.0,－－－－－－－－－－,10.0,90.0,0.0,60.0,0.0,0.0,-2260.0,2980.0,yonden
2017,9,2017-09-16,16:00,2990.0,880.0,3880.0,400.0,－－－－－－－－－－,10.0,50.0,0.0,50.0,0.0,0.0,-2280.0,2990.0,yonden
2017,9,2017-09-16,17:00,2960.0,880.0,3800.0,430.0,－－－－－－－－－－,10.0,20.0,0.0,30.0,0.0,0.0,-2210.0,2960.0,yonden
2017,9,2017-09-16,18:00,2970.0,880.0,3750.0,460.0,－－－－－－－－－－,10.0,0.0,0.0,20.0,0.0,0.0,-2150.0,2970.0,yonden
2017,9,2017-09-16,19:00,2870.0,880.0,3700.0,450.0,－－－－－－－－－－,10.0,0.0,0.0,20.0,0.0,0.0,-2190.0,2870.0,yonden
2017,9,2017-09-16,20:00,2720.0,880.0,3590.0,390.0,－－－－－－－－－－,10.0,0.0,0.0,20.0,0.0,0.0,-2170.0,2720.0,yonden
2017,9,2017-09-16,21:00,2560.0,880.0,3500.0,370.0,－－－－－－－－－－,10.0,0.0,0.0,20.0,0.0,0.0,-2220.0,2560.0,yonden
2017,9,2017-09-16,22:00,2410.0,880.0,3500.0,370.0,－－－－－－－－－－,10.0,0.0,0.0,20.0,0.0,-300.0,-2070.0,2410.0,yonden
2017,9,2017-09-16,23:00,2350.0,880.0,3400.0,360.0,－－－－－－－－－－,10.0,0.0,0.0,30.0,0.0,-300.0,-2030.0,2350.0,yonden
2017,9,2017-09-17,00:00,2250.0,870.0,3230.0,360.0,－－－－－－－－－－,10.0,0.0,0.0,30.0,0.0,-300.0,-1950.0,2250.0,yonden
2017,9,2017-09-17,01:00,2200.0,880.0,3150.0,360.0,－－－－－－－－－－,10.0,0.0,0.0,30.0,0.0,-290.0,-1940.0,2200.0,yonden
2017,9,2017-09-17,02:00,2290.0,870.0,3180.0,370.0,－－－－－－－－－－,10.0,0.0,0.0,40.0,0.0,-290.0,-1890.0,2290.0,yonden
2017,9,2017-09-17,03:00,2510.0,870.0,3280.0,390.0,－－－－－－－－－－,10.0,0.0,0.0,40.0,0.0,-150.0,-1930.0,2510.0,yonden
2017,9,2017-09-17,04:00,2630.0,880.0,3140.0,470.0,－－－－－－－－－－,10.0,0.0,0.0,30.0,0.0,0.0,-1900.0,2630.0,yonden
2017,9,2017-09-17,05:00,2570.0,880.0,3140.0,440.0,－－－－－－－－－－,10.0,0.0,0.0,30.0,0.0,0.0,-1930.0,2570.0,yonden
2017,9,2017-09-17,06:00,2310.0,880.0,3000.0,390.0,－－－－－－－－－－,10.0,60.0,0.0,30.0,0.0,0.0,-2060.0,2310.0,yonden
2017,9,2017-09-17,07:00,2200.0,880.0,2940.0,390.0,－－－－－－－－－－,10.0,150.0,0.0,60.0,0.0,0.0,-2230.0,2200.0,yonden
2017,9,2017-09-17,08:00,2320.0,880.0,2880.0,400.0,－－－－－－－－－－,10.0,250.0,0.0,70.0,0.0,0.0,-2170.0,2320.0,yonden
2017,9,2017-09-17,09:00,2480.0,880.0,2940.0,440.0,－－－－－－－－－－,10.0,290.0,0.0,60.0,0.0,0.0,-2140.0,2480.0,yonden
2017,9,2017-09-17,10:00,2620.0,880.0,2990.0,430.0,－－－－－－－－－－,10.0,380.0,0.0,50.0,0.0,0.0,-2120.0,2620.0,yonden
2017,9,2017-09-17,11:00,2690.0,880.0,3230.0,480.0,－－－－－－－－－－,10.0,240.0,0.0,30.0,0.0,0.0,-2180.0,2690.0,yonden
2017,9,2017-09-17,12:00,2750.0,880.0,3390.0,480.0,－－－－－－－－－－,10.0,170.0,0.0,40.0,0.0,0.0,-2220.0,2750.0,yonden
2017,9,2017-09-17,13:00,2750.0,880.0,3370.0,500.0,－－－－－－－－－－,10.0,140.0,0.0,30.0,0.0,0.0,-2180.0,2750.0,yonden
2017,9,2017-09-17,14:00,2780.0,880.0,3340.0,530.0,－－－－－－－－－－,0.0,110.0,0.0,10.0,0.0,0.0,-2090.0,2780.0,yonden
2017,9,2017-09-17,15:00,2830.0,880.0,3430.0,490.0,－－－－－－－－－－,10.0,80.0,0.0,0.0,0.0,0.0,-2060.0,2830.0,yonden
2017,9,2017-09-17,16:00,2850.0,880.0,3400.0,480.0,－－－－－－－－－－,10.0,50.0,0.0,0.0,0.0,0.0,-1970.0,2850.0,yonden
2017,9,2017-09-17,17:00,2900.0,880.0,3370.0,460.0,－－－－－－－－－－,10.0,20.0,0.0,0.0,0.0,0.0,-1840.0,2900.0,yonden
2017,9,2017-09-17,18:00,2910.0,880.0,3470.0,440.0,－－－－－－－－－－,10.0,0.0,0.0,0.0,0.0,0.0,-1890.0,2910.0,yonden
2017,9,2017-09-17,19:00,2800.0,880.0,3410.0,420.0,－－－－－－－－－－,10.0,0.0,0.0,30.0,0.0,0.0,-1950.0,2800.0,yonden
2017,9,2017-09-17,20:00,2640.0,880.0,3270.0,390.0,－－－－－－－－－－,10.0,0.0,0.0,50.0,0.0,0.0,-1960.0,2640.0,yonden
2017,9,2017-09-17,21:00,2470.0,880.0,3190.0,370.0,－－－－－－－－－－,10.0,0.0,0.0,50.0,0.0,0.0,-2030.0,2470.0,yonden
2017,9,2017-09-17,22:00,2300.0,880.0,2950.0,430.0,－－－－－－－－－－,10.0,0.0,0.0,70.0,0.0,0.0,-2040.0,2300.0,yonden
2017,9,2017-09-17,23:00,2240.0,880.0,2900.0,490.0,－－－－－－－－－－,10.0,0.0,0.0,70.0,0.0,0.0,-2110.0,2240.0,yonden
2017,9,2017-09-18,00:00,2140.0,880.0,3050.0,480.0,－－－－－－－－－－,10.0,0.0,0.0,70.0,0.0,0.0,-2350.0,2140.0,yonden
2017,9,2017-09-18,01:00,2100.0,880.0,3130.0,490.0,－－－－－－－－－－,10.0,0.0,0.0,70.0,0.0,0.0,-2480.0,2100.0,yonden
2017,9,2017-09-18,02:00,2240.0,880.0,3210.0,500.0,－－－－－－－－－－,10.0,0.0,0.0,70.0,0.0,0.0,-2430.0,2240.0,yonden
2017,9,2017-09-18,03:00,2460.0,880.0,3200.0,530.0,－－－－－－－－－－,10.0,0.0,0.0,60.0,0.0,0.0,-2220.0,2460.0,yonden
2017,9,2017-09-18,04:00,2600.0,880.0,3200.0,530.0,－－－－－－－－－－,10.0,0.0,0.0,60.0,0.0,0.0,-2080.0,2600.0,yonden
2017,9,2017-09-18,05:00,2600.0,880.0,3230.0,550.0,－－－－－－－－－－,10.0,0.0,0.0,50.0,0.0,0.0,-2120.0,2600.0,yonden
2017,9,2017-09-18,06:00,2490.0,880.0,3200.0,550.0,－－－－－－－－－－,10.0,140.0,0.0,50.0,0.0,0.0,-2340.0,2490.0,yonden
2017,9,2017-09-18,07:00,2460.0,880.0,2970.0,530.0,－－－－－－－－－－,10.0,460.0,0.0,50.0,0.0,0.0,-2440.0,2460.0,yonden
2017,9,2017-09-18,08:00,2620.0,880.0,2850.0,500.0,－－－－－－－－－－,10.0,830.0,0.0,30.0,0.0,0.0,-2480.0,2620.0,yonden
2017,9,2017-09-18,09:00,2830.0,880.0,3030.0,510.0,－－－－－－－－－－,10.0,1150.0,0.0,20.0,0.0,-280.0,-2490.0,2830.0,yonden
2017,9,2017-09-18,10:00,2950.0,880.0,3020.0,500.0,－－－－－－－－－－,10.0,1340.0,0.0,20.0,0.0,-300.0,-2520.0,2950.0,yonden
2017,9,2017-09-18,11:00,3020.0,880.0,3040.0,490.0,－－－－－－－－－－,10.0,1390.0,0.0,20.0,0.0,-300.0,-2510.0,3020.0,yonden
2017,9,2017-09-18,12:00,3010.0,880.0,3050.0,480.0,－－－－－－－－－－,10.0,1380.0,0.0,30.0,0.0,-300.0,-2520.0,3010.0,yonden
2017,9,2017-09-18,13:00,3100.0,880.0,3060.0,520.0,－－－－－－－－－－,10.0,1360.0,0.0,40.0,0.0,-300.0,-2470.0,3100.0,yonden
2017,9,2017-09-18,14:00,3120.0,880.0,3150.0,570.0,－－－－－－－－－－,10.0,1170.0,0.0,40.0,0.0,-300.0,-2400.0,3120.0,yonden
2017,9,2017-09-18,15:00,3160.0,880.0,3190.0,590.0,－－－－－－－－－－,10.0,910.0,0.0,30.0,0.0,0.0,-2450.0,3160.0,yonden
2017,9,2017-09-18,16:00,3220.0,880.0,3460.0,580.0,－－－－－－－－－－,10.0,570.0,0.0,20.0,0.0,0.0,-2300.0,3220.0,yonden
2017,9,2017-09-18,17:00,3180.0,880.0,3560.0,610.0,－－－－－－－－－－,10.0,180.0,0.0,20.0,0.0,0.0,-2080.0,3180.0,yonden
2017,9,2017-09-18,18:00,3140.0,880.0,3560.0,640.0,－－－－－－－－－－,10.0,0.0,0.0,20.0,0.0,0.0,-1970.0,3140.0,yonden
2017,9,2017-09-18,19:00,3060.0,880.0,3560.0,670.0,－－－－－－－－－－,10.0,0.0,0.0,10.0,0.0,0.0,-2070.0,3060.0,yonden
2017,9,2017-09-18,20:00,2900.0,880.0,3540.0,660.0,－－－－－－－－－－,10.0,0.0,0.0,10.0,0.0,0.0,-2200.0,2900.0,yonden
2017,9,2017-09-18,21:00,2700.0,880.0,3370.0,660.0,－－－－－－－－－－,10.0,0.0,0.0,10.0,0.0,0.0,-2230.0,2700.0,yonden
2017,9,2017-09-18,22:00,2510.0,880.0,3200.0,640.0,－－－－－－－－－－,10.0,0.0,0.0,10.0,0.0,0.0,-2230.0,2510.0,yonden
2017,9,2017-09-18,23:00,2400.0,880.0,3070.0,630.0,－－－－－－－－－－,10.0,0.0,0.0,0.0,0.0,0.0,-2190.0,2400.0,yonden
2017,9,2017-09-19,00:00,2250.0,870.0,2820.0,650.0,－－－－－－－－－－,10.0,0.0,0.0,0.0,0.0,-100.0,-2000.0,2250.0,yonden
2017,9,2017-09-19,01:00,2220.0,880.0,3000.0,670.0,－－－－－－－－－－,10.0,0.0,0.0,0.0,0.0,-300.0,-2040.0,2220.0,yonden
2017,9,2017-09-19,02:00,2340.0,870.0,2960.0,650.0,－－－－－－－－－－,10.0,0.0,0.0,0.0,0.0,-200.0,-1950.0,2340.0,yonden
2017,9,2017-09-19,03:00,2560.0,870.0,2990.0,650.0,－－－－－－－－－－,10.0,0.0,0.0,0.0,0.0,0.0,-1960.0,2560.0,yonden
2017,9,2017-09-19,04:00,2740.0,880.0,3010.0,650.0,－－－－－－－－－－,10.0,0.0,0.0,0.0,0.0,0.0,-1810.0,2740.0,yonden
2017,9,2017-09-19,05:00,2750.0,880.0,3050.0,650.0,－－－－－－－－－－,10.0,0.0,0.0,0.0,0.0,0.0,-1840.0,2750.0,yonden
2017,9,2017-09-19,06:00,2640.0,880.0,2970.0,640.0,－－－－－－－－－－,10.0,120.0,0.0,0.0,0.0,0.0,-1980.0,2640.0,yonden
2017,9,2017-09-19,07:00,2620.0,880.0,2910.0,630.0,－－－－－－－－－－,10.0,420.0,0.0,0.0,0.0,0.0,-2230.0,2620.0,yonden
2017,9,2017-09-19,08:00,3020.0,880.0,3260.0,620.0,－－－－－－－－－－,10.0,770.0,0.0,0.0,0.0,0.0,-2520.0,3020.0,yonden
2017,9,2017-09-19,09:00,3370.0,880.0,3320.0,640.0,－－－－－－－－－－,10.0,1040.0,0.0,0.0,0.0,0.0,-2520.0,3370.0,yonden
2017,9,2017-09-19,10:00,3520.0,880.0,3510.0,630.0,－－－－－－－－－－,10.0,1060.0,0.0,0.0,0.0,0.0,-2570.0,3520.0,yonden
2017,9,2017-09-19,11:00,3540.0,880.0,3570.0,620.0,－－－－－－－－－－,10.0,1020.0,0.0,0.0,0.0,0.0,-2560.0,3540.0,yonden
2017,9,2017-09-19,12:00,3410.0,880.0,3280.0,560.0,－－－－－－－－－－,10.0,1260.0,0.0,0.0,0.0,0.0,-2580.0,3410.0,yonden
2017,9,2017-09-19,13:00,3640.0,880.0,3450.0,600.0,－－－－－－－－－－,10.0,1210.0,0.0,0.0,0.0,0.0,-2510.0,3640.0,yonden
2017,9,2017-09-19,14:00,3670.0,880.0,3660.0,650.0,－－－－－－－－－－,10.0,990.0,0.0,0.0,0.0,0.0,-2520.0,3670.0,yonden
2017,9,2017-09-19,15:00,3680.0,880.0,3920.0,660.0,－－－－－－－－－－,10.0,710.0,0.0,0.0,0.0,20.0,-2520.0,3680.0,yonden
2017,9,2017-09-19,16:00,3690.0,880.0,3980.0,710.0,－－－－－－－－－－,10.0,390.0,0.0,0.0,0.0,250.0,-2530.0,3690.0,yonden
2017,9,2017-09-19,17:00,3530.0,880.0,4100.0,740.0,－－－－－－－－－－,10.0,90.0,0.0,0.0,0.0,260.0,-2550.0,3530.0,yonden
2017,9,2017-09-19,18:00,3520.0,880.0,4120.0,750.0,－－－－－－－－－－,10.0,0.0,0.0,10.0,0.0,270.0,-2520.0,3520.0,yonden
2017,9,2017-09-19,19:00,3340.0,880.0,4000.0,740.0,－－－－－－－－－－,10.0,0.0,0.0,10.0,0.0,260.0,-2560.0,3340.0,yonden
2017,9,2017-09-19,20:00,3140.0,880.0,3910.0,730.0,－－－－－－－－－－,10.0,0.0,0.0,10.0,0.0,150.0,-2550.0,3140.0,yonden
2017,9,2017-09-19,21:00,2900.0,880.0,3760.0,710.0,－－－－－－－－－－,10.0,0.0,0.0,10.0,0.0,0.0,-2470.0,2900.0,yonden
2017,9,2017-09-19,22:00,2700.0,880.0,3530.0,700.0,－－－－－－－－－－,10.0,0.0,0.0,0.0,0.0,0.0,-2420.0,2700.0,yonden
2017,9,2017-09-19,23:00,2580.0,880.0,3320.0,680.0,－－－－－－－－－－,10.0,0.0,0.0,0.0,0.0,0.0,-2310.0,2580.0,yonden
2017,9,2017-09-20,00:00,2390.0,880.0,3180.0,690.0,－－－－－－－－－－,10.0,0.0,0.0,0.0,0.0,-300.0,-2070.0,2390.0,yonden
2017,9,2017-09-20,01:00,2340.0,880.0,2940.0,700.0,－－－－－－－－－－,10.0,0.0,0.0,0.0,0.0,-300.0,-1890.0,2340.0,yonden
2017,9,2017-09-20,02:00,2460.0,880.0,2950.0,680.0,－－－－－－－－－－,10.0,0.0,0.0,0.0,0.0,-300.0,-1760.0,2460.0,yonden
2017,9,2017-09-20,03:00,2650.0,880.0,3130.0,700.0,－－－－－－－－－－,10.0,0.0,0.0,0.0,0.0,-300.0,-1770.0,2650.0,yonden
2017,9,2017-09-20,04:00,2810.0,880.0,3260.0,710.0,－－－－－－－－－－,10.0,0.0,0.0,0.0,0.0,-300.0,-1750.0,2810.0,yonden
2017,9,2017-09-20,05:00,2820.0,880.0,3030.0,680.0,－－－－－－－－－－,10.0,0.0,0.0,0.0,0.0,0.0,-1780.0,2820.0,yonden
2017,9,2017-09-20,06:00,2770.0,880.0,2990.0,670.0,－－－－－－－－－－,10.0,70.0,0.0,0.0,0.0,0.0,-1850.0,2770.0,yonden
2017,9,2017-09-20,07:00,2760.0,880.0,3280.0,680.0,－－－－－－－－－－,10.0,140.0,0.0,0.0,0.0,0.0,-2230.0,2760.0,yonden
2017,9,2017-09-20,08:00,3160.0,880.0,3790.0,710.0,－－－－－－－－－－,10.0,220.0,0.0,0.0,0.0,0.0,-2450.0,3160.0,yonden
2017,9,2017-09-20,09:00,3380.0,880.0,3910.0,610.0,－－－－－－－－－－,10.0,200.0,0.0,0.0,0.0,140.0,-2370.0,3380.0,yonden
2017,9,2017-09-20,10:00,3420.0,880.0,3840.0,570.0,－－－－－－－－－－,10.0,260.0,0.0,0.0,0.0,140.0,-2280.0,3420.0,yonden
2017,9,2017-09-20,11:00,3430.0,880.0,3850.0,550.0,－－－－－－－－－－,10.0,360.0,0.0,10.0,0.0,140.0,-2370.0,3430.0,yonden
2017,9,2017-09-20,12:00,3190.0,880.0,3870.0,560.0,－－－－－－－－－－,10.0,320.0,0.0,10.0,0.0,10.0,-2470.0,3190.0,yonden
2017,9,2017-09-20,13:00,3350.0,880.0,3800.0,600.0,－－－－－－－－－－,10.0,400.0,0.0,10.0,0.0,0.0,-2350.0,3350.0,yonden
2017,9,2017-09-20,14:00,3430.0,880.0,3870.0,640.0,－－－－－－－－－－,10.0,450.0,0.0,0.0,0.0,0.0,-2420.0,3430.0,yonden
2017,9,2017-09-20,15:00,3480.0,880.0,3960.0,670.0,－－－－－－－－－－,10.0,350.0,0.0,0.0,0.0,0.0,-2390.0,3480.0,yonden
2017,9,2017-09-20,16:00,3530.0,880.0,3970.0,700.0,－－－－－－－－－－,10.0,180.0,0.0,10.0,0.0,150.0,-2370.0,3530.0,yonden
2017,9,2017-09-20,17:00,3430.0,880.0,3920.0,730.0,－－－－－－－－－－,10.0,50.0,0.0,10.0,0.0,180.0,-2350.0,3430.0,yonden
2017,9,2017-09-20,18:00,3440.0,880.0,3900.0,740.0,－－－－－－－－－－,10.0,0.0,0.0,10.0,0.0,240.0,-2340.0,3440.0,yonden
2017,9,2017-09-20,19:00,3280.0,880.0,3860.0,730.0,－－－－－－－－－－,10.0,0.0,0.0,10.0,0.0,200.0,-2410.0,3280.0,yonden
2017,9,2017-09-20,20:00,3080.0,880.0,3760.0,700.0,－－－－－－－－－－,10.0,0.0,0.0,10.0,0.0,80.0,-2360.0,3080.0,yonden
2017,9,2017-09-20,21:00,2870.0,880.0,3660.0,610.0,－－－－－－－－－－,10.0,0.0,0.0,10.0,0.0,0.0,-2300.0,2870.0,yonden
2017,9,2017-09-20,22:00,2670.0,880.0,3420.0,610.0,－－－－－－－－－－,10.0,0.0,0.0,20.0,0.0,0.0,-2270.0,2670.0,yonden
2017,9,2017-09-20,23:00,2560.0,880.0,3170.0,580.0,－－－－－－－－－－,10.0,0.0,0.0,20.0,0.0,0.0,-2100.0,2560.0,yonden
2017,9,2017-09-21,00:00,2390.0,870.0,3030.0,530.0,－－－－－－－－－－,10.0,0.0,0.0,20.0,0.0,0.0,-2070.0,2390.0,yonden
2017,9,2017-09-21,01:00,2320.0,880.0,3000.0,500.0,－－－－－－－－－－,10.0,0.0,0.0,20.0,0.0,0.0,-2090.0,2320.0,yonden
2017,9,2017-09-21,02:00,2440.0,870.0,3060.0,520.0,－－－－－－－－－－,10.0,0.0,0.0,10.0,0.0,0.0,-2030.0,2440.0,yonden
2017,9,2017-09-21,03:00,2670.0,870.0,3110.0,580.0,－－－－－－－－－－,10.0,0.0,0.0,10.0,0.0,0.0,-1910.0,2670.0,yonden
2017,9,2017-09-21,04:00,2820.0,880.0,3110.0,650.0,－－－－－－－－－－,10.0,0.0,0.0,10.0,0.0,0.0,-1840.0,2820.0,yonden
2017,9,2017-09-21,05:00,2820.0,870.0,3130.0,610.0,－－－－－－－－－－,10.0,0.0,0.0,10.0,0.0,0.0,-1810.0,2820.0,yonden
2017,9,2017-09-21,06:00,2730.0,880.0,3150.0,520.0,－－－－－－－－－－,10.0,100.0,0.0,10.0,0.0,0.0,-1940.0,2730.0,yonden
2017,9,2017-09-21,07:00,2720.0,880.0,3220.0,500.0,－－－－－－－－－－,10.0,270.0,0.0,10.0,0.0,0.0,-2170.0,2720.0,yonden
2017,9,2017-09-21,08:00,3100.0,880.0,3500.0,630.0,－－－－－－－－－－,10.0,540.0,0.0,10.0,0.0,0.0,-2470.0,3100.0,yonden
2017,9,2017-09-21,09:00,3320.0,880.0,3330.0,650.0,－－－－－－－－－－,10.0,940.0,0.0,0.0,0.0,0.0,-2490.0,3320.0,yonden
2017,9,2017-09-21,10:00,3430.0,880.0,3120.0,620.0,－－－－－－－－－－,10.0,1270.0,0.0,0.0,0.0,0.0,-2470.0,3430.0,yonden
2017,9,2017-09-21,11:00,3560.0,880.0,3150.0,640.0,－－－－－－－－－－,10.0,1340.0,0.0,0.0,0.0,0.0,-2460.0,3560.0,yonden
2017,9,2017-09-21,12:00,3400.0,880.0,3260.0,530.0,－－－－－－－－－－,10.0,990.0,0.0,0.0,0.0,160.0,-2430.0,3400.0,yonden
2017,9,2017-09-21,13:00,3460.0,880.0,3470.0,530.0,－－－－－－－－－－,10.0,830.0,0.0,0.0,0.0,230.0,-2490.0,3460.0,yonden
2017,9,2017-09-21,14:00,3580.0,880.0,3790.0,550.0,－－－－－－－－－－,10.0,660.0,0.0,0.0,0.0,270.0,-2580.0,3580.0,yonden
2017,9,2017-09-21,15:00,3480.0,880.0,3960.0,630.0,－－－－－－－－－－,10.0,320.0,0.0,0.0,0.0,250.0,-2570.0,3480.0,yonden
2017,9,2017-09-21,16:00,3510.0,880.0,4110.0,640.0,－－－－－－－－－－,10.0,180.0,0.0,0.0,0.0,150.0,-2460.0,3510.0,yonden
2017,9,2017-09-21,17:00,3410.0,880.0,4040.0,570.0,－－－－－－－－－－,10.0,30.0,0.0,0.0,0.0,230.0,-2350.0,3410.0,yonden
2017,9,2017-09-21,18:00,3430.0,880.0,4090.0,600.0,－－－－－－－－－－,10.0,0.0,0.0,0.0,0.0,240.0,-2390.0,3430.0,yonden
2017,9,2017-09-21,19:00,3250.0,880.0,4080.0,600.0,－－－－－－－－－－,10.0,0.0,0.0,0.0,0.0,70.0,-2390.0,3250.0,yonden
2017,9,2017-09-21,20:00,3050.0,880.0,3820.0,600.0,－－－－－－－－－－,10.0,0.0,0.0,0.0,0.0,0.0,-2260.0,3050.0,yonden
2017,9,2017-09-21,21:00,2830.0,880.0,3600.0,520.0,－－－－－－－－－－,10.0,0.0,0.0,0.0,0.0,0.0,-2180.0,2830.0,yonden
2017,9,2017-09-21,22:00,2610.0,880.0,3430.0,490.0,－－－－－－－－－－,10.0,0.0,0.0,0.0,0.0,0.0,-2200.0,2610.0,yonden
2017,9,2017-09-21,23:00,2500.0,880.0,3360.0,480.0,－－－－－－－－－－,10.0,0.0,0.0,0.0,0.0,-160.0,-2070.0,2500.0,yonden
2017,9,2017-09-22,00:00,2340.0,880.0,3270.0,460.0,－－－－－－－－－－,10.0,0.0,0.0,0.0,0.0,-310.0,-1970.0,2340.0,yonden
2017,9,2017-09-22,01:00,2280.0,880.0,3090.0,430.0,－－－－－－－－－－,10.0,0.0,0.0,0.0,0.0,-310.0,-1820.0,2280.0,yonden
2017,9,2017-09-22,02:00,2440.0,880.0,3150.0,440.0,－－－－－－－－－－,10.0,0.0,0.0,0.0,0.0,-310.0,-1730.0,2440.0,yonden
2017,9,2017-09-22,03:00,2670.0,880.0,3280.0,500.0,－－－－－－－－－－,10.0,0.0,0.0,0.0,0.0,-200.0,-1800.0,2670.0,yonden
2017,9,2017-09-22,04:00,2820.0,880.0,3280.0,540.0,－－－－－－－－－－,10.0,0.0,0.0,10.0,0.0,0.0,-1900.0,2820.0,yonden
2017,9,2017-09-22,05:00,2820.0,880.0,3440.0,490.0,－－－－－－－－－－,10.0,0.0,0.0,0.0,0.0,0.0,-2000.0,2820.0,yonden
2017,9,2017-09-22,06:00,2750.0,880.0,3490.0,460.0,－－－－－－－－－－,10.0,40.0,0.0,10.0,0.0,0.0,-2140.0,2750.0,yonden
2017,9,2017-09-22,07:00,2790.0,880.0,3610.0,490.0,－－－－－－－－－－,10.0,60.0,0.0,10.0,0.0,0.0,-2270.0,2790.0,yonden
2017,9,2017-09-22,08:00,3210.0,880.0,3860.0,560.0,－－－－－－－－－－,10.0,90.0,0.0,30.0,0.0,0.0,-2220.0,3210.0,yonden
2017,9,2017-09-22,09:00,3460.0,880.0,4080.0,600.0,－－－－－－－－－－,10.0,120.0,0.0,40.0,0.0,0.0,-2270.0,3460.0,yonden
2017,9,2017-09-22,10:00,3510.0,880.0,4210.0,650.0,－－－－－－－－－－,10.0,160.0,0.0,50.0,0.0,0.0,-2450.0,3510.0,yonden
2017,9,2017-09-22,11:00,3500.0,880.0,4230.0,620.0,－－－－－－－－－－,10.0,200.0,0.0,20.0,0.0,0.0,-2460.0,3500.0,yonden
2017,9,2017-09-22,12:00,3260.0,880.0,4100.0,480.0,－－－－－－－－－－,10.0,200.0,0.0,30.0,0.0,0.0,-2440.0,3260.0,yonden
2017,9,2017-09-22,13:00,3410.0,880.0,4210.0,510.0,－－－－－－－－－－,10.0,180.0,0.0,30.0,0.0,0.0,-2410.0,3410.0,yonden
2017,9,2017-09-22,14:00,3430.0,880.0,4320.0,570.0,－－－－－－－－－－,10.0,140.0,0.0,20.0,0.0,0.0,-2510.0,3430.0,yonden
2017,9,2017-09-22,15:00,3420.0,880.0,4190.0,580.0,－－－－－－－－－－,10.0,120.0,0.0,10.0,0.0,170.0,-2540.0,3420.0,yonden
2017,9,2017-09-22,16:00,3430.0,880.0,4060.0,600.0,－－－－－－－－－－,10.0,100.0,0.0,20.0,0.0,250.0,-2490.0,3430.0,yonden
2017,9,2017-09-22,17:00,3350.0,880.0,3980.0,650.0,－－－－－－－－－－,10.0,40.0,0.0,40.0,0.0,240.0,-2490.0,3350.0,yonden
2017,9,2017-09-22,18:00,3340.0,880.0,3940.0,670.0,－－－－－－－－－－,10.0,0.0,0.0,40.0,0.0,260.0,-2460.0,3340.0,yonden
2017,9,2017-09-22,19:00,3170.0,880.0,3950.0,640.0,－－－－－－－－－－,10.0,0.0,0.0,30.0,0.0,170.0,-2510.0,3170.0,yonden
2017,9,2017-09-22,20:00,2980.0,880.0,3870.0,550.0,－－－－－－－－－－,10.0,0.0,0.0,10.0,0.0,0.0,-2340.0,2980.0,yonden
2017,9,2017-09-22,21:00,2780.0,880.0,3650.0,520.0,－－－－－－－－－－,10.0,0.0,0.0,0.0,0.0,0.0,-2280.0,2780.0,yonden
2017,9,2017-09-22,22:00,2590.0,880.0,3480.0,480.0,－－－－－－－－－－,10.0,0.0,0.0,0.0,0.0,0.0,-2260.0,2590.0,yonden
2017,9,2017-09-22,23:00,2470.0,880.0,3230.0,430.0,－－－－－－－－－－,10.0,0.0,0.0,10.0,0.0,0.0,-2090.0,2470.0,yonden
2017,9,2017-09-23,00:00,2310.0,870.0,3070.0,420.0,－－－－－－－－－－,10.0,0.0,0.0,10.0,0.0,0.0,-2070.0,2310.0,yonden
2017,9,2017-09-23,01:00,2270.0,880.0,3070.0,410.0,－－－－－－－－－－,10.0,0.0,0.0,20.0,0.0,0.0,-2120.0,2270.0,yonden
2017,9,2017-09-23,02:00,2370.0,870.0,3100.0,410.0,－－－－－－－－－－,10.0,0.0,0.0,20.0,0.0,0.0,-2040.0,2370.0,yonden
2017,9,2017-09-23,03:00,2590.0,870.0,3140.0,470.0,－－－－－－－－－－,10.0,0.0,0.0,20.0,0.0,0.0,-1920.0,2590.0,yonden
2017,9,2017-09-23,04:00,2720.0,880.0,3230.0,480.0,－－－－－－－－－－,10.0,0.0,0.0,20.0,0.0,0.0,-1900.0,2720.0,yonden
2017,9,2017-09-23,05:00,2700.0,880.0,3280.0,400.0,－－－－－－－－－－,10.0,0.0,0.0,30.0,0.0,0.0,-1900.0,2700.0,yonden
2017,9,2017-09-23,06:00,2490.0,880.0,3150.0,410.0,－－－－－－－－－－,10.0,80.0,0.0,30.0,0.0,0.0,-2070.0,2490.0,yonden
2017,9,2017-09-23,07:00,2440.0,880.0,3160.0,380.0,－－－－－－－－－－,10.0,240.0,0.0,30.0,0.0,0.0,-2260.0,2440.0,yonden
2017,9,2017-09-23,08:00,2600.0,880.0,3320.0,430.0,－－－－－－－－－－,10.0,360.0,0.0,20.0,0.0,0.0,-2420.0,2600.0,yonden
2017,9,2017-09-23,09:00,2710.0,880.0,3410.0,470.0,－－－－－－－－－－,10.0,360.0,0.0,10.0,0.0,0.0,-2430.0,2710.0,yonden
2017,9,2017-09-23,10:00,2740.0,880.0,3300.0,440.0,－－－－－－－－－－,10.0,570.0,0.0,10.0,0.0,-10.0,-2460.0,2740.0,yonden
2017,9,2017-09-23,11:00,2830.0,880.0,3280.0,410.0,－－－－－－－－－－,10.0,910.0,0.0,20.0,0.0,-280.0,-2400.0,2830.0,yonden
2017,9,2017-09-23,12:00,2750.0,880.0,3290.0,430.0,－－－－－－－－－－,10.0,570.0,0.0,20.0,0.0,0.0,-2450.0,2750.0,yonden
2017,9,2017-09-23,13:00,2750.0,880.0,3350.0,440.0,－－－－－－－－－－,10.0,490.0,0.0,20.0,0.0,0.0,-2440.0,2750.0,yonden
2017,9,2017-09-23,14:00,2730.0,880.0,3380.0,460.0,－－－－－－－－－－,10.0,400.0,0.0,20.0,0.0,0.0,-2420.0,2730.0,yonden
2017,9,2017-09-23,15:00,2790.0,880.0,3500.0,480.0,－－－－－－－－－－,10.0,250.0,0.0,20.0,0.0,0.0,-2350.0,2790.0,yonden
2017,9,2017-09-23,16:00,2840.0,880.0,3630.0,480.0,－－－－－－－－－－,10.0,110.0,0.0,20.0,0.0,0.0,-2290.0,2840.0,yonden
2017,9,2017-09-23,17:00,2920.0,880.0,3750.0,530.0,－－－－－－－－－－,10.0,30.0,0.0,20.0,0.0,180.0,-2480.0,2920.0,yonden
2017,9,2017-09-23,18:00,2990.0,880.0,3750.0,570.0,－－－－－－－－－－,10.0,0.0,0.0,10.0,0.0,280.0,-2510.0,2990.0,yonden
2017,9,2017-09-23,19:00,2880.0,880.0,3730.0,560.0,－－－－－－－－－－,10.0,0.0,0.0,0.0,0.0,120.0,-2420.0,2880.0,yonden
2017,9,2017-09-23,20:00,2720.0,880.0,3510.0,530.0,－－－－－－－－－－,10.0,0.0,0.0,10.0,0.0,0.0,-2220.0,2720.0,yonden
2017,9,2017-09-23,21:00,2560.0,880.0,3310.0,490.0,－－－－－－－－－－,10.0,0.0,0.0,10.0,0.0,0.0,-2140.0,2560.0,yonden
2017,9,2017-09-23,22:00,2370.0,880.0,3260.0,430.0,－－－－－－－－－－,10.0,0.0,0.0,0.0,0.0,0.0,-2210.0,2370.0,yonden
2017,9,2017-09-23,23:00,2260.0,880.0,3080.0,420.0,－－－－－－－－－－,10.0,0.0,0.0,0.0,0.0,0.0,-2130.0,2260.0,yonden
2017,9,2017-09-24,00:00,2150.0,880.0,2860.0,410.0,－－－－－－－－－－,10.0,0.0,0.0,10.0,0.0,0.0,-2020.0,2150.0,yonden
2017,9,2017-09-24,01:00,2090.0,880.0,2880.0,400.0,－－－－－－－－－－,10.0,0.0,0.0,0.0,0.0,0.0,-2080.0,2090.0,yonden
2017,9,2017-09-24,02:00,2210.0,880.0,2910.0,390.0,－－－－－－－－－－,10.0,0.0,0.0,0.0,0.0,0.0,-1980.0,2210.0,yonden
2017,9,2017-09-24,03:00,2430.0,880.0,2940.0,420.0,－－－－－－－－－－,10.0,0.0,0.0,10.0,0.0,0.0,-1830.0,2430.0,yonden
2017,9,2017-09-24,04:00,2560.0,880.0,2980.0,410.0,－－－－－－－－－－,10.0,0.0,0.0,10.0,0.0,0.0,-1730.0,2560.0,yonden
2017,9,2017-09-24,05:00,2520.0,880.0,2970.0,420.0,－－－－－－－－－－,10.0,0.0,0.0,10.0,0.0,0.0,-1770.0,2520.0,yonden
2017,9,2017-09-24,06:00,2310.0,880.0,2940.0,370.0,－－－－－－－－－－,10.0,140.0,0.0,10.0,0.0,-50.0,-1990.0,2310.0,yonden
2017,9,2017-09-24,07:00,2170.0,880.0,2900.0,370.0,－－－－－－－－－－,10.0,420.0,0.0,10.0,0.0,-310.0,-2110.0,2170.0,yonden
2017,9,2017-09-24,08:00,2250.0,880.0,2950.0,370.0,－－－－－－－－－－,10.0,620.0,0.0,10.0,0.0,-310.0,-2280.0,2250.0,yonden
2017,9,2017-09-24,09:00,2450.0,880.0,3170.0,450.0,－－－－－－－－－－,10.0,640.0,0.0,10.0,0.0,-310.0,-2400.0,2450.0,yonden
2017,9,2017-09-24,10:00,2490.0,880.0,3210.0,430.0,－－－－－－－－－－,10.0,530.0,0.0,10.0,0.0,-100.0,-2480.0,2490.0,yonden
2017,9,2017-09-24,11:00,2480.0,880.0,3270.0,380.0,－－－－－－－－－－,10.0,430.0,0.0,10.0,0.0,0.0,-2500.0,2480.0,yonden
2017,9,2017-09-24,12:00,2510.0,880.0,3270.0,390.0,－－－－－－－－－－,10.0,440.0,0.0,10.0,0.0,0.0,-2490.0,2510.0,yonden
2017,9,2017-09-24,13:00,2470.0,880.0,3390.0,400.0,－－－－－－－－－－,10.0,290.0,0.0,0.0,0.0,0.0,-2500.0,2470.0,yonden
2017,9,2017-09-24,14:00,2450.0,880.0,3370.0,400.0,－－－－－－－－－－,10.0,280.0,0.0,0.0,0.0,0.0,-2490.0,2450.0,yonden
2017,9,2017-09-24,15:00,2450.0,880.0,3300.0,380.0,－－－－－－－－－－,10.0,320.0,0.0,0.0,0.0,0.0,-2440.0,2450.0,yonden
2017,9,2017-09-24,16:00,2560.0,880.0,3410.0,390.0,－－－－－－－－－－,10.0,240.0,0.0,0.0,0.0,0.0,-2370.0,2560.0,yonden
2017,9,2017-09-24,17:00,2660.0,880.0,3570.0,480.0,－－－－－－－－－－,10.0,60.0,0.0,0.0,0.0,0.0,-2340.0,2660.0,yonden
2017,9,2017-09-24,18:00,2830.0,880.0,3650.0,510.0,－－－－－－－－－－,10.0,0.0,0.0,10.0,0.0,0.0,-2230.0,2830.0,yonden
2017,9,2017-09-24,19:00,2770.0,880.0,3590.0,540.0,－－－－－－－－－－,10.0,0.0,0.0,10.0,0.0,0.0,-2260.0,2770.0,yonden
2017,9,2017-09-24,20:00,2630.0,880.0,3400.0,430.0,－－－－－－－－－－,10.0,0.0,0.0,0.0,0.0,0.0,-2090.0,2630.0,yonden
2017,9,2017-09-24,21:00,2460.0,880.0,3220.0,420.0,－－－－－－－－－－,10.0,0.0,0.0,0.0,0.0,0.0,-2070.0,2460.0,yonden
2017,9,2017-09-24,22:00,2280.0,880.0,3170.0,370.0,－－－－－－－－－－,10.0,0.0,0.0,0.0,0.0,0.0,-2150.0,2280.0,yonden
2017,9,2017-09-24,23:00,2200.0,880.0,3290.0,360.0,－－－－－－－－－－,10.0,0.0,0.0,0.0,0.0,-150.0,-2190.0,2200.0,yonden
2017,9,2017-09-25,00:00,2070.0,870.0,3330.0,400.0,－－－－－－－－－－,10.0,0.0,0.0,0.0,0.0,-300.0,-2240.0,2070.0,yonden
2017,9,2017-09-25,01:00,2040.0,880.0,3280.0,350.0,－－－－－－－－－－,10.0,0.0,0.0,0.0,0.0,-300.0,-2180.0,2040.0,yonden
2017,9,2017-09-25,02:00,2170.0,870.0,3270.0,340.0,－－－－－－－－－－,10.0,0.0,0.0,10.0,0.0,-300.0,-2030.0,2170.0,yonden
2017,9,2017-09-25,03:00,2420.0,870.0,3400.0,410.0,－－－－－－－－－－,10.0,0.0,0.0,10.0,0.0,-300.0,-1980.0,2420.0,yonden
2017,9,2017-09-25,04:00,2580.0,880.0,3470.0,430.0,－－－－－－－－－－,10.0,0.0,0.0,10.0,0.0,-300.0,-1920.0,2580.0,yonden
2017,9,2017-09-25,05:00,2590.0,880.0,3420.0,440.0,－－－－－－－－－－,10.0,0.0,0.0,10.0,0.0,-300.0,-1870.0,2590.0,yonden
2017,9,2017-09-25,06:00,2520.0,880.0,3340.0,360.0,－－－－－－－－－－,10.0,130.0,0.0,0.0,0.0,-300.0,-1900.0,2520.0,yonden
2017,9,2017-09-25,07:00,2540.0,880.0,3270.0,350.0,－－－－－－－－－－,10.0,470.0,0.0,0.0,0.0,-300.0,-2140.0,2540.0,yonden
2017,9,2017-09-25,08:00,2910.0,880.0,3330.0,340.0,－－－－－－－－－－,10.0,820.0,0.0,0.0,0.0,0.0,-2470.0,2910.0,yonden
2017,9,2017-09-25,09:00,3210.0,880.0,3260.0,360.0,－－－－－－－－－－,10.0,1140.0,0.0,0.0,0.0,0.0,-2440.0,3210.0,yonden
2017,9,2017-09-25,10:00,3340.0,880.0,3150.0,370.0,－－－－－－－－－－,10.0,1340.0,0.0,0.0,0.0,0.0,-2410.0,3340.0,yonden
2017,9,2017-09-25,11:00,3410.0,880.0,3130.0,360.0,－－－－－－－－－－,10.0,1410.0,0.0,0.0,0.0,0.0,-2380.0,3410.0,yonden
2017,9,2017-09-25,12:00,3300.0,880.0,3150.0,300.0,－－－－－－－－－－,10.0,1430.0,0.0,0.0,0.0,0.0,-2470.0,3300.0,yonden
2017,9,2017-09-25,13:00,3550.0,880.0,3240.0,320.0,－－－－－－－－－－,10.0,1340.0,0.0,0.0,0.0,0.0,-2240.0,3550.0,yonden
2017,9,2017-09-25,14:00,3630.0,880.0,3430.0,350.0,－－－－－－－－－－,10.0,1150.0,0.0,0.0,0.0,0.0,-2190.0,3630.0,yonden
2017,9,2017-09-25,15:00,3650.0,880.0,3780.0,430.0,－－－－－－－－－－,10.0,850.0,0.0,0.0,0.0,0.0,-2300.0,3650.0,yonden
2017,9,2017-09-25,16:00,3690.0,880.0,4070.0,530.0,－－－－－－－－－－,10.0,500.0,0.0,0.0,0.0,120.0,-2420.0,3690.0,yonden
2017,9,2017-09-25,17:00,3480.0,880.0,4050.0,580.0,－－－－－－－－－－,10.0,130.0,0.0,0.0,0.0,300.0,-2470.0,3480.0,yonden
2017,9,2017-09-25,18:00,3420.0,880.0,4010.0,590.0,－－－－－－－－－－,10.0,0.0,0.0,0.0,0.0,300.0,-2370.0,3420.0,yonden
2017,9,2017-09-25,19:00,3230.0,880.0,3840.0,530.0,－－－－－－－－－－,10.0,0.0,0.0,0.0,0.0,260.0,-2290.0,3230.0,yonden
2017,9,2017-09-25,20:00,3010.0,880.0,3780.0,470.0,－－－－－－－－－－,10.0,0.0,0.0,0.0,0.0,0.0,-2130.0,3010.0,yonden
2017,9,2017-09-25,21:00,2800.0,880.0,3650.0,440.0,－－－－－－－－－－,10.0,0.0,0.0,0.0,0.0,0.0,-2180.0,2800.0,yonden
2017,9,2017-09-25,22:00,2580.0,880.0,3570.0,340.0,－－－－－－－－－－,10.0,0.0,0.0,0.0,0.0,0.0,-2220.0,2580.0,yonden
2017,9,2017-09-25,23:00,2460.0,880.0,3420.0,320.0,－－－－－－－－－－,10.0,0.0,0.0,0.0,0.0,0.0,-2170.0,2460.0,yonden
2017,9,2017-09-26,00:00,2300.0,880.0,3360.0,350.0,－－－－－－－－－－,10.0,0.0,0.0,0.0,0.0,-150.0,-2150.0,2300.0,yonden
2017,9,2017-09-26,01:00,2250.0,880.0,3300.0,330.0,－－－－－－－－－－,10.0,0.0,0.0,0.0,0.0,-300.0,-1970.0,2250.0,yonden
2017,9,2017-09-26,02:00,2350.0,880.0,3350.0,330.0,－－－－－－－－－－,10.0,0.0,0.0,0.0,0.0,-300.0,-1920.0,2350.0,yonden
2017,9,2017-09-26,03:00,2570.0,880.0,3460.0,410.0,－－－－－－－－－－,10.0,0.0,0.0,0.0,0.0,-300.0,-1890.0,2570.0,yonden
2017,9,2017-09-26,04:00,2720.0,880.0,3530.0,460.0,－－－－－－－－－－,10.0,0.0,0.0,0.0,0.0,-300.0,-1860.0,2720.0,yonden
2017,9,2017-09-26,05:00,2710.0,880.0,3360.0,440.0,－－－－－－－－－－,10.0,0.0,0.0,0.0,0.0,0.0,-1980.0,2710.0,yonden
2017,9,2017-09-26,06:00,2620.0,880.0,3320.0,340.0,－－－－－－－－－－,10.0,100.0,0.0,10.0,0.0,0.0,-2040.0,2620.0,yonden
2017,9,2017-09-26,07:00,2670.0,880.0,3430.0,320.0,－－－－－－－－－－,10.0,340.0,0.0,10.0,0.0,0.0,-2320.0,2670.0,yonden
2017,9,2017-09-26,08:00,3020.0,880.0,3490.0,340.0,－－－－－－－－－－,10.0,710.0,0.0,10.0,0.0,0.0,-2420.0,3020.0,yonden
2017,9,2017-09-26,09:00,3280.0,880.0,3440.0,360.0,－－－－－－－－－－,10.0,1050.0,0.0,0.0,0.0,0.0,-2460.0,3280.0,yonden
2017,9,2017-09-26,10:00,3410.0,880.0,3360.0,340.0,－－－－－－－－－－,10.0,1300.0,0.0,0.0,0.0,0.0,-2480.0,3410.0,yonden
2017,9,2017-09-26,11:00,3520.0,880.0,3420.0,340.0,－－－－－－－－－－,10.0,1410.0,0.0,0.0,0.0,0.0,-2540.0,3520.0,yonden
2017,9,2017-09-26,12:00,3430.0,880.0,3300.0,290.0,－－－－－－－－－－,10.0,1430.0,0.0,0.0,0.0,0.0,-2480.0,3430.0,yonden
2017,9,2017-09-26,13:00,3690.0,880.0,3650.0,360.0,－－－－－－－－－－,10.0,1360.0,0.0,10.0,0.0,0.0,-2580.0,3690.0,yonden
2017,9,2017-09-26,14:00,3790.0,880.0,3880.0,390.0,－－－－－－－－－－,10.0,1170.0,0.0,10.0,0.0,0.0,-2550.0,3790.0,yonden
2017,9,2017-09-26,15:00,3810.0,880.0,4080.0,520.0,－－－－－－－－－－,10.0,850.0,0.0,10.0,0.0,0.0,-2540.0,3810.0,yonden
2017,9,2017-09-26,16:00,3810.0,880.0,4080.0,600.0,－－－－－－－－－－,10.0,470.0,0.0,10.0,0.0,240.0,-2480.0,3810.0,yonden
2017,9,2017-09-26,17:00,3610.0,880.0,4080.0,660.0,－－－－－－－－－－,10.0,110.0,0.0,10.0,0.0,300.0,-2440.0,3610.0,yonden
2017,9,2017-09-26,18:00,3570.0,880.0,4130.0,640.0,－－－－－－－－－－,10.0,0.0,0.0,10.0,0.0,300.0,-2400.0,3570.0,yonden
2017,9,2017-09-26,19:00,3360.0,880.0,4040.0,600.0,－－－－－－－－－－,10.0,0.0,0.0,30.0,0.0,110.0,-2310.0,3360.0,yonden
2017,9,2017-09-26,20:00,3140.0,880.0,3830.0,480.0,－－－－－－－－－－,10.0,0.0,0.0,50.0,0.0,0.0,-2110.0,3140.0,yonden
2017,9,2017-09-26,21:00,2920.0,880.0,3740.0,370.0,－－－－－－－－－－,10.0,0.0,0.0,50.0,0.0,0.0,-2130.0,2920.0,yonden
2017,9,2017-09-26,22:00,2690.0,880.0,3590.0,330.0,－－－－－－－－－－,10.0,0.0,0.0,40.0,0.0,0.0,-2160.0,2690.0,yonden
2017,9,2017-09-26,23:00,2550.0,880.0,3400.0,320.0,－－－－－－－－－－,10.0,0.0,0.0,50.0,0.0,0.0,-2110.0,2550.0,yonden
2017,9,2017-09-27,00:00,2400.0,870.0,3480.0,350.0,－－－－－－－－－－,10.0,0.0,0.0,50.0,0.0,-150.0,-2210.0,2400.0,yonden
2017,9,2017-09-27,01:00,2320.0,880.0,3390.0,350.0,－－－－－－－－－－,10.0,0.0,0.0,70.0,0.0,-300.0,-2080.0,2320.0,yonden
2017,9,2017-09-27,02:00,2420.0,870.0,3430.0,380.0,－－－－－－－－－－,10.0,0.0,0.0,70.0,0.0,-300.0,-2040.0,2420.0,yonden
2017,9,2017-09-27,03:00,2610.0,870.0,3510.0,390.0,－－－－－－－－－－,10.0,0.0,0.0,70.0,0.0,-290.0,-1950.0,2610.0,yonden
2017,9,2017-09-27,04:00,2780.0,880.0,3550.0,430.0,－－－－－－－－－－,10.0,0.0,0.0,70.0,0.0,-290.0,-1870.0,2780.0,yonden
2017,9,2017-09-27,05:00,2770.0,870.0,3410.0,440.0,－－－－－－－－－－,10.0,0.0,0.0,80.0,0.0,-150.0,-1890.0,2770.0,yonden
2017,9,2017-09-27,06:00,2700.0,880.0,3250.0,370.0,－－－－－－－－－－,10.0,90.0,0.0,80.0,0.0,0.0,-1980.0,2700.0,yonden
2017,9,2017-09-27,07:00,2730.0,880.0,3290.0,340.0,－－－－－－－－－－,10.0,230.0,0.0,90.0,0.0,0.0,-2110.0,2730.0,yonden
2017,9,2017-09-27,08:00,3150.0,880.0,3700.0,420.0,－－－－－－－－－－,10.0,310.0,0.0,90.0,0.0,0.0,-2260.0,3150.0,yonden
2017,9,2017-09-27,09:00,3420.0,880.0,4020.0,490.0,－－－－－－－－－－,10.0,340.0,0.0,90.0,0.0,0.0,-2410.0,3420.0,yonden
2017,9,2017-09-27,10:00,3520.0,880.0,4200.0,490.0,－－－－－－－－－－,10.0,320.0,0.0,80.0,0.0,0.0,-2460.0,3520.0,yonden
2017,9,2017-09-27,11:00,3530.0,880.0,4240.0,460.0,－－－－－－－－－－,10.0,280.0,0.0,100.0,0.0,0.0,-2440.0,3530.0,yonden
2017,9,2017-09-27,12:00,3350.0,880.0,4170.0,360.0,－－－－－－－－－－,10.0,230.0,0.0,90.0,0.0,40.0,-2430.0,3350.0,yonden
2017,9,2017-09-27,13:00,3550.0,880.0,4110.0,410.0,－－－－－－－－－－,10.0,180.0,0.0,90.0,0.0,260.0,-2390.0,3550.0,yonden
2017,9,2017-09-27,14:00,3550.0,880.0,4100.0,450.0,－－－－－－－－－－,10.0,260.0,0.0,90.0,0.0,230.0,-2470.0,3550.0,yonden
2017,9,2017-09-27,15:00,3550.0,880.0,4120.0,490.0,－－－－－－－－－－,10.0,190.0,0.0,90.0,0.0,280.0,-2510.0,3550.0,yonden
2017,9,2017-09-27,16:00,3570.0,880.0,4110.0,580.0,－－－－－－－－－－,10.0,90.0,0.0,90.0,0.0,320.0,-2510.0,3570.0,yonden
2017,9,2017-09-27,17:00,3490.0,880.0,4110.0,630.0,－－－－－－－－－－,10.0,30.0,0.0,90.0,0.0,310.0,-2570.0,3490.0,yonden
2017,9,2017-09-27,18:00,3470.0,880.0,4100.0,660.0,－－－－－－－－－－,10.0,0.0,0.0,80.0,0.0,320.0,-2580.0,3470.0,yonden
2017,9,2017-09-27,19:00,3290.0,880.0,3960.0,560.0,－－－－－－－－－－,10.0,0.0,0.0,80.0,0.0,310.0,-2510.0,3290.0,yonden
2017,9,2017-09-27,20:00,3110.0,880.0,3800.0,550.0,－－－－－－－－－－,10.0,0.0,0.0,70.0,0.0,130.0,-2330.0,3110.0,yonden
2017,9,2017-09-27,21:00,2900.0,880.0,3630.0,450.0,－－－－－－－－－－,10.0,0.0,0.0,60.0,0.0,0.0,-2130.0,2900.0,yonden
2017,9,2017-09-27,22:00,2700.0,880.0,3420.0,450.0,－－－－－－－－－－,10.0,0.0,0.0,50.0,0.0,0.0,-2110.0,2700.0,yonden
2017,9,2017-09-27,23:00,2570.0,880.0,3230.0,420.0,－－－－－－－－－－,10.0,0.0,0.0,40.0,0.0,0.0,-2010.0,2570.0,yonden
2017,9,2017-09-28,00:00,2430.0,880.0,3330.0,440.0,－－－－－－－－－－,10.0,0.0,0.0,20.0,0.0,-100.0,-2150.0,2430.0,yonden
2017,9,2017-09-28,01:00,2380.0,880.0,3490.0,450.0,－－－－－－－－－－,10.0,0.0,0.0,20.0,0.0,-300.0,-2170.0,2380.0,yonden
2017,9,2017-09-28,02:00,2490.0,880.0,3510.0,450.0,－－－－－－－－－－,10.0,0.0,0.0,20.0,0.0,-300.0,-2080.0,2490.0,yonden
2017,9,2017-09-28,03:00,2670.0,880.0,3570.0,500.0,－－－－－－－－－－,10.0,0.0,0.0,10.0,0.0,-300.0,-2000.0,2670.0,yonden
2017,9,2017-09-28,04:00,2800.0,880.0,3590.0,490.0,－－－－－－－－－－,10.0,0.0,0.0,30.0,0.0,-300.0,-1900.0,2800.0,yonden
2017,9,2017-09-28,05:00,2780.0,880.0,3540.0,460.0,－－－－－－－－－－,10.0,0.0,0.0,40.0,0.0,-300.0,-1850.0,2780.0,yonden
2017,9,2017-09-28,06:00,2770.0,880.0,3570.0,430.0,－－－－－－－－－－,0.0,60.0,0.0,40.0,0.0,-300.0,-1910.0,2770.0,yonden
2017,9,2017-09-28,07:00,2890.0,880.0,3660.0,420.0,－－－－－－－－－－,0.0,160.0,0.0,70.0,0.0,-300.0,-2000.0,2890.0,yonden
2017,9,2017-09-28,08:00,3300.0,880.0,3780.0,540.0,－－－－－－－－－－,10.0,210.0,0.0,70.0,0.0,0.0,-2190.0,3300.0,yonden
2017,9,2017-09-28,09:00,3520.0,880.0,3910.0,580.0,－－－－－－－－－－,10.0,260.0,0.0,90.0,0.0,220.0,-2430.0,3520.0,yonden
2017,9,2017-09-28,10:00,3610.0,880.0,3950.0,600.0,－－－－－－－－－－,10.0,290.0,0.0,100.0,0.0,290.0,-2510.0,3610.0,yonden
2017,9,2017-09-28,11:00,3590.0,880.0,3920.0,560.0,－－－－－－－－－－,10.0,310.0,0.0,100.0,0.0,250.0,-2440.0,3590.0,yonden
2017,9,2017-09-28,12:00,3340.0,880.0,3940.0,380.0,－－－－－－－－－－,10.0,460.0,0.0,110.0,0.0,0.0,-2440.0,3340.0,yonden
2017,9,2017-09-28,13:00,3500.0,880.0,4060.0,410.0,－－－－－－－－－－,10.0,450.0,0.0,110.0,0.0,0.0,-2420.0,3500.0,yonden
2017,9,2017-09-28,14:00,3500.0,880.0,4110.0,410.0,－－－－－－－－－－,10.0,430.0,0.0,110.0,0.0,0.0,-2450.0,3500.0,yonden
2017,9,2017-09-28,15:00,3500.0,880.0,4090.0,460.0,－－－－－－－－－－,10.0,430.0,0.0,100.0,0.0,0.0,-2470.0,3500.0,yonden
2017,9,2017-09-28,16:00,3570.0,880.0,4100.0,560.0,－－－－－－－－－－,10.0,430.0,0.0,100.0,0.0,0.0,-2510.0,3570.0,yonden
2017,9,2017-09-28,17:00,3380.0,880.0,4060.0,610.0,－－－－－－－－－－,10.0,120.0,0.0,90.0,0.0,150.0,-2540.0,3380.0,yonden
2017,9,2017-09-28,18:00,3340.0,880.0,3930.0,620.0,－－－－－－－－－－,10.0,0.0,0.0,80.0,0.0,300.0,-2480.0,3340.0,yonden
2017,9,2017-09-28,19:00,3160.0,880.0,3920.0,500.0,－－－－－－－－－－,10.0,0.0,0.0,70.0,0.0,310.0,-2530.0,3160.0,yonden
2017,9,2017-09-28,20:00,2960.0,880.0,3780.0,390.0,－－－－－－－－－－,10.0,0.0,0.0,60.0,0.0,250.0,-2410.0,2960.0,yonden
2017,9,2017-09-28,21:00,2710.0,880.0,3530.0,390.0,－－－－－－－－－－,10.0,0.0,0.0,40.0,0.0,0.0,-2140.0,2710.0,yonden
2017,9,2017-09-28,22:00,2500.0,880.0,3240.0,330.0,－－－－－－－－－－,10.0,0.0,0.0,40.0,0.0,0.0,-2000.0,2500.0,yonden
2017,9,2017-09-28,23:00,2380.0,880.0,3250.0,320.0,－－－－－－－－－－,10.0,0.0,0.0,40.0,0.0,0.0,-2120.0,2380.0,yonden
2017,9,2017-09-29,00:00,2250.0,870.0,3390.0,320.0,－－－－－－－－－－,10.0,0.0,0.0,40.0,0.0,-200.0,-2180.0,2250.0,yonden
2017,9,2017-09-29,01:00,2200.0,880.0,3470.0,360.0,－－－－－－－－－－,10.0,0.0,0.0,30.0,0.0,-300.0,-2250.0,2200.0,yonden
2017,9,2017-09-29,02:00,2340.0,870.0,3450.0,420.0,－－－－－－－－－－,10.0,0.0,0.0,40.0,0.0,-270.0,-2180.0,2340.0,yonden
2017,9,2017-09-29,03:00,2560.0,870.0,3390.0,420.0,－－－－－－－－－－,10.0,0.0,0.0,40.0,0.0,0.0,-2170.0,2560.0,yonden
2017,9,2017-09-29,04:00,2740.0,880.0,3440.0,460.0,－－－－－－－－－－,10.0,0.0,0.0,50.0,0.0,0.0,-2100.0,2740.0,yonden
2017,9,2017-09-29,05:00,2730.0,870.0,3450.0,390.0,－－－－－－－－－－,10.0,0.0,0.0,30.0,0.0,0.0,-2020.0,2730.0,yonden
2017,9,2017-09-29,06:00,2640.0,880.0,3380.0,350.0,－－－－－－－－－－,10.0,130.0,0.0,30.0,0.0,0.0,-2140.0,2640.0,yonden
2017,9,2017-09-29,07:00,2570.0,880.0,3230.0,330.0,－－－－－－－－－－,10.0,460.0,0.0,20.0,0.0,0.0,-2360.0,2570.0,yonden
2017,9,2017-09-29,08:00,2880.0,880.0,3390.0,310.0,－－－－－－－－－－,10.0,730.0,0.0,20.0,0.0,0.0,-2460.0,2880.0,yonden
2017,9,2017-09-29,09:00,3090.0,880.0,3300.0,330.0,－－－－－－－－－－,10.0,1010.0,0.0,20.0,0.0,0.0,-2460.0,3090.0,yonden
2017,9,2017-09-29,10:00,3250.0,880.0,3340.0,350.0,－－－－－－－－－－,10.0,1220.0,0.0,30.0,0.0,-130.0,-2450.0,3250.0,yonden
2017,9,2017-09-29,11:00,3250.0,880.0,3560.0,350.0,－－－－－－－－－－,10.0,1160.0,0.0,30.0,0.0,-300.0,-2440.0,3250.0,yonden
2017,9,2017-09-29,12:00,3160.0,880.0,3410.0,280.0,－－－－－－－－－－,10.0,1270.0,0.0,20.0,0.0,-300.0,-2410.0,3160.0,yonden
2017,9,2017-09-29,13:00,3370.0,880.0,3610.0,300.0,－－－－－－－－－－,10.0,1280.0,0.0,20.0,0.0,-300.0,-2430.0,3370.0,yonden
2017,9,2017-09-29,14:00,3450.0,880.0,3630.0,300.0,－－－－－－－－－－,10.0,1150.0,0.0,30.0,0.0,-130.0,-2420.0,3450.0,yonden
2017,9,2017-09-29,15:00,3450.0,880.0,3750.0,390.0,－－－－－－－－－－,10.0,840.0,0.0,20.0,0.0,0.0,-2440.0,3450.0,yonden
2017,9,2017-09-29,16:00,3480.0,880.0,3910.0,520.0,－－－－－－－－－－,10.0,480.0,0.0,20.0,0.0,120.0,-2460.0,3480.0,yonden
2017,9,2017-09-29,17:00,3310.0,880.0,3930.0,600.0,－－－－－－－－－－,10.0,110.0,0.0,10.0,0.0,300.0,-2530.0,3310.0,yonden
2017,9,2017-09-29,18:00,3280.0,880.0,3980.0,620.0,－－－－－－－－－－,10.0,0.0,0.0,10.0,0.0,300.0,-2520.0,3280.0,yonden
2017,9,2017-09-29,19:00,3090.0,880.0,3940.0,520.0,－－－－－－－－－－,10.0,0.0,0.0,10.0,0.0,300.0,-2570.0,3090.0,yonden
2017,9,2017-09-29,20:00,2920.0,880.0,3810.0,430.0,－－－－－－－－－－,10.0,0.0,0.0,30.0,0.0,130.0,-2370.0,2920.0,yonden
2017,9,2017-09-29,21:00,2710.0,880.0,3630.0,340.0,－－－－－－－－－－,10.0,0.0,0.0,40.0,0.0,0.0,-2190.0,2710.0,yonden
2017,9,2017-09-29,22:00,2510.0,880.0,3440.0,250.0,－－－－－－－－－－,10.0,0.0,0.0,40.0,0.0,0.0,-2110.0,2510.0,yonden
2017,9,2017-09-29,23:00,2390.0,880.0,3280.0,230.0,－－－－－－－－－－,10.0,0.0,0.0,50.0,0.0,0.0,-2060.0,2390.0,yonden
2017,9,2017-09-30,00:00,2260.0,880.0,3250.0,200.0,－－－－－－－－－－,10.0,0.0,0.0,50.0,0.0,0.0,-2130.0,2260.0,yonden
2017,9,2017-09-30,01:00,2240.0,880.0,3280.0,190.0,－－－－－－－－－－,10.0,0.0,0.0,30.0,0.0,0.0,-2150.0,2240.0,yonden
2017,9,2017-09-30,02:00,2370.0,880.0,3330.0,210.0,－－－－－－－－－－,10.0,0.0,0.0,20.0,0.0,0.0,-2080.0,2370.0,yonden
2017,9,2017-09-30,03:00,2580.0,880.0,3330.0,270.0,－－－－－－－－－－,10.0,0.0,0.0,20.0,0.0,0.0,-1930.0,2580.0,yonden
2017,9,2017-09-30,04:00,2710.0,880.0,3360.0,270.0,－－－－－－－－－－,10.0,0.0,0.0,20.0,0.0,0.0,-1830.0,2710.0,yonden
2017,9,2017-09-30,05:00,2640.0,880.0,3290.0,240.0,－－－－－－－－－－,10.0,0.0,0.0,10.0,0.0,0.0,-1790.0,2640.0,yonden
2017,9,2017-09-30,06:00,2470.0,880.0,3230.0,220.0,－－－－－－－－－－,10.0,90.0,0.0,10.0,0.0,0.0,-1970.0,2470.0,yonden
2017,9,2017-09-30,07:00,2380.0,880.0,3150.0,220.0,－－－－－－－－－－,10.0,320.0,0.0,10.0,0.0,0.0,-2210.0,2380.0,yonden
2017,9,2017-09-30,08:00,2640.0,880.0,3360.0,290.0,－－－－－－－－－－,10.0,500.0,0.0,20.0,0.0,0.0,-2420.0,2640.0,yonden
2017,9,2017-09-30,09:00,2780.0,880.0,3280.0,330.0,－－－－－－－－－－,10.0,760.0,0.0,10.0,0.0,0.0,-2490.0,2780.0,yonden
2017,9,2017-09-30,10:00,2870.0,880.0,3180.0,280.0,－－－－－－－－－－,10.0,1190.0,0.0,10.0,0.0,-200.0,-2480.0,2870.0,yonden
2017,9,2017-09-30,11:00,2840.0,880.0,3230.0,230.0,－－－－－－－－－－,10.0,1290.0,0.0,10.0,0.0,-300.0,-2510.0,2840.0,yonden
2017,9,2017-09-30,12:00,2800.0,880.0,3090.0,200.0,－－－－－－－－－－,10.0,1380.0,0.0,10.0,0.0,-300.0,-2470.0,2800.0,yonden
2017,9,2017-09-30,13:00,2910.0,880.0,3210.0,190.0,－－－－－－－－－－,10.0,1370.0,0.0,20.0,0.0,-300.0,-2470.0,2910.0,yonden
2017,9,2017-09-30,14:00,2950.0,880.0,3310.0,220.0,－－－－－－－－－－,10.0,1190.0,0.0,20.0,0.0,-190.0,-2490.0,2950.0,yonden
2017,9,2017-09-30,15:00,2970.0,880.0,3400.0,230.0,－－－－－－－－－－,10.0,880.0,0.0,20.0,0.0,0.0,-2450.0,2970.0,yonden
2017,9,2017-09-30,16:00,3040.0,880.0,3790.0,340.0,－－－－－－－－－－,10.0,500.0,0.0,10.0,0.0,10.0,-2500.0,3040.0,yonden
2017,9,2017-09-30,17:00,2910.0,880.0,3820.0,380.0,－－－－－－－－－－,10.0,110.0,0.0,10.0,0.0,190.0,-2490.0,2910.0,yonden
2017,9,2017-09-30,18:00,2930.0,880.0,3840.0,370.0,－－－－－－－－－－,10.0,0.0,0.0,10.0,0.0,250.0,-2430.0,2930.0,yonden
2017,9,2017-09-30,19:00,2810.0,880.0,3820.0,330.0,－－－－－－－－－－,10.0,0.0,0.0,10.0,0.0,200.0,-2440.0,2810.0,yonden
2017,9,2017-09-30,20:00,2660.0,880.0,3710.0,320.0,－－－－－－－－－－,10.0,0.0,0.0,10.0,0.0,0.0,-2270.0,2660.0,yonden
2017,9,2017-09-30,21:00,2500.0,880.0,3540.0,320.0,－－－－－－－－－－,10.0,0.0,0.0,0.0,0.0,0.0,-2250.0,2500.0,yonden
2017,9,2017-09-30,22:00,2280.0,880.0,3270.0,230.0,－－－－－－－－－－,10.0,0.0,0.0,0.0,0.0,0.0,-2110.0,2280.0,yonden
2017,9,2017-09-30,23:00,2190.0,880.0,3190.0,210.0,－－－－－－－－－－,10.0,0.0,0.0,0.0,0.0,0.0,-2100.0,2190.0,yonden
2017,10,2017-10-01,00:00,2070.0,870.0,2990.0,180.0,－－－－－－－－－－,10.0,0.0,0.0,0.0,0.0,0.0,-1980.0,2070.0,yonden
2017,10,2017-10-01,01:00,2050.0,880.0,3020.0,170.0,－－－－－－－－－－,10.0,0.0,0.0,0.0,0.0,0.0,-2030.0,2050.0,yonden
2017,10,2017-10-01,02:00,2180.0,870.0,3030.0,210.0,－－－－－－－－－－,10.0,0.0,0.0,0.0,0.0,0.0,-1940.0,2180.0,yonden
2017,10,2017-10-01,03:00,2410.0,870.0,3120.0,240.0,－－－－－－－－－－,10.0,0.0,0.0,10.0,0.0,0.0,-1840.0,2410.0,yonden
2017,10,2017-10-01,04:00,2570.0,880.0,3220.0,270.0,－－－－－－－－－－,10.0,0.0,0.0,0.0,0.0,0.0,-1810.0,2570.0,yonden
2017,10,2017-10-01,05:00,2490.0,880.0,3120.0,260.0,－－－－－－－－－－,10.0,0.0,0.0,0.0,0.0,0.0,-1780.0,2490.0,yonden
2017,10,2017-10-01,06:00,2230.0,880.0,3000.0,220.0,－－－－－－－－－－,10.0,120.0,0.0,0.0,0.0,0.0,-2000.0,2230.0,yonden
2017,10,2017-10-01,07:00,2000.0,880.0,2950.0,180.0,－－－－－－－－－－,10.0,410.0,0.0,10.0,0.0,-60.0,-2380.0,2000.0,yonden
2017,10,2017-10-01,08:00,2110.0,880.0,3110.0,190.0,－－－－－－－－－－,10.0,680.0,0.0,0.0,0.0,-300.0,-2460.0,2110.0,yonden
2017,10,2017-10-01,09:00,2250.0,880.0,3020.0,320.0,－－－－－－－－－－,10.0,810.0,0.0,10.0,0.0,-300.0,-2500.0,2250.0,yonden
2017,10,2017-10-01,10:00,2350.0,880.0,3080.0,260.0,－－－－－－－－－－,10.0,910.0,0.0,20.0,0.0,-300.0,-2510.0,2350.0,yonden
2017,10,2017-10-01,11:00,2370.0,880.0,3160.0,230.0,－－－－－－－－－－,10.0,880.0,0.0,10.0,0.0,-300.0,-2500.0,2370.0,yonden
2017,10,2017-10-01,12:00,2380.0,880.0,3200.0,200.0,－－－－－－－－－－,10.0,890.0,0.0,10.0,0.0,-290.0,-2520.0,2380.0,yonden
2017,10,2017-10-01,13:00,2440.0,880.0,3140.0,270.0,－－－－－－－－－－,10.0,920.0,0.0,10.0,0.0,-300.0,-2490.0,2440.0,yonden
2017,10,2017-10-01,14:00,2440.0,880.0,3140.0,230.0,－－－－－－－－－－,10.0,740.0,0.0,20.0,0.0,-80.0,-2500.0,2440.0,yonden
2017,10,2017-10-01,15:00,2460.0,880.0,3310.0,200.0,－－－－－－－－－－,10.0,460.0,0.0,30.0,0.0,0.0,-2430.0,2460.0,yonden
2017,10,2017-10-01,16:00,2510.0,880.0,3580.0,240.0,－－－－－－－－－－,10.0,190.0,0.0,30.0,0.0,0.0,-2420.0,2510.0,yonden
2017,10,2017-10-01,17:00,2670.0,880.0,3730.0,360.0,－－－－－－－－－－,10.0,30.0,0.0,50.0,0.0,0.0,-2390.0,2670.0,yonden
2017,10,2017-10-01,18:00,2800.0,880.0,3740.0,400.0,－－－－－－－－－－,10.0,0.0,0.0,70.0,0.0,0.0,-2300.0,2800.0,yonden
2017,10,2017-10-01,19:00,2730.0,880.0,3660.0,380.0,－－－－－－－－－－,10.0,0.0,0.0,70.0,0.0,0.0,-2270.0,2730.0,yonden
2017,10,2017-10-01,20:00,2610.0,880.0,3600.0,240.0,－－－－－－－－－－,10.0,0.0,0.0,60.0,0.0,0.0,-2180.0,2610.0,yonden
2017,10,2017-10-01,21:00,2480.0,880.0,3450.0,220.0,－－－－－－－－－－,10.0,0.0,0.0,60.0,0.0,0.0,-2140.0,2480.0,yonden
2017,10,2017-10-01,22:00,2330.0,880.0,3190.0,190.0,－－－－－－－－－－,10.0,0.0,0.0,50.0,0.0,0.0,-1990.0,2330.0,yonden
2017,10,2017-10-01,23:00,2260.0,880.0,3220.0,190.0,－－－－－－－－－－,10.0,0.0,0.0,60.0,0.0,0.0,-2100.0,2260.0,yonden
2017,10,2017-10-02,00:00,2150.0,880.0,3140.0,190.0,－－－－－－－－－－,10.0,0.0,0.0,60.0,0.0,-150.0,-1980.0,2150.0,yonden
2017,10,2017-10-02,01:00,2160.0,880.0,3210.0,200.0,－－－－－－－－－－,10.0,0.0,0.0,60.0,0.0,-290.0,-1910.0,2160.0,yonden
2017,10,2017-10-02,02:00,2310.0,880.0,3350.0,200.0,－－－－－－－－－－,10.0,0.0,0.0,40.0,0.0,-290.0,-1880.0,2310.0,yonden
2017,10,2017-10-02,03:00,2550.0,880.0,3520.0,260.0,－－－－－－－－－－,10.0,0.0,0.0,30.0,0.0,-290.0,-1860.0,2550.0,yonden
2017,10,2017-10-02,04:00,2710.0,880.0,3600.0,310.0,－－－－－－－－－－,10.0,0.0,0.0,30.0,0.0,-290.0,-1830.0,2710.0,yonden
2017,10,2017-10-02,05:00,2700.0,880.0,3550.0,320.0,－－－－－－－－－－,10.0,0.0,0.0,40.0,0.0,-290.0,-1810.0,2700.0,yonden
2017,10,2017-10-02,06:00,2640.0,880.0,3540.0,330.0,－－－－－－－－－－,10.0,30.0,0.0,50.0,0.0,-280.0,-1920.0,2640.0,yonden
2017,10,2017-10-02,07:00,2690.0,880.0,3550.0,230.0,－－－－－－－－－－,0.0,60.0,0.0,60.0,0.0,0.0,-2090.0,2690.0,yonden
2017,10,2017-10-02,08:00,3090.0,880.0,3840.0,340.0,－－－－－－－－－－,0.0,110.0,0.0,80.0,0.0,0.0,-2160.0,3090.0,yonden
2017,10,2017-10-02,09:00,3370.0,880.0,4040.0,340.0,－－－－－－－－－－,0.0,120.0,0.0,80.0,0.0,0.0,-2090.0,3370.0,yonden
2017,10,2017-10-02,10:00,3450.0,880.0,4100.0,340.0,－－－－－－－－－－,0.0,150.0,0.0,80.0,0.0,0.0,-2100.0,3450.0,yonden
2017,10,2017-10-02,11:00,3470.0,880.0,4080.0,390.0,－－－－－－－－－－,0.0,150.0,0.0,80.0,0.0,0.0,-2110.0,3470.0,yonden
2017,10,2017-10-02,12:00,3240.0,880.0,3920.0,350.0,－－－－－－－－－－,0.0,150.0,0.0,90.0,0.0,0.0,-2150.0,3240.0,yonden
2017,10,2017-10-02,13:00,3400.0,880.0,3990.0,350.0,－－－－－－－－－－,0.0,150.0,0.0,90.0,0.0,0.0,-2060.0,3400.0,yonden
2017,10,2017-10-02,14:00,3390.0,870.0,3890.0,400.0,－－－－－－－－－－,0.0,140.0,0.0,100.0,0.0,0.0,-2010.0,3390.0,yonden
2017,10,2017-10-02,15:00,3430.0,870.0,3890.0,450.0,－－－－－－－－－－,0.0,90.0,0.0,100.0,0.0,0.0,-1970.0,3430.0,yonden
2017,10,2017-10-02,16:00,3460.0,870.0,3870.0,540.0,－－－－－－－－－－,0.0,60.0,0.0,100.0,0.0,0.0,-1980.0,3460.0,yonden
2017,10,2017-10-02,17:00,3420.0,870.0,3930.0,590.0,－－－－－－－－－－,10.0,20.0,0.0,100.0,0.0,0.0,-2100.0,3420.0,yonden
2017,10,2017-10-02,18:00,3380.0,870.0,3830.0,530.0,－－－－－－－－－－,10.0,0.0,0.0,100.0,0.0,0.0,-1960.0,3380.0,yonden
2017,10,2017-10-02,19:00,3190.0,870.0,3710.0,470.0,－－－－－－－－－－,10.0,0.0,0.0,70.0,0.0,0.0,-1940.0,3190.0,yonden
2017,10,2017-10-02,20:00,3020.0,830.0,3590.0,470.0,－－－－－－－－－－,10.0,0.0,0.0,70.0,0.0,0.0,-1950.0,3020.0,yonden
2017,10,2017-10-02,21:00,2840.0,610.0,3470.0,470.0,－－－－－－－－－－,10.0,0.0,0.0,70.0,0.0,0.0,-1790.0,2840.0,yonden
2017,10,2017-10-02,22:00,2650.0,370.0,3380.0,430.0,－－－－－－－－－－,10.0,0.0,0.0,50.0,0.0,0.0,-1590.0,2650.0,yonden
2017,10,2017-10-02,23:00,2530.0,140.0,3450.0,430.0,－－－－－－－－－－,10.0,0.0,0.0,30.0,0.0,0.0,-1530.0,2530.0,yonden
2017,10,2017-10-03,00:00,2410.0,10.0,3490.0,440.0,－－－－－－－－－－,10.0,0.0,0.0,10.0,0.0,0.0,-1550.0,2410.0,yonden
2017,10,2017-10-03,01:00,2390.0,0.0,3490.0,420.0,－－－－－－－－－－,10.0,0.0,0.0,0.0,0.0,0.0,-1530.0,2390.0,yonden
2017,10,2017-10-03,02:00,2520.0,0.0,3680.0,430.0,－－－－－－－－－－,10.0,0.0,0.0,10.0,0.0,0.0,-1610.0,2520.0,yonden
2017,10,2017-10-03,03:00,2730.0,0.0,3920.0,470.0,－－－－－－－－－－,10.0,0.0,0.0,10.0,0.0,0.0,-1680.0,2730.0,yonden
2017,10,2017-10-03,04:00,2870.0,0.0,4020.0,470.0,－－－－－－－－－－,10.0,0.0,0.0,20.0,0.0,0.0,-1650.0,2870.0,yonden
2017,10,2017-10-03,05:00,2830.0,0.0,3870.0,480.0,－－－－－－－－－－,10.0,0.0,0.0,20.0,0.0,0.0,-1550.0,2830.0,yonden
2017,10,2017-10-03,06:00,2800.0,0.0,3770.0,460.0,－－－－－－－－－－,10.0,70.0,0.0,40.0,0.0,0.0,-1550.0,2800.0,yonden
2017,10,2017-10-03,07:00,2870.0,0.0,3890.0,390.0,－－－－－－－－－－,0.0,180.0,0.0,60.0,0.0,0.0,-1650.0,2870.0,yonden
2017,10,2017-10-03,08:00,3240.0,0.0,4210.0,430.0,－－－－－－－－－－,0.0,290.0,0.0,60.0,0.0,0.0,-1750.0,3240.0,yonden
2017,10,2017-10-03,09:00,3460.0,0.0,4370.0,400.0,－－－－－－－－－－,0.0,440.0,0.0,50.0,0.0,0.0,-1800.0,3460.0,yonden
2017,10,2017-10-03,10:00,3510.0,0.0,4250.0,390.0,－－－－－－－－－－,0.0,600.0,0.0,50.0,0.0,0.0,-1780.0,3510.0,yonden
2017,10,2017-10-03,11:00,3560.0,0.0,4310.0,400.0,－－－－－－－－－－,0.0,590.0,0.0,50.0,0.0,0.0,-1790.0,3560.0,yonden
2017,10,2017-10-03,12:00,3400.0,0.0,4410.0,340.0,－－－－－－－－－－,0.0,500.0,0.0,40.0,0.0,0.0,-1890.0,3400.0,yonden
2017,10,2017-10-03,13:00,3590.0,0.0,4610.0,350.0,－－－－－－－－－－,0.0,490.0,0.0,30.0,0.0,0.0,-1890.0,3590.0,yonden
2017,10,2017-10-03,14:00,3630.0,0.0,4710.0,380.0,－－－－－－－－－－,0.0,410.0,0.0,40.0,0.0,0.0,-1910.0,3630.0,yonden
2017,10,2017-10-03,15:00,3630.0,0.0,4720.0,370.0,－－－－－－－－－－,10.0,310.0,0.0,40.0,0.0,30.0,-1850.0,3630.0,yonden
2017,10,2017-10-03,16:00,3620.0,0.0,4650.0,400.0,－－－－－－－－－－,10.0,160.0,0.0,50.0,0.0,140.0,-1790.0,3620.0,yonden
2017,10,2017-10-03,17:00,3480.0,0.0,4590.0,450.0,－－－－－－－－－－,10.0,30.0,0.0,60.0,0.0,140.0,-1800.0,3480.0,yonden
2017,10,2017-10-03,18:00,3440.0,0.0,4580.0,460.0,－－－－－－－－－－,10.0,0.0,0.0,70.0,0.0,110.0,-1790.0,3440.0,yonden
2017,10,2017-10-03,19:00,3230.0,0.0,4520.0,450.0,－－－－－－－－－－,10.0,0.0,0.0,70.0,0.0,0.0,-1820.0,3230.0,yonden
2017,10,2017-10-03,20:00,3040.0,0.0,4310.0,380.0,－－－－－－－－－－,10.0,0.0,0.0,80.0,0.0,0.0,-1740.0,3040.0,yonden
2017,10,2017-10-03,21:00,2830.0,0.0,4120.0,370.0,－－－－－－－－－－,10.0,0.0,0.0,80.0,0.0,0.0,-1750.0,2830.0,yonden
2017,10,2017-10-03,22:00,2660.0,0.0,3930.0,300.0,－－－－－－－－－－,10.0,0.0,0.0,80.0,0.0,0.0,-1660.0,2660.0,yonden
2017,10,2017-10-03,23:00,2570.0,0.0,3910.0,260.0,－－－－－－－－－－,10.0,0.0,0.0,80.0,0.0,0.0,-1690.0,2570.0,yonden
2017,10,2017-10-04,00:00,2420.0,0.0,3730.0,250.0,－－－－－－－－－－,10.0,0.0,0.0,80.0,0.0,0.0,-1650.0,2420.0,yonden
2017,10,2017-10-04,01:00,2360.0,0.0,3690.0,260.0,－－－－－－－－－－,10.0,0.0,0.0,80.0,0.0,0.0,-1680.0,2360.0,yonden
2017,10,2017-10-04,02:00,2500.0,0.0,3780.0,270.0,－－－－－－－－－－,10.0,0.0,0.0,90.0,0.0,0.0,-1650.0,2500.0,yonden
2017,10,2017-10-04,03:00,2730.0,0.0,3820.0,380.0,－－－－－－－－－－,10.0,0.0,0.0,100.0,0.0,0.0,-1580.0,2730.0,yonden
2017,10,2017-10-04,04:00,2880.0,0.0,3940.0,510.0,－－－－－－－－－－,10.0,0.0,0.0,90.0,0.0,0.0,-1670.0,2880.0,yonden
2017,10,2017-10-04,05:00,2850.0,0.0,3940.0,490.0,－－－－－－－－－－,10.0,0.0,0.0,90.0,0.0,0.0,-1680.0,2850.0,yonden
2017,10,2017-10-04,06:00,2730.0,0.0,3910.0,400.0,－－－－－－－－－－,10.0,80.0,0.0,80.0,0.0,0.0,-1750.0,2730.0,yonden
2017,10,2017-10-04,07:00,2720.0,0.0,3990.0,360.0,－－－－－－－－－－,10.0,230.0,0.0,80.0,0.0,0.0,-1950.0,2720.0,yonden
2017,10,2017-10-04,08:00,2980.0,0.0,4190.0,380.0,－－－－－－－－－－,10.0,420.0,0.0,60.0,0.0,0.0,-2080.0,2980.0,yonden
2017,10,2017-10-04,09:00,3140.0,0.0,4220.0,380.0,－－－－－－－－－－,10.0,730.0,0.0,60.0,0.0,0.0,-2260.0,3140.0,yonden
2017,10,2017-10-04,10:00,3270.0,0.0,3990.0,350.0,－－－－－－－－－－,10.0,1210.0,0.0,60.0,0.0,0.0,-2350.0,3270.0,yonden
2017,10,2017-10-04,11:00,3280.0,0.0,3840.0,320.0,－－－－－－－－－－,10.0,1360.0,0.0,70.0,0.0,0.0,-2320.0,3280.0,yonden
2017,10,2017-10-04,12:00,3140.0,0.0,3660.0,240.0,－－－－－－－－－－,10.0,1500.0,0.0,70.0,0.0,0.0,-2340.0,3140.0,yonden
2017,10,2017-10-04,13:00,3390.0,0.0,3870.0,290.0,－－－－－－－－－－,10.0,1420.0,0.0,80.0,0.0,0.0,-2280.0,3390.0,yonden
2017,10,2017-10-04,14:00,3410.0,0.0,3880.0,380.0,－－－－－－－－－－,10.0,1230.0,0.0,70.0,0.0,0.0,-2160.0,3410.0,yonden
2017,10,2017-10-04,15:00,3400.0,0.0,4040.0,430.0,－－－－－－－－－－,10.0,890.0,0.0,60.0,0.0,0.0,-2030.0,3400.0,yonden
2017,10,2017-10-04,16:00,3410.0,0.0,4320.0,500.0,－－－－－－－－－－,10.0,440.0,0.0,60.0,0.0,0.0,-1920.0,3410.0,yonden
2017,10,2017-10-04,17:00,3260.0,0.0,4590.0,550.0,－－－－－－－－－－,10.0,70.0,0.0,70.0,0.0,0.0,-2030.0,3260.0,yonden
2017,10,2017-10-04,18:00,3270.0,0.0,4580.0,570.0,－－－－－－－－－－,10.0,0.0,0.0,70.0,0.0,0.0,-1960.0,3270.0,yonden
2017,10,2017-10-04,19:00,3100.0,0.0,4480.0,530.0,－－－－－－－－－－,10.0,0.0,0.0,70.0,0.0,0.0,-1990.0,3100.0,yonden
2017,10,2017-10-04,20:00,2920.0,0.0,4410.0,430.0,－－－－－－－－－－,10.0,0.0,0.0,70.0,0.0,0.0,-2000.0,2920.0,yonden
2017,10,2017-10-04,21:00,2750.0,0.0,4190.0,370.0,－－－－－－－－－－,10.0,0.0,0.0,70.0,0.0,0.0,-1890.0,2750.0,yonden
2017,10,2017-10-04,22:00,2580.0,0.0,3870.0,360.0,－－－－－－－－－－,10.0,0.0,0.0,60.0,0.0,0.0,-1720.0,2580.0,yonden
2017,10,2017-10-04,23:00,2480.0,0.0,3780.0,350.0,－－－－－－－－－－,10.0,0.0,0.0,60.0,0.0,0.0,-1720.0,2480.0,yonden
2017,10,2017-10-05,00:00,2370.0,0.0,3600.0,330.0,－－－－－－－－－－,10.0,0.0,0.0,60.0,0.0,0.0,-1630.0,2370.0,yonden
2017,10,2017-10-05,01:00,2370.0,0.0,3620.0,350.0,－－－－－－－－－－,10.0,0.0,0.0,60.0,0.0,0.0,-1670.0,2370.0,yonden
2017,10,2017-10-05,02:00,2520.0,0.0,3790.0,360.0,－－－－－－－－－－,10.0,0.0,0.0,60.0,0.0,0.0,-1700.0,2520.0,yonden
2017,10,2017-10-05,03:00,2760.0,0.0,3960.0,460.0,－－－－－－－－－－,10.0,0.0,0.0,50.0,0.0,0.0,-1720.0,2760.0,yonden
2017,10,2017-10-05,04:00,2910.0,0.0,4040.0,540.0,－－－－－－－－－－,10.0,0.0,0.0,50.0,0.0,0.0,-1730.0,2910.0,yonden
2017,10,2017-10-05,05:00,2870.0,0.0,4080.0,450.0,－－－－－－－－－－,10.0,0.0,0.0,40.0,0.0,0.0,-1710.0,2870.0,yonden
2017,10,2017-10-05,06:00,2790.0,0.0,4020.0,400.0,－－－－－－－－－－,10.0,90.0,0.0,30.0,0.0,0.0,-1760.0,2790.0,yonden
2017,10,2017-10-05,07:00,2740.0,0.0,4020.0,390.0,－－－－－－－－－－,10.0,260.0,0.0,20.0,0.0,0.0,-1960.0,2740.0,yonden
2017,10,2017-10-05,08:00,3010.0,0.0,4230.0,480.0,－－－－－－－－－－,10.0,470.0,0.0,10.0,0.0,0.0,-2190.0,3010.0,yonden
2017,10,2017-10-05,09:00,3160.0,0.0,4290.0,450.0,－－－－－－－－－－,10.0,610.0,0.0,0.0,0.0,0.0,-2200.0,3160.0,yonden
2017,10,2017-10-05,10:00,3170.0,0.0,4120.0,430.0,－－－－－－－－－－,10.0,740.0,0.0,0.0,0.0,0.0,-2130.0,3170.0,yonden
2017,10,2017-10-05,11:00,3130.0,0.0,4040.0,340.0,－－－－－－－－－－,10.0,850.0,0.0,0.0,0.0,0.0,-2110.0,3130.0,yonden
2017,10,2017-10-05,12:00,3020.0,0.0,3770.0,290.0,－－－－－－－－－－,10.0,1020.0,0.0,0.0,0.0,0.0,-2070.0,3020.0,yonden
2017,10,2017-10-05,13:00,3270.0,0.0,3880.0,330.0,－－－－－－－－－－,10.0,860.0,0.0,0.0,0.0,0.0,-1810.0,3270.0,yonden
2017,10,2017-10-05,14:00,3310.0,0.0,4020.0,390.0,－－－－－－－－－－,10.0,600.0,0.0,0.0,0.0,0.0,-1710.0,3310.0,yonden
2017,10,2017-10-05,15:00,3280.0,0.0,4250.0,450.0,－－－－－－－－－－,10.0,360.0,0.0,0.0,0.0,0.0,-1790.0,3280.0,yonden
2017,10,2017-10-05,16:00,3350.0,0.0,4580.0,570.0,－－－－－－－－－－,10.0,140.0,0.0,10.0,0.0,0.0,-1960.0,3350.0,yonden
2017,10,2017-10-05,17:00,3300.0,0.0,4700.0,590.0,－－－－－－－－－－,10.0,10.0,0.0,10.0,0.0,0.0,-2020.0,3300.0,yonden
2017,10,2017-10-05,18:00,3310.0,0.0,4610.0,600.0,－－－－－－－－－－,10.0,0.0,0.0,10.0,0.0,0.0,-1920.0,3310.0,yonden
2017,10,2017-10-05,19:00,3130.0,0.0,4480.0,550.0,－－－－－－－－－－,10.0,0.0,0.0,20.0,0.0,0.0,-1930.0,3130.0,yonden
2017,10,2017-10-05,20:00,2960.0,0.0,4270.0,440.0,－－－－－－－－－－,10.0,0.0,0.0,30.0,0.0,0.0,-1790.0,2960.0,yonden
2017,10,2017-10-05,21:00,2790.0,0.0,4100.0,380.0,－－－－－－－－－－,10.0,0.0,0.0,40.0,0.0,0.0,-1740.0,2790.0,yonden
2017,10,2017-10-05,22:00,2630.0,0.0,3850.0,370.0,－－－－－－－－－－,10.0,0.0,0.0,50.0,0.0,0.0,-1650.0,2630.0,yonden
2017,10,2017-10-05,23:00,2520.0,0.0,3810.0,380.0,－－－－－－－－－－,10.0,0.0,0.0,60.0,0.0,0.0,-1740.0,2520.0,yonden
2017,10,2017-10-06,00:00,2380.0,0.0,3580.0,390.0,－－－－－－－－－－,10.0,0.0,0.0,60.0,0.0,0.0,-1660.0,2380.0,yonden
2017,10,2017-10-06,01:00,2380.0,0.0,3610.0,390.0,－－－－－－－－－－,10.0,0.0,0.0,60.0,0.0,0.0,-1690.0,2380.0,yonden
2017,10,2017-10-06,02:00,2560.0,0.0,3690.0,450.0,－－－－－－－－－－,10.0,0.0,0.0,40.0,0.0,0.0,-1630.0,2560.0,yonden
2017,10,2017-10-06,03:00,2790.0,0.0,3830.0,480.0,－－－－－－－－－－,10.0,0.0,0.0,50.0,0.0,0.0,-1580.0,2790.0,yonden
2017,10,2017-10-06,04:00,2940.0,0.0,3960.0,490.0,－－－－－－－－－－,10.0,0.0,0.0,40.0,0.0,0.0,-1560.0,2940.0,yonden
2017,10,2017-10-06,05:00,2890.0,0.0,3960.0,510.0,－－－－－－－－－－,10.0,0.0,0.0,50.0,0.0,0.0,-1640.0,2890.0,yonden
2017,10,2017-10-06,06:00,2790.0,0.0,3940.0,450.0,－－－－－－－－－－,10.0,40.0,0.0,30.0,0.0,0.0,-1680.0,2790.0,yonden
2017,10,2017-10-06,07:00,2840.0,0.0,3990.0,470.0,－－－－－－－－－－,10.0,90.0,0.0,50.0,0.0,0.0,-1770.0,2840.0,yonden
2017,10,2017-10-06,08:00,3200.0,0.0,4410.0,520.0,－－－－－－－－－－,10.0,100.0,0.0,70.0,0.0,0.0,-1910.0,3200.0,yonden
2017,10,2017-10-06,09:00,3360.0,0.0,4660.0,590.0,－－－－－－－－－－,10.0,140.0,0.0,50.0,0.0,0.0,-2090.0,3360.0,yonden
2017,10,2017-10-06,10:00,3340.0,0.0,4700.0,590.0,－－－－－－－－－－,10.0,180.0,0.0,40.0,0.0,0.0,-2180.0,3340.0,yonden
2017,10,2017-10-06,11:00,3280.0,0.0,4560.0,540.0,－－－－－－－－－－,10.0,220.0,0.0,40.0,0.0,0.0,-2090.0,3280.0,yonden
2017,10,2017-10-06,12:00,3080.0,0.0,4280.0,450.0,－－－－－－－－－－,10.0,280.0,0.0,40.0,0.0,0.0,-1980.0,3080.0,yonden
2017,10,2017-10-06,13:00,3320.0,0.0,4520.0,510.0,－－－－－－－－－－,10.0,200.0,0.0,50.0,0.0,0.0,-1970.0,3320.0,yonden
2017,10,2017-10-06,14:00,3370.0,0.0,4510.0,530.0,－－－－－－－－－－,10.0,160.0,0.0,80.0,0.0,100.0,-2020.0,3370.0,yonden
2017,10,2017-10-06,15:00,3400.0,0.0,4490.0,510.0,－－－－－－－－－－,10.0,100.0,0.0,70.0,0.0,250.0,-2030.0,3400.0,yonden
2017,10,2017-10-06,16:00,3430.0,0.0,4580.0,540.0,－－－－－－－－－－,10.0,70.0,0.0,50.0,0.0,250.0,-2070.0,3430.0,yonden
2017,10,2017-10-06,17:00,3340.0,0.0,4530.0,580.0,－－－－－－－－－－,10.0,10.0,0.0,30.0,0.0,290.0,-2110.0,3340.0,yonden
2017,10,2017-10-06,18:00,3290.0,0.0,4500.0,580.0,－－－－－－－－－－,10.0,0.0,0.0,20.0,0.0,290.0,-2110.0,3290.0,yonden
2017,10,2017-10-06,19:00,3120.0,0.0,4380.0,590.0,－－－－－－－－－－,10.0,0.0,0.0,20.0,0.0,260.0,-2140.0,3120.0,yonden
2017,10,2017-10-06,20:00,2960.0,0.0,4110.0,580.0,－－－－－－－－－－,10.0,0.0,0.0,20.0,0.0,170.0,-1930.0,2960.0,yonden
2017,10,2017-10-06,21:00,2770.0,0.0,4010.0,530.0,－－－－－－－－－－,10.0,0.0,0.0,0.0,0.0,0.0,-1780.0,2770.0,yonden
2017,10,2017-10-06,22:00,2600.0,0.0,3720.0,550.0,－－－－－－－－－－,10.0,0.0,0.0,10.0,0.0,0.0,-1690.0,2600.0,yonden
2017,10,2017-10-06,23:00,2500.0,0.0,3680.0,520.0,－－－－－－－－－－,10.0,0.0,0.0,10.0,0.0,0.0,-1720.0,2500.0,yonden
2017,10,2017-10-07,00:00,2370.0,0.0,3610.0,510.0,－－－－－－－－－－,10.0,0.0,0.0,20.0,0.0,0.0,-1780.0,2370.0,yonden
2017,10,2017-10-07,01:00,2350.0,0.0,3500.0,490.0,－－－－－－－－－－,10.0,0.0,0.0,10.0,0.0,0.0,-1660.0,2350.0,yonden
2017,10,2017-10-07,02:00,2500.0,0.0,3630.0,540.0,－－－－－－－－－－,10.0,0.0,0.0,0.0,0.0,0.0,-1680.0,2500.0,yonden
2017,10,2017-10-07,03:00,2740.0,0.0,3810.0,580.0,－－－－－－－－－－,10.0,0.0,0.0,10.0,0.0,0.0,-1670.0,2740.0,yonden
2017,10,2017-10-07,04:00,2860.0,0.0,3870.0,610.0,－－－－－－－－－－,10.0,0.0,0.0,0.0,0.0,0.0,-1630.0,2860.0,yonden
2017,10,2017-10-07,05:00,2780.0,0.0,3830.0,580.0,－－－－－－－－－－,10.0,0.0,0.0,0.0,0.0,0.0,-1640.0,2780.0,yonden
2017,10,2017-10-07,06:00,2580.0,0.0,3630.0,500.0,－－－－－－－－－－,10.0,50.0,0.0,10.0,0.0,0.0,-1620.0,2580.0,yonden
2017,10,2017-10-07,07:00,2550.0,0.0,3720.0,530.0,－－－－－－－－－－,10.0,160.0,0.0,0.0,0.0,0.0,-1870.0,2550.0,yonden
2017,10,2017-10-07,08:00,2740.0,0.0,3880.0,570.0,－－－－－－－－－－,10.0,280.0,0.0,0.0,0.0,0.0,-2000.0,2740.0,yonden
2017,10,2017-10-07,09:00,2870.0,0.0,4100.0,580.0,－－－－－－－－－－,10.0,370.0,0.0,0.0,0.0,10.0,-2200.0,2870.0,yonden
2017,10,2017-10-07,10:00,2850.0,0.0,4060.0,520.0,－－－－－－－－－－,10.0,400.0,0.0,0.0,0.0,240.0,-2380.0,2850.0,yonden
2017,10,2017-10-07,11:00,2870.0,0.0,4080.0,490.0,－－－－－－－－－－,10.0,400.0,0.0,0.0,0.0,220.0,-2330.0,2870.0,yonden
2017,10,2017-10-07,12:00,2760.0,0.0,4130.0,450.0,－－－－－－－－－－,10.0,430.0,0.0,0.0,0.0,140.0,-2400.0,2760.0,yonden
2017,10,2017-10-07,13:00,2920.0,0.0,4060.0,480.0,－－－－－－－－－－,10.0,550.0,0.0,0.0,0.0,0.0,-2180.0,2920.0,yonden
2017,10,2017-10-07,14:00,2980.0,0.0,4050.0,450.0,－－－－－－－－－－,10.0,480.0,0.0,0.0,0.0,0.0,-2010.0,2980.0,yonden
2017,10,2017-10-07,15:00,3020.0,0.0,3970.0,400.0,－－－－－－－－－－,10.0,450.0,0.0,10.0,0.0,0.0,-1820.0,3020.0,yonden
2017,10,2017-10-07,16:00,3020.0,0.0,3970.0,430.0,－－－－－－－－－－,10.0,240.0,0.0,10.0,0.0,0.0,-1640.0,3020.0,yonden
2017,10,2017-10-07,17:00,2980.0,0.0,3980.0,530.0,－－－－－－－－－－,10.0,40.0,0.0,10.0,0.0,0.0,-1590.0,2980.0,yonden
2017,10,2017-10-07,18:00,3060.0,0.0,4070.0,560.0,－－－－－－－－－－,10.0,0.0,0.0,10.0,0.0,0.0,-1590.0,3060.0,yonden
2017,10,2017-10-07,19:00,2950.0,0.0,4070.0,530.0,－－－－－－－－－－,10.0,0.0,0.0,20.0,0.0,0.0,-1680.0,2950.0,yonden
2017,10,2017-10-07,20:00,2830.0,0.0,3940.0,450.0,－－－－－－－－－－,10.0,0.0,0.0,20.0,0.0,0.0,-1590.0,2830.0,yonden
2017,10,2017-10-07,21:00,2650.0,0.0,3780.0,440.0,－－－－－－－－－－,10.0,0.0,0.0,10.0,0.0,0.0,-1590.0,2650.0,yonden
2017,10,2017-10-07,22:00,2480.0,0.0,3670.0,440.0,－－－－－－－－－－,10.0,0.0,0.0,10.0,0.0,0.0,-1650.0,2480.0,yonden
2017,10,2017-10-07,23:00,2400.0,0.0,3700.0,440.0,－－－－－－－－－－,10.0,0.0,0.0,10.0,0.0,0.0,-1760.0,2400.0,yonden
2017,10,2017-10-08,00:00,2290.0,0.0,3630.0,390.0,－－－－－－－－－－,10.0,0.0,0.0,0.0,0.0,0.0,-1740.0,2290.0,yonden
2017,10,2017-10-08,01:00,2230.0,0.0,3450.0,370.0,－－－－－－－－－－,10.0,0.0,0.0,0.0,0.0,0.0,-1600.0,2230.0,yonden
2017,10,2017-10-08,02:00,2340.0,0.0,3550.0,410.0,－－－－－－－－－－,10.0,0.0,0.0,0.0,0.0,0.0,-1630.0,2340.0,yonden
2017,10,2017-10-08,03:00,2580.0,0.0,3710.0,450.0,－－－－－－－－－－,10.0,0.0,0.0,0.0,0.0,0.0,-1590.0,2580.0,yonden
2017,10,2017-10-08,04:00,2690.0,0.0,3730.0,520.0,－－－－－－－－－－,10.0,0.0,0.0,0.0,0.0,0.0,-1570.0,2690.0,yonden
2017,10,2017-10-08,05:00,2600.0,0.0,3730.0,450.0,－－－－－－－－－－,10.0,0.0,0.0,0.0,0.0,0.0,-1590.0,2600.0,yonden
2017,10,2017-10-08,06:00,2380.0,0.0,3520.0,420.0,－－－－－－－－－－,10.0,70.0,0.0,0.0,0.0,0.0,-1640.0,2380.0,yonden
2017,10,2017-10-08,07:00,2290.0,0.0,3440.0,400.0,－－－－－－－－－－,10.0,240.0,0.0,0.0,0.0,0.0,-1800.0,2290.0,yonden
2017,10,2017-10-08,08:00,2350.0,0.0,3540.0,320.0,－－－－－－－－－－,10.0,450.0,0.0,0.0,0.0,0.0,-1970.0,2350.0,yonden
2017,10,2017-10-08,09:00,2430.0,0.0,3260.0,300.0,－－－－－－－－－－,10.0,720.0,0.0,0.0,0.0,0.0,-1860.0,2430.0,yonden
2017,10,2017-10-08,10:00,2530.0,0.0,3330.0,310.0,－－－－－－－－－－,10.0,1100.0,0.0,0.0,0.0,-260.0,-1960.0,2530.0,yonden
2017,10,2017-10-08,11:00,2560.0,0.0,3380.0,310.0,－－－－－－－－－－,10.0,1190.0,0.0,0.0,0.0,-300.0,-2030.0,2560.0,yonden
2017,10,2017-10-08,12:00,2660.0,0.0,3330.0,310.0,－－－－－－－－－－,10.0,1290.0,0.0,0.0,0.0,-300.0,-1980.0,2660.0,yonden
2017,10,2017-10-08,13:00,2710.0,0.0,3300.0,340.0,－－－－－－－－－－,10.0,1210.0,0.0,0.0,0.0,-300.0,-1850.0,2710.0,yonden
2017,10,2017-10-08,14:00,2750.0,0.0,3400.0,350.0,－－－－－－－－－－,10.0,1050.0,0.0,0.0,0.0,-300.0,-1760.0,2750.0,yonden
2017,10,2017-10-08,15:00,2780.0,0.0,3510.0,380.0,－－－－－－－－－－,10.0,710.0,0.0,0.0,0.0,-20.0,-1810.0,2780.0,yonden
2017,10,2017-10-08,16:00,2830.0,0.0,3800.0,440.0,－－－－－－－－－－,10.0,360.0,0.0,0.0,0.0,0.0,-1780.0,2830.0,yonden
2017,10,2017-10-08,17:00,2860.0,0.0,3920.0,490.0,－－－－－－－－－－,10.0,50.0,0.0,0.0,0.0,0.0,-1610.0,2860.0,yonden
2017,10,2017-10-08,18:00,2970.0,0.0,4030.0,520.0,－－－－－－－－－－,10.0,0.0,0.0,0.0,0.0,0.0,-1590.0,2970.0,yonden
2017,10,2017-10-08,19:00,2850.0,0.0,3930.0,510.0,－－－－－－－－－－,10.0,0.0,0.0,0.0,0.0,0.0,-1600.0,2850.0,yonden
2017,10,2017-10-08,20:00,2720.0,0.0,3870.0,460.0,－－－－－－－－－－,10.0,0.0,0.0,0.0,0.0,0.0,-1620.0,2720.0,yonden
2017,10,2017-10-08,21:00,2560.0,0.0,3790.0,380.0,－－－－－－－－－－,10.0,0.0,0.0,10.0,0.0,0.0,-1630.0,2560.0,yonden
2017,10,2017-10-08,22:00,2400.0,0.0,3640.0,350.0,－－－－－－－－－－,10.0,0.0,0.0,20.0,0.0,0.0,-1620.0,2400.0,yonden
2017,10,2017-10-08,23:00,2310.0,0.0,3580.0,320.0,－－－－－－－－－－,10.0,0.0,0.0,20.0,0.0,0.0,-1620.0,2310.0,yonden
2017,10,2017-10-09,00:00,2200.0,0.0,3420.0,280.0,－－－－－－－－－－,10.0,0.0,0.0,20.0,0.0,0.0,-1530.0,2200.0,yonden
2017,10,2017-10-09,01:00,2170.0,0.0,3370.0,300.0,－－－－－－－－－－,10.0,0.0,0.0,20.0,0.0,0.0,-1530.0,2170.0,yonden
2017,10,2017-10-09,02:00,2320.0,0.0,3510.0,320.0,－－－－－－－－－－,10.0,0.0,0.0,10.0,0.0,0.0,-1530.0,2320.0,yonden
2017,10,2017-10-09,03:00,2540.0,0.0,3670.0,420.0,－－－－－－－－－－,10.0,0.0,0.0,0.0,0.0,0.0,-1560.0,2540.0,yonden
2017,10,2017-10-09,04:00,2690.0,0.0,3780.0,510.0,－－－－－－－－－－,10.0,0.0,0.0,0.0,0.0,0.0,-1610.0,2690.0,yonden
2017,10,2017-10-09,05:00,2650.0,0.0,3730.0,450.0,－－－－－－－－－－,10.0,0.0,0.0,0.0,0.0,0.0,-1540.0,2650.0,yonden
2017,10,2017-10-09,06:00,2480.0,0.0,3520.0,350.0,－－－－－－－－－－,10.0,100.0,0.0,0.0,0.0,0.0,-1500.0,2480.0,yonden
2017,10,2017-10-09,07:00,2450.0,0.0,3240.0,310.0,－－－－－－－－－－,10.0,410.0,0.0,0.0,0.0,0.0,-1520.0,2450.0,yonden
2017,10,2017-10-09,08:00,2620.0,0.0,3220.0,290.0,－－－－－－－－－－,10.0,770.0,0.0,0.0,0.0,-100.0,-1570.0,2620.0,yonden
2017,10,2017-10-09,09:00,2830.0,0.0,3220.0,320.0,－－－－－－－－－－,10.0,1090.0,0.0,0.0,0.0,-300.0,-1510.0,2830.0,yonden
2017,10,2017-10-09,10:00,2930.0,0.0,3280.0,300.0,－－－－－－－－－－,0.0,1280.0,0.0,0.0,0.0,-300.0,-1630.0,2930.0,yonden
2017,10,2017-10-09,11:00,2970.0,0.0,3320.0,270.0,－－－－－－－－－－,10.0,1350.0,0.0,0.0,0.0,-300.0,-1680.0,2970.0,yonden
2017,10,2017-10-09,12:00,2940.0,0.0,3290.0,270.0,－－－－－－－－－－,10.0,1360.0,0.0,0.0,0.0,-300.0,-1690.0,2940.0,yonden
2017,10,2017-10-09,13:00,3060.0,0.0,3210.0,270.0,－－－－－－－－－－,10.0,1270.0,0.0,0.0,0.0,-290.0,-1410.0,3060.0,yonden
2017,10,2017-10-09,14:00,3100.0,0.0,3320.0,240.0,－－－－－－－－－－,10.0,1070.0,0.0,0.0,0.0,0.0,-1540.0,3100.0,yonden
2017,10,2017-10-09,15:00,3140.0,0.0,3630.0,260.0,－－－－－－－－－－,10.0,760.0,0.0,0.0,0.0,0.0,-1520.0,3140.0,yonden
2017,10,2017-10-09,16:00,3150.0,0.0,3810.0,340.0,－－－－－－－－－－,10.0,360.0,0.0,0.0,0.0,0.0,-1370.0,3150.0,yonden
2017,10,2017-10-09,17:00,3110.0,0.0,3990.0,450.0,－－－－－－－－－－,10.0,40.0,0.0,0.0,0.0,0.0,-1380.0,3110.0,yonden
2017,10,2017-10-09,18:00,3160.0,0.0,4030.0,520.0,－－－－－－－－－－,10.0,0.0,0.0,0.0,0.0,0.0,-1400.0,3160.0,yonden
2017,10,2017-10-09,19:00,3040.0,0.0,3970.0,470.0,－－－－－－－－－－,10.0,0.0,0.0,0.0,0.0,0.0,-1410.0,3040.0,yonden
2017,10,2017-10-09,20:00,2870.0,0.0,3870.0,400.0,－－－－－－－－－－,10.0,0.0,0.0,0.0,0.0,0.0,-1410.0,2870.0,yonden
2017,10,2017-10-09,21:00,2690.0,0.0,3730.0,380.0,－－－－－－－－－－,10.0,0.0,0.0,0.0,0.0,0.0,-1430.0,2690.0,yonden
2017,10,2017-10-09,22:00,2490.0,0.0,3570.0,320.0,－－－－－－－－－－,10.0,0.0,0.0,10.0,0.0,0.0,-1420.0,2490.0,yonden
2017,10,2017-10-09,23:00,2380.0,0.0,3510.0,260.0,－－－－－－－－－－,10.0,0.0,0.0,10.0,0.0,0.0,-1410.0,2380.0,yonden
2017,10,2017-10-10,00:00,2260.0,0.0,3520.0,260.0,－－－－－－－－－－,10.0,0.0,0.0,10.0,0.0,0.0,-1540.0,2260.0,yonden
2017,10,2017-10-10,01:00,2220.0,0.0,3410.0,260.0,－－－－－－－－－－,10.0,0.0,0.0,0.0,0.0,0.0,-1460.0,2220.0,yonden
2017,10,2017-10-10,02:00,2370.0,0.0,3600.0,380.0,－－－－－－－－－－,10.0,0.0,0.0,10.0,0.0,0.0,-1630.0,2370.0,yonden
2017,10,2017-10-10,03:00,2570.0,0.0,3740.0,430.0,－－－－－－－－－－,10.0,0.0,0.0,0.0,0.0,0.0,-1610.0,2570.0,yonden
2017,10,2017-10-10,04:00,2710.0,0.0,3750.0,500.0,－－－－－－－－－－,10.0,0.0,0.0,10.0,0.0,0.0,-1560.0,2710.0,yonden
2017,10,2017-10-10,05:00,2660.0,0.0,3630.0,500.0,－－－－－－－－－－,10.0,0.0,0.0,0.0,0.0,0.0,-1480.0,2660.0,yonden
2017,10,2017-10-10,06:00,2610.0,0.0,3550.0,440.0,－－－－－－－－－－,10.0,100.0,0.0,0.0,0.0,0.0,-1490.0,2610.0,yonden
2017,10,2017-10-10,07:00,2690.0,0.0,3610.0,340.0,－－－－－－－－－－,10.0,410.0,0.0,0.0,0.0,0.0,-1680.0,2690.0,yonden
2017,10,2017-10-10,08:00,3080.0,0.0,3700.0,350.0,－－－－－－－－－－,10.0,750.0,0.0,0.0,0.0,0.0,-1730.0,3080.0,yonden
2017,10,2017-10-10,09:00,3390.0,0.0,3720.0,410.0,－－－－－－－－－－,10.0,1060.0,0.0,0.0,0.0,0.0,-1810.0,3390.0,yonden
2017,10,2017-10-10,10:00,3530.0,0.0,3770.0,410.0,－－－－－－－－－－,10.0,1260.0,0.0,0.0,0.0,0.0,-1920.0,3530.0,yonden
2017,10,2017-10-10,11:00,3620.0,0.0,3740.0,370.0,－－－－－－－－－－,10.0,1360.0,0.0,10.0,0.0,0.0,-1870.0,3620.0,yonden
2017,10,2017-10-10,12:00,3510.0,0.0,3870.0,250.0,－－－－－－－－－－,10.0,1400.0,0.0,20.0,0.0,0.0,-2040.0,3510.0,yonden
2017,10,2017-10-10,13:00,3760.0,0.0,4110.0,270.0,－－－－－－－－－－,10.0,1310.0,0.0,10.0,0.0,0.0,-1950.0,3760.0,yonden
2017,10,2017-10-10,14:00,3840.0,0.0,4280.0,310.0,－－－－－－－－－－,10.0,1100.0,0.0,20.0,0.0,0.0,-1880.0,3840.0,yonden
2017,10,2017-10-10,15:00,3820.0,0.0,4390.0,420.0,－－－－－－－－－－,10.0,760.0,0.0,10.0,0.0,0.0,-1770.0,3820.0,yonden
2017,10,2017-10-10,16:00,3820.0,0.0,4540.0,530.0,－－－－－－－－－－,10.0,380.0,0.0,10.0,0.0,130.0,-1780.0,3820.0,yonden
2017,10,2017-10-10,17:00,3600.0,0.0,4540.0,550.0,－－－－－－－－－－,10.0,50.0,0.0,10.0,0.0,140.0,-1700.0,3600.0,yonden
2017,10,2017-10-10,18:00,3570.0,0.0,4640.0,610.0,－－－－－－－－－－,10.0,0.0,0.0,0.0,0.0,90.0,-1780.0,3570.0,yonden
2017,10,2017-10-10,19:00,3340.0,0.0,4530.0,600.0,－－－－－－－－－－,10.0,0.0,0.0,0.0,0.0,0.0,-1800.0,3340.0,yonden
2017,10,2017-10-10,20:00,3140.0,0.0,4380.0,510.0,－－－－－－－－－－,10.0,0.0,0.0,0.0,0.0,0.0,-1760.0,3140.0,yonden
2017,10,2017-10-10,21:00,2920.0,0.0,4070.0,450.0,－－－－－－－－－－,10.0,0.0,0.0,0.0,0.0,0.0,-1610.0,2920.0,yonden
2017,10,2017-10-10,22:00,2710.0,0.0,3830.0,340.0,－－－－－－－－－－,10.0,0.0,0.0,0.0,0.0,0.0,-1470.0,2710.0,yonden
2017,10,2017-10-10,23:00,2580.0,0.0,3810.0,290.0,－－－－－－－－－－,10.0,0.0,0.0,0.0,0.0,0.0,-1530.0,2580.0,yonden
2017,10,2017-10-11,00:00,2430.0,0.0,3780.0,220.0,－－－－－－－－－－,10.0,0.0,0.0,0.0,0.0,0.0,-1580.0,2430.0,yonden
2017,10,2017-10-11,01:00,2360.0,0.0,3710.0,240.0,－－－－－－－－－－,10.0,0.0,0.0,0.0,0.0,0.0,-1600.0,2360.0,yonden
2017,10,2017-10-11,02:00,2490.0,0.0,3770.0,280.0,－－－－－－－－－－,10.0,0.0,0.0,0.0,0.0,0.0,-1570.0,2490.0,yonden
2017,10,2017-10-11,03:00,2690.0,0.0,3750.0,400.0,－－－－－－－－－－,10.0,0.0,0.0,0.0,0.0,0.0,-1470.0,2690.0,yonden
2017,10,2017-10-11,04:00,2850.0,0.0,3860.0,420.0,－－－－－－－－－－,10.0,0.0,0.0,0.0,0.0,0.0,-1440.0,2850.0,yonden
2017,10,2017-10-11,05:00,2830.0,0.0,3850.0,400.0,－－－－－－－－－－,10.0,0.0,0.0,0.0,0.0,0.0,-1430.0,2830.0,yonden
2017,10,2017-10-11,06:00,2770.0,0.0,3830.0,260.0,－－－－－－－－－－,10.0,90.0,0.0,0.0,0.0,0.0,-1420.0,2770.0,yonden
2017,10,2017-10-11,07:00,2810.0,0.0,3730.0,230.0,－－－－－－－－－－,10.0,390.0,0.0,0.0,0.0,0.0,-1550.0,2810.0,yonden
2017,10,2017-10-11,08:00,3190.0,0.0,3940.0,340.0,－－－－－－－－－－,10.0,730.0,0.0,0.0,0.0,0.0,-1830.0,3190.0,yonden
2017,10,2017-10-11,09:00,3500.0,0.0,4120.0,440.0,－－－－－－－－－－,10.0,1070.0,0.0,0.0,0.0,0.0,-2140.0,3500.0,yonden
2017,10,2017-10-11,10:00,3650.0,0.0,4300.0,440.0,－－－－－－－－－－,10.0,1270.0,0.0,0.0,0.0,0.0,-2370.0,3650.0,yonden
2017,10,2017-10-11,11:00,3700.0,0.0,4370.0,420.0,－－－－－－－－－－,10.0,1310.0,0.0,0.0,0.0,0.0,-2410.0,3700.0,yonden
2017,10,2017-10-11,12:00,3590.0,0.0,4250.0,270.0,－－－－－－－－－－,10.0,1310.0,0.0,0.0,0.0,0.0,-2250.0,3590.0,yonden
2017,10,2017-10-11,13:00,3860.0,0.0,4530.0,280.0,－－－－－－－－－－,10.0,1180.0,0.0,0.0,0.0,0.0,-2140.0,3860.0,yonden
2017,10,2017-10-11,14:00,3930.0,0.0,4680.0,360.0,－－－－－－－－－－,10.0,940.0,0.0,0.0,0.0,0.0,-2060.0,3930.0,yonden
2017,10,2017-10-11,15:00,3920.0,0.0,4740.0,480.0,－－－－－－－－－－,10.0,680.0,0.0,0.0,0.0,0.0,-1990.0,3920.0,yonden
2017,10,2017-10-11,16:00,3880.0,0.0,4740.0,460.0,－－－－－－－－－－,10.0,340.0,0.0,10.0,0.0,230.0,-1910.0,3880.0,yonden
2017,10,2017-10-11,17:00,3650.0,0.0,4650.0,550.0,－－－－－－－－－－,10.0,40.0,0.0,0.0,0.0,240.0,-1840.0,3650.0,yonden
2017,10,2017-10-11,18:00,3610.0,0.0,4650.0,610.0,－－－－－－－－－－,10.0,0.0,0.0,10.0,0.0,220.0,-1890.0,3610.0,yonden
2017,10,2017-10-11,19:00,3420.0,0.0,4670.0,600.0,－－－－－－－－－－,10.0,0.0,0.0,10.0,0.0,60.0,-1930.0,3420.0,yonden
2017,10,2017-10-11,20:00,3200.0,0.0,4520.0,530.0,－－－－－－－－－－,10.0,0.0,0.0,10.0,0.0,0.0,-1870.0,3200.0,yonden
2017,10,2017-10-11,21:00,2980.0,0.0,4360.0,400.0,－－－－－－－－－－,10.0,0.0,0.0,0.0,0.0,0.0,-1790.0,2980.0,yonden
2017,10,2017-10-11,22:00,2740.0,0.0,4030.0,310.0,－－－－－－－－－－,10.0,0.0,0.0,0.0,0.0,0.0,-1610.0,2740.0,yonden
2017,10,2017-10-11,23:00,2610.0,0.0,3900.0,230.0,－－－－－－－－－－,10.0,0.0,0.0,0.0,0.0,0.0,-1530.0,2610.0,yonden
2017,10,2017-10-12,00:00,2460.0,0.0,3880.0,280.0,－－－－－－－－－－,10.0,0.0,0.0,0.0,0.0,0.0,-1710.0,2460.0,yonden
2017,10,2017-10-12,01:00,2410.0,0.0,3870.0,270.0,－－－－－－－－－－,10.0,0.0,0.0,0.0,0.0,0.0,-1740.0,2410.0,yonden
2017,10,2017-10-12,02:00,2520.0,0.0,3850.0,280.0,－－－－－－－－－－,10.0,0.0,0.0,0.0,0.0,0.0,-1620.0,2520.0,yonden
2017,10,2017-10-12,03:00,2730.0,0.0,3860.0,350.0,－－－－－－－－－－,10.0,0.0,0.0,0.0,0.0,0.0,-1490.0,2730.0,yonden
2017,10,2017-10-12,04:00,2860.0,0.0,3920.0,400.0,－－－－－－－－－－,10.0,0.0,0.0,0.0,0.0,0.0,-1470.0,2860.0,yonden
2017,10,2017-10-12,05:00,2850.0,0.0,3940.0,390.0,－－－－－－－－－－,10.0,0.0,0.0,0.0,0.0,0.0,-1490.0,2850.0,yonden
2017,10,2017-10-12,06:00,2760.0,0.0,3850.0,370.0,－－－－－－－－－－,10.0,50.0,0.0,0.0,0.0,0.0,-1520.0,2760.0,yonden
2017,10,2017-10-12,07:00,2830.0,0.0,3980.0,310.0,－－－－－－－－－－,10.0,170.0,0.0,0.0,0.0,0.0,-1640.0,2830.0,yonden
2017,10,2017-10-12,08:00,3220.0,0.0,4270.0,320.0,－－－－－－－－－－,10.0,300.0,0.0,0.0,0.0,0.0,-1680.0,3220.0,yonden
2017,10,2017-10-12,09:00,3450.0,0.0,4390.0,370.0,－－－－－－－－－－,10.0,420.0,0.0,0.0,0.0,0.0,-1740.0,3450.0,yonden
2017,10,2017-10-12,10:00,3520.0,0.0,4380.0,370.0,－－－－－－－－－－,10.0,560.0,0.0,0.0,0.0,0.0,-1800.0,3520.0,yonden
2017,10,2017-10-12,11:00,3550.0,0.0,4590.0,340.0,－－－－－－－－－－,10.0,440.0,0.0,0.0,0.0,0.0,-1830.0,3550.0,yonden
2017,10,2017-10-12,12:00,3380.0,0.0,4600.0,240.0,－－－－－－－－－－,10.0,330.0,0.0,0.0,0.0,0.0,-1800.0,3380.0,yonden
2017,10,2017-10-12,13:00,3580.0,0.0,4770.0,280.0,－－－－－－－－－－,10.0,270.0,0.0,0.0,0.0,0.0,-1750.0,3580.0,yonden
2017,10,2017-10-12,14:00,3630.0,0.0,4750.0,340.0,－－－－－－－－－－,10.0,250.0,0.0,0.0,0.0,0.0,-1720.0,3630.0,yonden
2017,10,2017-10-12,15:00,3620.0,0.0,4790.0,380.0,－－－－－－－－－－,10.0,160.0,0.0,0.0,0.0,0.0,-1720.0,3620.0,yonden
2017,10,2017-10-12,16:00,3640.0,0.0,4790.0,440.0,－－－－－－－－－－,10.0,80.0,0.0,0.0,0.0,0.0,-1680.0,3640.0,yonden
2017,10,2017-10-12,17:00,3570.0,0.0,4750.0,480.0,－－－－－－－－－－,10.0,10.0,0.0,10.0,0.0,110.0,-1800.0,3570.0,yonden
2017,10,2017-10-12,18:00,3510.0,0.0,4680.0,480.0,－－－－－－－－－－,10.0,0.0,0.0,10.0,0.0,110.0,-1780.0,3510.0,yonden
2017,10,2017-10-12,19:00,3300.0,0.0,4540.0,470.0,－－－－－－－－－－,10.0,0.0,0.0,20.0,0.0,0.0,-1740.0,3300.0,yonden
2017,10,2017-10-12,20:00,3130.0,0.0,4470.0,430.0,－－－－－－－－－－,10.0,0.0,0.0,20.0,0.0,0.0,-1800.0,3130.0,yonden
2017,10,2017-10-12,21:00,2920.0,0.0,4250.0,440.0,－－－－－－－－－－,10.0,0.0,0.0,10.0,0.0,0.0,-1790.0,2920.0,yonden
2017,10,2017-10-12,22:00,2720.0,0.0,4070.0,370.0,－－－－－－－－－－,10.0,0.0,0.0,0.0,0.0,0.0,-1730.0,2720.0,yonden
2017,10,2017-10-12,23:00,2620.0,0.0,4000.0,240.0,－－－－－－－－－－,10.0,0.0,0.0,0.0,0.0,0.0,-1630.0,2620.0,yonden
2017,10,2017-10-13,00:00,2480.0,0.0,3910.0,200.0,－－－－－－－－－－,10.0,0.0,0.0,10.0,0.0,0.0,-1650.0,2480.0,yonden
2017,10,2017-10-13,01:00,2460.0,0.0,3960.0,190.0,－－－－－－－－－－,10.0,0.0,0.0,10.0,0.0,0.0,-1710.0,2460.0,yonden
2017,10,2017-10-13,02:00,2570.0,0.0,3910.0,220.0,－－－－－－－－－－,10.0,0.0,0.0,20.0,0.0,0.0,-1590.0,2570.0,yonden
2017,10,2017-10-13,03:00,2800.0,0.0,3980.0,250.0,－－－－－－－－－－,10.0,0.0,0.0,30.0,0.0,0.0,-1470.0,2800.0,yonden
2017,10,2017-10-13,04:00,2940.0,0.0,4010.0,350.0,－－－－－－－－－－,10.0,0.0,0.0,30.0,0.0,0.0,-1460.0,2940.0,yonden
2017,10,2017-10-13,05:00,2920.0,0.0,3980.0,330.0,－－－－－－－－－－,10.0,0.0,0.0,40.0,0.0,0.0,-1440.0,2920.0,yonden
2017,10,2017-10-13,06:00,2810.0,0.0,3960.0,260.0,－－－－－－－－－－,10.0,30.0,0.0,40.0,0.0,0.0,-1490.0,2810.0,yonden
2017,10,2017-10-13,07:00,2900.0,0.0,4020.0,220.0,－－－－－－－－－－,10.0,100.0,0.0,30.0,0.0,0.0,-1480.0,2900.0,yonden
2017,10,2017-10-13,08:00,3260.0,0.0,4360.0,340.0,－－－－－－－－－－,10.0,180.0,0.0,40.0,0.0,0.0,-1670.0,3260.0,yonden
2017,10,2017-10-13,09:00,3400.0,0.0,4360.0,350.0,－－－－－－－－－－,10.0,300.0,0.0,40.0,0.0,0.0,-1660.0,3400.0,yonden
2017,10,2017-10-13,10:00,3400.0,0.0,4230.0,330.0,－－－－－－－－－－,10.0,470.0,0.0,40.0,0.0,0.0,-1680.0,3400.0,yonden
2017,10,2017-10-13,11:00,3410.0,0.0,4410.0,300.0,－－－－－－－－－－,10.0,350.0,0.0,40.0,0.0,0.0,-1700.0,3410.0,yonden
2017,10,2017-10-13,12:00,3210.0,0.0,4290.0,260.0,－－－－－－－－－－,10.0,300.0,0.0,30.0,0.0,0.0,-1680.0,3210.0,yonden
2017,10,2017-10-13,13:00,3420.0,0.0,4550.0,310.0,－－－－－－－－－－,10.0,220.0,0.0,30.0,0.0,0.0,-1700.0,3420.0,yonden
2017,10,2017-10-13,14:00,3430.0,0.0,4570.0,330.0,－－－－－－－－－－,10.0,170.0,0.0,20.0,0.0,0.0,-1670.0,3430.0,yonden
2017,10,2017-10-13,15:00,3410.0,0.0,4560.0,370.0,－－－－－－－－－－,10.0,130.0,0.0,30.0,0.0,0.0,-1690.0,3410.0,yonden
2017,10,2017-10-13,16:00,3430.0,0.0,4660.0,440.0,－－－－－－－－－－,10.0,80.0,0.0,40.0,0.0,0.0,-1800.0,3430.0,yonden
2017,10,2017-10-13,17:00,3410.0,0.0,4700.0,530.0,－－－－－－－－－－,10.0,10.0,0.0,50.0,0.0,0.0,-1890.0,3410.0,yonden
2017,10,2017-10-13,18:00,3350.0,0.0,4580.0,530.0,－－－－－－－－－－,10.0,0.0,0.0,40.0,0.0,0.0,-1810.0,3350.0,yonden
2017,10,2017-10-13,19:00,3180.0,0.0,4410.0,490.0,－－－－－－－－－－,10.0,0.0,0.0,20.0,0.0,0.0,-1750.0,3180.0,yonden
2017,10,2017-10-13,20:00,3020.0,0.0,4240.0,350.0,－－－－－－－－－－,10.0,0.0,0.0,30.0,0.0,0.0,-1610.0,3020.0,yonden
2017,10,2017-10-13,21:00,2840.0,0.0,4090.0,350.0,－－－－－－－－－－,10.0,0.0,0.0,40.0,0.0,0.0,-1650.0,2840.0,yonden
2017,10,2017-10-13,22:00,2680.0,0.0,3890.0,320.0,－－－－－－－－－－,10.0,0.0,0.0,30.0,0.0,0.0,-1570.0,2680.0,yonden
2017,10,2017-10-13,23:00,2580.0,0.0,3800.0,290.0,－－－－－－－－－－,10.0,0.0,0.0,40.0,0.0,0.0,-1560.0,2580.0,yonden
2017,10,2017-10-14,00:00,2440.0,0.0,3690.0,190.0,－－－－－－－－－－,10.0,0.0,0.0,40.0,0.0,0.0,-1490.0,2440.0,yonden
2017,10,2017-10-14,01:00,2400.0,0.0,3650.0,190.0,－－－－－－－－－－,10.0,0.0,0.0,40.0,0.0,0.0,-1490.0,2400.0,yonden
2017,10,2017-10-14,02:00,2540.0,0.0,3780.0,190.0,－－－－－－－－－－,10.0,0.0,0.0,30.0,0.0,0.0,-1470.0,2540.0,yonden
2017,10,2017-10-14,03:00,2760.0,0.0,3890.0,340.0,－－－－－－－－－－,10.0,0.0,0.0,40.0,0.0,0.0,-1520.0,2760.0,yonden
2017,10,2017-10-14,04:00,2880.0,0.0,3900.0,440.0,－－－－－－－－－－,10.0,0.0,0.0,50.0,0.0,0.0,-1520.0,2880.0,yonden
2017,10,2017-10-14,05:00,2800.0,0.0,3880.0,350.0,－－－－－－－－－－,10.0,0.0,0.0,60.0,0.0,0.0,-1500.0,2800.0,yonden
2017,10,2017-10-14,06:00,2580.0,0.0,3710.0,270.0,－－－－－－－－－－,10.0,40.0,0.0,60.0,0.0,0.0,-1510.0,2580.0,yonden
2017,10,2017-10-14,07:00,2550.0,0.0,3710.0,200.0,－－－－－－－－－－,10.0,110.0,0.0,60.0,0.0,0.0,-1540.0,2550.0,yonden
2017,10,2017-10-14,08:00,2780.0,0.0,3850.0,210.0,－－－－－－－－－－,10.0,220.0,0.0,50.0,0.0,0.0,-1560.0,2780.0,yonden
2017,10,2017-10-14,09:00,2870.0,0.0,3800.0,270.0,－－－－－－－－－－,10.0,300.0,0.0,30.0,0.0,0.0,-1540.0,2870.0,yonden
2017,10,2017-10-14,10:00,2900.0,0.0,3740.0,270.0,－－－－－－－－－－,10.0,350.0,0.0,40.0,0.0,0.0,-1510.0,2900.0,yonden
2017,10,2017-10-14,11:00,2930.0,0.0,3860.0,250.0,－－－－－－－－－－,10.0,290.0,0.0,30.0,0.0,0.0,-1510.0,2930.0,yonden
2017,10,2017-10-14,12:00,2850.0,0.0,3930.0,250.0,－－－－－－－－－－,10.0,250.0,0.0,30.0,0.0,0.0,-1620.0,2850.0,yonden
2017,10,2017-10-14,13:00,2900.0,0.0,3950.0,220.0,－－－－－－－－－－,10.0,220.0,0.0,50.0,0.0,0.0,-1550.0,2900.0,yonden
2017,10,2017-10-14,14:00,2900.0,0.0,3920.0,220.0,－－－－－－－－－－,10.0,200.0,0.0,60.0,0.0,0.0,-1510.0,2900.0,yonden
2017,10,2017-10-14,15:00,2900.0,0.0,3960.0,240.0,－－－－－－－－－－,10.0,140.0,0.0,70.0,0.0,0.0,-1520.0,2900.0,yonden
2017,10,2017-10-14,16:00,2930.0,0.0,4050.0,340.0,－－－－－－－－－－,10.0,80.0,0.0,60.0,0.0,0.0,-1610.0,2930.0,yonden
2017,10,2017-10-14,17:00,3010.0,0.0,4210.0,490.0,－－－－－－－－－－,10.0,10.0,0.0,30.0,0.0,0.0,-1740.0,3010.0,yonden
2017,10,2017-10-14,18:00,3020.0,0.0,4220.0,470.0,－－－－－－－－－－,10.0,0.0,0.0,20.0,0.0,0.0,-1700.0,3020.0,yonden
2017,10,2017-10-14,19:00,2900.0,0.0,4080.0,410.0,－－－－－－－－－－,10.0,0.0,0.0,20.0,0.0,0.0,-1620.0,2900.0,yonden
2017,10,2017-10-14,20:00,2770.0,0.0,3980.0,350.0,－－－－－－－－－－,10.0,0.0,0.0,20.0,0.0,0.0,-1590.0,2770.0,yonden
2017,10,2017-10-14,21:00,2610.0,0.0,3900.0,290.0,－－－－－－－－－－,10.0,0.0,0.0,10.0,0.0,0.0,-1600.0,2610.0,yonden
2017,10,2017-10-14,22:00,2460.0,0.0,3730.0,270.0,－－－－－－－－－－,10.0,0.0,0.0,10.0,0.0,0.0,-1560.0,2460.0,yonden
2017,10,2017-10-14,23:00,2390.0,0.0,3690.0,270.0,－－－－－－－－－－,10.0,0.0,0.0,10.0,0.0,0.0,-1590.0,2390.0,yonden
2017,10,2017-10-15,00:00,2280.0,0.0,3570.0,250.0,－－－－－－－－－－,10.0,0.0,0.0,10.0,0.0,0.0,-1560.0,2280.0,yonden
2017,10,2017-10-15,01:00,2270.0,0.0,3470.0,270.0,－－－－－－－－－－,10.0,0.0,0.0,20.0,0.0,0.0,-1500.0,2270.0,yonden
2017,10,2017-10-15,02:00,2400.0,0.0,3560.0,270.0,－－－－－－－－－－,10.0,0.0,0.0,20.0,0.0,0.0,-1460.0,2400.0,yonden
2017,10,2017-10-15,03:00,2640.0,0.0,3770.0,340.0,－－－－－－－－－－,10.0,0.0,0.0,20.0,0.0,0.0,-1500.0,2640.0,yonden
2017,10,2017-10-15,04:00,2740.0,0.0,3820.0,410.0,－－－－－－－－－－,10.0,0.0,0.0,20.0,0.0,0.0,-1520.0,2740.0,yonden
2017,10,2017-10-15,05:00,2610.0,0.0,3730.0,350.0,－－－－－－－－－－,10.0,0.0,0.0,20.0,0.0,0.0,-1500.0,2610.0,yonden
2017,10,2017-10-15,06:00,2360.0,0.0,3580.0,330.0,－－－－－－－－－－,10.0,30.0,0.0,30.0,0.0,-130.0,-1490.0,2360.0,yonden
2017,10,2017-10-15,07:00,2280.0,0.0,3700.0,330.0,－－－－－－－－－－,10.0,80.0,0.0,40.0,0.0,-300.0,-1580.0,2280.0,yonden
2017,10,2017-10-15,08:00,2410.0,0.0,3660.0,310.0,－－－－－－－－－－,10.0,130.0,0.0,60.0,0.0,-10.0,-1750.0,2410.0,yonden
2017,10,2017-10-15,09:00,2490.0,0.0,3680.0,360.0,－－－－－－－－－－,10.0,150.0,0.0,50.0,0.0,0.0,-1760.0,2490.0,yonden
2017,10,2017-10-15,10:00,2550.0,0.0,3750.0,360.0,－－－－－－－－－－,10.0,180.0,0.0,30.0,0.0,0.0,-1780.0,2550.0,yonden
2017,10,2017-10-15,11:00,2560.0,0.0,3770.0,370.0,－－－－－－－－－－,10.0,200.0,0.0,40.0,0.0,0.0,-1830.0,2560.0,yonden
2017,10,2017-10-15,12:00,2560.0,0.0,3740.0,370.0,－－－－－－－－－－,10.0,180.0,0.0,40.0,0.0,0.0,-1780.0,2560.0,yonden
2017,10,2017-10-15,13:00,2560.0,0.0,3690.0,400.0,－－－－－－－－－－,10.0,130.0,0.0,50.0,0.0,0.0,-1720.0,2560.0,yonden
2017,10,2017-10-15,14:00,2580.0,0.0,3640.0,400.0,－－－－－－－－－－,10.0,100.0,0.0,50.0,0.0,0.0,-1620.0,2580.0,yonden
2017,10,2017-10-15,15:00,2600.0,0.0,3660.0,400.0,－－－－－－－－－－,10.0,60.0,0.0,50.0,0.0,0.0,-1580.0,2600.0,yonden
2017,10,2017-10-15,16:00,2670.0,0.0,3760.0,430.0,－－－－－－－－－－,10.0,30.0,0.0,40.0,0.0,0.0,-1600.0,2670.0,yonden
2017,10,2017-10-15,17:00,2830.0,0.0,3840.0,560.0,－－－－－－－－－－,10.0,0.0,0.0,30.0,0.0,0.0,-1610.0,2830.0,yonden
2017,10,2017-10-15,18:00,2870.0,0.0,3860.0,560.0,－－－－－－－－－－,10.0,0.0,0.0,50.0,0.0,0.0,-1610.0,2870.0,yonden
2017,10,2017-10-15,19:00,2790.0,0.0,3850.0,510.0,－－－－－－－－－－,10.0,0.0,0.0,40.0,0.0,0.0,-1620.0,2790.0,yonden
2017,10,2017-10-15,20:00,2670.0,0.0,3770.0,450.0,－－－－－－－－－－,10.0,0.0,0.0,40.0,0.0,0.0,-1600.0,2670.0,yonden
2017,10,2017-10-15,21:00,2530.0,0.0,3610.0,450.0,－－－－－－－－－－,10.0,0.0,0.0,30.0,0.0,0.0,-1570.0,2530.0,yonden
2017,10,2017-10-15,22:00,2370.0,0.0,3380.0,470.0,－－－－－－－－－－,10.0,0.0,0.0,40.0,0.0,0.0,-1530.0,2370.0,yonden
2017,10,2017-10-15,23:00,2300.0,0.0,3290.0,460.0,－－－－－－－－－－,10.0,0.0,0.0,40.0,0.0,0.0,-1500.0,2300.0,yonden
2017,10,2017-10-16,00:00,2210.0,0.0,3440.0,460.0,－－－－－－－－－－,10.0,0.0,0.0,40.0,0.0,-300.0,-1440.0,2210.0,yonden
2017,10,2017-10-16,01:00,2230.0,0.0,3490.0,450.0,－－－－－－－－－－,10.0,0.0,0.0,40.0,0.0,-300.0,-1460.0,2230.0,yonden
2017,10,2017-10-16,02:00,2390.0,0.0,3650.0,510.0,－－－－－－－－－－,10.0,0.0,0.0,20.0,0.0,-300.0,-1500.0,2390.0,yonden
2017,10,2017-10-16,03:00,2660.0,0.0,3840.0,550.0,－－－－－－－－－－,10.0,0.0,0.0,20.0,0.0,-270.0,-1490.0,2660.0,yonden
2017,10,2017-10-16,04:00,2800.0,0.0,3750.0,510.0,－－－－－－－－－－,10.0,0.0,0.0,40.0,0.0,0.0,-1510.0,2800.0,yonden
2017,10,2017-10-16,05:00,2760.0,0.0,3670.0,490.0,－－－－－－－－－－,10.0,0.0,0.0,40.0,0.0,0.0,-1450.0,2760.0,yonden
2017,10,2017-10-16,06:00,2670.0,0.0,3590.0,490.0,－－－－－－－－－－,10.0,30.0,0.0,40.0,0.0,0.0,-1490.0,2670.0,yonden
2017,10,2017-10-16,07:00,2740.0,0.0,3600.0,510.0,－－－－－－－－－－,10.0,80.0,0.0,50.0,0.0,0.0,-1510.0,2740.0,yonden
2017,10,2017-10-16,08:00,3090.0,0.0,4010.0,580.0,－－－－－－－－－－,10.0,110.0,0.0,50.0,0.0,0.0,-1670.0,3090.0,yonden
2017,10,2017-10-16,09:00,3290.0,0.0,4270.0,610.0,－－－－－－－－－－,10.0,120.0,0.0,40.0,0.0,0.0,-1760.0,3290.0,yonden
2017,10,2017-10-16,10:00,3300.0,0.0,4280.0,590.0,－－－－－－－－－－,10.0,140.0,0.0,40.0,0.0,0.0,-1760.0,3300.0,yonden
2017,10,2017-10-16,11:00,3320.0,0.0,4240.0,590.0,－－－－－－－－－－,10.0,170.0,0.0,50.0,0.0,0.0,-1740.0,3320.0,yonden
2017,10,2017-10-16,12:00,3120.0,0.0,4120.0,450.0,－－－－－－－－－－,10.0,170.0,0.0,50.0,0.0,0.0,-1680.0,3120.0,yonden
2017,10,2017-10-16,13:00,3320.0,0.0,4450.0,530.0,－－－－－－－－－－,10.0,140.0,0.0,50.0,0.0,0.0,-1860.0,3320.0,yonden
2017,10,2017-10-16,14:00,3360.0,0.0,4500.0,570.0,－－－－－－－－－－,10.0,100.0,0.0,60.0,0.0,0.0,-1880.0,3360.0,yonden
2017,10,2017-10-16,15:00,3340.0,0.0,4420.0,520.0,－－－－－－－－－－,10.0,60.0,0.0,60.0,0.0,0.0,-1730.0,3340.0,yonden
2017,10,2017-10-16,16:00,3370.0,0.0,4430.0,600.0,－－－－－－－－－－,10.0,40.0,0.0,60.0,0.0,0.0,-1770.0,3370.0,yonden
2017,10,2017-10-16,17:00,3360.0,0.0,4460.0,630.0,－－－－－－－－－－,10.0,0.0,0.0,50.0,0.0,0.0,-1790.0,3360.0,yonden
2017,10,2017-10-16,18:00,3320.0,0.0,4410.0,660.0,－－－－－－－－－－,10.0,0.0,0.0,50.0,0.0,0.0,-1810.0,3320.0,yonden
2017,10,2017-10-16,19:00,3160.0,0.0,4130.0,630.0,－－－－－－－－－－,10.0,0.0,0.0,60.0,0.0,0.0,-1670.0,3160.0,yonden
2017,10,2017-10-16,20:00,2990.0,0.0,3960.0,550.0,－－－－－－－－－－,10.0,0.0,0.0,60.0,0.0,0.0,-1590.0,2990.0,yonden
2017,10,2017-10-16,21:00,2810.0,0.0,3720.0,550.0,－－－－－－－－－－,10.0,0.0,0.0,60.0,0.0,0.0,-1530.0,2810.0,yonden
2017,10,2017-10-16,22:00,2600.0,0.0,3550.0,520.0,－－－－－－－－－－,10.0,0.0,0.0,50.0,0.0,0.0,-1530.0,2600.0,yonden
2017,10,2017-10-16,23:00,2510.0,0.0,3430.0,540.0,－－－－－－－－－－,10.0,0.0,0.0,40.0,0.0,0.0,-1510.0,2510.0,yonden
2017,10,2017-10-17,00:00,2410.0,0.0,3410.0,550.0,－－－－－－－－－－,10.0,0.0,0.0,40.0,0.0,0.0,-1600.0,2410.0,yonden
2017,10,2017-10-17,01:00,2410.0,0.0,3350.0,560.0,－－－－－－－－－－,10.0,0.0,0.0,40.0,0.0,0.0,-1550.0,2410.0,yonden
2017,10,2017-10-17,02:00,2600.0,0.0,3510.0,570.0,－－－－－－－－－－,10.0,0.0,0.0,40.0,0.0,0.0,-1530.0,2600.0,yonden
2017,10,2017-10-17,03:00,2860.0,0.0,3760.0,620.0,－－－－－－－－－－,10.0,0.0,0.0,40.0,0.0,0.0,-1570.0,2860.0,yonden
2017,10,2017-10-17,04:00,2990.0,0.0,3790.0,640.0,－－－－－－－－－－,10.0,0.0,0.0,60.0,0.0,0.0,-1510.0,2990.0,yonden
2017,10,2017-10-17,05:00,2940.0,0.0,3790.0,620.0,－－－－－－－－－－,10.0,0.0,0.0,60.0,0.0,0.0,-1540.0,2940.0,yonden
2017,10,2017-10-17,06:00,2840.0,0.0,3800.0,520.0,－－－－－－－－－－,10.0,30.0,0.0,60.0,0.0,0.0,-1580.0,2840.0,yonden
2017,10,2017-10-17,07:00,2860.0,0.0,3810.0,510.0,－－－－－－－－－－,10.0,60.0,0.0,60.0,0.0,0.0,-1590.0,2860.0,yonden
2017,10,2017-10-17,08:00,3160.0,0.0,4200.0,550.0,－－－－－－－－－－,10.0,100.0,0.0,60.0,0.0,0.0,-1760.0,3160.0,yonden
2017,10,2017-10-17,09:00,3340.0,0.0,4300.0,600.0,－－－－－－－－－－,10.0,130.0,0.0,60.0,0.0,0.0,-1760.0,3340.0,yonden
2017,10,2017-10-17,10:00,3320.0,0.0,4300.0,620.0,－－－－－－－－－－,10.0,150.0,0.0,50.0,0.0,0.0,-1810.0,3320.0,yonden
2017,10,2017-10-17,11:00,3280.0,0.0,4190.0,630.0,－－－－－－－－－－,10.0,180.0,0.0,60.0,0.0,0.0,-1790.0,3280.0,yonden
2017,10,2017-10-17,12:00,3070.0,0.0,4020.0,540.0,－－－－－－－－－－,10.0,180.0,0.0,60.0,0.0,0.0,-1740.0,3070.0,yonden
2017,10,2017-10-17,13:00,3240.0,0.0,4320.0,510.0,－－－－－－－－－－,10.0,160.0,0.0,50.0,0.0,0.0,-1810.0,3240.0,yonden
2017,10,2017-10-17,14:00,3270.0,0.0,4360.0,540.0,－－－－－－－－－－,10.0,160.0,0.0,50.0,0.0,0.0,-1850.0,3270.0,yonden
2017,10,2017-10-17,15:00,3290.0,0.0,4470.0,560.0,－－－－－－－－－－,10.0,130.0,0.0,50.0,0.0,0.0,-1930.0,3290.0,yonden
2017,10,2017-10-17,16:00,3360.0,0.0,4510.0,650.0,－－－－－－－－－－,10.0,90.0,0.0,60.0,0.0,0.0,-1960.0,3360.0,yonden
2017,10,2017-10-17,17:00,3370.0,0.0,4540.0,690.0,－－－－－－－－－－,10.0,10.0,0.0,70.0,0.0,0.0,-1950.0,3370.0,yonden
2017,10,2017-10-17,18:00,3380.0,0.0,4590.0,680.0,－－－－－－－－－－,10.0,0.0,0.0,60.0,0.0,0.0,-1960.0,3380.0,yonden
2017,10,2017-10-17,19:00,3200.0,0.0,4490.0,610.0,－－－－－－－－－－,10.0,0.0,0.0,60.0,0.0,0.0,-1970.0,3200.0,yonden
2017,10,2017-10-17,20:00,3040.0,0.0,4330.0,530.0,－－－－－－－－－－,10.0,0.0,0.0,60.0,0.0,0.0,-1890.0,3040.0,yonden
2017,10,2017-10-17,21:00,2870.0,0.0,4030.0,500.0,－－－－－－－－－－,10.0,0.0,0.0,60.0,0.0,0.0,-1730.0,2870.0,yonden
2017,10,2017-10-17,22:00,2670.0,0.0,3800.0,490.0,－－－－－－－－－－,10.0,0.0,0.0,60.0,0.0,0.0,-1690.0,2670.0,yonden
2017,10,2017-10-17,23:00,2550.0,0.0,3650.0,500.0,－－－－－－－－－－,10.0,0.0,0.0,60.0,0.0,0.0,-1670.0,2550.0,yonden
2017,10,2017-10-18,00:00,2420.0,0.0,3490.0,490.0,－－－－－－－－－－,10.0,0.0,0.0,70.0,0.0,0.0,-1640.0,2420.0,yonden
2017,10,2017-10-18,01:00,2440.0,0.0,3510.0,490.0,－－－－－－－－－－,10.0,0.0,0.0,50.0,0.0,0.0,-1620.0,2440.0,yonden
2017,10,2017-10-18,02:00,2650.0,0.0,3590.0,510.0,－－－－－－－－－－,10.0,0.0,0.0,50.0,0.0,0.0,-1510.0,2650.0,yonden
2017,10,2017-10-18,03:00,2920.0,0.0,3800.0,580.0,－－－－－－－－－－,10.0,0.0,0.0,40.0,0.0,0.0,-1510.0,2920.0,yonden
2017,10,2017-10-18,04:00,3030.0,0.0,3840.0,630.0,－－－－－－－－－－,10.0,0.0,0.0,40.0,0.0,0.0,-1490.0,3030.0,yonden
2017,10,2017-10-18,05:00,2960.0,0.0,3810.0,610.0,－－－－－－－－－－,10.0,0.0,0.0,40.0,0.0,0.0,-1510.0,2960.0,yonden
2017,10,2017-10-18,06:00,2840.0,0.0,3810.0,470.0,－－－－－－－－－－,10.0,60.0,0.0,50.0,0.0,0.0,-1560.0,2840.0,yonden
2017,10,2017-10-18,07:00,2800.0,0.0,3690.0,480.0,－－－－－－－－－－,10.0,270.0,0.0,40.0,0.0,0.0,-1690.0,2800.0,yonden
2017,10,2017-10-18,08:00,3020.0,0.0,3830.0,550.0,－－－－－－－－－－,10.0,480.0,0.0,30.0,0.0,0.0,-1880.0,3020.0,yonden
2017,10,2017-10-18,09:00,3170.0,0.0,3930.0,630.0,－－－－－－－－－－,10.0,650.0,0.0,20.0,0.0,0.0,-2070.0,3170.0,yonden
2017,10,2017-10-18,10:00,3200.0,0.0,4010.0,620.0,－－－－－－－－－－,10.0,650.0,0.0,20.0,0.0,0.0,-2110.0,3200.0,yonden
2017,10,2017-10-18,11:00,3170.0,0.0,4070.0,590.0,－－－－－－－－－－,10.0,450.0,0.0,10.0,0.0,0.0,-1960.0,3170.0,yonden
2017,10,2017-10-18,12:00,2990.0,0.0,4010.0,530.0,－－－－－－－－－－,10.0,290.0,0.0,0.0,0.0,0.0,-1850.0,2990.0,yonden
2017,10,2017-10-18,13:00,3250.0,0.0,4380.0,590.0,－－－－－－－－－－,10.0,160.0,0.0,0.0,0.0,0.0,-1890.0,3250.0,yonden
2017,10,2017-10-18,14:00,3290.0,0.0,4540.0,500.0,－－－－－－－－－－,10.0,110.0,0.0,10.0,0.0,0.0,-1880.0,3290.0,yonden
2017,10,2017-10-18,15:00,3320.0,0.0,4520.0,550.0,－－－－－－－－－－,10.0,80.0,0.0,20.0,0.0,0.0,-1860.0,3320.0,yonden
2017,10,2017-10-18,16:00,3370.0,0.0,4600.0,650.0,－－－－－－－－－－,10.0,40.0,0.0,10.0,0.0,0.0,-1940.0,3370.0,yonden
2017,10,2017-10-18,17:00,3390.0,0.0,4660.0,700.0,－－－－－－－－－－,10.0,0.0,0.0,20.0,0.0,0.0,-2000.0,3390.0,yonden
2017,10,2017-10-18,18:00,3360.0,0.0,4650.0,690.0,－－－－－－－－－－,10.0,0.0,0.0,30.0,0.0,0.0,-2020.0,3360.0,yonden
2017,10,2017-10-18,19:00,3200.0,0.0,4540.0,690.0,－－－－－－－－－－,10.0,0.0,0.0,40.0,0.0,0.0,-2080.0,3200.0,yonden
2017,10,2017-10-18,20:00,3050.0,0.0,4370.0,570.0,－－－－－－－－－－,10.0,0.0,0.0,30.0,0.0,0.0,-1930.0,3050.0,yonden
2017,10,2017-10-18,21:00,2870.0,0.0,3980.0,540.0,－－－－－－－－－－,10.0,0.0,0.0,30.0,0.0,0.0,-1690.0,2870.0,yonden
2017,10,2017-10-18,22:00,2690.0,0.0,3770.0,540.0,－－－－－－－－－－,10.0,0.0,0.0,30.0,0.0,0.0,-1660.0,2690.0,yonden
2017,10,2017-10-18,23:00,2580.0,0.0,3650.0,520.0,－－－－－－－－－－,10.0,0.0,0.0,40.0,0.0,0.0,-1640.0,2580.0,yonden
2017,10,2017-10-19,00:00,2480.0,0.0,3680.0,570.0,－－－－－－－－－－,10.0,0.0,0.0,50.0,0.0,0.0,-1830.0,2480.0,yonden
2017,10,2017-10-19,01:00,2510.0,0.0,3640.0,560.0,－－－－－－－－－－,10.0,0.0,0.0,60.0,0.0,0.0,-1760.0,2510.0,yonden
2017,10,2017-10-19,02:00,2700.0,0.0,3720.0,570.0,－－－－－－－－－－,10.0,0.0,0.0,70.0,0.0,0.0,-1670.0,2700.0,yonden
2017,10,2017-10-19,03:00,2950.0,0.0,3830.0,620.0,－－－－－－－－－－,10.0,0.0,0.0,70.0,0.0,0.0,-1580.0,2950.0,yonden
2017,10,2017-10-19,04:00,3080.0,0.0,3900.0,650.0,－－－－－－－－－－,10.0,0.0,0.0,70.0,0.0,0.0,-1550.0,3080.0,yonden
2017,10,2017-10-19,05:00,3000.0,0.0,3910.0,570.0,－－－－－－－－－－,10.0,0.0,0.0,70.0,0.0,0.0,-1560.0,3000.0,yonden
2017,10,2017-10-19,06:00,2890.0,0.0,3810.0,570.0,－－－－－－－－－－,10.0,30.0,0.0,70.0,0.0,0.0,-1600.0,2890.0,yonden
2017,10,2017-10-19,07:00,2940.0,0.0,3920.0,570.0,－－－－－－－－－－,10.0,90.0,0.0,60.0,0.0,0.0,-1710.0,2940.0,yonden
2017,10,2017-10-19,08:00,3200.0,0.0,4180.0,610.0,－－－－－－－－－－,10.0,130.0,0.0,60.0,0.0,0.0,-1790.0,3200.0,yonden
2017,10,2017-10-19,09:00,3340.0,0.0,4490.0,680.0,－－－－－－－－－－,10.0,170.0,0.0,50.0,0.0,0.0,-2060.0,3340.0,yonden
2017,10,2017-10-19,10:00,3320.0,0.0,4610.0,650.0,－－－－－－－－－－,10.0,230.0,0.0,40.0,0.0,0.0,-2220.0,3320.0,yonden
2017,10,2017-10-19,11:00,3340.0,0.0,4770.0,600.0,－－－－－－－－－－,10.0,200.0,0.0,40.0,0.0,0.0,-2280.0,3340.0,yonden
2017,10,2017-10-19,12:00,3180.0,0.0,4730.0,560.0,－－－－－－－－－－,10.0,190.0,0.0,30.0,0.0,0.0,-2340.0,3180.0,yonden
2017,10,2017-10-19,13:00,3370.0,0.0,4820.0,600.0,－－－－－－－－－－,10.0,130.0,0.0,20.0,0.0,0.0,-2210.0,3370.0,yonden
2017,10,2017-10-19,14:00,3400.0,0.0,4790.0,640.0,－－－－－－－－－－,10.0,100.0,0.0,20.0,0.0,0.0,-2160.0,3400.0,yonden
2017,10,2017-10-19,15:00,3370.0,0.0,4720.0,680.0,－－－－－－－－－－,10.0,80.0,0.0,20.0,0.0,0.0,-2140.0,3370.0,yonden
2017,10,2017-10-19,16:00,3450.0,0.0,4790.0,710.0,－－－－－－－－－－,10.0,50.0,0.0,20.0,0.0,0.0,-2130.0,3450.0,yonden
2017,10,2017-10-19,17:00,3460.0,0.0,4810.0,740.0,－－－－－－－－－－,10.0,10.0,0.0,20.0,0.0,0.0,-2130.0,3460.0,yonden
2017,10,2017-10-19,18:00,3420.0,0.0,4780.0,730.0,－－－－－－－－－－,10.0,0.0,0.0,10.0,0.0,0.0,-2110.0,3420.0,yonden
2017,10,2017-10-19,19:00,3250.0,0.0,4730.0,660.0,－－－－－－－－－－,10.0,0.0,0.0,10.0,0.0,0.0,-2160.0,3250.0,yonden
2017,10,2017-10-19,20:00,3090.0,0.0,4480.0,620.0,－－－－－－－－－－,10.0,0.0,0.0,10.0,0.0,0.0,-2030.0,3090.0,yonden
2017,10,2017-10-19,21:00,2900.0,0.0,4110.0,620.0,－－－－－－－－－－,10.0,0.0,0.0,10.0,0.0,0.0,-1850.0,2900.0,yonden
2017,10,2017-10-19,22:00,2680.0,0.0,3820.0,600.0,－－－－－－－－－－,10.0,0.0,0.0,10.0,0.0,0.0,-1760.0,2680.0,yonden
2017,10,2017-10-19,23:00,2560.0,0.0,3740.0,590.0,－－－－－－－－－－,10.0,0.0,0.0,10.0,0.0,0.0,-1790.0,2560.0,yonden
2017,10,2017-10-20,00:00,2440.0,0.0,3660.0,580.0,－－－－－－－－－－,10.0,0.0,0.0,20.0,0.0,0.0,-1830.0,2440.0,yonden
2017,10,2017-10-20,01:00,2450.0,0.0,3670.0,580.0,－－－－－－－－－－,10.0,0.0,0.0,20.0,0.0,0.0,-1830.0,2450.0,yonden
2017,10,2017-10-20,02:00,2640.0,0.0,3770.0,600.0,－－－－－－－－－－,10.0,0.0,0.0,20.0,0.0,0.0,-1760.0,2640.0,yonden
2017,10,2017-10-20,03:00,2890.0,0.0,3840.0,660.0,－－－－－－－－－－,10.0,0.0,0.0,30.0,0.0,0.0,-1650.0,2890.0,yonden
2017,10,2017-10-20,04:00,3000.0,0.0,3870.0,710.0,－－－－－－－－－－,10.0,0.0,0.0,50.0,0.0,0.0,-1640.0,3000.0,yonden
2017,10,2017-10-20,05:00,2920.0,0.0,3840.0,650.0,－－－－－－－－－－,10.0,0.0,0.0,60.0,0.0,0.0,-1640.0,2920.0,yonden
2017,10,2017-10-20,06:00,2810.0,0.0,3820.0,580.0,－－－－－－－－－－,10.0,30.0,0.0,60.0,0.0,0.0,-1690.0,2810.0,yonden
2017,10,2017-10-20,07:00,2900.0,0.0,3930.0,620.0,－－－－－－－－－－,10.0,90.0,0.0,40.0,0.0,0.0,-1790.0,2900.0,yonden
2017,10,2017-10-20,08:00,3220.0,0.0,4320.0,660.0,－－－－－－－－－－,10.0,120.0,0.0,30.0,0.0,0.0,-1920.0,3220.0,yonden
2017,10,2017-10-20,09:00,3340.0,0.0,4560.0,670.0,－－－－－－－－－－,10.0,190.0,0.0,30.0,0.0,0.0,-2120.0,3340.0,yonden
2017,10,2017-10-20,10:00,3300.0,0.0,4670.0,670.0,－－－－－－－－－－,10.0,270.0,0.0,30.0,0.0,0.0,-2350.0,3300.0,yonden
2017,10,2017-10-20,11:00,3340.0,0.0,4820.0,670.0,－－－－－－－－－－,10.0,260.0,0.0,40.0,0.0,0.0,-2460.0,3340.0,yonden
2017,10,2017-10-20,12:00,3130.0,0.0,4640.0,620.0,－－－－－－－－－－,10.0,220.0,0.0,40.0,0.0,0.0,-2400.0,3130.0,yonden
2017,10,2017-10-20,13:00,3290.0,0.0,4600.0,680.0,－－－－－－－－－－,10.0,230.0,0.0,50.0,0.0,0.0,-2280.0,3290.0,yonden
2017,10,2017-10-20,14:00,3350.0,0.0,4580.0,700.0,－－－－－－－－－－,10.0,150.0,0.0,50.0,0.0,0.0,-2140.0,3350.0,yonden
2017,10,2017-10-20,15:00,3370.0,0.0,4660.0,710.0,－－－－－－－－－－,10.0,110.0,0.0,50.0,0.0,0.0,-2170.0,3370.0,yonden
2017,10,2017-10-20,16:00,3420.0,0.0,4740.0,770.0,－－－－－－－－－－,10.0,60.0,0.0,40.0,0.0,0.0,-2200.0,3420.0,yonden
2017,10,2017-10-20,17:00,3410.0,0.0,4660.0,830.0,－－－－－－－－－－,10.0,0.0,0.0,30.0,0.0,0.0,-2120.0,3410.0,yonden
2017,10,2017-10-20,18:00,3390.0,0.0,4560.0,830.0,－－－－－－－－－－,10.0,0.0,0.0,30.0,0.0,0.0,-2040.0,3390.0,yonden
2017,10,2017-10-20,19:00,3220.0,0.0,4390.0,780.0,－－－－－－－－－－,10.0,0.0,0.0,30.0,0.0,0.0,-1990.0,3220.0,yonden
2017,10,2017-10-20,20:00,3080.0,0.0,4210.0,760.0,－－－－－－－－－－,10.0,0.0,0.0,40.0,0.0,0.0,-1940.0,3080.0,yonden
2017,10,2017-10-20,21:00,2900.0,0.0,3890.0,720.0,－－－－－－－－－－,10.0,0.0,0.0,40.0,0.0,0.0,-1760.0,2900.0,yonden
2017,10,2017-10-20,22:00,2710.0,0.0,3690.0,720.0,－－－－－－－－－－,10.0,0.0,0.0,40.0,0.0,0.0,-1750.0,2710.0,yonden
2017,10,2017-10-20,23:00,2600.0,0.0,3580.0,730.0,－－－－－－－－－－,10.0,0.0,0.0,40.0,0.0,0.0,-1760.0,2600.0,yonden
2017,10,2017-10-21,00:00,2500.0,0.0,3560.0,720.0,－－－－－－－－－－,10.0,0.0,0.0,50.0,0.0,0.0,-1840.0,2500.0,yonden
2017,10,2017-10-21,01:00,2480.0,0.0,3530.0,720.0,－－－－－－－－－－,10.0,0.0,0.0,50.0,0.0,0.0,-1830.0,2480.0,yonden
2017,10,2017-10-21,02:00,2670.0,0.0,3560.0,740.0,－－－－－－－－－－,10.0,0.0,0.0,60.0,0.0,0.0,-1700.0,2670.0,yonden
2017,10,2017-10-21,03:00,2920.0,0.0,3570.0,780.0,－－－－－－－－－－,10.0,0.0,0.0,60.0,0.0,0.0,-1500.0,2920.0,yonden
2017,10,2017-10-21,04:00,3010.0,0.0,3570.0,830.0,－－－－－－－－－－,10.0,0.0,0.0,60.0,0.0,0.0,-1460.0,3010.0,yonden
2017,10,2017-10-21,05:00,2900.0,0.0,3550.0,790.0,－－－－－－－－－－,10.0,0.0,0.0,60.0,0.0,0.0,-1510.0,2900.0,yonden
2017,10,2017-10-21,06:00,2710.0,0.0,3610.0,740.0,－－－－－－－－－－,10.0,10.0,0.0,70.0,0.0,0.0,-1730.0,2710.0,yonden
2017,10,2017-10-21,07:00,2740.0,0.0,3740.0,730.0,－－－－－－－－－－,10.0,40.0,0.0,70.0,0.0,0.0,-1850.0,2740.0,yonden
2017,10,2017-10-21,08:00,3060.0,0.0,3980.0,730.0,－－－－－－－－－－,10.0,60.0,0.0,70.0,0.0,0.0,-1790.0,3060.0,yonden
2017,10,2017-10-21,09:00,3220.0,0.0,4070.0,710.0,－－－－－－－－－－,10.0,90.0,0.0,70.0,0.0,0.0,-1730.0,3220.0,yonden
2017,10,2017-10-21,10:00,3260.0,0.0,4040.0,740.0,－－－－－－－－－－,10.0,120.0,0.0,60.0,0.0,0.0,-1710.0,3260.0,yonden
2017,10,2017-10-21,11:00,3220.0,0.0,3990.0,710.0,－－－－－－－－－－,10.0,130.0,0.0,60.0,0.0,0.0,-1680.0,3220.0,yonden
2017,10,2017-10-21,12:00,3050.0,0.0,3960.0,680.0,－－－－－－－－－－,10.0,130.0,0.0,60.0,0.0,0.0,-1790.0,3050.0,yonden
2017,10,2017-10-21,13:00,3050.0,0.0,3970.0,670.0,－－－－－－－－－－,10.0,120.0,0.0,60.0,0.0,0.0,-1780.0,3050.0,yonden
2017,10,2017-10-21,14:00,3040.0,0.0,3990.0,670.0,－－－－－－－－－－,10.0,90.0,0.0,60.0,0.0,0.0,-1780.0,3040.0,yonden
2017,10,2017-10-21,15:00,3010.0,0.0,3930.0,680.0,－－－－－－－－－－,10.0,60.0,0.0,60.0,0.0,0.0,-1730.0,3010.0,yonden
2017,10,2017-10-21,16:00,3050.0,0.0,3950.0,680.0,－－－－－－－－－－,10.0,30.0,0.0,60.0,0.0,0.0,-1680.0,3050.0,yonden
2017,10,2017-10-21,17:00,3120.0,0.0,3950.0,680.0,－－－－－－－－－－,10.0,0.0,0.0,50.0,0.0,0.0,-1570.0,3120.0,yonden
2017,10,2017-10-21,18:00,3100.0,0.0,3930.0,670.0,－－－－－－－－－－,10.0,0.0,0.0,40.0,0.0,0.0,-1550.0,3100.0,yonden
2017,10,2017-10-21,19:00,2990.0,0.0,3890.0,670.0,－－－－－－－－－－,10.0,0.0,0.0,60.0,0.0,0.0,-1640.0,2990.0,yonden
2017,10,2017-10-21,20:00,2860.0,0.0,3880.0,670.0,－－－－－－－－－－,10.0,0.0,0.0,60.0,0.0,0.0,-1760.0,2860.0,yonden
2017,10,2017-10-21,21:00,2720.0,0.0,3810.0,680.0,－－－－－－－－－－,10.0,0.0,0.0,80.0,0.0,0.0,-1860.0,2720.0,yonden
2017,10,2017-10-21,22:00,2540.0,0.0,3660.0,670.0,－－－－－－－－－－,10.0,0.0,0.0,80.0,0.0,0.0,-1880.0,2540.0,yonden
2017,10,2017-10-21,23:00,2440.0,0.0,3570.0,710.0,－－－－－－－－－－,10.0,0.0,0.0,70.0,0.0,0.0,-1920.0,2440.0,yonden
2017,10,2017-10-22,00:00,2350.0,0.0,3440.0,780.0,－－－－－－－－－－,10.0,0.0,0.0,80.0,0.0,0.0,-1960.0,2350.0,yonden
2017,10,2017-10-22,01:00,2360.0,0.0,3470.0,780.0,－－－－－－－－－－,10.0,0.0,0.0,80.0,0.0,0.0,-1980.0,2360.0,yonden
2017,10,2017-10-22,02:00,2550.0,0.0,3540.0,770.0,－－－－－－－－－－,10.0,0.0,0.0,80.0,0.0,0.0,-1850.0,2550.0,yonden
2017,10,2017-10-22,03:00,2770.0,0.0,3590.0,770.0,－－－－－－－－－－,10.0,0.0,0.0,100.0,0.0,0.0,-1700.0,2770.0,yonden
2017,10,2017-10-22,04:00,2830.0,0.0,3630.0,780.0,－－－－－－－－－－,10.0,0.0,0.0,100.0,0.0,0.0,-1690.0,2830.0,yonden
2017,10,2017-10-22,05:00,2700.0,0.0,3520.0,780.0,－－－－－－－－－－,10.0,0.0,0.0,100.0,0.0,0.0,-1710.0,2700.0,yonden
2017,10,2017-10-22,06:00,2440.0,0.0,3400.0,780.0,－－－－－－－－－－,10.0,20.0,0.0,90.0,0.0,0.0,-1860.0,2440.0,yonden
2017,10,2017-10-22,07:00,2410.0,0.0,3350.0,770.0,－－－－－－－－－－,10.0,30.0,0.0,70.0,0.0,0.0,-1820.0,2410.0,yonden
2017,10,2017-10-22,08:00,2600.0,0.0,3530.0,780.0,－－－－－－－－－－,10.0,60.0,0.0,70.0,0.0,0.0,-1850.0,2600.0,yonden
2017,10,2017-10-22,09:00,2780.0,0.0,3690.0,760.0,－－－－－－－－－－,10.0,90.0,0.0,60.0,0.0,0.0,-1830.0,2780.0,yonden
2017,10,2017-10-22,10:00,2880.0,0.0,3780.0,750.0,－－－－－－－－－－,10.0,110.0,0.0,50.0,0.0,0.0,-1820.0,2880.0,yonden
2017,10,2017-10-22,11:00,2930.0,0.0,3830.0,740.0,－－－－－－－－－－,10.0,120.0,0.0,50.0,0.0,0.0,-1820.0,2930.0,yonden
2017,10,2017-10-22,12:00,2920.0,0.0,3850.0,730.0,－－－－－－－－－－,10.0,120.0,0.0,40.0,0.0,0.0,-1830.0,2920.0,yonden
2017,10,2017-10-22,13:00,2870.0,0.0,3840.0,720.0,－－－－－－－－－－,10.0,110.0,0.0,30.0,0.0,0.0,-1840.0,2870.0,yonden
2017,10,2017-10-22,14:00,2840.0,0.0,3800.0,710.0,－－－－－－－－－－,10.0,80.0,0.0,10.0,0.0,0.0,-1770.0,2840.0,yonden
2017,10,2017-10-22,15:00,2810.0,0.0,3790.0,690.0,－－－－－－－－－－,10.0,60.0,0.0,10.0,0.0,0.0,-1750.0,2810.0,yonden
2017,10,2017-10-22,16:00,2860.0,0.0,3880.0,690.0,－－－－－－－－－－,10.0,30.0,0.0,10.0,0.0,0.0,-1760.0,2860.0,yonden
2017,10,2017-10-22,17:00,2960.0,0.0,3940.0,690.0,－－－－－－－－－－,10.0,0.0,0.0,10.0,0.0,0.0,-1690.0,2960.0,yonden
2017,10,2017-10-22,18:00,2990.0,0.0,3900.0,690.0,－－－－－－－－－－,10.0,0.0,0.0,10.0,0.0,0.0,-1620.0,2990.0,yonden
2017,10,2017-10-22,19:00,2910.0,0.0,3930.0,650.0,－－－－－－－－－－,10.0,0.0,0.0,20.0,0.0,0.0,-1700.0,2910.0,yonden
2017,10,2017-10-22,20:00,2810.0,0.0,3890.0,690.0,－－－－－－－－－－,10.0,0.0,0.0,10.0,0.0,0.0,-1790.0,2810.0,yonden
2017,10,2017-10-22,21:00,2650.0,0.0,3790.0,680.0,－－－－－－－－－－,10.0,0.0,0.0,10.0,0.0,0.0,-1840.0,2650.0,yonden
2017,10,2017-10-22,22:00,2460.0,0.0,3610.0,670.0,－－－－－－－－－－,10.0,0.0,0.0,20.0,0.0,0.0,-1850.0,2460.0,yonden
2017,10,2017-10-22,23:00,2380.0,0.0,3580.0,670.0,－－－－－－－－－－,10.0,0.0,0.0,30.0,0.0,0.0,-1910.0,2380.0,yonden
2017,10,2017-10-23,00:00,2310.0,0.0,3380.0,680.0,－－－－－－－－－－,10.0,0.0,0.0,30.0,0.0,0.0,-1790.0,2310.0,yonden
2017,10,2017-10-23,01:00,2330.0,0.0,3280.0,690.0,－－－－－－－－－－,10.0,0.0,0.0,40.0,0.0,0.0,-1690.0,2330.0,yonden
2017,10,2017-10-23,02:00,2520.0,0.0,3630.0,680.0,－－－－－－－－－－,10.0,0.0,0.0,40.0,0.0,0.0,-1840.0,2520.0,yonden
2017,10,2017-10-23,03:00,2770.0,0.0,3790.0,690.0,－－－－－－－－－－,10.0,0.0,0.0,40.0,0.0,0.0,-1760.0,2770.0,yonden
2017,10,2017-10-23,04:00,2860.0,0.0,3730.0,690.0,－－－－－－－－－－,10.0,0.0,0.0,40.0,0.0,0.0,-1610.0,2860.0,yonden
2017,10,2017-10-23,05:00,2810.0,0.0,3660.0,690.0,－－－－－－－－－－,10.0,0.0,0.0,40.0,0.0,0.0,-1590.0,2810.0,yonden
2017,10,2017-10-23,06:00,2740.0,0.0,3720.0,690.0,－－－－－－－－－－,10.0,40.0,0.0,50.0,0.0,0.0,-1770.0,2740.0,yonden
2017,10,2017-10-23,07:00,2760.0,0.0,3710.0,690.0,－－－－－－－－－－,10.0,250.0,0.0,60.0,0.0,0.0,-1960.0,2760.0,yonden
2017,10,2017-10-23,08:00,3030.0,0.0,3680.0,680.0,－－－－－－－－－－,10.0,470.0,0.0,60.0,0.0,0.0,-1870.0,3030.0,yonden
2017,10,2017-10-23,09:00,3170.0,0.0,3800.0,680.0,－－－－－－－－－－,10.0,510.0,0.0,80.0,0.0,0.0,-1910.0,3170.0,yonden
2017,10,2017-10-23,10:00,3150.0,0.0,3680.0,680.0,－－－－－－－－－－,10.0,710.0,0.0,110.0,0.0,0.0,-2040.0,3150.0,yonden
2017,10,2017-10-23,11:00,3190.0,0.0,3740.0,680.0,－－－－－－－－－－,10.0,870.0,0.0,110.0,0.0,0.0,-2220.0,3190.0,yonden
2017,10,2017-10-23,12:00,3020.0,0.0,3440.0,710.0,－－－－－－－－－－,10.0,1240.0,0.0,110.0,0.0,0.0,-2490.0,3020.0,yonden
2017,10,2017-10-23,13:00,3230.0,0.0,3410.0,720.0,－－－－－－－－－－,10.0,1210.0,0.0,110.0,0.0,0.0,-2230.0,3230.0,yonden
2017,10,2017-10-23,14:00,3280.0,0.0,3360.0,740.0,－－－－－－－－－－,10.0,1020.0,0.0,100.0,0.0,0.0,-1950.0,3280.0,yonden
2017,10,2017-10-23,15:00,3280.0,0.0,3510.0,760.0,－－－－－－－－－－,10.0,650.0,0.0,100.0,0.0,0.0,-1750.0,3280.0,yonden
2017,10,2017-10-23,16:00,3320.0,0.0,3840.0,770.0,－－－－－－－－－－,10.0,260.0,0.0,100.0,0.0,0.0,-1660.0,3320.0,yonden
2017,10,2017-10-23,17:00,3300.0,0.0,4070.0,790.0,－－－－－－－－－－,10.0,10.0,0.0,100.0,0.0,0.0,-1680.0,3300.0,yonden
2017,10,2017-10-23,18:00,3320.0,0.0,4130.0,790.0,－－－－－－－－－－,0.0,0.0,0.0,90.0,0.0,0.0,-1690.0,3320.0,yonden
2017,10,2017-10-23,19:00,3180.0,0.0,4030.0,800.0,－－－－－－－－－－,0.0,0.0,0.0,80.0,0.0,0.0,-1730.0,3180.0,yonden
2017,10,2017-10-23,20:00,3020.0,0.0,3780.0,800.0,－－－－－－－－－－,10.0,0.0,0.0,70.0,0.0,0.0,-1640.0,3020.0,yonden
2017,10,2017-10-23,21:00,2830.0,0.0,3750.0,800.0,－－－－－－－－－－,10.0,0.0,0.0,70.0,0.0,0.0,-1800.0,2830.0,yonden
2017,10,2017-10-23,22:00,2640.0,0.0,3640.0,800.0,－－－－－－－－－－,0.0,0.0,0.0,70.0,0.0,0.0,-1870.0,2640.0,yonden
2017,10,2017-10-23,23:00,2530.0,0.0,3600.0,800.0,－－－－－－－－－－,0.0,0.0,0.0,70.0,0.0,0.0,-1940.0,2530.0,yonden
2017,10,2017-10-24,00:00,2400.0,0.0,3580.0,740.0,－－－－－－－－－－,0.0,0.0,0.0,60.0,0.0,-300.0,-1680.0,2400.0,yonden
2017,10,2017-10-24,01:00,2420.0,0.0,3590.0,720.0,－－－－－－－－－－,0.0,0.0,0.0,70.0,0.0,-300.0,-1660.0,2420.0,yonden
2017,10,2017-10-24,02:00,2630.0,0.0,3630.0,790.0,－－－－－－－－－－,10.0,0.0,0.0,70.0,0.0,-250.0,-1620.0,2630.0,yonden
2017,10,2017-10-24,03:00,2900.0,0.0,3690.0,790.0,－－－－－－－－－－,10.0,0.0,0.0,60.0,0.0,0.0,-1650.0,2900.0,yonden
2017,10,2017-10-24,04:00,2990.0,0.0,3700.0,790.0,－－－－－－－－－－,10.0,0.0,0.0,60.0,0.0,0.0,-1570.0,2990.0,yonden
2017,10,2017-10-24,05:00,2920.0,0.0,3670.0,790.0,－－－－－－－－－－,10.0,0.0,0.0,60.0,0.0,0.0,-1610.0,2920.0,yonden
2017,10,2017-10-24,06:00,2840.0,0.0,3760.0,790.0,－－－－－－－－－－,10.0,30.0,0.0,50.0,0.0,0.0,-1800.0,2840.0,yonden
2017,10,2017-10-24,07:00,2870.0,0.0,3920.0,780.0,－－－－－－－－－－,10.0,150.0,0.0,40.0,0.0,0.0,-2030.0,2870.0,yonden
2017,10,2017-10-24,08:00,3080.0,0.0,4190.0,780.0,－－－－－－－－－－,0.0,260.0,0.0,40.0,0.0,0.0,-2190.0,3080.0,yonden
2017,10,2017-10-24,09:00,3230.0,0.0,4300.0,770.0,－－－－－－－－－－,0.0,500.0,0.0,30.0,0.0,0.0,-2370.0,3230.0,yonden
2017,10,2017-10-24,10:00,3240.0,0.0,4190.0,680.0,－－－－－－－－－－,0.0,740.0,0.0,30.0,0.0,0.0,-2400.0,3240.0,yonden
2017,10,2017-10-24,11:00,3220.0,0.0,4070.0,690.0,－－－－－－－－－－,0.0,850.0,0.0,30.0,0.0,0.0,-2420.0,3220.0,yonden
2017,10,2017-10-24,12:00,3000.0,0.0,4000.0,670.0,－－－－－－－－－－,0.0,750.0,0.0,20.0,0.0,0.0,-2440.0,3000.0,yonden
2017,10,2017-10-24,13:00,3230.0,0.0,4290.0,690.0,－－－－－－－－－－,0.0,700.0,0.0,20.0,0.0,0.0,-2470.0,3230.0,yonden
2017,10,2017-10-24,14:00,3280.0,0.0,4450.0,750.0,－－－－－－－－－－,0.0,560.0,0.0,20.0,0.0,0.0,-2500.0,3280.0,yonden
2017,10,2017-10-24,15:00,3280.0,0.0,4540.0,770.0,－－－－－－－－－－,0.0,360.0,0.0,20.0,0.0,0.0,-2410.0,3280.0,yonden
2017,10,2017-10-24,16:00,3330.0,0.0,4550.0,790.0,－－－－－－－－－－,10.0,150.0,0.0,20.0,0.0,130.0,-2320.0,3330.0,yonden
2017,10,2017-10-24,17:00,3370.0,0.0,4540.0,790.0,－－－－－－－－－－,10.0,10.0,0.0,20.0,0.0,140.0,-2140.0,3370.0,yonden
2017,10,2017-10-24,18:00,3410.0,0.0,4570.0,790.0,－－－－－－－－－－,10.0,0.0,0.0,20.0,0.0,70.0,-2050.0,3410.0,yonden
2017,10,2017-10-24,19:00,3260.0,0.0,4520.0,770.0,－－－－－－－－－－,10.0,0.0,0.0,10.0,0.0,0.0,-2050.0,3260.0,yonden
2017,10,2017-10-24,20:00,3120.0,0.0,4380.0,760.0,－－－－－－－－－－,10.0,0.0,0.0,10.0,0.0,0.0,-2040.0,3120.0,yonden
2017,10,2017-10-24,21:00,2910.0,0.0,3990.0,770.0,－－－－－－－－－－,10.0,0.0,0.0,20.0,0.0,0.0,-1880.0,2910.0,yonden
2017,10,2017-10-24,22:00,2710.0,0.0,3810.0,720.0,－－－－－－－－－－,10.0,0.0,0.0,30.0,0.0,0.0,-1860.0,2710.0,yonden
2017,10,2017-10-24,23:00,2640.0,0.0,3790.0,720.0,－－－－－－－－－－,0.0,0.0,0.0,40.0,0.0,0.0,-1910.0,2640.0,yonden
2017,10,2017-10-25,00:00,2540.0,0.0,3600.0,710.0,－－－－－－－－－－,10.0,0.0,0.0,60.0,0.0,0.0,-1840.0,2540.0,yonden
2017,10,2017-10-25,01:00,2550.0,0.0,3550.0,720.0,－－－－－－－－－－,10.0,0.0,0.0,60.0,0.0,0.0,-1790.0,2550.0,yonden
2017,10,2017-10-25,02:00,2750.0,0.0,3630.0,750.0,－－－－－－－－－－,10.0,0.0,0.0,60.0,0.0,0.0,-1700.0,2750.0,yonden
2017,10,2017-10-25,03:00,3020.0,0.0,3760.0,800.0,－－－－－－－－－－,10.0,0.0,0.0,70.0,0.0,0.0,-1620.0,3020.0,yonden
2017,10,2017-10-25,04:00,3070.0,0.0,3800.0,790.0,－－－－－－－－－－,10.0,0.0,0.0,80.0,0.0,0.0,-1610.0,3070.0,yonden
2017,10,2017-10-25,05:00,3000.0,0.0,3790.0,790.0,－－－－－－－－－－,10.0,0.0,0.0,80.0,0.0,0.0,-1670.0,3000.0,yonden
2017,10,2017-10-25,06:00,2920.0,0.0,3840.0,740.0,－－－－－－－－－－,10.0,60.0,0.0,70.0,0.0,0.0,-1800.0,2920.0,yonden
2017,10,2017-10-25,07:00,2900.0,0.0,3840.0,710.0,－－－－－－－－－－,10.0,340.0,0.0,60.0,0.0,0.0,-2060.0,2900.0,yonden
2017,10,2017-10-25,08:00,3110.0,0.0,3990.0,730.0,－－－－－－－－－－,10.0,710.0,0.0,60.0,0.0,0.0,-2390.0,3110.0,yonden
2017,10,2017-10-25,09:00,3260.0,0.0,3830.0,770.0,－－－－－－－－－－,10.0,1060.0,0.0,60.0,0.0,0.0,-2470.0,3260.0,yonden
2017,10,2017-10-25,10:00,3300.0,0.0,3650.0,750.0,－－－－－－－－－－,10.0,1300.0,0.0,50.0,0.0,0.0,-2460.0,3300.0,yonden
2017,10,2017-10-25,11:00,3290.0,0.0,3650.0,720.0,－－－－－－－－－－,10.0,1350.0,0.0,50.0,0.0,0.0,-2490.0,3290.0,yonden
2017,10,2017-10-25,12:00,3100.0,0.0,3820.0,660.0,－－－－－－－－－－,10.0,1240.0,0.0,40.0,0.0,-240.0,-2430.0,3100.0,yonden
2017,10,2017-10-25,13:00,3290.0,0.0,4000.0,720.0,－－－－－－－－－－,10.0,1000.0,0.0,50.0,0.0,0.0,-2490.0,3290.0,yonden
2017,10,2017-10-25,14:00,3330.0,0.0,4180.0,730.0,－－－－－－－－－－,10.0,830.0,0.0,50.0,0.0,0.0,-2470.0,3330.0,yonden
2017,10,2017-10-25,15:00,3340.0,0.0,4330.0,780.0,－－－－－－－－－－,10.0,630.0,0.0,50.0,0.0,0.0,-2460.0,3340.0,yonden
2017,10,2017-10-25,16:00,3410.0,0.0,4660.0,790.0,－－－－－－－－－－,10.0,300.0,0.0,40.0,0.0,0.0,-2390.0,3410.0,yonden
2017,10,2017-10-25,17:00,3340.0,0.0,4640.0,800.0,－－－－－－－－－－,10.0,10.0,0.0,40.0,0.0,0.0,-2160.0,3340.0,yonden
2017,10,2017-10-25,18:00,3370.0,0.0,4640.0,800.0,－－－－－－－－－－,10.0,0.0,0.0,30.0,0.0,0.0,-2110.0,3370.0,yonden
2017,10,2017-10-25,19:00,3230.0,0.0,4600.0,800.0,－－－－－－－－－－,10.0,0.0,0.0,20.0,0.0,0.0,-2200.0,3230.0,yonden
2017,10,2017-10-25,20:00,3090.0,0.0,4440.0,800.0,－－－－－－－－－－,10.0,0.0,0.0,30.0,0.0,0.0,-2190.0,3090.0,yonden
2017,10,2017-10-25,21:00,2900.0,0.0,4070.0,780.0,－－－－－－－－－－,10.0,0.0,0.0,30.0,0.0,0.0,-1990.0,2900.0,yonden
2017,10,2017-10-25,22:00,2720.0,0.0,3820.0,790.0,－－－－－－－－－－,10.0,0.0,0.0,50.0,0.0,0.0,-1950.0,2720.0,yonden
2017,10,2017-10-25,23:00,2610.0,0.0,3710.0,730.0,－－－－－－－－－－,10.0,0.0,0.0,50.0,0.0,0.0,-1890.0,2610.0,yonden
2017,10,2017-10-26,00:00,2490.0,0.0,3530.0,670.0,－－－－－－－－－－,10.0,0.0,0.0,50.0,0.0,0.0,-1770.0,2490.0,yonden
2017,10,2017-10-26,01:00,2500.0,0.0,3480.0,670.0,－－－－－－－－－－,10.0,0.0,0.0,50.0,0.0,0.0,-1710.0,2500.0,yonden
2017,10,2017-10-26,02:00,2730.0,0.0,3630.0,730.0,－－－－－－－－－－,10.0,0.0,0.0,40.0,0.0,0.0,-1680.0,2730.0,yonden
2017,10,2017-10-26,03:00,2980.0,0.0,3800.0,750.0,－－－－－－－－－－,10.0,0.0,0.0,40.0,0.0,0.0,-1620.0,2980.0,yonden
2017,10,2017-10-26,04:00,3070.0,0.0,3800.0,790.0,－－－－－－－－－－,10.0,0.0,0.0,50.0,0.0,0.0,-1580.0,3070.0,yonden
2017,10,2017-10-26,05:00,3010.0,0.0,3820.0,780.0,－－－－－－－－－－,10.0,0.0,0.0,50.0,0.0,0.0,-1650.0,3010.0,yonden
2017,10,2017-10-26,06:00,2920.0,0.0,3890.0,680.0,－－－－－－－－－－,10.0,60.0,0.0,40.0,0.0,0.0,-1760.0,2920.0,yonden
2017,10,2017-10-26,07:00,2900.0,0.0,3860.0,700.0,－－－－－－－－－－,10.0,350.0,0.0,30.0,0.0,0.0,-2050.0,2900.0,yonden
2017,10,2017-10-26,08:00,3070.0,0.0,3870.0,760.0,－－－－－－－－－－,0.0,710.0,0.0,20.0,0.0,0.0,-2290.0,3070.0,yonden
2017,10,2017-10-26,09:00,3200.0,0.0,3760.0,750.0,－－－－－－－－－－,0.0,1060.0,0.0,10.0,0.0,0.0,-2380.0,3200.0,yonden
2017,10,2017-10-26,10:00,3230.0,0.0,3580.0,660.0,－－－－－－－－－－,0.0,1330.0,0.0,0.0,0.0,0.0,-2340.0,3230.0,yonden
2017,10,2017-10-26,11:00,3270.0,0.0,3530.0,660.0,－－－－－－－－－－,0.0,1440.0,0.0,0.0,0.0,-30.0,-2330.0,3270.0,yonden
2017,10,2017-10-26,12:00,3110.0,0.0,3660.0,680.0,－－－－－－－－－－,0.0,1430.0,0.0,0.0,0.0,-300.0,-2360.0,3110.0,yonden
2017,10,2017-10-26,13:00,3310.0,0.0,3750.0,670.0,－－－－－－－－－－,0.0,1310.0,0.0,0.0,0.0,-30.0,-2390.0,3310.0,yonden
2017,10,2017-10-26,14:00,3330.0,0.0,3950.0,670.0,－－－－－－－－－－,0.0,1080.0,0.0,0.0,0.0,0.0,-2370.0,3330.0,yonden
2017,10,2017-10-26,15:00,3360.0,0.0,4370.0,700.0,－－－－－－－－－－,0.0,720.0,0.0,10.0,0.0,0.0,-2440.0,3360.0,yonden
2017,10,2017-10-26,16:00,3410.0,0.0,4660.0,780.0,－－－－－－－－－－,0.0,310.0,0.0,0.0,0.0,0.0,-2340.0,3410.0,yonden
2017,10,2017-10-26,17:00,3330.0,0.0,4670.0,800.0,－－－－－－－－－－,0.0,10.0,0.0,0.0,0.0,0.0,-2150.0,3330.0,yonden
2017,10,2017-10-26,18:00,3350.0,0.0,4640.0,800.0,－－－－－－－－－－,0.0,0.0,0.0,10.0,0.0,0.0,-2100.0,3350.0,yonden
2017,10,2017-10-26,19:00,3180.0,0.0,4390.0,790.0,－－－－－－－－－－,0.0,0.0,0.0,10.0,0.0,0.0,-2010.0,3180.0,yonden
2017,10,2017-10-26,20:00,3030.0,0.0,4240.0,730.0,－－－－－－－－－－,0.0,0.0,0.0,10.0,0.0,0.0,-1950.0,3030.0,yonden
2017,10,2017-10-26,21:00,2860.0,0.0,3930.0,680.0,－－－－－－－－－－,0.0,0.0,0.0,10.0,0.0,0.0,-1760.0,2860.0,yonden
2017,10,2017-10-26,22:00,2670.0,0.0,3730.0,660.0,－－－－－－－－－－,0.0,0.0,0.0,0.0,0.0,0.0,-1720.0,2670.0,yonden
2017,10,2017-10-26,23:00,2550.0,0.0,3640.0,670.0,－－－－－－－－－－,0.0,0.0,0.0,0.0,0.0,0.0,-1760.0,2550.0,yonden
2017,10,2017-10-27,00:00,2450.0,0.0,3490.0,640.0,－－－－－－－－－－,0.0,0.0,0.0,0.0,0.0,0.0,-1680.0,2450.0,yonden
2017,10,2017-10-27,01:00,2470.0,0.0,3400.0,650.0,－－－－－－－－－－,0.0,0.0,0.0,0.0,0.0,0.0,-1580.0,2470.0,yonden
2017,10,2017-10-27,02:00,2690.0,0.0,3520.0,700.0,－－－－－－－－－－,0.0,0.0,0.0,0.0,0.0,0.0,-1530.0,2690.0,yonden
2017,10,2017-10-27,03:00,2940.0,0.0,3710.0,750.0,－－－－－－－－－－,0.0,0.0,0.0,0.0,0.0,0.0,-1520.0,2940.0,yonden
2017,10,2017-10-27,04:00,3020.0,0.0,3770.0,790.0,－－－－－－－－－－,0.0,0.0,0.0,0.0,0.0,0.0,-1540.0,3020.0,yonden
2017,10,2017-10-27,05:00,2950.0,0.0,3670.0,780.0,－－－－－－－－－－,0.0,0.0,0.0,0.0,0.0,0.0,-1500.0,2950.0,yonden
2017,10,2017-10-27,06:00,2870.0,0.0,3790.0,730.0,－－－－－－－－－－,0.0,50.0,0.0,0.0,0.0,0.0,-1700.0,2870.0,yonden
2017,10,2017-10-27,07:00,2850.0,0.0,3760.0,700.0,－－－－－－－－－－,0.0,330.0,0.0,0.0,0.0,0.0,-1940.0,2850.0,yonden
2017,10,2017-10-27,08:00,3050.0,0.0,3810.0,750.0,－－－－－－－－－－,0.0,690.0,0.0,0.0,0.0,0.0,-2200.0,3050.0,yonden
2017,10,2017-10-27,09:00,3210.0,0.0,3830.0,740.0,－－－－－－－－－－,0.0,1040.0,0.0,0.0,0.0,0.0,-2400.0,3210.0,yonden
2017,10,2017-10-27,10:00,3250.0,0.0,3720.0,680.0,－－－－－－－－－－,0.0,1280.0,0.0,0.0,0.0,0.0,-2430.0,3250.0,yonden
2017,10,2017-10-27,11:00,3270.0,0.0,3660.0,670.0,－－－－－－－－－－,0.0,1360.0,0.0,0.0,0.0,0.0,-2420.0,3270.0,yonden
2017,10,2017-10-27,12:00,3130.0,0.0,3570.0,610.0,－－－－－－－－－－,0.0,1370.0,0.0,10.0,0.0,0.0,-2430.0,3130.0,yonden
2017,10,2017-10-27,13:00,3360.0,0.0,3980.0,640.0,－－－－－－－－－－,0.0,1210.0,0.0,0.0,0.0,0.0,-2470.0,3360.0,yonden
2017,10,2017-10-27,14:00,3400.0,0.0,4180.0,710.0,－－－－－－－－－－,0.0,950.0,0.0,10.0,0.0,0.0,-2450.0,3400.0,yonden
2017,10,2017-10-27,15:00,3380.0,0.0,4350.0,730.0,－－－－－－－－－－,0.0,580.0,0.0,10.0,0.0,80.0,-2370.0,3380.0,yonden
2017,10,2017-10-27,16:00,3350.0,0.0,4400.0,760.0,－－－－－－－－－－,0.0,200.0,0.0,10.0,0.0,260.0,-2280.0,3350.0,yonden
2017,10,2017-10-27,17:00,3330.0,0.0,4490.0,780.0,－－－－－－－－－－,0.0,0.0,0.0,10.0,0.0,180.0,-2130.0,3330.0,yonden
2017,10,2017-10-27,18:00,3310.0,0.0,4590.0,800.0,－－－－－－－－－－,0.0,0.0,0.0,10.0,0.0,20.0,-2110.0,3310.0,yonden
2017,10,2017-10-27,19:00,3140.0,0.0,4120.0,800.0,－－－－－－－－－－,0.0,0.0,0.0,20.0,0.0,220.0,-2020.0,3140.0,yonden
2017,10,2017-10-27,20:00,2990.0,0.0,4010.0,780.0,－－－－－－－－－－,0.0,0.0,0.0,30.0,0.0,20.0,-1850.0,2990.0,yonden
2017,10,2017-10-27,21:00,2820.0,0.0,3780.0,710.0,－－－－－－－－－－,0.0,0.0,0.0,30.0,0.0,0.0,-1700.0,2820.0,yonden
2017,10,2017-10-27,22:00,2640.0,0.0,3580.0,660.0,－－－－－－－－－－,0.0,0.0,0.0,40.0,0.0,0.0,-1640.0,2640.0,yonden
2017,10,2017-10-27,23:00,2540.0,0.0,3530.0,680.0,－－－－－－－－－－,0.0,0.0,0.0,30.0,0.0,0.0,-1700.0,2540.0,yonden
2017,10,2017-10-28,00:00,2420.0,0.0,3300.0,630.0,－－－－－－－－－－,0.0,0.0,0.0,20.0,0.0,0.0,-1530.0,2420.0,yonden
2017,10,2017-10-28,01:00,2430.0,0.0,3250.0,610.0,－－－－－－－－－－,0.0,0.0,0.0,30.0,0.0,0.0,-1460.0,2430.0,yonden
2017,10,2017-10-28,02:00,2620.0,0.0,3370.0,680.0,－－－－－－－－－－,10.0,0.0,0.0,40.0,0.0,0.0,-1480.0,2620.0,yonden
2017,10,2017-10-28,03:00,2840.0,0.0,3530.0,740.0,－－－－－－－－－－,10.0,0.0,0.0,40.0,0.0,0.0,-1480.0,2840.0,yonden
2017,10,2017-10-28,04:00,2900.0,0.0,3600.0,740.0,－－－－－－－－－－,10.0,0.0,0.0,40.0,0.0,0.0,-1490.0,2900.0,yonden
2017,10,2017-10-28,05:00,2770.0,0.0,3490.0,680.0,－－－－－－－－－－,10.0,0.0,0.0,30.0,0.0,0.0,-1440.0,2770.0,yonden
2017,10,2017-10-28,06:00,2580.0,0.0,3360.0,670.0,－－－－－－－－－－,10.0,20.0,0.0,30.0,0.0,0.0,-1510.0,2580.0,yonden
2017,10,2017-10-28,07:00,2590.0,0.0,3350.0,690.0,－－－－－－－－－－,10.0,70.0,0.0,40.0,0.0,0.0,-1570.0,2590.0,yonden
2017,10,2017-10-28,08:00,2880.0,0.0,3600.0,770.0,－－－－－－－－－－,10.0,70.0,0.0,40.0,0.0,0.0,-1610.0,2880.0,yonden
2017,10,2017-10-28,09:00,3020.0,0.0,3710.0,760.0,－－－－－－－－－－,10.0,90.0,0.0,20.0,0.0,0.0,-1570.0,3020.0,yonden
2017,10,2017-10-28,10:00,3020.0,0.0,3700.0,720.0,－－－－－－－－－－,10.0,130.0,0.0,20.0,0.0,0.0,-1560.0,3020.0,yonden
2017,10,2017-10-28,11:00,2980.0,0.0,3700.0,700.0,－－－－－－－－－－,10.0,150.0,0.0,30.0,0.0,0.0,-1610.0,2980.0,yonden
2017,10,2017-10-28,12:00,2950.0,0.0,3800.0,680.0,－－－－－－－－－－,10.0,140.0,0.0,30.0,0.0,0.0,-1710.0,2950.0,yonden
2017,10,2017-10-28,13:00,3010.0,0.0,3770.0,690.0,－－－－－－－－－－,10.0,120.0,0.0,30.0,0.0,0.0,-1610.0,3010.0,yonden
2017,10,2017-10-28,14:00,2970.0,0.0,3730.0,700.0,－－－－－－－－－－,10.0,100.0,0.0,40.0,0.0,0.0,-1610.0,2970.0,yonden
2017,10,2017-10-28,15:00,2970.0,0.0,3900.0,720.0,－－－－－－－－－－,10.0,50.0,0.0,40.0,0.0,0.0,-1750.0,2970.0,yonden
2017,10,2017-10-28,16:00,3030.0,0.0,3930.0,720.0,－－－－－－－－－－,10.0,30.0,0.0,30.0,0.0,0.0,-1690.0,3030.0,yonden
2017,10,2017-10-28,17:00,3080.0,0.0,3830.0,720.0,－－－－－－－－－－,10.0,0.0,0.0,50.0,0.0,0.0,-1530.0,3080.0,yonden
2017,10,2017-10-28,18:00,3050.0,0.0,3770.0,750.0,－－－－－－－－－－,10.0,0.0,0.0,70.0,0.0,0.0,-1550.0,3050.0,yonden
2017,10,2017-10-28,19:00,2930.0,0.0,3720.0,770.0,－－－－－－－－－－,10.0,0.0,0.0,80.0,0.0,0.0,-1650.0,2930.0,yonden
2017,10,2017-10-28,20:00,2820.0,0.0,3730.0,760.0,－－－－－－－－－－,0.0,0.0,0.0,70.0,0.0,0.0,-1740.0,2820.0,yonden
2017,10,2017-10-28,21:00,2660.0,0.0,3720.0,710.0,－－－－－－－－－－,0.0,0.0,0.0,70.0,0.0,0.0,-1840.0,2660.0,yonden
2017,10,2017-10-28,22:00,2490.0,0.0,3310.0,690.0,－－－－－－－－－－,0.0,0.0,0.0,70.0,0.0,0.0,-1580.0,2490.0,yonden
2017,10,2017-10-28,23:00,2390.0,0.0,3220.0,670.0,－－－－－－－－－－,10.0,0.0,0.0,60.0,0.0,0.0,-1570.0,2390.0,yonden
2017,10,2017-10-29,00:00,2300.0,0.0,3330.0,680.0,－－－－－－－－－－,0.0,0.0,0.0,60.0,0.0,0.0,-1770.0,2300.0,yonden
2017,10,2017-10-29,01:00,2340.0,0.0,3450.0,720.0,－－－－－－－－－－,0.0,0.0,0.0,60.0,0.0,0.0,-1890.0,2340.0,yonden
2017,10,2017-10-29,02:00,2510.0,0.0,3430.0,760.0,－－－－－－－－－－,10.0,0.0,0.0,60.0,0.0,0.0,-1750.0,2510.0,yonden
2017,10,2017-10-29,03:00,2740.0,0.0,3440.0,790.0,－－－－－－－－－－,0.0,0.0,0.0,50.0,0.0,0.0,-1540.0,2740.0,yonden
2017,10,2017-10-29,04:00,2810.0,0.0,3460.0,790.0,－－－－－－－－－－,10.0,0.0,0.0,40.0,0.0,0.0,-1490.0,2810.0,yonden
2017,10,2017-10-29,05:00,2670.0,0.0,3420.0,750.0,－－－－－－－－－－,0.0,0.0,0.0,50.0,0.0,0.0,-1550.0,2670.0,yonden
2017,10,2017-10-29,06:00,2420.0,0.0,3370.0,680.0,－－－－－－－－－－,10.0,20.0,0.0,30.0,0.0,0.0,-1690.0,2420.0,yonden
2017,10,2017-10-29,07:00,2410.0,0.0,3430.0,720.0,－－－－－－－－－－,10.0,60.0,0.0,30.0,0.0,0.0,-1840.0,2410.0,yonden
2017,10,2017-10-29,08:00,2600.0,0.0,3520.0,750.0,－－－－－－－－－－,10.0,80.0,0.0,50.0,0.0,0.0,-1810.0,2600.0,yonden
2017,10,2017-10-29,09:00,2750.0,0.0,3660.0,720.0,－－－－－－－－－－,0.0,120.0,0.0,50.0,0.0,0.0,-1800.0,2750.0,yonden
2017,10,2017-10-29,10:00,2790.0,0.0,3710.0,700.0,－－－－－－－－－－,0.0,140.0,0.0,30.0,0.0,0.0,-1790.0,2790.0,yonden
2017,10,2017-10-29,11:00,2810.0,0.0,3710.0,690.0,－－－－－－－－－－,0.0,130.0,0.0,30.0,0.0,0.0,-1750.0,2810.0,yonden
2017,10,2017-10-29,12:00,2760.0,0.0,3670.0,680.0,－－－－－－－－－－,10.0,140.0,0.0,20.0,0.0,0.0,-1760.0,2760.0,yonden
2017,10,2017-10-29,13:00,2580.0,0.0,3460.0,670.0,－－－－－－－－－－,10.0,180.0,0.0,40.0,0.0,0.0,-1780.0,2580.0,yonden
2017,10,2017-10-29,14:00,2600.0,0.0,3440.0,670.0,－－－－－－－－－－,10.0,160.0,0.0,60.0,0.0,0.0,-1740.0,2600.0,yonden
2017,10,2017-10-29,15:00,2630.0,0.0,3470.0,670.0,－－－－－－－－－－,0.0,160.0,0.0,80.0,0.0,0.0,-1750.0,2630.0,yonden
2017,10,2017-10-29,16:00,2700.0,0.0,3520.0,670.0,－－－－－－－－－－,10.0,80.0,0.0,90.0,0.0,0.0,-1670.0,2700.0,yonden
2017,10,2017-10-29,17:00,2870.0,0.0,3640.0,700.0,－－－－－－－－－－,10.0,0.0,0.0,100.0,0.0,0.0,-1580.0,2870.0,yonden
2017,10,2017-10-29,18:00,2930.0,0.0,3660.0,720.0,－－－－－－－－－－,10.0,0.0,0.0,90.0,0.0,0.0,-1550.0,2930.0,yonden
2017,10,2017-10-29,19:00,2850.0,0.0,3640.0,700.0,－－－－－－－－－－,10.0,0.0,0.0,100.0,0.0,0.0,-1600.0,2850.0,yonden
2017,10,2017-10-29,20:00,2750.0,0.0,3620.0,690.0,－－－－－－－－－－,10.0,0.0,0.0,100.0,0.0,0.0,-1670.0,2750.0,yonden
2017,10,2017-10-29,21:00,2590.0,0.0,3540.0,680.0,－－－－－－－－－－,10.0,0.0,0.0,90.0,0.0,0.0,-1730.0,2590.0,yonden
2017,10,2017-10-29,22:00,2410.0,0.0,3450.0,670.0,－－－－－－－－－－,0.0,0.0,0.0,80.0,0.0,0.0,-1790.0,2410.0,yonden
2017,10,2017-10-29,23:00,2310.0,0.0,3310.0,680.0,－－－－－－－－－－,10.0,0.0,0.0,90.0,0.0,0.0,-1780.0,2310.0,yonden
2017,10,2017-10-30,00:00,2210.0,0.0,3130.0,650.0,－－－－－－－－－－,10.0,0.0,0.0,90.0,0.0,0.0,-1670.0,2210.0,yonden
2017,10,2017-10-30,01:00,2280.0,0.0,3140.0,680.0,－－－－－－－－－－,0.0,0.0,0.0,100.0,0.0,0.0,-1640.0,2280.0,yonden
2017,10,2017-10-30,02:00,2540.0,0.0,3440.0,700.0,－－－－－－－－－－,0.0,0.0,0.0,100.0,0.0,0.0,-1700.0,2540.0,yonden
2017,10,2017-10-30,03:00,2800.0,0.0,3650.0,760.0,－－－－－－－－－－,0.0,0.0,0.0,100.0,0.0,0.0,-1710.0,2800.0,yonden
2017,10,2017-10-30,04:00,2880.0,0.0,3550.0,690.0,－－－－－－－－－－,10.0,0.0,0.0,100.0,0.0,0.0,-1470.0,2880.0,yonden
2017,10,2017-10-30,05:00,2820.0,0.0,3570.0,690.0,－－－－－－－－－－,0.0,0.0,0.0,100.0,0.0,0.0,-1540.0,2820.0,yonden
2017,10,2017-10-30,06:00,2770.0,0.0,3750.0,700.0,－－－－－－－－－－,10.0,30.0,0.0,90.0,0.0,0.0,-1810.0,2770.0,yonden
2017,10,2017-10-30,07:00,2790.0,0.0,3920.0,680.0,－－－－－－－－－－,0.0,170.0,0.0,90.0,0.0,0.0,-2070.0,2790.0,yonden
2017,10,2017-10-30,08:00,3030.0,0.0,4120.0,720.0,－－－－－－－－－－,0.0,330.0,0.0,90.0,0.0,0.0,-2230.0,3030.0,yonden
2017,10,2017-10-30,09:00,3150.0,0.0,4070.0,720.0,－－－－－－－－－－,0.0,660.0,0.0,90.0,0.0,0.0,-2390.0,3150.0,yonden
2017,10,2017-10-30,10:00,3150.0,0.0,4130.0,730.0,－－－－－－－－－－,0.0,680.0,0.0,100.0,0.0,0.0,-2490.0,3150.0,yonden
2017,10,2017-10-30,11:00,3170.0,0.0,4130.0,690.0,－－－－－－－－－－,0.0,750.0,0.0,100.0,0.0,0.0,-2500.0,3170.0,yonden
2017,10,2017-10-30,12:00,3000.0,0.0,3960.0,650.0,－－－－－－－－－－,0.0,830.0,0.0,110.0,0.0,0.0,-2550.0,3000.0,yonden
2017,10,2017-10-30,13:00,3220.0,0.0,3980.0,690.0,－－－－－－－－－－,0.0,960.0,0.0,100.0,0.0,0.0,-2510.0,3220.0,yonden
2017,10,2017-10-30,14:00,3260.0,0.0,4050.0,710.0,－－－－－－－－－－,0.0,840.0,0.0,110.0,0.0,0.0,-2450.0,3260.0,yonden
2017,10,2017-10-30,15:00,3270.0,0.0,4020.0,710.0,－－－－－－－－－－,10.0,570.0,0.0,110.0,0.0,0.0,-2150.0,3270.0,yonden
2017,10,2017-10-30,16:00,3340.0,0.0,4080.0,780.0,－－－－－－－－－－,10.0,220.0,0.0,100.0,0.0,0.0,-1850.0,3340.0,yonden
2017,10,2017-10-30,17:00,3340.0,0.0,4260.0,810.0,－－－－－－－－－－,10.0,0.0,0.0,90.0,0.0,0.0,-1830.0,3340.0,yonden
2017,10,2017-10-30,18:00,3380.0,0.0,4250.0,810.0,－－－－－－－－－－,10.0,0.0,0.0,80.0,0.0,0.0,-1770.0,3380.0,yonden
2017,10,2017-10-30,19:00,3230.0,0.0,4150.0,750.0,－－－－－－－－－－,10.0,0.0,0.0,80.0,0.0,0.0,-1760.0,3230.0,yonden
2017,10,2017-10-30,20:00,3100.0,0.0,4200.0,690.0,－－－－－－－－－－,10.0,0.0,0.0,70.0,0.0,0.0,-1870.0,3100.0,yonden
2017,10,2017-10-30,21:00,2920.0,0.0,3960.0,680.0,－－－－－－－－－－,10.0,0.0,0.0,60.0,0.0,0.0,-1790.0,2920.0,yonden
2017,10,2017-10-30,22:00,2700.0,0.0,3750.0,680.0,－－－－－－－－－－,10.0,0.0,0.0,50.0,0.0,0.0,-1790.0,2700.0,yonden
2017,10,2017-10-30,23:00,2570.0,0.0,3570.0,690.0,－－－－－－－－－－,10.0,0.0,0.0,40.0,0.0,0.0,-1740.0,2570.0,yonden
2017,10,2017-10-31,00:00,2460.0,0.0,3390.0,690.0,－－－－－－－－－－,10.0,0.0,0.0,50.0,0.0,0.0,-1680.0,2460.0,yonden
2017,10,2017-10-31,01:00,2510.0,0.0,3330.0,690.0,－－－－－－－－－－,10.0,0.0,0.0,50.0,0.0,0.0,-1570.0,2510.0,yonden
2017,10,2017-10-31,02:00,2720.0,0.0,3460.0,700.0,－－－－－－－－－－,10.0,0.0,0.0,50.0,0.0,0.0,-1500.0,2720.0,yonden
2017,10,2017-10-31,03:00,2980.0,0.0,3590.0,790.0,－－－－－－－－－－,10.0,0.0,0.0,50.0,0.0,0.0,-1460.0,2980.0,yonden
2017,10,2017-10-31,04:00,3080.0,0.0,3640.0,790.0,－－－－－－－－－－,10.0,0.0,0.0,60.0,0.0,0.0,-1420.0,3080.0,yonden
2017,10,2017-10-31,05:00,3040.0,0.0,3600.0,780.0,－－－－－－－－－－,10.0,0.0,0.0,60.0,0.0,0.0,-1410.0,3040.0,yonden
2017,10,2017-10-31,06:00,3000.0,0.0,3670.0,720.0,－－－－－－－－－－,0.0,40.0,0.0,60.0,0.0,0.0,-1490.0,3000.0,yonden
2017,10,2017-10-31,07:00,2960.0,0.0,3610.0,690.0,－－－－－－－－－－,10.0,330.0,0.0,40.0,0.0,0.0,-1720.0,2960.0,yonden
2017,10,2017-10-31,08:00,3110.0,0.0,3670.0,710.0,－－－－－－－－－－,10.0,700.0,0.0,20.0,0.0,0.0,-2000.0,3110.0,yonden
2017,10,2017-10-31,09:00,3240.0,0.0,3630.0,750.0,－－－－－－－－－－,10.0,1060.0,0.0,20.0,0.0,0.0,-2230.0,3240.0,yonden
2017,10,2017-10-31,10:00,3240.0,0.0,3580.0,760.0,－－－－－－－－－－,10.0,1310.0,0.0,10.0,0.0,0.0,-2430.0,3240.0,yonden
2017,10,2017-10-31,11:00,3230.0,0.0,3500.0,720.0,－－－－－－－－－－,10.0,1420.0,0.0,10.0,0.0,0.0,-2430.0,3230.0,yonden
2017,10,2017-10-31,12:00,3060.0,0.0,3410.0,660.0,－－－－－－－－－－,10.0,1420.0,0.0,10.0,0.0,0.0,-2450.0,3060.0,yonden
2017,10,2017-10-31,13:00,3270.0,0.0,3630.0,700.0,－－－－－－－－－－,10.0,1310.0,0.0,20.0,0.0,0.0,-2400.0,3270.0,yonden
2017,10,2017-10-31,14:00,3280.0,0.0,3690.0,690.0,－－－－－－－－－－,10.0,1060.0,0.0,20.0,0.0,0.0,-2190.0,3280.0,yonden
2017,10,2017-10-31,15:00,3300.0,0.0,3840.0,710.0,－－－－－－－－－－,10.0,700.0,0.0,20.0,0.0,0.0,-1980.0,3300.0,yonden
2017,10,2017-10-31,16:00,3360.0,0.0,4090.0,770.0,－－－－－－－－－－,10.0,280.0,0.0,20.0,0.0,0.0,-1810.0,3360.0,yonden
2017,10,2017-10-31,17:00,3360.0,0.0,4370.0,810.0,－－－－－－－－－－,10.0,0.0,0.0,10.0,0.0,0.0,-1840.0,3360.0,yonden
2017,10,2017-10-31,18:00,3400.0,0.0,4290.0,810.0,－－－－－－－－－－,10.0,0.0,0.0,10.0,0.0,0.0,-1720.0,3400.0,yonden
2017,10,2017-10-31,19:00,3270.0,0.0,4270.0,750.0,－－－－－－－－－－,10.0,0.0,0.0,0.0,0.0,0.0,-1760.0,3270.0,yonden
2017,10,2017-10-31,20:00,3130.0,0.0,4120.0,700.0,－－－－－－－－－－,10.0,0.0,0.0,0.0,0.0,0.0,-1700.0,3130.0,yonden
2017,10,2017-10-31,21:00,2950.0,0.0,3890.0,690.0,－－－－－－－－－－,10.0,0.0,0.0,0.0,0.0,0.0,-1640.0,2950.0,yonden
2017,10,2017-10-31,22:00,2750.0,0.0,3720.0,680.0,－－－－－－－－－－,10.0,0.0,0.0,0.0,0.0,0.0,-1660.0,2750.0,yonden
2017,10,2017-10-31,23:00,2630.0,0.0,3640.0,680.0,－－－－－－－－－－,10.0,0.0,0.0,0.0,0.0,0.0,-1700.0,2630.0,yonden
2017,11,2017-11-01,00:00,2510.0,0.0,3580.0,640.0,－－－－－－－－－－,10.0,0.0,0.0,0.0,0.0,0.0,-1720.0,2510.0,yonden
2017,11,2017-11-01,01:00,2570.0,0.0,3550.0,640.0,－－－－－－－－－－,10.0,0.0,0.0,0.0,0.0,0.0,-1630.0,2570.0,yonden
2017,11,2017-11-01,02:00,2800.0,0.0,3800.0,710.0,－－－－－－－－－－,10.0,0.0,0.0,0.0,0.0,0.0,-1720.0,2800.0,yonden
2017,11,2017-11-01,03:00,3050.0,0.0,3880.0,770.0,－－－－－－－－－－,10.0,0.0,0.0,0.0,0.0,0.0,-1610.0,3050.0,yonden
2017,11,2017-11-01,04:00,3130.0,0.0,3830.0,780.0,－－－－－－－－－－,10.0,0.0,0.0,10.0,0.0,0.0,-1500.0,3130.0,yonden
2017,11,2017-11-01,05:00,3070.0,0.0,3840.0,780.0,－－－－－－－－－－,10.0,0.0,0.0,10.0,0.0,0.0,-1570.0,3070.0,yonden
2017,11,2017-11-01,06:00,3030.0,0.0,3900.0,730.0,－－－－－－－－－－,10.0,40.0,0.0,0.0,0.0,0.0,-1650.0,3030.0,yonden
2017,11,2017-11-01,07:00,3010.0,0.0,3830.0,740.0,－－－－－－－－－－,10.0,330.0,0.0,0.0,0.0,0.0,-1900.0,3010.0,yonden
2017,11,2017-11-01,08:00,3110.0,0.0,3750.0,730.0,－－－－－－－－－－,10.0,690.0,0.0,0.0,0.0,0.0,-2070.0,3110.0,yonden
2017,11,2017-11-01,09:00,3220.0,0.0,3730.0,720.0,－－－－－－－－－－,10.0,1050.0,0.0,0.0,0.0,0.0,-2290.0,3220.0,yonden
2017,11,2017-11-01,10:00,3200.0,0.0,3630.0,690.0,－－－－－－－－－－,10.0,1270.0,0.0,0.0,0.0,0.0,-2400.0,3200.0,yonden
2017,11,2017-11-01,11:00,3200.0,0.0,3660.0,710.0,－－－－－－－－－－,10.0,1360.0,0.0,0.0,0.0,-150.0,-2390.0,3200.0,yonden
2017,11,2017-11-01,12:00,3030.0,0.0,3520.0,670.0,－－－－－－－－－－,10.0,1370.0,0.0,0.0,0.0,-300.0,-2240.0,3030.0,yonden
2017,11,2017-11-01,13:00,3260.0,0.0,3680.0,710.0,－－－－－－－－－－,10.0,1270.0,0.0,0.0,0.0,-50.0,-2360.0,3260.0,yonden
2017,11,2017-11-01,14:00,3330.0,0.0,3870.0,740.0,－－－－－－－－－－,10.0,1030.0,0.0,0.0,0.0,0.0,-2320.0,3330.0,yonden
2017,11,2017-11-01,15:00,3350.0,0.0,4160.0,740.0,－－－－－－－－－－,10.0,670.0,0.0,0.0,0.0,80.0,-2310.0,3350.0,yonden
2017,11,2017-11-01,16:00,3400.0,0.0,4290.0,770.0,－－－－－－－－－－,10.0,260.0,0.0,0.0,0.0,190.0,-2120.0,3400.0,yonden
2017,11,2017-11-01,17:00,3370.0,0.0,4350.0,800.0,－－－－－－－－－－,10.0,0.0,0.0,0.0,0.0,300.0,-2090.0,3370.0,yonden
2017,11,2017-11-01,18:00,3390.0,0.0,4340.0,780.0,－－－－－－－－－－,10.0,0.0,0.0,0.0,0.0,290.0,-2030.0,3390.0,yonden
2017,11,2017-11-01,19:00,3270.0,0.0,4300.0,750.0,－－－－－－－－－－,10.0,0.0,0.0,0.0,0.0,200.0,-1990.0,3270.0,yonden
2017,11,2017-11-01,20:00,3130.0,0.0,4250.0,760.0,－－－－－－－－－－,10.0,0.0,0.0,0.0,0.0,140.0,-2030.0,3130.0,yonden
2017,11,2017-11-01,21:00,2940.0,0.0,4160.0,700.0,－－－－－－－－－－,10.0,0.0,0.0,0.0,0.0,0.0,-1930.0,2940.0,yonden
2017,11,2017-11-01,22:00,2730.0,0.0,3890.0,660.0,－－－－－－－－－－,10.0,0.0,0.0,0.0,0.0,0.0,-1830.0,2730.0,yonden
2017,11,2017-11-01,23:00,2610.0,0.0,3690.0,640.0,－－－－－－－－－－,10.0,0.0,0.0,0.0,0.0,0.0,-1730.0,2610.0,yonden
2017,11,2017-11-02,00:00,2480.0,0.0,3520.0,630.0,－－－－－－－－－－,10.0,0.0,0.0,0.0,0.0,0.0,-1680.0,2480.0,yonden
2017,11,2017-11-02,01:00,2550.0,0.0,3540.0,670.0,－－－－－－－－－－,10.0,0.0,0.0,0.0,0.0,0.0,-1670.0,2550.0,yonden
2017,11,2017-11-02,02:00,2780.0,0.0,3690.0,750.0,－－－－－－－－－－,10.0,0.0,0.0,0.0,0.0,0.0,-1670.0,2780.0,yonden
2017,11,2017-11-02,03:00,3030.0,0.0,3790.0,790.0,－－－－－－－－－－,10.0,0.0,0.0,0.0,0.0,0.0,-1560.0,3030.0,yonden
2017,11,2017-11-02,04:00,3130.0,0.0,3810.0,790.0,－－－－－－－－－－,10.0,0.0,0.0,0.0,0.0,0.0,-1480.0,3130.0,yonden
2017,11,2017-11-02,05:00,3030.0,0.0,3710.0,780.0,－－－－－－－－－－,10.0,0.0,0.0,10.0,0.0,0.0,-1480.0,3030.0,yonden
2017,11,2017-11-02,06:00,2930.0,0.0,3690.0,750.0,－－－－－－－－－－,10.0,30.0,0.0,10.0,0.0,0.0,-1560.0,2930.0,yonden
2017,11,2017-11-02,07:00,2930.0,0.0,3640.0,730.0,－－－－－－－－－－,10.0,270.0,0.0,10.0,0.0,0.0,-1730.0,2930.0,yonden
2017,11,2017-11-02,08:00,3110.0,0.0,3730.0,750.0,－－－－－－－－－－,10.0,580.0,0.0,10.0,0.0,0.0,-1970.0,3110.0,yonden
2017,11,2017-11-02,09:00,3220.0,0.0,3760.0,740.0,－－－－－－－－－－,10.0,970.0,0.0,0.0,0.0,0.0,-2260.0,3220.0,yonden
2017,11,2017-11-02,10:00,3230.0,0.0,3680.0,730.0,－－－－－－－－－－,10.0,1220.0,0.0,0.0,0.0,0.0,-2410.0,3230.0,yonden
2017,11,2017-11-02,11:00,3250.0,0.0,3660.0,660.0,－－－－－－－－－－,10.0,1320.0,0.0,0.0,0.0,0.0,-2400.0,3250.0,yonden
2017,11,2017-11-02,12:00,3120.0,0.0,3600.0,630.0,－－－－－－－－－－,10.0,1300.0,0.0,0.0,0.0,0.0,-2420.0,3120.0,yonden
2017,11,2017-11-02,13:00,3330.0,0.0,3900.0,630.0,－－－－－－－－－－,10.0,1080.0,0.0,0.0,0.0,0.0,-2290.0,3330.0,yonden
2017,11,2017-11-02,14:00,3330.0,0.0,4070.0,650.0,－－－－－－－－－－,10.0,780.0,0.0,0.0,0.0,0.0,-2180.0,3330.0,yonden
2017,11,2017-11-02,15:00,3350.0,0.0,4240.0,670.0,－－－－－－－－－－,10.0,470.0,0.0,10.0,0.0,0.0,-2050.0,3350.0,yonden
2017,11,2017-11-02,16:00,3340.0,0.0,4230.0,760.0,－－－－－－－－－－,10.0,150.0,0.0,10.0,0.0,90.0,-1910.0,3340.0,yonden
2017,11,2017-11-02,17:00,3350.0,0.0,4230.0,780.0,－－－－－－－－－－,10.0,0.0,0.0,0.0,0.0,140.0,-1810.0,3350.0,yonden
2017,11,2017-11-02,18:00,3320.0,0.0,4160.0,760.0,－－－－－－－－－－,10.0,0.0,0.0,0.0,0.0,140.0,-1750.0,3320.0,yonden
2017,11,2017-11-02,19:00,3150.0,0.0,4110.0,780.0,－－－－－－－－－－,10.0,0.0,0.0,0.0,0.0,140.0,-1890.0,3150.0,yonden
2017,11,2017-11-02,20:00,3020.0,0.0,4150.0,710.0,－－－－－－－－－－,10.0,0.0,0.0,0.0,0.0,140.0,-1990.0,3020.0,yonden
2017,11,2017-11-02,21:00,2830.0,0.0,4120.0,660.0,－－－－－－－－－－,10.0,0.0,0.0,0.0,0.0,0.0,-1960.0,2830.0,yonden
2017,11,2017-11-02,22:00,2620.0,0.0,3880.0,600.0,－－－－－－－－－－,10.0,0.0,0.0,0.0,0.0,0.0,-1870.0,2620.0,yonden
2017,11,2017-11-02,23:00,2520.0,0.0,3630.0,580.0,－－－－－－－－－－,10.0,0.0,0.0,10.0,0.0,0.0,-1710.0,2520.0,yonden
2017,11,2017-11-03,00:00,2400.0,0.0,3260.0,550.0,－－－－－－－－－－,10.0,0.0,0.0,10.0,0.0,0.0,-1430.0,2400.0,yonden
2017,11,2017-11-03,01:00,2430.0,0.0,3150.0,570.0,－－－－－－－－－－,10.0,0.0,0.0,10.0,0.0,0.0,-1310.0,2430.0,yonden
2017,11,2017-11-03,02:00,2640.0,0.0,3180.0,700.0,－－－－－－－－－－,10.0,0.0,0.0,10.0,0.0,0.0,-1260.0,2640.0,yonden
2017,11,2017-11-03,03:00,2880.0,0.0,3230.0,710.0,－－－－－－－－－－,10.0,0.0,0.0,10.0,0.0,0.0,-1080.0,2880.0,yonden
2017,11,2017-11-03,04:00,2940.0,0.0,3220.0,750.0,－－－－－－－－－－,10.0,0.0,0.0,10.0,0.0,0.0,-1050.0,2940.0,yonden
2017,11,2017-11-03,05:00,2820.0,0.0,3170.0,660.0,－－－－－－－－－－,10.0,0.0,0.0,20.0,0.0,0.0,-1040.0,2820.0,yonden
2017,11,2017-11-03,06:00,2620.0,0.0,3080.0,590.0,－－－－－－－－－－,10.0,30.0,0.0,20.0,0.0,0.0,-1110.0,2620.0,yonden
2017,11,2017-11-03,07:00,2600.0,0.0,2910.0,550.0,－－－－－－－－－－,10.0,280.0,0.0,10.0,0.0,0.0,-1160.0,2600.0,yonden
2017,11,2017-11-03,08:00,2710.0,0.0,2750.0,550.0,－－－－－－－－－－,10.0,610.0,0.0,10.0,0.0,0.0,-1220.0,2710.0,yonden
2017,11,2017-11-03,09:00,2780.0,0.0,2640.0,550.0,－－－－－－－－－－,10.0,910.0,0.0,10.0,0.0,0.0,-1340.0,2780.0,yonden
2017,11,2017-11-03,10:00,2800.0,0.0,2680.0,580.0,－－－－－－－－－－,10.0,1100.0,0.0,0.0,0.0,0.0,-1570.0,2800.0,yonden
2017,11,2017-11-03,11:00,2830.0,0.0,2690.0,570.0,－－－－－－－－－－,10.0,1140.0,0.0,0.0,0.0,0.0,-1580.0,2830.0,yonden
2017,11,2017-11-03,12:00,2780.0,0.0,2830.0,570.0,－－－－－－－－－－,10.0,970.0,0.0,0.0,0.0,0.0,-1600.0,2780.0,yonden
2017,11,2017-11-03,13:00,2820.0,0.0,2870.0,550.0,－－－－－－－－－－,10.0,920.0,0.0,0.0,0.0,0.0,-1530.0,2820.0,yonden
2017,11,2017-11-03,14:00,2870.0,0.0,3020.0,600.0,－－－－－－－－－－,10.0,720.0,0.0,0.0,0.0,0.0,-1480.0,2870.0,yonden
2017,11,2017-11-03,15:00,2870.0,0.0,3180.0,650.0,－－－－－－－－－－,10.0,440.0,0.0,0.0,0.0,0.0,-1410.0,2870.0,yonden
2017,11,2017-11-03,16:00,2920.0,0.0,3310.0,730.0,－－－－－－－－－－,10.0,150.0,0.0,0.0,0.0,0.0,-1280.0,2920.0,yonden
2017,11,2017-11-03,17:00,3010.0,0.0,3420.0,750.0,－－－－－－－－－－,10.0,0.0,0.0,0.0,0.0,0.0,-1170.0,3010.0,yonden
2017,11,2017-11-03,18:00,3010.0,0.0,3430.0,750.0,－－－－－－－－－－,10.0,0.0,0.0,0.0,0.0,0.0,-1180.0,3010.0,yonden
2017,11,2017-11-03,19:00,2930.0,0.0,3500.0,720.0,－－－－－－－－－－,10.0,0.0,0.0,10.0,0.0,0.0,-1310.0,2930.0,yonden
2017,11,2017-11-03,20:00,2820.0,0.0,3420.0,670.0,－－－－－－－－－－,10.0,0.0,0.0,10.0,0.0,0.0,-1290.0,2820.0,yonden
2017,11,2017-11-03,21:00,2670.0,0.0,3340.0,650.0,－－－－－－－－－－,10.0,0.0,0.0,20.0,0.0,0.0,-1350.0,2670.0,yonden
2017,11,2017-11-03,22:00,2480.0,0.0,3290.0,510.0,－－－－－－－－－－,10.0,0.0,0.0,30.0,0.0,0.0,-1360.0,2480.0,yonden
2017,11,2017-11-03,23:00,2380.0,0.0,3260.0,470.0,－－－－－－－－－－,10.0,0.0,0.0,30.0,0.0,0.0,-1390.0,2380.0,yonden
2017,11,2017-11-04,00:00,2280.0,0.0,3200.0,480.0,－－－－－－－－－－,10.0,0.0,0.0,40.0,0.0,0.0,-1450.0,2280.0,yonden
2017,11,2017-11-04,01:00,2330.0,0.0,3210.0,500.0,－－－－－－－－－－,10.0,0.0,0.0,50.0,0.0,0.0,-1440.0,2330.0,yonden
2017,11,2017-11-04,02:00,2530.0,0.0,3240.0,540.0,－－－－－－－－－－,10.0,0.0,0.0,40.0,0.0,0.0,-1300.0,2530.0,yonden
2017,11,2017-11-04,03:00,2760.0,0.0,3240.0,660.0,－－－－－－－－－－,10.0,0.0,0.0,40.0,0.0,0.0,-1190.0,2760.0,yonden
2017,11,2017-11-04,04:00,2840.0,0.0,3190.0,680.0,－－－－－－－－－－,10.0,0.0,0.0,60.0,0.0,0.0,-1100.0,2840.0,yonden
2017,11,2017-11-04,05:00,2720.0,0.0,3180.0,620.0,－－－－－－－－－－,10.0,0.0,0.0,90.0,0.0,0.0,-1180.0,2720.0,yonden
2017,11,2017-11-04,06:00,2510.0,0.0,3050.0,580.0,－－－－－－－－－－,0.0,30.0,0.0,90.0,0.0,0.0,-1240.0,2510.0,yonden
2017,11,2017-11-04,07:00,2500.0,0.0,3020.0,490.0,－－－－－－－－－－,0.0,180.0,0.0,90.0,0.0,0.0,-1280.0,2500.0,yonden
2017,11,2017-11-04,08:00,2700.0,0.0,3230.0,530.0,－－－－－－－－－－,0.0,300.0,0.0,100.0,0.0,0.0,-1460.0,2700.0,yonden
2017,11,2017-11-04,09:00,2800.0,0.0,3330.0,530.0,－－－－－－－－－－,0.0,430.0,0.0,110.0,0.0,0.0,-1600.0,2800.0,yonden
2017,11,2017-11-04,10:00,2760.0,0.0,3030.0,490.0,－－－－－－－－－－,0.0,830.0,0.0,110.0,0.0,0.0,-1700.0,2760.0,yonden
2017,11,2017-11-04,11:00,2750.0,0.0,2640.0,480.0,－－－－－－－－－－,10.0,1240.0,0.0,110.0,0.0,0.0,-1730.0,2750.0,yonden
2017,11,2017-11-04,12:00,2690.0,0.0,2690.0,540.0,－－－－－－－－－－,10.0,1080.0,0.0,100.0,0.0,0.0,-1730.0,2690.0,yonden
2017,11,2017-11-04,13:00,2730.0,0.0,2950.0,530.0,－－－－－－－－－－,10.0,550.0,0.0,110.0,0.0,120.0,-1540.0,2730.0,yonden
2017,11,2017-11-04,14:00,2710.0,0.0,3000.0,490.0,－－－－－－－－－－,10.0,390.0,0.0,120.0,0.0,70.0,-1370.0,2710.0,yonden
2017,11,2017-11-04,15:00,2760.0,0.0,3090.0,490.0,－－－－－－－－－－,10.0,290.0,0.0,110.0,0.0,0.0,-1230.0,2760.0,yonden
2017,11,2017-11-04,16:00,2830.0,0.0,3160.0,580.0,－－－－－－－－－－,10.0,100.0,0.0,100.0,0.0,0.0,-1120.0,2830.0,yonden
2017,11,2017-11-04,17:00,2970.0,0.0,3190.0,690.0,－－－－－－－－－－,10.0,0.0,0.0,100.0,0.0,0.0,-1020.0,2970.0,yonden
2017,11,2017-11-04,18:00,3000.0,0.0,3180.0,740.0,－－－－－－－－－－,10.0,0.0,0.0,100.0,0.0,0.0,-1030.0,3000.0,yonden
2017,11,2017-11-04,19:00,2910.0,0.0,3240.0,660.0,－－－－－－－－－－,10.0,0.0,0.0,90.0,0.0,0.0,-1090.0,2910.0,yonden
2017,11,2017-11-04,20:00,2800.0,0.0,3260.0,600.0,－－－－－－－－－－,10.0,0.0,0.0,80.0,0.0,0.0,-1150.0,2800.0,yonden
2017,11,2017-11-04,21:00,2660.0,0.0,3230.0,530.0,－－－－－－－－－－,10.0,0.0,0.0,80.0,0.0,0.0,-1190.0,2660.0,yonden
2017,11,2017-11-04,22:00,2510.0,0.0,3230.0,480.0,－－－－－－－－－－,10.0,0.0,0.0,90.0,0.0,0.0,-1300.0,2510.0,yonden
2017,11,2017-11-04,23:00,2440.0,0.0,3280.0,460.0,－－－－－－－－－－,10.0,0.0,0.0,80.0,0.0,0.0,-1390.0,2440.0,yonden
2017,11,2017-11-05,00:00,2350.0,0.0,3550.0,470.0,－－－－－－－－－－,10.0,0.0,0.0,80.0,0.0,0.0,-1760.0,2350.0,yonden
2017,11,2017-11-05,01:00,2390.0,0.0,3630.0,490.0,－－－－－－－－－－,10.0,0.0,0.0,80.0,0.0,0.0,-1820.0,2390.0,yonden
2017,11,2017-11-05,02:00,2630.0,0.0,3720.0,520.0,－－－－－－－－－－,10.0,0.0,0.0,70.0,0.0,0.0,-1690.0,2630.0,yonden
2017,11,2017-11-05,03:00,2880.0,0.0,3720.0,610.0,－－－－－－－－－－,10.0,0.0,0.0,80.0,0.0,0.0,-1540.0,2880.0,yonden
2017,11,2017-11-05,04:00,2930.0,0.0,3730.0,630.0,－－－－－－－－－－,10.0,0.0,0.0,70.0,0.0,0.0,-1510.0,2930.0,yonden
2017,11,2017-11-05,05:00,2770.0,0.0,3760.0,530.0,－－－－－－－－－－,10.0,0.0,0.0,60.0,0.0,0.0,-1590.0,2770.0,yonden
2017,11,2017-11-05,06:00,2560.0,0.0,3610.0,500.0,－－－－－－－－－－,10.0,30.0,0.0,60.0,0.0,0.0,-1650.0,2560.0,yonden
2017,11,2017-11-05,07:00,2460.0,0.0,3420.0,470.0,－－－－－－－－－－,10.0,250.0,0.0,60.0,0.0,0.0,-1750.0,2460.0,yonden
2017,11,2017-11-05,08:00,2460.0,0.0,3290.0,500.0,－－－－－－－－－－,10.0,580.0,0.0,60.0,0.0,-200.0,-1780.0,2460.0,yonden
2017,11,2017-11-05,09:00,2460.0,0.0,3100.0,460.0,－－－－－－－－－－,10.0,960.0,0.0,50.0,0.0,-300.0,-1820.0,2460.0,yonden
2017,11,2017-11-05,10:00,2460.0,0.0,2940.0,420.0,－－－－－－－－－－,10.0,1240.0,0.0,50.0,0.0,-300.0,-1900.0,2460.0,yonden
2017,11,2017-11-05,11:00,2470.0,0.0,2900.0,420.0,－－－－－－－－－－,10.0,1360.0,0.0,50.0,0.0,-300.0,-1970.0,2470.0,yonden
2017,11,2017-11-05,12:00,2480.0,0.0,2990.0,380.0,－－－－－－－－－－,10.0,1370.0,0.0,50.0,0.0,-300.0,-2020.0,2480.0,yonden
2017,11,2017-11-05,13:00,2470.0,0.0,2920.0,420.0,－－－－－－－－－－,10.0,1250.0,0.0,50.0,0.0,-300.0,-1880.0,2470.0,yonden
2017,11,2017-11-05,14:00,2470.0,0.0,3030.0,500.0,－－－－－－－－－－,10.0,990.0,0.0,40.0,0.0,-300.0,-1800.0,2470.0,yonden
2017,11,2017-11-05,15:00,2540.0,0.0,3140.0,550.0,－－－－－－－－－－,10.0,630.0,0.0,40.0,0.0,-190.0,-1640.0,2540.0,yonden
2017,11,2017-11-05,16:00,2620.0,0.0,3440.0,580.0,－－－－－－－－－－,10.0,230.0,0.0,30.0,0.0,0.0,-1670.0,2620.0,yonden
2017,11,2017-11-05,17:00,2790.0,0.0,3720.0,720.0,－－－－－－－－－－,10.0,0.0,0.0,20.0,0.0,0.0,-1680.0,2790.0,yonden
2017,11,2017-11-05,18:00,2920.0,0.0,3820.0,710.0,－－－－－－－－－－,10.0,0.0,0.0,10.0,0.0,0.0,-1630.0,2920.0,yonden
2017,11,2017-11-05,19:00,2880.0,0.0,3850.0,680.0,－－－－－－－－－－,10.0,0.0,0.0,10.0,0.0,0.0,-1670.0,2880.0,yonden
2017,11,2017-11-05,20:00,2810.0,0.0,3850.0,600.0,－－－－－－－－－－,10.0,0.0,0.0,10.0,0.0,0.0,-1660.0,2810.0,yonden
2017,11,2017-11-05,21:00,2660.0,0.0,3840.0,510.0,－－－－－－－－－－,10.0,0.0,0.0,10.0,0.0,0.0,-1710.0,2660.0,yonden
2017,11,2017-11-05,22:00,2470.0,0.0,3790.0,440.0,－－－－－－－－－－,10.0,0.0,0.0,10.0,0.0,0.0,-1780.0,2470.0,yonden
2017,11,2017-11-05,23:00,2370.0,0.0,3620.0,440.0,－－－－－－－－－－,10.0,0.0,0.0,10.0,0.0,0.0,-1710.0,2370.0,yonden
2017,11,2017-11-06,00:00,2290.0,0.0,3420.0,430.0,－－－－－－－－－－,10.0,0.0,0.0,10.0,0.0,0.0,-1580.0,2290.0,yonden
2017,11,2017-11-06,01:00,2390.0,0.0,3510.0,420.0,－－－－－－－－－－,10.0,0.0,0.0,10.0,0.0,0.0,-1560.0,2390.0,yonden
2017,11,2017-11-06,02:00,2650.0,0.0,3610.0,500.0,－－－－－－－－－－,10.0,0.0,0.0,10.0,0.0,0.0,-1480.0,2650.0,yonden
2017,11,2017-11-06,03:00,2920.0,0.0,3850.0,570.0,－－－－－－－－－－,10.0,0.0,0.0,10.0,0.0,0.0,-1520.0,2920.0,yonden
2017,11,2017-11-06,04:00,2990.0,0.0,4000.0,610.0,－－－－－－－－－－,10.0,0.0,0.0,10.0,0.0,0.0,-1640.0,2990.0,yonden
2017,11,2017-11-06,05:00,2960.0,0.0,4140.0,610.0,－－－－－－－－－－,10.0,0.0,0.0,0.0,0.0,0.0,-1800.0,2960.0,yonden
2017,11,2017-11-06,06:00,2970.0,0.0,4090.0,600.0,－－－－－－－－－－,10.0,30.0,0.0,0.0,0.0,0.0,-1760.0,2970.0,yonden
2017,11,2017-11-06,07:00,2960.0,0.0,3940.0,450.0,－－－－－－－－－－,10.0,290.0,0.0,0.0,0.0,0.0,-1730.0,2960.0,yonden
2017,11,2017-11-06,08:00,3110.0,0.0,3910.0,420.0,－－－－－－－－－－,10.0,620.0,0.0,0.0,0.0,0.0,-1850.0,3110.0,yonden
2017,11,2017-11-06,09:00,3200.0,0.0,3860.0,430.0,－－－－－－－－－－,10.0,980.0,0.0,0.0,0.0,0.0,-2080.0,3200.0,yonden
2017,11,2017-11-06,10:00,3180.0,0.0,3780.0,380.0,－－－－－－－－－－,10.0,1210.0,0.0,0.0,0.0,0.0,-2200.0,3180.0,yonden
2017,11,2017-11-06,11:00,3180.0,0.0,3800.0,320.0,－－－－－－－－－－,10.0,1290.0,0.0,0.0,0.0,0.0,-2240.0,3180.0,yonden
2017,11,2017-11-06,12:00,3030.0,0.0,3690.0,320.0,－－－－－－－－－－,10.0,1300.0,0.0,0.0,0.0,0.0,-2290.0,3030.0,yonden
2017,11,2017-11-06,13:00,3240.0,0.0,3850.0,340.0,－－－－－－－－－－,10.0,1190.0,0.0,0.0,0.0,0.0,-2150.0,3240.0,yonden
2017,11,2017-11-06,14:00,3290.0,0.0,4070.0,380.0,－－－－－－－－－－,10.0,950.0,0.0,0.0,0.0,0.0,-2120.0,3290.0,yonden
2017,11,2017-11-06,15:00,3310.0,0.0,4110.0,510.0,－－－－－－－－－－,10.0,580.0,0.0,0.0,0.0,0.0,-1900.0,3310.0,yonden
2017,11,2017-11-06,16:00,3340.0,0.0,4150.0,590.0,－－－－－－－－－－,10.0,210.0,0.0,0.0,0.0,0.0,-1620.0,3340.0,yonden
2017,11,2017-11-06,17:00,3360.0,0.0,4330.0,660.0,－－－－－－－－－－,10.0,0.0,0.0,0.0,0.0,0.0,-1640.0,3360.0,yonden
2017,11,2017-11-06,18:00,3360.0,0.0,4280.0,700.0,－－－－－－－－－－,10.0,0.0,0.0,0.0,0.0,0.0,-1630.0,3360.0,yonden
2017,11,2017-11-06,19:00,3220.0,0.0,4220.0,690.0,－－－－－－－－－－,10.0,0.0,0.0,0.0,0.0,0.0,-1700.0,3220.0,yonden
2017,11,2017-11-06,20:00,3070.0,0.0,4220.0,620.0,－－－－－－－－－－,10.0,0.0,0.0,0.0,0.0,0.0,-1780.0,3070.0,yonden
2017,11,2017-11-06,21:00,2890.0,0.0,4170.0,480.0,－－－－－－－－－－,10.0,0.0,0.0,0.0,0.0,0.0,-1770.0,2890.0,yonden
2017,11,2017-11-06,22:00,2710.0,0.0,3980.0,370.0,－－－－－－－－－－,10.0,0.0,0.0,10.0,0.0,0.0,-1660.0,2710.0,yonden
2017,11,2017-11-06,23:00,2600.0,0.0,3980.0,300.0,－－－－－－－－－－,10.0,0.0,0.0,10.0,0.0,0.0,-1700.0,2600.0,yonden
2017,11,2017-11-07,00:00,2500.0,0.0,3970.0,260.0,－－－－－－－－－－,10.0,0.0,0.0,10.0,0.0,0.0,-1750.0,2500.0,yonden
2017,11,2017-11-07,01:00,2550.0,0.0,4030.0,270.0,－－－－－－－－－－,10.0,0.0,0.0,0.0,0.0,0.0,-1760.0,2550.0,yonden
2017,11,2017-11-07,02:00,2770.0,0.0,4020.0,350.0,－－－－－－－－－－,10.0,0.0,0.0,0.0,0.0,0.0,-1610.0,2770.0,yonden
2017,11,2017-11-07,03:00,3010.0,0.0,4020.0,470.0,－－－－－－－－－－,10.0,0.0,0.0,0.0,0.0,0.0,-1490.0,3010.0,yonden
2017,11,2017-11-07,04:00,3090.0,0.0,4030.0,520.0,－－－－－－－－－－,10.0,0.0,0.0,0.0,0.0,0.0,-1470.0,3090.0,yonden
2017,11,2017-11-07,05:00,3000.0,0.0,3960.0,480.0,－－－－－－－－－－,10.0,0.0,0.0,0.0,0.0,0.0,-1450.0,3000.0,yonden
2017,11,2017-11-07,06:00,2920.0,0.0,3910.0,470.0,－－－－－－－－－－,10.0,20.0,0.0,0.0,0.0,0.0,-1490.0,2920.0,yonden
2017,11,2017-11-07,07:00,2940.0,0.0,3980.0,420.0,－－－－－－－－－－,10.0,260.0,0.0,0.0,0.0,0.0,-1730.0,2940.0,yonden
2017,11,2017-11-07,08:00,3110.0,0.0,4010.0,370.0,－－－－－－－－－－,10.0,580.0,0.0,0.0,0.0,0.0,-1860.0,3110.0,yonden
2017,11,2017-11-07,09:00,3220.0,0.0,3980.0,380.0,－－－－－－－－－－,10.0,910.0,0.0,0.0,0.0,0.0,-2060.0,3220.0,yonden
2017,11,2017-11-07,10:00,3250.0,0.0,3970.0,380.0,－－－－－－－－－－,10.0,1110.0,0.0,0.0,0.0,0.0,-2220.0,3250.0,yonden
2017,11,2017-11-07,11:00,3280.0,0.0,4050.0,320.0,－－－－－－－－－－,10.0,1080.0,0.0,0.0,0.0,0.0,-2180.0,3280.0,yonden
2017,11,2017-11-07,12:00,3110.0,0.0,3850.0,290.0,－－－－－－－－－－,10.0,1040.0,0.0,0.0,0.0,0.0,-2080.0,3110.0,yonden
2017,11,2017-11-07,13:00,3250.0,0.0,4060.0,310.0,－－－－－－－－－－,10.0,720.0,0.0,0.0,0.0,0.0,-1850.0,3250.0,yonden
2017,11,2017-11-07,14:00,3230.0,0.0,4160.0,350.0,－－－－－－－－－－,10.0,430.0,0.0,0.0,0.0,0.0,-1720.0,3230.0,yonden
2017,11,2017-11-07,15:00,3300.0,0.0,4300.0,440.0,－－－－－－－－－－,10.0,240.0,0.0,0.0,0.0,0.0,-1690.0,3300.0,yonden
2017,11,2017-11-07,16:00,3360.0,0.0,4410.0,490.0,－－－－－－－－－－,10.0,60.0,0.0,0.0,0.0,0.0,-1610.0,3360.0,yonden
2017,11,2017-11-07,17:00,3430.0,0.0,4480.0,540.0,－－－－－－－－－－,10.0,0.0,0.0,0.0,0.0,0.0,-1600.0,3430.0,yonden
2017,11,2017-11-07,18:00,3390.0,0.0,4420.0,620.0,－－－－－－－－－－,10.0,0.0,0.0,0.0,0.0,0.0,-1660.0,3390.0,yonden
2017,11,2017-11-07,19:00,3230.0,0.0,4390.0,610.0,－－－－－－－－－－,10.0,0.0,0.0,0.0,0.0,0.0,-1780.0,3230.0,yonden
2017,11,2017-11-07,20:00,3080.0,0.0,4350.0,540.0,－－－－－－－－－－,10.0,0.0,0.0,10.0,0.0,0.0,-1830.0,3080.0,yonden
2017,11,2017-11-07,21:00,2870.0,0.0,4130.0,450.0,－－－－－－－－－－,10.0,0.0,0.0,30.0,0.0,0.0,-1750.0,2870.0,yonden
2017,11,2017-11-07,22:00,2640.0,0.0,3860.0,350.0,－－－－－－－－－－,10.0,0.0,0.0,30.0,0.0,0.0,-1610.0,2640.0,yonden
2017,11,2017-11-07,23:00,2510.0,0.0,3810.0,300.0,－－－－－－－－－－,10.0,0.0,0.0,30.0,0.0,0.0,-1640.0,2510.0,yonden
2017,11,2017-11-08,00:00,2410.0,0.0,3840.0,280.0,－－－－－－－－－－,10.0,0.0,0.0,10.0,0.0,0.0,-1730.0,2410.0,yonden
2017,11,2017-11-08,01:00,2460.0,0.0,3820.0,280.0,－－－－－－－－－－,10.0,0.0,0.0,0.0,0.0,0.0,-1650.0,2460.0,yonden
2017,11,2017-11-08,02:00,2680.0,0.0,3850.0,350.0,－－－－－－－－－－,10.0,0.0,0.0,0.0,0.0,0.0,-1530.0,2680.0,yonden
2017,11,2017-11-08,03:00,2910.0,0.0,3870.0,490.0,－－－－－－－－－－,10.0,0.0,0.0,0.0,0.0,0.0,-1460.0,2910.0,yonden
2017,11,2017-11-08,04:00,2990.0,0.0,3910.0,540.0,－－－－－－－－－－,10.0,0.0,0.0,0.0,0.0,0.0,-1470.0,2990.0,yonden
2017,11,2017-11-08,05:00,2890.0,0.0,3850.0,480.0,－－－－－－－－－－,10.0,0.0,0.0,0.0,0.0,0.0,-1450.0,2890.0,yonden
2017,11,2017-11-08,06:00,2800.0,0.0,3790.0,420.0,－－－－－－－－－－,10.0,10.0,0.0,0.0,0.0,0.0,-1430.0,2800.0,yonden
2017,11,2017-11-08,07:00,2900.0,0.0,4000.0,360.0,－－－－－－－－－－,10.0,50.0,0.0,10.0,0.0,0.0,-1530.0,2900.0,yonden
2017,11,2017-11-08,08:00,3250.0,0.0,4350.0,450.0,－－－－－－－－－－,10.0,70.0,0.0,10.0,0.0,0.0,-1640.0,3250.0,yonden
2017,11,2017-11-08,09:00,3410.0,0.0,4510.0,480.0,－－－－－－－－－－,10.0,120.0,0.0,10.0,0.0,0.0,-1720.0,3410.0,yonden
2017,11,2017-11-08,10:00,3380.0,0.0,4530.0,430.0,－－－－－－－－－－,10.0,180.0,0.0,0.0,0.0,0.0,-1770.0,3380.0,yonden
2017,11,2017-11-08,11:00,3330.0,0.0,4550.0,380.0,－－－－－－－－－－,10.0,210.0,0.0,0.0,0.0,0.0,-1820.0,3330.0,yonden
2017,11,2017-11-08,12:00,3120.0,0.0,4590.0,340.0,－－－－－－－－－－,10.0,210.0,0.0,0.0,0.0,0.0,-2030.0,3120.0,yonden
2017,11,2017-11-08,13:00,3330.0,0.0,4650.0,340.0,－－－－－－－－－－,10.0,160.0,0.0,0.0,0.0,0.0,-1830.0,3330.0,yonden
2017,11,2017-11-08,14:00,3330.0,0.0,4560.0,370.0,－－－－－－－－－－,10.0,100.0,0.0,0.0,0.0,0.0,-1710.0,3330.0,yonden
2017,11,2017-11-08,15:00,3330.0,0.0,4460.0,420.0,－－－－－－－－－－,10.0,60.0,0.0,0.0,0.0,0.0,-1620.0,3330.0,yonden
2017,11,2017-11-08,16:00,3400.0,0.0,4440.0,480.0,－－－－－－－－－－,10.0,30.0,0.0,0.0,0.0,0.0,-1560.0,3400.0,yonden
2017,11,2017-11-08,17:00,3450.0,0.0,4410.0,600.0,－－－－－－－－－－,10.0,0.0,0.0,0.0,0.0,0.0,-1570.0,3450.0,yonden
2017,11,2017-11-08,18:00,3380.0,0.0,4370.0,610.0,－－－－－－－－－－,10.0,0.0,0.0,10.0,0.0,0.0,-1620.0,3380.0,yonden
2017,11,2017-11-08,19:00,3230.0,0.0,4400.0,620.0,－－－－－－－－－－,10.0,0.0,0.0,20.0,0.0,0.0,-1820.0,3230.0,yonden
2017,11,2017-11-08,20:00,3070.0,0.0,4330.0,550.0,－－－－－－－－－－,10.0,0.0,0.0,40.0,0.0,0.0,-1860.0,3070.0,yonden
2017,11,2017-11-08,21:00,2870.0,0.0,4060.0,440.0,－－－－－－－－－－,10.0,0.0,0.0,60.0,0.0,0.0,-1700.0,2870.0,yonden
2017,11,2017-11-08,22:00,2640.0,0.0,3910.0,370.0,－－－－－－－－－－,10.0,0.0,0.0,70.0,0.0,0.0,-1720.0,2640.0,yonden
2017,11,2017-11-08,23:00,2520.0,0.0,3810.0,310.0,－－－－－－－－－－,10.0,0.0,0.0,70.0,0.0,0.0,-1680.0,2520.0,yonden
2017,11,2017-11-09,00:00,2410.0,0.0,3850.0,300.0,－－－－－－－－－－,10.0,0.0,0.0,70.0,0.0,0.0,-1820.0,2410.0,yonden
2017,11,2017-11-09,01:00,2480.0,0.0,3890.0,320.0,－－－－－－－－－－,10.0,0.0,0.0,70.0,0.0,0.0,-1810.0,2480.0,yonden
2017,11,2017-11-09,02:00,2720.0,0.0,3900.0,390.0,－－－－－－－－－－,10.0,0.0,0.0,70.0,0.0,0.0,-1650.0,2720.0,yonden
2017,11,2017-11-09,03:00,2950.0,0.0,3880.0,510.0,－－－－－－－－－－,10.0,0.0,0.0,80.0,0.0,0.0,-1530.0,2950.0,yonden
2017,11,2017-11-09,04:00,3030.0,0.0,3880.0,580.0,－－－－－－－－－－,10.0,0.0,0.0,70.0,0.0,0.0,-1510.0,3030.0,yonden
2017,11,2017-11-09,05:00,2950.0,0.0,3860.0,470.0,－－－－－－－－－－,10.0,0.0,0.0,80.0,0.0,0.0,-1470.0,2950.0,yonden
2017,11,2017-11-09,06:00,2870.0,0.0,3850.0,380.0,－－－－－－－－－－,10.0,20.0,0.0,80.0,0.0,0.0,-1470.0,2870.0,yonden
2017,11,2017-11-09,07:00,2910.0,0.0,3940.0,340.0,－－－－－－－－－－,10.0,230.0,0.0,70.0,0.0,0.0,-1680.0,2910.0,yonden
2017,11,2017-11-09,08:00,3130.0,0.0,4060.0,330.0,－－－－－－－－－－,10.0,500.0,0.0,70.0,0.0,0.0,-1840.0,3130.0,yonden
2017,11,2017-11-09,09:00,3270.0,0.0,4050.0,320.0,－－－－－－－－－－,10.0,850.0,0.0,60.0,0.0,0.0,-2020.0,3270.0,yonden
2017,11,2017-11-09,10:00,3280.0,0.0,3950.0,300.0,－－－－－－－－－－,10.0,1140.0,0.0,40.0,0.0,0.0,-2160.0,3280.0,yonden
2017,11,2017-11-09,11:00,3280.0,0.0,3990.0,290.0,－－－－－－－－－－,10.0,1200.0,0.0,50.0,0.0,0.0,-2260.0,3280.0,yonden
2017,11,2017-11-09,12:00,3080.0,0.0,3890.0,270.0,－－－－－－－－－－,0.0,1150.0,0.0,60.0,0.0,0.0,-2290.0,3080.0,yonden
2017,11,2017-11-09,13:00,3290.0,0.0,3970.0,290.0,－－－－－－－－－－,10.0,1040.0,0.0,60.0,0.0,0.0,-2080.0,3290.0,yonden
2017,11,2017-11-09,14:00,3280.0,0.0,3970.0,310.0,－－－－－－－－－－,10.0,800.0,0.0,50.0,0.0,0.0,-1860.0,3280.0,yonden
2017,11,2017-11-09,15:00,3280.0,0.0,4110.0,360.0,－－－－－－－－－－,10.0,490.0,0.0,50.0,0.0,0.0,-1740.0,3280.0,yonden
2017,11,2017-11-09,16:00,3320.0,0.0,4260.0,470.0,－－－－－－－－－－,10.0,170.0,0.0,50.0,0.0,0.0,-1640.0,3320.0,yonden
2017,11,2017-11-09,17:00,3380.0,0.0,4360.0,570.0,－－－－－－－－－－,10.0,0.0,0.0,50.0,0.0,0.0,-1610.0,3380.0,yonden
2017,11,2017-11-09,18:00,3370.0,0.0,4350.0,620.0,－－－－－－－－－－,10.0,0.0,0.0,50.0,0.0,0.0,-1660.0,3370.0,yonden
2017,11,2017-11-09,19:00,3220.0,0.0,4300.0,540.0,－－－－－－－－－－,10.0,0.0,0.0,40.0,0.0,0.0,-1670.0,3220.0,yonden
2017,11,2017-11-09,20:00,3090.0,0.0,4310.0,470.0,－－－－－－－－－－,10.0,0.0,0.0,30.0,0.0,0.0,-1730.0,3090.0,yonden
2017,11,2017-11-09,21:00,2900.0,0.0,4130.0,430.0,－－－－－－－－－－,10.0,0.0,0.0,30.0,0.0,0.0,-1700.0,2900.0,yonden
2017,11,2017-11-09,22:00,2680.0,0.0,3900.0,340.0,－－－－－－－－－－,10.0,0.0,0.0,20.0,0.0,0.0,-1590.0,2680.0,yonden
2017,11,2017-11-09,23:00,2550.0,0.0,3810.0,290.0,－－－－－－－－－－,10.0,0.0,0.0,20.0,0.0,0.0,-1580.0,2550.0,yonden
2017,11,2017-11-10,00:00,2460.0,0.0,3850.0,280.0,－－－－－－－－－－,10.0,0.0,0.0,10.0,0.0,0.0,-1690.0,2460.0,yonden
2017,11,2017-11-10,01:00,2510.0,0.0,3840.0,280.0,－－－－－－－－－－,10.0,0.0,0.0,20.0,0.0,0.0,-1640.0,2510.0,yonden
2017,11,2017-11-10,02:00,2740.0,0.0,3820.0,360.0,－－－－－－－－－－,10.0,0.0,0.0,30.0,0.0,0.0,-1480.0,2740.0,yonden
2017,11,2017-11-10,03:00,2980.0,0.0,3880.0,510.0,－－－－－－－－－－,10.0,0.0,0.0,20.0,0.0,0.0,-1440.0,2980.0,yonden
2017,11,2017-11-10,04:00,3080.0,0.0,3890.0,540.0,－－－－－－－－－－,10.0,0.0,0.0,20.0,0.0,0.0,-1380.0,3080.0,yonden
2017,11,2017-11-10,05:00,3030.0,0.0,3970.0,460.0,－－－－－－－－－－,10.0,0.0,0.0,10.0,0.0,0.0,-1420.0,3030.0,yonden
2017,11,2017-11-10,06:00,2990.0,0.0,4010.0,380.0,－－－－－－－－－－,10.0,20.0,0.0,10.0,0.0,0.0,-1440.0,2990.0,yonden
2017,11,2017-11-10,07:00,3000.0,0.0,4020.0,340.0,－－－－－－－－－－,10.0,260.0,0.0,10.0,0.0,0.0,-1640.0,3000.0,yonden
2017,11,2017-11-10,08:00,3170.0,0.0,4030.0,350.0,－－－－－－－－－－,10.0,570.0,0.0,20.0,0.0,0.0,-1810.0,3170.0,yonden
2017,11,2017-11-10,09:00,3240.0,0.0,3970.0,310.0,－－－－－－－－－－,10.0,900.0,0.0,20.0,0.0,0.0,-1970.0,3240.0,yonden
2017,11,2017-11-10,10:00,3240.0,0.0,3980.0,310.0,－－－－－－－－－－,10.0,1100.0,0.0,10.0,0.0,0.0,-2170.0,3240.0,yonden
2017,11,2017-11-10,11:00,3230.0,0.0,4000.0,320.0,－－－－－－－－－－,10.0,1170.0,0.0,20.0,0.0,0.0,-2290.0,3230.0,yonden
2017,11,2017-11-10,12:00,3070.0,0.0,4030.0,270.0,－－－－－－－－－－,10.0,1170.0,0.0,20.0,0.0,0.0,-2430.0,3070.0,yonden
2017,11,2017-11-10,13:00,3270.0,0.0,4040.0,280.0,－－－－－－－－－－,10.0,1060.0,0.0,40.0,0.0,0.0,-2160.0,3270.0,yonden
2017,11,2017-11-10,14:00,3300.0,0.0,4080.0,320.0,－－－－－－－－－－,10.0,800.0,0.0,60.0,0.0,0.0,-1970.0,3300.0,yonden
2017,11,2017-11-10,15:00,3330.0,0.0,4270.0,410.0,－－－－－－－－－－,10.0,480.0,0.0,60.0,0.0,0.0,-1900.0,3330.0,yonden
2017,11,2017-11-10,16:00,3390.0,0.0,4320.0,460.0,－－－－－－－－－－,10.0,160.0,0.0,80.0,0.0,0.0,-1640.0,3390.0,yonden
2017,11,2017-11-10,17:00,3390.0,0.0,4290.0,540.0,－－－－－－－－－－,10.0,0.0,0.0,90.0,0.0,0.0,-1540.0,3390.0,yonden
2017,11,2017-11-10,18:00,3360.0,0.0,4300.0,540.0,－－－－－－－－－－,10.0,0.0,0.0,70.0,0.0,0.0,-1560.0,3360.0,yonden
2017,11,2017-11-10,19:00,3210.0,0.0,4310.0,500.0,－－－－－－－－－－,10.0,0.0,0.0,70.0,0.0,0.0,-1680.0,3210.0,yonden
2017,11,2017-11-10,20:00,3050.0,0.0,4290.0,440.0,－－－－－－－－－－,10.0,0.0,0.0,60.0,0.0,0.0,-1750.0,3050.0,yonden
2017,11,2017-11-10,21:00,2860.0,0.0,4180.0,370.0,－－－－－－－－－－,10.0,0.0,0.0,80.0,0.0,0.0,-1780.0,2860.0,yonden
2017,11,2017-11-10,22:00,2660.0,0.0,3970.0,310.0,－－－－－－－－－－,10.0,0.0,0.0,80.0,0.0,0.0,-1710.0,2660.0,yonden
2017,11,2017-11-10,23:00,2540.0,0.0,3850.0,270.0,－－－－－－－－－－,10.0,0.0,0.0,70.0,0.0,0.0,-1660.0,2540.0,yonden
2017,11,2017-11-11,00:00,2420.0,0.0,3840.0,250.0,－－－－－－－－－－,10.0,0.0,0.0,60.0,0.0,0.0,-1740.0,2420.0,yonden
2017,11,2017-11-11,01:00,2470.0,0.0,3880.0,260.0,－－－－－－－－－－,10.0,0.0,0.0,30.0,0.0,0.0,-1710.0,2470.0,yonden
2017,11,2017-11-11,02:00,2680.0,0.0,3850.0,350.0,－－－－－－－－－－,10.0,0.0,0.0,40.0,0.0,0.0,-1570.0,2680.0,yonden
2017,11,2017-11-11,03:00,2900.0,0.0,3870.0,500.0,－－－－－－－－－－,10.0,0.0,0.0,60.0,0.0,0.0,-1540.0,2900.0,yonden
2017,11,2017-11-11,04:00,2930.0,0.0,3900.0,490.0,－－－－－－－－－－,10.0,0.0,0.0,70.0,0.0,0.0,-1540.0,2930.0,yonden
2017,11,2017-11-11,05:00,2800.0,0.0,3810.0,400.0,－－－－－－－－－－,10.0,0.0,0.0,100.0,0.0,0.0,-1520.0,2800.0,yonden
2017,11,2017-11-11,06:00,2600.0,0.0,3640.0,320.0,－－－－－－－－－－,10.0,10.0,0.0,110.0,0.0,0.0,-1490.0,2600.0,yonden
2017,11,2017-11-11,07:00,2600.0,0.0,3710.0,260.0,－－－－－－－－－－,10.0,100.0,0.0,110.0,0.0,0.0,-1590.0,2600.0,yonden
2017,11,2017-11-11,08:00,2780.0,0.0,3830.0,270.0,－－－－－－－－－－,10.0,260.0,0.0,120.0,0.0,0.0,-1710.0,2780.0,yonden
2017,11,2017-11-11,09:00,2860.0,0.0,3710.0,270.0,－－－－－－－－－－,10.0,530.0,0.0,120.0,0.0,0.0,-1780.0,2860.0,yonden
2017,11,2017-11-11,10:00,2880.0,0.0,3670.0,260.0,－－－－－－－－－－,10.0,850.0,0.0,120.0,0.0,0.0,-2030.0,2880.0,yonden
2017,11,2017-11-11,11:00,2850.0,0.0,3690.0,260.0,－－－－－－－－－－,10.0,1000.0,0.0,130.0,0.0,0.0,-2240.0,2850.0,yonden
2017,11,2017-11-11,12:00,2770.0,0.0,3500.0,250.0,－－－－－－－－－－,10.0,1110.0,0.0,130.0,0.0,0.0,-2230.0,2770.0,yonden
2017,11,2017-11-11,13:00,2820.0,0.0,3420.0,270.0,－－－－－－－－－－,10.0,1060.0,0.0,120.0,0.0,0.0,-2060.0,2820.0,yonden
2017,11,2017-11-11,14:00,2820.0,0.0,3730.0,290.0,－－－－－－－－－－,10.0,660.0,0.0,110.0,0.0,0.0,-1980.0,2820.0,yonden
2017,11,2017-11-11,15:00,2840.0,0.0,3840.0,280.0,－－－－－－－－－－,10.0,380.0,0.0,110.0,0.0,0.0,-1780.0,2840.0,yonden
2017,11,2017-11-11,16:00,2940.0,0.0,4070.0,360.0,－－－－－－－－－－,10.0,130.0,0.0,110.0,0.0,0.0,-1740.0,2940.0,yonden
2017,11,2017-11-11,17:00,3100.0,0.0,4250.0,480.0,－－－－－－－－－－,10.0,0.0,0.0,110.0,0.0,0.0,-1750.0,3100.0,yonden
2017,11,2017-11-11,18:00,3150.0,0.0,4320.0,490.0,－－－－－－－－－－,10.0,0.0,0.0,110.0,0.0,0.0,-1780.0,3150.0,yonden
2017,11,2017-11-11,19:00,3060.0,0.0,4300.0,460.0,－－－－－－－－－－,10.0,0.0,0.0,100.0,0.0,0.0,-1810.0,3060.0,yonden
2017,11,2017-11-11,20:00,2950.0,0.0,4180.0,380.0,－－－－－－－－－－,10.0,0.0,0.0,90.0,0.0,0.0,-1710.0,2950.0,yonden
2017,11,2017-11-11,21:00,2790.0,0.0,4050.0,310.0,－－－－－－－－－－,10.0,0.0,0.0,90.0,0.0,0.0,-1670.0,2790.0,yonden
2017,11,2017-11-11,22:00,2610.0,0.0,3870.0,290.0,－－－－－－－－－－,10.0,0.0,0.0,90.0,0.0,0.0,-1650.0,2610.0,yonden
2017,11,2017-11-11,23:00,2490.0,0.0,3780.0,270.0,－－－－－－－－－－,10.0,0.0,0.0,100.0,0.0,0.0,-1670.0,2490.0,yonden
2017,11,2017-11-12,00:00,2420.0,0.0,3870.0,260.0,－－－－－－－－－－,10.0,0.0,0.0,90.0,0.0,0.0,-1810.0,2420.0,yonden
2017,11,2017-11-12,01:00,2430.0,0.0,3820.0,280.0,－－－－－－－－－－,10.0,0.0,0.0,70.0,0.0,0.0,-1750.0,2430.0,yonden
2017,11,2017-11-12,02:00,2660.0,0.0,3810.0,330.0,－－－－－－－－－－,10.0,0.0,0.0,70.0,0.0,0.0,-1560.0,2660.0,yonden
2017,11,2017-11-12,03:00,2890.0,0.0,3890.0,410.0,－－－－－－－－－－,10.0,0.0,0.0,70.0,0.0,0.0,-1490.0,2890.0,yonden
2017,11,2017-11-12,04:00,2950.0,0.0,3900.0,440.0,－－－－－－－－－－,10.0,0.0,0.0,70.0,0.0,0.0,-1470.0,2950.0,yonden
2017,11,2017-11-12,05:00,2830.0,0.0,3880.0,380.0,－－－－－－－－－－,10.0,0.0,0.0,70.0,0.0,0.0,-1510.0,2830.0,yonden
2017,11,2017-11-12,06:00,2600.0,0.0,3740.0,300.0,－－－－－－－－－－,10.0,10.0,0.0,70.0,0.0,0.0,-1530.0,2600.0,yonden
2017,11,2017-11-12,07:00,2520.0,0.0,3580.0,300.0,－－－－－－－－－－,10.0,190.0,0.0,50.0,0.0,0.0,-1610.0,2520.0,yonden
2017,11,2017-11-12,08:00,2520.0,0.0,3520.0,270.0,－－－－－－－－－－,10.0,410.0,0.0,40.0,0.0,0.0,-1730.0,2520.0,yonden
2017,11,2017-11-12,09:00,2520.0,0.0,3400.0,260.0,－－－－－－－－－－,10.0,620.0,0.0,40.0,0.0,0.0,-1810.0,2520.0,yonden
2017,11,2017-11-12,10:00,2510.0,0.0,3190.0,230.0,－－－－－－－－－－,10.0,860.0,0.0,30.0,0.0,0.0,-1810.0,2510.0,yonden
2017,11,2017-11-12,11:00,2470.0,0.0,3000.0,210.0,－－－－－－－－－－,10.0,1050.0,0.0,30.0,0.0,0.0,-1830.0,2470.0,yonden
2017,11,2017-11-12,12:00,2520.0,0.0,2770.0,220.0,－－－－－－－－－－,10.0,1260.0,0.0,30.0,0.0,0.0,-1770.0,2520.0,yonden
2017,11,2017-11-12,13:00,2520.0,0.0,2950.0,220.0,－－－－－－－－－－,10.0,1190.0,0.0,20.0,0.0,0.0,-1870.0,2520.0,yonden
2017,11,2017-11-12,14:00,2520.0,0.0,3040.0,220.0,－－－－－－－－－－,10.0,910.0,0.0,30.0,0.0,0.0,-1690.0,2520.0,yonden
2017,11,2017-11-12,15:00,2570.0,0.0,3300.0,230.0,－－－－－－－－－－,10.0,550.0,0.0,30.0,0.0,0.0,-1550.0,2570.0,yonden
2017,11,2017-11-12,16:00,2670.0,0.0,3630.0,340.0,－－－－－－－－－－,10.0,170.0,0.0,20.0,0.0,0.0,-1500.0,2670.0,yonden
2017,11,2017-11-12,17:00,2910.0,0.0,4040.0,430.0,－－－－－－－－－－,10.0,0.0,0.0,10.0,0.0,0.0,-1580.0,2910.0,yonden
2017,11,2017-11-12,18:00,3000.0,0.0,4070.0,450.0,－－－－－－－－－－,10.0,0.0,0.0,10.0,0.0,0.0,-1540.0,3000.0,yonden
2017,11,2017-11-12,19:00,2940.0,0.0,4070.0,430.0,－－－－－－－－－－,10.0,0.0,0.0,10.0,0.0,0.0,-1580.0,2940.0,yonden
2017,11,2017-11-12,20:00,2860.0,0.0,4030.0,350.0,－－－－－－－－－－,10.0,0.0,0.0,10.0,0.0,0.0,-1540.0,2860.0,yonden
2017,11,2017-11-12,21:00,2720.0,0.0,3900.0,300.0,－－－－－－－－－－,10.0,0.0,0.0,10.0,0.0,0.0,-1500.0,2720.0,yonden
2017,11,2017-11-12,22:00,2520.0,0.0,3840.0,260.0,－－－－－－－－－－,10.0,0.0,0.0,0.0,0.0,0.0,-1590.0,2520.0,yonden
2017,11,2017-11-12,23:00,2420.0,0.0,3800.0,220.0,－－－－－－－－－－,10.0,0.0,0.0,0.0,0.0,0.0,-1610.0,2420.0,yonden
2017,11,2017-11-13,00:00,2340.0,0.0,3800.0,240.0,－－－－－－－－－－,10.0,0.0,0.0,10.0,0.0,0.0,-1720.0,2340.0,yonden
2017,11,2017-11-13,01:00,2460.0,0.0,3830.0,240.0,－－－－－－－－－－,10.0,0.0,0.0,0.0,0.0,0.0,-1620.0,2460.0,yonden
2017,11,2017-11-13,02:00,2730.0,0.0,3880.0,300.0,－－－－－－－－－－,10.0,0.0,0.0,0.0,0.0,0.0,-1460.0,2730.0,yonden
2017,11,2017-11-13,03:00,2980.0,0.0,3950.0,410.0,－－－－－－－－－－,10.0,0.0,0.0,0.0,0.0,0.0,-1390.0,2980.0,yonden
2017,11,2017-11-13,04:00,3040.0,0.0,3930.0,460.0,－－－－－－－－－－,10.0,0.0,0.0,0.0,0.0,0.0,-1360.0,3040.0,yonden
2017,11,2017-11-13,05:00,2990.0,0.0,3920.0,430.0,－－－－－－－－－－,10.0,0.0,0.0,10.0,0.0,0.0,-1380.0,2990.0,yonden
2017,11,2017-11-13,06:00,3030.0,0.0,4080.0,370.0,－－－－－－－－－－,10.0,10.0,0.0,10.0,0.0,0.0,-1450.0,3030.0,yonden
2017,11,2017-11-13,07:00,3060.0,0.0,4130.0,330.0,－－－－－－－－－－,10.0,250.0,0.0,0.0,0.0,0.0,-1660.0,3060.0,yonden
2017,11,2017-11-13,08:00,3170.0,0.0,4100.0,270.0,－－－－－－－－－－,10.0,580.0,0.0,0.0,0.0,0.0,-1790.0,3170.0,yonden
2017,11,2017-11-13,09:00,3270.0,0.0,4030.0,250.0,－－－－－－－－－－,10.0,960.0,0.0,10.0,0.0,0.0,-1990.0,3270.0,yonden
2017,11,2017-11-13,10:00,3270.0,0.0,3980.0,250.0,－－－－－－－－－－,10.0,1190.0,0.0,20.0,0.0,0.0,-2180.0,3270.0,yonden
2017,11,2017-11-13,11:00,3270.0,0.0,4010.0,260.0,－－－－－－－－－－,10.0,1260.0,0.0,20.0,0.0,0.0,-2290.0,3270.0,yonden
2017,11,2017-11-13,12:00,3070.0,0.0,3910.0,210.0,－－－－－－－－－－,10.0,1220.0,0.0,20.0,0.0,0.0,-2300.0,3070.0,yonden
2017,11,2017-11-13,13:00,3300.0,0.0,3940.0,250.0,－－－－－－－－－－,10.0,1120.0,0.0,40.0,0.0,0.0,-2060.0,3300.0,yonden
2017,11,2017-11-13,14:00,3310.0,0.0,3940.0,300.0,－－－－－－－－－－,10.0,840.0,0.0,30.0,0.0,0.0,-1810.0,3310.0,yonden
2017,11,2017-11-13,15:00,3340.0,0.0,4150.0,420.0,－－－－－－－－－－,10.0,500.0,0.0,40.0,0.0,0.0,-1780.0,3340.0,yonden
2017,11,2017-11-13,16:00,3390.0,0.0,4370.0,440.0,－－－－－－－－－－,10.0,150.0,0.0,40.0,0.0,0.0,-1620.0,3390.0,yonden
2017,11,2017-11-13,17:00,3450.0,0.0,4430.0,480.0,－－－－－－－－－－,10.0,0.0,0.0,50.0,0.0,0.0,-1520.0,3450.0,yonden
2017,11,2017-11-13,18:00,3450.0,0.0,4410.0,530.0,－－－－－－－－－－,10.0,0.0,0.0,40.0,0.0,0.0,-1540.0,3450.0,yonden
2017,11,2017-11-13,19:00,3290.0,0.0,4420.0,470.0,－－－－－－－－－－,10.0,0.0,0.0,40.0,0.0,0.0,-1650.0,3290.0,yonden
2017,11,2017-11-13,20:00,3140.0,0.0,4430.0,430.0,－－－－－－－－－－,10.0,0.0,0.0,40.0,0.0,0.0,-1770.0,3140.0,yonden
2017,11,2017-11-13,21:00,2930.0,0.0,4250.0,360.0,－－－－－－－－－－,10.0,0.0,0.0,50.0,0.0,0.0,-1740.0,2930.0,yonden
2017,11,2017-11-13,22:00,2740.0,0.0,4030.0,270.0,－－－－－－－－－－,10.0,0.0,0.0,60.0,0.0,0.0,-1630.0,2740.0,yonden
2017,11,2017-11-13,23:00,2650.0,0.0,3900.0,220.0,－－－－－－－－－－,10.0,0.0,0.0,60.0,0.0,0.0,-1540.0,2650.0,yonden
2017,11,2017-11-14,00:00,2540.0,0.0,3910.0,250.0,－－－－－－－－－－,10.0,0.0,0.0,30.0,0.0,0.0,-1660.0,2540.0,yonden
2017,11,2017-11-14,01:00,2600.0,0.0,4000.0,260.0,－－－－－－－－－－,10.0,0.0,0.0,10.0,0.0,0.0,-1680.0,2600.0,yonden
2017,11,2017-11-14,02:00,2830.0,0.0,4020.0,300.0,－－－－－－－－－－,10.0,0.0,0.0,10.0,0.0,0.0,-1510.0,2830.0,yonden
2017,11,2017-11-14,03:00,3050.0,0.0,4070.0,360.0,－－－－－－－－－－,10.0,0.0,0.0,10.0,0.0,0.0,-1400.0,3050.0,yonden
2017,11,2017-11-14,04:00,3100.0,0.0,4050.0,380.0,－－－－－－－－－－,10.0,0.0,0.0,10.0,0.0,0.0,-1350.0,3100.0,yonden
2017,11,2017-11-14,05:00,2950.0,0.0,3900.0,380.0,－－－－－－－－－－,10.0,0.0,0.0,30.0,0.0,0.0,-1370.0,2950.0,yonden
2017,11,2017-11-14,06:00,2890.0,0.0,3900.0,320.0,－－－－－－－－－－,10.0,0.0,0.0,60.0,0.0,0.0,-1400.0,2890.0,yonden
2017,11,2017-11-14,07:00,3020.0,0.0,4150.0,350.0,－－－－－－－－－－,10.0,40.0,0.0,50.0,0.0,0.0,-1580.0,3020.0,yonden
2017,11,2017-11-14,08:00,3370.0,0.0,4340.0,450.0,－－－－－－－－－－,10.0,60.0,0.0,70.0,0.0,0.0,-1560.0,3370.0,yonden
2017,11,2017-11-14,09:00,3500.0,0.0,4400.0,450.0,－－－－－－－－－－,10.0,110.0,0.0,70.0,0.0,0.0,-1540.0,3500.0,yonden
2017,11,2017-11-14,10:00,3490.0,0.0,4320.0,420.0,－－－－－－－－－－,10.0,160.0,0.0,80.0,0.0,0.0,-1500.0,3490.0,yonden
2017,11,2017-11-14,11:00,3540.0,0.0,4460.0,390.0,－－－－－－－－－－,10.0,130.0,0.0,70.0,0.0,0.0,-1520.0,3540.0,yonden
2017,11,2017-11-14,12:00,3350.0,0.0,4420.0,340.0,－－－－－－－－－－,10.0,120.0,0.0,80.0,0.0,0.0,-1620.0,3350.0,yonden
2017,11,2017-11-14,13:00,3520.0,0.0,4410.0,400.0,－－－－－－－－－－,10.0,160.0,0.0,80.0,0.0,0.0,-1540.0,3520.0,yonden
2017,11,2017-11-14,14:00,3460.0,0.0,4260.0,420.0,－－－－－－－－－－,10.0,200.0,0.0,70.0,0.0,0.0,-1500.0,3460.0,yonden
2017,11,2017-11-14,15:00,3420.0,0.0,4170.0,490.0,－－－－－－－－－－,10.0,270.0,0.0,60.0,0.0,0.0,-1580.0,3420.0,yonden
2017,11,2017-11-14,16:00,3470.0,0.0,4300.0,520.0,－－－－－－－－－－,10.0,110.0,0.0,60.0,0.0,0.0,-1530.0,3470.0,yonden
2017,11,2017-11-14,17:00,3540.0,0.0,4350.0,590.0,－－－－－－－－－－,10.0,0.0,0.0,50.0,0.0,0.0,-1460.0,3540.0,yonden
2017,11,2017-11-14,18:00,3530.0,0.0,4420.0,610.0,－－－－－－－－－－,10.0,0.0,0.0,50.0,0.0,0.0,-1560.0,3530.0,yonden
2017,11,2017-11-14,19:00,3370.0,0.0,4400.0,580.0,－－－－－－－－－－,10.0,0.0,0.0,50.0,0.0,0.0,-1670.0,3370.0,yonden
2017,11,2017-11-14,20:00,3230.0,0.0,4400.0,530.0,－－－－－－－－－－,10.0,0.0,0.0,40.0,0.0,0.0,-1750.0,3230.0,yonden
2017,11,2017-11-14,21:00,3030.0,0.0,4180.0,470.0,－－－－－－－－－－,10.0,0.0,0.0,30.0,0.0,0.0,-1660.0,3030.0,yonden
2017,11,2017-11-14,22:00,2800.0,0.0,3940.0,360.0,－－－－－－－－－－,10.0,0.0,0.0,20.0,0.0,0.0,-1530.0,2800.0,yonden
2017,11,2017-11-14,23:00,2660.0,0.0,3860.0,290.0,－－－－－－－－－－,10.0,0.0,0.0,10.0,0.0,0.0,-1510.0,2660.0,yonden
2017,11,2017-11-15,00:00,2540.0,0.0,3860.0,310.0,－－－－－－－－－－,10.0,0.0,0.0,10.0,0.0,0.0,-1650.0,2540.0,yonden
2017,11,2017-11-15,01:00,2600.0,0.0,3850.0,310.0,－－－－－－－－－－,10.0,0.0,0.0,30.0,0.0,0.0,-1600.0,2600.0,yonden
2017,11,2017-11-15,02:00,2840.0,0.0,3900.0,310.0,－－－－－－－－－－,10.0,0.0,0.0,40.0,0.0,0.0,-1420.0,2840.0,yonden
2017,11,2017-11-15,03:00,3060.0,0.0,3890.0,430.0,－－－－－－－－－－,10.0,0.0,0.0,70.0,0.0,0.0,-1340.0,3060.0,yonden
2017,11,2017-11-15,04:00,3140.0,0.0,3890.0,460.0,－－－－－－－－－－,10.0,0.0,0.0,90.0,0.0,0.0,-1310.0,3140.0,yonden
2017,11,2017-11-15,05:00,3090.0,0.0,3900.0,460.0,－－－－－－－－－－,10.0,0.0,0.0,90.0,0.0,0.0,-1370.0,3090.0,yonden
2017,11,2017-11-15,06:00,3030.0,0.0,3910.0,390.0,－－－－－－－－－－,10.0,10.0,0.0,90.0,0.0,0.0,-1380.0,3030.0,yonden
2017,11,2017-11-15,07:00,3060.0,0.0,3920.0,380.0,－－－－－－－－－－,10.0,130.0,0.0,100.0,0.0,0.0,-1480.0,3060.0,yonden
2017,11,2017-11-15,08:00,3350.0,0.0,4030.0,410.0,－－－－－－－－－－,10.0,340.0,0.0,90.0,0.0,0.0,-1530.0,3350.0,yonden
2017,11,2017-11-15,09:00,3450.0,0.0,3950.0,390.0,－－－－－－－－－－,10.0,630.0,0.0,80.0,0.0,0.0,-1610.0,3450.0,yonden
2017,11,2017-11-15,10:00,3380.0,0.0,3880.0,300.0,－－－－－－－－－－,10.0,820.0,0.0,70.0,0.0,0.0,-1700.0,3380.0,yonden
2017,11,2017-11-15,11:00,3320.0,0.0,3960.0,240.0,－－－－－－－－－－,10.0,930.0,0.0,70.0,0.0,0.0,-1890.0,3320.0,yonden
2017,11,2017-11-15,12:00,3120.0,0.0,4070.0,260.0,－－－－－－－－－－,10.0,940.0,0.0,80.0,0.0,0.0,-2240.0,3120.0,yonden
2017,11,2017-11-15,13:00,3320.0,0.0,4100.0,270.0,－－－－－－－－－－,10.0,980.0,0.0,80.0,0.0,0.0,-2120.0,3320.0,yonden
2017,11,2017-11-15,14:00,3340.0,0.0,4010.0,270.0,－－－－－－－－－－,10.0,810.0,0.0,90.0,0.0,0.0,-1850.0,3340.0,yonden
2017,11,2017-11-15,15:00,3350.0,0.0,4100.0,350.0,－－－－－－－－－－,10.0,470.0,0.0,90.0,0.0,0.0,-1670.0,3350.0,yonden
2017,11,2017-11-15,16:00,3440.0,0.0,4290.0,400.0,－－－－－－－－－－,10.0,140.0,0.0,90.0,0.0,0.0,-1490.0,3440.0,yonden
2017,11,2017-11-15,17:00,3530.0,0.0,4330.0,520.0,－－－－－－－－－－,10.0,0.0,0.0,100.0,0.0,0.0,-1430.0,3530.0,yonden
2017,11,2017-11-15,18:00,3550.0,0.0,4330.0,590.0,－－－－－－－－－－,10.0,0.0,0.0,90.0,0.0,0.0,-1470.0,3550.0,yonden
2017,11,2017-11-15,19:00,3430.0,0.0,4330.0,590.0,－－－－－－－－－－,10.0,0.0,0.0,90.0,0.0,0.0,-1590.0,3430.0,yonden
2017,11,2017-11-15,20:00,3280.0,0.0,4340.0,490.0,－－－－－－－－－－,10.0,0.0,0.0,80.0,0.0,0.0,-1640.0,3280.0,yonden
2017,11,2017-11-15,21:00,3070.0,0.0,4260.0,440.0,－－－－－－－－－－,10.0,0.0,0.0,90.0,0.0,0.0,-1730.0,3070.0,yonden
2017,11,2017-11-15,22:00,2860.0,0.0,4240.0,350.0,－－－－－－－－－－,10.0,0.0,0.0,80.0,0.0,0.0,-1820.0,2860.0,yonden
2017,11,2017-11-15,23:00,2710.0,0.0,4070.0,270.0,－－－－－－－－－－,10.0,0.0,0.0,70.0,0.0,0.0,-1710.0,2710.0,yonden
2017,11,2017-11-16,00:00,2600.0,0.0,4170.0,250.0,－－－－－－－－－－,0.0,0.0,0.0,80.0,0.0,0.0,-1900.0,2600.0,yonden
2017,11,2017-11-16,01:00,2680.0,0.0,4230.0,260.0,－－－－－－－－－－,10.0,0.0,0.0,80.0,0.0,0.0,-1900.0,2680.0,yonden
2017,11,2017-11-16,02:00,2930.0,0.0,4200.0,310.0,－－－－－－－－－－,10.0,0.0,0.0,90.0,0.0,0.0,-1680.0,2930.0,yonden
2017,11,2017-11-16,03:00,3180.0,0.0,4240.0,410.0,－－－－－－－－－－,10.0,0.0,0.0,100.0,0.0,0.0,-1580.0,3180.0,yonden
2017,11,2017-11-16,04:00,3230.0,0.0,4250.0,430.0,－－－－－－－－－－,10.0,0.0,0.0,100.0,0.0,0.0,-1560.0,3230.0,yonden
2017,11,2017-11-16,05:00,3180.0,0.0,4260.0,390.0,－－－－－－－－－－,10.0,0.0,0.0,110.0,0.0,0.0,-1590.0,3180.0,yonden
2017,11,2017-11-16,06:00,3180.0,0.0,4360.0,400.0,－－－－－－－－－－,10.0,10.0,0.0,100.0,0.0,0.0,-1700.0,3180.0,yonden
2017,11,2017-11-16,07:00,3220.0,0.0,4290.0,390.0,－－－－－－－－－－,10.0,180.0,0.0,100.0,0.0,0.0,-1750.0,3220.0,yonden
2017,11,2017-11-16,08:00,3400.0,0.0,4210.0,420.0,－－－－－－－－－－,10.0,410.0,0.0,110.0,0.0,0.0,-1760.0,3400.0,yonden
2017,11,2017-11-16,09:00,3500.0,0.0,4160.0,350.0,－－－－－－－－－－,10.0,710.0,0.0,100.0,0.0,0.0,-1830.0,3500.0,yonden
2017,11,2017-11-16,10:00,3460.0,0.0,3930.0,260.0,－－－－－－－－－－,10.0,980.0,0.0,100.0,0.0,0.0,-1820.0,3460.0,yonden
2017,11,2017-11-16,11:00,3430.0,0.0,3790.0,260.0,－－－－－－－－－－,10.0,1190.0,0.0,100.0,0.0,0.0,-1920.0,3430.0,yonden
2017,11,2017-11-16,12:00,3230.0,0.0,3740.0,240.0,－－－－－－－－－－,10.0,1250.0,0.0,70.0,0.0,0.0,-2080.0,3230.0,yonden
2017,11,2017-11-16,13:00,3410.0,0.0,3770.0,270.0,－－－－－－－－－－,10.0,1170.0,0.0,60.0,0.0,0.0,-1870.0,3410.0,yonden
2017,11,2017-11-16,14:00,3410.0,0.0,3760.0,290.0,－－－－－－－－－－,10.0,930.0,0.0,60.0,0.0,0.0,-1640.0,3410.0,yonden
2017,11,2017-11-16,15:00,3440.0,0.0,3980.0,400.0,－－－－－－－－－－,10.0,570.0,0.0,50.0,0.0,0.0,-1570.0,3440.0,yonden
2017,11,2017-11-16,16:00,3520.0,0.0,4250.0,500.0,－－－－－－－－－－,10.0,170.0,0.0,50.0,0.0,0.0,-1460.0,3520.0,yonden
2017,11,2017-11-16,17:00,3630.0,0.0,4340.0,510.0,－－－－－－－－－－,10.0,0.0,0.0,50.0,0.0,0.0,-1280.0,3630.0,yonden
2017,11,2017-11-16,18:00,3680.0,0.0,4360.0,580.0,－－－－－－－－－－,10.0,0.0,0.0,50.0,0.0,0.0,-1320.0,3680.0,yonden
2017,11,2017-11-16,19:00,3570.0,0.0,4400.0,580.0,－－－－－－－－－－,10.0,0.0,0.0,40.0,0.0,0.0,-1460.0,3570.0,yonden
2017,11,2017-11-16,20:00,3410.0,0.0,4340.0,500.0,－－－－－－－－－－,10.0,0.0,0.0,40.0,0.0,0.0,-1480.0,3410.0,yonden
2017,11,2017-11-16,21:00,3210.0,0.0,4310.0,440.0,－－－－－－－－－－,10.0,0.0,0.0,40.0,0.0,0.0,-1590.0,3210.0,yonden
2017,11,2017-11-16,22:00,2970.0,0.0,4240.0,380.0,－－－－－－－－－－,10.0,0.0,0.0,40.0,0.0,0.0,-1700.0,2970.0,yonden
2017,11,2017-11-16,23:00,2830.0,0.0,4180.0,320.0,－－－－－－－－－－,10.0,0.0,0.0,40.0,0.0,0.0,-1720.0,2830.0,yonden
2017,11,2017-11-17,00:00,2720.0,0.0,4220.0,260.0,－－－－－－－－－－,10.0,0.0,0.0,30.0,0.0,0.0,-1800.0,2720.0,yonden
2017,11,2017-11-17,01:00,2800.0,0.0,4230.0,260.0,－－－－－－－－－－,10.0,0.0,0.0,40.0,0.0,0.0,-1740.0,2800.0,yonden
2017,11,2017-11-17,02:00,3040.0,0.0,4180.0,290.0,－－－－－－－－－－,10.0,0.0,0.0,40.0,0.0,0.0,-1480.0,3040.0,yonden
2017,11,2017-11-17,03:00,3250.0,0.0,4190.0,350.0,－－－－－－－－－－,10.0,0.0,0.0,40.0,0.0,0.0,-1340.0,3250.0,yonden
2017,11,2017-11-17,04:00,3300.0,0.0,4160.0,430.0,－－－－－－－－－－,10.0,0.0,0.0,20.0,0.0,0.0,-1320.0,3300.0,yonden
2017,11,2017-11-17,05:00,3280.0,0.0,4180.0,420.0,－－－－－－－－－－,10.0,0.0,0.0,20.0,0.0,0.0,-1350.0,3280.0,yonden
2017,11,2017-11-17,06:00,3310.0,0.0,4230.0,460.0,－－－－－－－－－－,10.0,10.0,0.0,20.0,0.0,0.0,-1420.0,3310.0,yonden
2017,11,2017-11-17,07:00,3340.0,0.0,4160.0,430.0,－－－－－－－－－－,10.0,210.0,0.0,10.0,0.0,0.0,-1480.0,3340.0,yonden
2017,11,2017-11-17,08:00,3510.0,0.0,4140.0,340.0,－－－－－－－－－－,10.0,480.0,0.0,0.0,0.0,0.0,-1460.0,3510.0,yonden
2017,11,2017-11-17,09:00,3580.0,0.0,3980.0,260.0,－－－－－－－－－－,10.0,850.0,0.0,0.0,0.0,0.0,-1520.0,3580.0,yonden
2017,11,2017-11-17,10:00,3560.0,0.0,3740.0,250.0,－－－－－－－－－－,10.0,1060.0,0.0,0.0,0.0,0.0,-1500.0,3560.0,yonden
2017,11,2017-11-17,11:00,3540.0,0.0,3730.0,240.0,－－－－－－－－－－,10.0,1040.0,0.0,0.0,0.0,0.0,-1480.0,3540.0,yonden
2017,11,2017-11-17,12:00,3350.0,0.0,3850.0,240.0,－－－－－－－－－－,10.0,730.0,0.0,0.0,0.0,0.0,-1480.0,3350.0,yonden
2017,11,2017-11-17,13:00,3500.0,0.0,4140.0,280.0,－－－－－－－－－－,10.0,440.0,0.0,0.0,0.0,0.0,-1370.0,3500.0,yonden
2017,11,2017-11-17,14:00,3470.0,0.0,4220.0,320.0,－－－－－－－－－－,10.0,260.0,0.0,10.0,0.0,0.0,-1350.0,3470.0,yonden
2017,11,2017-11-17,15:00,3530.0,0.0,4350.0,380.0,－－－－－－－－－－,10.0,170.0,0.0,30.0,0.0,0.0,-1410.0,3530.0,yonden
2017,11,2017-11-17,16:00,3630.0,0.0,4440.0,440.0,－－－－－－－－－－,10.0,50.0,0.0,30.0,0.0,0.0,-1340.0,3630.0,yonden
2017,11,2017-11-17,17:00,3750.0,0.0,4450.0,510.0,－－－－－－－－－－,10.0,0.0,0.0,30.0,0.0,0.0,-1250.0,3750.0,yonden
2017,11,2017-11-17,18:00,3730.0,0.0,4440.0,550.0,－－－－－－－－－－,10.0,0.0,0.0,40.0,0.0,0.0,-1310.0,3730.0,yonden
2017,11,2017-11-17,19:00,3570.0,0.0,4410.0,550.0,－－－－－－－－－－,10.0,0.0,0.0,50.0,0.0,0.0,-1450.0,3570.0,yonden
2017,11,2017-11-17,20:00,3390.0,0.0,4280.0,470.0,－－－－－－－－－－,10.0,0.0,0.0,90.0,0.0,0.0,-1460.0,3390.0,yonden
2017,11,2017-11-17,21:00,3180.0,0.0,4320.0,410.0,－－－－－－－－－－,10.0,0.0,0.0,80.0,0.0,0.0,-1640.0,3180.0,yonden
2017,11,2017-11-17,22:00,2940.0,0.0,4320.0,340.0,－－－－－－－－－－,10.0,0.0,0.0,50.0,0.0,0.0,-1780.0,2940.0,yonden
2017,11,2017-11-17,23:00,2790.0,0.0,4270.0,260.0,－－－－－－－－－－,10.0,0.0,0.0,40.0,0.0,0.0,-1790.0,2790.0,yonden
2017,11,2017-11-18,00:00,2670.0,0.0,3800.0,230.0,－－－－－－－－－－,10.0,0.0,0.0,30.0,0.0,0.0,-1400.0,2670.0,yonden
2017,11,2017-11-18,01:00,2710.0,0.0,3730.0,220.0,－－－－－－－－－－,10.0,0.0,0.0,10.0,0.0,0.0,-1260.0,2710.0,yonden
2017,11,2017-11-18,02:00,2940.0,0.0,3830.0,280.0,－－－－－－－－－－,10.0,0.0,0.0,10.0,0.0,0.0,-1190.0,2940.0,yonden
2017,11,2017-11-18,03:00,3140.0,0.0,3900.0,360.0,－－－－－－－－－－,10.0,0.0,0.0,20.0,0.0,0.0,-1150.0,3140.0,yonden
2017,11,2017-11-18,04:00,3160.0,0.0,3860.0,400.0,－－－－－－－－－－,10.0,0.0,0.0,40.0,0.0,0.0,-1150.0,3160.0,yonden
2017,11,2017-11-18,05:00,3000.0,0.0,3760.0,370.0,－－－－－－－－－－,10.0,0.0,0.0,70.0,0.0,0.0,-1210.0,3000.0,yonden
2017,11,2017-11-18,06:00,2860.0,0.0,3700.0,300.0,－－－－－－－－－－,10.0,0.0,0.0,90.0,0.0,0.0,-1240.0,2860.0,yonden
2017,11,2017-11-18,07:00,2980.0,0.0,3770.0,270.0,－－－－－－－－－－,10.0,40.0,0.0,80.0,0.0,0.0,-1190.0,2980.0,yonden
2017,11,2017-11-18,08:00,3310.0,0.0,4000.0,320.0,－－－－－－－－－－,10.0,70.0,0.0,80.0,0.0,0.0,-1170.0,3310.0,yonden
2017,11,2017-11-18,09:00,3460.0,0.0,4090.0,330.0,－－－－－－－－－－,10.0,110.0,0.0,90.0,0.0,0.0,-1170.0,3460.0,yonden
2017,11,2017-11-18,10:00,3410.0,0.0,4090.0,270.0,－－－－－－－－－－,10.0,160.0,0.0,100.0,0.0,0.0,-1220.0,3410.0,yonden
2017,11,2017-11-18,11:00,3410.0,0.0,4140.0,250.0,－－－－－－－－－－,10.0,170.0,0.0,110.0,0.0,0.0,-1270.0,3410.0,yonden
2017,11,2017-11-18,12:00,3210.0,0.0,3900.0,240.0,－－－－－－－－－－,10.0,210.0,0.0,110.0,0.0,0.0,-1260.0,3210.0,yonden
2017,11,2017-11-18,13:00,3210.0,0.0,3950.0,260.0,－－－－－－－－－－,10.0,200.0,0.0,110.0,0.0,0.0,-1320.0,3210.0,yonden
2017,11,2017-11-18,14:00,3200.0,0.0,4030.0,270.0,－－－－－－－－－－,10.0,160.0,0.0,110.0,0.0,0.0,-1380.0,3200.0,yonden
2017,11,2017-11-18,15:00,3190.0,0.0,4130.0,310.0,－－－－－－－－－－,10.0,120.0,0.0,120.0,0.0,0.0,-1500.0,3190.0,yonden
2017,11,2017-11-18,16:00,3240.0,0.0,4050.0,360.0,－－－－－－－－－－,10.0,50.0,0.0,130.0,0.0,0.0,-1360.0,3240.0,yonden
2017,11,2017-11-18,17:00,3380.0,0.0,4150.0,490.0,－－－－－－－－－－,10.0,0.0,0.0,130.0,0.0,0.0,-1400.0,3380.0,yonden
2017,11,2017-11-18,18:00,3390.0,0.0,4250.0,500.0,－－－－－－－－－－,10.0,0.0,0.0,130.0,0.0,0.0,-1500.0,3390.0,yonden
2017,11,2017-11-18,19:00,3310.0,0.0,4120.0,470.0,－－－－－－－－－－,10.0,0.0,0.0,130.0,0.0,0.0,-1420.0,3310.0,yonden
2017,11,2017-11-18,20:00,3190.0,0.0,4320.0,360.0,－－－－－－－－－－,10.0,0.0,0.0,130.0,0.0,0.0,-1630.0,3190.0,yonden
2017,11,2017-11-18,21:00,3030.0,0.0,4260.0,310.0,－－－－－－－－－－,10.0,0.0,0.0,130.0,0.0,0.0,-1680.0,3030.0,yonden
2017,11,2017-11-18,22:00,2800.0,0.0,4080.0,240.0,－－－－－－－－－－,10.0,0.0,0.0,120.0,0.0,0.0,-1650.0,2800.0,yonden
2017,11,2017-11-18,23:00,2680.0,0.0,4020.0,200.0,－－－－－－－－－－,10.0,0.0,0.0,120.0,0.0,0.0,-1670.0,2680.0,yonden
2017,11,2017-11-19,00:00,2580.0,0.0,3870.0,240.0,－－－－－－－－－－,10.0,0.0,0.0,120.0,0.0,0.0,-1660.0,2580.0,yonden
2017,11,2017-11-19,01:00,2650.0,0.0,3890.0,230.0,－－－－－－－－－－,10.0,0.0,0.0,110.0,0.0,0.0,-1590.0,2650.0,yonden
2017,11,2017-11-19,02:00,2870.0,0.0,4010.0,230.0,－－－－－－－－－－,10.0,0.0,0.0,110.0,0.0,0.0,-1490.0,2870.0,yonden
2017,11,2017-11-19,03:00,3070.0,0.0,4120.0,390.0,－－－－－－－－－－,10.0,0.0,0.0,110.0,0.0,0.0,-1560.0,3070.0,yonden
2017,11,2017-11-19,04:00,3110.0,0.0,4120.0,400.0,－－－－－－－－－－,10.0,0.0,0.0,110.0,0.0,0.0,-1530.0,3110.0,yonden
2017,11,2017-11-19,05:00,2990.0,0.0,4040.0,370.0,－－－－－－－－－－,10.0,0.0,0.0,110.0,0.0,0.0,-1540.0,2990.0,yonden
2017,11,2017-11-19,06:00,2760.0,0.0,3880.0,290.0,－－－－－－－－－－,10.0,0.0,0.0,110.0,0.0,0.0,-1530.0,2760.0,yonden
2017,11,2017-11-19,07:00,2690.0,0.0,3730.0,240.0,－－－－－－－－－－,10.0,160.0,0.0,110.0,0.0,0.0,-1560.0,2690.0,yonden
2017,11,2017-11-19,08:00,2740.0,0.0,3690.0,260.0,－－－－－－－－－－,10.0,360.0,0.0,120.0,0.0,0.0,-1700.0,2740.0,yonden
2017,11,2017-11-19,09:00,2750.0,0.0,3680.0,290.0,－－－－－－－－－－,10.0,610.0,0.0,120.0,0.0,-10.0,-1950.0,2750.0,yonden
2017,11,2017-11-19,10:00,2710.0,0.0,3700.0,240.0,－－－－－－－－－－,10.0,750.0,0.0,120.0,0.0,-300.0,-1810.0,2710.0,yonden
2017,11,2017-11-19,11:00,2710.0,0.0,3420.0,240.0,－－－－－－－－－－,10.0,850.0,0.0,120.0,0.0,-300.0,-1630.0,2710.0,yonden
2017,11,2017-11-19,12:00,2760.0,0.0,3530.0,210.0,－－－－－－－－－－,10.0,790.0,0.0,120.0,0.0,-300.0,-1600.0,2760.0,yonden
2017,11,2017-11-19,13:00,2730.0,0.0,3550.0,210.0,－－－－－－－－－－,10.0,720.0,0.0,120.0,0.0,-170.0,-1710.0,2730.0,yonden
2017,11,2017-11-19,14:00,2760.0,0.0,3650.0,200.0,－－－－－－－－－－,10.0,550.0,0.0,120.0,0.0,0.0,-1770.0,2760.0,yonden
2017,11,2017-11-19,15:00,2850.0,0.0,3740.0,210.0,－－－－－－－－－－,10.0,330.0,0.0,130.0,0.0,0.0,-1570.0,2850.0,yonden
2017,11,2017-11-19,16:00,3010.0,0.0,4200.0,270.0,－－－－－－－－－－,10.0,90.0,0.0,130.0,0.0,0.0,-1690.0,3010.0,yonden
2017,11,2017-11-19,17:00,3310.0,0.0,4540.0,430.0,－－－－－－－－－－,10.0,0.0,0.0,120.0,0.0,0.0,-1790.0,3310.0,yonden
2017,11,2017-11-19,18:00,3410.0,0.0,4580.0,480.0,－－－－－－－－－－,10.0,0.0,0.0,120.0,0.0,0.0,-1780.0,3410.0,yonden
2017,11,2017-11-19,19:00,3340.0,0.0,4590.0,460.0,－－－－－－－－－－,10.0,0.0,0.0,80.0,0.0,0.0,-1800.0,3340.0,yonden
2017,11,2017-11-19,20:00,3250.0,0.0,4530.0,430.0,－－－－－－－－－－,10.0,0.0,0.0,60.0,0.0,0.0,-1780.0,3250.0,yonden
2017,11,2017-11-19,21:00,3080.0,0.0,4300.0,310.0,－－－－－－－－－－,10.0,0.0,0.0,60.0,0.0,0.0,-1600.0,3080.0,yonden
2017,11,2017-11-19,22:00,2870.0,0.0,4130.0,230.0,－－－－－－－－－－,10.0,0.0,0.0,60.0,0.0,0.0,-1560.0,2870.0,yonden
2017,11,2017-11-19,23:00,2750.0,0.0,4040.0,210.0,－－－－－－－－－－,10.0,0.0,0.0,50.0,0.0,0.0,-1560.0,2750.0,yonden
2017,11,2017-11-20,00:00,2680.0,0.0,4040.0,240.0,－－－－－－－－－－,10.0,0.0,0.0,60.0,0.0,0.0,-1670.0,2680.0,yonden
2017,11,2017-11-20,01:00,2760.0,0.0,4090.0,220.0,－－－－－－－－－－,10.0,0.0,0.0,70.0,0.0,0.0,-1630.0,2760.0,yonden
2017,11,2017-11-20,02:00,3000.0,0.0,4200.0,220.0,－－－－－－－－－－,10.0,0.0,0.0,90.0,0.0,0.0,-1520.0,3000.0,yonden
2017,11,2017-11-20,03:00,3180.0,0.0,4390.0,280.0,－－－－－－－－－－,10.0,0.0,0.0,90.0,0.0,0.0,-1590.0,3180.0,yonden
2017,11,2017-11-20,04:00,3180.0,0.0,4370.0,330.0,－－－－－－－－－－,10.0,0.0,0.0,70.0,0.0,0.0,-1600.0,3180.0,yonden
2017,11,2017-11-20,05:00,3160.0,0.0,4340.0,320.0,－－－－－－－－－－,10.0,0.0,0.0,60.0,0.0,0.0,-1570.0,3160.0,yonden
2017,11,2017-11-20,06:00,3220.0,0.0,4440.0,370.0,－－－－－－－－－－,10.0,0.0,0.0,50.0,0.0,0.0,-1650.0,3220.0,yonden
2017,11,2017-11-20,07:00,3340.0,0.0,4570.0,380.0,－－－－－－－－－－,10.0,50.0,0.0,30.0,0.0,0.0,-1700.0,3340.0,yonden
2017,11,2017-11-20,08:00,3770.0,0.0,4780.0,360.0,－－－－－－－－－－,10.0,80.0,0.0,20.0,0.0,250.0,-1730.0,3770.0,yonden
2017,11,2017-11-20,09:00,3980.0,0.0,4800.0,330.0,－－－－－－－－－－,10.0,160.0,0.0,10.0,0.0,530.0,-1860.0,3980.0,yonden
2017,11,2017-11-20,10:00,3950.0,0.0,4760.0,320.0,－－－－－－－－－－,10.0,290.0,0.0,30.0,0.0,380.0,-1840.0,3950.0,yonden
2017,11,2017-11-20,11:00,3940.0,0.0,4810.0,330.0,－－－－－－－－－－,10.0,380.0,0.0,50.0,0.0,180.0,-1820.0,3940.0,yonden
2017,11,2017-11-20,12:00,3680.0,0.0,4640.0,300.0,－－－－－－－－－－,10.0,390.0,0.0,70.0,0.0,0.0,-1730.0,3680.0,yonden
2017,11,2017-11-20,13:00,3810.0,0.0,4500.0,310.0,－－－－－－－－－－,10.0,630.0,0.0,90.0,0.0,0.0,-1730.0,3810.0,yonden
2017,11,2017-11-20,14:00,3750.0,0.0,4590.0,290.0,－－－－－－－－－－,10.0,410.0,0.0,100.0,0.0,0.0,-1650.0,3750.0,yonden
2017,11,2017-11-20,15:00,3770.0,0.0,4720.0,310.0,－－－－－－－－－－,10.0,280.0,0.0,90.0,0.0,0.0,-1640.0,3770.0,yonden
2017,11,2017-11-20,16:00,3900.0,0.0,4780.0,440.0,－－－－－－－－－－,10.0,90.0,0.0,100.0,0.0,70.0,-1590.0,3900.0,yonden
2017,11,2017-11-20,17:00,4050.0,0.0,4780.0,430.0,－－－－－－－－－－,10.0,0.0,0.0,120.0,0.0,220.0,-1510.0,4050.0,yonden
2017,11,2017-11-20,18:00,4060.0,0.0,4770.0,480.0,－－－－－－－－－－,10.0,0.0,0.0,110.0,0.0,240.0,-1550.0,4060.0,yonden
2017,11,2017-11-20,19:00,3920.0,0.0,4790.0,460.0,－－－－－－－－－－,10.0,0.0,0.0,110.0,0.0,210.0,-1660.0,3920.0,yonden
2017,11,2017-11-20,20:00,3750.0,0.0,4740.0,410.0,－－－－－－－－－－,10.0,0.0,0.0,110.0,0.0,20.0,-1540.0,3750.0,yonden
2017,11,2017-11-20,21:00,3540.0,0.0,4730.0,370.0,－－－－－－－－－－,10.0,0.0,0.0,110.0,0.0,0.0,-1680.0,3540.0,yonden
2017,11,2017-11-20,22:00,3240.0,0.0,4650.0,250.0,－－－－－－－－－－,10.0,0.0,0.0,110.0,0.0,0.0,-1780.0,3240.0,yonden
2017,11,2017-11-20,23:00,3050.0,0.0,4600.0,220.0,－－－－－－－－－－,10.0,0.0,0.0,110.0,0.0,-180.0,-1710.0,3050.0,yonden
2017,11,2017-11-21,00:00,2940.0,0.0,4540.0,220.0,－－－－－－－－－－,10.0,0.0,0.0,110.0,0.0,-310.0,-1630.0,2940.0,yonden
2017,11,2017-11-21,01:00,3020.0,0.0,4570.0,250.0,－－－－－－－－－－,10.0,0.0,0.0,100.0,0.0,-300.0,-1610.0,3020.0,yonden
2017,11,2017-11-21,02:00,3250.0,0.0,4540.0,350.0,－－－－－－－－－－,10.0,0.0,0.0,100.0,0.0,-300.0,-1450.0,3250.0,yonden
2017,11,2017-11-21,03:00,3420.0,0.0,4660.0,400.0,－－－－－－－－－－,10.0,0.0,0.0,90.0,0.0,-300.0,-1440.0,3420.0,yonden
2017,11,2017-11-21,04:00,3470.0,0.0,4560.0,320.0,－－－－－－－－－－,10.0,0.0,0.0,100.0,0.0,0.0,-1520.0,3470.0,yonden
2017,11,2017-11-21,05:00,3450.0,0.0,4550.0,270.0,－－－－－－－－－－,10.0,0.0,0.0,90.0,0.0,0.0,-1470.0,3450.0,yonden
2017,11,2017-11-21,06:00,3550.0,0.0,4610.0,340.0,－－－－－－－－－－,10.0,0.0,0.0,90.0,0.0,0.0,-1500.0,3550.0,yonden
2017,11,2017-11-21,07:00,3630.0,0.0,4610.0,340.0,－－－－－－－－－－,10.0,170.0,0.0,90.0,0.0,0.0,-1590.0,3630.0,yonden
2017,11,2017-11-21,08:00,3790.0,0.0,4680.0,310.0,－－－－－－－－－－,10.0,440.0,0.0,60.0,0.0,0.0,-1710.0,3790.0,yonden
2017,11,2017-11-21,09:00,3750.0,0.0,4440.0,260.0,－－－－－－－－－－,10.0,890.0,0.0,30.0,0.0,0.0,-1880.0,3750.0,yonden
2017,11,2017-11-21,10:00,3660.0,0.0,4350.0,210.0,－－－－－－－－－－,10.0,1210.0,0.0,20.0,0.0,0.0,-2140.0,3660.0,yonden
2017,11,2017-11-21,11:00,3580.0,0.0,4310.0,190.0,－－－－－－－－－－,10.0,1320.0,0.0,10.0,0.0,0.0,-2260.0,3580.0,yonden
2017,11,2017-11-21,12:00,3380.0,0.0,4230.0,200.0,－－－－－－－－－－,10.0,1300.0,0.0,10.0,0.0,0.0,-2370.0,3380.0,yonden
2017,11,2017-11-21,13:00,3570.0,0.0,4390.0,190.0,－－－－－－－－－－,10.0,1180.0,0.0,0.0,0.0,0.0,-2200.0,3570.0,yonden
2017,11,2017-11-21,14:00,3570.0,0.0,4380.0,200.0,－－－－－－－－－－,10.0,880.0,0.0,0.0,0.0,0.0,-1900.0,3570.0,yonden
2017,11,2017-11-21,15:00,3620.0,0.0,4550.0,270.0,－－－－－－－－－－,10.0,510.0,0.0,0.0,0.0,0.0,-1720.0,3620.0,yonden
2017,11,2017-11-21,16:00,3690.0,0.0,4850.0,380.0,－－－－－－－－－－,10.0,100.0,0.0,0.0,0.0,0.0,-1650.0,3690.0,yonden
2017,11,2017-11-21,17:00,3910.0,0.0,5110.0,440.0,－－－－－－－－－－,10.0,0.0,0.0,0.0,0.0,0.0,-1650.0,3910.0,yonden
2017,11,2017-11-21,18:00,3930.0,0.0,5040.0,490.0,－－－－－－－－－－,10.0,0.0,0.0,0.0,0.0,0.0,-1610.0,3930.0,yonden
2017,11,2017-11-21,19:00,3790.0,0.0,4900.0,440.0,－－－－－－－－－－,10.0,0.0,0.0,0.0,0.0,0.0,-1560.0,3790.0,yonden
2017,11,2017-11-21,20:00,3650.0,0.0,4750.0,370.0,－－－－－－－－－－,10.0,0.0,0.0,10.0,0.0,0.0,-1490.0,3650.0,yonden
2017,11,2017-11-21,21:00,3440.0,0.0,4650.0,350.0,－－－－－－－－－－,10.0,0.0,0.0,20.0,0.0,0.0,-1590.0,3440.0,yonden
2017,11,2017-11-21,22:00,3170.0,0.0,4580.0,230.0,－－－－－－－－－－,10.0,0.0,0.0,20.0,0.0,0.0,-1670.0,3170.0,yonden
2017,11,2017-11-21,23:00,3020.0,0.0,4410.0,190.0,－－－－－－－－－－,10.0,0.0,0.0,30.0,0.0,0.0,-1620.0,3020.0,yonden
2017,11,2017-11-22,00:00,2930.0,0.0,4410.0,160.0,－－－－－－－－－－,10.0,0.0,0.0,30.0,0.0,0.0,-1680.0,2930.0,yonden
2017,11,2017-11-22,01:00,3020.0,0.0,4440.0,150.0,－－－－－－－－－－,10.0,0.0,0.0,40.0,0.0,0.0,-1620.0,3020.0,yonden
2017,11,2017-11-22,02:00,3250.0,0.0,4530.0,190.0,－－－－－－－－－－,10.0,0.0,0.0,40.0,0.0,0.0,-1520.0,3250.0,yonden
2017,11,2017-11-22,03:00,3410.0,0.0,4690.0,230.0,－－－－－－－－－－,10.0,0.0,0.0,30.0,0.0,0.0,-1550.0,3410.0,yonden
2017,11,2017-11-22,04:00,3440.0,0.0,4660.0,300.0,－－－－－－－－－－,10.0,0.0,0.0,30.0,0.0,0.0,-1560.0,3440.0,yonden
2017,11,2017-11-22,05:00,3390.0,0.0,4620.0,290.0,－－－－－－－－－－,10.0,0.0,0.0,40.0,0.0,0.0,-1570.0,3390.0,yonden
2017,11,2017-11-22,06:00,3450.0,0.0,4690.0,260.0,－－－－－－－－－－,10.0,0.0,0.0,40.0,0.0,0.0,-1550.0,3450.0,yonden
2017,11,2017-11-22,07:00,3520.0,0.0,4690.0,240.0,－－－－－－－－－－,10.0,100.0,0.0,30.0,0.0,0.0,-1550.0,3520.0,yonden
2017,11,2017-11-22,08:00,3760.0,0.0,4860.0,340.0,－－－－－－－－－－,10.0,200.0,0.0,30.0,0.0,0.0,-1680.0,3760.0,yonden
2017,11,2017-11-22,09:00,3950.0,0.0,5060.0,360.0,－－－－－－－－－－,10.0,180.0,0.0,30.0,0.0,190.0,-1880.0,3950.0,yonden
2017,11,2017-11-22,10:00,3930.0,0.0,5090.0,330.0,－－－－－－－－－－,10.0,210.0,0.0,20.0,0.0,190.0,-1920.0,3930.0,yonden
2017,11,2017-11-22,11:00,3890.0,0.0,5110.0,280.0,－－－－－－－－－－,10.0,190.0,0.0,20.0,0.0,60.0,-1780.0,3890.0,yonden
2017,11,2017-11-22,12:00,3710.0,0.0,5010.0,220.0,－－－－－－－－－－,10.0,150.0,0.0,20.0,0.0,0.0,-1700.0,3710.0,yonden
2017,11,2017-11-22,13:00,3890.0,0.0,5160.0,310.0,－－－－－－－－－－,10.0,140.0,0.0,20.0,0.0,50.0,-1800.0,3890.0,yonden
2017,11,2017-11-22,14:00,3920.0,0.0,5150.0,310.0,－－－－－－－－－－,10.0,90.0,0.0,30.0,0.0,140.0,-1810.0,3920.0,yonden
2017,11,2017-11-22,15:00,3940.0,0.0,5180.0,380.0,－－－－－－－－－－,10.0,60.0,0.0,50.0,0.0,140.0,-1880.0,3940.0,yonden
2017,11,2017-11-22,16:00,4040.0,0.0,5210.0,410.0,－－－－－－－－－－,10.0,20.0,0.0,60.0,0.0,170.0,-1840.0,4040.0,yonden
2017,11,2017-11-22,17:00,4070.0,0.0,5210.0,430.0,－－－－－－－－－－,10.0,0.0,0.0,40.0,0.0,150.0,-1770.0,4070.0,yonden
2017,11,2017-11-22,18:00,3980.0,0.0,5120.0,490.0,－－－－－－－－－－,10.0,0.0,0.0,30.0,0.0,120.0,-1790.0,3980.0,yonden
2017,11,2017-11-22,19:00,3800.0,0.0,5040.0,530.0,－－－－－－－－－－,10.0,0.0,0.0,30.0,0.0,0.0,-1810.0,3800.0,yonden
2017,11,2017-11-22,20:00,3590.0,0.0,4840.0,400.0,－－－－－－－－－－,10.0,0.0,0.0,30.0,0.0,0.0,-1690.0,3590.0,yonden
2017,11,2017-11-22,21:00,3370.0,0.0,4700.0,340.0,－－－－－－－－－－,10.0,0.0,0.0,30.0,0.0,0.0,-1710.0,3370.0,yonden
2017,11,2017-11-22,22:00,3090.0,0.0,4480.0,240.0,－－－－－－－－－－,10.0,0.0,0.0,60.0,0.0,0.0,-1700.0,3090.0,yonden
2017,11,2017-11-22,23:00,2960.0,0.0,4410.0,200.0,－－－－－－－－－－,10.0,0.0,0.0,80.0,0.0,0.0,-1740.0,2960.0,yonden
2017,11,2017-11-23,00:00,2830.0,0.0,4390.0,180.0,－－－－－－－－－－,10.0,0.0,0.0,100.0,0.0,-310.0,-1540.0,2830.0,yonden
2017,11,2017-11-23,01:00,2930.0,0.0,4440.0,180.0,－－－－－－－－－－,10.0,0.0,0.0,110.0,0.0,-310.0,-1500.0,2930.0,yonden
2017,11,2017-11-23,02:00,3160.0,0.0,4490.0,250.0,－－－－－－－－－－,10.0,0.0,0.0,130.0,0.0,-310.0,-1410.0,3160.0,yonden
2017,11,2017-11-23,03:00,3330.0,0.0,4560.0,320.0,－－－－－－－－－－,10.0,0.0,0.0,130.0,0.0,-300.0,-1390.0,3330.0,yonden
2017,11,2017-11-23,04:00,3330.0,0.0,4550.0,350.0,－－－－－－－－－－,10.0,0.0,0.0,140.0,0.0,-300.0,-1420.0,3330.0,yonden
2017,11,2017-11-23,05:00,3170.0,0.0,4320.0,330.0,－－－－－－－－－－,10.0,0.0,0.0,130.0,0.0,-180.0,-1440.0,3170.0,yonden
2017,11,2017-11-23,06:00,3020.0,0.0,4060.0,300.0,－－－－－－－－－－,10.0,0.0,0.0,130.0,0.0,0.0,-1480.0,3020.0,yonden
2017,11,2017-11-23,07:00,3050.0,0.0,4180.0,260.0,－－－－－－－－－－,10.0,80.0,0.0,130.0,0.0,0.0,-1610.0,3050.0,yonden
2017,11,2017-11-23,08:00,3260.0,0.0,4480.0,280.0,－－－－－－－－－－,10.0,220.0,0.0,140.0,0.0,0.0,-1870.0,3260.0,yonden
2017,11,2017-11-23,09:00,3350.0,0.0,4450.0,300.0,－－－－－－－－－－,10.0,490.0,0.0,140.0,0.0,0.0,-2040.0,3350.0,yonden
2017,11,2017-11-23,10:00,3290.0,0.0,4150.0,310.0,－－－－－－－－－－,10.0,890.0,0.0,130.0,0.0,-50.0,-2150.0,3290.0,yonden
2017,11,2017-11-23,11:00,3210.0,0.0,4190.0,350.0,－－－－－－－－－－,10.0,980.0,0.0,130.0,0.0,-300.0,-2150.0,3210.0,yonden
2017,11,2017-11-23,12:00,3050.0,0.0,4130.0,250.0,－－－－－－－－－－,10.0,960.0,0.0,130.0,0.0,-300.0,-2130.0,3050.0,yonden
2017,11,2017-11-23,13:00,3120.0,0.0,3930.0,220.0,－－－－－－－－－－,10.0,1010.0,0.0,120.0,0.0,-170.0,-2000.0,3120.0,yonden
2017,11,2017-11-23,14:00,3160.0,0.0,3950.0,230.0,－－－－－－－－－－,10.0,880.0,0.0,130.0,0.0,0.0,-2040.0,3160.0,yonden
2017,11,2017-11-23,15:00,3200.0,0.0,4180.0,240.0,－－－－－－－－－－,10.0,520.0,0.0,130.0,0.0,0.0,-1880.0,3200.0,yonden
2017,11,2017-11-23,16:00,3350.0,0.0,4680.0,310.0,－－－－－－－－－－,10.0,130.0,0.0,130.0,0.0,0.0,-1910.0,3350.0,yonden
2017,11,2017-11-23,17:00,3600.0,0.0,4860.0,430.0,－－－－－－－－－－,10.0,0.0,0.0,130.0,0.0,0.0,-1830.0,3600.0,yonden
2017,11,2017-11-23,18:00,3680.0,0.0,4900.0,470.0,－－－－－－－－－－,10.0,0.0,0.0,120.0,0.0,0.0,-1820.0,3680.0,yonden
2017,11,2017-11-23,19:00,3600.0,0.0,4930.0,430.0,－－－－－－－－－－,10.0,0.0,0.0,80.0,0.0,0.0,-1850.0,3600.0,yonden
2017,11,2017-11-23,20:00,3510.0,0.0,4880.0,380.0,－－－－－－－－－－,10.0,0.0,0.0,50.0,0.0,0.0,-1810.0,3510.0,yonden
2017,11,2017-11-23,21:00,3320.0,0.0,4720.0,270.0,－－－－－－－－－－,10.0,0.0,0.0,50.0,0.0,0.0,-1730.0,3320.0,yonden
2017,11,2017-11-23,22:00,3090.0,0.0,4510.0,220.0,－－－－－－－－－－,10.0,0.0,0.0,60.0,0.0,0.0,-1710.0,3090.0,yonden
2017,11,2017-11-23,23:00,2940.0,0.0,4300.0,210.0,－－－－－－－－－－,10.0,0.0,0.0,80.0,0.0,0.0,-1660.0,2940.0,yonden
2017,11,2017-11-24,00:00,2890.0,0.0,4110.0,210.0,－－－－－－－－－－,10.0,0.0,0.0,90.0,0.0,0.0,-1530.0,2890.0,yonden
2017,11,2017-11-24,01:00,3000.0,0.0,4140.0,210.0,－－－－－－－－－－,10.0,0.0,0.0,100.0,0.0,0.0,-1460.0,3000.0,yonden
2017,11,2017-11-24,02:00,3210.0,0.0,4250.0,210.0,－－－－－－－－－－,10.0,0.0,0.0,100.0,0.0,0.0,-1360.0,3210.0,yonden
2017,11,2017-11-24,03:00,3360.0,0.0,4310.0,250.0,－－－－－－－－－－,10.0,0.0,0.0,110.0,0.0,0.0,-1320.0,3360.0,yonden
2017,11,2017-11-24,04:00,3390.0,0.0,4320.0,300.0,－－－－－－－－－－,10.0,0.0,0.0,100.0,0.0,0.0,-1340.0,3390.0,yonden
2017,11,2017-11-24,05:00,3360.0,0.0,4310.0,300.0,－－－－－－－－－－,10.0,0.0,0.0,90.0,0.0,0.0,-1350.0,3360.0,yonden
2017,11,2017-11-24,06:00,3430.0,0.0,4620.0,370.0,－－－－－－－－－－,10.0,0.0,0.0,50.0,0.0,0.0,-1620.0,3430.0,yonden
2017,11,2017-11-24,07:00,3500.0,0.0,4720.0,320.0,－－－－－－－－－－,10.0,180.0,0.0,30.0,0.0,0.0,-1760.0,3500.0,yonden
2017,11,2017-11-24,08:00,3670.0,0.0,4730.0,350.0,－－－－－－－－－－,10.0,440.0,0.0,30.0,0.0,0.0,-1890.0,3670.0,yonden
2017,11,2017-11-24,09:00,3770.0,0.0,4860.0,320.0,－－－－－－－－－－,10.0,610.0,0.0,50.0,0.0,0.0,-2080.0,3770.0,yonden
2017,11,2017-11-24,10:00,3760.0,0.0,4830.0,250.0,－－－－－－－－－－,10.0,640.0,0.0,50.0,0.0,0.0,-2020.0,3760.0,yonden
2017,11,2017-11-24,11:00,3730.0,0.0,4640.0,220.0,－－－－－－－－－－,10.0,650.0,0.0,50.0,0.0,0.0,-1840.0,3730.0,yonden
2017,11,2017-11-24,12:00,3530.0,0.0,4530.0,200.0,－－－－－－－－－－,10.0,600.0,0.0,80.0,0.0,0.0,-1890.0,3530.0,yonden
2017,11,2017-11-24,13:00,3700.0,0.0,4750.0,260.0,－－－－－－－－－－,10.0,440.0,0.0,90.0,0.0,0.0,-1850.0,3700.0,yonden
2017,11,2017-11-24,14:00,3710.0,0.0,4620.0,280.0,－－－－－－－－－－,10.0,470.0,0.0,90.0,0.0,0.0,-1760.0,3710.0,yonden
2017,11,2017-11-24,15:00,3760.0,0.0,4760.0,360.0,－－－－－－－－－－,10.0,280.0,0.0,90.0,0.0,0.0,-1740.0,3760.0,yonden
2017,11,2017-11-24,16:00,3870.0,0.0,5000.0,440.0,－－－－－－－－－－,10.0,80.0,0.0,90.0,0.0,0.0,-1750.0,3870.0,yonden
2017,11,2017-11-24,17:00,4000.0,0.0,5070.0,510.0,－－－－－－－－－－,10.0,0.0,0.0,90.0,0.0,0.0,-1680.0,4000.0,yonden
2017,11,2017-11-24,18:00,4000.0,0.0,5060.0,550.0,－－－－－－－－－－,10.0,0.0,0.0,80.0,0.0,0.0,-1700.0,4000.0,yonden
2017,11,2017-11-24,19:00,3840.0,0.0,4860.0,580.0,－－－－－－－－－－,10.0,0.0,0.0,70.0,0.0,0.0,-1680.0,3840.0,yonden
2017,11,2017-11-24,20:00,3680.0,0.0,4660.0,510.0,－－－－－－－－－－,10.0,0.0,0.0,60.0,0.0,0.0,-1560.0,3680.0,yonden
2017,11,2017-11-24,21:00,3460.0,0.0,4550.0,360.0,－－－－－－－－－－,10.0,0.0,0.0,70.0,0.0,0.0,-1530.0,3460.0,yonden
2017,11,2017-11-24,22:00,3200.0,0.0,4440.0,230.0,－－－－－－－－－－,10.0,0.0,0.0,80.0,0.0,0.0,-1560.0,3200.0,yonden
2017,11,2017-11-24,23:00,3060.0,0.0,4260.0,210.0,－－－－－－－－－－,10.0,0.0,0.0,90.0,0.0,0.0,-1510.0,3060.0,yonden
2017,11,2017-11-25,00:00,2930.0,0.0,4120.0,170.0,－－－－－－－－－－,10.0,0.0,0.0,90.0,0.0,0.0,-1460.0,2930.0,yonden
2017,11,2017-11-25,01:00,2990.0,0.0,4150.0,170.0,－－－－－－－－－－,10.0,0.0,0.0,90.0,0.0,0.0,-1430.0,2990.0,yonden
2017,11,2017-11-25,02:00,3200.0,0.0,4330.0,210.0,－－－－－－－－－－,10.0,0.0,0.0,90.0,0.0,0.0,-1440.0,3200.0,yonden
2017,11,2017-11-25,03:00,3360.0,0.0,4400.0,320.0,－－－－－－－－－－,10.0,0.0,0.0,80.0,0.0,0.0,-1450.0,3360.0,yonden
2017,11,2017-11-25,04:00,3360.0,0.0,4390.0,340.0,－－－－－－－－－－,10.0,0.0,0.0,90.0,0.0,0.0,-1470.0,3360.0,yonden
2017,11,2017-11-25,05:00,3240.0,0.0,4280.0,260.0,－－－－－－－－－－,10.0,0.0,0.0,90.0,0.0,0.0,-1400.0,3240.0,yonden
2017,11,2017-11-25,06:00,3120.0,0.0,4180.0,240.0,－－－－－－－－－－,10.0,0.0,0.0,70.0,0.0,0.0,-1380.0,3120.0,yonden
2017,11,2017-11-25,07:00,3140.0,0.0,4180.0,230.0,－－－－－－－－－－,10.0,100.0,0.0,50.0,0.0,0.0,-1430.0,3140.0,yonden
2017,11,2017-11-25,08:00,3340.0,0.0,4280.0,260.0,－－－－－－－－－－,10.0,270.0,0.0,40.0,0.0,0.0,-1520.0,3340.0,yonden
2017,11,2017-11-25,09:00,3360.0,0.0,4250.0,250.0,－－－－－－－－－－,10.0,510.0,0.0,30.0,0.0,0.0,-1690.0,3360.0,yonden
2017,11,2017-11-25,10:00,3360.0,0.0,4240.0,190.0,－－－－－－－－－－,10.0,640.0,0.0,20.0,0.0,0.0,-1740.0,3360.0,yonden
2017,11,2017-11-25,11:00,3330.0,0.0,4200.0,160.0,－－－－－－－－－－,10.0,750.0,0.0,10.0,0.0,0.0,-1800.0,3330.0,yonden
2017,11,2017-11-25,12:00,3170.0,0.0,3980.0,160.0,－－－－－－－－－－,10.0,790.0,0.0,10.0,0.0,0.0,-1780.0,3170.0,yonden
2017,11,2017-11-25,13:00,3180.0,0.0,4100.0,180.0,－－－－－－－－－－,10.0,620.0,0.0,10.0,0.0,0.0,-1740.0,3180.0,yonden
2017,11,2017-11-25,14:00,3150.0,0.0,4180.0,200.0,－－－－－－－－－－,10.0,420.0,0.0,10.0,0.0,0.0,-1670.0,3150.0,yonden
2017,11,2017-11-25,15:00,3170.0,0.0,4210.0,200.0,－－－－－－－－－－,10.0,270.0,0.0,0.0,0.0,0.0,-1520.0,3170.0,yonden
2017,11,2017-11-25,16:00,3310.0,0.0,4400.0,300.0,－－－－－－－－－－,10.0,100.0,0.0,0.0,0.0,10.0,-1510.0,3310.0,yonden
2017,11,2017-11-25,17:00,3540.0,0.0,4520.0,420.0,－－－－－－－－－－,10.0,0.0,0.0,0.0,0.0,160.0,-1570.0,3540.0,yonden
2017,11,2017-11-25,18:00,3590.0,0.0,4520.0,440.0,－－－－－－－－－－,10.0,0.0,0.0,0.0,0.0,220.0,-1600.0,3590.0,yonden
2017,11,2017-11-25,19:00,3500.0,0.0,4490.0,440.0,－－－－－－－－－－,10.0,0.0,0.0,10.0,0.0,90.0,-1540.0,3500.0,yonden
2017,11,2017-11-25,20:00,3390.0,0.0,4520.0,350.0,－－－－－－－－－－,10.0,0.0,0.0,20.0,0.0,0.0,-1510.0,3390.0,yonden
2017,11,2017-11-25,21:00,3210.0,0.0,4400.0,220.0,－－－－－－－－－－,10.0,0.0,0.0,30.0,0.0,0.0,-1450.0,3210.0,yonden
2017,11,2017-11-25,22:00,2970.0,0.0,4180.0,180.0,－－－－－－－－－－,10.0,0.0,0.0,30.0,0.0,0.0,-1430.0,2970.0,yonden
2017,11,2017-11-25,23:00,2830.0,0.0,4040.0,180.0,－－－－－－－－－－,10.0,0.0,0.0,40.0,0.0,0.0,-1440.0,2830.0,yonden
2017,11,2017-11-26,00:00,2760.0,0.0,3990.0,160.0,－－－－－－－－－－,10.0,0.0,0.0,40.0,0.0,0.0,-1440.0,2760.0,yonden
2017,11,2017-11-26,01:00,2830.0,0.0,4050.0,170.0,－－－－－－－－－－,10.0,0.0,0.0,40.0,0.0,0.0,-1440.0,2830.0,yonden
2017,11,2017-11-26,02:00,3050.0,0.0,4240.0,200.0,－－－－－－－－－－,10.0,0.0,0.0,40.0,0.0,0.0,-1440.0,3050.0,yonden
2017,11,2017-11-26,03:00,3180.0,0.0,4290.0,280.0,－－－－－－－－－－,10.0,0.0,0.0,30.0,0.0,0.0,-1430.0,3180.0,yonden
2017,11,2017-11-26,04:00,3180.0,0.0,4270.0,330.0,－－－－－－－－－－,10.0,0.0,0.0,30.0,0.0,0.0,-1460.0,3180.0,yonden
2017,11,2017-11-26,05:00,3030.0,0.0,4190.0,260.0,－－－－－－－－－－,10.0,0.0,0.0,30.0,0.0,0.0,-1460.0,3030.0,yonden
2017,11,2017-11-26,06:00,2830.0,0.0,4010.0,210.0,－－－－－－－－－－,10.0,0.0,0.0,50.0,0.0,0.0,-1450.0,2830.0,yonden
2017,11,2017-11-26,07:00,2800.0,0.0,3940.0,220.0,－－－－－－－－－－,10.0,90.0,0.0,60.0,0.0,0.0,-1520.0,2800.0,yonden
2017,11,2017-11-26,08:00,2950.0,0.0,4010.0,230.0,－－－－－－－－－－,10.0,190.0,0.0,50.0,0.0,0.0,-1540.0,2950.0,yonden
2017,11,2017-11-26,09:00,3050.0,0.0,4010.0,220.0,－－－－－－－－－－,10.0,280.0,0.0,40.0,0.0,0.0,-1510.0,3050.0,yonden
2017,11,2017-11-26,10:00,3030.0,0.0,4080.0,190.0,－－－－－－－－－－,10.0,240.0,0.0,20.0,0.0,0.0,-1510.0,3030.0,yonden
2017,11,2017-11-26,11:00,3010.0,0.0,4110.0,170.0,－－－－－－－－－－,10.0,220.0,0.0,10.0,0.0,0.0,-1510.0,3010.0,yonden
2017,11,2017-11-26,12:00,3000.0,0.0,4200.0,170.0,－－－－－－－－－－,10.0,140.0,0.0,0.0,0.0,0.0,-1520.0,3000.0,yonden
2017,11,2017-11-26,13:00,3010.0,0.0,4240.0,160.0,－－－－－－－－－－,10.0,100.0,0.0,10.0,0.0,0.0,-1510.0,3010.0,yonden
2017,11,2017-11-26,14:00,3010.0,0.0,4220.0,180.0,－－－－－－－－－－,10.0,70.0,0.0,10.0,0.0,0.0,-1480.0,3010.0,yonden
2017,11,2017-11-26,15:00,3030.0,0.0,4250.0,200.0,－－－－－－－－－－,10.0,40.0,0.0,10.0,0.0,0.0,-1480.0,3030.0,yonden
2017,11,2017-11-26,16:00,3170.0,0.0,4420.0,300.0,－－－－－－－－－－,10.0,10.0,0.0,10.0,0.0,0.0,-1580.0,3170.0,yonden
2017,11,2017-11-26,17:00,3410.0,0.0,4490.0,440.0,－－－－－－－－－－,10.0,0.0,0.0,0.0,0.0,0.0,-1530.0,3410.0,yonden
2017,11,2017-11-26,18:00,3420.0,0.0,4460.0,460.0,－－－－－－－－－－,10.0,0.0,0.0,0.0,0.0,0.0,-1510.0,3420.0,yonden
2017,11,2017-11-26,19:00,3350.0,0.0,4450.0,400.0,－－－－－－－－－－,10.0,0.0,0.0,0.0,0.0,0.0,-1510.0,3350.0,yonden
2017,11,2017-11-26,20:00,3220.0,0.0,4430.0,260.0,－－－－－－－－－－,10.0,0.0,0.0,10.0,0.0,0.0,-1490.0,3220.0,yonden
2017,11,2017-11-26,21:00,3040.0,0.0,4320.0,180.0,－－－－－－－－－－,10.0,0.0,0.0,10.0,0.0,0.0,-1480.0,3040.0,yonden
2017,11,2017-11-26,22:00,2830.0,0.0,4090.0,150.0,－－－－－－－－－－,10.0,0.0,0.0,0.0,0.0,0.0,-1420.0,2830.0,yonden
2017,11,2017-11-26,23:00,2710.0,0.0,3950.0,150.0,－－－－－－－－－－,10.0,0.0,0.0,10.0,0.0,0.0,-1410.0,2710.0,yonden
2017,11,2017-11-27,00:00,2630.0,0.0,3890.0,160.0,－－－－－－－－－－,10.0,0.0,0.0,10.0,0.0,0.0,-1440.0,2630.0,yonden
2017,11,2017-11-27,01:00,2730.0,0.0,3930.0,160.0,－－－－－－－－－－,10.0,0.0,0.0,30.0,0.0,0.0,-1400.0,2730.0,yonden
2017,11,2017-11-27,02:00,2980.0,0.0,4090.0,160.0,－－－－－－－－－－,10.0,0.0,0.0,40.0,0.0,0.0,-1320.0,2980.0,yonden
2017,11,2017-11-27,03:00,3150.0,0.0,4210.0,230.0,－－－－－－－－－－,10.0,0.0,0.0,30.0,0.0,0.0,-1330.0,3150.0,yonden
2017,11,2017-11-27,04:00,3200.0,0.0,4260.0,250.0,－－－－－－－－－－,10.0,0.0,0.0,30.0,0.0,0.0,-1350.0,3200.0,yonden
2017,11,2017-11-27,05:00,3140.0,0.0,4220.0,240.0,－－－－－－－－－－,10.0,0.0,0.0,30.0,0.0,0.0,-1360.0,3140.0,yonden
2017,11,2017-11-27,06:00,3160.0,0.0,4290.0,310.0,－－－－－－－－－－,10.0,0.0,0.0,20.0,0.0,0.0,-1470.0,3160.0,yonden
2017,11,2017-11-27,07:00,3290.0,0.0,4370.0,360.0,－－－－－－－－－－,10.0,120.0,0.0,30.0,0.0,0.0,-1600.0,3290.0,yonden
2017,11,2017-11-27,08:00,3550.0,0.0,4550.0,350.0,－－－－－－－－－－,10.0,360.0,0.0,20.0,0.0,0.0,-1740.0,3550.0,yonden
2017,11,2017-11-27,09:00,3610.0,0.0,4540.0,230.0,－－－－－－－－－－,0.0,680.0,0.0,20.0,0.0,0.0,-1860.0,3610.0,yonden
2017,11,2017-11-27,10:00,3530.0,0.0,4490.0,200.0,－－－－－－－－－－,0.0,860.0,0.0,20.0,0.0,0.0,-2040.0,3530.0,yonden
2017,11,2017-11-27,11:00,3480.0,0.0,4330.0,180.0,－－－－－－－－－－,0.0,1030.0,0.0,10.0,0.0,0.0,-2070.0,3480.0,yonden
2017,11,2017-11-27,12:00,3320.0,0.0,4070.0,170.0,－－－－－－－－－－,10.0,1040.0,0.0,10.0,0.0,0.0,-1980.0,3320.0,yonden
2017,11,2017-11-27,13:00,3470.0,0.0,4250.0,200.0,－－－－－－－－－－,10.0,870.0,0.0,10.0,0.0,0.0,-1870.0,3470.0,yonden
2017,11,2017-11-27,14:00,3510.0,0.0,4310.0,200.0,－－－－－－－－－－,10.0,700.0,0.0,10.0,0.0,0.0,-1720.0,3510.0,yonden
2017,11,2017-11-27,15:00,3530.0,0.0,4550.0,220.0,－－－－－－－－－－,10.0,410.0,0.0,10.0,0.0,0.0,-1670.0,3530.0,yonden
2017,11,2017-11-27,16:00,3590.0,0.0,4840.0,270.0,－－－－－－－－－－,10.0,80.0,0.0,10.0,0.0,0.0,-1620.0,3590.0,yonden
2017,11,2017-11-27,17:00,3720.0,0.0,5040.0,420.0,－－－－－－－－－－,10.0,0.0,0.0,0.0,0.0,0.0,-1750.0,3720.0,yonden
2017,11,2017-11-27,18:00,3730.0,0.0,4980.0,470.0,－－－－－－－－－－,10.0,0.0,0.0,0.0,0.0,0.0,-1730.0,3730.0,yonden
2017,11,2017-11-27,19:00,3600.0,0.0,4750.0,460.0,－－－－－－－－－－,10.0,0.0,0.0,0.0,0.0,0.0,-1620.0,3600.0,yonden
2017,11,2017-11-27,20:00,3430.0,0.0,4600.0,320.0,－－－－－－－－－－,10.0,0.0,0.0,0.0,0.0,0.0,-1500.0,3430.0,yonden
2017,11,2017-11-27,21:00,3230.0,0.0,4620.0,220.0,－－－－－－－－－－,10.0,0.0,0.0,0.0,0.0,0.0,-1620.0,3230.0,yonden
2017,11,2017-11-27,22:00,3000.0,0.0,4370.0,190.0,－－－－－－－－－－,10.0,0.0,0.0,0.0,0.0,0.0,-1570.0,3000.0,yonden
2017,11,2017-11-27,23:00,2870.0,0.0,4200.0,190.0,－－－－－－－－－－,10.0,0.0,0.0,0.0,0.0,0.0,-1530.0,2870.0,yonden
2017,11,2017-11-28,00:00,2770.0,0.0,4010.0,160.0,－－－－－－－－－－,10.0,0.0,0.0,0.0,0.0,0.0,-1410.0,2770.0,yonden
2017,11,2017-11-28,01:00,2870.0,0.0,4120.0,160.0,－－－－－－－－－－,10.0,0.0,0.0,0.0,0.0,0.0,-1420.0,2870.0,yonden
2017,11,2017-11-28,02:00,3090.0,0.0,4290.0,170.0,－－－－－－－－－－,10.0,0.0,0.0,0.0,0.0,0.0,-1380.0,3090.0,yonden
2017,11,2017-11-28,03:00,3280.0,0.0,4430.0,190.0,－－－－－－－－－－,10.0,0.0,0.0,10.0,0.0,0.0,-1360.0,3280.0,yonden
2017,11,2017-11-28,04:00,3320.0,0.0,4430.0,220.0,－－－－－－－－－－,10.0,0.0,0.0,10.0,0.0,0.0,-1350.0,3320.0,yonden
2017,11,2017-11-28,05:00,3260.0,0.0,4380.0,230.0,－－－－－－－－－－,10.0,0.0,0.0,10.0,0.0,0.0,-1370.0,3260.0,yonden
2017,11,2017-11-28,06:00,3300.0,0.0,4660.0,340.0,－－－－－－－－－－,10.0,0.0,0.0,10.0,0.0,0.0,-1720.0,3300.0,yonden
2017,11,2017-11-28,07:00,3370.0,0.0,4840.0,260.0,－－－－－－－－－－,10.0,120.0,0.0,0.0,0.0,0.0,-1860.0,3370.0,yonden
2017,11,2017-11-28,08:00,3610.0,0.0,5020.0,230.0,－－－－－－－－－－,10.0,350.0,0.0,0.0,0.0,0.0,-2000.0,3610.0,yonden
2017,11,2017-11-28,09:00,3610.0,0.0,4720.0,230.0,－－－－－－－－－－,10.0,640.0,0.0,0.0,0.0,0.0,-1990.0,3610.0,yonden
2017,11,2017-11-28,10:00,3530.0,0.0,4380.0,210.0,－－－－－－－－－－,10.0,890.0,0.0,0.0,0.0,0.0,-1960.0,3530.0,yonden
2017,11,2017-11-28,11:00,3490.0,0.0,4110.0,210.0,－－－－－－－－－－,10.0,980.0,0.0,0.0,0.0,0.0,-1820.0,3490.0,yonden
2017,11,2017-11-28,12:00,3310.0,0.0,4020.0,190.0,－－－－－－－－－－,10.0,990.0,0.0,0.0,0.0,-230.0,-1670.0,3310.0,yonden
2017,11,2017-11-28,13:00,3490.0,0.0,4210.0,210.0,－－－－－－－－－－,10.0,850.0,0.0,0.0,0.0,0.0,-1790.0,3490.0,yonden
2017,11,2017-11-28,14:00,3510.0,0.0,4430.0,220.0,－－－－－－－－－－,10.0,580.0,0.0,0.0,0.0,0.0,-1730.0,3510.0,yonden
2017,11,2017-11-28,15:00,3540.0,0.0,4740.0,240.0,－－－－－－－－－－,10.0,280.0,0.0,0.0,0.0,0.0,-1730.0,3540.0,yonden
2017,11,2017-11-28,16:00,3630.0,0.0,5000.0,370.0,－－－－－－－－－－,10.0,60.0,0.0,0.0,0.0,0.0,-1810.0,3630.0,yonden
2017,11,2017-11-28,17:00,3730.0,0.0,5120.0,480.0,－－－－－－－－－－,10.0,0.0,0.0,10.0,0.0,0.0,-1890.0,3730.0,yonden
2017,11,2017-11-28,18:00,3690.0,0.0,5160.0,460.0,－－－－－－－－－－,10.0,0.0,0.0,0.0,0.0,0.0,-1940.0,3690.0,yonden
2017,11,2017-11-28,19:00,3510.0,0.0,4990.0,370.0,－－－－－－－－－－,10.0,0.0,0.0,0.0,0.0,0.0,-1860.0,3510.0,yonden
2017,11,2017-11-28,20:00,3360.0,0.0,4830.0,280.0,－－－－－－－－－－,10.0,0.0,0.0,10.0,0.0,0.0,-1770.0,3360.0,yonden
2017,11,2017-11-28,21:00,3150.0,0.0,4480.0,260.0,－－－－－－－－－－,10.0,0.0,0.0,20.0,0.0,0.0,-1620.0,3150.0,yonden
2017,11,2017-11-28,22:00,2930.0,0.0,4200.0,260.0,－－－－－－－－－－,10.0,0.0,0.0,20.0,0.0,0.0,-1560.0,2930.0,yonden
2017,11,2017-11-28,23:00,2810.0,0.0,3980.0,230.0,－－－－－－－－－－,10.0,0.0,0.0,20.0,0.0,0.0,-1430.0,2810.0,yonden
2017,11,2017-11-29,00:00,2710.0,0.0,3850.0,190.0,－－－－－－－－－－,10.0,0.0,0.0,30.0,0.0,0.0,-1370.0,2710.0,yonden
2017,11,2017-11-29,01:00,2790.0,0.0,3920.0,220.0,－－－－－－－－－－,10.0,0.0,0.0,30.0,0.0,0.0,-1390.0,2790.0,yonden
2017,11,2017-11-29,02:00,3030.0,0.0,4160.0,230.0,－－－－－－－－－－,10.0,0.0,0.0,20.0,0.0,0.0,-1390.0,3030.0,yonden
2017,11,2017-11-29,03:00,3200.0,0.0,4230.0,280.0,－－－－－－－－－－,10.0,0.0,0.0,20.0,0.0,0.0,-1340.0,3200.0,yonden
2017,11,2017-11-29,04:00,3230.0,0.0,4230.0,290.0,－－－－－－－－－－,10.0,0.0,0.0,10.0,0.0,0.0,-1310.0,3230.0,yonden
2017,11,2017-11-29,05:00,3120.0,0.0,4230.0,250.0,－－－－－－－－－－,10.0,0.0,0.0,10.0,0.0,0.0,-1380.0,3120.0,yonden
2017,11,2017-11-29,06:00,3110.0,0.0,4540.0,240.0,－－－－－－－－－－,10.0,0.0,0.0,0.0,0.0,0.0,-1680.0,3110.0,yonden
2017,11,2017-11-29,07:00,3160.0,0.0,4680.0,200.0,－－－－－－－－－－,10.0,50.0,0.0,0.0,0.0,0.0,-1780.0,3160.0,yonden
2017,11,2017-11-29,08:00,3520.0,0.0,5000.0,280.0,－－－－－－－－－－,10.0,100.0,0.0,0.0,0.0,0.0,-1870.0,3520.0,yonden
2017,11,2017-11-29,09:00,3630.0,0.0,5060.0,240.0,－－－－－－－－－－,10.0,170.0,0.0,0.0,0.0,0.0,-1850.0,3630.0,yonden
2017,11,2017-11-29,10:00,3640.0,0.0,5150.0,260.0,－－－－－－－－－－,10.0,190.0,0.0,0.0,0.0,0.0,-1970.0,3640.0,yonden
2017,11,2017-11-29,11:00,3650.0,0.0,5050.0,230.0,－－－－－－－－－－,10.0,170.0,0.0,10.0,0.0,0.0,-1820.0,3650.0,yonden
2017,11,2017-11-29,12:00,3480.0,0.0,4850.0,200.0,－－－－－－－－－－,10.0,130.0,0.0,20.0,0.0,0.0,-1730.0,3480.0,yonden
2017,11,2017-11-29,13:00,3700.0,0.0,5040.0,290.0,－－－－－－－－－－,10.0,110.0,0.0,30.0,0.0,0.0,-1780.0,3700.0,yonden
2017,11,2017-11-29,14:00,3690.0,0.0,5050.0,300.0,－－－－－－－－－－,10.0,90.0,0.0,30.0,0.0,0.0,-1790.0,3690.0,yonden
2017,11,2017-11-29,15:00,3650.0,0.0,5030.0,320.0,－－－－－－－－－－,10.0,70.0,0.0,30.0,0.0,0.0,-1810.0,3650.0,yonden
2017,11,2017-11-29,16:00,3720.0,0.0,5070.0,410.0,－－－－－－－－－－,10.0,20.0,0.0,30.0,0.0,0.0,-1820.0,3720.0,yonden
2017,11,2017-11-29,17:00,3740.0,0.0,5060.0,480.0,－－－－－－－－－－,10.0,0.0,0.0,30.0,0.0,0.0,-1840.0,3740.0,yonden
2017,11,2017-11-29,18:00,3670.0,0.0,4910.0,480.0,－－－－－－－－－－,10.0,0.0,0.0,30.0,0.0,0.0,-1760.0,3670.0,yonden
2017,11,2017-11-29,19:00,3510.0,0.0,4750.0,360.0,－－－－－－－－－－,10.0,0.0,0.0,20.0,0.0,0.0,-1630.0,3510.0,yonden
2017,11,2017-11-29,20:00,3340.0,0.0,4620.0,250.0,－－－－－－－－－－,10.0,0.0,0.0,20.0,0.0,0.0,-1560.0,3340.0,yonden
2017,11,2017-11-29,21:00,3120.0,0.0,4460.0,200.0,－－－－－－－－－－,10.0,0.0,0.0,30.0,0.0,0.0,-1580.0,3120.0,yonden
2017,11,2017-11-29,22:00,2870.0,0.0,4050.0,190.0,－－－－－－－－－－,10.0,0.0,0.0,30.0,0.0,0.0,-1410.0,2870.0,yonden
2017,11,2017-11-29,23:00,2740.0,0.0,3880.0,180.0,－－－－－－－－－－,10.0,0.0,0.0,30.0,0.0,0.0,-1360.0,2740.0,yonden
2017,11,2017-11-30,00:00,2630.0,0.0,3840.0,180.0,－－－－－－－－－－,10.0,0.0,0.0,30.0,0.0,0.0,-1430.0,2630.0,yonden
2017,11,2017-11-30,01:00,2720.0,0.0,3840.0,180.0,－－－－－－－－－－,10.0,0.0,0.0,30.0,0.0,0.0,-1340.0,2720.0,yonden
2017,11,2017-11-30,02:00,2960.0,0.0,4030.0,220.0,－－－－－－－－－－,10.0,0.0,0.0,20.0,0.0,0.0,-1320.0,2960.0,yonden
2017,11,2017-11-30,03:00,3150.0,0.0,4160.0,260.0,－－－－－－－－－－,10.0,0.0,0.0,30.0,0.0,0.0,-1310.0,3150.0,yonden
2017,11,2017-11-30,04:00,3190.0,0.0,4170.0,300.0,－－－－－－－－－－,10.0,0.0,0.0,20.0,0.0,0.0,-1310.0,3190.0,yonden
2017,11,2017-11-30,05:00,3110.0,0.0,4100.0,300.0,－－－－－－－－－－,10.0,0.0,0.0,20.0,0.0,0.0,-1320.0,3110.0,yonden
2017,11,2017-11-30,06:00,3070.0,0.0,4370.0,250.0,－－－－－－－－－－,10.0,0.0,0.0,30.0,0.0,0.0,-1590.0,3070.0,yonden
2017,11,2017-11-30,07:00,3140.0,0.0,4550.0,240.0,－－－－－－－－－－,10.0,40.0,0.0,30.0,0.0,0.0,-1730.0,3140.0,yonden
2017,11,2017-11-30,08:00,3480.0,0.0,4780.0,320.0,－－－－－－－－－－,10.0,90.0,0.0,20.0,0.0,0.0,-1740.0,3480.0,yonden
2017,11,2017-11-30,09:00,3580.0,0.0,4830.0,310.0,－－－－－－－－－－,10.0,160.0,0.0,20.0,0.0,0.0,-1750.0,3580.0,yonden
2017,11,2017-11-30,10:00,3530.0,0.0,4740.0,230.0,－－－－－－－－－－,10.0,240.0,0.0,20.0,0.0,0.0,-1710.0,3530.0,yonden
2017,11,2017-11-30,11:00,3530.0,0.0,4790.0,190.0,－－－－－－－－－－,10.0,260.0,0.0,30.0,0.0,0.0,-1750.0,3530.0,yonden
2017,11,2017-11-30,12:00,3380.0,0.0,4680.0,170.0,－－－－－－－－－－,10.0,230.0,0.0,40.0,0.0,0.0,-1750.0,3380.0,yonden
2017,11,2017-11-30,13:00,3590.0,0.0,4920.0,240.0,－－－－－－－－－－,10.0,130.0,0.0,60.0,0.0,0.0,-1770.0,3590.0,yonden
2017,11,2017-11-30,14:00,3620.0,0.0,4840.0,270.0,－－－－－－－－－－,10.0,90.0,0.0,70.0,0.0,0.0,-1660.0,3620.0,yonden
2017,11,2017-11-30,15:00,3620.0,0.0,4740.0,310.0,－－－－－－－－－－,10.0,60.0,0.0,70.0,0.0,0.0,-1570.0,3620.0,yonden
2017,11,2017-11-30,16:00,3670.0,0.0,4750.0,390.0,－－－－－－－－－－,10.0,20.0,0.0,90.0,0.0,0.0,-1590.0,3670.0,yonden
2017,11,2017-11-30,17:00,3720.0,0.0,4750.0,490.0,－－－－－－－－－－,10.0,0.0,0.0,100.0,0.0,0.0,-1630.0,3720.0,yonden
2017,11,2017-11-30,18:00,3670.0,0.0,4690.0,470.0,－－－－－－－－－－,10.0,0.0,0.0,90.0,0.0,0.0,-1590.0,3670.0,yonden
2017,11,2017-11-30,19:00,3540.0,0.0,4600.0,420.0,－－－－－－－－－－,10.0,0.0,0.0,100.0,0.0,0.0,-1590.0,3540.0,yonden
2017,11,2017-11-30,20:00,3380.0,0.0,4650.0,320.0,－－－－－－－－－－,10.0,0.0,0.0,100.0,0.0,0.0,-1700.0,3380.0,yonden
2017,11,2017-11-30,21:00,3170.0,0.0,4380.0,280.0,－－－－－－－－－－,10.0,0.0,0.0,100.0,0.0,0.0,-1600.0,3170.0,yonden
2017,11,2017-11-30,22:00,2950.0,0.0,4100.0,190.0,－－－－－－－－－－,10.0,0.0,0.0,100.0,0.0,0.0,-1450.0,2950.0,yonden
2017,11,2017-11-30,23:00,2830.0,0.0,3880.0,170.0,－－－－－－－－－－,10.0,0.0,0.0,110.0,0.0,0.0,-1340.0,2830.0,yonden
2017,12,2017-12-01,00:00,2730.0,0.0,3860.0,170.0,－－－－－－－－－－,10.0,0.0,0.0,120.0,0.0,0.0,-1430.0,2730.0,yonden
2017,12,2017-12-01,01:00,2790.0,0.0,3840.0,170.0,－－－－－－－－－－,10.0,0.0,0.0,120.0,0.0,0.0,-1350.0,2790.0,yonden
2017,12,2017-12-01,02:00,3030.0,0.0,3900.0,190.0,－－－－－－－－－－,10.0,0.0,0.0,120.0,0.0,0.0,-1190.0,3030.0,yonden
2017,12,2017-12-01,03:00,3230.0,0.0,4000.0,240.0,－－－－－－－－－－,10.0,0.0,0.0,120.0,0.0,0.0,-1140.0,3230.0,yonden
2017,12,2017-12-01,04:00,3290.0,0.0,4020.0,280.0,－－－－－－－－－－,10.0,0.0,0.0,120.0,0.0,0.0,-1140.0,3290.0,yonden
2017,12,2017-12-01,05:00,3250.0,0.0,3980.0,280.0,－－－－－－－－－－,10.0,0.0,0.0,110.0,0.0,0.0,-1130.0,3250.0,yonden
2017,12,2017-12-01,06:00,3300.0,0.0,4170.0,260.0,－－－－－－－－－－,10.0,0.0,0.0,110.0,0.0,0.0,-1250.0,3300.0,yonden
2017,12,2017-12-01,07:00,3320.0,0.0,4390.0,240.0,－－－－－－－－－－,10.0,120.0,0.0,110.0,0.0,0.0,-1550.0,3320.0,yonden
2017,12,2017-12-01,08:00,3510.0,0.0,4520.0,250.0,－－－－－－－－－－,10.0,360.0,0.0,110.0,0.0,0.0,-1740.0,3510.0,yonden
2017,12,2017-12-01,09:00,3640.0,0.0,4560.0,230.0,－－－－－－－－－－,10.0,690.0,0.0,100.0,0.0,0.0,-1950.0,3640.0,yonden
2017,12,2017-12-01,10:00,3620.0,0.0,4350.0,200.0,－－－－－－－－－－,10.0,930.0,0.0,100.0,0.0,0.0,-1970.0,3620.0,yonden
2017,12,2017-12-01,11:00,3540.0,0.0,4100.0,180.0,－－－－－－－－－－,10.0,1060.0,0.0,100.0,0.0,-130.0,-1780.0,3540.0,yonden
2017,12,2017-12-01,12:00,3350.0,0.0,4070.0,160.0,－－－－－－－－－－,10.0,1000.0,0.0,100.0,0.0,-300.0,-1690.0,3350.0,yonden
2017,12,2017-12-01,13:00,3510.0,0.0,4070.0,200.0,－－－－－－－－－－,10.0,860.0,0.0,100.0,0.0,-50.0,-1680.0,3510.0,yonden
2017,12,2017-12-01,14:00,3520.0,0.0,4120.0,220.0,－－－－－－－－－－,10.0,710.0,0.0,100.0,0.0,0.0,-1640.0,3520.0,yonden
2017,12,2017-12-01,15:00,3540.0,0.0,4400.0,250.0,－－－－－－－－－－,10.0,400.0,0.0,110.0,0.0,0.0,-1630.0,3540.0,yonden
2017,12,2017-12-01,16:00,3660.0,0.0,4710.0,410.0,－－－－－－－－－－,10.0,90.0,0.0,120.0,0.0,0.0,-1680.0,3660.0,yonden
2017,12,2017-12-01,17:00,3820.0,0.0,4930.0,470.0,－－－－－－－－－－,10.0,0.0,0.0,120.0,0.0,0.0,-1710.0,3820.0,yonden
2017,12,2017-12-01,18:00,3800.0,0.0,4700.0,490.0,－－－－－－－－－－,10.0,0.0,0.0,120.0,0.0,0.0,-1520.0,3800.0,yonden
2017,12,2017-12-01,19:00,3680.0,0.0,4560.0,470.0,－－－－－－－－－－,10.0,0.0,0.0,120.0,0.0,0.0,-1480.0,3680.0,yonden
2017,12,2017-12-01,20:00,3530.0,0.0,4500.0,380.0,－－－－－－－－－－,10.0,0.0,0.0,110.0,0.0,0.0,-1470.0,3530.0,yonden
2017,12,2017-12-01,21:00,3330.0,0.0,4240.0,300.0,－－－－－－－－－－,10.0,0.0,0.0,110.0,0.0,0.0,-1330.0,3330.0,yonden
2017,12,2017-12-01,22:00,3140.0,0.0,4160.0,180.0,－－－－－－－－－－,10.0,0.0,0.0,110.0,0.0,0.0,-1320.0,3140.0,yonden
2017,12,2017-12-01,23:00,3020.0,0.0,3930.0,170.0,－－－－－－－－－－,10.0,0.0,0.0,110.0,0.0,0.0,-1200.0,3020.0,yonden
2017,12,2017-12-02,00:00,2920.0,0.0,3890.0,120.0,－－－－－－－－－－,10.0,0.0,0.0,90.0,0.0,0.0,-1190.0,2920.0,yonden
2017,12,2017-12-02,01:00,3030.0,0.0,3930.0,140.0,－－－－－－－－－－,10.0,0.0,0.0,80.0,0.0,0.0,-1130.0,3030.0,yonden
2017,12,2017-12-02,02:00,3260.0,0.0,4150.0,170.0,－－－－－－－－－－,10.0,0.0,0.0,80.0,0.0,0.0,-1150.0,3260.0,yonden
2017,12,2017-12-02,03:00,3420.0,0.0,4290.0,210.0,－－－－－－－－－－,10.0,0.0,0.0,70.0,0.0,0.0,-1160.0,3420.0,yonden
2017,12,2017-12-02,04:00,3420.0,0.0,4260.0,230.0,－－－－－－－－－－,10.0,0.0,0.0,80.0,0.0,0.0,-1160.0,3420.0,yonden
2017,12,2017-12-02,05:00,3280.0,0.0,4170.0,210.0,－－－－－－－－－－,10.0,0.0,0.0,70.0,0.0,0.0,-1180.0,3280.0,yonden
2017,12,2017-12-02,06:00,3220.0,0.0,4240.0,210.0,－－－－－－－－－－,10.0,0.0,0.0,70.0,0.0,0.0,-1310.0,3220.0,yonden
2017,12,2017-12-02,07:00,3290.0,0.0,4320.0,160.0,－－－－－－－－－－,10.0,140.0,0.0,50.0,0.0,0.0,-1390.0,3290.0,yonden
2017,12,2017-12-02,08:00,3400.0,0.0,4230.0,160.0,－－－－－－－－－－,10.0,430.0,0.0,40.0,0.0,0.0,-1470.0,3400.0,yonden
2017,12,2017-12-02,09:00,3360.0,0.0,4050.0,160.0,－－－－－－－－－－,10.0,820.0,0.0,20.0,0.0,0.0,-1700.0,3360.0,yonden
2017,12,2017-12-02,10:00,3280.0,0.0,3810.0,150.0,－－－－－－－－－－,10.0,1140.0,0.0,20.0,0.0,0.0,-1850.0,3280.0,yonden
2017,12,2017-12-02,11:00,3220.0,0.0,3570.0,140.0,－－－－－－－－－－,10.0,1270.0,0.0,20.0,0.0,0.0,-1790.0,3220.0,yonden
2017,12,2017-12-02,12:00,3050.0,0.0,3540.0,130.0,－－－－－－－－－－,10.0,1270.0,0.0,30.0,0.0,0.0,-1930.0,3050.0,yonden
2017,12,2017-12-02,13:00,3120.0,0.0,3580.0,130.0,－－－－－－－－－－,10.0,1150.0,0.0,20.0,0.0,0.0,-1770.0,3120.0,yonden
2017,12,2017-12-02,14:00,3110.0,0.0,3650.0,130.0,－－－－－－－－－－,10.0,880.0,0.0,20.0,0.0,0.0,-1580.0,3110.0,yonden
2017,12,2017-12-02,15:00,3180.0,0.0,3930.0,140.0,－－－－－－－－－－,10.0,510.0,0.0,10.0,0.0,0.0,-1420.0,3180.0,yonden
2017,12,2017-12-02,16:00,3310.0,0.0,4310.0,240.0,－－－－－－－－－－,10.0,130.0,0.0,10.0,0.0,0.0,-1390.0,3310.0,yonden
2017,12,2017-12-02,17:00,3500.0,0.0,4450.0,370.0,－－－－－－－－－－,10.0,0.0,0.0,10.0,0.0,0.0,-1340.0,3500.0,yonden
2017,12,2017-12-02,18:00,3550.0,0.0,4400.0,380.0,－－－－－－－－－－,10.0,0.0,0.0,0.0,0.0,0.0,-1240.0,3550.0,yonden
2017,12,2017-12-02,19:00,3490.0,0.0,4350.0,320.0,－－－－－－－－－－,10.0,0.0,0.0,0.0,0.0,0.0,-1190.0,3490.0,yonden
2017,12,2017-12-02,20:00,3380.0,0.0,4360.0,230.0,－－－－－－－－－－,10.0,0.0,0.0,0.0,0.0,0.0,-1220.0,3380.0,yonden
2017,12,2017-12-02,21:00,3200.0,0.0,4220.0,160.0,－－－－－－－－－－,10.0,0.0,0.0,10.0,0.0,0.0,-1200.0,3200.0,yonden
2017,12,2017-12-02,22:00,3010.0,0.0,4000.0,120.0,－－－－－－－－－－,10.0,0.0,0.0,0.0,0.0,0.0,-1120.0,3010.0,yonden
2017,12,2017-12-02,23:00,2920.0,0.0,3900.0,120.0,－－－－－－－－－－,10.0,0.0,0.0,10.0,0.0,0.0,-1120.0,2920.0,yonden
2017,12,2017-12-03,00:00,2840.0,0.0,3800.0,140.0,－－－－－－－－－－,10.0,0.0,0.0,10.0,0.0,0.0,-1120.0,2840.0,yonden
2017,12,2017-12-03,01:00,2920.0,0.0,3890.0,140.0,－－－－－－－－－－,10.0,0.0,0.0,0.0,0.0,0.0,-1120.0,2920.0,yonden
2017,12,2017-12-03,02:00,3120.0,0.0,4040.0,160.0,－－－－－－－－－－,10.0,0.0,0.0,0.0,0.0,0.0,-1090.0,3120.0,yonden
2017,12,2017-12-03,03:00,3260.0,0.0,4080.0,210.0,－－－－－－－－－－,10.0,0.0,0.0,0.0,0.0,0.0,-1040.0,3260.0,yonden
2017,12,2017-12-03,04:00,3250.0,0.0,4040.0,260.0,－－－－－－－－－－,10.0,0.0,0.0,0.0,0.0,0.0,-1060.0,3250.0,yonden
2017,12,2017-12-03,05:00,3100.0,0.0,4000.0,170.0,－－－－－－－－－－,10.0,0.0,0.0,10.0,0.0,0.0,-1090.0,3100.0,yonden
2017,12,2017-12-03,06:00,2860.0,0.0,3900.0,120.0,－－－－－－－－－－,10.0,0.0,0.0,10.0,0.0,0.0,-1180.0,2860.0,yonden
2017,12,2017-12-03,07:00,2850.0,0.0,3800.0,120.0,－－－－－－－－－－,10.0,120.0,0.0,10.0,0.0,0.0,-1210.0,2850.0,yonden
2017,12,2017-12-03,08:00,2880.0,0.0,3780.0,140.0,－－－－－－－－－－,10.0,380.0,0.0,20.0,0.0,0.0,-1450.0,2880.0,yonden
2017,12,2017-12-03,09:00,2810.0,0.0,3520.0,180.0,－－－－－－－－－－,10.0,750.0,0.0,20.0,0.0,-50.0,-1620.0,2810.0,yonden
2017,12,2017-12-03,10:00,2760.0,0.0,3550.0,150.0,－－－－－－－－－－,10.0,1030.0,0.0,30.0,0.0,-300.0,-1710.0,2760.0,yonden
2017,12,2017-12-03,11:00,2680.0,0.0,3440.0,120.0,－－－－－－－－－－,10.0,1170.0,0.0,20.0,0.0,-300.0,-1780.0,2680.0,yonden
2017,12,2017-12-03,12:00,2670.0,0.0,3390.0,120.0,－－－－－－－－－－,10.0,1210.0,0.0,30.0,0.0,-290.0,-1800.0,2670.0,yonden
2017,12,2017-12-03,13:00,2630.0,0.0,3390.0,120.0,－－－－－－－－－－,10.0,1090.0,0.0,20.0,0.0,-290.0,-1710.0,2630.0,yonden
2017,12,2017-12-03,14:00,2620.0,0.0,3390.0,120.0,－－－－－－－－－－,10.0,830.0,0.0,20.0,0.0,0.0,-1750.0,2620.0,yonden
2017,12,2017-12-03,15:00,2690.0,0.0,3530.0,120.0,－－－－－－－－－－,10.0,480.0,0.0,10.0,0.0,0.0,-1460.0,2690.0,yonden
2017,12,2017-12-03,16:00,2810.0,0.0,3770.0,220.0,－－－－－－－－－－,10.0,120.0,0.0,10.0,0.0,0.0,-1320.0,2810.0,yonden
2017,12,2017-12-03,17:00,3140.0,0.0,3970.0,390.0,－－－－－－－－－－,10.0,0.0,0.0,10.0,0.0,0.0,-1240.0,3140.0,yonden
2017,12,2017-12-03,18:00,3250.0,0.0,4030.0,440.0,－－－－－－－－－－,10.0,0.0,0.0,10.0,0.0,0.0,-1240.0,3250.0,yonden
2017,12,2017-12-03,19:00,3220.0,0.0,4070.0,390.0,－－－－－－－－－－,10.0,0.0,0.0,10.0,0.0,0.0,-1260.0,3220.0,yonden
2017,12,2017-12-03,20:00,3140.0,0.0,4080.0,280.0,－－－－－－－－－－,10.0,0.0,0.0,10.0,0.0,0.0,-1240.0,3140.0,yonden
2017,12,2017-12-03,21:00,2990.0,0.0,3960.0,190.0,－－－－－－－－－－,10.0,0.0,0.0,10.0,0.0,0.0,-1180.0,2990.0,yonden
2017,12,2017-12-03,22:00,2790.0,0.0,3720.0,170.0,－－－－－－－－－－,10.0,0.0,0.0,10.0,0.0,0.0,-1120.0,2790.0,yonden
2017,12,2017-12-03,23:00,2690.0,0.0,3650.0,130.0,－－－－－－－－－－,10.0,0.0,0.0,10.0,0.0,0.0,-1110.0,2690.0,yonden
2017,12,2017-12-04,00:00,2630.0,0.0,3600.0,130.0,－－－－－－－－－－,10.0,0.0,0.0,20.0,0.0,0.0,-1130.0,2630.0,yonden
2017,12,2017-12-04,01:00,2800.0,0.0,3720.0,160.0,－－－－－－－－－－,10.0,0.0,0.0,20.0,0.0,0.0,-1110.0,2800.0,yonden
2017,12,2017-12-04,02:00,3050.0,0.0,4010.0,170.0,－－－－－－－－－－,10.0,0.0,0.0,10.0,0.0,0.0,-1150.0,3050.0,yonden
2017,12,2017-12-04,03:00,3220.0,0.0,4160.0,200.0,－－－－－－－－－－,10.0,0.0,0.0,10.0,0.0,0.0,-1160.0,3220.0,yonden
2017,12,2017-12-04,04:00,3250.0,0.0,4160.0,210.0,－－－－－－－－－－,10.0,0.0,0.0,20.0,0.0,0.0,-1150.0,3250.0,yonden
2017,12,2017-12-04,05:00,3220.0,0.0,4120.0,230.0,－－－－－－－－－－,10.0,0.0,0.0,30.0,0.0,0.0,-1170.0,3220.0,yonden
2017,12,2017-12-04,06:00,3320.0,0.0,4500.0,210.0,－－－－－－－－－－,10.0,0.0,0.0,30.0,0.0,0.0,-1430.0,3320.0,yonden
2017,12,2017-12-04,07:00,3440.0,0.0,4570.0,170.0,－－－－－－－－－－,10.0,90.0,0.0,20.0,0.0,0.0,-1420.0,3440.0,yonden
2017,12,2017-12-04,08:00,3840.0,0.0,4760.0,210.0,－－－－－－－－－－,10.0,140.0,0.0,20.0,0.0,0.0,-1300.0,3840.0,yonden
2017,12,2017-12-04,09:00,4050.0,0.0,4980.0,260.0,－－－－－－－－－－,10.0,110.0,0.0,30.0,0.0,0.0,-1340.0,4050.0,yonden
2017,12,2017-12-04,10:00,4030.0,0.0,4870.0,200.0,－－－－－－－－－－,10.0,130.0,0.0,40.0,0.0,0.0,-1220.0,4030.0,yonden
2017,12,2017-12-04,11:00,4010.0,0.0,4930.0,190.0,－－－－－－－－－－,10.0,150.0,0.0,60.0,0.0,0.0,-1330.0,4010.0,yonden
2017,12,2017-12-04,12:00,3760.0,0.0,4690.0,140.0,－－－－－－－－－－,10.0,160.0,0.0,80.0,0.0,0.0,-1320.0,3760.0,yonden
2017,12,2017-12-04,13:00,4000.0,0.0,5080.0,190.0,－－－－－－－－－－,10.0,120.0,0.0,70.0,0.0,0.0,-1470.0,4000.0,yonden
2017,12,2017-12-04,14:00,3980.0,0.0,5090.0,240.0,－－－－－－－－－－,10.0,80.0,0.0,60.0,0.0,0.0,-1500.0,3980.0,yonden
2017,12,2017-12-04,15:00,3930.0,0.0,4920.0,250.0,－－－－－－－－－－,10.0,80.0,0.0,80.0,0.0,0.0,-1410.0,3930.0,yonden
2017,12,2017-12-04,16:00,4010.0,0.0,5000.0,360.0,－－－－－－－－－－,10.0,40.0,0.0,100.0,0.0,0.0,-1500.0,4010.0,yonden
2017,12,2017-12-04,17:00,4110.0,0.0,5030.0,480.0,－－－－－－－－－－,10.0,0.0,0.0,100.0,0.0,0.0,-1510.0,4110.0,yonden
2017,12,2017-12-04,18:00,4100.0,0.0,4930.0,510.0,－－－－－－－－－－,10.0,0.0,0.0,100.0,0.0,0.0,-1450.0,4100.0,yonden
2017,12,2017-12-04,19:00,3940.0,0.0,4850.0,470.0,－－－－－－－－－－,10.0,0.0,0.0,100.0,0.0,0.0,-1490.0,3940.0,yonden
2017,12,2017-12-04,20:00,3730.0,0.0,4620.0,350.0,－－－－－－－－－－,10.0,0.0,0.0,90.0,0.0,0.0,-1340.0,3730.0,yonden
2017,12,2017-12-04,21:00,3500.0,0.0,4430.0,240.0,－－－－－－－－－－,10.0,0.0,0.0,100.0,0.0,0.0,-1280.0,3500.0,yonden
2017,12,2017-12-04,22:00,3190.0,0.0,4150.0,210.0,－－－－－－－－－－,10.0,0.0,0.0,90.0,0.0,0.0,-1270.0,3190.0,yonden
2017,12,2017-12-04,23:00,3020.0,0.0,3940.0,180.0,－－－－－－－－－－,10.0,0.0,0.0,90.0,0.0,0.0,-1200.0,3020.0,yonden
2017,12,2017-12-05,00:00,2900.0,0.0,3900.0,170.0,－－－－－－－－－－,10.0,0.0,0.0,90.0,0.0,0.0,-1270.0,2900.0,yonden
2017,12,2017-12-05,01:00,3020.0,0.0,3910.0,180.0,－－－－－－－－－－,10.0,0.0,0.0,100.0,0.0,0.0,-1180.0,3020.0,yonden
2017,12,2017-12-05,02:00,3270.0,0.0,4160.0,220.0,－－－－－－－－－－,10.0,0.0,0.0,100.0,0.0,0.0,-1220.0,3270.0,yonden
2017,12,2017-12-05,03:00,3440.0,0.0,4260.0,250.0,－－－－－－－－－－,10.0,0.0,0.0,110.0,0.0,0.0,-1190.0,3440.0,yonden
2017,12,2017-12-05,04:00,3480.0,0.0,4280.0,270.0,－－－－－－－－－－,10.0,0.0,0.0,110.0,0.0,0.0,-1190.0,3480.0,yonden
2017,12,2017-12-05,05:00,3460.0,0.0,4270.0,240.0,－－－－－－－－－－,10.0,0.0,0.0,110.0,0.0,0.0,-1170.0,3460.0,yonden
2017,12,2017-12-05,06:00,3560.0,0.0,4620.0,280.0,－－－－－－－－－－,10.0,0.0,0.0,110.0,0.0,0.0,-1460.0,3560.0,yonden
2017,12,2017-12-05,07:00,3680.0,0.0,4670.0,260.0,－－－－－－－－－－,10.0,110.0,0.0,110.0,0.0,0.0,-1480.0,3680.0,yonden
2017,12,2017-12-05,08:00,3890.0,0.0,4640.0,260.0,－－－－－－－－－－,10.0,290.0,0.0,110.0,0.0,0.0,-1420.0,3890.0,yonden
2017,12,2017-12-05,09:00,3930.0,0.0,4500.0,280.0,－－－－－－－－－－,10.0,540.0,0.0,110.0,0.0,0.0,-1510.0,3930.0,yonden
2017,12,2017-12-05,10:00,3940.0,0.0,4630.0,270.0,－－－－－－－－－－,10.0,670.0,0.0,110.0,0.0,0.0,-1750.0,3940.0,yonden
2017,12,2017-12-05,11:00,3900.0,0.0,4740.0,250.0,－－－－－－－－－－,10.0,680.0,0.0,100.0,0.0,0.0,-1880.0,3900.0,yonden
2017,12,2017-12-05,12:00,3640.0,0.0,4540.0,210.0,－－－－－－－－－－,10.0,740.0,0.0,90.0,0.0,0.0,-1950.0,3640.0,yonden
2017,12,2017-12-05,13:00,3830.0,0.0,4570.0,250.0,－－－－－－－－－－,10.0,700.0,0.0,110.0,0.0,0.0,-1810.0,3830.0,yonden
2017,12,2017-12-05,14:00,3880.0,0.0,4660.0,240.0,－－－－－－－－－－,10.0,520.0,0.0,110.0,0.0,0.0,-1660.0,3880.0,yonden
2017,12,2017-12-05,15:00,3960.0,0.0,4850.0,280.0,－－－－－－－－－－,10.0,270.0,0.0,110.0,0.0,0.0,-1560.0,3960.0,yonden
2017,12,2017-12-05,16:00,4170.0,0.0,5190.0,380.0,－－－－－－－－－－,10.0,70.0,0.0,110.0,0.0,60.0,-1650.0,4170.0,yonden
2017,12,2017-12-05,17:00,4350.0,0.0,5250.0,430.0,－－－－－－－－－－,10.0,0.0,0.0,110.0,0.0,220.0,-1670.0,4350.0,yonden
2017,12,2017-12-05,18:00,4360.0,0.0,5240.0,470.0,－－－－－－－－－－,10.0,0.0,0.0,110.0,0.0,180.0,-1650.0,4360.0,yonden
2017,12,2017-12-05,19:00,4210.0,0.0,5170.0,390.0,－－－－－－－－－－,10.0,0.0,0.0,110.0,0.0,0.0,-1470.0,4210.0,yonden
2017,12,2017-12-05,20:00,4030.0,0.0,4980.0,330.0,－－－－－－－－－－,10.0,0.0,0.0,110.0,0.0,0.0,-1400.0,4030.0,yonden
2017,12,2017-12-05,21:00,3780.0,0.0,4800.0,290.0,－－－－－－－－－－,10.0,0.0,0.0,100.0,0.0,0.0,-1420.0,3780.0,yonden
2017,12,2017-12-05,22:00,3470.0,0.0,4530.0,220.0,－－－－－－－－－－,10.0,0.0,0.0,90.0,0.0,0.0,-1380.0,3470.0,yonden
2017,12,2017-12-05,23:00,3320.0,0.0,4350.0,180.0,－－－－－－－－－－,10.0,0.0,0.0,90.0,0.0,0.0,-1310.0,3320.0,yonden
2017,12,2017-12-06,00:00,3260.0,0.0,4450.0,150.0,－－－－－－－－－－,10.0,0.0,0.0,70.0,0.0,0.0,-1420.0,3260.0,yonden
2017,12,2017-12-06,01:00,3350.0,0.0,4460.0,150.0,－－－－－－－－－－,10.0,0.0,0.0,60.0,0.0,0.0,-1330.0,3350.0,yonden
2017,12,2017-12-06,02:00,3540.0,0.0,4590.0,170.0,－－－－－－－－－－,10.0,0.0,0.0,60.0,0.0,0.0,-1290.0,3540.0,yonden
2017,12,2017-12-06,03:00,3620.0,0.0,4680.0,280.0,－－－－－－－－－－,10.0,0.0,0.0,60.0,0.0,0.0,-1410.0,3620.0,yonden
2017,12,2017-12-06,04:00,3590.0,0.0,4640.0,280.0,－－－－－－－－－－,10.0,0.0,0.0,70.0,0.0,0.0,-1410.0,3590.0,yonden
2017,12,2017-12-06,05:00,3540.0,0.0,4660.0,210.0,－－－－－－－－－－,10.0,0.0,0.0,80.0,0.0,0.0,-1420.0,3540.0,yonden
2017,12,2017-12-06,06:00,3720.0,0.0,4830.0,200.0,－－－－－－－－－－,10.0,0.0,0.0,90.0,0.0,0.0,-1410.0,3720.0,yonden
2017,12,2017-12-06,07:00,3870.0,0.0,4960.0,230.0,－－－－－－－－－－,10.0,110.0,0.0,80.0,0.0,0.0,-1520.0,3870.0,yonden
2017,12,2017-12-06,08:00,4030.0,0.0,4820.0,230.0,－－－－－－－－－－,10.0,380.0,0.0,50.0,0.0,0.0,-1460.0,4030.0,yonden
2017,12,2017-12-06,09:00,3970.0,0.0,4600.0,180.0,－－－－－－－－－－,10.0,770.0,0.0,40.0,0.0,0.0,-1630.0,3970.0,yonden
2017,12,2017-12-06,10:00,3900.0,0.0,4500.0,150.0,－－－－－－－－－－,10.0,1030.0,0.0,30.0,0.0,0.0,-1820.0,3900.0,yonden
2017,12,2017-12-06,11:00,3860.0,0.0,4560.0,150.0,－－－－－－－－－－,10.0,1170.0,0.0,40.0,0.0,0.0,-2070.0,3860.0,yonden
2017,12,2017-12-06,12:00,3600.0,0.0,4470.0,140.0,－－－－－－－－－－,10.0,1080.0,0.0,30.0,0.0,0.0,-2130.0,3600.0,yonden
2017,12,2017-12-06,13:00,3770.0,0.0,4700.0,180.0,－－－－－－－－－－,10.0,910.0,0.0,30.0,0.0,0.0,-2060.0,3770.0,yonden
2017,12,2017-12-06,14:00,3770.0,0.0,4670.0,170.0,－－－－－－－－－－,10.0,730.0,0.0,40.0,0.0,0.0,-1850.0,3770.0,yonden
2017,12,2017-12-06,15:00,3880.0,0.0,5010.0,230.0,－－－－－－－－－－,10.0,430.0,0.0,50.0,0.0,0.0,-1850.0,3880.0,yonden
2017,12,2017-12-06,16:00,4040.0,0.0,5220.0,300.0,－－－－－－－－－－,10.0,120.0,0.0,50.0,0.0,80.0,-1740.0,4040.0,yonden
2017,12,2017-12-06,17:00,4240.0,0.0,5260.0,390.0,－－－－－－－－－－,10.0,0.0,0.0,40.0,0.0,200.0,-1660.0,4240.0,yonden
2017,12,2017-12-06,18:00,4300.0,0.0,5240.0,460.0,－－－－－－－－－－,10.0,0.0,0.0,40.0,0.0,200.0,-1650.0,4300.0,yonden
2017,12,2017-12-06,19:00,4170.0,0.0,5140.0,420.0,－－－－－－－－－－,10.0,0.0,0.0,30.0,0.0,70.0,-1500.0,4170.0,yonden
2017,12,2017-12-06,20:00,4000.0,0.0,4980.0,310.0,－－－－－－－－－－,10.0,0.0,0.0,20.0,0.0,0.0,-1320.0,4000.0,yonden
2017,12,2017-12-06,21:00,3760.0,0.0,4880.0,270.0,－－－－－－－－－－,10.0,0.0,0.0,20.0,0.0,0.0,-1420.0,3760.0,yonden
2017,12,2017-12-06,22:00,3470.0,0.0,4700.0,190.0,－－－－－－－－－－,10.0,0.0,0.0,10.0,0.0,0.0,-1440.0,3470.0,yonden
2017,12,2017-12-06,23:00,3340.0,0.0,4480.0,160.0,－－－－－－－－－－,10.0,0.0,0.0,20.0,0.0,0.0,-1330.0,3340.0,yonden
2017,12,2017-12-07,00:00,3250.0,0.0,4520.0,150.0,－－－－－－－－－－,10.0,0.0,0.0,20.0,0.0,0.0,-1450.0,3250.0,yonden
2017,12,2017-12-07,01:00,3310.0,0.0,4510.0,140.0,－－－－－－－－－－,10.0,0.0,0.0,10.0,0.0,0.0,-1360.0,3310.0,yonden
2017,12,2017-12-07,02:00,3500.0,0.0,4610.0,150.0,－－－－－－－－－－,10.0,0.0,0.0,10.0,0.0,0.0,-1280.0,3500.0,yonden
2017,12,2017-12-07,03:00,3590.0,0.0,4640.0,190.0,－－－－－－－－－－,10.0,0.0,0.0,10.0,0.0,0.0,-1260.0,3590.0,yonden
2017,12,2017-12-07,04:00,3590.0,0.0,4670.0,240.0,－－－－－－－－－－,10.0,0.0,0.0,0.0,0.0,0.0,-1330.0,3590.0,yonden
2017,12,2017-12-07,05:00,3550.0,0.0,4740.0,260.0,－－－－－－－－－－,10.0,0.0,0.0,0.0,0.0,0.0,-1460.0,3550.0,yonden
2017,12,2017-12-07,06:00,3720.0,0.0,4840.0,290.0,－－－－－－－－－－,10.0,0.0,0.0,0.0,0.0,0.0,-1420.0,3720.0,yonden
2017,12,2017-12-07,07:00,3870.0,0.0,5020.0,270.0,－－－－－－－－－－,10.0,120.0,0.0,0.0,0.0,0.0,-1550.0,3870.0,yonden
2017,12,2017-12-07,08:00,4060.0,0.0,5040.0,210.0,－－－－－－－－－－,10.0,390.0,0.0,0.0,0.0,0.0,-1590.0,4060.0,yonden
2017,12,2017-12-07,09:00,4000.0,0.0,4840.0,180.0,－－－－－－－－－－,10.0,790.0,0.0,0.0,0.0,0.0,-1820.0,4000.0,yonden
2017,12,2017-12-07,10:00,3860.0,0.0,4590.0,150.0,－－－－－－－－－－,10.0,1100.0,0.0,10.0,0.0,0.0,-2000.0,3860.0,yonden
2017,12,2017-12-07,11:00,3770.0,0.0,4380.0,150.0,－－－－－－－－－－,10.0,1220.0,0.0,10.0,0.0,0.0,-2000.0,3770.0,yonden
2017,12,2017-12-07,12:00,3600.0,0.0,4170.0,140.0,－－－－－－－－－－,10.0,1180.0,0.0,10.0,0.0,0.0,-1910.0,3600.0,yonden
2017,12,2017-12-07,13:00,3720.0,0.0,4590.0,170.0,－－－－－－－－－－,10.0,1040.0,0.0,10.0,0.0,0.0,-2100.0,3720.0,yonden
2017,12,2017-12-07,14:00,3700.0,0.0,4860.0,220.0,－－－－－－－－－－,10.0,740.0,0.0,0.0,0.0,0.0,-2130.0,3700.0,yonden
2017,12,2017-12-07,15:00,3680.0,0.0,5170.0,270.0,－－－－－－－－－－,10.0,360.0,0.0,0.0,0.0,0.0,-2130.0,3680.0,yonden
2017,12,2017-12-07,16:00,3860.0,0.0,5250.0,330.0,－－－－－－－－－－,10.0,80.0,0.0,0.0,0.0,70.0,-1880.0,3860.0,yonden
2017,12,2017-12-07,17:00,4090.0,0.0,5240.0,360.0,－－－－－－－－－－,10.0,0.0,0.0,0.0,0.0,140.0,-1660.0,4090.0,yonden
2017,12,2017-12-07,18:00,4120.0,0.0,5250.0,380.0,－－－－－－－－－－,10.0,0.0,0.0,0.0,0.0,140.0,-1660.0,4120.0,yonden
2017,12,2017-12-07,19:00,3970.0,0.0,5140.0,420.0,－－－－－－－－－－,10.0,0.0,0.0,0.0,0.0,0.0,-1600.0,3970.0,yonden
2017,12,2017-12-07,20:00,3790.0,0.0,4920.0,310.0,－－－－－－－－－－,10.0,0.0,0.0,0.0,0.0,0.0,-1450.0,3790.0,yonden
2017,12,2017-12-07,21:00,3560.0,0.0,4720.0,230.0,－－－－－－－－－－,10.0,0.0,0.0,0.0,0.0,0.0,-1400.0,3560.0,yonden
2017,12,2017-12-07,22:00,3320.0,0.0,4590.0,170.0,－－－－－－－－－－,10.0,0.0,0.0,0.0,0.0,0.0,-1450.0,3320.0,yonden
2017,12,2017-12-07,23:00,3160.0,0.0,4430.0,140.0,－－－－－－－－－－,10.0,0.0,0.0,0.0,0.0,0.0,-1420.0,3160.0,yonden
2017,12,2017-12-08,00:00,3040.0,0.0,4240.0,120.0,－－－－－－－－－－,10.0,0.0,0.0,10.0,0.0,0.0,-1340.0,3040.0,yonden
2017,12,2017-12-08,01:00,3130.0,0.0,4190.0,120.0,－－－－－－－－－－,10.0,0.0,0.0,10.0,0.0,0.0,-1200.0,3130.0,yonden
2017,12,2017-12-08,02:00,3330.0,0.0,4350.0,140.0,－－－－－－－－－－,10.0,0.0,0.0,30.0,0.0,0.0,-1200.0,3330.0,yonden
2017,12,2017-12-08,03:00,3460.0,0.0,4470.0,150.0,－－－－－－－－－－,10.0,0.0,0.0,50.0,0.0,0.0,-1220.0,3460.0,yonden
2017,12,2017-12-08,04:00,3480.0,0.0,4530.0,140.0,－－－－－－－－－－,10.0,0.0,0.0,60.0,0.0,0.0,-1260.0,3480.0,yonden
2017,12,2017-12-08,05:00,3380.0,0.0,4440.0,220.0,－－－－－－－－－－,10.0,0.0,0.0,80.0,0.0,0.0,-1370.0,3380.0,yonden
2017,12,2017-12-08,06:00,3470.0,0.0,4630.0,230.0,－－－－－－－－－－,10.0,0.0,0.0,90.0,0.0,0.0,-1490.0,3470.0,yonden
2017,12,2017-12-08,07:00,3630.0,0.0,4760.0,210.0,－－－－－－－－－－,10.0,30.0,0.0,110.0,0.0,0.0,-1490.0,3630.0,yonden
2017,12,2017-12-08,08:00,4090.0,0.0,5180.0,260.0,－－－－－－－－－－,10.0,80.0,0.0,110.0,0.0,50.0,-1600.0,4090.0,yonden
2017,12,2017-12-08,09:00,4260.0,0.0,5260.0,260.0,－－－－－－－－－－,10.0,250.0,0.0,110.0,0.0,90.0,-1720.0,4260.0,yonden
2017,12,2017-12-08,10:00,4130.0,0.0,5140.0,170.0,－－－－－－－－－－,10.0,420.0,0.0,110.0,0.0,0.0,-1720.0,4130.0,yonden
2017,12,2017-12-08,11:00,4050.0,0.0,5230.0,170.0,－－－－－－－－－－,10.0,380.0,0.0,110.0,0.0,0.0,-1850.0,4050.0,yonden
2017,12,2017-12-08,12:00,3790.0,0.0,5110.0,140.0,－－－－－－－－－－,10.0,410.0,0.0,110.0,0.0,0.0,-1990.0,3790.0,yonden
2017,12,2017-12-08,13:00,3970.0,0.0,5190.0,180.0,－－－－－－－－－－,10.0,530.0,0.0,100.0,0.0,0.0,-2040.0,3970.0,yonden
2017,12,2017-12-08,14:00,3920.0,0.0,4880.0,190.0,－－－－－－－－－－,10.0,620.0,0.0,100.0,0.0,0.0,-1880.0,3920.0,yonden
2017,12,2017-12-08,15:00,3950.0,0.0,4940.0,230.0,－－－－－－－－－－,10.0,400.0,0.0,110.0,0.0,0.0,-1740.0,3950.0,yonden
2017,12,2017-12-08,16:00,4110.0,0.0,5280.0,320.0,－－－－－－－－－－,10.0,90.0,0.0,130.0,0.0,130.0,-1850.0,4110.0,yonden
2017,12,2017-12-08,17:00,4260.0,0.0,5280.0,410.0,－－－－－－－－－－,10.0,0.0,0.0,130.0,0.0,170.0,-1740.0,4260.0,yonden
2017,12,2017-12-08,18:00,4250.0,0.0,5270.0,450.0,－－－－－－－－－－,10.0,0.0,0.0,130.0,0.0,160.0,-1770.0,4250.0,yonden
2017,12,2017-12-08,19:00,4070.0,0.0,5170.0,350.0,－－－－－－－－－－,10.0,0.0,0.0,130.0,0.0,0.0,-1590.0,4070.0,yonden
2017,12,2017-12-08,20:00,3900.0,0.0,4850.0,290.0,－－－－－－－－－－,10.0,0.0,0.0,120.0,0.0,0.0,-1370.0,3900.0,yonden
2017,12,2017-12-08,21:00,3670.0,0.0,4600.0,260.0,－－－－－－－－－－,10.0,0.0,0.0,110.0,0.0,0.0,-1310.0,3670.0,yonden
2017,12,2017-12-08,22:00,3380.0,0.0,4400.0,220.0,－－－－－－－－－－,10.0,0.0,0.0,100.0,0.0,0.0,-1350.0,3380.0,yonden
2017,12,2017-12-08,23:00,3220.0,0.0,4260.0,140.0,－－－－－－－－－－,10.0,0.0,0.0,100.0,0.0,0.0,-1290.0,3220.0,yonden
2017,12,2017-12-09,00:00,3120.0,0.0,4180.0,120.0,－－－－－－－－－－,10.0,0.0,0.0,100.0,0.0,0.0,-1290.0,3120.0,yonden
2017,12,2017-12-09,01:00,3190.0,0.0,4240.0,120.0,－－－－－－－－－－,10.0,0.0,0.0,90.0,0.0,0.0,-1270.0,3190.0,yonden
2017,12,2017-12-09,02:00,3380.0,0.0,4350.0,150.0,－－－－－－－－－－,10.0,0.0,0.0,100.0,0.0,0.0,-1230.0,3380.0,yonden
2017,12,2017-12-09,03:00,3480.0,0.0,4390.0,240.0,－－－－－－－－－－,10.0,0.0,0.0,110.0,0.0,0.0,-1270.0,3480.0,yonden
2017,12,2017-12-09,04:00,3490.0,0.0,4380.0,230.0,－－－－－－－－－－,10.0,0.0,0.0,110.0,0.0,0.0,-1240.0,3490.0,yonden
2017,12,2017-12-09,05:00,3400.0,0.0,4300.0,180.0,－－－－－－－－－－,10.0,0.0,0.0,110.0,0.0,0.0,-1200.0,3400.0,yonden
2017,12,2017-12-09,06:00,3350.0,0.0,4470.0,170.0,－－－－－－－－－－,10.0,0.0,0.0,100.0,0.0,0.0,-1400.0,3350.0,yonden
2017,12,2017-12-09,07:00,3430.0,0.0,4510.0,180.0,－－－－－－－－－－,10.0,90.0,0.0,90.0,0.0,0.0,-1450.0,3430.0,yonden
2017,12,2017-12-09,08:00,3600.0,0.0,4350.0,150.0,－－－－－－－－－－,10.0,310.0,0.0,90.0,0.0,0.0,-1310.0,3600.0,yonden
2017,12,2017-12-09,09:00,3570.0,0.0,4130.0,170.0,－－－－－－－－－－,10.0,610.0,0.0,90.0,0.0,0.0,-1440.0,3570.0,yonden
2017,12,2017-12-09,10:00,3480.0,0.0,4020.0,160.0,－－－－－－－－－－,10.0,840.0,0.0,100.0,0.0,0.0,-1650.0,3480.0,yonden
2017,12,2017-12-09,11:00,3380.0,0.0,3760.0,130.0,－－－－－－－－－－,10.0,950.0,0.0,100.0,0.0,-50.0,-1520.0,3380.0,yonden
2017,12,2017-12-09,12:00,3230.0,0.0,3870.0,120.0,－－－－－－－－－－,10.0,970.0,0.0,90.0,0.0,-300.0,-1530.0,3230.0,yonden
2017,12,2017-12-09,13:00,3300.0,0.0,4010.0,120.0,－－－－－－－－－－,10.0,640.0,0.0,80.0,0.0,0.0,-1560.0,3300.0,yonden
2017,12,2017-12-09,14:00,3300.0,0.0,4350.0,120.0,－－－－－－－－－－,10.0,360.0,0.0,80.0,0.0,0.0,-1620.0,3300.0,yonden
2017,12,2017-12-09,15:00,3360.0,0.0,4410.0,130.0,－－－－－－－－－－,10.0,250.0,0.0,70.0,0.0,0.0,-1510.0,3360.0,yonden
2017,12,2017-12-09,16:00,3490.0,0.0,4480.0,210.0,－－－－－－－－－－,10.0,70.0,0.0,60.0,0.0,0.0,-1340.0,3490.0,yonden
2017,12,2017-12-09,17:00,3730.0,0.0,4740.0,350.0,－－－－－－－－－－,10.0,0.0,0.0,40.0,0.0,0.0,-1410.0,3730.0,yonden
2017,12,2017-12-09,18:00,3740.0,0.0,4690.0,380.0,－－－－－－－－－－,10.0,0.0,0.0,30.0,0.0,0.0,-1370.0,3740.0,yonden
2017,12,2017-12-09,19:00,3640.0,0.0,4680.0,340.0,－－－－－－－－－－,10.0,0.0,0.0,20.0,0.0,0.0,-1410.0,3640.0,yonden
2017,12,2017-12-09,20:00,3530.0,0.0,4640.0,230.0,－－－－－－－－－－,10.0,0.0,0.0,30.0,0.0,0.0,-1380.0,3530.0,yonden
2017,12,2017-12-09,21:00,3350.0,0.0,4480.0,170.0,－－－－－－－－－－,10.0,0.0,0.0,30.0,0.0,0.0,-1340.0,3350.0,yonden
2017,12,2017-12-09,22:00,3120.0,0.0,4230.0,130.0,－－－－－－－－－－,10.0,0.0,0.0,10.0,0.0,0.0,-1260.0,3120.0,yonden
2017,12,2017-12-09,23:00,3030.0,0.0,4080.0,130.0,－－－－－－－－－－,10.0,0.0,0.0,0.0,0.0,0.0,-1190.0,3030.0,yonden
2017,12,2017-12-10,00:00,2960.0,0.0,4020.0,110.0,－－－－－－－－－－,10.0,0.0,0.0,10.0,0.0,0.0,-1190.0,2960.0,yonden
2017,12,2017-12-10,01:00,3050.0,0.0,4120.0,100.0,－－－－－－－－－－,10.0,0.0,0.0,10.0,0.0,0.0,-1190.0,3050.0,yonden
2017,12,2017-12-10,02:00,3240.0,0.0,4270.0,120.0,－－－－－－－－－－,10.0,0.0,0.0,10.0,0.0,0.0,-1170.0,3240.0,yonden
2017,12,2017-12-10,03:00,3340.0,0.0,4360.0,140.0,－－－－－－－－－－,10.0,0.0,0.0,10.0,0.0,0.0,-1180.0,3340.0,yonden
2017,12,2017-12-10,04:00,3320.0,0.0,4330.0,140.0,－－－－－－－－－－,10.0,0.0,0.0,10.0,0.0,0.0,-1170.0,3320.0,yonden
2017,12,2017-12-10,05:00,3160.0,0.0,4190.0,130.0,－－－－－－－－－－,10.0,0.0,0.0,20.0,0.0,0.0,-1190.0,3160.0,yonden
2017,12,2017-12-10,06:00,3010.0,0.0,4060.0,150.0,－－－－－－－－－－,10.0,0.0,0.0,20.0,0.0,0.0,-1230.0,3010.0,yonden
2017,12,2017-12-10,07:00,3010.0,0.0,4070.0,150.0,－－－－－－－－－－,10.0,80.0,0.0,30.0,0.0,0.0,-1330.0,3010.0,yonden
2017,12,2017-12-10,08:00,3070.0,0.0,4080.0,140.0,－－－－－－－－－－,10.0,310.0,0.0,40.0,0.0,-210.0,-1300.0,3070.0,yonden
2017,12,2017-12-10,09:00,3010.0,0.0,3950.0,140.0,－－－－－－－－－－,10.0,670.0,0.0,40.0,0.0,-400.0,-1400.0,3010.0,yonden
2017,12,2017-12-10,10:00,2910.0,0.0,3790.0,120.0,－－－－－－－－－－,10.0,910.0,0.0,70.0,0.0,-590.0,-1400.0,2910.0,yonden
2017,12,2017-12-10,11:00,2850.0,0.0,3620.0,90.0,－－－－－－－－－－,10.0,1030.0,0.0,80.0,0.0,-590.0,-1390.0,2850.0,yonden
2017,12,2017-12-10,12:00,2880.0,0.0,3630.0,90.0,－－－－－－－－－－,10.0,930.0,0.0,80.0,0.0,-590.0,-1270.0,2880.0,yonden
2017,12,2017-12-10,13:00,2840.0,0.0,3790.0,80.0,－－－－－－－－－－,10.0,500.0,0.0,80.0,0.0,-300.0,-1320.0,2840.0,yonden
2017,12,2017-12-10,14:00,2870.0,0.0,3780.0,90.0,－－－－－－－－－－,10.0,220.0,0.0,90.0,0.0,-120.0,-1200.0,2870.0,yonden
2017,12,2017-12-10,15:00,2950.0,0.0,3920.0,110.0,－－－－－－－－－－,10.0,110.0,0.0,70.0,0.0,0.0,-1270.0,2950.0,yonden
2017,12,2017-12-10,16:00,3120.0,0.0,4330.0,170.0,－－－－－－－－－－,10.0,30.0,0.0,60.0,0.0,0.0,-1480.0,3120.0,yonden
2017,12,2017-12-10,17:00,3370.0,0.0,4560.0,280.0,－－－－－－－－－－,10.0,0.0,0.0,30.0,0.0,0.0,-1510.0,3370.0,yonden
2017,12,2017-12-10,18:00,3440.0,0.0,4600.0,360.0,－－－－－－－－－－,10.0,0.0,0.0,20.0,0.0,0.0,-1550.0,3440.0,yonden
2017,12,2017-12-10,19:00,3390.0,0.0,4610.0,280.0,－－－－－－－－－－,10.0,0.0,0.0,10.0,0.0,0.0,-1520.0,3390.0,yonden
2017,12,2017-12-10,20:00,3290.0,0.0,4530.0,200.0,－－－－－－－－－－,10.0,0.0,0.0,20.0,0.0,0.0,-1470.0,3290.0,yonden
2017,12,2017-12-10,21:00,3120.0,0.0,4260.0,180.0,－－－－－－－－－－,10.0,0.0,0.0,50.0,0.0,0.0,-1380.0,3120.0,yonden
2017,12,2017-12-10,22:00,2910.0,0.0,3900.0,130.0,－－－－－－－－－－,10.0,0.0,0.0,60.0,0.0,0.0,-1190.0,2910.0,yonden
2017,12,2017-12-10,23:00,2800.0,0.0,3770.0,130.0,－－－－－－－－－－,10.0,0.0,0.0,60.0,0.0,0.0,-1170.0,2800.0,yonden
2017,12,2017-12-11,00:00,2750.0,0.0,3630.0,130.0,－－－－－－－－－－,10.0,0.0,0.0,70.0,0.0,0.0,-1090.0,2750.0,yonden
2017,12,2017-12-11,01:00,2850.0,0.0,3800.0,120.0,－－－－－－－－－－,10.0,0.0,0.0,60.0,0.0,0.0,-1140.0,2850.0,yonden
2017,12,2017-12-11,02:00,3080.0,0.0,4030.0,120.0,－－－－－－－－－－,10.0,0.0,0.0,70.0,0.0,0.0,-1150.0,3080.0,yonden
2017,12,2017-12-11,03:00,3220.0,0.0,4080.0,190.0,－－－－－－－－－－,10.0,0.0,0.0,100.0,0.0,0.0,-1160.0,3220.0,yonden
2017,12,2017-12-11,04:00,3250.0,0.0,4110.0,180.0,－－－－－－－－－－,10.0,0.0,0.0,100.0,0.0,0.0,-1150.0,3250.0,yonden
2017,12,2017-12-11,05:00,3190.0,0.0,4110.0,180.0,－－－－－－－－－－,10.0,0.0,0.0,100.0,0.0,0.0,-1210.0,3190.0,yonden
2017,12,2017-12-11,06:00,3280.0,0.0,4150.0,200.0,－－－－－－－－－－,10.0,0.0,0.0,100.0,0.0,0.0,-1180.0,3280.0,yonden
2017,12,2017-12-11,07:00,3440.0,0.0,4350.0,200.0,－－－－－－－－－－,10.0,50.0,0.0,90.0,0.0,0.0,-1260.0,3440.0,yonden
2017,12,2017-12-11,08:00,3840.0,0.0,4690.0,220.0,－－－－－－－－－－,10.0,160.0,0.0,100.0,0.0,0.0,-1340.0,3840.0,yonden
2017,12,2017-12-11,09:00,3940.0,0.0,4910.0,180.0,－－－－－－－－－－,10.0,330.0,0.0,90.0,0.0,0.0,-1580.0,3940.0,yonden
2017,12,2017-12-11,10:00,3880.0,0.0,4890.0,140.0,－－－－－－－－－－,10.0,500.0,0.0,90.0,0.0,0.0,-1750.0,3880.0,yonden
2017,12,2017-12-11,11:00,3840.0,0.0,4890.0,130.0,－－－－－－－－－－,10.0,500.0,0.0,100.0,0.0,0.0,-1790.0,3840.0,yonden
2017,12,2017-12-11,12:00,3650.0,0.0,4660.0,120.0,－－－－－－－－－－,10.0,550.0,0.0,110.0,0.0,0.0,-1800.0,3650.0,yonden
2017,12,2017-12-11,13:00,3890.0,0.0,4830.0,130.0,－－－－－－－－－－,10.0,510.0,0.0,100.0,0.0,0.0,-1690.0,3890.0,yonden
2017,12,2017-12-11,14:00,3920.0,0.0,4900.0,150.0,－－－－－－－－－－,10.0,350.0,0.0,100.0,0.0,0.0,-1590.0,3920.0,yonden
2017,12,2017-12-11,15:00,4000.0,0.0,4960.0,190.0,－－－－－－－－－－,10.0,240.0,0.0,100.0,0.0,0.0,-1500.0,4000.0,yonden
2017,12,2017-12-11,16:00,4180.0,0.0,5270.0,270.0,－－－－－－－－－－,10.0,70.0,0.0,100.0,0.0,90.0,-1630.0,4180.0,yonden
2017,12,2017-12-11,17:00,4340.0,0.0,5290.0,330.0,－－－－－－－－－－,10.0,0.0,0.0,110.0,0.0,150.0,-1550.0,4340.0,yonden
2017,12,2017-12-11,18:00,4360.0,0.0,5300.0,340.0,－－－－－－－－－－,10.0,0.0,0.0,100.0,0.0,150.0,-1540.0,4360.0,yonden
2017,12,2017-12-11,19:00,4200.0,0.0,5180.0,350.0,－－－－－－－－－－,10.0,0.0,0.0,90.0,0.0,70.0,-1500.0,4200.0,yonden
2017,12,2017-12-11,20:00,4020.0,0.0,5000.0,260.0,－－－－－－－－－－,10.0,0.0,0.0,80.0,0.0,0.0,-1330.0,4020.0,yonden
2017,12,2017-12-11,21:00,3760.0,0.0,4840.0,190.0,－－－－－－－－－－,10.0,0.0,0.0,70.0,0.0,0.0,-1350.0,3760.0,yonden
2017,12,2017-12-11,22:00,3470.0,0.0,4670.0,160.0,－－－－－－－－－－,10.0,0.0,0.0,80.0,0.0,0.0,-1450.0,3470.0,yonden
2017,12,2017-12-11,23:00,3310.0,0.0,4320.0,160.0,－－－－－－－－－－,10.0,0.0,0.0,100.0,0.0,0.0,-1280.0,3310.0,yonden
2017,12,2017-12-12,00:00,3250.0,0.0,4190.0,130.0,－－－－－－－－－－,10.0,0.0,0.0,100.0,0.0,0.0,-1180.0,3250.0,yonden
2017,12,2017-12-12,01:00,3350.0,0.0,4300.0,120.0,－－－－－－－－－－,10.0,0.0,0.0,100.0,0.0,0.0,-1180.0,3350.0,yonden
2017,12,2017-12-12,02:00,3540.0,0.0,4500.0,120.0,－－－－－－－－－－,10.0,0.0,0.0,100.0,0.0,0.0,-1190.0,3540.0,yonden
2017,12,2017-12-12,03:00,3630.0,0.0,4550.0,130.0,－－－－－－－－－－,10.0,0.0,0.0,100.0,0.0,0.0,-1160.0,3630.0,yonden
2017,12,2017-12-12,04:00,3600.0,0.0,4510.0,160.0,－－－－－－－－－－,10.0,0.0,0.0,100.0,0.0,0.0,-1180.0,3600.0,yonden
2017,12,2017-12-12,05:00,3570.0,0.0,4570.0,190.0,－－－－－－－－－－,10.0,0.0,0.0,100.0,0.0,0.0,-1300.0,3570.0,yonden
2017,12,2017-12-12,06:00,3770.0,0.0,4730.0,240.0,－－－－－－－－－－,10.0,0.0,0.0,100.0,0.0,0.0,-1310.0,3770.0,yonden
2017,12,2017-12-12,07:00,3970.0,0.0,4820.0,210.0,－－－－－－－－－－,10.0,80.0,0.0,100.0,0.0,0.0,-1250.0,3970.0,yonden
2017,12,2017-12-12,08:00,4250.0,0.0,5130.0,170.0,－－－－－－－－－－,10.0,280.0,0.0,100.0,0.0,0.0,-1440.0,4250.0,yonden
2017,12,2017-12-12,09:00,4240.0,0.0,5130.0,140.0,－－－－－－－－－－,10.0,530.0,0.0,100.0,0.0,0.0,-1670.0,4240.0,yonden
2017,12,2017-12-12,10:00,4180.0,0.0,4730.0,120.0,－－－－－－－－－－,10.0,820.0,0.0,110.0,0.0,0.0,-1610.0,4180.0,yonden
2017,12,2017-12-12,11:00,4180.0,0.0,4760.0,130.0,－－－－－－－－－－,10.0,860.0,0.0,110.0,0.0,0.0,-1690.0,4180.0,yonden
2017,12,2017-12-12,12:00,4030.0,0.0,4840.0,130.0,－－－－－－－－－－,10.0,740.0,0.0,110.0,0.0,0.0,-1800.0,4030.0,yonden
2017,12,2017-12-12,13:00,4270.0,0.0,5200.0,140.0,－－－－－－－－－－,10.0,530.0,0.0,110.0,0.0,0.0,-1720.0,4270.0,yonden
2017,12,2017-12-12,14:00,4300.0,0.0,5350.0,160.0,－－－－－－－－－－,10.0,290.0,0.0,90.0,0.0,0.0,-1600.0,4300.0,yonden
2017,12,2017-12-12,15:00,4310.0,0.0,5320.0,210.0,－－－－－－－－－－,10.0,140.0,0.0,100.0,0.0,80.0,-1550.0,4310.0,yonden
2017,12,2017-12-12,16:00,4470.0,0.0,5300.0,240.0,－－－－－－－－－－,10.0,30.0,0.0,110.0,0.0,270.0,-1490.0,4470.0,yonden
2017,12,2017-12-12,17:00,4680.0,0.0,5290.0,340.0,－－－－－－－－－－,10.0,0.0,0.0,120.0,0.0,290.0,-1370.0,4680.0,yonden
2017,12,2017-12-12,18:00,4670.0,0.0,5320.0,350.0,－－－－－－－－－－,10.0,0.0,0.0,110.0,0.0,270.0,-1390.0,4670.0,yonden
2017,12,2017-12-12,19:00,4520.0,0.0,5310.0,310.0,－－－－－－－－－－,10.0,0.0,0.0,110.0,0.0,190.0,-1410.0,4520.0,yonden
2017,12,2017-12-12,20:00,4330.0,0.0,5320.0,250.0,－－－－－－－－－－,10.0,0.0,0.0,100.0,0.0,160.0,-1510.0,4330.0,yonden
2017,12,2017-12-12,21:00,4050.0,0.0,5100.0,180.0,－－－－－－－－－－,10.0,0.0,0.0,100.0,0.0,0.0,-1340.0,4050.0,yonden
2017,12,2017-12-12,22:00,3680.0,0.0,4860.0,160.0,－－－－－－－－－－,10.0,0.0,0.0,90.0,0.0,0.0,-1440.0,3680.0,yonden
2017,12,2017-12-12,23:00,3550.0,0.0,4710.0,130.0,－－－－－－－－－－,10.0,0.0,0.0,90.0,0.0,0.0,-1390.0,3550.0,yonden
2017,12,2017-12-13,00:00,3470.0,0.0,4730.0,100.0,－－－－－－－－－－,10.0,0.0,0.0,100.0,0.0,0.0,-1470.0,3470.0,yonden
2017,12,2017-12-13,01:00,3540.0,0.0,4790.0,100.0,－－－－－－－－－－,10.0,0.0,0.0,80.0,0.0,0.0,-1440.0,3540.0,yonden
2017,12,2017-12-13,02:00,3700.0,0.0,5000.0,140.0,－－－－－－－－－－,10.0,0.0,0.0,70.0,0.0,-300.0,-1220.0,3700.0,yonden
2017,12,2017-12-13,03:00,3710.0,0.0,4950.0,150.0,－－－－－－－－－－,10.0,0.0,0.0,90.0,0.0,-300.0,-1190.0,3710.0,yonden
2017,12,2017-12-13,04:00,3670.0,0.0,4700.0,130.0,－－－－－－－－－－,10.0,0.0,0.0,110.0,0.0,0.0,-1280.0,3670.0,yonden
2017,12,2017-12-13,05:00,3630.0,0.0,4690.0,150.0,－－－－－－－－－－,10.0,0.0,0.0,120.0,0.0,0.0,-1340.0,3630.0,yonden
2017,12,2017-12-13,06:00,3850.0,0.0,4840.0,180.0,－－－－－－－－－－,10.0,0.0,0.0,130.0,0.0,0.0,-1310.0,3850.0,yonden
2017,12,2017-12-13,07:00,4040.0,0.0,4900.0,160.0,－－－－－－－－－－,10.0,80.0,0.0,130.0,0.0,0.0,-1240.0,4040.0,yonden
2017,12,2017-12-13,08:00,4300.0,0.0,5120.0,120.0,－－－－－－－－－－,10.0,290.0,0.0,120.0,0.0,0.0,-1360.0,4300.0,yonden
2017,12,2017-12-13,09:00,4270.0,0.0,5050.0,150.0,－－－－－－－－－－,10.0,550.0,0.0,110.0,0.0,0.0,-1600.0,4270.0,yonden
2017,12,2017-12-13,10:00,4150.0,0.0,4790.0,140.0,－－－－－－－－－－,10.0,750.0,0.0,110.0,0.0,0.0,-1650.0,4150.0,yonden
2017,12,2017-12-13,11:00,4070.0,0.0,4610.0,130.0,－－－－－－－－－－,10.0,840.0,0.0,110.0,0.0,0.0,-1630.0,4070.0,yonden
2017,12,2017-12-13,12:00,3870.0,0.0,4590.0,120.0,－－－－－－－－－－,10.0,750.0,0.0,110.0,0.0,0.0,-1710.0,3870.0,yonden
2017,12,2017-12-13,13:00,4030.0,0.0,4710.0,130.0,－－－－－－－－－－,10.0,620.0,0.0,120.0,0.0,0.0,-1560.0,4030.0,yonden
2017,12,2017-12-13,14:00,4050.0,0.0,4820.0,150.0,－－－－－－－－－－,10.0,470.0,0.0,120.0,0.0,0.0,-1520.0,4050.0,yonden
2017,12,2017-12-13,15:00,4080.0,0.0,4970.0,160.0,－－－－－－－－－－,10.0,280.0,0.0,120.0,0.0,0.0,-1460.0,4080.0,yonden
2017,12,2017-12-13,16:00,4320.0,0.0,5290.0,280.0,－－－－－－－－－－,10.0,70.0,0.0,120.0,0.0,0.0,-1450.0,4320.0,yonden
2017,12,2017-12-13,17:00,4540.0,0.0,5320.0,340.0,－－－－－－－－－－,10.0,0.0,0.0,130.0,0.0,70.0,-1330.0,4540.0,yonden
2017,12,2017-12-13,18:00,4560.0,0.0,5280.0,350.0,－－－－－－－－－－,10.0,0.0,0.0,120.0,0.0,130.0,-1330.0,4560.0,yonden
2017,12,2017-12-13,19:00,4420.0,0.0,5320.0,350.0,－－－－－－－－－－,10.0,0.0,0.0,120.0,0.0,0.0,-1380.0,4420.0,yonden
2017,12,2017-12-13,20:00,4240.0,0.0,5300.0,240.0,－－－－－－－－－－,10.0,0.0,0.0,120.0,0.0,0.0,-1430.0,4240.0,yonden
2017,12,2017-12-13,21:00,3970.0,0.0,4950.0,190.0,－－－－－－－－－－,10.0,0.0,0.0,110.0,0.0,0.0,-1290.0,3970.0,yonden
2017,12,2017-12-13,22:00,3660.0,0.0,4860.0,110.0,－－－－－－－－－－,10.0,0.0,0.0,90.0,0.0,0.0,-1410.0,3660.0,yonden
2017,12,2017-12-13,23:00,3530.0,0.0,4680.0,110.0,－－－－－－－－－－,10.0,0.0,0.0,80.0,0.0,0.0,-1350.0,3530.0,yonden
2017,12,2017-12-14,00:00,3470.0,0.0,4730.0,100.0,－－－－－－－－－－,10.0,0.0,0.0,70.0,0.0,0.0,-1440.0,3470.0,yonden
2017,12,2017-12-14,01:00,3550.0,0.0,4680.0,100.0,－－－－－－－－－－,10.0,0.0,0.0,70.0,0.0,0.0,-1310.0,3550.0,yonden
2017,12,2017-12-14,02:00,3700.0,0.0,4750.0,120.0,－－－－－－－－－－,10.0,0.0,0.0,80.0,0.0,0.0,-1260.0,3700.0,yonden
2017,12,2017-12-14,03:00,3760.0,0.0,4670.0,140.0,－－－－－－－－－－,10.0,0.0,0.0,90.0,0.0,0.0,-1150.0,3760.0,yonden
2017,12,2017-12-14,04:00,3710.0,0.0,4590.0,160.0,－－－－－－－－－－,10.0,0.0,0.0,80.0,0.0,0.0,-1130.0,3710.0,yonden
2017,12,2017-12-14,05:00,3650.0,0.0,4650.0,160.0,－－－－－－－－－－,10.0,0.0,0.0,80.0,0.0,0.0,-1250.0,3650.0,yonden
2017,12,2017-12-14,06:00,3850.0,0.0,4870.0,190.0,－－－－－－－－－－,10.0,0.0,0.0,90.0,0.0,0.0,-1310.0,3850.0,yonden
2017,12,2017-12-14,07:00,4040.0,0.0,5040.0,160.0,－－－－－－－－－－,10.0,80.0,0.0,90.0,0.0,0.0,-1340.0,4040.0,yonden
2017,12,2017-12-14,08:00,4320.0,0.0,5240.0,160.0,－－－－－－－－－－,10.0,270.0,0.0,70.0,0.0,0.0,-1430.0,4320.0,yonden
2017,12,2017-12-14,09:00,4300.0,0.0,5180.0,150.0,－－－－－－－－－－,10.0,490.0,0.0,80.0,0.0,0.0,-1610.0,4300.0,yonden
2017,12,2017-12-14,10:00,4120.0,0.0,4730.0,120.0,－－－－－－－－－－,10.0,860.0,0.0,70.0,0.0,0.0,-1670.0,4120.0,yonden
2017,12,2017-12-14,11:00,4040.0,0.0,4470.0,120.0,－－－－－－－－－－,10.0,1050.0,0.0,70.0,0.0,0.0,-1680.0,4040.0,yonden
2017,12,2017-12-14,12:00,3770.0,0.0,4350.0,100.0,－－－－－－－－－－,10.0,900.0,0.0,70.0,0.0,0.0,-1660.0,3770.0,yonden
2017,12,2017-12-14,13:00,3940.0,0.0,4610.0,110.0,－－－－－－－－－－,10.0,770.0,0.0,60.0,0.0,0.0,-1620.0,3940.0,yonden
2017,12,2017-12-14,14:00,3950.0,0.0,4660.0,130.0,－－－－－－－－－－,10.0,570.0,0.0,60.0,0.0,0.0,-1480.0,3950.0,yonden
2017,12,2017-12-14,15:00,3990.0,0.0,4960.0,150.0,－－－－－－－－－－,10.0,270.0,0.0,40.0,0.0,0.0,-1440.0,3990.0,yonden
2017,12,2017-12-14,16:00,4220.0,0.0,5260.0,200.0,－－－－－－－－－－,10.0,60.0,0.0,30.0,0.0,140.0,-1480.0,4220.0,yonden
2017,12,2017-12-14,17:00,4430.0,0.0,5290.0,260.0,－－－－－－－－－－,10.0,0.0,0.0,30.0,0.0,240.0,-1400.0,4430.0,yonden
2017,12,2017-12-14,18:00,4450.0,0.0,5280.0,360.0,－－－－－－－－－－,10.0,0.0,0.0,30.0,0.0,170.0,-1400.0,4450.0,yonden
2017,12,2017-12-14,19:00,4280.0,0.0,5240.0,390.0,－－－－－－－－－－,10.0,0.0,0.0,20.0,0.0,10.0,-1390.0,4280.0,yonden
2017,12,2017-12-14,20:00,4080.0,0.0,5190.0,350.0,－－－－－－－－－－,10.0,0.0,0.0,10.0,0.0,0.0,-1480.0,4080.0,yonden
2017,12,2017-12-14,21:00,3820.0,0.0,4950.0,200.0,－－－－－－－－－－,10.0,0.0,0.0,0.0,0.0,0.0,-1340.0,3820.0,yonden
2017,12,2017-12-14,22:00,3510.0,0.0,4780.0,140.0,－－－－－－－－－－,10.0,0.0,0.0,0.0,0.0,0.0,-1420.0,3510.0,yonden
2017,12,2017-12-14,23:00,3370.0,0.0,4680.0,110.0,－－－－－－－－－－,10.0,0.0,0.0,10.0,0.0,0.0,-1440.0,3370.0,yonden
2017,12,2017-12-15,00:00,3270.0,0.0,4670.0,100.0,－－－－－－－－－－,10.0,0.0,0.0,10.0,0.0,0.0,-1520.0,3270.0,yonden
2017,12,2017-12-15,01:00,3350.0,0.0,4670.0,110.0,－－－－－－－－－－,10.0,0.0,0.0,10.0,0.0,0.0,-1450.0,3350.0,yonden
2017,12,2017-12-15,02:00,3550.0,0.0,4740.0,110.0,－－－－－－－－－－,10.0,0.0,0.0,10.0,0.0,0.0,-1320.0,3550.0,yonden
2017,12,2017-12-15,03:00,3650.0,0.0,4780.0,110.0,－－－－－－－－－－,10.0,0.0,0.0,10.0,0.0,0.0,-1260.0,3650.0,yonden
2017,12,2017-12-15,04:00,3650.0,0.0,4780.0,120.0,－－－－－－－－－－,10.0,0.0,0.0,10.0,0.0,0.0,-1270.0,3650.0,yonden
2017,12,2017-12-15,05:00,3620.0,0.0,4830.0,140.0,－－－－－－－－－－,10.0,0.0,0.0,0.0,0.0,0.0,-1360.0,3620.0,yonden
2017,12,2017-12-15,06:00,3810.0,0.0,4920.0,180.0,－－－－－－－－－－,10.0,0.0,0.0,10.0,0.0,0.0,-1310.0,3810.0,yonden
2017,12,2017-12-15,07:00,3950.0,0.0,4920.0,150.0,－－－－－－－－－－,10.0,90.0,0.0,10.0,0.0,0.0,-1230.0,3950.0,yonden
2017,12,2017-12-15,08:00,4170.0,0.0,5130.0,140.0,－－－－－－－－－－,10.0,320.0,0.0,0.0,0.0,0.0,-1430.0,4170.0,yonden
2017,12,2017-12-15,09:00,4090.0,0.0,4910.0,140.0,－－－－－－－－－－,10.0,680.0,0.0,0.0,0.0,0.0,-1650.0,4090.0,yonden
2017,12,2017-12-15,10:00,3950.0,0.0,4650.0,100.0,－－－－－－－－－－,10.0,1000.0,0.0,0.0,0.0,0.0,-1810.0,3950.0,yonden
2017,12,2017-12-15,11:00,3850.0,0.0,4620.0,80.0,－－－－－－－－－－,10.0,1170.0,0.0,0.0,0.0,0.0,-2030.0,3850.0,yonden
2017,12,2017-12-15,12:00,3620.0,0.0,4550.0,70.0,－－－－－－－－－－,10.0,1160.0,0.0,0.0,0.0,0.0,-2170.0,3620.0,yonden
2017,12,2017-12-15,13:00,3740.0,0.0,4560.0,80.0,－－－－－－－－－－,10.0,1030.0,0.0,0.0,0.0,0.0,-1940.0,3740.0,yonden
2017,12,2017-12-15,14:00,3740.0,0.0,4550.0,100.0,－－－－－－－－－－,10.0,780.0,0.0,0.0,0.0,0.0,-1700.0,3740.0,yonden
2017,12,2017-12-15,15:00,3810.0,0.0,4850.0,130.0,－－－－－－－－－－,10.0,410.0,0.0,10.0,0.0,0.0,-1600.0,3810.0,yonden
2017,12,2017-12-15,16:00,3970.0,0.0,5230.0,260.0,－－－－－－－－－－,10.0,80.0,0.0,10.0,0.0,0.0,-1620.0,3970.0,yonden
2017,12,2017-12-15,17:00,4140.0,0.0,5210.0,410.0,－－－－－－－－－－,10.0,0.0,0.0,10.0,0.0,0.0,-1500.0,4140.0,yonden
2017,12,2017-12-15,18:00,4150.0,0.0,5180.0,440.0,－－－－－－－－－－,10.0,0.0,0.0,10.0,0.0,0.0,-1490.0,4150.0,yonden
2017,12,2017-12-15,19:00,4010.0,0.0,5090.0,370.0,－－－－－－－－－－,10.0,0.0,0.0,0.0,0.0,0.0,-1460.0,4010.0,yonden
2017,12,2017-12-15,20:00,3830.0,0.0,4860.0,290.0,－－－－－－－－－－,10.0,0.0,0.0,0.0,0.0,0.0,-1330.0,3830.0,yonden
2017,12,2017-12-15,21:00,3610.0,0.0,4690.0,190.0,－－－－－－－－－－,10.0,0.0,0.0,0.0,0.0,0.0,-1280.0,3610.0,yonden
2017,12,2017-12-15,22:00,3370.0,0.0,4630.0,150.0,－－－－－－－－－－,10.0,0.0,0.0,0.0,0.0,0.0,-1420.0,3370.0,yonden
2017,12,2017-12-15,23:00,3260.0,0.0,4580.0,130.0,－－－－－－－－－－,10.0,0.0,0.0,0.0,0.0,0.0,-1460.0,3260.0,yonden
2017,12,2017-12-16,00:00,3140.0,0.0,4400.0,80.0,－－－－－－－－－－,10.0,0.0,0.0,10.0,0.0,0.0,-1360.0,3140.0,yonden
2017,12,2017-12-16,01:00,3190.0,0.0,4390.0,80.0,－－－－－－－－－－,10.0,0.0,0.0,20.0,0.0,0.0,-1310.0,3190.0,yonden
2017,12,2017-12-16,02:00,3360.0,0.0,4520.0,90.0,－－－－－－－－－－,10.0,0.0,0.0,40.0,0.0,0.0,-1300.0,3360.0,yonden
2017,12,2017-12-16,03:00,3450.0,0.0,4540.0,160.0,－－－－－－－－－－,10.0,0.0,0.0,50.0,0.0,0.0,-1310.0,3450.0,yonden
2017,12,2017-12-16,04:00,3410.0,0.0,4490.0,170.0,－－－－－－－－－－,10.0,0.0,0.0,50.0,0.0,0.0,-1310.0,3410.0,yonden
2017,12,2017-12-16,05:00,3300.0,0.0,4440.0,110.0,－－－－－－－－－－,10.0,0.0,0.0,40.0,0.0,0.0,-1300.0,3300.0,yonden
2017,12,2017-12-16,06:00,3240.0,0.0,4390.0,100.0,－－－－－－－－－－,10.0,0.0,0.0,30.0,0.0,0.0,-1290.0,3240.0,yonden
2017,12,2017-12-16,07:00,3350.0,0.0,4430.0,130.0,－－－－－－－－－－,10.0,50.0,0.0,30.0,0.0,0.0,-1300.0,3350.0,yonden
2017,12,2017-12-16,08:00,3710.0,0.0,4740.0,140.0,－－－－－－－－－－,10.0,150.0,0.0,40.0,0.0,0.0,-1370.0,3710.0,yonden
2017,12,2017-12-16,09:00,3820.0,0.0,4830.0,230.0,－－－－－－－－－－,10.0,160.0,0.0,40.0,0.0,0.0,-1450.0,3820.0,yonden
2017,12,2017-12-16,10:00,3770.0,0.0,4900.0,190.0,－－－－－－－－－－,10.0,170.0,0.0,50.0,0.0,0.0,-1550.0,3770.0,yonden
2017,12,2017-12-16,11:00,3750.0,0.0,4940.0,170.0,－－－－－－－－－－,10.0,140.0,0.0,60.0,0.0,150.0,-1720.0,3750.0,yonden
2017,12,2017-12-16,12:00,3540.0,0.0,4800.0,150.0,－－－－－－－－－－,10.0,220.0,0.0,70.0,0.0,130.0,-1840.0,3540.0,yonden
2017,12,2017-12-16,13:00,3600.0,0.0,4840.0,130.0,－－－－－－－－－－,10.0,230.0,0.0,90.0,0.0,0.0,-1700.0,3600.0,yonden
2017,12,2017-12-16,14:00,3610.0,0.0,4730.0,80.0,－－－－－－－－－－,10.0,150.0,0.0,100.0,0.0,0.0,-1460.0,3610.0,yonden
2017,12,2017-12-16,15:00,3560.0,0.0,4480.0,90.0,－－－－－－－－－－,10.0,110.0,0.0,100.0,0.0,0.0,-1230.0,3560.0,yonden
2017,12,2017-12-16,16:00,3670.0,0.0,4680.0,100.0,－－－－－－－－－－,10.0,20.0,0.0,110.0,0.0,0.0,-1250.0,3670.0,yonden
2017,12,2017-12-16,17:00,3830.0,0.0,4810.0,190.0,－－－－－－－－－－,10.0,0.0,0.0,120.0,0.0,0.0,-1300.0,3830.0,yonden
2017,12,2017-12-16,18:00,3830.0,0.0,4680.0,320.0,－－－－－－－－－－,10.0,0.0,0.0,110.0,0.0,0.0,-1290.0,3830.0,yonden
2017,12,2017-12-16,19:00,3740.0,0.0,4650.0,220.0,－－－－－－－－－－,10.0,0.0,0.0,100.0,0.0,0.0,-1240.0,3740.0,yonden
2017,12,2017-12-16,20:00,3630.0,0.0,4580.0,150.0,－－－－－－－－－－,10.0,0.0,0.0,110.0,0.0,0.0,-1220.0,3630.0,yonden
2017,12,2017-12-16,21:00,3460.0,0.0,4500.0,90.0,－－－－－－－－－－,10.0,0.0,0.0,120.0,0.0,0.0,-1260.0,3460.0,yonden
2017,12,2017-12-16,22:00,3240.0,0.0,4280.0,90.0,－－－－－－－－－－,10.0,0.0,0.0,120.0,0.0,0.0,-1260.0,3240.0,yonden
2017,12,2017-12-16,23:00,3190.0,0.0,4360.0,90.0,－－－－－－－－－－,10.0,0.0,0.0,120.0,0.0,0.0,-1390.0,3190.0,yonden
2017,12,2017-12-17,00:00,3170.0,0.0,4300.0,80.0,－－－－－－－－－－,10.0,0.0,0.0,120.0,0.0,0.0,-1340.0,3170.0,yonden
2017,12,2017-12-17,01:00,3250.0,0.0,4320.0,80.0,－－－－－－－－－－,10.0,0.0,0.0,120.0,0.0,0.0,-1280.0,3250.0,yonden
2017,12,2017-12-17,02:00,3430.0,0.0,4450.0,100.0,－－－－－－－－－－,10.0,0.0,0.0,110.0,0.0,0.0,-1240.0,3430.0,yonden
2017,12,2017-12-17,03:00,3520.0,0.0,4490.0,110.0,－－－－－－－－－－,10.0,0.0,0.0,120.0,0.0,0.0,-1210.0,3520.0,yonden
2017,12,2017-12-17,04:00,3450.0,0.0,4350.0,110.0,－－－－－－－－－－,10.0,0.0,0.0,120.0,0.0,0.0,-1140.0,3450.0,yonden
2017,12,2017-12-17,05:00,3280.0,0.0,4280.0,100.0,－－－－－－－－－－,10.0,0.0,0.0,120.0,0.0,0.0,-1230.0,3280.0,yonden
2017,12,2017-12-17,06:00,3130.0,0.0,4280.0,90.0,－－－－－－－－－－,10.0,0.0,0.0,130.0,0.0,0.0,-1380.0,3130.0,yonden
2017,12,2017-12-17,07:00,3220.0,0.0,4330.0,120.0,－－－－－－－－－－,10.0,70.0,0.0,120.0,0.0,0.0,-1430.0,3220.0,yonden
2017,12,2017-12-17,08:00,3320.0,0.0,4170.0,90.0,－－－－－－－－－－,10.0,290.0,0.0,120.0,0.0,0.0,-1360.0,3320.0,yonden
2017,12,2017-12-17,09:00,3270.0,0.0,4040.0,120.0,－－－－－－－－－－,10.0,610.0,0.0,130.0,0.0,-250.0,-1390.0,3270.0,yonden
2017,12,2017-12-17,10:00,3220.0,0.0,3910.0,120.0,－－－－－－－－－－,10.0,910.0,0.0,120.0,0.0,-450.0,-1400.0,3220.0,yonden
2017,12,2017-12-17,11:00,3170.0,0.0,3880.0,100.0,－－－－－－－－－－,10.0,1070.0,0.0,110.0,0.0,-590.0,-1410.0,3170.0,yonden
2017,12,2017-12-17,12:00,3150.0,0.0,3870.0,80.0,－－－－－－－－－－,10.0,1050.0,0.0,120.0,0.0,-590.0,-1390.0,3150.0,yonden
2017,12,2017-12-17,13:00,3090.0,0.0,3940.0,80.0,－－－－－－－－－－,10.0,910.0,0.0,110.0,0.0,-590.0,-1370.0,3090.0,yonden
2017,12,2017-12-17,14:00,3050.0,0.0,3920.0,80.0,－－－－－－－－－－,10.0,710.0,0.0,110.0,0.0,-440.0,-1340.0,3050.0,yonden
2017,12,2017-12-17,15:00,3170.0,0.0,4050.0,90.0,－－－－－－－－－－,10.0,400.0,0.0,110.0,0.0,-290.0,-1200.0,3170.0,yonden
2017,12,2017-12-17,16:00,3380.0,0.0,4370.0,110.0,－－－－－－－－－－,10.0,90.0,0.0,120.0,0.0,0.0,-1320.0,3380.0,yonden
2017,12,2017-12-17,17:00,3790.0,0.0,4730.0,200.0,－－－－－－－－－－,10.0,0.0,0.0,120.0,0.0,0.0,-1270.0,3790.0,yonden
2017,12,2017-12-17,18:00,3930.0,0.0,4950.0,360.0,－－－－－－－－－－,10.0,0.0,0.0,110.0,0.0,0.0,-1500.0,3930.0,yonden
2017,12,2017-12-17,19:00,3900.0,0.0,4830.0,250.0,－－－－－－－－－－,10.0,0.0,0.0,110.0,0.0,0.0,-1300.0,3900.0,yonden
2017,12,2017-12-17,20:00,3800.0,0.0,4860.0,180.0,－－－－－－－－－－,10.0,0.0,0.0,100.0,0.0,0.0,-1350.0,3800.0,yonden
2017,12,2017-12-17,21:00,3610.0,0.0,4690.0,120.0,－－－－－－－－－－,10.0,0.0,0.0,100.0,0.0,0.0,-1310.0,3610.0,yonden
2017,12,2017-12-17,22:00,3340.0,0.0,4480.0,100.0,－－－－－－－－－－,10.0,0.0,0.0,90.0,0.0,0.0,-1340.0,3340.0,yonden
2017,12,2017-12-17,23:00,3260.0,0.0,4450.0,110.0,－－－－－－－－－－,10.0,0.0,0.0,80.0,0.0,0.0,-1390.0,3260.0,yonden
2017,12,2017-12-18,00:00,3240.0,0.0,4400.0,110.0,－－－－－－－－－－,10.0,0.0,0.0,80.0,0.0,0.0,-1360.0,3240.0,yonden
2017,12,2017-12-18,01:00,3350.0,0.0,4340.0,100.0,－－－－－－－－－－,10.0,0.0,0.0,80.0,0.0,0.0,-1180.0,3350.0,yonden
2017,12,2017-12-18,02:00,3540.0,0.0,4440.0,80.0,－－－－－－－－－－,10.0,0.0,0.0,70.0,0.0,0.0,-1060.0,3540.0,yonden
2017,12,2017-12-18,03:00,3570.0,0.0,4550.0,110.0,－－－－－－－－－－,10.0,0.0,0.0,60.0,0.0,0.0,-1160.0,3570.0,yonden
2017,12,2017-12-18,04:00,3540.0,0.0,4460.0,100.0,－－－－－－－－－－,10.0,0.0,0.0,50.0,0.0,0.0,-1080.0,3540.0,yonden
2017,12,2017-12-18,05:00,3510.0,0.0,4520.0,90.0,－－－－－－－－－－,10.0,0.0,0.0,50.0,0.0,0.0,-1160.0,3510.0,yonden
2017,12,2017-12-18,06:00,3750.0,0.0,4860.0,110.0,－－－－－－－－－－,10.0,0.0,0.0,40.0,0.0,0.0,-1270.0,3750.0,yonden
2017,12,2017-12-18,07:00,3950.0,0.0,4970.0,160.0,－－－－－－－－－－,10.0,60.0,0.0,40.0,0.0,0.0,-1290.0,3950.0,yonden
2017,12,2017-12-18,08:00,4290.0,0.0,5200.0,170.0,－－－－－－－－－－,10.0,210.0,0.0,50.0,0.0,120.0,-1470.0,4290.0,yonden
2017,12,2017-12-18,09:00,4250.0,0.0,5080.0,150.0,－－－－－－－－－－,10.0,520.0,0.0,40.0,0.0,160.0,-1710.0,4250.0,yonden
2017,12,2017-12-18,10:00,4110.0,0.0,4840.0,160.0,－－－－－－－－－－,10.0,870.0,0.0,40.0,0.0,0.0,-1810.0,4110.0,yonden
2017,12,2017-12-18,11:00,4040.0,0.0,4920.0,160.0,－－－－－－－－－－,10.0,910.0,0.0,30.0,0.0,0.0,-1990.0,4040.0,yonden
2017,12,2017-12-18,12:00,3820.0,0.0,4740.0,110.0,－－－－－－－－－－,10.0,1000.0,0.0,40.0,0.0,0.0,-2080.0,3820.0,yonden
2017,12,2017-12-18,13:00,3960.0,0.0,4780.0,140.0,－－－－－－－－－－,10.0,900.0,0.0,50.0,0.0,0.0,-1920.0,3960.0,yonden
2017,12,2017-12-18,14:00,3950.0,0.0,4860.0,170.0,－－－－－－－－－－,10.0,570.0,0.0,50.0,0.0,0.0,-1710.0,3950.0,yonden
2017,12,2017-12-18,15:00,4020.0,0.0,4970.0,160.0,－－－－－－－－－－,10.0,360.0,0.0,50.0,0.0,20.0,-1550.0,4020.0,yonden
2017,12,2017-12-18,16:00,4190.0,0.0,5050.0,210.0,－－－－－－－－－－,10.0,90.0,0.0,40.0,0.0,270.0,-1480.0,4190.0,yonden
2017,12,2017-12-18,17:00,4400.0,0.0,5040.0,300.0,－－－－－－－－－－,10.0,0.0,0.0,40.0,0.0,270.0,-1260.0,4400.0,yonden
2017,12,2017-12-18,18:00,4440.0,0.0,5040.0,380.0,－－－－－－－－－－,10.0,0.0,0.0,40.0,0.0,270.0,-1300.0,4440.0,yonden
2017,12,2017-12-18,19:00,4290.0,0.0,5010.0,290.0,－－－－－－－－－－,10.0,0.0,0.0,50.0,0.0,210.0,-1280.0,4290.0,yonden
2017,12,2017-12-18,20:00,4100.0,0.0,5000.0,210.0,－－－－－－－－－－,10.0,0.0,0.0,40.0,0.0,70.0,-1230.0,4100.0,yonden
2017,12,2017-12-18,21:00,3820.0,0.0,4850.0,130.0,－－－－－－－－－－,10.0,0.0,0.0,50.0,0.0,0.0,-1220.0,3820.0,yonden
2017,12,2017-12-18,22:00,3490.0,0.0,4620.0,130.0,－－－－－－－－－－,10.0,0.0,0.0,50.0,0.0,0.0,-1320.0,3490.0,yonden
2017,12,2017-12-18,23:00,3350.0,0.0,4570.0,140.0,－－－－－－－－－－,10.0,0.0,0.0,30.0,0.0,0.0,-1400.0,3350.0,yonden
2017,12,2017-12-19,00:00,3270.0,0.0,4210.0,80.0,－－－－－－－－－－,10.0,0.0,0.0,30.0,0.0,0.0,-1060.0,3270.0,yonden
2017,12,2017-12-19,01:00,3340.0,0.0,4230.0,80.0,－－－－－－－－－－,10.0,0.0,0.0,30.0,0.0,0.0,-1010.0,3340.0,yonden
2017,12,2017-12-19,02:00,3490.0,0.0,4380.0,90.0,－－－－－－－－－－,10.0,0.0,0.0,30.0,0.0,0.0,-1020.0,3490.0,yonden
2017,12,2017-12-19,03:00,3580.0,0.0,4350.0,120.0,－－－－－－－－－－,10.0,0.0,0.0,30.0,0.0,0.0,-930.0,3580.0,yonden
2017,12,2017-12-19,04:00,3560.0,0.0,4350.0,120.0,－－－－－－－－－－,10.0,0.0,0.0,40.0,0.0,0.0,-960.0,3560.0,yonden
2017,12,2017-12-19,05:00,3500.0,0.0,4350.0,110.0,－－－－－－－－－－,10.0,0.0,0.0,50.0,0.0,0.0,-1020.0,3500.0,yonden
2017,12,2017-12-19,06:00,3650.0,0.0,4640.0,110.0,－－－－－－－－－－,10.0,0.0,0.0,50.0,0.0,0.0,-1160.0,3650.0,yonden
2017,12,2017-12-19,07:00,3830.0,0.0,4900.0,130.0,－－－－－－－－－－,10.0,20.0,0.0,60.0,0.0,0.0,-1290.0,3830.0,yonden
2017,12,2017-12-19,08:00,4260.0,0.0,5110.0,170.0,－－－－－－－－－－,10.0,70.0,0.0,60.0,0.0,180.0,-1340.0,4260.0,yonden
2017,12,2017-12-19,09:00,4330.0,0.0,5100.0,180.0,－－－－－－－－－－,10.0,180.0,0.0,80.0,0.0,290.0,-1510.0,4330.0,yonden
2017,12,2017-12-19,10:00,4240.0,0.0,5030.0,130.0,－－－－－－－－－－,10.0,420.0,0.0,70.0,0.0,70.0,-1490.0,4240.0,yonden
2017,12,2017-12-19,11:00,4080.0,0.0,4550.0,90.0,－－－－－－－－－－,10.0,670.0,0.0,90.0,0.0,0.0,-1330.0,4080.0,yonden
2017,12,2017-12-19,12:00,3790.0,0.0,4180.0,70.0,－－－－－－－－－－,10.0,810.0,0.0,110.0,0.0,-160.0,-1230.0,3790.0,yonden
2017,12,2017-12-19,13:00,3910.0,0.0,4410.0,70.0,－－－－－－－－－－,10.0,590.0,0.0,110.0,0.0,0.0,-1280.0,3910.0,yonden
2017,12,2017-12-19,14:00,3960.0,0.0,4670.0,70.0,－－－－－－－－－－,10.0,400.0,0.0,110.0,0.0,0.0,-1300.0,3960.0,yonden
2017,12,2017-12-19,15:00,3990.0,0.0,4840.0,70.0,－－－－－－－－－－,10.0,200.0,0.0,100.0,0.0,0.0,-1230.0,3990.0,yonden
2017,12,2017-12-19,16:00,4160.0,0.0,4970.0,170.0,－－－－－－－－－－,10.0,50.0,0.0,90.0,0.0,120.0,-1250.0,4160.0,yonden
2017,12,2017-12-19,17:00,4350.0,0.0,4960.0,280.0,－－－－－－－－－－,10.0,0.0,0.0,70.0,0.0,290.0,-1260.0,4350.0,yonden
2017,12,2017-12-19,18:00,4360.0,0.0,4960.0,390.0,－－－－－－－－－－,10.0,0.0,0.0,60.0,0.0,190.0,-1250.0,4360.0,yonden
2017,12,2017-12-19,19:00,4200.0,0.0,4970.0,340.0,－－－－－－－－－－,10.0,0.0,0.0,70.0,0.0,80.0,-1270.0,4200.0,yonden
2017,12,2017-12-19,20:00,4050.0,0.0,4960.0,230.0,－－－－－－－－－－,10.0,0.0,0.0,60.0,0.0,0.0,-1210.0,4050.0,yonden
2017,12,2017-12-19,21:00,3800.0,0.0,4860.0,130.0,－－－－－－－－－－,10.0,0.0,0.0,60.0,0.0,0.0,-1260.0,3800.0,yonden
2017,12,2017-12-19,22:00,3500.0,0.0,4400.0,110.0,－－－－－－－－－－,10.0,0.0,0.0,50.0,0.0,0.0,-1070.0,3500.0,yonden
2017,12,2017-12-19,23:00,3390.0,0.0,4330.0,110.0,－－－－－－－－－－,10.0,0.0,0.0,60.0,0.0,0.0,-1120.0,3390.0,yonden
2017,12,2017-12-20,00:00,3350.0,0.0,4310.0,80.0,－－－－－－－－－－,10.0,0.0,0.0,60.0,0.0,-160.0,-950.0,3350.0,yonden
2017,12,2017-12-20,01:00,3460.0,0.0,4420.0,80.0,－－－－－－－－－－,10.0,0.0,0.0,50.0,0.0,-300.0,-800.0,3460.0,yonden
2017,12,2017-12-20,02:00,3630.0,0.0,4510.0,80.0,－－－－－－－－－－,10.0,0.0,0.0,50.0,0.0,-300.0,-720.0,3630.0,yonden
2017,12,2017-12-20,03:00,3690.0,0.0,4480.0,120.0,－－－－－－－－－－,10.0,0.0,0.0,50.0,0.0,-300.0,-670.0,3690.0,yonden
2017,12,2017-12-20,04:00,3660.0,0.0,4470.0,120.0,－－－－－－－－－－,10.0,0.0,0.0,60.0,0.0,-300.0,-700.0,3660.0,yonden
2017,12,2017-12-20,05:00,3610.0,0.0,4480.0,110.0,－－－－－－－－－－,10.0,0.0,0.0,70.0,0.0,-150.0,-910.0,3610.0,yonden
2017,12,2017-12-20,06:00,3820.0,0.0,4690.0,170.0,－－－－－－－－－－,10.0,0.0,0.0,80.0,0.0,0.0,-1130.0,3820.0,yonden
2017,12,2017-12-20,07:00,4020.0,0.0,4880.0,200.0,－－－－－－－－－－,10.0,70.0,0.0,70.0,0.0,0.0,-1210.0,4020.0,yonden
2017,12,2017-12-20,08:00,4280.0,0.0,4940.0,140.0,－－－－－－－－－－,10.0,310.0,0.0,50.0,0.0,120.0,-1290.0,4280.0,yonden
2017,12,2017-12-20,09:00,4180.0,0.0,4860.0,110.0,－－－－－－－－－－,10.0,650.0,0.0,30.0,0.0,0.0,-1480.0,4180.0,yonden
2017,12,2017-12-20,10:00,3990.0,0.0,4400.0,80.0,－－－－－－－－－－,10.0,970.0,0.0,20.0,0.0,0.0,-1490.0,3990.0,yonden
2017,12,2017-12-20,11:00,3890.0,0.0,4360.0,80.0,－－－－－－－－－－,10.0,1100.0,0.0,10.0,0.0,-30.0,-1640.0,3890.0,yonden
2017,12,2017-12-20,12:00,3680.0,0.0,4310.0,80.0,－－－－－－－－－－,10.0,1130.0,0.0,20.0,0.0,-300.0,-1570.0,3680.0,yonden
2017,12,2017-12-20,13:00,3860.0,0.0,4380.0,80.0,－－－－－－－－－－,10.0,1020.0,0.0,30.0,0.0,-100.0,-1560.0,3860.0,yonden
2017,12,2017-12-20,14:00,3860.0,0.0,4450.0,80.0,－－－－－－－－－－,10.0,770.0,0.0,40.0,0.0,0.0,-1490.0,3860.0,yonden
2017,12,2017-12-20,15:00,3930.0,0.0,4720.0,80.0,－－－－－－－－－－,10.0,430.0,0.0,50.0,0.0,0.0,-1360.0,3930.0,yonden
2017,12,2017-12-20,16:00,4090.0,0.0,5000.0,240.0,－－－－－－－－－－,10.0,110.0,0.0,60.0,0.0,0.0,-1330.0,4090.0,yonden
2017,12,2017-12-20,17:00,4290.0,0.0,5000.0,290.0,－－－－－－－－－－,10.0,0.0,0.0,80.0,0.0,170.0,-1260.0,4290.0,yonden
2017,12,2017-12-20,18:00,4340.0,0.0,5010.0,360.0,－－－－－－－－－－,10.0,0.0,0.0,70.0,0.0,170.0,-1280.0,4340.0,yonden
2017,12,2017-12-20,19:00,4230.0,0.0,4980.0,280.0,－－－－－－－－－－,10.0,0.0,0.0,70.0,0.0,150.0,-1260.0,4230.0,yonden
2017,12,2017-12-20,20:00,4060.0,0.0,4950.0,210.0,－－－－－－－－－－,10.0,0.0,0.0,70.0,0.0,40.0,-1220.0,4060.0,yonden
2017,12,2017-12-20,21:00,3830.0,0.0,4830.0,160.0,－－－－－－－－－－,10.0,0.0,0.0,60.0,0.0,0.0,-1230.0,3830.0,yonden
2017,12,2017-12-20,22:00,3550.0,0.0,4350.0,110.0,－－－－－－－－－－,10.0,0.0,0.0,70.0,0.0,0.0,-990.0,3550.0,yonden
2017,12,2017-12-20,23:00,3460.0,0.0,4300.0,110.0,－－－－－－－－－－,10.0,0.0,0.0,70.0,0.0,0.0,-1030.0,3460.0,yonden
2017,12,2017-12-21,00:00,3390.0,0.0,4320.0,80.0,－－－－－－－－－－,10.0,0.0,0.0,90.0,0.0,0.0,-1110.0,3390.0,yonden
2017,12,2017-12-21,01:00,3470.0,0.0,4340.0,90.0,－－－－－－－－－－,10.0,0.0,0.0,110.0,0.0,0.0,-1080.0,3470.0,yonden
2017,12,2017-12-21,02:00,3630.0,0.0,4470.0,80.0,－－－－－－－－－－,10.0,0.0,0.0,110.0,0.0,0.0,-1040.0,3630.0,yonden
2017,12,2017-12-21,03:00,3690.0,0.0,4460.0,100.0,－－－－－－－－－－,10.0,0.0,0.0,120.0,0.0,-300.0,-700.0,3690.0,yonden
2017,12,2017-12-21,04:00,3660.0,0.0,4450.0,110.0,－－－－－－－－－－,10.0,0.0,0.0,110.0,0.0,-300.0,-720.0,3660.0,yonden
2017,12,2017-12-21,05:00,3560.0,0.0,4460.0,110.0,－－－－－－－－－－,10.0,0.0,0.0,100.0,0.0,0.0,-1120.0,3560.0,yonden
2017,12,2017-12-21,06:00,3760.0,0.0,4690.0,130.0,－－－－－－－－－－,10.0,0.0,0.0,90.0,0.0,0.0,-1160.0,3760.0,yonden
2017,12,2017-12-21,07:00,3970.0,0.0,4770.0,190.0,－－－－－－－－－－,10.0,80.0,0.0,90.0,0.0,0.0,-1170.0,3970.0,yonden
2017,12,2017-12-21,08:00,4220.0,0.0,4940.0,150.0,－－－－－－－－－－,10.0,340.0,0.0,80.0,0.0,0.0,-1300.0,4220.0,yonden
2017,12,2017-12-21,09:00,4130.0,0.0,4750.0,110.0,－－－－－－－－－－,10.0,710.0,0.0,70.0,0.0,0.0,-1520.0,4130.0,yonden
2017,12,2017-12-21,10:00,3980.0,0.0,4330.0,90.0,－－－－－－－－－－,10.0,1070.0,0.0,40.0,0.0,0.0,-1560.0,3980.0,yonden
2017,12,2017-12-21,11:00,3910.0,0.0,4340.0,90.0,－－－－－－－－－－,10.0,1250.0,0.0,30.0,0.0,0.0,-1810.0,3910.0,yonden
2017,12,2017-12-21,12:00,3650.0,0.0,4140.0,80.0,－－－－－－－－－－,10.0,1260.0,0.0,30.0,0.0,0.0,-1870.0,3650.0,yonden
2017,12,2017-12-21,13:00,3800.0,0.0,4350.0,90.0,－－－－－－－－－－,10.0,1150.0,0.0,30.0,0.0,0.0,-1830.0,3800.0,yonden
2017,12,2017-12-21,14:00,3750.0,0.0,4430.0,80.0,－－－－－－－－－－,10.0,880.0,0.0,30.0,0.0,0.0,-1680.0,3750.0,yonden
2017,12,2017-12-21,15:00,3800.0,0.0,4610.0,90.0,－－－－－－－－－－,10.0,510.0,0.0,40.0,0.0,0.0,-1460.0,3800.0,yonden
2017,12,2017-12-21,16:00,3960.0,0.0,4980.0,140.0,－－－－－－－－－－,10.0,140.0,0.0,40.0,0.0,0.0,-1350.0,3960.0,yonden
2017,12,2017-12-21,17:00,4200.0,0.0,5230.0,300.0,－－－－－－－－－－,10.0,0.0,0.0,30.0,0.0,0.0,-1370.0,4200.0,yonden
2017,12,2017-12-21,18:00,4290.0,0.0,5150.0,300.0,－－－－－－－－－－,10.0,0.0,0.0,30.0,0.0,130.0,-1330.0,4290.0,yonden
2017,12,2017-12-21,19:00,4180.0,0.0,5130.0,320.0,－－－－－－－－－－,10.0,0.0,0.0,20.0,0.0,0.0,-1300.0,4180.0,yonden
2017,12,2017-12-21,20:00,4060.0,0.0,5070.0,180.0,－－－－－－－－－－,10.0,0.0,0.0,20.0,0.0,0.0,-1220.0,4060.0,yonden
2017,12,2017-12-21,21:00,3830.0,0.0,4910.0,150.0,－－－－－－－－－－,10.0,0.0,0.0,10.0,0.0,0.0,-1250.0,3830.0,yonden
2017,12,2017-12-21,22:00,3520.0,0.0,4580.0,90.0,－－－－－－－－－－,10.0,0.0,0.0,10.0,0.0,0.0,-1170.0,3520.0,yonden
2017,12,2017-12-21,23:00,3400.0,0.0,4480.0,100.0,－－－－－－－－－－,10.0,0.0,0.0,0.0,0.0,0.0,-1190.0,3400.0,yonden
2017,12,2017-12-22,00:00,3360.0,0.0,4450.0,80.0,－－－－－－－－－－,10.0,0.0,0.0,10.0,0.0,0.0,-1190.0,3360.0,yonden
2017,12,2017-12-22,01:00,3440.0,0.0,4530.0,80.0,－－－－－－－－－－,10.0,0.0,0.0,0.0,0.0,0.0,-1180.0,3440.0,yonden
2017,12,2017-12-22,02:00,3600.0,0.0,4540.0,80.0,－－－－－－－－－－,10.0,0.0,0.0,0.0,0.0,0.0,-1030.0,3600.0,yonden
2017,12,2017-12-22,03:00,3640.0,0.0,4470.0,130.0,－－－－－－－－－－,10.0,0.0,0.0,0.0,0.0,0.0,-970.0,3640.0,yonden
2017,12,2017-12-22,04:00,3600.0,0.0,4450.0,130.0,－－－－－－－－－－,10.0,0.0,0.0,10.0,0.0,0.0,-1000.0,3600.0,yonden
2017,12,2017-12-22,05:00,3550.0,0.0,4540.0,110.0,－－－－－－－－－－,10.0,0.0,0.0,10.0,0.0,0.0,-1120.0,3550.0,yonden
2017,12,2017-12-22,06:00,3760.0,0.0,4810.0,90.0,－－－－－－－－－－,10.0,0.0,0.0,10.0,0.0,0.0,-1160.0,3760.0,yonden
2017,12,2017-12-22,07:00,3960.0,0.0,4920.0,130.0,－－－－－－－－－－,10.0,60.0,0.0,10.0,0.0,0.0,-1170.0,3960.0,yonden
2017,12,2017-12-22,08:00,4240.0,0.0,5160.0,120.0,－－－－－－－－－－,10.0,260.0,0.0,20.0,0.0,0.0,-1330.0,4240.0,yonden
2017,12,2017-12-22,09:00,4160.0,0.0,4990.0,90.0,－－－－－－－－－－,10.0,570.0,0.0,10.0,0.0,0.0,-1510.0,4160.0,yonden
2017,12,2017-12-22,10:00,3950.0,0.0,4520.0,90.0,－－－－－－－－－－,10.0,880.0,0.0,10.0,0.0,0.0,-1560.0,3950.0,yonden
2017,12,2017-12-22,11:00,3860.0,0.0,4410.0,90.0,－－－－－－－－－－,10.0,1040.0,0.0,10.0,0.0,0.0,-1700.0,3860.0,yonden
2017,12,2017-12-22,12:00,3610.0,0.0,4310.0,80.0,－－－－－－－－－－,10.0,1090.0,0.0,10.0,0.0,-300.0,-1590.0,3610.0,yonden
2017,12,2017-12-22,13:00,3750.0,0.0,4280.0,80.0,－－－－－－－－－－,10.0,1040.0,0.0,0.0,0.0,-20.0,-1640.0,3750.0,yonden
2017,12,2017-12-22,14:00,3720.0,0.0,4320.0,80.0,－－－－－－－－－－,10.0,830.0,0.0,10.0,0.0,0.0,-1530.0,3720.0,yonden
2017,12,2017-12-22,15:00,3760.0,0.0,4570.0,80.0,－－－－－－－－－－,10.0,470.0,0.0,10.0,0.0,0.0,-1380.0,3760.0,yonden
2017,12,2017-12-22,16:00,3890.0,0.0,5030.0,150.0,－－－－－－－－－－,10.0,120.0,0.0,20.0,0.0,0.0,-1440.0,3890.0,yonden
2017,12,2017-12-22,17:00,4040.0,0.0,5090.0,250.0,－－－－－－－－－－,10.0,0.0,0.0,20.0,0.0,0.0,-1330.0,4040.0,yonden
2017,12,2017-12-22,18:00,4070.0,0.0,4890.0,400.0,－－－－－－－－－－,10.0,0.0,0.0,20.0,0.0,0.0,-1250.0,4070.0,yonden
2017,12,2017-12-22,19:00,3950.0,0.0,4870.0,320.0,－－－－－－－－－－,10.0,0.0,0.0,10.0,0.0,0.0,-1260.0,3950.0,yonden
2017,12,2017-12-22,20:00,3820.0,0.0,4840.0,160.0,－－－－－－－－－－,10.0,0.0,0.0,10.0,0.0,0.0,-1200.0,3820.0,yonden
2017,12,2017-12-22,21:00,3620.0,0.0,4680.0,120.0,－－－－－－－－－－,10.0,0.0,0.0,20.0,0.0,0.0,-1210.0,3620.0,yonden
2017,12,2017-12-22,22:00,3390.0,0.0,4430.0,90.0,－－－－－－－－－－,10.0,0.0,0.0,20.0,0.0,0.0,-1160.0,3390.0,yonden
2017,12,2017-12-22,23:00,3320.0,0.0,4420.0,100.0,－－－－－－－－－－,10.0,0.0,0.0,10.0,0.0,0.0,-1220.0,3320.0,yonden
2017,12,2017-12-23,00:00,3260.0,0.0,4500.0,70.0,－－－－－－－－－－,10.0,0.0,0.0,20.0,0.0,0.0,-1340.0,3260.0,yonden
2017,12,2017-12-23,01:00,3320.0,0.0,4550.0,60.0,－－－－－－－－－－,10.0,0.0,0.0,30.0,0.0,0.0,-1330.0,3320.0,yonden
2017,12,2017-12-23,02:00,3480.0,0.0,4620.0,70.0,－－－－－－－－－－,10.0,0.0,0.0,20.0,0.0,0.0,-1240.0,3480.0,yonden
2017,12,2017-12-23,03:00,3550.0,0.0,4570.0,130.0,－－－－－－－－－－,10.0,0.0,0.0,30.0,0.0,0.0,-1190.0,3550.0,yonden
2017,12,2017-12-23,04:00,3530.0,0.0,4510.0,120.0,－－－－－－－－－－,10.0,0.0,0.0,40.0,0.0,0.0,-1150.0,3530.0,yonden
2017,12,2017-12-23,05:00,3400.0,0.0,4360.0,100.0,－－－－－－－－－－,10.0,0.0,0.0,60.0,0.0,0.0,-1130.0,3400.0,yonden
2017,12,2017-12-23,06:00,3310.0,0.0,4290.0,80.0,－－－－－－－－－－,10.0,0.0,0.0,70.0,0.0,0.0,-1140.0,3310.0,yonden
2017,12,2017-12-23,07:00,3410.0,0.0,4470.0,80.0,－－－－－－－－－－,10.0,70.0,0.0,60.0,0.0,0.0,-1280.0,3410.0,yonden
2017,12,2017-12-23,08:00,3570.0,0.0,4330.0,60.0,－－－－－－－－－－,10.0,310.0,0.0,40.0,0.0,0.0,-1180.0,3570.0,yonden
2017,12,2017-12-23,09:00,3470.0,0.0,4040.0,100.0,－－－－－－－－－－,10.0,640.0,0.0,30.0,0.0,0.0,-1350.0,3470.0,yonden
2017,12,2017-12-23,10:00,3440.0,0.0,3910.0,100.0,－－－－－－－－－－,10.0,870.0,0.0,20.0,0.0,0.0,-1470.0,3440.0,yonden
2017,12,2017-12-23,11:00,3320.0,0.0,4000.0,80.0,－－－－－－－－－－,10.0,930.0,0.0,20.0,0.0,-150.0,-1570.0,3320.0,yonden
2017,12,2017-12-23,12:00,3190.0,0.0,4140.0,80.0,－－－－－－－－－－,10.0,710.0,0.0,20.0,0.0,-300.0,-1470.0,3190.0,yonden
2017,12,2017-12-23,13:00,3230.0,0.0,4400.0,70.0,－－－－－－－－－－,10.0,450.0,0.0,10.0,0.0,-300.0,-1410.0,3230.0,yonden
2017,12,2017-12-23,14:00,3150.0,0.0,4360.0,70.0,－－－－－－－－－－,10.0,270.0,0.0,10.0,0.0,-170.0,-1400.0,3150.0,yonden
2017,12,2017-12-23,15:00,3150.0,0.0,4220.0,70.0,－－－－－－－－－－,10.0,230.0,0.0,10.0,0.0,0.0,-1390.0,3150.0,yonden
2017,12,2017-12-23,16:00,3250.0,0.0,4410.0,100.0,－－－－－－－－－－,10.0,60.0,0.0,10.0,0.0,0.0,-1340.0,3250.0,yonden
2017,12,2017-12-23,17:00,3540.0,0.0,4590.0,230.0,－－－－－－－－－－,10.0,0.0,0.0,10.0,0.0,0.0,-1300.0,3540.0,yonden
2017,12,2017-12-23,18:00,3610.0,0.0,4640.0,290.0,－－－－－－－－－－,10.0,0.0,0.0,0.0,0.0,0.0,-1330.0,3610.0,yonden
2017,12,2017-12-23,19:00,3560.0,0.0,4610.0,250.0,－－－－－－－－－－,10.0,0.0,0.0,0.0,0.0,0.0,-1310.0,3560.0,yonden
2017,12,2017-12-23,20:00,3480.0,0.0,4550.0,150.0,－－－－－－－－－－,10.0,0.0,0.0,0.0,0.0,0.0,-1230.0,3480.0,yonden
2017,12,2017-12-23,21:00,3340.0,0.0,4520.0,90.0,－－－－－－－－－－,10.0,0.0,0.0,0.0,0.0,0.0,-1280.0,3340.0,yonden
2017,12,2017-12-23,22:00,3130.0,0.0,4310.0,80.0,－－－－－－－－－－,10.0,0.0,0.0,0.0,0.0,0.0,-1270.0,3130.0,yonden
2017,12,2017-12-23,23:00,3060.0,0.0,4100.0,80.0,－－－－－－－－－－,10.0,0.0,0.0,10.0,0.0,0.0,-1140.0,3060.0,yonden
2017,12,2017-12-24,00:00,3030.0,0.0,4070.0,80.0,－－－－－－－－－－,10.0,0.0,0.0,20.0,0.0,0.0,-1150.0,3030.0,yonden
2017,12,2017-12-24,01:00,3110.0,0.0,4000.0,60.0,－－－－－－－－－－,10.0,0.0,0.0,20.0,0.0,0.0,-980.0,3110.0,yonden
2017,12,2017-12-24,02:00,3280.0,0.0,4100.0,70.0,－－－－－－－－－－,10.0,0.0,0.0,30.0,0.0,0.0,-930.0,3280.0,yonden
2017,12,2017-12-24,03:00,3320.0,0.0,4100.0,80.0,－－－－－－－－－－,10.0,0.0,0.0,20.0,0.0,0.0,-890.0,3320.0,yonden
2017,12,2017-12-24,04:00,3280.0,0.0,4070.0,100.0,－－－－－－－－－－,10.0,0.0,0.0,20.0,0.0,0.0,-920.0,3280.0,yonden
2017,12,2017-12-24,05:00,3110.0,0.0,3950.0,90.0,－－－－－－－－－－,10.0,0.0,0.0,20.0,0.0,0.0,-960.0,3110.0,yonden
2017,12,2017-12-24,06:00,2960.0,0.0,3900.0,80.0,－－－－－－－－－－,10.0,0.0,0.0,20.0,0.0,0.0,-1050.0,2960.0,yonden
2017,12,2017-12-24,07:00,2990.0,0.0,3890.0,80.0,－－－－－－－－－－,10.0,50.0,0.0,30.0,0.0,0.0,-1070.0,2990.0,yonden
2017,12,2017-12-24,08:00,3190.0,0.0,4060.0,80.0,－－－－－－－－－－,10.0,180.0,0.0,30.0,0.0,0.0,-1170.0,3190.0,yonden
2017,12,2017-12-24,09:00,3190.0,0.0,4010.0,120.0,－－－－－－－－－－,10.0,380.0,0.0,50.0,0.0,-20.0,-1360.0,3190.0,yonden
2017,12,2017-12-24,10:00,3100.0,0.0,3930.0,150.0,－－－－－－－－－－,10.0,530.0,0.0,60.0,0.0,-300.0,-1280.0,3100.0,yonden
2017,12,2017-12-24,11:00,3030.0,0.0,3820.0,100.0,－－－－－－－－－－,10.0,570.0,0.0,80.0,0.0,-300.0,-1250.0,3030.0,yonden
2017,12,2017-12-24,12:00,2940.0,0.0,3900.0,90.0,－－－－－－－－－－,10.0,310.0,0.0,90.0,0.0,-300.0,-1160.0,2940.0,yonden
2017,12,2017-12-24,13:00,2950.0,0.0,3870.0,80.0,－－－－－－－－－－,10.0,200.0,0.0,100.0,0.0,-200.0,-1110.0,2950.0,yonden
2017,12,2017-12-24,14:00,2980.0,0.0,3830.0,90.0,－－－－－－－－－－,10.0,170.0,0.0,90.0,0.0,0.0,-1210.0,2980.0,yonden
2017,12,2017-12-24,15:00,3080.0,0.0,4050.0,90.0,－－－－－－－－－－,10.0,50.0,0.0,90.0,0.0,0.0,-1210.0,3080.0,yonden
2017,12,2017-12-24,16:00,3240.0,0.0,4270.0,130.0,－－－－－－－－－－,10.0,10.0,0.0,80.0,0.0,0.0,-1260.0,3240.0,yonden
2017,12,2017-12-24,17:00,3450.0,0.0,4480.0,290.0,－－－－－－－－－－,10.0,0.0,0.0,70.0,0.0,0.0,-1400.0,3450.0,yonden
2017,12,2017-12-24,18:00,3470.0,0.0,4560.0,300.0,－－－－－－－－－－,10.0,0.0,0.0,50.0,0.0,0.0,-1450.0,3470.0,yonden
2017,12,2017-12-24,19:00,3390.0,0.0,4440.0,220.0,－－－－－－－－－－,10.0,0.0,0.0,50.0,0.0,0.0,-1330.0,3390.0,yonden
2017,12,2017-12-24,20:00,3270.0,0.0,4280.0,150.0,－－－－－－－－－－,10.0,0.0,0.0,60.0,0.0,0.0,-1230.0,3270.0,yonden
2017,12,2017-12-24,21:00,3070.0,0.0,4070.0,150.0,－－－－－－－－－－,10.0,0.0,0.0,100.0,0.0,0.0,-1260.0,3070.0,yonden
2017,12,2017-12-24,22:00,2860.0,0.0,3700.0,180.0,－－－－－－－－－－,10.0,0.0,0.0,110.0,0.0,0.0,-1140.0,2860.0,yonden
2017,12,2017-12-24,23:00,2760.0,0.0,3790.0,230.0,－－－－－－－－－－,10.0,0.0,0.0,100.0,0.0,-250.0,-1120.0,2760.0,yonden
2017,12,2017-12-25,00:00,2730.0,0.0,3790.0,210.0,－－－－－－－－－－,10.0,0.0,0.0,100.0,0.0,-300.0,-1080.0,2730.0,yonden
2017,12,2017-12-25,01:00,2830.0,0.0,3600.0,250.0,－－－－－－－－－－,10.0,0.0,0.0,100.0,0.0,-100.0,-1030.0,2830.0,yonden
2017,12,2017-12-25,02:00,3060.0,0.0,3700.0,220.0,－－－－－－－－－－,10.0,0.0,0.0,90.0,0.0,0.0,-960.0,3060.0,yonden
2017,12,2017-12-25,03:00,3180.0,0.0,3760.0,250.0,－－－－－－－－－－,10.0,0.0,0.0,90.0,0.0,0.0,-930.0,3180.0,yonden
2017,12,2017-12-25,04:00,3220.0,0.0,3740.0,280.0,－－－－－－－－－－,10.0,0.0,0.0,100.0,0.0,0.0,-910.0,3220.0,yonden
2017,12,2017-12-25,05:00,3180.0,0.0,3780.0,280.0,－－－－－－－－－－,10.0,0.0,0.0,90.0,0.0,0.0,-980.0,3180.0,yonden
2017,12,2017-12-25,06:00,3280.0,0.0,4070.0,270.0,－－－－－－－－－－,10.0,0.0,0.0,110.0,0.0,0.0,-1180.0,3280.0,yonden
2017,12,2017-12-25,07:00,3460.0,0.0,4430.0,280.0,－－－－－－－－－－,10.0,50.0,0.0,120.0,0.0,0.0,-1430.0,3460.0,yonden
2017,12,2017-12-25,08:00,3840.0,0.0,4640.0,260.0,－－－－－－－－－－,10.0,220.0,0.0,120.0,0.0,0.0,-1410.0,3840.0,yonden
2017,12,2017-12-25,09:00,3840.0,0.0,4450.0,220.0,－－－－－－－－－－,10.0,510.0,0.0,120.0,0.0,0.0,-1470.0,3840.0,yonden
2017,12,2017-12-25,10:00,3790.0,0.0,4360.0,220.0,－－－－－－－－－－,10.0,770.0,0.0,120.0,0.0,0.0,-1690.0,3790.0,yonden
2017,12,2017-12-25,11:00,3750.0,0.0,4440.0,220.0,－－－－－－－－－－,10.0,940.0,0.0,110.0,0.0,0.0,-1970.0,3750.0,yonden
2017,12,2017-12-25,12:00,3570.0,0.0,4340.0,210.0,－－－－－－－－－－,10.0,960.0,0.0,110.0,0.0,0.0,-2060.0,3570.0,yonden
2017,12,2017-12-25,13:00,3670.0,0.0,4480.0,210.0,－－－－－－－－－－,10.0,850.0,0.0,100.0,0.0,0.0,-1980.0,3670.0,yonden
2017,12,2017-12-25,14:00,3720.0,0.0,4480.0,210.0,－－－－－－－－－－,10.0,640.0,0.0,100.0,0.0,0.0,-1720.0,3720.0,yonden
2017,12,2017-12-25,15:00,3760.0,0.0,4490.0,200.0,－－－－－－－－－－,10.0,390.0,0.0,110.0,0.0,0.0,-1440.0,3760.0,yonden
2017,12,2017-12-25,16:00,3860.0,0.0,4870.0,260.0,－－－－－－－－－－,10.0,110.0,0.0,120.0,0.0,0.0,-1510.0,3860.0,yonden
2017,12,2017-12-25,17:00,4000.0,0.0,4820.0,360.0,－－－－－－－－－－,10.0,0.0,0.0,110.0,0.0,210.0,-1510.0,4000.0,yonden
2017,12,2017-12-25,18:00,4030.0,0.0,4690.0,420.0,－－－－－－－－－－,10.0,0.0,0.0,110.0,0.0,230.0,-1430.0,4030.0,yonden
2017,12,2017-12-25,19:00,3910.0,0.0,4660.0,380.0,－－－－－－－－－－,10.0,0.0,0.0,110.0,0.0,100.0,-1350.0,3910.0,yonden
2017,12,2017-12-25,20:00,3770.0,0.0,4650.0,310.0,－－－－－－－－－－,10.0,0.0,0.0,110.0,0.0,0.0,-1310.0,3770.0,yonden
2017,12,2017-12-25,21:00,3570.0,0.0,4570.0,240.0,－－－－－－－－－－,10.0,0.0,0.0,90.0,0.0,0.0,-1340.0,3570.0,yonden
2017,12,2017-12-25,22:00,3310.0,0.0,4280.0,180.0,－－－－－－－－－－,10.0,0.0,0.0,80.0,0.0,0.0,-1240.0,3310.0,yonden
2017,12,2017-12-25,23:00,3190.0,0.0,4140.0,160.0,－－－－－－－－－－,10.0,0.0,0.0,80.0,0.0,0.0,-1200.0,3190.0,yonden
2017,12,2017-12-26,00:00,3130.0,0.0,4090.0,130.0,－－－－－－－－－－,10.0,0.0,0.0,70.0,0.0,0.0,-1170.0,3130.0,yonden
2017,12,2017-12-26,01:00,3230.0,0.0,4060.0,110.0,－－－－－－－－－－,10.0,0.0,0.0,80.0,0.0,0.0,-1030.0,3230.0,yonden
2017,12,2017-12-26,02:00,3400.0,0.0,4140.0,120.0,－－－－－－－－－－,10.0,0.0,0.0,70.0,0.0,0.0,-940.0,3400.0,yonden
2017,12,2017-12-26,03:00,3470.0,0.0,4220.0,140.0,－－－－－－－－－－,10.0,0.0,0.0,80.0,0.0,0.0,-980.0,3470.0,yonden
2017,12,2017-12-26,04:00,3440.0,0.0,4260.0,210.0,－－－－－－－－－－,10.0,0.0,0.0,90.0,0.0,0.0,-1130.0,3440.0,yonden
2017,12,2017-12-26,05:00,3370.0,0.0,4300.0,210.0,－－－－－－－－－－,10.0,0.0,0.0,90.0,0.0,0.0,-1240.0,3370.0,yonden
2017,12,2017-12-26,06:00,3480.0,0.0,4630.0,210.0,－－－－－－－－－－,10.0,0.0,0.0,100.0,0.0,0.0,-1470.0,3480.0,yonden
2017,12,2017-12-26,07:00,3690.0,0.0,4770.0,230.0,－－－－－－－－－－,10.0,50.0,0.0,100.0,0.0,0.0,-1470.0,3690.0,yonden
2017,12,2017-12-26,08:00,4090.0,0.0,4990.0,270.0,－－－－－－－－－－,10.0,190.0,0.0,110.0,0.0,0.0,-1480.0,4090.0,yonden
2017,12,2017-12-26,09:00,4090.0,0.0,5020.0,200.0,－－－－－－－－－－,10.0,480.0,0.0,110.0,0.0,0.0,-1730.0,4090.0,yonden
2017,12,2017-12-26,10:00,3910.0,0.0,4840.0,170.0,－－－－－－－－－－,10.0,720.0,0.0,110.0,0.0,0.0,-1940.0,3910.0,yonden
2017,12,2017-12-26,11:00,3870.0,0.0,4880.0,180.0,－－－－－－－－－－,10.0,770.0,0.0,100.0,0.0,0.0,-2070.0,3870.0,yonden
2017,12,2017-12-26,12:00,3650.0,0.0,4590.0,140.0,－－－－－－－－－－,10.0,720.0,0.0,110.0,0.0,0.0,-1920.0,3650.0,yonden
2017,12,2017-12-26,13:00,3820.0,0.0,4810.0,160.0,－－－－－－－－－－,10.0,620.0,0.0,110.0,0.0,0.0,-1890.0,3820.0,yonden
2017,12,2017-12-26,14:00,3830.0,0.0,4830.0,170.0,－－－－－－－－－－,10.0,510.0,0.0,110.0,0.0,0.0,-1800.0,3830.0,yonden
2017,12,2017-12-26,15:00,3830.0,0.0,4760.0,170.0,－－－－－－－－－－,10.0,340.0,0.0,120.0,0.0,0.0,-1570.0,3830.0,yonden
2017,12,2017-12-26,16:00,3960.0,0.0,5100.0,290.0,－－－－－－－－－－,10.0,80.0,0.0,120.0,0.0,0.0,-1640.0,3960.0,yonden
2017,12,2017-12-26,17:00,4140.0,0.0,5290.0,360.0,－－－－－－－－－－,10.0,0.0,0.0,110.0,0.0,0.0,-1630.0,4140.0,yonden
2017,12,2017-12-26,18:00,4170.0,0.0,5220.0,420.0,－－－－－－－－－－,10.0,0.0,0.0,110.0,0.0,0.0,-1590.0,4170.0,yonden
2017,12,2017-12-26,19:00,4040.0,0.0,5040.0,340.0,－－－－－－－－－－,10.0,0.0,0.0,110.0,0.0,0.0,-1460.0,4040.0,yonden
2017,12,2017-12-26,20:00,3850.0,0.0,4930.0,190.0,－－－－－－－－－－,10.0,0.0,0.0,100.0,0.0,0.0,-1380.0,3850.0,yonden
2017,12,2017-12-26,21:00,3610.0,0.0,4820.0,140.0,－－－－－－－－－－,10.0,0.0,0.0,100.0,0.0,0.0,-1460.0,3610.0,yonden
2017,12,2017-12-26,22:00,3330.0,0.0,4550.0,130.0,－－－－－－－－－－,10.0,0.0,0.0,110.0,0.0,0.0,-1470.0,3330.0,yonden
2017,12,2017-12-26,23:00,3170.0,0.0,4300.0,120.0,－－－－－－－－－－,10.0,0.0,0.0,110.0,0.0,0.0,-1370.0,3170.0,yonden
2017,12,2017-12-27,00:00,3080.0,0.0,4210.0,110.0,－－－－－－－－－－,10.0,0.0,0.0,100.0,0.0,0.0,-1350.0,3080.0,yonden
2017,12,2017-12-27,01:00,3150.0,0.0,4270.0,110.0,－－－－－－－－－－,10.0,0.0,0.0,100.0,0.0,0.0,-1340.0,3150.0,yonden
2017,12,2017-12-27,02:00,3350.0,0.0,4400.0,120.0,－－－－－－－－－－,10.0,0.0,0.0,100.0,0.0,0.0,-1280.0,3350.0,yonden
2017,12,2017-12-27,03:00,3440.0,0.0,4420.0,140.0,－－－－－－－－－－,10.0,0.0,0.0,110.0,0.0,0.0,-1240.0,3440.0,yonden
2017,12,2017-12-27,04:00,3460.0,0.0,4410.0,140.0,－－－－－－－－－－,10.0,0.0,0.0,120.0,0.0,0.0,-1220.0,3460.0,yonden
2017,12,2017-12-27,05:00,3400.0,0.0,4460.0,140.0,－－－－－－－－－－,10.0,0.0,0.0,130.0,0.0,0.0,-1340.0,3400.0,yonden
2017,12,2017-12-27,06:00,3520.0,0.0,4710.0,120.0,－－－－－－－－－－,10.0,0.0,0.0,130.0,0.0,0.0,-1450.0,3520.0,yonden
2017,12,2017-12-27,07:00,3710.0,0.0,4940.0,130.0,－－－－－－－－－－,10.0,60.0,0.0,120.0,0.0,0.0,-1550.0,3710.0,yonden
2017,12,2017-12-27,08:00,4070.0,0.0,5090.0,160.0,－－－－－－－－－－,10.0,240.0,0.0,130.0,0.0,0.0,-1560.0,4070.0,yonden
2017,12,2017-12-27,09:00,4010.0,0.0,4810.0,180.0,－－－－－－－－－－,10.0,550.0,0.0,120.0,0.0,0.0,-1660.0,4010.0,yonden
2017,12,2017-12-27,10:00,3890.0,0.0,4690.0,130.0,－－－－－－－－－－,10.0,850.0,0.0,120.0,0.0,0.0,-1910.0,3890.0,yonden
2017,12,2017-12-27,11:00,3840.0,0.0,4730.0,150.0,－－－－－－－－－－,10.0,1050.0,0.0,120.0,0.0,0.0,-2220.0,3840.0,yonden
2017,12,2017-12-27,12:00,3630.0,0.0,4410.0,110.0,－－－－－－－－－－,10.0,1090.0,0.0,120.0,0.0,0.0,-2110.0,3630.0,yonden
2017,12,2017-12-27,13:00,3720.0,0.0,4670.0,140.0,－－－－－－－－－－,10.0,990.0,0.0,120.0,0.0,0.0,-2210.0,3720.0,yonden
2017,12,2017-12-27,14:00,3690.0,0.0,4620.0,150.0,－－－－－－－－－－,10.0,750.0,0.0,120.0,0.0,0.0,-1960.0,3690.0,yonden
2017,12,2017-12-27,15:00,3740.0,0.0,4630.0,160.0,－－－－－－－－－－,10.0,460.0,0.0,120.0,0.0,0.0,-1640.0,3740.0,yonden
2017,12,2017-12-27,16:00,3910.0,0.0,5010.0,220.0,－－－－－－－－－－,10.0,140.0,0.0,120.0,0.0,0.0,-1590.0,3910.0,yonden
2017,12,2017-12-27,17:00,4120.0,0.0,5160.0,310.0,－－－－－－－－－－,10.0,0.0,0.0,120.0,0.0,250.0,-1730.0,4120.0,yonden
2017,12,2017-12-27,18:00,4200.0,0.0,5040.0,320.0,－－－－－－－－－－,10.0,0.0,0.0,120.0,0.0,310.0,-1600.0,4200.0,yonden
2017,12,2017-12-27,19:00,4080.0,0.0,4840.0,300.0,－－－－－－－－－－,10.0,0.0,0.0,120.0,0.0,240.0,-1430.0,4080.0,yonden
2017,12,2017-12-27,20:00,3950.0,0.0,4900.0,170.0,－－－－－－－－－－,10.0,0.0,0.0,120.0,0.0,0.0,-1250.0,3950.0,yonden
2017,12,2017-12-27,21:00,3730.0,0.0,4810.0,130.0,－－－－－－－－－－,10.0,0.0,0.0,110.0,0.0,0.0,-1330.0,3730.0,yonden
2017,12,2017-12-27,22:00,3420.0,0.0,4540.0,120.0,－－－－－－－－－－,10.0,0.0,0.0,110.0,0.0,0.0,-1360.0,3420.0,yonden
2017,12,2017-12-27,23:00,3330.0,0.0,4420.0,120.0,－－－－－－－－－－,10.0,0.0,0.0,110.0,0.0,0.0,-1330.0,3330.0,yonden
2017,12,2017-12-28,00:00,3280.0,0.0,4330.0,100.0,－－－－－－－－－－,10.0,0.0,0.0,110.0,0.0,0.0,-1270.0,3280.0,yonden
2017,12,2017-12-28,01:00,3320.0,0.0,4290.0,90.0,－－－－－－－－－－,10.0,0.0,0.0,110.0,0.0,0.0,-1180.0,3320.0,yonden
2017,12,2017-12-28,02:00,3450.0,0.0,4380.0,100.0,－－－－－－－－－－,10.0,0.0,0.0,100.0,0.0,0.0,-1140.0,3450.0,yonden
2017,12,2017-12-28,03:00,3490.0,0.0,4400.0,130.0,－－－－－－－－－－,10.0,0.0,0.0,90.0,0.0,0.0,-1140.0,3490.0,yonden
2017,12,2017-12-28,04:00,3430.0,0.0,4350.0,130.0,－－－－－－－－－－,10.0,0.0,0.0,100.0,0.0,0.0,-1160.0,3430.0,yonden
2017,12,2017-12-28,05:00,3350.0,0.0,4340.0,140.0,－－－－－－－－－－,10.0,0.0,0.0,110.0,0.0,0.0,-1250.0,3350.0,yonden
2017,12,2017-12-28,06:00,3450.0,0.0,4760.0,140.0,－－－－－－－－－－,10.0,0.0,0.0,110.0,0.0,0.0,-1570.0,3450.0,yonden
2017,12,2017-12-28,07:00,3690.0,0.0,4910.0,120.0,－－－－－－－－－－,10.0,60.0,0.0,110.0,0.0,0.0,-1520.0,3690.0,yonden
2017,12,2017-12-28,08:00,4050.0,0.0,5070.0,160.0,－－－－－－－－－－,10.0,260.0,0.0,110.0,0.0,0.0,-1560.0,4050.0,yonden
2017,12,2017-12-28,09:00,4050.0,0.0,5140.0,210.0,－－－－－－－－－－,10.0,450.0,0.0,100.0,0.0,0.0,-1860.0,4050.0,yonden
2017,12,2017-12-28,10:00,3880.0,0.0,5040.0,160.0,－－－－－－－－－－,10.0,740.0,0.0,90.0,0.0,0.0,-2160.0,3880.0,yonden
2017,12,2017-12-28,11:00,3710.0,0.0,4460.0,110.0,－－－－－－－－－－,10.0,1050.0,0.0,80.0,0.0,0.0,-2000.0,3710.0,yonden
2017,12,2017-12-28,12:00,3530.0,0.0,4120.0,100.0,－－－－－－－－－－,10.0,990.0,0.0,80.0,0.0,0.0,-1770.0,3530.0,yonden
2017,12,2017-12-28,13:00,3530.0,0.0,4460.0,100.0,－－－－－－－－－－,10.0,890.0,0.0,70.0,0.0,0.0,-2000.0,3530.0,yonden
2017,12,2017-12-28,14:00,3420.0,0.0,4620.0,110.0,－－－－－－－－－－,10.0,590.0,0.0,60.0,0.0,0.0,-1970.0,3420.0,yonden
2017,12,2017-12-28,15:00,3440.0,0.0,4650.0,130.0,－－－－－－－－－－,10.0,330.0,0.0,50.0,0.0,0.0,-1730.0,3440.0,yonden
2017,12,2017-12-28,16:00,3570.0,0.0,4790.0,150.0,－－－－－－－－－－,10.0,70.0,0.0,40.0,0.0,0.0,-1490.0,3570.0,yonden
2017,12,2017-12-28,17:00,3820.0,0.0,4920.0,270.0,－－－－－－－－－－,10.0,0.0,0.0,30.0,0.0,0.0,-1410.0,3820.0,yonden
2017,12,2017-12-28,18:00,3870.0,0.0,4620.0,310.0,－－－－－－－－－－,10.0,0.0,0.0,40.0,0.0,210.0,-1320.0,3870.0,yonden
2017,12,2017-12-28,19:00,3780.0,0.0,4590.0,240.0,－－－－－－－－－－,10.0,0.0,0.0,40.0,0.0,230.0,-1330.0,3780.0,yonden
2017,12,2017-12-28,20:00,3650.0,0.0,4680.0,170.0,－－－－－－－－－－,10.0,0.0,0.0,50.0,0.0,150.0,-1410.0,3650.0,yonden
2017,12,2017-12-28,21:00,3450.0,0.0,4780.0,150.0,－－－－－－－－－－,10.0,0.0,0.0,50.0,0.0,0.0,-1540.0,3450.0,yonden
2017,12,2017-12-28,22:00,3200.0,0.0,4160.0,100.0,－－－－－－－－－－,10.0,0.0,0.0,60.0,0.0,0.0,-1130.0,3200.0,yonden
2017,12,2017-12-28,23:00,3120.0,0.0,3580.0,100.0,－－－－－－－－－－,10.0,0.0,0.0,60.0,0.0,0.0,-630.0,3120.0,yonden
2017,12,2017-12-29,00:00,3100.0,0.0,3570.0,90.0,－－－－－－－－－－,10.0,0.0,0.0,40.0,0.0,0.0,-610.0,3100.0,yonden
2017,12,2017-12-29,01:00,3190.0,0.0,3640.0,90.0,－－－－－－－－－－,10.0,0.0,0.0,30.0,0.0,0.0,-580.0,3190.0,yonden
2017,12,2017-12-29,02:00,3340.0,0.0,3710.0,120.0,－－－－－－－－－－,10.0,0.0,0.0,50.0,0.0,0.0,-550.0,3340.0,yonden
2017,12,2017-12-29,03:00,3380.0,0.0,3670.0,150.0,－－－－－－－－－－,10.0,0.0,0.0,70.0,0.0,0.0,-520.0,3380.0,yonden
2017,12,2017-12-29,04:00,3290.0,0.0,3570.0,100.0,－－－－－－－－－－,10.0,0.0,0.0,80.0,0.0,0.0,-470.0,3290.0,yonden
2017,12,2017-12-29,05:00,3140.0,0.0,3410.0,90.0,－－－－－－－－－－,10.0,0.0,0.0,70.0,0.0,0.0,-440.0,3140.0,yonden
2017,12,2017-12-29,06:00,3090.0,0.0,3400.0,110.0,－－－－－－－－－－,10.0,0.0,0.0,80.0,0.0,0.0,-510.0,3090.0,yonden
2017,12,2017-12-29,07:00,3240.0,0.0,3560.0,120.0,－－－－－－－－－－,10.0,60.0,0.0,100.0,0.0,0.0,-610.0,3240.0,yonden
2017,12,2017-12-29,08:00,3550.0,0.0,3870.0,140.0,－－－－－－－－－－,10.0,160.0,0.0,120.0,0.0,0.0,-750.0,3550.0,yonden
2017,12,2017-12-29,09:00,3440.0,0.0,3810.0,120.0,－－－－－－－－－－,10.0,270.0,0.0,110.0,0.0,0.0,-880.0,3440.0,yonden
2017,12,2017-12-29,10:00,3280.0,0.0,3450.0,110.0,－－－－－－－－－－,10.0,420.0,0.0,110.0,0.0,0.0,-820.0,3280.0,yonden
2017,12,2017-12-29,11:00,3200.0,0.0,3210.0,100.0,－－－－－－－－－－,10.0,430.0,0.0,110.0,0.0,0.0,-660.0,3200.0,yonden
2017,12,2017-12-29,12:00,3180.0,0.0,3250.0,100.0,－－－－－－－－－－,10.0,380.0,0.0,120.0,0.0,0.0,-680.0,3180.0,yonden
2017,12,2017-12-29,13:00,3150.0,0.0,3330.0,90.0,－－－－－－－－－－,10.0,300.0,0.0,130.0,0.0,0.0,-710.0,3150.0,yonden
2017,12,2017-12-29,14:00,3070.0,0.0,3200.0,100.0,－－－－－－－－－－,10.0,280.0,0.0,130.0,0.0,0.0,-650.0,3070.0,yonden
2017,12,2017-12-29,15:00,3090.0,0.0,3260.0,100.0,－－－－－－－－－－,10.0,210.0,0.0,130.0,0.0,0.0,-620.0,3090.0,yonden
2017,12,2017-12-29,16:00,3210.0,0.0,3550.0,140.0,－－－－－－－－－－,10.0,60.0,0.0,130.0,0.0,0.0,-680.0,3210.0,yonden
2017,12,2017-12-29,17:00,3490.0,0.0,3750.0,320.0,－－－－－－－－－－,10.0,0.0,0.0,130.0,0.0,70.0,-790.0,3490.0,yonden
2017,12,2017-12-29,18:00,3530.0,0.0,3680.0,340.0,－－－－－－－－－－,10.0,0.0,0.0,130.0,0.0,70.0,-700.0,3530.0,yonden
2017,12,2017-12-29,19:00,3460.0,0.0,3680.0,310.0,－－－－－－－－－－,10.0,0.0,0.0,120.0,0.0,0.0,-660.0,3460.0,yonden
2017,12,2017-12-29,20:00,3340.0,0.0,3570.0,170.0,－－－－－－－－－－,10.0,0.0,0.0,120.0,0.0,0.0,-530.0,3340.0,yonden
2017,12,2017-12-29,21:00,3180.0,0.0,3460.0,120.0,－－－－－－－－－－,10.0,0.0,0.0,120.0,0.0,0.0,-530.0,3180.0,yonden
2017,12,2017-12-29,22:00,2950.0,0.0,3100.0,110.0,－－－－－－－－－－,10.0,0.0,0.0,120.0,0.0,0.0,-390.0,2950.0,yonden
2017,12,2017-12-29,23:00,2840.0,0.0,2960.0,110.0,－－－－－－－－－－,10.0,0.0,0.0,110.0,0.0,0.0,-350.0,2840.0,yonden
2017,12,2017-12-30,00:00,2790.0,0.0,3020.0,90.0,－－－－－－－－－－,10.0,0.0,0.0,100.0,0.0,0.0,-430.0,2790.0,yonden
2017,12,2017-12-30,01:00,2880.0,0.0,3090.0,90.0,－－－－－－－－－－,10.0,0.0,0.0,100.0,0.0,0.0,-410.0,2880.0,yonden
2017,12,2017-12-30,02:00,3050.0,0.0,3200.0,100.0,－－－－－－－－－－,10.0,0.0,0.0,110.0,0.0,0.0,-370.0,3050.0,yonden
2017,12,2017-12-30,03:00,3120.0,0.0,3210.0,130.0,－－－－－－－－－－,10.0,0.0,0.0,90.0,0.0,0.0,-320.0,3120.0,yonden
2017,12,2017-12-30,04:00,3100.0,0.0,3220.0,100.0,－－－－－－－－－－,10.0,0.0,0.0,70.0,0.0,0.0,-300.0,3100.0,yonden
2017,12,2017-12-30,05:00,2980.0,0.0,3170.0,90.0,－－－－－－－－－－,10.0,0.0,0.0,60.0,0.0,0.0,-350.0,2980.0,yonden
2017,12,2017-12-30,06:00,2850.0,0.0,3160.0,90.0,－－－－－－－－－－,10.0,0.0,0.0,60.0,0.0,0.0,-470.0,2850.0,yonden
2017,12,2017-12-30,07:00,2890.0,0.0,3240.0,100.0,－－－－－－－－－－,10.0,60.0,0.0,70.0,0.0,0.0,-590.0,2890.0,yonden
2017,12,2017-12-30,08:00,3030.0,0.0,3270.0,100.0,－－－－－－－－－－,10.0,250.0,0.0,60.0,0.0,0.0,-660.0,3030.0,yonden
2017,12,2017-12-30,09:00,2930.0,0.0,3100.0,120.0,－－－－－－－－－－,10.0,500.0,0.0,40.0,0.0,0.0,-840.0,2930.0,yonden
2017,12,2017-12-30,10:00,2790.0,0.0,2730.0,100.0,－－－－－－－－－－,10.0,870.0,0.0,20.0,0.0,-150.0,-790.0,2790.0,yonden
2017,12,2017-12-30,11:00,2750.0,0.0,2670.0,90.0,－－－－－－－－－－,10.0,920.0,0.0,30.0,0.0,-300.0,-670.0,2750.0,yonden
2017,12,2017-12-30,12:00,2710.0,0.0,2560.0,80.0,－－－－－－－－－－,10.0,1060.0,0.0,40.0,0.0,-300.0,-740.0,2710.0,yonden
2017,12,2017-12-30,13:00,2580.0,0.0,2420.0,70.0,－－－－－－－－－－,10.0,1120.0,0.0,20.0,0.0,-290.0,-770.0,2580.0,yonden
2017,12,2017-12-30,14:00,2540.0,0.0,2490.0,80.0,－－－－－－－－－－,10.0,870.0,0.0,20.0,0.0,-290.0,-640.0,2540.0,yonden
2017,12,2017-12-30,15:00,2620.0,0.0,2590.0,90.0,－－－－－－－－－－,10.0,490.0,0.0,10.0,0.0,-50.0,-520.0,2620.0,yonden
2017,12,2017-12-30,16:00,2790.0,0.0,3110.0,120.0,－－－－－－－－－－,10.0,140.0,0.0,10.0,0.0,0.0,-600.0,2790.0,yonden
2017,12,2017-12-30,17:00,3140.0,0.0,3450.0,260.0,－－－－－－－－－－,10.0,0.0,0.0,10.0,0.0,180.0,-770.0,3140.0,yonden
2017,12,2017-12-30,18:00,3310.0,0.0,3480.0,300.0,－－－－－－－－－－,10.0,0.0,0.0,10.0,0.0,150.0,-640.0,3310.0,yonden
2017,12,2017-12-30,19:00,3310.0,0.0,3450.0,290.0,－－－－－－－－－－,10.0,0.0,0.0,0.0,0.0,180.0,-620.0,3310.0,yonden
2017,12,2017-12-30,20:00,3260.0,0.0,3400.0,180.0,－－－－－－－－－－,10.0,0.0,0.0,10.0,0.0,160.0,-500.0,3260.0,yonden
2017,12,2017-12-30,21:00,3140.0,0.0,3390.0,160.0,－－－－－－－－－－,10.0,0.0,0.0,0.0,0.0,20.0,-440.0,3140.0,yonden
2017,12,2017-12-30,22:00,2940.0,0.0,3300.0,90.0,－－－－－－－－－－,10.0,0.0,0.0,0.0,0.0,0.0,-460.0,2940.0,yonden
2017,12,2017-12-30,23:00,2900.0,0.0,3260.0,90.0,－－－－－－－－－－,10.0,0.0,0.0,0.0,0.0,0.0,-460.0,2900.0,yonden
2017,12,2017-12-31,00:00,2880.0,0.0,3290.0,100.0,－－－－－－－－－－,10.0,0.0,0.0,10.0,0.0,0.0,-530.0,2880.0,yonden
2017,12,2017-12-31,01:00,2950.0,0.0,3250.0,80.0,－－－－－－－－－－,10.0,0.0,0.0,10.0,0.0,0.0,-400.0,2950.0,yonden
2017,12,2017-12-31,02:00,3110.0,0.0,3270.0,100.0,－－－－－－－－－－,10.0,0.0,0.0,0.0,0.0,0.0,-270.0,3110.0,yonden
2017,12,2017-12-31,03:00,3150.0,0.0,3270.0,110.0,－－－－－－－－－－,10.0,0.0,0.0,0.0,0.0,0.0,-240.0,3150.0,yonden
2017,12,2017-12-31,04:00,3050.0,0.0,3190.0,110.0,－－－－－－－－－－,10.0,0.0,0.0,0.0,0.0,0.0,-260.0,3050.0,yonden
2017,12,2017-12-31,05:00,2840.0,0.0,3130.0,70.0,－－－－－－－－－－,10.0,0.0,0.0,0.0,0.0,0.0,-370.0,2840.0,yonden
2017,12,2017-12-31,06:00,2650.0,0.0,2930.0,70.0,－－－－－－－－－－,10.0,0.0,0.0,0.0,0.0,0.0,-360.0,2650.0,yonden
2017,12,2017-12-31,07:00,2690.0,0.0,2960.0,90.0,－－－－－－－－－－,10.0,40.0,0.0,0.0,0.0,0.0,-410.0,2690.0,yonden
2017,12,2017-12-31,08:00,2890.0,0.0,3140.0,80.0,－－－－－－－－－－,10.0,150.0,0.0,0.0,0.0,0.0,-490.0,2890.0,yonden
2017,12,2017-12-31,09:00,2950.0,0.0,2980.0,110.0,－－－－－－－－－－,10.0,300.0,0.0,0.0,0.0,0.0,-450.0,2950.0,yonden
2017,12,2017-12-31,10:00,2900.0,0.0,2870.0,90.0,－－－－－－－－－－,10.0,410.0,0.0,0.0,0.0,0.0,-480.0,2900.0,yonden
2017,12,2017-12-31,11:00,2820.0,0.0,2830.0,70.0,－－－－－－－－－－,10.0,400.0,0.0,40.0,0.0,0.0,-530.0,2820.0,yonden
2017,12,2017-12-31,12:00,2760.0,0.0,2800.0,70.0,－－－－－－－－－－,10.0,350.0,0.0,60.0,0.0,0.0,-530.0,2760.0,yonden
2017,12,2017-12-31,13:00,2690.0,0.0,2640.0,70.0,－－－－－－－－－－,10.0,360.0,0.0,90.0,0.0,0.0,-480.0,2690.0,yonden
2017,12,2017-12-31,14:00,2690.0,0.0,2860.0,80.0,－－－－－－－－－－,10.0,230.0,0.0,100.0,0.0,0.0,-590.0,2690.0,yonden
2017,12,2017-12-31,15:00,2730.0,0.0,3190.0,70.0,－－－－－－－－－－,10.0,160.0,0.0,100.0,0.0,0.0,-800.0,2730.0,yonden
2017,12,2017-12-31,16:00,2880.0,0.0,3790.0,100.0,－－－－－－－－－－,10.0,60.0,0.0,110.0,0.0,0.0,-1190.0,2880.0,yonden
2017,12,2017-12-31,17:00,3180.0,0.0,4120.0,250.0,－－－－－－－－－－,10.0,0.0,0.0,120.0,0.0,70.0,-1390.0,3180.0,yonden
2017,12,2017-12-31,18:00,3270.0,0.0,4170.0,240.0,－－－－－－－－－－,10.0,0.0,0.0,100.0,0.0,140.0,-1390.0,3270.0,yonden
2017,12,2017-12-31,19:00,3200.0,0.0,4050.0,220.0,－－－－－－－－－－,10.0,0.0,0.0,110.0,0.0,120.0,-1310.0,3200.0,yonden
2017,12,2017-12-31,20:00,3090.0,0.0,3980.0,230.0,－－－－－－－－－－,10.0,0.0,0.0,110.0,0.0,0.0,-1240.0,3090.0,yonden
2017,12,2017-12-31,21:00,2980.0,0.0,3980.0,160.0,－－－－－－－－－－,10.0,0.0,0.0,110.0,0.0,0.0,-1280.0,2980.0,yonden
2017,12,2017-12-31,22:00,2850.0,0.0,3830.0,90.0,－－－－－－－－－－,10.0,0.0,0.0,110.0,0.0,0.0,-1190.0,2850.0,yonden
2017,12,2017-12-31,23:00,2900.0,0.0,3880.0,100.0,－－－－－－－－－－,10.0,0.0,0.0,120.0,0.0,0.0,-1210.0,2900.0,yonden
2018,1,2018-01-01,00:00,2910.0,0.0,3960.0,100.0,－－－－－－－－－－,10.0,0.0,0.0,120.0,0.0,130.0,-1410.0,2910.0,yonden
2018,1,2018-01-01,01:00,3000.0,0.0,3990.0,80.0,－－－－－－－－－－,10.0,0.0,0.0,120.0,0.0,140.0,-1340.0,3000.0,yonden
2018,1,2018-01-01,02:00,3150.0,0.0,4080.0,100.0,－－－－－－－－－－,10.0,0.0,0.0,110.0,0.0,150.0,-1300.0,3150.0,yonden
2018,1,2018-01-01,03:00,3190.0,0.0,4090.0,120.0,－－－－－－－－－－,10.0,0.0,0.0,110.0,0.0,190.0,-1330.0,3190.0,yonden
2018,1,2018-01-01,04:00,3110.0,0.0,4050.0,120.0,－－－－－－－－－－,10.0,0.0,0.0,120.0,0.0,170.0,-1360.0,3110.0,yonden
2018,1,2018-01-01,05:00,2910.0,0.0,4070.0,80.0,－－－－－－－－－－,10.0,0.0,0.0,120.0,0.0,20.0,-1390.0,2910.0,yonden
2018,1,2018-01-01,06:00,2680.0,0.0,3860.0,80.0,－－－－－－－－－－,10.0,0.0,0.0,120.0,0.0,0.0,-1390.0,2680.0,yonden
2018,1,2018-01-01,07:00,2660.0,0.0,3790.0,90.0,－－－－－－－－－－,10.0,60.0,0.0,120.0,0.0,0.0,-1410.0,2660.0,yonden
2018,1,2018-01-01,08:00,2820.0,0.0,3820.0,100.0,－－－－－－－－－－,10.0,310.0,0.0,120.0,0.0,0.0,-1540.0,2820.0,yonden
2018,1,2018-01-01,09:00,2650.0,0.0,3560.0,150.0,－－－－－－－－－－,10.0,560.0,0.0,120.0,0.0,-230.0,-1520.0,2650.0,yonden
2018,1,2018-01-01,10:00,2540.0,0.0,3460.0,150.0,－－－－－－－－－－,10.0,880.0,0.0,120.0,0.0,-600.0,-1480.0,2540.0,yonden
2018,1,2018-01-01,11:00,2450.0,0.0,3220.0,100.0,－－－－－－－－－－,10.0,1020.0,0.0,120.0,0.0,-590.0,-1430.0,2450.0,yonden
2018,1,2018-01-01,12:00,2400.0,0.0,3180.0,90.0,－－－－－－－－－－,10.0,1010.0,0.0,120.0,0.0,-590.0,-1420.0,2400.0,yonden
2018,1,2018-01-01,13:00,2350.0,0.0,3330.0,90.0,－－－－－－－－－－,10.0,820.0,0.0,120.0,0.0,-590.0,-1430.0,2350.0,yonden
2018,1,2018-01-01,14:00,2330.0,0.0,3460.0,100.0,－－－－－－－－－－,10.0,630.0,0.0,120.0,0.0,-490.0,-1500.0,2330.0,yonden
2018,1,2018-01-01,15:00,2400.0,0.0,3520.0,110.0,－－－－－－－－－－,10.0,380.0,0.0,120.0,0.0,-250.0,-1490.0,2400.0,yonden
2018,1,2018-01-01,16:00,2580.0,0.0,3760.0,80.0,－－－－－－－－－－,10.0,110.0,0.0,120.0,0.0,0.0,-1500.0,2580.0,yonden
2018,1,2018-01-01,17:00,2930.0,0.0,3990.0,130.0,－－－－－－－－－－,10.0,0.0,0.0,110.0,0.0,0.0,-1310.0,2930.0,yonden
2018,1,2018-01-01,18:00,3060.0,0.0,3940.0,250.0,－－－－－－－－－－,10.0,0.0,0.0,110.0,0.0,0.0,-1250.0,3060.0,yonden
2018,1,2018-01-01,19:00,3060.0,0.0,3910.0,240.0,－－－－－－－－－－,10.0,0.0,0.0,120.0,0.0,0.0,-1220.0,3060.0,yonden
2018,1,2018-01-01,20:00,3050.0,0.0,3950.0,230.0,－－－－－－－－－－,10.0,0.0,0.0,120.0,0.0,0.0,-1260.0,3050.0,yonden
2018,1,2018-01-01,21:00,2980.0,0.0,3920.0,180.0,－－－－－－－－－－,10.0,0.0,0.0,130.0,0.0,0.0,-1260.0,2980.0,yonden
2018,1,2018-01-01,22:00,2850.0,0.0,3840.0,140.0,－－－－－－－－－－,10.0,0.0,0.0,130.0,0.0,0.0,-1270.0,2850.0,yonden
2018,1,2018-01-01,23:00,2810.0,0.0,3880.0,100.0,－－－－－－－－－－,10.0,0.0,0.0,120.0,0.0,100.0,-1400.0,2810.0,yonden
2018,1,2018-01-02,00:00,2790.0,0.0,3740.0,80.0,－－－－－－－－－－,10.0,0.0,0.0,120.0,0.0,240.0,-1400.0,2790.0,yonden
2018,1,2018-01-02,01:00,2870.0,0.0,3760.0,80.0,－－－－－－－－－－,10.0,0.0,0.0,110.0,0.0,210.0,-1300.0,2870.0,yonden
2018,1,2018-01-02,02:00,3040.0,0.0,3750.0,90.0,－－－－－－－－－－,10.0,0.0,0.0,110.0,0.0,270.0,-1190.0,3040.0,yonden
2018,1,2018-01-02,03:00,3100.0,0.0,3730.0,110.0,－－－－－－－－－－,10.0,0.0,0.0,110.0,0.0,280.0,-1140.0,3100.0,yonden
2018,1,2018-01-02,04:00,3040.0,0.0,3770.0,110.0,－－－－－－－－－－,10.0,0.0,0.0,110.0,0.0,250.0,-1210.0,3040.0,yonden
2018,1,2018-01-02,05:00,2860.0,0.0,3780.0,90.0,－－－－－－－－－－,10.0,0.0,0.0,110.0,0.0,120.0,-1250.0,2860.0,yonden
2018,1,2018-01-02,06:00,2710.0,0.0,3820.0,90.0,－－－－－－－－－－,10.0,0.0,0.0,100.0,0.0,0.0,-1310.0,2710.0,yonden
2018,1,2018-01-02,07:00,2750.0,0.0,3870.0,100.0,－－－－－－－－－－,10.0,60.0,0.0,100.0,0.0,0.0,-1390.0,2750.0,yonden
2018,1,2018-01-02,08:00,2900.0,0.0,3730.0,100.0,－－－－－－－－－－,10.0,280.0,0.0,110.0,0.0,0.0,-1330.0,2900.0,yonden
2018,1,2018-01-02,09:00,2780.0,0.0,3520.0,130.0,－－－－－－－－－－,10.0,610.0,0.0,100.0,0.0,-180.0,-1410.0,2780.0,yonden
2018,1,2018-01-02,10:00,2650.0,0.0,3250.0,120.0,－－－－－－－－－－,10.0,970.0,0.0,90.0,0.0,-300.0,-1490.0,2650.0,yonden
2018,1,2018-01-02,11:00,2550.0,0.0,3190.0,120.0,－－－－－－－－－－,10.0,1210.0,0.0,80.0,0.0,-300.0,-1760.0,2550.0,yonden
2018,1,2018-01-02,12:00,2510.0,0.0,3240.0,120.0,－－－－－－－－－－,10.0,1260.0,0.0,70.0,0.0,-300.0,-1890.0,2510.0,yonden
2018,1,2018-01-02,13:00,2460.0,0.0,3100.0,110.0,－－－－－－－－－－,10.0,1160.0,0.0,80.0,0.0,-300.0,-1700.0,2460.0,yonden
2018,1,2018-01-02,14:00,2420.0,0.0,3080.0,110.0,－－－－－－－－－－,10.0,870.0,0.0,100.0,0.0,-300.0,-1450.0,2420.0,yonden
2018,1,2018-01-02,15:00,2490.0,0.0,3360.0,120.0,－－－－－－－－－－,10.0,510.0,0.0,110.0,0.0,-300.0,-1320.0,2490.0,yonden
2018,1,2018-01-02,16:00,2670.0,0.0,3630.0,110.0,－－－－－－－－－－,10.0,160.0,0.0,110.0,0.0,0.0,-1350.0,2670.0,yonden
2018,1,2018-01-02,17:00,3010.0,0.0,3820.0,160.0,－－－－－－－－－－,10.0,0.0,0.0,100.0,0.0,180.0,-1260.0,3010.0,yonden
2018,1,2018-01-02,18:00,3150.0,0.0,3870.0,260.0,－－－－－－－－－－,10.0,0.0,0.0,100.0,0.0,210.0,-1300.0,3150.0,yonden
2018,1,2018-01-02,19:00,3130.0,0.0,3800.0,260.0,－－－－－－－－－－,10.0,0.0,0.0,110.0,0.0,250.0,-1300.0,3130.0,yonden
2018,1,2018-01-02,20:00,3110.0,0.0,3860.0,190.0,－－－－－－－－－－,10.0,0.0,0.0,110.0,0.0,230.0,-1290.0,3110.0,yonden
2018,1,2018-01-02,21:00,3010.0,0.0,3900.0,110.0,－－－－－－－－－－,10.0,0.0,0.0,110.0,0.0,110.0,-1230.0,3010.0,yonden
2018,1,2018-01-02,22:00,2850.0,0.0,3850.0,90.0,－－－－－－－－－－,10.0,0.0,0.0,100.0,0.0,0.0,-1200.0,2850.0,yonden
2018,1,2018-01-02,23:00,2790.0,0.0,3760.0,90.0,－－－－－－－－－－,10.0,0.0,0.0,90.0,0.0,0.0,-1160.0,2790.0,yonden
2018,1,2018-01-03,00:00,2770.0,0.0,3750.0,80.0,－－－－－－－－－－,10.0,0.0,0.0,90.0,0.0,0.0,-1160.0,2770.0,yonden
2018,1,2018-01-03,01:00,2860.0,0.0,3770.0,80.0,－－－－－－－－－－,10.0,0.0,0.0,100.0,0.0,0.0,-1100.0,2860.0,yonden
2018,1,2018-01-03,02:00,3010.0,0.0,3860.0,120.0,－－－－－－－－－－,10.0,0.0,0.0,110.0,0.0,0.0,-1090.0,3010.0,yonden
2018,1,2018-01-03,03:00,3050.0,0.0,3790.0,170.0,－－－－－－－－－－,10.0,0.0,0.0,120.0,0.0,0.0,-1040.0,3050.0,yonden
2018,1,2018-01-03,04:00,2990.0,0.0,3790.0,130.0,－－－－－－－－－－,10.0,0.0,0.0,120.0,0.0,0.0,-1060.0,2990.0,yonden
2018,1,2018-01-03,05:00,2830.0,0.0,3730.0,80.0,－－－－－－－－－－,0.0,0.0,0.0,130.0,0.0,0.0,-1110.0,2830.0,yonden
2018,1,2018-01-03,06:00,2650.0,0.0,3600.0,90.0,－－－－－－－－－－,0.0,0.0,0.0,130.0,0.0,0.0,-1170.0,2650.0,yonden
2018,1,2018-01-03,07:00,2680.0,0.0,3670.0,90.0,－－－－－－－－－－,0.0,50.0,0.0,130.0,0.0,0.0,-1260.0,2680.0,yonden
2018,1,2018-01-03,08:00,2870.0,0.0,3720.0,90.0,－－－－－－－－－－,0.0,240.0,0.0,130.0,0.0,0.0,-1310.0,2870.0,yonden
2018,1,2018-01-03,09:00,2820.0,0.0,3540.0,120.0,－－－－－－－－－－,0.0,490.0,0.0,120.0,0.0,-50.0,-1400.0,2820.0,yonden
2018,1,2018-01-03,10:00,2760.0,0.0,3460.0,110.0,－－－－－－－－－－,0.0,810.0,0.0,120.0,0.0,-300.0,-1440.0,2760.0,yonden
2018,1,2018-01-03,11:00,2690.0,0.0,3250.0,90.0,－－－－－－－－－－,0.0,860.0,0.0,130.0,0.0,-300.0,-1340.0,2690.0,yonden
2018,1,2018-01-03,12:00,2640.0,0.0,3260.0,80.0,－－－－－－－－－－,0.0,830.0,0.0,120.0,0.0,-300.0,-1350.0,2640.0,yonden
2018,1,2018-01-03,13:00,2590.0,0.0,3350.0,80.0,－－－－－－－－－－,0.0,660.0,0.0,120.0,0.0,-300.0,-1320.0,2590.0,yonden
2018,1,2018-01-03,14:00,2580.0,0.0,3490.0,80.0,－－－－－－－－－－,0.0,520.0,0.0,130.0,0.0,-300.0,-1340.0,2580.0,yonden
2018,1,2018-01-03,15:00,2670.0,0.0,3670.0,70.0,－－－－－－－－－－,0.0,310.0,0.0,130.0,0.0,0.0,-1510.0,2670.0,yonden
2018,1,2018-01-03,16:00,2880.0,0.0,3870.0,120.0,－－－－－－－－－－,0.0,100.0,0.0,120.0,0.0,0.0,-1330.0,2880.0,yonden
2018,1,2018-01-03,17:00,3230.0,0.0,4120.0,290.0,－－－－－－－－－－,0.0,0.0,0.0,120.0,0.0,140.0,-1440.0,3230.0,yonden
2018,1,2018-01-03,18:00,3370.0,0.0,4150.0,320.0,－－－－－－－－－－,0.0,0.0,0.0,100.0,0.0,230.0,-1430.0,3370.0,yonden
2018,1,2018-01-03,19:00,3350.0,0.0,4190.0,320.0,－－－－－－－－－－,0.0,0.0,0.0,90.0,0.0,160.0,-1410.0,3350.0,yonden
2018,1,2018-01-03,20:00,3320.0,0.0,4280.0,200.0,－－－－－－－－－－,0.0,0.0,0.0,80.0,0.0,0.0,-1240.0,3320.0,yonden
2018,1,2018-01-03,21:00,3230.0,0.0,4340.0,120.0,－－－－－－－－－－,0.0,0.0,0.0,50.0,0.0,0.0,-1280.0,3230.0,yonden
2018,1,2018-01-03,22:00,3030.0,0.0,4160.0,90.0,－－－－－－－－－－,0.0,0.0,0.0,40.0,0.0,0.0,-1260.0,3030.0,yonden
2018,1,2018-01-03,23:00,3020.0,0.0,4080.0,90.0,－－－－－－－－－－,0.0,0.0,0.0,30.0,0.0,0.0,-1180.0,3020.0,yonden
2018,1,2018-01-04,00:00,3020.0,0.0,4070.0,80.0,－－－－－－－－－－,10.0,0.0,0.0,40.0,0.0,0.0,-1180.0,3020.0,yonden
2018,1,2018-01-04,01:00,3120.0,0.0,4110.0,80.0,－－－－－－－－－－,10.0,0.0,0.0,30.0,0.0,0.0,-1110.0,3120.0,yonden
2018,1,2018-01-04,02:00,3290.0,0.0,4120.0,80.0,－－－－－－－－－－,10.0,0.0,0.0,40.0,0.0,0.0,-960.0,3290.0,yonden
2018,1,2018-01-04,03:00,3310.0,0.0,4110.0,90.0,－－－－－－－－－－,10.0,0.0,0.0,50.0,0.0,0.0,-950.0,3310.0,yonden
2018,1,2018-01-04,04:00,3230.0,0.0,4020.0,90.0,－－－－－－－－－－,10.0,0.0,0.0,60.0,0.0,0.0,-950.0,3230.0,yonden
2018,1,2018-01-04,05:00,3110.0,0.0,4060.0,80.0,－－－－－－－－－－,10.0,0.0,0.0,60.0,0.0,0.0,-1100.0,3110.0,yonden
2018,1,2018-01-04,06:00,3190.0,0.0,4170.0,90.0,－－－－－－－－－－,10.0,0.0,0.0,50.0,0.0,0.0,-1130.0,3190.0,yonden
2018,1,2018-01-04,07:00,3410.0,0.0,4390.0,140.0,－－－－－－－－－－,10.0,60.0,0.0,40.0,0.0,0.0,-1230.0,3410.0,yonden
2018,1,2018-01-04,08:00,3630.0,0.0,4370.0,160.0,－－－－－－－－－－,10.0,300.0,0.0,30.0,0.0,0.0,-1240.0,3630.0,yonden
2018,1,2018-01-04,09:00,3500.0,0.0,4040.0,130.0,－－－－－－－－－－,10.0,660.0,0.0,30.0,0.0,0.0,-1370.0,3500.0,yonden
2018,1,2018-01-04,10:00,3380.0,0.0,3660.0,100.0,－－－－－－－－－－,10.0,1010.0,0.0,30.0,0.0,-50.0,-1380.0,3380.0,yonden
2018,1,2018-01-04,11:00,3320.0,0.0,3740.0,100.0,－－－－－－－－－－,10.0,1130.0,0.0,20.0,0.0,-300.0,-1380.0,3320.0,yonden
2018,1,2018-01-04,12:00,3220.0,0.0,3760.0,90.0,－－－－－－－－－－,10.0,1090.0,0.0,30.0,0.0,-300.0,-1460.0,3220.0,yonden
2018,1,2018-01-04,13:00,3190.0,0.0,3770.0,90.0,－－－－－－－－－－,10.0,970.0,0.0,20.0,0.0,-200.0,-1470.0,3190.0,yonden
2018,1,2018-01-04,14:00,3120.0,0.0,3610.0,80.0,－－－－－－－－－－,10.0,810.0,0.0,20.0,0.0,0.0,-1410.0,3120.0,yonden
2018,1,2018-01-04,15:00,3220.0,0.0,3850.0,80.0,－－－－－－－－－－,10.0,510.0,0.0,20.0,0.0,0.0,-1250.0,3220.0,yonden
2018,1,2018-01-04,16:00,3410.0,0.0,4310.0,120.0,－－－－－－－－－－,10.0,160.0,0.0,10.0,0.0,0.0,-1200.0,3410.0,yonden
2018,1,2018-01-04,17:00,3640.0,0.0,4620.0,300.0,－－－－－－－－－－,10.0,0.0,0.0,10.0,0.0,0.0,-1300.0,3640.0,yonden
2018,1,2018-01-04,18:00,3760.0,0.0,4660.0,390.0,－－－－－－－－－－,10.0,0.0,0.0,10.0,0.0,0.0,-1310.0,3760.0,yonden
2018,1,2018-01-04,19:00,3690.0,0.0,4650.0,300.0,－－－－－－－－－－,10.0,0.0,0.0,10.0,0.0,0.0,-1280.0,3690.0,yonden
2018,1,2018-01-04,20:00,3570.0,0.0,4620.0,150.0,－－－－－－－－－－,10.0,0.0,0.0,10.0,0.0,0.0,-1220.0,3570.0,yonden
2018,1,2018-01-04,21:00,3390.0,0.0,4370.0,120.0,－－－－－－－－－－,10.0,0.0,0.0,10.0,0.0,0.0,-1120.0,3390.0,yonden
2018,1,2018-01-04,22:00,3110.0,0.0,4140.0,80.0,－－－－－－－－－－,10.0,0.0,0.0,0.0,0.0,0.0,-1120.0,3110.0,yonden
2018,1,2018-01-04,23:00,3020.0,0.0,4100.0,80.0,－－－－－－－－－－,10.0,0.0,0.0,0.0,0.0,0.0,-1170.0,3020.0,yonden
2018,1,2018-01-05,00:00,3000.0,0.0,4080.0,80.0,－－－－－－－－－－,10.0,0.0,0.0,0.0,0.0,0.0,-1170.0,3000.0,yonden
2018,1,2018-01-05,01:00,3090.0,0.0,4160.0,80.0,－－－－－－－－－－,10.0,0.0,0.0,0.0,0.0,0.0,-1160.0,3090.0,yonden
2018,1,2018-01-05,02:00,3250.0,0.0,4280.0,80.0,－－－－－－－－－－,10.0,0.0,0.0,0.0,0.0,0.0,-1120.0,3250.0,yonden
2018,1,2018-01-05,03:00,3300.0,0.0,4240.0,100.0,－－－－－－－－－－,10.0,0.0,0.0,0.0,0.0,0.0,-1050.0,3300.0,yonden
2018,1,2018-01-05,04:00,3260.0,0.0,4250.0,130.0,－－－－－－－－－－,10.0,0.0,0.0,0.0,0.0,0.0,-1130.0,3260.0,yonden
2018,1,2018-01-05,05:00,3190.0,0.0,4180.0,110.0,－－－－－－－－－－,10.0,0.0,0.0,10.0,0.0,0.0,-1120.0,3190.0,yonden
2018,1,2018-01-05,06:00,3290.0,0.0,4340.0,110.0,－－－－－－－－－－,10.0,0.0,0.0,0.0,0.0,0.0,-1170.0,3290.0,yonden
2018,1,2018-01-05,07:00,3560.0,0.0,4650.0,90.0,－－－－－－－－－－,10.0,30.0,0.0,0.0,0.0,0.0,-1220.0,3560.0,yonden
2018,1,2018-01-05,08:00,4120.0,0.0,5150.0,140.0,－－－－－－－－－－,10.0,80.0,0.0,0.0,0.0,110.0,-1370.0,4120.0,yonden
2018,1,2018-01-05,09:00,4360.0,0.0,5300.0,220.0,－－－－－－－－－－,10.0,100.0,0.0,0.0,0.0,300.0,-1570.0,4360.0,yonden
2018,1,2018-01-05,10:00,4330.0,0.0,5290.0,250.0,－－－－－－－－－－,10.0,110.0,0.0,0.0,0.0,310.0,-1640.0,4330.0,yonden
2018,1,2018-01-05,11:00,4310.0,0.0,5280.0,190.0,－－－－－－－－－－,10.0,130.0,0.0,10.0,0.0,170.0,-1480.0,4310.0,yonden
2018,1,2018-01-05,12:00,4100.0,0.0,5130.0,130.0,－－－－－－－－－－,10.0,150.0,0.0,10.0,0.0,0.0,-1330.0,4100.0,yonden
2018,1,2018-01-05,13:00,4200.0,0.0,5260.0,130.0,－－－－－－－－－－,10.0,190.0,0.0,10.0,0.0,0.0,-1400.0,4200.0,yonden
2018,1,2018-01-05,14:00,4080.0,0.0,5180.0,120.0,－－－－－－－－－－,10.0,260.0,0.0,0.0,0.0,0.0,-1490.0,4080.0,yonden
2018,1,2018-01-05,15:00,4050.0,0.0,5070.0,120.0,－－－－－－－－－－,10.0,310.0,0.0,0.0,0.0,0.0,-1460.0,4050.0,yonden
2018,1,2018-01-05,16:00,4160.0,0.0,5210.0,190.0,－－－－－－－－－－,10.0,120.0,0.0,10.0,0.0,0.0,-1380.0,4160.0,yonden
2018,1,2018-01-05,17:00,4280.0,0.0,5250.0,290.0,－－－－－－－－－－,10.0,0.0,0.0,10.0,0.0,30.0,-1310.0,4280.0,yonden
2018,1,2018-01-05,18:00,4330.0,0.0,5200.0,360.0,－－－－－－－－－－,10.0,0.0,0.0,10.0,0.0,150.0,-1400.0,4330.0,yonden
2018,1,2018-01-05,19:00,4210.0,0.0,5200.0,230.0,－－－－－－－－－－,10.0,0.0,0.0,20.0,0.0,70.0,-1320.0,4210.0,yonden
2018,1,2018-01-05,20:00,4060.0,0.0,5110.0,110.0,－－－－－－－－－－,10.0,0.0,0.0,10.0,0.0,0.0,-1180.0,4060.0,yonden
2018,1,2018-01-05,21:00,3830.0,0.0,4950.0,90.0,－－－－－－－－－－,10.0,0.0,0.0,10.0,0.0,0.0,-1230.0,3830.0,yonden
2018,1,2018-01-05,22:00,3550.0,0.0,4680.0,90.0,－－－－－－－－－－,10.0,0.0,0.0,20.0,0.0,0.0,-1250.0,3550.0,yonden
2018,1,2018-01-05,23:00,3440.0,0.0,4470.0,100.0,－－－－－－－－－－,10.0,0.0,0.0,40.0,0.0,0.0,-1180.0,3440.0,yonden
2018,1,2018-01-06,00:00,3320.0,0.0,4620.0,90.0,－－－－－－－－－－,10.0,0.0,0.0,40.0,0.0,0.0,-1440.0,3320.0,yonden
2018,1,2018-01-06,01:00,3350.0,0.0,4590.0,80.0,－－－－－－－－－－,10.0,0.0,0.0,60.0,0.0,0.0,-1390.0,3350.0,yonden
2018,1,2018-01-06,02:00,3470.0,0.0,4640.0,120.0,－－－－－－－－－－,10.0,0.0,0.0,80.0,0.0,0.0,-1380.0,3470.0,yonden
2018,1,2018-01-06,03:00,3480.0,0.0,4530.0,110.0,－－－－－－－－－－,10.0,0.0,0.0,90.0,0.0,0.0,-1260.0,3480.0,yonden
2018,1,2018-01-06,04:00,3420.0,0.0,4490.0,110.0,－－－－－－－－－－,10.0,0.0,0.0,80.0,0.0,0.0,-1270.0,3420.0,yonden
2018,1,2018-01-06,05:00,3310.0,0.0,4520.0,100.0,－－－－－－－－－－,10.0,0.0,0.0,90.0,0.0,0.0,-1410.0,3310.0,yonden
2018,1,2018-01-06,06:00,3290.0,0.0,4460.0,110.0,－－－－－－－－－－,10.0,0.0,0.0,90.0,0.0,0.0,-1380.0,3290.0,yonden
2018,1,2018-01-06,07:00,3460.0,0.0,4670.0,120.0,－－－－－－－－－－,10.0,50.0,0.0,100.0,0.0,0.0,-1490.0,3460.0,yonden
2018,1,2018-01-06,08:00,3840.0,0.0,4930.0,160.0,－－－－－－－－－－,10.0,230.0,0.0,120.0,0.0,0.0,-1610.0,3840.0,yonden
2018,1,2018-01-06,09:00,3840.0,0.0,4830.0,110.0,－－－－－－－－－－,10.0,520.0,0.0,110.0,0.0,0.0,-1740.0,3840.0,yonden
2018,1,2018-01-06,10:00,3680.0,0.0,4510.0,120.0,－－－－－－－－－－,10.0,840.0,0.0,120.0,0.0,0.0,-1920.0,3680.0,yonden
2018,1,2018-01-06,11:00,3610.0,0.0,4300.0,120.0,－－－－－－－－－－,10.0,1010.0,0.0,120.0,0.0,0.0,-1950.0,3610.0,yonden
2018,1,2018-01-06,12:00,3410.0,0.0,4200.0,110.0,－－－－－－－－－－,10.0,850.0,0.0,120.0,0.0,0.0,-1880.0,3410.0,yonden
2018,1,2018-01-06,13:00,3450.0,0.0,4200.0,110.0,－－－－－－－－－－,10.0,800.0,0.0,120.0,0.0,0.0,-1790.0,3450.0,yonden
2018,1,2018-01-06,14:00,3420.0,0.0,4530.0,100.0,－－－－－－－－－－,10.0,580.0,0.0,120.0,0.0,0.0,-1920.0,3420.0,yonden
2018,1,2018-01-06,15:00,3460.0,0.0,4660.0,100.0,－－－－－－－－－－,10.0,340.0,0.0,120.0,0.0,0.0,-1770.0,3460.0,yonden
2018,1,2018-01-06,16:00,3620.0,0.0,4930.0,90.0,－－－－－－－－－－,10.0,120.0,0.0,110.0,0.0,0.0,-1640.0,3620.0,yonden
2018,1,2018-01-06,17:00,3810.0,0.0,5140.0,250.0,－－－－－－－－－－,10.0,0.0,0.0,100.0,0.0,0.0,-1690.0,3810.0,yonden
2018,1,2018-01-06,18:00,3890.0,0.0,5140.0,320.0,－－－－－－－－－－,10.0,0.0,0.0,90.0,0.0,0.0,-1670.0,3890.0,yonden
2018,1,2018-01-06,19:00,3770.0,0.0,5050.0,240.0,－－－－－－－－－－,10.0,0.0,0.0,90.0,0.0,0.0,-1620.0,3770.0,yonden
2018,1,2018-01-06,20:00,3660.0,0.0,4870.0,140.0,－－－－－－－－－－,10.0,0.0,0.0,100.0,0.0,0.0,-1460.0,3660.0,yonden
2018,1,2018-01-06,21:00,3480.0,0.0,4750.0,100.0,－－－－－－－－－－,10.0,0.0,0.0,90.0,0.0,0.0,-1470.0,3480.0,yonden
2018,1,2018-01-06,22:00,3240.0,0.0,4350.0,90.0,－－－－－－－－－－,10.0,0.0,0.0,90.0,0.0,0.0,-1300.0,3240.0,yonden
2018,1,2018-01-06,23:00,3170.0,0.0,4330.0,100.0,－－－－－－－－－－,10.0,0.0,0.0,80.0,0.0,0.0,-1350.0,3170.0,yonden
2018,1,2018-01-07,00:00,3160.0,0.0,4440.0,90.0,－－－－－－－－－－,10.0,0.0,0.0,60.0,0.0,0.0,-1440.0,3160.0,yonden
2018,1,2018-01-07,01:00,3290.0,0.0,4520.0,90.0,－－－－－－－－－－,10.0,0.0,0.0,50.0,0.0,0.0,-1380.0,3290.0,yonden
2018,1,2018-01-07,02:00,3490.0,0.0,4590.0,100.0,－－－－－－－－－－,10.0,0.0,0.0,60.0,0.0,0.0,-1270.0,3490.0,yonden
2018,1,2018-01-07,03:00,3510.0,0.0,4590.0,110.0,－－－－－－－－－－,10.0,0.0,0.0,50.0,0.0,0.0,-1250.0,3510.0,yonden
2018,1,2018-01-07,04:00,3430.0,0.0,4540.0,110.0,－－－－－－－－－－,10.0,0.0,0.0,40.0,0.0,0.0,-1270.0,3430.0,yonden
2018,1,2018-01-07,05:00,3230.0,0.0,4430.0,80.0,－－－－－－－－－－,10.0,0.0,0.0,20.0,0.0,0.0,-1310.0,3230.0,yonden
2018,1,2018-01-07,06:00,3100.0,0.0,4440.0,100.0,－－－－－－－－－－,10.0,0.0,0.0,10.0,0.0,0.0,-1460.0,3100.0,yonden
2018,1,2018-01-07,07:00,3130.0,0.0,4420.0,110.0,－－－－－－－－－－,10.0,50.0,0.0,0.0,0.0,0.0,-1460.0,3130.0,yonden
2018,1,2018-01-07,08:00,3310.0,0.0,4420.0,90.0,－－－－－－－－－－,10.0,230.0,0.0,0.0,0.0,-150.0,-1290.0,3310.0,yonden
2018,1,2018-01-07,09:00,3250.0,0.0,4240.0,120.0,－－－－－－－－－－,10.0,490.0,0.0,10.0,0.0,-300.0,-1320.0,3250.0,yonden
2018,1,2018-01-07,10:00,3180.0,0.0,3910.0,100.0,－－－－－－－－－－,10.0,810.0,0.0,10.0,0.0,-300.0,-1360.0,3180.0,yonden
2018,1,2018-01-07,11:00,3050.0,0.0,3730.0,100.0,－－－－－－－－－－,10.0,890.0,0.0,0.0,0.0,-300.0,-1380.0,3050.0,yonden
2018,1,2018-01-07,12:00,3030.0,0.0,3760.0,90.0,－－－－－－－－－－,10.0,880.0,0.0,0.0,0.0,-300.0,-1410.0,3030.0,yonden
2018,1,2018-01-07,13:00,2960.0,0.0,3820.0,90.0,－－－－－－－－－－,10.0,670.0,0.0,0.0,0.0,-300.0,-1330.0,2960.0,yonden
2018,1,2018-01-07,14:00,2880.0,0.0,3960.0,80.0,－－－－－－－－－－,10.0,370.0,0.0,0.0,0.0,-300.0,-1240.0,2880.0,yonden
2018,1,2018-01-07,15:00,2990.0,0.0,4290.0,70.0,－－－－－－－－－－,10.0,160.0,0.0,0.0,0.0,-300.0,-1240.0,2990.0,yonden
2018,1,2018-01-07,16:00,3180.0,0.0,4510.0,150.0,－－－－－－－－－－,10.0,30.0,0.0,0.0,0.0,0.0,-1520.0,3180.0,yonden
2018,1,2018-01-07,17:00,3530.0,0.0,4690.0,320.0,－－－－－－－－－－,10.0,0.0,0.0,0.0,0.0,0.0,-1490.0,3530.0,yonden
2018,1,2018-01-07,18:00,3630.0,0.0,4660.0,350.0,－－－－－－－－－－,10.0,0.0,0.0,10.0,0.0,0.0,-1400.0,3630.0,yonden
2018,1,2018-01-07,19:00,3550.0,0.0,4600.0,280.0,－－－－－－－－－－,10.0,0.0,0.0,20.0,0.0,0.0,-1360.0,3550.0,yonden
2018,1,2018-01-07,20:00,3460.0,0.0,4500.0,160.0,－－－－－－－－－－,10.0,0.0,0.0,30.0,0.0,0.0,-1240.0,3460.0,yonden
2018,1,2018-01-07,21:00,3270.0,0.0,4480.0,120.0,－－－－－－－－－－,10.0,0.0,0.0,30.0,0.0,0.0,-1370.0,3270.0,yonden
2018,1,2018-01-07,22:00,3040.0,0.0,4380.0,100.0,－－－－－－－－－－,10.0,0.0,0.0,50.0,0.0,0.0,-1500.0,3040.0,yonden
2018,1,2018-01-07,23:00,2950.0,0.0,4250.0,90.0,－－－－－－－－－－,10.0,0.0,0.0,60.0,0.0,0.0,-1460.0,2950.0,yonden
2018,1,2018-01-08,00:00,2910.0,0.0,4030.0,80.0,－－－－－－－－－－,10.0,0.0,0.0,50.0,0.0,0.0,-1260.0,2910.0,yonden
2018,1,2018-01-08,01:00,2990.0,0.0,4030.0,90.0,－－－－－－－－－－,10.0,0.0,0.0,70.0,0.0,0.0,-1210.0,2990.0,yonden
2018,1,2018-01-08,02:00,3180.0,0.0,4220.0,90.0,－－－－－－－－－－,10.0,0.0,0.0,90.0,0.0,0.0,-1230.0,3180.0,yonden
2018,1,2018-01-08,03:00,3260.0,0.0,4300.0,130.0,－－－－－－－－－－,10.0,0.0,0.0,50.0,0.0,0.0,-1230.0,3260.0,yonden
2018,1,2018-01-08,04:00,3240.0,0.0,4270.0,140.0,－－－－－－－－－－,10.0,0.0,0.0,50.0,0.0,0.0,-1230.0,3240.0,yonden
2018,1,2018-01-08,05:00,3090.0,0.0,4180.0,110.0,－－－－－－－－－－,10.0,0.0,0.0,50.0,0.0,0.0,-1260.0,3090.0,yonden
2018,1,2018-01-08,06:00,2970.0,0.0,4090.0,120.0,－－－－－－－－－－,10.0,0.0,0.0,50.0,0.0,0.0,-1300.0,2970.0,yonden
2018,1,2018-01-08,07:00,3040.0,0.0,4190.0,130.0,－－－－－－－－－－,10.0,10.0,0.0,50.0,0.0,0.0,-1350.0,3040.0,yonden
2018,1,2018-01-08,08:00,3450.0,0.0,4670.0,120.0,－－－－－－－－－－,10.0,60.0,0.0,50.0,0.0,0.0,-1460.0,3450.0,yonden
2018,1,2018-01-08,09:00,3650.0,0.0,4930.0,180.0,－－－－－－－－－－,10.0,80.0,0.0,40.0,0.0,0.0,-1590.0,3650.0,yonden
2018,1,2018-01-08,10:00,3700.0,0.0,4960.0,190.0,－－－－－－－－－－,10.0,90.0,0.0,10.0,0.0,150.0,-1710.0,3700.0,yonden
2018,1,2018-01-08,11:00,3610.0,0.0,4910.0,190.0,－－－－－－－－－－,10.0,130.0,0.0,20.0,0.0,50.0,-1700.0,3610.0,yonden
2018,1,2018-01-08,12:00,3470.0,0.0,4860.0,210.0,－－－－－－－－－－,10.0,110.0,0.0,20.0,0.0,0.0,-1740.0,3470.0,yonden
2018,1,2018-01-08,13:00,3490.0,0.0,4890.0,290.0,－－－－－－－－－－,10.0,100.0,0.0,20.0,0.0,0.0,-1820.0,3490.0,yonden
2018,1,2018-01-08,14:00,3440.0,0.0,4830.0,280.0,－－－－－－－－－－,10.0,80.0,0.0,30.0,0.0,0.0,-1790.0,3440.0,yonden
2018,1,2018-01-08,15:00,3450.0,0.0,4830.0,260.0,－－－－－－－－－－,10.0,40.0,0.0,20.0,0.0,0.0,-1710.0,3450.0,yonden
2018,1,2018-01-08,16:00,3530.0,0.0,4730.0,280.0,－－－－－－－－－－,10.0,20.0,0.0,20.0,0.0,0.0,-1530.0,3530.0,yonden
2018,1,2018-01-08,17:00,3710.0,0.0,4710.0,320.0,－－－－－－－－－－,10.0,0.0,0.0,20.0,0.0,0.0,-1350.0,3710.0,yonden
2018,1,2018-01-08,18:00,3720.0,0.0,4680.0,380.0,－－－－－－－－－－,10.0,0.0,0.0,20.0,0.0,0.0,-1370.0,3720.0,yonden
2018,1,2018-01-08,19:00,3600.0,0.0,4680.0,330.0,－－－－－－－－－－,10.0,0.0,0.0,10.0,0.0,0.0,-1430.0,3600.0,yonden
2018,1,2018-01-08,20:00,3450.0,0.0,4550.0,260.0,－－－－－－－－－－,10.0,0.0,0.0,10.0,0.0,0.0,-1380.0,3450.0,yonden
2018,1,2018-01-08,21:00,3240.0,0.0,4270.0,230.0,－－－－－－－－－－,10.0,0.0,0.0,40.0,0.0,0.0,-1310.0,3240.0,yonden
2018,1,2018-01-08,22:00,2970.0,0.0,4020.0,230.0,－－－－－－－－－－,10.0,0.0,0.0,80.0,0.0,0.0,-1370.0,2970.0,yonden
2018,1,2018-01-08,23:00,2860.0,0.0,3920.0,240.0,－－－－－－－－－－,10.0,0.0,0.0,80.0,0.0,0.0,-1390.0,2860.0,yonden
2018,1,2018-01-09,00:00,2800.0,0.0,3770.0,240.0,－－－－－－－－－－,10.0,0.0,0.0,100.0,0.0,0.0,-1320.0,2800.0,yonden
2018,1,2018-01-09,01:00,2920.0,0.0,4070.0,260.0,－－－－－－－－－－,10.0,0.0,0.0,110.0,0.0,-240.0,-1290.0,2920.0,yonden
2018,1,2018-01-09,02:00,3150.0,0.0,4140.0,290.0,－－－－－－－－－－,10.0,0.0,0.0,110.0,0.0,-150.0,-1250.0,3150.0,yonden
2018,1,2018-01-09,03:00,3270.0,0.0,4120.0,300.0,－－－－－－－－－－,10.0,0.0,0.0,110.0,0.0,0.0,-1270.0,3270.0,yonden
2018,1,2018-01-09,04:00,3280.0,0.0,4120.0,290.0,－－－－－－－－－－,10.0,0.0,0.0,120.0,0.0,0.0,-1260.0,3280.0,yonden
2018,1,2018-01-09,05:00,3230.0,0.0,4070.0,290.0,－－－－－－－－－－,10.0,0.0,0.0,110.0,0.0,0.0,-1250.0,3230.0,yonden
2018,1,2018-01-09,06:00,3350.0,0.0,4150.0,310.0,－－－－－－－－－－,10.0,0.0,0.0,100.0,0.0,0.0,-1220.0,3350.0,yonden
2018,1,2018-01-09,07:00,3570.0,0.0,4410.0,290.0,－－－－－－－－－－,10.0,50.0,0.0,90.0,0.0,0.0,-1280.0,3570.0,yonden
2018,1,2018-01-09,08:00,4010.0,0.0,4780.0,320.0,－－－－－－－－－－,10.0,160.0,0.0,100.0,0.0,0.0,-1360.0,4010.0,yonden
2018,1,2018-01-09,09:00,4070.0,0.0,4750.0,330.0,－－－－－－－－－－,10.0,350.0,0.0,100.0,0.0,0.0,-1470.0,4070.0,yonden
2018,1,2018-01-09,10:00,4020.0,0.0,4690.0,320.0,－－－－－－－－－－,10.0,580.0,0.0,110.0,0.0,0.0,-1690.0,4020.0,yonden
2018,1,2018-01-09,11:00,3980.0,0.0,4600.0,340.0,－－－－－－－－－－,10.0,770.0,0.0,110.0,0.0,0.0,-1850.0,3980.0,yonden
2018,1,2018-01-09,12:00,3760.0,0.0,4260.0,310.0,－－－－－－－－－－,10.0,920.0,0.0,120.0,0.0,0.0,-1860.0,3760.0,yonden
2018,1,2018-01-09,13:00,3950.0,0.0,4420.0,310.0,－－－－－－－－－－,10.0,710.0,0.0,120.0,0.0,0.0,-1620.0,3950.0,yonden
2018,1,2018-01-09,14:00,3940.0,0.0,4480.0,300.0,－－－－－－－－－－,10.0,510.0,0.0,120.0,0.0,0.0,-1480.0,3940.0,yonden
2018,1,2018-01-09,15:00,3960.0,0.0,4690.0,290.0,－－－－－－－－－－,10.0,330.0,0.0,120.0,0.0,0.0,-1480.0,3960.0,yonden
2018,1,2018-01-09,16:00,4140.0,0.0,5080.0,290.0,－－－－－－－－－－,10.0,120.0,0.0,120.0,0.0,0.0,-1480.0,4140.0,yonden
2018,1,2018-01-09,17:00,4310.0,0.0,5290.0,360.0,－－－－－－－－－－,10.0,0.0,0.0,100.0,0.0,0.0,-1450.0,4310.0,yonden
2018,1,2018-01-09,18:00,4390.0,0.0,5310.0,450.0,－－－－－－－－－－,10.0,0.0,0.0,90.0,0.0,0.0,-1470.0,4390.0,yonden
2018,1,2018-01-09,19:00,4250.0,0.0,5090.0,360.0,－－－－－－－－－－,10.0,0.0,0.0,80.0,0.0,0.0,-1290.0,4250.0,yonden
2018,1,2018-01-09,20:00,4070.0,0.0,4850.0,300.0,－－－－－－－－－－,10.0,0.0,0.0,70.0,0.0,0.0,-1160.0,4070.0,yonden
2018,1,2018-01-09,21:00,3810.0,0.0,4670.0,250.0,－－－－－－－－－－,10.0,0.0,0.0,80.0,0.0,0.0,-1200.0,3810.0,yonden
2018,1,2018-01-09,22:00,3500.0,0.0,4400.0,230.0,－－－－－－－－－－,10.0,0.0,0.0,100.0,0.0,0.0,-1240.0,3500.0,yonden
2018,1,2018-01-09,23:00,3380.0,0.0,4210.0,250.0,－－－－－－－－－－,10.0,0.0,0.0,100.0,0.0,0.0,-1190.0,3380.0,yonden
2018,1,2018-01-10,00:00,3300.0,0.0,4330.0,240.0,－－－－－－－－－－,10.0,0.0,0.0,100.0,0.0,0.0,-1380.0,3300.0,yonden
2018,1,2018-01-10,01:00,3370.0,0.0,4260.0,250.0,－－－－－－－－－－,10.0,0.0,0.0,90.0,0.0,0.0,-1240.0,3370.0,yonden
2018,1,2018-01-10,02:00,3530.0,0.0,4360.0,240.0,－－－－－－－－－－,10.0,0.0,0.0,80.0,0.0,0.0,-1160.0,3530.0,yonden
2018,1,2018-01-10,03:00,3610.0,0.0,4390.0,260.0,－－－－－－－－－－,10.0,0.0,0.0,80.0,0.0,0.0,-1130.0,3610.0,yonden
2018,1,2018-01-10,04:00,3560.0,0.0,4350.0,270.0,－－－－－－－－－－,10.0,0.0,0.0,50.0,0.0,0.0,-1120.0,3560.0,yonden
2018,1,2018-01-10,05:00,3520.0,0.0,4370.0,260.0,－－－－－－－－－－,10.0,0.0,0.0,40.0,0.0,0.0,-1160.0,3520.0,yonden
2018,1,2018-01-10,06:00,3720.0,0.0,4540.0,280.0,－－－－－－－－－－,10.0,0.0,0.0,20.0,0.0,0.0,-1130.0,3720.0,yonden
2018,1,2018-01-10,07:00,3910.0,0.0,4750.0,240.0,－－－－－－－－－－,10.0,50.0,0.0,10.0,0.0,0.0,-1150.0,3910.0,yonden
2018,1,2018-01-10,08:00,4270.0,0.0,5150.0,260.0,－－－－－－－－－－,10.0,190.0,0.0,10.0,0.0,0.0,-1350.0,4270.0,yonden
2018,1,2018-01-10,09:00,4320.0,0.0,5260.0,280.0,－－－－－－－－－－,10.0,360.0,0.0,10.0,0.0,0.0,-1600.0,4320.0,yonden
2018,1,2018-01-10,10:00,4200.0,0.0,5130.0,280.0,－－－－－－－－－－,10.0,550.0,0.0,20.0,0.0,0.0,-1790.0,4200.0,yonden
2018,1,2018-01-10,11:00,4140.0,0.0,5080.0,260.0,－－－－－－－－－－,10.0,600.0,0.0,40.0,0.0,0.0,-1850.0,4140.0,yonden
2018,1,2018-01-10,12:00,3950.0,0.0,4950.0,220.0,－－－－－－－－－－,10.0,500.0,0.0,80.0,0.0,0.0,-1810.0,3950.0,yonden
2018,1,2018-01-10,13:00,4120.0,0.0,5070.0,240.0,－－－－－－－－－－,10.0,390.0,0.0,90.0,0.0,0.0,-1680.0,4120.0,yonden
2018,1,2018-01-10,14:00,4120.0,0.0,5030.0,250.0,－－－－－－－－－－,10.0,300.0,0.0,100.0,0.0,0.0,-1570.0,4120.0,yonden
2018,1,2018-01-10,15:00,4140.0,0.0,4930.0,260.0,－－－－－－－－－－,10.0,260.0,0.0,110.0,0.0,0.0,-1430.0,4140.0,yonden
2018,1,2018-01-10,16:00,4330.0,0.0,5180.0,280.0,－－－－－－－－－－,10.0,100.0,0.0,120.0,0.0,0.0,-1360.0,4330.0,yonden
2018,1,2018-01-10,17:00,4460.0,0.0,5310.0,350.0,－－－－－－－－－－,10.0,0.0,0.0,110.0,0.0,0.0,-1320.0,4460.0,yonden
2018,1,2018-01-10,18:00,4520.0,0.0,5330.0,430.0,－－－－－－－－－－,10.0,0.0,0.0,100.0,0.0,0.0,-1350.0,4520.0,yonden
2018,1,2018-01-10,19:00,4390.0,0.0,5220.0,390.0,－－－－－－－－－－,10.0,0.0,0.0,90.0,0.0,0.0,-1320.0,4390.0,yonden
2018,1,2018-01-10,20:00,4220.0,0.0,5050.0,320.0,－－－－－－－－－－,10.0,0.0,0.0,90.0,0.0,0.0,-1250.0,4220.0,yonden
2018,1,2018-01-10,21:00,3950.0,0.0,4970.0,280.0,－－－－－－－－－－,10.0,0.0,0.0,90.0,0.0,0.0,-1400.0,3950.0,yonden
2018,1,2018-01-10,22:00,3670.0,0.0,4770.0,220.0,－－－－－－－－－－,10.0,0.0,0.0,90.0,0.0,0.0,-1420.0,3670.0,yonden
2018,1,2018-01-10,23:00,3590.0,0.0,4580.0,200.0,－－－－－－－－－－,10.0,0.0,0.0,80.0,0.0,0.0,-1280.0,3590.0,yonden
2018,1,2018-01-11,00:00,3530.0,0.0,4780.0,190.0,－－－－－－－－－－,10.0,0.0,0.0,80.0,0.0,0.0,-1530.0,3530.0,yonden
2018,1,2018-01-11,01:00,3600.0,0.0,4800.0,180.0,－－－－－－－－－－,10.0,0.0,0.0,90.0,0.0,0.0,-1480.0,3600.0,yonden
2018,1,2018-01-11,02:00,3740.0,0.0,4820.0,190.0,－－－－－－－－－－,10.0,0.0,0.0,90.0,0.0,0.0,-1370.0,3740.0,yonden
2018,1,2018-01-11,03:00,3800.0,0.0,4850.0,210.0,－－－－－－－－－－,10.0,0.0,0.0,90.0,0.0,0.0,-1360.0,3800.0,yonden
2018,1,2018-01-11,04:00,3750.0,0.0,4810.0,230.0,－－－－－－－－－－,10.0,0.0,0.0,90.0,0.0,0.0,-1390.0,3750.0,yonden
2018,1,2018-01-11,05:00,3670.0,0.0,4830.0,250.0,－－－－－－－－－－,10.0,0.0,0.0,90.0,0.0,0.0,-1510.0,3670.0,yonden
2018,1,2018-01-11,06:00,3930.0,0.0,5110.0,260.0,－－－－－－－－－－,10.0,0.0,0.0,80.0,0.0,0.0,-1530.0,3930.0,yonden
2018,1,2018-01-11,07:00,4180.0,0.0,5150.0,270.0,－－－－－－－－－－,10.0,50.0,0.0,70.0,0.0,0.0,-1370.0,4180.0,yonden
2018,1,2018-01-11,08:00,4590.0,0.0,5430.0,270.0,－－－－－－－－－－,10.0,220.0,0.0,70.0,0.0,0.0,-1410.0,4590.0,yonden
2018,1,2018-01-11,09:00,4650.0,0.0,5420.0,270.0,－－－－－－－－－－,10.0,460.0,0.0,70.0,0.0,0.0,-1580.0,4650.0,yonden
2018,1,2018-01-11,10:00,4600.0,0.0,5250.0,230.0,－－－－－－－－－－,10.0,670.0,0.0,60.0,0.0,0.0,-1620.0,4600.0,yonden
2018,1,2018-01-11,11:00,4520.0,0.0,5160.0,200.0,－－－－－－－－－－,10.0,740.0,0.0,60.0,0.0,0.0,-1650.0,4520.0,yonden
2018,1,2018-01-11,12:00,4270.0,0.0,4920.0,190.0,－－－－－－－－－－,10.0,670.0,0.0,80.0,0.0,0.0,-1600.0,4270.0,yonden
2018,1,2018-01-11,13:00,4380.0,0.0,4950.0,200.0,－－－－－－－－－－,10.0,580.0,0.0,80.0,0.0,0.0,-1440.0,4380.0,yonden
2018,1,2018-01-11,14:00,4400.0,0.0,5030.0,190.0,－－－－－－－－－－,10.0,400.0,0.0,90.0,0.0,0.0,-1320.0,4400.0,yonden
2018,1,2018-01-11,15:00,4420.0,0.0,5140.0,210.0,－－－－－－－－－－,10.0,240.0,0.0,90.0,0.0,0.0,-1270.0,4420.0,yonden
2018,1,2018-01-11,16:00,4630.0,0.0,5610.0,280.0,－－－－－－－－－－,10.0,90.0,0.0,100.0,0.0,0.0,-1460.0,4630.0,yonden
2018,1,2018-01-11,17:00,4840.0,0.0,5740.0,360.0,－－－－－－－－－－,10.0,0.0,0.0,90.0,0.0,150.0,-1510.0,4840.0,yonden
2018,1,2018-01-11,18:00,4920.0,0.0,5690.0,430.0,－－－－－－－－－－,10.0,0.0,0.0,90.0,0.0,170.0,-1470.0,4920.0,yonden
2018,1,2018-01-11,19:00,4770.0,0.0,5650.0,380.0,－－－－－－－－－－,10.0,0.0,0.0,90.0,0.0,40.0,-1400.0,4770.0,yonden
2018,1,2018-01-11,20:00,4590.0,0.0,5540.0,220.0,－－－－－－－－－－,10.0,0.0,0.0,80.0,0.0,0.0,-1260.0,4590.0,yonden
2018,1,2018-01-11,21:00,4300.0,0.0,5360.0,200.0,－－－－－－－－－－,10.0,0.0,0.0,70.0,0.0,0.0,-1340.0,4300.0,yonden
2018,1,2018-01-11,22:00,3930.0,0.0,5180.0,180.0,－－－－－－－－－－,10.0,0.0,0.0,50.0,0.0,0.0,-1490.0,3930.0,yonden
2018,1,2018-01-11,23:00,3840.0,0.0,5100.0,180.0,－－－－－－－－－－,10.0,0.0,0.0,40.0,0.0,0.0,-1490.0,3840.0,yonden
2018,1,2018-01-12,00:00,3750.0,0.0,4910.0,170.0,－－－－－－－－－－,10.0,0.0,0.0,30.0,0.0,0.0,-1370.0,3750.0,yonden
2018,1,2018-01-12,01:00,3790.0,0.0,4910.0,170.0,－－－－－－－－－－,10.0,0.0,0.0,50.0,0.0,0.0,-1350.0,3790.0,yonden
2018,1,2018-01-12,02:00,3880.0,0.0,4950.0,170.0,－－－－－－－－－－,10.0,0.0,0.0,60.0,0.0,0.0,-1310.0,3880.0,yonden
2018,1,2018-01-12,03:00,3880.0,0.0,4910.0,190.0,－－－－－－－－－－,10.0,0.0,0.0,60.0,0.0,0.0,-1290.0,3880.0,yonden
2018,1,2018-01-12,04:00,3830.0,0.0,4840.0,200.0,－－－－－－－－－－,10.0,0.0,0.0,70.0,0.0,0.0,-1290.0,3830.0,yonden
2018,1,2018-01-12,05:00,3820.0,0.0,4910.0,200.0,－－－－－－－－－－,10.0,0.0,0.0,80.0,0.0,0.0,-1380.0,3820.0,yonden
2018,1,2018-01-12,06:00,4100.0,0.0,5240.0,220.0,－－－－－－－－－－,10.0,0.0,0.0,80.0,0.0,0.0,-1450.0,4100.0,yonden
2018,1,2018-01-12,07:00,4340.0,0.0,5370.0,190.0,－－－－－－－－－－,10.0,60.0,0.0,80.0,0.0,0.0,-1370.0,4340.0,yonden
2018,1,2018-01-12,08:00,4700.0,0.0,5680.0,220.0,－－－－－－－－－－,0.0,270.0,0.0,80.0,0.0,0.0,-1550.0,4700.0,yonden
2018,1,2018-01-12,09:00,4680.0,0.0,5540.0,270.0,－－－－－－－－－－,0.0,590.0,0.0,80.0,0.0,0.0,-1800.0,4680.0,yonden
2018,1,2018-01-12,10:00,4530.0,0.0,5310.0,210.0,－－－－－－－－－－,0.0,890.0,0.0,80.0,0.0,0.0,-1960.0,4530.0,yonden
2018,1,2018-01-12,11:00,4490.0,0.0,5370.0,190.0,－－－－－－－－－－,0.0,1000.0,0.0,70.0,0.0,0.0,-2140.0,4490.0,yonden
2018,1,2018-01-12,12:00,4250.0,0.0,4990.0,180.0,－－－－－－－－－－,0.0,1040.0,0.0,70.0,0.0,0.0,-2030.0,4250.0,yonden
2018,1,2018-01-12,13:00,4350.0,0.0,5190.0,180.0,－－－－－－－－－－,0.0,1010.0,0.0,60.0,0.0,0.0,-2090.0,4350.0,yonden
2018,1,2018-01-12,14:00,4270.0,0.0,5130.0,190.0,－－－－－－－－－－,0.0,800.0,0.0,50.0,0.0,0.0,-1900.0,4270.0,yonden
2018,1,2018-01-12,15:00,4290.0,0.0,5260.0,200.0,－－－－－－－－－－,0.0,510.0,0.0,50.0,0.0,0.0,-1730.0,4290.0,yonden
2018,1,2018-01-12,16:00,4520.0,0.0,5650.0,210.0,－－－－－－－－－－,0.0,200.0,0.0,60.0,0.0,50.0,-1650.0,4520.0,yonden
2018,1,2018-01-12,17:00,4740.0,0.0,5710.0,360.0,－－－－－－－－－－,0.0,0.0,0.0,60.0,0.0,170.0,-1560.0,4740.0,yonden
2018,1,2018-01-12,18:00,4850.0,0.0,5610.0,480.0,－－－－－－－－－－,0.0,0.0,0.0,60.0,0.0,220.0,-1520.0,4850.0,yonden
2018,1,2018-01-12,19:00,4700.0,0.0,5410.0,450.0,－－－－－－－－－－,0.0,0.0,0.0,70.0,0.0,200.0,-1430.0,4700.0,yonden
2018,1,2018-01-12,20:00,4520.0,0.0,5230.0,330.0,－－－－－－－－－－,0.0,0.0,0.0,70.0,0.0,150.0,-1260.0,4520.0,yonden
2018,1,2018-01-12,21:00,4270.0,0.0,5130.0,250.0,－－－－－－－－－－,0.0,0.0,0.0,90.0,0.0,10.0,-1210.0,4270.0,yonden
2018,1,2018-01-12,22:00,3930.0,0.0,4880.0,180.0,－－－－－－－－－－,0.0,0.0,0.0,100.0,0.0,0.0,-1230.0,3930.0,yonden
2018,1,2018-01-12,23:00,3880.0,0.0,4870.0,150.0,－－－－－－－－－－,0.0,0.0,0.0,100.0,0.0,0.0,-1240.0,3880.0,yonden
2018,1,2018-01-13,00:00,3790.0,0.0,4780.0,130.0,－－－－－－－－－－,0.0,0.0,0.0,110.0,0.0,0.0,-1230.0,3790.0,yonden
2018,1,2018-01-13,01:00,3810.0,0.0,4800.0,150.0,－－－－－－－－－－,0.0,0.0,0.0,110.0,0.0,0.0,-1250.0,3810.0,yonden
2018,1,2018-01-13,02:00,3880.0,0.0,4820.0,200.0,－－－－－－－－－－,0.0,0.0,0.0,110.0,0.0,0.0,-1250.0,3880.0,yonden
2018,1,2018-01-13,03:00,3870.0,0.0,4820.0,200.0,－－－－－－－－－－,0.0,0.0,0.0,110.0,0.0,0.0,-1260.0,3870.0,yonden
2018,1,2018-01-13,04:00,3770.0,0.0,4760.0,200.0,－－－－－－－－－－,0.0,0.0,0.0,110.0,0.0,0.0,-1300.0,3770.0,yonden
2018,1,2018-01-13,05:00,3640.0,0.0,4660.0,160.0,－－－－－－－－－－,0.0,0.0,0.0,110.0,0.0,0.0,-1290.0,3640.0,yonden
2018,1,2018-01-13,06:00,3690.0,0.0,4520.0,160.0,－－－－－－－－－－,0.0,0.0,0.0,110.0,0.0,0.0,-1100.0,3690.0,yonden
2018,1,2018-01-13,07:00,3900.0,0.0,4740.0,200.0,－－－－－－－－－－,0.0,60.0,0.0,100.0,0.0,0.0,-1200.0,3900.0,yonden
2018,1,2018-01-13,08:00,4280.0,0.0,4900.0,200.0,－－－－－－－－－－,0.0,250.0,0.0,100.0,0.0,70.0,-1240.0,4280.0,yonden
2018,1,2018-01-13,09:00,4280.0,0.0,4880.0,190.0,－－－－－－－－－－,0.0,550.0,0.0,110.0,0.0,30.0,-1480.0,4280.0,yonden
2018,1,2018-01-13,10:00,4120.0,0.0,4480.0,160.0,－－－－－－－－－－,0.0,850.0,0.0,100.0,0.0,0.0,-1470.0,4120.0,yonden
2018,1,2018-01-13,11:00,4000.0,0.0,4440.0,150.0,－－－－－－－－－－,0.0,870.0,0.0,100.0,0.0,0.0,-1560.0,4000.0,yonden
2018,1,2018-01-13,12:00,3830.0,0.0,4580.0,140.0,－－－－－－－－－－,0.0,710.0,0.0,110.0,0.0,0.0,-1710.0,3830.0,yonden
2018,1,2018-01-13,13:00,3860.0,0.0,4550.0,130.0,－－－－－－－－－－,0.0,600.0,0.0,120.0,0.0,0.0,-1540.0,3860.0,yonden
2018,1,2018-01-13,14:00,3830.0,0.0,4410.0,120.0,－－－－－－－－－－,0.0,520.0,0.0,120.0,0.0,0.0,-1340.0,3830.0,yonden
2018,1,2018-01-13,15:00,3830.0,0.0,4480.0,130.0,－－－－－－－－－－,0.0,320.0,0.0,120.0,0.0,0.0,-1220.0,3830.0,yonden
2018,1,2018-01-13,16:00,4020.0,0.0,4870.0,180.0,－－－－－－－－－－,0.0,110.0,0.0,120.0,0.0,0.0,-1260.0,4020.0,yonden
2018,1,2018-01-13,17:00,4250.0,0.0,5080.0,340.0,－－－－－－－－－－,0.0,0.0,0.0,120.0,0.0,0.0,-1290.0,4250.0,yonden
2018,1,2018-01-13,18:00,4340.0,0.0,5020.0,360.0,－－－－－－－－－－,0.0,0.0,0.0,120.0,0.0,0.0,-1160.0,4340.0,yonden
2018,1,2018-01-13,19:00,4230.0,0.0,5030.0,350.0,－－－－－－－－－－,0.0,0.0,0.0,120.0,0.0,0.0,-1270.0,4230.0,yonden
2018,1,2018-01-13,20:00,4090.0,0.0,4980.0,230.0,－－－－－－－－－－,0.0,0.0,0.0,120.0,0.0,0.0,-1240.0,4090.0,yonden
2018,1,2018-01-13,21:00,3870.0,0.0,4730.0,200.0,－－－－－－－－－－,0.0,0.0,0.0,120.0,0.0,0.0,-1180.0,3870.0,yonden
2018,1,2018-01-13,22:00,3610.0,0.0,4650.0,170.0,－－－－－－－－－－,0.0,0.0,0.0,110.0,0.0,0.0,-1320.0,3610.0,yonden
2018,1,2018-01-13,23:00,3570.0,0.0,4570.0,160.0,－－－－－－－－－－,0.0,0.0,0.0,120.0,0.0,0.0,-1280.0,3570.0,yonden
2018,1,2018-01-14,00:00,3560.0,0.0,4540.0,130.0,－－－－－－－－－－,0.0,0.0,0.0,110.0,0.0,0.0,-1220.0,3560.0,yonden
2018,1,2018-01-14,01:00,3620.0,0.0,4590.0,140.0,－－－－－－－－－－,0.0,0.0,0.0,90.0,0.0,0.0,-1200.0,3620.0,yonden
2018,1,2018-01-14,02:00,3740.0,0.0,4650.0,170.0,－－－－－－－－－－,0.0,0.0,0.0,90.0,0.0,0.0,-1170.0,3740.0,yonden
2018,1,2018-01-14,03:00,3730.0,0.0,4640.0,170.0,－－－－－－－－－－,0.0,0.0,0.0,90.0,0.0,0.0,-1170.0,3730.0,yonden
2018,1,2018-01-14,04:00,3630.0,0.0,4480.0,140.0,－－－－－－－－－－,0.0,0.0,0.0,80.0,0.0,0.0,-1070.0,3630.0,yonden
2018,1,2018-01-14,05:00,3440.0,0.0,4400.0,130.0,－－－－－－－－－－,0.0,0.0,0.0,70.0,0.0,0.0,-1160.0,3440.0,yonden
2018,1,2018-01-14,06:00,3290.0,0.0,4240.0,150.0,－－－－－－－－－－,0.0,0.0,0.0,30.0,0.0,0.0,-1130.0,3290.0,yonden
2018,1,2018-01-14,07:00,3390.0,0.0,4390.0,150.0,－－－－－－－－－－,0.0,60.0,0.0,20.0,0.0,0.0,-1230.0,3390.0,yonden
2018,1,2018-01-14,08:00,3660.0,0.0,4460.0,130.0,－－－－－－－－－－,0.0,230.0,0.0,10.0,0.0,0.0,-1170.0,3660.0,yonden
2018,1,2018-01-14,09:00,3640.0,0.0,4240.0,150.0,－－－－－－－－－－,0.0,460.0,0.0,0.0,0.0,0.0,-1210.0,3640.0,yonden
2018,1,2018-01-14,10:00,3530.0,0.0,3830.0,140.0,－－－－－－－－－－,0.0,760.0,0.0,0.0,0.0,0.0,-1200.0,3530.0,yonden
2018,1,2018-01-14,11:00,3340.0,0.0,3640.0,150.0,－－－－－－－－－－,0.0,940.0,0.0,0.0,0.0,-270.0,-1120.0,3340.0,yonden
2018,1,2018-01-14,12:00,3230.0,0.0,3670.0,130.0,－－－－－－－－－－,0.0,890.0,0.0,0.0,0.0,-200.0,-1260.0,3230.0,yonden
2018,1,2018-01-14,13:00,3200.0,0.0,3620.0,130.0,－－－－－－－－－－,0.0,800.0,0.0,10.0,0.0,0.0,-1360.0,3200.0,yonden
2018,1,2018-01-14,14:00,3150.0,0.0,3850.0,120.0,－－－－－－－－－－,0.0,620.0,0.0,0.0,0.0,0.0,-1440.0,3150.0,yonden
2018,1,2018-01-14,15:00,3150.0,0.0,4060.0,110.0,－－－－－－－－－－,0.0,320.0,0.0,0.0,0.0,0.0,-1340.0,3150.0,yonden
2018,1,2018-01-14,16:00,3360.0,0.0,4410.0,170.0,－－－－－－－－－－,0.0,90.0,0.0,0.0,0.0,0.0,-1310.0,3360.0,yonden
2018,1,2018-01-14,17:00,3800.0,0.0,4790.0,280.0,－－－－－－－－－－,0.0,0.0,0.0,0.0,0.0,0.0,-1270.0,3800.0,yonden
2018,1,2018-01-14,18:00,4000.0,0.0,4800.0,370.0,－－－－－－－－－－,0.0,0.0,0.0,0.0,0.0,0.0,-1170.0,4000.0,yonden
2018,1,2018-01-14,19:00,3970.0,0.0,4790.0,360.0,－－－－－－－－－－,0.0,0.0,0.0,0.0,0.0,0.0,-1180.0,3970.0,yonden
2018,1,2018-01-14,20:00,3910.0,0.0,4850.0,250.0,－－－－－－－－－－,0.0,0.0,0.0,0.0,0.0,0.0,-1190.0,3910.0,yonden
2018,1,2018-01-14,21:00,3730.0,0.0,4870.0,180.0,－－－－－－－－－－,0.0,0.0,0.0,10.0,0.0,0.0,-1330.0,3730.0,yonden
2018,1,2018-01-14,22:00,3440.0,0.0,4720.0,170.0,－－－－－－－－－－,0.0,0.0,0.0,10.0,0.0,0.0,-1460.0,3440.0,yonden
2018,1,2018-01-14,23:00,3420.0,0.0,4520.0,160.0,－－－－－－－－－－,0.0,0.0,0.0,30.0,0.0,0.0,-1290.0,3420.0,yonden
2018,1,2018-01-15,00:00,3400.0,0.0,4400.0,160.0,－－－－－－－－－－,0.0,0.0,0.0,40.0,0.0,0.0,-1200.0,3400.0,yonden
2018,1,2018-01-15,01:00,3480.0,0.0,4340.0,160.0,－－－－－－－－－－,0.0,0.0,0.0,40.0,0.0,0.0,-1060.0,3480.0,yonden
2018,1,2018-01-15,02:00,3610.0,0.0,4490.0,160.0,－－－－－－－－－－,0.0,0.0,0.0,40.0,0.0,0.0,-1080.0,3610.0,yonden
2018,1,2018-01-15,03:00,3640.0,0.0,4470.0,190.0,－－－－－－－－－－,0.0,0.0,0.0,20.0,0.0,0.0,-1040.0,3640.0,yonden
2018,1,2018-01-15,04:00,3620.0,0.0,4440.0,190.0,－－－－－－－－－－,0.0,0.0,0.0,10.0,0.0,0.0,-1020.0,3620.0,yonden
2018,1,2018-01-15,05:00,3610.0,0.0,4610.0,190.0,－－－－－－－－－－,0.0,0.0,0.0,10.0,0.0,0.0,-1200.0,3610.0,yonden
2018,1,2018-01-15,06:00,3910.0,0.0,4980.0,210.0,－－－－－－－－－－,0.0,0.0,0.0,20.0,0.0,0.0,-1300.0,3910.0,yonden
2018,1,2018-01-15,07:00,4160.0,0.0,5100.0,220.0,－－－－－－－－－－,0.0,70.0,0.0,20.0,0.0,0.0,-1250.0,4160.0,yonden
2018,1,2018-01-15,08:00,4510.0,0.0,5150.0,190.0,－－－－－－－－－－,0.0,310.0,0.0,10.0,0.0,130.0,-1280.0,4510.0,yonden
2018,1,2018-01-15,09:00,4470.0,0.0,5120.0,190.0,－－－－－－－－－－,0.0,570.0,0.0,10.0,0.0,160.0,-1580.0,4470.0,yonden
2018,1,2018-01-15,10:00,4340.0,0.0,4980.0,190.0,－－－－－－－－－－,0.0,700.0,0.0,10.0,0.0,180.0,-1720.0,4340.0,yonden
2018,1,2018-01-15,11:00,4190.0,0.0,4890.0,180.0,－－－－－－－－－－,0.0,930.0,0.0,10.0,0.0,120.0,-1940.0,4190.0,yonden
2018,1,2018-01-15,12:00,3910.0,0.0,4640.0,170.0,－－－－－－－－－－,0.0,1100.0,0.0,10.0,0.0,0.0,-2010.0,3910.0,yonden
2018,1,2018-01-15,13:00,4040.0,0.0,4680.0,180.0,－－－－－－－－－－,0.0,890.0,0.0,10.0,0.0,0.0,-1720.0,4040.0,yonden
2018,1,2018-01-15,14:00,4030.0,0.0,4960.0,200.0,－－－－－－－－－－,0.0,400.0,0.0,0.0,0.0,0.0,-1530.0,4030.0,yonden
2018,1,2018-01-15,15:00,4040.0,0.0,4980.0,220.0,－－－－－－－－－－,0.0,160.0,0.0,0.0,0.0,0.0,-1320.0,4040.0,yonden
2018,1,2018-01-15,16:00,4190.0,0.0,5050.0,270.0,－－－－－－－－－－,0.0,120.0,0.0,0.0,0.0,40.0,-1290.0,4190.0,yonden
2018,1,2018-01-15,17:00,4350.0,0.0,5060.0,400.0,－－－－－－－－－－,0.0,0.0,0.0,0.0,0.0,150.0,-1260.0,4350.0,yonden
2018,1,2018-01-15,18:00,4450.0,0.0,5090.0,470.0,－－－－－－－－－－,0.0,0.0,0.0,0.0,0.0,150.0,-1260.0,4450.0,yonden
2018,1,2018-01-15,19:00,4310.0,0.0,5060.0,400.0,－－－－－－－－－－,0.0,0.0,0.0,10.0,0.0,160.0,-1320.0,4310.0,yonden
2018,1,2018-01-15,20:00,4150.0,0.0,5080.0,330.0,－－－－－－－－－－,0.0,0.0,0.0,0.0,0.0,0.0,-1260.0,4150.0,yonden
2018,1,2018-01-15,21:00,3900.0,0.0,5000.0,200.0,－－－－－－－－－－,0.0,0.0,0.0,0.0,0.0,0.0,-1300.0,3900.0,yonden
2018,1,2018-01-15,22:00,3590.0,0.0,4880.0,150.0,－－－－－－－－－－,0.0,0.0,0.0,0.0,0.0,0.0,-1440.0,3590.0,yonden
2018,1,2018-01-15,23:00,3490.0,0.0,4670.0,160.0,－－－－－－－－－－,0.0,0.0,0.0,0.0,0.0,0.0,-1340.0,3490.0,yonden
2018,1,2018-01-16,00:00,3420.0,0.0,4480.0,140.0,－－－－－－－－－－,0.0,0.0,0.0,0.0,0.0,0.0,-1200.0,3420.0,yonden
2018,1,2018-01-16,01:00,3500.0,0.0,4410.0,130.0,－－－－－－－－－－,0.0,0.0,0.0,0.0,0.0,0.0,-1040.0,3500.0,yonden
2018,1,2018-01-16,02:00,3650.0,0.0,4480.0,140.0,－－－－－－－－－－,0.0,0.0,0.0,10.0,0.0,0.0,-980.0,3650.0,yonden
2018,1,2018-01-16,03:00,3710.0,0.0,4490.0,150.0,－－－－－－－－－－,0.0,0.0,0.0,10.0,0.0,0.0,-940.0,3710.0,yonden
2018,1,2018-01-16,04:00,3670.0,0.0,4450.0,160.0,－－－－－－－－－－,0.0,0.0,0.0,20.0,0.0,0.0,-960.0,3670.0,yonden
2018,1,2018-01-16,05:00,3650.0,0.0,4460.0,180.0,－－－－－－－－－－,0.0,0.0,0.0,30.0,0.0,0.0,-1020.0,3650.0,yonden
2018,1,2018-01-16,06:00,3840.0,0.0,4630.0,190.0,－－－－－－－－－－,0.0,0.0,0.0,20.0,0.0,0.0,-1000.0,3840.0,yonden
2018,1,2018-01-16,07:00,4030.0,0.0,4860.0,220.0,－－－－－－－－－－,0.0,60.0,0.0,30.0,0.0,0.0,-1140.0,4030.0,yonden
2018,1,2018-01-16,08:00,4370.0,0.0,5050.0,230.0,－－－－－－－－－－,0.0,280.0,0.0,30.0,0.0,70.0,-1290.0,4370.0,yonden
2018,1,2018-01-16,09:00,4290.0,0.0,4960.0,240.0,－－－－－－－－－－,0.0,540.0,0.0,30.0,0.0,40.0,-1520.0,4290.0,yonden
2018,1,2018-01-16,10:00,4070.0,0.0,4770.0,190.0,－－－－－－－－－－,0.0,770.0,0.0,40.0,0.0,0.0,-1700.0,4070.0,yonden
2018,1,2018-01-16,11:00,3940.0,0.0,4620.0,190.0,－－－－－－－－－－,0.0,940.0,0.0,40.0,0.0,0.0,-1850.0,3940.0,yonden
2018,1,2018-01-16,12:00,3650.0,0.0,4100.0,150.0,－－－－－－－－－－,0.0,1160.0,0.0,50.0,0.0,0.0,-1810.0,3650.0,yonden
2018,1,2018-01-16,13:00,3760.0,0.0,4310.0,160.0,－－－－－－－－－－,0.0,1060.0,0.0,50.0,0.0,0.0,-1820.0,3760.0,yonden
2018,1,2018-01-16,14:00,3720.0,0.0,4340.0,180.0,－－－－－－－－－－,0.0,840.0,0.0,80.0,0.0,0.0,-1720.0,3720.0,yonden
2018,1,2018-01-16,15:00,3720.0,0.0,4390.0,190.0,－－－－－－－－－－,0.0,490.0,0.0,80.0,0.0,0.0,-1430.0,3720.0,yonden
2018,1,2018-01-16,16:00,3900.0,0.0,4790.0,240.0,－－－－－－－－－－,0.0,140.0,0.0,80.0,0.0,0.0,-1350.0,3900.0,yonden
2018,1,2018-01-16,17:00,4040.0,0.0,4890.0,380.0,－－－－－－－－－－,0.0,0.0,0.0,80.0,0.0,0.0,-1310.0,4040.0,yonden
2018,1,2018-01-16,18:00,4080.0,0.0,4780.0,470.0,－－－－－－－－－－,0.0,0.0,0.0,90.0,0.0,0.0,-1260.0,4080.0,yonden
2018,1,2018-01-16,19:00,3920.0,0.0,4670.0,410.0,－－－－－－－－－－,0.0,0.0,0.0,110.0,0.0,0.0,-1270.0,3920.0,yonden
2018,1,2018-01-16,20:00,3730.0,0.0,4540.0,310.0,－－－－－－－－－－,0.0,0.0,0.0,120.0,0.0,0.0,-1240.0,3730.0,yonden
2018,1,2018-01-16,21:00,3480.0,0.0,4440.0,230.0,－－－－－－－－－－,0.0,0.0,0.0,110.0,0.0,0.0,-1300.0,3480.0,yonden
2018,1,2018-01-16,22:00,3190.0,0.0,4270.0,160.0,－－－－－－－－－－,0.0,0.0,0.0,110.0,0.0,0.0,-1350.0,3190.0,yonden
2018,1,2018-01-16,23:00,3070.0,0.0,4060.0,160.0,－－－－－－－－－－,0.0,0.0,0.0,110.0,0.0,0.0,-1260.0,3070.0,yonden
2018,1,2018-01-17,00:00,3010.0,0.0,4130.0,160.0,－－－－－－－－－－,0.0,0.0,0.0,130.0,0.0,0.0,-1410.0,3010.0,yonden
2018,1,2018-01-17,01:00,3120.0,0.0,4130.0,160.0,－－－－－－－－－－,0.0,0.0,0.0,120.0,0.0,0.0,-1290.0,3120.0,yonden
2018,1,2018-01-17,02:00,3310.0,0.0,4210.0,160.0,－－－－－－－－－－,0.0,0.0,0.0,110.0,0.0,0.0,-1170.0,3310.0,yonden
2018,1,2018-01-17,03:00,3400.0,0.0,4270.0,200.0,－－－－－－－－－－,0.0,0.0,0.0,100.0,0.0,0.0,-1170.0,3400.0,yonden
2018,1,2018-01-17,04:00,3360.0,0.0,4260.0,210.0,－－－－－－－－－－,0.0,0.0,0.0,70.0,0.0,0.0,-1180.0,3360.0,yonden
2018,1,2018-01-17,05:00,3240.0,0.0,4190.0,270.0,－－－－－－－－－－,0.0,0.0,0.0,50.0,0.0,0.0,-1270.0,3240.0,yonden
2018,1,2018-01-17,06:00,3310.0,0.0,4250.0,320.0,－－－－－－－－－－,0.0,0.0,0.0,40.0,0.0,0.0,-1300.0,3310.0,yonden
2018,1,2018-01-17,07:00,3510.0,0.0,4410.0,320.0,－－－－－－－－－－,0.0,20.0,0.0,40.0,0.0,0.0,-1280.0,3510.0,yonden
2018,1,2018-01-17,08:00,3980.0,0.0,4860.0,340.0,－－－－－－－－－－,0.0,60.0,0.0,50.0,0.0,0.0,-1330.0,3980.0,yonden
2018,1,2018-01-17,09:00,4090.0,0.0,5060.0,380.0,－－－－－－－－－－,0.0,80.0,0.0,50.0,0.0,0.0,-1480.0,4090.0,yonden
2018,1,2018-01-17,10:00,4000.0,0.0,4950.0,370.0,－－－－－－－－－－,0.0,150.0,0.0,30.0,0.0,0.0,-1500.0,4000.0,yonden
2018,1,2018-01-17,11:00,3900.0,0.0,4660.0,360.0,－－－－－－－－－－,0.0,290.0,0.0,30.0,0.0,0.0,-1440.0,3900.0,yonden
2018,1,2018-01-17,12:00,3620.0,0.0,4300.0,330.0,－－－－－－－－－－,0.0,380.0,0.0,20.0,0.0,0.0,-1410.0,3620.0,yonden
2018,1,2018-01-17,13:00,3750.0,0.0,4430.0,330.0,－－－－－－－－－－,0.0,350.0,0.0,10.0,0.0,0.0,-1370.0,3750.0,yonden
2018,1,2018-01-17,14:00,3770.0,0.0,4590.0,370.0,－－－－－－－－－－,0.0,160.0,0.0,20.0,0.0,0.0,-1370.0,3770.0,yonden
2018,1,2018-01-17,15:00,3800.0,0.0,4620.0,400.0,－－－－－－－－－－,0.0,90.0,0.0,60.0,0.0,0.0,-1370.0,3800.0,yonden
2018,1,2018-01-17,16:00,3910.0,0.0,4740.0,450.0,－－－－－－－－－－,0.0,40.0,0.0,110.0,0.0,0.0,-1430.0,3910.0,yonden
2018,1,2018-01-17,17:00,3910.0,0.0,4640.0,540.0,－－－－－－－－－－,0.0,0.0,0.0,120.0,0.0,0.0,-1390.0,3910.0,yonden
2018,1,2018-01-17,18:00,3910.0,0.0,4560.0,560.0,－－－－－－－－－－,0.0,0.0,0.0,130.0,0.0,0.0,-1340.0,3910.0,yonden
2018,1,2018-01-17,19:00,3740.0,0.0,4420.0,540.0,－－－－－－－－－－,0.0,0.0,0.0,120.0,0.0,0.0,-1340.0,3740.0,yonden
2018,1,2018-01-17,20:00,3580.0,0.0,4250.0,480.0,－－－－－－－－－－,0.0,0.0,0.0,110.0,0.0,0.0,-1260.0,3580.0,yonden
2018,1,2018-01-17,21:00,3370.0,0.0,4120.0,410.0,－－－－－－－－－－,0.0,0.0,0.0,130.0,0.0,0.0,-1290.0,3370.0,yonden
2018,1,2018-01-17,22:00,3120.0,0.0,3950.0,340.0,－－－－－－－－－－,0.0,0.0,0.0,120.0,0.0,0.0,-1290.0,3120.0,yonden
2018,1,2018-01-17,23:00,3000.0,0.0,3870.0,310.0,－－－－－－－－－－,0.0,0.0,0.0,100.0,0.0,0.0,-1280.0,3000.0,yonden
2018,1,2018-01-18,00:00,2950.0,0.0,3950.0,330.0,－－－－－－－－－－,0.0,0.0,0.0,90.0,0.0,0.0,-1420.0,2950.0,yonden
2018,1,2018-01-18,01:00,3080.0,0.0,3940.0,340.0,－－－－－－－－－－,0.0,0.0,0.0,80.0,0.0,0.0,-1280.0,3080.0,yonden
2018,1,2018-01-18,02:00,3290.0,0.0,4210.0,360.0,－－－－－－－－－－,0.0,0.0,0.0,70.0,0.0,0.0,-1350.0,3290.0,yonden
2018,1,2018-01-18,03:00,3400.0,0.0,4210.0,370.0,－－－－－－－－－－,0.0,0.0,0.0,50.0,0.0,0.0,-1230.0,3400.0,yonden
2018,1,2018-01-18,04:00,3410.0,0.0,4270.0,380.0,－－－－－－－－－－,0.0,0.0,0.0,50.0,0.0,0.0,-1290.0,3410.0,yonden
2018,1,2018-01-18,05:00,3330.0,0.0,4280.0,380.0,－－－－－－－－－－,0.0,0.0,0.0,40.0,0.0,0.0,-1370.0,3330.0,yonden
2018,1,2018-01-18,06:00,3440.0,0.0,4360.0,380.0,－－－－－－－－－－,0.0,0.0,0.0,60.0,0.0,0.0,-1360.0,3440.0,yonden
2018,1,2018-01-18,07:00,3610.0,0.0,4550.0,370.0,－－－－－－－－－－,0.0,70.0,0.0,80.0,0.0,0.0,-1460.0,3610.0,yonden
2018,1,2018-01-18,08:00,3930.0,0.0,4780.0,380.0,－－－－－－－－－－,0.0,250.0,0.0,60.0,0.0,0.0,-1540.0,3930.0,yonden
2018,1,2018-01-18,09:00,3930.0,0.0,4830.0,370.0,－－－－－－－－－－,0.0,430.0,0.0,70.0,0.0,0.0,-1770.0,3930.0,yonden
2018,1,2018-01-18,10:00,3770.0,0.0,4370.0,350.0,－－－－－－－－－－,0.0,910.0,0.0,70.0,0.0,0.0,-1930.0,3770.0,yonden
2018,1,2018-01-18,11:00,3690.0,0.0,4110.0,320.0,－－－－－－－－－－,0.0,1120.0,0.0,70.0,0.0,0.0,-1930.0,3690.0,yonden
2018,1,2018-01-18,12:00,3420.0,0.0,3840.0,290.0,－－－－－－－－－－,0.0,1180.0,0.0,80.0,0.0,0.0,-1970.0,3420.0,yonden
2018,1,2018-01-18,13:00,3540.0,0.0,4020.0,300.0,－－－－－－－－－－,0.0,1040.0,0.0,70.0,0.0,0.0,-1890.0,3540.0,yonden
2018,1,2018-01-18,14:00,3510.0,0.0,4070.0,320.0,－－－－－－－－－－,0.0,900.0,0.0,90.0,0.0,0.0,-1870.0,3510.0,yonden
2018,1,2018-01-18,15:00,3530.0,0.0,4270.0,350.0,－－－－－－－－－－,0.0,570.0,0.0,80.0,0.0,0.0,-1740.0,3530.0,yonden
2018,1,2018-01-18,16:00,3670.0,0.0,4590.0,410.0,－－－－－－－－－－,0.0,190.0,0.0,90.0,0.0,0.0,-1610.0,3670.0,yonden
2018,1,2018-01-18,17:00,3800.0,0.0,4730.0,460.0,－－－－－－－－－－,0.0,0.0,0.0,120.0,0.0,0.0,-1510.0,3800.0,yonden
2018,1,2018-01-18,18:00,3890.0,0.0,4700.0,490.0,－－－－－－－－－－,0.0,0.0,0.0,110.0,0.0,0.0,-1410.0,3890.0,yonden
2018,1,2018-01-18,19:00,3750.0,0.0,4580.0,470.0,－－－－－－－－－－,0.0,0.0,0.0,100.0,0.0,0.0,-1400.0,3750.0,yonden
2018,1,2018-01-18,20:00,3600.0,0.0,4410.0,410.0,－－－－－－－－－－,0.0,0.0,0.0,90.0,0.0,0.0,-1310.0,3600.0,yonden
2018,1,2018-01-18,21:00,3400.0,0.0,4200.0,380.0,－－－－－－－－－－,0.0,0.0,0.0,70.0,0.0,0.0,-1250.0,3400.0,yonden
2018,1,2018-01-18,22:00,3160.0,0.0,4080.0,320.0,－－－－－－－－－－,0.0,0.0,0.0,50.0,0.0,0.0,-1290.0,3160.0,yonden
2018,1,2018-01-18,23:00,3050.0,0.0,4000.0,270.0,－－－－－－－－－－,0.0,0.0,0.0,40.0,0.0,0.0,-1260.0,3050.0,yonden
2018,1,2018-01-19,00:00,2990.0,0.0,3990.0,280.0,－－－－－－－－－－,0.0,0.0,0.0,30.0,0.0,0.0,-1310.0,2990.0,yonden
2018,1,2018-01-19,01:00,3120.0,0.0,4030.0,290.0,－－－－－－－－－－,0.0,0.0,0.0,30.0,0.0,0.0,-1230.0,3120.0,yonden
2018,1,2018-01-19,02:00,3320.0,0.0,4130.0,310.0,－－－－－－－－－－,0.0,0.0,0.0,30.0,0.0,0.0,-1150.0,3320.0,yonden
2018,1,2018-01-19,03:00,3450.0,0.0,4100.0,340.0,－－－－－－－－－－,0.0,0.0,0.0,40.0,0.0,0.0,-1030.0,3450.0,yonden
2018,1,2018-01-19,04:00,3460.0,0.0,4130.0,340.0,－－－－－－－－－－,0.0,0.0,0.0,40.0,0.0,0.0,-1050.0,3460.0,yonden
2018,1,2018-01-19,05:00,3400.0,0.0,4190.0,340.0,－－－－－－－－－－,0.0,0.0,0.0,30.0,0.0,0.0,-1160.0,3400.0,yonden
2018,1,2018-01-19,06:00,3500.0,0.0,4370.0,350.0,－－－－－－－－－－,0.0,0.0,0.0,50.0,0.0,0.0,-1270.0,3500.0,yonden
2018,1,2018-01-19,07:00,3610.0,0.0,4500.0,310.0,－－－－－－－－－－,0.0,50.0,0.0,50.0,0.0,0.0,-1300.0,3610.0,yonden
2018,1,2018-01-19,08:00,3910.0,0.0,4690.0,340.0,－－－－－－－－－－,0.0,270.0,0.0,40.0,0.0,0.0,-1430.0,3910.0,yonden
2018,1,2018-01-19,09:00,3900.0,0.0,4530.0,340.0,－－－－－－－－－－,0.0,600.0,0.0,20.0,0.0,0.0,-1590.0,3900.0,yonden
2018,1,2018-01-19,10:00,3760.0,0.0,4360.0,300.0,－－－－－－－－－－,0.0,960.0,0.0,10.0,0.0,0.0,-1870.0,3760.0,yonden
2018,1,2018-01-19,11:00,3710.0,0.0,4350.0,320.0,－－－－－－－－－－,0.0,940.0,0.0,10.0,0.0,0.0,-1910.0,3710.0,yonden
2018,1,2018-01-19,12:00,3490.0,0.0,4380.0,310.0,－－－－－－－－－－,0.0,690.0,0.0,30.0,0.0,0.0,-1920.0,3490.0,yonden
2018,1,2018-01-19,13:00,3660.0,0.0,4560.0,340.0,－－－－－－－－－－,0.0,710.0,0.0,30.0,0.0,0.0,-1980.0,3660.0,yonden
2018,1,2018-01-19,14:00,3630.0,0.0,4440.0,340.0,－－－－－－－－－－,0.0,700.0,0.0,20.0,0.0,0.0,-1870.0,3630.0,yonden
2018,1,2018-01-19,15:00,3660.0,0.0,4440.0,360.0,－－－－－－－－－－,0.0,450.0,0.0,40.0,0.0,0.0,-1630.0,3660.0,yonden
2018,1,2018-01-19,16:00,3750.0,0.0,4650.0,360.0,－－－－－－－－－－,0.0,120.0,0.0,50.0,0.0,0.0,-1430.0,3750.0,yonden
2018,1,2018-01-19,17:00,3850.0,0.0,4790.0,450.0,－－－－－－－－－－,0.0,0.0,0.0,50.0,0.0,0.0,-1440.0,3850.0,yonden
2018,1,2018-01-19,18:00,3930.0,0.0,4840.0,520.0,－－－－－－－－－－,0.0,0.0,0.0,40.0,0.0,0.0,-1470.0,3930.0,yonden
2018,1,2018-01-19,19:00,3790.0,0.0,4650.0,510.0,－－－－－－－－－－,0.0,0.0,0.0,40.0,0.0,0.0,-1410.0,3790.0,yonden
2018,1,2018-01-19,20:00,3670.0,0.0,4710.0,430.0,－－－－－－－－－－,0.0,0.0,0.0,30.0,0.0,0.0,-1500.0,3670.0,yonden
2018,1,2018-01-19,21:00,3470.0,0.0,4430.0,370.0,－－－－－－－－－－,0.0,0.0,0.0,30.0,0.0,0.0,-1360.0,3470.0,yonden
2018,1,2018-01-19,22:00,3250.0,0.0,4260.0,300.0,－－－－－－－－－－,0.0,0.0,0.0,30.0,0.0,0.0,-1340.0,3250.0,yonden
2018,1,2018-01-19,23:00,3150.0,0.0,4050.0,290.0,－－－－－－－－－－,0.0,0.0,0.0,30.0,0.0,0.0,-1220.0,3150.0,yonden
2018,1,2018-01-20,00:00,3100.0,0.0,4120.0,280.0,－－－－－－－－－－,0.0,0.0,0.0,40.0,0.0,0.0,-1340.0,3100.0,yonden
2018,1,2018-01-20,01:00,3200.0,0.0,4110.0,280.0,－－－－－－－－－－,0.0,0.0,0.0,40.0,0.0,0.0,-1230.0,3200.0,yonden
2018,1,2018-01-20,02:00,3370.0,0.0,4180.0,300.0,－－－－－－－－－－,0.0,0.0,0.0,50.0,0.0,0.0,-1160.0,3370.0,yonden
2018,1,2018-01-20,03:00,3450.0,0.0,4220.0,330.0,－－－－－－－－－－,0.0,0.0,0.0,60.0,0.0,0.0,-1160.0,3450.0,yonden
2018,1,2018-01-20,04:00,3410.0,0.0,4170.0,340.0,－－－－－－－－－－,0.0,0.0,0.0,70.0,0.0,0.0,-1170.0,3410.0,yonden
2018,1,2018-01-20,05:00,3310.0,0.0,4120.0,320.0,－－－－－－－－－－,0.0,0.0,0.0,60.0,0.0,0.0,-1190.0,3310.0,yonden
2018,1,2018-01-20,06:00,3260.0,0.0,4150.0,330.0,－－－－－－－－－－,0.0,0.0,0.0,60.0,0.0,0.0,-1280.0,3260.0,yonden
2018,1,2018-01-20,07:00,3370.0,0.0,4290.0,310.0,－－－－－－－－－－,0.0,60.0,0.0,50.0,0.0,0.0,-1340.0,3370.0,yonden
2018,1,2018-01-20,08:00,3710.0,0.0,4520.0,380.0,－－－－－－－－－－,0.0,290.0,0.0,30.0,0.0,0.0,-1510.0,3710.0,yonden
2018,1,2018-01-20,09:00,3690.0,0.0,4310.0,350.0,－－－－－－－－－－,0.0,630.0,0.0,20.0,0.0,0.0,-1620.0,3690.0,yonden
2018,1,2018-01-20,10:00,3530.0,0.0,4000.0,300.0,－－－－－－－－－－,0.0,950.0,0.0,10.0,0.0,0.0,-1730.0,3530.0,yonden
2018,1,2018-01-20,11:00,3440.0,0.0,3810.0,300.0,－－－－－－－－－－,0.0,1080.0,0.0,30.0,0.0,-30.0,-1750.0,3440.0,yonden
2018,1,2018-01-20,12:00,3250.0,0.0,3820.0,290.0,－－－－－－－－－－,0.0,1110.0,0.0,60.0,0.0,-300.0,-1730.0,3250.0,yonden
2018,1,2018-01-20,13:00,3300.0,0.0,3790.0,280.0,－－－－－－－－－－,0.0,1140.0,0.0,50.0,0.0,-300.0,-1660.0,3300.0,yonden
2018,1,2018-01-20,14:00,3240.0,0.0,3760.0,260.0,－－－－－－－－－－,0.0,940.0,0.0,30.0,0.0,-300.0,-1450.0,3240.0,yonden
2018,1,2018-01-20,15:00,3250.0,0.0,3850.0,260.0,－－－－－－－－－－,0.0,570.0,0.0,50.0,0.0,-50.0,-1430.0,3250.0,yonden
2018,1,2018-01-20,16:00,3360.0,0.0,4140.0,300.0,－－－－－－－－－－,0.0,210.0,0.0,50.0,0.0,0.0,-1340.0,3360.0,yonden
2018,1,2018-01-20,17:00,3470.0,0.0,4380.0,410.0,－－－－－－－－－－,0.0,0.0,0.0,40.0,0.0,0.0,-1360.0,3470.0,yonden
2018,1,2018-01-20,18:00,3600.0,0.0,4500.0,460.0,－－－－－－－－－－,0.0,0.0,0.0,30.0,0.0,0.0,-1390.0,3600.0,yonden
2018,1,2018-01-20,19:00,3540.0,0.0,4490.0,440.0,－－－－－－－－－－,0.0,0.0,0.0,30.0,0.0,0.0,-1420.0,3540.0,yonden
2018,1,2018-01-20,20:00,3460.0,0.0,4510.0,350.0,－－－－－－－－－－,0.0,0.0,0.0,20.0,0.0,0.0,-1420.0,3460.0,yonden
2018,1,2018-01-20,21:00,3270.0,0.0,4370.0,310.0,－－－－－－－－－－,0.0,0.0,0.0,20.0,0.0,0.0,-1430.0,3270.0,yonden
2018,1,2018-01-20,22:00,3050.0,0.0,4160.0,240.0,－－－－－－－－－－,0.0,0.0,0.0,20.0,0.0,0.0,-1370.0,3050.0,yonden
2018,1,2018-01-20,23:00,3000.0,0.0,4060.0,240.0,－－－－－－－－－－,0.0,0.0,0.0,30.0,0.0,0.0,-1330.0,3000.0,yonden
2018,1,2018-01-21,00:00,2990.0,0.0,4130.0,230.0,－－－－－－－－－－,0.0,0.0,0.0,20.0,0.0,0.0,-1390.0,2990.0,yonden
2018,1,2018-01-21,01:00,3130.0,0.0,4080.0,230.0,－－－－－－－－－－,0.0,0.0,0.0,30.0,0.0,0.0,-1210.0,3130.0,yonden
2018,1,2018-01-21,02:00,3320.0,0.0,4210.0,270.0,－－－－－－－－－－,0.0,0.0,0.0,40.0,0.0,0.0,-1200.0,3320.0,yonden
2018,1,2018-01-21,03:00,3380.0,0.0,4200.0,290.0,－－－－－－－－－－,0.0,0.0,0.0,50.0,0.0,0.0,-1160.0,3380.0,yonden
2018,1,2018-01-21,04:00,3310.0,0.0,4190.0,290.0,－－－－－－－－－－,0.0,0.0,0.0,40.0,0.0,0.0,-1210.0,3310.0,yonden
2018,1,2018-01-21,05:00,3140.0,0.0,4040.0,240.0,－－－－－－－－－－,0.0,0.0,0.0,50.0,0.0,0.0,-1190.0,3140.0,yonden
2018,1,2018-01-21,06:00,2990.0,0.0,3960.0,230.0,－－－－－－－－－－,0.0,0.0,0.0,50.0,0.0,0.0,-1250.0,2990.0,yonden
2018,1,2018-01-21,07:00,3010.0,0.0,3930.0,240.0,－－－－－－－－－－,0.0,60.0,0.0,60.0,0.0,0.0,-1280.0,3010.0,yonden
2018,1,2018-01-21,08:00,3170.0,0.0,3860.0,270.0,－－－－－－－－－－,0.0,270.0,0.0,70.0,0.0,-100.0,-1200.0,3170.0,yonden
2018,1,2018-01-21,09:00,3070.0,0.0,3700.0,300.0,－－－－－－－－－－,0.0,650.0,0.0,50.0,0.0,-300.0,-1330.0,3070.0,yonden
2018,1,2018-01-21,10:00,2930.0,0.0,3570.0,250.0,－－－－－－－－－－,0.0,1020.0,0.0,40.0,0.0,-300.0,-1650.0,2930.0,yonden
2018,1,2018-01-21,11:00,2910.0,0.0,3680.0,250.0,－－－－－－－－－－,0.0,1150.0,0.0,50.0,0.0,-300.0,-1920.0,2910.0,yonden
2018,1,2018-01-21,12:00,2900.0,0.0,3750.0,250.0,－－－－－－－－－－,0.0,1130.0,0.0,60.0,0.0,-300.0,-1990.0,2900.0,yonden
2018,1,2018-01-21,13:00,2840.0,0.0,3560.0,250.0,－－－－－－－－－－,10.0,1130.0,0.0,60.0,0.0,-300.0,-1870.0,2840.0,yonden
2018,1,2018-01-21,14:00,2800.0,0.0,3460.0,230.0,－－－－－－－－－－,0.0,920.0,0.0,70.0,0.0,-300.0,-1580.0,2800.0,yonden
2018,1,2018-01-21,15:00,2840.0,0.0,3560.0,230.0,－－－－－－－－－－,0.0,560.0,0.0,70.0,0.0,-300.0,-1280.0,2840.0,yonden
2018,1,2018-01-21,16:00,3010.0,0.0,3820.0,230.0,－－－－－－－－－－,0.0,220.0,0.0,50.0,0.0,0.0,-1310.0,3010.0,yonden
2018,1,2018-01-21,17:00,3320.0,0.0,4240.0,400.0,－－－－－－－－－－,0.0,0.0,0.0,40.0,0.0,0.0,-1360.0,3320.0,yonden
2018,1,2018-01-21,18:00,3540.0,0.0,4420.0,460.0,－－－－－－－－－－,0.0,0.0,0.0,30.0,0.0,0.0,-1370.0,3540.0,yonden
2018,1,2018-01-21,19:00,3500.0,0.0,4490.0,430.0,－－－－－－－－－－,0.0,0.0,0.0,20.0,0.0,0.0,-1440.0,3500.0,yonden
2018,1,2018-01-21,20:00,3380.0,0.0,4540.0,360.0,－－－－－－－－－－,0.0,0.0,0.0,10.0,0.0,0.0,-1530.0,3380.0,yonden
2018,1,2018-01-21,21:00,3200.0,0.0,4320.0,260.0,－－－－－－－－－－,0.0,0.0,0.0,10.0,0.0,0.0,-1390.0,3200.0,yonden
2018,1,2018-01-21,22:00,2960.0,0.0,4100.0,210.0,－－－－－－－－－－,0.0,0.0,0.0,20.0,0.0,0.0,-1370.0,2960.0,yonden
2018,1,2018-01-21,23:00,2890.0,0.0,3990.0,190.0,－－－－－－－－－－,0.0,0.0,0.0,30.0,0.0,0.0,-1320.0,2890.0,yonden
2018,1,2018-01-22,00:00,2900.0,0.0,4010.0,190.0,－－－－－－－－－－,0.0,0.0,0.0,20.0,0.0,0.0,-1320.0,2900.0,yonden
2018,1,2018-01-22,01:00,3040.0,0.0,4120.0,210.0,－－－－－－－－－－,0.0,0.0,0.0,10.0,0.0,0.0,-1300.0,3040.0,yonden
2018,1,2018-01-22,02:00,3240.0,0.0,4240.0,220.0,－－－－－－－－－－,0.0,0.0,0.0,10.0,0.0,0.0,-1230.0,3240.0,yonden
2018,1,2018-01-22,03:00,3330.0,0.0,4260.0,240.0,－－－－－－－－－－,0.0,0.0,0.0,10.0,0.0,0.0,-1180.0,3330.0,yonden
2018,1,2018-01-22,04:00,3320.0,0.0,4210.0,250.0,－－－－－－－－－－,0.0,0.0,0.0,20.0,0.0,0.0,-1160.0,3320.0,yonden
2018,1,2018-01-22,05:00,3280.0,0.0,4220.0,260.0,－－－－－－－－－－,0.0,0.0,0.0,30.0,0.0,0.0,-1230.0,3280.0,yonden
2018,1,2018-01-22,06:00,3460.0,0.0,4550.0,300.0,－－－－－－－－－－,0.0,0.0,0.0,40.0,0.0,0.0,-1430.0,3460.0,yonden
2018,1,2018-01-22,07:00,3670.0,0.0,4800.0,270.0,－－－－－－－－－－,0.0,20.0,0.0,40.0,0.0,0.0,-1460.0,3670.0,yonden
2018,1,2018-01-22,08:00,4200.0,0.0,5180.0,260.0,－－－－－－－－－－,0.0,40.0,0.0,40.0,0.0,0.0,-1320.0,4200.0,yonden
2018,1,2018-01-22,09:00,4440.0,0.0,5230.0,310.0,－－－－－－－－－－,0.0,90.0,0.0,50.0,0.0,0.0,-1240.0,4440.0,yonden
2018,1,2018-01-22,10:00,4450.0,0.0,5230.0,310.0,－－－－－－－－－－,0.0,100.0,0.0,60.0,0.0,0.0,-1250.0,4450.0,yonden
2018,1,2018-01-22,11:00,4490.0,0.0,5280.0,320.0,－－－－－－－－－－,0.0,110.0,0.0,70.0,0.0,0.0,-1290.0,4490.0,yonden
2018,1,2018-01-22,12:00,4310.0,0.0,5220.0,270.0,－－－－－－－－－－,0.0,120.0,0.0,60.0,0.0,0.0,-1360.0,4310.0,yonden
2018,1,2018-01-22,13:00,4490.0,0.0,5300.0,290.0,－－－－－－－－－－,0.0,110.0,0.0,80.0,0.0,0.0,-1290.0,4490.0,yonden
2018,1,2018-01-22,14:00,4470.0,0.0,5310.0,290.0,－－－－－－－－－－,0.0,90.0,0.0,70.0,0.0,0.0,-1290.0,4470.0,yonden
2018,1,2018-01-22,15:00,4440.0,0.0,5310.0,300.0,－－－－－－－－－－,0.0,60.0,0.0,80.0,0.0,0.0,-1310.0,4440.0,yonden
2018,1,2018-01-22,16:00,4500.0,0.0,5280.0,280.0,－－－－－－－－－－,0.0,40.0,0.0,90.0,0.0,0.0,-1190.0,4500.0,yonden
2018,1,2018-01-22,17:00,4550.0,0.0,5200.0,380.0,－－－－－－－－－－,0.0,0.0,0.0,100.0,0.0,0.0,-1130.0,4550.0,yonden
2018,1,2018-01-22,18:00,4620.0,0.0,5280.0,450.0,－－－－－－－－－－,0.0,0.0,0.0,100.0,0.0,0.0,-1210.0,4620.0,yonden
2018,1,2018-01-22,19:00,4460.0,0.0,5290.0,400.0,－－－－－－－－－－,0.0,0.0,0.0,80.0,0.0,0.0,-1310.0,4460.0,yonden
2018,1,2018-01-22,20:00,4260.0,0.0,5210.0,250.0,－－－－－－－－－－,0.0,0.0,0.0,60.0,0.0,0.0,-1260.0,4260.0,yonden
2018,1,2018-01-22,21:00,4010.0,0.0,5060.0,230.0,－－－－－－－－－－,0.0,0.0,0.0,50.0,0.0,0.0,-1330.0,4010.0,yonden
2018,1,2018-01-22,22:00,3690.0,0.0,5020.0,220.0,－－－－－－－－－－,0.0,0.0,0.0,30.0,0.0,0.0,-1580.0,3690.0,yonden
2018,1,2018-01-22,23:00,3590.0,0.0,4850.0,210.0,－－－－－－－－－－,0.0,0.0,0.0,20.0,0.0,0.0,-1490.0,3590.0,yonden
2018,1,2018-01-23,00:00,3500.0,0.0,4660.0,210.0,－－－－－－－－－－,0.0,0.0,0.0,30.0,0.0,0.0,-1400.0,3500.0,yonden
2018,1,2018-01-23,01:00,3560.0,0.0,4780.0,210.0,－－－－－－－－－－,0.0,0.0,0.0,30.0,0.0,0.0,-1460.0,3560.0,yonden
2018,1,2018-01-23,02:00,3690.0,0.0,4900.0,210.0,－－－－－－－－－－,0.0,0.0,0.0,40.0,0.0,0.0,-1460.0,3690.0,yonden
2018,1,2018-01-23,03:00,3730.0,0.0,4900.0,230.0,－－－－－－－－－－,0.0,0.0,0.0,40.0,0.0,0.0,-1440.0,3730.0,yonden
2018,1,2018-01-23,04:00,3680.0,0.0,4780.0,250.0,－－－－－－－－－－,0.0,0.0,0.0,60.0,0.0,0.0,-1410.0,3680.0,yonden
2018,1,2018-01-23,05:00,3610.0,0.0,4670.0,230.0,－－－－－－－－－－,0.0,0.0,0.0,90.0,0.0,0.0,-1380.0,3610.0,yonden
2018,1,2018-01-23,06:00,3770.0,0.0,4770.0,270.0,－－－－－－－－－－,0.0,0.0,0.0,110.0,0.0,0.0,-1380.0,3770.0,yonden
2018,1,2018-01-23,07:00,3960.0,0.0,4860.0,290.0,－－－－－－－－－－,0.0,60.0,0.0,110.0,0.0,0.0,-1360.0,3960.0,yonden
2018,1,2018-01-23,08:00,4280.0,0.0,4900.0,280.0,－－－－－－－－－－,0.0,290.0,0.0,120.0,0.0,0.0,-1310.0,4280.0,yonden
2018,1,2018-01-23,09:00,4230.0,0.0,4660.0,260.0,－－－－－－－－－－,0.0,640.0,0.0,130.0,0.0,0.0,-1460.0,4230.0,yonden
2018,1,2018-01-23,10:00,4090.0,0.0,4360.0,180.0,－－－－－－－－－－,0.0,840.0,0.0,130.0,0.0,0.0,-1420.0,4090.0,yonden
2018,1,2018-01-23,11:00,4090.0,0.0,4360.0,180.0,－－－－－－－－－－,0.0,770.0,0.0,140.0,0.0,0.0,-1360.0,4090.0,yonden
2018,1,2018-01-23,12:00,3890.0,0.0,4530.0,210.0,－－－－－－－－－－,0.0,550.0,0.0,130.0,0.0,0.0,-1530.0,3890.0,yonden
2018,1,2018-01-23,13:00,4040.0,0.0,4590.0,210.0,－－－－－－－－－－,0.0,550.0,0.0,130.0,0.0,0.0,-1440.0,4040.0,yonden
2018,1,2018-01-23,14:00,4070.0,0.0,4600.0,220.0,－－－－－－－－－－,0.0,440.0,0.0,140.0,0.0,0.0,-1330.0,4070.0,yonden
2018,1,2018-01-23,15:00,4140.0,0.0,4840.0,210.0,－－－－－－－－－－,0.0,300.0,0.0,140.0,0.0,0.0,-1350.0,4140.0,yonden
2018,1,2018-01-23,16:00,4310.0,0.0,5170.0,280.0,－－－－－－－－－－,0.0,140.0,0.0,130.0,0.0,0.0,-1410.0,4310.0,yonden
2018,1,2018-01-23,17:00,4480.0,0.0,5250.0,380.0,－－－－－－－－－－,0.0,10.0,0.0,130.0,0.0,0.0,-1290.0,4480.0,yonden
2018,1,2018-01-23,18:00,4590.0,0.0,5250.0,490.0,－－－－－－－－－－,0.0,0.0,0.0,120.0,0.0,0.0,-1270.0,4590.0,yonden
2018,1,2018-01-23,19:00,4450.0,0.0,5220.0,400.0,－－－－－－－－－－,0.0,0.0,0.0,110.0,0.0,0.0,-1280.0,4450.0,yonden
2018,1,2018-01-23,20:00,4290.0,0.0,5140.0,290.0,－－－－－－－－－－,0.0,0.0,0.0,110.0,0.0,0.0,-1250.0,4290.0,yonden
2018,1,2018-01-23,21:00,4040.0,0.0,5110.0,220.0,－－－－－－－－－－,0.0,0.0,0.0,110.0,0.0,0.0,-1400.0,4040.0,yonden
2018,1,2018-01-23,22:00,3740.0,0.0,4880.0,200.0,－－－－－－－－－－,0.0,0.0,0.0,100.0,0.0,0.0,-1440.0,3740.0,yonden
2018,1,2018-01-23,23:00,3650.0,0.0,4820.0,190.0,－－－－－－－－－－,0.0,0.0,0.0,100.0,0.0,0.0,-1460.0,3650.0,yonden
2018,1,2018-01-24,00:00,3580.0,0.0,4790.0,190.0,－－－－－－－－－－,0.0,0.0,0.0,110.0,0.0,0.0,-1510.0,3580.0,yonden
2018,1,2018-01-24,01:00,3660.0,0.0,4820.0,190.0,－－－－－－－－－－,0.0,0.0,0.0,110.0,0.0,0.0,-1460.0,3660.0,yonden
2018,1,2018-01-24,02:00,3800.0,0.0,4960.0,190.0,－－－－－－－－－－,0.0,0.0,0.0,110.0,0.0,0.0,-1460.0,3800.0,yonden
2018,1,2018-01-24,03:00,3820.0,0.0,4940.0,210.0,－－－－－－－－－－,0.0,0.0,0.0,120.0,0.0,0.0,-1450.0,3820.0,yonden
2018,1,2018-01-24,04:00,3760.0,0.0,4890.0,210.0,－－－－－－－－－－,0.0,0.0,0.0,120.0,0.0,0.0,-1460.0,3760.0,yonden
2018,1,2018-01-24,05:00,3720.0,0.0,4850.0,200.0,－－－－－－－－－－,0.0,0.0,0.0,120.0,0.0,0.0,-1450.0,3720.0,yonden
2018,1,2018-01-24,06:00,3990.0,0.0,5040.0,260.0,－－－－－－－－－－,0.0,0.0,0.0,110.0,0.0,0.0,-1420.0,3990.0,yonden
2018,1,2018-01-24,07:00,4240.0,0.0,5230.0,270.0,－－－－－－－－－－,0.0,60.0,0.0,120.0,0.0,0.0,-1440.0,4240.0,yonden
2018,1,2018-01-24,08:00,4630.0,0.0,5490.0,280.0,－－－－－－－－－－,0.0,260.0,0.0,120.0,0.0,0.0,-1520.0,4630.0,yonden
2018,1,2018-01-24,09:00,4630.0,0.0,5240.0,280.0,－－－－－－－－－－,0.0,500.0,0.0,120.0,0.0,0.0,-1510.0,4630.0,yonden
2018,1,2018-01-24,10:00,4520.0,0.0,4960.0,230.0,－－－－－－－－－－,0.0,760.0,0.0,120.0,0.0,0.0,-1550.0,4520.0,yonden
2018,1,2018-01-24,11:00,4470.0,0.0,4660.0,200.0,－－－－－－－－－－,0.0,920.0,0.0,130.0,0.0,0.0,-1440.0,4470.0,yonden
2018,1,2018-01-24,12:00,4250.0,0.0,4630.0,200.0,－－－－－－－－－－,0.0,940.0,0.0,120.0,0.0,0.0,-1640.0,4250.0,yonden
2018,1,2018-01-24,13:00,4420.0,0.0,4590.0,200.0,－－－－－－－－－－,0.0,930.0,0.0,120.0,0.0,0.0,-1420.0,4420.0,yonden
2018,1,2018-01-24,14:00,4380.0,0.0,4680.0,200.0,－－－－－－－－－－,0.0,730.0,0.0,110.0,0.0,0.0,-1340.0,4380.0,yonden
2018,1,2018-01-24,15:00,4450.0,0.0,4940.0,210.0,－－－－－－－－－－,0.0,550.0,0.0,130.0,0.0,0.0,-1380.0,4450.0,yonden
2018,1,2018-01-24,16:00,4710.0,0.0,5630.0,290.0,－－－－－－－－－－,0.0,220.0,0.0,130.0,0.0,40.0,-1600.0,4710.0,yonden
2018,1,2018-01-24,17:00,4920.0,0.0,5710.0,390.0,－－－－－－－－－－,0.0,10.0,0.0,140.0,0.0,140.0,-1470.0,4920.0,yonden
2018,1,2018-01-24,18:00,5080.0,0.0,5750.0,510.0,－－－－－－－－－－,0.0,0.0,0.0,130.0,0.0,160.0,-1470.0,5080.0,yonden
2018,1,2018-01-24,19:00,4930.0,0.0,5720.0,430.0,－－－－－－－－－－,0.0,0.0,0.0,140.0,0.0,140.0,-1500.0,4930.0,yonden
2018,1,2018-01-24,20:00,4750.0,0.0,5690.0,290.0,－－－－－－－－－－,0.0,0.0,0.0,140.0,0.0,70.0,-1440.0,4750.0,yonden
2018,1,2018-01-24,21:00,4450.0,0.0,5570.0,210.0,－－－－－－－－－－,0.0,0.0,0.0,130.0,0.0,0.0,-1460.0,4450.0,yonden
2018,1,2018-01-24,22:00,4080.0,0.0,5310.0,180.0,－－－－－－－－－－,0.0,0.0,0.0,140.0,0.0,0.0,-1550.0,4080.0,yonden
2018,1,2018-01-24,23:00,4040.0,0.0,5200.0,160.0,－－－－－－－－－－,0.0,0.0,0.0,130.0,0.0,0.0,-1450.0,4040.0,yonden
2018,1,2018-01-25,00:00,3950.0,0.0,5320.0,180.0,－－－－－－－－－－,0.0,0.0,0.0,140.0,0.0,0.0,-1690.0,3950.0,yonden
2018,1,2018-01-25,01:00,3970.0,0.0,5310.0,180.0,－－－－－－－－－－,0.0,0.0,0.0,130.0,0.0,0.0,-1650.0,3970.0,yonden
2018,1,2018-01-25,02:00,4030.0,0.0,5340.0,170.0,－－－－－－－－－－,0.0,0.0,0.0,130.0,0.0,0.0,-1610.0,4030.0,yonden
2018,1,2018-01-25,03:00,4030.0,0.0,5320.0,190.0,－－－－－－－－－－,0.0,0.0,0.0,130.0,0.0,0.0,-1610.0,4030.0,yonden
2018,1,2018-01-25,04:00,3960.0,0.0,5270.0,200.0,－－－－－－－－－－,0.0,0.0,0.0,130.0,0.0,0.0,-1640.0,3960.0,yonden
2018,1,2018-01-25,05:00,3920.0,0.0,5220.0,220.0,－－－－－－－－－－,0.0,0.0,0.0,130.0,0.0,0.0,-1650.0,3920.0,yonden
2018,1,2018-01-25,06:00,4170.0,0.0,5310.0,230.0,－－－－－－－－－－,0.0,0.0,0.0,130.0,0.0,0.0,-1500.0,4170.0,yonden
2018,1,2018-01-25,07:00,4400.0,0.0,5430.0,220.0,－－－－－－－－－－,0.0,70.0,0.0,120.0,0.0,0.0,-1440.0,4400.0,yonden
2018,1,2018-01-25,08:00,4700.0,0.0,5530.0,290.0,－－－－－－－－－－,0.0,320.0,0.0,130.0,0.0,0.0,-1570.0,4700.0,yonden
2018,1,2018-01-25,09:00,4620.0,0.0,5170.0,250.0,－－－－－－－－－－,0.0,660.0,0.0,120.0,0.0,0.0,-1580.0,4620.0,yonden
2018,1,2018-01-25,10:00,4490.0,0.0,4870.0,190.0,－－－－－－－－－－,0.0,950.0,0.0,110.0,0.0,0.0,-1630.0,4490.0,yonden
2018,1,2018-01-25,11:00,4390.0,0.0,4550.0,160.0,－－－－－－－－－－,0.0,1160.0,0.0,110.0,0.0,0.0,-1590.0,4390.0,yonden
2018,1,2018-01-25,12:00,4140.0,0.0,4470.0,180.0,－－－－－－－－－－,0.0,1100.0,0.0,120.0,0.0,0.0,-1730.0,4140.0,yonden
2018,1,2018-01-25,13:00,4260.0,0.0,4610.0,160.0,－－－－－－－－－－,0.0,940.0,0.0,120.0,0.0,0.0,-1570.0,4260.0,yonden
2018,1,2018-01-25,14:00,4220.0,0.0,4810.0,170.0,－－－－－－－－－－,0.0,680.0,0.0,130.0,0.0,0.0,-1570.0,4220.0,yonden
2018,1,2018-01-25,15:00,4320.0,0.0,5240.0,200.0,－－－－－－－－－－,0.0,420.0,0.0,130.0,0.0,0.0,-1670.0,4320.0,yonden
2018,1,2018-01-25,16:00,4540.0,0.0,5650.0,240.0,－－－－－－－－－－,0.0,180.0,0.0,130.0,0.0,30.0,-1690.0,4540.0,yonden
2018,1,2018-01-25,17:00,4730.0,0.0,5650.0,410.0,－－－－－－－－－－,0.0,10.0,0.0,130.0,0.0,150.0,-1620.0,4730.0,yonden
2018,1,2018-01-25,18:00,4910.0,0.0,5730.0,490.0,－－－－－－－－－－,0.0,0.0,0.0,130.0,0.0,170.0,-1610.0,4910.0,yonden
2018,1,2018-01-25,19:00,4760.0,0.0,5700.0,450.0,－－－－－－－－－－,0.0,0.0,0.0,130.0,0.0,140.0,-1660.0,4760.0,yonden
2018,1,2018-01-25,20:00,4580.0,0.0,5700.0,300.0,－－－－－－－－－－,0.0,0.0,0.0,120.0,0.0,90.0,-1630.0,4580.0,yonden
2018,1,2018-01-25,21:00,4300.0,0.0,5510.0,220.0,－－－－－－－－－－,0.0,0.0,0.0,130.0,0.0,0.0,-1560.0,4300.0,yonden
2018,1,2018-01-25,22:00,3970.0,0.0,5400.0,170.0,－－－－－－－－－－,0.0,0.0,0.0,120.0,0.0,0.0,-1720.0,3970.0,yonden
2018,1,2018-01-25,23:00,3920.0,0.0,5380.0,170.0,－－－－－－－－－－,0.0,0.0,0.0,120.0,0.0,0.0,-1750.0,3920.0,yonden
2018,1,2018-01-26,00:00,3840.0,0.0,5380.0,170.0,－－－－－－－－－－,0.0,0.0,0.0,120.0,0.0,0.0,-1830.0,3840.0,yonden
2018,1,2018-01-26,01:00,3860.0,0.0,5400.0,170.0,－－－－－－－－－－,0.0,0.0,0.0,120.0,0.0,0.0,-1830.0,3860.0,yonden
2018,1,2018-01-26,02:00,3960.0,0.0,5410.0,170.0,－－－－－－－－－－,0.0,0.0,0.0,120.0,0.0,0.0,-1740.0,3960.0,yonden
2018,1,2018-01-26,03:00,3940.0,0.0,5430.0,190.0,－－－－－－－－－－,0.0,0.0,0.0,120.0,0.0,0.0,-1800.0,3940.0,yonden
2018,1,2018-01-26,04:00,3850.0,0.0,5390.0,190.0,－－－－－－－－－－,0.0,0.0,0.0,120.0,0.0,0.0,-1850.0,3850.0,yonden
2018,1,2018-01-26,05:00,3800.0,0.0,5300.0,200.0,－－－－－－－－－－,0.0,0.0,0.0,130.0,0.0,0.0,-1830.0,3800.0,yonden
2018,1,2018-01-26,06:00,4090.0,0.0,5390.0,220.0,－－－－－－－－－－,0.0,0.0,0.0,130.0,0.0,0.0,-1650.0,4090.0,yonden
2018,1,2018-01-26,07:00,4320.0,0.0,5480.0,210.0,－－－－－－－－－－,0.0,60.0,0.0,130.0,0.0,0.0,-1560.0,4320.0,yonden
2018,1,2018-01-26,08:00,4680.0,0.0,5720.0,290.0,－－－－－－－－－－,0.0,230.0,0.0,130.0,0.0,0.0,-1690.0,4680.0,yonden
2018,1,2018-01-26,09:00,4650.0,0.0,5640.0,220.0,－－－－－－－－－－,0.0,470.0,0.0,140.0,0.0,0.0,-1820.0,4650.0,yonden
2018,1,2018-01-26,10:00,4440.0,0.0,5350.0,190.0,－－－－－－－－－－,0.0,750.0,0.0,130.0,0.0,0.0,-1980.0,4440.0,yonden
2018,1,2018-01-26,11:00,4390.0,0.0,5250.0,200.0,－－－－－－－－－－,0.0,840.0,0.0,140.0,0.0,0.0,-2040.0,4390.0,yonden
2018,1,2018-01-26,12:00,4140.0,0.0,5120.0,190.0,－－－－－－－－－－,0.0,820.0,0.0,130.0,0.0,0.0,-2120.0,4140.0,yonden
2018,1,2018-01-26,13:00,4290.0,0.0,5090.0,190.0,－－－－－－－－－－,0.0,760.0,0.0,130.0,0.0,0.0,-1880.0,4290.0,yonden
2018,1,2018-01-26,14:00,4290.0,0.0,5090.0,200.0,－－－－－－－－－－,0.0,610.0,0.0,140.0,0.0,0.0,-1750.0,4290.0,yonden
2018,1,2018-01-26,15:00,4370.0,0.0,5370.0,210.0,－－－－－－－－－－,0.0,400.0,0.0,130.0,0.0,0.0,-1740.0,4370.0,yonden
2018,1,2018-01-26,16:00,4600.0,0.0,5700.0,260.0,－－－－－－－－－－,0.0,180.0,0.0,140.0,0.0,0.0,-1680.0,4600.0,yonden
2018,1,2018-01-26,17:00,4780.0,0.0,5690.0,410.0,－－－－－－－－－－,0.0,10.0,0.0,140.0,0.0,100.0,-1570.0,4780.0,yonden
2018,1,2018-01-26,18:00,4870.0,0.0,5600.0,510.0,－－－－－－－－－－,0.0,0.0,0.0,140.0,0.0,140.0,-1520.0,4870.0,yonden
2018,1,2018-01-26,19:00,4710.0,0.0,5590.0,400.0,－－－－－－－－－－,0.0,0.0,0.0,140.0,0.0,140.0,-1560.0,4710.0,yonden
2018,1,2018-01-26,20:00,4540.0,0.0,5500.0,330.0,－－－－－－－－－－,0.0,0.0,0.0,140.0,0.0,150.0,-1580.0,4540.0,yonden
2018,1,2018-01-26,21:00,4270.0,0.0,5120.0,260.0,－－－－－－－－－－,0.0,0.0,0.0,150.0,0.0,80.0,-1340.0,4270.0,yonden
2018,1,2018-01-26,22:00,3940.0,0.0,4170.0,220.0,－－－－－－－－－－,0.0,0.0,0.0,140.0,0.0,0.0,-590.0,3940.0,yonden
2018,1,2018-01-26,23:00,3920.0,0.0,3810.0,220.0,－－－－－－－－－－,0.0,0.0,0.0,140.0,0.0,0.0,-250.0,3920.0,yonden
2018,1,2018-01-27,00:00,3870.0,0.0,3560.0,200.0,－－－－－－－－－－,0.0,0.0,0.0,130.0,0.0,0.0,-20.0,3870.0,yonden
2018,1,2018-01-27,01:00,3910.0,0.0,3600.0,200.0,－－－－－－－－－－,0.0,0.0,0.0,130.0,0.0,0.0,-20.0,3910.0,yonden
2018,1,2018-01-27,02:00,3990.0,0.0,3580.0,220.0,－－－－－－－－－－,0.0,0.0,0.0,130.0,0.0,0.0,60.0,3990.0,yonden
2018,1,2018-01-27,03:00,3960.0,0.0,3510.0,240.0,－－－－－－－－－－,0.0,0.0,0.0,120.0,0.0,0.0,90.0,3960.0,yonden
2018,1,2018-01-27,04:00,3850.0,0.0,3490.0,230.0,－－－－－－－－－－,0.0,0.0,0.0,110.0,0.0,0.0,20.0,3850.0,yonden
2018,1,2018-01-27,05:00,3720.0,0.0,3500.0,230.0,－－－－－－－－－－,0.0,0.0,0.0,80.0,0.0,0.0,-90.0,3720.0,yonden
2018,1,2018-01-27,06:00,3770.0,0.0,3490.0,230.0,－－－－－－－－－－,0.0,0.0,0.0,80.0,0.0,0.0,-30.0,3770.0,yonden
2018,1,2018-01-27,07:00,3950.0,0.0,3500.0,210.0,－－－－－－－－－－,0.0,90.0,0.0,80.0,0.0,120.0,-50.0,3950.0,yonden
2018,1,2018-01-27,08:00,4190.0,0.0,3470.0,210.0,－－－－－－－－－－,0.0,350.0,0.0,80.0,0.0,100.0,-20.0,4190.0,yonden
2018,1,2018-01-27,09:00,4070.0,0.0,3230.0,180.0,－－－－－－－－－－,0.0,720.0,0.0,70.0,0.0,0.0,-130.0,4070.0,yonden
2018,1,2018-01-27,10:00,3910.0,0.0,2940.0,150.0,－－－－－－－－－－,0.0,1050.0,0.0,50.0,0.0,0.0,-280.0,3910.0,yonden
2018,1,2018-01-27,11:00,3810.0,0.0,2950.0,150.0,－－－－－－－－－－,0.0,1160.0,0.0,40.0,0.0,0.0,-490.0,3810.0,yonden
2018,1,2018-01-27,12:00,3620.0,0.0,2730.0,160.0,－－－－－－－－－－,0.0,1160.0,0.0,40.0,0.0,0.0,-470.0,3620.0,yonden
2018,1,2018-01-27,13:00,3600.0,0.0,2860.0,150.0,－－－－－－－－－－,0.0,1050.0,0.0,50.0,0.0,0.0,-510.0,3600.0,yonden
2018,1,2018-01-27,14:00,3530.0,0.0,2950.0,140.0,－－－－－－－－－－,0.0,820.0,0.0,60.0,0.0,0.0,-440.0,3530.0,yonden
2018,1,2018-01-27,15:00,3560.0,0.0,2900.0,190.0,－－－－－－－－－－,0.0,570.0,0.0,50.0,0.0,0.0,-150.0,3560.0,yonden
2018,1,2018-01-27,16:00,3740.0,0.0,3110.0,260.0,－－－－－－－－－－,0.0,270.0,0.0,40.0,0.0,0.0,60.0,3740.0,yonden
2018,1,2018-01-27,17:00,4010.0,0.0,3430.0,400.0,－－－－－－－－－－,0.0,10.0,0.0,40.0,0.0,0.0,130.0,4010.0,yonden
2018,1,2018-01-27,18:00,4220.0,0.0,3550.0,460.0,－－－－－－－－－－,0.0,0.0,0.0,40.0,0.0,0.0,170.0,4220.0,yonden
2018,1,2018-01-27,19:00,4180.0,0.0,3570.0,450.0,－－－－－－－－－－,0.0,0.0,0.0,30.0,0.0,10.0,120.0,4180.0,yonden
2018,1,2018-01-27,20:00,4080.0,0.0,3570.0,290.0,－－－－－－－－－－,0.0,0.0,0.0,10.0,0.0,140.0,70.0,4080.0,yonden
2018,1,2018-01-27,21:00,3890.0,0.0,3580.0,250.0,－－－－－－－－－－,0.0,0.0,0.0,0.0,0.0,60.0,0.0,3890.0,yonden
2018,1,2018-01-27,22:00,3590.0,0.0,3320.0,170.0,－－－－－－－－－－,0.0,0.0,0.0,0.0,0.0,0.0,100.0,3590.0,yonden
2018,1,2018-01-27,23:00,3610.0,0.0,3390.0,170.0,－－－－－－－－－－,0.0,0.0,0.0,0.0,0.0,0.0,50.0,3610.0,yonden
2018,1,2018-01-28,00:00,3570.0,0.0,3170.0,160.0,－－－－－－－－－－,0.0,0.0,0.0,10.0,0.0,0.0,230.0,3570.0,yonden
2018,1,2018-01-28,01:00,3640.0,0.0,3130.0,150.0,－－－－－－－－－－,0.0,0.0,0.0,10.0,0.0,0.0,350.0,3640.0,yonden
2018,1,2018-01-28,02:00,3760.0,0.0,3180.0,160.0,－－－－－－－－－－,0.0,0.0,0.0,0.0,0.0,0.0,420.0,3760.0,yonden
2018,1,2018-01-28,03:00,3740.0,0.0,3200.0,170.0,－－－－－－－－－－,0.0,0.0,0.0,0.0,0.0,0.0,370.0,3740.0,yonden
2018,1,2018-01-28,04:00,3620.0,0.0,3130.0,160.0,－－－－－－－－－－,0.0,0.0,0.0,10.0,0.0,0.0,320.0,3620.0,yonden
2018,1,2018-01-28,05:00,3420.0,0.0,3110.0,160.0,－－－－－－－－－－,0.0,0.0,0.0,0.0,0.0,0.0,150.0,3420.0,yonden
2018,1,2018-01-28,06:00,3310.0,0.0,3080.0,170.0,－－－－－－－－－－,0.0,0.0,0.0,0.0,0.0,0.0,60.0,3310.0,yonden
2018,1,2018-01-28,07:00,3420.0,0.0,3170.0,170.0,－－－－－－－－－－,0.0,40.0,0.0,0.0,0.0,0.0,40.0,3420.0,yonden
2018,1,2018-01-28,08:00,3690.0,0.0,3240.0,240.0,－－－－－－－－－－,0.0,150.0,0.0,10.0,0.0,0.0,50.0,3690.0,yonden
2018,1,2018-01-28,09:00,3840.0,0.0,3230.0,270.0,－－－－－－－－－－,0.0,160.0,0.0,10.0,0.0,0.0,170.0,3840.0,yonden
2018,1,2018-01-28,10:00,3780.0,0.0,3250.0,170.0,－－－－－－－－－－,0.0,160.0,0.0,0.0,0.0,0.0,200.0,3780.0,yonden
2018,1,2018-01-28,11:00,3690.0,0.0,3130.0,160.0,－－－－－－－－－－,0.0,210.0,0.0,0.0,0.0,0.0,190.0,3690.0,yonden
2018,1,2018-01-28,12:00,3640.0,0.0,3170.0,160.0,－－－－－－－－－－,0.0,200.0,0.0,0.0,0.0,-50.0,160.0,3640.0,yonden
2018,1,2018-01-28,13:00,3560.0,0.0,3150.0,150.0,－－－－－－－－－－,0.0,370.0,0.0,10.0,0.0,-300.0,180.0,3560.0,yonden
2018,1,2018-01-28,14:00,3470.0,0.0,2980.0,150.0,－－－－－－－－－－,0.0,410.0,0.0,10.0,0.0,-300.0,220.0,3470.0,yonden
2018,1,2018-01-28,15:00,3450.0,0.0,3220.0,180.0,－－－－－－－－－－,0.0,190.0,0.0,10.0,0.0,-300.0,150.0,3450.0,yonden
2018,1,2018-01-28,16:00,3600.0,0.0,3410.0,200.0,－－－－－－－－－－,0.0,70.0,0.0,10.0,0.0,-150.0,60.0,3600.0,yonden
2018,1,2018-01-28,17:00,3900.0,0.0,3550.0,280.0,－－－－－－－－－－,0.0,0.0,0.0,30.0,0.0,0.0,40.0,3900.0,yonden
2018,1,2018-01-28,18:00,4030.0,0.0,3610.0,360.0,－－－－－－－－－－,0.0,0.0,0.0,50.0,0.0,0.0,10.0,4030.0,yonden
2018,1,2018-01-28,19:00,3970.0,0.0,3770.0,330.0,－－－－－－－－－－,0.0,0.0,0.0,70.0,0.0,0.0,-200.0,3970.0,yonden
2018,1,2018-01-28,20:00,3850.0,0.0,4100.0,250.0,－－－－－－－－－－,10.0,0.0,0.0,90.0,0.0,0.0,-600.0,3850.0,yonden
2018,1,2018-01-28,21:00,3630.0,0.0,4270.0,160.0,－－－－－－－－－－,0.0,0.0,0.0,100.0,0.0,0.0,-900.0,3630.0,yonden
2018,1,2018-01-28,22:00,3320.0,0.0,3830.0,160.0,－－－－－－－－－－,0.0,0.0,0.0,110.0,0.0,0.0,-780.0,3320.0,yonden
2018,1,2018-01-28,23:00,3230.0,0.0,3730.0,160.0,－－－－－－－－－－,0.0,0.0,0.0,100.0,0.0,0.0,-760.0,3230.0,yonden
2018,1,2018-01-29,00:00,3200.0,0.0,3710.0,190.0,－－－－－－－－－－,10.0,0.0,0.0,90.0,0.0,0.0,-800.0,3200.0,yonden
2018,1,2018-01-29,01:00,3320.0,0.0,3770.0,190.0,－－－－－－－－－－,10.0,0.0,0.0,100.0,0.0,-150.0,-600.0,3320.0,yonden
2018,1,2018-01-29,02:00,3540.0,0.0,3860.0,210.0,－－－－－－－－－－,10.0,0.0,0.0,100.0,0.0,-300.0,-340.0,3540.0,yonden
2018,1,2018-01-29,03:00,3610.0,0.0,3890.0,230.0,－－－－－－－－－－,0.0,0.0,0.0,100.0,0.0,-300.0,-310.0,3610.0,yonden
2018,1,2018-01-29,04:00,3540.0,0.0,3860.0,210.0,－－－－－－－－－－,10.0,0.0,0.0,120.0,0.0,-300.0,-360.0,3540.0,yonden
2018,1,2018-01-29,05:00,3530.0,0.0,3960.0,250.0,－－－－－－－－－－,0.0,0.0,0.0,130.0,0.0,-300.0,-510.0,3530.0,yonden
2018,1,2018-01-29,06:00,3760.0,0.0,4560.0,230.0,－－－－－－－－－－,0.0,0.0,0.0,120.0,0.0,0.0,-1150.0,3760.0,yonden
2018,1,2018-01-29,07:00,4010.0,0.0,5030.0,290.0,－－－－－－－－－－,0.0,60.0,0.0,120.0,0.0,0.0,-1490.0,4010.0,yonden
2018,1,2018-01-29,08:00,4450.0,0.0,5210.0,360.0,－－－－－－－－－－,10.0,180.0,0.0,130.0,0.0,0.0,-1440.0,4450.0,yonden
2018,1,2018-01-29,09:00,4510.0,0.0,5210.0,340.0,－－－－－－－－－－,10.0,340.0,0.0,120.0,0.0,0.0,-1510.0,4510.0,yonden
2018,1,2018-01-29,10:00,4370.0,0.0,4920.0,240.0,－－－－－－－－－－,10.0,540.0,0.0,120.0,0.0,0.0,-1460.0,4370.0,yonden
2018,1,2018-01-29,11:00,4260.0,0.0,4690.0,220.0,－－－－－－－－－－,10.0,600.0,0.0,130.0,0.0,0.0,-1390.0,4260.0,yonden
2018,1,2018-01-29,12:00,3980.0,0.0,4250.0,220.0,－－－－－－－－－－,10.0,720.0,0.0,140.0,0.0,0.0,-1360.0,3980.0,yonden
2018,1,2018-01-29,13:00,4130.0,0.0,4250.0,220.0,－－－－－－－－－－,10.0,730.0,0.0,140.0,0.0,0.0,-1220.0,4130.0,yonden
2018,1,2018-01-29,14:00,4120.0,0.0,4270.0,210.0,－－－－－－－－－－,10.0,630.0,0.0,140.0,0.0,0.0,-1140.0,4120.0,yonden
2018,1,2018-01-29,15:00,4190.0,0.0,4590.0,220.0,－－－－－－－－－－,10.0,450.0,0.0,140.0,0.0,0.0,-1220.0,4190.0,yonden
2018,1,2018-01-29,16:00,4400.0,0.0,5140.0,310.0,－－－－－－－－－－,10.0,200.0,0.0,150.0,0.0,0.0,-1410.0,4400.0,yonden
2018,1,2018-01-29,17:00,4590.0,0.0,5300.0,420.0,－－－－－－－－－－,10.0,10.0,0.0,150.0,0.0,0.0,-1300.0,4590.0,yonden
2018,1,2018-01-29,18:00,4750.0,0.0,5310.0,550.0,－－－－－－－－－－,10.0,0.0,0.0,140.0,0.0,0.0,-1260.0,4750.0,yonden
2018,1,2018-01-29,19:00,4630.0,0.0,5310.0,490.0,－－－－－－－－－－,10.0,0.0,0.0,150.0,0.0,0.0,-1330.0,4630.0,yonden
2018,1,2018-01-29,20:00,4460.0,0.0,5250.0,430.0,－－－－－－－－－－,10.0,0.0,0.0,150.0,0.0,0.0,-1380.0,4460.0,yonden
2018,1,2018-01-29,21:00,4190.0,0.0,5130.0,320.0,－－－－－－－－－－,10.0,0.0,0.0,150.0,0.0,0.0,-1420.0,4190.0,yonden
2018,1,2018-01-29,22:00,3830.0,0.0,4850.0,250.0,－－－－－－－－－－,10.0,0.0,0.0,140.0,0.0,0.0,-1420.0,3830.0,yonden
2018,1,2018-01-29,23:00,3770.0,0.0,4740.0,200.0,－－－－－－－－－－,10.0,0.0,0.0,120.0,0.0,0.0,-1300.0,3770.0,yonden
2018,1,2018-01-30,00:00,3730.0,0.0,4730.0,180.0,－－－－－－－－－－,10.0,0.0,0.0,110.0,0.0,0.0,-1300.0,3730.0,yonden
2018,1,2018-01-30,01:00,3780.0,0.0,4690.0,200.0,－－－－－－－－－－,10.0,0.0,0.0,100.0,0.0,0.0,-1220.0,3780.0,yonden
2018,1,2018-01-30,02:00,3870.0,0.0,4700.0,220.0,－－－－－－－－－－,10.0,0.0,0.0,90.0,0.0,0.0,-1150.0,3870.0,yonden
2018,1,2018-01-30,03:00,3840.0,0.0,4550.0,240.0,－－－－－－－－－－,10.0,0.0,0.0,100.0,0.0,0.0,-1060.0,3840.0,yonden
2018,1,2018-01-30,04:00,3760.0,0.0,4470.0,240.0,－－－－－－－－－－,10.0,0.0,0.0,110.0,0.0,0.0,-1070.0,3760.0,yonden
2018,1,2018-01-30,05:00,3720.0,0.0,4480.0,280.0,－－－－－－－－－－,10.0,0.0,0.0,120.0,0.0,0.0,-1170.0,3720.0,yonden
2018,1,2018-01-30,06:00,4020.0,0.0,4930.0,300.0,－－－－－－－－－－,10.0,0.0,0.0,120.0,0.0,0.0,-1340.0,4020.0,yonden
2018,1,2018-01-30,07:00,4310.0,0.0,5120.0,320.0,－－－－－－－－－－,10.0,90.0,0.0,110.0,0.0,0.0,-1340.0,4310.0,yonden
2018,1,2018-01-30,08:00,4610.0,0.0,5170.0,360.0,－－－－－－－－－－,10.0,350.0,0.0,110.0,0.0,0.0,-1390.0,4610.0,yonden
2018,1,2018-01-30,09:00,4530.0,0.0,4920.0,320.0,－－－－－－－－－－,10.0,670.0,0.0,100.0,0.0,0.0,-1490.0,4530.0,yonden
2018,1,2018-01-30,10:00,4380.0,0.0,4560.0,270.0,－－－－－－－－－－,10.0,950.0,0.0,100.0,0.0,0.0,-1510.0,4380.0,yonden
2018,1,2018-01-30,11:00,4270.0,0.0,4380.0,230.0,－－－－－－－－－－,10.0,1060.0,0.0,80.0,0.0,0.0,-1490.0,4270.0,yonden
2018,1,2018-01-30,12:00,4010.0,0.0,4340.0,190.0,－－－－－－－－－－,10.0,1030.0,0.0,90.0,0.0,-300.0,-1350.0,4010.0,yonden
2018,1,2018-01-30,13:00,4130.0,0.0,4120.0,210.0,－－－－－－－－－－,10.0,1030.0,0.0,90.0,0.0,-20.0,-1310.0,4130.0,yonden
2018,1,2018-01-30,14:00,4120.0,0.0,4100.0,220.0,－－－－－－－－－－,10.0,910.0,0.0,110.0,0.0,0.0,-1230.0,4120.0,yonden
2018,1,2018-01-30,15:00,4140.0,0.0,4550.0,250.0,－－－－－－－－－－,10.0,580.0,0.0,110.0,0.0,0.0,-1360.0,4140.0,yonden
2018,1,2018-01-30,16:00,4350.0,0.0,5120.0,310.0,－－－－－－－－－－,10.0,260.0,0.0,120.0,0.0,0.0,-1470.0,4350.0,yonden
2018,1,2018-01-30,17:00,4550.0,0.0,5280.0,460.0,－－－－－－－－－－,10.0,20.0,0.0,120.0,0.0,20.0,-1360.0,4550.0,yonden
2018,1,2018-01-30,18:00,4730.0,0.0,5250.0,520.0,－－－－－－－－－－,10.0,0.0,0.0,120.0,0.0,140.0,-1310.0,4730.0,yonden
2018,1,2018-01-30,19:00,4610.0,0.0,5250.0,520.0,－－－－－－－－－－,10.0,0.0,0.0,110.0,0.0,90.0,-1370.0,4610.0,yonden
2018,1,2018-01-30,20:00,4420.0,0.0,5250.0,420.0,－－－－－－－－－－,10.0,0.0,0.0,100.0,0.0,0.0,-1360.0,4420.0,yonden
2018,1,2018-01-30,21:00,4140.0,0.0,5110.0,330.0,－－－－－－－－－－,10.0,0.0,0.0,90.0,0.0,0.0,-1400.0,4140.0,yonden
2018,1,2018-01-30,22:00,3830.0,0.0,4800.0,220.0,－－－－－－－－－－,10.0,0.0,0.0,70.0,0.0,0.0,-1270.0,3830.0,yonden
2018,1,2018-01-30,23:00,3810.0,0.0,4750.0,210.0,－－－－－－－－－－,10.0,0.0,0.0,50.0,0.0,0.0,-1210.0,3810.0,yonden
2018,1,2018-01-31,00:00,3750.0,0.0,4590.0,170.0,－－－－－－－－－－,10.0,0.0,0.0,60.0,0.0,0.0,-1080.0,3750.0,yonden
2018,1,2018-01-31,01:00,3810.0,0.0,4620.0,160.0,－－－－－－－－－－,10.0,0.0,0.0,60.0,0.0,0.0,-1040.0,3810.0,yonden
2018,1,2018-01-31,02:00,3920.0,0.0,4790.0,200.0,－－－－－－－－－－,10.0,0.0,0.0,60.0,0.0,0.0,-1140.0,3920.0,yonden
2018,1,2018-01-31,03:00,3920.0,0.0,4810.0,240.0,－－－－－－－－－－,10.0,0.0,0.0,70.0,0.0,0.0,-1210.0,3920.0,yonden
2018,1,2018-01-31,04:00,3870.0,0.0,4810.0,250.0,－－－－－－－－－－,10.0,0.0,0.0,60.0,0.0,0.0,-1260.0,3870.0,yonden
2018,1,2018-01-31,05:00,3820.0,0.0,4830.0,250.0,－－－－－－－－－－,10.0,0.0,0.0,60.0,0.0,0.0,-1330.0,3820.0,yonden
2018,1,2018-01-31,06:00,4100.0,0.0,5090.0,290.0,－－－－－－－－－－,10.0,0.0,0.0,70.0,0.0,0.0,-1360.0,4100.0,yonden
2018,1,2018-01-31,07:00,4300.0,0.0,5200.0,370.0,－－－－－－－－－－,10.0,90.0,0.0,50.0,0.0,0.0,-1420.0,4300.0,yonden
2018,1,2018-01-31,08:00,4550.0,0.0,5130.0,340.0,－－－－－－－－－－,10.0,340.0,0.0,40.0,0.0,0.0,-1310.0,4550.0,yonden
2018,1,2018-01-31,09:00,4440.0,0.0,4880.0,330.0,－－－－－－－－－－,10.0,700.0,0.0,20.0,0.0,0.0,-1500.0,4440.0,yonden
2018,1,2018-01-31,10:00,4220.0,0.0,4380.0,250.0,－－－－－－－－－－,10.0,1040.0,0.0,20.0,0.0,0.0,-1480.0,4220.0,yonden
2018,1,2018-01-31,11:00,4190.0,0.0,4250.0,200.0,－－－－－－－－－－,10.0,1100.0,0.0,40.0,0.0,0.0,-1410.0,4190.0,yonden
2018,1,2018-01-31,12:00,3960.0,0.0,4200.0,200.0,－－－－－－－－－－,10.0,900.0,0.0,30.0,0.0,0.0,-1380.0,3960.0,yonden
2018,1,2018-01-31,13:00,3970.0,0.0,4240.0,200.0,－－－－－－－－－－,10.0,950.0,0.0,10.0,0.0,0.0,-1440.0,3970.0,yonden
2018,1,2018-01-31,14:00,3970.0,0.0,4240.0,200.0,－－－－－－－－－－,10.0,890.0,0.0,10.0,0.0,0.0,-1380.0,3970.0,yonden
2018,1,2018-01-31,15:00,3940.0,0.0,4500.0,210.0,－－－－－－－－－－,10.0,590.0,0.0,10.0,0.0,0.0,-1380.0,3940.0,yonden
2018,1,2018-01-31,16:00,4140.0,0.0,4910.0,330.0,－－－－－－－－－－,10.0,300.0,0.0,10.0,0.0,0.0,-1420.0,4140.0,yonden
2018,1,2018-01-31,17:00,4330.0,0.0,5170.0,420.0,－－－－－－－－－－,10.0,20.0,0.0,20.0,0.0,0.0,-1310.0,4330.0,yonden
2018,1,2018-01-31,18:00,4540.0,0.0,5250.0,530.0,－－－－－－－－－－,10.0,0.0,0.0,30.0,0.0,0.0,-1280.0,4540.0,yonden
2018,1,2018-01-31,19:00,4460.0,0.0,5280.0,510.0,－－－－－－－－－－,10.0,0.0,0.0,20.0,0.0,0.0,-1360.0,4460.0,yonden
2018,1,2018-01-31,20:00,4320.0,0.0,5270.0,430.0,－－－－－－－－－－,10.0,0.0,0.0,20.0,0.0,0.0,-1410.0,4320.0,yonden
2018,1,2018-01-31,21:00,4060.0,0.0,5250.0,320.0,－－－－－－－－－－,10.0,0.0,0.0,20.0,0.0,0.0,-1540.0,4060.0,yonden
2018,1,2018-01-31,22:00,3710.0,0.0,4900.0,190.0,－－－－－－－－－－,10.0,0.0,0.0,10.0,0.0,0.0,-1400.0,3710.0,yonden
2018,1,2018-01-31,23:00,3630.0,0.0,4760.0,190.0,－－－－－－－－－－,10.0,0.0,0.0,10.0,0.0,0.0,-1340.0,3630.0,yonden
2018,2,2018-02-01,00:00,3550.0,0.0,4680.0,170.0,－－－－－－－－－－,10.0,0.0,0.0,10.0,0.0,0.0,-1320.0,3550.0,yonden
2018,2,2018-02-01,01:00,3600.0,0.0,4720.0,160.0,－－－－－－－－－－,10.0,0.0,0.0,20.0,0.0,0.0,-1310.0,3600.0,yonden
2018,2,2018-02-01,02:00,3720.0,0.0,4690.0,190.0,－－－－－－－－－－,10.0,0.0,0.0,20.0,0.0,0.0,-1190.0,3720.0,yonden
2018,2,2018-02-01,03:00,3740.0,0.0,4640.0,240.0,－－－－－－－－－－,10.0,0.0,0.0,20.0,0.0,0.0,-1170.0,3740.0,yonden
2018,2,2018-02-01,04:00,3680.0,0.0,4610.0,240.0,－－－－－－－－－－,10.0,0.0,0.0,30.0,0.0,0.0,-1210.0,3680.0,yonden
2018,2,2018-02-01,05:00,3620.0,0.0,4630.0,240.0,－－－－－－－－－－,10.0,0.0,0.0,30.0,0.0,0.0,-1290.0,3620.0,yonden
2018,2,2018-02-01,06:00,3880.0,0.0,4870.0,260.0,－－－－－－－－－－,10.0,0.0,0.0,30.0,0.0,0.0,-1290.0,3880.0,yonden
2018,2,2018-02-01,07:00,4160.0,0.0,5230.0,330.0,－－－－－－－－－－,10.0,20.0,0.0,20.0,0.0,0.0,-1450.0,4160.0,yonden
2018,2,2018-02-01,08:00,4680.0,0.0,5290.0,400.0,－－－－－－－－－－,10.0,50.0,0.0,20.0,0.0,110.0,-1200.0,4680.0,yonden
2018,2,2018-02-01,09:00,4860.0,0.0,5300.0,380.0,－－－－－－－－－－,10.0,90.0,0.0,20.0,0.0,240.0,-1180.0,4860.0,yonden
2018,2,2018-02-01,10:00,4780.0,0.0,5280.0,340.0,－－－－－－－－－－,10.0,140.0,0.0,20.0,0.0,140.0,-1150.0,4780.0,yonden
2018,2,2018-02-01,11:00,4720.0,0.0,5250.0,320.0,－－－－－－－－－－,10.0,180.0,0.0,20.0,0.0,50.0,-1110.0,4720.0,yonden
2018,2,2018-02-01,12:00,4460.0,0.0,5110.0,280.0,－－－－－－－－－－,10.0,170.0,0.0,30.0,0.0,0.0,-1140.0,4460.0,yonden
2018,2,2018-02-01,13:00,4580.0,0.0,5200.0,280.0,－－－－－－－－－－,10.0,140.0,0.0,50.0,0.0,0.0,-1100.0,4580.0,yonden
2018,2,2018-02-01,14:00,4540.0,0.0,5150.0,300.0,－－－－－－－－－－,10.0,120.0,0.0,60.0,0.0,0.0,-1100.0,4540.0,yonden
2018,2,2018-02-01,15:00,4490.0,0.0,5210.0,310.0,－－－－－－－－－－,10.0,100.0,0.0,60.0,0.0,0.0,-1200.0,4490.0,yonden
2018,2,2018-02-01,16:00,4580.0,0.0,5260.0,350.0,－－－－－－－－－－,10.0,70.0,0.0,60.0,0.0,150.0,-1320.0,4580.0,yonden
2018,2,2018-02-01,17:00,4670.0,0.0,5270.0,420.0,－－－－－－－－－－,10.0,10.0,0.0,70.0,0.0,170.0,-1280.0,4670.0,yonden
2018,2,2018-02-01,18:00,4780.0,0.0,5280.0,500.0,－－－－－－－－－－,10.0,0.0,0.0,70.0,0.0,180.0,-1260.0,4780.0,yonden
2018,2,2018-02-01,19:00,4630.0,0.0,5280.0,450.0,－－－－－－－－－－,10.0,0.0,0.0,70.0,0.0,150.0,-1330.0,4630.0,yonden
2018,2,2018-02-01,20:00,4470.0,0.0,5240.0,350.0,－－－－－－－－－－,10.0,0.0,0.0,70.0,0.0,140.0,-1340.0,4470.0,yonden
2018,2,2018-02-01,21:00,4210.0,0.0,5190.0,250.0,－－－－－－－－－－,10.0,0.0,0.0,60.0,0.0,30.0,-1330.0,4210.0,yonden
2018,2,2018-02-01,22:00,3860.0,0.0,4940.0,180.0,－－－－－－－－－－,10.0,0.0,0.0,50.0,0.0,0.0,-1320.0,3860.0,yonden
2018,2,2018-02-01,23:00,3790.0,0.0,4800.0,170.0,－－－－－－－－－－,10.0,0.0,0.0,60.0,0.0,0.0,-1250.0,3790.0,yonden
2018,2,2018-02-02,00:00,3730.0,0.0,4830.0,160.0,－－－－－－－－－－,10.0,0.0,0.0,80.0,0.0,0.0,-1350.0,3730.0,yonden
2018,2,2018-02-02,01:00,3790.0,0.0,4840.0,170.0,－－－－－－－－－－,10.0,0.0,0.0,60.0,0.0,0.0,-1290.0,3790.0,yonden
2018,2,2018-02-02,02:00,3930.0,0.0,4960.0,210.0,－－－－－－－－－－,10.0,0.0,0.0,50.0,0.0,0.0,-1300.0,3930.0,yonden
2018,2,2018-02-02,03:00,3930.0,0.0,4900.0,240.0,－－－－－－－－－－,10.0,0.0,0.0,40.0,0.0,0.0,-1260.0,3930.0,yonden
2018,2,2018-02-02,04:00,3900.0,0.0,4890.0,250.0,－－－－－－－－－－,10.0,0.0,0.0,60.0,0.0,0.0,-1310.0,3900.0,yonden
2018,2,2018-02-02,05:00,3870.0,0.0,4920.0,220.0,－－－－－－－－－－,10.0,0.0,0.0,60.0,0.0,0.0,-1340.0,3870.0,yonden
2018,2,2018-02-02,06:00,4120.0,0.0,5180.0,260.0,－－－－－－－－－－,10.0,0.0,0.0,60.0,0.0,0.0,-1390.0,4120.0,yonden
2018,2,2018-02-02,07:00,4270.0,0.0,5230.0,270.0,－－－－－－－－－－,10.0,90.0,0.0,40.0,0.0,120.0,-1490.0,4270.0,yonden
2018,2,2018-02-02,08:00,4540.0,0.0,5240.0,290.0,－－－－－－－－－－,10.0,310.0,0.0,30.0,0.0,140.0,-1480.0,4540.0,yonden
2018,2,2018-02-02,09:00,4540.0,0.0,5140.0,270.0,－－－－－－－－－－,10.0,650.0,0.0,20.0,0.0,20.0,-1570.0,4540.0,yonden
2018,2,2018-02-02,10:00,4380.0,0.0,4800.0,220.0,－－－－－－－－－－,10.0,890.0,0.0,20.0,0.0,0.0,-1560.0,4380.0,yonden
2018,2,2018-02-02,11:00,4330.0,0.0,4900.0,220.0,－－－－－－－－－－,10.0,900.0,0.0,30.0,0.0,0.0,-1730.0,4330.0,yonden
2018,2,2018-02-02,12:00,4030.0,0.0,4840.0,180.0,－－－－－－－－－－,10.0,790.0,0.0,30.0,0.0,0.0,-1820.0,4030.0,yonden
2018,2,2018-02-02,13:00,4050.0,0.0,4810.0,210.0,－－－－－－－－－－,10.0,700.0,0.0,20.0,0.0,0.0,-1700.0,4050.0,yonden
2018,2,2018-02-02,14:00,4010.0,0.0,4660.0,220.0,－－－－－－－－－－,10.0,720.0,0.0,20.0,0.0,-140.0,-1480.0,4010.0,yonden
2018,2,2018-02-02,15:00,3970.0,0.0,4740.0,250.0,－－－－－－－－－－,10.0,450.0,0.0,20.0,0.0,-140.0,-1360.0,3970.0,yonden
2018,2,2018-02-02,16:00,4090.0,0.0,5090.0,300.0,－－－－－－－－－－,10.0,190.0,0.0,20.0,0.0,0.0,-1520.0,4090.0,yonden
2018,2,2018-02-02,17:00,4290.0,0.0,5250.0,420.0,－－－－－－－－－－,10.0,10.0,0.0,20.0,0.0,80.0,-1500.0,4290.0,yonden
2018,2,2018-02-02,18:00,4450.0,0.0,5260.0,490.0,－－－－－－－－－－,10.0,0.0,0.0,20.0,0.0,140.0,-1470.0,4450.0,yonden
2018,2,2018-02-02,19:00,4350.0,0.0,5280.0,490.0,－－－－－－－－－－,10.0,0.0,0.0,20.0,0.0,70.0,-1520.0,4350.0,yonden
2018,2,2018-02-02,20:00,4220.0,0.0,5270.0,400.0,－－－－－－－－－－,10.0,0.0,0.0,20.0,0.0,0.0,-1480.0,4220.0,yonden
2018,2,2018-02-02,21:00,3980.0,0.0,5100.0,240.0,－－－－－－－－－－,10.0,0.0,0.0,30.0,0.0,0.0,-1400.0,3980.0,yonden
2018,2,2018-02-02,22:00,3690.0,0.0,4730.0,200.0,－－－－－－－－－－,10.0,0.0,0.0,40.0,0.0,0.0,-1290.0,3690.0,yonden
2018,2,2018-02-02,23:00,3640.0,0.0,4710.0,140.0,－－－－－－－－－－,10.0,0.0,0.0,50.0,0.0,0.0,-1270.0,3640.0,yonden
2018,2,2018-02-03,00:00,3580.0,0.0,4700.0,130.0,－－－－－－－－－－,10.0,0.0,0.0,60.0,0.0,0.0,-1320.0,3580.0,yonden
2018,2,2018-02-03,01:00,3630.0,0.0,4720.0,120.0,－－－－－－－－－－,10.0,0.0,0.0,70.0,0.0,0.0,-1290.0,3630.0,yonden
2018,2,2018-02-03,02:00,3730.0,0.0,4680.0,140.0,－－－－－－－－－－,10.0,0.0,0.0,100.0,0.0,0.0,-1200.0,3730.0,yonden
2018,2,2018-02-03,03:00,3730.0,0.0,4620.0,180.0,－－－－－－－－－－,10.0,0.0,0.0,120.0,0.0,0.0,-1200.0,3730.0,yonden
2018,2,2018-02-03,04:00,3640.0,0.0,4580.0,190.0,－－－－－－－－－－,10.0,0.0,0.0,120.0,0.0,0.0,-1260.0,3640.0,yonden
2018,2,2018-02-03,05:00,3480.0,0.0,4530.0,180.0,－－－－－－－－－－,10.0,0.0,0.0,100.0,0.0,0.0,-1340.0,3480.0,yonden
2018,2,2018-02-03,06:00,3480.0,0.0,4490.0,180.0,－－－－－－－－－－,10.0,0.0,0.0,110.0,0.0,0.0,-1310.0,3480.0,yonden
2018,2,2018-02-03,07:00,3630.0,0.0,4490.0,160.0,－－－－－－－－－－,10.0,60.0,0.0,120.0,0.0,0.0,-1210.0,3630.0,yonden
2018,2,2018-02-03,08:00,3940.0,0.0,4680.0,180.0,－－－－－－－－－－,10.0,220.0,0.0,110.0,0.0,0.0,-1260.0,3940.0,yonden
2018,2,2018-02-03,09:00,3930.0,0.0,4470.0,130.0,－－－－－－－－－－,10.0,430.0,0.0,110.0,0.0,0.0,-1220.0,3930.0,yonden
2018,2,2018-02-03,10:00,3830.0,0.0,4290.0,130.0,－－－－－－－－－－,10.0,700.0,0.0,110.0,0.0,-210.0,-1200.0,3830.0,yonden
2018,2,2018-02-03,11:00,3700.0,0.0,4180.0,130.0,－－－－－－－－－－,10.0,800.0,0.0,110.0,0.0,-300.0,-1230.0,3700.0,yonden
2018,2,2018-02-03,12:00,3520.0,0.0,4310.0,150.0,－－－－－－－－－－,10.0,770.0,0.0,110.0,0.0,-570.0,-1260.0,3520.0,yonden
2018,2,2018-02-03,13:00,3560.0,0.0,4330.0,130.0,－－－－－－－－－－,10.0,790.0,0.0,110.0,0.0,-590.0,-1220.0,3560.0,yonden
2018,2,2018-02-03,14:00,3450.0,0.0,4330.0,130.0,－－－－－－－－－－,10.0,690.0,0.0,110.0,0.0,-590.0,-1230.0,3450.0,yonden
2018,2,2018-02-03,15:00,3540.0,0.0,4330.0,130.0,－－－－－－－－－－,10.0,410.0,0.0,110.0,0.0,-260.0,-1190.0,3540.0,yonden
2018,2,2018-02-03,16:00,3680.0,0.0,4400.0,160.0,－－－－－－－－－－,10.0,200.0,0.0,110.0,0.0,0.0,-1200.0,3680.0,yonden
2018,2,2018-02-03,17:00,3880.0,0.0,4720.0,250.0,－－－－－－－－－－,10.0,20.0,0.0,110.0,0.0,0.0,-1230.0,3880.0,yonden
2018,2,2018-02-03,18:00,4060.0,0.0,4890.0,380.0,－－－－－－－－－－,10.0,0.0,0.0,110.0,0.0,0.0,-1330.0,4060.0,yonden
2018,2,2018-02-03,19:00,4010.0,0.0,4850.0,300.0,－－－－－－－－－－,10.0,0.0,0.0,100.0,0.0,0.0,-1250.0,4010.0,yonden
2018,2,2018-02-03,20:00,3900.0,0.0,4810.0,240.0,－－－－－－－－－－,10.0,0.0,0.0,100.0,0.0,0.0,-1260.0,3900.0,yonden
2018,2,2018-02-03,21:00,3720.0,0.0,4690.0,190.0,－－－－－－－－－－,10.0,0.0,0.0,110.0,0.0,0.0,-1280.0,3720.0,yonden
2018,2,2018-02-03,22:00,3460.0,0.0,4460.0,150.0,－－－－－－－－－－,10.0,0.0,0.0,100.0,0.0,0.0,-1260.0,3460.0,yonden
2018,2,2018-02-03,23:00,3460.0,0.0,4500.0,130.0,－－－－－－－－－－,10.0,0.0,0.0,110.0,0.0,0.0,-1290.0,3460.0,yonden
2018,2,2018-02-04,00:00,3440.0,0.0,4480.0,130.0,－－－－－－－－－－,10.0,0.0,0.0,110.0,0.0,0.0,-1290.0,3440.0,yonden
2018,2,2018-02-04,01:00,3510.0,0.0,4480.0,120.0,－－－－－－－－－－,10.0,0.0,0.0,120.0,0.0,0.0,-1220.0,3510.0,yonden
2018,2,2018-02-04,02:00,3640.0,0.0,4560.0,120.0,－－－－－－－－－－,10.0,0.0,0.0,120.0,0.0,0.0,-1170.0,3640.0,yonden
2018,2,2018-02-04,03:00,3630.0,0.0,4570.0,130.0,－－－－－－－－－－,10.0,0.0,0.0,120.0,0.0,0.0,-1200.0,3630.0,yonden
2018,2,2018-02-04,04:00,3520.0,0.0,4490.0,130.0,－－－－－－－－－－,10.0,0.0,0.0,120.0,0.0,0.0,-1230.0,3520.0,yonden
2018,2,2018-02-04,05:00,3290.0,0.0,4240.0,130.0,－－－－－－－－－－,10.0,0.0,0.0,120.0,0.0,0.0,-1210.0,3290.0,yonden
2018,2,2018-02-04,06:00,3210.0,0.0,4270.0,130.0,－－－－－－－－－－,10.0,0.0,0.0,120.0,0.0,0.0,-1320.0,3210.0,yonden
2018,2,2018-02-04,07:00,3350.0,0.0,4310.0,140.0,－－－－－－－－－－,10.0,60.0,0.0,120.0,0.0,0.0,-1290.0,3350.0,yonden
2018,2,2018-02-04,08:00,3640.0,0.0,4420.0,130.0,－－－－－－－－－－,10.0,230.0,0.0,120.0,0.0,0.0,-1270.0,3640.0,yonden
2018,2,2018-02-04,09:00,3700.0,0.0,4250.0,130.0,－－－－－－－－－－,10.0,410.0,0.0,120.0,0.0,0.0,-1220.0,3700.0,yonden
2018,2,2018-02-04,10:00,3660.0,0.0,3990.0,120.0,－－－－－－－－－－,10.0,710.0,0.0,120.0,0.0,0.0,-1290.0,3660.0,yonden
2018,2,2018-02-04,11:00,3590.0,0.0,3980.0,140.0,－－－－－－－－－－,10.0,910.0,0.0,120.0,0.0,-230.0,-1340.0,3590.0,yonden
2018,2,2018-02-04,12:00,3520.0,0.0,4050.0,130.0,－－－－－－－－－－,10.0,990.0,0.0,130.0,0.0,-300.0,-1490.0,3520.0,yonden
2018,2,2018-02-04,13:00,3410.0,0.0,3990.0,120.0,－－－－－－－－－－,10.0,970.0,0.0,140.0,0.0,-300.0,-1520.0,3410.0,yonden
2018,2,2018-02-04,14:00,3380.0,0.0,4050.0,120.0,－－－－－－－－－－,10.0,870.0,0.0,130.0,0.0,-300.0,-1500.0,3380.0,yonden
2018,2,2018-02-04,15:00,3390.0,0.0,4050.0,150.0,－－－－－－－－－－,10.0,630.0,0.0,140.0,0.0,-260.0,-1330.0,3390.0,yonden
2018,2,2018-02-04,16:00,3640.0,0.0,4260.0,180.0,－－－－－－－－－－,10.0,310.0,0.0,140.0,0.0,0.0,-1260.0,3640.0,yonden
2018,2,2018-02-04,17:00,4000.0,0.0,4790.0,290.0,－－－－－－－－－－,10.0,30.0,0.0,140.0,0.0,0.0,-1260.0,4000.0,yonden
2018,2,2018-02-04,18:00,4280.0,0.0,5030.0,430.0,－－－－－－－－－－,10.0,0.0,0.0,130.0,0.0,0.0,-1320.0,4280.0,yonden
2018,2,2018-02-04,19:00,4260.0,0.0,5040.0,330.0,－－－－－－－－－－,10.0,0.0,0.0,120.0,0.0,60.0,-1300.0,4260.0,yonden
2018,2,2018-02-04,20:00,4170.0,0.0,5030.0,280.0,－－－－－－－－－－,10.0,0.0,0.0,120.0,0.0,0.0,-1270.0,4170.0,yonden
2018,2,2018-02-04,21:00,3950.0,0.0,4940.0,180.0,－－－－－－－－－－,10.0,0.0,0.0,120.0,0.0,0.0,-1300.0,3950.0,yonden
2018,2,2018-02-04,22:00,3600.0,0.0,4610.0,140.0,－－－－－－－－－－,10.0,0.0,0.0,120.0,0.0,0.0,-1280.0,3600.0,yonden
2018,2,2018-02-04,23:00,3590.0,0.0,4540.0,150.0,－－－－－－－－－－,10.0,0.0,0.0,120.0,0.0,0.0,-1230.0,3590.0,yonden
2018,2,2018-02-05,00:00,3560.0,0.0,4510.0,170.0,－－－－－－－－－－,10.0,0.0,0.0,120.0,0.0,0.0,-1250.0,3560.0,yonden
2018,2,2018-02-05,01:00,3670.0,0.0,4570.0,190.0,－－－－－－－－－－,10.0,0.0,0.0,130.0,0.0,0.0,-1230.0,3670.0,yonden
2018,2,2018-02-05,02:00,3760.0,0.0,4600.0,220.0,－－－－－－－－－－,10.0,0.0,0.0,130.0,0.0,0.0,-1200.0,3760.0,yonden
2018,2,2018-02-05,03:00,3750.0,0.0,4610.0,240.0,－－－－－－－－－－,10.0,0.0,0.0,120.0,0.0,0.0,-1230.0,3750.0,yonden
2018,2,2018-02-05,04:00,3680.0,0.0,4590.0,210.0,－－－－－－－－－－,10.0,0.0,0.0,130.0,0.0,0.0,-1260.0,3680.0,yonden
2018,2,2018-02-05,05:00,3690.0,0.0,4660.0,160.0,－－－－－－－－－－,10.0,0.0,0.0,130.0,0.0,0.0,-1270.0,3690.0,yonden
2018,2,2018-02-05,06:00,4020.0,0.0,5110.0,180.0,－－－－－－－－－－,10.0,0.0,0.0,130.0,0.0,0.0,-1410.0,4020.0,yonden
2018,2,2018-02-05,07:00,4310.0,0.0,5310.0,220.0,－－－－－－－－－－,10.0,100.0,0.0,130.0,0.0,0.0,-1460.0,4310.0,yonden
2018,2,2018-02-05,08:00,4680.0,0.0,5330.0,240.0,－－－－－－－－－－,10.0,330.0,0.0,130.0,0.0,0.0,-1360.0,4680.0,yonden
2018,2,2018-02-05,09:00,4690.0,0.0,5120.0,240.0,－－－－－－－－－－,10.0,630.0,0.0,120.0,0.0,0.0,-1430.0,4690.0,yonden
2018,2,2018-02-05,10:00,4580.0,0.0,5050.0,190.0,－－－－－－－－－－,10.0,860.0,0.0,120.0,0.0,0.0,-1650.0,4580.0,yonden
2018,2,2018-02-05,11:00,4540.0,0.0,5040.0,160.0,－－－－－－－－－－,10.0,930.0,0.0,120.0,0.0,0.0,-1720.0,4540.0,yonden
2018,2,2018-02-05,12:00,4310.0,0.0,4700.0,140.0,－－－－－－－－－－,10.0,960.0,0.0,130.0,0.0,0.0,-1630.0,4310.0,yonden
2018,2,2018-02-05,13:00,4420.0,0.0,4970.0,160.0,－－－－－－－－－－,10.0,900.0,0.0,130.0,0.0,0.0,-1750.0,4420.0,yonden
2018,2,2018-02-05,14:00,4390.0,0.0,5110.0,170.0,－－－－－－－－－－,10.0,790.0,0.0,130.0,0.0,0.0,-1820.0,4390.0,yonden
2018,2,2018-02-05,15:00,4410.0,0.0,5350.0,190.0,－－－－－－－－－－,10.0,550.0,0.0,120.0,0.0,0.0,-1810.0,4410.0,yonden
2018,2,2018-02-05,16:00,4640.0,0.0,5700.0,280.0,－－－－－－－－－－,10.0,290.0,0.0,120.0,0.0,20.0,-1780.0,4640.0,yonden
2018,2,2018-02-05,17:00,4850.0,0.0,5750.0,420.0,－－－－－－－－－－,10.0,30.0,0.0,120.0,0.0,190.0,-1670.0,4850.0,yonden
2018,2,2018-02-05,18:00,5030.0,0.0,5750.0,500.0,－－－－－－－－－－,10.0,0.0,0.0,120.0,0.0,260.0,-1610.0,5030.0,yonden
2018,2,2018-02-05,19:00,4900.0,0.0,5760.0,430.0,－－－－－－－－－－,10.0,0.0,0.0,120.0,0.0,220.0,-1640.0,4900.0,yonden
2018,2,2018-02-05,20:00,4720.0,0.0,5750.0,330.0,－－－－－－－－－－,10.0,0.0,0.0,110.0,0.0,110.0,-1590.0,4720.0,yonden
2018,2,2018-02-05,21:00,4430.0,0.0,5490.0,230.0,－－－－－－－－－－,10.0,0.0,0.0,120.0,0.0,0.0,-1420.0,4430.0,yonden
2018,2,2018-02-05,22:00,4040.0,0.0,5240.0,150.0,－－－－－－－－－－,10.0,0.0,0.0,110.0,0.0,0.0,-1470.0,4040.0,yonden
2018,2,2018-02-05,23:00,3970.0,0.0,5040.0,100.0,－－－－－－－－－－,10.0,0.0,0.0,110.0,0.0,0.0,-1290.0,3970.0,yonden
2018,2,2018-02-06,00:00,3890.0,0.0,4980.0,120.0,－－－－－－－－－－,10.0,0.0,0.0,100.0,0.0,0.0,-1320.0,3890.0,yonden
2018,2,2018-02-06,01:00,3900.0,0.0,5020.0,110.0,－－－－－－－－－－,0.0,0.0,0.0,100.0,0.0,0.0,-1330.0,3900.0,yonden
2018,2,2018-02-06,02:00,3980.0,0.0,5050.0,180.0,－－－－－－－－－－,10.0,0.0,0.0,90.0,0.0,0.0,-1350.0,3980.0,yonden
2018,2,2018-02-06,03:00,3950.0,0.0,4990.0,210.0,－－－－－－－－－－,10.0,0.0,0.0,90.0,0.0,0.0,-1350.0,3950.0,yonden
2018,2,2018-02-06,04:00,3870.0,0.0,4920.0,180.0,－－－－－－－－－－,10.0,0.0,0.0,100.0,0.0,0.0,-1340.0,3870.0,yonden
2018,2,2018-02-06,05:00,3850.0,0.0,4950.0,190.0,－－－－－－－－－－,10.0,0.0,0.0,100.0,0.0,0.0,-1400.0,3850.0,yonden
2018,2,2018-02-06,06:00,4160.0,0.0,5260.0,210.0,－－－－－－－－－－,10.0,0.0,0.0,110.0,0.0,0.0,-1430.0,4160.0,yonden
2018,2,2018-02-06,07:00,4450.0,0.0,5580.0,220.0,－－－－－－－－－－,10.0,80.0,0.0,110.0,0.0,0.0,-1550.0,4450.0,yonden
2018,2,2018-02-06,08:00,4860.0,0.0,5710.0,250.0,－－－－－－－－－－,10.0,300.0,0.0,110.0,0.0,70.0,-1590.0,4860.0,yonden
2018,2,2018-02-06,09:00,4890.0,0.0,5640.0,220.0,－－－－－－－－－－,10.0,570.0,0.0,90.0,0.0,90.0,-1730.0,4890.0,yonden
2018,2,2018-02-06,10:00,4760.0,0.0,5380.0,170.0,－－－－－－－－－－,10.0,880.0,0.0,90.0,0.0,0.0,-1770.0,4760.0,yonden
2018,2,2018-02-06,11:00,4610.0,0.0,5290.0,150.0,－－－－－－－－－－,10.0,1050.0,0.0,100.0,0.0,0.0,-1990.0,4610.0,yonden
2018,2,2018-02-06,12:00,4310.0,0.0,5010.0,130.0,－－－－－－－－－－,10.0,1090.0,0.0,110.0,0.0,0.0,-2040.0,4310.0,yonden
2018,2,2018-02-06,13:00,4470.0,0.0,5200.0,160.0,－－－－－－－－－－,10.0,1080.0,0.0,120.0,0.0,0.0,-2100.0,4470.0,yonden
2018,2,2018-02-06,14:00,4420.0,0.0,5160.0,170.0,－－－－－－－－－－,10.0,840.0,0.0,120.0,0.0,0.0,-1880.0,4420.0,yonden
2018,2,2018-02-06,15:00,4450.0,0.0,5310.0,180.0,－－－－－－－－－－,10.0,560.0,0.0,130.0,0.0,0.0,-1740.0,4450.0,yonden
2018,2,2018-02-06,16:00,4670.0,0.0,5650.0,220.0,－－－－－－－－－－,10.0,260.0,0.0,120.0,0.0,10.0,-1600.0,4670.0,yonden
2018,2,2018-02-06,17:00,4900.0,0.0,5720.0,360.0,－－－－－－－－－－,10.0,30.0,0.0,120.0,0.0,210.0,-1550.0,4900.0,yonden
2018,2,2018-02-06,18:00,5060.0,0.0,5710.0,460.0,－－－－－－－－－－,10.0,0.0,0.0,110.0,0.0,270.0,-1500.0,5060.0,yonden
2018,2,2018-02-06,19:00,4940.0,0.0,5700.0,410.0,－－－－－－－－－－,10.0,0.0,0.0,110.0,0.0,190.0,-1480.0,4940.0,yonden
2018,2,2018-02-06,20:00,4780.0,0.0,5720.0,380.0,－－－－－－－－－－,10.0,0.0,0.0,100.0,0.0,90.0,-1520.0,4780.0,yonden
2018,2,2018-02-06,21:00,4500.0,0.0,5640.0,280.0,－－－－－－－－－－,10.0,0.0,0.0,90.0,0.0,0.0,-1520.0,4500.0,yonden
2018,2,2018-02-06,22:00,4080.0,0.0,5210.0,180.0,－－－－－－－－－－,10.0,0.0,0.0,100.0,0.0,0.0,-1420.0,4080.0,yonden
2018,2,2018-02-06,23:00,4040.0,0.0,5090.0,130.0,－－－－－－－－－－,10.0,0.0,0.0,100.0,0.0,0.0,-1290.0,4040.0,yonden
2018,2,2018-02-07,00:00,3940.0,0.0,5040.0,120.0,－－－－－－－－－－,10.0,0.0,0.0,110.0,0.0,0.0,-1340.0,3940.0,yonden
2018,2,2018-02-07,01:00,3980.0,0.0,5020.0,120.0,－－－－－－－－－－,10.0,0.0,0.0,110.0,0.0,0.0,-1280.0,3980.0,yonden
2018,2,2018-02-07,02:00,4070.0,0.0,5070.0,180.0,－－－－－－－－－－,10.0,0.0,0.0,110.0,0.0,0.0,-1300.0,4070.0,yonden
2018,2,2018-02-07,03:00,4040.0,0.0,5040.0,200.0,－－－－－－－－－－,10.0,0.0,0.0,110.0,0.0,0.0,-1320.0,4040.0,yonden
2018,2,2018-02-07,04:00,3980.0,0.0,4960.0,200.0,－－－－－－－－－－,10.0,0.0,0.0,120.0,0.0,0.0,-1310.0,3980.0,yonden
2018,2,2018-02-07,05:00,3970.0,0.0,4990.0,180.0,－－－－－－－－－－,10.0,0.0,0.0,120.0,0.0,0.0,-1330.0,3970.0,yonden
2018,2,2018-02-07,06:00,4290.0,0.0,5330.0,220.0,－－－－－－－－－－,10.0,0.0,0.0,110.0,0.0,0.0,-1380.0,4290.0,yonden
2018,2,2018-02-07,07:00,4530.0,0.0,5600.0,220.0,－－－－－－－－－－,10.0,120.0,0.0,100.0,0.0,0.0,-1520.0,4530.0,yonden
2018,2,2018-02-07,08:00,4760.0,0.0,5700.0,250.0,－－－－－－－－－－,10.0,420.0,0.0,90.0,0.0,0.0,-1710.0,4760.0,yonden
2018,2,2018-02-07,09:00,4720.0,0.0,5480.0,220.0,－－－－－－－－－－,10.0,760.0,0.0,90.0,0.0,0.0,-1840.0,4720.0,yonden
2018,2,2018-02-07,10:00,4580.0,0.0,5360.0,160.0,－－－－－－－－－－,10.0,1060.0,0.0,90.0,0.0,0.0,-2100.0,4580.0,yonden
2018,2,2018-02-07,11:00,4470.0,0.0,5110.0,170.0,－－－－－－－－－－,10.0,1270.0,0.0,90.0,0.0,-30.0,-2150.0,4470.0,yonden
2018,2,2018-02-07,12:00,4230.0,0.0,4980.0,150.0,－－－－－－－－－－,10.0,1360.0,0.0,100.0,0.0,-300.0,-2070.0,4230.0,yonden
2018,2,2018-02-07,13:00,4320.0,0.0,4990.0,150.0,－－－－－－－－－－,10.0,1330.0,0.0,100.0,0.0,-100.0,-2160.0,4320.0,yonden
2018,2,2018-02-07,14:00,4260.0,0.0,5050.0,150.0,－－－－－－－－－－,10.0,1170.0,0.0,110.0,0.0,0.0,-2230.0,4260.0,yonden
2018,2,2018-02-07,15:00,4260.0,0.0,5040.0,210.0,－－－－－－－－－－,10.0,840.0,0.0,110.0,0.0,0.0,-1950.0,4260.0,yonden
2018,2,2018-02-07,16:00,4510.0,0.0,5510.0,280.0,－－－－－－－－－－,10.0,450.0,0.0,110.0,0.0,0.0,-1850.0,4510.0,yonden
2018,2,2018-02-07,17:00,4680.0,0.0,5720.0,400.0,－－－－－－－－－－,10.0,60.0,0.0,100.0,0.0,0.0,-1610.0,4680.0,yonden
2018,2,2018-02-07,18:00,4910.0,0.0,5720.0,440.0,－－－－－－－－－－,10.0,0.0,0.0,90.0,0.0,220.0,-1570.0,4910.0,yonden
2018,2,2018-02-07,19:00,4810.0,0.0,5720.0,370.0,－－－－－－－－－－,10.0,0.0,0.0,80.0,0.0,150.0,-1520.0,4810.0,yonden
2018,2,2018-02-07,20:00,4660.0,0.0,5690.0,300.0,－－－－－－－－－－,10.0,0.0,0.0,70.0,0.0,140.0,-1550.0,4660.0,yonden
2018,2,2018-02-07,21:00,4380.0,0.0,5490.0,260.0,－－－－－－－－－－,10.0,0.0,0.0,60.0,0.0,10.0,-1450.0,4380.0,yonden
2018,2,2018-02-07,22:00,4010.0,0.0,5200.0,200.0,－－－－－－－－－－,0.0,0.0,0.0,60.0,0.0,0.0,-1450.0,4010.0,yonden
2018,2,2018-02-07,23:00,3950.0,0.0,5090.0,110.0,－－－－－－－－－－,10.0,0.0,0.0,50.0,0.0,0.0,-1310.0,3950.0,yonden
2018,2,2018-02-08,00:00,3900.0,0.0,5160.0,110.0,－－－－－－－－－－,10.0,0.0,0.0,40.0,0.0,0.0,-1420.0,3900.0,yonden
2018,2,2018-02-08,01:00,3930.0,0.0,5150.0,140.0,－－－－－－－－－－,10.0,0.0,0.0,40.0,0.0,0.0,-1410.0,3930.0,yonden
2018,2,2018-02-08,02:00,3990.0,0.0,5160.0,180.0,－－－－－－－－－－,10.0,0.0,0.0,30.0,0.0,0.0,-1390.0,3990.0,yonden
2018,2,2018-02-08,03:00,3960.0,0.0,5070.0,220.0,－－－－－－－－－－,10.0,0.0,0.0,40.0,0.0,0.0,-1380.0,3960.0,yonden
2018,2,2018-02-08,04:00,3910.0,0.0,5040.0,190.0,－－－－－－－－－－,10.0,0.0,0.0,50.0,0.0,0.0,-1380.0,3910.0,yonden
2018,2,2018-02-08,05:00,3890.0,0.0,5150.0,150.0,－－－－－－－－－－,10.0,0.0,0.0,50.0,0.0,0.0,-1470.0,3890.0,yonden
2018,2,2018-02-08,06:00,4210.0,0.0,5480.0,200.0,－－－－－－－－－－,10.0,0.0,0.0,40.0,0.0,0.0,-1520.0,4210.0,yonden
2018,2,2018-02-08,07:00,4450.0,0.0,5610.0,220.0,－－－－－－－－－－,10.0,130.0,0.0,50.0,0.0,0.0,-1570.0,4450.0,yonden
2018,2,2018-02-08,08:00,4700.0,0.0,5640.0,230.0,－－－－－－－－－－,10.0,460.0,0.0,60.0,0.0,0.0,-1700.0,4700.0,yonden
2018,2,2018-02-08,09:00,4640.0,0.0,5430.0,230.0,－－－－－－－－－－,10.0,840.0,0.0,50.0,0.0,0.0,-1920.0,4640.0,yonden
2018,2,2018-02-08,10:00,4490.0,0.0,5150.0,170.0,－－－－－－－－－－,10.0,1140.0,0.0,40.0,0.0,0.0,-2020.0,4490.0,yonden
2018,2,2018-02-08,11:00,4370.0,0.0,4950.0,170.0,－－－－－－－－－－,10.0,1310.0,0.0,30.0,0.0,-150.0,-1950.0,4370.0,yonden
2018,2,2018-02-08,12:00,4100.0,0.0,4650.0,150.0,－－－－－－－－－－,10.0,1380.0,0.0,40.0,0.0,-300.0,-1830.0,4100.0,yonden
2018,2,2018-02-08,13:00,4220.0,0.0,4780.0,170.0,－－－－－－－－－－,10.0,1350.0,0.0,40.0,0.0,-300.0,-1830.0,4220.0,yonden
2018,2,2018-02-08,14:00,4170.0,0.0,4760.0,210.0,－－－－－－－－－－,10.0,1150.0,0.0,40.0,0.0,-150.0,-1850.0,4170.0,yonden
2018,2,2018-02-08,15:00,4150.0,0.0,5070.0,220.0,－－－－－－－－－－,10.0,810.0,0.0,40.0,0.0,0.0,-2000.0,4150.0,yonden
2018,2,2018-02-08,16:00,4300.0,0.0,5360.0,250.0,－－－－－－－－－－,10.0,410.0,0.0,30.0,0.0,0.0,-1760.0,4300.0,yonden
2018,2,2018-02-08,17:00,4460.0,0.0,5630.0,320.0,－－－－－－－－－－,10.0,50.0,0.0,20.0,0.0,0.0,-1570.0,4460.0,yonden
2018,2,2018-02-08,18:00,4730.0,0.0,5740.0,440.0,－－－－－－－－－－,10.0,0.0,0.0,20.0,0.0,0.0,-1480.0,4730.0,yonden
2018,2,2018-02-08,19:00,4660.0,0.0,5740.0,440.0,－－－－－－－－－－,10.0,0.0,0.0,30.0,0.0,0.0,-1560.0,4660.0,yonden
2018,2,2018-02-08,20:00,4530.0,0.0,5610.0,310.0,－－－－－－－－－－,10.0,0.0,0.0,20.0,0.0,0.0,-1420.0,4530.0,yonden
2018,2,2018-02-08,21:00,4290.0,0.0,5350.0,250.0,－－－－－－－－－－,10.0,0.0,0.0,10.0,0.0,0.0,-1330.0,4290.0,yonden
2018,2,2018-02-08,22:00,3950.0,0.0,5170.0,210.0,－－－－－－－－－－,10.0,0.0,0.0,0.0,0.0,0.0,-1440.0,3950.0,yonden
2018,2,2018-02-08,23:00,3910.0,0.0,5020.0,140.0,－－－－－－－－－－,10.0,0.0,0.0,0.0,0.0,0.0,-1260.0,3910.0,yonden
2018,2,2018-02-09,00:00,3870.0,0.0,5030.0,110.0,－－－－－－－－－－,10.0,0.0,0.0,0.0,0.0,0.0,-1280.0,3870.0,yonden
2018,2,2018-02-09,01:00,3910.0,0.0,5010.0,120.0,－－－－－－－－－－,10.0,0.0,0.0,0.0,0.0,0.0,-1230.0,3910.0,yonden
2018,2,2018-02-09,02:00,4000.0,0.0,5020.0,200.0,－－－－－－－－－－,10.0,0.0,0.0,0.0,0.0,0.0,-1230.0,4000.0,yonden
2018,2,2018-02-09,03:00,4000.0,0.0,5060.0,230.0,－－－－－－－－－－,10.0,0.0,0.0,0.0,0.0,0.0,-1300.0,4000.0,yonden
2018,2,2018-02-09,04:00,3930.0,0.0,4930.0,210.0,－－－－－－－－－－,10.0,0.0,0.0,0.0,0.0,0.0,-1220.0,3930.0,yonden
2018,2,2018-02-09,05:00,3920.0,0.0,4930.0,170.0,－－－－－－－－－－,10.0,0.0,0.0,0.0,0.0,0.0,-1190.0,3920.0,yonden
2018,2,2018-02-09,06:00,4240.0,0.0,5250.0,250.0,－－－－－－－－－－,10.0,0.0,0.0,0.0,0.0,30.0,-1300.0,4240.0,yonden
2018,2,2018-02-09,07:00,4470.0,0.0,5290.0,320.0,－－－－－－－－－－,10.0,130.0,0.0,0.0,0.0,150.0,-1430.0,4470.0,yonden
2018,2,2018-02-09,08:00,4700.0,0.0,5220.0,220.0,－－－－－－－－－－,10.0,440.0,0.0,0.0,0.0,120.0,-1310.0,4700.0,yonden
2018,2,2018-02-09,09:00,4670.0,0.0,5260.0,200.0,－－－－－－－－－－,10.0,710.0,0.0,0.0,0.0,0.0,-1510.0,4670.0,yonden
2018,2,2018-02-09,10:00,4430.0,0.0,4820.0,120.0,－－－－－－－－－－,10.0,950.0,0.0,0.0,0.0,0.0,-1470.0,4430.0,yonden
2018,2,2018-02-09,11:00,4270.0,0.0,4550.0,120.0,－－－－－－－－－－,10.0,1090.0,0.0,20.0,0.0,0.0,-1520.0,4270.0,yonden
2018,2,2018-02-09,12:00,3980.0,0.0,4170.0,120.0,－－－－－－－－－－,10.0,1130.0,0.0,20.0,0.0,0.0,-1470.0,3980.0,yonden
2018,2,2018-02-09,13:00,4100.0,0.0,4260.0,120.0,－－－－－－－－－－,10.0,1230.0,0.0,20.0,0.0,0.0,-1540.0,4100.0,yonden
2018,2,2018-02-09,14:00,3980.0,0.0,4110.0,150.0,－－－－－－－－－－,10.0,1130.0,0.0,30.0,0.0,0.0,-1450.0,3980.0,yonden
2018,2,2018-02-09,15:00,3960.0,0.0,4330.0,160.0,－－－－－－－－－－,10.0,810.0,0.0,30.0,0.0,0.0,-1380.0,3960.0,yonden
2018,2,2018-02-09,16:00,4110.0,0.0,4930.0,230.0,－－－－－－－－－－,10.0,390.0,0.0,40.0,0.0,0.0,-1490.0,4110.0,yonden
2018,2,2018-02-09,17:00,4240.0,0.0,5210.0,300.0,－－－－－－－－－－,10.0,40.0,0.0,50.0,0.0,0.0,-1370.0,4240.0,yonden
2018,2,2018-02-09,18:00,4460.0,0.0,5340.0,430.0,－－－－－－－－－－,10.0,0.0,0.0,40.0,0.0,0.0,-1360.0,4460.0,yonden
2018,2,2018-02-09,19:00,4350.0,0.0,5330.0,350.0,－－－－－－－－－－,10.0,0.0,0.0,30.0,0.0,0.0,-1370.0,4350.0,yonden
2018,2,2018-02-09,20:00,4180.0,0.0,5280.0,270.0,－－－－－－－－－－,10.0,0.0,0.0,50.0,0.0,0.0,-1430.0,4180.0,yonden
2018,2,2018-02-09,21:00,3950.0,0.0,5150.0,240.0,－－－－－－－－－－,10.0,0.0,0.0,50.0,0.0,0.0,-1500.0,3950.0,yonden
2018,2,2018-02-09,22:00,3650.0,0.0,4730.0,140.0,－－－－－－－－－－,10.0,0.0,0.0,60.0,0.0,0.0,-1290.0,3650.0,yonden
2018,2,2018-02-09,23:00,3590.0,0.0,4680.0,140.0,－－－－－－－－－－,10.0,0.0,0.0,60.0,0.0,0.0,-1300.0,3590.0,yonden
2018,2,2018-02-10,00:00,3520.0,0.0,4560.0,110.0,－－－－－－－－－－,10.0,0.0,0.0,60.0,0.0,0.0,-1220.0,3520.0,yonden
2018,2,2018-02-10,01:00,3550.0,0.0,4570.0,100.0,－－－－－－－－－－,10.0,0.0,0.0,50.0,0.0,0.0,-1180.0,3550.0,yonden
2018,2,2018-02-10,02:00,3650.0,0.0,4730.0,140.0,－－－－－－－－－－,10.0,0.0,0.0,50.0,0.0,0.0,-1280.0,3650.0,yonden
2018,2,2018-02-10,03:00,3640.0,0.0,4700.0,180.0,－－－－－－－－－－,10.0,0.0,0.0,50.0,0.0,0.0,-1300.0,3640.0,yonden
2018,2,2018-02-10,04:00,3560.0,0.0,4650.0,160.0,－－－－－－－－－－,10.0,0.0,0.0,40.0,0.0,0.0,-1300.0,3560.0,yonden
2018,2,2018-02-10,05:00,3400.0,0.0,4530.0,100.0,－－－－－－－－－－,10.0,0.0,0.0,40.0,0.0,0.0,-1280.0,3400.0,yonden
2018,2,2018-02-10,06:00,3380.0,0.0,4470.0,110.0,－－－－－－－－－－,10.0,0.0,0.0,30.0,0.0,0.0,-1240.0,3380.0,yonden
2018,2,2018-02-10,07:00,3540.0,0.0,4600.0,130.0,－－－－－－－－－－,10.0,30.0,0.0,30.0,0.0,0.0,-1260.0,3540.0,yonden
2018,2,2018-02-10,08:00,3980.0,0.0,4910.0,180.0,－－－－－－－－－－,10.0,60.0,0.0,30.0,0.0,60.0,-1270.0,3980.0,yonden
2018,2,2018-02-10,09:00,4150.0,0.0,4970.0,200.0,－－－－－－－－－－,10.0,80.0,0.0,40.0,0.0,230.0,-1380.0,4150.0,yonden
2018,2,2018-02-10,10:00,4100.0,0.0,4950.0,170.0,－－－－－－－－－－,10.0,110.0,0.0,40.0,0.0,270.0,-1450.0,4100.0,yonden
2018,2,2018-02-10,11:00,4080.0,0.0,4920.0,170.0,－－－－－－－－－－,10.0,140.0,0.0,40.0,0.0,10.0,-1210.0,4080.0,yonden
2018,2,2018-02-10,12:00,3980.0,0.0,4850.0,180.0,－－－－－－－－－－,10.0,120.0,0.0,60.0,0.0,0.0,-1240.0,3980.0,yonden
2018,2,2018-02-10,13:00,4000.0,0.0,4860.0,180.0,－－－－－－－－－－,10.0,120.0,0.0,50.0,0.0,0.0,-1220.0,4000.0,yonden
2018,2,2018-02-10,14:00,3890.0,0.0,4790.0,170.0,－－－－－－－－－－,10.0,120.0,0.0,50.0,0.0,0.0,-1250.0,3890.0,yonden
2018,2,2018-02-10,15:00,3860.0,0.0,4790.0,190.0,－－－－－－－－－－,10.0,70.0,0.0,80.0,0.0,0.0,-1280.0,3860.0,yonden
2018,2,2018-02-10,16:00,3940.0,0.0,4770.0,230.0,－－－－－－－－－－,10.0,40.0,0.0,120.0,0.0,0.0,-1230.0,3940.0,yonden
2018,2,2018-02-10,17:00,4000.0,0.0,4790.0,330.0,－－－－－－－－－－,10.0,10.0,0.0,110.0,0.0,0.0,-1250.0,4000.0,yonden
2018,2,2018-02-10,18:00,4010.0,0.0,4700.0,430.0,－－－－－－－－－－,10.0,0.0,0.0,130.0,0.0,0.0,-1260.0,4010.0,yonden
2018,2,2018-02-10,19:00,3880.0,0.0,4600.0,420.0,－－－－－－－－－－,10.0,0.0,0.0,140.0,0.0,0.0,-1290.0,3880.0,yonden
2018,2,2018-02-10,20:00,3740.0,0.0,4550.0,340.0,－－－－－－－－－－,10.0,0.0,0.0,140.0,0.0,0.0,-1300.0,3740.0,yonden
2018,2,2018-02-10,21:00,3540.0,0.0,4360.0,340.0,－－－－－－－－－－,10.0,0.0,0.0,140.0,0.0,0.0,-1310.0,3540.0,yonden
2018,2,2018-02-10,22:00,3280.0,0.0,4130.0,300.0,－－－－－－－－－－,10.0,0.0,0.0,150.0,0.0,0.0,-1310.0,3280.0,yonden
2018,2,2018-02-10,23:00,3190.0,0.0,4050.0,290.0,－－－－－－－－－－,10.0,0.0,0.0,150.0,0.0,0.0,-1310.0,3190.0,yonden
2018,2,2018-02-11,00:00,3140.0,0.0,3910.0,270.0,－－－－－－－－－－,10.0,0.0,0.0,140.0,0.0,0.0,-1190.0,3140.0,yonden
2018,2,2018-02-11,01:00,3250.0,0.0,4060.0,270.0,－－－－－－－－－－,10.0,0.0,0.0,120.0,0.0,0.0,-1210.0,3250.0,yonden
2018,2,2018-02-11,02:00,3420.0,0.0,4210.0,280.0,－－－－－－－－－－,10.0,0.0,0.0,120.0,0.0,0.0,-1200.0,3420.0,yonden
2018,2,2018-02-11,03:00,3460.0,0.0,4210.0,290.0,－－－－－－－－－－,10.0,0.0,0.0,140.0,0.0,0.0,-1190.0,3460.0,yonden
2018,2,2018-02-11,04:00,3390.0,0.0,4130.0,260.0,－－－－－－－－－－,10.0,0.0,0.0,150.0,0.0,0.0,-1160.0,3390.0,yonden
2018,2,2018-02-11,05:00,3210.0,0.0,4110.0,250.0,－－－－－－－－－－,10.0,0.0,0.0,140.0,0.0,0.0,-1300.0,3210.0,yonden
2018,2,2018-02-11,06:00,3090.0,0.0,4000.0,250.0,－－－－－－－－－－,10.0,0.0,0.0,140.0,0.0,0.0,-1310.0,3090.0,yonden
2018,2,2018-02-11,07:00,3160.0,0.0,3990.0,260.0,－－－－－－－－－－,10.0,80.0,0.0,140.0,0.0,0.0,-1320.0,3160.0,yonden
2018,2,2018-02-11,08:00,3380.0,0.0,4020.0,260.0,－－－－－－－－－－,10.0,260.0,0.0,140.0,0.0,0.0,-1310.0,3380.0,yonden
2018,2,2018-02-11,09:00,3430.0,0.0,3930.0,260.0,－－－－－－－－－－,10.0,450.0,0.0,130.0,0.0,0.0,-1350.0,3430.0,yonden
2018,2,2018-02-11,10:00,3310.0,0.0,3720.0,250.0,－－－－－－－－－－,10.0,740.0,0.0,130.0,0.0,-150.0,-1390.0,3310.0,yonden
2018,2,2018-02-11,11:00,3220.0,0.0,3710.0,270.0,－－－－－－－－－－,10.0,1010.0,0.0,130.0,0.0,-570.0,-1340.0,3220.0,yonden
2018,2,2018-02-11,12:00,3190.0,0.0,3770.0,230.0,－－－－－－－－－－,10.0,1040.0,0.0,130.0,0.0,-590.0,-1400.0,3190.0,yonden
2018,2,2018-02-11,13:00,3130.0,0.0,3870.0,240.0,－－－－－－－－－－,10.0,930.0,0.0,130.0,0.0,-590.0,-1460.0,3130.0,yonden
2018,2,2018-02-11,14:00,3120.0,0.0,3810.0,250.0,－－－－－－－－－－,10.0,830.0,0.0,140.0,0.0,-490.0,-1430.0,3120.0,yonden
2018,2,2018-02-11,15:00,3190.0,0.0,3750.0,240.0,－－－－－－－－－－,10.0,640.0,0.0,140.0,0.0,-190.0,-1400.0,3190.0,yonden
2018,2,2018-02-11,16:00,3400.0,0.0,4050.0,230.0,－－－－－－－－－－,10.0,310.0,0.0,140.0,0.0,0.0,-1340.0,3400.0,yonden
2018,2,2018-02-11,17:00,3750.0,0.0,4610.0,250.0,－－－－－－－－－－,10.0,40.0,0.0,140.0,0.0,0.0,-1300.0,3750.0,yonden
2018,2,2018-02-11,18:00,4040.0,0.0,4910.0,360.0,－－－－－－－－－－,10.0,0.0,0.0,140.0,0.0,0.0,-1380.0,4040.0,yonden
2018,2,2018-02-11,19:00,4040.0,0.0,4930.0,330.0,－－－－－－－－－－,10.0,0.0,0.0,130.0,0.0,0.0,-1360.0,4040.0,yonden
2018,2,2018-02-11,20:00,3950.0,0.0,4880.0,240.0,－－－－－－－－－－,10.0,0.0,0.0,130.0,0.0,0.0,-1310.0,3950.0,yonden
2018,2,2018-02-11,21:00,3790.0,0.0,4840.0,230.0,－－－－－－－－－－,10.0,0.0,0.0,100.0,0.0,0.0,-1390.0,3790.0,yonden
2018,2,2018-02-11,22:00,3500.0,0.0,4520.0,170.0,－－－－－－－－－－,10.0,0.0,0.0,90.0,0.0,0.0,-1290.0,3500.0,yonden
2018,2,2018-02-11,23:00,3520.0,0.0,4510.0,160.0,－－－－－－－－－－,10.0,0.0,0.0,70.0,0.0,0.0,-1230.0,3520.0,yonden
2018,2,2018-02-12,00:00,3490.0,0.0,4560.0,160.0,－－－－－－－－－－,10.0,0.0,0.0,40.0,0.0,0.0,-1280.0,3490.0,yonden
2018,2,2018-02-12,01:00,3540.0,0.0,4610.0,150.0,－－－－－－－－－－,10.0,0.0,0.0,60.0,0.0,0.0,-1290.0,3540.0,yonden
2018,2,2018-02-12,02:00,3620.0,0.0,4680.0,160.0,－－－－－－－－－－,10.0,0.0,0.0,100.0,0.0,0.0,-1330.0,3620.0,yonden
2018,2,2018-02-12,03:00,3610.0,0.0,4600.0,160.0,－－－－－－－－－－,10.0,0.0,0.0,110.0,0.0,0.0,-1270.0,3610.0,yonden
2018,2,2018-02-12,04:00,3520.0,0.0,4420.0,170.0,－－－－－－－－－－,10.0,0.0,0.0,100.0,0.0,0.0,-1180.0,3520.0,yonden
2018,2,2018-02-12,05:00,3400.0,0.0,4410.0,180.0,－－－－－－－－－－,10.0,0.0,0.0,110.0,0.0,0.0,-1310.0,3400.0,yonden
2018,2,2018-02-12,06:00,3450.0,0.0,4470.0,190.0,－－－－－－－－－－,10.0,0.0,0.0,110.0,0.0,0.0,-1330.0,3450.0,yonden
2018,2,2018-02-12,07:00,3690.0,0.0,4600.0,210.0,－－－－－－－－－－,10.0,90.0,0.0,100.0,0.0,0.0,-1320.0,3690.0,yonden
2018,2,2018-02-12,08:00,4060.0,0.0,4680.0,300.0,－－－－－－－－－－,10.0,310.0,0.0,100.0,0.0,0.0,-1340.0,4060.0,yonden
2018,2,2018-02-12,09:00,4150.0,0.0,4650.0,250.0,－－－－－－－－－－,10.0,540.0,0.0,100.0,0.0,0.0,-1400.0,4150.0,yonden
2018,2,2018-02-12,10:00,4040.0,0.0,4360.0,210.0,－－－－－－－－－－,10.0,750.0,0.0,100.0,0.0,0.0,-1390.0,4040.0,yonden
2018,2,2018-02-12,11:00,3810.0,0.0,4080.0,170.0,－－－－－－－－－－,10.0,820.0,0.0,100.0,0.0,0.0,-1370.0,3810.0,yonden
2018,2,2018-02-12,12:00,3630.0,0.0,3920.0,180.0,－－－－－－－－－－,10.0,840.0,0.0,100.0,0.0,0.0,-1420.0,3630.0,yonden
2018,2,2018-02-12,13:00,3590.0,0.0,3830.0,170.0,－－－－－－－－－－,10.0,860.0,0.0,110.0,0.0,0.0,-1390.0,3590.0,yonden
2018,2,2018-02-12,14:00,3480.0,0.0,3830.0,160.0,－－－－－－－－－－,10.0,770.0,0.0,110.0,0.0,0.0,-1400.0,3480.0,yonden
2018,2,2018-02-12,15:00,3570.0,0.0,4080.0,170.0,－－－－－－－－－－,10.0,580.0,0.0,110.0,0.0,0.0,-1380.0,3570.0,yonden
2018,2,2018-02-12,16:00,3800.0,0.0,4580.0,190.0,－－－－－－－－－－,10.0,290.0,0.0,100.0,0.0,0.0,-1370.0,3800.0,yonden
2018,2,2018-02-12,17:00,4120.0,0.0,4990.0,260.0,－－－－－－－－－－,10.0,40.0,0.0,100.0,0.0,130.0,-1410.0,4120.0,yonden
2018,2,2018-02-12,18:00,4370.0,0.0,4970.0,360.0,－－－－－－－－－－,10.0,0.0,0.0,70.0,0.0,430.0,-1470.0,4370.0,yonden
2018,2,2018-02-12,19:00,4330.0,0.0,4960.0,350.0,－－－－－－－－－－,10.0,0.0,0.0,90.0,0.0,340.0,-1420.0,4330.0,yonden
2018,2,2018-02-12,20:00,4220.0,0.0,4990.0,350.0,－－－－－－－－－－,10.0,0.0,0.0,80.0,0.0,270.0,-1480.0,4220.0,yonden
2018,2,2018-02-12,21:00,4000.0,0.0,4970.0,270.0,－－－－－－－－－－,10.0,0.0,0.0,90.0,0.0,70.0,-1410.0,4000.0,yonden
2018,2,2018-02-12,22:00,3680.0,0.0,4700.0,170.0,－－－－－－－－－－,10.0,0.0,0.0,100.0,0.0,0.0,-1300.0,3680.0,yonden
2018,2,2018-02-12,23:00,3620.0,0.0,4610.0,150.0,－－－－－－－－－－,10.0,0.0,0.0,100.0,0.0,0.0,-1250.0,3620.0,yonden
2018,2,2018-02-13,00:00,3620.0,0.0,4580.0,150.0,－－－－－－－－－－,10.0,0.0,0.0,110.0,0.0,0.0,-1230.0,3620.0,yonden
2018,2,2018-02-13,01:00,3640.0,0.0,4630.0,160.0,－－－－－－－－－－,10.0,0.0,0.0,120.0,0.0,0.0,-1280.0,3640.0,yonden
2018,2,2018-02-13,02:00,3740.0,0.0,4710.0,210.0,－－－－－－－－－－,10.0,0.0,0.0,120.0,0.0,0.0,-1310.0,3740.0,yonden
2018,2,2018-02-13,03:00,3740.0,0.0,4810.0,220.0,－－－－－－－－－－,10.0,0.0,0.0,120.0,0.0,-100.0,-1320.0,3740.0,yonden
2018,2,2018-02-13,04:00,3700.0,0.0,5000.0,200.0,－－－－－－－－－－,10.0,0.0,0.0,120.0,0.0,-300.0,-1330.0,3700.0,yonden
2018,2,2018-02-13,05:00,3680.0,0.0,4920.0,180.0,－－－－－－－－－－,10.0,0.0,0.0,120.0,0.0,-300.0,-1250.0,3680.0,yonden
2018,2,2018-02-13,06:00,3970.0,0.0,4960.0,230.0,－－－－－－－－－－,10.0,0.0,0.0,130.0,0.0,-50.0,-1310.0,3970.0,yonden
2018,2,2018-02-13,07:00,4230.0,0.0,5080.0,280.0,－－－－－－－－－－,10.0,100.0,0.0,110.0,0.0,0.0,-1350.0,4230.0,yonden
2018,2,2018-02-13,08:00,4660.0,0.0,5060.0,340.0,－－－－－－－－－－,10.0,360.0,0.0,110.0,0.0,0.0,-1220.0,4660.0,yonden
2018,2,2018-02-13,09:00,4690.0,0.0,4970.0,280.0,－－－－－－－－－－,10.0,700.0,0.0,80.0,0.0,0.0,-1350.0,4690.0,yonden
2018,2,2018-02-13,10:00,4540.0,0.0,4720.0,260.0,－－－－－－－－－－,10.0,900.0,0.0,70.0,0.0,0.0,-1420.0,4540.0,yonden
2018,2,2018-02-13,11:00,4430.0,0.0,4580.0,200.0,－－－－－－－－－－,10.0,1020.0,0.0,80.0,0.0,0.0,-1460.0,4430.0,yonden
2018,2,2018-02-13,12:00,4160.0,0.0,4570.0,220.0,－－－－－－－－－－,10.0,1020.0,0.0,100.0,0.0,0.0,-1760.0,4160.0,yonden
2018,2,2018-02-13,13:00,4270.0,0.0,4640.0,220.0,－－－－－－－－－－,10.0,950.0,0.0,100.0,0.0,0.0,-1650.0,4270.0,yonden
2018,2,2018-02-13,14:00,4170.0,0.0,4660.0,230.0,－－－－－－－－－－,10.0,840.0,0.0,110.0,0.0,0.0,-1680.0,4170.0,yonden
2018,2,2018-02-13,15:00,4180.0,0.0,4850.0,250.0,－－－－－－－－－－,10.0,630.0,0.0,110.0,0.0,0.0,-1670.0,4180.0,yonden
2018,2,2018-02-13,16:00,4340.0,0.0,5050.0,290.0,－－－－－－－－－－,10.0,330.0,0.0,100.0,0.0,80.0,-1520.0,4340.0,yonden
2018,2,2018-02-13,17:00,4460.0,0.0,5060.0,380.0,－－－－－－－－－－,10.0,50.0,0.0,110.0,0.0,220.0,-1370.0,4460.0,yonden
2018,2,2018-02-13,18:00,4650.0,0.0,5050.0,520.0,－－－－－－－－－－,10.0,0.0,0.0,90.0,0.0,190.0,-1210.0,4650.0,yonden
2018,2,2018-02-13,19:00,4550.0,0.0,5050.0,500.0,－－－－－－－－－－,10.0,0.0,0.0,70.0,0.0,150.0,-1230.0,4550.0,yonden
2018,2,2018-02-13,20:00,4400.0,0.0,5030.0,390.0,－－－－－－－－－－,10.0,0.0,0.0,50.0,0.0,160.0,-1240.0,4400.0,yonden
2018,2,2018-02-13,21:00,4150.0,0.0,5010.0,310.0,－－－－－－－－－－,10.0,0.0,0.0,30.0,0.0,50.0,-1260.0,4150.0,yonden
2018,2,2018-02-13,22:00,3820.0,0.0,4860.0,200.0,－－－－－－－－－－,10.0,0.0,0.0,20.0,0.0,0.0,-1270.0,3820.0,yonden
2018,2,2018-02-13,23:00,3790.0,0.0,4900.0,170.0,－－－－－－－－－－,10.0,0.0,0.0,10.0,0.0,0.0,-1300.0,3790.0,yonden
2018,2,2018-02-14,00:00,3750.0,0.0,4890.0,160.0,－－－－－－－－－－,10.0,0.0,0.0,10.0,0.0,0.0,-1320.0,3750.0,yonden
2018,2,2018-02-14,01:00,3790.0,0.0,4970.0,150.0,－－－－－－－－－－,10.0,0.0,0.0,0.0,0.0,0.0,-1340.0,3790.0,yonden
2018,2,2018-02-14,02:00,3880.0,0.0,5000.0,170.0,－－－－－－－－－－,10.0,0.0,0.0,0.0,0.0,0.0,-1300.0,3880.0,yonden
2018,2,2018-02-14,03:00,3890.0,0.0,4980.0,210.0,－－－－－－－－－－,10.0,0.0,0.0,0.0,0.0,0.0,-1310.0,3890.0,yonden
2018,2,2018-02-14,04:00,3840.0,0.0,4960.0,210.0,－－－－－－－－－－,10.0,0.0,0.0,0.0,0.0,0.0,-1340.0,3840.0,yonden
2018,2,2018-02-14,05:00,3810.0,0.0,4900.0,250.0,－－－－－－－－－－,10.0,0.0,0.0,0.0,0.0,0.0,-1350.0,3810.0,yonden
2018,2,2018-02-14,06:00,4100.0,0.0,5010.0,330.0,－－－－－－－－－－,10.0,0.0,0.0,0.0,0.0,0.0,-1250.0,4100.0,yonden
2018,2,2018-02-14,07:00,4310.0,0.0,4990.0,290.0,－－－－－－－－－－,10.0,170.0,0.0,0.0,0.0,60.0,-1210.0,4310.0,yonden
2018,2,2018-02-14,08:00,4480.0,0.0,4990.0,260.0,－－－－－－－－－－,10.0,510.0,0.0,10.0,0.0,0.0,-1300.0,4480.0,yonden
2018,2,2018-02-14,09:00,4330.0,0.0,4750.0,240.0,－－－－－－－－－－,10.0,890.0,0.0,20.0,0.0,0.0,-1580.0,4330.0,yonden
2018,2,2018-02-14,10:00,4130.0,0.0,4220.0,200.0,－－－－－－－－－－,10.0,1220.0,0.0,40.0,0.0,0.0,-1560.0,4130.0,yonden
2018,2,2018-02-14,11:00,4000.0,0.0,4050.0,190.0,－－－－－－－－－－,10.0,1390.0,0.0,50.0,0.0,-50.0,-1640.0,4000.0,yonden
2018,2,2018-02-14,12:00,3710.0,0.0,4000.0,170.0,－－－－－－－－－－,10.0,1430.0,0.0,50.0,0.0,-350.0,-1600.0,3710.0,yonden
2018,2,2018-02-14,13:00,3810.0,0.0,4070.0,190.0,－－－－－－－－－－,10.0,1380.0,0.0,60.0,0.0,-470.0,-1430.0,3810.0,yonden
2018,2,2018-02-14,14:00,3780.0,0.0,3940.0,160.0,－－－－－－－－－－,10.0,1180.0,0.0,70.0,0.0,-300.0,-1280.0,3780.0,yonden
2018,2,2018-02-14,15:00,3770.0,0.0,4100.0,170.0,－－－－－－－－－－,10.0,840.0,0.0,50.0,0.0,-160.0,-1240.0,3770.0,yonden
2018,2,2018-02-14,16:00,3940.0,0.0,4650.0,230.0,－－－－－－－－－－,10.0,380.0,0.0,40.0,0.0,0.0,-1370.0,3940.0,yonden
2018,2,2018-02-14,17:00,4040.0,0.0,4930.0,330.0,－－－－－－－－－－,10.0,40.0,0.0,20.0,0.0,0.0,-1290.0,4040.0,yonden
2018,2,2018-02-14,18:00,4240.0,0.0,5070.0,420.0,－－－－－－－－－－,10.0,0.0,0.0,10.0,0.0,0.0,-1270.0,4240.0,yonden
2018,2,2018-02-14,19:00,4160.0,0.0,5130.0,370.0,－－－－－－－－－－,10.0,0.0,0.0,10.0,0.0,0.0,-1360.0,4160.0,yonden
2018,2,2018-02-14,20:00,4000.0,0.0,5090.0,250.0,－－－－－－－－－－,10.0,0.0,0.0,10.0,0.0,0.0,-1360.0,4000.0,yonden
2018,2,2018-02-14,21:00,3770.0,0.0,4880.0,200.0,－－－－－－－－－－,10.0,0.0,0.0,20.0,0.0,0.0,-1340.0,3770.0,yonden
2018,2,2018-02-14,22:00,3480.0,0.0,4620.0,170.0,－－－－－－－－－－,10.0,0.0,0.0,20.0,0.0,0.0,-1340.0,3480.0,yonden
2018,2,2018-02-14,23:00,3390.0,0.0,4440.0,150.0,－－－－－－－－－－,10.0,0.0,0.0,20.0,0.0,0.0,-1230.0,3390.0,yonden
2018,2,2018-02-15,00:00,3350.0,0.0,4360.0,150.0,－－－－－－－－－－,10.0,0.0,0.0,20.0,0.0,0.0,-1190.0,3350.0,yonden
2018,2,2018-02-15,01:00,3440.0,0.0,4470.0,140.0,－－－－－－－－－－,10.0,0.0,0.0,10.0,0.0,0.0,-1190.0,3440.0,yonden
2018,2,2018-02-15,02:00,3610.0,0.0,4620.0,160.0,－－－－－－－－－－,10.0,0.0,0.0,20.0,0.0,0.0,-1200.0,3610.0,yonden
2018,2,2018-02-15,03:00,3660.0,0.0,4640.0,180.0,－－－－－－－－－－,10.0,0.0,0.0,30.0,0.0,0.0,-1200.0,3660.0,yonden
2018,2,2018-02-15,04:00,3620.0,0.0,4630.0,210.0,－－－－－－－－－－,10.0,0.0,0.0,40.0,0.0,0.0,-1270.0,3620.0,yonden
2018,2,2018-02-15,05:00,3550.0,0.0,4480.0,220.0,－－－－－－－－－－,10.0,0.0,0.0,30.0,0.0,0.0,-1190.0,3550.0,yonden
2018,2,2018-02-15,06:00,3710.0,0.0,4630.0,270.0,－－－－－－－－－－,10.0,0.0,0.0,20.0,0.0,0.0,-1220.0,3710.0,yonden
2018,2,2018-02-15,07:00,3860.0,0.0,4710.0,280.0,－－－－－－－－－－,10.0,90.0,0.0,20.0,0.0,0.0,-1250.0,3860.0,yonden
2018,2,2018-02-15,08:00,4230.0,0.0,4850.0,360.0,－－－－－－－－－－,10.0,220.0,0.0,10.0,0.0,60.0,-1280.0,4230.0,yonden
2018,2,2018-02-15,09:00,4300.0,0.0,4840.0,290.0,－－－－－－－－－－,10.0,270.0,0.0,10.0,0.0,210.0,-1330.0,4300.0,yonden
2018,2,2018-02-15,10:00,4140.0,0.0,4810.0,240.0,－－－－－－－－－－,10.0,220.0,0.0,0.0,0.0,200.0,-1340.0,4140.0,yonden
2018,2,2018-02-15,11:00,4130.0,0.0,4860.0,200.0,－－－－－－－－－－,10.0,200.0,0.0,0.0,0.0,230.0,-1370.0,4130.0,yonden
2018,2,2018-02-15,12:00,3970.0,0.0,4930.0,170.0,－－－－－－－－－－,10.0,130.0,0.0,20.0,0.0,0.0,-1290.0,3970.0,yonden
2018,2,2018-02-15,13:00,4070.0,0.0,4970.0,170.0,－－－－－－－－－－,10.0,150.0,0.0,50.0,0.0,0.0,-1280.0,4070.0,yonden
2018,2,2018-02-15,14:00,4050.0,0.0,4970.0,170.0,－－－－－－－－－－,10.0,140.0,0.0,60.0,0.0,0.0,-1300.0,4050.0,yonden
2018,2,2018-02-15,15:00,4030.0,0.0,4930.0,180.0,－－－－－－－－－－,10.0,110.0,0.0,60.0,0.0,0.0,-1260.0,4030.0,yonden
2018,2,2018-02-15,16:00,4090.0,0.0,4970.0,220.0,－－－－－－－－－－,10.0,100.0,0.0,60.0,0.0,0.0,-1270.0,4090.0,yonden
2018,2,2018-02-15,17:00,4140.0,0.0,5020.0,320.0,－－－－－－－－－－,10.0,20.0,0.0,50.0,0.0,0.0,-1280.0,4140.0,yonden
2018,2,2018-02-15,18:00,4240.0,0.0,4980.0,480.0,－－－－－－－－－－,10.0,0.0,0.0,50.0,0.0,0.0,-1280.0,4240.0,yonden
2018,2,2018-02-15,19:00,4110.0,0.0,4870.0,420.0,－－－－－－－－－－,10.0,0.0,0.0,60.0,0.0,0.0,-1250.0,4110.0,yonden
2018,2,2018-02-15,20:00,3930.0,0.0,4850.0,310.0,－－－－－－－－－－,10.0,0.0,0.0,60.0,0.0,0.0,-1300.0,3930.0,yonden
2018,2,2018-02-15,21:00,3710.0,0.0,4740.0,180.0,－－－－－－－－－－,10.0,0.0,0.0,60.0,0.0,0.0,-1280.0,3710.0,yonden
2018,2,2018-02-15,22:00,3470.0,0.0,4520.0,160.0,－－－－－－－－－－,10.0,0.0,0.0,40.0,0.0,0.0,-1260.0,3470.0,yonden
2018,2,2018-02-15,23:00,3390.0,0.0,4390.0,120.0,－－－－－－－－－－,10.0,0.0,0.0,30.0,0.0,0.0,-1160.0,3390.0,yonden
2018,2,2018-02-16,00:00,3330.0,0.0,4470.0,130.0,－－－－－－－－－－,10.0,0.0,0.0,30.0,0.0,0.0,-1310.0,3330.0,yonden
2018,2,2018-02-16,01:00,3450.0,0.0,4560.0,120.0,－－－－－－－－－－,10.0,0.0,0.0,30.0,0.0,0.0,-1270.0,3450.0,yonden
2018,2,2018-02-16,02:00,3610.0,0.0,4620.0,140.0,－－－－－－－－－－,10.0,0.0,0.0,30.0,0.0,0.0,-1190.0,3610.0,yonden
2018,2,2018-02-16,03:00,3670.0,0.0,4630.0,190.0,－－－－－－－－－－,10.0,0.0,0.0,30.0,0.0,0.0,-1190.0,3670.0,yonden
2018,2,2018-02-16,04:00,3670.0,0.0,4640.0,180.0,－－－－－－－－－－,10.0,0.0,0.0,30.0,0.0,0.0,-1190.0,3670.0,yonden
2018,2,2018-02-16,05:00,3590.0,0.0,4650.0,180.0,－－－－－－－－－－,10.0,0.0,0.0,30.0,0.0,0.0,-1280.0,3590.0,yonden
2018,2,2018-02-16,06:00,3770.0,0.0,4810.0,210.0,－－－－－－－－－－,10.0,0.0,0.0,50.0,0.0,0.0,-1310.0,3770.0,yonden
2018,2,2018-02-16,07:00,3910.0,0.0,4930.0,170.0,－－－－－－－－－－,10.0,140.0,0.0,40.0,0.0,0.0,-1380.0,3910.0,yonden
2018,2,2018-02-16,08:00,4110.0,0.0,4770.0,180.0,－－－－－－－－－－,10.0,430.0,0.0,30.0,0.0,0.0,-1310.0,4110.0,yonden
2018,2,2018-02-16,09:00,4070.0,0.0,4530.0,230.0,－－－－－－－－－－,10.0,690.0,0.0,10.0,0.0,0.0,-1400.0,4070.0,yonden
2018,2,2018-02-16,10:00,4040.0,0.0,4420.0,160.0,－－－－－－－－－－,10.0,710.0,0.0,10.0,0.0,0.0,-1270.0,4040.0,yonden
2018,2,2018-02-16,11:00,3960.0,0.0,4540.0,180.0,－－－－－－－－－－,10.0,610.0,0.0,0.0,0.0,0.0,-1380.0,3960.0,yonden
2018,2,2018-02-16,12:00,3670.0,0.0,4310.0,170.0,－－－－－－－－－－,10.0,560.0,0.0,10.0,0.0,0.0,-1390.0,3670.0,yonden
2018,2,2018-02-16,13:00,3870.0,0.0,4310.0,150.0,－－－－－－－－－－,10.0,650.0,0.0,10.0,0.0,0.0,-1260.0,3870.0,yonden
2018,2,2018-02-16,14:00,3880.0,0.0,4490.0,150.0,－－－－－－－－－－,10.0,380.0,0.0,10.0,0.0,0.0,-1160.0,3880.0,yonden
2018,2,2018-02-16,15:00,3870.0,0.0,4680.0,150.0,－－－－－－－－－－,10.0,200.0,0.0,10.0,0.0,0.0,-1180.0,3870.0,yonden
2018,2,2018-02-16,16:00,4000.0,0.0,4850.0,230.0,－－－－－－－－－－,10.0,70.0,0.0,20.0,0.0,0.0,-1180.0,4000.0,yonden
2018,2,2018-02-16,17:00,4130.0,0.0,4840.0,380.0,－－－－－－－－－－,10.0,10.0,0.0,30.0,0.0,140.0,-1280.0,4130.0,yonden
2018,2,2018-02-16,18:00,4190.0,0.0,4840.0,390.0,－－－－－－－－－－,10.0,0.0,0.0,60.0,0.0,220.0,-1330.0,4190.0,yonden
2018,2,2018-02-16,19:00,4040.0,0.0,4780.0,310.0,－－－－－－－－－－,10.0,0.0,0.0,30.0,0.0,140.0,-1230.0,4040.0,yonden
2018,2,2018-02-16,20:00,3870.0,0.0,4770.0,220.0,－－－－－－－－－－,10.0,0.0,0.0,20.0,0.0,110.0,-1260.0,3870.0,yonden
2018,2,2018-02-16,21:00,3650.0,0.0,4720.0,190.0,－－－－－－－－－－,10.0,0.0,0.0,20.0,0.0,0.0,-1290.0,3650.0,yonden
2018,2,2018-02-16,22:00,3380.0,0.0,4500.0,140.0,－－－－－－－－－－,10.0,0.0,0.0,40.0,0.0,0.0,-1310.0,3380.0,yonden
2018,2,2018-02-16,23:00,3270.0,0.0,4380.0,130.0,－－－－－－－－－－,10.0,0.0,0.0,50.0,0.0,0.0,-1300.0,3270.0,yonden
2018,2,2018-02-17,00:00,3220.0,0.0,4190.0,140.0,－－－－－－－－－－,10.0,0.0,0.0,70.0,0.0,0.0,-1190.0,3220.0,yonden
2018,2,2018-02-17,01:00,3300.0,0.0,4180.0,130.0,－－－－－－－－－－,10.0,0.0,0.0,90.0,0.0,0.0,-1110.0,3300.0,yonden
2018,2,2018-02-17,02:00,3470.0,0.0,4320.0,130.0,－－－－－－－－－－,10.0,0.0,0.0,100.0,0.0,0.0,-1090.0,3470.0,yonden
2018,2,2018-02-17,03:00,3510.0,0.0,4330.0,150.0,－－－－－－－－－－,10.0,0.0,0.0,100.0,0.0,0.0,-1080.0,3510.0,yonden
2018,2,2018-02-17,04:00,3450.0,0.0,4320.0,150.0,－－－－－－－－－－,10.0,0.0,0.0,120.0,0.0,0.0,-1150.0,3450.0,yonden
2018,2,2018-02-17,05:00,3370.0,0.0,4240.0,140.0,－－－－－－－－－－,10.0,0.0,0.0,140.0,0.0,0.0,-1160.0,3370.0,yonden
2018,2,2018-02-17,06:00,3360.0,0.0,4220.0,150.0,－－－－－－－－－－,10.0,0.0,0.0,140.0,0.0,0.0,-1160.0,3360.0,yonden
2018,2,2018-02-17,07:00,3490.0,0.0,4310.0,140.0,－－－－－－－－－－,10.0,140.0,0.0,140.0,0.0,0.0,-1250.0,3490.0,yonden
2018,2,2018-02-17,08:00,3710.0,0.0,4240.0,160.0,－－－－－－－－－－,10.0,450.0,0.0,140.0,0.0,0.0,-1290.0,3710.0,yonden
2018,2,2018-02-17,09:00,3650.0,0.0,3930.0,170.0,－－－－－－－－－－,10.0,830.0,0.0,140.0,0.0,0.0,-1430.0,3650.0,yonden
2018,2,2018-02-17,10:00,3520.0,0.0,3700.0,190.0,－－－－－－－－－－,10.0,1210.0,0.0,140.0,0.0,-260.0,-1470.0,3520.0,yonden
2018,2,2018-02-17,11:00,3450.0,0.0,3660.0,200.0,－－－－－－－－－－,10.0,1410.0,0.0,140.0,0.0,-410.0,-1560.0,3450.0,yonden
2018,2,2018-02-17,12:00,3300.0,0.0,3860.0,210.0,－－－－－－－－－－,10.0,1450.0,0.0,140.0,0.0,-590.0,-1780.0,3300.0,yonden
2018,2,2018-02-17,13:00,3280.0,0.0,3720.0,200.0,－－－－－－－－－－,10.0,1410.0,0.0,150.0,0.0,-310.0,-1900.0,3280.0,yonden
2018,2,2018-02-17,14:00,3240.0,0.0,3640.0,190.0,－－－－－－－－－－,10.0,1220.0,0.0,140.0,0.0,-300.0,-1660.0,3240.0,yonden
2018,2,2018-02-17,15:00,3220.0,0.0,3750.0,200.0,－－－－－－－－－－,10.0,900.0,0.0,140.0,0.0,-300.0,-1480.0,3220.0,yonden
2018,2,2018-02-17,16:00,3390.0,0.0,3970.0,230.0,－－－－－－－－－－,10.0,500.0,0.0,140.0,0.0,-50.0,-1410.0,3390.0,yonden
2018,2,2018-02-17,17:00,3530.0,0.0,4250.0,250.0,－－－－－－－－－－,10.0,90.0,0.0,140.0,0.0,40.0,-1250.0,3530.0,yonden
2018,2,2018-02-17,18:00,3800.0,0.0,4340.0,330.0,－－－－－－－－－－,10.0,0.0,0.0,140.0,0.0,220.0,-1240.0,3800.0,yonden
2018,2,2018-02-17,19:00,3780.0,0.0,4370.0,280.0,－－－－－－－－－－,10.0,0.0,0.0,140.0,0.0,220.0,-1240.0,3780.0,yonden
2018,2,2018-02-17,20:00,3710.0,0.0,4500.0,230.0,－－－－－－－－－－,10.0,0.0,0.0,150.0,0.0,70.0,-1250.0,3710.0,yonden
2018,2,2018-02-17,21:00,3560.0,0.0,4480.0,190.0,－－－－－－－－－－,10.0,0.0,0.0,150.0,0.0,0.0,-1270.0,3560.0,yonden
2018,2,2018-02-17,22:00,3330.0,0.0,4290.0,130.0,－－－－－－－－－－,10.0,0.0,0.0,130.0,0.0,0.0,-1230.0,3330.0,yonden
2018,2,2018-02-17,23:00,3310.0,0.0,4260.0,120.0,－－－－－－－－－－,10.0,0.0,0.0,110.0,0.0,0.0,-1190.0,3310.0,yonden
2018,2,2018-02-18,00:00,3320.0,0.0,4280.0,130.0,－－－－－－－－－－,10.0,0.0,0.0,90.0,0.0,0.0,-1190.0,3320.0,yonden
2018,2,2018-02-18,01:00,3410.0,0.0,4370.0,120.0,－－－－－－－－－－,10.0,0.0,0.0,90.0,0.0,0.0,-1180.0,3410.0,yonden
2018,2,2018-02-18,02:00,3550.0,0.0,4340.0,130.0,－－－－－－－－－－,10.0,0.0,0.0,90.0,0.0,0.0,-1020.0,3550.0,yonden
2018,2,2018-02-18,03:00,3550.0,0.0,4280.0,140.0,－－－－－－－－－－,10.0,0.0,0.0,70.0,0.0,0.0,-950.0,3550.0,yonden
2018,2,2018-02-18,04:00,3440.0,0.0,4320.0,130.0,－－－－－－－－－－,10.0,0.0,0.0,70.0,0.0,0.0,-1090.0,3440.0,yonden
2018,2,2018-02-18,05:00,3230.0,0.0,4270.0,120.0,－－－－－－－－－－,10.0,0.0,0.0,60.0,0.0,0.0,-1230.0,3230.0,yonden
2018,2,2018-02-18,06:00,3150.0,0.0,4190.0,130.0,－－－－－－－－－－,10.0,0.0,0.0,60.0,0.0,0.0,-1240.0,3150.0,yonden
2018,2,2018-02-18,07:00,3210.0,0.0,4120.0,130.0,－－－－－－－－－－,10.0,140.0,0.0,50.0,0.0,0.0,-1240.0,3210.0,yonden
2018,2,2018-02-18,08:00,3310.0,0.0,3970.0,160.0,－－－－－－－－－－,10.0,410.0,0.0,50.0,0.0,0.0,-1290.0,3310.0,yonden
2018,2,2018-02-18,09:00,3230.0,0.0,3630.0,170.0,－－－－－－－－－－,10.0,840.0,0.0,30.0,0.0,-100.0,-1350.0,3230.0,yonden
2018,2,2018-02-18,10:00,3050.0,0.0,3530.0,170.0,－－－－－－－－－－,10.0,1220.0,0.0,30.0,0.0,-530.0,-1380.0,3050.0,yonden
2018,2,2018-02-18,11:00,2950.0,0.0,3500.0,180.0,－－－－－－－－－－,10.0,1390.0,0.0,20.0,0.0,-590.0,-1560.0,2950.0,yonden
2018,2,2018-02-18,12:00,2900.0,0.0,3360.0,200.0,－－－－－－－－－－,10.0,1440.0,0.0,20.0,0.0,-440.0,-1690.0,2900.0,yonden
2018,2,2018-02-18,13:00,2840.0,0.0,3130.0,170.0,－－－－－－－－－－,10.0,1390.0,0.0,30.0,0.0,-300.0,-1590.0,2840.0,yonden
2018,2,2018-02-18,14:00,2760.0,0.0,3200.0,160.0,－－－－－－－－－－,10.0,1200.0,0.0,30.0,0.0,-300.0,-1540.0,2760.0,yonden
2018,2,2018-02-18,15:00,2820.0,0.0,3470.0,170.0,－－－－－－－－－－,10.0,860.0,0.0,30.0,0.0,-260.0,-1460.0,2820.0,yonden
2018,2,2018-02-18,16:00,3000.0,0.0,3680.0,160.0,－－－－－－－－－－,10.0,460.0,0.0,40.0,0.0,0.0,-1350.0,3000.0,yonden
2018,2,2018-02-18,17:00,3310.0,0.0,4230.0,200.0,－－－－－－－－－－,10.0,80.0,0.0,40.0,0.0,0.0,-1250.0,3310.0,yonden
2018,2,2018-02-18,18:00,3630.0,0.0,4570.0,360.0,－－－－－－－－－－,10.0,0.0,0.0,30.0,0.0,0.0,-1340.0,3630.0,yonden
2018,2,2018-02-18,19:00,3660.0,0.0,4630.0,320.0,－－－－－－－－－－,10.0,0.0,0.0,10.0,0.0,0.0,-1310.0,3660.0,yonden
2018,2,2018-02-18,20:00,3610.0,0.0,4640.0,250.0,－－－－－－－－－－,10.0,0.0,0.0,0.0,0.0,0.0,-1290.0,3610.0,yonden
2018,2,2018-02-18,21:00,3460.0,0.0,4530.0,220.0,－－－－－－－－－－,10.0,0.0,0.0,0.0,0.0,0.0,-1300.0,3460.0,yonden
2018,2,2018-02-18,22:00,3200.0,0.0,4310.0,170.0,－－－－－－－－－－,10.0,0.0,0.0,0.0,0.0,0.0,-1290.0,3200.0,yonden
2018,2,2018-02-18,23:00,3170.0,0.0,4280.0,120.0,－－－－－－－－－－,10.0,0.0,0.0,0.0,0.0,0.0,-1240.0,3170.0,yonden
2018,2,2018-02-19,00:00,3170.0,0.0,4320.0,130.0,－－－－－－－－－－,10.0,0.0,0.0,0.0,0.0,0.0,-1290.0,3170.0,yonden
2018,2,2018-02-19,01:00,3280.0,0.0,4390.0,120.0,－－－－－－－－－－,10.0,0.0,0.0,0.0,0.0,0.0,-1240.0,3280.0,yonden
2018,2,2018-02-19,02:00,3430.0,0.0,4350.0,120.0,－－－－－－－－－－,10.0,0.0,0.0,20.0,0.0,0.0,-1070.0,3430.0,yonden
2018,2,2018-02-19,03:00,3480.0,0.0,4450.0,140.0,－－－－－－－－－－,10.0,0.0,0.0,20.0,0.0,0.0,-1140.0,3480.0,yonden
2018,2,2018-02-19,04:00,3430.0,0.0,4570.0,130.0,－－－－－－－－－－,10.0,0.0,0.0,10.0,0.0,0.0,-1290.0,3430.0,yonden
2018,2,2018-02-19,05:00,3360.0,0.0,4510.0,140.0,－－－－－－－－－－,10.0,0.0,0.0,0.0,0.0,0.0,-1300.0,3360.0,yonden
2018,2,2018-02-19,06:00,3560.0,0.0,4630.0,190.0,－－－－－－－－－－,10.0,0.0,0.0,10.0,0.0,0.0,-1280.0,3560.0,yonden
2018,2,2018-02-19,07:00,3820.0,0.0,4780.0,170.0,－－－－－－－－－－,10.0,80.0,0.0,20.0,0.0,0.0,-1240.0,3820.0,yonden
2018,2,2018-02-19,08:00,4220.0,0.0,4920.0,190.0,－－－－－－－－－－,10.0,220.0,0.0,10.0,0.0,0.0,-1130.0,4220.0,yonden
2018,2,2018-02-19,09:00,4290.0,0.0,4950.0,220.0,－－－－－－－－－－,10.0,370.0,0.0,10.0,0.0,0.0,-1270.0,4290.0,yonden
2018,2,2018-02-19,10:00,4180.0,0.0,4870.0,170.0,－－－－－－－－－－,10.0,490.0,0.0,10.0,0.0,0.0,-1370.0,4180.0,yonden
2018,2,2018-02-19,11:00,4070.0,0.0,4870.0,190.0,－－－－－－－－－－,10.0,440.0,0.0,10.0,0.0,0.0,-1450.0,4070.0,yonden
2018,2,2018-02-19,12:00,3800.0,0.0,4390.0,200.0,－－－－－－－－－－,10.0,510.0,0.0,0.0,0.0,0.0,-1310.0,3800.0,yonden
2018,2,2018-02-19,13:00,3980.0,0.0,4780.0,190.0,－－－－－－－－－－,10.0,420.0,0.0,0.0,0.0,0.0,-1420.0,3980.0,yonden
2018,2,2018-02-19,14:00,3970.0,0.0,4730.0,190.0,－－－－－－－－－－,10.0,290.0,0.0,10.0,0.0,0.0,-1260.0,3970.0,yonden
2018,2,2018-02-19,15:00,3980.0,0.0,4530.0,250.0,－－－－－－－－－－,10.0,140.0,0.0,0.0,0.0,50.0,-1000.0,3980.0,yonden
2018,2,2018-02-19,16:00,4110.0,0.0,4520.0,260.0,－－－－－－－－－－,10.0,70.0,0.0,10.0,0.0,180.0,-940.0,4110.0,yonden
2018,2,2018-02-19,17:00,4210.0,0.0,4590.0,360.0,－－－－－－－－－－,10.0,10.0,0.0,10.0,0.0,200.0,-970.0,4210.0,yonden
2018,2,2018-02-19,18:00,4300.0,0.0,4520.0,440.0,－－－－－－－－－－,10.0,0.0,0.0,10.0,0.0,190.0,-870.0,4300.0,yonden
2018,2,2018-02-19,19:00,4150.0,0.0,4210.0,390.0,－－－－－－－－－－,10.0,0.0,0.0,20.0,0.0,270.0,-750.0,4150.0,yonden
2018,2,2018-02-19,20:00,3960.0,0.0,4140.0,280.0,－－－－－－－－－－,10.0,0.0,0.0,40.0,0.0,80.0,-590.0,3960.0,yonden
2018,2,2018-02-19,21:00,3720.0,0.0,3990.0,250.0,－－－－－－－－－－,10.0,0.0,0.0,40.0,0.0,0.0,-570.0,3720.0,yonden
2018,2,2018-02-19,22:00,3420.0,0.0,3810.0,130.0,－－－－－－－－－－,10.0,0.0,0.0,40.0,0.0,0.0,-570.0,3420.0,yonden
2018,2,2018-02-19,23:00,3280.0,0.0,3690.0,120.0,－－－－－－－－－－,10.0,0.0,0.0,50.0,0.0,0.0,-590.0,3280.0,yonden
2018,2,2018-02-20,00:00,3200.0,0.0,3530.0,120.0,－－－－－－－－－－,10.0,0.0,0.0,30.0,0.0,0.0,-490.0,3200.0,yonden
2018,2,2018-02-20,01:00,3300.0,0.0,3610.0,110.0,－－－－－－－－－－,10.0,0.0,0.0,30.0,0.0,0.0,-460.0,3300.0,yonden
2018,2,2018-02-20,02:00,3490.0,0.0,3700.0,110.0,－－－－－－－－－－,10.0,0.0,0.0,40.0,0.0,0.0,-370.0,3490.0,yonden
2018,2,2018-02-20,03:00,3590.0,0.0,3740.0,150.0,－－－－－－－－－－,10.0,0.0,0.0,70.0,0.0,0.0,-380.0,3590.0,yonden
2018,2,2018-02-20,04:00,3590.0,0.0,3780.0,160.0,－－－－－－－－－－,10.0,0.0,0.0,70.0,0.0,0.0,-430.0,3590.0,yonden
2018,2,2018-02-20,05:00,3590.0,0.0,3830.0,140.0,－－－－－－－－－－,10.0,0.0,0.0,80.0,0.0,0.0,-470.0,3590.0,yonden
2018,2,2018-02-20,06:00,3780.0,0.0,4030.0,190.0,－－－－－－－－－－,10.0,0.0,0.0,70.0,0.0,0.0,-520.0,3780.0,yonden
2018,2,2018-02-20,07:00,3890.0,0.0,4000.0,250.0,－－－－－－－－－－,10.0,180.0,0.0,50.0,0.0,0.0,-600.0,3890.0,yonden
2018,2,2018-02-20,08:00,4070.0,0.0,3860.0,270.0,－－－－－－－－－－,10.0,520.0,0.0,60.0,0.0,0.0,-650.0,4070.0,yonden
2018,2,2018-02-20,09:00,3950.0,0.0,3410.0,240.0,－－－－－－－－－－,10.0,900.0,0.0,50.0,0.0,0.0,-660.0,3950.0,yonden
2018,2,2018-02-20,10:00,3770.0,0.0,3090.0,240.0,－－－－－－－－－－,10.0,1230.0,0.0,40.0,0.0,0.0,-840.0,3770.0,yonden
2018,2,2018-02-20,11:00,3660.0,0.0,3100.0,230.0,－－－－－－－－－－,10.0,1380.0,0.0,30.0,0.0,0.0,-1090.0,3660.0,yonden
2018,2,2018-02-20,12:00,3430.0,0.0,3000.0,210.0,－－－－－－－－－－,10.0,1430.0,0.0,30.0,0.0,0.0,-1250.0,3430.0,yonden
2018,2,2018-02-20,13:00,3590.0,0.0,3080.0,200.0,－－－－－－－－－－,10.0,1380.0,0.0,30.0,0.0,0.0,-1110.0,3590.0,yonden
2018,2,2018-02-20,14:00,3540.0,0.0,3140.0,190.0,－－－－－－－－－－,10.0,1180.0,0.0,20.0,0.0,0.0,-1000.0,3540.0,yonden
2018,2,2018-02-20,15:00,3510.0,0.0,3230.0,190.0,－－－－－－－－－－,10.0,870.0,0.0,20.0,0.0,0.0,-810.0,3510.0,yonden
2018,2,2018-02-20,16:00,3650.0,0.0,3540.0,220.0,－－－－－－－－－－,10.0,480.0,0.0,20.0,0.0,0.0,-620.0,3650.0,yonden
2018,2,2018-02-20,17:00,3750.0,0.0,3900.0,370.0,－－－－－－－－－－,10.0,90.0,0.0,20.0,0.0,0.0,-640.0,3750.0,yonden
2018,2,2018-02-20,18:00,3960.0,0.0,3990.0,460.0,－－－－－－－－－－,10.0,0.0,0.0,40.0,0.0,0.0,-540.0,3960.0,yonden
2018,2,2018-02-20,19:00,3910.0,0.0,3950.0,400.0,－－－－－－－－－－,10.0,0.0,0.0,40.0,0.0,0.0,-490.0,3910.0,yonden
2018,2,2018-02-20,20:00,3780.0,0.0,3870.0,270.0,－－－－－－－－－－,10.0,0.0,0.0,30.0,0.0,0.0,-400.0,3780.0,yonden
2018,2,2018-02-20,21:00,3560.0,0.0,3780.0,210.0,－－－－－－－－－－,10.0,0.0,0.0,30.0,0.0,0.0,-470.0,3560.0,yonden
2018,2,2018-02-20,22:00,3310.0,0.0,3560.0,140.0,－－－－－－－－－－,10.0,0.0,0.0,20.0,0.0,0.0,-420.0,3310.0,yonden
2018,2,2018-02-20,23:00,3190.0,0.0,3460.0,130.0,－－－－－－－－－－,10.0,0.0,0.0,10.0,0.0,0.0,-420.0,3190.0,yonden
2018,2,2018-02-21,00:00,3130.0,0.0,3470.0,110.0,－－－－－－－－－－,10.0,0.0,0.0,10.0,0.0,0.0,-470.0,3130.0,yonden
2018,2,2018-02-21,01:00,3230.0,0.0,3550.0,100.0,－－－－－－－－－－,10.0,0.0,0.0,10.0,0.0,0.0,-440.0,3230.0,yonden
2018,2,2018-02-21,02:00,3410.0,0.0,3560.0,100.0,－－－－－－－－－－,10.0,0.0,0.0,20.0,0.0,0.0,-280.0,3410.0,yonden
2018,2,2018-02-21,03:00,3490.0,0.0,3500.0,130.0,－－－－－－－－－－,10.0,0.0,0.0,30.0,0.0,0.0,-180.0,3490.0,yonden
2018,2,2018-02-21,04:00,3480.0,0.0,3490.0,130.0,－－－－－－－－－－,10.0,0.0,0.0,20.0,0.0,0.0,-170.0,3480.0,yonden
2018,2,2018-02-21,05:00,3430.0,0.0,3560.0,120.0,－－－－－－－－－－,10.0,0.0,0.0,20.0,0.0,0.0,-280.0,3430.0,yonden
2018,2,2018-02-21,06:00,3550.0,0.0,3740.0,220.0,－－－－－－－－－－,10.0,0.0,0.0,10.0,0.0,0.0,-430.0,3550.0,yonden
2018,2,2018-02-21,07:00,3710.0,0.0,3810.0,230.0,－－－－－－－－－－,10.0,50.0,0.0,10.0,0.0,0.0,-400.0,3710.0,yonden
2018,2,2018-02-21,08:00,4090.0,0.0,3830.0,290.0,－－－－－－－－－－,10.0,180.0,0.0,10.0,0.0,180.0,-410.0,4090.0,yonden
2018,2,2018-02-21,09:00,4100.0,0.0,3780.0,300.0,－－－－－－－－－－,10.0,360.0,0.0,10.0,0.0,80.0,-440.0,4100.0,yonden
2018,2,2018-02-21,10:00,3930.0,0.0,3460.0,290.0,－－－－－－－－－－,10.0,760.0,0.0,0.0,0.0,0.0,-590.0,3930.0,yonden
2018,2,2018-02-21,11:00,3810.0,0.0,3460.0,280.0,－－－－－－－－－－,10.0,750.0,0.0,10.0,0.0,0.0,-700.0,3810.0,yonden
2018,2,2018-02-21,12:00,3520.0,0.0,3140.0,200.0,－－－－－－－－－－,10.0,890.0,0.0,30.0,0.0,0.0,-750.0,3520.0,yonden
2018,2,2018-02-21,13:00,3650.0,0.0,3260.0,210.0,－－－－－－－－－－,10.0,970.0,0.0,30.0,0.0,0.0,-830.0,3650.0,yonden
2018,2,2018-02-21,14:00,3630.0,0.0,3240.0,220.0,－－－－－－－－－－,10.0,850.0,0.0,30.0,0.0,0.0,-720.0,3630.0,yonden
2018,2,2018-02-21,15:00,3630.0,0.0,3310.0,220.0,－－－－－－－－－－,10.0,670.0,0.0,50.0,0.0,0.0,-630.0,3630.0,yonden
2018,2,2018-02-21,16:00,3740.0,0.0,3800.0,250.0,－－－－－－－－－－,10.0,370.0,0.0,40.0,0.0,0.0,-730.0,3740.0,yonden
2018,2,2018-02-21,17:00,3840.0,0.0,4050.0,370.0,－－－－－－－－－－,10.0,70.0,0.0,50.0,0.0,0.0,-710.0,3840.0,yonden
2018,2,2018-02-21,18:00,4040.0,0.0,4240.0,480.0,－－－－－－－－－－,10.0,0.0,0.0,50.0,0.0,0.0,-740.0,4040.0,yonden
2018,2,2018-02-21,19:00,3930.0,0.0,4070.0,380.0,－－－－－－－－－－,10.0,0.0,0.0,50.0,0.0,0.0,-580.0,3930.0,yonden
2018,2,2018-02-21,20:00,3790.0,0.0,3990.0,300.0,－－－－－－－－－－,10.0,0.0,0.0,50.0,0.0,0.0,-560.0,3790.0,yonden
2018,2,2018-02-21,21:00,3580.0,0.0,3740.0,250.0,－－－－－－－－－－,10.0,0.0,0.0,40.0,0.0,0.0,-460.0,3580.0,yonden
2018,2,2018-02-21,22:00,3340.0,0.0,3500.0,190.0,－－－－－－－－－－,10.0,0.0,0.0,40.0,0.0,0.0,-400.0,3340.0,yonden
2018,2,2018-02-21,23:00,3230.0,0.0,3430.0,180.0,－－－－－－－－－－,10.0,0.0,0.0,40.0,0.0,0.0,-430.0,3230.0,yonden
2018,2,2018-02-22,00:00,3190.0,0.0,3460.0,150.0,－－－－－－－－－－,10.0,0.0,0.0,40.0,0.0,0.0,-470.0,3190.0,yonden
2018,2,2018-02-22,01:00,3300.0,0.0,3600.0,140.0,－－－－－－－－－－,10.0,0.0,0.0,40.0,0.0,0.0,-490.0,3300.0,yonden
2018,2,2018-02-22,02:00,3500.0,0.0,3620.0,170.0,－－－－－－－－－－,10.0,0.0,0.0,40.0,0.0,0.0,-340.0,3500.0,yonden
2018,2,2018-02-22,03:00,3600.0,0.0,3550.0,210.0,－－－－－－－－－－,10.0,0.0,0.0,50.0,0.0,0.0,-220.0,3600.0,yonden
2018,2,2018-02-22,04:00,3590.0,0.0,3540.0,190.0,－－－－－－－－－－,10.0,0.0,0.0,50.0,0.0,0.0,-200.0,3590.0,yonden
2018,2,2018-02-22,05:00,3540.0,0.0,3630.0,210.0,－－－－－－－－－－,10.0,0.0,0.0,50.0,0.0,0.0,-360.0,3540.0,yonden
2018,2,2018-02-22,06:00,3630.0,0.0,3700.0,320.0,－－－－－－－－－－,10.0,0.0,0.0,60.0,0.0,0.0,-460.0,3630.0,yonden
2018,2,2018-02-22,07:00,3690.0,0.0,3600.0,330.0,－－－－－－－－－－,10.0,110.0,0.0,60.0,0.0,0.0,-420.0,3690.0,yonden
2018,2,2018-02-22,08:00,4000.0,0.0,3750.0,340.0,－－－－－－－－－－,10.0,300.0,0.0,40.0,0.0,0.0,-440.0,4000.0,yonden
2018,2,2018-02-22,09:00,4050.0,0.0,3790.0,370.0,－－－－－－－－－－,10.0,520.0,0.0,20.0,0.0,0.0,-660.0,4050.0,yonden
2018,2,2018-02-22,10:00,3930.0,0.0,3430.0,260.0,－－－－－－－－－－,10.0,820.0,0.0,30.0,0.0,0.0,-620.0,3930.0,yonden
2018,2,2018-02-22,11:00,3810.0,0.0,3190.0,250.0,－－－－－－－－－－,10.0,1010.0,0.0,30.0,0.0,0.0,-680.0,3810.0,yonden
2018,2,2018-02-22,12:00,3570.0,0.0,2900.0,220.0,－－－－－－－－－－,10.0,1090.0,0.0,20.0,0.0,0.0,-670.0,3570.0,yonden
2018,2,2018-02-22,13:00,3710.0,0.0,3090.0,230.0,－－－－－－－－－－,10.0,1050.0,0.0,20.0,0.0,0.0,-690.0,3710.0,yonden
2018,2,2018-02-22,14:00,3680.0,0.0,3160.0,240.0,－－－－－－－－－－,10.0,840.0,0.0,30.0,0.0,0.0,-600.0,3680.0,yonden
2018,2,2018-02-22,15:00,3670.0,0.0,3320.0,280.0,－－－－－－－－－－,10.0,570.0,0.0,20.0,0.0,0.0,-530.0,3670.0,yonden
2018,2,2018-02-22,16:00,3790.0,0.0,3770.0,330.0,－－－－－－－－－－,10.0,230.0,0.0,10.0,0.0,0.0,-560.0,3790.0,yonden
2018,2,2018-02-22,17:00,3930.0,0.0,4070.0,450.0,－－－－－－－－－－,10.0,30.0,0.0,10.0,0.0,0.0,-640.0,3930.0,yonden
2018,2,2018-02-22,18:00,4120.0,0.0,4120.0,490.0,－－－－－－－－－－,10.0,0.0,0.0,10.0,0.0,130.0,-640.0,4120.0,yonden
2018,2,2018-02-22,19:00,4030.0,0.0,4090.0,430.0,－－－－－－－－－－,10.0,0.0,0.0,10.0,0.0,70.0,-580.0,4030.0,yonden
2018,2,2018-02-22,20:00,3880.0,0.0,4170.0,330.0,－－－－－－－－－－,10.0,0.0,0.0,20.0,0.0,0.0,-650.0,3880.0,yonden
2018,2,2018-02-22,21:00,3640.0,0.0,3890.0,270.0,－－－－－－－－－－,10.0,0.0,0.0,20.0,0.0,0.0,-550.0,3640.0,yonden
2018,2,2018-02-22,22:00,3390.0,0.0,3620.0,160.0,－－－－－－－－－－,10.0,0.0,0.0,40.0,0.0,0.0,-440.0,3390.0,yonden
2018,2,2018-02-22,23:00,3330.0,0.0,3580.0,150.0,－－－－－－－－－－,10.0,0.0,0.0,60.0,0.0,0.0,-470.0,3330.0,yonden
2018,2,2018-02-23,00:00,3320.0,0.0,3610.0,160.0,－－－－－－－－－－,10.0,0.0,0.0,60.0,0.0,0.0,-520.0,3320.0,yonden
2018,2,2018-02-23,01:00,3410.0,0.0,3640.0,150.0,－－－－－－－－－－,10.0,0.0,0.0,70.0,0.0,0.0,-460.0,3410.0,yonden
2018,2,2018-02-23,02:00,3600.0,0.0,3670.0,210.0,－－－－－－－－－－,10.0,0.0,0.0,80.0,0.0,0.0,-370.0,3600.0,yonden
2018,2,2018-02-23,03:00,3660.0,0.0,3640.0,250.0,－－－－－－－－－－,10.0,0.0,0.0,90.0,0.0,0.0,-330.0,3660.0,yonden
2018,2,2018-02-23,04:00,3630.0,0.0,3580.0,260.0,－－－－－－－－－－,10.0,0.0,0.0,110.0,0.0,0.0,-330.0,3630.0,yonden
2018,2,2018-02-23,05:00,3570.0,0.0,3620.0,270.0,－－－－－－－－－－,10.0,0.0,0.0,80.0,0.0,0.0,-410.0,3570.0,yonden
2018,2,2018-02-23,06:00,3710.0,0.0,3740.0,330.0,－－－－－－－－－－,10.0,0.0,0.0,70.0,0.0,0.0,-440.0,3710.0,yonden
2018,2,2018-02-23,07:00,3870.0,0.0,3780.0,300.0,－－－－－－－－－－,10.0,160.0,0.0,50.0,0.0,0.0,-430.0,3870.0,yonden
2018,2,2018-02-23,08:00,4030.0,0.0,3700.0,300.0,－－－－－－－－－－,10.0,510.0,0.0,50.0,0.0,0.0,-540.0,4030.0,yonden
2018,2,2018-02-23,09:00,3910.0,0.0,3440.0,270.0,－－－－－－－－－－,10.0,950.0,0.0,60.0,0.0,0.0,-820.0,3910.0,yonden
2018,2,2018-02-23,10:00,3760.0,0.0,3140.0,240.0,－－－－－－－－－－,10.0,1270.0,0.0,50.0,0.0,0.0,-950.0,3760.0,yonden
2018,2,2018-02-23,11:00,3670.0,0.0,3010.0,240.0,－－－－－－－－－－,10.0,1420.0,0.0,70.0,0.0,-50.0,-1030.0,3670.0,yonden
2018,2,2018-02-23,12:00,3450.0,0.0,2970.0,240.0,－－－－－－－－－－,10.0,1470.0,0.0,90.0,0.0,-290.0,-1040.0,3450.0,yonden
2018,2,2018-02-23,13:00,3600.0,0.0,2960.0,220.0,－－－－－－－－－－,10.0,1420.0,0.0,100.0,0.0,-50.0,-1060.0,3600.0,yonden
2018,2,2018-02-23,14:00,3570.0,0.0,3130.0,240.0,－－－－－－－－－－,10.0,1220.0,0.0,100.0,0.0,0.0,-1130.0,3570.0,yonden
2018,2,2018-02-23,15:00,3550.0,0.0,3250.0,260.0,－－－－－－－－－－,10.0,890.0,0.0,90.0,0.0,0.0,-950.0,3550.0,yonden
2018,2,2018-02-23,16:00,3690.0,0.0,3660.0,320.0,－－－－－－－－－－,10.0,500.0,0.0,90.0,0.0,0.0,-890.0,3690.0,yonden
2018,2,2018-02-23,17:00,3760.0,0.0,3850.0,440.0,－－－－－－－－－－,10.0,100.0,0.0,70.0,0.0,220.0,-930.0,3760.0,yonden
2018,2,2018-02-23,18:00,3960.0,0.0,3870.0,520.0,－－－－－－－－－－,10.0,0.0,0.0,50.0,0.0,270.0,-760.0,3960.0,yonden
2018,2,2018-02-23,19:00,3890.0,0.0,3790.0,450.0,－－－－－－－－－－,10.0,0.0,0.0,40.0,0.0,170.0,-570.0,3890.0,yonden
2018,2,2018-02-23,20:00,3790.0,0.0,3770.0,340.0,－－－－－－－－－－,10.0,0.0,0.0,20.0,0.0,190.0,-540.0,3790.0,yonden
2018,2,2018-02-23,21:00,3590.0,0.0,3790.0,250.0,－－－－－－－－－－,10.0,0.0,0.0,10.0,0.0,90.0,-560.0,3590.0,yonden
2018,2,2018-02-23,22:00,3370.0,0.0,3670.0,200.0,－－－－－－－－－－,10.0,0.0,0.0,0.0,0.0,0.0,-510.0,3370.0,yonden
2018,2,2018-02-23,23:00,3320.0,0.0,3520.0,190.0,－－－－－－－－－－,10.0,0.0,0.0,0.0,0.0,0.0,-400.0,3320.0,yonden
2018,2,2018-02-24,00:00,3290.0,0.0,3380.0,200.0,－－－－－－－－－－,10.0,0.0,0.0,0.0,0.0,0.0,-300.0,3290.0,yonden
2018,2,2018-02-24,01:00,3420.0,0.0,3460.0,200.0,－－－－－－－－－－,10.0,0.0,0.0,0.0,0.0,0.0,-250.0,3420.0,yonden
2018,2,2018-02-24,02:00,3600.0,0.0,3470.0,210.0,－－－－－－－－－－,10.0,0.0,0.0,0.0,0.0,0.0,-90.0,3600.0,yonden
2018,2,2018-02-24,03:00,3620.0,0.0,3450.0,200.0,－－－－－－－－－－,10.0,0.0,0.0,0.0,0.0,0.0,-40.0,3620.0,yonden
2018,2,2018-02-24,04:00,3540.0,0.0,3430.0,200.0,－－－－－－－－－－,10.0,0.0,0.0,0.0,0.0,0.0,-100.0,3540.0,yonden
2018,2,2018-02-24,05:00,3410.0,0.0,3420.0,230.0,－－－－－－－－－－,10.0,0.0,0.0,0.0,0.0,0.0,-250.0,3410.0,yonden
2018,2,2018-02-24,06:00,3390.0,0.0,3450.0,250.0,－－－－－－－－－－,10.0,0.0,0.0,10.0,0.0,0.0,-330.0,3390.0,yonden
2018,2,2018-02-24,07:00,3490.0,0.0,3370.0,190.0,－－－－－－－－－－,10.0,200.0,0.0,20.0,0.0,0.0,-300.0,3490.0,yonden
2018,2,2018-02-24,08:00,3570.0,0.0,3210.0,210.0,－－－－－－－－－－,10.0,530.0,0.0,10.0,0.0,0.0,-400.0,3570.0,yonden
2018,2,2018-02-24,09:00,3480.0,0.0,2950.0,190.0,－－－－－－－－－－,10.0,880.0,0.0,10.0,0.0,0.0,-560.0,3480.0,yonden
2018,2,2018-02-24,10:00,3310.0,0.0,2710.0,160.0,－－－－－－－－－－,10.0,1180.0,0.0,10.0,0.0,-200.0,-560.0,3310.0,yonden
2018,2,2018-02-24,11:00,3160.0,0.0,2720.0,170.0,－－－－－－－－－－,10.0,1350.0,0.0,10.0,0.0,-490.0,-610.0,3160.0,yonden
2018,2,2018-02-24,12:00,3000.0,0.0,2740.0,180.0,－－－－－－－－－－,10.0,1380.0,0.0,10.0,0.0,-590.0,-730.0,3000.0,yonden
2018,2,2018-02-24,13:00,3030.0,0.0,2630.0,170.0,－－－－－－－－－－,10.0,1320.0,0.0,20.0,0.0,-580.0,-540.0,3030.0,yonden
2018,2,2018-02-24,14:00,2990.0,0.0,2730.0,160.0,－－－－－－－－－－,10.0,1140.0,0.0,20.0,0.0,-580.0,-490.0,2990.0,yonden
2018,2,2018-02-24,15:00,2990.0,0.0,2660.0,170.0,－－－－－－－－－－,10.0,840.0,0.0,10.0,0.0,-360.0,-340.0,2990.0,yonden
2018,2,2018-02-24,16:00,3120.0,0.0,2830.0,180.0,－－－－－－－－－－,10.0,440.0,0.0,10.0,0.0,0.0,-350.0,3120.0,yonden
2018,2,2018-02-24,17:00,3240.0,0.0,3210.0,270.0,－－－－－－－－－－,10.0,90.0,0.0,10.0,0.0,0.0,-350.0,3240.0,yonden
2018,2,2018-02-24,18:00,3440.0,0.0,3430.0,370.0,－－－－－－－－－－,10.0,0.0,0.0,10.0,0.0,0.0,-380.0,3440.0,yonden
2018,2,2018-02-24,19:00,3450.0,0.0,3420.0,400.0,－－－－－－－－－－,10.0,0.0,0.0,10.0,0.0,0.0,-390.0,3450.0,yonden
2018,2,2018-02-24,20:00,3360.0,0.0,3440.0,280.0,－－－－－－－－－－,10.0,0.0,0.0,10.0,0.0,0.0,-380.0,3360.0,yonden
2018,2,2018-02-24,21:00,3200.0,0.0,3300.0,180.0,－－－－－－－－－－,10.0,0.0,0.0,10.0,0.0,0.0,-300.0,3200.0,yonden
2018,2,2018-02-24,22:00,2990.0,0.0,3170.0,140.0,－－－－－－－－－－,10.0,0.0,0.0,0.0,0.0,0.0,-330.0,2990.0,yonden
2018,2,2018-02-24,23:00,2920.0,0.0,3100.0,140.0,－－－－－－－－－－,10.0,0.0,0.0,0.0,0.0,0.0,-330.0,2920.0,yonden
2018,2,2018-02-25,00:00,2880.0,0.0,3070.0,150.0,－－－－－－－－－－,10.0,0.0,0.0,0.0,0.0,0.0,-350.0,2880.0,yonden
2018,2,2018-02-25,01:00,3000.0,0.0,3070.0,150.0,－－－－－－－－－－,10.0,0.0,0.0,0.0,0.0,0.0,-230.0,3000.0,yonden
2018,2,2018-02-25,02:00,3220.0,0.0,3070.0,150.0,－－－－－－－－－－,10.0,0.0,0.0,0.0,0.0,0.0,-10.0,3220.0,yonden
2018,2,2018-02-25,03:00,3310.0,0.0,3110.0,190.0,－－－－－－－－－－,10.0,0.0,0.0,0.0,0.0,0.0,0.0,3310.0,yonden
2018,2,2018-02-25,04:00,3280.0,0.0,3130.0,180.0,－－－－－－－－－－,10.0,0.0,0.0,0.0,0.0,0.0,-40.0,3280.0,yonden
2018,2,2018-02-25,05:00,3110.0,0.0,3150.0,190.0,－－－－－－－－－－,10.0,0.0,0.0,10.0,0.0,0.0,-250.0,3110.0,yonden
2018,2,2018-02-25,06:00,2920.0,0.0,3140.0,190.0,－－－－－－－－－－,10.0,0.0,0.0,0.0,0.0,0.0,-420.0,2920.0,yonden
2018,2,2018-02-25,07:00,2900.0,0.0,3020.0,170.0,－－－－－－－－－－,10.0,70.0,0.0,10.0,0.0,0.0,-380.0,2900.0,yonden
2018,2,2018-02-25,08:00,3010.0,0.0,2990.0,180.0,－－－－－－－－－－,10.0,200.0,0.0,0.0,0.0,0.0,-370.0,3010.0,yonden
2018,2,2018-02-25,09:00,3020.0,0.0,2810.0,180.0,－－－－－－－－－－,10.0,480.0,0.0,10.0,0.0,0.0,-470.0,3020.0,yonden
2018,2,2018-02-25,10:00,2940.0,0.0,2540.0,160.0,－－－－－－－－－－,10.0,730.0,0.0,20.0,0.0,-200.0,-320.0,2940.0,yonden
2018,2,2018-02-25,11:00,2940.0,0.0,2560.0,140.0,－－－－－－－－－－,10.0,680.0,0.0,10.0,0.0,-170.0,-290.0,2940.0,yonden
2018,2,2018-02-25,12:00,2870.0,0.0,2500.0,150.0,－－－－－－－－－－,10.0,570.0,0.0,10.0,0.0,0.0,-370.0,2870.0,yonden
2018,2,2018-02-25,13:00,2810.0,0.0,2610.0,140.0,－－－－－－－－－－,10.0,390.0,0.0,10.0,0.0,0.0,-350.0,2810.0,yonden
2018,2,2018-02-25,14:00,2780.0,0.0,2690.0,140.0,－－－－－－－－－－,10.0,270.0,0.0,10.0,0.0,0.0,-340.0,2780.0,yonden
2018,2,2018-02-25,15:00,2860.0,0.0,2840.0,150.0,－－－－－－－－－－,10.0,170.0,0.0,10.0,0.0,0.0,-320.0,2860.0,yonden
2018,2,2018-02-25,16:00,3020.0,0.0,3130.0,210.0,－－－－－－－－－－,10.0,80.0,0.0,10.0,0.0,0.0,-420.0,3020.0,yonden
2018,2,2018-02-25,17:00,3310.0,0.0,3440.0,280.0,－－－－－－－－－－,10.0,20.0,0.0,20.0,0.0,0.0,-460.0,3310.0,yonden
2018,2,2018-02-25,18:00,3500.0,0.0,3520.0,380.0,－－－－－－－－－－,10.0,0.0,0.0,20.0,0.0,0.0,-430.0,3500.0,yonden
2018,2,2018-02-25,19:00,3460.0,0.0,3430.0,290.0,－－－－－－－－－－,10.0,0.0,0.0,20.0,0.0,130.0,-420.0,3460.0,yonden
2018,2,2018-02-25,20:00,3370.0,0.0,3350.0,270.0,－－－－－－－－－－,10.0,0.0,0.0,30.0,0.0,140.0,-430.0,3370.0,yonden
2018,2,2018-02-25,21:00,3190.0,0.0,3270.0,250.0,－－－－－－－－－－,10.0,0.0,0.0,20.0,0.0,90.0,-450.0,3190.0,yonden
2018,2,2018-02-25,22:00,2950.0,0.0,3130.0,210.0,－－－－－－－－－－,10.0,0.0,0.0,20.0,0.0,0.0,-420.0,2950.0,yonden
2018,2,2018-02-25,23:00,2850.0,0.0,2960.0,170.0,－－－－－－－－－－,10.0,0.0,0.0,30.0,0.0,0.0,-320.0,2850.0,yonden
2018,2,2018-02-26,00:00,2840.0,0.0,2990.0,170.0,－－－－－－－－－－,10.0,0.0,0.0,30.0,0.0,0.0,-360.0,2840.0,yonden
2018,2,2018-02-26,01:00,2990.0,0.0,3060.0,160.0,－－－－－－－－－－,10.0,0.0,0.0,30.0,0.0,0.0,-270.0,2990.0,yonden
2018,2,2018-02-26,02:00,3200.0,0.0,3200.0,190.0,－－－－－－－－－－,10.0,0.0,0.0,30.0,0.0,0.0,-230.0,3200.0,yonden
2018,2,2018-02-26,03:00,3310.0,0.0,3160.0,250.0,－－－－－－－－－－,10.0,0.0,0.0,40.0,0.0,0.0,-150.0,3310.0,yonden
2018,2,2018-02-26,04:00,3320.0,0.0,3180.0,270.0,－－－－－－－－－－,10.0,0.0,0.0,50.0,0.0,0.0,-190.0,3320.0,yonden
2018,2,2018-02-26,05:00,3280.0,0.0,3160.0,310.0,－－－－－－－－－－,10.0,0.0,0.0,60.0,0.0,130.0,-390.0,3280.0,yonden
2018,2,2018-02-26,06:00,3420.0,0.0,3340.0,290.0,－－－－－－－－－－,10.0,10.0,0.0,70.0,0.0,140.0,-440.0,3420.0,yonden
2018,2,2018-02-26,07:00,3550.0,0.0,3410.0,250.0,－－－－－－－－－－,10.0,210.0,0.0,60.0,0.0,160.0,-550.0,3550.0,yonden
2018,2,2018-02-26,08:00,3760.0,0.0,3370.0,190.0,－－－－－－－－－－,10.0,530.0,0.0,50.0,0.0,160.0,-550.0,3760.0,yonden
2018,2,2018-02-26,09:00,3730.0,0.0,3130.0,160.0,－－－－－－－－－－,10.0,880.0,0.0,40.0,0.0,230.0,-720.0,3730.0,yonden
2018,2,2018-02-26,10:00,3580.0,0.0,3070.0,160.0,－－－－－－－－－－,10.0,1110.0,0.0,30.0,0.0,-50.0,-750.0,3580.0,yonden
2018,2,2018-02-26,11:00,3470.0,0.0,3070.0,170.0,－－－－－－－－－－,10.0,1250.0,0.0,30.0,0.0,-320.0,-740.0,3470.0,yonden
2018,2,2018-02-26,12:00,3260.0,0.0,2980.0,180.0,－－－－－－－－－－,10.0,1350.0,0.0,40.0,0.0,-580.0,-720.0,3260.0,yonden
2018,2,2018-02-26,13:00,3410.0,0.0,2840.0,170.0,－－－－－－－－－－,10.0,1350.0,0.0,50.0,0.0,-340.0,-670.0,3410.0,yonden
2018,2,2018-02-26,14:00,3380.0,0.0,2860.0,170.0,－－－－－－－－－－,10.0,1170.0,0.0,50.0,0.0,-290.0,-590.0,3380.0,yonden
2018,2,2018-02-26,15:00,3400.0,0.0,3140.0,170.0,－－－－－－－－－－,10.0,860.0,0.0,50.0,0.0,0.0,-830.0,3400.0,yonden
2018,2,2018-02-26,16:00,3510.0,0.0,3530.0,240.0,－－－－－－－－－－,10.0,490.0,0.0,50.0,0.0,0.0,-810.0,3510.0,yonden
2018,2,2018-02-26,17:00,3570.0,0.0,3680.0,360.0,－－－－－－－－－－,10.0,120.0,0.0,40.0,0.0,200.0,-840.0,3570.0,yonden
2018,2,2018-02-26,18:00,3760.0,0.0,3680.0,440.0,－－－－－－－－－－,10.0,0.0,0.0,30.0,0.0,290.0,-690.0,3760.0,yonden
2018,2,2018-02-26,19:00,3700.0,0.0,3580.0,410.0,－－－－－－－－－－,10.0,0.0,0.0,30.0,0.0,290.0,-620.0,3700.0,yonden
2018,2,2018-02-26,20:00,3570.0,0.0,3520.0,280.0,－－－－－－－－－－,10.0,0.0,0.0,30.0,0.0,280.0,-550.0,3570.0,yonden
2018,2,2018-02-26,21:00,3380.0,0.0,3530.0,220.0,－－－－－－－－－－,10.0,0.0,0.0,20.0,0.0,120.0,-520.0,3380.0,yonden
2018,2,2018-02-26,22:00,3150.0,0.0,3390.0,200.0,－－－－－－－－－－,10.0,0.0,0.0,20.0,0.0,0.0,-470.0,3150.0,yonden
2018,2,2018-02-26,23:00,3060.0,0.0,3270.0,160.0,－－－－－－－－－－,10.0,0.0,0.0,20.0,0.0,0.0,-400.0,3060.0,yonden
2018,2,2018-02-27,00:00,3050.0,0.0,3230.0,140.0,－－－－－－－－－－,10.0,0.0,0.0,20.0,0.0,0.0,-350.0,3050.0,yonden
2018,2,2018-02-27,01:00,3170.0,0.0,3300.0,130.0,－－－－－－－－－－,10.0,0.0,0.0,10.0,0.0,0.0,-280.0,3170.0,yonden
2018,2,2018-02-27,02:00,3420.0,0.0,3310.0,160.0,－－－－－－－－－－,10.0,0.0,0.0,0.0,0.0,0.0,-60.0,3420.0,yonden
2018,2,2018-02-27,03:00,3520.0,0.0,3270.0,180.0,－－－－－－－－－－,10.0,0.0,0.0,0.0,0.0,0.0,60.0,3520.0,yonden
2018,2,2018-02-27,04:00,3510.0,0.0,3340.0,170.0,－－－－－－－－－－,10.0,0.0,0.0,10.0,0.0,0.0,-20.0,3510.0,yonden
2018,2,2018-02-27,05:00,3470.0,0.0,3440.0,250.0,－－－－－－－－－－,10.0,0.0,0.0,20.0,0.0,0.0,-250.0,3470.0,yonden
2018,2,2018-02-27,06:00,3610.0,0.0,3600.0,320.0,－－－－－－－－－－,10.0,10.0,0.0,10.0,0.0,90.0,-430.0,3610.0,yonden
2018,2,2018-02-27,07:00,3700.0,0.0,3530.0,280.0,－－－－－－－－－－,10.0,230.0,0.0,10.0,0.0,140.0,-500.0,3700.0,yonden
2018,2,2018-02-27,08:00,3820.0,0.0,3510.0,250.0,－－－－－－－－－－,10.0,570.0,0.0,0.0,0.0,60.0,-580.0,3820.0,yonden
2018,2,2018-02-27,09:00,3720.0,0.0,3280.0,230.0,－－－－－－－－－－,10.0,930.0,0.0,0.0,0.0,0.0,-730.0,3720.0,yonden
2018,2,2018-02-27,10:00,3530.0,0.0,2910.0,170.0,－－－－－－－－－－,10.0,1190.0,0.0,0.0,0.0,0.0,-750.0,3530.0,yonden
2018,2,2018-02-27,11:00,3450.0,0.0,2930.0,160.0,－－－－－－－－－－,10.0,1350.0,0.0,0.0,0.0,-330.0,-670.0,3450.0,yonden
2018,2,2018-02-27,12:00,3220.0,0.0,2940.0,170.0,－－－－－－－－－－,10.0,1410.0,0.0,0.0,0.0,-590.0,-720.0,3220.0,yonden
2018,2,2018-02-27,13:00,3390.0,0.0,2840.0,160.0,－－－－－－－－－－,10.0,1380.0,0.0,0.0,0.0,-490.0,-510.0,3390.0,yonden
2018,2,2018-02-27,14:00,3370.0,0.0,2760.0,170.0,－－－－－－－－－－,10.0,1190.0,0.0,0.0,0.0,-290.0,-470.0,3370.0,yonden
2018,2,2018-02-27,15:00,3360.0,0.0,3060.0,170.0,－－－－－－－－－－,10.0,870.0,0.0,0.0,0.0,0.0,-750.0,3360.0,yonden
2018,2,2018-02-27,16:00,3490.0,0.0,3460.0,220.0,－－－－－－－－－－,10.0,490.0,0.0,10.0,0.0,0.0,-700.0,3490.0,yonden
2018,2,2018-02-27,17:00,3580.0,0.0,3610.0,370.0,－－－－－－－－－－,10.0,110.0,0.0,10.0,0.0,0.0,-530.0,3580.0,yonden
2018,2,2018-02-27,18:00,3750.0,0.0,3570.0,460.0,－－－－－－－－－－,10.0,0.0,0.0,0.0,0.0,210.0,-500.0,3750.0,yonden
2018,2,2018-02-27,19:00,3690.0,0.0,3570.0,390.0,－－－－－－－－－－,10.0,0.0,0.0,0.0,0.0,240.0,-520.0,3690.0,yonden
2018,2,2018-02-27,20:00,3580.0,0.0,3560.0,320.0,－－－－－－－－－－,10.0,0.0,0.0,0.0,0.0,220.0,-530.0,3580.0,yonden
2018,2,2018-02-27,21:00,3390.0,0.0,3530.0,310.0,－－－－－－－－－－,10.0,0.0,0.0,0.0,0.0,0.0,-460.0,3390.0,yonden
2018,2,2018-02-27,22:00,3160.0,0.0,3360.0,260.0,－－－－－－－－－－,10.0,0.0,0.0,0.0,0.0,0.0,-470.0,3160.0,yonden
2018,2,2018-02-27,23:00,3070.0,0.0,3280.0,210.0,－－－－－－－－－－,10.0,0.0,0.0,0.0,0.0,0.0,-430.0,3070.0,yonden
2018,2,2018-02-28,00:00,3050.0,0.0,3220.0,190.0,－－－－－－－－－－,10.0,0.0,0.0,0.0,0.0,0.0,-370.0,3050.0,yonden
2018,2,2018-02-28,01:00,3170.0,0.0,3260.0,190.0,－－－－－－－－－－,10.0,0.0,0.0,0.0,0.0,0.0,-290.0,3170.0,yonden
2018,2,2018-02-28,02:00,3380.0,0.0,3310.0,230.0,－－－－－－－－－－,10.0,0.0,0.0,0.0,0.0,0.0,-170.0,3380.0,yonden
2018,2,2018-02-28,03:00,3480.0,0.0,3220.0,250.0,－－－－－－－－－－,10.0,0.0,0.0,0.0,0.0,0.0,0.0,3480.0,yonden
2018,2,2018-02-28,04:00,3470.0,0.0,3230.0,270.0,－－－－－－－－－－,10.0,0.0,0.0,0.0,0.0,0.0,-40.0,3470.0,yonden
2018,2,2018-02-28,05:00,3410.0,0.0,3440.0,270.0,－－－－－－－－－－,10.0,0.0,0.0,0.0,0.0,0.0,-310.0,3410.0,yonden
2018,2,2018-02-28,06:00,3540.0,0.0,3780.0,310.0,－－－－－－－－－－,10.0,10.0,0.0,10.0,0.0,0.0,-580.0,3540.0,yonden
2018,2,2018-02-28,07:00,3600.0,0.0,3720.0,290.0,－－－－－－－－－－,10.0,210.0,0.0,20.0,0.0,0.0,-650.0,3600.0,yonden
2018,2,2018-02-28,08:00,3770.0,0.0,3530.0,300.0,－－－－－－－－－－,10.0,450.0,0.0,30.0,0.0,0.0,-550.0,3770.0,yonden
2018,2,2018-02-28,09:00,3730.0,0.0,3460.0,250.0,－－－－－－－－－－,10.0,690.0,0.0,30.0,0.0,0.0,-710.0,3730.0,yonden
2018,2,2018-02-28,10:00,3550.0,0.0,2820.0,220.0,－－－－－－－－－－,10.0,910.0,0.0,50.0,0.0,0.0,-460.0,3550.0,yonden
2018,2,2018-02-28,11:00,3500.0,0.0,2900.0,240.0,－－－－－－－－－－,10.0,860.0,0.0,70.0,0.0,-50.0,-530.0,3500.0,yonden
2018,2,2018-02-28,12:00,3250.0,0.0,2910.0,210.0,－－－－－－－－－－,10.0,830.0,0.0,100.0,0.0,-300.0,-510.0,3250.0,yonden
2018,2,2018-02-28,13:00,3430.0,0.0,2970.0,260.0,－－－－－－－－－－,10.0,600.0,0.0,120.0,0.0,-60.0,-470.0,3430.0,yonden
2018,2,2018-02-28,14:00,3500.0,0.0,3230.0,290.0,－－－－－－－－－－,10.0,260.0,0.0,130.0,0.0,0.0,-420.0,3500.0,yonden
2018,2,2018-02-28,15:00,3610.0,0.0,3520.0,300.0,－－－－－－－－－－,10.0,100.0,0.0,120.0,0.0,0.0,-440.0,3610.0,yonden
2018,2,2018-02-28,16:00,3760.0,0.0,3690.0,390.0,－－－－－－－－－－,10.0,50.0,0.0,120.0,0.0,110.0,-610.0,3760.0,yonden
2018,2,2018-02-28,17:00,3760.0,0.0,3650.0,460.0,－－－－－－－－－－,10.0,20.0,0.0,100.0,0.0,270.0,-750.0,3760.0,yonden
2018,2,2018-02-28,18:00,3790.0,0.0,3650.0,480.0,－－－－－－－－－－,10.0,0.0,0.0,100.0,0.0,290.0,-740.0,3790.0,yonden
2018,2,2018-02-28,19:00,3650.0,0.0,3540.0,460.0,－－－－－－－－－－,10.0,0.0,0.0,80.0,0.0,300.0,-740.0,3650.0,yonden
2018,2,2018-02-28,20:00,3480.0,0.0,3510.0,380.0,－－－－－－－－－－,10.0,0.0,0.0,50.0,0.0,90.0,-560.0,3480.0,yonden
2018,2,2018-02-28,21:00,3260.0,0.0,3420.0,380.0,－－－－－－－－－－,10.0,0.0,0.0,30.0,0.0,0.0,-580.0,3260.0,yonden
2018,2,2018-02-28,22:00,3010.0,0.0,3070.0,430.0,－－－－－－－－－－,10.0,0.0,0.0,60.0,0.0,0.0,-560.0,3010.0,yonden
2018,2,2018-02-28,23:00,2910.0,0.0,2810.0,460.0,－－－－－－－－－－,10.0,0.0,0.0,60.0,0.0,0.0,-430.0,2910.0,yonden
2018,3,2018-03-01,00:00,2850.0,0.0,2780.0,490.0,－－－－－－－－－－,10.0,0.0,0.0,80.0,0.0,0.0,-510.0,2850.0,yonden
2018,3,2018-03-01,01:00,2960.0,0.0,2870.0,510.0,－－－－－－－－－－,10.0,0.0,0.0,70.0,0.0,0.0,-500.0,2960.0,yonden
2018,3,2018-03-01,02:00,3150.0,0.0,2970.0,540.0,－－－－－－－－－－,10.0,0.0,0.0,70.0,0.0,0.0,-440.0,3150.0,yonden
2018,3,2018-03-01,03:00,3280.0,0.0,3030.0,540.0,－－－－－－－－－－,10.0,0.0,0.0,80.0,0.0,0.0,-380.0,3280.0,yonden
2018,3,2018-03-01,04:00,3280.0,0.0,3070.0,520.0,－－－－－－－－－－,10.0,0.0,0.0,50.0,0.0,0.0,-370.0,3280.0,yonden
2018,3,2018-03-01,05:00,3190.0,0.0,3060.0,510.0,－－－－－－－－－－,10.0,0.0,0.0,60.0,0.0,0.0,-450.0,3190.0,yonden
2018,3,2018-03-01,06:00,3190.0,0.0,3120.0,530.0,－－－－－－－－－－,10.0,0.0,0.0,70.0,0.0,0.0,-540.0,3190.0,yonden
2018,3,2018-03-01,07:00,3280.0,0.0,3150.0,530.0,－－－－－－－－－－,10.0,110.0,0.0,70.0,0.0,210.0,-800.0,3280.0,yonden
2018,3,2018-03-01,08:00,3470.0,0.0,3170.0,570.0,－－－－－－－－－－,10.0,390.0,0.0,80.0,0.0,210.0,-960.0,3470.0,yonden
2018,3,2018-03-01,09:00,3440.0,0.0,2940.0,560.0,－－－－－－－－－－,10.0,840.0,0.0,90.0,0.0,20.0,-1020.0,3440.0,yonden
2018,3,2018-03-01,10:00,3460.0,0.0,2700.0,520.0,－－－－－－－－－－,10.0,1130.0,0.0,100.0,0.0,0.0,-1000.0,3460.0,yonden
2018,3,2018-03-01,11:00,3440.0,0.0,2870.0,540.0,－－－－－－－－－－,10.0,1080.0,0.0,100.0,0.0,-300.0,-860.0,3440.0,yonden
2018,3,2018-03-01,12:00,3240.0,0.0,2600.0,490.0,－－－－－－－－－－,10.0,970.0,0.0,100.0,0.0,-140.0,-790.0,3240.0,yonden
2018,3,2018-03-01,13:00,3380.0,0.0,2500.0,440.0,－－－－－－－－－－,10.0,960.0,0.0,110.0,0.0,-10.0,-630.0,3380.0,yonden
2018,3,2018-03-01,14:00,3340.0,0.0,2570.0,450.0,－－－－－－－－－－,10.0,890.0,0.0,100.0,0.0,0.0,-680.0,3340.0,yonden
2018,3,2018-03-01,15:00,3350.0,0.0,2690.0,450.0,－－－－－－－－－－,10.0,760.0,0.0,110.0,0.0,0.0,-670.0,3350.0,yonden
2018,3,2018-03-01,16:00,3470.0,0.0,2990.0,450.0,－－－－－－－－－－,10.0,470.0,0.0,130.0,0.0,0.0,-580.0,3470.0,yonden
2018,3,2018-03-01,17:00,3540.0,0.0,3400.0,560.0,－－－－－－－－－－,10.0,110.0,0.0,130.0,0.0,70.0,-740.0,3540.0,yonden
2018,3,2018-03-01,18:00,3680.0,0.0,3500.0,600.0,－－－－－－－－－－,10.0,0.0,0.0,140.0,0.0,190.0,-760.0,3680.0,yonden
2018,3,2018-03-01,19:00,3610.0,0.0,3540.0,610.0,－－－－－－－－－－,10.0,0.0,0.0,140.0,0.0,40.0,-730.0,3610.0,yonden
2018,3,2018-03-01,20:00,3490.0,0.0,3370.0,550.0,－－－－－－－－－－,10.0,0.0,0.0,150.0,0.0,0.0,-590.0,3490.0,yonden
2018,3,2018-03-01,21:00,3300.0,0.0,3240.0,450.0,－－－－－－－－－－,10.0,0.0,0.0,150.0,0.0,0.0,-550.0,3300.0,yonden
2018,3,2018-03-01,22:00,3050.0,0.0,3060.0,400.0,－－－－－－－－－－,10.0,0.0,0.0,140.0,0.0,0.0,-560.0,3050.0,yonden
2018,3,2018-03-01,23:00,2980.0,0.0,2850.0,430.0,－－－－－－－－－－,10.0,0.0,0.0,150.0,0.0,0.0,-460.0,2980.0,yonden
2018,3,2018-03-02,00:00,2960.0,0.0,2850.0,440.0,－－－－－－－－－－,10.0,0.0,0.0,150.0,0.0,0.0,-490.0,2960.0,yonden
2018,3,2018-03-02,01:00,3070.0,0.0,2920.0,450.0,－－－－－－－－－－,10.0,0.0,0.0,140.0,0.0,0.0,-450.0,3070.0,yonden
2018,3,2018-03-02,02:00,3290.0,0.0,3060.0,480.0,－－－－－－－－－－,10.0,0.0,0.0,140.0,0.0,0.0,-400.0,3290.0,yonden
2018,3,2018-03-02,03:00,3410.0,0.0,3110.0,500.0,－－－－－－－－－－,10.0,0.0,0.0,130.0,0.0,0.0,-340.0,3410.0,yonden
2018,3,2018-03-02,04:00,3440.0,0.0,3100.0,530.0,－－－－－－－－－－,10.0,0.0,0.0,120.0,0.0,0.0,-320.0,3440.0,yonden
2018,3,2018-03-02,05:00,3410.0,0.0,3110.0,520.0,－－－－－－－－－－,10.0,0.0,0.0,100.0,0.0,0.0,-330.0,3410.0,yonden
2018,3,2018-03-02,06:00,3500.0,0.0,3330.0,560.0,－－－－－－－－－－,10.0,10.0,0.0,90.0,0.0,0.0,-500.0,3500.0,yonden
2018,3,2018-03-02,07:00,3510.0,0.0,3340.0,570.0,－－－－－－－－－－,10.0,250.0,0.0,70.0,0.0,70.0,-800.0,3510.0,yonden
2018,3,2018-03-02,08:00,3600.0,0.0,3230.0,600.0,－－－－－－－－－－,10.0,610.0,0.0,60.0,0.0,190.0,-1100.0,3600.0,yonden
2018,3,2018-03-02,09:00,3580.0,0.0,3030.0,580.0,－－－－－－－－－－,10.0,970.0,0.0,40.0,0.0,180.0,-1230.0,3580.0,yonden
2018,3,2018-03-02,10:00,3510.0,0.0,2630.0,480.0,－－－－－－－－－－,10.0,1250.0,0.0,30.0,0.0,-160.0,-730.0,3510.0,yonden
2018,3,2018-03-02,11:00,3510.0,0.0,2760.0,470.0,－－－－－－－－－－,10.0,1340.0,0.0,30.0,0.0,-600.0,-500.0,3510.0,yonden
2018,3,2018-03-02,12:00,3280.0,0.0,2680.0,440.0,－－－－－－－－－－,10.0,1380.0,0.0,20.0,0.0,-590.0,-660.0,3280.0,yonden
2018,3,2018-03-02,13:00,3400.0,0.0,2690.0,450.0,－－－－－－－－－－,10.0,1410.0,0.0,10.0,0.0,-590.0,-580.0,3400.0,yonden
2018,3,2018-03-02,14:00,3360.0,0.0,2690.0,460.0,－－－－－－－－－－,10.0,1260.0,0.0,20.0,0.0,-440.0,-640.0,3360.0,yonden
2018,3,2018-03-02,15:00,3350.0,0.0,2670.0,460.0,－－－－－－－－－－,10.0,930.0,0.0,20.0,0.0,-170.0,-570.0,3350.0,yonden
2018,3,2018-03-02,16:00,3470.0,0.0,3040.0,500.0,－－－－－－－－－－,10.0,550.0,0.0,10.0,0.0,0.0,-640.0,3470.0,yonden
2018,3,2018-03-02,17:00,3550.0,0.0,3370.0,600.0,－－－－－－－－－－,10.0,150.0,0.0,10.0,0.0,190.0,-780.0,3550.0,yonden
2018,3,2018-03-02,18:00,3730.0,0.0,3470.0,630.0,－－－－－－－－－－,10.0,0.0,0.0,10.0,0.0,310.0,-700.0,3730.0,yonden
2018,3,2018-03-02,19:00,3700.0,0.0,3470.0,600.0,－－－－－－－－－－,10.0,0.0,0.0,10.0,0.0,310.0,-700.0,3700.0,yonden
2018,3,2018-03-02,20:00,3590.0,0.0,3390.0,530.0,－－－－－－－－－－,10.0,0.0,0.0,10.0,0.0,260.0,-610.0,3590.0,yonden
2018,3,2018-03-02,21:00,3430.0,0.0,3360.0,510.0,－－－－－－－－－－,10.0,0.0,0.0,0.0,0.0,200.0,-650.0,3430.0,yonden
2018,3,2018-03-02,22:00,3210.0,0.0,3130.0,480.0,－－－－－－－－－－,10.0,0.0,0.0,10.0,0.0,70.0,-490.0,3210.0,yonden
2018,3,2018-03-02,23:00,3120.0,0.0,3100.0,400.0,－－－－－－－－－－,10.0,0.0,0.0,10.0,0.0,0.0,-400.0,3120.0,yonden
2018,3,2018-03-03,00:00,3110.0,0.0,3160.0,390.0,－－－－－－－－－－,10.0,0.0,0.0,10.0,0.0,0.0,-460.0,3110.0,yonden
2018,3,2018-03-03,01:00,3220.0,0.0,3250.0,390.0,－－－－－－－－－－,10.0,0.0,0.0,10.0,0.0,0.0,-440.0,3220.0,yonden
2018,3,2018-03-03,02:00,3420.0,0.0,3210.0,410.0,－－－－－－－－－－,10.0,0.0,0.0,10.0,0.0,0.0,-220.0,3420.0,yonden
2018,3,2018-03-03,03:00,3500.0,0.0,3100.0,410.0,－－－－－－－－－－,10.0,0.0,0.0,10.0,0.0,0.0,-30.0,3500.0,yonden
2018,3,2018-03-03,04:00,3450.0,0.0,3040.0,400.0,－－－－－－－－－－,10.0,0.0,0.0,10.0,0.0,0.0,-10.0,3450.0,yonden
2018,3,2018-03-03,05:00,3310.0,0.0,3090.0,400.0,－－－－－－－－－－,10.0,0.0,0.0,0.0,0.0,0.0,-190.0,3310.0,yonden
2018,3,2018-03-03,06:00,3240.0,0.0,3090.0,430.0,－－－－－－－－－－,10.0,10.0,0.0,0.0,0.0,0.0,-300.0,3240.0,yonden
2018,3,2018-03-03,07:00,3240.0,0.0,3050.0,370.0,－－－－－－－－－－,10.0,240.0,0.0,0.0,0.0,0.0,-430.0,3240.0,yonden
2018,3,2018-03-03,08:00,3300.0,0.0,2890.0,360.0,－－－－－－－－－－,10.0,590.0,0.0,0.0,0.0,0.0,-550.0,3300.0,yonden
2018,3,2018-03-03,09:00,3190.0,0.0,2580.0,350.0,－－－－－－－－－－,10.0,910.0,0.0,0.0,0.0,-100.0,-560.0,3190.0,yonden
2018,3,2018-03-03,10:00,3070.0,0.0,2600.0,350.0,－－－－－－－－－－,10.0,1160.0,0.0,0.0,0.0,-500.0,-550.0,3070.0,yonden
2018,3,2018-03-03,11:00,3090.0,0.0,2740.0,370.0,－－－－－－－－－－,10.0,1080.0,0.0,0.0,0.0,-590.0,-520.0,3090.0,yonden
2018,3,2018-03-03,12:00,3020.0,0.0,2630.0,360.0,－－－－－－－－－－,10.0,690.0,0.0,10.0,0.0,-240.0,-440.0,3020.0,yonden
2018,3,2018-03-03,13:00,3100.0,0.0,2890.0,400.0,－－－－－－－－－－,10.0,290.0,0.0,10.0,0.0,0.0,-500.0,3100.0,yonden
2018,3,2018-03-03,14:00,3140.0,0.0,3170.0,400.0,－－－－－－－－－－,10.0,140.0,0.0,10.0,0.0,0.0,-590.0,3140.0,yonden
2018,3,2018-03-03,15:00,3220.0,0.0,3240.0,360.0,－－－－－－－－－－,10.0,80.0,0.0,20.0,0.0,0.0,-490.0,3220.0,yonden
2018,3,2018-03-03,16:00,3350.0,0.0,3270.0,350.0,－－－－－－－－－－,10.0,40.0,0.0,20.0,0.0,60.0,-400.0,3350.0,yonden
2018,3,2018-03-03,17:00,3450.0,0.0,3190.0,390.0,－－－－－－－－－－,10.0,10.0,0.0,40.0,0.0,240.0,-430.0,3450.0,yonden
2018,3,2018-03-03,18:00,3520.0,0.0,3180.0,490.0,－－－－－－－－－－,10.0,0.0,0.0,50.0,0.0,250.0,-460.0,3520.0,yonden
2018,3,2018-03-03,19:00,3450.0,0.0,3140.0,470.0,－－－－－－－－－－,10.0,0.0,0.0,70.0,0.0,240.0,-480.0,3450.0,yonden
2018,3,2018-03-03,20:00,3320.0,0.0,3120.0,470.0,－－－－－－－－－－,10.0,0.0,0.0,80.0,0.0,220.0,-580.0,3320.0,yonden
2018,3,2018-03-03,21:00,3140.0,0.0,3160.0,430.0,－－－－－－－－－－,10.0,0.0,0.0,60.0,0.0,80.0,-600.0,3140.0,yonden
2018,3,2018-03-03,22:00,2920.0,0.0,2960.0,360.0,－－－－－－－－－－,10.0,0.0,0.0,40.0,0.0,0.0,-450.0,2920.0,yonden
2018,3,2018-03-03,23:00,2830.0,0.0,2930.0,320.0,－－－－－－－－－－,10.0,0.0,0.0,40.0,0.0,0.0,-470.0,2830.0,yonden
2018,3,2018-03-04,00:00,2800.0,0.0,2870.0,320.0,－－－－－－－－－－,10.0,0.0,0.0,50.0,0.0,0.0,-450.0,2800.0,yonden
2018,3,2018-03-04,01:00,2930.0,0.0,2940.0,320.0,－－－－－－－－－－,10.0,0.0,0.0,50.0,0.0,0.0,-390.0,2930.0,yonden
2018,3,2018-03-04,02:00,3170.0,0.0,2940.0,390.0,－－－－－－－－－－,10.0,0.0,0.0,70.0,0.0,0.0,-240.0,3170.0,yonden
2018,3,2018-03-04,03:00,3310.0,0.0,2940.0,430.0,－－－－－－－－－－,10.0,0.0,0.0,90.0,0.0,0.0,-160.0,3310.0,yonden
2018,3,2018-03-04,04:00,3280.0,0.0,2970.0,440.0,－－－－－－－－－－,10.0,0.0,0.0,50.0,0.0,0.0,-190.0,3280.0,yonden
2018,3,2018-03-04,05:00,3100.0,0.0,2990.0,410.0,－－－－－－－－－－,10.0,0.0,0.0,30.0,0.0,0.0,-340.0,3100.0,yonden
2018,3,2018-03-04,06:00,2910.0,0.0,2850.0,390.0,－－－－－－－－－－,10.0,10.0,0.0,60.0,0.0,0.0,-410.0,2910.0,yonden
2018,3,2018-03-04,07:00,2830.0,0.0,2730.0,330.0,－－－－－－－－－－,10.0,220.0,0.0,60.0,0.0,0.0,-520.0,2830.0,yonden
2018,3,2018-03-04,08:00,2720.0,0.0,2550.0,320.0,－－－－－－－－－－,10.0,500.0,0.0,50.0,0.0,-100.0,-610.0,2720.0,yonden
2018,3,2018-03-04,09:00,2620.0,0.0,2490.0,340.0,－－－－－－－－－－,10.0,820.0,0.0,30.0,0.0,-470.0,-600.0,2620.0,yonden
2018,3,2018-03-04,10:00,2530.0,0.0,2300.0,330.0,－－－－－－－－－－,10.0,1000.0,0.0,20.0,0.0,-590.0,-540.0,2530.0,yonden
2018,3,2018-03-04,11:00,2450.0,0.0,2200.0,320.0,－－－－－－－－－－,10.0,1080.0,0.0,20.0,0.0,-590.0,-590.0,2450.0,yonden
2018,3,2018-03-04,12:00,2420.0,0.0,2120.0,340.0,－－－－－－－－－－,10.0,1100.0,0.0,20.0,0.0,-590.0,-580.0,2420.0,yonden
2018,3,2018-03-04,13:00,2410.0,0.0,2020.0,370.0,－－－－－－－－－－,10.0,1090.0,0.0,20.0,0.0,-540.0,-560.0,2410.0,yonden
2018,3,2018-03-04,14:00,2400.0,0.0,1890.0,350.0,－－－－－－－－－－,10.0,930.0,0.0,30.0,0.0,-300.0,-510.0,2400.0,yonden
2018,3,2018-03-04,15:00,2460.0,0.0,1960.0,410.0,－－－－－－－－－－,10.0,660.0,0.0,40.0,0.0,-130.0,-490.0,2460.0,yonden
2018,3,2018-03-04,16:00,2510.0,0.0,2220.0,420.0,－－－－－－－－－－,10.0,330.0,0.0,70.0,0.0,0.0,-540.0,2510.0,yonden
2018,3,2018-03-04,17:00,2790.0,0.0,2640.0,500.0,－－－－－－－－－－,10.0,90.0,0.0,70.0,0.0,0.0,-520.0,2790.0,yonden
2018,3,2018-03-04,18:00,3010.0,0.0,2680.0,490.0,－－－－－－－－－－,10.0,0.0,0.0,70.0,0.0,160.0,-400.0,3010.0,yonden
2018,3,2018-03-04,19:00,3020.0,0.0,2680.0,500.0,－－－－－－－－－－,10.0,0.0,0.0,70.0,0.0,90.0,-330.0,3020.0,yonden
2018,3,2018-03-04,20:00,2940.0,0.0,2630.0,490.0,－－－－－－－－－－,10.0,0.0,0.0,90.0,0.0,0.0,-280.0,2940.0,yonden
2018,3,2018-03-04,21:00,2800.0,0.0,2630.0,420.0,－－－－－－－－－－,10.0,0.0,0.0,90.0,0.0,0.0,-350.0,2800.0,yonden
2018,3,2018-03-04,22:00,2600.0,0.0,2510.0,380.0,－－－－－－－－－－,10.0,0.0,0.0,100.0,0.0,0.0,-400.0,2600.0,yonden
2018,3,2018-03-04,23:00,2530.0,0.0,2460.0,340.0,－－－－－－－－－－,10.0,0.0,0.0,110.0,0.0,0.0,-390.0,2530.0,yonden
2018,3,2018-03-05,00:00,2550.0,0.0,2470.0,350.0,－－－－－－－－－－,10.0,0.0,0.0,110.0,0.0,0.0,-390.0,2550.0,yonden
2018,3,2018-03-05,01:00,2690.0,0.0,2640.0,340.0,－－－－－－－－－－,10.0,0.0,0.0,90.0,0.0,0.0,-390.0,2690.0,yonden
2018,3,2018-03-05,02:00,2920.0,0.0,2740.0,370.0,－－－－－－－－－－,10.0,0.0,0.0,100.0,0.0,0.0,-300.0,2920.0,yonden
2018,3,2018-03-05,03:00,3060.0,0.0,2830.0,420.0,－－－－－－－－－－,10.0,0.0,0.0,90.0,0.0,0.0,-290.0,3060.0,yonden
2018,3,2018-03-05,04:00,3050.0,0.0,2830.0,440.0,－－－－－－－－－－,10.0,0.0,0.0,110.0,0.0,0.0,-340.0,3050.0,yonden
2018,3,2018-03-05,05:00,2930.0,0.0,2860.0,430.0,－－－－－－－－－－,10.0,0.0,0.0,110.0,0.0,0.0,-480.0,2930.0,yonden
2018,3,2018-03-05,06:00,2940.0,0.0,2910.0,420.0,－－－－－－－－－－,10.0,0.0,0.0,110.0,0.0,0.0,-510.0,2940.0,yonden
2018,3,2018-03-05,07:00,3120.0,0.0,3100.0,470.0,－－－－－－－－－－,10.0,30.0,0.0,110.0,0.0,0.0,-600.0,3120.0,yonden
2018,3,2018-03-05,08:00,3530.0,0.0,3330.0,570.0,－－－－－－－－－－,10.0,60.0,0.0,120.0,0.0,90.0,-650.0,3530.0,yonden
2018,3,2018-03-05,09:00,3680.0,0.0,3370.0,600.0,－－－－－－－－－－,10.0,110.0,0.0,110.0,0.0,200.0,-720.0,3680.0,yonden
2018,3,2018-03-05,10:00,3550.0,0.0,3310.0,590.0,－－－－－－－－－－,10.0,170.0,0.0,90.0,0.0,170.0,-790.0,3550.0,yonden
2018,3,2018-03-05,11:00,3390.0,0.0,3270.0,590.0,－－－－－－－－－－,10.0,220.0,0.0,70.0,0.0,70.0,-840.0,3390.0,yonden
2018,3,2018-03-05,12:00,3120.0,0.0,2930.0,580.0,－－－－－－－－－－,10.0,440.0,0.0,70.0,0.0,-270.0,-640.0,3120.0,yonden
2018,3,2018-03-05,13:00,3410.0,0.0,3150.0,580.0,－－－－－－－－－－,10.0,400.0,0.0,80.0,0.0,120.0,-930.0,3410.0,yonden
2018,3,2018-03-05,14:00,3500.0,0.0,3440.0,590.0,－－－－－－－－－－,10.0,200.0,0.0,80.0,0.0,130.0,-950.0,3500.0,yonden
2018,3,2018-03-05,15:00,3580.0,0.0,3690.0,570.0,－－－－－－－－－－,10.0,80.0,0.0,110.0,0.0,0.0,-880.0,3580.0,yonden
2018,3,2018-03-05,16:00,3630.0,0.0,3530.0,570.0,－－－－－－－－－－,10.0,40.0,0.0,120.0,0.0,200.0,-840.0,3630.0,yonden
2018,3,2018-03-05,17:00,3590.0,0.0,3480.0,580.0,－－－－－－－－－－,10.0,20.0,0.0,140.0,0.0,240.0,-880.0,3590.0,yonden
2018,3,2018-03-05,18:00,3630.0,0.0,3540.0,580.0,－－－－－－－－－－,10.0,0.0,0.0,150.0,0.0,230.0,-880.0,3630.0,yonden
2018,3,2018-03-05,19:00,3500.0,0.0,3470.0,560.0,－－－－－－－－－－,10.0,0.0,0.0,150.0,0.0,100.0,-790.0,3500.0,yonden
2018,3,2018-03-05,20:00,3380.0,0.0,3400.0,550.0,－－－－－－－－－－,10.0,0.0,0.0,150.0,0.0,0.0,-730.0,3380.0,yonden
2018,3,2018-03-05,21:00,3180.0,0.0,3100.0,560.0,－－－－－－－－－－,10.0,0.0,0.0,150.0,0.0,0.0,-640.0,3180.0,yonden
2018,3,2018-03-05,22:00,2980.0,0.0,2860.0,550.0,－－－－－－－－－－,10.0,0.0,0.0,140.0,0.0,0.0,-580.0,2980.0,yonden
2018,3,2018-03-05,23:00,2880.0,0.0,2800.0,540.0,－－－－－－－－－－,10.0,0.0,0.0,110.0,0.0,0.0,-580.0,2880.0,yonden
2018,3,2018-03-06,00:00,2820.0,0.0,2720.0,540.0,－－－－－－－－－－,10.0,0.0,0.0,120.0,0.0,0.0,-570.0,2820.0,yonden
2018,3,2018-03-06,01:00,2960.0,0.0,2780.0,550.0,－－－－－－－－－－,10.0,0.0,0.0,120.0,0.0,0.0,-500.0,2960.0,yonden
2018,3,2018-03-06,02:00,3220.0,0.0,2940.0,550.0,－－－－－－－－－－,10.0,0.0,0.0,110.0,0.0,0.0,-390.0,3220.0,yonden
2018,3,2018-03-06,03:00,3360.0,0.0,2910.0,560.0,－－－－－－－－－－,10.0,0.0,0.0,110.0,0.0,0.0,-230.0,3360.0,yonden
2018,3,2018-03-06,04:00,3390.0,0.0,2940.0,540.0,－－－－－－－－－－,10.0,0.0,0.0,100.0,0.0,0.0,-200.0,3390.0,yonden
2018,3,2018-03-06,05:00,3340.0,0.0,3050.0,540.0,－－－－－－－－－－,10.0,0.0,0.0,90.0,0.0,0.0,-350.0,3340.0,yonden
2018,3,2018-03-06,06:00,3400.0,0.0,3210.0,560.0,－－－－－－－－－－,10.0,10.0,0.0,110.0,0.0,0.0,-500.0,3400.0,yonden
2018,3,2018-03-06,07:00,3420.0,0.0,3170.0,570.0,－－－－－－－－－－,10.0,190.0,0.0,110.0,0.0,0.0,-630.0,3420.0,yonden
2018,3,2018-03-06,08:00,3640.0,0.0,3150.0,590.0,－－－－－－－－－－,10.0,480.0,0.0,100.0,0.0,130.0,-820.0,3640.0,yonden
2018,3,2018-03-06,09:00,3630.0,0.0,2910.0,610.0,－－－－－－－－－－,10.0,880.0,0.0,80.0,0.0,250.0,-1110.0,3630.0,yonden
2018,3,2018-03-06,10:00,3530.0,0.0,2750.0,620.0,－－－－－－－－－－,10.0,1280.0,0.0,70.0,0.0,-180.0,-1020.0,3530.0,yonden
2018,3,2018-03-06,11:00,3480.0,0.0,2950.0,650.0,－－－－－－－－－－,10.0,1460.0,0.0,70.0,0.0,-550.0,-1110.0,3480.0,yonden
2018,3,2018-03-06,12:00,3260.0,0.0,2840.0,600.0,－－－－－－－－－－,10.0,1530.0,0.0,80.0,0.0,-590.0,-1210.0,3260.0,yonden
2018,3,2018-03-06,13:00,3420.0,0.0,2850.0,600.0,－－－－－－－－－－,10.0,1500.0,0.0,70.0,0.0,-590.0,-1020.0,3420.0,yonden
2018,3,2018-03-06,14:00,3370.0,0.0,2790.0,580.0,－－－－－－－－－－,10.0,1320.0,0.0,70.0,0.0,-590.0,-810.0,3370.0,yonden
2018,3,2018-03-06,15:00,3340.0,0.0,2710.0,570.0,－－－－－－－－－－,10.0,1000.0,0.0,70.0,0.0,-340.0,-680.0,3340.0,yonden
2018,3,2018-03-06,16:00,3470.0,0.0,2910.0,600.0,－－－－－－－－－－,10.0,600.0,0.0,70.0,0.0,0.0,-720.0,3470.0,yonden
2018,3,2018-03-06,17:00,3550.0,0.0,3390.0,670.0,－－－－－－－－－－,10.0,180.0,0.0,70.0,0.0,100.0,-870.0,3550.0,yonden
2018,3,2018-03-06,18:00,3720.0,0.0,3470.0,680.0,－－－－－－－－－－,10.0,0.0,0.0,70.0,0.0,230.0,-740.0,3720.0,yonden
2018,3,2018-03-06,19:00,3710.0,0.0,3460.0,660.0,－－－－－－－－－－,10.0,0.0,0.0,70.0,0.0,250.0,-740.0,3710.0,yonden
2018,3,2018-03-06,20:00,3620.0,0.0,3390.0,630.0,－－－－－－－－－－,10.0,0.0,0.0,70.0,0.0,240.0,-720.0,3620.0,yonden
2018,3,2018-03-06,21:00,3430.0,0.0,3380.0,630.0,－－－－－－－－－－,10.0,0.0,0.0,70.0,0.0,50.0,-710.0,3430.0,yonden
2018,3,2018-03-06,22:00,3190.0,0.0,3110.0,600.0,－－－－－－－－－－,10.0,0.0,0.0,70.0,0.0,0.0,-600.0,3190.0,yonden
2018,3,2018-03-06,23:00,3090.0,0.0,3030.0,560.0,－－－－－－－－－－,10.0,0.0,0.0,70.0,0.0,0.0,-580.0,3090.0,yonden
2018,3,2018-03-07,00:00,3080.0,0.0,3080.0,540.0,－－－－－－－－－－,10.0,0.0,0.0,70.0,0.0,0.0,-620.0,3080.0,yonden
2018,3,2018-03-07,01:00,3230.0,0.0,3170.0,530.0,－－－－－－－－－－,10.0,0.0,0.0,70.0,0.0,0.0,-550.0,3230.0,yonden
2018,3,2018-03-07,02:00,3460.0,0.0,3270.0,560.0,－－－－－－－－－－,10.0,0.0,0.0,60.0,0.0,0.0,-440.0,3460.0,yonden
2018,3,2018-03-07,03:00,3560.0,0.0,3230.0,580.0,－－－－－－－－－－,10.0,0.0,0.0,50.0,0.0,0.0,-310.0,3560.0,yonden
2018,3,2018-03-07,04:00,3570.0,0.0,3210.0,600.0,－－－－－－－－－－,10.0,0.0,0.0,40.0,0.0,0.0,-290.0,3570.0,yonden
2018,3,2018-03-07,05:00,3500.0,0.0,3230.0,590.0,－－－－－－－－－－,10.0,0.0,0.0,30.0,0.0,0.0,-360.0,3500.0,yonden
2018,3,2018-03-07,06:00,3590.0,0.0,3450.0,610.0,－－－－－－－－－－,10.0,20.0,0.0,30.0,0.0,0.0,-530.0,3590.0,yonden
2018,3,2018-03-07,07:00,3610.0,0.0,3400.0,630.0,－－－－－－－－－－,10.0,280.0,0.0,20.0,0.0,0.0,-730.0,3610.0,yonden
2018,3,2018-03-07,08:00,3720.0,0.0,3360.0,650.0,－－－－－－－－－－,10.0,580.0,0.0,10.0,0.0,0.0,-890.0,3720.0,yonden
2018,3,2018-03-07,09:00,3720.0,0.0,3210.0,610.0,－－－－－－－－－－,10.0,900.0,0.0,10.0,0.0,0.0,-1020.0,3720.0,yonden
2018,3,2018-03-07,10:00,3680.0,0.0,3150.0,580.0,－－－－－－－－－－,10.0,1020.0,0.0,20.0,0.0,0.0,-1100.0,3680.0,yonden
2018,3,2018-03-07,11:00,3600.0,0.0,3000.0,540.0,－－－－－－－－－－,10.0,960.0,0.0,20.0,0.0,0.0,-930.0,3600.0,yonden
2018,3,2018-03-07,12:00,3360.0,0.0,2890.0,550.0,－－－－－－－－－－,10.0,870.0,0.0,30.0,0.0,-290.0,-700.0,3360.0,yonden
2018,3,2018-03-07,13:00,3430.0,0.0,2860.0,540.0,－－－－－－－－－－,10.0,880.0,0.0,40.0,0.0,0.0,-900.0,3430.0,yonden
2018,3,2018-03-07,14:00,3390.0,0.0,2760.0,570.0,－－－－－－－－－－,10.0,920.0,0.0,50.0,0.0,0.0,-920.0,3390.0,yonden
2018,3,2018-03-07,15:00,3470.0,0.0,3200.0,580.0,－－－－－－－－－－,10.0,650.0,0.0,60.0,0.0,0.0,-1030.0,3470.0,yonden
2018,3,2018-03-07,16:00,3670.0,0.0,3640.0,600.0,－－－－－－－－－－,10.0,240.0,0.0,60.0,0.0,0.0,-880.0,3670.0,yonden
2018,3,2018-03-07,17:00,3720.0,0.0,3770.0,620.0,－－－－－－－－－－,10.0,40.0,0.0,60.0,0.0,0.0,-780.0,3720.0,yonden
2018,3,2018-03-07,18:00,3870.0,0.0,3820.0,680.0,－－－－－－－－－－,10.0,0.0,0.0,70.0,0.0,0.0,-710.0,3870.0,yonden
2018,3,2018-03-07,19:00,3780.0,0.0,3710.0,670.0,－－－－－－－－－－,10.0,0.0,0.0,80.0,0.0,0.0,-690.0,3780.0,yonden
2018,3,2018-03-07,20:00,3630.0,0.0,3660.0,610.0,－－－－－－－－－－,10.0,0.0,0.0,90.0,0.0,0.0,-740.0,3630.0,yonden
2018,3,2018-03-07,21:00,3380.0,0.0,3390.0,570.0,－－－－－－－－－－,10.0,0.0,0.0,100.0,0.0,0.0,-690.0,3380.0,yonden
2018,3,2018-03-07,22:00,3140.0,0.0,3030.0,520.0,－－－－－－－－－－,10.0,0.0,0.0,110.0,0.0,0.0,-530.0,3140.0,yonden
2018,3,2018-03-07,23:00,3000.0,0.0,2880.0,510.0,－－－－－－－－－－,10.0,0.0,0.0,110.0,0.0,0.0,-510.0,3000.0,yonden
2018,3,2018-03-08,00:00,2920.0,0.0,2880.0,510.0,－－－－－－－－－－,10.0,0.0,0.0,120.0,0.0,0.0,-600.0,2920.0,yonden
2018,3,2018-03-08,01:00,3010.0,0.0,2950.0,510.0,－－－－－－－－－－,10.0,0.0,0.0,110.0,0.0,0.0,-570.0,3010.0,yonden
2018,3,2018-03-08,02:00,3230.0,0.0,3060.0,560.0,－－－－－－－－－－,10.0,0.0,0.0,100.0,0.0,0.0,-500.0,3230.0,yonden
2018,3,2018-03-08,03:00,3360.0,0.0,3040.0,600.0,－－－－－－－－－－,10.0,0.0,0.0,110.0,0.0,0.0,-400.0,3360.0,yonden
2018,3,2018-03-08,04:00,3360.0,0.0,3070.0,590.0,－－－－－－－－－－,10.0,0.0,0.0,110.0,0.0,0.0,-420.0,3360.0,yonden
2018,3,2018-03-08,05:00,3280.0,0.0,3200.0,550.0,－－－－－－－－－－,10.0,0.0,0.0,110.0,0.0,0.0,-590.0,3280.0,yonden
2018,3,2018-03-08,06:00,3270.0,0.0,3230.0,560.0,－－－－－－－－－－,10.0,10.0,0.0,110.0,0.0,0.0,-650.0,3270.0,yonden
2018,3,2018-03-08,07:00,3370.0,0.0,3330.0,570.0,－－－－－－－－－－,10.0,40.0,0.0,120.0,0.0,0.0,-700.0,3370.0,yonden
2018,3,2018-03-08,08:00,3790.0,0.0,3520.0,590.0,－－－－－－－－－－,10.0,60.0,0.0,130.0,0.0,270.0,-790.0,3790.0,yonden
2018,3,2018-03-08,09:00,3930.0,0.0,3610.0,590.0,－－－－－－－－－－,10.0,100.0,0.0,130.0,0.0,300.0,-810.0,3930.0,yonden
2018,3,2018-03-08,10:00,3860.0,0.0,3440.0,610.0,－－－－－－－－－－,10.0,160.0,0.0,130.0,0.0,270.0,-760.0,3860.0,yonden
2018,3,2018-03-08,11:00,3840.0,0.0,3470.0,620.0,－－－－－－－－－－,10.0,190.0,0.0,120.0,0.0,230.0,-800.0,3840.0,yonden
2018,3,2018-03-08,12:00,3660.0,0.0,3660.0,590.0,－－－－－－－－－－,10.0,160.0,0.0,90.0,0.0,10.0,-860.0,3660.0,yonden
2018,3,2018-03-08,13:00,3870.0,0.0,3800.0,610.0,－－－－－－－－－－,10.0,140.0,0.0,70.0,0.0,50.0,-810.0,3870.0,yonden
2018,3,2018-03-08,14:00,3870.0,0.0,3770.0,620.0,－－－－－－－－－－,10.0,110.0,0.0,80.0,0.0,0.0,-720.0,3870.0,yonden
2018,3,2018-03-08,15:00,3760.0,0.0,3770.0,620.0,－－－－－－－－－－,10.0,90.0,0.0,60.0,0.0,0.0,-790.0,3760.0,yonden
2018,3,2018-03-08,16:00,3780.0,0.0,3720.0,640.0,－－－－－－－－－－,10.0,80.0,0.0,40.0,0.0,0.0,-710.0,3780.0,yonden
2018,3,2018-03-08,17:00,3790.0,0.0,3600.0,590.0,－－－－－－－－－－,10.0,20.0,0.0,70.0,0.0,140.0,-640.0,3790.0,yonden
2018,3,2018-03-08,18:00,3850.0,0.0,3570.0,600.0,－－－－－－－－－－,10.0,0.0,0.0,110.0,0.0,150.0,-590.0,3850.0,yonden
2018,3,2018-03-08,19:00,3710.0,0.0,3540.0,580.0,－－－－－－－－－－,10.0,0.0,0.0,130.0,0.0,0.0,-550.0,3710.0,yonden
2018,3,2018-03-08,20:00,3560.0,0.0,3470.0,570.0,－－－－－－－－－－,10.0,0.0,0.0,130.0,0.0,0.0,-620.0,3560.0,yonden
2018,3,2018-03-08,21:00,3350.0,0.0,3370.0,590.0,－－－－－－－－－－,10.0,0.0,0.0,140.0,0.0,0.0,-760.0,3350.0,yonden
2018,3,2018-03-08,22:00,3100.0,0.0,3010.0,560.0,－－－－－－－－－－,10.0,0.0,0.0,140.0,0.0,0.0,-620.0,3100.0,yonden
2018,3,2018-03-08,23:00,2940.0,0.0,2850.0,530.0,－－－－－－－－－－,10.0,0.0,0.0,150.0,0.0,0.0,-600.0,2940.0,yonden
2018,3,2018-03-09,00:00,2890.0,0.0,2800.0,520.0,－－－－－－－－－－,10.0,0.0,0.0,150.0,0.0,0.0,-590.0,2890.0,yonden
2018,3,2018-03-09,01:00,2990.0,0.0,2870.0,510.0,－－－－－－－－－－,10.0,0.0,0.0,150.0,0.0,0.0,-550.0,2990.0,yonden
2018,3,2018-03-09,02:00,3200.0,0.0,3020.0,530.0,－－－－－－－－－－,10.0,0.0,0.0,150.0,0.0,0.0,-510.0,3200.0,yonden
2018,3,2018-03-09,03:00,3350.0,0.0,3040.0,550.0,－－－－－－－－－－,10.0,0.0,0.0,150.0,0.0,0.0,-400.0,3350.0,yonden
2018,3,2018-03-09,04:00,3370.0,0.0,3040.0,550.0,－－－－－－－－－－,10.0,0.0,0.0,150.0,0.0,0.0,-380.0,3370.0,yonden
2018,3,2018-03-09,05:00,3300.0,0.0,3150.0,550.0,－－－－－－－－－－,10.0,0.0,0.0,140.0,0.0,0.0,-550.0,3300.0,yonden
2018,3,2018-03-09,06:00,3350.0,0.0,3270.0,540.0,－－－－－－－－－－,10.0,10.0,0.0,150.0,0.0,0.0,-630.0,3350.0,yonden
2018,3,2018-03-09,07:00,3430.0,0.0,3490.0,570.0,－－－－－－－－－－,10.0,100.0,0.0,150.0,0.0,10.0,-900.0,3430.0,yonden
2018,3,2018-03-09,08:00,3760.0,0.0,3660.0,590.0,－－－－－－－－－－,10.0,180.0,0.0,150.0,0.0,230.0,-1060.0,3760.0,yonden
2018,3,2018-03-09,09:00,3880.0,0.0,3750.0,660.0,－－－－－－－－－－,10.0,310.0,0.0,140.0,0.0,230.0,-1220.0,3880.0,yonden
2018,3,2018-03-09,10:00,3820.0,0.0,3720.0,660.0,－－－－－－－－－－,10.0,350.0,0.0,140.0,0.0,220.0,-1280.0,3820.0,yonden
2018,3,2018-03-09,11:00,3770.0,0.0,3800.0,660.0,－－－－－－－－－－,10.0,360.0,0.0,140.0,0.0,90.0,-1290.0,3770.0,yonden
2018,3,2018-03-09,12:00,3570.0,0.0,3570.0,590.0,－－－－－－－－－－,10.0,470.0,0.0,130.0,0.0,0.0,-1200.0,3570.0,yonden
2018,3,2018-03-09,13:00,3770.0,0.0,3670.0,640.0,－－－－－－－－－－,10.0,500.0,0.0,140.0,0.0,0.0,-1190.0,3770.0,yonden
2018,3,2018-03-09,14:00,3720.0,0.0,3630.0,680.0,－－－－－－－－－－,10.0,500.0,0.0,140.0,0.0,0.0,-1240.0,3720.0,yonden
2018,3,2018-03-09,15:00,3660.0,0.0,3440.0,640.0,－－－－－－－－－－,10.0,510.0,0.0,140.0,0.0,0.0,-1080.0,3660.0,yonden
2018,3,2018-03-09,16:00,3770.0,0.0,3450.0,680.0,－－－－－－－－－－,10.0,360.0,0.0,140.0,0.0,0.0,-870.0,3770.0,yonden
2018,3,2018-03-09,17:00,3860.0,0.0,3600.0,710.0,－－－－－－－－－－,10.0,130.0,0.0,140.0,0.0,10.0,-740.0,3860.0,yonden
2018,3,2018-03-09,18:00,4060.0,0.0,3690.0,730.0,－－－－－－－－－－,10.0,0.0,0.0,140.0,0.0,190.0,-700.0,4060.0,yonden
2018,3,2018-03-09,19:00,4030.0,0.0,3660.0,720.0,－－－－－－－－－－,10.0,0.0,0.0,140.0,0.0,190.0,-690.0,4030.0,yonden
2018,3,2018-03-09,20:00,3910.0,0.0,3590.0,700.0,－－－－－－－－－－,10.0,0.0,0.0,140.0,0.0,200.0,-730.0,3910.0,yonden
2018,3,2018-03-09,21:00,3700.0,0.0,3520.0,660.0,－－－－－－－－－－,10.0,0.0,0.0,120.0,0.0,20.0,-630.0,3700.0,yonden
2018,3,2018-03-09,22:00,3440.0,0.0,3220.0,610.0,－－－－－－－－－－,10.0,0.0,0.0,120.0,0.0,0.0,-520.0,3440.0,yonden
2018,3,2018-03-09,23:00,3370.0,0.0,3200.0,600.0,－－－－－－－－－－,10.0,0.0,0.0,130.0,0.0,0.0,-570.0,3370.0,yonden
2018,3,2018-03-10,00:00,3330.0,0.0,3150.0,590.0,－－－－－－－－－－,10.0,0.0,0.0,130.0,0.0,0.0,-550.0,3330.0,yonden
2018,3,2018-03-10,01:00,3410.0,0.0,3210.0,590.0,－－－－－－－－－－,10.0,0.0,0.0,130.0,0.0,0.0,-530.0,3410.0,yonden
2018,3,2018-03-10,02:00,3590.0,0.0,3310.0,600.0,－－－－－－－－－－,10.0,0.0,0.0,130.0,0.0,0.0,-460.0,3590.0,yonden
2018,3,2018-03-10,03:00,3650.0,0.0,3310.0,610.0,－－－－－－－－－－,10.0,0.0,0.0,130.0,0.0,0.0,-410.0,3650.0,yonden
2018,3,2018-03-10,04:00,3570.0,0.0,3250.0,620.0,－－－－－－－－－－,10.0,0.0,0.0,130.0,0.0,0.0,-440.0,3570.0,yonden
2018,3,2018-03-10,05:00,3410.0,0.0,3190.0,620.0,－－－－－－－－－－,10.0,0.0,0.0,120.0,0.0,0.0,-530.0,3410.0,yonden
2018,3,2018-03-10,06:00,3370.0,0.0,3140.0,620.0,－－－－－－－－－－,10.0,30.0,0.0,100.0,0.0,0.0,-530.0,3370.0,yonden
2018,3,2018-03-10,07:00,3380.0,0.0,2880.0,630.0,－－－－－－－－－－,10.0,310.0,0.0,90.0,0.0,0.0,-540.0,3380.0,yonden
2018,3,2018-03-10,08:00,3420.0,0.0,2650.0,620.0,－－－－－－－－－－,10.0,680.0,0.0,90.0,0.0,0.0,-630.0,3420.0,yonden
2018,3,2018-03-10,09:00,3330.0,0.0,2570.0,630.0,－－－－－－－－－－,10.0,1050.0,0.0,70.0,0.0,0.0,-1000.0,3330.0,yonden
2018,3,2018-03-10,10:00,3220.0,0.0,2420.0,640.0,－－－－－－－－－－,10.0,1370.0,0.0,60.0,0.0,-300.0,-980.0,3220.0,yonden
2018,3,2018-03-10,11:00,3140.0,0.0,2370.0,660.0,－－－－－－－－－－,10.0,1500.0,0.0,60.0,0.0,-600.0,-860.0,3140.0,yonden
2018,3,2018-03-10,12:00,3010.0,0.0,2230.0,660.0,－－－－－－－－－－,10.0,1530.0,0.0,60.0,0.0,-600.0,-880.0,3010.0,yonden
2018,3,2018-03-10,13:00,3020.0,0.0,2200.0,670.0,－－－－－－－－－－,10.0,1490.0,0.0,60.0,0.0,-540.0,-870.0,3020.0,yonden
2018,3,2018-03-10,14:00,2960.0,0.0,2150.0,620.0,－－－－－－－－－－,10.0,1320.0,0.0,60.0,0.0,-300.0,-900.0,2960.0,yonden
2018,3,2018-03-10,15:00,2940.0,0.0,2180.0,620.0,－－－－－－－－－－,10.0,1010.0,0.0,50.0,0.0,-100.0,-830.0,2940.0,yonden
2018,3,2018-03-10,16:00,3090.0,0.0,2350.0,610.0,－－－－－－－－－－,10.0,620.0,0.0,50.0,0.0,0.0,-550.0,3090.0,yonden
2018,3,2018-03-10,17:00,3270.0,0.0,2690.0,620.0,－－－－－－－－－－,10.0,200.0,0.0,60.0,0.0,80.0,-390.0,3270.0,yonden
2018,3,2018-03-10,18:00,3500.0,0.0,2740.0,630.0,－－－－－－－－－－,10.0,0.0,0.0,60.0,0.0,520.0,-460.0,3500.0,yonden
2018,3,2018-03-10,19:00,3550.0,0.0,2820.0,630.0,－－－－－－－－－－,10.0,0.0,0.0,50.0,0.0,510.0,-470.0,3550.0,yonden
2018,3,2018-03-10,20:00,3480.0,0.0,2870.0,610.0,－－－－－－－－－－,10.0,0.0,0.0,60.0,0.0,370.0,-440.0,3480.0,yonden
2018,3,2018-03-10,21:00,3330.0,0.0,2950.0,590.0,－－－－－－－－－－,10.0,0.0,0.0,50.0,0.0,120.0,-390.0,3330.0,yonden
2018,3,2018-03-10,22:00,3100.0,0.0,2940.0,580.0,－－－－－－－－－－,10.0,0.0,0.0,50.0,0.0,0.0,-480.0,3100.0,yonden
2018,3,2018-03-10,23:00,3070.0,0.0,2980.0,560.0,－－－－－－－－－－,10.0,0.0,0.0,50.0,0.0,0.0,-530.0,3070.0,yonden
2018,3,2018-03-11,00:00,3080.0,0.0,2980.0,570.0,－－－－－－－－－－,10.0,0.0,0.0,60.0,0.0,0.0,-540.0,3080.0,yonden
2018,3,2018-03-11,01:00,3180.0,0.0,3040.0,560.0,－－－－－－－－－－,10.0,0.0,0.0,60.0,0.0,0.0,-490.0,3180.0,yonden
2018,3,2018-03-11,02:00,3340.0,0.0,3030.0,570.0,－－－－－－－－－－,10.0,0.0,0.0,50.0,0.0,0.0,-320.0,3340.0,yonden
2018,3,2018-03-11,03:00,3410.0,0.0,2980.0,650.0,－－－－－－－－－－,10.0,0.0,0.0,50.0,0.0,0.0,-280.0,3410.0,yonden
2018,3,2018-03-11,04:00,3360.0,0.0,2960.0,600.0,－－－－－－－－－－,10.0,0.0,0.0,40.0,0.0,0.0,-250.0,3360.0,yonden
2018,3,2018-03-11,05:00,3170.0,0.0,2890.0,600.0,－－－－－－－－－－,10.0,0.0,0.0,50.0,0.0,0.0,-380.0,3170.0,yonden
2018,3,2018-03-11,06:00,3030.0,0.0,2900.0,570.0,－－－－－－－－－－,10.0,30.0,0.0,40.0,0.0,0.0,-520.0,3030.0,yonden
2018,3,2018-03-11,07:00,2970.0,0.0,2680.0,570.0,－－－－－－－－－－,10.0,300.0,0.0,40.0,0.0,0.0,-630.0,2970.0,yonden
2018,3,2018-03-11,08:00,2920.0,0.0,2470.0,590.0,－－－－－－－－－－,10.0,650.0,0.0,30.0,0.0,0.0,-830.0,2920.0,yonden
2018,3,2018-03-11,09:00,2830.0,0.0,2220.0,600.0,－－－－－－－－－－,10.0,1010.0,0.0,50.0,0.0,-180.0,-880.0,2830.0,yonden
2018,3,2018-03-11,10:00,2710.0,0.0,2120.0,650.0,－－－－－－－－－－,10.0,1320.0,0.0,40.0,0.0,-410.0,-1020.0,2710.0,yonden
2018,3,2018-03-11,11:00,2650.0,0.0,2080.0,640.0,－－－－－－－－－－,10.0,1450.0,0.0,50.0,0.0,-600.0,-980.0,2650.0,yonden
2018,3,2018-03-11,12:00,2620.0,0.0,2040.0,640.0,－－－－－－－－－－,10.0,1460.0,0.0,60.0,0.0,-600.0,-990.0,2620.0,yonden
2018,3,2018-03-11,13:00,2570.0,0.0,2020.0,640.0,－－－－－－－－－－,10.0,1420.0,0.0,60.0,0.0,-600.0,-980.0,2570.0,yonden
2018,3,2018-03-11,14:00,2520.0,0.0,2080.0,630.0,－－－－－－－－－－,10.0,1260.0,0.0,60.0,0.0,-600.0,-920.0,2520.0,yonden
2018,3,2018-03-11,15:00,2540.0,0.0,2230.0,610.0,－－－－－－－－－－,10.0,950.0,0.0,70.0,0.0,-490.0,-840.0,2540.0,yonden
2018,3,2018-03-11,16:00,2690.0,0.0,2340.0,600.0,－－－－－－－－－－,10.0,570.0,0.0,50.0,0.0,-100.0,-780.0,2690.0,yonden
2018,3,2018-03-11,17:00,2920.0,0.0,2730.0,610.0,－－－－－－－－－－,10.0,180.0,0.0,40.0,0.0,0.0,-650.0,2920.0,yonden
2018,3,2018-03-11,18:00,3170.0,0.0,3090.0,590.0,－－－－－－－－－－,10.0,0.0,0.0,40.0,0.0,0.0,-560.0,3170.0,yonden
2018,3,2018-03-11,19:00,3230.0,0.0,3110.0,590.0,－－－－－－－－－－,10.0,0.0,0.0,50.0,0.0,0.0,-530.0,3230.0,yonden
2018,3,2018-03-11,20:00,3170.0,0.0,3070.0,550.0,－－－－－－－－－－,10.0,0.0,0.0,60.0,0.0,0.0,-520.0,3170.0,yonden
2018,3,2018-03-11,21:00,3040.0,0.0,2960.0,550.0,－－－－－－－－－－,10.0,0.0,0.0,40.0,0.0,0.0,-520.0,3040.0,yonden
2018,3,2018-03-11,22:00,2830.0,0.0,2800.0,520.0,－－－－－－－－－－,10.0,0.0,0.0,30.0,0.0,0.0,-530.0,2830.0,yonden
2018,3,2018-03-11,23:00,2760.0,0.0,2740.0,520.0,－－－－－－－－－－,10.0,0.0,0.0,40.0,0.0,0.0,-550.0,2760.0,yonden
2018,3,2018-03-12,00:00,2750.0,0.0,2710.0,510.0,－－－－－－－－－－,10.0,0.0,0.0,40.0,0.0,0.0,-520.0,2750.0,yonden
2018,3,2018-03-12,01:00,2900.0,0.0,2790.0,510.0,－－－－－－－－－－,10.0,0.0,0.0,40.0,0.0,0.0,-450.0,2900.0,yonden
2018,3,2018-03-12,02:00,3190.0,0.0,2990.0,540.0,－－－－－－－－－－,10.0,0.0,0.0,30.0,0.0,0.0,-380.0,3190.0,yonden
2018,3,2018-03-12,03:00,3330.0,0.0,3030.0,570.0,－－－－－－－－－－,10.0,0.0,0.0,20.0,0.0,0.0,-300.0,3330.0,yonden
2018,3,2018-03-12,04:00,3350.0,0.0,3020.0,620.0,－－－－－－－－－－,10.0,0.0,0.0,20.0,0.0,0.0,-320.0,3350.0,yonden
2018,3,2018-03-12,05:00,3310.0,0.0,3020.0,620.0,－－－－－－－－－－,10.0,0.0,0.0,20.0,0.0,0.0,-360.0,3310.0,yonden
2018,3,2018-03-12,06:00,3470.0,0.0,3150.0,620.0,－－－－－－－－－－,10.0,30.0,0.0,20.0,0.0,60.0,-420.0,3470.0,yonden
2018,3,2018-03-12,07:00,3450.0,0.0,3040.0,600.0,－－－－－－－－－－,10.0,310.0,0.0,20.0,0.0,140.0,-670.0,3450.0,yonden
2018,3,2018-03-12,08:00,3560.0,0.0,3020.0,610.0,－－－－－－－－－－,10.0,670.0,0.0,10.0,0.0,60.0,-820.0,3560.0,yonden
2018,3,2018-03-12,09:00,3570.0,0.0,2950.0,580.0,－－－－－－－－－－,10.0,1030.0,0.0,0.0,0.0,0.0,-1000.0,3570.0,yonden
2018,3,2018-03-12,10:00,3470.0,0.0,2710.0,540.0,－－－－－－－－－－,10.0,1290.0,0.0,0.0,0.0,0.0,-1080.0,3470.0,yonden
2018,3,2018-03-12,11:00,3410.0,0.0,2530.0,490.0,－－－－－－－－－－,10.0,1400.0,0.0,0.0,0.0,0.0,-1020.0,3410.0,yonden
2018,3,2018-03-12,12:00,3190.0,0.0,2440.0,500.0,－－－－－－－－－－,10.0,1450.0,0.0,0.0,0.0,-300.0,-910.0,3190.0,yonden
2018,3,2018-03-12,13:00,3360.0,0.0,2470.0,500.0,－－－－－－－－－－,10.0,1390.0,0.0,0.0,0.0,-50.0,-960.0,3360.0,yonden
2018,3,2018-03-12,14:00,3350.0,0.0,2540.0,500.0,－－－－－－－－－－,10.0,1180.0,0.0,0.0,0.0,0.0,-880.0,3350.0,yonden
2018,3,2018-03-12,15:00,3330.0,0.0,2770.0,510.0,－－－－－－－－－－,10.0,830.0,0.0,0.0,0.0,0.0,-790.0,3330.0,yonden
2018,3,2018-03-12,16:00,3420.0,0.0,3140.0,550.0,－－－－－－－－－－,10.0,440.0,0.0,0.0,0.0,0.0,-720.0,3420.0,yonden
2018,3,2018-03-12,17:00,3440.0,0.0,3260.0,580.0,－－－－－－－－－－,10.0,110.0,0.0,0.0,0.0,60.0,-580.0,3440.0,yonden
2018,3,2018-03-12,18:00,3640.0,0.0,3250.0,670.0,－－－－－－－－－－,10.0,0.0,0.0,0.0,0.0,220.0,-510.0,3640.0,yonden
2018,3,2018-03-12,19:00,3590.0,0.0,3230.0,670.0,－－－－－－－－－－,10.0,0.0,0.0,10.0,0.0,200.0,-530.0,3590.0,yonden
2018,3,2018-03-12,20:00,3470.0,0.0,3250.0,630.0,－－－－－－－－－－,10.0,0.0,0.0,20.0,0.0,100.0,-540.0,3470.0,yonden
2018,3,2018-03-12,21:00,3280.0,0.0,3240.0,560.0,－－－－－－－－－－,10.0,0.0,0.0,20.0,0.0,0.0,-550.0,3280.0,yonden
2018,3,2018-03-12,22:00,3050.0,0.0,3040.0,440.0,－－－－－－－－－－,10.0,0.0,0.0,30.0,0.0,0.0,-470.0,3050.0,yonden
2018,3,2018-03-12,23:00,2950.0,0.0,2990.0,410.0,－－－－－－－－－－,10.0,0.0,0.0,20.0,0.0,0.0,-480.0,2950.0,yonden
2018,3,2018-03-13,00:00,2900.0,0.0,2960.0,430.0,－－－－－－－－－－,10.0,0.0,0.0,20.0,0.0,0.0,-520.0,2900.0,yonden
2018,3,2018-03-13,01:00,3040.0,0.0,3000.0,430.0,－－－－－－－－－－,10.0,0.0,0.0,20.0,0.0,0.0,-420.0,3040.0,yonden
2018,3,2018-03-13,02:00,3260.0,0.0,3040.0,510.0,－－－－－－－－－－,10.0,0.0,0.0,20.0,0.0,0.0,-320.0,3260.0,yonden
2018,3,2018-03-13,03:00,3410.0,0.0,3100.0,580.0,－－－－－－－－－－,10.0,0.0,0.0,20.0,0.0,0.0,-300.0,3410.0,yonden
2018,3,2018-03-13,04:00,3410.0,0.0,3160.0,620.0,－－－－－－－－－－,10.0,0.0,0.0,10.0,0.0,0.0,-390.0,3410.0,yonden
2018,3,2018-03-13,05:00,3370.0,0.0,3120.0,590.0,－－－－－－－－－－,10.0,0.0,0.0,10.0,0.0,0.0,-360.0,3370.0,yonden
2018,3,2018-03-13,06:00,3440.0,0.0,3100.0,620.0,－－－－－－－－－－,10.0,30.0,0.0,10.0,0.0,0.0,-330.0,3440.0,yonden
2018,3,2018-03-13,07:00,3390.0,0.0,2960.0,550.0,－－－－－－－－－－,10.0,290.0,0.0,10.0,0.0,0.0,-430.0,3390.0,yonden
2018,3,2018-03-13,08:00,3520.0,0.0,2810.0,520.0,－－－－－－－－－－,10.0,650.0,0.0,10.0,0.0,0.0,-480.0,3520.0,yonden
2018,3,2018-03-13,09:00,3480.0,0.0,2550.0,420.0,－－－－－－－－－－,10.0,1010.0,0.0,10.0,0.0,0.0,-520.0,3480.0,yonden
2018,3,2018-03-13,10:00,3360.0,0.0,2490.0,440.0,－－－－－－－－－－,10.0,1270.0,0.0,10.0,0.0,-260.0,-600.0,3360.0,yonden
2018,3,2018-03-13,11:00,3280.0,0.0,2400.0,460.0,－－－－－－－－－－,10.0,1390.0,0.0,20.0,0.0,-300.0,-700.0,3280.0,yonden
2018,3,2018-03-13,12:00,3100.0,0.0,2310.0,450.0,－－－－－－－－－－,10.0,1450.0,0.0,30.0,0.0,-300.0,-850.0,3100.0,yonden
2018,3,2018-03-13,13:00,3270.0,0.0,2350.0,450.0,－－－－－－－－－－,10.0,1400.0,0.0,30.0,0.0,-300.0,-670.0,3270.0,yonden
2018,3,2018-03-13,14:00,3260.0,0.0,2330.0,440.0,－－－－－－－－－－,10.0,1240.0,0.0,40.0,0.0,0.0,-800.0,3260.0,yonden
2018,3,2018-03-13,15:00,3260.0,0.0,2500.0,420.0,－－－－－－－－－－,10.0,940.0,0.0,50.0,0.0,0.0,-660.0,3260.0,yonden
2018,3,2018-03-13,16:00,3360.0,0.0,2750.0,430.0,－－－－－－－－－－,10.0,560.0,0.0,50.0,0.0,0.0,-440.0,3360.0,yonden
2018,3,2018-03-13,17:00,3390.0,0.0,3100.0,570.0,－－－－－－－－－－,10.0,170.0,0.0,60.0,0.0,10.0,-530.0,3390.0,yonden
2018,3,2018-03-13,18:00,3480.0,0.0,3090.0,610.0,－－－－－－－－－－,10.0,0.0,0.0,60.0,0.0,230.0,-520.0,3480.0,yonden
2018,3,2018-03-13,19:00,3440.0,0.0,3100.0,610.0,－－－－－－－－－－,10.0,0.0,0.0,50.0,0.0,210.0,-540.0,3440.0,yonden
2018,3,2018-03-13,20:00,3320.0,0.0,3120.0,600.0,－－－－－－－－－－,10.0,0.0,0.0,50.0,0.0,20.0,-480.0,3320.0,yonden
2018,3,2018-03-13,21:00,3150.0,0.0,3010.0,570.0,－－－－－－－－－－,10.0,0.0,0.0,50.0,0.0,0.0,-490.0,3150.0,yonden
2018,3,2018-03-13,22:00,2940.0,0.0,2820.0,470.0,－－－－－－－－－－,10.0,0.0,0.0,40.0,0.0,0.0,-400.0,2940.0,yonden
2018,3,2018-03-13,23:00,2830.0,0.0,2770.0,450.0,－－－－－－－－－－,10.0,0.0,0.0,30.0,0.0,0.0,-430.0,2830.0,yonden
2018,3,2018-03-14,00:00,2770.0,0.0,2800.0,440.0,－－－－－－－－－－,10.0,0.0,0.0,20.0,0.0,0.0,-500.0,2770.0,yonden
2018,3,2018-03-14,01:00,2930.0,0.0,2810.0,460.0,－－－－－－－－－－,10.0,0.0,0.0,20.0,0.0,0.0,-370.0,2930.0,yonden
2018,3,2018-03-14,02:00,3180.0,0.0,2930.0,530.0,－－－－－－－－－－,10.0,0.0,0.0,10.0,0.0,0.0,-300.0,3180.0,yonden
2018,3,2018-03-14,03:00,3320.0,0.0,2850.0,520.0,－－－－－－－－－－,10.0,0.0,0.0,10.0,0.0,190.0,-260.0,3320.0,yonden
2018,3,2018-03-14,04:00,3320.0,0.0,2820.0,510.0,－－－－－－－－－－,10.0,0.0,0.0,0.0,0.0,200.0,-220.0,3320.0,yonden
2018,3,2018-03-14,05:00,3210.0,0.0,2860.0,540.0,－－－－－－－－－－,10.0,0.0,0.0,0.0,0.0,30.0,-230.0,3210.0,yonden
2018,3,2018-03-14,06:00,3220.0,0.0,2910.0,560.0,－－－－－－－－－－,10.0,40.0,0.0,0.0,0.0,0.0,-300.0,3220.0,yonden
2018,3,2018-03-14,07:00,3190.0,0.0,2870.0,490.0,－－－－－－－－－－,10.0,320.0,0.0,0.0,0.0,0.0,-500.0,3190.0,yonden
2018,3,2018-03-14,08:00,3260.0,0.0,2730.0,450.0,－－－－－－－－－－,10.0,670.0,0.0,0.0,0.0,0.0,-600.0,3260.0,yonden
2018,3,2018-03-14,09:00,3230.0,0.0,2490.0,450.0,－－－－－－－－－－,10.0,1000.0,0.0,0.0,0.0,0.0,-720.0,3230.0,yonden
2018,3,2018-03-14,10:00,3160.0,0.0,2430.0,400.0,－－－－－－－－－－,10.0,1260.0,0.0,0.0,0.0,-250.0,-690.0,3160.0,yonden
2018,3,2018-03-14,11:00,3140.0,0.0,2390.0,410.0,－－－－－－－－－－,10.0,1390.0,0.0,0.0,0.0,-350.0,-710.0,3140.0,yonden
2018,3,2018-03-14,12:00,2950.0,0.0,2420.0,400.0,－－－－－－－－－－,10.0,1440.0,0.0,0.0,0.0,-590.0,-730.0,2950.0,yonden
2018,3,2018-03-14,13:00,3140.0,0.0,2410.0,390.0,－－－－－－－－－－,10.0,1380.0,0.0,0.0,0.0,-400.0,-650.0,3140.0,yonden
2018,3,2018-03-14,14:00,3140.0,0.0,2400.0,430.0,－－－－－－－－－－,10.0,1220.0,0.0,10.0,0.0,-250.0,-680.0,3140.0,yonden
2018,3,2018-03-14,15:00,3130.0,0.0,2300.0,410.0,－－－－－－－－－－,10.0,920.0,0.0,10.0,0.0,0.0,-520.0,3130.0,yonden
2018,3,2018-03-14,16:00,3230.0,0.0,2670.0,470.0,－－－－－－－－－－,10.0,550.0,0.0,20.0,0.0,0.0,-490.0,3230.0,yonden
2018,3,2018-03-14,17:00,3210.0,0.0,2940.0,520.0,－－－－－－－－－－,10.0,170.0,0.0,40.0,0.0,120.0,-590.0,3210.0,yonden
2018,3,2018-03-14,18:00,3290.0,0.0,3060.0,570.0,－－－－－－－－－－,10.0,0.0,0.0,60.0,0.0,140.0,-550.0,3290.0,yonden
2018,3,2018-03-14,19:00,3240.0,0.0,3040.0,600.0,－－－－－－－－－－,10.0,0.0,0.0,60.0,0.0,80.0,-550.0,3240.0,yonden
2018,3,2018-03-14,20:00,3110.0,0.0,3010.0,570.0,－－－－－－－－－－,10.0,0.0,0.0,60.0,0.0,0.0,-540.0,3110.0,yonden
2018,3,2018-03-14,21:00,2940.0,0.0,2830.0,520.0,－－－－－－－－－－,10.0,0.0,0.0,60.0,0.0,0.0,-480.0,2940.0,yonden
2018,3,2018-03-14,22:00,2760.0,0.0,2650.0,460.0,－－－－－－－－－－,10.0,0.0,0.0,60.0,0.0,0.0,-420.0,2760.0,yonden
2018,3,2018-03-14,23:00,2670.0,0.0,2580.0,440.0,－－－－－－－－－－,10.0,0.0,0.0,50.0,0.0,0.0,-410.0,2670.0,yonden
2018,3,2018-03-15,00:00,2600.0,0.0,2600.0,390.0,－－－－－－－－－－,10.0,0.0,0.0,40.0,0.0,0.0,-440.0,2600.0,yonden
2018,3,2018-03-15,01:00,2720.0,0.0,2540.0,410.0,－－－－－－－－－－,10.0,0.0,0.0,40.0,0.0,0.0,-280.0,2720.0,yonden
2018,3,2018-03-15,02:00,2970.0,0.0,2730.0,440.0,－－－－－－－－－－,10.0,0.0,0.0,30.0,0.0,90.0,-330.0,2970.0,yonden
2018,3,2018-03-15,03:00,3110.0,0.0,2770.0,430.0,－－－－－－－－－－,10.0,0.0,0.0,20.0,0.0,200.0,-320.0,3110.0,yonden
2018,3,2018-03-15,04:00,3130.0,0.0,2760.0,430.0,－－－－－－－－－－,10.0,0.0,0.0,30.0,0.0,210.0,-310.0,3130.0,yonden
2018,3,2018-03-15,05:00,3020.0,0.0,2680.0,410.0,－－－－－－－－－－,10.0,0.0,0.0,30.0,0.0,170.0,-280.0,3020.0,yonden
2018,3,2018-03-15,06:00,2950.0,0.0,2720.0,450.0,－－－－－－－－－－,10.0,40.0,0.0,40.0,0.0,80.0,-390.0,2950.0,yonden
2018,3,2018-03-15,07:00,2910.0,0.0,2570.0,380.0,－－－－－－－－－－,10.0,290.0,0.0,60.0,0.0,0.0,-400.0,2910.0,yonden
2018,3,2018-03-15,08:00,3080.0,0.0,2440.0,400.0,－－－－－－－－－－,10.0,630.0,0.0,80.0,0.0,0.0,-480.0,3080.0,yonden
2018,3,2018-03-15,09:00,3100.0,0.0,2470.0,410.0,－－－－－－－－－－,10.0,930.0,0.0,80.0,0.0,-260.0,-540.0,3100.0,yonden
2018,3,2018-03-15,10:00,3060.0,0.0,2450.0,430.0,－－－－－－－－－－,10.0,1150.0,0.0,90.0,0.0,-470.0,-600.0,3060.0,yonden
2018,3,2018-03-15,11:00,3060.0,0.0,2350.0,460.0,－－－－－－－－－－,10.0,1250.0,0.0,100.0,0.0,-320.0,-790.0,3060.0,yonden
2018,3,2018-03-15,12:00,2870.0,0.0,2100.0,410.0,－－－－－－－－－－,10.0,1350.0,0.0,90.0,0.0,-300.0,-790.0,2870.0,yonden
2018,3,2018-03-15,13:00,3110.0,0.0,2400.0,470.0,－－－－－－－－－－,10.0,1260.0,0.0,90.0,0.0,-300.0,-820.0,3110.0,yonden
2018,3,2018-03-15,14:00,3150.0,0.0,2450.0,440.0,－－－－－－－－－－,10.0,890.0,0.0,80.0,0.0,-40.0,-680.0,3150.0,yonden
2018,3,2018-03-15,15:00,3150.0,0.0,2650.0,460.0,－－－－－－－－－－,10.0,420.0,0.0,80.0,0.0,0.0,-470.0,3150.0,yonden
2018,3,2018-03-15,16:00,3170.0,0.0,2850.0,490.0,－－－－－－－－－－,10.0,200.0,0.0,80.0,0.0,0.0,-460.0,3170.0,yonden
2018,3,2018-03-15,17:00,3220.0,0.0,3000.0,580.0,－－－－－－－－－－,10.0,70.0,0.0,90.0,0.0,70.0,-600.0,3220.0,yonden
2018,3,2018-03-15,18:00,3330.0,0.0,3080.0,650.0,－－－－－－－－－－,10.0,0.0,0.0,90.0,0.0,170.0,-670.0,3330.0,yonden
2018,3,2018-03-15,19:00,3230.0,0.0,3060.0,630.0,－－－－－－－－－－,10.0,0.0,0.0,90.0,0.0,30.0,-590.0,3230.0,yonden
2018,3,2018-03-15,20:00,3110.0,0.0,3050.0,580.0,－－－－－－－－－－,10.0,0.0,0.0,80.0,0.0,0.0,-610.0,3110.0,yonden
2018,3,2018-03-15,21:00,2910.0,0.0,2800.0,530.0,－－－－－－－－－－,10.0,0.0,0.0,80.0,0.0,0.0,-510.0,2910.0,yonden
2018,3,2018-03-15,22:00,2740.0,0.0,2650.0,480.0,－－－－－－－－－－,10.0,0.0,0.0,80.0,0.0,0.0,-480.0,2740.0,yonden
2018,3,2018-03-15,23:00,2670.0,0.0,2640.0,460.0,－－－－－－－－－－,10.0,0.0,0.0,60.0,0.0,0.0,-500.0,2670.0,yonden
2018,3,2018-03-16,00:00,2600.0,0.0,2610.0,390.0,－－－－－－－－－－,10.0,0.0,0.0,60.0,0.0,0.0,-470.0,2600.0,yonden
2018,3,2018-03-16,01:00,2720.0,0.0,2710.0,420.0,－－－－－－－－－－,10.0,0.0,0.0,80.0,0.0,0.0,-500.0,2720.0,yonden
2018,3,2018-03-16,02:00,2960.0,0.0,2870.0,510.0,－－－－－－－－－－,10.0,0.0,0.0,70.0,0.0,0.0,-500.0,2960.0,yonden
2018,3,2018-03-16,03:00,3120.0,0.0,2970.0,530.0,－－－－－－－－－－,10.0,0.0,0.0,70.0,0.0,0.0,-460.0,3120.0,yonden
2018,3,2018-03-16,04:00,3130.0,0.0,2970.0,540.0,－－－－－－－－－－,10.0,0.0,0.0,80.0,0.0,0.0,-470.0,3130.0,yonden
2018,3,2018-03-16,05:00,3000.0,0.0,2940.0,470.0,－－－－－－－－－－,10.0,0.0,0.0,50.0,0.0,0.0,-470.0,3000.0,yonden
2018,3,2018-03-16,06:00,2920.0,0.0,2960.0,480.0,－－－－－－－－－－,10.0,10.0,0.0,30.0,0.0,0.0,-570.0,2920.0,yonden
2018,3,2018-03-16,07:00,2970.0,0.0,2980.0,460.0,－－－－－－－－－－,10.0,40.0,0.0,20.0,0.0,0.0,-540.0,2970.0,yonden
2018,3,2018-03-16,08:00,3380.0,0.0,3190.0,520.0,－－－－－－－－－－,10.0,60.0,0.0,50.0,0.0,0.0,-450.0,3380.0,yonden
2018,3,2018-03-16,09:00,3600.0,0.0,3360.0,550.0,－－－－－－－－－－,10.0,100.0,0.0,90.0,0.0,0.0,-510.0,3600.0,yonden
2018,3,2018-03-16,10:00,3650.0,0.0,3350.0,550.0,－－－－－－－－－－,10.0,130.0,0.0,110.0,0.0,50.0,-550.0,3650.0,yonden
2018,3,2018-03-16,11:00,3680.0,0.0,3270.0,570.0,－－－－－－－－－－,10.0,150.0,0.0,110.0,0.0,140.0,-570.0,3680.0,yonden
2018,3,2018-03-16,12:00,3480.0,0.0,3330.0,530.0,－－－－－－－－－－,10.0,170.0,0.0,120.0,0.0,150.0,-830.0,3480.0,yonden
2018,3,2018-03-16,13:00,3640.0,0.0,3400.0,520.0,－－－－－－－－－－,10.0,180.0,0.0,120.0,0.0,70.0,-660.0,3640.0,yonden
2018,3,2018-03-16,14:00,3620.0,0.0,3330.0,530.0,－－－－－－－－－－,10.0,150.0,0.0,130.0,0.0,0.0,-530.0,3620.0,yonden
2018,3,2018-03-16,15:00,3560.0,0.0,3180.0,530.0,－－－－－－－－－－,10.0,110.0,0.0,130.0,0.0,0.0,-400.0,3560.0,yonden
2018,3,2018-03-16,16:00,3620.0,0.0,3120.0,540.0,－－－－－－－－－－,10.0,70.0,0.0,150.0,0.0,120.0,-390.0,3620.0,yonden
2018,3,2018-03-16,17:00,3660.0,0.0,3060.0,630.0,－－－－－－－－－－,10.0,20.0,0.0,140.0,0.0,270.0,-470.0,3660.0,yonden
2018,3,2018-03-16,18:00,3740.0,0.0,3110.0,690.0,－－－－－－－－－－,10.0,0.0,0.0,130.0,0.0,270.0,-470.0,3740.0,yonden
2018,3,2018-03-16,19:00,3670.0,0.0,3110.0,710.0,－－－－－－－－－－,10.0,0.0,0.0,120.0,0.0,250.0,-530.0,3670.0,yonden
2018,3,2018-03-16,20:00,3540.0,0.0,3100.0,670.0,－－－－－－－－－－,10.0,0.0,0.0,100.0,0.0,190.0,-530.0,3540.0,yonden
2018,3,2018-03-16,21:00,3370.0,0.0,3070.0,650.0,－－－－－－－－－－,10.0,0.0,0.0,100.0,0.0,60.0,-520.0,3370.0,yonden
2018,3,2018-03-16,22:00,3140.0,0.0,2970.0,630.0,－－－－－－－－－－,10.0,0.0,0.0,90.0,0.0,0.0,-560.0,3140.0,yonden
2018,3,2018-03-16,23:00,3050.0,0.0,2860.0,600.0,－－－－－－－－－－,10.0,0.0,0.0,90.0,0.0,0.0,-510.0,3050.0,yonden
2018,3,2018-03-17,00:00,3020.0,0.0,2530.0,600.0,－－－－－－－－－－,10.0,0.0,0.0,80.0,0.0,80.0,-280.0,3020.0,yonden
2018,3,2018-03-17,01:00,3120.0,0.0,2400.0,560.0,－－－－－－－－－－,10.0,0.0,0.0,80.0,0.0,150.0,-80.0,3120.0,yonden
2018,3,2018-03-17,02:00,3310.0,0.0,2520.0,600.0,－－－－－－－－－－,10.0,0.0,0.0,70.0,0.0,160.0,-50.0,3310.0,yonden
2018,3,2018-03-17,03:00,3420.0,0.0,2570.0,600.0,－－－－－－－－－－,10.0,0.0,0.0,70.0,0.0,160.0,10.0,3420.0,yonden
2018,3,2018-03-17,04:00,3380.0,0.0,2540.0,600.0,－－－－－－－－－－,10.0,0.0,0.0,70.0,0.0,160.0,0.0,3380.0,yonden
2018,3,2018-03-17,05:00,3260.0,0.0,2500.0,590.0,－－－－－－－－－－,10.0,0.0,0.0,60.0,0.0,150.0,-50.0,3260.0,yonden
2018,3,2018-03-17,06:00,3190.0,0.0,2510.0,590.0,－－－－－－－－－－,10.0,50.0,0.0,60.0,0.0,90.0,-120.0,3190.0,yonden
2018,3,2018-03-17,07:00,3120.0,0.0,2370.0,540.0,－－－－－－－－－－,10.0,350.0,0.0,60.0,0.0,0.0,-210.0,3120.0,yonden
2018,3,2018-03-17,08:00,3150.0,0.0,2160.0,490.0,－－－－－－－－－－,10.0,700.0,0.0,60.0,0.0,0.0,-270.0,3150.0,yonden
2018,3,2018-03-17,09:00,3100.0,0.0,2050.0,500.0,－－－－－－－－－－,10.0,1080.0,0.0,60.0,0.0,-180.0,-420.0,3100.0,yonden
2018,3,2018-03-17,10:00,3060.0,0.0,1900.0,520.0,－－－－－－－－－－,10.0,1420.0,0.0,60.0,0.0,-540.0,-310.0,3060.0,yonden
2018,3,2018-03-17,11:00,2990.0,0.0,1850.0,520.0,－－－－－－－－－－,10.0,1530.0,0.0,60.0,0.0,-600.0,-380.0,2990.0,yonden
2018,3,2018-03-17,12:00,2860.0,0.0,1880.0,520.0,－－－－－－－－－－,10.0,1560.0,0.0,40.0,0.0,-600.0,-550.0,2860.0,yonden
2018,3,2018-03-17,13:00,2890.0,0.0,1860.0,510.0,－－－－－－－－－－,10.0,1520.0,0.0,30.0,0.0,-600.0,-440.0,2890.0,yonden
2018,3,2018-03-17,14:00,2840.0,0.0,1800.0,500.0,－－－－－－－－－－,10.0,1340.0,0.0,20.0,0.0,-450.0,-380.0,2840.0,yonden
2018,3,2018-03-17,15:00,2820.0,0.0,1830.0,500.0,－－－－－－－－－－,10.0,1030.0,0.0,10.0,0.0,-150.0,-410.0,2820.0,yonden
2018,3,2018-03-17,16:00,2930.0,0.0,2010.0,540.0,－－－－－－－－－－,10.0,630.0,0.0,0.0,0.0,0.0,-260.0,2930.0,yonden
2018,3,2018-03-17,17:00,3040.0,0.0,2270.0,640.0,－－－－－－－－－－,10.0,220.0,0.0,0.0,0.0,50.0,-150.0,3040.0,yonden
2018,3,2018-03-17,18:00,3240.0,0.0,2360.0,690.0,－－－－－－－－－－,10.0,0.0,0.0,10.0,0.0,300.0,-130.0,3240.0,yonden
2018,3,2018-03-17,19:00,3280.0,0.0,2460.0,680.0,－－－－－－－－－－,10.0,0.0,0.0,20.0,0.0,240.0,-130.0,3280.0,yonden
2018,3,2018-03-17,20:00,3200.0,0.0,2590.0,650.0,－－－－－－－－－－,10.0,0.0,0.0,20.0,0.0,140.0,-210.0,3200.0,yonden
2018,3,2018-03-17,21:00,3050.0,0.0,2570.0,630.0,－－－－－－－－－－,10.0,0.0,0.0,20.0,0.0,0.0,-180.0,3050.0,yonden
2018,3,2018-03-17,22:00,2860.0,0.0,2360.0,600.0,－－－－－－－－－－,10.0,0.0,0.0,20.0,0.0,0.0,-130.0,2860.0,yonden
2018,3,2018-03-17,23:00,2790.0,0.0,2400.0,570.0,－－－－－－－－－－,10.0,0.0,0.0,20.0,0.0,0.0,-210.0,2790.0,yonden
2018,3,2018-03-18,00:00,2770.0,0.0,2380.0,500.0,－－－－－－－－－－,10.0,0.0,0.0,20.0,0.0,0.0,-140.0,2770.0,yonden
2018,3,2018-03-18,01:00,2910.0,0.0,2440.0,510.0,－－－－－－－－－－,10.0,0.0,0.0,30.0,0.0,0.0,-80.0,2910.0,yonden
2018,3,2018-03-18,02:00,3150.0,0.0,2670.0,560.0,－－－－－－－－－－,10.0,0.0,0.0,30.0,0.0,0.0,-120.0,3150.0,yonden
2018,3,2018-03-18,03:00,3270.0,0.0,2690.0,650.0,－－－－－－－－－－,10.0,0.0,0.0,30.0,0.0,0.0,-110.0,3270.0,yonden
2018,3,2018-03-18,04:00,3240.0,0.0,2680.0,640.0,－－－－－－－－－－,10.0,0.0,0.0,20.0,0.0,0.0,-110.0,3240.0,yonden
2018,3,2018-03-18,05:00,3070.0,0.0,2520.0,600.0,－－－－－－－－－－,10.0,0.0,0.0,30.0,0.0,0.0,-90.0,3070.0,yonden
2018,3,2018-03-18,06:00,2880.0,0.0,2380.0,560.0,－－－－－－－－－－,10.0,50.0,0.0,50.0,0.0,0.0,-170.0,2880.0,yonden
2018,3,2018-03-18,07:00,2760.0,0.0,2210.0,520.0,－－－－－－－－－－,10.0,250.0,0.0,40.0,0.0,0.0,-270.0,2760.0,yonden
2018,3,2018-03-18,08:00,2750.0,0.0,2060.0,500.0,－－－－－－－－－－,10.0,420.0,0.0,30.0,0.0,0.0,-270.0,2750.0,yonden
2018,3,2018-03-18,09:00,2730.0,0.0,1970.0,480.0,－－－－－－－－－－,10.0,590.0,0.0,20.0,0.0,0.0,-340.0,2730.0,yonden
2018,3,2018-03-18,10:00,2620.0,0.0,1840.0,470.0,－－－－－－－－－－,10.0,740.0,0.0,10.0,0.0,-30.0,-420.0,2620.0,yonden
2018,3,2018-03-18,11:00,2520.0,0.0,1990.0,470.0,－－－－－－－－－－,10.0,850.0,0.0,10.0,0.0,-300.0,-510.0,2520.0,yonden
2018,3,2018-03-18,12:00,2480.0,0.0,1880.0,460.0,－－－－－－－－－－,10.0,980.0,0.0,10.0,0.0,-350.0,-510.0,2480.0,yonden
2018,3,2018-03-18,13:00,2440.0,0.0,2020.0,490.0,－－－－－－－－－－,10.0,940.0,0.0,20.0,0.0,-580.0,-460.0,2440.0,yonden
2018,3,2018-03-18,14:00,2400.0,0.0,1840.0,480.0,－－－－－－－－－－,10.0,660.0,0.0,20.0,0.0,-300.0,-310.0,2400.0,yonden
2018,3,2018-03-18,15:00,2460.0,0.0,1920.0,480.0,－－－－－－－－－－,10.0,400.0,0.0,20.0,0.0,-140.0,-230.0,2460.0,yonden
2018,3,2018-03-18,16:00,2570.0,0.0,2110.0,510.0,－－－－－－－－－－,10.0,170.0,0.0,30.0,0.0,0.0,-260.0,2570.0,yonden
2018,3,2018-03-18,17:00,2800.0,0.0,2360.0,610.0,－－－－－－－－－－,10.0,50.0,0.0,30.0,0.0,30.0,-290.0,2800.0,yonden
2018,3,2018-03-18,18:00,3050.0,0.0,2390.0,650.0,－－－－－－－－－－,10.0,0.0,0.0,40.0,0.0,150.0,-190.0,3050.0,yonden
2018,3,2018-03-18,19:00,3090.0,0.0,2420.0,660.0,－－－－－－－－－－,10.0,0.0,0.0,40.0,0.0,140.0,-180.0,3090.0,yonden
2018,3,2018-03-18,20:00,2990.0,0.0,2350.0,630.0,－－－－－－－－－－,10.0,0.0,0.0,60.0,0.0,140.0,-200.0,2990.0,yonden
2018,3,2018-03-18,21:00,2830.0,0.0,2380.0,620.0,－－－－－－－－－－,10.0,0.0,0.0,60.0,0.0,10.0,-250.0,2830.0,yonden
2018,3,2018-03-18,22:00,2630.0,0.0,2290.0,550.0,－－－－－－－－－－,10.0,0.0,0.0,70.0,0.0,0.0,-290.0,2630.0,yonden
2018,3,2018-03-18,23:00,2550.0,0.0,2420.0,540.0,－－－－－－－－－－,10.0,0.0,0.0,70.0,0.0,0.0,-490.0,2550.0,yonden
2018,3,2018-03-19,00:00,2500.0,0.0,2590.0,430.0,－－－－－－－－－－,10.0,0.0,0.0,60.0,0.0,0.0,-590.0,2500.0,yonden
2018,3,2018-03-19,01:00,2650.0,0.0,2680.0,430.0,－－－－－－－－－－,10.0,0.0,0.0,50.0,0.0,0.0,-520.0,2650.0,yonden
2018,3,2018-03-19,02:00,2910.0,0.0,2800.0,550.0,－－－－－－－－－－,10.0,0.0,0.0,50.0,0.0,0.0,-500.0,2910.0,yonden
2018,3,2018-03-19,03:00,3070.0,0.0,3030.0,590.0,－－－－－－－－－－,10.0,0.0,0.0,40.0,0.0,0.0,-600.0,3070.0,yonden
2018,3,2018-03-19,04:00,3090.0,0.0,3060.0,570.0,－－－－－－－－－－,10.0,0.0,0.0,40.0,0.0,0.0,-590.0,3090.0,yonden
2018,3,2018-03-19,05:00,2980.0,0.0,3080.0,460.0,－－－－－－－－－－,10.0,0.0,0.0,40.0,0.0,0.0,-610.0,2980.0,yonden
2018,3,2018-03-19,06:00,2980.0,0.0,3130.0,470.0,－－－－－－－－－－,10.0,20.0,0.0,40.0,0.0,0.0,-690.0,2980.0,yonden
2018,3,2018-03-19,07:00,2990.0,0.0,2960.0,440.0,－－－－－－－－－－,10.0,60.0,0.0,50.0,0.0,0.0,-530.0,2990.0,yonden
2018,3,2018-03-19,08:00,3340.0,0.0,3240.0,420.0,－－－－－－－－－－,10.0,130.0,0.0,50.0,0.0,0.0,-510.0,3340.0,yonden
2018,3,2018-03-19,09:00,3490.0,0.0,3340.0,440.0,－－－－－－－－－－,10.0,210.0,0.0,70.0,0.0,0.0,-580.0,3490.0,yonden
2018,3,2018-03-19,10:00,3490.0,0.0,3240.0,460.0,－－－－－－－－－－,10.0,270.0,0.0,80.0,0.0,0.0,-570.0,3490.0,yonden
2018,3,2018-03-19,11:00,3520.0,0.0,3300.0,450.0,－－－－－－－－－－,10.0,260.0,0.0,90.0,0.0,0.0,-590.0,3520.0,yonden
2018,3,2018-03-19,12:00,3320.0,0.0,3260.0,390.0,－－－－－－－－－－,10.0,200.0,0.0,90.0,0.0,0.0,-630.0,3320.0,yonden
2018,3,2018-03-19,13:00,3530.0,0.0,3470.0,390.0,－－－－－－－－－－,10.0,150.0,0.0,80.0,0.0,0.0,-570.0,3530.0,yonden
2018,3,2018-03-19,14:00,3550.0,0.0,3380.0,440.0,－－－－－－－－－－,10.0,120.0,0.0,90.0,0.0,0.0,-490.0,3550.0,yonden
2018,3,2018-03-19,15:00,3530.0,0.0,3390.0,450.0,－－－－－－－－－－,10.0,90.0,0.0,90.0,0.0,0.0,-500.0,3530.0,yonden
2018,3,2018-03-19,16:00,3580.0,0.0,3440.0,480.0,－－－－－－－－－－,10.0,60.0,0.0,90.0,0.0,0.0,-500.0,3580.0,yonden
2018,3,2018-03-19,17:00,3580.0,0.0,3390.0,590.0,－－－－－－－－－－,10.0,20.0,0.0,80.0,0.0,0.0,-510.0,3580.0,yonden
2018,3,2018-03-19,18:00,3620.0,0.0,3430.0,620.0,－－－－－－－－－－,10.0,0.0,0.0,60.0,0.0,0.0,-500.0,3620.0,yonden
2018,3,2018-03-19,19:00,3500.0,0.0,3390.0,560.0,－－－－－－－－－－,10.0,0.0,0.0,50.0,0.0,0.0,-510.0,3500.0,yonden
2018,3,2018-03-19,20:00,3340.0,0.0,3250.0,530.0,－－－－－－－－－－,10.0,0.0,0.0,40.0,0.0,0.0,-490.0,3340.0,yonden
2018,3,2018-03-19,21:00,3150.0,0.0,3070.0,540.0,－－－－－－－－－－,10.0,0.0,0.0,20.0,0.0,0.0,-490.0,3150.0,yonden
2018,3,2018-03-19,22:00,2910.0,0.0,2920.0,510.0,－－－－－－－－－－,10.0,0.0,0.0,10.0,0.0,0.0,-540.0,2910.0,yonden
2018,3,2018-03-19,23:00,2780.0,0.0,2850.0,520.0,－－－－－－－－－－,10.0,0.0,0.0,10.0,0.0,0.0,-610.0,2780.0,yonden
2018,3,2018-03-20,00:00,2700.0,0.0,2840.0,500.0,－－－－－－－－－－,10.0,0.0,0.0,10.0,0.0,0.0,-660.0,2700.0,yonden
2018,3,2018-03-20,01:00,2810.0,0.0,2850.0,500.0,－－－－－－－－－－,10.0,0.0,0.0,40.0,0.0,0.0,-590.0,2810.0,yonden
2018,3,2018-03-20,02:00,3050.0,0.0,2910.0,540.0,－－－－－－－－－－,10.0,0.0,0.0,60.0,0.0,0.0,-470.0,3050.0,yonden
2018,3,2018-03-20,03:00,3190.0,0.0,2930.0,550.0,－－－－－－－－－－,10.0,0.0,0.0,90.0,0.0,0.0,-390.0,3190.0,yonden
2018,3,2018-03-20,04:00,3180.0,0.0,2930.0,530.0,－－－－－－－－－－,10.0,0.0,0.0,90.0,0.0,0.0,-380.0,3180.0,yonden
2018,3,2018-03-20,05:00,3070.0,0.0,2900.0,530.0,－－－－－－－－－－,10.0,0.0,0.0,80.0,0.0,0.0,-450.0,3070.0,yonden
2018,3,2018-03-20,06:00,3070.0,0.0,2990.0,540.0,－－－－－－－－－－,10.0,20.0,0.0,70.0,0.0,0.0,-560.0,3070.0,yonden
2018,3,2018-03-20,07:00,3180.0,0.0,3140.0,540.0,－－－－－－－－－－,10.0,70.0,0.0,70.0,0.0,0.0,-650.0,3180.0,yonden
2018,3,2018-03-20,08:00,3540.0,0.0,3470.0,560.0,－－－－－－－－－－,10.0,120.0,0.0,70.0,0.0,0.0,-690.0,3540.0,yonden
2018,3,2018-03-20,09:00,3700.0,0.0,3570.0,580.0,－－－－－－－－－－,10.0,180.0,0.0,80.0,0.0,0.0,-720.0,3700.0,yonden
2018,3,2018-03-20,10:00,3730.0,0.0,3590.0,600.0,－－－－－－－－－－,10.0,150.0,0.0,80.0,0.0,0.0,-700.0,3730.0,yonden
2018,3,2018-03-20,11:00,3790.0,0.0,3760.0,570.0,－－－－－－－－－－,10.0,160.0,0.0,70.0,0.0,0.0,-780.0,3790.0,yonden
2018,3,2018-03-20,12:00,3610.0,0.0,3690.0,550.0,－－－－－－－－－－,10.0,160.0,0.0,70.0,0.0,0.0,-870.0,3610.0,yonden
2018,3,2018-03-20,13:00,3740.0,0.0,3700.0,540.0,－－－－－－－－－－,10.0,160.0,0.0,70.0,0.0,0.0,-740.0,3740.0,yonden
2018,3,2018-03-20,14:00,3710.0,0.0,3570.0,530.0,－－－－－－－－－－,10.0,140.0,0.0,70.0,0.0,0.0,-610.0,3710.0,yonden
2018,3,2018-03-20,15:00,3720.0,0.0,3600.0,560.0,－－－－－－－－－－,10.0,90.0,0.0,70.0,0.0,0.0,-610.0,3720.0,yonden
2018,3,2018-03-20,16:00,3790.0,0.0,3580.0,560.0,－－－－－－－－－－,10.0,60.0,0.0,70.0,0.0,220.0,-710.0,3790.0,yonden
2018,3,2018-03-20,17:00,3830.0,0.0,3540.0,590.0,－－－－－－－－－－,10.0,20.0,0.0,70.0,0.0,240.0,-640.0,3830.0,yonden
2018,3,2018-03-20,18:00,3860.0,0.0,3530.0,650.0,－－－－－－－－－－,10.0,0.0,0.0,60.0,0.0,230.0,-620.0,3860.0,yonden
2018,3,2018-03-20,19:00,3720.0,0.0,3540.0,630.0,－－－－－－－－－－,10.0,0.0,0.0,50.0,0.0,110.0,-620.0,3720.0,yonden
2018,3,2018-03-20,20:00,3570.0,0.0,3430.0,620.0,－－－－－－－－－－,10.0,0.0,0.0,50.0,0.0,0.0,-540.0,3570.0,yonden
2018,3,2018-03-20,21:00,3370.0,0.0,3150.0,610.0,－－－－－－－－－－,10.0,0.0,0.0,60.0,0.0,0.0,-460.0,3370.0,yonden
2018,3,2018-03-20,22:00,3130.0,0.0,2980.0,620.0,－－－－－－－－－－,10.0,0.0,0.0,60.0,0.0,0.0,-540.0,3130.0,yonden
2018,3,2018-03-20,23:00,3030.0,0.0,3020.0,600.0,－－－－－－－－－－,10.0,0.0,0.0,60.0,0.0,0.0,-660.0,3030.0,yonden
2018,3,2018-03-21,00:00,2980.0,0.0,3060.0,560.0,－－－－－－－－－－,10.0,0.0,0.0,50.0,0.0,0.0,-700.0,2980.0,yonden
2018,3,2018-03-21,01:00,3080.0,0.0,3080.0,580.0,－－－－－－－－－－,10.0,0.0,0.0,60.0,0.0,0.0,-650.0,3080.0,yonden
2018,3,2018-03-21,02:00,3300.0,0.0,3180.0,630.0,－－－－－－－－－－,10.0,0.0,0.0,60.0,0.0,0.0,-580.0,3300.0,yonden
2018,3,2018-03-21,03:00,3450.0,0.0,3150.0,660.0,－－－－－－－－－－,10.0,0.0,0.0,60.0,0.0,0.0,-430.0,3450.0,yonden
2018,3,2018-03-21,04:00,3430.0,0.0,3110.0,600.0,－－－－－－－－－－,10.0,0.0,0.0,70.0,0.0,0.0,-360.0,3430.0,yonden
2018,3,2018-03-21,05:00,3280.0,0.0,3070.0,590.0,－－－－－－－－－－,10.0,0.0,0.0,80.0,0.0,0.0,-470.0,3280.0,yonden
2018,3,2018-03-21,06:00,3160.0,0.0,3020.0,590.0,－－－－－－－－－－,10.0,30.0,0.0,70.0,0.0,0.0,-560.0,3160.0,yonden
2018,3,2018-03-21,07:00,3230.0,0.0,3050.0,620.0,－－－－－－－－－－,10.0,90.0,0.0,60.0,0.0,0.0,-600.0,3230.0,yonden
2018,3,2018-03-21,08:00,3470.0,0.0,3250.0,680.0,－－－－－－－－－－,10.0,140.0,0.0,60.0,0.0,0.0,-670.0,3470.0,yonden
2018,3,2018-03-21,09:00,3470.0,0.0,3300.0,690.0,－－－－－－－－－－,10.0,200.0,0.0,60.0,0.0,0.0,-790.0,3470.0,yonden
2018,3,2018-03-21,10:00,3390.0,0.0,3220.0,700.0,－－－－－－－－－－,10.0,290.0,0.0,60.0,0.0,0.0,-890.0,3390.0,yonden
2018,3,2018-03-21,11:00,3290.0,0.0,3040.0,680.0,－－－－－－－－－－,10.0,350.0,0.0,70.0,0.0,0.0,-860.0,3290.0,yonden
2018,3,2018-03-21,12:00,3190.0,0.0,3010.0,690.0,－－－－－－－－－－,10.0,350.0,0.0,80.0,0.0,0.0,-950.0,3190.0,yonden
2018,3,2018-03-21,13:00,3250.0,0.0,3140.0,690.0,－－－－－－－－－－,10.0,300.0,0.0,90.0,0.0,0.0,-980.0,3250.0,yonden
2018,3,2018-03-21,14:00,3290.0,0.0,3420.0,680.0,－－－－－－－－－－,10.0,190.0,0.0,90.0,0.0,0.0,-1100.0,3290.0,yonden
2018,3,2018-03-21,15:00,3350.0,0.0,3460.0,680.0,－－－－－－－－－－,10.0,140.0,0.0,110.0,0.0,0.0,-1050.0,3350.0,yonden
2018,3,2018-03-21,16:00,3490.0,0.0,3530.0,690.0,－－－－－－－－－－,10.0,90.0,0.0,80.0,0.0,0.0,-910.0,3490.0,yonden
2018,3,2018-03-21,17:00,3610.0,0.0,3580.0,670.0,－－－－－－－－－－,10.0,40.0,0.0,90.0,0.0,0.0,-780.0,3610.0,yonden
2018,3,2018-03-21,18:00,3690.0,0.0,3590.0,670.0,－－－－－－－－－－,10.0,0.0,0.0,70.0,0.0,0.0,-650.0,3690.0,yonden
2018,3,2018-03-21,19:00,3620.0,0.0,3520.0,660.0,－－－－－－－－－－,10.0,0.0,0.0,80.0,0.0,0.0,-650.0,3620.0,yonden
2018,3,2018-03-21,20:00,3500.0,0.0,3390.0,690.0,－－－－－－－－－－,10.0,0.0,0.0,100.0,0.0,0.0,-690.0,3500.0,yonden
2018,3,2018-03-21,21:00,3300.0,0.0,3180.0,680.0,－－－－－－－－－－,10.0,0.0,0.0,90.0,0.0,0.0,-660.0,3300.0,yonden
2018,3,2018-03-21,22:00,3050.0,0.0,2970.0,660.0,－－－－－－－－－－,10.0,0.0,0.0,90.0,0.0,0.0,-680.0,3050.0,yonden
2018,3,2018-03-21,23:00,2930.0,0.0,2840.0,630.0,－－－－－－－－－－,10.0,0.0,0.0,100.0,0.0,0.0,-650.0,2930.0,yonden
2018,3,2018-03-22,00:00,2870.0,0.0,2820.0,620.0,－－－－－－－－－－,10.0,0.0,0.0,100.0,0.0,0.0,-680.0,2870.0,yonden
2018,3,2018-03-22,01:00,2950.0,0.0,2860.0,630.0,－－－－－－－－－－,10.0,0.0,0.0,130.0,0.0,0.0,-680.0,2950.0,yonden
2018,3,2018-03-22,02:00,3190.0,0.0,3040.0,680.0,－－－－－－－－－－,10.0,0.0,0.0,130.0,0.0,0.0,-670.0,3190.0,yonden
2018,3,2018-03-22,03:00,3310.0,0.0,3060.0,690.0,－－－－－－－－－－,10.0,0.0,0.0,130.0,0.0,0.0,-580.0,3310.0,yonden
2018,3,2018-03-22,04:00,3330.0,0.0,3040.0,690.0,－－－－－－－－－－,10.0,0.0,0.0,130.0,0.0,0.0,-540.0,3330.0,yonden
2018,3,2018-03-22,05:00,3240.0,0.0,3050.0,640.0,－－－－－－－－－－,10.0,0.0,0.0,130.0,0.0,0.0,-590.0,3240.0,yonden
2018,3,2018-03-22,06:00,3250.0,0.0,3010.0,630.0,－－－－－－－－－－,10.0,30.0,0.0,130.0,0.0,0.0,-560.0,3250.0,yonden
2018,3,2018-03-22,07:00,3350.0,0.0,3170.0,660.0,－－－－－－－－－－,10.0,140.0,0.0,140.0,0.0,0.0,-770.0,3350.0,yonden
2018,3,2018-03-22,08:00,3670.0,0.0,3510.0,640.0,－－－－－－－－－－,10.0,260.0,0.0,140.0,0.0,0.0,-890.0,3670.0,yonden
2018,3,2018-03-22,09:00,3670.0,0.0,3480.0,680.0,－－－－－－－－－－,10.0,460.0,0.0,140.0,0.0,0.0,-1100.0,3670.0,yonden
2018,3,2018-03-22,10:00,3590.0,0.0,3310.0,660.0,－－－－－－－－－－,10.0,730.0,0.0,150.0,0.0,0.0,-1270.0,3590.0,yonden
2018,3,2018-03-22,11:00,3570.0,0.0,3210.0,660.0,－－－－－－－－－－,10.0,760.0,0.0,150.0,0.0,0.0,-1220.0,3570.0,yonden
2018,3,2018-03-22,12:00,3320.0,0.0,2870.0,620.0,－－－－－－－－－－,10.0,690.0,0.0,150.0,0.0,0.0,-1020.0,3320.0,yonden
2018,3,2018-03-22,13:00,3520.0,0.0,3120.0,670.0,－－－－－－－－－－,10.0,630.0,0.0,150.0,0.0,0.0,-1060.0,3520.0,yonden
2018,3,2018-03-22,14:00,3530.0,0.0,3130.0,650.0,－－－－－－－－－－,10.0,540.0,0.0,150.0,0.0,0.0,-950.0,3530.0,yonden
2018,3,2018-03-22,15:00,3570.0,0.0,3230.0,670.0,－－－－－－－－－－,10.0,360.0,0.0,150.0,0.0,0.0,-850.0,3570.0,yonden
2018,3,2018-03-22,16:00,3600.0,0.0,3240.0,700.0,－－－－－－－－－－,10.0,330.0,0.0,160.0,0.0,0.0,-840.0,3600.0,yonden
2018,3,2018-03-22,17:00,3650.0,0.0,3320.0,710.0,－－－－－－－－－－,10.0,160.0,0.0,160.0,0.0,0.0,-710.0,3650.0,yonden
2018,3,2018-03-22,18:00,3800.0,0.0,3370.0,730.0,－－－－－－－－－－,10.0,0.0,0.0,150.0,0.0,180.0,-640.0,3800.0,yonden
2018,3,2018-03-22,19:00,3790.0,0.0,3230.0,720.0,－－－－－－－－－－,10.0,0.0,0.0,150.0,0.0,270.0,-590.0,3790.0,yonden
2018,3,2018-03-22,20:00,3660.0,0.0,3170.0,630.0,－－－－－－－－－－,10.0,0.0,0.0,140.0,0.0,270.0,-560.0,3660.0,yonden
2018,3,2018-03-22,21:00,3460.0,0.0,3220.0,600.0,－－－－－－－－－－,10.0,0.0,0.0,130.0,0.0,20.0,-520.0,3460.0,yonden
2018,3,2018-03-22,22:00,3240.0,0.0,3160.0,590.0,－－－－－－－－－－,10.0,0.0,0.0,130.0,0.0,0.0,-650.0,3240.0,yonden
2018,3,2018-03-22,23:00,3150.0,0.0,3120.0,570.0,－－－－－－－－－－,10.0,0.0,0.0,120.0,0.0,0.0,-670.0,3150.0,yonden
2018,3,2018-03-23,00:00,3110.0,0.0,3080.0,560.0,－－－－－－－－－－,10.0,0.0,0.0,120.0,0.0,0.0,-660.0,3110.0,yonden
2018,3,2018-03-23,01:00,3210.0,0.0,3080.0,580.0,－－－－－－－－－－,10.0,0.0,0.0,120.0,0.0,0.0,-580.0,3210.0,yonden
2018,3,2018-03-23,02:00,3420.0,0.0,3200.0,610.0,－－－－－－－－－－,10.0,0.0,0.0,120.0,0.0,0.0,-520.0,3420.0,yonden
2018,3,2018-03-23,03:00,3520.0,0.0,3120.0,630.0,－－－－－－－－－－,10.0,0.0,0.0,120.0,0.0,100.0,-460.0,3520.0,yonden
2018,3,2018-03-23,04:00,3490.0,0.0,3030.0,620.0,－－－－－－－－－－,10.0,0.0,0.0,120.0,0.0,140.0,-430.0,3490.0,yonden
2018,3,2018-03-23,05:00,3430.0,0.0,3070.0,620.0,－－－－－－－－－－,10.0,0.0,0.0,110.0,0.0,140.0,-520.0,3430.0,yonden
2018,3,2018-03-23,06:00,3450.0,0.0,3120.0,630.0,－－－－－－－－－－,10.0,70.0,0.0,100.0,0.0,140.0,-620.0,3450.0,yonden
2018,3,2018-03-23,07:00,3390.0,0.0,2970.0,620.0,－－－－－－－－－－,10.0,380.0,0.0,90.0,0.0,0.0,-680.0,3390.0,yonden
2018,3,2018-03-23,08:00,3560.0,0.0,2750.0,670.0,－－－－－－－－－－,10.0,760.0,0.0,60.0,0.0,0.0,-690.0,3560.0,yonden
2018,3,2018-03-23,09:00,3600.0,0.0,2630.0,690.0,－－－－－－－－－－,10.0,1110.0,0.0,30.0,0.0,-50.0,-820.0,3600.0,yonden
2018,3,2018-03-23,10:00,3520.0,0.0,2650.0,690.0,－－－－－－－－－－,10.0,1370.0,0.0,20.0,0.0,-300.0,-920.0,3520.0,yonden
2018,3,2018-03-23,11:00,3480.0,0.0,2540.0,680.0,－－－－－－－－－－,10.0,1480.0,0.0,20.0,0.0,-350.0,-900.0,3480.0,yonden
2018,3,2018-03-23,12:00,3250.0,0.0,2500.0,690.0,－－－－－－－－－－,10.0,1530.0,0.0,30.0,0.0,-600.0,-910.0,3250.0,yonden
2018,3,2018-03-23,13:00,3370.0,0.0,2510.0,670.0,－－－－－－－－－－,10.0,1500.0,0.0,30.0,0.0,-600.0,-750.0,3370.0,yonden
2018,3,2018-03-23,14:00,3310.0,0.0,2570.0,680.0,－－－－－－－－－－,10.0,1340.0,0.0,20.0,0.0,-600.0,-710.0,3310.0,yonden
2018,3,2018-03-23,15:00,3260.0,0.0,2560.0,680.0,－－－－－－－－－－,10.0,1040.0,0.0,30.0,0.0,-490.0,-570.0,3260.0,yonden
2018,3,2018-03-23,16:00,3360.0,0.0,2670.0,680.0,－－－－－－－－－－,10.0,650.0,0.0,40.0,0.0,0.0,-690.0,3360.0,yonden
2018,3,2018-03-23,17:00,3410.0,0.0,2960.0,700.0,－－－－－－－－－－,10.0,230.0,0.0,40.0,0.0,210.0,-740.0,3410.0,yonden
2018,3,2018-03-23,18:00,3560.0,0.0,3150.0,740.0,－－－－－－－－－－,10.0,0.0,0.0,40.0,0.0,290.0,-670.0,3560.0,yonden
2018,3,2018-03-23,19:00,3590.0,0.0,3180.0,740.0,－－－－－－－－－－,10.0,0.0,0.0,50.0,0.0,300.0,-690.0,3590.0,yonden
2018,3,2018-03-23,20:00,3490.0,0.0,2960.0,680.0,－－－－－－－－－－,10.0,0.0,0.0,40.0,0.0,290.0,-490.0,3490.0,yonden
2018,3,2018-03-23,21:00,3320.0,0.0,2850.0,630.0,－－－－－－－－－－,10.0,0.0,0.0,40.0,0.0,260.0,-470.0,3320.0,yonden
2018,3,2018-03-23,22:00,3090.0,0.0,2810.0,630.0,－－－－－－－－－－,10.0,0.0,0.0,40.0,0.0,90.0,-490.0,3090.0,yonden
2018,3,2018-03-23,23:00,2980.0,0.0,2790.0,610.0,－－－－－－－－－－,10.0,0.0,0.0,40.0,0.0,0.0,-470.0,2980.0,yonden
2018,3,2018-03-24,00:00,2930.0,0.0,2810.0,590.0,－－－－－－－－－－,10.0,0.0,0.0,20.0,0.0,0.0,-500.0,2930.0,yonden
2018,3,2018-03-24,01:00,3040.0,0.0,2900.0,610.0,－－－－－－－－－－,10.0,0.0,0.0,20.0,0.0,0.0,-500.0,3040.0,yonden
2018,3,2018-03-24,02:00,3230.0,0.0,2880.0,610.0,－－－－－－－－－－,10.0,0.0,0.0,20.0,0.0,210.0,-500.0,3230.0,yonden
2018,3,2018-03-24,03:00,3360.0,0.0,2920.0,640.0,－－－－－－－－－－,10.0,0.0,0.0,20.0,0.0,260.0,-490.0,3360.0,yonden
2018,3,2018-03-24,04:00,3350.0,0.0,2940.0,640.0,－－－－－－－－－－,10.0,0.0,0.0,20.0,0.0,260.0,-520.0,3350.0,yonden
2018,3,2018-03-24,05:00,3230.0,0.0,2900.0,610.0,－－－－－－－－－－,10.0,0.0,0.0,20.0,0.0,250.0,-560.0,3230.0,yonden
2018,3,2018-03-24,06:00,3120.0,0.0,2810.0,740.0,－－－－－－－－－－,10.0,80.0,0.0,10.0,0.0,10.0,-540.0,3120.0,yonden
2018,3,2018-03-24,07:00,2970.0,0.0,2390.0,730.0,－－－－－－－－－－,10.0,410.0,0.0,10.0,0.0,0.0,-580.0,2970.0,yonden
2018,3,2018-03-24,08:00,2990.0,0.0,2260.0,730.0,－－－－－－－－－－,10.0,790.0,0.0,10.0,0.0,-250.0,-560.0,2990.0,yonden
2018,3,2018-03-24,09:00,2960.0,0.0,2320.0,680.0,－－－－－－－－－－,10.0,1130.0,0.0,0.0,0.0,-500.0,-680.0,2960.0,yonden
2018,3,2018-03-24,10:00,2920.0,0.0,2230.0,640.0,－－－－－－－－－－,10.0,1380.0,0.0,0.0,0.0,-600.0,-740.0,2920.0,yonden
2018,3,2018-03-24,11:00,2900.0,0.0,2310.0,660.0,－－－－－－－－－－,10.0,1450.0,0.0,10.0,0.0,-600.0,-940.0,2900.0,yonden
2018,3,2018-03-24,12:00,2770.0,0.0,2160.0,650.0,－－－－－－－－－－,10.0,1550.0,0.0,10.0,0.0,-600.0,-1010.0,2770.0,yonden
2018,3,2018-03-24,13:00,2820.0,0.0,2180.0,640.0,－－－－－－－－－－,10.0,1520.0,0.0,30.0,0.0,-600.0,-960.0,2820.0,yonden
2018,3,2018-03-24,14:00,2770.0,0.0,2150.0,640.0,－－－－－－－－－－,10.0,1340.0,0.0,30.0,0.0,-550.0,-850.0,2770.0,yonden
2018,3,2018-03-24,15:00,2780.0,0.0,2140.0,640.0,－－－－－－－－－－,10.0,1030.0,0.0,30.0,0.0,-300.0,-770.0,2780.0,yonden
2018,3,2018-03-24,16:00,2900.0,0.0,2330.0,630.0,－－－－－－－－－－,10.0,640.0,0.0,40.0,0.0,0.0,-750.0,2900.0,yonden
2018,3,2018-03-24,17:00,3010.0,0.0,2580.0,670.0,－－－－－－－－－－,10.0,230.0,0.0,30.0,0.0,100.0,-610.0,3010.0,yonden
2018,3,2018-03-24,18:00,3170.0,0.0,2570.0,750.0,－－－－－－－－－－,10.0,0.0,0.0,30.0,0.0,560.0,-750.0,3170.0,yonden
2018,3,2018-03-24,19:00,3210.0,0.0,2560.0,770.0,－－－－－－－－－－,10.0,0.0,0.0,30.0,0.0,520.0,-680.0,3210.0,yonden
2018,3,2018-03-24,20:00,3140.0,0.0,2570.0,740.0,－－－－－－－－－－,10.0,0.0,0.0,30.0,0.0,480.0,-690.0,3140.0,yonden
2018,3,2018-03-24,21:00,3000.0,0.0,2660.0,720.0,－－－－－－－－－－,10.0,0.0,0.0,30.0,0.0,120.0,-540.0,3000.0,yonden
2018,3,2018-03-24,22:00,2800.0,0.0,2660.0,650.0,－－－－－－－－－－,10.0,0.0,0.0,20.0,0.0,0.0,-540.0,2800.0,yonden
2018,3,2018-03-24,23:00,2720.0,0.0,2620.0,640.0,－－－－－－－－－－,10.0,0.0,0.0,30.0,0.0,0.0,-580.0,2720.0,yonden
2018,3,2018-03-25,00:00,2690.0,0.0,2600.0,560.0,－－－－－－－－－－,10.0,0.0,0.0,30.0,0.0,0.0,-510.0,2690.0,yonden
2018,3,2018-03-25,01:00,2800.0,0.0,2670.0,620.0,－－－－－－－－－－,10.0,0.0,0.0,30.0,0.0,0.0,-530.0,2800.0,yonden
2018,3,2018-03-25,02:00,3020.0,0.0,2670.0,670.0,－－－－－－－－－－,10.0,0.0,0.0,40.0,0.0,210.0,-580.0,3020.0,yonden
2018,3,2018-03-25,03:00,3170.0,0.0,2670.0,740.0,－－－－－－－－－－,10.0,0.0,0.0,50.0,0.0,280.0,-580.0,3170.0,yonden
2018,3,2018-03-25,04:00,3180.0,0.0,2690.0,740.0,－－－－－－－－－－,10.0,0.0,0.0,40.0,0.0,280.0,-580.0,3180.0,yonden
2018,3,2018-03-25,05:00,3040.0,0.0,2640.0,700.0,－－－－－－－－－－,10.0,0.0,0.0,30.0,0.0,250.0,-590.0,3040.0,yonden
2018,3,2018-03-25,06:00,2820.0,0.0,2610.0,660.0,－－－－－－－－－－,10.0,80.0,0.0,20.0,0.0,30.0,-590.0,2820.0,yonden
2018,3,2018-03-25,07:00,2630.0,0.0,2160.0,590.0,－－－－－－－－－－,10.0,370.0,0.0,20.0,0.0,0.0,-520.0,2630.0,yonden
2018,3,2018-03-25,08:00,2610.0,0.0,2100.0,600.0,－－－－－－－－－－,10.0,720.0,0.0,10.0,0.0,-200.0,-630.0,2610.0,yonden
2018,3,2018-03-25,09:00,2550.0,0.0,2080.0,610.0,－－－－－－－－－－,10.0,1080.0,0.0,0.0,0.0,-410.0,-820.0,2550.0,yonden
2018,3,2018-03-25,10:00,2480.0,0.0,1930.0,600.0,－－－－－－－－－－,10.0,1360.0,0.0,0.0,0.0,-600.0,-820.0,2480.0,yonden
2018,3,2018-03-25,11:00,2460.0,0.0,1770.0,600.0,－－－－－－－－－－,10.0,1500.0,0.0,10.0,0.0,-600.0,-830.0,2460.0,yonden
2018,3,2018-03-25,12:00,2450.0,0.0,1790.0,590.0,－－－－－－－－－－,10.0,1540.0,0.0,10.0,0.0,-600.0,-890.0,2450.0,yonden
2018,3,2018-03-25,13:00,2430.0,0.0,1890.0,590.0,－－－－－－－－－－,10.0,1480.0,0.0,10.0,0.0,-600.0,-950.0,2430.0,yonden
2018,3,2018-03-25,14:00,2370.0,0.0,1850.0,610.0,－－－－－－－－－－,10.0,1300.0,0.0,0.0,0.0,-590.0,-810.0,2370.0,yonden
2018,3,2018-03-25,15:00,2400.0,0.0,1850.0,590.0,－－－－－－－－－－,10.0,990.0,0.0,0.0,0.0,-320.0,-720.0,2400.0,yonden
2018,3,2018-03-25,16:00,2530.0,0.0,2150.0,670.0,－－－－－－－－－－,10.0,610.0,0.0,0.0,0.0,-150.0,-760.0,2530.0,yonden
2018,3,2018-03-25,17:00,2700.0,0.0,2460.0,690.0,－－－－－－－－－－,10.0,220.0,0.0,0.0,0.0,0.0,-680.0,2700.0,yonden
2018,3,2018-03-25,18:00,2880.0,0.0,2650.0,760.0,－－－－－－－－－－,10.0,0.0,0.0,10.0,0.0,0.0,-550.0,2880.0,yonden
2018,3,2018-03-25,19:00,2950.0,0.0,2710.0,760.0,－－－－－－－－－－,10.0,0.0,0.0,10.0,0.0,0.0,-540.0,2950.0,yonden
2018,3,2018-03-25,20:00,2900.0,0.0,2660.0,760.0,－－－－－－－－－－,10.0,0.0,0.0,10.0,0.0,0.0,-540.0,2900.0,yonden
2018,3,2018-03-25,21:00,2780.0,0.0,2600.0,670.0,－－－－－－－－－－,10.0,0.0,0.0,10.0,0.0,0.0,-510.0,2780.0,yonden
2018,3,2018-03-25,22:00,2630.0,0.0,2490.0,620.0,－－－－－－－－－－,10.0,0.0,0.0,10.0,0.0,0.0,-500.0,2630.0,yonden
2018,3,2018-03-25,23:00,2590.0,0.0,2440.0,590.0,－－－－－－－－－－,10.0,0.0,0.0,10.0,0.0,0.0,-460.0,2590.0,yonden
2018,3,2018-03-26,00:00,2570.0,0.0,2340.0,610.0,－－－－－－－－－－,10.0,0.0,0.0,10.0,0.0,0.0,-400.0,2570.0,yonden
2018,3,2018-03-26,01:00,2710.0,0.0,2430.0,610.0,－－－－－－－－－－,10.0,0.0,0.0,0.0,0.0,60.0,-400.0,2710.0,yonden
2018,3,2018-03-26,02:00,2930.0,0.0,2590.0,680.0,－－－－－－－－－－,10.0,0.0,0.0,0.0,0.0,200.0,-550.0,2930.0,yonden
2018,3,2018-03-26,03:00,3090.0,0.0,2590.0,720.0,－－－－－－－－－－,10.0,0.0,0.0,10.0,0.0,230.0,-470.0,3090.0,yonden
2018,3,2018-03-26,04:00,3090.0,0.0,2620.0,730.0,－－－－－－－－－－,10.0,0.0,0.0,10.0,0.0,170.0,-450.0,3090.0,yonden
2018,3,2018-03-26,05:00,3020.0,0.0,2600.0,720.0,－－－－－－－－－－,10.0,0.0,0.0,10.0,0.0,180.0,-500.0,3020.0,yonden
2018,3,2018-03-26,06:00,3010.0,0.0,2560.0,720.0,－－－－－－－－－－,10.0,80.0,0.0,10.0,0.0,130.0,-500.0,3010.0,yonden
2018,3,2018-03-26,07:00,3000.0,0.0,2420.0,660.0,－－－－－－－－－－,10.0,370.0,0.0,0.0,0.0,0.0,-460.0,3000.0,yonden
2018,3,2018-03-26,08:00,3170.0,0.0,2260.0,630.0,－－－－－－－－－－,10.0,750.0,0.0,0.0,0.0,0.0,-480.0,3170.0,yonden
2018,3,2018-03-26,09:00,3190.0,0.0,2190.0,590.0,－－－－－－－－－－,10.0,1100.0,0.0,0.0,0.0,0.0,-700.0,3190.0,yonden
2018,3,2018-03-26,10:00,3140.0,0.0,2180.0,600.0,－－－－－－－－－－,10.0,1360.0,0.0,0.0,0.0,-300.0,-710.0,3140.0,yonden
2018,3,2018-03-26,11:00,3130.0,0.0,2170.0,580.0,－－－－－－－－－－,10.0,1480.0,0.0,0.0,0.0,-300.0,-810.0,3130.0,yonden
2018,3,2018-03-26,12:00,2930.0,0.0,2220.0,570.0,－－－－－－－－－－,10.0,1510.0,0.0,0.0,0.0,-530.0,-850.0,2930.0,yonden
2018,3,2018-03-26,13:00,3110.0,0.0,2180.0,560.0,－－－－－－－－－－,10.0,1470.0,0.0,0.0,0.0,-590.0,-520.0,3110.0,yonden
2018,3,2018-03-26,14:00,3120.0,0.0,2220.0,580.0,－－－－－－－－－－,10.0,1290.0,0.0,0.0,0.0,-590.0,-390.0,3120.0,yonden
2018,3,2018-03-26,15:00,3120.0,0.0,2230.0,570.0,－－－－－－－－－－,10.0,1000.0,0.0,0.0,0.0,-340.0,-350.0,3120.0,yonden
2018,3,2018-03-26,16:00,3200.0,0.0,2420.0,600.0,－－－－－－－－－－,10.0,620.0,0.0,0.0,0.0,-70.0,-380.0,3200.0,yonden
2018,3,2018-03-26,17:00,3200.0,0.0,2570.0,640.0,－－－－－－－－－－,10.0,230.0,0.0,0.0,0.0,260.0,-510.0,3200.0,yonden
2018,3,2018-03-26,18:00,3290.0,0.0,2600.0,700.0,－－－－－－－－－－,10.0,0.0,0.0,0.0,0.0,460.0,-480.0,3290.0,yonden
2018,3,2018-03-26,19:00,3260.0,0.0,2600.0,730.0,－－－－－－－－－－,10.0,0.0,0.0,0.0,0.0,420.0,-500.0,3260.0,yonden
2018,3,2018-03-26,20:00,3150.0,0.0,2640.0,710.0,－－－－－－－－－－,10.0,0.0,0.0,0.0,0.0,290.0,-500.0,3150.0,yonden
2018,3,2018-03-26,21:00,2990.0,0.0,2610.0,680.0,－－－－－－－－－－,10.0,0.0,0.0,10.0,0.0,170.0,-490.0,2990.0,yonden
2018,3,2018-03-26,22:00,2800.0,0.0,2580.0,590.0,－－－－－－－－－－,10.0,0.0,0.0,0.0,0.0,140.0,-520.0,2800.0,yonden
2018,3,2018-03-26,23:00,2710.0,0.0,2620.0,560.0,－－－－－－－－－－,10.0,0.0,0.0,10.0,0.0,0.0,-490.0,2710.0,yonden
2018,3,2018-03-27,00:00,2640.0,0.0,2570.0,570.0,－－－－－－－－－－,10.0,0.0,0.0,10.0,0.0,0.0,-520.0,2640.0,yonden
2018,3,2018-03-27,01:00,2710.0,0.0,2600.0,580.0,－－－－－－－－－－,10.0,0.0,0.0,0.0,0.0,0.0,-480.0,2710.0,yonden
2018,3,2018-03-27,02:00,2950.0,0.0,2610.0,640.0,－－－－－－－－－－,10.0,0.0,0.0,0.0,0.0,250.0,-560.0,2950.0,yonden
2018,3,2018-03-27,03:00,3100.0,0.0,2620.0,690.0,－－－－－－－－－－,10.0,0.0,0.0,0.0,0.0,300.0,-520.0,3100.0,yonden
2018,3,2018-03-27,04:00,3130.0,0.0,2640.0,690.0,－－－－－－－－－－,10.0,0.0,0.0,0.0,0.0,300.0,-510.0,3130.0,yonden
2018,3,2018-03-27,05:00,3030.0,0.0,2610.0,660.0,－－－－－－－－－－,10.0,0.0,0.0,0.0,0.0,300.0,-550.0,3030.0,yonden
2018,3,2018-03-27,06:00,2980.0,0.0,2580.0,630.0,－－－－－－－－－－,10.0,80.0,0.0,0.0,0.0,210.0,-530.0,2980.0,yonden
2018,3,2018-03-27,07:00,2940.0,0.0,2560.0,500.0,－－－－－－－－－－,10.0,360.0,0.0,0.0,0.0,0.0,-490.0,2940.0,yonden
2018,3,2018-03-27,08:00,3170.0,0.0,2390.0,480.0,－－－－－－－－－－,10.0,700.0,0.0,0.0,0.0,0.0,-410.0,3170.0,yonden
2018,3,2018-03-27,09:00,3210.0,0.0,2420.0,500.0,－－－－－－－－－－,10.0,1040.0,0.0,0.0,0.0,-230.0,-530.0,3210.0,yonden
2018,3,2018-03-27,10:00,3160.0,0.0,2470.0,490.0,－－－－－－－－－－,10.0,1270.0,0.0,0.0,0.0,-430.0,-650.0,3160.0,yonden
2018,3,2018-03-27,11:00,3120.0,0.0,2380.0,490.0,－－－－－－－－－－,10.0,1450.0,0.0,0.0,0.0,-600.0,-610.0,3120.0,yonden
2018,3,2018-03-27,12:00,2930.0,0.0,2390.0,510.0,－－－－－－－－－－,10.0,1480.0,0.0,0.0,0.0,-600.0,-860.0,2930.0,yonden
2018,3,2018-03-27,13:00,3110.0,0.0,2410.0,510.0,－－－－－－－－－－,10.0,1430.0,0.0,0.0,0.0,-590.0,-660.0,3110.0,yonden
2018,3,2018-03-27,14:00,3120.0,0.0,2450.0,520.0,－－－－－－－－－－,10.0,1260.0,0.0,0.0,0.0,-450.0,-670.0,3120.0,yonden
2018,3,2018-03-27,15:00,3120.0,0.0,2460.0,530.0,－－－－－－－－－－,10.0,980.0,0.0,0.0,0.0,-220.0,-640.0,3120.0,yonden
2018,3,2018-03-27,16:00,3180.0,0.0,2510.0,570.0,－－－－－－－－－－,10.0,600.0,0.0,0.0,0.0,0.0,-510.0,3180.0,yonden
2018,3,2018-03-27,17:00,3150.0,0.0,2680.0,660.0,－－－－－－－－－－,10.0,210.0,0.0,0.0,0.0,10.0,-420.0,3150.0,yonden
2018,3,2018-03-27,18:00,3230.0,0.0,2750.0,700.0,－－－－－－－－－－,10.0,0.0,0.0,10.0,0.0,220.0,-460.0,3230.0,yonden
2018,3,2018-03-27,19:00,3180.0,0.0,2790.0,690.0,－－－－－－－－－－,10.0,0.0,0.0,10.0,0.0,190.0,-510.0,3180.0,yonden
2018,3,2018-03-27,20:00,3060.0,0.0,2700.0,670.0,－－－－－－－－－－,10.0,0.0,0.0,0.0,0.0,200.0,-520.0,3060.0,yonden
2018,3,2018-03-27,21:00,2890.0,0.0,2630.0,630.0,－－－－－－－－－－,10.0,0.0,0.0,0.0,0.0,90.0,-470.0,2890.0,yonden
2018,3,2018-03-27,22:00,2700.0,0.0,2650.0,550.0,－－－－－－－－－－,10.0,0.0,0.0,0.0,0.0,0.0,-510.0,2700.0,yonden
2018,3,2018-03-27,23:00,2610.0,0.0,2630.0,460.0,－－－－－－－－－－,10.0,0.0,0.0,0.0,0.0,0.0,-490.0,2610.0,yonden
2018,3,2018-03-28,00:00,2560.0,0.0,2560.0,420.0,－－－－－－－－－－,10.0,0.0,0.0,0.0,0.0,0.0,-430.0,2560.0,yonden
2018,3,2018-03-28,01:00,2670.0,0.0,2600.0,480.0,－－－－－－－－－－,10.0,0.0,0.0,0.0,0.0,0.0,-420.0,2670.0,yonden
2018,3,2018-03-28,02:00,2910.0,0.0,2600.0,560.0,－－－－－－－－－－,10.0,0.0,0.0,0.0,0.0,130.0,-390.0,2910.0,yonden
2018,3,2018-03-28,03:00,3080.0,0.0,2660.0,620.0,－－－－－－－－－－,10.0,0.0,0.0,0.0,0.0,310.0,-520.0,3080.0,yonden
2018,3,2018-03-28,04:00,3110.0,0.0,2730.0,620.0,－－－－－－－－－－,10.0,0.0,0.0,0.0,0.0,300.0,-550.0,3110.0,yonden
2018,3,2018-03-28,05:00,3020.0,0.0,2700.0,610.0,－－－－－－－－－－,10.0,0.0,0.0,0.0,0.0,240.0,-540.0,3020.0,yonden
2018,3,2018-03-28,06:00,2920.0,0.0,2660.0,600.0,－－－－－－－－－－,10.0,100.0,0.0,0.0,0.0,80.0,-530.0,2920.0,yonden
2018,3,2018-03-28,07:00,2810.0,0.0,2360.0,530.0,－－－－－－－－－－,10.0,420.0,0.0,0.0,0.0,0.0,-510.0,2810.0,yonden
2018,3,2018-03-28,08:00,3000.0,0.0,2360.0,530.0,－－－－－－－－－－,10.0,780.0,0.0,0.0,0.0,0.0,-680.0,3000.0,yonden
2018,3,2018-03-28,09:00,3050.0,0.0,2350.0,510.0,－－－－－－－－－－,10.0,1110.0,0.0,0.0,0.0,-30.0,-900.0,3050.0,yonden
2018,3,2018-03-28,10:00,3020.0,0.0,2330.0,470.0,－－－－－－－－－－,10.0,1350.0,0.0,0.0,0.0,-310.0,-830.0,3020.0,yonden
2018,3,2018-03-28,11:00,3030.0,0.0,2390.0,430.0,－－－－－－－－－－,10.0,1480.0,0.0,0.0,0.0,-450.0,-830.0,3030.0,yonden
2018,3,2018-03-28,12:00,2840.0,0.0,2120.0,420.0,－－－－－－－－－－,10.0,1500.0,0.0,0.0,0.0,-600.0,-610.0,2840.0,yonden
2018,3,2018-03-28,13:00,3030.0,0.0,2230.0,420.0,－－－－－－－－－－,10.0,1450.0,0.0,0.0,0.0,-320.0,-760.0,3030.0,yonden
2018,3,2018-03-28,14:00,3060.0,0.0,2410.0,440.0,－－－－－－－－－－,10.0,1290.0,0.0,0.0,0.0,-300.0,-790.0,3060.0,yonden
2018,3,2018-03-28,15:00,3090.0,0.0,2390.0,500.0,－－－－－－－－－－,10.0,1000.0,0.0,0.0,0.0,-100.0,-710.0,3090.0,yonden
2018,3,2018-03-28,16:00,3150.0,0.0,2390.0,510.0,－－－－－－－－－－,10.0,620.0,0.0,0.0,0.0,50.0,-430.0,3150.0,yonden
2018,3,2018-03-28,17:00,3120.0,0.0,2510.0,620.0,－－－－－－－－－－,10.0,230.0,0.0,0.0,0.0,190.0,-440.0,3120.0,yonden
2018,3,2018-03-28,18:00,3150.0,0.0,2650.0,700.0,－－－－－－－－－－,10.0,0.0,0.0,10.0,0.0,290.0,-510.0,3150.0,yonden
2018,3,2018-03-28,19:00,3110.0,0.0,2630.0,660.0,－－－－－－－－－－,10.0,0.0,0.0,20.0,0.0,240.0,-450.0,3110.0,yonden
2018,3,2018-03-28,20:00,2980.0,0.0,2600.0,650.0,－－－－－－－－－－,10.0,0.0,0.0,30.0,0.0,140.0,-450.0,2980.0,yonden
2018,3,2018-03-28,21:00,2820.0,0.0,2570.0,630.0,－－－－－－－－－－,10.0,0.0,0.0,30.0,0.0,50.0,-470.0,2820.0,yonden
2018,3,2018-03-28,22:00,2610.0,0.0,2530.0,510.0,－－－－－－－－－－,10.0,0.0,0.0,20.0,0.0,0.0,-460.0,2610.0,yonden
2018,3,2018-03-28,23:00,2530.0,0.0,2580.0,430.0,－－－－－－－－－－,10.0,0.0,0.0,10.0,0.0,0.0,-500.0,2530.0,yonden
2018,3,2018-03-29,00:00,2460.0,0.0,2480.0,390.0,－－－－－－－－－－,10.0,0.0,0.0,0.0,0.0,0.0,-420.0,2460.0,yonden
2018,3,2018-03-29,01:00,2590.0,0.0,2570.0,420.0,－－－－－－－－－－,10.0,0.0,0.0,0.0,0.0,0.0,-410.0,2590.0,yonden
2018,3,2018-03-29,02:00,2870.0,0.0,2630.0,530.0,－－－－－－－－－－,10.0,0.0,0.0,0.0,0.0,30.0,-330.0,2870.0,yonden
2018,3,2018-03-29,03:00,3070.0,0.0,2650.0,610.0,－－－－－－－－－－,10.0,0.0,0.0,10.0,0.0,280.0,-490.0,3070.0,yonden
2018,3,2018-03-29,04:00,3100.0,0.0,2640.0,620.0,－－－－－－－－－－,10.0,0.0,0.0,20.0,0.0,280.0,-470.0,3100.0,yonden
2018,3,2018-03-29,05:00,2980.0,0.0,2580.0,580.0,－－－－－－－－－－,10.0,0.0,0.0,30.0,0.0,250.0,-470.0,2980.0,yonden
2018,3,2018-03-29,06:00,2880.0,0.0,2600.0,570.0,－－－－－－－－－－,10.0,100.0,0.0,20.0,0.0,100.0,-520.0,2880.0,yonden
2018,3,2018-03-29,07:00,2750.0,0.0,2370.0,490.0,－－－－－－－－－－,10.0,420.0,0.0,10.0,0.0,0.0,-550.0,2750.0,yonden
2018,3,2018-03-29,08:00,2890.0,0.0,2220.0,470.0,－－－－－－－－－－,10.0,790.0,0.0,10.0,0.0,0.0,-610.0,2890.0,yonden
2018,3,2018-03-29,09:00,2980.0,0.0,2200.0,480.0,－－－－－－－－－－,10.0,1130.0,0.0,10.0,0.0,0.0,-850.0,2980.0,yonden
2018,3,2018-03-29,10:00,2970.0,0.0,2210.0,420.0,－－－－－－－－－－,10.0,1370.0,0.0,0.0,0.0,-310.0,-730.0,2970.0,yonden
2018,3,2018-03-29,11:00,3010.0,0.0,2210.0,390.0,－－－－－－－－－－,10.0,1480.0,0.0,10.0,0.0,-600.0,-490.0,3010.0,yonden
2018,3,2018-03-29,12:00,2830.0,0.0,2000.0,390.0,－－－－－－－－－－,10.0,1510.0,0.0,20.0,0.0,-600.0,-500.0,2830.0,yonden
2018,3,2018-03-29,13:00,3040.0,0.0,2230.0,390.0,－－－－－－－－－－,10.0,1440.0,0.0,40.0,0.0,-590.0,-480.0,3040.0,yonden
2018,3,2018-03-29,14:00,3060.0,0.0,2410.0,430.0,－－－－－－－－－－,10.0,1240.0,0.0,50.0,0.0,-300.0,-780.0,3060.0,yonden
2018,3,2018-03-29,15:00,3070.0,0.0,2400.0,420.0,－－－－－－－－－－,10.0,930.0,0.0,50.0,0.0,-30.0,-710.0,3070.0,yonden
2018,3,2018-03-29,16:00,3110.0,0.0,2410.0,530.0,－－－－－－－－－－,10.0,550.0,0.0,60.0,0.0,0.0,-450.0,3110.0,yonden
2018,3,2018-03-29,17:00,3070.0,0.0,2530.0,580.0,－－－－－－－－－－,10.0,200.0,0.0,70.0,0.0,140.0,-460.0,3070.0,yonden
2018,3,2018-03-29,18:00,3140.0,0.0,2560.0,680.0,－－－－－－－－－－,10.0,0.0,0.0,60.0,0.0,270.0,-440.0,3140.0,yonden
2018,3,2018-03-29,19:00,3090.0,0.0,2570.0,670.0,－－－－－－－－－－,10.0,0.0,0.0,60.0,0.0,270.0,-490.0,3090.0,yonden
2018,3,2018-03-29,20:00,2950.0,0.0,2570.0,630.0,－－－－－－－－－－,10.0,0.0,0.0,70.0,0.0,150.0,-480.0,2950.0,yonden
2018,3,2018-03-29,21:00,2790.0,0.0,2540.0,590.0,－－－－－－－－－－,10.0,0.0,0.0,70.0,0.0,70.0,-490.0,2790.0,yonden
2018,3,2018-03-29,22:00,2580.0,0.0,2430.0,500.0,－－－－－－－－－－,10.0,0.0,0.0,50.0,0.0,0.0,-410.0,2580.0,yonden
2018,3,2018-03-29,23:00,2500.0,0.0,2460.0,420.0,－－－－－－－－－－,10.0,0.0,0.0,40.0,0.0,0.0,-430.0,2500.0,yonden
2018,3,2018-03-30,00:00,2430.0,0.0,2430.0,390.0,－－－－－－－－－－,10.0,0.0,0.0,50.0,0.0,0.0,-450.0,2430.0,yonden
2018,3,2018-03-30,01:00,2520.0,0.0,2460.0,430.0,－－－－－－－－－－,10.0,0.0,0.0,60.0,0.0,0.0,-440.0,2520.0,yonden
2018,3,2018-03-30,02:00,2750.0,0.0,2590.0,540.0,－－－－－－－－－－,10.0,0.0,0.0,70.0,0.0,0.0,-460.0,2750.0,yonden
2018,3,2018-03-30,03:00,2940.0,0.0,2610.0,580.0,－－－－－－－－－－,10.0,0.0,0.0,70.0,0.0,130.0,-460.0,2940.0,yonden
2018,3,2018-03-30,04:00,2970.0,0.0,2600.0,570.0,－－－－－－－－－－,10.0,0.0,0.0,70.0,0.0,280.0,-560.0,2970.0,yonden
2018,3,2018-03-30,05:00,2870.0,0.0,2570.0,540.0,－－－－－－－－－－,10.0,0.0,0.0,70.0,0.0,240.0,-560.0,2870.0,yonden
2018,3,2018-03-30,06:00,2750.0,0.0,2590.0,520.0,－－－－－－－－－－,10.0,100.0,0.0,70.0,0.0,60.0,-600.0,2750.0,yonden
2018,3,2018-03-30,07:00,2670.0,0.0,2400.0,470.0,－－－－－－－－－－,10.0,410.0,0.0,60.0,0.0,0.0,-680.0,2670.0,yonden
2018,3,2018-03-30,08:00,2850.0,0.0,2290.0,460.0,－－－－－－－－－－,10.0,800.0,0.0,70.0,0.0,0.0,-780.0,2850.0,yonden
2018,3,2018-03-30,09:00,2960.0,0.0,2180.0,490.0,－－－－－－－－－－,10.0,1190.0,0.0,60.0,0.0,0.0,-970.0,2960.0,yonden
2018,3,2018-03-30,10:00,2970.0,0.0,2260.0,460.0,－－－－－－－－－－,10.0,1450.0,0.0,70.0,0.0,-310.0,-970.0,2970.0,yonden
2018,3,2018-03-30,11:00,2970.0,0.0,2300.0,400.0,－－－－－－－－－－,10.0,1560.0,0.0,60.0,0.0,-600.0,-760.0,2970.0,yonden
2018,3,2018-03-30,12:00,2780.0,0.0,2150.0,390.0,－－－－－－－－－－,10.0,1570.0,0.0,60.0,0.0,-600.0,-800.0,2780.0,yonden
2018,3,2018-03-30,13:00,2960.0,0.0,2250.0,410.0,－－－－－－－－－－,10.0,1510.0,0.0,50.0,0.0,-590.0,-680.0,2960.0,yonden
2018,3,2018-03-30,14:00,2970.0,0.0,2200.0,400.0,－－－－－－－－－－,10.0,1330.0,0.0,40.0,0.0,-300.0,-710.0,2970.0,yonden
2018,3,2018-03-30,15:00,2950.0,0.0,2200.0,410.0,－－－－－－－－－－,10.0,1030.0,0.0,20.0,0.0,0.0,-720.0,2950.0,yonden
2018,3,2018-03-30,16:00,3000.0,0.0,2350.0,490.0,－－－－－－－－－－,10.0,640.0,0.0,30.0,0.0,0.0,-520.0,3000.0,yonden
2018,3,2018-03-30,17:00,2980.0,0.0,2580.0,620.0,－－－－－－－－－－,10.0,240.0,0.0,30.0,0.0,100.0,-600.0,2980.0,yonden
2018,3,2018-03-30,18:00,3050.0,0.0,2590.0,660.0,－－－－－－－－－－,10.0,10.0,0.0,20.0,0.0,290.0,-530.0,3050.0,yonden
2018,3,2018-03-30,19:00,3040.0,0.0,2590.0,660.0,－－－－－－－－－－,10.0,0.0,0.0,30.0,0.0,310.0,-560.0,3040.0,yonden
2018,3,2018-03-30,20:00,2930.0,0.0,2580.0,610.0,－－－－－－－－－－,10.0,0.0,0.0,40.0,0.0,260.0,-570.0,2930.0,yonden
2018,3,2018-03-30,21:00,2790.0,0.0,2610.0,600.0,－－－－－－－－－－,10.0,0.0,0.0,50.0,0.0,50.0,-530.0,2790.0,yonden
2018,3,2018-03-30,22:00,2630.0,0.0,2590.0,490.0,－－－－－－－－－－,10.0,0.0,0.0,40.0,0.0,0.0,-500.0,2630.0,yonden
2018,3,2018-03-30,23:00,2530.0,0.0,2620.0,410.0,－－－－－－－－－－,10.0,0.0,0.0,30.0,0.0,0.0,-540.0,2530.0,yonden
2018,3,2018-03-31,00:00,2450.0,0.0,2630.0,310.0,－－－－－－－－－－,10.0,0.0,0.0,10.0,0.0,0.0,-510.0,2450.0,yonden
2018,3,2018-03-31,01:00,2540.0,0.0,2680.0,320.0,－－－－－－－－－－,10.0,0.0,0.0,0.0,0.0,20.0,-490.0,2540.0,yonden
2018,3,2018-03-31,02:00,2780.0,0.0,2670.0,410.0,－－－－－－－－－－,10.0,0.0,0.0,0.0,0.0,220.0,-530.0,2780.0,yonden
2018,3,2018-03-31,03:00,2980.0,0.0,2670.0,500.0,－－－－－－－－－－,10.0,0.0,0.0,0.0,0.0,290.0,-490.0,2980.0,yonden
2018,3,2018-03-31,04:00,3000.0,0.0,2640.0,520.0,－－－－－－－－－－,10.0,0.0,0.0,0.0,0.0,290.0,-460.0,3000.0,yonden
2018,3,2018-03-31,05:00,2890.0,0.0,2600.0,480.0,－－－－－－－－－－,10.0,0.0,0.0,0.0,0.0,240.0,-440.0,2890.0,yonden
2018,3,2018-03-31,06:00,2690.0,0.0,2620.0,400.0,－－－－－－－－－－,10.0,110.0,0.0,0.0,0.0,0.0,-450.0,2690.0,yonden
2018,3,2018-03-31,07:00,2510.0,0.0,2270.0,320.0,－－－－－－－－－－,10.0,420.0,0.0,10.0,0.0,0.0,-520.0,2510.0,yonden
2018,3,2018-03-31,08:00,2610.0,0.0,2230.0,340.0,－－－－－－－－－－,10.0,780.0,0.0,10.0,0.0,0.0,-760.0,2610.0,yonden
2018,3,2018-03-31,09:00,2620.0,0.0,2210.0,360.0,－－－－－－－－－－,10.0,1110.0,0.0,10.0,0.0,-310.0,-770.0,2620.0,yonden
2018,3,2018-03-31,10:00,2600.0,0.0,2170.0,330.0,－－－－－－－－－－,10.0,1330.0,0.0,0.0,0.0,-460.0,-780.0,2600.0,yonden
2018,3,2018-03-31,11:00,2630.0,0.0,2320.0,400.0,－－－－－－－－－－,10.0,1450.0,0.0,10.0,0.0,-600.0,-960.0,2630.0,yonden
2018,3,2018-03-31,12:00,2570.0,0.0,2310.0,320.0,－－－－－－－－－－,10.0,1500.0,0.0,10.0,0.0,-600.0,-980.0,2570.0,yonden
2018,3,2018-03-31,13:00,2650.0,0.0,2180.0,300.0,－－－－－－－－－－,10.0,1440.0,0.0,30.0,0.0,-330.0,-980.0,2650.0,yonden
2018,3,2018-03-31,14:00,2630.0,0.0,2110.0,290.0,－－－－－－－－－－,10.0,1260.0,0.0,50.0,0.0,-300.0,-790.0,2630.0,yonden
2018,3,2018-03-31,15:00,2660.0,0.0,2330.0,320.0,－－－－－－－－－－,10.0,950.0,0.0,60.0,0.0,-300.0,-710.0,2660.0,yonden
2018,3,2018-03-31,16:00,2730.0,0.0,2330.0,360.0,－－－－－－－－－－,10.0,570.0,0.0,70.0,0.0,0.0,-610.0,2730.0,yonden
2018,3,2018-03-31,17:00,2770.0,0.0,2390.0,480.0,－－－－－－－－－－,10.0,200.0,0.0,80.0,0.0,20.0,-410.0,2770.0,yonden
2018,3,2018-03-31,18:00,2890.0,0.0,2410.0,580.0,－－－－－－－－－－,10.0,10.0,0.0,80.0,0.0,260.0,-460.0,2890.0,yonden
2018,3,2018-03-31,19:00,2900.0,0.0,2440.0,560.0,－－－－－－－－－－,10.0,0.0,0.0,80.0,0.0,270.0,-460.0,2900.0,yonden
2018,3,2018-03-31,20:00,2800.0,0.0,2440.0,510.0,－－－－－－－－－－,10.0,0.0,0.0,70.0,0.0,260.0,-490.0,2800.0,yonden
2018,3,2018-03-31,21:00,2670.0,0.0,2450.0,450.0,－－－－－－－－－－,10.0,0.0,0.0,70.0,0.0,100.0,-410.0,2670.0,yonden
2018,3,2018-03-31,22:00,2450.0,0.0,2370.0,410.0,－－－－－－－－－－,10.0,0.0,0.0,70.0,0.0,0.0,-410.0,2450.0,yonden
2018,3,2018-03-31,23:00,2360.0,0.0,2390.0,360.0,－－－－－－－－－－,10.0,0.0,0.0,70.0,0.0,0.0,-470.0,2360.0,yonden
2018,4,2018-04-01,00:00,2300.0,0.0,2300.0,290.0,－－－－－－－－－－,10.0,0.0,0.0,60.0,0.0,0.0,-360.0,2300.0,yonden
2018,4,2018-04-01,01:00,2380.0,0.0,2290.0,300.0,－－－－－－－－－－,10.0,0.0,0.0,50.0,0.0,0.0,-270.0,2380.0,yonden
2018,4,2018-04-01,02:00,2630.0,0.0,2370.0,360.0,－－－－－－－－－－,10.0,0.0,0.0,40.0,0.0,160.0,-310.0,2630.0,yonden
2018,4,2018-04-01,03:00,2810.0,0.0,2440.0,460.0,－－－－－－－－－－,10.0,0.0,0.0,30.0,0.0,260.0,-390.0,2810.0,yonden
2018,4,2018-04-01,04:00,2810.0,0.0,2390.0,460.0,－－－－－－－－－－,10.0,0.0,0.0,30.0,0.0,240.0,-320.0,2810.0,yonden
2018,4,2018-04-01,05:00,2650.0,0.0,2420.0,420.0,－－－－－－－－－－,10.0,0.0,0.0,20.0,0.0,170.0,-390.0,2650.0,yonden
2018,4,2018-04-01,06:00,2400.0,0.0,2300.0,290.0,－－－－－－－－－－,10.0,110.0,0.0,10.0,0.0,100.0,-420.0,2400.0,yonden
2018,4,2018-04-01,07:00,2240.0,0.0,2170.0,310.0,－－－－－－－－－－,10.0,400.0,0.0,10.0,0.0,0.0,-660.0,2240.0,yonden
2018,4,2018-04-01,08:00,2220.0,0.0,2120.0,290.0,－－－－－－－－－－,10.0,760.0,0.0,0.0,0.0,-100.0,-860.0,2220.0,yonden
2018,4,2018-04-01,09:00,2190.0,0.0,2080.0,300.0,－－－－－－－－－－,10.0,1080.0,0.0,0.0,0.0,-400.0,-880.0,2190.0,yonden
2018,4,2018-04-01,10:00,2170.0,0.0,2030.0,260.0,－－－－－－－－－－,10.0,1310.0,0.0,0.0,0.0,-600.0,-840.0,2170.0,yonden
2018,4,2018-04-01,11:00,2200.0,0.0,2100.0,260.0,－－－－－－－－－－,10.0,1440.0,0.0,0.0,0.0,-600.0,-1010.0,2200.0,yonden
2018,4,2018-04-01,12:00,2210.0,0.0,2080.0,260.0,－－－－－－－－－－,10.0,1490.0,0.0,0.0,0.0,-590.0,-1040.0,2210.0,yonden
2018,4,2018-04-01,13:00,2220.0,0.0,2060.0,250.0,－－－－－－－－－－,10.0,1430.0,0.0,10.0,0.0,-590.0,-950.0,2220.0,yonden
2018,4,2018-04-01,14:00,2240.0,0.0,2130.0,240.0,－－－－－－－－－－,10.0,1230.0,0.0,10.0,0.0,-590.0,-790.0,2240.0,yonden
2018,4,2018-04-01,15:00,2290.0,0.0,2200.0,250.0,－－－－－－－－－－,10.0,870.0,0.0,10.0,0.0,-200.0,-850.0,2290.0,yonden
2018,4,2018-04-01,16:00,2430.0,0.0,2240.0,350.0,－－－－－－－－－－,10.0,470.0,0.0,10.0,0.0,0.0,-650.0,2430.0,yonden
2018,4,2018-04-01,17:00,2600.0,0.0,2370.0,500.0,－－－－－－－－－－,10.0,170.0,0.0,10.0,0.0,0.0,-460.0,2600.0,yonden
2018,4,2018-04-01,18:00,2730.0,0.0,2430.0,550.0,－－－－－－－－－－,10.0,0.0,0.0,30.0,0.0,180.0,-470.0,2730.0,yonden
2018,4,2018-04-01,19:00,2750.0,0.0,2440.0,540.0,－－－－－－－－－－,10.0,0.0,0.0,40.0,0.0,190.0,-470.0,2750.0,yonden
2018,4,2018-04-01,20:00,2660.0,0.0,2430.0,500.0,－－－－－－－－－－,10.0,0.0,0.0,40.0,0.0,80.0,-400.0,2660.0,yonden
2018,4,2018-04-01,21:00,2520.0,0.0,2380.0,470.0,－－－－－－－－－－,10.0,0.0,0.0,40.0,0.0,0.0,-380.0,2520.0,yonden
2018,4,2018-04-01,22:00,2340.0,0.0,2330.0,350.0,－－－－－－－－－－,10.0,0.0,0.0,30.0,0.0,0.0,-380.0,2340.0,yonden
2018,4,2018-04-01,23:00,2280.0,0.0,2370.0,280.0,－－－－－－－－－－,10.0,0.0,0.0,30.0,0.0,0.0,-410.0,2280.0,yonden
2018,4,2018-04-02,00:00,2190.0,0.0,2210.0,260.0,－－－－－－－－－－,10.0,0.0,0.0,10.0,0.0,0.0,-300.0,2190.0,yonden
2018,4,2018-04-02,01:00,2290.0,0.0,2220.0,260.0,－－－－－－－－－－,10.0,0.0,0.0,0.0,0.0,90.0,-290.0,2290.0,yonden
2018,4,2018-04-02,02:00,2570.0,0.0,2290.0,300.0,－－－－－－－－－－,10.0,0.0,0.0,0.0,0.0,240.0,-270.0,2570.0,yonden
2018,4,2018-04-02,03:00,2790.0,0.0,2320.0,360.0,－－－－－－－－－－,10.0,0.0,0.0,0.0,0.0,350.0,-250.0,2790.0,yonden
2018,4,2018-04-02,04:00,2840.0,0.0,2320.0,360.0,－－－－－－－－－－,10.0,0.0,0.0,0.0,0.0,400.0,-250.0,2840.0,yonden
2018,4,2018-04-02,05:00,2740.0,0.0,2330.0,390.0,－－－－－－－－－－,10.0,0.0,0.0,0.0,0.0,310.0,-300.0,2740.0,yonden
2018,4,2018-04-02,06:00,2570.0,0.0,2410.0,330.0,－－－－－－－－－－,10.0,120.0,0.0,0.0,0.0,130.0,-430.0,2570.0,yonden
2018,4,2018-04-02,07:00,2540.0,0.0,2290.0,270.0,－－－－－－－－－－,10.0,420.0,0.0,0.0,0.0,0.0,-450.0,2540.0,yonden
2018,4,2018-04-02,08:00,2770.0,0.0,2290.0,260.0,－－－－－－－－－－,10.0,780.0,0.0,0.0,0.0,0.0,-570.0,2770.0,yonden
2018,4,2018-04-02,09:00,2900.0,0.0,2290.0,280.0,－－－－－－－－－－,10.0,1110.0,0.0,0.0,0.0,-300.0,-490.0,2900.0,yonden
2018,4,2018-04-02,10:00,2920.0,0.0,2340.0,260.0,－－－－－－－－－－,10.0,1360.0,0.0,0.0,0.0,-600.0,-450.0,2920.0,yonden
2018,4,2018-04-02,11:00,2940.0,0.0,2300.0,250.0,－－－－－－－－－－,10.0,1470.0,0.0,0.0,0.0,-590.0,-500.0,2940.0,yonden
2018,4,2018-04-02,12:00,2790.0,0.0,2170.0,250.0,－－－－－－－－－－,10.0,1490.0,0.0,0.0,0.0,-590.0,-540.0,2790.0,yonden
2018,4,2018-04-02,13:00,2980.0,0.0,2320.0,230.0,－－－－－－－－－－,10.0,1420.0,0.0,0.0,0.0,-580.0,-420.0,2980.0,yonden
2018,4,2018-04-02,14:00,3030.0,0.0,2290.0,230.0,－－－－－－－－－－,10.0,1260.0,0.0,0.0,0.0,-290.0,-470.0,3030.0,yonden
2018,4,2018-04-02,15:00,3040.0,0.0,2330.0,250.0,－－－－－－－－－－,10.0,980.0,0.0,0.0,0.0,0.0,-530.0,3040.0,yonden
2018,4,2018-04-02,16:00,3110.0,0.0,2510.0,380.0,－－－－－－－－－－,10.0,600.0,0.0,0.0,0.0,0.0,-390.0,3110.0,yonden
2018,4,2018-04-02,17:00,3070.0,0.0,2560.0,550.0,－－－－－－－－－－,10.0,220.0,0.0,20.0,0.0,100.0,-390.0,3070.0,yonden
2018,4,2018-04-02,18:00,3090.0,0.0,2560.0,580.0,－－－－－－－－－－,10.0,10.0,0.0,20.0,0.0,260.0,-350.0,3090.0,yonden
2018,4,2018-04-02,19:00,3010.0,0.0,2570.0,560.0,－－－－－－－－－－,10.0,0.0,0.0,30.0,0.0,250.0,-410.0,3010.0,yonden
2018,4,2018-04-02,20:00,2890.0,0.0,2530.0,500.0,－－－－－－－－－－,10.0,0.0,0.0,30.0,0.0,240.0,-420.0,2890.0,yonden
2018,4,2018-04-02,21:00,2730.0,0.0,2560.0,380.0,－－－－－－－－－－,10.0,0.0,0.0,20.0,0.0,230.0,-470.0,2730.0,yonden
2018,4,2018-04-02,22:00,2570.0,0.0,2610.0,340.0,－－－－－－－－－－,10.0,0.0,0.0,20.0,0.0,20.0,-430.0,2570.0,yonden
2018,4,2018-04-02,23:00,2480.0,0.0,2560.0,300.0,－－－－－－－－－－,10.0,0.0,0.0,10.0,0.0,0.0,-400.0,2480.0,yonden
2018,4,2018-04-03,00:00,2400.0,0.0,2560.0,280.0,－－－－－－－－－－,10.0,0.0,0.0,0.0,0.0,0.0,-450.0,2400.0,yonden
2018,4,2018-04-03,01:00,2470.0,0.0,2600.0,280.0,－－－－－－－－－－,10.0,0.0,0.0,10.0,0.0,20.0,-450.0,2470.0,yonden
2018,4,2018-04-03,02:00,2700.0,0.0,2630.0,330.0,－－－－－－－－－－,10.0,0.0,0.0,0.0,0.0,190.0,-460.0,2700.0,yonden
2018,4,2018-04-03,03:00,2910.0,0.0,2700.0,400.0,－－－－－－－－－－,10.0,0.0,0.0,0.0,0.0,260.0,-460.0,2910.0,yonden
2018,4,2018-04-03,04:00,2950.0,0.0,2740.0,390.0,－－－－－－－－－－,10.0,0.0,0.0,0.0,0.0,240.0,-430.0,2950.0,yonden
2018,4,2018-04-03,05:00,2780.0,0.0,2700.0,380.0,－－－－－－－－－－,10.0,0.0,0.0,0.0,0.0,170.0,-480.0,2780.0,yonden
2018,4,2018-04-03,06:00,2630.0,0.0,2540.0,340.0,－－－－－－－－－－,10.0,120.0,0.0,0.0,0.0,40.0,-420.0,2630.0,yonden
2018,4,2018-04-03,07:00,2570.0,0.0,2260.0,240.0,－－－－－－－－－－,10.0,440.0,0.0,0.0,0.0,0.0,-380.0,2570.0,yonden
2018,4,2018-04-03,08:00,2810.0,0.0,2290.0,250.0,－－－－－－－－－－,10.0,790.0,0.0,0.0,0.0,0.0,-530.0,2810.0,yonden
2018,4,2018-04-03,09:00,2910.0,0.0,2110.0,250.0,－－－－－－－－－－,10.0,1100.0,0.0,0.0,0.0,0.0,-560.0,2910.0,yonden
2018,4,2018-04-03,10:00,2940.0,0.0,2320.0,250.0,－－－－－－－－－－,10.0,1370.0,0.0,0.0,0.0,-410.0,-600.0,2940.0,yonden
2018,4,2018-04-03,11:00,2970.0,0.0,2380.0,230.0,－－－－－－－－－－,10.0,1490.0,0.0,0.0,0.0,-590.0,-550.0,2970.0,yonden
2018,4,2018-04-03,12:00,2810.0,0.0,2070.0,220.0,－－－－－－－－－－,10.0,1530.0,0.0,0.0,0.0,-590.0,-430.0,2810.0,yonden
2018,4,2018-04-03,13:00,3060.0,0.0,2360.0,220.0,－－－－－－－－－－,10.0,1460.0,0.0,0.0,0.0,-440.0,-550.0,3060.0,yonden
2018,4,2018-04-03,14:00,3090.0,0.0,2350.0,220.0,－－－－－－－－－－,10.0,1280.0,0.0,0.0,0.0,-170.0,-600.0,3090.0,yonden
2018,4,2018-04-03,15:00,3100.0,0.0,2440.0,240.0,－－－－－－－－－－,10.0,970.0,0.0,10.0,0.0,0.0,-570.0,3100.0,yonden
2018,4,2018-04-03,16:00,3150.0,0.0,2560.0,300.0,－－－－－－－－－－,10.0,600.0,0.0,10.0,0.0,0.0,-330.0,3150.0,yonden
2018,4,2018-04-03,17:00,3090.0,0.0,2650.0,420.0,－－－－－－－－－－,10.0,220.0,0.0,30.0,0.0,100.0,-340.0,3090.0,yonden
2018,4,2018-04-03,18:00,3100.0,0.0,2640.0,480.0,－－－－－－－－－－,10.0,10.0,0.0,50.0,0.0,270.0,-360.0,3100.0,yonden
2018,4,2018-04-03,19:00,3030.0,0.0,2630.0,470.0,－－－－－－－－－－,10.0,0.0,0.0,60.0,0.0,270.0,-410.0,3030.0,yonden
2018,4,2018-04-03,20:00,2900.0,0.0,2610.0,420.0,－－－－－－－－－－,10.0,0.0,0.0,60.0,0.0,240.0,-440.0,2900.0,yonden
2018,4,2018-04-03,21:00,2730.0,0.0,2590.0,350.0,－－－－－－－－－－,10.0,0.0,0.0,40.0,0.0,200.0,-460.0,2730.0,yonden
2018,4,2018-04-03,22:00,2530.0,0.0,2610.0,280.0,－－－－－－－－－－,10.0,0.0,0.0,30.0,0.0,0.0,-400.0,2530.0,yonden
2018,4,2018-04-03,23:00,2430.0,0.0,2590.0,260.0,－－－－－－－－－－,10.0,0.0,0.0,20.0,0.0,0.0,-450.0,2430.0,yonden
2018,4,2018-04-04,00:00,2340.0,0.0,2460.0,250.0,－－－－－－－－－－,10.0,0.0,0.0,10.0,0.0,0.0,-390.0,2340.0,yonden
2018,4,2018-04-04,01:00,2390.0,0.0,2510.0,240.0,－－－－－－－－－－,10.0,0.0,0.0,10.0,0.0,0.0,-380.0,2390.0,yonden
2018,4,2018-04-04,02:00,2660.0,0.0,2560.0,310.0,－－－－－－－－－－,10.0,0.0,0.0,0.0,0.0,170.0,-390.0,2660.0,yonden
2018,4,2018-04-04,03:00,2890.0,0.0,2560.0,400.0,－－－－－－－－－－,10.0,0.0,0.0,0.0,0.0,260.0,-340.0,2890.0,yonden
2018,4,2018-04-04,04:00,2940.0,0.0,2630.0,430.0,－－－－－－－－－－,10.0,0.0,0.0,0.0,0.0,250.0,-380.0,2940.0,yonden
2018,4,2018-04-04,05:00,2830.0,0.0,2620.0,340.0,－－－－－－－－－－,10.0,0.0,0.0,0.0,0.0,210.0,-350.0,2830.0,yonden
2018,4,2018-04-04,06:00,2700.0,0.0,2590.0,300.0,－－－－－－－－－－,10.0,120.0,0.0,0.0,0.0,20.0,-340.0,2700.0,yonden
2018,4,2018-04-04,07:00,2630.0,0.0,2350.0,220.0,－－－－－－－－－－,10.0,390.0,0.0,0.0,0.0,0.0,-340.0,2630.0,yonden
2018,4,2018-04-04,08:00,2830.0,0.0,2210.0,230.0,－－－－－－－－－－,10.0,710.0,0.0,0.0,0.0,0.0,-330.0,2830.0,yonden
2018,4,2018-04-04,09:00,2950.0,0.0,2320.0,280.0,－－－－－－－－－－,10.0,1040.0,0.0,0.0,0.0,-300.0,-400.0,2950.0,yonden
2018,4,2018-04-04,10:00,2950.0,0.0,2390.0,250.0,－－－－－－－－－－,10.0,1240.0,0.0,0.0,0.0,-600.0,-340.0,2950.0,yonden
2018,4,2018-04-04,11:00,2990.0,0.0,2360.0,230.0,－－－－－－－－－－,10.0,1410.0,0.0,0.0,0.0,-590.0,-430.0,2990.0,yonden
2018,4,2018-04-04,12:00,2860.0,0.0,2360.0,220.0,－－－－－－－－－－,10.0,1410.0,0.0,10.0,0.0,-500.0,-650.0,2860.0,yonden
2018,4,2018-04-04,13:00,3040.0,0.0,2280.0,220.0,－－－－－－－－－－,10.0,1390.0,0.0,10.0,0.0,-290.0,-580.0,3040.0,yonden
2018,4,2018-04-04,14:00,3090.0,0.0,2340.0,220.0,－－－－－－－－－－,10.0,1220.0,0.0,10.0,0.0,-270.0,-440.0,3090.0,yonden
2018,4,2018-04-04,15:00,3100.0,0.0,2260.0,240.0,－－－－－－－－－－,10.0,960.0,0.0,20.0,0.0,0.0,-390.0,3100.0,yonden
2018,4,2018-04-04,16:00,3170.0,0.0,2560.0,310.0,－－－－－－－－－－,10.0,590.0,0.0,10.0,0.0,0.0,-310.0,3170.0,yonden
2018,4,2018-04-04,17:00,3090.0,0.0,2620.0,380.0,－－－－－－－－－－,10.0,210.0,0.0,10.0,0.0,200.0,-340.0,3090.0,yonden
2018,4,2018-04-04,18:00,3100.0,0.0,2610.0,510.0,－－－－－－－－－－,10.0,10.0,0.0,0.0,0.0,320.0,-360.0,3100.0,yonden
2018,4,2018-04-04,19:00,3040.0,0.0,2630.0,480.0,－－－－－－－－－－,10.0,0.0,0.0,10.0,0.0,290.0,-380.0,3040.0,yonden
2018,4,2018-04-04,20:00,2880.0,0.0,2640.0,340.0,－－－－－－－－－－,10.0,0.0,0.0,10.0,0.0,240.0,-360.0,2880.0,yonden
2018,4,2018-04-04,21:00,2720.0,0.0,2610.0,320.0,－－－－－－－－－－,10.0,0.0,0.0,20.0,0.0,140.0,-380.0,2720.0,yonden
2018,4,2018-04-04,22:00,2540.0,0.0,2610.0,270.0,－－－－－－－－－－,10.0,0.0,0.0,20.0,0.0,0.0,-370.0,2540.0,yonden
2018,4,2018-04-04,23:00,2440.0,0.0,2550.0,260.0,－－－－－－－－－－,10.0,0.0,0.0,10.0,0.0,0.0,-390.0,2440.0,yonden
2018,4,2018-04-05,00:00,2370.0,0.0,2510.0,240.0,－－－－－－－－－－,10.0,0.0,0.0,20.0,0.0,0.0,-410.0,2370.0,yonden
2018,4,2018-04-05,01:00,2420.0,0.0,2510.0,240.0,－－－－－－－－－－,10.0,0.0,0.0,30.0,0.0,0.0,-370.0,2420.0,yonden
2018,4,2018-04-05,02:00,2650.0,0.0,2580.0,310.0,－－－－－－－－－－,10.0,0.0,0.0,30.0,0.0,0.0,-280.0,2650.0,yonden
2018,4,2018-04-05,03:00,2870.0,0.0,2640.0,370.0,－－－－－－－－－－,10.0,0.0,0.0,30.0,0.0,140.0,-320.0,2870.0,yonden
2018,4,2018-04-05,04:00,2940.0,0.0,2670.0,400.0,－－－－－－－－－－,10.0,0.0,0.0,20.0,0.0,140.0,-300.0,2940.0,yonden
2018,4,2018-04-05,05:00,2840.0,0.0,2640.0,370.0,－－－－－－－－－－,10.0,0.0,0.0,30.0,0.0,100.0,-310.0,2840.0,yonden
2018,4,2018-04-05,06:00,2730.0,0.0,2670.0,310.0,－－－－－－－－－－,10.0,90.0,0.0,20.0,0.0,0.0,-370.0,2730.0,yonden
2018,4,2018-04-05,07:00,2700.0,0.0,2560.0,220.0,－－－－－－－－－－,10.0,270.0,0.0,10.0,0.0,0.0,-370.0,2700.0,yonden
2018,4,2018-04-05,08:00,2980.0,0.0,2670.0,240.0,－－－－－－－－－－,10.0,400.0,0.0,20.0,0.0,0.0,-360.0,2980.0,yonden
2018,4,2018-04-05,09:00,3030.0,0.0,2560.0,260.0,－－－－－－－－－－,10.0,630.0,0.0,10.0,0.0,0.0,-440.0,3030.0,yonden
2018,4,2018-04-05,10:00,3060.0,0.0,2380.0,270.0,－－－－－－－－－－,10.0,870.0,0.0,0.0,0.0,0.0,-470.0,3060.0,yonden
2018,4,2018-04-05,11:00,3060.0,0.0,2490.0,290.0,－－－－－－－－－－,10.0,880.0,0.0,0.0,0.0,0.0,-610.0,3060.0,yonden
2018,4,2018-04-05,12:00,2840.0,0.0,2420.0,250.0,－－－－－－－－－－,10.0,810.0,0.0,10.0,0.0,0.0,-660.0,2840.0,yonden
2018,4,2018-04-05,13:00,3020.0,0.0,2610.0,260.0,－－－－－－－－－－,10.0,740.0,0.0,10.0,0.0,0.0,-610.0,3020.0,yonden
2018,4,2018-04-05,14:00,3060.0,0.0,2620.0,210.0,－－－－－－－－－－,10.0,660.0,0.0,20.0,0.0,0.0,-460.0,3060.0,yonden
2018,4,2018-04-05,15:00,3070.0,0.0,2730.0,240.0,－－－－－－－－－－,10.0,410.0,0.0,30.0,0.0,0.0,-350.0,3070.0,yonden
2018,4,2018-04-05,16:00,3140.0,0.0,2840.0,310.0,－－－－－－－－－－,10.0,250.0,0.0,30.0,0.0,0.0,-300.0,3140.0,yonden
2018,4,2018-04-05,17:00,3170.0,0.0,2930.0,410.0,－－－－－－－－－－,10.0,80.0,0.0,30.0,0.0,0.0,-290.0,3170.0,yonden
2018,4,2018-04-05,18:00,3230.0,0.0,3020.0,540.0,－－－－－－－－－－,10.0,0.0,0.0,20.0,0.0,0.0,-360.0,3230.0,yonden
2018,4,2018-04-05,19:00,3130.0,0.0,2990.0,490.0,－－－－－－－－－－,10.0,0.0,0.0,30.0,0.0,0.0,-390.0,3130.0,yonden
2018,4,2018-04-05,20:00,2980.0,0.0,2880.0,400.0,－－－－－－－－－－,10.0,0.0,0.0,50.0,0.0,0.0,-360.0,2980.0,yonden
2018,4,2018-04-05,21:00,2810.0,0.0,2840.0,330.0,－－－－－－－－－－,10.0,0.0,0.0,50.0,0.0,0.0,-420.0,2810.0,yonden
2018,4,2018-04-05,22:00,2650.0,0.0,2780.0,240.0,－－－－－－－－－－,10.0,0.0,0.0,60.0,0.0,0.0,-440.0,2650.0,yonden
2018,4,2018-04-05,23:00,2580.0,0.0,2690.0,240.0,－－－－－－－－－－,10.0,0.0,0.0,90.0,0.0,0.0,-450.0,2580.0,yonden
2018,4,2018-04-06,00:00,2500.0,0.0,2540.0,270.0,－－－－－－－－－－,10.0,0.0,0.0,90.0,0.0,0.0,-410.0,2500.0,yonden
2018,4,2018-04-06,01:00,2560.0,0.0,2520.0,280.0,－－－－－－－－－－,10.0,0.0,0.0,100.0,0.0,0.0,-350.0,2560.0,yonden
2018,4,2018-04-06,02:00,2790.0,0.0,2650.0,350.0,－－－－－－－－－－,10.0,0.0,0.0,120.0,0.0,0.0,-340.0,2790.0,yonden
2018,4,2018-04-06,03:00,3000.0,0.0,2740.0,470.0,－－－－－－－－－－,10.0,0.0,0.0,120.0,0.0,0.0,-340.0,3000.0,yonden
2018,4,2018-04-06,04:00,3040.0,0.0,2750.0,480.0,－－－－－－－－－－,10.0,0.0,0.0,120.0,0.0,0.0,-320.0,3040.0,yonden
2018,4,2018-04-06,05:00,2930.0,0.0,2720.0,390.0,－－－－－－－－－－,10.0,0.0,0.0,120.0,0.0,0.0,-310.0,2930.0,yonden
2018,4,2018-04-06,06:00,2750.0,0.0,2590.0,390.0,－－－－－－－－－－,10.0,60.0,0.0,120.0,0.0,0.0,-420.0,2750.0,yonden
2018,4,2018-04-06,07:00,2750.0,0.0,2580.0,350.0,－－－－－－－－－－,10.0,150.0,0.0,130.0,0.0,0.0,-470.0,2750.0,yonden
2018,4,2018-04-06,08:00,3030.0,0.0,2800.0,380.0,－－－－－－－－－－,10.0,250.0,0.0,120.0,0.0,0.0,-530.0,3030.0,yonden
2018,4,2018-04-06,09:00,3160.0,0.0,2860.0,380.0,－－－－－－－－－－,10.0,370.0,0.0,110.0,0.0,0.0,-570.0,3160.0,yonden
2018,4,2018-04-06,10:00,3260.0,0.0,2990.0,380.0,－－－－－－－－－－,10.0,320.0,0.0,130.0,0.0,0.0,-570.0,3260.0,yonden
2018,4,2018-04-06,11:00,3300.0,0.0,3160.0,360.0,－－－－－－－－－－,10.0,260.0,0.0,130.0,0.0,0.0,-620.0,3300.0,yonden
2018,4,2018-04-06,12:00,3100.0,0.0,2850.0,320.0,－－－－－－－－－－,10.0,240.0,0.0,130.0,0.0,0.0,-450.0,3100.0,yonden
2018,4,2018-04-06,13:00,3280.0,0.0,3010.0,340.0,－－－－－－－－－－,10.0,210.0,0.0,120.0,0.0,0.0,-410.0,3280.0,yonden
2018,4,2018-04-06,14:00,3260.0,0.0,2950.0,360.0,－－－－－－－－－－,10.0,170.0,0.0,110.0,0.0,0.0,-340.0,3260.0,yonden
2018,4,2018-04-06,15:00,3260.0,0.0,2870.0,480.0,－－－－－－－－－－,10.0,140.0,0.0,120.0,0.0,0.0,-360.0,3260.0,yonden
2018,4,2018-04-06,16:00,3320.0,0.0,2840.0,560.0,－－－－－－－－－－,10.0,80.0,0.0,130.0,0.0,0.0,-300.0,3320.0,yonden
2018,4,2018-04-06,17:00,3300.0,0.0,2860.0,630.0,－－－－－－－－－－,10.0,50.0,0.0,150.0,0.0,0.0,-400.0,3300.0,yonden
2018,4,2018-04-06,18:00,3260.0,0.0,2850.0,670.0,－－－－－－－－－－,10.0,0.0,0.0,150.0,0.0,0.0,-420.0,3260.0,yonden
2018,4,2018-04-06,19:00,3150.0,0.0,2800.0,610.0,－－－－－－－－－－,10.0,0.0,0.0,160.0,0.0,0.0,-430.0,3150.0,yonden
2018,4,2018-04-06,20:00,3010.0,0.0,2740.0,510.0,－－－－－－－－－－,10.0,0.0,0.0,150.0,0.0,0.0,-400.0,3010.0,yonden
2018,4,2018-04-06,21:00,2820.0,0.0,2640.0,440.0,－－－－－－－－－－,10.0,0.0,0.0,150.0,0.0,0.0,-420.0,2820.0,yonden
2018,4,2018-04-06,22:00,2640.0,0.0,2610.0,370.0,－－－－－－－－－－,10.0,0.0,0.0,120.0,0.0,0.0,-470.0,2640.0,yonden
2018,4,2018-04-06,23:00,2520.0,0.0,2520.0,340.0,－－－－－－－－－－,10.0,0.0,0.0,130.0,0.0,0.0,-480.0,2520.0,yonden
2018,4,2018-04-07,00:00,2430.0,0.0,2420.0,310.0,－－－－－－－－－－,10.0,0.0,0.0,140.0,0.0,0.0,-450.0,2430.0,yonden
2018,4,2018-04-07,01:00,2520.0,0.0,2460.0,310.0,－－－－－－－－－－,10.0,0.0,0.0,140.0,0.0,0.0,-400.0,2520.0,yonden
2018,4,2018-04-07,02:00,2740.0,0.0,2590.0,390.0,－－－－－－－－－－,10.0,0.0,0.0,140.0,0.0,20.0,-410.0,2740.0,yonden
2018,4,2018-04-07,03:00,2960.0,0.0,2610.0,450.0,－－－－－－－－－－,10.0,0.0,0.0,120.0,0.0,190.0,-420.0,2960.0,yonden
2018,4,2018-04-07,04:00,3000.0,0.0,2640.0,470.0,－－－－－－－－－－,10.0,0.0,0.0,110.0,0.0,170.0,-400.0,3000.0,yonden
2018,4,2018-04-07,05:00,2900.0,0.0,2590.0,440.0,－－－－－－－－－－,10.0,0.0,0.0,110.0,0.0,140.0,-390.0,2900.0,yonden
2018,4,2018-04-07,06:00,2730.0,0.0,2530.0,380.0,－－－－－－－－－－,10.0,60.0,0.0,120.0,0.0,20.0,-390.0,2730.0,yonden
2018,4,2018-04-07,07:00,2660.0,0.0,2370.0,320.0,－－－－－－－－－－,10.0,150.0,0.0,110.0,0.0,60.0,-360.0,2660.0,yonden
2018,4,2018-04-07,08:00,2900.0,0.0,2430.0,310.0,－－－－－－－－－－,10.0,330.0,0.0,110.0,0.0,130.0,-420.0,2900.0,yonden
2018,4,2018-04-07,09:00,2930.0,0.0,2420.0,300.0,－－－－－－－－－－,10.0,640.0,0.0,110.0,0.0,0.0,-550.0,2930.0,yonden
2018,4,2018-04-07,10:00,2860.0,0.0,2400.0,300.0,－－－－－－－－－－,10.0,800.0,0.0,120.0,0.0,-300.0,-470.0,2860.0,yonden
2018,4,2018-04-07,11:00,2820.0,0.0,2460.0,320.0,－－－－－－－－－－,10.0,950.0,0.0,120.0,0.0,-400.0,-640.0,2820.0,yonden
2018,4,2018-04-07,12:00,2780.0,0.0,2550.0,240.0,－－－－－－－－－－,10.0,930.0,0.0,120.0,0.0,-500.0,-570.0,2780.0,yonden
2018,4,2018-04-07,13:00,2800.0,0.0,2320.0,240.0,－－－－－－－－－－,10.0,940.0,0.0,130.0,0.0,-300.0,-540.0,2800.0,yonden
2018,4,2018-04-07,14:00,2770.0,0.0,2420.0,240.0,－－－－－－－－－－,10.0,910.0,0.0,120.0,0.0,-300.0,-630.0,2770.0,yonden
2018,4,2018-04-07,15:00,2790.0,0.0,2550.0,300.0,－－－－－－－－－－,10.0,680.0,0.0,130.0,0.0,-150.0,-730.0,2790.0,yonden
2018,4,2018-04-07,16:00,2900.0,0.0,2590.0,350.0,－－－－－－－－－－,10.0,400.0,0.0,130.0,0.0,0.0,-580.0,2900.0,yonden
2018,4,2018-04-07,17:00,3000.0,0.0,2690.0,450.0,－－－－－－－－－－,10.0,150.0,0.0,130.0,0.0,0.0,-430.0,3000.0,yonden
2018,4,2018-04-07,18:00,3210.0,0.0,2860.0,550.0,－－－－－－－－－－,10.0,10.0,0.0,120.0,0.0,140.0,-480.0,3210.0,yonden
2018,4,2018-04-07,19:00,3240.0,0.0,2870.0,540.0,－－－－－－－－－－,10.0,0.0,0.0,120.0,0.0,170.0,-470.0,3240.0,yonden
2018,4,2018-04-07,20:00,3140.0,0.0,2930.0,420.0,－－－－－－－－－－,10.0,0.0,0.0,130.0,0.0,110.0,-460.0,3140.0,yonden
2018,4,2018-04-07,21:00,2980.0,0.0,2920.0,360.0,－－－－－－－－－－,10.0,0.0,0.0,100.0,0.0,0.0,-410.0,2980.0,yonden
2018,4,2018-04-07,22:00,2760.0,0.0,2810.0,290.0,－－－－－－－－－－,10.0,0.0,0.0,110.0,0.0,0.0,-460.0,2760.0,yonden
2018,4,2018-04-07,23:00,2630.0,0.0,2690.0,250.0,－－－－－－－－－－,10.0,0.0,0.0,110.0,0.0,0.0,-430.0,2630.0,yonden
2018,4,2018-04-08,00:00,2570.0,0.0,2760.0,230.0,－－－－－－－－－－,10.0,0.0,0.0,110.0,0.0,0.0,-540.0,2570.0,yonden
2018,4,2018-04-08,01:00,2650.0,0.0,2730.0,230.0,－－－－－－－－－－,10.0,0.0,0.0,120.0,0.0,0.0,-440.0,2650.0,yonden
2018,4,2018-04-08,02:00,2890.0,0.0,2890.0,250.0,－－－－－－－－－－,10.0,0.0,0.0,110.0,0.0,40.0,-410.0,2890.0,yonden
2018,4,2018-04-08,03:00,3090.0,0.0,2930.0,340.0,－－－－－－－－－－,10.0,0.0,0.0,110.0,0.0,150.0,-450.0,3090.0,yonden
2018,4,2018-04-08,04:00,3110.0,0.0,2930.0,370.0,－－－－－－－－－－,10.0,0.0,0.0,110.0,0.0,160.0,-470.0,3110.0,yonden
2018,4,2018-04-08,05:00,2970.0,0.0,2920.0,320.0,－－－－－－－－－－,10.0,0.0,0.0,110.0,0.0,130.0,-520.0,2970.0,yonden
2018,4,2018-04-08,06:00,2720.0,0.0,2740.0,270.0,－－－－－－－－－－,10.0,170.0,0.0,90.0,0.0,0.0,-560.0,2720.0,yonden
2018,4,2018-04-08,07:00,2440.0,0.0,2270.0,200.0,－－－－－－－－－－,10.0,520.0,0.0,80.0,0.0,-30.0,-610.0,2440.0,yonden
2018,4,2018-04-08,08:00,2470.0,0.0,2270.0,200.0,－－－－－－－－－－,10.0,890.0,0.0,70.0,0.0,-300.0,-670.0,2470.0,yonden
2018,4,2018-04-08,09:00,2500.0,0.0,2220.0,230.0,－－－－－－－－－－,10.0,1170.0,0.0,60.0,0.0,-300.0,-890.0,2500.0,yonden
2018,4,2018-04-08,10:00,2500.0,0.0,2440.0,260.0,－－－－－－－－－－,10.0,1240.0,0.0,60.0,0.0,-300.0,-1210.0,2500.0,yonden
2018,4,2018-04-08,11:00,2500.0,0.0,2450.0,220.0,－－－－－－－－－－,10.0,1370.0,0.0,70.0,0.0,-300.0,-1320.0,2500.0,yonden
2018,4,2018-04-08,12:00,2490.0,0.0,2410.0,190.0,－－－－－－－－－－,10.0,1430.0,0.0,50.0,0.0,-300.0,-1300.0,2490.0,yonden
2018,4,2018-04-08,13:00,2440.0,0.0,2330.0,190.0,－－－－－－－－－－,10.0,1490.0,0.0,20.0,0.0,-300.0,-1300.0,2440.0,yonden
2018,4,2018-04-08,14:00,2410.0,0.0,2200.0,210.0,－－－－－－－－－－,10.0,1460.0,0.0,0.0,0.0,-300.0,-1170.0,2410.0,yonden
2018,4,2018-04-08,15:00,2430.0,0.0,2220.0,240.0,－－－－－－－－－－,10.0,1150.0,0.0,10.0,0.0,-290.0,-910.0,2430.0,yonden
2018,4,2018-04-08,16:00,2550.0,0.0,2360.0,290.0,－－－－－－－－－－,10.0,710.0,0.0,0.0,0.0,-140.0,-680.0,2550.0,yonden
2018,4,2018-04-08,17:00,2750.0,0.0,2690.0,410.0,－－－－－－－－－－,10.0,270.0,0.0,0.0,0.0,0.0,-630.0,2750.0,yonden
2018,4,2018-04-08,18:00,2950.0,0.0,2960.0,490.0,－－－－－－－－－－,10.0,10.0,0.0,0.0,0.0,170.0,-690.0,2950.0,yonden
2018,4,2018-04-08,19:00,3050.0,0.0,2960.0,530.0,－－－－－－－－－－,10.0,0.0,0.0,10.0,0.0,260.0,-720.0,3050.0,yonden
2018,4,2018-04-08,20:00,3020.0,0.0,3110.0,420.0,－－－－－－－－－－,10.0,0.0,0.0,20.0,0.0,60.0,-600.0,3020.0,yonden
2018,4,2018-04-08,21:00,2910.0,0.0,3060.0,310.0,－－－－－－－－－－,10.0,0.0,0.0,30.0,0.0,0.0,-500.0,2910.0,yonden
2018,4,2018-04-08,22:00,2690.0,0.0,2940.0,240.0,－－－－－－－－－－,10.0,0.0,0.0,40.0,0.0,0.0,-540.0,2690.0,yonden
2018,4,2018-04-08,23:00,2570.0,0.0,2850.0,200.0,－－－－－－－－－－,10.0,0.0,0.0,40.0,0.0,0.0,-530.0,2570.0,yonden
2018,4,2018-04-09,00:00,2520.0,0.0,2710.0,200.0,－－－－－－－－－－,10.0,0.0,0.0,30.0,0.0,0.0,-430.0,2520.0,yonden
2018,4,2018-04-09,01:00,2630.0,0.0,2750.0,240.0,－－－－－－－－－－,10.0,0.0,0.0,20.0,0.0,0.0,-390.0,2630.0,yonden
2018,4,2018-04-09,02:00,2870.0,0.0,2940.0,390.0,－－－－－－－－－－,10.0,0.0,0.0,10.0,0.0,0.0,-480.0,2870.0,yonden
2018,4,2018-04-09,03:00,3070.0,0.0,2950.0,410.0,－－－－－－－－－－,10.0,0.0,0.0,20.0,0.0,90.0,-410.0,3070.0,yonden
2018,4,2018-04-09,04:00,3100.0,0.0,2890.0,420.0,－－－－－－－－－－,10.0,0.0,0.0,20.0,0.0,140.0,-380.0,3100.0,yonden
2018,4,2018-04-09,05:00,3030.0,0.0,2980.0,400.0,－－－－－－－－－－,10.0,0.0,0.0,20.0,0.0,20.0,-400.0,3030.0,yonden
2018,4,2018-04-09,06:00,3030.0,0.0,2960.0,390.0,－－－－－－－－－－,10.0,170.0,0.0,10.0,0.0,0.0,-510.0,3030.0,yonden
2018,4,2018-04-09,07:00,2880.0,0.0,2640.0,320.0,－－－－－－－－－－,10.0,510.0,0.0,20.0,0.0,0.0,-620.0,2880.0,yonden
2018,4,2018-04-09,08:00,3110.0,0.0,2530.0,300.0,－－－－－－－－－－,10.0,810.0,0.0,30.0,0.0,0.0,-570.0,3110.0,yonden
2018,4,2018-04-09,09:00,3220.0,0.0,2320.0,260.0,－－－－－－－－－－,10.0,1060.0,0.0,40.0,0.0,0.0,-470.0,3220.0,yonden
2018,4,2018-04-09,10:00,3200.0,0.0,2150.0,220.0,－－－－－－－－－－,10.0,1190.0,0.0,30.0,0.0,0.0,-400.0,3200.0,yonden
2018,4,2018-04-09,11:00,3200.0,0.0,2320.0,250.0,－－－－－－－－－－,10.0,1090.0,0.0,30.0,0.0,0.0,-500.0,3200.0,yonden
2018,4,2018-04-09,12:00,2970.0,0.0,2360.0,240.0,－－－－－－－－－－,10.0,1110.0,0.0,30.0,0.0,-300.0,-480.0,2970.0,yonden
2018,4,2018-04-09,13:00,3120.0,0.0,2250.0,210.0,－－－－－－－－－－,10.0,1190.0,0.0,30.0,0.0,0.0,-570.0,3120.0,yonden
2018,4,2018-04-09,14:00,3130.0,0.0,2200.0,240.0,－－－－－－－－－－,10.0,1140.0,0.0,30.0,0.0,0.0,-490.0,3130.0,yonden
2018,4,2018-04-09,15:00,3140.0,0.0,2450.0,260.0,－－－－－－－－－－,10.0,850.0,0.0,20.0,0.0,0.0,-450.0,3140.0,yonden
2018,4,2018-04-09,16:00,3150.0,0.0,2750.0,330.0,－－－－－－－－－－,10.0,490.0,0.0,10.0,0.0,0.0,-440.0,3150.0,yonden
2018,4,2018-04-09,17:00,3150.0,0.0,2890.0,480.0,－－－－－－－－－－,10.0,220.0,0.0,10.0,0.0,0.0,-460.0,3150.0,yonden
2018,4,2018-04-09,18:00,3230.0,0.0,2970.0,630.0,－－－－－－－－－－,10.0,10.0,0.0,10.0,0.0,30.0,-430.0,3230.0,yonden
2018,4,2018-04-09,19:00,3220.0,0.0,2920.0,580.0,－－－－－－－－－－,10.0,0.0,0.0,0.0,0.0,100.0,-390.0,3220.0,yonden
2018,4,2018-04-09,20:00,3100.0,0.0,2940.0,490.0,－－－－－－－－－－,10.0,0.0,0.0,10.0,0.0,0.0,-350.0,3100.0,yonden
2018,4,2018-04-09,21:00,2930.0,0.0,2830.0,430.0,－－－－－－－－－－,10.0,0.0,0.0,30.0,0.0,0.0,-370.0,2930.0,yonden
2018,4,2018-04-09,22:00,2720.0,0.0,2760.0,360.0,－－－－－－－－－－,10.0,0.0,0.0,30.0,0.0,0.0,-440.0,2720.0,yonden
2018,4,2018-04-09,23:00,2600.0,0.0,2630.0,290.0,－－－－－－－－－－,10.0,0.0,0.0,20.0,0.0,0.0,-350.0,2600.0,yonden
2018,4,2018-04-10,00:00,2520.0,0.0,2570.0,210.0,－－－－－－－－－－,10.0,0.0,0.0,20.0,0.0,0.0,-290.0,2520.0,yonden
2018,4,2018-04-10,01:00,2660.0,0.0,2700.0,220.0,－－－－－－－－－－,10.0,0.0,0.0,10.0,0.0,0.0,-280.0,2660.0,yonden
2018,4,2018-04-10,02:00,2940.0,0.0,2880.0,320.0,－－－－－－－－－－,10.0,0.0,0.0,20.0,0.0,0.0,-290.0,2940.0,yonden
2018,4,2018-04-10,03:00,3150.0,0.0,2920.0,460.0,－－－－－－－－－－,10.0,0.0,0.0,10.0,0.0,0.0,-250.0,3150.0,yonden
2018,4,2018-04-10,04:00,3190.0,0.0,2920.0,480.0,－－－－－－－－－－,10.0,0.0,0.0,10.0,0.0,0.0,-230.0,3190.0,yonden
2018,4,2018-04-10,05:00,3100.0,0.0,2860.0,410.0,－－－－－－－－－－,10.0,0.0,0.0,10.0,0.0,120.0,-310.0,3100.0,yonden
2018,4,2018-04-10,06:00,3060.0,0.0,2820.0,420.0,－－－－－－－－－－,10.0,180.0,0.0,0.0,0.0,20.0,-390.0,3060.0,yonden
2018,4,2018-04-10,07:00,2880.0,0.0,2480.0,330.0,－－－－－－－－－－,10.0,520.0,0.0,0.0,0.0,0.0,-460.0,2880.0,yonden
2018,4,2018-04-10,08:00,2980.0,0.0,2220.0,340.0,－－－－－－－－－－,10.0,890.0,0.0,0.0,0.0,0.0,-480.0,2980.0,yonden
2018,4,2018-04-10,09:00,3040.0,0.0,2160.0,300.0,－－－－－－－－－－,10.0,1230.0,0.0,0.0,0.0,-120.0,-540.0,3040.0,yonden
2018,4,2018-04-10,10:00,3010.0,0.0,2120.0,250.0,－－－－－－－－－－,10.0,1490.0,0.0,0.0,0.0,-300.0,-560.0,3010.0,yonden
2018,4,2018-04-10,11:00,3050.0,0.0,2240.0,240.0,－－－－－－－－－－,10.0,1610.0,0.0,10.0,0.0,-590.0,-470.0,3050.0,yonden
2018,4,2018-04-10,12:00,2900.0,0.0,2250.0,210.0,－－－－－－－－－－,10.0,1640.0,0.0,20.0,0.0,-590.0,-640.0,2900.0,yonden
2018,4,2018-04-10,13:00,3070.0,0.0,2150.0,190.0,－－－－－－－－－－,10.0,1570.0,0.0,40.0,0.0,-320.0,-570.0,3070.0,yonden
2018,4,2018-04-10,14:00,3080.0,0.0,2190.0,190.0,－－－－－－－－－－,10.0,1380.0,0.0,70.0,0.0,-300.0,-460.0,3080.0,yonden
2018,4,2018-04-10,15:00,3080.0,0.0,2200.0,210.0,－－－－－－－－－－,10.0,1050.0,0.0,90.0,0.0,-90.0,-390.0,3080.0,yonden
2018,4,2018-04-10,16:00,3160.0,0.0,2420.0,320.0,－－－－－－－－－－,10.0,660.0,0.0,90.0,0.0,0.0,-340.0,3160.0,yonden
2018,4,2018-04-10,17:00,3140.0,0.0,2620.0,510.0,－－－－－－－－－－,10.0,260.0,0.0,110.0,0.0,40.0,-410.0,3140.0,yonden
2018,4,2018-04-10,18:00,3180.0,0.0,2640.0,600.0,－－－－－－－－－－,10.0,10.0,0.0,110.0,0.0,240.0,-430.0,3180.0,yonden
2018,4,2018-04-10,19:00,3170.0,0.0,2620.0,600.0,－－－－－－－－－－,10.0,0.0,0.0,110.0,0.0,230.0,-400.0,3170.0,yonden
2018,4,2018-04-10,20:00,3040.0,0.0,2730.0,510.0,－－－－－－－－－－,10.0,0.0,0.0,100.0,0.0,20.0,-330.0,3040.0,yonden
2018,4,2018-04-10,21:00,2870.0,0.0,2710.0,410.0,－－－－－－－－－－,10.0,0.0,0.0,100.0,0.0,0.0,-360.0,2870.0,yonden
2018,4,2018-04-10,22:00,2670.0,0.0,2570.0,330.0,－－－－－－－－－－,10.0,0.0,0.0,110.0,0.0,0.0,-350.0,2670.0,yonden
2018,4,2018-04-10,23:00,2550.0,0.0,2560.0,290.0,－－－－－－－－－－,10.0,0.0,0.0,110.0,0.0,0.0,-420.0,2550.0,yonden
2018,4,2018-04-11,00:00,2480.0,0.0,2470.0,220.0,－－－－－－－－－－,10.0,0.0,0.0,100.0,0.0,0.0,-320.0,2480.0,yonden
2018,4,2018-04-11,01:00,2590.0,0.0,2530.0,230.0,－－－－－－－－－－,10.0,0.0,0.0,120.0,0.0,0.0,-300.0,2590.0,yonden
2018,4,2018-04-11,02:00,2860.0,0.0,2630.0,270.0,－－－－－－－－－－,10.0,0.0,0.0,120.0,0.0,0.0,-170.0,2860.0,yonden
2018,4,2018-04-11,03:00,3050.0,0.0,2570.0,390.0,－－－－－－－－－－,10.0,0.0,0.0,120.0,0.0,0.0,-40.0,3050.0,yonden
2018,4,2018-04-11,04:00,3070.0,0.0,2530.0,430.0,－－－－－－－－－－,10.0,0.0,0.0,100.0,0.0,0.0,0.0,3070.0,yonden
2018,4,2018-04-11,05:00,2960.0,0.0,2500.0,420.0,－－－－－－－－－－,10.0,0.0,0.0,90.0,0.0,0.0,-60.0,2960.0,yonden
2018,4,2018-04-11,06:00,2860.0,0.0,2520.0,370.0,－－－－－－－－－－,10.0,120.0,0.0,90.0,0.0,0.0,-250.0,2860.0,yonden
2018,4,2018-04-11,07:00,2790.0,0.0,2400.0,270.0,－－－－－－－－－－,10.0,350.0,0.0,90.0,0.0,0.0,-330.0,2790.0,yonden
2018,4,2018-04-11,08:00,2960.0,0.0,2370.0,270.0,－－－－－－－－－－,10.0,560.0,0.0,90.0,0.0,0.0,-340.0,2960.0,yonden
2018,4,2018-04-11,09:00,3060.0,0.0,2290.0,330.0,－－－－－－－－－－,10.0,820.0,0.0,90.0,0.0,-30.0,-450.0,3060.0,yonden
2018,4,2018-04-11,10:00,3090.0,0.0,2390.0,360.0,－－－－－－－－－－,10.0,880.0,0.0,80.0,0.0,-270.0,-360.0,3090.0,yonden
2018,4,2018-04-11,11:00,3120.0,0.0,2440.0,290.0,－－－－－－－－－－,10.0,660.0,0.0,80.0,0.0,0.0,-360.0,3120.0,yonden
2018,4,2018-04-11,12:00,2910.0,0.0,2410.0,220.0,－－－－－－－－－－,10.0,600.0,0.0,90.0,0.0,0.0,-420.0,2910.0,yonden
2018,4,2018-04-11,13:00,3130.0,0.0,2540.0,330.0,－－－－－－－－－－,10.0,470.0,0.0,80.0,0.0,0.0,-300.0,3130.0,yonden
2018,4,2018-04-11,14:00,3090.0,0.0,2540.0,280.0,－－－－－－－－－－,10.0,480.0,0.0,80.0,0.0,0.0,-300.0,3090.0,yonden
2018,4,2018-04-11,15:00,3080.0,0.0,2520.0,330.0,－－－－－－－－－－,10.0,380.0,0.0,80.0,0.0,0.0,-240.0,3080.0,yonden
2018,4,2018-04-11,16:00,3130.0,0.0,2630.0,430.0,－－－－－－－－－－,10.0,190.0,0.0,70.0,0.0,0.0,-200.0,3130.0,yonden
2018,4,2018-04-11,17:00,3120.0,0.0,2720.0,500.0,－－－－－－－－－－,10.0,80.0,0.0,50.0,0.0,20.0,-260.0,3120.0,yonden
2018,4,2018-04-11,18:00,3160.0,0.0,2630.0,530.0,－－－－－－－－－－,10.0,10.0,0.0,60.0,0.0,150.0,-230.0,3160.0,yonden
2018,4,2018-04-11,19:00,3100.0,0.0,2570.0,560.0,－－－－－－－－－－,10.0,0.0,0.0,60.0,0.0,160.0,-260.0,3100.0,yonden
2018,4,2018-04-11,20:00,2970.0,0.0,2540.0,470.0,－－－－－－－－－－,10.0,0.0,0.0,40.0,0.0,150.0,-240.0,2970.0,yonden
2018,4,2018-04-11,21:00,2800.0,0.0,2550.0,400.0,－－－－－－－－－－,10.0,0.0,0.0,30.0,0.0,30.0,-220.0,2800.0,yonden
2018,4,2018-04-11,22:00,2600.0,0.0,2530.0,350.0,－－－－－－－－－－,10.0,0.0,0.0,10.0,0.0,0.0,-300.0,2600.0,yonden
2018,4,2018-04-11,23:00,2480.0,0.0,2490.0,260.0,－－－－－－－－－－,10.0,0.0,0.0,20.0,0.0,0.0,-300.0,2480.0,yonden
2018,4,2018-04-12,00:00,2390.0,0.0,2520.0,230.0,－－－－－－－－－－,10.0,0.0,0.0,20.0,0.0,0.0,-390.0,2390.0,yonden
2018,4,2018-04-12,01:00,2470.0,0.0,2510.0,250.0,－－－－－－－－－－,10.0,0.0,0.0,40.0,0.0,0.0,-340.0,2470.0,yonden
2018,4,2018-04-12,02:00,2710.0,0.0,2590.0,350.0,－－－－－－－－－－,10.0,0.0,0.0,50.0,0.0,0.0,-290.0,2710.0,yonden
2018,4,2018-04-12,03:00,2920.0,0.0,2610.0,390.0,－－－－－－－－－－,10.0,0.0,0.0,60.0,0.0,0.0,-150.0,2920.0,yonden
2018,4,2018-04-12,04:00,2950.0,0.0,2630.0,430.0,－－－－－－－－－－,10.0,0.0,0.0,60.0,0.0,0.0,-180.0,2950.0,yonden
2018,4,2018-04-12,05:00,2830.0,0.0,2570.0,420.0,－－－－－－－－－－,10.0,0.0,0.0,90.0,0.0,0.0,-260.0,2830.0,yonden
2018,4,2018-04-12,06:00,2710.0,0.0,2450.0,350.0,－－－－－－－－－－,10.0,140.0,0.0,100.0,0.0,0.0,-340.0,2710.0,yonden
2018,4,2018-04-12,07:00,2640.0,0.0,2210.0,240.0,－－－－－－－－－－,10.0,450.0,0.0,100.0,0.0,0.0,-370.0,2640.0,yonden
2018,4,2018-04-12,08:00,2870.0,0.0,2160.0,250.0,－－－－－－－－－－,10.0,720.0,0.0,80.0,0.0,0.0,-350.0,2870.0,yonden
2018,4,2018-04-12,09:00,2960.0,0.0,2020.0,230.0,－－－－－－－－－－,10.0,1120.0,0.0,70.0,0.0,-50.0,-440.0,2960.0,yonden
2018,4,2018-04-12,10:00,2980.0,0.0,1940.0,200.0,－－－－－－－－－－,10.0,1460.0,0.0,80.0,0.0,-300.0,-410.0,2980.0,yonden
2018,4,2018-04-12,11:00,3020.0,0.0,2050.0,220.0,－－－－－－－－－－,10.0,1600.0,0.0,70.0,0.0,-450.0,-480.0,3020.0,yonden
2018,4,2018-04-12,12:00,2860.0,0.0,2100.0,180.0,－－－－－－－－－－,10.0,1590.0,0.0,70.0,0.0,-580.0,-510.0,2860.0,yonden
2018,4,2018-04-12,13:00,3060.0,0.0,2160.0,170.0,－－－－－－－－－－,10.0,1490.0,0.0,60.0,0.0,-330.0,-500.0,3060.0,yonden
2018,4,2018-04-12,14:00,3090.0,0.0,2210.0,190.0,－－－－－－－－－－,10.0,1190.0,0.0,50.0,0.0,-40.0,-520.0,3090.0,yonden
2018,4,2018-04-12,15:00,3040.0,0.0,2310.0,210.0,－－－－－－－－－－,10.0,850.0,0.0,40.0,0.0,0.0,-380.0,3040.0,yonden
2018,4,2018-04-12,16:00,3090.0,0.0,2380.0,380.0,－－－－－－－－－－,10.0,560.0,0.0,60.0,0.0,0.0,-300.0,3090.0,yonden
2018,4,2018-04-12,17:00,3060.0,0.0,2510.0,500.0,－－－－－－－－－－,10.0,220.0,0.0,60.0,0.0,30.0,-270.0,3060.0,yonden
2018,4,2018-04-12,18:00,3130.0,0.0,2550.0,550.0,－－－－－－－－－－,10.0,10.0,0.0,60.0,0.0,300.0,-350.0,3130.0,yonden
2018,4,2018-04-12,19:00,3090.0,0.0,2540.0,540.0,－－－－－－－－－－,10.0,0.0,0.0,60.0,0.0,280.0,-340.0,3090.0,yonden
2018,4,2018-04-12,20:00,2940.0,0.0,2540.0,390.0,－－－－－－－－－－,10.0,0.0,0.0,50.0,0.0,230.0,-280.0,2940.0,yonden
2018,4,2018-04-12,21:00,2790.0,0.0,2540.0,310.0,－－－－－－－－－－,10.0,0.0,0.0,50.0,0.0,150.0,-270.0,2790.0,yonden
2018,4,2018-04-12,22:00,2620.0,0.0,2590.0,290.0,－－－－－－－－－－,10.0,0.0,0.0,50.0,0.0,0.0,-320.0,2620.0,yonden
2018,4,2018-04-12,23:00,2550.0,0.0,2580.0,250.0,－－－－－－－－－－,10.0,0.0,0.0,50.0,0.0,0.0,-340.0,2550.0,yonden
2018,4,2018-04-13,00:00,2490.0,0.0,2550.0,180.0,－－－－－－－－－－,10.0,0.0,0.0,60.0,0.0,0.0,-310.0,2490.0,yonden
2018,4,2018-04-13,01:00,2540.0,0.0,2540.0,180.0,－－－－－－－－－－,10.0,0.0,0.0,80.0,0.0,0.0,-270.0,2540.0,yonden
2018,4,2018-04-13,02:00,2780.0,0.0,2540.0,290.0,－－－－－－－－－－,10.0,0.0,0.0,100.0,0.0,0.0,-160.0,2780.0,yonden
2018,4,2018-04-13,03:00,3000.0,0.0,2610.0,430.0,－－－－－－－－－－,10.0,0.0,0.0,90.0,0.0,0.0,-140.0,3000.0,yonden
2018,4,2018-04-13,04:00,3070.0,0.0,2610.0,450.0,－－－－－－－－－－,10.0,0.0,0.0,80.0,0.0,0.0,-80.0,3070.0,yonden
2018,4,2018-04-13,05:00,2970.0,0.0,2570.0,400.0,－－－－－－－－－－,10.0,0.0,0.0,80.0,0.0,0.0,-90.0,2970.0,yonden
2018,4,2018-04-13,06:00,2820.0,0.0,2440.0,360.0,－－－－－－－－－－,10.0,180.0,0.0,60.0,0.0,0.0,-230.0,2820.0,yonden
2018,4,2018-04-13,07:00,2670.0,0.0,2180.0,320.0,－－－－－－－－－－,10.0,480.0,0.0,50.0,0.0,0.0,-370.0,2670.0,yonden
2018,4,2018-04-13,08:00,2890.0,0.0,2050.0,300.0,－－－－－－－－－－,10.0,880.0,0.0,40.0,0.0,0.0,-390.0,2890.0,yonden
2018,4,2018-04-13,09:00,2980.0,0.0,2000.0,260.0,－－－－－－－－－－,10.0,1330.0,0.0,30.0,0.0,-240.0,-410.0,2980.0,yonden
2018,4,2018-04-13,10:00,3010.0,0.0,2140.0,220.0,－－－－－－－－－－,10.0,1560.0,0.0,30.0,0.0,-570.0,-380.0,3010.0,yonden
2018,4,2018-04-13,11:00,3010.0,0.0,1990.0,210.0,－－－－－－－－－－,10.0,1640.0,0.0,50.0,0.0,-580.0,-310.0,3010.0,yonden
2018,4,2018-04-13,12:00,2840.0,0.0,1930.0,180.0,－－－－－－－－－－,10.0,1640.0,0.0,70.0,0.0,-580.0,-410.0,2840.0,yonden
2018,4,2018-04-13,13:00,3020.0,0.0,1810.0,180.0,－－－－－－－－－－,10.0,1570.0,0.0,70.0,0.0,-210.0,-410.0,3020.0,yonden
2018,4,2018-04-13,14:00,3040.0,0.0,1770.0,180.0,－－－－－－－－－－,10.0,1400.0,0.0,60.0,0.0,0.0,-380.0,3040.0,yonden
2018,4,2018-04-13,15:00,3050.0,0.0,2010.0,220.0,－－－－－－－－－－,10.0,1110.0,0.0,60.0,0.0,0.0,-360.0,3050.0,yonden
2018,4,2018-04-13,16:00,3130.0,0.0,2390.0,310.0,－－－－－－－－－－,10.0,720.0,0.0,50.0,0.0,0.0,-350.0,3130.0,yonden
2018,4,2018-04-13,17:00,3090.0,0.0,2620.0,480.0,－－－－－－－－－－,10.0,310.0,0.0,30.0,0.0,40.0,-400.0,3090.0,yonden
2018,4,2018-04-13,18:00,3080.0,0.0,2650.0,540.0,－－－－－－－－－－,10.0,20.0,0.0,20.0,0.0,280.0,-440.0,3080.0,yonden
2018,4,2018-04-13,19:00,3080.0,0.0,2670.0,550.0,－－－－－－－－－－,10.0,0.0,0.0,30.0,0.0,230.0,-410.0,3080.0,yonden
2018,4,2018-04-13,20:00,2940.0,0.0,2640.0,360.0,－－－－－－－－－－,10.0,0.0,0.0,50.0,0.0,240.0,-360.0,2940.0,yonden
2018,4,2018-04-13,21:00,2790.0,0.0,2640.0,280.0,－－－－－－－－－－,10.0,0.0,0.0,50.0,0.0,190.0,-380.0,2790.0,yonden
2018,4,2018-04-13,22:00,2620.0,0.0,2620.0,200.0,－－－－－－－－－－,10.0,0.0,0.0,40.0,0.0,140.0,-390.0,2620.0,yonden
2018,4,2018-04-13,23:00,2510.0,0.0,2600.0,190.0,－－－－－－－－－－,10.0,0.0,0.0,60.0,0.0,50.0,-400.0,2510.0,yonden
2018,4,2018-04-14,00:00,2410.0,0.0,2560.0,150.0,－－－－－－－－－－,10.0,0.0,0.0,60.0,0.0,0.0,-370.0,2410.0,yonden
2018,4,2018-04-14,01:00,2450.0,0.0,2480.0,160.0,－－－－－－－－－－,10.0,0.0,0.0,80.0,0.0,70.0,-350.0,2450.0,yonden
2018,4,2018-04-14,02:00,2690.0,0.0,2460.0,210.0,－－－－－－－－－－,10.0,0.0,0.0,100.0,0.0,190.0,-280.0,2690.0,yonden
2018,4,2018-04-14,03:00,2890.0,0.0,2430.0,270.0,－－－－－－－－－－,10.0,0.0,0.0,110.0,0.0,200.0,-130.0,2890.0,yonden
2018,4,2018-04-14,04:00,2920.0,0.0,2400.0,290.0,－－－－－－－－－－,10.0,0.0,0.0,120.0,0.0,200.0,-100.0,2920.0,yonden
2018,4,2018-04-14,05:00,2790.0,0.0,2420.0,260.0,－－－－－－－－－－,10.0,0.0,0.0,120.0,0.0,90.0,-110.0,2790.0,yonden
2018,4,2018-04-14,06:00,2570.0,0.0,2420.0,200.0,－－－－－－－－－－,10.0,110.0,0.0,120.0,0.0,0.0,-290.0,2570.0,yonden
2018,4,2018-04-14,07:00,2440.0,0.0,2230.0,160.0,－－－－－－－－－－,10.0,370.0,0.0,110.0,0.0,0.0,-440.0,2440.0,yonden
2018,4,2018-04-14,08:00,2590.0,0.0,2160.0,150.0,－－－－－－－－－－,10.0,650.0,0.0,120.0,0.0,0.0,-500.0,2590.0,yonden
2018,4,2018-04-14,09:00,2670.0,0.0,2250.0,190.0,－－－－－－－－－－,10.0,870.0,0.0,120.0,0.0,-200.0,-570.0,2670.0,yonden
2018,4,2018-04-14,10:00,2680.0,0.0,2270.0,160.0,－－－－－－－－－－,10.0,1020.0,0.0,130.0,0.0,-300.0,-610.0,2680.0,yonden
2018,4,2018-04-14,11:00,2710.0,0.0,2370.0,150.0,－－－－－－－－－－,10.0,870.0,0.0,130.0,0.0,-300.0,-520.0,2710.0,yonden
2018,4,2018-04-14,12:00,2650.0,0.0,2320.0,150.0,－－－－－－－－－－,10.0,660.0,0.0,130.0,0.0,-100.0,-520.0,2650.0,yonden
2018,4,2018-04-14,13:00,2730.0,0.0,2510.0,170.0,－－－－－－－－－－,10.0,360.0,0.0,130.0,0.0,0.0,-450.0,2730.0,yonden
2018,4,2018-04-14,14:00,2680.0,0.0,2520.0,230.0,－－－－－－－－－－,10.0,220.0,0.0,130.0,0.0,0.0,-430.0,2680.0,yonden
2018,4,2018-04-14,15:00,2760.0,0.0,2580.0,300.0,－－－－－－－－－－,10.0,140.0,0.0,130.0,0.0,40.0,-440.0,2760.0,yonden
2018,4,2018-04-14,16:00,2860.0,0.0,2610.0,290.0,－－－－－－－－－－,10.0,80.0,0.0,110.0,0.0,200.0,-440.0,2860.0,yonden
2018,4,2018-04-14,17:00,2910.0,0.0,2560.0,330.0,－－－－－－－－－－,10.0,40.0,0.0,110.0,0.0,290.0,-430.0,2910.0,yonden
2018,4,2018-04-14,18:00,2960.0,0.0,2600.0,400.0,－－－－－－－－－－,10.0,0.0,0.0,110.0,0.0,270.0,-430.0,2960.0,yonden
2018,4,2018-04-14,19:00,2940.0,0.0,2610.0,400.0,－－－－－－－－－－,10.0,0.0,0.0,110.0,0.0,240.0,-430.0,2940.0,yonden
2018,4,2018-04-14,20:00,2780.0,0.0,2550.0,350.0,－－－－－－－－－－,10.0,0.0,0.0,110.0,0.0,140.0,-380.0,2780.0,yonden
2018,4,2018-04-14,21:00,2630.0,0.0,2600.0,300.0,－－－－－－－－－－,10.0,0.0,0.0,120.0,0.0,20.0,-420.0,2630.0,yonden
2018,4,2018-04-14,22:00,2440.0,0.0,2400.0,300.0,－－－－－－－－－－,10.0,0.0,0.0,100.0,0.0,0.0,-370.0,2440.0,yonden
2018,4,2018-04-14,23:00,2360.0,0.0,2390.0,300.0,－－－－－－－－－－,10.0,0.0,0.0,60.0,0.0,0.0,-400.0,2360.0,yonden
2018,4,2018-04-15,00:00,2290.0,0.0,2350.0,350.0,－－－－－－－－－－,10.0,0.0,0.0,80.0,0.0,0.0,-500.0,2290.0,yonden
2018,4,2018-04-15,01:00,2360.0,0.0,2290.0,400.0,－－－－－－－－－－,10.0,0.0,0.0,80.0,0.0,0.0,-420.0,2360.0,yonden
2018,4,2018-04-15,02:00,2570.0,0.0,2460.0,460.0,－－－－－－－－－－,10.0,0.0,0.0,70.0,0.0,0.0,-430.0,2570.0,yonden
2018,4,2018-04-15,03:00,2760.0,0.0,2440.0,490.0,－－－－－－－－－－,10.0,0.0,0.0,70.0,0.0,180.0,-430.0,2760.0,yonden
2018,4,2018-04-15,04:00,2780.0,0.0,2410.0,460.0,－－－－－－－－－－,10.0,0.0,0.0,90.0,0.0,250.0,-440.0,2780.0,yonden
2018,4,2018-04-15,05:00,2610.0,0.0,2360.0,470.0,－－－－－－－－－－,10.0,0.0,0.0,100.0,0.0,110.0,-440.0,2610.0,yonden
2018,4,2018-04-15,06:00,2350.0,0.0,2240.0,490.0,－－－－－－－－－－,10.0,70.0,0.0,100.0,0.0,0.0,-560.0,2350.0,yonden
2018,4,2018-04-15,07:00,2260.0,0.0,2110.0,490.0,－－－－－－－－－－,10.0,100.0,0.0,120.0,0.0,0.0,-570.0,2260.0,yonden
2018,4,2018-04-15,08:00,2350.0,0.0,2200.0,460.0,－－－－－－－－－－,10.0,190.0,0.0,130.0,0.0,0.0,-640.0,2350.0,yonden
2018,4,2018-04-15,09:00,2380.0,0.0,2150.0,480.0,－－－－－－－－－－,10.0,370.0,0.0,140.0,0.0,0.0,-770.0,2380.0,yonden
2018,4,2018-04-15,10:00,2390.0,0.0,2230.0,500.0,－－－－－－－－－－,10.0,560.0,0.0,140.0,0.0,0.0,-1050.0,2390.0,yonden
2018,4,2018-04-15,11:00,2330.0,0.0,2160.0,470.0,－－－－－－－－－－,10.0,830.0,0.0,140.0,0.0,-50.0,-1230.0,2330.0,yonden
2018,4,2018-04-15,12:00,2320.0,0.0,2160.0,490.0,－－－－－－－－－－,10.0,1080.0,0.0,140.0,0.0,-310.0,-1250.0,2320.0,yonden
2018,4,2018-04-15,13:00,2260.0,0.0,2030.0,430.0,－－－－－－－－－－,10.0,1100.0,0.0,140.0,0.0,-310.0,-1140.0,2260.0,yonden
2018,4,2018-04-15,14:00,2230.0,0.0,2010.0,440.0,－－－－－－－－－－,10.0,1010.0,0.0,130.0,0.0,-300.0,-1070.0,2230.0,yonden
2018,4,2018-04-15,15:00,2290.0,0.0,1970.0,430.0,－－－－－－－－－－,10.0,870.0,0.0,120.0,0.0,-300.0,-810.0,2290.0,yonden
2018,4,2018-04-15,16:00,2370.0,0.0,2030.0,470.0,－－－－－－－－－－,10.0,580.0,0.0,120.0,0.0,-250.0,-590.0,2370.0,yonden
2018,4,2018-04-15,17:00,2540.0,0.0,2190.0,540.0,－－－－－－－－－－,10.0,250.0,0.0,120.0,0.0,0.0,-570.0,2540.0,yonden
2018,4,2018-04-15,18:00,2670.0,0.0,2500.0,590.0,－－－－－－－－－－,10.0,20.0,0.0,100.0,0.0,10.0,-560.0,2670.0,yonden
2018,4,2018-04-15,19:00,2760.0,0.0,2520.0,560.0,－－－－－－－－－－,10.0,0.0,0.0,90.0,0.0,150.0,-570.0,2760.0,yonden
2018,4,2018-04-15,20:00,2710.0,0.0,2580.0,460.0,－－－－－－－－－－,10.0,0.0,0.0,80.0,0.0,130.0,-550.0,2710.0,yonden
2018,4,2018-04-15,21:00,2590.0,0.0,2560.0,460.0,－－－－－－－－－－,10.0,0.0,0.0,90.0,0.0,0.0,-530.0,2590.0,yonden
2018,4,2018-04-15,22:00,2410.0,0.0,2320.0,410.0,－－－－－－－－－－,10.0,0.0,0.0,110.0,0.0,0.0,-440.0,2410.0,yonden
2018,4,2018-04-15,23:00,2340.0,0.0,2360.0,410.0,－－－－－－－－－－,10.0,0.0,0.0,110.0,0.0,0.0,-550.0,2340.0,yonden
2018,4,2018-04-16,00:00,2270.0,0.0,2330.0,410.0,－－－－－－－－－－,10.0,0.0,0.0,110.0,0.0,0.0,-590.0,2270.0,yonden
2018,4,2018-04-16,01:00,2370.0,0.0,2480.0,390.0,－－－－－－－－－－,10.0,0.0,0.0,90.0,0.0,0.0,-600.0,2370.0,yonden
2018,4,2018-04-16,02:00,2610.0,0.0,2720.0,400.0,－－－－－－－－－－,10.0,0.0,0.0,70.0,0.0,0.0,-590.0,2610.0,yonden
2018,4,2018-04-16,03:00,2850.0,0.0,2920.0,480.0,－－－－－－－－－－,10.0,0.0,0.0,40.0,0.0,0.0,-600.0,2850.0,yonden
2018,4,2018-04-16,04:00,2930.0,0.0,2940.0,560.0,－－－－－－－－－－,10.0,0.0,0.0,30.0,0.0,0.0,-610.0,2930.0,yonden
2018,4,2018-04-16,05:00,2870.0,0.0,2790.0,530.0,－－－－－－－－－－,10.0,10.0,0.0,40.0,0.0,0.0,-510.0,2870.0,yonden
2018,4,2018-04-16,06:00,2730.0,0.0,2630.0,460.0,－－－－－－－－－－,10.0,200.0,0.0,30.0,0.0,0.0,-600.0,2730.0,yonden
2018,4,2018-04-16,07:00,2580.0,0.0,2320.0,410.0,－－－－－－－－－－,10.0,550.0,0.0,20.0,0.0,0.0,-730.0,2580.0,yonden
2018,4,2018-04-16,08:00,2820.0,0.0,2350.0,420.0,－－－－－－－－－－,0.0,950.0,0.0,10.0,0.0,-300.0,-610.0,2820.0,yonden
2018,4,2018-04-16,09:00,2970.0,0.0,2340.0,440.0,－－－－－－－－－－,0.0,1320.0,0.0,10.0,0.0,-450.0,-690.0,2970.0,yonden
2018,4,2018-04-16,10:00,2990.0,0.0,2330.0,400.0,－－－－－－－－－－,0.0,1560.0,0.0,10.0,0.0,-590.0,-720.0,2990.0,yonden
2018,4,2018-04-16,11:00,3020.0,0.0,2390.0,370.0,－－－－－－－－－－,0.0,1650.0,0.0,10.0,0.0,-590.0,-810.0,3020.0,yonden
2018,4,2018-04-16,12:00,2860.0,0.0,2260.0,360.0,－－－－－－－－－－,0.0,1640.0,0.0,20.0,0.0,-560.0,-860.0,2860.0,yonden
2018,4,2018-04-16,13:00,3040.0,0.0,2040.0,370.0,－－－－－－－－－－,0.0,1580.0,0.0,20.0,0.0,-290.0,-680.0,3040.0,yonden
2018,4,2018-04-16,14:00,3050.0,0.0,2200.0,370.0,－－－－－－－－－－,0.0,1390.0,0.0,20.0,0.0,-290.0,-640.0,3050.0,yonden
2018,4,2018-04-16,15:00,3050.0,0.0,2220.0,430.0,－－－－－－－－－－,0.0,1020.0,0.0,10.0,0.0,-100.0,-530.0,3050.0,yonden
2018,4,2018-04-16,16:00,3080.0,0.0,2530.0,530.0,－－－－－－－－－－,0.0,510.0,0.0,10.0,0.0,0.0,-500.0,3080.0,yonden
2018,4,2018-04-16,17:00,3020.0,0.0,2720.0,530.0,－－－－－－－－－－,0.0,170.0,0.0,10.0,0.0,90.0,-500.0,3020.0,yonden
2018,4,2018-04-16,18:00,3120.0,0.0,2740.0,580.0,－－－－－－－－－－,0.0,10.0,0.0,20.0,0.0,300.0,-530.0,3120.0,yonden
2018,4,2018-04-16,19:00,3110.0,0.0,2770.0,570.0,－－－－－－－－－－,0.0,0.0,0.0,10.0,0.0,300.0,-540.0,3110.0,yonden
2018,4,2018-04-16,20:00,2980.0,0.0,2710.0,470.0,－－－－－－－－－－,0.0,0.0,0.0,10.0,0.0,290.0,-500.0,2980.0,yonden
2018,4,2018-04-16,21:00,2810.0,0.0,2660.0,420.0,－－－－－－－－－－,0.0,0.0,0.0,10.0,0.0,250.0,-530.0,2810.0,yonden
2018,4,2018-04-16,22:00,2600.0,0.0,2690.0,380.0,－－－－－－－－－－,0.0,0.0,0.0,20.0,0.0,190.0,-680.0,2600.0,yonden
2018,4,2018-04-16,23:00,2490.0,0.0,2760.0,330.0,－－－－－－－－－－,0.0,0.0,0.0,20.0,0.0,10.0,-630.0,2490.0,yonden
2018,4,2018-04-17,00:00,2400.0,0.0,2670.0,280.0,－－－－－－－－－－,0.0,0.0,0.0,10.0,0.0,0.0,-560.0,2400.0,yonden
2018,4,2018-04-17,01:00,2460.0,0.0,2610.0,330.0,－－－－－－－－－－,0.0,0.0,0.0,10.0,0.0,0.0,-490.0,2460.0,yonden
2018,4,2018-04-17,02:00,2690.0,0.0,2630.0,450.0,－－－－－－－－－－,0.0,0.0,0.0,10.0,0.0,0.0,-400.0,2690.0,yonden
2018,4,2018-04-17,03:00,2920.0,0.0,2700.0,530.0,－－－－－－－－－－,0.0,0.0,0.0,10.0,0.0,0.0,-320.0,2920.0,yonden
2018,4,2018-04-17,04:00,2980.0,0.0,2720.0,540.0,－－－－－－－－－－,0.0,0.0,0.0,10.0,0.0,0.0,-290.0,2980.0,yonden
2018,4,2018-04-17,05:00,2900.0,0.0,2690.0,480.0,－－－－－－－－－－,0.0,10.0,0.0,10.0,0.0,0.0,-290.0,2900.0,yonden
2018,4,2018-04-17,06:00,2790.0,0.0,2620.0,410.0,－－－－－－－－－－,0.0,100.0,0.0,10.0,0.0,0.0,-350.0,2790.0,yonden
2018,4,2018-04-17,07:00,2700.0,0.0,2520.0,340.0,－－－－－－－－－－,0.0,240.0,0.0,10.0,0.0,0.0,-410.0,2700.0,yonden
2018,4,2018-04-17,08:00,2970.0,0.0,2550.0,350.0,－－－－－－－－－－,0.0,400.0,0.0,10.0,0.0,0.0,-340.0,2970.0,yonden
2018,4,2018-04-17,09:00,3100.0,0.0,2680.0,330.0,－－－－－－－－－－,0.0,470.0,0.0,10.0,0.0,0.0,-390.0,3100.0,yonden
2018,4,2018-04-17,10:00,3070.0,0.0,2630.0,320.0,－－－－－－－－－－,0.0,580.0,0.0,0.0,0.0,0.0,-460.0,3070.0,yonden
2018,4,2018-04-17,11:00,3120.0,0.0,2710.0,320.0,－－－－－－－－－－,0.0,600.0,0.0,10.0,0.0,0.0,-520.0,3120.0,yonden
2018,4,2018-04-17,12:00,2940.0,0.0,2770.0,310.0,－－－－－－－－－－,0.0,370.0,0.0,10.0,0.0,0.0,-520.0,2940.0,yonden
2018,4,2018-04-17,13:00,3130.0,0.0,2900.0,360.0,－－－－－－－－－－,0.0,260.0,0.0,20.0,0.0,0.0,-410.0,3130.0,yonden
2018,4,2018-04-17,14:00,3130.0,0.0,2890.0,380.0,－－－－－－－－－－,0.0,190.0,0.0,30.0,0.0,0.0,-360.0,3130.0,yonden
2018,4,2018-04-17,15:00,3090.0,0.0,2970.0,380.0,－－－－－－－－－－,0.0,150.0,0.0,30.0,0.0,100.0,-540.0,3090.0,yonden
2018,4,2018-04-17,16:00,3180.0,0.0,3030.0,440.0,－－－－－－－－－－,0.0,90.0,0.0,50.0,0.0,300.0,-730.0,3180.0,yonden
2018,4,2018-04-17,17:00,3220.0,0.0,3060.0,530.0,－－－－－－－－－－,0.0,40.0,0.0,50.0,0.0,290.0,-750.0,3220.0,yonden
2018,4,2018-04-17,18:00,3280.0,0.0,3110.0,600.0,－－－－－－－－－－,0.0,0.0,0.0,40.0,0.0,300.0,-770.0,3280.0,yonden
2018,4,2018-04-17,19:00,3220.0,0.0,3040.0,600.0,－－－－－－－－－－,0.0,0.0,0.0,40.0,0.0,230.0,-690.0,3220.0,yonden
2018,4,2018-04-17,20:00,3080.0,0.0,2990.0,520.0,－－－－－－－－－－,0.0,0.0,0.0,40.0,0.0,120.0,-590.0,3080.0,yonden
2018,4,2018-04-17,21:00,2880.0,0.0,2840.0,500.0,－－－－－－－－－－,10.0,0.0,0.0,40.0,0.0,0.0,-510.0,2880.0,yonden
2018,4,2018-04-17,22:00,2700.0,0.0,2900.0,370.0,－－－－－－－－－－,10.0,0.0,0.0,20.0,0.0,0.0,-600.0,2700.0,yonden
2018,4,2018-04-17,23:00,2610.0,0.0,2790.0,350.0,－－－－－－－－－－,10.0,0.0,0.0,20.0,0.0,0.0,-560.0,2610.0,yonden
2018,4,2018-04-18,00:00,2510.0,0.0,2760.0,290.0,－－－－－－－－－－,10.0,0.0,0.0,20.0,0.0,0.0,-570.0,2510.0,yonden
2018,4,2018-04-18,01:00,2570.0,0.0,2770.0,310.0,－－－－－－－－－－,10.0,0.0,0.0,30.0,0.0,0.0,-550.0,2570.0,yonden
2018,4,2018-04-18,02:00,2810.0,0.0,2880.0,440.0,－－－－－－－－－－,10.0,0.0,0.0,40.0,0.0,40.0,-600.0,2810.0,yonden
2018,4,2018-04-18,03:00,3020.0,0.0,2840.0,500.0,－－－－－－－－－－,10.0,0.0,0.0,60.0,0.0,150.0,-540.0,3020.0,yonden
2018,4,2018-04-18,04:00,3080.0,0.0,2870.0,520.0,－－－－－－－－－－,10.0,0.0,0.0,60.0,0.0,230.0,-610.0,3080.0,yonden
2018,4,2018-04-18,05:00,2990.0,0.0,2910.0,500.0,－－－－－－－－－－,10.0,10.0,0.0,60.0,0.0,90.0,-590.0,2990.0,yonden
2018,4,2018-04-18,06:00,2820.0,0.0,2680.0,450.0,－－－－－－－－－－,10.0,200.0,0.0,70.0,0.0,0.0,-590.0,2820.0,yonden
2018,4,2018-04-18,07:00,2660.0,0.0,2330.0,280.0,－－－－－－－－－－,10.0,540.0,0.0,50.0,0.0,0.0,-550.0,2660.0,yonden
2018,4,2018-04-18,08:00,2850.0,0.0,2140.0,250.0,－－－－－－－－－－,10.0,990.0,0.0,50.0,0.0,0.0,-590.0,2850.0,yonden
2018,4,2018-04-18,09:00,2990.0,0.0,2200.0,270.0,－－－－－－－－－－,10.0,1350.0,0.0,40.0,0.0,-300.0,-580.0,2990.0,yonden
2018,4,2018-04-18,10:00,3010.0,0.0,2320.0,290.0,－－－－－－－－－－,10.0,1560.0,0.0,30.0,0.0,-600.0,-600.0,3010.0,yonden
2018,4,2018-04-18,11:00,3040.0,0.0,2310.0,240.0,－－－－－－－－－－,10.0,1650.0,0.0,20.0,0.0,-500.0,-690.0,3040.0,yonden
2018,4,2018-04-18,12:00,2840.0,0.0,2000.0,200.0,－－－－－－－－－－,10.0,1660.0,0.0,20.0,0.0,-300.0,-750.0,2840.0,yonden
2018,4,2018-04-18,13:00,3050.0,0.0,2130.0,210.0,－－－－－－－－－－,10.0,1610.0,0.0,10.0,0.0,-300.0,-620.0,3050.0,yonden
2018,4,2018-04-18,14:00,3060.0,0.0,2190.0,250.0,－－－－－－－－－－,10.0,1430.0,0.0,20.0,0.0,-300.0,-540.0,3060.0,yonden
2018,4,2018-04-18,15:00,3050.0,0.0,2300.0,270.0,－－－－－－－－－－,10.0,1130.0,0.0,20.0,0.0,-170.0,-510.0,3050.0,yonden
2018,4,2018-04-18,16:00,3140.0,0.0,2500.0,380.0,－－－－－－－－－－,10.0,740.0,0.0,20.0,0.0,0.0,-510.0,3140.0,yonden
2018,4,2018-04-18,17:00,3110.0,0.0,2710.0,500.0,－－－－－－－－－－,10.0,320.0,0.0,20.0,0.0,90.0,-540.0,3110.0,yonden
2018,4,2018-04-18,18:00,3100.0,0.0,2840.0,540.0,－－－－－－－－－－,10.0,20.0,0.0,10.0,0.0,270.0,-590.0,3100.0,yonden
2018,4,2018-04-18,19:00,3100.0,0.0,2800.0,590.0,－－－－－－－－－－,10.0,0.0,0.0,10.0,0.0,310.0,-620.0,3100.0,yonden
2018,4,2018-04-18,20:00,2970.0,0.0,2740.0,510.0,－－－－－－－－－－,10.0,0.0,0.0,10.0,0.0,300.0,-600.0,2970.0,yonden
2018,4,2018-04-18,21:00,2800.0,0.0,2810.0,440.0,－－－－－－－－－－,10.0,0.0,0.0,20.0,0.0,130.0,-610.0,2800.0,yonden
2018,4,2018-04-18,22:00,2600.0,0.0,2800.0,340.0,－－－－－－－－－－,10.0,0.0,0.0,10.0,0.0,0.0,-560.0,2600.0,yonden
2018,4,2018-04-18,23:00,2490.0,0.0,2710.0,290.0,－－－－－－－－－－,10.0,0.0,0.0,10.0,0.0,0.0,-530.0,2490.0,yonden
2018,4,2018-04-19,00:00,2390.0,0.0,2580.0,220.0,－－－－－－－－－－,10.0,0.0,0.0,10.0,0.0,0.0,-430.0,2390.0,yonden
2018,4,2018-04-19,01:00,2460.0,0.0,2600.0,230.0,－－－－－－－－－－,10.0,0.0,0.0,0.0,0.0,0.0,-380.0,2460.0,yonden
2018,4,2018-04-19,02:00,2690.0,0.0,2630.0,370.0,－－－－－－－－－－,10.0,0.0,0.0,0.0,0.0,130.0,-450.0,2690.0,yonden
2018,4,2018-04-19,03:00,2910.0,0.0,2570.0,470.0,－－－－－－－－－－,10.0,0.0,0.0,0.0,0.0,300.0,-440.0,2910.0,yonden
2018,4,2018-04-19,04:00,2980.0,0.0,2640.0,480.0,－－－－－－－－－－,10.0,0.0,0.0,0.0,0.0,260.0,-410.0,2980.0,yonden
2018,4,2018-04-19,05:00,2890.0,0.0,2690.0,420.0,－－－－－－－－－－,10.0,10.0,0.0,0.0,0.0,220.0,-460.0,2890.0,yonden
2018,4,2018-04-19,06:00,2760.0,0.0,2630.0,420.0,－－－－－－－－－－,10.0,230.0,0.0,0.0,0.0,0.0,-530.0,2760.0,yonden
2018,4,2018-04-19,07:00,2590.0,0.0,2270.0,310.0,－－－－－－－－－－,10.0,600.0,0.0,0.0,0.0,0.0,-600.0,2590.0,yonden
2018,4,2018-04-19,08:00,2790.0,0.0,2170.0,300.0,－－－－－－－－－－,10.0,970.0,0.0,0.0,0.0,0.0,-660.0,2790.0,yonden
2018,4,2018-04-19,09:00,2950.0,0.0,2200.0,330.0,－－－－－－－－－－,10.0,1310.0,0.0,0.0,0.0,-290.0,-610.0,2950.0,yonden
2018,4,2018-04-19,10:00,2990.0,0.0,2290.0,270.0,－－－－－－－－－－,10.0,1530.0,0.0,0.0,0.0,-600.0,-510.0,2990.0,yonden
2018,4,2018-04-19,11:00,3020.0,0.0,2350.0,230.0,－－－－－－－－－－,10.0,1630.0,0.0,0.0,0.0,-600.0,-600.0,3020.0,yonden
2018,4,2018-04-19,12:00,2850.0,0.0,2340.0,220.0,－－－－－－－－－－,10.0,1650.0,0.0,0.0,0.0,-600.0,-770.0,2850.0,yonden
2018,4,2018-04-19,13:00,3070.0,0.0,2170.0,170.0,－－－－－－－－－－,10.0,1600.0,0.0,0.0,0.0,-340.0,-540.0,3070.0,yonden
2018,4,2018-04-19,14:00,3090.0,0.0,2330.0,180.0,－－－－－－－－－－,10.0,1420.0,0.0,0.0,0.0,-300.0,-550.0,3090.0,yonden
2018,4,2018-04-19,15:00,3100.0,0.0,2330.0,260.0,－－－－－－－－－－,10.0,1130.0,0.0,0.0,0.0,-90.0,-540.0,3100.0,yonden
2018,4,2018-04-19,16:00,3170.0,0.0,2510.0,400.0,－－－－－－－－－－,10.0,740.0,0.0,0.0,0.0,0.0,-490.0,3170.0,yonden
2018,4,2018-04-19,17:00,3150.0,0.0,2750.0,560.0,－－－－－－－－－－,10.0,330.0,0.0,0.0,0.0,50.0,-550.0,3150.0,yonden
2018,4,2018-04-19,18:00,3150.0,0.0,2690.0,580.0,－－－－－－－－－－,10.0,30.0,0.0,10.0,0.0,470.0,-640.0,3150.0,yonden
2018,4,2018-04-19,19:00,3120.0,0.0,2680.0,570.0,－－－－－－－－－－,10.0,0.0,0.0,10.0,0.0,460.0,-610.0,3120.0,yonden
2018,4,2018-04-19,20:00,2960.0,0.0,2350.0,500.0,－－－－－－－－－－,10.0,0.0,0.0,0.0,0.0,130.0,-30.0,2960.0,yonden
2018,4,2018-04-19,21:00,2780.0,0.0,2330.0,460.0,－－－－－－－－－－,10.0,0.0,0.0,0.0,0.0,0.0,-20.0,2780.0,yonden
2018,4,2018-04-19,22:00,2560.0,0.0,2060.0,340.0,－－－－－－－－－－,10.0,0.0,0.0,0.0,0.0,0.0,150.0,2560.0,yonden
2018,4,2018-04-19,23:00,2470.0,0.0,2010.0,250.0,－－－－－－－－－－,10.0,0.0,0.0,10.0,0.0,0.0,190.0,2470.0,yonden
2018,4,2018-04-20,00:00,2380.0,0.0,1990.0,210.0,－－－－－－－－－－,10.0,0.0,0.0,10.0,0.0,0.0,160.0,2380.0,yonden
2018,4,2018-04-20,01:00,2430.0,0.0,1980.0,240.0,－－－－－－－－－－,10.0,0.0,0.0,10.0,0.0,0.0,190.0,2430.0,yonden
2018,4,2018-04-20,02:00,2670.0,0.0,2180.0,320.0,－－－－－－－－－－,10.0,0.0,0.0,20.0,0.0,0.0,140.0,2670.0,yonden
2018,4,2018-04-20,03:00,2880.0,0.0,2210.0,440.0,－－－－－－－－－－,10.0,0.0,0.0,20.0,0.0,0.0,200.0,2880.0,yonden
2018,4,2018-04-20,04:00,2970.0,0.0,2250.0,480.0,－－－－－－－－－－,10.0,0.0,0.0,30.0,0.0,0.0,200.0,2970.0,yonden
2018,4,2018-04-20,05:00,2870.0,0.0,2200.0,440.0,－－－－－－－－－－,10.0,10.0,0.0,50.0,0.0,0.0,160.0,2870.0,yonden
2018,4,2018-04-20,06:00,2750.0,0.0,2010.0,380.0,－－－－－－－－－－,10.0,240.0,0.0,40.0,0.0,0.0,70.0,2750.0,yonden
2018,4,2018-04-20,07:00,2580.0,0.0,1690.0,260.0,－－－－－－－－－－,10.0,610.0,0.0,20.0,0.0,0.0,-10.0,2580.0,yonden
2018,4,2018-04-20,08:00,2790.0,0.0,1680.0,250.0,－－－－－－－－－－,10.0,990.0,0.0,10.0,0.0,0.0,-150.0,2790.0,yonden
2018,4,2018-04-20,09:00,2920.0,0.0,1650.0,260.0,－－－－－－－－－－,10.0,1310.0,0.0,0.0,0.0,-280.0,-30.0,2920.0,yonden
2018,4,2018-04-20,10:00,2950.0,0.0,1620.0,200.0,－－－－－－－－－－,10.0,1500.0,0.0,0.0,0.0,-400.0,20.0,2950.0,yonden
2018,4,2018-04-20,11:00,2990.0,0.0,1790.0,200.0,－－－－－－－－－－,10.0,1590.0,0.0,10.0,0.0,-570.0,-40.0,2990.0,yonden
2018,4,2018-04-20,12:00,2840.0,0.0,1550.0,190.0,－－－－－－－－－－,10.0,1610.0,0.0,0.0,0.0,-300.0,-220.0,2840.0,yonden
2018,4,2018-04-20,13:00,3040.0,0.0,1600.0,170.0,－－－－－－－－－－,10.0,1550.0,0.0,0.0,0.0,-290.0,0.0,3040.0,yonden
2018,4,2018-04-20,14:00,3100.0,0.0,1700.0,180.0,－－－－－－－－－－,10.0,1390.0,0.0,0.0,0.0,-200.0,20.0,3100.0,yonden
2018,4,2018-04-20,15:00,3120.0,0.0,1720.0,270.0,－－－－－－－－－－,10.0,1100.0,0.0,0.0,0.0,0.0,20.0,3120.0,yonden
2018,4,2018-04-20,16:00,3190.0,0.0,2000.0,360.0,－－－－－－－－－－,10.0,720.0,0.0,0.0,0.0,0.0,100.0,3190.0,yonden
2018,4,2018-04-20,17:00,3120.0,0.0,2140.0,520.0,－－－－－－－－－－,10.0,310.0,0.0,0.0,0.0,160.0,-20.0,3120.0,yonden
2018,4,2018-04-20,18:00,3060.0,0.0,2130.0,570.0,－－－－－－－－－－,10.0,30.0,0.0,10.0,0.0,290.0,20.0,3060.0,yonden
2018,4,2018-04-20,19:00,3050.0,0.0,2110.0,580.0,－－－－－－－－－－,10.0,0.0,0.0,10.0,0.0,310.0,30.0,3050.0,yonden
2018,4,2018-04-20,20:00,2920.0,0.0,2070.0,540.0,－－－－－－－－－－,10.0,0.0,0.0,10.0,0.0,310.0,-20.0,2920.0,yonden
2018,4,2018-04-20,21:00,2760.0,0.0,2010.0,450.0,－－－－－－－－－－,10.0,0.0,0.0,10.0,0.0,300.0,-20.0,2760.0,yonden
2018,4,2018-04-20,22:00,2560.0,0.0,1980.0,320.0,－－－－－－－－－－,10.0,0.0,0.0,10.0,0.0,120.0,120.0,2560.0,yonden
2018,4,2018-04-20,23:00,2470.0,0.0,2000.0,250.0,－－－－－－－－－－,10.0,0.0,0.0,10.0,0.0,0.0,200.0,2470.0,yonden
2018,4,2018-04-21,00:00,2360.0,0.0,2030.0,190.0,－－－－－－－－－－,10.0,0.0,0.0,10.0,0.0,0.0,120.0,2360.0,yonden
2018,4,2018-04-21,01:00,2390.0,0.0,1990.0,200.0,－－－－－－－－－－,10.0,0.0,0.0,20.0,0.0,0.0,170.0,2390.0,yonden
2018,4,2018-04-21,02:00,2610.0,0.0,2020.0,240.0,－－－－－－－－－－,10.0,0.0,0.0,20.0,0.0,70.0,250.0,2610.0,yonden
2018,4,2018-04-21,03:00,2830.0,0.0,1960.0,300.0,－－－－－－－－－－,10.0,0.0,0.0,20.0,0.0,280.0,260.0,2830.0,yonden
2018,4,2018-04-21,04:00,2880.0,0.0,1860.0,340.0,－－－－－－－－－－,10.0,0.0,0.0,20.0,0.0,300.0,350.0,2880.0,yonden
2018,4,2018-04-21,05:00,2760.0,0.0,1800.0,320.0,－－－－－－－－－－,10.0,10.0,0.0,30.0,0.0,300.0,290.0,2760.0,yonden
2018,4,2018-04-21,06:00,2550.0,0.0,1770.0,260.0,－－－－－－－－－－,10.0,240.0,0.0,40.0,0.0,140.0,90.0,2550.0,yonden
2018,4,2018-04-21,07:00,2350.0,0.0,1560.0,160.0,－－－－－－－－－－,10.0,600.0,0.0,40.0,0.0,0.0,-20.0,2350.0,yonden
2018,4,2018-04-21,08:00,2470.0,0.0,1520.0,140.0,－－－－－－－－－－,10.0,970.0,0.0,50.0,0.0,-180.0,-40.0,2470.0,yonden
2018,4,2018-04-21,09:00,2560.0,0.0,1490.0,180.0,－－－－－－－－－－,10.0,1290.0,0.0,40.0,0.0,-380.0,-70.0,2560.0,yonden
2018,4,2018-04-21,10:00,2610.0,0.0,1610.0,180.0,－－－－－－－－－－,10.0,1500.0,0.0,50.0,0.0,-600.0,-140.0,2610.0,yonden
2018,4,2018-04-21,11:00,2660.0,0.0,1570.0,170.0,－－－－－－－－－－,10.0,1600.0,0.0,60.0,0.0,-600.0,-150.0,2660.0,yonden
2018,4,2018-04-21,12:00,2600.0,0.0,1460.0,140.0,－－－－－－－－－－,10.0,1620.0,0.0,70.0,0.0,-600.0,-100.0,2600.0,yonden
2018,4,2018-04-21,13:00,2700.0,0.0,1580.0,140.0,－－－－－－－－－－,10.0,1550.0,0.0,70.0,0.0,-590.0,-60.0,2700.0,yonden
2018,4,2018-04-21,14:00,2710.0,0.0,1560.0,140.0,－－－－－－－－－－,10.0,1380.0,0.0,80.0,0.0,-430.0,-30.0,2710.0,yonden
2018,4,2018-04-21,15:00,2740.0,0.0,1540.0,160.0,－－－－－－－－－－,10.0,1100.0,0.0,80.0,0.0,-200.0,50.0,2740.0,yonden
2018,4,2018-04-21,16:00,2790.0,0.0,1680.0,190.0,－－－－－－－－－－,10.0,720.0,0.0,80.0,0.0,0.0,110.0,2790.0,yonden
2018,4,2018-04-21,17:00,2790.0,0.0,1750.0,320.0,－－－－－－－－－－,10.0,310.0,0.0,70.0,0.0,230.0,100.0,2790.0,yonden
2018,4,2018-04-21,18:00,2800.0,0.0,1750.0,400.0,－－－－－－－－－－,10.0,30.0,0.0,70.0,0.0,310.0,230.0,2800.0,yonden
2018,4,2018-04-21,19:00,2810.0,0.0,1890.0,380.0,－－－－－－－－－－,10.0,0.0,0.0,70.0,0.0,300.0,160.0,2810.0,yonden
2018,4,2018-04-21,20:00,2690.0,0.0,1850.0,300.0,－－－－－－－－－－,10.0,0.0,0.0,80.0,0.0,290.0,160.0,2690.0,yonden
2018,4,2018-04-21,21:00,2540.0,0.0,1890.0,270.0,－－－－－－－－－－,10.0,0.0,0.0,80.0,0.0,90.0,200.0,2540.0,yonden
2018,4,2018-04-21,22:00,2340.0,0.0,1830.0,140.0,－－－－－－－－－－,10.0,0.0,0.0,70.0,0.0,0.0,290.0,2340.0,yonden
2018,4,2018-04-21,23:00,2260.0,0.0,1770.0,130.0,－－－－－－－－－－,10.0,0.0,0.0,70.0,0.0,0.0,280.0,2260.0,yonden
2018,4,2018-04-22,00:00,2170.0,0.0,1690.0,130.0,－－－－－－－－－－,10.0,0.0,0.0,60.0,0.0,0.0,280.0,2170.0,yonden
2018,4,2018-04-22,01:00,2220.0,0.0,1720.0,120.0,－－－－－－－－－－,10.0,0.0,0.0,60.0,0.0,0.0,310.0,2220.0,yonden
2018,4,2018-04-22,02:00,2430.0,0.0,1860.0,160.0,－－－－－－－－－－,10.0,0.0,0.0,40.0,0.0,30.0,330.0,2430.0,yonden
2018,4,2018-04-22,03:00,2660.0,0.0,1800.0,220.0,－－－－－－－－－－,10.0,0.0,0.0,30.0,0.0,280.0,320.0,2660.0,yonden
2018,4,2018-04-22,04:00,2720.0,0.0,1830.0,240.0,－－－－－－－－－－,10.0,0.0,0.0,20.0,0.0,290.0,330.0,2720.0,yonden
2018,4,2018-04-22,05:00,2560.0,0.0,1810.0,230.0,－－－－－－－－－－,10.0,10.0,0.0,20.0,0.0,140.0,340.0,2560.0,yonden
2018,4,2018-04-22,06:00,2280.0,0.0,2080.0,210.0,－－－－－－－－－－,10.0,230.0,0.0,20.0,0.0,0.0,-270.0,2280.0,yonden
2018,4,2018-04-22,07:00,2050.0,0.0,2000.0,150.0,－－－－－－－－－－,10.0,580.0,0.0,10.0,0.0,-130.0,-570.0,2050.0,yonden
2018,4,2018-04-22,08:00,2070.0,0.0,2010.0,140.0,－－－－－－－－－－,10.0,920.0,0.0,10.0,0.0,-410.0,-610.0,2070.0,yonden
2018,4,2018-04-22,09:00,2130.0,0.0,2180.0,210.0,－－－－－－－－－－,10.0,1180.0,0.0,10.0,0.0,-600.0,-860.0,2130.0,yonden
2018,4,2018-04-22,10:00,2210.0,0.0,2250.0,160.0,－－－－－－－－－－,10.0,1300.0,0.0,10.0,0.0,-590.0,-930.0,2210.0,yonden
2018,4,2018-04-22,11:00,2260.0,0.0,2170.0,150.0,－－－－－－－－－－,10.0,1450.0,0.0,20.0,0.0,-590.0,-950.0,2260.0,yonden
2018,4,2018-04-22,12:00,2280.0,0.0,2200.0,140.0,－－－－－－－－－－,10.0,1480.0,0.0,20.0,0.0,-590.0,-980.0,2280.0,yonden
2018,4,2018-04-22,13:00,2280.0,0.0,2110.0,140.0,－－－－－－－－－－,10.0,1460.0,0.0,20.0,0.0,-590.0,-870.0,2280.0,yonden
2018,4,2018-04-22,14:00,2270.0,0.0,2210.0,140.0,－－－－－－－－－－,10.0,1290.0,0.0,30.0,0.0,-580.0,-830.0,2270.0,yonden
2018,4,2018-04-22,15:00,2330.0,0.0,2160.0,160.0,－－－－－－－－－－,10.0,1050.0,0.0,50.0,0.0,-340.0,-760.0,2330.0,yonden
2018,4,2018-04-22,16:00,2430.0,0.0,2150.0,180.0,－－－－－－－－－－,10.0,700.0,0.0,70.0,0.0,-170.0,-510.0,2430.0,yonden
2018,4,2018-04-22,17:00,2550.0,0.0,2210.0,270.0,－－－－－－－－－－,10.0,310.0,0.0,80.0,0.0,0.0,-330.0,2550.0,yonden
2018,4,2018-04-22,18:00,2610.0,0.0,2350.0,350.0,－－－－－－－－－－,10.0,30.0,0.0,70.0,0.0,30.0,-230.0,2610.0,yonden
2018,4,2018-04-22,19:00,2660.0,0.0,2280.0,330.0,－－－－－－－－－－,10.0,0.0,0.0,70.0,0.0,190.0,-220.0,2660.0,yonden
2018,4,2018-04-22,20:00,2560.0,0.0,2290.0,240.0,－－－－－－－－－－,10.0,0.0,0.0,60.0,0.0,150.0,-190.0,2560.0,yonden
2018,4,2018-04-22,21:00,2420.0,0.0,2360.0,250.0,－－－－－－－－－－,10.0,0.0,0.0,60.0,0.0,10.0,-270.0,2420.0,yonden
2018,4,2018-04-22,22:00,2270.0,0.0,2340.0,190.0,－－－－－－－－－－,10.0,0.0,0.0,50.0,0.0,0.0,-320.0,2270.0,yonden
2018,4,2018-04-22,23:00,2220.0,0.0,2390.0,170.0,－－－－－－－－－－,10.0,0.0,0.0,40.0,0.0,0.0,-390.0,2220.0,yonden
2018,4,2018-04-23,00:00,2150.0,0.0,2420.0,160.0,－－－－－－－－－－,10.0,0.0,0.0,20.0,0.0,0.0,-460.0,2150.0,yonden
2018,4,2018-04-23,01:00,2200.0,0.0,2510.0,180.0,－－－－－－－－－－,10.0,0.0,0.0,20.0,0.0,0.0,-520.0,2200.0,yonden
2018,4,2018-04-23,02:00,2430.0,0.0,2510.0,240.0,－－－－－－－－－－,10.0,0.0,0.0,30.0,0.0,150.0,-510.0,2430.0,yonden
2018,4,2018-04-23,03:00,2640.0,0.0,2460.0,320.0,－－－－－－－－－－,10.0,0.0,0.0,30.0,0.0,280.0,-460.0,2640.0,yonden
2018,4,2018-04-23,04:00,2730.0,0.0,2460.0,380.0,－－－－－－－－－－,10.0,0.0,0.0,30.0,0.0,310.0,-460.0,2730.0,yonden
2018,4,2018-04-23,05:00,2640.0,0.0,2470.0,330.0,－－－－－－－－－－,10.0,20.0,0.0,30.0,0.0,290.0,-510.0,2640.0,yonden
2018,4,2018-04-23,06:00,2510.0,0.0,2460.0,350.0,－－－－－－－－－－,10.0,220.0,0.0,30.0,0.0,60.0,-620.0,2510.0,yonden
2018,4,2018-04-23,07:00,2450.0,0.0,2150.0,290.0,－－－－－－－－－－,10.0,550.0,0.0,30.0,0.0,0.0,-580.0,2450.0,yonden
2018,4,2018-04-23,08:00,2740.0,0.0,2120.0,240.0,－－－－－－－－－－,10.0,910.0,0.0,30.0,0.0,0.0,-570.0,2740.0,yonden
2018,4,2018-04-23,09:00,2910.0,0.0,2220.0,290.0,－－－－－－－－－－,10.0,1150.0,0.0,40.0,0.0,-250.0,-550.0,2910.0,yonden
2018,4,2018-04-23,10:00,3000.0,0.0,2290.0,270.0,－－－－－－－－－－,10.0,1320.0,0.0,50.0,0.0,-300.0,-640.0,3000.0,yonden
2018,4,2018-04-23,11:00,3050.0,0.0,2380.0,270.0,－－－－－－－－－－,10.0,1330.0,0.0,60.0,0.0,-300.0,-700.0,3050.0,yonden
2018,4,2018-04-23,12:00,2920.0,0.0,2300.0,290.0,－－－－－－－－－－,10.0,1240.0,0.0,70.0,0.0,-300.0,-690.0,2920.0,yonden
2018,4,2018-04-23,13:00,3140.0,0.0,2330.0,260.0,－－－－－－－－－－,10.0,1050.0,0.0,70.0,0.0,-40.0,-540.0,3140.0,yonden
2018,4,2018-04-23,14:00,3200.0,0.0,2650.0,280.0,－－－－－－－－－－,10.0,680.0,0.0,70.0,0.0,0.0,-490.0,3200.0,yonden
2018,4,2018-04-23,15:00,3130.0,0.0,2730.0,320.0,－－－－－－－－－－,10.0,340.0,0.0,80.0,0.0,0.0,-350.0,3130.0,yonden
2018,4,2018-04-23,16:00,3150.0,0.0,2830.0,450.0,－－－－－－－－－－,10.0,180.0,0.0,80.0,0.0,20.0,-420.0,3150.0,yonden
2018,4,2018-04-23,17:00,3140.0,0.0,2680.0,490.0,－－－－－－－－－－,10.0,70.0,0.0,90.0,0.0,190.0,-390.0,3140.0,yonden
2018,4,2018-04-23,18:00,3150.0,0.0,2720.0,540.0,－－－－－－－－－－,10.0,10.0,0.0,100.0,0.0,200.0,-430.0,3150.0,yonden
2018,4,2018-04-23,19:00,3070.0,0.0,2830.0,550.0,－－－－－－－－－－,10.0,0.0,0.0,100.0,0.0,10.0,-430.0,3070.0,yonden
2018,4,2018-04-23,20:00,2910.0,0.0,2680.0,470.0,－－－－－－－－－－,10.0,0.0,0.0,110.0,0.0,0.0,-360.0,2910.0,yonden
2018,4,2018-04-23,21:00,2740.0,0.0,2540.0,450.0,－－－－－－－－－－,10.0,0.0,0.0,120.0,0.0,0.0,-380.0,2740.0,yonden
2018,4,2018-04-23,22:00,2570.0,0.0,2560.0,400.0,－－－－－－－－－－,10.0,0.0,0.0,120.0,0.0,0.0,-520.0,2570.0,yonden
2018,4,2018-04-23,23:00,2460.0,0.0,2560.0,360.0,－－－－－－－－－－,10.0,0.0,0.0,110.0,0.0,0.0,-580.0,2460.0,yonden
2018,4,2018-04-24,00:00,2370.0,0.0,2520.0,290.0,－－－－－－－－－－,10.0,0.0,0.0,120.0,0.0,0.0,-570.0,2370.0,yonden
2018,4,2018-04-24,01:00,2400.0,0.0,2560.0,290.0,－－－－－－－－－－,10.0,0.0,0.0,120.0,0.0,0.0,-580.0,2400.0,yonden
2018,4,2018-04-24,02:00,2600.0,0.0,2640.0,350.0,－－－－－－－－－－,10.0,0.0,0.0,120.0,0.0,0.0,-520.0,2600.0,yonden
2018,4,2018-04-24,03:00,2810.0,0.0,2660.0,440.0,－－－－－－－－－－,10.0,0.0,0.0,120.0,0.0,0.0,-420.0,2810.0,yonden
2018,4,2018-04-24,04:00,2880.0,0.0,2710.0,450.0,－－－－－－－－－－,10.0,0.0,0.0,110.0,0.0,0.0,-400.0,2880.0,yonden
2018,4,2018-04-24,05:00,2800.0,0.0,2670.0,390.0,－－－－－－－－－－,10.0,10.0,0.0,120.0,0.0,0.0,-400.0,2800.0,yonden
2018,4,2018-04-24,06:00,2680.0,0.0,2590.0,370.0,－－－－－－－－－－,10.0,50.0,0.0,120.0,0.0,0.0,-460.0,2680.0,yonden
2018,4,2018-04-24,07:00,2670.0,0.0,2700.0,380.0,－－－－－－－－－－,10.0,70.0,0.0,120.0,0.0,0.0,-610.0,2670.0,yonden
2018,4,2018-04-24,08:00,3020.0,0.0,3090.0,440.0,－－－－－－－－－－,10.0,110.0,0.0,130.0,0.0,0.0,-760.0,3020.0,yonden
2018,4,2018-04-24,09:00,3230.0,0.0,3320.0,470.0,－－－－－－－－－－,10.0,150.0,0.0,120.0,0.0,0.0,-840.0,3230.0,yonden
2018,4,2018-04-24,10:00,3260.0,0.0,3280.0,470.0,－－－－－－－－－－,10.0,200.0,0.0,120.0,0.0,0.0,-820.0,3260.0,yonden
2018,4,2018-04-24,11:00,3290.0,0.0,3220.0,480.0,－－－－－－－－－－,10.0,240.0,0.0,130.0,0.0,0.0,-790.0,3290.0,yonden
2018,4,2018-04-24,12:00,3050.0,0.0,2990.0,440.0,－－－－－－－－－－,10.0,270.0,0.0,130.0,0.0,0.0,-790.0,3050.0,yonden
2018,4,2018-04-24,13:00,3220.0,0.0,3020.0,480.0,－－－－－－－－－－,10.0,230.0,0.0,120.0,0.0,120.0,-760.0,3220.0,yonden
2018,4,2018-04-24,14:00,3260.0,0.0,3030.0,540.0,－－－－－－－－－－,10.0,180.0,0.0,100.0,0.0,210.0,-810.0,3260.0,yonden
2018,4,2018-04-24,15:00,3240.0,0.0,3070.0,580.0,－－－－－－－－－－,10.0,120.0,0.0,110.0,0.0,180.0,-830.0,3240.0,yonden
2018,4,2018-04-24,16:00,3260.0,0.0,3010.0,620.0,－－－－－－－－－－,10.0,90.0,0.0,110.0,0.0,210.0,-790.0,3260.0,yonden
2018,4,2018-04-24,17:00,3190.0,0.0,2870.0,660.0,－－－－－－－－－－,10.0,40.0,0.0,110.0,0.0,180.0,-680.0,3190.0,yonden
2018,4,2018-04-24,18:00,3220.0,0.0,2870.0,690.0,－－－－－－－－－－,10.0,10.0,0.0,110.0,0.0,160.0,-630.0,3220.0,yonden
2018,4,2018-04-24,19:00,3110.0,0.0,2780.0,710.0,－－－－－－－－－－,10.0,0.0,0.0,100.0,0.0,0.0,-490.0,3110.0,yonden
2018,4,2018-04-24,20:00,2960.0,0.0,2630.0,640.0,－－－－－－－－－－,10.0,0.0,0.0,90.0,0.0,0.0,-410.0,2960.0,yonden
2018,4,2018-04-24,21:00,2790.0,0.0,2450.0,610.0,－－－－－－－－－－,10.0,0.0,0.0,110.0,0.0,0.0,-390.0,2790.0,yonden
2018,4,2018-04-24,22:00,2620.0,0.0,2380.0,600.0,－－－－－－－－－－,10.0,0.0,0.0,110.0,0.0,0.0,-480.0,2620.0,yonden
2018,4,2018-04-24,23:00,2520.0,0.0,2380.0,600.0,－－－－－－－－－－,10.0,0.0,0.0,110.0,0.0,0.0,-580.0,2520.0,yonden
2018,4,2018-04-25,00:00,2420.0,0.0,2310.0,550.0,－－－－－－－－－－,10.0,0.0,0.0,110.0,0.0,0.0,-560.0,2420.0,yonden
2018,4,2018-04-25,01:00,2450.0,0.0,2360.0,530.0,－－－－－－－－－－,10.0,0.0,0.0,120.0,0.0,0.0,-570.0,2450.0,yonden
2018,4,2018-04-25,02:00,2630.0,0.0,2510.0,530.0,－－－－－－－－－－,10.0,0.0,0.0,130.0,0.0,30.0,-580.0,2630.0,yonden
2018,4,2018-04-25,03:00,2860.0,0.0,2520.0,520.0,－－－－－－－－－－,10.0,0.0,0.0,140.0,0.0,250.0,-580.0,2860.0,yonden
2018,4,2018-04-25,04:00,2910.0,0.0,2570.0,520.0,－－－－－－－－－－,10.0,0.0,0.0,150.0,0.0,240.0,-580.0,2910.0,yonden
2018,4,2018-04-25,05:00,2830.0,0.0,2520.0,520.0,－－－－－－－－－－,10.0,20.0,0.0,150.0,0.0,170.0,-560.0,2830.0,yonden
2018,4,2018-04-25,06:00,2730.0,0.0,2470.0,530.0,－－－－－－－－－－,10.0,130.0,0.0,140.0,0.0,0.0,-550.0,2730.0,yonden
2018,4,2018-04-25,07:00,2680.0,0.0,2380.0,530.0,－－－－－－－－－－,10.0,300.0,0.0,140.0,0.0,0.0,-680.0,2680.0,yonden
2018,4,2018-04-25,08:00,2920.0,0.0,2480.0,530.0,－－－－－－－－－－,10.0,490.0,0.0,140.0,0.0,0.0,-730.0,2920.0,yonden
2018,4,2018-04-25,09:00,3010.0,0.0,2290.0,550.0,－－－－－－－－－－,10.0,710.0,0.0,130.0,0.0,0.0,-680.0,3010.0,yonden
2018,4,2018-04-25,10:00,3060.0,0.0,2240.0,570.0,－－－－－－－－－－,10.0,840.0,0.0,130.0,0.0,0.0,-730.0,3060.0,yonden
2018,4,2018-04-25,11:00,3080.0,0.0,2220.0,590.0,－－－－－－－－－－,10.0,850.0,0.0,140.0,0.0,0.0,-730.0,3080.0,yonden
2018,4,2018-04-25,12:00,2930.0,0.0,2260.0,600.0,－－－－－－－－－－,10.0,790.0,0.0,140.0,0.0,0.0,-870.0,2930.0,yonden
2018,4,2018-04-25,13:00,3090.0,0.0,2280.0,620.0,－－－－－－－－－－,10.0,670.0,0.0,140.0,0.0,0.0,-630.0,3090.0,yonden
2018,4,2018-04-25,14:00,3050.0,0.0,2310.0,630.0,－－－－－－－－－－,10.0,570.0,0.0,150.0,0.0,0.0,-620.0,3050.0,yonden
2018,4,2018-04-25,15:00,3000.0,0.0,2220.0,620.0,－－－－－－－－－－,10.0,450.0,0.0,150.0,0.0,0.0,-450.0,3000.0,yonden
2018,4,2018-04-25,16:00,3090.0,0.0,2480.0,660.0,－－－－－－－－－－,10.0,290.0,0.0,150.0,0.0,0.0,-500.0,3090.0,yonden
2018,4,2018-04-25,17:00,3060.0,0.0,2590.0,710.0,－－－－－－－－－－,10.0,120.0,0.0,140.0,0.0,0.0,-510.0,3060.0,yonden
2018,4,2018-04-25,18:00,3100.0,0.0,2790.0,730.0,－－－－－－－－－－,10.0,10.0,0.0,120.0,0.0,0.0,-560.0,3100.0,yonden
2018,4,2018-04-25,19:00,3070.0,0.0,2800.0,710.0,－－－－－－－－－－,10.0,0.0,0.0,110.0,0.0,0.0,-560.0,3070.0,yonden
2018,4,2018-04-25,20:00,2930.0,0.0,2630.0,670.0,－－－－－－－－－－,10.0,0.0,0.0,90.0,0.0,0.0,-470.0,2930.0,yonden
2018,4,2018-04-25,21:00,2780.0,0.0,2390.0,640.0,－－－－－－－－－－,10.0,0.0,0.0,90.0,0.0,0.0,-350.0,2780.0,yonden
2018,4,2018-04-25,22:00,2570.0,0.0,2320.0,630.0,－－－－－－－－－－,10.0,0.0,0.0,90.0,0.0,0.0,-480.0,2570.0,yonden
2018,4,2018-04-25,23:00,2470.0,0.0,2300.0,640.0,－－－－－－－－－－,10.0,0.0,0.0,80.0,0.0,0.0,-560.0,2470.0,yonden
2018,4,2018-04-26,00:00,2370.0,0.0,2540.0,670.0,－－－－－－－－－－,10.0,0.0,0.0,90.0,0.0,0.0,-940.0,2370.0,yonden
2018,4,2018-04-26,01:00,2410.0,0.0,2480.0,690.0,－－－－－－－－－－,10.0,0.0,0.0,80.0,0.0,0.0,-850.0,2410.0,yonden
2018,4,2018-04-26,02:00,2640.0,0.0,2560.0,690.0,－－－－－－－－－－,10.0,0.0,0.0,80.0,0.0,0.0,-700.0,2640.0,yonden
2018,4,2018-04-26,03:00,2880.0,0.0,2730.0,770.0,－－－－－－－－－－,10.0,0.0,0.0,80.0,0.0,0.0,-710.0,2880.0,yonden
2018,4,2018-04-26,04:00,2960.0,0.0,2750.0,760.0,－－－－－－－－－－,10.0,0.0,0.0,80.0,0.0,0.0,-640.0,2960.0,yonden
2018,4,2018-04-26,05:00,2880.0,0.0,2700.0,700.0,－－－－－－－－－－,10.0,20.0,0.0,60.0,0.0,0.0,-610.0,2880.0,yonden
2018,4,2018-04-26,06:00,2720.0,0.0,2340.0,650.0,－－－－－－－－－－,10.0,230.0,0.0,70.0,0.0,0.0,-580.0,2720.0,yonden
2018,4,2018-04-26,07:00,2550.0,0.0,2050.0,640.0,－－－－－－－－－－,10.0,550.0,0.0,60.0,0.0,-160.0,-600.0,2550.0,yonden
2018,4,2018-04-26,08:00,2810.0,0.0,2090.0,660.0,－－－－－－－－－－,10.0,880.0,0.0,40.0,0.0,-310.0,-560.0,2810.0,yonden
2018,4,2018-04-26,09:00,2950.0,0.0,2170.0,680.0,－－－－－－－－－－,10.0,1260.0,0.0,40.0,0.0,-310.0,-900.0,2950.0,yonden
2018,4,2018-04-26,10:00,3010.0,0.0,2240.0,690.0,－－－－－－－－－－,10.0,1400.0,0.0,30.0,0.0,-300.0,-1060.0,3010.0,yonden
2018,4,2018-04-26,11:00,3030.0,0.0,2250.0,670.0,－－－－－－－－－－,10.0,1490.0,0.0,30.0,0.0,-300.0,-1120.0,3030.0,yonden
2018,4,2018-04-26,12:00,2840.0,0.0,2170.0,670.0,－－－－－－－－－－,10.0,1510.0,0.0,20.0,0.0,-300.0,-1240.0,2840.0,yonden
2018,4,2018-04-26,13:00,3020.0,0.0,2320.0,710.0,－－－－－－－－－－,10.0,1280.0,0.0,10.0,0.0,-300.0,-1010.0,3020.0,yonden
2018,4,2018-04-26,14:00,2990.0,0.0,2390.0,700.0,－－－－－－－－－－,10.0,990.0,0.0,0.0,0.0,-280.0,-820.0,2990.0,yonden
2018,4,2018-04-26,15:00,2940.0,0.0,2290.0,650.0,－－－－－－－－－－,10.0,690.0,0.0,0.0,0.0,0.0,-700.0,2940.0,yonden
2018,4,2018-04-26,16:00,2930.0,0.0,2310.0,700.0,－－－－－－－－－－,10.0,450.0,0.0,0.0,0.0,0.0,-540.0,2930.0,yonden
2018,4,2018-04-26,17:00,2960.0,0.0,2470.0,760.0,－－－－－－－－－－,10.0,180.0,0.0,0.0,0.0,0.0,-460.0,2960.0,yonden
2018,4,2018-04-26,18:00,3090.0,0.0,2600.0,820.0,－－－－－－－－－－,10.0,10.0,0.0,0.0,0.0,190.0,-540.0,3090.0,yonden
2018,4,2018-04-26,19:00,3070.0,0.0,2490.0,810.0,－－－－－－－－－－,10.0,0.0,0.0,10.0,0.0,290.0,-540.0,3070.0,yonden
2018,4,2018-04-26,20:00,2930.0,0.0,2500.0,760.0,－－－－－－－－－－,10.0,0.0,0.0,0.0,0.0,170.0,-510.0,2930.0,yonden
2018,4,2018-04-26,21:00,2750.0,0.0,2450.0,730.0,－－－－－－－－－－,10.0,0.0,0.0,10.0,0.0,0.0,-450.0,2750.0,yonden
2018,4,2018-04-26,22:00,2560.0,0.0,2360.0,680.0,－－－－－－－－－－,10.0,0.0,0.0,10.0,0.0,0.0,-500.0,2560.0,yonden
2018,4,2018-04-26,23:00,2450.0,0.0,2360.0,660.0,－－－－－－－－－－,10.0,0.0,0.0,10.0,0.0,0.0,-590.0,2450.0,yonden
2018,4,2018-04-27,00:00,2340.0,0.0,2330.0,640.0,－－－－－－－－－－,10.0,0.0,0.0,10.0,0.0,0.0,-650.0,2340.0,yonden
2018,4,2018-04-27,01:00,2390.0,0.0,2370.0,630.0,－－－－－－－－－－,10.0,0.0,0.0,0.0,0.0,0.0,-620.0,2390.0,yonden
2018,4,2018-04-27,02:00,2620.0,0.0,2560.0,640.0,－－－－－－－－－－,10.0,0.0,0.0,0.0,0.0,0.0,-590.0,2620.0,yonden
2018,4,2018-04-27,03:00,2850.0,0.0,2760.0,740.0,－－－－－－－－－－,10.0,0.0,0.0,0.0,0.0,0.0,-660.0,2850.0,yonden
2018,4,2018-04-27,04:00,2910.0,0.0,2740.0,740.0,－－－－－－－－－－,10.0,0.0,0.0,0.0,0.0,0.0,-580.0,2910.0,yonden
2018,4,2018-04-27,05:00,2830.0,0.0,2690.0,720.0,－－－－－－－－－－,10.0,20.0,0.0,0.0,0.0,0.0,-610.0,2830.0,yonden
2018,4,2018-04-27,06:00,2690.0,0.0,2490.0,590.0,－－－－－－－－－－,10.0,170.0,0.0,0.0,0.0,0.0,-570.0,2690.0,yonden
2018,4,2018-04-27,07:00,2580.0,0.0,2300.0,540.0,－－－－－－－－－－,10.0,340.0,0.0,0.0,0.0,0.0,-610.0,2580.0,yonden
2018,4,2018-04-27,08:00,2850.0,0.0,2370.0,590.0,－－－－－－－－－－,0.0,480.0,0.0,0.0,0.0,0.0,-590.0,2850.0,yonden
2018,4,2018-04-27,09:00,2960.0,0.0,2540.0,580.0,－－－－－－－－－－,0.0,400.0,0.0,0.0,0.0,0.0,-560.0,2960.0,yonden
2018,4,2018-04-27,10:00,2910.0,0.0,2440.0,580.0,－－－－－－－－－－,0.0,570.0,0.0,0.0,0.0,0.0,-680.0,2910.0,yonden
2018,4,2018-04-27,11:00,2930.0,0.0,2290.0,590.0,－－－－－－－－－－,0.0,940.0,0.0,10.0,0.0,-160.0,-740.0,2930.0,yonden
2018,4,2018-04-27,12:00,2760.0,0.0,2460.0,590.0,－－－－－－－－－－,0.0,890.0,0.0,20.0,0.0,-230.0,-970.0,2760.0,yonden
2018,4,2018-04-27,13:00,2930.0,0.0,2200.0,610.0,－－－－－－－－－－,0.0,820.0,0.0,60.0,0.0,0.0,-760.0,2930.0,yonden
2018,4,2018-04-27,14:00,2930.0,0.0,2140.0,570.0,－－－－－－－－－－,0.0,930.0,0.0,50.0,0.0,-160.0,-600.0,2930.0,yonden
2018,4,2018-04-27,15:00,2980.0,0.0,2180.0,570.0,－－－－－－－－－－,0.0,920.0,0.0,80.0,0.0,-160.0,-610.0,2980.0,yonden
2018,4,2018-04-27,16:00,3040.0,0.0,2280.0,670.0,－－－－－－－－－－,0.0,670.0,0.0,110.0,0.0,-90.0,-600.0,3040.0,yonden
2018,4,2018-04-27,17:00,3000.0,0.0,2420.0,690.0,－－－－－－－－－－,0.0,310.0,0.0,120.0,0.0,0.0,-540.0,3000.0,yonden
2018,4,2018-04-27,18:00,2980.0,0.0,2530.0,720.0,－－－－－－－－－－,0.0,30.0,0.0,120.0,0.0,0.0,-420.0,2980.0,yonden
2018,4,2018-04-27,19:00,2980.0,0.0,2330.0,710.0,－－－－－－－－－－,0.0,0.0,0.0,130.0,0.0,0.0,-190.0,2980.0,yonden
2018,4,2018-04-27,20:00,2840.0,0.0,2180.0,670.0,－－－－－－－－－－,0.0,0.0,0.0,130.0,0.0,0.0,-140.0,2840.0,yonden
2018,4,2018-04-27,21:00,2690.0,0.0,2190.0,600.0,－－－－－－－－－－,10.0,0.0,0.0,120.0,0.0,0.0,-230.0,2690.0,yonden
2018,4,2018-04-27,22:00,2520.0,0.0,2170.0,590.0,－－－－－－－－－－,10.0,0.0,0.0,120.0,0.0,0.0,-370.0,2520.0,yonden
2018,4,2018-04-27,23:00,2410.0,0.0,2120.0,560.0,－－－－－－－－－－,10.0,0.0,0.0,110.0,0.0,0.0,-390.0,2410.0,yonden
2018,4,2018-04-28,00:00,2310.0,0.0,1880.0,420.0,－－－－－－－－－－,10.0,0.0,0.0,110.0,0.0,0.0,-110.0,2310.0,yonden
2018,4,2018-04-28,01:00,2340.0,0.0,1950.0,450.0,－－－－－－－－－－,10.0,0.0,0.0,90.0,0.0,0.0,-160.0,2340.0,yonden
2018,4,2018-04-28,02:00,2560.0,0.0,1960.0,560.0,－－－－－－－－－－,10.0,0.0,0.0,80.0,0.0,190.0,-240.0,2560.0,yonden
2018,4,2018-04-28,03:00,2810.0,0.0,1990.0,660.0,－－－－－－－－－－,10.0,0.0,0.0,80.0,0.0,200.0,-130.0,2810.0,yonden
2018,4,2018-04-28,04:00,2860.0,0.0,2020.0,620.0,－－－－－－－－－－,10.0,0.0,0.0,80.0,0.0,200.0,-70.0,2860.0,yonden
2018,4,2018-04-28,05:00,2750.0,0.0,2020.0,550.0,－－－－－－－－－－,10.0,20.0,0.0,60.0,0.0,200.0,-110.0,2750.0,yonden
2018,4,2018-04-28,06:00,2500.0,0.0,1960.0,490.0,－－－－－－－－－－,10.0,270.0,0.0,50.0,0.0,20.0,-300.0,2500.0,yonden
2018,4,2018-04-28,07:00,2300.0,0.0,1820.0,450.0,－－－－－－－－－－,10.0,650.0,0.0,40.0,0.0,-110.0,-560.0,2300.0,yonden
2018,4,2018-04-28,08:00,2440.0,0.0,1900.0,460.0,－－－－－－－－－－,10.0,1050.0,0.0,40.0,0.0,-300.0,-720.0,2440.0,yonden
2018,4,2018-04-28,09:00,2550.0,0.0,1720.0,480.0,－－－－－－－－－－,10.0,1380.0,0.0,30.0,0.0,-330.0,-740.0,2550.0,yonden
2018,4,2018-04-28,10:00,2590.0,0.0,1890.0,440.0,－－－－－－－－－－,10.0,1580.0,0.0,30.0,0.0,-590.0,-770.0,2590.0,yonden
2018,4,2018-04-28,11:00,2600.0,0.0,2070.0,430.0,－－－－－－－－－－,10.0,1660.0,0.0,20.0,0.0,-590.0,-1000.0,2600.0,yonden
2018,4,2018-04-28,12:00,2520.0,0.0,1950.0,380.0,－－－－－－－－－－,10.0,1660.0,0.0,20.0,0.0,-590.0,-910.0,2520.0,yonden
2018,4,2018-04-28,13:00,2610.0,0.0,1760.0,380.0,－－－－－－－－－－,10.0,1610.0,0.0,20.0,0.0,-420.0,-750.0,2610.0,yonden
2018,4,2018-04-28,14:00,2590.0,0.0,1540.0,470.0,－－－－－－－－－－,10.0,1430.0,0.0,20.0,0.0,-160.0,-720.0,2590.0,yonden
2018,4,2018-04-28,15:00,2590.0,0.0,1580.0,540.0,－－－－－－－－－－,10.0,1140.0,0.0,20.0,0.0,0.0,-700.0,2590.0,yonden
2018,4,2018-04-28,16:00,2680.0,0.0,1700.0,560.0,－－－－－－－－－－,10.0,770.0,0.0,10.0,0.0,220.0,-590.0,2680.0,yonden
2018,4,2018-04-28,17:00,2710.0,0.0,1660.0,580.0,－－－－－－－－－－,10.0,350.0,0.0,10.0,0.0,330.0,-230.0,2710.0,yonden
2018,4,2018-04-28,18:00,2710.0,0.0,1750.0,630.0,－－－－－－－－－－,10.0,40.0,0.0,0.0,0.0,600.0,-320.0,2710.0,yonden
2018,4,2018-04-28,19:00,2740.0,0.0,1860.0,650.0,－－－－－－－－－－,10.0,0.0,0.0,0.0,0.0,480.0,-260.0,2740.0,yonden
2018,4,2018-04-28,20:00,2640.0,0.0,1930.0,640.0,－－－－－－－－－－,10.0,0.0,0.0,0.0,0.0,310.0,-250.0,2640.0,yonden
2018,4,2018-04-28,21:00,2500.0,0.0,1880.0,550.0,－－－－－－－－－－,10.0,0.0,0.0,0.0,0.0,260.0,-200.0,2500.0,yonden
2018,4,2018-04-28,22:00,2310.0,0.0,1890.0,520.0,－－－－－－－－－－,10.0,0.0,0.0,0.0,0.0,60.0,-170.0,2310.0,yonden
2018,4,2018-04-28,23:00,2230.0,0.0,1960.0,450.0,－－－－－－－－－－,10.0,0.0,0.0,0.0,0.0,0.0,-190.0,2230.0,yonden
2018,4,2018-04-29,00:00,2150.0,0.0,2000.0,420.0,－－－－－－－－－－,10.0,0.0,0.0,0.0,0.0,0.0,-280.0,2150.0,yonden
2018,4,2018-04-29,01:00,2190.0,0.0,1990.0,430.0,－－－－－－－－－－,10.0,0.0,0.0,10.0,0.0,0.0,-250.0,2190.0,yonden
2018,4,2018-04-29,02:00,2420.0,0.0,2050.0,570.0,－－－－－－－－－－,10.0,0.0,0.0,10.0,0.0,200.0,-420.0,2420.0,yonden
2018,4,2018-04-29,03:00,2650.0,0.0,2080.0,630.0,－－－－－－－－－－,10.0,0.0,0.0,10.0,0.0,200.0,-280.0,2650.0,yonden
2018,4,2018-04-29,04:00,2730.0,0.0,2130.0,630.0,－－－－－－－－－－,10.0,0.0,0.0,10.0,0.0,160.0,-210.0,2730.0,yonden
2018,4,2018-04-29,05:00,2630.0,0.0,2210.0,560.0,－－－－－－－－－－,10.0,20.0,0.0,10.0,0.0,140.0,-320.0,2630.0,yonden
2018,4,2018-04-29,06:00,2370.0,0.0,2130.0,450.0,－－－－－－－－－－,10.0,280.0,0.0,10.0,0.0,20.0,-530.0,2370.0,yonden
2018,4,2018-04-29,07:00,2120.0,0.0,1880.0,410.0,－－－－－－－－－－,10.0,650.0,0.0,10.0,0.0,-180.0,-660.0,2120.0,yonden
2018,4,2018-04-29,08:00,2140.0,0.0,1770.0,460.0,－－－－－－－－－－,10.0,1010.0,0.0,0.0,0.0,-310.0,-800.0,2140.0,yonden
2018,4,2018-04-29,09:00,2200.0,0.0,1650.0,420.0,－－－－－－－－－－,10.0,1320.0,0.0,10.0,0.0,-360.0,-850.0,2200.0,yonden
2018,4,2018-04-29,10:00,2260.0,0.0,1780.0,440.0,－－－－－－－－－－,10.0,1540.0,0.0,10.0,0.0,-600.0,-920.0,2260.0,yonden
2018,4,2018-04-29,11:00,2260.0,0.0,1840.0,360.0,－－－－－－－－－－,10.0,1630.0,0.0,30.0,0.0,-590.0,-1020.0,2260.0,yonden
2018,4,2018-04-29,12:00,2270.0,0.0,1840.0,340.0,－－－－－－－－－－,10.0,1650.0,0.0,50.0,0.0,-590.0,-1030.0,2270.0,yonden
2018,4,2018-04-29,13:00,2280.0,0.0,1830.0,320.0,－－－－－－－－－－,10.0,1580.0,0.0,70.0,0.0,-590.0,-940.0,2280.0,yonden
2018,4,2018-04-29,14:00,2290.0,0.0,1750.0,340.0,－－－－－－－－－－,10.0,1390.0,0.0,80.0,0.0,-410.0,-870.0,2290.0,yonden
2018,4,2018-04-29,15:00,2330.0,0.0,1760.0,420.0,－－－－－－－－－－,10.0,1120.0,0.0,90.0,0.0,-300.0,-770.0,2330.0,yonden
2018,4,2018-04-29,16:00,2410.0,0.0,1830.0,510.0,－－－－－－－－－－,10.0,710.0,0.0,90.0,0.0,-30.0,-710.0,2410.0,yonden
2018,4,2018-04-29,17:00,2510.0,0.0,1880.0,660.0,－－－－－－－－－－,10.0,310.0,0.0,100.0,0.0,110.0,-560.0,2510.0,yonden
2018,4,2018-04-29,18:00,2590.0,0.0,1950.0,720.0,－－－－－－－－－－,10.0,40.0,0.0,90.0,0.0,290.0,-510.0,2590.0,yonden
2018,4,2018-04-29,19:00,2640.0,0.0,2000.0,730.0,－－－－－－－－－－,10.0,0.0,0.0,90.0,0.0,290.0,-480.0,2640.0,yonden
2018,4,2018-04-29,20:00,2550.0,0.0,2070.0,620.0,－－－－－－－－－－,10.0,0.0,0.0,80.0,0.0,290.0,-520.0,2550.0,yonden
2018,4,2018-04-29,21:00,2400.0,0.0,2030.0,550.0,－－－－－－－－－－,10.0,0.0,0.0,70.0,0.0,290.0,-550.0,2400.0,yonden
2018,4,2018-04-29,22:00,2230.0,0.0,2030.0,460.0,－－－－－－－－－－,10.0,0.0,0.0,80.0,0.0,40.0,-390.0,2230.0,yonden
2018,4,2018-04-29,23:00,2160.0,0.0,1960.0,390.0,－－－－－－－－－－,10.0,0.0,0.0,60.0,0.0,0.0,-260.0,2160.0,yonden
2018,4,2018-04-30,00:00,2070.0,0.0,1980.0,390.0,－－－－－－－－－－,10.0,0.0,0.0,40.0,0.0,0.0,-350.0,2070.0,yonden
2018,4,2018-04-30,01:00,2110.0,0.0,1970.0,440.0,－－－－－－－－－－,10.0,0.0,0.0,40.0,0.0,0.0,-350.0,2110.0,yonden
2018,4,2018-04-30,02:00,2320.0,0.0,2050.0,510.0,－－－－－－－－－－,10.0,0.0,0.0,40.0,0.0,0.0,-290.0,2320.0,yonden
2018,4,2018-04-30,03:00,2570.0,0.0,1990.0,600.0,－－－－－－－－－－,10.0,0.0,0.0,30.0,0.0,80.0,-140.0,2570.0,yonden
2018,4,2018-04-30,04:00,2640.0,0.0,1790.0,550.0,－－－－－－－－－－,10.0,0.0,0.0,30.0,0.0,280.0,-20.0,2640.0,yonden
2018,4,2018-04-30,05:00,2490.0,0.0,1810.0,480.0,－－－－－－－－－－,10.0,20.0,0.0,20.0,0.0,240.0,-90.0,2490.0,yonden
2018,4,2018-04-30,06:00,2260.0,0.0,2020.0,480.0,－－－－－－－－－－,10.0,120.0,0.0,10.0,0.0,20.0,-400.0,2260.0,yonden
2018,4,2018-04-30,07:00,2160.0,0.0,2060.0,430.0,－－－－－－－－－－,10.0,240.0,0.0,0.0,0.0,0.0,-580.0,2160.0,yonden
2018,4,2018-04-30,08:00,2380.0,0.0,2270.0,370.0,－－－－－－－－－－,10.0,290.0,0.0,0.0,0.0,0.0,-560.0,2380.0,yonden
2018,4,2018-04-30,09:00,2560.0,0.0,2610.0,380.0,－－－－－－－－－－,10.0,360.0,0.0,10.0,0.0,0.0,-810.0,2560.0,yonden
2018,4,2018-04-30,10:00,2570.0,0.0,2580.0,390.0,－－－－－－－－－－,10.0,500.0,0.0,20.0,0.0,0.0,-930.0,2570.0,yonden
2018,4,2018-04-30,11:00,2500.0,0.0,2370.0,340.0,－－－－－－－－－－,10.0,800.0,0.0,10.0,0.0,0.0,-1030.0,2500.0,yonden
2018,4,2018-04-30,12:00,2420.0,0.0,2040.0,350.0,－－－－－－－－－－,10.0,1010.0,0.0,10.0,0.0,0.0,-1000.0,2420.0,yonden
2018,4,2018-04-30,13:00,2430.0,0.0,1910.0,340.0,－－－－－－－－－－,10.0,1180.0,0.0,20.0,0.0,0.0,-1030.0,2430.0,yonden
2018,4,2018-04-30,14:00,2490.0,0.0,1880.0,450.0,－－－－－－－－－－,10.0,1210.0,0.0,20.0,0.0,-300.0,-780.0,2490.0,yonden
2018,4,2018-04-30,15:00,2560.0,0.0,1880.0,470.0,－－－－－－－－－－,10.0,1010.0,0.0,30.0,0.0,-300.0,-540.0,2560.0,yonden
2018,4,2018-04-30,16:00,2630.0,0.0,2100.0,510.0,－－－－－－－－－－,10.0,650.0,0.0,40.0,0.0,-250.0,-430.0,2630.0,yonden
2018,4,2018-04-30,17:00,2670.0,0.0,2150.0,590.0,－－－－－－－－－－,10.0,300.0,0.0,40.0,0.0,0.0,-420.0,2670.0,yonden
2018,4,2018-04-30,18:00,2720.0,0.0,2390.0,700.0,－－－－－－－－－－,10.0,40.0,0.0,40.0,0.0,0.0,-460.0,2720.0,yonden
2018,4,2018-04-30,19:00,2750.0,0.0,2400.0,710.0,－－－－－－－－－－,10.0,0.0,0.0,40.0,0.0,0.0,-410.0,2750.0,yonden
2018,4,2018-04-30,20:00,2640.0,0.0,2260.0,600.0,－－－－－－－－－－,10.0,0.0,0.0,40.0,0.0,0.0,-270.0,2640.0,yonden
2018,4,2018-04-30,21:00,2480.0,0.0,2160.0,480.0,－－－－－－－－－－,10.0,0.0,0.0,40.0,0.0,0.0,-210.0,2480.0,yonden
2018,4,2018-04-30,22:00,2300.0,0.0,2100.0,430.0,－－－－－－－－－－,10.0,0.0,0.0,40.0,0.0,0.0,-280.0,2300.0,yonden
2018,4,2018-04-30,23:00,2200.0,0.0,2060.0,420.0,－－－－－－－－－－,10.0,0.0,0.0,30.0,0.0,0.0,-320.0,2200.0,yonden
2018,5,2018-05-01,00:00,2100.0,0.0,1990.0,360.0,－－－－－－－－－－,10.0,0.0,0.0,20.0,0.0,0.0,-280.0,2100.0,yonden
2018,5,2018-05-01,01:00,2140.0,0.0,1880.0,440.0,－－－－－－－－－－,10.0,0.0,0.0,10.0,0.0,0.0,-200.0,2140.0,yonden
2018,5,2018-05-01,02:00,2390.0,0.0,1970.0,540.0,－－－－－－－－－－,10.0,0.0,0.0,10.0,0.0,0.0,-140.0,2390.0,yonden
2018,5,2018-05-01,03:00,2680.0,0.0,2160.0,610.0,－－－－－－－－－－,10.0,0.0,0.0,0.0,0.0,0.0,-100.0,2680.0,yonden
2018,5,2018-05-01,04:00,2750.0,0.0,2150.0,560.0,－－－－－－－－－－,10.0,0.0,0.0,0.0,0.0,0.0,30.0,2750.0,yonden
2018,5,2018-05-01,05:00,2660.0,0.0,2110.0,480.0,－－－－－－－－－－,10.0,30.0,0.0,0.0,0.0,0.0,30.0,2660.0,yonden
2018,5,2018-05-01,06:00,2480.0,0.0,1930.0,410.0,－－－－－－－－－－,10.0,270.0,0.0,0.0,0.0,0.0,-140.0,2480.0,yonden
2018,5,2018-05-01,07:00,2410.0,0.0,1830.0,360.0,－－－－－－－－－－,10.0,610.0,0.0,0.0,0.0,0.0,-400.0,2410.0,yonden
2018,5,2018-05-01,08:00,2630.0,0.0,1720.0,360.0,－－－－－－－－－－,10.0,970.0,0.0,0.0,0.0,0.0,-430.0,2630.0,yonden
2018,5,2018-05-01,09:00,2780.0,0.0,1840.0,380.0,－－－－－－－－－－,10.0,1260.0,0.0,0.0,0.0,-100.0,-610.0,2780.0,yonden
2018,5,2018-05-01,10:00,2820.0,0.0,1820.0,340.0,－－－－－－－－－－,10.0,1480.0,0.0,0.0,0.0,-300.0,-530.0,2820.0,yonden
2018,5,2018-05-01,11:00,2890.0,0.0,1860.0,370.0,－－－－－－－－－－,10.0,1590.0,0.0,10.0,0.0,-300.0,-650.0,2890.0,yonden
2018,5,2018-05-01,12:00,2800.0,0.0,1760.0,370.0,－－－－－－－－－－,10.0,1620.0,0.0,20.0,0.0,-290.0,-690.0,2800.0,yonden
2018,5,2018-05-01,13:00,2920.0,0.0,1830.0,370.0,－－－－－－－－－－,10.0,1540.0,0.0,40.0,0.0,-290.0,-580.0,2920.0,yonden
2018,5,2018-05-01,14:00,2950.0,0.0,1900.0,410.0,－－－－－－－－－－,10.0,1340.0,0.0,70.0,0.0,-290.0,-490.0,2950.0,yonden
2018,5,2018-05-01,15:00,2980.0,0.0,1960.0,440.0,－－－－－－－－－－,10.0,990.0,0.0,80.0,0.0,-100.0,-400.0,2980.0,yonden
2018,5,2018-05-01,16:00,2990.0,0.0,2190.0,510.0,－－－－－－－－－－,10.0,570.0,0.0,80.0,0.0,0.0,-370.0,2990.0,yonden
2018,5,2018-05-01,17:00,2910.0,0.0,2370.0,640.0,－－－－－－－－－－,10.0,220.0,0.0,70.0,0.0,0.0,-400.0,2910.0,yonden
2018,5,2018-05-01,18:00,2930.0,0.0,2630.0,710.0,－－－－－－－－－－,10.0,20.0,0.0,70.0,0.0,0.0,-510.0,2930.0,yonden
2018,5,2018-05-01,19:00,2920.0,0.0,2650.0,700.0,－－－－－－－－－－,10.0,0.0,0.0,70.0,0.0,0.0,-510.0,2920.0,yonden
2018,5,2018-05-01,20:00,2760.0,0.0,2390.0,600.0,－－－－－－－－－－,10.0,0.0,0.0,80.0,0.0,0.0,-320.0,2760.0,yonden
2018,5,2018-05-01,21:00,2570.0,0.0,2160.0,430.0,－－－－－－－－－－,10.0,0.0,0.0,80.0,0.0,0.0,-110.0,2570.0,yonden
2018,5,2018-05-01,22:00,2360.0,0.0,1940.0,410.0,－－－－－－－－－－,10.0,0.0,0.0,80.0,0.0,0.0,-80.0,2360.0,yonden
2018,5,2018-05-01,23:00,2240.0,0.0,1840.0,390.0,－－－－－－－－－－,10.0,0.0,0.0,80.0,0.0,0.0,-80.0,2240.0,yonden
2018,5,2018-05-02,00:00,2150.0,0.0,1790.0,350.0,－－－－－－－－－－,10.0,0.0,0.0,80.0,0.0,0.0,-80.0,2150.0,yonden
2018,5,2018-05-02,01:00,2160.0,0.0,1810.0,340.0,－－－－－－－－－－,10.0,0.0,0.0,80.0,0.0,0.0,-80.0,2160.0,yonden
2018,5,2018-05-02,02:00,2350.0,0.0,1880.0,400.0,－－－－－－－－－－,10.0,0.0,0.0,80.0,0.0,0.0,-20.0,2350.0,yonden
2018,5,2018-05-02,03:00,2590.0,0.0,2030.0,460.0,－－－－－－－－－－,10.0,0.0,0.0,90.0,0.0,0.0,0.0,2590.0,yonden
2018,5,2018-05-02,04:00,2680.0,0.0,2120.0,470.0,－－－－－－－－－－,10.0,0.0,0.0,90.0,0.0,0.0,-10.0,2680.0,yonden
2018,5,2018-05-02,05:00,2580.0,0.0,2060.0,430.0,－－－－－－－－－－,10.0,20.0,0.0,100.0,0.0,0.0,-40.0,2580.0,yonden
2018,5,2018-05-02,06:00,2430.0,0.0,1980.0,380.0,－－－－－－－－－－,10.0,80.0,0.0,110.0,0.0,0.0,-130.0,2430.0,yonden
2018,5,2018-05-02,07:00,2440.0,0.0,2040.0,390.0,－－－－－－－－－－,10.0,120.0,0.0,120.0,0.0,0.0,-240.0,2440.0,yonden
2018,5,2018-05-02,08:00,2730.0,0.0,2150.0,420.0,－－－－－－－－－－,10.0,190.0,0.0,120.0,0.0,0.0,-160.0,2730.0,yonden
2018,5,2018-05-02,09:00,2870.0,0.0,2200.0,540.0,－－－－－－－－－－,10.0,280.0,0.0,120.0,0.0,0.0,-280.0,2870.0,yonden
2018,5,2018-05-02,10:00,2910.0,0.0,2170.0,550.0,－－－－－－－－－－,10.0,350.0,0.0,130.0,0.0,0.0,-300.0,2910.0,yonden
2018,5,2018-05-02,11:00,2920.0,0.0,2250.0,540.0,－－－－－－－－－－,10.0,360.0,0.0,120.0,0.0,0.0,-360.0,2920.0,yonden
2018,5,2018-05-02,12:00,2800.0,0.0,2190.0,430.0,－－－－－－－－－－,10.0,350.0,0.0,120.0,0.0,0.0,-300.0,2800.0,yonden
2018,5,2018-05-02,13:00,2990.0,0.0,2440.0,520.0,－－－－－－－－－－,10.0,260.0,0.0,120.0,0.0,20.0,-380.0,2990.0,yonden
2018,5,2018-05-02,14:00,3020.0,0.0,2250.0,550.0,－－－－－－－－－－,10.0,170.0,0.0,130.0,0.0,300.0,-390.0,3020.0,yonden
2018,5,2018-05-02,15:00,3010.0,0.0,2320.0,570.0,－－－－－－－－－－,10.0,120.0,0.0,110.0,0.0,330.0,-450.0,3010.0,yonden
2018,5,2018-05-02,16:00,3070.0,0.0,2210.0,590.0,－－－－－－－－－－,10.0,80.0,0.0,100.0,0.0,470.0,-390.0,3070.0,yonden
2018,5,2018-05-02,17:00,3010.0,0.0,2130.0,610.0,－－－－－－－－－－,10.0,50.0,0.0,90.0,0.0,410.0,-290.0,3010.0,yonden
2018,5,2018-05-02,18:00,2990.0,0.0,2110.0,650.0,－－－－－－－－－－,10.0,10.0,0.0,100.0,0.0,390.0,-280.0,2990.0,yonden
2018,5,2018-05-02,19:00,2940.0,0.0,2180.0,630.0,－－－－－－－－－－,10.0,0.0,0.0,90.0,0.0,350.0,-320.0,2940.0,yonden
2018,5,2018-05-02,20:00,2790.0,0.0,2280.0,580.0,－－－－－－－－－－,10.0,0.0,0.0,70.0,0.0,90.0,-240.0,2790.0,yonden
2018,5,2018-05-02,21:00,2650.0,0.0,2220.0,550.0,－－－－－－－－－－,10.0,0.0,0.0,50.0,0.0,0.0,-180.0,2650.0,yonden
2018,5,2018-05-02,22:00,2460.0,0.0,2100.0,580.0,－－－－－－－－－－,10.0,0.0,0.0,30.0,0.0,0.0,-260.0,2460.0,yonden
2018,5,2018-05-02,23:00,2320.0,0.0,2070.0,540.0,－－－－－－－－－－,10.0,0.0,0.0,20.0,0.0,0.0,-320.0,2320.0,yonden
2018,5,2018-05-03,00:00,2180.0,0.0,2130.0,480.0,－－－－－－－－－－,10.0,0.0,0.0,20.0,0.0,0.0,-460.0,2180.0,yonden
2018,5,2018-05-03,01:00,2200.0,0.0,2120.0,500.0,－－－－－－－－－－,10.0,0.0,0.0,40.0,0.0,0.0,-470.0,2200.0,yonden
2018,5,2018-05-03,02:00,2390.0,0.0,2060.0,570.0,－－－－－－－－－－,10.0,0.0,0.0,50.0,0.0,70.0,-370.0,2390.0,yonden
2018,5,2018-05-03,03:00,2600.0,0.0,1980.0,610.0,－－－－－－－－－－,10.0,0.0,0.0,80.0,0.0,200.0,-280.0,2600.0,yonden
2018,5,2018-05-03,04:00,2660.0,0.0,1970.0,600.0,－－－－－－－－－－,10.0,0.0,0.0,110.0,0.0,210.0,-240.0,2660.0,yonden
2018,5,2018-05-03,05:00,2540.0,0.0,2030.0,570.0,－－－－－－－－－－,10.0,20.0,0.0,130.0,0.0,220.0,-440.0,2540.0,yonden
2018,5,2018-05-03,06:00,2230.0,0.0,2110.0,520.0,－－－－－－－－－－,10.0,120.0,0.0,130.0,0.0,110.0,-770.0,2230.0,yonden
2018,5,2018-05-03,07:00,2040.0,0.0,2120.0,490.0,－－－－－－－－－－,10.0,290.0,0.0,140.0,0.0,0.0,-1010.0,2040.0,yonden
2018,5,2018-05-03,08:00,2140.0,0.0,2170.0,490.0,－－－－－－－－－－,10.0,520.0,0.0,130.0,0.0,0.0,-1180.0,2140.0,yonden
2018,5,2018-05-03,09:00,2220.0,0.0,2200.0,500.0,－－－－－－－－－－,10.0,700.0,0.0,150.0,0.0,0.0,-1340.0,2220.0,yonden
2018,5,2018-05-03,10:00,2200.0,0.0,2000.0,480.0,－－－－－－－－－－,10.0,950.0,0.0,140.0,0.0,0.0,-1380.0,2200.0,yonden
2018,5,2018-05-03,11:00,2270.0,0.0,2040.0,500.0,－－－－－－－－－－,10.0,1280.0,0.0,140.0,0.0,-250.0,-1450.0,2270.0,yonden
2018,5,2018-05-03,12:00,2260.0,0.0,2060.0,440.0,－－－－－－－－－－,10.0,1340.0,0.0,120.0,0.0,-300.0,-1410.0,2260.0,yonden
2018,5,2018-05-03,13:00,2240.0,0.0,2090.0,450.0,－－－－－－－－－－,10.0,1210.0,0.0,100.0,0.0,-300.0,-1320.0,2240.0,yonden
2018,5,2018-05-03,14:00,2160.0,0.0,2070.0,450.0,－－－－－－－－－－,10.0,1160.0,0.0,70.0,0.0,-300.0,-1300.0,2160.0,yonden
2018,5,2018-05-03,15:00,2200.0,0.0,2010.0,450.0,－－－－－－－－－－,10.0,1080.0,0.0,60.0,0.0,-300.0,-1110.0,2200.0,yonden
2018,5,2018-05-03,16:00,2230.0,0.0,1970.0,490.0,－－－－－－－－－－,10.0,710.0,0.0,50.0,0.0,-200.0,-800.0,2230.0,yonden
2018,5,2018-05-03,17:00,2370.0,0.0,1910.0,610.0,－－－－－－－－－－,10.0,350.0,0.0,60.0,0.0,0.0,-570.0,2370.0,yonden
2018,5,2018-05-03,18:00,2480.0,0.0,2040.0,710.0,－－－－－－－－－－,10.0,50.0,0.0,60.0,0.0,0.0,-390.0,2480.0,yonden
2018,5,2018-05-03,19:00,2550.0,0.0,1900.0,700.0,－－－－－－－－－－,10.0,0.0,0.0,50.0,0.0,210.0,-320.0,2550.0,yonden
2018,5,2018-05-03,20:00,2480.0,0.0,1820.0,640.0,－－－－－－－－－－,10.0,0.0,0.0,80.0,0.0,290.0,-360.0,2480.0,yonden
2018,5,2018-05-03,21:00,2350.0,0.0,2090.0,530.0,－－－－－－－－－－,10.0,0.0,0.0,70.0,0.0,110.0,-460.0,2350.0,yonden
2018,5,2018-05-03,22:00,2190.0,0.0,2050.0,480.0,－－－－－－－－－－,10.0,0.0,0.0,90.0,0.0,0.0,-440.0,2190.0,yonden
2018,5,2018-05-03,23:00,2120.0,0.0,1980.0,520.0,－－－－－－－－－－,10.0,0.0,0.0,90.0,0.0,0.0,-480.0,2120.0,yonden
2018,5,2018-05-04,00:00,2090.0,0.0,1950.0,470.0,－－－－－－－－－－,10.0,0.0,0.0,100.0,0.0,0.0,-440.0,2090.0,yonden
2018,5,2018-05-04,01:00,2150.0,0.0,2000.0,460.0,－－－－－－－－－－,10.0,0.0,0.0,100.0,0.0,0.0,-420.0,2150.0,yonden
2018,5,2018-05-04,02:00,2370.0,0.0,2030.0,440.0,－－－－－－－－－－,10.0,0.0,0.0,90.0,0.0,140.0,-340.0,2370.0,yonden
2018,5,2018-05-04,03:00,2600.0,0.0,2040.0,460.0,－－－－－－－－－－,10.0,0.0,0.0,90.0,0.0,250.0,-250.0,2600.0,yonden
2018,5,2018-05-04,04:00,2680.0,0.0,2080.0,500.0,－－－－－－－－－－,10.0,0.0,0.0,100.0,0.0,200.0,-210.0,2680.0,yonden
2018,5,2018-05-04,05:00,2570.0,0.0,2120.0,450.0,－－－－－－－－－－,10.0,30.0,0.0,100.0,0.0,110.0,-250.0,2570.0,yonden
2018,5,2018-05-04,06:00,2330.0,0.0,2010.0,400.0,－－－－－－－－－－,10.0,290.0,0.0,100.0,0.0,0.0,-480.0,2330.0,yonden
2018,5,2018-05-04,07:00,2120.0,0.0,1840.0,360.0,－－－－－－－－－－,10.0,610.0,0.0,100.0,0.0,-280.0,-520.0,2120.0,yonden
2018,5,2018-05-04,08:00,2160.0,0.0,1780.0,320.0,－－－－－－－－－－,10.0,960.0,0.0,90.0,0.0,-300.0,-700.0,2160.0,yonden
2018,5,2018-05-04,09:00,2150.0,0.0,1720.0,340.0,－－－－－－－－－－,10.0,1430.0,0.0,60.0,0.0,-400.0,-1010.0,2150.0,yonden
2018,5,2018-05-04,10:00,2190.0,0.0,1880.0,350.0,－－－－－－－－－－,10.0,1680.0,0.0,50.0,0.0,-600.0,-1180.0,2190.0,yonden
2018,5,2018-05-04,11:00,2240.0,0.0,1850.0,330.0,－－－－－－－－－－,10.0,1700.0,0.0,70.0,0.0,-510.0,-1210.0,2240.0,yonden
2018,5,2018-05-04,12:00,2280.0,0.0,1800.0,320.0,－－－－－－－－－－,10.0,1520.0,0.0,120.0,0.0,-300.0,-1190.0,2280.0,yonden
2018,5,2018-05-04,13:00,2200.0,0.0,1900.0,310.0,－－－－－－－－－－,10.0,1340.0,0.0,130.0,0.0,-300.0,-1190.0,2200.0,yonden
2018,5,2018-05-04,14:00,2220.0,0.0,1810.0,280.0,－－－－－－－－－－,10.0,1330.0,0.0,140.0,0.0,-300.0,-1050.0,2220.0,yonden
2018,5,2018-05-04,15:00,2230.0,0.0,1790.0,320.0,－－－－－－－－－－,10.0,1100.0,0.0,130.0,0.0,-300.0,-820.0,2230.0,yonden
2018,5,2018-05-04,16:00,2310.0,0.0,1940.0,400.0,－－－－－－－－－－,10.0,760.0,0.0,110.0,0.0,-300.0,-610.0,2310.0,yonden
2018,5,2018-05-04,17:00,2430.0,0.0,1920.0,540.0,－－－－－－－－－－,10.0,380.0,0.0,70.0,0.0,20.0,-510.0,2430.0,yonden
2018,5,2018-05-04,18:00,2480.0,0.0,1970.0,680.0,－－－－－－－－－－,10.0,50.0,0.0,40.0,0.0,300.0,-570.0,2480.0,yonden
2018,5,2018-05-04,19:00,2540.0,0.0,2060.0,680.0,－－－－－－－－－－,10.0,0.0,0.0,30.0,0.0,310.0,-550.0,2540.0,yonden
2018,5,2018-05-04,20:00,2480.0,0.0,2040.0,610.0,－－－－－－－－－－,10.0,0.0,0.0,20.0,0.0,310.0,-510.0,2480.0,yonden
2018,5,2018-05-04,21:00,2360.0,0.0,1960.0,520.0,－－－－－－－－－－,10.0,0.0,0.0,20.0,0.0,290.0,-440.0,2360.0,yonden
2018,5,2018-05-04,22:00,2190.0,0.0,1940.0,430.0,－－－－－－－－－－,10.0,0.0,0.0,20.0,0.0,150.0,-360.0,2190.0,yonden
2018,5,2018-05-04,23:00,2110.0,0.0,1990.0,400.0,－－－－－－－－－－,10.0,0.0,0.0,20.0,0.0,0.0,-310.0,2110.0,yonden
2018,5,2018-05-05,00:00,2040.0,0.0,2000.0,340.0,－－－－－－－－－－,10.0,0.0,0.0,20.0,0.0,0.0,-330.0,2040.0,yonden
2018,5,2018-05-05,01:00,2080.0,0.0,1940.0,350.0,－－－－－－－－－－,10.0,0.0,0.0,20.0,0.0,20.0,-260.0,2080.0,yonden
2018,5,2018-05-05,02:00,2320.0,0.0,1890.0,430.0,－－－－－－－－－－,10.0,0.0,0.0,20.0,0.0,240.0,-270.0,2320.0,yonden
2018,5,2018-05-05,03:00,2550.0,0.0,1940.0,510.0,－－－－－－－－－－,10.0,0.0,0.0,20.0,0.0,300.0,-230.0,2550.0,yonden
2018,5,2018-05-05,04:00,2620.0,0.0,1990.0,500.0,－－－－－－－－－－,10.0,0.0,0.0,10.0,0.0,310.0,-200.0,2620.0,yonden
2018,5,2018-05-05,05:00,2490.0,0.0,1950.0,420.0,－－－－－－－－－－,10.0,40.0,0.0,10.0,0.0,250.0,-190.0,2490.0,yonden
2018,5,2018-05-05,06:00,2220.0,0.0,1940.0,360.0,－－－－－－－－－－,10.0,310.0,0.0,10.0,0.0,-10.0,-400.0,2220.0,yonden
2018,5,2018-05-05,07:00,1980.0,0.0,1760.0,280.0,－－－－－－－－－－,10.0,690.0,0.0,0.0,0.0,-300.0,-460.0,1980.0,yonden
2018,5,2018-05-05,08:00,2010.0,0.0,1770.0,300.0,－－－－－－－－－－,10.0,1090.0,0.0,10.0,0.0,-570.0,-600.0,2010.0,yonden
2018,5,2018-05-05,09:00,2110.0,0.0,1660.0,320.0,－－－－－－－－－－,10.0,1420.0,0.0,10.0,0.0,-600.0,-710.0,2110.0,yonden
2018,5,2018-05-05,10:00,2150.0,0.0,1690.0,280.0,－－－－－－－－－－,10.0,1630.0,0.0,10.0,0.0,-600.0,-870.0,2150.0,yonden
2018,5,2018-05-05,11:00,2170.0,0.0,1750.0,250.0,－－－－－－－－－－,10.0,1700.0,0.0,10.0,0.0,-590.0,-960.0,2170.0,yonden
2018,5,2018-05-05,12:00,2190.0,0.0,1790.0,230.0,－－－－－－－－－－,10.0,1710.0,0.0,10.0,0.0,-590.0,-970.0,2190.0,yonden
2018,5,2018-05-05,13:00,2190.0,0.0,1810.0,200.0,－－－－－－－－－－,10.0,1610.0,0.0,20.0,0.0,-590.0,-870.0,2190.0,yonden
2018,5,2018-05-05,14:00,2200.0,0.0,1860.0,210.0,－－－－－－－－－－,10.0,1390.0,0.0,20.0,0.0,-590.0,-700.0,2200.0,yonden
2018,5,2018-05-05,15:00,2170.0,0.0,1920.0,290.0,－－－－－－－－－－,10.0,1030.0,0.0,20.0,0.0,-410.0,-690.0,2170.0,yonden
2018,5,2018-05-05,16:00,2280.0,0.0,1950.0,380.0,－－－－－－－－－－,10.0,660.0,0.0,20.0,0.0,-250.0,-490.0,2280.0,yonden
2018,5,2018-05-05,17:00,2360.0,0.0,2070.0,480.0,－－－－－－－－－－,10.0,200.0,0.0,20.0,0.0,100.0,-520.0,2360.0,yonden
2018,5,2018-05-05,18:00,2460.0,0.0,2070.0,650.0,－－－－－－－－－－,10.0,20.0,0.0,20.0,0.0,290.0,-600.0,2460.0,yonden
2018,5,2018-05-05,19:00,2510.0,0.0,2040.0,670.0,－－－－－－－－－－,10.0,0.0,0.0,30.0,0.0,300.0,-540.0,2510.0,yonden
2018,5,2018-05-05,20:00,2420.0,0.0,1980.0,570.0,－－－－－－－－－－,10.0,0.0,0.0,40.0,0.0,300.0,-480.0,2420.0,yonden
2018,5,2018-05-05,21:00,2310.0,0.0,2090.0,470.0,－－－－－－－－－－,10.0,0.0,0.0,40.0,0.0,110.0,-410.0,2310.0,yonden
2018,5,2018-05-05,22:00,2140.0,0.0,2010.0,330.0,－－－－－－－－－－,10.0,0.0,0.0,50.0,0.0,0.0,-260.0,2140.0,yonden
2018,5,2018-05-05,23:00,2070.0,0.0,1970.0,320.0,－－－－－－－－－－,10.0,0.0,0.0,50.0,0.0,0.0,-280.0,2070.0,yonden
2018,5,2018-05-06,00:00,1980.0,0.0,1950.0,280.0,－－－－－－－－－－,10.0,0.0,0.0,60.0,0.0,0.0,-320.0,1980.0,yonden
2018,5,2018-05-06,01:00,2040.0,0.0,1940.0,320.0,－－－－－－－－－－,10.0,0.0,0.0,50.0,0.0,0.0,-280.0,2040.0,yonden
2018,5,2018-05-06,02:00,2250.0,0.0,1960.0,410.0,－－－－－－－－－－,10.0,0.0,0.0,50.0,0.0,0.0,-180.0,2250.0,yonden
2018,5,2018-05-06,03:00,2500.0,0.0,1980.0,520.0,－－－－－－－－－－,10.0,0.0,0.0,50.0,0.0,170.0,-230.0,2500.0,yonden
2018,5,2018-05-06,04:00,2570.0,0.0,1980.0,500.0,－－－－－－－－－－,10.0,0.0,0.0,60.0,0.0,180.0,-160.0,2570.0,yonden
2018,5,2018-05-06,05:00,2420.0,0.0,1970.0,430.0,－－－－－－－－－－,10.0,30.0,0.0,80.0,0.0,60.0,-160.0,2420.0,yonden
2018,5,2018-05-06,06:00,2130.0,0.0,1940.0,330.0,－－－－－－－－－－,10.0,180.0,0.0,70.0,0.0,-50.0,-350.0,2130.0,yonden
2018,5,2018-05-06,07:00,1950.0,0.0,1920.0,280.0,－－－－－－－－－－,10.0,420.0,0.0,70.0,0.0,-300.0,-450.0,1950.0,yonden
2018,5,2018-05-06,08:00,2010.0,0.0,1800.0,270.0,－－－－－－－－－－,10.0,740.0,0.0,90.0,0.0,-300.0,-600.0,2010.0,yonden
2018,5,2018-05-06,09:00,2100.0,0.0,1930.0,300.0,－－－－－－－－－－,10.0,1010.0,0.0,90.0,0.0,-290.0,-950.0,2100.0,yonden
2018,5,2018-05-06,10:00,2200.0,0.0,2080.0,310.0,－－－－－－－－－－,10.0,890.0,0.0,90.0,0.0,-100.0,-1080.0,2200.0,yonden
2018,5,2018-05-06,11:00,2240.0,0.0,2290.0,340.0,－－－－－－－－－－,10.0,660.0,0.0,90.0,0.0,0.0,-1150.0,2240.0,yonden
2018,5,2018-05-06,12:00,2310.0,0.0,2570.0,300.0,－－－－－－－－－－,10.0,460.0,0.0,100.0,0.0,0.0,-1130.0,2310.0,yonden
2018,5,2018-05-06,13:00,2320.0,0.0,2600.0,330.0,－－－－－－－－－－,10.0,290.0,0.0,100.0,0.0,0.0,-1010.0,2320.0,yonden
2018,5,2018-05-06,14:00,2290.0,0.0,2550.0,340.0,－－－－－－－－－－,10.0,200.0,0.0,100.0,0.0,0.0,-910.0,2290.0,yonden
2018,5,2018-05-06,15:00,2320.0,0.0,2160.0,360.0,－－－－－－－－－－,10.0,130.0,0.0,100.0,0.0,0.0,-440.0,2320.0,yonden
2018,5,2018-05-06,16:00,2390.0,0.0,2260.0,440.0,－－－－－－－－－－,10.0,90.0,0.0,110.0,0.0,0.0,-520.0,2390.0,yonden
2018,5,2018-05-06,17:00,2510.0,0.0,2280.0,530.0,－－－－－－－－－－,10.0,40.0,0.0,120.0,0.0,0.0,-470.0,2510.0,yonden
2018,5,2018-05-06,18:00,2610.0,0.0,2350.0,650.0,－－－－－－－－－－,10.0,10.0,0.0,120.0,0.0,0.0,-530.0,2610.0,yonden
2018,5,2018-05-06,19:00,2590.0,0.0,2280.0,670.0,－－－－－－－－－－,10.0,0.0,0.0,120.0,0.0,0.0,-490.0,2590.0,yonden
2018,5,2018-05-06,20:00,2510.0,0.0,2210.0,570.0,－－－－－－－－－－,10.0,0.0,0.0,120.0,0.0,0.0,-400.0,2510.0,yonden
2018,5,2018-05-06,21:00,2370.0,0.0,2160.0,480.0,－－－－－－－－－－,10.0,0.0,0.0,120.0,0.0,0.0,-400.0,2370.0,yonden
2018,5,2018-05-06,22:00,2200.0,0.0,2070.0,390.0,－－－－－－－－－－,10.0,0.0,0.0,120.0,0.0,0.0,-390.0,2200.0,yonden
2018,5,2018-05-06,23:00,2110.0,0.0,1960.0,350.0,－－－－－－－－－－,10.0,0.0,0.0,120.0,0.0,0.0,-330.0,2110.0,yonden
2018,5,2018-05-07,00:00,2050.0,0.0,1900.0,380.0,－－－－－－－－－－,10.0,0.0,0.0,130.0,0.0,0.0,-370.0,2050.0,yonden
2018,5,2018-05-07,01:00,2100.0,0.0,1860.0,420.0,－－－－－－－－－－,10.0,0.0,0.0,110.0,0.0,0.0,-300.0,2100.0,yonden
2018,5,2018-05-07,02:00,2340.0,0.0,1920.0,590.0,－－－－－－－－－－,10.0,0.0,0.0,80.0,0.0,0.0,-260.0,2340.0,yonden
2018,5,2018-05-07,03:00,2580.0,0.0,2070.0,630.0,－－－－－－－－－－,10.0,0.0,0.0,60.0,0.0,0.0,-190.0,2580.0,yonden
2018,5,2018-05-07,04:00,2660.0,0.0,2140.0,610.0,－－－－－－－－－－,10.0,0.0,0.0,40.0,0.0,0.0,-140.0,2660.0,yonden
2018,5,2018-05-07,05:00,2580.0,0.0,2140.0,520.0,－－－－－－－－－－,10.0,20.0,0.0,30.0,0.0,0.0,-140.0,2580.0,yonden
2018,5,2018-05-07,06:00,2460.0,0.0,1970.0,520.0,－－－－－－－－－－,10.0,70.0,0.0,30.0,0.0,0.0,-140.0,2460.0,yonden
2018,5,2018-05-07,07:00,2500.0,0.0,1960.0,470.0,－－－－－－－－－－,10.0,130.0,0.0,50.0,0.0,0.0,-120.0,2500.0,yonden
2018,5,2018-05-07,08:00,2890.0,0.0,2310.0,600.0,－－－－－－－－－－,10.0,200.0,0.0,80.0,0.0,0.0,-310.0,2890.0,yonden
2018,5,2018-05-07,09:00,3140.0,0.0,2670.0,630.0,－－－－－－－－－－,10.0,200.0,0.0,70.0,0.0,30.0,-470.0,3140.0,yonden
2018,5,2018-05-07,10:00,3170.0,0.0,2580.0,630.0,－－－－－－－－－－,10.0,230.0,0.0,80.0,0.0,150.0,-510.0,3170.0,yonden
2018,5,2018-05-07,11:00,3150.0,0.0,2620.0,630.0,－－－－－－－－－－,10.0,290.0,0.0,80.0,0.0,20.0,-500.0,3150.0,yonden
2018,5,2018-05-07,12:00,2930.0,0.0,2400.0,620.0,－－－－－－－－－－,10.0,350.0,0.0,80.0,0.0,0.0,-530.0,2930.0,yonden
2018,5,2018-05-07,13:00,3170.0,0.0,2610.0,640.0,－－－－－－－－－－,10.0,330.0,0.0,50.0,0.0,0.0,-470.0,3170.0,yonden
2018,5,2018-05-07,14:00,3230.0,0.0,2670.0,640.0,－－－－－－－－－－,10.0,210.0,0.0,20.0,0.0,140.0,-460.0,3230.0,yonden
2018,5,2018-05-07,15:00,3170.0,0.0,2570.0,660.0,－－－－－－－－－－,10.0,140.0,0.0,30.0,0.0,190.0,-430.0,3170.0,yonden
2018,5,2018-05-07,16:00,3260.0,0.0,2570.0,680.0,－－－－－－－－－－,10.0,100.0,0.0,50.0,0.0,220.0,-370.0,3260.0,yonden
2018,5,2018-05-07,17:00,3180.0,0.0,2490.0,660.0,－－－－－－－－－－,10.0,50.0,0.0,50.0,0.0,140.0,-220.0,3180.0,yonden
2018,5,2018-05-07,18:00,3150.0,0.0,2510.0,680.0,－－－－－－－－－－,10.0,10.0,0.0,50.0,0.0,90.0,-200.0,3150.0,yonden
2018,5,2018-05-07,19:00,3040.0,0.0,2410.0,700.0,－－－－－－－－－－,10.0,0.0,0.0,40.0,0.0,0.0,-120.0,3040.0,yonden
2018,5,2018-05-07,20:00,2880.0,0.0,2200.0,650.0,－－－－－－－－－－,10.0,0.0,0.0,40.0,0.0,0.0,-20.0,2880.0,yonden
2018,5,2018-05-07,21:00,2720.0,0.0,2080.0,670.0,－－－－－－－－－－,10.0,0.0,0.0,30.0,0.0,0.0,-70.0,2720.0,yonden
2018,5,2018-05-07,22:00,2500.0,0.0,1910.0,660.0,－－－－－－－－－－,10.0,0.0,0.0,30.0,0.0,0.0,-110.0,2500.0,yonden
2018,5,2018-05-07,23:00,2400.0,0.0,1810.0,650.0,－－－－－－－－－－,10.0,0.0,0.0,50.0,0.0,0.0,-120.0,2400.0,yonden
2018,5,2018-05-08,00:00,2320.0,0.0,1780.0,630.0,－－－－－－－－－－,10.0,0.0,0.0,60.0,0.0,0.0,-160.0,2320.0,yonden
2018,5,2018-05-08,01:00,2350.0,0.0,1790.0,630.0,－－－－－－－－－－,10.0,0.0,0.0,70.0,0.0,0.0,-150.0,2350.0,yonden
2018,5,2018-05-08,02:00,2560.0,0.0,1960.0,670.0,－－－－－－－－－－,10.0,0.0,0.0,70.0,0.0,0.0,-150.0,2560.0,yonden
2018,5,2018-05-08,03:00,2780.0,0.0,2110.0,670.0,－－－－－－－－－－,10.0,0.0,0.0,70.0,0.0,0.0,-80.0,2780.0,yonden
2018,5,2018-05-08,04:00,2850.0,0.0,2140.0,690.0,－－－－－－－－－－,10.0,0.0,0.0,70.0,0.0,0.0,-60.0,2850.0,yonden
2018,5,2018-05-08,05:00,2770.0,0.0,2060.0,670.0,－－－－－－－－－－,10.0,30.0,0.0,60.0,0.0,0.0,-60.0,2770.0,yonden
2018,5,2018-05-08,06:00,2620.0,0.0,1990.0,630.0,－－－－－－－－－－,10.0,100.0,0.0,50.0,0.0,0.0,-160.0,2620.0,yonden
2018,5,2018-05-08,07:00,2650.0,0.0,2270.0,640.0,－－－－－－－－－－,10.0,130.0,0.0,60.0,0.0,0.0,-460.0,2650.0,yonden
2018,5,2018-05-08,08:00,3010.0,0.0,2620.0,670.0,－－－－－－－－－－,10.0,160.0,0.0,60.0,0.0,20.0,-530.0,3010.0,yonden
2018,5,2018-05-08,09:00,3230.0,0.0,2700.0,660.0,－－－－－－－－－－,10.0,200.0,0.0,60.0,0.0,140.0,-540.0,3230.0,yonden
2018,5,2018-05-08,10:00,3240.0,0.0,2720.0,690.0,－－－－－－－－－－,10.0,250.0,0.0,70.0,0.0,140.0,-640.0,3240.0,yonden
2018,5,2018-05-08,11:00,3220.0,0.0,2730.0,680.0,－－－－－－－－－－,10.0,290.0,0.0,60.0,0.0,140.0,-690.0,3220.0,yonden
2018,5,2018-05-08,12:00,3060.0,0.0,2730.0,670.0,－－－－－－－－－－,10.0,290.0,0.0,60.0,0.0,160.0,-860.0,3060.0,yonden
2018,5,2018-05-08,13:00,3320.0,0.0,2770.0,720.0,－－－－－－－－－－,10.0,250.0,0.0,60.0,0.0,320.0,-810.0,3320.0,yonden
2018,5,2018-05-08,14:00,3320.0,0.0,2770.0,660.0,－－－－－－－－－－,10.0,210.0,0.0,70.0,0.0,210.0,-610.0,3320.0,yonden
2018,5,2018-05-08,15:00,3250.0,0.0,2760.0,650.0,－－－－－－－－－－,10.0,150.0,0.0,70.0,0.0,140.0,-530.0,3250.0,yonden
2018,5,2018-05-08,16:00,3230.0,0.0,2690.0,710.0,－－－－－－－－－－,10.0,110.0,0.0,70.0,0.0,70.0,-430.0,3230.0,yonden
2018,5,2018-05-08,17:00,3210.0,0.0,2620.0,730.0,－－－－－－－－－－,10.0,50.0,0.0,80.0,0.0,0.0,-280.0,3210.0,yonden
2018,5,2018-05-08,18:00,3210.0,0.0,2670.0,770.0,－－－－－－－－－－,10.0,10.0,0.0,70.0,0.0,0.0,-320.0,3210.0,yonden
2018,5,2018-05-08,19:00,3110.0,0.0,2580.0,750.0,－－－－－－－－－－,10.0,0.0,0.0,80.0,0.0,0.0,-310.0,3110.0,yonden
2018,5,2018-05-08,20:00,2960.0,0.0,2470.0,710.0,－－－－－－－－－－,10.0,0.0,0.0,70.0,0.0,0.0,-300.0,2960.0,yonden
2018,5,2018-05-08,21:00,2790.0,0.0,2380.0,680.0,－－－－－－－－－－,10.0,0.0,0.0,70.0,0.0,0.0,-350.0,2790.0,yonden
2018,5,2018-05-08,22:00,2610.0,0.0,2350.0,680.0,－－－－－－－－－－,10.0,0.0,0.0,80.0,0.0,0.0,-510.0,2610.0,yonden
2018,5,2018-05-08,23:00,2500.0,0.0,2290.0,700.0,－－－－－－－－－－,10.0,0.0,0.0,80.0,0.0,0.0,-580.0,2500.0,yonden
2018,5,2018-05-09,00:00,2390.0,0.0,2050.0,670.0,－－－－－－－－－－,10.0,0.0,0.0,90.0,0.0,0.0,-430.0,2390.0,yonden
2018,5,2018-05-09,01:00,2430.0,0.0,2020.0,690.0,－－－－－－－－－－,10.0,0.0,0.0,90.0,0.0,0.0,-380.0,2430.0,yonden
2018,5,2018-05-09,02:00,2640.0,0.0,2110.0,690.0,－－－－－－－－－－,10.0,0.0,0.0,90.0,0.0,0.0,-260.0,2640.0,yonden
2018,5,2018-05-09,03:00,2870.0,0.0,2230.0,730.0,－－－－－－－－－－,10.0,0.0,0.0,90.0,0.0,0.0,-190.0,2870.0,yonden
2018,5,2018-05-09,04:00,2930.0,0.0,2210.0,740.0,－－－－－－－－－－,10.0,0.0,0.0,90.0,0.0,0.0,-120.0,2930.0,yonden
2018,5,2018-05-09,05:00,2860.0,0.0,2190.0,710.0,－－－－－－－－－－,10.0,30.0,0.0,90.0,0.0,0.0,-170.0,2860.0,yonden
2018,5,2018-05-09,06:00,2710.0,0.0,2090.0,660.0,－－－－－－－－－－,10.0,230.0,0.0,90.0,0.0,0.0,-370.0,2710.0,yonden
2018,5,2018-05-09,07:00,2590.0,0.0,1880.0,660.0,－－－－－－－－－－,10.0,560.0,0.0,80.0,0.0,0.0,-600.0,2590.0,yonden
2018,5,2018-05-09,08:00,2850.0,0.0,1820.0,690.0,－－－－－－－－－－,10.0,900.0,0.0,80.0,0.0,0.0,-650.0,2850.0,yonden
2018,5,2018-05-09,09:00,3050.0,0.0,1880.0,700.0,－－－－－－－－－－,10.0,1120.0,0.0,70.0,0.0,0.0,-730.0,3050.0,yonden
2018,5,2018-05-09,10:00,3070.0,0.0,2060.0,710.0,－－－－－－－－－－,10.0,1120.0,0.0,70.0,0.0,0.0,-900.0,3070.0,yonden
2018,5,2018-05-09,11:00,3090.0,0.0,2210.0,720.0,－－－－－－－－－－,10.0,1180.0,0.0,80.0,0.0,0.0,-1110.0,3090.0,yonden
2018,5,2018-05-09,12:00,2870.0,0.0,2080.0,700.0,－－－－－－－－－－,10.0,1210.0,0.0,90.0,0.0,0.0,-1220.0,2870.0,yonden
2018,5,2018-05-09,13:00,3030.0,0.0,2020.0,690.0,－－－－－－－－－－,10.0,1260.0,0.0,80.0,0.0,0.0,-1030.0,3030.0,yonden
2018,5,2018-05-09,14:00,3040.0,0.0,1980.0,690.0,－－－－－－－－－－,10.0,1310.0,0.0,80.0,0.0,-260.0,-770.0,3040.0,yonden
2018,5,2018-05-09,15:00,3020.0,0.0,2120.0,710.0,－－－－－－－－－－,10.0,1120.0,0.0,90.0,0.0,-310.0,-720.0,3020.0,yonden
2018,5,2018-05-09,16:00,3090.0,0.0,2310.0,700.0,－－－－－－－－－－,10.0,770.0,0.0,90.0,0.0,-310.0,-480.0,3090.0,yonden
2018,5,2018-05-09,17:00,3030.0,0.0,2250.0,680.0,－－－－－－－－－－,10.0,360.0,0.0,100.0,0.0,-50.0,-320.0,3030.0,yonden
2018,5,2018-05-09,18:00,3010.0,0.0,2390.0,730.0,－－－－－－－－－－,10.0,50.0,0.0,100.0,0.0,40.0,-310.0,3010.0,yonden
2018,5,2018-05-09,19:00,3040.0,0.0,2280.0,740.0,－－－－－－－－－－,10.0,0.0,0.0,110.0,0.0,200.0,-300.0,3040.0,yonden
2018,5,2018-05-09,20:00,2920.0,0.0,2300.0,700.0,－－－－－－－－－－,10.0,0.0,0.0,100.0,0.0,120.0,-310.0,2920.0,yonden
2018,5,2018-05-09,21:00,2770.0,0.0,2370.0,700.0,－－－－－－－－－－,10.0,0.0,0.0,90.0,0.0,0.0,-400.0,2770.0,yonden
2018,5,2018-05-09,22:00,2590.0,0.0,2300.0,700.0,－－－－－－－－－－,10.0,0.0,0.0,90.0,0.0,0.0,-510.0,2590.0,yonden
2018,5,2018-05-09,23:00,2480.0,0.0,2310.0,690.0,－－－－－－－－－－,10.0,0.0,0.0,90.0,0.0,0.0,-620.0,2480.0,yonden
2018,5,2018-05-10,00:00,2360.0,0.0,1980.0,650.0,－－－－－－－－－－,10.0,0.0,0.0,70.0,0.0,0.0,-350.0,2360.0,yonden
2018,5,2018-05-10,01:00,2400.0,0.0,1920.0,680.0,－－－－－－－－－－,10.0,0.0,0.0,70.0,0.0,0.0,-280.0,2400.0,yonden
2018,5,2018-05-10,02:00,2650.0,0.0,2090.0,740.0,－－－－－－－－－－,10.0,0.0,0.0,80.0,0.0,0.0,-270.0,2650.0,yonden
2018,5,2018-05-10,03:00,2890.0,0.0,2150.0,760.0,－－－－－－－－－－,10.0,0.0,0.0,80.0,0.0,30.0,-140.0,2890.0,yonden
2018,5,2018-05-10,04:00,2970.0,0.0,2070.0,710.0,－－－－－－－－－－,10.0,0.0,0.0,70.0,0.0,190.0,-80.0,2970.0,yonden
2018,5,2018-05-10,05:00,2890.0,0.0,2140.0,710.0,－－－－－－－－－－,10.0,40.0,0.0,70.0,0.0,20.0,-100.0,2890.0,yonden
2018,5,2018-05-10,06:00,2730.0,0.0,1990.0,670.0,－－－－－－－－－－,10.0,320.0,0.0,80.0,0.0,0.0,-340.0,2730.0,yonden
2018,5,2018-05-10,07:00,2580.0,0.0,1900.0,660.0,－－－－－－－－－－,10.0,690.0,0.0,70.0,0.0,-60.0,-690.0,2580.0,yonden
2018,5,2018-05-10,08:00,2820.0,0.0,1970.0,690.0,－－－－－－－－－－,10.0,1090.0,0.0,70.0,0.0,-310.0,-700.0,2820.0,yonden
2018,5,2018-05-10,09:00,2960.0,0.0,1920.0,660.0,－－－－－－－－－－,10.0,1400.0,0.0,60.0,0.0,-310.0,-780.0,2960.0,yonden
2018,5,2018-05-10,10:00,3010.0,0.0,1940.0,690.0,－－－－－－－－－－,10.0,1630.0,0.0,40.0,0.0,-310.0,-990.0,3010.0,yonden
2018,5,2018-05-10,11:00,3030.0,0.0,2020.0,690.0,－－－－－－－－－－,10.0,1720.0,0.0,40.0,0.0,-310.0,-1140.0,3030.0,yonden
2018,5,2018-05-10,12:00,2840.0,0.0,2080.0,650.0,－－－－－－－－－－,10.0,1730.0,0.0,30.0,0.0,-310.0,-1350.0,2840.0,yonden
2018,5,2018-05-10,13:00,3030.0,0.0,2030.0,660.0,－－－－－－－－－－,10.0,1680.0,0.0,20.0,0.0,-300.0,-1070.0,3030.0,yonden
2018,5,2018-05-10,14:00,3040.0,0.0,1960.0,660.0,－－－－－－－－－－,10.0,1520.0,0.0,20.0,0.0,-300.0,-830.0,3040.0,yonden
2018,5,2018-05-10,15:00,3040.0,0.0,1980.0,680.0,－－－－－－－－－－,10.0,1230.0,0.0,20.0,0.0,-200.0,-680.0,3040.0,yonden
2018,5,2018-05-10,16:00,3100.0,0.0,2050.0,680.0,－－－－－－－－－－,10.0,840.0,0.0,30.0,0.0,0.0,-510.0,3100.0,yonden
2018,5,2018-05-10,17:00,3070.0,0.0,2200.0,690.0,－－－－－－－－－－,10.0,410.0,0.0,20.0,0.0,0.0,-260.0,3070.0,yonden
2018,5,2018-05-10,18:00,3040.0,0.0,2220.0,730.0,－－－－－－－－－－,10.0,60.0,0.0,20.0,0.0,140.0,-140.0,3040.0,yonden
2018,5,2018-05-10,19:00,3060.0,0.0,2340.0,790.0,－－－－－－－－－－,10.0,0.0,0.0,20.0,0.0,220.0,-320.0,3060.0,yonden
2018,5,2018-05-10,20:00,2940.0,0.0,2330.0,750.0,－－－－－－－－－－,10.0,0.0,0.0,20.0,0.0,230.0,-400.0,2940.0,yonden
2018,5,2018-05-10,21:00,2770.0,0.0,2400.0,700.0,－－－－－－－－－－,10.0,0.0,0.0,10.0,0.0,80.0,-430.0,2770.0,yonden
2018,5,2018-05-10,22:00,2580.0,0.0,2330.0,680.0,－－－－－－－－－－,10.0,0.0,0.0,0.0,0.0,0.0,-440.0,2580.0,yonden
2018,5,2018-05-10,23:00,2480.0,0.0,2110.0,660.0,－－－－－－－－－－,10.0,0.0,0.0,0.0,0.0,0.0,-300.0,2480.0,yonden
2018,5,2018-05-11,00:00,2370.0,0.0,2060.0,690.0,－－－－－－－－－－,10.0,0.0,0.0,0.0,0.0,0.0,-390.0,2370.0,yonden
2018,5,2018-05-11,01:00,2430.0,0.0,1950.0,700.0,－－－－－－－－－－,10.0,0.0,0.0,0.0,0.0,120.0,-350.0,2430.0,yonden
2018,5,2018-05-11,02:00,2660.0,0.0,2020.0,720.0,－－－－－－－－－－,10.0,0.0,0.0,10.0,0.0,290.0,-390.0,2660.0,yonden
2018,5,2018-05-11,03:00,2890.0,0.0,2090.0,770.0,－－－－－－－－－－,10.0,0.0,0.0,0.0,0.0,300.0,-280.0,2890.0,yonden
2018,5,2018-05-11,04:00,2970.0,0.0,2150.0,780.0,－－－－－－－－－－,10.0,0.0,0.0,0.0,0.0,300.0,-270.0,2970.0,yonden
2018,5,2018-05-11,05:00,2890.0,0.0,2130.0,730.0,－－－－－－－－－－,10.0,50.0,0.0,0.0,0.0,220.0,-250.0,2890.0,yonden
2018,5,2018-05-11,06:00,2730.0,0.0,2080.0,680.0,－－－－－－－－－－,10.0,340.0,0.0,0.0,0.0,100.0,-480.0,2730.0,yonden
2018,5,2018-05-11,07:00,2550.0,0.0,2010.0,690.0,－－－－－－－－－－,10.0,720.0,0.0,0.0,0.0,-240.0,-640.0,2550.0,yonden
2018,5,2018-05-11,08:00,2760.0,0.0,1900.0,640.0,－－－－－－－－－－,10.0,1080.0,0.0,0.0,0.0,-310.0,-560.0,2760.0,yonden
2018,5,2018-05-11,09:00,2910.0,0.0,1970.0,680.0,－－－－－－－－－－,10.0,1370.0,0.0,0.0,0.0,-460.0,-660.0,2910.0,yonden
2018,5,2018-05-11,10:00,2970.0,0.0,1980.0,700.0,－－－－－－－－－－,10.0,1590.0,0.0,0.0,0.0,-600.0,-710.0,2970.0,yonden
2018,5,2018-05-11,11:00,3010.0,0.0,2030.0,690.0,－－－－－－－－－－,10.0,1680.0,0.0,0.0,0.0,-570.0,-830.0,3010.0,yonden
2018,5,2018-05-11,12:00,2850.0,0.0,1810.0,650.0,－－－－－－－－－－,10.0,1700.0,0.0,10.0,0.0,-300.0,-1030.0,2850.0,yonden
2018,5,2018-05-11,13:00,3020.0,0.0,1830.0,650.0,－－－－－－－－－－,10.0,1640.0,0.0,10.0,0.0,-300.0,-820.0,3020.0,yonden
2018,5,2018-05-11,14:00,3060.0,0.0,1820.0,640.0,－－－－－－－－－－,10.0,1480.0,0.0,30.0,0.0,-300.0,-620.0,3060.0,yonden
2018,5,2018-05-11,15:00,3080.0,0.0,2010.0,670.0,－－－－－－－－－－,10.0,1190.0,0.0,50.0,0.0,-250.0,-600.0,3080.0,yonden
2018,5,2018-05-11,16:00,3140.0,0.0,2070.0,690.0,－－－－－－－－－－,10.0,790.0,0.0,60.0,0.0,0.0,-480.0,3140.0,yonden
2018,5,2018-05-11,17:00,3120.0,0.0,2110.0,740.0,－－－－－－－－－－,10.0,370.0,0.0,80.0,0.0,110.0,-300.0,3120.0,yonden
2018,5,2018-05-11,18:00,3040.0,0.0,2070.0,810.0,－－－－－－－－－－,10.0,50.0,0.0,80.0,0.0,280.0,-260.0,3040.0,yonden
2018,5,2018-05-11,19:00,3020.0,0.0,1950.0,770.0,－－－－－－－－－－,10.0,0.0,0.0,80.0,0.0,290.0,-80.0,3020.0,yonden
2018,5,2018-05-11,20:00,2900.0,0.0,1950.0,760.0,－－－－－－－－－－,10.0,0.0,0.0,70.0,0.0,280.0,-170.0,2900.0,yonden
2018,5,2018-05-11,21:00,2740.0,0.0,1940.0,690.0,－－－－－－－－－－,10.0,0.0,0.0,60.0,0.0,200.0,-160.0,2740.0,yonden
2018,5,2018-05-11,22:00,2540.0,0.0,1970.0,680.0,－－－－－－－－－－,10.0,0.0,0.0,50.0,0.0,0.0,-170.0,2540.0,yonden
2018,5,2018-05-11,23:00,2440.0,0.0,2040.0,620.0,－－－－－－－－－－,10.0,0.0,0.0,50.0,0.0,0.0,-280.0,2440.0,yonden
2018,5,2018-05-12,00:00,2330.0,0.0,2050.0,590.0,－－－－－－－－－－,10.0,0.0,0.0,30.0,0.0,0.0,-350.0,2330.0,yonden
2018,5,2018-05-12,01:00,2360.0,0.0,2030.0,570.0,－－－－－－－－－－,10.0,0.0,0.0,30.0,0.0,0.0,-280.0,2360.0,yonden
2018,5,2018-05-12,02:00,2560.0,0.0,2110.0,660.0,－－－－－－－－－－,10.0,0.0,0.0,20.0,0.0,50.0,-290.0,2560.0,yonden
2018,5,2018-05-12,03:00,2800.0,0.0,2080.0,750.0,－－－－－－－－－－,10.0,0.0,0.0,20.0,0.0,210.0,-270.0,2800.0,yonden
2018,5,2018-05-12,04:00,2860.0,0.0,2070.0,760.0,－－－－－－－－－－,10.0,0.0,0.0,20.0,0.0,250.0,-250.0,2860.0,yonden
2018,5,2018-05-12,05:00,2730.0,0.0,2110.0,720.0,－－－－－－－－－－,10.0,50.0,0.0,20.0,0.0,60.0,-240.0,2730.0,yonden
2018,5,2018-05-12,06:00,2480.0,0.0,1970.0,730.0,－－－－－－－－－－,10.0,310.0,0.0,20.0,0.0,-60.0,-500.0,2480.0,yonden
2018,5,2018-05-12,07:00,2310.0,0.0,1850.0,700.0,－－－－－－－－－－,10.0,690.0,0.0,20.0,0.0,-310.0,-650.0,2310.0,yonden
2018,5,2018-05-12,08:00,2460.0,0.0,1820.0,640.0,－－－－－－－－－－,10.0,1050.0,0.0,30.0,0.0,-310.0,-780.0,2460.0,yonden
2018,5,2018-05-12,09:00,2590.0,0.0,1910.0,620.0,－－－－－－－－－－,10.0,1350.0,0.0,30.0,0.0,-310.0,-1020.0,2590.0,yonden
2018,5,2018-05-12,10:00,2680.0,0.0,1990.0,620.0,－－－－－－－－－－,10.0,1560.0,0.0,40.0,0.0,-310.0,-1230.0,2680.0,yonden
2018,5,2018-05-12,11:00,2760.0,0.0,1950.0,590.0,－－－－－－－－－－,10.0,1640.0,0.0,50.0,0.0,-130.0,-1350.0,2760.0,yonden
2018,5,2018-05-12,12:00,2680.0,0.0,1930.0,560.0,－－－－－－－－－－,10.0,1640.0,0.0,60.0,0.0,0.0,-1520.0,2680.0,yonden
2018,5,2018-05-12,13:00,2750.0,0.0,1900.0,550.0,－－－－－－－－－－,10.0,1600.0,0.0,70.0,0.0,0.0,-1380.0,2750.0,yonden
2018,5,2018-05-12,14:00,2770.0,0.0,2010.0,560.0,－－－－－－－－－－,10.0,1440.0,0.0,80.0,0.0,0.0,-1330.0,2770.0,yonden
2018,5,2018-05-12,15:00,2760.0,0.0,2030.0,560.0,－－－－－－－－－－,10.0,1120.0,0.0,80.0,0.0,0.0,-1040.0,2760.0,yonden
2018,5,2018-05-12,16:00,2810.0,0.0,2170.0,660.0,－－－－－－－－－－,10.0,760.0,0.0,90.0,0.0,0.0,-880.0,2810.0,yonden
2018,5,2018-05-12,17:00,2810.0,0.0,2270.0,690.0,－－－－－－－－－－,10.0,350.0,0.0,90.0,0.0,0.0,-600.0,2810.0,yonden
2018,5,2018-05-12,18:00,2810.0,0.0,2490.0,760.0,－－－－－－－－－－,10.0,50.0,0.0,90.0,0.0,0.0,-590.0,2810.0,yonden
2018,5,2018-05-12,19:00,2840.0,0.0,2540.0,820.0,－－－－－－－－－－,10.0,0.0,0.0,90.0,0.0,0.0,-620.0,2840.0,yonden
2018,5,2018-05-12,20:00,2720.0,0.0,2390.0,770.0,－－－－－－－－－－,10.0,0.0,0.0,90.0,0.0,0.0,-540.0,2720.0,yonden
2018,5,2018-05-12,21:00,2580.0,0.0,2250.0,740.0,－－－－－－－－－－,10.0,0.0,0.0,90.0,0.0,0.0,-510.0,2580.0,yonden
2018,5,2018-05-12,22:00,2410.0,0.0,2180.0,710.0,－－－－－－－－－－,10.0,0.0,0.0,80.0,0.0,0.0,-570.0,2410.0,yonden
2018,5,2018-05-12,23:00,2320.0,0.0,2180.0,580.0,－－－－－－－－－－,10.0,0.0,0.0,90.0,0.0,0.0,-540.0,2320.0,yonden
2018,5,2018-05-13,00:00,2220.0,0.0,2130.0,560.0,－－－－－－－－－－,10.0,0.0,0.0,100.0,0.0,0.0,-580.0,2220.0,yonden
2018,5,2018-05-13,01:00,2250.0,0.0,2110.0,640.0,－－－－－－－－－－,10.0,0.0,0.0,100.0,0.0,0.0,-610.0,2250.0,yonden
2018,5,2018-05-13,02:00,2460.0,0.0,2220.0,710.0,－－－－－－－－－－,10.0,0.0,0.0,100.0,0.0,30.0,-610.0,2460.0,yonden
2018,5,2018-05-13,03:00,2680.0,0.0,2210.0,740.0,－－－－－－－－－－,10.0,0.0,0.0,120.0,0.0,160.0,-560.0,2680.0,yonden
2018,5,2018-05-13,04:00,2720.0,0.0,2180.0,740.0,－－－－－－－－－－,10.0,0.0,0.0,100.0,0.0,170.0,-480.0,2720.0,yonden
2018,5,2018-05-13,05:00,2580.0,0.0,2210.0,710.0,－－－－－－－－－－,10.0,30.0,0.0,70.0,0.0,80.0,-530.0,2580.0,yonden
2018,5,2018-05-13,06:00,2270.0,0.0,2070.0,630.0,－－－－－－－－－－,10.0,90.0,0.0,70.0,0.0,0.0,-600.0,2270.0,yonden
2018,5,2018-05-13,07:00,2140.0,0.0,2100.0,620.0,－－－－－－－－－－,10.0,140.0,0.0,90.0,0.0,0.0,-820.0,2140.0,yonden
2018,5,2018-05-13,08:00,2270.0,0.0,2340.0,680.0,－－－－－－－－－－,10.0,250.0,0.0,90.0,0.0,0.0,-1100.0,2270.0,yonden
2018,5,2018-05-13,09:00,2380.0,0.0,2370.0,680.0,－－－－－－－－－－,10.0,350.0,0.0,70.0,0.0,0.0,-1100.0,2380.0,yonden
2018,5,2018-05-13,10:00,2560.0,0.0,2680.0,670.0,－－－－－－－－－－,10.0,270.0,0.0,50.0,0.0,0.0,-1120.0,2560.0,yonden
2018,5,2018-05-13,11:00,2660.0,0.0,2870.0,660.0,－－－－－－－－－－,10.0,230.0,0.0,50.0,0.0,0.0,-1160.0,2660.0,yonden
2018,5,2018-05-13,12:00,2630.0,0.0,2770.0,660.0,－－－－－－－－－－,10.0,220.0,0.0,30.0,0.0,0.0,-1060.0,2630.0,yonden
2018,5,2018-05-13,13:00,2610.0,0.0,2740.0,680.0,－－－－－－－－－－,10.0,190.0,0.0,20.0,0.0,0.0,-1030.0,2610.0,yonden
2018,5,2018-05-13,14:00,2570.0,0.0,2700.0,680.0,－－－－－－－－－－,10.0,160.0,0.0,20.0,0.0,0.0,-1000.0,2570.0,yonden
2018,5,2018-05-13,15:00,2590.0,0.0,2560.0,680.0,－－－－－－－－－－,10.0,120.0,0.0,20.0,0.0,0.0,-800.0,2590.0,yonden
2018,5,2018-05-13,16:00,2640.0,0.0,2420.0,690.0,－－－－－－－－－－,10.0,80.0,0.0,10.0,0.0,0.0,-570.0,2640.0,yonden
2018,5,2018-05-13,17:00,2720.0,0.0,2440.0,700.0,－－－－－－－－－－,10.0,40.0,0.0,10.0,0.0,0.0,-480.0,2720.0,yonden
2018,5,2018-05-13,18:00,2770.0,0.0,2500.0,710.0,－－－－－－－－－－,10.0,10.0,0.0,10.0,0.0,0.0,-470.0,2770.0,yonden
2018,5,2018-05-13,19:00,2740.0,0.0,2430.0,710.0,－－－－－－－－－－,10.0,0.0,0.0,10.0,0.0,0.0,-420.0,2740.0,yonden
2018,5,2018-05-13,20:00,2650.0,0.0,2410.0,690.0,－－－－－－－－－－,10.0,0.0,0.0,10.0,0.0,0.0,-470.0,2650.0,yonden
2018,5,2018-05-13,21:00,2500.0,0.0,2300.0,700.0,－－－－－－－－－－,10.0,0.0,0.0,10.0,0.0,0.0,-520.0,2500.0,yonden
2018,5,2018-05-13,22:00,2340.0,0.0,2190.0,700.0,－－－－－－－－－－,10.0,0.0,0.0,30.0,0.0,0.0,-590.0,2340.0,yonden
2018,5,2018-05-13,23:00,2250.0,0.0,2020.0,690.0,－－－－－－－－－－,10.0,0.0,0.0,50.0,0.0,0.0,-520.0,2250.0,yonden
2018,5,2018-05-14,00:00,2190.0,0.0,1970.0,690.0,－－－－－－－－－－,10.0,0.0,0.0,60.0,0.0,0.0,-540.0,2190.0,yonden
2018,5,2018-05-14,01:00,2260.0,0.0,2060.0,690.0,－－－－－－－－－－,10.0,0.0,0.0,60.0,0.0,0.0,-560.0,2260.0,yonden
2018,5,2018-05-14,02:00,2470.0,0.0,2330.0,680.0,－－－－－－－－－－,10.0,0.0,0.0,70.0,0.0,60.0,-680.0,2470.0,yonden
2018,5,2018-05-14,03:00,2710.0,0.0,2460.0,710.0,－－－－－－－－－－,10.0,0.0,0.0,70.0,0.0,300.0,-840.0,2710.0,yonden
2018,5,2018-05-14,04:00,2780.0,0.0,2640.0,680.0,－－－－－－－－－－,10.0,0.0,0.0,60.0,0.0,90.0,-700.0,2780.0,yonden
2018,5,2018-05-14,05:00,2690.0,0.0,2520.0,690.0,－－－－－－－－－－,10.0,50.0,0.0,50.0,0.0,0.0,-630.0,2690.0,yonden
2018,5,2018-05-14,06:00,2580.0,0.0,2270.0,690.0,－－－－－－－－－－,10.0,310.0,0.0,40.0,0.0,0.0,-740.0,2580.0,yonden
2018,5,2018-05-14,07:00,2510.0,0.0,2210.0,650.0,－－－－－－－－－－,10.0,640.0,0.0,50.0,0.0,0.0,-1050.0,2510.0,yonden
2018,5,2018-05-14,08:00,2800.0,0.0,2310.0,700.0,－－－－－－－－－－,10.0,1010.0,0.0,50.0,0.0,-300.0,-980.0,2800.0,yonden
2018,5,2018-05-14,09:00,3020.0,0.0,2420.0,700.0,－－－－－－－－－－,10.0,1340.0,0.0,40.0,0.0,-300.0,-1190.0,3020.0,yonden
2018,5,2018-05-14,10:00,3090.0,0.0,2430.0,710.0,－－－－－－－－－－,10.0,1570.0,0.0,30.0,0.0,-300.0,-1360.0,3090.0,yonden
2018,5,2018-05-14,11:00,3090.0,0.0,2410.0,720.0,－－－－－－－－－－,10.0,1670.0,0.0,40.0,0.0,-300.0,-1460.0,3090.0,yonden
2018,5,2018-05-14,12:00,2940.0,0.0,2350.0,710.0,－－－－－－－－－－,10.0,1690.0,0.0,50.0,0.0,-300.0,-1570.0,2940.0,yonden
2018,5,2018-05-14,13:00,3150.0,0.0,2400.0,690.0,－－－－－－－－－－,10.0,1630.0,0.0,60.0,0.0,-300.0,-1340.0,3150.0,yonden
2018,5,2018-05-14,14:00,3190.0,0.0,2460.0,680.0,－－－－－－－－－－,10.0,1450.0,0.0,70.0,0.0,-300.0,-1180.0,3190.0,yonden
2018,5,2018-05-14,15:00,3200.0,0.0,2510.0,690.0,－－－－－－－－－－,10.0,1180.0,0.0,60.0,0.0,-300.0,-950.0,3200.0,yonden
2018,5,2018-05-14,16:00,3240.0,0.0,2520.0,680.0,－－－－－－－－－－,10.0,810.0,0.0,40.0,0.0,-100.0,-720.0,3240.0,yonden
2018,5,2018-05-14,17:00,3210.0,0.0,2660.0,730.0,－－－－－－－－－－,10.0,400.0,0.0,30.0,0.0,10.0,-630.0,3210.0,yonden
2018,5,2018-05-14,18:00,3120.0,0.0,2630.0,720.0,－－－－－－－－－－,10.0,70.0,0.0,30.0,0.0,240.0,-580.0,3120.0,yonden
2018,5,2018-05-14,19:00,3080.0,0.0,2600.0,770.0,－－－－－－－－－－,10.0,0.0,0.0,20.0,0.0,290.0,-610.0,3080.0,yonden
2018,5,2018-05-14,20:00,2940.0,0.0,2470.0,750.0,－－－－－－－－－－,10.0,0.0,0.0,10.0,0.0,320.0,-620.0,2940.0,yonden
2018,5,2018-05-14,21:00,2740.0,0.0,2450.0,700.0,－－－－－－－－－－,10.0,0.0,0.0,10.0,0.0,210.0,-640.0,2740.0,yonden
2018,5,2018-05-14,22:00,2550.0,0.0,2500.0,680.0,－－－－－－－－－－,10.0,0.0,0.0,10.0,0.0,30.0,-680.0,2550.0,yonden
2018,5,2018-05-14,23:00,2440.0,0.0,2470.0,690.0,－－－－－－－－－－,10.0,0.0,0.0,0.0,0.0,0.0,-730.0,2440.0,yonden
2018,5,2018-05-15,00:00,2320.0,0.0,2380.0,650.0,－－－－－－－－－－,10.0,0.0,0.0,0.0,0.0,0.0,-720.0,2320.0,yonden
2018,5,2018-05-15,01:00,2360.0,0.0,2350.0,660.0,－－－－－－－－－－,10.0,0.0,0.0,0.0,0.0,0.0,-660.0,2360.0,yonden
2018,5,2018-05-15,02:00,2580.0,0.0,2520.0,670.0,－－－－－－－－－－,10.0,0.0,0.0,0.0,0.0,0.0,-620.0,2580.0,yonden
2018,5,2018-05-15,03:00,2820.0,0.0,2540.0,790.0,－－－－－－－－－－,10.0,0.0,0.0,0.0,0.0,0.0,-520.0,2820.0,yonden
2018,5,2018-05-15,04:00,2890.0,0.0,2530.0,800.0,－－－－－－－－－－,10.0,0.0,0.0,0.0,0.0,0.0,-450.0,2890.0,yonden
2018,5,2018-05-15,05:00,2780.0,0.0,2470.0,780.0,－－－－－－－－－－,10.0,50.0,0.0,0.0,0.0,0.0,-530.0,2780.0,yonden
2018,5,2018-05-15,06:00,2620.0,0.0,2370.0,730.0,－－－－－－－－－－,10.0,310.0,0.0,0.0,0.0,0.0,-800.0,2620.0,yonden
2018,5,2018-05-15,07:00,2530.0,0.0,2220.0,690.0,－－－－－－－－－－,10.0,640.0,0.0,0.0,0.0,0.0,-1030.0,2530.0,yonden
2018,5,2018-05-15,08:00,2840.0,0.0,2110.0,620.0,－－－－－－－－－－,10.0,980.0,0.0,0.0,0.0,0.0,-880.0,2840.0,yonden
2018,5,2018-05-15,09:00,3050.0,0.0,2050.0,620.0,－－－－－－－－－－,10.0,1280.0,0.0,0.0,0.0,0.0,-910.0,3050.0,yonden
2018,5,2018-05-15,10:00,3120.0,0.0,2010.0,610.0,－－－－－－－－－－,10.0,1490.0,0.0,0.0,0.0,0.0,-1000.0,3120.0,yonden
2018,5,2018-05-15,11:00,3190.0,0.0,1980.0,620.0,－－－－－－－－－－,10.0,1590.0,0.0,0.0,0.0,0.0,-1010.0,3190.0,yonden
2018,5,2018-05-15,12:00,3030.0,0.0,2000.0,610.0,－－－－－－－－－－,10.0,1610.0,0.0,0.0,0.0,0.0,-1200.0,3030.0,yonden
2018,5,2018-05-15,13:00,3260.0,0.0,2210.0,610.0,－－－－－－－－－－,10.0,1520.0,0.0,0.0,0.0,0.0,-1090.0,3260.0,yonden
2018,5,2018-05-15,14:00,3280.0,0.0,2130.0,640.0,－－－－－－－－－－,10.0,1350.0,0.0,0.0,0.0,0.0,-850.0,3280.0,yonden
2018,5,2018-05-15,15:00,3290.0,0.0,2230.0,650.0,－－－－－－－－－－,10.0,1070.0,0.0,0.0,0.0,0.0,-670.0,3290.0,yonden
2018,5,2018-05-15,16:00,3340.0,0.0,2460.0,730.0,－－－－－－－－－－,10.0,710.0,0.0,0.0,0.0,0.0,-570.0,3340.0,yonden
2018,5,2018-05-15,17:00,3250.0,0.0,2690.0,780.0,－－－－－－－－－－,10.0,330.0,0.0,10.0,0.0,0.0,-570.0,3250.0,yonden
2018,5,2018-05-15,18:00,3170.0,0.0,2730.0,820.0,－－－－－－－－－－,10.0,50.0,0.0,30.0,0.0,0.0,-470.0,3170.0,yonden
2018,5,2018-05-15,19:00,3120.0,0.0,2660.0,740.0,－－－－－－－－－－,10.0,0.0,0.0,40.0,0.0,200.0,-530.0,3120.0,yonden
2018,5,2018-05-15,20:00,2970.0,0.0,2710.0,750.0,－－－－－－－－－－,10.0,0.0,0.0,50.0,0.0,50.0,-600.0,2970.0,yonden
2018,5,2018-05-15,21:00,2780.0,0.0,2640.0,720.0,－－－－－－－－－－,10.0,0.0,0.0,60.0,0.0,0.0,-650.0,2780.0,yonden
2018,5,2018-05-15,22:00,2580.0,0.0,2500.0,650.0,－－－－－－－－－－,10.0,0.0,0.0,70.0,0.0,0.0,-650.0,2580.0,yonden
2018,5,2018-05-15,23:00,2470.0,0.0,2450.0,640.0,－－－－－－－－－－,10.0,0.0,0.0,70.0,0.0,0.0,-700.0,2470.0,yonden
2018,5,2018-05-16,00:00,2350.0,0.0,2300.0,570.0,－－－－－－－－－－,10.0,0.0,0.0,70.0,0.0,0.0,-600.0,2350.0,yonden
2018,5,2018-05-16,01:00,2340.0,0.0,2240.0,580.0,－－－－－－－－－－,10.0,0.0,0.0,70.0,0.0,0.0,-560.0,2340.0,yonden
2018,5,2018-05-16,02:00,2520.0,0.0,2260.0,600.0,－－－－－－－－－－,10.0,0.0,0.0,70.0,0.0,0.0,-420.0,2520.0,yonden
2018,5,2018-05-16,03:00,2730.0,0.0,2260.0,710.0,－－－－－－－－－－,10.0,0.0,0.0,60.0,0.0,0.0,-310.0,2730.0,yonden
2018,5,2018-05-16,04:00,2810.0,0.0,2300.0,710.0,－－－－－－－－－－,10.0,0.0,0.0,50.0,0.0,0.0,-260.0,2810.0,yonden
2018,5,2018-05-16,05:00,2740.0,0.0,2340.0,670.0,－－－－－－－－－－,10.0,40.0,0.0,50.0,0.0,0.0,-370.0,2740.0,yonden
2018,5,2018-05-16,06:00,2600.0,0.0,2310.0,600.0,－－－－－－－－－－,10.0,210.0,0.0,40.0,0.0,0.0,-570.0,2600.0,yonden
2018,5,2018-05-16,07:00,2520.0,0.0,2220.0,580.0,－－－－－－－－－－,10.0,440.0,0.0,50.0,0.0,0.0,-780.0,2520.0,yonden
2018,5,2018-05-16,08:00,2850.0,0.0,2220.0,580.0,－－－－－－－－－－,10.0,720.0,0.0,50.0,0.0,0.0,-730.0,2850.0,yonden
2018,5,2018-05-16,09:00,3050.0,0.0,2250.0,590.0,－－－－－－－－－－,10.0,960.0,0.0,60.0,0.0,0.0,-820.0,3050.0,yonden
2018,5,2018-05-16,10:00,3130.0,0.0,2210.0,580.0,－－－－－－－－－－,10.0,1130.0,0.0,60.0,0.0,0.0,-860.0,3130.0,yonden
2018,5,2018-05-16,11:00,3200.0,0.0,2220.0,590.0,－－－－－－－－－－,10.0,1090.0,0.0,60.0,0.0,0.0,-770.0,3200.0,yonden
2018,5,2018-05-16,12:00,3010.0,0.0,2180.0,580.0,－－－－－－－－－－,10.0,1040.0,0.0,60.0,0.0,0.0,-860.0,3010.0,yonden
2018,5,2018-05-16,13:00,3220.0,0.0,2320.0,590.0,－－－－－－－－－－,10.0,940.0,0.0,70.0,0.0,0.0,-710.0,3220.0,yonden
2018,5,2018-05-16,14:00,3300.0,0.0,2350.0,560.0,－－－－－－－－－－,10.0,880.0,0.0,80.0,0.0,0.0,-580.0,3300.0,yonden
2018,5,2018-05-16,15:00,3300.0,0.0,2340.0,590.0,－－－－－－－－－－,10.0,760.0,0.0,90.0,0.0,0.0,-490.0,3300.0,yonden
2018,5,2018-05-16,16:00,3260.0,0.0,2500.0,670.0,－－－－－－－－－－,10.0,470.0,0.0,90.0,0.0,0.0,-480.0,3260.0,yonden
2018,5,2018-05-16,17:00,3200.0,0.0,2680.0,710.0,－－－－－－－－－－,10.0,210.0,0.0,90.0,0.0,0.0,-500.0,3200.0,yonden
2018,5,2018-05-16,18:00,3200.0,0.0,2850.0,770.0,－－－－－－－－－－,10.0,40.0,0.0,80.0,0.0,0.0,-550.0,3200.0,yonden
2018,5,2018-05-16,19:00,3160.0,0.0,2930.0,750.0,－－－－－－－－－－,10.0,0.0,0.0,80.0,0.0,0.0,-610.0,3160.0,yonden
2018,5,2018-05-16,20:00,3010.0,0.0,2850.0,670.0,－－－－－－－－－－,10.0,0.0,0.0,80.0,0.0,0.0,-600.0,3010.0,yonden
2018,5,2018-05-16,21:00,2800.0,0.0,2680.0,620.0,－－－－－－－－－－,10.0,0.0,0.0,80.0,0.0,0.0,-590.0,2800.0,yonden
2018,5,2018-05-16,22:00,2630.0,0.0,2620.0,560.0,－－－－－－－－－－,10.0,0.0,0.0,70.0,0.0,0.0,-630.0,2630.0,yonden
2018,5,2018-05-16,23:00,2550.0,0.0,2580.0,610.0,－－－－－－－－－－,10.0,0.0,0.0,70.0,0.0,0.0,-720.0,2550.0,yonden
2018,5,2018-05-17,00:00,2420.0,0.0,2450.0,580.0,－－－－－－－－－－,10.0,0.0,0.0,70.0,0.0,0.0,-690.0,2420.0,yonden
2018,5,2018-05-17,01:00,2410.0,0.0,2430.0,530.0,－－－－－－－－－－,10.0,0.0,0.0,60.0,0.0,0.0,-620.0,2410.0,yonden
2018,5,2018-05-17,02:00,2570.0,0.0,2440.0,570.0,－－－－－－－－－－,10.0,0.0,0.0,50.0,0.0,0.0,-500.0,2570.0,yonden
2018,5,2018-05-17,03:00,2790.0,0.0,2440.0,630.0,－－－－－－－－－－,10.0,0.0,0.0,50.0,0.0,0.0,-340.0,2790.0,yonden
2018,5,2018-05-17,04:00,2890.0,0.0,2430.0,660.0,－－－－－－－－－－,10.0,0.0,0.0,50.0,0.0,0.0,-260.0,2890.0,yonden
2018,5,2018-05-17,05:00,2840.0,0.0,2450.0,650.0,－－－－－－－－－－,10.0,50.0,0.0,40.0,0.0,0.0,-360.0,2840.0,yonden
2018,5,2018-05-17,06:00,2650.0,0.0,2390.0,600.0,－－－－－－－－－－,10.0,260.0,0.0,30.0,0.0,0.0,-640.0,2650.0,yonden
2018,5,2018-05-17,07:00,2650.0,0.0,2300.0,530.0,－－－－－－－－－－,10.0,540.0,0.0,20.0,0.0,0.0,-750.0,2650.0,yonden
2018,5,2018-05-17,08:00,2970.0,0.0,2300.0,530.0,－－－－－－－－－－,10.0,770.0,0.0,30.0,0.0,0.0,-670.0,2970.0,yonden
2018,5,2018-05-17,09:00,3180.0,0.0,2250.0,500.0,－－－－－－－－－－,10.0,1040.0,0.0,40.0,0.0,0.0,-660.0,3180.0,yonden
2018,5,2018-05-17,10:00,3270.0,0.0,2270.0,490.0,－－－－－－－－－－,10.0,1210.0,0.0,30.0,0.0,0.0,-740.0,3270.0,yonden
2018,5,2018-05-17,11:00,3330.0,0.0,2350.0,480.0,－－－－－－－－－－,10.0,1230.0,0.0,30.0,0.0,0.0,-770.0,3330.0,yonden
2018,5,2018-05-17,12:00,3140.0,0.0,2410.0,500.0,－－－－－－－－－－,10.0,1080.0,0.0,30.0,0.0,50.0,-940.0,3140.0,yonden
2018,5,2018-05-17,13:00,3350.0,0.0,2420.0,490.0,－－－－－－－－－－,10.0,1080.0,0.0,40.0,0.0,140.0,-830.0,3350.0,yonden
2018,5,2018-05-17,14:00,3440.0,0.0,2560.0,590.0,－－－－－－－－－－,10.0,990.0,0.0,40.0,0.0,20.0,-770.0,3440.0,yonden
2018,5,2018-05-17,15:00,3440.0,0.0,2580.0,610.0,－－－－－－－－－－,10.0,730.0,0.0,50.0,0.0,0.0,-540.0,3440.0,yonden
2018,5,2018-05-17,16:00,3470.0,0.0,2790.0,640.0,－－－－－－－－－－,10.0,520.0,0.0,60.0,0.0,0.0,-550.0,3470.0,yonden
2018,5,2018-05-17,17:00,3370.0,0.0,2840.0,670.0,－－－－－－－－－－,10.0,280.0,0.0,70.0,0.0,0.0,-500.0,3370.0,yonden
2018,5,2018-05-17,18:00,3280.0,0.0,2930.0,640.0,－－－－－－－－－－,10.0,50.0,0.0,60.0,0.0,150.0,-560.0,3280.0,yonden
2018,5,2018-05-17,19:00,3240.0,0.0,2910.0,690.0,－－－－－－－－－－,10.0,0.0,0.0,60.0,0.0,140.0,-570.0,3240.0,yonden
2018,5,2018-05-17,20:00,3060.0,0.0,2930.0,660.0,－－－－－－－－－－,10.0,0.0,0.0,60.0,0.0,20.0,-620.0,3060.0,yonden
2018,5,2018-05-17,21:00,2870.0,0.0,2820.0,580.0,－－－－－－－－－－,10.0,0.0,0.0,60.0,0.0,0.0,-600.0,2870.0,yonden
2018,5,2018-05-17,22:00,2660.0,0.0,2660.0,540.0,－－－－－－－－－－,10.0,0.0,0.0,60.0,0.0,0.0,-610.0,2660.0,yonden
2018,5,2018-05-17,23:00,2560.0,0.0,2600.0,510.0,－－－－－－－－－－,10.0,0.0,0.0,60.0,0.0,0.0,-620.0,2560.0,yonden
2018,5,2018-05-18,00:00,2430.0,0.0,2440.0,510.0,－－－－－－－－－－,10.0,0.0,0.0,50.0,0.0,0.0,-580.0,2430.0,yonden
2018,5,2018-05-18,01:00,2410.0,0.0,2330.0,570.0,－－－－－－－－－－,10.0,0.0,0.0,50.0,0.0,0.0,-550.0,2410.0,yonden
2018,5,2018-05-18,02:00,2550.0,0.0,2350.0,590.0,－－－－－－－－－－,10.0,0.0,0.0,30.0,0.0,0.0,-430.0,2550.0,yonden
2018,5,2018-05-18,03:00,2750.0,0.0,2410.0,630.0,－－－－－－－－－－,10.0,0.0,0.0,30.0,0.0,0.0,-330.0,2750.0,yonden
2018,5,2018-05-18,04:00,2840.0,0.0,2380.0,670.0,－－－－－－－－－－,10.0,0.0,0.0,30.0,0.0,0.0,-250.0,2840.0,yonden
2018,5,2018-05-18,05:00,2790.0,0.0,2430.0,660.0,－－－－－－－－－－,10.0,40.0,0.0,20.0,0.0,0.0,-370.0,2790.0,yonden
2018,5,2018-05-18,06:00,2650.0,0.0,2440.0,610.0,－－－－－－－－－－,10.0,150.0,0.0,20.0,0.0,140.0,-720.0,2650.0,yonden
2018,5,2018-05-18,07:00,2650.0,0.0,2450.0,520.0,－－－－－－－－－－,10.0,330.0,0.0,30.0,0.0,180.0,-870.0,2650.0,yonden
2018,5,2018-05-18,08:00,3030.0,0.0,2450.0,520.0,－－－－－－－－－－,10.0,640.0,0.0,40.0,0.0,190.0,-820.0,3030.0,yonden
2018,5,2018-05-18,09:00,3280.0,0.0,2650.0,470.0,－－－－－－－－－－,10.0,830.0,0.0,30.0,0.0,90.0,-800.0,3280.0,yonden
2018,5,2018-05-18,10:00,3400.0,0.0,2720.0,470.0,－－－－－－－－－－,10.0,960.0,0.0,50.0,0.0,0.0,-810.0,3400.0,yonden
2018,5,2018-05-18,11:00,3510.0,0.0,2730.0,480.0,－－－－－－－－－－,10.0,1050.0,0.0,50.0,0.0,0.0,-810.0,3510.0,yonden
2018,5,2018-05-18,12:00,3350.0,0.0,2790.0,470.0,－－－－－－－－－－,10.0,890.0,0.0,50.0,0.0,30.0,-890.0,3350.0,yonden
2018,5,2018-05-18,13:00,3530.0,0.0,2850.0,450.0,－－－－－－－－－－,10.0,720.0,0.0,50.0,0.0,140.0,-690.0,3530.0,yonden
2018,5,2018-05-18,14:00,3540.0,0.0,2940.0,510.0,－－－－－－－－－－,10.0,550.0,0.0,60.0,0.0,0.0,-530.0,3540.0,yonden
2018,5,2018-05-18,15:00,3390.0,0.0,2850.0,560.0,－－－－－－－－－－,10.0,380.0,0.0,70.0,0.0,0.0,-480.0,3390.0,yonden
2018,5,2018-05-18,16:00,3490.0,0.0,2830.0,570.0,－－－－－－－－－－,10.0,320.0,0.0,70.0,0.0,0.0,-310.0,3490.0,yonden
2018,5,2018-05-18,17:00,3390.0,0.0,2870.0,560.0,－－－－－－－－－－,10.0,140.0,0.0,80.0,0.0,0.0,-270.0,3390.0,yonden
2018,5,2018-05-18,18:00,3360.0,0.0,2920.0,700.0,－－－－－－－－－－,10.0,20.0,0.0,70.0,0.0,0.0,-360.0,3360.0,yonden
2018,5,2018-05-18,19:00,3270.0,0.0,2940.0,710.0,－－－－－－－－－－,10.0,0.0,0.0,40.0,0.0,0.0,-430.0,3270.0,yonden
2018,5,2018-05-18,20:00,3100.0,0.0,2910.0,750.0,－－－－－－－－－－,10.0,0.0,0.0,30.0,0.0,0.0,-600.0,3100.0,yonden
2018,5,2018-05-18,21:00,2900.0,0.0,2780.0,700.0,－－－－－－－－－－,10.0,0.0,0.0,30.0,0.0,0.0,-620.0,2900.0,yonden
2018,5,2018-05-18,22:00,2680.0,0.0,2640.0,560.0,－－－－－－－－－－,10.0,0.0,0.0,40.0,0.0,0.0,-570.0,2680.0,yonden
2018,5,2018-05-18,23:00,2590.0,0.0,2570.0,530.0,－－－－－－－－－－,10.0,0.0,0.0,40.0,0.0,0.0,-560.0,2590.0,yonden
2018,5,2018-05-19,00:00,2430.0,0.0,2180.0,440.0,－－－－－－－－－－,10.0,0.0,0.0,60.0,0.0,0.0,-260.0,2430.0,yonden
2018,5,2018-05-19,01:00,2410.0,0.0,2010.0,520.0,－－－－－－－－－－,10.0,0.0,0.0,60.0,0.0,0.0,-190.0,2410.0,yonden
2018,5,2018-05-19,02:00,2540.0,0.0,2050.0,620.0,－－－－－－－－－－,10.0,0.0,0.0,70.0,0.0,0.0,-210.0,2540.0,yonden
2018,5,2018-05-19,03:00,2730.0,0.0,2080.0,650.0,－－－－－－－－－－,10.0,0.0,0.0,80.0,0.0,0.0,-90.0,2730.0,yonden
2018,5,2018-05-19,04:00,2820.0,0.0,2090.0,660.0,－－－－－－－－－－,10.0,0.0,0.0,100.0,0.0,0.0,-40.0,2820.0,yonden
2018,5,2018-05-19,05:00,2720.0,0.0,2020.0,620.0,－－－－－－－－－－,10.0,30.0,0.0,100.0,0.0,0.0,-60.0,2720.0,yonden
2018,5,2018-05-19,06:00,2500.0,0.0,1880.0,520.0,－－－－－－－－－－,10.0,110.0,0.0,110.0,0.0,0.0,-130.0,2500.0,yonden
2018,5,2018-05-19,07:00,2370.0,0.0,1850.0,510.0,－－－－－－－－－－,10.0,290.0,0.0,130.0,0.0,0.0,-420.0,2370.0,yonden
2018,5,2018-05-19,08:00,2520.0,0.0,1880.0,480.0,－－－－－－－－－－,10.0,590.0,0.0,120.0,0.0,0.0,-560.0,2520.0,yonden
2018,5,2018-05-19,09:00,2600.0,0.0,1880.0,520.0,－－－－－－－－－－,10.0,810.0,0.0,110.0,0.0,0.0,-730.0,2600.0,yonden
2018,5,2018-05-19,10:00,2670.0,0.0,1810.0,510.0,－－－－－－－－－－,10.0,1030.0,0.0,90.0,0.0,0.0,-780.0,2670.0,yonden
2018,5,2018-05-19,11:00,2710.0,0.0,1830.0,530.0,－－－－－－－－－－,10.0,1070.0,0.0,100.0,0.0,0.0,-830.0,2710.0,yonden
2018,5,2018-05-19,12:00,2590.0,0.0,1800.0,520.0,－－－－－－－－－－,10.0,1040.0,0.0,110.0,0.0,0.0,-890.0,2590.0,yonden
2018,5,2018-05-19,13:00,2620.0,0.0,1800.0,500.0,－－－－－－－－－－,10.0,1020.0,0.0,100.0,0.0,0.0,-810.0,2620.0,yonden
2018,5,2018-05-19,14:00,2620.0,0.0,1680.0,470.0,－－－－－－－－－－,10.0,1090.0,0.0,110.0,0.0,0.0,-740.0,2620.0,yonden
2018,5,2018-05-19,15:00,2630.0,0.0,1730.0,560.0,－－－－－－－－－－,10.0,1000.0,0.0,90.0,0.0,0.0,-760.0,2630.0,yonden
2018,5,2018-05-19,16:00,2660.0,0.0,1790.0,630.0,－－－－－－－－－－,10.0,710.0,0.0,80.0,0.0,0.0,-560.0,2660.0,yonden
2018,5,2018-05-19,17:00,2670.0,0.0,1840.0,710.0,－－－－－－－－－－,10.0,350.0,0.0,80.0,0.0,0.0,-320.0,2670.0,yonden
2018,5,2018-05-19,18:00,2680.0,0.0,1970.0,740.0,－－－－－－－－－－,10.0,50.0,0.0,80.0,0.0,0.0,-170.0,2680.0,yonden
2018,5,2018-05-19,19:00,2730.0,0.0,2090.0,730.0,－－－－－－－－－－,10.0,0.0,0.0,70.0,0.0,0.0,-170.0,2730.0,yonden
2018,5,2018-05-19,20:00,2620.0,0.0,2030.0,700.0,－－－－－－－－－－,10.0,0.0,0.0,70.0,0.0,0.0,-190.0,2620.0,yonden
2018,5,2018-05-19,21:00,2510.0,0.0,1990.0,680.0,－－－－－－－－－－,10.0,0.0,0.0,70.0,0.0,0.0,-240.0,2510.0,yonden
2018,5,2018-05-19,22:00,2370.0,0.0,1970.0,550.0,－－－－－－－－－－,10.0,0.0,0.0,70.0,0.0,0.0,-230.0,2370.0,yonden
2018,5,2018-05-19,23:00,2290.0,0.0,1880.0,500.0,－－－－－－－－－－,10.0,0.0,0.0,80.0,0.0,0.0,-180.0,2290.0,yonden
2018,5,2018-05-20,00:00,2170.0,0.0,1790.0,510.0,－－－－－－－－－－,10.0,0.0,0.0,80.0,0.0,0.0,-220.0,2170.0,yonden
2018,5,2018-05-20,01:00,2190.0,0.0,1760.0,540.0,－－－－－－－－－－,10.0,0.0,0.0,80.0,0.0,0.0,-200.0,2190.0,yonden
2018,5,2018-05-20,02:00,2370.0,0.0,1800.0,600.0,－－－－－－－－－－,10.0,0.0,0.0,80.0,0.0,0.0,-120.0,2370.0,yonden
2018,5,2018-05-20,03:00,2620.0,0.0,1970.0,680.0,－－－－－－－－－－,10.0,0.0,0.0,80.0,0.0,0.0,-120.0,2620.0,yonden
2018,5,2018-05-20,04:00,2690.0,0.0,2040.0,670.0,－－－－－－－－－－,10.0,0.0,0.0,90.0,0.0,0.0,-120.0,2690.0,yonden
2018,5,2018-05-20,05:00,2570.0,0.0,1910.0,660.0,－－－－－－－－－－,10.0,60.0,0.0,90.0,0.0,0.0,-160.0,2570.0,yonden
2018,5,2018-05-20,06:00,2270.0,0.0,1700.0,630.0,－－－－－－－－－－,10.0,350.0,0.0,80.0,0.0,-50.0,-450.0,2270.0,yonden
2018,5,2018-05-20,07:00,2000.0,0.0,1610.0,570.0,－－－－－－－－－－,10.0,690.0,0.0,80.0,0.0,-300.0,-660.0,2000.0,yonden
2018,5,2018-05-20,08:00,2040.0,0.0,1530.0,520.0,－－－－－－－－－－,10.0,1060.0,0.0,80.0,0.0,-300.0,-860.0,2040.0,yonden
2018,5,2018-05-20,09:00,2150.0,0.0,1500.0,520.0,－－－－－－－－－－,10.0,1380.0,0.0,70.0,0.0,-460.0,-870.0,2150.0,yonden
2018,5,2018-05-20,10:00,2210.0,0.0,1460.0,560.0,－－－－－－－－－－,10.0,1610.0,0.0,70.0,0.0,-600.0,-900.0,2210.0,yonden
2018,5,2018-05-20,11:00,2230.0,0.0,1500.0,520.0,－－－－－－－－－－,10.0,1670.0,0.0,60.0,0.0,-600.0,-930.0,2230.0,yonden
2018,5,2018-05-20,12:00,2260.0,0.0,1470.0,480.0,－－－－－－－－－－,10.0,1670.0,0.0,60.0,0.0,-600.0,-830.0,2260.0,yonden
2018,5,2018-05-20,13:00,2250.0,0.0,1460.0,480.0,－－－－－－－－－－,10.0,1610.0,0.0,50.0,0.0,-590.0,-770.0,2250.0,yonden
2018,5,2018-05-20,14:00,2320.0,0.0,1590.0,530.0,－－－－－－－－－－,10.0,1400.0,0.0,20.0,0.0,-420.0,-810.0,2320.0,yonden
2018,5,2018-05-20,15:00,2260.0,0.0,1580.0,540.0,－－－－－－－－－－,10.0,1040.0,0.0,40.0,0.0,-100.0,-850.0,2260.0,yonden
2018,5,2018-05-20,16:00,2400.0,0.0,1680.0,620.0,－－－－－－－－－－,10.0,650.0,0.0,40.0,0.0,0.0,-600.0,2400.0,yonden
2018,5,2018-05-20,17:00,2450.0,0.0,1770.0,670.0,－－－－－－－－－－,10.0,230.0,0.0,30.0,0.0,0.0,-260.0,2450.0,yonden
2018,5,2018-05-20,18:00,2600.0,0.0,1880.0,710.0,－－－－－－－－－－,10.0,40.0,0.0,30.0,0.0,290.0,-360.0,2600.0,yonden
2018,5,2018-05-20,19:00,2660.0,0.0,1890.0,720.0,－－－－－－－－－－,10.0,0.0,0.0,30.0,0.0,320.0,-310.0,2660.0,yonden
2018,5,2018-05-20,20:00,2580.0,0.0,1910.0,710.0,－－－－－－－－－－,10.0,0.0,0.0,30.0,0.0,320.0,-400.0,2580.0,yonden
2018,5,2018-05-20,21:00,2430.0,0.0,1880.0,660.0,－－－－－－－－－－,10.0,0.0,0.0,50.0,0.0,230.0,-400.0,2430.0,yonden
2018,5,2018-05-20,22:00,2280.0,0.0,1900.0,560.0,－－－－－－－－－－,10.0,0.0,0.0,70.0,0.0,0.0,-260.0,2280.0,yonden
2018,5,2018-05-20,23:00,2230.0,0.0,2020.0,520.0,－－－－－－－－－－,10.0,0.0,0.0,60.0,0.0,0.0,-380.0,2230.0,yonden
2018,5,2018-05-21,00:00,2150.0,0.0,2380.0,450.0,－－－－－－－－－－,10.0,0.0,0.0,60.0,0.0,0.0,-750.0,2150.0,yonden
2018,5,2018-05-21,01:00,2170.0,0.0,2320.0,450.0,－－－－－－－－－－,10.0,0.0,0.0,60.0,0.0,0.0,-670.0,2170.0,yonden
2018,5,2018-05-21,02:00,2370.0,0.0,2380.0,550.0,－－－－－－－－－－,10.0,0.0,0.0,50.0,0.0,0.0,-620.0,2370.0,yonden
2018,5,2018-05-21,03:00,2620.0,0.0,2470.0,660.0,－－－－－－－－－－,10.0,0.0,0.0,60.0,0.0,0.0,-580.0,2620.0,yonden
2018,5,2018-05-21,04:00,2740.0,0.0,2430.0,660.0,－－－－－－－－－－,10.0,0.0,0.0,40.0,0.0,190.0,-590.0,2740.0,yonden
2018,5,2018-05-21,05:00,2640.0,0.0,2430.0,590.0,－－－－－－－－－－,10.0,50.0,0.0,50.0,0.0,100.0,-590.0,2640.0,yonden
2018,5,2018-05-21,06:00,2480.0,0.0,2180.0,620.0,－－－－－－－－－－,10.0,270.0,0.0,40.0,0.0,0.0,-640.0,2480.0,yonden
2018,5,2018-05-21,07:00,2400.0,0.0,2060.0,600.0,－－－－－－－－－－,10.0,590.0,0.0,40.0,0.0,-100.0,-800.0,2400.0,yonden
2018,5,2018-05-21,08:00,2730.0,0.0,2190.0,610.0,－－－－－－－－－－,10.0,990.0,0.0,40.0,0.0,-300.0,-810.0,2730.0,yonden
2018,5,2018-05-21,09:00,2930.0,0.0,2030.0,520.0,－－－－－－－－－－,10.0,1370.0,0.0,40.0,0.0,-300.0,-740.0,2930.0,yonden
2018,5,2018-05-21,10:00,3020.0,0.0,2080.0,460.0,－－－－－－－－－－,10.0,1570.0,0.0,40.0,0.0,-300.0,-840.0,3020.0,yonden
2018,5,2018-05-21,11:00,3060.0,0.0,2290.0,430.0,－－－－－－－－－－,10.0,1640.0,0.0,50.0,0.0,-300.0,-1060.0,3060.0,yonden
2018,5,2018-05-21,12:00,2920.0,0.0,2280.0,410.0,－－－－－－－－－－,10.0,1650.0,0.0,60.0,0.0,-300.0,-1190.0,2920.0,yonden
2018,5,2018-05-21,13:00,3140.0,0.0,2310.0,450.0,－－－－－－－－－－,10.0,1590.0,0.0,50.0,0.0,-300.0,-970.0,3140.0,yonden
2018,5,2018-05-21,14:00,3170.0,0.0,2390.0,510.0,－－－－－－－－－－,10.0,1420.0,0.0,60.0,0.0,-300.0,-920.0,3170.0,yonden
2018,5,2018-05-21,15:00,3150.0,0.0,2460.0,500.0,－－－－－－－－－－,10.0,1150.0,0.0,50.0,0.0,-200.0,-820.0,3150.0,yonden
2018,5,2018-05-21,16:00,3200.0,0.0,2600.0,560.0,－－－－－－－－－－,10.0,780.0,0.0,50.0,0.0,0.0,-800.0,3200.0,yonden
2018,5,2018-05-21,17:00,3150.0,0.0,2670.0,640.0,－－－－－－－－－－,10.0,410.0,0.0,50.0,0.0,0.0,-630.0,3150.0,yonden
2018,5,2018-05-21,18:00,3080.0,0.0,2750.0,700.0,－－－－－－－－－－,10.0,80.0,0.0,50.0,0.0,0.0,-510.0,3080.0,yonden
2018,5,2018-05-21,19:00,3020.0,0.0,2780.0,730.0,－－－－－－－－－－,10.0,0.0,0.0,40.0,0.0,0.0,-540.0,3020.0,yonden
2018,5,2018-05-21,20:00,2880.0,0.0,2670.0,690.0,－－－－－－－－－－,10.0,0.0,0.0,50.0,0.0,0.0,-540.0,2880.0,yonden
2018,5,2018-05-21,21:00,2700.0,0.0,2560.0,640.0,－－－－－－－－－－,10.0,0.0,0.0,60.0,0.0,0.0,-570.0,2700.0,yonden
2018,5,2018-05-21,22:00,2500.0,0.0,2450.0,520.0,－－－－－－－－－－,10.0,0.0,0.0,50.0,0.0,0.0,-530.0,2500.0,yonden
2018,5,2018-05-21,23:00,2400.0,0.0,2470.0,420.0,－－－－－－－－－－,10.0,0.0,0.0,50.0,0.0,0.0,-550.0,2400.0,yonden
2018,5,2018-05-22,00:00,2280.0,0.0,2460.0,430.0,－－－－－－－－－－,10.0,0.0,0.0,40.0,0.0,0.0,-660.0,2280.0,yonden
2018,5,2018-05-22,01:00,2320.0,0.0,2410.0,540.0,－－－－－－－－－－,10.0,0.0,0.0,30.0,0.0,0.0,-670.0,2320.0,yonden
2018,5,2018-05-22,02:00,2510.0,0.0,2380.0,580.0,－－－－－－－－－－,10.0,0.0,0.0,20.0,0.0,0.0,-480.0,2510.0,yonden
2018,5,2018-05-22,03:00,2750.0,0.0,2350.0,590.0,－－－－－－－－－－,10.0,0.0,0.0,20.0,0.0,110.0,-330.0,2750.0,yonden
2018,5,2018-05-22,04:00,2870.0,0.0,2300.0,600.0,－－－－－－－－－－,10.0,0.0,0.0,30.0,0.0,190.0,-260.0,2870.0,yonden
2018,5,2018-05-22,05:00,2810.0,0.0,2340.0,570.0,－－－－－－－－－－,10.0,50.0,0.0,40.0,0.0,190.0,-390.0,2810.0,yonden
2018,5,2018-05-22,06:00,2630.0,0.0,2330.0,530.0,－－－－－－－－－－,10.0,290.0,0.0,30.0,0.0,90.0,-650.0,2630.0,yonden
2018,5,2018-05-22,07:00,2510.0,0.0,2140.0,520.0,－－－－－－－－－－,10.0,610.0,0.0,30.0,0.0,0.0,-800.0,2510.0,yonden
2018,5,2018-05-22,08:00,2830.0,0.0,2140.0,480.0,－－－－－－－－－－,10.0,960.0,0.0,30.0,0.0,0.0,-790.0,2830.0,yonden
2018,5,2018-05-22,09:00,3020.0,0.0,2230.0,470.0,－－－－－－－－－－,10.0,1240.0,0.0,20.0,0.0,-280.0,-670.0,3020.0,yonden
2018,5,2018-05-22,10:00,3100.0,0.0,2280.0,440.0,－－－－－－－－－－,10.0,1410.0,0.0,20.0,0.0,-300.0,-760.0,3100.0,yonden
2018,5,2018-05-22,11:00,3130.0,0.0,2420.0,450.0,－－－－－－－－－－,10.0,1350.0,0.0,20.0,0.0,-300.0,-820.0,3130.0,yonden
2018,5,2018-05-22,12:00,2970.0,0.0,2330.0,430.0,－－－－－－－－－－,10.0,1380.0,0.0,30.0,0.0,-300.0,-910.0,2970.0,yonden
2018,5,2018-05-22,13:00,3190.0,0.0,2390.0,420.0,－－－－－－－－－－,10.0,1310.0,0.0,30.0,0.0,0.0,-970.0,3190.0,yonden
2018,5,2018-05-22,14:00,3250.0,0.0,2370.0,490.0,－－－－－－－－－－,10.0,1110.0,0.0,30.0,0.0,0.0,-760.0,3250.0,yonden
2018,5,2018-05-22,15:00,3160.0,0.0,2490.0,470.0,－－－－－－－－－－,10.0,770.0,0.0,30.0,0.0,0.0,-610.0,3160.0,yonden
2018,5,2018-05-22,16:00,3210.0,0.0,2640.0,540.0,－－－－－－－－－－,10.0,480.0,0.0,40.0,0.0,0.0,-500.0,3210.0,yonden
2018,5,2018-05-22,17:00,3140.0,0.0,2730.0,590.0,－－－－－－－－－－,10.0,220.0,0.0,50.0,0.0,0.0,-460.0,3140.0,yonden
2018,5,2018-05-22,18:00,3130.0,0.0,2800.0,690.0,－－－－－－－－－－,10.0,50.0,0.0,70.0,0.0,0.0,-490.0,3130.0,yonden
2018,5,2018-05-22,19:00,3100.0,0.0,2800.0,710.0,－－－－－－－－－－,10.0,0.0,0.0,80.0,0.0,0.0,-500.0,3100.0,yonden
2018,5,2018-05-22,20:00,2950.0,0.0,2720.0,660.0,－－－－－－－－－－,10.0,0.0,0.0,70.0,0.0,0.0,-510.0,2950.0,yonden
2018,5,2018-05-22,21:00,2770.0,0.0,2620.0,610.0,－－－－－－－－－－,10.0,0.0,0.0,70.0,0.0,0.0,-540.0,2770.0,yonden
2018,5,2018-05-22,22:00,2560.0,0.0,2560.0,450.0,－－－－－－－－－－,10.0,0.0,0.0,60.0,0.0,0.0,-520.0,2560.0,yonden
2018,5,2018-05-22,23:00,2460.0,0.0,2410.0,450.0,－－－－－－－－－－,10.0,0.0,0.0,70.0,0.0,0.0,-480.0,2460.0,yonden
2018,5,2018-05-23,00:00,2340.0,0.0,2340.0,370.0,－－－－－－－－－－,10.0,0.0,0.0,80.0,0.0,0.0,-460.0,2340.0,yonden
2018,5,2018-05-23,01:00,2350.0,0.0,2300.0,390.0,－－－－－－－－－－,10.0,0.0,0.0,70.0,0.0,0.0,-420.0,2350.0,yonden
2018,5,2018-05-23,02:00,2500.0,0.0,2360.0,460.0,－－－－－－－－－－,10.0,0.0,0.0,60.0,0.0,0.0,-390.0,2500.0,yonden
2018,5,2018-05-23,03:00,2720.0,0.0,2420.0,580.0,－－－－－－－－－－,10.0,0.0,0.0,70.0,0.0,0.0,-360.0,2720.0,yonden
2018,5,2018-05-23,04:00,2840.0,0.0,2440.0,580.0,－－－－－－－－－－,10.0,0.0,0.0,90.0,0.0,0.0,-280.0,2840.0,yonden
2018,5,2018-05-23,05:00,2790.0,0.0,2450.0,560.0,－－－－－－－－－－,10.0,30.0,0.0,80.0,0.0,0.0,-340.0,2790.0,yonden
2018,5,2018-05-23,06:00,2650.0,0.0,2460.0,480.0,－－－－－－－－－－,10.0,70.0,0.0,70.0,0.0,0.0,-440.0,2650.0,yonden
2018,5,2018-05-23,07:00,2650.0,0.0,2480.0,480.0,－－－－－－－－－－,10.0,110.0,0.0,70.0,0.0,0.0,-500.0,2650.0,yonden
2018,5,2018-05-23,08:00,3040.0,0.0,2890.0,570.0,－－－－－－－－－－,10.0,150.0,0.0,50.0,0.0,0.0,-630.0,3040.0,yonden
2018,5,2018-05-23,09:00,3280.0,0.0,3030.0,610.0,－－－－－－－－－－,10.0,180.0,0.0,40.0,0.0,0.0,-590.0,3280.0,yonden
2018,5,2018-05-23,10:00,3290.0,0.0,2950.0,590.0,－－－－－－－－－－,10.0,250.0,0.0,40.0,0.0,0.0,-550.0,3290.0,yonden
2018,5,2018-05-23,11:00,3290.0,0.0,2930.0,600.0,－－－－－－－－－－,10.0,310.0,0.0,70.0,0.0,0.0,-630.0,3290.0,yonden
2018,5,2018-05-23,12:00,3070.0,0.0,2910.0,510.0,－－－－－－－－－－,10.0,300.0,0.0,70.0,0.0,0.0,-730.0,3070.0,yonden
2018,5,2018-05-23,13:00,3200.0,0.0,2750.0,530.0,－－－－－－－－－－,10.0,280.0,0.0,60.0,0.0,150.0,-580.0,3200.0,yonden
2018,5,2018-05-23,14:00,3200.0,0.0,2700.0,530.0,－－－－－－－－－－,10.0,240.0,0.0,50.0,0.0,260.0,-590.0,3200.0,yonden
2018,5,2018-05-23,15:00,3170.0,0.0,2710.0,570.0,－－－－－－－－－－,10.0,190.0,0.0,40.0,0.0,280.0,-630.0,3170.0,yonden
2018,5,2018-05-23,16:00,3210.0,0.0,2710.0,610.0,－－－－－－－－－－,10.0,120.0,0.0,30.0,0.0,280.0,-550.0,3210.0,yonden
2018,5,2018-05-23,17:00,3180.0,0.0,2680.0,610.0,－－－－－－－－－－,10.0,60.0,0.0,20.0,0.0,290.0,-490.0,3180.0,yonden
2018,5,2018-05-23,18:00,3150.0,0.0,2670.0,640.0,－－－－－－－－－－,10.0,20.0,0.0,20.0,0.0,250.0,-460.0,3150.0,yonden
2018,5,2018-05-23,19:00,3070.0,0.0,2680.0,640.0,－－－－－－－－－－,10.0,0.0,0.0,20.0,0.0,160.0,-440.0,3070.0,yonden
2018,5,2018-05-23,20:00,2930.0,0.0,2720.0,560.0,－－－－－－－－－－,10.0,0.0,0.0,20.0,0.0,30.0,-410.0,2930.0,yonden
2018,5,2018-05-23,21:00,2740.0,0.0,2560.0,520.0,－－－－－－－－－－,10.0,0.0,0.0,20.0,0.0,0.0,-370.0,2740.0,yonden
2018,5,2018-05-23,22:00,2550.0,0.0,2390.0,480.0,－－－－－－－－－－,10.0,0.0,0.0,30.0,0.0,0.0,-360.0,2550.0,yonden
2018,5,2018-05-23,23:00,2440.0,0.0,2280.0,470.0,－－－－－－－－－－,10.0,0.0,0.0,50.0,0.0,0.0,-370.0,2440.0,yonden
2018,5,2018-05-24,00:00,2340.0,0.0,2370.0,490.0,－－－－－－－－－－,10.0,0.0,0.0,60.0,0.0,0.0,-590.0,2340.0,yonden
2018,5,2018-05-24,01:00,2340.0,0.0,2360.0,500.0,－－－－－－－－－－,10.0,0.0,0.0,70.0,0.0,0.0,-600.0,2340.0,yonden
2018,5,2018-05-24,02:00,2520.0,0.0,2430.0,590.0,－－－－－－－－－－,10.0,0.0,0.0,50.0,0.0,0.0,-560.0,2520.0,yonden
2018,5,2018-05-24,03:00,2750.0,0.0,2530.0,610.0,－－－－－－－－－－,10.0,0.0,0.0,60.0,0.0,0.0,-460.0,2750.0,yonden
2018,5,2018-05-24,04:00,2860.0,0.0,2590.0,640.0,－－－－－－－－－－,10.0,0.0,0.0,60.0,0.0,0.0,-440.0,2860.0,yonden
2018,5,2018-05-24,05:00,2800.0,0.0,2540.0,620.0,－－－－－－－－－－,10.0,60.0,0.0,60.0,0.0,0.0,-490.0,2800.0,yonden
2018,5,2018-05-24,06:00,2630.0,0.0,2410.0,590.0,－－－－－－－－－－,10.0,360.0,0.0,50.0,0.0,0.0,-790.0,2630.0,yonden
2018,5,2018-05-24,07:00,2530.0,0.0,2290.0,590.0,－－－－－－－－－－,10.0,720.0,0.0,40.0,0.0,0.0,-1120.0,2530.0,yonden
2018,5,2018-05-24,08:00,2840.0,0.0,2310.0,510.0,－－－－－－－－－－,10.0,1120.0,0.0,20.0,0.0,0.0,-1130.0,2840.0,yonden
2018,5,2018-05-24,09:00,3060.0,0.0,2390.0,550.0,－－－－－－－－－－,10.0,1430.0,0.0,20.0,0.0,-280.0,-1060.0,3060.0,yonden
2018,5,2018-05-24,10:00,3120.0,0.0,2400.0,530.0,－－－－－－－－－－,10.0,1600.0,0.0,20.0,0.0,-300.0,-1140.0,3120.0,yonden
2018,5,2018-05-24,11:00,3170.0,0.0,2440.0,500.0,－－－－－－－－－－,10.0,1660.0,0.0,20.0,0.0,-300.0,-1160.0,3170.0,yonden
2018,5,2018-05-24,12:00,3000.0,0.0,2380.0,400.0,－－－－－－－－－－,10.0,1670.0,0.0,20.0,0.0,-300.0,-1180.0,3000.0,yonden
2018,5,2018-05-24,13:00,3220.0,0.0,2340.0,370.0,－－－－－－－－－－,10.0,1600.0,0.0,20.0,0.0,-300.0,-820.0,3220.0,yonden
2018,5,2018-05-24,14:00,3230.0,0.0,2290.0,390.0,－－－－－－－－－－,10.0,1440.0,0.0,10.0,0.0,-150.0,-760.0,3230.0,yonden
2018,5,2018-05-24,15:00,3270.0,0.0,2270.0,400.0,－－－－－－－－－－,10.0,1190.0,0.0,20.0,0.0,0.0,-620.0,3270.0,yonden
2018,5,2018-05-24,16:00,3330.0,0.0,2360.0,520.0,－－－－－－－－－－,10.0,820.0,0.0,30.0,0.0,90.0,-500.0,3330.0,yonden
2018,5,2018-05-24,17:00,3280.0,0.0,2470.0,570.0,－－－－－－－－－－,10.0,410.0,0.0,20.0,0.0,260.0,-460.0,3280.0,yonden
2018,5,2018-05-24,18:00,3170.0,0.0,2590.0,650.0,－－－－－－－－－－,10.0,80.0,0.0,20.0,0.0,280.0,-460.0,3170.0,yonden
2018,5,2018-05-24,19:00,3130.0,0.0,2630.0,690.0,－－－－－－－－－－,10.0,0.0,0.0,20.0,0.0,230.0,-450.0,3130.0,yonden
2018,5,2018-05-24,20:00,3000.0,0.0,2640.0,680.0,－－－－－－－－－－,10.0,0.0,0.0,20.0,0.0,140.0,-490.0,3000.0,yonden
2018,5,2018-05-24,21:00,2790.0,0.0,2620.0,590.0,－－－－－－－－－－,10.0,0.0,0.0,20.0,0.0,0.0,-450.0,2790.0,yonden
2018,5,2018-05-24,22:00,2590.0,0.0,2400.0,530.0,－－－－－－－－－－,10.0,0.0,0.0,30.0,0.0,0.0,-380.0,2590.0,yonden
2018,5,2018-05-24,23:00,2490.0,0.0,2440.0,470.0,－－－－－－－－－－,10.0,0.0,0.0,20.0,0.0,0.0,-450.0,2490.0,yonden
2018,5,2018-05-25,00:00,2360.0,0.0,2500.0,380.0,－－－－－－－－－－,10.0,0.0,0.0,10.0,0.0,0.0,-540.0,2360.0,yonden
2018,5,2018-05-25,01:00,2350.0,0.0,2450.0,420.0,－－－－－－－－－－,10.0,0.0,0.0,10.0,0.0,0.0,-540.0,2350.0,yonden
2018,5,2018-05-25,02:00,2500.0,0.0,2470.0,490.0,－－－－－－－－－－,10.0,0.0,0.0,0.0,0.0,0.0,-470.0,2500.0,yonden
2018,5,2018-05-25,03:00,2740.0,0.0,2530.0,580.0,－－－－－－－－－－,10.0,0.0,0.0,10.0,0.0,0.0,-390.0,2740.0,yonden
2018,5,2018-05-25,04:00,2850.0,0.0,2590.0,600.0,－－－－－－－－－－,10.0,0.0,0.0,10.0,0.0,0.0,-360.0,2850.0,yonden
2018,5,2018-05-25,05:00,2810.0,0.0,2570.0,550.0,－－－－－－－－－－,10.0,60.0,0.0,0.0,0.0,0.0,-380.0,2810.0,yonden
2018,5,2018-05-25,06:00,2620.0,0.0,2450.0,500.0,－－－－－－－－－－,10.0,230.0,0.0,10.0,0.0,0.0,-580.0,2620.0,yonden
2018,5,2018-05-25,07:00,2560.0,0.0,2320.0,540.0,－－－－－－－－－－,10.0,540.0,0.0,0.0,0.0,0.0,-850.0,2560.0,yonden
2018,5,2018-05-25,08:00,2920.0,0.0,2280.0,530.0,－－－－－－－－－－,10.0,870.0,0.0,0.0,0.0,-70.0,-700.0,2920.0,yonden
2018,5,2018-05-25,09:00,3100.0,0.0,2410.0,480.0,－－－－－－－－－－,10.0,1150.0,0.0,0.0,0.0,-300.0,-650.0,3100.0,yonden
2018,5,2018-05-25,10:00,3190.0,0.0,2260.0,450.0,－－－－－－－－－－,10.0,1440.0,0.0,0.0,0.0,-300.0,-670.0,3190.0,yonden
2018,5,2018-05-25,11:00,3280.0,0.0,2260.0,430.0,－－－－－－－－－－,10.0,1570.0,0.0,0.0,0.0,-300.0,-690.0,3280.0,yonden
2018,5,2018-05-25,12:00,3120.0,0.0,2310.0,330.0,－－－－－－－－－－,10.0,1600.0,0.0,0.0,0.0,-300.0,-830.0,3120.0,yonden
2018,5,2018-05-25,13:00,3390.0,0.0,2370.0,390.0,－－－－－－－－－－,10.0,1500.0,0.0,0.0,0.0,-300.0,-580.0,3390.0,yonden
2018,5,2018-05-25,14:00,3380.0,0.0,2410.0,420.0,－－－－－－－－－－,10.0,1280.0,0.0,10.0,0.0,-300.0,-450.0,3380.0,yonden
2018,5,2018-05-25,15:00,3380.0,0.0,2280.0,490.0,－－－－－－－－－－,10.0,1030.0,0.0,20.0,0.0,-50.0,-400.0,3380.0,yonden
2018,5,2018-05-25,16:00,3380.0,0.0,2280.0,540.0,－－－－－－－－－－,10.0,670.0,0.0,40.0,0.0,0.0,-160.0,3380.0,yonden
2018,5,2018-05-25,17:00,3240.0,0.0,2360.0,610.0,－－－－－－－－－－,10.0,280.0,0.0,40.0,0.0,130.0,-190.0,3240.0,yonden
2018,5,2018-05-25,18:00,3170.0,0.0,2380.0,630.0,－－－－－－－－－－,10.0,40.0,0.0,40.0,0.0,310.0,-240.0,3170.0,yonden
2018,5,2018-05-25,19:00,3130.0,0.0,2380.0,610.0,－－－－－－－－－－,10.0,0.0,0.0,50.0,0.0,300.0,-220.0,3130.0,yonden
2018,5,2018-05-25,20:00,2990.0,0.0,2350.0,550.0,－－－－－－－－－－,10.0,0.0,0.0,50.0,0.0,300.0,-270.0,2990.0,yonden
2018,5,2018-05-25,21:00,2800.0,0.0,2330.0,540.0,－－－－－－－－－－,10.0,0.0,0.0,50.0,0.0,250.0,-380.0,2800.0,yonden
2018,5,2018-05-25,22:00,2610.0,0.0,2410.0,480.0,－－－－－－－－－－,10.0,0.0,0.0,60.0,0.0,20.0,-370.0,2610.0,yonden
2018,5,2018-05-25,23:00,2500.0,0.0,2420.0,400.0,－－－－－－－－－－,10.0,0.0,0.0,60.0,0.0,0.0,-390.0,2500.0,yonden
2018,5,2018-05-26,00:00,2350.0,0.0,2390.0,310.0,－－－－－－－－－－,10.0,0.0,0.0,60.0,0.0,0.0,-420.0,2350.0,yonden
2018,5,2018-05-26,01:00,2320.0,0.0,2400.0,340.0,－－－－－－－－－－,10.0,0.0,0.0,30.0,0.0,0.0,-460.0,2320.0,yonden
2018,5,2018-05-26,02:00,2470.0,0.0,2430.0,480.0,－－－－－－－－－－,10.0,0.0,0.0,10.0,0.0,0.0,-460.0,2470.0,yonden
2018,5,2018-05-26,03:00,2690.0,0.0,2410.0,510.0,－－－－－－－－－－,10.0,0.0,0.0,10.0,0.0,160.0,-410.0,2690.0,yonden
2018,5,2018-05-26,04:00,2780.0,0.0,2330.0,450.0,－－－－－－－－－－,10.0,0.0,0.0,40.0,0.0,270.0,-320.0,2780.0,yonden
2018,5,2018-05-26,05:00,2690.0,0.0,2330.0,370.0,－－－－－－－－－－,10.0,30.0,0.0,50.0,0.0,200.0,-300.0,2690.0,yonden
2018,5,2018-05-26,06:00,2460.0,0.0,2370.0,410.0,－－－－－－－－－－,10.0,70.0,0.0,60.0,0.0,0.0,-460.0,2460.0,yonden
2018,5,2018-05-26,07:00,2380.0,0.0,2430.0,310.0,－－－－－－－－－－,10.0,130.0,0.0,50.0,0.0,0.0,-550.0,2380.0,yonden
2018,5,2018-05-26,08:00,2570.0,0.0,2670.0,320.0,－－－－－－－－－－,10.0,200.0,0.0,30.0,0.0,0.0,-660.0,2570.0,yonden
2018,5,2018-05-26,09:00,2750.0,0.0,2520.0,360.0,－－－－－－－－－－,10.0,410.0,0.0,40.0,0.0,0.0,-590.0,2750.0,yonden
2018,5,2018-05-26,10:00,2810.0,0.0,2690.0,370.0,－－－－－－－－－－,10.0,390.0,0.0,50.0,0.0,0.0,-700.0,2810.0,yonden
2018,5,2018-05-26,11:00,2800.0,0.0,2840.0,330.0,－－－－－－－－－－,10.0,450.0,0.0,20.0,0.0,0.0,-850.0,2800.0,yonden
2018,5,2018-05-26,12:00,2710.0,0.0,2900.0,400.0,－－－－－－－－－－,10.0,530.0,0.0,20.0,0.0,0.0,-1150.0,2710.0,yonden
2018,5,2018-05-26,13:00,2720.0,0.0,2790.0,330.0,－－－－－－－－－－,10.0,610.0,0.0,10.0,0.0,0.0,-1030.0,2720.0,yonden
2018,5,2018-05-26,14:00,2630.0,0.0,2430.0,300.0,－－－－－－－－－－,10.0,800.0,0.0,0.0,0.0,0.0,-910.0,2630.0,yonden
2018,5,2018-05-26,15:00,2690.0,0.0,2230.0,360.0,－－－－－－－－－－,10.0,990.0,0.0,0.0,0.0,-160.0,-740.0,2690.0,yonden
2018,5,2018-05-26,16:00,2860.0,0.0,2370.0,430.0,－－－－－－－－－－,10.0,790.0,0.0,0.0,0.0,-180.0,-560.0,2860.0,yonden
2018,5,2018-05-26,17:00,2890.0,0.0,2430.0,510.0,－－－－－－－－－－,10.0,410.0,0.0,0.0,0.0,0.0,-470.0,2890.0,yonden
2018,5,2018-05-26,18:00,2840.0,0.0,2540.0,650.0,－－－－－－－－－－,10.0,90.0,0.0,0.0,0.0,0.0,-450.0,2840.0,yonden
2018,5,2018-05-26,19:00,2830.0,0.0,2540.0,670.0,－－－－－－－－－－,10.0,0.0,0.0,0.0,0.0,0.0,-390.0,2830.0,yonden
2018,5,2018-05-26,20:00,2730.0,0.0,2470.0,580.0,－－－－－－－－－－,10.0,0.0,0.0,0.0,0.0,0.0,-330.0,2730.0,yonden
2018,5,2018-05-26,21:00,2580.0,0.0,2440.0,550.0,－－－－－－－－－－,10.0,0.0,0.0,0.0,0.0,0.0,-420.0,2580.0,yonden
2018,5,2018-05-26,22:00,2390.0,0.0,2410.0,410.0,－－－－－－－－－－,10.0,0.0,0.0,0.0,0.0,0.0,-440.0,2390.0,yonden
2018,5,2018-05-26,23:00,2300.0,0.0,2400.0,370.0,－－－－－－－－－－,10.0,0.0,0.0,0.0,0.0,0.0,-480.0,2300.0,yonden
2018,5,2018-05-27,00:00,2180.0,0.0,2390.0,350.0,－－－－－－－－－－,10.0,0.0,0.0,10.0,0.0,0.0,-580.0,2180.0,yonden
2018,5,2018-05-27,01:00,2180.0,0.0,2370.0,390.0,－－－－－－－－－－,10.0,0.0,0.0,10.0,0.0,0.0,-600.0,2180.0,yonden
2018,5,2018-05-27,02:00,2360.0,0.0,2340.0,490.0,－－－－－－－－－－,10.0,0.0,0.0,10.0,0.0,0.0,-490.0,2360.0,yonden
2018,5,2018-05-27,03:00,2590.0,0.0,2330.0,540.0,－－－－－－－－－－,10.0,0.0,0.0,0.0,0.0,120.0,-410.0,2590.0,yonden
2018,5,2018-05-27,04:00,2680.0,0.0,2320.0,540.0,－－－－－－－－－－,10.0,0.0,0.0,0.0,0.0,170.0,-360.0,2680.0,yonden
2018,5,2018-05-27,05:00,2580.0,0.0,2370.0,540.0,－－－－－－－－－－,10.0,70.0,0.0,0.0,0.0,80.0,-490.0,2580.0,yonden
2018,5,2018-05-27,06:00,2340.0,0.0,2260.0,520.0,－－－－－－－－－－,10.0,350.0,0.0,0.0,0.0,0.0,-800.0,2340.0,yonden
2018,5,2018-05-27,07:00,2150.0,0.0,2070.0,440.0,－－－－－－－－－－,10.0,710.0,0.0,0.0,0.0,0.0,-1080.0,2150.0,yonden
2018,5,2018-05-27,08:00,2220.0,0.0,2140.0,410.0,－－－－－－－－－－,10.0,1040.0,0.0,0.0,0.0,-250.0,-1130.0,2220.0,yonden
2018,5,2018-05-27,09:00,2360.0,0.0,2010.0,380.0,－－－－－－－－－－,10.0,1260.0,0.0,0.0,0.0,-300.0,-1000.0,2360.0,yonden
2018,5,2018-05-27,10:00,2440.0,0.0,2000.0,360.0,－－－－－－－－－－,10.0,1440.0,0.0,0.0,0.0,-300.0,-1070.0,2440.0,yonden
2018,5,2018-05-27,11:00,2530.0,0.0,2060.0,370.0,－－－－－－－－－－,10.0,1540.0,0.0,0.0,0.0,-300.0,-1150.0,2530.0,yonden
2018,5,2018-05-27,12:00,2550.0,0.0,2100.0,320.0,－－－－－－－－－－,10.0,1500.0,0.0,10.0,0.0,-300.0,-1090.0,2550.0,yonden
2018,5,2018-05-27,13:00,2580.0,0.0,2200.0,360.0,－－－－－－－－－－,10.0,1280.0,0.0,10.0,0.0,-300.0,-980.0,2580.0,yonden
2018,5,2018-05-27,14:00,2510.0,0.0,2210.0,350.0,－－－－－－－－－－,10.0,1010.0,0.0,20.0,0.0,-300.0,-790.0,2510.0,yonden
2018,5,2018-05-27,15:00,2500.0,0.0,2190.0,340.0,－－－－－－－－－－,10.0,760.0,0.0,30.0,0.0,-40.0,-790.0,2500.0,yonden
2018,5,2018-05-27,16:00,2620.0,0.0,2290.0,440.0,－－－－－－－－－－,10.0,600.0,0.0,40.0,0.0,0.0,-760.0,2620.0,yonden
2018,5,2018-05-27,17:00,2680.0,0.0,2440.0,570.0,－－－－－－－－－－,10.0,270.0,0.0,40.0,0.0,0.0,-650.0,2680.0,yonden
2018,5,2018-05-27,18:00,2720.0,0.0,2460.0,650.0,－－－－－－－－－－,10.0,50.0,0.0,40.0,0.0,0.0,-490.0,2720.0,yonden
2018,5,2018-05-27,19:00,2770.0,0.0,2460.0,670.0,－－－－－－－－－－,10.0,0.0,0.0,50.0,0.0,0.0,-420.0,2770.0,yonden
2018,5,2018-05-27,20:00,2650.0,0.0,2390.0,600.0,－－－－－－－－－－,10.0,0.0,0.0,60.0,0.0,0.0,-410.0,2650.0,yonden
2018,5,2018-05-27,21:00,2510.0,0.0,2390.0,500.0,－－－－－－－－－－,10.0,0.0,0.0,70.0,0.0,0.0,-460.0,2510.0,yonden
2018,5,2018-05-27,22:00,2350.0,0.0,2330.0,420.0,－－－－－－－－－－,10.0,0.0,0.0,80.0,0.0,0.0,-490.0,2350.0,yonden
2018,5,2018-05-27,23:00,2260.0,0.0,2370.0,340.0,－－－－－－－－－－,10.0,0.0,0.0,70.0,0.0,0.0,-530.0,2260.0,yonden
2018,5,2018-05-28,00:00,2150.0,0.0,2310.0,310.0,－－－－－－－－－－,10.0,0.0,0.0,60.0,0.0,0.0,-540.0,2150.0,yonden
2018,5,2018-05-28,01:00,2150.0,0.0,2330.0,320.0,－－－－－－－－－－,10.0,0.0,0.0,50.0,0.0,0.0,-560.0,2150.0,yonden
2018,5,2018-05-28,02:00,2320.0,0.0,2370.0,410.0,－－－－－－－－－－,10.0,0.0,0.0,50.0,0.0,0.0,-520.0,2320.0,yonden
2018,5,2018-05-28,03:00,2550.0,0.0,2410.0,520.0,－－－－－－－－－－,10.0,0.0,0.0,50.0,0.0,0.0,-440.0,2550.0,yonden
2018,5,2018-05-28,04:00,2660.0,0.0,2420.0,550.0,－－－－－－－－－－,10.0,0.0,0.0,50.0,0.0,0.0,-370.0,2660.0,yonden
2018,5,2018-05-28,05:00,2640.0,0.0,2460.0,530.0,－－－－－－－－－－,10.0,40.0,0.0,40.0,0.0,0.0,-440.0,2640.0,yonden
2018,5,2018-05-28,06:00,2540.0,0.0,2450.0,420.0,－－－－－－－－－－,10.0,100.0,0.0,50.0,0.0,0.0,-490.0,2540.0,yonden
2018,5,2018-05-28,07:00,2540.0,0.0,2500.0,370.0,－－－－－－－－－－,10.0,160.0,0.0,50.0,0.0,0.0,-550.0,2540.0,yonden
2018,5,2018-05-28,08:00,2900.0,0.0,2610.0,390.0,－－－－－－－－－－,10.0,260.0,0.0,60.0,0.0,0.0,-430.0,2900.0,yonden
2018,5,2018-05-28,09:00,3070.0,0.0,2680.0,450.0,－－－－－－－－－－,10.0,330.0,0.0,60.0,0.0,0.0,-460.0,3070.0,yonden
2018,5,2018-05-28,10:00,3140.0,0.0,2500.0,430.0,－－－－－－－－－－,10.0,560.0,0.0,50.0,0.0,0.0,-410.0,3140.0,yonden
2018,5,2018-05-28,11:00,3210.0,0.0,2630.0,410.0,－－－－－－－－－－,10.0,550.0,0.0,30.0,0.0,0.0,-420.0,3210.0,yonden
2018,5,2018-05-28,12:00,3020.0,0.0,2620.0,330.0,－－－－－－－－－－,10.0,490.0,0.0,20.0,0.0,0.0,-450.0,3020.0,yonden
2018,5,2018-05-28,13:00,3150.0,0.0,2720.0,360.0,－－－－－－－－－－,10.0,440.0,0.0,10.0,0.0,0.0,-390.0,3150.0,yonden
2018,5,2018-05-28,14:00,3230.0,0.0,2700.0,430.0,－－－－－－－－－－,10.0,430.0,0.0,10.0,0.0,0.0,-350.0,3230.0,yonden
2018,5,2018-05-28,15:00,3220.0,0.0,2810.0,530.0,－－－－－－－－－－,10.0,250.0,0.0,10.0,0.0,0.0,-390.0,3220.0,yonden
2018,5,2018-05-28,16:00,3260.0,0.0,2930.0,580.0,－－－－－－－－－－,10.0,130.0,0.0,20.0,0.0,0.0,-410.0,3260.0,yonden
2018,5,2018-05-28,17:00,3210.0,0.0,2880.0,630.0,－－－－－－－－－－,10.0,60.0,0.0,40.0,0.0,0.0,-410.0,3210.0,yonden
2018,5,2018-05-28,18:00,3200.0,0.0,2890.0,650.0,－－－－－－－－－－,10.0,20.0,0.0,50.0,0.0,0.0,-420.0,3200.0,yonden
2018,5,2018-05-28,19:00,3130.0,0.0,2870.0,640.0,－－－－－－－－－－,10.0,0.0,0.0,60.0,0.0,0.0,-450.0,3130.0,yonden
2018,5,2018-05-28,20:00,2960.0,0.0,2840.0,490.0,－－－－－－－－－－,10.0,0.0,0.0,40.0,0.0,0.0,-420.0,2960.0,yonden
2018,5,2018-05-28,21:00,2790.0,0.0,2730.0,460.0,－－－－－－－－－－,10.0,0.0,0.0,40.0,0.0,0.0,-450.0,2790.0,yonden
2018,5,2018-05-28,22:00,2590.0,0.0,2550.0,380.0,－－－－－－－－－－,10.0,0.0,0.0,40.0,0.0,0.0,-390.0,2590.0,yonden
2018,5,2018-05-28,23:00,2490.0,0.0,2520.0,330.0,－－－－－－－－－－,10.0,0.0,0.0,30.0,0.0,0.0,-400.0,2490.0,yonden
2018,5,2018-05-29,00:00,2370.0,0.0,2480.0,330.0,－－－－－－－－－－,10.0,0.0,0.0,20.0,0.0,0.0,-470.0,2370.0,yonden
2018,5,2018-05-29,01:00,2350.0,0.0,2470.0,390.0,－－－－－－－－－－,10.0,0.0,0.0,20.0,0.0,0.0,-540.0,2350.0,yonden
2018,5,2018-05-29,02:00,2490.0,0.0,2500.0,440.0,－－－－－－－－－－,10.0,0.0,0.0,10.0,0.0,0.0,-470.0,2490.0,yonden
2018,5,2018-05-29,03:00,2710.0,0.0,2590.0,480.0,－－－－－－－－－－,10.0,0.0,0.0,10.0,0.0,0.0,-380.0,2710.0,yonden
2018,5,2018-05-29,04:00,2820.0,0.0,2570.0,490.0,－－－－－－－－－－,10.0,0.0,0.0,20.0,0.0,0.0,-270.0,2820.0,yonden
2018,5,2018-05-29,05:00,2790.0,0.0,2520.0,480.0,－－－－－－－－－－,10.0,50.0,0.0,30.0,0.0,0.0,-300.0,2790.0,yonden
2018,5,2018-05-29,06:00,2630.0,0.0,2390.0,430.0,－－－－－－－－－－,10.0,130.0,0.0,20.0,0.0,0.0,-350.0,2630.0,yonden
2018,5,2018-05-29,07:00,2590.0,0.0,2330.0,400.0,－－－－－－－－－－,10.0,280.0,0.0,20.0,0.0,0.0,-450.0,2590.0,yonden
2018,5,2018-05-29,08:00,3000.0,0.0,2570.0,330.0,－－－－－－－－－－,10.0,440.0,0.0,20.0,0.0,0.0,-370.0,3000.0,yonden
2018,5,2018-05-29,09:00,3220.0,0.0,2730.0,360.0,－－－－－－－－－－,10.0,530.0,0.0,10.0,0.0,0.0,-420.0,3220.0,yonden
2018,5,2018-05-29,10:00,3230.0,0.0,2570.0,350.0,－－－－－－－－－－,10.0,730.0,0.0,10.0,0.0,0.0,-440.0,3230.0,yonden
2018,5,2018-05-29,11:00,3320.0,0.0,2600.0,400.0,－－－－－－－－－－,10.0,720.0,0.0,10.0,0.0,0.0,-420.0,3320.0,yonden
2018,5,2018-05-29,12:00,3160.0,0.0,2650.0,390.0,－－－－－－－－－－,10.0,550.0,0.0,10.0,0.0,0.0,-450.0,3160.0,yonden
2018,5,2018-05-29,13:00,3300.0,0.0,2880.0,420.0,－－－－－－－－－－,10.0,420.0,0.0,10.0,0.0,0.0,-440.0,3300.0,yonden
2018,5,2018-05-29,14:00,3340.0,0.0,2840.0,480.0,－－－－－－－－－－,10.0,450.0,0.0,10.0,0.0,0.0,-450.0,3340.0,yonden
2018,5,2018-05-29,15:00,3310.0,0.0,2920.0,510.0,－－－－－－－－－－,10.0,320.0,0.0,10.0,0.0,0.0,-460.0,3310.0,yonden
2018,5,2018-05-29,16:00,3310.0,0.0,2970.0,570.0,－－－－－－－－－－,10.0,190.0,0.0,20.0,0.0,0.0,-450.0,3310.0,yonden
2018,5,2018-05-29,17:00,3270.0,0.0,3000.0,580.0,－－－－－－－－－－,10.0,90.0,0.0,30.0,0.0,0.0,-440.0,3270.0,yonden
2018,5,2018-05-29,18:00,3260.0,0.0,3010.0,600.0,－－－－－－－－－－,10.0,20.0,0.0,40.0,0.0,0.0,-420.0,3260.0,yonden
2018,5,2018-05-29,19:00,3190.0,0.0,3000.0,580.0,－－－－－－－－－－,10.0,0.0,0.0,30.0,0.0,0.0,-430.0,3190.0,yonden
2018,5,2018-05-29,20:00,3040.0,0.0,2900.0,520.0,－－－－－－－－－－,10.0,0.0,0.0,30.0,0.0,0.0,-420.0,3040.0,yonden
2018,5,2018-05-29,21:00,2830.0,0.0,2710.0,480.0,－－－－－－－－－－,10.0,0.0,0.0,30.0,0.0,0.0,-400.0,2830.0,yonden
2018,5,2018-05-29,22:00,2640.0,0.0,2570.0,400.0,－－－－－－－－－－,10.0,0.0,0.0,40.0,0.0,0.0,-380.0,2640.0,yonden
2018,5,2018-05-29,23:00,2540.0,0.0,2600.0,370.0,－－－－－－－－－－,10.0,0.0,0.0,30.0,0.0,0.0,-470.0,2540.0,yonden
2018,5,2018-05-30,00:00,2410.0,0.0,2490.0,280.0,－－－－－－－－－－,10.0,0.0,0.0,30.0,0.0,0.0,-400.0,2410.0,yonden
2018,5,2018-05-30,01:00,2370.0,0.0,2490.0,270.0,－－－－－－－－－－,10.0,0.0,0.0,20.0,0.0,0.0,-420.0,2370.0,yonden
2018,5,2018-05-30,02:00,2530.0,0.0,2500.0,370.0,－－－－－－－－－－,10.0,0.0,0.0,20.0,0.0,0.0,-370.0,2530.0,yonden
2018,5,2018-05-30,03:00,2760.0,0.0,2520.0,470.0,－－－－－－－－－－,10.0,0.0,0.0,10.0,0.0,0.0,-250.0,2760.0,yonden
2018,5,2018-05-30,04:00,2880.0,0.0,2530.0,490.0,－－－－－－－－－－,10.0,0.0,0.0,10.0,0.0,0.0,-160.0,2880.0,yonden
2018,5,2018-05-30,05:00,2860.0,0.0,2570.0,370.0,－－－－－－－－－－,10.0,30.0,0.0,0.0,0.0,0.0,-120.0,2860.0,yonden
2018,5,2018-05-30,06:00,2750.0,0.0,2580.0,320.0,－－－－－－－－－－,10.0,70.0,0.0,0.0,0.0,0.0,-230.0,2750.0,yonden
2018,5,2018-05-30,07:00,2800.0,0.0,2720.0,310.0,－－－－－－－－－－,10.0,120.0,0.0,0.0,0.0,0.0,-360.0,2800.0,yonden
2018,5,2018-05-30,08:00,3150.0,0.0,2940.0,420.0,－－－－－－－－－－,10.0,180.0,0.0,0.0,0.0,0.0,-400.0,3150.0,yonden
2018,5,2018-05-30,09:00,3350.0,0.0,3090.0,470.0,－－－－－－－－－－,10.0,210.0,0.0,0.0,0.0,0.0,-430.0,3350.0,yonden
2018,5,2018-05-30,10:00,3370.0,0.0,2940.0,450.0,－－－－－－－－－－,10.0,300.0,0.0,0.0,0.0,140.0,-470.0,3370.0,yonden
2018,5,2018-05-30,11:00,3410.0,0.0,2900.0,430.0,－－－－－－－－－－,10.0,400.0,0.0,0.0,0.0,90.0,-420.0,3410.0,yonden
2018,5,2018-05-30,12:00,3180.0,0.0,2800.0,390.0,－－－－－－－－－－,10.0,500.0,0.0,0.0,0.0,0.0,-520.0,3180.0,yonden
2018,5,2018-05-30,13:00,3350.0,0.0,2880.0,390.0,－－－－－－－－－－,10.0,520.0,0.0,0.0,0.0,0.0,-450.0,3350.0,yonden
2018,5,2018-05-30,14:00,3340.0,0.0,3020.0,430.0,－－－－－－－－－－,10.0,460.0,0.0,0.0,0.0,0.0,-580.0,3340.0,yonden
2018,5,2018-05-30,15:00,3280.0,0.0,2990.0,500.0,－－－－－－－－－－,10.0,390.0,0.0,0.0,0.0,0.0,-610.0,3280.0,yonden
2018,5,2018-05-30,16:00,3300.0,0.0,3030.0,580.0,－－－－－－－－－－,10.0,250.0,0.0,0.0,0.0,0.0,-570.0,3300.0,yonden
2018,5,2018-05-30,17:00,3210.0,0.0,2910.0,620.0,－－－－－－－－－－,10.0,120.0,0.0,0.0,0.0,0.0,-450.0,3210.0,yonden
2018,5,2018-05-30,18:00,3210.0,0.0,3000.0,590.0,－－－－－－－－－－,10.0,30.0,0.0,10.0,0.0,0.0,-430.0,3210.0,yonden
2018,5,2018-05-30,19:00,3150.0,0.0,2940.0,600.0,－－－－－－－－－－,10.0,0.0,0.0,20.0,0.0,0.0,-420.0,3150.0,yonden
2018,5,2018-05-30,20:00,3010.0,0.0,2790.0,520.0,－－－－－－－－－－,10.0,0.0,0.0,30.0,0.0,0.0,-340.0,3010.0,yonden
2018,5,2018-05-30,21:00,2820.0,0.0,2660.0,480.0,－－－－－－－－－－,10.0,0.0,0.0,30.0,0.0,0.0,-360.0,2820.0,yonden
2018,5,2018-05-30,22:00,2630.0,0.0,2480.0,410.0,－－－－－－－－－－,10.0,0.0,0.0,30.0,0.0,0.0,-300.0,2630.0,yonden
2018,5,2018-05-30,23:00,2550.0,0.0,2490.0,360.0,－－－－－－－－－－,10.0,0.0,0.0,20.0,0.0,0.0,-330.0,2550.0,yonden
2018,5,2018-05-31,00:00,2420.0,0.0,2390.0,350.0,－－－－－－－－－－,10.0,0.0,0.0,20.0,0.0,0.0,-350.0,2420.0,yonden
2018,5,2018-05-31,01:00,2400.0,0.0,2370.0,360.0,－－－－－－－－－－,10.0,0.0,0.0,20.0,0.0,0.0,-360.0,2400.0,yonden
2018,5,2018-05-31,02:00,2550.0,0.0,2410.0,420.0,－－－－－－－－－－,10.0,0.0,0.0,20.0,0.0,0.0,-310.0,2550.0,yonden
2018,5,2018-05-31,03:00,2740.0,0.0,2450.0,430.0,－－－－－－－－－－,10.0,0.0,0.0,20.0,0.0,0.0,-170.0,2740.0,yonden
2018,5,2018-05-31,04:00,2850.0,0.0,2460.0,500.0,－－－－－－－－－－,10.0,0.0,0.0,20.0,0.0,0.0,-140.0,2850.0,yonden
2018,5,2018-05-31,05:00,2790.0,0.0,2430.0,400.0,－－－－－－－－－－,10.0,40.0,0.0,10.0,0.0,0.0,-100.0,2790.0,yonden
2018,5,2018-05-31,06:00,2660.0,0.0,2400.0,390.0,－－－－－－－－－－,10.0,60.0,0.0,10.0,0.0,0.0,-210.0,2660.0,yonden
2018,5,2018-05-31,07:00,2710.0,0.0,2550.0,380.0,－－－－－－－－－－,10.0,90.0,0.0,10.0,0.0,0.0,-330.0,2710.0,yonden
2018,5,2018-05-31,08:00,3120.0,0.0,2930.0,450.0,－－－－－－－－－－,10.0,130.0,0.0,10.0,0.0,0.0,-410.0,3120.0,yonden
2018,5,2018-05-31,09:00,3330.0,0.0,3040.0,500.0,－－－－－－－－－－,10.0,190.0,0.0,10.0,0.0,0.0,-420.0,3330.0,yonden
2018,5,2018-05-31,10:00,3380.0,0.0,3010.0,500.0,－－－－－－－－－－,10.0,250.0,0.0,10.0,0.0,0.0,-400.0,3380.0,yonden
2018,5,2018-05-31,11:00,3430.0,0.0,3130.0,470.0,－－－－－－－－－－,10.0,250.0,0.0,10.0,0.0,0.0,-440.0,3430.0,yonden
2018,5,2018-05-31,12:00,3160.0,0.0,2970.0,300.0,－－－－－－－－－－,10.0,300.0,0.0,10.0,0.0,0.0,-430.0,3160.0,yonden
2018,5,2018-05-31,13:00,3310.0,0.0,3070.0,360.0,－－－－－－－－－－,10.0,280.0,0.0,10.0,0.0,30.0,-450.0,3310.0,yonden
2018,5,2018-05-31,14:00,3320.0,0.0,2980.0,390.0,－－－－－－－－－－,10.0,230.0,0.0,10.0,0.0,170.0,-470.0,3320.0,yonden
2018,5,2018-05-31,15:00,3300.0,0.0,2970.0,500.0,－－－－－－－－－－,10.0,180.0,0.0,20.0,0.0,160.0,-540.0,3300.0,yonden
2018,5,2018-05-31,16:00,3330.0,0.0,2900.0,560.0,－－－－－－－－－－,10.0,110.0,0.0,20.0,0.0,140.0,-410.0,3330.0,yonden
2018,5,2018-05-31,17:00,3230.0,0.0,2820.0,650.0,－－－－－－－－－－,10.0,70.0,0.0,30.0,0.0,70.0,-420.0,3230.0,yonden
2018,5,2018-05-31,18:00,3200.0,0.0,2720.0,700.0,－－－－－－－－－－,10.0,30.0,0.0,60.0,0.0,0.0,-320.0,3200.0,yonden
2018,5,2018-05-31,19:00,3130.0,0.0,2700.0,660.0,－－－－－－－－－－,10.0,0.0,0.0,80.0,0.0,0.0,-320.0,3130.0,yonden
2018,5,2018-05-31,20:00,2990.0,0.0,2710.0,530.0,－－－－－－－－－－,10.0,0.0,0.0,90.0,0.0,0.0,-350.0,2990.0,yonden
2018,5,2018-05-31,21:00,2800.0,0.0,2590.0,490.0,－－－－－－－－－－,10.0,0.0,0.0,100.0,0.0,0.0,-390.0,2800.0,yonden
2018,5,2018-05-31,22:00,2590.0,0.0,2420.0,340.0,－－－－－－－－－－,10.0,0.0,0.0,100.0,0.0,0.0,-280.0,2590.0,yonden
2018,5,2018-05-31,23:00,2480.0,0.0,2400.0,300.0,－－－－－－－－－－,10.0,0.0,0.0,100.0,0.0,0.0,-330.0,2480.0,yonden
2018,6,2018-06-01,00:00,2360.0,0.0,2350.0,270.0,－－－－－－－－－－,20.0,0.0,0.0,100.0,0.0,0.0,-380.0,2360.0,yonden
2018,6,2018-06-01,01:00,2350.0,0.0,2370.0,310.0,－－－－－－－－－－,20.0,0.0,0.0,90.0,0.0,0.0,-440.0,2350.0,yonden
2018,6,2018-06-01,02:00,2510.0,0.0,2370.0,430.0,－－－－－－－－－－,20.0,0.0,0.0,90.0,0.0,0.0,-400.0,2510.0,yonden
2018,6,2018-06-01,03:00,2750.0,0.0,2510.0,490.0,－－－－－－－－－－,20.0,0.0,0.0,80.0,0.0,0.0,-350.0,2750.0,yonden
2018,6,2018-06-01,04:00,2860.0,0.0,2540.0,510.0,－－－－－－－－－－,20.0,0.0,0.0,80.0,0.0,0.0,-290.0,2860.0,yonden
2018,6,2018-06-01,05:00,2810.0,0.0,2440.0,440.0,－－－－－－－－－－,20.0,70.0,0.0,80.0,0.0,0.0,-240.0,2810.0,yonden
2018,6,2018-06-01,06:00,2660.0,0.0,2300.0,360.0,－－－－－－－－－－,20.0,360.0,0.0,60.0,0.0,0.0,-440.0,2660.0,yonden
2018,6,2018-06-01,07:00,2590.0,0.0,2220.0,290.0,－－－－－－－－－－,20.0,740.0,0.0,30.0,0.0,0.0,-710.0,2590.0,yonden
2018,6,2018-06-01,08:00,2900.0,0.0,2250.0,260.0,－－－－－－－－－－,20.0,1100.0,0.0,20.0,0.0,0.0,-750.0,2900.0,yonden
2018,6,2018-06-01,09:00,3140.0,0.0,2290.0,330.0,－－－－－－－－－－,20.0,1380.0,0.0,20.0,0.0,0.0,-900.0,3140.0,yonden
2018,6,2018-06-01,10:00,3210.0,0.0,2370.0,330.0,－－－－－－－－－－,20.0,1560.0,0.0,20.0,0.0,0.0,-1090.0,3210.0,yonden
2018,6,2018-06-01,11:00,3270.0,0.0,2340.0,290.0,－－－－－－－－－－,20.0,1660.0,0.0,20.0,0.0,0.0,-1060.0,3270.0,yonden
2018,6,2018-06-01,12:00,3130.0,0.0,2290.0,280.0,－－－－－－－－－－,20.0,1670.0,0.0,30.0,0.0,0.0,-1160.0,3130.0,yonden
2018,6,2018-06-01,13:00,3330.0,0.0,2360.0,310.0,－－－－－－－－－－,20.0,1610.0,0.0,40.0,0.0,0.0,-1010.0,3330.0,yonden
2018,6,2018-06-01,14:00,3350.0,0.0,2280.0,330.0,－－－－－－－－－－,20.0,1460.0,0.0,20.0,0.0,0.0,-760.0,3350.0,yonden
2018,6,2018-06-01,15:00,3350.0,0.0,2270.0,360.0,－－－－－－－－－－,20.0,1210.0,0.0,20.0,0.0,0.0,-530.0,3350.0,yonden
2018,6,2018-06-01,16:00,3400.0,0.0,2530.0,460.0,－－－－－－－－－－,20.0,860.0,0.0,20.0,0.0,0.0,-490.0,3400.0,yonden
2018,6,2018-06-01,17:00,3300.0,0.0,2650.0,540.0,－－－－－－－－－－,20.0,460.0,0.0,20.0,0.0,0.0,-390.0,3300.0,yonden
2018,6,2018-06-01,18:00,3170.0,0.0,2790.0,590.0,－－－－－－－－－－,20.0,110.0,0.0,20.0,0.0,0.0,-360.0,3170.0,yonden
2018,6,2018-06-01,19:00,3090.0,0.0,2840.0,500.0,－－－－－－－－－－,20.0,0.0,0.0,30.0,0.0,0.0,-300.0,3090.0,yonden
2018,6,2018-06-01,20:00,2960.0,0.0,2780.0,390.0,－－－－－－－－－－,20.0,0.0,0.0,20.0,0.0,0.0,-250.0,2960.0,yonden
2018,6,2018-06-01,21:00,2780.0,0.0,2610.0,370.0,－－－－－－－－－－,20.0,0.0,0.0,20.0,0.0,0.0,-240.0,2780.0,yonden
2018,6,2018-06-01,22:00,2590.0,0.0,2540.0,270.0,－－－－－－－－－－,20.0,0.0,0.0,10.0,0.0,0.0,-250.0,2590.0,yonden
2018,6,2018-06-01,23:00,2490.0,0.0,2490.0,240.0,－－－－－－－－－－,20.0,0.0,0.0,0.0,0.0,0.0,-260.0,2490.0,yonden
2018,6,2018-06-02,00:00,2330.0,0.0,2400.0,200.0,－－－－－－－－－－,20.0,0.0,0.0,0.0,0.0,0.0,-290.0,2330.0,yonden
2018,6,2018-06-02,01:00,2300.0,0.0,2370.0,210.0,－－－－－－－－－－,20.0,0.0,0.0,0.0,0.0,0.0,-300.0,2300.0,yonden
2018,6,2018-06-02,02:00,2450.0,0.0,2420.0,260.0,－－－－－－－－－－,20.0,0.0,0.0,0.0,0.0,90.0,-340.0,2450.0,yonden
2018,6,2018-06-02,03:00,2690.0,0.0,2450.0,310.0,－－－－－－－－－－,20.0,0.0,0.0,0.0,0.0,200.0,-290.0,2690.0,yonden
2018,6,2018-06-02,04:00,2800.0,0.0,2450.0,330.0,－－－－－－－－－－,20.0,0.0,0.0,0.0,0.0,200.0,-200.0,2800.0,yonden
2018,6,2018-06-02,05:00,2710.0,0.0,2480.0,310.0,－－－－－－－－－－,10.0,70.0,0.0,0.0,0.0,160.0,-320.0,2710.0,yonden
2018,6,2018-06-02,06:00,2470.0,0.0,2320.0,230.0,－－－－－－－－－－,10.0,370.0,0.0,0.0,0.0,0.0,-460.0,2470.0,yonden
2018,6,2018-06-02,07:00,2340.0,0.0,2210.0,200.0,－－－－－－－－－－,20.0,720.0,0.0,0.0,0.0,0.0,-810.0,2340.0,yonden
2018,6,2018-06-02,08:00,2540.0,0.0,2290.0,240.0,－－－－－－－－－－,20.0,1070.0,0.0,0.0,0.0,-100.0,-980.0,2540.0,yonden
2018,6,2018-06-02,09:00,2710.0,0.0,2370.0,250.0,－－－－－－－－－－,20.0,1360.0,0.0,0.0,0.0,-300.0,-990.0,2710.0,yonden
2018,6,2018-06-02,10:00,2790.0,0.0,2450.0,210.0,－－－－－－－－－－,20.0,1540.0,0.0,0.0,0.0,-300.0,-1130.0,2790.0,yonden
2018,6,2018-06-02,11:00,2870.0,0.0,2470.0,220.0,－－－－－－－－－－,20.0,1630.0,0.0,0.0,0.0,-300.0,-1170.0,2870.0,yonden
2018,6,2018-06-02,12:00,2810.0,0.0,2480.0,200.0,－－－－－－－－－－,10.0,1640.0,0.0,0.0,0.0,-300.0,-1220.0,2810.0,yonden
2018,6,2018-06-02,13:00,2890.0,0.0,2460.0,180.0,－－－－－－－－－－,20.0,1580.0,0.0,10.0,0.0,-300.0,-1060.0,2890.0,yonden
2018,6,2018-06-02,14:00,2890.0,0.0,2390.0,200.0,－－－－－－－－－－,20.0,1420.0,0.0,0.0,0.0,-150.0,-990.0,2890.0,yonden
2018,6,2018-06-02,15:00,2900.0,0.0,2360.0,240.0,－－－－－－－－－－,20.0,1160.0,0.0,10.0,0.0,0.0,-890.0,2900.0,yonden
2018,6,2018-06-02,16:00,2950.0,0.0,2400.0,320.0,－－－－－－－－－－,10.0,820.0,0.0,10.0,0.0,0.0,-610.0,2950.0,yonden
2018,6,2018-06-02,17:00,2940.0,0.0,2520.0,410.0,－－－－－－－－－－,20.0,430.0,0.0,30.0,0.0,0.0,-470.0,2940.0,yonden
2018,6,2018-06-02,18:00,2880.0,0.0,2790.0,490.0,－－－－－－－－－－,20.0,100.0,0.0,40.0,0.0,40.0,-600.0,2880.0,yonden
2018,6,2018-06-02,19:00,2850.0,0.0,2710.0,470.0,－－－－－－－－－－,20.0,0.0,0.0,40.0,0.0,150.0,-540.0,2850.0,yonden
2018,6,2018-06-02,20:00,2750.0,0.0,2720.0,330.0,－－－－－－－－－－,20.0,0.0,0.0,50.0,0.0,0.0,-370.0,2750.0,yonden
2018,6,2018-06-02,21:00,2590.0,0.0,2690.0,290.0,－－－－－－－－－－,20.0,0.0,0.0,50.0,0.0,0.0,-460.0,2590.0,yonden
2018,6,2018-06-02,22:00,2400.0,0.0,2610.0,230.0,－－－－－－－－－－,20.0,0.0,0.0,50.0,0.0,0.0,-510.0,2400.0,yonden
2018,6,2018-06-02,23:00,2320.0,0.0,2630.0,180.0,－－－－－－－－－－,20.0,0.0,0.0,40.0,0.0,0.0,-550.0,2320.0,yonden
2018,6,2018-06-03,00:00,2200.0,0.0,2550.0,160.0,－－－－－－－－－－,10.0,0.0,0.0,40.0,0.0,0.0,-560.0,2200.0,yonden
2018,6,2018-06-03,01:00,2170.0,0.0,2550.0,150.0,－－－－－－－－－－,10.0,0.0,0.0,30.0,0.0,0.0,-570.0,2170.0,yonden
2018,6,2018-06-03,02:00,2310.0,0.0,2620.0,210.0,－－－－－－－－－－,10.0,0.0,0.0,30.0,0.0,0.0,-560.0,2310.0,yonden
2018,6,2018-06-03,03:00,2550.0,0.0,2650.0,300.0,－－－－－－－－－－,10.0,0.0,0.0,30.0,0.0,0.0,-440.0,2550.0,yonden
2018,6,2018-06-03,04:00,2640.0,0.0,2660.0,320.0,－－－－－－－－－－,10.0,0.0,0.0,20.0,0.0,0.0,-370.0,2640.0,yonden
2018,6,2018-06-03,05:00,2540.0,0.0,2590.0,310.0,－－－－－－－－－－,10.0,70.0,0.0,10.0,0.0,0.0,-450.0,2540.0,yonden
2018,6,2018-06-03,06:00,2250.0,0.0,2270.0,230.0,－－－－－－－－－－,10.0,340.0,0.0,0.0,0.0,0.0,-600.0,2250.0,yonden
2018,6,2018-06-03,07:00,2100.0,0.0,1970.0,200.0,－－－－－－－－－－,10.0,690.0,0.0,0.0,0.0,0.0,-770.0,2100.0,yonden
2018,6,2018-06-03,08:00,2190.0,0.0,1940.0,220.0,－－－－－－－－－－,10.0,1030.0,0.0,0.0,0.0,-50.0,-960.0,2190.0,yonden
2018,6,2018-06-03,09:00,2340.0,0.0,2000.0,260.0,－－－－－－－－－－,10.0,1300.0,0.0,0.0,0.0,-300.0,-930.0,2340.0,yonden
2018,6,2018-06-03,10:00,2470.0,0.0,1990.0,230.0,－－－－－－－－－－,10.0,1450.0,0.0,0.0,0.0,-300.0,-910.0,2470.0,yonden
2018,6,2018-06-03,11:00,2550.0,0.0,2190.0,200.0,－－－－－－－－－－,10.0,1440.0,0.0,10.0,0.0,-300.0,-1000.0,2550.0,yonden
2018,6,2018-06-03,12:00,2580.0,0.0,2370.0,250.0,－－－－－－－－－－,10.0,1260.0,0.0,10.0,0.0,-300.0,-1020.0,2580.0,yonden
2018,6,2018-06-03,13:00,2510.0,0.0,2240.0,230.0,－－－－－－－－－－,10.0,1150.0,0.0,10.0,0.0,-300.0,-830.0,2510.0,yonden
2018,6,2018-06-03,14:00,2490.0,0.0,2100.0,220.0,－－－－－－－－－－,10.0,1130.0,0.0,10.0,0.0,-150.0,-830.0,2490.0,yonden
2018,6,2018-06-03,15:00,2550.0,0.0,2080.0,240.0,－－－－－－－－－－,10.0,950.0,0.0,20.0,0.0,0.0,-750.0,2550.0,yonden
2018,6,2018-06-03,16:00,2570.0,0.0,2380.0,250.0,－－－－－－－－－－,10.0,590.0,0.0,20.0,0.0,0.0,-680.0,2570.0,yonden
2018,6,2018-06-03,17:00,2670.0,0.0,2530.0,340.0,－－－－－－－－－－,10.0,310.0,0.0,30.0,0.0,0.0,-550.0,2670.0,yonden
2018,6,2018-06-03,18:00,2740.0,0.0,2650.0,420.0,－－－－－－－－－－,10.0,80.0,0.0,30.0,0.0,70.0,-520.0,2740.0,yonden
2018,6,2018-06-03,19:00,2750.0,0.0,2610.0,430.0,－－－－－－－－－－,10.0,0.0,0.0,30.0,0.0,140.0,-470.0,2750.0,yonden
2018,6,2018-06-03,20:00,2660.0,0.0,2600.0,360.0,－－－－－－－－－－,10.0,0.0,0.0,30.0,0.0,140.0,-480.0,2660.0,yonden
2018,6,2018-06-03,21:00,2520.0,0.0,2660.0,320.0,－－－－－－－－－－,10.0,0.0,0.0,30.0,0.0,10.0,-510.0,2520.0,yonden
2018,6,2018-06-03,22:00,2350.0,0.0,2640.0,210.0,－－－－－－－－－－,10.0,0.0,0.0,30.0,0.0,0.0,-540.0,2350.0,yonden
2018,6,2018-06-03,23:00,2260.0,0.0,2610.0,170.0,－－－－－－－－－－,10.0,0.0,0.0,30.0,0.0,0.0,-560.0,2260.0,yonden
2018,6,2018-06-04,00:00,2160.0,0.0,2490.0,160.0,－－－－－－－－－－,10.0,0.0,0.0,20.0,0.0,0.0,-520.0,2160.0,yonden
2018,6,2018-06-04,01:00,2160.0,0.0,2490.0,170.0,－－－－－－－－－－,10.0,0.0,0.0,20.0,0.0,0.0,-530.0,2160.0,yonden
2018,6,2018-06-04,02:00,2320.0,0.0,2560.0,320.0,－－－－－－－－－－,10.0,0.0,0.0,20.0,0.0,0.0,-590.0,2320.0,yonden
2018,6,2018-06-04,03:00,2550.0,0.0,2600.0,410.0,－－－－－－－－－－,10.0,0.0,0.0,20.0,0.0,0.0,-490.0,2550.0,yonden
2018,6,2018-06-04,04:00,2680.0,0.0,2620.0,480.0,－－－－－－－－－－,10.0,0.0,0.0,10.0,0.0,0.0,-440.0,2680.0,yonden
2018,6,2018-06-04,05:00,2670.0,0.0,2660.0,480.0,－－－－－－－－－－,10.0,70.0,0.0,20.0,0.0,0.0,-570.0,2670.0,yonden
2018,6,2018-06-04,06:00,2560.0,0.0,2490.0,290.0,－－－－－－－－－－,10.0,360.0,0.0,20.0,0.0,0.0,-610.0,2560.0,yonden
2018,6,2018-06-04,07:00,2550.0,0.0,2430.0,240.0,－－－－－－－－－－,10.0,710.0,0.0,10.0,0.0,0.0,-850.0,2550.0,yonden
2018,6,2018-06-04,08:00,2920.0,0.0,2530.0,230.0,－－－－－－－－－－,10.0,1050.0,0.0,0.0,0.0,0.0,-900.0,2920.0,yonden
2018,6,2018-06-04,09:00,3210.0,0.0,2450.0,290.0,－－－－－－－－－－,10.0,1330.0,0.0,0.0,0.0,0.0,-870.0,3210.0,yonden
2018,6,2018-06-04,10:00,3320.0,0.0,2480.0,340.0,－－－－－－－－－－,10.0,1510.0,0.0,0.0,0.0,0.0,-1020.0,3320.0,yonden
2018,6,2018-06-04,11:00,3410.0,0.0,2550.0,280.0,－－－－－－－－－－,10.0,1600.0,0.0,0.0,0.0,0.0,-1030.0,3410.0,yonden
2018,6,2018-06-04,12:00,3290.0,0.0,2590.0,240.0,－－－－－－－－－－,10.0,1600.0,0.0,0.0,0.0,0.0,-1150.0,3290.0,yonden
2018,6,2018-06-04,13:00,3490.0,0.0,2580.0,240.0,－－－－－－－－－－,10.0,1480.0,0.0,0.0,0.0,0.0,-820.0,3490.0,yonden
2018,6,2018-06-04,14:00,3480.0,0.0,2530.0,250.0,－－－－－－－－－－,10.0,1340.0,0.0,0.0,0.0,0.0,-650.0,3480.0,yonden
2018,6,2018-06-04,15:00,3480.0,0.0,2560.0,330.0,－－－－－－－－－－,10.0,1170.0,0.0,10.0,0.0,0.0,-600.0,3480.0,yonden
2018,6,2018-06-04,16:00,3520.0,0.0,2660.0,480.0,－－－－－－－－－－,10.0,810.0,0.0,20.0,0.0,0.0,-460.0,3520.0,yonden
2018,6,2018-06-04,17:00,3410.0,0.0,2870.0,560.0,－－－－－－－－－－,10.0,390.0,0.0,30.0,0.0,0.0,-450.0,3410.0,yonden
2018,6,2018-06-04,18:00,3270.0,0.0,2940.0,600.0,－－－－－－－－－－,10.0,90.0,0.0,30.0,0.0,0.0,-400.0,3270.0,yonden
2018,6,2018-06-04,19:00,3210.0,0.0,2940.0,630.0,－－－－－－－－－－,10.0,0.0,0.0,30.0,0.0,0.0,-400.0,3210.0,yonden
2018,6,2018-06-04,20:00,3040.0,0.0,2870.0,520.0,－－－－－－－－－－,10.0,0.0,0.0,40.0,0.0,0.0,-400.0,3040.0,yonden
2018,6,2018-06-04,21:00,2850.0,0.0,2660.0,460.0,－－－－－－－－－－,10.0,0.0,0.0,40.0,0.0,0.0,-320.0,2850.0,yonden
2018,6,2018-06-04,22:00,2660.0,0.0,2500.0,410.0,－－－－－－－－－－,10.0,0.0,0.0,30.0,0.0,0.0,-290.0,2660.0,yonden
2018,6,2018-06-04,23:00,2540.0,0.0,2440.0,360.0,－－－－－－－－－－,10.0,0.0,0.0,30.0,0.0,0.0,-300.0,2540.0,yonden
2018,6,2018-06-05,00:00,2390.0,0.0,2380.0,260.0,－－－－－－－－－－,10.0,0.0,0.0,30.0,0.0,0.0,-290.0,2390.0,yonden
2018,6,2018-06-05,01:00,2360.0,0.0,2390.0,260.0,－－－－－－－－－－,10.0,0.0,0.0,20.0,0.0,0.0,-320.0,2360.0,yonden
2018,6,2018-06-05,02:00,2500.0,0.0,2440.0,340.0,－－－－－－－－－－,10.0,0.0,0.0,20.0,0.0,0.0,-310.0,2500.0,yonden
2018,6,2018-06-05,03:00,2740.0,0.0,2450.0,510.0,－－－－－－－－－－,10.0,0.0,0.0,30.0,0.0,0.0,-260.0,2740.0,yonden
2018,6,2018-06-05,04:00,2850.0,0.0,2420.0,540.0,－－－－－－－－－－,10.0,0.0,0.0,30.0,0.0,0.0,-150.0,2850.0,yonden
2018,6,2018-06-05,05:00,2790.0,0.0,2450.0,470.0,－－－－－－－－－－,10.0,70.0,0.0,30.0,0.0,0.0,-240.0,2790.0,yonden
2018,6,2018-06-05,06:00,2640.0,0.0,2310.0,300.0,－－－－－－－－－－,10.0,270.0,0.0,30.0,0.0,0.0,-280.0,2640.0,yonden
2018,6,2018-06-05,07:00,2650.0,0.0,2220.0,270.0,－－－－－－－－－－,10.0,510.0,0.0,30.0,0.0,0.0,-390.0,2650.0,yonden
2018,6,2018-06-05,08:00,3050.0,0.0,2410.0,290.0,－－－－－－－－－－,10.0,660.0,0.0,20.0,0.0,0.0,-340.0,3050.0,yonden
2018,6,2018-06-05,09:00,3300.0,0.0,2530.0,370.0,－－－－－－－－－－,10.0,770.0,0.0,20.0,0.0,0.0,-400.0,3300.0,yonden
2018,6,2018-06-05,10:00,3350.0,0.0,2530.0,350.0,－－－－－－－－－－,10.0,850.0,0.0,20.0,0.0,0.0,-410.0,3350.0,yonden
2018,6,2018-06-05,11:00,3450.0,0.0,2680.0,320.0,－－－－－－－－－－,10.0,760.0,0.0,20.0,0.0,0.0,-340.0,3450.0,yonden
2018,6,2018-06-05,12:00,3200.0,0.0,2760.0,280.0,－－－－－－－－－－,10.0,530.0,0.0,20.0,0.0,0.0,-400.0,3200.0,yonden
2018,6,2018-06-05,13:00,3400.0,0.0,2900.0,330.0,－－－－－－－－－－,10.0,480.0,0.0,10.0,0.0,0.0,-330.0,3400.0,yonden
2018,6,2018-06-05,14:00,3340.0,0.0,2910.0,420.0,－－－－－－－－－－,10.0,280.0,0.0,40.0,0.0,0.0,-320.0,3340.0,yonden
2018,6,2018-06-05,15:00,3330.0,0.0,2890.0,500.0,－－－－－－－－－－,10.0,190.0,0.0,50.0,0.0,0.0,-310.0,3330.0,yonden
2018,6,2018-06-05,16:00,3370.0,0.0,2930.0,570.0,－－－－－－－－－－,10.0,120.0,0.0,60.0,0.0,0.0,-320.0,3370.0,yonden
2018,6,2018-06-05,17:00,3320.0,0.0,2910.0,600.0,－－－－－－－－－－,10.0,70.0,0.0,70.0,0.0,0.0,-340.0,3320.0,yonden
2018,6,2018-06-05,18:00,3260.0,0.0,2870.0,640.0,－－－－－－－－－－,10.0,20.0,0.0,60.0,0.0,0.0,-340.0,3260.0,yonden
2018,6,2018-06-05,19:00,3140.0,0.0,2760.0,640.0,－－－－－－－－－－,10.0,0.0,0.0,60.0,0.0,0.0,-330.0,3140.0,yonden
2018,6,2018-06-05,20:00,3000.0,0.0,2630.0,510.0,－－－－－－－－－－,10.0,0.0,0.0,60.0,0.0,0.0,-210.0,3000.0,yonden
2018,6,2018-06-05,21:00,2830.0,0.0,2490.0,460.0,－－－－－－－－－－,10.0,0.0,0.0,50.0,0.0,0.0,-180.0,2830.0,yonden
2018,6,2018-06-05,22:00,2620.0,0.0,2350.0,400.0,－－－－－－－－－－,10.0,0.0,0.0,50.0,0.0,0.0,-190.0,2620.0,yonden
2018,6,2018-06-05,23:00,2530.0,0.0,2300.0,340.0,－－－－－－－－－－,10.0,0.0,0.0,50.0,0.0,0.0,-170.0,2530.0,yonden
2018,6,2018-06-06,00:00,2400.0,0.0,2280.0,340.0,－－－－－－－－－－,10.0,0.0,0.0,50.0,0.0,0.0,-280.0,2400.0,yonden
2018,6,2018-06-06,01:00,2380.0,0.0,2280.0,360.0,－－－－－－－－－－,10.0,0.0,0.0,30.0,0.0,0.0,-300.0,2380.0,yonden
2018,6,2018-06-06,02:00,2540.0,0.0,2350.0,420.0,－－－－－－－－－－,10.0,0.0,0.0,10.0,0.0,0.0,-250.0,2540.0,yonden
2018,6,2018-06-06,03:00,2770.0,0.0,2420.0,570.0,－－－－－－－－－－,10.0,0.0,0.0,10.0,0.0,0.0,-240.0,2770.0,yonden
2018,6,2018-06-06,04:00,2900.0,0.0,2480.0,590.0,－－－－－－－－－－,10.0,0.0,0.0,0.0,0.0,0.0,-180.0,2900.0,yonden
2018,6,2018-06-06,05:00,2880.0,0.0,2450.0,520.0,－－－－－－－－－－,10.0,40.0,0.0,10.0,0.0,0.0,-150.0,2880.0,yonden
2018,6,2018-06-06,06:00,2770.0,0.0,2450.0,370.0,－－－－－－－－－－,10.0,80.0,0.0,10.0,0.0,0.0,-150.0,2770.0,yonden
2018,6,2018-06-06,07:00,2790.0,0.0,2510.0,340.0,－－－－－－－－－－,10.0,110.0,0.0,0.0,0.0,0.0,-180.0,2790.0,yonden
2018,6,2018-06-06,08:00,3200.0,0.0,2730.0,470.0,－－－－－－－－－－,10.0,150.0,0.0,0.0,0.0,0.0,-160.0,3200.0,yonden
2018,6,2018-06-06,09:00,3440.0,0.0,2980.0,540.0,－－－－－－－－－－,10.0,190.0,0.0,0.0,0.0,0.0,-280.0,3440.0,yonden
2018,6,2018-06-06,10:00,3460.0,0.0,2980.0,490.0,－－－－－－－－－－,10.0,260.0,0.0,10.0,0.0,0.0,-290.0,3460.0,yonden
2018,6,2018-06-06,11:00,3450.0,0.0,2810.0,450.0,－－－－－－－－－－,10.0,390.0,0.0,0.0,0.0,0.0,-210.0,3450.0,yonden
2018,6,2018-06-06,12:00,3210.0,0.0,2680.0,360.0,－－－－－－－－－－,10.0,410.0,0.0,10.0,0.0,0.0,-260.0,3210.0,yonden
2018,6,2018-06-06,13:00,3370.0,0.0,2900.0,370.0,－－－－－－－－－－,10.0,290.0,0.0,0.0,0.0,0.0,-200.0,3370.0,yonden
2018,6,2018-06-06,14:00,3340.0,0.0,2900.0,460.0,－－－－－－－－－－,10.0,210.0,0.0,10.0,0.0,0.0,-250.0,3340.0,yonden
2018,6,2018-06-06,15:00,3300.0,0.0,2820.0,570.0,－－－－－－－－－－,10.0,180.0,0.0,0.0,0.0,0.0,-280.0,3300.0,yonden
2018,6,2018-06-06,16:00,3370.0,0.0,2890.0,630.0,－－－－－－－－－－,10.0,100.0,0.0,0.0,0.0,0.0,-260.0,3370.0,yonden
2018,6,2018-06-06,17:00,3290.0,0.0,2850.0,650.0,－－－－－－－－－－,10.0,60.0,0.0,10.0,0.0,0.0,-290.0,3290.0,yonden
2018,6,2018-06-06,18:00,3250.0,0.0,2830.0,630.0,－－－－－－－－－－,10.0,20.0,0.0,10.0,0.0,0.0,-250.0,3250.0,yonden
2018,6,2018-06-06,19:00,3140.0,0.0,2810.0,580.0,－－－－－－－－－－,10.0,0.0,0.0,0.0,0.0,0.0,-260.0,3140.0,yonden
2018,6,2018-06-06,20:00,2990.0,0.0,2650.0,520.0,－－－－－－－－－－,10.0,0.0,0.0,0.0,0.0,0.0,-190.0,2990.0,yonden
2018,6,2018-06-06,21:00,2810.0,0.0,2580.0,390.0,－－－－－－－－－－,10.0,0.0,0.0,0.0,0.0,0.0,-170.0,2810.0,yonden
2018,6,2018-06-06,22:00,2640.0,0.0,2480.0,330.0,－－－－－－－－－－,10.0,0.0,0.0,0.0,0.0,0.0,-180.0,2640.0,yonden
2018,6,2018-06-06,23:00,2530.0,0.0,2460.0,330.0,－－－－－－－－－－,10.0,0.0,0.0,0.0,0.0,0.0,-270.0,2530.0,yonden
2018,6,2018-06-07,00:00,2410.0,0.0,2410.0,320.0,－－－－－－－－－－,10.0,0.0,0.0,0.0,0.0,0.0,-330.0,2410.0,yonden
2018,6,2018-06-07,01:00,2390.0,0.0,2430.0,320.0,－－－－－－－－－－,10.0,0.0,0.0,0.0,0.0,0.0,-370.0,2390.0,yonden
2018,6,2018-06-07,02:00,2540.0,0.0,2510.0,390.0,－－－－－－－－－－,10.0,0.0,0.0,0.0,0.0,0.0,-370.0,2540.0,yonden
2018,6,2018-06-07,03:00,2770.0,0.0,2530.0,480.0,－－－－－－－－－－,10.0,0.0,0.0,0.0,0.0,0.0,-250.0,2770.0,yonden
2018,6,2018-06-07,04:00,2880.0,0.0,2460.0,550.0,－－－－－－－－－－,10.0,0.0,0.0,10.0,0.0,0.0,-150.0,2880.0,yonden
2018,6,2018-06-07,05:00,2840.0,0.0,2470.0,480.0,－－－－－－－－－－,10.0,40.0,0.0,10.0,0.0,0.0,-170.0,2840.0,yonden
2018,6,2018-06-07,06:00,2680.0,0.0,2510.0,340.0,－－－－－－－－－－,10.0,110.0,0.0,0.0,0.0,0.0,-290.0,2680.0,yonden
2018,6,2018-06-07,07:00,2710.0,0.0,2400.0,310.0,－－－－－－－－－－,10.0,310.0,0.0,0.0,0.0,0.0,-320.0,2710.0,yonden
2018,6,2018-06-07,08:00,3050.0,0.0,2400.0,370.0,－－－－－－－－－－,10.0,660.0,0.0,0.0,0.0,0.0,-390.0,3050.0,yonden
2018,6,2018-06-07,09:00,3310.0,0.0,2470.0,350.0,－－－－－－－－－－,10.0,930.0,0.0,0.0,0.0,0.0,-450.0,3310.0,yonden
2018,6,2018-06-07,10:00,3420.0,0.0,2420.0,350.0,－－－－－－－－－－,10.0,1130.0,0.0,0.0,0.0,0.0,-490.0,3420.0,yonden
2018,6,2018-06-07,11:00,3480.0,0.0,2380.0,310.0,－－－－－－－－－－,10.0,1200.0,0.0,0.0,0.0,0.0,-420.0,3480.0,yonden
2018,6,2018-06-07,12:00,3270.0,0.0,2310.0,330.0,－－－－－－－－－－,10.0,1150.0,0.0,0.0,0.0,0.0,-530.0,3270.0,yonden
2018,6,2018-06-07,13:00,3470.0,0.0,2400.0,390.0,－－－－－－－－－－,10.0,930.0,0.0,0.0,0.0,0.0,-260.0,3470.0,yonden
2018,6,2018-06-07,14:00,3380.0,0.0,2430.0,410.0,－－－－－－－－－－,10.0,710.0,0.0,10.0,0.0,0.0,-190.0,3380.0,yonden
2018,6,2018-06-07,15:00,3310.0,0.0,2600.0,470.0,－－－－－－－－－－,10.0,400.0,0.0,10.0,0.0,0.0,-180.0,3310.0,yonden
2018,6,2018-06-07,16:00,3300.0,0.0,2750.0,530.0,－－－－－－－－－－,10.0,190.0,0.0,10.0,0.0,0.0,-190.0,3300.0,yonden
2018,6,2018-06-07,17:00,3250.0,0.0,2800.0,580.0,－－－－－－－－－－,10.0,100.0,0.0,40.0,0.0,0.0,-280.0,3250.0,yonden
2018,6,2018-06-07,18:00,3280.0,0.0,2700.0,570.0,－－－－－－－－－－,10.0,30.0,0.0,50.0,0.0,220.0,-300.0,3280.0,yonden
2018,6,2018-06-07,19:00,3240.0,0.0,2700.0,490.0,－－－－－－－－－－,10.0,0.0,0.0,50.0,0.0,80.0,-90.0,3240.0,yonden
2018,6,2018-06-07,20:00,3090.0,0.0,2700.0,450.0,－－－－－－－－－－,10.0,0.0,0.0,40.0,0.0,0.0,-110.0,3090.0,yonden
2018,6,2018-06-07,21:00,2910.0,0.0,2680.0,420.0,－－－－－－－－－－,10.0,0.0,0.0,20.0,0.0,0.0,-220.0,2910.0,yonden
2018,6,2018-06-07,22:00,2700.0,0.0,2560.0,300.0,－－－－－－－－－－,10.0,0.0,0.0,10.0,0.0,0.0,-180.0,2700.0,yonden
2018,6,2018-06-07,23:00,2600.0,0.0,2520.0,300.0,－－－－－－－－－－,10.0,0.0,0.0,30.0,0.0,0.0,-260.0,2600.0,yonden
2018,6,2018-06-08,00:00,2460.0,0.0,2470.0,280.0,－－－－－－－－－－,10.0,0.0,0.0,40.0,0.0,0.0,-340.0,2460.0,yonden
2018,6,2018-06-08,01:00,2430.0,0.0,2490.0,280.0,－－－－－－－－－－,10.0,0.0,0.0,30.0,0.0,0.0,-380.0,2430.0,yonden
2018,6,2018-06-08,02:00,2560.0,0.0,2590.0,280.0,－－－－－－－－－－,10.0,0.0,0.0,30.0,0.0,0.0,-350.0,2560.0,yonden
2018,6,2018-06-08,03:00,2770.0,0.0,2600.0,360.0,－－－－－－－－－－,10.0,0.0,0.0,30.0,0.0,0.0,-230.0,2770.0,yonden
2018,6,2018-06-08,04:00,2900.0,0.0,2580.0,400.0,－－－－－－－－－－,10.0,0.0,0.0,10.0,0.0,0.0,-100.0,2900.0,yonden
2018,6,2018-06-08,05:00,2880.0,0.0,2650.0,330.0,－－－－－－－－－－,10.0,50.0,0.0,10.0,0.0,0.0,-170.0,2880.0,yonden
2018,6,2018-06-08,06:00,2760.0,0.0,2650.0,340.0,－－－－－－－－－－,10.0,130.0,0.0,10.0,0.0,0.0,-380.0,2760.0,yonden
2018,6,2018-06-08,07:00,2860.0,0.0,2650.0,410.0,－－－－－－－－－－,10.0,300.0,0.0,30.0,0.0,0.0,-540.0,2860.0,yonden
2018,6,2018-06-08,08:00,3170.0,0.0,2750.0,420.0,－－－－－－－－－－,10.0,390.0,0.0,20.0,0.0,0.0,-420.0,3170.0,yonden
2018,6,2018-06-08,09:00,3420.0,0.0,2900.0,460.0,－－－－－－－－－－,10.0,550.0,0.0,30.0,0.0,0.0,-530.0,3420.0,yonden
2018,6,2018-06-08,10:00,3500.0,0.0,3030.0,460.0,－－－－－－－－－－,10.0,570.0,0.0,40.0,0.0,0.0,-610.0,3500.0,yonden
2018,6,2018-06-08,11:00,3590.0,0.0,3110.0,370.0,－－－－－－－－－－,10.0,570.0,0.0,60.0,0.0,0.0,-530.0,3590.0,yonden
2018,6,2018-06-08,12:00,3300.0,0.0,2850.0,300.0,－－－－－－－－－－,10.0,580.0,0.0,40.0,0.0,0.0,-480.0,3300.0,yonden
2018,6,2018-06-08,13:00,3520.0,0.0,2940.0,300.0,－－－－－－－－－－,10.0,610.0,0.0,30.0,0.0,0.0,-370.0,3520.0,yonden
2018,6,2018-06-08,14:00,3590.0,0.0,3210.0,320.0,－－－－－－－－－－,10.0,380.0,0.0,30.0,0.0,0.0,-360.0,3590.0,yonden
2018,6,2018-06-08,15:00,3420.0,0.0,3170.0,350.0,－－－－－－－－－－,10.0,220.0,0.0,20.0,0.0,0.0,-350.0,3420.0,yonden
2018,6,2018-06-08,16:00,3380.0,0.0,3050.0,490.0,－－－－－－－－－－,10.0,150.0,0.0,40.0,0.0,0.0,-360.0,3380.0,yonden
2018,6,2018-06-08,17:00,3340.0,0.0,3030.0,610.0,－－－－－－－－－－,10.0,60.0,0.0,40.0,0.0,0.0,-410.0,3340.0,yonden
2018,6,2018-06-08,18:00,3340.0,0.0,2810.0,640.0,－－－－－－－－－－,10.0,20.0,0.0,30.0,0.0,270.0,-440.0,3340.0,yonden
2018,6,2018-06-08,19:00,3240.0,0.0,2670.0,560.0,－－－－－－－－－－,10.0,0.0,0.0,30.0,0.0,110.0,-140.0,3240.0,yonden
2018,6,2018-06-08,20:00,3070.0,0.0,2560.0,480.0,－－－－－－－－－－,10.0,0.0,0.0,40.0,0.0,0.0,-20.0,3070.0,yonden
2018,6,2018-06-08,21:00,2900.0,0.0,2510.0,470.0,－－－－－－－－－－,10.0,0.0,0.0,30.0,0.0,0.0,-120.0,2900.0,yonden
2018,6,2018-06-08,22:00,2690.0,0.0,2420.0,430.0,－－－－－－－－－－,10.0,0.0,0.0,10.0,0.0,0.0,-180.0,2690.0,yonden
2018,6,2018-06-08,23:00,2590.0,0.0,2430.0,370.0,－－－－－－－－－－,10.0,0.0,0.0,10.0,0.0,0.0,-230.0,2590.0,yonden
2018,6,2018-06-09,00:00,2430.0,0.0,2430.0,350.0,－－－－－－－－－－,10.0,0.0,0.0,0.0,0.0,0.0,-360.0,2430.0,yonden
2018,6,2018-06-09,01:00,2390.0,0.0,2420.0,340.0,－－－－－－－－－－,10.0,0.0,0.0,0.0,0.0,0.0,-380.0,2390.0,yonden
2018,6,2018-06-09,02:00,2520.0,0.0,2460.0,340.0,－－－－－－－－－－,10.0,0.0,0.0,10.0,0.0,0.0,-300.0,2520.0,yonden
2018,6,2018-06-09,03:00,2720.0,0.0,2440.0,470.0,－－－－－－－－－－,10.0,0.0,0.0,10.0,0.0,0.0,-210.0,2720.0,yonden
2018,6,2018-06-09,04:00,2810.0,0.0,2380.0,470.0,－－－－－－－－－－,10.0,0.0,0.0,20.0,0.0,0.0,-70.0,2810.0,yonden
2018,6,2018-06-09,05:00,2720.0,0.0,2370.0,450.0,－－－－－－－－－－,10.0,60.0,0.0,10.0,0.0,0.0,-180.0,2720.0,yonden
2018,6,2018-06-09,06:00,2500.0,0.0,2180.0,440.0,－－－－－－－－－－,10.0,250.0,0.0,10.0,0.0,0.0,-390.0,2500.0,yonden
2018,6,2018-06-09,07:00,2460.0,0.0,2110.0,420.0,－－－－－－－－－－,10.0,480.0,0.0,10.0,0.0,0.0,-570.0,2460.0,yonden
2018,6,2018-06-09,08:00,2700.0,0.0,2130.0,450.0,－－－－－－－－－－,10.0,760.0,0.0,10.0,0.0,0.0,-660.0,2700.0,yonden
2018,6,2018-06-09,09:00,2910.0,0.0,2370.0,490.0,－－－－－－－－－－,10.0,1030.0,0.0,10.0,0.0,-250.0,-750.0,2910.0,yonden
2018,6,2018-06-09,10:00,3010.0,0.0,2490.0,500.0,－－－－－－－－－－,10.0,1140.0,0.0,10.0,0.0,-290.0,-850.0,3010.0,yonden
2018,6,2018-06-09,11:00,3080.0,0.0,2440.0,450.0,－－－－－－－－－－,10.0,1190.0,0.0,10.0,0.0,-150.0,-870.0,3080.0,yonden
2018,6,2018-06-09,12:00,3020.0,0.0,2420.0,400.0,－－－－－－－－－－,10.0,1150.0,0.0,20.0,0.0,0.0,-980.0,3020.0,yonden
2018,6,2018-06-09,13:00,3060.0,0.0,2470.0,370.0,－－－－－－－－－－,10.0,1010.0,0.0,20.0,0.0,0.0,-820.0,3060.0,yonden
2018,6,2018-06-09,14:00,3050.0,0.0,2450.0,380.0,－－－－－－－－－－,10.0,800.0,0.0,10.0,0.0,0.0,-600.0,3050.0,yonden
2018,6,2018-06-09,15:00,2950.0,0.0,2320.0,390.0,－－－－－－－－－－,10.0,640.0,0.0,10.0,0.0,0.0,-420.0,2950.0,yonden
2018,6,2018-06-09,16:00,2960.0,0.0,2400.0,440.0,－－－－－－－－－－,10.0,450.0,0.0,0.0,0.0,0.0,-340.0,2960.0,yonden
2018,6,2018-06-09,17:00,2940.0,0.0,2460.0,560.0,－－－－－－－－－－,10.0,240.0,0.0,0.0,0.0,0.0,-330.0,2940.0,yonden
2018,6,2018-06-09,18:00,3020.0,0.0,2620.0,590.0,－－－－－－－－－－,10.0,70.0,0.0,0.0,0.0,130.0,-400.0,3020.0,yonden
2018,6,2018-06-09,19:00,3020.0,0.0,2770.0,570.0,－－－－－－－－－－,10.0,0.0,0.0,0.0,0.0,130.0,-460.0,3020.0,yonden
2018,6,2018-06-09,20:00,2910.0,0.0,2680.0,510.0,－－－－－－－－－－,10.0,0.0,0.0,0.0,0.0,0.0,-290.0,2910.0,yonden
2018,6,2018-06-09,21:00,2730.0,0.0,2520.0,470.0,－－－－－－－－－－,10.0,0.0,0.0,0.0,0.0,0.0,-270.0,2730.0,yonden
2018,6,2018-06-09,22:00,2520.0,0.0,2480.0,390.0,－－－－－－－－－－,10.0,0.0,0.0,0.0,0.0,0.0,-360.0,2520.0,yonden
2018,6,2018-06-09,23:00,2410.0,0.0,2450.0,360.0,－－－－－－－－－－,10.0,0.0,0.0,10.0,0.0,0.0,-420.0,2410.0,yonden
2018,6,2018-06-10,00:00,2260.0,0.0,2430.0,340.0,－－－－－－－－－－,10.0,0.0,0.0,10.0,0.0,0.0,-530.0,2260.0,yonden
2018,6,2018-06-10,01:00,2220.0,0.0,2410.0,320.0,－－－－－－－－－－,10.0,0.0,0.0,10.0,0.0,0.0,-530.0,2220.0,yonden
2018,6,2018-06-10,02:00,2360.0,0.0,2420.0,360.0,－－－－－－－－－－,10.0,0.0,0.0,0.0,0.0,0.0,-430.0,2360.0,yonden
2018,6,2018-06-10,03:00,2570.0,0.0,2480.0,450.0,－－－－－－－－－－,10.0,0.0,0.0,0.0,0.0,0.0,-370.0,2570.0,yonden
2018,6,2018-06-10,04:00,2670.0,0.0,2540.0,470.0,－－－－－－－－－－,10.0,0.0,0.0,10.0,0.0,0.0,-360.0,2670.0,yonden
2018,6,2018-06-10,05:00,2580.0,0.0,2500.0,430.0,－－－－－－－－－－,10.0,40.0,0.0,10.0,0.0,0.0,-410.0,2580.0,yonden
2018,6,2018-06-10,06:00,2320.0,0.0,2360.0,340.0,－－－－－－－－－－,10.0,190.0,0.0,10.0,0.0,0.0,-590.0,2320.0,yonden
2018,6,2018-06-10,07:00,2170.0,0.0,2240.0,330.0,－－－－－－－－－－,10.0,370.0,0.0,10.0,0.0,-290.0,-500.0,2170.0,yonden
2018,6,2018-06-10,08:00,2290.0,0.0,2190.0,310.0,－－－－－－－－－－,10.0,540.0,0.0,10.0,0.0,-290.0,-480.0,2290.0,yonden
2018,6,2018-06-10,09:00,2500.0,0.0,2300.0,410.0,－－－－－－－－－－,10.0,490.0,0.0,40.0,0.0,-290.0,-460.0,2500.0,yonden
2018,6,2018-06-10,10:00,2520.0,0.0,2300.0,420.0,－－－－－－－－－－,10.0,440.0,0.0,20.0,0.0,-30.0,-640.0,2520.0,yonden
2018,6,2018-06-10,11:00,2560.0,0.0,2360.0,440.0,－－－－－－－－－－,10.0,470.0,0.0,40.0,0.0,0.0,-760.0,2560.0,yonden
2018,6,2018-06-10,12:00,2530.0,0.0,2360.0,440.0,－－－－－－－－－－,10.0,530.0,0.0,50.0,0.0,0.0,-860.0,2530.0,yonden
2018,6,2018-06-10,13:00,2570.0,0.0,2600.0,460.0,－－－－－－－－－－,10.0,300.0,0.0,60.0,0.0,0.0,-860.0,2570.0,yonden
2018,6,2018-06-10,14:00,2650.0,0.0,2780.0,440.0,－－－－－－－－－－,10.0,180.0,0.0,60.0,0.0,0.0,-820.0,2650.0,yonden
2018,6,2018-06-10,15:00,2660.0,0.0,2670.0,440.0,－－－－－－－－－－,10.0,130.0,0.0,30.0,0.0,0.0,-620.0,2660.0,yonden
2018,6,2018-06-10,16:00,2660.0,0.0,2520.0,400.0,－－－－－－－－－－,10.0,90.0,0.0,40.0,0.0,0.0,-400.0,2660.0,yonden
2018,6,2018-06-10,17:00,2740.0,0.0,2550.0,400.0,－－－－－－－－－－,10.0,50.0,0.0,40.0,0.0,0.0,-310.0,2740.0,yonden
2018,6,2018-06-10,18:00,2780.0,0.0,2570.0,490.0,－－－－－－－－－－,10.0,20.0,0.0,30.0,0.0,0.0,-340.0,2780.0,yonden
2018,6,2018-06-10,19:00,2760.0,0.0,2530.0,490.0,－－－－－－－－－－,10.0,0.0,0.0,30.0,0.0,0.0,-300.0,2760.0,yonden
2018,6,2018-06-10,20:00,2650.0,0.0,2480.0,450.0,－－－－－－－－－－,10.0,0.0,0.0,30.0,0.0,0.0,-320.0,2650.0,yonden
2018,6,2018-06-10,21:00,2500.0,0.0,2370.0,430.0,－－－－－－－－－－,10.0,0.0,0.0,40.0,0.0,0.0,-350.0,2500.0,yonden
2018,6,2018-06-10,22:00,2360.0,0.0,2250.0,420.0,－－－－－－－－－－,10.0,0.0,0.0,30.0,0.0,0.0,-350.0,2360.0,yonden
2018,6,2018-06-10,23:00,2280.0,0.0,2220.0,430.0,－－－－－－－－－－,10.0,0.0,0.0,20.0,0.0,0.0,-400.0,2280.0,yonden
2018,6,2018-06-11,00:00,2180.0,0.0,2190.0,410.0,－－－－－－－－－－,10.0,0.0,0.0,30.0,0.0,0.0,-460.0,2180.0,yonden
2018,6,2018-06-11,01:00,2160.0,0.0,2210.0,390.0,－－－－－－－－－－,10.0,0.0,0.0,40.0,0.0,0.0,-490.0,2160.0,yonden
2018,6,2018-06-11,02:00,2320.0,0.0,2300.0,390.0,－－－－－－－－－－,10.0,0.0,0.0,40.0,0.0,0.0,-420.0,2320.0,yonden
2018,6,2018-06-11,03:00,2560.0,0.0,2380.0,480.0,－－－－－－－－－－,10.0,0.0,0.0,40.0,0.0,0.0,-350.0,2560.0,yonden
2018,6,2018-06-11,04:00,2690.0,0.0,2430.0,550.0,－－－－－－－－－－,10.0,0.0,0.0,30.0,0.0,0.0,-330.0,2690.0,yonden
2018,6,2018-06-11,05:00,2700.0,0.0,2420.0,530.0,－－－－－－－－－－,10.0,60.0,0.0,30.0,0.0,0.0,-350.0,2700.0,yonden
2018,6,2018-06-11,06:00,2630.0,0.0,2280.0,470.0,－－－－－－－－－－,10.0,200.0,0.0,30.0,0.0,0.0,-360.0,2630.0,yonden
2018,6,2018-06-11,07:00,2670.0,0.0,2310.0,420.0,－－－－－－－－－－,10.0,310.0,0.0,40.0,0.0,0.0,-420.0,2670.0,yonden
2018,6,2018-06-11,08:00,3070.0,0.0,2480.0,410.0,－－－－－－－－－－,10.0,460.0,0.0,40.0,0.0,0.0,-330.0,3070.0,yonden
2018,6,2018-06-11,09:00,3310.0,0.0,2550.0,420.0,－－－－－－－－－－,10.0,590.0,0.0,20.0,0.0,0.0,-280.0,3310.0,yonden
2018,6,2018-06-11,10:00,3430.0,0.0,2630.0,460.0,－－－－－－－－－－,10.0,690.0,0.0,10.0,0.0,0.0,-370.0,3430.0,yonden
2018,6,2018-06-11,11:00,3520.0,0.0,2870.0,490.0,－－－－－－－－－－,10.0,720.0,0.0,20.0,0.0,0.0,-590.0,3520.0,yonden
2018,6,2018-06-11,12:00,3390.0,0.0,3040.0,510.0,－－－－－－－－－－,10.0,680.0,0.0,50.0,0.0,0.0,-900.0,3390.0,yonden
2018,6,2018-06-11,13:00,3640.0,0.0,3180.0,540.0,－－－－－－－－－－,10.0,500.0,0.0,80.0,0.0,110.0,-780.0,3640.0,yonden
2018,6,2018-06-11,14:00,3690.0,0.0,3150.0,580.0,－－－－－－－－－－,10.0,350.0,0.0,50.0,0.0,150.0,-600.0,3690.0,yonden
2018,6,2018-06-11,15:00,3630.0,0.0,3070.0,580.0,－－－－－－－－－－,10.0,200.0,0.0,40.0,0.0,260.0,-530.0,3630.0,yonden
2018,6,2018-06-11,16:00,3560.0,0.0,3010.0,560.0,－－－－－－－－－－,10.0,140.0,0.0,30.0,0.0,310.0,-500.0,3560.0,yonden
2018,6,2018-06-11,17:00,3370.0,0.0,2790.0,620.0,－－－－－－－－－－,10.0,90.0,0.0,10.0,0.0,160.0,-310.0,3370.0,yonden
2018,6,2018-06-11,18:00,3320.0,0.0,2770.0,650.0,－－－－－－－－－－,10.0,30.0,0.0,10.0,0.0,70.0,-220.0,3320.0,yonden
2018,6,2018-06-11,19:00,3210.0,0.0,2650.0,680.0,－－－－－－－－－－,20.0,0.0,0.0,20.0,0.0,0.0,-160.0,3210.0,yonden
2018,6,2018-06-11,20:00,3060.0,0.0,2480.0,620.0,－－－－－－－－－－,20.0,0.0,0.0,30.0,0.0,0.0,-90.0,3060.0,yonden
2018,6,2018-06-11,21:00,2880.0,0.0,2450.0,570.0,－－－－－－－－－－,20.0,0.0,0.0,20.0,0.0,0.0,-180.0,2880.0,yonden
2018,6,2018-06-11,22:00,2700.0,0.0,2460.0,500.0,－－－－－－－－－－,20.0,0.0,0.0,10.0,0.0,0.0,-290.0,2700.0,yonden
2018,6,2018-06-11,23:00,2590.0,0.0,2440.0,450.0,－－－－－－－－－－,20.0,0.0,0.0,10.0,0.0,0.0,-330.0,2590.0,yonden
2018,6,2018-06-12,00:00,2450.0,0.0,2380.0,430.0,－－－－－－－－－－,20.0,0.0,0.0,20.0,0.0,0.0,-400.0,2450.0,yonden
2018,6,2018-06-12,01:00,2410.0,0.0,2380.0,410.0,－－－－－－－－－－,20.0,0.0,0.0,20.0,0.0,0.0,-420.0,2410.0,yonden
2018,6,2018-06-12,02:00,2540.0,0.0,2400.0,450.0,－－－－－－－－－－,20.0,0.0,0.0,40.0,0.0,0.0,-370.0,2540.0,yonden
2018,6,2018-06-12,03:00,2760.0,0.0,2510.0,550.0,－－－－－－－－－－,20.0,0.0,0.0,40.0,0.0,0.0,-360.0,2760.0,yonden
2018,6,2018-06-12,04:00,2890.0,0.0,2490.0,600.0,－－－－－－－－－－,20.0,0.0,0.0,80.0,0.0,0.0,-300.0,2890.0,yonden
2018,6,2018-06-12,05:00,2890.0,0.0,2540.0,520.0,－－－－－－－－－－,20.0,50.0,0.0,90.0,0.0,0.0,-330.0,2890.0,yonden
2018,6,2018-06-12,06:00,2780.0,0.0,2410.0,490.0,－－－－－－－－－－,20.0,160.0,0.0,90.0,0.0,0.0,-390.0,2780.0,yonden
2018,6,2018-06-12,07:00,2810.0,0.0,2340.0,420.0,－－－－－－－－－－,10.0,290.0,0.0,120.0,0.0,0.0,-370.0,2810.0,yonden
2018,6,2018-06-12,08:00,3130.0,0.0,2340.0,420.0,－－－－－－－－－－,20.0,520.0,0.0,130.0,0.0,0.0,-300.0,3130.0,yonden
2018,6,2018-06-12,09:00,3340.0,0.0,2550.0,450.0,－－－－－－－－－－,10.0,750.0,0.0,130.0,0.0,-270.0,-280.0,3340.0,yonden
2018,6,2018-06-12,10:00,3410.0,0.0,2570.0,470.0,－－－－－－－－－－,10.0,790.0,0.0,130.0,0.0,-300.0,-260.0,3410.0,yonden
2018,6,2018-06-12,11:00,3470.0,0.0,2630.0,470.0,－－－－－－－－－－,20.0,780.0,0.0,120.0,0.0,-280.0,-270.0,3470.0,yonden
2018,6,2018-06-12,12:00,3270.0,0.0,2420.0,410.0,－－－－－－－－－－,20.0,840.0,0.0,110.0,0.0,0.0,-530.0,3270.0,yonden
2018,6,2018-06-12,13:00,3380.0,0.0,2380.0,440.0,－－－－－－－－－－,20.0,980.0,0.0,130.0,0.0,-120.0,-450.0,3380.0,yonden
2018,6,2018-06-12,14:00,3400.0,0.0,2430.0,480.0,－－－－－－－－－－,20.0,1100.0,0.0,120.0,0.0,-430.0,-320.0,3400.0,yonden
2018,6,2018-06-12,15:00,3340.0,0.0,2560.0,510.0,－－－－－－－－－－,10.0,830.0,0.0,130.0,0.0,-320.0,-380.0,3340.0,yonden
2018,6,2018-06-12,16:00,3440.0,0.0,2630.0,570.0,－－－－－－－－－－,20.0,580.0,0.0,130.0,0.0,-150.0,-340.0,3440.0,yonden
2018,6,2018-06-12,17:00,3320.0,0.0,2650.0,690.0,－－－－－－－－－－,20.0,250.0,0.0,110.0,0.0,0.0,-400.0,3320.0,yonden
2018,6,2018-06-12,18:00,3230.0,0.0,2580.0,690.0,－－－－－－－－－－,20.0,70.0,0.0,120.0,0.0,180.0,-430.0,3230.0,yonden
2018,6,2018-06-12,19:00,3180.0,0.0,2500.0,670.0,－－－－－－－－－－,20.0,0.0,0.0,120.0,0.0,230.0,-360.0,3180.0,yonden
2018,6,2018-06-12,20:00,3040.0,0.0,2480.0,660.0,－－－－－－－－－－,10.0,0.0,0.0,100.0,0.0,20.0,-230.0,3040.0,yonden
2018,6,2018-06-12,21:00,2830.0,0.0,2410.0,600.0,－－－－－－－－－－,20.0,0.0,0.0,90.0,0.0,0.0,-290.0,2830.0,yonden
2018,6,2018-06-12,22:00,2600.0,0.0,2300.0,550.0,－－－－－－－－－－,20.0,0.0,0.0,80.0,0.0,0.0,-350.0,2600.0,yonden
2018,6,2018-06-12,23:00,2500.0,0.0,2300.0,490.0,－－－－－－－－－－,20.0,0.0,0.0,80.0,0.0,0.0,-390.0,2500.0,yonden
2018,6,2018-06-13,00:00,2360.0,0.0,2320.0,400.0,－－－－－－－－－－,20.0,0.0,0.0,90.0,0.0,0.0,-470.0,2360.0,yonden
2018,6,2018-06-13,01:00,2320.0,0.0,2320.0,410.0,－－－－－－－－－－,20.0,0.0,0.0,90.0,0.0,0.0,-520.0,2320.0,yonden
2018,6,2018-06-13,02:00,2470.0,0.0,2380.0,440.0,－－－－－－－－－－,10.0,0.0,0.0,100.0,0.0,0.0,-460.0,2470.0,yonden
2018,6,2018-06-13,03:00,2710.0,0.0,2480.0,510.0,－－－－－－－－－－,20.0,0.0,0.0,100.0,0.0,0.0,-400.0,2710.0,yonden
2018,6,2018-06-13,04:00,2860.0,0.0,2510.0,630.0,－－－－－－－－－－,20.0,0.0,0.0,100.0,0.0,0.0,-400.0,2860.0,yonden
2018,6,2018-06-13,05:00,2850.0,0.0,2470.0,610.0,－－－－－－－－－－,20.0,70.0,0.0,70.0,0.0,0.0,-390.0,2850.0,yonden
2018,6,2018-06-13,06:00,2690.0,0.0,2280.0,510.0,－－－－－－－－－－,20.0,340.0,0.0,60.0,0.0,0.0,-520.0,2690.0,yonden
2018,6,2018-06-13,07:00,2610.0,0.0,2110.0,440.0,－－－－－－－－－－,20.0,690.0,0.0,50.0,0.0,0.0,-700.0,2610.0,yonden
2018,6,2018-06-13,08:00,2960.0,0.0,2290.0,440.0,－－－－－－－－－－,20.0,1090.0,0.0,50.0,0.0,-300.0,-630.0,2960.0,yonden
2018,6,2018-06-13,09:00,3220.0,0.0,2280.0,410.0,－－－－－－－－－－,20.0,1380.0,0.0,40.0,0.0,-150.0,-760.0,3220.0,yonden
2018,6,2018-06-13,10:00,3300.0,0.0,2320.0,400.0,－－－－－－－－－－,10.0,1500.0,0.0,40.0,0.0,0.0,-970.0,3300.0,yonden
2018,6,2018-06-13,11:00,3380.0,0.0,2380.0,400.0,－－－－－－－－－－,10.0,1520.0,0.0,40.0,0.0,0.0,-970.0,3380.0,yonden
2018,6,2018-06-13,12:00,3220.0,0.0,2340.0,390.0,－－－－－－－－－－,20.0,1520.0,0.0,20.0,0.0,0.0,-1070.0,3220.0,yonden
2018,6,2018-06-13,13:00,3430.0,0.0,2450.0,400.0,－－－－－－－－－－,20.0,1460.0,0.0,20.0,0.0,0.0,-920.0,3430.0,yonden
2018,6,2018-06-13,14:00,3460.0,0.0,2400.0,390.0,－－－－－－－－－－,20.0,1360.0,0.0,20.0,0.0,0.0,-730.0,3460.0,yonden
2018,6,2018-06-13,15:00,3470.0,0.0,2470.0,400.0,－－－－－－－－－－,20.0,1120.0,0.0,20.0,0.0,0.0,-560.0,3470.0,yonden
2018,6,2018-06-13,16:00,3510.0,0.0,2670.0,430.0,－－－－－－－－－－,20.0,790.0,0.0,20.0,0.0,0.0,-420.0,3510.0,yonden
2018,6,2018-06-13,17:00,3390.0,0.0,2710.0,500.0,－－－－－－－－－－,10.0,440.0,0.0,30.0,0.0,210.0,-510.0,3390.0,yonden
2018,6,2018-06-13,18:00,3280.0,0.0,2710.0,600.0,－－－－－－－－－－,10.0,120.0,0.0,20.0,0.0,320.0,-500.0,3280.0,yonden
2018,6,2018-06-13,19:00,3160.0,0.0,2660.0,620.0,－－－－－－－－－－,20.0,0.0,0.0,20.0,0.0,310.0,-470.0,3160.0,yonden
2018,6,2018-06-13,20:00,3050.0,0.0,2720.0,580.0,－－－－－－－－－－,20.0,0.0,0.0,30.0,0.0,150.0,-450.0,3050.0,yonden
2018,6,2018-06-13,21:00,2850.0,0.0,2790.0,530.0,－－－－－－－－－－,20.0,0.0,0.0,20.0,0.0,0.0,-510.0,2850.0,yonden
2018,6,2018-06-13,22:00,2650.0,0.0,2640.0,440.0,－－－－－－－－－－,20.0,0.0,0.0,10.0,0.0,0.0,-460.0,2650.0,yonden
2018,6,2018-06-13,23:00,2530.0,0.0,2580.0,450.0,－－－－－－－－－－,20.0,0.0,0.0,10.0,0.0,0.0,-530.0,2530.0,yonden
2018,6,2018-06-14,00:00,2400.0,0.0,2650.0,390.0,－－－－－－－－－－,20.0,0.0,0.0,10.0,0.0,0.0,-670.0,2400.0,yonden
2018,6,2018-06-14,01:00,2370.0,0.0,2690.0,430.0,－－－－－－－－－－,20.0,0.0,0.0,10.0,0.0,0.0,-780.0,2370.0,yonden
2018,6,2018-06-14,02:00,2500.0,0.0,2700.0,460.0,－－－－－－－－－－,20.0,0.0,0.0,10.0,0.0,0.0,-690.0,2500.0,yonden
2018,6,2018-06-14,03:00,2730.0,0.0,2700.0,480.0,－－－－－－－－－－,20.0,0.0,0.0,0.0,0.0,0.0,-470.0,2730.0,yonden
2018,6,2018-06-14,04:00,2860.0,0.0,2690.0,590.0,－－－－－－－－－－,20.0,0.0,0.0,0.0,0.0,0.0,-440.0,2860.0,yonden
2018,6,2018-06-14,05:00,2840.0,0.0,2650.0,560.0,－－－－－－－－－－,20.0,70.0,0.0,0.0,0.0,0.0,-460.0,2840.0,yonden
2018,6,2018-06-14,06:00,2660.0,0.0,2500.0,410.0,－－－－－－－－－－,20.0,310.0,0.0,0.0,0.0,0.0,-580.0,2660.0,yonden
2018,6,2018-06-14,07:00,2590.0,0.0,2430.0,360.0,－－－－－－－－－－,20.0,570.0,0.0,0.0,0.0,0.0,-790.0,2590.0,yonden
2018,6,2018-06-14,08:00,2980.0,0.0,2580.0,370.0,－－－－－－－－－－,20.0,800.0,0.0,0.0,0.0,0.0,-790.0,2980.0,yonden
2018,6,2018-06-14,09:00,3230.0,0.0,2700.0,350.0,－－－－－－－－－－,20.0,1040.0,0.0,0.0,0.0,0.0,-880.0,3230.0,yonden
2018,6,2018-06-14,10:00,3340.0,0.0,2690.0,370.0,－－－－－－－－－－,10.0,1290.0,0.0,0.0,0.0,0.0,-1020.0,3340.0,yonden
2018,6,2018-06-14,11:00,3410.0,0.0,2930.0,430.0,－－－－－－－－－－,10.0,950.0,0.0,0.0,0.0,40.0,-950.0,3410.0,yonden
2018,6,2018-06-14,12:00,3130.0,0.0,2990.0,410.0,－－－－－－－－－－,10.0,740.0,0.0,0.0,0.0,50.0,-1070.0,3130.0,yonden
2018,6,2018-06-14,13:00,3340.0,0.0,3100.0,410.0,－－－－－－－－－－,20.0,600.0,0.0,0.0,0.0,0.0,-790.0,3340.0,yonden
2018,6,2018-06-14,14:00,3300.0,0.0,3090.0,470.0,－－－－－－－－－－,10.0,340.0,0.0,0.0,0.0,0.0,-610.0,3300.0,yonden
2018,6,2018-06-14,15:00,3250.0,0.0,3110.0,470.0,－－－－－－－－－－,20.0,210.0,0.0,0.0,0.0,0.0,-560.0,3250.0,yonden
2018,6,2018-06-14,16:00,3260.0,0.0,3180.0,510.0,－－－－－－－－－－,20.0,140.0,0.0,0.0,0.0,0.0,-590.0,3260.0,yonden
2018,6,2018-06-14,17:00,3220.0,0.0,3070.0,610.0,－－－－－－－－－－,20.0,90.0,0.0,0.0,0.0,100.0,-670.0,3220.0,yonden
2018,6,2018-06-14,18:00,3250.0,0.0,3010.0,670.0,－－－－－－－－－－,20.0,30.0,0.0,10.0,0.0,140.0,-630.0,3250.0,yonden
2018,6,2018-06-14,19:00,3180.0,0.0,3030.0,640.0,－－－－－－－－－－,20.0,0.0,0.0,10.0,0.0,140.0,-660.0,3180.0,yonden
2018,6,2018-06-14,20:00,3020.0,0.0,2980.0,600.0,－－－－－－－－－－,20.0,0.0,0.0,30.0,0.0,140.0,-750.0,3020.0,yonden
2018,6,2018-06-14,21:00,2830.0,0.0,2840.0,430.0,－－－－－－－－－－,20.0,0.0,0.0,20.0,0.0,0.0,-480.0,2830.0,yonden
2018,6,2018-06-14,22:00,2660.0,0.0,2680.0,400.0,－－－－－－－－－－,20.0,0.0,0.0,20.0,0.0,0.0,-460.0,2660.0,yonden
2018,6,2018-06-14,23:00,2570.0,0.0,2670.0,400.0,－－－－－－－－－－,20.0,0.0,0.0,20.0,0.0,0.0,-540.0,2570.0,yonden
2018,6,2018-06-15,00:00,2440.0,0.0,2690.0,400.0,－－－－－－－－－－,20.0,0.0,0.0,20.0,0.0,0.0,-690.0,2440.0,yonden
2018,6,2018-06-15,01:00,2410.0,0.0,2690.0,400.0,－－－－－－－－－－,20.0,0.0,0.0,20.0,0.0,0.0,-720.0,2410.0,yonden
2018,6,2018-06-15,02:00,2580.0,0.0,2700.0,440.0,－－－－－－－－－－,20.0,0.0,0.0,10.0,0.0,0.0,-590.0,2580.0,yonden
2018,6,2018-06-15,03:00,2800.0,0.0,2700.0,450.0,－－－－－－－－－－,20.0,0.0,0.0,30.0,0.0,0.0,-400.0,2800.0,yonden
2018,6,2018-06-15,04:00,2920.0,0.0,2770.0,460.0,－－－－－－－－－－,20.0,0.0,0.0,50.0,0.0,0.0,-380.0,2920.0,yonden
2018,6,2018-06-15,05:00,2890.0,0.0,2910.0,430.0,－－－－－－－－－－,20.0,30.0,0.0,40.0,0.0,0.0,-540.0,2890.0,yonden
2018,6,2018-06-15,06:00,2730.0,0.0,2910.0,470.0,－－－－－－－－－－,20.0,70.0,0.0,40.0,0.0,0.0,-780.0,2730.0,yonden
2018,6,2018-06-15,07:00,2700.0,0.0,2850.0,410.0,－－－－－－－－－－,20.0,190.0,0.0,40.0,0.0,0.0,-810.0,2700.0,yonden
2018,6,2018-06-15,08:00,3060.0,0.0,2770.0,330.0,－－－－－－－－－－,20.0,440.0,0.0,30.0,0.0,0.0,-530.0,3060.0,yonden
2018,6,2018-06-15,09:00,3250.0,0.0,2860.0,330.0,－－－－－－－－－－,10.0,640.0,0.0,20.0,0.0,0.0,-610.0,3250.0,yonden
2018,6,2018-06-15,10:00,3280.0,0.0,2830.0,330.0,－－－－－－－－－－,10.0,870.0,0.0,40.0,0.0,0.0,-800.0,3280.0,yonden
2018,6,2018-06-15,11:00,3360.0,0.0,2690.0,340.0,－－－－－－－－－－,20.0,1000.0,0.0,30.0,0.0,0.0,-720.0,3360.0,yonden
2018,6,2018-06-15,12:00,3140.0,0.0,2480.0,340.0,－－－－－－－－－－,10.0,950.0,0.0,20.0,0.0,0.0,-660.0,3140.0,yonden
2018,6,2018-06-15,13:00,3320.0,0.0,2330.0,370.0,－－－－－－－－－－,10.0,980.0,0.0,30.0,0.0,0.0,-400.0,3320.0,yonden
2018,6,2018-06-15,14:00,3330.0,0.0,2330.0,400.0,－－－－－－－－－－,20.0,870.0,0.0,20.0,0.0,0.0,-310.0,3330.0,yonden
2018,6,2018-06-15,15:00,3290.0,0.0,2710.0,430.0,－－－－－－－－－－,10.0,670.0,0.0,20.0,0.0,0.0,-550.0,3290.0,yonden
2018,6,2018-06-15,16:00,3320.0,0.0,2890.0,490.0,－－－－－－－－－－,10.0,510.0,0.0,20.0,0.0,0.0,-600.0,3320.0,yonden
2018,6,2018-06-15,17:00,3250.0,0.0,2950.0,560.0,－－－－－－－－－－,20.0,270.0,0.0,30.0,0.0,20.0,-600.0,3250.0,yonden
2018,6,2018-06-15,18:00,3220.0,0.0,2880.0,610.0,－－－－－－－－－－,20.0,80.0,0.0,30.0,0.0,270.0,-670.0,3220.0,yonden
2018,6,2018-06-15,19:00,3160.0,0.0,2850.0,640.0,－－－－－－－－－－,20.0,0.0,0.0,20.0,0.0,300.0,-670.0,3160.0,yonden
2018,6,2018-06-15,20:00,3030.0,0.0,2860.0,580.0,－－－－－－－－－－,20.0,0.0,0.0,10.0,0.0,80.0,-520.0,3030.0,yonden
2018,6,2018-06-15,21:00,2840.0,0.0,2880.0,460.0,－－－－－－－－－－,20.0,0.0,0.0,10.0,0.0,0.0,-530.0,2840.0,yonden
2018,6,2018-06-15,22:00,2650.0,0.0,2800.0,330.0,－－－－－－－－－－,20.0,0.0,0.0,10.0,0.0,0.0,-510.0,2650.0,yonden
2018,6,2018-06-15,23:00,2560.0,0.0,2770.0,310.0,－－－－－－－－－－,10.0,0.0,0.0,10.0,0.0,0.0,-540.0,2560.0,yonden
2018,6,2018-06-16,00:00,2400.0,0.0,2610.0,230.0,－－－－－－－－－－,10.0,0.0,0.0,10.0,0.0,0.0,-460.0,2400.0,yonden
2018,6,2018-06-16,01:00,2370.0,0.0,2680.0,200.0,－－－－－－－－－－,10.0,0.0,0.0,10.0,0.0,0.0,-530.0,2370.0,yonden
2018,6,2018-06-16,02:00,2500.0,0.0,2760.0,240.0,－－－－－－－－－－,10.0,0.0,0.0,20.0,0.0,0.0,-530.0,2500.0,yonden
2018,6,2018-06-16,03:00,2720.0,0.0,2820.0,300.0,－－－－－－－－－－,20.0,0.0,0.0,20.0,0.0,0.0,-440.0,2720.0,yonden
2018,6,2018-06-16,04:00,2820.0,0.0,2840.0,320.0,－－－－－－－－－－,10.0,0.0,0.0,30.0,0.0,0.0,-380.0,2820.0,yonden
2018,6,2018-06-16,05:00,2730.0,0.0,2790.0,300.0,－－－－－－－－－－,20.0,60.0,0.0,30.0,0.0,0.0,-470.0,2730.0,yonden
2018,6,2018-06-16,06:00,2510.0,0.0,2650.0,260.0,－－－－－－－－－－,20.0,220.0,0.0,30.0,0.0,0.0,-670.0,2510.0,yonden
2018,6,2018-06-16,07:00,2410.0,0.0,2500.0,270.0,－－－－－－－－－－,20.0,460.0,0.0,30.0,0.0,-300.0,-570.0,2410.0,yonden
2018,6,2018-06-16,08:00,2600.0,0.0,2570.0,290.0,－－－－－－－－－－,20.0,730.0,0.0,30.0,0.0,-300.0,-740.0,2600.0,yonden
2018,6,2018-06-16,09:00,2730.0,0.0,2620.0,320.0,－－－－－－－－－－,10.0,1010.0,0.0,30.0,0.0,-300.0,-960.0,2730.0,yonden
2018,6,2018-06-16,10:00,2780.0,0.0,2560.0,310.0,－－－－－－－－－－,10.0,1310.0,0.0,30.0,0.0,-300.0,-1140.0,2780.0,yonden
2018,6,2018-06-16,11:00,2870.0,0.0,2520.0,310.0,－－－－－－－－－－,20.0,1550.0,0.0,30.0,0.0,-300.0,-1260.0,2870.0,yonden
2018,6,2018-06-16,12:00,2840.0,0.0,2540.0,310.0,－－－－－－－－－－,10.0,1630.0,0.0,30.0,0.0,-300.0,-1380.0,2840.0,yonden
2018,6,2018-06-16,13:00,2880.0,0.0,2420.0,310.0,－－－－－－－－－－,10.0,1560.0,0.0,30.0,0.0,-150.0,-1300.0,2880.0,yonden
2018,6,2018-06-16,14:00,2870.0,0.0,2390.0,320.0,－－－－－－－－－－,10.0,1380.0,0.0,20.0,0.0,0.0,-1250.0,2870.0,yonden
2018,6,2018-06-16,15:00,2890.0,0.0,2360.0,310.0,－－－－－－－－－－,20.0,1140.0,0.0,10.0,0.0,0.0,-950.0,2890.0,yonden
2018,6,2018-06-16,16:00,2910.0,0.0,2610.0,330.0,－－－－－－－－－－,10.0,790.0,0.0,0.0,0.0,0.0,-830.0,2910.0,yonden
2018,6,2018-06-16,17:00,2910.0,0.0,2790.0,360.0,－－－－－－－－－－,10.0,440.0,0.0,0.0,0.0,0.0,-690.0,2910.0,yonden
2018,6,2018-06-16,18:00,2890.0,0.0,2800.0,400.0,－－－－－－－－－－,10.0,130.0,0.0,0.0,0.0,0.0,-450.0,2890.0,yonden
2018,6,2018-06-16,19:00,2840.0,0.0,2780.0,410.0,－－－－－－－－－－,10.0,0.0,0.0,0.0,0.0,0.0,-360.0,2840.0,yonden
2018,6,2018-06-16,20:00,2750.0,0.0,2770.0,340.0,－－－－－－－－－－,10.0,0.0,0.0,10.0,0.0,0.0,-380.0,2750.0,yonden
2018,6,2018-06-16,21:00,2600.0,0.0,2640.0,380.0,－－－－－－－－－－,10.0,0.0,0.0,10.0,0.0,0.0,-440.0,2600.0,yonden
2018,6,2018-06-16,22:00,2400.0,0.0,2500.0,300.0,－－－－－－－－－－,10.0,0.0,0.0,10.0,0.0,0.0,-420.0,2400.0,yonden
2018,6,2018-06-16,23:00,2320.0,0.0,2530.0,270.0,－－－－－－－－－－,10.0,0.0,0.0,0.0,0.0,0.0,-490.0,2320.0,yonden
2018,6,2018-06-17,00:00,2200.0,0.0,2520.0,230.0,－－－－－－－－－－,10.0,0.0,0.0,10.0,0.0,0.0,-570.0,2200.0,yonden
2018,6,2018-06-17,01:00,2170.0,0.0,2520.0,220.0,－－－－－－－－－－,10.0,0.0,0.0,10.0,0.0,0.0,-590.0,2170.0,yonden
2018,6,2018-06-17,02:00,2300.0,0.0,2540.0,240.0,－－－－－－－－－－,10.0,0.0,0.0,20.0,0.0,0.0,-510.0,2300.0,yonden
2018,6,2018-06-17,03:00,2510.0,0.0,2610.0,280.0,－－－－－－－－－－,10.0,0.0,0.0,30.0,0.0,0.0,-420.0,2510.0,yonden
2018,6,2018-06-17,04:00,2630.0,0.0,2600.0,340.0,－－－－－－－－－－,10.0,0.0,0.0,30.0,0.0,0.0,-350.0,2630.0,yonden
2018,6,2018-06-17,05:00,2550.0,0.0,2550.0,310.0,－－－－－－－－－－,10.0,70.0,0.0,20.0,0.0,0.0,-410.0,2550.0,yonden
2018,6,2018-06-17,06:00,2290.0,0.0,2360.0,250.0,－－－－－－－－－－,10.0,310.0,0.0,30.0,0.0,0.0,-670.0,2290.0,yonden
2018,6,2018-06-17,07:00,2160.0,0.0,2220.0,280.0,－－－－－－－－－－,10.0,600.0,0.0,30.0,0.0,-50.0,-930.0,2160.0,yonden
2018,6,2018-06-17,08:00,2240.0,0.0,2270.0,300.0,－－－－－－－－－－,10.0,900.0,0.0,30.0,0.0,-300.0,-970.0,2240.0,yonden
2018,6,2018-06-17,09:00,2380.0,0.0,2210.0,280.0,－－－－－－－－－－,10.0,1170.0,0.0,40.0,0.0,-300.0,-1030.0,2380.0,yonden
2018,6,2018-06-17,10:00,2470.0,0.0,2090.0,290.0,－－－－－－－－－－,10.0,1400.0,0.0,30.0,0.0,-300.0,-1050.0,2470.0,yonden
2018,6,2018-06-17,11:00,2560.0,0.0,2140.0,260.0,－－－－－－－－－－,10.0,1500.0,0.0,40.0,0.0,-300.0,-1090.0,2560.0,yonden
2018,6,2018-06-17,12:00,2650.0,0.0,2210.0,280.0,－－－－－－－－－－,10.0,1560.0,0.0,50.0,0.0,-300.0,-1160.0,2650.0,yonden
2018,6,2018-06-17,13:00,2650.0,0.0,2270.0,270.0,－－－－－－－－－－,10.0,1510.0,0.0,40.0,0.0,-300.0,-1150.0,2650.0,yonden
2018,6,2018-06-17,14:00,2640.0,0.0,2240.0,270.0,－－－－－－－－－－,10.0,1370.0,0.0,50.0,0.0,-290.0,-1010.0,2640.0,yonden
2018,6,2018-06-17,15:00,2690.0,0.0,2240.0,270.0,－－－－－－－－－－,10.0,1110.0,0.0,50.0,0.0,-150.0,-840.0,2690.0,yonden
2018,6,2018-06-17,16:00,2760.0,0.0,2570.0,340.0,－－－－－－－－－－,10.0,720.0,0.0,50.0,0.0,0.0,-930.0,2760.0,yonden
2018,6,2018-06-17,17:00,2760.0,0.0,2770.0,360.0,－－－－－－－－－－,10.0,320.0,0.0,60.0,0.0,0.0,-760.0,2760.0,yonden
2018,6,2018-06-17,18:00,2800.0,0.0,2690.0,350.0,－－－－－－－－－－,10.0,60.0,0.0,60.0,0.0,220.0,-590.0,2800.0,yonden
2018,6,2018-06-17,19:00,2840.0,0.0,2650.0,350.0,－－－－－－－－－－,10.0,0.0,0.0,60.0,0.0,280.0,-510.0,2840.0,yonden
2018,6,2018-06-17,20:00,2710.0,0.0,2660.0,280.0,－－－－－－－－－－,10.0,0.0,0.0,50.0,0.0,280.0,-570.0,2710.0,yonden
2018,6,2018-06-17,21:00,2550.0,0.0,2690.0,290.0,－－－－－－－－－－,10.0,0.0,0.0,50.0,0.0,180.0,-670.0,2550.0,yonden
2018,6,2018-06-17,22:00,2370.0,0.0,2640.0,250.0,－－－－－－－－－－,10.0,0.0,0.0,50.0,0.0,0.0,-580.0,2370.0,yonden
2018,6,2018-06-17,23:00,2280.0,0.0,2580.0,210.0,－－－－－－－－－－,10.0,0.0,0.0,50.0,0.0,0.0,-570.0,2280.0,yonden
2018,6,2018-06-18,00:00,2190.0,0.0,2560.0,170.0,－－－－－－－－－－,10.0,0.0,0.0,40.0,0.0,0.0,-590.0,2190.0,yonden
2018,6,2018-06-18,01:00,2180.0,0.0,2620.0,170.0,－－－－－－－－－－,10.0,0.0,0.0,40.0,0.0,0.0,-660.0,2180.0,yonden
2018,6,2018-06-18,02:00,2330.0,0.0,2650.0,180.0,－－－－－－－－－－,10.0,0.0,0.0,50.0,0.0,0.0,-560.0,2330.0,yonden
2018,6,2018-06-18,03:00,2540.0,0.0,2620.0,280.0,－－－－－－－－－－,10.0,0.0,0.0,50.0,0.0,0.0,-420.0,2540.0,yonden
2018,6,2018-06-18,04:00,2680.0,0.0,2590.0,370.0,－－－－－－－－－－,10.0,0.0,0.0,60.0,0.0,0.0,-350.0,2680.0,yonden
2018,6,2018-06-18,05:00,2670.0,0.0,2500.0,370.0,－－－－－－－－－－,10.0,50.0,0.0,60.0,0.0,0.0,-320.0,2670.0,yonden
2018,6,2018-06-18,06:00,2580.0,0.0,2370.0,280.0,－－－－－－－－－－,10.0,220.0,0.0,80.0,0.0,0.0,-380.0,2580.0,yonden
2018,6,2018-06-18,07:00,2600.0,0.0,2110.0,260.0,－－－－－－－－－－,10.0,530.0,0.0,60.0,0.0,0.0,-370.0,2600.0,yonden
2018,6,2018-06-18,08:00,3070.0,0.0,2270.0,290.0,－－－－－－－－－－,10.0,750.0,0.0,50.0,0.0,0.0,-300.0,3070.0,yonden
2018,6,2018-06-18,09:00,3340.0,0.0,2340.0,300.0,－－－－－－－－－－,10.0,940.0,0.0,50.0,0.0,0.0,-300.0,3340.0,yonden
2018,6,2018-06-18,10:00,3450.0,0.0,2330.0,310.0,－－－－－－－－－－,10.0,1020.0,0.0,50.0,0.0,0.0,-270.0,3450.0,yonden
2018,6,2018-06-18,11:00,3490.0,0.0,2290.0,310.0,－－－－－－－－－－,10.0,1120.0,0.0,40.0,0.0,0.0,-280.0,3490.0,yonden
2018,6,2018-06-18,12:00,3380.0,0.0,2290.0,270.0,－－－－－－－－－－,10.0,1070.0,0.0,30.0,0.0,0.0,-290.0,3380.0,yonden
2018,6,2018-06-18,13:00,3610.0,0.0,2610.0,390.0,－－－－－－－－－－,10.0,830.0,0.0,30.0,0.0,0.0,-260.0,3610.0,yonden
2018,6,2018-06-18,14:00,3530.0,0.0,2780.0,410.0,－－－－－－－－－－,10.0,570.0,0.0,20.0,0.0,0.0,-260.0,3530.0,yonden
2018,6,2018-06-18,15:00,3430.0,0.0,2840.0,430.0,－－－－－－－－－－,10.0,420.0,0.0,20.0,0.0,0.0,-290.0,3430.0,yonden
2018,6,2018-06-18,16:00,3480.0,0.0,3050.0,480.0,－－－－－－－－－－,10.0,240.0,0.0,10.0,0.0,0.0,-310.0,3480.0,yonden
2018,6,2018-06-18,17:00,3400.0,0.0,3090.0,550.0,－－－－－－－－－－,10.0,100.0,0.0,0.0,0.0,0.0,-350.0,3400.0,yonden
2018,6,2018-06-18,18:00,3380.0,0.0,3060.0,620.0,－－－－－－－－－－,10.0,30.0,0.0,0.0,0.0,0.0,-340.0,3380.0,yonden
2018,6,2018-06-18,19:00,3290.0,0.0,2990.0,620.0,－－－－－－－－－－,10.0,0.0,0.0,0.0,0.0,0.0,-330.0,3290.0,yonden
2018,6,2018-06-18,20:00,3120.0,0.0,2900.0,510.0,－－－－－－－－－－,10.0,0.0,0.0,20.0,0.0,0.0,-320.0,3120.0,yonden
2018,6,2018-06-18,21:00,2920.0,0.0,2800.0,420.0,－－－－－－－－－－,10.0,0.0,0.0,30.0,0.0,0.0,-340.0,2920.0,yonden
2018,6,2018-06-18,22:00,2720.0,0.0,2680.0,320.0,－－－－－－－－－－,10.0,0.0,0.0,30.0,0.0,0.0,-320.0,2720.0,yonden
2018,6,2018-06-18,23:00,2600.0,0.0,2640.0,270.0,－－－－－－－－－－,10.0,0.0,0.0,40.0,0.0,0.0,-360.0,2600.0,yonden
2018,6,2018-06-19,00:00,2470.0,0.0,2570.0,200.0,－－－－－－－－－－,10.0,0.0,0.0,40.0,0.0,0.0,-350.0,2470.0,yonden
2018,6,2018-06-19,01:00,2420.0,0.0,2560.0,200.0,－－－－－－－－－－,10.0,0.0,0.0,40.0,0.0,0.0,-390.0,2420.0,yonden
2018,6,2018-06-19,02:00,2510.0,0.0,2530.0,240.0,－－－－－－－－－－,10.0,0.0,0.0,60.0,0.0,0.0,-330.0,2510.0,yonden
2018,6,2018-06-19,03:00,2730.0,0.0,2540.0,420.0,－－－－－－－－－－,10.0,0.0,0.0,80.0,0.0,0.0,-320.0,2730.0,yonden
2018,6,2018-06-19,04:00,2870.0,0.0,2540.0,520.0,－－－－－－－－－－,10.0,0.0,0.0,60.0,0.0,0.0,-260.0,2870.0,yonden
2018,6,2018-06-19,05:00,2880.0,0.0,2580.0,400.0,－－－－－－－－－－,10.0,40.0,0.0,60.0,0.0,0.0,-210.0,2880.0,yonden
2018,6,2018-06-19,06:00,2770.0,0.0,2580.0,330.0,－－－－－－－－－－,10.0,70.0,0.0,70.0,0.0,0.0,-290.0,2770.0,yonden
2018,6,2018-06-19,07:00,2820.0,0.0,2640.0,280.0,－－－－－－－－－－,10.0,110.0,0.0,70.0,0.0,0.0,-290.0,2820.0,yonden
2018,6,2018-06-19,08:00,3240.0,0.0,2890.0,330.0,－－－－－－－－－－,10.0,180.0,0.0,100.0,0.0,0.0,-270.0,3240.0,yonden
2018,6,2018-06-19,09:00,3470.0,0.0,2940.0,410.0,－－－－－－－－－－,10.0,240.0,0.0,100.0,0.0,0.0,-230.0,3470.0,yonden
2018,6,2018-06-19,10:00,3520.0,0.0,2930.0,380.0,－－－－－－－－－－,10.0,300.0,0.0,100.0,0.0,0.0,-200.0,3520.0,yonden
2018,6,2018-06-19,11:00,3520.0,0.0,2890.0,380.0,－－－－－－－－－－,10.0,350.0,0.0,90.0,0.0,0.0,-200.0,3520.0,yonden
2018,6,2018-06-19,12:00,3300.0,0.0,2760.0,350.0,－－－－－－－－－－,10.0,350.0,0.0,90.0,0.0,0.0,-260.0,3300.0,yonden
2018,6,2018-06-19,13:00,3450.0,0.0,2750.0,470.0,－－－－－－－－－－,10.0,370.0,0.0,80.0,0.0,0.0,-230.0,3450.0,yonden
2018,6,2018-06-19,14:00,3470.0,0.0,2760.0,610.0,－－－－－－－－－－,10.0,300.0,0.0,50.0,0.0,0.0,-260.0,3470.0,yonden
2018,6,2018-06-19,15:00,3470.0,0.0,2880.0,620.0,－－－－－－－－－－,10.0,190.0,0.0,60.0,0.0,0.0,-290.0,3470.0,yonden
2018,6,2018-06-19,16:00,3510.0,0.0,3040.0,620.0,－－－－－－－－－－,10.0,120.0,0.0,60.0,0.0,0.0,-340.0,3510.0,yonden
2018,6,2018-06-19,17:00,3420.0,0.0,3090.0,560.0,－－－－－－－－－－,10.0,60.0,0.0,60.0,0.0,0.0,-360.0,3420.0,yonden
2018,6,2018-06-19,18:00,3360.0,0.0,2970.0,560.0,－－－－－－－－－－,10.0,20.0,0.0,70.0,0.0,0.0,-270.0,3360.0,yonden
2018,6,2018-06-19,19:00,3260.0,0.0,2840.0,560.0,－－－－－－－－－－,10.0,0.0,0.0,100.0,0.0,0.0,-250.0,3260.0,yonden
2018,6,2018-06-19,20:00,3100.0,0.0,2760.0,490.0,－－－－－－－－－－,10.0,0.0,0.0,100.0,0.0,0.0,-260.0,3100.0,yonden
2018,6,2018-06-19,21:00,2920.0,0.0,2620.0,500.0,－－－－－－－－－－,10.0,0.0,0.0,100.0,0.0,0.0,-310.0,2920.0,yonden
2018,6,2018-06-19,22:00,2740.0,0.0,2420.0,500.0,－－－－－－－－－－,10.0,0.0,0.0,80.0,0.0,0.0,-270.0,2740.0,yonden
2018,6,2018-06-19,23:00,2640.0,0.0,2380.0,500.0,－－－－－－－－－－,10.0,0.0,0.0,90.0,0.0,0.0,-340.0,2640.0,yonden
2018,6,2018-06-20,00:00,2510.0,0.0,2230.0,530.0,－－－－－－－－－－,10.0,0.0,0.0,100.0,0.0,0.0,-360.0,2510.0,yonden
2018,6,2018-06-20,01:00,2470.0,0.0,2220.0,550.0,－－－－－－－－－－,10.0,0.0,0.0,100.0,0.0,0.0,-410.0,2470.0,yonden
2018,6,2018-06-20,02:00,2600.0,0.0,2250.0,590.0,－－－－－－－－－－,10.0,0.0,0.0,110.0,0.0,0.0,-360.0,2600.0,yonden
2018,6,2018-06-20,03:00,2810.0,0.0,2390.0,600.0,－－－－－－－－－－,10.0,0.0,0.0,110.0,0.0,0.0,-300.0,2810.0,yonden
2018,6,2018-06-20,04:00,2950.0,0.0,2440.0,660.0,－－－－－－－－－－,10.0,0.0,0.0,110.0,0.0,0.0,-270.0,2950.0,yonden
2018,6,2018-06-20,05:00,2960.0,0.0,2460.0,630.0,－－－－－－－－－－,10.0,40.0,0.0,60.0,0.0,0.0,-240.0,2960.0,yonden
2018,6,2018-06-20,06:00,2860.0,0.0,2450.0,570.0,－－－－－－－－－－,10.0,60.0,0.0,50.0,0.0,0.0,-280.0,2860.0,yonden
2018,6,2018-06-20,07:00,2920.0,0.0,2470.0,600.0,－－－－－－－－－－,10.0,90.0,0.0,40.0,0.0,0.0,-290.0,2920.0,yonden
2018,6,2018-06-20,08:00,3330.0,0.0,2730.0,670.0,－－－－－－－－－－,10.0,150.0,0.0,10.0,0.0,0.0,-240.0,3330.0,yonden
2018,6,2018-06-20,09:00,3520.0,0.0,2660.0,690.0,－－－－－－－－－－,10.0,220.0,0.0,10.0,0.0,190.0,-260.0,3520.0,yonden
2018,6,2018-06-20,10:00,3580.0,0.0,2620.0,690.0,－－－－－－－－－－,10.0,260.0,0.0,10.0,0.0,220.0,-230.0,3580.0,yonden
2018,6,2018-06-20,11:00,3590.0,0.0,2690.0,620.0,－－－－－－－－－－,10.0,280.0,0.0,10.0,0.0,220.0,-240.0,3590.0,yonden
2018,6,2018-06-20,12:00,3320.0,0.0,2660.0,620.0,－－－－－－－－－－,10.0,320.0,0.0,20.0,0.0,0.0,-310.0,3320.0,yonden
2018,6,2018-06-20,13:00,3590.0,0.0,2900.0,640.0,－－－－－－－－－－,10.0,230.0,0.0,30.0,0.0,0.0,-220.0,3590.0,yonden
2018,6,2018-06-20,14:00,3670.0,0.0,3040.0,640.0,－－－－－－－－－－,10.0,160.0,0.0,40.0,0.0,0.0,-220.0,3670.0,yonden
2018,6,2018-06-20,15:00,3620.0,0.0,2910.0,640.0,－－－－－－－－－－,10.0,120.0,0.0,30.0,0.0,140.0,-230.0,3620.0,yonden
2018,6,2018-06-20,16:00,3560.0,0.0,2870.0,640.0,－－－－－－－－－－,10.0,100.0,0.0,20.0,0.0,180.0,-260.0,3560.0,yonden
2018,6,2018-06-20,17:00,3380.0,0.0,2890.0,640.0,－－－－－－－－－－,10.0,70.0,0.0,40.0,0.0,10.0,-280.0,3380.0,yonden
2018,6,2018-06-20,18:00,3320.0,0.0,2800.0,720.0,－－－－－－－－－－,10.0,30.0,0.0,70.0,0.0,0.0,-310.0,3320.0,yonden
2018,6,2018-06-20,19:00,3230.0,0.0,2740.0,720.0,－－－－－－－－－－,10.0,0.0,0.0,70.0,0.0,0.0,-310.0,3230.0,yonden
2018,6,2018-06-20,20:00,3080.0,0.0,2620.0,690.0,－－－－－－－－－－,10.0,0.0,0.0,80.0,0.0,0.0,-320.0,3080.0,yonden
2018,6,2018-06-20,21:00,2900.0,0.0,2500.0,680.0,－－－－－－－－－－,10.0,0.0,0.0,90.0,0.0,0.0,-380.0,2900.0,yonden
2018,6,2018-06-20,22:00,2710.0,0.0,2330.0,680.0,－－－－－－－－－－,10.0,0.0,0.0,80.0,0.0,0.0,-390.0,2710.0,yonden
2018,6,2018-06-20,23:00,2600.0,0.0,2250.0,670.0,－－－－－－－－－－,10.0,0.0,0.0,70.0,0.0,0.0,-400.0,2600.0,yonden
2018,6,2018-06-21,00:00,2450.0,0.0,2420.0,650.0,－－－－－－－－－－,10.0,0.0,0.0,70.0,0.0,0.0,-700.0,2450.0,yonden
2018,6,2018-06-21,01:00,2410.0,0.0,2450.0,640.0,－－－－－－－－－－,10.0,0.0,0.0,60.0,0.0,0.0,-750.0,2410.0,yonden
2018,6,2018-06-21,02:00,2540.0,0.0,2430.0,640.0,－－－－－－－－－－,10.0,0.0,0.0,60.0,0.0,0.0,-600.0,2540.0,yonden
2018,6,2018-06-21,03:00,2740.0,0.0,2440.0,660.0,－－－－－－－－－－,10.0,0.0,0.0,70.0,0.0,0.0,-440.0,2740.0,yonden
2018,6,2018-06-21,04:00,2870.0,0.0,2500.0,690.0,－－－－－－－－－－,10.0,0.0,0.0,70.0,0.0,0.0,-400.0,2870.0,yonden
2018,6,2018-06-21,05:00,2850.0,0.0,2450.0,650.0,－－－－－－－－－－,10.0,40.0,0.0,70.0,0.0,0.0,-370.0,2850.0,yonden
2018,6,2018-06-21,06:00,2720.0,0.0,2340.0,660.0,－－－－－－－－－－,10.0,100.0,0.0,60.0,0.0,0.0,-450.0,2720.0,yonden
2018,6,2018-06-21,07:00,2750.0,0.0,2380.0,670.0,－－－－－－－－－－,10.0,140.0,0.0,40.0,0.0,0.0,-490.0,2750.0,yonden
2018,6,2018-06-21,08:00,3180.0,0.0,2640.0,670.0,－－－－－－－－－－,10.0,190.0,0.0,30.0,0.0,90.0,-450.0,3180.0,yonden
2018,6,2018-06-21,09:00,3420.0,0.0,2820.0,660.0,－－－－－－－－－－,10.0,230.0,0.0,10.0,0.0,140.0,-450.0,3420.0,yonden
2018,6,2018-06-21,10:00,3420.0,0.0,2830.0,700.0,－－－－－－－－－－,10.0,360.0,0.0,10.0,0.0,110.0,-600.0,3420.0,yonden
2018,6,2018-06-21,11:00,3380.0,0.0,2830.0,690.0,－－－－－－－－－－,10.0,610.0,0.0,0.0,0.0,0.0,-760.0,3380.0,yonden
2018,6,2018-06-21,12:00,3170.0,0.0,2620.0,680.0,－－－－－－－－－－,10.0,830.0,0.0,0.0,0.0,0.0,-970.0,3170.0,yonden
2018,6,2018-06-21,13:00,3360.0,0.0,2700.0,700.0,－－－－－－－－－－,10.0,940.0,0.0,0.0,0.0,0.0,-990.0,3360.0,yonden
2018,6,2018-06-21,14:00,3430.0,0.0,2480.0,690.0,－－－－－－－－－－,10.0,1110.0,0.0,0.0,0.0,0.0,-860.0,3430.0,yonden
2018,6,2018-06-21,15:00,3520.0,0.0,2630.0,710.0,－－－－－－－－－－,10.0,1080.0,0.0,10.0,0.0,-300.0,-620.0,3520.0,yonden
2018,6,2018-06-21,16:00,3600.0,0.0,2600.0,730.0,－－－－－－－－－－,10.0,780.0,0.0,10.0,0.0,-50.0,-480.0,3600.0,yonden
2018,6,2018-06-21,17:00,3480.0,0.0,2670.0,740.0,－－－－－－－－－－,10.0,410.0,0.0,10.0,0.0,0.0,-360.0,3480.0,yonden
2018,6,2018-06-21,18:00,3330.0,0.0,2760.0,750.0,－－－－－－－－－－,10.0,100.0,0.0,10.0,0.0,0.0,-300.0,3330.0,yonden
2018,6,2018-06-21,19:00,3270.0,0.0,2780.0,760.0,－－－－－－－－－－,10.0,0.0,0.0,20.0,0.0,0.0,-300.0,3270.0,yonden
2018,6,2018-06-21,20:00,3120.0,0.0,2800.0,680.0,－－－－－－－－－－,10.0,0.0,0.0,20.0,0.0,0.0,-390.0,3120.0,yonden
2018,6,2018-06-21,21:00,2910.0,0.0,2690.0,680.0,－－－－－－－－－－,10.0,0.0,0.0,20.0,0.0,0.0,-490.0,2910.0,yonden
2018,6,2018-06-21,22:00,2720.0,0.0,2520.0,670.0,－－－－－－－－－－,10.0,0.0,0.0,10.0,0.0,0.0,-490.0,2720.0,yonden
2018,6,2018-06-21,23:00,2600.0,0.0,2470.0,650.0,－－－－－－－－－－,10.0,0.0,0.0,10.0,0.0,0.0,-540.0,2600.0,yonden
2018,6,2018-06-22,00:00,2440.0,0.0,2390.0,640.0,－－－－－－－－－－,10.0,0.0,0.0,10.0,0.0,0.0,-610.0,2440.0,yonden
2018,6,2018-06-22,01:00,2390.0,0.0,2360.0,640.0,－－－－－－－－－－,10.0,0.0,0.0,10.0,0.0,0.0,-630.0,2390.0,yonden
2018,6,2018-06-22,02:00,2520.0,0.0,2340.0,660.0,－－－－－－－－－－,10.0,0.0,0.0,0.0,0.0,0.0,-490.0,2520.0,yonden
2018,6,2018-06-22,03:00,2740.0,0.0,2420.0,700.0,－－－－－－－－－－,10.0,0.0,0.0,0.0,0.0,0.0,-390.0,2740.0,yonden
2018,6,2018-06-22,04:00,2880.0,0.0,2480.0,720.0,－－－－－－－－－－,10.0,0.0,0.0,0.0,0.0,0.0,-330.0,2880.0,yonden
2018,6,2018-06-22,05:00,2830.0,0.0,2410.0,680.0,－－－－－－－－－－,10.0,70.0,0.0,0.0,0.0,0.0,-340.0,2830.0,yonden
2018,6,2018-06-22,06:00,2680.0,0.0,2210.0,670.0,－－－－－－－－－－,10.0,310.0,0.0,0.0,0.0,0.0,-520.0,2680.0,yonden
2018,6,2018-06-22,07:00,2680.0,0.0,2100.0,640.0,－－－－－－－－－－,10.0,630.0,0.0,0.0,0.0,0.0,-700.0,2680.0,yonden
2018,6,2018-06-22,08:00,3110.0,0.0,2220.0,660.0,－－－－－－－－－－,10.0,950.0,0.0,0.0,0.0,0.0,-730.0,3110.0,yonden
2018,6,2018-06-22,09:00,3390.0,0.0,2320.0,680.0,－－－－－－－－－－,10.0,1190.0,0.0,0.0,0.0,-100.0,-710.0,3390.0,yonden
2018,6,2018-06-22,10:00,3500.0,0.0,2420.0,710.0,－－－－－－－－－－,10.0,1450.0,0.0,0.0,0.0,-300.0,-790.0,3500.0,yonden
2018,6,2018-06-22,11:00,3590.0,0.0,2420.0,680.0,－－－－－－－－－－,10.0,1530.0,0.0,0.0,0.0,0.0,-1050.0,3590.0,yonden
2018,6,2018-06-22,12:00,3440.0,0.0,2350.0,670.0,－－－－－－－－－－,10.0,1570.0,0.0,0.0,0.0,0.0,-1160.0,3440.0,yonden
2018,6,2018-06-22,13:00,3690.0,0.0,2380.0,660.0,－－－－－－－－－－,10.0,1460.0,0.0,10.0,0.0,0.0,-830.0,3690.0,yonden
2018,6,2018-06-22,14:00,3700.0,0.0,2330.0,610.0,－－－－－－－－－－,10.0,1310.0,0.0,10.0,0.0,0.0,-570.0,3700.0,yonden
2018,6,2018-06-22,15:00,3740.0,0.0,2300.0,670.0,－－－－－－－－－－,10.0,1070.0,0.0,10.0,0.0,0.0,-320.0,3740.0,yonden
2018,6,2018-06-22,16:00,3750.0,0.0,2490.0,710.0,－－－－－－－－－－,10.0,740.0,0.0,20.0,0.0,0.0,-220.0,3750.0,yonden
2018,6,2018-06-22,17:00,3570.0,0.0,2720.0,710.0,－－－－－－－－－－,10.0,350.0,0.0,20.0,0.0,0.0,-240.0,3570.0,yonden
2018,6,2018-06-22,18:00,3400.0,0.0,2920.0,700.0,－－－－－－－－－－,10.0,80.0,0.0,20.0,0.0,0.0,-330.0,3400.0,yonden
2018,6,2018-06-22,19:00,3320.0,0.0,2930.0,720.0,－－－－－－－－－－,10.0,0.0,0.0,30.0,0.0,0.0,-370.0,3320.0,yonden
2018,6,2018-06-22,20:00,3160.0,0.0,2800.0,690.0,－－－－－－－－－－,10.0,0.0,0.0,30.0,0.0,0.0,-370.0,3160.0,yonden
2018,6,2018-06-22,21:00,2960.0,0.0,2660.0,670.0,－－－－－－－－－－,10.0,0.0,0.0,40.0,0.0,0.0,-420.0,2960.0,yonden
2018,6,2018-06-22,22:00,2770.0,0.0,2530.0,640.0,－－－－－－－－－－,10.0,0.0,0.0,50.0,0.0,0.0,-460.0,2770.0,yonden
2018,6,2018-06-22,23:00,2650.0,0.0,2490.0,660.0,－－－－－－－－－－,10.0,0.0,0.0,30.0,0.0,0.0,-540.0,2650.0,yonden
2018,6,2018-06-23,00:00,2480.0,0.0,2410.0,680.0,－－－－－－－－－－,10.0,0.0,0.0,20.0,0.0,0.0,-640.0,2480.0,yonden
2018,6,2018-06-23,01:00,2420.0,0.0,2360.0,680.0,－－－－－－－－－－,10.0,0.0,0.0,40.0,0.0,0.0,-670.0,2420.0,yonden
2018,6,2018-06-23,02:00,2510.0,0.0,2320.0,700.0,－－－－－－－－－－,10.0,0.0,0.0,40.0,0.0,0.0,-560.0,2510.0,yonden
2018,6,2018-06-23,03:00,2710.0,0.0,2350.0,690.0,－－－－－－－－－－,10.0,0.0,0.0,20.0,0.0,0.0,-360.0,2710.0,yonden
2018,6,2018-06-23,04:00,2800.0,0.0,2320.0,690.0,－－－－－－－－－－,10.0,0.0,0.0,50.0,0.0,0.0,-270.0,2800.0,yonden
2018,6,2018-06-23,05:00,2760.0,0.0,2290.0,680.0,－－－－－－－－－－,10.0,40.0,0.0,50.0,0.0,0.0,-310.0,2760.0,yonden
2018,6,2018-06-23,06:00,2540.0,0.0,2210.0,670.0,－－－－－－－－－－,10.0,110.0,0.0,30.0,0.0,0.0,-490.0,2540.0,yonden
2018,6,2018-06-23,07:00,2480.0,0.0,2200.0,680.0,－－－－－－－－－－,10.0,220.0,0.0,10.0,0.0,0.0,-640.0,2480.0,yonden
2018,6,2018-06-23,08:00,2680.0,0.0,2280.0,690.0,－－－－－－－－－－,10.0,230.0,0.0,10.0,0.0,0.0,-540.0,2680.0,yonden
2018,6,2018-06-23,09:00,2850.0,0.0,2370.0,700.0,－－－－－－－－－－,10.0,250.0,0.0,10.0,0.0,0.0,-490.0,2850.0,yonden
2018,6,2018-06-23,10:00,2910.0,0.0,2360.0,760.0,－－－－－－－－－－,10.0,260.0,0.0,10.0,0.0,0.0,-490.0,2910.0,yonden
2018,6,2018-06-23,11:00,3030.0,0.0,2390.0,740.0,－－－－－－－－－－,10.0,250.0,0.0,20.0,0.0,0.0,-380.0,3030.0,yonden
2018,6,2018-06-23,12:00,2850.0,0.0,2250.0,660.0,－－－－－－－－－－,10.0,310.0,0.0,20.0,0.0,0.0,-400.0,2850.0,yonden
2018,6,2018-06-23,13:00,2740.0,0.0,2080.0,660.0,－－－－－－－－－－,10.0,450.0,0.0,0.0,0.0,-50.0,-410.0,2740.0,yonden
2018,6,2018-06-23,14:00,2760.0,0.0,2280.0,700.0,－－－－－－－－－－,10.0,410.0,0.0,0.0,0.0,-250.0,-390.0,2760.0,yonden
2018,6,2018-06-23,15:00,2780.0,0.0,2250.0,690.0,－－－－－－－－－－,10.0,260.0,0.0,10.0,0.0,0.0,-440.0,2780.0,yonden
2018,6,2018-06-23,16:00,2880.0,0.0,2490.0,710.0,－－－－－－－－－－,10.0,140.0,0.0,0.0,0.0,0.0,-470.0,2880.0,yonden
2018,6,2018-06-23,17:00,2900.0,0.0,2610.0,750.0,－－－－－－－－－－,10.0,60.0,0.0,10.0,0.0,0.0,-540.0,2900.0,yonden
2018,6,2018-06-23,18:00,2900.0,0.0,2600.0,800.0,－－－－－－－－－－,10.0,20.0,0.0,10.0,0.0,0.0,-540.0,2900.0,yonden
2018,6,2018-06-23,19:00,2880.0,0.0,2610.0,770.0,－－－－－－－－－－,10.0,0.0,0.0,10.0,0.0,0.0,-520.0,2880.0,yonden
2018,6,2018-06-23,20:00,2780.0,0.0,2630.0,650.0,－－－－－－－－－－,10.0,0.0,0.0,0.0,0.0,0.0,-510.0,2780.0,yonden
2018,6,2018-06-23,21:00,2640.0,0.0,2580.0,660.0,－－－－－－－－－－,10.0,0.0,0.0,0.0,0.0,0.0,-610.0,2640.0,yonden
2018,6,2018-06-23,22:00,2460.0,0.0,2510.0,650.0,－－－－－－－－－－,10.0,0.0,0.0,0.0,0.0,0.0,-710.0,2460.0,yonden
2018,6,2018-06-23,23:00,2380.0,0.0,2460.0,640.0,－－－－－－－－－－,10.0,0.0,0.0,10.0,0.0,0.0,-740.0,2380.0,yonden
2018,6,2018-06-24,00:00,2280.0,0.0,2540.0,680.0,－－－－－－－－－－,10.0,0.0,0.0,20.0,0.0,0.0,-970.0,2280.0,yonden
2018,6,2018-06-24,01:00,2270.0,0.0,2540.0,680.0,－－－－－－－－－－,10.0,0.0,0.0,40.0,0.0,0.0,-1000.0,2270.0,yonden
2018,6,2018-06-24,02:00,2390.0,0.0,2540.0,720.0,－－－－－－－－－－,10.0,0.0,0.0,40.0,0.0,0.0,-920.0,2390.0,yonden
2018,6,2018-06-24,03:00,2590.0,0.0,2520.0,770.0,－－－－－－－－－－,10.0,0.0,0.0,50.0,0.0,0.0,-760.0,2590.0,yonden
2018,6,2018-06-24,04:00,2720.0,0.0,2520.0,750.0,－－－－－－－－－－,10.0,0.0,0.0,60.0,0.0,0.0,-620.0,2720.0,yonden
2018,6,2018-06-24,05:00,2650.0,0.0,2520.0,720.0,－－－－－－－－－－,10.0,50.0,0.0,60.0,0.0,0.0,-710.0,2650.0,yonden
2018,6,2018-06-24,06:00,2400.0,0.0,2330.0,660.0,－－－－－－－－－－,10.0,210.0,0.0,50.0,0.0,0.0,-860.0,2400.0,yonden
2018,6,2018-06-24,07:00,2230.0,0.0,2340.0,640.0,－－－－－－－－－－,10.0,450.0,0.0,30.0,0.0,0.0,-1240.0,2230.0,yonden
2018,6,2018-06-24,08:00,2340.0,0.0,2230.0,640.0,－－－－－－－－－－,10.0,860.0,0.0,20.0,0.0,0.0,-1420.0,2340.0,yonden
2018,6,2018-06-24,09:00,2490.0,0.0,2130.0,640.0,－－－－－－－－－－,10.0,1290.0,0.0,10.0,0.0,0.0,-1590.0,2490.0,yonden
2018,6,2018-06-24,10:00,2600.0,0.0,2140.0,650.0,－－－－－－－－－－,10.0,1490.0,0.0,10.0,0.0,0.0,-1700.0,2600.0,yonden
2018,6,2018-06-24,11:00,2650.0,0.0,2110.0,640.0,－－－－－－－－－－,10.0,1570.0,0.0,10.0,0.0,0.0,-1690.0,2650.0,yonden
2018,6,2018-06-24,12:00,2700.0,0.0,2110.0,640.0,－－－－－－－－－－,10.0,1590.0,0.0,0.0,0.0,0.0,-1650.0,2700.0,yonden
2018,6,2018-06-24,13:00,2730.0,0.0,2080.0,640.0,－－－－－－－－－－,10.0,1540.0,0.0,10.0,0.0,0.0,-1550.0,2730.0,yonden
2018,6,2018-06-24,14:00,2770.0,0.0,2100.0,650.0,－－－－－－－－－－,10.0,1330.0,0.0,10.0,0.0,0.0,-1330.0,2770.0,yonden
2018,6,2018-06-24,15:00,2760.0,0.0,2370.0,660.0,－－－－－－－－－－,10.0,950.0,0.0,10.0,0.0,0.0,-1240.0,2760.0,yonden
2018,6,2018-06-24,16:00,2810.0,0.0,2660.0,700.0,－－－－－－－－－－,10.0,600.0,0.0,10.0,0.0,0.0,-1170.0,2810.0,yonden
2018,6,2018-06-24,17:00,2780.0,0.0,2690.0,720.0,－－－－－－－－－－,10.0,280.0,0.0,0.0,0.0,0.0,-920.0,2780.0,yonden
2018,6,2018-06-24,18:00,2820.0,0.0,2750.0,780.0,－－－－－－－－－－,10.0,80.0,0.0,0.0,0.0,0.0,-800.0,2820.0,yonden
2018,6,2018-06-24,19:00,2880.0,0.0,2750.0,770.0,－－－－－－－－－－,10.0,0.0,0.0,0.0,0.0,0.0,-650.0,2880.0,yonden
2018,6,2018-06-24,20:00,2810.0,0.0,2750.0,720.0,－－－－－－－－－－,10.0,0.0,0.0,0.0,0.0,0.0,-670.0,2810.0,yonden
2018,6,2018-06-24,21:00,2640.0,0.0,2750.0,640.0,－－－－－－－－－－,10.0,0.0,0.0,0.0,0.0,0.0,-760.0,2640.0,yonden
2018,6,2018-06-24,22:00,2470.0,0.0,2690.0,620.0,－－－－－－－－－－,10.0,0.0,0.0,0.0,0.0,0.0,-850.0,2470.0,yonden
2018,6,2018-06-24,23:00,2370.0,0.0,2680.0,600.0,－－－－－－－－－－,10.0,0.0,0.0,0.0,0.0,0.0,-920.0,2370.0,yonden
2018,6,2018-06-25,00:00,2270.0,0.0,2670.0,620.0,－－－－－－－－－－,10.0,0.0,0.0,0.0,0.0,0.0,-1030.0,2270.0,yonden
2018,6,2018-06-25,01:00,2270.0,0.0,2690.0,640.0,－－－－－－－－－－,10.0,0.0,0.0,0.0,0.0,0.0,-1070.0,2270.0,yonden
2018,6,2018-06-25,02:00,2370.0,0.0,2680.0,650.0,－－－－－－－－－－,10.0,0.0,0.0,0.0,0.0,0.0,-970.0,2370.0,yonden
2018,6,2018-06-25,03:00,2570.0,0.0,2750.0,640.0,－－－－－－－－－－,10.0,0.0,0.0,0.0,0.0,0.0,-830.0,2570.0,yonden
2018,6,2018-06-25,04:00,2700.0,0.0,2730.0,620.0,－－－－－－－－－－,10.0,0.0,0.0,0.0,0.0,0.0,-660.0,2700.0,yonden
2018,6,2018-06-25,05:00,2700.0,0.0,2690.0,610.0,－－－－－－－－－－,20.0,70.0,0.0,0.0,0.0,0.0,-690.0,2700.0,yonden
2018,6,2018-06-25,06:00,2630.0,0.0,2680.0,610.0,－－－－－－－－－－,20.0,340.0,0.0,0.0,0.0,0.0,-1020.0,2630.0,yonden
2018,6,2018-06-25,07:00,2660.0,0.0,2650.0,560.0,－－－－－－－－－－,10.0,670.0,0.0,0.0,0.0,0.0,-1230.0,2660.0,yonden
2018,6,2018-06-25,08:00,3100.0,0.0,2660.0,550.0,－－－－－－－－－－,20.0,1020.0,0.0,0.0,0.0,0.0,-1150.0,3100.0,yonden
2018,6,2018-06-25,09:00,3430.0,0.0,2630.0,570.0,－－－－－－－－－－,20.0,1290.0,0.0,0.0,0.0,0.0,-1080.0,3430.0,yonden
2018,6,2018-06-25,10:00,3550.0,0.0,2640.0,560.0,－－－－－－－－－－,10.0,1470.0,0.0,0.0,0.0,0.0,-1130.0,3550.0,yonden
2018,6,2018-06-25,11:00,3660.0,0.0,2680.0,570.0,－－－－－－－－－－,10.0,1570.0,0.0,0.0,0.0,-300.0,-870.0,3660.0,yonden
2018,6,2018-06-25,12:00,3520.0,0.0,2670.0,570.0,－－－－－－－－－－,10.0,1590.0,0.0,10.0,0.0,-280.0,-1050.0,3520.0,yonden
2018,6,2018-06-25,13:00,3780.0,0.0,2660.0,600.0,－－－－－－－－－－,10.0,1520.0,0.0,20.0,0.0,0.0,-1030.0,3780.0,yonden
2018,6,2018-06-25,14:00,3860.0,0.0,2740.0,520.0,－－－－－－－－－－,10.0,1370.0,0.0,30.0,0.0,0.0,-810.0,3860.0,yonden
2018,6,2018-06-25,15:00,3860.0,0.0,2700.0,570.0,－－－－－－－－－－,10.0,1120.0,0.0,50.0,0.0,0.0,-590.0,3860.0,yonden
2018,6,2018-06-25,16:00,3930.0,0.0,2970.0,720.0,－－－－－－－－－－,10.0,770.0,0.0,50.0,0.0,0.0,-590.0,3930.0,yonden
2018,6,2018-06-25,17:00,3730.0,0.0,3050.0,740.0,－－－－－－－－－－,10.0,360.0,0.0,50.0,0.0,0.0,-480.0,3730.0,yonden
2018,6,2018-06-25,18:00,3550.0,0.0,3090.0,760.0,－－－－－－－－－－,10.0,80.0,0.0,30.0,0.0,0.0,-420.0,3550.0,yonden
2018,6,2018-06-25,19:00,3450.0,0.0,3100.0,740.0,－－－－－－－－－－,10.0,0.0,0.0,30.0,0.0,0.0,-430.0,3450.0,yonden
2018,6,2018-06-25,20:00,3280.0,0.0,3110.0,710.0,－－－－－－－－－－,10.0,0.0,0.0,40.0,0.0,0.0,-590.0,3280.0,yonden
2018,6,2018-06-25,21:00,3060.0,0.0,2980.0,580.0,－－－－－－－－－－,10.0,0.0,0.0,60.0,0.0,0.0,-570.0,3060.0,yonden
2018,6,2018-06-25,22:00,2850.0,0.0,2820.0,530.0,－－－－－－－－－－,10.0,0.0,0.0,60.0,0.0,0.0,-570.0,2850.0,yonden
2018,6,2018-06-25,23:00,2710.0,0.0,2750.0,510.0,－－－－－－－－－－,10.0,0.0,0.0,70.0,0.0,0.0,-630.0,2710.0,yonden
2018,6,2018-06-26,00:00,2530.0,0.0,2790.0,560.0,－－－－－－－－－－,10.0,0.0,0.0,70.0,0.0,0.0,-900.0,2530.0,yonden
2018,6,2018-06-26,01:00,2470.0,0.0,2830.0,530.0,－－－－－－－－－－,10.0,0.0,0.0,60.0,0.0,0.0,-960.0,2470.0,yonden
2018,6,2018-06-26,02:00,2560.0,0.0,2810.0,520.0,－－－－－－－－－－,10.0,0.0,0.0,50.0,0.0,0.0,-830.0,2560.0,yonden
2018,6,2018-06-26,03:00,2750.0,0.0,2810.0,530.0,－－－－－－－－－－,10.0,0.0,0.0,40.0,0.0,0.0,-640.0,2750.0,yonden
2018,6,2018-06-26,04:00,2870.0,0.0,2800.0,580.0,－－－－－－－－－－,10.0,0.0,0.0,40.0,0.0,0.0,-560.0,2870.0,yonden
2018,6,2018-06-26,05:00,2850.0,0.0,2840.0,550.0,－－－－－－－－－－,10.0,70.0,0.0,40.0,0.0,0.0,-660.0,2850.0,yonden
2018,6,2018-06-26,06:00,2780.0,0.0,2830.0,510.0,－－－－－－－－－－,10.0,310.0,0.0,40.0,0.0,0.0,-920.0,2780.0,yonden
2018,6,2018-06-26,07:00,2840.0,0.0,2860.0,490.0,－－－－－－－－－－,10.0,610.0,0.0,50.0,0.0,0.0,-1180.0,2840.0,yonden
2018,6,2018-06-26,08:00,3270.0,0.0,3080.0,590.0,－－－－－－－－－－,10.0,920.0,0.0,60.0,0.0,0.0,-1390.0,3270.0,yonden
2018,6,2018-06-26,09:00,3610.0,0.0,3120.0,610.0,－－－－－－－－－－,10.0,1160.0,0.0,60.0,0.0,0.0,-1350.0,3610.0,yonden
2018,6,2018-06-26,10:00,3760.0,0.0,3160.0,490.0,－－－－－－－－－－,10.0,1290.0,0.0,50.0,0.0,0.0,-1240.0,3760.0,yonden
2018,6,2018-06-26,11:00,3870.0,0.0,3340.0,460.0,－－－－－－－－－－,10.0,1270.0,0.0,50.0,0.0,0.0,-1260.0,3870.0,yonden
2018,6,2018-06-26,12:00,3740.0,0.0,3440.0,500.0,－－－－－－－－－－,10.0,1020.0,0.0,50.0,0.0,0.0,-1280.0,3740.0,yonden
2018,6,2018-06-26,13:00,3960.0,0.0,3530.0,630.0,－－－－－－－－－－,10.0,740.0,0.0,60.0,0.0,210.0,-1220.0,3960.0,yonden
2018,6,2018-06-26,14:00,4000.0,0.0,3570.0,660.0,－－－－－－－－－－,10.0,520.0,0.0,60.0,0.0,310.0,-1130.0,4000.0,yonden
2018,6,2018-06-26,15:00,3920.0,0.0,3620.0,620.0,－－－－－－－－－－,10.0,280.0,0.0,60.0,0.0,240.0,-910.0,3920.0,yonden
2018,6,2018-06-26,16:00,3800.0,0.0,3560.0,630.0,－－－－－－－－－－,10.0,210.0,0.0,70.0,0.0,40.0,-720.0,3800.0,yonden
2018,6,2018-06-26,17:00,3710.0,0.0,3390.0,680.0,－－－－－－－－－－,10.0,130.0,0.0,80.0,0.0,0.0,-580.0,3710.0,yonden
2018,6,2018-06-26,18:00,3650.0,0.0,3330.0,710.0,－－－－－－－－－－,10.0,50.0,0.0,90.0,0.0,0.0,-540.0,3650.0,yonden
2018,6,2018-06-26,19:00,3540.0,0.0,3230.0,700.0,－－－－－－－－－－,10.0,0.0,0.0,90.0,0.0,0.0,-490.0,3540.0,yonden
2018,6,2018-06-26,20:00,3360.0,0.0,3200.0,600.0,－－－－－－－－－－,10.0,0.0,0.0,90.0,0.0,0.0,-540.0,3360.0,yonden
2018,6,2018-06-26,21:00,3140.0,0.0,3140.0,600.0,－－－－－－－－－－,10.0,0.0,0.0,90.0,0.0,0.0,-700.0,3140.0,yonden
2018,6,2018-06-26,22:00,2940.0,0.0,2930.0,550.0,－－－－－－－－－－,10.0,0.0,0.0,100.0,0.0,0.0,-650.0,2940.0,yonden
2018,6,2018-06-26,23:00,2800.0,0.0,2910.0,520.0,－－－－－－－－－－,10.0,0.0,0.0,110.0,0.0,0.0,-750.0,2800.0,yonden
2018,6,2018-06-27,00:00,2630.0,0.0,2810.0,400.0,－－－－－－－－－－,10.0,0.0,0.0,100.0,0.0,0.0,-690.0,2630.0,yonden
2018,6,2018-06-27,01:00,2550.0,0.0,2790.0,400.0,－－－－－－－－－－,10.0,0.0,0.0,100.0,0.0,0.0,-750.0,2550.0,yonden
2018,6,2018-06-27,02:00,2650.0,0.0,2800.0,450.0,－－－－－－－－－－,10.0,0.0,0.0,90.0,0.0,0.0,-700.0,2650.0,yonden
2018,6,2018-06-27,03:00,2810.0,0.0,2780.0,530.0,－－－－－－－－－－,10.0,0.0,0.0,90.0,0.0,0.0,-600.0,2810.0,yonden
2018,6,2018-06-27,04:00,2920.0,0.0,2800.0,560.0,－－－－－－－－－－,10.0,0.0,0.0,80.0,0.0,0.0,-530.0,2920.0,yonden
2018,6,2018-06-27,05:00,2890.0,0.0,2770.0,440.0,－－－－－－－－－－,10.0,60.0,0.0,90.0,0.0,0.0,-480.0,2890.0,yonden
2018,6,2018-06-27,06:00,2770.0,0.0,2730.0,420.0,－－－－－－－－－－,10.0,220.0,0.0,90.0,0.0,0.0,-700.0,2770.0,yonden
2018,6,2018-06-27,07:00,2920.0,0.0,2870.0,490.0,－－－－－－－－－－,10.0,500.0,0.0,90.0,0.0,0.0,-1040.0,2920.0,yonden
2018,6,2018-06-27,08:00,3450.0,0.0,2930.0,560.0,－－－－－－－－－－,10.0,800.0,0.0,90.0,0.0,0.0,-940.0,3450.0,yonden
2018,6,2018-06-27,09:00,3790.0,0.0,2940.0,570.0,－－－－－－－－－－,10.0,1030.0,0.0,80.0,0.0,0.0,-840.0,3790.0,yonden
2018,6,2018-06-27,10:00,3920.0,0.0,2920.0,560.0,－－－－－－－－－－,10.0,1140.0,0.0,70.0,0.0,0.0,-780.0,3920.0,yonden
2018,6,2018-06-27,11:00,4040.0,0.0,3000.0,590.0,－－－－－－－－－－,10.0,1240.0,0.0,70.0,0.0,0.0,-870.0,4040.0,yonden
2018,6,2018-06-27,12:00,3980.0,0.0,3030.0,500.0,－－－－－－－－－－,10.0,1180.0,0.0,60.0,0.0,0.0,-800.0,3980.0,yonden
2018,6,2018-06-27,13:00,4210.0,0.0,3350.0,630.0,－－－－－－－－－－,10.0,940.0,0.0,60.0,0.0,0.0,-780.0,4210.0,yonden
2018,6,2018-06-27,14:00,4250.0,0.0,3620.0,690.0,－－－－－－－－－－,10.0,650.0,0.0,40.0,0.0,80.0,-840.0,4250.0,yonden
2018,6,2018-06-27,15:00,4040.0,0.0,3550.0,680.0,－－－－－－－－－－,10.0,360.0,0.0,30.0,0.0,140.0,-730.0,4040.0,yonden
2018,6,2018-06-27,16:00,4010.0,0.0,3480.0,700.0,－－－－－－－－－－,10.0,260.0,0.0,30.0,0.0,40.0,-510.0,4010.0,yonden
2018,6,2018-06-27,17:00,3910.0,0.0,3370.0,740.0,－－－－－－－－－－,10.0,150.0,0.0,40.0,0.0,0.0,-400.0,3910.0,yonden
2018,6,2018-06-27,18:00,3850.0,0.0,3410.0,700.0,－－－－－－－－－－,10.0,50.0,0.0,40.0,0.0,0.0,-360.0,3850.0,yonden
2018,6,2018-06-27,19:00,3750.0,0.0,3410.0,660.0,－－－－－－－－－－,10.0,0.0,0.0,50.0,0.0,0.0,-380.0,3750.0,yonden
2018,6,2018-06-27,20:00,3560.0,0.0,3280.0,600.0,－－－－－－－－－－,10.0,0.0,0.0,50.0,0.0,0.0,-380.0,3560.0,yonden
2018,6,2018-06-27,21:00,3320.0,0.0,3210.0,490.0,－－－－－－－－－－,10.0,0.0,0.0,50.0,0.0,0.0,-440.0,3320.0,yonden
2018,6,2018-06-27,22:00,3080.0,0.0,3010.0,460.0,－－－－－－－－－－,10.0,0.0,0.0,50.0,0.0,0.0,-450.0,3080.0,yonden
2018,6,2018-06-27,23:00,2930.0,0.0,2980.0,470.0,－－－－－－－－－－,10.0,0.0,0.0,60.0,0.0,0.0,-590.0,2930.0,yonden
2018,6,2018-06-28,00:00,2720.0,0.0,2910.0,410.0,－－－－－－－－－－,10.0,0.0,0.0,70.0,0.0,0.0,-680.0,2720.0,yonden
2018,6,2018-06-28,01:00,2630.0,0.0,2920.0,380.0,－－－－－－－－－－,10.0,0.0,0.0,80.0,0.0,0.0,-760.0,2630.0,yonden
2018,6,2018-06-28,02:00,2690.0,0.0,2890.0,480.0,－－－－－－－－－－,10.0,0.0,0.0,70.0,0.0,0.0,-760.0,2690.0,yonden
2018,6,2018-06-28,03:00,2840.0,0.0,2910.0,580.0,－－－－－－－－－－,10.0,0.0,0.0,80.0,0.0,0.0,-740.0,2840.0,yonden
2018,6,2018-06-28,04:00,2950.0,0.0,2870.0,600.0,－－－－－－－－－－,10.0,0.0,0.0,80.0,0.0,0.0,-610.0,2950.0,yonden
2018,6,2018-06-28,05:00,2940.0,0.0,2820.0,560.0,－－－－－－－－－－,10.0,40.0,0.0,90.0,0.0,0.0,-580.0,2940.0,yonden
2018,6,2018-06-28,06:00,2880.0,0.0,2930.0,480.0,－－－－－－－－－－,10.0,110.0,0.0,100.0,0.0,-300.0,-450.0,2880.0,yonden
2018,6,2018-06-28,07:00,3020.0,0.0,3100.0,490.0,－－－－－－－－－－,10.0,170.0,0.0,90.0,0.0,-300.0,-540.0,3020.0,yonden
2018,6,2018-06-28,08:00,3510.0,0.0,3220.0,540.0,－－－－－－－－－－,10.0,280.0,0.0,90.0,0.0,-100.0,-530.0,3510.0,yonden
2018,6,2018-06-28,09:00,3800.0,0.0,3400.0,640.0,－－－－－－－－－－,10.0,550.0,0.0,90.0,0.0,0.0,-890.0,3800.0,yonden
2018,6,2018-06-28,10:00,3920.0,0.0,3430.0,530.0,－－－－－－－－－－,10.0,860.0,0.0,70.0,0.0,0.0,-980.0,3920.0,yonden
2018,6,2018-06-28,11:00,4010.0,0.0,3200.0,510.0,－－－－－－－－－－,10.0,1110.0,0.0,70.0,0.0,0.0,-890.0,4010.0,yonden
2018,6,2018-06-28,12:00,3900.0,0.0,2890.0,380.0,－－－－－－－－－－,10.0,1240.0,0.0,80.0,0.0,0.0,-700.0,3900.0,yonden
2018,6,2018-06-28,13:00,4200.0,0.0,3210.0,520.0,－－－－－－－－－－,10.0,1120.0,0.0,80.0,0.0,0.0,-740.0,4200.0,yonden
2018,6,2018-06-28,14:00,4260.0,0.0,3460.0,590.0,－－－－－－－－－－,10.0,890.0,0.0,90.0,0.0,0.0,-780.0,4260.0,yonden
2018,6,2018-06-28,15:00,4150.0,0.0,3490.0,630.0,－－－－－－－－－－,10.0,620.0,0.0,100.0,0.0,0.0,-700.0,4150.0,yonden
2018,6,2018-06-28,16:00,4100.0,0.0,3510.0,690.0,－－－－－－－－－－,10.0,420.0,0.0,100.0,0.0,0.0,-630.0,4100.0,yonden
2018,6,2018-06-28,17:00,3950.0,0.0,3290.0,690.0,－－－－－－－－－－,10.0,230.0,0.0,110.0,0.0,0.0,-380.0,3950.0,yonden
2018,6,2018-06-28,18:00,3880.0,0.0,3320.0,730.0,－－－－－－－－－－,10.0,60.0,0.0,110.0,0.0,0.0,-350.0,3880.0,yonden
2018,6,2018-06-28,19:00,3800.0,0.0,3320.0,720.0,－－－－－－－－－－,10.0,0.0,0.0,110.0,0.0,0.0,-360.0,3800.0,yonden
2018,6,2018-06-28,20:00,3620.0,0.0,3250.0,620.0,－－－－－－－－－－,10.0,0.0,0.0,100.0,0.0,0.0,-360.0,3620.0,yonden
2018,6,2018-06-28,21:00,3360.0,0.0,3180.0,480.0,－－－－－－－－－－,10.0,0.0,0.0,110.0,0.0,0.0,-420.0,3360.0,yonden
2018,6,2018-06-28,22:00,3120.0,0.0,3030.0,440.0,－－－－－－－－－－,10.0,0.0,0.0,110.0,0.0,0.0,-470.0,3120.0,yonden
2018,6,2018-06-28,23:00,2970.0,0.0,2990.0,410.0,－－－－－－－－－－,10.0,0.0,0.0,110.0,0.0,0.0,-550.0,2970.0,yonden
2018,6,2018-06-29,00:00,2790.0,0.0,2850.0,390.0,－－－－－－－－－－,10.0,0.0,0.0,110.0,0.0,0.0,-570.0,2790.0,yonden
2018,6,2018-06-29,01:00,2650.0,0.0,2640.0,370.0,－－－－－－－－－－,10.0,0.0,0.0,120.0,0.0,0.0,-490.0,2650.0,yonden
2018,6,2018-06-29,02:00,2700.0,0.0,2670.0,410.0,－－－－－－－－－－,10.0,0.0,0.0,120.0,0.0,0.0,-510.0,2700.0,yonden
2018,6,2018-06-29,03:00,2840.0,0.0,2640.0,530.0,－－－－－－－－－－,10.0,0.0,0.0,120.0,0.0,0.0,-460.0,2840.0,yonden
2018,6,2018-06-29,04:00,2960.0,0.0,2640.0,590.0,－－－－－－－－－－,10.0,0.0,0.0,120.0,0.0,0.0,-400.0,2960.0,yonden
2018,6,2018-06-29,05:00,2960.0,0.0,2650.0,540.0,－－－－－－－－－－,10.0,50.0,0.0,100.0,0.0,0.0,-390.0,2960.0,yonden
2018,6,2018-06-29,06:00,2910.0,0.0,2550.0,470.0,－－－－－－－－－－,10.0,170.0,0.0,110.0,0.0,0.0,-400.0,2910.0,yonden
2018,6,2018-06-29,07:00,3050.0,0.0,2610.0,470.0,－－－－－－－－－－,10.0,220.0,0.0,110.0,0.0,0.0,-370.0,3050.0,yonden
2018,6,2018-06-29,08:00,3530.0,0.0,2900.0,520.0,－－－－－－－－－－,10.0,300.0,0.0,120.0,0.0,0.0,-320.0,3530.0,yonden
2018,6,2018-06-29,09:00,3910.0,0.0,3300.0,630.0,－－－－－－－－－－,10.0,370.0,0.0,100.0,0.0,0.0,-500.0,3910.0,yonden
2018,6,2018-06-29,10:00,4000.0,0.0,3440.0,670.0,－－－－－－－－－－,10.0,390.0,0.0,70.0,0.0,70.0,-650.0,4000.0,yonden
2018,6,2018-06-29,11:00,4110.0,0.0,3380.0,700.0,－－－－－－－－－－,10.0,360.0,0.0,80.0,0.0,140.0,-560.0,4110.0,yonden
2018,6,2018-06-29,12:00,3850.0,0.0,3390.0,640.0,－－－－－－－－－－,10.0,350.0,0.0,70.0,0.0,10.0,-620.0,3850.0,yonden
2018,6,2018-06-29,13:00,4030.0,0.0,3440.0,650.0,－－－－－－－－－－,10.0,350.0,0.0,60.0,0.0,0.0,-480.0,4030.0,yonden
2018,6,2018-06-29,14:00,4030.0,0.0,3520.0,710.0,－－－－－－－－－－,10.0,240.0,0.0,70.0,0.0,0.0,-520.0,4030.0,yonden
2018,6,2018-06-29,15:00,3910.0,0.0,3310.0,750.0,－－－－－－－－－－,10.0,190.0,0.0,90.0,0.0,80.0,-520.0,3910.0,yonden
2018,6,2018-06-29,16:00,3780.0,0.0,3150.0,750.0,－－－－－－－－－－,10.0,170.0,0.0,100.0,0.0,140.0,-540.0,3780.0,yonden
2018,6,2018-06-29,17:00,3540.0,0.0,2840.0,750.0,－－－－－－－－－－,10.0,130.0,0.0,100.0,0.0,140.0,-430.0,3540.0,yonden
2018,6,2018-06-29,18:00,3500.0,0.0,2900.0,750.0,－－－－－－－－－－,10.0,60.0,0.0,110.0,0.0,0.0,-330.0,3500.0,yonden
2018,6,2018-06-29,19:00,3440.0,0.0,2950.0,730.0,－－－－－－－－－－,10.0,0.0,0.0,110.0,0.0,0.0,-360.0,3440.0,yonden
2018,6,2018-06-29,20:00,3280.0,0.0,2800.0,740.0,－－－－－－－－－－,10.0,0.0,0.0,110.0,0.0,0.0,-380.0,3280.0,yonden
2018,6,2018-06-29,21:00,3100.0,0.0,2670.0,740.0,－－－－－－－－－－,10.0,0.0,0.0,80.0,0.0,0.0,-400.0,3100.0,yonden
2018,6,2018-06-29,22:00,2900.0,0.0,2520.0,740.0,－－－－－－－－－－,10.0,0.0,0.0,100.0,0.0,0.0,-470.0,2900.0,yonden
2018,6,2018-06-29,23:00,2790.0,0.0,2460.0,730.0,－－－－－－－－－－,10.0,0.0,0.0,100.0,0.0,0.0,-510.0,2790.0,yonden
2018,6,2018-06-30,00:00,2630.0,0.0,2370.0,720.0,－－－－－－－－－－,10.0,0.0,0.0,90.0,0.0,0.0,-560.0,2630.0,yonden
2018,6,2018-06-30,01:00,2560.0,0.0,2300.0,700.0,－－－－－－－－－－,10.0,0.0,0.0,80.0,0.0,0.0,-530.0,2560.0,yonden
2018,6,2018-06-30,02:00,2630.0,0.0,2350.0,720.0,－－－－－－－－－－,10.0,0.0,0.0,70.0,0.0,0.0,-520.0,2630.0,yonden
2018,6,2018-06-30,03:00,2780.0,0.0,2390.0,740.0,－－－－－－－－－－,10.0,0.0,0.0,60.0,0.0,0.0,-420.0,2780.0,yonden
2018,6,2018-06-30,04:00,2880.0,0.0,2420.0,760.0,－－－－－－－－－－,10.0,0.0,0.0,60.0,0.0,0.0,-370.0,2880.0,yonden
2018,6,2018-06-30,05:00,2810.0,0.0,2360.0,740.0,－－－－－－－－－－,10.0,30.0,0.0,70.0,0.0,0.0,-400.0,2810.0,yonden
2018,6,2018-06-30,06:00,2660.0,0.0,2200.0,720.0,－－－－－－－－－－,10.0,130.0,0.0,90.0,0.0,0.0,-490.0,2660.0,yonden
2018,6,2018-06-30,07:00,2610.0,0.0,2070.0,730.0,－－－－－－－－－－,10.0,250.0,0.0,80.0,0.0,0.0,-530.0,2610.0,yonden
2018,6,2018-06-30,08:00,2980.0,0.0,2270.0,740.0,－－－－－－－－－－,10.0,430.0,0.0,110.0,0.0,-100.0,-480.0,2980.0,yonden
2018,6,2018-06-30,09:00,3240.0,0.0,2520.0,760.0,－－－－－－－－－－,10.0,580.0,0.0,100.0,0.0,-150.0,-580.0,3240.0,yonden
2018,6,2018-06-30,10:00,3350.0,0.0,2610.0,770.0,－－－－－－－－－－,10.0,650.0,0.0,80.0,0.0,0.0,-770.0,3350.0,yonden
2018,6,2018-06-30,11:00,3450.0,0.0,2670.0,780.0,－－－－－－－－－－,10.0,670.0,0.0,90.0,0.0,0.0,-770.0,3450.0,yonden
2018,6,2018-06-30,12:00,3430.0,0.0,2730.0,770.0,－－－－－－－－－－,10.0,610.0,0.0,90.0,0.0,0.0,-780.0,3430.0,yonden
2018,6,2018-06-30,13:00,3520.0,0.0,2960.0,790.0,－－－－－－－－－－,10.0,540.0,0.0,120.0,0.0,0.0,-900.0,3520.0,yonden
2018,6,2018-06-30,14:00,3440.0,0.0,3050.0,790.0,－－－－－－－－－－,10.0,480.0,0.0,120.0,0.0,0.0,-1010.0,3440.0,yonden
2018,6,2018-06-30,15:00,3340.0,0.0,2860.0,790.0,－－－－－－－－－－,10.0,470.0,0.0,120.0,0.0,0.0,-910.0,3340.0,yonden
2018,6,2018-06-30,16:00,3340.0,0.0,2780.0,790.0,－－－－－－－－－－,10.0,380.0,0.0,110.0,0.0,0.0,-730.0,3340.0,yonden
2018,6,2018-06-30,17:00,3290.0,0.0,2690.0,800.0,－－－－－－－－－－,10.0,220.0,0.0,110.0,0.0,0.0,-540.0,3290.0,yonden
2018,6,2018-06-30,18:00,3300.0,0.0,2760.0,800.0,－－－－－－－－－－,10.0,80.0,0.0,120.0,0.0,0.0,-470.0,3300.0,yonden
2018,6,2018-06-30,19:00,3270.0,0.0,2850.0,800.0,－－－－－－－－－－,10.0,0.0,0.0,110.0,0.0,0.0,-500.0,3270.0,yonden
2018,6,2018-06-30,20:00,3150.0,0.0,2780.0,800.0,－－－－－－－－－－,10.0,0.0,0.0,110.0,0.0,0.0,-550.0,3150.0,yonden
2018,6,2018-06-30,21:00,2960.0,0.0,2630.0,790.0,－－－－－－－－－－,10.0,0.0,0.0,100.0,0.0,0.0,-570.0,2960.0,yonden
2018,6,2018-06-30,22:00,2730.0,0.0,2480.0,770.0,－－－－－－－－－－,10.0,0.0,0.0,110.0,0.0,-130.0,-510.0,2730.0,yonden
2018,6,2018-06-30,23:00,2620.0,0.0,2600.0,770.0,－－－－－－－－－－,10.0,0.0,0.0,110.0,0.0,-310.0,-560.0,2620.0,yonden
2018,7,2018-07-01,00:00,2490.0,0.0,2630.0,790.0,－－－－－－－－－－,20.0,0.0,0.0,100.0,0.0,-310.0,-740.0,2490.0,yonden
2018,7,2018-07-01,01:00,2420.0,0.0,2560.0,770.0,－－－－－－－－－－,20.0,0.0,0.0,100.0,0.0,-310.0,-720.0,2420.0,yonden
2018,7,2018-07-01,02:00,2510.0,0.0,2570.0,790.0,－－－－－－－－－－,20.0,0.0,0.0,110.0,0.0,-300.0,-680.0,2510.0,yonden
2018,7,2018-07-01,03:00,2690.0,0.0,2630.0,790.0,－－－－－－－－－－,10.0,0.0,0.0,100.0,0.0,-250.0,-590.0,2690.0,yonden
2018,7,2018-07-01,04:00,2790.0,0.0,2450.0,790.0,－－－－－－－－－－,10.0,0.0,0.0,100.0,0.0,0.0,-560.0,2790.0,yonden
2018,7,2018-07-01,05:00,2740.0,0.0,2460.0,780.0,－－－－－－－－－－,20.0,40.0,0.0,100.0,0.0,0.0,-660.0,2740.0,yonden
2018,7,2018-07-01,06:00,2530.0,0.0,2360.0,770.0,－－－－－－－－－－,20.0,210.0,0.0,110.0,0.0,0.0,-940.0,2530.0,yonden
2018,7,2018-07-01,07:00,2440.0,0.0,2420.0,770.0,－－－－－－－－－－,10.0,430.0,0.0,110.0,0.0,-160.0,-1140.0,2440.0,yonden
2018,7,2018-07-01,08:00,2610.0,0.0,2310.0,770.0,－－－－－－－－－－,10.0,660.0,0.0,120.0,0.0,-150.0,-1110.0,2610.0,yonden
2018,7,2018-07-01,09:00,2840.0,0.0,2170.0,800.0,－－－－－－－－－－,20.0,850.0,0.0,120.0,0.0,0.0,-1120.0,2840.0,yonden
2018,7,2018-07-01,10:00,2990.0,0.0,2330.0,800.0,－－－－－－－－－－,20.0,950.0,0.0,120.0,0.0,0.0,-1230.0,2990.0,yonden
2018,7,2018-07-01,11:00,3090.0,0.0,2390.0,790.0,－－－－－－－－－－,10.0,1030.0,0.0,120.0,0.0,0.0,-1250.0,3090.0,yonden
2018,7,2018-07-01,12:00,3150.0,0.0,2280.0,780.0,－－－－－－－－－－,10.0,1090.0,0.0,120.0,0.0,0.0,-1130.0,3150.0,yonden
2018,7,2018-07-01,13:00,3190.0,0.0,2230.0,790.0,－－－－－－－－－－,10.0,1070.0,0.0,120.0,0.0,0.0,-1030.0,3190.0,yonden
2018,7,2018-07-01,14:00,3200.0,0.0,2340.0,800.0,－－－－－－－－－－,10.0,980.0,0.0,120.0,0.0,0.0,-1050.0,3200.0,yonden
2018,7,2018-07-01,15:00,3190.0,0.0,2500.0,800.0,－－－－－－－－－－,10.0,780.0,0.0,120.0,0.0,0.0,-1020.0,3190.0,yonden
2018,7,2018-07-01,16:00,3240.0,0.0,2700.0,810.0,－－－－－－－－－－,10.0,530.0,0.0,130.0,0.0,0.0,-940.0,3240.0,yonden
2018,7,2018-07-01,17:00,3340.0,0.0,2800.0,810.0,－－－－－－－－－－,20.0,310.0,0.0,130.0,0.0,0.0,-730.0,3340.0,yonden
2018,7,2018-07-01,18:00,3360.0,0.0,2960.0,810.0,－－－－－－－－－－,10.0,100.0,0.0,130.0,0.0,0.0,-650.0,3360.0,yonden
2018,7,2018-07-01,19:00,3290.0,0.0,2880.0,810.0,－－－－－－－－－－,20.0,0.0,0.0,130.0,0.0,0.0,-550.0,3290.0,yonden
2018,7,2018-07-01,20:00,3180.0,0.0,2840.0,810.0,－－－－－－－－－－,20.0,0.0,0.0,130.0,0.0,0.0,-620.0,3180.0,yonden
2018,7,2018-07-01,21:00,3000.0,0.0,2750.0,810.0,－－－－－－－－－－,10.0,0.0,0.0,130.0,0.0,0.0,-700.0,3000.0,yonden
2018,7,2018-07-01,22:00,2790.0,0.0,2550.0,810.0,－－－－－－－－－－,10.0,0.0,0.0,130.0,0.0,0.0,-710.0,2790.0,yonden
2018,7,2018-07-01,23:00,2650.0,0.0,2400.0,800.0,－－－－－－－－－－,10.0,0.0,0.0,140.0,0.0,0.0,-700.0,2650.0,yonden
2018,7,2018-07-02,00:00,2480.0,0.0,2190.0,770.0,－－－－－－－－－－,10.0,0.0,0.0,130.0,0.0,0.0,-620.0,2480.0,yonden
2018,7,2018-07-02,01:00,2430.0,0.0,2210.0,770.0,－－－－－－－－－－,20.0,0.0,0.0,130.0,0.0,0.0,-700.0,2430.0,yonden
2018,7,2018-07-02,02:00,2520.0,0.0,2310.0,800.0,－－－－－－－－－－,10.0,0.0,0.0,130.0,0.0,0.0,-730.0,2520.0,yonden
2018,7,2018-07-02,03:00,2690.0,0.0,2420.0,800.0,－－－－－－－－－－,10.0,0.0,0.0,120.0,0.0,0.0,-660.0,2690.0,yonden
2018,7,2018-07-02,04:00,2810.0,0.0,2560.0,800.0,－－－－－－－－－－,10.0,0.0,0.0,120.0,0.0,0.0,-680.0,2810.0,yonden
2018,7,2018-07-02,05:00,2850.0,0.0,2670.0,800.0,－－－－－－－－－－,20.0,50.0,0.0,120.0,0.0,0.0,-810.0,2850.0,yonden
2018,7,2018-07-02,06:00,2850.0,0.0,2660.0,770.0,－－－－－－－－－－,20.0,270.0,0.0,130.0,0.0,0.0,-1000.0,2850.0,yonden
2018,7,2018-07-02,07:00,2980.0,0.0,2440.0,790.0,－－－－－－－－－－,10.0,540.0,0.0,130.0,0.0,0.0,-930.0,2980.0,yonden
2018,7,2018-07-02,08:00,3520.0,0.0,2670.0,790.0,－－－－－－－－－－,10.0,760.0,0.0,130.0,0.0,0.0,-840.0,3520.0,yonden
2018,7,2018-07-02,09:00,3870.0,0.0,2940.0,810.0,－－－－－－－－－－,10.0,940.0,0.0,120.0,0.0,0.0,-950.0,3870.0,yonden
2018,7,2018-07-02,10:00,4030.0,0.0,3050.0,820.0,－－－－－－－－－－,10.0,1060.0,0.0,110.0,0.0,0.0,-1020.0,4030.0,yonden
2018,7,2018-07-02,11:00,4160.0,0.0,3140.0,790.0,－－－－－－－－－－,10.0,1090.0,0.0,110.0,0.0,0.0,-980.0,4160.0,yonden
2018,7,2018-07-02,12:00,4020.0,0.0,3290.0,780.0,－－－－－－－－－－,10.0,900.0,0.0,110.0,0.0,0.0,-1070.0,4020.0,yonden
2018,7,2018-07-02,13:00,4200.0,0.0,3110.0,730.0,－－－－－－－－－－,10.0,1180.0,0.0,100.0,0.0,0.0,-930.0,4200.0,yonden
2018,7,2018-07-02,14:00,4290.0,0.0,3230.0,730.0,－－－－－－－－－－,10.0,1060.0,0.0,100.0,0.0,0.0,-840.0,4290.0,yonden
2018,7,2018-07-02,15:00,4250.0,0.0,3300.0,810.0,－－－－－－－－－－,10.0,850.0,0.0,110.0,0.0,0.0,-830.0,4250.0,yonden
2018,7,2018-07-02,16:00,4240.0,0.0,3300.0,820.0,－－－－－－－－－－,10.0,610.0,0.0,130.0,0.0,0.0,-630.0,4240.0,yonden
2018,7,2018-07-02,17:00,4150.0,0.0,3310.0,820.0,－－－－－－－－－－,10.0,310.0,0.0,130.0,0.0,170.0,-600.0,4150.0,yonden
2018,7,2018-07-02,18:00,4010.0,0.0,3280.0,820.0,－－－－－－－－－－,10.0,100.0,0.0,120.0,0.0,200.0,-520.0,4010.0,yonden
2018,7,2018-07-02,19:00,3840.0,0.0,3300.0,800.0,－－－－－－－－－－,10.0,0.0,0.0,120.0,0.0,10.0,-400.0,3840.0,yonden
2018,7,2018-07-02,20:00,3630.0,0.0,3130.0,800.0,－－－－－－－－－－,10.0,0.0,0.0,130.0,0.0,0.0,-440.0,3630.0,yonden
2018,7,2018-07-02,21:00,3400.0,0.0,2910.0,800.0,－－－－－－－－－－,10.0,0.0,0.0,140.0,0.0,0.0,-460.0,3400.0,yonden
2018,7,2018-07-02,22:00,3140.0,0.0,2810.0,800.0,－－－－－－－－－－,10.0,0.0,0.0,150.0,0.0,0.0,-630.0,3140.0,yonden
2018,7,2018-07-02,23:00,2970.0,0.0,2830.0,790.0,－－－－－－－－－－,10.0,0.0,0.0,140.0,0.0,0.0,-800.0,2970.0,yonden
2018,7,2018-07-03,00:00,2750.0,0.0,2220.0,790.0,－－－－－－－－－－,10.0,0.0,0.0,140.0,0.0,0.0,-410.0,2750.0,yonden
2018,7,2018-07-03,01:00,2650.0,0.0,2110.0,800.0,－－－－－－－－－－,10.0,0.0,0.0,140.0,0.0,0.0,-410.0,2650.0,yonden
2018,7,2018-07-03,02:00,2710.0,0.0,2230.0,810.0,－－－－－－－－－－,10.0,0.0,0.0,140.0,0.0,0.0,-480.0,2710.0,yonden
2018,7,2018-07-03,03:00,2880.0,0.0,2290.0,810.0,－－－－－－－－－－,10.0,0.0,0.0,140.0,0.0,0.0,-370.0,2880.0,yonden
2018,7,2018-07-03,04:00,3030.0,0.0,2380.0,810.0,－－－－－－－－－－,10.0,0.0,0.0,140.0,0.0,0.0,-310.0,3030.0,yonden
2018,7,2018-07-03,05:00,3040.0,0.0,2440.0,800.0,－－－－－－－－－－,10.0,40.0,0.0,120.0,0.0,0.0,-370.0,3040.0,yonden
2018,7,2018-07-03,06:00,2960.0,0.0,2340.0,810.0,－－－－－－－－－－,10.0,100.0,0.0,100.0,0.0,0.0,-400.0,2960.0,yonden
2018,7,2018-07-03,07:00,3090.0,0.0,2500.0,790.0,－－－－－－－－－－,10.0,130.0,0.0,90.0,0.0,0.0,-430.0,3090.0,yonden
2018,7,2018-07-03,08:00,3560.0,0.0,2950.0,810.0,－－－－－－－－－－,10.0,170.0,0.0,90.0,0.0,0.0,-470.0,3560.0,yonden
2018,7,2018-07-03,09:00,3790.0,0.0,3030.0,830.0,－－－－－－－－－－,10.0,250.0,0.0,90.0,0.0,0.0,-420.0,3790.0,yonden
2018,7,2018-07-03,10:00,3840.0,0.0,2940.0,820.0,－－－－－－－－－－,10.0,320.0,0.0,90.0,0.0,0.0,-340.0,3840.0,yonden
2018,7,2018-07-03,11:00,3870.0,0.0,2920.0,800.0,－－－－－－－－－－,10.0,380.0,0.0,80.0,0.0,0.0,-320.0,3870.0,yonden
2018,7,2018-07-03,12:00,3670.0,0.0,2890.0,760.0,－－－－－－－－－－,10.0,440.0,0.0,60.0,0.0,0.0,-490.0,3670.0,yonden
2018,7,2018-07-03,13:00,3820.0,0.0,2830.0,770.0,－－－－－－－－－－,10.0,490.0,0.0,50.0,0.0,0.0,-330.0,3820.0,yonden
2018,7,2018-07-03,14:00,3860.0,0.0,2810.0,750.0,－－－－－－－－－－,10.0,490.0,0.0,40.0,0.0,0.0,-240.0,3860.0,yonden
2018,7,2018-07-03,15:00,3860.0,0.0,2970.0,730.0,－－－－－－－－－－,10.0,340.0,0.0,40.0,0.0,0.0,-230.0,3860.0,yonden
2018,7,2018-07-03,16:00,3870.0,0.0,3080.0,700.0,－－－－－－－－－－,10.0,230.0,0.0,40.0,0.0,0.0,-190.0,3870.0,yonden
2018,7,2018-07-03,17:00,3820.0,0.0,3120.0,710.0,－－－－－－－－－－,10.0,120.0,0.0,30.0,0.0,0.0,-170.0,3820.0,yonden
2018,7,2018-07-03,18:00,3720.0,0.0,3130.0,710.0,－－－－－－－－－－,10.0,30.0,0.0,30.0,0.0,0.0,-190.0,3720.0,yonden
2018,7,2018-07-03,19:00,3610.0,0.0,3110.0,710.0,－－－－－－－－－－,10.0,0.0,0.0,30.0,0.0,0.0,-250.0,3610.0,yonden
2018,7,2018-07-03,20:00,3430.0,0.0,3050.0,710.0,－－－－－－－－－－,10.0,0.0,0.0,40.0,0.0,0.0,-380.0,3430.0,yonden
2018,7,2018-07-03,21:00,3220.0,0.0,2830.0,710.0,－－－－－－－－－－,10.0,0.0,0.0,50.0,0.0,0.0,-380.0,3220.0,yonden
2018,7,2018-07-03,22:00,3010.0,0.0,2720.0,700.0,－－－－－－－－－－,10.0,0.0,0.0,40.0,0.0,0.0,-460.0,3010.0,yonden
2018,7,2018-07-03,23:00,2880.0,0.0,2520.0,700.0,－－－－－－－－－－,10.0,0.0,0.0,50.0,0.0,0.0,-400.0,2880.0,yonden
2018,7,2018-07-04,00:00,2710.0,0.0,2510.0,700.0,－－－－－－－－－－,10.0,0.0,0.0,40.0,0.0,0.0,-550.0,2710.0,yonden
2018,7,2018-07-04,01:00,2620.0,0.0,2520.0,690.0,－－－－－－－－－－,10.0,0.0,0.0,60.0,0.0,0.0,-660.0,2620.0,yonden
2018,7,2018-07-04,02:00,2690.0,0.0,2490.0,680.0,－－－－－－－－－－,10.0,0.0,0.0,70.0,0.0,0.0,-560.0,2690.0,yonden
2018,7,2018-07-04,03:00,2850.0,0.0,2530.0,670.0,－－－－－－－－－－,10.0,0.0,0.0,70.0,0.0,0.0,-430.0,2850.0,yonden
2018,7,2018-07-04,04:00,2970.0,0.0,2620.0,660.0,－－－－－－－－－－,10.0,0.0,0.0,70.0,0.0,0.0,-390.0,2970.0,yonden
2018,7,2018-07-04,05:00,3000.0,0.0,2630.0,650.0,－－－－－－－－－－,10.0,30.0,0.0,70.0,0.0,0.0,-390.0,3000.0,yonden
2018,7,2018-07-04,06:00,2960.0,0.0,2620.0,660.0,－－－－－－－－－－,10.0,90.0,0.0,60.0,0.0,0.0,-480.0,2960.0,yonden
2018,7,2018-07-04,07:00,3020.0,0.0,2640.0,660.0,－－－－－－－－－－,10.0,180.0,0.0,70.0,0.0,0.0,-540.0,3020.0,yonden
2018,7,2018-07-04,08:00,3490.0,0.0,2780.0,670.0,－－－－－－－－－－,10.0,370.0,0.0,70.0,0.0,0.0,-410.0,3490.0,yonden
2018,7,2018-07-04,09:00,3780.0,0.0,3050.0,660.0,－－－－－－－－－－,10.0,540.0,0.0,70.0,0.0,0.0,-550.0,3780.0,yonden
2018,7,2018-07-04,10:00,3910.0,0.0,3100.0,660.0,－－－－－－－－－－,10.0,720.0,0.0,80.0,0.0,0.0,-660.0,3910.0,yonden
2018,7,2018-07-04,11:00,4000.0,0.0,2970.0,670.0,－－－－－－－－－－,10.0,930.0,0.0,90.0,0.0,0.0,-670.0,4000.0,yonden
2018,7,2018-07-04,12:00,3870.0,0.0,2890.0,690.0,－－－－－－－－－－,10.0,960.0,0.0,100.0,0.0,0.0,-780.0,3870.0,yonden
2018,7,2018-07-04,13:00,4060.0,0.0,2970.0,690.0,－－－－－－－－－－,10.0,860.0,0.0,100.0,0.0,0.0,-570.0,4060.0,yonden
2018,7,2018-07-04,14:00,4040.0,0.0,2940.0,690.0,－－－－－－－－－－,10.0,860.0,0.0,100.0,0.0,0.0,-560.0,4040.0,yonden
2018,7,2018-07-04,15:00,4090.0,0.0,3070.0,700.0,－－－－－－－－－－,10.0,760.0,0.0,100.0,0.0,0.0,-550.0,4090.0,yonden
2018,7,2018-07-04,16:00,4180.0,0.0,3220.0,720.0,－－－－－－－－－－,10.0,560.0,0.0,100.0,0.0,130.0,-560.0,4180.0,yonden
2018,7,2018-07-04,17:00,4090.0,0.0,3310.0,710.0,－－－－－－－－－－,10.0,290.0,0.0,100.0,0.0,180.0,-510.0,4090.0,yonden
2018,7,2018-07-04,18:00,3930.0,0.0,3140.0,720.0,－－－－－－－－－－,10.0,80.0,0.0,100.0,0.0,180.0,-300.0,3930.0,yonden
2018,7,2018-07-04,19:00,3790.0,0.0,2980.0,730.0,－－－－－－－－－－,10.0,0.0,0.0,80.0,0.0,170.0,-180.0,3790.0,yonden
2018,7,2018-07-04,20:00,3600.0,0.0,3040.0,750.0,－－－－－－－－－－,10.0,0.0,0.0,80.0,0.0,20.0,-300.0,3600.0,yonden
2018,7,2018-07-04,21:00,3360.0,0.0,2950.0,750.0,－－－－－－－－－－,10.0,0.0,0.0,100.0,0.0,0.0,-450.0,3360.0,yonden
2018,7,2018-07-04,22:00,3110.0,0.0,2810.0,750.0,－－－－－－－－－－,10.0,0.0,0.0,100.0,0.0,0.0,-560.0,3110.0,yonden
2018,7,2018-07-04,23:00,2940.0,0.0,2640.0,750.0,－－－－－－－－－－,10.0,0.0,0.0,100.0,0.0,0.0,-560.0,2940.0,yonden
2018,7,2018-07-05,00:00,2720.0,0.0,2390.0,750.0,－－－－－－－－－－,10.0,0.0,0.0,90.0,0.0,0.0,-520.0,2720.0,yonden
2018,7,2018-07-05,01:00,2630.0,0.0,2420.0,750.0,－－－－－－－－－－,10.0,0.0,0.0,100.0,0.0,0.0,-650.0,2630.0,yonden
2018,7,2018-07-05,02:00,2680.0,0.0,2390.0,740.0,－－－－－－－－－－,10.0,0.0,0.0,100.0,0.0,0.0,-560.0,2680.0,yonden
2018,7,2018-07-05,03:00,2830.0,0.0,2450.0,740.0,－－－－－－－－－－,10.0,0.0,0.0,90.0,0.0,0.0,-460.0,2830.0,yonden
2018,7,2018-07-05,04:00,2940.0,0.0,2510.0,730.0,－－－－－－－－－－,10.0,0.0,0.0,90.0,0.0,0.0,-400.0,2940.0,yonden
2018,7,2018-07-05,05:00,2980.0,0.0,2520.0,720.0,－－－－－－－－－－,10.0,30.0,0.0,100.0,0.0,0.0,-400.0,2980.0,yonden
2018,7,2018-07-05,06:00,2950.0,0.0,2500.0,720.0,－－－－－－－－－－,10.0,80.0,0.0,100.0,0.0,0.0,-460.0,2950.0,yonden
2018,7,2018-07-05,07:00,3090.0,0.0,2660.0,720.0,－－－－－－－－－－,10.0,120.0,0.0,100.0,0.0,0.0,-520.0,3090.0,yonden
2018,7,2018-07-05,08:00,3610.0,0.0,3030.0,720.0,－－－－－－－－－－,10.0,150.0,0.0,110.0,0.0,0.0,-410.0,3610.0,yonden
2018,7,2018-07-05,09:00,3900.0,0.0,3350.0,720.0,－－－－－－－－－－,10.0,160.0,0.0,110.0,0.0,0.0,-450.0,3900.0,yonden
2018,7,2018-07-05,10:00,4000.0,0.0,3470.0,720.0,－－－－－－－－－－,10.0,180.0,0.0,110.0,0.0,0.0,-490.0,4000.0,yonden
2018,7,2018-07-05,11:00,4030.0,0.0,3520.0,700.0,－－－－－－－－－－,10.0,210.0,0.0,110.0,0.0,0.0,-520.0,4030.0,yonden
2018,7,2018-07-05,12:00,3740.0,0.0,3040.0,710.0,－－－－－－－－－－,10.0,210.0,0.0,110.0,0.0,0.0,-340.0,3740.0,yonden
2018,7,2018-07-05,13:00,3860.0,0.0,3180.0,710.0,－－－－－－－－－－,10.0,200.0,0.0,110.0,0.0,0.0,-350.0,3860.0,yonden
2018,7,2018-07-05,14:00,3860.0,0.0,3330.0,710.0,－－－－－－－－－－,10.0,170.0,0.0,100.0,0.0,0.0,-460.0,3860.0,yonden
2018,7,2018-07-05,15:00,3850.0,0.0,3370.0,700.0,－－－－－－－－－－,10.0,130.0,0.0,110.0,0.0,0.0,-470.0,3850.0,yonden
2018,7,2018-07-05,16:00,3840.0,0.0,3340.0,710.0,－－－－－－－－－－,10.0,90.0,0.0,100.0,0.0,0.0,-410.0,3840.0,yonden
2018,7,2018-07-05,17:00,3720.0,0.0,3090.0,700.0,－－－－－－－－－－,10.0,60.0,0.0,90.0,0.0,0.0,-230.0,3720.0,yonden
2018,7,2018-07-05,18:00,3650.0,0.0,2960.0,690.0,－－－－－－－－－－,10.0,20.0,0.0,80.0,0.0,0.0,-110.0,3650.0,yonden
2018,7,2018-07-05,19:00,3510.0,0.0,2940.0,690.0,－－－－－－－－－－,10.0,0.0,0.0,70.0,0.0,0.0,-200.0,3510.0,yonden
2018,7,2018-07-05,20:00,3330.0,0.0,2910.0,690.0,－－－－－－－－－－,10.0,0.0,0.0,70.0,0.0,0.0,-350.0,3330.0,yonden
2018,7,2018-07-05,21:00,3120.0,0.0,2880.0,690.0,－－－－－－－－－－,10.0,0.0,0.0,60.0,0.0,0.0,-520.0,3120.0,yonden
2018,7,2018-07-05,22:00,2920.0,0.0,2830.0,690.0,－－－－－－－－－－,10.0,0.0,0.0,50.0,0.0,0.0,-660.0,2920.0,yonden
2018,7,2018-07-05,23:00,2800.0,0.0,2690.0,690.0,－－－－－－－－－－,10.0,0.0,0.0,50.0,0.0,0.0,-640.0,2800.0,yonden
2018,7,2018-07-06,00:00,2620.0,0.0,2410.0,660.0,－－－－－－－－－－,10.0,0.0,0.0,60.0,0.0,0.0,-520.0,2620.0,yonden
2018,7,2018-07-06,01:00,2570.0,0.0,2470.0,650.0,－－－－－－－－－－,10.0,0.0,0.0,60.0,0.0,0.0,-620.0,2570.0,yonden
2018,7,2018-07-06,02:00,2670.0,0.0,2480.0,650.0,－－－－－－－－－－,10.0,0.0,0.0,60.0,0.0,0.0,-530.0,2670.0,yonden
2018,7,2018-07-06,03:00,2830.0,0.0,2530.0,650.0,－－－－－－－－－－,10.0,0.0,0.0,60.0,0.0,0.0,-420.0,2830.0,yonden
2018,7,2018-07-06,04:00,2930.0,0.0,2600.0,640.0,－－－－－－－－－－,10.0,0.0,0.0,70.0,0.0,0.0,-390.0,2930.0,yonden
2018,7,2018-07-06,05:00,2950.0,0.0,2590.0,630.0,－－－－－－－－－－,10.0,30.0,0.0,80.0,0.0,0.0,-390.0,2950.0,yonden
2018,7,2018-07-06,06:00,2890.0,0.0,2510.0,620.0,－－－－－－－－－－,10.0,40.0,0.0,90.0,0.0,0.0,-380.0,2890.0,yonden
2018,7,2018-07-06,07:00,3050.0,0.0,2600.0,620.0,－－－－－－－－－－,10.0,70.0,0.0,90.0,0.0,0.0,-340.0,3050.0,yonden
2018,7,2018-07-06,08:00,3510.0,0.0,2920.0,620.0,－－－－－－－－－－,10.0,100.0,0.0,100.0,0.0,0.0,-240.0,3510.0,yonden
2018,7,2018-07-06,09:00,3800.0,0.0,3180.0,590.0,－－－－－－－－－－,10.0,130.0,0.0,100.0,0.0,0.0,-210.0,3800.0,yonden
2018,7,2018-07-06,10:00,3860.0,0.0,3210.0,600.0,－－－－－－－－－－,10.0,170.0,0.0,90.0,0.0,0.0,-220.0,3860.0,yonden
2018,7,2018-07-06,11:00,3880.0,0.0,3230.0,580.0,－－－－－－－－－－,10.0,190.0,0.0,100.0,0.0,0.0,-230.0,3880.0,yonden
2018,7,2018-07-06,12:00,3670.0,0.0,2990.0,580.0,－－－－－－－－－－,10.0,190.0,0.0,110.0,0.0,0.0,-210.0,3670.0,yonden
2018,7,2018-07-06,13:00,3810.0,0.0,3200.0,580.0,－－－－－－－－－－,10.0,180.0,0.0,120.0,0.0,0.0,-280.0,3810.0,yonden
2018,7,2018-07-06,14:00,3780.0,0.0,3180.0,580.0,－－－－－－－－－－,10.0,160.0,0.0,120.0,0.0,0.0,-270.0,3780.0,yonden
2018,7,2018-07-06,15:00,3750.0,0.0,3080.0,580.0,－－－－－－－－－－,10.0,130.0,0.0,130.0,0.0,0.0,-180.0,3750.0,yonden
2018,7,2018-07-06,16:00,3720.0,0.0,3120.0,580.0,－－－－－－－－－－,10.0,90.0,0.0,130.0,0.0,0.0,-210.0,3720.0,yonden
2018,7,2018-07-06,17:00,3630.0,0.0,3070.0,570.0,－－－－－－－－－－,10.0,50.0,0.0,120.0,0.0,0.0,-190.0,3630.0,yonden
2018,7,2018-07-06,18:00,3530.0,0.0,3050.0,540.0,－－－－－－－－－－,10.0,20.0,0.0,120.0,0.0,0.0,-210.0,3530.0,yonden
2018,7,2018-07-06,19:00,3400.0,0.0,3000.0,540.0,－－－－－－－－－－,10.0,0.0,0.0,120.0,0.0,0.0,-270.0,3400.0,yonden
2018,7,2018-07-06,20:00,3250.0,0.0,2880.0,550.0,－－－－－－－－－－,10.0,0.0,0.0,90.0,0.0,0.0,-280.0,3250.0,yonden
2018,7,2018-07-06,21:00,3060.0,0.0,2830.0,550.0,－－－－－－－－－－,10.0,0.0,0.0,110.0,0.0,0.0,-440.0,3060.0,yonden
2018,7,2018-07-06,22:00,2890.0,0.0,2840.0,530.0,－－－－－－－－－－,10.0,0.0,0.0,120.0,0.0,0.0,-610.0,2890.0,yonden
2018,7,2018-07-06,23:00,2790.0,0.0,2760.0,530.0,－－－－－－－－－－,10.0,0.0,0.0,130.0,0.0,0.0,-640.0,2790.0,yonden
2018,7,2018-07-07,00:00,2620.0,0.0,2220.0,530.0,－－－－－－－－－－,10.0,0.0,0.0,130.0,0.0,0.0,-270.0,2620.0,yonden
2018,7,2018-07-07,01:00,2560.0,0.0,2150.0,530.0,－－－－－－－－－－,10.0,0.0,0.0,110.0,0.0,0.0,-240.0,2560.0,yonden
2018,7,2018-07-07,02:00,2630.0,0.0,2190.0,530.0,－－－－－－－－－－,10.0,0.0,0.0,100.0,0.0,0.0,-200.0,2630.0,yonden
2018,7,2018-07-07,03:00,2800.0,0.0,2300.0,530.0,－－－－－－－－－－,20.0,0.0,0.0,110.0,0.0,0.0,-160.0,2800.0,yonden
2018,7,2018-07-07,04:00,2910.0,0.0,2410.0,530.0,－－－－－－－－－－,10.0,0.0,0.0,110.0,0.0,0.0,-150.0,2910.0,yonden
2018,7,2018-07-07,05:00,2880.0,0.0,2370.0,530.0,－－－－－－－－－－,10.0,30.0,0.0,80.0,0.0,0.0,-140.0,2880.0,yonden
2018,7,2018-07-07,06:00,2670.0,0.0,2210.0,520.0,－－－－－－－－－－,10.0,50.0,0.0,70.0,0.0,0.0,-190.0,2670.0,yonden
2018,7,2018-07-07,07:00,2710.0,0.0,2280.0,520.0,－－－－－－－－－－,10.0,70.0,0.0,50.0,0.0,0.0,-220.0,2710.0,yonden
2018,7,2018-07-07,08:00,3060.0,0.0,2490.0,520.0,－－－－－－－－－－,10.0,100.0,0.0,40.0,0.0,0.0,-100.0,3060.0,yonden
2018,7,2018-07-07,09:00,3260.0,0.0,2620.0,500.0,－－－－－－－－－－,10.0,140.0,0.0,40.0,0.0,0.0,-50.0,3260.0,yonden
2018,7,2018-07-07,10:00,3280.0,0.0,2570.0,490.0,－－－－－－－－－－,10.0,200.0,0.0,50.0,0.0,0.0,-40.0,3280.0,yonden
2018,7,2018-07-07,11:00,3310.0,0.0,2570.0,490.0,－－－－－－－－－－,10.0,230.0,0.0,40.0,0.0,0.0,-30.0,3310.0,yonden
2018,7,2018-07-07,12:00,3160.0,0.0,2440.0,490.0,－－－－－－－－－－,10.0,240.0,0.0,40.0,0.0,0.0,-60.0,3160.0,yonden
2018,7,2018-07-07,13:00,3120.0,0.0,2360.0,490.0,－－－－－－－－－－,10.0,230.0,0.0,60.0,0.0,0.0,-30.0,3120.0,yonden
2018,7,2018-07-07,14:00,3080.0,0.0,2310.0,520.0,－－－－－－－－－－,10.0,200.0,0.0,70.0,0.0,0.0,-30.0,3080.0,yonden
2018,7,2018-07-07,15:00,2990.0,0.0,2180.0,550.0,－－－－－－－－－－,10.0,220.0,0.0,60.0,0.0,0.0,-30.0,2990.0,yonden
2018,7,2018-07-07,16:00,3060.0,0.0,2280.0,550.0,－－－－－－－－－－,10.0,150.0,0.0,40.0,0.0,0.0,30.0,3060.0,yonden
2018,7,2018-07-07,17:00,3000.0,0.0,2290.0,540.0,－－－－－－－－－－,10.0,80.0,0.0,50.0,0.0,0.0,30.0,3000.0,yonden
2018,7,2018-07-07,18:00,2980.0,0.0,2240.0,550.0,－－－－－－－－－－,10.0,40.0,0.0,60.0,0.0,0.0,80.0,2980.0,yonden
2018,7,2018-07-07,19:00,2980.0,0.0,2270.0,560.0,－－－－－－－－－－,10.0,0.0,0.0,70.0,0.0,0.0,70.0,2980.0,yonden
2018,7,2018-07-07,20:00,2870.0,0.0,2290.0,560.0,－－－－－－－－－－,20.0,0.0,0.0,60.0,0.0,0.0,-60.0,2870.0,yonden
2018,7,2018-07-07,21:00,2720.0,0.0,2210.0,560.0,－－－－－－－－－－,10.0,0.0,0.0,50.0,0.0,0.0,-110.0,2720.0,yonden
2018,7,2018-07-07,22:00,2560.0,0.0,2100.0,570.0,－－－－－－－－－－,10.0,0.0,0.0,60.0,0.0,0.0,-180.0,2560.0,yonden
2018,7,2018-07-07,23:00,2460.0,0.0,1980.0,570.0,－－－－－－－－－－,10.0,0.0,0.0,70.0,0.0,0.0,-170.0,2460.0,yonden
2018,7,2018-07-08,00:00,2340.0,0.0,1810.0,570.0,－－－－－－－－－－,10.0,0.0,0.0,70.0,0.0,0.0,-120.0,2340.0,yonden
2018,7,2018-07-08,01:00,2280.0,0.0,1800.0,570.0,－－－－－－－－－－,10.0,0.0,0.0,70.0,0.0,0.0,-170.0,2280.0,yonden
2018,7,2018-07-08,02:00,2370.0,0.0,1740.0,570.0,－－－－－－－－－－,10.0,0.0,0.0,80.0,0.0,0.0,-30.0,2370.0,yonden
2018,7,2018-07-08,03:00,2550.0,0.0,1880.0,570.0,－－－－－－－－－－,10.0,0.0,0.0,70.0,0.0,0.0,20.0,2550.0,yonden
2018,7,2018-07-08,04:00,2660.0,0.0,1980.0,580.0,－－－－－－－－－－,10.0,0.0,0.0,70.0,0.0,0.0,20.0,2660.0,yonden
2018,7,2018-07-08,05:00,2580.0,0.0,1870.0,570.0,－－－－－－－－－－,10.0,30.0,0.0,70.0,0.0,0.0,30.0,2580.0,yonden
2018,7,2018-07-08,06:00,2400.0,0.0,1940.0,570.0,－－－－－－－－－－,10.0,90.0,0.0,60.0,0.0,0.0,-270.0,2400.0,yonden
2018,7,2018-07-08,07:00,2360.0,0.0,1890.0,580.0,－－－－－－－－－－,10.0,160.0,0.0,80.0,0.0,0.0,-360.0,2360.0,yonden
2018,7,2018-07-08,08:00,2520.0,0.0,1960.0,570.0,－－－－－－－－－－,10.0,280.0,0.0,90.0,0.0,0.0,-390.0,2520.0,yonden
2018,7,2018-07-08,09:00,2640.0,0.0,2020.0,570.0,－－－－－－－－－－,10.0,380.0,0.0,100.0,0.0,0.0,-440.0,2640.0,yonden
2018,7,2018-07-08,10:00,2710.0,0.0,1930.0,600.0,－－－－－－－－－－,10.0,550.0,0.0,100.0,0.0,0.0,-480.0,2710.0,yonden
2018,7,2018-07-08,11:00,2760.0,0.0,2010.0,610.0,－－－－－－－－－－,10.0,630.0,0.0,110.0,0.0,0.0,-610.0,2760.0,yonden
2018,7,2018-07-08,12:00,2760.0,0.0,1920.0,620.0,－－－－－－－－－－,10.0,760.0,0.0,100.0,0.0,0.0,-650.0,2760.0,yonden
2018,7,2018-07-08,13:00,2700.0,0.0,1950.0,620.0,－－－－－－－－－－,10.0,690.0,0.0,90.0,0.0,0.0,-660.0,2700.0,yonden
2018,7,2018-07-08,14:00,2720.0,0.0,2030.0,650.0,－－－－－－－－－－,10.0,770.0,0.0,80.0,0.0,-250.0,-570.0,2720.0,yonden
2018,7,2018-07-08,15:00,2780.0,0.0,2180.0,670.0,－－－－－－－－－－,10.0,650.0,0.0,80.0,0.0,-300.0,-510.0,2780.0,yonden
2018,7,2018-07-08,16:00,2850.0,0.0,2540.0,680.0,－－－－－－－－－－,10.0,500.0,0.0,80.0,0.0,-300.0,-660.0,2850.0,yonden
2018,7,2018-07-08,17:00,2980.0,0.0,2840.0,690.0,－－－－－－－－－－,10.0,280.0,0.0,80.0,0.0,-300.0,-620.0,2980.0,yonden
2018,7,2018-07-08,18:00,3010.0,0.0,2910.0,690.0,－－－－－－－－－－,10.0,70.0,0.0,70.0,0.0,0.0,-740.0,3010.0,yonden
2018,7,2018-07-08,19:00,3040.0,0.0,2980.0,690.0,－－－－－－－－－－,10.0,0.0,0.0,80.0,0.0,0.0,-720.0,3040.0,yonden
2018,7,2018-07-08,20:00,2950.0,0.0,2940.0,690.0,－－－－－－－－－－,10.0,0.0,0.0,80.0,0.0,0.0,-770.0,2950.0,yonden
2018,7,2018-07-08,21:00,2780.0,0.0,2440.0,700.0,－－－－－－－－－－,10.0,0.0,0.0,70.0,0.0,0.0,-440.0,2780.0,yonden
2018,7,2018-07-08,22:00,2600.0,0.0,1970.0,690.0,－－－－－－－－－－,10.0,0.0,0.0,70.0,0.0,0.0,-140.0,2600.0,yonden
2018,7,2018-07-08,23:00,2490.0,0.0,1760.0,690.0,－－－－－－－－－－,10.0,0.0,0.0,80.0,0.0,0.0,-50.0,2490.0,yonden
2018,7,2018-07-09,00:00,2340.0,0.0,1970.0,690.0,－－－－－－－－－－,10.0,0.0,0.0,80.0,0.0,0.0,-410.0,2340.0,yonden
2018,7,2018-07-09,01:00,2300.0,0.0,1960.0,690.0,－－－－－－－－－－,10.0,0.0,0.0,60.0,0.0,0.0,-420.0,2300.0,yonden
2018,7,2018-07-09,02:00,2410.0,0.0,2050.0,690.0,－－－－－－－－－－,10.0,0.0,0.0,60.0,0.0,0.0,-400.0,2410.0,yonden
2018,7,2018-07-09,03:00,2590.0,0.0,2150.0,690.0,－－－－－－－－－－,10.0,0.0,0.0,50.0,0.0,0.0,-310.0,2590.0,yonden
2018,7,2018-07-09,04:00,2730.0,0.0,2350.0,690.0,－－－－－－－－－－,10.0,0.0,0.0,60.0,0.0,0.0,-380.0,2730.0,yonden
2018,7,2018-07-09,05:00,2740.0,0.0,2300.0,690.0,－－－－－－－－－－,10.0,50.0,0.0,60.0,0.0,0.0,-370.0,2740.0,yonden
2018,7,2018-07-09,06:00,2680.0,0.0,2240.0,690.0,－－－－－－－－－－,10.0,230.0,0.0,50.0,0.0,0.0,-540.0,2680.0,yonden
2018,7,2018-07-09,07:00,2780.0,0.0,2270.0,680.0,－－－－－－－－－－,10.0,500.0,0.0,40.0,0.0,0.0,-720.0,2780.0,yonden
2018,7,2018-07-09,08:00,3300.0,0.0,2240.0,670.0,－－－－－－－－－－,10.0,850.0,0.0,20.0,0.0,0.0,-490.0,3300.0,yonden
2018,7,2018-07-09,09:00,3660.0,0.0,2220.0,700.0,－－－－－－－－－－,10.0,1160.0,0.0,20.0,0.0,0.0,-450.0,3660.0,yonden
2018,7,2018-07-09,10:00,3820.0,0.0,2170.0,700.0,－－－－－－－－－－,10.0,1360.0,0.0,30.0,0.0,0.0,-450.0,3820.0,yonden
2018,7,2018-07-09,11:00,3930.0,0.0,2130.0,680.0,－－－－－－－－－－,10.0,1440.0,0.0,40.0,0.0,0.0,-370.0,3930.0,yonden
2018,7,2018-07-09,12:00,3850.0,0.0,2170.0,720.0,－－－－－－－－－－,10.0,1370.0,0.0,60.0,0.0,0.0,-480.0,3850.0,yonden
2018,7,2018-07-09,13:00,4110.0,0.0,2330.0,730.0,－－－－－－－－－－,10.0,1180.0,0.0,60.0,0.0,0.0,-200.0,4110.0,yonden
2018,7,2018-07-09,14:00,4070.0,0.0,2410.0,730.0,－－－－－－－－－－,10.0,950.0,0.0,50.0,0.0,0.0,-80.0,4070.0,yonden
2018,7,2018-07-09,15:00,4010.0,0.0,2470.0,740.0,－－－－－－－－－－,10.0,820.0,0.0,40.0,0.0,0.0,-70.0,4010.0,yonden
2018,7,2018-07-09,16:00,4090.0,0.0,2730.0,760.0,－－－－－－－－－－,10.0,630.0,0.0,40.0,0.0,0.0,-80.0,4090.0,yonden
2018,7,2018-07-09,17:00,4060.0,0.0,2840.0,760.0,－－－－－－－－－－,10.0,400.0,0.0,40.0,0.0,0.0,10.0,4060.0,yonden
2018,7,2018-07-09,18:00,3940.0,0.0,3040.0,770.0,－－－－－－－－－－,10.0,110.0,0.0,40.0,0.0,0.0,-30.0,3940.0,yonden
2018,7,2018-07-09,19:00,3780.0,0.0,3080.0,770.0,－－－－－－－－－－,10.0,0.0,0.0,50.0,0.0,0.0,-130.0,3780.0,yonden
2018,7,2018-07-09,20:00,3590.0,0.0,3030.0,770.0,－－－－－－－－－－,10.0,0.0,0.0,60.0,0.0,0.0,-280.0,3590.0,yonden
2018,7,2018-07-09,21:00,3330.0,0.0,2820.0,770.0,－－－－－－－－－－,10.0,0.0,0.0,60.0,0.0,0.0,-330.0,3330.0,yonden
2018,7,2018-07-09,22:00,3070.0,0.0,2660.0,780.0,－－－－－－－－－－,10.0,0.0,0.0,50.0,0.0,0.0,-430.0,3070.0,yonden
2018,7,2018-07-09,23:00,2880.0,0.0,2490.0,780.0,－－－－－－－－－－,10.0,0.0,0.0,50.0,0.0,0.0,-450.0,2880.0,yonden
2018,7,2018-07-10,00:00,2670.0,0.0,2580.0,780.0,－－－－－－－－－－,10.0,0.0,0.0,50.0,0.0,0.0,-750.0,2670.0,yonden
2018,7,2018-07-10,01:00,2580.0,0.0,2570.0,780.0,－－－－－－－－－－,10.0,0.0,0.0,50.0,0.0,0.0,-830.0,2580.0,yonden
2018,7,2018-07-10,02:00,2620.0,0.0,2500.0,790.0,－－－－－－－－－－,10.0,0.0,0.0,40.0,0.0,0.0,-720.0,2620.0,yonden
2018,7,2018-07-10,03:00,2770.0,0.0,2510.0,780.0,－－－－－－－－－－,10.0,0.0,0.0,40.0,0.0,0.0,-570.0,2770.0,yonden
2018,7,2018-07-10,04:00,2890.0,0.0,2490.0,780.0,－－－－－－－－－－,10.0,0.0,0.0,50.0,0.0,0.0,-440.0,2890.0,yonden
2018,7,2018-07-10,05:00,2890.0,0.0,2500.0,770.0,－－－－－－－－－－,10.0,50.0,0.0,50.0,0.0,0.0,-490.0,2890.0,yonden
2018,7,2018-07-10,06:00,2870.0,0.0,2540.0,780.0,－－－－－－－－－－,10.0,270.0,0.0,40.0,0.0,0.0,-770.0,2870.0,yonden
2018,7,2018-07-10,07:00,2990.0,0.0,2620.0,780.0,－－－－－－－－－－,10.0,560.0,0.0,40.0,0.0,0.0,-1020.0,2990.0,yonden
2018,7,2018-07-10,08:00,3520.0,0.0,2810.0,780.0,－－－－－－－－－－,10.0,880.0,0.0,50.0,0.0,0.0,-1010.0,3520.0,yonden
2018,7,2018-07-10,09:00,3850.0,0.0,2930.0,790.0,－－－－－－－－－－,10.0,1150.0,0.0,50.0,0.0,0.0,-1080.0,3850.0,yonden
2018,7,2018-07-10,10:00,3980.0,0.0,2820.0,780.0,－－－－－－－－－－,10.0,1300.0,0.0,60.0,0.0,0.0,-990.0,3980.0,yonden
2018,7,2018-07-10,11:00,4070.0,0.0,2800.0,780.0,－－－－－－－－－－,20.0,1380.0,0.0,60.0,0.0,0.0,-970.0,4070.0,yonden
2018,7,2018-07-10,12:00,3990.0,0.0,2790.0,780.0,－－－－－－－－－－,10.0,1400.0,0.0,50.0,0.0,0.0,-1040.0,3990.0,yonden
2018,7,2018-07-10,13:00,4200.0,0.0,2840.0,780.0,－－－－－－－－－－,10.0,1320.0,0.0,40.0,0.0,0.0,-790.0,4200.0,yonden
2018,7,2018-07-10,14:00,4270.0,0.0,2890.0,790.0,－－－－－－－－－－,10.0,1210.0,0.0,40.0,0.0,0.0,-670.0,4270.0,yonden
2018,7,2018-07-10,15:00,4290.0,0.0,2960.0,790.0,－－－－－－－－－－,10.0,1040.0,0.0,30.0,0.0,0.0,-540.0,4290.0,yonden
2018,7,2018-07-10,16:00,4370.0,0.0,3300.0,800.0,－－－－－－－－－－,10.0,770.0,0.0,30.0,0.0,0.0,-540.0,4370.0,yonden
2018,7,2018-07-10,17:00,4280.0,0.0,3530.0,800.0,－－－－－－－－－－,10.0,420.0,0.0,30.0,0.0,0.0,-510.0,4280.0,yonden
2018,7,2018-07-10,18:00,4130.0,0.0,3540.0,800.0,－－－－－－－－－－,10.0,120.0,0.0,40.0,0.0,0.0,-380.0,4130.0,yonden
2018,7,2018-07-10,19:00,3950.0,0.0,3420.0,800.0,－－－－－－－－－－,10.0,0.0,0.0,50.0,0.0,0.0,-330.0,3950.0,yonden
2018,7,2018-07-10,20:00,3740.0,0.0,3210.0,810.0,－－－－－－－－－－,10.0,0.0,0.0,40.0,0.0,0.0,-330.0,3740.0,yonden
2018,7,2018-07-10,21:00,3470.0,0.0,2960.0,810.0,－－－－－－－－－－,10.0,0.0,0.0,50.0,0.0,0.0,-360.0,3470.0,yonden
2018,7,2018-07-10,22:00,3180.0,0.0,2840.0,810.0,－－－－－－－－－－,10.0,0.0,0.0,40.0,0.0,0.0,-520.0,3180.0,yonden
2018,7,2018-07-10,23:00,2970.0,0.0,2730.0,800.0,－－－－－－－－－－,10.0,0.0,0.0,40.0,0.0,0.0,-610.0,2970.0,yonden
2018,7,2018-07-11,00:00,2730.0,0.0,2570.0,810.0,－－－－－－－－－－,10.0,0.0,0.0,20.0,0.0,0.0,-680.0,2730.0,yonden
2018,7,2018-07-11,01:00,2610.0,0.0,2530.0,810.0,－－－－－－－－－－,10.0,0.0,0.0,20.0,0.0,0.0,-760.0,2610.0,yonden
2018,7,2018-07-11,02:00,2660.0,0.0,2540.0,800.0,－－－－－－－－－－,10.0,0.0,0.0,10.0,0.0,0.0,-700.0,2660.0,yonden
2018,7,2018-07-11,03:00,2790.0,0.0,2510.0,800.0,－－－－－－－－－－,10.0,0.0,0.0,20.0,0.0,0.0,-550.0,2790.0,yonden
2018,7,2018-07-11,04:00,2900.0,0.0,2540.0,810.0,－－－－－－－－－－,10.0,0.0,0.0,10.0,0.0,0.0,-470.0,2900.0,yonden
2018,7,2018-07-11,05:00,2900.0,0.0,2530.0,800.0,－－－－－－－－－－,10.0,50.0,0.0,0.0,0.0,0.0,-490.0,2900.0,yonden
2018,7,2018-07-11,06:00,2910.0,0.0,2530.0,800.0,－－－－－－－－－－,10.0,280.0,0.0,0.0,0.0,0.0,-710.0,2910.0,yonden
2018,7,2018-07-11,07:00,3030.0,0.0,2510.0,800.0,－－－－－－－－－－,10.0,580.0,0.0,0.0,0.0,0.0,-870.0,3030.0,yonden
2018,7,2018-07-11,08:00,3570.0,0.0,2670.0,810.0,－－－－－－－－－－,10.0,870.0,0.0,0.0,0.0,0.0,-790.0,3570.0,yonden
2018,7,2018-07-11,09:00,3860.0,0.0,2730.0,800.0,－－－－－－－－－－,10.0,1110.0,0.0,0.0,0.0,0.0,-790.0,3860.0,yonden
2018,7,2018-07-11,10:00,3960.0,0.0,2820.0,810.0,－－－－－－－－－－,10.0,1260.0,0.0,0.0,0.0,0.0,-940.0,3960.0,yonden
2018,7,2018-07-11,11:00,4120.0,0.0,2900.0,800.0,－－－－－－－－－－,10.0,1330.0,0.0,0.0,0.0,0.0,-920.0,4120.0,yonden
2018,7,2018-07-11,12:00,4030.0,0.0,2970.0,800.0,－－－－－－－－－－,10.0,1240.0,0.0,0.0,0.0,0.0,-990.0,4030.0,yonden
2018,7,2018-07-11,13:00,4270.0,0.0,3160.0,800.0,－－－－－－－－－－,10.0,1070.0,0.0,0.0,0.0,0.0,-770.0,4270.0,yonden
2018,7,2018-07-11,14:00,4250.0,0.0,3280.0,810.0,－－－－－－－－－－,10.0,790.0,0.0,0.0,0.0,0.0,-640.0,4250.0,yonden
2018,7,2018-07-11,15:00,4200.0,0.0,3270.0,800.0,－－－－－－－－－－,10.0,660.0,0.0,10.0,0.0,0.0,-550.0,4200.0,yonden
2018,7,2018-07-11,16:00,4260.0,0.0,3430.0,810.0,－－－－－－－－－－,10.0,450.0,0.0,0.0,0.0,0.0,-440.0,4260.0,yonden
2018,7,2018-07-11,17:00,4060.0,0.0,3470.0,820.0,－－－－－－－－－－,10.0,200.0,0.0,0.0,0.0,0.0,-440.0,4060.0,yonden
2018,7,2018-07-11,18:00,4030.0,0.0,3530.0,820.0,－－－－－－－－－－,10.0,60.0,0.0,0.0,0.0,0.0,-390.0,4030.0,yonden
2018,7,2018-07-11,19:00,3950.0,0.0,3540.0,820.0,－－－－－－－－－－,10.0,0.0,0.0,10.0,0.0,0.0,-430.0,3950.0,yonden
2018,7,2018-07-11,20:00,3750.0,0.0,3300.0,820.0,－－－－－－－－－－,10.0,0.0,0.0,0.0,0.0,0.0,-380.0,3750.0,yonden
2018,7,2018-07-11,21:00,3480.0,0.0,3030.0,820.0,－－－－－－－－－－,10.0,0.0,0.0,0.0,0.0,0.0,-380.0,3480.0,yonden
2018,7,2018-07-11,22:00,3200.0,0.0,2930.0,810.0,－－－－－－－－－－,10.0,0.0,0.0,0.0,0.0,0.0,-550.0,3200.0,yonden
2018,7,2018-07-11,23:00,2990.0,0.0,2800.0,820.0,－－－－－－－－－－,10.0,0.0,0.0,0.0,0.0,0.0,-640.0,2990.0,yonden
2018,7,2018-07-12,00:00,2760.0,0.0,2650.0,810.0,－－－－－－－－－－,20.0,0.0,0.0,0.0,0.0,-300.0,-420.0,2760.0,yonden
2018,7,2018-07-12,01:00,2640.0,0.0,2560.0,790.0,－－－－－－－－－－,10.0,0.0,0.0,10.0,0.0,-300.0,-430.0,2640.0,yonden
2018,7,2018-07-12,02:00,2690.0,0.0,2590.0,810.0,－－－－－－－－－－,10.0,0.0,0.0,10.0,0.0,-300.0,-430.0,2690.0,yonden
2018,7,2018-07-12,03:00,2830.0,0.0,2540.0,800.0,－－－－－－－－－－,10.0,0.0,0.0,10.0,0.0,0.0,-530.0,2830.0,yonden
2018,7,2018-07-12,04:00,2930.0,0.0,2570.0,810.0,－－－－－－－－－－,20.0,0.0,0.0,0.0,0.0,0.0,-470.0,2930.0,yonden
2018,7,2018-07-12,05:00,2950.0,0.0,2570.0,800.0,－－－－－－－－－－,10.0,30.0,0.0,0.0,0.0,0.0,-460.0,2950.0,yonden
2018,7,2018-07-12,06:00,2920.0,0.0,2540.0,780.0,－－－－－－－－－－,10.0,160.0,0.0,0.0,0.0,0.0,-570.0,2920.0,yonden
2018,7,2018-07-12,07:00,3060.0,0.0,2620.0,790.0,－－－－－－－－－－,20.0,340.0,0.0,0.0,0.0,0.0,-710.0,3060.0,yonden
2018,7,2018-07-12,08:00,3610.0,0.0,2690.0,800.0,－－－－－－－－－－,10.0,600.0,0.0,0.0,0.0,0.0,-490.0,3610.0,yonden
2018,7,2018-07-12,09:00,3920.0,0.0,2790.0,820.0,－－－－－－－－－－,20.0,910.0,0.0,0.0,0.0,0.0,-620.0,3920.0,yonden
2018,7,2018-07-12,10:00,4060.0,0.0,3050.0,820.0,－－－－－－－－－－,10.0,1010.0,0.0,0.0,0.0,0.0,-830.0,4060.0,yonden
2018,7,2018-07-12,11:00,4210.0,0.0,3180.0,820.0,－－－－－－－－－－,20.0,1000.0,0.0,0.0,0.0,0.0,-810.0,4210.0,yonden
2018,7,2018-07-12,12:00,4000.0,0.0,3160.0,790.0,－－－－－－－－－－,10.0,950.0,0.0,0.0,0.0,0.0,-910.0,4000.0,yonden
2018,7,2018-07-12,13:00,4220.0,0.0,3050.0,820.0,－－－－－－－－－－,10.0,990.0,0.0,0.0,0.0,0.0,-650.0,4220.0,yonden
2018,7,2018-07-12,14:00,4320.0,0.0,3230.0,820.0,－－－－－－－－－－,10.0,810.0,0.0,10.0,0.0,0.0,-560.0,4320.0,yonden
2018,7,2018-07-12,15:00,4310.0,0.0,3300.0,820.0,－－－－－－－－－－,10.0,610.0,0.0,10.0,0.0,0.0,-440.0,4310.0,yonden
2018,7,2018-07-12,16:00,4330.0,0.0,3440.0,820.0,－－－－－－－－－－,10.0,320.0,0.0,0.0,0.0,0.0,-260.0,4330.0,yonden
2018,7,2018-07-12,17:00,4230.0,0.0,3430.0,820.0,－－－－－－－－－－,10.0,140.0,0.0,0.0,0.0,0.0,-170.0,4230.0,yonden
2018,7,2018-07-12,18:00,4160.0,0.0,3450.0,820.0,－－－－－－－－－－,10.0,60.0,0.0,0.0,0.0,0.0,-180.0,4160.0,yonden
2018,7,2018-07-12,19:00,4030.0,0.0,3460.0,820.0,－－－－－－－－－－,10.0,0.0,0.0,10.0,0.0,0.0,-270.0,4030.0,yonden
2018,7,2018-07-12,20:00,3800.0,0.0,3300.0,820.0,－－－－－－－－－－,10.0,0.0,0.0,0.0,0.0,0.0,-330.0,3800.0,yonden
2018,7,2018-07-12,21:00,3530.0,0.0,3060.0,820.0,－－－－－－－－－－,10.0,0.0,0.0,0.0,0.0,0.0,-360.0,3530.0,yonden
2018,7,2018-07-12,22:00,3240.0,0.0,2990.0,810.0,－－－－－－－－－－,10.0,0.0,0.0,0.0,0.0,0.0,-570.0,3240.0,yonden
2018,7,2018-07-12,23:00,3020.0,0.0,2820.0,790.0,－－－－－－－－－－,10.0,0.0,0.0,0.0,0.0,0.0,-600.0,3020.0,yonden
2018,7,2018-07-13,00:00,2780.0,0.0,2500.0,810.0,－－－－－－－－－－,10.0,0.0,0.0,0.0,0.0,0.0,-540.0,2780.0,yonden
2018,7,2018-07-13,01:00,2660.0,0.0,2470.0,780.0,－－－－－－－－－－,10.0,0.0,0.0,0.0,0.0,0.0,-600.0,2660.0,yonden
2018,7,2018-07-13,02:00,2690.0,0.0,2460.0,790.0,－－－－－－－－－－,10.0,0.0,0.0,0.0,0.0,0.0,-570.0,2690.0,yonden
2018,7,2018-07-13,03:00,2830.0,0.0,2540.0,810.0,－－－－－－－－－－,10.0,0.0,0.0,0.0,0.0,0.0,-530.0,2830.0,yonden
2018,7,2018-07-13,04:00,2930.0,0.0,2500.0,810.0,－－－－－－－－－－,10.0,0.0,0.0,10.0,0.0,0.0,-400.0,2930.0,yonden
2018,7,2018-07-13,05:00,2960.0,0.0,2550.0,800.0,－－－－－－－－－－,10.0,50.0,0.0,20.0,0.0,0.0,-470.0,2960.0,yonden
2018,7,2018-07-13,06:00,2960.0,0.0,2560.0,780.0,－－－－－－－－－－,10.0,260.0,0.0,30.0,0.0,0.0,-680.0,2960.0,yonden
2018,7,2018-07-13,07:00,3120.0,0.0,2600.0,790.0,－－－－－－－－－－,10.0,570.0,0.0,30.0,0.0,0.0,-880.0,3120.0,yonden
2018,7,2018-07-13,08:00,3710.0,0.0,2740.0,800.0,－－－－－－－－－－,10.0,930.0,0.0,30.0,0.0,0.0,-800.0,3710.0,yonden
2018,7,2018-07-13,09:00,4090.0,0.0,2970.0,820.0,－－－－－－－－－－,10.0,1210.0,0.0,20.0,0.0,0.0,-940.0,4090.0,yonden
2018,7,2018-07-13,10:00,4280.0,0.0,3100.0,820.0,－－－－－－－－－－,10.0,1410.0,0.0,20.0,0.0,0.0,-1080.0,4280.0,yonden
2018,7,2018-07-13,11:00,4420.0,0.0,3130.0,780.0,－－－－－－－－－－,10.0,1500.0,0.0,30.0,0.0,0.0,-1030.0,4420.0,yonden
2018,7,2018-07-13,12:00,4320.0,0.0,3010.0,730.0,－－－－－－－－－－,10.0,1510.0,0.0,40.0,0.0,0.0,-980.0,4320.0,yonden
2018,7,2018-07-13,13:00,4560.0,0.0,3150.0,760.0,－－－－－－－－－－,10.0,1450.0,0.0,40.0,0.0,0.0,-850.0,4560.0,yonden
2018,7,2018-07-13,14:00,4620.0,0.0,3350.0,800.0,－－－－－－－－－－,10.0,1300.0,0.0,30.0,0.0,0.0,-870.0,4620.0,yonden
2018,7,2018-07-13,15:00,4600.0,0.0,3510.0,810.0,－－－－－－－－－－,10.0,1020.0,0.0,20.0,0.0,0.0,-770.0,4600.0,yonden
2018,7,2018-07-13,16:00,4590.0,0.0,3640.0,810.0,－－－－－－－－－－,10.0,700.0,0.0,10.0,0.0,0.0,-580.0,4590.0,yonden
2018,7,2018-07-13,17:00,4510.0,0.0,3780.0,820.0,－－－－－－－－－－,10.0,370.0,0.0,10.0,0.0,0.0,-480.0,4510.0,yonden
2018,7,2018-07-13,18:00,4330.0,0.0,3810.0,820.0,－－－－－－－－－－,10.0,100.0,0.0,10.0,0.0,40.0,-460.0,4330.0,yonden
2018,7,2018-07-13,19:00,4180.0,0.0,3780.0,800.0,－－－－－－－－－－,10.0,0.0,0.0,10.0,0.0,150.0,-570.0,4180.0,yonden
2018,7,2018-07-13,20:00,3940.0,0.0,3620.0,750.0,－－－－－－－－－－,10.0,0.0,0.0,0.0,0.0,0.0,-440.0,3940.0,yonden
2018,7,2018-07-13,21:00,3650.0,0.0,3250.0,760.0,－－－－－－－－－－,10.0,0.0,0.0,0.0,0.0,0.0,-370.0,3650.0,yonden
2018,7,2018-07-13,22:00,3350.0,0.0,3130.0,760.0,－－－－－－－－－－,10.0,0.0,0.0,0.0,0.0,0.0,-550.0,3350.0,yonden
2018,7,2018-07-13,23:00,3120.0,0.0,2960.0,740.0,－－－－－－－－－－,10.0,0.0,0.0,0.0,0.0,0.0,-590.0,3120.0,yonden
2018,7,2018-07-14,00:00,2860.0,0.0,2750.0,760.0,－－－－－－－－－－,20.0,0.0,0.0,0.0,0.0,0.0,-670.0,2860.0,yonden
2018,7,2018-07-14,01:00,2710.0,0.0,2720.0,760.0,－－－－－－－－－－,20.0,0.0,0.0,10.0,0.0,0.0,-800.0,2710.0,yonden
2018,7,2018-07-14,02:00,2720.0,0.0,2700.0,790.0,－－－－－－－－－－,20.0,0.0,0.0,10.0,0.0,0.0,-800.0,2720.0,yonden
2018,7,2018-07-14,03:00,2810.0,0.0,2690.0,800.0,－－－－－－－－－－,10.0,0.0,0.0,10.0,0.0,0.0,-700.0,2810.0,yonden
2018,7,2018-07-14,04:00,2880.0,0.0,2720.0,800.0,－－－－－－－－－－,10.0,0.0,0.0,10.0,0.0,0.0,-660.0,2880.0,yonden
2018,7,2018-07-14,05:00,2890.0,0.0,2650.0,800.0,－－－－－－－－－－,20.0,50.0,0.0,10.0,0.0,0.0,-640.0,2890.0,yonden
2018,7,2018-07-14,06:00,2820.0,0.0,2450.0,740.0,－－－－－－－－－－,20.0,280.0,0.0,10.0,0.0,0.0,-680.0,2820.0,yonden
2018,7,2018-07-14,07:00,2880.0,0.0,2390.0,750.0,－－－－－－－－－－,20.0,600.0,0.0,10.0,0.0,0.0,-890.0,2880.0,yonden
2018,7,2018-07-14,08:00,3260.0,0.0,2490.0,750.0,－－－－－－－－－－,10.0,920.0,0.0,10.0,0.0,0.0,-920.0,3260.0,yonden
2018,7,2018-07-14,09:00,3570.0,0.0,2580.0,750.0,－－－－－－－－－－,10.0,1170.0,0.0,10.0,0.0,0.0,-950.0,3570.0,yonden
2018,7,2018-07-14,10:00,3730.0,0.0,2550.0,740.0,－－－－－－－－－－,10.0,1360.0,0.0,10.0,0.0,0.0,-940.0,3730.0,yonden
2018,7,2018-07-14,11:00,3860.0,0.0,2600.0,720.0,－－－－－－－－－－,20.0,1440.0,0.0,10.0,0.0,0.0,-930.0,3860.0,yonden
2018,7,2018-07-14,12:00,3880.0,0.0,2690.0,730.0,－－－－－－－－－－,10.0,1470.0,0.0,0.0,0.0,0.0,-1020.0,3880.0,yonden
2018,7,2018-07-14,13:00,4000.0,0.0,2640.0,760.0,－－－－－－－－－－,10.0,1420.0,0.0,0.0,0.0,0.0,-830.0,4000.0,yonden
2018,7,2018-07-14,14:00,4040.0,0.0,2620.0,790.0,－－－－－－－－－－,10.0,1290.0,0.0,0.0,0.0,0.0,-670.0,4040.0,yonden
2018,7,2018-07-14,15:00,4100.0,0.0,2840.0,800.0,－－－－－－－－－－,20.0,1080.0,0.0,0.0,0.0,0.0,-640.0,4100.0,yonden
2018,7,2018-07-14,16:00,4190.0,0.0,3130.0,800.0,－－－－－－－－－－,10.0,780.0,0.0,0.0,0.0,50.0,-580.0,4190.0,yonden
2018,7,2018-07-14,17:00,4180.0,0.0,3240.0,800.0,－－－－－－－－－－,10.0,440.0,0.0,0.0,0.0,220.0,-530.0,4180.0,yonden
2018,7,2018-07-14,18:00,4070.0,0.0,3370.0,810.0,－－－－－－－－－－,20.0,130.0,0.0,0.0,0.0,230.0,-490.0,4070.0,yonden
2018,7,2018-07-14,19:00,3930.0,0.0,3370.0,790.0,－－－－－－－－－－,20.0,0.0,0.0,0.0,0.0,210.0,-460.0,3930.0,yonden
2018,7,2018-07-14,20:00,3750.0,0.0,3350.0,780.0,－－－－－－－－－－,20.0,0.0,0.0,0.0,0.0,100.0,-500.0,3750.0,yonden
2018,7,2018-07-14,21:00,3500.0,0.0,3240.0,780.0,－－－－－－－－－－,10.0,0.0,0.0,0.0,0.0,0.0,-530.0,3500.0,yonden
2018,7,2018-07-14,22:00,3220.0,0.0,3040.0,790.0,－－－－－－－－－－,10.0,0.0,0.0,0.0,0.0,0.0,-620.0,3220.0,yonden
2018,7,2018-07-14,23:00,3020.0,0.0,2800.0,790.0,－－－－－－－－－－,20.0,0.0,0.0,0.0,0.0,0.0,-590.0,3020.0,yonden
2018,7,2018-07-15,00:00,2770.0,0.0,2610.0,730.0,－－－－－－－－－－,20.0,0.0,0.0,0.0,0.0,0.0,-590.0,2770.0,yonden
2018,7,2018-07-15,01:00,2610.0,0.0,2570.0,740.0,－－－－－－－－－－,20.0,0.0,0.0,0.0,0.0,0.0,-720.0,2610.0,yonden
2018,7,2018-07-15,02:00,2630.0,0.0,2540.0,740.0,－－－－－－－－－－,20.0,0.0,0.0,0.0,0.0,0.0,-670.0,2630.0,yonden
2018,7,2018-07-15,03:00,2710.0,0.0,2520.0,750.0,－－－－－－－－－－,20.0,0.0,0.0,0.0,0.0,0.0,-580.0,2710.0,yonden
2018,7,2018-07-15,04:00,2800.0,0.0,2510.0,760.0,－－－－－－－－－－,20.0,0.0,0.0,0.0,0.0,0.0,-490.0,2800.0,yonden
2018,7,2018-07-15,05:00,2790.0,0.0,2460.0,760.0,－－－－－－－－－－,20.0,40.0,0.0,0.0,0.0,0.0,-490.0,2790.0,yonden
2018,7,2018-07-15,06:00,2700.0,0.0,2420.0,740.0,－－－－－－－－－－,10.0,290.0,0.0,0.0,0.0,0.0,-760.0,2700.0,yonden
2018,7,2018-07-15,07:00,2680.0,0.0,2360.0,710.0,－－－－－－－－－－,10.0,610.0,0.0,0.0,0.0,0.0,-1010.0,2680.0,yonden
2018,7,2018-07-15,08:00,2950.0,0.0,2380.0,670.0,－－－－－－－－－－,10.0,930.0,0.0,0.0,0.0,0.0,-1040.0,2950.0,yonden
2018,7,2018-07-15,09:00,3230.0,0.0,2430.0,710.0,－－－－－－－－－－,20.0,1210.0,0.0,0.0,0.0,0.0,-1140.0,3230.0,yonden
2018,7,2018-07-15,10:00,3360.0,0.0,2490.0,710.0,－－－－－－－－－－,20.0,1390.0,0.0,0.0,0.0,0.0,-1250.0,3360.0,yonden
2018,7,2018-07-15,11:00,3480.0,0.0,2530.0,730.0,－－－－－－－－－－,20.0,1470.0,0.0,0.0,0.0,0.0,-1270.0,3480.0,yonden
2018,7,2018-07-15,12:00,3620.0,0.0,2660.0,740.0,－－－－－－－－－－,20.0,1510.0,0.0,0.0,0.0,0.0,-1310.0,3620.0,yonden
2018,7,2018-07-15,13:00,3670.0,0.0,2660.0,750.0,－－－－－－－－－－,20.0,1450.0,0.0,0.0,0.0,0.0,-1210.0,3670.0,yonden
2018,7,2018-07-15,14:00,3700.0,0.0,2620.0,740.0,－－－－－－－－－－,20.0,1320.0,0.0,0.0,0.0,0.0,-1000.0,3700.0,yonden
2018,7,2018-07-15,15:00,3770.0,0.0,2710.0,760.0,－－－－－－－－－－,10.0,1090.0,0.0,0.0,0.0,0.0,-800.0,3770.0,yonden
2018,7,2018-07-15,16:00,3870.0,0.0,3040.0,740.0,－－－－－－－－－－,10.0,790.0,0.0,10.0,0.0,0.0,-720.0,3870.0,yonden
2018,7,2018-07-15,17:00,3940.0,0.0,3270.0,770.0,－－－－－－－－－－,10.0,440.0,0.0,10.0,0.0,0.0,-560.0,3940.0,yonden
2018,7,2018-07-15,18:00,3870.0,0.0,3370.0,770.0,－－－－－－－－－－,10.0,130.0,0.0,20.0,0.0,0.0,-430.0,3870.0,yonden
2018,7,2018-07-15,19:00,3780.0,0.0,3390.0,780.0,－－－－－－－－－－,20.0,0.0,0.0,20.0,0.0,0.0,-430.0,3780.0,yonden
2018,7,2018-07-15,20:00,3630.0,0.0,3290.0,760.0,－－－－－－－－－－,20.0,0.0,0.0,30.0,0.0,0.0,-470.0,3630.0,yonden
2018,7,2018-07-15,21:00,3410.0,0.0,3030.0,750.0,－－－－－－－－－－,20.0,0.0,0.0,30.0,0.0,0.0,-420.0,3410.0,yonden
2018,7,2018-07-15,22:00,3140.0,0.0,2900.0,740.0,－－－－－－－－－－,20.0,0.0,0.0,30.0,0.0,0.0,-550.0,3140.0,yonden
2018,7,2018-07-15,23:00,2950.0,0.0,2720.0,720.0,－－－－－－－－－－,20.0,0.0,0.0,30.0,0.0,0.0,-540.0,2950.0,yonden
2018,7,2018-07-16,00:00,2720.0,0.0,2560.0,670.0,－－－－－－－－－－,10.0,0.0,0.0,20.0,0.0,0.0,-540.0,2720.0,yonden
2018,7,2018-07-16,01:00,2590.0,0.0,2500.0,640.0,－－－－－－－－－－,20.0,0.0,0.0,20.0,0.0,0.0,-590.0,2590.0,yonden
2018,7,2018-07-16,02:00,2600.0,0.0,2510.0,660.0,－－－－－－－－－－,10.0,0.0,0.0,20.0,0.0,0.0,-600.0,2600.0,yonden
2018,7,2018-07-16,03:00,2690.0,0.0,2540.0,660.0,－－－－－－－－－－,20.0,0.0,0.0,10.0,0.0,0.0,-540.0,2690.0,yonden
2018,7,2018-07-16,04:00,2790.0,0.0,2580.0,680.0,－－－－－－－－－－,20.0,0.0,0.0,10.0,0.0,0.0,-500.0,2790.0,yonden
2018,7,2018-07-16,05:00,2820.0,0.0,2610.0,680.0,－－－－－－－－－－,20.0,40.0,0.0,0.0,0.0,0.0,-530.0,2820.0,yonden
2018,7,2018-07-16,06:00,2800.0,0.0,2670.0,670.0,－－－－－－－－－－,10.0,270.0,0.0,0.0,0.0,0.0,-820.0,2800.0,yonden
2018,7,2018-07-16,07:00,2890.0,0.0,2750.0,640.0,－－－－－－－－－－,10.0,580.0,0.0,0.0,0.0,0.0,-1090.0,2890.0,yonden
2018,7,2018-07-16,08:00,3300.0,0.0,2940.0,680.0,－－－－－－－－－－,10.0,920.0,0.0,10.0,0.0,-250.0,-1010.0,3300.0,yonden
2018,7,2018-07-16,09:00,3650.0,0.0,2960.0,680.0,－－－－－－－－－－,20.0,1210.0,0.0,0.0,0.0,-300.0,-920.0,3650.0,yonden
2018,7,2018-07-16,10:00,3810.0,0.0,2990.0,680.0,－－－－－－－－－－,10.0,1400.0,0.0,0.0,0.0,-300.0,-970.0,3810.0,yonden
2018,7,2018-07-16,11:00,3910.0,0.0,3000.0,670.0,－－－－－－－－－－,10.0,1490.0,0.0,0.0,0.0,-290.0,-970.0,3910.0,yonden
2018,7,2018-07-16,12:00,3940.0,0.0,3020.0,670.0,－－－－－－－－－－,10.0,1500.0,0.0,0.0,0.0,-290.0,-970.0,3940.0,yonden
2018,7,2018-07-16,13:00,4060.0,0.0,3140.0,700.0,－－－－－－－－－－,10.0,1430.0,0.0,0.0,0.0,0.0,-1220.0,4060.0,yonden
2018,7,2018-07-16,14:00,4120.0,0.0,3260.0,720.0,－－－－－－－－－－,20.0,1300.0,0.0,0.0,0.0,0.0,-1180.0,4120.0,yonden
2018,7,2018-07-16,15:00,4140.0,0.0,3210.0,730.0,－－－－－－－－－－,20.0,1050.0,0.0,0.0,0.0,40.0,-910.0,4140.0,yonden
2018,7,2018-07-16,16:00,4210.0,0.0,3140.0,730.0,－－－－－－－－－－,10.0,760.0,0.0,0.0,0.0,140.0,-570.0,4210.0,yonden
2018,7,2018-07-16,17:00,4220.0,0.0,3270.0,750.0,－－－－－－－－－－,20.0,410.0,0.0,10.0,0.0,140.0,-380.0,4220.0,yonden
2018,7,2018-07-16,18:00,4150.0,0.0,3370.0,780.0,－－－－－－－－－－,20.0,120.0,0.0,20.0,0.0,200.0,-360.0,4150.0,yonden
2018,7,2018-07-16,19:00,4030.0,0.0,3380.0,780.0,－－－－－－－－－－,10.0,0.0,0.0,30.0,0.0,200.0,-370.0,4030.0,yonden
2018,7,2018-07-16,20:00,3860.0,0.0,3330.0,760.0,－－－－－－－－－－,20.0,0.0,0.0,30.0,0.0,120.0,-400.0,3860.0,yonden
2018,7,2018-07-16,21:00,3590.0,0.0,3250.0,750.0,－－－－－－－－－－,20.0,0.0,0.0,30.0,0.0,0.0,-460.0,3590.0,yonden
2018,7,2018-07-16,22:00,3290.0,0.0,2970.0,700.0,－－－－－－－－－－,20.0,0.0,0.0,30.0,0.0,0.0,-430.0,3290.0,yonden
2018,7,2018-07-16,23:00,3050.0,0.0,2870.0,680.0,－－－－－－－－－－,20.0,0.0,0.0,30.0,0.0,0.0,-550.0,3050.0,yonden
2018,7,2018-07-17,00:00,2790.0,0.0,2720.0,590.0,－－－－－－－－－－,20.0,0.0,0.0,20.0,0.0,-30.0,-530.0,2790.0,yonden
2018,7,2018-07-17,01:00,2650.0,0.0,2770.0,610.0,－－－－－－－－－－,10.0,0.0,0.0,10.0,0.0,-300.0,-450.0,2650.0,yonden
2018,7,2018-07-17,02:00,2670.0,0.0,2790.0,630.0,－－－－－－－－－－,10.0,0.0,0.0,10.0,0.0,-300.0,-470.0,2670.0,yonden
2018,7,2018-07-17,03:00,2770.0,0.0,2860.0,680.0,－－－－－－－－－－,20.0,0.0,0.0,0.0,0.0,-300.0,-490.0,2770.0,yonden
2018,7,2018-07-17,04:00,2870.0,0.0,2960.0,670.0,－－－－－－－－－－,20.0,0.0,0.0,0.0,0.0,-290.0,-490.0,2870.0,yonden
2018,7,2018-07-17,05:00,2960.0,0.0,3020.0,670.0,－－－－－－－－－－,20.0,40.0,0.0,0.0,0.0,-100.0,-690.0,2960.0,yonden
2018,7,2018-07-17,06:00,3050.0,0.0,3050.0,650.0,－－－－－－－－－－,20.0,260.0,0.0,0.0,0.0,0.0,-930.0,3050.0,yonden
2018,7,2018-07-17,07:00,3300.0,0.0,3000.0,620.0,－－－－－－－－－－,20.0,550.0,0.0,0.0,0.0,0.0,-890.0,3300.0,yonden
2018,7,2018-07-17,08:00,3970.0,0.0,2980.0,620.0,－－－－－－－－－－,20.0,870.0,0.0,0.0,0.0,0.0,-520.0,3970.0,yonden
2018,7,2018-07-17,09:00,4350.0,0.0,3220.0,660.0,－－－－－－－－－－,20.0,1150.0,0.0,0.0,0.0,0.0,-700.0,4350.0,yonden
2018,7,2018-07-17,10:00,4490.0,0.0,3240.0,670.0,－－－－－－－－－－,20.0,1340.0,0.0,0.0,0.0,0.0,-780.0,4490.0,yonden
2018,7,2018-07-17,11:00,4630.0,0.0,3290.0,670.0,－－－－－－－－－－,10.0,1440.0,0.0,0.0,0.0,0.0,-780.0,4630.0,yonden
2018,7,2018-07-17,12:00,4550.0,0.0,3140.0,630.0,－－－－－－－－－－,20.0,1470.0,0.0,0.0,0.0,0.0,-710.0,4550.0,yonden
2018,7,2018-07-17,13:00,4820.0,0.0,3480.0,680.0,－－－－－－－－－－,10.0,1390.0,0.0,0.0,0.0,0.0,-740.0,4820.0,yonden
2018,7,2018-07-17,14:00,4880.0,0.0,3670.0,680.0,－－－－－－－－－－,10.0,1210.0,0.0,0.0,0.0,0.0,-690.0,4880.0,yonden
2018,7,2018-07-17,15:00,4880.0,0.0,3760.0,700.0,－－－－－－－－－－,20.0,950.0,0.0,0.0,0.0,100.0,-650.0,4880.0,yonden
2018,7,2018-07-17,16:00,4930.0,0.0,3800.0,710.0,－－－－－－－－－－,10.0,660.0,0.0,0.0,0.0,240.0,-490.0,4930.0,yonden
2018,7,2018-07-17,17:00,4710.0,0.0,3770.0,750.0,－－－－－－－－－－,20.0,300.0,0.0,10.0,0.0,260.0,-400.0,4710.0,yonden
2018,7,2018-07-17,18:00,4590.0,0.0,3750.0,790.0,－－－－－－－－－－,20.0,80.0,0.0,10.0,0.0,320.0,-380.0,4590.0,yonden
2018,7,2018-07-17,19:00,4450.0,0.0,3750.0,770.0,－－－－－－－－－－,20.0,0.0,0.0,20.0,0.0,370.0,-480.0,4450.0,yonden
2018,7,2018-07-17,20:00,4190.0,0.0,3700.0,750.0,－－－－－－－－－－,10.0,0.0,0.0,20.0,0.0,60.0,-350.0,4190.0,yonden
2018,7,2018-07-17,21:00,3860.0,0.0,3560.0,650.0,－－－－－－－－－－,20.0,0.0,0.0,20.0,0.0,0.0,-390.0,3860.0,yonden
2018,7,2018-07-17,22:00,3520.0,0.0,3480.0,640.0,－－－－－－－－－－,20.0,0.0,0.0,30.0,0.0,0.0,-650.0,3520.0,yonden
2018,7,2018-07-17,23:00,3270.0,0.0,3350.0,630.0,－－－－－－－－－－,20.0,0.0,0.0,20.0,0.0,0.0,-750.0,3270.0,yonden
2018,7,2018-07-18,00:00,2980.0,0.0,2900.0,600.0,－－－－－－－－－－,20.0,0.0,0.0,20.0,0.0,-150.0,-410.0,2980.0,yonden
2018,7,2018-07-18,01:00,2830.0,0.0,2720.0,600.0,－－－－－－－－－－,20.0,0.0,0.0,20.0,0.0,-300.0,-230.0,2830.0,yonden
2018,7,2018-07-18,02:00,2830.0,0.0,2740.0,600.0,－－－－－－－－－－,20.0,0.0,0.0,10.0,0.0,-300.0,-240.0,2830.0,yonden
2018,7,2018-07-18,03:00,2930.0,0.0,2830.0,610.0,－－－－－－－－－－,20.0,0.0,0.0,10.0,0.0,-290.0,-250.0,2930.0,yonden
2018,7,2018-07-18,04:00,3020.0,0.0,3000.0,570.0,－－－－－－－－－－,20.0,0.0,0.0,0.0,0.0,-290.0,-280.0,3020.0,yonden
2018,7,2018-07-18,05:00,3110.0,0.0,3000.0,580.0,－－－－－－－－－－,20.0,40.0,0.0,0.0,0.0,-290.0,-240.0,3110.0,yonden
2018,7,2018-07-18,06:00,3170.0,0.0,2980.0,580.0,－－－－－－－－－－,20.0,270.0,0.0,0.0,0.0,-290.0,-390.0,3170.0,yonden
2018,7,2018-07-18,07:00,3420.0,0.0,2900.0,560.0,－－－－－－－－－－,20.0,580.0,0.0,0.0,0.0,0.0,-640.0,3420.0,yonden
2018,7,2018-07-18,08:00,4070.0,0.0,3300.0,600.0,－－－－－－－－－－,20.0,910.0,0.0,0.0,0.0,0.0,-760.0,4070.0,yonden
2018,7,2018-07-18,09:00,4430.0,0.0,3600.0,620.0,－－－－－－－－－－,10.0,1180.0,0.0,0.0,0.0,0.0,-980.0,4430.0,yonden
2018,7,2018-07-18,10:00,4570.0,0.0,3620.0,610.0,－－－－－－－－－－,20.0,1370.0,0.0,0.0,0.0,0.0,-1050.0,4570.0,yonden
2018,7,2018-07-18,11:00,4710.0,0.0,3670.0,560.0,－－－－－－－－－－,20.0,1460.0,0.0,0.0,0.0,0.0,-1000.0,4710.0,yonden
2018,7,2018-07-18,12:00,4650.0,0.0,3750.0,540.0,－－－－－－－－－－,20.0,1480.0,0.0,0.0,0.0,0.0,-1140.0,4650.0,yonden
2018,7,2018-07-18,13:00,4920.0,0.0,3750.0,590.0,－－－－－－－－－－,10.0,1420.0,0.0,0.0,0.0,0.0,-850.0,4920.0,yonden
2018,7,2018-07-18,14:00,5030.0,0.0,3760.0,680.0,－－－－－－－－－－,20.0,1290.0,0.0,0.0,0.0,0.0,-720.0,5030.0,yonden
2018,7,2018-07-18,15:00,5050.0,0.0,3770.0,700.0,－－－－－－－－－－,20.0,1050.0,0.0,0.0,0.0,0.0,-490.0,5050.0,yonden
2018,7,2018-07-18,16:00,5080.0,0.0,3840.0,730.0,－－－－－－－－－－,10.0,740.0,0.0,0.0,0.0,150.0,-390.0,5080.0,yonden
2018,7,2018-07-18,17:00,4910.0,0.0,3760.0,730.0,－－－－－－－－－－,10.0,410.0,0.0,0.0,0.0,170.0,-170.0,4910.0,yonden
2018,7,2018-07-18,18:00,4750.0,0.0,3780.0,750.0,－－－－－－－－－－,20.0,120.0,0.0,0.0,0.0,300.0,-220.0,4750.0,yonden
2018,7,2018-07-18,19:00,4540.0,0.0,3760.0,740.0,－－－－－－－－－－,20.0,0.0,0.0,0.0,0.0,250.0,-230.0,4540.0,yonden
2018,7,2018-07-18,20:00,4300.0,0.0,3760.0,720.0,－－－－－－－－－－,20.0,0.0,0.0,0.0,0.0,190.0,-390.0,4300.0,yonden
2018,7,2018-07-18,21:00,3980.0,0.0,3730.0,690.0,－－－－－－－－－－,20.0,0.0,0.0,0.0,0.0,60.0,-520.0,3980.0,yonden
2018,7,2018-07-18,22:00,3620.0,0.0,3520.0,580.0,－－－－－－－－－－,20.0,0.0,0.0,0.0,0.0,0.0,-500.0,3620.0,yonden
2018,7,2018-07-18,23:00,3350.0,0.0,3300.0,550.0,－－－－－－－－－－,20.0,0.0,0.0,0.0,0.0,0.0,-520.0,3350.0,yonden
2018,7,2018-07-19,00:00,3050.0,0.0,2980.0,480.0,－－－－－－－－－－,10.0,0.0,0.0,0.0,0.0,0.0,-420.0,3050.0,yonden
2018,7,2018-07-19,01:00,2880.0,0.0,3080.0,460.0,－－－－－－－－－－,10.0,0.0,0.0,0.0,0.0,-300.0,-370.0,2880.0,yonden
2018,7,2018-07-19,02:00,2860.0,0.0,3040.0,490.0,－－－－－－－－－－,20.0,0.0,0.0,0.0,0.0,-300.0,-390.0,2860.0,yonden
2018,7,2018-07-19,03:00,2940.0,0.0,2980.0,500.0,－－－－－－－－－－,20.0,0.0,0.0,0.0,0.0,-290.0,-270.0,2940.0,yonden
2018,7,2018-07-19,04:00,3040.0,0.0,2940.0,520.0,－－－－－－－－－－,20.0,0.0,0.0,0.0,0.0,-290.0,-150.0,3040.0,yonden
2018,7,2018-07-19,05:00,3130.0,0.0,2980.0,550.0,－－－－－－－－－－,20.0,40.0,0.0,0.0,0.0,-290.0,-170.0,3130.0,yonden
2018,7,2018-07-19,06:00,3200.0,0.0,3080.0,560.0,－－－－－－－－－－,10.0,270.0,0.0,0.0,0.0,-150.0,-570.0,3200.0,yonden
2018,7,2018-07-19,07:00,3460.0,0.0,3160.0,580.0,－－－－－－－－－－,20.0,580.0,0.0,0.0,0.0,0.0,-880.0,3460.0,yonden
2018,7,2018-07-19,08:00,4130.0,0.0,3340.0,540.0,－－－－－－－－－－,20.0,900.0,0.0,0.0,0.0,0.0,-670.0,4130.0,yonden
2018,7,2018-07-19,09:00,4510.0,0.0,3500.0,570.0,－－－－－－－－－－,20.0,1180.0,0.0,0.0,0.0,0.0,-760.0,4510.0,yonden
2018,7,2018-07-19,10:00,4680.0,0.0,3530.0,500.0,－－－－－－－－－－,20.0,1380.0,0.0,0.0,0.0,0.0,-750.0,4680.0,yonden
2018,7,2018-07-19,11:00,4830.0,0.0,3660.0,460.0,－－－－－－－－－－,20.0,1470.0,0.0,0.0,0.0,0.0,-780.0,4830.0,yonden
2018,7,2018-07-19,12:00,4780.0,0.0,3590.0,430.0,－－－－－－－－－－,10.0,1500.0,0.0,0.0,0.0,0.0,-750.0,4780.0,yonden
2018,7,2018-07-19,13:00,5050.0,0.0,3730.0,500.0,－－－－－－－－－－,20.0,1450.0,0.0,0.0,0.0,0.0,-650.0,5050.0,yonden
2018,7,2018-07-19,14:00,5140.0,0.0,3820.0,600.0,－－－－－－－－－－,10.0,1320.0,0.0,0.0,0.0,0.0,-610.0,5140.0,yonden
2018,7,2018-07-19,15:00,5170.0,0.0,3820.0,660.0,－－－－－－－－－－,10.0,1090.0,0.0,0.0,0.0,100.0,-510.0,5170.0,yonden
2018,7,2018-07-19,16:00,5190.0,0.0,3780.0,670.0,－－－－－－－－－－,10.0,770.0,0.0,0.0,0.0,200.0,-240.0,5190.0,yonden
2018,7,2018-07-19,17:00,5050.0,0.0,3770.0,700.0,－－－－－－－－－－,10.0,410.0,0.0,0.0,0.0,360.0,-200.0,5050.0,yonden
2018,7,2018-07-19,18:00,4840.0,0.0,3760.0,700.0,－－－－－－－－－－,20.0,110.0,0.0,10.0,0.0,390.0,-150.0,4840.0,yonden
2018,7,2018-07-19,19:00,4620.0,0.0,3750.0,620.0,－－－－－－－－－－,20.0,0.0,0.0,20.0,0.0,350.0,-140.0,4620.0,yonden
2018,7,2018-07-19,20:00,4360.0,0.0,3740.0,600.0,－－－－－－－－－－,20.0,0.0,0.0,20.0,0.0,70.0,-90.0,4360.0,yonden
2018,7,2018-07-19,21:00,4040.0,0.0,3650.0,540.0,－－－－－－－－－－,20.0,0.0,0.0,30.0,0.0,0.0,-200.0,4040.0,yonden
2018,7,2018-07-19,22:00,3670.0,0.0,3430.0,480.0,－－－－－－－－－－,20.0,0.0,0.0,50.0,0.0,0.0,-310.0,3670.0,yonden
2018,7,2018-07-19,23:00,3390.0,0.0,3270.0,440.0,－－－－－－－－－－,20.0,0.0,0.0,50.0,0.0,0.0,-390.0,3390.0,yonden
2018,7,2018-07-20,00:00,3080.0,0.0,3130.0,480.0,－－－－－－－－－－,10.0,0.0,0.0,50.0,0.0,-200.0,-390.0,3080.0,yonden
2018,7,2018-07-20,01:00,2920.0,0.0,2930.0,430.0,－－－－－－－－－－,10.0,0.0,0.0,40.0,0.0,-300.0,-190.0,2920.0,yonden
2018,7,2018-07-20,02:00,2890.0,0.0,2890.0,470.0,－－－－－－－－－－,10.0,0.0,0.0,30.0,0.0,-300.0,-210.0,2890.0,yonden
2018,7,2018-07-20,03:00,2970.0,0.0,3050.0,450.0,－－－－－－－－－－,20.0,0.0,0.0,20.0,0.0,-300.0,-270.0,2970.0,yonden
2018,7,2018-07-20,04:00,3070.0,0.0,3140.0,480.0,－－－－－－－－－－,20.0,0.0,0.0,10.0,0.0,-300.0,-280.0,3070.0,yonden
2018,7,2018-07-20,05:00,3160.0,0.0,3160.0,490.0,－－－－－－－－－－,20.0,30.0,0.0,10.0,0.0,-290.0,-260.0,3160.0,yonden
2018,7,2018-07-20,06:00,3240.0,0.0,3220.0,510.0,－－－－－－－－－－,20.0,270.0,0.0,10.0,0.0,-290.0,-500.0,3240.0,yonden
2018,7,2018-07-20,07:00,3490.0,0.0,3360.0,530.0,－－－－－－－－－－,20.0,590.0,0.0,10.0,0.0,-150.0,-870.0,3490.0,yonden
2018,7,2018-07-20,08:00,4130.0,0.0,3630.0,590.0,－－－－－－－－－－,20.0,930.0,0.0,10.0,0.0,0.0,-1050.0,4130.0,yonden
2018,7,2018-07-20,09:00,4540.0,0.0,3880.0,620.0,－－－－－－－－－－,20.0,1190.0,0.0,10.0,0.0,0.0,-1180.0,4540.0,yonden
2018,7,2018-07-20,10:00,4690.0,0.0,4420.0,510.0,－－－－－－－－－－,10.0,1320.0,0.0,20.0,0.0,0.0,-1590.0,4690.0,yonden
2018,7,2018-07-20,11:00,4850.0,0.0,4560.0,530.0,－－－－－－－－－－,20.0,1330.0,0.0,20.0,0.0,0.0,-1610.0,4850.0,yonden
2018,7,2018-07-20,12:00,4740.0,0.0,4370.0,420.0,－－－－－－－－－－,20.0,1300.0,0.0,30.0,0.0,0.0,-1400.0,4740.0,yonden
2018,7,2018-07-20,13:00,4950.0,0.0,4540.0,520.0,－－－－－－－－－－,20.0,1240.0,0.0,50.0,0.0,0.0,-1420.0,4950.0,yonden
2018,7,2018-07-20,14:00,5040.0,0.0,4620.0,610.0,－－－－－－－－－－,20.0,1120.0,0.0,40.0,0.0,0.0,-1370.0,5040.0,yonden
2018,7,2018-07-20,15:00,5030.0,0.0,4590.0,620.0,－－－－－－－－－－,20.0,910.0,0.0,50.0,0.0,0.0,-1160.0,5030.0,yonden
2018,7,2018-07-20,16:00,5050.0,0.0,4520.0,640.0,－－－－－－－－－－,10.0,700.0,0.0,70.0,0.0,0.0,-890.0,5050.0,yonden
2018,7,2018-07-20,17:00,4850.0,0.0,4490.0,650.0,－－－－－－－－－－,10.0,380.0,0.0,60.0,0.0,50.0,-790.0,4850.0,yonden
2018,7,2018-07-20,18:00,4610.0,0.0,4320.0,660.0,－－－－－－－－－－,10.0,120.0,0.0,60.0,0.0,270.0,-830.0,4610.0,yonden
2018,7,2018-07-20,19:00,4400.0,0.0,4400.0,640.0,－－－－－－－－－－,10.0,0.0,0.0,50.0,0.0,240.0,-940.0,4400.0,yonden
2018,7,2018-07-20,20:00,4170.0,0.0,4380.0,570.0,－－－－－－－－－－,10.0,0.0,0.0,60.0,0.0,150.0,-1000.0,4170.0,yonden
2018,7,2018-07-20,21:00,3870.0,0.0,4010.0,550.0,－－－－－－－－－－,10.0,0.0,0.0,60.0,0.0,0.0,-760.0,3870.0,yonden
2018,7,2018-07-20,22:00,3540.0,0.0,3620.0,470.0,－－－－－－－－－－,20.0,0.0,0.0,60.0,0.0,0.0,-630.0,3540.0,yonden
2018,7,2018-07-20,23:00,3300.0,0.0,3260.0,430.0,－－－－－－－－－－,20.0,0.0,0.0,60.0,0.0,0.0,-470.0,3300.0,yonden
2018,7,2018-07-21,00:00,3020.0,0.0,2900.0,440.0,－－－－－－－－－－,20.0,0.0,0.0,70.0,0.0,0.0,-410.0,3020.0,yonden
2018,7,2018-07-21,01:00,2840.0,0.0,2850.0,450.0,－－－－－－－－－－,20.0,0.0,0.0,50.0,0.0,0.0,-530.0,2840.0,yonden
2018,7,2018-07-21,02:00,2830.0,0.0,2810.0,470.0,－－－－－－－－－－,20.0,0.0,0.0,60.0,0.0,0.0,-530.0,2830.0,yonden
2018,7,2018-07-21,03:00,2890.0,0.0,2840.0,540.0,－－－－－－－－－－,20.0,0.0,0.0,50.0,0.0,0.0,-560.0,2890.0,yonden
2018,7,2018-07-21,04:00,2970.0,0.0,2790.0,570.0,－－－－－－－－－－,20.0,0.0,0.0,60.0,0.0,0.0,-470.0,2970.0,yonden
2018,7,2018-07-21,05:00,3020.0,0.0,2770.0,560.0,－－－－－－－－－－,20.0,40.0,0.0,50.0,0.0,0.0,-420.0,3020.0,yonden
2018,7,2018-07-21,06:00,3020.0,0.0,2740.0,500.0,－－－－－－－－－－,20.0,280.0,0.0,40.0,0.0,0.0,-560.0,3020.0,yonden
2018,7,2018-07-21,07:00,3120.0,0.0,2700.0,480.0,－－－－－－－－－－,20.0,590.0,0.0,40.0,0.0,0.0,-710.0,3120.0,yonden
2018,7,2018-07-21,08:00,3630.0,0.0,2890.0,470.0,－－－－－－－－－－,20.0,900.0,0.0,30.0,0.0,0.0,-680.0,3630.0,yonden
2018,7,2018-07-21,09:00,3970.0,0.0,3150.0,480.0,－－－－－－－－－－,20.0,1130.0,0.0,30.0,0.0,0.0,-840.0,3970.0,yonden
2018,7,2018-07-21,10:00,4130.0,0.0,3510.0,490.0,－－－－－－－－－－,20.0,1220.0,0.0,30.0,0.0,0.0,-1140.0,4130.0,yonden
2018,7,2018-07-21,11:00,4240.0,0.0,3810.0,460.0,－－－－－－－－－－,20.0,1230.0,0.0,30.0,0.0,0.0,-1310.0,4240.0,yonden
2018,7,2018-07-21,12:00,4170.0,0.0,4020.0,450.0,－－－－－－－－－－,10.0,1260.0,0.0,30.0,0.0,0.0,-1600.0,4170.0,yonden
2018,7,2018-07-21,13:00,4350.0,0.0,4150.0,470.0,－－－－－－－－－－,20.0,1300.0,0.0,30.0,0.0,0.0,-1620.0,4350.0,yonden
2018,7,2018-07-21,14:00,4380.0,0.0,4250.0,470.0,－－－－－－－－－－,20.0,1130.0,0.0,30.0,0.0,0.0,-1520.0,4380.0,yonden
2018,7,2018-07-21,15:00,4380.0,0.0,4300.0,480.0,－－－－－－－－－－,20.0,920.0,0.0,30.0,0.0,0.0,-1370.0,4380.0,yonden
2018,7,2018-07-21,16:00,4380.0,0.0,4360.0,550.0,－－－－－－－－－－,10.0,660.0,0.0,40.0,0.0,0.0,-1240.0,4380.0,yonden
2018,7,2018-07-21,17:00,4290.0,0.0,4360.0,640.0,－－－－－－－－－－,10.0,380.0,0.0,40.0,0.0,0.0,-1140.0,4290.0,yonden
2018,7,2018-07-21,18:00,4090.0,0.0,4390.0,680.0,－－－－－－－－－－,20.0,100.0,0.0,40.0,0.0,0.0,-1140.0,4090.0,yonden
2018,7,2018-07-21,19:00,3960.0,0.0,4380.0,680.0,－－－－－－－－－－,10.0,0.0,0.0,40.0,0.0,0.0,-1150.0,3960.0,yonden
2018,7,2018-07-21,20:00,3800.0,0.0,4290.0,620.0,－－－－－－－－－－,10.0,0.0,0.0,60.0,0.0,0.0,-1180.0,3800.0,yonden
2018,7,2018-07-21,21:00,3560.0,0.0,4180.0,530.0,－－－－－－－－－－,10.0,0.0,0.0,60.0,0.0,0.0,-1220.0,3560.0,yonden
2018,7,2018-07-21,22:00,3270.0,0.0,4000.0,440.0,－－－－－－－－－－,20.0,0.0,0.0,60.0,0.0,0.0,-1250.0,3270.0,yonden
2018,7,2018-07-21,23:00,3070.0,0.0,3880.0,420.0,－－－－－－－－－－,10.0,0.0,0.0,60.0,0.0,0.0,-1300.0,3070.0,yonden
2018,7,2018-07-22,00:00,2810.0,0.0,3600.0,400.0,－－－－－－－－－－,10.0,0.0,0.0,50.0,0.0,0.0,-1250.0,2810.0,yonden
2018,7,2018-07-22,01:00,2660.0,0.0,3470.0,370.0,－－－－－－－－－－,10.0,0.0,0.0,60.0,0.0,0.0,-1250.0,2660.0,yonden
2018,7,2018-07-22,02:00,2660.0,0.0,3430.0,410.0,－－－－－－－－－－,20.0,0.0,0.0,50.0,0.0,0.0,-1250.0,2660.0,yonden
2018,7,2018-07-22,03:00,2740.0,0.0,3470.0,450.0,－－－－－－－－－－,20.0,0.0,0.0,40.0,0.0,0.0,-1240.0,2740.0,yonden
2018,7,2018-07-22,04:00,2820.0,0.0,3480.0,510.0,－－－－－－－－－－,20.0,0.0,0.0,40.0,0.0,0.0,-1230.0,2820.0,yonden
2018,7,2018-07-22,05:00,2840.0,0.0,3450.0,520.0,－－－－－－－－－－,20.0,30.0,0.0,40.0,0.0,0.0,-1220.0,2840.0,yonden
2018,7,2018-07-22,06:00,2770.0,0.0,3310.0,420.0,－－－－－－－－－－,20.0,260.0,0.0,40.0,0.0,0.0,-1280.0,2770.0,yonden
2018,7,2018-07-22,07:00,2760.0,0.0,3180.0,380.0,－－－－－－－－－－,20.0,560.0,0.0,40.0,0.0,0.0,-1420.0,2760.0,yonden
2018,7,2018-07-22,08:00,3060.0,0.0,3400.0,420.0,－－－－－－－－－－,20.0,870.0,0.0,30.0,0.0,0.0,-1680.0,3060.0,yonden
2018,7,2018-07-22,09:00,3350.0,0.0,3480.0,460.0,－－－－－－－－－－,10.0,1130.0,0.0,30.0,0.0,0.0,-1760.0,3350.0,yonden
2018,7,2018-07-22,10:00,3490.0,0.0,3490.0,450.0,－－－－－－－－－－,10.0,1290.0,0.0,20.0,0.0,0.0,-1770.0,3490.0,yonden
2018,7,2018-07-22,11:00,3600.0,0.0,3480.0,430.0,－－－－－－－－－－,20.0,1330.0,0.0,30.0,0.0,0.0,-1690.0,3600.0,yonden
2018,7,2018-07-22,12:00,3710.0,0.0,3520.0,420.0,－－－－－－－－－－,20.0,1320.0,0.0,40.0,0.0,-120.0,-1490.0,3710.0,yonden
2018,7,2018-07-22,13:00,3740.0,0.0,3690.0,440.0,－－－－－－－－－－,20.0,1200.0,0.0,40.0,0.0,-290.0,-1360.0,3740.0,yonden
2018,7,2018-07-22,14:00,3800.0,0.0,3740.0,460.0,－－－－－－－－－－,20.0,1080.0,0.0,30.0,0.0,-170.0,-1360.0,3800.0,yonden
2018,7,2018-07-22,15:00,3830.0,0.0,3900.0,500.0,－－－－－－－－－－,10.0,750.0,0.0,40.0,0.0,0.0,-1370.0,3830.0,yonden
2018,7,2018-07-22,16:00,3780.0,0.0,4010.0,520.0,－－－－－－－－－－,10.0,490.0,0.0,50.0,0.0,0.0,-1300.0,3780.0,yonden
2018,7,2018-07-22,17:00,3880.0,0.0,4190.0,560.0,－－－－－－－－－－,10.0,280.0,0.0,50.0,0.0,0.0,-1210.0,3880.0,yonden
2018,7,2018-07-22,18:00,3920.0,0.0,4320.0,590.0,－－－－－－－－－－,10.0,80.0,0.0,60.0,0.0,60.0,-1200.0,3920.0,yonden
2018,7,2018-07-22,19:00,3880.0,0.0,4270.0,590.0,－－－－－－－－－－,10.0,0.0,0.0,50.0,0.0,150.0,-1190.0,3880.0,yonden
2018,7,2018-07-22,20:00,3740.0,0.0,3940.0,570.0,－－－－－－－－－－,10.0,0.0,0.0,50.0,0.0,70.0,-900.0,3740.0,yonden
2018,7,2018-07-22,21:00,3500.0,0.0,3670.0,550.0,－－－－－－－－－－,10.0,0.0,0.0,40.0,0.0,0.0,-770.0,3500.0,yonden
2018,7,2018-07-22,22:00,3220.0,0.0,3500.0,470.0,－－－－－－－－－－,10.0,0.0,0.0,40.0,0.0,0.0,-800.0,3220.0,yonden
2018,7,2018-07-22,23:00,3000.0,0.0,3310.0,450.0,－－－－－－－－－－,20.0,0.0,0.0,40.0,0.0,0.0,-820.0,3000.0,yonden
2018,7,2018-07-23,00:00,2770.0,0.0,3100.0,420.0,－－－－－－－－－－,20.0,0.0,0.0,40.0,0.0,0.0,-810.0,2770.0,yonden
2018,7,2018-07-23,01:00,2610.0,0.0,3160.0,390.0,－－－－－－－－－－,20.0,0.0,0.0,40.0,0.0,-300.0,-700.0,2610.0,yonden
2018,7,2018-07-23,02:00,2620.0,0.0,3190.0,400.0,－－－－－－－－－－,20.0,0.0,0.0,30.0,0.0,-300.0,-720.0,2620.0,yonden
2018,7,2018-07-23,03:00,2700.0,0.0,3190.0,410.0,－－－－－－－－－－,20.0,0.0,0.0,20.0,0.0,-300.0,-640.0,2700.0,yonden
2018,7,2018-07-23,04:00,2840.0,0.0,3080.0,390.0,－－－－－－－－－－,20.0,0.0,0.0,20.0,0.0,0.0,-670.0,2840.0,yonden
2018,7,2018-07-23,05:00,2960.0,0.0,3220.0,410.0,－－－－－－－－－－,20.0,30.0,0.0,20.0,0.0,0.0,-740.0,2960.0,yonden
2018,7,2018-07-23,06:00,3110.0,0.0,3330.0,380.0,－－－－－－－－－－,20.0,260.0,0.0,10.0,0.0,0.0,-890.0,3110.0,yonden
2018,7,2018-07-23,07:00,3420.0,0.0,3460.0,400.0,－－－－－－－－－－,20.0,580.0,0.0,0.0,0.0,0.0,-1040.0,3420.0,yonden
2018,7,2018-07-23,08:00,4150.0,0.0,4180.0,470.0,－－－－－－－－－－,10.0,920.0,0.0,0.0,0.0,0.0,-1430.0,4150.0,yonden
2018,7,2018-07-23,09:00,4570.0,0.0,4490.0,530.0,－－－－－－－－－－,10.0,1200.0,0.0,0.0,0.0,0.0,-1660.0,4570.0,yonden
2018,7,2018-07-23,10:00,4740.0,0.0,4530.0,520.0,－－－－－－－－－－,20.0,1390.0,0.0,0.0,0.0,0.0,-1720.0,4740.0,yonden
2018,7,2018-07-23,11:00,4880.0,0.0,4660.0,500.0,－－－－－－－－－－,10.0,1480.0,0.0,0.0,0.0,0.0,-1770.0,4880.0,yonden
2018,7,2018-07-23,12:00,4790.0,0.0,4630.0,390.0,－－－－－－－－－－,20.0,1510.0,0.0,0.0,0.0,0.0,-1760.0,4790.0,yonden
2018,7,2018-07-23,13:00,5030.0,0.0,4760.0,420.0,－－－－－－－－－－,20.0,1430.0,0.0,0.0,0.0,0.0,-1600.0,5030.0,yonden
2018,7,2018-07-23,14:00,5070.0,0.0,4830.0,450.0,－－－－－－－－－－,20.0,1280.0,0.0,0.0,0.0,0.0,-1510.0,5070.0,yonden
2018,7,2018-07-23,15:00,5090.0,0.0,4830.0,490.0,－－－－－－－－－－,20.0,1040.0,0.0,0.0,0.0,140.0,-1430.0,5090.0,yonden
2018,7,2018-07-23,16:00,5140.0,0.0,4810.0,510.0,－－－－－－－－－－,10.0,730.0,0.0,0.0,0.0,240.0,-1160.0,5140.0,yonden
2018,7,2018-07-23,17:00,5030.0,0.0,4820.0,550.0,－－－－－－－－－－,10.0,410.0,0.0,0.0,0.0,250.0,-1010.0,5030.0,yonden
2018,7,2018-07-23,18:00,4870.0,0.0,4800.0,640.0,－－－－－－－－－－,10.0,120.0,0.0,0.0,0.0,290.0,-990.0,4870.0,yonden
2018,7,2018-07-23,19:00,4640.0,0.0,4760.0,600.0,－－－－－－－－－－,20.0,0.0,0.0,10.0,0.0,310.0,-1060.0,4640.0,yonden
2018,7,2018-07-23,20:00,4370.0,0.0,4510.0,510.0,－－－－－－－－－－,20.0,0.0,0.0,10.0,0.0,160.0,-840.0,4370.0,yonden
2018,7,2018-07-23,21:00,4080.0,0.0,4390.0,480.0,－－－－－－－－－－,20.0,0.0,0.0,10.0,0.0,80.0,-900.0,4080.0,yonden
2018,7,2018-07-23,22:00,3740.0,0.0,4120.0,480.0,－－－－－－－－－－,20.0,0.0,0.0,10.0,0.0,0.0,-890.0,3740.0,yonden
2018,7,2018-07-23,23:00,3460.0,0.0,3730.0,420.0,－－－－－－－－－－,10.0,0.0,0.0,10.0,0.0,0.0,-710.0,3460.0,yonden
2018,7,2018-07-24,00:00,3140.0,0.0,3460.0,470.0,－－－－－－－－－－,10.0,0.0,0.0,20.0,0.0,0.0,-820.0,3140.0,yonden
2018,7,2018-07-24,01:00,2950.0,0.0,3250.0,420.0,－－－－－－－－－－,10.0,0.0,0.0,30.0,0.0,0.0,-760.0,2950.0,yonden
2018,7,2018-07-24,02:00,2940.0,0.0,3100.0,390.0,－－－－－－－－－－,20.0,0.0,0.0,40.0,0.0,-450.0,-160.0,2940.0,yonden
2018,7,2018-07-24,03:00,3000.0,0.0,3110.0,360.0,－－－－－－－－－－,20.0,0.0,0.0,40.0,0.0,-590.0,60.0,3000.0,yonden
2018,7,2018-07-24,04:00,3100.0,0.0,3150.0,380.0,－－－－－－－－－－,20.0,0.0,0.0,40.0,0.0,-590.0,100.0,3100.0,yonden
2018,7,2018-07-24,05:00,3210.0,0.0,3130.0,380.0,－－－－－－－－－－,20.0,30.0,0.0,40.0,0.0,-440.0,50.0,3210.0,yonden
2018,7,2018-07-24,06:00,3340.0,0.0,3080.0,360.0,－－－－－－－－－－,20.0,260.0,0.0,40.0,0.0,0.0,-420.0,3340.0,yonden
2018,7,2018-07-24,07:00,3620.0,0.0,3220.0,430.0,－－－－－－－－－－,20.0,580.0,0.0,40.0,0.0,0.0,-670.0,3620.0,yonden
2018,7,2018-07-24,08:00,4340.0,0.0,3930.0,490.0,－－－－－－－－－－,20.0,880.0,0.0,30.0,0.0,0.0,-1010.0,4340.0,yonden
2018,7,2018-07-24,09:00,4710.0,0.0,4420.0,530.0,－－－－－－－－－－,10.0,1140.0,0.0,30.0,0.0,0.0,-1420.0,4710.0,yonden
2018,7,2018-07-24,10:00,4860.0,0.0,4380.0,530.0,－－－－－－－－－－,10.0,1350.0,0.0,30.0,0.0,0.0,-1440.0,4860.0,yonden
2018,7,2018-07-24,11:00,5010.0,0.0,4370.0,500.0,－－－－－－－－－－,10.0,1460.0,0.0,30.0,0.0,0.0,-1360.0,5010.0,yonden
2018,7,2018-07-24,12:00,4910.0,0.0,4510.0,440.0,－－－－－－－－－－,10.0,1480.0,0.0,30.0,0.0,0.0,-1560.0,4910.0,yonden
2018,7,2018-07-24,13:00,5170.0,0.0,4900.0,480.0,－－－－－－－－－－,10.0,1430.0,0.0,30.0,0.0,0.0,-1680.0,5170.0,yonden
2018,7,2018-07-24,14:00,5240.0,0.0,5000.0,510.0,－－－－－－－－－－,10.0,1300.0,0.0,30.0,0.0,0.0,-1610.0,5240.0,yonden
2018,7,2018-07-24,15:00,5300.0,0.0,5000.0,520.0,－－－－－－－－－－,10.0,1090.0,0.0,30.0,0.0,140.0,-1490.0,5300.0,yonden
2018,7,2018-07-24,16:00,5360.0,0.0,4990.0,550.0,－－－－－－－－－－,20.0,780.0,0.0,30.0,0.0,230.0,-1240.0,5360.0,yonden
2018,7,2018-07-24,17:00,5210.0,0.0,5030.0,620.0,－－－－－－－－－－,10.0,420.0,0.0,40.0,0.0,280.0,-1190.0,5210.0,yonden
2018,7,2018-07-24,18:00,5000.0,0.0,5000.0,630.0,－－－－－－－－－－,20.0,110.0,0.0,40.0,0.0,310.0,-1110.0,5000.0,yonden
2018,7,2018-07-24,19:00,4750.0,0.0,4900.0,610.0,－－－－－－－－－－,20.0,0.0,0.0,40.0,0.0,270.0,-1090.0,4750.0,yonden
2018,7,2018-07-24,20:00,4500.0,0.0,4770.0,510.0,－－－－－－－－－－,20.0,0.0,0.0,40.0,0.0,240.0,-1080.0,4500.0,yonden
2018,7,2018-07-24,21:00,4160.0,0.0,4550.0,480.0,－－－－－－－－－－,20.0,0.0,0.0,40.0,0.0,0.0,-930.0,4160.0,yonden
2018,7,2018-07-24,22:00,3780.0,0.0,3840.0,420.0,－－－－－－－－－－,20.0,0.0,0.0,30.0,0.0,0.0,-530.0,3780.0,yonden
2018,7,2018-07-24,23:00,3510.0,0.0,3280.0,390.0,－－－－－－－－－－,20.0,0.0,0.0,30.0,0.0,0.0,-210.0,3510.0,yonden
2018,7,2018-07-25,00:00,3180.0,0.0,2950.0,370.0,－－－－－－－－－－,20.0,0.0,0.0,20.0,0.0,0.0,-180.0,3180.0,yonden
2018,7,2018-07-25,01:00,2980.0,0.0,2920.0,380.0,－－－－－－－－－－,20.0,0.0,0.0,20.0,0.0,-450.0,90.0,2980.0,yonden
2018,7,2018-07-25,02:00,2940.0,0.0,2850.0,420.0,－－－－－－－－－－,20.0,0.0,0.0,20.0,0.0,-590.0,220.0,2940.0,yonden
2018,7,2018-07-25,03:00,2970.0,0.0,2780.0,410.0,－－－－－－－－－－,20.0,0.0,0.0,20.0,0.0,-590.0,330.0,2970.0,yonden
2018,7,2018-07-25,04:00,3060.0,0.0,2740.0,410.0,－－－－－－－－－－,20.0,0.0,0.0,30.0,0.0,-440.0,300.0,3060.0,yonden
2018,7,2018-07-25,05:00,3170.0,0.0,2800.0,340.0,－－－－－－－－－－,20.0,30.0,0.0,30.0,0.0,0.0,-50.0,3170.0,yonden
2018,7,2018-07-25,06:00,3280.0,0.0,2800.0,340.0,－－－－－－－－－－,20.0,270.0,0.0,20.0,0.0,0.0,-170.0,3280.0,yonden
2018,7,2018-07-25,07:00,3540.0,0.0,2930.0,410.0,－－－－－－－－－－,20.0,600.0,0.0,20.0,0.0,0.0,-440.0,3540.0,yonden
2018,7,2018-07-25,08:00,4230.0,0.0,3290.0,430.0,－－－－－－－－－－,20.0,930.0,0.0,20.0,0.0,0.0,-460.0,4230.0,yonden
2018,7,2018-07-25,09:00,4620.0,0.0,3490.0,490.0,－－－－－－－－－－,20.0,1200.0,0.0,10.0,0.0,0.0,-590.0,4620.0,yonden
2018,7,2018-07-25,10:00,4760.0,0.0,3500.0,500.0,－－－－－－－－－－,20.0,1380.0,0.0,10.0,0.0,0.0,-650.0,4760.0,yonden
2018,7,2018-07-25,11:00,4910.0,0.0,3670.0,450.0,－－－－－－－－－－,20.0,1450.0,0.0,10.0,0.0,0.0,-690.0,4910.0,yonden
2018,7,2018-07-25,12:00,4840.0,0.0,3670.0,340.0,－－－－－－－－－－,20.0,1490.0,0.0,0.0,0.0,0.0,-680.0,4840.0,yonden
2018,7,2018-07-25,13:00,5130.0,0.0,3810.0,390.0,－－－－－－－－－－,20.0,1420.0,0.0,0.0,0.0,0.0,-510.0,5130.0,yonden
2018,7,2018-07-25,14:00,5150.0,0.0,3880.0,470.0,－－－－－－－－－－,20.0,1260.0,0.0,0.0,0.0,0.0,-480.0,5150.0,yonden
2018,7,2018-07-25,15:00,5160.0,0.0,3960.0,520.0,－－－－－－－－－－,20.0,910.0,0.0,0.0,0.0,160.0,-410.0,5160.0,yonden
2018,7,2018-07-25,16:00,5140.0,0.0,3990.0,570.0,－－－－－－－－－－,20.0,600.0,0.0,0.0,0.0,270.0,-310.0,5140.0,yonden
2018,7,2018-07-25,17:00,4910.0,0.0,3920.0,560.0,－－－－－－－－－－,10.0,300.0,0.0,0.0,0.0,380.0,-260.0,4910.0,yonden
2018,7,2018-07-25,18:00,4750.0,0.0,3930.0,610.0,－－－－－－－－－－,10.0,70.0,0.0,0.0,0.0,340.0,-210.0,4750.0,yonden
2018,7,2018-07-25,19:00,4610.0,0.0,3980.0,620.0,－－－－－－－－－－,10.0,0.0,0.0,0.0,0.0,200.0,-200.0,4610.0,yonden
2018,7,2018-07-25,20:00,4340.0,0.0,3820.0,490.0,－－－－－－－－－－,20.0,0.0,0.0,10.0,0.0,170.0,-170.0,4340.0,yonden
2018,7,2018-07-25,21:00,4030.0,0.0,3700.0,430.0,－－－－－－－－－－,20.0,0.0,0.0,20.0,0.0,20.0,-160.0,4030.0,yonden
2018,7,2018-07-25,22:00,3690.0,0.0,3380.0,390.0,－－－－－－－－－－,20.0,0.0,0.0,20.0,0.0,0.0,-120.0,3690.0,yonden
2018,7,2018-07-25,23:00,3410.0,0.0,3170.0,370.0,－－－－－－－－－－,20.0,0.0,0.0,30.0,0.0,0.0,-180.0,3410.0,yonden
2018,7,2018-07-26,00:00,3100.0,0.0,3120.0,280.0,－－－－－－－－－－,10.0,0.0,0.0,30.0,0.0,-180.0,-160.0,3100.0,yonden
2018,7,2018-07-26,01:00,2910.0,0.0,2790.0,240.0,－－－－－－－－－－,20.0,0.0,0.0,20.0,0.0,-300.0,140.0,2910.0,yonden
2018,7,2018-07-26,02:00,2880.0,0.0,2790.0,240.0,－－－－－－－－－－,20.0,0.0,0.0,10.0,0.0,-300.0,120.0,2880.0,yonden
2018,7,2018-07-26,03:00,2940.0,0.0,2820.0,270.0,－－－－－－－－－－,10.0,0.0,0.0,10.0,0.0,-300.0,130.0,2940.0,yonden
2018,7,2018-07-26,04:00,3030.0,0.0,2810.0,240.0,－－－－－－－－－－,20.0,0.0,0.0,10.0,0.0,-300.0,250.0,3030.0,yonden
2018,7,2018-07-26,05:00,3150.0,0.0,2790.0,250.0,－－－－－－－－－－,20.0,30.0,0.0,0.0,0.0,-300.0,360.0,3150.0,yonden
2018,7,2018-07-26,06:00,3250.0,0.0,2710.0,210.0,－－－－－－－－－－,20.0,260.0,0.0,0.0,0.0,-300.0,350.0,3250.0,yonden
2018,7,2018-07-26,07:00,3520.0,0.0,2960.0,270.0,－－－－－－－－－－,20.0,560.0,0.0,0.0,0.0,-150.0,-140.0,3520.0,yonden
2018,7,2018-07-26,08:00,4190.0,0.0,3240.0,280.0,－－－－－－－－－－,20.0,850.0,0.0,0.0,0.0,0.0,-200.0,4190.0,yonden
2018,7,2018-07-26,09:00,4580.0,0.0,3270.0,340.0,－－－－－－－－－－,10.0,1110.0,0.0,0.0,0.0,0.0,-150.0,4580.0,yonden
2018,7,2018-07-26,10:00,4760.0,0.0,3120.0,390.0,－－－－－－－－－－,10.0,1290.0,0.0,0.0,0.0,0.0,-50.0,4760.0,yonden
2018,7,2018-07-26,11:00,4900.0,0.0,3260.0,410.0,－－－－－－－－－－,20.0,1370.0,0.0,0.0,0.0,0.0,-160.0,4900.0,yonden
2018,7,2018-07-26,12:00,4830.0,0.0,3070.0,360.0,－－－－－－－－－－,20.0,1390.0,0.0,0.0,0.0,0.0,-10.0,4830.0,yonden
2018,7,2018-07-26,13:00,5090.0,0.0,3440.0,350.0,－－－－－－－－－－,20.0,1340.0,0.0,0.0,0.0,0.0,-60.0,5090.0,yonden
2018,7,2018-07-26,14:00,5150.0,0.0,3690.0,330.0,－－－－－－－－－－,20.0,1200.0,0.0,0.0,0.0,0.0,-90.0,5150.0,yonden
2018,7,2018-07-26,15:00,5120.0,0.0,3850.0,370.0,－－－－－－－－－－,20.0,960.0,0.0,0.0,0.0,20.0,-100.0,5120.0,yonden
2018,7,2018-07-26,16:00,5120.0,0.0,3870.0,430.0,－－－－－－－－－－,10.0,640.0,0.0,0.0,0.0,190.0,-20.0,5120.0,yonden
2018,7,2018-07-26,17:00,4950.0,0.0,3840.0,500.0,－－－－－－－－－－,20.0,340.0,0.0,10.0,0.0,310.0,-70.0,4950.0,yonden
2018,7,2018-07-26,18:00,4780.0,0.0,3920.0,580.0,－－－－－－－－－－,10.0,80.0,0.0,20.0,0.0,320.0,-150.0,4780.0,yonden
2018,7,2018-07-26,19:00,4570.0,0.0,3850.0,570.0,－－－－－－－－－－,20.0,0.0,0.0,30.0,0.0,320.0,-220.0,4570.0,yonden
2018,7,2018-07-26,20:00,4310.0,0.0,3650.0,480.0,－－－－－－－－－－,20.0,0.0,0.0,30.0,0.0,310.0,-180.0,4310.0,yonden
2018,7,2018-07-26,21:00,3990.0,0.0,3380.0,370.0,－－－－－－－－－－,20.0,0.0,0.0,30.0,0.0,140.0,50.0,3990.0,yonden
2018,7,2018-07-26,22:00,3690.0,0.0,3170.0,300.0,－－－－－－－－－－,20.0,0.0,0.0,30.0,0.0,0.0,170.0,3690.0,yonden
2018,7,2018-07-26,23:00,3460.0,0.0,3060.0,280.0,－－－－－－－－－－,20.0,0.0,0.0,20.0,0.0,0.0,80.0,3460.0,yonden
2018,7,2018-07-27,00:00,3140.0,0.0,2990.0,230.0,－－－－－－－－－－,20.0,0.0,0.0,20.0,0.0,0.0,-120.0,3140.0,yonden
2018,7,2018-07-27,01:00,2970.0,0.0,3150.0,200.0,－－－－－－－－－－,10.0,0.0,0.0,20.0,0.0,-300.0,-110.0,2970.0,yonden
2018,7,2018-07-27,02:00,2940.0,0.0,3400.0,200.0,－－－－－－－－－－,20.0,0.0,0.0,20.0,0.0,-300.0,-400.0,2940.0,yonden
2018,7,2018-07-27,03:00,3020.0,0.0,3890.0,240.0,－－－－－－－－－－,20.0,0.0,0.0,10.0,0.0,-300.0,-840.0,3020.0,yonden
2018,7,2018-07-27,04:00,3100.0,0.0,3880.0,260.0,－－－－－－－－－－,20.0,0.0,0.0,0.0,0.0,-300.0,-760.0,3100.0,yonden
2018,7,2018-07-27,05:00,3210.0,0.0,3900.0,230.0,－－－－－－－－－－,20.0,30.0,0.0,0.0,0.0,0.0,-970.0,3210.0,yonden
2018,7,2018-07-27,06:00,3270.0,0.0,3840.0,250.0,－－－－－－－－－－,20.0,180.0,0.0,0.0,0.0,0.0,-1020.0,3270.0,yonden
2018,7,2018-07-27,07:00,3460.0,0.0,3860.0,270.0,－－－－－－－－－－,20.0,330.0,0.0,0.0,0.0,0.0,-1020.0,3460.0,yonden
2018,7,2018-07-27,08:00,4100.0,0.0,4210.0,320.0,－－－－－－－－－－,10.0,540.0,0.0,0.0,0.0,0.0,-980.0,4100.0,yonden
2018,7,2018-07-27,09:00,4410.0,0.0,4570.0,430.0,－－－－－－－－－－,20.0,690.0,0.0,0.0,0.0,0.0,-1300.0,4410.0,yonden
2018,7,2018-07-27,10:00,4510.0,0.0,4440.0,440.0,－－－－－－－－－－,20.0,980.0,0.0,0.0,0.0,0.0,-1370.0,4510.0,yonden
2018,7,2018-07-27,11:00,4640.0,0.0,4430.0,440.0,－－－－－－－－－－,20.0,1110.0,0.0,0.0,0.0,0.0,-1360.0,4640.0,yonden
2018,7,2018-07-27,12:00,4520.0,0.0,4190.0,380.0,－－－－－－－－－－,20.0,1190.0,0.0,0.0,0.0,0.0,-1260.0,4520.0,yonden
2018,7,2018-07-27,13:00,4740.0,0.0,4430.0,380.0,－－－－－－－－－－,20.0,1200.0,0.0,10.0,0.0,0.0,-1300.0,4740.0,yonden
2018,7,2018-07-27,14:00,4800.0,0.0,4600.0,410.0,－－－－－－－－－－,20.0,1100.0,0.0,20.0,0.0,0.0,-1350.0,4800.0,yonden
2018,7,2018-07-27,15:00,4790.0,0.0,4480.0,380.0,－－－－－－－－－－,10.0,940.0,0.0,20.0,0.0,0.0,-1040.0,4790.0,yonden
2018,7,2018-07-27,16:00,4830.0,0.0,4600.0,460.0,－－－－－－－－－－,20.0,670.0,0.0,30.0,0.0,50.0,-1000.0,4830.0,yonden
2018,7,2018-07-27,17:00,4660.0,0.0,4480.0,550.0,－－－－－－－－－－,20.0,340.0,0.0,40.0,0.0,230.0,-1000.0,4660.0,yonden
2018,7,2018-07-27,18:00,4440.0,0.0,4390.0,630.0,－－－－－－－－－－,20.0,90.0,0.0,40.0,0.0,300.0,-1030.0,4440.0,yonden
2018,7,2018-07-27,19:00,4230.0,0.0,4370.0,590.0,－－－－－－－－－－,20.0,0.0,0.0,50.0,0.0,250.0,-1050.0,4230.0,yonden
2018,7,2018-07-27,20:00,3990.0,0.0,4070.0,520.0,－－－－－－－－－－,20.0,0.0,0.0,40.0,0.0,70.0,-730.0,3990.0,yonden
2018,7,2018-07-27,21:00,3730.0,0.0,3760.0,420.0,－－－－－－－－－－,20.0,0.0,0.0,40.0,0.0,0.0,-510.0,3730.0,yonden
2018,7,2018-07-27,22:00,3450.0,0.0,3600.0,340.0,－－－－－－－－－－,20.0,0.0,0.0,40.0,0.0,0.0,-550.0,3450.0,yonden
2018,7,2018-07-27,23:00,3220.0,0.0,3640.0,300.0,－－－－－－－－－－,20.0,0.0,0.0,30.0,0.0,0.0,-770.0,3220.0,yonden
2018,7,2018-07-28,00:00,2960.0,0.0,3420.0,290.0,－－－－－－－－－－,20.0,0.0,0.0,30.0,0.0,0.0,-800.0,2960.0,yonden
2018,7,2018-07-28,01:00,2800.0,0.0,3170.0,280.0,－－－－－－－－－－,20.0,0.0,0.0,20.0,0.0,0.0,-690.0,2800.0,yonden
2018,7,2018-07-28,02:00,2790.0,0.0,3110.0,270.0,－－－－－－－－－－,20.0,0.0,0.0,10.0,0.0,0.0,-620.0,2790.0,yonden
2018,7,2018-07-28,03:00,2870.0,0.0,3120.0,370.0,－－－－－－－－－－,20.0,0.0,0.0,10.0,0.0,-300.0,-350.0,2870.0,yonden
2018,7,2018-07-28,04:00,2940.0,0.0,2950.0,380.0,－－－－－－－－－－,20.0,0.0,0.0,10.0,0.0,-300.0,-120.0,2940.0,yonden
2018,7,2018-07-28,05:00,2990.0,0.0,3020.0,300.0,－－－－－－－－－－,20.0,20.0,0.0,10.0,0.0,-300.0,-80.0,2990.0,yonden
2018,7,2018-07-28,06:00,2890.0,0.0,2960.0,290.0,－－－－－－－－－－,20.0,150.0,0.0,10.0,0.0,-300.0,-240.0,2890.0,yonden
2018,7,2018-07-28,07:00,2950.0,0.0,3080.0,290.0,－－－－－－－－－－,20.0,320.0,0.0,20.0,0.0,-300.0,-480.0,2950.0,yonden
2018,7,2018-07-28,08:00,3320.0,0.0,3060.0,290.0,－－－－－－－－－－,20.0,470.0,0.0,20.0,0.0,-40.0,-500.0,3320.0,yonden
2018,7,2018-07-28,09:00,3550.0,0.0,3140.0,330.0,－－－－－－－－－－,20.0,630.0,0.0,30.0,0.0,0.0,-600.0,3550.0,yonden
2018,7,2018-07-28,10:00,3680.0,0.0,3350.0,310.0,－－－－－－－－－－,10.0,770.0,0.0,30.0,0.0,0.0,-790.0,3680.0,yonden
2018,7,2018-07-28,11:00,3740.0,0.0,3410.0,310.0,－－－－－－－－－－,20.0,820.0,0.0,40.0,0.0,0.0,-860.0,3740.0,yonden
2018,7,2018-07-28,12:00,3720.0,0.0,3620.0,360.0,－－－－－－－－－－,20.0,780.0,0.0,40.0,0.0,0.0,-1100.0,3720.0,yonden
2018,7,2018-07-28,13:00,3770.0,0.0,3630.0,360.0,－－－－－－－－－－,20.0,590.0,0.0,20.0,0.0,60.0,-910.0,3770.0,yonden
2018,7,2018-07-28,14:00,3730.0,0.0,3590.0,360.0,－－－－－－－－－－,20.0,500.0,0.0,20.0,0.0,0.0,-760.0,3730.0,yonden
2018,7,2018-07-28,15:00,3690.0,0.0,3570.0,330.0,－－－－－－－－－－,10.0,420.0,0.0,20.0,0.0,0.0,-660.0,3690.0,yonden
2018,7,2018-07-28,16:00,3700.0,0.0,3410.0,400.0,－－－－－－－－－－,10.0,360.0,0.0,30.0,0.0,0.0,-510.0,3700.0,yonden
2018,7,2018-07-28,17:00,3660.0,0.0,3500.0,420.0,－－－－－－－－－－,20.0,180.0,0.0,40.0,0.0,0.0,-500.0,3660.0,yonden
2018,7,2018-07-28,18:00,3670.0,0.0,3730.0,470.0,－－－－－－－－－－,20.0,40.0,0.0,50.0,0.0,0.0,-640.0,3670.0,yonden
2018,7,2018-07-28,19:00,3650.0,0.0,4000.0,440.0,－－－－－－－－－－,20.0,0.0,0.0,60.0,0.0,0.0,-870.0,3650.0,yonden
2018,7,2018-07-28,20:00,3490.0,0.0,3900.0,390.0,－－－－－－－－－－,20.0,0.0,0.0,80.0,0.0,0.0,-900.0,3490.0,yonden
2018,7,2018-07-28,21:00,3270.0,0.0,3690.0,330.0,－－－－－－－－－－,20.0,0.0,0.0,90.0,0.0,0.0,-860.0,3270.0,yonden
2018,7,2018-07-28,22:00,3030.0,0.0,3340.0,310.0,－－－－－－－－－－,10.0,0.0,0.0,100.0,0.0,0.0,-730.0,3030.0,yonden
2018,7,2018-07-28,23:00,2920.0,0.0,2870.0,300.0,－－－－－－－－－－,20.0,0.0,0.0,100.0,0.0,0.0,-370.0,2920.0,yonden
2018,7,2018-07-29,00:00,2660.0,0.0,2960.0,280.0,－－－－－－－－－－,20.0,0.0,0.0,80.0,0.0,0.0,-680.0,2660.0,yonden
2018,7,2018-07-29,01:00,2530.0,0.0,3290.0,290.0,－－－－－－－－－－,20.0,0.0,0.0,90.0,0.0,0.0,-1160.0,2530.0,yonden
2018,7,2018-07-29,02:00,2540.0,0.0,2860.0,270.0,－－－－－－－－－－,20.0,0.0,0.0,90.0,0.0,0.0,-700.0,2540.0,yonden
2018,7,2018-07-29,03:00,2610.0,0.0,2870.0,270.0,－－－－－－－－－－,20.0,0.0,0.0,90.0,0.0,0.0,-640.0,2610.0,yonden
2018,7,2018-07-29,04:00,2720.0,0.0,3180.0,320.0,－－－－－－－－－－,20.0,0.0,0.0,110.0,0.0,0.0,-910.0,2720.0,yonden
2018,7,2018-07-29,05:00,2770.0,0.0,2840.0,330.0,－－－－－－－－－－,20.0,20.0,0.0,100.0,0.0,0.0,-540.0,2770.0,yonden
2018,7,2018-07-29,06:00,2630.0,0.0,2900.0,300.0,－－－－－－－－－－,20.0,50.0,0.0,110.0,0.0,0.0,-750.0,2630.0,yonden
2018,7,2018-07-29,07:00,2550.0,0.0,3170.0,330.0,－－－－－－－－－－,20.0,70.0,0.0,110.0,0.0,0.0,-1150.0,2550.0,yonden
2018,7,2018-07-29,08:00,2770.0,0.0,3390.0,360.0,－－－－－－－－－－,20.0,120.0,0.0,110.0,0.0,0.0,-1230.0,2770.0,yonden
2018,7,2018-07-29,09:00,2920.0,0.0,3540.0,400.0,－－－－－－－－－－,20.0,170.0,0.0,100.0,0.0,0.0,-1310.0,2920.0,yonden
2018,7,2018-07-29,10:00,2940.0,0.0,3460.0,380.0,－－－－－－－－－－,10.0,350.0,0.0,90.0,0.0,0.0,-1350.0,2940.0,yonden
2018,7,2018-07-29,11:00,2980.0,0.0,3250.0,370.0,－－－－－－－－－－,20.0,520.0,0.0,70.0,0.0,0.0,-1250.0,2980.0,yonden
2018,7,2018-07-29,12:00,3060.0,0.0,3210.0,370.0,－－－－－－－－－－,20.0,680.0,0.0,60.0,0.0,0.0,-1280.0,3060.0,yonden
2018,7,2018-07-29,13:00,3090.0,0.0,2890.0,400.0,－－－－－－－－－－,10.0,630.0,0.0,40.0,0.0,0.0,-880.0,3090.0,yonden
2018,7,2018-07-29,14:00,3050.0,0.0,2700.0,340.0,－－－－－－－－－－,10.0,640.0,0.0,40.0,0.0,0.0,-680.0,3050.0,yonden
2018,7,2018-07-29,15:00,3090.0,0.0,3210.0,400.0,－－－－－－－－－－,10.0,610.0,0.0,80.0,0.0,0.0,-1220.0,3090.0,yonden
2018,7,2018-07-29,16:00,3200.0,0.0,3530.0,400.0,－－－－－－－－－－,10.0,500.0,0.0,120.0,0.0,0.0,-1360.0,3200.0,yonden
2018,7,2018-07-29,17:00,3300.0,0.0,3300.0,470.0,－－－－－－－－－－,20.0,280.0,0.0,120.0,0.0,0.0,-890.0,3300.0,yonden
2018,7,2018-07-29,18:00,3310.0,0.0,3370.0,500.0,－－－－－－－－－－,20.0,70.0,0.0,100.0,0.0,0.0,-750.0,3310.0,yonden
2018,7,2018-07-29,19:00,3280.0,0.0,3890.0,480.0,－－－－－－－－－－,20.0,0.0,0.0,80.0,0.0,0.0,-1190.0,3280.0,yonden
2018,7,2018-07-29,20:00,3170.0,0.0,3820.0,470.0,－－－－－－－－－－,20.0,0.0,0.0,90.0,0.0,0.0,-1230.0,3170.0,yonden
2018,7,2018-07-29,21:00,2980.0,0.0,3260.0,440.0,－－－－－－－－－－,20.0,0.0,0.0,90.0,0.0,0.0,-830.0,2980.0,yonden
2018,7,2018-07-29,22:00,2780.0,0.0,2960.0,410.0,－－－－－－－－－－,20.0,0.0,0.0,90.0,0.0,0.0,-700.0,2780.0,yonden
2018,7,2018-07-29,23:00,2660.0,0.0,3330.0,420.0,－－－－－－－－－－,20.0,0.0,0.0,90.0,0.0,0.0,-1200.0,2660.0,yonden
2018,7,2018-07-30,00:00,2490.0,0.0,3310.0,430.0,－－－－－－－－－－,10.0,0.0,0.0,90.0,0.0,0.0,-1350.0,2490.0,yonden
2018,7,2018-07-30,01:00,2410.0,0.0,3350.0,470.0,－－－－－－－－－－,10.0,0.0,0.0,90.0,0.0,-290.0,-1220.0,2410.0,yonden
2018,7,2018-07-30,02:00,2450.0,0.0,3380.0,510.0,－－－－－－－－－－,10.0,0.0,0.0,90.0,0.0,-290.0,-1250.0,2450.0,yonden
2018,7,2018-07-30,03:00,2570.0,0.0,3460.0,520.0,－－－－－－－－－－,10.0,0.0,0.0,100.0,0.0,-290.0,-1230.0,2570.0,yonden
2018,7,2018-07-30,04:00,2710.0,0.0,3450.0,460.0,－－－－－－－－－－,10.0,0.0,0.0,90.0,0.0,0.0,-1300.0,2710.0,yonden
2018,7,2018-07-30,05:00,2810.0,0.0,3420.0,480.0,－－－－－－－－－－,20.0,20.0,0.0,90.0,0.0,0.0,-1220.0,2810.0,yonden
2018,7,2018-07-30,06:00,2830.0,0.0,3360.0,470.0,－－－－－－－－－－,20.0,190.0,0.0,90.0,0.0,0.0,-1300.0,2830.0,yonden
2018,7,2018-07-30,07:00,3030.0,0.0,3400.0,490.0,－－－－－－－－－－,10.0,360.0,0.0,70.0,0.0,0.0,-1300.0,3030.0,yonden
2018,7,2018-07-30,08:00,3670.0,0.0,3740.0,530.0,－－－－－－－－－－,20.0,490.0,0.0,60.0,0.0,0.0,-1170.0,3670.0,yonden
2018,7,2018-07-30,09:00,3920.0,0.0,4000.0,530.0,－－－－－－－－－－,20.0,650.0,0.0,50.0,0.0,0.0,-1330.0,3920.0,yonden
2018,7,2018-07-30,10:00,4110.0,0.0,3850.0,600.0,－－－－－－－－－－,10.0,910.0,0.0,60.0,0.0,0.0,-1320.0,4110.0,yonden
2018,7,2018-07-30,11:00,4250.0,0.0,3870.0,580.0,－－－－－－－－－－,20.0,1090.0,0.0,60.0,0.0,0.0,-1370.0,4250.0,yonden
2018,7,2018-07-30,12:00,4150.0,0.0,3910.0,520.0,－－－－－－－－－－,10.0,1100.0,0.0,60.0,0.0,0.0,-1450.0,4150.0,yonden
2018,7,2018-07-30,13:00,4400.0,0.0,4050.0,580.0,－－－－－－－－－－,20.0,940.0,0.0,70.0,0.0,0.0,-1260.0,4400.0,yonden
2018,7,2018-07-30,14:00,4380.0,0.0,4110.0,550.0,－－－－－－－－－－,20.0,730.0,0.0,70.0,0.0,0.0,-1100.0,4380.0,yonden
2018,7,2018-07-30,15:00,4330.0,0.0,4150.0,580.0,－－－－－－－－－－,20.0,510.0,0.0,60.0,0.0,0.0,-990.0,4330.0,yonden
2018,7,2018-07-30,16:00,4320.0,0.0,4120.0,580.0,－－－－－－－－－－,20.0,440.0,0.0,70.0,0.0,0.0,-910.0,4320.0,yonden
2018,7,2018-07-30,17:00,4220.0,0.0,4110.0,610.0,－－－－－－－－－－,10.0,300.0,0.0,70.0,0.0,0.0,-880.0,4220.0,yonden
2018,7,2018-07-30,18:00,4100.0,0.0,4220.0,610.0,－－－－－－－－－－,20.0,80.0,0.0,70.0,0.0,0.0,-900.0,4100.0,yonden
2018,7,2018-07-30,19:00,3930.0,0.0,4200.0,600.0,－－－－－－－－－－,20.0,0.0,0.0,70.0,0.0,0.0,-960.0,3930.0,yonden
2018,7,2018-07-30,20:00,3710.0,0.0,4000.0,560.0,－－－－－－－－－－,20.0,0.0,0.0,70.0,0.0,0.0,-940.0,3710.0,yonden
2018,7,2018-07-30,21:00,3450.0,0.0,3800.0,520.0,－－－－－－－－－－,20.0,0.0,0.0,60.0,0.0,0.0,-950.0,3450.0,yonden
2018,7,2018-07-30,22:00,3180.0,0.0,3720.0,480.0,－－－－－－－－－－,20.0,0.0,0.0,70.0,0.0,0.0,-1110.0,3180.0,yonden
2018,7,2018-07-30,23:00,2990.0,0.0,3720.0,450.0,－－－－－－－－－－,20.0,0.0,0.0,80.0,0.0,0.0,-1280.0,2990.0,yonden
2018,7,2018-07-31,00:00,2770.0,0.0,3780.0,390.0,－－－－－－－－－－,10.0,0.0,0.0,80.0,0.0,0.0,-1490.0,2770.0,yonden
2018,7,2018-07-31,01:00,2650.0,0.0,3810.0,370.0,－－－－－－－－－－,10.0,0.0,0.0,70.0,0.0,0.0,-1610.0,2650.0,yonden
2018,7,2018-07-31,02:00,2670.0,0.0,3800.0,390.0,－－－－－－－－－－,10.0,0.0,0.0,60.0,0.0,0.0,-1590.0,2670.0,yonden
2018,7,2018-07-31,03:00,2780.0,0.0,3820.0,400.0,－－－－－－－－－－,10.0,0.0,0.0,70.0,0.0,0.0,-1520.0,2780.0,yonden
2018,7,2018-07-31,04:00,2890.0,0.0,3770.0,400.0,－－－－－－－－－－,20.0,0.0,0.0,70.0,0.0,0.0,-1370.0,2890.0,yonden
2018,7,2018-07-31,05:00,2980.0,0.0,3770.0,410.0,－－－－－－－－－－,10.0,30.0,0.0,70.0,0.0,0.0,-1310.0,2980.0,yonden
2018,7,2018-07-31,06:00,3010.0,0.0,3610.0,380.0,－－－－－－－－－－,20.0,230.0,0.0,70.0,0.0,0.0,-1300.0,3010.0,yonden
2018,7,2018-07-31,07:00,3190.0,0.0,3540.0,360.0,－－－－－－－－－－,20.0,480.0,0.0,50.0,0.0,0.0,-1260.0,3190.0,yonden
2018,7,2018-07-31,08:00,3810.0,0.0,3840.0,370.0,－－－－－－－－－－,20.0,690.0,0.0,50.0,0.0,0.0,-1160.0,3810.0,yonden
2018,7,2018-07-31,09:00,4120.0,0.0,3980.0,490.0,－－－－－－－－－－,20.0,840.0,0.0,50.0,0.0,0.0,-1260.0,4120.0,yonden
2018,7,2018-07-31,10:00,4270.0,0.0,4220.0,510.0,－－－－－－－－－－,20.0,990.0,0.0,50.0,0.0,0.0,-1520.0,4270.0,yonden
2018,7,2018-07-31,11:00,4400.0,0.0,4390.0,520.0,－－－－－－－－－－,20.0,1080.0,0.0,50.0,0.0,0.0,-1660.0,4400.0,yonden
2018,7,2018-07-31,12:00,4270.0,0.0,4360.0,400.0,－－－－－－－－－－,20.0,1040.0,0.0,40.0,0.0,0.0,-1590.0,4270.0,yonden
2018,7,2018-07-31,13:00,4510.0,0.0,4600.0,440.0,－－－－－－－－－－,20.0,1030.0,0.0,40.0,0.0,0.0,-1620.0,4510.0,yonden
2018,7,2018-07-31,14:00,4540.0,0.0,4600.0,500.0,－－－－－－－－－－,10.0,840.0,0.0,60.0,0.0,0.0,-1470.0,4540.0,yonden
2018,7,2018-07-31,15:00,4500.0,0.0,4550.0,510.0,－－－－－－－－－－,10.0,740.0,0.0,60.0,0.0,0.0,-1370.0,4500.0,yonden
2018,7,2018-07-31,16:00,4550.0,0.0,4540.0,600.0,－－－－－－－－－－,10.0,610.0,0.0,70.0,0.0,0.0,-1280.0,4550.0,yonden
2018,7,2018-07-31,17:00,4450.0,0.0,4500.0,630.0,－－－－－－－－－－,10.0,370.0,0.0,70.0,0.0,0.0,-1130.0,4450.0,yonden
2018,7,2018-07-31,18:00,4290.0,0.0,4540.0,600.0,－－－－－－－－－－,20.0,90.0,0.0,80.0,0.0,0.0,-1040.0,4290.0,yonden
2018,7,2018-07-31,19:00,4100.0,0.0,4500.0,580.0,－－－－－－－－－－,20.0,0.0,0.0,80.0,0.0,0.0,-1080.0,4100.0,yonden
2018,7,2018-07-31,20:00,3860.0,0.0,4420.0,530.0,－－－－－－－－－－,20.0,0.0,0.0,80.0,0.0,0.0,-1190.0,3860.0,yonden
2018,7,2018-07-31,21:00,3570.0,0.0,4210.0,460.0,－－－－－－－－－－,20.0,0.0,0.0,80.0,0.0,0.0,-1200.0,3570.0,yonden
2018,7,2018-07-31,22:00,3290.0,0.0,4040.0,380.0,－－－－－－－－－－,20.0,0.0,0.0,80.0,0.0,0.0,-1230.0,3290.0,yonden
2018,7,2018-07-31,23:00,3080.0,0.0,3840.0,310.0,－－－－－－－－－－,20.0,0.0,0.0,80.0,0.0,0.0,-1170.0,3080.0,yonden
2018,8,2018-08-01,00:00,2840.0,0.0,3740.0,310.0,－－－－－－－－－－,10.0,0.0,0.0,80.0,0.0,0.0,-1300.0,2840.0,yonden
2018,8,2018-08-01,01:00,2730.0,0.0,3720.0,280.0,－－－－－－－－－－,10.0,0.0,0.0,80.0,0.0,0.0,-1360.0,2730.0,yonden
2018,8,2018-08-01,02:00,2750.0,0.0,3750.0,280.0,－－－－－－－－－－,10.0,0.0,0.0,70.0,0.0,0.0,-1360.0,2750.0,yonden
2018,8,2018-08-01,03:00,2860.0,0.0,3760.0,330.0,－－－－－－－－－－,10.0,0.0,0.0,70.0,0.0,0.0,-1310.0,2860.0,yonden
2018,8,2018-08-01,04:00,2960.0,0.0,3740.0,370.0,－－－－－－－－－－,10.0,0.0,0.0,60.0,0.0,0.0,-1220.0,2960.0,yonden
2018,8,2018-08-01,05:00,3030.0,0.0,3720.0,360.0,－－－－－－－－－－,10.0,30.0,0.0,60.0,0.0,0.0,-1150.0,3030.0,yonden
2018,8,2018-08-01,06:00,3070.0,0.0,3700.0,330.0,－－－－－－－－－－,10.0,210.0,0.0,60.0,0.0,0.0,-1240.0,3070.0,yonden
2018,8,2018-08-01,07:00,3260.0,0.0,3640.0,340.0,－－－－－－－－－－,10.0,480.0,0.0,50.0,0.0,0.0,-1260.0,3260.0,yonden
2018,8,2018-08-01,08:00,3900.0,0.0,3860.0,420.0,－－－－－－－－－－,10.0,730.0,0.0,50.0,0.0,0.0,-1170.0,3900.0,yonden
2018,8,2018-08-01,09:00,4250.0,0.0,4020.0,530.0,－－－－－－－－－－,10.0,950.0,0.0,40.0,0.0,0.0,-1300.0,4250.0,yonden
2018,8,2018-08-01,10:00,4400.0,0.0,4080.0,570.0,－－－－－－－－－－,10.0,1180.0,0.0,30.0,0.0,0.0,-1470.0,4400.0,yonden
2018,8,2018-08-01,11:00,4550.0,0.0,4220.0,570.0,－－－－－－－－－－,10.0,1340.0,0.0,40.0,0.0,0.0,-1630.0,4550.0,yonden
2018,8,2018-08-01,12:00,4500.0,0.0,4270.0,440.0,－－－－－－－－－－,10.0,1320.0,0.0,50.0,0.0,0.0,-1590.0,4500.0,yonden
2018,8,2018-08-01,13:00,4700.0,0.0,4430.0,490.0,－－－－－－－－－－,10.0,1210.0,0.0,50.0,0.0,0.0,-1490.0,4700.0,yonden
2018,8,2018-08-01,14:00,4780.0,0.0,4490.0,500.0,－－－－－－－－－－,10.0,1150.0,0.0,50.0,0.0,0.0,-1420.0,4780.0,yonden
2018,8,2018-08-01,15:00,4810.0,0.0,4550.0,540.0,－－－－－－－－－－,10.0,960.0,0.0,40.0,0.0,0.0,-1290.0,4810.0,yonden
2018,8,2018-08-01,16:00,4810.0,0.0,4750.0,580.0,－－－－－－－－－－,10.0,660.0,0.0,30.0,0.0,0.0,-1220.0,4810.0,yonden
2018,8,2018-08-01,17:00,4670.0,0.0,4740.0,610.0,－－－－－－－－－－,10.0,380.0,0.0,30.0,0.0,0.0,-1100.0,4670.0,yonden
2018,8,2018-08-01,18:00,4480.0,0.0,4770.0,610.0,－－－－－－－－－－,10.0,90.0,0.0,30.0,0.0,0.0,-1030.0,4480.0,yonden
2018,8,2018-08-01,19:00,4310.0,0.0,4810.0,570.0,－－－－－－－－－－,10.0,0.0,0.0,40.0,0.0,0.0,-1120.0,4310.0,yonden
2018,8,2018-08-01,20:00,4060.0,0.0,4780.0,540.0,－－－－－－－－－－,10.0,0.0,0.0,20.0,0.0,0.0,-1290.0,4060.0,yonden
2018,8,2018-08-01,21:00,3760.0,0.0,4570.0,480.0,－－－－－－－－－－,10.0,0.0,0.0,20.0,0.0,0.0,-1320.0,3760.0,yonden
2018,8,2018-08-01,22:00,3430.0,0.0,4320.0,450.0,－－－－－－－－－－,10.0,0.0,0.0,30.0,0.0,0.0,-1380.0,3430.0,yonden
2018,8,2018-08-01,23:00,3210.0,0.0,4110.0,390.0,－－－－－－－－－－,10.0,0.0,0.0,30.0,0.0,0.0,-1330.0,3210.0,yonden
2018,8,2018-08-02,00:00,2960.0,0.0,3880.0,280.0,－－－－－－－－－－,10.0,0.0,0.0,30.0,0.0,0.0,-1240.0,2960.0,yonden
2018,8,2018-08-02,01:00,2800.0,0.0,3830.0,260.0,－－－－－－－－－－,10.0,0.0,0.0,20.0,0.0,0.0,-1320.0,2800.0,yonden
2018,8,2018-08-02,02:00,2800.0,0.0,3820.0,350.0,－－－－－－－－－－,10.0,0.0,0.0,30.0,0.0,0.0,-1410.0,2800.0,yonden
2018,8,2018-08-02,03:00,2880.0,0.0,3780.0,390.0,－－－－－－－－－－,10.0,0.0,0.0,20.0,0.0,0.0,-1320.0,2880.0,yonden
2018,8,2018-08-02,04:00,2980.0,0.0,3710.0,400.0,－－－－－－－－－－,10.0,0.0,0.0,20.0,0.0,0.0,-1160.0,2980.0,yonden
2018,8,2018-08-02,05:00,3070.0,0.0,3710.0,350.0,－－－－－－－－－－,10.0,20.0,0.0,20.0,0.0,0.0,-1040.0,3070.0,yonden
2018,8,2018-08-02,06:00,3140.0,0.0,3750.0,330.0,－－－－－－－－－－,10.0,250.0,0.0,20.0,0.0,0.0,-1220.0,3140.0,yonden
2018,8,2018-08-02,07:00,3320.0,0.0,3640.0,340.0,－－－－－－－－－－,10.0,570.0,0.0,20.0,0.0,0.0,-1260.0,3320.0,yonden
2018,8,2018-08-02,08:00,3970.0,0.0,3850.0,430.0,－－－－－－－－－－,10.0,890.0,0.0,10.0,0.0,0.0,-1220.0,3970.0,yonden
2018,8,2018-08-02,09:00,4360.0,0.0,3960.0,460.0,－－－－－－－－－－,10.0,1150.0,0.0,20.0,0.0,0.0,-1240.0,4360.0,yonden
2018,8,2018-08-02,10:00,4520.0,0.0,4110.0,500.0,－－－－－－－－－－,10.0,1320.0,0.0,10.0,0.0,0.0,-1430.0,4520.0,yonden
2018,8,2018-08-02,11:00,4660.0,0.0,4190.0,480.0,－－－－－－－－－－,10.0,1400.0,0.0,10.0,0.0,0.0,-1430.0,4660.0,yonden
2018,8,2018-08-02,12:00,4610.0,0.0,4230.0,380.0,－－－－－－－－－－,10.0,1440.0,0.0,20.0,0.0,0.0,-1470.0,4610.0,yonden
2018,8,2018-08-02,13:00,4840.0,0.0,4290.0,390.0,－－－－－－－－－－,10.0,1370.0,0.0,20.0,0.0,0.0,-1240.0,4840.0,yonden
2018,8,2018-08-02,14:00,4900.0,0.0,4380.0,390.0,－－－－－－－－－－,10.0,1230.0,0.0,30.0,0.0,0.0,-1140.0,4900.0,yonden
2018,8,2018-08-02,15:00,4940.0,0.0,4600.0,450.0,－－－－－－－－－－,10.0,1030.0,0.0,30.0,0.0,0.0,-1180.0,4940.0,yonden
2018,8,2018-08-02,16:00,5000.0,0.0,4880.0,530.0,－－－－－－－－－－,10.0,730.0,0.0,30.0,0.0,60.0,-1240.0,5000.0,yonden
2018,8,2018-08-02,17:00,4890.0,0.0,4940.0,620.0,－－－－－－－－－－,10.0,400.0,0.0,30.0,0.0,290.0,-1400.0,4890.0,yonden
2018,8,2018-08-02,18:00,4680.0,0.0,5020.0,620.0,－－－－－－－－－－,10.0,100.0,0.0,50.0,0.0,320.0,-1440.0,4680.0,yonden
2018,8,2018-08-02,19:00,4450.0,0.0,4890.0,600.0,－－－－－－－－－－,10.0,0.0,0.0,60.0,0.0,160.0,-1270.0,4450.0,yonden
2018,8,2018-08-02,20:00,4200.0,0.0,4880.0,540.0,－－－－－－－－－－,10.0,0.0,0.0,50.0,0.0,0.0,-1280.0,4200.0,yonden
2018,8,2018-08-02,21:00,3870.0,0.0,4730.0,450.0,－－－－－－－－－－,10.0,0.0,0.0,30.0,0.0,0.0,-1350.0,3870.0,yonden
2018,8,2018-08-02,22:00,3530.0,0.0,4380.0,360.0,－－－－－－－－－－,10.0,0.0,0.0,30.0,0.0,0.0,-1250.0,3530.0,yonden
2018,8,2018-08-02,23:00,3300.0,0.0,4250.0,290.0,－－－－－－－－－－,10.0,0.0,0.0,30.0,0.0,0.0,-1280.0,3300.0,yonden
2018,8,2018-08-03,00:00,3010.0,0.0,4000.0,210.0,－－－－－－－－－－,10.0,0.0,0.0,30.0,0.0,0.0,-1240.0,3010.0,yonden
2018,8,2018-08-03,01:00,2850.0,0.0,3910.0,210.0,－－－－－－－－－－,10.0,0.0,0.0,40.0,0.0,0.0,-1320.0,2850.0,yonden
2018,8,2018-08-03,02:00,2840.0,0.0,3900.0,270.0,－－－－－－－－－－,10.0,0.0,0.0,50.0,0.0,0.0,-1390.0,2840.0,yonden
2018,8,2018-08-03,03:00,2920.0,0.0,3870.0,350.0,－－－－－－－－－－,10.0,0.0,0.0,40.0,0.0,0.0,-1350.0,2920.0,yonden
2018,8,2018-08-03,04:00,3030.0,0.0,3880.0,320.0,－－－－－－－－－－,10.0,0.0,0.0,40.0,0.0,0.0,-1220.0,3030.0,yonden
2018,8,2018-08-03,05:00,3110.0,0.0,3890.0,260.0,－－－－－－－－－－,10.0,20.0,0.0,30.0,0.0,0.0,-1100.0,3110.0,yonden
2018,8,2018-08-03,06:00,3200.0,0.0,3870.0,240.0,－－－－－－－－－－,10.0,240.0,0.0,30.0,0.0,0.0,-1190.0,3200.0,yonden
2018,8,2018-08-03,07:00,3440.0,0.0,3840.0,240.0,－－－－－－－－－－,10.0,560.0,0.0,20.0,0.0,0.0,-1230.0,3440.0,yonden
2018,8,2018-08-03,08:00,4100.0,0.0,3950.0,280.0,－－－－－－－－－－,10.0,900.0,0.0,20.0,0.0,0.0,-1060.0,4100.0,yonden
2018,8,2018-08-03,09:00,4510.0,0.0,4100.0,420.0,－－－－－－－－－－,10.0,1180.0,0.0,10.0,0.0,0.0,-1210.0,4510.0,yonden
2018,8,2018-08-03,10:00,4670.0,0.0,4230.0,440.0,－－－－－－－－－－,10.0,1360.0,0.0,10.0,0.0,0.0,-1380.0,4670.0,yonden
2018,8,2018-08-03,11:00,4820.0,0.0,4360.0,440.0,－－－－－－－－－－,10.0,1450.0,0.0,10.0,0.0,0.0,-1450.0,4820.0,yonden
2018,8,2018-08-03,12:00,4750.0,0.0,4380.0,330.0,－－－－－－－－－－,10.0,1480.0,0.0,10.0,0.0,0.0,-1460.0,4750.0,yonden
2018,8,2018-08-03,13:00,4980.0,0.0,4410.0,340.0,－－－－－－－－－－,10.0,1430.0,0.0,10.0,0.0,0.0,-1220.0,4980.0,yonden
2018,8,2018-08-03,14:00,5030.0,0.0,4490.0,390.0,－－－－－－－－－－,10.0,1290.0,0.0,10.0,0.0,0.0,-1160.0,5030.0,yonden
2018,8,2018-08-03,15:00,5100.0,0.0,4770.0,470.0,－－－－－－－－－－,10.0,1050.0,0.0,10.0,0.0,0.0,-1210.0,5100.0,yonden
2018,8,2018-08-03,16:00,5150.0,0.0,4950.0,540.0,－－－－－－－－－－,10.0,710.0,0.0,10.0,0.0,110.0,-1180.0,5150.0,yonden
2018,8,2018-08-03,17:00,4930.0,0.0,4950.0,640.0,－－－－－－－－－－,10.0,370.0,0.0,10.0,0.0,230.0,-1280.0,4930.0,yonden
2018,8,2018-08-03,18:00,4690.0,0.0,4950.0,640.0,－－－－－－－－－－,10.0,90.0,0.0,0.0,0.0,290.0,-1290.0,4690.0,yonden
2018,8,2018-08-03,19:00,4470.0,0.0,4960.0,600.0,－－－－－－－－－－,10.0,0.0,0.0,0.0,0.0,160.0,-1260.0,4470.0,yonden
2018,8,2018-08-03,20:00,4210.0,0.0,4930.0,560.0,－－－－－－－－－－,10.0,0.0,0.0,0.0,0.0,0.0,-1290.0,4210.0,yonden
2018,8,2018-08-03,21:00,3900.0,0.0,4800.0,400.0,－－－－－－－－－－,10.0,0.0,0.0,10.0,0.0,0.0,-1320.0,3900.0,yonden
2018,8,2018-08-03,22:00,3580.0,0.0,4440.0,310.0,－－－－－－－－－－,10.0,0.0,0.0,10.0,0.0,0.0,-1190.0,3580.0,yonden
2018,8,2018-08-03,23:00,3370.0,0.0,4220.0,280.0,－－－－－－－－－－,10.0,0.0,0.0,10.0,0.0,0.0,-1150.0,3370.0,yonden
2018,8,2018-08-04,00:00,3070.0,0.0,3910.0,210.0,－－－－－－－－－－,10.0,0.0,0.0,10.0,0.0,0.0,-1070.0,3070.0,yonden
2018,8,2018-08-04,01:00,2890.0,0.0,3760.0,190.0,－－－－－－－－－－,10.0,0.0,0.0,20.0,0.0,0.0,-1090.0,2890.0,yonden
2018,8,2018-08-04,02:00,2860.0,0.0,3680.0,190.0,－－－－－－－－－－,10.0,0.0,0.0,20.0,0.0,0.0,-1040.0,2860.0,yonden
2018,8,2018-08-04,03:00,2920.0,0.0,3700.0,230.0,－－－－－－－－－－,10.0,0.0,0.0,30.0,0.0,0.0,-1050.0,2920.0,yonden
2018,8,2018-08-04,04:00,2970.0,0.0,3660.0,240.0,－－－－－－－－－－,10.0,0.0,0.0,40.0,0.0,0.0,-980.0,2970.0,yonden
2018,8,2018-08-04,05:00,3020.0,0.0,3680.0,220.0,－－－－－－－－－－,10.0,20.0,0.0,30.0,0.0,0.0,-940.0,3020.0,yonden
2018,8,2018-08-04,06:00,3030.0,0.0,3560.0,210.0,－－－－－－－－－－,10.0,240.0,0.0,30.0,0.0,0.0,-1020.0,3030.0,yonden
2018,8,2018-08-04,07:00,3170.0,0.0,3570.0,190.0,－－－－－－－－－－,10.0,550.0,0.0,30.0,0.0,0.0,-1180.0,3170.0,yonden
2018,8,2018-08-04,08:00,3680.0,0.0,3750.0,210.0,－－－－－－－－－－,10.0,890.0,0.0,30.0,0.0,0.0,-1210.0,3680.0,yonden
2018,8,2018-08-04,09:00,4050.0,0.0,3770.0,240.0,－－－－－－－－－－,10.0,1180.0,0.0,20.0,0.0,0.0,-1170.0,4050.0,yonden
2018,8,2018-08-04,10:00,4200.0,0.0,3740.0,240.0,－－－－－－－－－－,10.0,1360.0,0.0,20.0,0.0,0.0,-1170.0,4200.0,yonden
2018,8,2018-08-04,11:00,4350.0,0.0,3820.0,240.0,－－－－－－－－－－,10.0,1450.0,0.0,10.0,0.0,0.0,-1180.0,4350.0,yonden
2018,8,2018-08-04,12:00,4340.0,0.0,3800.0,230.0,－－－－－－－－－－,10.0,1480.0,0.0,10.0,0.0,0.0,-1190.0,4340.0,yonden
2018,8,2018-08-04,13:00,4480.0,0.0,4000.0,220.0,－－－－－－－－－－,10.0,1430.0,0.0,10.0,0.0,0.0,-1190.0,4480.0,yonden
2018,8,2018-08-04,14:00,4520.0,0.0,4170.0,240.0,－－－－－－－－－－,10.0,1280.0,0.0,10.0,0.0,0.0,-1190.0,4520.0,yonden
2018,8,2018-08-04,15:00,4550.0,0.0,4340.0,300.0,－－－－－－－－－－,10.0,1050.0,0.0,10.0,0.0,0.0,-1160.0,4550.0,yonden
2018,8,2018-08-04,16:00,4580.0,0.0,4470.0,400.0,－－－－－－－－－－,10.0,740.0,0.0,10.0,0.0,100.0,-1150.0,4580.0,yonden
2018,8,2018-08-04,17:00,4490.0,0.0,4510.0,460.0,－－－－－－－－－－,10.0,390.0,0.0,10.0,0.0,280.0,-1170.0,4490.0,yonden
2018,8,2018-08-04,18:00,4310.0,0.0,4590.0,510.0,－－－－－－－－－－,10.0,90.0,0.0,10.0,0.0,320.0,-1220.0,4310.0,yonden
2018,8,2018-08-04,19:00,4150.0,0.0,4560.0,440.0,－－－－－－－－－－,10.0,0.0,0.0,20.0,0.0,320.0,-1200.0,4150.0,yonden
2018,8,2018-08-04,20:00,3920.0,0.0,4450.0,350.0,－－－－－－－－－－,10.0,0.0,0.0,20.0,0.0,300.0,-1210.0,3920.0,yonden
2018,8,2018-08-04,21:00,3670.0,0.0,4420.0,320.0,－－－－－－－－－－,10.0,0.0,0.0,20.0,0.0,130.0,-1230.0,3670.0,yonden
2018,8,2018-08-04,22:00,3370.0,0.0,4290.0,220.0,－－－－－－－－－－,10.0,0.0,0.0,30.0,0.0,0.0,-1180.0,3370.0,yonden
2018,8,2018-08-04,23:00,3170.0,0.0,4110.0,200.0,－－－－－－－－－－,10.0,0.0,0.0,20.0,0.0,0.0,-1170.0,3170.0,yonden
2018,8,2018-08-05,00:00,2890.0,0.0,4020.0,160.0,－－－－－－－－－－,10.0,0.0,0.0,20.0,0.0,0.0,-1320.0,2890.0,yonden
2018,8,2018-08-05,01:00,2720.0,0.0,4040.0,160.0,－－－－－－－－－－,10.0,0.0,0.0,20.0,0.0,-180.0,-1330.0,2720.0,yonden
2018,8,2018-08-05,02:00,2700.0,0.0,4020.0,170.0,－－－－－－－－－－,10.0,0.0,0.0,20.0,0.0,-300.0,-1220.0,2700.0,yonden
2018,8,2018-08-05,03:00,2760.0,0.0,4040.0,210.0,－－－－－－－－－－,10.0,0.0,0.0,20.0,0.0,-300.0,-1220.0,2760.0,yonden
2018,8,2018-08-05,04:00,2820.0,0.0,4020.0,270.0,－－－－－－－－－－,10.0,0.0,0.0,20.0,0.0,-300.0,-1200.0,2820.0,yonden
2018,8,2018-08-05,05:00,2860.0,0.0,4050.0,260.0,－－－－－－－－－－,10.0,20.0,0.0,30.0,0.0,-300.0,-1210.0,2860.0,yonden
2018,8,2018-08-05,06:00,2820.0,0.0,3960.0,200.0,－－－－－－－－－－,10.0,240.0,0.0,20.0,0.0,-300.0,-1310.0,2820.0,yonden
2018,8,2018-08-05,07:00,2830.0,0.0,3750.0,180.0,－－－－－－－－－－,10.0,560.0,0.0,20.0,0.0,-290.0,-1400.0,2830.0,yonden
2018,8,2018-08-05,08:00,3140.0,0.0,3660.0,200.0,－－－－－－－－－－,10.0,890.0,0.0,10.0,0.0,-290.0,-1340.0,3140.0,yonden
2018,8,2018-08-05,09:00,3460.0,0.0,3590.0,240.0,－－－－－－－－－－,10.0,1170.0,0.0,10.0,0.0,-290.0,-1270.0,3460.0,yonden
2018,8,2018-08-05,10:00,3600.0,0.0,3590.0,230.0,－－－－－－－－－－,10.0,1340.0,0.0,10.0,0.0,-290.0,-1290.0,3600.0,yonden
2018,8,2018-08-05,11:00,3740.0,0.0,3640.0,230.0,－－－－－－－－－－,10.0,1430.0,0.0,0.0,0.0,-290.0,-1280.0,3740.0,yonden
2018,8,2018-08-05,12:00,3860.0,0.0,3740.0,230.0,－－－－－－－－－－,10.0,1430.0,0.0,0.0,0.0,-290.0,-1260.0,3860.0,yonden
2018,8,2018-08-05,13:00,3930.0,0.0,3610.0,230.0,－－－－－－－－－－,10.0,1390.0,0.0,0.0,0.0,0.0,-1310.0,3930.0,yonden
2018,8,2018-08-05,14:00,3990.0,0.0,3750.0,220.0,－－－－－－－－－－,10.0,1260.0,0.0,10.0,0.0,0.0,-1260.0,3990.0,yonden
2018,8,2018-08-05,15:00,4050.0,0.0,3970.0,260.0,－－－－－－－－－－,10.0,1050.0,0.0,20.0,0.0,0.0,-1260.0,4050.0,yonden
2018,8,2018-08-05,16:00,4150.0,0.0,4170.0,370.0,－－－－－－－－－－,10.0,740.0,0.0,20.0,0.0,10.0,-1170.0,4150.0,yonden
2018,8,2018-08-05,17:00,4220.0,0.0,4170.0,470.0,－－－－－－－－－－,10.0,400.0,0.0,20.0,0.0,170.0,-1020.0,4220.0,yonden
2018,8,2018-08-05,18:00,4140.0,0.0,4210.0,450.0,－－－－－－－－－－,10.0,90.0,0.0,20.0,0.0,260.0,-900.0,4140.0,yonden
2018,8,2018-08-05,19:00,4030.0,0.0,4170.0,400.0,－－－－－－－－－－,10.0,0.0,0.0,30.0,0.0,230.0,-810.0,4030.0,yonden
2018,8,2018-08-05,20:00,3840.0,0.0,4150.0,350.0,－－－－－－－－－－,10.0,0.0,0.0,30.0,0.0,150.0,-850.0,3840.0,yonden
2018,8,2018-08-05,21:00,3590.0,0.0,4180.0,380.0,－－－－－－－－－－,10.0,0.0,0.0,20.0,0.0,10.0,-1010.0,3590.0,yonden
2018,8,2018-08-05,22:00,3360.0,0.0,4180.0,250.0,－－－－－－－－－－,10.0,0.0,0.0,20.0,0.0,0.0,-1100.0,3360.0,yonden
2018,8,2018-08-05,23:00,3170.0,0.0,4080.0,210.0,－－－－－－－－－－,10.0,0.0,0.0,30.0,0.0,0.0,-1160.0,3170.0,yonden
2018,8,2018-08-06,00:00,2890.0,0.0,3740.0,180.0,－－－－－－－－－－,10.0,0.0,0.0,30.0,0.0,0.0,-1070.0,2890.0,yonden
2018,8,2018-08-06,01:00,2730.0,0.0,3740.0,150.0,－－－－－－－－－－,10.0,0.0,0.0,20.0,0.0,-180.0,-1010.0,2730.0,yonden
2018,8,2018-08-06,02:00,2720.0,0.0,3840.0,150.0,－－－－－－－－－－,10.0,0.0,0.0,20.0,0.0,-300.0,-1000.0,2720.0,yonden
2018,8,2018-08-06,03:00,2790.0,0.0,4030.0,180.0,－－－－－－－－－－,10.0,0.0,0.0,30.0,0.0,-300.0,-1160.0,2790.0,yonden
2018,8,2018-08-06,04:00,2880.0,0.0,4130.0,170.0,－－－－－－－－－－,10.0,0.0,0.0,30.0,0.0,-300.0,-1160.0,2880.0,yonden
2018,8,2018-08-06,05:00,2980.0,0.0,4070.0,180.0,－－－－－－－－－－,10.0,20.0,0.0,30.0,0.0,-300.0,-1030.0,2980.0,yonden
2018,8,2018-08-06,06:00,3130.0,0.0,4030.0,200.0,－－－－－－－－－－,10.0,230.0,0.0,30.0,0.0,-150.0,-1220.0,3130.0,yonden
2018,8,2018-08-06,07:00,3440.0,0.0,3920.0,220.0,－－－－－－－－－－,10.0,530.0,0.0,20.0,0.0,0.0,-1260.0,3440.0,yonden
2018,8,2018-08-06,08:00,4180.0,0.0,4160.0,240.0,－－－－－－－－－－,10.0,840.0,0.0,20.0,0.0,0.0,-1090.0,4180.0,yonden
2018,8,2018-08-06,09:00,4580.0,0.0,4520.0,310.0,－－－－－－－－－－,10.0,1060.0,0.0,10.0,0.0,0.0,-1330.0,4580.0,yonden
2018,8,2018-08-06,10:00,4720.0,0.0,4510.0,300.0,－－－－－－－－－－,10.0,1260.0,0.0,10.0,0.0,0.0,-1370.0,4720.0,yonden
2018,8,2018-08-06,11:00,4880.0,0.0,4720.0,320.0,－－－－－－－－－－,10.0,1390.0,0.0,10.0,0.0,0.0,-1570.0,4880.0,yonden
2018,8,2018-08-06,12:00,4810.0,0.0,4700.0,290.0,－－－－－－－－－－,10.0,1440.0,0.0,10.0,0.0,0.0,-1640.0,4810.0,yonden
2018,8,2018-08-06,13:00,5070.0,0.0,4940.0,400.0,－－－－－－－－－－,10.0,1400.0,0.0,10.0,0.0,10.0,-1700.0,5070.0,yonden
2018,8,2018-08-06,14:00,5160.0,0.0,5030.0,420.0,－－－－－－－－－－,10.0,1230.0,0.0,10.0,0.0,270.0,-1810.0,5160.0,yonden
2018,8,2018-08-06,15:00,5200.0,0.0,5070.0,490.0,－－－－－－－－－－,10.0,1000.0,0.0,10.0,0.0,290.0,-1670.0,5200.0,yonden
2018,8,2018-08-06,16:00,5250.0,0.0,5050.0,560.0,－－－－－－－－－－,10.0,710.0,0.0,10.0,0.0,320.0,-1410.0,5250.0,yonden
2018,8,2018-08-06,17:00,5100.0,0.0,5020.0,590.0,－－－－－－－－－－,10.0,370.0,0.0,10.0,0.0,320.0,-1220.0,5100.0,yonden
2018,8,2018-08-06,18:00,4860.0,0.0,5000.0,530.0,－－－－－－－－－－,10.0,80.0,0.0,20.0,0.0,480.0,-1260.0,4860.0,yonden
2018,8,2018-08-06,19:00,4670.0,0.0,5050.0,560.0,－－－－－－－－－－,10.0,0.0,0.0,20.0,0.0,340.0,-1310.0,4670.0,yonden
2018,8,2018-08-06,20:00,4390.0,0.0,4940.0,520.0,－－－－－－－－－－,10.0,0.0,0.0,10.0,0.0,0.0,-1090.0,4390.0,yonden
2018,8,2018-08-06,21:00,4050.0,0.0,4600.0,400.0,－－－－－－－－－－,10.0,0.0,0.0,10.0,0.0,0.0,-970.0,4050.0,yonden
2018,8,2018-08-06,22:00,3700.0,0.0,4350.0,310.0,－－－－－－－－－－,10.0,0.0,0.0,20.0,0.0,0.0,-990.0,3700.0,yonden
2018,8,2018-08-06,23:00,3440.0,0.0,4290.0,190.0,－－－－－－－－－－,10.0,0.0,0.0,20.0,0.0,0.0,-1070.0,3440.0,yonden
2018,8,2018-08-07,00:00,3140.0,0.0,4020.0,180.0,－－－－－－－－－－,10.0,0.0,0.0,20.0,0.0,0.0,-1090.0,3140.0,yonden
2018,8,2018-08-07,01:00,2940.0,0.0,3920.0,160.0,－－－－－－－－－－,10.0,0.0,0.0,20.0,0.0,-150.0,-1020.0,2940.0,yonden
2018,8,2018-08-07,02:00,2920.0,0.0,3840.0,160.0,－－－－－－－－－－,10.0,0.0,0.0,30.0,0.0,-300.0,-820.0,2920.0,yonden
2018,8,2018-08-07,03:00,2970.0,0.0,3830.0,180.0,－－－－－－－－－－,10.0,0.0,0.0,40.0,0.0,-300.0,-790.0,2970.0,yonden
2018,8,2018-08-07,04:00,3060.0,0.0,3880.0,190.0,－－－－－－－－－－,10.0,0.0,0.0,30.0,0.0,-300.0,-750.0,3060.0,yonden
2018,8,2018-08-07,05:00,3170.0,0.0,3890.0,170.0,－－－－－－－－－－,10.0,20.0,0.0,40.0,0.0,-300.0,-660.0,3170.0,yonden
2018,8,2018-08-07,06:00,3260.0,0.0,3970.0,190.0,－－－－－－－－－－,10.0,220.0,0.0,40.0,0.0,-300.0,-870.0,3260.0,yonden
2018,8,2018-08-07,07:00,3470.0,0.0,3860.0,190.0,－－－－－－－－－－,10.0,520.0,0.0,50.0,0.0,0.0,-1160.0,3470.0,yonden
2018,8,2018-08-07,08:00,4140.0,0.0,4100.0,220.0,－－－－－－－－－－,10.0,840.0,0.0,50.0,0.0,0.0,-1080.0,4140.0,yonden
2018,8,2018-08-07,09:00,4520.0,0.0,4420.0,280.0,－－－－－－－－－－,10.0,1110.0,0.0,50.0,0.0,0.0,-1350.0,4520.0,yonden
2018,8,2018-08-07,10:00,4640.0,0.0,4440.0,270.0,－－－－－－－－－－,10.0,1350.0,0.0,50.0,0.0,0.0,-1480.0,4640.0,yonden
2018,8,2018-08-07,11:00,4750.0,0.0,4330.0,320.0,－－－－－－－－－－,10.0,1480.0,0.0,50.0,0.0,0.0,-1440.0,4750.0,yonden
2018,8,2018-08-07,12:00,4680.0,0.0,4080.0,280.0,－－－－－－－－－－,10.0,1520.0,0.0,40.0,0.0,0.0,-1250.0,4680.0,yonden
2018,8,2018-08-07,13:00,4910.0,0.0,4380.0,310.0,－－－－－－－－－－,10.0,1450.0,0.0,40.0,0.0,0.0,-1280.0,4910.0,yonden
2018,8,2018-08-07,14:00,4980.0,0.0,4580.0,290.0,－－－－－－－－－－,10.0,1300.0,0.0,30.0,0.0,0.0,-1230.0,4980.0,yonden
2018,8,2018-08-07,15:00,5030.0,0.0,4730.0,380.0,－－－－－－－－－－,10.0,1070.0,0.0,20.0,0.0,0.0,-1180.0,5030.0,yonden
2018,8,2018-08-07,16:00,5070.0,0.0,4920.0,510.0,－－－－－－－－－－,10.0,740.0,0.0,20.0,0.0,0.0,-1130.0,5070.0,yonden
2018,8,2018-08-07,17:00,4920.0,0.0,4910.0,530.0,－－－－－－－－－－,10.0,380.0,0.0,0.0,0.0,40.0,-950.0,4920.0,yonden
2018,8,2018-08-07,18:00,4700.0,0.0,4880.0,550.0,－－－－－－－－－－,10.0,90.0,0.0,0.0,0.0,140.0,-970.0,4700.0,yonden
2018,8,2018-08-07,19:00,4460.0,0.0,4840.0,540.0,－－－－－－－－－－,10.0,0.0,0.0,0.0,0.0,100.0,-1030.0,4460.0,yonden
2018,8,2018-08-07,20:00,4180.0,0.0,4570.0,450.0,－－－－－－－－－－,10.0,0.0,0.0,0.0,0.0,0.0,-850.0,4180.0,yonden
2018,8,2018-08-07,21:00,3850.0,0.0,4100.0,330.0,－－－－－－－－－－,10.0,0.0,0.0,0.0,0.0,0.0,-590.0,3850.0,yonden
2018,8,2018-08-07,22:00,3500.0,0.0,3770.0,220.0,－－－－－－－－－－,10.0,0.0,0.0,0.0,0.0,0.0,-500.0,3500.0,yonden
2018,8,2018-08-07,23:00,3240.0,0.0,3720.0,170.0,－－－－－－－－－－,10.0,0.0,0.0,0.0,0.0,0.0,-660.0,3240.0,yonden
2018,8,2018-08-08,00:00,2950.0,0.0,3810.0,140.0,－－－－－－－－－－,10.0,0.0,0.0,0.0,0.0,-150.0,-860.0,2950.0,yonden
2018,8,2018-08-08,01:00,2820.0,0.0,3790.0,140.0,－－－－－－－－－－,10.0,0.0,0.0,0.0,0.0,-300.0,-820.0,2820.0,yonden
2018,8,2018-08-08,02:00,2810.0,0.0,3780.0,140.0,－－－－－－－－－－,10.0,0.0,0.0,0.0,0.0,-300.0,-820.0,2810.0,yonden
2018,8,2018-08-08,03:00,2880.0,0.0,3790.0,150.0,－－－－－－－－－－,10.0,0.0,0.0,10.0,0.0,-300.0,-780.0,2880.0,yonden
2018,8,2018-08-08,04:00,2970.0,0.0,3810.0,180.0,－－－－－－－－－－,10.0,0.0,0.0,10.0,0.0,-300.0,-740.0,2970.0,yonden
2018,8,2018-08-08,05:00,3070.0,0.0,3840.0,170.0,－－－－－－－－－－,10.0,20.0,0.0,20.0,0.0,-300.0,-690.0,3070.0,yonden
2018,8,2018-08-08,06:00,3140.0,0.0,3740.0,200.0,－－－－－－－－－－,10.0,230.0,0.0,30.0,0.0,-150.0,-920.0,3140.0,yonden
2018,8,2018-08-08,07:00,3260.0,0.0,3610.0,210.0,－－－－－－－－－－,10.0,540.0,0.0,40.0,0.0,0.0,-1150.0,3260.0,yonden
2018,8,2018-08-08,08:00,3860.0,0.0,3750.0,230.0,－－－－－－－－－－,10.0,890.0,0.0,30.0,0.0,0.0,-1050.0,3860.0,yonden
2018,8,2018-08-08,09:00,4190.0,0.0,3860.0,300.0,－－－－－－－－－－,10.0,1210.0,0.0,40.0,0.0,0.0,-1230.0,4190.0,yonden
2018,8,2018-08-08,10:00,4310.0,0.0,3860.0,320.0,－－－－－－－－－－,10.0,1430.0,0.0,50.0,0.0,0.0,-1360.0,4310.0,yonden
2018,8,2018-08-08,11:00,4390.0,0.0,3850.0,320.0,－－－－－－－－－－,10.0,1520.0,0.0,60.0,0.0,0.0,-1370.0,4390.0,yonden
2018,8,2018-08-08,12:00,4250.0,0.0,3810.0,300.0,－－－－－－－－－－,10.0,1530.0,0.0,70.0,0.0,0.0,-1470.0,4250.0,yonden
2018,8,2018-08-08,13:00,4470.0,0.0,3870.0,390.0,－－－－－－－－－－,10.0,1460.0,0.0,70.0,0.0,0.0,-1330.0,4470.0,yonden
2018,8,2018-08-08,14:00,4570.0,0.0,4000.0,390.0,－－－－－－－－－－,10.0,1320.0,0.0,60.0,0.0,0.0,-1210.0,4570.0,yonden
2018,8,2018-08-08,15:00,4610.0,0.0,4240.0,400.0,－－－－－－－－－－,10.0,1080.0,0.0,70.0,0.0,0.0,-1190.0,4610.0,yonden
2018,8,2018-08-08,16:00,4680.0,0.0,4380.0,470.0,－－－－－－－－－－,10.0,760.0,0.0,80.0,0.0,0.0,-1020.0,4680.0,yonden
2018,8,2018-08-08,17:00,4540.0,0.0,4450.0,570.0,－－－－－－－－－－,10.0,390.0,0.0,90.0,0.0,0.0,-970.0,4540.0,yonden
2018,8,2018-08-08,18:00,4300.0,0.0,4420.0,590.0,－－－－－－－－－－,10.0,80.0,0.0,90.0,0.0,0.0,-890.0,4300.0,yonden
2018,8,2018-08-08,19:00,4130.0,0.0,4380.0,570.0,－－－－－－－－－－,10.0,0.0,0.0,70.0,0.0,0.0,-900.0,4130.0,yonden
2018,8,2018-08-08,20:00,3850.0,0.0,4200.0,440.0,－－－－－－－－－－,10.0,0.0,0.0,60.0,0.0,0.0,-860.0,3850.0,yonden
2018,8,2018-08-08,21:00,3540.0,0.0,3920.0,240.0,－－－－－－－－－－,10.0,0.0,0.0,70.0,0.0,0.0,-700.0,3540.0,yonden
2018,8,2018-08-08,22:00,3240.0,0.0,3690.0,180.0,－－－－－－－－－－,10.0,0.0,0.0,70.0,0.0,0.0,-710.0,3240.0,yonden
2018,8,2018-08-08,23:00,3050.0,0.0,3580.0,150.0,－－－－－－－－－－,10.0,0.0,0.0,70.0,0.0,0.0,-760.0,3050.0,yonden
2018,8,2018-08-09,00:00,2780.0,0.0,3640.0,140.0,－－－－－－－－－－,10.0,0.0,0.0,60.0,0.0,0.0,-1070.0,2780.0,yonden
2018,8,2018-08-09,01:00,2650.0,0.0,3640.0,130.0,－－－－－－－－－－,10.0,0.0,0.0,50.0,0.0,0.0,-1180.0,2650.0,yonden
2018,8,2018-08-09,02:00,2660.0,0.0,3650.0,130.0,－－－－－－－－－－,10.0,0.0,0.0,50.0,0.0,0.0,-1180.0,2660.0,yonden
2018,8,2018-08-09,03:00,2750.0,0.0,3690.0,140.0,－－－－－－－－－－,10.0,0.0,0.0,50.0,0.0,0.0,-1140.0,2750.0,yonden
2018,8,2018-08-09,04:00,2860.0,0.0,3740.0,160.0,－－－－－－－－－－,10.0,0.0,0.0,50.0,0.0,0.0,-1100.0,2860.0,yonden
2018,8,2018-08-09,05:00,2990.0,0.0,3760.0,150.0,－－－－－－－－－－,10.0,20.0,0.0,40.0,0.0,0.0,-990.0,2990.0,yonden
2018,8,2018-08-09,06:00,3030.0,0.0,3790.0,160.0,－－－－－－－－－－,10.0,160.0,0.0,30.0,0.0,0.0,-1120.0,3030.0,yonden
2018,8,2018-08-09,07:00,3160.0,0.0,3850.0,190.0,－－－－－－－－－－,10.0,320.0,0.0,30.0,0.0,0.0,-1240.0,3160.0,yonden
2018,8,2018-08-09,08:00,3700.0,0.0,4090.0,220.0,－－－－－－－－－－,10.0,500.0,0.0,30.0,0.0,0.0,-1150.0,3700.0,yonden
2018,8,2018-08-09,09:00,3970.0,0.0,4250.0,350.0,－－－－－－－－－－,10.0,700.0,0.0,20.0,0.0,0.0,-1360.0,3970.0,yonden
2018,8,2018-08-09,10:00,4140.0,0.0,4280.0,320.0,－－－－－－－－－－,10.0,950.0,0.0,20.0,0.0,0.0,-1440.0,4140.0,yonden
2018,8,2018-08-09,11:00,4330.0,0.0,4340.0,300.0,－－－－－－－－－－,10.0,1070.0,0.0,20.0,0.0,0.0,-1410.0,4330.0,yonden
2018,8,2018-08-09,12:00,4240.0,0.0,4360.0,290.0,－－－－－－－－－－,10.0,1030.0,0.0,20.0,0.0,0.0,-1470.0,4240.0,yonden
2018,8,2018-08-09,13:00,4480.0,0.0,4680.0,400.0,－－－－－－－－－－,10.0,840.0,0.0,20.0,0.0,50.0,-1520.0,4480.0,yonden
2018,8,2018-08-09,14:00,4500.0,0.0,4730.0,410.0,－－－－－－－－－－,10.0,610.0,0.0,20.0,0.0,200.0,-1480.0,4500.0,yonden
2018,8,2018-08-09,15:00,4500.0,0.0,4730.0,500.0,－－－－－－－－－－,10.0,490.0,0.0,30.0,0.0,250.0,-1510.0,4500.0,yonden
2018,8,2018-08-09,16:00,4530.0,0.0,4680.0,490.0,－－－－－－－－－－,10.0,320.0,0.0,30.0,0.0,240.0,-1240.0,4530.0,yonden
2018,8,2018-08-09,17:00,4390.0,0.0,4670.0,540.0,－－－－－－－－－－,10.0,150.0,0.0,20.0,0.0,140.0,-1140.0,4390.0,yonden
2018,8,2018-08-09,18:00,4320.0,0.0,4640.0,520.0,－－－－－－－－－－,10.0,30.0,0.0,10.0,0.0,250.0,-1140.0,4320.0,yonden
2018,8,2018-08-09,19:00,4180.0,0.0,4650.0,490.0,－－－－－－－－－－,10.0,0.0,0.0,10.0,0.0,210.0,-1190.0,4180.0,yonden
2018,8,2018-08-09,20:00,3940.0,0.0,4560.0,380.0,－－－－－－－－－－,10.0,0.0,0.0,0.0,0.0,0.0,-1010.0,3940.0,yonden
2018,8,2018-08-09,21:00,3660.0,0.0,4150.0,210.0,－－－－－－－－－－,10.0,0.0,0.0,0.0,0.0,0.0,-710.0,3660.0,yonden
2018,8,2018-08-09,22:00,3400.0,0.0,4040.0,200.0,－－－－－－－－－－,10.0,0.0,0.0,0.0,0.0,0.0,-850.0,3400.0,yonden
2018,8,2018-08-09,23:00,3180.0,0.0,4030.0,150.0,－－－－－－－－－－,10.0,0.0,0.0,10.0,0.0,0.0,-1020.0,3180.0,yonden
2018,8,2018-08-10,00:00,2920.0,0.0,3930.0,130.0,－－－－－－－－－－,10.0,0.0,0.0,0.0,0.0,0.0,-1150.0,2920.0,yonden
2018,8,2018-08-10,01:00,2770.0,0.0,3940.0,130.0,－－－－－－－－－－,10.0,0.0,0.0,0.0,0.0,0.0,-1310.0,2770.0,yonden
2018,8,2018-08-10,02:00,2780.0,0.0,3940.0,140.0,－－－－－－－－－－,10.0,0.0,0.0,0.0,0.0,0.0,-1310.0,2780.0,yonden
2018,8,2018-08-10,03:00,2850.0,0.0,3920.0,160.0,－－－－－－－－－－,10.0,0.0,0.0,0.0,0.0,0.0,-1240.0,2850.0,yonden
2018,8,2018-08-10,04:00,2960.0,0.0,3920.0,200.0,－－－－－－－－－－,10.0,0.0,0.0,0.0,0.0,0.0,-1170.0,2960.0,yonden
2018,8,2018-08-10,05:00,3070.0,0.0,3940.0,170.0,－－－－－－－－－－,10.0,20.0,0.0,0.0,0.0,0.0,-1070.0,3070.0,yonden
2018,8,2018-08-10,06:00,3140.0,0.0,3990.0,130.0,－－－－－－－－－－,10.0,140.0,0.0,0.0,0.0,0.0,-1130.0,3140.0,yonden
2018,8,2018-08-10,07:00,3290.0,0.0,4150.0,140.0,－－－－－－－－－－,10.0,260.0,0.0,0.0,0.0,0.0,-1270.0,3290.0,yonden
2018,8,2018-08-10,08:00,3850.0,0.0,4350.0,250.0,－－－－－－－－－－,10.0,390.0,0.0,0.0,0.0,0.0,-1150.0,3850.0,yonden
2018,8,2018-08-10,09:00,4080.0,0.0,4360.0,280.0,－－－－－－－－－－,10.0,550.0,0.0,0.0,0.0,0.0,-1120.0,4080.0,yonden
2018,8,2018-08-10,10:00,4220.0,0.0,4300.0,200.0,－－－－－－－－－－,10.0,860.0,0.0,0.0,0.0,0.0,-1150.0,4220.0,yonden
2018,8,2018-08-10,11:00,4340.0,0.0,4120.0,180.0,－－－－－－－－－－,10.0,1140.0,0.0,0.0,0.0,0.0,-1110.0,4340.0,yonden
2018,8,2018-08-10,12:00,4330.0,0.0,4030.0,150.0,－－－－－－－－－－,10.0,1340.0,0.0,0.0,0.0,0.0,-1200.0,4330.0,yonden
2018,8,2018-08-10,13:00,4580.0,0.0,4220.0,200.0,－－－－－－－－－－,10.0,1280.0,0.0,10.0,0.0,0.0,-1140.0,4580.0,yonden
2018,8,2018-08-10,14:00,4670.0,0.0,4530.0,280.0,－－－－－－－－－－,10.0,1090.0,0.0,10.0,0.0,0.0,-1250.0,4670.0,yonden
2018,8,2018-08-10,15:00,4660.0,0.0,4680.0,380.0,－－－－－－－－－－,10.0,740.0,0.0,10.0,0.0,0.0,-1160.0,4660.0,yonden
2018,8,2018-08-10,16:00,4600.0,0.0,4690.0,480.0,－－－－－－－－－－,10.0,440.0,0.0,10.0,0.0,160.0,-1190.0,4600.0,yonden
2018,8,2018-08-10,17:00,4390.0,0.0,4630.0,490.0,－－－－－－－－－－,10.0,210.0,0.0,20.0,0.0,170.0,-1140.0,4390.0,yonden
2018,8,2018-08-10,18:00,4260.0,0.0,4630.0,540.0,－－－－－－－－－－,10.0,50.0,0.0,10.0,0.0,260.0,-1240.0,4260.0,yonden
2018,8,2018-08-10,19:00,4160.0,0.0,4650.0,540.0,－－－－－－－－－－,10.0,0.0,0.0,10.0,0.0,190.0,-1240.0,4160.0,yonden
2018,8,2018-08-10,20:00,3930.0,0.0,4700.0,420.0,－－－－－－－－－－,10.0,0.0,0.0,20.0,0.0,10.0,-1230.0,3930.0,yonden
2018,8,2018-08-10,21:00,3660.0,0.0,4460.0,250.0,－－－－－－－－－－,10.0,0.0,0.0,20.0,0.0,0.0,-1080.0,3660.0,yonden
2018,8,2018-08-10,22:00,3400.0,0.0,4180.0,240.0,－－－－－－－－－－,10.0,0.0,0.0,10.0,0.0,0.0,-1040.0,3400.0,yonden
2018,8,2018-08-10,23:00,3200.0,0.0,4140.0,230.0,－－－－－－－－－－,10.0,0.0,0.0,10.0,0.0,0.0,-1190.0,3200.0,yonden
2018,8,2018-08-11,00:00,2900.0,0.0,3550.0,130.0,－－－－－－－－－－,10.0,0.0,0.0,10.0,0.0,0.0,-800.0,2900.0,yonden
2018,8,2018-08-11,01:00,2730.0,0.0,3420.0,110.0,－－－－－－－－－－,10.0,0.0,0.0,0.0,0.0,0.0,-810.0,2730.0,yonden
2018,8,2018-08-11,02:00,2730.0,0.0,3410.0,120.0,－－－－－－－－－－,10.0,0.0,0.0,0.0,0.0,0.0,-810.0,2730.0,yonden
2018,8,2018-08-11,03:00,2770.0,0.0,3430.0,130.0,－－－－－－－－－－,10.0,0.0,0.0,0.0,0.0,0.0,-800.0,2770.0,yonden
2018,8,2018-08-11,04:00,2850.0,0.0,3490.0,120.0,－－－－－－－－－－,10.0,0.0,0.0,0.0,0.0,0.0,-770.0,2850.0,yonden
2018,8,2018-08-11,05:00,2910.0,0.0,3480.0,120.0,－－－－－－－－－－,10.0,20.0,0.0,0.0,0.0,0.0,-720.0,2910.0,yonden
2018,8,2018-08-11,06:00,2880.0,0.0,3380.0,130.0,－－－－－－－－－－,10.0,210.0,0.0,0.0,0.0,0.0,-850.0,2880.0,yonden
2018,8,2018-08-11,07:00,2880.0,0.0,3230.0,150.0,－－－－－－－－－－,10.0,410.0,0.0,0.0,0.0,0.0,-920.0,2880.0,yonden
2018,8,2018-08-11,08:00,3170.0,0.0,3220.0,170.0,－－－－－－－－－－,10.0,630.0,0.0,0.0,0.0,0.0,-860.0,3170.0,yonden
2018,8,2018-08-11,09:00,3500.0,0.0,3360.0,190.0,－－－－－－－－－－,10.0,780.0,0.0,0.0,0.0,0.0,-840.0,3500.0,yonden
2018,8,2018-08-11,10:00,3620.0,0.0,3390.0,190.0,－－－－－－－－－－,10.0,910.0,0.0,0.0,0.0,0.0,-880.0,3620.0,yonden
2018,8,2018-08-11,11:00,3710.0,0.0,3310.0,180.0,－－－－－－－－－－,10.0,1030.0,0.0,10.0,0.0,0.0,-830.0,3710.0,yonden
2018,8,2018-08-11,12:00,3730.0,0.0,3460.0,190.0,－－－－－－－－－－,10.0,960.0,0.0,10.0,0.0,0.0,-900.0,3730.0,yonden
2018,8,2018-08-11,13:00,3740.0,0.0,3460.0,210.0,－－－－－－－－－－,10.0,910.0,0.0,10.0,0.0,0.0,-860.0,3740.0,yonden
2018,8,2018-08-11,14:00,3750.0,0.0,3430.0,230.0,－－－－－－－－－－,10.0,910.0,0.0,10.0,0.0,0.0,-840.0,3750.0,yonden
2018,8,2018-08-11,15:00,3720.0,0.0,3490.0,250.0,－－－－－－－－－－,10.0,660.0,0.0,10.0,0.0,0.0,-700.0,3720.0,yonden
2018,8,2018-08-11,16:00,3700.0,0.0,3510.0,270.0,－－－－－－－－－－,10.0,430.0,0.0,20.0,0.0,0.0,-540.0,3700.0,yonden
2018,8,2018-08-11,17:00,3710.0,0.0,3680.0,370.0,－－－－－－－－－－,10.0,180.0,0.0,20.0,0.0,0.0,-550.0,3710.0,yonden
2018,8,2018-08-11,18:00,3760.0,0.0,3860.0,390.0,－－－－－－－－－－,10.0,30.0,0.0,30.0,0.0,20.0,-580.0,3760.0,yonden
2018,8,2018-08-11,19:00,3750.0,0.0,3800.0,380.0,－－－－－－－－－－,10.0,0.0,0.0,30.0,0.0,70.0,-540.0,3750.0,yonden
2018,8,2018-08-11,20:00,3560.0,0.0,3700.0,330.0,－－－－－－－－－－,10.0,0.0,0.0,40.0,0.0,0.0,-520.0,3560.0,yonden
2018,8,2018-08-11,21:00,3360.0,0.0,3460.0,210.0,－－－－－－－－－－,10.0,0.0,0.0,40.0,0.0,0.0,-360.0,3360.0,yonden
2018,8,2018-08-11,22:00,3120.0,0.0,3370.0,190.0,－－－－－－－－－－,10.0,0.0,0.0,50.0,0.0,0.0,-500.0,3120.0,yonden
2018,8,2018-08-11,23:00,2950.0,0.0,3230.0,160.0,－－－－－－－－－－,10.0,0.0,0.0,50.0,0.0,0.0,-500.0,2950.0,yonden
2018,8,2018-08-12,00:00,2710.0,0.0,3170.0,120.0,－－－－－－－－－－,10.0,0.0,0.0,50.0,0.0,0.0,-640.0,2710.0,yonden
2018,8,2018-08-12,01:00,2560.0,0.0,3220.0,110.0,－－－－－－－－－－,10.0,0.0,0.0,30.0,0.0,0.0,-810.0,2560.0,yonden
2018,8,2018-08-12,02:00,2560.0,0.0,3250.0,120.0,－－－－－－－－－－,10.0,0.0,0.0,30.0,0.0,0.0,-850.0,2560.0,yonden
2018,8,2018-08-12,03:00,2650.0,0.0,3260.0,130.0,－－－－－－－－－－,10.0,0.0,0.0,30.0,0.0,0.0,-780.0,2650.0,yonden
2018,8,2018-08-12,04:00,2740.0,0.0,3210.0,200.0,－－－－－－－－－－,10.0,0.0,0.0,40.0,0.0,0.0,-720.0,2740.0,yonden
2018,8,2018-08-12,05:00,2780.0,0.0,3220.0,180.0,－－－－－－－－－－,10.0,10.0,0.0,40.0,0.0,0.0,-680.0,2780.0,yonden
2018,8,2018-08-12,06:00,2720.0,0.0,3130.0,160.0,－－－－－－－－－－,10.0,170.0,0.0,30.0,0.0,0.0,-780.0,2720.0,yonden
2018,8,2018-08-12,07:00,2700.0,0.0,3020.0,150.0,－－－－－－－－－－,10.0,360.0,0.0,30.0,0.0,0.0,-870.0,2700.0,yonden
2018,8,2018-08-12,08:00,2980.0,0.0,3070.0,170.0,－－－－－－－－－－,10.0,570.0,0.0,30.0,0.0,0.0,-870.0,2980.0,yonden
2018,8,2018-08-12,09:00,3220.0,0.0,3140.0,200.0,－－－－－－－－－－,10.0,760.0,0.0,30.0,0.0,-30.0,-890.0,3220.0,yonden
2018,8,2018-08-12,10:00,3380.0,0.0,3190.0,190.0,－－－－－－－－－－,10.0,1030.0,0.0,40.0,0.0,-300.0,-780.0,3380.0,yonden
2018,8,2018-08-12,11:00,3510.0,0.0,3280.0,190.0,－－－－－－－－－－,10.0,1100.0,0.0,50.0,0.0,-300.0,-820.0,3510.0,yonden
2018,8,2018-08-12,12:00,3600.0,0.0,3470.0,190.0,－－－－－－－－－－,10.0,990.0,0.0,50.0,0.0,-280.0,-830.0,3600.0,yonden
2018,8,2018-08-12,13:00,3590.0,0.0,3450.0,180.0,－－－－－－－－－－,10.0,850.0,0.0,50.0,0.0,0.0,-950.0,3590.0,yonden
2018,8,2018-08-12,14:00,3570.0,0.0,3300.0,180.0,－－－－－－－－－－,10.0,840.0,0.0,60.0,0.0,0.0,-820.0,3570.0,yonden
2018,8,2018-08-12,15:00,3640.0,0.0,3450.0,190.0,－－－－－－－－－－,10.0,730.0,0.0,60.0,0.0,0.0,-800.0,3640.0,yonden
2018,8,2018-08-12,16:00,3740.0,0.0,3640.0,290.0,－－－－－－－－－－,10.0,530.0,0.0,60.0,0.0,0.0,-790.0,3740.0,yonden
2018,8,2018-08-12,17:00,3810.0,0.0,3600.0,340.0,－－－－－－－－－－,10.0,290.0,0.0,60.0,0.0,160.0,-650.0,3810.0,yonden
2018,8,2018-08-12,18:00,3810.0,0.0,3640.0,410.0,－－－－－－－－－－,10.0,50.0,0.0,60.0,0.0,310.0,-670.0,3810.0,yonden
2018,8,2018-08-12,19:00,3780.0,0.0,3640.0,410.0,－－－－－－－－－－,10.0,0.0,0.0,60.0,0.0,320.0,-660.0,3780.0,yonden
2018,8,2018-08-12,20:00,3620.0,0.0,3580.0,310.0,－－－－－－－－－－,10.0,0.0,0.0,50.0,0.0,260.0,-590.0,3620.0,yonden
2018,8,2018-08-12,21:00,3390.0,0.0,3610.0,250.0,－－－－－－－－－－,10.0,0.0,0.0,50.0,0.0,10.0,-540.0,3390.0,yonden
2018,8,2018-08-12,22:00,3150.0,0.0,3600.0,190.0,－－－－－－－－－－,10.0,0.0,0.0,50.0,0.0,0.0,-700.0,3150.0,yonden
2018,8,2018-08-12,23:00,2950.0,0.0,3550.0,150.0,－－－－－－－－－－,10.0,0.0,0.0,50.0,0.0,0.0,-810.0,2950.0,yonden
2018,8,2018-08-13,00:00,2700.0,0.0,3700.0,130.0,－－－－－－－－－－,10.0,0.0,0.0,50.0,0.0,0.0,-1190.0,2700.0,yonden
2018,8,2018-08-13,01:00,2550.0,0.0,3630.0,120.0,－－－－－－－－－－,10.0,0.0,0.0,40.0,0.0,0.0,-1250.0,2550.0,yonden
2018,8,2018-08-13,02:00,2540.0,0.0,3710.0,150.0,－－－－－－－－－－,10.0,0.0,0.0,30.0,0.0,-300.0,-1060.0,2540.0,yonden
2018,8,2018-08-13,03:00,2610.0,0.0,3740.0,160.0,－－－－－－－－－－,10.0,0.0,0.0,20.0,0.0,-300.0,-1020.0,2610.0,yonden
2018,8,2018-08-13,04:00,2730.0,0.0,3770.0,170.0,－－－－－－－－－－,10.0,0.0,0.0,20.0,0.0,-300.0,-940.0,2730.0,yonden
2018,8,2018-08-13,05:00,2760.0,0.0,3780.0,120.0,－－－－－－－－－－,10.0,10.0,0.0,10.0,0.0,-300.0,-870.0,2760.0,yonden
2018,8,2018-08-13,06:00,2720.0,0.0,3770.0,130.0,－－－－－－－－－－,10.0,170.0,0.0,10.0,0.0,-300.0,-1070.0,2720.0,yonden
2018,8,2018-08-13,07:00,2850.0,0.0,3680.0,130.0,－－－－－－－－－－,10.0,450.0,0.0,10.0,0.0,-150.0,-1280.0,2850.0,yonden
2018,8,2018-08-13,08:00,3290.0,0.0,3630.0,150.0,－－－－－－－－－－,10.0,780.0,0.0,0.0,0.0,0.0,-1280.0,3290.0,yonden
2018,8,2018-08-13,09:00,3560.0,0.0,3650.0,180.0,－－－－－－－－－－,10.0,1020.0,0.0,10.0,0.0,0.0,-1310.0,3560.0,yonden
2018,8,2018-08-13,10:00,3720.0,0.0,3830.0,170.0,－－－－－－－－－－,10.0,1200.0,0.0,10.0,0.0,0.0,-1500.0,3720.0,yonden
2018,8,2018-08-13,11:00,3840.0,0.0,3910.0,160.0,－－－－－－－－－－,10.0,1300.0,0.0,10.0,0.0,0.0,-1550.0,3840.0,yonden
2018,8,2018-08-13,12:00,3920.0,0.0,3750.0,150.0,－－－－－－－－－－,10.0,1330.0,0.0,10.0,0.0,0.0,-1330.0,3920.0,yonden
2018,8,2018-08-13,13:00,3990.0,0.0,3720.0,180.0,－－－－－－－－－－,10.0,1220.0,0.0,20.0,0.0,0.0,-1160.0,3990.0,yonden
2018,8,2018-08-13,14:00,3980.0,0.0,3920.0,220.0,－－－－－－－－－－,10.0,930.0,0.0,30.0,0.0,0.0,-1130.0,3980.0,yonden
2018,8,2018-08-13,15:00,3940.0,0.0,4120.0,270.0,－－－－－－－－－－,10.0,630.0,0.0,20.0,0.0,0.0,-1110.0,3940.0,yonden
2018,8,2018-08-13,16:00,3980.0,0.0,4250.0,290.0,－－－－－－－－－－,10.0,450.0,0.0,20.0,0.0,0.0,-1040.0,3980.0,yonden
2018,8,2018-08-13,17:00,4020.0,0.0,4310.0,350.0,－－－－－－－－－－,10.0,280.0,0.0,30.0,0.0,130.0,-1090.0,4020.0,yonden
2018,8,2018-08-13,18:00,3870.0,0.0,4300.0,370.0,－－－－－－－－－－,10.0,40.0,0.0,30.0,0.0,200.0,-1080.0,3870.0,yonden
2018,8,2018-08-13,19:00,3790.0,0.0,4270.0,340.0,－－－－－－－－－－,10.0,0.0,0.0,40.0,0.0,190.0,-1060.0,3790.0,yonden
2018,8,2018-08-13,20:00,3600.0,0.0,4130.0,310.0,－－－－－－－－－－,10.0,0.0,0.0,40.0,0.0,150.0,-1040.0,3600.0,yonden
2018,8,2018-08-13,21:00,3380.0,0.0,4000.0,230.0,－－－－－－－－－－,10.0,0.0,0.0,40.0,0.0,160.0,-1060.0,3380.0,yonden
2018,8,2018-08-13,22:00,3130.0,0.0,3980.0,190.0,－－－－－－－－－－,10.0,0.0,0.0,50.0,0.0,0.0,-1100.0,3130.0,yonden
2018,8,2018-08-13,23:00,2940.0,0.0,3810.0,140.0,－－－－－－－－－－,10.0,0.0,0.0,30.0,0.0,0.0,-1050.0,2940.0,yonden
2018,8,2018-08-14,00:00,2680.0,0.0,3540.0,120.0,－－－－－－－－－－,10.0,0.0,0.0,20.0,0.0,0.0,-1010.0,2680.0,yonden
2018,8,2018-08-14,01:00,2520.0,0.0,3520.0,120.0,－－－－－－－－－－,10.0,0.0,0.0,20.0,0.0,0.0,-1150.0,2520.0,yonden
2018,8,2018-08-14,02:00,2520.0,0.0,3550.0,130.0,－－－－－－－－－－,10.0,0.0,0.0,20.0,0.0,-300.0,-890.0,2520.0,yonden
2018,8,2018-08-14,03:00,2590.0,0.0,3510.0,170.0,－－－－－－－－－－,10.0,0.0,0.0,20.0,0.0,-300.0,-820.0,2590.0,yonden
2018,8,2018-08-14,04:00,2680.0,0.0,3500.0,180.0,－－－－－－－－－－,10.0,0.0,0.0,20.0,0.0,-300.0,-730.0,2680.0,yonden
2018,8,2018-08-14,05:00,2750.0,0.0,3570.0,140.0,－－－－－－－－－－,10.0,20.0,0.0,20.0,0.0,-300.0,-710.0,2750.0,yonden
2018,8,2018-08-14,06:00,2750.0,0.0,3560.0,130.0,－－－－－－－－－－,10.0,200.0,0.0,30.0,0.0,-300.0,-880.0,2750.0,yonden
2018,8,2018-08-14,07:00,2810.0,0.0,3420.0,130.0,－－－－－－－－－－,10.0,500.0,0.0,20.0,0.0,-290.0,-980.0,2810.0,yonden
2018,8,2018-08-14,08:00,3200.0,0.0,3460.0,160.0,－－－－－－－－－－,10.0,820.0,0.0,10.0,0.0,-290.0,-970.0,3200.0,yonden
2018,8,2018-08-14,09:00,3540.0,0.0,3600.0,180.0,－－－－－－－－－－,10.0,1130.0,0.0,10.0,0.0,-290.0,-1100.0,3540.0,yonden
2018,8,2018-08-14,10:00,3700.0,0.0,3640.0,170.0,－－－－－－－－－－,10.0,1340.0,0.0,20.0,0.0,-290.0,-1190.0,3700.0,yonden
2018,8,2018-08-14,11:00,3780.0,0.0,3620.0,180.0,－－－－－－－－－－,10.0,1430.0,0.0,30.0,0.0,-290.0,-1200.0,3780.0,yonden
2018,8,2018-08-14,12:00,3860.0,0.0,3540.0,180.0,－－－－－－－－－－,10.0,1470.0,0.0,20.0,0.0,-290.0,-1070.0,3860.0,yonden
2018,8,2018-08-14,13:00,3890.0,0.0,3410.0,200.0,－－－－－－－－－－,10.0,1420.0,0.0,30.0,0.0,0.0,-1180.0,3890.0,yonden
2018,8,2018-08-14,14:00,3940.0,0.0,3550.0,210.0,－－－－－－－－－－,10.0,1270.0,0.0,30.0,0.0,0.0,-1130.0,3940.0,yonden
2018,8,2018-08-14,15:00,4010.0,0.0,3670.0,250.0,－－－－－－－－－－,10.0,1010.0,0.0,30.0,0.0,0.0,-960.0,4010.0,yonden
2018,8,2018-08-14,16:00,4100.0,0.0,3830.0,260.0,－－－－－－－－－－,10.0,710.0,0.0,40.0,0.0,0.0,-750.0,4100.0,yonden
2018,8,2018-08-14,17:00,4090.0,0.0,4050.0,320.0,－－－－－－－－－－,10.0,340.0,0.0,40.0,0.0,90.0,-760.0,4090.0,yonden
2018,8,2018-08-14,18:00,3950.0,0.0,4050.0,320.0,－－－－－－－－－－,10.0,60.0,0.0,40.0,0.0,230.0,-760.0,3950.0,yonden
2018,8,2018-08-14,19:00,3880.0,0.0,4040.0,300.0,－－－－－－－－－－,10.0,0.0,0.0,40.0,0.0,220.0,-730.0,3880.0,yonden
2018,8,2018-08-14,20:00,3670.0,0.0,3950.0,280.0,－－－－－－－－－－,10.0,0.0,0.0,50.0,0.0,90.0,-710.0,3670.0,yonden
2018,8,2018-08-14,21:00,3420.0,0.0,3830.0,190.0,－－－－－－－－－－,10.0,0.0,0.0,60.0,0.0,0.0,-670.0,3420.0,yonden
2018,8,2018-08-14,22:00,3170.0,0.0,3800.0,150.0,－－－－－－－－－－,10.0,0.0,0.0,70.0,0.0,0.0,-860.0,3170.0,yonden
2018,8,2018-08-14,23:00,2940.0,0.0,3550.0,140.0,－－－－－－－－－－,10.0,0.0,0.0,80.0,0.0,0.0,-840.0,2940.0,yonden
2018,8,2018-08-15,00:00,2700.0,0.0,3520.0,170.0,－－－－－－－－－－,10.0,0.0,0.0,90.0,0.0,0.0,-1090.0,2700.0,yonden
2018,8,2018-08-15,01:00,2540.0,0.0,3480.0,180.0,－－－－－－－－－－,10.0,0.0,0.0,100.0,0.0,0.0,-1230.0,2540.0,yonden
2018,8,2018-08-15,02:00,2530.0,0.0,3480.0,200.0,－－－－－－－－－－,10.0,0.0,0.0,110.0,0.0,-290.0,-980.0,2530.0,yonden
2018,8,2018-08-15,03:00,2610.0,0.0,3440.0,260.0,－－－－－－－－－－,10.0,0.0,0.0,120.0,0.0,-290.0,-930.0,2610.0,yonden
2018,8,2018-08-15,04:00,2730.0,0.0,3430.0,290.0,－－－－－－－－－－,10.0,0.0,0.0,120.0,0.0,-290.0,-830.0,2730.0,yonden
2018,8,2018-08-15,05:00,2830.0,0.0,3490.0,310.0,－－－－－－－－－－,10.0,10.0,0.0,110.0,0.0,0.0,-1100.0,2830.0,yonden
2018,8,2018-08-15,06:00,2800.0,0.0,3430.0,330.0,－－－－－－－－－－,10.0,90.0,0.0,120.0,0.0,0.0,-1180.0,2800.0,yonden
2018,8,2018-08-15,07:00,2820.0,0.0,3360.0,360.0,－－－－－－－－－－,10.0,170.0,0.0,110.0,0.0,0.0,-1190.0,2820.0,yonden
2018,8,2018-08-15,08:00,3180.0,0.0,3530.0,420.0,－－－－－－－－－－,10.0,240.0,0.0,120.0,0.0,0.0,-1140.0,3180.0,yonden
2018,8,2018-08-15,09:00,3380.0,0.0,3560.0,460.0,－－－－－－－－－－,10.0,340.0,0.0,120.0,0.0,0.0,-1110.0,3380.0,yonden
2018,8,2018-08-15,10:00,3410.0,0.0,3490.0,530.0,－－－－－－－－－－,10.0,370.0,0.0,120.0,0.0,0.0,-1110.0,3410.0,yonden
2018,8,2018-08-15,11:00,3430.0,0.0,3500.0,590.0,－－－－－－－－－－,10.0,340.0,0.0,100.0,0.0,0.0,-1110.0,3430.0,yonden
2018,8,2018-08-15,12:00,3390.0,0.0,3450.0,540.0,－－－－－－－－－－,10.0,370.0,0.0,120.0,0.0,0.0,-1100.0,3390.0,yonden
2018,8,2018-08-15,13:00,3390.0,0.0,3510.0,570.0,－－－－－－－－－－,10.0,260.0,0.0,110.0,0.0,0.0,-1070.0,3390.0,yonden
2018,8,2018-08-15,14:00,3350.0,0.0,3440.0,560.0,－－－－－－－－－－,10.0,190.0,0.0,110.0,0.0,0.0,-960.0,3350.0,yonden
2018,8,2018-08-15,15:00,3270.0,0.0,3390.0,570.0,－－－－－－－－－－,10.0,130.0,0.0,100.0,0.0,0.0,-930.0,3270.0,yonden
2018,8,2018-08-15,16:00,3300.0,0.0,3380.0,610.0,－－－－－－－－－－,10.0,90.0,0.0,100.0,0.0,0.0,-890.0,3300.0,yonden
2018,8,2018-08-15,17:00,3310.0,0.0,3320.0,680.0,－－－－－－－－－－,10.0,50.0,0.0,110.0,0.0,0.0,-860.0,3310.0,yonden
2018,8,2018-08-15,18:00,3320.0,0.0,3410.0,670.0,－－－－－－－－－－,10.0,10.0,0.0,110.0,0.0,0.0,-890.0,3320.0,yonden
2018,8,2018-08-15,19:00,3290.0,0.0,3470.0,660.0,－－－－－－－－－－,10.0,0.0,0.0,90.0,0.0,0.0,-940.0,3290.0,yonden
2018,8,2018-08-15,20:00,3130.0,0.0,3420.0,650.0,－－－－－－－－－－,10.0,0.0,0.0,110.0,0.0,0.0,-1060.0,3130.0,yonden
2018,8,2018-08-15,21:00,2950.0,0.0,3190.0,650.0,－－－－－－－－－－,10.0,0.0,0.0,120.0,0.0,0.0,-1020.0,2950.0,yonden
2018,8,2018-08-15,22:00,2760.0,0.0,3020.0,650.0,－－－－－－－－－－,10.0,0.0,0.0,110.0,0.0,0.0,-1030.0,2760.0,yonden
2018,8,2018-08-15,23:00,2640.0,0.0,3010.0,590.0,－－－－－－－－－－,10.0,0.0,0.0,110.0,0.0,0.0,-1080.0,2640.0,yonden
2018,8,2018-08-16,00:00,2460.0,0.0,3250.0,560.0,－－－－－－－－－－,10.0,0.0,0.0,110.0,0.0,0.0,-1470.0,2460.0,yonden
2018,8,2018-08-16,01:00,2360.0,0.0,3160.0,560.0,－－－－－－－－－－,10.0,0.0,0.0,110.0,0.0,0.0,-1480.0,2360.0,yonden
2018,8,2018-08-16,02:00,2400.0,0.0,3250.0,560.0,－－－－－－－－－－,10.0,0.0,0.0,90.0,0.0,0.0,-1510.0,2400.0,yonden
2018,8,2018-08-16,03:00,2520.0,0.0,3340.0,550.0,－－－－－－－－－－,10.0,0.0,0.0,70.0,0.0,0.0,-1450.0,2520.0,yonden
2018,8,2018-08-16,04:00,2630.0,0.0,3430.0,550.0,－－－－－－－－－－,10.0,0.0,0.0,70.0,0.0,0.0,-1430.0,2630.0,yonden
2018,8,2018-08-16,05:00,2710.0,0.0,3550.0,540.0,－－－－－－－－－－,10.0,10.0,0.0,70.0,0.0,0.0,-1470.0,2710.0,yonden
2018,8,2018-08-16,06:00,2670.0,0.0,3570.0,540.0,－－－－－－－－－－,10.0,150.0,0.0,60.0,0.0,0.0,-1660.0,2670.0,yonden
2018,8,2018-08-16,07:00,2830.0,0.0,3700.0,540.0,－－－－－－－－－－,10.0,280.0,0.0,50.0,0.0,0.0,-1750.0,2830.0,yonden
2018,8,2018-08-16,08:00,3320.0,0.0,3890.0,600.0,－－－－－－－－－－,10.0,310.0,0.0,40.0,0.0,0.0,-1530.0,3320.0,yonden
2018,8,2018-08-16,09:00,3600.0,0.0,4000.0,620.0,－－－－－－－－－－,10.0,330.0,0.0,40.0,0.0,0.0,-1400.0,3600.0,yonden
2018,8,2018-08-16,10:00,3690.0,0.0,4060.0,630.0,－－－－－－－－－－,10.0,470.0,0.0,40.0,0.0,0.0,-1520.0,3690.0,yonden
2018,8,2018-08-16,11:00,3740.0,0.0,4010.0,650.0,－－－－－－－－－－,10.0,520.0,0.0,30.0,0.0,0.0,-1480.0,3740.0,yonden
2018,8,2018-08-16,12:00,3620.0,0.0,3630.0,570.0,－－－－－－－－－－,10.0,820.0,0.0,40.0,0.0,0.0,-1450.0,3620.0,yonden
2018,8,2018-08-16,13:00,3850.0,0.0,3670.0,600.0,－－－－－－－－－－,10.0,880.0,0.0,40.0,0.0,0.0,-1350.0,3850.0,yonden
2018,8,2018-08-16,14:00,3850.0,0.0,3790.0,600.0,－－－－－－－－－－,10.0,660.0,0.0,30.0,0.0,0.0,-1240.0,3850.0,yonden
2018,8,2018-08-16,15:00,3930.0,0.0,3990.0,610.0,－－－－－－－－－－,10.0,490.0,0.0,40.0,0.0,0.0,-1210.0,3930.0,yonden
2018,8,2018-08-16,16:00,3860.0,0.0,4170.0,660.0,－－－－－－－－－－,10.0,190.0,0.0,30.0,0.0,0.0,-1200.0,3860.0,yonden
2018,8,2018-08-16,17:00,3730.0,0.0,3940.0,660.0,－－－－－－－－－－,10.0,70.0,0.0,10.0,0.0,80.0,-1040.0,3730.0,yonden
2018,8,2018-08-16,18:00,3650.0,0.0,3760.0,660.0,－－－－－－－－－－,10.0,10.0,0.0,10.0,0.0,140.0,-940.0,3650.0,yonden
2018,8,2018-08-16,19:00,3580.0,0.0,3740.0,630.0,－－－－－－－－－－,10.0,0.0,0.0,10.0,0.0,170.0,-980.0,3580.0,yonden
2018,8,2018-08-16,20:00,3380.0,0.0,3760.0,640.0,－－－－－－－－－－,10.0,0.0,0.0,10.0,0.0,10.0,-1050.0,3380.0,yonden
2018,8,2018-08-16,21:00,3160.0,0.0,3620.0,630.0,－－－－－－－－－－,10.0,0.0,0.0,10.0,0.0,0.0,-1110.0,3160.0,yonden
2018,8,2018-08-16,22:00,2920.0,0.0,3520.0,600.0,－－－－－－－－－－,10.0,0.0,0.0,10.0,0.0,0.0,-1220.0,2920.0,yonden
2018,8,2018-08-16,23:00,2760.0,0.0,3450.0,580.0,－－－－－－－－－－,10.0,0.0,0.0,10.0,0.0,0.0,-1290.0,2760.0,yonden
2018,8,2018-08-17,00:00,2540.0,0.0,3420.0,570.0,－－－－－－－－－－,10.0,0.0,0.0,20.0,0.0,0.0,-1480.0,2540.0,yonden
2018,8,2018-08-17,01:00,2400.0,0.0,3240.0,580.0,－－－－－－－－－－,10.0,0.0,0.0,40.0,0.0,0.0,-1470.0,2400.0,yonden
2018,8,2018-08-17,02:00,2440.0,0.0,3280.0,580.0,－－－－－－－－－－,10.0,0.0,0.0,50.0,0.0,0.0,-1480.0,2440.0,yonden
2018,8,2018-08-17,03:00,2550.0,0.0,3290.0,600.0,－－－－－－－－－－,10.0,0.0,0.0,60.0,0.0,0.0,-1410.0,2550.0,yonden
2018,8,2018-08-17,04:00,2660.0,0.0,3350.0,630.0,－－－－－－－－－－,10.0,0.0,0.0,70.0,0.0,0.0,-1400.0,2660.0,yonden
2018,8,2018-08-17,05:00,2750.0,0.0,3380.0,620.0,－－－－－－－－－－,10.0,10.0,0.0,60.0,0.0,0.0,-1330.0,2750.0,yonden
2018,8,2018-08-17,06:00,2720.0,0.0,3270.0,580.0,－－－－－－－－－－,10.0,150.0,0.0,60.0,0.0,0.0,-1350.0,2720.0,yonden
2018,8,2018-08-17,07:00,2750.0,0.0,3220.0,560.0,－－－－－－－－－－,10.0,440.0,0.0,70.0,0.0,-270.0,-1280.0,2750.0,yonden
2018,8,2018-08-17,08:00,3250.0,0.0,3080.0,500.0,－－－－－－－－－－,10.0,840.0,0.0,70.0,0.0,-300.0,-950.0,3250.0,yonden
2018,8,2018-08-17,09:00,3610.0,0.0,3080.0,560.0,－－－－－－－－－－,10.0,1150.0,0.0,60.0,0.0,-300.0,-950.0,3610.0,yonden
2018,8,2018-08-17,10:00,3720.0,0.0,2900.0,530.0,－－－－－－－－－－,10.0,1350.0,0.0,60.0,0.0,0.0,-1130.0,3720.0,yonden
2018,8,2018-08-17,11:00,3810.0,0.0,2830.0,590.0,－－－－－－－－－－,10.0,1460.0,0.0,60.0,0.0,0.0,-1140.0,3810.0,yonden
2018,8,2018-08-17,12:00,3690.0,0.0,2810.0,500.0,－－－－－－－－－－,10.0,1490.0,0.0,60.0,0.0,0.0,-1180.0,3690.0,yonden
2018,8,2018-08-17,13:00,3880.0,0.0,2900.0,590.0,－－－－－－－－－－,10.0,1420.0,0.0,50.0,0.0,0.0,-1090.0,3880.0,yonden
2018,8,2018-08-17,14:00,3890.0,0.0,3000.0,640.0,－－－－－－－－－－,10.0,1260.0,0.0,40.0,0.0,0.0,-1060.0,3890.0,yonden
2018,8,2018-08-17,15:00,3900.0,0.0,3280.0,600.0,－－－－－－－－－－,10.0,1030.0,0.0,40.0,0.0,0.0,-1060.0,3900.0,yonden
2018,8,2018-08-17,16:00,3920.0,0.0,3640.0,600.0,－－－－－－－－－－,10.0,710.0,0.0,40.0,0.0,0.0,-1080.0,3920.0,yonden
2018,8,2018-08-17,17:00,3760.0,0.0,3740.0,690.0,－－－－－－－－－－,10.0,350.0,0.0,40.0,0.0,0.0,-1070.0,3760.0,yonden
2018,8,2018-08-17,18:00,3570.0,0.0,3800.0,690.0,－－－－－－－－－－,10.0,60.0,0.0,50.0,0.0,0.0,-1040.0,3570.0,yonden
2018,8,2018-08-17,19:00,3430.0,0.0,3720.0,560.0,－－－－－－－－－－,10.0,0.0,0.0,50.0,0.0,170.0,-1080.0,3430.0,yonden
2018,8,2018-08-17,20:00,3200.0,0.0,3590.0,570.0,－－－－－－－－－－,10.0,0.0,0.0,60.0,0.0,60.0,-1090.0,3200.0,yonden
2018,8,2018-08-17,21:00,2960.0,0.0,3340.0,610.0,－－－－－－－－－－,10.0,0.0,0.0,40.0,0.0,0.0,-1040.0,2960.0,yonden
2018,8,2018-08-17,22:00,2720.0,0.0,3240.0,540.0,－－－－－－－－－－,10.0,0.0,0.0,30.0,0.0,0.0,-1100.0,2720.0,yonden
2018,8,2018-08-17,23:00,2580.0,0.0,3210.0,500.0,－－－－－－－－－－,10.0,0.0,0.0,20.0,0.0,0.0,-1160.0,2580.0,yonden
2018,8,2018-08-18,00:00,2390.0,0.0,3180.0,500.0,－－－－－－－－－－,10.0,0.0,0.0,20.0,0.0,0.0,-1320.0,2390.0,yonden
2018,8,2018-08-18,01:00,2300.0,0.0,3230.0,510.0,－－－－－－－－－－,10.0,0.0,0.0,20.0,0.0,0.0,-1470.0,2300.0,yonden
2018,8,2018-08-18,02:00,2340.0,0.0,3260.0,520.0,－－－－－－－－－－,10.0,0.0,0.0,20.0,0.0,0.0,-1470.0,2340.0,yonden
2018,8,2018-08-18,03:00,2460.0,0.0,3280.0,540.0,－－－－－－－－－－,10.0,0.0,0.0,30.0,0.0,0.0,-1400.0,2460.0,yonden
2018,8,2018-08-18,04:00,2610.0,0.0,3320.0,570.0,－－－－－－－－－－,10.0,0.0,0.0,30.0,0.0,0.0,-1320.0,2610.0,yonden
2018,8,2018-08-18,05:00,2690.0,0.0,3390.0,610.0,－－－－－－－－－－,10.0,10.0,0.0,20.0,0.0,0.0,-1350.0,2690.0,yonden
2018,8,2018-08-18,06:00,2580.0,0.0,3470.0,550.0,－－－－－－－－－－,10.0,220.0,0.0,10.0,0.0,0.0,-1680.0,2580.0,yonden
2018,8,2018-08-18,07:00,2510.0,0.0,3320.0,480.0,－－－－－－－－－－,10.0,560.0,0.0,10.0,0.0,0.0,-1870.0,2510.0,yonden
2018,8,2018-08-18,08:00,2830.0,0.0,3160.0,460.0,－－－－－－－－－－,10.0,910.0,0.0,0.0,0.0,0.0,-1710.0,2830.0,yonden
2018,8,2018-08-18,09:00,3100.0,0.0,3140.0,460.0,－－－－－－－－－－,10.0,1240.0,0.0,0.0,0.0,0.0,-1750.0,3100.0,yonden
2018,8,2018-08-18,10:00,3230.0,0.0,3190.0,450.0,－－－－－－－－－－,10.0,1440.0,0.0,0.0,0.0,0.0,-1860.0,3230.0,yonden
2018,8,2018-08-18,11:00,3330.0,0.0,3180.0,450.0,－－－－－－－－－－,10.0,1530.0,0.0,0.0,0.0,0.0,-1840.0,3330.0,yonden
2018,8,2018-08-18,12:00,3270.0,0.0,3100.0,450.0,－－－－－－－－－－,10.0,1560.0,0.0,0.0,0.0,0.0,-1850.0,3270.0,yonden
2018,8,2018-08-18,13:00,3420.0,0.0,3060.0,440.0,－－－－－－－－－－,10.0,1490.0,0.0,0.0,0.0,0.0,-1580.0,3420.0,yonden
2018,8,2018-08-18,14:00,3490.0,0.0,3300.0,510.0,－－－－－－－－－－,10.0,1350.0,0.0,0.0,0.0,0.0,-1680.0,3490.0,yonden
2018,8,2018-08-18,15:00,3530.0,0.0,3320.0,500.0,－－－－－－－－－－,10.0,1110.0,0.0,0.0,0.0,0.0,-1410.0,3530.0,yonden
2018,8,2018-08-18,16:00,3580.0,0.0,3560.0,570.0,－－－－－－－－－－,10.0,750.0,0.0,10.0,0.0,10.0,-1330.0,3580.0,yonden
2018,8,2018-08-18,17:00,3500.0,0.0,3730.0,610.0,－－－－－－－－－－,10.0,370.0,0.0,20.0,0.0,150.0,-1390.0,3500.0,yonden
2018,8,2018-08-18,18:00,3370.0,0.0,3740.0,640.0,－－－－－－－－－－,10.0,60.0,0.0,30.0,0.0,180.0,-1290.0,3370.0,yonden
2018,8,2018-08-18,19:00,3300.0,0.0,3670.0,630.0,－－－－－－－－－－,10.0,0.0,0.0,40.0,0.0,250.0,-1300.0,3300.0,yonden
2018,8,2018-08-18,20:00,3110.0,0.0,3680.0,540.0,－－－－－－－－－－,10.0,0.0,0.0,40.0,0.0,190.0,-1350.0,3110.0,yonden
2018,8,2018-08-18,21:00,2910.0,0.0,3650.0,580.0,－－－－－－－－－－,10.0,0.0,0.0,40.0,0.0,50.0,-1420.0,2910.0,yonden
2018,8,2018-08-18,22:00,2700.0,0.0,3540.0,520.0,－－－－－－－－－－,10.0,0.0,0.0,40.0,0.0,0.0,-1410.0,2700.0,yonden
2018,8,2018-08-18,23:00,2560.0,0.0,3420.0,460.0,－－－－－－－－－－,10.0,0.0,0.0,30.0,0.0,0.0,-1360.0,2560.0,yonden
2018,8,2018-08-19,00:00,2380.0,0.0,3450.0,450.0,－－－－－－－－－－,10.0,0.0,0.0,30.0,0.0,0.0,-1560.0,2380.0,yonden
2018,8,2018-08-19,01:00,2300.0,0.0,3470.0,480.0,－－－－－－－－－－,10.0,0.0,0.0,30.0,0.0,0.0,-1690.0,2300.0,yonden
2018,8,2018-08-19,02:00,2340.0,0.0,3490.0,480.0,－－－－－－－－－－,10.0,0.0,0.0,30.0,0.0,0.0,-1670.0,2340.0,yonden
2018,8,2018-08-19,03:00,2460.0,0.0,3470.0,500.0,－－－－－－－－－－,10.0,0.0,0.0,30.0,0.0,0.0,-1550.0,2460.0,yonden
2018,8,2018-08-19,04:00,2570.0,0.0,3410.0,500.0,－－－－－－－－－－,10.0,0.0,0.0,20.0,0.0,0.0,-1370.0,2570.0,yonden
2018,8,2018-08-19,05:00,2590.0,0.0,3250.0,510.0,－－－－－－－－－－,10.0,10.0,0.0,20.0,0.0,0.0,-1210.0,2590.0,yonden
2018,8,2018-08-19,06:00,2420.0,0.0,3120.0,420.0,－－－－－－－－－－,10.0,200.0,0.0,20.0,0.0,0.0,-1350.0,2420.0,yonden
2018,8,2018-08-19,07:00,2300.0,0.0,3010.0,310.0,－－－－－－－－－－,10.0,500.0,0.0,20.0,0.0,0.0,-1550.0,2300.0,yonden
2018,8,2018-08-19,08:00,2470.0,0.0,3000.0,310.0,－－－－－－－－－－,10.0,810.0,0.0,30.0,0.0,0.0,-1690.0,2470.0,yonden
2018,8,2018-08-19,09:00,2690.0,0.0,3020.0,330.0,－－－－－－－－－－,10.0,1090.0,0.0,30.0,0.0,0.0,-1790.0,2690.0,yonden
2018,8,2018-08-19,10:00,2820.0,0.0,3020.0,380.0,－－－－－－－－－－,10.0,1310.0,0.0,30.0,0.0,0.0,-1930.0,2820.0,yonden
2018,8,2018-08-19,11:00,2920.0,0.0,3160.0,450.0,－－－－－－－－－－,10.0,1430.0,0.0,20.0,0.0,-250.0,-1900.0,2920.0,yonden
2018,8,2018-08-19,12:00,3020.0,0.0,3120.0,460.0,－－－－－－－－－－,10.0,1470.0,0.0,20.0,0.0,-300.0,-1760.0,3020.0,yonden
2018,8,2018-08-19,13:00,3060.0,0.0,3140.0,470.0,－－－－－－－－－－,10.0,1400.0,0.0,20.0,0.0,-300.0,-1680.0,3060.0,yonden
2018,8,2018-08-19,14:00,3100.0,0.0,3200.0,480.0,－－－－－－－－－－,10.0,1220.0,0.0,40.0,0.0,-300.0,-1550.0,3100.0,yonden
2018,8,2018-08-19,15:00,3140.0,0.0,3230.0,470.0,－－－－－－－－－－,10.0,960.0,0.0,50.0,0.0,-150.0,-1430.0,3140.0,yonden
2018,8,2018-08-19,16:00,3230.0,0.0,3420.0,520.0,－－－－－－－－－－,10.0,630.0,0.0,50.0,0.0,0.0,-1400.0,3230.0,yonden
2018,8,2018-08-19,17:00,3330.0,0.0,3620.0,650.0,－－－－－－－－－－,10.0,310.0,0.0,70.0,0.0,0.0,-1330.0,3330.0,yonden
2018,8,2018-08-19,18:00,3310.0,0.0,3710.0,660.0,－－－－－－－－－－,10.0,50.0,0.0,70.0,0.0,140.0,-1330.0,3310.0,yonden
2018,8,2018-08-19,19:00,3270.0,0.0,3700.0,660.0,－－－－－－－－－－,10.0,0.0,0.0,70.0,0.0,170.0,-1340.0,3270.0,yonden
2018,8,2018-08-19,20:00,3110.0,0.0,3710.0,590.0,－－－－－－－－－－,10.0,0.0,0.0,70.0,0.0,160.0,-1430.0,3110.0,yonden
2018,8,2018-08-19,21:00,2900.0,0.0,3740.0,530.0,－－－－－－－－－－,10.0,0.0,0.0,60.0,0.0,0.0,-1440.0,2900.0,yonden
2018,8,2018-08-19,22:00,2680.0,0.0,3540.0,450.0,－－－－－－－－－－,10.0,0.0,0.0,60.0,0.0,0.0,-1380.0,2680.0,yonden
2018,8,2018-08-19,23:00,2540.0,0.0,3500.0,410.0,－－－－－－－－－－,10.0,0.0,0.0,50.0,0.0,0.0,-1430.0,2540.0,yonden
2018,8,2018-08-20,00:00,2330.0,0.0,3450.0,340.0,－－－－－－－－－－,10.0,0.0,0.0,20.0,0.0,0.0,-1490.0,2330.0,yonden
2018,8,2018-08-20,01:00,2240.0,0.0,3450.0,330.0,－－－－－－－－－－,10.0,0.0,0.0,10.0,0.0,0.0,-1560.0,2240.0,yonden
2018,8,2018-08-20,02:00,2300.0,0.0,3480.0,360.0,－－－－－－－－－－,10.0,0.0,0.0,0.0,0.0,0.0,-1550.0,2300.0,yonden
2018,8,2018-08-20,03:00,2440.0,0.0,3480.0,450.0,－－－－－－－－－－,10.0,0.0,0.0,0.0,0.0,0.0,-1500.0,2440.0,yonden
2018,8,2018-08-20,04:00,2590.0,0.0,3540.0,490.0,－－－－－－－－－－,10.0,0.0,0.0,0.0,0.0,0.0,-1450.0,2590.0,yonden
2018,8,2018-08-20,05:00,2690.0,0.0,3590.0,480.0,－－－－－－－－－－,10.0,10.0,0.0,10.0,0.0,0.0,-1410.0,2690.0,yonden
2018,8,2018-08-20,06:00,2670.0,0.0,3520.0,390.0,－－－－－－－－－－,10.0,160.0,0.0,10.0,0.0,0.0,-1420.0,2670.0,yonden
2018,8,2018-08-20,07:00,2800.0,0.0,3550.0,400.0,－－－－－－－－－－,10.0,360.0,0.0,10.0,0.0,0.0,-1530.0,2800.0,yonden
2018,8,2018-08-20,08:00,3330.0,0.0,3500.0,390.0,－－－－－－－－－－,10.0,580.0,0.0,10.0,0.0,0.0,-1160.0,3330.0,yonden
2018,8,2018-08-20,09:00,3640.0,0.0,3590.0,380.0,－－－－－－－－－－,10.0,750.0,0.0,10.0,0.0,0.0,-1100.0,3640.0,yonden
2018,8,2018-08-20,10:00,3820.0,0.0,3620.0,400.0,－－－－－－－－－－,10.0,850.0,0.0,10.0,0.0,0.0,-1070.0,3820.0,yonden
2018,8,2018-08-20,11:00,3880.0,0.0,3650.0,390.0,－－－－－－－－－－,10.0,920.0,0.0,10.0,0.0,0.0,-1100.0,3880.0,yonden
2018,8,2018-08-20,12:00,3820.0,0.0,3580.0,400.0,－－－－－－－－－－,10.0,1030.0,0.0,10.0,0.0,0.0,-1210.0,3820.0,yonden
2018,8,2018-08-20,13:00,4060.0,0.0,3900.0,450.0,－－－－－－－－－－,10.0,920.0,0.0,10.0,0.0,0.0,-1230.0,4060.0,yonden
2018,8,2018-08-20,14:00,4110.0,0.0,4050.0,490.0,－－－－－－－－－－,10.0,780.0,0.0,20.0,0.0,0.0,-1240.0,4110.0,yonden
2018,8,2018-08-20,15:00,4090.0,0.0,4210.0,570.0,－－－－－－－－－－,10.0,530.0,0.0,30.0,0.0,0.0,-1260.0,4090.0,yonden
2018,8,2018-08-20,16:00,4040.0,0.0,4220.0,550.0,－－－－－－－－－－,10.0,330.0,0.0,30.0,0.0,0.0,-1100.0,4040.0,yonden
2018,8,2018-08-20,17:00,3930.0,0.0,4230.0,660.0,－－－－－－－－－－,10.0,160.0,0.0,50.0,0.0,0.0,-1180.0,3930.0,yonden
2018,8,2018-08-20,18:00,3900.0,0.0,4300.0,680.0,－－－－－－－－－－,10.0,20.0,0.0,60.0,0.0,0.0,-1170.0,3900.0,yonden
2018,8,2018-08-20,19:00,3800.0,0.0,4220.0,600.0,－－－－－－－－－－,10.0,0.0,0.0,70.0,0.0,110.0,-1210.0,3800.0,yonden
2018,8,2018-08-20,20:00,3580.0,0.0,4160.0,580.0,－－－－－－－－－－,10.0,0.0,0.0,60.0,0.0,60.0,-1290.0,3580.0,yonden
2018,8,2018-08-20,21:00,3350.0,0.0,4110.0,530.0,－－－－－－－－－－,10.0,0.0,0.0,60.0,0.0,0.0,-1360.0,3350.0,yonden
2018,8,2018-08-20,22:00,3110.0,0.0,3890.0,470.0,－－－－－－－－－－,10.0,0.0,0.0,70.0,0.0,0.0,-1330.0,3110.0,yonden
2018,8,2018-08-20,23:00,2940.0,0.0,3730.0,420.0,－－－－－－－－－－,10.0,0.0,0.0,80.0,0.0,0.0,-1300.0,2940.0,yonden
2018,8,2018-08-21,00:00,2740.0,0.0,3740.0,430.0,－－－－－－－－－－,10.0,0.0,0.0,80.0,0.0,0.0,-1520.0,2740.0,yonden
2018,8,2018-08-21,01:00,2610.0,0.0,3630.0,420.0,－－－－－－－－－－,10.0,0.0,0.0,80.0,0.0,0.0,-1530.0,2610.0,yonden
2018,8,2018-08-21,02:00,2660.0,0.0,3620.0,480.0,－－－－－－－－－－,10.0,0.0,0.0,80.0,0.0,0.0,-1530.0,2660.0,yonden
2018,8,2018-08-21,03:00,2770.0,0.0,3650.0,560.0,－－－－－－－－－－,10.0,0.0,0.0,80.0,0.0,0.0,-1530.0,2770.0,yonden
2018,8,2018-08-21,04:00,2890.0,0.0,3710.0,550.0,－－－－－－－－－－,10.0,0.0,0.0,80.0,0.0,0.0,-1460.0,2890.0,yonden
2018,8,2018-08-21,05:00,2960.0,0.0,3720.0,560.0,－－－－－－－－－－,10.0,10.0,0.0,80.0,0.0,0.0,-1420.0,2960.0,yonden
2018,8,2018-08-21,06:00,2990.0,0.0,3740.0,500.0,－－－－－－－－－－,10.0,150.0,0.0,80.0,0.0,0.0,-1490.0,2990.0,yonden
2018,8,2018-08-21,07:00,3190.0,0.0,3820.0,460.0,－－－－－－－－－－,10.0,340.0,0.0,90.0,0.0,60.0,-1590.0,3190.0,yonden
2018,8,2018-08-21,08:00,3790.0,0.0,4010.0,500.0,－－－－－－－－－－,10.0,540.0,0.0,80.0,0.0,0.0,-1350.0,3790.0,yonden
2018,8,2018-08-21,09:00,4130.0,0.0,4070.0,570.0,－－－－－－－－－－,10.0,670.0,0.0,80.0,0.0,0.0,-1270.0,4130.0,yonden
2018,8,2018-08-21,10:00,4330.0,0.0,4210.0,610.0,－－－－－－－－－－,10.0,820.0,0.0,80.0,0.0,0.0,-1400.0,4330.0,yonden
2018,8,2018-08-21,11:00,4410.0,0.0,4320.0,580.0,－－－－－－－－－－,10.0,930.0,0.0,80.0,0.0,0.0,-1510.0,4410.0,yonden
2018,8,2018-08-21,12:00,4290.0,0.0,4200.0,570.0,－－－－－－－－－－,10.0,970.0,0.0,90.0,0.0,0.0,-1550.0,4290.0,yonden
2018,8,2018-08-21,13:00,4550.0,0.0,4440.0,610.0,－－－－－－－－－－,10.0,940.0,0.0,100.0,0.0,0.0,-1550.0,4550.0,yonden
2018,8,2018-08-21,14:00,4590.0,0.0,4400.0,640.0,－－－－－－－－－－,10.0,940.0,0.0,100.0,0.0,0.0,-1500.0,4590.0,yonden
2018,8,2018-08-21,15:00,4670.0,0.0,4440.0,700.0,－－－－－－－－－－,10.0,830.0,0.0,110.0,0.0,0.0,-1420.0,4670.0,yonden
2018,8,2018-08-21,16:00,4660.0,0.0,4570.0,730.0,－－－－－－－－－－,10.0,540.0,0.0,120.0,0.0,0.0,-1310.0,4660.0,yonden
2018,8,2018-08-21,17:00,4480.0,0.0,4520.0,720.0,－－－－－－－－－－,10.0,270.0,0.0,120.0,0.0,40.0,-1200.0,4480.0,yonden
2018,8,2018-08-21,18:00,4310.0,0.0,4490.0,730.0,－－－－－－－－－－,10.0,40.0,0.0,120.0,0.0,230.0,-1310.0,4310.0,yonden
2018,8,2018-08-21,19:00,4140.0,0.0,4530.0,720.0,－－－－－－－－－－,10.0,0.0,0.0,120.0,0.0,170.0,-1410.0,4140.0,yonden
2018,8,2018-08-21,20:00,3890.0,0.0,4450.0,690.0,－－－－－－－－－－,10.0,0.0,0.0,130.0,0.0,100.0,-1490.0,3890.0,yonden
2018,8,2018-08-21,21:00,3640.0,0.0,4270.0,720.0,－－－－－－－－－－,10.0,0.0,0.0,120.0,0.0,0.0,-1480.0,3640.0,yonden
2018,8,2018-08-21,22:00,3370.0,0.0,4010.0,680.0,－－－－－－－－－－,10.0,0.0,0.0,130.0,0.0,0.0,-1460.0,3370.0,yonden
2018,8,2018-08-21,23:00,3190.0,0.0,3880.0,700.0,－－－－－－－－－－,10.0,0.0,0.0,120.0,0.0,0.0,-1520.0,3190.0,yonden
2018,8,2018-08-22,00:00,2950.0,0.0,3660.0,650.0,－－－－－－－－－－,10.0,0.0,0.0,120.0,0.0,0.0,-1490.0,2950.0,yonden
2018,8,2018-08-22,01:00,2800.0,0.0,3530.0,680.0,－－－－－－－－－－,10.0,0.0,0.0,130.0,0.0,0.0,-1550.0,2800.0,yonden
2018,8,2018-08-22,02:00,2810.0,0.0,3520.0,700.0,－－－－－－－－－－,10.0,0.0,0.0,130.0,0.0,0.0,-1550.0,2810.0,yonden
2018,8,2018-08-22,03:00,2900.0,0.0,3590.0,710.0,－－－－－－－－－－,10.0,0.0,0.0,130.0,0.0,0.0,-1540.0,2900.0,yonden
2018,8,2018-08-22,04:00,3010.0,0.0,3650.0,710.0,－－－－－－－－－－,10.0,0.0,0.0,120.0,0.0,0.0,-1480.0,3010.0,yonden
2018,8,2018-08-22,05:00,3080.0,0.0,3700.0,710.0,－－－－－－－－－－,10.0,10.0,0.0,120.0,0.0,0.0,-1470.0,3080.0,yonden
2018,8,2018-08-22,06:00,3050.0,0.0,3740.0,650.0,－－－－－－－－－－,10.0,120.0,0.0,130.0,0.0,0.0,-1600.0,3050.0,yonden
2018,8,2018-08-22,07:00,3240.0,0.0,3920.0,660.0,－－－－－－－－－－,10.0,280.0,0.0,130.0,0.0,0.0,-1760.0,3240.0,yonden
2018,8,2018-08-22,08:00,3890.0,0.0,4020.0,690.0,－－－－－－－－－－,10.0,510.0,0.0,130.0,0.0,0.0,-1470.0,3890.0,yonden
2018,8,2018-08-22,09:00,4250.0,0.0,4140.0,710.0,－－－－－－－－－－,10.0,780.0,0.0,130.0,0.0,0.0,-1520.0,4250.0,yonden
2018,8,2018-08-22,10:00,4460.0,0.0,4170.0,750.0,－－－－－－－－－－,10.0,1130.0,0.0,140.0,0.0,0.0,-1740.0,4460.0,yonden
2018,8,2018-08-22,11:00,4650.0,0.0,4400.0,740.0,－－－－－－－－－－,10.0,1280.0,0.0,140.0,0.0,0.0,-1920.0,4650.0,yonden
2018,8,2018-08-22,12:00,4560.0,0.0,4400.0,680.0,－－－－－－－－－－,10.0,1350.0,0.0,140.0,0.0,0.0,-2020.0,4560.0,yonden
2018,8,2018-08-22,13:00,4800.0,0.0,4690.0,730.0,－－－－－－－－－－,10.0,1320.0,0.0,140.0,0.0,0.0,-2090.0,4800.0,yonden
2018,8,2018-08-22,14:00,4840.0,0.0,4860.0,720.0,－－－－－－－－－－,10.0,1170.0,0.0,120.0,0.0,0.0,-2040.0,4840.0,yonden
2018,8,2018-08-22,15:00,4820.0,0.0,4800.0,700.0,－－－－－－－－－－,10.0,960.0,0.0,120.0,0.0,0.0,-1770.0,4820.0,yonden
2018,8,2018-08-22,16:00,4830.0,0.0,4920.0,710.0,－－－－－－－－－－,10.0,680.0,0.0,120.0,0.0,0.0,-1610.0,4830.0,yonden
2018,8,2018-08-22,17:00,4640.0,0.0,4860.0,700.0,－－－－－－－－－－,10.0,330.0,0.0,120.0,0.0,0.0,-1380.0,4640.0,yonden
2018,8,2018-08-22,18:00,4420.0,0.0,4950.0,710.0,－－－－－－－－－－,10.0,50.0,0.0,120.0,0.0,0.0,-1420.0,4420.0,yonden
2018,8,2018-08-22,19:00,4250.0,0.0,4970.0,710.0,－－－－－－－－－－,10.0,0.0,0.0,130.0,0.0,0.0,-1570.0,4250.0,yonden
2018,8,2018-08-22,20:00,4010.0,0.0,4860.0,710.0,－－－－－－－－－－,10.0,0.0,0.0,120.0,0.0,0.0,-1690.0,4010.0,yonden
2018,8,2018-08-22,21:00,3740.0,0.0,4370.0,700.0,－－－－－－－－－－,10.0,0.0,0.0,110.0,0.0,0.0,-1450.0,3740.0,yonden
2018,8,2018-08-22,22:00,3490.0,0.0,3980.0,710.0,－－－－－－－－－－,10.0,0.0,0.0,110.0,0.0,0.0,-1320.0,3490.0,yonden
2018,8,2018-08-22,23:00,3300.0,0.0,3950.0,710.0,－－－－－－－－－－,10.0,0.0,0.0,90.0,0.0,0.0,-1460.0,3300.0,yonden
2018,8,2018-08-23,00:00,3030.0,0.0,3870.0,710.0,－－－－－－－－－－,10.0,0.0,0.0,90.0,0.0,0.0,-1650.0,3030.0,yonden
2018,8,2018-08-23,01:00,2870.0,0.0,3800.0,700.0,－－－－－－－－－－,10.0,0.0,0.0,100.0,0.0,0.0,-1740.0,2870.0,yonden
2018,8,2018-08-23,02:00,2880.0,0.0,3770.0,710.0,－－－－－－－－－－,10.0,0.0,0.0,110.0,0.0,0.0,-1720.0,2880.0,yonden
2018,8,2018-08-23,03:00,2970.0,0.0,3800.0,720.0,－－－－－－－－－－,10.0,0.0,0.0,100.0,0.0,0.0,-1660.0,2970.0,yonden
2018,8,2018-08-23,04:00,3060.0,0.0,3820.0,700.0,－－－－－－－－－－,10.0,0.0,0.0,90.0,0.0,0.0,-1560.0,3060.0,yonden
2018,8,2018-08-23,05:00,3140.0,0.0,3890.0,670.0,－－－－－－－－－－,10.0,10.0,0.0,80.0,0.0,0.0,-1520.0,3140.0,yonden
2018,8,2018-08-23,06:00,3210.0,0.0,3870.0,670.0,－－－－－－－－－－,10.0,160.0,0.0,70.0,0.0,0.0,-1570.0,3210.0,yonden
2018,8,2018-08-23,07:00,3410.0,0.0,3860.0,700.0,－－－－－－－－－－,10.0,380.0,0.0,60.0,0.0,0.0,-1600.0,3410.0,yonden
2018,8,2018-08-23,08:00,4050.0,0.0,4030.0,700.0,－－－－－－－－－－,10.0,600.0,0.0,60.0,0.0,0.0,-1350.0,4050.0,yonden
2018,8,2018-08-23,09:00,4380.0,0.0,4540.0,730.0,－－－－－－－－－－,10.0,720.0,0.0,60.0,0.0,0.0,-1680.0,4380.0,yonden
2018,8,2018-08-23,10:00,4510.0,0.0,4710.0,720.0,－－－－－－－－－－,10.0,900.0,0.0,50.0,0.0,0.0,-1880.0,4510.0,yonden
2018,8,2018-08-23,11:00,4660.0,0.0,4780.0,740.0,－－－－－－－－－－,10.0,920.0,0.0,60.0,0.0,0.0,-1850.0,4660.0,yonden
2018,8,2018-08-23,12:00,4450.0,0.0,4860.0,720.0,－－－－－－－－－－,10.0,740.0,0.0,40.0,0.0,0.0,-1920.0,4450.0,yonden
2018,8,2018-08-23,13:00,4530.0,0.0,4840.0,710.0,－－－－－－－－－－,10.0,660.0,0.0,30.0,0.0,0.0,-1720.0,4530.0,yonden
2018,8,2018-08-23,14:00,4430.0,0.0,4720.0,730.0,－－－－－－－－－－,10.0,520.0,0.0,30.0,0.0,0.0,-1580.0,4430.0,yonden
2018,8,2018-08-23,15:00,4240.0,0.0,4590.0,740.0,－－－－－－－－－－,10.0,400.0,0.0,30.0,0.0,0.0,-1530.0,4240.0,yonden
2018,8,2018-08-23,16:00,4170.0,0.0,4640.0,740.0,－－－－－－－－－－,10.0,210.0,0.0,60.0,0.0,0.0,-1490.0,4170.0,yonden
2018,8,2018-08-23,17:00,3930.0,0.0,4500.0,730.0,－－－－－－－－－－,10.0,60.0,0.0,90.0,0.0,0.0,-1460.0,3930.0,yonden
2018,8,2018-08-23,18:00,3840.0,0.0,4500.0,700.0,－－－－－－－－－－,10.0,10.0,0.0,110.0,0.0,0.0,-1490.0,3840.0,yonden
2018,8,2018-08-23,19:00,3680.0,0.0,4340.0,700.0,－－－－－－－－－－,10.0,0.0,0.0,110.0,0.0,0.0,-1480.0,3680.0,yonden
2018,8,2018-08-23,20:00,3470.0,0.0,4250.0,690.0,－－－－－－－－－－,10.0,0.0,0.0,90.0,0.0,0.0,-1570.0,3470.0,yonden
2018,8,2018-08-23,21:00,3250.0,0.0,3910.0,660.0,－－－－－－－－－－,10.0,0.0,0.0,60.0,0.0,0.0,-1390.0,3250.0,yonden
2018,8,2018-08-23,22:00,3020.0,0.0,3740.0,650.0,－－－－－－－－－－,10.0,0.0,0.0,50.0,0.0,0.0,-1430.0,3020.0,yonden
2018,8,2018-08-23,23:00,2890.0,0.0,3720.0,650.0,－－－－－－－－－－,10.0,0.0,0.0,80.0,0.0,0.0,-1570.0,2890.0,yonden
2018,8,2018-08-24,00:00,2690.0,0.0,3460.0,630.0,－－－－－－－－－－,10.0,0.0,0.0,100.0,0.0,0.0,-1510.0,2690.0,yonden
2018,8,2018-08-24,01:00,2600.0,0.0,3490.0,620.0,－－－－－－－－－－,10.0,0.0,0.0,110.0,0.0,0.0,-1630.0,2600.0,yonden
2018,8,2018-08-24,02:00,2650.0,0.0,3520.0,620.0,－－－－－－－－－－,10.0,0.0,0.0,110.0,0.0,0.0,-1610.0,2650.0,yonden
2018,8,2018-08-24,03:00,2770.0,0.0,3590.0,630.0,－－－－－－－－－－,10.0,0.0,0.0,110.0,0.0,0.0,-1570.0,2770.0,yonden
2018,8,2018-08-24,04:00,2900.0,0.0,3580.0,620.0,－－－－－－－－－－,10.0,0.0,0.0,110.0,0.0,0.0,-1420.0,2900.0,yonden
2018,8,2018-08-24,05:00,3010.0,0.0,3640.0,610.0,－－－－－－－－－－,10.0,10.0,0.0,110.0,0.0,0.0,-1370.0,3010.0,yonden
2018,8,2018-08-24,06:00,3060.0,0.0,3630.0,640.0,－－－－－－－－－－,10.0,140.0,0.0,100.0,0.0,0.0,-1460.0,3060.0,yonden
2018,8,2018-08-24,07:00,3290.0,0.0,3700.0,650.0,－－－－－－－－－－,10.0,350.0,0.0,100.0,0.0,0.0,-1520.0,3290.0,yonden
2018,8,2018-08-24,08:00,3930.0,0.0,3940.0,650.0,－－－－－－－－－－,10.0,630.0,0.0,100.0,0.0,0.0,-1400.0,3930.0,yonden
2018,8,2018-08-24,09:00,4370.0,0.0,4220.0,670.0,－－－－－－－－－－,10.0,930.0,0.0,100.0,0.0,0.0,-1560.0,4370.0,yonden
2018,8,2018-08-24,10:00,4520.0,0.0,3940.0,670.0,－－－－－－－－－－,10.0,1150.0,0.0,100.0,0.0,0.0,-1350.0,4520.0,yonden
2018,8,2018-08-24,11:00,4640.0,0.0,3920.0,700.0,－－－－－－－－－－,10.0,1210.0,0.0,100.0,0.0,0.0,-1300.0,4640.0,yonden
2018,8,2018-08-24,12:00,4610.0,0.0,3930.0,710.0,－－－－－－－－－－,10.0,1200.0,0.0,110.0,0.0,0.0,-1350.0,4610.0,yonden
2018,8,2018-08-24,13:00,4760.0,0.0,4020.0,690.0,－－－－－－－－－－,10.0,990.0,0.0,100.0,0.0,0.0,-1050.0,4760.0,yonden
2018,8,2018-08-24,14:00,4730.0,0.0,4040.0,720.0,－－－－－－－－－－,10.0,840.0,0.0,120.0,0.0,0.0,-1000.0,4730.0,yonden
2018,8,2018-08-24,15:00,4740.0,0.0,4220.0,730.0,－－－－－－－－－－,10.0,650.0,0.0,120.0,0.0,0.0,-990.0,4740.0,yonden
2018,8,2018-08-24,16:00,4750.0,0.0,4460.0,740.0,－－－－－－－－－－,10.0,390.0,0.0,120.0,0.0,0.0,-970.0,4750.0,yonden
2018,8,2018-08-24,17:00,4600.0,0.0,4390.0,740.0,－－－－－－－－－－,10.0,210.0,0.0,120.0,0.0,0.0,-870.0,4600.0,yonden
2018,8,2018-08-24,18:00,4420.0,0.0,4400.0,730.0,－－－－－－－－－－,10.0,30.0,0.0,110.0,0.0,0.0,-860.0,4420.0,yonden
2018,8,2018-08-24,19:00,4250.0,0.0,4410.0,730.0,－－－－－－－－－－,10.0,0.0,0.0,110.0,0.0,0.0,-1010.0,4250.0,yonden
2018,8,2018-08-24,20:00,4000.0,0.0,4410.0,730.0,－－－－－－－－－－,10.0,0.0,0.0,110.0,0.0,0.0,-1260.0,4000.0,yonden
2018,8,2018-08-24,21:00,3740.0,0.0,4280.0,730.0,－－－－－－－－－－,10.0,0.0,0.0,110.0,0.0,0.0,-1390.0,3740.0,yonden
2018,8,2018-08-24,22:00,3470.0,0.0,3870.0,730.0,－－－－－－－－－－,10.0,0.0,0.0,110.0,0.0,0.0,-1250.0,3470.0,yonden
2018,8,2018-08-24,23:00,3280.0,0.0,3700.0,730.0,－－－－－－－－－－,10.0,0.0,0.0,110.0,0.0,0.0,-1270.0,3280.0,yonden
2018,8,2018-08-25,00:00,3020.0,0.0,3580.0,720.0,－－－－－－－－－－,10.0,0.0,0.0,100.0,0.0,0.0,-1390.0,3020.0,yonden
2018,8,2018-08-25,01:00,2850.0,0.0,3530.0,720.0,－－－－－－－－－－,10.0,0.0,0.0,90.0,0.0,0.0,-1500.0,2850.0,yonden
2018,8,2018-08-25,02:00,2860.0,0.0,3520.0,720.0,－－－－－－－－－－,10.0,0.0,0.0,90.0,0.0,0.0,-1480.0,2860.0,yonden
2018,8,2018-08-25,03:00,2920.0,0.0,3560.0,710.0,－－－－－－－－－－,10.0,0.0,0.0,80.0,0.0,0.0,-1440.0,2920.0,yonden
2018,8,2018-08-25,04:00,3000.0,0.0,3620.0,700.0,－－－－－－－－－－,10.0,0.0,0.0,90.0,0.0,0.0,-1420.0,3000.0,yonden
2018,8,2018-08-25,05:00,3050.0,0.0,3650.0,700.0,－－－－－－－－－－,10.0,10.0,0.0,90.0,0.0,0.0,-1410.0,3050.0,yonden
2018,8,2018-08-25,06:00,2980.0,0.0,3520.0,700.0,－－－－－－－－－－,10.0,150.0,0.0,90.0,0.0,0.0,-1490.0,2980.0,yonden
2018,8,2018-08-25,07:00,3060.0,0.0,3450.0,700.0,－－－－－－－－－－,10.0,380.0,0.0,90.0,0.0,0.0,-1570.0,3060.0,yonden
2018,8,2018-08-25,08:00,3530.0,0.0,3470.0,710.0,－－－－－－－－－－,10.0,680.0,0.0,90.0,0.0,0.0,-1430.0,3530.0,yonden
2018,8,2018-08-25,09:00,3820.0,0.0,3350.0,730.0,－－－－－－－－－－,10.0,970.0,0.0,90.0,0.0,0.0,-1330.0,3820.0,yonden
2018,8,2018-08-25,10:00,4030.0,0.0,3670.0,730.0,－－－－－－－－－－,10.0,1170.0,0.0,80.0,0.0,-250.0,-1380.0,4030.0,yonden
2018,8,2018-08-25,11:00,4110.0,0.0,3790.0,720.0,－－－－－－－－－－,10.0,1280.0,0.0,80.0,0.0,-300.0,-1470.0,4110.0,yonden
2018,8,2018-08-25,12:00,4150.0,0.0,3800.0,720.0,－－－－－－－－－－,10.0,1330.0,0.0,90.0,0.0,-300.0,-1500.0,4150.0,yonden
2018,8,2018-08-25,13:00,4240.0,0.0,3740.0,700.0,－－－－－－－－－－,10.0,1230.0,0.0,80.0,0.0,0.0,-1520.0,4240.0,yonden
2018,8,2018-08-25,14:00,4260.0,0.0,3780.0,710.0,－－－－－－－－－－,10.0,1130.0,0.0,80.0,0.0,0.0,-1450.0,4260.0,yonden
2018,8,2018-08-25,15:00,4270.0,0.0,3870.0,720.0,－－－－－－－－－－,10.0,950.0,0.0,80.0,0.0,0.0,-1360.0,4270.0,yonden
2018,8,2018-08-25,16:00,4330.0,0.0,4170.0,720.0,－－－－－－－－－－,10.0,660.0,0.0,80.0,0.0,0.0,-1310.0,4330.0,yonden
2018,8,2018-08-25,17:00,4270.0,0.0,4320.0,710.0,－－－－－－－－－－,10.0,320.0,0.0,80.0,0.0,100.0,-1270.0,4270.0,yonden
2018,8,2018-08-25,18:00,4100.0,0.0,4310.0,720.0,－－－－－－－－－－,10.0,40.0,0.0,80.0,0.0,220.0,-1280.0,4100.0,yonden
2018,8,2018-08-25,19:00,3960.0,0.0,4260.0,710.0,－－－－－－－－－－,10.0,0.0,0.0,80.0,0.0,210.0,-1310.0,3960.0,yonden
2018,8,2018-08-25,20:00,3720.0,0.0,4210.0,710.0,－－－－－－－－－－,10.0,0.0,0.0,70.0,0.0,40.0,-1320.0,3720.0,yonden
2018,8,2018-08-25,21:00,3480.0,0.0,4040.0,720.0,－－－－－－－－－－,10.0,0.0,0.0,70.0,0.0,0.0,-1360.0,3480.0,yonden
2018,8,2018-08-25,22:00,3230.0,0.0,3830.0,720.0,－－－－－－－－－－,10.0,0.0,0.0,70.0,0.0,0.0,-1400.0,3230.0,yonden
2018,8,2018-08-25,23:00,3040.0,0.0,3700.0,710.0,－－－－－－－－－－,10.0,0.0,0.0,70.0,0.0,0.0,-1450.0,3040.0,yonden
2018,8,2018-08-26,00:00,2780.0,0.0,3480.0,660.0,－－－－－－－－－－,10.0,0.0,0.0,70.0,0.0,0.0,-1440.0,2780.0,yonden
2018,8,2018-08-26,01:00,2630.0,0.0,3380.0,650.0,－－－－－－－－－－,10.0,0.0,0.0,70.0,0.0,0.0,-1480.0,2630.0,yonden
2018,8,2018-08-26,02:00,2610.0,0.0,3390.0,650.0,－－－－－－－－－－,10.0,0.0,0.0,60.0,0.0,0.0,-1500.0,2610.0,yonden
2018,8,2018-08-26,03:00,2680.0,0.0,3400.0,650.0,－－－－－－－－－－,10.0,0.0,0.0,60.0,0.0,0.0,-1440.0,2680.0,yonden
2018,8,2018-08-26,04:00,2750.0,0.0,3380.0,660.0,－－－－－－－－－－,10.0,0.0,0.0,50.0,0.0,0.0,-1350.0,2750.0,yonden
2018,8,2018-08-26,05:00,2780.0,0.0,3360.0,660.0,－－－－－－－－－－,10.0,10.0,0.0,40.0,0.0,0.0,-1300.0,2780.0,yonden
2018,8,2018-08-26,06:00,2710.0,0.0,3430.0,670.0,－－－－－－－－－－,10.0,190.0,0.0,40.0,0.0,-190.0,-1440.0,2710.0,yonden
2018,8,2018-08-26,07:00,2660.0,0.0,3320.0,670.0,－－－－－－－－－－,10.0,490.0,0.0,40.0,0.0,-300.0,-1570.0,2660.0,yonden
2018,8,2018-08-26,08:00,2930.0,0.0,3380.0,660.0,－－－－－－－－－－,10.0,820.0,0.0,30.0,0.0,-300.0,-1670.0,2930.0,yonden
2018,8,2018-08-26,09:00,3220.0,0.0,3530.0,710.0,－－－－－－－－－－,10.0,1070.0,0.0,30.0,0.0,-300.0,-1830.0,3220.0,yonden
2018,8,2018-08-26,10:00,3390.0,0.0,3650.0,720.0,－－－－－－－－－－,10.0,1280.0,0.0,30.0,0.0,-300.0,-2000.0,3390.0,yonden
2018,8,2018-08-26,11:00,3530.0,0.0,3680.0,720.0,－－－－－－－－－－,10.0,1360.0,0.0,30.0,0.0,-300.0,-1970.0,3530.0,yonden
2018,8,2018-08-26,12:00,3620.0,0.0,3590.0,690.0,－－－－－－－－－－,10.0,1400.0,0.0,40.0,0.0,-300.0,-1810.0,3620.0,yonden
2018,8,2018-08-26,13:00,3660.0,0.0,3550.0,680.0,－－－－－－－－－－,10.0,1360.0,0.0,30.0,0.0,0.0,-1970.0,3660.0,yonden
2018,8,2018-08-26,14:00,3720.0,0.0,3500.0,690.0,－－－－－－－－－－,10.0,1240.0,0.0,40.0,0.0,0.0,-1760.0,3720.0,yonden
2018,8,2018-08-26,15:00,3790.0,0.0,3560.0,710.0,－－－－－－－－－－,10.0,990.0,0.0,50.0,0.0,0.0,-1530.0,3790.0,yonden
2018,8,2018-08-26,16:00,3900.0,0.0,3790.0,730.0,－－－－－－－－－－,10.0,680.0,0.0,70.0,0.0,0.0,-1380.0,3900.0,yonden
2018,8,2018-08-26,17:00,3960.0,0.0,3990.0,730.0,－－－－－－－－－－,10.0,310.0,0.0,70.0,0.0,70.0,-1220.0,3960.0,yonden
2018,8,2018-08-26,18:00,3880.0,0.0,3960.0,750.0,－－－－－－－－－－,10.0,40.0,0.0,70.0,0.0,300.0,-1250.0,3880.0,yonden
2018,8,2018-08-26,19:00,3790.0,0.0,3930.0,770.0,－－－－－－－－－－,10.0,0.0,0.0,70.0,0.0,260.0,-1250.0,3790.0,yonden
2018,8,2018-08-26,20:00,3590.0,0.0,3910.0,740.0,－－－－－－－－－－,10.0,0.0,0.0,70.0,0.0,140.0,-1280.0,3590.0,yonden
2018,8,2018-08-26,21:00,3360.0,0.0,3810.0,770.0,－－－－－－－－－－,10.0,0.0,0.0,70.0,0.0,0.0,-1300.0,3360.0,yonden
2018,8,2018-08-26,22:00,3090.0,0.0,3660.0,720.0,－－－－－－－－－－,10.0,0.0,0.0,60.0,0.0,0.0,-1360.0,3090.0,yonden
2018,8,2018-08-26,23:00,2900.0,0.0,3610.0,740.0,－－－－－－－－－－,10.0,0.0,0.0,70.0,0.0,0.0,-1530.0,2900.0,yonden
2018,8,2018-08-27,00:00,2670.0,0.0,3460.0,730.0,－－－－－－－－－－,10.0,0.0,0.0,60.0,0.0,-150.0,-1440.0,2670.0,yonden
2018,8,2018-08-27,01:00,2550.0,0.0,3490.0,710.0,－－－－－－－－－－,10.0,0.0,0.0,60.0,0.0,-300.0,-1420.0,2550.0,yonden
2018,8,2018-08-27,02:00,2560.0,0.0,3530.0,700.0,－－－－－－－－－－,10.0,0.0,0.0,50.0,0.0,-290.0,-1440.0,2560.0,yonden
2018,8,2018-08-27,03:00,2650.0,0.0,3580.0,710.0,－－－－－－－－－－,10.0,0.0,0.0,40.0,0.0,-290.0,-1400.0,2650.0,yonden
2018,8,2018-08-27,04:00,2770.0,0.0,3580.0,720.0,－－－－－－－－－－,10.0,0.0,0.0,30.0,0.0,-150.0,-1420.0,2770.0,yonden
2018,8,2018-08-27,05:00,2890.0,0.0,3660.0,710.0,－－－－－－－－－－,10.0,10.0,0.0,30.0,0.0,0.0,-1530.0,2890.0,yonden
2018,8,2018-08-27,06:00,3010.0,0.0,3730.0,680.0,－－－－－－－－－－,10.0,200.0,0.0,20.0,0.0,0.0,-1630.0,3010.0,yonden
2018,8,2018-08-27,07:00,3260.0,0.0,3740.0,670.0,－－－－－－－－－－,10.0,500.0,0.0,10.0,0.0,0.0,-1670.0,3260.0,yonden
2018,8,2018-08-27,08:00,3910.0,0.0,3740.0,660.0,－－－－－－－－－－,10.0,800.0,0.0,10.0,0.0,0.0,-1310.0,3910.0,yonden
2018,8,2018-08-27,09:00,4270.0,0.0,3780.0,730.0,－－－－－－－－－－,10.0,1060.0,0.0,10.0,0.0,0.0,-1320.0,4270.0,yonden
2018,8,2018-08-27,10:00,4430.0,0.0,3820.0,740.0,－－－－－－－－－－,10.0,1280.0,0.0,10.0,0.0,0.0,-1430.0,4430.0,yonden
2018,8,2018-08-27,11:00,4570.0,0.0,3860.0,740.0,－－－－－－－－－－,10.0,1410.0,0.0,0.0,0.0,0.0,-1450.0,4570.0,yonden
2018,8,2018-08-27,12:00,4500.0,0.0,3770.0,690.0,－－－－－－－－－－,10.0,1470.0,0.0,0.0,0.0,0.0,-1440.0,4500.0,yonden
2018,8,2018-08-27,13:00,4750.0,0.0,3970.0,720.0,－－－－－－－－－－,10.0,1410.0,0.0,0.0,0.0,0.0,-1360.0,4750.0,yonden
2018,8,2018-08-27,14:00,4830.0,0.0,4210.0,770.0,－－－－－－－－－－,10.0,1240.0,0.0,10.0,0.0,0.0,-1410.0,4830.0,yonden
2018,8,2018-08-27,15:00,4870.0,0.0,4480.0,770.0,－－－－－－－－－－,10.0,990.0,0.0,20.0,0.0,0.0,-1400.0,4870.0,yonden
2018,8,2018-08-27,16:00,4920.0,0.0,4640.0,770.0,－－－－－－－－－－,10.0,650.0,0.0,20.0,0.0,190.0,-1360.0,4920.0,yonden
2018,8,2018-08-27,17:00,4740.0,0.0,4520.0,750.0,－－－－－－－－－－,10.0,290.0,0.0,30.0,0.0,290.0,-1150.0,4740.0,yonden
2018,8,2018-08-27,18:00,4520.0,0.0,4540.0,760.0,－－－－－－－－－－,10.0,30.0,0.0,30.0,0.0,290.0,-1140.0,4520.0,yonden
2018,8,2018-08-27,19:00,4320.0,0.0,4510.0,750.0,－－－－－－－－－－,10.0,0.0,0.0,20.0,0.0,200.0,-1170.0,4320.0,yonden
2018,8,2018-08-27,20:00,4020.0,0.0,4610.0,740.0,－－－－－－－－－－,10.0,0.0,0.0,20.0,0.0,30.0,-1390.0,4020.0,yonden
2018,8,2018-08-27,21:00,3710.0,0.0,4380.0,710.0,－－－－－－－－－－,10.0,0.0,0.0,20.0,0.0,0.0,-1410.0,3710.0,yonden
2018,8,2018-08-27,22:00,3400.0,0.0,4050.0,720.0,－－－－－－－－－－,10.0,0.0,0.0,20.0,0.0,0.0,-1400.0,3400.0,yonden
2018,8,2018-08-27,23:00,3170.0,0.0,3870.0,710.0,－－－－－－－－－－,10.0,0.0,0.0,20.0,0.0,0.0,-1440.0,3170.0,yonden
2018,8,2018-08-28,00:00,2920.0,0.0,3760.0,670.0,－－－－－－－－－－,10.0,0.0,0.0,20.0,0.0,0.0,-1540.0,2920.0,yonden
2018,8,2018-08-28,01:00,2760.0,0.0,3780.0,680.0,－－－－－－－－－－,10.0,0.0,0.0,10.0,0.0,-300.0,-1420.0,2760.0,yonden
2018,8,2018-08-28,02:00,2760.0,0.0,3790.0,670.0,－－－－－－－－－－,10.0,0.0,0.0,10.0,0.0,-300.0,-1420.0,2760.0,yonden
2018,8,2018-08-28,03:00,2850.0,0.0,3830.0,720.0,－－－－－－－－－－,10.0,0.0,0.0,0.0,0.0,-300.0,-1410.0,2850.0,yonden
2018,8,2018-08-28,04:00,2950.0,0.0,3760.0,710.0,－－－－－－－－－－,10.0,0.0,0.0,0.0,0.0,0.0,-1530.0,2950.0,yonden
2018,8,2018-08-28,05:00,3050.0,0.0,3740.0,690.0,－－－－－－－－－－,10.0,10.0,0.0,0.0,0.0,0.0,-1400.0,3050.0,yonden
2018,8,2018-08-28,06:00,3120.0,0.0,3730.0,660.0,－－－－－－－－－－,10.0,190.0,0.0,0.0,0.0,0.0,-1470.0,3120.0,yonden
2018,8,2018-08-28,07:00,3320.0,0.0,3720.0,660.0,－－－－－－－－－－,10.0,500.0,0.0,0.0,0.0,0.0,-1570.0,3320.0,yonden
2018,8,2018-08-28,08:00,3990.0,0.0,3810.0,630.0,－－－－－－－－－－,10.0,830.0,0.0,0.0,0.0,0.0,-1290.0,3990.0,yonden
2018,8,2018-08-28,09:00,4390.0,0.0,4050.0,680.0,－－－－－－－－－－,10.0,1100.0,0.0,0.0,0.0,0.0,-1450.0,4390.0,yonden
2018,8,2018-08-28,10:00,4550.0,0.0,4250.0,710.0,－－－－－－－－－－,10.0,1260.0,0.0,0.0,0.0,0.0,-1680.0,4550.0,yonden
2018,8,2018-08-28,11:00,4680.0,0.0,4320.0,720.0,－－－－－－－－－－,10.0,1360.0,0.0,0.0,0.0,0.0,-1730.0,4680.0,yonden
2018,8,2018-08-28,12:00,4610.0,0.0,4060.0,680.0,－－－－－－－－－－,10.0,1390.0,0.0,0.0,0.0,0.0,-1530.0,4610.0,yonden
2018,8,2018-08-28,13:00,4870.0,0.0,4310.0,700.0,－－－－－－－－－－,10.0,1360.0,0.0,0.0,0.0,0.0,-1510.0,4870.0,yonden
2018,8,2018-08-28,14:00,4970.0,0.0,4510.0,720.0,－－－－－－－－－－,10.0,1160.0,0.0,0.0,0.0,0.0,-1430.0,4970.0,yonden
2018,8,2018-08-28,15:00,4950.0,0.0,4720.0,730.0,－－－－－－－－－－,10.0,820.0,0.0,0.0,0.0,30.0,-1360.0,4950.0,yonden
2018,8,2018-08-28,16:00,4880.0,0.0,4680.0,750.0,－－－－－－－－－－,10.0,520.0,0.0,0.0,0.0,140.0,-1220.0,4880.0,yonden
2018,8,2018-08-28,17:00,4620.0,0.0,4630.0,740.0,－－－－－－－－－－,10.0,220.0,0.0,0.0,0.0,140.0,-1120.0,4620.0,yonden
2018,8,2018-08-28,18:00,4480.0,0.0,4720.0,750.0,－－－－－－－－－－,10.0,20.0,0.0,0.0,0.0,140.0,-1160.0,4480.0,yonden
2018,8,2018-08-28,19:00,4310.0,0.0,4730.0,750.0,－－－－－－－－－－,10.0,0.0,0.0,10.0,0.0,70.0,-1260.0,4310.0,yonden
2018,8,2018-08-28,20:00,4010.0,0.0,4550.0,730.0,－－－－－－－－－－,10.0,0.0,0.0,20.0,0.0,0.0,-1300.0,4010.0,yonden
2018,8,2018-08-28,21:00,3700.0,0.0,4310.0,700.0,－－－－－－－－－－,10.0,0.0,0.0,20.0,0.0,0.0,-1340.0,3700.0,yonden
2018,8,2018-08-28,22:00,3390.0,0.0,4010.0,680.0,－－－－－－－－－－,10.0,0.0,0.0,30.0,0.0,0.0,-1340.0,3390.0,yonden
2018,8,2018-08-28,23:00,3170.0,0.0,3870.0,670.0,－－－－－－－－－－,10.0,0.0,0.0,30.0,0.0,0.0,-1410.0,3170.0,yonden
2018,8,2018-08-29,00:00,2890.0,0.0,3760.0,700.0,－－－－－－－－－－,10.0,0.0,0.0,30.0,0.0,0.0,-1610.0,2890.0,yonden
2018,8,2018-08-29,01:00,2740.0,0.0,3800.0,680.0,－－－－－－－－－－,10.0,0.0,0.0,20.0,0.0,0.0,-1770.0,2740.0,yonden
2018,8,2018-08-29,02:00,2750.0,0.0,3810.0,680.0,－－－－－－－－－－,10.0,0.0,0.0,20.0,0.0,0.0,-1770.0,2750.0,yonden
2018,8,2018-08-29,03:00,2820.0,0.0,3790.0,690.0,－－－－－－－－－－,10.0,0.0,0.0,30.0,0.0,0.0,-1700.0,2820.0,yonden
2018,8,2018-08-29,04:00,2920.0,0.0,3760.0,690.0,－－－－－－－－－－,10.0,0.0,0.0,40.0,0.0,0.0,-1580.0,2920.0,yonden
2018,8,2018-08-29,05:00,3020.0,0.0,3740.0,680.0,－－－－－－－－－－,10.0,10.0,0.0,40.0,0.0,0.0,-1460.0,3020.0,yonden
2018,8,2018-08-29,06:00,3080.0,0.0,3740.0,650.0,－－－－－－－－－－,10.0,190.0,0.0,30.0,0.0,0.0,-1540.0,3080.0,yonden
2018,8,2018-08-29,07:00,3260.0,0.0,3690.0,660.0,－－－－－－－－－－,10.0,500.0,0.0,20.0,0.0,0.0,-1620.0,3260.0,yonden
2018,8,2018-08-29,08:00,3930.0,0.0,3770.0,640.0,－－－－－－－－－－,10.0,860.0,0.0,20.0,0.0,0.0,-1370.0,3930.0,yonden
2018,8,2018-08-29,09:00,4310.0,0.0,4080.0,660.0,－－－－－－－－－－,10.0,1130.0,0.0,30.0,0.0,0.0,-1600.0,4310.0,yonden
2018,8,2018-08-29,10:00,4470.0,0.0,4220.0,650.0,－－－－－－－－－－,10.0,1320.0,0.0,30.0,0.0,0.0,-1760.0,4470.0,yonden
2018,8,2018-08-29,11:00,4590.0,0.0,4230.0,640.0,－－－－－－－－－－,10.0,1380.0,0.0,50.0,0.0,0.0,-1720.0,4590.0,yonden
2018,8,2018-08-29,12:00,4510.0,0.0,4010.0,560.0,－－－－－－－－－－,10.0,1410.0,0.0,60.0,0.0,0.0,-1540.0,4510.0,yonden
2018,8,2018-08-29,13:00,4750.0,0.0,4280.0,640.0,－－－－－－－－－－,10.0,1350.0,0.0,60.0,0.0,0.0,-1590.0,4750.0,yonden
2018,8,2018-08-29,14:00,4820.0,0.0,4350.0,640.0,－－－－－－－－－－,10.0,1200.0,0.0,60.0,0.0,0.0,-1440.0,4820.0,yonden
2018,8,2018-08-29,15:00,4830.0,0.0,4570.0,660.0,－－－－－－－－－－,10.0,900.0,0.0,60.0,0.0,0.0,-1370.0,4830.0,yonden
2018,8,2018-08-29,16:00,4860.0,0.0,4730.0,660.0,－－－－－－－－－－,10.0,580.0,0.0,60.0,0.0,40.0,-1220.0,4860.0,yonden
2018,8,2018-08-29,17:00,4630.0,0.0,4590.0,640.0,－－－－－－－－－－,10.0,240.0,0.0,70.0,0.0,140.0,-1060.0,4630.0,yonden
2018,8,2018-08-29,18:00,4450.0,0.0,4610.0,650.0,－－－－－－－－－－,10.0,20.0,0.0,70.0,0.0,140.0,-1050.0,4450.0,yonden
2018,8,2018-08-29,19:00,4290.0,0.0,4640.0,630.0,－－－－－－－－－－,10.0,0.0,0.0,70.0,0.0,50.0,-1110.0,4290.0,yonden
2018,8,2018-08-29,20:00,4000.0,0.0,4470.0,650.0,－－－－－－－－－－,10.0,0.0,0.0,70.0,0.0,0.0,-1200.0,4000.0,yonden
2018,8,2018-08-29,21:00,3690.0,0.0,4190.0,640.0,－－－－－－－－－－,10.0,0.0,0.0,70.0,0.0,0.0,-1220.0,3690.0,yonden
2018,8,2018-08-29,22:00,3380.0,0.0,3990.0,610.0,－－－－－－－－－－,10.0,0.0,0.0,70.0,0.0,0.0,-1300.0,3380.0,yonden
2018,8,2018-08-29,23:00,3160.0,0.0,3880.0,630.0,－－－－－－－－－－,10.0,0.0,0.0,60.0,0.0,0.0,-1420.0,3160.0,yonden
2018,8,2018-08-30,00:00,2890.0,0.0,3820.0,610.0,－－－－－－－－－－,10.0,0.0,0.0,60.0,0.0,0.0,-1610.0,2890.0,yonden
2018,8,2018-08-30,01:00,2740.0,0.0,3830.0,620.0,－－－－－－－－－－,10.0,0.0,0.0,50.0,0.0,-300.0,-1470.0,2740.0,yonden
2018,8,2018-08-30,02:00,2740.0,0.0,3810.0,610.0,－－－－－－－－－－,10.0,0.0,0.0,50.0,0.0,-300.0,-1440.0,2740.0,yonden
2018,8,2018-08-30,03:00,2810.0,0.0,3840.0,620.0,－－－－－－－－－－,10.0,0.0,0.0,50.0,0.0,-290.0,-1420.0,2810.0,yonden
2018,8,2018-08-30,04:00,2910.0,0.0,3820.0,600.0,－－－－－－－－－－,10.0,0.0,0.0,50.0,0.0,0.0,-1570.0,2910.0,yonden
2018,8,2018-08-30,05:00,3010.0,0.0,3830.0,570.0,－－－－－－－－－－,10.0,10.0,0.0,50.0,0.0,0.0,-1460.0,3010.0,yonden
2018,8,2018-08-30,06:00,3070.0,0.0,3770.0,550.0,－－－－－－－－－－,10.0,190.0,0.0,40.0,0.0,0.0,-1490.0,3070.0,yonden
2018,8,2018-08-30,07:00,3260.0,0.0,3750.0,550.0,－－－－－－－－－－,10.0,500.0,0.0,50.0,0.0,0.0,-1600.0,3260.0,yonden
2018,8,2018-08-30,08:00,3880.0,0.0,3820.0,570.0,－－－－－－－－－－,10.0,840.0,0.0,40.0,0.0,0.0,-1400.0,3880.0,yonden
2018,8,2018-08-30,09:00,4290.0,0.0,4110.0,610.0,－－－－－－－－－－,10.0,1120.0,0.0,40.0,0.0,0.0,-1600.0,4290.0,yonden
2018,8,2018-08-30,10:00,4470.0,0.0,4350.0,620.0,－－－－－－－－－－,10.0,1280.0,0.0,40.0,0.0,0.0,-1830.0,4470.0,yonden
2018,8,2018-08-30,11:00,4600.0,0.0,4370.0,620.0,－－－－－－－－－－,10.0,1360.0,0.0,50.0,0.0,0.0,-1810.0,4600.0,yonden
2018,8,2018-08-30,12:00,4510.0,0.0,4310.0,530.0,－－－－－－－－－－,10.0,1270.0,0.0,50.0,0.0,0.0,-1660.0,4510.0,yonden
2018,8,2018-08-30,13:00,4700.0,0.0,4410.0,590.0,－－－－－－－－－－,10.0,1180.0,0.0,50.0,0.0,0.0,-1540.0,4700.0,yonden
2018,8,2018-08-30,14:00,4840.0,0.0,4580.0,610.0,－－－－－－－－－－,10.0,1030.0,0.0,50.0,0.0,30.0,-1470.0,4840.0,yonden
2018,8,2018-08-30,15:00,4830.0,0.0,4730.0,640.0,－－－－－－－－－－,10.0,690.0,0.0,50.0,0.0,190.0,-1480.0,4830.0,yonden
2018,8,2018-08-30,16:00,4790.0,0.0,4730.0,680.0,－－－－－－－－－－,10.0,390.0,0.0,50.0,0.0,410.0,-1480.0,4790.0,yonden
2018,8,2018-08-30,17:00,4570.0,0.0,4670.0,640.0,－－－－－－－－－－,10.0,170.0,0.0,50.0,0.0,260.0,-1230.0,4570.0,yonden
2018,8,2018-08-30,18:00,4430.0,0.0,4680.0,660.0,－－－－－－－－－－,10.0,10.0,0.0,50.0,0.0,190.0,-1170.0,4430.0,yonden
2018,8,2018-08-30,19:00,4270.0,0.0,4680.0,620.0,－－－－－－－－－－,10.0,0.0,0.0,50.0,0.0,140.0,-1230.0,4270.0,yonden
2018,8,2018-08-30,20:00,3990.0,0.0,4600.0,610.0,－－－－－－－－－－,10.0,0.0,0.0,50.0,0.0,10.0,-1290.0,3990.0,yonden
2018,8,2018-08-30,21:00,3710.0,0.0,4310.0,580.0,－－－－－－－－－－,10.0,0.0,0.0,40.0,0.0,0.0,-1230.0,3710.0,yonden
2018,8,2018-08-30,22:00,3430.0,0.0,4110.0,570.0,－－－－－－－－－－,10.0,0.0,0.0,30.0,0.0,0.0,-1290.0,3430.0,yonden
2018,8,2018-08-30,23:00,3210.0,0.0,3960.0,560.0,－－－－－－－－－－,10.0,0.0,0.0,20.0,0.0,0.0,-1340.0,3210.0,yonden
2018,8,2018-08-31,00:00,2950.0,0.0,3860.0,550.0,－－－－－－－－－－,10.0,0.0,0.0,10.0,0.0,0.0,-1480.0,2950.0,yonden
2018,8,2018-08-31,01:00,2800.0,0.0,3890.0,540.0,－－－－－－－－－－,10.0,0.0,0.0,0.0,0.0,0.0,-1640.0,2800.0,yonden
2018,8,2018-08-31,02:00,2800.0,0.0,3880.0,570.0,－－－－－－－－－－,10.0,0.0,0.0,0.0,0.0,0.0,-1660.0,2800.0,yonden
2018,8,2018-08-31,03:00,2890.0,0.0,3900.0,580.0,－－－－－－－－－－,10.0,0.0,0.0,0.0,0.0,0.0,-1600.0,2890.0,yonden
2018,8,2018-08-31,04:00,2990.0,0.0,3870.0,580.0,－－－－－－－－－－,10.0,0.0,0.0,0.0,0.0,0.0,-1470.0,2990.0,yonden
2018,8,2018-08-31,05:00,3090.0,0.0,3890.0,560.0,－－－－－－－－－－,10.0,10.0,0.0,0.0,0.0,0.0,-1380.0,3090.0,yonden
2018,8,2018-08-31,06:00,3180.0,0.0,3890.0,530.0,－－－－－－－－－－,10.0,190.0,0.0,0.0,0.0,0.0,-1440.0,3180.0,yonden
2018,8,2018-08-31,07:00,3400.0,0.0,3940.0,550.0,－－－－－－－－－－,10.0,510.0,0.0,0.0,0.0,0.0,-1610.0,3400.0,yonden
2018,8,2018-08-31,08:00,4040.0,0.0,4060.0,550.0,－－－－－－－－－－,10.0,810.0,0.0,0.0,0.0,0.0,-1390.0,4040.0,yonden
2018,8,2018-08-31,09:00,4400.0,0.0,4400.0,590.0,－－－－－－－－－－,10.0,950.0,0.0,0.0,0.0,0.0,-1550.0,4400.0,yonden
2018,8,2018-08-31,10:00,4540.0,0.0,4580.0,600.0,－－－－－－－－－－,10.0,1120.0,0.0,0.0,0.0,0.0,-1770.0,4540.0,yonden
2018,8,2018-08-31,11:00,4670.0,0.0,4540.0,590.0,－－－－－－－－－－,10.0,1290.0,0.0,0.0,0.0,0.0,-1760.0,4670.0,yonden
2018,8,2018-08-31,12:00,4590.0,0.0,4330.0,520.0,－－－－－－－－－－,10.0,1290.0,0.0,0.0,0.0,0.0,-1560.0,4590.0,yonden
2018,8,2018-08-31,13:00,4810.0,0.0,4380.0,550.0,－－－－－－－－－－,10.0,1290.0,0.0,0.0,0.0,0.0,-1420.0,4810.0,yonden
2018,8,2018-08-31,14:00,4860.0,0.0,4520.0,570.0,－－－－－－－－－－,10.0,1170.0,0.0,0.0,0.0,0.0,-1410.0,4860.0,yonden
2018,8,2018-08-31,15:00,4930.0,0.0,4640.0,610.0,－－－－－－－－－－,10.0,930.0,0.0,10.0,0.0,0.0,-1270.0,4930.0,yonden
2018,8,2018-08-31,16:00,4880.0,0.0,4680.0,640.0,－－－－－－－－－－,10.0,450.0,0.0,0.0,0.0,80.0,-980.0,4880.0,yonden
2018,8,2018-08-31,17:00,4560.0,0.0,4620.0,660.0,－－－－－－－－－－,10.0,180.0,0.0,0.0,0.0,60.0,-970.0,4560.0,yonden
2018,8,2018-08-31,18:00,4370.0,0.0,4670.0,670.0,－－－－－－－－－－,10.0,20.0,0.0,0.0,0.0,0.0,-1000.0,4370.0,yonden
2018,8,2018-08-31,19:00,4180.0,0.0,4620.0,590.0,－－－－－－－－－－,10.0,0.0,0.0,10.0,0.0,70.0,-1120.0,4180.0,yonden
2018,8,2018-08-31,20:00,3920.0,0.0,4560.0,590.0,－－－－－－－－－－,10.0,0.0,0.0,10.0,0.0,40.0,-1290.0,3920.0,yonden
2018,8,2018-08-31,21:00,3630.0,0.0,4330.0,560.0,－－－－－－－－－－,10.0,0.0,0.0,10.0,0.0,0.0,-1280.0,3630.0,yonden
2018,8,2018-08-31,22:00,3360.0,0.0,4200.0,570.0,－－－－－－－－－－,10.0,0.0,0.0,0.0,0.0,0.0,-1420.0,3360.0,yonden
2018,8,2018-08-31,23:00,3160.0,0.0,3980.0,550.0,－－－－－－－－－－,10.0,0.0,0.0,0.0,0.0,0.0,-1380.0,3160.0,yonden
2018,9,2018-09-01,00:00,2900.0,0.0,3660.0,530.0,－－－－－－－－－－,10.0,0.0,0.0,0.0,0.0,0.0,-1300.0,2900.0,yonden
2018,9,2018-09-01,01:00,2760.0,0.0,3640.0,470.0,－－－－－－－－－－,10.0,0.0,0.0,0.0,0.0,0.0,-1360.0,2760.0,yonden
2018,9,2018-09-01,02:00,2740.0,0.0,3640.0,490.0,－－－－－－－－－－,10.0,0.0,0.0,0.0,0.0,-150.0,-1250.0,2740.0,yonden
2018,9,2018-09-01,03:00,2820.0,0.0,3650.0,560.0,－－－－－－－－－－,10.0,0.0,0.0,10.0,0.0,-300.0,-1110.0,2820.0,yonden
2018,9,2018-09-01,04:00,2910.0,0.0,3600.0,590.0,－－－－－－－－－－,10.0,0.0,0.0,10.0,0.0,-300.0,-1000.0,2910.0,yonden
2018,9,2018-09-01,05:00,2980.0,0.0,3620.0,560.0,－－－－－－－－－－,20.0,0.0,0.0,10.0,0.0,-300.0,-930.0,2980.0,yonden
2018,9,2018-09-01,06:00,2920.0,0.0,3540.0,530.0,－－－－－－－－－－,20.0,90.0,0.0,0.0,0.0,-150.0,-1110.0,2920.0,yonden
2018,9,2018-09-01,07:00,2950.0,0.0,3580.0,530.0,－－－－－－－－－－,20.0,140.0,0.0,0.0,0.0,0.0,-1320.0,2950.0,yonden
2018,9,2018-09-01,08:00,3380.0,0.0,3720.0,560.0,－－－－－－－－－－,20.0,230.0,0.0,0.0,0.0,0.0,-1150.0,3380.0,yonden
2018,9,2018-09-01,09:00,3590.0,0.0,4000.0,590.0,－－－－－－－－－－,20.0,230.0,0.0,10.0,0.0,0.0,-1260.0,3590.0,yonden
2018,9,2018-09-01,10:00,3590.0,0.0,3980.0,590.0,－－－－－－－－－－,20.0,330.0,0.0,40.0,0.0,0.0,-1370.0,3590.0,yonden
2018,9,2018-09-01,11:00,3630.0,0.0,4030.0,610.0,－－－－－－－－－－,20.0,380.0,0.0,20.0,0.0,0.0,-1430.0,3630.0,yonden
2018,9,2018-09-01,12:00,3490.0,0.0,4040.0,590.0,－－－－－－－－－－,20.0,330.0,0.0,20.0,0.0,0.0,-1510.0,3490.0,yonden
2018,9,2018-09-01,13:00,3520.0,0.0,3930.0,630.0,－－－－－－－－－－,20.0,270.0,0.0,30.0,0.0,0.0,-1360.0,3520.0,yonden
2018,9,2018-09-01,14:00,3490.0,0.0,3900.0,600.0,－－－－－－－－－－,10.0,210.0,0.0,30.0,0.0,0.0,-1260.0,3490.0,yonden
2018,9,2018-09-01,15:00,3430.0,0.0,3910.0,620.0,－－－－－－－－－－,20.0,160.0,0.0,20.0,0.0,0.0,-1300.0,3430.0,yonden
2018,9,2018-09-01,16:00,3390.0,0.0,3870.0,620.0,－－－－－－－－－－,20.0,100.0,0.0,20.0,0.0,0.0,-1240.0,3390.0,yonden
2018,9,2018-09-01,17:00,3310.0,0.0,3710.0,610.0,－－－－－－－－－－,20.0,60.0,0.0,0.0,0.0,0.0,-1090.0,3310.0,yonden
2018,9,2018-09-01,18:00,3310.0,0.0,3620.0,620.0,－－－－－－－－－－,20.0,10.0,0.0,10.0,0.0,0.0,-970.0,3310.0,yonden
2018,9,2018-09-01,19:00,3240.0,0.0,3580.0,620.0,－－－－－－－－－－,20.0,0.0,0.0,10.0,0.0,0.0,-990.0,3240.0,yonden
2018,9,2018-09-01,20:00,3080.0,0.0,3480.0,600.0,－－－－－－－－－－,20.0,0.0,0.0,10.0,0.0,0.0,-1030.0,3080.0,yonden
2018,9,2018-09-01,21:00,2870.0,0.0,3480.0,600.0,－－－－－－－－－－,20.0,0.0,0.0,0.0,0.0,0.0,-1230.0,2870.0,yonden
2018,9,2018-09-01,22:00,2690.0,0.0,3460.0,560.0,－－－－－－－－－－,20.0,0.0,0.0,10.0,0.0,0.0,-1360.0,2690.0,yonden
2018,9,2018-09-01,23:00,2570.0,0.0,3430.0,500.0,－－－－－－－－－－,20.0,0.0,0.0,0.0,0.0,0.0,-1380.0,2570.0,yonden
2018,9,2018-09-02,00:00,2400.0,0.0,3290.0,480.0,－－－－－－－－－－,20.0,0.0,0.0,0.0,0.0,0.0,-1390.0,2400.0,yonden
2018,9,2018-09-02,01:00,2300.0,0.0,3250.0,460.0,－－－－－－－－－－,20.0,0.0,0.0,0.0,0.0,0.0,-1430.0,2300.0,yonden
2018,9,2018-09-02,02:00,2360.0,0.0,3210.0,480.0,－－－－－－－－－－,20.0,0.0,0.0,0.0,0.0,0.0,-1350.0,2360.0,yonden
2018,9,2018-09-02,03:00,2480.0,0.0,3240.0,480.0,－－－－－－－－－－,20.0,0.0,0.0,0.0,0.0,0.0,-1260.0,2480.0,yonden
2018,9,2018-09-02,04:00,2610.0,0.0,3350.0,510.0,－－－－－－－－－－,20.0,0.0,0.0,0.0,0.0,0.0,-1270.0,2610.0,yonden
2018,9,2018-09-02,05:00,2650.0,0.0,3350.0,510.0,－－－－－－－－－－,20.0,0.0,0.0,0.0,0.0,0.0,-1230.0,2650.0,yonden
2018,9,2018-09-02,06:00,2550.0,0.0,3350.0,490.0,－－－－－－－－－－,20.0,110.0,0.0,0.0,0.0,0.0,-1420.0,2550.0,yonden
2018,9,2018-09-02,07:00,2500.0,0.0,3300.0,500.0,－－－－－－－－－－,20.0,300.0,0.0,0.0,0.0,-190.0,-1430.0,2500.0,yonden
2018,9,2018-09-02,08:00,2640.0,0.0,3390.0,520.0,－－－－－－－－－－,20.0,510.0,0.0,0.0,0.0,-300.0,-1500.0,2640.0,yonden
2018,9,2018-09-02,09:00,2800.0,0.0,3530.0,520.0,－－－－－－－－－－,20.0,700.0,0.0,0.0,0.0,-300.0,-1670.0,2800.0,yonden
2018,9,2018-09-02,10:00,2880.0,0.0,3440.0,510.0,－－－－－－－－－－,20.0,990.0,0.0,0.0,0.0,-290.0,-1790.0,2880.0,yonden
2018,9,2018-09-02,11:00,2980.0,0.0,3500.0,510.0,－－－－－－－－－－,20.0,1010.0,0.0,0.0,0.0,-170.0,-1890.0,2980.0,yonden
2018,9,2018-09-02,12:00,3020.0,0.0,3420.0,470.0,－－－－－－－－－－,20.0,1020.0,0.0,0.0,0.0,0.0,-1910.0,3020.0,yonden
2018,9,2018-09-02,13:00,3020.0,0.0,3440.0,510.0,－－－－－－－－－－,20.0,980.0,0.0,10.0,0.0,0.0,-1940.0,3020.0,yonden
2018,9,2018-09-02,14:00,3040.0,0.0,3480.0,510.0,－－－－－－－－－－,20.0,900.0,0.0,20.0,0.0,0.0,-1890.0,3040.0,yonden
2018,9,2018-09-02,15:00,3130.0,0.0,3580.0,560.0,－－－－－－－－－－,20.0,680.0,0.0,30.0,0.0,0.0,-1740.0,3130.0,yonden
2018,9,2018-09-02,16:00,3150.0,0.0,3540.0,590.0,－－－－－－－－－－,20.0,480.0,0.0,40.0,0.0,0.0,-1520.0,3150.0,yonden
2018,9,2018-09-02,17:00,3290.0,0.0,3630.0,630.0,－－－－－－－－－－,20.0,240.0,0.0,30.0,0.0,0.0,-1260.0,3290.0,yonden
2018,9,2018-09-02,18:00,3290.0,0.0,3760.0,660.0,－－－－－－－－－－,20.0,20.0,0.0,30.0,0.0,0.0,-1200.0,3290.0,yonden
2018,9,2018-09-02,19:00,3250.0,0.0,3760.0,670.0,－－－－－－－－－－,20.0,0.0,0.0,20.0,0.0,0.0,-1220.0,3250.0,yonden
2018,9,2018-09-02,20:00,3060.0,0.0,3670.0,640.0,－－－－－－－－－－,10.0,0.0,0.0,20.0,0.0,0.0,-1280.0,3060.0,yonden
2018,9,2018-09-02,21:00,2870.0,0.0,3560.0,600.0,－－－－－－－－－－,10.0,0.0,0.0,10.0,0.0,0.0,-1310.0,2870.0,yonden
2018,9,2018-09-02,22:00,2650.0,0.0,3430.0,540.0,－－－－－－－－－－,20.0,0.0,0.0,20.0,0.0,0.0,-1360.0,2650.0,yonden
2018,9,2018-09-02,23:00,2530.0,0.0,3290.0,520.0,－－－－－－－－－－,20.0,0.0,0.0,30.0,0.0,0.0,-1330.0,2530.0,yonden
2018,9,2018-09-03,00:00,2360.0,0.0,3210.0,580.0,－－－－－－－－－－,20.0,0.0,0.0,50.0,0.0,0.0,-1500.0,2360.0,yonden
2018,9,2018-09-03,01:00,2280.0,0.0,3230.0,550.0,－－－－－－－－－－,20.0,0.0,0.0,40.0,0.0,0.0,-1560.0,2280.0,yonden
2018,9,2018-09-03,02:00,2330.0,0.0,3310.0,530.0,－－－－－－－－－－,20.0,0.0,0.0,40.0,0.0,0.0,-1570.0,2330.0,yonden
2018,9,2018-09-03,03:00,2470.0,0.0,3320.0,560.0,－－－－－－－－－－,20.0,0.0,0.0,50.0,0.0,0.0,-1480.0,2470.0,yonden
2018,9,2018-09-03,04:00,2620.0,0.0,3340.0,530.0,－－－－－－－－－－,20.0,0.0,0.0,50.0,0.0,0.0,-1320.0,2620.0,yonden
2018,9,2018-09-03,05:00,2740.0,0.0,3460.0,510.0,－－－－－－－－－－,10.0,0.0,0.0,30.0,0.0,0.0,-1270.0,2740.0,yonden
2018,9,2018-09-03,06:00,2770.0,0.0,3370.0,500.0,－－－－－－－－－－,10.0,190.0,0.0,20.0,0.0,0.0,-1320.0,2770.0,yonden
2018,9,2018-09-03,07:00,2880.0,0.0,3500.0,540.0,－－－－－－－－－－,20.0,500.0,0.0,20.0,0.0,-200.0,-1500.0,2880.0,yonden
2018,9,2018-09-03,08:00,3410.0,0.0,3600.0,550.0,－－－－－－－－－－,10.0,860.0,0.0,10.0,0.0,-300.0,-1320.0,3410.0,yonden
2018,9,2018-09-03,09:00,3790.0,0.0,3490.0,530.0,－－－－－－－－－－,10.0,1150.0,0.0,10.0,0.0,-30.0,-1370.0,3790.0,yonden
2018,9,2018-09-03,10:00,3990.0,0.0,3510.0,570.0,－－－－－－－－－－,20.0,1370.0,0.0,10.0,0.0,0.0,-1490.0,3990.0,yonden
2018,9,2018-09-03,11:00,4150.0,0.0,3560.0,540.0,－－－－－－－－－－,20.0,1440.0,0.0,20.0,0.0,0.0,-1430.0,4150.0,yonden
2018,9,2018-09-03,12:00,4100.0,0.0,3750.0,530.0,－－－－－－－－－－,20.0,1420.0,0.0,30.0,0.0,0.0,-1650.0,4100.0,yonden
2018,9,2018-09-03,13:00,4360.0,0.0,4240.0,630.0,－－－－－－－－－－,20.0,1210.0,0.0,30.0,0.0,0.0,-1770.0,4360.0,yonden
2018,9,2018-09-03,14:00,4390.0,0.0,4320.0,640.0,－－－－－－－－－－,20.0,1000.0,0.0,30.0,0.0,30.0,-1650.0,4390.0,yonden
2018,9,2018-09-03,15:00,4410.0,0.0,4140.0,640.0,－－－－－－－－－－,20.0,840.0,0.0,20.0,0.0,210.0,-1460.0,4410.0,yonden
2018,9,2018-09-03,16:00,4430.0,0.0,4080.0,650.0,－－－－－－－－－－,20.0,520.0,0.0,20.0,0.0,310.0,-1170.0,4430.0,yonden
2018,9,2018-09-03,17:00,4240.0,0.0,4160.0,640.0,－－－－－－－－－－,10.0,200.0,0.0,30.0,0.0,310.0,-1110.0,4240.0,yonden
2018,9,2018-09-03,18:00,4120.0,0.0,4250.0,640.0,－－－－－－－－－－,10.0,10.0,0.0,30.0,0.0,310.0,-1130.0,4120.0,yonden
2018,9,2018-09-03,19:00,3980.0,0.0,4260.0,600.0,－－－－－－－－－－,20.0,0.0,0.0,40.0,0.0,200.0,-1140.0,3980.0,yonden
2018,9,2018-09-03,20:00,3710.0,0.0,4310.0,530.0,－－－－－－－－－－,10.0,0.0,0.0,50.0,0.0,60.0,-1250.0,3710.0,yonden
2018,9,2018-09-03,21:00,3460.0,0.0,4060.0,520.0,－－－－－－－－－－,20.0,0.0,0.0,60.0,0.0,0.0,-1200.0,3460.0,yonden
2018,9,2018-09-03,22:00,3220.0,0.0,3810.0,540.0,－－－－－－－－－－,20.0,0.0,0.0,60.0,0.0,0.0,-1210.0,3220.0,yonden
2018,9,2018-09-03,23:00,3040.0,0.0,3720.0,550.0,－－－－－－－－－－,20.0,0.0,0.0,60.0,0.0,0.0,-1310.0,3040.0,yonden
2018,9,2018-09-04,00:00,2820.0,0.0,3640.0,570.0,－－－－－－－－－－,20.0,0.0,0.0,50.0,0.0,0.0,-1460.0,2820.0,yonden
2018,9,2018-09-04,01:00,2700.0,0.0,3630.0,600.0,－－－－－－－－－－,20.0,0.0,0.0,50.0,0.0,0.0,-1600.0,2700.0,yonden
2018,9,2018-09-04,02:00,2730.0,0.0,3640.0,620.0,－－－－－－－－－－,20.0,0.0,0.0,50.0,0.0,0.0,-1600.0,2730.0,yonden
2018,9,2018-09-04,03:00,2840.0,0.0,3610.0,680.0,－－－－－－－－－－,20.0,0.0,0.0,50.0,0.0,0.0,-1520.0,2840.0,yonden
2018,9,2018-09-04,04:00,2940.0,0.0,3600.0,680.0,－－－－－－－－－－,20.0,0.0,0.0,30.0,0.0,0.0,-1390.0,2940.0,yonden
2018,9,2018-09-04,05:00,3020.0,0.0,3640.0,670.0,－－－－－－－－－－,20.0,0.0,0.0,40.0,0.0,0.0,-1350.0,3020.0,yonden
2018,9,2018-09-04,06:00,3030.0,0.0,3710.0,700.0,－－－－－－－－－－,20.0,60.0,0.0,70.0,0.0,0.0,-1530.0,3030.0,yonden
2018,9,2018-09-04,07:00,3180.0,0.0,3760.0,690.0,－－－－－－－－－－,20.0,110.0,0.0,80.0,0.0,0.0,-1480.0,3180.0,yonden
2018,9,2018-09-04,08:00,3670.0,0.0,3930.0,690.0,－－－－－－－－－－,10.0,100.0,0.0,90.0,0.0,0.0,-1150.0,3670.0,yonden
2018,9,2018-09-04,09:00,3880.0,0.0,4050.0,720.0,－－－－－－－－－－,20.0,130.0,0.0,70.0,0.0,0.0,-1110.0,3880.0,yonden
2018,9,2018-09-04,10:00,3910.0,0.0,3940.0,700.0,－－－－－－－－－－,20.0,170.0,0.0,60.0,0.0,0.0,-980.0,3910.0,yonden
2018,9,2018-09-04,11:00,3870.0,0.0,3870.0,690.0,－－－－－－－－－－,20.0,200.0,0.0,60.0,0.0,0.0,-970.0,3870.0,yonden
2018,9,2018-09-04,12:00,3650.0,0.0,3860.0,670.0,－－－－－－－－－－,20.0,220.0,0.0,80.0,0.0,0.0,-1200.0,3650.0,yonden
2018,9,2018-09-04,13:00,3670.0,0.0,3780.0,590.0,－－－－－－－－－－,20.0,240.0,0.0,60.0,0.0,0.0,-1020.0,3670.0,yonden
2018,9,2018-09-04,14:00,3560.0,0.0,3670.0,600.0,－－－－－－－－－－,20.0,270.0,0.0,30.0,0.0,0.0,-1030.0,3560.0,yonden
2018,9,2018-09-04,15:00,3570.0,0.0,3690.0,600.0,－－－－－－－－－－,20.0,300.0,0.0,30.0,0.0,0.0,-1070.0,3570.0,yonden
2018,9,2018-09-04,16:00,3670.0,0.0,3750.0,610.0,－－－－－－－－－－,10.0,280.0,0.0,50.0,0.0,0.0,-1030.0,3670.0,yonden
2018,9,2018-09-04,17:00,3600.0,0.0,3870.0,660.0,－－－－－－－－－－,10.0,110.0,0.0,50.0,0.0,0.0,-1100.0,3600.0,yonden
2018,9,2018-09-04,18:00,3630.0,0.0,4050.0,670.0,－－－－－－－－－－,20.0,10.0,0.0,40.0,0.0,0.0,-1160.0,3630.0,yonden
2018,9,2018-09-04,19:00,3520.0,0.0,3980.0,680.0,－－－－－－－－－－,10.0,0.0,0.0,30.0,0.0,0.0,-1180.0,3520.0,yonden
2018,9,2018-09-04,20:00,3310.0,0.0,3730.0,670.0,－－－－－－－－－－,20.0,0.0,0.0,10.0,0.0,0.0,-1120.0,3310.0,yonden
2018,9,2018-09-04,21:00,3070.0,0.0,3500.0,680.0,－－－－－－－－－－,20.0,0.0,0.0,40.0,0.0,0.0,-1170.0,3070.0,yonden
2018,9,2018-09-04,22:00,2850.0,0.0,3350.0,680.0,－－－－－－－－－－,20.0,0.0,0.0,50.0,0.0,0.0,-1250.0,2850.0,yonden
2018,9,2018-09-04,23:00,2730.0,0.0,3430.0,670.0,－－－－－－－－－－,20.0,0.0,0.0,50.0,0.0,0.0,-1440.0,2730.0,yonden
2018,9,2018-09-05,00:00,2560.0,0.0,3410.0,690.0,－－－－－－－－－－,20.0,0.0,0.0,40.0,0.0,0.0,-1600.0,2560.0,yonden
2018,9,2018-09-05,01:00,2470.0,0.0,3460.0,680.0,－－－－－－－－－－,20.0,0.0,0.0,30.0,0.0,0.0,-1720.0,2470.0,yonden
2018,9,2018-09-05,02:00,2520.0,0.0,3490.0,680.0,－－－－－－－－－－,20.0,0.0,0.0,10.0,0.0,0.0,-1680.0,2520.0,yonden
2018,9,2018-09-05,03:00,2650.0,0.0,3450.0,700.0,－－－－－－－－－－,20.0,0.0,0.0,10.0,0.0,0.0,-1530.0,2650.0,yonden
2018,9,2018-09-05,04:00,2780.0,0.0,3450.0,690.0,－－－－－－－－－－,20.0,0.0,0.0,0.0,0.0,0.0,-1380.0,2780.0,yonden
2018,9,2018-09-05,05:00,2860.0,0.0,3540.0,690.0,－－－－－－－－－－,20.0,0.0,0.0,10.0,0.0,0.0,-1400.0,2860.0,yonden
2018,9,2018-09-05,06:00,2880.0,0.0,3620.0,680.0,－－－－－－－－－－,20.0,180.0,0.0,10.0,0.0,0.0,-1630.0,2880.0,yonden
2018,9,2018-09-05,07:00,2960.0,0.0,3570.0,670.0,－－－－－－－－－－,20.0,510.0,0.0,0.0,0.0,0.0,-1810.0,2960.0,yonden
2018,9,2018-09-05,08:00,3450.0,0.0,3580.0,670.0,－－－－－－－－－－,20.0,890.0,0.0,0.0,0.0,0.0,-1710.0,3450.0,yonden
2018,9,2018-09-05,09:00,3780.0,0.0,3600.0,660.0,－－－－－－－－－－,10.0,1220.0,0.0,0.0,0.0,0.0,-1710.0,3780.0,yonden
2018,9,2018-09-05,10:00,3890.0,0.0,3680.0,670.0,－－－－－－－－－－,20.0,1410.0,0.0,0.0,0.0,0.0,-1890.0,3890.0,yonden
2018,9,2018-09-05,11:00,3980.0,0.0,3650.0,670.0,－－－－－－－－－－,20.0,1480.0,0.0,0.0,0.0,0.0,-1840.0,3980.0,yonden
2018,9,2018-09-05,12:00,3850.0,0.0,3510.0,670.0,－－－－－－－－－－,20.0,1480.0,0.0,0.0,0.0,0.0,-1830.0,3850.0,yonden
2018,9,2018-09-05,13:00,4050.0,0.0,3580.0,650.0,－－－－－－－－－－,20.0,1420.0,0.0,0.0,0.0,0.0,-1620.0,4050.0,yonden
2018,9,2018-09-05,14:00,4080.0,0.0,3590.0,670.0,－－－－－－－－－－,20.0,1270.0,0.0,0.0,0.0,0.0,-1470.0,4080.0,yonden
2018,9,2018-09-05,15:00,4120.0,0.0,3820.0,690.0,－－－－－－－－－－,20.0,1000.0,0.0,0.0,0.0,0.0,-1410.0,4120.0,yonden
2018,9,2018-09-05,16:00,4170.0,0.0,4110.0,700.0,－－－－－－－－－－,20.0,630.0,0.0,0.0,0.0,0.0,-1290.0,4170.0,yonden
2018,9,2018-09-05,17:00,3970.0,0.0,4100.0,700.0,－－－－－－－－－－,10.0,250.0,0.0,0.0,0.0,0.0,-1090.0,3970.0,yonden
2018,9,2018-09-05,18:00,3800.0,0.0,4200.0,710.0,－－－－－－－－－－,20.0,10.0,0.0,10.0,0.0,0.0,-1150.0,3800.0,yonden
2018,9,2018-09-05,19:00,3650.0,0.0,4090.0,710.0,－－－－－－－－－－,10.0,0.0,0.0,0.0,0.0,0.0,-1160.0,3650.0,yonden
2018,9,2018-09-05,20:00,3400.0,0.0,3870.0,690.0,－－－－－－－－－－,10.0,0.0,0.0,0.0,0.0,0.0,-1170.0,3400.0,yonden
2018,9,2018-09-05,21:00,3170.0,0.0,3640.0,700.0,－－－－－－－－－－,10.0,0.0,0.0,0.0,0.0,0.0,-1180.0,3170.0,yonden
2018,9,2018-09-05,22:00,2920.0,0.0,3540.0,680.0,－－－－－－－－－－,10.0,0.0,0.0,10.0,0.0,0.0,-1320.0,2920.0,yonden
2018,9,2018-09-05,23:00,2770.0,0.0,3590.0,680.0,－－－－－－－－－－,20.0,0.0,0.0,10.0,0.0,0.0,-1530.0,2770.0,yonden
2018,9,2018-09-06,00:00,2560.0,0.0,3660.0,670.0,－－－－－－－－－－,20.0,0.0,0.0,0.0,0.0,0.0,-1790.0,2560.0,yonden
2018,9,2018-09-06,01:00,2440.0,0.0,3660.0,670.0,－－－－－－－－－－,20.0,0.0,0.0,0.0,0.0,0.0,-1910.0,2440.0,yonden
2018,9,2018-09-06,02:00,2480.0,0.0,3690.0,650.0,－－－－－－－－－－,20.0,0.0,0.0,0.0,0.0,0.0,-1880.0,2480.0,yonden
2018,9,2018-09-06,03:00,2620.0,0.0,3710.0,670.0,－－－－－－－－－－,20.0,0.0,0.0,0.0,0.0,0.0,-1780.0,2620.0,yonden
2018,9,2018-09-06,04:00,2750.0,0.0,3660.0,690.0,－－－－－－－－－－,20.0,0.0,0.0,0.0,0.0,0.0,-1620.0,2750.0,yonden
2018,9,2018-09-06,05:00,2840.0,0.0,3660.0,680.0,－－－－－－－－－－,20.0,0.0,0.0,0.0,0.0,0.0,-1520.0,2840.0,yonden
2018,9,2018-09-06,06:00,2800.0,0.0,3650.0,670.0,－－－－－－－－－－,20.0,140.0,0.0,0.0,0.0,0.0,-1680.0,2800.0,yonden
2018,9,2018-09-06,07:00,2820.0,0.0,3650.0,680.0,－－－－－－－－－－,20.0,320.0,0.0,0.0,0.0,0.0,-1850.0,2820.0,yonden
2018,9,2018-09-06,08:00,3260.0,0.0,3950.0,660.0,－－－－－－－－－－,20.0,380.0,0.0,0.0,0.0,0.0,-1750.0,3260.0,yonden
2018,9,2018-09-06,09:00,3520.0,0.0,3820.0,680.0,－－－－－－－－－－,20.0,680.0,0.0,0.0,0.0,0.0,-1680.0,3520.0,yonden
2018,9,2018-09-06,10:00,3670.0,0.0,3850.0,640.0,－－－－－－－－－－,20.0,780.0,0.0,0.0,0.0,0.0,-1620.0,3670.0,yonden
2018,9,2018-09-06,11:00,3760.0,0.0,3740.0,630.0,－－－－－－－－－－,20.0,1000.0,0.0,10.0,0.0,0.0,-1640.0,3760.0,yonden
2018,9,2018-09-06,12:00,3700.0,0.0,3600.0,630.0,－－－－－－－－－－,20.0,1210.0,0.0,20.0,0.0,0.0,-1780.0,3700.0,yonden
2018,9,2018-09-06,13:00,3970.0,0.0,3860.0,640.0,－－－－－－－－－－,10.0,1020.0,0.0,30.0,0.0,0.0,-1590.0,3970.0,yonden
2018,9,2018-09-06,14:00,4000.0,0.0,3980.0,650.0,－－－－－－－－－－,20.0,780.0,0.0,50.0,0.0,0.0,-1480.0,4000.0,yonden
2018,9,2018-09-06,15:00,4010.0,0.0,4270.0,660.0,－－－－－－－－－－,20.0,430.0,0.0,70.0,0.0,0.0,-1440.0,4010.0,yonden
2018,9,2018-09-06,16:00,3920.0,0.0,4360.0,680.0,－－－－－－－－－－,20.0,150.0,0.0,90.0,0.0,0.0,-1380.0,3920.0,yonden
2018,9,2018-09-06,17:00,3810.0,0.0,4320.0,700.0,－－－－－－－－－－,20.0,40.0,0.0,90.0,0.0,0.0,-1360.0,3810.0,yonden
2018,9,2018-09-06,18:00,3790.0,0.0,4400.0,680.0,－－－－－－－－－－,20.0,0.0,0.0,90.0,0.0,0.0,-1400.0,3790.0,yonden
2018,9,2018-09-06,19:00,3600.0,0.0,4140.0,670.0,－－－－－－－－－－,20.0,0.0,0.0,90.0,0.0,0.0,-1320.0,3600.0,yonden
2018,9,2018-09-06,20:00,3410.0,0.0,3910.0,650.0,－－－－－－－－－－,20.0,0.0,0.0,90.0,0.0,0.0,-1260.0,3410.0,yonden
2018,9,2018-09-06,21:00,3190.0,0.0,3840.0,680.0,－－－－－－－－－－,20.0,0.0,0.0,90.0,0.0,0.0,-1440.0,3190.0,yonden
2018,9,2018-09-06,22:00,2960.0,0.0,3700.0,670.0,－－－－－－－－－－,20.0,0.0,0.0,80.0,0.0,0.0,-1510.0,2960.0,yonden
2018,9,2018-09-06,23:00,2830.0,0.0,3800.0,670.0,－－－－－－－－－－,20.0,0.0,0.0,70.0,0.0,0.0,-1730.0,2830.0,yonden
2018,9,2018-09-07,00:00,2640.0,0.0,3770.0,660.0,－－－－－－－－－－,20.0,0.0,0.0,80.0,0.0,0.0,-1890.0,2640.0,yonden
2018,9,2018-09-07,01:00,2550.0,0.0,3760.0,640.0,－－－－－－－－－－,20.0,0.0,0.0,80.0,0.0,0.0,-1950.0,2550.0,yonden
2018,9,2018-09-07,02:00,2620.0,0.0,3790.0,660.0,－－－－－－－－－－,20.0,0.0,0.0,70.0,0.0,0.0,-1920.0,2620.0,yonden
2018,9,2018-09-07,03:00,2750.0,0.0,3870.0,660.0,－－－－－－－－－－,20.0,0.0,0.0,70.0,0.0,0.0,-1870.0,2750.0,yonden
2018,9,2018-09-07,04:00,2870.0,0.0,3840.0,660.0,－－－－－－－－－－,20.0,0.0,0.0,60.0,0.0,0.0,-1710.0,2870.0,yonden
2018,9,2018-09-07,05:00,2940.0,0.0,3840.0,640.0,－－－－－－－－－－,20.0,0.0,0.0,50.0,0.0,0.0,-1610.0,2940.0,yonden
2018,9,2018-09-07,06:00,2970.0,0.0,3960.0,620.0,－－－－－－－－－－,20.0,90.0,0.0,40.0,0.0,0.0,-1760.0,2970.0,yonden
2018,9,2018-09-07,07:00,3060.0,0.0,3930.0,650.0,－－－－－－－－－－,20.0,210.0,0.0,40.0,0.0,0.0,-1790.0,3060.0,yonden
2018,9,2018-09-07,08:00,3530.0,0.0,3940.0,620.0,－－－－－－－－－－,10.0,430.0,0.0,60.0,0.0,0.0,-1530.0,3530.0,yonden
2018,9,2018-09-07,09:00,3920.0,0.0,4050.0,680.0,－－－－－－－－－－,10.0,700.0,0.0,60.0,0.0,0.0,-1580.0,3920.0,yonden
2018,9,2018-09-07,10:00,4030.0,0.0,4030.0,670.0,－－－－－－－－－－,20.0,880.0,0.0,80.0,0.0,0.0,-1650.0,4030.0,yonden
2018,9,2018-09-07,11:00,4150.0,0.0,4050.0,680.0,－－－－－－－－－－,20.0,880.0,0.0,90.0,0.0,0.0,-1570.0,4150.0,yonden
2018,9,2018-09-07,12:00,3990.0,0.0,4000.0,640.0,－－－－－－－－－－,10.0,760.0,0.0,100.0,0.0,0.0,-1520.0,3990.0,yonden
2018,9,2018-09-07,13:00,4220.0,0.0,4130.0,690.0,－－－－－－－－－－,10.0,810.0,0.0,100.0,0.0,0.0,-1520.0,4220.0,yonden
2018,9,2018-09-07,14:00,4340.0,0.0,4450.0,660.0,－－－－－－－－－－,10.0,580.0,0.0,110.0,0.0,0.0,-1470.0,4340.0,yonden
2018,9,2018-09-07,15:00,4270.0,0.0,4690.0,680.0,－－－－－－－－－－,20.0,330.0,0.0,100.0,0.0,0.0,-1550.0,4270.0,yonden
2018,9,2018-09-07,16:00,4180.0,0.0,4610.0,690.0,－－－－－－－－－－,10.0,200.0,0.0,90.0,0.0,0.0,-1420.0,4180.0,yonden
2018,9,2018-09-07,17:00,4040.0,0.0,4460.0,690.0,－－－－－－－－－－,10.0,60.0,0.0,80.0,0.0,0.0,-1260.0,4040.0,yonden
2018,9,2018-09-07,18:00,3980.0,0.0,4540.0,710.0,－－－－－－－－－－,10.0,0.0,0.0,50.0,0.0,0.0,-1330.0,3980.0,yonden
2018,9,2018-09-07,19:00,3770.0,0.0,4360.0,690.0,－－－－－－－－－－,10.0,0.0,0.0,50.0,0.0,-10.0,-1330.0,3770.0,yonden
2018,9,2018-09-07,20:00,3520.0,0.0,3960.0,670.0,－－－－－－－－－－,20.0,0.0,0.0,50.0,0.0,0.0,-1180.0,3520.0,yonden
2018,9,2018-09-07,21:00,3270.0,0.0,3920.0,660.0,－－－－－－－－－－,10.0,0.0,0.0,50.0,0.0,0.0,-1370.0,3270.0,yonden
2018,9,2018-09-07,22:00,3050.0,0.0,4000.0,650.0,－－－－－－－－－－,10.0,0.0,0.0,30.0,0.0,0.0,-1640.0,3050.0,yonden
2018,9,2018-09-07,23:00,2880.0,0.0,3990.0,640.0,－－－－－－－－－－,20.0,0.0,0.0,10.0,0.0,0.0,-1780.0,2880.0,yonden
2018,9,2018-09-08,00:00,2660.0,0.0,3610.0,660.0,－－－－－－－－－－,20.0,0.0,0.0,10.0,0.0,0.0,-1640.0,2660.0,yonden
2018,9,2018-09-08,01:00,2540.0,0.0,3540.0,670.0,－－－－－－－－－－,20.0,0.0,0.0,10.0,0.0,0.0,-1700.0,2540.0,yonden
2018,9,2018-09-08,02:00,2560.0,0.0,3530.0,660.0,－－－－－－－－－－,20.0,0.0,0.0,0.0,0.0,0.0,-1650.0,2560.0,yonden
2018,9,2018-09-08,03:00,2670.0,0.0,3550.0,660.0,－－－－－－－－－－,20.0,0.0,0.0,10.0,0.0,0.0,-1570.0,2670.0,yonden
2018,9,2018-09-08,04:00,2800.0,0.0,3540.0,670.0,－－－－－－－－－－,20.0,0.0,0.0,10.0,0.0,0.0,-1440.0,2800.0,yonden
2018,9,2018-09-08,05:00,2840.0,0.0,3510.0,640.0,－－－－－－－－－－,20.0,0.0,0.0,10.0,0.0,0.0,-1340.0,2840.0,yonden
2018,9,2018-09-08,06:00,2750.0,0.0,3560.0,640.0,－－－－－－－－－－,20.0,70.0,0.0,30.0,0.0,0.0,-1570.0,2750.0,yonden
2018,9,2018-09-08,07:00,2760.0,0.0,3750.0,630.0,－－－－－－－－－－,20.0,120.0,0.0,40.0,0.0,0.0,-1800.0,2760.0,yonden
2018,9,2018-09-08,08:00,3010.0,0.0,3960.0,640.0,－－－－－－－－－－,20.0,140.0,0.0,30.0,0.0,0.0,-1780.0,3010.0,yonden
2018,9,2018-09-08,09:00,3160.0,0.0,3970.0,650.0,－－－－－－－－－－,20.0,200.0,0.0,20.0,0.0,0.0,-1700.0,3160.0,yonden
2018,9,2018-09-08,10:00,3190.0,0.0,4080.0,650.0,－－－－－－－－－－,20.0,250.0,0.0,20.0,0.0,0.0,-1830.0,3190.0,yonden
2018,9,2018-09-08,11:00,3190.0,0.0,4020.0,650.0,－－－－－－－－－－,20.0,310.0,0.0,10.0,0.0,0.0,-1820.0,3190.0,yonden
2018,9,2018-09-08,12:00,3050.0,0.0,3860.0,650.0,－－－－－－－－－－,20.0,270.0,0.0,10.0,0.0,0.0,-1760.0,3050.0,yonden
2018,9,2018-09-08,13:00,3010.0,0.0,3790.0,660.0,－－－－－－－－－－,10.0,330.0,0.0,10.0,0.0,0.0,-1790.0,3010.0,yonden
2018,9,2018-09-08,14:00,3070.0,0.0,3810.0,640.0,－－－－－－－－－－,20.0,330.0,0.0,30.0,0.0,0.0,-1760.0,3070.0,yonden
2018,9,2018-09-08,15:00,3110.0,0.0,3850.0,640.0,－－－－－－－－－－,20.0,230.0,0.0,30.0,0.0,0.0,-1660.0,3110.0,yonden
2018,9,2018-09-08,16:00,3120.0,0.0,3830.0,650.0,－－－－－－－－－－,10.0,120.0,0.0,30.0,0.0,0.0,-1520.0,3120.0,yonden
2018,9,2018-09-08,17:00,3110.0,0.0,3830.0,640.0,－－－－－－－－－－,10.0,40.0,0.0,50.0,0.0,0.0,-1460.0,3110.0,yonden
2018,9,2018-09-08,18:00,3130.0,0.0,3810.0,670.0,－－－－－－－－－－,10.0,0.0,0.0,40.0,0.0,0.0,-1400.0,3130.0,yonden
2018,9,2018-09-08,19:00,3040.0,0.0,3710.0,670.0,－－－－－－－－－－,10.0,0.0,0.0,50.0,0.0,0.0,-1400.0,3040.0,yonden
2018,9,2018-09-08,20:00,2900.0,0.0,3640.0,670.0,－－－－－－－－－－,20.0,0.0,0.0,50.0,0.0,0.0,-1480.0,2900.0,yonden
2018,9,2018-09-08,21:00,2730.0,0.0,3520.0,660.0,－－－－－－－－－－,20.0,0.0,0.0,60.0,0.0,0.0,-1530.0,2730.0,yonden
2018,9,2018-09-08,22:00,2560.0,0.0,3500.0,650.0,－－－－－－－－－－,20.0,0.0,0.0,50.0,0.0,0.0,-1660.0,2560.0,yonden
2018,9,2018-09-08,23:00,2480.0,0.0,3500.0,630.0,－－－－－－－－－－,20.0,0.0,0.0,30.0,0.0,0.0,-1700.0,2480.0,yonden
2018,9,2018-09-09,00:00,2330.0,0.0,3320.0,630.0,－－－－－－－－－－,20.0,0.0,0.0,20.0,0.0,0.0,-1660.0,2330.0,yonden
2018,9,2018-09-09,01:00,2270.0,0.0,3350.0,640.0,－－－－－－－－－－,20.0,0.0,0.0,20.0,0.0,0.0,-1760.0,2270.0,yonden
2018,9,2018-09-09,02:00,2360.0,0.0,3370.0,640.0,－－－－－－－－－－,20.0,0.0,0.0,30.0,0.0,0.0,-1700.0,2360.0,yonden
2018,9,2018-09-09,03:00,2530.0,0.0,3430.0,640.0,－－－－－－－－－－,20.0,0.0,0.0,20.0,0.0,0.0,-1580.0,2530.0,yonden
2018,9,2018-09-09,04:00,2650.0,0.0,3450.0,640.0,－－－－－－－－－－,20.0,0.0,0.0,40.0,0.0,0.0,-1500.0,2650.0,yonden
2018,9,2018-09-09,05:00,2650.0,0.0,3410.0,630.0,－－－－－－－－－－,20.0,0.0,0.0,50.0,0.0,0.0,-1460.0,2650.0,yonden
2018,9,2018-09-09,06:00,2500.0,0.0,3390.0,620.0,－－－－－－－－－－,20.0,60.0,0.0,80.0,0.0,0.0,-1670.0,2500.0,yonden
2018,9,2018-09-09,07:00,2470.0,0.0,3460.0,610.0,－－－－－－－－－－,10.0,80.0,0.0,90.0,0.0,0.0,-1780.0,2470.0,yonden
2018,9,2018-09-09,08:00,2670.0,0.0,3550.0,610.0,－－－－－－－－－－,10.0,90.0,0.0,80.0,0.0,0.0,-1670.0,2670.0,yonden
2018,9,2018-09-09,09:00,2880.0,0.0,3680.0,630.0,－－－－－－－－－－,10.0,120.0,0.0,90.0,0.0,0.0,-1650.0,2880.0,yonden
2018,9,2018-09-09,10:00,3000.0,0.0,3790.0,640.0,－－－－－－－－－－,20.0,150.0,0.0,70.0,0.0,0.0,-1670.0,3000.0,yonden
2018,9,2018-09-09,11:00,3040.0,0.0,3860.0,620.0,－－－－－－－－－－,20.0,160.0,0.0,60.0,0.0,0.0,-1680.0,3040.0,yonden
2018,9,2018-09-09,12:00,2930.0,0.0,3750.0,630.0,－－－－－－－－－－,20.0,180.0,0.0,40.0,0.0,0.0,-1690.0,2930.0,yonden
2018,9,2018-09-09,13:00,2840.0,0.0,3750.0,610.0,－－－－－－－－－－,20.0,170.0,0.0,40.0,0.0,0.0,-1750.0,2840.0,yonden
2018,9,2018-09-09,14:00,2850.0,0.0,3940.0,620.0,－－－－－－－－－－,20.0,130.0,0.0,40.0,0.0,0.0,-1900.0,2850.0,yonden
2018,9,2018-09-09,15:00,2820.0,0.0,3970.0,620.0,－－－－－－－－－－,20.0,90.0,0.0,30.0,0.0,0.0,-1910.0,2820.0,yonden
2018,9,2018-09-09,16:00,2830.0,0.0,3890.0,630.0,－－－－－－－－－－,10.0,60.0,0.0,20.0,0.0,0.0,-1780.0,2830.0,yonden
2018,9,2018-09-09,17:00,2900.0,0.0,3880.0,630.0,－－－－－－－－－－,10.0,30.0,0.0,10.0,0.0,0.0,-1660.0,2900.0,yonden
2018,9,2018-09-09,18:00,2950.0,0.0,3900.0,630.0,－－－－－－－－－－,10.0,0.0,0.0,30.0,0.0,0.0,-1620.0,2950.0,yonden
2018,9,2018-09-09,19:00,2890.0,0.0,3930.0,610.0,－－－－－－－－－－,10.0,0.0,0.0,10.0,0.0,0.0,-1670.0,2890.0,yonden
2018,9,2018-09-09,20:00,2770.0,0.0,3920.0,590.0,－－－－－－－－－－,10.0,0.0,0.0,10.0,0.0,0.0,-1760.0,2770.0,yonden
2018,9,2018-09-09,21:00,2620.0,0.0,3680.0,580.0,－－－－－－－－－－,20.0,0.0,0.0,10.0,0.0,0.0,-1670.0,2620.0,yonden
2018,9,2018-09-09,22:00,2450.0,0.0,3450.0,590.0,－－－－－－－－－－,20.0,0.0,0.0,10.0,0.0,0.0,-1620.0,2450.0,yonden
2018,9,2018-09-09,23:00,2370.0,0.0,3420.0,590.0,－－－－－－－－－－,20.0,0.0,0.0,10.0,0.0,0.0,-1670.0,2370.0,yonden
2018,9,2018-09-10,00:00,2230.0,0.0,3220.0,590.0,－－－－－－－－－－,20.0,0.0,0.0,0.0,0.0,0.0,-1600.0,2230.0,yonden
2018,9,2018-09-10,01:00,2170.0,0.0,3060.0,590.0,－－－－－－－－－－,20.0,0.0,0.0,10.0,0.0,0.0,-1510.0,2170.0,yonden
2018,9,2018-09-10,02:00,2270.0,0.0,3310.0,600.0,－－－－－－－－－－,20.0,0.0,0.0,20.0,0.0,0.0,-1680.0,2270.0,yonden
2018,9,2018-09-10,03:00,2460.0,0.0,3490.0,610.0,－－－－－－－－－－,20.0,0.0,0.0,20.0,0.0,0.0,-1680.0,2460.0,yonden
2018,9,2018-09-10,04:00,2630.0,0.0,3640.0,600.0,－－－－－－－－－－,10.0,0.0,0.0,30.0,0.0,0.0,-1650.0,2630.0,yonden
2018,9,2018-09-10,05:00,2670.0,0.0,3590.0,600.0,－－－－－－－－－－,10.0,0.0,0.0,30.0,0.0,0.0,-1560.0,2670.0,yonden
2018,9,2018-09-10,06:00,2700.0,0.0,3610.0,600.0,－－－－－－－－－－,10.0,80.0,0.0,50.0,0.0,0.0,-1650.0,2700.0,yonden
2018,9,2018-09-10,07:00,2850.0,0.0,3740.0,620.0,－－－－－－－－－－,10.0,150.0,0.0,70.0,0.0,0.0,-1740.0,2850.0,yonden
2018,9,2018-09-10,08:00,3240.0,0.0,3750.0,620.0,－－－－－－－－－－,10.0,300.0,0.0,80.0,0.0,0.0,-1520.0,3240.0,yonden
2018,9,2018-09-10,09:00,3390.0,0.0,3690.0,620.0,－－－－－－－－－－,20.0,490.0,0.0,80.0,0.0,0.0,-1510.0,3390.0,yonden
2018,9,2018-09-10,10:00,3460.0,0.0,3660.0,630.0,－－－－－－－－－－,10.0,660.0,0.0,80.0,0.0,0.0,-1580.0,3460.0,yonden
2018,9,2018-09-10,11:00,3520.0,0.0,3800.0,640.0,－－－－－－－－－－,10.0,700.0,0.0,80.0,0.0,0.0,-1710.0,3520.0,yonden
2018,9,2018-09-10,12:00,3380.0,0.0,3720.0,640.0,－－－－－－－－－－,10.0,680.0,0.0,90.0,0.0,0.0,-1760.0,3380.0,yonden
2018,9,2018-09-10,13:00,3540.0,0.0,3920.0,660.0,－－－－－－－－－－,10.0,550.0,0.0,70.0,0.0,0.0,-1670.0,3540.0,yonden
2018,9,2018-09-10,14:00,3530.0,0.0,3940.0,660.0,－－－－－－－－－－,20.0,480.0,0.0,70.0,0.0,0.0,-1640.0,3530.0,yonden
2018,9,2018-09-10,15:00,3500.0,0.0,3850.0,670.0,－－－－－－－－－－,20.0,390.0,0.0,70.0,0.0,0.0,-1500.0,3500.0,yonden
2018,9,2018-09-10,16:00,3540.0,0.0,3930.0,680.0,－－－－－－－－－－,20.0,300.0,0.0,60.0,0.0,0.0,-1450.0,3540.0,yonden
2018,9,2018-09-10,17:00,3420.0,0.0,3810.0,680.0,－－－－－－－－－－,20.0,120.0,0.0,60.0,0.0,0.0,-1270.0,3420.0,yonden
2018,9,2018-09-10,18:00,3380.0,0.0,3850.0,690.0,－－－－－－－－－－,20.0,0.0,0.0,50.0,0.0,0.0,-1230.0,3380.0,yonden
2018,9,2018-09-10,19:00,3240.0,0.0,3690.0,690.0,－－－－－－－－－－,10.0,0.0,0.0,70.0,0.0,0.0,-1220.0,3240.0,yonden
2018,9,2018-09-10,20:00,3030.0,0.0,3540.0,690.0,－－－－－－－－－－,10.0,0.0,0.0,70.0,0.0,0.0,-1280.0,3030.0,yonden
2018,9,2018-09-10,21:00,2840.0,0.0,3380.0,690.0,－－－－－－－－－－,10.0,0.0,0.0,70.0,0.0,0.0,-1310.0,2840.0,yonden
2018,9,2018-09-10,22:00,2680.0,0.0,3440.0,690.0,－－－－－－－－－－,10.0,0.0,0.0,70.0,0.0,0.0,-1530.0,2680.0,yonden
2018,9,2018-09-10,23:00,2600.0,0.0,3390.0,690.0,－－－－－－－－－－,20.0,0.0,0.0,60.0,0.0,0.0,-1560.0,2600.0,yonden
2018,9,2018-09-11,00:00,2420.0,0.0,3320.0,680.0,－－－－－－－－－－,10.0,0.0,0.0,60.0,0.0,-150.0,-1500.0,2420.0,yonden
2018,9,2018-09-11,01:00,2350.0,0.0,3370.0,680.0,－－－－－－－－－－,10.0,0.0,0.0,50.0,0.0,-300.0,-1460.0,2350.0,yonden
2018,9,2018-09-11,02:00,2430.0,0.0,3410.0,680.0,－－－－－－－－－－,10.0,0.0,0.0,50.0,0.0,-300.0,-1420.0,2430.0,yonden
2018,9,2018-09-11,03:00,2610.0,0.0,3470.0,690.0,－－－－－－－－－－,10.0,0.0,0.0,50.0,0.0,-300.0,-1310.0,2610.0,yonden
2018,9,2018-09-11,04:00,2740.0,0.0,3520.0,690.0,－－－－－－－－－－,10.0,0.0,0.0,50.0,0.0,-300.0,-1230.0,2740.0,yonden
2018,9,2018-09-11,05:00,2790.0,0.0,3570.0,690.0,－－－－－－－－－－,10.0,0.0,0.0,50.0,0.0,-150.0,-1380.0,2790.0,yonden
2018,9,2018-09-11,06:00,2720.0,0.0,3560.0,680.0,－－－－－－－－－－,10.0,100.0,0.0,40.0,0.0,0.0,-1670.0,2720.0,yonden
2018,9,2018-09-11,07:00,2720.0,0.0,3610.0,690.0,－－－－－－－－－－,10.0,280.0,0.0,40.0,0.0,0.0,-1910.0,2720.0,yonden
2018,9,2018-09-11,08:00,3100.0,0.0,3580.0,690.0,－－－－－－－－－－,10.0,590.0,0.0,40.0,0.0,0.0,-1810.0,3100.0,yonden
2018,9,2018-09-11,09:00,3350.0,0.0,3550.0,680.0,－－－－－－－－－－,10.0,960.0,0.0,30.0,0.0,0.0,-1880.0,3350.0,yonden
2018,9,2018-09-11,10:00,3510.0,0.0,3410.0,690.0,－－－－－－－－－－,20.0,1160.0,0.0,30.0,0.0,0.0,-1800.0,3510.0,yonden
2018,9,2018-09-11,11:00,3600.0,0.0,3230.0,700.0,－－－－－－－－－－,20.0,1220.0,0.0,20.0,0.0,0.0,-1590.0,3600.0,yonden
2018,9,2018-09-11,12:00,3430.0,0.0,3160.0,710.0,－－－－－－－－－－,20.0,1250.0,0.0,10.0,0.0,0.0,-1720.0,3430.0,yonden
2018,9,2018-09-11,13:00,3670.0,0.0,3340.0,730.0,－－－－－－－－－－,20.0,1150.0,0.0,10.0,0.0,0.0,-1580.0,3670.0,yonden
2018,9,2018-09-11,14:00,3630.0,0.0,3490.0,730.0,－－－－－－－－－－,20.0,1020.0,0.0,0.0,0.0,0.0,-1630.0,3630.0,yonden
2018,9,2018-09-11,15:00,3650.0,0.0,3710.0,740.0,－－－－－－－－－－,20.0,820.0,0.0,0.0,0.0,0.0,-1640.0,3650.0,yonden
2018,9,2018-09-11,16:00,3710.0,0.0,3880.0,740.0,－－－－－－－－－－,10.0,500.0,0.0,0.0,0.0,0.0,-1420.0,3710.0,yonden
2018,9,2018-09-11,17:00,3570.0,0.0,4010.0,800.0,－－－－－－－－－－,10.0,160.0,0.0,0.0,0.0,0.0,-1410.0,3570.0,yonden
2018,9,2018-09-11,18:00,3490.0,0.0,4090.0,810.0,－－－－－－－－－－,10.0,0.0,0.0,0.0,0.0,0.0,-1420.0,3490.0,yonden
2018,9,2018-09-11,19:00,3340.0,0.0,3970.0,810.0,－－－－－－－－－－,10.0,0.0,0.0,0.0,0.0,0.0,-1450.0,3340.0,yonden
2018,9,2018-09-11,20:00,3140.0,0.0,3670.0,800.0,－－－－－－－－－－,10.0,0.0,0.0,10.0,0.0,0.0,-1350.0,3140.0,yonden
2018,9,2018-09-11,21:00,2930.0,0.0,3520.0,800.0,－－－－－－－－－－,10.0,0.0,0.0,10.0,0.0,0.0,-1410.0,2930.0,yonden
2018,9,2018-09-11,22:00,2730.0,0.0,3570.0,790.0,－－－－－－－－－－,10.0,0.0,0.0,0.0,0.0,0.0,-1640.0,2730.0,yonden
2018,9,2018-09-11,23:00,2620.0,0.0,3470.0,790.0,－－－－－－－－－－,20.0,0.0,0.0,0.0,0.0,0.0,-1660.0,2620.0,yonden
2018,9,2018-09-12,00:00,2470.0,0.0,3460.0,810.0,－－－－－－－－－－,10.0,0.0,0.0,0.0,0.0,0.0,-1810.0,2470.0,yonden
2018,9,2018-09-12,01:00,2410.0,0.0,3410.0,810.0,－－－－－－－－－－,20.0,0.0,0.0,10.0,0.0,0.0,-1840.0,2410.0,yonden
2018,9,2018-09-12,02:00,2480.0,0.0,3390.0,810.0,－－－－－－－－－－,10.0,0.0,0.0,10.0,0.0,0.0,-1740.0,2480.0,yonden
2018,9,2018-09-12,03:00,2660.0,0.0,3370.0,810.0,－－－－－－－－－－,10.0,0.0,0.0,30.0,0.0,0.0,-1560.0,2660.0,yonden
2018,9,2018-09-12,04:00,2820.0,0.0,3410.0,810.0,－－－－－－－－－－,10.0,0.0,0.0,20.0,0.0,0.0,-1430.0,2820.0,yonden
2018,9,2018-09-12,05:00,2850.0,0.0,3410.0,810.0,－－－－－－－－－－,10.0,0.0,0.0,20.0,0.0,0.0,-1400.0,2850.0,yonden
2018,9,2018-09-12,06:00,2810.0,0.0,3420.0,810.0,－－－－－－－－－－,10.0,80.0,0.0,20.0,0.0,0.0,-1530.0,2810.0,yonden
2018,9,2018-09-12,07:00,2820.0,0.0,3290.0,810.0,－－－－－－－－－－,10.0,190.0,0.0,10.0,0.0,0.0,-1490.0,2820.0,yonden
2018,9,2018-09-12,08:00,3180.0,0.0,3370.0,800.0,－－－－－－－－－－,10.0,280.0,0.0,20.0,0.0,0.0,-1300.0,3180.0,yonden
2018,9,2018-09-12,09:00,3420.0,0.0,3630.0,800.0,－－－－－－－－－－,10.0,370.0,0.0,30.0,0.0,0.0,-1420.0,3420.0,yonden
2018,9,2018-09-12,10:00,3510.0,0.0,3790.0,800.0,－－－－－－－－－－,20.0,400.0,0.0,30.0,0.0,0.0,-1530.0,3510.0,yonden
2018,9,2018-09-12,11:00,3560.0,0.0,3870.0,800.0,－－－－－－－－－－,20.0,440.0,0.0,30.0,0.0,0.0,-1600.0,3560.0,yonden
2018,9,2018-09-12,12:00,3380.0,0.0,3750.0,800.0,－－－－－－－－－－,10.0,370.0,0.0,40.0,0.0,0.0,-1590.0,3380.0,yonden
2018,9,2018-09-12,13:00,3570.0,0.0,4040.0,800.0,－－－－－－－－－－,10.0,250.0,0.0,30.0,0.0,0.0,-1560.0,3570.0,yonden
2018,9,2018-09-12,14:00,3570.0,0.0,4070.0,790.0,－－－－－－－－－－,10.0,180.0,0.0,30.0,0.0,0.0,-1510.0,3570.0,yonden
2018,9,2018-09-12,15:00,3490.0,0.0,3920.0,800.0,－－－－－－－－－－,10.0,150.0,0.0,30.0,0.0,0.0,-1420.0,3490.0,yonden
2018,9,2018-09-12,16:00,3520.0,0.0,3860.0,810.0,－－－－－－－－－－,10.0,120.0,0.0,30.0,0.0,0.0,-1310.0,3520.0,yonden
2018,9,2018-09-12,17:00,3470.0,0.0,3910.0,810.0,－－－－－－－－－－,10.0,50.0,0.0,30.0,0.0,0.0,-1340.0,3470.0,yonden
2018,9,2018-09-12,18:00,3470.0,0.0,4000.0,810.0,－－－－－－－－－－,10.0,0.0,0.0,30.0,0.0,0.0,-1380.0,3470.0,yonden
2018,9,2018-09-12,19:00,3320.0,0.0,3870.0,800.0,－－－－－－－－－－,10.0,0.0,0.0,40.0,0.0,140.0,-1540.0,3320.0,yonden
2018,9,2018-09-12,20:00,3120.0,0.0,3700.0,810.0,－－－－－－－－－－,10.0,0.0,0.0,50.0,0.0,0.0,-1450.0,3120.0,yonden
2018,9,2018-09-12,21:00,2940.0,0.0,3490.0,800.0,－－－－－－－－－－,10.0,0.0,0.0,60.0,0.0,0.0,-1420.0,2940.0,yonden
2018,9,2018-09-12,22:00,2760.0,0.0,3610.0,810.0,－－－－－－－－－－,10.0,0.0,0.0,50.0,0.0,0.0,-1720.0,2760.0,yonden
2018,9,2018-09-12,23:00,2650.0,0.0,3530.0,800.0,－－－－－－－－－－,10.0,0.0,0.0,30.0,0.0,0.0,-1720.0,2650.0,yonden
2018,9,2018-09-13,00:00,2480.0,0.0,3490.0,810.0,－－－－－－－－－－,10.0,0.0,0.0,40.0,0.0,0.0,-1870.0,2480.0,yonden
2018,9,2018-09-13,01:00,2420.0,0.0,3450.0,810.0,－－－－－－－－－－,10.0,0.0,0.0,40.0,0.0,0.0,-1890.0,2420.0,yonden
2018,9,2018-09-13,02:00,2540.0,0.0,3470.0,810.0,－－－－－－－－－－,10.0,0.0,0.0,40.0,0.0,0.0,-1790.0,2540.0,yonden
2018,9,2018-09-13,03:00,2740.0,0.0,3500.0,810.0,－－－－－－－－－－,10.0,0.0,0.0,30.0,0.0,0.0,-1610.0,2740.0,yonden
2018,9,2018-09-13,04:00,2880.0,0.0,3510.0,810.0,－－－－－－－－－－,10.0,0.0,0.0,30.0,0.0,0.0,-1480.0,2880.0,yonden
2018,9,2018-09-13,05:00,2910.0,0.0,3510.0,810.0,－－－－－－－－－－,10.0,0.0,0.0,30.0,0.0,0.0,-1450.0,2910.0,yonden
2018,9,2018-09-13,06:00,2880.0,0.0,3580.0,790.0,－－－－－－－－－－,10.0,80.0,0.0,40.0,0.0,0.0,-1620.0,2880.0,yonden
2018,9,2018-09-13,07:00,2920.0,0.0,3630.0,790.0,－－－－－－－－－－,10.0,160.0,0.0,60.0,0.0,0.0,-1730.0,2920.0,yonden
2018,9,2018-09-13,08:00,3270.0,0.0,3660.0,790.0,－－－－－－－－－－,10.0,260.0,0.0,60.0,0.0,0.0,-1510.0,3270.0,yonden
2018,9,2018-09-13,09:00,3490.0,0.0,3870.0,790.0,－－－－－－－－－－,10.0,310.0,0.0,50.0,0.0,0.0,-1540.0,3490.0,yonden
2018,9,2018-09-13,10:00,3600.0,0.0,4100.0,790.0,－－－－－－－－－－,10.0,320.0,0.0,40.0,0.0,0.0,-1660.0,3600.0,yonden
2018,9,2018-09-13,11:00,3620.0,0.0,4160.0,780.0,－－－－－－－－－－,20.0,250.0,0.0,40.0,0.0,130.0,-1760.0,3620.0,yonden
2018,9,2018-09-13,12:00,3340.0,0.0,3900.0,790.0,－－－－－－－－－－,10.0,350.0,0.0,40.0,0.0,0.0,-1750.0,3340.0,yonden
2018,9,2018-09-13,13:00,3540.0,0.0,4210.0,800.0,－－－－－－－－－－,10.0,260.0,0.0,30.0,0.0,0.0,-1770.0,3540.0,yonden
2018,9,2018-09-13,14:00,3640.0,0.0,4320.0,790.0,－－－－－－－－－－,10.0,220.0,0.0,40.0,0.0,0.0,-1740.0,3640.0,yonden
2018,9,2018-09-13,15:00,3590.0,0.0,4280.0,800.0,－－－－－－－－－－,10.0,140.0,0.0,30.0,0.0,0.0,-1670.0,3590.0,yonden
2018,9,2018-09-13,16:00,3610.0,0.0,4200.0,800.0,－－－－－－－－－－,10.0,90.0,0.0,20.0,0.0,0.0,-1510.0,3610.0,yonden
2018,9,2018-09-13,17:00,3560.0,0.0,4140.0,800.0,－－－－－－－－－－,10.0,40.0,0.0,20.0,0.0,0.0,-1450.0,3560.0,yonden
2018,9,2018-09-13,18:00,3510.0,0.0,4130.0,800.0,－－－－－－－－－－,20.0,0.0,0.0,30.0,0.0,0.0,-1470.0,3510.0,yonden
2018,9,2018-09-13,19:00,3350.0,0.0,3960.0,790.0,－－－－－－－－－－,20.0,0.0,0.0,20.0,0.0,0.0,-1440.0,3350.0,yonden
2018,9,2018-09-13,20:00,3150.0,0.0,3750.0,790.0,－－－－－－－－－－,10.0,0.0,0.0,20.0,0.0,0.0,-1420.0,3150.0,yonden
2018,9,2018-09-13,21:00,2960.0,0.0,3690.0,790.0,－－－－－－－－－－,10.0,0.0,0.0,10.0,0.0,0.0,-1540.0,2960.0,yonden
2018,9,2018-09-13,22:00,2790.0,0.0,3770.0,800.0,－－－－－－－－－－,10.0,0.0,0.0,10.0,0.0,0.0,-1800.0,2790.0,yonden
2018,9,2018-09-13,23:00,2690.0,0.0,3680.0,800.0,－－－－－－－－－－,20.0,0.0,0.0,10.0,0.0,0.0,-1820.0,2690.0,yonden
2018,9,2018-09-14,00:00,2520.0,0.0,3470.0,810.0,－－－－－－－－－－,10.0,0.0,0.0,10.0,0.0,0.0,-1780.0,2520.0,yonden
2018,9,2018-09-14,01:00,2440.0,0.0,3400.0,810.0,－－－－－－－－－－,10.0,0.0,0.0,10.0,0.0,0.0,-1790.0,2440.0,yonden
2018,9,2018-09-14,02:00,2530.0,0.0,3400.0,810.0,－－－－－－－－－－,20.0,0.0,0.0,10.0,0.0,0.0,-1710.0,2530.0,yonden
2018,9,2018-09-14,03:00,2700.0,0.0,3390.0,810.0,－－－－－－－－－－,10.0,0.0,0.0,0.0,0.0,0.0,-1510.0,2700.0,yonden
2018,9,2018-09-14,04:00,2850.0,0.0,3380.0,810.0,－－－－－－－－－－,10.0,0.0,0.0,0.0,0.0,0.0,-1350.0,2850.0,yonden
2018,9,2018-09-14,05:00,2860.0,0.0,3340.0,810.0,－－－－－－－－－－,20.0,0.0,0.0,0.0,0.0,0.0,-1310.0,2860.0,yonden
2018,9,2018-09-14,06:00,2840.0,0.0,3410.0,800.0,－－－－－－－－－－,10.0,90.0,0.0,0.0,0.0,0.0,-1470.0,2840.0,yonden
2018,9,2018-09-14,07:00,2960.0,0.0,3650.0,810.0,－－－－－－－－－－,20.0,190.0,0.0,0.0,0.0,0.0,-1710.0,2960.0,yonden
2018,9,2018-09-14,08:00,3340.0,0.0,3910.0,800.0,－－－－－－－－－－,10.0,340.0,0.0,0.0,0.0,0.0,-1720.0,3340.0,yonden
2018,9,2018-09-14,09:00,3520.0,0.0,4070.0,770.0,－－－－－－－－－－,10.0,390.0,0.0,0.0,0.0,0.0,-1720.0,3520.0,yonden
2018,9,2018-09-14,10:00,3590.0,0.0,3990.0,770.0,－－－－－－－－－－,10.0,530.0,0.0,0.0,0.0,0.0,-1710.0,3590.0,yonden
2018,9,2018-09-14,11:00,3730.0,0.0,4110.0,770.0,－－－－－－－－－－,10.0,620.0,0.0,0.0,0.0,0.0,-1780.0,3730.0,yonden
2018,9,2018-09-14,12:00,3530.0,0.0,4060.0,770.0,－－－－－－－－－－,10.0,590.0,0.0,0.0,0.0,0.0,-1900.0,3530.0,yonden
2018,9,2018-09-14,13:00,3720.0,0.0,4210.0,780.0,－－－－－－－－－－,10.0,460.0,0.0,0.0,0.0,0.0,-1740.0,3720.0,yonden
2018,9,2018-09-14,14:00,3780.0,0.0,4290.0,790.0,－－－－－－－－－－,20.0,310.0,0.0,0.0,0.0,190.0,-1820.0,3780.0,yonden
2018,9,2018-09-14,15:00,3780.0,0.0,4290.0,810.0,－－－－－－－－－－,10.0,200.0,0.0,0.0,0.0,250.0,-1780.0,3780.0,yonden
2018,9,2018-09-14,16:00,3800.0,0.0,4280.0,810.0,－－－－－－－－－－,10.0,110.0,0.0,10.0,0.0,190.0,-1610.0,3800.0,yonden
2018,9,2018-09-14,17:00,3670.0,0.0,4200.0,790.0,－－－－－－－－－－,20.0,50.0,0.0,10.0,0.0,140.0,-1540.0,3670.0,yonden
2018,9,2018-09-14,18:00,3620.0,0.0,4210.0,770.0,－－－－－－－－－－,10.0,0.0,0.0,20.0,0.0,120.0,-1510.0,3620.0,yonden
2018,9,2018-09-14,19:00,3440.0,0.0,4070.0,810.0,－－－－－－－－－－,10.0,0.0,0.0,30.0,0.0,0.0,-1480.0,3440.0,yonden
2018,9,2018-09-14,20:00,3240.0,0.0,3780.0,800.0,－－－－－－－－－－,10.0,0.0,0.0,40.0,0.0,0.0,-1390.0,3240.0,yonden
2018,9,2018-09-14,21:00,3040.0,0.0,3650.0,800.0,－－－－－－－－－－,20.0,0.0,0.0,70.0,0.0,0.0,-1500.0,3040.0,yonden
2018,9,2018-09-14,22:00,2850.0,0.0,3650.0,810.0,－－－－－－－－－－,20.0,0.0,0.0,70.0,0.0,0.0,-1700.0,2850.0,yonden
2018,9,2018-09-14,23:00,2720.0,0.0,3590.0,800.0,－－－－－－－－－－,20.0,0.0,0.0,70.0,0.0,0.0,-1760.0,2720.0,yonden
2018,9,2018-09-15,00:00,2540.0,0.0,3580.0,790.0,－－－－－－－－－－,20.0,0.0,0.0,70.0,0.0,0.0,-1920.0,2540.0,yonden
2018,9,2018-09-15,01:00,2460.0,0.0,3620.0,770.0,－－－－－－－－－－,10.0,0.0,0.0,70.0,0.0,0.0,-2010.0,2460.0,yonden
2018,9,2018-09-15,02:00,2530.0,0.0,3590.0,780.0,－－－－－－－－－－,10.0,0.0,0.0,70.0,0.0,0.0,-1920.0,2530.0,yonden
2018,9,2018-09-15,03:00,2680.0,0.0,3560.0,790.0,－－－－－－－－－－,20.0,0.0,0.0,60.0,0.0,0.0,-1750.0,2680.0,yonden
2018,9,2018-09-15,04:00,2800.0,0.0,3530.0,800.0,－－－－－－－－－－,20.0,0.0,0.0,50.0,0.0,0.0,-1600.0,2800.0,yonden
2018,9,2018-09-15,05:00,2780.0,0.0,3520.0,790.0,－－－－－－－－－－,20.0,0.0,0.0,50.0,0.0,0.0,-1600.0,2780.0,yonden
2018,9,2018-09-15,06:00,2640.0,0.0,3430.0,790.0,－－－－－－－－－－,20.0,90.0,0.0,30.0,0.0,0.0,-1720.0,2640.0,yonden
2018,9,2018-09-15,07:00,2670.0,0.0,3340.0,790.0,－－－－－－－－－－,10.0,310.0,0.0,30.0,0.0,0.0,-1810.0,2670.0,yonden
2018,9,2018-09-15,08:00,3000.0,0.0,3420.0,790.0,－－－－－－－－－－,10.0,530.0,0.0,20.0,0.0,0.0,-1770.0,3000.0,yonden
2018,9,2018-09-15,09:00,3210.0,0.0,3500.0,790.0,－－－－－－－－－－,10.0,760.0,0.0,10.0,0.0,0.0,-1860.0,3210.0,yonden
2018,9,2018-09-15,10:00,3370.0,0.0,3740.0,780.0,－－－－－－－－－－,10.0,810.0,0.0,10.0,0.0,0.0,-1980.0,3370.0,yonden
2018,9,2018-09-15,11:00,3480.0,0.0,4070.0,800.0,－－－－－－－－－－,10.0,650.0,0.0,10.0,0.0,100.0,-2160.0,3480.0,yonden
2018,9,2018-09-15,12:00,3410.0,0.0,4040.0,800.0,－－－－－－－－－－,10.0,490.0,0.0,0.0,0.0,190.0,-2120.0,3410.0,yonden
2018,9,2018-09-15,13:00,3390.0,0.0,4000.0,790.0,－－－－－－－－－－,10.0,440.0,0.0,0.0,0.0,150.0,-2000.0,3390.0,yonden
2018,9,2018-09-15,14:00,3430.0,0.0,3940.0,790.0,－－－－－－－－－－,10.0,460.0,0.0,0.0,0.0,0.0,-1770.0,3430.0,yonden
2018,9,2018-09-15,15:00,3470.0,0.0,4080.0,780.0,－－－－－－－－－－,10.0,300.0,0.0,0.0,0.0,0.0,-1700.0,3470.0,yonden
2018,9,2018-09-15,16:00,3470.0,0.0,4080.0,780.0,－－－－－－－－－－,10.0,150.0,0.0,0.0,0.0,0.0,-1550.0,3470.0,yonden
2018,9,2018-09-15,17:00,3410.0,0.0,4010.0,780.0,－－－－－－－－－－,10.0,60.0,0.0,0.0,0.0,0.0,-1450.0,3410.0,yonden
2018,9,2018-09-15,18:00,3400.0,0.0,4070.0,800.0,－－－－－－－－－－,10.0,0.0,0.0,0.0,0.0,0.0,-1480.0,3400.0,yonden
2018,9,2018-09-15,19:00,3280.0,0.0,3950.0,790.0,－－－－－－－－－－,10.0,0.0,0.0,0.0,0.0,0.0,-1470.0,3280.0,yonden
2018,9,2018-09-15,20:00,3110.0,0.0,3870.0,780.0,－－－－－－－－－－,10.0,0.0,0.0,0.0,0.0,0.0,-1550.0,3110.0,yonden
2018,9,2018-09-15,21:00,2940.0,0.0,3760.0,790.0,－－－－－－－－－－,10.0,0.0,0.0,0.0,0.0,0.0,-1620.0,2940.0,yonden
2018,9,2018-09-15,22:00,2750.0,0.0,3720.0,780.0,－－－－－－－－－－,10.0,0.0,0.0,0.0,0.0,0.0,-1760.0,2750.0,yonden
2018,9,2018-09-15,23:00,2620.0,0.0,3670.0,780.0,－－－－－－－－－－,10.0,0.0,0.0,0.0,0.0,0.0,-1840.0,2620.0,yonden
2018,9,2018-09-16,00:00,2460.0,0.0,3360.0,770.0,－－－－－－－－－－,10.0,0.0,0.0,10.0,0.0,0.0,-1690.0,2460.0,yonden
2018,9,2018-09-16,01:00,2380.0,0.0,3260.0,770.0,－－－－－－－－－－,10.0,0.0,0.0,10.0,0.0,0.0,-1670.0,2380.0,yonden
2018,9,2018-09-16,02:00,2440.0,0.0,3330.0,770.0,－－－－－－－－－－,10.0,0.0,0.0,20.0,0.0,0.0,-1690.0,2440.0,yonden
2018,9,2018-09-16,03:00,2590.0,0.0,3430.0,780.0,－－－－－－－－－－,10.0,0.0,0.0,20.0,0.0,0.0,-1650.0,2590.0,yonden
2018,9,2018-09-16,04:00,2700.0,0.0,3410.0,780.0,－－－－－－－－－－,10.0,0.0,0.0,20.0,0.0,0.0,-1520.0,2700.0,yonden
2018,9,2018-09-16,05:00,2670.0,0.0,3370.0,770.0,－－－－－－－－－－,10.0,0.0,0.0,10.0,0.0,0.0,-1490.0,2670.0,yonden
2018,9,2018-09-16,06:00,2540.0,0.0,3500.0,750.0,－－－－－－－－－－,10.0,110.0,0.0,10.0,0.0,-260.0,-1580.0,2540.0,yonden
2018,9,2018-09-16,07:00,2470.0,0.0,3450.0,770.0,－－－－－－－－－－,10.0,400.0,0.0,10.0,0.0,-310.0,-1860.0,2470.0,yonden
2018,9,2018-09-16,08:00,2590.0,0.0,3270.0,760.0,－－－－－－－－－－,10.0,810.0,0.0,10.0,0.0,-310.0,-1960.0,2590.0,yonden
2018,9,2018-09-16,09:00,2830.0,0.0,3250.0,800.0,－－－－－－－－－－,10.0,1100.0,0.0,10.0,0.0,0.0,-2340.0,2830.0,yonden
2018,9,2018-09-16,10:00,2930.0,0.0,3410.0,790.0,－－－－－－－－－－,10.0,1190.0,0.0,10.0,0.0,0.0,-2480.0,2930.0,yonden
2018,9,2018-09-16,11:00,3010.0,0.0,3490.0,770.0,－－－－－－－－－－,10.0,1230.0,0.0,10.0,0.0,0.0,-2500.0,3010.0,yonden
2018,9,2018-09-16,12:00,3100.0,0.0,3430.0,770.0,－－－－－－－－－－,10.0,1300.0,0.0,20.0,0.0,0.0,-2430.0,3100.0,yonden
2018,9,2018-09-16,13:00,3130.0,0.0,3440.0,800.0,－－－－－－－－－－,10.0,1250.0,0.0,20.0,0.0,0.0,-2390.0,3130.0,yonden
2018,9,2018-09-16,14:00,3210.0,0.0,3460.0,770.0,－－－－－－－－－－,20.0,1130.0,0.0,10.0,0.0,0.0,-2180.0,3210.0,yonden
2018,9,2018-09-16,15:00,3300.0,0.0,3500.0,770.0,－－－－－－－－－－,10.0,880.0,0.0,10.0,0.0,0.0,-1870.0,3300.0,yonden
2018,9,2018-09-16,16:00,3380.0,0.0,3630.0,790.0,－－－－－－－－－－,10.0,510.0,0.0,20.0,0.0,0.0,-1580.0,3380.0,yonden
2018,9,2018-09-16,17:00,3380.0,0.0,3670.0,790.0,－－－－－－－－－－,10.0,170.0,0.0,20.0,0.0,0.0,-1280.0,3380.0,yonden
2018,9,2018-09-16,18:00,3390.0,0.0,3800.0,800.0,－－－－－－－－－－,10.0,0.0,0.0,20.0,0.0,0.0,-1240.0,3390.0,yonden
2018,9,2018-09-16,19:00,3300.0,0.0,3700.0,790.0,－－－－－－－－－－,10.0,0.0,0.0,40.0,0.0,0.0,-1240.0,3300.0,yonden
2018,9,2018-09-16,20:00,3140.0,0.0,3650.0,780.0,－－－－－－－－－－,10.0,0.0,0.0,50.0,0.0,0.0,-1350.0,3140.0,yonden
2018,9,2018-09-16,21:00,2950.0,0.0,3510.0,770.0,－－－－－－－－－－,10.0,0.0,0.0,40.0,0.0,0.0,-1380.0,2950.0,yonden
2018,9,2018-09-16,22:00,2750.0,0.0,3410.0,770.0,－－－－－－－－－－,20.0,0.0,0.0,30.0,0.0,0.0,-1480.0,2750.0,yonden
2018,9,2018-09-16,23:00,2600.0,0.0,3380.0,760.0,－－－－－－－－－－,10.0,0.0,0.0,20.0,0.0,0.0,-1570.0,2600.0,yonden
2018,9,2018-09-17,00:00,2410.0,0.0,3130.0,760.0,－－－－－－－－－－,10.0,0.0,0.0,10.0,0.0,0.0,-1500.0,2410.0,yonden
2018,9,2018-09-17,01:00,2320.0,0.0,3110.0,730.0,－－－－－－－－－－,10.0,0.0,0.0,20.0,0.0,-160.0,-1390.0,2320.0,yonden
2018,9,2018-09-17,02:00,2380.0,0.0,3120.0,740.0,－－－－－－－－－－,10.0,0.0,0.0,30.0,0.0,-300.0,-1220.0,2380.0,yonden
2018,9,2018-09-17,03:00,2520.0,0.0,3160.0,760.0,－－－－－－－－－－,10.0,0.0,0.0,50.0,0.0,-300.0,-1160.0,2520.0,yonden
2018,9,2018-09-17,04:00,2660.0,0.0,3170.0,770.0,－－－－－－－－－－,10.0,0.0,0.0,50.0,0.0,-150.0,-1190.0,2660.0,yonden
2018,9,2018-09-17,05:00,2670.0,0.0,3120.0,770.0,－－－－－－－－－－,10.0,0.0,0.0,40.0,0.0,0.0,-1270.0,2670.0,yonden
2018,9,2018-09-17,06:00,2580.0,0.0,3070.0,730.0,－－－－－－－－－－,10.0,150.0,0.0,40.0,0.0,0.0,-1420.0,2580.0,yonden
2018,9,2018-09-17,07:00,2580.0,0.0,3030.0,740.0,－－－－－－－－－－,10.0,410.0,0.0,50.0,0.0,0.0,-1660.0,2580.0,yonden
2018,9,2018-09-17,08:00,2850.0,0.0,3040.0,730.0,－－－－－－－－－－,10.0,730.0,0.0,30.0,0.0,0.0,-1690.0,2850.0,yonden
2018,9,2018-09-17,09:00,3130.0,0.0,3140.0,740.0,－－－－－－－－－－,10.0,1080.0,0.0,20.0,0.0,0.0,-1860.0,3130.0,yonden
2018,9,2018-09-17,10:00,3300.0,0.0,3330.0,770.0,－－－－－－－－－－,10.0,1220.0,0.0,30.0,0.0,0.0,-2060.0,3300.0,yonden
2018,9,2018-09-17,11:00,3370.0,0.0,3570.0,750.0,－－－－－－－－－－,10.0,1180.0,0.0,20.0,0.0,0.0,-2160.0,3370.0,yonden
2018,9,2018-09-17,12:00,3430.0,0.0,3560.0,750.0,－－－－－－－－－－,10.0,1280.0,0.0,30.0,0.0,0.0,-2200.0,3430.0,yonden
2018,9,2018-09-17,13:00,3570.0,0.0,3740.0,770.0,－－－－－－－－－－,20.0,970.0,0.0,30.0,0.0,110.0,-2070.0,3570.0,yonden
2018,9,2018-09-17,14:00,3490.0,0.0,3770.0,750.0,－－－－－－－－－－,20.0,500.0,0.0,40.0,0.0,120.0,-1710.0,3490.0,yonden
2018,9,2018-09-17,15:00,3420.0,0.0,3800.0,780.0,－－－－－－－－－－,20.0,230.0,0.0,40.0,0.0,0.0,-1450.0,3420.0,yonden
2018,9,2018-09-17,16:00,3400.0,0.0,3760.0,780.0,－－－－－－－－－－,20.0,100.0,0.0,40.0,0.0,0.0,-1300.0,3400.0,yonden
2018,9,2018-09-17,17:00,3420.0,0.0,3810.0,790.0,－－－－－－－－－－,20.0,30.0,0.0,50.0,0.0,0.0,-1280.0,3420.0,yonden
2018,9,2018-09-17,18:00,3470.0,0.0,3870.0,770.0,－－－－－－－－－－,20.0,0.0,0.0,50.0,0.0,0.0,-1240.0,3470.0,yonden
2018,9,2018-09-17,19:00,3340.0,0.0,3800.0,770.0,－－－－－－－－－－,20.0,0.0,0.0,40.0,0.0,0.0,-1290.0,3340.0,yonden
2018,9,2018-09-17,20:00,3170.0,0.0,3740.0,760.0,－－－－－－－－－－,10.0,0.0,0.0,20.0,0.0,0.0,-1360.0,3170.0,yonden
2018,9,2018-09-17,21:00,2970.0,0.0,3600.0,770.0,－－－－－－－－－－,20.0,0.0,0.0,20.0,0.0,0.0,-1440.0,2970.0,yonden
2018,9,2018-09-17,22:00,2760.0,0.0,3510.0,760.0,－－－－－－－－－－,20.0,0.0,0.0,20.0,0.0,0.0,-1550.0,2760.0,yonden
2018,9,2018-09-17,23:00,2640.0,0.0,3470.0,750.0,－－－－－－－－－－,20.0,0.0,0.0,20.0,0.0,0.0,-1620.0,2640.0,yonden
2018,9,2018-09-18,00:00,2470.0,0.0,3260.0,740.0,－－－－－－－－－－,20.0,0.0,0.0,20.0,0.0,0.0,-1570.0,2470.0,yonden
2018,9,2018-09-18,01:00,2390.0,0.0,3210.0,750.0,－－－－－－－－－－,10.0,0.0,0.0,10.0,0.0,0.0,-1590.0,2390.0,yonden
2018,9,2018-09-18,02:00,2450.0,0.0,3190.0,740.0,－－－－－－－－－－,20.0,0.0,0.0,20.0,0.0,0.0,-1520.0,2450.0,yonden
2018,9,2018-09-18,03:00,2600.0,0.0,3340.0,750.0,－－－－－－－－－－,20.0,0.0,0.0,20.0,0.0,0.0,-1530.0,2600.0,yonden
2018,9,2018-09-18,04:00,2740.0,0.0,3570.0,750.0,－－－－－－－－－－,10.0,0.0,0.0,20.0,0.0,0.0,-1610.0,2740.0,yonden
2018,9,2018-09-18,05:00,2800.0,0.0,3460.0,740.0,－－－－－－－－－－,20.0,0.0,0.0,10.0,0.0,0.0,-1430.0,2800.0,yonden
2018,9,2018-09-18,06:00,2790.0,0.0,3520.0,750.0,－－－－－－－－－－,10.0,120.0,0.0,10.0,0.0,0.0,-1620.0,2790.0,yonden
2018,9,2018-09-18,07:00,2900.0,0.0,3480.0,740.0,－－－－－－－－－－,20.0,390.0,0.0,10.0,0.0,0.0,-1740.0,2900.0,yonden
2018,9,2018-09-18,08:00,3330.0,0.0,3430.0,730.0,－－－－－－－－－－,10.0,660.0,0.0,10.0,0.0,0.0,-1510.0,3330.0,yonden
2018,9,2018-09-18,09:00,3630.0,0.0,3400.0,730.0,－－－－－－－－－－,10.0,970.0,0.0,0.0,0.0,0.0,-1480.0,3630.0,yonden
2018,9,2018-09-18,10:00,3740.0,0.0,3320.0,730.0,－－－－－－－－－－,20.0,1200.0,0.0,0.0,0.0,0.0,-1530.0,3740.0,yonden
2018,9,2018-09-18,11:00,3830.0,0.0,3520.0,730.0,－－－－－－－－－－,20.0,1200.0,0.0,10.0,0.0,0.0,-1650.0,3830.0,yonden
2018,9,2018-09-18,12:00,3670.0,0.0,3380.0,660.0,－－－－－－－－－－,20.0,1220.0,0.0,10.0,0.0,0.0,-1620.0,3670.0,yonden
2018,9,2018-09-18,13:00,3900.0,0.0,3690.0,740.0,－－－－－－－－－－,20.0,1140.0,0.0,0.0,0.0,0.0,-1690.0,3900.0,yonden
2018,9,2018-09-18,14:00,3980.0,0.0,3840.0,720.0,－－－－－－－－－－,20.0,1020.0,0.0,0.0,0.0,0.0,-1620.0,3980.0,yonden
2018,9,2018-09-18,15:00,4030.0,0.0,4170.0,760.0,－－－－－－－－－－,20.0,740.0,0.0,0.0,0.0,40.0,-1700.0,4030.0,yonden
2018,9,2018-09-18,16:00,4070.0,0.0,4200.0,750.0,－－－－－－－－－－,20.0,470.0,0.0,0.0,0.0,140.0,-1510.0,4070.0,yonden
2018,9,2018-09-18,17:00,3930.0,0.0,4200.0,740.0,－－－－－－－－－－,20.0,160.0,0.0,0.0,0.0,140.0,-1330.0,3930.0,yonden
2018,9,2018-09-18,18:00,3810.0,0.0,4180.0,740.0,－－－－－－－－－－,20.0,0.0,0.0,10.0,0.0,140.0,-1280.0,3810.0,yonden
2018,9,2018-09-18,19:00,3600.0,0.0,4180.0,730.0,－－－－－－－－－－,20.0,0.0,0.0,10.0,0.0,30.0,-1370.0,3600.0,yonden
2018,9,2018-09-18,20:00,3360.0,0.0,3940.0,730.0,－－－－－－－－－－,20.0,0.0,0.0,10.0,0.0,0.0,-1340.0,3360.0,yonden
2018,9,2018-09-18,21:00,3120.0,0.0,3880.0,730.0,－－－－－－－－－－,10.0,0.0,0.0,0.0,0.0,0.0,-1500.0,3120.0,yonden
2018,9,2018-09-18,22:00,2900.0,0.0,3870.0,710.0,－－－－－－－－－－,20.0,0.0,0.0,0.0,0.0,0.0,-1700.0,2900.0,yonden
2018,9,2018-09-18,23:00,2760.0,0.0,3770.0,710.0,－－－－－－－－－－,20.0,0.0,0.0,10.0,0.0,0.0,-1750.0,2760.0,yonden
2018,9,2018-09-19,00:00,2570.0,0.0,3670.0,680.0,－－－－－－－－－－,20.0,0.0,0.0,10.0,0.0,0.0,-1810.0,2570.0,yonden
2018,9,2018-09-19,01:00,2470.0,0.0,3600.0,680.0,－－－－－－－－－－,10.0,0.0,0.0,20.0,0.0,0.0,-1840.0,2470.0,yonden
2018,9,2018-09-19,02:00,2530.0,0.0,3590.0,700.0,－－－－－－－－－－,10.0,0.0,0.0,10.0,0.0,0.0,-1780.0,2530.0,yonden
2018,9,2018-09-19,03:00,2680.0,0.0,3610.0,690.0,－－－－－－－－－－,20.0,0.0,0.0,0.0,0.0,0.0,-1640.0,2680.0,yonden
2018,9,2018-09-19,04:00,2840.0,0.0,3620.0,690.0,－－－－－－－－－－,20.0,0.0,0.0,10.0,0.0,0.0,-1500.0,2840.0,yonden
2018,9,2018-09-19,05:00,2890.0,0.0,3660.0,680.0,－－－－－－－－－－,20.0,0.0,0.0,20.0,0.0,0.0,-1490.0,2890.0,yonden
2018,9,2018-09-19,06:00,2850.0,0.0,3620.0,690.0,－－－－－－－－－－,20.0,130.0,0.0,20.0,0.0,0.0,-1630.0,2850.0,yonden
2018,9,2018-09-19,07:00,2910.0,0.0,3620.0,690.0,－－－－－－－－－－,20.0,400.0,0.0,10.0,0.0,0.0,-1830.0,2910.0,yonden
2018,9,2018-09-19,08:00,3330.0,0.0,3600.0,700.0,－－－－－－－－－－,20.0,790.0,0.0,10.0,0.0,0.0,-1790.0,3330.0,yonden
2018,9,2018-09-19,09:00,3600.0,0.0,3630.0,730.0,－－－－－－－－－－,20.0,1120.0,0.0,0.0,0.0,0.0,-1900.0,3600.0,yonden
2018,9,2018-09-19,10:00,3740.0,0.0,3640.0,730.0,－－－－－－－－－－,20.0,1350.0,0.0,0.0,0.0,0.0,-2000.0,3740.0,yonden
2018,9,2018-09-19,11:00,3820.0,0.0,3720.0,730.0,－－－－－－－－－－,20.0,1410.0,0.0,10.0,0.0,0.0,-2070.0,3820.0,yonden
2018,9,2018-09-19,12:00,3690.0,0.0,3710.0,690.0,－－－－－－－－－－,20.0,1370.0,0.0,0.0,0.0,0.0,-2100.0,3690.0,yonden
2018,9,2018-09-19,13:00,3960.0,0.0,3890.0,740.0,－－－－－－－－－－,20.0,1230.0,0.0,0.0,0.0,0.0,-1920.0,3960.0,yonden
2018,9,2018-09-19,14:00,4030.0,0.0,4030.0,730.0,－－－－－－－－－－,20.0,980.0,0.0,0.0,0.0,80.0,-1810.0,4030.0,yonden
2018,9,2018-09-19,15:00,3950.0,0.0,4140.0,620.0,－－－－－－－－－－,20.0,610.0,0.0,10.0,0.0,160.0,-1610.0,3950.0,yonden
2018,9,2018-09-19,16:00,3910.0,0.0,4140.0,610.0,－－－－－－－－－－,20.0,340.0,0.0,10.0,0.0,140.0,-1350.0,3910.0,yonden
2018,9,2018-09-19,17:00,3740.0,0.0,4090.0,620.0,－－－－－－－－－－,10.0,70.0,0.0,0.0,0.0,140.0,-1190.0,3740.0,yonden
2018,9,2018-09-19,18:00,3730.0,0.0,4080.0,730.0,－－－－－－－－－－,20.0,0.0,0.0,0.0,0.0,140.0,-1240.0,3730.0,yonden
2018,9,2018-09-19,19:00,3550.0,0.0,4200.0,740.0,－－－－－－－－－－,20.0,0.0,0.0,0.0,0.0,20.0,-1430.0,3550.0,yonden
2018,9,2018-09-19,20:00,3330.0,0.0,3900.0,720.0,－－－－－－－－－－,20.0,0.0,0.0,0.0,0.0,0.0,-1310.0,3330.0,yonden
2018,9,2018-09-19,21:00,3100.0,0.0,3820.0,710.0,－－－－－－－－－－,20.0,0.0,0.0,0.0,0.0,0.0,-1450.0,3100.0,yonden
2018,9,2018-09-19,22:00,2880.0,0.0,3810.0,630.0,－－－－－－－－－－,20.0,0.0,0.0,0.0,0.0,0.0,-1580.0,2880.0,yonden
2018,9,2018-09-19,23:00,2760.0,0.0,3810.0,620.0,－－－－－－－－－－,20.0,0.0,0.0,0.0,0.0,0.0,-1690.0,2760.0,yonden
2018,9,2018-09-20,00:00,2570.0,0.0,3700.0,560.0,－－－－－－－－－－,10.0,0.0,0.0,0.0,0.0,0.0,-1700.0,2570.0,yonden
2018,9,2018-09-20,01:00,2490.0,0.0,3660.0,560.0,－－－－－－－－－－,20.0,0.0,0.0,0.0,0.0,0.0,-1750.0,2490.0,yonden
2018,9,2018-09-20,02:00,2560.0,0.0,3670.0,580.0,－－－－－－－－－－,20.0,0.0,0.0,0.0,0.0,0.0,-1710.0,2560.0,yonden
2018,9,2018-09-20,03:00,2710.0,0.0,3690.0,610.0,－－－－－－－－－－,10.0,0.0,0.0,0.0,0.0,0.0,-1600.0,2710.0,yonden
2018,9,2018-09-20,04:00,2860.0,0.0,3700.0,630.0,－－－－－－－－－－,10.0,0.0,0.0,0.0,0.0,0.0,-1480.0,2860.0,yonden
2018,9,2018-09-20,05:00,2890.0,0.0,3700.0,600.0,－－－－－－－－－－,20.0,0.0,0.0,10.0,0.0,0.0,-1440.0,2890.0,yonden
2018,9,2018-09-20,06:00,2880.0,0.0,3730.0,570.0,－－－－－－－－－－,20.0,40.0,0.0,20.0,0.0,0.0,-1500.0,2880.0,yonden
2018,9,2018-09-20,07:00,2980.0,0.0,3750.0,620.0,－－－－－－－－－－,10.0,70.0,0.0,30.0,0.0,0.0,-1500.0,2980.0,yonden
2018,9,2018-09-20,08:00,3420.0,0.0,3990.0,670.0,－－－－－－－－－－,10.0,90.0,0.0,30.0,0.0,0.0,-1370.0,3420.0,yonden
2018,9,2018-09-20,09:00,3670.0,0.0,4230.0,720.0,－－－－－－－－－－,10.0,130.0,0.0,30.0,0.0,0.0,-1450.0,3670.0,yonden
2018,9,2018-09-20,10:00,3760.0,0.0,4330.0,720.0,－－－－－－－－－－,10.0,150.0,0.0,30.0,0.0,130.0,-1610.0,3760.0,yonden
2018,9,2018-09-20,11:00,3760.0,0.0,4320.0,710.0,－－－－－－－－－－,10.0,170.0,0.0,30.0,0.0,80.0,-1560.0,3760.0,yonden
2018,9,2018-09-20,12:00,3490.0,0.0,4190.0,670.0,－－－－－－－－－－,10.0,190.0,0.0,50.0,0.0,0.0,-1620.0,3490.0,yonden
2018,9,2018-09-20,13:00,3530.0,0.0,4020.0,690.0,－－－－－－－－－－,10.0,230.0,0.0,60.0,0.0,0.0,-1480.0,3530.0,yonden
2018,9,2018-09-20,14:00,3570.0,0.0,4030.0,700.0,－－－－－－－－－－,10.0,260.0,0.0,60.0,0.0,0.0,-1490.0,3570.0,yonden
2018,9,2018-09-20,15:00,3530.0,0.0,3940.0,750.0,－－－－－－－－－－,10.0,190.0,0.0,50.0,0.0,0.0,-1410.0,3530.0,yonden
2018,9,2018-09-20,16:00,3640.0,0.0,3980.0,770.0,－－－－－－－－－－,10.0,120.0,0.0,50.0,0.0,0.0,-1290.0,3640.0,yonden
2018,9,2018-09-20,17:00,3590.0,0.0,4010.0,780.0,－－－－－－－－－－,10.0,40.0,0.0,60.0,0.0,0.0,-1310.0,3590.0,yonden
2018,9,2018-09-20,18:00,3540.0,0.0,4010.0,790.0,－－－－－－－－－－,10.0,0.0,0.0,50.0,0.0,0.0,-1320.0,3540.0,yonden
2018,9,2018-09-20,19:00,3370.0,0.0,3970.0,750.0,－－－－－－－－－－,10.0,0.0,0.0,50.0,0.0,0.0,-1410.0,3370.0,yonden
2018,9,2018-09-20,20:00,3190.0,0.0,3710.0,700.0,－－－－－－－－－－,10.0,0.0,0.0,40.0,0.0,0.0,-1270.0,3190.0,yonden
2018,9,2018-09-20,21:00,3000.0,0.0,3650.0,680.0,－－－－－－－－－－,10.0,0.0,0.0,20.0,0.0,0.0,-1360.0,3000.0,yonden
2018,9,2018-09-20,22:00,2810.0,0.0,3630.0,680.0,－－－－－－－－－－,10.0,0.0,0.0,20.0,0.0,0.0,-1530.0,2810.0,yonden
2018,9,2018-09-20,23:00,2710.0,0.0,3620.0,690.0,－－－－－－－－－－,10.0,0.0,0.0,20.0,0.0,0.0,-1630.0,2710.0,yonden
2018,9,2018-09-21,00:00,2550.0,0.0,3690.0,640.0,－－－－－－－－－－,10.0,0.0,0.0,10.0,0.0,-160.0,-1640.0,2550.0,yonden
2018,9,2018-09-21,01:00,2470.0,0.0,3690.0,630.0,－－－－－－－－－－,10.0,0.0,0.0,10.0,0.0,-310.0,-1560.0,2470.0,yonden
2018,9,2018-09-21,02:00,2550.0,0.0,3700.0,640.0,－－－－－－－－－－,10.0,0.0,0.0,10.0,0.0,-310.0,-1500.0,2550.0,yonden
2018,9,2018-09-21,03:00,2740.0,0.0,3750.0,670.0,－－－－－－－－－－,10.0,0.0,0.0,0.0,0.0,-150.0,-1540.0,2740.0,yonden
2018,9,2018-09-21,04:00,2900.0,0.0,3790.0,690.0,－－－－－－－－－－,10.0,0.0,0.0,0.0,0.0,0.0,-1590.0,2900.0,yonden
2018,9,2018-09-21,05:00,2940.0,0.0,3800.0,670.0,－－－－－－－－－－,10.0,0.0,0.0,10.0,0.0,0.0,-1550.0,2940.0,yonden
2018,9,2018-09-21,06:00,2910.0,0.0,3740.0,630.0,－－－－－－－－－－,10.0,80.0,0.0,0.0,0.0,0.0,-1550.0,2910.0,yonden
2018,9,2018-09-21,07:00,2990.0,0.0,3730.0,640.0,－－－－－－－－－－,10.0,210.0,0.0,0.0,0.0,0.0,-1600.0,2990.0,yonden
2018,9,2018-09-21,08:00,3370.0,0.0,3870.0,660.0,－－－－－－－－－－,10.0,320.0,0.0,0.0,0.0,0.0,-1490.0,3370.0,yonden
2018,9,2018-09-21,09:00,3630.0,0.0,4070.0,710.0,－－－－－－－－－－,10.0,500.0,0.0,0.0,0.0,0.0,-1660.0,3630.0,yonden
2018,9,2018-09-21,10:00,3740.0,0.0,4120.0,760.0,－－－－－－－－－－,10.0,720.0,0.0,0.0,0.0,0.0,-1870.0,3740.0,yonden
2018,9,2018-09-21,11:00,3810.0,0.0,4180.0,760.0,－－－－－－－－－－,10.0,730.0,0.0,20.0,0.0,0.0,-1890.0,3810.0,yonden
2018,9,2018-09-21,12:00,3650.0,0.0,4040.0,580.0,－－－－－－－－－－,10.0,700.0,0.0,30.0,0.0,0.0,-1710.0,3650.0,yonden
2018,9,2018-09-21,13:00,3890.0,0.0,4180.0,640.0,－－－－－－－－－－,10.0,550.0,0.0,40.0,0.0,0.0,-1530.0,3890.0,yonden
2018,9,2018-09-21,14:00,3900.0,0.0,4290.0,750.0,－－－－－－－－－－,10.0,370.0,0.0,40.0,0.0,0.0,-1560.0,3900.0,yonden
2018,9,2018-09-21,15:00,3860.0,0.0,4250.0,750.0,－－－－－－－－－－,10.0,210.0,0.0,40.0,0.0,0.0,-1400.0,3860.0,yonden
2018,9,2018-09-21,16:00,3850.0,0.0,4190.0,760.0,－－－－－－－－－－,10.0,110.0,0.0,50.0,0.0,90.0,-1360.0,3850.0,yonden
2018,9,2018-09-21,17:00,3770.0,0.0,4090.0,770.0,－－－－－－－－－－,10.0,40.0,0.0,60.0,0.0,0.0,-1200.0,3770.0,yonden
2018,9,2018-09-21,18:00,3750.0,0.0,4170.0,770.0,－－－－－－－－－－,10.0,0.0,0.0,70.0,0.0,0.0,-1270.0,3750.0,yonden
2018,9,2018-09-21,19:00,3560.0,0.0,4060.0,680.0,－－－－－－－－－－,10.0,0.0,0.0,70.0,0.0,0.0,-1260.0,3560.0,yonden
2018,9,2018-09-21,20:00,3360.0,0.0,3820.0,650.0,－－－－－－－－－－,10.0,0.0,0.0,70.0,0.0,0.0,-1190.0,3360.0,yonden
2018,9,2018-09-21,21:00,3170.0,0.0,3700.0,640.0,－－－－－－－－－－,10.0,0.0,0.0,60.0,0.0,0.0,-1240.0,3170.0,yonden
2018,9,2018-09-21,22:00,2960.0,0.0,3700.0,640.0,－－－－－－－－－－,10.0,0.0,0.0,50.0,0.0,0.0,-1440.0,2960.0,yonden
2018,9,2018-09-21,23:00,2820.0,0.0,3710.0,620.0,－－－－－－－－－－,10.0,0.0,0.0,30.0,0.0,0.0,-1550.0,2820.0,yonden
2018,9,2018-09-22,00:00,2640.0,0.0,3640.0,670.0,－－－－－－－－－－,20.0,0.0,0.0,30.0,0.0,0.0,-1720.0,2640.0,yonden
2018,9,2018-09-22,01:00,2540.0,0.0,3680.0,600.0,－－－－－－－－－－,20.0,0.0,0.0,20.0,0.0,0.0,-1780.0,2540.0,yonden
2018,9,2018-09-22,02:00,2590.0,0.0,3660.0,610.0,－－－－－－－－－－,20.0,0.0,0.0,20.0,0.0,0.0,-1720.0,2590.0,yonden
2018,9,2018-09-22,03:00,2730.0,0.0,3610.0,650.0,－－－－－－－－－－,20.0,0.0,0.0,30.0,0.0,0.0,-1580.0,2730.0,yonden
2018,9,2018-09-22,04:00,2850.0,0.0,3630.0,680.0,－－－－－－－－－－,20.0,0.0,0.0,40.0,0.0,0.0,-1520.0,2850.0,yonden
2018,9,2018-09-22,05:00,2870.0,0.0,3630.0,670.0,－－－－－－－－－－,20.0,0.0,0.0,70.0,0.0,0.0,-1520.0,2870.0,yonden
2018,9,2018-09-22,06:00,2760.0,0.0,3590.0,650.0,－－－－－－－－－－,20.0,80.0,0.0,100.0,0.0,0.0,-1680.0,2760.0,yonden
2018,9,2018-09-22,07:00,2760.0,0.0,3560.0,650.0,－－－－－－－－－－,20.0,210.0,0.0,100.0,0.0,0.0,-1780.0,2760.0,yonden
2018,9,2018-09-22,08:00,3030.0,0.0,3680.0,600.0,－－－－－－－－－－,20.0,330.0,0.0,100.0,0.0,0.0,-1700.0,3030.0,yonden
2018,9,2018-09-22,09:00,3210.0,0.0,3590.0,620.0,－－－－－－－－－－,20.0,610.0,0.0,90.0,0.0,0.0,-1720.0,3210.0,yonden
2018,9,2018-09-22,10:00,3350.0,0.0,3600.0,630.0,－－－－－－－－－－,20.0,830.0,0.0,90.0,0.0,0.0,-1820.0,3350.0,yonden
2018,9,2018-09-22,11:00,3300.0,0.0,3540.0,620.0,－－－－－－－－－－,20.0,920.0,0.0,90.0,0.0,0.0,-1890.0,3300.0,yonden
2018,9,2018-09-22,12:00,3260.0,0.0,3390.0,670.0,－－－－－－－－－－,20.0,1110.0,0.0,100.0,0.0,0.0,-2030.0,3260.0,yonden
2018,9,2018-09-22,13:00,3430.0,0.0,3470.0,680.0,－－－－－－－－－－,20.0,1170.0,0.0,90.0,0.0,0.0,-2000.0,3430.0,yonden
2018,9,2018-09-22,14:00,3490.0,0.0,3630.0,610.0,－－－－－－－－－－,20.0,1080.0,0.0,70.0,0.0,0.0,-1920.0,3490.0,yonden
2018,9,2018-09-22,15:00,3520.0,0.0,3790.0,650.0,－－－－－－－－－－,20.0,820.0,0.0,50.0,0.0,0.0,-1810.0,3520.0,yonden
2018,9,2018-09-22,16:00,3540.0,0.0,3910.0,740.0,－－－－－－－－－－,20.0,460.0,0.0,40.0,0.0,0.0,-1630.0,3540.0,yonden
2018,9,2018-09-22,17:00,3350.0,0.0,3900.0,770.0,－－－－－－－－－－,10.0,120.0,0.0,20.0,0.0,0.0,-1470.0,3350.0,yonden
2018,9,2018-09-22,18:00,3340.0,0.0,3900.0,780.0,－－－－－－－－－－,10.0,0.0,0.0,30.0,0.0,0.0,-1380.0,3340.0,yonden
2018,9,2018-09-22,19:00,3190.0,0.0,3830.0,730.0,－－－－－－－－－－,20.0,0.0,0.0,20.0,0.0,0.0,-1410.0,3190.0,yonden
2018,9,2018-09-22,20:00,2990.0,0.0,3620.0,670.0,－－－－－－－－－－,20.0,0.0,0.0,20.0,0.0,0.0,-1340.0,2990.0,yonden
2018,9,2018-09-22,21:00,2790.0,0.0,3480.0,630.0,－－－－－－－－－－,20.0,0.0,0.0,20.0,0.0,0.0,-1360.0,2790.0,yonden
2018,9,2018-09-22,22:00,2620.0,0.0,3520.0,600.0,－－－－－－－－－－,20.0,0.0,0.0,10.0,0.0,0.0,-1530.0,2620.0,yonden
2018,9,2018-09-22,23:00,2510.0,0.0,3500.0,610.0,－－－－－－－－－－,20.0,0.0,0.0,20.0,0.0,0.0,-1640.0,2510.0,yonden
2018,9,2018-09-23,00:00,2340.0,0.0,3510.0,630.0,－－－－－－－－－－,20.0,0.0,0.0,20.0,0.0,0.0,-1840.0,2340.0,yonden
2018,9,2018-09-23,01:00,2270.0,0.0,3510.0,600.0,－－－－－－－－－－,20.0,0.0,0.0,20.0,0.0,0.0,-1880.0,2270.0,yonden
2018,9,2018-09-23,02:00,2350.0,0.0,3500.0,620.0,－－－－－－－－－－,20.0,0.0,0.0,30.0,0.0,0.0,-1820.0,2350.0,yonden
2018,9,2018-09-23,03:00,2520.0,0.0,3530.0,640.0,－－－－－－－－－－,20.0,0.0,0.0,30.0,0.0,0.0,-1700.0,2520.0,yonden
2018,9,2018-09-23,04:00,2660.0,0.0,3570.0,670.0,－－－－－－－－－－,20.0,0.0,0.0,30.0,0.0,0.0,-1630.0,2660.0,yonden
2018,9,2018-09-23,05:00,2650.0,0.0,3600.0,660.0,－－－－－－－－－－,20.0,0.0,0.0,20.0,0.0,0.0,-1650.0,2650.0,yonden
2018,9,2018-09-23,06:00,2470.0,0.0,3520.0,650.0,－－－－－－－－－－,20.0,90.0,0.0,10.0,0.0,0.0,-1820.0,2470.0,yonden
2018,9,2018-09-23,07:00,2350.0,0.0,3380.0,650.0,－－－－－－－－－－,20.0,220.0,0.0,10.0,0.0,0.0,-1930.0,2350.0,yonden
2018,9,2018-09-23,08:00,2370.0,0.0,3330.0,570.0,－－－－－－－－－－,20.0,390.0,0.0,10.0,0.0,0.0,-1950.0,2370.0,yonden
2018,9,2018-09-23,09:00,2460.0,0.0,3290.0,570.0,－－－－－－－－－－,20.0,610.0,0.0,10.0,0.0,-80.0,-1960.0,2460.0,yonden
2018,9,2018-09-23,10:00,2570.0,0.0,3620.0,580.0,－－－－－－－－－－,10.0,730.0,0.0,0.0,0.0,-310.0,-2060.0,2570.0,yonden
2018,9,2018-09-23,11:00,2620.0,0.0,3480.0,560.0,－－－－－－－－－－,10.0,800.0,0.0,0.0,0.0,-130.0,-2100.0,2620.0,yonden
2018,9,2018-09-23,12:00,2700.0,0.0,3360.0,510.0,－－－－－－－－－－,10.0,880.0,0.0,0.0,0.0,0.0,-2060.0,2700.0,yonden
2018,9,2018-09-23,13:00,2700.0,0.0,3330.0,540.0,－－－－－－－－－－,20.0,860.0,0.0,0.0,0.0,0.0,-2050.0,2700.0,yonden
2018,9,2018-09-23,14:00,2780.0,0.0,3290.0,550.0,－－－－－－－－－－,20.0,890.0,0.0,0.0,0.0,0.0,-1970.0,2780.0,yonden
2018,9,2018-09-23,15:00,2910.0,0.0,3390.0,650.0,－－－－－－－－－－,20.0,720.0,0.0,0.0,0.0,0.0,-1870.0,2910.0,yonden
2018,9,2018-09-23,16:00,2960.0,0.0,3630.0,720.0,－－－－－－－－－－,20.0,360.0,0.0,0.0,0.0,0.0,-1770.0,2960.0,yonden
2018,9,2018-09-23,17:00,2990.0,0.0,3730.0,730.0,－－－－－－－－－－,20.0,100.0,0.0,10.0,0.0,0.0,-1600.0,2990.0,yonden
2018,9,2018-09-23,18:00,3040.0,0.0,3860.0,750.0,－－－－－－－－－－,20.0,0.0,0.0,10.0,0.0,0.0,-1600.0,3040.0,yonden
2018,9,2018-09-23,19:00,2960.0,0.0,3740.0,680.0,－－－－－－－－－－,20.0,0.0,0.0,0.0,0.0,0.0,-1480.0,2960.0,yonden
2018,9,2018-09-23,20:00,2820.0,0.0,3670.0,620.0,－－－－－－－－－－,20.0,0.0,0.0,0.0,0.0,0.0,-1490.0,2820.0,yonden
2018,9,2018-09-23,21:00,2670.0,0.0,3700.0,570.0,－－－－－－－－－－,20.0,0.0,0.0,10.0,0.0,0.0,-1630.0,2670.0,yonden
2018,9,2018-09-23,22:00,2480.0,0.0,3650.0,550.0,－－－－－－－－－－,20.0,0.0,0.0,10.0,0.0,0.0,-1750.0,2480.0,yonden
2018,9,2018-09-23,23:00,2400.0,0.0,3670.0,550.0,－－－－－－－－－－,20.0,0.0,0.0,10.0,0.0,0.0,-1850.0,2400.0,yonden
2018,9,2018-09-24,00:00,2270.0,0.0,3590.0,520.0,－－－－－－－－－－,20.0,0.0,0.0,10.0,0.0,0.0,-1870.0,2270.0,yonden
2018,9,2018-09-24,01:00,2210.0,0.0,3640.0,470.0,－－－－－－－－－－,20.0,0.0,0.0,0.0,0.0,0.0,-1920.0,2210.0,yonden
2018,9,2018-09-24,02:00,2280.0,0.0,3670.0,520.0,－－－－－－－－－－,20.0,0.0,0.0,0.0,0.0,0.0,-1930.0,2280.0,yonden
2018,9,2018-09-24,03:00,2480.0,0.0,3630.0,610.0,－－－－－－－－－－,20.0,0.0,0.0,0.0,0.0,0.0,-1780.0,2480.0,yonden
2018,9,2018-09-24,04:00,2640.0,0.0,3720.0,620.0,－－－－－－－－－－,20.0,0.0,0.0,0.0,0.0,0.0,-1720.0,2640.0,yonden
2018,9,2018-09-24,05:00,2640.0,0.0,3790.0,570.0,－－－－－－－－－－,20.0,0.0,0.0,0.0,0.0,0.0,-1740.0,2640.0,yonden
2018,9,2018-09-24,06:00,2490.0,0.0,3750.0,520.0,－－－－－－－－－－,20.0,80.0,0.0,10.0,0.0,0.0,-1890.0,2490.0,yonden
2018,9,2018-09-24,07:00,2430.0,0.0,3640.0,540.0,－－－－－－－－－－,20.0,200.0,0.0,20.0,0.0,0.0,-1990.0,2430.0,yonden
2018,9,2018-09-24,08:00,2670.0,0.0,3680.0,540.0,－－－－－－－－－－,20.0,330.0,0.0,20.0,0.0,0.0,-1920.0,2670.0,yonden
2018,9,2018-09-24,09:00,2830.0,0.0,3720.0,570.0,－－－－－－－－－－,20.0,380.0,0.0,10.0,0.0,0.0,-1870.0,2830.0,yonden
2018,9,2018-09-24,10:00,2920.0,0.0,3830.0,580.0,－－－－－－－－－－,20.0,310.0,0.0,10.0,0.0,0.0,-1830.0,2920.0,yonden
2018,9,2018-09-24,11:00,2930.0,0.0,3690.0,560.0,－－－－－－－－－－,20.0,430.0,0.0,20.0,0.0,0.0,-1790.0,2930.0,yonden
2018,9,2018-09-24,12:00,2910.0,0.0,3530.0,510.0,－－－－－－－－－－,20.0,640.0,0.0,10.0,0.0,-130.0,-1670.0,2910.0,yonden
2018,9,2018-09-24,13:00,3020.0,0.0,3710.0,560.0,－－－－－－－－－－,20.0,510.0,0.0,10.0,0.0,-200.0,-1590.0,3020.0,yonden
2018,9,2018-09-24,14:00,3040.0,0.0,3770.0,600.0,－－－－－－－－－－,10.0,300.0,0.0,30.0,0.0,0.0,-1670.0,3040.0,yonden
2018,9,2018-09-24,15:00,3050.0,0.0,3860.0,640.0,－－－－－－－－－－,20.0,180.0,0.0,50.0,0.0,0.0,-1700.0,3050.0,yonden
2018,9,2018-09-24,16:00,3050.0,0.0,3790.0,690.0,－－－－－－－－－－,20.0,120.0,0.0,50.0,0.0,0.0,-1620.0,3050.0,yonden
2018,9,2018-09-24,17:00,3120.0,0.0,3840.0,720.0,－－－－－－－－－－,20.0,30.0,0.0,50.0,0.0,0.0,-1540.0,3120.0,yonden
2018,9,2018-09-24,18:00,3180.0,0.0,3870.0,700.0,－－－－－－－－－－,20.0,0.0,0.0,60.0,0.0,0.0,-1470.0,3180.0,yonden
2018,9,2018-09-24,19:00,3040.0,0.0,3810.0,690.0,－－－－－－－－－－,20.0,0.0,0.0,50.0,0.0,0.0,-1530.0,3040.0,yonden
2018,9,2018-09-24,20:00,2900.0,0.0,3830.0,640.0,－－－－－－－－－－,20.0,0.0,0.0,30.0,0.0,0.0,-1620.0,2900.0,yonden
2018,9,2018-09-24,21:00,2740.0,0.0,3710.0,560.0,－－－－－－－－－－,20.0,0.0,0.0,20.0,0.0,0.0,-1570.0,2740.0,yonden
2018,9,2018-09-24,22:00,2580.0,0.0,3670.0,540.0,－－－－－－－－－－,20.0,0.0,0.0,20.0,0.0,0.0,-1670.0,2580.0,yonden
2018,9,2018-09-24,23:00,2500.0,0.0,3680.0,530.0,－－－－－－－－－－,20.0,0.0,0.0,30.0,0.0,0.0,-1760.0,2500.0,yonden
2018,9,2018-09-25,00:00,2370.0,0.0,3690.0,500.0,－－－－－－－－－－,20.0,0.0,0.0,40.0,0.0,-170.0,-1710.0,2370.0,yonden
2018,9,2018-09-25,01:00,2300.0,0.0,3700.0,520.0,－－－－－－－－－－,20.0,0.0,0.0,30.0,0.0,-300.0,-1670.0,2300.0,yonden
2018,9,2018-09-25,02:00,2400.0,0.0,3600.0,580.0,－－－－－－－－－－,20.0,0.0,0.0,40.0,0.0,-200.0,-1640.0,2400.0,yonden
2018,9,2018-09-25,03:00,2560.0,0.0,3550.0,610.0,－－－－－－－－－－,20.0,0.0,0.0,20.0,0.0,0.0,-1640.0,2560.0,yonden
2018,9,2018-09-25,04:00,2710.0,0.0,3660.0,640.0,－－－－－－－－－－,20.0,0.0,0.0,20.0,0.0,0.0,-1630.0,2710.0,yonden
2018,9,2018-09-25,05:00,2760.0,0.0,3650.0,590.0,－－－－－－－－－－,20.0,0.0,0.0,30.0,0.0,0.0,-1530.0,2760.0,yonden
2018,9,2018-09-25,06:00,2690.0,0.0,3610.0,530.0,－－－－－－－－－－,20.0,50.0,0.0,20.0,0.0,0.0,-1540.0,2690.0,yonden
2018,9,2018-09-25,07:00,2710.0,0.0,3480.0,510.0,－－－－－－－－－－,20.0,160.0,0.0,30.0,0.0,0.0,-1490.0,2710.0,yonden
2018,9,2018-09-25,08:00,3070.0,0.0,3350.0,520.0,－－－－－－－－－－,20.0,380.0,0.0,30.0,0.0,0.0,-1230.0,3070.0,yonden
2018,9,2018-09-25,09:00,3290.0,0.0,3470.0,590.0,－－－－－－－－－－,20.0,510.0,0.0,30.0,0.0,0.0,-1330.0,3290.0,yonden
2018,9,2018-09-25,10:00,3300.0,0.0,3520.0,580.0,－－－－－－－－－－,20.0,690.0,0.0,20.0,0.0,0.0,-1530.0,3300.0,yonden
2018,9,2018-09-25,11:00,3330.0,0.0,3700.0,580.0,－－－－－－－－－－,20.0,910.0,0.0,30.0,0.0,-250.0,-1660.0,3330.0,yonden
2018,9,2018-09-25,12:00,3180.0,0.0,3640.0,530.0,－－－－－－－－－－,20.0,1060.0,0.0,30.0,0.0,-290.0,-1810.0,3180.0,yonden
2018,9,2018-09-25,13:00,3420.0,0.0,3740.0,510.0,－－－－－－－－－－,20.0,1020.0,0.0,30.0,0.0,-200.0,-1700.0,3420.0,yonden
2018,9,2018-09-25,14:00,3430.0,0.0,3760.0,500.0,－－－－－－－－－－,20.0,850.0,0.0,30.0,0.0,0.0,-1730.0,3430.0,yonden
2018,9,2018-09-25,15:00,3440.0,0.0,4000.0,600.0,－－－－－－－－－－,20.0,540.0,0.0,30.0,0.0,0.0,-1750.0,3440.0,yonden
2018,9,2018-09-25,16:00,3470.0,0.0,4080.0,640.0,－－－－－－－－－－,20.0,250.0,0.0,40.0,0.0,0.0,-1560.0,3470.0,yonden
2018,9,2018-09-25,17:00,3360.0,0.0,3990.0,710.0,－－－－－－－－－－,20.0,50.0,0.0,60.0,0.0,0.0,-1470.0,3360.0,yonden
2018,9,2018-09-25,18:00,3390.0,0.0,4040.0,710.0,－－－－－－－－－－,20.0,0.0,0.0,60.0,0.0,0.0,-1440.0,3390.0,yonden
2018,9,2018-09-25,19:00,3200.0,0.0,3920.0,650.0,－－－－－－－－－－,20.0,0.0,0.0,40.0,0.0,0.0,-1430.0,3200.0,yonden
2018,9,2018-09-25,20:00,3010.0,0.0,3680.0,570.0,－－－－－－－－－－,20.0,0.0,0.0,40.0,0.0,0.0,-1300.0,3010.0,yonden
2018,9,2018-09-25,21:00,2830.0,0.0,3540.0,540.0,－－－－－－－－－－,20.0,0.0,0.0,40.0,0.0,0.0,-1310.0,2830.0,yonden
2018,9,2018-09-25,22:00,2640.0,0.0,3580.0,500.0,－－－－－－－－－－,20.0,0.0,0.0,30.0,0.0,0.0,-1490.0,2640.0,yonden
2018,9,2018-09-25,23:00,2530.0,0.0,3560.0,500.0,－－－－－－－－－－,20.0,0.0,0.0,30.0,0.0,0.0,-1580.0,2530.0,yonden
2018,9,2018-09-26,00:00,2380.0,0.0,3600.0,470.0,－－－－－－－－－－,20.0,0.0,0.0,40.0,0.0,0.0,-1750.0,2380.0,yonden
2018,9,2018-09-26,01:00,2330.0,0.0,3660.0,470.0,－－－－－－－－－－,20.0,0.0,0.0,40.0,0.0,0.0,-1860.0,2330.0,yonden
2018,9,2018-09-26,02:00,2420.0,0.0,3670.0,480.0,－－－－－－－－－－,20.0,0.0,0.0,50.0,0.0,0.0,-1800.0,2420.0,yonden
2018,9,2018-09-26,03:00,2610.0,0.0,3700.0,530.0,－－－－－－－－－－,20.0,0.0,0.0,50.0,0.0,0.0,-1690.0,2610.0,yonden
2018,9,2018-09-26,04:00,2780.0,0.0,3680.0,590.0,－－－－－－－－－－,20.0,0.0,0.0,50.0,0.0,0.0,-1560.0,2780.0,yonden
2018,9,2018-09-26,05:00,2800.0,0.0,3700.0,560.0,－－－－－－－－－－,20.0,0.0,0.0,50.0,0.0,0.0,-1530.0,2800.0,yonden
2018,9,2018-09-26,06:00,2700.0,0.0,3610.0,510.0,－－－－－－－－－－,20.0,110.0,0.0,50.0,0.0,0.0,-1600.0,2700.0,yonden
2018,9,2018-09-26,07:00,2660.0,0.0,3440.0,480.0,－－－－－－－－－－,20.0,400.0,0.0,60.0,0.0,0.0,-1740.0,2660.0,yonden
2018,9,2018-09-26,08:00,3010.0,0.0,3510.0,450.0,－－－－－－－－－－,20.0,620.0,0.0,60.0,0.0,0.0,-1650.0,3010.0,yonden
2018,9,2018-09-26,09:00,3280.0,0.0,3790.0,510.0,－－－－－－－－－－,20.0,680.0,0.0,50.0,0.0,0.0,-1770.0,3280.0,yonden
2018,9,2018-09-26,10:00,3360.0,0.0,3970.0,480.0,－－－－－－－－－－,10.0,720.0,0.0,40.0,0.0,0.0,-1860.0,3360.0,yonden
2018,9,2018-09-26,11:00,3380.0,0.0,4160.0,480.0,－－－－－－－－－－,10.0,670.0,0.0,30.0,0.0,0.0,-1970.0,3380.0,yonden
2018,9,2018-09-26,12:00,3250.0,0.0,4270.0,490.0,－－－－－－－－－－,20.0,490.0,0.0,30.0,0.0,0.0,-2050.0,3250.0,yonden
2018,9,2018-09-26,13:00,3430.0,0.0,4200.0,510.0,－－－－－－－－－－,20.0,320.0,0.0,30.0,0.0,250.0,-1900.0,3430.0,yonden
2018,9,2018-09-26,14:00,3440.0,0.0,4280.0,560.0,－－－－－－－－－－,20.0,230.0,0.0,30.0,0.0,320.0,-2000.0,3440.0,yonden
2018,9,2018-09-26,15:00,3420.0,0.0,4230.0,560.0,－－－－－－－－－－,20.0,130.0,0.0,20.0,0.0,280.0,-1820.0,3420.0,yonden
2018,9,2018-09-26,16:00,3440.0,0.0,4070.0,590.0,－－－－－－－－－－,20.0,60.0,0.0,20.0,0.0,160.0,-1480.0,3440.0,yonden
2018,9,2018-09-26,17:00,3370.0,0.0,4000.0,700.0,－－－－－－－－－－,20.0,20.0,0.0,20.0,0.0,0.0,-1390.0,3370.0,yonden
2018,9,2018-09-26,18:00,3330.0,0.0,4000.0,700.0,－－－－－－－－－－,10.0,0.0,0.0,20.0,0.0,0.0,-1400.0,3330.0,yonden
2018,9,2018-09-26,19:00,3140.0,0.0,3820.0,670.0,－－－－－－－－－－,20.0,0.0,0.0,30.0,0.0,0.0,-1400.0,3140.0,yonden
2018,9,2018-09-26,20:00,2960.0,0.0,3570.0,600.0,－－－－－－－－－－,20.0,0.0,0.0,50.0,0.0,0.0,-1280.0,2960.0,yonden
2018,9,2018-09-26,21:00,2780.0,0.0,3470.0,620.0,－－－－－－－－－－,20.0,0.0,0.0,50.0,0.0,0.0,-1380.0,2780.0,yonden
2018,9,2018-09-26,22:00,2610.0,0.0,3510.0,620.0,－－－－－－－－－－,20.0,0.0,0.0,40.0,0.0,0.0,-1580.0,2610.0,yonden
2018,9,2018-09-26,23:00,2530.0,0.0,3510.0,570.0,－－－－－－－－－－,20.0,0.0,0.0,40.0,0.0,0.0,-1610.0,2530.0,yonden
2018,9,2018-09-27,00:00,2390.0,0.0,3670.0,520.0,－－－－－－－－－－,20.0,0.0,0.0,40.0,0.0,0.0,-1860.0,2390.0,yonden
2018,9,2018-09-27,01:00,2340.0,0.0,3730.0,500.0,－－－－－－－－－－,20.0,0.0,0.0,30.0,0.0,0.0,-1940.0,2340.0,yonden
2018,9,2018-09-27,02:00,2450.0,0.0,3800.0,490.0,－－－－－－－－－－,20.0,0.0,0.0,20.0,0.0,0.0,-1880.0,2450.0,yonden
2018,9,2018-09-27,03:00,2650.0,0.0,3860.0,540.0,－－－－－－－－－－,20.0,0.0,0.0,30.0,0.0,0.0,-1800.0,2650.0,yonden
2018,9,2018-09-27,04:00,2810.0,0.0,3850.0,620.0,－－－－－－－－－－,20.0,0.0,0.0,30.0,0.0,0.0,-1710.0,2810.0,yonden
2018,9,2018-09-27,05:00,2820.0,0.0,3850.0,620.0,－－－－－－－－－－,20.0,0.0,0.0,30.0,0.0,0.0,-1700.0,2820.0,yonden
2018,9,2018-09-27,06:00,2740.0,0.0,3790.0,500.0,－－－－－－－－－－,20.0,50.0,0.0,40.0,0.0,0.0,-1660.0,2740.0,yonden
2018,9,2018-09-27,07:00,2820.0,0.0,3880.0,580.0,－－－－－－－－－－,20.0,130.0,0.0,40.0,0.0,0.0,-1830.0,2820.0,yonden
2018,9,2018-09-27,08:00,3130.0,0.0,3970.0,550.0,－－－－－－－－－－,20.0,240.0,0.0,40.0,0.0,0.0,-1690.0,3130.0,yonden
2018,9,2018-09-27,09:00,3260.0,0.0,3920.0,590.0,－－－－－－－－－－,20.0,560.0,0.0,40.0,0.0,0.0,-1870.0,3260.0,yonden
2018,9,2018-09-27,10:00,3260.0,0.0,3870.0,560.0,－－－－－－－－－－,20.0,730.0,0.0,40.0,0.0,0.0,-1960.0,3260.0,yonden
2018,9,2018-09-27,11:00,3290.0,0.0,3780.0,550.0,－－－－－－－－－－,20.0,870.0,0.0,30.0,0.0,0.0,-1960.0,3290.0,yonden
2018,9,2018-09-27,12:00,3130.0,0.0,3610.0,430.0,－－－－－－－－－－,20.0,1110.0,0.0,40.0,0.0,0.0,-2080.0,3130.0,yonden
2018,9,2018-09-27,13:00,3400.0,0.0,3780.0,480.0,－－－－－－－－－－,20.0,1220.0,0.0,40.0,0.0,-130.0,-2010.0,3400.0,yonden
2018,9,2018-09-27,14:00,3470.0,0.0,3910.0,620.0,－－－－－－－－－－,20.0,1080.0,0.0,40.0,0.0,-250.0,-1950.0,3470.0,yonden
2018,9,2018-09-27,15:00,3490.0,0.0,3830.0,640.0,－－－－－－－－－－,20.0,830.0,0.0,30.0,0.0,0.0,-1860.0,3490.0,yonden
2018,9,2018-09-27,16:00,3560.0,0.0,3990.0,670.0,－－－－－－－－－－,20.0,470.0,0.0,30.0,0.0,0.0,-1620.0,3560.0,yonden
2018,9,2018-09-27,17:00,3400.0,0.0,4100.0,660.0,－－－－－－－－－－,20.0,100.0,0.0,20.0,0.0,60.0,-1560.0,3400.0,yonden
2018,9,2018-09-27,18:00,3380.0,0.0,4070.0,650.0,－－－－－－－－－－,20.0,0.0,0.0,30.0,0.0,140.0,-1530.0,3380.0,yonden
2018,9,2018-09-27,19:00,3200.0,0.0,4020.0,690.0,－－－－－－－－－－,20.0,0.0,0.0,30.0,0.0,40.0,-1600.0,3200.0,yonden
2018,9,2018-09-27,20:00,3000.0,0.0,3750.0,630.0,－－－－－－－－－－,20.0,0.0,0.0,40.0,0.0,0.0,-1440.0,3000.0,yonden
2018,9,2018-09-27,21:00,2800.0,0.0,3690.0,600.0,－－－－－－－－－－,20.0,0.0,0.0,50.0,0.0,0.0,-1560.0,2800.0,yonden
2018,9,2018-09-27,22:00,2620.0,0.0,3690.0,540.0,－－－－－－－－－－,20.0,0.0,0.0,50.0,0.0,0.0,-1680.0,2620.0,yonden
2018,9,2018-09-27,23:00,2520.0,0.0,3690.0,540.0,－－－－－－－－－－,20.0,0.0,0.0,50.0,0.0,0.0,-1780.0,2520.0,yonden
2018,9,2018-09-28,00:00,2360.0,0.0,3570.0,490.0,－－－－－－－－－－,20.0,0.0,0.0,40.0,0.0,0.0,-1760.0,2360.0,yonden
2018,9,2018-09-28,01:00,2300.0,0.0,3580.0,480.0,－－－－－－－－－－,10.0,0.0,0.0,40.0,0.0,0.0,-1810.0,2300.0,yonden
2018,9,2018-09-28,02:00,2410.0,0.0,3580.0,570.0,－－－－－－－－－－,20.0,0.0,0.0,40.0,0.0,0.0,-1800.0,2410.0,yonden
2018,9,2018-09-28,03:00,2610.0,0.0,3630.0,650.0,－－－－－－－－－－,20.0,0.0,0.0,40.0,0.0,0.0,-1730.0,2610.0,yonden
2018,9,2018-09-28,04:00,2780.0,0.0,3760.0,650.0,－－－－－－－－－－,20.0,0.0,0.0,50.0,0.0,0.0,-1700.0,2780.0,yonden
2018,9,2018-09-28,05:00,2800.0,0.0,3770.0,650.0,－－－－－－－－－－,20.0,0.0,0.0,40.0,0.0,0.0,-1680.0,2800.0,yonden
2018,9,2018-09-28,06:00,2710.0,0.0,3610.0,580.0,－－－－－－－－－－,20.0,140.0,0.0,40.0,0.0,0.0,-1680.0,2710.0,yonden
2018,9,2018-09-28,07:00,2630.0,0.0,3410.0,590.0,－－－－－－－－－－,20.0,490.0,0.0,30.0,0.0,0.0,-1910.0,2630.0,yonden
2018,9,2018-09-28,08:00,2890.0,0.0,3330.0,560.0,－－－－－－－－－－,20.0,880.0,0.0,20.0,0.0,0.0,-1920.0,2890.0,yonden
2018,9,2018-09-28,09:00,3140.0,0.0,3310.0,510.0,－－－－－－－－－－,20.0,1230.0,0.0,10.0,0.0,0.0,-1940.0,3140.0,yonden
2018,9,2018-09-28,10:00,3240.0,0.0,3370.0,520.0,－－－－－－－－－－,20.0,1450.0,0.0,0.0,0.0,0.0,-2120.0,3240.0,yonden
2018,9,2018-09-28,11:00,3300.0,0.0,3400.0,530.0,－－－－－－－－－－,20.0,1540.0,0.0,0.0,0.0,0.0,-2190.0,3300.0,yonden
2018,9,2018-09-28,12:00,3160.0,0.0,3400.0,480.0,－－－－－－－－－－,20.0,1540.0,0.0,0.0,0.0,0.0,-2280.0,3160.0,yonden
2018,9,2018-09-28,13:00,3380.0,0.0,3440.0,510.0,－－－－－－－－－－,20.0,1460.0,0.0,0.0,0.0,0.0,-2050.0,3380.0,yonden
2018,9,2018-09-28,14:00,3460.0,0.0,3520.0,560.0,－－－－－－－－－－,20.0,1260.0,0.0,0.0,0.0,0.0,-1900.0,3460.0,yonden
2018,9,2018-09-28,15:00,3480.0,0.0,3620.0,630.0,－－－－－－－－－－,20.0,940.0,0.0,0.0,0.0,0.0,-1730.0,3480.0,yonden
2018,9,2018-09-28,16:00,3550.0,0.0,3830.0,660.0,－－－－－－－－－－,20.0,540.0,0.0,0.0,0.0,0.0,-1500.0,3550.0,yonden
2018,9,2018-09-28,17:00,3370.0,0.0,3820.0,690.0,－－－－－－－－－－,20.0,120.0,0.0,0.0,0.0,70.0,-1350.0,3370.0,yonden
2018,9,2018-09-28,18:00,3310.0,0.0,3850.0,670.0,－－－－－－－－－－,20.0,0.0,0.0,10.0,0.0,130.0,-1370.0,3310.0,yonden
2018,9,2018-09-28,19:00,3140.0,0.0,3800.0,650.0,－－－－－－－－－－,20.0,0.0,0.0,10.0,0.0,0.0,-1340.0,3140.0,yonden
2018,9,2018-09-28,20:00,2960.0,0.0,3620.0,600.0,－－－－－－－－－－,20.0,0.0,0.0,30.0,0.0,0.0,-1310.0,2960.0,yonden
2018,9,2018-09-28,21:00,2780.0,0.0,3560.0,600.0,－－－－－－－－－－,20.0,0.0,0.0,40.0,0.0,0.0,-1440.0,2780.0,yonden
2018,9,2018-09-28,22:00,2620.0,0.0,3550.0,590.0,－－－－－－－－－－,20.0,0.0,0.0,50.0,0.0,0.0,-1590.0,2620.0,yonden
2018,9,2018-09-28,23:00,2530.0,0.0,3560.0,610.0,－－－－－－－－－－,20.0,0.0,0.0,40.0,0.0,0.0,-1700.0,2530.0,yonden
2018,9,2018-09-29,00:00,2390.0,0.0,3650.0,600.0,－－－－－－－－－－,20.0,0.0,0.0,40.0,0.0,0.0,-1920.0,2390.0,yonden
2018,9,2018-09-29,01:00,2330.0,0.0,3660.0,580.0,－－－－－－－－－－,20.0,0.0,0.0,30.0,0.0,0.0,-1960.0,2330.0,yonden
2018,9,2018-09-29,02:00,2420.0,0.0,3660.0,620.0,－－－－－－－－－－,20.0,0.0,0.0,40.0,0.0,0.0,-1920.0,2420.0,yonden
2018,9,2018-09-29,03:00,2620.0,0.0,3740.0,640.0,－－－－－－－－－－,20.0,0.0,0.0,40.0,0.0,0.0,-1820.0,2620.0,yonden
2018,9,2018-09-29,04:00,2760.0,0.0,3860.0,640.0,－－－－－－－－－－,20.0,0.0,0.0,40.0,0.0,0.0,-1800.0,2760.0,yonden
2018,9,2018-09-29,05:00,2710.0,0.0,3740.0,630.0,－－－－－－－－－－,20.0,0.0,0.0,40.0,0.0,0.0,-1720.0,2710.0,yonden
2018,9,2018-09-29,06:00,2540.0,0.0,3490.0,590.0,－－－－－－－－－－,20.0,30.0,0.0,40.0,0.0,0.0,-1630.0,2540.0,yonden
2018,9,2018-09-29,07:00,2540.0,0.0,3490.0,580.0,－－－－－－－－－－,20.0,50.0,0.0,40.0,0.0,0.0,-1640.0,2540.0,yonden
2018,9,2018-09-29,08:00,2820.0,0.0,3460.0,590.0,－－－－－－－－－－,20.0,100.0,0.0,50.0,0.0,0.0,-1400.0,2820.0,yonden
2018,9,2018-09-29,09:00,3000.0,0.0,3620.0,680.0,－－－－－－－－－－,20.0,180.0,0.0,40.0,0.0,0.0,-1540.0,3000.0,yonden
2018,9,2018-09-29,10:00,3040.0,0.0,3860.0,680.0,－－－－－－－－－－,20.0,230.0,0.0,50.0,0.0,0.0,-1800.0,3040.0,yonden
2018,9,2018-09-29,11:00,3030.0,0.0,3910.0,680.0,－－－－－－－－－－,20.0,240.0,0.0,60.0,0.0,0.0,-1880.0,3030.0,yonden
2018,9,2018-09-29,12:00,2870.0,0.0,3900.0,620.0,－－－－－－－－－－,20.0,220.0,0.0,60.0,0.0,0.0,-1950.0,2870.0,yonden
2018,9,2018-09-29,13:00,2980.0,0.0,3990.0,640.0,－－－－－－－－－－,20.0,190.0,0.0,60.0,0.0,0.0,-1920.0,2980.0,yonden
2018,9,2018-09-29,14:00,2990.0,0.0,4040.0,620.0,－－－－－－－－－－,20.0,140.0,0.0,60.0,0.0,0.0,-1890.0,2990.0,yonden
2018,9,2018-09-29,15:00,2960.0,0.0,3950.0,660.0,－－－－－－－－－－,20.0,90.0,0.0,60.0,0.0,0.0,-1820.0,2960.0,yonden
2018,9,2018-09-29,16:00,2980.0,0.0,3910.0,700.0,－－－－－－－－－－,20.0,50.0,0.0,80.0,0.0,0.0,-1780.0,2980.0,yonden
2018,9,2018-09-29,17:00,2980.0,0.0,3910.0,730.0,－－－－－－－－－－,20.0,10.0,0.0,80.0,0.0,0.0,-1770.0,2980.0,yonden
2018,9,2018-09-29,18:00,2980.0,0.0,3900.0,740.0,－－－－－－－－－－,20.0,0.0,0.0,80.0,0.0,0.0,-1760.0,2980.0,yonden
2018,9,2018-09-29,19:00,2870.0,0.0,3740.0,680.0,－－－－－－－－－－,20.0,0.0,0.0,100.0,0.0,0.0,-1670.0,2870.0,yonden
2018,9,2018-09-29,20:00,2750.0,0.0,3490.0,650.0,－－－－－－－－－－,20.0,0.0,0.0,110.0,0.0,0.0,-1520.0,2750.0,yonden
2018,9,2018-09-29,21:00,2610.0,0.0,3540.0,630.0,－－－－－－－－－－,20.0,0.0,0.0,110.0,0.0,0.0,-1690.0,2610.0,yonden
2018,9,2018-09-29,22:00,2450.0,0.0,3560.0,630.0,－－－－－－－－－－,20.0,0.0,0.0,110.0,0.0,0.0,-1870.0,2450.0,yonden
2018,9,2018-09-29,23:00,2380.0,0.0,3550.0,640.0,－－－－－－－－－－,20.0,0.0,0.0,110.0,0.0,0.0,-1940.0,2380.0,yonden
2018,9,2018-09-30,00:00,2270.0,0.0,3360.0,640.0,－－－－－－－－－－,20.0,0.0,0.0,110.0,0.0,0.0,-1860.0,2270.0,yonden
2018,9,2018-09-30,01:00,2220.0,0.0,3340.0,600.0,－－－－－－－－－－,20.0,0.0,0.0,110.0,0.0,0.0,-1850.0,2220.0,yonden
2018,9,2018-09-30,02:00,2340.0,0.0,3410.0,670.0,－－－－－－－－－－,20.0,0.0,0.0,90.0,0.0,0.0,-1850.0,2340.0,yonden
2018,9,2018-09-30,03:00,2540.0,0.0,3430.0,730.0,－－－－－－－－－－,20.0,0.0,0.0,80.0,0.0,0.0,-1720.0,2540.0,yonden
2018,9,2018-09-30,04:00,2670.0,0.0,3540.0,760.0,－－－－－－－－－－,20.0,0.0,0.0,80.0,0.0,0.0,-1730.0,2670.0,yonden
2018,9,2018-09-30,05:00,2610.0,0.0,3530.0,750.0,－－－－－－－－－－,20.0,0.0,0.0,80.0,0.0,0.0,-1770.0,2610.0,yonden
2018,9,2018-09-30,06:00,2400.0,0.0,3480.0,740.0,－－－－－－－－－－,20.0,40.0,0.0,90.0,0.0,0.0,-1970.0,2400.0,yonden
2018,9,2018-09-30,07:00,2330.0,0.0,3520.0,740.0,－－－－－－－－－－,20.0,50.0,0.0,80.0,0.0,0.0,-2080.0,2330.0,yonden
2018,9,2018-09-30,08:00,2510.0,0.0,3600.0,760.0,－－－－－－－－－－,20.0,80.0,0.0,60.0,0.0,0.0,-2010.0,2510.0,yonden
2018,9,2018-09-30,09:00,2700.0,0.0,3610.0,750.0,－－－－－－－－－－,20.0,110.0,0.0,40.0,0.0,0.0,-1830.0,2700.0,yonden
2018,9,2018-09-30,10:00,2760.0,0.0,3570.0,710.0,－－－－－－－－－－,20.0,140.0,0.0,30.0,0.0,0.0,-1710.0,2760.0,yonden
2018,9,2018-09-30,11:00,2840.0,0.0,3580.0,730.0,－－－－－－－－－－,20.0,150.0,0.0,10.0,0.0,0.0,-1650.0,2840.0,yonden
2018,9,2018-09-30,12:00,2920.0,0.0,3690.0,730.0,－－－－－－－－－－,20.0,140.0,0.0,0.0,0.0,0.0,-1660.0,2920.0,yonden
2018,9,2018-09-30,13:00,2870.0,0.0,3730.0,660.0,－－－－－－－－－－,20.0,130.0,0.0,0.0,0.0,0.0,-1670.0,2870.0,yonden
2018,9,2018-09-30,14:00,2820.0,0.0,3780.0,610.0,－－－－－－－－－－,20.0,100.0,0.0,0.0,0.0,0.0,-1690.0,2820.0,yonden
2018,9,2018-09-30,15:00,2760.0,0.0,3810.0,580.0,－－－－－－－－－－,10.0,70.0,0.0,10.0,0.0,0.0,-1720.0,2760.0,yonden
2018,9,2018-09-30,16:00,2730.0,0.0,3870.0,500.0,－－－－－－－－－－,10.0,40.0,0.0,0.0,0.0,0.0,-1690.0,2730.0,yonden
2018,9,2018-09-30,17:00,2790.0,0.0,3910.0,480.0,－－－－－－－－－－,20.0,10.0,0.0,0.0,0.0,0.0,-1630.0,2790.0,yonden
2018,9,2018-09-30,18:00,2810.0,0.0,3900.0,480.0,－－－－－－－－－－,20.0,0.0,0.0,0.0,0.0,0.0,-1590.0,2810.0,yonden
2018,9,2018-09-30,19:00,2720.0,0.0,3810.0,480.0,－－－－－－－－－－,20.0,0.0,0.0,0.0,0.0,0.0,-1590.0,2720.0,yonden
2018,9,2018-09-30,20:00,2620.0,0.0,3830.0,480.0,－－－－－－－－－－,20.0,0.0,0.0,0.0,0.0,0.0,-1710.0,2620.0,yonden
2018,9,2018-09-30,21:00,2490.0,0.0,3810.0,480.0,－－－－－－－－－－,20.0,0.0,0.0,10.0,0.0,0.0,-1830.0,2490.0,yonden
2018,9,2018-09-30,22:00,2360.0,0.0,3770.0,480.0,－－－－－－－－－－,20.0,0.0,0.0,20.0,0.0,0.0,-1930.0,2360.0,yonden
2018,9,2018-09-30,23:00,2290.0,0.0,3800.0,490.0,－－－－－－－－－－,20.0,0.0,0.0,30.0,0.0,0.0,-2050.0,2290.0,yonden
2018,10,2018-10-01,00:00,2170.0,0.0,3530.0,480.0,－－－－－－－－－－,10.0,0.0,0.0,60.0,0.0,50.0,-1960.0,2170.0,yonden
2018,10,2018-10-01,01:00,2140.0,0.0,3530.0,480.0,－－－－－－－－－－,10.0,0.0,0.0,60.0,0.0,50.0,-1990.0,2140.0,yonden
2018,10,2018-10-01,02:00,2270.0,0.0,3640.0,480.0,－－－－－－－－－－,10.0,0.0,0.0,60.0,0.0,50.0,-1970.0,2270.0,yonden
2018,10,2018-10-01,03:00,2470.0,0.0,3630.0,490.0,－－－－－－－－－－,10.0,0.0,0.0,50.0,0.0,50.0,-1760.0,2470.0,yonden
2018,10,2018-10-01,04:00,2640.0,0.0,3690.0,490.0,－－－－－－－－－－,10.0,0.0,0.0,60.0,0.0,50.0,-1660.0,2640.0,yonden
2018,10,2018-10-01,05:00,2670.0,0.0,3720.0,480.0,－－－－－－－－－－,10.0,0.0,0.0,80.0,0.0,50.0,-1670.0,2670.0,yonden
2018,10,2018-10-01,06:00,2610.0,0.0,3670.0,480.0,－－－－－－－－－－,10.0,100.0,0.0,80.0,0.0,60.0,-1790.0,2610.0,yonden
2018,10,2018-10-01,07:00,2570.0,0.0,3520.0,480.0,－－－－－－－－－－,10.0,450.0,0.0,80.0,0.0,50.0,-2020.0,2570.0,yonden
2018,10,2018-10-01,08:00,2810.0,0.0,3430.0,490.0,－－－－－－－－－－,10.0,870.0,0.0,80.0,0.0,60.0,-2130.0,2810.0,yonden
2018,10,2018-10-01,09:00,3050.0,0.0,3430.0,500.0,－－－－－－－－－－,10.0,1210.0,0.0,90.0,0.0,50.0,-2240.0,3050.0,yonden
2018,10,2018-10-01,10:00,3140.0,0.0,3330.0,520.0,－－－－－－－－－－,10.0,1450.0,0.0,90.0,0.0,50.0,-2310.0,3140.0,yonden
2018,10,2018-10-01,11:00,3180.0,0.0,3330.0,570.0,－－－－－－－－－－,10.0,1520.0,0.0,110.0,0.0,60.0,-2420.0,3180.0,yonden
2018,10,2018-10-01,12:00,3050.0,0.0,3290.0,590.0,－－－－－－－－－－,10.0,1550.0,0.0,90.0,0.0,60.0,-2540.0,3050.0,yonden
2018,10,2018-10-01,13:00,3280.0,0.0,3390.0,600.0,－－－－－－－－－－,10.0,1440.0,0.0,90.0,0.0,50.0,-2300.0,3280.0,yonden
2018,10,2018-10-01,14:00,3320.0,0.0,3380.0,620.0,－－－－－－－－－－,10.0,1210.0,0.0,90.0,0.0,60.0,-2050.0,3320.0,yonden
2018,10,2018-10-01,15:00,3340.0,0.0,3570.0,640.0,－－－－－－－－－－,10.0,840.0,0.0,80.0,0.0,50.0,-1850.0,3340.0,yonden
2018,10,2018-10-01,16:00,3400.0,0.0,3740.0,650.0,－－－－－－－－－－,10.0,470.0,0.0,70.0,0.0,60.0,-1600.0,3400.0,yonden
2018,10,2018-10-01,17:00,3250.0,0.0,3850.0,660.0,－－－－－－－－－－,10.0,90.0,0.0,70.0,0.0,60.0,-1490.0,3250.0,yonden
2018,10,2018-10-01,18:00,3260.0,0.0,3900.0,660.0,－－－－－－－－－－,10.0,0.0,0.0,50.0,0.0,60.0,-1420.0,3260.0,yonden
2018,10,2018-10-01,19:00,3090.0,0.0,3760.0,670.0,－－－－－－－－－－,10.0,0.0,0.0,50.0,0.0,50.0,-1450.0,3090.0,yonden
2018,10,2018-10-01,20:00,2940.0,0.0,3650.0,680.0,－－－－－－－－－－,10.0,0.0,0.0,50.0,0.0,60.0,-1510.0,2940.0,yonden
2018,10,2018-10-01,21:00,2780.0,0.0,3660.0,680.0,－－－－－－－－－－,10.0,0.0,0.0,70.0,0.0,50.0,-1690.0,2780.0,yonden
2018,10,2018-10-01,22:00,2630.0,0.0,3670.0,690.0,－－－－－－－－－－,10.0,0.0,0.0,80.0,0.0,60.0,-1880.0,2630.0,yonden
2018,10,2018-10-01,23:00,2570.0,0.0,3700.0,700.0,－－－－－－－－－－,10.0,0.0,0.0,90.0,0.0,60.0,-1990.0,2570.0,yonden
2018,10,2018-10-02,00:00,2450.0,0.0,3710.0,690.0,－－－－－－－－－－,20.0,0.0,0.0,90.0,0.0,50.0,-2110.0,2450.0,yonden
2018,10,2018-10-02,01:00,2410.0,0.0,3690.0,690.0,－－－－－－－－－－,20.0,0.0,0.0,90.0,0.0,60.0,-2140.0,2410.0,yonden
2018,10,2018-10-02,02:00,2530.0,0.0,3710.0,690.0,－－－－－－－－－－,20.0,0.0,0.0,70.0,0.0,60.0,-2020.0,2530.0,yonden
2018,10,2018-10-02,03:00,2750.0,0.0,3780.0,690.0,－－－－－－－－－－,10.0,0.0,0.0,60.0,0.0,50.0,-1840.0,2750.0,yonden
2018,10,2018-10-02,04:00,2910.0,0.0,3760.0,690.0,－－－－－－－－－－,10.0,0.0,0.0,50.0,0.0,60.0,-1660.0,2910.0,yonden
2018,10,2018-10-02,05:00,2910.0,0.0,3690.0,690.0,－－－－－－－－－－,10.0,0.0,0.0,50.0,0.0,60.0,-1590.0,2910.0,yonden
2018,10,2018-10-02,06:00,2750.0,0.0,3500.0,680.0,－－－－－－－－－－,20.0,110.0,0.0,40.0,0.0,60.0,-1660.0,2750.0,yonden
2018,10,2018-10-02,07:00,2670.0,0.0,3490.0,690.0,－－－－－－－－－－,20.0,420.0,0.0,20.0,0.0,50.0,-2020.0,2670.0,yonden
2018,10,2018-10-02,08:00,2920.0,0.0,3610.0,680.0,－－－－－－－－－－,20.0,740.0,0.0,10.0,0.0,60.0,-2200.0,2920.0,yonden
2018,10,2018-10-02,09:00,3150.0,0.0,3690.0,690.0,－－－－－－－－－－,10.0,1010.0,0.0,10.0,0.0,-230.0,-2030.0,3150.0,yonden
2018,10,2018-10-02,10:00,3190.0,0.0,3790.0,690.0,－－－－－－－－－－,20.0,1060.0,0.0,0.0,0.0,-250.0,-2120.0,3190.0,yonden
2018,10,2018-10-02,11:00,3170.0,0.0,3900.0,690.0,－－－－－－－－－－,20.0,990.0,0.0,0.0,0.0,-250.0,-2180.0,3170.0,yonden
2018,10,2018-10-02,12:00,3080.0,0.0,3870.0,670.0,－－－－－－－－－－,10.0,1070.0,0.0,10.0,0.0,-250.0,-2300.0,3080.0,yonden
2018,10,2018-10-02,13:00,3350.0,0.0,3790.0,680.0,－－－－－－－－－－,10.0,1080.0,0.0,10.0,0.0,-250.0,-1970.0,3350.0,yonden
2018,10,2018-10-02,14:00,3420.0,0.0,3770.0,680.0,－－－－－－－－－－,10.0,860.0,0.0,0.0,0.0,30.0,-1930.0,3420.0,yonden
2018,10,2018-10-02,15:00,3430.0,0.0,3980.0,690.0,－－－－－－－－－－,10.0,540.0,0.0,0.0,0.0,60.0,-1850.0,3430.0,yonden
2018,10,2018-10-02,16:00,3440.0,0.0,4210.0,690.0,－－－－－－－－－－,10.0,240.0,0.0,0.0,0.0,130.0,-1840.0,3440.0,yonden
2018,10,2018-10-02,17:00,3360.0,0.0,4160.0,730.0,－－－－－－－－－－,10.0,50.0,0.0,0.0,0.0,200.0,-1790.0,3360.0,yonden
2018,10,2018-10-02,18:00,3350.0,0.0,4210.0,720.0,－－－－－－－－－－,10.0,0.0,0.0,0.0,0.0,220.0,-1810.0,3350.0,yonden
2018,10,2018-10-02,19:00,3170.0,0.0,4080.0,720.0,－－－－－－－－－－,10.0,0.0,0.0,0.0,0.0,120.0,-1760.0,3170.0,yonden
2018,10,2018-10-02,20:00,2990.0,0.0,3840.0,720.0,－－－－－－－－－－,10.0,0.0,0.0,0.0,0.0,50.0,-1630.0,2990.0,yonden
2018,10,2018-10-02,21:00,2790.0,0.0,3700.0,720.0,－－－－－－－－－－,10.0,0.0,0.0,0.0,0.0,60.0,-1700.0,2790.0,yonden
2018,10,2018-10-02,22:00,2590.0,0.0,3690.0,700.0,－－－－－－－－－－,10.0,0.0,0.0,0.0,0.0,60.0,-1870.0,2590.0,yonden
2018,10,2018-10-02,23:00,2480.0,0.0,3680.0,730.0,－－－－－－－－－－,20.0,0.0,0.0,0.0,0.0,50.0,-2000.0,2480.0,yonden
2018,10,2018-10-03,00:00,2340.0,0.0,3550.0,690.0,－－－－－－－－－－,10.0,0.0,0.0,0.0,0.0,50.0,-1960.0,2340.0,yonden
2018,10,2018-10-03,01:00,2320.0,0.0,3530.0,690.0,－－－－－－－－－－,10.0,0.0,0.0,0.0,0.0,50.0,-1960.0,2320.0,yonden
2018,10,2018-10-03,02:00,2460.0,0.0,3540.0,710.0,－－－－－－－－－－,10.0,0.0,0.0,0.0,0.0,60.0,-1860.0,2460.0,yonden
2018,10,2018-10-03,03:00,2690.0,0.0,3640.0,730.0,－－－－－－－－－－,10.0,0.0,0.0,0.0,0.0,60.0,-1750.0,2690.0,yonden
2018,10,2018-10-03,04:00,2860.0,0.0,3680.0,730.0,－－－－－－－－－－,10.0,0.0,0.0,0.0,0.0,60.0,-1620.0,2860.0,yonden
2018,10,2018-10-03,05:00,2840.0,0.0,3650.0,730.0,－－－－－－－－－－,20.0,0.0,0.0,0.0,0.0,60.0,-1620.0,2840.0,yonden
2018,10,2018-10-03,06:00,2750.0,0.0,3530.0,730.0,－－－－－－－－－－,20.0,110.0,0.0,10.0,0.0,60.0,-1710.0,2750.0,yonden
2018,10,2018-10-03,07:00,2730.0,0.0,3480.0,720.0,－－－－－－－－－－,20.0,400.0,0.0,0.0,0.0,60.0,-1950.0,2730.0,yonden
2018,10,2018-10-03,08:00,2990.0,0.0,3550.0,710.0,－－－－－－－－－－,10.0,700.0,0.0,0.0,0.0,50.0,-2030.0,2990.0,yonden
2018,10,2018-10-03,09:00,3140.0,0.0,3440.0,710.0,－－－－－－－－－－,10.0,1070.0,0.0,10.0,0.0,50.0,-2150.0,3140.0,yonden
2018,10,2018-10-03,10:00,3200.0,0.0,3340.0,710.0,－－－－－－－－－－,10.0,1190.0,0.0,10.0,0.0,-70.0,-1990.0,3200.0,yonden
2018,10,2018-10-03,11:00,3210.0,0.0,3400.0,730.0,－－－－－－－－－－,10.0,1240.0,0.0,10.0,0.0,-240.0,-1940.0,3210.0,yonden
2018,10,2018-10-03,12:00,3080.0,0.0,3410.0,710.0,－－－－－－－－－－,10.0,1220.0,0.0,10.0,0.0,-240.0,-2040.0,3080.0,yonden
2018,10,2018-10-03,13:00,3330.0,0.0,3570.0,720.0,－－－－－－－－－－,10.0,1030.0,0.0,10.0,0.0,40.0,-2050.0,3330.0,yonden
2018,10,2018-10-03,14:00,3350.0,0.0,3650.0,710.0,－－－－－－－－－－,10.0,850.0,0.0,10.0,0.0,50.0,-1930.0,3350.0,yonden
2018,10,2018-10-03,15:00,3320.0,0.0,3920.0,730.0,－－－－－－－－－－,10.0,460.0,0.0,10.0,0.0,50.0,-1860.0,3320.0,yonden
2018,10,2018-10-03,16:00,3340.0,0.0,4100.0,730.0,－－－－－－－－－－,10.0,150.0,0.0,10.0,0.0,130.0,-1790.0,3340.0,yonden
2018,10,2018-10-03,17:00,3300.0,0.0,4070.0,740.0,－－－－－－－－－－,20.0,20.0,0.0,10.0,0.0,270.0,-1830.0,3300.0,yonden
2018,10,2018-10-03,18:00,3340.0,0.0,4090.0,740.0,－－－－－－－－－－,20.0,0.0,0.0,0.0,0.0,340.0,-1850.0,3340.0,yonden
2018,10,2018-10-03,19:00,3160.0,0.0,4080.0,740.0,－－－－－－－－－－,20.0,0.0,0.0,0.0,0.0,160.0,-1840.0,3160.0,yonden
2018,10,2018-10-03,20:00,2990.0,0.0,3800.0,750.0,－－－－－－－－－－,20.0,0.0,0.0,0.0,0.0,60.0,-1640.0,2990.0,yonden
2018,10,2018-10-03,21:00,2800.0,0.0,3670.0,750.0,－－－－－－－－－－,10.0,0.0,0.0,10.0,0.0,60.0,-1700.0,2800.0,yonden
2018,10,2018-10-03,22:00,2620.0,0.0,3660.0,740.0,－－－－－－－－－－,10.0,0.0,0.0,10.0,0.0,50.0,-1850.0,2620.0,yonden
2018,10,2018-10-03,23:00,2530.0,0.0,3590.0,730.0,－－－－－－－－－－,10.0,0.0,0.0,10.0,0.0,60.0,-1870.0,2530.0,yonden
2018,10,2018-10-04,00:00,2400.0,0.0,3580.0,720.0,－－－－－－－－－－,10.0,0.0,0.0,10.0,0.0,-60.0,-1860.0,2400.0,yonden
2018,10,2018-10-04,01:00,2360.0,0.0,3620.0,750.0,－－－－－－－－－－,10.0,0.0,0.0,10.0,0.0,-250.0,-1780.0,2360.0,yonden
2018,10,2018-10-04,02:00,2500.0,0.0,3620.0,740.0,－－－－－－－－－－,20.0,0.0,0.0,10.0,0.0,-200.0,-1690.0,2500.0,yonden
2018,10,2018-10-04,03:00,2730.0,0.0,3620.0,740.0,－－－－－－－－－－,20.0,0.0,0.0,20.0,0.0,60.0,-1730.0,2730.0,yonden
2018,10,2018-10-04,04:00,2880.0,0.0,3630.0,730.0,－－－－－－－－－－,10.0,0.0,0.0,20.0,0.0,60.0,-1570.0,2880.0,yonden
2018,10,2018-10-04,05:00,2860.0,0.0,3620.0,720.0,－－－－－－－－－－,20.0,0.0,0.0,20.0,0.0,50.0,-1570.0,2860.0,yonden
2018,10,2018-10-04,06:00,2770.0,0.0,3590.0,730.0,－－－－－－－－－－,20.0,50.0,0.0,10.0,0.0,50.0,-1680.0,2770.0,yonden
2018,10,2018-10-04,07:00,2790.0,0.0,3600.0,730.0,－－－－－－－－－－,20.0,120.0,0.0,10.0,0.0,60.0,-1750.0,2790.0,yonden
2018,10,2018-10-04,08:00,3160.0,0.0,3690.0,740.0,－－－－－－－－－－,20.0,170.0,0.0,10.0,0.0,60.0,-1530.0,3160.0,yonden
2018,10,2018-10-04,09:00,3330.0,0.0,3770.0,740.0,－－－－－－－－－－,20.0,260.0,0.0,10.0,0.0,60.0,-1530.0,3330.0,yonden
2018,10,2018-10-04,10:00,3300.0,0.0,3810.0,740.0,－－－－－－－－－－,10.0,350.0,0.0,10.0,0.0,50.0,-1670.0,3300.0,yonden
2018,10,2018-10-04,11:00,3280.0,0.0,3660.0,750.0,－－－－－－－－－－,10.0,430.0,0.0,10.0,0.0,60.0,-1640.0,3280.0,yonden
2018,10,2018-10-04,12:00,3110.0,0.0,3430.0,730.0,－－－－－－－－－－,10.0,400.0,0.0,20.0,0.0,60.0,-1540.0,3110.0,yonden
2018,10,2018-10-04,13:00,3310.0,0.0,3810.0,750.0,－－－－－－－－－－,20.0,250.0,0.0,10.0,0.0,60.0,-1590.0,3310.0,yonden
2018,10,2018-10-04,14:00,3350.0,0.0,4100.0,750.0,－－－－－－－－－－,10.0,160.0,0.0,20.0,0.0,60.0,-1750.0,3350.0,yonden
2018,10,2018-10-04,15:00,3340.0,0.0,4050.0,750.0,－－－－－－－－－－,20.0,120.0,0.0,30.0,0.0,60.0,-1690.0,3340.0,yonden
2018,10,2018-10-04,16:00,3380.0,0.0,4040.0,750.0,－－－－－－－－－－,20.0,70.0,0.0,30.0,0.0,60.0,-1590.0,3380.0,yonden
2018,10,2018-10-04,17:00,3350.0,0.0,4080.0,760.0,－－－－－－－－－－,20.0,10.0,0.0,40.0,0.0,60.0,-1620.0,3350.0,yonden
2018,10,2018-10-04,18:00,3330.0,0.0,4100.0,750.0,－－－－－－－－－－,20.0,0.0,0.0,50.0,0.0,60.0,-1650.0,3330.0,yonden
2018,10,2018-10-04,19:00,3140.0,0.0,4040.0,740.0,－－－－－－－－－－,20.0,0.0,0.0,50.0,0.0,60.0,-1770.0,3140.0,yonden
2018,10,2018-10-04,20:00,2990.0,0.0,3880.0,740.0,－－－－－－－－－－,20.0,0.0,0.0,50.0,0.0,60.0,-1760.0,2990.0,yonden
2018,10,2018-10-04,21:00,2820.0,0.0,3670.0,730.0,－－－－－－－－－－,10.0,0.0,0.0,60.0,0.0,50.0,-1700.0,2820.0,yonden
2018,10,2018-10-04,22:00,2650.0,0.0,3620.0,730.0,－－－－－－－－－－,10.0,0.0,0.0,70.0,0.0,50.0,-1830.0,2650.0,yonden
2018,10,2018-10-04,23:00,2560.0,0.0,3570.0,740.0,－－－－－－－－－－,20.0,0.0,0.0,70.0,0.0,50.0,-1890.0,2560.0,yonden
2018,10,2018-10-05,00:00,2440.0,0.0,3560.0,720.0,－－－－－－－－－－,20.0,0.0,0.0,80.0,0.0,60.0,-2000.0,2440.0,yonden
2018,10,2018-10-05,01:00,2390.0,0.0,3580.0,700.0,－－－－－－－－－－,10.0,0.0,0.0,90.0,0.0,50.0,-2040.0,2390.0,yonden
2018,10,2018-10-05,02:00,2530.0,0.0,3600.0,720.0,－－－－－－－－－－,20.0,0.0,0.0,80.0,0.0,60.0,-1950.0,2530.0,yonden
2018,10,2018-10-05,03:00,2750.0,0.0,3650.0,750.0,－－－－－－－－－－,20.0,0.0,0.0,80.0,0.0,60.0,-1810.0,2750.0,yonden
2018,10,2018-10-05,04:00,2900.0,0.0,3630.0,750.0,－－－－－－－－－－,20.0,0.0,0.0,90.0,0.0,60.0,-1650.0,2900.0,yonden
2018,10,2018-10-05,05:00,2890.0,0.0,3600.0,740.0,－－－－－－－－－－,20.0,0.0,0.0,100.0,0.0,60.0,-1630.0,2890.0,yonden
2018,10,2018-10-05,06:00,2800.0,0.0,3550.0,720.0,－－－－－－－－－－,20.0,40.0,0.0,90.0,0.0,60.0,-1680.0,2800.0,yonden
2018,10,2018-10-05,07:00,2860.0,0.0,3640.0,730.0,－－－－－－－－－－,20.0,120.0,0.0,100.0,0.0,50.0,-1800.0,2860.0,yonden
2018,10,2018-10-05,08:00,3250.0,0.0,3740.0,730.0,－－－－－－－－－－,20.0,240.0,0.0,100.0,0.0,50.0,-1630.0,3250.0,yonden
2018,10,2018-10-05,09:00,3390.0,0.0,3840.0,740.0,－－－－－－－－－－,20.0,380.0,0.0,100.0,0.0,60.0,-1750.0,3390.0,yonden
2018,10,2018-10-05,10:00,3450.0,0.0,4110.0,740.0,－－－－－－－－－－,10.0,480.0,0.0,100.0,0.0,60.0,-2050.0,3450.0,yonden
2018,10,2018-10-05,11:00,3430.0,0.0,4080.0,730.0,－－－－－－－－－－,10.0,490.0,0.0,120.0,0.0,60.0,-2060.0,3430.0,yonden
2018,10,2018-10-05,12:00,3280.0,0.0,3920.0,700.0,－－－－－－－－－－,10.0,540.0,0.0,120.0,0.0,60.0,-2070.0,3280.0,yonden
2018,10,2018-10-05,13:00,3540.0,0.0,4180.0,710.0,－－－－－－－－－－,10.0,460.0,0.0,120.0,0.0,60.0,-2000.0,3540.0,yonden
2018,10,2018-10-05,14:00,3610.0,0.0,4240.0,680.0,－－－－－－－－－－,10.0,380.0,0.0,130.0,0.0,210.0,-2040.0,3610.0,yonden
2018,10,2018-10-05,15:00,3580.0,0.0,4220.0,690.0,－－－－－－－－－－,10.0,260.0,0.0,120.0,0.0,270.0,-1990.0,3580.0,yonden
2018,10,2018-10-05,16:00,3670.0,0.0,4180.0,690.0,－－－－－－－－－－,10.0,160.0,0.0,130.0,0.0,270.0,-1770.0,3670.0,yonden
2018,10,2018-10-05,17:00,3540.0,0.0,4050.0,720.0,－－－－－－－－－－,10.0,30.0,0.0,140.0,0.0,270.0,-1680.0,3540.0,yonden
2018,10,2018-10-05,18:00,3500.0,0.0,3930.0,710.0,－－－－－－－－－－,20.0,0.0,0.0,130.0,0.0,250.0,-1540.0,3500.0,yonden
2018,10,2018-10-05,19:00,3310.0,0.0,3940.0,710.0,－－－－－－－－－－,20.0,0.0,0.0,130.0,0.0,130.0,-1620.0,3310.0,yonden
2018,10,2018-10-05,20:00,3140.0,0.0,3750.0,690.0,－－－－－－－－－－,20.0,0.0,0.0,120.0,0.0,60.0,-1500.0,3140.0,yonden
2018,10,2018-10-05,21:00,2960.0,0.0,3720.0,690.0,－－－－－－－－－－,10.0,0.0,0.0,130.0,0.0,50.0,-1640.0,2960.0,yonden
2018,10,2018-10-05,22:00,2780.0,0.0,3290.0,690.0,－－－－－－－－－－,10.0,0.0,0.0,120.0,0.0,50.0,-1380.0,2780.0,yonden
2018,10,2018-10-05,23:00,2670.0,0.0,2960.0,700.0,－－－－－－－－－－,10.0,0.0,0.0,120.0,0.0,50.0,-1170.0,2670.0,yonden
2018,10,2018-10-06,00:00,2520.0,0.0,2660.0,700.0,－－－－－－－－－－,20.0,0.0,0.0,110.0,0.0,60.0,-1030.0,2520.0,yonden
2018,10,2018-10-06,01:00,2480.0,0.0,2660.0,700.0,－－－－－－－－－－,20.0,0.0,0.0,100.0,0.0,50.0,-1050.0,2480.0,yonden
2018,10,2018-10-06,02:00,2580.0,0.0,2670.0,690.0,－－－－－－－－－－,10.0,0.0,0.0,110.0,0.0,60.0,-960.0,2580.0,yonden
2018,10,2018-10-06,03:00,2740.0,0.0,2650.0,690.0,－－－－－－－－－－,10.0,0.0,0.0,110.0,0.0,60.0,-780.0,2740.0,yonden
2018,10,2018-10-06,04:00,2850.0,0.0,2630.0,690.0,－－－－－－－－－－,10.0,0.0,0.0,100.0,0.0,50.0,-630.0,2850.0,yonden
2018,10,2018-10-06,05:00,2800.0,0.0,2600.0,690.0,－－－－－－－－－－,10.0,0.0,0.0,90.0,0.0,60.0,-650.0,2800.0,yonden
2018,10,2018-10-06,06:00,2710.0,0.0,2610.0,690.0,－－－－－－－－－－,10.0,90.0,0.0,80.0,0.0,40.0,-810.0,2710.0,yonden
2018,10,2018-10-06,07:00,2720.0,0.0,2520.0,690.0,－－－－－－－－－－,10.0,320.0,0.0,80.0,0.0,60.0,-960.0,2720.0,yonden
2018,10,2018-10-06,08:00,2990.0,0.0,2610.0,680.0,－－－－－－－－－－,10.0,550.0,0.0,80.0,0.0,50.0,-990.0,2990.0,yonden
2018,10,2018-10-06,09:00,3210.0,0.0,2640.0,680.0,－－－－－－－－－－,10.0,760.0,0.0,90.0,0.0,50.0,-1020.0,3210.0,yonden
2018,10,2018-10-06,10:00,3300.0,0.0,2680.0,680.0,－－－－－－－－－－,10.0,920.0,0.0,80.0,0.0,60.0,-1130.0,3300.0,yonden
2018,10,2018-10-06,11:00,3350.0,0.0,2840.0,660.0,－－－－－－－－－－,10.0,900.0,0.0,80.0,0.0,60.0,-1200.0,3350.0,yonden
2018,10,2018-10-06,12:00,3290.0,0.0,2860.0,650.0,－－－－－－－－－－,10.0,950.0,0.0,80.0,0.0,50.0,-1310.0,3290.0,yonden
2018,10,2018-10-06,13:00,3450.0,0.0,2970.0,650.0,－－－－－－－－－－,10.0,1060.0,0.0,70.0,0.0,60.0,-1370.0,3450.0,yonden
2018,10,2018-10-06,14:00,3520.0,0.0,3060.0,680.0,－－－－－－－－－－,10.0,910.0,0.0,70.0,0.0,60.0,-1270.0,3520.0,yonden
2018,10,2018-10-06,15:00,3540.0,0.0,3150.0,680.0,－－－－－－－－－－,10.0,660.0,0.0,80.0,0.0,60.0,-1100.0,3540.0,yonden
2018,10,2018-10-06,16:00,3590.0,0.0,3170.0,720.0,－－－－－－－－－－,10.0,360.0,0.0,90.0,0.0,60.0,-820.0,3590.0,yonden
2018,10,2018-10-06,17:00,3430.0,0.0,3120.0,730.0,－－－－－－－－－－,10.0,60.0,0.0,90.0,0.0,60.0,-640.0,3430.0,yonden
2018,10,2018-10-06,18:00,3460.0,0.0,3210.0,720.0,－－－－－－－－－－,20.0,0.0,0.0,90.0,0.0,60.0,-640.0,3460.0,yonden
2018,10,2018-10-06,19:00,3310.0,0.0,3200.0,720.0,－－－－－－－－－－,10.0,0.0,0.0,80.0,0.0,60.0,-760.0,3310.0,yonden
2018,10,2018-10-06,20:00,3160.0,0.0,3100.0,720.0,－－－－－－－－－－,10.0,0.0,0.0,50.0,0.0,60.0,-780.0,3160.0,yonden
2018,10,2018-10-06,21:00,2960.0,0.0,2880.0,720.0,－－－－－－－－－－,10.0,0.0,0.0,30.0,0.0,50.0,-730.0,2960.0,yonden
2018,10,2018-10-06,22:00,2740.0,0.0,2850.0,710.0,－－－－－－－－－－,10.0,0.0,0.0,20.0,0.0,50.0,-900.0,2740.0,yonden
2018,10,2018-10-06,23:00,2610.0,0.0,2770.0,710.0,－－－－－－－－－－,10.0,0.0,0.0,20.0,0.0,60.0,-960.0,2610.0,yonden
2018,10,2018-10-07,00:00,2400.0,0.0,2600.0,710.0,－－－－－－－－－－,10.0,0.0,0.0,20.0,0.0,60.0,-1000.0,2400.0,yonden
2018,10,2018-10-07,01:00,2320.0,0.0,2510.0,720.0,－－－－－－－－－－,10.0,0.0,0.0,20.0,0.0,60.0,-1000.0,2320.0,yonden
2018,10,2018-10-07,02:00,2400.0,0.0,2560.0,720.0,－－－－－－－－－－,10.0,0.0,0.0,20.0,0.0,60.0,-970.0,2400.0,yonden
2018,10,2018-10-07,03:00,2570.0,0.0,2590.0,720.0,－－－－－－－－－－,20.0,0.0,0.0,30.0,0.0,60.0,-850.0,2570.0,yonden
2018,10,2018-10-07,04:00,2690.0,0.0,2620.0,720.0,－－－－－－－－－－,20.0,0.0,0.0,30.0,0.0,60.0,-760.0,2690.0,yonden
2018,10,2018-10-07,05:00,2620.0,0.0,2570.0,730.0,－－－－－－－－－－,20.0,0.0,0.0,30.0,0.0,60.0,-790.0,2620.0,yonden
2018,10,2018-10-07,06:00,2450.0,0.0,2550.0,720.0,－－－－－－－－－－,20.0,60.0,0.0,30.0,0.0,60.0,-990.0,2450.0,yonden
2018,10,2018-10-07,07:00,2370.0,0.0,2700.0,710.0,－－－－－－－－－－,20.0,200.0,0.0,20.0,0.0,60.0,-1340.0,2370.0,yonden
2018,10,2018-10-07,08:00,2390.0,0.0,2630.0,720.0,－－－－－－－－－－,10.0,420.0,0.0,10.0,0.0,60.0,-1460.0,2390.0,yonden
2018,10,2018-10-07,09:00,2540.0,0.0,2700.0,730.0,－－－－－－－－－－,20.0,680.0,0.0,10.0,0.0,60.0,-1660.0,2540.0,yonden
2018,10,2018-10-07,10:00,2610.0,0.0,2570.0,700.0,－－－－－－－－－－,10.0,850.0,0.0,10.0,0.0,10.0,-1540.0,2610.0,yonden
2018,10,2018-10-07,11:00,2590.0,0.0,2840.0,740.0,－－－－－－－－－－,20.0,770.0,0.0,10.0,0.0,-250.0,-1540.0,2590.0,yonden
2018,10,2018-10-07,12:00,2690.0,0.0,2840.0,730.0,－－－－－－－－－－,10.0,860.0,0.0,20.0,0.0,-250.0,-1520.0,2690.0,yonden
2018,10,2018-10-07,13:00,2740.0,0.0,2660.0,710.0,－－－－－－－－－－,10.0,970.0,0.0,20.0,0.0,50.0,-1680.0,2740.0,yonden
2018,10,2018-10-07,14:00,2800.0,0.0,2520.0,720.0,－－－－－－－－－－,10.0,870.0,0.0,30.0,0.0,50.0,-1400.0,2800.0,yonden
2018,10,2018-10-07,15:00,2850.0,0.0,2620.0,740.0,－－－－－－－－－－,20.0,590.0,0.0,20.0,0.0,60.0,-1200.0,2850.0,yonden
2018,10,2018-10-07,16:00,2900.0,0.0,2750.0,750.0,－－－－－－－－－－,20.0,290.0,0.0,20.0,0.0,60.0,-990.0,2900.0,yonden
2018,10,2018-10-07,17:00,2950.0,0.0,2850.0,750.0,－－－－－－－－－－,20.0,40.0,0.0,20.0,0.0,130.0,-860.0,2950.0,yonden
2018,10,2018-10-07,18:00,3050.0,0.0,2880.0,750.0,－－－－－－－－－－,20.0,0.0,0.0,20.0,0.0,240.0,-860.0,3050.0,yonden
2018,10,2018-10-07,19:00,2940.0,0.0,2890.0,740.0,－－－－－－－－－－,10.0,0.0,0.0,20.0,0.0,190.0,-910.0,2940.0,yonden
2018,10,2018-10-07,20:00,2810.0,0.0,2890.0,740.0,－－－－－－－－－－,10.0,0.0,0.0,20.0,0.0,130.0,-980.0,2810.0,yonden
2018,10,2018-10-07,21:00,2660.0,0.0,2830.0,740.0,－－－－－－－－－－,10.0,0.0,0.0,10.0,0.0,60.0,-990.0,2660.0,yonden
2018,10,2018-10-07,22:00,2480.0,0.0,2750.0,730.0,－－－－－－－－－－,10.0,0.0,0.0,10.0,0.0,50.0,-1070.0,2480.0,yonden
2018,10,2018-10-07,23:00,2390.0,0.0,2700.0,730.0,－－－－－－－－－－,10.0,0.0,0.0,20.0,0.0,50.0,-1120.0,2390.0,yonden
2018,10,2018-10-08,00:00,2260.0,0.0,2610.0,730.0,－－－－－－－－－－,10.0,0.0,0.0,20.0,0.0,50.0,-1160.0,2260.0,yonden
2018,10,2018-10-08,01:00,2200.0,0.0,2580.0,730.0,－－－－－－－－－－,20.0,0.0,0.0,30.0,0.0,50.0,-1210.0,2200.0,yonden
2018,10,2018-10-08,02:00,2300.0,0.0,2620.0,730.0,－－－－－－－－－－,10.0,0.0,0.0,30.0,0.0,50.0,-1140.0,2300.0,yonden
2018,10,2018-10-08,03:00,2480.0,0.0,2600.0,740.0,－－－－－－－－－－,10.0,0.0,0.0,30.0,0.0,60.0,-960.0,2480.0,yonden
2018,10,2018-10-08,04:00,2640.0,0.0,2650.0,750.0,－－－－－－－－－－,20.0,0.0,0.0,30.0,0.0,60.0,-870.0,2640.0,yonden
2018,10,2018-10-08,05:00,2630.0,0.0,2670.0,740.0,－－－－－－－－－－,10.0,0.0,0.0,30.0,0.0,60.0,-880.0,2630.0,yonden
2018,10,2018-10-08,06:00,2480.0,0.0,2630.0,730.0,－－－－－－－－－－,20.0,60.0,0.0,30.0,0.0,50.0,-1040.0,2480.0,yonden
2018,10,2018-10-08,07:00,2470.0,0.0,2660.0,730.0,－－－－－－－－－－,10.0,230.0,0.0,20.0,0.0,50.0,-1230.0,2470.0,yonden
2018,10,2018-10-08,08:00,2630.0,0.0,2680.0,740.0,－－－－－－－－－－,10.0,480.0,0.0,30.0,0.0,50.0,-1360.0,2630.0,yonden
2018,10,2018-10-08,09:00,2790.0,0.0,2660.0,740.0,－－－－－－－－－－,10.0,740.0,0.0,30.0,0.0,-90.0,-1300.0,2790.0,yonden
2018,10,2018-10-08,10:00,2820.0,0.0,2520.0,740.0,－－－－－－－－－－,10.0,1090.0,0.0,20.0,0.0,-240.0,-1320.0,2820.0,yonden
2018,10,2018-10-08,11:00,2820.0,0.0,2570.0,740.0,－－－－－－－－－－,10.0,1210.0,0.0,20.0,0.0,-250.0,-1480.0,2820.0,yonden
2018,10,2018-10-08,12:00,2890.0,0.0,2600.0,740.0,－－－－－－－－－－,10.0,1300.0,0.0,20.0,0.0,-240.0,-1540.0,2890.0,yonden
2018,10,2018-10-08,13:00,2990.0,0.0,2520.0,740.0,－－－－－－－－－－,10.0,1210.0,0.0,20.0,0.0,-90.0,-1420.0,2990.0,yonden
2018,10,2018-10-08,14:00,3050.0,0.0,2490.0,720.0,－－－－－－－－－－,10.0,1040.0,0.0,20.0,0.0,50.0,-1280.0,3050.0,yonden
2018,10,2018-10-08,15:00,3100.0,0.0,2650.0,740.0,－－－－－－－－－－,10.0,720.0,0.0,20.0,0.0,60.0,-1100.0,3100.0,yonden
2018,10,2018-10-08,16:00,3130.0,0.0,2920.0,740.0,－－－－－－－－－－,10.0,350.0,0.0,20.0,0.0,60.0,-970.0,3130.0,yonden
2018,10,2018-10-08,17:00,3090.0,0.0,2880.0,740.0,－－－－－－－－－－,20.0,50.0,0.0,20.0,0.0,60.0,-680.0,3090.0,yonden
2018,10,2018-10-08,18:00,3140.0,0.0,2910.0,760.0,－－－－－－－－－－,10.0,0.0,0.0,20.0,0.0,50.0,-610.0,3140.0,yonden
2018,10,2018-10-08,19:00,3000.0,0.0,2870.0,750.0,－－－－－－－－－－,10.0,0.0,0.0,10.0,0.0,60.0,-700.0,3000.0,yonden
2018,10,2018-10-08,20:00,2850.0,0.0,2800.0,740.0,－－－－－－－－－－,20.0,0.0,0.0,10.0,0.0,60.0,-780.0,2850.0,yonden
2018,10,2018-10-08,21:00,2680.0,0.0,2640.0,730.0,－－－－－－－－－－,10.0,0.0,0.0,10.0,0.0,60.0,-770.0,2680.0,yonden
2018,10,2018-10-08,22:00,2470.0,0.0,2530.0,720.0,－－－－－－－－－－,10.0,0.0,0.0,10.0,0.0,50.0,-850.0,2470.0,yonden
2018,10,2018-10-08,23:00,2380.0,0.0,2490.0,720.0,－－－－－－－－－－,10.0,0.0,0.0,10.0,0.0,50.0,-900.0,2380.0,yonden
2018,10,2018-10-09,00:00,2300.0,0.0,2580.0,720.0,－－－－－－－－－－,20.0,0.0,0.0,10.0,0.0,50.0,-1080.0,2300.0,yonden
2018,10,2018-10-09,01:00,2270.0,0.0,2640.0,710.0,－－－－－－－－－－,20.0,0.0,0.0,20.0,0.0,50.0,-1170.0,2270.0,yonden
2018,10,2018-10-09,02:00,2400.0,0.0,2650.0,720.0,－－－－－－－－－－,20.0,0.0,0.0,20.0,0.0,50.0,-1060.0,2400.0,yonden
2018,10,2018-10-09,03:00,2610.0,0.0,2650.0,730.0,－－－－－－－－－－,20.0,0.0,0.0,20.0,0.0,60.0,-870.0,2610.0,yonden
2018,10,2018-10-09,04:00,2760.0,0.0,2620.0,750.0,－－－－－－－－－－,20.0,0.0,0.0,20.0,0.0,60.0,-710.0,2760.0,yonden
2018,10,2018-10-09,05:00,2780.0,0.0,2620.0,750.0,－－－－－－－－－－,20.0,0.0,0.0,30.0,0.0,60.0,-700.0,2780.0,yonden
2018,10,2018-10-09,06:00,2720.0,0.0,2620.0,750.0,－－－－－－－－－－,20.0,80.0,0.0,20.0,0.0,60.0,-830.0,2720.0,yonden
2018,10,2018-10-09,07:00,2720.0,0.0,2520.0,730.0,－－－－－－－－－－,20.0,350.0,0.0,20.0,0.0,50.0,-970.0,2720.0,yonden
2018,10,2018-10-09,08:00,3040.0,0.0,2580.0,740.0,－－－－－－－－－－,20.0,670.0,0.0,20.0,0.0,60.0,-1050.0,3040.0,yonden
2018,10,2018-10-09,09:00,3270.0,0.0,2690.0,720.0,－－－－－－－－－－,10.0,960.0,0.0,10.0,0.0,60.0,-1180.0,3270.0,yonden
2018,10,2018-10-09,10:00,3360.0,0.0,2770.0,720.0,－－－－－－－－－－,20.0,1130.0,0.0,10.0,0.0,50.0,-1340.0,3360.0,yonden
2018,10,2018-10-09,11:00,3400.0,0.0,2930.0,730.0,－－－－－－－－－－,20.0,1170.0,0.0,10.0,0.0,50.0,-1510.0,3400.0,yonden
2018,10,2018-10-09,12:00,3320.0,0.0,2870.0,680.0,－－－－－－－－－－,20.0,1210.0,0.0,0.0,0.0,40.0,-1500.0,3320.0,yonden
2018,10,2018-10-09,13:00,3570.0,0.0,3090.0,720.0,－－－－－－－－－－,20.0,1090.0,0.0,0.0,0.0,150.0,-1500.0,3570.0,yonden
2018,10,2018-10-09,14:00,3640.0,0.0,3280.0,740.0,－－－－－－－－－－,10.0,960.0,0.0,0.0,0.0,50.0,-1400.0,3640.0,yonden
2018,10,2018-10-09,15:00,3660.0,0.0,3270.0,740.0,－－－－－－－－－－,20.0,700.0,0.0,0.0,0.0,50.0,-1120.0,3660.0,yonden
2018,10,2018-10-09,16:00,3680.0,0.0,3250.0,730.0,－－－－－－－－－－,10.0,340.0,0.0,0.0,0.0,210.0,-860.0,3680.0,yonden
2018,10,2018-10-09,17:00,3520.0,0.0,3210.0,750.0,－－－－－－－－－－,20.0,30.0,0.0,0.0,0.0,370.0,-860.0,3520.0,yonden
2018,10,2018-10-09,18:00,3490.0,0.0,3210.0,720.0,－－－－－－－－－－,10.0,0.0,0.0,0.0,0.0,420.0,-870.0,3490.0,yonden
2018,10,2018-10-09,19:00,3280.0,0.0,3210.0,750.0,－－－－－－－－－－,20.0,0.0,0.0,10.0,0.0,200.0,-910.0,3280.0,yonden
2018,10,2018-10-09,20:00,3070.0,0.0,3200.0,740.0,－－－－－－－－－－,20.0,0.0,0.0,10.0,0.0,120.0,-1020.0,3070.0,yonden
2018,10,2018-10-09,21:00,2890.0,0.0,2950.0,760.0,－－－－－－－－－－,10.0,0.0,0.0,10.0,0.0,50.0,-890.0,2890.0,yonden
2018,10,2018-10-09,22:00,2690.0,0.0,2890.0,740.0,－－－－－－－－－－,10.0,0.0,0.0,10.0,0.0,40.0,-1000.0,2690.0,yonden
2018,10,2018-10-09,23:00,2590.0,0.0,2850.0,740.0,－－－－－－－－－－,20.0,0.0,0.0,30.0,0.0,40.0,-1090.0,2590.0,yonden
2018,10,2018-10-10,00:00,2430.0,0.0,2730.0,740.0,－－－－－－－－－－,20.0,0.0,0.0,20.0,0.0,40.0,-1120.0,2430.0,yonden
2018,10,2018-10-10,01:00,2350.0,0.0,2660.0,750.0,－－－－－－－－－－,10.0,0.0,0.0,20.0,0.0,50.0,-1140.0,2350.0,yonden
2018,10,2018-10-10,02:00,2470.0,0.0,2700.0,750.0,－－－－－－－－－－,20.0,0.0,0.0,20.0,0.0,50.0,-1070.0,2470.0,yonden
2018,10,2018-10-10,03:00,2670.0,0.0,2680.0,740.0,－－－－－－－－－－,20.0,0.0,0.0,10.0,0.0,50.0,-830.0,2670.0,yonden
2018,10,2018-10-10,04:00,2830.0,0.0,2700.0,750.0,－－－－－－－－－－,20.0,0.0,0.0,10.0,0.0,50.0,-700.0,2830.0,yonden
2018,10,2018-10-10,05:00,2830.0,0.0,2720.0,730.0,－－－－－－－－－－,20.0,0.0,0.0,10.0,0.0,40.0,-690.0,2830.0,yonden
2018,10,2018-10-10,06:00,2760.0,0.0,2720.0,730.0,－－－－－－－－－－,20.0,40.0,0.0,10.0,0.0,40.0,-800.0,2760.0,yonden
2018,10,2018-10-10,07:00,2840.0,0.0,2840.0,720.0,－－－－－－－－－－,20.0,130.0,0.0,0.0,0.0,50.0,-920.0,2840.0,yonden
2018,10,2018-10-10,08:00,3230.0,0.0,3000.0,760.0,－－－－－－－－－－,20.0,180.0,0.0,10.0,0.0,50.0,-790.0,3230.0,yonden
2018,10,2018-10-10,09:00,3390.0,0.0,3030.0,750.0,－－－－－－－－－－,20.0,280.0,0.0,0.0,0.0,50.0,-740.0,3390.0,yonden
2018,10,2018-10-10,10:00,3410.0,0.0,3180.0,740.0,－－－－－－－－－－,10.0,370.0,0.0,0.0,0.0,40.0,-930.0,3410.0,yonden
2018,10,2018-10-10,11:00,3300.0,0.0,2940.0,720.0,－－－－－－－－－－,10.0,540.0,0.0,10.0,0.0,40.0,-960.0,3300.0,yonden
2018,10,2018-10-10,12:00,3210.0,0.0,2900.0,720.0,－－－－－－－－－－,10.0,610.0,0.0,20.0,0.0,40.0,-1090.0,3210.0,yonden
2018,10,2018-10-10,13:00,3510.0,0.0,3060.0,740.0,－－－－－－－－－－,10.0,490.0,0.0,50.0,0.0,40.0,-880.0,3510.0,yonden
2018,10,2018-10-10,14:00,3610.0,0.0,3250.0,750.0,－－－－－－－－－－,10.0,270.0,0.0,60.0,0.0,50.0,-780.0,3610.0,yonden
2018,10,2018-10-10,15:00,3580.0,0.0,3290.0,750.0,－－－－－－－－－－,20.0,190.0,0.0,50.0,0.0,50.0,-770.0,3580.0,yonden
2018,10,2018-10-10,16:00,3610.0,0.0,3310.0,740.0,－－－－－－－－－－,20.0,110.0,0.0,40.0,0.0,140.0,-750.0,3610.0,yonden
2018,10,2018-10-10,17:00,3500.0,0.0,3230.0,750.0,－－－－－－－－－－,20.0,20.0,0.0,30.0,0.0,190.0,-740.0,3500.0,yonden
2018,10,2018-10-10,18:00,3410.0,0.0,3240.0,750.0,－－－－－－－－－－,10.0,0.0,0.0,30.0,0.0,190.0,-810.0,3410.0,yonden
2018,10,2018-10-10,19:00,3210.0,0.0,3160.0,740.0,－－－－－－－－－－,20.0,0.0,0.0,20.0,0.0,60.0,-790.0,3210.0,yonden
2018,10,2018-10-10,20:00,3040.0,0.0,3000.0,730.0,－－－－－－－－－－,20.0,0.0,0.0,20.0,0.0,40.0,-770.0,3040.0,yonden
2018,10,2018-10-10,21:00,2860.0,0.0,2940.0,730.0,－－－－－－－－－－,10.0,0.0,0.0,30.0,0.0,40.0,-890.0,2860.0,yonden
2018,10,2018-10-10,22:00,2670.0,0.0,2830.0,730.0,－－－－－－－－－－,10.0,0.0,0.0,40.0,0.0,40.0,-980.0,2670.0,yonden
2018,10,2018-10-10,23:00,2550.0,0.0,2720.0,740.0,－－－－－－－－－－,20.0,0.0,0.0,40.0,0.0,50.0,-1020.0,2550.0,yonden
2018,10,2018-10-11,00:00,2410.0,0.0,2820.0,710.0,－－－－－－－－－－,20.0,0.0,0.0,40.0,0.0,-140.0,-1040.0,2410.0,yonden
2018,10,2018-10-11,01:00,2350.0,0.0,2770.0,710.0,－－－－－－－－－－,20.0,0.0,0.0,40.0,0.0,-260.0,-930.0,2350.0,yonden
2018,10,2018-10-11,02:00,2450.0,0.0,2740.0,710.0,－－－－－－－－－－,20.0,0.0,0.0,50.0,0.0,-250.0,-820.0,2450.0,yonden
2018,10,2018-10-11,03:00,2670.0,0.0,2750.0,700.0,－－－－－－－－－－,20.0,0.0,0.0,70.0,0.0,-130.0,-740.0,2670.0,yonden
2018,10,2018-10-11,04:00,2830.0,0.0,2690.0,710.0,－－－－－－－－－－,20.0,0.0,0.0,80.0,0.0,40.0,-710.0,2830.0,yonden
2018,10,2018-10-11,05:00,2850.0,0.0,2670.0,720.0,－－－－－－－－－－,20.0,0.0,0.0,90.0,0.0,40.0,-690.0,2850.0,yonden
2018,10,2018-10-11,06:00,2780.0,0.0,2680.0,710.0,－－－－－－－－－－,20.0,40.0,0.0,90.0,0.0,50.0,-810.0,2780.0,yonden
2018,10,2018-10-11,07:00,2870.0,0.0,2820.0,720.0,－－－－－－－－－－,20.0,70.0,0.0,90.0,0.0,50.0,-900.0,2870.0,yonden
2018,10,2018-10-11,08:00,3210.0,0.0,3010.0,710.0,－－－－－－－－－－,20.0,80.0,0.0,90.0,0.0,40.0,-740.0,3210.0,yonden
2018,10,2018-10-11,09:00,3410.0,0.0,3270.0,730.0,－－－－－－－－－－,10.0,120.0,0.0,90.0,0.0,50.0,-860.0,3410.0,yonden
2018,10,2018-10-11,10:00,3460.0,0.0,3380.0,700.0,－－－－－－－－－－,20.0,140.0,0.0,90.0,0.0,250.0,-1120.0,3460.0,yonden
2018,10,2018-10-11,11:00,3460.0,0.0,3390.0,710.0,－－－－－－－－－－,20.0,160.0,0.0,100.0,0.0,310.0,-1230.0,3460.0,yonden
2018,10,2018-10-11,12:00,3240.0,0.0,3410.0,690.0,－－－－－－－－－－,20.0,160.0,0.0,100.0,0.0,300.0,-1440.0,3240.0,yonden
2018,10,2018-10-11,13:00,3400.0,0.0,3400.0,710.0,－－－－－－－－－－,20.0,160.0,0.0,110.0,0.0,250.0,-1250.0,3400.0,yonden
2018,10,2018-10-11,14:00,3430.0,0.0,3430.0,700.0,－－－－－－－－－－,10.0,130.0,0.0,120.0,0.0,240.0,-1200.0,3430.0,yonden
2018,10,2018-10-11,15:00,3360.0,0.0,3400.0,700.0,－－－－－－－－－－,20.0,100.0,0.0,120.0,0.0,200.0,-1180.0,3360.0,yonden
2018,10,2018-10-11,16:00,3350.0,0.0,3320.0,700.0,－－－－－－－－－－,20.0,50.0,0.0,130.0,0.0,190.0,-1060.0,3350.0,yonden
2018,10,2018-10-11,17:00,3290.0,0.0,3240.0,700.0,－－－－－－－－－－,10.0,10.0,0.0,140.0,0.0,180.0,-990.0,3290.0,yonden
2018,10,2018-10-11,18:00,3240.0,0.0,3300.0,710.0,－－－－－－－－－－,10.0,0.0,0.0,150.0,0.0,80.0,-1010.0,3240.0,yonden
2018,10,2018-10-11,19:00,3060.0,0.0,2990.0,710.0,－－－－－－－－－－,10.0,0.0,0.0,150.0,0.0,50.0,-850.0,3060.0,yonden
2018,10,2018-10-11,20:00,2910.0,0.0,2970.0,700.0,－－－－－－－－－－,20.0,0.0,0.0,150.0,0.0,-160.0,-770.0,2910.0,yonden
2018,10,2018-10-11,21:00,2740.0,0.0,2950.0,710.0,－－－－－－－－－－,10.0,0.0,0.0,150.0,0.0,-250.0,-830.0,2740.0,yonden
2018,10,2018-10-11,22:00,2560.0,0.0,2920.0,720.0,－－－－－－－－－－,10.0,0.0,0.0,150.0,0.0,-250.0,-990.0,2560.0,yonden
2018,10,2018-10-11,23:00,2480.0,0.0,2690.0,700.0,－－－－－－－－－－,10.0,0.0,0.0,150.0,0.0,20.0,-1090.0,2480.0,yonden
2018,10,2018-10-12,00:00,2350.0,0.0,2650.0,670.0,－－－－－－－－－－,20.0,0.0,0.0,140.0,0.0,40.0,-1170.0,2350.0,yonden
2018,10,2018-10-12,01:00,2330.0,0.0,2660.0,680.0,－－－－－－－－－－,20.0,0.0,0.0,140.0,0.0,40.0,-1210.0,2330.0,yonden
2018,10,2018-10-12,02:00,2490.0,0.0,2710.0,690.0,－－－－－－－－－－,20.0,0.0,0.0,140.0,0.0,50.0,-1120.0,2490.0,yonden
2018,10,2018-10-12,03:00,2750.0,0.0,2860.0,690.0,－－－－－－－－－－,20.0,0.0,0.0,140.0,0.0,50.0,-1010.0,2750.0,yonden
2018,10,2018-10-12,04:00,2920.0,0.0,2900.0,690.0,－－－－－－－－－－,20.0,0.0,0.0,120.0,0.0,50.0,-860.0,2920.0,yonden
2018,10,2018-10-12,05:00,2900.0,0.0,2900.0,670.0,－－－－－－－－－－,20.0,0.0,0.0,120.0,0.0,50.0,-860.0,2900.0,yonden
2018,10,2018-10-12,06:00,2790.0,0.0,2760.0,640.0,－－－－－－－－－－,20.0,70.0,0.0,120.0,0.0,40.0,-860.0,2790.0,yonden
2018,10,2018-10-12,07:00,2710.0,0.0,2540.0,630.0,－－－－－－－－－－,20.0,320.0,0.0,110.0,0.0,30.0,-940.0,2710.0,yonden
2018,10,2018-10-12,08:00,2910.0,0.0,2340.0,650.0,－－－－－－－－－－,20.0,680.0,0.0,100.0,0.0,30.0,-910.0,2910.0,yonden
2018,10,2018-10-12,09:00,3070.0,0.0,2530.0,660.0,－－－－－－－－－－,20.0,1060.0,0.0,110.0,0.0,-220.0,-1090.0,3070.0,yonden
2018,10,2018-10-12,10:00,3100.0,0.0,2540.0,670.0,－－－－－－－－－－,20.0,1260.0,0.0,90.0,0.0,-260.0,-1220.0,3100.0,yonden
2018,10,2018-10-12,11:00,3140.0,0.0,2640.0,680.0,－－－－－－－－－－,20.0,1300.0,0.0,80.0,0.0,-260.0,-1320.0,3140.0,yonden
2018,10,2018-10-12,12:00,2960.0,0.0,2570.0,660.0,－－－－－－－－－－,20.0,1270.0,0.0,70.0,0.0,-260.0,-1370.0,2960.0,yonden
2018,10,2018-10-12,13:00,3140.0,0.0,2590.0,660.0,－－－－－－－－－－,20.0,1070.0,0.0,70.0,0.0,0.0,-1270.0,3140.0,yonden
2018,10,2018-10-12,14:00,3130.0,0.0,2570.0,690.0,－－－－－－－－－－,10.0,860.0,0.0,60.0,0.0,40.0,-1100.0,3130.0,yonden
2018,10,2018-10-12,15:00,3110.0,0.0,2780.0,700.0,－－－－－－－－－－,10.0,520.0,0.0,50.0,0.0,30.0,-980.0,3110.0,yonden
2018,10,2018-10-12,16:00,3130.0,0.0,2890.0,700.0,－－－－－－－－－－,10.0,190.0,0.0,40.0,0.0,120.0,-820.0,3130.0,yonden
2018,10,2018-10-12,17:00,3160.0,0.0,2880.0,710.0,－－－－－－－－－－,10.0,20.0,0.0,50.0,0.0,200.0,-710.0,3160.0,yonden
2018,10,2018-10-12,18:00,3180.0,0.0,2870.0,710.0,－－－－－－－－－－,20.0,0.0,0.0,50.0,0.0,210.0,-680.0,3180.0,yonden
2018,10,2018-10-12,19:00,3020.0,0.0,2840.0,710.0,－－－－－－－－－－,20.0,0.0,0.0,40.0,0.0,180.0,-770.0,3020.0,yonden
2018,10,2018-10-12,20:00,2860.0,0.0,2910.0,660.0,－－－－－－－－－－,10.0,0.0,0.0,30.0,0.0,180.0,-930.0,2860.0,yonden
2018,10,2018-10-12,21:00,2710.0,0.0,2890.0,660.0,－－－－－－－－－－,10.0,0.0,0.0,20.0,0.0,230.0,-1100.0,2710.0,yonden
2018,10,2018-10-12,22:00,2550.0,0.0,2890.0,640.0,－－－－－－－－－－,10.0,0.0,0.0,20.0,0.0,180.0,-1190.0,2550.0,yonden
2018,10,2018-10-12,23:00,2450.0,0.0,2840.0,650.0,－－－－－－－－－－,20.0,0.0,0.0,30.0,0.0,50.0,-1140.0,2450.0,yonden
2018,10,2018-10-13,00:00,2330.0,0.0,2740.0,580.0,－－－－－－－－－－,20.0,0.0,0.0,40.0,0.0,20.0,-1070.0,2330.0,yonden
2018,10,2018-10-13,01:00,2320.0,0.0,2770.0,590.0,－－－－－－－－－－,20.0,0.0,0.0,40.0,0.0,20.0,-1120.0,2320.0,yonden
2018,10,2018-10-13,02:00,2460.0,0.0,2780.0,610.0,－－－－－－－－－－,20.0,0.0,0.0,40.0,0.0,20.0,-1010.0,2460.0,yonden
2018,10,2018-10-13,03:00,2720.0,0.0,2890.0,640.0,－－－－－－－－－－,20.0,0.0,0.0,30.0,0.0,40.0,-900.0,2720.0,yonden
2018,10,2018-10-13,04:00,2860.0,0.0,2950.0,640.0,－－－－－－－－－－,20.0,0.0,0.0,30.0,0.0,40.0,-820.0,2860.0,yonden
2018,10,2018-10-13,05:00,2790.0,0.0,2920.0,640.0,－－－－－－－－－－,20.0,0.0,0.0,30.0,0.0,40.0,-860.0,2790.0,yonden
2018,10,2018-10-13,06:00,2600.0,0.0,2660.0,630.0,－－－－－－－－－－,20.0,100.0,0.0,30.0,0.0,30.0,-870.0,2600.0,yonden
2018,10,2018-10-13,07:00,2420.0,0.0,2280.0,580.0,－－－－－－－－－－,20.0,410.0,0.0,30.0,0.0,20.0,-920.0,2420.0,yonden
2018,10,2018-10-13,08:00,2520.0,0.0,2160.0,570.0,－－－－－－－－－－,10.0,760.0,0.0,30.0,0.0,30.0,-1040.0,2520.0,yonden
2018,10,2018-10-13,09:00,2640.0,0.0,2190.0,590.0,－－－－－－－－－－,10.0,1090.0,0.0,20.0,0.0,30.0,-1290.0,2640.0,yonden
2018,10,2018-10-13,10:00,2700.0,0.0,2250.0,590.0,－－－－－－－－－－,10.0,1260.0,0.0,20.0,0.0,-230.0,-1200.0,2700.0,yonden
2018,10,2018-10-13,11:00,2690.0,0.0,2360.0,590.0,－－－－－－－－－－,10.0,1360.0,0.0,20.0,0.0,-280.0,-1370.0,2690.0,yonden
2018,10,2018-10-13,12:00,2690.0,0.0,2400.0,610.0,－－－－－－－－－－,10.0,1410.0,0.0,20.0,0.0,-280.0,-1480.0,2690.0,yonden
2018,10,2018-10-13,13:00,2790.0,0.0,2320.0,600.0,－－－－－－－－－－,10.0,1310.0,0.0,30.0,0.0,-110.0,-1370.0,2790.0,yonden
2018,10,2018-10-13,14:00,2810.0,0.0,2470.0,610.0,－－－－－－－－－－,10.0,1080.0,0.0,30.0,0.0,20.0,-1410.0,2810.0,yonden
2018,10,2018-10-13,15:00,2860.0,0.0,2720.0,620.0,－－－－－－－－－－,10.0,760.0,0.0,30.0,0.0,40.0,-1320.0,2860.0,yonden
2018,10,2018-10-13,16:00,2940.0,0.0,2710.0,650.0,－－－－－－－－－－,10.0,390.0,0.0,20.0,0.0,190.0,-1030.0,2940.0,yonden
2018,10,2018-10-13,17:00,2920.0,0.0,2680.0,690.0,－－－－－－－－－－,10.0,40.0,0.0,30.0,0.0,220.0,-750.0,2920.0,yonden
2018,10,2018-10-13,18:00,2980.0,0.0,2700.0,700.0,－－－－－－－－－－,20.0,0.0,0.0,20.0,0.0,250.0,-710.0,2980.0,yonden
2018,10,2018-10-13,19:00,2870.0,0.0,2760.0,690.0,－－－－－－－－－－,20.0,0.0,0.0,20.0,0.0,160.0,-780.0,2870.0,yonden
2018,10,2018-10-13,20:00,2720.0,0.0,2770.0,660.0,－－－－－－－－－－,20.0,0.0,0.0,20.0,0.0,30.0,-780.0,2720.0,yonden
2018,10,2018-10-13,21:00,2570.0,0.0,2670.0,620.0,－－－－－－－－－－,20.0,0.0,0.0,10.0,0.0,20.0,-770.0,2570.0,yonden
2018,10,2018-10-13,22:00,2400.0,0.0,2630.0,620.0,－－－－－－－－－－,10.0,0.0,0.0,10.0,0.0,20.0,-890.0,2400.0,yonden
2018,10,2018-10-13,23:00,2310.0,0.0,2600.0,590.0,－－－－－－－－－－,20.0,0.0,0.0,10.0,0.0,20.0,-930.0,2310.0,yonden
2018,10,2018-10-14,00:00,2210.0,0.0,2680.0,580.0,－－－－－－－－－－,20.0,0.0,0.0,10.0,0.0,20.0,-1100.0,2210.0,yonden
2018,10,2018-10-14,01:00,2190.0,0.0,2660.0,570.0,－－－－－－－－－－,20.0,0.0,0.0,10.0,0.0,20.0,-1090.0,2190.0,yonden
2018,10,2018-10-14,02:00,2340.0,0.0,2710.0,580.0,－－－－－－－－－－,20.0,0.0,0.0,10.0,0.0,20.0,-1000.0,2340.0,yonden
2018,10,2018-10-14,03:00,2580.0,0.0,2740.0,630.0,－－－－－－－－－－,20.0,0.0,0.0,10.0,0.0,20.0,-840.0,2580.0,yonden
2018,10,2018-10-14,04:00,2710.0,0.0,2740.0,640.0,－－－－－－－－－－,20.0,0.0,0.0,10.0,0.0,20.0,-720.0,2710.0,yonden
2018,10,2018-10-14,05:00,2620.0,0.0,2770.0,600.0,－－－－－－－－－－,20.0,0.0,0.0,20.0,0.0,20.0,-810.0,2620.0,yonden
2018,10,2018-10-14,06:00,2370.0,0.0,2630.0,580.0,－－－－－－－－－－,20.0,90.0,0.0,20.0,0.0,20.0,-990.0,2370.0,yonden
2018,10,2018-10-14,07:00,2200.0,0.0,2260.0,550.0,－－－－－－－－－－,20.0,390.0,0.0,20.0,0.0,20.0,-1060.0,2200.0,yonden
2018,10,2018-10-14,08:00,2170.0,0.0,2170.0,550.0,－－－－－－－－－－,20.0,770.0,0.0,20.0,0.0,-210.0,-1150.0,2170.0,yonden
2018,10,2018-10-14,09:00,2210.0,0.0,2270.0,620.0,－－－－－－－－－－,20.0,1100.0,0.0,20.0,0.0,-570.0,-1250.0,2210.0,yonden
2018,10,2018-10-14,10:00,2290.0,0.0,2310.0,610.0,－－－－－－－－－－,20.0,1250.0,0.0,10.0,0.0,-570.0,-1340.0,2290.0,yonden
2018,10,2018-10-14,11:00,2280.0,0.0,2290.0,600.0,－－－－－－－－－－,20.0,1250.0,0.0,10.0,0.0,-580.0,-1310.0,2280.0,yonden
2018,10,2018-10-14,12:00,2370.0,0.0,2250.0,580.0,－－－－－－－－－－,20.0,1350.0,0.0,0.0,0.0,-580.0,-1250.0,2370.0,yonden
2018,10,2018-10-14,13:00,2430.0,0.0,2270.0,570.0,－－－－－－－－－－,20.0,1220.0,0.0,0.0,0.0,-470.0,-1180.0,2430.0,yonden
2018,10,2018-10-14,14:00,2400.0,0.0,2320.0,590.0,－－－－－－－－－－,20.0,930.0,0.0,10.0,0.0,-150.0,-1320.0,2400.0,yonden
2018,10,2018-10-14,15:00,2460.0,0.0,2430.0,580.0,－－－－－－－－－－,20.0,650.0,0.0,10.0,0.0,20.0,-1250.0,2460.0,yonden
2018,10,2018-10-14,16:00,2550.0,0.0,2670.0,630.0,－－－－－－－－－－,20.0,240.0,0.0,10.0,0.0,60.0,-1080.0,2550.0,yonden
2018,10,2018-10-14,17:00,2670.0,0.0,2730.0,680.0,－－－－－－－－－－,20.0,20.0,0.0,10.0,0.0,230.0,-1020.0,2670.0,yonden
2018,10,2018-10-14,18:00,2760.0,0.0,2800.0,680.0,－－－－－－－－－－,20.0,0.0,0.0,0.0,0.0,230.0,-970.0,2760.0,yonden
2018,10,2018-10-14,19:00,2690.0,0.0,2880.0,630.0,－－－－－－－－－－,10.0,0.0,0.0,0.0,0.0,170.0,-1000.0,2690.0,yonden
2018,10,2018-10-14,20:00,2590.0,0.0,2880.0,640.0,－－－－－－－－－－,20.0,0.0,0.0,0.0,0.0,60.0,-1010.0,2590.0,yonden
2018,10,2018-10-14,21:00,2450.0,0.0,2790.0,620.0,－－－－－－－－－－,10.0,0.0,0.0,0.0,0.0,20.0,-990.0,2450.0,yonden
2018,10,2018-10-14,22:00,2300.0,0.0,2690.0,580.0,－－－－－－－－－－,10.0,0.0,0.0,0.0,0.0,20.0,-1000.0,2300.0,yonden
2018,10,2018-10-14,23:00,2220.0,0.0,2680.0,560.0,－－－－－－－－－－,10.0,0.0,0.0,0.0,0.0,20.0,-1050.0,2220.0,yonden
2018,10,2018-10-15,00:00,2130.0,0.0,2620.0,540.0,－－－－－－－－－－,20.0,0.0,0.0,0.0,0.0,0.0,-1050.0,2130.0,yonden
2018,10,2018-10-15,01:00,2130.0,0.0,2640.0,540.0,－－－－－－－－－－,20.0,0.0,0.0,0.0,0.0,0.0,-1070.0,2130.0,yonden
2018,10,2018-10-15,02:00,2300.0,0.0,2670.0,560.0,－－－－－－－－－－,20.0,0.0,0.0,0.0,0.0,30.0,-980.0,2300.0,yonden
2018,10,2018-10-15,03:00,2560.0,0.0,2720.0,600.0,－－－－－－－－－－,20.0,0.0,0.0,0.0,0.0,30.0,-810.0,2560.0,yonden
2018,10,2018-10-15,04:00,2710.0,0.0,2780.0,640.0,－－－－－－－－－－,20.0,0.0,0.0,0.0,0.0,40.0,-770.0,2710.0,yonden
2018,10,2018-10-15,05:00,2670.0,0.0,2750.0,620.0,－－－－－－－－－－,20.0,0.0,0.0,0.0,0.0,30.0,-750.0,2670.0,yonden
2018,10,2018-10-15,06:00,2570.0,0.0,2700.0,530.0,－－－－－－－－－－,20.0,40.0,0.0,0.0,0.0,20.0,-740.0,2570.0,yonden
2018,10,2018-10-15,07:00,2580.0,0.0,2560.0,490.0,－－－－－－－－－－,20.0,160.0,0.0,0.0,0.0,20.0,-670.0,2580.0,yonden
2018,10,2018-10-15,08:00,2830.0,0.0,2410.0,460.0,－－－－－－－－－－,20.0,410.0,0.0,0.0,0.0,20.0,-490.0,2830.0,yonden
2018,10,2018-10-15,09:00,3010.0,0.0,2300.0,480.0,－－－－－－－－－－,20.0,780.0,0.0,0.0,0.0,0.0,-570.0,3010.0,yonden
2018,10,2018-10-15,10:00,3000.0,0.0,2230.0,480.0,－－－－－－－－－－,20.0,1060.0,0.0,0.0,0.0,-150.0,-640.0,3000.0,yonden
2018,10,2018-10-15,11:00,2980.0,0.0,2280.0,500.0,－－－－－－－－－－,10.0,1120.0,0.0,0.0,0.0,-260.0,-670.0,2980.0,yonden
2018,10,2018-10-15,12:00,2810.0,0.0,2310.0,480.0,－－－－－－－－－－,20.0,1120.0,0.0,0.0,0.0,-280.0,-840.0,2810.0,yonden
2018,10,2018-10-15,13:00,3070.0,0.0,2450.0,480.0,－－－－－－－－－－,10.0,1050.0,0.0,0.0,0.0,-110.0,-810.0,3070.0,yonden
2018,10,2018-10-15,14:00,3140.0,0.0,2630.0,520.0,－－－－－－－－－－,10.0,840.0,0.0,10.0,0.0,0.0,-870.0,3140.0,yonden
2018,10,2018-10-15,15:00,3180.0,0.0,2720.0,540.0,－－－－－－－－－－,20.0,630.0,0.0,0.0,0.0,10.0,-740.0,3180.0,yonden
2018,10,2018-10-15,16:00,3240.0,0.0,2970.0,590.0,－－－－－－－－－－,20.0,300.0,0.0,10.0,0.0,70.0,-720.0,3240.0,yonden
2018,10,2018-10-15,17:00,3160.0,0.0,3050.0,600.0,－－－－－－－－－－,20.0,20.0,0.0,10.0,0.0,230.0,-770.0,3160.0,yonden
2018,10,2018-10-15,18:00,3180.0,0.0,3010.0,610.0,－－－－－－－－－－,20.0,0.0,0.0,10.0,0.0,260.0,-730.0,3180.0,yonden
2018,10,2018-10-15,19:00,3020.0,0.0,3110.0,600.0,－－－－－－－－－－,20.0,0.0,0.0,10.0,0.0,120.0,-840.0,3020.0,yonden
2018,10,2018-10-15,20:00,2860.0,0.0,3080.0,560.0,－－－－－－－－－－,20.0,0.0,0.0,10.0,0.0,120.0,-930.0,2860.0,yonden
2018,10,2018-10-15,21:00,2700.0,0.0,3080.0,600.0,－－－－－－－－－－,20.0,0.0,0.0,0.0,0.0,20.0,-1020.0,2700.0,yonden
2018,10,2018-10-15,22:00,2520.0,0.0,2820.0,550.0,－－－－－－－－－－,20.0,0.0,0.0,10.0,0.0,10.0,-890.0,2520.0,yonden
2018,10,2018-10-15,23:00,2430.0,0.0,2690.0,550.0,－－－－－－－－－－,20.0,0.0,0.0,0.0,0.0,20.0,-850.0,2430.0,yonden
2018,10,2018-10-16,00:00,2330.0,0.0,2650.0,520.0,－－－－－－－－－－,20.0,0.0,0.0,0.0,0.0,-230.0,-630.0,2330.0,yonden
2018,10,2018-10-16,01:00,2320.0,0.0,2680.0,500.0,－－－－－－－－－－,20.0,0.0,0.0,10.0,0.0,-270.0,-620.0,2320.0,yonden
2018,10,2018-10-16,02:00,2480.0,0.0,2730.0,500.0,－－－－－－－－－－,20.0,0.0,0.0,10.0,0.0,-170.0,-610.0,2480.0,yonden
2018,10,2018-10-16,03:00,2740.0,0.0,2920.0,520.0,－－－－－－－－－－,20.0,0.0,0.0,10.0,0.0,30.0,-760.0,2740.0,yonden
2018,10,2018-10-16,04:00,2880.0,0.0,2950.0,540.0,－－－－－－－－－－,20.0,0.0,0.0,10.0,0.0,30.0,-670.0,2880.0,yonden
2018,10,2018-10-16,05:00,2830.0,0.0,2920.0,520.0,－－－－－－－－－－,20.0,0.0,0.0,0.0,0.0,30.0,-660.0,2830.0,yonden
2018,10,2018-10-16,06:00,2700.0,0.0,2830.0,530.0,－－－－－－－－－－,20.0,40.0,0.0,0.0,0.0,0.0,-720.0,2700.0,yonden
2018,10,2018-10-16,07:00,2700.0,0.0,2860.0,520.0,－－－－－－－－－－,20.0,150.0,0.0,0.0,0.0,0.0,-850.0,2700.0,yonden
2018,10,2018-10-16,08:00,3010.0,0.0,2980.0,480.0,－－－－－－－－－－,20.0,300.0,0.0,10.0,0.0,30.0,-810.0,3010.0,yonden
2018,10,2018-10-16,09:00,3180.0,0.0,3000.0,500.0,－－－－－－－－－－,20.0,630.0,0.0,10.0,0.0,20.0,-1000.0,3180.0,yonden
2018,10,2018-10-16,10:00,3170.0,0.0,2820.0,480.0,－－－－－－－－－－,20.0,740.0,0.0,10.0,0.0,20.0,-920.0,3170.0,yonden
2018,10,2018-10-16,11:00,3150.0,0.0,2790.0,470.0,－－－－－－－－－－,20.0,640.0,0.0,10.0,0.0,-30.0,-750.0,3150.0,yonden
2018,10,2018-10-16,12:00,2920.0,0.0,2800.0,440.0,－－－－－－－－－－,20.0,570.0,0.0,10.0,0.0,-270.0,-650.0,2920.0,yonden
2018,10,2018-10-16,13:00,3150.0,0.0,2920.0,460.0,－－－－－－－－－－,10.0,440.0,0.0,10.0,0.0,-20.0,-670.0,3150.0,yonden
2018,10,2018-10-16,14:00,3200.0,0.0,3110.0,470.0,－－－－－－－－－－,10.0,350.0,0.0,10.0,0.0,70.0,-820.0,3200.0,yonden
2018,10,2018-10-16,15:00,3230.0,0.0,3110.0,490.0,－－－－－－－－－－,10.0,340.0,0.0,10.0,0.0,190.0,-920.0,3230.0,yonden
2018,10,2018-10-16,16:00,3310.0,0.0,3150.0,560.0,－－－－－－－－－－,10.0,190.0,0.0,10.0,0.0,350.0,-960.0,3310.0,yonden
2018,10,2018-10-16,17:00,3280.0,0.0,3240.0,620.0,－－－－－－－－－－,20.0,10.0,0.0,0.0,0.0,370.0,-980.0,3280.0,yonden
2018,10,2018-10-16,18:00,3280.0,0.0,3270.0,650.0,－－－－－－－－－－,20.0,0.0,0.0,0.0,0.0,350.0,-1010.0,3280.0,yonden
2018,10,2018-10-16,19:00,3120.0,0.0,3150.0,600.0,－－－－－－－－－－,20.0,0.0,0.0,10.0,0.0,280.0,-940.0,3120.0,yonden
2018,10,2018-10-16,20:00,2960.0,0.0,3140.0,580.0,－－－－－－－－－－,10.0,0.0,0.0,10.0,0.0,210.0,-990.0,2960.0,yonden
2018,10,2018-10-16,21:00,2790.0,0.0,3250.0,580.0,－－－－－－－－－－,10.0,0.0,0.0,10.0,0.0,30.0,-1090.0,2790.0,yonden
2018,10,2018-10-16,22:00,2610.0,0.0,3180.0,560.0,－－－－－－－－－－,10.0,0.0,0.0,10.0,0.0,10.0,-1160.0,2610.0,yonden
2018,10,2018-10-16,23:00,2510.0,0.0,2930.0,550.0,－－－－－－－－－－,20.0,0.0,0.0,20.0,0.0,20.0,-1030.0,2510.0,yonden
2018,10,2018-10-17,00:00,2400.0,0.0,2820.0,530.0,－－－－－－－－－－,20.0,0.0,0.0,20.0,0.0,-260.0,-730.0,2400.0,yonden
2018,10,2018-10-17,01:00,2380.0,0.0,2830.0,530.0,－－－－－－－－－－,20.0,0.0,0.0,10.0,0.0,-280.0,-730.0,2380.0,yonden
2018,10,2018-10-17,02:00,2530.0,0.0,2830.0,570.0,－－－－－－－－－－,20.0,0.0,0.0,10.0,0.0,-160.0,-740.0,2530.0,yonden
2018,10,2018-10-17,03:00,2760.0,0.0,2980.0,580.0,－－－－－－－－－－,20.0,0.0,0.0,10.0,0.0,30.0,-860.0,2760.0,yonden
2018,10,2018-10-17,04:00,2890.0,0.0,2980.0,560.0,－－－－－－－－－－,20.0,0.0,0.0,20.0,0.0,30.0,-720.0,2890.0,yonden
2018,10,2018-10-17,05:00,2840.0,0.0,2940.0,560.0,－－－－－－－－－－,20.0,0.0,0.0,20.0,0.0,20.0,-720.0,2840.0,yonden
2018,10,2018-10-17,06:00,2720.0,0.0,2950.0,540.0,－－－－－－－－－－,20.0,60.0,0.0,20.0,0.0,10.0,-880.0,2720.0,yonden
2018,10,2018-10-17,07:00,2750.0,0.0,2950.0,520.0,－－－－－－－－－－,20.0,290.0,0.0,20.0,0.0,10.0,-1060.0,2750.0,yonden
2018,10,2018-10-17,08:00,2960.0,0.0,2940.0,490.0,－－－－－－－－－－,20.0,610.0,0.0,20.0,0.0,20.0,-1140.0,2960.0,yonden
2018,10,2018-10-17,09:00,3110.0,0.0,2910.0,510.0,－－－－－－－－－－,20.0,890.0,0.0,10.0,0.0,30.0,-1260.0,3110.0,yonden
2018,10,2018-10-17,10:00,3190.0,0.0,3230.0,470.0,－－－－－－－－－－,10.0,940.0,0.0,10.0,0.0,30.0,-1500.0,3190.0,yonden
2018,10,2018-10-17,11:00,3210.0,0.0,3410.0,430.0,－－－－－－－－－－,10.0,970.0,0.0,10.0,0.0,0.0,-1620.0,3210.0,yonden
2018,10,2018-10-17,12:00,3010.0,0.0,3090.0,420.0,－－－－－－－－－－,20.0,1090.0,0.0,10.0,0.0,0.0,-1620.0,3010.0,yonden
2018,10,2018-10-17,13:00,3200.0,0.0,3670.0,470.0,－－－－－－－－－－,20.0,1120.0,0.0,10.0,0.0,20.0,-2110.0,3200.0,yonden
2018,10,2018-10-17,14:00,3240.0,0.0,3720.0,520.0,－－－－－－－－－－,20.0,990.0,0.0,20.0,0.0,30.0,-2060.0,3240.0,yonden
2018,10,2018-10-17,15:00,3280.0,0.0,3740.0,560.0,－－－－－－－－－－,10.0,670.0,0.0,20.0,0.0,180.0,-1900.0,3280.0,yonden
2018,10,2018-10-17,16:00,3300.0,0.0,3610.0,570.0,－－－－－－－－－－,10.0,290.0,0.0,10.0,0.0,210.0,-1400.0,3300.0,yonden
2018,10,2018-10-17,17:00,3250.0,0.0,3370.0,610.0,－－－－－－－－－－,20.0,20.0,0.0,10.0,0.0,170.0,-950.0,3250.0,yonden
2018,10,2018-10-17,18:00,3260.0,0.0,3370.0,640.0,－－－－－－－－－－,20.0,0.0,0.0,20.0,0.0,430.0,-1220.0,3260.0,yonden
2018,10,2018-10-17,19:00,3100.0,0.0,3390.0,590.0,－－－－－－－－－－,20.0,0.0,0.0,20.0,0.0,400.0,-1320.0,3100.0,yonden
2018,10,2018-10-17,20:00,2960.0,0.0,3380.0,570.0,－－－－－－－－－－,20.0,0.0,0.0,30.0,0.0,220.0,-1260.0,2960.0,yonden
2018,10,2018-10-17,21:00,2780.0,0.0,3310.0,560.0,－－－－－－－－－－,20.0,0.0,0.0,20.0,0.0,140.0,-1270.0,2780.0,yonden
2018,10,2018-10-17,22:00,2600.0,0.0,3390.0,540.0,－－－－－－－－－－,20.0,0.0,0.0,20.0,0.0,180.0,-1550.0,2600.0,yonden
2018,10,2018-10-17,23:00,2490.0,0.0,3350.0,510.0,－－－－－－－－－－,20.0,0.0,0.0,30.0,0.0,100.0,-1520.0,2490.0,yonden
2018,10,2018-10-18,00:00,2350.0,0.0,3170.0,520.0,－－－－－－－－－－,10.0,0.0,0.0,40.0,0.0,-260.0,-1130.0,2350.0,yonden
2018,10,2018-10-18,01:00,2340.0,0.0,3250.0,470.0,－－－－－－－－－－,20.0,0.0,0.0,30.0,0.0,-290.0,-1140.0,2340.0,yonden
2018,10,2018-10-18,02:00,2490.0,0.0,3240.0,540.0,－－－－－－－－－－,20.0,0.0,0.0,20.0,0.0,-280.0,-1050.0,2490.0,yonden
2018,10,2018-10-18,03:00,2760.0,0.0,3330.0,510.0,－－－－－－－－－－,20.0,0.0,0.0,20.0,0.0,70.0,-1190.0,2760.0,yonden
2018,10,2018-10-18,04:00,2910.0,0.0,2990.0,480.0,－－－－－－－－－－,20.0,0.0,0.0,30.0,0.0,10.0,-620.0,2910.0,yonden
2018,10,2018-10-18,05:00,2890.0,0.0,3250.0,490.0,－－－－－－－－－－,20.0,0.0,0.0,40.0,0.0,10.0,-920.0,2890.0,yonden
2018,10,2018-10-18,06:00,2770.0,0.0,3380.0,480.0,－－－－－－－－－－,10.0,80.0,0.0,20.0,0.0,10.0,-1210.0,2770.0,yonden
2018,10,2018-10-18,07:00,2720.0,0.0,3290.0,470.0,－－－－－－－－－－,10.0,380.0,0.0,20.0,0.0,20.0,-1470.0,2720.0,yonden
2018,10,2018-10-18,08:00,2930.0,0.0,3150.0,420.0,－－－－－－－－－－,10.0,740.0,0.0,10.0,0.0,20.0,-1420.0,2930.0,yonden
2018,10,2018-10-18,09:00,3140.0,0.0,3300.0,470.0,－－－－－－－－－－,10.0,1050.0,0.0,10.0,0.0,-180.0,-1520.0,3140.0,yonden
2018,10,2018-10-18,10:00,3160.0,0.0,3140.0,440.0,－－－－－－－－－－,10.0,1260.0,0.0,10.0,0.0,-330.0,-1370.0,3160.0,yonden
2018,10,2018-10-18,11:00,3160.0,0.0,3480.0,430.0,－－－－－－－－－－,10.0,1330.0,0.0,0.0,0.0,-560.0,-1530.0,3160.0,yonden
2018,10,2018-10-18,12:00,3030.0,0.0,3430.0,420.0,－－－－－－－－－－,10.0,1300.0,0.0,10.0,0.0,-590.0,-1550.0,3030.0,yonden
2018,10,2018-10-18,13:00,3280.0,0.0,3440.0,440.0,－－－－－－－－－－,10.0,1170.0,0.0,10.0,0.0,-430.0,-1360.0,3280.0,yonden
2018,10,2018-10-18,14:00,3380.0,0.0,3420.0,470.0,－－－－－－－－－－,10.0,960.0,0.0,10.0,0.0,10.0,-1500.0,3380.0,yonden
2018,10,2018-10-18,15:00,3370.0,0.0,3430.0,490.0,－－－－－－－－－－,10.0,640.0,0.0,10.0,0.0,260.0,-1470.0,3370.0,yonden
2018,10,2018-10-18,16:00,3380.0,0.0,3330.0,490.0,－－－－－－－－－－,10.0,280.0,0.0,10.0,0.0,390.0,-1130.0,3380.0,yonden
2018,10,2018-10-18,17:00,3310.0,0.0,3330.0,560.0,－－－－－－－－－－,10.0,20.0,0.0,10.0,0.0,450.0,-1070.0,3310.0,yonden
2018,10,2018-10-18,18:00,3310.0,0.0,3290.0,620.0,－－－－－－－－－－,10.0,0.0,0.0,10.0,0.0,390.0,-1010.0,3310.0,yonden
2018,10,2018-10-18,19:00,3140.0,0.0,3370.0,630.0,－－－－－－－－－－,20.0,0.0,0.0,10.0,0.0,420.0,-1310.0,3140.0,yonden
2018,10,2018-10-18,20:00,3000.0,0.0,3950.0,580.0,－－－－－－－－－－,20.0,0.0,0.0,10.0,0.0,350.0,-1910.0,3000.0,yonden
2018,10,2018-10-18,21:00,2820.0,0.0,4250.0,540.0,－－－－－－－－－－,10.0,0.0,0.0,10.0,0.0,90.0,-2080.0,2820.0,yonden
2018,10,2018-10-18,22:00,2590.0,0.0,4000.0,490.0,－－－－－－－－－－,20.0,0.0,0.0,10.0,0.0,30.0,-1960.0,2590.0,yonden
2018,10,2018-10-18,23:00,2480.0,0.0,3860.0,410.0,－－－－－－－－－－,20.0,0.0,0.0,10.0,0.0,0.0,-1820.0,2480.0,yonden
2018,10,2018-10-19,00:00,2350.0,0.0,3770.0,390.0,－－－－－－－－－－,20.0,0.0,0.0,20.0,0.0,-280.0,-1570.0,2350.0,yonden
2018,10,2018-10-19,01:00,2340.0,0.0,3800.0,390.0,－－－－－－－－－－,20.0,0.0,0.0,20.0,0.0,-300.0,-1590.0,2340.0,yonden
2018,10,2018-10-19,02:00,2510.0,0.0,3900.0,440.0,－－－－－－－－－－,20.0,0.0,0.0,30.0,0.0,-290.0,-1590.0,2510.0,yonden
2018,10,2018-10-19,03:00,2780.0,0.0,3920.0,520.0,－－－－－－－－－－,20.0,0.0,0.0,60.0,0.0,10.0,-1750.0,2780.0,yonden
2018,10,2018-10-19,04:00,2910.0,0.0,3880.0,540.0,－－－－－－－－－－,20.0,0.0,0.0,70.0,0.0,30.0,-1630.0,2910.0,yonden
2018,10,2018-10-19,05:00,2870.0,0.0,3820.0,530.0,－－－－－－－－－－,20.0,0.0,0.0,80.0,0.0,20.0,-1600.0,2870.0,yonden
2018,10,2018-10-19,06:00,2740.0,0.0,3660.0,510.0,－－－－－－－－－－,20.0,50.0,0.0,80.0,0.0,20.0,-1600.0,2740.0,yonden
2018,10,2018-10-19,07:00,2670.0,0.0,3580.0,470.0,－－－－－－－－－－,20.0,320.0,0.0,60.0,0.0,0.0,-1780.0,2670.0,yonden
2018,10,2018-10-19,08:00,2880.0,0.0,3520.0,450.0,－－－－－－－－－－,20.0,730.0,0.0,40.0,0.0,0.0,-1880.0,2880.0,yonden
2018,10,2018-10-19,09:00,3070.0,0.0,3600.0,470.0,－－－－－－－－－－,20.0,1110.0,0.0,20.0,0.0,-50.0,-2100.0,3070.0,yonden
2018,10,2018-10-19,10:00,3080.0,0.0,3570.0,450.0,－－－－－－－－－－,20.0,1330.0,0.0,30.0,0.0,-290.0,-2030.0,3080.0,yonden
2018,10,2018-10-19,11:00,3110.0,0.0,3650.0,420.0,－－－－－－－－－－,20.0,1370.0,0.0,40.0,0.0,-320.0,-2070.0,3110.0,yonden
2018,10,2018-10-19,12:00,3000.0,0.0,3750.0,360.0,－－－－－－－－－－,20.0,1350.0,0.0,50.0,0.0,-540.0,-1990.0,3000.0,yonden
2018,10,2018-10-19,13:00,3220.0,0.0,3860.0,360.0,－－－－－－－－－－,20.0,1170.0,0.0,70.0,0.0,-200.0,-2060.0,3220.0,yonden
2018,10,2018-10-19,14:00,3290.0,0.0,4090.0,410.0,－－－－－－－－－－,10.0,850.0,0.0,90.0,0.0,0.0,-2160.0,3290.0,yonden
2018,10,2018-10-19,15:00,3310.0,0.0,4260.0,490.0,－－－－－－－－－－,20.0,530.0,0.0,90.0,0.0,60.0,-2140.0,3310.0,yonden
2018,10,2018-10-19,16:00,3330.0,0.0,4190.0,510.0,－－－－－－－－－－,20.0,200.0,0.0,110.0,0.0,280.0,-1980.0,3330.0,yonden
2018,10,2018-10-19,17:00,3240.0,0.0,4120.0,550.0,－－－－－－－－－－,20.0,10.0,0.0,100.0,0.0,340.0,-1900.0,3240.0,yonden
2018,10,2018-10-19,18:00,3210.0,0.0,4080.0,610.0,－－－－－－－－－－,20.0,0.0,0.0,90.0,0.0,330.0,-1920.0,3210.0,yonden
2018,10,2018-10-19,19:00,3050.0,0.0,3950.0,600.0,－－－－－－－－－－,10.0,0.0,0.0,70.0,0.0,330.0,-1910.0,3050.0,yonden
2018,10,2018-10-19,20:00,2900.0,0.0,3890.0,490.0,－－－－－－－－－－,20.0,0.0,0.0,80.0,0.0,290.0,-1870.0,2900.0,yonden
2018,10,2018-10-19,21:00,2730.0,0.0,4070.0,420.0,－－－－－－－－－－,10.0,0.0,0.0,80.0,0.0,110.0,-1960.0,2730.0,yonden
2018,10,2018-10-19,22:00,2540.0,0.0,3990.0,400.0,－－－－－－－－－－,10.0,0.0,0.0,60.0,0.0,20.0,-1940.0,2540.0,yonden
2018,10,2018-10-19,23:00,2450.0,0.0,3840.0,340.0,－－－－－－－－－－,20.0,0.0,0.0,70.0,0.0,20.0,-1840.0,2450.0,yonden
2018,10,2018-10-20,00:00,2330.0,0.0,3690.0,370.0,－－－－－－－－－－,20.0,0.0,0.0,70.0,0.0,0.0,-1820.0,2330.0,yonden
2018,10,2018-10-20,01:00,2320.0,0.0,3670.0,380.0,－－－－－－－－－－,20.0,0.0,0.0,80.0,0.0,0.0,-1830.0,2320.0,yonden
2018,10,2018-10-20,02:00,2490.0,0.0,3710.0,380.0,－－－－－－－－－－,20.0,0.0,0.0,90.0,0.0,0.0,-1710.0,2490.0,yonden
2018,10,2018-10-20,03:00,2710.0,0.0,3680.0,440.0,－－－－－－－－－－,20.0,0.0,0.0,90.0,0.0,30.0,-1550.0,2710.0,yonden
2018,10,2018-10-20,04:00,2830.0,0.0,3650.0,470.0,－－－－－－－－－－,20.0,0.0,0.0,90.0,0.0,20.0,-1420.0,2830.0,yonden
2018,10,2018-10-20,05:00,2760.0,0.0,3620.0,470.0,－－－－－－－－－－,20.0,0.0,0.0,100.0,0.0,20.0,-1470.0,2760.0,yonden
2018,10,2018-10-20,06:00,2570.0,0.0,3520.0,440.0,－－－－－－－－－－,20.0,50.0,0.0,100.0,0.0,20.0,-1580.0,2570.0,yonden
2018,10,2018-10-20,07:00,2500.0,0.0,3510.0,380.0,－－－－－－－－－－,20.0,310.0,0.0,80.0,0.0,20.0,-1820.0,2500.0,yonden
2018,10,2018-10-20,08:00,2620.0,0.0,3570.0,360.0,－－－－－－－－－－,20.0,610.0,0.0,80.0,0.0,0.0,-2020.0,2620.0,yonden
2018,10,2018-10-20,09:00,2740.0,0.0,3640.0,350.0,－－－－－－－－－－,20.0,870.0,0.0,70.0,0.0,-210.0,-2000.0,2740.0,yonden
2018,10,2018-10-20,10:00,2770.0,0.0,3730.0,330.0,－－－－－－－－－－,20.0,1090.0,0.0,70.0,0.0,-310.0,-2160.0,2770.0,yonden
2018,10,2018-10-20,11:00,2770.0,0.0,3740.0,320.0,－－－－－－－－－－,20.0,1230.0,0.0,70.0,0.0,-310.0,-2300.0,2770.0,yonden
2018,10,2018-10-20,12:00,2680.0,0.0,3690.0,280.0,－－－－－－－－－－,20.0,1260.0,0.0,70.0,0.0,-310.0,-2330.0,2680.0,yonden
2018,10,2018-10-20,13:00,2770.0,0.0,3520.0,290.0,－－－－－－－－－－,20.0,1240.0,0.0,70.0,0.0,-310.0,-2060.0,2770.0,yonden
2018,10,2018-10-20,14:00,2800.0,0.0,3400.0,290.0,－－－－－－－－－－,20.0,1060.0,0.0,70.0,0.0,-30.0,-2010.0,2800.0,yonden
2018,10,2018-10-20,15:00,2840.0,0.0,3580.0,340.0,－－－－－－－－－－,20.0,720.0,0.0,70.0,0.0,0.0,-1890.0,2840.0,yonden
2018,10,2018-10-20,16:00,2910.0,0.0,3790.0,430.0,－－－－－－－－－－,20.0,320.0,0.0,60.0,0.0,0.0,-1710.0,2910.0,yonden
2018,10,2018-10-20,17:00,2880.0,0.0,3860.0,500.0,－－－－－－－－－－,10.0,20.0,0.0,50.0,0.0,170.0,-1730.0,2880.0,yonden
2018,10,2018-10-20,18:00,2920.0,0.0,3850.0,510.0,－－－－－－－－－－,10.0,0.0,0.0,40.0,0.0,240.0,-1730.0,2920.0,yonden
2018,10,2018-10-20,19:00,2820.0,0.0,3760.0,500.0,－－－－－－－－－－,10.0,0.0,0.0,50.0,0.0,250.0,-1750.0,2820.0,yonden
2018,10,2018-10-20,20:00,2700.0,0.0,3800.0,480.0,－－－－－－－－－－,20.0,0.0,0.0,70.0,0.0,20.0,-1690.0,2700.0,yonden
2018,10,2018-10-20,21:00,2570.0,0.0,3730.0,420.0,－－－－－－－－－－,20.0,0.0,0.0,70.0,0.0,0.0,-1670.0,2570.0,yonden
2018,10,2018-10-20,22:00,2400.0,0.0,3750.0,330.0,－－－－－－－－－－,10.0,0.0,0.0,70.0,0.0,0.0,-1760.0,2400.0,yonden
2018,10,2018-10-20,23:00,2310.0,0.0,3740.0,280.0,－－－－－－－－－－,20.0,0.0,0.0,70.0,0.0,0.0,-1800.0,2310.0,yonden
2018,10,2018-10-21,00:00,2230.0,0.0,3680.0,250.0,－－－－－－－－－－,20.0,0.0,0.0,70.0,0.0,0.0,-1790.0,2230.0,yonden
2018,10,2018-10-21,01:00,2220.0,0.0,3680.0,250.0,－－－－－－－－－－,20.0,0.0,0.0,80.0,0.0,0.0,-1810.0,2220.0,yonden
2018,10,2018-10-21,02:00,2390.0,0.0,3680.0,270.0,－－－－－－－－－－,20.0,0.0,0.0,90.0,0.0,20.0,-1690.0,2390.0,yonden
2018,10,2018-10-21,03:00,2650.0,0.0,3740.0,340.0,－－－－－－－－－－,20.0,0.0,0.0,80.0,0.0,20.0,-1550.0,2650.0,yonden
2018,10,2018-10-21,04:00,2770.0,0.0,3720.0,390.0,－－－－－－－－－－,20.0,0.0,0.0,80.0,0.0,20.0,-1460.0,2770.0,yonden
2018,10,2018-10-21,05:00,2690.0,0.0,3730.0,400.0,－－－－－－－－－－,20.0,0.0,0.0,70.0,0.0,20.0,-1550.0,2690.0,yonden
2018,10,2018-10-21,06:00,2470.0,0.0,3650.0,410.0,－－－－－－－－－－,20.0,70.0,0.0,70.0,0.0,20.0,-1770.0,2470.0,yonden
2018,10,2018-10-21,07:00,2270.0,0.0,3290.0,380.0,－－－－－－－－－－,20.0,380.0,0.0,70.0,0.0,20.0,-1890.0,2270.0,yonden
2018,10,2018-10-21,08:00,2230.0,0.0,3180.0,380.0,－－－－－－－－－－,20.0,760.0,0.0,70.0,0.0,-410.0,-1770.0,2230.0,yonden
2018,10,2018-10-21,09:00,2280.0,0.0,3140.0,370.0,－－－－－－－－－－,20.0,1140.0,0.0,60.0,0.0,-600.0,-1850.0,2280.0,yonden
2018,10,2018-10-21,10:00,2320.0,0.0,3110.0,330.0,－－－－－－－－－－,20.0,1380.0,0.0,50.0,0.0,-600.0,-1970.0,2320.0,yonden
2018,10,2018-10-21,11:00,2330.0,0.0,3170.0,280.0,－－－－－－－－－－,20.0,1470.0,0.0,40.0,0.0,-590.0,-2060.0,2330.0,yonden
2018,10,2018-10-21,12:00,2380.0,0.0,3120.0,270.0,－－－－－－－－－－,20.0,1470.0,0.0,20.0,0.0,-580.0,-1940.0,2380.0,yonden
2018,10,2018-10-21,13:00,2390.0,0.0,3100.0,270.0,－－－－－－－－－－,20.0,1350.0,0.0,20.0,0.0,-520.0,-1850.0,2390.0,yonden
2018,10,2018-10-21,14:00,2410.0,0.0,3070.0,300.0,－－－－－－－－－－,20.0,1110.0,0.0,10.0,0.0,-260.0,-1840.0,2410.0,yonden
2018,10,2018-10-21,15:00,2510.0,0.0,3170.0,310.0,－－－－－－－－－－,20.0,750.0,0.0,10.0,0.0,0.0,-1750.0,2510.0,yonden
2018,10,2018-10-21,16:00,2600.0,0.0,3490.0,430.0,－－－－－－－－－－,20.0,330.0,0.0,10.0,0.0,0.0,-1680.0,2600.0,yonden
2018,10,2018-10-21,17:00,2700.0,0.0,3850.0,520.0,－－－－－－－－－－,20.0,20.0,0.0,0.0,0.0,20.0,-1730.0,2700.0,yonden
2018,10,2018-10-21,18:00,2790.0,0.0,3910.0,540.0,－－－－－－－－－－,20.0,0.0,0.0,0.0,0.0,30.0,-1710.0,2790.0,yonden
2018,10,2018-10-21,19:00,2720.0,0.0,3890.0,530.0,－－－－－－－－－－,20.0,0.0,0.0,0.0,0.0,20.0,-1740.0,2720.0,yonden
2018,10,2018-10-21,20:00,2630.0,0.0,3770.0,450.0,－－－－－－－－－－,20.0,0.0,0.0,0.0,0.0,0.0,-1610.0,2630.0,yonden
2018,10,2018-10-21,21:00,2490.0,0.0,3690.0,350.0,－－－－－－－－－－,10.0,0.0,0.0,0.0,0.0,0.0,-1560.0,2490.0,yonden
2018,10,2018-10-21,22:00,2320.0,0.0,3630.0,300.0,－－－－－－－－－－,20.0,0.0,0.0,0.0,0.0,0.0,-1630.0,2320.0,yonden
2018,10,2018-10-21,23:00,2220.0,0.0,3610.0,270.0,－－－－－－－－－－,20.0,0.0,0.0,0.0,0.0,0.0,-1680.0,2220.0,yonden
2018,10,2018-10-22,00:00,2130.0,0.0,3610.0,280.0,－－－－－－－－－－,20.0,0.0,0.0,0.0,0.0,0.0,-1780.0,2130.0,yonden
2018,10,2018-10-22,01:00,2160.0,0.0,3640.0,270.0,－－－－－－－－－－,20.0,0.0,0.0,0.0,0.0,10.0,-1780.0,2160.0,yonden
2018,10,2018-10-22,02:00,2370.0,0.0,3730.0,350.0,－－－－－－－－－－,10.0,0.0,0.0,0.0,0.0,20.0,-1740.0,2370.0,yonden
2018,10,2018-10-22,03:00,2660.0,0.0,3790.0,410.0,－－－－－－－－－－,20.0,0.0,0.0,0.0,0.0,20.0,-1580.0,2660.0,yonden
2018,10,2018-10-22,04:00,2800.0,0.0,3780.0,450.0,－－－－－－－－－－,20.0,0.0,0.0,10.0,0.0,20.0,-1480.0,2800.0,yonden
2018,10,2018-10-22,05:00,2760.0,0.0,3820.0,420.0,－－－－－－－－－－,20.0,0.0,0.0,0.0,0.0,10.0,-1510.0,2760.0,yonden
2018,10,2018-10-22,06:00,2690.0,0.0,3800.0,390.0,－－－－－－－－－－,20.0,70.0,0.0,10.0,0.0,0.0,-1600.0,2690.0,yonden
2018,10,2018-10-22,07:00,2640.0,0.0,3640.0,360.0,－－－－－－－－－－,20.0,360.0,0.0,10.0,0.0,0.0,-1750.0,2640.0,yonden
2018,10,2018-10-22,08:00,2840.0,0.0,3630.0,300.0,－－－－－－－－－－,20.0,710.0,0.0,10.0,0.0,0.0,-1830.0,2840.0,yonden
2018,10,2018-10-22,09:00,3010.0,0.0,3510.0,280.0,－－－－－－－－－－,20.0,990.0,0.0,10.0,0.0,0.0,-1800.0,3010.0,yonden
2018,10,2018-10-22,10:00,3100.0,0.0,3600.0,270.0,－－－－－－－－－－,20.0,1130.0,0.0,10.0,0.0,20.0,-1950.0,3100.0,yonden
2018,10,2018-10-22,11:00,3080.0,0.0,3500.0,240.0,－－－－－－－－－－,20.0,1140.0,0.0,10.0,0.0,20.0,-1850.0,3080.0,yonden
2018,10,2018-10-22,12:00,3010.0,0.0,3400.0,220.0,－－－－－－－－－－,20.0,1110.0,0.0,10.0,0.0,0.0,-1750.0,3010.0,yonden
2018,10,2018-10-22,13:00,3160.0,0.0,3740.0,260.0,－－－－－－－－－－,20.0,860.0,0.0,10.0,0.0,0.0,-1730.0,3160.0,yonden
2018,10,2018-10-22,14:00,3070.0,0.0,3770.0,300.0,－－－－－－－－－－,20.0,680.0,0.0,0.0,0.0,10.0,-1710.0,3070.0,yonden
2018,10,2018-10-22,15:00,3190.0,0.0,4090.0,370.0,－－－－－－－－－－,20.0,480.0,0.0,10.0,0.0,20.0,-1800.0,3190.0,yonden
2018,10,2018-10-22,16:00,3180.0,0.0,4240.0,430.0,－－－－－－－－－－,20.0,170.0,0.0,0.0,0.0,20.0,-1700.0,3180.0,yonden
2018,10,2018-10-22,17:00,3230.0,0.0,4230.0,490.0,－－－－－－－－－－,20.0,10.0,0.0,10.0,0.0,130.0,-1660.0,3230.0,yonden
2018,10,2018-10-22,18:00,3240.0,0.0,4140.0,550.0,－－－－－－－－－－,20.0,0.0,0.0,10.0,0.0,180.0,-1660.0,3240.0,yonden
2018,10,2018-10-22,19:00,3040.0,0.0,4090.0,540.0,－－－－－－－－－－,20.0,0.0,0.0,20.0,0.0,160.0,-1790.0,3040.0,yonden
2018,10,2018-10-22,20:00,2900.0,0.0,4110.0,460.0,－－－－－－－－－－,20.0,0.0,0.0,30.0,0.0,140.0,-1860.0,2900.0,yonden
2018,10,2018-10-22,21:00,2720.0,0.0,4140.0,390.0,－－－－－－－－－－,10.0,0.0,0.0,30.0,0.0,0.0,-1850.0,2720.0,yonden
2018,10,2018-10-22,22:00,2540.0,0.0,3970.0,350.0,－－－－－－－－－－,10.0,0.0,0.0,30.0,0.0,0.0,-1820.0,2540.0,yonden
2018,10,2018-10-22,23:00,2440.0,0.0,3720.0,320.0,－－－－－－－－－－,20.0,0.0,0.0,20.0,0.0,0.0,-1640.0,2440.0,yonden
2018,10,2018-10-23,00:00,2310.0,0.0,3670.0,260.0,－－－－－－－－－－,20.0,0.0,0.0,30.0,0.0,0.0,-1670.0,2310.0,yonden
2018,10,2018-10-23,01:00,2330.0,0.0,3690.0,250.0,－－－－－－－－－－,20.0,0.0,0.0,20.0,0.0,20.0,-1670.0,2330.0,yonden
2018,10,2018-10-23,02:00,2510.0,0.0,3740.0,270.0,－－－－－－－－－－,20.0,0.0,0.0,30.0,0.0,20.0,-1570.0,2510.0,yonden
2018,10,2018-10-23,03:00,2750.0,0.0,3790.0,360.0,－－－－－－－－－－,20.0,0.0,0.0,30.0,0.0,20.0,-1470.0,2750.0,yonden
2018,10,2018-10-23,04:00,2880.0,0.0,3830.0,440.0,－－－－－－－－－－,20.0,0.0,0.0,30.0,0.0,20.0,-1460.0,2880.0,yonden
2018,10,2018-10-23,05:00,2840.0,0.0,3800.0,420.0,－－－－－－－－－－,20.0,0.0,0.0,30.0,0.0,20.0,-1450.0,2840.0,yonden
2018,10,2018-10-23,06:00,2750.0,0.0,3760.0,400.0,－－－－－－－－－－,20.0,30.0,0.0,30.0,0.0,0.0,-1490.0,2750.0,yonden
2018,10,2018-10-23,07:00,2810.0,0.0,3740.0,330.0,－－－－－－－－－－,20.0,190.0,0.0,50.0,0.0,0.0,-1520.0,2810.0,yonden
2018,10,2018-10-23,08:00,3060.0,0.0,3780.0,350.0,－－－－－－－－－－,20.0,340.0,0.0,50.0,0.0,0.0,-1480.0,3060.0,yonden
2018,10,2018-10-23,09:00,3210.0,0.0,4050.0,340.0,－－－－－－－－－－,20.0,300.0,0.0,30.0,0.0,0.0,-1530.0,3210.0,yonden
2018,10,2018-10-23,10:00,3220.0,0.0,4160.0,340.0,－－－－－－－－－－,20.0,250.0,0.0,20.0,0.0,10.0,-1580.0,3220.0,yonden
2018,10,2018-10-23,11:00,3200.0,0.0,4000.0,330.0,－－－－－－－－－－,20.0,250.0,0.0,30.0,0.0,30.0,-1460.0,3200.0,yonden
2018,10,2018-10-23,12:00,3010.0,0.0,3830.0,270.0,－－－－－－－－－－,20.0,260.0,0.0,20.0,0.0,0.0,-1390.0,3010.0,yonden
2018,10,2018-10-23,13:00,3250.0,0.0,4010.0,320.0,－－－－－－－－－－,20.0,200.0,0.0,40.0,0.0,10.0,-1350.0,3250.0,yonden
2018,10,2018-10-23,14:00,3290.0,0.0,4110.0,390.0,－－－－－－－－－－,20.0,140.0,0.0,30.0,0.0,10.0,-1410.0,3290.0,yonden
2018,10,2018-10-23,15:00,3300.0,0.0,4100.0,450.0,－－－－－－－－－－,20.0,100.0,0.0,20.0,0.0,30.0,-1420.0,3300.0,yonden
2018,10,2018-10-23,16:00,3360.0,0.0,4120.0,480.0,－－－－－－－－－－,20.0,50.0,0.0,20.0,0.0,40.0,-1370.0,3360.0,yonden
2018,10,2018-10-23,17:00,3340.0,0.0,4110.0,520.0,－－－－－－－－－－,20.0,0.0,0.0,20.0,0.0,40.0,-1370.0,3340.0,yonden
2018,10,2018-10-23,18:00,3280.0,0.0,4110.0,560.0,－－－－－－－－－－,20.0,0.0,0.0,20.0,0.0,40.0,-1470.0,3280.0,yonden
2018,10,2018-10-23,19:00,3090.0,0.0,4080.0,510.0,－－－－－－－－－－,20.0,0.0,0.0,10.0,0.0,10.0,-1540.0,3090.0,yonden
2018,10,2018-10-23,20:00,2910.0,0.0,3800.0,430.0,－－－－－－－－－－,20.0,0.0,0.0,10.0,0.0,0.0,-1350.0,2910.0,yonden
2018,10,2018-10-23,21:00,2760.0,0.0,3720.0,380.0,－－－－－－－－－－,10.0,0.0,0.0,10.0,0.0,0.0,-1360.0,2760.0,yonden
2018,10,2018-10-23,22:00,2570.0,0.0,3700.0,400.0,－－－－－－－－－－,10.0,0.0,0.0,0.0,0.0,0.0,-1540.0,2570.0,yonden
2018,10,2018-10-23,23:00,2460.0,0.0,3670.0,390.0,－－－－－－－－－－,20.0,0.0,0.0,10.0,0.0,10.0,-1640.0,2460.0,yonden
2018,10,2018-10-24,00:00,2340.0,0.0,3620.0,320.0,－－－－－－－－－－,20.0,0.0,0.0,20.0,0.0,0.0,-1640.0,2340.0,yonden
2018,10,2018-10-24,01:00,2340.0,0.0,3650.0,310.0,－－－－－－－－－－,20.0,0.0,0.0,30.0,0.0,0.0,-1670.0,2340.0,yonden
2018,10,2018-10-24,02:00,2530.0,0.0,3720.0,350.0,－－－－－－－－－－,20.0,0.0,0.0,50.0,0.0,20.0,-1630.0,2530.0,yonden
2018,10,2018-10-24,03:00,2760.0,0.0,3770.0,430.0,－－－－－－－－－－,20.0,0.0,0.0,60.0,0.0,30.0,-1550.0,2760.0,yonden
2018,10,2018-10-24,04:00,2880.0,0.0,3760.0,470.0,－－－－－－－－－－,20.0,0.0,0.0,90.0,0.0,40.0,-1500.0,2880.0,yonden
2018,10,2018-10-24,05:00,2840.0,0.0,3720.0,430.0,－－－－－－－－－－,20.0,0.0,0.0,90.0,0.0,10.0,-1430.0,2840.0,yonden
2018,10,2018-10-24,06:00,2740.0,0.0,3640.0,370.0,－－－－－－－－－－,20.0,50.0,0.0,90.0,0.0,0.0,-1430.0,2740.0,yonden
2018,10,2018-10-24,07:00,2780.0,0.0,3660.0,340.0,－－－－－－－－－－,20.0,260.0,0.0,70.0,0.0,0.0,-1570.0,2780.0,yonden
2018,10,2018-10-24,08:00,2990.0,0.0,3800.0,310.0,－－－－－－－－－－,20.0,570.0,0.0,50.0,0.0,0.0,-1760.0,2990.0,yonden
2018,10,2018-10-24,09:00,3130.0,0.0,3800.0,340.0,－－－－－－－－－－,20.0,890.0,0.0,40.0,0.0,0.0,-1960.0,3130.0,yonden
2018,10,2018-10-24,10:00,3140.0,0.0,3680.0,320.0,－－－－－－－－－－,10.0,1140.0,0.0,30.0,0.0,10.0,-2050.0,3140.0,yonden
2018,10,2018-10-24,11:00,3170.0,0.0,3640.0,270.0,－－－－－－－－－－,20.0,1250.0,0.0,30.0,0.0,20.0,-2060.0,3170.0,yonden
2018,10,2018-10-24,12:00,2980.0,0.0,3440.0,210.0,－－－－－－－－－－,20.0,1330.0,0.0,40.0,0.0,0.0,-2060.0,2980.0,yonden
2018,10,2018-10-24,13:00,3190.0,0.0,3640.0,200.0,－－－－－－－－－－,10.0,1270.0,0.0,40.0,0.0,0.0,-1970.0,3190.0,yonden
2018,10,2018-10-24,14:00,3230.0,0.0,3730.0,270.0,－－－－－－－－－－,20.0,1050.0,0.0,40.0,0.0,10.0,-1890.0,3230.0,yonden
2018,10,2018-10-24,15:00,3260.0,0.0,3840.0,360.0,－－－－－－－－－－,20.0,720.0,0.0,40.0,0.0,20.0,-1740.0,3260.0,yonden
2018,10,2018-10-24,16:00,3340.0,0.0,4110.0,440.0,－－－－－－－－－－,20.0,310.0,0.0,50.0,0.0,40.0,-1630.0,3340.0,yonden
2018,10,2018-10-24,17:00,3230.0,0.0,4140.0,490.0,－－－－－－－－－－,20.0,10.0,0.0,60.0,0.0,130.0,-1620.0,3230.0,yonden
2018,10,2018-10-24,18:00,3220.0,0.0,4110.0,520.0,－－－－－－－－－－,20.0,0.0,0.0,50.0,0.0,200.0,-1680.0,3220.0,yonden
2018,10,2018-10-24,19:00,3050.0,0.0,4100.0,490.0,－－－－－－－－－－,20.0,0.0,0.0,50.0,0.0,160.0,-1770.0,3050.0,yonden
2018,10,2018-10-24,20:00,2890.0,0.0,4070.0,410.0,－－－－－－－－－－,20.0,0.0,0.0,50.0,0.0,40.0,-1700.0,2890.0,yonden
2018,10,2018-10-24,21:00,2730.0,0.0,4030.0,370.0,－－－－－－－－－－,10.0,0.0,0.0,40.0,0.0,20.0,-1740.0,2730.0,yonden
2018,10,2018-10-24,22:00,2540.0,0.0,4040.0,300.0,－－－－－－－－－－,20.0,0.0,0.0,40.0,0.0,20.0,-1880.0,2540.0,yonden
2018,10,2018-10-24,23:00,2420.0,0.0,3860.0,290.0,－－－－－－－－－－,20.0,0.0,0.0,30.0,0.0,0.0,-1780.0,2420.0,yonden
2018,10,2018-10-25,00:00,2300.0,0.0,3670.0,240.0,－－－－－－－－－－,20.0,0.0,0.0,40.0,0.0,0.0,-1670.0,2300.0,yonden
2018,10,2018-10-25,01:00,2310.0,0.0,3700.0,240.0,－－－－－－－－－－,20.0,0.0,0.0,40.0,0.0,0.0,-1690.0,2310.0,yonden
2018,10,2018-10-25,02:00,2500.0,0.0,3730.0,290.0,－－－－－－－－－－,20.0,0.0,0.0,40.0,0.0,0.0,-1580.0,2500.0,yonden
2018,10,2018-10-25,03:00,2770.0,0.0,3750.0,390.0,－－－－－－－－－－,20.0,0.0,0.0,50.0,0.0,20.0,-1460.0,2770.0,yonden
2018,10,2018-10-25,04:00,2910.0,0.0,3820.0,440.0,－－－－－－－－－－,20.0,0.0,0.0,70.0,0.0,30.0,-1470.0,2910.0,yonden
2018,10,2018-10-25,05:00,2860.0,0.0,3840.0,410.0,－－－－－－－－－－,20.0,0.0,0.0,70.0,0.0,30.0,-1510.0,2860.0,yonden
2018,10,2018-10-25,06:00,2750.0,0.0,3760.0,380.0,－－－－－－－－－－,20.0,60.0,0.0,60.0,0.0,0.0,-1530.0,2750.0,yonden
2018,10,2018-10-25,07:00,2710.0,0.0,3680.0,240.0,－－－－－－－－－－,20.0,360.0,0.0,40.0,0.0,0.0,-1630.0,2710.0,yonden
2018,10,2018-10-25,08:00,2870.0,0.0,3650.0,220.0,－－－－－－－－－－,20.0,730.0,0.0,40.0,0.0,0.0,-1790.0,2870.0,yonden
2018,10,2018-10-25,09:00,3010.0,0.0,3500.0,270.0,－－－－－－－－－－,20.0,1080.0,0.0,30.0,0.0,0.0,-1890.0,3010.0,yonden
2018,10,2018-10-25,10:00,3020.0,0.0,3370.0,250.0,－－－－－－－－－－,20.0,1290.0,0.0,30.0,0.0,0.0,-1940.0,3020.0,yonden
2018,10,2018-10-25,11:00,3040.0,0.0,3390.0,240.0,－－－－－－－－－－,20.0,1390.0,0.0,30.0,0.0,-30.0,-2000.0,3040.0,yonden
2018,10,2018-10-25,12:00,2880.0,0.0,3340.0,170.0,－－－－－－－－－－,20.0,1440.0,0.0,30.0,0.0,-290.0,-1830.0,2880.0,yonden
2018,10,2018-10-25,13:00,3120.0,0.0,3640.0,190.0,－－－－－－－－－－,20.0,1340.0,0.0,30.0,0.0,-180.0,-1920.0,3120.0,yonden
2018,10,2018-10-25,14:00,3190.0,0.0,3740.0,220.0,－－－－－－－－－－,20.0,1090.0,0.0,30.0,0.0,0.0,-1910.0,3190.0,yonden
2018,10,2018-10-25,15:00,3240.0,0.0,3950.0,280.0,－－－－－－－－－－,20.0,730.0,0.0,30.0,0.0,0.0,-1770.0,3240.0,yonden
2018,10,2018-10-25,16:00,3330.0,0.0,4070.0,400.0,－－－－－－－－－－,20.0,320.0,0.0,30.0,0.0,200.0,-1710.0,3330.0,yonden
2018,10,2018-10-25,17:00,3260.0,0.0,4080.0,490.0,－－－－－－－－－－,20.0,10.0,0.0,30.0,0.0,350.0,-1720.0,3260.0,yonden
2018,10,2018-10-25,18:00,3250.0,0.0,4090.0,520.0,－－－－－－－－－－,20.0,0.0,0.0,20.0,0.0,320.0,-1720.0,3250.0,yonden
2018,10,2018-10-25,19:00,3080.0,0.0,4070.0,490.0,－－－－－－－－－－,20.0,0.0,0.0,10.0,0.0,260.0,-1770.0,3080.0,yonden
2018,10,2018-10-25,20:00,2920.0,0.0,4120.0,430.0,－－－－－－－－－－,20.0,0.0,0.0,0.0,0.0,60.0,-1710.0,2920.0,yonden
2018,10,2018-10-25,21:00,2760.0,0.0,4050.0,300.0,－－－－－－－－－－,20.0,0.0,0.0,0.0,0.0,0.0,-1610.0,2760.0,yonden
2018,10,2018-10-25,22:00,2580.0,0.0,3800.0,290.0,－－－－－－－－－－,20.0,0.0,0.0,10.0,0.0,0.0,-1540.0,2580.0,yonden
2018,10,2018-10-25,23:00,2470.0,0.0,3800.0,250.0,－－－－－－－－－－,20.0,0.0,0.0,10.0,0.0,0.0,-1610.0,2470.0,yonden
2018,10,2018-10-26,00:00,2350.0,0.0,3760.0,270.0,－－－－－－－－－－,20.0,0.0,0.0,10.0,0.0,0.0,-1710.0,2350.0,yonden
2018,10,2018-10-26,01:00,2340.0,0.0,3720.0,230.0,－－－－－－－－－－,20.0,0.0,0.0,30.0,0.0,0.0,-1660.0,2340.0,yonden
2018,10,2018-10-26,02:00,2520.0,0.0,3710.0,300.0,－－－－－－－－－－,20.0,0.0,0.0,50.0,0.0,0.0,-1560.0,2520.0,yonden
2018,10,2018-10-26,03:00,2790.0,0.0,3710.0,390.0,－－－－－－－－－－,20.0,0.0,0.0,60.0,0.0,20.0,-1410.0,2790.0,yonden
2018,10,2018-10-26,04:00,2920.0,0.0,3770.0,410.0,－－－－－－－－－－,20.0,0.0,0.0,50.0,0.0,30.0,-1360.0,2920.0,yonden
2018,10,2018-10-26,05:00,2880.0,0.0,3760.0,380.0,－－－－－－－－－－,20.0,0.0,0.0,70.0,0.0,30.0,-1380.0,2880.0,yonden
2018,10,2018-10-26,06:00,2760.0,0.0,3740.0,320.0,－－－－－－－－－－,20.0,50.0,0.0,70.0,0.0,0.0,-1440.0,2760.0,yonden
2018,10,2018-10-26,07:00,2700.0,0.0,3560.0,280.0,－－－－－－－－－－,20.0,350.0,0.0,60.0,0.0,0.0,-1570.0,2700.0,yonden
2018,10,2018-10-26,08:00,2890.0,0.0,3630.0,260.0,－－－－－－－－－－,20.0,720.0,0.0,50.0,0.0,0.0,-1790.0,2890.0,yonden
2018,10,2018-10-26,09:00,3020.0,0.0,3450.0,250.0,－－－－－－－－－－,20.0,1060.0,0.0,60.0,0.0,0.0,-1820.0,3020.0,yonden
2018,10,2018-10-26,10:00,3050.0,0.0,3500.0,180.0,－－－－－－－－－－,20.0,1190.0,0.0,50.0,0.0,0.0,-1890.0,3050.0,yonden
2018,10,2018-10-26,11:00,3090.0,0.0,3630.0,170.0,－－－－－－－－－－,20.0,1210.0,0.0,40.0,0.0,10.0,-1990.0,3090.0,yonden
2018,10,2018-10-26,12:00,3000.0,0.0,3750.0,160.0,－－－－－－－－－－,20.0,1040.0,0.0,60.0,0.0,40.0,-2070.0,3000.0,yonden
2018,10,2018-10-26,13:00,3260.0,0.0,4020.0,250.0,－－－－－－－－－－,20.0,690.0,0.0,50.0,0.0,40.0,-1810.0,3260.0,yonden
2018,10,2018-10-26,14:00,3260.0,0.0,4220.0,270.0,－－－－－－－－－－,10.0,310.0,0.0,50.0,0.0,150.0,-1750.0,3260.0,yonden
2018,10,2018-10-26,15:00,3270.0,0.0,4260.0,310.0,－－－－－－－－－－,10.0,130.0,0.0,50.0,0.0,160.0,-1650.0,3270.0,yonden
2018,10,2018-10-26,16:00,3300.0,0.0,4160.0,370.0,－－－－－－－－－－,10.0,60.0,0.0,60.0,0.0,170.0,-1530.0,3300.0,yonden
2018,10,2018-10-26,17:00,3300.0,0.0,4170.0,480.0,－－－－－－－－－－,20.0,0.0,0.0,90.0,0.0,160.0,-1620.0,3300.0,yonden
2018,10,2018-10-26,18:00,3230.0,0.0,4120.0,530.0,－－－－－－－－－－,20.0,0.0,0.0,110.0,0.0,150.0,-1700.0,3230.0,yonden
2018,10,2018-10-26,19:00,3060.0,0.0,4110.0,450.0,－－－－－－－－－－,20.0,0.0,0.0,120.0,0.0,170.0,-1810.0,3060.0,yonden
2018,10,2018-10-26,20:00,2900.0,0.0,4090.0,400.0,－－－－－－－－－－,20.0,0.0,0.0,110.0,0.0,80.0,-1800.0,2900.0,yonden
2018,10,2018-10-26,21:00,2730.0,0.0,3940.0,320.0,－－－－－－－－－－,10.0,0.0,0.0,110.0,0.0,0.0,-1650.0,2730.0,yonden
2018,10,2018-10-26,22:00,2580.0,0.0,3860.0,270.0,－－－－－－－－－－,10.0,0.0,0.0,120.0,0.0,0.0,-1680.0,2580.0,yonden
2018,10,2018-10-26,23:00,2480.0,0.0,3770.0,250.0,－－－－－－－－－－,10.0,0.0,0.0,100.0,0.0,0.0,-1650.0,2480.0,yonden
2018,10,2018-10-27,00:00,2390.0,0.0,3550.0,170.0,－－－－－－－－－－,20.0,0.0,0.0,70.0,0.0,0.0,-1420.0,2390.0,yonden
2018,10,2018-10-27,01:00,2400.0,0.0,3600.0,140.0,－－－－－－－－－－,20.0,0.0,0.0,60.0,0.0,0.0,-1420.0,2400.0,yonden
2018,10,2018-10-27,02:00,2560.0,0.0,3690.0,140.0,－－－－－－－－－－,20.0,0.0,0.0,80.0,0.0,0.0,-1370.0,2560.0,yonden
2018,10,2018-10-27,03:00,2780.0,0.0,3740.0,280.0,－－－－－－－－－－,10.0,0.0,0.0,110.0,0.0,20.0,-1380.0,2780.0,yonden
2018,10,2018-10-27,04:00,2870.0,0.0,3710.0,350.0,－－－－－－－－－－,20.0,0.0,0.0,120.0,0.0,30.0,-1360.0,2870.0,yonden
2018,10,2018-10-27,05:00,2740.0,0.0,3670.0,250.0,－－－－－－－－－－,20.0,0.0,0.0,120.0,0.0,20.0,-1340.0,2740.0,yonden
2018,10,2018-10-27,06:00,2510.0,0.0,3490.0,220.0,－－－－－－－－－－,20.0,40.0,0.0,100.0,0.0,20.0,-1380.0,2510.0,yonden
2018,10,2018-10-27,07:00,2460.0,0.0,3440.0,140.0,－－－－－－－－－－,20.0,290.0,0.0,100.0,0.0,0.0,-1530.0,2460.0,yonden
2018,10,2018-10-27,08:00,2560.0,0.0,3460.0,130.0,－－－－－－－－－－,20.0,640.0,0.0,110.0,0.0,0.0,-1800.0,2560.0,yonden
2018,10,2018-10-27,09:00,2620.0,0.0,3420.0,180.0,－－－－－－－－－－,20.0,1020.0,0.0,110.0,0.0,-160.0,-1970.0,2620.0,yonden
2018,10,2018-10-27,10:00,2640.0,0.0,3430.0,160.0,－－－－－－－－－－,20.0,1210.0,0.0,110.0,0.0,-310.0,-1980.0,2640.0,yonden
2018,10,2018-10-27,11:00,2650.0,0.0,3390.0,150.0,－－－－－－－－－－,20.0,1280.0,0.0,130.0,0.0,-310.0,-2010.0,2650.0,yonden
2018,10,2018-10-27,12:00,2570.0,0.0,3310.0,140.0,－－－－－－－－－－,20.0,1310.0,0.0,130.0,0.0,-310.0,-2030.0,2570.0,yonden
2018,10,2018-10-27,13:00,2670.0,0.0,3360.0,140.0,－－－－－－－－－－,20.0,1200.0,0.0,130.0,0.0,-180.0,-2000.0,2670.0,yonden
2018,10,2018-10-27,14:00,2670.0,0.0,3410.0,130.0,－－－－－－－－－－,10.0,910.0,0.0,130.0,0.0,10.0,-1930.0,2670.0,yonden
2018,10,2018-10-27,15:00,2700.0,0.0,3470.0,150.0,－－－－－－－－－－,20.0,510.0,0.0,140.0,0.0,0.0,-1590.0,2700.0,yonden
2018,10,2018-10-27,16:00,2780.0,0.0,3540.0,200.0,－－－－－－－－－－,10.0,190.0,0.0,140.0,0.0,10.0,-1310.0,2780.0,yonden
2018,10,2018-10-27,17:00,2860.0,0.0,3700.0,270.0,－－－－－－－－－－,20.0,0.0,0.0,130.0,0.0,20.0,-1280.0,2860.0,yonden
2018,10,2018-10-27,18:00,2890.0,0.0,3680.0,350.0,－－－－－－－－－－,20.0,0.0,0.0,110.0,0.0,20.0,-1290.0,2890.0,yonden
2018,10,2018-10-27,19:00,2790.0,0.0,3650.0,350.0,－－－－－－－－－－,20.0,0.0,0.0,90.0,0.0,20.0,-1340.0,2790.0,yonden
2018,10,2018-10-27,20:00,2670.0,0.0,3630.0,260.0,－－－－－－－－－－,20.0,0.0,0.0,80.0,0.0,0.0,-1320.0,2670.0,yonden
2018,10,2018-10-27,21:00,2520.0,0.0,3550.0,200.0,－－－－－－－－－－,10.0,0.0,0.0,80.0,0.0,0.0,-1320.0,2520.0,yonden
2018,10,2018-10-27,22:00,2370.0,0.0,3480.0,170.0,－－－－－－－－－－,10.0,0.0,0.0,70.0,0.0,0.0,-1360.0,2370.0,yonden
2018,10,2018-10-27,23:00,2280.0,0.0,3460.0,150.0,－－－－－－－－－－,20.0,0.0,0.0,80.0,0.0,0.0,-1430.0,2280.0,yonden
2018,10,2018-10-28,00:00,2170.0,0.0,3390.0,130.0,－－－－－－－－－－,20.0,0.0,0.0,100.0,0.0,0.0,-1470.0,2170.0,yonden
2018,10,2018-10-28,01:00,2200.0,0.0,3440.0,120.0,－－－－－－－－－－,10.0,0.0,0.0,100.0,0.0,0.0,-1470.0,2200.0,yonden
2018,10,2018-10-28,02:00,2380.0,0.0,3530.0,120.0,－－－－－－－－－－,20.0,0.0,0.0,90.0,0.0,0.0,-1380.0,2380.0,yonden
2018,10,2018-10-28,03:00,2640.0,0.0,3640.0,230.0,－－－－－－－－－－,20.0,0.0,0.0,90.0,0.0,30.0,-1370.0,2640.0,yonden
2018,10,2018-10-28,04:00,2740.0,0.0,3680.0,290.0,－－－－－－－－－－,20.0,0.0,0.0,80.0,0.0,40.0,-1370.0,2740.0,yonden
2018,10,2018-10-28,05:00,2650.0,0.0,3620.0,270.0,－－－－－－－－－－,20.0,0.0,0.0,80.0,0.0,20.0,-1360.0,2650.0,yonden
2018,10,2018-10-28,06:00,2370.0,0.0,3500.0,150.0,－－－－－－－－－－,20.0,30.0,0.0,70.0,0.0,0.0,-1400.0,2370.0,yonden
2018,10,2018-10-28,07:00,2220.0,0.0,3400.0,100.0,－－－－－－－－－－,20.0,240.0,0.0,70.0,0.0,0.0,-1610.0,2220.0,yonden
2018,10,2018-10-28,08:00,2160.0,0.0,3450.0,100.0,－－－－－－－－－－,20.0,550.0,0.0,60.0,0.0,-210.0,-1810.0,2160.0,yonden
2018,10,2018-10-28,09:00,2200.0,0.0,3290.0,160.0,－－－－－－－－－－,20.0,870.0,0.0,80.0,0.0,-300.0,-1920.0,2200.0,yonden
2018,10,2018-10-28,10:00,2200.0,0.0,3370.0,140.0,－－－－－－－－－－,20.0,1030.0,0.0,70.0,0.0,-300.0,-2130.0,2200.0,yonden
2018,10,2018-10-28,11:00,2200.0,0.0,3200.0,130.0,－－－－－－－－－－,20.0,1230.0,0.0,70.0,0.0,-290.0,-2160.0,2200.0,yonden
2018,10,2018-10-28,12:00,2250.0,0.0,3150.0,130.0,－－－－－－－－－－,20.0,1330.0,0.0,60.0,0.0,-300.0,-2140.0,2250.0,yonden
2018,10,2018-10-28,13:00,2300.0,0.0,3240.0,120.0,－－－－－－－－－－,20.0,1270.0,0.0,60.0,0.0,-300.0,-2110.0,2300.0,yonden
2018,10,2018-10-28,14:00,2350.0,0.0,3380.0,120.0,－－－－－－－－－－,20.0,970.0,0.0,50.0,0.0,-300.0,-1890.0,2350.0,yonden
2018,10,2018-10-28,15:00,2420.0,0.0,3420.0,130.0,－－－－－－－－－－,20.0,620.0,0.0,30.0,0.0,-90.0,-1710.0,2420.0,yonden
2018,10,2018-10-28,16:00,2520.0,0.0,3470.0,190.0,－－－－－－－－－－,20.0,260.0,0.0,20.0,0.0,20.0,-1460.0,2520.0,yonden
2018,10,2018-10-28,17:00,2660.0,0.0,3670.0,330.0,－－－－－－－－－－,20.0,10.0,0.0,10.0,0.0,20.0,-1400.0,2660.0,yonden
2018,10,2018-10-28,18:00,2750.0,0.0,3700.0,420.0,－－－－－－－－－－,20.0,0.0,0.0,10.0,0.0,30.0,-1430.0,2750.0,yonden
2018,10,2018-10-28,19:00,2690.0,0.0,3700.0,370.0,－－－－－－－－－－,20.0,0.0,0.0,10.0,0.0,30.0,-1440.0,2690.0,yonden
2018,10,2018-10-28,20:00,2590.0,0.0,3670.0,240.0,－－－－－－－－－－,20.0,0.0,0.0,10.0,0.0,0.0,-1350.0,2590.0,yonden
2018,10,2018-10-28,21:00,2460.0,0.0,3610.0,190.0,－－－－－－－－－－,20.0,0.0,0.0,10.0,0.0,0.0,-1370.0,2460.0,yonden
2018,10,2018-10-28,22:00,2300.0,0.0,3530.0,130.0,－－－－－－－－－－,20.0,0.0,0.0,10.0,0.0,0.0,-1390.0,2300.0,yonden
2018,10,2018-10-28,23:00,2230.0,0.0,3520.0,130.0,－－－－－－－－－－,20.0,0.0,0.0,10.0,0.0,0.0,-1450.0,2230.0,yonden
2018,10,2018-10-29,00:00,2140.0,0.0,3440.0,130.0,－－－－－－－－－－,20.0,0.0,0.0,20.0,0.0,0.0,-1470.0,2140.0,yonden
2018,10,2018-10-29,01:00,2180.0,0.0,3450.0,130.0,－－－－－－－－－－,20.0,0.0,0.0,20.0,0.0,0.0,-1440.0,2180.0,yonden
2018,10,2018-10-29,02:00,2400.0,0.0,3570.0,130.0,－－－－－－－－－－,20.0,0.0,0.0,30.0,0.0,0.0,-1350.0,2400.0,yonden
2018,10,2018-10-29,03:00,2670.0,0.0,3730.0,200.0,－－－－－－－－－－,20.0,0.0,0.0,30.0,0.0,0.0,-1310.0,2670.0,yonden
2018,10,2018-10-29,04:00,2800.0,0.0,3740.0,300.0,－－－－－－－－－－,20.0,0.0,0.0,30.0,0.0,30.0,-1320.0,2800.0,yonden
2018,10,2018-10-29,05:00,2760.0,0.0,3740.0,250.0,－－－－－－－－－－,20.0,0.0,0.0,20.0,0.0,30.0,-1300.0,2760.0,yonden
2018,10,2018-10-29,06:00,2680.0,0.0,3680.0,180.0,－－－－－－－－－－,20.0,20.0,0.0,30.0,0.0,10.0,-1260.0,2680.0,yonden
2018,10,2018-10-29,07:00,2670.0,0.0,3590.0,110.0,－－－－－－－－－－,20.0,160.0,0.0,40.0,0.0,0.0,-1250.0,2670.0,yonden
2018,10,2018-10-29,08:00,2940.0,0.0,3700.0,90.0,－－－－－－－－－－,20.0,320.0,0.0,40.0,0.0,0.0,-1230.0,2940.0,yonden
2018,10,2018-10-29,09:00,3050.0,0.0,3560.0,140.0,－－－－－－－－－－,10.0,610.0,0.0,40.0,0.0,0.0,-1310.0,3050.0,yonden
2018,10,2018-10-29,10:00,2990.0,0.0,3400.0,120.0,－－－－－－－－－－,20.0,920.0,0.0,30.0,0.0,0.0,-1500.0,2990.0,yonden
2018,10,2018-10-29,11:00,2980.0,0.0,3320.0,110.0,－－－－－－－－－－,20.0,1140.0,0.0,20.0,0.0,0.0,-1630.0,2980.0,yonden
2018,10,2018-10-29,12:00,2850.0,0.0,3200.0,100.0,－－－－－－－－－－,20.0,1220.0,0.0,30.0,0.0,0.0,-1720.0,2850.0,yonden
2018,10,2018-10-29,13:00,3060.0,0.0,3360.0,100.0,－－－－－－－－－－,20.0,1190.0,0.0,30.0,0.0,0.0,-1640.0,3060.0,yonden
2018,10,2018-10-29,14:00,3130.0,0.0,3490.0,110.0,－－－－－－－－－－,10.0,1010.0,0.0,20.0,0.0,10.0,-1520.0,3130.0,yonden
2018,10,2018-10-29,15:00,3180.0,0.0,3560.0,150.0,－－－－－－－－－－,20.0,680.0,0.0,30.0,0.0,20.0,-1280.0,3180.0,yonden
2018,10,2018-10-29,16:00,3270.0,0.0,3830.0,230.0,－－－－－－－－－－,20.0,280.0,0.0,20.0,0.0,40.0,-1150.0,3270.0,yonden
2018,10,2018-10-29,17:00,3220.0,0.0,3940.0,320.0,－－－－－－－－－－,20.0,0.0,0.0,10.0,0.0,240.0,-1310.0,3220.0,yonden
2018,10,2018-10-29,18:00,3220.0,0.0,3930.0,410.0,－－－－－－－－－－,20.0,0.0,0.0,10.0,0.0,180.0,-1330.0,3220.0,yonden
2018,10,2018-10-29,19:00,3060.0,0.0,3940.0,410.0,－－－－－－－－－－,20.0,0.0,0.0,0.0,0.0,30.0,-1340.0,3060.0,yonden
2018,10,2018-10-29,20:00,2900.0,0.0,3840.0,260.0,－－－－－－－－－－,20.0,0.0,0.0,10.0,0.0,0.0,-1230.0,2900.0,yonden
2018,10,2018-10-29,21:00,2730.0,0.0,3740.0,200.0,－－－－－－－－－－,10.0,0.0,0.0,20.0,0.0,0.0,-1240.0,2730.0,yonden
2018,10,2018-10-29,22:00,2540.0,0.0,3610.0,170.0,－－－－－－－－－－,20.0,0.0,0.0,20.0,0.0,0.0,-1280.0,2540.0,yonden
2018,10,2018-10-29,23:00,2440.0,0.0,3500.0,170.0,－－－－－－－－－－,20.0,0.0,0.0,20.0,0.0,0.0,-1270.0,2440.0,yonden
2018,10,2018-10-30,00:00,2330.0,0.0,3510.0,160.0,－－－－－－－－－－,20.0,0.0,0.0,30.0,0.0,0.0,-1390.0,2330.0,yonden
2018,10,2018-10-30,01:00,2310.0,40.0,3550.0,150.0,－－－－－－－－－－,10.0,0.0,0.0,30.0,0.0,0.0,-1470.0,2310.0,yonden
2018,10,2018-10-30,02:00,2530.0,70.0,3650.0,150.0,－－－－－－－－－－,20.0,0.0,0.0,40.0,0.0,0.0,-1400.0,2530.0,yonden
2018,10,2018-10-30,03:00,2790.0,100.0,3770.0,210.0,－－－－－－－－－－,20.0,0.0,0.0,50.0,0.0,20.0,-1380.0,2790.0,yonden
2018,10,2018-10-30,04:00,2890.0,120.0,3770.0,260.0,－－－－－－－－－－,20.0,0.0,0.0,40.0,0.0,40.0,-1360.0,2890.0,yonden
2018,10,2018-10-30,05:00,2850.0,120.0,3750.0,240.0,－－－－－－－－－－,20.0,0.0,0.0,40.0,0.0,30.0,-1350.0,2850.0,yonden
2018,10,2018-10-30,06:00,2740.0,120.0,3580.0,220.0,－－－－－－－－－－,20.0,40.0,0.0,40.0,0.0,10.0,-1290.0,2740.0,yonden
2018,10,2018-10-30,07:00,2720.0,140.0,3490.0,110.0,－－－－－－－－－－,20.0,280.0,0.0,30.0,0.0,0.0,-1350.0,2720.0,yonden
2018,10,2018-10-30,08:00,2910.0,170.0,3420.0,90.0,－－－－－－－－－－,10.0,580.0,0.0,40.0,0.0,0.0,-1400.0,2910.0,yonden
2018,10,2018-10-30,09:00,3020.0,200.0,3370.0,150.0,－－－－－－－－－－,20.0,830.0,0.0,50.0,0.0,0.0,-1600.0,3020.0,yonden
2018,10,2018-10-30,10:00,2990.0,220.0,3380.0,130.0,－－－－－－－－－－,20.0,930.0,0.0,60.0,0.0,0.0,-1750.0,2990.0,yonden
2018,10,2018-10-30,11:00,3000.0,250.0,3380.0,110.0,－－－－－－－－－－,20.0,1040.0,0.0,70.0,0.0,0.0,-1870.0,3000.0,yonden
2018,10,2018-10-30,12:00,2880.0,280.0,3400.0,100.0,－－－－－－－－－－,20.0,1040.0,0.0,70.0,0.0,0.0,-2030.0,2880.0,yonden
2018,10,2018-10-30,13:00,3100.0,300.0,3560.0,90.0,－－－－－－－－－－,20.0,910.0,0.0,70.0,0.0,0.0,-1850.0,3100.0,yonden
2018,10,2018-10-30,14:00,3090.0,330.0,3830.0,100.0,－－－－－－－－－－,20.0,690.0,0.0,60.0,0.0,10.0,-1950.0,3090.0,yonden
2018,10,2018-10-30,15:00,3120.0,360.0,3890.0,120.0,－－－－－－－－－－,20.0,520.0,0.0,50.0,0.0,20.0,-1860.0,3120.0,yonden
2018,10,2018-10-30,16:00,3210.0,380.0,4030.0,180.0,－－－－－－－－－－,20.0,220.0,0.0,60.0,0.0,20.0,-1700.0,3210.0,yonden
2018,10,2018-10-30,17:00,3220.0,410.0,4110.0,290.0,－－－－－－－－－－,20.0,0.0,0.0,60.0,0.0,20.0,-1690.0,3220.0,yonden
2018,10,2018-10-30,18:00,3230.0,410.0,4100.0,390.0,－－－－－－－－－－,20.0,0.0,0.0,70.0,0.0,20.0,-1780.0,3230.0,yonden
2018,10,2018-10-30,19:00,3070.0,410.0,4100.0,370.0,－－－－－－－－－－,20.0,0.0,0.0,70.0,0.0,10.0,-1910.0,3070.0,yonden
2018,10,2018-10-30,20:00,2920.0,420.0,3870.0,250.0,－－－－－－－－－－,20.0,0.0,0.0,60.0,0.0,0.0,-1700.0,2920.0,yonden
2018,10,2018-10-30,21:00,2760.0,420.0,3770.0,210.0,－－－－－－－－－－,10.0,0.0,0.0,50.0,0.0,0.0,-1700.0,2760.0,yonden
2018,10,2018-10-30,22:00,2550.0,420.0,3700.0,180.0,－－－－－－－－－－,20.0,0.0,0.0,50.0,0.0,0.0,-1820.0,2550.0,yonden
2018,10,2018-10-30,23:00,2430.0,420.0,3630.0,180.0,－－－－－－－－－－,20.0,0.0,0.0,50.0,0.0,0.0,-1870.0,2430.0,yonden
2018,10,2018-10-31,00:00,2320.0,430.0,3600.0,190.0,－－－－－－－－－－,20.0,0.0,0.0,70.0,0.0,0.0,-1990.0,2320.0,yonden
2018,10,2018-10-31,01:00,2340.0,460.0,3610.0,190.0,－－－－－－－－－－,10.0,0.0,0.0,70.0,0.0,0.0,-2000.0,2340.0,yonden
2018,10,2018-10-31,02:00,2550.0,480.0,3710.0,190.0,－－－－－－－－－－,20.0,0.0,0.0,80.0,0.0,0.0,-1930.0,2550.0,yonden
2018,10,2018-10-31,03:00,2810.0,510.0,3820.0,290.0,－－－－－－－－－－,20.0,0.0,0.0,80.0,0.0,20.0,-1930.0,2810.0,yonden
2018,10,2018-10-31,04:00,2920.0,540.0,3830.0,350.0,－－－－－－－－－－,20.0,0.0,0.0,90.0,0.0,30.0,-1940.0,2920.0,yonden
2018,10,2018-10-31,05:00,2870.0,560.0,3790.0,280.0,－－－－－－－－－－,20.0,0.0,0.0,90.0,0.0,30.0,-1900.0,2870.0,yonden
2018,10,2018-10-31,06:00,2760.0,590.0,3640.0,160.0,－－－－－－－－－－,20.0,20.0,0.0,90.0,0.0,10.0,-1770.0,2760.0,yonden
2018,10,2018-10-31,07:00,2730.0,620.0,3650.0,110.0,－－－－－－－－－－,20.0,170.0,0.0,80.0,0.0,0.0,-1920.0,2730.0,yonden
2018,10,2018-10-31,08:00,2940.0,630.0,3690.0,120.0,－－－－－－－－－－,20.0,480.0,0.0,70.0,0.0,0.0,-2070.0,2940.0,yonden
2018,10,2018-10-31,09:00,3020.0,630.0,3780.0,160.0,－－－－－－－－－－,20.0,650.0,0.0,70.0,0.0,0.0,-2290.0,3020.0,yonden
2018,10,2018-10-31,10:00,3050.0,630.0,3800.0,150.0,－－－－－－－－－－,20.0,660.0,0.0,70.0,0.0,80.0,-2360.0,3050.0,yonden
2018,10,2018-10-31,11:00,3060.0,630.0,3720.0,120.0,－－－－－－－－－－,20.0,760.0,0.0,70.0,0.0,160.0,-2420.0,3060.0,yonden
2018,10,2018-10-31,12:00,2900.0,630.0,3670.0,110.0,－－－－－－－－－－,20.0,690.0,0.0,80.0,0.0,0.0,-2300.0,2900.0,yonden
2018,10,2018-10-31,13:00,3060.0,630.0,3750.0,130.0,－－－－－－－－－－,20.0,490.0,0.0,90.0,0.0,230.0,-2280.0,3060.0,yonden
2018,10,2018-10-31,14:00,3060.0,630.0,3780.0,120.0,－－－－－－－－－－,20.0,350.0,0.0,90.0,0.0,140.0,-2070.0,3060.0,yonden
2018,10,2018-10-31,15:00,3080.0,630.0,3670.0,220.0,－－－－－－－－－－,20.0,230.0,0.0,90.0,0.0,10.0,-1790.0,3080.0,yonden
2018,10,2018-10-31,16:00,3170.0,640.0,3630.0,270.0,－－－－－－－－－－,20.0,90.0,0.0,90.0,0.0,30.0,-1600.0,3170.0,yonden
2018,10,2018-10-31,17:00,3240.0,640.0,3780.0,350.0,－－－－－－－－－－,10.0,0.0,0.0,90.0,0.0,40.0,-1670.0,3240.0,yonden
2018,10,2018-10-31,18:00,3230.0,650.0,3780.0,410.0,－－－－－－－－－－,10.0,0.0,0.0,80.0,0.0,20.0,-1720.0,3230.0,yonden
2018,10,2018-10-31,19:00,3090.0,650.0,3740.0,330.0,－－－－－－－－－－,10.0,0.0,0.0,90.0,0.0,0.0,-1730.0,3090.0,yonden
2018,10,2018-10-31,20:00,2940.0,650.0,3650.0,180.0,－－－－－－－－－－,10.0,0.0,0.0,80.0,0.0,0.0,-1630.0,2940.0,yonden
2018,10,2018-10-31,21:00,2780.0,650.0,3650.0,150.0,－－－－－－－－－－,10.0,0.0,0.0,90.0,0.0,0.0,-1770.0,2780.0,yonden
2018,10,2018-10-31,22:00,2590.0,650.0,3660.0,130.0,－－－－－－－－－－,10.0,0.0,0.0,90.0,0.0,0.0,-1950.0,2590.0,yonden
2018,10,2018-10-31,23:00,2490.0,650.0,3680.0,140.0,－－－－－－－－－－,10.0,0.0,0.0,80.0,0.0,0.0,-2070.0,2490.0,yonden
2018,11,2018-11-01,00:00,2360.0,650.0,3650.0,180.0,－－－－－－－－－－,10.0,0.0,0.0,70.0,0.0,0.0,-2200.0,2360.0,yonden
2018,11,2018-11-01,01:00,2380.0,650.0,3690.0,180.0,－－－－－－－－－－,10.0,0.0,0.0,60.0,0.0,0.0,-2210.0,2380.0,yonden
2018,11,2018-11-01,02:00,2600.0,650.0,3790.0,190.0,－－－－－－－－－－,10.0,0.0,0.0,60.0,0.0,0.0,-2100.0,2600.0,yonden
2018,11,2018-11-01,03:00,2880.0,650.0,3880.0,310.0,－－－－－－－－－－,10.0,0.0,0.0,50.0,0.0,20.0,-2040.0,2880.0,yonden
2018,11,2018-11-01,04:00,2990.0,670.0,4020.0,360.0,－－－－－－－－－－,10.0,0.0,0.0,40.0,0.0,30.0,-2140.0,2990.0,yonden
2018,11,2018-11-01,05:00,2940.0,690.0,4030.0,310.0,－－－－－－－－－－,10.0,0.0,0.0,40.0,0.0,20.0,-2160.0,2940.0,yonden
2018,11,2018-11-01,06:00,2870.0,720.0,3970.0,230.0,－－－－－－－－－－,10.0,40.0,0.0,40.0,0.0,0.0,-2140.0,2870.0,yonden
2018,11,2018-11-01,07:00,2870.0,750.0,3790.0,140.0,－－－－－－－－－－,10.0,280.0,0.0,40.0,0.0,0.0,-2140.0,2870.0,yonden
2018,11,2018-11-01,08:00,3030.0,770.0,3760.0,100.0,－－－－－－－－－－,10.0,570.0,0.0,40.0,0.0,0.0,-2220.0,3030.0,yonden
2018,11,2018-11-01,09:00,3070.0,770.0,3670.0,140.0,－－－－－－－－－－,10.0,840.0,0.0,30.0,0.0,0.0,-2390.0,3070.0,yonden
2018,11,2018-11-01,10:00,3050.0,770.0,3460.0,110.0,－－－－－－－－－－,10.0,960.0,0.0,20.0,0.0,0.0,-2280.0,3050.0,yonden
2018,11,2018-11-01,11:00,2990.0,770.0,3510.0,90.0,－－－－－－－－－－,10.0,920.0,0.0,30.0,0.0,0.0,-2340.0,2990.0,yonden
2018,11,2018-11-01,12:00,2810.0,770.0,3390.0,80.0,－－－－－－－－－－,10.0,970.0,0.0,30.0,0.0,0.0,-2440.0,2810.0,yonden
2018,11,2018-11-01,13:00,3040.0,790.0,3570.0,80.0,－－－－－－－－－－,10.0,880.0,0.0,40.0,0.0,10.0,-2340.0,3040.0,yonden
2018,11,2018-11-01,14:00,3090.0,820.0,3600.0,90.0,－－－－－－－－－－,10.0,680.0,0.0,60.0,0.0,0.0,-2170.0,3090.0,yonden
2018,11,2018-11-01,15:00,3160.0,850.0,3780.0,150.0,－－－－－－－－－－,10.0,420.0,0.0,90.0,0.0,0.0,-2140.0,3160.0,yonden
2018,11,2018-11-01,16:00,3230.0,860.0,3930.0,230.0,－－－－－－－－－－,10.0,170.0,0.0,100.0,0.0,20.0,-2090.0,3230.0,yonden
2018,11,2018-11-01,17:00,3280.0,860.0,4050.0,330.0,－－－－－－－－－－,10.0,0.0,0.0,80.0,0.0,100.0,-2150.0,3280.0,yonden
2018,11,2018-11-01,18:00,3300.0,860.0,4040.0,370.0,－－－－－－－－－－,10.0,0.0,0.0,60.0,0.0,180.0,-2220.0,3300.0,yonden
2018,11,2018-11-01,19:00,3170.0,860.0,4020.0,320.0,－－－－－－－－－－,10.0,0.0,0.0,50.0,0.0,160.0,-2250.0,3170.0,yonden
2018,11,2018-11-01,20:00,3040.0,860.0,3920.0,260.0,－－－－－－－－－－,10.0,0.0,0.0,60.0,0.0,150.0,-2220.0,3040.0,yonden
2018,11,2018-11-01,21:00,2860.0,860.0,3860.0,260.0,－－－－－－－－－－,10.0,0.0,0.0,70.0,0.0,60.0,-2260.0,2860.0,yonden
2018,11,2018-11-01,22:00,2640.0,860.0,3760.0,200.0,－－－－－－－－－－,10.0,0.0,0.0,80.0,0.0,0.0,-2270.0,2640.0,yonden
2018,11,2018-11-01,23:00,2520.0,860.0,3610.0,170.0,－－－－－－－－－－,10.0,0.0,0.0,70.0,0.0,0.0,-2200.0,2520.0,yonden
2018,11,2018-11-02,00:00,2410.0,860.0,3600.0,170.0,－－－－－－－－－－,10.0,0.0,0.0,60.0,0.0,0.0,-2290.0,2410.0,yonden
2018,11,2018-11-02,01:00,2450.0,860.0,3660.0,160.0,－－－－－－－－－－,10.0,0.0,0.0,50.0,0.0,0.0,-2290.0,2450.0,yonden
2018,11,2018-11-02,02:00,2660.0,860.0,3710.0,160.0,－－－－－－－－－－,10.0,0.0,0.0,50.0,0.0,0.0,-2130.0,2660.0,yonden
2018,11,2018-11-02,03:00,2940.0,860.0,3890.0,240.0,－－－－－－－－－－,10.0,0.0,0.0,50.0,0.0,80.0,-2190.0,2940.0,yonden
2018,11,2018-11-02,04:00,3040.0,870.0,3870.0,270.0,－－－－－－－－－－,10.0,0.0,0.0,50.0,0.0,200.0,-2230.0,3040.0,yonden
2018,11,2018-11-02,05:00,2990.0,870.0,3980.0,260.0,－－－－－－－－－－,10.0,0.0,0.0,50.0,0.0,20.0,-2200.0,2990.0,yonden
2018,11,2018-11-02,06:00,2900.0,870.0,3870.0,190.0,－－－－－－－－－－,10.0,30.0,0.0,30.0,0.0,0.0,-2100.0,2900.0,yonden
2018,11,2018-11-02,07:00,2810.0,870.0,3550.0,150.0,－－－－－－－－－－,10.0,290.0,0.0,30.0,0.0,0.0,-2090.0,2810.0,yonden
2018,11,2018-11-02,08:00,2990.0,870.0,3660.0,100.0,－－－－－－－－－－,10.0,620.0,0.0,20.0,0.0,0.0,-2290.0,2990.0,yonden
2018,11,2018-11-02,09:00,3050.0,870.0,3380.0,100.0,－－－－－－－－－－,10.0,1030.0,0.0,20.0,0.0,0.0,-2360.0,3050.0,yonden
2018,11,2018-11-02,10:00,3040.0,870.0,3310.0,110.0,－－－－－－－－－－,10.0,1290.0,0.0,30.0,0.0,-260.0,-2320.0,3040.0,yonden
2018,11,2018-11-02,11:00,3110.0,870.0,3520.0,90.0,－－－－－－－－－－,10.0,1330.0,0.0,20.0,0.0,-300.0,-2430.0,3110.0,yonden
2018,11,2018-11-02,12:00,2920.0,870.0,3540.0,90.0,－－－－－－－－－－,10.0,1240.0,0.0,10.0,0.0,-300.0,-2540.0,2920.0,yonden
2018,11,2018-11-02,13:00,3100.0,870.0,3390.0,90.0,－－－－－－－－－－,10.0,1100.0,0.0,0.0,0.0,-50.0,-2310.0,3100.0,yonden
2018,11,2018-11-02,14:00,3100.0,870.0,3570.0,90.0,－－－－－－－－－－,10.0,820.0,0.0,0.0,0.0,0.0,-2260.0,3100.0,yonden
2018,11,2018-11-02,15:00,3130.0,870.0,3720.0,140.0,－－－－－－－－－－,10.0,500.0,0.0,0.0,0.0,10.0,-2120.0,3130.0,yonden
2018,11,2018-11-02,16:00,3170.0,870.0,3780.0,200.0,－－－－－－－－－－,10.0,160.0,0.0,10.0,0.0,140.0,-2000.0,3170.0,yonden
2018,11,2018-11-02,17:00,3230.0,870.0,3770.0,300.0,－－－－－－－－－－,10.0,0.0,0.0,10.0,0.0,280.0,-2010.0,3230.0,yonden
2018,11,2018-11-02,18:00,3230.0,870.0,3790.0,360.0,－－－－－－－－－－,10.0,0.0,0.0,0.0,0.0,220.0,-2020.0,3230.0,yonden
2018,11,2018-11-02,19:00,3090.0,870.0,3760.0,280.0,－－－－－－－－－－,10.0,0.0,0.0,0.0,0.0,170.0,-2000.0,3090.0,yonden
2018,11,2018-11-02,20:00,2980.0,870.0,3510.0,250.0,－－－－－－－－－－,10.0,0.0,0.0,0.0,0.0,270.0,-1930.0,2980.0,yonden
2018,11,2018-11-02,21:00,2800.0,870.0,3050.0,220.0,－－－－－－－－－－,10.0,0.0,0.0,0.0,0.0,70.0,-1420.0,2800.0,yonden
2018,11,2018-11-02,22:00,2600.0,870.0,2440.0,190.0,－－－－－－－－－－,10.0,0.0,0.0,0.0,0.0,0.0,-910.0,2600.0,yonden
2018,11,2018-11-02,23:00,2480.0,870.0,2410.0,130.0,－－－－－－－－－－,10.0,0.0,0.0,0.0,0.0,0.0,-940.0,2480.0,yonden
2018,11,2018-11-03,00:00,2370.0,870.0,2240.0,90.0,－－－－－－－－－－,10.0,0.0,0.0,0.0,0.0,0.0,-840.0,2370.0,yonden
2018,11,2018-11-03,01:00,2400.0,870.0,2220.0,80.0,－－－－－－－－－－,10.0,0.0,0.0,0.0,0.0,0.0,-780.0,2400.0,yonden
2018,11,2018-11-03,02:00,2610.0,870.0,2360.0,80.0,－－－－－－－－－－,10.0,0.0,0.0,0.0,0.0,0.0,-710.0,2610.0,yonden
2018,11,2018-11-03,03:00,2870.0,870.0,2460.0,170.0,－－－－－－－－－－,10.0,0.0,0.0,0.0,0.0,60.0,-700.0,2870.0,yonden
2018,11,2018-11-03,04:00,2950.0,870.0,2450.0,170.0,－－－－－－－－－－,10.0,0.0,0.0,0.0,0.0,160.0,-710.0,2950.0,yonden
2018,11,2018-11-03,05:00,2840.0,870.0,2470.0,200.0,－－－－－－－－－－,10.0,0.0,0.0,0.0,0.0,100.0,-810.0,2840.0,yonden
2018,11,2018-11-03,06:00,2630.0,870.0,2450.0,180.0,－－－－－－－－－－,10.0,40.0,0.0,10.0,0.0,0.0,-930.0,2630.0,yonden
2018,11,2018-11-03,07:00,2500.0,870.0,2240.0,140.0,－－－－－－－－－－,10.0,310.0,0.0,0.0,0.0,0.0,-1070.0,2500.0,yonden
2018,11,2018-11-03,08:00,2470.0,870.0,2220.0,110.0,－－－－－－－－－－,10.0,660.0,0.0,0.0,0.0,0.0,-1400.0,2470.0,yonden
2018,11,2018-11-03,09:00,2480.0,870.0,2250.0,120.0,－－－－－－－－－－,10.0,1020.0,0.0,0.0,0.0,-110.0,-1680.0,2480.0,yonden
2018,11,2018-11-03,10:00,2460.0,870.0,2280.0,100.0,－－－－－－－－－－,10.0,1240.0,0.0,0.0,0.0,-310.0,-1730.0,2460.0,yonden
2018,11,2018-11-03,11:00,2450.0,870.0,2350.0,110.0,－－－－－－－－－－,10.0,1250.0,0.0,10.0,0.0,-310.0,-1840.0,2450.0,yonden
2018,11,2018-11-03,12:00,2400.0,870.0,2240.0,120.0,－－－－－－－－－－,10.0,1280.0,0.0,10.0,0.0,-310.0,-1820.0,2400.0,yonden
2018,11,2018-11-03,13:00,2480.0,870.0,2290.0,130.0,－－－－－－－－－－,10.0,1150.0,0.0,10.0,0.0,-310.0,-1670.0,2480.0,yonden
2018,11,2018-11-03,14:00,2500.0,870.0,2330.0,130.0,－－－－－－－－－－,10.0,930.0,0.0,10.0,0.0,-290.0,-1490.0,2500.0,yonden
2018,11,2018-11-03,15:00,2560.0,870.0,2270.0,130.0,－－－－－－－－－－,10.0,620.0,0.0,10.0,0.0,-280.0,-1070.0,2560.0,yonden
2018,11,2018-11-03,16:00,2680.0,870.0,2390.0,150.0,－－－－－－－－－－,10.0,230.0,0.0,10.0,0.0,-150.0,-830.0,2680.0,yonden
2018,11,2018-11-03,17:00,2770.0,870.0,2490.0,260.0,－－－－－－－－－－,10.0,0.0,0.0,10.0,0.0,0.0,-870.0,2770.0,yonden
2018,11,2018-11-03,18:00,2860.0,870.0,2530.0,340.0,－－－－－－－－－－,10.0,0.0,0.0,0.0,0.0,0.0,-890.0,2860.0,yonden
2018,11,2018-11-03,19:00,2790.0,870.0,2520.0,320.0,－－－－－－－－－－,10.0,0.0,0.0,0.0,0.0,20.0,-950.0,2790.0,yonden
2018,11,2018-11-03,20:00,2690.0,870.0,2480.0,170.0,－－－－－－－－－－,10.0,0.0,0.0,0.0,0.0,0.0,-840.0,2690.0,yonden
2018,11,2018-11-03,21:00,2560.0,870.0,2380.0,140.0,－－－－－－－－－－,10.0,0.0,0.0,0.0,0.0,0.0,-840.0,2560.0,yonden
2018,11,2018-11-03,22:00,2380.0,870.0,2250.0,90.0,－－－－－－－－－－,10.0,0.0,0.0,0.0,0.0,0.0,-840.0,2380.0,yonden
2018,11,2018-11-03,23:00,2300.0,870.0,2250.0,90.0,－－－－－－－－－－,10.0,0.0,0.0,0.0,0.0,0.0,-920.0,2300.0,yonden
2018,11,2018-11-04,00:00,2220.0,870.0,2170.0,70.0,－－－－－－－－－－,20.0,0.0,0.0,0.0,0.0,0.0,-910.0,2220.0,yonden
2018,11,2018-11-04,01:00,2250.0,870.0,2150.0,70.0,－－－－－－－－－－,20.0,0.0,0.0,0.0,0.0,0.0,-860.0,2250.0,yonden
2018,11,2018-11-04,02:00,2450.0,870.0,2230.0,70.0,－－－－－－－－－－,20.0,0.0,0.0,0.0,0.0,0.0,-740.0,2450.0,yonden
2018,11,2018-11-04,03:00,2720.0,870.0,2420.0,90.0,－－－－－－－－－－,20.0,0.0,0.0,0.0,0.0,70.0,-750.0,2720.0,yonden
2018,11,2018-11-04,04:00,2800.0,870.0,2410.0,90.0,－－－－－－－－－－,20.0,0.0,0.0,0.0,0.0,170.0,-760.0,2800.0,yonden
2018,11,2018-11-04,05:00,2680.0,870.0,2350.0,140.0,－－－－－－－－－－,20.0,0.0,0.0,0.0,0.0,50.0,-750.0,2680.0,yonden
2018,11,2018-11-04,06:00,2420.0,870.0,2200.0,130.0,－－－－－－－－－－,20.0,30.0,0.0,0.0,0.0,0.0,-830.0,2420.0,yonden
2018,11,2018-11-04,07:00,2350.0,870.0,2190.0,130.0,－－－－－－－－－－,20.0,280.0,0.0,0.0,0.0,0.0,-1140.0,2350.0,yonden
2018,11,2018-11-04,08:00,2280.0,870.0,2260.0,130.0,－－－－－－－－－－,20.0,570.0,0.0,0.0,0.0,-260.0,-1310.0,2280.0,yonden
2018,11,2018-11-04,09:00,2190.0,870.0,2260.0,110.0,－－－－－－－－－－,20.0,880.0,0.0,0.0,0.0,-300.0,-1650.0,2190.0,yonden
2018,11,2018-11-04,10:00,2170.0,870.0,2210.0,110.0,－－－－－－－－－－,20.0,1060.0,0.0,0.0,0.0,-280.0,-1820.0,2170.0,yonden
2018,11,2018-11-04,11:00,2200.0,870.0,2230.0,90.0,－－－－－－－－－－,20.0,1160.0,0.0,0.0,0.0,-300.0,-1870.0,2200.0,yonden
2018,11,2018-11-04,12:00,2250.0,870.0,2060.0,90.0,－－－－－－－－－－,20.0,1260.0,0.0,0.0,0.0,-300.0,-1750.0,2250.0,yonden
2018,11,2018-11-04,13:00,2280.0,870.0,2040.0,100.0,－－－－－－－－－－,20.0,1170.0,0.0,10.0,0.0,-300.0,-1630.0,2280.0,yonden
2018,11,2018-11-04,14:00,2300.0,870.0,2070.0,120.0,－－－－－－－－－－,20.0,960.0,0.0,10.0,0.0,-270.0,-1480.0,2300.0,yonden
2018,11,2018-11-04,15:00,2390.0,870.0,1990.0,140.0,－－－－－－－－－－,20.0,610.0,0.0,20.0,0.0,0.0,-1260.0,2390.0,yonden
2018,11,2018-11-04,16:00,2500.0,870.0,2110.0,160.0,－－－－－－－－－－,20.0,220.0,0.0,30.0,0.0,0.0,-910.0,2500.0,yonden
2018,11,2018-11-04,17:00,2670.0,870.0,2300.0,290.0,－－－－－－－－－－,20.0,0.0,0.0,30.0,0.0,20.0,-860.0,2670.0,yonden
2018,11,2018-11-04,18:00,2760.0,870.0,2370.0,330.0,－－－－－－－－－－,20.0,0.0,0.0,30.0,0.0,20.0,-880.0,2760.0,yonden
2018,11,2018-11-04,19:00,2680.0,870.0,2390.0,290.0,－－－－－－－－－－,20.0,0.0,0.0,20.0,0.0,10.0,-920.0,2680.0,yonden
2018,11,2018-11-04,20:00,2600.0,870.0,2280.0,200.0,－－－－－－－－－－,20.0,0.0,0.0,20.0,0.0,0.0,-790.0,2600.0,yonden
2018,11,2018-11-04,21:00,2470.0,870.0,2240.0,130.0,－－－－－－－－－－,20.0,0.0,0.0,10.0,0.0,0.0,-800.0,2470.0,yonden
2018,11,2018-11-04,22:00,2300.0,870.0,2230.0,80.0,－－－－－－－－－－,20.0,0.0,0.0,10.0,0.0,0.0,-910.0,2300.0,yonden
2018,11,2018-11-04,23:00,2220.0,870.0,2210.0,80.0,－－－－－－－－－－,20.0,0.0,0.0,0.0,0.0,0.0,-960.0,2220.0,yonden
2018,11,2018-11-05,00:00,2150.0,870.0,2210.0,90.0,－－－－－－－－－－,10.0,0.0,0.0,0.0,0.0,0.0,-1030.0,2150.0,yonden
2018,11,2018-11-05,01:00,2200.0,870.0,2230.0,80.0,－－－－－－－－－－,10.0,0.0,0.0,10.0,0.0,0.0,-1000.0,2200.0,yonden
2018,11,2018-11-05,02:00,2430.0,870.0,2260.0,100.0,－－－－－－－－－－,10.0,0.0,0.0,10.0,0.0,0.0,-820.0,2430.0,yonden
2018,11,2018-11-05,03:00,2700.0,870.0,2380.0,170.0,－－－－－－－－－－,10.0,0.0,0.0,0.0,0.0,10.0,-740.0,2700.0,yonden
2018,11,2018-11-05,04:00,2810.0,870.0,2410.0,220.0,－－－－－－－－－－,10.0,0.0,0.0,0.0,0.0,20.0,-720.0,2810.0,yonden
2018,11,2018-11-05,05:00,2770.0,870.0,2830.0,170.0,－－－－－－－－－－,10.0,0.0,0.0,0.0,0.0,20.0,-1130.0,2770.0,yonden
2018,11,2018-11-05,06:00,2730.0,870.0,2910.0,160.0,－－－－－－－－－－,10.0,30.0,0.0,0.0,0.0,0.0,-1250.0,2730.0,yonden
2018,11,2018-11-05,07:00,2710.0,870.0,2810.0,150.0,－－－－－－－－－－,10.0,280.0,0.0,0.0,0.0,0.0,-1410.0,2710.0,yonden
2018,11,2018-11-05,08:00,2860.0,870.0,2730.0,130.0,－－－－－－－－－－,10.0,640.0,0.0,0.0,0.0,-30.0,-1490.0,2860.0,yonden
2018,11,2018-11-05,09:00,2950.0,870.0,2830.0,190.0,－－－－－－－－－－,10.0,1000.0,0.0,0.0,0.0,-300.0,-1650.0,2950.0,yonden
2018,11,2018-11-05,10:00,2960.0,870.0,2930.0,140.0,－－－－－－－－－－,10.0,1220.0,0.0,10.0,0.0,-300.0,-1920.0,2960.0,yonden
2018,11,2018-11-05,11:00,2970.0,880.0,3010.0,130.0,－－－－－－－－－－,10.0,1270.0,0.0,10.0,0.0,-290.0,-2050.0,2970.0,yonden
2018,11,2018-11-05,12:00,2840.0,880.0,2990.0,130.0,－－－－－－－－－－,10.0,1260.0,0.0,10.0,0.0,-260.0,-2180.0,2840.0,yonden
2018,11,2018-11-05,13:00,3070.0,880.0,2800.0,90.0,－－－－－－－－－－,10.0,1170.0,0.0,10.0,0.0,0.0,-1890.0,3070.0,yonden
2018,11,2018-11-05,14:00,3120.0,880.0,2760.0,100.0,－－－－－－－－－－,10.0,960.0,0.0,10.0,0.0,0.0,-1600.0,3120.0,yonden
2018,11,2018-11-05,15:00,3190.0,880.0,2850.0,130.0,－－－－－－－－－－,10.0,630.0,0.0,10.0,0.0,0.0,-1320.0,3190.0,yonden
2018,11,2018-11-05,16:00,3260.0,880.0,3050.0,130.0,－－－－－－－－－－,10.0,220.0,0.0,10.0,0.0,230.0,-1270.0,3260.0,yonden
2018,11,2018-11-05,17:00,3250.0,880.0,3220.0,300.0,－－－－－－－－－－,10.0,0.0,0.0,10.0,0.0,340.0,-1510.0,3250.0,yonden
2018,11,2018-11-05,18:00,3250.0,880.0,3260.0,340.0,－－－－－－－－－－,10.0,0.0,0.0,10.0,0.0,320.0,-1570.0,3250.0,yonden
2018,11,2018-11-05,19:00,3070.0,880.0,2920.0,270.0,－－－－－－－－－－,10.0,0.0,0.0,10.0,0.0,320.0,-1340.0,3070.0,yonden
2018,11,2018-11-05,20:00,2930.0,880.0,2950.0,210.0,－－－－－－－－－－,10.0,0.0,0.0,10.0,0.0,130.0,-1260.0,2930.0,yonden
2018,11,2018-11-05,21:00,2760.0,880.0,2950.0,150.0,－－－－－－－－－－,10.0,0.0,0.0,10.0,0.0,0.0,-1240.0,2760.0,yonden
2018,11,2018-11-05,22:00,2610.0,880.0,2920.0,120.0,－－－－－－－－－－,10.0,0.0,0.0,10.0,0.0,0.0,-1330.0,2610.0,yonden
2018,11,2018-11-05,23:00,2510.0,880.0,2890.0,90.0,－－－－－－－－－－,10.0,0.0,0.0,10.0,0.0,0.0,-1370.0,2510.0,yonden
2018,11,2018-11-06,00:00,2410.0,880.0,2900.0,90.0,－－－－－－－－－－,10.0,0.0,0.0,20.0,0.0,0.0,-1490.0,2410.0,yonden
2018,11,2018-11-06,01:00,2430.0,880.0,2900.0,90.0,－－－－－－－－－－,10.0,0.0,0.0,30.0,0.0,0.0,-1480.0,2430.0,yonden
2018,11,2018-11-06,02:00,2620.0,880.0,2930.0,100.0,－－－－－－－－－－,10.0,0.0,0.0,40.0,0.0,0.0,-1340.0,2620.0,yonden
2018,11,2018-11-06,03:00,2870.0,880.0,3000.0,100.0,－－－－－－－－－－,10.0,0.0,0.0,50.0,0.0,100.0,-1270.0,2870.0,yonden
2018,11,2018-11-06,04:00,2960.0,880.0,2960.0,150.0,－－－－－－－－－－,10.0,0.0,0.0,50.0,0.0,180.0,-1270.0,2960.0,yonden
2018,11,2018-11-06,05:00,2870.0,880.0,2950.0,110.0,－－－－－－－－－－,10.0,0.0,0.0,40.0,0.0,140.0,-1260.0,2870.0,yonden
2018,11,2018-11-06,06:00,2780.0,880.0,2920.0,170.0,－－－－－－－－－－,10.0,20.0,0.0,40.0,0.0,20.0,-1280.0,2780.0,yonden
2018,11,2018-11-06,07:00,2800.0,880.0,2760.0,160.0,－－－－－－－－－－,10.0,240.0,0.0,50.0,0.0,0.0,-1300.0,2800.0,yonden
2018,11,2018-11-06,08:00,2990.0,880.0,2710.0,140.0,－－－－－－－－－－,10.0,520.0,0.0,50.0,0.0,0.0,-1320.0,2990.0,yonden
2018,11,2018-11-06,09:00,3100.0,880.0,2840.0,180.0,－－－－－－－－－－,10.0,830.0,0.0,30.0,0.0,-280.0,-1390.0,3100.0,yonden
2018,11,2018-11-06,10:00,3070.0,880.0,2770.0,140.0,－－－－－－－－－－,10.0,1140.0,0.0,30.0,0.0,-300.0,-1600.0,3070.0,yonden
2018,11,2018-11-06,11:00,3060.0,880.0,2800.0,130.0,－－－－－－－－－－,10.0,1230.0,0.0,40.0,0.0,-300.0,-1730.0,3060.0,yonden
2018,11,2018-11-06,12:00,2930.0,880.0,2960.0,150.0,－－－－－－－－－－,10.0,1220.0,0.0,60.0,0.0,-300.0,-2050.0,2930.0,yonden
2018,11,2018-11-06,13:00,3160.0,880.0,2880.0,110.0,－－－－－－－－－－,10.0,1160.0,0.0,60.0,0.0,-300.0,-1640.0,3160.0,yonden
2018,11,2018-11-06,14:00,3200.0,880.0,2820.0,140.0,－－－－－－－－－－,10.0,940.0,0.0,50.0,0.0,-300.0,-1340.0,3200.0,yonden
2018,11,2018-11-06,15:00,3240.0,880.0,3090.0,180.0,－－－－－－－－－－,10.0,570.0,0.0,60.0,0.0,-120.0,-1430.0,3240.0,yonden
2018,11,2018-11-06,16:00,3290.0,880.0,3340.0,250.0,－－－－－－－－－－,10.0,200.0,0.0,70.0,0.0,130.0,-1590.0,3290.0,yonden
2018,11,2018-11-06,17:00,3270.0,880.0,3260.0,330.0,－－－－－－－－－－,10.0,0.0,0.0,60.0,0.0,330.0,-1600.0,3270.0,yonden
2018,11,2018-11-06,18:00,3240.0,880.0,3280.0,360.0,－－－－－－－－－－,10.0,0.0,0.0,40.0,0.0,260.0,-1590.0,3240.0,yonden
2018,11,2018-11-06,19:00,3070.0,880.0,3210.0,300.0,－－－－－－－－－－,10.0,0.0,0.0,30.0,0.0,150.0,-1510.0,3070.0,yonden
2018,11,2018-11-06,20:00,2930.0,880.0,3080.0,210.0,－－－－－－－－－－,10.0,0.0,0.0,30.0,0.0,210.0,-1490.0,2930.0,yonden
2018,11,2018-11-06,21:00,2780.0,880.0,3010.0,220.0,－－－－－－－－－－,10.0,0.0,0.0,30.0,0.0,190.0,-1560.0,2780.0,yonden
2018,11,2018-11-06,22:00,2580.0,880.0,2950.0,210.0,－－－－－－－－－－,10.0,0.0,0.0,40.0,0.0,30.0,-1540.0,2580.0,yonden
2018,11,2018-11-06,23:00,2470.0,880.0,2920.0,140.0,－－－－－－－－－－,10.0,0.0,0.0,50.0,0.0,0.0,-1530.0,2470.0,yonden
2018,11,2018-11-07,00:00,2350.0,880.0,2870.0,120.0,－－－－－－－－－－,10.0,0.0,0.0,60.0,0.0,0.0,-1590.0,2350.0,yonden
2018,11,2018-11-07,01:00,2380.0,880.0,2860.0,120.0,－－－－－－－－－－,10.0,0.0,0.0,70.0,0.0,0.0,-1560.0,2380.0,yonden
2018,11,2018-11-07,02:00,2570.0,880.0,2870.0,120.0,－－－－－－－－－－,10.0,0.0,0.0,70.0,0.0,0.0,-1380.0,2570.0,yonden
2018,11,2018-11-07,03:00,2840.0,880.0,3040.0,180.0,－－－－－－－－－－,10.0,0.0,0.0,70.0,0.0,20.0,-1360.0,2840.0,yonden
2018,11,2018-11-07,04:00,2940.0,880.0,3060.0,260.0,－－－－－－－－－－,10.0,0.0,0.0,60.0,0.0,190.0,-1520.0,2940.0,yonden
2018,11,2018-11-07,05:00,2900.0,880.0,3080.0,220.0,－－－－－－－－－－,10.0,0.0,0.0,70.0,0.0,170.0,-1530.0,2900.0,yonden
2018,11,2018-11-07,06:00,2820.0,880.0,3080.0,190.0,－－－－－－－－－－,10.0,30.0,0.0,70.0,0.0,30.0,-1470.0,2820.0,yonden
2018,11,2018-11-07,07:00,2780.0,880.0,2820.0,140.0,－－－－－－－－－－,10.0,280.0,0.0,50.0,0.0,0.0,-1400.0,2780.0,yonden
2018,11,2018-11-07,08:00,2910.0,880.0,2930.0,160.0,－－－－－－－－－－,10.0,630.0,0.0,50.0,0.0,-260.0,-1490.0,2910.0,yonden
2018,11,2018-11-07,09:00,3020.0,880.0,2910.0,190.0,－－－－－－－－－－,10.0,1000.0,0.0,40.0,0.0,-300.0,-1710.0,3020.0,yonden
2018,11,2018-11-07,10:00,3040.0,880.0,2770.0,130.0,－－－－－－－－－－,10.0,1250.0,0.0,20.0,0.0,-300.0,-1720.0,3040.0,yonden
2018,11,2018-11-07,11:00,3050.0,880.0,2860.0,100.0,－－－－－－－－－－,10.0,1300.0,0.0,10.0,0.0,-300.0,-1810.0,3050.0,yonden
2018,11,2018-11-07,12:00,2930.0,880.0,2940.0,100.0,－－－－－－－－－－,10.0,1200.0,0.0,10.0,0.0,-250.0,-1960.0,2930.0,yonden
2018,11,2018-11-07,13:00,3150.0,880.0,2820.0,100.0,－－－－－－－－－－,10.0,1110.0,0.0,20.0,0.0,0.0,-1790.0,3150.0,yonden
2018,11,2018-11-07,14:00,3170.0,880.0,2890.0,110.0,－－－－－－－－－－,10.0,920.0,0.0,20.0,0.0,0.0,-1660.0,3170.0,yonden
2018,11,2018-11-07,15:00,3220.0,880.0,3130.0,150.0,－－－－－－－－－－,10.0,590.0,0.0,10.0,0.0,110.0,-1660.0,3220.0,yonden
2018,11,2018-11-07,16:00,3280.0,880.0,3330.0,170.0,－－－－－－－－－－,10.0,200.0,0.0,20.0,0.0,260.0,-1590.0,3280.0,yonden
2018,11,2018-11-07,17:00,3270.0,880.0,3360.0,320.0,－－－－－－－－－－,10.0,0.0,0.0,20.0,0.0,290.0,-1610.0,3270.0,yonden
2018,11,2018-11-07,18:00,3240.0,880.0,3380.0,340.0,－－－－－－－－－－,10.0,0.0,0.0,10.0,0.0,190.0,-1570.0,3240.0,yonden
2018,11,2018-11-07,19:00,3080.0,880.0,3360.0,320.0,－－－－－－－－－－,10.0,0.0,0.0,0.0,0.0,150.0,-1640.0,3080.0,yonden
2018,11,2018-11-07,20:00,2940.0,880.0,3370.0,210.0,－－－－－－－－－－,10.0,0.0,0.0,0.0,0.0,130.0,-1660.0,2940.0,yonden
2018,11,2018-11-07,21:00,2790.0,880.0,3380.0,170.0,－－－－－－－－－－,10.0,0.0,0.0,0.0,0.0,0.0,-1650.0,2790.0,yonden
2018,11,2018-11-07,22:00,2610.0,880.0,3170.0,110.0,－－－－－－－－－－,10.0,0.0,0.0,10.0,0.0,0.0,-1570.0,2610.0,yonden
2018,11,2018-11-07,23:00,2510.0,880.0,2990.0,80.0,－－－－－－－－－－,10.0,0.0,0.0,10.0,0.0,0.0,-1460.0,2510.0,yonden
2018,11,2018-11-08,00:00,2410.0,880.0,2980.0,90.0,－－－－－－－－－－,10.0,0.0,0.0,20.0,0.0,0.0,-1570.0,2410.0,yonden
2018,11,2018-11-08,01:00,2440.0,880.0,2990.0,90.0,－－－－－－－－－－,10.0,0.0,0.0,10.0,0.0,0.0,-1540.0,2440.0,yonden
2018,11,2018-11-08,02:00,2650.0,880.0,3030.0,90.0,－－－－－－－－－－,10.0,0.0,0.0,10.0,0.0,0.0,-1370.0,2650.0,yonden
2018,11,2018-11-08,03:00,2920.0,880.0,3200.0,170.0,－－－－－－－－－－,10.0,0.0,0.0,10.0,0.0,10.0,-1360.0,2920.0,yonden
2018,11,2018-11-08,04:00,3030.0,880.0,3260.0,270.0,－－－－－－－－－－,10.0,0.0,0.0,20.0,0.0,50.0,-1460.0,3030.0,yonden
2018,11,2018-11-08,05:00,2940.0,880.0,3250.0,230.0,－－－－－－－－－－,10.0,0.0,0.0,20.0,0.0,30.0,-1480.0,2940.0,yonden
2018,11,2018-11-08,06:00,2800.0,880.0,3120.0,200.0,－－－－－－－－－－,10.0,20.0,0.0,10.0,0.0,10.0,-1450.0,2800.0,yonden
2018,11,2018-11-08,07:00,2780.0,880.0,2870.0,170.0,－－－－－－－－－－,10.0,250.0,0.0,20.0,0.0,0.0,-1420.0,2780.0,yonden
2018,11,2018-11-08,08:00,2930.0,880.0,2840.0,180.0,－－－－－－－－－－,10.0,560.0,0.0,20.0,0.0,-100.0,-1460.0,2930.0,yonden
2018,11,2018-11-08,09:00,3020.0,880.0,2970.0,190.0,－－－－－－－－－－,10.0,880.0,0.0,20.0,0.0,-310.0,-1620.0,3020.0,yonden
2018,11,2018-11-08,10:00,3040.0,880.0,2910.0,140.0,－－－－－－－－－－,10.0,1100.0,0.0,20.0,0.0,-300.0,-1720.0,3040.0,yonden
2018,11,2018-11-08,11:00,3060.0,880.0,3030.0,110.0,－－－－－－－－－－,10.0,1190.0,0.0,10.0,0.0,-300.0,-1870.0,3060.0,yonden
2018,11,2018-11-08,12:00,2900.0,880.0,2990.0,90.0,－－－－－－－－－－,10.0,1120.0,0.0,10.0,0.0,-280.0,-1920.0,2900.0,yonden
2018,11,2018-11-08,13:00,3110.0,880.0,2870.0,50.0,－－－－－－－－－－,10.0,990.0,0.0,10.0,0.0,20.0,-1720.0,3110.0,yonden
2018,11,2018-11-08,14:00,3230.0,880.0,3060.0,80.0,－－－－－－－－－－,10.0,690.0,0.0,30.0,0.0,40.0,-1560.0,3230.0,yonden
2018,11,2018-11-08,15:00,3190.0,880.0,3100.0,100.0,－－－－－－－－－－,10.0,320.0,0.0,50.0,0.0,190.0,-1460.0,3190.0,yonden
2018,11,2018-11-08,16:00,3290.0,880.0,3340.0,170.0,－－－－－－－－－－,10.0,90.0,0.0,80.0,0.0,310.0,-1590.0,3290.0,yonden
2018,11,2018-11-08,17:00,3330.0,880.0,3370.0,320.0,－－－－－－－－－－,10.0,0.0,0.0,100.0,0.0,320.0,-1670.0,3330.0,yonden
2018,11,2018-11-08,18:00,3260.0,880.0,3290.0,350.0,－－－－－－－－－－,10.0,0.0,0.0,120.0,0.0,320.0,-1710.0,3260.0,yonden
2018,11,2018-11-08,19:00,3090.0,880.0,3160.0,260.0,－－－－－－－－－－,10.0,0.0,0.0,130.0,0.0,320.0,-1670.0,3090.0,yonden
2018,11,2018-11-08,20:00,2940.0,880.0,2950.0,170.0,－－－－－－－－－－,10.0,0.0,0.0,130.0,0.0,300.0,-1500.0,2940.0,yonden
2018,11,2018-11-08,21:00,2780.0,880.0,2880.0,110.0,－－－－－－－－－－,10.0,0.0,0.0,140.0,0.0,260.0,-1500.0,2780.0,yonden
2018,11,2018-11-08,22:00,2590.0,880.0,2890.0,110.0,－－－－－－－－－－,10.0,0.0,0.0,130.0,0.0,80.0,-1510.0,2590.0,yonden
2018,11,2018-11-08,23:00,2480.0,880.0,2870.0,100.0,－－－－－－－－－－,10.0,0.0,0.0,130.0,0.0,0.0,-1510.0,2480.0,yonden
2018,11,2018-11-09,00:00,2380.0,880.0,2930.0,80.0,－－－－－－－－－－,10.0,0.0,0.0,120.0,0.0,0.0,-1640.0,2380.0,yonden
2018,11,2018-11-09,01:00,2390.0,880.0,2910.0,90.0,－－－－－－－－－－,10.0,0.0,0.0,110.0,0.0,0.0,-1610.0,2390.0,yonden
2018,11,2018-11-09,02:00,2570.0,880.0,2900.0,90.0,－－－－－－－－－－,10.0,0.0,0.0,90.0,0.0,0.0,-1400.0,2570.0,yonden
2018,11,2018-11-09,03:00,2810.0,880.0,2960.0,160.0,－－－－－－－－－－,10.0,0.0,0.0,90.0,0.0,20.0,-1310.0,2810.0,yonden
2018,11,2018-11-09,04:00,2900.0,880.0,2980.0,250.0,－－－－－－－－－－,10.0,0.0,0.0,60.0,0.0,30.0,-1310.0,2900.0,yonden
2018,11,2018-11-09,05:00,2820.0,880.0,2980.0,240.0,－－－－－－－－－－,10.0,0.0,0.0,40.0,0.0,20.0,-1350.0,2820.0,yonden
2018,11,2018-11-09,06:00,2730.0,880.0,2940.0,250.0,－－－－－－－－－－,10.0,20.0,0.0,30.0,0.0,0.0,-1400.0,2730.0,yonden
2018,11,2018-11-09,07:00,2820.0,880.0,2830.0,230.0,－－－－－－－－－－,10.0,170.0,0.0,30.0,0.0,0.0,-1330.0,2820.0,yonden
2018,11,2018-11-09,08:00,3060.0,880.0,2800.0,200.0,－－－－－－－－－－,10.0,360.0,0.0,40.0,0.0,0.0,-1230.0,3060.0,yonden
2018,11,2018-11-09,09:00,3170.0,880.0,2850.0,270.0,－－－－－－－－－－,10.0,610.0,0.0,30.0,0.0,-240.0,-1240.0,3170.0,yonden
2018,11,2018-11-09,10:00,3180.0,880.0,2960.0,250.0,－－－－－－－－－－,10.0,720.0,0.0,30.0,0.0,-310.0,-1360.0,3180.0,yonden
2018,11,2018-11-09,11:00,3210.0,880.0,3160.0,190.0,－－－－－－－－－－,10.0,650.0,0.0,30.0,0.0,-250.0,-1460.0,3210.0,yonden
2018,11,2018-11-09,12:00,3050.0,880.0,3080.0,150.0,－－－－－－－－－－,10.0,490.0,0.0,20.0,0.0,10.0,-1590.0,3050.0,yonden
2018,11,2018-11-09,13:00,3250.0,880.0,3260.0,190.0,－－－－－－－－－－,10.0,410.0,0.0,30.0,0.0,0.0,-1530.0,3250.0,yonden
2018,11,2018-11-09,14:00,3290.0,880.0,3170.0,160.0,－－－－－－－－－－,10.0,340.0,0.0,50.0,0.0,130.0,-1450.0,3290.0,yonden
2018,11,2018-11-09,15:00,3270.0,880.0,3200.0,160.0,－－－－－－－－－－,10.0,250.0,0.0,80.0,0.0,140.0,-1450.0,3270.0,yonden
2018,11,2018-11-09,16:00,3310.0,880.0,3400.0,240.0,－－－－－－－－－－,10.0,100.0,0.0,90.0,0.0,160.0,-1570.0,3310.0,yonden
2018,11,2018-11-09,17:00,3300.0,880.0,3430.0,360.0,－－－－－－－－－－,10.0,0.0,0.0,90.0,0.0,230.0,-1700.0,3300.0,yonden
2018,11,2018-11-09,18:00,3220.0,880.0,3370.0,410.0,－－－－－－－－－－,10.0,0.0,0.0,100.0,0.0,190.0,-1740.0,3220.0,yonden
2018,11,2018-11-09,19:00,3050.0,880.0,3350.0,380.0,－－－－－－－－－－,10.0,0.0,0.0,110.0,0.0,120.0,-1800.0,3050.0,yonden
2018,11,2018-11-09,20:00,2890.0,880.0,3140.0,300.0,－－－－－－－－－－,10.0,0.0,0.0,130.0,0.0,10.0,-1580.0,2890.0,yonden
2018,11,2018-11-09,21:00,2730.0,880.0,2910.0,220.0,－－－－－－－－－－,10.0,0.0,0.0,130.0,0.0,0.0,-1420.0,2730.0,yonden
2018,11,2018-11-09,22:00,2550.0,880.0,2870.0,150.0,－－－－－－－－－－,10.0,0.0,0.0,130.0,0.0,0.0,-1490.0,2550.0,yonden
2018,11,2018-11-09,23:00,2460.0,880.0,2800.0,110.0,－－－－－－－－－－,10.0,0.0,0.0,130.0,0.0,0.0,-1470.0,2460.0,yonden
2018,11,2018-11-10,00:00,2330.0,880.0,2740.0,90.0,－－－－－－－－－－,10.0,0.0,0.0,130.0,0.0,0.0,-1520.0,2330.0,yonden
2018,11,2018-11-10,01:00,2350.0,880.0,2730.0,100.0,－－－－－－－－－－,10.0,0.0,0.0,130.0,0.0,0.0,-1500.0,2350.0,yonden
2018,11,2018-11-10,02:00,2520.0,880.0,2780.0,110.0,－－－－－－－－－－,10.0,0.0,0.0,120.0,0.0,0.0,-1380.0,2520.0,yonden
2018,11,2018-11-10,03:00,2740.0,880.0,2900.0,210.0,－－－－－－－－－－,10.0,0.0,0.0,130.0,0.0,0.0,-1390.0,2740.0,yonden
2018,11,2018-11-10,04:00,2840.0,880.0,2930.0,250.0,－－－－－－－－－－,10.0,0.0,0.0,140.0,0.0,30.0,-1400.0,2840.0,yonden
2018,11,2018-11-10,05:00,2740.0,880.0,2900.0,200.0,－－－－－－－－－－,10.0,0.0,0.0,120.0,0.0,30.0,-1400.0,2740.0,yonden
2018,11,2018-11-10,06:00,2550.0,880.0,2800.0,230.0,－－－－－－－－－－,10.0,20.0,0.0,120.0,0.0,0.0,-1510.0,2550.0,yonden
2018,11,2018-11-10,07:00,2500.0,880.0,2730.0,180.0,－－－－－－－－－－,10.0,230.0,0.0,110.0,0.0,0.0,-1640.0,2500.0,yonden
2018,11,2018-11-10,08:00,2560.0,880.0,2690.0,130.0,－－－－－－－－－－,10.0,580.0,0.0,100.0,0.0,-60.0,-1770.0,2560.0,yonden
2018,11,2018-11-10,09:00,2610.0,880.0,2630.0,130.0,－－－－－－－－－－,10.0,960.0,0.0,80.0,0.0,-310.0,-1770.0,2610.0,yonden
2018,11,2018-11-10,10:00,2610.0,880.0,2590.0,100.0,－－－－－－－－－－,10.0,1220.0,0.0,70.0,0.0,-310.0,-1950.0,2610.0,yonden
2018,11,2018-11-10,11:00,2600.0,880.0,2550.0,90.0,－－－－－－－－－－,10.0,1350.0,0.0,70.0,0.0,-310.0,-2040.0,2600.0,yonden
2018,11,2018-11-10,12:00,2540.0,880.0,2640.0,80.0,－－－－－－－－－－,10.0,1360.0,0.0,90.0,0.0,-310.0,-2210.0,2540.0,yonden
2018,11,2018-11-10,13:00,2650.0,880.0,2630.0,80.0,－－－－－－－－－－,10.0,1230.0,0.0,90.0,0.0,-310.0,-1960.0,2650.0,yonden
2018,11,2018-11-10,14:00,2690.0,880.0,2710.0,90.0,－－－－－－－－－－,10.0,960.0,0.0,80.0,0.0,-180.0,-1860.0,2690.0,yonden
2018,11,2018-11-10,15:00,2740.0,880.0,2740.0,90.0,－－－－－－－－－－,10.0,590.0,0.0,80.0,0.0,0.0,-1650.0,2740.0,yonden
2018,11,2018-11-10,16:00,2800.0,880.0,2990.0,150.0,－－－－－－－－－－,10.0,190.0,0.0,80.0,0.0,0.0,-1500.0,2800.0,yonden
2018,11,2018-11-10,17:00,2850.0,880.0,2990.0,230.0,－－－－－－－－－－,10.0,0.0,0.0,80.0,0.0,190.0,-1530.0,2850.0,yonden
2018,11,2018-11-10,18:00,2870.0,880.0,2960.0,260.0,－－－－－－－－－－,10.0,0.0,0.0,80.0,0.0,260.0,-1580.0,2870.0,yonden
2018,11,2018-11-10,19:00,2770.0,880.0,2940.0,260.0,－－－－－－－－－－,10.0,0.0,0.0,70.0,0.0,170.0,-1560.0,2770.0,yonden
2018,11,2018-11-10,20:00,2700.0,880.0,2870.0,130.0,－－－－－－－－－－,10.0,0.0,0.0,60.0,0.0,160.0,-1410.0,2700.0,yonden
2018,11,2018-11-10,21:00,2550.0,880.0,2830.0,90.0,－－－－－－－－－－,10.0,0.0,0.0,60.0,0.0,20.0,-1340.0,2550.0,yonden
2018,11,2018-11-10,22:00,2390.0,880.0,2780.0,100.0,－－－－－－－－－－,10.0,0.0,0.0,60.0,0.0,-50.0,-1390.0,2390.0,yonden
2018,11,2018-11-10,23:00,2300.0,880.0,2970.0,150.0,－－－－－－－－－－,10.0,0.0,0.0,70.0,0.0,-290.0,-1490.0,2300.0,yonden
2018,11,2018-11-11,00:00,2210.0,880.0,2860.0,110.0,－－－－－－－－－－,10.0,0.0,0.0,70.0,0.0,-310.0,-1410.0,2210.0,yonden
2018,11,2018-11-11,01:00,2250.0,880.0,2850.0,80.0,－－－－－－－－－－,10.0,0.0,0.0,70.0,0.0,-260.0,-1380.0,2250.0,yonden
2018,11,2018-11-11,02:00,2460.0,880.0,2870.0,90.0,－－－－－－－－－－,10.0,0.0,0.0,60.0,0.0,0.0,-1450.0,2460.0,yonden
2018,11,2018-11-11,03:00,2700.0,880.0,2950.0,180.0,－－－－－－－－－－,10.0,0.0,0.0,50.0,0.0,0.0,-1370.0,2700.0,yonden
2018,11,2018-11-11,04:00,2790.0,880.0,2940.0,240.0,－－－－－－－－－－,10.0,0.0,0.0,60.0,0.0,20.0,-1360.0,2790.0,yonden
2018,11,2018-11-11,05:00,2700.0,880.0,2950.0,180.0,－－－－－－－－－－,10.0,0.0,0.0,60.0,0.0,0.0,-1380.0,2700.0,yonden
2018,11,2018-11-11,06:00,2450.0,880.0,2820.0,120.0,－－－－－－－－－－,10.0,20.0,0.0,40.0,0.0,0.0,-1440.0,2450.0,yonden
2018,11,2018-11-11,07:00,2310.0,880.0,2760.0,140.0,－－－－－－－－－－,10.0,250.0,0.0,20.0,0.0,-280.0,-1470.0,2310.0,yonden
2018,11,2018-11-11,08:00,2240.0,880.0,2640.0,150.0,－－－－－－－－－－,10.0,590.0,0.0,20.0,0.0,-310.0,-1740.0,2240.0,yonden
2018,11,2018-11-11,09:00,2230.0,880.0,2600.0,110.0,－－－－－－－－－－,10.0,950.0,0.0,20.0,0.0,-310.0,-2030.0,2230.0,yonden
2018,11,2018-11-11,10:00,2220.0,880.0,2640.0,100.0,－－－－－－－－－－,10.0,1200.0,0.0,10.0,0.0,-310.0,-2310.0,2220.0,yonden
2018,11,2018-11-11,11:00,2220.0,880.0,2590.0,80.0,－－－－－－－－－－,10.0,1320.0,0.0,10.0,0.0,-310.0,-2360.0,2220.0,yonden
2018,11,2018-11-11,12:00,2260.0,880.0,2600.0,80.0,－－－－－－－－－－,10.0,1320.0,0.0,0.0,0.0,-300.0,-2330.0,2260.0,yonden
2018,11,2018-11-11,13:00,2290.0,880.0,2680.0,80.0,－－－－－－－－－－,10.0,1170.0,0.0,0.0,0.0,-300.0,-2230.0,2290.0,yonden
2018,11,2018-11-11,14:00,2350.0,880.0,2760.0,80.0,－－－－－－－－－－,20.0,900.0,0.0,0.0,0.0,-260.0,-2030.0,2350.0,yonden
2018,11,2018-11-11,15:00,2390.0,880.0,2730.0,90.0,－－－－－－－－－－,10.0,540.0,0.0,0.0,0.0,0.0,-1860.0,2390.0,yonden
2018,11,2018-11-11,16:00,2520.0,880.0,2930.0,110.0,－－－－－－－－－－,10.0,180.0,0.0,0.0,0.0,30.0,-1620.0,2520.0,yonden
2018,11,2018-11-11,17:00,2720.0,880.0,2950.0,190.0,－－－－－－－－－－,10.0,0.0,0.0,0.0,0.0,220.0,-1530.0,2720.0,yonden
2018,11,2018-11-11,18:00,2780.0,880.0,2960.0,240.0,－－－－－－－－－－,20.0,0.0,0.0,0.0,0.0,200.0,-1520.0,2780.0,yonden
2018,11,2018-11-11,19:00,2720.0,880.0,2950.0,310.0,－－－－－－－－－－,10.0,0.0,0.0,0.0,0.0,30.0,-1460.0,2720.0,yonden
2018,11,2018-11-11,20:00,2640.0,880.0,2890.0,250.0,－－－－－－－－－－,10.0,0.0,0.0,0.0,0.0,0.0,-1390.0,2640.0,yonden
2018,11,2018-11-11,21:00,2500.0,880.0,2870.0,160.0,－－－－－－－－－－,10.0,0.0,0.0,0.0,0.0,0.0,-1420.0,2500.0,yonden
2018,11,2018-11-11,22:00,2330.0,880.0,2920.0,110.0,－－－－－－－－－－,10.0,0.0,0.0,0.0,0.0,0.0,-1590.0,2330.0,yonden
2018,11,2018-11-11,23:00,2260.0,880.0,2930.0,80.0,－－－－－－－－－－,10.0,0.0,0.0,10.0,0.0,0.0,-1650.0,2260.0,yonden
2018,11,2018-11-12,00:00,2160.0,880.0,2870.0,90.0,－－－－－－－－－－,10.0,0.0,0.0,10.0,0.0,-260.0,-1440.0,2160.0,yonden
2018,11,2018-11-12,01:00,2200.0,880.0,2910.0,80.0,－－－－－－－－－－,10.0,0.0,0.0,0.0,0.0,-280.0,-1400.0,2200.0,yonden
2018,11,2018-11-12,02:00,2430.0,880.0,3150.0,80.0,－－－－－－－－－－,20.0,0.0,0.0,0.0,0.0,-30.0,-1670.0,2430.0,yonden
2018,11,2018-11-12,03:00,2700.0,880.0,3280.0,140.0,－－－－－－－－－－,10.0,0.0,0.0,0.0,0.0,0.0,-1610.0,2700.0,yonden
2018,11,2018-11-12,04:00,2800.0,880.0,3350.0,180.0,－－－－－－－－－－,10.0,0.0,0.0,0.0,0.0,0.0,-1620.0,2800.0,yonden
2018,11,2018-11-12,05:00,2770.0,880.0,3400.0,150.0,－－－－－－－－－－,10.0,0.0,0.0,0.0,0.0,0.0,-1670.0,2770.0,yonden
2018,11,2018-11-12,06:00,2700.0,880.0,3480.0,110.0,－－－－－－－－－－,10.0,20.0,0.0,0.0,0.0,20.0,-1820.0,2700.0,yonden
2018,11,2018-11-12,07:00,2720.0,880.0,3490.0,100.0,－－－－－－－－－－,10.0,180.0,0.0,0.0,0.0,0.0,-1940.0,2720.0,yonden
2018,11,2018-11-12,08:00,2920.0,880.0,3600.0,130.0,－－－－－－－－－－,10.0,300.0,0.0,0.0,0.0,0.0,-2000.0,2920.0,yonden
2018,11,2018-11-12,09:00,3170.0,880.0,3840.0,190.0,－－－－－－－－－－,10.0,340.0,0.0,0.0,0.0,20.0,-2110.0,3170.0,yonden
2018,11,2018-11-12,10:00,3160.0,880.0,3800.0,170.0,－－－－－－－－－－,10.0,290.0,0.0,0.0,0.0,170.0,-2160.0,3160.0,yonden
2018,11,2018-11-12,11:00,3200.0,880.0,3840.0,130.0,－－－－－－－－－－,10.0,260.0,0.0,0.0,0.0,70.0,-1990.0,3200.0,yonden
2018,11,2018-11-12,12:00,3070.0,880.0,3910.0,140.0,－－－－－－－－－－,10.0,190.0,0.0,0.0,0.0,20.0,-2080.0,3070.0,yonden
2018,11,2018-11-12,13:00,3310.0,880.0,3900.0,160.0,－－－－－－－－－－,10.0,120.0,0.0,10.0,0.0,190.0,-1960.0,3310.0,yonden
2018,11,2018-11-12,14:00,3350.0,880.0,3850.0,140.0,－－－－－－－－－－,10.0,90.0,0.0,10.0,0.0,190.0,-1820.0,3350.0,yonden
2018,11,2018-11-12,15:00,3370.0,880.0,3820.0,190.0,－－－－－－－－－－,10.0,50.0,0.0,10.0,0.0,0.0,-1590.0,3370.0,yonden
2018,11,2018-11-12,16:00,3430.0,880.0,3760.0,230.0,－－－－－－－－－－,10.0,20.0,0.0,10.0,0.0,0.0,-1480.0,3430.0,yonden
2018,11,2018-11-12,17:00,3420.0,880.0,3740.0,270.0,－－－－－－－－－－,10.0,0.0,0.0,10.0,0.0,0.0,-1490.0,3420.0,yonden
2018,11,2018-11-12,18:00,3370.0,880.0,3750.0,270.0,－－－－－－－－－－,10.0,0.0,0.0,10.0,0.0,10.0,-1560.0,3370.0,yonden
2018,11,2018-11-12,19:00,3210.0,880.0,3740.0,270.0,－－－－－－－－－－,10.0,0.0,0.0,10.0,0.0,20.0,-1720.0,3210.0,yonden
2018,11,2018-11-12,20:00,3030.0,880.0,3710.0,140.0,－－－－－－－－－－,10.0,0.0,0.0,20.0,0.0,10.0,-1740.0,3030.0,yonden
2018,11,2018-11-12,21:00,2850.0,880.0,3640.0,110.0,－－－－－－－－－－,10.0,0.0,0.0,30.0,0.0,0.0,-1820.0,2850.0,yonden
2018,11,2018-11-12,22:00,2650.0,880.0,3590.0,120.0,－－－－－－－－－－,10.0,0.0,0.0,40.0,0.0,0.0,-1990.0,2650.0,yonden
2018,11,2018-11-12,23:00,2540.0,880.0,3580.0,100.0,－－－－－－－－－－,10.0,0.0,0.0,50.0,0.0,0.0,-2080.0,2540.0,yonden
2018,11,2018-11-13,00:00,2440.0,880.0,3610.0,90.0,－－－－－－－－－－,10.0,0.0,0.0,50.0,0.0,0.0,-2200.0,2440.0,yonden
2018,11,2018-11-13,01:00,2460.0,880.0,3600.0,90.0,－－－－－－－－－－,10.0,0.0,0.0,60.0,0.0,0.0,-2180.0,2460.0,yonden
2018,11,2018-11-13,02:00,2670.0,880.0,3650.0,110.0,－－－－－－－－－－,10.0,0.0,0.0,60.0,0.0,0.0,-2040.0,2670.0,yonden
2018,11,2018-11-13,03:00,2920.0,880.0,3630.0,190.0,－－－－－－－－－－,10.0,0.0,0.0,70.0,0.0,20.0,-1880.0,2920.0,yonden
2018,11,2018-11-13,04:00,3010.0,880.0,3640.0,250.0,－－－－－－－－－－,10.0,0.0,0.0,70.0,0.0,20.0,-1860.0,3010.0,yonden
2018,11,2018-11-13,05:00,2930.0,880.0,3660.0,190.0,－－－－－－－－－－,10.0,0.0,0.0,60.0,0.0,0.0,-1870.0,2930.0,yonden
2018,11,2018-11-13,06:00,2830.0,880.0,3580.0,130.0,－－－－－－－－－－,10.0,10.0,0.0,60.0,0.0,0.0,-1840.0,2830.0,yonden
2018,11,2018-11-13,07:00,2900.0,880.0,3610.0,130.0,－－－－－－－－－－,10.0,80.0,0.0,60.0,0.0,0.0,-1870.0,2900.0,yonden
2018,11,2018-11-13,08:00,3220.0,880.0,3780.0,150.0,－－－－－－－－－－,10.0,150.0,0.0,60.0,0.0,0.0,-1810.0,3220.0,yonden
2018,11,2018-11-13,09:00,3360.0,880.0,3800.0,210.0,－－－－－－－－－－,10.0,250.0,0.0,70.0,0.0,0.0,-1860.0,3360.0,yonden
2018,11,2018-11-13,10:00,3330.0,880.0,3820.0,190.0,－－－－－－－－－－,10.0,290.0,0.0,60.0,0.0,0.0,-1920.0,3330.0,yonden
2018,11,2018-11-13,11:00,3300.0,880.0,3830.0,170.0,－－－－－－－－－－,10.0,310.0,0.0,50.0,0.0,0.0,-1950.0,3300.0,yonden
2018,11,2018-11-13,12:00,3090.0,880.0,3810.0,120.0,－－－－－－－－－－,10.0,310.0,0.0,60.0,0.0,0.0,-2100.0,3090.0,yonden
2018,11,2018-11-13,13:00,3270.0,880.0,3860.0,110.0,－－－－－－－－－－,10.0,270.0,0.0,60.0,0.0,0.0,-1920.0,3270.0,yonden
2018,11,2018-11-13,14:00,3270.0,880.0,3770.0,110.0,－－－－－－－－－－,10.0,260.0,0.0,70.0,0.0,0.0,-1830.0,3270.0,yonden
2018,11,2018-11-13,15:00,3280.0,880.0,3770.0,150.0,－－－－－－－－－－,10.0,170.0,0.0,70.0,0.0,80.0,-1850.0,3280.0,yonden
2018,11,2018-11-13,16:00,3370.0,880.0,3810.0,260.0,－－－－－－－－－－,10.0,60.0,0.0,60.0,0.0,260.0,-1970.0,3370.0,yonden
2018,11,2018-11-13,17:00,3410.0,880.0,3800.0,350.0,－－－－－－－－－－,10.0,0.0,0.0,60.0,0.0,320.0,-2010.0,3410.0,yonden
2018,11,2018-11-13,18:00,3370.0,880.0,3800.0,380.0,－－－－－－－－－－,10.0,0.0,0.0,60.0,0.0,330.0,-2090.0,3370.0,yonden
2018,11,2018-11-13,19:00,3230.0,880.0,3790.0,340.0,－－－－－－－－－－,10.0,0.0,0.0,60.0,0.0,200.0,-2050.0,3230.0,yonden
2018,11,2018-11-13,20:00,3060.0,880.0,3710.0,190.0,－－－－－－－－－－,10.0,0.0,0.0,90.0,0.0,0.0,-1820.0,3060.0,yonden
2018,11,2018-11-13,21:00,2870.0,880.0,3640.0,170.0,－－－－－－－－－－,10.0,0.0,0.0,90.0,0.0,0.0,-1920.0,2870.0,yonden
2018,11,2018-11-13,22:00,2680.0,880.0,3640.0,100.0,－－－－－－－－－－,10.0,0.0,0.0,90.0,0.0,0.0,-2040.0,2680.0,yonden
2018,11,2018-11-13,23:00,2560.0,880.0,3610.0,90.0,－－－－－－－－－－,10.0,0.0,0.0,90.0,0.0,0.0,-2120.0,2560.0,yonden
2018,11,2018-11-14,00:00,2450.0,880.0,3560.0,90.0,－－－－－－－－－－,10.0,0.0,0.0,100.0,0.0,0.0,-2190.0,2450.0,yonden
2018,11,2018-11-14,01:00,2480.0,880.0,3540.0,90.0,－－－－－－－－－－,10.0,0.0,0.0,110.0,0.0,0.0,-2150.0,2480.0,yonden
2018,11,2018-11-14,02:00,2690.0,880.0,3580.0,110.0,－－－－－－－－－－,10.0,0.0,0.0,110.0,0.0,0.0,-2000.0,2690.0,yonden
2018,11,2018-11-14,03:00,2950.0,880.0,3600.0,130.0,－－－－－－－－－－,10.0,0.0,0.0,120.0,0.0,0.0,-1790.0,2950.0,yonden
2018,11,2018-11-14,04:00,3040.0,880.0,3620.0,210.0,－－－－－－－－－－,10.0,0.0,0.0,100.0,0.0,20.0,-1800.0,3040.0,yonden
2018,11,2018-11-14,05:00,3000.0,880.0,3660.0,190.0,－－－－－－－－－－,10.0,0.0,0.0,100.0,0.0,10.0,-1850.0,3000.0,yonden
2018,11,2018-11-14,06:00,2910.0,880.0,3700.0,140.0,－－－－－－－－－－,10.0,10.0,0.0,90.0,0.0,0.0,-1920.0,2910.0,yonden
2018,11,2018-11-14,07:00,2910.0,880.0,3650.0,130.0,－－－－－－－－－－,10.0,200.0,0.0,90.0,0.0,0.0,-2050.0,2910.0,yonden
2018,11,2018-11-14,08:00,3020.0,880.0,3690.0,150.0,－－－－－－－－－－,10.0,420.0,0.0,90.0,0.0,0.0,-2220.0,3020.0,yonden
2018,11,2018-11-14,09:00,3090.0,880.0,3640.0,190.0,－－－－－－－－－－,10.0,720.0,0.0,70.0,0.0,-100.0,-2320.0,3090.0,yonden
2018,11,2018-11-14,10:00,3090.0,880.0,3660.0,160.0,－－－－－－－－－－,10.0,950.0,0.0,80.0,0.0,-310.0,-2340.0,3090.0,yonden
2018,11,2018-11-14,11:00,3060.0,880.0,3500.0,110.0,－－－－－－－－－－,10.0,1110.0,0.0,70.0,0.0,-310.0,-2310.0,3060.0,yonden
2018,11,2018-11-14,12:00,2870.0,880.0,3300.0,90.0,－－－－－－－－－－,10.0,1160.0,0.0,70.0,0.0,-310.0,-2330.0,2870.0,yonden
2018,11,2018-11-14,13:00,3090.0,880.0,3520.0,90.0,－－－－－－－－－－,10.0,1060.0,0.0,80.0,0.0,-300.0,-2250.0,3090.0,yonden
2018,11,2018-11-14,14:00,3130.0,880.0,3440.0,90.0,－－－－－－－－－－,10.0,710.0,0.0,70.0,0.0,0.0,-2070.0,3130.0,yonden
2018,11,2018-11-14,15:00,3180.0,880.0,3580.0,120.0,－－－－－－－－－－,10.0,370.0,0.0,80.0,0.0,50.0,-1910.0,3180.0,yonden
2018,11,2018-11-14,16:00,3280.0,880.0,3640.0,230.0,－－－－－－－－－－,10.0,110.0,0.0,80.0,0.0,270.0,-1940.0,3280.0,yonden
2018,11,2018-11-14,17:00,3370.0,880.0,3730.0,310.0,－－－－－－－－－－,10.0,0.0,0.0,70.0,0.0,330.0,-1960.0,3370.0,yonden
2018,11,2018-11-14,18:00,3380.0,880.0,3720.0,380.0,－－－－－－－－－－,10.0,0.0,0.0,70.0,0.0,320.0,-2000.0,3380.0,yonden
2018,11,2018-11-14,19:00,3250.0,880.0,3720.0,330.0,－－－－－－－－－－,10.0,0.0,0.0,80.0,0.0,50.0,-1820.0,3250.0,yonden
2018,11,2018-11-14,20:00,3110.0,880.0,3700.0,210.0,－－－－－－－－－－,10.0,0.0,0.0,70.0,0.0,0.0,-1760.0,3110.0,yonden
2018,11,2018-11-14,21:00,2910.0,880.0,3670.0,150.0,－－－－－－－－－－,10.0,0.0,0.0,70.0,0.0,0.0,-1870.0,2910.0,yonden
2018,11,2018-11-14,22:00,2680.0,880.0,3640.0,90.0,－－－－－－－－－－,10.0,0.0,0.0,70.0,0.0,0.0,-2010.0,2680.0,yonden
2018,11,2018-11-14,23:00,2560.0,880.0,3580.0,100.0,－－－－－－－－－－,10.0,0.0,0.0,70.0,0.0,0.0,-2080.0,2560.0,yonden
2018,11,2018-11-15,00:00,2440.0,880.0,3540.0,80.0,－－－－－－－－－－,10.0,0.0,0.0,60.0,0.0,0.0,-2130.0,2440.0,yonden
2018,11,2018-11-15,01:00,2490.0,880.0,3560.0,90.0,－－－－－－－－－－,10.0,0.0,0.0,50.0,0.0,0.0,-2100.0,2490.0,yonden
2018,11,2018-11-15,02:00,2700.0,880.0,3580.0,100.0,－－－－－－－－－－,10.0,0.0,0.0,40.0,0.0,0.0,-1910.0,2700.0,yonden
2018,11,2018-11-15,03:00,2960.0,880.0,3600.0,100.0,－－－－－－－－－－,10.0,0.0,0.0,50.0,0.0,0.0,-1680.0,2960.0,yonden
2018,11,2018-11-15,04:00,3060.0,880.0,3590.0,200.0,－－－－－－－－－－,10.0,0.0,0.0,50.0,0.0,20.0,-1690.0,3060.0,yonden
2018,11,2018-11-15,05:00,3020.0,880.0,3640.0,170.0,－－－－－－－－－－,10.0,0.0,0.0,40.0,0.0,20.0,-1740.0,3020.0,yonden
2018,11,2018-11-15,06:00,2980.0,880.0,3650.0,180.0,－－－－－－－－－－,10.0,10.0,0.0,40.0,0.0,0.0,-1790.0,2980.0,yonden
2018,11,2018-11-15,07:00,2980.0,880.0,3510.0,170.0,－－－－－－－－－－,10.0,230.0,0.0,30.0,0.0,0.0,-1850.0,2980.0,yonden
2018,11,2018-11-15,08:00,3050.0,880.0,3370.0,130.0,－－－－－－－－－－,10.0,570.0,0.0,20.0,0.0,0.0,-1930.0,3050.0,yonden
2018,11,2018-11-15,09:00,3080.0,880.0,3240.0,120.0,－－－－－－－－－－,10.0,950.0,0.0,20.0,0.0,0.0,-2140.0,3080.0,yonden
2018,11,2018-11-15,10:00,3020.0,880.0,3250.0,130.0,－－－－－－－－－－,10.0,1200.0,0.0,20.0,0.0,-150.0,-2320.0,3020.0,yonden
2018,11,2018-11-15,11:00,2990.0,880.0,3210.0,130.0,－－－－－－－－－－,10.0,1280.0,0.0,20.0,0.0,-310.0,-2230.0,2990.0,yonden
2018,11,2018-11-15,12:00,2810.0,880.0,3030.0,110.0,－－－－－－－－－－,10.0,1280.0,0.0,20.0,0.0,-310.0,-2210.0,2810.0,yonden
2018,11,2018-11-15,13:00,3030.0,880.0,3160.0,100.0,－－－－－－－－－－,10.0,1170.0,0.0,20.0,0.0,-50.0,-2260.0,3030.0,yonden
2018,11,2018-11-15,14:00,3070.0,880.0,3200.0,90.0,－－－－－－－－－－,10.0,930.0,0.0,30.0,0.0,0.0,-2070.0,3070.0,yonden
2018,11,2018-11-15,15:00,3170.0,880.0,3370.0,100.0,－－－－－－－－－－,10.0,570.0,0.0,30.0,0.0,0.0,-1790.0,3170.0,yonden
2018,11,2018-11-15,16:00,3290.0,880.0,3620.0,190.0,－－－－－－－－－－,10.0,170.0,0.0,30.0,0.0,210.0,-1820.0,3290.0,yonden
2018,11,2018-11-15,17:00,3360.0,880.0,3670.0,290.0,－－－－－－－－－－,10.0,0.0,0.0,30.0,0.0,360.0,-1880.0,3360.0,yonden
2018,11,2018-11-15,18:00,3370.0,880.0,3640.0,350.0,－－－－－－－－－－,10.0,0.0,0.0,20.0,0.0,310.0,-1840.0,3370.0,yonden
2018,11,2018-11-15,19:00,3240.0,880.0,3610.0,350.0,－－－－－－－－－－,10.0,0.0,0.0,10.0,0.0,30.0,-1650.0,3240.0,yonden
2018,11,2018-11-15,20:00,3100.0,880.0,3620.0,240.0,－－－－－－－－－－,10.0,0.0,0.0,10.0,0.0,0.0,-1660.0,3100.0,yonden
2018,11,2018-11-15,21:00,2920.0,880.0,3640.0,160.0,－－－－－－－－－－,10.0,0.0,0.0,0.0,0.0,0.0,-1770.0,2920.0,yonden
2018,11,2018-11-15,22:00,2700.0,880.0,3630.0,100.0,－－－－－－－－－－,10.0,0.0,0.0,0.0,0.0,0.0,-1920.0,2700.0,yonden
2018,11,2018-11-15,23:00,2570.0,880.0,3580.0,80.0,－－－－－－－－－－,10.0,0.0,0.0,0.0,0.0,0.0,-1980.0,2570.0,yonden
2018,11,2018-11-16,00:00,2450.0,880.0,3540.0,80.0,－－－－－－－－－－,10.0,0.0,0.0,0.0,0.0,0.0,-2060.0,2450.0,yonden
2018,11,2018-11-16,01:00,2510.0,880.0,3560.0,80.0,－－－－－－－－－－,10.0,0.0,0.0,10.0,0.0,0.0,-2030.0,2510.0,yonden
2018,11,2018-11-16,02:00,2740.0,880.0,3640.0,80.0,－－－－－－－－－－,10.0,0.0,0.0,10.0,0.0,0.0,-1880.0,2740.0,yonden
2018,11,2018-11-16,03:00,2990.0,880.0,3620.0,150.0,－－－－－－－－－－,10.0,0.0,0.0,20.0,0.0,0.0,-1690.0,2990.0,yonden
2018,11,2018-11-16,04:00,3080.0,880.0,3580.0,190.0,－－－－－－－－－－,10.0,0.0,0.0,20.0,0.0,20.0,-1620.0,3080.0,yonden
2018,11,2018-11-16,05:00,3050.0,880.0,3610.0,150.0,－－－－－－－－－－,10.0,0.0,0.0,20.0,0.0,0.0,-1620.0,3050.0,yonden
2018,11,2018-11-16,06:00,3000.0,880.0,3600.0,150.0,－－－－－－－－－－,10.0,10.0,0.0,30.0,0.0,0.0,-1680.0,3000.0,yonden
2018,11,2018-11-16,07:00,2960.0,880.0,3500.0,120.0,－－－－－－－－－－,10.0,200.0,0.0,10.0,0.0,0.0,-1760.0,2960.0,yonden
2018,11,2018-11-16,08:00,3070.0,880.0,3470.0,120.0,－－－－－－－－－－,10.0,510.0,0.0,10.0,0.0,0.0,-1930.0,3070.0,yonden
2018,11,2018-11-16,09:00,3110.0,880.0,3290.0,160.0,－－－－－－－－－－,10.0,890.0,0.0,10.0,0.0,0.0,-2130.0,3110.0,yonden
2018,11,2018-11-16,10:00,3040.0,880.0,3140.0,150.0,－－－－－－－－－－,10.0,1120.0,0.0,0.0,0.0,0.0,-2260.0,3040.0,yonden
2018,11,2018-11-16,11:00,3110.0,880.0,3330.0,120.0,－－－－－－－－－－,10.0,990.0,0.0,0.0,0.0,0.0,-2220.0,3110.0,yonden
2018,11,2018-11-16,12:00,3030.0,880.0,3660.0,140.0,－－－－－－－－－－,10.0,740.0,0.0,0.0,0.0,10.0,-2410.0,3030.0,yonden
2018,11,2018-11-16,13:00,3240.0,880.0,3810.0,140.0,－－－－－－－－－－,10.0,400.0,0.0,0.0,0.0,210.0,-2210.0,3240.0,yonden
2018,11,2018-11-16,14:00,3200.0,880.0,3810.0,150.0,－－－－－－－－－－,10.0,230.0,0.0,0.0,0.0,170.0,-2050.0,3200.0,yonden
2018,11,2018-11-16,15:00,3240.0,880.0,3780.0,180.0,－－－－－－－－－－,10.0,110.0,0.0,0.0,0.0,160.0,-1880.0,3240.0,yonden
2018,11,2018-11-16,16:00,3350.0,880.0,3760.0,240.0,－－－－－－－－－－,10.0,20.0,0.0,0.0,0.0,180.0,-1740.0,3350.0,yonden
2018,11,2018-11-16,17:00,3410.0,880.0,3700.0,300.0,－－－－－－－－－－,10.0,0.0,0.0,0.0,0.0,170.0,-1650.0,3410.0,yonden
2018,11,2018-11-16,18:00,3380.0,880.0,3770.0,340.0,－－－－－－－－－－,10.0,0.0,0.0,0.0,0.0,50.0,-1670.0,3380.0,yonden
2018,11,2018-11-16,19:00,3220.0,880.0,3760.0,260.0,－－－－－－－－－－,10.0,0.0,0.0,0.0,0.0,0.0,-1690.0,3220.0,yonden
2018,11,2018-11-16,20:00,3060.0,880.0,3670.0,140.0,－－－－－－－－－－,10.0,0.0,0.0,0.0,0.0,0.0,-1640.0,3060.0,yonden
2018,11,2018-11-16,21:00,2880.0,880.0,3400.0,100.0,－－－－－－－－－－,10.0,0.0,0.0,0.0,0.0,0.0,-1510.0,2880.0,yonden
2018,11,2018-11-16,22:00,2680.0,880.0,2880.0,90.0,－－－－－－－－－－,10.0,0.0,0.0,0.0,0.0,0.0,-1180.0,2680.0,yonden
2018,11,2018-11-16,23:00,2580.0,880.0,2880.0,80.0,－－－－－－－－－－,10.0,0.0,0.0,10.0,0.0,0.0,-1280.0,2580.0,yonden
2018,11,2018-11-17,00:00,2450.0,880.0,2830.0,70.0,－－－－－－－－－－,10.0,0.0,0.0,0.0,0.0,0.0,-1340.0,2450.0,yonden
2018,11,2018-11-17,01:00,2470.0,880.0,2800.0,110.0,－－－－－－－－－－,10.0,0.0,0.0,0.0,0.0,0.0,-1330.0,2470.0,yonden
2018,11,2018-11-17,02:00,2700.0,880.0,2830.0,130.0,－－－－－－－－－－,10.0,0.0,0.0,20.0,0.0,0.0,-1170.0,2700.0,yonden
2018,11,2018-11-17,03:00,2900.0,880.0,2800.0,120.0,－－－－－－－－－－,10.0,0.0,0.0,30.0,0.0,0.0,-940.0,2900.0,yonden
2018,11,2018-11-17,04:00,2950.0,880.0,2760.0,130.0,－－－－－－－－－－,10.0,0.0,0.0,40.0,0.0,20.0,-890.0,2950.0,yonden
2018,11,2018-11-17,05:00,2830.0,880.0,2790.0,110.0,－－－－－－－－－－,10.0,0.0,0.0,50.0,0.0,20.0,-1030.0,2830.0,yonden
2018,11,2018-11-17,06:00,2630.0,880.0,2800.0,120.0,－－－－－－－－－－,10.0,0.0,0.0,60.0,0.0,0.0,-1240.0,2630.0,yonden
2018,11,2018-11-17,07:00,2640.0,880.0,2690.0,120.0,－－－－－－－－－－,10.0,140.0,0.0,50.0,0.0,0.0,-1250.0,2640.0,yonden
2018,11,2018-11-17,08:00,2730.0,880.0,2550.0,130.0,－－－－－－－－－－,10.0,430.0,0.0,30.0,0.0,0.0,-1300.0,2730.0,yonden
2018,11,2018-11-17,09:00,2710.0,880.0,2350.0,130.0,－－－－－－－－－－,10.0,760.0,0.0,40.0,0.0,-30.0,-1430.0,2710.0,yonden
2018,11,2018-11-17,10:00,2670.0,880.0,2420.0,170.0,－－－－－－－－－－,10.0,910.0,0.0,50.0,0.0,-310.0,-1460.0,2670.0,yonden
2018,11,2018-11-17,11:00,2650.0,880.0,2390.0,100.0,－－－－－－－－－－,10.0,1050.0,0.0,40.0,0.0,-310.0,-1510.0,2650.0,yonden
2018,11,2018-11-17,12:00,2570.0,880.0,2350.0,90.0,－－－－－－－－－－,10.0,1080.0,0.0,40.0,0.0,-310.0,-1570.0,2570.0,yonden
2018,11,2018-11-17,13:00,2730.0,880.0,2510.0,130.0,－－－－－－－－－－,10.0,880.0,0.0,30.0,0.0,-130.0,-1580.0,2730.0,yonden
2018,11,2018-11-17,14:00,2740.0,880.0,2620.0,110.0,－－－－－－－－－－,10.0,620.0,0.0,20.0,0.0,0.0,-1520.0,2740.0,yonden
2018,11,2018-11-17,15:00,2760.0,880.0,2660.0,100.0,－－－－－－－－－－,10.0,370.0,0.0,30.0,0.0,10.0,-1300.0,2760.0,yonden
2018,11,2018-11-17,16:00,2830.0,880.0,2780.0,150.0,－－－－－－－－－－,10.0,100.0,0.0,50.0,0.0,20.0,-1160.0,2830.0,yonden
2018,11,2018-11-17,17:00,2940.0,880.0,3030.0,260.0,－－－－－－－－－－,10.0,0.0,0.0,50.0,0.0,20.0,-1310.0,2940.0,yonden
2018,11,2018-11-17,18:00,2960.0,880.0,3070.0,310.0,－－－－－－－－－－,10.0,0.0,0.0,30.0,0.0,10.0,-1350.0,2960.0,yonden
2018,11,2018-11-17,19:00,2870.0,880.0,2970.0,260.0,－－－－－－－－－－,10.0,0.0,0.0,10.0,0.0,0.0,-1260.0,2870.0,yonden
2018,11,2018-11-17,20:00,2760.0,880.0,2860.0,150.0,－－－－－－－－－－,10.0,0.0,0.0,10.0,0.0,0.0,-1150.0,2760.0,yonden
2018,11,2018-11-17,21:00,2610.0,880.0,2870.0,130.0,－－－－－－－－－－,10.0,0.0,0.0,10.0,0.0,0.0,-1290.0,2610.0,yonden
2018,11,2018-11-17,22:00,2450.0,880.0,2890.0,110.0,－－－－－－－－－－,10.0,0.0,0.0,10.0,0.0,0.0,-1450.0,2450.0,yonden
2018,11,2018-11-17,23:00,2370.0,880.0,2820.0,90.0,－－－－－－－－－－,10.0,0.0,0.0,20.0,0.0,0.0,-1450.0,2370.0,yonden
2018,11,2018-11-18,00:00,2270.0,880.0,2480.0,70.0,－－－－－－－－－－,10.0,0.0,0.0,20.0,0.0,0.0,-1190.0,2270.0,yonden
2018,11,2018-11-18,01:00,2310.0,880.0,2470.0,70.0,－－－－－－－－－－,10.0,0.0,0.0,30.0,0.0,0.0,-1150.0,2310.0,yonden
2018,11,2018-11-18,02:00,2540.0,880.0,2780.0,90.0,－－－－－－－－－－,10.0,0.0,0.0,30.0,0.0,0.0,-1250.0,2540.0,yonden
2018,11,2018-11-18,03:00,2780.0,880.0,2840.0,120.0,－－－－－－－－－－,10.0,0.0,0.0,10.0,0.0,0.0,-1080.0,2780.0,yonden
2018,11,2018-11-18,04:00,2840.0,880.0,2870.0,140.0,－－－－－－－－－－,10.0,0.0,0.0,10.0,0.0,0.0,-1070.0,2840.0,yonden
2018,11,2018-11-18,05:00,2720.0,880.0,2780.0,110.0,－－－－－－－－－－,10.0,0.0,0.0,20.0,0.0,0.0,-1080.0,2720.0,yonden
2018,11,2018-11-18,06:00,2470.0,880.0,2710.0,100.0,－－－－－－－－－－,10.0,10.0,0.0,20.0,0.0,0.0,-1260.0,2470.0,yonden
2018,11,2018-11-18,07:00,2390.0,880.0,2670.0,170.0,－－－－－－－－－－,10.0,200.0,0.0,10.0,0.0,-260.0,-1290.0,2390.0,yonden
2018,11,2018-11-18,08:00,2320.0,880.0,2690.0,140.0,－－－－－－－－－－,10.0,500.0,0.0,0.0,0.0,-310.0,-1590.0,2320.0,yonden
2018,11,2018-11-18,09:00,2300.0,880.0,2560.0,130.0,－－－－－－－－－－,10.0,870.0,0.0,0.0,0.0,-300.0,-1850.0,2300.0,yonden
2018,11,2018-11-18,10:00,2300.0,880.0,2520.0,130.0,－－－－－－－－－－,10.0,1090.0,0.0,0.0,0.0,-280.0,-2050.0,2300.0,yonden
2018,11,2018-11-18,11:00,2270.0,880.0,2260.0,100.0,－－－－－－－－－－,10.0,1180.0,0.0,0.0,0.0,-30.0,-2130.0,2270.0,yonden
2018,11,2018-11-18,12:00,2280.0,880.0,2190.0,100.0,－－－－－－－－－－,10.0,1120.0,0.0,0.0,0.0,0.0,-2020.0,2280.0,yonden
2018,11,2018-11-18,13:00,2260.0,880.0,2340.0,140.0,－－－－－－－－－－,10.0,850.0,0.0,0.0,0.0,0.0,-1960.0,2260.0,yonden
2018,11,2018-11-18,14:00,2300.0,880.0,2670.0,160.0,－－－－－－－－－－,10.0,540.0,0.0,0.0,0.0,20.0,-1980.0,2300.0,yonden
2018,11,2018-11-18,15:00,2370.0,880.0,2770.0,140.0,－－－－－－－－－－,10.0,220.0,0.0,10.0,0.0,20.0,-1680.0,2370.0,yonden
2018,11,2018-11-18,16:00,2540.0,880.0,2800.0,130.0,－－－－－－－－－－,10.0,40.0,0.0,10.0,0.0,0.0,-1330.0,2540.0,yonden
2018,11,2018-11-18,17:00,2790.0,880.0,2900.0,210.0,－－－－－－－－－－,10.0,0.0,0.0,20.0,0.0,130.0,-1360.0,2790.0,yonden
2018,11,2018-11-18,18:00,2840.0,880.0,2830.0,220.0,－－－－－－－－－－,10.0,0.0,0.0,20.0,0.0,160.0,-1280.0,2840.0,yonden
2018,11,2018-11-18,19:00,2760.0,880.0,2760.0,200.0,－－－－－－－－－－,10.0,0.0,0.0,20.0,0.0,190.0,-1300.0,2760.0,yonden
2018,11,2018-11-18,20:00,2670.0,880.0,2810.0,110.0,－－－－－－－－－－,10.0,0.0,0.0,20.0,0.0,50.0,-1210.0,2670.0,yonden
2018,11,2018-11-18,21:00,2530.0,880.0,2750.0,100.0,－－－－－－－－－－,10.0,0.0,0.0,10.0,0.0,0.0,-1220.0,2530.0,yonden
2018,11,2018-11-18,22:00,2360.0,880.0,2730.0,110.0,－－－－－－－－－－,10.0,0.0,0.0,10.0,0.0,0.0,-1380.0,2360.0,yonden
2018,11,2018-11-18,23:00,2280.0,880.0,2690.0,100.0,－－－－－－－－－－,10.0,0.0,0.0,30.0,0.0,0.0,-1430.0,2280.0,yonden
2018,11,2018-11-19,00:00,2210.0,880.0,2760.0,110.0,－－－－－－－－－－,10.0,0.0,0.0,30.0,0.0,-290.0,-1290.0,2210.0,yonden
2018,11,2018-11-19,01:00,2270.0,880.0,2760.0,150.0,－－－－－－－－－－,10.0,0.0,0.0,30.0,0.0,-310.0,-1250.0,2270.0,yonden
2018,11,2018-11-19,02:00,2510.0,880.0,2760.0,200.0,－－－－－－－－－－,10.0,0.0,0.0,40.0,0.0,50.0,-1430.0,2510.0,yonden
2018,11,2018-11-19,03:00,2760.0,880.0,2800.0,190.0,－－－－－－－－－－,10.0,0.0,0.0,50.0,0.0,310.0,-1480.0,2760.0,yonden
2018,11,2018-11-19,04:00,2860.0,880.0,2840.0,240.0,－－－－－－－－－－,10.0,0.0,0.0,50.0,0.0,290.0,-1450.0,2860.0,yonden
2018,11,2018-11-19,05:00,2790.0,880.0,3280.0,180.0,－－－－－－－－－－,10.0,0.0,0.0,70.0,0.0,200.0,-1830.0,2790.0,yonden
2018,11,2018-11-19,06:00,2720.0,880.0,3370.0,150.0,－－－－－－－－－－,10.0,0.0,0.0,70.0,0.0,10.0,-1770.0,2720.0,yonden
2018,11,2018-11-19,07:00,2850.0,880.0,3400.0,130.0,－－－－－－－－－－,10.0,80.0,0.0,70.0,0.0,0.0,-1720.0,2850.0,yonden
2018,11,2018-11-19,08:00,3180.0,880.0,3570.0,110.0,－－－－－－－－－－,10.0,120.0,0.0,70.0,0.0,0.0,-1580.0,3180.0,yonden
2018,11,2018-11-19,09:00,3310.0,880.0,3460.0,160.0,－－－－－－－－－－,10.0,180.0,0.0,60.0,0.0,0.0,-1440.0,3310.0,yonden
2018,11,2018-11-19,10:00,3290.0,880.0,3410.0,100.0,－－－－－－－－－－,10.0,270.0,0.0,60.0,0.0,0.0,-1440.0,3290.0,yonden
2018,11,2018-11-19,11:00,3280.0,880.0,3500.0,100.0,－－－－－－－－－－,10.0,280.0,0.0,60.0,0.0,0.0,-1550.0,3280.0,yonden
2018,11,2018-11-19,12:00,3130.0,880.0,3590.0,100.0,－－－－－－－－－－,10.0,210.0,0.0,60.0,0.0,0.0,-1720.0,3130.0,yonden
2018,11,2018-11-19,13:00,3360.0,880.0,3660.0,120.0,－－－－－－－－－－,10.0,180.0,0.0,70.0,0.0,10.0,-1570.0,3360.0,yonden
2018,11,2018-11-19,14:00,3360.0,880.0,3650.0,150.0,－－－－－－－－－－,10.0,130.0,0.0,70.0,0.0,20.0,-1550.0,3360.0,yonden
2018,11,2018-11-19,15:00,3360.0,880.0,3670.0,160.0,－－－－－－－－－－,10.0,90.0,0.0,80.0,0.0,20.0,-1550.0,3360.0,yonden
2018,11,2018-11-19,16:00,3410.0,880.0,3670.0,240.0,－－－－－－－－－－,10.0,30.0,0.0,80.0,0.0,10.0,-1510.0,3410.0,yonden
2018,11,2018-11-19,17:00,3470.0,880.0,3690.0,320.0,－－－－－－－－－－,10.0,0.0,0.0,100.0,0.0,0.0,-1530.0,3470.0,yonden
2018,11,2018-11-19,18:00,3430.0,880.0,3690.0,300.0,－－－－－－－－－－,10.0,0.0,0.0,100.0,0.0,0.0,-1550.0,3430.0,yonden
2018,11,2018-11-19,19:00,3270.0,880.0,3600.0,250.0,－－－－－－－－－－,10.0,0.0,0.0,100.0,0.0,0.0,-1570.0,3270.0,yonden
2018,11,2018-11-19,20:00,3110.0,880.0,3580.0,120.0,－－－－－－－－－－,10.0,0.0,0.0,110.0,0.0,0.0,-1590.0,3110.0,yonden
2018,11,2018-11-19,21:00,2920.0,880.0,3540.0,110.0,－－－－－－－－－－,10.0,0.0,0.0,110.0,0.0,0.0,-1730.0,2920.0,yonden
2018,11,2018-11-19,22:00,2720.0,880.0,3530.0,110.0,－－－－－－－－－－,10.0,0.0,0.0,90.0,0.0,0.0,-1900.0,2720.0,yonden
2018,11,2018-11-19,23:00,2580.0,880.0,3470.0,120.0,－－－－－－－－－－,10.0,0.0,0.0,100.0,0.0,0.0,-2000.0,2580.0,yonden
2018,11,2018-11-20,00:00,2460.0,880.0,3410.0,90.0,－－－－－－－－－－,10.0,0.0,0.0,110.0,0.0,0.0,-2040.0,2460.0,yonden
2018,11,2018-11-20,01:00,2510.0,880.0,3400.0,90.0,－－－－－－－－－－,10.0,0.0,0.0,120.0,0.0,0.0,-1990.0,2510.0,yonden
2018,11,2018-11-20,02:00,2730.0,880.0,3370.0,90.0,－－－－－－－－－－,10.0,0.0,0.0,130.0,0.0,0.0,-1750.0,2730.0,yonden
2018,11,2018-11-20,03:00,2980.0,880.0,3420.0,130.0,－－－－－－－－－－,10.0,0.0,0.0,140.0,0.0,0.0,-1600.0,2980.0,yonden
2018,11,2018-11-20,04:00,3050.0,880.0,3540.0,180.0,－－－－－－－－－－,10.0,0.0,0.0,140.0,0.0,50.0,-1750.0,3050.0,yonden
2018,11,2018-11-20,05:00,3030.0,880.0,3540.0,140.0,－－－－－－－－－－,10.0,0.0,0.0,130.0,0.0,90.0,-1760.0,3030.0,yonden
2018,11,2018-11-20,06:00,3000.0,880.0,3550.0,170.0,－－－－－－－－－－,10.0,0.0,0.0,130.0,0.0,20.0,-1760.0,3000.0,yonden
2018,11,2018-11-20,07:00,3010.0,880.0,3500.0,180.0,－－－－－－－－－－,10.0,190.0,0.0,120.0,0.0,0.0,-1870.0,3010.0,yonden
2018,11,2018-11-20,08:00,3100.0,880.0,3480.0,100.0,－－－－－－－－－－,10.0,490.0,0.0,100.0,0.0,0.0,-1960.0,3100.0,yonden
2018,11,2018-11-20,09:00,3160.0,880.0,3520.0,90.0,－－－－－－－－－－,10.0,840.0,0.0,60.0,0.0,0.0,-2240.0,3160.0,yonden
2018,11,2018-11-20,10:00,3130.0,880.0,3280.0,100.0,－－－－－－－－－－,10.0,1110.0,0.0,40.0,0.0,0.0,-2290.0,3130.0,yonden
2018,11,2018-11-20,11:00,3160.0,880.0,3530.0,160.0,－－－－－－－－－－,10.0,1220.0,0.0,40.0,0.0,-260.0,-2420.0,3160.0,yonden
2018,11,2018-11-20,12:00,2940.0,880.0,3400.0,110.0,－－－－－－－－－－,10.0,1170.0,0.0,60.0,0.0,-310.0,-2380.0,2940.0,yonden
2018,11,2018-11-20,13:00,3120.0,880.0,3430.0,120.0,－－－－－－－－－－,10.0,1010.0,0.0,50.0,0.0,-180.0,-2200.0,3120.0,yonden
2018,11,2018-11-20,14:00,3140.0,880.0,3500.0,90.0,－－－－－－－－－－,10.0,680.0,0.0,60.0,0.0,0.0,-2080.0,3140.0,yonden
2018,11,2018-11-20,15:00,3200.0,880.0,3500.0,110.0,－－－－－－－－－－,10.0,380.0,0.0,50.0,0.0,0.0,-1730.0,3200.0,yonden
2018,11,2018-11-20,16:00,3300.0,880.0,3600.0,180.0,－－－－－－－－－－,10.0,110.0,0.0,50.0,0.0,20.0,-1550.0,3300.0,yonden
2018,11,2018-11-20,17:00,3410.0,880.0,3600.0,280.0,－－－－－－－－－－,10.0,0.0,0.0,50.0,0.0,30.0,-1440.0,3410.0,yonden
2018,11,2018-11-20,18:00,3440.0,880.0,3620.0,320.0,－－－－－－－－－－,10.0,0.0,0.0,50.0,0.0,30.0,-1470.0,3440.0,yonden
2018,11,2018-11-20,19:00,3310.0,880.0,3550.0,310.0,－－－－－－－－－－,10.0,0.0,0.0,40.0,0.0,10.0,-1490.0,3310.0,yonden
2018,11,2018-11-20,20:00,3160.0,880.0,3530.0,240.0,－－－－－－－－－－,10.0,0.0,0.0,40.0,0.0,0.0,-1540.0,3160.0,yonden
2018,11,2018-11-20,21:00,2970.0,880.0,3540.0,130.0,－－－－－－－－－－,10.0,0.0,0.0,40.0,0.0,0.0,-1630.0,2970.0,yonden
2018,11,2018-11-20,22:00,2750.0,880.0,3540.0,90.0,－－－－－－－－－－,10.0,0.0,0.0,30.0,0.0,0.0,-1800.0,2750.0,yonden
2018,11,2018-11-20,23:00,2640.0,880.0,3550.0,90.0,－－－－－－－－－－,10.0,0.0,0.0,20.0,0.0,0.0,-1910.0,2640.0,yonden
2018,11,2018-11-21,00:00,2520.0,880.0,3550.0,80.0,－－－－－－－－－－,10.0,0.0,0.0,20.0,0.0,0.0,-2020.0,2520.0,yonden
2018,11,2018-11-21,01:00,2580.0,880.0,3550.0,90.0,－－－－－－－－－－,10.0,0.0,0.0,10.0,0.0,0.0,-1960.0,2580.0,yonden
2018,11,2018-11-21,02:00,2810.0,880.0,3630.0,90.0,－－－－－－－－－－,10.0,0.0,0.0,0.0,0.0,0.0,-1800.0,2810.0,yonden
2018,11,2018-11-21,03:00,3040.0,880.0,3650.0,150.0,－－－－－－－－－－,10.0,0.0,0.0,0.0,0.0,0.0,-1650.0,3040.0,yonden
2018,11,2018-11-21,04:00,3130.0,880.0,3670.0,210.0,－－－－－－－－－－,10.0,0.0,0.0,0.0,0.0,0.0,-1640.0,3130.0,yonden
2018,11,2018-11-21,05:00,3090.0,880.0,3650.0,200.0,－－－－－－－－－－,10.0,0.0,0.0,0.0,0.0,20.0,-1670.0,3090.0,yonden
2018,11,2018-11-21,06:00,3090.0,880.0,3690.0,160.0,－－－－－－－－－－,10.0,0.0,0.0,0.0,0.0,20.0,-1670.0,3090.0,yonden
2018,11,2018-11-21,07:00,3040.0,880.0,3610.0,110.0,－－－－－－－－－－,10.0,120.0,0.0,0.0,0.0,0.0,-1690.0,3040.0,yonden
2018,11,2018-11-21,08:00,3250.0,880.0,3680.0,90.0,－－－－－－－－－－,10.0,250.0,0.0,0.0,0.0,0.0,-1660.0,3250.0,yonden
2018,11,2018-11-21,09:00,3410.0,880.0,3670.0,130.0,－－－－－－－－－－,10.0,500.0,0.0,0.0,0.0,0.0,-1780.0,3410.0,yonden
2018,11,2018-11-21,10:00,3340.0,880.0,3560.0,100.0,－－－－－－－－－－,10.0,770.0,0.0,0.0,0.0,0.0,-1980.0,3340.0,yonden
2018,11,2018-11-21,11:00,3350.0,880.0,3550.0,90.0,－－－－－－－－－－,10.0,770.0,0.0,0.0,0.0,0.0,-1950.0,3350.0,yonden
2018,11,2018-11-21,12:00,3070.0,880.0,3590.0,90.0,－－－－－－－－－－,10.0,460.0,0.0,0.0,0.0,0.0,-1960.0,3070.0,yonden
2018,11,2018-11-21,13:00,3160.0,880.0,3320.0,90.0,－－－－－－－－－－,10.0,560.0,0.0,0.0,0.0,0.0,-1700.0,3160.0,yonden
2018,11,2018-11-21,14:00,3230.0,880.0,3190.0,80.0,－－－－－－－－－－,10.0,570.0,0.0,0.0,0.0,0.0,-1500.0,3230.0,yonden
2018,11,2018-11-21,15:00,3290.0,880.0,3460.0,100.0,－－－－－－－－－－,10.0,310.0,0.0,0.0,0.0,0.0,-1470.0,3290.0,yonden
2018,11,2018-11-21,16:00,3390.0,880.0,3670.0,170.0,－－－－－－－－－－,10.0,70.0,0.0,0.0,0.0,20.0,-1430.0,3390.0,yonden
2018,11,2018-11-21,17:00,3510.0,880.0,3730.0,320.0,－－－－－－－－－－,10.0,0.0,0.0,0.0,0.0,30.0,-1460.0,3510.0,yonden
2018,11,2018-11-21,18:00,3500.0,880.0,3720.0,350.0,－－－－－－－－－－,10.0,0.0,0.0,10.0,0.0,30.0,-1500.0,3500.0,yonden
2018,11,2018-11-21,19:00,3360.0,880.0,3760.0,300.0,－－－－－－－－－－,10.0,0.0,0.0,10.0,0.0,10.0,-1610.0,3360.0,yonden
2018,11,2018-11-21,20:00,3190.0,880.0,3710.0,200.0,－－－－－－－－－－,10.0,0.0,0.0,10.0,0.0,0.0,-1620.0,3190.0,yonden
2018,11,2018-11-21,21:00,2980.0,880.0,3630.0,160.0,－－－－－－－－－－,10.0,0.0,0.0,10.0,0.0,0.0,-1710.0,2980.0,yonden
2018,11,2018-11-21,22:00,2760.0,880.0,3570.0,140.0,－－－－－－－－－－,10.0,0.0,0.0,10.0,0.0,0.0,-1850.0,2760.0,yonden
2018,11,2018-11-21,23:00,2630.0,880.0,3560.0,150.0,－－－－－－－－－－,10.0,0.0,0.0,10.0,0.0,0.0,-1980.0,2630.0,yonden
2018,11,2018-11-22,00:00,2500.0,880.0,3460.0,100.0,－－－－－－－－－－,10.0,0.0,0.0,30.0,0.0,0.0,-1980.0,2500.0,yonden
2018,11,2018-11-22,01:00,2540.0,880.0,3420.0,120.0,－－－－－－－－－－,10.0,0.0,0.0,30.0,0.0,0.0,-1920.0,2540.0,yonden
2018,11,2018-11-22,02:00,2780.0,880.0,3450.0,130.0,－－－－－－－－－－,10.0,0.0,0.0,60.0,0.0,0.0,-1750.0,2780.0,yonden
2018,11,2018-11-22,03:00,3000.0,880.0,3470.0,150.0,－－－－－－－－－－,10.0,0.0,0.0,50.0,0.0,10.0,-1570.0,3000.0,yonden
2018,11,2018-11-22,04:00,3070.0,880.0,3550.0,200.0,－－－－－－－－－－,10.0,0.0,0.0,60.0,0.0,20.0,-1650.0,3070.0,yonden
2018,11,2018-11-22,05:00,3010.0,880.0,3520.0,160.0,－－－－－－－－－－,10.0,0.0,0.0,70.0,0.0,10.0,-1640.0,3010.0,yonden
2018,11,2018-11-22,06:00,2970.0,880.0,3520.0,130.0,－－－－－－－－－－,10.0,0.0,0.0,70.0,0.0,0.0,-1640.0,2970.0,yonden
2018,11,2018-11-22,07:00,3070.0,880.0,3560.0,120.0,－－－－－－－－－－,10.0,50.0,0.0,70.0,0.0,0.0,-1620.0,3070.0,yonden
2018,11,2018-11-22,08:00,3390.0,880.0,3640.0,120.0,－－－－－－－－－－,10.0,100.0,0.0,100.0,0.0,0.0,-1460.0,3390.0,yonden
2018,11,2018-11-22,09:00,3440.0,880.0,3580.0,130.0,－－－－－－－－－－,10.0,210.0,0.0,120.0,0.0,0.0,-1490.0,3440.0,yonden
2018,11,2018-11-22,10:00,3370.0,880.0,3560.0,110.0,－－－－－－－－－－,10.0,330.0,0.0,130.0,0.0,0.0,-1650.0,3370.0,yonden
2018,11,2018-11-22,11:00,3310.0,880.0,3600.0,100.0,－－－－－－－－－－,10.0,490.0,0.0,140.0,0.0,0.0,-1910.0,3310.0,yonden
2018,11,2018-11-22,12:00,3120.0,880.0,3540.0,100.0,－－－－－－－－－－,10.0,500.0,0.0,150.0,0.0,0.0,-2060.0,3120.0,yonden
2018,11,2018-11-22,13:00,3310.0,880.0,3600.0,100.0,－－－－－－－－－－,10.0,390.0,0.0,140.0,0.0,0.0,-1810.0,3310.0,yonden
2018,11,2018-11-22,14:00,3350.0,880.0,3550.0,110.0,－－－－－－－－－－,10.0,340.0,0.0,130.0,0.0,0.0,-1670.0,3350.0,yonden
2018,11,2018-11-22,15:00,3350.0,880.0,3570.0,150.0,－－－－－－－－－－,10.0,220.0,0.0,130.0,0.0,0.0,-1610.0,3350.0,yonden
2018,11,2018-11-22,16:00,3460.0,880.0,3680.0,200.0,－－－－－－－－－－,10.0,60.0,0.0,140.0,0.0,10.0,-1520.0,3460.0,yonden
2018,11,2018-11-22,17:00,3550.0,880.0,3750.0,320.0,－－－－－－－－－－,10.0,0.0,0.0,150.0,0.0,30.0,-1590.0,3550.0,yonden
2018,11,2018-11-22,18:00,3530.0,880.0,3750.0,330.0,－－－－－－－－－－,10.0,0.0,0.0,150.0,0.0,30.0,-1620.0,3530.0,yonden
2018,11,2018-11-22,19:00,3400.0,880.0,3820.0,240.0,－－－－－－－－－－,10.0,0.0,0.0,140.0,0.0,10.0,-1700.0,3400.0,yonden
2018,11,2018-11-22,20:00,3230.0,880.0,3830.0,170.0,－－－－－－－－－－,10.0,0.0,0.0,150.0,0.0,0.0,-1810.0,3230.0,yonden
2018,11,2018-11-22,21:00,3060.0,880.0,3860.0,100.0,－－－－－－－－－－,10.0,0.0,0.0,150.0,0.0,0.0,-1940.0,3060.0,yonden
2018,11,2018-11-22,22:00,2850.0,880.0,3730.0,100.0,－－－－－－－－－－,10.0,0.0,0.0,150.0,0.0,0.0,-2020.0,2850.0,yonden
2018,11,2018-11-22,23:00,2720.0,880.0,3650.0,100.0,－－－－－－－－－－,10.0,0.0,0.0,140.0,0.0,0.0,-2060.0,2720.0,yonden
2018,11,2018-11-23,00:00,2590.0,880.0,3270.0,110.0,－－－－－－－－－－,10.0,0.0,0.0,130.0,0.0,0.0,-1810.0,2590.0,yonden
2018,11,2018-11-23,01:00,2650.0,880.0,2970.0,90.0,－－－－－－－－－－,10.0,0.0,0.0,130.0,0.0,0.0,-1430.0,2650.0,yonden
2018,11,2018-11-23,02:00,2850.0,880.0,2820.0,90.0,－－－－－－－－－－,10.0,0.0,0.0,120.0,0.0,0.0,-1070.0,2850.0,yonden
2018,11,2018-11-23,03:00,3070.0,880.0,2810.0,150.0,－－－－－－－－－－,10.0,0.0,0.0,130.0,0.0,10.0,-920.0,3070.0,yonden
2018,11,2018-11-23,04:00,3140.0,880.0,2810.0,200.0,－－－－－－－－－－,10.0,0.0,0.0,130.0,0.0,20.0,-910.0,3140.0,yonden
2018,11,2018-11-23,05:00,3060.0,880.0,2790.0,210.0,－－－－－－－－－－,10.0,0.0,0.0,140.0,0.0,0.0,-970.0,3060.0,yonden
2018,11,2018-11-23,06:00,2910.0,880.0,2810.0,150.0,－－－－－－－－－－,10.0,0.0,0.0,130.0,0.0,0.0,-1070.0,2910.0,yonden
2018,11,2018-11-23,07:00,2880.0,880.0,2680.0,140.0,－－－－－－－－－－,10.0,160.0,0.0,140.0,0.0,0.0,-1130.0,2880.0,yonden
2018,11,2018-11-23,08:00,2910.0,880.0,2680.0,90.0,－－－－－－－－－－,10.0,460.0,0.0,140.0,0.0,0.0,-1350.0,2910.0,yonden
2018,11,2018-11-23,09:00,2880.0,880.0,2620.0,100.0,－－－－－－－－－－,10.0,820.0,0.0,140.0,0.0,0.0,-1690.0,2880.0,yonden
2018,11,2018-11-23,10:00,2840.0,880.0,2590.0,90.0,－－－－－－－－－－,10.0,1040.0,0.0,140.0,0.0,0.0,-1910.0,2840.0,yonden
2018,11,2018-11-23,11:00,2830.0,880.0,2540.0,80.0,－－－－－－－－－－,10.0,1170.0,0.0,140.0,0.0,0.0,-1990.0,2830.0,yonden
2018,11,2018-11-23,12:00,2670.0,880.0,2330.0,80.0,－－－－－－－－－－,10.0,1170.0,0.0,130.0,0.0,0.0,-1930.0,2670.0,yonden
2018,11,2018-11-23,13:00,2760.0,880.0,2410.0,80.0,－－－－－－－－－－,10.0,990.0,0.0,130.0,0.0,0.0,-1740.0,2760.0,yonden
2018,11,2018-11-23,14:00,2800.0,880.0,2450.0,80.0,－－－－－－－－－－,10.0,720.0,0.0,110.0,0.0,0.0,-1450.0,2800.0,yonden
2018,11,2018-11-23,15:00,2860.0,880.0,2630.0,80.0,－－－－－－－－－－,10.0,370.0,0.0,90.0,0.0,0.0,-1200.0,2860.0,yonden
2018,11,2018-11-23,16:00,3010.0,880.0,2920.0,190.0,－－－－－－－－－－,10.0,80.0,0.0,80.0,0.0,10.0,-1160.0,3010.0,yonden
2018,11,2018-11-23,17:00,3260.0,880.0,3130.0,300.0,－－－－－－－－－－,10.0,0.0,0.0,60.0,0.0,20.0,-1140.0,3260.0,yonden
2018,11,2018-11-23,18:00,3330.0,880.0,3110.0,330.0,－－－－－－－－－－,10.0,0.0,0.0,60.0,0.0,20.0,-1080.0,3330.0,yonden
2018,11,2018-11-23,19:00,3270.0,880.0,3090.0,310.0,－－－－－－－－－－,20.0,0.0,0.0,60.0,0.0,20.0,-1110.0,3270.0,yonden
2018,11,2018-11-23,20:00,3180.0,880.0,3000.0,220.0,－－－－－－－－－－,10.0,0.0,0.0,60.0,0.0,0.0,-990.0,3180.0,yonden
2018,11,2018-11-23,21:00,3040.0,880.0,2950.0,140.0,－－－－－－－－－－,10.0,0.0,0.0,50.0,0.0,0.0,-990.0,3040.0,yonden
2018,11,2018-11-23,22:00,2820.0,880.0,2860.0,130.0,－－－－－－－－－－,10.0,0.0,0.0,50.0,0.0,0.0,-1110.0,2820.0,yonden
2018,11,2018-11-23,23:00,2710.0,880.0,2750.0,120.0,－－－－－－－－－－,10.0,0.0,0.0,30.0,0.0,0.0,-1080.0,2710.0,yonden
2018,11,2018-11-24,00:00,2630.0,880.0,2680.0,90.0,－－－－－－－－－－,10.0,0.0,0.0,40.0,0.0,0.0,-1070.0,2630.0,yonden
2018,11,2018-11-24,01:00,2720.0,880.0,2690.0,100.0,－－－－－－－－－－,10.0,0.0,0.0,40.0,0.0,0.0,-1000.0,2720.0,yonden
2018,11,2018-11-24,02:00,2940.0,880.0,2780.0,150.0,－－－－－－－－－－,10.0,0.0,0.0,50.0,0.0,0.0,-930.0,2940.0,yonden
2018,11,2018-11-24,03:00,3120.0,880.0,2760.0,130.0,－－－－－－－－－－,10.0,0.0,0.0,50.0,0.0,0.0,-710.0,3120.0,yonden
2018,11,2018-11-24,04:00,3150.0,880.0,2800.0,160.0,－－－－－－－－－－,10.0,0.0,0.0,50.0,0.0,10.0,-760.0,3150.0,yonden
2018,11,2018-11-24,05:00,3050.0,880.0,2790.0,180.0,－－－－－－－－－－,10.0,0.0,0.0,40.0,0.0,10.0,-860.0,3050.0,yonden
2018,11,2018-11-24,06:00,2910.0,880.0,2760.0,160.0,－－－－－－－－－－,10.0,0.0,0.0,20.0,0.0,0.0,-920.0,2910.0,yonden
2018,11,2018-11-24,07:00,2950.0,880.0,2730.0,130.0,－－－－－－－－－－,10.0,190.0,0.0,10.0,0.0,0.0,-1000.0,2950.0,yonden
2018,11,2018-11-24,08:00,2970.0,880.0,2760.0,80.0,－－－－－－－－－－,20.0,500.0,0.0,0.0,0.0,0.0,-1270.0,2970.0,yonden
2018,11,2018-11-24,09:00,2900.0,880.0,2640.0,90.0,－－－－－－－－－－,10.0,890.0,0.0,0.0,0.0,0.0,-1610.0,2900.0,yonden
2018,11,2018-11-24,10:00,2800.0,880.0,2550.0,80.0,－－－－－－－－－－,10.0,1180.0,0.0,0.0,0.0,0.0,-1900.0,2800.0,yonden
2018,11,2018-11-24,11:00,2720.0,880.0,2500.0,80.0,－－－－－－－－－－,10.0,1290.0,0.0,0.0,0.0,0.0,-2040.0,2720.0,yonden
2018,11,2018-11-24,12:00,2630.0,880.0,2320.0,80.0,－－－－－－－－－－,10.0,1300.0,0.0,0.0,0.0,0.0,-1960.0,2630.0,yonden
2018,11,2018-11-24,13:00,2680.0,880.0,2360.0,70.0,－－－－－－－－－－,10.0,1170.0,0.0,0.0,0.0,0.0,-1810.0,2680.0,yonden
2018,11,2018-11-24,14:00,2700.0,880.0,2390.0,70.0,－－－－－－－－－－,10.0,900.0,0.0,0.0,0.0,0.0,-1550.0,2700.0,yonden
2018,11,2018-11-24,15:00,2800.0,880.0,2590.0,70.0,－－－－－－－－－－,10.0,540.0,0.0,0.0,0.0,0.0,-1290.0,2800.0,yonden
2018,11,2018-11-24,16:00,2950.0,880.0,2810.0,90.0,－－－－－－－－－－,10.0,140.0,0.0,0.0,0.0,0.0,-980.0,2950.0,yonden
2018,11,2018-11-24,17:00,3170.0,880.0,2830.0,250.0,－－－－－－－－－－,10.0,0.0,0.0,0.0,0.0,0.0,-800.0,3170.0,yonden
2018,11,2018-11-24,18:00,3240.0,880.0,2770.0,320.0,－－－－－－－－－－,10.0,0.0,0.0,10.0,0.0,10.0,-760.0,3240.0,yonden
2018,11,2018-11-24,19:00,3190.0,880.0,2760.0,320.0,－－－－－－－－－－,10.0,0.0,0.0,10.0,0.0,20.0,-810.0,3190.0,yonden
2018,11,2018-11-24,20:00,3090.0,880.0,2740.0,170.0,－－－－－－－－－－,10.0,0.0,0.0,10.0,0.0,20.0,-740.0,3090.0,yonden
2018,11,2018-11-24,21:00,2920.0,880.0,2720.0,100.0,－－－－－－－－－－,10.0,0.0,0.0,10.0,0.0,0.0,-800.0,2920.0,yonden
2018,11,2018-11-24,22:00,2710.0,880.0,2690.0,100.0,－－－－－－－－－－,10.0,0.0,0.0,10.0,0.0,0.0,-980.0,2710.0,yonden
2018,11,2018-11-24,23:00,2610.0,880.0,2650.0,100.0,－－－－－－－－－－,10.0,0.0,0.0,10.0,0.0,0.0,-1040.0,2610.0,yonden
2018,11,2018-11-25,00:00,2540.0,880.0,2610.0,70.0,－－－－－－－－－－,10.0,0.0,0.0,10.0,0.0,0.0,-1040.0,2540.0,yonden
2018,11,2018-11-25,01:00,2620.0,880.0,2670.0,70.0,－－－－－－－－－－,10.0,0.0,0.0,10.0,0.0,0.0,-1020.0,2620.0,yonden
2018,11,2018-11-25,02:00,2830.0,880.0,2730.0,100.0,－－－－－－－－－－,10.0,0.0,0.0,20.0,0.0,0.0,-910.0,2830.0,yonden
2018,11,2018-11-25,03:00,3010.0,880.0,2910.0,140.0,－－－－－－－－－－,10.0,0.0,0.0,10.0,0.0,0.0,-940.0,3010.0,yonden
2018,11,2018-11-25,04:00,3040.0,880.0,2810.0,190.0,－－－－－－－－－－,10.0,0.0,0.0,10.0,0.0,20.0,-880.0,3040.0,yonden
2018,11,2018-11-25,05:00,2900.0,880.0,2950.0,180.0,－－－－－－－－－－,10.0,0.0,0.0,10.0,0.0,10.0,-1140.0,2900.0,yonden
2018,11,2018-11-25,06:00,2700.0,880.0,2990.0,150.0,－－－－－－－－－－,10.0,0.0,0.0,10.0,0.0,0.0,-1340.0,2700.0,yonden
2018,11,2018-11-25,07:00,2670.0,880.0,2940.0,120.0,－－－－－－－－－－,10.0,150.0,0.0,10.0,0.0,0.0,-1440.0,2670.0,yonden
2018,11,2018-11-25,08:00,2640.0,880.0,2980.0,80.0,－－－－－－－－－－,10.0,390.0,0.0,0.0,0.0,0.0,-1700.0,2640.0,yonden
2018,11,2018-11-25,09:00,2530.0,880.0,2740.0,90.0,－－－－－－－－－－,10.0,790.0,0.0,0.0,0.0,0.0,-1980.0,2530.0,yonden
2018,11,2018-11-25,10:00,2450.0,880.0,2650.0,80.0,－－－－－－－－－－,10.0,1100.0,0.0,0.0,0.0,-290.0,-1980.0,2450.0,yonden
2018,11,2018-11-25,11:00,2410.0,880.0,2590.0,80.0,－－－－－－－－－－,10.0,1170.0,0.0,0.0,0.0,-310.0,-2010.0,2410.0,yonden
2018,11,2018-11-25,12:00,2360.0,880.0,2680.0,70.0,－－－－－－－－－－,10.0,1080.0,0.0,0.0,0.0,-310.0,-2050.0,2360.0,yonden
2018,11,2018-11-25,13:00,2340.0,880.0,2660.0,70.0,－－－－－－－－－－,10.0,920.0,0.0,0.0,0.0,-310.0,-1890.0,2340.0,yonden
2018,11,2018-11-25,14:00,2380.0,880.0,2730.0,70.0,－－－－－－－－－－,10.0,730.0,0.0,0.0,0.0,-310.0,-1730.0,2380.0,yonden
2018,11,2018-11-25,15:00,2490.0,880.0,2700.0,70.0,－－－－－－－－－－,10.0,430.0,0.0,0.0,0.0,-30.0,-1570.0,2490.0,yonden
2018,11,2018-11-25,16:00,2620.0,880.0,2880.0,100.0,－－－－－－－－－－,10.0,100.0,0.0,0.0,0.0,0.0,-1350.0,2620.0,yonden
2018,11,2018-11-25,17:00,2890.0,880.0,2910.0,230.0,－－－－－－－－－－,10.0,0.0,0.0,0.0,0.0,0.0,-1140.0,2890.0,yonden
2018,11,2018-11-25,18:00,2990.0,880.0,2920.0,280.0,－－－－－－－－－－,10.0,0.0,0.0,0.0,0.0,10.0,-1110.0,2990.0,yonden
2018,11,2018-11-25,19:00,2950.0,880.0,2940.0,250.0,－－－－－－－－－－,10.0,0.0,0.0,0.0,0.0,20.0,-1150.0,2950.0,yonden
2018,11,2018-11-25,20:00,2860.0,880.0,2940.0,130.0,－－－－－－－－－－,10.0,0.0,0.0,0.0,0.0,10.0,-1110.0,2860.0,yonden
2018,11,2018-11-25,21:00,2710.0,880.0,2910.0,90.0,－－－－－－－－－－,10.0,0.0,0.0,0.0,0.0,0.0,-1180.0,2710.0,yonden
2018,11,2018-11-25,22:00,2530.0,880.0,2900.0,100.0,－－－－－－－－－－,10.0,0.0,0.0,0.0,0.0,0.0,-1360.0,2530.0,yonden
2018,11,2018-11-25,23:00,2420.0,880.0,3080.0,100.0,－－－－－－－－－－,10.0,0.0,0.0,10.0,0.0,0.0,-1660.0,2420.0,yonden
2018,11,2018-11-26,00:00,2340.0,880.0,3270.0,70.0,－－－－－－－－－－,10.0,0.0,0.0,10.0,0.0,0.0,-1900.0,2340.0,yonden
2018,11,2018-11-26,01:00,2420.0,880.0,3290.0,60.0,－－－－－－－－－－,10.0,0.0,0.0,10.0,0.0,0.0,-1830.0,2420.0,yonden
2018,11,2018-11-26,02:00,2660.0,880.0,3420.0,60.0,－－－－－－－－－－,10.0,0.0,0.0,20.0,0.0,0.0,-1730.0,2660.0,yonden
2018,11,2018-11-26,03:00,2900.0,880.0,3520.0,120.0,－－－－－－－－－－,10.0,0.0,0.0,20.0,0.0,10.0,-1660.0,2900.0,yonden
2018,11,2018-11-26,04:00,2960.0,880.0,3570.0,180.0,－－－－－－－－－－,10.0,0.0,0.0,30.0,0.0,20.0,-1730.0,2960.0,yonden
2018,11,2018-11-26,05:00,2920.0,880.0,3580.0,190.0,－－－－－－－－－－,10.0,0.0,0.0,40.0,0.0,10.0,-1790.0,2920.0,yonden
2018,11,2018-11-26,06:00,2930.0,880.0,3660.0,190.0,－－－－－－－－－－,10.0,0.0,0.0,30.0,0.0,0.0,-1840.0,2930.0,yonden
2018,11,2018-11-26,07:00,3030.0,880.0,3670.0,130.0,－－－－－－－－－－,10.0,110.0,0.0,10.0,0.0,0.0,-1780.0,3030.0,yonden
2018,11,2018-11-26,08:00,3310.0,880.0,3720.0,70.0,－－－－－－－－－－,10.0,230.0,0.0,10.0,0.0,0.0,-1610.0,3310.0,yonden
2018,11,2018-11-26,09:00,3480.0,880.0,3830.0,70.0,－－－－－－－－－－,10.0,460.0,0.0,10.0,0.0,0.0,-1780.0,3480.0,yonden
2018,11,2018-11-26,10:00,3440.0,880.0,3830.0,90.0,－－－－－－－－－－,10.0,550.0,0.0,10.0,0.0,0.0,-1930.0,3440.0,yonden
2018,11,2018-11-26,11:00,3370.0,880.0,3640.0,90.0,－－－－－－－－－－,10.0,580.0,0.0,0.0,0.0,0.0,-1830.0,3370.0,yonden
2018,11,2018-11-26,12:00,3180.0,880.0,3450.0,80.0,－－－－－－－－－－,10.0,590.0,0.0,0.0,0.0,0.0,-1830.0,3180.0,yonden
2018,11,2018-11-26,13:00,3310.0,880.0,3740.0,70.0,－－－－－－－－－－,10.0,530.0,0.0,0.0,0.0,0.0,-1920.0,3310.0,yonden
2018,11,2018-11-26,14:00,3330.0,880.0,4030.0,70.0,－－－－－－－－－－,10.0,330.0,0.0,0.0,0.0,0.0,-1990.0,3330.0,yonden
2018,11,2018-11-26,15:00,3340.0,880.0,4120.0,90.0,－－－－－－－－－－,10.0,130.0,0.0,0.0,0.0,0.0,-1890.0,3340.0,yonden
2018,11,2018-11-26,16:00,3480.0,880.0,4180.0,120.0,－－－－－－－－－－,10.0,30.0,0.0,0.0,0.0,0.0,-1740.0,3480.0,yonden
2018,11,2018-11-26,17:00,3590.0,880.0,4160.0,230.0,－－－－－－－－－－,10.0,0.0,0.0,0.0,0.0,10.0,-1700.0,3590.0,yonden
2018,11,2018-11-26,18:00,3550.0,880.0,3970.0,340.0,－－－－－－－－－－,10.0,0.0,0.0,0.0,0.0,30.0,-1680.0,3550.0,yonden
2018,11,2018-11-26,19:00,3400.0,880.0,3890.0,270.0,－－－－－－－－－－,10.0,0.0,0.0,0.0,0.0,20.0,-1670.0,3400.0,yonden
2018,11,2018-11-26,20:00,3230.0,880.0,3890.0,140.0,－－－－－－－－－－,10.0,0.0,0.0,0.0,0.0,0.0,-1690.0,3230.0,yonden
2018,11,2018-11-26,21:00,3050.0,880.0,3870.0,90.0,－－－－－－－－－－,10.0,0.0,0.0,0.0,0.0,0.0,-1800.0,3050.0,yonden
2018,11,2018-11-26,22:00,2810.0,880.0,3630.0,100.0,－－－－－－－－－－,10.0,0.0,0.0,0.0,0.0,0.0,-1810.0,2810.0,yonden
2018,11,2018-11-26,23:00,2670.0,880.0,3580.0,100.0,－－－－－－－－－－,10.0,0.0,0.0,10.0,0.0,0.0,-1910.0,2670.0,yonden
2018,11,2018-11-27,00:00,2550.0,880.0,3700.0,90.0,－－－－－－－－－－,10.0,0.0,0.0,10.0,0.0,0.0,-2140.0,2550.0,yonden
2018,11,2018-11-27,01:00,2610.0,880.0,3720.0,80.0,－－－－－－－－－－,10.0,0.0,0.0,10.0,0.0,0.0,-2090.0,2610.0,yonden
2018,11,2018-11-27,02:00,2840.0,880.0,3750.0,60.0,－－－－－－－－－－,10.0,0.0,0.0,10.0,0.0,0.0,-1870.0,2840.0,yonden
2018,11,2018-11-27,03:00,3040.0,880.0,3770.0,80.0,－－－－－－－－－－,10.0,0.0,0.0,0.0,0.0,110.0,-1810.0,3040.0,yonden
2018,11,2018-11-27,04:00,3090.0,880.0,3810.0,140.0,－－－－－－－－－－,10.0,0.0,0.0,0.0,0.0,240.0,-1990.0,3090.0,yonden
2018,11,2018-11-27,05:00,3030.0,880.0,3840.0,150.0,－－－－－－－－－－,10.0,0.0,0.0,0.0,0.0,220.0,-2070.0,3030.0,yonden
2018,11,2018-11-27,06:00,2990.0,880.0,3850.0,120.0,－－－－－－－－－－,10.0,0.0,0.0,0.0,0.0,70.0,-1940.0,2990.0,yonden
2018,11,2018-11-27,07:00,3080.0,880.0,3800.0,120.0,－－－－－－－－－－,10.0,90.0,0.0,0.0,0.0,0.0,-1820.0,3080.0,yonden
2018,11,2018-11-27,08:00,3340.0,880.0,3860.0,120.0,－－－－－－－－－－,10.0,230.0,0.0,0.0,0.0,40.0,-1800.0,3340.0,yonden
2018,11,2018-11-27,09:00,3360.0,880.0,3750.0,120.0,－－－－－－－－－－,10.0,450.0,0.0,0.0,0.0,150.0,-2000.0,3360.0,yonden
2018,11,2018-11-27,10:00,3330.0,880.0,3740.0,120.0,－－－－－－－－－－,10.0,570.0,0.0,0.0,0.0,140.0,-2130.0,3330.0,yonden
2018,11,2018-11-27,11:00,3280.0,880.0,3700.0,90.0,－－－－－－－－－－,10.0,680.0,0.0,0.0,0.0,20.0,-2100.0,3280.0,yonden
2018,11,2018-11-27,12:00,3080.0,880.0,3530.0,80.0,－－－－－－－－－－,10.0,660.0,0.0,0.0,0.0,0.0,-2080.0,3080.0,yonden
2018,11,2018-11-27,13:00,3230.0,880.0,3750.0,120.0,－－－－－－－－－－,10.0,440.0,0.0,0.0,0.0,0.0,-1970.0,3230.0,yonden
2018,11,2018-11-27,14:00,3310.0,880.0,3950.0,120.0,－－－－－－－－－－,10.0,310.0,0.0,0.0,0.0,0.0,-1960.0,3310.0,yonden
2018,11,2018-11-27,15:00,3340.0,880.0,3950.0,120.0,－－－－－－－－－－,10.0,210.0,0.0,0.0,0.0,10.0,-1840.0,3340.0,yonden
2018,11,2018-11-27,16:00,3400.0,880.0,3970.0,140.0,－－－－－－－－－－,10.0,40.0,0.0,0.0,0.0,10.0,-1650.0,3400.0,yonden
2018,11,2018-11-27,17:00,3470.0,880.0,3930.0,240.0,－－－－－－－－－－,10.0,0.0,0.0,0.0,0.0,10.0,-1600.0,3470.0,yonden
2018,11,2018-11-27,18:00,3430.0,880.0,3850.0,290.0,－－－－－－－－－－,10.0,0.0,0.0,0.0,0.0,20.0,-1620.0,3430.0,yonden
2018,11,2018-11-27,19:00,3280.0,880.0,3870.0,240.0,－－－－－－－－－－,10.0,0.0,0.0,0.0,0.0,0.0,-1720.0,3280.0,yonden
2018,11,2018-11-27,20:00,3130.0,880.0,3830.0,150.0,－－－－－－－－－－,10.0,0.0,0.0,0.0,0.0,0.0,-1740.0,3130.0,yonden
2018,11,2018-11-27,21:00,2950.0,880.0,3840.0,90.0,－－－－－－－－－－,10.0,0.0,0.0,0.0,0.0,0.0,-1870.0,2950.0,yonden
2018,11,2018-11-27,22:00,2730.0,880.0,3790.0,100.0,－－－－－－－－－－,10.0,0.0,0.0,0.0,0.0,0.0,-2050.0,2730.0,yonden
2018,11,2018-11-27,23:00,2600.0,880.0,3760.0,100.0,－－－－－－－－－－,10.0,0.0,0.0,0.0,0.0,0.0,-2150.0,2600.0,yonden
2018,11,2018-11-28,00:00,2490.0,880.0,3690.0,80.0,－－－－－－－－－－,10.0,0.0,0.0,0.0,0.0,0.0,-2170.0,2490.0,yonden
2018,11,2018-11-28,01:00,2550.0,880.0,3680.0,80.0,－－－－－－－－－－,10.0,0.0,0.0,0.0,0.0,0.0,-2100.0,2550.0,yonden
2018,11,2018-11-28,02:00,2760.0,880.0,3690.0,80.0,－－－－－－－－－－,10.0,0.0,0.0,0.0,0.0,0.0,-1900.0,2760.0,yonden
2018,11,2018-11-28,03:00,2980.0,880.0,3710.0,130.0,－－－－－－－－－－,10.0,0.0,0.0,10.0,0.0,0.0,-1760.0,2980.0,yonden
2018,11,2018-11-28,04:00,3030.0,880.0,3700.0,190.0,－－－－－－－－－－,10.0,0.0,0.0,10.0,0.0,20.0,-1780.0,3030.0,yonden
2018,11,2018-11-28,05:00,2940.0,880.0,3660.0,140.0,－－－－－－－－－－,10.0,0.0,0.0,20.0,0.0,20.0,-1790.0,2940.0,yonden
2018,11,2018-11-28,06:00,2910.0,880.0,3640.0,120.0,－－－－－－－－－－,10.0,0.0,0.0,30.0,0.0,0.0,-1770.0,2910.0,yonden
2018,11,2018-11-28,07:00,2970.0,880.0,3570.0,100.0,－－－－－－－－－－,10.0,50.0,0.0,30.0,0.0,0.0,-1670.0,2970.0,yonden
2018,11,2018-11-28,08:00,3270.0,880.0,3580.0,90.0,－－－－－－－－－－,10.0,130.0,0.0,30.0,0.0,0.0,-1450.0,3270.0,yonden
2018,11,2018-11-28,09:00,3360.0,880.0,3640.0,70.0,－－－－－－－－－－,10.0,170.0,0.0,30.0,0.0,0.0,-1440.0,3360.0,yonden
2018,11,2018-11-28,10:00,3350.0,880.0,3700.0,80.0,－－－－－－－－－－,10.0,180.0,0.0,40.0,0.0,0.0,-1540.0,3350.0,yonden
2018,11,2018-11-28,11:00,3340.0,880.0,3750.0,70.0,－－－－－－－－－－,10.0,160.0,0.0,50.0,0.0,0.0,-1580.0,3340.0,yonden
2018,11,2018-11-28,12:00,3210.0,880.0,3770.0,70.0,－－－－－－－－－－,10.0,160.0,0.0,60.0,0.0,0.0,-1740.0,3210.0,yonden
2018,11,2018-11-28,13:00,3420.0,880.0,3890.0,110.0,－－－－－－－－－－,10.0,130.0,0.0,80.0,0.0,0.0,-1680.0,3420.0,yonden
2018,11,2018-11-28,14:00,3480.0,880.0,3920.0,110.0,－－－－－－－－－－,10.0,100.0,0.0,100.0,0.0,0.0,-1640.0,3480.0,yonden
2018,11,2018-11-28,15:00,3470.0,880.0,3880.0,110.0,－－－－－－－－－－,10.0,60.0,0.0,120.0,0.0,0.0,-1590.0,3470.0,yonden
2018,11,2018-11-28,16:00,3540.0,880.0,3890.0,180.0,－－－－－－－－－－,10.0,20.0,0.0,100.0,0.0,0.0,-1540.0,3540.0,yonden
2018,11,2018-11-28,17:00,3570.0,880.0,3820.0,260.0,－－－－－－－－－－,10.0,0.0,0.0,100.0,0.0,30.0,-1530.0,3570.0,yonden
2018,11,2018-11-28,18:00,3510.0,880.0,3770.0,310.0,－－－－－－－－－－,10.0,0.0,0.0,90.0,0.0,30.0,-1580.0,3510.0,yonden
2018,11,2018-11-28,19:00,3360.0,880.0,3790.0,300.0,－－－－－－－－－－,10.0,0.0,0.0,80.0,0.0,0.0,-1700.0,3360.0,yonden
2018,11,2018-11-28,20:00,3190.0,880.0,3820.0,180.0,－－－－－－－－－－,10.0,0.0,0.0,60.0,0.0,0.0,-1760.0,3190.0,yonden
2018,11,2018-11-28,21:00,3010.0,880.0,3830.0,120.0,－－－－－－－－－－,10.0,0.0,0.0,60.0,0.0,0.0,-1890.0,3010.0,yonden
2018,11,2018-11-28,22:00,2790.0,880.0,3780.0,110.0,－－－－－－－－－－,10.0,0.0,0.0,70.0,0.0,0.0,-2060.0,2790.0,yonden
2018,11,2018-11-28,23:00,2660.0,880.0,3790.0,90.0,－－－－－－－－－－,10.0,0.0,0.0,80.0,0.0,0.0,-2190.0,2660.0,yonden
2018,11,2018-11-29,00:00,2530.0,880.0,3660.0,70.0,－－－－－－－－－－,10.0,0.0,0.0,70.0,0.0,0.0,-2160.0,2530.0,yonden
2018,11,2018-11-29,01:00,2600.0,880.0,3650.0,70.0,－－－－－－－－－－,10.0,0.0,0.0,70.0,0.0,0.0,-2080.0,2600.0,yonden
2018,11,2018-11-29,02:00,2830.0,880.0,3740.0,70.0,－－－－－－－－－－,10.0,0.0,0.0,70.0,0.0,0.0,-1940.0,2830.0,yonden
2018,11,2018-11-29,03:00,3050.0,880.0,3770.0,130.0,－－－－－－－－－－,10.0,0.0,0.0,80.0,0.0,0.0,-1820.0,3050.0,yonden
2018,11,2018-11-29,04:00,3110.0,880.0,3720.0,220.0,－－－－－－－－－－,10.0,0.0,0.0,100.0,0.0,0.0,-1820.0,3110.0,yonden
2018,11,2018-11-29,05:00,3070.0,880.0,3720.0,210.0,－－－－－－－－－－,10.0,0.0,0.0,100.0,0.0,0.0,-1850.0,3070.0,yonden
2018,11,2018-11-29,06:00,3040.0,880.0,3740.0,170.0,－－－－－－－－－－,10.0,0.0,0.0,90.0,0.0,0.0,-1850.0,3040.0,yonden
2018,11,2018-11-29,07:00,3110.0,880.0,3690.0,130.0,－－－－－－－－－－,10.0,140.0,0.0,70.0,0.0,10.0,-1820.0,3110.0,yonden
2018,11,2018-11-29,08:00,3270.0,880.0,3640.0,80.0,－－－－－－－－－－,10.0,420.0,0.0,50.0,0.0,20.0,-1830.0,3270.0,yonden
2018,11,2018-11-29,09:00,3270.0,880.0,3580.0,90.0,－－－－－－－－－－,10.0,790.0,0.0,40.0,0.0,20.0,-2140.0,3270.0,yonden
2018,11,2018-11-29,10:00,3220.0,880.0,3480.0,110.0,－－－－－－－－－－,10.0,1080.0,0.0,40.0,0.0,-130.0,-2250.0,3220.0,yonden
2018,11,2018-11-29,11:00,3200.0,880.0,3470.0,100.0,－－－－－－－－－－,10.0,1200.0,0.0,50.0,0.0,-310.0,-2200.0,3200.0,yonden
2018,11,2018-11-29,12:00,3000.0,880.0,3400.0,80.0,－－－－－－－－－－,10.0,1200.0,0.0,50.0,0.0,-310.0,-2310.0,3000.0,yonden
2018,11,2018-11-29,13:00,3170.0,880.0,3430.0,90.0,－－－－－－－－－－,10.0,1090.0,0.0,50.0,0.0,-180.0,-2200.0,3170.0,yonden
2018,11,2018-11-29,14:00,3190.0,880.0,3380.0,90.0,－－－－－－－－－－,10.0,840.0,0.0,30.0,0.0,0.0,-2040.0,3190.0,yonden
2018,11,2018-11-29,15:00,3250.0,880.0,3510.0,80.0,－－－－－－－－－－,10.0,480.0,0.0,30.0,0.0,0.0,-1740.0,3250.0,yonden
2018,11,2018-11-29,16:00,3320.0,880.0,3630.0,140.0,－－－－－－－－－－,10.0,110.0,0.0,40.0,0.0,0.0,-1490.0,3320.0,yonden
2018,11,2018-11-29,17:00,3450.0,880.0,3740.0,260.0,－－－－－－－－－－,10.0,0.0,0.0,50.0,0.0,30.0,-1520.0,3450.0,yonden
2018,11,2018-11-29,18:00,3470.0,880.0,3740.0,290.0,－－－－－－－－－－,10.0,0.0,0.0,50.0,0.0,30.0,-1530.0,3470.0,yonden
2018,11,2018-11-29,19:00,3350.0,880.0,3720.0,230.0,－－－－－－－－－－,10.0,0.0,0.0,60.0,0.0,0.0,-1550.0,3350.0,yonden
2018,11,2018-11-29,20:00,3210.0,880.0,3760.0,130.0,－－－－－－－－－－,10.0,0.0,0.0,60.0,0.0,0.0,-1630.0,3210.0,yonden
2018,11,2018-11-29,21:00,3020.0,880.0,3800.0,90.0,－－－－－－－－－－,10.0,0.0,0.0,40.0,0.0,0.0,-1800.0,3020.0,yonden
2018,11,2018-11-29,22:00,2820.0,880.0,3780.0,100.0,－－－－－－－－－－,10.0,0.0,0.0,40.0,0.0,0.0,-1990.0,2820.0,yonden
2018,11,2018-11-29,23:00,2690.0,880.0,3760.0,100.0,－－－－－－－－－－,10.0,0.0,0.0,40.0,0.0,0.0,-2100.0,2690.0,yonden
2018,11,2018-11-30,00:00,2590.0,880.0,3630.0,70.0,－－－－－－－－－－,10.0,0.0,0.0,40.0,0.0,0.0,-2040.0,2590.0,yonden
2018,11,2018-11-30,01:00,2640.0,880.0,3600.0,60.0,－－－－－－－－－－,10.0,0.0,0.0,60.0,0.0,0.0,-1970.0,2640.0,yonden
2018,11,2018-11-30,02:00,2870.0,880.0,3600.0,60.0,－－－－－－－－－－,10.0,0.0,0.0,80.0,0.0,0.0,-1760.0,2870.0,yonden
2018,11,2018-11-30,03:00,3100.0,880.0,3690.0,90.0,－－－－－－－－－－,10.0,0.0,0.0,70.0,0.0,20.0,-1660.0,3100.0,yonden
2018,11,2018-11-30,04:00,3170.0,880.0,3730.0,160.0,－－－－－－－－－－,10.0,0.0,0.0,80.0,0.0,20.0,-1710.0,3170.0,yonden
2018,11,2018-11-30,05:00,3150.0,880.0,3710.0,190.0,－－－－－－－－－－,10.0,0.0,0.0,70.0,0.0,170.0,-1880.0,3150.0,yonden
2018,11,2018-11-30,06:00,3150.0,880.0,3710.0,140.0,－－－－－－－－－－,10.0,0.0,0.0,50.0,0.0,220.0,-1860.0,3150.0,yonden
2018,11,2018-11-30,07:00,3210.0,880.0,3700.0,80.0,－－－－－－－－－－,10.0,140.0,0.0,30.0,0.0,180.0,-1810.0,3210.0,yonden
2018,11,2018-11-30,08:00,3360.0,880.0,3750.0,80.0,－－－－－－－－－－,10.0,430.0,0.0,20.0,0.0,0.0,-1810.0,3360.0,yonden
2018,11,2018-11-30,09:00,3350.0,880.0,3610.0,90.0,－－－－－－－－－－,10.0,810.0,0.0,10.0,0.0,0.0,-2060.0,3350.0,yonden
2018,11,2018-11-30,10:00,3270.0,880.0,3450.0,100.0,－－－－－－－－－－,10.0,1120.0,0.0,0.0,0.0,-130.0,-2160.0,3270.0,yonden
2018,11,2018-11-30,11:00,3220.0,880.0,3490.0,80.0,－－－－－－－－－－,10.0,1240.0,0.0,0.0,0.0,-310.0,-2170.0,3220.0,yonden
2018,11,2018-11-30,12:00,3020.0,880.0,3380.0,70.0,－－－－－－－－－－,10.0,1210.0,0.0,0.0,0.0,-310.0,-2220.0,3020.0,yonden
2018,11,2018-11-30,13:00,3210.0,880.0,3450.0,90.0,－－－－－－－－－－,10.0,1070.0,0.0,0.0,0.0,-180.0,-2110.0,3210.0,yonden
2018,11,2018-11-30,14:00,3210.0,880.0,3470.0,80.0,－－－－－－－－－－,10.0,780.0,0.0,10.0,0.0,0.0,-2020.0,3210.0,yonden
2018,11,2018-11-30,15:00,3270.0,880.0,3590.0,70.0,－－－－－－－－－－,10.0,450.0,0.0,10.0,0.0,0.0,-1740.0,3270.0,yonden
2018,11,2018-11-30,16:00,3340.0,880.0,3700.0,100.0,－－－－－－－－－－,10.0,110.0,0.0,10.0,0.0,0.0,-1470.0,3340.0,yonden
2018,11,2018-11-30,17:00,3440.0,880.0,3770.0,230.0,－－－－－－－－－－,10.0,0.0,0.0,10.0,0.0,20.0,-1480.0,3440.0,yonden
2018,11,2018-11-30,18:00,3440.0,880.0,3780.0,280.0,－－－－－－－－－－,10.0,0.0,0.0,0.0,0.0,10.0,-1520.0,3440.0,yonden
2018,11,2018-11-30,19:00,3330.0,880.0,3740.0,240.0,－－－－－－－－－－,10.0,0.0,0.0,0.0,0.0,0.0,-1540.0,3330.0,yonden
2018,11,2018-11-30,20:00,3210.0,880.0,3810.0,110.0,－－－－－－－－－－,10.0,0.0,0.0,0.0,0.0,0.0,-1600.0,3210.0,yonden
2018,11,2018-11-30,21:00,3040.0,880.0,3820.0,90.0,－－－－－－－－－－,10.0,0.0,0.0,0.0,0.0,0.0,-1760.0,3040.0,yonden
2018,11,2018-11-30,22:00,2830.0,880.0,3830.0,100.0,－－－－－－－－－－,10.0,0.0,0.0,0.0,0.0,0.0,-1990.0,2830.0,yonden
2018,11,2018-11-30,23:00,2710.0,880.0,3800.0,90.0,－－－－－－－－－－,10.0,0.0,0.0,0.0,0.0,0.0,-2070.0,2710.0,yonden
2018,12,2018-12-01,00:00,2590.0,880.0,3570.0,60.0,－－－－－－－－－－,10.0,0.0,0.0,10.0,0.0,0.0,-1940.0,2590.0,yonden
2018,12,2018-12-01,01:00,2640.0,880.0,3570.0,60.0,－－－－－－－－－－,10.0,0.0,0.0,10.0,0.0,0.0,-1890.0,2640.0,yonden
2018,12,2018-12-01,02:00,2860.0,880.0,3660.0,60.0,－－－－－－－－－－,10.0,0.0,0.0,10.0,0.0,0.0,-1760.0,2860.0,yonden
2018,12,2018-12-01,03:00,3070.0,880.0,3660.0,140.0,－－－－－－－－－－,10.0,0.0,0.0,20.0,0.0,20.0,-1660.0,3070.0,yonden
2018,12,2018-12-01,04:00,3100.0,880.0,3650.0,210.0,－－－－－－－－－－,10.0,0.0,0.0,30.0,0.0,10.0,-1690.0,3100.0,yonden
2018,12,2018-12-01,05:00,3010.0,880.0,3650.0,210.0,－－－－－－－－－－,10.0,0.0,0.0,40.0,0.0,0.0,-1780.0,3010.0,yonden
2018,12,2018-12-01,06:00,2840.0,880.0,3690.0,150.0,－－－－－－－－－－,10.0,0.0,0.0,30.0,0.0,0.0,-1920.0,2840.0,yonden
2018,12,2018-12-01,07:00,2860.0,880.0,3700.0,100.0,－－－－－－－－－－,10.0,70.0,0.0,30.0,0.0,0.0,-1930.0,2860.0,yonden
2018,12,2018-12-01,08:00,3080.0,880.0,3760.0,110.0,－－－－－－－－－－,10.0,210.0,0.0,30.0,0.0,0.0,-1920.0,3080.0,yonden
2018,12,2018-12-01,09:00,3110.0,880.0,3690.0,130.0,－－－－－－－－－－,10.0,470.0,0.0,30.0,0.0,0.0,-2100.0,3110.0,yonden
2018,12,2018-12-01,10:00,2980.0,880.0,3460.0,90.0,－－－－－－－－－－,10.0,780.0,0.0,30.0,0.0,0.0,-2270.0,2980.0,yonden
2018,12,2018-12-01,11:00,2940.0,880.0,3360.0,70.0,－－－－－－－－－－,10.0,980.0,0.0,30.0,0.0,0.0,-2390.0,2940.0,yonden
2018,12,2018-12-01,12:00,2760.0,880.0,3190.0,70.0,－－－－－－－－－－,10.0,1040.0,0.0,30.0,0.0,0.0,-2460.0,2760.0,yonden
2018,12,2018-12-01,13:00,2860.0,880.0,3260.0,70.0,－－－－－－－－－－,10.0,990.0,0.0,20.0,0.0,0.0,-2370.0,2860.0,yonden
2018,12,2018-12-01,14:00,2860.0,880.0,3360.0,70.0,－－－－－－－－－－,10.0,750.0,0.0,20.0,0.0,0.0,-2230.0,2860.0,yonden
2018,12,2018-12-01,15:00,2910.0,880.0,3640.0,70.0,－－－－－－－－－－,10.0,400.0,0.0,20.0,0.0,0.0,-2110.0,2910.0,yonden
2018,12,2018-12-01,16:00,3030.0,880.0,3860.0,140.0,－－－－－－－－－－,10.0,100.0,0.0,30.0,0.0,0.0,-1990.0,3030.0,yonden
2018,12,2018-12-01,17:00,3110.0,880.0,3830.0,250.0,－－－－－－－－－－,10.0,0.0,0.0,30.0,0.0,0.0,-1890.0,3110.0,yonden
2018,12,2018-12-01,18:00,3110.0,880.0,3770.0,290.0,－－－－－－－－－－,10.0,0.0,0.0,20.0,0.0,20.0,-1880.0,3110.0,yonden
2018,12,2018-12-01,19:00,3030.0,880.0,3730.0,230.0,－－－－－－－－－－,20.0,0.0,0.0,10.0,0.0,20.0,-1860.0,3030.0,yonden
2018,12,2018-12-01,20:00,2920.0,880.0,3760.0,150.0,－－－－－－－－－－,20.0,0.0,0.0,0.0,0.0,10.0,-1900.0,2920.0,yonden
2018,12,2018-12-01,21:00,2780.0,880.0,3770.0,130.0,－－－－－－－－－－,10.0,0.0,0.0,0.0,0.0,0.0,-2010.0,2780.0,yonden
2018,12,2018-12-01,22:00,2590.0,880.0,3640.0,120.0,－－－－－－－－－－,10.0,0.0,0.0,0.0,0.0,0.0,-2060.0,2590.0,yonden
2018,12,2018-12-01,23:00,2510.0,880.0,3500.0,90.0,－－－－－－－－－－,10.0,0.0,0.0,0.0,0.0,0.0,-1970.0,2510.0,yonden
2018,12,2018-12-02,00:00,2420.0,880.0,3450.0,60.0,－－－－－－－－－－,10.0,0.0,0.0,0.0,0.0,0.0,-1980.0,2420.0,yonden
2018,12,2018-12-02,01:00,2490.0,880.0,3460.0,60.0,－－－－－－－－－－,10.0,0.0,0.0,0.0,0.0,0.0,-1920.0,2490.0,yonden
2018,12,2018-12-02,02:00,2700.0,880.0,3500.0,80.0,－－－－－－－－－－,10.0,0.0,0.0,0.0,0.0,0.0,-1770.0,2700.0,yonden
2018,12,2018-12-02,03:00,2910.0,880.0,3550.0,120.0,－－－－－－－－－－,10.0,0.0,0.0,10.0,0.0,0.0,-1660.0,2910.0,yonden
2018,12,2018-12-02,04:00,2950.0,880.0,3560.0,160.0,－－－－－－－－－－,10.0,0.0,0.0,10.0,0.0,20.0,-1690.0,2950.0,yonden
2018,12,2018-12-02,05:00,2820.0,880.0,3570.0,160.0,－－－－－－－－－－,10.0,0.0,0.0,20.0,0.0,0.0,-1820.0,2820.0,yonden
2018,12,2018-12-02,06:00,2580.0,880.0,3510.0,140.0,－－－－－－－－－－,10.0,0.0,0.0,20.0,0.0,0.0,-1980.0,2580.0,yonden
2018,12,2018-12-02,07:00,2530.0,880.0,3400.0,90.0,－－－－－－－－－－,10.0,120.0,0.0,20.0,0.0,0.0,-1990.0,2530.0,yonden
2018,12,2018-12-02,08:00,2560.0,880.0,3370.0,60.0,－－－－－－－－－－,10.0,350.0,0.0,20.0,0.0,0.0,-2130.0,2560.0,yonden
2018,12,2018-12-02,09:00,2540.0,880.0,3480.0,80.0,－－－－－－－－－－,10.0,660.0,0.0,20.0,0.0,-260.0,-2330.0,2540.0,yonden
2018,12,2018-12-02,10:00,2480.0,880.0,3440.0,80.0,－－－－－－－－－－,10.0,880.0,0.0,30.0,0.0,-310.0,-2530.0,2480.0,yonden
2018,12,2018-12-02,11:00,2470.0,880.0,3390.0,70.0,－－－－－－－－－－,10.0,970.0,0.0,30.0,0.0,-300.0,-2580.0,2470.0,yonden
2018,12,2018-12-02,12:00,2490.0,880.0,3510.0,70.0,－－－－－－－－－－,10.0,880.0,0.0,30.0,0.0,-300.0,-2590.0,2490.0,yonden
2018,12,2018-12-02,13:00,2480.0,880.0,3540.0,70.0,－－－－－－－－－－,10.0,780.0,0.0,30.0,0.0,-300.0,-2530.0,2480.0,yonden
2018,12,2018-12-02,14:00,2470.0,880.0,3400.0,100.0,－－－－－－－－－－,10.0,480.0,0.0,40.0,0.0,-50.0,-2390.0,2470.0,yonden
2018,12,2018-12-02,15:00,2500.0,880.0,3430.0,80.0,－－－－－－－－－－,10.0,220.0,0.0,50.0,0.0,0.0,-2170.0,2500.0,yonden
2018,12,2018-12-02,16:00,2680.0,880.0,3720.0,90.0,－－－－－－－－－－,10.0,50.0,0.0,50.0,0.0,0.0,-2120.0,2680.0,yonden
2018,12,2018-12-02,17:00,2940.0,880.0,3810.0,240.0,－－－－－－－－－－,10.0,0.0,0.0,70.0,0.0,20.0,-2090.0,2940.0,yonden
2018,12,2018-12-02,18:00,2960.0,880.0,3810.0,300.0,－－－－－－－－－－,10.0,0.0,0.0,70.0,0.0,20.0,-2130.0,2960.0,yonden
2018,12,2018-12-02,19:00,2900.0,880.0,3830.0,250.0,－－－－－－－－－－,10.0,0.0,0.0,70.0,0.0,10.0,-2150.0,2900.0,yonden
2018,12,2018-12-02,20:00,2790.0,880.0,3780.0,110.0,－－－－－－－－－－,10.0,0.0,0.0,80.0,0.0,0.0,-2070.0,2790.0,yonden
2018,12,2018-12-02,21:00,2650.0,880.0,3710.0,90.0,－－－－－－－－－－,10.0,0.0,0.0,100.0,0.0,0.0,-2140.0,2650.0,yonden
2018,12,2018-12-02,22:00,2490.0,880.0,3540.0,90.0,－－－－－－－－－－,10.0,0.0,0.0,90.0,0.0,0.0,-2120.0,2490.0,yonden
2018,12,2018-12-02,23:00,2400.0,880.0,3440.0,70.0,－－－－－－－－－－,10.0,0.0,0.0,90.0,0.0,0.0,-2090.0,2400.0,yonden
2018,12,2018-12-03,00:00,2350.0,880.0,3400.0,60.0,－－－－－－－－－－,10.0,0.0,0.0,100.0,0.0,0.0,-2100.0,2350.0,yonden
2018,12,2018-12-03,01:00,2410.0,880.0,3450.0,60.0,－－－－－－－－－－,10.0,0.0,0.0,80.0,0.0,0.0,-2070.0,2410.0,yonden
2018,12,2018-12-03,02:00,2640.0,880.0,3540.0,80.0,－－－－－－－－－－,10.0,0.0,0.0,70.0,0.0,0.0,-1940.0,2640.0,yonden
2018,12,2018-12-03,03:00,2860.0,880.0,3610.0,60.0,－－－－－－－－－－,10.0,0.0,0.0,50.0,0.0,0.0,-1750.0,2860.0,yonden
2018,12,2018-12-03,04:00,2890.0,880.0,3600.0,150.0,－－－－－－－－－－,10.0,0.0,0.0,40.0,0.0,0.0,-1790.0,2890.0,yonden
2018,12,2018-12-03,05:00,2810.0,880.0,3590.0,130.0,－－－－－－－－－－,10.0,0.0,0.0,30.0,0.0,0.0,-1830.0,2810.0,yonden
2018,12,2018-12-03,06:00,2770.0,880.0,3680.0,100.0,－－－－－－－－－－,10.0,0.0,0.0,40.0,0.0,0.0,-1940.0,2770.0,yonden
2018,12,2018-12-03,07:00,2930.0,880.0,3670.0,130.0,－－－－－－－－－－,10.0,40.0,0.0,70.0,0.0,0.0,-1870.0,2930.0,yonden
2018,12,2018-12-03,08:00,3290.0,880.0,3670.0,170.0,－－－－－－－－－－,10.0,70.0,0.0,70.0,0.0,0.0,-1580.0,3290.0,yonden
2018,12,2018-12-03,09:00,3490.0,880.0,3810.0,240.0,－－－－－－－－－－,10.0,90.0,0.0,70.0,0.0,0.0,-1610.0,3490.0,yonden
2018,12,2018-12-03,10:00,3470.0,880.0,3830.0,190.0,－－－－－－－－－－,10.0,170.0,0.0,70.0,0.0,10.0,-1690.0,3470.0,yonden
2018,12,2018-12-03,11:00,3400.0,880.0,3770.0,180.0,－－－－－－－－－－,10.0,190.0,0.0,60.0,0.0,30.0,-1720.0,3400.0,yonden
2018,12,2018-12-03,12:00,3220.0,880.0,3650.0,130.0,－－－－－－－－－－,10.0,180.0,0.0,70.0,0.0,0.0,-1700.0,3220.0,yonden
2018,12,2018-12-03,13:00,3390.0,880.0,3850.0,170.0,－－－－－－－－－－,10.0,160.0,0.0,60.0,0.0,10.0,-1750.0,3390.0,yonden
2018,12,2018-12-03,14:00,3410.0,880.0,3880.0,210.0,－－－－－－－－－－,10.0,150.0,0.0,70.0,0.0,10.0,-1800.0,3410.0,yonden
2018,12,2018-12-03,15:00,3420.0,880.0,3880.0,210.0,－－－－－－－－－－,10.0,90.0,0.0,90.0,0.0,0.0,-1740.0,3420.0,yonden
2018,12,2018-12-03,16:00,3500.0,880.0,3980.0,220.0,－－－－－－－－－－,10.0,30.0,0.0,100.0,0.0,10.0,-1730.0,3500.0,yonden
2018,12,2018-12-03,17:00,3520.0,880.0,4040.0,350.0,－－－－－－－－－－,10.0,0.0,0.0,90.0,0.0,20.0,-1870.0,3520.0,yonden
2018,12,2018-12-03,18:00,3450.0,880.0,4090.0,340.0,－－－－－－－－－－,10.0,0.0,0.0,90.0,0.0,20.0,-1980.0,3450.0,yonden
2018,12,2018-12-03,19:00,3270.0,880.0,3940.0,290.0,－－－－－－－－－－,10.0,0.0,0.0,110.0,0.0,30.0,-1990.0,3270.0,yonden
2018,12,2018-12-03,20:00,3110.0,880.0,3950.0,210.0,－－－－－－－－－－,10.0,0.0,0.0,110.0,0.0,0.0,-2050.0,3110.0,yonden
2018,12,2018-12-03,21:00,2920.0,880.0,3720.0,220.0,－－－－－－－－－－,10.0,0.0,0.0,110.0,0.0,0.0,-2020.0,2920.0,yonden
2018,12,2018-12-03,22:00,2720.0,880.0,3590.0,210.0,－－－－－－－－－－,10.0,0.0,0.0,90.0,0.0,0.0,-2060.0,2720.0,yonden
2018,12,2018-12-03,23:00,2610.0,880.0,3530.0,200.0,－－－－－－－－－－,10.0,0.0,0.0,80.0,0.0,30.0,-2120.0,2610.0,yonden
2018,12,2018-12-04,00:00,2490.0,880.0,3280.0,130.0,－－－－－－－－－－,10.0,0.0,0.0,80.0,0.0,10.0,-1900.0,2490.0,yonden
2018,12,2018-12-04,01:00,2540.0,880.0,3340.0,140.0,－－－－－－－－－－,10.0,0.0,0.0,80.0,0.0,0.0,-1910.0,2540.0,yonden
2018,12,2018-12-04,02:00,2750.0,880.0,3470.0,160.0,－－－－－－－－－－,10.0,0.0,0.0,80.0,0.0,0.0,-1850.0,2750.0,yonden
2018,12,2018-12-04,03:00,2960.0,880.0,3500.0,180.0,－－－－－－－－－－,10.0,0.0,0.0,80.0,0.0,0.0,-1690.0,2960.0,yonden
2018,12,2018-12-04,04:00,3020.0,880.0,3670.0,170.0,－－－－－－－－－－,10.0,0.0,0.0,70.0,0.0,30.0,-1810.0,3020.0,yonden
2018,12,2018-12-04,05:00,2930.0,880.0,3710.0,160.0,－－－－－－－－－－,10.0,0.0,0.0,80.0,0.0,20.0,-1930.0,2930.0,yonden
2018,12,2018-12-04,06:00,2860.0,880.0,3710.0,180.0,－－－－－－－－－－,10.0,0.0,0.0,90.0,0.0,0.0,-2010.0,2860.0,yonden
2018,12,2018-12-04,07:00,2940.0,880.0,3710.0,170.0,－－－－－－－－－－,10.0,60.0,0.0,90.0,0.0,0.0,-1980.0,2940.0,yonden
2018,12,2018-12-04,08:00,3230.0,880.0,3760.0,160.0,－－－－－－－－－－,10.0,170.0,0.0,100.0,0.0,0.0,-1850.0,3230.0,yonden
2018,12,2018-12-04,09:00,3280.0,880.0,3740.0,160.0,－－－－－－－－－－,10.0,360.0,0.0,100.0,0.0,0.0,-1970.0,3280.0,yonden
2018,12,2018-12-04,10:00,3250.0,880.0,3690.0,140.0,－－－－－－－－－－,10.0,580.0,0.0,90.0,0.0,20.0,-2160.0,3250.0,yonden
2018,12,2018-12-04,11:00,3200.0,880.0,3600.0,130.0,－－－－－－－－－－,10.0,610.0,0.0,100.0,0.0,30.0,-2160.0,3200.0,yonden
2018,12,2018-12-04,12:00,3040.0,880.0,3450.0,100.0,－－－－－－－－－－,10.0,630.0,0.0,100.0,0.0,0.0,-2130.0,3040.0,yonden
2018,12,2018-12-04,13:00,3290.0,880.0,3860.0,140.0,－－－－－－－－－－,10.0,380.0,0.0,100.0,0.0,0.0,-2080.0,3290.0,yonden
2018,12,2018-12-04,14:00,3320.0,880.0,3780.0,140.0,－－－－－－－－－－,10.0,270.0,0.0,80.0,0.0,0.0,-1840.0,3320.0,yonden
2018,12,2018-12-04,15:00,3300.0,880.0,3740.0,130.0,－－－－－－－－－－,10.0,170.0,0.0,60.0,0.0,0.0,-1690.0,3300.0,yonden
2018,12,2018-12-04,16:00,3390.0,880.0,3890.0,160.0,－－－－－－－－－－,10.0,50.0,0.0,40.0,0.0,0.0,-1640.0,3390.0,yonden
2018,12,2018-12-04,17:00,3420.0,880.0,3960.0,290.0,－－－－－－－－－－,10.0,0.0,0.0,40.0,0.0,0.0,-1760.0,3420.0,yonden
2018,12,2018-12-04,18:00,3360.0,880.0,3960.0,290.0,－－－－－－－－－－,10.0,0.0,0.0,40.0,0.0,0.0,-1820.0,3360.0,yonden
2018,12,2018-12-04,19:00,3180.0,880.0,3800.0,240.0,－－－－－－－－－－,10.0,0.0,0.0,30.0,0.0,0.0,-1780.0,3180.0,yonden
2018,12,2018-12-04,20:00,3030.0,880.0,3630.0,170.0,－－－－－－－－－－,10.0,0.0,0.0,50.0,0.0,0.0,-1710.0,3030.0,yonden
2018,12,2018-12-04,21:00,2850.0,880.0,3550.0,120.0,－－－－－－－－－－,10.0,0.0,0.0,60.0,0.0,0.0,-1770.0,2850.0,yonden
2018,12,2018-12-04,22:00,2680.0,880.0,3600.0,140.0,－－－－－－－－－－,10.0,0.0,0.0,90.0,0.0,20.0,-2060.0,2680.0,yonden
2018,12,2018-12-04,23:00,2570.0,880.0,3560.0,150.0,－－－－－－－－－－,10.0,0.0,0.0,90.0,0.0,20.0,-2140.0,2570.0,yonden
2018,12,2018-12-05,00:00,2480.0,880.0,3320.0,120.0,－－－－－－－－－－,10.0,0.0,0.0,100.0,0.0,0.0,-1950.0,2480.0,yonden
2018,12,2018-12-05,01:00,2530.0,880.0,3380.0,100.0,－－－－－－－－－－,10.0,0.0,0.0,100.0,0.0,0.0,-1940.0,2530.0,yonden
2018,12,2018-12-05,02:00,2760.0,880.0,3460.0,130.0,－－－－－－－－－－,10.0,0.0,0.0,120.0,0.0,0.0,-1840.0,2760.0,yonden
2018,12,2018-12-05,03:00,2970.0,880.0,3560.0,170.0,－－－－－－－－－－,10.0,0.0,0.0,120.0,0.0,0.0,-1770.0,2970.0,yonden
2018,12,2018-12-05,04:00,2990.0,880.0,3560.0,220.0,－－－－－－－－－－,10.0,0.0,0.0,110.0,0.0,20.0,-1810.0,2990.0,yonden
2018,12,2018-12-05,05:00,2910.0,880.0,3570.0,210.0,－－－－－－－－－－,10.0,0.0,0.0,110.0,0.0,20.0,-1890.0,2910.0,yonden
2018,12,2018-12-05,06:00,2820.0,880.0,3500.0,200.0,－－－－－－－－－－,10.0,0.0,0.0,100.0,0.0,20.0,-1890.0,2820.0,yonden
2018,12,2018-12-05,07:00,2880.0,880.0,3400.0,160.0,－－－－－－－－－－,10.0,60.0,0.0,100.0,0.0,20.0,-1750.0,2880.0,yonden
2018,12,2018-12-05,08:00,3140.0,880.0,3400.0,140.0,－－－－－－－－－－,10.0,170.0,0.0,80.0,0.0,0.0,-1540.0,3140.0,yonden
2018,12,2018-12-05,09:00,3130.0,880.0,3130.0,170.0,－－－－－－－－－－,10.0,420.0,0.0,50.0,0.0,0.0,-1530.0,3130.0,yonden
2018,12,2018-12-05,10:00,3130.0,880.0,2970.0,160.0,－－－－－－－－－－,10.0,780.0,0.0,50.0,0.0,-210.0,-1510.0,3130.0,yonden
2018,12,2018-12-05,11:00,3070.0,880.0,2870.0,100.0,－－－－－－－－－－,10.0,980.0,0.0,50.0,0.0,-300.0,-1520.0,3070.0,yonden
2018,12,2018-12-05,12:00,2890.0,880.0,2690.0,90.0,－－－－－－－－－－,10.0,1080.0,0.0,60.0,0.0,-300.0,-1620.0,2890.0,yonden
2018,12,2018-12-05,13:00,3090.0,880.0,2790.0,160.0,－－－－－－－－－－,10.0,970.0,0.0,60.0,0.0,-250.0,-1530.0,3090.0,yonden
2018,12,2018-12-05,14:00,3100.0,880.0,2850.0,170.0,－－－－－－－－－－,10.0,690.0,0.0,40.0,0.0,0.0,-1540.0,3100.0,yonden
2018,12,2018-12-05,15:00,3160.0,880.0,3370.0,170.0,－－－－－－－－－－,10.0,330.0,0.0,10.0,0.0,20.0,-1630.0,3160.0,yonden
2018,12,2018-12-05,16:00,3260.0,880.0,3630.0,220.0,－－－－－－－－－－,10.0,70.0,0.0,10.0,0.0,200.0,-1760.0,3260.0,yonden
2018,12,2018-12-05,17:00,3350.0,880.0,3680.0,290.0,－－－－－－－－－－,10.0,0.0,0.0,10.0,0.0,330.0,-1850.0,3350.0,yonden
2018,12,2018-12-05,18:00,3320.0,880.0,3700.0,270.0,－－－－－－－－－－,10.0,0.0,0.0,10.0,0.0,260.0,-1810.0,3320.0,yonden
2018,12,2018-12-05,19:00,3200.0,880.0,3590.0,250.0,－－－－－－－－－－,10.0,0.0,0.0,10.0,0.0,320.0,-1860.0,3200.0,yonden
2018,12,2018-12-05,20:00,3060.0,880.0,3540.0,150.0,－－－－－－－－－－,10.0,0.0,0.0,20.0,0.0,310.0,-1850.0,3060.0,yonden
2018,12,2018-12-05,21:00,2890.0,880.0,3600.0,140.0,－－－－－－－－－－,10.0,0.0,0.0,10.0,0.0,150.0,-1900.0,2890.0,yonden
2018,12,2018-12-05,22:00,2730.0,880.0,3650.0,180.0,－－－－－－－－－－,10.0,0.0,0.0,10.0,0.0,0.0,-2000.0,2730.0,yonden
2018,12,2018-12-05,23:00,2650.0,880.0,3600.0,140.0,－－－－－－－－－－,10.0,0.0,0.0,0.0,0.0,0.0,-1980.0,2650.0,yonden
2018,12,2018-12-06,00:00,2540.0,880.0,3480.0,110.0,－－－－－－－－－－,10.0,0.0,0.0,10.0,0.0,0.0,-1950.0,2540.0,yonden
2018,12,2018-12-06,01:00,2570.0,880.0,3450.0,80.0,－－－－－－－－－－,10.0,0.0,0.0,10.0,0.0,0.0,-1860.0,2570.0,yonden
2018,12,2018-12-06,02:00,2790.0,880.0,3550.0,80.0,－－－－－－－－－－,10.0,0.0,0.0,10.0,0.0,0.0,-1740.0,2790.0,yonden
2018,12,2018-12-06,03:00,3020.0,880.0,3600.0,90.0,－－－－－－－－－－,10.0,0.0,0.0,30.0,0.0,10.0,-1600.0,3020.0,yonden
2018,12,2018-12-06,04:00,3030.0,880.0,3530.0,120.0,－－－－－－－－－－,10.0,0.0,0.0,50.0,0.0,20.0,-1580.0,3030.0,yonden
2018,12,2018-12-06,05:00,2970.0,880.0,3600.0,120.0,－－－－－－－－－－,10.0,0.0,0.0,60.0,0.0,10.0,-1710.0,2970.0,yonden
2018,12,2018-12-06,06:00,2910.0,880.0,3710.0,140.0,－－－－－－－－－－,10.0,0.0,0.0,50.0,0.0,0.0,-1880.0,2910.0,yonden
2018,12,2018-12-06,07:00,2980.0,880.0,3690.0,140.0,－－－－－－－－－－,10.0,40.0,0.0,50.0,0.0,0.0,-1830.0,2980.0,yonden
2018,12,2018-12-06,08:00,3340.0,880.0,3780.0,190.0,－－－－－－－－－－,10.0,80.0,0.0,50.0,0.0,0.0,-1650.0,3340.0,yonden
2018,12,2018-12-06,09:00,3440.0,880.0,3810.0,220.0,－－－－－－－－－－,10.0,150.0,0.0,30.0,0.0,0.0,-1660.0,3440.0,yonden
2018,12,2018-12-06,10:00,3450.0,880.0,3850.0,210.0,－－－－－－－－－－,10.0,160.0,0.0,30.0,0.0,0.0,-1690.0,3450.0,yonden
2018,12,2018-12-06,11:00,3490.0,880.0,3940.0,150.0,－－－－－－－－－－,10.0,120.0,0.0,30.0,0.0,10.0,-1650.0,3490.0,yonden
2018,12,2018-12-06,12:00,3340.0,880.0,3820.0,120.0,－－－－－－－－－－,10.0,110.0,0.0,70.0,0.0,0.0,-1670.0,3340.0,yonden
2018,12,2018-12-06,13:00,3580.0,880.0,3900.0,120.0,－－－－－－－－－－,10.0,90.0,0.0,100.0,0.0,0.0,-1520.0,3580.0,yonden
2018,12,2018-12-06,14:00,3570.0,880.0,3890.0,120.0,－－－－－－－－－－,10.0,70.0,0.0,100.0,0.0,0.0,-1500.0,3570.0,yonden
2018,12,2018-12-06,15:00,3500.0,880.0,3960.0,140.0,－－－－－－－－－－,10.0,40.0,0.0,70.0,0.0,0.0,-1600.0,3500.0,yonden
2018,12,2018-12-06,16:00,3560.0,880.0,3990.0,190.0,－－－－－－－－－－,10.0,10.0,0.0,70.0,0.0,0.0,-1590.0,3560.0,yonden
2018,12,2018-12-06,17:00,3600.0,880.0,3970.0,280.0,－－－－－－－－－－,10.0,0.0,0.0,100.0,0.0,0.0,-1640.0,3600.0,yonden
2018,12,2018-12-06,18:00,3550.0,880.0,3940.0,290.0,－－－－－－－－－－,10.0,0.0,0.0,120.0,0.0,0.0,-1690.0,3550.0,yonden
2018,12,2018-12-06,19:00,3400.0,880.0,3850.0,270.0,－－－－－－－－－－,10.0,0.0,0.0,150.0,0.0,0.0,-1760.0,3400.0,yonden
2018,12,2018-12-06,20:00,3220.0,880.0,3790.0,230.0,－－－－－－－－－－,10.0,0.0,0.0,130.0,0.0,0.0,-1820.0,3220.0,yonden
2018,12,2018-12-06,21:00,3030.0,880.0,3710.0,240.0,－－－－－－－－－－,10.0,0.0,0.0,120.0,0.0,0.0,-1930.0,3030.0,yonden
2018,12,2018-12-06,22:00,2830.0,880.0,3650.0,170.0,－－－－－－－－－－,10.0,0.0,0.0,120.0,0.0,0.0,-2000.0,2830.0,yonden
2018,12,2018-12-06,23:00,2730.0,880.0,3600.0,130.0,－－－－－－－－－－,10.0,0.0,0.0,120.0,0.0,0.0,-2010.0,2730.0,yonden
2018,12,2018-12-07,00:00,2600.0,880.0,3360.0,90.0,－－－－－－－－－－,10.0,0.0,0.0,140.0,0.0,0.0,-1880.0,2600.0,yonden
2018,12,2018-12-07,01:00,2640.0,880.0,3380.0,90.0,－－－－－－－－－－,10.0,0.0,0.0,150.0,0.0,0.0,-1870.0,2640.0,yonden
2018,12,2018-12-07,02:00,2860.0,880.0,3370.0,90.0,－－－－－－－－－－,10.0,0.0,0.0,140.0,0.0,0.0,-1630.0,2860.0,yonden
2018,12,2018-12-07,03:00,3080.0,880.0,3470.0,110.0,－－－－－－－－－－,10.0,0.0,0.0,150.0,0.0,0.0,-1540.0,3080.0,yonden
2018,12,2018-12-07,04:00,3130.0,880.0,3420.0,190.0,－－－－－－－－－－,10.0,0.0,0.0,130.0,0.0,0.0,-1500.0,3130.0,yonden
2018,12,2018-12-07,05:00,3050.0,880.0,3390.0,180.0,－－－－－－－－－－,10.0,0.0,0.0,140.0,0.0,0.0,-1550.0,3050.0,yonden
2018,12,2018-12-07,06:00,2990.0,880.0,3460.0,140.0,－－－－－－－－－－,10.0,0.0,0.0,150.0,0.0,0.0,-1650.0,2990.0,yonden
2018,12,2018-12-07,07:00,3060.0,880.0,3430.0,120.0,－－－－－－－－－－,10.0,40.0,0.0,140.0,0.0,0.0,-1560.0,3060.0,yonden
2018,12,2018-12-07,08:00,3390.0,880.0,3610.0,120.0,－－－－－－－－－－,10.0,100.0,0.0,140.0,0.0,0.0,-1470.0,3390.0,yonden
2018,12,2018-12-07,09:00,3520.0,880.0,3710.0,130.0,－－－－－－－－－－,10.0,170.0,0.0,130.0,0.0,0.0,-1510.0,3520.0,yonden
2018,12,2018-12-07,10:00,3560.0,880.0,3790.0,130.0,－－－－－－－－－－,10.0,300.0,0.0,130.0,0.0,0.0,-1680.0,3560.0,yonden
2018,12,2018-12-07,11:00,3550.0,880.0,3860.0,120.0,－－－－－－－－－－,10.0,400.0,0.0,130.0,0.0,0.0,-1850.0,3550.0,yonden
2018,12,2018-12-07,12:00,3340.0,880.0,3760.0,90.0,－－－－－－－－－－,10.0,370.0,0.0,150.0,0.0,0.0,-1920.0,3340.0,yonden
2018,12,2018-12-07,13:00,3580.0,880.0,3850.0,80.0,－－－－－－－－－－,10.0,330.0,0.0,150.0,0.0,0.0,-1720.0,3580.0,yonden
2018,12,2018-12-07,14:00,3500.0,880.0,3820.0,80.0,－－－－－－－－－－,10.0,170.0,0.0,150.0,0.0,0.0,-1610.0,3500.0,yonden
2018,12,2018-12-07,15:00,3520.0,880.0,3990.0,120.0,－－－－－－－－－－,10.0,70.0,0.0,150.0,0.0,0.0,-1700.0,3520.0,yonden
2018,12,2018-12-07,16:00,3670.0,880.0,3960.0,230.0,－－－－－－－－－－,10.0,10.0,0.0,160.0,0.0,0.0,-1580.0,3670.0,yonden
2018,12,2018-12-07,17:00,3750.0,880.0,3950.0,280.0,－－－－－－－－－－,10.0,0.0,0.0,170.0,0.0,170.0,-1710.0,3750.0,yonden
2018,12,2018-12-07,18:00,3720.0,880.0,3920.0,290.0,－－－－－－－－－－,10.0,0.0,0.0,160.0,0.0,250.0,-1790.0,3720.0,yonden
2018,12,2018-12-07,19:00,3580.0,880.0,3880.0,290.0,－－－－－－－－－－,10.0,0.0,0.0,160.0,0.0,160.0,-1800.0,3580.0,yonden
2018,12,2018-12-07,20:00,3430.0,880.0,3840.0,190.0,－－－－－－－－－－,10.0,0.0,0.0,150.0,0.0,0.0,-1640.0,3430.0,yonden
2018,12,2018-12-07,21:00,3240.0,880.0,3780.0,140.0,－－－－－－－－－－,10.0,0.0,0.0,160.0,0.0,0.0,-1730.0,3240.0,yonden
2018,12,2018-12-07,22:00,3060.0,880.0,3760.0,140.0,－－－－－－－－－－,10.0,0.0,0.0,160.0,0.0,0.0,-1890.0,3060.0,yonden
2018,12,2018-12-07,23:00,2950.0,880.0,3700.0,100.0,－－－－－－－－－－,10.0,0.0,0.0,150.0,0.0,0.0,-1890.0,2950.0,yonden
2018,12,2018-12-08,00:00,2800.0,880.0,3470.0,80.0,－－－－－－－－－－,10.0,0.0,0.0,160.0,0.0,0.0,-1800.0,2800.0,yonden
2018,12,2018-12-08,01:00,2840.0,880.0,3570.0,90.0,－－－－－－－－－－,10.0,0.0,0.0,150.0,0.0,0.0,-1860.0,2840.0,yonden
2018,12,2018-12-08,02:00,3040.0,880.0,3580.0,130.0,－－－－－－－－－－,10.0,0.0,0.0,150.0,0.0,0.0,-1710.0,3040.0,yonden
2018,12,2018-12-08,03:00,3240.0,880.0,3600.0,190.0,－－－－－－－－－－,10.0,0.0,0.0,150.0,0.0,0.0,-1590.0,3240.0,yonden
2018,12,2018-12-08,04:00,3290.0,880.0,3590.0,200.0,－－－－－－－－－－,10.0,0.0,0.0,150.0,0.0,0.0,-1540.0,3290.0,yonden
2018,12,2018-12-08,05:00,3240.0,880.0,3600.0,190.0,－－－－－－－－－－,10.0,0.0,0.0,160.0,0.0,0.0,-1600.0,3240.0,yonden
2018,12,2018-12-08,06:00,3060.0,880.0,3550.0,170.0,－－－－－－－－－－,10.0,0.0,0.0,160.0,0.0,0.0,-1710.0,3060.0,yonden
2018,12,2018-12-08,07:00,3090.0,880.0,3470.0,150.0,－－－－－－－－－－,10.0,70.0,0.0,150.0,0.0,0.0,-1640.0,3090.0,yonden
2018,12,2018-12-08,08:00,3350.0,880.0,3600.0,140.0,－－－－－－－－－－,10.0,220.0,0.0,160.0,0.0,0.0,-1660.0,3350.0,yonden
2018,12,2018-12-08,09:00,3300.0,880.0,3630.0,100.0,－－－－－－－－－－,10.0,430.0,0.0,160.0,0.0,0.0,-1910.0,3300.0,yonden
2018,12,2018-12-08,10:00,3190.0,880.0,3540.0,90.0,－－－－－－－－－－,10.0,730.0,0.0,160.0,0.0,0.0,-2220.0,3190.0,yonden
2018,12,2018-12-08,11:00,3190.0,880.0,3620.0,80.0,－－－－－－－－－－,10.0,730.0,0.0,160.0,0.0,0.0,-2290.0,3190.0,yonden
2018,12,2018-12-08,12:00,3170.0,880.0,3720.0,80.0,－－－－－－－－－－,10.0,670.0,0.0,160.0,0.0,0.0,-2350.0,3170.0,yonden
2018,12,2018-12-08,13:00,3190.0,880.0,3590.0,80.0,－－－－－－－－－－,10.0,590.0,0.0,160.0,0.0,0.0,-2120.0,3190.0,yonden
2018,12,2018-12-08,14:00,3250.0,880.0,3600.0,80.0,－－－－－－－－－－,10.0,430.0,0.0,160.0,0.0,0.0,-1910.0,3250.0,yonden
2018,12,2018-12-08,15:00,3290.0,880.0,3820.0,100.0,－－－－－－－－－－,10.0,240.0,0.0,160.0,0.0,0.0,-1920.0,3290.0,yonden
2018,12,2018-12-08,16:00,3490.0,880.0,3930.0,180.0,－－－－－－－－－－,10.0,60.0,0.0,160.0,0.0,0.0,-1730.0,3490.0,yonden
2018,12,2018-12-08,17:00,3750.0,880.0,4030.0,310.0,－－－－－－－－－－,10.0,0.0,0.0,160.0,0.0,10.0,-1650.0,3750.0,yonden
2018,12,2018-12-08,18:00,3780.0,880.0,4020.0,380.0,－－－－－－－－－－,10.0,0.0,0.0,160.0,0.0,10.0,-1680.0,3780.0,yonden
2018,12,2018-12-08,19:00,3670.0,880.0,3960.0,340.0,－－－－－－－－－－,10.0,0.0,0.0,160.0,0.0,0.0,-1680.0,3670.0,yonden
2018,12,2018-12-08,20:00,3550.0,880.0,3920.0,190.0,－－－－－－－－－－,10.0,0.0,0.0,150.0,0.0,0.0,-1600.0,3550.0,yonden
2018,12,2018-12-08,21:00,3390.0,880.0,3850.0,150.0,－－－－－－－－－－,10.0,0.0,0.0,150.0,0.0,0.0,-1650.0,3390.0,yonden
2018,12,2018-12-08,22:00,3150.0,880.0,3760.0,110.0,－－－－－－－－－－,10.0,0.0,0.0,150.0,0.0,0.0,-1760.0,3150.0,yonden
2018,12,2018-12-08,23:00,3010.0,880.0,3710.0,100.0,－－－－－－－－－－,10.0,0.0,0.0,150.0,0.0,0.0,-1840.0,3010.0,yonden
2018,12,2018-12-09,00:00,2840.0,880.0,3550.0,80.0,－－－－－－－－－－,10.0,0.0,0.0,150.0,0.0,0.0,-1830.0,2840.0,yonden
2018,12,2018-12-09,01:00,2900.0,880.0,3520.0,70.0,－－－－－－－－－－,10.0,0.0,0.0,160.0,0.0,0.0,-1740.0,2900.0,yonden
2018,12,2018-12-09,02:00,3080.0,880.0,3570.0,70.0,－－－－－－－－－－,10.0,0.0,0.0,160.0,0.0,0.0,-1610.0,3080.0,yonden
2018,12,2018-12-09,03:00,3230.0,880.0,3600.0,110.0,－－－－－－－－－－,10.0,0.0,0.0,150.0,0.0,0.0,-1520.0,3230.0,yonden
2018,12,2018-12-09,04:00,3200.0,880.0,3560.0,100.0,－－－－－－－－－－,10.0,0.0,0.0,150.0,0.0,0.0,-1500.0,3200.0,yonden
2018,12,2018-12-09,05:00,3080.0,880.0,3610.0,70.0,－－－－－－－－－－,10.0,0.0,0.0,150.0,0.0,0.0,-1640.0,3080.0,yonden
2018,12,2018-12-09,06:00,2900.0,880.0,3530.0,80.0,－－－－－－－－－－,10.0,0.0,0.0,140.0,0.0,0.0,-1740.0,2900.0,yonden
2018,12,2018-12-09,07:00,2930.0,880.0,3470.0,90.0,－－－－－－－－－－,10.0,60.0,0.0,130.0,0.0,0.0,-1710.0,2930.0,yonden
2018,12,2018-12-09,08:00,3150.0,880.0,3760.0,90.0,－－－－－－－－－－,10.0,170.0,0.0,140.0,0.0,0.0,-1900.0,3150.0,yonden
2018,12,2018-12-09,09:00,3170.0,880.0,3830.0,120.0,－－－－－－－－－－,10.0,420.0,0.0,130.0,0.0,0.0,-2220.0,3170.0,yonden
2018,12,2018-12-09,10:00,3060.0,880.0,3620.0,90.0,－－－－－－－－－－,10.0,700.0,0.0,120.0,0.0,-30.0,-2330.0,3060.0,yonden
2018,12,2018-12-09,11:00,2950.0,880.0,3710.0,100.0,－－－－－－－－－－,10.0,760.0,0.0,110.0,0.0,-300.0,-2320.0,2950.0,yonden
2018,12,2018-12-09,12:00,2960.0,880.0,3750.0,80.0,－－－－－－－－－－,10.0,590.0,0.0,100.0,0.0,-30.0,-2420.0,2960.0,yonden
2018,12,2018-12-09,13:00,2900.0,880.0,3630.0,70.0,－－－－－－－－－－,10.0,600.0,0.0,80.0,0.0,0.0,-2370.0,2900.0,yonden
2018,12,2018-12-09,14:00,2920.0,880.0,3620.0,70.0,－－－－－－－－－－,10.0,470.0,0.0,60.0,0.0,0.0,-2190.0,2920.0,yonden
2018,12,2018-12-09,15:00,2920.0,880.0,3790.0,80.0,－－－－－－－－－－,10.0,180.0,0.0,50.0,0.0,0.0,-2070.0,2920.0,yonden
2018,12,2018-12-09,16:00,3130.0,880.0,3790.0,130.0,－－－－－－－－－－,10.0,40.0,0.0,50.0,0.0,0.0,-1770.0,3130.0,yonden
2018,12,2018-12-09,17:00,3530.0,880.0,3890.0,250.0,－－－－－－－－－－,10.0,0.0,0.0,50.0,0.0,0.0,-1550.0,3530.0,yonden
2018,12,2018-12-09,18:00,3660.0,880.0,3940.0,280.0,－－－－－－－－－－,10.0,0.0,0.0,50.0,0.0,0.0,-1500.0,3660.0,yonden
2018,12,2018-12-09,19:00,3630.0,880.0,3940.0,260.0,－－－－－－－－－－,10.0,0.0,0.0,40.0,0.0,0.0,-1500.0,3630.0,yonden
2018,12,2018-12-09,20:00,3550.0,880.0,3990.0,230.0,－－－－－－－－－－,10.0,0.0,0.0,30.0,0.0,0.0,-1590.0,3550.0,yonden
2018,12,2018-12-09,21:00,3370.0,880.0,3950.0,190.0,－－－－－－－－－－,10.0,0.0,0.0,30.0,0.0,0.0,-1690.0,3370.0,yonden
2018,12,2018-12-09,22:00,3120.0,880.0,3890.0,140.0,－－－－－－－－－－,10.0,0.0,0.0,30.0,0.0,0.0,-1830.0,3120.0,yonden
2018,12,2018-12-09,23:00,3010.0,880.0,3740.0,90.0,－－－－－－－－－－,10.0,0.0,0.0,30.0,0.0,0.0,-1740.0,3010.0,yonden
2018,12,2018-12-10,00:00,2940.0,880.0,3540.0,80.0,－－－－－－－－－－,10.0,0.0,0.0,30.0,0.0,0.0,-1600.0,2940.0,yonden
2018,12,2018-12-10,01:00,3000.0,880.0,3490.0,80.0,－－－－－－－－－－,10.0,0.0,0.0,30.0,0.0,0.0,-1490.0,3000.0,yonden
2018,12,2018-12-10,02:00,3200.0,880.0,3650.0,70.0,－－－－－－－－－－,10.0,0.0,0.0,20.0,0.0,0.0,-1430.0,3200.0,yonden
2018,12,2018-12-10,03:00,3280.0,880.0,3610.0,80.0,－－－－－－－－－－,10.0,0.0,0.0,30.0,0.0,0.0,-1330.0,3280.0,yonden
2018,12,2018-12-10,04:00,3290.0,880.0,3670.0,80.0,－－－－－－－－－－,10.0,0.0,0.0,30.0,0.0,0.0,-1380.0,3290.0,yonden
2018,12,2018-12-10,05:00,3270.0,880.0,3730.0,80.0,－－－－－－－－－－,10.0,0.0,0.0,40.0,0.0,0.0,-1470.0,3270.0,yonden
2018,12,2018-12-10,06:00,3430.0,880.0,3870.0,150.0,－－－－－－－－－－,10.0,0.0,0.0,50.0,0.0,0.0,-1530.0,3430.0,yonden
2018,12,2018-12-10,07:00,3630.0,880.0,3990.0,150.0,－－－－－－－－－－,10.0,60.0,0.0,30.0,0.0,0.0,-1490.0,3630.0,yonden
2018,12,2018-12-10,08:00,3990.0,880.0,4200.0,150.0,－－－－－－－－－－,10.0,170.0,0.0,30.0,0.0,0.0,-1450.0,3990.0,yonden
2018,12,2018-12-10,09:00,4040.0,880.0,4080.0,160.0,－－－－－－－－－－,10.0,320.0,0.0,20.0,0.0,0.0,-1430.0,4040.0,yonden
2018,12,2018-12-10,10:00,3930.0,880.0,3810.0,100.0,－－－－－－－－－－,10.0,560.0,0.0,10.0,0.0,0.0,-1440.0,3930.0,yonden
2018,12,2018-12-10,11:00,3870.0,880.0,3810.0,80.0,－－－－－－－－－－,10.0,650.0,0.0,30.0,0.0,0.0,-1590.0,3870.0,yonden
2018,12,2018-12-10,12:00,3650.0,880.0,3750.0,80.0,－－－－－－－－－－,10.0,660.0,0.0,30.0,0.0,0.0,-1760.0,3650.0,yonden
2018,12,2018-12-10,13:00,3750.0,880.0,3780.0,60.0,－－－－－－－－－－,10.0,700.0,0.0,30.0,0.0,0.0,-1710.0,3750.0,yonden
2018,12,2018-12-10,14:00,3760.0,880.0,3790.0,70.0,－－－－－－－－－－,10.0,570.0,0.0,30.0,0.0,0.0,-1590.0,3760.0,yonden
2018,12,2018-12-10,15:00,3740.0,880.0,3960.0,110.0,－－－－－－－－－－,10.0,280.0,0.0,30.0,0.0,0.0,-1530.0,3740.0,yonden
2018,12,2018-12-10,16:00,3920.0,880.0,4280.0,260.0,－－－－－－－－－－,10.0,80.0,0.0,30.0,0.0,10.0,-1630.0,3920.0,yonden
2018,12,2018-12-10,17:00,4140.0,880.0,4320.0,330.0,－－－－－－－－－－,10.0,0.0,0.0,30.0,0.0,160.0,-1590.0,4140.0,yonden
2018,12,2018-12-10,18:00,4180.0,880.0,4280.0,340.0,－－－－－－－－－－,10.0,0.0,0.0,40.0,0.0,140.0,-1510.0,4180.0,yonden
2018,12,2018-12-10,19:00,4050.0,880.0,4270.0,340.0,－－－－－－－－－－,10.0,0.0,0.0,50.0,0.0,50.0,-1550.0,4050.0,yonden
2018,12,2018-12-10,20:00,3880.0,880.0,4200.0,240.0,－－－－－－－－－－,10.0,0.0,0.0,40.0,0.0,0.0,-1490.0,3880.0,yonden
2018,12,2018-12-10,21:00,3650.0,880.0,4070.0,180.0,－－－－－－－－－－,10.0,0.0,0.0,40.0,0.0,0.0,-1530.0,3650.0,yonden
2018,12,2018-12-10,22:00,3430.0,880.0,3860.0,150.0,－－－－－－－－－－,10.0,0.0,0.0,40.0,0.0,0.0,-1510.0,3430.0,yonden
2018,12,2018-12-10,23:00,3290.0,880.0,3890.0,140.0,－－－－－－－－－－,10.0,0.0,0.0,20.0,0.0,0.0,-1650.0,3290.0,yonden
2018,12,2018-12-11,00:00,3170.0,880.0,3810.0,100.0,－－－－－－－－－－,10.0,0.0,0.0,30.0,0.0,0.0,-1660.0,3170.0,yonden
2018,12,2018-12-11,01:00,3260.0,880.0,3890.0,80.0,－－－－－－－－－－,10.0,0.0,0.0,40.0,0.0,0.0,-1640.0,3260.0,yonden
2018,12,2018-12-11,02:00,3430.0,880.0,3940.0,90.0,－－－－－－－－－－,10.0,0.0,0.0,20.0,0.0,0.0,-1510.0,3430.0,yonden
2018,12,2018-12-11,03:00,3520.0,880.0,3930.0,170.0,－－－－－－－－－－,10.0,0.0,0.0,20.0,0.0,10.0,-1500.0,3520.0,yonden
2018,12,2018-12-11,04:00,3470.0,880.0,3940.0,140.0,－－－－－－－－－－,10.0,0.0,0.0,20.0,0.0,0.0,-1520.0,3470.0,yonden
2018,12,2018-12-11,05:00,3420.0,880.0,3910.0,90.0,－－－－－－－－－－,10.0,0.0,0.0,20.0,0.0,0.0,-1490.0,3420.0,yonden
2018,12,2018-12-11,06:00,3560.0,880.0,3980.0,120.0,－－－－－－－－－－,10.0,0.0,0.0,30.0,0.0,0.0,-1460.0,3560.0,yonden
2018,12,2018-12-11,07:00,3720.0,880.0,4000.0,160.0,－－－－－－－－－－,10.0,60.0,0.0,30.0,0.0,0.0,-1420.0,3720.0,yonden
2018,12,2018-12-11,08:00,3990.0,880.0,4190.0,150.0,－－－－－－－－－－,10.0,220.0,0.0,20.0,0.0,0.0,-1480.0,3990.0,yonden
2018,12,2018-12-11,09:00,4020.0,880.0,4080.0,150.0,－－－－－－－－－－,10.0,330.0,0.0,10.0,0.0,0.0,-1440.0,4020.0,yonden
2018,12,2018-12-11,10:00,4000.0,880.0,4100.0,90.0,－－－－－－－－－－,10.0,450.0,0.0,0.0,0.0,0.0,-1530.0,4000.0,yonden
2018,12,2018-12-11,11:00,3930.0,880.0,4000.0,70.0,－－－－－－－－－－,10.0,520.0,0.0,10.0,0.0,0.0,-1560.0,3930.0,yonden
2018,12,2018-12-11,12:00,3800.0,880.0,4160.0,70.0,－－－－－－－－－－,10.0,280.0,0.0,30.0,0.0,0.0,-1630.0,3800.0,yonden
2018,12,2018-12-11,13:00,3940.0,880.0,4210.0,60.0,－－－－－－－－－－,10.0,180.0,0.0,40.0,0.0,0.0,-1440.0,3940.0,yonden
2018,12,2018-12-11,14:00,3960.0,880.0,4240.0,70.0,－－－－－－－－－－,10.0,130.0,0.0,50.0,0.0,0.0,-1420.0,3960.0,yonden
2018,12,2018-12-11,15:00,4030.0,880.0,4290.0,160.0,－－－－－－－－－－,10.0,70.0,0.0,60.0,0.0,0.0,-1440.0,4030.0,yonden
2018,12,2018-12-11,16:00,4150.0,880.0,4320.0,270.0,－－－－－－－－－－,10.0,20.0,0.0,60.0,0.0,40.0,-1450.0,4150.0,yonden
2018,12,2018-12-11,17:00,4220.0,880.0,4320.0,350.0,－－－－－－－－－－,10.0,0.0,0.0,50.0,0.0,150.0,-1540.0,4220.0,yonden
2018,12,2018-12-11,18:00,4160.0,880.0,4280.0,330.0,－－－－－－－－－－,10.0,0.0,0.0,40.0,0.0,150.0,-1530.0,4160.0,yonden
2018,12,2018-12-11,19:00,3970.0,880.0,4220.0,320.0,－－－－－－－－－－,10.0,0.0,0.0,50.0,0.0,0.0,-1510.0,3970.0,yonden
2018,12,2018-12-11,20:00,3780.0,880.0,4060.0,240.0,－－－－－－－－－－,10.0,0.0,0.0,70.0,0.0,0.0,-1480.0,3780.0,yonden
2018,12,2018-12-11,21:00,3530.0,880.0,3900.0,180.0,－－－－－－－－－－,10.0,0.0,0.0,80.0,0.0,0.0,-1520.0,3530.0,yonden
2018,12,2018-12-11,22:00,3260.0,880.0,3760.0,100.0,－－－－－－－－－－,10.0,0.0,0.0,70.0,0.0,0.0,-1560.0,3260.0,yonden
2018,12,2018-12-11,23:00,3070.0,880.0,3720.0,90.0,－－－－－－－－－－,10.0,0.0,0.0,80.0,0.0,0.0,-1710.0,3070.0,yonden
2018,12,2018-12-12,00:00,2930.0,880.0,3530.0,80.0,－－－－－－－－－－,10.0,0.0,0.0,100.0,0.0,0.0,-1670.0,2930.0,yonden
2018,12,2018-12-12,01:00,2980.0,880.0,3550.0,80.0,－－－－－－－－－－,10.0,0.0,0.0,110.0,0.0,0.0,-1650.0,2980.0,yonden
2018,12,2018-12-12,02:00,3180.0,880.0,3600.0,80.0,－－－－－－－－－－,10.0,0.0,0.0,150.0,0.0,0.0,-1540.0,3180.0,yonden
2018,12,2018-12-12,03:00,3360.0,880.0,3690.0,120.0,－－－－－－－－－－,10.0,0.0,0.0,160.0,0.0,0.0,-1500.0,3360.0,yonden
2018,12,2018-12-12,04:00,3380.0,880.0,3690.0,160.0,－－－－－－－－－－,10.0,0.0,0.0,150.0,0.0,0.0,-1510.0,3380.0,yonden
2018,12,2018-12-12,05:00,3320.0,880.0,3640.0,160.0,－－－－－－－－－－,10.0,0.0,0.0,150.0,0.0,0.0,-1520.0,3320.0,yonden
2018,12,2018-12-12,06:00,3350.0,880.0,3640.0,140.0,－－－－－－－－－－,10.0,0.0,0.0,150.0,0.0,0.0,-1470.0,3350.0,yonden
2018,12,2018-12-12,07:00,3480.0,880.0,3640.0,130.0,－－－－－－－－－－,10.0,60.0,0.0,150.0,0.0,0.0,-1390.0,3480.0,yonden
2018,12,2018-12-12,08:00,3740.0,880.0,3820.0,130.0,－－－－－－－－－－,10.0,190.0,0.0,160.0,0.0,0.0,-1450.0,3740.0,yonden
2018,12,2018-12-12,09:00,3710.0,880.0,3720.0,150.0,－－－－－－－－－－,10.0,390.0,0.0,160.0,0.0,0.0,-1600.0,3710.0,yonden
2018,12,2018-12-12,10:00,3590.0,880.0,3550.0,110.0,－－－－－－－－－－,10.0,640.0,0.0,150.0,0.0,0.0,-1750.0,3590.0,yonden
2018,12,2018-12-12,11:00,3560.0,880.0,3620.0,110.0,－－－－－－－－－－,10.0,630.0,0.0,160.0,0.0,0.0,-1850.0,3560.0,yonden
2018,12,2018-12-12,12:00,3360.0,880.0,3710.0,80.0,－－－－－－－－－－,10.0,470.0,0.0,160.0,0.0,0.0,-1950.0,3360.0,yonden
2018,12,2018-12-12,13:00,3550.0,880.0,3840.0,90.0,－－－－－－－－－－,10.0,370.0,0.0,160.0,0.0,0.0,-1800.0,3550.0,yonden
2018,12,2018-12-12,14:00,3570.0,880.0,3760.0,130.0,－－－－－－－－－－,10.0,240.0,0.0,150.0,0.0,0.0,-1600.0,3570.0,yonden
2018,12,2018-12-12,15:00,3660.0,880.0,3780.0,180.0,－－－－－－－－－－,10.0,180.0,0.0,160.0,0.0,10.0,-1540.0,3660.0,yonden
2018,12,2018-12-12,16:00,3790.0,880.0,3930.0,260.0,－－－－－－－－－－,10.0,50.0,0.0,160.0,0.0,0.0,-1500.0,3790.0,yonden
2018,12,2018-12-12,17:00,3940.0,880.0,3970.0,380.0,－－－－－－－－－－,10.0,0.0,0.0,150.0,0.0,10.0,-1460.0,3940.0,yonden
2018,12,2018-12-12,18:00,3940.0,880.0,3950.0,390.0,－－－－－－－－－－,10.0,0.0,0.0,140.0,0.0,50.0,-1480.0,3940.0,yonden
2018,12,2018-12-12,19:00,3810.0,880.0,3900.0,370.0,－－－－－－－－－－,10.0,0.0,0.0,130.0,0.0,20.0,-1500.0,3810.0,yonden
2018,12,2018-12-12,20:00,3670.0,880.0,3920.0,250.0,－－－－－－－－－－,10.0,0.0,0.0,130.0,0.0,0.0,-1520.0,3670.0,yonden
2018,12,2018-12-12,21:00,3460.0,880.0,3890.0,210.0,－－－－－－－－－－,10.0,0.0,0.0,130.0,0.0,0.0,-1660.0,3460.0,yonden
2018,12,2018-12-12,22:00,3200.0,880.0,3780.0,110.0,－－－－－－－－－－,10.0,0.0,0.0,120.0,0.0,0.0,-1700.0,3200.0,yonden
2018,12,2018-12-12,23:00,3050.0,880.0,3750.0,90.0,－－－－－－－－－－,10.0,0.0,0.0,120.0,0.0,0.0,-1800.0,3050.0,yonden
2018,12,2018-12-13,00:00,2930.0,880.0,3480.0,80.0,－－－－－－－－－－,10.0,0.0,0.0,100.0,0.0,0.0,-1620.0,2930.0,yonden
2018,12,2018-12-13,01:00,3010.0,880.0,3480.0,80.0,－－－－－－－－－－,10.0,0.0,0.0,90.0,0.0,0.0,-1530.0,3010.0,yonden
2018,12,2018-12-13,02:00,3240.0,880.0,3620.0,70.0,－－－－－－－－－－,10.0,0.0,0.0,100.0,0.0,0.0,-1440.0,3240.0,yonden
2018,12,2018-12-13,03:00,3400.0,880.0,3700.0,110.0,－－－－－－－－－－,10.0,0.0,0.0,100.0,0.0,0.0,-1400.0,3400.0,yonden
2018,12,2018-12-13,04:00,3430.0,880.0,3740.0,130.0,－－－－－－－－－－,10.0,0.0,0.0,90.0,0.0,0.0,-1420.0,3430.0,yonden
2018,12,2018-12-13,05:00,3420.0,880.0,3740.0,180.0,－－－－－－－－－－,10.0,0.0,0.0,90.0,0.0,0.0,-1480.0,3420.0,yonden
2018,12,2018-12-13,06:00,3520.0,880.0,3850.0,180.0,－－－－－－－－－－,10.0,0.0,0.0,70.0,0.0,0.0,-1470.0,3520.0,yonden
2018,12,2018-12-13,07:00,3620.0,880.0,3820.0,150.0,－－－－－－－－－－,10.0,80.0,0.0,70.0,0.0,0.0,-1390.0,3620.0,yonden
2018,12,2018-12-13,08:00,3810.0,880.0,3790.0,180.0,－－－－－－－－－－,10.0,290.0,0.0,70.0,0.0,30.0,-1440.0,3810.0,yonden
2018,12,2018-12-13,09:00,3690.0,880.0,3490.0,140.0,－－－－－－－－－－,10.0,590.0,0.0,80.0,0.0,0.0,-1500.0,3690.0,yonden
2018,12,2018-12-13,10:00,3590.0,880.0,3560.0,110.0,－－－－－－－－－－,10.0,770.0,0.0,80.0,0.0,-110.0,-1710.0,3590.0,yonden
2018,12,2018-12-13,11:00,3510.0,880.0,3750.0,140.0,－－－－－－－－－－,10.0,820.0,0.0,80.0,0.0,-310.0,-1860.0,3510.0,yonden
2018,12,2018-12-13,12:00,3320.0,880.0,3650.0,100.0,－－－－－－－－－－,10.0,820.0,0.0,80.0,0.0,-250.0,-1970.0,3320.0,yonden
2018,12,2018-12-13,13:00,3460.0,880.0,3700.0,60.0,－－－－－－－－－－,10.0,720.0,0.0,90.0,0.0,0.0,-2000.0,3460.0,yonden
2018,12,2018-12-13,14:00,3490.0,880.0,3680.0,80.0,－－－－－－－－－－,10.0,590.0,0.0,100.0,0.0,0.0,-1850.0,3490.0,yonden
2018,12,2018-12-13,15:00,3610.0,880.0,3800.0,150.0,－－－－－－－－－－,10.0,360.0,0.0,100.0,0.0,10.0,-1700.0,3610.0,yonden
2018,12,2018-12-13,16:00,3830.0,880.0,4050.0,270.0,－－－－－－－－－－,10.0,90.0,0.0,100.0,0.0,100.0,-1670.0,3830.0,yonden
2018,12,2018-12-13,17:00,4010.0,880.0,4030.0,350.0,－－－－－－－－－－,10.0,0.0,0.0,100.0,0.0,170.0,-1530.0,4010.0,yonden
2018,12,2018-12-13,18:00,4010.0,880.0,4020.0,370.0,－－－－－－－－－－,10.0,0.0,0.0,110.0,0.0,110.0,-1490.0,4010.0,yonden
2018,12,2018-12-13,19:00,3860.0,880.0,3940.0,390.0,－－－－－－－－－－,10.0,0.0,0.0,110.0,0.0,10.0,-1480.0,3860.0,yonden
2018,12,2018-12-13,20:00,3690.0,880.0,3860.0,300.0,－－－－－－－－－－,10.0,0.0,0.0,110.0,0.0,0.0,-1470.0,3690.0,yonden
2018,12,2018-12-13,21:00,3470.0,880.0,3820.0,170.0,－－－－－－－－－－,10.0,0.0,0.0,100.0,0.0,0.0,-1510.0,3470.0,yonden
2018,12,2018-12-13,22:00,3190.0,880.0,3720.0,90.0,－－－－－－－－－－,10.0,0.0,0.0,90.0,0.0,0.0,-1600.0,3190.0,yonden
2018,12,2018-12-13,23:00,3030.0,880.0,3680.0,80.0,－－－－－－－－－－,10.0,0.0,0.0,100.0,0.0,0.0,-1720.0,3030.0,yonden
2018,12,2018-12-14,00:00,2900.0,880.0,3610.0,70.0,－－－－－－－－－－,10.0,0.0,0.0,110.0,0.0,0.0,-1780.0,2900.0,yonden
2018,12,2018-12-14,01:00,2960.0,880.0,3570.0,70.0,－－－－－－－－－－,10.0,0.0,0.0,130.0,0.0,0.0,-1700.0,2960.0,yonden
2018,12,2018-12-14,02:00,3190.0,880.0,3650.0,70.0,－－－－－－－－－－,10.0,0.0,0.0,130.0,0.0,0.0,-1550.0,3190.0,yonden
2018,12,2018-12-14,03:00,3340.0,880.0,3660.0,80.0,－－－－－－－－－－,10.0,0.0,0.0,140.0,0.0,0.0,-1430.0,3340.0,yonden
2018,12,2018-12-14,04:00,3360.0,880.0,3660.0,80.0,－－－－－－－－－－,10.0,0.0,0.0,140.0,0.0,0.0,-1410.0,3360.0,yonden
2018,12,2018-12-14,05:00,3340.0,880.0,3720.0,110.0,－－－－－－－－－－,10.0,0.0,0.0,130.0,0.0,0.0,-1510.0,3340.0,yonden
2018,12,2018-12-14,06:00,3430.0,880.0,3770.0,140.0,－－－－－－－－－－,10.0,0.0,0.0,120.0,0.0,0.0,-1490.0,3430.0,yonden
2018,12,2018-12-14,07:00,3550.0,880.0,3790.0,120.0,－－－－－－－－－－,10.0,70.0,0.0,110.0,0.0,0.0,-1430.0,3550.0,yonden
2018,12,2018-12-14,08:00,3720.0,880.0,3770.0,120.0,－－－－－－－－－－,10.0,300.0,0.0,100.0,0.0,30.0,-1490.0,3720.0,yonden
2018,12,2018-12-14,09:00,3650.0,880.0,3550.0,110.0,－－－－－－－－－－,10.0,610.0,0.0,90.0,0.0,-120.0,-1480.0,3650.0,yonden
2018,12,2018-12-14,10:00,3610.0,880.0,3610.0,80.0,－－－－－－－－－－,10.0,730.0,0.0,100.0,0.0,-300.0,-1500.0,3610.0,yonden
2018,12,2018-12-14,11:00,3590.0,880.0,3720.0,60.0,－－－－－－－－－－,10.0,740.0,0.0,90.0,0.0,-300.0,-1610.0,3590.0,yonden
2018,12,2018-12-14,12:00,3370.0,880.0,3610.0,70.0,－－－－－－－－－－,10.0,750.0,0.0,100.0,0.0,-300.0,-1750.0,3370.0,yonden
2018,12,2018-12-14,13:00,3550.0,880.0,3750.0,60.0,－－－－－－－－－－,10.0,660.0,0.0,110.0,0.0,-300.0,-1620.0,3550.0,yonden
2018,12,2018-12-14,14:00,3590.0,880.0,3690.0,80.0,－－－－－－－－－－,10.0,490.0,0.0,110.0,0.0,-170.0,-1500.0,3590.0,yonden
2018,12,2018-12-14,15:00,3660.0,880.0,3720.0,130.0,－－－－－－－－－－,10.0,230.0,0.0,110.0,0.0,0.0,-1420.0,3660.0,yonden
2018,12,2018-12-14,16:00,3860.0,880.0,3820.0,240.0,－－－－－－－－－－,10.0,60.0,0.0,110.0,0.0,30.0,-1290.0,3860.0,yonden
2018,12,2018-12-14,17:00,3980.0,880.0,3780.0,310.0,－－－－－－－－－－,10.0,0.0,0.0,110.0,0.0,200.0,-1310.0,3980.0,yonden
2018,12,2018-12-14,18:00,3950.0,880.0,3760.0,320.0,－－－－－－－－－－,10.0,0.0,0.0,110.0,0.0,190.0,-1320.0,3950.0,yonden
2018,12,2018-12-14,19:00,3800.0,880.0,3750.0,310.0,－－－－－－－－－－,10.0,0.0,0.0,110.0,0.0,150.0,-1410.0,3800.0,yonden
2018,12,2018-12-14,20:00,3650.0,880.0,3740.0,230.0,－－－－－－－－－－,10.0,0.0,0.0,100.0,0.0,150.0,-1460.0,3650.0,yonden
2018,12,2018-12-14,21:00,3450.0,880.0,3770.0,200.0,－－－－－－－－－－,10.0,0.0,0.0,90.0,0.0,70.0,-1570.0,3450.0,yonden
2018,12,2018-12-14,22:00,3220.0,880.0,3540.0,180.0,－－－－－－－－－－,10.0,0.0,0.0,90.0,0.0,10.0,-1490.0,3220.0,yonden
2018,12,2018-12-14,23:00,3090.0,880.0,3510.0,130.0,－－－－－－－－－－,10.0,0.0,0.0,80.0,0.0,0.0,-1520.0,3090.0,yonden
2018,12,2018-12-15,00:00,3000.0,880.0,3560.0,80.0,－－－－－－－－－－,10.0,0.0,0.0,80.0,0.0,0.0,-1610.0,3000.0,yonden
2018,12,2018-12-15,01:00,3070.0,880.0,3570.0,80.0,－－－－－－－－－－,10.0,0.0,0.0,80.0,0.0,0.0,-1550.0,3070.0,yonden
2018,12,2018-12-15,02:00,3270.0,880.0,3610.0,80.0,－－－－－－－－－－,10.0,0.0,0.0,80.0,0.0,0.0,-1390.0,3270.0,yonden
2018,12,2018-12-15,03:00,3390.0,880.0,3610.0,80.0,－－－－－－－－－－,10.0,0.0,0.0,90.0,0.0,0.0,-1280.0,3390.0,yonden
2018,12,2018-12-15,04:00,3400.0,880.0,3600.0,90.0,－－－－－－－－－－,10.0,0.0,0.0,80.0,0.0,0.0,-1260.0,3400.0,yonden
2018,12,2018-12-15,05:00,3290.0,880.0,3550.0,110.0,－－－－－－－－－－,10.0,0.0,0.0,70.0,0.0,0.0,-1330.0,3290.0,yonden
2018,12,2018-12-15,06:00,3230.0,880.0,3610.0,120.0,－－－－－－－－－－,10.0,0.0,0.0,60.0,0.0,20.0,-1470.0,3230.0,yonden
2018,12,2018-12-15,07:00,3340.0,880.0,3640.0,110.0,－－－－－－－－－－,10.0,70.0,0.0,40.0,0.0,20.0,-1430.0,3340.0,yonden
2018,12,2018-12-15,08:00,3540.0,880.0,3600.0,80.0,－－－－－－－－－－,10.0,290.0,0.0,20.0,0.0,0.0,-1340.0,3540.0,yonden
2018,12,2018-12-15,09:00,3410.0,880.0,3400.0,100.0,－－－－－－－－－－,10.0,620.0,0.0,10.0,0.0,0.0,-1610.0,3410.0,yonden
2018,12,2018-12-15,10:00,3260.0,880.0,3290.0,80.0,－－－－－－－－－－,10.0,900.0,0.0,10.0,0.0,0.0,-1910.0,3260.0,yonden
2018,12,2018-12-15,11:00,3180.0,880.0,3500.0,80.0,－－－－－－－－－－,10.0,980.0,0.0,10.0,0.0,-250.0,-2030.0,3180.0,yonden
2018,12,2018-12-15,12:00,3030.0,880.0,3470.0,70.0,－－－－－－－－－－,10.0,990.0,0.0,10.0,0.0,-280.0,-2120.0,3030.0,yonden
2018,12,2018-12-15,13:00,3070.0,880.0,3280.0,70.0,－－－－－－－－－－,10.0,880.0,0.0,10.0,0.0,0.0,-2060.0,3070.0,yonden
2018,12,2018-12-15,14:00,3080.0,880.0,3330.0,70.0,－－－－－－－－－－,10.0,700.0,0.0,10.0,0.0,0.0,-1920.0,3080.0,yonden
2018,12,2018-12-15,15:00,3140.0,880.0,3450.0,80.0,－－－－－－－－－－,10.0,400.0,0.0,10.0,0.0,0.0,-1690.0,3140.0,yonden
2018,12,2018-12-15,16:00,3320.0,880.0,3550.0,90.0,－－－－－－－－－－,10.0,100.0,0.0,10.0,0.0,0.0,-1320.0,3320.0,yonden
2018,12,2018-12-15,17:00,3560.0,880.0,3640.0,160.0,－－－－－－－－－－,10.0,0.0,0.0,10.0,0.0,10.0,-1150.0,3560.0,yonden
2018,12,2018-12-15,18:00,3610.0,880.0,3680.0,210.0,－－－－－－－－－－,10.0,0.0,0.0,10.0,0.0,20.0,-1200.0,3610.0,yonden
2018,12,2018-12-15,19:00,3530.0,880.0,3590.0,220.0,－－－－－－－－－－,10.0,0.0,0.0,0.0,0.0,10.0,-1180.0,3530.0,yonden
2018,12,2018-12-15,20:00,3480.0,880.0,3620.0,160.0,－－－－－－－－－－,10.0,0.0,0.0,0.0,0.0,0.0,-1190.0,3480.0,yonden
2018,12,2018-12-15,21:00,3360.0,880.0,3610.0,170.0,－－－－－－－－－－,10.0,0.0,0.0,0.0,0.0,0.0,-1310.0,3360.0,yonden
2018,12,2018-12-15,22:00,3130.0,880.0,3590.0,150.0,－－－－－－－－－－,10.0,0.0,0.0,0.0,0.0,0.0,-1500.0,3130.0,yonden
2018,12,2018-12-15,23:00,3060.0,880.0,3590.0,150.0,－－－－－－－－－－,10.0,0.0,0.0,0.0,0.0,0.0,-1570.0,3060.0,yonden
2018,12,2018-12-16,00:00,3030.0,880.0,3630.0,160.0,－－－－－－－－－－,10.0,0.0,0.0,0.0,0.0,0.0,-1650.0,3030.0,yonden
2018,12,2018-12-16,01:00,3090.0,880.0,3630.0,160.0,－－－－－－－－－－,10.0,0.0,0.0,0.0,0.0,20.0,-1610.0,3090.0,yonden
2018,12,2018-12-16,02:00,3280.0,880.0,3630.0,170.0,－－－－－－－－－－,10.0,0.0,0.0,0.0,0.0,10.0,-1420.0,3280.0,yonden
2018,12,2018-12-16,03:00,3380.0,880.0,3640.0,140.0,－－－－－－－－－－,10.0,0.0,0.0,10.0,0.0,10.0,-1310.0,3380.0,yonden
2018,12,2018-12-16,04:00,3340.0,880.0,3630.0,130.0,－－－－－－－－－－,10.0,0.0,0.0,30.0,0.0,0.0,-1340.0,3340.0,yonden
2018,12,2018-12-16,05:00,3170.0,880.0,3600.0,90.0,－－－－－－－－－－,10.0,0.0,0.0,20.0,0.0,0.0,-1430.0,3170.0,yonden
2018,12,2018-12-16,06:00,2980.0,880.0,3490.0,70.0,－－－－－－－－－－,10.0,0.0,0.0,40.0,0.0,0.0,-1510.0,2980.0,yonden
2018,12,2018-12-16,07:00,3060.0,880.0,3470.0,70.0,－－－－－－－－－－,10.0,80.0,0.0,50.0,0.0,0.0,-1500.0,3060.0,yonden
2018,12,2018-12-16,08:00,3160.0,880.0,3350.0,50.0,－－－－－－－－－－,10.0,280.0,0.0,60.0,0.0,0.0,-1470.0,3160.0,yonden
2018,12,2018-12-16,09:00,3170.0,880.0,3310.0,90.0,－－－－－－－－－－,10.0,440.0,0.0,70.0,0.0,0.0,-1630.0,3170.0,yonden
2018,12,2018-12-16,10:00,3100.0,880.0,3310.0,80.0,－－－－－－－－－－,10.0,590.0,0.0,60.0,0.0,-130.0,-1700.0,3100.0,yonden
2018,12,2018-12-16,11:00,3070.0,880.0,3500.0,60.0,－－－－－－－－－－,10.0,590.0,0.0,30.0,0.0,-300.0,-1700.0,3070.0,yonden
2018,12,2018-12-16,12:00,2960.0,830.0,3480.0,80.0,－－－－－－－－－－,10.0,420.0,0.0,40.0,0.0,-200.0,-1700.0,2960.0,yonden
2018,12,2018-12-16,13:00,2940.0,860.0,3380.0,80.0,－－－－－－－－－－,10.0,260.0,0.0,50.0,0.0,0.0,-1700.0,2940.0,yonden
2018,12,2018-12-16,14:00,2980.0,880.0,3560.0,80.0,－－－－－－－－－－,10.0,130.0,0.0,40.0,0.0,0.0,-1720.0,2980.0,yonden
2018,12,2018-12-16,15:00,3050.0,880.0,3680.0,90.0,－－－－－－－－－－,10.0,70.0,0.0,50.0,0.0,20.0,-1750.0,3050.0,yonden
2018,12,2018-12-16,16:00,3210.0,880.0,3690.0,90.0,－－－－－－－－－－,10.0,10.0,0.0,60.0,0.0,20.0,-1550.0,3210.0,yonden
2018,12,2018-12-16,17:00,3460.0,880.0,3710.0,160.0,－－－－－－－－－－,10.0,0.0,0.0,50.0,0.0,140.0,-1490.0,3460.0,yonden
2018,12,2018-12-16,18:00,3510.0,880.0,3670.0,180.0,－－－－－－－－－－,10.0,0.0,0.0,50.0,0.0,140.0,-1420.0,3510.0,yonden
2018,12,2018-12-16,19:00,3420.0,880.0,3680.0,220.0,－－－－－－－－－－,10.0,0.0,0.0,40.0,0.0,10.0,-1420.0,3420.0,yonden
2018,12,2018-12-16,20:00,3320.0,880.0,3640.0,130.0,－－－－－－－－－－,10.0,0.0,0.0,20.0,0.0,0.0,-1360.0,3320.0,yonden
2018,12,2018-12-16,21:00,3150.0,880.0,3550.0,130.0,－－－－－－－－－－,10.0,0.0,0.0,50.0,0.0,0.0,-1470.0,3150.0,yonden
2018,12,2018-12-16,22:00,2910.0,880.0,3500.0,140.0,－－－－－－－－－－,10.0,0.0,0.0,70.0,0.0,0.0,-1690.0,2910.0,yonden
2018,12,2018-12-16,23:00,2770.0,880.0,3460.0,120.0,－－－－－－－－－－,10.0,0.0,0.0,110.0,0.0,0.0,-1810.0,2770.0,yonden
2018,12,2018-12-17,00:00,2670.0,880.0,3390.0,100.0,－－－－－－－－－－,10.0,0.0,0.0,100.0,0.0,0.0,-1810.0,2670.0,yonden
2018,12,2018-12-17,01:00,2750.0,880.0,3510.0,90.0,－－－－－－－－－－,10.0,0.0,0.0,80.0,0.0,0.0,-1820.0,2750.0,yonden
2018,12,2018-12-17,02:00,2960.0,880.0,3580.0,90.0,－－－－－－－－－－,10.0,0.0,0.0,90.0,0.0,0.0,-1690.0,2960.0,yonden
2018,12,2018-12-17,03:00,3130.0,880.0,3660.0,120.0,－－－－－－－－－－,10.0,0.0,0.0,130.0,0.0,0.0,-1670.0,3130.0,yonden
2018,12,2018-12-17,04:00,3170.0,880.0,3790.0,130.0,－－－－－－－－－－,10.0,0.0,0.0,140.0,0.0,0.0,-1780.0,3170.0,yonden
2018,12,2018-12-17,05:00,3120.0,880.0,3770.0,160.0,－－－－－－－－－－,10.0,0.0,0.0,140.0,0.0,0.0,-1840.0,3120.0,yonden
2018,12,2018-12-17,06:00,3200.0,880.0,3800.0,160.0,－－－－－－－－－－,10.0,0.0,0.0,130.0,0.0,20.0,-1800.0,3200.0,yonden
2018,12,2018-12-17,07:00,3340.0,880.0,3700.0,160.0,－－－－－－－－－－,10.0,50.0,0.0,130.0,0.0,20.0,-1610.0,3340.0,yonden
2018,12,2018-12-17,08:00,3630.0,880.0,3820.0,180.0,－－－－－－－－－－,10.0,240.0,0.0,130.0,0.0,20.0,-1650.0,3630.0,yonden
2018,12,2018-12-17,09:00,3630.0,880.0,3760.0,180.0,－－－－－－－－－－,10.0,470.0,0.0,150.0,0.0,0.0,-1820.0,3630.0,yonden
2018,12,2018-12-17,10:00,3600.0,880.0,3770.0,100.0,－－－－－－－－－－,10.0,680.0,0.0,130.0,0.0,0.0,-1970.0,3600.0,yonden
2018,12,2018-12-17,11:00,3570.0,880.0,3900.0,100.0,－－－－－－－－－－,10.0,580.0,0.0,130.0,0.0,0.0,-2030.0,3570.0,yonden
2018,12,2018-12-17,12:00,3390.0,880.0,3790.0,110.0,－－－－－－－－－－,10.0,520.0,0.0,140.0,0.0,0.0,-2060.0,3390.0,yonden
2018,12,2018-12-17,13:00,3600.0,880.0,3960.0,140.0,－－－－－－－－－－,10.0,450.0,0.0,140.0,0.0,0.0,-1980.0,3600.0,yonden
2018,12,2018-12-17,14:00,3680.0,880.0,3950.0,170.0,－－－－－－－－－－,10.0,320.0,0.0,140.0,0.0,0.0,-1790.0,3680.0,yonden
2018,12,2018-12-17,15:00,3710.0,880.0,4010.0,190.0,－－－－－－－－－－,10.0,210.0,0.0,140.0,0.0,10.0,-1740.0,3710.0,yonden
2018,12,2018-12-17,16:00,3860.0,880.0,4120.0,260.0,－－－－－－－－－－,10.0,50.0,0.0,140.0,0.0,40.0,-1640.0,3860.0,yonden
2018,12,2018-12-17,17:00,4000.0,880.0,4240.0,280.0,－－－－－－－－－－,10.0,0.0,0.0,140.0,0.0,20.0,-1570.0,4000.0,yonden
2018,12,2018-12-17,18:00,3990.0,880.0,4260.0,350.0,－－－－－－－－－－,10.0,0.0,0.0,130.0,0.0,0.0,-1640.0,3990.0,yonden
2018,12,2018-12-17,19:00,3830.0,880.0,4120.0,350.0,－－－－－－－－－－,10.0,0.0,0.0,140.0,0.0,0.0,-1670.0,3830.0,yonden
2018,12,2018-12-17,20:00,3670.0,880.0,4030.0,270.0,－－－－－－－－－－,10.0,0.0,0.0,140.0,0.0,0.0,-1660.0,3670.0,yonden
2018,12,2018-12-17,21:00,3450.0,880.0,3930.0,220.0,－－－－－－－－－－,10.0,0.0,0.0,130.0,0.0,0.0,-1720.0,3450.0,yonden
2018,12,2018-12-17,22:00,3190.0,880.0,3840.0,130.0,－－－－－－－－－－,10.0,0.0,0.0,130.0,0.0,0.0,-1800.0,3190.0,yonden
2018,12,2018-12-17,23:00,3030.0,880.0,3750.0,100.0,－－－－－－－－－－,10.0,0.0,0.0,130.0,0.0,0.0,-1840.0,3030.0,yonden
2018,12,2018-12-18,00:00,2900.0,880.0,3740.0,100.0,－－－－－－－－－－,10.0,0.0,0.0,130.0,0.0,0.0,-1960.0,2900.0,yonden
2018,12,2018-12-18,01:00,2960.0,880.0,3770.0,90.0,－－－－－－－－－－,10.0,0.0,0.0,130.0,0.0,0.0,-1920.0,2960.0,yonden
2018,12,2018-12-18,02:00,3190.0,880.0,3750.0,110.0,－－－－－－－－－－,10.0,0.0,0.0,140.0,0.0,0.0,-1700.0,3190.0,yonden
2018,12,2018-12-18,03:00,3340.0,880.0,3730.0,160.0,－－－－－－－－－－,10.0,0.0,0.0,140.0,0.0,10.0,-1590.0,3340.0,yonden
2018,12,2018-12-18,04:00,3390.0,880.0,3730.0,190.0,－－－－－－－－－－,10.0,0.0,0.0,140.0,0.0,20.0,-1580.0,3390.0,yonden
2018,12,2018-12-18,05:00,3380.0,880.0,3800.0,210.0,－－－－－－－－－－,10.0,0.0,0.0,110.0,0.0,0.0,-1630.0,3380.0,yonden
2018,12,2018-12-18,06:00,3480.0,880.0,3840.0,210.0,－－－－－－－－－－,10.0,0.0,0.0,110.0,0.0,0.0,-1570.0,3480.0,yonden
2018,12,2018-12-18,07:00,3610.0,880.0,3880.0,210.0,－－－－－－－－－－,10.0,80.0,0.0,100.0,0.0,0.0,-1550.0,3610.0,yonden
2018,12,2018-12-18,08:00,3810.0,880.0,3950.0,150.0,－－－－－－－－－－,10.0,310.0,0.0,100.0,0.0,0.0,-1590.0,3810.0,yonden
2018,12,2018-12-18,09:00,3730.0,880.0,3790.0,130.0,－－－－－－－－－－,10.0,640.0,0.0,100.0,0.0,0.0,-1820.0,3730.0,yonden
2018,12,2018-12-18,10:00,3650.0,880.0,3720.0,150.0,－－－－－－－－－－,10.0,840.0,0.0,100.0,0.0,0.0,-2050.0,3650.0,yonden
2018,12,2018-12-18,11:00,3610.0,880.0,3780.0,150.0,－－－－－－－－－－,10.0,870.0,0.0,90.0,0.0,10.0,-2180.0,3610.0,yonden
2018,12,2018-12-18,12:00,3430.0,880.0,3830.0,140.0,－－－－－－－－－－,10.0,750.0,0.0,100.0,0.0,0.0,-2280.0,3430.0,yonden
2018,12,2018-12-18,13:00,3640.0,880.0,3870.0,150.0,－－－－－－－－－－,10.0,520.0,0.0,110.0,0.0,90.0,-1990.0,3640.0,yonden
2018,12,2018-12-18,14:00,3670.0,880.0,3810.0,130.0,－－－－－－－－－－,10.0,400.0,0.0,100.0,0.0,210.0,-1870.0,3670.0,yonden
2018,12,2018-12-18,15:00,3740.0,880.0,3880.0,110.0,－－－－－－－－－－,10.0,240.0,0.0,90.0,0.0,160.0,-1630.0,3740.0,yonden
2018,12,2018-12-18,16:00,3900.0,880.0,4130.0,120.0,－－－－－－－－－－,10.0,60.0,0.0,90.0,0.0,150.0,-1540.0,3900.0,yonden
2018,12,2018-12-18,17:00,4030.0,880.0,4250.0,200.0,－－－－－－－－－－,10.0,0.0,0.0,90.0,0.0,240.0,-1640.0,4030.0,yonden
2018,12,2018-12-18,18:00,4030.0,880.0,4260.0,270.0,－－－－－－－－－－,10.0,0.0,0.0,90.0,0.0,190.0,-1670.0,4030.0,yonden
2018,12,2018-12-18,19:00,3880.0,880.0,4180.0,310.0,－－－－－－－－－－,10.0,0.0,0.0,100.0,0.0,60.0,-1660.0,3880.0,yonden
2018,12,2018-12-18,20:00,3700.0,880.0,4050.0,250.0,－－－－－－－－－－,10.0,0.0,0.0,80.0,0.0,0.0,-1570.0,3700.0,yonden
2018,12,2018-12-18,21:00,3490.0,880.0,3930.0,200.0,－－－－－－－－－－,10.0,0.0,0.0,80.0,0.0,0.0,-1610.0,3490.0,yonden
2018,12,2018-12-18,22:00,3220.0,880.0,3760.0,160.0,－－－－－－－－－－,10.0,0.0,0.0,70.0,0.0,0.0,-1660.0,3220.0,yonden
2018,12,2018-12-18,23:00,3060.0,880.0,3720.0,130.0,－－－－－－－－－－,10.0,0.0,0.0,70.0,0.0,0.0,-1750.0,3060.0,yonden
2018,12,2018-12-19,00:00,2950.0,880.0,3790.0,100.0,－－－－－－－－－－,10.0,0.0,0.0,70.0,0.0,0.0,-1900.0,2950.0,yonden
2018,12,2018-12-19,01:00,3030.0,880.0,3840.0,80.0,－－－－－－－－－－,10.0,0.0,0.0,60.0,0.0,0.0,-1840.0,3030.0,yonden
2018,12,2018-12-19,02:00,3260.0,880.0,3860.0,80.0,－－－－－－－－－－,10.0,0.0,0.0,70.0,0.0,0.0,-1640.0,3260.0,yonden
2018,12,2018-12-19,03:00,3430.0,880.0,3970.0,100.0,－－－－－－－－－－,10.0,0.0,0.0,60.0,0.0,0.0,-1590.0,3430.0,yonden
2018,12,2018-12-19,04:00,3480.0,880.0,3980.0,140.0,－－－－－－－－－－,10.0,0.0,0.0,50.0,0.0,0.0,-1580.0,3480.0,yonden
2018,12,2018-12-19,05:00,3450.0,880.0,3960.0,160.0,－－－－－－－－－－,10.0,0.0,0.0,40.0,0.0,0.0,-1600.0,3450.0,yonden
2018,12,2018-12-19,06:00,3570.0,880.0,4010.0,170.0,－－－－－－－－－－,10.0,0.0,0.0,50.0,0.0,0.0,-1550.0,3570.0,yonden
2018,12,2018-12-19,07:00,3690.0,880.0,4010.0,140.0,－－－－－－－－－－,10.0,80.0,0.0,50.0,0.0,0.0,-1480.0,3690.0,yonden
2018,12,2018-12-19,08:00,3830.0,880.0,4030.0,130.0,－－－－－－－－－－,10.0,310.0,0.0,40.0,0.0,0.0,-1570.0,3830.0,yonden
2018,12,2018-12-19,09:00,3690.0,880.0,3720.0,130.0,－－－－－－－－－－,10.0,670.0,0.0,40.0,0.0,0.0,-1760.0,3690.0,yonden
2018,12,2018-12-19,10:00,3570.0,880.0,3620.0,100.0,－－－－－－－－－－,10.0,1020.0,0.0,50.0,0.0,-110.0,-2000.0,3570.0,yonden
2018,12,2018-12-19,11:00,3500.0,880.0,3440.0,80.0,－－－－－－－－－－,10.0,1170.0,0.0,70.0,0.0,-300.0,-1850.0,3500.0,yonden
2018,12,2018-12-19,12:00,3290.0,880.0,3270.0,100.0,－－－－－－－－－－,10.0,1140.0,0.0,70.0,0.0,-300.0,-1880.0,3290.0,yonden
2018,12,2018-12-19,13:00,3490.0,880.0,3530.0,140.0,－－－－－－－－－－,10.0,960.0,0.0,70.0,0.0,-300.0,-1800.0,3490.0,yonden
2018,12,2018-12-19,14:00,3480.0,880.0,3580.0,120.0,－－－－－－－－－－,10.0,770.0,0.0,60.0,0.0,-30.0,-1910.0,3480.0,yonden
2018,12,2018-12-19,15:00,3550.0,880.0,3710.0,130.0,－－－－－－－－－－,10.0,450.0,0.0,50.0,0.0,0.0,-1680.0,3550.0,yonden
2018,12,2018-12-19,16:00,3690.0,880.0,4040.0,160.0,－－－－－－－－－－,10.0,110.0,0.0,40.0,0.0,70.0,-1620.0,3690.0,yonden
2018,12,2018-12-19,17:00,3860.0,880.0,4210.0,250.0,－－－－－－－－－－,10.0,0.0,0.0,40.0,0.0,190.0,-1720.0,3860.0,yonden
2018,12,2018-12-19,18:00,3880.0,880.0,4270.0,300.0,－－－－－－－－－－,10.0,0.0,0.0,30.0,0.0,190.0,-1800.0,3880.0,yonden
2018,12,2018-12-19,19:00,3750.0,880.0,4170.0,280.0,－－－－－－－－－－,10.0,0.0,0.0,20.0,0.0,20.0,-1630.0,3750.0,yonden
2018,12,2018-12-19,20:00,3600.0,880.0,4070.0,220.0,－－－－－－－－－－,10.0,0.0,0.0,20.0,0.0,0.0,-1600.0,3600.0,yonden
2018,12,2018-12-19,21:00,3410.0,880.0,4040.0,190.0,－－－－－－－－－－,10.0,0.0,0.0,20.0,0.0,0.0,-1730.0,3410.0,yonden
2018,12,2018-12-19,22:00,3160.0,880.0,3890.0,170.0,－－－－－－－－－－,10.0,0.0,0.0,10.0,0.0,0.0,-1800.0,3160.0,yonden
2018,12,2018-12-19,23:00,3000.0,880.0,3870.0,110.0,－－－－－－－－－－,10.0,0.0,0.0,10.0,0.0,0.0,-1880.0,3000.0,yonden
2018,12,2018-12-20,00:00,2880.0,880.0,3820.0,90.0,－－－－－－－－－－,10.0,0.0,0.0,10.0,0.0,0.0,-1930.0,2880.0,yonden
2018,12,2018-12-20,01:00,2940.0,880.0,3820.0,80.0,－－－－－－－－－－,10.0,0.0,0.0,0.0,0.0,0.0,-1850.0,2940.0,yonden
2018,12,2018-12-20,02:00,3130.0,880.0,3840.0,70.0,－－－－－－－－－－,10.0,0.0,0.0,0.0,0.0,0.0,-1670.0,3130.0,yonden
2018,12,2018-12-20,03:00,3290.0,880.0,3890.0,120.0,－－－－－－－－－－,10.0,0.0,0.0,0.0,0.0,0.0,-1610.0,3290.0,yonden
2018,12,2018-12-20,04:00,3330.0,880.0,3900.0,130.0,－－－－－－－－－－,10.0,0.0,0.0,10.0,0.0,0.0,-1600.0,3330.0,yonden
2018,12,2018-12-20,05:00,3300.0,880.0,3840.0,130.0,－－－－－－－－－－,10.0,0.0,0.0,10.0,0.0,0.0,-1570.0,3300.0,yonden
2018,12,2018-12-20,06:00,3350.0,880.0,3840.0,140.0,－－－－－－－－－－,10.0,0.0,0.0,10.0,0.0,0.0,-1530.0,3350.0,yonden
2018,12,2018-12-20,07:00,3470.0,880.0,3850.0,160.0,－－－－－－－－－－,10.0,40.0,0.0,0.0,0.0,0.0,-1470.0,3470.0,yonden
2018,12,2018-12-20,08:00,3790.0,880.0,4070.0,190.0,－－－－－－－－－－,10.0,150.0,0.0,10.0,0.0,30.0,-1550.0,3790.0,yonden
2018,12,2018-12-20,09:00,3850.0,880.0,4060.0,160.0,－－－－－－－－－－,10.0,240.0,0.0,10.0,0.0,10.0,-1520.0,3850.0,yonden
2018,12,2018-12-20,10:00,3730.0,880.0,3920.0,150.0,－－－－－－－－－－,10.0,300.0,0.0,0.0,0.0,0.0,-1530.0,3730.0,yonden
2018,12,2018-12-20,11:00,3700.0,880.0,4010.0,150.0,－－－－－－－－－－,10.0,260.0,0.0,0.0,0.0,0.0,-1610.0,3700.0,yonden
2018,12,2018-12-20,12:00,3480.0,880.0,3990.0,150.0,－－－－－－－－－－,10.0,250.0,0.0,0.0,0.0,0.0,-1800.0,3480.0,yonden
2018,12,2018-12-20,13:00,3650.0,880.0,4040.0,150.0,－－－－－－－－－－,10.0,220.0,0.0,0.0,0.0,0.0,-1650.0,3650.0,yonden
2018,12,2018-12-20,14:00,3700.0,880.0,4090.0,150.0,－－－－－－－－－－,10.0,130.0,0.0,10.0,0.0,0.0,-1570.0,3700.0,yonden
2018,12,2018-12-20,15:00,3710.0,880.0,4140.0,150.0,－－－－－－－－－－,10.0,60.0,0.0,10.0,0.0,0.0,-1540.0,3710.0,yonden
2018,12,2018-12-20,16:00,3820.0,880.0,4210.0,200.0,－－－－－－－－－－,10.0,20.0,0.0,10.0,0.0,30.0,-1540.0,3820.0,yonden
2018,12,2018-12-20,17:00,3890.0,880.0,4200.0,240.0,－－－－－－－－－－,10.0,0.0,0.0,10.0,0.0,180.0,-1630.0,3890.0,yonden
2018,12,2018-12-20,18:00,3850.0,880.0,4180.0,290.0,－－－－－－－－－－,10.0,0.0,0.0,0.0,0.0,160.0,-1670.0,3850.0,yonden
2018,12,2018-12-20,19:00,3700.0,880.0,4120.0,300.0,－－－－－－－－－－,10.0,0.0,0.0,0.0,0.0,10.0,-1620.0,3700.0,yonden
2018,12,2018-12-20,20:00,3530.0,880.0,4050.0,210.0,－－－－－－－－－－,10.0,0.0,0.0,0.0,0.0,0.0,-1620.0,3530.0,yonden
2018,12,2018-12-20,21:00,3320.0,880.0,3950.0,170.0,－－－－－－－－－－,10.0,0.0,0.0,10.0,0.0,0.0,-1700.0,3320.0,yonden
2018,12,2018-12-20,22:00,3090.0,880.0,3820.0,150.0,－－－－－－－－－－,10.0,0.0,0.0,0.0,0.0,0.0,-1770.0,3090.0,yonden
2018,12,2018-12-20,23:00,2950.0,880.0,3770.0,130.0,－－－－－－－－－－,10.0,0.0,0.0,0.0,0.0,0.0,-1840.0,2950.0,yonden
2018,12,2018-12-21,00:00,2830.0,880.0,3780.0,90.0,－－－－－－－－－－,10.0,0.0,0.0,0.0,0.0,0.0,-1930.0,2830.0,yonden
2018,12,2018-12-21,01:00,2900.0,880.0,3770.0,80.0,－－－－－－－－－－,10.0,0.0,0.0,0.0,0.0,0.0,-1840.0,2900.0,yonden
2018,12,2018-12-21,02:00,3120.0,880.0,3780.0,80.0,－－－－－－－－－－,10.0,0.0,0.0,0.0,0.0,0.0,-1630.0,3120.0,yonden
2018,12,2018-12-21,03:00,3270.0,880.0,3870.0,120.0,－－－－－－－－－－,10.0,0.0,0.0,10.0,0.0,0.0,-1620.0,3270.0,yonden
2018,12,2018-12-21,04:00,3300.0,880.0,3870.0,140.0,－－－－－－－－－－,10.0,0.0,0.0,0.0,0.0,0.0,-1600.0,3300.0,yonden
2018,12,2018-12-21,05:00,3240.0,880.0,3830.0,130.0,－－－－－－－－－－,10.0,0.0,0.0,0.0,0.0,0.0,-1610.0,3240.0,yonden
2018,12,2018-12-21,06:00,3290.0,880.0,3910.0,170.0,－－－－－－－－－－,10.0,0.0,0.0,20.0,0.0,0.0,-1700.0,3290.0,yonden
2018,12,2018-12-21,07:00,3420.0,880.0,3880.0,190.0,－－－－－－－－－－,10.0,70.0,0.0,30.0,0.0,0.0,-1640.0,3420.0,yonden
2018,12,2018-12-21,08:00,3650.0,880.0,3910.0,160.0,－－－－－－－－－－,10.0,260.0,0.0,40.0,0.0,20.0,-1630.0,3650.0,yonden
2018,12,2018-12-21,09:00,3620.0,880.0,3740.0,130.0,－－－－－－－－－－,10.0,530.0,0.0,40.0,0.0,0.0,-1710.0,3620.0,yonden
2018,12,2018-12-21,10:00,3560.0,880.0,3780.0,120.0,－－－－－－－－－－,10.0,690.0,0.0,40.0,0.0,0.0,-1960.0,3560.0,yonden
2018,12,2018-12-21,11:00,3570.0,880.0,3970.0,120.0,－－－－－－－－－－,10.0,670.0,0.0,30.0,0.0,0.0,-2110.0,3570.0,yonden
2018,12,2018-12-21,12:00,3460.0,880.0,4070.0,130.0,－－－－－－－－－－,10.0,500.0,0.0,40.0,0.0,0.0,-2170.0,3460.0,yonden
2018,12,2018-12-21,13:00,3640.0,880.0,4260.0,190.0,－－－－－－－－－－,10.0,220.0,0.0,40.0,0.0,0.0,-1960.0,3640.0,yonden
2018,12,2018-12-21,14:00,3650.0,880.0,4280.0,140.0,－－－－－－－－－－,10.0,120.0,0.0,50.0,0.0,0.0,-1830.0,3650.0,yonden
2018,12,2018-12-21,15:00,3670.0,880.0,4120.0,150.0,－－－－－－－－－－,10.0,70.0,0.0,60.0,0.0,0.0,-1620.0,3670.0,yonden
2018,12,2018-12-21,16:00,3740.0,880.0,4220.0,170.0,－－－－－－－－－－,10.0,20.0,0.0,70.0,0.0,20.0,-1650.0,3740.0,yonden
2018,12,2018-12-21,17:00,3790.0,880.0,4300.0,230.0,－－－－－－－－－－,10.0,0.0,0.0,70.0,0.0,190.0,-1890.0,3790.0,yonden
2018,12,2018-12-21,18:00,3710.0,880.0,4230.0,270.0,－－－－－－－－－－,10.0,0.0,0.0,80.0,0.0,160.0,-1920.0,3710.0,yonden
2018,12,2018-12-21,19:00,3550.0,880.0,3960.0,290.0,－－－－－－－－－－,10.0,0.0,0.0,80.0,0.0,10.0,-1680.0,3550.0,yonden
2018,12,2018-12-21,20:00,3390.0,880.0,3890.0,240.0,－－－－－－－－－－,10.0,0.0,0.0,70.0,0.0,0.0,-1700.0,3390.0,yonden
2018,12,2018-12-21,21:00,3190.0,880.0,3910.0,220.0,－－－－－－－－－－,10.0,0.0,0.0,60.0,0.0,0.0,-1890.0,3190.0,yonden
2018,12,2018-12-21,22:00,2980.0,880.0,3810.0,160.0,－－－－－－－－－－,10.0,0.0,0.0,70.0,0.0,0.0,-1950.0,2980.0,yonden
2018,12,2018-12-21,23:00,2840.0,880.0,3760.0,130.0,－－－－－－－－－－,10.0,0.0,0.0,70.0,0.0,0.0,-2010.0,2840.0,yonden
2018,12,2018-12-22,00:00,2710.0,880.0,3580.0,80.0,－－－－－－－－－－,10.0,0.0,0.0,70.0,0.0,0.0,-1910.0,2710.0,yonden
2018,12,2018-12-22,01:00,2770.0,880.0,3520.0,70.0,－－－－－－－－－－,10.0,0.0,0.0,50.0,0.0,0.0,-1760.0,2770.0,yonden
2018,12,2018-12-22,02:00,2980.0,880.0,3480.0,110.0,－－－－－－－－－－,10.0,0.0,0.0,40.0,0.0,0.0,-1540.0,2980.0,yonden
2018,12,2018-12-22,03:00,3140.0,880.0,3480.0,130.0,－－－－－－－－－－,10.0,0.0,0.0,50.0,0.0,0.0,-1410.0,3140.0,yonden
2018,12,2018-12-22,04:00,3140.0,880.0,3480.0,130.0,－－－－－－－－－－,10.0,0.0,0.0,50.0,0.0,0.0,-1410.0,3140.0,yonden
2018,12,2018-12-22,05:00,2980.0,880.0,3440.0,130.0,－－－－－－－－－－,10.0,0.0,0.0,60.0,0.0,0.0,-1540.0,2980.0,yonden
2018,12,2018-12-22,06:00,2820.0,880.0,3370.0,140.0,－－－－－－－－－－,10.0,0.0,0.0,60.0,0.0,20.0,-1660.0,2820.0,yonden
2018,12,2018-12-22,07:00,2920.0,880.0,3310.0,180.0,－－－－－－－－－－,10.0,30.0,0.0,70.0,0.0,20.0,-1580.0,2920.0,yonden
2018,12,2018-12-22,08:00,3290.0,880.0,3430.0,170.0,－－－－－－－－－－,10.0,70.0,0.0,70.0,0.0,0.0,-1340.0,3290.0,yonden
2018,12,2018-12-22,09:00,3380.0,880.0,3480.0,170.0,－－－－－－－－－－,10.0,110.0,0.0,70.0,0.0,0.0,-1340.0,3380.0,yonden
2018,12,2018-12-22,10:00,3360.0,880.0,3500.0,130.0,－－－－－－－－－－,10.0,240.0,0.0,70.0,0.0,0.0,-1470.0,3360.0,yonden
2018,12,2018-12-22,11:00,3430.0,880.0,3670.0,120.0,－－－－－－－－－－,10.0,290.0,0.0,80.0,0.0,0.0,-1620.0,3430.0,yonden
2018,12,2018-12-22,12:00,3230.0,880.0,3710.0,110.0,－－－－－－－－－－,10.0,230.0,0.0,90.0,0.0,20.0,-1820.0,3230.0,yonden
2018,12,2018-12-22,13:00,3120.0,880.0,3490.0,110.0,－－－－－－－－－－,10.0,270.0,0.0,80.0,0.0,20.0,-1740.0,3120.0,yonden
2018,12,2018-12-22,14:00,3050.0,880.0,3280.0,130.0,－－－－－－－－－－,10.0,370.0,0.0,70.0,0.0,0.0,-1690.0,3050.0,yonden
2018,12,2018-12-22,15:00,3060.0,880.0,3300.0,160.0,－－－－－－－－－－,10.0,320.0,0.0,70.0,0.0,0.0,-1680.0,3060.0,yonden
2018,12,2018-12-22,16:00,3170.0,880.0,3430.0,190.0,－－－－－－－－－－,10.0,120.0,0.0,80.0,0.0,20.0,-1560.0,3170.0,yonden
2018,12,2018-12-22,17:00,3290.0,880.0,3580.0,250.0,－－－－－－－－－－,10.0,0.0,0.0,60.0,0.0,20.0,-1510.0,3290.0,yonden
2018,12,2018-12-22,18:00,3270.0,880.0,3550.0,280.0,－－－－－－－－－－,10.0,0.0,0.0,50.0,0.0,20.0,-1520.0,3270.0,yonden
2018,12,2018-12-22,19:00,3190.0,880.0,3520.0,250.0,－－－－－－－－－－,10.0,0.0,0.0,40.0,0.0,10.0,-1520.0,3190.0,yonden
2018,12,2018-12-22,20:00,3070.0,880.0,3500.0,160.0,－－－－－－－－－－,10.0,0.0,0.0,30.0,0.0,0.0,-1510.0,3070.0,yonden
2018,12,2018-12-22,21:00,2910.0,880.0,3440.0,130.0,－－－－－－－－－－,10.0,0.0,0.0,20.0,0.0,0.0,-1570.0,2910.0,yonden
2018,12,2018-12-22,22:00,2720.0,880.0,3380.0,120.0,－－－－－－－－－－,10.0,0.0,0.0,20.0,0.0,0.0,-1690.0,2720.0,yonden
2018,12,2018-12-22,23:00,2620.0,880.0,3330.0,100.0,－－－－－－－－－－,10.0,0.0,0.0,20.0,0.0,0.0,-1720.0,2620.0,yonden
2018,12,2018-12-23,00:00,2540.0,880.0,3230.0,80.0,－－－－－－－－－－,10.0,0.0,0.0,20.0,0.0,0.0,-1680.0,2540.0,yonden
2018,12,2018-12-23,01:00,2620.0,880.0,3250.0,70.0,－－－－－－－－－－,10.0,0.0,0.0,10.0,0.0,0.0,-1600.0,2620.0,yonden
2018,12,2018-12-23,02:00,2830.0,880.0,3340.0,110.0,－－－－－－－－－－,10.0,0.0,0.0,10.0,0.0,0.0,-1520.0,2830.0,yonden
2018,12,2018-12-23,03:00,3010.0,880.0,3380.0,140.0,－－－－－－－－－－,10.0,0.0,0.0,10.0,0.0,10.0,-1420.0,3010.0,yonden
2018,12,2018-12-23,04:00,3000.0,880.0,3360.0,150.0,－－－－－－－－－－,10.0,0.0,0.0,10.0,0.0,20.0,-1430.0,3000.0,yonden
2018,12,2018-12-23,05:00,2840.0,880.0,3390.0,170.0,－－－－－－－－－－,10.0,0.0,0.0,0.0,0.0,20.0,-1630.0,2840.0,yonden
2018,12,2018-12-23,06:00,2580.0,880.0,3260.0,180.0,－－－－－－－－－－,10.0,0.0,0.0,0.0,0.0,10.0,-1760.0,2580.0,yonden
2018,12,2018-12-23,07:00,2550.0,880.0,3190.0,140.0,－－－－－－－－－－,10.0,60.0,0.0,0.0,0.0,0.0,-1730.0,2550.0,yonden
2018,12,2018-12-23,08:00,2640.0,880.0,3240.0,140.0,－－－－－－－－－－,10.0,280.0,0.0,0.0,0.0,-130.0,-1780.0,2640.0,yonden
2018,12,2018-12-23,09:00,2570.0,880.0,3300.0,150.0,－－－－－－－－－－,10.0,560.0,0.0,0.0,0.0,-310.0,-2020.0,2570.0,yonden
2018,12,2018-12-23,10:00,2490.0,880.0,3090.0,100.0,－－－－－－－－－－,10.0,770.0,0.0,0.0,0.0,-300.0,-2060.0,2490.0,yonden
2018,12,2018-12-23,11:00,2490.0,880.0,3210.0,80.0,－－－－－－－－－－,10.0,710.0,0.0,0.0,0.0,-300.0,-2100.0,2490.0,yonden
2018,12,2018-12-23,12:00,2540.0,880.0,3200.0,130.0,－－－－－－－－－－,10.0,450.0,0.0,10.0,0.0,-300.0,-1840.0,2540.0,yonden
2018,12,2018-12-23,13:00,2610.0,880.0,3250.0,130.0,－－－－－－－－－－,10.0,230.0,0.0,30.0,0.0,-300.0,-1620.0,2610.0,yonden
2018,12,2018-12-23,14:00,2660.0,880.0,3310.0,100.0,－－－－－－－－－－,10.0,120.0,0.0,60.0,0.0,-30.0,-1790.0,2660.0,yonden
2018,12,2018-12-23,15:00,2720.0,880.0,3450.0,110.0,－－－－－－－－－－,10.0,60.0,0.0,90.0,0.0,0.0,-1880.0,2720.0,yonden
2018,12,2018-12-23,16:00,2810.0,880.0,3440.0,130.0,－－－－－－－－－－,10.0,20.0,0.0,110.0,0.0,10.0,-1790.0,2810.0,yonden
2018,12,2018-12-23,17:00,2990.0,880.0,3400.0,190.0,－－－－－－－－－－,10.0,0.0,0.0,120.0,0.0,30.0,-1640.0,2990.0,yonden
2018,12,2018-12-23,18:00,3030.0,880.0,3400.0,230.0,－－－－－－－－－－,10.0,0.0,0.0,140.0,0.0,20.0,-1650.0,3030.0,yonden
2018,12,2018-12-23,19:00,2990.0,880.0,3400.0,230.0,－－－－－－－－－－,10.0,0.0,0.0,150.0,0.0,20.0,-1700.0,2990.0,yonden
2018,12,2018-12-23,20:00,2900.0,880.0,3430.0,170.0,－－－－－－－－－－,10.0,0.0,0.0,150.0,0.0,0.0,-1740.0,2900.0,yonden
2018,12,2018-12-23,21:00,2780.0,880.0,3370.0,170.0,－－－－－－－－－－,10.0,0.0,0.0,150.0,0.0,0.0,-1800.0,2780.0,yonden
2018,12,2018-12-23,22:00,2610.0,880.0,3300.0,150.0,－－－－－－－－－－,10.0,0.0,0.0,160.0,0.0,0.0,-1890.0,2610.0,yonden
2018,12,2018-12-23,23:00,2530.0,880.0,3300.0,170.0,－－－－－－－－－－,10.0,0.0,0.0,150.0,0.0,0.0,-1980.0,2530.0,yonden
2018,12,2018-12-24,00:00,2460.0,880.0,3110.0,100.0,－－－－－－－－－－,10.0,0.0,0.0,140.0,0.0,0.0,-1780.0,2460.0,yonden
2018,12,2018-12-24,01:00,2510.0,880.0,2990.0,70.0,－－－－－－－－－－,10.0,0.0,0.0,150.0,0.0,0.0,-1590.0,2510.0,yonden
2018,12,2018-12-24,02:00,2750.0,880.0,3220.0,70.0,－－－－－－－－－－,10.0,0.0,0.0,150.0,0.0,0.0,-1580.0,2750.0,yonden
2018,12,2018-12-24,03:00,2960.0,880.0,3330.0,100.0,－－－－－－－－－－,10.0,0.0,0.0,150.0,0.0,0.0,-1510.0,2960.0,yonden
2018,12,2018-12-24,04:00,3010.0,880.0,3370.0,90.0,－－－－－－－－－－,10.0,0.0,0.0,150.0,0.0,20.0,-1510.0,3010.0,yonden
2018,12,2018-12-24,05:00,2930.0,880.0,3450.0,100.0,－－－－－－－－－－,10.0,0.0,0.0,140.0,0.0,20.0,-1670.0,2930.0,yonden
2018,12,2018-12-24,06:00,2800.0,880.0,3460.0,140.0,－－－－－－－－－－,10.0,0.0,0.0,130.0,0.0,0.0,-1820.0,2800.0,yonden
2018,12,2018-12-24,07:00,2890.0,880.0,3460.0,120.0,－－－－－－－－－－,10.0,60.0,0.0,120.0,0.0,0.0,-1760.0,2890.0,yonden
2018,12,2018-12-24,08:00,3140.0,880.0,3510.0,120.0,－－－－－－－－－－,10.0,220.0,0.0,110.0,0.0,0.0,-1710.0,3140.0,yonden
2018,12,2018-12-24,09:00,3110.0,880.0,3540.0,180.0,－－－－－－－－－－,10.0,410.0,0.0,100.0,0.0,0.0,-2010.0,3110.0,yonden
2018,12,2018-12-24,10:00,3040.0,880.0,3520.0,140.0,－－－－－－－－－－,10.0,600.0,0.0,90.0,0.0,0.0,-2200.0,3040.0,yonden
2018,12,2018-12-24,11:00,2960.0,880.0,3420.0,90.0,－－－－－－－－－－,10.0,750.0,0.0,90.0,0.0,0.0,-2280.0,2960.0,yonden
2018,12,2018-12-24,12:00,2820.0,880.0,3240.0,80.0,－－－－－－－－－－,10.0,780.0,0.0,100.0,0.0,0.0,-2270.0,2820.0,yonden
2018,12,2018-12-24,13:00,2900.0,880.0,3310.0,70.0,－－－－－－－－－－,10.0,620.0,0.0,100.0,0.0,0.0,-2090.0,2900.0,yonden
2018,12,2018-12-24,14:00,2910.0,880.0,3370.0,80.0,－－－－－－－－－－,10.0,470.0,0.0,90.0,0.0,0.0,-1990.0,2910.0,yonden
2018,12,2018-12-24,15:00,2970.0,880.0,3550.0,110.0,－－－－－－－－－－,10.0,280.0,0.0,90.0,0.0,0.0,-1950.0,2970.0,yonden
2018,12,2018-12-24,16:00,3130.0,880.0,3690.0,140.0,－－－－－－－－－－,10.0,70.0,0.0,90.0,0.0,0.0,-1750.0,3130.0,yonden
2018,12,2018-12-24,17:00,3370.0,880.0,3740.0,230.0,－－－－－－－－－－,10.0,0.0,0.0,80.0,0.0,30.0,-1600.0,3370.0,yonden
2018,12,2018-12-24,18:00,3450.0,880.0,3740.0,240.0,－－－－－－－－－－,10.0,0.0,0.0,70.0,0.0,20.0,-1510.0,3450.0,yonden
2018,12,2018-12-24,19:00,3380.0,880.0,3710.0,200.0,－－－－－－－－－－,10.0,0.0,0.0,50.0,0.0,0.0,-1470.0,3380.0,yonden
2018,12,2018-12-24,20:00,3270.0,880.0,3660.0,110.0,－－－－－－－－－－,10.0,0.0,0.0,30.0,0.0,0.0,-1420.0,3270.0,yonden
2018,12,2018-12-24,21:00,3110.0,880.0,3610.0,120.0,－－－－－－－－－－,10.0,0.0,0.0,30.0,0.0,0.0,-1540.0,3110.0,yonden
2018,12,2018-12-24,22:00,2910.0,880.0,3620.0,130.0,－－－－－－－－－－,10.0,0.0,0.0,20.0,0.0,0.0,-1750.0,2910.0,yonden
2018,12,2018-12-24,23:00,2830.0,880.0,3660.0,110.0,－－－－－－－－－－,10.0,0.0,0.0,10.0,0.0,0.0,-1840.0,2830.0,yonden
2018,12,2018-12-25,00:00,2760.0,880.0,3610.0,80.0,－－－－－－－－－－,10.0,0.0,0.0,10.0,0.0,0.0,-1830.0,2760.0,yonden
2018,12,2018-12-25,01:00,2850.0,880.0,3560.0,70.0,－－－－－－－－－－,10.0,0.0,0.0,20.0,0.0,0.0,-1690.0,2850.0,yonden
2018,12,2018-12-25,02:00,3080.0,880.0,3680.0,70.0,－－－－－－－－－－,10.0,0.0,0.0,20.0,0.0,0.0,-1580.0,3080.0,yonden
2018,12,2018-12-25,03:00,3250.0,880.0,3790.0,90.0,－－－－－－－－－－,10.0,0.0,0.0,20.0,0.0,0.0,-1540.0,3250.0,yonden
2018,12,2018-12-25,04:00,3300.0,880.0,3820.0,110.0,－－－－－－－－－－,10.0,0.0,0.0,20.0,0.0,0.0,-1540.0,3300.0,yonden
2018,12,2018-12-25,05:00,3290.0,880.0,3890.0,90.0,－－－－－－－－－－,10.0,0.0,0.0,10.0,0.0,0.0,-1590.0,3290.0,yonden
2018,12,2018-12-25,06:00,3370.0,880.0,3920.0,120.0,－－－－－－－－－－,10.0,0.0,0.0,10.0,0.0,20.0,-1590.0,3370.0,yonden
2018,12,2018-12-25,07:00,3470.0,880.0,3820.0,130.0,－－－－－－－－－－,10.0,60.0,0.0,10.0,0.0,20.0,-1460.0,3470.0,yonden
2018,12,2018-12-25,08:00,3750.0,880.0,3850.0,190.0,－－－－－－－－－－,10.0,300.0,0.0,10.0,0.0,20.0,-1510.0,3750.0,yonden
2018,12,2018-12-25,09:00,3650.0,880.0,3680.0,150.0,－－－－－－－－－－,10.0,630.0,0.0,10.0,0.0,0.0,-1710.0,3650.0,yonden
2018,12,2018-12-25,10:00,3470.0,880.0,3460.0,100.0,－－－－－－－－－－,10.0,960.0,0.0,10.0,0.0,0.0,-1950.0,3470.0,yonden
2018,12,2018-12-25,11:00,3380.0,880.0,3520.0,90.0,－－－－－－－－－－,10.0,1140.0,0.0,10.0,0.0,-220.0,-2050.0,3380.0,yonden
2018,12,2018-12-25,12:00,3140.0,880.0,3430.0,90.0,－－－－－－－－－－,10.0,1170.0,0.0,0.0,0.0,-300.0,-2140.0,3140.0,yonden
2018,12,2018-12-25,13:00,3300.0,880.0,3460.0,80.0,－－－－－－－－－－,10.0,1100.0,0.0,0.0,0.0,-300.0,-1930.0,3300.0,yonden
2018,12,2018-12-25,14:00,3310.0,880.0,3480.0,100.0,－－－－－－－－－－,10.0,850.0,0.0,0.0,0.0,-290.0,-1720.0,3310.0,yonden
2018,12,2018-12-25,15:00,3380.0,880.0,3450.0,150.0,－－－－－－－－－－,10.0,500.0,0.0,0.0,0.0,0.0,-1610.0,3380.0,yonden
2018,12,2018-12-25,16:00,3530.0,880.0,3810.0,180.0,－－－－－－－－－－,10.0,130.0,0.0,0.0,0.0,0.0,-1480.0,3530.0,yonden
2018,12,2018-12-25,17:00,3690.0,880.0,3950.0,310.0,－－－－－－－－－－,10.0,0.0,0.0,0.0,0.0,30.0,-1490.0,3690.0,yonden
2018,12,2018-12-25,18:00,3760.0,880.0,4010.0,340.0,－－－－－－－－－－,10.0,0.0,0.0,20.0,0.0,30.0,-1530.0,3760.0,yonden
2018,12,2018-12-25,19:00,3660.0,880.0,3970.0,320.0,－－－－－－－－－－,10.0,0.0,0.0,10.0,0.0,20.0,-1550.0,3660.0,yonden
2018,12,2018-12-25,20:00,3510.0,880.0,3920.0,240.0,－－－－－－－－－－,10.0,0.0,0.0,0.0,0.0,0.0,-1540.0,3510.0,yonden
2018,12,2018-12-25,21:00,3310.0,880.0,3870.0,150.0,－－－－－－－－－－,10.0,0.0,0.0,0.0,0.0,0.0,-1600.0,3310.0,yonden
2018,12,2018-12-25,22:00,3070.0,880.0,3820.0,100.0,－－－－－－－－－－,10.0,0.0,0.0,0.0,0.0,0.0,-1740.0,3070.0,yonden
2018,12,2018-12-25,23:00,2930.0,880.0,3800.0,90.0,－－－－－－－－－－,10.0,0.0,0.0,0.0,0.0,0.0,-1850.0,2930.0,yonden
2018,12,2018-12-26,00:00,2810.0,880.0,3720.0,80.0,－－－－－－－－－－,10.0,0.0,0.0,0.0,0.0,0.0,-1880.0,2810.0,yonden
2018,12,2018-12-26,01:00,2850.0,880.0,3670.0,70.0,－－－－－－－－－－,10.0,0.0,0.0,0.0,0.0,0.0,-1780.0,2850.0,yonden
2018,12,2018-12-26,02:00,3040.0,880.0,3730.0,70.0,－－－－－－－－－－,10.0,0.0,0.0,0.0,0.0,0.0,-1650.0,3040.0,yonden
2018,12,2018-12-26,03:00,3190.0,880.0,3730.0,80.0,－－－－－－－－－－,10.0,0.0,0.0,10.0,0.0,0.0,-1520.0,3190.0,yonden
2018,12,2018-12-26,04:00,3230.0,880.0,3720.0,70.0,－－－－－－－－－－,10.0,0.0,0.0,30.0,0.0,0.0,-1480.0,3230.0,yonden
2018,12,2018-12-26,05:00,3180.0,880.0,3640.0,70.0,－－－－－－－－－－,10.0,0.0,0.0,50.0,0.0,0.0,-1470.0,3180.0,yonden
2018,12,2018-12-26,06:00,3190.0,880.0,3600.0,100.0,－－－－－－－－－－,10.0,0.0,0.0,60.0,0.0,0.0,-1460.0,3190.0,yonden
2018,12,2018-12-26,07:00,3380.0,880.0,3660.0,140.0,－－－－－－－－－－,10.0,30.0,0.0,70.0,0.0,0.0,-1410.0,3380.0,yonden
2018,12,2018-12-26,08:00,3850.0,880.0,4030.0,240.0,－－－－－－－－－－,10.0,70.0,0.0,70.0,0.0,20.0,-1470.0,3850.0,yonden
2018,12,2018-12-26,09:00,3960.0,880.0,4100.0,200.0,－－－－－－－－－－,10.0,100.0,0.0,60.0,0.0,80.0,-1470.0,3960.0,yonden
2018,12,2018-12-26,10:00,3900.0,880.0,4070.0,130.0,－－－－－－－－－－,10.0,160.0,0.0,70.0,0.0,160.0,-1580.0,3900.0,yonden
2018,12,2018-12-26,11:00,3830.0,880.0,4070.0,130.0,－－－－－－－－－－,10.0,180.0,0.0,60.0,0.0,150.0,-1650.0,3830.0,yonden
2018,12,2018-12-26,12:00,3640.0,880.0,3970.0,110.0,－－－－－－－－－－,10.0,240.0,0.0,70.0,0.0,140.0,-1780.0,3640.0,yonden
2018,12,2018-12-26,13:00,3750.0,880.0,4080.0,110.0,－－－－－－－－－－,10.0,180.0,0.0,80.0,0.0,50.0,-1640.0,3750.0,yonden
2018,12,2018-12-26,14:00,3740.0,880.0,4060.0,120.0,－－－－－－－－－－,10.0,110.0,0.0,90.0,0.0,0.0,-1530.0,3740.0,yonden
2018,12,2018-12-26,15:00,3750.0,880.0,4060.0,150.0,－－－－－－－－－－,10.0,60.0,0.0,100.0,0.0,0.0,-1510.0,3750.0,yonden
2018,12,2018-12-26,16:00,3860.0,880.0,4070.0,210.0,－－－－－－－－－－,10.0,30.0,0.0,100.0,0.0,20.0,-1460.0,3860.0,yonden
2018,12,2018-12-26,17:00,3890.0,880.0,4070.0,290.0,－－－－－－－－－－,10.0,0.0,0.0,100.0,0.0,30.0,-1490.0,3890.0,yonden
2018,12,2018-12-26,18:00,3840.0,880.0,4020.0,350.0,－－－－－－－－－－,10.0,0.0,0.0,90.0,0.0,30.0,-1540.0,3840.0,yonden
2018,12,2018-12-26,19:00,3700.0,880.0,3940.0,310.0,－－－－－－－－－－,10.0,0.0,0.0,100.0,0.0,10.0,-1550.0,3700.0,yonden
2018,12,2018-12-26,20:00,3550.0,880.0,3930.0,200.0,－－－－－－－－－－,10.0,0.0,0.0,80.0,0.0,0.0,-1550.0,3550.0,yonden
2018,12,2018-12-26,21:00,3340.0,880.0,3800.0,180.0,－－－－－－－－－－,10.0,0.0,0.0,90.0,0.0,0.0,-1620.0,3340.0,yonden
2018,12,2018-12-26,22:00,3090.0,880.0,3690.0,150.0,－－－－－－－－－－,10.0,0.0,0.0,100.0,0.0,0.0,-1740.0,3090.0,yonden
2018,12,2018-12-26,23:00,2920.0,880.0,3670.0,130.0,－－－－－－－－－－,10.0,0.0,0.0,110.0,0.0,0.0,-1880.0,2920.0,yonden
2018,12,2018-12-27,00:00,2810.0,880.0,3620.0,110.0,－－－－－－－－－－,10.0,0.0,0.0,110.0,0.0,0.0,-1920.0,2810.0,yonden
2018,12,2018-12-27,01:00,2870.0,880.0,3620.0,100.0,－－－－－－－－－－,10.0,0.0,0.0,110.0,0.0,0.0,-1850.0,2870.0,yonden
2018,12,2018-12-27,02:00,3060.0,880.0,3700.0,100.0,－－－－－－－－－－,10.0,0.0,0.0,110.0,0.0,0.0,-1740.0,3060.0,yonden
2018,12,2018-12-27,03:00,3200.0,880.0,3760.0,80.0,－－－－－－－－－－,10.0,0.0,0.0,110.0,0.0,0.0,-1640.0,3200.0,yonden
2018,12,2018-12-27,04:00,3240.0,880.0,3760.0,70.0,－－－－－－－－－－,10.0,0.0,0.0,130.0,0.0,0.0,-1610.0,3240.0,yonden
2018,12,2018-12-27,05:00,3210.0,880.0,3750.0,70.0,－－－－－－－－－－,10.0,0.0,0.0,140.0,0.0,0.0,-1640.0,3210.0,yonden
2018,12,2018-12-27,06:00,3230.0,880.0,3760.0,130.0,－－－－－－－－－－,10.0,0.0,0.0,140.0,0.0,0.0,-1690.0,3230.0,yonden
2018,12,2018-12-27,07:00,3370.0,880.0,3800.0,190.0,－－－－－－－－－－,10.0,60.0,0.0,140.0,0.0,30.0,-1740.0,3370.0,yonden
2018,12,2018-12-27,08:00,3620.0,880.0,3760.0,180.0,－－－－－－－－－－,10.0,280.0,0.0,140.0,0.0,20.0,-1650.0,3620.0,yonden
2018,12,2018-12-27,09:00,3580.0,880.0,3690.0,180.0,－－－－－－－－－－,10.0,590.0,0.0,150.0,0.0,0.0,-1920.0,3580.0,yonden
2018,12,2018-12-27,10:00,3480.0,880.0,3610.0,130.0,－－－－－－－－－－,10.0,910.0,0.0,150.0,0.0,0.0,-2210.0,3480.0,yonden
2018,12,2018-12-27,11:00,3380.0,880.0,3440.0,150.0,－－－－－－－－－－,10.0,1050.0,0.0,150.0,0.0,0.0,-2300.0,3380.0,yonden
2018,12,2018-12-27,12:00,3160.0,880.0,3360.0,90.0,－－－－－－－－－－,10.0,940.0,0.0,150.0,0.0,0.0,-2270.0,3160.0,yonden
2018,12,2018-12-27,13:00,3280.0,880.0,3480.0,110.0,－－－－－－－－－－,10.0,730.0,0.0,150.0,0.0,0.0,-2080.0,3280.0,yonden
2018,12,2018-12-27,14:00,3240.0,880.0,3440.0,100.0,－－－－－－－－－－,10.0,630.0,0.0,160.0,0.0,0.0,-1980.0,3240.0,yonden
2018,12,2018-12-27,15:00,3320.0,880.0,3440.0,140.0,－－－－－－－－－－,10.0,450.0,0.0,160.0,0.0,0.0,-1760.0,3320.0,yonden
2018,12,2018-12-27,16:00,3500.0,880.0,3850.0,280.0,－－－－－－－－－－,10.0,140.0,0.0,160.0,0.0,20.0,-1840.0,3500.0,yonden
2018,12,2018-12-27,17:00,3670.0,880.0,4050.0,340.0,－－－－－－－－－－,10.0,0.0,0.0,160.0,0.0,40.0,-1810.0,3670.0,yonden
2018,12,2018-12-27,18:00,3770.0,880.0,4000.0,350.0,－－－－－－－－－－,10.0,0.0,0.0,150.0,0.0,40.0,-1660.0,3770.0,yonden
2018,12,2018-12-27,19:00,3690.0,880.0,3930.0,300.0,－－－－－－－－－－,10.0,0.0,0.0,160.0,0.0,0.0,-1590.0,3690.0,yonden
2018,12,2018-12-27,20:00,3560.0,880.0,3880.0,210.0,－－－－－－－－－－,10.0,0.0,0.0,160.0,0.0,0.0,-1580.0,3560.0,yonden
2018,12,2018-12-27,21:00,3370.0,880.0,3820.0,140.0,－－－－－－－－－－,10.0,0.0,0.0,150.0,0.0,0.0,-1630.0,3370.0,yonden
2018,12,2018-12-27,22:00,3140.0,880.0,3750.0,90.0,－－－－－－－－－－,10.0,0.0,0.0,150.0,0.0,0.0,-1740.0,3140.0,yonden
2018,12,2018-12-27,23:00,3000.0,880.0,3750.0,80.0,－－－－－－－－－－,10.0,0.0,0.0,150.0,0.0,0.0,-1870.0,3000.0,yonden
2018,12,2018-12-28,00:00,2910.0,880.0,3810.0,70.0,－－－－－－－－－－,10.0,0.0,0.0,150.0,0.0,0.0,-2010.0,2910.0,yonden
2018,12,2018-12-28,01:00,2990.0,880.0,3820.0,70.0,－－－－－－－－－－,10.0,0.0,0.0,150.0,0.0,0.0,-1940.0,2990.0,yonden
2018,12,2018-12-28,02:00,3200.0,880.0,3810.0,70.0,－－－－－－－－－－,10.0,0.0,0.0,150.0,0.0,0.0,-1720.0,3200.0,yonden
2018,12,2018-12-28,03:00,3330.0,880.0,3850.0,70.0,－－－－－－－－－－,10.0,0.0,0.0,150.0,0.0,0.0,-1630.0,3330.0,yonden
2018,12,2018-12-28,04:00,3330.0,880.0,3850.0,80.0,－－－－－－－－－－,10.0,0.0,0.0,150.0,0.0,0.0,-1640.0,3330.0,yonden
2018,12,2018-12-28,05:00,3280.0,880.0,3810.0,90.0,－－－－－－－－－－,10.0,0.0,0.0,140.0,0.0,0.0,-1650.0,3280.0,yonden
2018,12,2018-12-28,06:00,3350.0,880.0,3830.0,130.0,－－－－－－－－－－,10.0,0.0,0.0,150.0,0.0,10.0,-1660.0,3350.0,yonden
2018,12,2018-12-28,07:00,3530.0,880.0,3990.0,250.0,－－－－－－－－－－,10.0,40.0,0.0,150.0,0.0,30.0,-1820.0,3530.0,yonden
2018,12,2018-12-28,08:00,3810.0,880.0,3980.0,270.0,－－－－－－－－－－,10.0,210.0,0.0,150.0,0.0,30.0,-1720.0,3810.0,yonden
2018,12,2018-12-28,09:00,3750.0,880.0,3780.0,230.0,－－－－－－－－－－,10.0,440.0,0.0,150.0,0.0,0.0,-1740.0,3750.0,yonden
2018,12,2018-12-28,10:00,3580.0,880.0,3630.0,140.0,－－－－－－－－－－,10.0,770.0,0.0,150.0,0.0,0.0,-2000.0,3580.0,yonden
2018,12,2018-12-28,11:00,3550.0,880.0,3600.0,120.0,－－－－－－－－－－,10.0,880.0,0.0,150.0,0.0,0.0,-2090.0,3550.0,yonden
2018,12,2018-12-28,12:00,3360.0,880.0,3530.0,140.0,－－－－－－－－－－,10.0,790.0,0.0,150.0,0.0,0.0,-2140.0,3360.0,yonden
2018,12,2018-12-28,13:00,3450.0,880.0,3710.0,180.0,－－－－－－－－－－,10.0,640.0,0.0,150.0,0.0,0.0,-2120.0,3450.0,yonden
2018,12,2018-12-28,14:00,3470.0,880.0,3870.0,190.0,－－－－－－－－－－,10.0,480.0,0.0,150.0,0.0,0.0,-2110.0,3470.0,yonden
2018,12,2018-12-28,15:00,3520.0,880.0,3880.0,240.0,－－－－－－－－－－,10.0,280.0,0.0,150.0,0.0,10.0,-1930.0,3520.0,yonden
2018,12,2018-12-28,16:00,3710.0,880.0,4150.0,280.0,－－－－－－－－－－,10.0,50.0,0.0,150.0,0.0,50.0,-1860.0,3710.0,yonden
2018,12,2018-12-28,17:00,3920.0,880.0,4350.0,270.0,－－－－－－－－－－,10.0,0.0,0.0,150.0,0.0,320.0,-2060.0,3920.0,yonden
2018,12,2018-12-28,18:00,3940.0,880.0,4390.0,330.0,－－－－－－－－－－,10.0,0.0,0.0,150.0,0.0,330.0,-2150.0,3940.0,yonden
2018,12,2018-12-28,19:00,3840.0,880.0,4320.0,290.0,－－－－－－－－－－,10.0,0.0,0.0,140.0,0.0,290.0,-2090.0,3840.0,yonden
2018,12,2018-12-28,20:00,3700.0,880.0,4130.0,220.0,－－－－－－－－－－,10.0,0.0,0.0,130.0,0.0,0.0,-1670.0,3700.0,yonden
2018,12,2018-12-28,21:00,3480.0,880.0,3850.0,170.0,－－－－－－－－－－,10.0,0.0,0.0,120.0,0.0,0.0,-1550.0,3480.0,yonden
2018,12,2018-12-28,22:00,3230.0,880.0,3810.0,130.0,－－－－－－－－－－,10.0,0.0,0.0,110.0,0.0,0.0,-1710.0,3230.0,yonden
2018,12,2018-12-28,23:00,3160.0,880.0,3830.0,120.0,－－－－－－－－－－,10.0,0.0,0.0,110.0,0.0,0.0,-1790.0,3160.0,yonden
2018,12,2018-12-29,00:00,3080.0,880.0,3210.0,110.0,－－－－－－－－－－,10.0,0.0,0.0,120.0,0.0,0.0,-1250.0,3080.0,yonden
2018,12,2018-12-29,01:00,3120.0,880.0,3060.0,120.0,－－－－－－－－－－,10.0,0.0,0.0,110.0,0.0,0.0,-1060.0,3120.0,yonden
2018,12,2018-12-29,02:00,3270.0,880.0,3060.0,90.0,－－－－－－－－－－,10.0,0.0,0.0,120.0,0.0,0.0,-890.0,3270.0,yonden
2018,12,2018-12-29,03:00,3320.0,880.0,3030.0,110.0,－－－－－－－－－－,10.0,0.0,0.0,120.0,0.0,0.0,-830.0,3320.0,yonden
2018,12,2018-12-29,04:00,3260.0,880.0,2970.0,100.0,－－－－－－－－－－,10.0,0.0,0.0,130.0,0.0,0.0,-830.0,3260.0,yonden
2018,12,2018-12-29,05:00,3100.0,880.0,2920.0,70.0,－－－－－－－－－－,10.0,0.0,0.0,130.0,0.0,0.0,-910.0,3100.0,yonden
2018,12,2018-12-29,06:00,3020.0,880.0,2990.0,110.0,－－－－－－－－－－,10.0,0.0,0.0,130.0,0.0,0.0,-1100.0,3020.0,yonden
2018,12,2018-12-29,07:00,3120.0,880.0,2980.0,130.0,－－－－－－－－－－,10.0,60.0,0.0,140.0,0.0,0.0,-1080.0,3120.0,yonden
2018,12,2018-12-29,08:00,3280.0,880.0,2830.0,90.0,－－－－－－－－－－,10.0,290.0,0.0,140.0,0.0,0.0,-960.0,3280.0,yonden
2018,12,2018-12-29,09:00,3110.0,880.0,2580.0,120.0,－－－－－－－－－－,10.0,630.0,0.0,140.0,0.0,0.0,-1250.0,3110.0,yonden
2018,12,2018-12-29,10:00,2980.0,880.0,2430.0,90.0,－－－－－－－－－－,10.0,970.0,0.0,140.0,0.0,0.0,-1540.0,2980.0,yonden
2018,12,2018-12-29,11:00,2890.0,880.0,2410.0,80.0,－－－－－－－－－－,10.0,1090.0,0.0,150.0,0.0,0.0,-1730.0,2890.0,yonden
2018,12,2018-12-29,12:00,2810.0,880.0,2460.0,90.0,－－－－－－－－－－,10.0,1030.0,0.0,150.0,0.0,0.0,-1810.0,2810.0,yonden
2018,12,2018-12-29,13:00,2760.0,880.0,2450.0,70.0,－－－－－－－－－－,10.0,920.0,0.0,150.0,0.0,0.0,-1720.0,2760.0,yonden
2018,12,2018-12-29,14:00,2770.0,880.0,2500.0,70.0,－－－－－－－－－－,10.0,740.0,0.0,150.0,0.0,0.0,-1580.0,2770.0,yonden
2018,12,2018-12-29,15:00,2910.0,880.0,2780.0,80.0,－－－－－－－－－－,10.0,430.0,0.0,150.0,0.0,0.0,-1420.0,2910.0,yonden
2018,12,2018-12-29,16:00,3130.0,880.0,2970.0,150.0,－－－－－－－－－－,10.0,120.0,0.0,150.0,0.0,20.0,-1170.0,3130.0,yonden
2018,12,2018-12-29,17:00,3490.0,880.0,3040.0,240.0,－－－－－－－－－－,10.0,0.0,0.0,150.0,0.0,70.0,-900.0,3490.0,yonden
2018,12,2018-12-29,18:00,3600.0,880.0,3020.0,240.0,－－－－－－－－－－,10.0,0.0,0.0,140.0,0.0,150.0,-840.0,3600.0,yonden
2018,12,2018-12-29,19:00,3550.0,880.0,3040.0,260.0,－－－－－－－－－－,10.0,0.0,0.0,150.0,0.0,0.0,-790.0,3550.0,yonden
2018,12,2018-12-29,20:00,3460.0,880.0,3030.0,180.0,－－－－－－－－－－,10.0,0.0,0.0,140.0,0.0,0.0,-780.0,3460.0,yonden
2018,12,2018-12-29,21:00,3300.0,880.0,2960.0,140.0,－－－－－－－－－－,10.0,0.0,0.0,150.0,0.0,0.0,-840.0,3300.0,yonden
2018,12,2018-12-29,22:00,3070.0,880.0,2950.0,120.0,－－－－－－－－－－,10.0,0.0,0.0,150.0,0.0,0.0,-1040.0,3070.0,yonden
2018,12,2018-12-29,23:00,3010.0,880.0,2980.0,140.0,－－－－－－－－－－,10.0,0.0,0.0,150.0,0.0,0.0,-1150.0,3010.0,yonden
2018,12,2018-12-30,00:00,2970.0,880.0,2970.0,100.0,－－－－－－－－－－,10.0,0.0,0.0,140.0,0.0,0.0,-1130.0,2970.0,yonden
2018,12,2018-12-30,01:00,3030.0,880.0,2940.0,90.0,－－－－－－－－－－,10.0,0.0,0.0,140.0,0.0,0.0,-1030.0,3030.0,yonden
2018,12,2018-12-30,02:00,3160.0,880.0,2920.0,100.0,－－－－－－－－－－,10.0,0.0,0.0,140.0,0.0,0.0,-890.0,3160.0,yonden
2018,12,2018-12-30,03:00,3210.0,880.0,2930.0,100.0,－－－－－－－－－－,10.0,0.0,0.0,140.0,0.0,20.0,-870.0,3210.0,yonden
2018,12,2018-12-30,04:00,3140.0,880.0,2940.0,70.0,－－－－－－－－－－,10.0,0.0,0.0,120.0,0.0,10.0,-890.0,3140.0,yonden
2018,12,2018-12-30,05:00,2970.0,880.0,2870.0,60.0,－－－－－－－－－－,10.0,0.0,0.0,130.0,0.0,0.0,-980.0,2970.0,yonden
2018,12,2018-12-30,06:00,2850.0,880.0,2990.0,80.0,－－－－－－－－－－,10.0,0.0,0.0,130.0,0.0,0.0,-1240.0,2850.0,yonden
2018,12,2018-12-30,07:00,2950.0,880.0,3010.0,100.0,－－－－－－－－－－,10.0,60.0,0.0,120.0,0.0,10.0,-1240.0,2950.0,yonden
2018,12,2018-12-30,08:00,3020.0,880.0,2840.0,100.0,－－－－－－－－－－,10.0,290.0,0.0,120.0,0.0,0.0,-1220.0,3020.0,yonden
2018,12,2018-12-30,09:00,2820.0,880.0,2580.0,120.0,－－－－－－－－－－,10.0,600.0,0.0,130.0,0.0,0.0,-1500.0,2820.0,yonden
2018,12,2018-12-30,10:00,2700.0,880.0,2450.0,90.0,－－－－－－－－－－,10.0,930.0,0.0,130.0,0.0,0.0,-1790.0,2700.0,yonden
2018,12,2018-12-30,11:00,2640.0,880.0,2480.0,150.0,－－－－－－－－－－,10.0,1050.0,0.0,110.0,0.0,-180.0,-1860.0,2640.0,yonden
2018,12,2018-12-30,12:00,2610.0,880.0,2640.0,140.0,－－－－－－－－－－,10.0,970.0,0.0,100.0,0.0,-280.0,-1850.0,2610.0,yonden
2018,12,2018-12-30,13:00,2610.0,880.0,2700.0,100.0,－－－－－－－－－－,10.0,680.0,0.0,110.0,0.0,-40.0,-1830.0,2610.0,yonden
2018,12,2018-12-30,14:00,2680.0,880.0,2910.0,60.0,－－－－－－－－－－,10.0,420.0,0.0,110.0,0.0,0.0,-1710.0,2680.0,yonden
2018,12,2018-12-30,15:00,2740.0,880.0,3030.0,60.0,－－－－－－－－－－,10.0,270.0,0.0,110.0,0.0,0.0,-1620.0,2740.0,yonden
2018,12,2018-12-30,16:00,2950.0,880.0,3220.0,80.0,－－－－－－－－－－,10.0,80.0,0.0,80.0,0.0,0.0,-1400.0,2950.0,yonden
2018,12,2018-12-30,17:00,3300.0,880.0,3250.0,140.0,－－－－－－－－－－,10.0,0.0,0.0,60.0,0.0,170.0,-1210.0,3300.0,yonden
2018,12,2018-12-30,18:00,3440.0,880.0,3220.0,200.0,－－－－－－－－－－,10.0,0.0,0.0,50.0,0.0,300.0,-1220.0,3440.0,yonden
2018,12,2018-12-30,19:00,3420.0,880.0,3230.0,170.0,－－－－－－－－－－,10.0,0.0,0.0,50.0,0.0,190.0,-1110.0,3420.0,yonden
2018,12,2018-12-30,20:00,3350.0,880.0,3220.0,150.0,－－－－－－－－－－,10.0,0.0,0.0,60.0,0.0,10.0,-980.0,3350.0,yonden
2018,12,2018-12-30,21:00,3230.0,880.0,3220.0,150.0,－－－－－－－－－－,10.0,0.0,0.0,60.0,0.0,0.0,-1090.0,3230.0,yonden
2018,12,2018-12-30,22:00,3040.0,880.0,3160.0,140.0,－－－－－－－－－－,10.0,0.0,0.0,70.0,0.0,0.0,-1220.0,3040.0,yonden
2018,12,2018-12-30,23:00,3000.0,880.0,3190.0,160.0,－－－－－－－－－－,10.0,0.0,0.0,70.0,0.0,0.0,-1310.0,3000.0,yonden
2018,12,2018-12-31,00:00,3000.0,880.0,3590.0,110.0,－－－－－－－－－－,10.0,0.0,0.0,60.0,0.0,0.0,-1650.0,3000.0,yonden
2018,12,2018-12-31,01:00,3050.0,880.0,3630.0,90.0,－－－－－－－－－－,10.0,0.0,0.0,60.0,0.0,0.0,-1620.0,3050.0,yonden
2018,12,2018-12-31,02:00,3190.0,880.0,3600.0,70.0,－－－－－－－－－－,10.0,0.0,0.0,50.0,0.0,20.0,-1440.0,3190.0,yonden
2018,12,2018-12-31,03:00,3210.0,880.0,3590.0,90.0,－－－－－－－－－－,10.0,0.0,0.0,60.0,0.0,0.0,-1420.0,3210.0,yonden
2018,12,2018-12-31,04:00,3130.0,880.0,3470.0,80.0,－－－－－－－－－－,10.0,0.0,0.0,60.0,0.0,0.0,-1370.0,3130.0,yonden
2018,12,2018-12-31,05:00,2960.0,880.0,3340.0,70.0,－－－－－－－－－－,10.0,0.0,0.0,60.0,0.0,0.0,-1400.0,2960.0,yonden
2018,12,2018-12-31,06:00,2810.0,880.0,3390.0,90.0,－－－－－－－－－－,10.0,0.0,0.0,40.0,0.0,0.0,-1600.0,2810.0,yonden
2018,12,2018-12-31,07:00,2830.0,880.0,3480.0,120.0,－－－－－－－－－－,10.0,30.0,0.0,40.0,0.0,0.0,-1730.0,2830.0,yonden
2018,12,2018-12-31,08:00,3020.0,880.0,3420.0,110.0,－－－－－－－－－－,10.0,140.0,0.0,40.0,0.0,0.0,-1580.0,3020.0,yonden
2018,12,2018-12-31,09:00,2980.0,880.0,3350.0,120.0,－－－－－－－－－－,10.0,240.0,0.0,30.0,0.0,0.0,-1650.0,2980.0,yonden
2018,12,2018-12-31,10:00,2900.0,880.0,3280.0,70.0,－－－－－－－－－－,10.0,480.0,0.0,30.0,0.0,0.0,-1850.0,2900.0,yonden
2018,12,2018-12-31,11:00,2780.0,880.0,3200.0,70.0,－－－－－－－－－－,10.0,800.0,0.0,50.0,0.0,-60.0,-2170.0,2780.0,yonden
2018,12,2018-12-31,12:00,2690.0,880.0,3170.0,60.0,－－－－－－－－－－,10.0,890.0,0.0,60.0,0.0,-310.0,-2070.0,2690.0,yonden
2018,12,2018-12-31,13:00,2630.0,880.0,3210.0,50.0,－－－－－－－－－－,10.0,760.0,0.0,70.0,0.0,-300.0,-2050.0,2630.0,yonden
2018,12,2018-12-31,14:00,2590.0,880.0,3340.0,50.0,－－－－－－－－－－,10.0,690.0,0.0,70.0,0.0,-300.0,-2150.0,2590.0,yonden
2018,12,2018-12-31,15:00,2690.0,880.0,3270.0,60.0,－－－－－－－－－－,10.0,430.0,0.0,70.0,0.0,-200.0,-1830.0,2690.0,yonden
2018,12,2018-12-31,16:00,2910.0,880.0,3420.0,100.0,－－－－－－－－－－,10.0,130.0,0.0,70.0,0.0,0.0,-1700.0,2910.0,yonden
2018,12,2018-12-31,17:00,3280.0,880.0,3640.0,160.0,－－－－－－－－－－,10.0,0.0,0.0,80.0,0.0,200.0,-1690.0,3280.0,yonden
2018,12,2018-12-31,18:00,3420.0,880.0,3660.0,200.0,－－－－－－－－－－,10.0,0.0,0.0,60.0,0.0,320.0,-1710.0,3420.0,yonden
2018,12,2018-12-31,19:00,3380.0,880.0,3650.0,170.0,－－－－－－－－－－,10.0,0.0,0.0,50.0,0.0,320.0,-1700.0,3380.0,yonden
2018,12,2018-12-31,20:00,3330.0,880.0,3680.0,120.0,－－－－－－－－－－,10.0,0.0,0.0,40.0,0.0,310.0,-1710.0,3330.0,yonden
2018,12,2018-12-31,21:00,3210.0,880.0,3600.0,70.0,－－－－－－－－－－,10.0,0.0,0.0,40.0,0.0,220.0,-1610.0,3210.0,yonden
2018,12,2018-12-31,22:00,3090.0,880.0,3590.0,100.0,－－－－－－－－－－,10.0,0.0,0.0,20.0,0.0,180.0,-1690.0,3090.0,yonden
2018,12,2018-12-31,23:00,3210.0,880.0,3550.0,140.0,－－－－－－－－－－,10.0,0.0,0.0,20.0,0.0,200.0,-1590.0,3210.0,yonden
2019,1,2019-01-01,00:00,3240.0,880.0,3620.0,150.0,－－－－－－－－－－,10.0,0.0,0.0,20.0,0.0,70.0,-1510.0,3240.0,yonden
2019,1,2019-01-01,01:00,3280.0,880.0,3660.0,150.0,－－－－－－－－－－,10.0,0.0,0.0,10.0,0.0,20.0,-1450.0,3280.0,yonden
2019,1,2019-01-01,02:00,3360.0,880.0,3680.0,140.0,－－－－－－－－－－,10.0,0.0,0.0,10.0,0.0,20.0,-1380.0,3360.0,yonden
2019,1,2019-01-01,03:00,3350.0,880.0,3600.0,150.0,－－－－－－－－－－,10.0,0.0,0.0,10.0,0.0,10.0,-1310.0,3350.0,yonden
2019,1,2019-01-01,04:00,3270.0,880.0,3610.0,80.0,－－－－－－－－－－,10.0,0.0,0.0,20.0,0.0,0.0,-1330.0,3270.0,yonden
2019,1,2019-01-01,05:00,3060.0,880.0,3580.0,60.0,－－－－－－－－－－,10.0,0.0,0.0,10.0,0.0,0.0,-1480.0,3060.0,yonden
2019,1,2019-01-01,06:00,2870.0,880.0,3550.0,80.0,－－－－－－－－－－,10.0,0.0,0.0,20.0,0.0,0.0,-1670.0,2870.0,yonden
2019,1,2019-01-01,07:00,2890.0,880.0,3470.0,90.0,－－－－－－－－－－,10.0,60.0,0.0,10.0,0.0,0.0,-1630.0,2890.0,yonden
2019,1,2019-01-01,08:00,2960.0,880.0,3270.0,90.0,－－－－－－－－－－,10.0,310.0,0.0,10.0,0.0,0.0,-1610.0,2960.0,yonden
2019,1,2019-01-01,09:00,2720.0,880.0,3100.0,100.0,－－－－－－－－－－,10.0,660.0,0.0,0.0,0.0,-210.0,-1820.0,2720.0,yonden
2019,1,2019-01-01,10:00,2560.0,880.0,2760.0,70.0,－－－－－－－－－－,10.0,960.0,0.0,0.0,0.0,-310.0,-1810.0,2560.0,yonden
2019,1,2019-01-01,11:00,2450.0,880.0,2610.0,80.0,－－－－－－－－－－,10.0,1020.0,0.0,10.0,0.0,-310.0,-1850.0,2450.0,yonden
2019,1,2019-01-01,12:00,2450.0,880.0,2770.0,100.0,－－－－－－－－－－,10.0,900.0,0.0,20.0,0.0,-310.0,-1920.0,2450.0,yonden
2019,1,2019-01-01,13:00,2430.0,880.0,3100.0,90.0,－－－－－－－－－－,10.0,560.0,0.0,30.0,0.0,-270.0,-1970.0,2430.0,yonden
2019,1,2019-01-01,14:00,2410.0,880.0,3310.0,70.0,－－－－－－－－－－,10.0,340.0,0.0,40.0,0.0,-300.0,-1940.0,2410.0,yonden
2019,1,2019-01-01,15:00,2520.0,880.0,3230.0,70.0,－－－－－－－－－－,10.0,220.0,0.0,80.0,0.0,-130.0,-1840.0,2520.0,yonden
2019,1,2019-01-01,16:00,2710.0,880.0,3280.0,80.0,－－－－－－－－－－,10.0,50.0,0.0,100.0,0.0,0.0,-1690.0,2710.0,yonden
2019,1,2019-01-01,17:00,2980.0,880.0,3570.0,120.0,－－－－－－－－－－,10.0,0.0,0.0,100.0,0.0,0.0,-1700.0,2980.0,yonden
2019,1,2019-01-01,18:00,3070.0,880.0,3650.0,150.0,－－－－－－－－－－,10.0,0.0,0.0,100.0,0.0,0.0,-1720.0,3070.0,yonden
2019,1,2019-01-01,19:00,3040.0,880.0,3610.0,150.0,－－－－－－－－－－,10.0,0.0,0.0,120.0,0.0,0.0,-1730.0,3040.0,yonden
2019,1,2019-01-01,20:00,3000.0,880.0,3540.0,120.0,－－－－－－－－－－,10.0,0.0,0.0,120.0,0.0,0.0,-1670.0,3000.0,yonden
2019,1,2019-01-01,21:00,2930.0,880.0,3370.0,90.0,－－－－－－－－－－,10.0,0.0,0.0,120.0,0.0,0.0,-1540.0,2930.0,yonden
2019,1,2019-01-01,22:00,2780.0,880.0,3110.0,70.0,－－－－－－－－－－,10.0,0.0,0.0,130.0,0.0,0.0,-1420.0,2780.0,yonden
2019,1,2019-01-01,23:00,2720.0,880.0,2930.0,70.0,－－－－－－－－－－,10.0,0.0,0.0,130.0,0.0,0.0,-1300.0,2720.0,yonden
2019,1,2019-01-02,00:00,2680.0,880.0,2770.0,70.0,－－－－－－－－－－,10.0,0.0,0.0,130.0,0.0,0.0,-1180.0,2680.0,yonden
2019,1,2019-01-02,01:00,2750.0,880.0,2770.0,60.0,－－－－－－－－－－,10.0,0.0,0.0,130.0,0.0,0.0,-1100.0,2750.0,yonden
2019,1,2019-01-02,02:00,2940.0,880.0,2900.0,70.0,－－－－－－－－－－,10.0,0.0,0.0,140.0,0.0,0.0,-1060.0,2940.0,yonden
2019,1,2019-01-02,03:00,3040.0,880.0,2860.0,130.0,－－－－－－－－－－,10.0,0.0,0.0,150.0,0.0,0.0,-990.0,3040.0,yonden
2019,1,2019-01-02,04:00,3010.0,880.0,2880.0,120.0,－－－－－－－－－－,10.0,0.0,0.0,150.0,0.0,0.0,-1030.0,3010.0,yonden
2019,1,2019-01-02,05:00,2880.0,880.0,2880.0,80.0,－－－－－－－－－－,10.0,0.0,0.0,150.0,0.0,0.0,-1120.0,2880.0,yonden
2019,1,2019-01-02,06:00,2690.0,880.0,2870.0,90.0,－－－－－－－－－－,10.0,0.0,0.0,150.0,0.0,0.0,-1310.0,2690.0,yonden
2019,1,2019-01-02,07:00,2710.0,880.0,2880.0,90.0,－－－－－－－－－－,10.0,50.0,0.0,150.0,0.0,0.0,-1350.0,2710.0,yonden
2019,1,2019-01-02,08:00,2840.0,880.0,2890.0,110.0,－－－－－－－－－－,10.0,220.0,0.0,150.0,0.0,0.0,-1420.0,2840.0,yonden
2019,1,2019-01-02,09:00,2730.0,880.0,2600.0,110.0,－－－－－－－－－－,10.0,510.0,0.0,140.0,0.0,0.0,-1520.0,2730.0,yonden
2019,1,2019-01-02,10:00,2640.0,880.0,2700.0,90.0,－－－－－－－－－－,10.0,840.0,0.0,130.0,0.0,-160.0,-1850.0,2640.0,yonden
2019,1,2019-01-02,11:00,2560.0,880.0,2790.0,100.0,－－－－－－－－－－,10.0,1040.0,0.0,140.0,0.0,-300.0,-2100.0,2560.0,yonden
2019,1,2019-01-02,12:00,2500.0,880.0,2830.0,110.0,－－－－－－－－－－,10.0,990.0,0.0,130.0,0.0,-250.0,-2200.0,2500.0,yonden
2019,1,2019-01-02,13:00,2440.0,880.0,2700.0,60.0,－－－－－－－－－－,10.0,800.0,0.0,130.0,0.0,0.0,-2140.0,2440.0,yonden
2019,1,2019-01-02,14:00,2420.0,880.0,2620.0,70.0,－－－－－－－－－－,10.0,640.0,0.0,130.0,0.0,0.0,-1930.0,2420.0,yonden
2019,1,2019-01-02,15:00,2510.0,880.0,2790.0,130.0,－－－－－－－－－－,10.0,410.0,0.0,120.0,0.0,-280.0,-1550.0,2510.0,yonden
2019,1,2019-01-02,16:00,2720.0,880.0,3000.0,140.0,－－－－－－－－－－,10.0,130.0,0.0,120.0,0.0,-180.0,-1380.0,2720.0,yonden
2019,1,2019-01-02,17:00,3060.0,880.0,3160.0,200.0,－－－－－－－－－－,10.0,0.0,0.0,100.0,0.0,20.0,-1310.0,3060.0,yonden
2019,1,2019-01-02,18:00,3210.0,880.0,3270.0,170.0,－－－－－－－－－－,10.0,0.0,0.0,80.0,0.0,140.0,-1340.0,3210.0,yonden
2019,1,2019-01-02,19:00,3200.0,880.0,3270.0,210.0,－－－－－－－－－－,10.0,0.0,0.0,80.0,0.0,80.0,-1330.0,3200.0,yonden
2019,1,2019-01-02,20:00,3180.0,880.0,3290.0,210.0,－－－－－－－－－－,10.0,0.0,0.0,90.0,0.0,0.0,-1300.0,3180.0,yonden
2019,1,2019-01-02,21:00,3090.0,880.0,3280.0,130.0,－－－－－－－－－－,10.0,0.0,0.0,100.0,0.0,0.0,-1310.0,3090.0,yonden
2019,1,2019-01-02,22:00,2910.0,880.0,3180.0,80.0,－－－－－－－－－－,10.0,0.0,0.0,100.0,0.0,0.0,-1340.0,2910.0,yonden
2019,1,2019-01-02,23:00,2870.0,880.0,3110.0,80.0,－－－－－－－－－－,10.0,0.0,0.0,110.0,0.0,0.0,-1320.0,2870.0,yonden
2019,1,2019-01-03,00:00,2870.0,880.0,3110.0,80.0,－－－－－－－－－－,10.0,0.0,0.0,110.0,0.0,0.0,-1320.0,2870.0,yonden
2019,1,2019-01-03,01:00,2950.0,880.0,3210.0,80.0,－－－－－－－－－－,10.0,0.0,0.0,100.0,0.0,0.0,-1330.0,2950.0,yonden
2019,1,2019-01-03,02:00,3120.0,880.0,3290.0,130.0,－－－－－－－－－－,10.0,0.0,0.0,100.0,0.0,0.0,-1290.0,3120.0,yonden
2019,1,2019-01-03,03:00,3160.0,880.0,3300.0,160.0,－－－－－－－－－－,10.0,0.0,0.0,100.0,0.0,0.0,-1290.0,3160.0,yonden
2019,1,2019-01-03,04:00,3100.0,880.0,3250.0,170.0,－－－－－－－－－－,10.0,0.0,0.0,100.0,0.0,0.0,-1310.0,3100.0,yonden
2019,1,2019-01-03,05:00,2920.0,880.0,3110.0,120.0,－－－－－－－－－－,10.0,0.0,0.0,100.0,0.0,0.0,-1300.0,2920.0,yonden
2019,1,2019-01-03,06:00,2780.0,880.0,2990.0,90.0,－－－－－－－－－－,10.0,0.0,0.0,100.0,0.0,0.0,-1290.0,2780.0,yonden
2019,1,2019-01-03,07:00,2850.0,880.0,2910.0,100.0,－－－－－－－－－－,10.0,60.0,0.0,100.0,0.0,0.0,-1210.0,2850.0,yonden
2019,1,2019-01-03,08:00,2990.0,880.0,2960.0,90.0,－－－－－－－－－－,10.0,300.0,0.0,90.0,0.0,0.0,-1340.0,2990.0,yonden
2019,1,2019-01-03,09:00,2820.0,880.0,2720.0,80.0,－－－－－－－－－－,10.0,650.0,0.0,100.0,0.0,0.0,-1620.0,2820.0,yonden
2019,1,2019-01-03,10:00,2670.0,880.0,2680.0,90.0,－－－－－－－－－－,10.0,1010.0,0.0,110.0,0.0,-260.0,-1850.0,2670.0,yonden
2019,1,2019-01-03,11:00,2580.0,880.0,2690.0,90.0,－－－－－－－－－－,10.0,1180.0,0.0,110.0,0.0,-300.0,-2080.0,2580.0,yonden
2019,1,2019-01-03,12:00,2490.0,880.0,2690.0,70.0,－－－－－－－－－－,10.0,1250.0,0.0,120.0,0.0,-300.0,-2230.0,2490.0,yonden
2019,1,2019-01-03,13:00,2450.0,880.0,2720.0,80.0,－－－－－－－－－－,10.0,1070.0,0.0,120.0,0.0,-300.0,-2130.0,2450.0,yonden
2019,1,2019-01-03,14:00,2440.0,880.0,2670.0,90.0,－－－－－－－－－－,10.0,810.0,0.0,110.0,0.0,-300.0,-1830.0,2440.0,yonden
2019,1,2019-01-03,15:00,2520.0,880.0,2730.0,100.0,－－－－－－－－－－,10.0,500.0,0.0,100.0,0.0,-200.0,-1600.0,2520.0,yonden
2019,1,2019-01-03,16:00,2750.0,880.0,2980.0,120.0,－－－－－－－－－－,10.0,160.0,0.0,100.0,0.0,0.0,-1500.0,2750.0,yonden
2019,1,2019-01-03,17:00,3100.0,880.0,3260.0,130.0,－－－－－－－－－－,10.0,0.0,0.0,90.0,0.0,60.0,-1330.0,3100.0,yonden
2019,1,2019-01-03,18:00,3270.0,880.0,3310.0,170.0,－－－－－－－－－－,10.0,0.0,0.0,100.0,0.0,140.0,-1340.0,3270.0,yonden
2019,1,2019-01-03,19:00,3250.0,880.0,3330.0,160.0,－－－－－－－－－－,10.0,0.0,0.0,90.0,0.0,140.0,-1360.0,3250.0,yonden
2019,1,2019-01-03,20:00,3220.0,880.0,3330.0,110.0,－－－－－－－－－－,10.0,0.0,0.0,80.0,0.0,140.0,-1330.0,3220.0,yonden
2019,1,2019-01-03,21:00,3120.0,880.0,3340.0,110.0,－－－－－－－－－－,10.0,0.0,0.0,70.0,0.0,70.0,-1360.0,3120.0,yonden
2019,1,2019-01-03,22:00,2940.0,880.0,3250.0,110.0,－－－－－－－－－－,10.0,0.0,0.0,60.0,0.0,0.0,-1370.0,2940.0,yonden
2019,1,2019-01-03,23:00,2890.0,880.0,3200.0,70.0,－－－－－－－－－－,10.0,0.0,0.0,60.0,0.0,0.0,-1330.0,2890.0,yonden
2019,1,2019-01-04,00:00,2870.0,880.0,3100.0,80.0,－－－－－－－－－－,10.0,0.0,0.0,60.0,0.0,0.0,-1260.0,2870.0,yonden
2019,1,2019-01-04,01:00,2970.0,880.0,3200.0,70.0,－－－－－－－－－－,10.0,0.0,0.0,60.0,0.0,0.0,-1250.0,2970.0,yonden
2019,1,2019-01-04,02:00,3140.0,880.0,3250.0,70.0,－－－－－－－－－－,10.0,0.0,0.0,60.0,0.0,0.0,-1130.0,3140.0,yonden
2019,1,2019-01-04,03:00,3180.0,880.0,3220.0,70.0,－－－－－－－－－－,10.0,0.0,0.0,50.0,0.0,0.0,-1050.0,3180.0,yonden
2019,1,2019-01-04,04:00,3140.0,880.0,3250.0,60.0,－－－－－－－－－－,10.0,0.0,0.0,40.0,0.0,0.0,-1100.0,3140.0,yonden
2019,1,2019-01-04,05:00,3060.0,880.0,3250.0,90.0,－－－－－－－－－－,10.0,0.0,0.0,40.0,0.0,20.0,-1230.0,3060.0,yonden
2019,1,2019-01-04,06:00,3120.0,880.0,3350.0,170.0,－－－－－－－－－－,10.0,0.0,0.0,30.0,0.0,20.0,-1340.0,3120.0,yonden
2019,1,2019-01-04,07:00,3300.0,880.0,3410.0,180.0,－－－－－－－－－－,10.0,60.0,0.0,10.0,0.0,20.0,-1270.0,3300.0,yonden
2019,1,2019-01-04,08:00,3490.0,880.0,3400.0,200.0,－－－－－－－－－－,10.0,320.0,0.0,0.0,0.0,20.0,-1340.0,3490.0,yonden
2019,1,2019-01-04,09:00,3290.0,880.0,3070.0,80.0,－－－－－－－－－－,10.0,700.0,0.0,0.0,0.0,-10.0,-1440.0,3290.0,yonden
2019,1,2019-01-04,10:00,3100.0,880.0,2930.0,90.0,－－－－－－－－－－,10.0,1050.0,0.0,0.0,0.0,-290.0,-1570.0,3100.0,yonden
2019,1,2019-01-04,11:00,2980.0,880.0,2780.0,80.0,－－－－－－－－－－,10.0,1230.0,0.0,0.0,0.0,-300.0,-1700.0,2980.0,yonden
2019,1,2019-01-04,12:00,2850.0,880.0,2680.0,60.0,－－－－－－－－－－,10.0,1250.0,0.0,0.0,0.0,-300.0,-1730.0,2850.0,yonden
2019,1,2019-01-04,13:00,2920.0,880.0,2830.0,70.0,－－－－－－－－－－,10.0,1090.0,0.0,0.0,0.0,-290.0,-1670.0,2920.0,yonden
2019,1,2019-01-04,14:00,3060.0,880.0,3100.0,110.0,－－－－－－－－－－,10.0,590.0,0.0,0.0,0.0,-10.0,-1620.0,3060.0,yonden
2019,1,2019-01-04,15:00,3010.0,880.0,3110.0,140.0,－－－－－－－－－－,10.0,310.0,0.0,0.0,0.0,10.0,-1450.0,3010.0,yonden
2019,1,2019-01-04,16:00,3200.0,880.0,3320.0,160.0,－－－－－－－－－－,10.0,110.0,0.0,10.0,0.0,50.0,-1340.0,3200.0,yonden
2019,1,2019-01-04,17:00,3450.0,880.0,3380.0,210.0,－－－－－－－－－－,10.0,0.0,0.0,10.0,0.0,320.0,-1360.0,3450.0,yonden
2019,1,2019-01-04,18:00,3500.0,880.0,3380.0,240.0,－－－－－－－－－－,10.0,0.0,0.0,0.0,0.0,310.0,-1320.0,3500.0,yonden
2019,1,2019-01-04,19:00,3410.0,880.0,3370.0,190.0,－－－－－－－－－－,10.0,0.0,0.0,0.0,0.0,240.0,-1280.0,3410.0,yonden
2019,1,2019-01-04,20:00,3280.0,880.0,3350.0,150.0,－－－－－－－－－－,10.0,0.0,0.0,10.0,0.0,160.0,-1280.0,3280.0,yonden
2019,1,2019-01-04,21:00,3100.0,880.0,3330.0,110.0,－－－－－－－－－－,10.0,0.0,0.0,20.0,0.0,60.0,-1310.0,3100.0,yonden
2019,1,2019-01-04,22:00,2860.0,880.0,3210.0,80.0,－－－－－－－－－－,10.0,0.0,0.0,20.0,0.0,0.0,-1340.0,2860.0,yonden
2019,1,2019-01-04,23:00,2750.0,880.0,3130.0,80.0,－－－－－－－－－－,10.0,0.0,0.0,20.0,0.0,0.0,-1370.0,2750.0,yonden
2019,1,2019-01-05,00:00,2650.0,880.0,2580.0,80.0,－－－－－－－－－－,10.0,0.0,0.0,20.0,0.0,0.0,-920.0,2650.0,yonden
2019,1,2019-01-05,01:00,2720.0,880.0,2550.0,80.0,－－－－－－－－－－,10.0,0.0,0.0,20.0,0.0,0.0,-820.0,2720.0,yonden
2019,1,2019-01-05,02:00,2910.0,880.0,2690.0,130.0,－－－－－－－－－－,10.0,0.0,0.0,30.0,0.0,0.0,-830.0,2910.0,yonden
2019,1,2019-01-05,03:00,3030.0,880.0,2700.0,180.0,－－－－－－－－－－,10.0,0.0,0.0,30.0,0.0,30.0,-800.0,3030.0,yonden
2019,1,2019-01-05,04:00,3000.0,880.0,2680.0,170.0,－－－－－－－－－－,10.0,0.0,0.0,40.0,0.0,30.0,-810.0,3000.0,yonden
2019,1,2019-01-05,05:00,2890.0,880.0,2680.0,130.0,－－－－－－－－－－,10.0,0.0,0.0,40.0,0.0,0.0,-850.0,2890.0,yonden
2019,1,2019-01-05,06:00,2760.0,890.0,2590.0,90.0,－－－－－－－－－－,10.0,0.0,0.0,50.0,0.0,0.0,-870.0,2760.0,yonden
2019,1,2019-01-05,07:00,2840.0,880.0,2630.0,100.0,－－－－－－－－－－,10.0,30.0,0.0,70.0,0.0,0.0,-880.0,2840.0,yonden
2019,1,2019-01-05,08:00,3240.0,880.0,2850.0,110.0,－－－－－－－－－－,10.0,110.0,0.0,90.0,0.0,0.0,-810.0,3240.0,yonden
2019,1,2019-01-05,09:00,3400.0,880.0,2930.0,180.0,－－－－－－－－－－,10.0,140.0,0.0,90.0,0.0,20.0,-850.0,3400.0,yonden
2019,1,2019-01-05,10:00,3400.0,880.0,3060.0,200.0,－－－－－－－－－－,10.0,210.0,0.0,90.0,0.0,80.0,-1130.0,3400.0,yonden
2019,1,2019-01-05,11:00,3410.0,880.0,3190.0,150.0,－－－－－－－－－－,10.0,210.0,0.0,100.0,0.0,310.0,-1440.0,3410.0,yonden
2019,1,2019-01-05,12:00,3280.0,880.0,3250.0,120.0,－－－－－－－－－－,10.0,230.0,0.0,110.0,0.0,180.0,-1500.0,3280.0,yonden
2019,1,2019-01-05,13:00,3230.0,880.0,3250.0,120.0,－－－－－－－－－－,10.0,250.0,0.0,110.0,0.0,30.0,-1420.0,3230.0,yonden
2019,1,2019-01-05,14:00,3150.0,880.0,2910.0,70.0,－－－－－－－－－－,10.0,330.0,0.0,120.0,0.0,0.0,-1170.0,3150.0,yonden
2019,1,2019-01-05,15:00,3100.0,880.0,2600.0,70.0,－－－－－－－－－－,10.0,270.0,0.0,140.0,0.0,0.0,-870.0,3100.0,yonden
2019,1,2019-01-05,16:00,3180.0,880.0,2690.0,90.0,－－－－－－－－－－,10.0,100.0,0.0,140.0,0.0,0.0,-730.0,3180.0,yonden
2019,1,2019-01-05,17:00,3370.0,880.0,2860.0,140.0,－－－－－－－－－－,10.0,0.0,0.0,130.0,0.0,10.0,-660.0,3370.0,yonden
2019,1,2019-01-05,18:00,3450.0,880.0,2870.0,250.0,－－－－－－－－－－,10.0,0.0,0.0,120.0,0.0,0.0,-680.0,3450.0,yonden
2019,1,2019-01-05,19:00,3370.0,880.0,2850.0,210.0,－－－－－－－－－－,10.0,0.0,0.0,110.0,0.0,0.0,-690.0,3370.0,yonden
2019,1,2019-01-05,20:00,3260.0,880.0,2830.0,140.0,－－－－－－－－－－,10.0,0.0,0.0,100.0,0.0,0.0,-700.0,3260.0,yonden
2019,1,2019-01-05,21:00,3100.0,880.0,2820.0,80.0,－－－－－－－－－－,10.0,0.0,0.0,90.0,0.0,0.0,-780.0,3100.0,yonden
2019,1,2019-01-05,22:00,2900.0,880.0,2670.0,80.0,－－－－－－－－－－,10.0,0.0,0.0,90.0,0.0,0.0,-830.0,2900.0,yonden
2019,1,2019-01-05,23:00,2820.0,880.0,2560.0,80.0,－－－－－－－－－－,10.0,0.0,0.0,100.0,0.0,0.0,-810.0,2820.0,yonden
2019,1,2019-01-06,00:00,2780.0,880.0,2520.0,80.0,－－－－－－－－－－,10.0,0.0,0.0,100.0,0.0,0.0,-810.0,2780.0,yonden
2019,1,2019-01-06,01:00,2880.0,880.0,2650.0,70.0,－－－－－－－－－－,10.0,0.0,0.0,90.0,0.0,0.0,-820.0,2880.0,yonden
2019,1,2019-01-06,02:00,3080.0,880.0,2920.0,100.0,－－－－－－－－－－,10.0,0.0,0.0,90.0,0.0,0.0,-920.0,3080.0,yonden
2019,1,2019-01-06,03:00,3190.0,880.0,2950.0,140.0,－－－－－－－－－－,10.0,0.0,0.0,90.0,0.0,0.0,-880.0,3190.0,yonden
2019,1,2019-01-06,04:00,3150.0,880.0,2860.0,140.0,－－－－－－－－－－,10.0,0.0,0.0,110.0,0.0,0.0,-850.0,3150.0,yonden
2019,1,2019-01-06,05:00,2970.0,880.0,2720.0,60.0,－－－－－－－－－－,10.0,0.0,0.0,120.0,0.0,0.0,-820.0,2970.0,yonden
2019,1,2019-01-06,06:00,2790.0,880.0,2530.0,90.0,－－－－－－－－－－,10.0,0.0,0.0,120.0,0.0,0.0,-840.0,2790.0,yonden
2019,1,2019-01-06,07:00,2810.0,880.0,2560.0,110.0,－－－－－－－－－－,10.0,20.0,0.0,110.0,0.0,0.0,-880.0,2810.0,yonden
2019,1,2019-01-06,08:00,3050.0,880.0,2700.0,110.0,－－－－－－－－－－,10.0,110.0,0.0,90.0,0.0,0.0,-850.0,3050.0,yonden
2019,1,2019-01-06,09:00,3220.0,880.0,2690.0,90.0,－－－－－－－－－－,10.0,290.0,0.0,70.0,0.0,0.0,-810.0,3220.0,yonden
2019,1,2019-01-06,10:00,3190.0,880.0,2660.0,90.0,－－－－－－－－－－,10.0,540.0,0.0,60.0,0.0,0.0,-1050.0,3190.0,yonden
2019,1,2019-01-06,11:00,2910.0,880.0,2550.0,80.0,－－－－－－－－－－,10.0,550.0,0.0,70.0,0.0,0.0,-1230.0,2910.0,yonden
2019,1,2019-01-06,12:00,2850.0,880.0,2570.0,70.0,－－－－－－－－－－,10.0,540.0,0.0,60.0,0.0,0.0,-1280.0,2850.0,yonden
2019,1,2019-01-06,13:00,2770.0,880.0,2470.0,70.0,－－－－－－－－－－,10.0,570.0,0.0,90.0,0.0,-60.0,-1260.0,2770.0,yonden
2019,1,2019-01-06,14:00,2700.0,880.0,2530.0,100.0,－－－－－－－－－－,10.0,580.0,0.0,80.0,0.0,-300.0,-1180.0,2700.0,yonden
2019,1,2019-01-06,15:00,2800.0,880.0,2570.0,110.0,－－－－－－－－－－,10.0,330.0,0.0,80.0,0.0,-280.0,-900.0,2800.0,yonden
2019,1,2019-01-06,16:00,3040.0,880.0,2640.0,100.0,－－－－－－－－－－,10.0,80.0,0.0,80.0,0.0,10.0,-760.0,3040.0,yonden
2019,1,2019-01-06,17:00,3380.0,880.0,2920.0,210.0,－－－－－－－－－－,10.0,0.0,0.0,80.0,0.0,40.0,-760.0,3380.0,yonden
2019,1,2019-01-06,18:00,3510.0,880.0,3010.0,310.0,－－－－－－－－－－,10.0,0.0,0.0,60.0,0.0,40.0,-800.0,3510.0,yonden
2019,1,2019-01-06,19:00,3480.0,880.0,3070.0,250.0,－－－－－－－－－－,10.0,0.0,0.0,50.0,0.0,30.0,-810.0,3480.0,yonden
2019,1,2019-01-06,20:00,3390.0,880.0,3110.0,170.0,－－－－－－－－－－,10.0,0.0,0.0,50.0,0.0,10.0,-840.0,3390.0,yonden
2019,1,2019-01-06,21:00,3220.0,880.0,3020.0,130.0,－－－－－－－－－－,10.0,0.0,0.0,60.0,0.0,0.0,-880.0,3220.0,yonden
2019,1,2019-01-06,22:00,2970.0,880.0,2780.0,130.0,－－－－－－－－－－,10.0,0.0,0.0,50.0,0.0,0.0,-880.0,2970.0,yonden
2019,1,2019-01-06,23:00,2900.0,880.0,2780.0,100.0,－－－－－－－－－－,10.0,0.0,0.0,40.0,0.0,10.0,-920.0,2900.0,yonden
2019,1,2019-01-07,00:00,2870.0,880.0,3160.0,140.0,－－－－－－－－－－,10.0,0.0,0.0,40.0,0.0,240.0,-1600.0,2870.0,yonden
2019,1,2019-01-07,01:00,2980.0,880.0,3510.0,140.0,－－－－－－－－－－,10.0,0.0,0.0,60.0,0.0,0.0,-1620.0,2980.0,yonden
2019,1,2019-01-07,02:00,3180.0,880.0,3660.0,140.0,－－－－－－－－－－,10.0,0.0,0.0,60.0,0.0,10.0,-1580.0,3180.0,yonden
2019,1,2019-01-07,03:00,3280.0,880.0,3790.0,140.0,－－－－－－－－－－,10.0,0.0,0.0,50.0,0.0,0.0,-1590.0,3280.0,yonden
2019,1,2019-01-07,04:00,3280.0,880.0,3910.0,100.0,－－－－－－－－－－,10.0,0.0,0.0,30.0,0.0,0.0,-1650.0,3280.0,yonden
2019,1,2019-01-07,05:00,3260.0,880.0,3960.0,70.0,－－－－－－－－－－,10.0,0.0,0.0,20.0,0.0,0.0,-1680.0,3260.0,yonden
2019,1,2019-01-07,06:00,3400.0,880.0,4110.0,80.0,－－－－－－－－－－,10.0,0.0,0.0,20.0,0.0,0.0,-1700.0,3400.0,yonden
2019,1,2019-01-07,07:00,3640.0,880.0,4200.0,120.0,－－－－－－－－－－,10.0,60.0,0.0,10.0,0.0,0.0,-1640.0,3640.0,yonden
2019,1,2019-01-07,08:00,3950.0,880.0,4390.0,100.0,－－－－－－－－－－,10.0,290.0,0.0,10.0,0.0,0.0,-1730.0,3950.0,yonden
2019,1,2019-01-07,09:00,3910.0,880.0,4080.0,80.0,－－－－－－－－－－,10.0,620.0,0.0,0.0,0.0,10.0,-1770.0,3910.0,yonden
2019,1,2019-01-07,10:00,3760.0,880.0,3880.0,60.0,－－－－－－－－－－,10.0,930.0,0.0,0.0,0.0,30.0,-2030.0,3760.0,yonden
2019,1,2019-01-07,11:00,3620.0,880.0,3610.0,60.0,－－－－－－－－－－,10.0,1160.0,0.0,10.0,0.0,0.0,-2110.0,3620.0,yonden
2019,1,2019-01-07,12:00,3330.0,880.0,3440.0,70.0,－－－－－－－－－－,10.0,1170.0,0.0,20.0,0.0,-280.0,-1980.0,3330.0,yonden
2019,1,2019-01-07,13:00,3440.0,880.0,3610.0,40.0,－－－－－－－－－－,10.0,1040.0,0.0,30.0,0.0,-300.0,-1870.0,3440.0,yonden
2019,1,2019-01-07,14:00,3460.0,880.0,3690.0,50.0,－－－－－－－－－－,10.0,850.0,0.0,40.0,0.0,-300.0,-1760.0,3460.0,yonden
2019,1,2019-01-07,15:00,3520.0,880.0,3800.0,90.0,－－－－－－－－－－,10.0,530.0,0.0,40.0,0.0,-130.0,-1700.0,3520.0,yonden
2019,1,2019-01-07,16:00,3710.0,890.0,4140.0,140.0,－－－－－－－－－－,10.0,180.0,0.0,50.0,0.0,0.0,-1700.0,3710.0,yonden
2019,1,2019-01-07,17:00,3880.0,880.0,4300.0,240.0,－－－－－－－－－－,10.0,0.0,0.0,60.0,0.0,30.0,-1640.0,3880.0,yonden
2019,1,2019-01-07,18:00,3970.0,880.0,4310.0,340.0,－－－－－－－－－－,10.0,0.0,0.0,60.0,0.0,40.0,-1670.0,3970.0,yonden
2019,1,2019-01-07,19:00,3870.0,890.0,4330.0,300.0,－－－－－－－－－－,10.0,0.0,0.0,70.0,0.0,10.0,-1740.0,3870.0,yonden
2019,1,2019-01-07,20:00,3720.0,890.0,4330.0,210.0,－－－－－－－－－－,10.0,0.0,0.0,60.0,0.0,0.0,-1780.0,3720.0,yonden
2019,1,2019-01-07,21:00,3510.0,890.0,4250.0,120.0,－－－－－－－－－－,10.0,0.0,0.0,40.0,0.0,0.0,-1800.0,3510.0,yonden
2019,1,2019-01-07,22:00,3240.0,890.0,4070.0,80.0,－－－－－－－－－－,10.0,0.0,0.0,40.0,0.0,0.0,-1850.0,3240.0,yonden
2019,1,2019-01-07,23:00,3090.0,890.0,4050.0,70.0,－－－－－－－－－－,10.0,0.0,0.0,30.0,0.0,0.0,-1960.0,3090.0,yonden
2019,1,2019-01-08,00:00,3010.0,890.0,4100.0,60.0,－－－－－－－－－－,10.0,0.0,0.0,20.0,0.0,0.0,-2070.0,3010.0,yonden
2019,1,2019-01-08,01:00,3120.0,890.0,4110.0,60.0,－－－－－－－－－－,10.0,0.0,0.0,30.0,0.0,0.0,-1980.0,3120.0,yonden
2019,1,2019-01-08,02:00,3310.0,890.0,4080.0,60.0,－－－－－－－－－－,10.0,0.0,0.0,40.0,0.0,0.0,-1770.0,3310.0,yonden
2019,1,2019-01-08,03:00,3410.0,890.0,4080.0,80.0,－－－－－－－－－－,10.0,0.0,0.0,40.0,0.0,0.0,-1690.0,3410.0,yonden
2019,1,2019-01-08,04:00,3420.0,890.0,4060.0,90.0,－－－－－－－－－－,10.0,0.0,0.0,40.0,0.0,0.0,-1670.0,3420.0,yonden
2019,1,2019-01-08,05:00,3370.0,890.0,4020.0,80.0,－－－－－－－－－－,10.0,0.0,0.0,50.0,0.0,0.0,-1680.0,3370.0,yonden
2019,1,2019-01-08,06:00,3510.0,890.0,4160.0,100.0,－－－－－－－－－－,10.0,0.0,0.0,50.0,0.0,0.0,-1700.0,3510.0,yonden
2019,1,2019-01-08,07:00,3680.0,890.0,4350.0,170.0,－－－－－－－－－－,10.0,40.0,0.0,50.0,0.0,0.0,-1830.0,3680.0,yonden
2019,1,2019-01-08,08:00,4060.0,890.0,4650.0,180.0,－－－－－－－－－－,10.0,180.0,0.0,40.0,0.0,60.0,-1950.0,4060.0,yonden
2019,1,2019-01-08,09:00,4050.0,890.0,4570.0,120.0,－－－－－－－－－－,10.0,450.0,0.0,30.0,0.0,90.0,-2110.0,4050.0,yonden
2019,1,2019-01-08,10:00,3820.0,890.0,4240.0,90.0,－－－－－－－－－－,10.0,820.0,0.0,40.0,0.0,0.0,-2270.0,3820.0,yonden
2019,1,2019-01-08,11:00,3690.0,890.0,4050.0,90.0,－－－－－－－－－－,10.0,910.0,0.0,60.0,0.0,-100.0,-2220.0,3690.0,yonden
2019,1,2019-01-08,12:00,3430.0,890.0,3880.0,80.0,－－－－－－－－－－,10.0,940.0,0.0,80.0,0.0,-300.0,-2150.0,3430.0,yonden
2019,1,2019-01-08,13:00,3580.0,890.0,3840.0,60.0,－－－－－－－－－－,10.0,1020.0,0.0,100.0,0.0,-200.0,-2140.0,3580.0,yonden
2019,1,2019-01-08,14:00,3550.0,890.0,3790.0,60.0,－－－－－－－－－－,10.0,800.0,0.0,110.0,0.0,0.0,-2110.0,3550.0,yonden
2019,1,2019-01-08,15:00,3580.0,890.0,4020.0,120.0,－－－－－－－－－－,10.0,490.0,0.0,110.0,0.0,10.0,-2070.0,3580.0,yonden
2019,1,2019-01-08,16:00,3740.0,890.0,4300.0,200.0,－－－－－－－－－－,10.0,160.0,0.0,120.0,0.0,150.0,-2090.0,3740.0,yonden
2019,1,2019-01-08,17:00,3920.0,890.0,4370.0,250.0,－－－－－－－－－－,10.0,0.0,0.0,120.0,0.0,170.0,-1890.0,3920.0,yonden
2019,1,2019-01-08,18:00,4030.0,890.0,4440.0,290.0,－－－－－－－－－－,10.0,0.0,0.0,120.0,0.0,160.0,-1880.0,4030.0,yonden
2019,1,2019-01-08,19:00,3890.0,890.0,4370.0,280.0,－－－－－－－－－－,10.0,0.0,0.0,130.0,0.0,60.0,-1850.0,3890.0,yonden
2019,1,2019-01-08,20:00,3750.0,890.0,4280.0,240.0,－－－－－－－－－－,10.0,0.0,0.0,130.0,0.0,0.0,-1800.0,3750.0,yonden
2019,1,2019-01-08,21:00,3530.0,890.0,4200.0,140.0,－－－－－－－－－－,10.0,0.0,0.0,140.0,0.0,0.0,-1850.0,3530.0,yonden
2019,1,2019-01-08,22:00,3260.0,890.0,4140.0,90.0,－－－－－－－－－－,10.0,0.0,0.0,150.0,0.0,0.0,-2020.0,3260.0,yonden
2019,1,2019-01-08,23:00,3100.0,890.0,4120.0,70.0,－－－－－－－－－－,10.0,0.0,0.0,150.0,0.0,0.0,-2140.0,3100.0,yonden
2019,1,2019-01-09,00:00,2970.0,890.0,3710.0,60.0,－－－－－－－－－－,10.0,0.0,0.0,150.0,0.0,0.0,-1850.0,2970.0,yonden
2019,1,2019-01-09,01:00,3050.0,890.0,3720.0,60.0,－－－－－－－－－－,10.0,0.0,0.0,150.0,0.0,0.0,-1780.0,3050.0,yonden
2019,1,2019-01-09,02:00,3280.0,890.0,3900.0,60.0,－－－－－－－－－－,10.0,0.0,0.0,160.0,0.0,0.0,-1740.0,3280.0,yonden
2019,1,2019-01-09,03:00,3410.0,890.0,4020.0,90.0,－－－－－－－－－－,10.0,0.0,0.0,160.0,0.0,0.0,-1760.0,3410.0,yonden
2019,1,2019-01-09,04:00,3420.0,890.0,4030.0,80.0,－－－－－－－－－－,10.0,0.0,0.0,160.0,0.0,0.0,-1750.0,3420.0,yonden
2019,1,2019-01-09,05:00,3400.0,890.0,4010.0,60.0,－－－－－－－－－－,10.0,0.0,0.0,160.0,0.0,0.0,-1730.0,3400.0,yonden
2019,1,2019-01-09,06:00,3550.0,890.0,4080.0,100.0,－－－－－－－－－－,10.0,0.0,0.0,160.0,0.0,0.0,-1690.0,3550.0,yonden
2019,1,2019-01-09,07:00,3740.0,890.0,4200.0,140.0,－－－－－－－－－－,10.0,60.0,0.0,150.0,0.0,0.0,-1710.0,3740.0,yonden
2019,1,2019-01-09,08:00,4090.0,890.0,4370.0,180.0,－－－－－－－－－－,10.0,230.0,0.0,130.0,0.0,10.0,-1730.0,4090.0,yonden
2019,1,2019-01-09,09:00,4040.0,890.0,4150.0,160.0,－－－－－－－－－－,10.0,400.0,0.0,120.0,0.0,10.0,-1700.0,4040.0,yonden
2019,1,2019-01-09,10:00,3820.0,890.0,3720.0,100.0,－－－－－－－－－－,10.0,730.0,0.0,100.0,0.0,0.0,-1730.0,3820.0,yonden
2019,1,2019-01-09,11:00,3730.0,890.0,3440.0,90.0,－－－－－－－－－－,10.0,930.0,0.0,90.0,0.0,0.0,-1720.0,3730.0,yonden
2019,1,2019-01-09,12:00,3520.0,890.0,3430.0,120.0,－－－－－－－－－－,10.0,830.0,0.0,90.0,0.0,0.0,-1850.0,3520.0,yonden
2019,1,2019-01-09,13:00,3720.0,890.0,3760.0,110.0,－－－－－－－－－－,10.0,740.0,0.0,80.0,0.0,0.0,-1870.0,3720.0,yonden
2019,1,2019-01-09,14:00,3700.0,890.0,3800.0,110.0,－－－－－－－－－－,10.0,610.0,0.0,80.0,0.0,0.0,-1800.0,3700.0,yonden
2019,1,2019-01-09,15:00,3880.0,890.0,4130.0,150.0,－－－－－－－－－－,10.0,370.0,0.0,70.0,0.0,0.0,-1740.0,3880.0,yonden
2019,1,2019-01-09,16:00,4070.0,890.0,4540.0,210.0,－－－－－－－－－－,10.0,80.0,0.0,60.0,0.0,30.0,-1750.0,4070.0,yonden
2019,1,2019-01-09,17:00,4230.0,890.0,4660.0,240.0,－－－－－－－－－－,10.0,0.0,0.0,50.0,0.0,70.0,-1690.0,4230.0,yonden
2019,1,2019-01-09,18:00,4280.0,890.0,4640.0,280.0,－－－－－－－－－－,10.0,0.0,0.0,40.0,0.0,160.0,-1740.0,4280.0,yonden
2019,1,2019-01-09,19:00,4150.0,890.0,4620.0,290.0,－－－－－－－－－－,10.0,0.0,0.0,30.0,0.0,40.0,-1730.0,4150.0,yonden
2019,1,2019-01-09,20:00,3980.0,890.0,4490.0,250.0,－－－－－－－－－－,10.0,0.0,0.0,20.0,0.0,0.0,-1680.0,3980.0,yonden
2019,1,2019-01-09,21:00,3740.0,890.0,4400.0,200.0,－－－－－－－－－－,10.0,0.0,0.0,10.0,0.0,0.0,-1770.0,3740.0,yonden
2019,1,2019-01-09,22:00,3450.0,890.0,4080.0,100.0,－－－－－－－－－－,10.0,0.0,0.0,10.0,0.0,0.0,-1640.0,3450.0,yonden
2019,1,2019-01-09,23:00,3360.0,890.0,4020.0,80.0,－－－－－－－－－－,10.0,0.0,0.0,10.0,0.0,0.0,-1650.0,3360.0,yonden
2019,1,2019-01-10,00:00,3320.0,890.0,3950.0,60.0,－－－－－－－－－－,10.0,0.0,0.0,10.0,0.0,0.0,-1600.0,3320.0,yonden
2019,1,2019-01-10,01:00,3400.0,890.0,4040.0,80.0,－－－－－－－－－－,10.0,0.0,0.0,0.0,0.0,0.0,-1620.0,3400.0,yonden
2019,1,2019-01-10,02:00,3570.0,890.0,4190.0,90.0,－－－－－－－－－－,10.0,0.0,0.0,0.0,0.0,0.0,-1610.0,3570.0,yonden
2019,1,2019-01-10,03:00,3640.0,890.0,4180.0,90.0,－－－－－－－－－－,10.0,0.0,0.0,0.0,0.0,0.0,-1530.0,3640.0,yonden
2019,1,2019-01-10,04:00,3600.0,890.0,4140.0,90.0,－－－－－－－－－－,10.0,0.0,0.0,0.0,0.0,0.0,-1530.0,3600.0,yonden
2019,1,2019-01-10,05:00,3530.0,890.0,4170.0,70.0,－－－－－－－－－－,10.0,0.0,0.0,0.0,0.0,0.0,-1610.0,3530.0,yonden
2019,1,2019-01-10,06:00,3720.0,890.0,4270.0,110.0,－－－－－－－－－－,10.0,0.0,0.0,0.0,0.0,0.0,-1560.0,3720.0,yonden
2019,1,2019-01-10,07:00,3950.0,890.0,4320.0,190.0,－－－－－－－－－－,10.0,20.0,0.0,0.0,0.0,10.0,-1490.0,3950.0,yonden
2019,1,2019-01-10,08:00,4410.0,890.0,4600.0,210.0,－－－－－－－－－－,10.0,80.0,0.0,0.0,0.0,140.0,-1520.0,4410.0,yonden
2019,1,2019-01-10,09:00,4480.0,890.0,4630.0,230.0,－－－－－－－－－－,10.0,100.0,0.0,10.0,0.0,170.0,-1560.0,4480.0,yonden
2019,1,2019-01-10,10:00,4210.0,890.0,4480.0,120.0,－－－－－－－－－－,10.0,300.0,0.0,10.0,0.0,40.0,-1640.0,4210.0,yonden
2019,1,2019-01-10,11:00,4030.0,890.0,4280.0,60.0,－－－－－－－－－－,10.0,460.0,0.0,10.0,0.0,0.0,-1680.0,4030.0,yonden
2019,1,2019-01-10,12:00,3760.0,890.0,4020.0,70.0,－－－－－－－－－－,10.0,470.0,0.0,20.0,0.0,0.0,-1720.0,3760.0,yonden
2019,1,2019-01-10,13:00,3860.0,890.0,4390.0,60.0,－－－－－－－－－－,10.0,340.0,0.0,20.0,0.0,0.0,-1850.0,3860.0,yonden
2019,1,2019-01-10,14:00,3850.0,890.0,4340.0,100.0,－－－－－－－－－－,10.0,300.0,0.0,20.0,0.0,0.0,-1810.0,3850.0,yonden
2019,1,2019-01-10,15:00,3940.0,890.0,4410.0,160.0,－－－－－－－－－－,10.0,190.0,0.0,10.0,0.0,10.0,-1740.0,3940.0,yonden
2019,1,2019-01-10,16:00,4100.0,890.0,4520.0,190.0,－－－－－－－－－－,10.0,60.0,0.0,30.0,0.0,10.0,-1610.0,4100.0,yonden
2019,1,2019-01-10,17:00,4220.0,890.0,4610.0,230.0,－－－－－－－－－－,10.0,0.0,0.0,70.0,0.0,10.0,-1600.0,4220.0,yonden
2019,1,2019-01-10,18:00,4230.0,890.0,4610.0,290.0,－－－－－－－－－－,10.0,0.0,0.0,80.0,0.0,30.0,-1680.0,4230.0,yonden
2019,1,2019-01-10,19:00,4030.0,890.0,4430.0,290.0,－－－－－－－－－－,10.0,0.0,0.0,80.0,0.0,10.0,-1680.0,4030.0,yonden
2019,1,2019-01-10,20:00,3830.0,890.0,4280.0,200.0,－－－－－－－－－－,10.0,0.0,0.0,80.0,0.0,0.0,-1630.0,3830.0,yonden
2019,1,2019-01-10,21:00,3580.0,890.0,4140.0,150.0,－－－－－－－－－－,10.0,0.0,0.0,100.0,0.0,0.0,-1710.0,3580.0,yonden
2019,1,2019-01-10,22:00,3290.0,890.0,3820.0,80.0,－－－－－－－－－－,10.0,0.0,0.0,130.0,0.0,0.0,-1640.0,3290.0,yonden
2019,1,2019-01-10,23:00,3120.0,890.0,3670.0,60.0,－－－－－－－－－－,10.0,0.0,0.0,130.0,0.0,0.0,-1640.0,3120.0,yonden
2019,1,2019-01-11,00:00,2990.0,890.0,3530.0,60.0,－－－－－－－－－－,10.0,0.0,0.0,140.0,0.0,0.0,-1640.0,2990.0,yonden
2019,1,2019-01-11,01:00,3070.0,890.0,3600.0,50.0,－－－－－－－－－－,10.0,0.0,0.0,140.0,0.0,0.0,-1620.0,3070.0,yonden
2019,1,2019-01-11,02:00,3270.0,890.0,3810.0,50.0,－－－－－－－－－－,10.0,0.0,0.0,130.0,0.0,0.0,-1620.0,3270.0,yonden
2019,1,2019-01-11,03:00,3380.0,890.0,3860.0,60.0,－－－－－－－－－－,10.0,0.0,0.0,130.0,0.0,0.0,-1570.0,3380.0,yonden
2019,1,2019-01-11,04:00,3410.0,890.0,3910.0,50.0,－－－－－－－－－－,10.0,0.0,0.0,120.0,0.0,0.0,-1570.0,3410.0,yonden
2019,1,2019-01-11,05:00,3390.0,890.0,3940.0,70.0,－－－－－－－－－－,10.0,0.0,0.0,90.0,0.0,0.0,-1610.0,3390.0,yonden
2019,1,2019-01-11,06:00,3500.0,890.0,4040.0,100.0,－－－－－－－－－－,10.0,0.0,0.0,60.0,0.0,0.0,-1600.0,3500.0,yonden
2019,1,2019-01-11,07:00,3650.0,890.0,3990.0,150.0,－－－－－－－－－－,10.0,40.0,0.0,50.0,0.0,0.0,-1480.0,3650.0,yonden
2019,1,2019-01-11,08:00,4010.0,890.0,4160.0,140.0,－－－－－－－－－－,10.0,210.0,0.0,30.0,0.0,0.0,-1430.0,4010.0,yonden
2019,1,2019-01-11,09:00,3940.0,890.0,4140.0,130.0,－－－－－－－－－－,10.0,410.0,0.0,30.0,0.0,0.0,-1670.0,3940.0,yonden
2019,1,2019-01-11,10:00,3830.0,890.0,4110.0,60.0,－－－－－－－－－－,10.0,620.0,0.0,30.0,0.0,0.0,-1890.0,3830.0,yonden
2019,1,2019-01-11,11:00,3730.0,880.0,3900.0,60.0,－－－－－－－－－－,10.0,930.0,0.0,20.0,0.0,0.0,-2070.0,3730.0,yonden
2019,1,2019-01-11,12:00,3460.0,890.0,3710.0,70.0,－－－－－－－－－－,10.0,890.0,0.0,20.0,0.0,0.0,-2130.0,3460.0,yonden
2019,1,2019-01-11,13:00,3560.0,880.0,4010.0,60.0,－－－－－－－－－－,10.0,710.0,0.0,20.0,0.0,0.0,-2130.0,3560.0,yonden
2019,1,2019-01-11,14:00,3600.0,890.0,4140.0,120.0,－－－－－－－－－－,10.0,460.0,0.0,30.0,0.0,0.0,-2050.0,3600.0,yonden
2019,1,2019-01-11,15:00,3620.0,880.0,4020.0,180.0,－－－－－－－－－－,10.0,280.0,0.0,30.0,0.0,10.0,-1790.0,3620.0,yonden
2019,1,2019-01-11,16:00,3760.0,890.0,4120.0,200.0,－－－－－－－－－－,10.0,90.0,0.0,20.0,0.0,10.0,-1580.0,3760.0,yonden
2019,1,2019-01-11,17:00,3920.0,890.0,4080.0,230.0,－－－－－－－－－－,10.0,0.0,0.0,20.0,0.0,130.0,-1440.0,3920.0,yonden
2019,1,2019-01-11,18:00,3980.0,890.0,4020.0,270.0,－－－－－－－－－－,10.0,0.0,0.0,20.0,0.0,160.0,-1390.0,3980.0,yonden
2019,1,2019-01-11,19:00,3850.0,890.0,4070.0,280.0,－－－－－－－－－－,10.0,0.0,0.0,20.0,0.0,10.0,-1430.0,3850.0,yonden
2019,1,2019-01-11,20:00,3710.0,890.0,4080.0,210.0,－－－－－－－－－－,10.0,0.0,0.0,10.0,0.0,0.0,-1490.0,3710.0,yonden
2019,1,2019-01-11,21:00,3500.0,890.0,4090.0,160.0,－－－－－－－－－－,10.0,0.0,0.0,10.0,0.0,0.0,-1660.0,3500.0,yonden
2019,1,2019-01-11,22:00,3240.0,890.0,3880.0,100.0,－－－－－－－－－－,10.0,0.0,0.0,10.0,0.0,0.0,-1650.0,3240.0,yonden
2019,1,2019-01-11,23:00,3110.0,890.0,3810.0,80.0,－－－－－－－－－－,10.0,0.0,0.0,10.0,0.0,0.0,-1690.0,3110.0,yonden
2019,1,2019-01-12,00:00,3000.0,890.0,3750.0,60.0,－－－－－－－－－－,10.0,0.0,0.0,10.0,0.0,0.0,-1720.0,3000.0,yonden
2019,1,2019-01-12,01:00,3060.0,890.0,3670.0,50.0,－－－－－－－－－－,10.0,0.0,0.0,10.0,0.0,0.0,-1570.0,3060.0,yonden
2019,1,2019-01-12,02:00,3230.0,890.0,3670.0,50.0,－－－－－－－－－－,10.0,0.0,0.0,10.0,0.0,0.0,-1400.0,3230.0,yonden
2019,1,2019-01-12,03:00,3350.0,890.0,3780.0,60.0,－－－－－－－－－－,10.0,0.0,0.0,0.0,0.0,0.0,-1390.0,3350.0,yonden
2019,1,2019-01-12,04:00,3340.0,890.0,3770.0,50.0,－－－－－－－－－－,10.0,0.0,0.0,0.0,0.0,0.0,-1380.0,3340.0,yonden
2019,1,2019-01-12,05:00,3210.0,890.0,3640.0,40.0,－－－－－－－－－－,10.0,0.0,0.0,10.0,0.0,0.0,-1380.0,3210.0,yonden
2019,1,2019-01-12,06:00,3130.0,890.0,3630.0,70.0,－－－－－－－－－－,10.0,0.0,0.0,10.0,0.0,0.0,-1480.0,3130.0,yonden
2019,1,2019-01-12,07:00,3260.0,890.0,3610.0,100.0,－－－－－－－－－－,10.0,20.0,0.0,10.0,0.0,0.0,-1380.0,3260.0,yonden
2019,1,2019-01-12,08:00,3730.0,890.0,3880.0,110.0,－－－－－－－－－－,10.0,70.0,0.0,20.0,0.0,10.0,-1260.0,3730.0,yonden
2019,1,2019-01-12,09:00,3840.0,890.0,3890.0,140.0,－－－－－－－－－－,10.0,90.0,0.0,40.0,0.0,20.0,-1240.0,3840.0,yonden
2019,1,2019-01-12,10:00,3800.0,890.0,3860.0,100.0,－－－－－－－－－－,10.0,150.0,0.0,40.0,0.0,0.0,-1250.0,3800.0,yonden
2019,1,2019-01-12,11:00,3720.0,890.0,3790.0,70.0,－－－－－－－－－－,10.0,170.0,0.0,40.0,0.0,0.0,-1250.0,3720.0,yonden
2019,1,2019-01-12,12:00,3600.0,890.0,3760.0,80.0,－－－－－－－－－－,10.0,130.0,0.0,50.0,0.0,0.0,-1320.0,3600.0,yonden
2019,1,2019-01-12,13:00,3640.0,890.0,3860.0,80.0,－－－－－－－－－－,10.0,120.0,0.0,50.0,0.0,0.0,-1370.0,3640.0,yonden
2019,1,2019-01-12,14:00,3570.0,890.0,3800.0,90.0,－－－－－－－－－－,10.0,110.0,0.0,50.0,0.0,0.0,-1380.0,3570.0,yonden
2019,1,2019-01-12,15:00,3550.0,890.0,3710.0,90.0,－－－－－－－－－－,10.0,80.0,0.0,50.0,0.0,0.0,-1280.0,3550.0,yonden
2019,1,2019-01-12,16:00,3600.0,890.0,3780.0,90.0,－－－－－－－－－－,10.0,30.0,0.0,60.0,0.0,0.0,-1260.0,3600.0,yonden
2019,1,2019-01-12,17:00,3740.0,890.0,3930.0,130.0,－－－－－－－－－－,10.0,0.0,0.0,70.0,0.0,0.0,-1290.0,3740.0,yonden
2019,1,2019-01-12,18:00,3780.0,890.0,3910.0,210.0,－－－－－－－－－－,10.0,0.0,0.0,80.0,0.0,0.0,-1320.0,3780.0,yonden
2019,1,2019-01-12,19:00,3670.0,880.0,3890.0,180.0,－－－－－－－－－－,10.0,0.0,0.0,60.0,0.0,0.0,-1350.0,3670.0,yonden
2019,1,2019-01-12,20:00,3540.0,890.0,3740.0,150.0,－－－－－－－－－－,10.0,0.0,0.0,40.0,0.0,10.0,-1300.0,3540.0,yonden
2019,1,2019-01-12,21:00,3360.0,890.0,3660.0,110.0,－－－－－－－－－－,10.0,0.0,0.0,40.0,0.0,10.0,-1360.0,3360.0,yonden
2019,1,2019-01-12,22:00,3130.0,880.0,3620.0,70.0,－－－－－－－－－－,10.0,0.0,0.0,40.0,0.0,0.0,-1490.0,3130.0,yonden
2019,1,2019-01-12,23:00,3040.0,890.0,3560.0,100.0,－－－－－－－－－－,10.0,0.0,0.0,40.0,0.0,0.0,-1560.0,3040.0,yonden
2019,1,2019-01-13,00:00,3000.0,890.0,3540.0,70.0,－－－－－－－－－－,10.0,0.0,0.0,30.0,0.0,0.0,-1540.0,3000.0,yonden
2019,1,2019-01-13,01:00,3090.0,890.0,3480.0,60.0,－－－－－－－－－－,10.0,0.0,0.0,40.0,0.0,0.0,-1390.0,3090.0,yonden
2019,1,2019-01-13,02:00,3280.0,890.0,3500.0,110.0,－－－－－－－－－－,10.0,0.0,0.0,30.0,0.0,0.0,-1260.0,3280.0,yonden
2019,1,2019-01-13,03:00,3360.0,890.0,3510.0,160.0,－－－－－－－－－－,10.0,0.0,0.0,50.0,0.0,0.0,-1260.0,3360.0,yonden
2019,1,2019-01-13,04:00,3320.0,890.0,3540.0,140.0,－－－－－－－－－－,10.0,0.0,0.0,50.0,0.0,10.0,-1320.0,3320.0,yonden
2019,1,2019-01-13,05:00,3170.0,890.0,3540.0,110.0,－－－－－－－－－－,10.0,0.0,0.0,40.0,0.0,10.0,-1430.0,3170.0,yonden
2019,1,2019-01-13,06:00,3020.0,890.0,3530.0,120.0,－－－－－－－－－－,10.0,0.0,0.0,40.0,0.0,0.0,-1570.0,3020.0,yonden
2019,1,2019-01-13,07:00,3040.0,890.0,3420.0,100.0,－－－－－－－－－－,10.0,60.0,0.0,50.0,0.0,0.0,-1490.0,3040.0,yonden
2019,1,2019-01-13,08:00,3140.0,890.0,3280.0,50.0,－－－－－－－－－－,10.0,310.0,0.0,50.0,0.0,0.0,-1450.0,3140.0,yonden
2019,1,2019-01-13,09:00,2970.0,890.0,3080.0,90.0,－－－－－－－－－－,10.0,690.0,0.0,40.0,0.0,0.0,-1830.0,2970.0,yonden
2019,1,2019-01-13,10:00,2800.0,890.0,2990.0,80.0,－－－－－－－－－－,10.0,1040.0,0.0,40.0,0.0,-190.0,-2060.0,2800.0,yonden
2019,1,2019-01-13,11:00,2710.0,890.0,2870.0,70.0,－－－－－－－－－－,10.0,1230.0,0.0,50.0,0.0,-300.0,-2110.0,2710.0,yonden
2019,1,2019-01-13,12:00,2650.0,890.0,2780.0,70.0,－－－－－－－－－－,10.0,1280.0,0.0,50.0,0.0,-300.0,-2130.0,2650.0,yonden
2019,1,2019-01-13,13:00,2580.0,890.0,2690.0,60.0,－－－－－－－－－－,10.0,1210.0,0.0,50.0,0.0,-300.0,-2030.0,2580.0,yonden
2019,1,2019-01-13,14:00,2530.0,890.0,2840.0,140.0,－－－－－－－－－－,10.0,940.0,0.0,60.0,0.0,-300.0,-2050.0,2530.0,yonden
2019,1,2019-01-13,15:00,2630.0,890.0,3180.0,130.0,－－－－－－－－－－,10.0,600.0,0.0,50.0,0.0,-230.0,-2000.0,2630.0,yonden
2019,1,2019-01-13,16:00,2870.0,890.0,3380.0,80.0,－－－－－－－－－－,10.0,230.0,0.0,40.0,0.0,0.0,-1760.0,2870.0,yonden
2019,1,2019-01-13,17:00,3190.0,890.0,3520.0,120.0,－－－－－－－－－－,10.0,0.0,0.0,30.0,0.0,0.0,-1380.0,3190.0,yonden
2019,1,2019-01-13,18:00,3400.0,890.0,3650.0,170.0,－－－－－－－－－－,10.0,0.0,0.0,30.0,0.0,70.0,-1420.0,3400.0,yonden
2019,1,2019-01-13,19:00,3360.0,890.0,3520.0,130.0,－－－－－－－－－－,10.0,0.0,0.0,20.0,0.0,170.0,-1380.0,3360.0,yonden
2019,1,2019-01-13,20:00,3300.0,890.0,3560.0,110.0,－－－－－－－－－－,10.0,0.0,0.0,20.0,0.0,100.0,-1390.0,3300.0,yonden
2019,1,2019-01-13,21:00,3170.0,890.0,3570.0,110.0,－－－－－－－－－－,10.0,0.0,0.0,20.0,0.0,0.0,-1430.0,3170.0,yonden
2019,1,2019-01-13,22:00,2970.0,890.0,3490.0,60.0,－－－－－－－－－－,10.0,0.0,0.0,20.0,0.0,0.0,-1500.0,2970.0,yonden
2019,1,2019-01-13,23:00,2920.0,890.0,3500.0,60.0,－－－－－－－－－－,10.0,0.0,0.0,20.0,0.0,0.0,-1560.0,2920.0,yonden
2019,1,2019-01-14,00:00,2920.0,880.0,3320.0,60.0,－－－－－－－－－－,10.0,0.0,0.0,10.0,0.0,0.0,-1360.0,2920.0,yonden
2019,1,2019-01-14,01:00,3010.0,890.0,3350.0,50.0,－－－－－－－－－－,10.0,0.0,0.0,10.0,0.0,0.0,-1300.0,3010.0,yonden
2019,1,2019-01-14,02:00,3200.0,880.0,3450.0,70.0,－－－－－－－－－－,10.0,0.0,0.0,10.0,0.0,0.0,-1220.0,3200.0,yonden
2019,1,2019-01-14,03:00,3290.0,880.0,3450.0,130.0,－－－－－－－－－－,10.0,0.0,0.0,10.0,0.0,20.0,-1210.0,3290.0,yonden
2019,1,2019-01-14,04:00,3260.0,890.0,3410.0,130.0,－－－－－－－－－－,10.0,0.0,0.0,20.0,0.0,30.0,-1230.0,3260.0,yonden
2019,1,2019-01-14,05:00,3160.0,880.0,3460.0,80.0,－－－－－－－－－－,10.0,0.0,0.0,20.0,0.0,0.0,-1290.0,3160.0,yonden
2019,1,2019-01-14,06:00,3100.0,890.0,3540.0,90.0,－－－－－－－－－－,10.0,0.0,0.0,20.0,0.0,0.0,-1450.0,3100.0,yonden
2019,1,2019-01-14,07:00,3240.0,890.0,3600.0,100.0,－－－－－－－－－－,10.0,70.0,0.0,20.0,0.0,0.0,-1450.0,3240.0,yonden
2019,1,2019-01-14,08:00,3420.0,890.0,3640.0,80.0,－－－－－－－－－－,10.0,330.0,0.0,10.0,0.0,0.0,-1540.0,3420.0,yonden
2019,1,2019-01-14,09:00,3280.0,890.0,3510.0,80.0,－－－－－－－－－－,10.0,710.0,0.0,0.0,0.0,0.0,-1920.0,3280.0,yonden
2019,1,2019-01-14,10:00,3110.0,890.0,3260.0,80.0,－－－－－－－－－－,10.0,1070.0,0.0,0.0,0.0,-200.0,-2000.0,3110.0,yonden
2019,1,2019-01-14,11:00,2980.0,890.0,3170.0,80.0,－－－－－－－－－－,10.0,1250.0,0.0,10.0,0.0,-300.0,-2130.0,2980.0,yonden
2019,1,2019-01-14,12:00,2850.0,890.0,3070.0,80.0,－－－－－－－－－－,10.0,1280.0,0.0,20.0,0.0,-300.0,-2200.0,2850.0,yonden
2019,1,2019-01-14,13:00,2850.0,890.0,3120.0,70.0,－－－－－－－－－－,10.0,1180.0,0.0,20.0,0.0,-300.0,-2140.0,2850.0,yonden
2019,1,2019-01-14,14:00,2850.0,890.0,3140.0,60.0,－－－－－－－－－－,10.0,950.0,0.0,20.0,0.0,-230.0,-1990.0,2850.0,yonden
2019,1,2019-01-14,15:00,2920.0,890.0,3250.0,70.0,－－－－－－－－－－,10.0,600.0,0.0,30.0,0.0,0.0,-1930.0,2920.0,yonden
2019,1,2019-01-14,16:00,3150.0,890.0,3430.0,110.0,－－－－－－－－－－,10.0,240.0,0.0,20.0,0.0,0.0,-1550.0,3150.0,yonden
2019,1,2019-01-14,17:00,3410.0,890.0,3550.0,140.0,－－－－－－－－－－,10.0,0.0,0.0,10.0,0.0,60.0,-1250.0,3410.0,yonden
2019,1,2019-01-14,18:00,3590.0,890.0,3600.0,150.0,－－－－－－－－－－,10.0,0.0,0.0,10.0,0.0,200.0,-1270.0,3590.0,yonden
2019,1,2019-01-14,19:00,3540.0,890.0,3670.0,150.0,－－－－－－－－－－,10.0,0.0,0.0,0.0,0.0,70.0,-1250.0,3540.0,yonden
2019,1,2019-01-14,20:00,3470.0,890.0,3710.0,130.0,－－－－－－－－－－,10.0,0.0,0.0,0.0,0.0,0.0,-1270.0,3470.0,yonden
2019,1,2019-01-14,21:00,3310.0,890.0,3640.0,90.0,－－－－－－－－－－,10.0,0.0,0.0,0.0,0.0,0.0,-1320.0,3310.0,yonden
2019,1,2019-01-14,22:00,3080.0,890.0,3610.0,60.0,－－－－－－－－－－,10.0,0.0,0.0,10.0,0.0,0.0,-1500.0,3080.0,yonden
2019,1,2019-01-14,23:00,3000.0,890.0,3620.0,60.0,－－－－－－－－－－,10.0,0.0,0.0,10.0,0.0,0.0,-1590.0,3000.0,yonden
2019,1,2019-01-15,00:00,3010.0,890.0,3660.0,60.0,－－－－－－－－－－,10.0,0.0,0.0,20.0,0.0,0.0,-1630.0,3010.0,yonden
2019,1,2019-01-15,01:00,3100.0,890.0,3740.0,50.0,－－－－－－－－－－,10.0,0.0,0.0,20.0,0.0,0.0,-1610.0,3100.0,yonden
2019,1,2019-01-15,02:00,3300.0,890.0,3770.0,60.0,－－－－－－－－－－,10.0,0.0,0.0,30.0,0.0,0.0,-1460.0,3300.0,yonden
2019,1,2019-01-15,03:00,3380.0,890.0,3740.0,100.0,－－－－－－－－－－,10.0,0.0,0.0,40.0,0.0,0.0,-1400.0,3380.0,yonden
2019,1,2019-01-15,04:00,3370.0,890.0,3740.0,90.0,－－－－－－－－－－,10.0,0.0,0.0,30.0,0.0,0.0,-1390.0,3370.0,yonden
2019,1,2019-01-15,05:00,3330.0,890.0,3750.0,80.0,－－－－－－－－－－,10.0,0.0,0.0,30.0,0.0,10.0,-1440.0,3330.0,yonden
2019,1,2019-01-15,06:00,3490.0,890.0,3900.0,100.0,－－－－－－－－－－,10.0,0.0,0.0,30.0,0.0,0.0,-1440.0,3490.0,yonden
2019,1,2019-01-15,07:00,3700.0,890.0,4080.0,160.0,－－－－－－－－－－,10.0,30.0,0.0,20.0,0.0,10.0,-1500.0,3700.0,yonden
2019,1,2019-01-15,08:00,4160.0,890.0,4210.0,140.0,－－－－－－－－－－,10.0,100.0,0.0,20.0,0.0,130.0,-1340.0,4160.0,yonden
2019,1,2019-01-15,09:00,4290.0,890.0,4220.0,160.0,－－－－－－－－－－,10.0,150.0,0.0,20.0,0.0,260.0,-1420.0,4290.0,yonden
2019,1,2019-01-15,10:00,4110.0,890.0,4250.0,130.0,－－－－－－－－－－,10.0,220.0,0.0,20.0,0.0,90.0,-1500.0,4110.0,yonden
2019,1,2019-01-15,11:00,3950.0,890.0,4250.0,100.0,－－－－－－－－－－,10.0,310.0,0.0,20.0,0.0,0.0,-1630.0,3950.0,yonden
2019,1,2019-01-15,12:00,3660.0,890.0,3940.0,90.0,－－－－－－－－－－,10.0,450.0,0.0,10.0,0.0,0.0,-1730.0,3660.0,yonden
2019,1,2019-01-15,13:00,3770.0,890.0,3960.0,80.0,－－－－－－－－－－,10.0,420.0,0.0,20.0,0.0,0.0,-1610.0,3770.0,yonden
2019,1,2019-01-15,14:00,3760.0,890.0,3970.0,70.0,－－－－－－－－－－,10.0,440.0,0.0,50.0,0.0,0.0,-1670.0,3760.0,yonden
2019,1,2019-01-15,15:00,3750.0,890.0,4180.0,90.0,－－－－－－－－－－,10.0,280.0,0.0,60.0,0.0,0.0,-1760.0,3750.0,yonden
2019,1,2019-01-15,16:00,3840.0,890.0,4370.0,100.0,－－－－－－－－－－,10.0,100.0,0.0,70.0,0.0,0.0,-1700.0,3840.0,yonden
2019,1,2019-01-15,17:00,3980.0,890.0,4370.0,190.0,－－－－－－－－－－,10.0,0.0,0.0,90.0,0.0,0.0,-1570.0,3980.0,yonden
2019,1,2019-01-15,18:00,4050.0,890.0,4450.0,240.0,－－－－－－－－－－,10.0,0.0,0.0,90.0,0.0,0.0,-1630.0,4050.0,yonden
2019,1,2019-01-15,19:00,3910.0,890.0,4420.0,240.0,－－－－－－－－－－,10.0,0.0,0.0,110.0,0.0,0.0,-1760.0,3910.0,yonden
2019,1,2019-01-15,20:00,3740.0,890.0,4310.0,210.0,－－－－－－－－－－,10.0,0.0,0.0,120.0,0.0,0.0,-1800.0,3740.0,yonden
2019,1,2019-01-15,21:00,3510.0,890.0,4190.0,130.0,－－－－－－－－－－,10.0,0.0,0.0,100.0,0.0,0.0,-1810.0,3510.0,yonden
2019,1,2019-01-15,22:00,3240.0,890.0,3840.0,80.0,－－－－－－－－－－,10.0,0.0,0.0,110.0,0.0,0.0,-1690.0,3240.0,yonden
2019,1,2019-01-15,23:00,3080.0,890.0,3710.0,60.0,－－－－－－－－－－,10.0,0.0,0.0,110.0,0.0,0.0,-1700.0,3080.0,yonden
2019,1,2019-01-16,00:00,2970.0,890.0,3690.0,50.0,－－－－－－－－－－,10.0,0.0,0.0,110.0,0.0,0.0,-1780.0,2970.0,yonden
2019,1,2019-01-16,01:00,3040.0,890.0,3670.0,40.0,－－－－－－－－－－,10.0,0.0,0.0,120.0,0.0,0.0,-1690.0,3040.0,yonden
2019,1,2019-01-16,02:00,3250.0,890.0,3860.0,40.0,－－－－－－－－－－,10.0,0.0,0.0,120.0,0.0,0.0,-1670.0,3250.0,yonden
2019,1,2019-01-16,03:00,3390.0,890.0,3980.0,50.0,－－－－－－－－－－,10.0,0.0,0.0,130.0,0.0,0.0,-1670.0,3390.0,yonden
2019,1,2019-01-16,04:00,3400.0,890.0,3990.0,40.0,－－－－－－－－－－,10.0,0.0,0.0,140.0,0.0,0.0,-1670.0,3400.0,yonden
2019,1,2019-01-16,05:00,3370.0,890.0,3990.0,30.0,－－－－－－－－－－,10.0,0.0,0.0,140.0,0.0,0.0,-1690.0,3370.0,yonden
2019,1,2019-01-16,06:00,3490.0,890.0,4070.0,60.0,－－－－－－－－－－,10.0,0.0,0.0,140.0,0.0,0.0,-1680.0,3490.0,yonden
2019,1,2019-01-16,07:00,3660.0,890.0,4080.0,110.0,－－－－－－－－－－,10.0,30.0,0.0,140.0,0.0,10.0,-1610.0,3660.0,yonden
2019,1,2019-01-16,08:00,4060.0,890.0,4400.0,160.0,－－－－－－－－－－,10.0,140.0,0.0,130.0,0.0,20.0,-1690.0,4060.0,yonden
2019,1,2019-01-16,09:00,4050.0,890.0,4260.0,140.0,－－－－－－－－－－,10.0,340.0,0.0,110.0,0.0,0.0,-1700.0,4050.0,yonden
2019,1,2019-01-16,10:00,3900.0,890.0,4150.0,150.0,－－－－－－－－－－,10.0,450.0,0.0,100.0,0.0,0.0,-1850.0,3900.0,yonden
2019,1,2019-01-16,11:00,3830.0,890.0,4070.0,90.0,－－－－－－－－－－,10.0,610.0,0.0,100.0,0.0,0.0,-1940.0,3830.0,yonden
2019,1,2019-01-16,12:00,3540.0,890.0,3720.0,70.0,－－－－－－－－－－,10.0,720.0,0.0,110.0,0.0,0.0,-1980.0,3540.0,yonden
2019,1,2019-01-16,13:00,3650.0,890.0,3750.0,50.0,－－－－－－－－－－,10.0,800.0,0.0,120.0,0.0,0.0,-1970.0,3650.0,yonden
2019,1,2019-01-16,14:00,3650.0,890.0,3820.0,70.0,－－－－－－－－－－,10.0,660.0,0.0,130.0,0.0,0.0,-1930.0,3650.0,yonden
2019,1,2019-01-16,15:00,3710.0,890.0,3930.0,120.0,－－－－－－－－－－,10.0,380.0,0.0,130.0,0.0,10.0,-1760.0,3710.0,yonden
2019,1,2019-01-16,16:00,3890.0,890.0,4290.0,120.0,－－－－－－－－－－,10.0,140.0,0.0,120.0,0.0,0.0,-1680.0,3890.0,yonden
2019,1,2019-01-16,17:00,4040.0,890.0,4490.0,180.0,－－－－－－－－－－,10.0,0.0,0.0,120.0,0.0,10.0,-1660.0,4040.0,yonden
2019,1,2019-01-16,18:00,4150.0,890.0,4450.0,230.0,－－－－－－－－－－,10.0,0.0,0.0,130.0,0.0,140.0,-1700.0,4150.0,yonden
2019,1,2019-01-16,19:00,4030.0,890.0,4470.0,260.0,－－－－－－－－－－,10.0,0.0,0.0,120.0,0.0,100.0,-1820.0,4030.0,yonden
2019,1,2019-01-16,20:00,3860.0,890.0,4460.0,240.0,－－－－－－－－－－,10.0,0.0,0.0,110.0,0.0,30.0,-1880.0,3860.0,yonden
2019,1,2019-01-16,21:00,3630.0,890.0,4320.0,140.0,－－－－－－－－－－,10.0,0.0,0.0,110.0,0.0,0.0,-1840.0,3630.0,yonden
2019,1,2019-01-16,22:00,3330.0,890.0,4010.0,70.0,－－－－－－－－－－,10.0,0.0,0.0,100.0,0.0,0.0,-1750.0,3330.0,yonden
2019,1,2019-01-16,23:00,3220.0,890.0,4000.0,60.0,－－－－－－－－－－,10.0,0.0,0.0,90.0,0.0,0.0,-1830.0,3220.0,yonden
2019,1,2019-01-17,00:00,3170.0,890.0,4110.0,50.0,－－－－－－－－－－,10.0,0.0,0.0,80.0,0.0,0.0,-1970.0,3170.0,yonden
2019,1,2019-01-17,01:00,3250.0,890.0,4130.0,50.0,－－－－－－－－－－,10.0,0.0,0.0,90.0,0.0,0.0,-1920.0,3250.0,yonden
2019,1,2019-01-17,02:00,3440.0,890.0,4150.0,50.0,－－－－－－－－－－,10.0,0.0,0.0,100.0,0.0,0.0,-1760.0,3440.0,yonden
2019,1,2019-01-17,03:00,3530.0,890.0,4240.0,70.0,－－－－－－－－－－,10.0,0.0,0.0,110.0,0.0,0.0,-1790.0,3530.0,yonden
2019,1,2019-01-17,04:00,3500.0,890.0,4240.0,60.0,－－－－－－－－－－,10.0,0.0,0.0,110.0,0.0,0.0,-1810.0,3500.0,yonden
2019,1,2019-01-17,05:00,3440.0,890.0,4180.0,30.0,－－－－－－－－－－,10.0,0.0,0.0,120.0,0.0,0.0,-1790.0,3440.0,yonden
2019,1,2019-01-17,06:00,3580.0,890.0,4210.0,70.0,－－－－－－－－－－,10.0,0.0,0.0,120.0,0.0,20.0,-1740.0,3580.0,yonden
2019,1,2019-01-17,07:00,3770.0,890.0,4280.0,140.0,－－－－－－－－－－,10.0,30.0,0.0,120.0,0.0,30.0,-1730.0,3770.0,yonden
2019,1,2019-01-17,08:00,4120.0,890.0,4360.0,100.0,－－－－－－－－－－,10.0,160.0,0.0,130.0,0.0,20.0,-1550.0,4120.0,yonden
2019,1,2019-01-17,09:00,4180.0,890.0,4220.0,100.0,－－－－－－－－－－,10.0,440.0,0.0,130.0,0.0,0.0,-1610.0,4180.0,yonden
2019,1,2019-01-17,10:00,3890.0,890.0,3840.0,60.0,－－－－－－－－－－,10.0,750.0,0.0,120.0,0.0,0.0,-1780.0,3890.0,yonden
2019,1,2019-01-17,11:00,3710.0,890.0,3760.0,60.0,－－－－－－－－－－,10.0,970.0,0.0,110.0,0.0,0.0,-2090.0,3710.0,yonden
2019,1,2019-01-17,12:00,3480.0,890.0,3480.0,70.0,－－－－－－－－－－,10.0,1080.0,0.0,120.0,0.0,0.0,-2170.0,3480.0,yonden
2019,1,2019-01-17,13:00,3570.0,890.0,3650.0,60.0,－－－－－－－－－－,10.0,1060.0,0.0,130.0,0.0,0.0,-2230.0,3570.0,yonden
2019,1,2019-01-17,14:00,3570.0,890.0,3700.0,60.0,－－－－－－－－－－,10.0,910.0,0.0,130.0,0.0,0.0,-2130.0,3570.0,yonden
2019,1,2019-01-17,15:00,3640.0,890.0,3790.0,90.0,－－－－－－－－－－,10.0,590.0,0.0,130.0,0.0,0.0,-1860.0,3640.0,yonden
2019,1,2019-01-17,16:00,3840.0,890.0,4030.0,110.0,－－－－－－－－－－,10.0,230.0,0.0,140.0,0.0,0.0,-1570.0,3840.0,yonden
2019,1,2019-01-17,17:00,4040.0,890.0,4300.0,190.0,－－－－－－－－－－,10.0,0.0,0.0,150.0,0.0,0.0,-1500.0,4040.0,yonden
2019,1,2019-01-17,18:00,4160.0,890.0,4330.0,280.0,－－－－－－－－－－,10.0,0.0,0.0,150.0,0.0,30.0,-1530.0,4160.0,yonden
2019,1,2019-01-17,19:00,4040.0,890.0,4320.0,280.0,－－－－－－－－－－,10.0,0.0,0.0,140.0,0.0,0.0,-1600.0,4040.0,yonden
2019,1,2019-01-17,20:00,3870.0,890.0,4230.0,220.0,－－－－－－－－－－,10.0,0.0,0.0,150.0,0.0,0.0,-1630.0,3870.0,yonden
2019,1,2019-01-17,21:00,3620.0,890.0,4080.0,140.0,－－－－－－－－－－,10.0,0.0,0.0,160.0,0.0,0.0,-1660.0,3620.0,yonden
2019,1,2019-01-17,22:00,3330.0,890.0,3900.0,60.0,－－－－－－－－－－,10.0,0.0,0.0,150.0,0.0,0.0,-1680.0,3330.0,yonden
2019,1,2019-01-17,23:00,3190.0,890.0,3900.0,50.0,－－－－－－－－－－,10.0,0.0,0.0,140.0,0.0,0.0,-1800.0,3190.0,yonden
2019,1,2019-01-18,00:00,3090.0,890.0,3700.0,50.0,－－－－－－－－－－,10.0,0.0,0.0,140.0,0.0,0.0,-1700.0,3090.0,yonden
2019,1,2019-01-18,01:00,3160.0,890.0,3760.0,40.0,－－－－－－－－－－,10.0,0.0,0.0,130.0,0.0,0.0,-1670.0,3160.0,yonden
2019,1,2019-01-18,02:00,3360.0,890.0,3910.0,70.0,－－－－－－－－－－,10.0,0.0,0.0,130.0,0.0,0.0,-1650.0,3360.0,yonden
2019,1,2019-01-18,03:00,3490.0,890.0,3910.0,100.0,－－－－－－－－－－,10.0,0.0,0.0,140.0,0.0,0.0,-1560.0,3490.0,yonden
2019,1,2019-01-18,04:00,3490.0,890.0,3950.0,90.0,－－－－－－－－－－,10.0,0.0,0.0,150.0,0.0,0.0,-1600.0,3490.0,yonden
2019,1,2019-01-18,05:00,3460.0,890.0,4040.0,60.0,－－－－－－－－－－,10.0,0.0,0.0,140.0,0.0,0.0,-1680.0,3460.0,yonden
2019,1,2019-01-18,06:00,3610.0,890.0,4150.0,90.0,－－－－－－－－－－,10.0,0.0,0.0,130.0,0.0,0.0,-1660.0,3610.0,yonden
2019,1,2019-01-18,07:00,3750.0,890.0,4150.0,110.0,－－－－－－－－－－,10.0,50.0,0.0,120.0,0.0,10.0,-1590.0,3750.0,yonden
2019,1,2019-01-18,08:00,4040.0,890.0,4300.0,100.0,－－－－－－－－－－,10.0,220.0,0.0,110.0,0.0,10.0,-1600.0,4040.0,yonden
2019,1,2019-01-18,09:00,3930.0,890.0,4000.0,120.0,－－－－－－－－－－,10.0,460.0,0.0,110.0,0.0,0.0,-1660.0,3930.0,yonden
2019,1,2019-01-18,10:00,3780.0,890.0,3670.0,60.0,－－－－－－－－－－,10.0,710.0,0.0,110.0,0.0,0.0,-1670.0,3780.0,yonden
2019,1,2019-01-18,11:00,3640.0,890.0,3470.0,60.0,－－－－－－－－－－,10.0,970.0,0.0,110.0,0.0,0.0,-1870.0,3640.0,yonden
2019,1,2019-01-18,12:00,3380.0,890.0,3510.0,70.0,－－－－－－－－－－,10.0,1040.0,0.0,110.0,0.0,-250.0,-2000.0,3380.0,yonden
2019,1,2019-01-18,13:00,3510.0,890.0,3540.0,60.0,－－－－－－－－－－,10.0,1080.0,0.0,110.0,0.0,-300.0,-1880.0,3510.0,yonden
2019,1,2019-01-18,14:00,3500.0,890.0,3490.0,80.0,－－－－－－－－－－,10.0,870.0,0.0,90.0,0.0,-200.0,-1730.0,3500.0,yonden
2019,1,2019-01-18,15:00,3540.0,890.0,3530.0,90.0,－－－－－－－－－－,10.0,630.0,0.0,90.0,0.0,0.0,-1700.0,3540.0,yonden
2019,1,2019-01-18,16:00,3740.0,890.0,4010.0,100.0,－－－－－－－－－－,10.0,260.0,0.0,80.0,0.0,10.0,-1620.0,3740.0,yonden
2019,1,2019-01-18,17:00,3880.0,890.0,4190.0,110.0,－－－－－－－－－－,10.0,0.0,0.0,90.0,0.0,60.0,-1470.0,3880.0,yonden
2019,1,2019-01-18,18:00,3990.0,890.0,4050.0,180.0,－－－－－－－－－－,10.0,0.0,0.0,80.0,0.0,250.0,-1470.0,3990.0,yonden
2019,1,2019-01-18,19:00,3890.0,890.0,3980.0,190.0,－－－－－－－－－－,10.0,0.0,0.0,50.0,0.0,300.0,-1530.0,3890.0,yonden
2019,1,2019-01-18,20:00,3750.0,890.0,3940.0,200.0,－－－－－－－－－－,10.0,0.0,0.0,40.0,0.0,320.0,-1650.0,3750.0,yonden
2019,1,2019-01-18,21:00,3550.0,890.0,3880.0,170.0,－－－－－－－－－－,10.0,0.0,0.0,40.0,0.0,300.0,-1740.0,3550.0,yonden
2019,1,2019-01-18,22:00,3300.0,890.0,3820.0,120.0,－－－－－－－－－－,10.0,0.0,0.0,50.0,0.0,30.0,-1620.0,3300.0,yonden
2019,1,2019-01-18,23:00,3180.0,890.0,3790.0,70.0,－－－－－－－－－－,10.0,0.0,0.0,40.0,0.0,0.0,-1620.0,3180.0,yonden
2019,1,2019-01-19,00:00,3130.0,890.0,3740.0,60.0,－－－－－－－－－－,10.0,0.0,0.0,30.0,0.0,0.0,-1600.0,3130.0,yonden
2019,1,2019-01-19,01:00,3230.0,890.0,3820.0,40.0,－－－－－－－－－－,10.0,0.0,0.0,20.0,0.0,0.0,-1550.0,3230.0,yonden
2019,1,2019-01-19,02:00,3410.0,890.0,3840.0,40.0,－－－－－－－－－－,10.0,0.0,0.0,20.0,0.0,0.0,-1390.0,3410.0,yonden
2019,1,2019-01-19,03:00,3500.0,890.0,3860.0,70.0,－－－－－－－－－－,10.0,0.0,0.0,20.0,0.0,0.0,-1350.0,3500.0,yonden
2019,1,2019-01-19,04:00,3470.0,890.0,3850.0,70.0,－－－－－－－－－－,10.0,0.0,0.0,10.0,0.0,0.0,-1360.0,3470.0,yonden
2019,1,2019-01-19,05:00,3350.0,890.0,3820.0,70.0,－－－－－－－－－－,10.0,0.0,0.0,10.0,0.0,0.0,-1450.0,3350.0,yonden
2019,1,2019-01-19,06:00,3360.0,890.0,3910.0,90.0,－－－－－－－－－－,10.0,0.0,0.0,10.0,0.0,0.0,-1550.0,3360.0,yonden
2019,1,2019-01-19,07:00,3500.0,890.0,3860.0,100.0,－－－－－－－－－－,10.0,70.0,0.0,10.0,0.0,0.0,-1440.0,3500.0,yonden
2019,1,2019-01-19,08:00,3700.0,890.0,3860.0,50.0,－－－－－－－－－－,10.0,350.0,0.0,0.0,0.0,0.0,-1460.0,3700.0,yonden
2019,1,2019-01-19,09:00,3520.0,890.0,3670.0,70.0,－－－－－－－－－－,10.0,730.0,0.0,0.0,0.0,10.0,-1860.0,3520.0,yonden
2019,1,2019-01-19,10:00,3300.0,890.0,3430.0,80.0,－－－－－－－－－－,10.0,1080.0,0.0,0.0,0.0,0.0,-2190.0,3300.0,yonden
2019,1,2019-01-19,11:00,3180.0,890.0,3330.0,80.0,－－－－－－－－－－,10.0,1290.0,0.0,0.0,0.0,-270.0,-2150.0,3180.0,yonden
2019,1,2019-01-19,12:00,2980.0,890.0,3200.0,70.0,－－－－－－－－－－,10.0,1330.0,0.0,0.0,0.0,-300.0,-2220.0,2980.0,yonden
2019,1,2019-01-19,13:00,3050.0,890.0,3270.0,80.0,－－－－－－－－－－,10.0,1250.0,0.0,0.0,0.0,-280.0,-2170.0,3050.0,yonden
2019,1,2019-01-19,14:00,3000.0,890.0,3200.0,70.0,－－－－－－－－－－,10.0,1010.0,0.0,0.0,0.0,0.0,-2180.0,3000.0,yonden
2019,1,2019-01-19,15:00,3030.0,890.0,3290.0,80.0,－－－－－－－－－－,10.0,670.0,0.0,10.0,0.0,0.0,-1920.0,3030.0,yonden
2019,1,2019-01-19,16:00,3230.0,890.0,3500.0,70.0,－－－－－－－－－－,10.0,270.0,0.0,10.0,0.0,0.0,-1520.0,3230.0,yonden
2019,1,2019-01-19,17:00,3390.0,890.0,3710.0,130.0,－－－－－－－－－－,10.0,10.0,0.0,0.0,0.0,0.0,-1360.0,3390.0,yonden
2019,1,2019-01-19,18:00,3570.0,890.0,3800.0,200.0,－－－－－－－－－－,10.0,0.0,0.0,0.0,0.0,0.0,-1330.0,3570.0,yonden
2019,1,2019-01-19,19:00,3500.0,890.0,3760.0,200.0,－－－－－－－－－－,10.0,0.0,0.0,10.0,0.0,0.0,-1370.0,3500.0,yonden
2019,1,2019-01-19,20:00,3390.0,890.0,3720.0,150.0,－－－－－－－－－－,10.0,0.0,0.0,10.0,0.0,20.0,-1410.0,3390.0,yonden
2019,1,2019-01-19,21:00,3230.0,890.0,3730.0,110.0,－－－－－－－－－－,10.0,0.0,0.0,20.0,0.0,0.0,-1530.0,3230.0,yonden
2019,1,2019-01-19,22:00,3010.0,890.0,3700.0,80.0,－－－－－－－－－－,10.0,0.0,0.0,30.0,0.0,0.0,-1700.0,3010.0,yonden
2019,1,2019-01-19,23:00,2900.0,890.0,3650.0,60.0,－－－－－－－－－－,10.0,0.0,0.0,40.0,0.0,0.0,-1750.0,2900.0,yonden
2019,1,2019-01-20,00:00,2820.0,890.0,3590.0,50.0,－－－－－－－－－－,10.0,0.0,0.0,50.0,0.0,0.0,-1770.0,2820.0,yonden
2019,1,2019-01-20,01:00,2890.0,890.0,3600.0,50.0,－－－－－－－－－－,10.0,0.0,0.0,50.0,0.0,0.0,-1710.0,2890.0,yonden
2019,1,2019-01-20,02:00,3070.0,890.0,3630.0,40.0,－－－－－－－－－－,10.0,0.0,0.0,50.0,0.0,0.0,-1550.0,3070.0,yonden
2019,1,2019-01-20,03:00,3170.0,890.0,3690.0,50.0,－－－－－－－－－－,10.0,0.0,0.0,40.0,0.0,0.0,-1510.0,3170.0,yonden
2019,1,2019-01-20,04:00,3130.0,890.0,3650.0,50.0,－－－－－－－－－－,10.0,0.0,0.0,40.0,0.0,0.0,-1510.0,3130.0,yonden
2019,1,2019-01-20,05:00,2960.0,890.0,3600.0,40.0,－－－－－－－－－－,10.0,0.0,0.0,40.0,0.0,0.0,-1620.0,2960.0,yonden
2019,1,2019-01-20,06:00,2770.0,890.0,3620.0,80.0,－－－－－－－－－－,10.0,0.0,0.0,20.0,0.0,0.0,-1850.0,2770.0,yonden
2019,1,2019-01-20,07:00,2780.0,890.0,3620.0,110.0,－－－－－－－－－－,10.0,30.0,0.0,30.0,0.0,0.0,-1910.0,2780.0,yonden
2019,1,2019-01-20,08:00,3070.0,890.0,3690.0,60.0,－－－－－－－－－－,10.0,100.0,0.0,90.0,0.0,0.0,-1770.0,3070.0,yonden
2019,1,2019-01-20,09:00,3170.0,890.0,3730.0,80.0,－－－－－－－－－－,10.0,130.0,0.0,100.0,0.0,0.0,-1770.0,3170.0,yonden
2019,1,2019-01-20,10:00,3180.0,890.0,3770.0,100.0,－－－－－－－－－－,10.0,160.0,0.0,130.0,0.0,0.0,-1880.0,3180.0,yonden
2019,1,2019-01-20,11:00,3120.0,890.0,3680.0,100.0,－－－－－－－－－－,10.0,280.0,0.0,130.0,0.0,0.0,-1970.0,3120.0,yonden
2019,1,2019-01-20,12:00,2960.0,890.0,3620.0,100.0,－－－－－－－－－－,10.0,330.0,0.0,130.0,0.0,0.0,-2120.0,2960.0,yonden
2019,1,2019-01-20,13:00,2820.0,890.0,3450.0,60.0,－－－－－－－－－－,10.0,450.0,0.0,140.0,0.0,0.0,-2180.0,2820.0,yonden
2019,1,2019-01-20,14:00,2790.0,890.0,3530.0,70.0,－－－－－－－－－－,10.0,340.0,0.0,150.0,0.0,0.0,-2200.0,2790.0,yonden
2019,1,2019-01-20,15:00,2830.0,890.0,3630.0,90.0,－－－－－－－－－－,10.0,250.0,0.0,150.0,0.0,0.0,-2190.0,2830.0,yonden
2019,1,2019-01-20,16:00,2970.0,890.0,3660.0,100.0,－－－－－－－－－－,10.0,150.0,0.0,160.0,0.0,0.0,-2000.0,2970.0,yonden
2019,1,2019-01-20,17:00,3230.0,890.0,3760.0,130.0,－－－－－－－－－－,10.0,0.0,0.0,160.0,0.0,30.0,-1750.0,3230.0,yonden
2019,1,2019-01-20,18:00,3410.0,890.0,3780.0,170.0,－－－－－－－－－－,10.0,0.0,0.0,160.0,0.0,20.0,-1620.0,3410.0,yonden
2019,1,2019-01-20,19:00,3370.0,890.0,3780.0,150.0,－－－－－－－－－－,10.0,0.0,0.0,160.0,0.0,0.0,-1620.0,3370.0,yonden
2019,1,2019-01-20,20:00,3300.0,890.0,3750.0,110.0,－－－－－－－－－－,10.0,0.0,0.0,160.0,0.0,0.0,-1620.0,3300.0,yonden
2019,1,2019-01-20,21:00,3150.0,890.0,3750.0,100.0,－－－－－－－－－－,10.0,0.0,0.0,150.0,0.0,0.0,-1750.0,3150.0,yonden
2019,1,2019-01-20,22:00,2920.0,890.0,3720.0,70.0,－－－－－－－－－－,10.0,0.0,0.0,150.0,0.0,0.0,-1920.0,2920.0,yonden
2019,1,2019-01-20,23:00,2810.0,890.0,3690.0,60.0,－－－－－－－－－－,10.0,0.0,0.0,150.0,0.0,0.0,-1990.0,2810.0,yonden
2019,1,2019-01-21,00:00,2740.0,890.0,3480.0,60.0,－－－－－－－－－－,10.0,0.0,0.0,150.0,0.0,0.0,-1850.0,2740.0,yonden
2019,1,2019-01-21,01:00,2860.0,890.0,3530.0,50.0,－－－－－－－－－－,10.0,0.0,0.0,150.0,0.0,0.0,-1770.0,2860.0,yonden
2019,1,2019-01-21,02:00,3090.0,890.0,3680.0,50.0,－－－－－－－－－－,10.0,0.0,0.0,150.0,0.0,0.0,-1690.0,3090.0,yonden
2019,1,2019-01-21,03:00,3210.0,890.0,3770.0,80.0,－－－－－－－－－－,10.0,0.0,0.0,150.0,0.0,0.0,-1690.0,3210.0,yonden
2019,1,2019-01-21,04:00,3260.0,890.0,3800.0,100.0,－－－－－－－－－－,10.0,0.0,0.0,150.0,0.0,0.0,-1690.0,3260.0,yonden
2019,1,2019-01-21,05:00,3280.0,890.0,3850.0,80.0,－－－－－－－－－－,10.0,0.0,0.0,150.0,0.0,0.0,-1700.0,3280.0,yonden
2019,1,2019-01-21,06:00,3450.0,890.0,3970.0,130.0,－－－－－－－－－－,10.0,0.0,0.0,140.0,0.0,0.0,-1690.0,3450.0,yonden
2019,1,2019-01-21,07:00,3620.0,890.0,3920.0,190.0,－－－－－－－－－－,10.0,70.0,0.0,130.0,0.0,10.0,-1600.0,3620.0,yonden
2019,1,2019-01-21,08:00,3940.0,890.0,3900.0,130.0,－－－－－－－－－－,10.0,300.0,0.0,130.0,0.0,30.0,-1450.0,3940.0,yonden
2019,1,2019-01-21,09:00,3870.0,890.0,3850.0,110.0,－－－－－－－－－－,10.0,560.0,0.0,120.0,0.0,0.0,-1670.0,3870.0,yonden
2019,1,2019-01-21,10:00,3690.0,890.0,3560.0,80.0,－－－－－－－－－－,10.0,880.0,0.0,120.0,0.0,0.0,-1850.0,3690.0,yonden
2019,1,2019-01-21,11:00,3580.0,890.0,3410.0,80.0,－－－－－－－－－－,10.0,1150.0,0.0,110.0,0.0,0.0,-2070.0,3580.0,yonden
2019,1,2019-01-21,12:00,3340.0,890.0,3140.0,60.0,－－－－－－－－－－,10.0,1220.0,0.0,120.0,0.0,0.0,-2100.0,3340.0,yonden
2019,1,2019-01-21,13:00,3480.0,890.0,3360.0,70.0,－－－－－－－－－－,10.0,1180.0,0.0,130.0,0.0,0.0,-2160.0,3480.0,yonden
2019,1,2019-01-21,14:00,3470.0,880.0,3490.0,50.0,－－－－－－－－－－,10.0,990.0,0.0,140.0,0.0,0.0,-2090.0,3470.0,yonden
2019,1,2019-01-21,15:00,3540.0,880.0,3670.0,60.0,－－－－－－－－－－,10.0,660.0,0.0,130.0,0.0,0.0,-1870.0,3540.0,yonden
2019,1,2019-01-21,16:00,3760.0,890.0,4100.0,70.0,－－－－－－－－－－,10.0,270.0,0.0,120.0,0.0,0.0,-1700.0,3760.0,yonden
2019,1,2019-01-21,17:00,3890.0,890.0,4230.0,170.0,－－－－－－－－－－,10.0,10.0,0.0,120.0,0.0,10.0,-1550.0,3890.0,yonden
2019,1,2019-01-21,18:00,4030.0,890.0,4320.0,260.0,－－－－－－－－－－,10.0,0.0,0.0,110.0,0.0,30.0,-1590.0,4030.0,yonden
2019,1,2019-01-21,19:00,3900.0,890.0,4190.0,250.0,－－－－－－－－－－,10.0,0.0,0.0,100.0,0.0,10.0,-1550.0,3900.0,yonden
2019,1,2019-01-21,20:00,3760.0,890.0,4240.0,160.0,－－－－－－－－－－,10.0,0.0,0.0,80.0,0.0,0.0,-1620.0,3760.0,yonden
2019,1,2019-01-21,21:00,3540.0,890.0,4220.0,130.0,－－－－－－－－－－,10.0,0.0,0.0,70.0,0.0,0.0,-1780.0,3540.0,yonden
2019,1,2019-01-21,22:00,3280.0,890.0,3920.0,90.0,－－－－－－－－－－,10.0,0.0,0.0,60.0,0.0,0.0,-1690.0,3280.0,yonden
2019,1,2019-01-21,23:00,3160.0,890.0,3820.0,60.0,－－－－－－－－－－,10.0,0.0,0.0,70.0,0.0,0.0,-1690.0,3160.0,yonden
2019,1,2019-01-22,00:00,3100.0,890.0,3790.0,60.0,－－－－－－－－－－,10.0,0.0,0.0,80.0,0.0,0.0,-1730.0,3100.0,yonden
2019,1,2019-01-22,01:00,3180.0,890.0,3810.0,50.0,－－－－－－－－－－,10.0,0.0,0.0,80.0,0.0,0.0,-1660.0,3180.0,yonden
2019,1,2019-01-22,02:00,3360.0,890.0,3940.0,70.0,－－－－－－－－－－,10.0,0.0,0.0,80.0,0.0,10.0,-1640.0,3360.0,yonden
2019,1,2019-01-22,03:00,3450.0,890.0,3940.0,110.0,－－－－－－－－－－,10.0,0.0,0.0,110.0,0.0,0.0,-1610.0,3450.0,yonden
2019,1,2019-01-22,04:00,3430.0,890.0,4020.0,70.0,－－－－－－－－－－,10.0,0.0,0.0,110.0,0.0,0.0,-1670.0,3430.0,yonden
2019,1,2019-01-22,05:00,3380.0,890.0,4020.0,40.0,－－－－－－－－－－,10.0,0.0,0.0,120.0,0.0,0.0,-1700.0,3380.0,yonden
2019,1,2019-01-22,06:00,3530.0,890.0,4140.0,50.0,－－－－－－－－－－,10.0,0.0,0.0,140.0,0.0,0.0,-1700.0,3530.0,yonden
2019,1,2019-01-22,07:00,3700.0,890.0,4200.0,90.0,－－－－－－－－－－,10.0,50.0,0.0,130.0,0.0,0.0,-1670.0,3700.0,yonden
2019,1,2019-01-22,08:00,3970.0,890.0,4260.0,90.0,－－－－－－－－－－,10.0,290.0,0.0,120.0,0.0,20.0,-1710.0,3970.0,yonden
2019,1,2019-01-22,09:00,3840.0,890.0,3860.0,60.0,－－－－－－－－－－,10.0,660.0,0.0,100.0,0.0,0.0,-1740.0,3840.0,yonden
2019,1,2019-01-22,10:00,3660.0,890.0,3610.0,60.0,－－－－－－－－－－,10.0,1050.0,0.0,90.0,0.0,0.0,-2050.0,3660.0,yonden
2019,1,2019-01-22,11:00,3600.0,890.0,3650.0,50.0,－－－－－－－－－－,10.0,1220.0,0.0,80.0,0.0,0.0,-2300.0,3600.0,yonden
2019,1,2019-01-22,12:00,3380.0,890.0,3690.0,60.0,－－－－－－－－－－,10.0,1060.0,0.0,110.0,0.0,0.0,-2440.0,3380.0,yonden
2019,1,2019-01-22,13:00,3550.0,890.0,3830.0,80.0,－－－－－－－－－－,10.0,920.0,0.0,120.0,0.0,0.0,-2300.0,3550.0,yonden
2019,1,2019-01-22,14:00,3540.0,890.0,3870.0,50.0,－－－－－－－－－－,10.0,800.0,0.0,110.0,0.0,0.0,-2190.0,3540.0,yonden
2019,1,2019-01-22,15:00,3550.0,890.0,3900.0,60.0,－－－－－－－－－－,10.0,570.0,0.0,100.0,0.0,0.0,-1980.0,3550.0,yonden
2019,1,2019-01-22,16:00,3720.0,890.0,4100.0,80.0,－－－－－－－－－－,10.0,260.0,0.0,90.0,0.0,0.0,-1710.0,3720.0,yonden
2019,1,2019-01-22,17:00,3870.0,890.0,4230.0,160.0,－－－－－－－－－－,10.0,10.0,0.0,60.0,0.0,10.0,-1500.0,3870.0,yonden
2019,1,2019-01-22,18:00,4010.0,890.0,4320.0,210.0,－－－－－－－－－－,10.0,0.0,0.0,70.0,0.0,20.0,-1510.0,4010.0,yonden
2019,1,2019-01-22,19:00,3910.0,890.0,4240.0,200.0,－－－－－－－－－－,10.0,0.0,0.0,60.0,0.0,20.0,-1510.0,3910.0,yonden
2019,1,2019-01-22,20:00,3780.0,890.0,4210.0,170.0,－－－－－－－－－－,10.0,0.0,0.0,60.0,0.0,0.0,-1560.0,3780.0,yonden
2019,1,2019-01-22,21:00,3570.0,890.0,4220.0,150.0,－－－－－－－－－－,10.0,0.0,0.0,60.0,0.0,0.0,-1760.0,3570.0,yonden
2019,1,2019-01-22,22:00,3320.0,890.0,3960.0,70.0,－－－－－－－－－－,10.0,0.0,0.0,60.0,0.0,0.0,-1670.0,3320.0,yonden
2019,1,2019-01-22,23:00,3210.0,890.0,3870.0,60.0,－－－－－－－－－－,10.0,0.0,0.0,70.0,0.0,0.0,-1690.0,3210.0,yonden
2019,1,2019-01-23,00:00,3150.0,890.0,3840.0,60.0,－－－－－－－－－－,10.0,0.0,0.0,60.0,0.0,0.0,-1710.0,3150.0,yonden
2019,1,2019-01-23,01:00,3230.0,890.0,3870.0,60.0,－－－－－－－－－－,10.0,0.0,0.0,60.0,0.0,0.0,-1660.0,3230.0,yonden
2019,1,2019-01-23,02:00,3420.0,890.0,3980.0,90.0,－－－－－－－－－－,10.0,0.0,0.0,70.0,0.0,0.0,-1620.0,3420.0,yonden
2019,1,2019-01-23,03:00,3490.0,890.0,3980.0,80.0,－－－－－－－－－－,10.0,0.0,0.0,70.0,0.0,0.0,-1540.0,3490.0,yonden
2019,1,2019-01-23,04:00,3470.0,890.0,3890.0,60.0,－－－－－－－－－－,10.0,0.0,0.0,90.0,0.0,0.0,-1470.0,3470.0,yonden
2019,1,2019-01-23,05:00,3420.0,890.0,3830.0,30.0,－－－－－－－－－－,10.0,0.0,0.0,100.0,0.0,0.0,-1440.0,3420.0,yonden
2019,1,2019-01-23,06:00,3580.0,890.0,3990.0,100.0,－－－－－－－－－－,10.0,0.0,0.0,100.0,0.0,0.0,-1510.0,3580.0,yonden
2019,1,2019-01-23,07:00,3740.0,890.0,4030.0,120.0,－－－－－－－－－－,10.0,70.0,0.0,90.0,0.0,0.0,-1470.0,3740.0,yonden
2019,1,2019-01-23,08:00,3970.0,890.0,4010.0,100.0,－－－－－－－－－－,10.0,320.0,0.0,80.0,0.0,0.0,-1440.0,3970.0,yonden
2019,1,2019-01-23,09:00,3860.0,890.0,3890.0,70.0,－－－－－－－－－－,10.0,680.0,0.0,90.0,0.0,0.0,-1770.0,3860.0,yonden
2019,1,2019-01-23,10:00,3690.0,890.0,3700.0,60.0,－－－－－－－－－－,10.0,1030.0,0.0,80.0,0.0,0.0,-2080.0,3690.0,yonden
2019,1,2019-01-23,11:00,3570.0,890.0,3500.0,60.0,－－－－－－－－－－,10.0,1250.0,0.0,70.0,0.0,-50.0,-2160.0,3570.0,yonden
2019,1,2019-01-23,12:00,3310.0,890.0,3520.0,70.0,－－－－－－－－－－,10.0,1320.0,0.0,70.0,0.0,-300.0,-2270.0,3310.0,yonden
2019,1,2019-01-23,13:00,3460.0,890.0,3620.0,70.0,－－－－－－－－－－,10.0,1270.0,0.0,60.0,0.0,-240.0,-2220.0,3460.0,yonden
2019,1,2019-01-23,14:00,3420.0,890.0,3430.0,50.0,－－－－－－－－－－,10.0,1040.0,0.0,30.0,0.0,0.0,-2030.0,3420.0,yonden
2019,1,2019-01-23,15:00,3460.0,890.0,3700.0,60.0,－－－－－－－－－－,10.0,670.0,0.0,50.0,0.0,0.0,-1920.0,3460.0,yonden
2019,1,2019-01-23,16:00,3670.0,890.0,4030.0,80.0,－－－－－－－－－－,10.0,280.0,0.0,70.0,0.0,0.0,-1690.0,3670.0,yonden
2019,1,2019-01-23,17:00,3780.0,890.0,4190.0,140.0,－－－－－－－－－－,10.0,10.0,0.0,90.0,0.0,0.0,-1550.0,3780.0,yonden
2019,1,2019-01-23,18:00,3920.0,890.0,4200.0,210.0,－－－－－－－－－－,10.0,0.0,0.0,110.0,0.0,30.0,-1530.0,3920.0,yonden
2019,1,2019-01-23,19:00,3800.0,890.0,4100.0,210.0,－－－－－－－－－－,10.0,0.0,0.0,120.0,0.0,20.0,-1550.0,3800.0,yonden
2019,1,2019-01-23,20:00,3660.0,890.0,4050.0,160.0,－－－－－－－－－－,10.0,0.0,0.0,140.0,0.0,0.0,-1590.0,3660.0,yonden
2019,1,2019-01-23,21:00,3440.0,890.0,3950.0,140.0,－－－－－－－－－－,10.0,0.0,0.0,140.0,0.0,0.0,-1690.0,3440.0,yonden
2019,1,2019-01-23,22:00,3180.0,890.0,3790.0,60.0,－－－－－－－－－－,10.0,0.0,0.0,120.0,0.0,0.0,-1690.0,3180.0,yonden
2019,1,2019-01-23,23:00,3050.0,890.0,3690.0,60.0,－－－－－－－－－－,10.0,0.0,0.0,130.0,0.0,0.0,-1730.0,3050.0,yonden
2019,1,2019-01-24,00:00,2950.0,890.0,3630.0,60.0,－－－－－－－－－－,10.0,0.0,0.0,120.0,0.0,0.0,-1760.0,2950.0,yonden
2019,1,2019-01-24,01:00,3030.0,890.0,3660.0,50.0,－－－－－－－－－－,10.0,0.0,0.0,110.0,0.0,0.0,-1690.0,3030.0,yonden
2019,1,2019-01-24,02:00,3260.0,890.0,3750.0,60.0,－－－－－－－－－－,10.0,0.0,0.0,100.0,0.0,0.0,-1550.0,3260.0,yonden
2019,1,2019-01-24,03:00,3380.0,890.0,3820.0,50.0,－－－－－－－－－－,10.0,0.0,0.0,100.0,0.0,0.0,-1490.0,3380.0,yonden
2019,1,2019-01-24,04:00,3400.0,890.0,3830.0,50.0,－－－－－－－－－－,10.0,0.0,0.0,110.0,0.0,0.0,-1490.0,3400.0,yonden
2019,1,2019-01-24,05:00,3360.0,890.0,3880.0,60.0,－－－－－－－－－－,10.0,0.0,0.0,120.0,0.0,0.0,-1600.0,3360.0,yonden
2019,1,2019-01-24,06:00,3470.0,890.0,3950.0,110.0,－－－－－－－－－－,10.0,0.0,0.0,120.0,0.0,0.0,-1610.0,3470.0,yonden
2019,1,2019-01-24,07:00,3610.0,890.0,4040.0,130.0,－－－－－－－－－－,10.0,40.0,0.0,120.0,0.0,0.0,-1620.0,3610.0,yonden
2019,1,2019-01-24,08:00,3960.0,890.0,4120.0,110.0,－－－－－－－－－－,10.0,180.0,0.0,110.0,0.0,190.0,-1650.0,3960.0,yonden
2019,1,2019-01-24,09:00,3870.0,890.0,4030.0,90.0,－－－－－－－－－－,10.0,460.0,0.0,70.0,0.0,110.0,-1790.0,3870.0,yonden
2019,1,2019-01-24,10:00,3690.0,890.0,3800.0,100.0,－－－－－－－－－－,10.0,780.0,0.0,70.0,0.0,0.0,-1960.0,3690.0,yonden
2019,1,2019-01-24,11:00,3640.0,890.0,3680.0,70.0,－－－－－－－－－－,10.0,1000.0,0.0,80.0,0.0,0.0,-2090.0,3640.0,yonden
2019,1,2019-01-24,12:00,3390.0,890.0,3400.0,50.0,－－－－－－－－－－,10.0,1100.0,0.0,110.0,0.0,0.0,-2170.0,3390.0,yonden
2019,1,2019-01-24,13:00,3540.0,890.0,3640.0,50.0,－－－－－－－－－－,10.0,1010.0,0.0,110.0,0.0,0.0,-2170.0,3540.0,yonden
2019,1,2019-01-24,14:00,3560.0,890.0,3700.0,50.0,－－－－－－－－－－,10.0,810.0,0.0,100.0,0.0,0.0,-2000.0,3560.0,yonden
2019,1,2019-01-24,15:00,3590.0,880.0,3810.0,70.0,－－－－－－－－－－,10.0,540.0,0.0,90.0,0.0,0.0,-1810.0,3590.0,yonden
2019,1,2019-01-24,16:00,3750.0,880.0,4190.0,80.0,－－－－－－－－－－,10.0,240.0,0.0,80.0,0.0,0.0,-1730.0,3750.0,yonden
2019,1,2019-01-24,17:00,3900.0,880.0,4400.0,200.0,－－－－－－－－－－,10.0,10.0,0.0,70.0,0.0,20.0,-1690.0,3900.0,yonden
2019,1,2019-01-24,18:00,4050.0,880.0,4570.0,240.0,－－－－－－－－－－,10.0,0.0,0.0,60.0,0.0,30.0,-1740.0,4050.0,yonden
2019,1,2019-01-24,19:00,3930.0,880.0,4470.0,230.0,－－－－－－－－－－,10.0,0.0,0.0,50.0,0.0,0.0,-1710.0,3930.0,yonden
2019,1,2019-01-24,20:00,3800.0,880.0,4420.0,170.0,－－－－－－－－－－,10.0,0.0,0.0,40.0,0.0,0.0,-1720.0,3800.0,yonden
2019,1,2019-01-24,21:00,3590.0,880.0,4320.0,130.0,－－－－－－－－－－,10.0,0.0,0.0,40.0,0.0,0.0,-1790.0,3590.0,yonden
2019,1,2019-01-24,22:00,3320.0,880.0,3990.0,80.0,－－－－－－－－－－,10.0,0.0,0.0,30.0,0.0,0.0,-1670.0,3320.0,yonden
2019,1,2019-01-24,23:00,3250.0,880.0,3960.0,60.0,－－－－－－－－－－,10.0,0.0,0.0,30.0,0.0,0.0,-1690.0,3250.0,yonden
2019,1,2019-01-25,00:00,3180.0,880.0,3940.0,50.0,－－－－－－－－－－,10.0,0.0,0.0,30.0,0.0,0.0,-1730.0,3180.0,yonden
2019,1,2019-01-25,01:00,3270.0,880.0,4010.0,50.0,－－－－－－－－－－,10.0,0.0,0.0,30.0,0.0,0.0,-1710.0,3270.0,yonden
2019,1,2019-01-25,02:00,3460.0,880.0,4050.0,40.0,－－－－－－－－－－,10.0,0.0,0.0,30.0,0.0,0.0,-1550.0,3460.0,yonden
2019,1,2019-01-25,03:00,3540.0,880.0,4070.0,50.0,－－－－－－－－－－,10.0,0.0,0.0,40.0,0.0,0.0,-1510.0,3540.0,yonden
2019,1,2019-01-25,04:00,3520.0,880.0,4030.0,50.0,－－－－－－－－－－,10.0,0.0,0.0,50.0,0.0,0.0,-1500.0,3520.0,yonden
2019,1,2019-01-25,05:00,3470.0,880.0,4180.0,40.0,－－－－－－－－－－,10.0,0.0,0.0,40.0,0.0,0.0,-1680.0,3470.0,yonden
2019,1,2019-01-25,06:00,3690.0,880.0,4390.0,120.0,－－－－－－－－－－,10.0,0.0,0.0,30.0,0.0,0.0,-1740.0,3690.0,yonden
2019,1,2019-01-25,07:00,3860.0,880.0,4470.0,150.0,－－－－－－－－－－,10.0,70.0,0.0,20.0,0.0,10.0,-1750.0,3860.0,yonden
2019,1,2019-01-25,08:00,4120.0,880.0,4480.0,120.0,－－－－－－－－－－,10.0,310.0,0.0,10.0,0.0,0.0,-1690.0,4120.0,yonden
2019,1,2019-01-25,09:00,4000.0,880.0,4070.0,100.0,－－－－－－－－－－,10.0,660.0,0.0,10.0,0.0,0.0,-1730.0,4000.0,yonden
2019,1,2019-01-25,10:00,3770.0,880.0,3660.0,80.0,－－－－－－－－－－,10.0,890.0,0.0,10.0,0.0,0.0,-1760.0,3770.0,yonden
2019,1,2019-01-25,11:00,3600.0,880.0,3450.0,70.0,－－－－－－－－－－,10.0,1130.0,0.0,10.0,0.0,-50.0,-1900.0,3600.0,yonden
2019,1,2019-01-25,12:00,3330.0,880.0,3450.0,80.0,－－－－－－－－－－,10.0,1190.0,0.0,10.0,0.0,-300.0,-1990.0,3330.0,yonden
2019,1,2019-01-25,13:00,3480.0,880.0,3540.0,90.0,－－－－－－－－－－,10.0,1100.0,0.0,30.0,0.0,-300.0,-1870.0,3480.0,yonden
2019,1,2019-01-25,14:00,3510.0,880.0,3680.0,80.0,－－－－－－－－－－,10.0,880.0,0.0,50.0,0.0,-280.0,-1790.0,3510.0,yonden
2019,1,2019-01-25,15:00,3600.0,880.0,3720.0,60.0,－－－－－－－－－－,10.0,530.0,0.0,70.0,0.0,0.0,-1670.0,3600.0,yonden
2019,1,2019-01-25,16:00,3710.0,880.0,4170.0,100.0,－－－－－－－－－－,10.0,180.0,0.0,90.0,0.0,20.0,-1740.0,3710.0,yonden
2019,1,2019-01-25,17:00,3840.0,880.0,4340.0,160.0,－－－－－－－－－－,10.0,10.0,0.0,100.0,0.0,20.0,-1680.0,3840.0,yonden
2019,1,2019-01-25,18:00,3930.0,880.0,4430.0,210.0,－－－－－－－－－－,10.0,0.0,0.0,90.0,0.0,0.0,-1690.0,3930.0,yonden
2019,1,2019-01-25,19:00,3790.0,880.0,4360.0,210.0,－－－－－－－－－－,10.0,0.0,0.0,90.0,0.0,0.0,-1760.0,3790.0,yonden
2019,1,2019-01-25,20:00,3640.0,880.0,4190.0,180.0,－－－－－－－－－－,10.0,0.0,0.0,120.0,0.0,0.0,-1740.0,3640.0,yonden
2019,1,2019-01-25,21:00,3440.0,880.0,4090.0,130.0,－－－－－－－－－－,10.0,0.0,0.0,120.0,0.0,0.0,-1790.0,3440.0,yonden
2019,1,2019-01-25,22:00,3210.0,880.0,3780.0,90.0,－－－－－－－－－－,10.0,0.0,0.0,130.0,0.0,0.0,-1680.0,3210.0,yonden
2019,1,2019-01-25,23:00,3080.0,880.0,3700.0,70.0,－－－－－－－－－－,10.0,0.0,0.0,130.0,0.0,0.0,-1710.0,3080.0,yonden
2019,1,2019-01-26,00:00,2970.0,880.0,3550.0,50.0,－－－－－－－－－－,10.0,0.0,0.0,140.0,0.0,0.0,-1660.0,2970.0,yonden
2019,1,2019-01-26,01:00,3060.0,880.0,3540.0,50.0,－－－－－－－－－－,10.0,0.0,0.0,140.0,0.0,0.0,-1560.0,3060.0,yonden
2019,1,2019-01-26,02:00,3250.0,880.0,3590.0,40.0,－－－－－－－－－－,10.0,0.0,0.0,140.0,0.0,0.0,-1410.0,3250.0,yonden
2019,1,2019-01-26,03:00,3390.0,880.0,3640.0,40.0,－－－－－－－－－－,10.0,0.0,0.0,150.0,0.0,0.0,-1330.0,3390.0,yonden
2019,1,2019-01-26,04:00,3400.0,880.0,3580.0,40.0,－－－－－－－－－－,10.0,0.0,0.0,150.0,0.0,0.0,-1260.0,3400.0,yonden
2019,1,2019-01-26,05:00,3300.0,880.0,3490.0,40.0,－－－－－－－－－－,10.0,0.0,0.0,150.0,0.0,0.0,-1270.0,3300.0,yonden
2019,1,2019-01-26,06:00,3240.0,880.0,3490.0,50.0,－－－－－－－－－－,10.0,0.0,0.0,150.0,0.0,0.0,-1340.0,3240.0,yonden
2019,1,2019-01-26,07:00,3390.0,880.0,3550.0,100.0,－－－－－－－－－－,10.0,30.0,0.0,140.0,0.0,0.0,-1320.0,3390.0,yonden
2019,1,2019-01-26,08:00,3710.0,880.0,3650.0,50.0,－－－－－－－－－－,10.0,130.0,0.0,130.0,0.0,0.0,-1140.0,3710.0,yonden
2019,1,2019-01-26,09:00,3760.0,880.0,3760.0,80.0,－－－－－－－－－－,10.0,240.0,0.0,130.0,0.0,0.0,-1340.0,3760.0,yonden
2019,1,2019-01-26,10:00,3690.0,880.0,3860.0,90.0,－－－－－－－－－－,10.0,390.0,0.0,130.0,0.0,20.0,-1690.0,3690.0,yonden
2019,1,2019-01-26,11:00,3680.0,880.0,3960.0,110.0,－－－－－－－－－－,10.0,440.0,0.0,140.0,0.0,20.0,-1880.0,3680.0,yonden
2019,1,2019-01-26,12:00,3490.0,880.0,3760.0,100.0,－－－－－－－－－－,10.0,550.0,0.0,140.0,0.0,0.0,-1950.0,3490.0,yonden
2019,1,2019-01-26,13:00,3520.0,880.0,3830.0,100.0,－－－－－－－－－－,10.0,540.0,0.0,140.0,0.0,0.0,-1980.0,3520.0,yonden
2019,1,2019-01-26,14:00,3480.0,880.0,3790.0,80.0,－－－－－－－－－－,10.0,590.0,0.0,130.0,0.0,0.0,-2000.0,3480.0,yonden
2019,1,2019-01-26,15:00,3510.0,880.0,3790.0,70.0,－－－－－－－－－－,10.0,400.0,0.0,120.0,0.0,0.0,-1760.0,3510.0,yonden
2019,1,2019-01-26,16:00,3720.0,880.0,3820.0,60.0,－－－－－－－－－－,10.0,170.0,0.0,130.0,0.0,0.0,-1350.0,3720.0,yonden
2019,1,2019-01-26,17:00,3900.0,880.0,3900.0,110.0,－－－－－－－－－－,10.0,10.0,0.0,140.0,0.0,70.0,-1220.0,3900.0,yonden
2019,1,2019-01-26,18:00,4030.0,880.0,3910.0,140.0,－－－－－－－－－－,10.0,0.0,0.0,140.0,0.0,220.0,-1270.0,4030.0,yonden
2019,1,2019-01-26,19:00,3930.0,880.0,3820.0,150.0,－－－－－－－－－－,10.0,0.0,0.0,140.0,0.0,160.0,-1230.0,3930.0,yonden
2019,1,2019-01-26,20:00,3820.0,880.0,3780.0,120.0,－－－－－－－－－－,10.0,0.0,0.0,140.0,0.0,150.0,-1260.0,3820.0,yonden
2019,1,2019-01-26,21:00,3620.0,880.0,3860.0,100.0,－－－－－－－－－－,10.0,0.0,0.0,140.0,0.0,30.0,-1400.0,3620.0,yonden
2019,1,2019-01-26,22:00,3340.0,880.0,3820.0,60.0,－－－－－－－－－－,10.0,0.0,0.0,140.0,0.0,0.0,-1570.0,3340.0,yonden
2019,1,2019-01-26,23:00,3260.0,880.0,3800.0,60.0,－－－－－－－－－－,10.0,0.0,0.0,140.0,0.0,0.0,-1630.0,3260.0,yonden
2019,1,2019-01-27,00:00,3220.0,880.0,3820.0,50.0,－－－－－－－－－－,10.0,0.0,0.0,140.0,0.0,0.0,-1680.0,3220.0,yonden
2019,1,2019-01-27,01:00,3290.0,880.0,3800.0,50.0,－－－－－－－－－－,10.0,0.0,0.0,150.0,0.0,0.0,-1600.0,3290.0,yonden
2019,1,2019-01-27,02:00,3410.0,880.0,3770.0,40.0,－－－－－－－－－－,10.0,0.0,0.0,140.0,0.0,0.0,-1430.0,3410.0,yonden
2019,1,2019-01-27,03:00,3430.0,880.0,3680.0,40.0,－－－－－－－－－－,10.0,0.0,0.0,130.0,0.0,0.0,-1310.0,3430.0,yonden
2019,1,2019-01-27,04:00,3330.0,880.0,3620.0,40.0,－－－－－－－－－－,10.0,0.0,0.0,130.0,0.0,0.0,-1350.0,3330.0,yonden
2019,1,2019-01-27,05:00,3160.0,880.0,3580.0,30.0,－－－－－－－－－－,10.0,0.0,0.0,120.0,0.0,0.0,-1460.0,3160.0,yonden
2019,1,2019-01-27,06:00,3050.0,880.0,3590.0,50.0,－－－－－－－－－－,10.0,0.0,0.0,110.0,0.0,0.0,-1590.0,3050.0,yonden
2019,1,2019-01-27,07:00,3140.0,880.0,3610.0,90.0,－－－－－－－－－－,10.0,50.0,0.0,110.0,0.0,0.0,-1610.0,3140.0,yonden
2019,1,2019-01-27,08:00,3320.0,880.0,3660.0,70.0,－－－－－－－－－－,10.0,220.0,0.0,120.0,0.0,0.0,-1640.0,3320.0,yonden
2019,1,2019-01-27,09:00,3240.0,880.0,3700.0,90.0,－－－－－－－－－－,10.0,440.0,0.0,100.0,0.0,0.0,-1980.0,3240.0,yonden
2019,1,2019-01-27,10:00,3100.0,880.0,3540.0,60.0,－－－－－－－－－－,10.0,690.0,0.0,90.0,0.0,0.0,-2170.0,3100.0,yonden
2019,1,2019-01-27,11:00,2970.0,880.0,3440.0,50.0,－－－－－－－－－－,10.0,870.0,0.0,90.0,0.0,-20.0,-2350.0,2970.0,yonden
2019,1,2019-01-27,12:00,2880.0,880.0,3360.0,50.0,－－－－－－－－－－,10.0,1020.0,0.0,60.0,0.0,-300.0,-2200.0,2880.0,yonden
2019,1,2019-01-27,13:00,2780.0,880.0,3240.0,40.0,－－－－－－－－－－,10.0,1080.0,0.0,50.0,0.0,-300.0,-2220.0,2780.0,yonden
2019,1,2019-01-27,14:00,2720.0,880.0,3330.0,50.0,－－－－－－－－－－,10.0,960.0,0.0,50.0,0.0,-300.0,-2260.0,2720.0,yonden
2019,1,2019-01-27,15:00,2800.0,880.0,3460.0,50.0,－－－－－－－－－－,10.0,710.0,0.0,70.0,0.0,-200.0,-2180.0,2800.0,yonden
2019,1,2019-01-27,16:00,3040.0,880.0,3510.0,50.0,－－－－－－－－－－,10.0,330.0,0.0,70.0,0.0,0.0,-1810.0,3040.0,yonden
2019,1,2019-01-27,17:00,3350.0,880.0,3800.0,130.0,－－－－－－－－－－,10.0,20.0,0.0,50.0,0.0,0.0,-1540.0,3350.0,yonden
2019,1,2019-01-27,18:00,3640.0,880.0,3930.0,170.0,－－－－－－－－－－,10.0,0.0,0.0,40.0,0.0,20.0,-1410.0,3640.0,yonden
2019,1,2019-01-27,19:00,3630.0,880.0,3950.0,180.0,－－－－－－－－－－,10.0,0.0,0.0,40.0,0.0,0.0,-1430.0,3630.0,yonden
2019,1,2019-01-27,20:00,3580.0,880.0,3930.0,110.0,－－－－－－－－－－,10.0,0.0,0.0,30.0,0.0,0.0,-1380.0,3580.0,yonden
2019,1,2019-01-27,21:00,3420.0,880.0,3880.0,80.0,－－－－－－－－－－,10.0,0.0,0.0,20.0,0.0,0.0,-1450.0,3420.0,yonden
2019,1,2019-01-27,22:00,3170.0,880.0,3830.0,70.0,－－－－－－－－－－,10.0,0.0,0.0,10.0,0.0,0.0,-1630.0,3170.0,yonden
2019,1,2019-01-27,23:00,3130.0,880.0,3900.0,50.0,－－－－－－－－－－,10.0,0.0,0.0,10.0,0.0,0.0,-1720.0,3130.0,yonden
2019,1,2019-01-28,00:00,3140.0,880.0,3910.0,50.0,－－－－－－－－－－,10.0,0.0,0.0,10.0,0.0,0.0,-1720.0,3140.0,yonden
2019,1,2019-01-28,01:00,3240.0,880.0,3910.0,50.0,－－－－－－－－－－,10.0,0.0,0.0,0.0,0.0,0.0,-1610.0,3240.0,yonden
2019,1,2019-01-28,02:00,3390.0,880.0,3890.0,60.0,－－－－－－－－－－,10.0,0.0,0.0,10.0,0.0,0.0,-1460.0,3390.0,yonden
2019,1,2019-01-28,03:00,3450.0,880.0,3910.0,70.0,－－－－－－－－－－,10.0,0.0,0.0,10.0,0.0,0.0,-1430.0,3450.0,yonden
2019,1,2019-01-28,04:00,3420.0,880.0,3950.0,40.0,－－－－－－－－－－,10.0,0.0,0.0,20.0,0.0,0.0,-1480.0,3420.0,yonden
2019,1,2019-01-28,05:00,3400.0,880.0,4010.0,30.0,－－－－－－－－－－,10.0,0.0,0.0,20.0,0.0,0.0,-1550.0,3400.0,yonden
2019,1,2019-01-28,06:00,3610.0,880.0,4170.0,70.0,－－－－－－－－－－,10.0,0.0,0.0,30.0,0.0,0.0,-1550.0,3610.0,yonden
2019,1,2019-01-28,07:00,3840.0,880.0,4270.0,150.0,－－－－－－－－－－,10.0,80.0,0.0,30.0,0.0,0.0,-1580.0,3840.0,yonden
2019,1,2019-01-28,08:00,4140.0,880.0,4400.0,170.0,－－－－－－－－－－,10.0,250.0,0.0,20.0,0.0,30.0,-1620.0,4140.0,yonden
2019,1,2019-01-28,09:00,4140.0,880.0,4330.0,140.0,－－－－－－－－－－,10.0,400.0,0.0,20.0,0.0,20.0,-1660.0,4140.0,yonden
2019,1,2019-01-28,10:00,3970.0,880.0,4200.0,70.0,－－－－－－－－－－,10.0,470.0,0.0,20.0,0.0,0.0,-1680.0,3970.0,yonden
2019,1,2019-01-28,11:00,3880.0,880.0,4080.0,60.0,－－－－－－－－－－,10.0,550.0,0.0,40.0,0.0,0.0,-1740.0,3880.0,yonden
2019,1,2019-01-28,12:00,3610.0,880.0,3970.0,60.0,－－－－－－－－－－,10.0,470.0,0.0,40.0,0.0,0.0,-1820.0,3610.0,yonden
2019,1,2019-01-28,13:00,3930.0,880.0,4350.0,60.0,－－－－－－－－－－,10.0,310.0,0.0,50.0,0.0,0.0,-1730.0,3930.0,yonden
2019,1,2019-01-28,14:00,4000.0,880.0,4580.0,60.0,－－－－－－－－－－,10.0,150.0,0.0,50.0,0.0,0.0,-1730.0,4000.0,yonden
2019,1,2019-01-28,15:00,4000.0,880.0,4550.0,80.0,－－－－－－－－－－,10.0,130.0,0.0,60.0,0.0,0.0,-1710.0,4000.0,yonden
2019,1,2019-01-28,16:00,4080.0,880.0,4560.0,130.0,－－－－－－－－－－,10.0,100.0,0.0,80.0,0.0,0.0,-1680.0,4080.0,yonden
2019,1,2019-01-28,17:00,4180.0,880.0,4650.0,170.0,－－－－－－－－－－,10.0,10.0,0.0,90.0,0.0,80.0,-1710.0,4180.0,yonden
2019,1,2019-01-28,18:00,4230.0,880.0,4570.0,210.0,－－－－－－－－－－,10.0,0.0,0.0,130.0,0.0,100.0,-1670.0,4230.0,yonden
2019,1,2019-01-28,19:00,4040.0,880.0,4430.0,210.0,－－－－－－－－－－,10.0,0.0,0.0,140.0,0.0,0.0,-1630.0,4040.0,yonden
2019,1,2019-01-28,20:00,3870.0,880.0,4350.0,140.0,－－－－－－－－－－,10.0,0.0,0.0,150.0,0.0,0.0,-1660.0,3870.0,yonden
2019,1,2019-01-28,21:00,3620.0,880.0,4250.0,70.0,－－－－－－－－－－,10.0,0.0,0.0,150.0,0.0,0.0,-1740.0,3620.0,yonden
2019,1,2019-01-28,22:00,3350.0,880.0,3940.0,50.0,－－－－－－－－－－,10.0,0.0,0.0,150.0,0.0,0.0,-1680.0,3350.0,yonden
2019,1,2019-01-28,23:00,3230.0,880.0,3840.0,50.0,－－－－－－－－－－,10.0,0.0,0.0,150.0,0.0,0.0,-1700.0,3230.0,yonden
2019,1,2019-01-29,00:00,3150.0,880.0,3810.0,50.0,－－－－－－－－－－,10.0,0.0,0.0,150.0,0.0,0.0,-1750.0,3150.0,yonden
2019,1,2019-01-29,01:00,3210.0,880.0,3840.0,50.0,－－－－－－－－－－,10.0,0.0,0.0,140.0,0.0,0.0,-1710.0,3210.0,yonden
2019,1,2019-01-29,02:00,3390.0,880.0,4020.0,40.0,－－－－－－－－－－,10.0,0.0,0.0,140.0,0.0,0.0,-1700.0,3390.0,yonden
2019,1,2019-01-29,03:00,3500.0,880.0,4030.0,40.0,－－－－－－－－－－,10.0,0.0,0.0,130.0,0.0,0.0,-1590.0,3500.0,yonden
2019,1,2019-01-29,04:00,3500.0,880.0,4020.0,40.0,－－－－－－－－－－,10.0,0.0,0.0,120.0,0.0,0.0,-1570.0,3500.0,yonden
2019,1,2019-01-29,05:00,3480.0,880.0,4140.0,40.0,－－－－－－－－－－,10.0,0.0,0.0,100.0,0.0,0.0,-1690.0,3480.0,yonden
2019,1,2019-01-29,06:00,3640.0,880.0,4420.0,80.0,－－－－－－－－－－,10.0,0.0,0.0,100.0,0.0,0.0,-1850.0,3640.0,yonden
2019,1,2019-01-29,07:00,3810.0,880.0,4390.0,160.0,－－－－－－－－－－,10.0,90.0,0.0,100.0,0.0,0.0,-1820.0,3810.0,yonden
2019,1,2019-01-29,08:00,4010.0,880.0,4270.0,120.0,－－－－－－－－－－,10.0,370.0,0.0,90.0,0.0,20.0,-1750.0,4010.0,yonden
2019,1,2019-01-29,09:00,3880.0,880.0,3860.0,80.0,－－－－－－－－－－,10.0,760.0,0.0,90.0,0.0,0.0,-1800.0,3880.0,yonden
2019,1,2019-01-29,10:00,3740.0,880.0,3640.0,60.0,－－－－－－－－－－,10.0,1050.0,0.0,80.0,0.0,0.0,-1980.0,3740.0,yonden
2019,1,2019-01-29,11:00,3690.0,880.0,3640.0,50.0,－－－－－－－－－－,10.0,1200.0,0.0,70.0,0.0,0.0,-2160.0,3690.0,yonden
2019,1,2019-01-29,12:00,3440.0,880.0,3500.0,60.0,－－－－－－－－－－,10.0,1210.0,0.0,70.0,0.0,0.0,-2290.0,3440.0,yonden
2019,1,2019-01-29,13:00,3610.0,880.0,3710.0,80.0,－－－－－－－－－－,10.0,1060.0,0.0,60.0,0.0,0.0,-2190.0,3610.0,yonden
2019,1,2019-01-29,14:00,3560.0,880.0,3730.0,80.0,－－－－－－－－－－,10.0,890.0,0.0,60.0,0.0,0.0,-2090.0,3560.0,yonden
2019,1,2019-01-29,15:00,3630.0,880.0,3840.0,80.0,－－－－－－－－－－,10.0,650.0,0.0,60.0,0.0,0.0,-1890.0,3630.0,yonden
2019,1,2019-01-29,16:00,3840.0,880.0,4180.0,120.0,－－－－－－－－－－,10.0,320.0,0.0,50.0,0.0,0.0,-1720.0,3840.0,yonden
2019,1,2019-01-29,17:00,4000.0,880.0,4540.0,150.0,－－－－－－－－－－,10.0,20.0,0.0,50.0,0.0,40.0,-1690.0,4000.0,yonden
2019,1,2019-01-29,18:00,4190.0,880.0,4590.0,230.0,－－－－－－－－－－,10.0,0.0,0.0,40.0,0.0,160.0,-1720.0,4190.0,yonden
2019,1,2019-01-29,19:00,4090.0,880.0,4550.0,210.0,－－－－－－－－－－,10.0,0.0,0.0,40.0,0.0,110.0,-1710.0,4090.0,yonden
2019,1,2019-01-29,20:00,3940.0,880.0,4530.0,160.0,－－－－－－－－－－,10.0,0.0,0.0,30.0,0.0,0.0,-1670.0,3940.0,yonden
2019,1,2019-01-29,21:00,3730.0,880.0,4460.0,110.0,－－－－－－－－－－,10.0,0.0,0.0,20.0,0.0,0.0,-1750.0,3730.0,yonden
2019,1,2019-01-29,22:00,3450.0,880.0,4170.0,80.0,－－－－－－－－－－,10.0,0.0,0.0,10.0,0.0,0.0,-1700.0,3450.0,yonden
2019,1,2019-01-29,23:00,3380.0,880.0,4080.0,90.0,－－－－－－－－－－,10.0,0.0,0.0,10.0,0.0,0.0,-1690.0,3380.0,yonden
2019,1,2019-01-30,00:00,3350.0,880.0,4140.0,70.0,－－－－－－－－－－,10.0,0.0,0.0,0.0,0.0,0.0,-1750.0,3350.0,yonden
2019,1,2019-01-30,01:00,3440.0,880.0,4220.0,60.0,－－－－－－－－－－,10.0,0.0,0.0,0.0,0.0,0.0,-1730.0,3440.0,yonden
2019,1,2019-01-30,02:00,3590.0,880.0,4230.0,50.0,－－－－－－－－－－,10.0,0.0,0.0,0.0,0.0,0.0,-1580.0,3590.0,yonden
2019,1,2019-01-30,03:00,3650.0,880.0,4240.0,40.0,－－－－－－－－－－,10.0,0.0,0.0,10.0,0.0,0.0,-1530.0,3650.0,yonden
2019,1,2019-01-30,04:00,3630.0,880.0,4210.0,40.0,－－－－－－－－－－,10.0,0.0,0.0,10.0,0.0,0.0,-1520.0,3630.0,yonden
2019,1,2019-01-30,05:00,3590.0,880.0,4160.0,30.0,－－－－－－－－－－,10.0,0.0,0.0,10.0,0.0,0.0,-1500.0,3590.0,yonden
2019,1,2019-01-30,06:00,3800.0,880.0,4310.0,110.0,－－－－－－－－－－,10.0,0.0,0.0,10.0,0.0,0.0,-1520.0,3800.0,yonden
2019,1,2019-01-30,07:00,3980.0,880.0,4350.0,180.0,－－－－－－－－－－,10.0,80.0,0.0,10.0,0.0,10.0,-1540.0,3980.0,yonden
2019,1,2019-01-30,08:00,4170.0,880.0,4280.0,80.0,－－－－－－－－－－,10.0,380.0,0.0,10.0,0.0,100.0,-1570.0,4170.0,yonden
2019,1,2019-01-30,09:00,3990.0,880.0,3920.0,50.0,－－－－－－－－－－,10.0,780.0,0.0,0.0,0.0,0.0,-1650.0,3990.0,yonden
2019,1,2019-01-30,10:00,3770.0,880.0,3550.0,50.0,－－－－－－－－－－,10.0,1100.0,0.0,0.0,0.0,0.0,-1820.0,3770.0,yonden
2019,1,2019-01-30,11:00,3610.0,880.0,3350.0,50.0,－－－－－－－－－－,10.0,1300.0,0.0,0.0,0.0,-30.0,-1950.0,3610.0,yonden
2019,1,2019-01-30,12:00,3350.0,880.0,3320.0,50.0,－－－－－－－－－－,10.0,1370.0,0.0,0.0,0.0,-300.0,-1980.0,3350.0,yonden
2019,1,2019-01-30,13:00,3510.0,880.0,3440.0,50.0,－－－－－－－－－－,10.0,1280.0,0.0,0.0,0.0,-70.0,-2080.0,3510.0,yonden
2019,1,2019-01-30,14:00,3560.0,880.0,3590.0,50.0,－－－－－－－－－－,10.0,1010.0,0.0,0.0,0.0,0.0,-1980.0,3560.0,yonden
2019,1,2019-01-30,15:00,3560.0,880.0,3880.0,70.0,－－－－－－－－－－,10.0,510.0,0.0,0.0,0.0,0.0,-1790.0,3560.0,yonden
2019,1,2019-01-30,16:00,3740.0,880.0,4130.0,100.0,－－－－－－－－－－,10.0,260.0,0.0,0.0,0.0,0.0,-1640.0,3740.0,yonden
2019,1,2019-01-30,17:00,3890.0,880.0,4330.0,140.0,－－－－－－－－－－,10.0,20.0,0.0,0.0,0.0,10.0,-1500.0,3890.0,yonden
2019,1,2019-01-30,18:00,4030.0,880.0,4490.0,220.0,－－－－－－－－－－,10.0,0.0,0.0,0.0,0.0,20.0,-1590.0,4030.0,yonden
2019,1,2019-01-30,19:00,3930.0,880.0,4410.0,240.0,－－－－－－－－－－,10.0,0.0,0.0,0.0,0.0,0.0,-1610.0,3930.0,yonden
2019,1,2019-01-30,20:00,3790.0,880.0,4280.0,190.0,－－－－－－－－－－,10.0,0.0,0.0,0.0,0.0,0.0,-1570.0,3790.0,yonden
2019,1,2019-01-30,21:00,3560.0,880.0,4190.0,130.0,－－－－－－－－－－,10.0,0.0,0.0,0.0,0.0,0.0,-1650.0,3560.0,yonden
2019,1,2019-01-30,22:00,3270.0,880.0,3960.0,70.0,－－－－－－－－－－,10.0,0.0,0.0,0.0,0.0,0.0,-1650.0,3270.0,yonden
2019,1,2019-01-30,23:00,3160.0,880.0,3900.0,50.0,－－－－－－－－－－,10.0,0.0,0.0,0.0,0.0,0.0,-1680.0,3160.0,yonden
2019,1,2019-01-31,00:00,3050.0,880.0,3810.0,50.0,－－－－－－－－－－,10.0,0.0,0.0,0.0,0.0,0.0,-1700.0,3050.0,yonden
2019,1,2019-01-31,01:00,3110.0,880.0,3870.0,50.0,－－－－－－－－－－,10.0,0.0,0.0,10.0,0.0,0.0,-1710.0,3110.0,yonden
2019,1,2019-01-31,02:00,3280.0,880.0,3950.0,40.0,－－－－－－－－－－,10.0,0.0,0.0,20.0,0.0,0.0,-1620.0,3280.0,yonden
2019,1,2019-01-31,03:00,3370.0,880.0,3930.0,30.0,－－－－－－－－－－,10.0,0.0,0.0,20.0,0.0,0.0,-1500.0,3370.0,yonden
2019,1,2019-01-31,04:00,3390.0,880.0,3920.0,40.0,－－－－－－－－－－,10.0,0.0,0.0,20.0,0.0,0.0,-1480.0,3390.0,yonden
2019,1,2019-01-31,05:00,3350.0,880.0,3940.0,40.0,－－－－－－－－－－,10.0,0.0,0.0,20.0,0.0,0.0,-1540.0,3350.0,yonden
2019,1,2019-01-31,06:00,3450.0,880.0,4100.0,70.0,－－－－－－－－－－,10.0,0.0,0.0,10.0,0.0,0.0,-1620.0,3450.0,yonden
2019,1,2019-01-31,07:00,3610.0,880.0,4240.0,140.0,－－－－－－－－－－,10.0,40.0,0.0,10.0,0.0,0.0,-1710.0,3610.0,yonden
2019,1,2019-01-31,08:00,4040.0,880.0,4580.0,140.0,－－－－－－－－－－,10.0,70.0,0.0,0.0,0.0,30.0,-1670.0,4040.0,yonden
2019,1,2019-01-31,09:00,4220.0,880.0,4620.0,140.0,－－－－－－－－－－,10.0,80.0,0.0,10.0,0.0,190.0,-1710.0,4220.0,yonden
2019,1,2019-01-31,10:00,4160.0,880.0,4620.0,90.0,－－－－－－－－－－,10.0,110.0,0.0,10.0,0.0,150.0,-1710.0,4160.0,yonden
2019,1,2019-01-31,11:00,4150.0,880.0,4650.0,70.0,－－－－－－－－－－,10.0,140.0,0.0,10.0,0.0,230.0,-1840.0,4150.0,yonden
2019,1,2019-01-31,12:00,3990.0,880.0,4550.0,70.0,－－－－－－－－－－,10.0,210.0,0.0,20.0,0.0,0.0,-1750.0,3990.0,yonden
2019,1,2019-01-31,13:00,4140.0,880.0,4680.0,100.0,－－－－－－－－－－,10.0,120.0,0.0,30.0,0.0,0.0,-1680.0,4140.0,yonden
2019,1,2019-01-31,14:00,4160.0,880.0,4720.0,100.0,－－－－－－－－－－,10.0,90.0,0.0,60.0,0.0,0.0,-1700.0,4160.0,yonden
2019,1,2019-01-31,15:00,4160.0,880.0,4590.0,120.0,－－－－－－－－－－,10.0,60.0,0.0,120.0,0.0,0.0,-1620.0,4160.0,yonden
2019,1,2019-01-31,16:00,4230.0,880.0,4520.0,120.0,－－－－－－－－－－,10.0,30.0,0.0,140.0,0.0,140.0,-1610.0,4230.0,yonden
2019,1,2019-01-31,17:00,4250.0,880.0,4460.0,150.0,－－－－－－－－－－,10.0,0.0,0.0,150.0,0.0,210.0,-1610.0,4250.0,yonden
2019,1,2019-01-31,18:00,4280.0,880.0,4420.0,280.0,－－－－－－－－－－,10.0,0.0,0.0,150.0,0.0,220.0,-1680.0,4280.0,yonden
2019,1,2019-01-31,19:00,4130.0,880.0,4340.0,200.0,－－－－－－－－－－,10.0,0.0,0.0,150.0,0.0,130.0,-1580.0,4130.0,yonden
2019,1,2019-01-31,20:00,3950.0,880.0,4320.0,190.0,－－－－－－－－－－,10.0,0.0,0.0,150.0,0.0,0.0,-1600.0,3950.0,yonden
2019,1,2019-01-31,21:00,3710.0,880.0,4260.0,150.0,－－－－－－－－－－,10.0,0.0,0.0,150.0,0.0,0.0,-1740.0,3710.0,yonden
2019,1,2019-01-31,22:00,3430.0,880.0,3990.0,100.0,－－－－－－－－－－,10.0,0.0,0.0,140.0,0.0,0.0,-1690.0,3430.0,yonden
2019,1,2019-01-31,23:00,3320.0,880.0,3940.0,90.0,－－－－－－－－－－,10.0,0.0,0.0,130.0,0.0,0.0,-1730.0,3320.0,yonden
2019,2,2019-02-01,00:00,3220.0,880.0,3870.0,100.0,－－－－－－－－－－,10.0,0.0,0.0,120.0,0.0,0.0,-1760.0,3220.0,yonden
2019,2,2019-02-01,01:00,3290.0,880.0,3920.0,90.0,－－－－－－－－－－,10.0,0.0,0.0,120.0,0.0,0.0,-1730.0,3290.0,yonden
2019,2,2019-02-01,02:00,3460.0,880.0,4040.0,90.0,－－－－－－－－－－,10.0,0.0,0.0,110.0,0.0,0.0,-1670.0,3460.0,yonden
2019,2,2019-02-01,03:00,3530.0,880.0,4020.0,90.0,－－－－－－－－－－,10.0,0.0,0.0,120.0,0.0,0.0,-1590.0,3530.0,yonden
2019,2,2019-02-01,04:00,3510.0,880.0,4010.0,80.0,－－－－－－－－－－,10.0,0.0,0.0,120.0,0.0,0.0,-1590.0,3510.0,yonden
2019,2,2019-02-01,05:00,3480.0,880.0,4030.0,60.0,－－－－－－－－－－,10.0,0.0,0.0,120.0,0.0,20.0,-1640.0,3480.0,yonden
2019,2,2019-02-01,06:00,3670.0,880.0,4120.0,140.0,－－－－－－－－－－,10.0,0.0,0.0,120.0,0.0,0.0,-1600.0,3670.0,yonden
2019,2,2019-02-01,07:00,3840.0,880.0,4120.0,170.0,－－－－－－－－－－,10.0,60.0,0.0,110.0,0.0,160.0,-1670.0,3840.0,yonden
2019,2,2019-02-01,08:00,4100.0,880.0,4080.0,170.0,－－－－－－－－－－,10.0,260.0,0.0,110.0,0.0,270.0,-1680.0,4100.0,yonden
2019,2,2019-02-01,09:00,4120.0,880.0,4080.0,130.0,－－－－－－－－－－,10.0,380.0,0.0,100.0,0.0,150.0,-1610.0,4120.0,yonden
2019,2,2019-02-01,10:00,3990.0,880.0,4010.0,120.0,－－－－－－－－－－,10.0,490.0,0.0,110.0,0.0,0.0,-1630.0,3990.0,yonden
2019,2,2019-02-01,11:00,3850.0,880.0,3720.0,80.0,－－－－－－－－－－,10.0,750.0,0.0,110.0,0.0,0.0,-1700.0,3850.0,yonden
2019,2,2019-02-01,12:00,3550.0,880.0,3360.0,90.0,－－－－－－－－－－,10.0,870.0,0.0,120.0,0.0,0.0,-1780.0,3550.0,yonden
2019,2,2019-02-01,13:00,3710.0,880.0,3530.0,100.0,－－－－－－－－－－,10.0,870.0,0.0,120.0,0.0,0.0,-1800.0,3710.0,yonden
2019,2,2019-02-01,14:00,3720.0,880.0,3670.0,110.0,－－－－－－－－－－,10.0,780.0,0.0,120.0,0.0,0.0,-1850.0,3720.0,yonden
2019,2,2019-02-01,15:00,3760.0,880.0,3870.0,120.0,－－－－－－－－－－,10.0,560.0,0.0,120.0,0.0,0.0,-1800.0,3760.0,yonden
2019,2,2019-02-01,16:00,3960.0,880.0,4240.0,140.0,－－－－－－－－－－,10.0,280.0,0.0,120.0,0.0,0.0,-1710.0,3960.0,yonden
2019,2,2019-02-01,17:00,4080.0,880.0,4330.0,260.0,－－－－－－－－－－,10.0,20.0,0.0,120.0,0.0,170.0,-1710.0,4080.0,yonden
2019,2,2019-02-01,18:00,4210.0,880.0,4300.0,340.0,－－－－－－－－－－,10.0,0.0,0.0,120.0,0.0,300.0,-1740.0,4210.0,yonden
2019,2,2019-02-01,19:00,4070.0,880.0,4280.0,330.0,－－－－－－－－－－,10.0,0.0,0.0,110.0,0.0,120.0,-1660.0,4070.0,yonden
2019,2,2019-02-01,20:00,3920.0,880.0,4390.0,260.0,－－－－－－－－－－,10.0,0.0,0.0,100.0,0.0,0.0,-1720.0,3920.0,yonden
2019,2,2019-02-01,21:00,3710.0,880.0,4360.0,140.0,－－－－－－－－－－,10.0,0.0,0.0,110.0,0.0,0.0,-1790.0,3710.0,yonden
2019,2,2019-02-01,22:00,3460.0,880.0,4060.0,100.0,－－－－－－－－－－,10.0,0.0,0.0,100.0,0.0,0.0,-1690.0,3460.0,yonden
2019,2,2019-02-01,23:00,3400.0,880.0,4040.0,90.0,－－－－－－－－－－,10.0,0.0,0.0,90.0,0.0,0.0,-1710.0,3400.0,yonden
2019,2,2019-02-02,00:00,3380.0,880.0,4010.0,50.0,－－－－－－－－－－,10.0,0.0,0.0,70.0,0.0,0.0,-1640.0,3380.0,yonden
2019,2,2019-02-02,01:00,3440.0,880.0,3950.0,50.0,－－－－－－－－－－,10.0,0.0,0.0,60.0,0.0,0.0,-1510.0,3440.0,yonden
2019,2,2019-02-02,02:00,3580.0,880.0,3880.0,70.0,－－－－－－－－－－,10.0,0.0,0.0,50.0,0.0,10.0,-1320.0,3580.0,yonden
2019,2,2019-02-02,03:00,3600.0,880.0,3830.0,80.0,－－－－－－－－－－,10.0,0.0,0.0,50.0,0.0,0.0,-1250.0,3600.0,yonden
2019,2,2019-02-02,04:00,3540.0,880.0,3780.0,60.0,－－－－－－－－－－,10.0,0.0,0.0,60.0,0.0,0.0,-1250.0,3540.0,yonden
2019,2,2019-02-02,05:00,3390.0,880.0,3720.0,50.0,－－－－－－－－－－,10.0,0.0,0.0,50.0,0.0,0.0,-1320.0,3390.0,yonden
2019,2,2019-02-02,06:00,3380.0,880.0,3700.0,70.0,－－－－－－－－－－,10.0,0.0,0.0,60.0,0.0,0.0,-1340.0,3380.0,yonden
2019,2,2019-02-02,07:00,3530.0,880.0,3680.0,80.0,－－－－－－－－－－,10.0,80.0,0.0,60.0,0.0,0.0,-1260.0,3530.0,yonden
2019,2,2019-02-02,08:00,3720.0,880.0,3730.0,80.0,－－－－－－－－－－,10.0,340.0,0.0,80.0,0.0,0.0,-1400.0,3720.0,yonden
2019,2,2019-02-02,09:00,3570.0,880.0,3710.0,120.0,－－－－－－－－－－,10.0,700.0,0.0,70.0,0.0,0.0,-1920.0,3570.0,yonden
2019,2,2019-02-02,10:00,3380.0,880.0,3480.0,160.0,－－－－－－－－－－,10.0,1090.0,0.0,40.0,0.0,-280.0,-2000.0,3380.0,yonden
2019,2,2019-02-02,11:00,3260.0,880.0,3350.0,100.0,－－－－－－－－－－,10.0,1300.0,0.0,10.0,0.0,-310.0,-2080.0,3260.0,yonden
2019,2,2019-02-02,12:00,3060.0,880.0,3130.0,110.0,－－－－－－－－－－,10.0,1370.0,0.0,10.0,0.0,-300.0,-2150.0,3060.0,yonden
2019,2,2019-02-02,13:00,3110.0,880.0,3160.0,80.0,－－－－－－－－－－,10.0,1270.0,0.0,10.0,0.0,-300.0,-2000.0,3110.0,yonden
2019,2,2019-02-02,14:00,3080.0,880.0,3300.0,60.0,－－－－－－－－－－,10.0,1060.0,0.0,10.0,0.0,-300.0,-1940.0,3080.0,yonden
2019,2,2019-02-02,15:00,3100.0,880.0,3330.0,80.0,－－－－－－－－－－,10.0,740.0,0.0,10.0,0.0,-30.0,-1920.0,3100.0,yonden
2019,2,2019-02-02,16:00,3290.0,880.0,3510.0,70.0,－－－－－－－－－－,10.0,350.0,0.0,10.0,0.0,0.0,-1540.0,3290.0,yonden
2019,2,2019-02-02,17:00,3460.0,880.0,3670.0,100.0,－－－－－－－－－－,10.0,30.0,0.0,0.0,0.0,10.0,-1240.0,3460.0,yonden
2019,2,2019-02-02,18:00,3690.0,880.0,3730.0,200.0,－－－－－－－－－－,10.0,0.0,0.0,0.0,0.0,20.0,-1150.0,3690.0,yonden
2019,2,2019-02-02,19:00,3660.0,880.0,3770.0,180.0,－－－－－－－－－－,10.0,0.0,0.0,0.0,0.0,20.0,-1200.0,3660.0,yonden
2019,2,2019-02-02,20:00,3590.0,880.0,3820.0,100.0,－－－－－－－－－－,10.0,0.0,0.0,0.0,0.0,0.0,-1220.0,3590.0,yonden
2019,2,2019-02-02,21:00,3430.0,880.0,3830.0,80.0,－－－－－－－－－－,10.0,0.0,0.0,0.0,0.0,0.0,-1370.0,3430.0,yonden
2019,2,2019-02-02,22:00,3200.0,880.0,3760.0,70.0,－－－－－－－－－－,10.0,0.0,0.0,0.0,0.0,0.0,-1520.0,3200.0,yonden
2019,2,2019-02-02,23:00,3160.0,880.0,3790.0,50.0,－－－－－－－－－－,10.0,0.0,0.0,20.0,0.0,0.0,-1590.0,3160.0,yonden
2019,2,2019-02-03,00:00,3130.0,880.0,3810.0,60.0,－－－－－－－－－－,10.0,0.0,0.0,20.0,0.0,0.0,-1650.0,3130.0,yonden
2019,2,2019-02-03,01:00,3200.0,880.0,3760.0,40.0,－－－－－－－－－－,10.0,0.0,0.0,10.0,0.0,0.0,-1500.0,3200.0,yonden
2019,2,2019-02-03,02:00,3360.0,880.0,3820.0,40.0,－－－－－－－－－－,10.0,0.0,0.0,0.0,0.0,0.0,-1390.0,3360.0,yonden
2019,2,2019-02-03,03:00,3420.0,880.0,3750.0,50.0,－－－－－－－－－－,10.0,0.0,0.0,10.0,0.0,0.0,-1280.0,3420.0,yonden
2019,2,2019-02-03,04:00,3350.0,880.0,3750.0,40.0,－－－－－－－－－－,10.0,0.0,0.0,10.0,0.0,0.0,-1340.0,3350.0,yonden
2019,2,2019-02-03,05:00,3160.0,880.0,3600.0,30.0,－－－－－－－－－－,10.0,0.0,0.0,20.0,0.0,0.0,-1380.0,3160.0,yonden
2019,2,2019-02-03,06:00,3010.0,880.0,3590.0,60.0,－－－－－－－－－－,10.0,0.0,0.0,50.0,0.0,0.0,-1580.0,3010.0,yonden
2019,2,2019-02-03,07:00,3030.0,880.0,3560.0,80.0,－－－－－－－－－－,10.0,70.0,0.0,70.0,0.0,0.0,-1640.0,3030.0,yonden
2019,2,2019-02-03,08:00,3210.0,880.0,3550.0,60.0,－－－－－－－－－－,10.0,220.0,0.0,90.0,0.0,0.0,-1600.0,3210.0,yonden
2019,2,2019-02-03,09:00,3170.0,880.0,3400.0,70.0,－－－－－－－－－－,10.0,380.0,0.0,100.0,0.0,0.0,-1670.0,3170.0,yonden
2019,2,2019-02-03,10:00,3060.0,880.0,3410.0,80.0,－－－－－－－－－－,10.0,440.0,0.0,100.0,0.0,-50.0,-1810.0,3060.0,yonden
2019,2,2019-02-03,11:00,2990.0,890.0,3480.0,100.0,－－－－－－－－－－,10.0,500.0,0.0,110.0,0.0,-290.0,-1810.0,2990.0,yonden
2019,2,2019-02-03,12:00,2980.0,880.0,3470.0,70.0,－－－－－－－－－－,10.0,400.0,0.0,100.0,0.0,0.0,-1950.0,2980.0,yonden
2019,2,2019-02-03,13:00,2960.0,880.0,3480.0,50.0,－－－－－－－－－－,10.0,330.0,0.0,110.0,0.0,0.0,-1900.0,2960.0,yonden
2019,2,2019-02-03,14:00,2950.0,890.0,3530.0,80.0,－－－－－－－－－－,10.0,290.0,0.0,120.0,0.0,0.0,-1970.0,2950.0,yonden
2019,2,2019-02-03,15:00,3010.0,890.0,3570.0,100.0,－－－－－－－－－－,10.0,150.0,0.0,120.0,0.0,0.0,-1830.0,3010.0,yonden
2019,2,2019-02-03,16:00,3170.0,880.0,3800.0,90.0,－－－－－－－－－－,10.0,60.0,0.0,120.0,0.0,0.0,-1790.0,3170.0,yonden
2019,2,2019-02-03,17:00,3370.0,880.0,3900.0,120.0,－－－－－－－－－－,10.0,10.0,0.0,110.0,0.0,30.0,-1690.0,3370.0,yonden
2019,2,2019-02-03,18:00,3490.0,890.0,3920.0,160.0,－－－－－－－－－－,10.0,0.0,0.0,100.0,0.0,20.0,-1610.0,3490.0,yonden
2019,2,2019-02-03,19:00,3420.0,880.0,3850.0,150.0,－－－－－－－－－－,10.0,0.0,0.0,100.0,0.0,20.0,-1590.0,3420.0,yonden
2019,2,2019-02-03,20:00,3320.0,890.0,3820.0,100.0,－－－－－－－－－－,10.0,0.0,0.0,100.0,0.0,0.0,-1600.0,3320.0,yonden
2019,2,2019-02-03,21:00,3100.0,890.0,3730.0,110.0,－－－－－－－－－－,10.0,0.0,0.0,80.0,0.0,0.0,-1720.0,3100.0,yonden
2019,2,2019-02-03,22:00,2860.0,880.0,3610.0,90.0,－－－－－－－－－－,10.0,0.0,0.0,50.0,0.0,0.0,-1780.0,2860.0,yonden
2019,2,2019-02-03,23:00,2750.0,890.0,3450.0,110.0,－－－－－－－－－－,10.0,0.0,0.0,50.0,0.0,0.0,-1760.0,2750.0,yonden
2019,2,2019-02-04,00:00,2670.0,890.0,3400.0,150.0,－－－－－－－－－－,10.0,0.0,0.0,50.0,0.0,0.0,-1830.0,2670.0,yonden
2019,2,2019-02-04,01:00,2780.0,880.0,3530.0,140.0,－－－－－－－－－－,10.0,0.0,0.0,80.0,0.0,0.0,-1860.0,2780.0,yonden
2019,2,2019-02-04,02:00,2990.0,890.0,3640.0,150.0,－－－－－－－－－－,10.0,0.0,0.0,110.0,0.0,0.0,-1810.0,2990.0,yonden
2019,2,2019-02-04,03:00,3100.0,890.0,3620.0,160.0,－－－－－－－－－－,10.0,0.0,0.0,120.0,0.0,0.0,-1700.0,3100.0,yonden
2019,2,2019-02-04,04:00,3100.0,880.0,3600.0,170.0,－－－－－－－－－－,10.0,0.0,0.0,130.0,0.0,0.0,-1690.0,3100.0,yonden
2019,2,2019-02-04,05:00,3010.0,890.0,3590.0,170.0,－－－－－－－－－－,10.0,0.0,0.0,130.0,0.0,0.0,-1780.0,3010.0,yonden
2019,2,2019-02-04,06:00,3070.0,890.0,3550.0,240.0,－－－－－－－－－－,10.0,0.0,0.0,140.0,0.0,20.0,-1780.0,3070.0,yonden
2019,2,2019-02-04,07:00,3270.0,880.0,3770.0,260.0,－－－－－－－－－－,10.0,50.0,0.0,140.0,0.0,40.0,-1880.0,3270.0,yonden
2019,2,2019-02-04,08:00,3570.0,880.0,3740.0,270.0,－－－－－－－－－－,10.0,290.0,0.0,140.0,0.0,30.0,-1790.0,3570.0,yonden
2019,2,2019-02-04,09:00,3490.0,880.0,3300.0,260.0,－－－－－－－－－－,10.0,700.0,0.0,140.0,0.0,-90.0,-1710.0,3490.0,yonden
2019,2,2019-02-04,10:00,3350.0,880.0,3190.0,270.0,－－－－－－－－－－,10.0,1070.0,0.0,140.0,0.0,-300.0,-1910.0,3350.0,yonden
2019,2,2019-02-04,11:00,3340.0,880.0,3150.0,200.0,－－－－－－－－－－,10.0,1210.0,0.0,140.0,0.0,-300.0,-1950.0,3340.0,yonden
2019,2,2019-02-04,12:00,3110.0,880.0,3210.0,240.0,－－－－－－－－－－,10.0,1240.0,0.0,130.0,0.0,-300.0,-2300.0,3110.0,yonden
2019,2,2019-02-04,13:00,3240.0,880.0,3270.0,230.0,－－－－－－－－－－,10.0,1120.0,0.0,130.0,0.0,-300.0,-2100.0,3240.0,yonden
2019,2,2019-02-04,14:00,3260.0,880.0,3370.0,230.0,－－－－－－－－－－,10.0,870.0,0.0,130.0,0.0,-200.0,-2030.0,3260.0,yonden
2019,2,2019-02-04,15:00,3310.0,880.0,3480.0,230.0,－－－－－－－－－－,10.0,550.0,0.0,120.0,0.0,10.0,-1970.0,3310.0,yonden
2019,2,2019-02-04,16:00,3450.0,880.0,3620.0,250.0,－－－－－－－－－－,10.0,270.0,0.0,110.0,0.0,20.0,-1710.0,3450.0,yonden
2019,2,2019-02-04,17:00,3570.0,880.0,3840.0,310.0,－－－－－－－－－－,10.0,30.0,0.0,100.0,0.0,120.0,-1720.0,3570.0,yonden
2019,2,2019-02-04,18:00,3730.0,880.0,3830.0,360.0,－－－－－－－－－－,10.0,0.0,0.0,80.0,0.0,340.0,-1770.0,3730.0,yonden
2019,2,2019-02-04,19:00,3620.0,880.0,3880.0,310.0,－－－－－－－－－－,10.0,0.0,0.0,80.0,0.0,320.0,-1860.0,3620.0,yonden
2019,2,2019-02-04,20:00,3480.0,880.0,3910.0,240.0,－－－－－－－－－－,10.0,0.0,0.0,60.0,0.0,170.0,-1790.0,3480.0,yonden
2019,2,2019-02-04,21:00,3300.0,880.0,3910.0,200.0,－－－－－－－－－－,10.0,0.0,0.0,70.0,0.0,0.0,-1770.0,3300.0,yonden
2019,2,2019-02-04,22:00,3050.0,880.0,3680.0,160.0,－－－－－－－－－－,10.0,0.0,0.0,70.0,0.0,0.0,-1750.0,3050.0,yonden
2019,2,2019-02-04,23:00,2930.0,880.0,3610.0,150.0,－－－－－－－－－－,10.0,0.0,0.0,70.0,0.0,0.0,-1790.0,2930.0,yonden
2019,2,2019-02-05,00:00,2880.0,880.0,3570.0,160.0,－－－－－－－－－－,10.0,0.0,0.0,70.0,0.0,0.0,-1810.0,2880.0,yonden
2019,2,2019-02-05,01:00,3020.0,880.0,3650.0,160.0,－－－－－－－－－－,10.0,0.0,0.0,60.0,0.0,0.0,-1740.0,3020.0,yonden
2019,2,2019-02-05,02:00,3260.0,880.0,3840.0,140.0,－－－－－－－－－－,10.0,0.0,0.0,50.0,0.0,20.0,-1680.0,3260.0,yonden
2019,2,2019-02-05,03:00,3410.0,880.0,3960.0,190.0,－－－－－－－－－－,10.0,0.0,0.0,60.0,0.0,30.0,-1720.0,3410.0,yonden
2019,2,2019-02-05,04:00,3420.0,880.0,3960.0,180.0,－－－－－－－－－－,10.0,0.0,0.0,50.0,0.0,10.0,-1670.0,3420.0,yonden
2019,2,2019-02-05,05:00,3410.0,880.0,3980.0,180.0,－－－－－－－－－－,10.0,0.0,0.0,50.0,0.0,0.0,-1690.0,3410.0,yonden
2019,2,2019-02-05,06:00,3540.0,880.0,4030.0,230.0,－－－－－－－－－－,10.0,0.0,0.0,50.0,0.0,0.0,-1660.0,3540.0,yonden
2019,2,2019-02-05,07:00,3670.0,880.0,4090.0,190.0,－－－－－－－－－－,10.0,100.0,0.0,40.0,0.0,0.0,-1640.0,3670.0,yonden
2019,2,2019-02-05,08:00,3890.0,880.0,4000.0,190.0,－－－－－－－－－－,10.0,430.0,0.0,40.0,0.0,0.0,-1660.0,3890.0,yonden
2019,2,2019-02-05,09:00,3730.0,880.0,3580.0,150.0,－－－－－－－－－－,10.0,830.0,0.0,30.0,0.0,0.0,-1750.0,3730.0,yonden
2019,2,2019-02-05,10:00,3570.0,880.0,3360.0,130.0,－－－－－－－－－－,10.0,1180.0,0.0,20.0,0.0,-50.0,-1960.0,3570.0,yonden
2019,2,2019-02-05,11:00,3480.0,880.0,3330.0,130.0,－－－－－－－－－－,10.0,1340.0,0.0,10.0,0.0,-300.0,-1920.0,3480.0,yonden
2019,2,2019-02-05,12:00,3240.0,880.0,3340.0,150.0,－－－－－－－－－－,10.0,1330.0,0.0,10.0,0.0,-300.0,-2180.0,3240.0,yonden
2019,2,2019-02-05,13:00,3440.0,880.0,3430.0,140.0,－－－－－－－－－－,10.0,1200.0,0.0,0.0,0.0,-300.0,-1920.0,3440.0,yonden
2019,2,2019-02-05,14:00,3440.0,880.0,3540.0,140.0,－－－－－－－－－－,10.0,930.0,0.0,0.0,0.0,-100.0,-1960.0,3440.0,yonden
2019,2,2019-02-05,15:00,3530.0,880.0,3750.0,190.0,－－－－－－－－－－,10.0,600.0,0.0,0.0,0.0,0.0,-1900.0,3530.0,yonden
2019,2,2019-02-05,16:00,3680.0,880.0,3930.0,210.0,－－－－－－－－－－,10.0,260.0,0.0,10.0,0.0,30.0,-1650.0,3680.0,yonden
2019,2,2019-02-05,17:00,3760.0,880.0,4080.0,260.0,－－－－－－－－－－,10.0,20.0,0.0,10.0,0.0,140.0,-1640.0,3760.0,yonden
2019,2,2019-02-05,18:00,3890.0,880.0,4120.0,310.0,－－－－－－－－－－,10.0,0.0,0.0,10.0,0.0,290.0,-1730.0,3890.0,yonden
2019,2,2019-02-05,19:00,3760.0,880.0,4090.0,330.0,－－－－－－－－－－,10.0,0.0,0.0,10.0,0.0,200.0,-1760.0,3760.0,yonden
2019,2,2019-02-05,20:00,3600.0,880.0,4050.0,250.0,－－－－－－－－－－,10.0,0.0,0.0,20.0,0.0,140.0,-1750.0,3600.0,yonden
2019,2,2019-02-05,21:00,3380.0,880.0,4050.0,200.0,－－－－－－－－－－,10.0,0.0,0.0,30.0,0.0,0.0,-1790.0,3380.0,yonden
2019,2,2019-02-05,22:00,3120.0,880.0,3670.0,160.0,－－－－－－－－－－,10.0,0.0,0.0,50.0,0.0,0.0,-1650.0,3120.0,yonden
2019,2,2019-02-05,23:00,3000.0,880.0,3640.0,150.0,－－－－－－－－－－,10.0,0.0,0.0,30.0,0.0,0.0,-1710.0,3000.0,yonden
2019,2,2019-02-06,00:00,2920.0,880.0,3680.0,140.0,－－－－－－－－－－,10.0,0.0,0.0,30.0,0.0,0.0,-1820.0,2920.0,yonden
2019,2,2019-02-06,01:00,3010.0,880.0,3710.0,130.0,－－－－－－－－－－,10.0,0.0,0.0,20.0,0.0,0.0,-1740.0,3010.0,yonden
2019,2,2019-02-06,02:00,3220.0,880.0,3800.0,130.0,－－－－－－－－－－,10.0,0.0,0.0,10.0,0.0,0.0,-1610.0,3220.0,yonden
2019,2,2019-02-06,03:00,3370.0,880.0,3920.0,150.0,－－－－－－－－－－,10.0,0.0,0.0,20.0,0.0,0.0,-1610.0,3370.0,yonden
2019,2,2019-02-06,04:00,3380.0,880.0,3880.0,160.0,－－－－－－－－－－,10.0,0.0,0.0,30.0,0.0,0.0,-1580.0,3380.0,yonden
2019,2,2019-02-06,05:00,3300.0,880.0,3810.0,140.0,－－－－－－－－－－,10.0,0.0,0.0,50.0,0.0,0.0,-1590.0,3300.0,yonden
2019,2,2019-02-06,06:00,3340.0,880.0,3890.0,160.0,－－－－－－－－－－,10.0,0.0,0.0,30.0,0.0,0.0,-1630.0,3340.0,yonden
2019,2,2019-02-06,07:00,3510.0,880.0,4110.0,260.0,－－－－－－－－－－,10.0,20.0,0.0,40.0,0.0,30.0,-1840.0,3510.0,yonden
2019,2,2019-02-06,08:00,3970.0,880.0,4310.0,340.0,－－－－－－－－－－,10.0,60.0,0.0,10.0,0.0,30.0,-1670.0,3970.0,yonden
2019,2,2019-02-06,09:00,4100.0,880.0,4210.0,360.0,－－－－－－－－－－,10.0,90.0,0.0,40.0,0.0,30.0,-1520.0,4100.0,yonden
2019,2,2019-02-06,10:00,4060.0,880.0,4240.0,300.0,－－－－－－－－－－,10.0,170.0,0.0,40.0,0.0,10.0,-1590.0,4060.0,yonden
2019,2,2019-02-06,11:00,3900.0,880.0,4160.0,290.0,－－－－－－－－－－,10.0,350.0,0.0,30.0,0.0,0.0,-1820.0,3900.0,yonden
2019,2,2019-02-06,12:00,3460.0,880.0,3800.0,270.0,－－－－－－－－－－,10.0,560.0,0.0,10.0,0.0,0.0,-2070.0,3460.0,yonden
2019,2,2019-02-06,13:00,3570.0,880.0,3930.0,260.0,－－－－－－－－－－,10.0,680.0,0.0,10.0,0.0,0.0,-2200.0,3570.0,yonden
2019,2,2019-02-06,14:00,3580.0,880.0,4080.0,280.0,－－－－－－－－－－,10.0,440.0,0.0,40.0,0.0,0.0,-2150.0,3580.0,yonden
2019,2,2019-02-06,15:00,3540.0,880.0,3830.0,270.0,－－－－－－－－－－,10.0,370.0,0.0,50.0,0.0,0.0,-1870.0,3540.0,yonden
2019,2,2019-02-06,16:00,3690.0,880.0,3990.0,260.0,－－－－－－－－－－,10.0,230.0,0.0,30.0,0.0,0.0,-1710.0,3690.0,yonden
2019,2,2019-02-06,17:00,3740.0,880.0,4220.0,310.0,－－－－－－－－－－,10.0,20.0,0.0,40.0,0.0,10.0,-1750.0,3740.0,yonden
2019,2,2019-02-06,18:00,3850.0,880.0,4260.0,360.0,－－－－－－－－－－,10.0,0.0,0.0,30.0,0.0,40.0,-1730.0,3850.0,yonden
2019,2,2019-02-06,19:00,3740.0,880.0,4240.0,370.0,－－－－－－－－－－,10.0,0.0,0.0,20.0,0.0,40.0,-1820.0,3740.0,yonden
2019,2,2019-02-06,20:00,3590.0,880.0,4100.0,280.0,－－－－－－－－－－,10.0,0.0,0.0,10.0,0.0,10.0,-1700.0,3590.0,yonden
2019,2,2019-02-06,21:00,3390.0,880.0,4000.0,230.0,－－－－－－－－－－,10.0,0.0,0.0,0.0,0.0,0.0,-1730.0,3390.0,yonden
2019,2,2019-02-06,22:00,3150.0,880.0,3830.0,210.0,－－－－－－－－－－,10.0,0.0,0.0,0.0,0.0,0.0,-1780.0,3150.0,yonden
2019,2,2019-02-06,23:00,3000.0,880.0,3730.0,190.0,－－－－－－－－－－,10.0,0.0,0.0,0.0,0.0,0.0,-1810.0,3000.0,yonden
2019,2,2019-02-07,00:00,2930.0,880.0,3670.0,180.0,－－－－－－－－－－,10.0,0.0,0.0,0.0,0.0,0.0,-1810.0,2930.0,yonden
2019,2,2019-02-07,01:00,3020.0,880.0,3680.0,170.0,－－－－－－－－－－,10.0,0.0,0.0,0.0,0.0,0.0,-1720.0,3020.0,yonden
2019,2,2019-02-07,02:00,3220.0,880.0,3750.0,180.0,－－－－－－－－－－,10.0,0.0,0.0,0.0,0.0,0.0,-1600.0,3220.0,yonden
2019,2,2019-02-07,03:00,3360.0,880.0,3860.0,210.0,－－－－－－－－－－,10.0,0.0,0.0,0.0,0.0,0.0,-1600.0,3360.0,yonden
2019,2,2019-02-07,04:00,3380.0,880.0,3890.0,200.0,－－－－－－－－－－,10.0,0.0,0.0,10.0,0.0,0.0,-1610.0,3380.0,yonden
2019,2,2019-02-07,05:00,3320.0,880.0,3850.0,200.0,－－－－－－－－－－,10.0,0.0,0.0,20.0,0.0,0.0,-1640.0,3320.0,yonden
2019,2,2019-02-07,06:00,3400.0,880.0,3960.0,270.0,－－－－－－－－－－,10.0,0.0,0.0,10.0,0.0,20.0,-1750.0,3400.0,yonden
2019,2,2019-02-07,07:00,3540.0,880.0,4040.0,350.0,－－－－－－－－－－,10.0,70.0,0.0,10.0,0.0,130.0,-1950.0,3540.0,yonden
2019,2,2019-02-07,08:00,3870.0,890.0,4040.0,330.0,－－－－－－－－－－,10.0,250.0,0.0,0.0,0.0,250.0,-1900.0,3870.0,yonden
2019,2,2019-02-07,09:00,3780.0,880.0,3970.0,240.0,－－－－－－－－－－,10.0,500.0,0.0,0.0,0.0,20.0,-1840.0,3780.0,yonden
2019,2,2019-02-07,10:00,3560.0,880.0,3650.0,170.0,－－－－－－－－－－,10.0,780.0,0.0,10.0,0.0,0.0,-1940.0,3560.0,yonden
2019,2,2019-02-07,11:00,3440.0,880.0,3370.0,180.0,－－－－－－－－－－,10.0,1000.0,0.0,0.0,0.0,-30.0,-1970.0,3440.0,yonden
2019,2,2019-02-07,12:00,3240.0,880.0,3480.0,200.0,－－－－－－－－－－,10.0,930.0,0.0,0.0,0.0,-300.0,-1960.0,3240.0,yonden
2019,2,2019-02-07,13:00,3350.0,880.0,3590.0,220.0,－－－－－－－－－－,10.0,660.0,0.0,0.0,0.0,-30.0,-1980.0,3350.0,yonden
2019,2,2019-02-07,14:00,3450.0,880.0,3780.0,240.0,－－－－－－－－－－,10.0,520.0,0.0,10.0,0.0,0.0,-1990.0,3450.0,yonden
2019,2,2019-02-07,15:00,3530.0,880.0,4010.0,300.0,－－－－－－－－－－,10.0,250.0,0.0,20.0,0.0,10.0,-1950.0,3530.0,yonden
2019,2,2019-02-07,16:00,3610.0,880.0,4100.0,260.0,－－－－－－－－－－,10.0,70.0,0.0,40.0,0.0,20.0,-1770.0,3610.0,yonden
2019,2,2019-02-07,17:00,3680.0,880.0,4160.0,270.0,－－－－－－－－－－,10.0,10.0,0.0,80.0,0.0,20.0,-1750.0,3680.0,yonden
2019,2,2019-02-07,18:00,3700.0,880.0,4170.0,370.0,－－－－－－－－－－,10.0,0.0,0.0,70.0,0.0,40.0,-1840.0,3700.0,yonden
2019,2,2019-02-07,19:00,3560.0,880.0,4070.0,370.0,－－－－－－－－－－,10.0,0.0,0.0,60.0,0.0,10.0,-1840.0,3560.0,yonden
2019,2,2019-02-07,20:00,3400.0,880.0,3970.0,260.0,－－－－－－－－－－,10.0,0.0,0.0,50.0,0.0,0.0,-1770.0,3400.0,yonden
2019,2,2019-02-07,21:00,3190.0,880.0,3780.0,240.0,－－－－－－－－－－,10.0,0.0,0.0,90.0,0.0,0.0,-1810.0,3190.0,yonden
2019,2,2019-02-07,22:00,2940.0,880.0,3710.0,190.0,－－－－－－－－－－,10.0,0.0,0.0,110.0,0.0,0.0,-1960.0,2940.0,yonden
2019,2,2019-02-07,23:00,2830.0,880.0,3580.0,170.0,－－－－－－－－－－,10.0,0.0,0.0,120.0,0.0,0.0,-1930.0,2830.0,yonden
2019,2,2019-02-08,00:00,2760.0,880.0,3510.0,160.0,－－－－－－－－－－,10.0,0.0,0.0,120.0,0.0,0.0,-1920.0,2760.0,yonden
2019,2,2019-02-08,01:00,2840.0,880.0,3510.0,150.0,－－－－－－－－－－,10.0,0.0,0.0,120.0,0.0,0.0,-1830.0,2840.0,yonden
2019,2,2019-02-08,02:00,3080.0,880.0,3560.0,150.0,－－－－－－－－－－,10.0,0.0,0.0,130.0,0.0,0.0,-1650.0,3080.0,yonden
2019,2,2019-02-08,03:00,3230.0,880.0,3700.0,150.0,－－－－－－－－－－,10.0,0.0,0.0,110.0,0.0,0.0,-1620.0,3230.0,yonden
2019,2,2019-02-08,04:00,3280.0,880.0,3750.0,170.0,－－－－－－－－－－,10.0,0.0,0.0,100.0,0.0,0.0,-1630.0,3280.0,yonden
2019,2,2019-02-08,05:00,3250.0,880.0,3750.0,160.0,－－－－－－－－－－,10.0,0.0,0.0,100.0,0.0,0.0,-1650.0,3250.0,yonden
2019,2,2019-02-08,06:00,3340.0,880.0,3810.0,180.0,－－－－－－－－－－,10.0,0.0,0.0,100.0,0.0,0.0,-1640.0,3340.0,yonden
2019,2,2019-02-08,07:00,3390.0,880.0,3740.0,180.0,－－－－－－－－－－,10.0,60.0,0.0,120.0,0.0,20.0,-1620.0,3390.0,yonden
2019,2,2019-02-08,08:00,3730.0,880.0,3960.0,270.0,－－－－－－－－－－,10.0,180.0,0.0,120.0,0.0,20.0,-1710.0,3730.0,yonden
2019,2,2019-02-08,09:00,3900.0,880.0,4070.0,300.0,－－－－－－－－－－,10.0,250.0,0.0,120.0,0.0,30.0,-1760.0,3900.0,yonden
2019,2,2019-02-08,10:00,3800.0,880.0,4130.0,280.0,－－－－－－－－－－,10.0,370.0,0.0,110.0,0.0,10.0,-1990.0,3800.0,yonden
2019,2,2019-02-08,11:00,3720.0,880.0,3920.0,230.0,－－－－－－－－－－,10.0,570.0,0.0,90.0,0.0,10.0,-1990.0,3720.0,yonden
2019,2,2019-02-08,12:00,3460.0,880.0,3640.0,190.0,－－－－－－－－－－,10.0,690.0,0.0,80.0,0.0,0.0,-2030.0,3460.0,yonden
2019,2,2019-02-08,13:00,3550.0,880.0,3610.0,170.0,－－－－－－－－－－,10.0,750.0,0.0,90.0,0.0,0.0,-1960.0,3550.0,yonden
2019,2,2019-02-08,14:00,3510.0,880.0,3500.0,170.0,－－－－－－－－－－,10.0,570.0,0.0,120.0,0.0,0.0,-1740.0,3510.0,yonden
2019,2,2019-02-08,15:00,3550.0,880.0,3640.0,180.0,－－－－－－－－－－,10.0,390.0,0.0,120.0,0.0,0.0,-1670.0,3550.0,yonden
2019,2,2019-02-08,16:00,3730.0,880.0,3970.0,190.0,－－－－－－－－－－,10.0,240.0,0.0,100.0,0.0,0.0,-1660.0,3730.0,yonden
2019,2,2019-02-08,17:00,3860.0,880.0,4230.0,300.0,－－－－－－－－－－,10.0,30.0,0.0,70.0,0.0,70.0,-1730.0,3860.0,yonden
2019,2,2019-02-08,18:00,3990.0,880.0,4260.0,350.0,－－－－－－－－－－,10.0,0.0,0.0,40.0,0.0,180.0,-1730.0,3990.0,yonden
2019,2,2019-02-08,19:00,3890.0,880.0,4280.0,360.0,－－－－－－－－－－,10.0,0.0,0.0,30.0,0.0,80.0,-1750.0,3890.0,yonden
2019,2,2019-02-08,20:00,3740.0,880.0,4280.0,300.0,－－－－－－－－－－,10.0,0.0,0.0,20.0,0.0,10.0,-1760.0,3740.0,yonden
2019,2,2019-02-08,21:00,3550.0,880.0,4230.0,210.0,－－－－－－－－－－,10.0,0.0,0.0,10.0,0.0,0.0,-1790.0,3550.0,yonden
2019,2,2019-02-08,22:00,3290.0,880.0,3920.0,190.0,－－－－－－－－－－,10.0,0.0,0.0,10.0,0.0,0.0,-1720.0,3290.0,yonden
2019,2,2019-02-08,23:00,3180.0,880.0,3840.0,180.0,－－－－－－－－－－,10.0,0.0,0.0,10.0,0.0,0.0,-1740.0,3180.0,yonden
2019,2,2019-02-09,00:00,3090.0,880.0,3700.0,160.0,－－－－－－－－－－,10.0,0.0,0.0,10.0,0.0,0.0,-1670.0,3090.0,yonden
2019,2,2019-02-09,01:00,3160.0,880.0,3660.0,150.0,－－－－－－－－－－,10.0,0.0,0.0,20.0,0.0,0.0,-1560.0,3160.0,yonden
2019,2,2019-02-09,02:00,3330.0,880.0,3630.0,150.0,－－－－－－－－－－,10.0,0.0,0.0,20.0,0.0,0.0,-1360.0,3330.0,yonden
2019,2,2019-02-09,03:00,3390.0,880.0,3630.0,150.0,－－－－－－－－－－,10.0,0.0,0.0,10.0,0.0,0.0,-1290.0,3390.0,yonden
2019,2,2019-02-09,04:00,3350.0,880.0,3600.0,130.0,－－－－－－－－－－,10.0,0.0,0.0,10.0,0.0,0.0,-1280.0,3350.0,yonden
2019,2,2019-02-09,05:00,3240.0,880.0,3580.0,130.0,－－－－－－－－－－,10.0,0.0,0.0,40.0,0.0,0.0,-1400.0,3240.0,yonden
2019,2,2019-02-09,06:00,3160.0,880.0,3620.0,170.0,－－－－－－－－－－,10.0,0.0,0.0,40.0,0.0,0.0,-1560.0,3160.0,yonden
2019,2,2019-02-09,07:00,3290.0,880.0,3680.0,200.0,－－－－－－－－－－,10.0,40.0,0.0,20.0,0.0,0.0,-1540.0,3290.0,yonden
2019,2,2019-02-09,08:00,3620.0,880.0,3870.0,240.0,－－－－－－－－－－,10.0,110.0,0.0,30.0,0.0,20.0,-1540.0,3620.0,yonden
2019,2,2019-02-09,09:00,3740.0,880.0,4070.0,250.0,－－－－－－－－－－,10.0,180.0,0.0,50.0,0.0,20.0,-1720.0,3740.0,yonden
2019,2,2019-02-09,10:00,3660.0,880.0,3850.0,180.0,－－－－－－－－－－,10.0,280.0,0.0,80.0,0.0,0.0,-1620.0,3660.0,yonden
2019,2,2019-02-09,11:00,3450.0,880.0,3700.0,160.0,－－－－－－－－－－,10.0,430.0,0.0,90.0,0.0,0.0,-1820.0,3450.0,yonden
2019,2,2019-02-09,12:00,3200.0,880.0,3530.0,160.0,－－－－－－－－－－,10.0,490.0,0.0,90.0,0.0,0.0,-1960.0,3200.0,yonden
2019,2,2019-02-09,13:00,3230.0,880.0,3350.0,150.0,－－－－－－－－－－,10.0,570.0,0.0,90.0,0.0,0.0,-1820.0,3230.0,yonden
2019,2,2019-02-09,14:00,3280.0,880.0,3460.0,160.0,－－－－－－－－－－,10.0,340.0,0.0,130.0,0.0,0.0,-1700.0,3280.0,yonden
2019,2,2019-02-09,15:00,3430.0,880.0,3770.0,200.0,－－－－－－－－－－,10.0,160.0,0.0,140.0,0.0,0.0,-1730.0,3430.0,yonden
2019,2,2019-02-09,16:00,3530.0,880.0,3870.0,180.0,－－－－－－－－－－,10.0,70.0,0.0,130.0,0.0,20.0,-1630.0,3530.0,yonden
2019,2,2019-02-09,17:00,3670.0,880.0,3990.0,220.0,－－－－－－－－－－,10.0,10.0,0.0,140.0,0.0,20.0,-1600.0,3670.0,yonden
2019,2,2019-02-09,18:00,3740.0,880.0,4000.0,290.0,－－－－－－－－－－,10.0,0.0,0.0,140.0,0.0,10.0,-1590.0,3740.0,yonden
2019,2,2019-02-09,19:00,3650.0,880.0,3860.0,270.0,－－－－－－－－－－,10.0,0.0,0.0,140.0,0.0,0.0,-1510.0,3650.0,yonden
2019,2,2019-02-09,20:00,3550.0,880.0,3690.0,250.0,－－－－－－－－－－,10.0,0.0,0.0,140.0,0.0,0.0,-1420.0,3550.0,yonden
2019,2,2019-02-09,21:00,3390.0,880.0,3700.0,210.0,－－－－－－－－－－,10.0,0.0,0.0,130.0,0.0,0.0,-1540.0,3390.0,yonden
2019,2,2019-02-09,22:00,3150.0,880.0,3690.0,160.0,－－－－－－－－－－,10.0,0.0,0.0,120.0,0.0,0.0,-1710.0,3150.0,yonden
2019,2,2019-02-09,23:00,3070.0,880.0,3660.0,150.0,－－－－－－－－－－,10.0,0.0,0.0,100.0,0.0,0.0,-1730.0,3070.0,yonden
2019,2,2019-02-10,00:00,3040.0,880.0,3670.0,110.0,－－－－－－－－－－,10.0,0.0,0.0,100.0,0.0,0.0,-1730.0,3040.0,yonden
2019,2,2019-02-10,01:00,3100.0,880.0,3660.0,110.0,－－－－－－－－－－,10.0,0.0,0.0,100.0,0.0,0.0,-1660.0,3100.0,yonden
2019,2,2019-02-10,02:00,3270.0,880.0,3690.0,140.0,－－－－－－－－－－,10.0,0.0,0.0,120.0,0.0,0.0,-1570.0,3270.0,yonden
2019,2,2019-02-10,03:00,3340.0,880.0,3680.0,180.0,－－－－－－－－－－,10.0,0.0,0.0,110.0,0.0,0.0,-1520.0,3340.0,yonden
2019,2,2019-02-10,04:00,3290.0,880.0,3640.0,190.0,－－－－－－－－－－,10.0,0.0,0.0,90.0,0.0,0.0,-1520.0,3290.0,yonden
2019,2,2019-02-10,05:00,3140.0,880.0,3690.0,130.0,－－－－－－－－－－,10.0,0.0,0.0,70.0,0.0,0.0,-1640.0,3140.0,yonden
2019,2,2019-02-10,06:00,3010.0,880.0,3680.0,180.0,－－－－－－－－－－,10.0,0.0,0.0,60.0,0.0,0.0,-1800.0,3010.0,yonden
2019,2,2019-02-10,07:00,3060.0,880.0,3640.0,160.0,－－－－－－－－－－,10.0,110.0,0.0,50.0,0.0,10.0,-1800.0,3060.0,yonden
2019,2,2019-02-10,08:00,3130.0,880.0,3460.0,120.0,－－－－－－－－－－,10.0,350.0,0.0,40.0,0.0,20.0,-1750.0,3130.0,yonden
2019,2,2019-02-10,09:00,3060.0,880.0,3300.0,160.0,－－－－－－－－－－,10.0,640.0,0.0,40.0,0.0,10.0,-1980.0,3060.0,yonden
2019,2,2019-02-10,10:00,2930.0,880.0,2930.0,150.0,－－－－－－－－－－,10.0,930.0,0.0,40.0,0.0,0.0,-2010.0,2930.0,yonden
2019,2,2019-02-10,11:00,2820.0,880.0,2870.0,150.0,－－－－－－－－－－,10.0,1050.0,0.0,20.0,0.0,-290.0,-1870.0,2820.0,yonden
2019,2,2019-02-10,12:00,2770.0,880.0,2730.0,160.0,－－－－－－－－－－,10.0,1140.0,0.0,20.0,0.0,-300.0,-1870.0,2770.0,yonden
2019,2,2019-02-10,13:00,2710.0,880.0,2630.0,160.0,－－－－－－－－－－,10.0,1100.0,0.0,20.0,0.0,-300.0,-1790.0,2710.0,yonden
2019,2,2019-02-10,14:00,2700.0,880.0,2560.0,150.0,－－－－－－－－－－,10.0,960.0,0.0,30.0,0.0,0.0,-1890.0,2700.0,yonden
2019,2,2019-02-10,15:00,2760.0,880.0,2730.0,160.0,－－－－－－－－－－,10.0,680.0,0.0,30.0,0.0,0.0,-1730.0,2760.0,yonden
2019,2,2019-02-10,16:00,2960.0,880.0,3130.0,150.0,－－－－－－－－－－,10.0,390.0,0.0,30.0,0.0,0.0,-1630.0,2960.0,yonden
2019,2,2019-02-10,17:00,3280.0,880.0,3640.0,250.0,－－－－－－－－－－,10.0,60.0,0.0,20.0,0.0,10.0,-1590.0,3280.0,yonden
2019,2,2019-02-10,18:00,3550.0,880.0,3770.0,300.0,－－－－－－－－－－,10.0,0.0,0.0,20.0,0.0,20.0,-1450.0,3550.0,yonden
2019,2,2019-02-10,19:00,3540.0,880.0,3780.0,260.0,－－－－－－－－－－,10.0,0.0,0.0,10.0,0.0,10.0,-1410.0,3540.0,yonden
2019,2,2019-02-10,20:00,3470.0,880.0,3760.0,220.0,－－－－－－－－－－,10.0,0.0,0.0,10.0,0.0,0.0,-1410.0,3470.0,yonden
2019,2,2019-02-10,21:00,3320.0,880.0,3790.0,200.0,－－－－－－－－－－,10.0,0.0,0.0,0.0,0.0,0.0,-1560.0,3320.0,yonden
2019,2,2019-02-10,22:00,3080.0,880.0,3750.0,160.0,－－－－－－－－－－,10.0,0.0,0.0,0.0,0.0,0.0,-1720.0,3080.0,yonden
2019,2,2019-02-10,23:00,3010.0,880.0,3680.0,150.0,－－－－－－－－－－,10.0,0.0,0.0,0.0,0.0,0.0,-1710.0,3010.0,yonden
2019,2,2019-02-11,00:00,2970.0,880.0,3590.0,110.0,－－－－－－－－－－,10.0,0.0,0.0,0.0,0.0,0.0,-1620.0,2970.0,yonden
2019,2,2019-02-11,01:00,3050.0,880.0,3580.0,100.0,－－－－－－－－－－,10.0,0.0,0.0,0.0,0.0,0.0,-1520.0,3050.0,yonden
2019,2,2019-02-11,02:00,3220.0,880.0,3720.0,100.0,－－－－－－－－－－,10.0,0.0,0.0,0.0,0.0,0.0,-1490.0,3220.0,yonden
2019,2,2019-02-11,03:00,3330.0,880.0,3740.0,150.0,－－－－－－－－－－,10.0,0.0,0.0,0.0,0.0,0.0,-1450.0,3330.0,yonden
2019,2,2019-02-11,04:00,3310.0,880.0,3710.0,160.0,－－－－－－－－－－,10.0,0.0,0.0,10.0,0.0,0.0,-1460.0,3310.0,yonden
2019,2,2019-02-11,05:00,3180.0,880.0,3670.0,150.0,－－－－－－－－－－,10.0,0.0,0.0,10.0,0.0,0.0,-1540.0,3180.0,yonden
2019,2,2019-02-11,06:00,3110.0,880.0,3690.0,180.0,－－－－－－－－－－,10.0,0.0,0.0,20.0,0.0,0.0,-1670.0,3110.0,yonden
2019,2,2019-02-11,07:00,3290.0,880.0,3790.0,210.0,－－－－－－－－－－,10.0,40.0,0.0,10.0,0.0,10.0,-1660.0,3290.0,yonden
2019,2,2019-02-11,08:00,3710.0,880.0,4000.0,220.0,－－－－－－－－－－,10.0,80.0,0.0,20.0,0.0,20.0,-1520.0,3710.0,yonden
2019,2,2019-02-11,09:00,3860.0,880.0,4220.0,240.0,－－－－－－－－－－,10.0,100.0,0.0,30.0,0.0,0.0,-1620.0,3860.0,yonden
2019,2,2019-02-11,10:00,3820.0,880.0,4260.0,240.0,－－－－－－－－－－,10.0,160.0,0.0,40.0,0.0,0.0,-1770.0,3820.0,yonden
2019,2,2019-02-11,11:00,3650.0,880.0,4150.0,220.0,－－－－－－－－－－,10.0,270.0,0.0,50.0,0.0,0.0,-1930.0,3650.0,yonden
2019,2,2019-02-11,12:00,3430.0,880.0,4050.0,190.0,－－－－－－－－－－,10.0,330.0,0.0,60.0,0.0,0.0,-2090.0,3430.0,yonden
2019,2,2019-02-11,13:00,3410.0,880.0,4070.0,200.0,－－－－－－－－－－,10.0,320.0,0.0,90.0,0.0,0.0,-2160.0,3410.0,yonden
2019,2,2019-02-11,14:00,3420.0,880.0,4110.0,200.0,－－－－－－－－－－,10.0,290.0,0.0,100.0,0.0,0.0,-2170.0,3420.0,yonden
2019,2,2019-02-11,15:00,3410.0,880.0,3970.0,210.0,－－－－－－－－－－,10.0,200.0,0.0,100.0,0.0,0.0,-1960.0,3410.0,yonden
2019,2,2019-02-11,16:00,3520.0,880.0,4030.0,180.0,－－－－－－－－－－,10.0,100.0,0.0,110.0,0.0,0.0,-1790.0,3520.0,yonden
2019,2,2019-02-11,17:00,3700.0,880.0,4070.0,230.0,－－－－－－－－－－,10.0,20.0,0.0,110.0,0.0,10.0,-1630.0,3700.0,yonden
2019,2,2019-02-11,18:00,3840.0,880.0,4170.0,350.0,－－－－－－－－－－,10.0,0.0,0.0,120.0,0.0,20.0,-1710.0,3840.0,yonden
2019,2,2019-02-11,19:00,3760.0,880.0,4020.0,320.0,－－－－－－－－－－,10.0,0.0,0.0,120.0,0.0,20.0,-1610.0,3760.0,yonden
2019,2,2019-02-11,20:00,3640.0,880.0,3900.0,220.0,－－－－－－－－－－,10.0,0.0,0.0,130.0,0.0,0.0,-1500.0,3640.0,yonden
2019,2,2019-02-11,21:00,3460.0,880.0,3910.0,200.0,－－－－－－－－－－,10.0,0.0,0.0,140.0,0.0,0.0,-1680.0,3460.0,yonden
2019,2,2019-02-11,22:00,3200.0,880.0,3890.0,180.0,－－－－－－－－－－,10.0,0.0,0.0,130.0,0.0,0.0,-1890.0,3200.0,yonden
2019,2,2019-02-11,23:00,3090.0,880.0,3880.0,140.0,－－－－－－－－－－,10.0,0.0,0.0,110.0,0.0,0.0,-1930.0,3090.0,yonden
2019,2,2019-02-12,00:00,3040.0,880.0,3670.0,130.0,－－－－－－－－－－,10.0,0.0,0.0,100.0,0.0,0.0,-1750.0,3040.0,yonden
2019,2,2019-02-12,01:00,3140.0,880.0,3710.0,120.0,－－－－－－－－－－,10.0,0.0,0.0,100.0,0.0,0.0,-1680.0,3140.0,yonden
2019,2,2019-02-12,02:00,3360.0,880.0,3790.0,150.0,－－－－－－－－－－,10.0,0.0,0.0,90.0,0.0,0.0,-1560.0,3360.0,yonden
2019,2,2019-02-12,03:00,3440.0,880.0,3840.0,170.0,－－－－－－－－－－,10.0,0.0,0.0,100.0,0.0,0.0,-1560.0,3440.0,yonden
2019,2,2019-02-12,04:00,3460.0,880.0,4020.0,170.0,－－－－－－－－－－,10.0,0.0,0.0,90.0,0.0,0.0,-1710.0,3460.0,yonden
2019,2,2019-02-12,05:00,3470.0,880.0,4210.0,160.0,－－－－－－－－－－,10.0,0.0,0.0,80.0,0.0,0.0,-1870.0,3470.0,yonden
2019,2,2019-02-12,06:00,3670.0,880.0,4360.0,240.0,－－－－－－－－－－,10.0,0.0,0.0,80.0,0.0,20.0,-1920.0,3670.0,yonden
2019,2,2019-02-12,07:00,3830.0,880.0,4260.0,250.0,－－－－－－－－－－,10.0,150.0,0.0,80.0,0.0,10.0,-1810.0,3830.0,yonden
2019,2,2019-02-12,08:00,4040.0,880.0,4130.0,200.0,－－－－－－－－－－,10.0,500.0,0.0,80.0,0.0,10.0,-1770.0,4040.0,yonden
2019,2,2019-02-12,09:00,3910.0,880.0,3760.0,140.0,－－－－－－－－－－,10.0,910.0,0.0,70.0,0.0,0.0,-1860.0,3910.0,yonden
2019,2,2019-02-12,10:00,3750.0,880.0,3520.0,130.0,－－－－－－－－－－,10.0,1270.0,0.0,60.0,0.0,0.0,-2120.0,3750.0,yonden
2019,2,2019-02-12,11:00,3670.0,880.0,3400.0,150.0,－－－－－－－－－－,10.0,1460.0,0.0,50.0,0.0,-300.0,-1980.0,3670.0,yonden
2019,2,2019-02-12,12:00,3440.0,880.0,3290.0,160.0,－－－－－－－－－－,10.0,1500.0,0.0,50.0,0.0,-300.0,-2150.0,3440.0,yonden
2019,2,2019-02-12,13:00,3570.0,880.0,3300.0,160.0,－－－－－－－－－－,10.0,1430.0,0.0,60.0,0.0,-300.0,-1970.0,3570.0,yonden
2019,2,2019-02-12,14:00,3530.0,880.0,3250.0,120.0,－－－－－－－－－－,10.0,1240.0,0.0,60.0,0.0,0.0,-2030.0,3530.0,yonden
2019,2,2019-02-12,15:00,3540.0,880.0,3440.0,140.0,－－－－－－－－－－,10.0,890.0,0.0,70.0,0.0,0.0,-1890.0,3540.0,yonden
2019,2,2019-02-12,16:00,3710.0,880.0,3790.0,170.0,－－－－－－－－－－,10.0,470.0,0.0,60.0,0.0,0.0,-1670.0,3710.0,yonden
2019,2,2019-02-12,17:00,3830.0,880.0,4170.0,220.0,－－－－－－－－－－,10.0,60.0,0.0,40.0,0.0,120.0,-1670.0,3830.0,yonden
2019,2,2019-02-12,18:00,4060.0,880.0,4320.0,240.0,－－－－－－－－－－,10.0,0.0,0.0,30.0,0.0,310.0,-1730.0,4060.0,yonden
2019,2,2019-02-12,19:00,3990.0,880.0,4340.0,240.0,－－－－－－－－－－,10.0,0.0,0.0,30.0,0.0,190.0,-1700.0,3990.0,yonden
2019,2,2019-02-12,20:00,3860.0,880.0,4320.0,200.0,－－－－－－－－－－,10.0,0.0,0.0,40.0,0.0,160.0,-1750.0,3860.0,yonden
2019,2,2019-02-12,21:00,3650.0,880.0,4230.0,250.0,－－－－－－－－－－,10.0,0.0,0.0,40.0,0.0,10.0,-1770.0,3650.0,yonden
2019,2,2019-02-12,22:00,3380.0,880.0,3980.0,200.0,－－－－－－－－－－,10.0,0.0,0.0,20.0,0.0,0.0,-1710.0,3380.0,yonden
2019,2,2019-02-12,23:00,3280.0,880.0,3950.0,150.0,－－－－－－－－－－,10.0,0.0,0.0,10.0,0.0,0.0,-1720.0,3280.0,yonden
2019,2,2019-02-13,00:00,3220.0,880.0,3800.0,140.0,－－－－－－－－－－,10.0,0.0,0.0,10.0,0.0,0.0,-1620.0,3220.0,yonden
2019,2,2019-02-13,01:00,3280.0,880.0,3770.0,140.0,－－－－－－－－－－,10.0,0.0,0.0,10.0,0.0,0.0,-1530.0,3280.0,yonden
2019,2,2019-02-13,02:00,3440.0,880.0,3890.0,150.0,－－－－－－－－－－,10.0,0.0,0.0,20.0,0.0,0.0,-1510.0,3440.0,yonden
2019,2,2019-02-13,03:00,3510.0,880.0,3910.0,180.0,－－－－－－－－－－,10.0,0.0,0.0,30.0,0.0,10.0,-1510.0,3510.0,yonden
2019,2,2019-02-13,04:00,3480.0,880.0,3900.0,180.0,－－－－－－－－－－,10.0,0.0,0.0,30.0,0.0,10.0,-1530.0,3480.0,yonden
2019,2,2019-02-13,05:00,3450.0,880.0,3930.0,180.0,－－－－－－－－－－,10.0,0.0,0.0,40.0,0.0,10.0,-1600.0,3450.0,yonden
2019,2,2019-02-13,06:00,3590.0,880.0,4040.0,220.0,－－－－－－－－－－,10.0,0.0,0.0,40.0,0.0,10.0,-1610.0,3590.0,yonden
2019,2,2019-02-13,07:00,3780.0,880.0,4130.0,290.0,－－－－－－－－－－,10.0,80.0,0.0,40.0,0.0,20.0,-1670.0,3780.0,yonden
2019,2,2019-02-13,08:00,4150.0,880.0,4330.0,240.0,－－－－－－－－－－,10.0,320.0,0.0,40.0,0.0,40.0,-1710.0,4150.0,yonden
2019,2,2019-02-13,09:00,3980.0,880.0,3850.0,160.0,－－－－－－－－－－,10.0,790.0,0.0,30.0,0.0,10.0,-1750.0,3980.0,yonden
2019,2,2019-02-13,10:00,3690.0,880.0,3470.0,150.0,－－－－－－－－－－,10.0,1200.0,0.0,30.0,0.0,0.0,-2050.0,3690.0,yonden
2019,2,2019-02-13,11:00,3580.0,880.0,3450.0,130.0,－－－－－－－－－－,10.0,1350.0,0.0,40.0,0.0,-280.0,-2000.0,3580.0,yonden
2019,2,2019-02-13,12:00,3350.0,880.0,3340.0,130.0,－－－－－－－－－－,10.0,1430.0,0.0,50.0,0.0,-300.0,-2190.0,3350.0,yonden
2019,2,2019-02-13,13:00,3480.0,880.0,3370.0,120.0,－－－－－－－－－－,10.0,1420.0,0.0,60.0,0.0,-270.0,-2110.0,3480.0,yonden
2019,2,2019-02-13,14:00,3470.0,880.0,3370.0,120.0,－－－－－－－－－－,10.0,1210.0,0.0,70.0,0.0,0.0,-2190.0,3470.0,yonden
2019,2,2019-02-13,15:00,3460.0,880.0,3540.0,130.0,－－－－－－－－－－,10.0,860.0,0.0,70.0,0.0,0.0,-2030.0,3460.0,yonden
2019,2,2019-02-13,16:00,3620.0,880.0,3970.0,130.0,－－－－－－－－－－,10.0,450.0,0.0,70.0,0.0,0.0,-1890.0,3620.0,yonden
2019,2,2019-02-13,17:00,3710.0,880.0,4430.0,180.0,－－－－－－－－－－,10.0,60.0,0.0,60.0,0.0,20.0,-1930.0,3710.0,yonden
2019,2,2019-02-13,18:00,3920.0,880.0,4660.0,270.0,－－－－－－－－－－,10.0,0.0,0.0,70.0,0.0,40.0,-2010.0,3920.0,yonden
2019,2,2019-02-13,19:00,3850.0,880.0,4630.0,300.0,－－－－－－－－－－,10.0,0.0,0.0,90.0,0.0,20.0,-2080.0,3850.0,yonden
2019,2,2019-02-13,20:00,3730.0,880.0,4480.0,260.0,－－－－－－－－－－,10.0,0.0,0.0,100.0,0.0,20.0,-2020.0,3730.0,yonden
2019,2,2019-02-13,21:00,3530.0,880.0,4160.0,210.0,－－－－－－－－－－,10.0,0.0,0.0,100.0,0.0,0.0,-1830.0,3530.0,yonden
2019,2,2019-02-13,22:00,3270.0,880.0,3970.0,120.0,－－－－－－－－－－,10.0,0.0,0.0,90.0,0.0,0.0,-1800.0,3270.0,yonden
2019,2,2019-02-13,23:00,3120.0,880.0,3870.0,100.0,－－－－－－－－－－,10.0,0.0,0.0,90.0,0.0,0.0,-1830.0,3120.0,yonden
2019,2,2019-02-14,00:00,3050.0,880.0,3770.0,90.0,－－－－－－－－－－,10.0,0.0,0.0,80.0,0.0,0.0,-1780.0,3050.0,yonden
2019,2,2019-02-14,01:00,3140.0,880.0,3710.0,80.0,－－－－－－－－－－,10.0,0.0,0.0,80.0,0.0,0.0,-1620.0,3140.0,yonden
2019,2,2019-02-14,02:00,3340.0,880.0,3830.0,100.0,－－－－－－－－－－,10.0,0.0,0.0,90.0,0.0,0.0,-1570.0,3340.0,yonden
2019,2,2019-02-14,03:00,3440.0,880.0,3900.0,140.0,－－－－－－－－－－,10.0,0.0,0.0,90.0,0.0,0.0,-1580.0,3440.0,yonden
2019,2,2019-02-14,04:00,3460.0,880.0,3910.0,130.0,－－－－－－－－－－,10.0,0.0,0.0,90.0,0.0,0.0,-1560.0,3460.0,yonden
2019,2,2019-02-14,05:00,3420.0,880.0,3850.0,140.0,－－－－－－－－－－,10.0,0.0,0.0,100.0,0.0,0.0,-1560.0,3420.0,yonden
2019,2,2019-02-14,06:00,3550.0,880.0,4070.0,200.0,－－－－－－－－－－,10.0,0.0,0.0,90.0,0.0,10.0,-1710.0,3550.0,yonden
2019,2,2019-02-14,07:00,3690.0,880.0,4240.0,300.0,－－－－－－－－－－,10.0,40.0,0.0,90.0,0.0,40.0,-1910.0,3690.0,yonden
2019,2,2019-02-14,08:00,4070.0,880.0,4250.0,260.0,－－－－－－－－－－,10.0,140.0,0.0,90.0,0.0,250.0,-1810.0,4070.0,yonden
2019,2,2019-02-14,09:00,4100.0,880.0,4250.0,210.0,－－－－－－－－－－,10.0,260.0,0.0,70.0,0.0,110.0,-1690.0,4100.0,yonden
2019,2,2019-02-14,10:00,3990.0,880.0,4240.0,180.0,－－－－－－－－－－,10.0,310.0,0.0,70.0,0.0,10.0,-1710.0,3990.0,yonden
2019,2,2019-02-14,11:00,3890.0,880.0,4160.0,150.0,－－－－－－－－－－,10.0,480.0,0.0,70.0,0.0,0.0,-1860.0,3890.0,yonden
2019,2,2019-02-14,12:00,3640.0,880.0,3970.0,130.0,－－－－－－－－－－,10.0,550.0,0.0,60.0,0.0,0.0,-1960.0,3640.0,yonden
2019,2,2019-02-14,13:00,3790.0,880.0,4150.0,150.0,－－－－－－－－－－,10.0,600.0,0.0,50.0,0.0,0.0,-2050.0,3790.0,yonden
2019,2,2019-02-14,14:00,3740.0,880.0,4330.0,140.0,－－－－－－－－－－,10.0,420.0,0.0,50.0,0.0,0.0,-2090.0,3740.0,yonden
2019,2,2019-02-14,15:00,3830.0,880.0,4310.0,150.0,－－－－－－－－－－,10.0,300.0,0.0,50.0,0.0,0.0,-1870.0,3830.0,yonden
2019,2,2019-02-14,16:00,4000.0,880.0,4490.0,170.0,－－－－－－－－－－,10.0,160.0,0.0,40.0,0.0,10.0,-1760.0,4000.0,yonden
2019,2,2019-02-14,17:00,4110.0,880.0,4630.0,240.0,－－－－－－－－－－,10.0,30.0,0.0,30.0,0.0,170.0,-1880.0,4110.0,yonden
2019,2,2019-02-14,18:00,4230.0,880.0,4730.0,310.0,－－－－－－－－－－,10.0,0.0,0.0,40.0,0.0,180.0,-1920.0,4230.0,yonden
2019,2,2019-02-14,19:00,4100.0,880.0,4550.0,290.0,－－－－－－－－－－,10.0,0.0,0.0,50.0,0.0,190.0,-1870.0,4100.0,yonden
2019,2,2019-02-14,20:00,3950.0,880.0,4450.0,230.0,－－－－－－－－－－,10.0,0.0,0.0,50.0,0.0,110.0,-1780.0,3950.0,yonden
2019,2,2019-02-14,21:00,3720.0,880.0,4410.0,190.0,－－－－－－－－－－,10.0,0.0,0.0,40.0,0.0,10.0,-1820.0,3720.0,yonden
2019,2,2019-02-14,22:00,3420.0,880.0,4050.0,150.0,－－－－－－－－－－,10.0,0.0,0.0,40.0,0.0,0.0,-1710.0,3420.0,yonden
2019,2,2019-02-14,23:00,3310.0,880.0,4030.0,140.0,－－－－－－－－－－,10.0,0.0,0.0,30.0,0.0,0.0,-1780.0,3310.0,yonden
2019,2,2019-02-15,00:00,3250.0,880.0,3950.0,90.0,－－－－－－－－－－,10.0,0.0,0.0,30.0,0.0,0.0,-1710.0,3250.0,yonden
2019,2,2019-02-15,01:00,3340.0,880.0,3940.0,80.0,－－－－－－－－－－,10.0,0.0,0.0,30.0,0.0,0.0,-1600.0,3340.0,yonden
2019,2,2019-02-15,02:00,3480.0,880.0,4030.0,110.0,－－－－－－－－－－,10.0,0.0,0.0,30.0,0.0,0.0,-1580.0,3480.0,yonden
2019,2,2019-02-15,03:00,3550.0,880.0,4040.0,160.0,－－－－－－－－－－,10.0,0.0,0.0,40.0,0.0,10.0,-1590.0,3550.0,yonden
2019,2,2019-02-15,04:00,3520.0,880.0,4000.0,160.0,－－－－－－－－－－,10.0,0.0,0.0,40.0,0.0,10.0,-1580.0,3520.0,yonden
2019,2,2019-02-15,05:00,3470.0,880.0,4040.0,150.0,－－－－－－－－－－,10.0,0.0,0.0,20.0,0.0,0.0,-1630.0,3470.0,yonden
2019,2,2019-02-15,06:00,3640.0,880.0,4180.0,200.0,－－－－－－－－－－,10.0,0.0,0.0,20.0,0.0,10.0,-1660.0,3640.0,yonden
2019,2,2019-02-15,07:00,3850.0,880.0,4270.0,280.0,－－－－－－－－－－,10.0,120.0,0.0,20.0,0.0,200.0,-1930.0,3850.0,yonden
2019,2,2019-02-15,08:00,4220.0,880.0,4400.0,240.0,－－－－－－－－－－,10.0,180.0,0.0,20.0,0.0,330.0,-1840.0,4220.0,yonden
2019,2,2019-02-15,09:00,4260.0,880.0,4490.0,200.0,－－－－－－－－－－,10.0,190.0,0.0,0.0,0.0,170.0,-1680.0,4260.0,yonden
2019,2,2019-02-15,10:00,4210.0,880.0,4520.0,190.0,－－－－－－－－－－,10.0,240.0,0.0,0.0,0.0,160.0,-1790.0,4210.0,yonden
2019,2,2019-02-15,11:00,4140.0,880.0,4510.0,180.0,－－－－－－－－－－,10.0,310.0,0.0,10.0,0.0,150.0,-1910.0,4140.0,yonden
2019,2,2019-02-15,12:00,3910.0,880.0,4240.0,150.0,－－－－－－－－－－,10.0,390.0,0.0,10.0,0.0,10.0,-1780.0,3910.0,yonden
2019,2,2019-02-15,13:00,4050.0,880.0,4380.0,140.0,－－－－－－－－－－,10.0,330.0,0.0,0.0,0.0,0.0,-1690.0,4050.0,yonden
2019,2,2019-02-15,14:00,4060.0,880.0,4520.0,150.0,－－－－－－－－－－,10.0,160.0,0.0,0.0,0.0,10.0,-1670.0,4060.0,yonden
2019,2,2019-02-15,15:00,4090.0,880.0,4540.0,180.0,－－－－－－－－－－,10.0,110.0,0.0,0.0,0.0,10.0,-1640.0,4090.0,yonden
2019,2,2019-02-15,16:00,4190.0,880.0,4790.0,210.0,－－－－－－－－－－,10.0,60.0,0.0,0.0,0.0,130.0,-1890.0,4190.0,yonden
2019,2,2019-02-15,17:00,4230.0,880.0,4850.0,240.0,－－－－－－－－－－,10.0,10.0,0.0,0.0,0.0,260.0,-2020.0,4230.0,yonden
2019,2,2019-02-15,18:00,4220.0,880.0,4880.0,340.0,－－－－－－－－－－,10.0,0.0,0.0,0.0,0.0,210.0,-2100.0,4220.0,yonden
2019,2,2019-02-15,19:00,4060.0,880.0,4810.0,400.0,－－－－－－－－－－,10.0,0.0,0.0,10.0,0.0,30.0,-2080.0,4060.0,yonden
2019,2,2019-02-15,20:00,3870.0,880.0,4730.0,250.0,－－－－－－－－－－,10.0,0.0,0.0,0.0,0.0,10.0,-2010.0,3870.0,yonden
2019,2,2019-02-15,21:00,3630.0,880.0,4520.0,140.0,－－－－－－－－－－,10.0,0.0,0.0,10.0,0.0,10.0,-1940.0,3630.0,yonden
2019,2,2019-02-15,22:00,3340.0,880.0,4200.0,120.0,－－－－－－－－－－,10.0,0.0,0.0,10.0,0.0,10.0,-1890.0,3340.0,yonden
2019,2,2019-02-15,23:00,3180.0,880.0,3990.0,100.0,－－－－－－－－－－,10.0,0.0,0.0,20.0,0.0,0.0,-1820.0,3180.0,yonden
2019,2,2019-02-16,00:00,3080.0,880.0,3790.0,90.0,－－－－－－－－－－,10.0,0.0,0.0,40.0,0.0,0.0,-1730.0,3080.0,yonden
2019,2,2019-02-16,01:00,3140.0,880.0,3760.0,80.0,－－－－－－－－－－,10.0,0.0,0.0,50.0,0.0,0.0,-1640.0,3140.0,yonden
2019,2,2019-02-16,02:00,3290.0,880.0,3800.0,90.0,－－－－－－－－－－,10.0,0.0,0.0,50.0,0.0,0.0,-1540.0,3290.0,yonden
2019,2,2019-02-16,03:00,3370.0,880.0,3780.0,130.0,－－－－－－－－－－,10.0,0.0,0.0,80.0,0.0,0.0,-1510.0,3370.0,yonden
2019,2,2019-02-16,04:00,3360.0,880.0,3790.0,110.0,－－－－－－－－－－,10.0,0.0,0.0,90.0,0.0,0.0,-1520.0,3360.0,yonden
2019,2,2019-02-16,05:00,3230.0,880.0,3700.0,110.0,－－－－－－－－－－,10.0,0.0,0.0,100.0,0.0,0.0,-1570.0,3230.0,yonden
2019,2,2019-02-16,06:00,3140.0,880.0,3700.0,140.0,－－－－－－－－－－,10.0,0.0,0.0,90.0,0.0,0.0,-1680.0,3140.0,yonden
2019,2,2019-02-16,07:00,3290.0,880.0,3780.0,180.0,－－－－－－－－－－,10.0,70.0,0.0,80.0,0.0,0.0,-1710.0,3290.0,yonden
2019,2,2019-02-16,08:00,3630.0,880.0,3720.0,170.0,－－－－－－－－－－,10.0,160.0,0.0,100.0,0.0,0.0,-1410.0,3630.0,yonden
2019,2,2019-02-16,09:00,3610.0,880.0,3570.0,200.0,－－－－－－－－－－,10.0,300.0,0.0,100.0,0.0,0.0,-1450.0,3610.0,yonden
2019,2,2019-02-16,10:00,3410.0,880.0,3320.0,110.0,－－－－－－－－－－,10.0,540.0,0.0,90.0,0.0,0.0,-1540.0,3410.0,yonden
2019,2,2019-02-16,11:00,3370.0,880.0,3360.0,150.0,－－－－－－－－－－,10.0,660.0,0.0,100.0,0.0,0.0,-1790.0,3370.0,yonden
2019,2,2019-02-16,12:00,3260.0,880.0,3420.0,190.0,－－－－－－－－－－,10.0,600.0,0.0,120.0,0.0,0.0,-1960.0,3260.0,yonden
2019,2,2019-02-16,13:00,3400.0,880.0,3620.0,210.0,－－－－－－－－－－,10.0,450.0,0.0,130.0,0.0,30.0,-1930.0,3400.0,yonden
2019,2,2019-02-16,14:00,3380.0,880.0,3740.0,220.0,－－－－－－－－－－,10.0,390.0,0.0,130.0,0.0,30.0,-2020.0,3380.0,yonden
2019,2,2019-02-16,15:00,3360.0,880.0,3840.0,170.0,－－－－－－－－－－,10.0,260.0,0.0,140.0,0.0,0.0,-1940.0,3360.0,yonden
2019,2,2019-02-16,16:00,3420.0,880.0,3660.0,140.0,－－－－－－－－－－,10.0,220.0,0.0,140.0,0.0,0.0,-1630.0,3420.0,yonden
2019,2,2019-02-16,17:00,3530.0,880.0,3750.0,150.0,－－－－－－－－－－,10.0,50.0,0.0,140.0,0.0,0.0,-1450.0,3530.0,yonden
2019,2,2019-02-16,18:00,3700.0,880.0,3860.0,270.0,－－－－－－－－－－,10.0,0.0,0.0,130.0,0.0,0.0,-1450.0,3700.0,yonden
2019,2,2019-02-16,19:00,3650.0,880.0,3840.0,200.0,－－－－－－－－－－,10.0,0.0,0.0,130.0,0.0,0.0,-1410.0,3650.0,yonden
2019,2,2019-02-16,20:00,3540.0,880.0,3800.0,150.0,－－－－－－－－－－,10.0,0.0,0.0,120.0,0.0,0.0,-1420.0,3540.0,yonden
2019,2,2019-02-16,21:00,3370.0,880.0,3700.0,120.0,－－－－－－－－－－,10.0,0.0,0.0,120.0,0.0,0.0,-1460.0,3370.0,yonden
2019,2,2019-02-16,22:00,3110.0,880.0,3530.0,90.0,－－－－－－－－－－,10.0,0.0,0.0,110.0,0.0,0.0,-1510.0,3110.0,yonden
2019,2,2019-02-16,23:00,3030.0,880.0,3440.0,90.0,－－－－－－－－－－,10.0,0.0,0.0,110.0,0.0,0.0,-1500.0,3030.0,yonden
2019,2,2019-02-17,00:00,2980.0,880.0,3460.0,90.0,－－－－－－－－－－,10.0,0.0,0.0,110.0,0.0,0.0,-1570.0,2980.0,yonden
2019,2,2019-02-17,01:00,3070.0,880.0,3540.0,80.0,－－－－－－－－－－,10.0,0.0,0.0,90.0,0.0,0.0,-1530.0,3070.0,yonden
2019,2,2019-02-17,02:00,3270.0,880.0,3570.0,80.0,－－－－－－－－－－,10.0,0.0,0.0,90.0,0.0,0.0,-1360.0,3270.0,yonden
2019,2,2019-02-17,03:00,3350.0,880.0,3580.0,90.0,－－－－－－－－－－,10.0,0.0,0.0,90.0,0.0,0.0,-1300.0,3350.0,yonden
2019,2,2019-02-17,04:00,3310.0,880.0,3600.0,90.0,－－－－－－－－－－,10.0,0.0,0.0,100.0,0.0,0.0,-1370.0,3310.0,yonden
2019,2,2019-02-17,05:00,3150.0,880.0,3540.0,70.0,－－－－－－－－－－,10.0,0.0,0.0,90.0,0.0,0.0,-1440.0,3150.0,yonden
2019,2,2019-02-17,06:00,2990.0,880.0,3550.0,80.0,－－－－－－－－－－,10.0,0.0,0.0,90.0,0.0,0.0,-1620.0,2990.0,yonden
2019,2,2019-02-17,07:00,2990.0,880.0,3500.0,120.0,－－－－－－－－－－,10.0,150.0,0.0,90.0,0.0,10.0,-1770.0,2990.0,yonden
2019,2,2019-02-17,08:00,2990.0,880.0,3290.0,150.0,－－－－－－－－－－,10.0,440.0,0.0,70.0,0.0,-100.0,-1750.0,2990.0,yonden
2019,2,2019-02-17,09:00,2880.0,880.0,3230.0,160.0,－－－－－－－－－－,10.0,760.0,0.0,60.0,0.0,-310.0,-1910.0,2880.0,yonden
2019,2,2019-02-17,10:00,2770.0,880.0,3010.0,110.0,－－－－－－－－－－,10.0,970.0,0.0,50.0,0.0,-310.0,-1950.0,2770.0,yonden
2019,2,2019-02-17,11:00,2700.0,880.0,3130.0,80.0,－－－－－－－－－－,10.0,980.0,0.0,60.0,0.0,-310.0,-2130.0,2700.0,yonden
2019,2,2019-02-17,12:00,2630.0,830.0,2940.0,90.0,－－－－－－－－－－,10.0,1150.0,0.0,80.0,0.0,-300.0,-2170.0,2630.0,yonden
2019,2,2019-02-17,13:00,2580.0,860.0,2860.0,80.0,－－－－－－－－－－,10.0,1160.0,0.0,90.0,0.0,-300.0,-2180.0,2580.0,yonden
2019,2,2019-02-17,14:00,2540.0,880.0,2750.0,100.0,－－－－－－－－－－,10.0,1030.0,0.0,110.0,0.0,-300.0,-2040.0,2540.0,yonden
2019,2,2019-02-17,15:00,2620.0,880.0,2900.0,160.0,－－－－－－－－－－,10.0,740.0,0.0,90.0,0.0,-300.0,-1860.0,2620.0,yonden
2019,2,2019-02-17,16:00,2830.0,880.0,3120.0,190.0,－－－－－－－－－－,10.0,410.0,0.0,90.0,0.0,-20.0,-1850.0,2830.0,yonden
2019,2,2019-02-17,17:00,3140.0,880.0,3600.0,180.0,－－－－－－－－－－,10.0,70.0,0.0,80.0,0.0,20.0,-1700.0,3140.0,yonden
2019,2,2019-02-17,18:00,3430.0,880.0,3720.0,260.0,－－－－－－－－－－,10.0,0.0,0.0,60.0,0.0,140.0,-1640.0,3430.0,yonden
2019,2,2019-02-17,19:00,3430.0,880.0,3720.0,250.0,－－－－－－－－－－,10.0,0.0,0.0,60.0,0.0,100.0,-1590.0,3430.0,yonden
2019,2,2019-02-17,20:00,3380.0,880.0,3690.0,210.0,－－－－－－－－－－,10.0,0.0,0.0,40.0,0.0,0.0,-1450.0,3380.0,yonden
2019,2,2019-02-17,21:00,3230.0,880.0,3630.0,140.0,－－－－－－－－－－,10.0,0.0,0.0,40.0,0.0,0.0,-1470.0,3230.0,yonden
2019,2,2019-02-17,22:00,3000.0,880.0,3570.0,90.0,－－－－－－－－－－,10.0,0.0,0.0,40.0,0.0,0.0,-1590.0,3000.0,yonden
2019,2,2019-02-17,23:00,2950.0,880.0,3550.0,80.0,－－－－－－－－－－,10.0,0.0,0.0,50.0,0.0,0.0,-1620.0,2950.0,yonden
2019,2,2019-02-18,00:00,2960.0,880.0,3530.0,90.0,－－－－－－－－－－,10.0,0.0,0.0,40.0,0.0,0.0,-1590.0,2960.0,yonden
2019,2,2019-02-18,01:00,3090.0,880.0,3570.0,70.0,－－－－－－－－－－,10.0,0.0,0.0,50.0,0.0,0.0,-1490.0,3090.0,yonden
2019,2,2019-02-18,02:00,3290.0,880.0,3780.0,90.0,－－－－－－－－－－,10.0,0.0,0.0,50.0,0.0,0.0,-1520.0,3290.0,yonden
2019,2,2019-02-18,03:00,3360.0,880.0,3860.0,110.0,－－－－－－－－－－,10.0,0.0,0.0,40.0,0.0,0.0,-1540.0,3360.0,yonden
2019,2,2019-02-18,04:00,3370.0,880.0,3880.0,120.0,－－－－－－－－－－,10.0,0.0,0.0,20.0,0.0,0.0,-1540.0,3370.0,yonden
2019,2,2019-02-18,05:00,3340.0,880.0,3850.0,120.0,－－－－－－－－－－,10.0,0.0,0.0,20.0,0.0,0.0,-1540.0,3340.0,yonden
2019,2,2019-02-18,06:00,3560.0,880.0,4030.0,190.0,－－－－－－－－－－,10.0,0.0,0.0,10.0,0.0,20.0,-1580.0,3560.0,yonden
2019,2,2019-02-18,07:00,3730.0,880.0,4060.0,250.0,－－－－－－－－－－,10.0,140.0,0.0,10.0,0.0,40.0,-1660.0,3730.0,yonden
2019,2,2019-02-18,08:00,3960.0,880.0,4050.0,240.0,－－－－－－－－－－,10.0,450.0,0.0,0.0,0.0,30.0,-1700.0,3960.0,yonden
2019,2,2019-02-18,09:00,3870.0,880.0,3880.0,160.0,－－－－－－－－－－,10.0,840.0,0.0,0.0,0.0,0.0,-1900.0,3870.0,yonden
2019,2,2019-02-18,10:00,3700.0,880.0,3570.0,120.0,－－－－－－－－－－,10.0,1150.0,0.0,0.0,0.0,-10.0,-2020.0,3700.0,yonden
2019,2,2019-02-18,11:00,3580.0,880.0,3480.0,110.0,－－－－－－－－－－,10.0,1340.0,0.0,0.0,0.0,-300.0,-1940.0,3580.0,yonden
2019,2,2019-02-18,12:00,3350.0,880.0,3440.0,110.0,－－－－－－－－－－,10.0,1380.0,0.0,0.0,0.0,-300.0,-2170.0,3350.0,yonden
2019,2,2019-02-18,13:00,3480.0,880.0,3430.0,100.0,－－－－－－－－－－,10.0,1390.0,0.0,0.0,0.0,-300.0,-2030.0,3480.0,yonden
2019,2,2019-02-18,14:00,3450.0,880.0,3520.0,100.0,－－－－－－－－－－,10.0,1230.0,0.0,0.0,0.0,-300.0,-1990.0,3450.0,yonden
2019,2,2019-02-18,15:00,3490.0,880.0,3570.0,130.0,－－－－－－－－－－,10.0,860.0,0.0,0.0,0.0,-30.0,-1930.0,3490.0,yonden
2019,2,2019-02-18,16:00,3660.0,880.0,3930.0,170.0,－－－－－－－－－－,10.0,370.0,0.0,10.0,0.0,10.0,-1720.0,3660.0,yonden
2019,2,2019-02-18,17:00,3750.0,880.0,4190.0,230.0,－－－－－－－－－－,10.0,50.0,0.0,20.0,0.0,80.0,-1710.0,3750.0,yonden
2019,2,2019-02-18,18:00,3880.0,880.0,4180.0,250.0,－－－－－－－－－－,10.0,0.0,0.0,20.0,0.0,200.0,-1660.0,3880.0,yonden
2019,2,2019-02-18,19:00,3770.0,880.0,4100.0,240.0,－－－－－－－－－－,10.0,0.0,0.0,20.0,0.0,100.0,-1580.0,3770.0,yonden
2019,2,2019-02-18,20:00,3600.0,880.0,4010.0,180.0,－－－－－－－－－－,10.0,0.0,0.0,40.0,0.0,20.0,-1540.0,3600.0,yonden
2019,2,2019-02-18,21:00,3380.0,880.0,3920.0,140.0,－－－－－－－－－－,10.0,0.0,0.0,40.0,0.0,10.0,-1620.0,3380.0,yonden
2019,2,2019-02-18,22:00,3110.0,880.0,3740.0,100.0,－－－－－－－－－－,10.0,0.0,0.0,40.0,0.0,0.0,-1660.0,3110.0,yonden
2019,2,2019-02-18,23:00,2970.0,880.0,3590.0,80.0,－－－－－－－－－－,10.0,0.0,0.0,50.0,0.0,0.0,-1640.0,2970.0,yonden
2019,2,2019-02-19,00:00,2890.0,880.0,3570.0,80.0,－－－－－－－－－－,10.0,0.0,0.0,50.0,0.0,0.0,-1700.0,2890.0,yonden
2019,2,2019-02-19,01:00,2980.0,880.0,3540.0,70.0,－－－－－－－－－－,10.0,0.0,0.0,60.0,0.0,0.0,-1580.0,2980.0,yonden
2019,2,2019-02-19,02:00,3170.0,880.0,3680.0,110.0,－－－－－－－－－－,10.0,0.0,0.0,70.0,0.0,0.0,-1580.0,3170.0,yonden
2019,2,2019-02-19,03:00,3290.0,880.0,3790.0,110.0,－－－－－－－－－－,10.0,0.0,0.0,70.0,0.0,0.0,-1570.0,3290.0,yonden
2019,2,2019-02-19,04:00,3310.0,880.0,3790.0,110.0,－－－－－－－－－－,10.0,0.0,0.0,80.0,0.0,0.0,-1560.0,3310.0,yonden
2019,2,2019-02-19,05:00,3250.0,880.0,3740.0,120.0,－－－－－－－－－－,10.0,0.0,0.0,80.0,0.0,0.0,-1580.0,3250.0,yonden
2019,2,2019-02-19,06:00,3310.0,880.0,3940.0,150.0,－－－－－－－－－－,10.0,0.0,0.0,100.0,0.0,0.0,-1770.0,3310.0,yonden
2019,2,2019-02-19,07:00,3470.0,880.0,4150.0,250.0,－－－－－－－－－－,10.0,40.0,0.0,110.0,0.0,10.0,-1980.0,3470.0,yonden
2019,2,2019-02-19,08:00,3870.0,880.0,4380.0,230.0,－－－－－－－－－－,10.0,80.0,0.0,120.0,0.0,30.0,-1860.0,3870.0,yonden
2019,2,2019-02-19,09:00,4020.0,880.0,4450.0,230.0,－－－－－－－－－－,10.0,110.0,0.0,120.0,0.0,30.0,-1810.0,4020.0,yonden
2019,2,2019-02-19,10:00,3940.0,880.0,4320.0,150.0,－－－－－－－－－－,10.0,180.0,0.0,110.0,0.0,0.0,-1710.0,3940.0,yonden
2019,2,2019-02-19,11:00,3850.0,880.0,4170.0,170.0,－－－－－－－－－－,10.0,210.0,0.0,100.0,0.0,0.0,-1690.0,3850.0,yonden
2019,2,2019-02-19,12:00,3620.0,880.0,3940.0,170.0,－－－－－－－－－－,10.0,240.0,0.0,90.0,0.0,0.0,-1710.0,3620.0,yonden
2019,2,2019-02-19,13:00,3850.0,880.0,4170.0,200.0,－－－－－－－－－－,10.0,160.0,0.0,110.0,0.0,0.0,-1680.0,3850.0,yonden
2019,2,2019-02-19,14:00,3860.0,880.0,4200.0,240.0,－－－－－－－－－－,10.0,120.0,0.0,100.0,0.0,0.0,-1690.0,3860.0,yonden
2019,2,2019-02-19,15:00,3770.0,880.0,4150.0,270.0,－－－－－－－－－－,10.0,80.0,0.0,90.0,0.0,0.0,-1710.0,3770.0,yonden
2019,2,2019-02-19,16:00,3720.0,880.0,4070.0,280.0,－－－－－－－－－－,10.0,70.0,0.0,60.0,0.0,0.0,-1650.0,3720.0,yonden
2019,2,2019-02-19,17:00,3700.0,880.0,4060.0,320.0,－－－－－－－－－－,10.0,20.0,0.0,30.0,0.0,20.0,-1640.0,3700.0,yonden
2019,2,2019-02-19,18:00,3800.0,880.0,4150.0,380.0,－－－－－－－－－－,10.0,0.0,0.0,10.0,0.0,10.0,-1640.0,3800.0,yonden
2019,2,2019-02-19,19:00,3660.0,880.0,4110.0,370.0,－－－－－－－－－－,10.0,0.0,0.0,30.0,0.0,0.0,-1740.0,3660.0,yonden
2019,2,2019-02-19,20:00,3500.0,880.0,3990.0,320.0,－－－－－－－－－－,10.0,0.0,0.0,60.0,0.0,0.0,-1760.0,3500.0,yonden
2019,2,2019-02-19,21:00,3280.0,880.0,3810.0,270.0,－－－－－－－－－－,10.0,0.0,0.0,80.0,0.0,0.0,-1770.0,3280.0,yonden
2019,2,2019-02-19,22:00,3020.0,880.0,3620.0,220.0,－－－－－－－－－－,10.0,0.0,0.0,80.0,0.0,0.0,-1790.0,3020.0,yonden
2019,2,2019-02-19,23:00,2890.0,880.0,3540.0,210.0,－－－－－－－－－－,10.0,0.0,0.0,90.0,0.0,0.0,-1840.0,2890.0,yonden
2019,2,2019-02-20,00:00,2780.0,880.0,3380.0,230.0,－－－－－－－－－－,10.0,0.0,0.0,90.0,0.0,0.0,-1810.0,2780.0,yonden
2019,2,2019-02-20,01:00,2880.0,880.0,3450.0,240.0,－－－－－－－－－－,10.0,0.0,0.0,80.0,0.0,0.0,-1780.0,2880.0,yonden
2019,2,2019-02-20,02:00,3070.0,880.0,3400.0,280.0,－－－－－－－－－－,10.0,0.0,0.0,80.0,0.0,10.0,-1590.0,3070.0,yonden
2019,2,2019-02-20,03:00,3190.0,880.0,3430.0,320.0,－－－－－－－－－－,10.0,0.0,0.0,90.0,0.0,20.0,-1560.0,3190.0,yonden
2019,2,2019-02-20,04:00,3190.0,880.0,3480.0,280.0,－－－－－－－－－－,10.0,0.0,0.0,90.0,0.0,10.0,-1560.0,3190.0,yonden
2019,2,2019-02-20,05:00,3080.0,880.0,3480.0,250.0,－－－－－－－－－－,10.0,0.0,0.0,80.0,0.0,0.0,-1620.0,3080.0,yonden
2019,2,2019-02-20,06:00,3090.0,880.0,3580.0,250.0,－－－－－－－－－－,10.0,0.0,0.0,80.0,0.0,10.0,-1720.0,3090.0,yonden
2019,2,2019-02-20,07:00,3230.0,880.0,3660.0,300.0,－－－－－－－－－－,10.0,90.0,0.0,90.0,0.0,30.0,-1830.0,3230.0,yonden
2019,2,2019-02-20,08:00,3520.0,880.0,3710.0,300.0,－－－－－－－－－－,10.0,250.0,0.0,110.0,0.0,20.0,-1760.0,3520.0,yonden
2019,2,2019-02-20,09:00,3490.0,880.0,3420.0,280.0,－－－－－－－－－－,10.0,510.0,0.0,110.0,0.0,0.0,-1720.0,3490.0,yonden
2019,2,2019-02-20,10:00,3390.0,880.0,3320.0,230.0,－－－－－－－－－－,10.0,740.0,0.0,110.0,0.0,0.0,-1900.0,3390.0,yonden
2019,2,2019-02-20,11:00,3280.0,880.0,3300.0,230.0,－－－－－－－－－－,10.0,900.0,0.0,120.0,0.0,0.0,-2160.0,3280.0,yonden
2019,2,2019-02-20,12:00,3070.0,880.0,3330.0,230.0,－－－－－－－－－－,10.0,1000.0,0.0,130.0,0.0,0.0,-2510.0,3070.0,yonden
2019,2,2019-02-20,13:00,3250.0,880.0,3440.0,230.0,－－－－－－－－－－,10.0,1050.0,0.0,130.0,0.0,0.0,-2490.0,3250.0,yonden
2019,2,2019-02-20,14:00,3250.0,880.0,3400.0,220.0,－－－－－－－－－－,10.0,930.0,0.0,120.0,0.0,0.0,-2310.0,3250.0,yonden
2019,2,2019-02-20,15:00,3270.0,880.0,3380.0,230.0,－－－－－－－－－－,10.0,650.0,0.0,120.0,0.0,0.0,-2000.0,3270.0,yonden
2019,2,2019-02-20,16:00,3380.0,880.0,3570.0,230.0,－－－－－－－－－－,10.0,320.0,0.0,130.0,0.0,0.0,-1760.0,3380.0,yonden
2019,2,2019-02-20,17:00,3450.0,880.0,3820.0,280.0,－－－－－－－－－－,10.0,50.0,0.0,130.0,0.0,0.0,-1720.0,3450.0,yonden
2019,2,2019-02-20,18:00,3590.0,880.0,3940.0,380.0,－－－－－－－－－－,10.0,0.0,0.0,130.0,0.0,20.0,-1770.0,3590.0,yonden
2019,2,2019-02-20,19:00,3530.0,880.0,3870.0,340.0,－－－－－－－－－－,10.0,0.0,0.0,130.0,0.0,20.0,-1720.0,3530.0,yonden
2019,2,2019-02-20,20:00,3420.0,880.0,3820.0,290.0,－－－－－－－－－－,10.0,0.0,0.0,140.0,0.0,0.0,-1720.0,3420.0,yonden
2019,2,2019-02-20,21:00,3240.0,880.0,3760.0,230.0,－－－－－－－－－－,10.0,0.0,0.0,130.0,0.0,0.0,-1770.0,3240.0,yonden
2019,2,2019-02-20,22:00,3010.0,880.0,3610.0,190.0,－－－－－－－－－－,10.0,0.0,0.0,130.0,0.0,0.0,-1810.0,3010.0,yonden
2019,2,2019-02-20,23:00,2880.0,880.0,3490.0,180.0,－－－－－－－－－－,10.0,0.0,0.0,120.0,0.0,0.0,-1800.0,2880.0,yonden
2019,2,2019-02-21,00:00,2810.0,880.0,3390.0,190.0,－－－－－－－－－－,10.0,0.0,0.0,110.0,0.0,0.0,-1770.0,2810.0,yonden
2019,2,2019-02-21,01:00,2910.0,880.0,3390.0,180.0,－－－－－－－－－－,10.0,0.0,0.0,110.0,0.0,0.0,-1660.0,2910.0,yonden
2019,2,2019-02-21,02:00,3140.0,880.0,3490.0,190.0,－－－－－－－－－－,10.0,0.0,0.0,110.0,0.0,0.0,-1540.0,3140.0,yonden
2019,2,2019-02-21,03:00,3280.0,880.0,3600.0,230.0,－－－－－－－－－－,10.0,0.0,0.0,100.0,0.0,10.0,-1550.0,3280.0,yonden
2019,2,2019-02-21,04:00,3330.0,880.0,3690.0,200.0,－－－－－－－－－－,10.0,0.0,0.0,90.0,0.0,20.0,-1560.0,3330.0,yonden
2019,2,2019-02-21,05:00,3290.0,880.0,3700.0,180.0,－－－－－－－－－－,10.0,0.0,0.0,90.0,0.0,20.0,-1590.0,3290.0,yonden
2019,2,2019-02-21,06:00,3360.0,880.0,3810.0,210.0,－－－－－－－－－－,10.0,0.0,0.0,100.0,0.0,0.0,-1650.0,3360.0,yonden
2019,2,2019-02-21,07:00,3450.0,880.0,3790.0,260.0,－－－－－－－－－－,10.0,130.0,0.0,90.0,0.0,10.0,-1720.0,3450.0,yonden
2019,2,2019-02-21,08:00,3710.0,880.0,3810.0,280.0,－－－－－－－－－－,10.0,360.0,0.0,90.0,0.0,0.0,-1720.0,3710.0,yonden
2019,2,2019-02-21,09:00,3620.0,880.0,3600.0,240.0,－－－－－－－－－－,10.0,720.0,0.0,60.0,0.0,0.0,-1890.0,3620.0,yonden
2019,2,2019-02-21,10:00,3510.0,880.0,3360.0,210.0,－－－－－－－－－－,10.0,1020.0,0.0,60.0,0.0,0.0,-2030.0,3510.0,yonden
2019,2,2019-02-21,11:00,3430.0,880.0,3290.0,210.0,－－－－－－－－－－,10.0,1130.0,0.0,50.0,0.0,0.0,-2140.0,3430.0,yonden
2019,2,2019-02-21,12:00,3190.0,880.0,3290.0,220.0,－－－－－－－－－－,10.0,1090.0,0.0,50.0,0.0,-220.0,-2130.0,3190.0,yonden
2019,2,2019-02-21,13:00,3380.0,880.0,3420.0,220.0,－－－－－－－－－－,10.0,1020.0,0.0,80.0,0.0,-130.0,-2120.0,3380.0,yonden
2019,2,2019-02-21,14:00,3380.0,880.0,3490.0,230.0,－－－－－－－－－－,10.0,850.0,0.0,80.0,0.0,0.0,-2160.0,3380.0,yonden
2019,2,2019-02-21,15:00,3420.0,880.0,3450.0,220.0,－－－－－－－－－－,10.0,630.0,0.0,70.0,0.0,0.0,-1840.0,3420.0,yonden
2019,2,2019-02-21,16:00,3550.0,880.0,3820.0,220.0,－－－－－－－－－－,10.0,310.0,0.0,70.0,0.0,0.0,-1760.0,3550.0,yonden
2019,2,2019-02-21,17:00,3660.0,880.0,4150.0,260.0,－－－－－－－－－－,10.0,60.0,0.0,50.0,0.0,20.0,-1770.0,3660.0,yonden
2019,2,2019-02-21,18:00,3840.0,880.0,4280.0,400.0,－－－－－－－－－－,10.0,0.0,0.0,40.0,0.0,20.0,-1790.0,3840.0,yonden
2019,2,2019-02-21,19:00,3740.0,880.0,4180.0,390.0,－－－－－－－－－－,10.0,0.0,0.0,40.0,0.0,20.0,-1780.0,3740.0,yonden
2019,2,2019-02-21,20:00,3590.0,880.0,4150.0,280.0,－－－－－－－－－－,10.0,0.0,0.0,40.0,0.0,10.0,-1780.0,3590.0,yonden
2019,2,2019-02-21,21:00,3410.0,880.0,4030.0,220.0,－－－－－－－－－－,10.0,0.0,0.0,30.0,0.0,0.0,-1760.0,3410.0,yonden
2019,2,2019-02-21,22:00,3160.0,880.0,3800.0,200.0,－－－－－－－－－－,10.0,0.0,0.0,10.0,0.0,0.0,-1740.0,3160.0,yonden
2019,2,2019-02-21,23:00,3040.0,880.0,3690.0,170.0,－－－－－－－－－－,10.0,0.0,0.0,20.0,0.0,0.0,-1730.0,3040.0,yonden
2019,2,2019-02-22,00:00,2950.0,880.0,3540.0,180.0,－－－－－－－－－－,10.0,0.0,0.0,30.0,0.0,0.0,-1690.0,2950.0,yonden
2019,2,2019-02-22,01:00,3030.0,880.0,3550.0,170.0,－－－－－－－－－－,10.0,0.0,0.0,40.0,0.0,0.0,-1620.0,3030.0,yonden
2019,2,2019-02-22,02:00,3240.0,880.0,3590.0,180.0,－－－－－－－－－－,10.0,0.0,0.0,40.0,0.0,0.0,-1460.0,3240.0,yonden
2019,2,2019-02-22,03:00,3380.0,880.0,3740.0,180.0,－－－－－－－－－－,10.0,0.0,0.0,40.0,0.0,0.0,-1470.0,3380.0,yonden
2019,2,2019-02-22,04:00,3400.0,880.0,3740.0,180.0,－－－－－－－－－－,10.0,0.0,0.0,40.0,0.0,0.0,-1450.0,3400.0,yonden
2019,2,2019-02-22,05:00,3370.0,880.0,3770.0,210.0,－－－－－－－－－－,10.0,0.0,0.0,40.0,0.0,0.0,-1540.0,3370.0,yonden
2019,2,2019-02-22,06:00,3460.0,880.0,3960.0,250.0,－－－－－－－－－－,10.0,0.0,0.0,30.0,0.0,10.0,-1680.0,3460.0,yonden
2019,2,2019-02-22,07:00,3540.0,880.0,4010.0,290.0,－－－－－－－－－－,10.0,120.0,0.0,30.0,0.0,150.0,-1950.0,3540.0,yonden
2019,2,2019-02-22,08:00,3830.0,880.0,3990.0,260.0,－－－－－－－－－－,10.0,390.0,0.0,20.0,0.0,100.0,-1820.0,3830.0,yonden
2019,2,2019-02-22,09:00,3730.0,880.0,3740.0,230.0,－－－－－－－－－－,10.0,730.0,0.0,20.0,0.0,0.0,-1880.0,3730.0,yonden
2019,2,2019-02-22,10:00,3590.0,880.0,3390.0,210.0,－－－－－－－－－－,10.0,1020.0,0.0,10.0,0.0,-280.0,-1650.0,3590.0,yonden
2019,2,2019-02-22,11:00,3510.0,880.0,3240.0,230.0,－－－－－－－－－－,10.0,1050.0,0.0,10.0,0.0,-300.0,-1610.0,3510.0,yonden
2019,2,2019-02-22,12:00,3310.0,880.0,2990.0,240.0,－－－－－－－－－－,10.0,970.0,0.0,10.0,0.0,-300.0,-1490.0,3310.0,yonden
2019,2,2019-02-22,13:00,3490.0,880.0,3280.0,270.0,－－－－－－－－－－,10.0,510.0,0.0,10.0,0.0,-30.0,-1440.0,3490.0,yonden
2019,2,2019-02-22,14:00,3480.0,880.0,3540.0,220.0,－－－－－－－－－－,10.0,280.0,0.0,10.0,0.0,0.0,-1460.0,3480.0,yonden
2019,2,2019-02-22,15:00,3530.0,880.0,3800.0,240.0,－－－－－－－－－－,10.0,140.0,0.0,20.0,0.0,0.0,-1560.0,3530.0,yonden
2019,2,2019-02-22,16:00,3650.0,880.0,3880.0,240.0,－－－－－－－－－－,10.0,100.0,0.0,30.0,0.0,210.0,-1700.0,3650.0,yonden
2019,2,2019-02-22,17:00,3770.0,880.0,3980.0,360.0,－－－－－－－－－－,10.0,20.0,0.0,20.0,0.0,350.0,-1850.0,3770.0,yonden
2019,2,2019-02-22,18:00,3830.0,880.0,4070.0,390.0,－－－－－－－－－－,10.0,0.0,0.0,30.0,0.0,350.0,-1900.0,3830.0,yonden
2019,2,2019-02-22,19:00,3690.0,880.0,3960.0,380.0,－－－－－－－－－－,10.0,0.0,0.0,30.0,0.0,340.0,-1910.0,3690.0,yonden
2019,2,2019-02-22,20:00,3540.0,880.0,3820.0,210.0,－－－－－－－－－－,10.0,0.0,0.0,50.0,0.0,310.0,-1740.0,3540.0,yonden
2019,2,2019-02-22,21:00,3340.0,880.0,3760.0,170.0,－－－－－－－－－－,10.0,0.0,0.0,40.0,0.0,200.0,-1720.0,3340.0,yonden
2019,2,2019-02-22,22:00,3090.0,880.0,3610.0,160.0,－－－－－－－－－－,10.0,0.0,0.0,40.0,0.0,0.0,-1610.0,3090.0,yonden
2019,2,2019-02-22,23:00,2960.0,880.0,3450.0,160.0,－－－－－－－－－－,10.0,0.0,0.0,50.0,0.0,0.0,-1590.0,2960.0,yonden
2019,2,2019-02-23,00:00,2870.0,880.0,3250.0,150.0,－－－－－－－－－－,10.0,0.0,0.0,70.0,0.0,0.0,-1490.0,2870.0,yonden
2019,2,2019-02-23,01:00,2940.0,880.0,3240.0,110.0,－－－－－－－－－－,10.0,0.0,0.0,70.0,0.0,0.0,-1370.0,2940.0,yonden
2019,2,2019-02-23,02:00,3130.0,880.0,3280.0,150.0,－－－－－－－－－－,10.0,0.0,0.0,90.0,0.0,20.0,-1300.0,3130.0,yonden
2019,2,2019-02-23,03:00,3250.0,880.0,3280.0,190.0,－－－－－－－－－－,10.0,0.0,0.0,110.0,0.0,20.0,-1240.0,3250.0,yonden
2019,2,2019-02-23,04:00,3260.0,880.0,3280.0,230.0,－－－－－－－－－－,10.0,0.0,0.0,120.0,0.0,10.0,-1270.0,3260.0,yonden
2019,2,2019-02-23,05:00,3140.0,880.0,3280.0,150.0,－－－－－－－－－－,10.0,0.0,0.0,120.0,0.0,0.0,-1300.0,3140.0,yonden
2019,2,2019-02-23,06:00,3030.0,880.0,3310.0,170.0,－－－－－－－－－－,10.0,0.0,0.0,130.0,0.0,0.0,-1470.0,3030.0,yonden
2019,2,2019-02-23,07:00,3070.0,880.0,3230.0,200.0,－－－－－－－－－－,10.0,190.0,0.0,110.0,0.0,0.0,-1550.0,3070.0,yonden
2019,2,2019-02-23,08:00,3180.0,880.0,2980.0,190.0,－－－－－－－－－－,10.0,520.0,0.0,120.0,0.0,0.0,-1520.0,3180.0,yonden
2019,2,2019-02-23,09:00,3070.0,880.0,2720.0,200.0,－－－－－－－－－－,10.0,900.0,0.0,110.0,0.0,0.0,-1750.0,3070.0,yonden
2019,2,2019-02-23,10:00,2970.0,880.0,2760.0,220.0,－－－－－－－－－－,10.0,1200.0,0.0,100.0,0.0,-170.0,-2030.0,2970.0,yonden
2019,2,2019-02-23,11:00,2930.0,880.0,2830.0,210.0,－－－－－－－－－－,10.0,1260.0,0.0,100.0,0.0,-300.0,-2060.0,2930.0,yonden
2019,2,2019-02-23,12:00,2810.0,880.0,2750.0,180.0,－－－－－－－－－－,10.0,1100.0,0.0,100.0,0.0,-300.0,-1910.0,2810.0,yonden
2019,2,2019-02-23,13:00,2800.0,880.0,2610.0,150.0,－－－－－－－－－－,10.0,1200.0,0.0,70.0,0.0,-300.0,-1820.0,2800.0,yonden
2019,2,2019-02-23,14:00,2770.0,880.0,2670.0,210.0,－－－－－－－－－－,10.0,1110.0,0.0,70.0,0.0,-300.0,-1880.0,2770.0,yonden
2019,2,2019-02-23,15:00,2760.0,880.0,2770.0,230.0,－－－－－－－－－－,10.0,850.0,0.0,80.0,0.0,-300.0,-1760.0,2760.0,yonden
2019,2,2019-02-23,16:00,2930.0,880.0,2780.0,230.0,－－－－－－－－－－,10.0,500.0,0.0,80.0,0.0,-30.0,-1520.0,2930.0,yonden
2019,2,2019-02-23,17:00,3100.0,880.0,3140.0,220.0,－－－－－－－－－－,10.0,110.0,0.0,50.0,0.0,0.0,-1310.0,3100.0,yonden
2019,2,2019-02-23,18:00,3320.0,880.0,3300.0,280.0,－－－－－－－－－－,10.0,0.0,0.0,60.0,0.0,20.0,-1230.0,3320.0,yonden
2019,2,2019-02-23,19:00,3320.0,880.0,3290.0,260.0,－－－－－－－－－－,10.0,0.0,0.0,80.0,0.0,20.0,-1220.0,3320.0,yonden
2019,2,2019-02-23,20:00,3230.0,880.0,3270.0,210.0,－－－－－－－－－－,10.0,0.0,0.0,90.0,0.0,10.0,-1240.0,3230.0,yonden
2019,2,2019-02-23,21:00,3090.0,880.0,3230.0,190.0,－－－－－－－－－－,10.0,0.0,0.0,70.0,0.0,0.0,-1290.0,3090.0,yonden
2019,2,2019-02-23,22:00,2870.0,880.0,3260.0,160.0,－－－－－－－－－－,10.0,0.0,0.0,60.0,0.0,0.0,-1500.0,2870.0,yonden
2019,2,2019-02-23,23:00,2810.0,880.0,3280.0,120.0,－－－－－－－－－－,10.0,0.0,0.0,60.0,0.0,0.0,-1540.0,2810.0,yonden
2019,2,2019-02-24,00:00,2770.0,880.0,3180.0,90.0,－－－－－－－－－－,10.0,0.0,0.0,60.0,0.0,0.0,-1450.0,2770.0,yonden
2019,2,2019-02-24,01:00,2890.0,880.0,3250.0,80.0,－－－－－－－－－－,10.0,0.0,0.0,60.0,0.0,0.0,-1390.0,2890.0,yonden
2019,2,2019-02-24,02:00,3120.0,880.0,3250.0,90.0,－－－－－－－－－－,10.0,0.0,0.0,60.0,0.0,90.0,-1260.0,3120.0,yonden
2019,2,2019-02-24,03:00,3240.0,880.0,3250.0,120.0,－－－－－－－－－－,10.0,0.0,0.0,50.0,0.0,140.0,-1210.0,3240.0,yonden
2019,2,2019-02-24,04:00,3230.0,880.0,3260.0,140.0,－－－－－－－－－－,10.0,0.0,0.0,40.0,0.0,140.0,-1240.0,3230.0,yonden
2019,2,2019-02-24,05:00,3070.0,880.0,3230.0,230.0,－－－－－－－－－－,10.0,0.0,0.0,20.0,0.0,0.0,-1300.0,3070.0,yonden
2019,2,2019-02-24,06:00,2910.0,880.0,3250.0,260.0,－－－－－－－－－－,10.0,0.0,0.0,20.0,0.0,20.0,-1530.0,2910.0,yonden
2019,2,2019-02-24,07:00,2890.0,880.0,3310.0,200.0,－－－－－－－－－－,10.0,120.0,0.0,20.0,0.0,20.0,-1670.0,2890.0,yonden
2019,2,2019-02-24,08:00,2980.0,880.0,3420.0,200.0,－－－－－－－－－－,10.0,320.0,0.0,10.0,0.0,0.0,-1860.0,2980.0,yonden
2019,2,2019-02-24,09:00,2860.0,880.0,3290.0,200.0,－－－－－－－－－－,10.0,720.0,0.0,0.0,0.0,0.0,-2240.0,2860.0,yonden
2019,2,2019-02-24,10:00,2670.0,880.0,3090.0,150.0,－－－－－－－－－－,10.0,1120.0,0.0,0.0,0.0,-250.0,-2330.0,2670.0,yonden
2019,2,2019-02-24,11:00,2590.0,880.0,2850.0,110.0,－－－－－－－－－－,10.0,1340.0,0.0,10.0,0.0,-300.0,-2310.0,2590.0,yonden
2019,2,2019-02-24,12:00,2580.0,880.0,2870.0,100.0,－－－－－－－－－－,10.0,1340.0,0.0,10.0,0.0,-300.0,-2330.0,2580.0,yonden
2019,2,2019-02-24,13:00,2540.0,880.0,2920.0,120.0,－－－－－－－－－－,10.0,1240.0,0.0,0.0,0.0,-300.0,-2330.0,2540.0,yonden
2019,2,2019-02-24,14:00,2520.0,880.0,2920.0,140.0,－－－－－－－－－－,10.0,960.0,0.0,0.0,0.0,-50.0,-2340.0,2520.0,yonden
2019,2,2019-02-24,15:00,2530.0,880.0,2970.0,180.0,－－－－－－－－－－,10.0,680.0,0.0,0.0,0.0,0.0,-2190.0,2530.0,yonden
2019,2,2019-02-24,16:00,2680.0,880.0,2930.0,150.0,－－－－－－－－－－,10.0,430.0,0.0,0.0,0.0,0.0,-1720.0,2680.0,yonden
2019,2,2019-02-24,17:00,2950.0,880.0,3200.0,220.0,－－－－－－－－－－,10.0,100.0,0.0,10.0,0.0,0.0,-1470.0,2950.0,yonden
2019,2,2019-02-24,18:00,3250.0,880.0,3470.0,340.0,－－－－－－－－－－,10.0,0.0,0.0,10.0,0.0,20.0,-1480.0,3250.0,yonden
2019,2,2019-02-24,19:00,3280.0,880.0,3430.0,260.0,－－－－－－－－－－,10.0,0.0,0.0,20.0,0.0,20.0,-1340.0,3280.0,yonden
2019,2,2019-02-24,20:00,3220.0,880.0,3360.0,210.0,－－－－－－－－－－,10.0,0.0,0.0,20.0,0.0,0.0,-1260.0,3220.0,yonden
2019,2,2019-02-24,21:00,3060.0,880.0,3220.0,180.0,－－－－－－－－－－,10.0,0.0,0.0,10.0,0.0,0.0,-1240.0,3060.0,yonden
2019,2,2019-02-24,22:00,2830.0,880.0,3190.0,170.0,－－－－－－－－－－,10.0,0.0,0.0,0.0,0.0,0.0,-1420.0,2830.0,yonden
2019,2,2019-02-24,23:00,2760.0,880.0,3160.0,160.0,－－－－－－－－－－,10.0,0.0,0.0,0.0,0.0,0.0,-1450.0,2760.0,yonden
2019,2,2019-02-25,00:00,2750.0,880.0,3220.0,130.0,－－－－－－－－－－,10.0,0.0,0.0,0.0,0.0,0.0,-1490.0,2750.0,yonden
2019,2,2019-02-25,01:00,2870.0,880.0,3360.0,120.0,－－－－－－－－－－,10.0,0.0,0.0,0.0,0.0,0.0,-1500.0,2870.0,yonden
2019,2,2019-02-25,02:00,3080.0,880.0,3430.0,180.0,－－－－－－－－－－,10.0,0.0,0.0,0.0,0.0,0.0,-1420.0,3080.0,yonden
2019,2,2019-02-25,03:00,3200.0,880.0,3490.0,250.0,－－－－－－－－－－,10.0,0.0,0.0,0.0,0.0,20.0,-1450.0,3200.0,yonden
2019,2,2019-02-25,04:00,3230.0,880.0,3610.0,250.0,－－－－－－－－－－,10.0,0.0,0.0,0.0,0.0,10.0,-1530.0,3230.0,yonden
2019,2,2019-02-25,05:00,3220.0,880.0,3740.0,200.0,－－－－－－－－－－,10.0,0.0,0.0,0.0,0.0,0.0,-1610.0,3220.0,yonden
2019,2,2019-02-25,06:00,3370.0,880.0,3890.0,270.0,－－－－－－－－－－,10.0,0.0,0.0,0.0,0.0,50.0,-1730.0,3370.0,yonden
2019,2,2019-02-25,07:00,3460.0,880.0,3890.0,260.0,－－－－－－－－－－,10.0,220.0,0.0,10.0,0.0,190.0,-2000.0,3460.0,yonden
2019,2,2019-02-25,08:00,3620.0,880.0,3910.0,230.0,－－－－－－－－－－,10.0,560.0,0.0,20.0,0.0,20.0,-2010.0,3620.0,yonden
2019,2,2019-02-25,09:00,3510.0,880.0,3410.0,210.0,－－－－－－－－－－,10.0,960.0,0.0,10.0,0.0,0.0,-1970.0,3510.0,yonden
2019,2,2019-02-25,10:00,3360.0,880.0,3140.0,140.0,－－－－－－－－－－,10.0,1260.0,0.0,10.0,0.0,0.0,-2080.0,3360.0,yonden
2019,2,2019-02-25,11:00,3280.0,880.0,3020.0,130.0,－－－－－－－－－－,10.0,1390.0,0.0,10.0,0.0,0.0,-2160.0,3280.0,yonden
2019,2,2019-02-25,12:00,3150.0,880.0,3270.0,130.0,－－－－－－－－－－,10.0,1310.0,0.0,10.0,0.0,0.0,-2460.0,3150.0,yonden
2019,2,2019-02-25,13:00,3310.0,880.0,3470.0,120.0,－－－－－－－－－－,10.0,1140.0,0.0,10.0,0.0,0.0,-2320.0,3310.0,yonden
2019,2,2019-02-25,14:00,3240.0,880.0,3460.0,130.0,－－－－－－－－－－,10.0,1010.0,0.0,10.0,0.0,0.0,-2260.0,3240.0,yonden
2019,2,2019-02-25,15:00,3240.0,880.0,3730.0,150.0,－－－－－－－－－－,10.0,740.0,0.0,20.0,0.0,0.0,-2290.0,3240.0,yonden
2019,2,2019-02-25,16:00,3280.0,880.0,3960.0,210.0,－－－－－－－－－－,10.0,390.0,0.0,20.0,0.0,20.0,-2210.0,3280.0,yonden
2019,2,2019-02-25,17:00,3380.0,880.0,4250.0,300.0,－－－－－－－－－－,10.0,100.0,0.0,20.0,0.0,180.0,-2360.0,3380.0,yonden
2019,2,2019-02-25,18:00,3580.0,880.0,4280.0,360.0,－－－－－－－－－－,10.0,0.0,0.0,20.0,0.0,360.0,-2330.0,3580.0,yonden
2019,2,2019-02-25,19:00,3510.0,880.0,4270.0,320.0,－－－－－－－－－－,10.0,0.0,0.0,30.0,0.0,240.0,-2240.0,3510.0,yonden
2019,2,2019-02-25,20:00,3370.0,880.0,4180.0,280.0,－－－－－－－－－－,10.0,0.0,0.0,40.0,0.0,40.0,-2060.0,3370.0,yonden
2019,2,2019-02-25,21:00,3180.0,880.0,3890.0,200.0,－－－－－－－－－－,10.0,0.0,0.0,60.0,0.0,0.0,-1860.0,3180.0,yonden
2019,2,2019-02-25,22:00,2930.0,880.0,3760.0,160.0,－－－－－－－－－－,10.0,0.0,0.0,50.0,0.0,0.0,-1930.0,2930.0,yonden
2019,2,2019-02-25,23:00,2820.0,880.0,3580.0,120.0,－－－－－－－－－－,10.0,0.0,0.0,50.0,0.0,0.0,-1820.0,2820.0,yonden
2019,2,2019-02-26,00:00,2750.0,880.0,3370.0,120.0,－－－－－－－－－－,10.0,0.0,0.0,60.0,0.0,0.0,-1690.0,2750.0,yonden
2019,2,2019-02-26,01:00,2850.0,880.0,3390.0,110.0,－－－－－－－－－－,10.0,0.0,0.0,50.0,0.0,0.0,-1590.0,2850.0,yonden
2019,2,2019-02-26,02:00,3060.0,880.0,3490.0,120.0,－－－－－－－－－－,10.0,0.0,0.0,50.0,0.0,0.0,-1490.0,3060.0,yonden
2019,2,2019-02-26,03:00,3210.0,880.0,3610.0,170.0,－－－－－－－－－－,10.0,0.0,0.0,50.0,0.0,0.0,-1510.0,3210.0,yonden
2019,2,2019-02-26,04:00,3220.0,880.0,3580.0,190.0,－－－－－－－－－－,10.0,0.0,0.0,70.0,0.0,0.0,-1510.0,3220.0,yonden
2019,2,2019-02-26,05:00,3160.0,880.0,3550.0,220.0,－－－－－－－－－－,10.0,0.0,0.0,70.0,0.0,30.0,-1600.0,3160.0,yonden
2019,2,2019-02-26,06:00,3230.0,880.0,3670.0,300.0,－－－－－－－－－－,10.0,0.0,0.0,70.0,0.0,40.0,-1740.0,3230.0,yonden
2019,2,2019-02-26,07:00,3330.0,880.0,3610.0,300.0,－－－－－－－－－－,10.0,180.0,0.0,80.0,0.0,40.0,-1770.0,3330.0,yonden
2019,2,2019-02-26,08:00,3540.0,880.0,3730.0,220.0,－－－－－－－－－－,10.0,470.0,0.0,60.0,0.0,20.0,-1850.0,3540.0,yonden
2019,2,2019-02-26,09:00,3480.0,880.0,3420.0,170.0,－－－－－－－－－－,10.0,830.0,0.0,50.0,0.0,0.0,-1880.0,3480.0,yonden
2019,2,2019-02-26,10:00,3340.0,880.0,3050.0,130.0,－－－－－－－－－－,10.0,1250.0,0.0,40.0,0.0,0.0,-2020.0,3340.0,yonden
2019,2,2019-02-26,11:00,3260.0,880.0,2960.0,130.0,－－－－－－－－－－,10.0,1470.0,0.0,40.0,0.0,-100.0,-2130.0,3260.0,yonden
2019,2,2019-02-26,12:00,3050.0,880.0,3040.0,110.0,－－－－－－－－－－,10.0,1540.0,0.0,60.0,0.0,-300.0,-2290.0,3050.0,yonden
2019,2,2019-02-26,13:00,3200.0,880.0,3080.0,100.0,－－－－－－－－－－,10.0,1490.0,0.0,70.0,0.0,-300.0,-2130.0,3200.0,yonden
2019,2,2019-02-26,14:00,3170.0,880.0,2970.0,120.0,－－－－－－－－－－,10.0,1290.0,0.0,70.0,0.0,-160.0,-2010.0,3170.0,yonden
2019,2,2019-02-26,15:00,3190.0,880.0,3110.0,130.0,－－－－－－－－－－,10.0,960.0,0.0,70.0,0.0,0.0,-1970.0,3190.0,yonden
2019,2,2019-02-26,16:00,3320.0,880.0,3510.0,160.0,－－－－－－－－－－,10.0,540.0,0.0,60.0,0.0,10.0,-1850.0,3320.0,yonden
2019,2,2019-02-26,17:00,3380.0,880.0,3940.0,270.0,－－－－－－－－－－,10.0,120.0,0.0,50.0,0.0,20.0,-1910.0,3380.0,yonden
2019,2,2019-02-26,18:00,3570.0,880.0,4100.0,390.0,－－－－－－－－－－,10.0,0.0,0.0,40.0,0.0,240.0,-2090.0,3570.0,yonden
2019,2,2019-02-26,19:00,3540.0,880.0,4120.0,390.0,－－－－－－－－－－,10.0,0.0,0.0,30.0,0.0,180.0,-2070.0,3540.0,yonden
2019,2,2019-02-26,20:00,3420.0,880.0,4150.0,290.0,－－－－－－－－－－,10.0,0.0,0.0,30.0,0.0,10.0,-1950.0,3420.0,yonden
2019,2,2019-02-26,21:00,3240.0,880.0,3940.0,200.0,－－－－－－－－－－,10.0,0.0,0.0,20.0,0.0,10.0,-1820.0,3240.0,yonden
2019,2,2019-02-26,22:00,3020.0,880.0,3620.0,170.0,－－－－－－－－－－,10.0,0.0,0.0,20.0,0.0,10.0,-1690.0,3020.0,yonden
2019,2,2019-02-26,23:00,2890.0,880.0,3570.0,120.0,－－－－－－－－－－,10.0,0.0,0.0,20.0,0.0,10.0,-1720.0,2890.0,yonden
2019,2,2019-02-27,00:00,2820.0,880.0,3510.0,100.0,－－－－－－－－－－,10.0,0.0,0.0,30.0,0.0,0.0,-1710.0,2820.0,yonden
2019,2,2019-02-27,01:00,2930.0,880.0,3480.0,100.0,－－－－－－－－－－,10.0,0.0,0.0,50.0,0.0,0.0,-1590.0,2930.0,yonden
2019,2,2019-02-27,02:00,3160.0,880.0,3530.0,100.0,－－－－－－－－－－,10.0,0.0,0.0,60.0,0.0,0.0,-1420.0,3160.0,yonden
2019,2,2019-02-27,03:00,3320.0,880.0,3570.0,170.0,－－－－－－－－－－,10.0,0.0,0.0,50.0,0.0,0.0,-1360.0,3320.0,yonden
2019,2,2019-02-27,04:00,3350.0,880.0,3720.0,170.0,－－－－－－－－－－,10.0,0.0,0.0,50.0,0.0,0.0,-1480.0,3350.0,yonden
2019,2,2019-02-27,05:00,3300.0,880.0,3860.0,150.0,－－－－－－－－－－,10.0,0.0,0.0,30.0,0.0,0.0,-1630.0,3300.0,yonden
2019,2,2019-02-27,06:00,3390.0,880.0,4130.0,240.0,－－－－－－－－－－,10.0,10.0,0.0,20.0,0.0,20.0,-1920.0,3390.0,yonden
2019,2,2019-02-27,07:00,3470.0,880.0,4210.0,290.0,－－－－－－－－－－,10.0,100.0,0.0,10.0,0.0,10.0,-2040.0,3470.0,yonden
2019,2,2019-02-27,08:00,3720.0,880.0,4210.0,290.0,－－－－－－－－－－,10.0,260.0,0.0,20.0,0.0,20.0,-1970.0,3720.0,yonden
2019,2,2019-02-27,09:00,3750.0,880.0,4150.0,190.0,－－－－－－－－－－,10.0,400.0,0.0,10.0,0.0,110.0,-2000.0,3750.0,yonden
2019,2,2019-02-27,10:00,3630.0,880.0,3950.0,140.0,－－－－－－－－－－,10.0,460.0,0.0,20.0,0.0,170.0,-2000.0,3630.0,yonden
2019,2,2019-02-27,11:00,3550.0,880.0,3960.0,170.0,－－－－－－－－－－,10.0,340.0,0.0,20.0,0.0,190.0,-2020.0,3550.0,yonden
2019,2,2019-02-27,12:00,3390.0,880.0,3960.0,140.0,－－－－－－－－－－,10.0,240.0,0.0,20.0,0.0,190.0,-2050.0,3390.0,yonden
2019,2,2019-02-27,13:00,3580.0,880.0,4000.0,150.0,－－－－－－－－－－,10.0,240.0,0.0,20.0,0.0,70.0,-1790.0,3580.0,yonden
2019,2,2019-02-27,14:00,3520.0,880.0,3980.0,130.0,－－－－－－－－－－,10.0,180.0,0.0,10.0,0.0,40.0,-1710.0,3520.0,yonden
2019,2,2019-02-27,15:00,3550.0,880.0,4000.0,170.0,－－－－－－－－－－,10.0,150.0,0.0,10.0,0.0,160.0,-1830.0,3550.0,yonden
2019,2,2019-02-27,16:00,3670.0,880.0,4090.0,190.0,－－－－－－－－－－,10.0,110.0,0.0,20.0,0.0,150.0,-1780.0,3670.0,yonden
2019,2,2019-02-27,17:00,3760.0,880.0,4110.0,250.0,－－－－－－－－－－,10.0,30.0,0.0,20.0,0.0,150.0,-1690.0,3760.0,yonden
2019,2,2019-02-27,18:00,3860.0,880.0,4310.0,320.0,－－－－－－－－－－,10.0,0.0,0.0,20.0,0.0,140.0,-1820.0,3860.0,yonden
2019,2,2019-02-27,19:00,3750.0,880.0,4390.0,310.0,－－－－－－－－－－,10.0,0.0,0.0,40.0,0.0,10.0,-1890.0,3750.0,yonden
2019,2,2019-02-27,20:00,3580.0,880.0,4080.0,220.0,－－－－－－－－－－,10.0,0.0,0.0,50.0,0.0,10.0,-1670.0,3580.0,yonden
2019,2,2019-02-27,21:00,3360.0,880.0,3850.0,150.0,－－－－－－－－－－,10.0,0.0,0.0,50.0,0.0,0.0,-1580.0,3360.0,yonden
2019,2,2019-02-27,22:00,3100.0,880.0,3640.0,110.0,－－－－－－－－－－,10.0,0.0,0.0,60.0,0.0,0.0,-1600.0,3100.0,yonden
2019,2,2019-02-27,23:00,2930.0,880.0,3400.0,90.0,－－－－－－－－－－,10.0,0.0,0.0,60.0,0.0,0.0,-1510.0,2930.0,yonden
2019,2,2019-02-28,00:00,2850.0,880.0,3450.0,60.0,－－－－－－－－－－,10.0,0.0,0.0,50.0,0.0,0.0,-1600.0,2850.0,yonden
2019,2,2019-02-28,01:00,2930.0,880.0,3380.0,60.0,－－－－－－－－－－,10.0,0.0,0.0,70.0,0.0,0.0,-1470.0,2930.0,yonden
2019,2,2019-02-28,02:00,3150.0,880.0,3400.0,70.0,－－－－－－－－－－,10.0,0.0,0.0,80.0,0.0,0.0,-1290.0,3150.0,yonden
2019,2,2019-02-28,03:00,3280.0,880.0,3450.0,70.0,－－－－－－－－－－,10.0,0.0,0.0,100.0,0.0,0.0,-1230.0,3280.0,yonden
2019,2,2019-02-28,04:00,3310.0,880.0,3450.0,80.0,－－－－－－－－－－,10.0,0.0,0.0,100.0,0.0,0.0,-1210.0,3310.0,yonden
2019,2,2019-02-28,05:00,3250.0,880.0,3540.0,110.0,－－－－－－－－－－,10.0,0.0,0.0,70.0,0.0,0.0,-1360.0,3250.0,yonden
2019,2,2019-02-28,06:00,3300.0,880.0,3720.0,150.0,－－－－－－－－－－,10.0,0.0,0.0,70.0,0.0,10.0,-1540.0,3300.0,yonden
2019,2,2019-02-28,07:00,3450.0,880.0,4020.0,200.0,－－－－－－－－－－,10.0,40.0,0.0,70.0,0.0,30.0,-1800.0,3450.0,yonden
2019,2,2019-02-28,08:00,3860.0,880.0,4300.0,300.0,－－－－－－－－－－,10.0,70.0,0.0,90.0,0.0,40.0,-1830.0,3860.0,yonden
2019,2,2019-02-28,09:00,3970.0,880.0,4320.0,290.0,－－－－－－－－－－,10.0,140.0,0.0,100.0,0.0,110.0,-1880.0,3970.0,yonden
2019,2,2019-02-28,10:00,3830.0,880.0,4160.0,160.0,－－－－－－－－－－,10.0,270.0,0.0,100.0,0.0,70.0,-1820.0,3830.0,yonden
2019,2,2019-02-28,11:00,3670.0,880.0,3960.0,120.0,－－－－－－－－－－,10.0,400.0,0.0,110.0,0.0,0.0,-1810.0,3670.0,yonden
2019,2,2019-02-28,12:00,3390.0,880.0,3800.0,100.0,－－－－－－－－－－,10.0,450.0,0.0,110.0,0.0,0.0,-1960.0,3390.0,yonden
2019,2,2019-02-28,13:00,3580.0,880.0,4060.0,90.0,－－－－－－－－－－,10.0,340.0,0.0,110.0,0.0,0.0,-1910.0,3580.0,yonden
2019,2,2019-02-28,14:00,3560.0,880.0,4120.0,140.0,－－－－－－－－－－,10.0,250.0,0.0,110.0,0.0,0.0,-1950.0,3560.0,yonden
2019,2,2019-02-28,15:00,3570.0,880.0,4030.0,150.0,－－－－－－－－－－,10.0,240.0,0.0,110.0,0.0,0.0,-1850.0,3570.0,yonden
2019,2,2019-02-28,16:00,3670.0,880.0,4080.0,200.0,－－－－－－－－－－,10.0,130.0,0.0,100.0,0.0,10.0,-1740.0,3670.0,yonden
2019,2,2019-02-28,17:00,3710.0,880.0,4120.0,270.0,－－－－－－－－－－,10.0,30.0,0.0,90.0,0.0,80.0,-1770.0,3710.0,yonden
2019,2,2019-02-28,18:00,3770.0,880.0,4070.0,340.0,－－－－－－－－－－,10.0,0.0,0.0,70.0,0.0,180.0,-1780.0,3770.0,yonden
2019,2,2019-02-28,19:00,3680.0,880.0,4040.0,350.0,－－－－－－－－－－,10.0,0.0,0.0,90.0,0.0,140.0,-1830.0,3680.0,yonden
2019,2,2019-02-28,20:00,3520.0,880.0,4110.0,270.0,－－－－－－－－－－,10.0,0.0,0.0,70.0,0.0,20.0,-1840.0,3520.0,yonden
2019,2,2019-02-28,21:00,3320.0,880.0,3990.0,200.0,－－－－－－－－－－,10.0,0.0,0.0,80.0,0.0,20.0,-1860.0,3320.0,yonden
2019,2,2019-02-28,22:00,3050.0,880.0,3610.0,150.0,－－－－－－－－－－,10.0,0.0,0.0,90.0,0.0,0.0,-1690.0,3050.0,yonden
2019,2,2019-02-28,23:00,2920.0,880.0,3530.0,110.0,－－－－－－－－－－,10.0,0.0,0.0,100.0,0.0,0.0,-1710.0,2920.0,yonden
2019,3,2019-03-01,00:00,2810.0,880.0,3430.0,80.0,－－－－－－－－－－,20.0,0.0,0.0,100.0,0.0,0.0,-1700.0,2810.0,yonden
2019,3,2019-03-01,01:00,2900.0,880.0,3450.0,70.0,－－－－－－－－－－,20.0,0.0,0.0,100.0,0.0,0.0,-1620.0,2900.0,yonden
2019,3,2019-03-01,02:00,3120.0,880.0,3610.0,70.0,－－－－－－－－－－,20.0,0.0,0.0,80.0,0.0,0.0,-1540.0,3120.0,yonden
2019,3,2019-03-01,03:00,3270.0,880.0,3730.0,130.0,－－－－－－－－－－,20.0,0.0,0.0,70.0,0.0,10.0,-1570.0,3270.0,yonden
2019,3,2019-03-01,04:00,3300.0,880.0,3760.0,140.0,－－－－－－－－－－,20.0,0.0,0.0,70.0,0.0,30.0,-1600.0,3300.0,yonden
2019,3,2019-03-01,05:00,3270.0,880.0,3640.0,140.0,－－－－－－－－－－,20.0,0.0,0.0,60.0,0.0,30.0,-1500.0,3270.0,yonden
2019,3,2019-03-01,06:00,3350.0,880.0,3650.0,200.0,－－－－－－－－－－,20.0,10.0,0.0,60.0,0.0,0.0,-1470.0,3350.0,yonden
2019,3,2019-03-01,07:00,3410.0,880.0,3580.0,220.0,－－－－－－－－－－,20.0,220.0,0.0,40.0,0.0,0.0,-1550.0,3410.0,yonden
2019,3,2019-03-01,08:00,3530.0,880.0,3650.0,220.0,－－－－－－－－－－,20.0,580.0,0.0,30.0,0.0,0.0,-1850.0,3530.0,yonden
2019,3,2019-03-01,09:00,3470.0,880.0,3480.0,180.0,－－－－－－－－－－,20.0,1010.0,0.0,30.0,0.0,0.0,-2130.0,3470.0,yonden
2019,3,2019-03-01,10:00,3350.0,880.0,3330.0,150.0,－－－－－－－－－－,20.0,1300.0,0.0,30.0,0.0,-130.0,-2230.0,3350.0,yonden
2019,3,2019-03-01,11:00,3260.0,880.0,3230.0,140.0,－－－－－－－－－－,20.0,1440.0,0.0,20.0,0.0,-310.0,-2160.0,3260.0,yonden
2019,3,2019-03-01,12:00,3070.0,880.0,3180.0,110.0,－－－－－－－－－－,20.0,1470.0,0.0,20.0,0.0,-300.0,-2310.0,3070.0,yonden
2019,3,2019-03-01,13:00,3220.0,880.0,3100.0,100.0,－－－－－－－－－－,20.0,1460.0,0.0,40.0,0.0,-300.0,-2080.0,3220.0,yonden
2019,3,2019-03-01,14:00,3200.0,880.0,3120.0,110.0,－－－－－－－－－－,20.0,1270.0,0.0,50.0,0.0,-30.0,-2220.0,3200.0,yonden
2019,3,2019-03-01,15:00,3200.0,880.0,3380.0,120.0,－－－－－－－－－－,20.0,930.0,0.0,60.0,0.0,0.0,-2190.0,3200.0,yonden
2019,3,2019-03-01,16:00,3330.0,880.0,3570.0,140.0,－－－－－－－－－－,20.0,530.0,0.0,80.0,0.0,0.0,-1890.0,3330.0,yonden
2019,3,2019-03-01,17:00,3380.0,880.0,3310.0,220.0,－－－－－－－－－－,20.0,120.0,0.0,80.0,0.0,30.0,-1280.0,3380.0,yonden
2019,3,2019-03-01,18:00,3510.0,880.0,3180.0,310.0,－－－－－－－－－－,20.0,0.0,0.0,80.0,0.0,30.0,-990.0,3510.0,yonden
2019,3,2019-03-01,19:00,3480.0,880.0,3190.0,310.0,－－－－－－－－－－,20.0,0.0,0.0,80.0,0.0,30.0,-1030.0,3480.0,yonden
2019,3,2019-03-01,20:00,3370.0,880.0,3150.0,260.0,－－－－－－－－－－,20.0,0.0,0.0,70.0,0.0,20.0,-1030.0,3370.0,yonden
2019,3,2019-03-01,21:00,3200.0,880.0,3060.0,200.0,－－－－－－－－－－,20.0,0.0,0.0,70.0,0.0,20.0,-1050.0,3200.0,yonden
2019,3,2019-03-01,22:00,2980.0,880.0,2800.0,130.0,－－－－－－－－－－,20.0,0.0,0.0,60.0,0.0,20.0,-930.0,2980.0,yonden
2019,3,2019-03-01,23:00,2870.0,880.0,2620.0,100.0,－－－－－－－－－－,20.0,0.0,0.0,50.0,0.0,0.0,-800.0,2870.0,yonden
2019,3,2019-03-02,00:00,2800.0,880.0,2280.0,80.0,－－－－－－－－－－,20.0,0.0,0.0,40.0,0.0,0.0,-500.0,2800.0,yonden
2019,3,2019-03-02,01:00,2900.0,880.0,2300.0,60.0,－－－－－－－－－－,20.0,0.0,0.0,30.0,0.0,0.0,-390.0,2900.0,yonden
2019,3,2019-03-02,02:00,3130.0,880.0,2390.0,70.0,－－－－－－－－－－,20.0,0.0,0.0,30.0,0.0,20.0,-280.0,3130.0,yonden
2019,3,2019-03-02,03:00,3260.0,880.0,2300.0,80.0,－－－－－－－－－－,20.0,0.0,0.0,30.0,0.0,230.0,-280.0,3260.0,yonden
2019,3,2019-03-02,04:00,3280.0,880.0,2290.0,90.0,－－－－－－－－－－,20.0,0.0,0.0,30.0,0.0,280.0,-310.0,3280.0,yonden
2019,3,2019-03-02,05:00,3190.0,880.0,2340.0,190.0,－－－－－－－－－－,20.0,0.0,0.0,30.0,0.0,90.0,-360.0,3190.0,yonden
2019,3,2019-03-02,06:00,3100.0,880.0,2400.0,130.0,－－－－－－－－－－,20.0,10.0,0.0,30.0,0.0,30.0,-400.0,3100.0,yonden
2019,3,2019-03-02,07:00,3090.0,880.0,2310.0,130.0,－－－－－－－－－－,20.0,250.0,0.0,30.0,0.0,20.0,-550.0,3090.0,yonden
2019,3,2019-03-02,08:00,3180.0,880.0,2270.0,120.0,－－－－－－－－－－,20.0,590.0,0.0,30.0,0.0,0.0,-730.0,3180.0,yonden
2019,3,2019-03-02,09:00,3100.0,880.0,2220.0,120.0,－－－－－－－－－－,20.0,960.0,0.0,30.0,0.0,0.0,-1130.0,3100.0,yonden
2019,3,2019-03-02,10:00,3020.0,880.0,2070.0,140.0,－－－－－－－－－－,20.0,1240.0,0.0,20.0,0.0,-130.0,-1220.0,3020.0,yonden
2019,3,2019-03-02,11:00,2910.0,880.0,2090.0,140.0,－－－－－－－－－－,20.0,1350.0,0.0,20.0,0.0,-300.0,-1290.0,2910.0,yonden
2019,3,2019-03-02,12:00,2800.0,880.0,2240.0,110.0,－－－－－－－－－－,20.0,1250.0,0.0,20.0,0.0,-300.0,-1420.0,2800.0,yonden
2019,3,2019-03-02,13:00,2920.0,880.0,2390.0,120.0,－－－－－－－－－－,20.0,1030.0,0.0,10.0,0.0,-200.0,-1330.0,2920.0,yonden
2019,3,2019-03-02,14:00,2890.0,880.0,2120.0,130.0,－－－－－－－－－－,20.0,790.0,0.0,10.0,0.0,0.0,-1060.0,2890.0,yonden
2019,3,2019-03-02,15:00,2920.0,880.0,2400.0,190.0,－－－－－－－－－－,20.0,370.0,0.0,10.0,0.0,40.0,-990.0,2920.0,yonden
2019,3,2019-03-02,16:00,3000.0,880.0,2390.0,150.0,－－－－－－－－－－,20.0,110.0,0.0,0.0,0.0,140.0,-690.0,3000.0,yonden
2019,3,2019-03-02,17:00,3180.0,880.0,2500.0,180.0,－－－－－－－－－－,20.0,20.0,0.0,0.0,0.0,160.0,-580.0,3180.0,yonden
2019,3,2019-03-02,18:00,3320.0,880.0,2420.0,240.0,－－－－－－－－－－,20.0,0.0,0.0,0.0,0.0,200.0,-440.0,3320.0,yonden
2019,3,2019-03-02,19:00,3260.0,880.0,2450.0,190.0,－－－－－－－－－－,20.0,0.0,0.0,0.0,0.0,120.0,-400.0,3260.0,yonden
2019,3,2019-03-02,20:00,3160.0,880.0,2470.0,110.0,－－－－－－－－－－,20.0,0.0,0.0,10.0,0.0,0.0,-330.0,3160.0,yonden
2019,3,2019-03-02,21:00,3000.0,880.0,2390.0,80.0,－－－－－－－－－－,20.0,0.0,0.0,10.0,0.0,0.0,-380.0,3000.0,yonden
2019,3,2019-03-02,22:00,2790.0,880.0,2280.0,70.0,－－－－－－－－－－,20.0,0.0,0.0,10.0,0.0,0.0,-470.0,2790.0,yonden
2019,3,2019-03-02,23:00,2690.0,880.0,2260.0,70.0,－－－－－－－－－－,20.0,0.0,0.0,20.0,0.0,0.0,-560.0,2690.0,yonden
2019,3,2019-03-03,00:00,2630.0,880.0,2110.0,70.0,－－－－－－－－－－,10.0,0.0,0.0,20.0,0.0,0.0,-460.0,2630.0,yonden
2019,3,2019-03-03,01:00,2730.0,880.0,2170.0,60.0,－－－－－－－－－－,10.0,0.0,0.0,10.0,0.0,0.0,-400.0,2730.0,yonden
2019,3,2019-03-03,02:00,2940.0,880.0,2280.0,90.0,－－－－－－－－－－,10.0,0.0,0.0,20.0,0.0,0.0,-340.0,2940.0,yonden
2019,3,2019-03-03,03:00,3080.0,880.0,2320.0,100.0,－－－－－－－－－－,10.0,0.0,0.0,10.0,0.0,0.0,-240.0,3080.0,yonden
2019,3,2019-03-03,04:00,3080.0,880.0,2270.0,110.0,－－－－－－－－－－,10.0,0.0,0.0,20.0,0.0,0.0,-210.0,3080.0,yonden
2019,3,2019-03-03,05:00,2920.0,880.0,2260.0,100.0,－－－－－－－－－－,10.0,0.0,0.0,20.0,0.0,0.0,-350.0,2920.0,yonden
2019,3,2019-03-03,06:00,2690.0,880.0,2170.0,120.0,－－－－－－－－－－,10.0,0.0,0.0,20.0,0.0,0.0,-510.0,2690.0,yonden
2019,3,2019-03-03,07:00,2650.0,880.0,2060.0,120.0,－－－－－－－－－－,10.0,60.0,0.0,20.0,0.0,0.0,-500.0,2650.0,yonden
2019,3,2019-03-03,08:00,2790.0,880.0,2000.0,90.0,－－－－－－－－－－,10.0,140.0,0.0,30.0,0.0,0.0,-360.0,2790.0,yonden
2019,3,2019-03-03,09:00,2860.0,880.0,2170.0,120.0,－－－－－－－－－－,10.0,140.0,0.0,30.0,0.0,0.0,-490.0,2860.0,yonden
2019,3,2019-03-03,10:00,2820.0,880.0,2230.0,130.0,－－－－－－－－－－,10.0,210.0,0.0,30.0,0.0,10.0,-680.0,2820.0,yonden
2019,3,2019-03-03,11:00,2860.0,880.0,2290.0,110.0,－－－－－－－－－－,10.0,280.0,0.0,20.0,0.0,30.0,-760.0,2860.0,yonden
2019,3,2019-03-03,12:00,2850.0,880.0,2340.0,90.0,－－－－－－－－－－,10.0,250.0,0.0,10.0,0.0,0.0,-730.0,2850.0,yonden
2019,3,2019-03-03,13:00,2800.0,880.0,2370.0,90.0,－－－－－－－－－－,10.0,170.0,0.0,30.0,0.0,10.0,-760.0,2800.0,yonden
2019,3,2019-03-03,14:00,2800.0,880.0,2390.0,90.0,－－－－－－－－－－,10.0,140.0,0.0,20.0,0.0,0.0,-730.0,2800.0,yonden
2019,3,2019-03-03,15:00,2850.0,880.0,2320.0,110.0,－－－－－－－－－－,10.0,100.0,0.0,30.0,0.0,0.0,-600.0,2850.0,yonden
2019,3,2019-03-03,16:00,2970.0,880.0,2300.0,150.0,－－－－－－－－－－,10.0,50.0,0.0,30.0,0.0,0.0,-450.0,2970.0,yonden
2019,3,2019-03-03,17:00,3190.0,880.0,2500.0,260.0,－－－－－－－－－－,10.0,20.0,0.0,20.0,0.0,20.0,-520.0,3190.0,yonden
2019,3,2019-03-03,18:00,3300.0,880.0,2630.0,320.0,－－－－－－－－－－,10.0,0.0,0.0,10.0,0.0,10.0,-560.0,3300.0,yonden
2019,3,2019-03-03,19:00,3270.0,880.0,2570.0,280.0,－－－－－－－－－－,10.0,0.0,0.0,10.0,0.0,10.0,-490.0,3270.0,yonden
2019,3,2019-03-03,20:00,3160.0,880.0,2510.0,200.0,－－－－－－－－－－,10.0,0.0,0.0,10.0,0.0,10.0,-460.0,3160.0,yonden
2019,3,2019-03-03,21:00,3010.0,880.0,2430.0,80.0,－－－－－－－－－－,10.0,0.0,0.0,10.0,0.0,10.0,-410.0,3010.0,yonden
2019,3,2019-03-03,22:00,2770.0,880.0,2310.0,90.0,－－－－－－－－－－,10.0,0.0,0.0,10.0,0.0,10.0,-540.0,2770.0,yonden
2019,3,2019-03-03,23:00,2680.0,880.0,2180.0,90.0,－－－－－－－－－－,10.0,0.0,0.0,10.0,0.0,0.0,-490.0,2680.0,yonden
2019,3,2019-03-04,00:00,2590.0,880.0,2010.0,100.0,－－－－－－－－－－,20.0,0.0,0.0,30.0,0.0,0.0,-450.0,2590.0,yonden
2019,3,2019-03-04,01:00,2690.0,880.0,2010.0,100.0,－－－－－－－－－－,20.0,0.0,0.0,20.0,0.0,0.0,-340.0,2690.0,yonden
2019,3,2019-03-04,02:00,2940.0,880.0,2210.0,110.0,－－－－－－－－－－,20.0,0.0,0.0,30.0,0.0,0.0,-310.0,2940.0,yonden
2019,3,2019-03-04,03:00,3070.0,880.0,2350.0,120.0,－－－－－－－－－－,20.0,0.0,0.0,30.0,0.0,0.0,-330.0,3070.0,yonden
2019,3,2019-03-04,04:00,3100.0,880.0,2430.0,120.0,－－－－－－－－－－,20.0,0.0,0.0,30.0,0.0,0.0,-380.0,3100.0,yonden
2019,3,2019-03-04,05:00,3050.0,880.0,2430.0,150.0,－－－－－－－－－－,20.0,0.0,0.0,30.0,0.0,0.0,-460.0,3050.0,yonden
2019,3,2019-03-04,06:00,3110.0,880.0,2420.0,240.0,－－－－－－－－－－,20.0,10.0,0.0,40.0,0.0,10.0,-510.0,3110.0,yonden
2019,3,2019-03-04,07:00,3280.0,880.0,2520.0,290.0,－－－－－－－－－－,20.0,110.0,0.0,50.0,0.0,30.0,-620.0,3280.0,yonden
2019,3,2019-03-04,08:00,3620.0,880.0,2720.0,290.0,－－－－－－－－－－,20.0,190.0,0.0,60.0,0.0,30.0,-570.0,3620.0,yonden
2019,3,2019-03-04,09:00,3680.0,880.0,2760.0,270.0,－－－－－－－－－－,10.0,290.0,0.0,90.0,0.0,0.0,-620.0,3680.0,yonden
2019,3,2019-03-04,10:00,3640.0,880.0,2910.0,240.0,－－－－－－－－－－,20.0,410.0,0.0,100.0,0.0,0.0,-920.0,3640.0,yonden
2019,3,2019-03-04,11:00,3550.0,880.0,2900.0,220.0,－－－－－－－－－－,20.0,500.0,0.0,120.0,0.0,0.0,-1090.0,3550.0,yonden
2019,3,2019-03-04,12:00,3330.0,880.0,2710.0,190.0,－－－－－－－－－－,20.0,590.0,0.0,130.0,0.0,0.0,-1190.0,3330.0,yonden
2019,3,2019-03-04,13:00,3490.0,880.0,2810.0,180.0,－－－－－－－－－－,20.0,580.0,0.0,130.0,0.0,0.0,-1110.0,3490.0,yonden
2019,3,2019-03-04,14:00,3450.0,880.0,2790.0,200.0,－－－－－－－－－－,20.0,460.0,0.0,130.0,0.0,0.0,-1030.0,3450.0,yonden
2019,3,2019-03-04,15:00,3510.0,880.0,2920.0,250.0,－－－－－－－－－－,20.0,240.0,0.0,140.0,0.0,0.0,-940.0,3510.0,yonden
2019,3,2019-03-04,16:00,3610.0,880.0,2860.0,240.0,－－－－－－－－－－,20.0,120.0,0.0,130.0,0.0,20.0,-660.0,3610.0,yonden
2019,3,2019-03-04,17:00,3640.0,880.0,2880.0,280.0,－－－－－－－－－－,20.0,40.0,0.0,140.0,0.0,30.0,-630.0,3640.0,yonden
2019,3,2019-03-04,18:00,3750.0,880.0,2980.0,350.0,－－－－－－－－－－,20.0,0.0,0.0,140.0,0.0,30.0,-650.0,3750.0,yonden
2019,3,2019-03-04,19:00,3660.0,880.0,2930.0,340.0,－－－－－－－－－－,20.0,0.0,0.0,130.0,0.0,20.0,-660.0,3660.0,yonden
2019,3,2019-03-04,20:00,3520.0,880.0,2820.0,260.0,－－－－－－－－－－,20.0,0.0,0.0,140.0,0.0,10.0,-610.0,3520.0,yonden
2019,3,2019-03-04,21:00,3330.0,880.0,2730.0,210.0,－－－－－－－－－－,20.0,0.0,0.0,120.0,0.0,0.0,-630.0,3330.0,yonden
2019,3,2019-03-04,22:00,3090.0,880.0,2480.0,160.0,－－－－－－－－－－,20.0,0.0,0.0,100.0,0.0,0.0,-550.0,3090.0,yonden
2019,3,2019-03-04,23:00,2950.0,880.0,2430.0,140.0,－－－－－－－－－－,20.0,0.0,0.0,80.0,0.0,0.0,-600.0,2950.0,yonden
2019,3,2019-03-05,00:00,2880.0,880.0,2540.0,150.0,－－－－－－－－－－,20.0,0.0,0.0,60.0,0.0,0.0,-770.0,2880.0,yonden
2019,3,2019-03-05,01:00,2980.0,880.0,2600.0,180.0,－－－－－－－－－－,20.0,0.0,0.0,60.0,0.0,0.0,-760.0,2980.0,yonden
2019,3,2019-03-05,02:00,3210.0,880.0,2550.0,180.0,－－－－－－－－－－,20.0,0.0,0.0,70.0,0.0,0.0,-490.0,3210.0,yonden
2019,3,2019-03-05,03:00,3360.0,880.0,2570.0,210.0,－－－－－－－－－－,20.0,0.0,0.0,90.0,0.0,20.0,-430.0,3360.0,yonden
2019,3,2019-03-05,04:00,3400.0,880.0,2580.0,220.0,－－－－－－－－－－,20.0,0.0,0.0,90.0,0.0,30.0,-420.0,3400.0,yonden
2019,3,2019-03-05,05:00,3370.0,880.0,2580.0,190.0,－－－－－－－－－－,20.0,0.0,0.0,90.0,0.0,10.0,-400.0,3370.0,yonden
2019,3,2019-03-05,06:00,3460.0,880.0,2680.0,190.0,－－－－－－－－－－,20.0,20.0,0.0,80.0,0.0,10.0,-420.0,3460.0,yonden
2019,3,2019-03-05,07:00,3460.0,880.0,2540.0,160.0,－－－－－－－－－－,20.0,290.0,0.0,50.0,0.0,10.0,-490.0,3460.0,yonden
2019,3,2019-03-05,08:00,3550.0,880.0,2460.0,160.0,－－－－－－－－－－,20.0,680.0,0.0,40.0,0.0,0.0,-690.0,3550.0,yonden
2019,3,2019-03-05,09:00,3470.0,880.0,2200.0,170.0,－－－－－－－－－－,20.0,1100.0,0.0,20.0,0.0,0.0,-920.0,3470.0,yonden
2019,3,2019-03-05,10:00,3360.0,880.0,2140.0,160.0,－－－－－－－－－－,20.0,1420.0,0.0,30.0,0.0,-130.0,-1160.0,3360.0,yonden
2019,3,2019-03-05,11:00,3290.0,880.0,2190.0,170.0,－－－－－－－－－－,20.0,1550.0,0.0,30.0,0.0,-310.0,-1240.0,3290.0,yonden
2019,3,2019-03-05,12:00,3080.0,880.0,2130.0,150.0,－－－－－－－－－－,20.0,1580.0,0.0,10.0,0.0,-310.0,-1380.0,3080.0,yonden
2019,3,2019-03-05,13:00,3230.0,880.0,2190.0,150.0,－－－－－－－－－－,20.0,1530.0,0.0,10.0,0.0,-290.0,-1260.0,3230.0,yonden
2019,3,2019-03-05,14:00,3210.0,880.0,2140.0,140.0,－－－－－－－－－－,20.0,1350.0,0.0,10.0,0.0,-210.0,-1120.0,3210.0,yonden
2019,3,2019-03-05,15:00,3220.0,880.0,2190.0,210.0,－－－－－－－－－－,20.0,1010.0,0.0,0.0,0.0,0.0,-1090.0,3220.0,yonden
2019,3,2019-03-05,16:00,3360.0,880.0,2420.0,220.0,－－－－－－－－－－,20.0,580.0,0.0,0.0,0.0,0.0,-760.0,3360.0,yonden
2019,3,2019-03-05,17:00,3420.0,880.0,2710.0,260.0,－－－－－－－－－－,20.0,120.0,0.0,0.0,0.0,0.0,-570.0,3420.0,yonden
2019,3,2019-03-05,18:00,3580.0,880.0,2860.0,340.0,－－－－－－－－－－,20.0,0.0,0.0,10.0,0.0,10.0,-540.0,3580.0,yonden
2019,3,2019-03-05,19:00,3520.0,880.0,2830.0,270.0,－－－－－－－－－－,20.0,0.0,0.0,10.0,0.0,0.0,-490.0,3520.0,yonden
2019,3,2019-03-05,20:00,3390.0,880.0,2740.0,230.0,－－－－－－－－－－,20.0,0.0,0.0,10.0,0.0,0.0,-490.0,3390.0,yonden
2019,3,2019-03-05,21:00,3200.0,880.0,2560.0,160.0,－－－－－－－－－－,20.0,0.0,0.0,10.0,0.0,0.0,-430.0,3200.0,yonden
2019,3,2019-03-05,22:00,2950.0,880.0,2390.0,110.0,－－－－－－－－－－,20.0,0.0,0.0,10.0,0.0,0.0,-460.0,2950.0,yonden
2019,3,2019-03-05,23:00,2830.0,880.0,2360.0,100.0,－－－－－－－－－－,20.0,0.0,0.0,20.0,0.0,0.0,-550.0,2830.0,yonden
2019,3,2019-03-06,00:00,2750.0,880.0,2190.0,90.0,－－－－－－－－－－,20.0,0.0,0.0,30.0,0.0,0.0,-460.0,2750.0,yonden
2019,3,2019-03-06,01:00,2830.0,880.0,2210.0,90.0,－－－－－－－－－－,20.0,0.0,0.0,10.0,0.0,0.0,-380.0,2830.0,yonden
2019,3,2019-03-06,02:00,3070.0,880.0,2410.0,100.0,－－－－－－－－－－,20.0,0.0,0.0,10.0,0.0,0.0,-350.0,3070.0,yonden
2019,3,2019-03-06,03:00,3230.0,880.0,2520.0,130.0,－－－－－－－－－－,20.0,0.0,0.0,20.0,0.0,0.0,-340.0,3230.0,yonden
2019,3,2019-03-06,04:00,3250.0,880.0,2510.0,160.0,－－－－－－－－－－,20.0,0.0,0.0,20.0,0.0,0.0,-340.0,3250.0,yonden
2019,3,2019-03-06,05:00,3190.0,880.0,2510.0,170.0,－－－－－－－－－－,20.0,0.0,0.0,40.0,0.0,0.0,-430.0,3190.0,yonden
2019,3,2019-03-06,06:00,3190.0,880.0,2620.0,130.0,－－－－－－－－－－,20.0,10.0,0.0,30.0,0.0,0.0,-500.0,3190.0,yonden
2019,3,2019-03-06,07:00,3280.0,880.0,2580.0,150.0,－－－－－－－－－－,20.0,110.0,0.0,40.0,0.0,0.0,-500.0,3280.0,yonden
2019,3,2019-03-06,08:00,3530.0,880.0,2710.0,180.0,－－－－－－－－－－,20.0,230.0,0.0,40.0,0.0,20.0,-550.0,3530.0,yonden
2019,3,2019-03-06,09:00,3550.0,880.0,2650.0,160.0,－－－－－－－－－－,20.0,320.0,0.0,50.0,0.0,20.0,-550.0,3550.0,yonden
2019,3,2019-03-06,10:00,3580.0,880.0,2710.0,170.0,－－－－－－－－－－,20.0,300.0,0.0,50.0,0.0,10.0,-560.0,3580.0,yonden
2019,3,2019-03-06,11:00,3520.0,880.0,2500.0,180.0,－－－－－－－－－－,20.0,430.0,0.0,50.0,0.0,0.0,-540.0,3520.0,yonden
2019,3,2019-03-06,12:00,3380.0,880.0,2690.0,190.0,－－－－－－－－－－,20.0,260.0,0.0,40.0,0.0,0.0,-700.0,3380.0,yonden
2019,3,2019-03-06,13:00,3650.0,880.0,2830.0,220.0,－－－－－－－－－－,20.0,160.0,0.0,40.0,0.0,0.0,-500.0,3650.0,yonden
2019,3,2019-03-06,14:00,3670.0,880.0,2820.0,220.0,－－－－－－－－－－,20.0,130.0,0.0,60.0,0.0,0.0,-460.0,3670.0,yonden
2019,3,2019-03-06,15:00,3740.0,880.0,2850.0,250.0,－－－－－－－－－－,20.0,90.0,0.0,60.0,0.0,0.0,-410.0,3740.0,yonden
2019,3,2019-03-06,16:00,3840.0,880.0,2920.0,260.0,－－－－－－－－－－,20.0,50.0,0.0,60.0,0.0,0.0,-350.0,3840.0,yonden
2019,3,2019-03-06,17:00,3820.0,880.0,2920.0,270.0,－－－－－－－－－－,20.0,20.0,0.0,70.0,0.0,30.0,-390.0,3820.0,yonden
2019,3,2019-03-06,18:00,3810.0,880.0,2840.0,380.0,－－－－－－－－－－,20.0,0.0,0.0,80.0,0.0,30.0,-420.0,3810.0,yonden
2019,3,2019-03-06,19:00,3670.0,880.0,2800.0,330.0,－－－－－－－－－－,20.0,0.0,0.0,80.0,0.0,10.0,-450.0,3670.0,yonden
2019,3,2019-03-06,20:00,3520.0,880.0,2710.0,300.0,－－－－－－－－－－,20.0,0.0,0.0,70.0,0.0,10.0,-470.0,3520.0,yonden
2019,3,2019-03-06,21:00,3290.0,880.0,2640.0,230.0,－－－－－－－－－－,20.0,0.0,0.0,80.0,0.0,10.0,-570.0,3290.0,yonden
2019,3,2019-03-06,22:00,3030.0,880.0,2340.0,190.0,－－－－－－－－－－,20.0,0.0,0.0,90.0,0.0,0.0,-490.0,3030.0,yonden
2019,3,2019-03-06,23:00,2890.0,880.0,2270.0,180.0,－－－－－－－－－－,20.0,0.0,0.0,90.0,0.0,0.0,-550.0,2890.0,yonden
2019,3,2019-03-07,00:00,2790.0,880.0,2210.0,200.0,－－－－－－－－－－,10.0,0.0,0.0,100.0,0.0,0.0,-610.0,2790.0,yonden
2019,3,2019-03-07,01:00,2880.0,880.0,2110.0,180.0,－－－－－－－－－－,20.0,0.0,0.0,120.0,0.0,0.0,-430.0,2880.0,yonden
2019,3,2019-03-07,02:00,3090.0,880.0,2240.0,190.0,－－－－－－－－－－,20.0,0.0,0.0,120.0,0.0,0.0,-360.0,3090.0,yonden
2019,3,2019-03-07,03:00,3230.0,880.0,2280.0,200.0,－－－－－－－－－－,20.0,0.0,0.0,120.0,0.0,0.0,-270.0,3230.0,yonden
2019,3,2019-03-07,04:00,3250.0,880.0,2320.0,210.0,－－－－－－－－－－,20.0,0.0,0.0,140.0,0.0,0.0,-320.0,3250.0,yonden
2019,3,2019-03-07,05:00,3180.0,880.0,2350.0,230.0,－－－－－－－－－－,20.0,0.0,0.0,140.0,0.0,20.0,-460.0,3180.0,yonden
2019,3,2019-03-07,06:00,3180.0,880.0,2420.0,230.0,－－－－－－－－－－,20.0,10.0,0.0,120.0,0.0,20.0,-520.0,3180.0,yonden
2019,3,2019-03-07,07:00,3210.0,880.0,2380.0,260.0,－－－－－－－－－－,10.0,180.0,0.0,120.0,0.0,20.0,-640.0,3210.0,yonden
2019,3,2019-03-07,08:00,3450.0,880.0,2400.0,250.0,－－－－－－－－－－,10.0,390.0,0.0,130.0,0.0,20.0,-630.0,3450.0,yonden
2019,3,2019-03-07,09:00,3570.0,880.0,2480.0,270.0,－－－－－－－－－－,10.0,450.0,0.0,130.0,0.0,0.0,-650.0,3570.0,yonden
2019,3,2019-03-07,10:00,3570.0,880.0,2440.0,210.0,－－－－－－－－－－,10.0,470.0,0.0,140.0,0.0,-30.0,-550.0,3570.0,yonden
2019,3,2019-03-07,11:00,3570.0,880.0,2540.0,230.0,－－－－－－－－－－,10.0,480.0,0.0,140.0,0.0,-300.0,-410.0,3570.0,yonden
2019,3,2019-03-07,12:00,3420.0,880.0,2680.0,230.0,－－－－－－－－－－,10.0,530.0,0.0,150.0,0.0,-300.0,-760.0,3420.0,yonden
2019,3,2019-03-07,13:00,3600.0,880.0,2640.0,200.0,－－－－－－－－－－,10.0,510.0,0.0,150.0,0.0,-100.0,-690.0,3600.0,yonden
2019,3,2019-03-07,14:00,3570.0,880.0,2830.0,220.0,－－－－－－－－－－,10.0,480.0,0.0,140.0,0.0,0.0,-990.0,3570.0,yonden
2019,3,2019-03-07,15:00,3470.0,880.0,2580.0,240.0,－－－－－－－－－－,10.0,610.0,0.0,120.0,0.0,0.0,-970.0,3470.0,yonden
2019,3,2019-03-07,16:00,3600.0,880.0,2530.0,270.0,－－－－－－－－－－,10.0,350.0,0.0,140.0,0.0,10.0,-590.0,3600.0,yonden
2019,3,2019-03-07,17:00,3650.0,880.0,2760.0,300.0,－－－－－－－－－－,10.0,110.0,0.0,140.0,0.0,30.0,-580.0,3650.0,yonden
2019,3,2019-03-07,18:00,3820.0,880.0,2940.0,400.0,－－－－－－－－－－,10.0,0.0,0.0,130.0,0.0,30.0,-570.0,3820.0,yonden
2019,3,2019-03-07,19:00,3750.0,880.0,2850.0,360.0,－－－－－－－－－－,10.0,0.0,0.0,140.0,0.0,20.0,-510.0,3750.0,yonden
2019,3,2019-03-07,20:00,3640.0,880.0,2840.0,300.0,－－－－－－－－－－,10.0,0.0,0.0,130.0,0.0,10.0,-530.0,3640.0,yonden
2019,3,2019-03-07,21:00,3440.0,880.0,2740.0,280.0,－－－－－－－－－－,10.0,0.0,0.0,130.0,0.0,0.0,-600.0,3440.0,yonden
2019,3,2019-03-07,22:00,3180.0,880.0,2460.0,200.0,－－－－－－－－－－,10.0,0.0,0.0,130.0,0.0,0.0,-500.0,3180.0,yonden
2019,3,2019-03-07,23:00,3070.0,880.0,2380.0,190.0,－－－－－－－－－－,10.0,0.0,0.0,120.0,0.0,0.0,-510.0,3070.0,yonden
2019,3,2019-03-08,00:00,3010.0,880.0,2500.0,180.0,－－－－－－－－－－,10.0,0.0,0.0,130.0,0.0,0.0,-690.0,3010.0,yonden
2019,3,2019-03-08,01:00,3110.0,880.0,2570.0,180.0,－－－－－－－－－－,10.0,0.0,0.0,120.0,0.0,0.0,-650.0,3110.0,yonden
2019,3,2019-03-08,02:00,3340.0,880.0,2650.0,210.0,－－－－－－－－－－,10.0,0.0,0.0,110.0,0.0,0.0,-520.0,3340.0,yonden
2019,3,2019-03-08,03:00,3460.0,880.0,2660.0,230.0,－－－－－－－－－－,10.0,0.0,0.0,100.0,0.0,20.0,-440.0,3460.0,yonden
2019,3,2019-03-08,04:00,3490.0,880.0,2610.0,270.0,－－－－－－－－－－,10.0,0.0,0.0,100.0,0.0,20.0,-400.0,3490.0,yonden
2019,3,2019-03-08,05:00,3470.0,880.0,2610.0,230.0,－－－－－－－－－－,10.0,0.0,0.0,100.0,0.0,10.0,-370.0,3470.0,yonden
2019,3,2019-03-08,06:00,3560.0,880.0,2670.0,240.0,－－－－－－－－－－,10.0,30.0,0.0,90.0,0.0,10.0,-370.0,3560.0,yonden
2019,3,2019-03-08,07:00,3570.0,880.0,2520.0,220.0,－－－－－－－－－－,10.0,320.0,0.0,90.0,0.0,0.0,-470.0,3570.0,yonden
2019,3,2019-03-08,08:00,3630.0,880.0,2350.0,210.0,－－－－－－－－－－,10.0,700.0,0.0,80.0,0.0,0.0,-600.0,3630.0,yonden
2019,3,2019-03-08,09:00,3560.0,880.0,2110.0,200.0,－－－－－－－－－－,10.0,1110.0,0.0,60.0,0.0,0.0,-810.0,3560.0,yonden
2019,3,2019-03-08,10:00,3510.0,880.0,1970.0,210.0,－－－－－－－－－－,10.0,1470.0,0.0,40.0,0.0,0.0,-1070.0,3510.0,yonden
2019,3,2019-03-08,11:00,3400.0,880.0,2000.0,190.0,－－－－－－－－－－,10.0,1610.0,0.0,40.0,0.0,0.0,-1330.0,3400.0,yonden
2019,3,2019-03-08,12:00,3170.0,880.0,2020.0,210.0,－－－－－－－－－－,10.0,1640.0,0.0,40.0,0.0,-260.0,-1370.0,3170.0,yonden
2019,3,2019-03-08,13:00,3320.0,880.0,1970.0,180.0,－－－－－－－－－－,10.0,1600.0,0.0,40.0,0.0,0.0,-1360.0,3320.0,yonden
2019,3,2019-03-08,14:00,3290.0,880.0,2030.0,190.0,－－－－－－－－－－,10.0,1410.0,0.0,40.0,0.0,10.0,-1280.0,3290.0,yonden
2019,3,2019-03-08,15:00,3270.0,880.0,1940.0,220.0,－－－－－－－－－－,10.0,1080.0,0.0,40.0,0.0,20.0,-920.0,3270.0,yonden
2019,3,2019-03-08,16:00,3370.0,880.0,2100.0,260.0,－－－－－－－－－－,10.0,650.0,0.0,40.0,0.0,20.0,-590.0,3370.0,yonden
2019,3,2019-03-08,17:00,3450.0,880.0,2590.0,280.0,－－－－－－－－－－,10.0,200.0,0.0,20.0,0.0,20.0,-550.0,3450.0,yonden
2019,3,2019-03-08,18:00,3620.0,880.0,2760.0,390.0,－－－－－－－－－－,10.0,0.0,0.0,20.0,0.0,20.0,-460.0,3620.0,yonden
2019,3,2019-03-08,19:00,3620.0,880.0,2830.0,370.0,－－－－－－－－－－,10.0,0.0,0.0,10.0,0.0,10.0,-490.0,3620.0,yonden
2019,3,2019-03-08,20:00,3540.0,880.0,2810.0,290.0,－－－－－－－－－－,10.0,0.0,0.0,10.0,0.0,0.0,-460.0,3540.0,yonden
2019,3,2019-03-08,21:00,3360.0,880.0,2790.0,260.0,－－－－－－－－－－,10.0,0.0,0.0,0.0,0.0,0.0,-580.0,3360.0,yonden
2019,3,2019-03-08,22:00,3120.0,880.0,2550.0,210.0,－－－－－－－－－－,10.0,0.0,0.0,0.0,0.0,0.0,-530.0,3120.0,yonden
2019,3,2019-03-08,23:00,3040.0,880.0,2450.0,200.0,－－－－－－－－－－,10.0,0.0,0.0,0.0,0.0,0.0,-500.0,3040.0,yonden
2019,3,2019-03-09,00:00,3000.0,880.0,2290.0,210.0,－－－－－－－－－－,10.0,0.0,0.0,0.0,0.0,0.0,-390.0,3000.0,yonden
2019,3,2019-03-09,01:00,3110.0,880.0,2380.0,200.0,－－－－－－－－－－,10.0,0.0,0.0,0.0,0.0,0.0,-360.0,3110.0,yonden
2019,3,2019-03-09,02:00,3310.0,880.0,2420.0,200.0,－－－－－－－－－－,20.0,0.0,0.0,0.0,0.0,10.0,-220.0,3310.0,yonden
2019,3,2019-03-09,03:00,3400.0,880.0,2390.0,210.0,－－－－－－－－－－,20.0,0.0,0.0,0.0,0.0,20.0,-120.0,3400.0,yonden
2019,3,2019-03-09,04:00,3370.0,880.0,2350.0,230.0,－－－－－－－－－－,20.0,0.0,0.0,0.0,0.0,20.0,-130.0,3370.0,yonden
2019,3,2019-03-09,05:00,3230.0,880.0,2310.0,260.0,－－－－－－－－－－,20.0,0.0,0.0,0.0,0.0,0.0,-240.0,3230.0,yonden
2019,3,2019-03-09,06:00,3170.0,880.0,2290.0,300.0,－－－－－－－－－－,20.0,30.0,0.0,0.0,0.0,0.0,-350.0,3170.0,yonden
2019,3,2019-03-09,07:00,3120.0,880.0,2160.0,300.0,－－－－－－－－－－,20.0,320.0,0.0,10.0,0.0,0.0,-570.0,3120.0,yonden
2019,3,2019-03-09,08:00,3080.0,880.0,1900.0,250.0,－－－－－－－－－－,20.0,730.0,0.0,10.0,0.0,0.0,-710.0,3080.0,yonden
2019,3,2019-03-09,09:00,2970.0,880.0,1640.0,220.0,－－－－－－－－－－,10.0,1110.0,0.0,10.0,0.0,0.0,-900.0,2970.0,yonden
2019,3,2019-03-09,10:00,2860.0,880.0,1600.0,200.0,－－－－－－－－－－,10.0,1370.0,0.0,30.0,0.0,0.0,-1230.0,2860.0,yonden
2019,3,2019-03-09,11:00,2750.0,880.0,1630.0,200.0,－－－－－－－－－－,20.0,1450.0,0.0,30.0,0.0,0.0,-1460.0,2750.0,yonden
2019,3,2019-03-09,12:00,2650.0,880.0,1600.0,200.0,－－－－－－－－－－,20.0,1470.0,0.0,40.0,0.0,0.0,-1560.0,2650.0,yonden
2019,3,2019-03-09,13:00,2660.0,880.0,1450.0,190.0,－－－－－－－－－－,20.0,1430.0,0.0,50.0,0.0,0.0,-1360.0,2660.0,yonden
2019,3,2019-03-09,14:00,2640.0,880.0,1290.0,210.0,－－－－－－－－－－,20.0,1230.0,0.0,50.0,0.0,0.0,-1040.0,2640.0,yonden
2019,3,2019-03-09,15:00,2660.0,880.0,1490.0,230.0,－－－－－－－－－－,20.0,900.0,0.0,80.0,0.0,0.0,-940.0,2660.0,yonden
2019,3,2019-03-09,16:00,2790.0,880.0,1640.0,240.0,－－－－－－－－－－,20.0,510.0,0.0,80.0,0.0,0.0,-580.0,2790.0,yonden
2019,3,2019-03-09,17:00,2970.0,880.0,2030.0,320.0,－－－－－－－－－－,20.0,150.0,0.0,90.0,0.0,30.0,-550.0,2970.0,yonden
2019,3,2019-03-09,18:00,3190.0,880.0,2310.0,390.0,－－－－－－－－－－,20.0,0.0,0.0,100.0,0.0,30.0,-540.0,3190.0,yonden
2019,3,2019-03-09,19:00,3190.0,880.0,2310.0,380.0,－－－－－－－－－－,20.0,0.0,0.0,100.0,0.0,20.0,-520.0,3190.0,yonden
2019,3,2019-03-09,20:00,3100.0,880.0,2270.0,300.0,－－－－－－－－－－,20.0,0.0,0.0,90.0,0.0,0.0,-460.0,3100.0,yonden
2019,3,2019-03-09,21:00,2950.0,880.0,2290.0,240.0,－－－－－－－－－－,20.0,0.0,0.0,90.0,0.0,0.0,-570.0,2950.0,yonden
2019,3,2019-03-09,22:00,2750.0,880.0,2110.0,200.0,－－－－－－－－－－,20.0,0.0,0.0,100.0,0.0,0.0,-560.0,2750.0,yonden
2019,3,2019-03-09,23:00,2660.0,880.0,2050.0,190.0,－－－－－－－－－－,20.0,0.0,0.0,80.0,0.0,0.0,-560.0,2660.0,yonden
2019,3,2019-03-10,00:00,2590.0,880.0,1980.0,190.0,－－－－－－－－－－,20.0,0.0,0.0,80.0,0.0,0.0,-560.0,2590.0,yonden
2019,3,2019-03-10,01:00,2680.0,880.0,2000.0,190.0,－－－－－－－－－－,20.0,0.0,0.0,70.0,0.0,0.0,-480.0,2680.0,yonden
2019,3,2019-03-10,02:00,2890.0,880.0,2060.0,180.0,－－－－－－－－－－,20.0,0.0,0.0,70.0,0.0,0.0,-320.0,2890.0,yonden
2019,3,2019-03-10,03:00,3050.0,880.0,2110.0,190.0,－－－－－－－－－－,20.0,0.0,0.0,70.0,0.0,20.0,-240.0,3050.0,yonden
2019,3,2019-03-10,04:00,3030.0,880.0,2120.0,240.0,－－－－－－－－－－,20.0,0.0,0.0,70.0,0.0,20.0,-320.0,3030.0,yonden
2019,3,2019-03-10,05:00,2870.0,880.0,2170.0,250.0,－－－－－－－－－－,20.0,0.0,0.0,70.0,0.0,0.0,-520.0,2870.0,yonden
2019,3,2019-03-10,06:00,2640.0,880.0,2050.0,210.0,－－－－－－－－－－,20.0,10.0,0.0,70.0,0.0,0.0,-600.0,2640.0,yonden
2019,3,2019-03-10,07:00,2610.0,880.0,2020.0,210.0,－－－－－－－－－－,20.0,50.0,0.0,70.0,0.0,0.0,-640.0,2610.0,yonden
2019,3,2019-03-10,08:00,2830.0,880.0,2170.0,240.0,－－－－－－－－－－,20.0,70.0,0.0,70.0,0.0,0.0,-620.0,2830.0,yonden
2019,3,2019-03-10,09:00,2980.0,880.0,2310.0,290.0,－－－－－－－－－－,20.0,110.0,0.0,80.0,0.0,10.0,-720.0,2980.0,yonden
2019,3,2019-03-10,10:00,2910.0,880.0,2360.0,290.0,－－－－－－－－－－,20.0,160.0,0.0,90.0,0.0,10.0,-900.0,2910.0,yonden
2019,3,2019-03-10,11:00,2880.0,880.0,2330.0,240.0,－－－－－－－－－－,20.0,190.0,0.0,100.0,0.0,0.0,-880.0,2880.0,yonden
2019,3,2019-03-10,12:00,2860.0,880.0,2200.0,220.0,－－－－－－－－－－,20.0,190.0,0.0,100.0,0.0,0.0,-750.0,2860.0,yonden
2019,3,2019-03-10,13:00,2830.0,880.0,2170.0,210.0,－－－－－－－－－－,20.0,180.0,0.0,90.0,0.0,0.0,-720.0,2830.0,yonden
2019,3,2019-03-10,14:00,2840.0,880.0,2260.0,230.0,－－－－－－－－－－,20.0,140.0,0.0,70.0,0.0,0.0,-760.0,2840.0,yonden
2019,3,2019-03-10,15:00,2890.0,880.0,2320.0,310.0,－－－－－－－－－－,20.0,90.0,0.0,60.0,0.0,20.0,-810.0,2890.0,yonden
2019,3,2019-03-10,16:00,2970.0,880.0,2260.0,320.0,－－－－－－－－－－,10.0,60.0,0.0,70.0,0.0,20.0,-650.0,2970.0,yonden
2019,3,2019-03-10,17:00,3120.0,880.0,2390.0,380.0,－－－－－－－－－－,20.0,20.0,0.0,90.0,0.0,30.0,-690.0,3120.0,yonden
2019,3,2019-03-10,18:00,3220.0,880.0,2430.0,460.0,－－－－－－－－－－,20.0,0.0,0.0,80.0,0.0,40.0,-690.0,3220.0,yonden
2019,3,2019-03-10,19:00,3170.0,880.0,2470.0,430.0,－－－－－－－－－－,20.0,0.0,0.0,50.0,0.0,20.0,-700.0,3170.0,yonden
2019,3,2019-03-10,20:00,3080.0,880.0,2380.0,400.0,－－－－－－－－－－,20.0,0.0,0.0,40.0,0.0,30.0,-670.0,3080.0,yonden
2019,3,2019-03-10,21:00,2900.0,880.0,2250.0,410.0,－－－－－－－－－－,20.0,0.0,0.0,30.0,0.0,30.0,-720.0,2900.0,yonden
2019,3,2019-03-10,22:00,2680.0,880.0,2030.0,420.0,－－－－－－－－－－,10.0,0.0,0.0,20.0,0.0,40.0,-720.0,2680.0,yonden
2019,3,2019-03-10,23:00,2590.0,880.0,1940.0,420.0,－－－－－－－－－－,10.0,0.0,0.0,60.0,0.0,40.0,-760.0,2590.0,yonden
2019,3,2019-03-11,00:00,2530.0,880.0,2080.0,430.0,－－－－－－－－－－,10.0,0.0,0.0,90.0,0.0,40.0,-1000.0,2530.0,yonden
2019,3,2019-03-11,01:00,2630.0,880.0,2120.0,430.0,－－－－－－－－－－,20.0,0.0,0.0,120.0,0.0,40.0,-980.0,2630.0,yonden
2019,3,2019-03-11,02:00,2860.0,880.0,2090.0,430.0,－－－－－－－－－－,20.0,0.0,0.0,130.0,0.0,40.0,-730.0,2860.0,yonden
2019,3,2019-03-11,03:00,3020.0,880.0,2090.0,430.0,－－－－－－－－－－,20.0,0.0,0.0,140.0,0.0,40.0,-580.0,3020.0,yonden
2019,3,2019-03-11,04:00,3040.0,880.0,2060.0,440.0,－－－－－－－－－－,20.0,0.0,0.0,140.0,0.0,40.0,-540.0,3040.0,yonden
2019,3,2019-03-11,05:00,2960.0,880.0,2030.0,460.0,－－－－－－－－－－,20.0,0.0,0.0,140.0,0.0,40.0,-610.0,2960.0,yonden
2019,3,2019-03-11,06:00,3010.0,880.0,2090.0,470.0,－－－－－－－－－－,20.0,20.0,0.0,140.0,0.0,40.0,-650.0,3010.0,yonden
2019,3,2019-03-11,07:00,3090.0,880.0,2160.0,460.0,－－－－－－－－－－,20.0,200.0,0.0,130.0,0.0,40.0,-800.0,3090.0,yonden
2019,3,2019-03-11,08:00,3310.0,880.0,2140.0,450.0,－－－－－－－－－－,20.0,490.0,0.0,120.0,0.0,40.0,-830.0,3310.0,yonden
2019,3,2019-03-11,09:00,3300.0,880.0,1960.0,430.0,－－－－－－－－－－,20.0,790.0,0.0,130.0,0.0,40.0,-950.0,3300.0,yonden
2019,3,2019-03-11,10:00,3230.0,880.0,1700.0,430.0,－－－－－－－－－－,20.0,1070.0,0.0,120.0,0.0,60.0,-1050.0,3230.0,yonden
2019,3,2019-03-11,11:00,3190.0,880.0,1720.0,480.0,－－－－－－－－－－,20.0,1150.0,0.0,130.0,0.0,80.0,-1270.0,3190.0,yonden
2019,3,2019-03-11,12:00,3010.0,880.0,1650.0,440.0,－－－－－－－－－－,20.0,1190.0,0.0,140.0,0.0,30.0,-1340.0,3010.0,yonden
2019,3,2019-03-11,13:00,3190.0,880.0,1740.0,460.0,－－－－－－－－－－,20.0,1120.0,0.0,140.0,0.0,30.0,-1200.0,3190.0,yonden
2019,3,2019-03-11,14:00,3140.0,880.0,1810.0,440.0,－－－－－－－－－－,20.0,890.0,0.0,120.0,0.0,40.0,-1060.0,3140.0,yonden
2019,3,2019-03-11,15:00,3150.0,880.0,2020.0,420.0,－－－－－－－－－－,20.0,680.0,0.0,100.0,0.0,30.0,-1000.0,3150.0,yonden
2019,3,2019-03-11,16:00,3270.0,880.0,2180.0,440.0,－－－－－－－－－－,20.0,460.0,0.0,70.0,0.0,20.0,-800.0,3270.0,yonden
2019,3,2019-03-11,17:00,3320.0,880.0,2530.0,480.0,－－－－－－－－－－,20.0,140.0,0.0,60.0,0.0,10.0,-800.0,3320.0,yonden
2019,3,2019-03-11,18:00,3470.0,880.0,2770.0,570.0,－－－－－－－－－－,20.0,0.0,0.0,50.0,0.0,40.0,-860.0,3470.0,yonden
2019,3,2019-03-11,19:00,3410.0,880.0,2690.0,570.0,－－－－－－－－－－,20.0,0.0,0.0,40.0,0.0,40.0,-830.0,3410.0,yonden
2019,3,2019-03-11,20:00,3290.0,880.0,2470.0,490.0,－－－－－－－－－－,20.0,0.0,0.0,30.0,0.0,20.0,-620.0,3290.0,yonden
2019,3,2019-03-11,21:00,3130.0,880.0,2350.0,440.0,－－－－－－－－－－,20.0,0.0,0.0,30.0,0.0,20.0,-610.0,3130.0,yonden
2019,3,2019-03-11,22:00,2920.0,880.0,2280.0,420.0,－－－－－－－－－－,20.0,0.0,0.0,20.0,0.0,20.0,-720.0,2920.0,yonden
2019,3,2019-03-11,23:00,2810.0,880.0,2370.0,420.0,－－－－－－－－－－,20.0,0.0,0.0,20.0,0.0,20.0,-920.0,2810.0,yonden
2019,3,2019-03-12,00:00,2740.0,880.0,2330.0,380.0,－－－－－－－－－－,20.0,0.0,0.0,20.0,0.0,20.0,-910.0,2740.0,yonden
2019,3,2019-03-12,01:00,2830.0,880.0,2270.0,420.0,－－－－－－－－－－,20.0,0.0,0.0,10.0,0.0,20.0,-790.0,2830.0,yonden
2019,3,2019-03-12,02:00,3050.0,880.0,2190.0,450.0,－－－－－－－－－－,20.0,0.0,0.0,30.0,0.0,30.0,-550.0,3050.0,yonden
2019,3,2019-03-12,03:00,3220.0,880.0,2230.0,450.0,－－－－－－－－－－,20.0,0.0,0.0,30.0,0.0,20.0,-410.0,3220.0,yonden
2019,3,2019-03-12,04:00,3260.0,880.0,2280.0,430.0,－－－－－－－－－－,20.0,0.0,0.0,50.0,0.0,20.0,-420.0,3260.0,yonden
2019,3,2019-03-12,05:00,3190.0,880.0,2310.0,400.0,－－－－－－－－－－,20.0,0.0,0.0,40.0,0.0,20.0,-480.0,3190.0,yonden
2019,3,2019-03-12,06:00,3230.0,880.0,2320.0,410.0,－－－－－－－－－－,20.0,30.0,0.0,50.0,0.0,20.0,-500.0,3230.0,yonden
2019,3,2019-03-12,07:00,3250.0,880.0,2200.0,410.0,－－－－－－－－－－,20.0,230.0,0.0,40.0,0.0,20.0,-550.0,3250.0,yonden
2019,3,2019-03-12,08:00,3440.0,880.0,2260.0,440.0,－－－－－－－－－－,20.0,520.0,0.0,60.0,0.0,10.0,-750.0,3440.0,yonden
2019,3,2019-03-12,09:00,3390.0,880.0,2220.0,370.0,－－－－－－－－－－,20.0,870.0,0.0,70.0,0.0,0.0,-1040.0,3390.0,yonden
2019,3,2019-03-12,10:00,3340.0,880.0,2320.0,360.0,－－－－－－－－－－,20.0,980.0,0.0,70.0,0.0,0.0,-1290.0,3340.0,yonden
2019,3,2019-03-12,11:00,3240.0,880.0,2340.0,330.0,－－－－－－－－－－,20.0,1030.0,0.0,70.0,0.0,30.0,-1460.0,3240.0,yonden
2019,3,2019-03-12,12:00,3040.0,880.0,2080.0,340.0,－－－－－－－－－－,20.0,1200.0,0.0,70.0,0.0,-60.0,-1490.0,3040.0,yonden
2019,3,2019-03-12,13:00,3200.0,880.0,2090.0,330.0,－－－－－－－－－－,20.0,1270.0,0.0,50.0,0.0,0.0,-1440.0,3200.0,yonden
2019,3,2019-03-12,14:00,3170.0,880.0,1910.0,320.0,－－－－－－－－－－,20.0,1240.0,0.0,50.0,0.0,20.0,-1270.0,3170.0,yonden
2019,3,2019-03-12,15:00,3210.0,880.0,1960.0,380.0,－－－－－－－－－－,20.0,980.0,0.0,60.0,0.0,20.0,-1090.0,3210.0,yonden
2019,3,2019-03-12,16:00,3310.0,880.0,2100.0,390.0,－－－－－－－－－－,20.0,580.0,0.0,80.0,0.0,50.0,-790.0,3310.0,yonden
2019,3,2019-03-12,17:00,3340.0,880.0,2310.0,430.0,－－－－－－－－－－,20.0,170.0,0.0,100.0,0.0,20.0,-590.0,3340.0,yonden
2019,3,2019-03-12,18:00,3480.0,880.0,2520.0,470.0,－－－－－－－－－－,20.0,0.0,0.0,90.0,0.0,150.0,-650.0,3480.0,yonden
2019,3,2019-03-12,19:00,3450.0,880.0,2570.0,490.0,－－－－－－－－－－,20.0,0.0,0.0,70.0,0.0,130.0,-710.0,3450.0,yonden
2019,3,2019-03-12,20:00,3340.0,880.0,2550.0,500.0,－－－－－－－－－－,20.0,0.0,0.0,50.0,0.0,20.0,-680.0,3340.0,yonden
2019,3,2019-03-12,21:00,3150.0,880.0,2430.0,370.0,－－－－－－－－－－,20.0,0.0,0.0,50.0,0.0,20.0,-620.0,3150.0,yonden
2019,3,2019-03-12,22:00,2940.0,880.0,2220.0,330.0,－－－－－－－－－－,20.0,0.0,0.0,50.0,0.0,10.0,-570.0,2940.0,yonden
2019,3,2019-03-12,23:00,2820.0,880.0,2250.0,340.0,－－－－－－－－－－,20.0,0.0,0.0,40.0,0.0,0.0,-710.0,2820.0,yonden
2019,3,2019-03-13,00:00,2740.0,880.0,2460.0,290.0,－－－－－－－－－－,20.0,0.0,0.0,20.0,0.0,0.0,-930.0,2740.0,yonden
2019,3,2019-03-13,01:00,2840.0,880.0,2460.0,290.0,－－－－－－－－－－,20.0,0.0,0.0,40.0,0.0,0.0,-850.0,2840.0,yonden
2019,3,2019-03-13,02:00,3060.0,880.0,2440.0,310.0,－－－－－－－－－－,20.0,0.0,0.0,60.0,0.0,20.0,-670.0,3060.0,yonden
2019,3,2019-03-13,03:00,3220.0,880.0,2420.0,390.0,－－－－－－－－－－,20.0,0.0,0.0,100.0,0.0,20.0,-610.0,3220.0,yonden
2019,3,2019-03-13,04:00,3260.0,880.0,2430.0,420.0,－－－－－－－－－－,20.0,0.0,0.0,120.0,0.0,20.0,-630.0,3260.0,yonden
2019,3,2019-03-13,05:00,3220.0,880.0,2430.0,390.0,－－－－－－－－－－,20.0,0.0,0.0,130.0,0.0,20.0,-650.0,3220.0,yonden
2019,3,2019-03-13,06:00,3260.0,880.0,2470.0,380.0,－－－－－－－－－－,20.0,30.0,0.0,140.0,0.0,20.0,-680.0,3260.0,yonden
2019,3,2019-03-13,07:00,3270.0,880.0,2450.0,380.0,－－－－－－－－－－,20.0,300.0,0.0,140.0,0.0,20.0,-920.0,3270.0,yonden
2019,3,2019-03-13,08:00,3390.0,880.0,2380.0,350.0,－－－－－－－－－－,20.0,700.0,0.0,140.0,0.0,10.0,-1090.0,3390.0,yonden
2019,3,2019-03-13,09:00,3440.0,880.0,2390.0,340.0,－－－－－－－－－－,20.0,1020.0,0.0,150.0,0.0,0.0,-1360.0,3440.0,yonden
2019,3,2019-03-13,10:00,3430.0,880.0,2340.0,260.0,－－－－－－－－－－,10.0,1270.0,0.0,140.0,0.0,0.0,-1470.0,3430.0,yonden
2019,3,2019-03-13,11:00,3390.0,880.0,2370.0,300.0,－－－－－－－－－－,20.0,1350.0,0.0,140.0,0.0,-90.0,-1580.0,3390.0,yonden
2019,3,2019-03-13,12:00,3210.0,880.0,2420.0,290.0,－－－－－－－－－－,20.0,1450.0,0.0,140.0,0.0,-290.0,-1700.0,3210.0,yonden
2019,3,2019-03-13,13:00,3390.0,880.0,2340.0,270.0,－－－－－－－－－－,20.0,1490.0,0.0,140.0,0.0,-170.0,-1580.0,3390.0,yonden
2019,3,2019-03-13,14:00,3360.0,880.0,2170.0,280.0,－－－－－－－－－－,20.0,1320.0,0.0,140.0,0.0,0.0,-1450.0,3360.0,yonden
2019,3,2019-03-13,15:00,3330.0,880.0,2210.0,290.0,－－－－－－－－－－,20.0,1020.0,0.0,140.0,0.0,20.0,-1250.0,3330.0,yonden
2019,3,2019-03-13,16:00,3450.0,880.0,2310.0,350.0,－－－－－－－－－－,20.0,640.0,0.0,150.0,0.0,20.0,-920.0,3450.0,yonden
2019,3,2019-03-13,17:00,3560.0,880.0,2560.0,430.0,－－－－－－－－－－,20.0,210.0,0.0,150.0,0.0,30.0,-720.0,3560.0,yonden
2019,3,2019-03-13,18:00,3740.0,880.0,2810.0,530.0,－－－－－－－－－－,20.0,0.0,0.0,140.0,0.0,30.0,-670.0,3740.0,yonden
2019,3,2019-03-13,19:00,3720.0,880.0,2800.0,540.0,－－－－－－－－－－,20.0,0.0,0.0,120.0,0.0,30.0,-670.0,3720.0,yonden
2019,3,2019-03-13,20:00,3600.0,880.0,2670.0,490.0,－－－－－－－－－－,20.0,0.0,0.0,100.0,0.0,20.0,-580.0,3600.0,yonden
2019,3,2019-03-13,21:00,3420.0,880.0,2670.0,370.0,－－－－－－－－－－,20.0,0.0,0.0,90.0,0.0,20.0,-630.0,3420.0,yonden
2019,3,2019-03-13,22:00,3180.0,880.0,2580.0,340.0,－－－－－－－－－－,20.0,0.0,0.0,80.0,0.0,0.0,-720.0,3180.0,yonden
2019,3,2019-03-13,23:00,3050.0,880.0,2650.0,320.0,－－－－－－－－－－,20.0,0.0,0.0,90.0,0.0,0.0,-910.0,3050.0,yonden
2019,3,2019-03-14,00:00,2960.0,880.0,2670.0,270.0,－－－－－－－－－－,20.0,0.0,0.0,100.0,0.0,0.0,-980.0,2960.0,yonden
2019,3,2019-03-14,01:00,3050.0,880.0,2630.0,270.0,－－－－－－－－－－,20.0,0.0,0.0,110.0,0.0,0.0,-860.0,3050.0,yonden
2019,3,2019-03-14,02:00,3250.0,880.0,2610.0,290.0,－－－－－－－－－－,20.0,0.0,0.0,110.0,0.0,0.0,-660.0,3250.0,yonden
2019,3,2019-03-14,03:00,3400.0,880.0,2630.0,350.0,－－－－－－－－－－,20.0,0.0,0.0,110.0,0.0,20.0,-610.0,3400.0,yonden
2019,3,2019-03-14,04:00,3420.0,880.0,2580.0,400.0,－－－－－－－－－－,20.0,0.0,0.0,110.0,0.0,20.0,-590.0,3420.0,yonden
2019,3,2019-03-14,05:00,3380.0,880.0,2620.0,400.0,－－－－－－－－－－,20.0,0.0,0.0,100.0,0.0,20.0,-660.0,3380.0,yonden
2019,3,2019-03-14,06:00,3460.0,880.0,2520.0,400.0,－－－－－－－－－－,20.0,40.0,0.0,90.0,0.0,20.0,-510.0,3460.0,yonden
2019,3,2019-03-14,07:00,3400.0,880.0,2360.0,350.0,－－－－－－－－－－,20.0,320.0,0.0,70.0,0.0,10.0,-610.0,3400.0,yonden
2019,3,2019-03-14,08:00,3490.0,880.0,2290.0,340.0,－－－－－－－－－－,20.0,590.0,0.0,50.0,0.0,0.0,-680.0,3490.0,yonden
2019,3,2019-03-14,09:00,3540.0,880.0,2340.0,270.0,－－－－－－－－－－,20.0,920.0,0.0,40.0,0.0,0.0,-930.0,3540.0,yonden
2019,3,2019-03-14,10:00,3430.0,880.0,2270.0,230.0,－－－－－－－－－－,20.0,1280.0,0.0,40.0,0.0,0.0,-1290.0,3430.0,yonden
2019,3,2019-03-14,11:00,3370.0,880.0,2320.0,270.0,－－－－－－－－－－,20.0,1420.0,0.0,50.0,0.0,-280.0,-1310.0,3370.0,yonden
2019,3,2019-03-14,12:00,3160.0,880.0,2170.0,250.0,－－－－－－－－－－,20.0,1460.0,0.0,70.0,0.0,-270.0,-1420.0,3160.0,yonden
2019,3,2019-03-14,13:00,3310.0,880.0,2020.0,240.0,－－－－－－－－－－,20.0,1440.0,0.0,70.0,0.0,10.0,-1370.0,3310.0,yonden
2019,3,2019-03-14,14:00,3300.0,880.0,1950.0,230.0,－－－－－－－－－－,20.0,1290.0,0.0,70.0,0.0,90.0,-1230.0,3300.0,yonden
2019,3,2019-03-14,15:00,3320.0,880.0,1960.0,240.0,－－－－－－－－－－,20.0,930.0,0.0,60.0,0.0,230.0,-1000.0,3320.0,yonden
2019,3,2019-03-14,16:00,3410.0,880.0,2100.0,350.0,－－－－－－－－－－,20.0,490.0,0.0,70.0,0.0,300.0,-800.0,3410.0,yonden
2019,3,2019-03-14,17:00,3500.0,880.0,2690.0,480.0,－－－－－－－－－－,20.0,120.0,0.0,70.0,0.0,200.0,-960.0,3500.0,yonden
2019,3,2019-03-14,18:00,3690.0,880.0,3020.0,480.0,－－－－－－－－－－,20.0,0.0,0.0,40.0,0.0,60.0,-810.0,3690.0,yonden
2019,3,2019-03-14,19:00,3660.0,880.0,2940.0,500.0,－－－－－－－－－－,20.0,0.0,0.0,20.0,0.0,20.0,-720.0,3660.0,yonden
2019,3,2019-03-14,20:00,3550.0,880.0,2770.0,450.0,－－－－－－－－－－,20.0,0.0,0.0,30.0,0.0,20.0,-620.0,3550.0,yonden
2019,3,2019-03-14,21:00,3370.0,880.0,2720.0,360.0,－－－－－－－－－－,20.0,0.0,0.0,30.0,0.0,0.0,-640.0,3370.0,yonden
2019,3,2019-03-14,22:00,3140.0,880.0,2570.0,310.0,－－－－－－－－－－,20.0,0.0,0.0,30.0,0.0,0.0,-670.0,3140.0,yonden
2019,3,2019-03-14,23:00,3020.0,880.0,2620.0,280.0,－－－－－－－－－－,20.0,0.0,0.0,30.0,0.0,0.0,-810.0,3020.0,yonden
2019,3,2019-03-15,00:00,2970.0,880.0,2670.0,280.0,－－－－－－－－－－,20.0,0.0,0.0,20.0,0.0,0.0,-900.0,2970.0,yonden
2019,3,2019-03-15,01:00,3080.0,880.0,2640.0,300.0,－－－－－－－－－－,20.0,0.0,0.0,20.0,0.0,20.0,-800.0,3080.0,yonden
2019,3,2019-03-15,02:00,3300.0,880.0,2660.0,320.0,－－－－－－－－－－,20.0,0.0,0.0,10.0,0.0,20.0,-610.0,3300.0,yonden
2019,3,2019-03-15,03:00,3430.0,880.0,2640.0,330.0,－－－－－－－－－－,20.0,0.0,0.0,10.0,0.0,20.0,-470.0,3430.0,yonden
2019,3,2019-03-15,04:00,3440.0,880.0,2630.0,360.0,－－－－－－－－－－,20.0,0.0,0.0,10.0,0.0,0.0,-460.0,3440.0,yonden
2019,3,2019-03-15,05:00,3400.0,880.0,2640.0,350.0,－－－－－－－－－－,20.0,0.0,0.0,0.0,0.0,0.0,-490.0,3400.0,yonden
2019,3,2019-03-15,06:00,3510.0,880.0,2740.0,360.0,－－－－－－－－－－,20.0,50.0,0.0,0.0,0.0,20.0,-560.0,3510.0,yonden
2019,3,2019-03-15,07:00,3490.0,880.0,2610.0,340.0,－－－－－－－－－－,20.0,360.0,0.0,0.0,0.0,10.0,-730.0,3490.0,yonden
2019,3,2019-03-15,08:00,3600.0,880.0,2540.0,330.0,－－－－－－－－－－,20.0,760.0,0.0,0.0,0.0,0.0,-930.0,3600.0,yonden
2019,3,2019-03-15,09:00,3520.0,880.0,2320.0,310.0,－－－－－－－－－－,20.0,1150.0,0.0,10.0,0.0,0.0,-1170.0,3520.0,yonden
2019,3,2019-03-15,10:00,3390.0,880.0,2240.0,230.0,－－－－－－－－－－,20.0,1450.0,0.0,0.0,0.0,-180.0,-1250.0,3390.0,yonden
2019,3,2019-03-15,11:00,3350.0,880.0,2200.0,240.0,－－－－－－－－－－,20.0,1580.0,0.0,0.0,0.0,-300.0,-1270.0,3350.0,yonden
2019,3,2019-03-15,12:00,3150.0,880.0,2140.0,210.0,－－－－－－－－－－,20.0,1620.0,0.0,0.0,0.0,-300.0,-1420.0,3150.0,yonden
2019,3,2019-03-15,13:00,3320.0,880.0,2230.0,250.0,－－－－－－－－－－,20.0,1520.0,0.0,10.0,0.0,-290.0,-1300.0,3320.0,yonden
2019,3,2019-03-15,14:00,3340.0,880.0,2400.0,250.0,－－－－－－－－－－,20.0,1190.0,0.0,10.0,0.0,-20.0,-1390.0,3340.0,yonden
2019,3,2019-03-15,15:00,3280.0,880.0,2430.0,240.0,－－－－－－－－－－,20.0,830.0,0.0,10.0,0.0,10.0,-1140.0,3280.0,yonden
2019,3,2019-03-15,16:00,3370.0,880.0,2490.0,270.0,－－－－－－－－－－,20.0,470.0,0.0,10.0,0.0,300.0,-1070.0,3370.0,yonden
2019,3,2019-03-15,17:00,3430.0,880.0,2620.0,430.0,－－－－－－－－－－,20.0,150.0,0.0,50.0,0.0,330.0,-1050.0,3430.0,yonden
2019,3,2019-03-15,18:00,3550.0,880.0,2800.0,510.0,－－－－－－－－－－,20.0,0.0,0.0,40.0,0.0,330.0,-1030.0,3550.0,yonden
2019,3,2019-03-15,19:00,3500.0,880.0,2760.0,490.0,－－－－－－－－－－,20.0,0.0,0.0,30.0,0.0,320.0,-1000.0,3500.0,yonden
2019,3,2019-03-15,20:00,3400.0,880.0,2710.0,420.0,－－－－－－－－－－,20.0,0.0,0.0,30.0,0.0,120.0,-780.0,3400.0,yonden
2019,3,2019-03-15,21:00,3240.0,880.0,2600.0,340.0,－－－－－－－－－－,20.0,0.0,0.0,30.0,0.0,150.0,-780.0,3240.0,yonden
2019,3,2019-03-15,22:00,3030.0,880.0,2560.0,270.0,－－－－－－－－－－,20.0,0.0,0.0,20.0,0.0,180.0,-900.0,3030.0,yonden
2019,3,2019-03-15,23:00,2930.0,880.0,2440.0,260.0,－－－－－－－－－－,20.0,0.0,0.0,20.0,0.0,160.0,-850.0,2930.0,yonden
2019,3,2019-03-16,00:00,2850.0,880.0,2380.0,220.0,－－－－－－－－－－,20.0,0.0,0.0,20.0,0.0,0.0,-670.0,2850.0,yonden
2019,3,2019-03-16,01:00,2940.0,880.0,2450.0,210.0,－－－－－－－－－－,20.0,0.0,0.0,30.0,0.0,10.0,-660.0,2940.0,yonden
2019,3,2019-03-16,02:00,3150.0,880.0,2530.0,260.0,－－－－－－－－－－,20.0,0.0,0.0,50.0,0.0,20.0,-610.0,3150.0,yonden
2019,3,2019-03-16,03:00,3280.0,880.0,2410.0,290.0,－－－－－－－－－－,20.0,0.0,0.0,100.0,0.0,20.0,-440.0,3280.0,yonden
2019,3,2019-03-16,04:00,3290.0,880.0,2470.0,280.0,－－－－－－－－－－,20.0,0.0,0.0,100.0,0.0,20.0,-480.0,3290.0,yonden
2019,3,2019-03-16,05:00,3180.0,880.0,2430.0,250.0,－－－－－－－－－－,20.0,0.0,0.0,110.0,0.0,0.0,-510.0,3180.0,yonden
2019,3,2019-03-16,06:00,3090.0,880.0,2390.0,270.0,－－－－－－－－－－,20.0,30.0,0.0,120.0,0.0,0.0,-620.0,3090.0,yonden
2019,3,2019-03-16,07:00,3050.0,880.0,2280.0,250.0,－－－－－－－－－－,20.0,260.0,0.0,130.0,0.0,0.0,-770.0,3050.0,yonden
2019,3,2019-03-16,08:00,3210.0,880.0,2300.0,270.0,－－－－－－－－－－,20.0,510.0,0.0,130.0,0.0,0.0,-900.0,3210.0,yonden
2019,3,2019-03-16,09:00,3260.0,880.0,2350.0,300.0,－－－－－－－－－－,20.0,720.0,0.0,140.0,0.0,30.0,-1180.0,3260.0,yonden
2019,3,2019-03-16,10:00,3170.0,880.0,1840.0,200.0,－－－－－－－－－－,20.0,870.0,0.0,140.0,0.0,0.0,-780.0,3170.0,yonden
2019,3,2019-03-16,11:00,3050.0,880.0,1630.0,220.0,－－－－－－－－－－,20.0,1050.0,0.0,140.0,0.0,0.0,-890.0,3050.0,yonden
2019,3,2019-03-16,12:00,2900.0,880.0,1600.0,160.0,－－－－－－－－－－,20.0,1100.0,0.0,140.0,0.0,-290.0,-710.0,2900.0,yonden
2019,3,2019-03-16,13:00,2900.0,880.0,1620.0,160.0,－－－－－－－－－－,20.0,1240.0,0.0,130.0,0.0,-450.0,-700.0,2900.0,yonden
2019,3,2019-03-16,14:00,2830.0,880.0,1640.0,180.0,－－－－－－－－－－,20.0,1060.0,0.0,120.0,0.0,-600.0,-470.0,2830.0,yonden
2019,3,2019-03-16,15:00,2830.0,880.0,1550.0,250.0,－－－－－－－－－－,20.0,780.0,0.0,110.0,0.0,-350.0,-410.0,2830.0,yonden
2019,3,2019-03-16,16:00,2960.0,880.0,1800.0,210.0,－－－－－－－－－－,20.0,460.0,0.0,120.0,0.0,0.0,-530.0,2960.0,yonden
2019,3,2019-03-16,17:00,3100.0,880.0,2250.0,290.0,－－－－－－－－－－,20.0,140.0,0.0,90.0,0.0,20.0,-590.0,3100.0,yonden
2019,3,2019-03-16,18:00,3280.0,880.0,2400.0,390.0,－－－－－－－－－－,20.0,0.0,0.0,60.0,0.0,320.0,-790.0,3280.0,yonden
2019,3,2019-03-16,19:00,3270.0,880.0,2460.0,410.0,－－－－－－－－－－,20.0,0.0,0.0,30.0,0.0,340.0,-870.0,3270.0,yonden
2019,3,2019-03-16,20:00,3210.0,880.0,2350.0,360.0,－－－－－－－－－－,20.0,0.0,0.0,20.0,0.0,330.0,-750.0,3210.0,yonden
2019,3,2019-03-16,21:00,3070.0,880.0,2200.0,300.0,－－－－－－－－－－,20.0,0.0,0.0,30.0,0.0,270.0,-630.0,3070.0,yonden
2019,3,2019-03-16,22:00,2850.0,880.0,2290.0,250.0,－－－－－－－－－－,20.0,0.0,0.0,20.0,0.0,20.0,-630.0,2850.0,yonden
2019,3,2019-03-16,23:00,2740.0,880.0,2010.0,210.0,－－－－－－－－－－,20.0,0.0,0.0,10.0,0.0,0.0,-390.0,2740.0,yonden
2019,3,2019-03-17,00:00,2690.0,880.0,1710.0,200.0,－－－－－－－－－－,20.0,0.0,0.0,0.0,0.0,0.0,-120.0,2690.0,yonden
2019,3,2019-03-17,01:00,2800.0,880.0,1720.0,180.0,－－－－－－－－－－,20.0,0.0,0.0,0.0,0.0,0.0,0.0,2800.0,yonden
2019,3,2019-03-17,02:00,3030.0,880.0,1800.0,190.0,－－－－－－－－－－,20.0,0.0,0.0,0.0,0.0,10.0,130.0,3030.0,yonden
2019,3,2019-03-17,03:00,3180.0,880.0,1770.0,250.0,－－－－－－－－－－,20.0,0.0,0.0,10.0,0.0,20.0,230.0,3180.0,yonden
2019,3,2019-03-17,04:00,3180.0,880.0,1730.0,280.0,－－－－－－－－－－,20.0,0.0,0.0,10.0,0.0,10.0,250.0,3180.0,yonden
2019,3,2019-03-17,05:00,3020.0,880.0,1690.0,240.0,－－－－－－－－－－,20.0,0.0,0.0,20.0,0.0,0.0,170.0,3020.0,yonden
2019,3,2019-03-17,06:00,2840.0,880.0,1680.0,200.0,－－－－－－－－－－,20.0,40.0,0.0,20.0,0.0,0.0,0.0,2840.0,yonden
2019,3,2019-03-17,07:00,2770.0,880.0,1680.0,210.0,－－－－－－－－－－,20.0,210.0,0.0,20.0,0.0,0.0,-250.0,2770.0,yonden
2019,3,2019-03-17,08:00,2860.0,880.0,1880.0,220.0,－－－－－－－－－－,20.0,280.0,0.0,30.0,0.0,80.0,-530.0,2860.0,yonden
2019,3,2019-03-17,09:00,2820.0,880.0,1810.0,240.0,－－－－－－－－－－,20.0,550.0,0.0,70.0,0.0,0.0,-750.0,2820.0,yonden
2019,3,2019-03-17,10:00,2670.0,880.0,1550.0,200.0,－－－－－－－－－－,20.0,770.0,0.0,100.0,0.0,-100.0,-750.0,2670.0,yonden
2019,3,2019-03-17,11:00,2630.0,880.0,1530.0,180.0,－－－－－－－－－－,20.0,940.0,0.0,110.0,0.0,-300.0,-730.0,2630.0,yonden
2019,3,2019-03-17,12:00,2570.0,880.0,1350.0,170.0,－－－－－－－－－－,20.0,1100.0,0.0,120.0,0.0,-300.0,-770.0,2570.0,yonden
2019,3,2019-03-17,13:00,2630.0,880.0,1410.0,140.0,－－－－－－－－－－,20.0,1010.0,0.0,120.0,0.0,-270.0,-680.0,2630.0,yonden
2019,3,2019-03-17,14:00,2500.0,880.0,1340.0,160.0,－－－－－－－－－－,20.0,1000.0,0.0,130.0,0.0,-290.0,-740.0,2500.0,yonden
2019,3,2019-03-17,15:00,2540.0,880.0,1430.0,230.0,－－－－－－－－－－,20.0,920.0,0.0,130.0,0.0,-300.0,-770.0,2540.0,yonden
2019,3,2019-03-17,16:00,2670.0,880.0,1550.0,270.0,－－－－－－－－－－,20.0,510.0,0.0,130.0,0.0,-40.0,-650.0,2670.0,yonden
2019,3,2019-03-17,17:00,2930.0,880.0,1940.0,360.0,－－－－－－－－－－,20.0,200.0,0.0,130.0,0.0,0.0,-600.0,2930.0,yonden
2019,3,2019-03-17,18:00,3150.0,880.0,2360.0,430.0,－－－－－－－－－－,20.0,0.0,0.0,110.0,0.0,150.0,-800.0,3150.0,yonden
2019,3,2019-03-17,19:00,3200.0,880.0,2420.0,410.0,－－－－－－－－－－,20.0,0.0,0.0,100.0,0.0,270.0,-900.0,3200.0,yonden
2019,3,2019-03-17,20:00,3150.0,880.0,2580.0,340.0,－－－－－－－－－－,20.0,0.0,0.0,70.0,0.0,20.0,-760.0,3150.0,yonden
2019,3,2019-03-17,21:00,3020.0,880.0,2460.0,250.0,－－－－－－－－－－,20.0,0.0,0.0,40.0,0.0,10.0,-640.0,3020.0,yonden
2019,3,2019-03-17,22:00,2810.0,880.0,2350.0,220.0,－－－－－－－－－－,20.0,0.0,0.0,30.0,0.0,10.0,-700.0,2810.0,yonden
2019,3,2019-03-17,23:00,2720.0,880.0,2070.0,170.0,－－－－－－－－－－,20.0,0.0,0.0,20.0,0.0,10.0,-450.0,2720.0,yonden
2019,3,2019-03-18,00:00,2720.0,880.0,2030.0,240.0,－－－－－－－－－－,20.0,0.0,0.0,20.0,0.0,20.0,-490.0,2720.0,yonden
2019,3,2019-03-18,01:00,2860.0,880.0,2160.0,220.0,－－－－－－－－－－,20.0,0.0,0.0,20.0,0.0,0.0,-440.0,2860.0,yonden
2019,3,2019-03-18,02:00,3090.0,880.0,2230.0,240.0,－－－－－－－－－－,20.0,0.0,0.0,10.0,0.0,0.0,-290.0,3090.0,yonden
2019,3,2019-03-18,03:00,3230.0,880.0,2200.0,270.0,－－－－－－－－－－,20.0,0.0,0.0,10.0,0.0,10.0,-160.0,3230.0,yonden
2019,3,2019-03-18,04:00,3260.0,880.0,2140.0,310.0,－－－－－－－－－－,20.0,0.0,0.0,10.0,0.0,20.0,-120.0,3260.0,yonden
2019,3,2019-03-18,05:00,3250.0,880.0,2510.0,340.0,－－－－－－－－－－,20.0,0.0,0.0,0.0,0.0,10.0,-510.0,3250.0,yonden
2019,3,2019-03-18,06:00,3380.0,880.0,2700.0,310.0,－－－－－－－－－－,20.0,60.0,0.0,10.0,0.0,0.0,-600.0,3380.0,yonden
2019,3,2019-03-18,07:00,3340.0,880.0,2430.0,240.0,－－－－－－－－－－,20.0,380.0,0.0,10.0,0.0,0.0,-620.0,3340.0,yonden
2019,3,2019-03-18,08:00,3420.0,880.0,2240.0,240.0,－－－－－－－－－－,20.0,760.0,0.0,10.0,0.0,0.0,-730.0,3420.0,yonden
2019,3,2019-03-18,09:00,3370.0,880.0,2050.0,250.0,－－－－－－－－－－,20.0,1120.0,0.0,10.0,0.0,0.0,-960.0,3370.0,yonden
2019,3,2019-03-18,10:00,3290.0,880.0,2090.0,240.0,－－－－－－－－－－,20.0,1410.0,0.0,10.0,0.0,-280.0,-1080.0,3290.0,yonden
2019,3,2019-03-18,11:00,3280.0,880.0,2100.0,220.0,－－－－－－－－－－,20.0,1510.0,0.0,10.0,0.0,-280.0,-1180.0,3280.0,yonden
2019,3,2019-03-18,12:00,3090.0,880.0,2040.0,180.0,－－－－－－－－－－,20.0,1490.0,0.0,20.0,0.0,-300.0,-1240.0,3090.0,yonden
2019,3,2019-03-18,13:00,3240.0,880.0,2160.0,220.0,－－－－－－－－－－,20.0,1340.0,0.0,30.0,0.0,-300.0,-1110.0,3240.0,yonden
2019,3,2019-03-18,14:00,3160.0,880.0,2120.0,230.0,－－－－－－－－－－,20.0,1150.0,0.0,40.0,0.0,-100.0,-1180.0,3160.0,yonden
2019,3,2019-03-18,15:00,3230.0,880.0,2310.0,220.0,－－－－－－－－－－,20.0,790.0,0.0,40.0,0.0,0.0,-1030.0,3230.0,yonden
2019,3,2019-03-18,16:00,3340.0,880.0,2620.0,310.0,－－－－－－－－－－,20.0,330.0,0.0,50.0,0.0,0.0,-870.0,3340.0,yonden
2019,3,2019-03-18,17:00,3430.0,880.0,2980.0,380.0,－－－－－－－－－－,20.0,60.0,0.0,60.0,0.0,30.0,-980.0,3430.0,yonden
2019,3,2019-03-18,18:00,3590.0,880.0,3110.0,480.0,－－－－－－－－－－,20.0,0.0,0.0,60.0,0.0,40.0,-1000.0,3590.0,yonden
2019,3,2019-03-18,19:00,3500.0,880.0,3120.0,420.0,－－－－－－－－－－,20.0,0.0,0.0,50.0,0.0,20.0,-1010.0,3500.0,yonden
2019,3,2019-03-18,20:00,3370.0,880.0,3150.0,360.0,－－－－－－－－－－,20.0,0.0,0.0,20.0,0.0,10.0,-1070.0,3370.0,yonden
2019,3,2019-03-18,21:00,3180.0,880.0,2860.0,320.0,－－－－－－－－－－,20.0,0.0,0.0,10.0,0.0,0.0,-910.0,3180.0,yonden
2019,3,2019-03-18,22:00,2940.0,880.0,2650.0,240.0,－－－－－－－－－－,20.0,0.0,0.0,10.0,0.0,0.0,-860.0,2940.0,yonden
2019,3,2019-03-18,23:00,2800.0,880.0,2490.0,210.0,－－－－－－－－－－,20.0,0.0,0.0,10.0,0.0,0.0,-810.0,2800.0,yonden
2019,3,2019-03-19,00:00,2720.0,880.0,2540.0,210.0,－－－－－－－－－－,20.0,0.0,0.0,10.0,0.0,0.0,-940.0,2720.0,yonden
2019,3,2019-03-19,01:00,2810.0,880.0,2530.0,240.0,－－－－－－－－－－,20.0,0.0,0.0,10.0,0.0,0.0,-870.0,2810.0,yonden
2019,3,2019-03-19,02:00,3040.0,880.0,2550.0,300.0,－－－－－－－－－－,20.0,0.0,0.0,20.0,0.0,0.0,-730.0,3040.0,yonden
2019,3,2019-03-19,03:00,3190.0,880.0,2600.0,320.0,－－－－－－－－－－,20.0,0.0,0.0,40.0,0.0,0.0,-670.0,3190.0,yonden
2019,3,2019-03-19,04:00,3230.0,880.0,2600.0,340.0,－－－－－－－－－－,20.0,0.0,0.0,50.0,0.0,20.0,-680.0,3230.0,yonden
2019,3,2019-03-19,05:00,3150.0,880.0,2600.0,310.0,－－－－－－－－－－,20.0,0.0,0.0,50.0,0.0,20.0,-730.0,3150.0,yonden
2019,3,2019-03-19,06:00,3170.0,880.0,2700.0,350.0,－－－－－－－－－－,20.0,20.0,0.0,60.0,0.0,20.0,-880.0,3170.0,yonden
2019,3,2019-03-19,07:00,3330.0,880.0,2840.0,350.0,－－－－－－－－－－,20.0,40.0,0.0,70.0,0.0,20.0,-890.0,3330.0,yonden
2019,3,2019-03-19,08:00,3790.0,880.0,3030.0,330.0,－－－－－－－－－－,10.0,70.0,0.0,80.0,0.0,120.0,-730.0,3790.0,yonden
2019,3,2019-03-19,09:00,3950.0,880.0,2920.0,330.0,－－－－－－－－－－,20.0,110.0,0.0,100.0,0.0,260.0,-670.0,3950.0,yonden
2019,3,2019-03-19,10:00,3890.0,880.0,2940.0,350.0,－－－－－－－－－－,20.0,150.0,0.0,110.0,0.0,60.0,-620.0,3890.0,yonden
2019,3,2019-03-19,11:00,3860.0,880.0,2900.0,360.0,－－－－－－－－－－,20.0,180.0,0.0,110.0,0.0,0.0,-590.0,3860.0,yonden
2019,3,2019-03-19,12:00,3600.0,880.0,2730.0,330.0,－－－－－－－－－－,20.0,210.0,0.0,110.0,0.0,0.0,-680.0,3600.0,yonden
2019,3,2019-03-19,13:00,3710.0,880.0,2790.0,330.0,－－－－－－－－－－,20.0,280.0,0.0,90.0,0.0,0.0,-680.0,3710.0,yonden
2019,3,2019-03-19,14:00,3650.0,880.0,2850.0,350.0,－－－－－－－－－－,20.0,220.0,0.0,90.0,0.0,20.0,-780.0,3650.0,yonden
2019,3,2019-03-19,15:00,3500.0,880.0,2670.0,340.0,－－－－－－－－－－,20.0,250.0,0.0,80.0,0.0,20.0,-760.0,3500.0,yonden
2019,3,2019-03-19,16:00,3480.0,880.0,2610.0,380.0,－－－－－－－－－－,20.0,190.0,0.0,100.0,0.0,20.0,-720.0,3480.0,yonden
2019,3,2019-03-19,17:00,3490.0,880.0,2690.0,450.0,－－－－－－－－－－,20.0,100.0,0.0,90.0,0.0,20.0,-760.0,3490.0,yonden
2019,3,2019-03-19,18:00,3650.0,880.0,2720.0,520.0,－－－－－－－－－－,20.0,0.0,0.0,80.0,0.0,190.0,-760.0,3650.0,yonden
2019,3,2019-03-19,19:00,3600.0,880.0,2680.0,500.0,－－－－－－－－－－,20.0,0.0,0.0,50.0,0.0,210.0,-740.0,3600.0,yonden
2019,3,2019-03-19,20:00,3470.0,880.0,2670.0,440.0,－－－－－－－－－－,20.0,0.0,0.0,40.0,0.0,200.0,-780.0,3470.0,yonden
2019,3,2019-03-19,21:00,3290.0,880.0,2640.0,440.0,－－－－－－－－－－,20.0,0.0,0.0,40.0,0.0,60.0,-790.0,3290.0,yonden
2019,3,2019-03-19,22:00,3050.0,880.0,2500.0,300.0,－－－－－－－－－－,20.0,0.0,0.0,40.0,0.0,0.0,-690.0,3050.0,yonden
2019,3,2019-03-19,23:00,2920.0,880.0,2380.0,280.0,－－－－－－－－－－,20.0,0.0,0.0,60.0,0.0,0.0,-700.0,2920.0,yonden
2019,3,2019-03-20,00:00,2820.0,880.0,2340.0,270.0,－－－－－－－－－－,20.0,0.0,0.0,50.0,0.0,0.0,-740.0,2820.0,yonden
2019,3,2019-03-20,01:00,2920.0,880.0,2370.0,310.0,－－－－－－－－－－,20.0,0.0,0.0,50.0,0.0,20.0,-730.0,2920.0,yonden
2019,3,2019-03-20,02:00,3140.0,880.0,2510.0,390.0,－－－－－－－－－－,20.0,0.0,0.0,70.0,0.0,20.0,-750.0,3140.0,yonden
2019,3,2019-03-20,03:00,3310.0,880.0,2630.0,440.0,－－－－－－－－－－,20.0,0.0,0.0,40.0,0.0,20.0,-720.0,3310.0,yonden
2019,3,2019-03-20,04:00,3330.0,880.0,2630.0,450.0,－－－－－－－－－－,20.0,0.0,0.0,40.0,0.0,20.0,-710.0,3330.0,yonden
2019,3,2019-03-20,05:00,3290.0,880.0,2640.0,410.0,－－－－－－－－－－,20.0,0.0,0.0,20.0,0.0,30.0,-710.0,3290.0,yonden
2019,3,2019-03-20,06:00,3350.0,880.0,2710.0,360.0,－－－－－－－－－－,20.0,70.0,0.0,10.0,0.0,20.0,-720.0,3350.0,yonden
2019,3,2019-03-20,07:00,3250.0,880.0,2550.0,310.0,－－－－－－－－－－,20.0,390.0,0.0,10.0,0.0,10.0,-920.0,3250.0,yonden
2019,3,2019-03-20,08:00,3330.0,880.0,2340.0,310.0,－－－－－－－－－－,20.0,750.0,0.0,10.0,0.0,0.0,-980.0,3330.0,yonden
2019,3,2019-03-20,09:00,3240.0,880.0,1970.0,250.0,－－－－－－－－－－,20.0,1140.0,0.0,10.0,0.0,0.0,-1030.0,3240.0,yonden
2019,3,2019-03-20,10:00,3180.0,880.0,1980.0,300.0,－－－－－－－－－－,20.0,1420.0,0.0,20.0,0.0,-280.0,-1160.0,3180.0,yonden
2019,3,2019-03-20,11:00,3120.0,880.0,1860.0,230.0,－－－－－－－－－－,20.0,1530.0,0.0,50.0,0.0,-300.0,-1150.0,3120.0,yonden
2019,3,2019-03-20,12:00,2940.0,880.0,1770.0,220.0,－－－－－－－－－－,20.0,1590.0,0.0,80.0,0.0,-300.0,-1320.0,2940.0,yonden
2019,3,2019-03-20,13:00,3140.0,880.0,1760.0,220.0,－－－－－－－－－－,20.0,1460.0,0.0,90.0,0.0,-90.0,-1200.0,3140.0,yonden
2019,3,2019-03-20,14:00,3120.0,880.0,2070.0,260.0,－－－－－－－－－－,20.0,1000.0,0.0,90.0,0.0,30.0,-1230.0,3120.0,yonden
2019,3,2019-03-20,15:00,3050.0,880.0,2180.0,260.0,－－－－－－－－－－,10.0,670.0,0.0,90.0,0.0,0.0,-1040.0,3050.0,yonden
2019,3,2019-03-20,16:00,3150.0,880.0,2310.0,240.0,－－－－－－－－－－,10.0,430.0,0.0,90.0,0.0,0.0,-810.0,3150.0,yonden
2019,3,2019-03-20,17:00,3160.0,880.0,2620.0,360.0,－－－－－－－－－－,20.0,120.0,0.0,100.0,0.0,10.0,-950.0,3160.0,yonden
2019,3,2019-03-20,18:00,3330.0,880.0,2800.0,510.0,－－－－－－－－－－,20.0,0.0,0.0,100.0,0.0,40.0,-1020.0,3330.0,yonden
2019,3,2019-03-20,19:00,3290.0,880.0,2780.0,500.0,－－－－－－－－－－,20.0,0.0,0.0,90.0,0.0,40.0,-1020.0,3290.0,yonden
2019,3,2019-03-20,20:00,3180.0,880.0,2590.0,430.0,－－－－－－－－－－,20.0,0.0,0.0,90.0,0.0,30.0,-860.0,3180.0,yonden
2019,3,2019-03-20,21:00,3000.0,880.0,2510.0,380.0,－－－－－－－－－－,20.0,0.0,0.0,100.0,0.0,0.0,-890.0,3000.0,yonden
2019,3,2019-03-20,22:00,2810.0,880.0,2500.0,310.0,－－－－－－－－－－,20.0,0.0,0.0,90.0,0.0,0.0,-990.0,2810.0,yonden
2019,3,2019-03-20,23:00,2700.0,880.0,2380.0,260.0,－－－－－－－－－－,20.0,0.0,0.0,100.0,0.0,0.0,-940.0,2700.0,yonden
2019,3,2019-03-21,00:00,2610.0,880.0,2310.0,200.0,－－－－－－－－－－,20.0,0.0,0.0,80.0,0.0,0.0,-880.0,2610.0,yonden
2019,3,2019-03-21,01:00,2670.0,880.0,2340.0,200.0,－－－－－－－－－－,20.0,0.0,0.0,90.0,0.0,0.0,-860.0,2670.0,yonden
2019,3,2019-03-21,02:00,2860.0,880.0,2410.0,250.0,－－－－－－－－－－,20.0,0.0,0.0,90.0,0.0,0.0,-790.0,2860.0,yonden
2019,3,2019-03-21,03:00,3030.0,880.0,2500.0,340.0,－－－－－－－－－－,20.0,0.0,0.0,80.0,0.0,10.0,-800.0,3030.0,yonden
2019,3,2019-03-21,04:00,3030.0,880.0,2480.0,330.0,－－－－－－－－－－,20.0,0.0,0.0,90.0,0.0,20.0,-790.0,3030.0,yonden
2019,3,2019-03-21,05:00,2860.0,880.0,2370.0,250.0,－－－－－－－－－－,20.0,0.0,0.0,90.0,0.0,30.0,-780.0,2860.0,yonden
2019,3,2019-03-21,06:00,2680.0,880.0,2220.0,250.0,－－－－－－－－－－,20.0,20.0,0.0,110.0,0.0,30.0,-850.0,2680.0,yonden
2019,3,2019-03-21,07:00,2710.0,880.0,2190.0,260.0,－－－－－－－－－－,20.0,100.0,0.0,110.0,0.0,20.0,-870.0,2710.0,yonden
2019,3,2019-03-21,08:00,2940.0,880.0,2220.0,270.0,－－－－－－－－－－,20.0,160.0,0.0,110.0,0.0,0.0,-720.0,2940.0,yonden
2019,3,2019-03-21,09:00,2920.0,880.0,2150.0,290.0,－－－－－－－－－－,20.0,430.0,0.0,110.0,0.0,-170.0,-790.0,2920.0,yonden
2019,3,2019-03-21,10:00,2880.0,880.0,2110.0,320.0,－－－－－－－－－－,20.0,650.0,0.0,100.0,0.0,-180.0,-1020.0,2880.0,yonden
2019,3,2019-03-21,11:00,2750.0,880.0,1860.0,280.0,－－－－－－－－－－,20.0,840.0,0.0,110.0,0.0,-20.0,-1220.0,2750.0,yonden
2019,3,2019-03-21,12:00,2650.0,880.0,1820.0,290.0,－－－－－－－－－－,20.0,1140.0,0.0,90.0,0.0,-470.0,-1120.0,2650.0,yonden
2019,3,2019-03-21,13:00,2700.0,880.0,1930.0,300.0,－－－－－－－－－－,20.0,1110.0,0.0,70.0,0.0,-490.0,-1120.0,2700.0,yonden
2019,3,2019-03-21,14:00,2660.0,880.0,1950.0,330.0,－－－－－－－－－－,20.0,970.0,0.0,50.0,0.0,-290.0,-1250.0,2660.0,yonden
2019,3,2019-03-21,15:00,2650.0,880.0,1840.0,290.0,－－－－－－－－－－,20.0,790.0,0.0,40.0,0.0,-20.0,-1190.0,2650.0,yonden
2019,3,2019-03-21,16:00,2750.0,880.0,2120.0,320.0,－－－－－－－－－－,20.0,500.0,0.0,30.0,0.0,0.0,-1120.0,2750.0,yonden
2019,3,2019-03-21,17:00,2880.0,880.0,2460.0,360.0,－－－－－－－－－－,20.0,180.0,0.0,10.0,0.0,90.0,-1120.0,2880.0,yonden
2019,3,2019-03-21,18:00,2980.0,880.0,2490.0,360.0,－－－－－－－－－－,20.0,0.0,0.0,40.0,0.0,300.0,-1110.0,2980.0,yonden
2019,3,2019-03-21,19:00,2950.0,880.0,2480.0,330.0,－－－－－－－－－－,20.0,0.0,0.0,50.0,0.0,310.0,-1120.0,2950.0,yonden
2019,3,2019-03-21,20:00,2850.0,880.0,2460.0,270.0,－－－－－－－－－－,20.0,0.0,0.0,50.0,0.0,120.0,-950.0,2850.0,yonden
2019,3,2019-03-21,21:00,2680.0,880.0,2250.0,300.0,－－－－－－－－－－,20.0,0.0,0.0,70.0,0.0,40.0,-880.0,2680.0,yonden
2019,3,2019-03-21,22:00,2510.0,880.0,2230.0,280.0,－－－－－－－－－－,20.0,0.0,0.0,70.0,0.0,30.0,-1000.0,2510.0,yonden
2019,3,2019-03-21,23:00,2440.0,880.0,2160.0,320.0,－－－－－－－－－－,20.0,0.0,0.0,90.0,0.0,0.0,-1030.0,2440.0,yonden
2019,3,2019-03-22,00:00,2370.0,880.0,1770.0,260.0,－－－－－－－－－－,20.0,0.0,0.0,110.0,0.0,0.0,-670.0,2370.0,yonden
2019,3,2019-03-22,01:00,2460.0,880.0,1570.0,300.0,－－－－－－－－－－,20.0,0.0,0.0,120.0,0.0,0.0,-430.0,2460.0,yonden
2019,3,2019-03-22,02:00,2680.0,880.0,1610.0,370.0,－－－－－－－－－－,20.0,0.0,0.0,130.0,0.0,0.0,-330.0,2680.0,yonden
2019,3,2019-03-22,03:00,2860.0,880.0,1810.0,400.0,－－－－－－－－－－,20.0,0.0,0.0,140.0,0.0,0.0,-390.0,2860.0,yonden
2019,3,2019-03-22,04:00,2890.0,880.0,1870.0,390.0,－－－－－－－－－－,20.0,0.0,0.0,140.0,0.0,10.0,-420.0,2890.0,yonden
2019,3,2019-03-22,05:00,2790.0,880.0,1750.0,350.0,－－－－－－－－－－,20.0,0.0,0.0,130.0,0.0,30.0,-370.0,2790.0,yonden
2019,3,2019-03-22,06:00,2730.0,880.0,1910.0,370.0,－－－－－－－－－－,20.0,40.0,0.0,130.0,0.0,30.0,-650.0,2730.0,yonden
2019,3,2019-03-22,07:00,2790.0,880.0,2180.0,340.0,－－－－－－－－－－,20.0,140.0,0.0,120.0,0.0,20.0,-910.0,2790.0,yonden
2019,3,2019-03-22,08:00,3110.0,880.0,2350.0,370.0,－－－－－－－－－－,20.0,240.0,0.0,130.0,0.0,10.0,-890.0,3110.0,yonden
2019,3,2019-03-22,09:00,3220.0,880.0,2450.0,260.0,－－－－－－－－－－,20.0,360.0,0.0,130.0,0.0,0.0,-880.0,3220.0,yonden
2019,3,2019-03-22,10:00,3190.0,880.0,2430.0,250.0,－－－－－－－－－－,20.0,410.0,0.0,120.0,0.0,50.0,-970.0,3190.0,yonden
2019,3,2019-03-22,11:00,3120.0,880.0,2150.0,210.0,－－－－－－－－－－,20.0,620.0,0.0,110.0,0.0,30.0,-900.0,3120.0,yonden
2019,3,2019-03-22,12:00,2930.0,880.0,1970.0,220.0,－－－－－－－－－－,20.0,670.0,0.0,120.0,0.0,30.0,-980.0,2930.0,yonden
2019,3,2019-03-22,13:00,3090.0,880.0,1980.0,270.0,－－－－－－－－－－,20.0,610.0,0.0,130.0,0.0,10.0,-810.0,3090.0,yonden
2019,3,2019-03-22,14:00,3060.0,880.0,2020.0,210.0,－－－－－－－－－－,20.0,570.0,0.0,130.0,0.0,0.0,-770.0,3060.0,yonden
2019,3,2019-03-22,15:00,3130.0,880.0,2320.0,250.0,－－－－－－－－－－,20.0,420.0,0.0,130.0,0.0,0.0,-890.0,3130.0,yonden
2019,3,2019-03-22,16:00,3190.0,880.0,2480.0,280.0,－－－－－－－－－－,20.0,250.0,0.0,120.0,0.0,20.0,-860.0,3190.0,yonden
2019,3,2019-03-22,17:00,3210.0,880.0,2560.0,370.0,－－－－－－－－－－,20.0,80.0,0.0,100.0,0.0,350.0,-1150.0,3210.0,yonden
2019,3,2019-03-22,18:00,3370.0,880.0,2570.0,470.0,－－－－－－－－－－,20.0,0.0,0.0,90.0,0.0,600.0,-1260.0,3370.0,yonden
2019,3,2019-03-22,19:00,3320.0,880.0,2550.0,440.0,－－－－－－－－－－,20.0,0.0,0.0,100.0,0.0,580.0,-1250.0,3320.0,yonden
2019,3,2019-03-22,20:00,3190.0,880.0,2560.0,460.0,－－－－－－－－－－,20.0,0.0,0.0,100.0,0.0,310.0,-1140.0,3190.0,yonden
2019,3,2019-03-22,21:00,3020.0,880.0,2750.0,410.0,－－－－－－－－－－,20.0,0.0,0.0,100.0,0.0,10.0,-1150.0,3020.0,yonden
2019,3,2019-03-22,22:00,2810.0,880.0,2490.0,320.0,－－－－－－－－－－,20.0,0.0,0.0,110.0,0.0,0.0,-1010.0,2810.0,yonden
2019,3,2019-03-22,23:00,2710.0,880.0,2370.0,240.0,－－－－－－－－－－,20.0,0.0,0.0,120.0,0.0,0.0,-920.0,2710.0,yonden
2019,3,2019-03-23,00:00,2620.0,880.0,2170.0,230.0,－－－－－－－－－－,20.0,0.0,0.0,120.0,0.0,0.0,-800.0,2620.0,yonden
2019,3,2019-03-23,01:00,2710.0,880.0,2130.0,230.0,－－－－－－－－－－,20.0,0.0,0.0,110.0,0.0,0.0,-660.0,2710.0,yonden
2019,3,2019-03-23,02:00,2940.0,880.0,2270.0,260.0,－－－－－－－－－－,20.0,0.0,0.0,100.0,0.0,0.0,-590.0,2940.0,yonden
2019,3,2019-03-23,03:00,3110.0,880.0,2290.0,360.0,－－－－－－－－－－,20.0,0.0,0.0,90.0,0.0,20.0,-550.0,3110.0,yonden
2019,3,2019-03-23,04:00,3120.0,880.0,2240.0,360.0,－－－－－－－－－－,20.0,0.0,0.0,90.0,0.0,20.0,-490.0,3120.0,yonden
2019,3,2019-03-23,05:00,3020.0,880.0,2240.0,280.0,－－－－－－－－－－,20.0,0.0,0.0,80.0,0.0,10.0,-490.0,3020.0,yonden
2019,3,2019-03-23,06:00,2880.0,880.0,2120.0,230.0,－－－－－－－－－－,20.0,50.0,0.0,60.0,0.0,0.0,-480.0,2880.0,yonden
2019,3,2019-03-23,07:00,2770.0,880.0,2050.0,230.0,－－－－－－－－－－,20.0,180.0,0.0,40.0,0.0,0.0,-630.0,2770.0,yonden
2019,3,2019-03-23,08:00,2920.0,880.0,2060.0,250.0,－－－－－－－－－－,20.0,390.0,0.0,20.0,0.0,0.0,-700.0,2920.0,yonden
2019,3,2019-03-23,09:00,2970.0,880.0,1980.0,210.0,－－－－－－－－－－,20.0,570.0,0.0,20.0,0.0,0.0,-710.0,2970.0,yonden
2019,3,2019-03-23,10:00,2880.0,880.0,1610.0,190.0,－－－－－－－－－－,20.0,960.0,0.0,30.0,0.0,-170.0,-640.0,2880.0,yonden
2019,3,2019-03-23,11:00,2890.0,880.0,1680.0,170.0,－－－－－－－－－－,20.0,1050.0,0.0,40.0,0.0,-300.0,-650.0,2890.0,yonden
2019,3,2019-03-23,12:00,2680.0,880.0,1670.0,190.0,－－－－－－－－－－,20.0,930.0,0.0,50.0,0.0,-300.0,-760.0,2680.0,yonden
2019,3,2019-03-23,13:00,2760.0,880.0,1530.0,150.0,－－－－－－－－－－,20.0,1030.0,0.0,60.0,0.0,-300.0,-610.0,2760.0,yonden
2019,3,2019-03-23,14:00,2800.0,880.0,1660.0,160.0,－－－－－－－－－－,20.0,820.0,0.0,100.0,0.0,-250.0,-590.0,2800.0,yonden
2019,3,2019-03-23,15:00,2860.0,880.0,1730.0,220.0,－－－－－－－－－－,20.0,510.0,0.0,130.0,0.0,10.0,-640.0,2860.0,yonden
2019,3,2019-03-23,16:00,2960.0,880.0,2110.0,210.0,－－－－－－－－－－,20.0,280.0,0.0,130.0,0.0,20.0,-690.0,2960.0,yonden
2019,3,2019-03-23,17:00,3070.0,880.0,2450.0,280.0,－－－－－－－－－－,20.0,100.0,0.0,130.0,0.0,30.0,-820.0,3070.0,yonden
2019,3,2019-03-23,18:00,3250.0,880.0,2600.0,370.0,－－－－－－－－－－,20.0,0.0,0.0,130.0,0.0,70.0,-820.0,3250.0,yonden
2019,3,2019-03-23,19:00,3280.0,880.0,2530.0,330.0,－－－－－－－－－－,20.0,0.0,0.0,120.0,0.0,220.0,-820.0,3280.0,yonden
2019,3,2019-03-23,20:00,3210.0,880.0,2340.0,300.0,－－－－－－－－－－,20.0,0.0,0.0,110.0,0.0,260.0,-700.0,3210.0,yonden
2019,3,2019-03-23,21:00,3050.0,880.0,2300.0,270.0,－－－－－－－－－－,20.0,0.0,0.0,80.0,0.0,20.0,-520.0,3050.0,yonden
2019,3,2019-03-23,22:00,2850.0,880.0,2160.0,230.0,－－－－－－－－－－,20.0,0.0,0.0,90.0,0.0,0.0,-530.0,2850.0,yonden
2019,3,2019-03-23,23:00,2780.0,880.0,1880.0,230.0,－－－－－－－－－－,20.0,0.0,0.0,100.0,0.0,0.0,-330.0,2780.0,yonden
2019,3,2019-03-24,00:00,2720.0,880.0,1870.0,180.0,－－－－－－－－－－,20.0,0.0,0.0,110.0,0.0,0.0,-340.0,2720.0,yonden
2019,3,2019-03-24,01:00,2800.0,880.0,1900.0,190.0,－－－－－－－－－－,20.0,0.0,0.0,120.0,0.0,0.0,-310.0,2800.0,yonden
2019,3,2019-03-24,02:00,2980.0,880.0,1950.0,230.0,－－－－－－－－－－,20.0,0.0,0.0,130.0,0.0,20.0,-250.0,2980.0,yonden
2019,3,2019-03-24,03:00,3100.0,880.0,1880.0,270.0,－－－－－－－－－－,20.0,0.0,0.0,130.0,0.0,20.0,-100.0,3100.0,yonden
2019,3,2019-03-24,04:00,3080.0,880.0,1950.0,290.0,－－－－－－－－－－,20.0,0.0,0.0,130.0,0.0,20.0,-210.0,3080.0,yonden
2019,3,2019-03-24,05:00,2920.0,880.0,1950.0,190.0,－－－－－－－－－－,20.0,0.0,0.0,130.0,0.0,0.0,-250.0,2920.0,yonden
2019,3,2019-03-24,06:00,2740.0,880.0,1820.0,190.0,－－－－－－－－－－,20.0,70.0,0.0,100.0,0.0,0.0,-340.0,2740.0,yonden
2019,3,2019-03-24,07:00,2560.0,880.0,1650.0,170.0,－－－－－－－－－－,20.0,390.0,0.0,70.0,0.0,0.0,-620.0,2560.0,yonden
2019,3,2019-03-24,08:00,2490.0,880.0,1420.0,190.0,－－－－－－－－－－,10.0,800.0,0.0,40.0,0.0,-180.0,-670.0,2490.0,yonden
2019,3,2019-03-24,09:00,2450.0,880.0,1290.0,180.0,－－－－－－－－－－,20.0,1130.0,0.0,20.0,0.0,-320.0,-750.0,2450.0,yonden
2019,3,2019-03-24,10:00,2440.0,880.0,1230.0,200.0,－－－－－－－－－－,20.0,1390.0,0.0,20.0,0.0,-590.0,-710.0,2440.0,yonden
2019,3,2019-03-24,11:00,2410.0,880.0,1250.0,170.0,－－－－－－－－－－,20.0,1440.0,0.0,20.0,0.0,-600.0,-770.0,2410.0,yonden
2019,3,2019-03-24,12:00,2410.0,880.0,1140.0,180.0,－－－－－－－－－－,20.0,1540.0,0.0,20.0,0.0,-590.0,-780.0,2410.0,yonden
2019,3,2019-03-24,13:00,2370.0,880.0,1120.0,170.0,－－－－－－－－－－,20.0,1520.0,0.0,30.0,0.0,-590.0,-780.0,2370.0,yonden
2019,3,2019-03-24,14:00,2330.0,880.0,1160.0,180.0,－－－－－－－－－－,20.0,1390.0,0.0,40.0,0.0,-590.0,-750.0,2330.0,yonden
2019,3,2019-03-24,15:00,2340.0,880.0,1330.0,210.0,－－－－－－－－－－,20.0,1100.0,0.0,30.0,0.0,-490.0,-740.0,2340.0,yonden
2019,3,2019-03-24,16:00,2480.0,880.0,1380.0,210.0,－－－－－－－－－－,20.0,700.0,0.0,20.0,0.0,-260.0,-470.0,2480.0,yonden
2019,3,2019-03-24,17:00,2730.0,880.0,1890.0,220.0,－－－－－－－－－－,20.0,260.0,0.0,10.0,0.0,0.0,-550.0,2730.0,yonden
2019,3,2019-03-24,18:00,2960.0,880.0,2240.0,360.0,－－－－－－－－－－,20.0,0.0,0.0,10.0,0.0,160.0,-710.0,2960.0,yonden
2019,3,2019-03-24,19:00,3070.0,880.0,2260.0,290.0,－－－－－－－－－－,20.0,0.0,0.0,0.0,0.0,320.0,-700.0,3070.0,yonden
2019,3,2019-03-24,20:00,3040.0,880.0,2360.0,250.0,－－－－－－－－－－,20.0,0.0,0.0,10.0,0.0,280.0,-760.0,3040.0,yonden
2019,3,2019-03-24,21:00,2890.0,880.0,2390.0,230.0,－－－－－－－－－－,20.0,0.0,0.0,0.0,0.0,90.0,-720.0,2890.0,yonden
2019,3,2019-03-24,22:00,2700.0,880.0,2110.0,250.0,－－－－－－－－－－,20.0,0.0,0.0,0.0,0.0,0.0,-560.0,2700.0,yonden
2019,3,2019-03-24,23:00,2610.0,880.0,1990.0,270.0,－－－－－－－－－－,20.0,0.0,0.0,0.0,0.0,0.0,-550.0,2610.0,yonden
2019,3,2019-03-25,00:00,2580.0,880.0,1970.0,210.0,－－－－－－－－－－,20.0,0.0,0.0,0.0,0.0,0.0,-500.0,2580.0,yonden
2019,3,2019-03-25,01:00,2700.0,880.0,2000.0,250.0,－－－－－－－－－－,20.0,0.0,0.0,0.0,0.0,0.0,-450.0,2700.0,yonden
2019,3,2019-03-25,02:00,2930.0,880.0,2030.0,270.0,－－－－－－－－－－,20.0,0.0,0.0,10.0,0.0,0.0,-280.0,2930.0,yonden
2019,3,2019-03-25,03:00,3100.0,880.0,2030.0,290.0,－－－－－－－－－－,20.0,0.0,0.0,20.0,0.0,10.0,-150.0,3100.0,yonden
2019,3,2019-03-25,04:00,3130.0,880.0,2070.0,320.0,－－－－－－－－－－,20.0,0.0,0.0,20.0,0.0,30.0,-210.0,3130.0,yonden
2019,3,2019-03-25,05:00,3120.0,880.0,2150.0,310.0,－－－－－－－－－－,20.0,0.0,0.0,20.0,0.0,240.0,-500.0,3120.0,yonden
2019,3,2019-03-25,06:00,3160.0,880.0,2440.0,350.0,－－－－－－－－－－,20.0,70.0,0.0,20.0,0.0,260.0,-880.0,3160.0,yonden
2019,3,2019-03-25,07:00,3110.0,880.0,2410.0,340.0,－－－－－－－－－－,20.0,370.0,0.0,10.0,0.0,10.0,-930.0,3110.0,yonden
2019,3,2019-03-25,08:00,3280.0,880.0,2100.0,360.0,－－－－－－－－－－,20.0,700.0,0.0,0.0,0.0,0.0,-780.0,3280.0,yonden
2019,3,2019-03-25,09:00,3270.0,880.0,1880.0,290.0,－－－－－－－－－－,20.0,1060.0,0.0,0.0,0.0,-180.0,-680.0,3270.0,yonden
2019,3,2019-03-25,10:00,3230.0,880.0,1910.0,200.0,－－－－－－－－－－,20.0,1100.0,0.0,0.0,0.0,-220.0,-660.0,3230.0,yonden
2019,3,2019-03-25,11:00,3280.0,880.0,2150.0,220.0,－－－－－－－－－－,20.0,750.0,0.0,0.0,0.0,30.0,-770.0,3280.0,yonden
2019,3,2019-03-25,12:00,3140.0,880.0,2420.0,180.0,－－－－－－－－－－,20.0,450.0,0.0,0.0,0.0,10.0,-820.0,3140.0,yonden
2019,3,2019-03-25,13:00,3320.0,880.0,2550.0,140.0,－－－－－－－－－－,20.0,310.0,0.0,0.0,0.0,120.0,-700.0,3320.0,yonden
2019,3,2019-03-25,14:00,3290.0,880.0,2580.0,140.0,－－－－－－－－－－,20.0,250.0,0.0,0.0,0.0,150.0,-730.0,3290.0,yonden
2019,3,2019-03-25,15:00,3300.0,880.0,2740.0,200.0,－－－－－－－－－－,20.0,160.0,0.0,0.0,0.0,10.0,-710.0,3300.0,yonden
2019,3,2019-03-25,16:00,3410.0,880.0,3030.0,280.0,－－－－－－－－－－,20.0,90.0,0.0,0.0,0.0,0.0,-890.0,3410.0,yonden
2019,3,2019-03-25,17:00,3520.0,880.0,3170.0,380.0,－－－－－－－－－－,20.0,30.0,0.0,0.0,0.0,250.0,-1210.0,3520.0,yonden
2019,3,2019-03-25,18:00,3620.0,880.0,3240.0,490.0,－－－－－－－－－－,20.0,0.0,0.0,0.0,0.0,350.0,-1360.0,3620.0,yonden
2019,3,2019-03-25,19:00,3530.0,880.0,3230.0,440.0,－－－－－－－－－－,20.0,0.0,0.0,0.0,0.0,340.0,-1380.0,3530.0,yonden
2019,3,2019-03-25,20:00,3400.0,880.0,3150.0,390.0,－－－－－－－－－－,20.0,0.0,0.0,0.0,0.0,320.0,-1360.0,3400.0,yonden
2019,3,2019-03-25,21:00,3200.0,880.0,3050.0,340.0,－－－－－－－－－－,20.0,0.0,0.0,0.0,0.0,310.0,-1400.0,3200.0,yonden
2019,3,2019-03-25,22:00,2960.0,880.0,2810.0,260.0,－－－－－－－－－－,20.0,0.0,0.0,0.0,0.0,30.0,-1040.0,2960.0,yonden
2019,3,2019-03-25,23:00,2820.0,880.0,2560.0,240.0,－－－－－－－－－－,20.0,0.0,0.0,0.0,0.0,0.0,-880.0,2820.0,yonden
2019,3,2019-03-26,00:00,2730.0,880.0,2590.0,270.0,－－－－－－－－－－,20.0,0.0,0.0,0.0,0.0,0.0,-1030.0,2730.0,yonden
2019,3,2019-03-26,01:00,2830.0,880.0,2620.0,260.0,－－－－－－－－－－,20.0,0.0,0.0,10.0,0.0,0.0,-960.0,2830.0,yonden
2019,3,2019-03-26,02:00,3040.0,880.0,2640.0,290.0,－－－－－－－－－－,20.0,0.0,0.0,20.0,0.0,0.0,-810.0,3040.0,yonden
2019,3,2019-03-26,03:00,3190.0,880.0,2610.0,380.0,－－－－－－－－－－,20.0,0.0,0.0,30.0,0.0,0.0,-730.0,3190.0,yonden
2019,3,2019-03-26,04:00,3210.0,880.0,2580.0,400.0,－－－－－－－－－－,20.0,0.0,0.0,40.0,0.0,0.0,-710.0,3210.0,yonden
2019,3,2019-03-26,05:00,3160.0,880.0,2610.0,380.0,－－－－－－－－－－,20.0,0.0,0.0,50.0,0.0,20.0,-800.0,3160.0,yonden
2019,3,2019-03-26,06:00,3160.0,880.0,2620.0,330.0,－－－－－－－－－－,20.0,60.0,0.0,40.0,0.0,20.0,-810.0,3160.0,yonden
2019,3,2019-03-26,07:00,3190.0,880.0,2630.0,310.0,－－－－－－－－－－,20.0,290.0,0.0,60.0,0.0,20.0,-1020.0,3190.0,yonden
2019,3,2019-03-26,08:00,3310.0,880.0,2560.0,220.0,－－－－－－－－－－,20.0,740.0,0.0,70.0,0.0,10.0,-1190.0,3310.0,yonden
2019,3,2019-03-26,09:00,3290.0,880.0,2330.0,200.0,－－－－－－－－－－,20.0,1150.0,0.0,80.0,0.0,0.0,-1370.0,3290.0,yonden
2019,3,2019-03-26,10:00,3250.0,880.0,2060.0,180.0,－－－－－－－－－－,20.0,1430.0,0.0,100.0,0.0,0.0,-1420.0,3250.0,yonden
2019,3,2019-03-26,11:00,3230.0,880.0,2070.0,190.0,－－－－－－－－－－,20.0,1600.0,0.0,110.0,0.0,-170.0,-1470.0,3230.0,yonden
2019,3,2019-03-26,12:00,3010.0,880.0,1890.0,180.0,－－－－－－－－－－,20.0,1660.0,0.0,120.0,0.0,-310.0,-1430.0,3010.0,yonden
2019,3,2019-03-26,13:00,3160.0,880.0,1910.0,150.0,－－－－－－－－－－,20.0,1620.0,0.0,110.0,0.0,-40.0,-1490.0,3160.0,yonden
2019,3,2019-03-26,14:00,3100.0,880.0,2100.0,160.0,－－－－－－－－－－,20.0,1410.0,0.0,120.0,0.0,0.0,-1590.0,3100.0,yonden
2019,3,2019-03-26,15:00,3040.0,880.0,2230.0,170.0,－－－－－－－－－－,20.0,970.0,0.0,130.0,0.0,0.0,-1360.0,3040.0,yonden
2019,3,2019-03-26,16:00,3110.0,880.0,2560.0,210.0,－－－－－－－－－－,20.0,530.0,0.0,140.0,0.0,10.0,-1240.0,3110.0,yonden
2019,3,2019-03-26,17:00,3140.0,880.0,2760.0,270.0,－－－－－－－－－－,20.0,180.0,0.0,140.0,0.0,30.0,-1140.0,3140.0,yonden
2019,3,2019-03-26,18:00,3280.0,880.0,2880.0,440.0,－－－－－－－－－－,20.0,0.0,0.0,140.0,0.0,170.0,-1250.0,3280.0,yonden
2019,3,2019-03-26,19:00,3290.0,880.0,2920.0,430.0,－－－－－－－－－－,20.0,0.0,0.0,140.0,0.0,170.0,-1270.0,3290.0,yonden
2019,3,2019-03-26,20:00,3190.0,880.0,2940.0,340.0,－－－－－－－－－－,20.0,0.0,0.0,140.0,0.0,10.0,-1140.0,3190.0,yonden
2019,3,2019-03-26,21:00,3010.0,880.0,2610.0,270.0,－－－－－－－－－－,20.0,0.0,0.0,100.0,0.0,0.0,-870.0,3010.0,yonden
2019,3,2019-03-26,22:00,2800.0,880.0,2570.0,210.0,－－－－－－－－－－,20.0,0.0,0.0,70.0,0.0,0.0,-950.0,2800.0,yonden
2019,3,2019-03-26,23:00,2690.0,880.0,2490.0,200.0,－－－－－－－－－－,20.0,0.0,0.0,60.0,0.0,0.0,-960.0,2690.0,yonden
2019,3,2019-03-27,00:00,2610.0,880.0,2410.0,190.0,－－－－－－－－－－,20.0,0.0,0.0,40.0,0.0,0.0,-930.0,2610.0,yonden
2019,3,2019-03-27,01:00,2710.0,880.0,2500.0,190.0,－－－－－－－－－－,20.0,0.0,0.0,40.0,0.0,0.0,-920.0,2710.0,yonden
2019,3,2019-03-27,02:00,2940.0,880.0,2600.0,300.0,－－－－－－－－－－,20.0,0.0,0.0,30.0,0.0,10.0,-900.0,2940.0,yonden
2019,3,2019-03-27,03:00,3140.0,880.0,2630.0,410.0,－－－－－－－－－－,20.0,0.0,0.0,20.0,0.0,20.0,-840.0,3140.0,yonden
2019,3,2019-03-27,04:00,3190.0,880.0,2670.0,440.0,－－－－－－－－－－,20.0,0.0,0.0,10.0,0.0,20.0,-850.0,3190.0,yonden
2019,3,2019-03-27,05:00,3160.0,880.0,2740.0,420.0,－－－－－－－－－－,20.0,0.0,0.0,10.0,0.0,10.0,-920.0,3160.0,yonden
2019,3,2019-03-27,06:00,3110.0,880.0,2710.0,340.0,－－－－－－－－－－,20.0,100.0,0.0,10.0,0.0,10.0,-960.0,3110.0,yonden
2019,3,2019-03-27,07:00,3010.0,880.0,2520.0,270.0,－－－－－－－－－－,20.0,420.0,0.0,10.0,0.0,10.0,-1120.0,3010.0,yonden
2019,3,2019-03-27,08:00,3200.0,880.0,2560.0,220.0,－－－－－－－－－－,20.0,810.0,0.0,0.0,0.0,0.0,-1290.0,3200.0,yonden
2019,3,2019-03-27,09:00,3240.0,880.0,2390.0,210.0,－－－－－－－－－－,20.0,1200.0,0.0,0.0,0.0,0.0,-1460.0,3240.0,yonden
2019,3,2019-03-27,10:00,3160.0,880.0,2150.0,170.0,－－－－－－－－－－,20.0,1540.0,0.0,10.0,0.0,0.0,-1610.0,3160.0,yonden
2019,3,2019-03-27,11:00,3110.0,880.0,2160.0,170.0,－－－－－－－－－－,20.0,1660.0,0.0,20.0,0.0,-300.0,-1500.0,3110.0,yonden
2019,3,2019-03-27,12:00,2880.0,880.0,2150.0,140.0,－－－－－－－－－－,20.0,1670.0,0.0,30.0,0.0,-600.0,-1410.0,2880.0,yonden
2019,3,2019-03-27,13:00,3010.0,880.0,2120.0,150.0,－－－－－－－－－－,20.0,1570.0,0.0,40.0,0.0,-500.0,-1270.0,3010.0,yonden
2019,3,2019-03-27,14:00,2960.0,880.0,2100.0,180.0,－－－－－－－－－－,20.0,1280.0,0.0,50.0,0.0,-300.0,-1250.0,2960.0,yonden
2019,3,2019-03-27,15:00,2850.0,880.0,2100.0,200.0,－－－－－－－－－－,20.0,870.0,0.0,60.0,0.0,-30.0,-1250.0,2850.0,yonden
2019,3,2019-03-27,16:00,2910.0,880.0,2390.0,210.0,－－－－－－－－－－,20.0,460.0,0.0,70.0,0.0,0.0,-1120.0,2910.0,yonden
2019,3,2019-03-27,17:00,3010.0,880.0,2710.0,290.0,－－－－－－－－－－,20.0,160.0,0.0,60.0,0.0,100.0,-1210.0,3010.0,yonden
2019,3,2019-03-27,18:00,3150.0,880.0,2700.0,480.0,－－－－－－－－－－,20.0,0.0,0.0,50.0,0.0,230.0,-1210.0,3150.0,yonden
2019,3,2019-03-27,19:00,3130.0,880.0,2650.0,470.0,－－－－－－－－－－,20.0,0.0,0.0,50.0,0.0,290.0,-1230.0,3130.0,yonden
2019,3,2019-03-27,20:00,3020.0,880.0,2920.0,350.0,－－－－－－－－－－,20.0,0.0,0.0,30.0,0.0,20.0,-1200.0,3020.0,yonden
2019,3,2019-03-27,21:00,2850.0,880.0,2670.0,340.0,－－－－－－－－－－,20.0,0.0,0.0,30.0,0.0,0.0,-1090.0,2850.0,yonden
2019,3,2019-03-27,22:00,2660.0,880.0,2400.0,330.0,－－－－－－－－－－,20.0,0.0,0.0,20.0,0.0,0.0,-990.0,2660.0,yonden
2019,3,2019-03-27,23:00,2560.0,880.0,2380.0,220.0,－－－－－－－－－－,20.0,0.0,0.0,20.0,0.0,0.0,-960.0,2560.0,yonden
2019,3,2019-03-28,00:00,2490.0,880.0,2370.0,220.0,－－－－－－－－－－,20.0,0.0,0.0,20.0,0.0,0.0,-1020.0,2490.0,yonden
2019,3,2019-03-28,01:00,2570.0,880.0,2400.0,190.0,－－－－－－－－－－,20.0,0.0,0.0,20.0,0.0,0.0,-940.0,2570.0,yonden
2019,3,2019-03-28,02:00,2790.0,880.0,2560.0,230.0,－－－－－－－－－－,10.0,0.0,0.0,20.0,0.0,0.0,-910.0,2790.0,yonden
2019,3,2019-03-28,03:00,2970.0,880.0,2590.0,300.0,－－－－－－－－－－,20.0,0.0,0.0,20.0,0.0,0.0,-840.0,2970.0,yonden
2019,3,2019-03-28,04:00,3000.0,880.0,2580.0,370.0,－－－－－－－－－－,20.0,0.0,0.0,20.0,0.0,10.0,-880.0,3000.0,yonden
2019,3,2019-03-28,05:00,2900.0,880.0,2520.0,380.0,－－－－－－－－－－,20.0,0.0,0.0,20.0,0.0,10.0,-930.0,2900.0,yonden
2019,3,2019-03-28,06:00,2820.0,880.0,2450.0,300.0,－－－－－－－－－－,10.0,40.0,0.0,20.0,0.0,10.0,-890.0,2820.0,yonden
2019,3,2019-03-28,07:00,2840.0,880.0,2450.0,250.0,－－－－－－－－－－,20.0,70.0,0.0,20.0,0.0,0.0,-850.0,2840.0,yonden
2019,3,2019-03-28,08:00,3190.0,880.0,2600.0,260.0,－－－－－－－－－－,20.0,160.0,0.0,20.0,0.0,0.0,-750.0,3190.0,yonden
2019,3,2019-03-28,09:00,3180.0,880.0,2330.0,230.0,－－－－－－－－－－,20.0,400.0,0.0,10.0,0.0,0.0,-690.0,3180.0,yonden
2019,3,2019-03-28,10:00,3180.0,880.0,2120.0,210.0,－－－－－－－－－－,20.0,650.0,0.0,0.0,0.0,0.0,-700.0,3180.0,yonden
2019,3,2019-03-28,11:00,3070.0,880.0,1860.0,150.0,－－－－－－－－－－,20.0,980.0,0.0,0.0,0.0,0.0,-820.0,3070.0,yonden
2019,3,2019-03-28,12:00,2870.0,880.0,1390.0,140.0,－－－－－－－－－－,20.0,1250.0,0.0,10.0,0.0,0.0,-820.0,2870.0,yonden
2019,3,2019-03-28,13:00,2990.0,880.0,1600.0,130.0,－－－－－－－－－－,20.0,1280.0,0.0,10.0,0.0,0.0,-930.0,2990.0,yonden
2019,3,2019-03-28,14:00,2930.0,880.0,1980.0,150.0,－－－－－－－－－－,20.0,1130.0,0.0,30.0,0.0,0.0,-1260.0,2930.0,yonden
2019,3,2019-03-28,15:00,2890.0,880.0,2140.0,220.0,－－－－－－－－－－,20.0,840.0,0.0,40.0,0.0,0.0,-1250.0,2890.0,yonden
2019,3,2019-03-28,16:00,2950.0,880.0,2350.0,290.0,－－－－－－－－－－,20.0,450.0,0.0,40.0,0.0,0.0,-1080.0,2950.0,yonden
2019,3,2019-03-28,17:00,3000.0,880.0,2570.0,350.0,－－－－－－－－－－,20.0,120.0,0.0,50.0,0.0,10.0,-1000.0,3000.0,yonden
2019,3,2019-03-28,18:00,3160.0,880.0,2760.0,500.0,－－－－－－－－－－,20.0,0.0,0.0,60.0,0.0,40.0,-1100.0,3160.0,yonden
2019,3,2019-03-28,19:00,3150.0,880.0,2790.0,480.0,－－－－－－－－－－,20.0,0.0,0.0,60.0,0.0,40.0,-1120.0,3150.0,yonden
2019,3,2019-03-28,20:00,3040.0,880.0,2720.0,390.0,－－－－－－－－－－,20.0,0.0,0.0,50.0,0.0,20.0,-1040.0,3040.0,yonden
2019,3,2019-03-28,21:00,2870.0,880.0,2610.0,300.0,－－－－－－－－－－,20.0,0.0,0.0,40.0,0.0,0.0,-980.0,2870.0,yonden
2019,3,2019-03-28,22:00,2670.0,880.0,2490.0,260.0,－－－－－－－－－－,20.0,0.0,0.0,30.0,0.0,0.0,-1010.0,2670.0,yonden
2019,3,2019-03-28,23:00,2570.0,880.0,2470.0,230.0,－－－－－－－－－－,20.0,0.0,0.0,20.0,0.0,0.0,-1050.0,2570.0,yonden
2019,3,2019-03-29,00:00,2480.0,880.0,2280.0,190.0,－－－－－－－－－－,20.0,0.0,0.0,20.0,0.0,0.0,-910.0,2480.0,yonden
2019,3,2019-03-29,01:00,2570.0,880.0,2320.0,190.0,－－－－－－－－－－,20.0,0.0,0.0,10.0,0.0,0.0,-850.0,2570.0,yonden
2019,3,2019-03-29,02:00,2800.0,880.0,2440.0,200.0,－－－－－－－－－－,20.0,0.0,0.0,20.0,0.0,0.0,-760.0,2800.0,yonden
2019,3,2019-03-29,03:00,2990.0,880.0,2470.0,290.0,－－－－－－－－－－,20.0,0.0,0.0,20.0,0.0,0.0,-690.0,2990.0,yonden
2019,3,2019-03-29,04:00,3040.0,880.0,2500.0,320.0,－－－－－－－－－－,20.0,0.0,0.0,10.0,0.0,0.0,-690.0,3040.0,yonden
2019,3,2019-03-29,05:00,2960.0,880.0,2500.0,370.0,－－－－－－－－－－,20.0,0.0,0.0,10.0,0.0,10.0,-830.0,2960.0,yonden
2019,3,2019-03-29,06:00,2910.0,880.0,2480.0,380.0,－－－－－－－－－－,20.0,70.0,0.0,10.0,0.0,10.0,-940.0,2910.0,yonden
2019,3,2019-03-29,07:00,2900.0,880.0,2440.0,350.0,－－－－－－－－－－,20.0,270.0,0.0,10.0,0.0,10.0,-1080.0,2900.0,yonden
2019,3,2019-03-29,08:00,3190.0,880.0,2480.0,250.0,－－－－－－－－－－,20.0,520.0,0.0,0.0,0.0,0.0,-960.0,3190.0,yonden
2019,3,2019-03-29,09:00,3230.0,880.0,2270.0,180.0,－－－－－－－－－－,20.0,910.0,0.0,10.0,0.0,0.0,-1040.0,3230.0,yonden
2019,3,2019-03-29,10:00,3130.0,880.0,2040.0,150.0,－－－－－－－－－－,20.0,1300.0,0.0,0.0,0.0,-30.0,-1230.0,3130.0,yonden
2019,3,2019-03-29,11:00,3060.0,880.0,2060.0,190.0,－－－－－－－－－－,20.0,1480.0,0.0,0.0,0.0,-300.0,-1270.0,3060.0,yonden
2019,3,2019-03-29,12:00,2840.0,880.0,1930.0,150.0,－－－－－－－－－－,20.0,1520.0,0.0,0.0,0.0,-300.0,-1360.0,2840.0,yonden
2019,3,2019-03-29,13:00,2920.0,880.0,1980.0,170.0,－－－－－－－－－－,20.0,1430.0,0.0,10.0,0.0,-280.0,-1290.0,2920.0,yonden
2019,3,2019-03-29,14:00,2870.0,880.0,1900.0,160.0,－－－－－－－－－－,20.0,1160.0,0.0,20.0,0.0,0.0,-1270.0,2870.0,yonden
2019,3,2019-03-29,15:00,2850.0,880.0,2100.0,200.0,－－－－－－－－－－,20.0,790.0,0.0,30.0,0.0,0.0,-1170.0,2850.0,yonden
2019,3,2019-03-29,16:00,2910.0,880.0,2350.0,220.0,－－－－－－－－－－,10.0,430.0,0.0,40.0,0.0,0.0,-1020.0,2910.0,yonden
2019,3,2019-03-29,17:00,2970.0,880.0,2420.0,340.0,－－－－－－－－－－,20.0,140.0,0.0,40.0,0.0,30.0,-900.0,2970.0,yonden
2019,3,2019-03-29,18:00,3120.0,880.0,2430.0,420.0,－－－－－－－－－－,20.0,0.0,0.0,40.0,0.0,390.0,-1060.0,3120.0,yonden
2019,3,2019-03-29,19:00,3090.0,880.0,2460.0,440.0,－－－－－－－－－－,20.0,0.0,0.0,40.0,0.0,360.0,-1110.0,3090.0,yonden
2019,3,2019-03-29,20:00,2990.0,880.0,2500.0,330.0,－－－－－－－－－－,20.0,0.0,0.0,30.0,0.0,270.0,-1040.0,2990.0,yonden
2019,3,2019-03-29,21:00,2840.0,880.0,2590.0,310.0,－－－－－－－－－－,20.0,0.0,0.0,30.0,0.0,70.0,-1060.0,2840.0,yonden
2019,3,2019-03-29,22:00,2640.0,880.0,2410.0,200.0,－－－－－－－－－－,20.0,0.0,0.0,10.0,0.0,0.0,-880.0,2640.0,yonden
2019,3,2019-03-29,23:00,2560.0,880.0,2320.0,160.0,－－－－－－－－－－,20.0,0.0,0.0,10.0,0.0,0.0,-830.0,2560.0,yonden
2019,3,2019-03-30,00:00,2490.0,880.0,1700.0,140.0,－－－－－－－－－－,20.0,0.0,0.0,10.0,0.0,0.0,-260.0,2490.0,yonden
2019,3,2019-03-30,01:00,2570.0,880.0,1550.0,110.0,－－－－－－－－－－,20.0,0.0,0.0,10.0,0.0,0.0,0.0,2570.0,yonden
2019,3,2019-03-30,02:00,2770.0,880.0,1710.0,120.0,－－－－－－－－－－,20.0,0.0,0.0,10.0,0.0,0.0,30.0,2770.0,yonden
2019,3,2019-03-30,03:00,2950.0,880.0,1820.0,210.0,－－－－－－－－－－,20.0,0.0,0.0,10.0,0.0,10.0,0.0,2950.0,yonden
2019,3,2019-03-30,04:00,2970.0,880.0,1800.0,220.0,－－－－－－－－－－,20.0,0.0,0.0,10.0,0.0,30.0,10.0,2970.0,yonden
2019,3,2019-03-30,05:00,2830.0,880.0,1650.0,170.0,－－－－－－－－－－,20.0,0.0,0.0,20.0,0.0,30.0,60.0,2830.0,yonden
2019,3,2019-03-30,06:00,2640.0,880.0,1480.0,120.0,－－－－－－－－－－,20.0,50.0,0.0,50.0,0.0,10.0,30.0,2640.0,yonden
2019,3,2019-03-30,07:00,2570.0,880.0,1440.0,130.0,－－－－－－－－－－,20.0,80.0,0.0,60.0,0.0,60.0,-100.0,2570.0,yonden
2019,3,2019-03-30,08:00,2870.0,880.0,1820.0,180.0,－－－－－－－－－－,20.0,180.0,0.0,50.0,0.0,160.0,-420.0,2870.0,yonden
2019,3,2019-03-30,09:00,3040.0,880.0,2030.0,190.0,－－－－－－－－－－,20.0,460.0,0.0,30.0,0.0,20.0,-590.0,3040.0,yonden
2019,3,2019-03-30,10:00,3110.0,880.0,2010.0,160.0,－－－－－－－－－－,20.0,500.0,0.0,20.0,0.0,0.0,-480.0,3110.0,yonden
2019,3,2019-03-30,11:00,3050.0,880.0,2250.0,160.0,－－－－－－－－－－,20.0,350.0,0.0,20.0,0.0,0.0,-630.0,3050.0,yonden
2019,3,2019-03-30,12:00,2920.0,880.0,2170.0,150.0,－－－－－－－－－－,20.0,440.0,0.0,10.0,0.0,0.0,-750.0,2920.0,yonden
2019,3,2019-03-30,13:00,2900.0,880.0,2030.0,160.0,－－－－－－－－－－,20.0,440.0,0.0,20.0,0.0,0.0,-650.0,2900.0,yonden
2019,3,2019-03-30,14:00,2770.0,880.0,1820.0,140.0,－－－－－－－－－－,20.0,470.0,0.0,10.0,0.0,0.0,-570.0,2770.0,yonden
2019,3,2019-03-30,15:00,2690.0,880.0,1760.0,150.0,－－－－－－－－－－,20.0,410.0,0.0,0.0,0.0,10.0,-540.0,2690.0,yonden
2019,3,2019-03-30,16:00,2720.0,880.0,1600.0,180.0,－－－－－－－－－－,20.0,260.0,0.0,0.0,0.0,10.0,-230.0,2720.0,yonden
2019,3,2019-03-30,17:00,2820.0,880.0,1480.0,250.0,－－－－－－－－－－,20.0,90.0,0.0,10.0,0.0,10.0,80.0,2820.0,yonden
2019,3,2019-03-30,18:00,2970.0,880.0,1610.0,400.0,－－－－－－－－－－,20.0,0.0,0.0,40.0,0.0,120.0,-100.0,2970.0,yonden
2019,3,2019-03-30,19:00,2950.0,880.0,1600.0,380.0,－－－－－－－－－－,20.0,0.0,0.0,40.0,0.0,280.0,-250.0,2950.0,yonden
2019,3,2019-03-30,20:00,2850.0,880.0,1620.0,280.0,－－－－－－－－－－,20.0,0.0,0.0,40.0,0.0,230.0,-220.0,2850.0,yonden
2019,3,2019-03-30,21:00,2700.0,880.0,1620.0,200.0,－－－－－－－－－－,20.0,0.0,0.0,50.0,0.0,30.0,-100.0,2700.0,yonden
2019,3,2019-03-30,22:00,2520.0,880.0,1320.0,140.0,－－－－－－－－－－,10.0,0.0,0.0,60.0,0.0,0.0,110.0,2520.0,yonden
2019,3,2019-03-30,23:00,2450.0,880.0,1260.0,140.0,－－－－－－－－－－,20.0,0.0,0.0,70.0,0.0,0.0,80.0,2450.0,yonden
2019,3,2019-03-31,00:00,2370.0,880.0,1290.0,130.0,－－－－－－－－－－,20.0,0.0,0.0,90.0,0.0,0.0,-40.0,2370.0,yonden
2019,3,2019-03-31,01:00,2460.0,880.0,1330.0,130.0,－－－－－－－－－－,20.0,0.0,0.0,110.0,0.0,0.0,-10.0,2460.0,yonden
2019,3,2019-03-31,02:00,2680.0,880.0,1400.0,130.0,－－－－－－－－－－,20.0,0.0,0.0,120.0,0.0,10.0,120.0,2680.0,yonden
2019,3,2019-03-31,03:00,2870.0,880.0,1380.0,190.0,－－－－－－－－－－,20.0,0.0,0.0,120.0,0.0,20.0,260.0,2870.0,yonden
2019,3,2019-03-31,04:00,2890.0,880.0,1330.0,220.0,－－－－－－－－－－,20.0,0.0,0.0,120.0,0.0,40.0,280.0,2890.0,yonden
2019,3,2019-03-31,05:00,2780.0,880.0,1280.0,230.0,－－－－－－－－－－,20.0,0.0,0.0,130.0,0.0,20.0,220.0,2780.0,yonden
2019,3,2019-03-31,06:00,2570.0,880.0,1200.0,200.0,－－－－－－－－－－,20.0,100.0,0.0,130.0,0.0,10.0,30.0,2570.0,yonden
2019,3,2019-03-31,07:00,2370.0,880.0,1090.0,140.0,－－－－－－－－－－,20.0,400.0,0.0,130.0,0.0,-50.0,-240.0,2370.0,yonden
2019,3,2019-03-31,08:00,2380.0,880.0,1340.0,180.0,－－－－－－－－－－,20.0,750.0,0.0,130.0,0.0,-300.0,-620.0,2380.0,yonden
2019,3,2019-03-31,09:00,2400.0,880.0,1210.0,180.0,－－－－－－－－－－,20.0,1100.0,0.0,140.0,0.0,-400.0,-730.0,2400.0,yonden
2019,3,2019-03-31,10:00,2460.0,880.0,1360.0,160.0,－－－－－－－－－－,20.0,1370.0,0.0,140.0,0.0,-600.0,-870.0,2460.0,yonden
2019,3,2019-03-31,11:00,2480.0,880.0,1360.0,160.0,－－－－－－－－－－,20.0,1380.0,0.0,140.0,0.0,-420.0,-1040.0,2480.0,yonden
2019,3,2019-03-31,12:00,2450.0,880.0,1320.0,150.0,－－－－－－－－－－,20.0,1360.0,0.0,130.0,0.0,-300.0,-1110.0,2450.0,yonden
2019,3,2019-03-31,13:00,2400.0,880.0,1250.0,110.0,－－－－－－－－－－,20.0,1270.0,0.0,130.0,0.0,-290.0,-970.0,2400.0,yonden
2019,3,2019-03-31,14:00,2310.0,880.0,1200.0,100.0,－－－－－－－－－－,20.0,1100.0,0.0,130.0,0.0,-290.0,-830.0,2310.0,yonden
2019,3,2019-03-31,15:00,2270.0,880.0,1260.0,110.0,－－－－－－－－－－,20.0,810.0,0.0,130.0,0.0,-290.0,-650.0,2270.0,yonden
2019,3,2019-03-31,16:00,2330.0,880.0,1210.0,110.0,－－－－－－－－－－,20.0,490.0,0.0,130.0,0.0,-120.0,-390.0,2330.0,yonden
2019,3,2019-03-31,17:00,2630.0,880.0,1280.0,220.0,－－－－－－－－－－,20.0,170.0,0.0,120.0,0.0,140.0,-200.0,2630.0,yonden
2019,3,2019-03-31,18:00,2880.0,880.0,1910.0,360.0,－－－－－－－－－－,20.0,10.0,0.0,110.0,0.0,200.0,-610.0,2880.0,yonden
2019,3,2019-03-31,19:00,2960.0,880.0,1940.0,310.0,－－－－－－－－－－,20.0,0.0,0.0,110.0,0.0,330.0,-630.0,2960.0,yonden
2019,3,2019-03-31,20:00,2910.0,880.0,2080.0,190.0,－－－－－－－－－－,20.0,0.0,0.0,100.0,0.0,150.0,-510.0,2910.0,yonden
2019,3,2019-03-31,21:00,2800.0,880.0,1930.0,160.0,－－－－－－－－－－,20.0,0.0,0.0,100.0,0.0,0.0,-290.0,2800.0,yonden
2019,3,2019-03-31,22:00,2600.0,880.0,1550.0,130.0,－－－－－－－－－－,20.0,0.0,0.0,90.0,0.0,0.0,-70.0,2600.0,yonden
2019,3,2019-03-31,23:00,2500.0,880.0,1500.0,120.0,－－－－－－－－－－,20.0,0.0,0.0,100.0,0.0,0.0,-120.0,2500.0,yonden
2019,4,2019-04-01,00:00,2430.0,880.0,1600.0,120.0,－－－－－－－－－－,10.0,0.0,0.0,100.0,0.0,0.0,-280.0,2430.0,yonden
2019,4,2019-04-01,01:00,2530.0,880.0,1650.0,120.0,－－－－－－－－－－,10.0,0.0,0.0,90.0,0.0,0.0,-220.0,2530.0,yonden
2019,4,2019-04-01,02:00,2770.0,880.0,1690.0,180.0,－－－－－－－－－－,10.0,0.0,0.0,90.0,0.0,0.0,-80.0,2770.0,yonden
2019,4,2019-04-01,03:00,2950.0,880.0,1760.0,230.0,－－－－－－－－－－,10.0,0.0,0.0,100.0,0.0,30.0,-60.0,2950.0,yonden
2019,4,2019-04-01,04:00,3020.0,880.0,1750.0,230.0,－－－－－－－－－－,10.0,0.0,0.0,110.0,0.0,30.0,10.0,3020.0,yonden
2019,4,2019-04-01,05:00,2990.0,880.0,1770.0,220.0,－－－－－－－－－－,10.0,0.0,0.0,110.0,0.0,30.0,-30.0,2990.0,yonden
2019,4,2019-04-01,06:00,3020.0,880.0,2190.0,180.0,－－－－－－－－－－,10.0,80.0,0.0,110.0,0.0,30.0,-460.0,3020.0,yonden
2019,4,2019-04-01,07:00,3010.0,880.0,2410.0,230.0,－－－－－－－－－－,10.0,260.0,0.0,110.0,0.0,10.0,-900.0,3010.0,yonden
2019,4,2019-04-01,08:00,3350.0,880.0,2650.0,220.0,－－－－－－－－－－,10.0,440.0,0.0,110.0,0.0,160.0,-1120.0,3350.0,yonden
2019,4,2019-04-01,09:00,3500.0,880.0,2740.0,220.0,－－－－－－－－－－,10.0,740.0,0.0,120.0,0.0,280.0,-1490.0,3500.0,yonden
2019,4,2019-04-01,10:00,3500.0,880.0,2660.0,190.0,－－－－－－－－－－,10.0,1040.0,0.0,120.0,0.0,40.0,-1440.0,3500.0,yonden
2019,4,2019-04-01,11:00,3530.0,880.0,2530.0,150.0,－－－－－－－－－－,10.0,1130.0,0.0,130.0,0.0,10.0,-1310.0,3530.0,yonden
2019,4,2019-04-01,12:00,3300.0,880.0,2240.0,110.0,－－－－－－－－－－,10.0,1290.0,0.0,140.0,0.0,0.0,-1370.0,3300.0,yonden
2019,4,2019-04-01,13:00,3410.0,880.0,2430.0,100.0,－－－－－－－－－－,10.0,1180.0,0.0,140.0,0.0,0.0,-1330.0,3410.0,yonden
2019,4,2019-04-01,14:00,3330.0,880.0,2740.0,120.0,－－－－－－－－－－,10.0,880.0,0.0,140.0,0.0,0.0,-1440.0,3330.0,yonden
2019,4,2019-04-01,15:00,3230.0,880.0,2750.0,130.0,－－－－－－－－－－,10.0,690.0,0.0,130.0,0.0,0.0,-1360.0,3230.0,yonden
2019,4,2019-04-01,16:00,3270.0,880.0,2800.0,110.0,－－－－－－－－－－,10.0,480.0,0.0,140.0,0.0,0.0,-1150.0,3270.0,yonden
2019,4,2019-04-01,17:00,3400.0,880.0,3110.0,210.0,－－－－－－－－－－,10.0,160.0,0.0,150.0,0.0,30.0,-1150.0,3400.0,yonden
2019,4,2019-04-01,18:00,3640.0,880.0,3220.0,400.0,－－－－－－－－－－,10.0,10.0,0.0,150.0,0.0,170.0,-1200.0,3640.0,yonden
2019,4,2019-04-01,19:00,3640.0,880.0,3210.0,440.0,－－－－－－－－－－,10.0,0.0,0.0,140.0,0.0,160.0,-1200.0,3640.0,yonden
2019,4,2019-04-01,20:00,3520.0,880.0,3190.0,340.0,－－－－－－－－－－,10.0,0.0,0.0,130.0,0.0,130.0,-1160.0,3520.0,yonden
2019,4,2019-04-01,21:00,3310.0,880.0,2930.0,240.0,－－－－－－－－－－,10.0,0.0,0.0,110.0,0.0,0.0,-860.0,3310.0,yonden
2019,4,2019-04-01,22:00,3070.0,880.0,2210.0,160.0,－－－－－－－－－－,10.0,0.0,0.0,90.0,0.0,0.0,-280.0,3070.0,yonden
2019,4,2019-04-01,23:00,2930.0,880.0,2080.0,130.0,－－－－－－－－－－,10.0,0.0,0.0,60.0,0.0,0.0,-230.0,2930.0,yonden
2019,4,2019-04-02,00:00,2830.0,880.0,1940.0,120.0,－－－－－－－－－－,10.0,0.0,0.0,30.0,0.0,0.0,-150.0,2830.0,yonden
2019,4,2019-04-02,01:00,2920.0,880.0,1890.0,110.0,－－－－－－－－－－,10.0,0.0,0.0,40.0,0.0,0.0,-10.0,2920.0,yonden
2019,4,2019-04-02,02:00,3150.0,880.0,2050.0,160.0,－－－－－－－－－－,10.0,0.0,0.0,40.0,0.0,0.0,10.0,3150.0,yonden
2019,4,2019-04-02,03:00,3310.0,880.0,2150.0,250.0,－－－－－－－－－－,10.0,0.0,0.0,40.0,0.0,10.0,-30.0,3310.0,yonden
2019,4,2019-04-02,04:00,3330.0,880.0,2110.0,280.0,－－－－－－－－－－,10.0,0.0,0.0,30.0,0.0,20.0,0.0,3330.0,yonden
2019,4,2019-04-02,05:00,3300.0,880.0,2130.0,250.0,－－－－－－－－－－,10.0,0.0,0.0,20.0,0.0,10.0,0.0,3300.0,yonden
2019,4,2019-04-02,06:00,3350.0,880.0,2140.0,220.0,－－－－－－－－－－,10.0,150.0,0.0,20.0,0.0,0.0,-70.0,3350.0,yonden
2019,4,2019-04-02,07:00,3250.0,880.0,2020.0,180.0,－－－－－－－－－－,10.0,490.0,0.0,10.0,0.0,0.0,-340.0,3250.0,yonden
2019,4,2019-04-02,08:00,3390.0,880.0,2190.0,140.0,－－－－－－－－－－,10.0,910.0,0.0,10.0,0.0,0.0,-750.0,3390.0,yonden
2019,4,2019-04-02,09:00,3440.0,880.0,2140.0,120.0,－－－－－－－－－－,10.0,1210.0,0.0,10.0,0.0,0.0,-930.0,3440.0,yonden
2019,4,2019-04-02,10:00,3470.0,880.0,2140.0,170.0,－－－－－－－－－－,10.0,1280.0,0.0,30.0,0.0,0.0,-1040.0,3470.0,yonden
2019,4,2019-04-02,11:00,3420.0,880.0,2000.0,140.0,－－－－－－－－－－,10.0,1370.0,0.0,50.0,0.0,-30.0,-1000.0,3420.0,yonden
2019,4,2019-04-02,12:00,3190.0,880.0,1790.0,120.0,－－－－－－－－－－,10.0,1560.0,0.0,60.0,0.0,-490.0,-740.0,3190.0,yonden
2019,4,2019-04-02,13:00,3310.0,880.0,1890.0,160.0,－－－－－－－－－－,10.0,1520.0,0.0,60.0,0.0,-300.0,-910.0,3310.0,yonden
2019,4,2019-04-02,14:00,3190.0,880.0,1950.0,170.0,－－－－－－－－－－,10.0,1210.0,0.0,60.0,0.0,-30.0,-1060.0,3190.0,yonden
2019,4,2019-04-02,15:00,3130.0,880.0,2450.0,140.0,－－－－－－－－－－,10.0,830.0,0.0,60.0,0.0,10.0,-1250.0,3130.0,yonden
2019,4,2019-04-02,16:00,3230.0,880.0,2730.0,210.0,－－－－－－－－－－,10.0,510.0,0.0,50.0,0.0,20.0,-1180.0,3230.0,yonden
2019,4,2019-04-02,17:00,3330.0,880.0,3150.0,270.0,－－－－－－－－－－,10.0,180.0,0.0,60.0,0.0,130.0,-1350.0,3330.0,yonden
2019,4,2019-04-02,18:00,3520.0,880.0,3360.0,390.0,－－－－－－－－－－,10.0,10.0,0.0,60.0,0.0,180.0,-1370.0,3520.0,yonden
2019,4,2019-04-02,19:00,3550.0,880.0,3400.0,390.0,－－－－－－－－－－,10.0,0.0,0.0,80.0,0.0,260.0,-1470.0,3550.0,yonden
2019,4,2019-04-02,20:00,3450.0,880.0,3460.0,320.0,－－－－－－－－－－,10.0,0.0,0.0,90.0,0.0,160.0,-1470.0,3450.0,yonden
2019,4,2019-04-02,21:00,3250.0,880.0,3350.0,240.0,－－－－－－－－－－,10.0,0.0,0.0,100.0,0.0,0.0,-1330.0,3250.0,yonden
2019,4,2019-04-02,22:00,3000.0,880.0,2620.0,150.0,－－－－－－－－－－,10.0,0.0,0.0,100.0,0.0,0.0,-760.0,3000.0,yonden
2019,4,2019-04-02,23:00,2850.0,880.0,2170.0,120.0,－－－－－－－－－－,10.0,0.0,0.0,90.0,0.0,0.0,-420.0,2850.0,yonden
2019,4,2019-04-03,00:00,2780.0,880.0,2440.0,150.0,－－－－－－－－－－,10.0,0.0,0.0,60.0,0.0,0.0,-760.0,2780.0,yonden
2019,4,2019-04-03,01:00,2870.0,880.0,2580.0,110.0,－－－－－－－－－－,10.0,0.0,0.0,30.0,0.0,0.0,-740.0,2870.0,yonden
2019,4,2019-04-03,02:00,3110.0,880.0,2700.0,150.0,－－－－－－－－－－,10.0,0.0,0.0,30.0,0.0,0.0,-660.0,3110.0,yonden
2019,4,2019-04-03,03:00,3280.0,880.0,2760.0,230.0,－－－－－－－－－－,10.0,0.0,0.0,30.0,0.0,0.0,-630.0,3280.0,yonden
2019,4,2019-04-03,04:00,3310.0,880.0,2760.0,260.0,－－－－－－－－－－,10.0,0.0,0.0,20.0,0.0,0.0,-620.0,3310.0,yonden
2019,4,2019-04-03,05:00,3270.0,880.0,2840.0,220.0,－－－－－－－－－－,10.0,0.0,0.0,10.0,0.0,0.0,-690.0,3270.0,yonden
2019,4,2019-04-03,06:00,3310.0,880.0,2900.0,220.0,－－－－－－－－－－,10.0,150.0,0.0,20.0,0.0,0.0,-870.0,3310.0,yonden
2019,4,2019-04-03,07:00,3170.0,880.0,2610.0,170.0,－－－－－－－－－－,10.0,510.0,0.0,10.0,0.0,0.0,-1020.0,3170.0,yonden
2019,4,2019-04-03,08:00,3310.0,880.0,2450.0,130.0,－－－－－－－－－－,10.0,920.0,0.0,20.0,0.0,0.0,-1100.0,3310.0,yonden
2019,4,2019-04-03,09:00,3360.0,880.0,2410.0,130.0,－－－－－－－－－－,10.0,1310.0,0.0,10.0,0.0,0.0,-1390.0,3360.0,yonden
2019,4,2019-04-03,10:00,3300.0,880.0,2220.0,120.0,－－－－－－－－－－,10.0,1590.0,0.0,10.0,0.0,0.0,-1530.0,3300.0,yonden
2019,4,2019-04-03,11:00,3250.0,880.0,2260.0,140.0,－－－－－－－－－－,10.0,1680.0,0.0,10.0,0.0,-380.0,-1350.0,3250.0,yonden
2019,4,2019-04-03,12:00,3030.0,880.0,2220.0,120.0,－－－－－－－－－－,10.0,1680.0,0.0,20.0,0.0,-600.0,-1300.0,3030.0,yonden
2019,4,2019-04-03,13:00,3170.0,880.0,2120.0,140.0,－－－－－－－－－－,10.0,1650.0,0.0,20.0,0.0,-350.0,-1300.0,3170.0,yonden
2019,4,2019-04-03,14:00,3090.0,880.0,2050.0,130.0,－－－－－－－－－－,10.0,1430.0,0.0,20.0,0.0,-170.0,-1260.0,3090.0,yonden
2019,4,2019-04-03,15:00,2990.0,880.0,2280.0,130.0,－－－－－－－－－－,10.0,1040.0,0.0,30.0,0.0,0.0,-1380.0,2990.0,yonden
2019,4,2019-04-03,16:00,3110.0,880.0,2740.0,180.0,－－－－－－－－－－,10.0,620.0,0.0,20.0,0.0,0.0,-1340.0,3110.0,yonden
2019,4,2019-04-03,17:00,3220.0,880.0,3070.0,240.0,－－－－－－－－－－,10.0,230.0,0.0,20.0,0.0,10.0,-1240.0,3220.0,yonden
2019,4,2019-04-03,18:00,3400.0,880.0,3070.0,370.0,－－－－－－－－－－,10.0,10.0,0.0,20.0,0.0,220.0,-1180.0,3400.0,yonden
2019,4,2019-04-03,19:00,3450.0,880.0,3150.0,390.0,－－－－－－－－－－,10.0,0.0,0.0,10.0,0.0,340.0,-1330.0,3450.0,yonden
2019,4,2019-04-03,20:00,3370.0,880.0,3190.0,320.0,－－－－－－－－－－,10.0,0.0,0.0,10.0,0.0,330.0,-1370.0,3370.0,yonden
2019,4,2019-04-03,21:00,3230.0,880.0,3210.0,230.0,－－－－－－－－－－,10.0,0.0,0.0,10.0,0.0,230.0,-1340.0,3230.0,yonden
2019,4,2019-04-03,22:00,2990.0,880.0,3190.0,160.0,－－－－－－－－－－,10.0,0.0,0.0,10.0,0.0,10.0,-1270.0,2990.0,yonden
2019,4,2019-04-03,23:00,2860.0,880.0,3100.0,160.0,－－－－－－－－－－,10.0,0.0,0.0,20.0,0.0,0.0,-1310.0,2860.0,yonden
2019,4,2019-04-04,00:00,2770.0,880.0,2810.0,140.0,－－－－－－－－－－,10.0,0.0,0.0,30.0,0.0,0.0,-1100.0,2770.0,yonden
2019,4,2019-04-04,01:00,2880.0,880.0,2830.0,130.0,－－－－－－－－－－,10.0,0.0,0.0,30.0,0.0,0.0,-1000.0,2880.0,yonden
2019,4,2019-04-04,02:00,3090.0,880.0,2820.0,150.0,－－－－－－－－－－,10.0,0.0,0.0,30.0,0.0,0.0,-800.0,3090.0,yonden
2019,4,2019-04-04,03:00,3260.0,880.0,2810.0,210.0,－－－－－－－－－－,10.0,0.0,0.0,40.0,0.0,0.0,-690.0,3260.0,yonden
2019,4,2019-04-04,04:00,3270.0,880.0,2820.0,220.0,－－－－－－－－－－,10.0,0.0,0.0,20.0,0.0,0.0,-680.0,3270.0,yonden
2019,4,2019-04-04,05:00,3230.0,880.0,2790.0,220.0,－－－－－－－－－－,10.0,0.0,0.0,20.0,0.0,0.0,-690.0,3230.0,yonden
2019,4,2019-04-04,06:00,3280.0,880.0,2790.0,220.0,－－－－－－－－－－,10.0,170.0,0.0,20.0,0.0,0.0,-810.0,3280.0,yonden
2019,4,2019-04-04,07:00,3150.0,880.0,2670.0,200.0,－－－－－－－－－－,10.0,550.0,0.0,10.0,0.0,0.0,-1170.0,3150.0,yonden
2019,4,2019-04-04,08:00,3270.0,880.0,2550.0,150.0,－－－－－－－－－－,10.0,970.0,0.0,0.0,0.0,0.0,-1290.0,3270.0,yonden
2019,4,2019-04-04,09:00,3290.0,880.0,2370.0,140.0,－－－－－－－－－－,10.0,1370.0,0.0,10.0,0.0,0.0,-1490.0,3290.0,yonden
2019,4,2019-04-04,10:00,3240.0,880.0,2290.0,130.0,－－－－－－－－－－,10.0,1640.0,0.0,0.0,0.0,-130.0,-1580.0,3240.0,yonden
2019,4,2019-04-04,11:00,3190.0,880.0,2270.0,140.0,－－－－－－－－－－,10.0,1720.0,0.0,10.0,0.0,-420.0,-1420.0,3190.0,yonden
2019,4,2019-04-04,12:00,2960.0,880.0,2280.0,120.0,－－－－－－－－－－,10.0,1740.0,0.0,10.0,0.0,-590.0,-1490.0,2960.0,yonden
2019,4,2019-04-04,13:00,3100.0,880.0,2370.0,130.0,－－－－－－－－－－,10.0,1660.0,0.0,10.0,0.0,-470.0,-1490.0,3100.0,yonden
2019,4,2019-04-04,14:00,3040.0,880.0,2390.0,120.0,－－－－－－－－－－,10.0,1440.0,0.0,10.0,0.0,-160.0,-1650.0,3040.0,yonden
2019,4,2019-04-04,15:00,2960.0,880.0,2560.0,110.0,－－－－－－－－－－,10.0,1070.0,0.0,0.0,0.0,0.0,-1670.0,2960.0,yonden
2019,4,2019-04-04,16:00,3060.0,880.0,2900.0,120.0,－－－－－－－－－－,10.0,640.0,0.0,0.0,0.0,0.0,-1490.0,3060.0,yonden
2019,4,2019-04-04,17:00,3170.0,880.0,3210.0,250.0,－－－－－－－－－－,10.0,250.0,0.0,0.0,0.0,90.0,-1520.0,3170.0,yonden
2019,4,2019-04-04,18:00,3320.0,880.0,3200.0,370.0,－－－－－－－－－－,10.0,10.0,0.0,10.0,0.0,270.0,-1430.0,3320.0,yonden
2019,4,2019-04-04,19:00,3340.0,880.0,3130.0,390.0,－－－－－－－－－－,10.0,0.0,0.0,20.0,0.0,320.0,-1410.0,3340.0,yonden
2019,4,2019-04-04,20:00,3240.0,880.0,3170.0,300.0,－－－－－－－－－－,10.0,0.0,0.0,20.0,0.0,300.0,-1440.0,3240.0,yonden
2019,4,2019-04-04,21:00,3060.0,880.0,3110.0,240.0,－－－－－－－－－－,10.0,0.0,0.0,10.0,0.0,240.0,-1430.0,3060.0,yonden
2019,4,2019-04-04,22:00,2840.0,880.0,3070.0,160.0,－－－－－－－－－－,10.0,0.0,0.0,10.0,0.0,20.0,-1310.0,2840.0,yonden
2019,4,2019-04-04,23:00,2700.0,880.0,2790.0,120.0,－－－－－－－－－－,10.0,0.0,0.0,10.0,0.0,0.0,-1110.0,2700.0,yonden
2019,4,2019-04-05,00:00,2610.0,880.0,2230.0,110.0,－－－－－－－－－－,10.0,0.0,0.0,10.0,0.0,0.0,-630.0,2610.0,yonden
2019,4,2019-04-05,01:00,2690.0,880.0,1930.0,110.0,－－－－－－－－－－,10.0,0.0,0.0,20.0,0.0,0.0,-260.0,2690.0,yonden
2019,4,2019-04-05,02:00,2920.0,880.0,1990.0,150.0,－－－－－－－－－－,10.0,0.0,0.0,10.0,0.0,0.0,-120.0,2920.0,yonden
2019,4,2019-04-05,03:00,3110.0,880.0,2100.0,150.0,－－－－－－－－－－,10.0,0.0,0.0,10.0,0.0,0.0,-40.0,3110.0,yonden
2019,4,2019-04-05,04:00,3140.0,880.0,2110.0,180.0,－－－－－－－－－－,10.0,0.0,0.0,10.0,0.0,0.0,-50.0,3140.0,yonden
2019,4,2019-04-05,05:00,3090.0,880.0,2220.0,290.0,－－－－－－－－－－,10.0,0.0,0.0,10.0,0.0,10.0,-330.0,3090.0,yonden
2019,4,2019-04-05,06:00,3060.0,880.0,2170.0,260.0,－－－－－－－－－－,10.0,150.0,0.0,0.0,0.0,0.0,-410.0,3060.0,yonden
2019,4,2019-04-05,07:00,2890.0,880.0,1760.0,140.0,－－－－－－－－－－,10.0,460.0,0.0,0.0,0.0,0.0,-360.0,2890.0,yonden
2019,4,2019-04-05,08:00,3070.0,880.0,1720.0,130.0,－－－－－－－－－－,10.0,860.0,0.0,0.0,0.0,0.0,-530.0,3070.0,yonden
2019,4,2019-04-05,09:00,3150.0,880.0,1600.0,130.0,－－－－－－－－－－,10.0,1160.0,0.0,0.0,0.0,0.0,-630.0,3150.0,yonden
2019,4,2019-04-05,10:00,3160.0,880.0,1690.0,160.0,－－－－－－－－－－,10.0,1380.0,0.0,0.0,0.0,-280.0,-680.0,3160.0,yonden
2019,4,2019-04-05,11:00,3190.0,880.0,1800.0,120.0,－－－－－－－－－－,10.0,1390.0,0.0,0.0,0.0,-300.0,-710.0,3190.0,yonden
2019,4,2019-04-05,12:00,3000.0,880.0,1680.0,110.0,－－－－－－－－－－,10.0,1370.0,0.0,0.0,0.0,-300.0,-750.0,3000.0,yonden
2019,4,2019-04-05,13:00,3100.0,880.0,1820.0,100.0,－－－－－－－－－－,10.0,1360.0,0.0,10.0,0.0,-300.0,-780.0,3100.0,yonden
2019,4,2019-04-05,14:00,3060.0,880.0,1840.0,130.0,－－－－－－－－－－,10.0,1200.0,0.0,10.0,0.0,-10.0,-1000.0,3060.0,yonden
2019,4,2019-04-05,15:00,3020.0,880.0,2490.0,170.0,－－－－－－－－－－,10.0,740.0,0.0,20.0,0.0,10.0,-1300.0,3020.0,yonden
2019,4,2019-04-05,16:00,2970.0,880.0,2840.0,200.0,－－－－－－－－－－,10.0,410.0,0.0,10.0,0.0,30.0,-1410.0,2970.0,yonden
2019,4,2019-04-05,17:00,3030.0,880.0,2900.0,290.0,－－－－－－－－－－,10.0,210.0,0.0,10.0,0.0,100.0,-1370.0,3030.0,yonden
2019,4,2019-04-05,18:00,3160.0,880.0,3070.0,360.0,－－－－－－－－－－,10.0,10.0,0.0,10.0,0.0,260.0,-1440.0,3160.0,yonden
2019,4,2019-04-05,19:00,3180.0,880.0,3080.0,330.0,－－－－－－－－－－,10.0,0.0,0.0,10.0,0.0,310.0,-1440.0,3180.0,yonden
2019,4,2019-04-05,20:00,3090.0,880.0,3150.0,250.0,－－－－－－－－－－,10.0,0.0,0.0,0.0,0.0,230.0,-1430.0,3090.0,yonden
2019,4,2019-04-05,21:00,2930.0,880.0,3070.0,200.0,－－－－－－－－－－,10.0,0.0,0.0,0.0,0.0,210.0,-1440.0,2930.0,yonden
2019,4,2019-04-05,22:00,2740.0,880.0,2900.0,180.0,－－－－－－－－－－,10.0,0.0,0.0,0.0,0.0,120.0,-1350.0,2740.0,yonden
2019,4,2019-04-05,23:00,2630.0,880.0,2680.0,170.0,－－－－－－－－－－,10.0,0.0,0.0,20.0,0.0,0.0,-1130.0,2630.0,yonden
2019,4,2019-04-06,00:00,2550.0,880.0,2390.0,100.0,－－－－－－－－－－,10.0,0.0,0.0,40.0,0.0,0.0,-870.0,2550.0,yonden
2019,4,2019-04-06,01:00,2610.0,880.0,2350.0,100.0,－－－－－－－－－－,10.0,0.0,0.0,60.0,0.0,0.0,-790.0,2610.0,yonden
2019,4,2019-04-06,02:00,2850.0,880.0,2440.0,90.0,－－－－－－－－－－,10.0,0.0,0.0,70.0,0.0,0.0,-640.0,2850.0,yonden
2019,4,2019-04-06,03:00,3020.0,880.0,2450.0,130.0,－－－－－－－－－－,10.0,0.0,0.0,70.0,0.0,20.0,-540.0,3020.0,yonden
2019,4,2019-04-06,04:00,3040.0,880.0,2490.0,160.0,－－－－－－－－－－,10.0,0.0,0.0,90.0,0.0,20.0,-610.0,3040.0,yonden
2019,4,2019-04-06,05:00,2910.0,880.0,2420.0,140.0,－－－－－－－－－－,10.0,0.0,0.0,100.0,0.0,20.0,-660.0,2910.0,yonden
2019,4,2019-04-06,06:00,2750.0,880.0,2260.0,160.0,－－－－－－－－－－,10.0,150.0,0.0,100.0,0.0,0.0,-810.0,2750.0,yonden
2019,4,2019-04-06,07:00,2610.0,880.0,1960.0,140.0,－－－－－－－－－－,10.0,480.0,0.0,90.0,0.0,0.0,-950.0,2610.0,yonden
2019,4,2019-04-06,08:00,2710.0,880.0,1850.0,150.0,－－－－－－－－－－,20.0,870.0,0.0,70.0,0.0,0.0,-1130.0,2710.0,yonden
2019,4,2019-04-06,09:00,2720.0,880.0,1820.0,150.0,－－－－－－－－－－,10.0,1280.0,0.0,40.0,0.0,-250.0,-1210.0,2720.0,yonden
2019,4,2019-04-06,10:00,2700.0,880.0,1840.0,180.0,－－－－－－－－－－,10.0,1580.0,0.0,30.0,0.0,-480.0,-1340.0,2700.0,yonden
2019,4,2019-04-06,11:00,2670.0,880.0,1930.0,170.0,－－－－－－－－－－,10.0,1680.0,0.0,30.0,0.0,-600.0,-1430.0,2670.0,yonden
2019,4,2019-04-06,12:00,2550.0,880.0,1930.0,110.0,－－－－－－－－－－,10.0,1700.0,0.0,30.0,0.0,-590.0,-1520.0,2550.0,yonden
2019,4,2019-04-06,13:00,2610.0,880.0,1920.0,110.0,－－－－－－－－－－,10.0,1620.0,0.0,30.0,0.0,-590.0,-1370.0,2610.0,yonden
2019,4,2019-04-06,14:00,2550.0,880.0,1970.0,110.0,－－－－－－－－－－,10.0,1370.0,0.0,20.0,0.0,-590.0,-1220.0,2550.0,yonden
2019,4,2019-04-06,15:00,2500.0,880.0,1970.0,140.0,－－－－－－－－－－,10.0,1000.0,0.0,10.0,0.0,-320.0,-1190.0,2500.0,yonden
2019,4,2019-04-06,16:00,2550.0,880.0,1970.0,150.0,－－－－－－－－－－,10.0,600.0,0.0,10.0,0.0,-20.0,-1050.0,2550.0,yonden
2019,4,2019-04-06,17:00,2650.0,880.0,2190.0,220.0,－－－－－－－－－－,10.0,230.0,0.0,10.0,0.0,140.0,-1030.0,2650.0,yonden
2019,4,2019-04-06,18:00,2750.0,880.0,2300.0,280.0,－－－－－－－－－－,10.0,10.0,0.0,10.0,0.0,280.0,-1020.0,2750.0,yonden
2019,4,2019-04-06,19:00,2800.0,880.0,2330.0,270.0,－－－－－－－－－－,10.0,0.0,0.0,20.0,0.0,290.0,-1000.0,2800.0,yonden
2019,4,2019-04-06,20:00,2710.0,880.0,2320.0,220.0,－－－－－－－－－－,10.0,0.0,0.0,20.0,0.0,290.0,-1030.0,2710.0,yonden
2019,4,2019-04-06,21:00,2590.0,880.0,2230.0,140.0,－－－－－－－－－－,10.0,0.0,0.0,20.0,0.0,270.0,-960.0,2590.0,yonden
2019,4,2019-04-06,22:00,2430.0,880.0,2020.0,100.0,－－－－－－－－－－,10.0,0.0,0.0,10.0,0.0,270.0,-860.0,2430.0,yonden
2019,4,2019-04-06,23:00,2360.0,880.0,2100.0,120.0,－－－－－－－－－－,10.0,0.0,0.0,10.0,0.0,160.0,-920.0,2360.0,yonden
2019,4,2019-04-07,00:00,2300.0,880.0,1680.0,140.0,－－－－－－－－－－,10.0,0.0,0.0,10.0,0.0,10.0,-430.0,2300.0,yonden
2019,4,2019-04-07,01:00,2390.0,880.0,1510.0,120.0,－－－－－－－－－－,10.0,0.0,0.0,10.0,0.0,0.0,-140.0,2390.0,yonden
2019,4,2019-04-07,02:00,2620.0,880.0,1560.0,120.0,－－－－－－－－－－,10.0,0.0,0.0,20.0,0.0,0.0,30.0,2620.0,yonden
2019,4,2019-04-07,03:00,2820.0,880.0,1550.0,110.0,－－－－－－－－－－,10.0,0.0,0.0,30.0,0.0,260.0,-20.0,2820.0,yonden
2019,4,2019-04-07,04:00,2840.0,880.0,1610.0,90.0,－－－－－－－－－－,10.0,0.0,0.0,30.0,0.0,300.0,-80.0,2840.0,yonden
2019,4,2019-04-07,05:00,2690.0,880.0,1560.0,170.0,－－－－－－－－－－,10.0,0.0,0.0,30.0,0.0,140.0,-100.0,2690.0,yonden
2019,4,2019-04-07,06:00,2450.0,880.0,1380.0,200.0,－－－－－－－－－－,10.0,170.0,0.0,40.0,0.0,10.0,-240.0,2450.0,yonden
2019,4,2019-04-07,07:00,2250.0,880.0,1280.0,160.0,－－－－－－－－－－,10.0,500.0,0.0,30.0,0.0,0.0,-610.0,2250.0,yonden
2019,4,2019-04-07,08:00,2260.0,880.0,1240.0,130.0,－－－－－－－－－－,10.0,860.0,0.0,30.0,0.0,0.0,-890.0,2260.0,yonden
2019,4,2019-04-07,09:00,2270.0,880.0,1140.0,150.0,－－－－－－－－－－,10.0,1230.0,0.0,30.0,0.0,-270.0,-900.0,2270.0,yonden
2019,4,2019-04-07,10:00,2300.0,880.0,1320.0,150.0,－－－－－－－－－－,10.0,1530.0,0.0,20.0,0.0,-480.0,-1130.0,2300.0,yonden
2019,4,2019-04-07,11:00,2270.0,880.0,1290.0,150.0,－－－－－－－－－－,10.0,1660.0,0.0,20.0,0.0,-590.0,-1150.0,2270.0,yonden
2019,4,2019-04-07,12:00,2280.0,880.0,1130.0,130.0,－－－－－－－－－－,10.0,1690.0,0.0,20.0,0.0,-590.0,-990.0,2280.0,yonden
2019,4,2019-04-07,13:00,2250.0,880.0,1000.0,80.0,－－－－－－－－－－,10.0,1590.0,0.0,40.0,0.0,-590.0,-760.0,2250.0,yonden
2019,4,2019-04-07,14:00,2200.0,880.0,1000.0,110.0,－－－－－－－－－－,10.0,1300.0,0.0,50.0,0.0,-590.0,-560.0,2200.0,yonden
2019,4,2019-04-07,15:00,2210.0,880.0,1120.0,190.0,－－－－－－－－－－,10.0,910.0,0.0,30.0,0.0,-420.0,-510.0,2210.0,yonden
2019,4,2019-04-07,16:00,2300.0,880.0,1230.0,200.0,－－－－－－－－－－,10.0,500.0,0.0,20.0,0.0,-90.0,-450.0,2300.0,yonden
2019,4,2019-04-07,17:00,2490.0,880.0,1480.0,190.0,－－－－－－－－－－,10.0,160.0,0.0,30.0,0.0,220.0,-480.0,2490.0,yonden
2019,4,2019-04-07,18:00,2660.0,880.0,1550.0,280.0,－－－－－－－－－－,10.0,10.0,0.0,40.0,0.0,310.0,-420.0,2660.0,yonden
2019,4,2019-04-07,19:00,2690.0,880.0,1510.0,270.0,－－－－－－－－－－,10.0,0.0,0.0,40.0,0.0,300.0,-320.0,2690.0,yonden
2019,4,2019-04-07,20:00,2610.0,880.0,1440.0,190.0,－－－－－－－－－－,10.0,0.0,0.0,60.0,0.0,280.0,-250.0,2610.0,yonden
2019,4,2019-04-07,21:00,2480.0,880.0,1450.0,170.0,－－－－－－－－－－,10.0,0.0,0.0,80.0,0.0,10.0,-120.0,2480.0,yonden
2019,4,2019-04-07,22:00,2320.0,880.0,1480.0,120.0,－－－－－－－－－－,10.0,0.0,0.0,50.0,0.0,0.0,-220.0,2320.0,yonden
2019,4,2019-04-07,23:00,2240.0,880.0,1470.0,100.0,－－－－－－－－－－,10.0,0.0,0.0,20.0,0.0,0.0,-240.0,2240.0,yonden
2019,4,2019-04-08,00:00,2190.0,880.0,1490.0,90.0,－－－－－－－－－－,10.0,0.0,0.0,10.0,0.0,0.0,-290.0,2190.0,yonden
2019,4,2019-04-08,01:00,2250.0,880.0,1480.0,80.0,－－－－－－－－－－,10.0,0.0,0.0,30.0,0.0,0.0,-230.0,2250.0,yonden
2019,4,2019-04-08,02:00,2510.0,880.0,1540.0,80.0,－－－－－－－－－－,10.0,0.0,0.0,80.0,0.0,0.0,-80.0,2510.0,yonden
2019,4,2019-04-08,03:00,2730.0,880.0,1760.0,190.0,－－－－－－－－－－,10.0,0.0,0.0,80.0,0.0,20.0,-210.0,2730.0,yonden
2019,4,2019-04-08,04:00,2790.0,880.0,1780.0,140.0,－－－－－－－－－－,10.0,0.0,0.0,120.0,0.0,230.0,-370.0,2790.0,yonden
2019,4,2019-04-08,05:00,2680.0,880.0,1840.0,150.0,－－－－－－－－－－,10.0,0.0,0.0,120.0,0.0,150.0,-470.0,2680.0,yonden
2019,4,2019-04-08,06:00,2620.0,880.0,1770.0,210.0,－－－－－－－－－－,10.0,190.0,0.0,110.0,0.0,70.0,-620.0,2620.0,yonden
2019,4,2019-04-08,07:00,2540.0,880.0,1530.0,170.0,－－－－－－－－－－,10.0,540.0,0.0,90.0,0.0,0.0,-680.0,2540.0,yonden
2019,4,2019-04-08,08:00,2770.0,880.0,1490.0,150.0,－－－－－－－－－－,10.0,920.0,0.0,90.0,0.0,0.0,-770.0,2770.0,yonden
2019,4,2019-04-08,09:00,2900.0,880.0,1560.0,150.0,－－－－－－－－－－,10.0,1290.0,0.0,70.0,0.0,-250.0,-810.0,2900.0,yonden
2019,4,2019-04-08,10:00,2950.0,880.0,1500.0,140.0,－－－－－－－－－－,10.0,1580.0,0.0,60.0,0.0,-300.0,-920.0,2950.0,yonden
2019,4,2019-04-08,11:00,2960.0,880.0,1450.0,120.0,－－－－－－－－－－,10.0,1700.0,0.0,70.0,0.0,-300.0,-970.0,2960.0,yonden
2019,4,2019-04-08,12:00,2790.0,880.0,1460.0,120.0,－－－－－－－－－－,10.0,1730.0,0.0,90.0,0.0,-560.0,-940.0,2790.0,yonden
2019,4,2019-04-08,13:00,2960.0,880.0,1480.0,120.0,－－－－－－－－－－,10.0,1670.0,0.0,90.0,0.0,-320.0,-970.0,2960.0,yonden
2019,4,2019-04-08,14:00,2930.0,880.0,1620.0,110.0,－－－－－－－－－－,10.0,1430.0,0.0,90.0,0.0,-140.0,-1070.0,2930.0,yonden
2019,4,2019-04-08,15:00,2910.0,880.0,1690.0,140.0,－－－－－－－－－－,10.0,1020.0,0.0,110.0,0.0,0.0,-940.0,2910.0,yonden
2019,4,2019-04-08,16:00,2980.0,880.0,2230.0,210.0,－－－－－－－－－－,10.0,570.0,0.0,120.0,0.0,120.0,-1160.0,2980.0,yonden
2019,4,2019-04-08,17:00,2990.0,880.0,2930.0,260.0,－－－－－－－－－－,10.0,220.0,0.0,110.0,0.0,170.0,-1590.0,2990.0,yonden
2019,4,2019-04-08,18:00,3060.0,880.0,3090.0,390.0,－－－－－－－－－－,10.0,10.0,0.0,110.0,0.0,180.0,-1610.0,3060.0,yonden
2019,4,2019-04-08,19:00,3030.0,880.0,3110.0,380.0,－－－－－－－－－－,10.0,0.0,0.0,100.0,0.0,160.0,-1610.0,3030.0,yonden
2019,4,2019-04-08,20:00,2910.0,880.0,3010.0,270.0,－－－－－－－－－－,10.0,0.0,0.0,110.0,0.0,140.0,-1510.0,2910.0,yonden
2019,4,2019-04-08,21:00,2760.0,880.0,2720.0,210.0,－－－－－－－－－－,10.0,0.0,0.0,120.0,0.0,0.0,-1180.0,2760.0,yonden
2019,4,2019-04-08,22:00,2590.0,880.0,2050.0,140.0,－－－－－－－－－－,10.0,0.0,0.0,130.0,0.0,0.0,-620.0,2590.0,yonden
2019,4,2019-04-08,23:00,2490.0,880.0,1860.0,100.0,－－－－－－－－－－,10.0,0.0,0.0,130.0,0.0,0.0,-490.0,2490.0,yonden
2019,4,2019-04-09,00:00,2420.0,880.0,2010.0,80.0,－－－－－－－－－－,10.0,0.0,0.0,110.0,0.0,0.0,-670.0,2420.0,yonden
2019,4,2019-04-09,01:00,2500.0,880.0,2050.0,70.0,－－－－－－－－－－,10.0,0.0,0.0,120.0,0.0,0.0,-630.0,2500.0,yonden
2019,4,2019-04-09,02:00,2720.0,880.0,2100.0,130.0,－－－－－－－－－－,10.0,0.0,0.0,110.0,0.0,0.0,-510.0,2720.0,yonden
2019,4,2019-04-09,03:00,2940.0,880.0,2260.0,140.0,－－－－－－－－－－,10.0,0.0,0.0,100.0,0.0,0.0,-450.0,2940.0,yonden
2019,4,2019-04-09,04:00,3010.0,880.0,2290.0,150.0,－－－－－－－－－－,10.0,0.0,0.0,90.0,0.0,0.0,-410.0,3010.0,yonden
2019,4,2019-04-09,05:00,2980.0,880.0,2360.0,200.0,－－－－－－－－－－,10.0,0.0,0.0,80.0,0.0,10.0,-560.0,2980.0,yonden
2019,4,2019-04-09,06:00,2930.0,880.0,2250.0,210.0,－－－－－－－－－－,10.0,190.0,0.0,80.0,0.0,10.0,-700.0,2930.0,yonden
2019,4,2019-04-09,07:00,2730.0,880.0,1980.0,140.0,－－－－－－－－－－,10.0,540.0,0.0,50.0,0.0,0.0,-870.0,2730.0,yonden
2019,4,2019-04-09,08:00,2920.0,880.0,1660.0,120.0,－－－－－－－－－－,10.0,960.0,0.0,50.0,0.0,10.0,-770.0,2920.0,yonden
2019,4,2019-04-09,09:00,3040.0,880.0,1570.0,120.0,－－－－－－－－－－,10.0,1370.0,0.0,50.0,0.0,-50.0,-910.0,3040.0,yonden
2019,4,2019-04-09,10:00,3030.0,880.0,1440.0,120.0,－－－－－－－－－－,10.0,1620.0,0.0,50.0,0.0,-300.0,-790.0,3030.0,yonden
2019,4,2019-04-09,11:00,3040.0,880.0,1460.0,140.0,－－－－－－－－－－,10.0,1650.0,0.0,40.0,0.0,-300.0,-840.0,3040.0,yonden
2019,4,2019-04-09,12:00,2860.0,880.0,1400.0,160.0,－－－－－－－－－－,10.0,1630.0,0.0,40.0,0.0,-480.0,-780.0,2860.0,yonden
2019,4,2019-04-09,13:00,3040.0,880.0,1540.0,180.0,－－－－－－－－－－,10.0,1510.0,0.0,30.0,0.0,-250.0,-860.0,3040.0,yonden
2019,4,2019-04-09,14:00,2980.0,880.0,1600.0,120.0,－－－－－－－－－－,10.0,1300.0,0.0,20.0,0.0,0.0,-950.0,2980.0,yonden
2019,4,2019-04-09,15:00,2940.0,880.0,1740.0,120.0,－－－－－－－－－－,10.0,960.0,0.0,40.0,0.0,0.0,-810.0,2940.0,yonden
2019,4,2019-04-09,16:00,3020.0,880.0,1980.0,170.0,－－－－－－－－－－,10.0,530.0,0.0,30.0,0.0,30.0,-610.0,3020.0,yonden
2019,4,2019-04-09,17:00,3060.0,880.0,2620.0,240.0,－－－－－－－－－－,10.0,180.0,0.0,50.0,0.0,230.0,-1150.0,3060.0,yonden
2019,4,2019-04-09,18:00,3180.0,880.0,3080.0,350.0,－－－－－－－－－－,10.0,10.0,0.0,70.0,0.0,190.0,-1410.0,3180.0,yonden
2019,4,2019-04-09,19:00,3160.0,880.0,3040.0,370.0,－－－－－－－－－－,10.0,0.0,0.0,80.0,0.0,150.0,-1370.0,3160.0,yonden
2019,4,2019-04-09,20:00,3040.0,880.0,3040.0,300.0,－－－－－－－－－－,10.0,0.0,0.0,100.0,0.0,60.0,-1350.0,3040.0,yonden
2019,4,2019-04-09,21:00,2870.0,880.0,2990.0,220.0,－－－－－－－－－－,10.0,0.0,0.0,120.0,0.0,0.0,-1350.0,2870.0,yonden
2019,4,2019-04-09,22:00,2660.0,880.0,2680.0,140.0,－－－－－－－－－－,10.0,0.0,0.0,120.0,0.0,0.0,-1170.0,2660.0,yonden
2019,4,2019-04-09,23:00,2560.0,880.0,2450.0,120.0,－－－－－－－－－－,10.0,0.0,0.0,130.0,0.0,0.0,-1030.0,2560.0,yonden
2019,4,2019-04-10,00:00,2470.0,880.0,1890.0,100.0,－－－－－－－－－－,10.0,0.0,0.0,110.0,0.0,0.0,-520.0,2470.0,yonden
2019,4,2019-04-10,01:00,2540.0,880.0,1800.0,70.0,－－－－－－－－－－,10.0,0.0,0.0,120.0,0.0,0.0,-340.0,2540.0,yonden
2019,4,2019-04-10,02:00,2780.0,880.0,2030.0,90.0,－－－－－－－－－－,10.0,0.0,0.0,110.0,0.0,0.0,-340.0,2780.0,yonden
2019,4,2019-04-10,03:00,3010.0,880.0,2170.0,150.0,－－－－－－－－－－,10.0,0.0,0.0,100.0,0.0,0.0,-300.0,3010.0,yonden
2019,4,2019-04-10,04:00,3070.0,880.0,2140.0,180.0,－－－－－－－－－－,10.0,0.0,0.0,100.0,0.0,0.0,-240.0,3070.0,yonden
2019,4,2019-04-10,05:00,2990.0,880.0,2280.0,180.0,－－－－－－－－－－,10.0,0.0,0.0,100.0,0.0,0.0,-460.0,2990.0,yonden
2019,4,2019-04-10,06:00,2940.0,880.0,2660.0,190.0,－－－－－－－－－－,10.0,50.0,0.0,70.0,0.0,0.0,-920.0,2940.0,yonden
2019,4,2019-04-10,07:00,2950.0,880.0,2730.0,260.0,－－－－－－－－－－,10.0,50.0,0.0,30.0,0.0,0.0,-1010.0,2950.0,yonden
2019,4,2019-04-10,08:00,3300.0,880.0,2950.0,300.0,－－－－－－－－－－,10.0,60.0,0.0,30.0,0.0,0.0,-930.0,3300.0,yonden
2019,4,2019-04-10,09:00,3450.0,880.0,2930.0,330.0,－－－－－－－－－－,10.0,80.0,0.0,40.0,0.0,0.0,-820.0,3450.0,yonden
2019,4,2019-04-10,10:00,3470.0,880.0,2910.0,260.0,－－－－－－－－－－,10.0,190.0,0.0,50.0,0.0,0.0,-830.0,3470.0,yonden
2019,4,2019-04-10,11:00,3400.0,880.0,2570.0,210.0,－－－－－－－－－－,10.0,390.0,0.0,50.0,0.0,0.0,-710.0,3400.0,yonden
2019,4,2019-04-10,12:00,3270.0,880.0,2670.0,170.0,－－－－－－－－－－,10.0,310.0,0.0,70.0,0.0,0.0,-840.0,3270.0,yonden
2019,4,2019-04-10,13:00,3390.0,880.0,2830.0,150.0,－－－－－－－－－－,10.0,220.0,0.0,90.0,0.0,0.0,-790.0,3390.0,yonden
2019,4,2019-04-10,14:00,3320.0,880.0,2940.0,150.0,－－－－－－－－－－,10.0,180.0,0.0,90.0,0.0,0.0,-930.0,3320.0,yonden
2019,4,2019-04-10,15:00,3260.0,880.0,2920.0,150.0,－－－－－－－－－－,10.0,170.0,0.0,90.0,0.0,0.0,-960.0,3260.0,yonden
2019,4,2019-04-10,16:00,3350.0,880.0,3030.0,180.0,－－－－－－－－－－,10.0,110.0,0.0,130.0,0.0,0.0,-990.0,3350.0,yonden
2019,4,2019-04-10,17:00,3360.0,880.0,2970.0,230.0,－－－－－－－－－－,10.0,50.0,0.0,150.0,0.0,170.0,-1100.0,3360.0,yonden
2019,4,2019-04-10,18:00,3430.0,880.0,2980.0,290.0,－－－－－－－－－－,10.0,0.0,0.0,150.0,0.0,300.0,-1180.0,3430.0,yonden
2019,4,2019-04-10,19:00,3370.0,880.0,2910.0,280.0,－－－－－－－－－－,10.0,0.0,0.0,150.0,0.0,310.0,-1170.0,3370.0,yonden
2019,4,2019-04-10,20:00,3220.0,880.0,2940.0,180.0,－－－－－－－－－－,10.0,0.0,0.0,150.0,0.0,220.0,-1160.0,3220.0,yonden
2019,4,2019-04-10,21:00,3030.0,880.0,2830.0,160.0,－－－－－－－－－－,10.0,0.0,0.0,150.0,0.0,50.0,-1050.0,3030.0,yonden
2019,4,2019-04-10,22:00,2790.0,880.0,2540.0,140.0,－－－－－－－－－－,10.0,0.0,0.0,150.0,0.0,0.0,-930.0,2790.0,yonden
2019,4,2019-04-10,23:00,2660.0,880.0,1960.0,150.0,－－－－－－－－－－,10.0,0.0,0.0,140.0,0.0,0.0,-480.0,2660.0,yonden
2019,4,2019-04-11,00:00,2550.0,880.0,2260.0,120.0,－－－－－－－－－－,10.0,0.0,0.0,140.0,0.0,0.0,-860.0,2550.0,yonden
2019,4,2019-04-11,01:00,2620.0,880.0,2490.0,100.0,－－－－－－－－－－,10.0,0.0,0.0,130.0,0.0,0.0,-990.0,2620.0,yonden
2019,4,2019-04-11,02:00,2850.0,880.0,2580.0,90.0,－－－－－－－－－－,10.0,0.0,0.0,140.0,0.0,0.0,-850.0,2850.0,yonden
2019,4,2019-04-11,03:00,3050.0,880.0,2670.0,190.0,－－－－－－－－－－,10.0,0.0,0.0,130.0,0.0,0.0,-830.0,3050.0,yonden
2019,4,2019-04-11,04:00,3100.0,880.0,2730.0,180.0,－－－－－－－－－－,10.0,0.0,0.0,120.0,0.0,0.0,-820.0,3100.0,yonden
2019,4,2019-04-11,05:00,3070.0,880.0,2770.0,210.0,－－－－－－－－－－,10.0,10.0,0.0,120.0,0.0,0.0,-930.0,3070.0,yonden
2019,4,2019-04-11,06:00,3030.0,880.0,2610.0,230.0,－－－－－－－－－－,10.0,180.0,0.0,100.0,0.0,20.0,-1000.0,3030.0,yonden
2019,4,2019-04-11,07:00,2840.0,880.0,2410.0,190.0,－－－－－－－－－－,10.0,520.0,0.0,70.0,0.0,10.0,-1250.0,2840.0,yonden
2019,4,2019-04-11,08:00,3030.0,880.0,2410.0,160.0,－－－－－－－－－－,10.0,910.0,0.0,60.0,0.0,0.0,-1400.0,3030.0,yonden
2019,4,2019-04-11,09:00,3110.0,880.0,2390.0,140.0,－－－－－－－－－－,10.0,1200.0,0.0,60.0,0.0,-180.0,-1390.0,3110.0,yonden
2019,4,2019-04-11,10:00,3150.0,880.0,2080.0,140.0,－－－－－－－－－－,10.0,1500.0,0.0,60.0,0.0,-300.0,-1220.0,3150.0,yonden
2019,4,2019-04-11,11:00,3150.0,880.0,2140.0,150.0,－－－－－－－－－－,10.0,1520.0,0.0,60.0,0.0,-300.0,-1310.0,3150.0,yonden
2019,4,2019-04-11,12:00,2950.0,880.0,1950.0,130.0,－－－－－－－－－－,10.0,1450.0,0.0,70.0,0.0,-300.0,-1240.0,2950.0,yonden
2019,4,2019-04-11,13:00,3070.0,880.0,2110.0,130.0,－－－－－－－－－－,10.0,1270.0,0.0,60.0,0.0,-280.0,-1110.0,3070.0,yonden
2019,4,2019-04-11,14:00,3000.0,880.0,2400.0,120.0,－－－－－－－－－－,10.0,990.0,0.0,60.0,0.0,0.0,-1460.0,3000.0,yonden
2019,4,2019-04-11,15:00,3020.0,880.0,2580.0,190.0,－－－－－－－－－－,10.0,550.0,0.0,50.0,0.0,10.0,-1250.0,3020.0,yonden
2019,4,2019-04-11,16:00,3090.0,880.0,2820.0,240.0,－－－－－－－－－－,10.0,150.0,0.0,30.0,0.0,70.0,-1110.0,3090.0,yonden
2019,4,2019-04-11,17:00,3210.0,880.0,2990.0,230.0,－－－－－－－－－－,10.0,30.0,0.0,30.0,0.0,350.0,-1310.0,3210.0,yonden
2019,4,2019-04-11,18:00,3360.0,880.0,3110.0,310.0,－－－－－－－－－－,10.0,0.0,0.0,20.0,0.0,420.0,-1390.0,3360.0,yonden
2019,4,2019-04-11,19:00,3310.0,880.0,3060.0,240.0,－－－－－－－－－－,10.0,0.0,0.0,20.0,0.0,440.0,-1340.0,3310.0,yonden
2019,4,2019-04-11,20:00,3180.0,880.0,3020.0,190.0,－－－－－－－－－－,10.0,0.0,0.0,20.0,0.0,440.0,-1380.0,3180.0,yonden
2019,4,2019-04-11,21:00,3010.0,880.0,3030.0,170.0,－－－－－－－－－－,10.0,0.0,0.0,10.0,0.0,310.0,-1400.0,3010.0,yonden
2019,4,2019-04-11,22:00,2780.0,880.0,3010.0,120.0,－－－－－－－－－－,10.0,0.0,0.0,10.0,0.0,0.0,-1250.0,2780.0,yonden
2019,4,2019-04-11,23:00,2650.0,880.0,2810.0,90.0,－－－－－－－－－－,10.0,0.0,0.0,20.0,0.0,0.0,-1160.0,2650.0,yonden
2019,4,2019-04-12,00:00,2540.0,880.0,2750.0,90.0,－－－－－－－－－－,10.0,0.0,0.0,20.0,0.0,0.0,-1210.0,2540.0,yonden
2019,4,2019-04-12,01:00,2610.0,880.0,2730.0,100.0,－－－－－－－－－－,10.0,0.0,0.0,10.0,0.0,0.0,-1120.0,2610.0,yonden
2019,4,2019-04-12,02:00,2840.0,880.0,2740.0,130.0,－－－－－－－－－－,10.0,0.0,0.0,20.0,0.0,0.0,-940.0,2840.0,yonden
2019,4,2019-04-12,03:00,3050.0,880.0,2880.0,170.0,－－－－－－－－－－,10.0,0.0,0.0,20.0,0.0,0.0,-910.0,3050.0,yonden
2019,4,2019-04-12,04:00,3120.0,880.0,3000.0,160.0,－－－－－－－－－－,10.0,0.0,0.0,30.0,0.0,0.0,-960.0,3120.0,yonden
2019,4,2019-04-12,05:00,3090.0,880.0,3010.0,170.0,－－－－－－－－－－,10.0,10.0,0.0,40.0,0.0,0.0,-1030.0,3090.0,yonden
2019,4,2019-04-12,06:00,3050.0,880.0,3010.0,170.0,－－－－－－－－－－,10.0,130.0,0.0,40.0,0.0,0.0,-1190.0,3050.0,yonden
2019,4,2019-04-12,07:00,2880.0,880.0,2880.0,150.0,－－－－－－－－－－,10.0,330.0,0.0,40.0,0.0,0.0,-1410.0,2880.0,yonden
2019,4,2019-04-12,08:00,3110.0,880.0,2960.0,160.0,－－－－－－－－－－,10.0,620.0,0.0,50.0,0.0,0.0,-1570.0,3110.0,yonden
2019,4,2019-04-12,09:00,3150.0,880.0,2500.0,160.0,－－－－－－－－－－,10.0,1110.0,0.0,40.0,0.0,-30.0,-1520.0,3150.0,yonden
2019,4,2019-04-12,10:00,3130.0,880.0,2440.0,110.0,－－－－－－－－－－,10.0,1500.0,0.0,40.0,0.0,-310.0,-1540.0,3130.0,yonden
2019,4,2019-04-12,11:00,3110.0,880.0,2400.0,120.0,－－－－－－－－－－,10.0,1620.0,0.0,50.0,0.0,-480.0,-1490.0,3110.0,yonden
2019,4,2019-04-12,12:00,2940.0,880.0,2450.0,100.0,－－－－－－－－－－,10.0,1590.0,0.0,50.0,0.0,-600.0,-1540.0,2940.0,yonden
2019,4,2019-04-12,13:00,3080.0,880.0,2440.0,110.0,－－－－－－－－－－,10.0,1460.0,0.0,60.0,0.0,-320.0,-1560.0,3080.0,yonden
2019,4,2019-04-12,14:00,3030.0,880.0,2370.0,90.0,－－－－－－－－－－,10.0,1230.0,0.0,60.0,0.0,-50.0,-1560.0,3030.0,yonden
2019,4,2019-04-12,15:00,2970.0,880.0,2600.0,130.0,－－－－－－－－－－,10.0,880.0,0.0,70.0,0.0,100.0,-1700.0,2970.0,yonden
2019,4,2019-04-12,16:00,3040.0,880.0,2730.0,110.0,－－－－－－－－－－,10.0,560.0,0.0,70.0,0.0,90.0,-1410.0,3040.0,yonden
2019,4,2019-04-12,17:00,3120.0,880.0,3130.0,200.0,－－－－－－－－－－,10.0,200.0,0.0,70.0,0.0,80.0,-1450.0,3120.0,yonden
2019,4,2019-04-12,18:00,3190.0,880.0,3100.0,360.0,－－－－－－－－－－,10.0,10.0,0.0,60.0,0.0,240.0,-1470.0,3190.0,yonden
2019,4,2019-04-12,19:00,3200.0,880.0,3090.0,350.0,－－－－－－－－－－,10.0,0.0,0.0,60.0,0.0,180.0,-1370.0,3200.0,yonden
2019,4,2019-04-12,20:00,3110.0,880.0,3020.0,220.0,－－－－－－－－－－,10.0,0.0,0.0,50.0,0.0,240.0,-1310.0,3110.0,yonden
2019,4,2019-04-12,21:00,2940.0,880.0,3000.0,220.0,－－－－－－－－－－,10.0,0.0,0.0,30.0,0.0,60.0,-1260.0,2940.0,yonden
2019,4,2019-04-12,22:00,2750.0,880.0,2810.0,90.0,－－－－－－－－－－,10.0,0.0,0.0,20.0,0.0,0.0,-1060.0,2750.0,yonden
2019,4,2019-04-12,23:00,2640.0,880.0,2670.0,80.0,－－－－－－－－－－,10.0,0.0,0.0,20.0,0.0,0.0,-1020.0,2640.0,yonden
2019,4,2019-04-13,00:00,2560.0,880.0,2530.0,80.0,－－－－－－－－－－,10.0,0.0,0.0,20.0,0.0,0.0,-960.0,2560.0,yonden
2019,4,2019-04-13,01:00,2610.0,880.0,2460.0,70.0,－－－－－－－－－－,10.0,0.0,0.0,20.0,0.0,0.0,-830.0,2610.0,yonden
2019,4,2019-04-13,02:00,2830.0,880.0,2560.0,100.0,－－－－－－－－－－,10.0,0.0,0.0,10.0,0.0,0.0,-730.0,2830.0,yonden
2019,4,2019-04-13,03:00,3030.0,880.0,2630.0,130.0,－－－－－－－－－－,10.0,0.0,0.0,10.0,0.0,0.0,-630.0,3030.0,yonden
2019,4,2019-04-13,04:00,3090.0,880.0,2660.0,150.0,－－－－－－－－－－,10.0,0.0,0.0,10.0,0.0,10.0,-630.0,3090.0,yonden
2019,4,2019-04-13,05:00,3010.0,880.0,2600.0,140.0,－－－－－－－－－－,10.0,10.0,0.0,10.0,0.0,0.0,-640.0,3010.0,yonden
2019,4,2019-04-13,06:00,2830.0,880.0,2370.0,110.0,－－－－－－－－－－,10.0,230.0,0.0,0.0,0.0,0.0,-770.0,2830.0,yonden
2019,4,2019-04-13,07:00,2550.0,880.0,2140.0,110.0,－－－－－－－－－－,10.0,610.0,0.0,0.0,0.0,0.0,-1200.0,2550.0,yonden
2019,4,2019-04-13,08:00,2570.0,880.0,2030.0,110.0,－－－－－－－－－－,10.0,1010.0,0.0,0.0,0.0,-50.0,-1420.0,2570.0,yonden
2019,4,2019-04-13,09:00,2590.0,880.0,1950.0,100.0,－－－－－－－－－－,10.0,1370.0,0.0,0.0,0.0,-430.0,-1290.0,2590.0,yonden
2019,4,2019-04-13,10:00,2580.0,880.0,1950.0,100.0,－－－－－－－－－－,10.0,1600.0,0.0,0.0,0.0,-600.0,-1360.0,2580.0,yonden
2019,4,2019-04-13,11:00,2600.0,880.0,1790.0,90.0,－－－－－－－－－－,10.0,1680.0,0.0,0.0,0.0,-590.0,-1260.0,2600.0,yonden
2019,4,2019-04-13,12:00,2560.0,880.0,1840.0,100.0,－－－－－－－－－－,10.0,1690.0,0.0,0.0,0.0,-590.0,-1370.0,2560.0,yonden
2019,4,2019-04-13,13:00,2650.0,880.0,1960.0,110.0,－－－－－－－－－－,10.0,1530.0,0.0,10.0,0.0,-590.0,-1260.0,2650.0,yonden
2019,4,2019-04-13,14:00,2610.0,880.0,2110.0,100.0,－－－－－－－－－－,10.0,1150.0,0.0,20.0,0.0,-470.0,-1190.0,2610.0,yonden
2019,4,2019-04-13,15:00,2560.0,880.0,2220.0,110.0,－－－－－－－－－－,10.0,630.0,0.0,30.0,0.0,-10.0,-1310.0,2560.0,yonden
2019,4,2019-04-13,16:00,2540.0,880.0,2380.0,120.0,－－－－－－－－－－,10.0,300.0,0.0,50.0,0.0,110.0,-1310.0,2540.0,yonden
2019,4,2019-04-13,17:00,2700.0,880.0,2570.0,130.0,－－－－－－－－－－,10.0,110.0,0.0,60.0,0.0,190.0,-1250.0,2700.0,yonden
2019,4,2019-04-13,18:00,2890.0,880.0,2710.0,240.0,－－－－－－－－－－,10.0,10.0,0.0,80.0,0.0,220.0,-1260.0,2890.0,yonden
2019,4,2019-04-13,19:00,2930.0,880.0,2720.0,230.0,－－－－－－－－－－,10.0,0.0,0.0,80.0,0.0,190.0,-1180.0,2930.0,yonden
2019,4,2019-04-13,20:00,2840.0,880.0,2710.0,210.0,－－－－－－－－－－,10.0,0.0,0.0,80.0,0.0,180.0,-1230.0,2840.0,yonden
2019,4,2019-04-13,21:00,2710.0,880.0,2680.0,150.0,－－－－－－－－－－,10.0,0.0,0.0,80.0,0.0,30.0,-1120.0,2710.0,yonden
2019,4,2019-04-13,22:00,2510.0,880.0,2480.0,80.0,－－－－－－－－－－,10.0,0.0,0.0,80.0,0.0,0.0,-1020.0,2510.0,yonden
2019,4,2019-04-13,23:00,2420.0,880.0,2380.0,80.0,－－－－－－－－－－,10.0,0.0,0.0,70.0,0.0,0.0,-1000.0,2420.0,yonden
2019,4,2019-04-14,00:00,2340.0,880.0,1930.0,70.0,－－－－－－－－－－,10.0,0.0,0.0,70.0,0.0,0.0,-620.0,2340.0,yonden
2019,4,2019-04-14,01:00,2410.0,880.0,1870.0,70.0,－－－－－－－－－－,10.0,0.0,0.0,70.0,0.0,0.0,-490.0,2410.0,yonden
2019,4,2019-04-14,02:00,2630.0,880.0,2010.0,70.0,－－－－－－－－－－,10.0,0.0,0.0,80.0,0.0,0.0,-420.0,2630.0,yonden
2019,4,2019-04-14,03:00,2830.0,880.0,2290.0,100.0,－－－－－－－－－－,10.0,0.0,0.0,80.0,0.0,0.0,-530.0,2830.0,yonden
2019,4,2019-04-14,04:00,2860.0,880.0,2280.0,110.0,－－－－－－－－－－,10.0,0.0,0.0,80.0,0.0,0.0,-500.0,2860.0,yonden
2019,4,2019-04-14,05:00,2690.0,880.0,1830.0,130.0,－－－－－－－－－－,10.0,0.0,0.0,90.0,0.0,0.0,-250.0,2690.0,yonden
2019,4,2019-04-14,06:00,2420.0,880.0,1520.0,100.0,－－－－－－－－－－,10.0,70.0,0.0,100.0,0.0,0.0,-260.0,2420.0,yonden
2019,4,2019-04-14,07:00,2260.0,880.0,1530.0,110.0,－－－－－－－－－－,10.0,150.0,0.0,100.0,0.0,0.0,-520.0,2260.0,yonden
2019,4,2019-04-14,08:00,2390.0,880.0,1730.0,170.0,－－－－－－－－－－,10.0,150.0,0.0,80.0,0.0,0.0,-630.0,2390.0,yonden
2019,4,2019-04-14,09:00,2440.0,880.0,1600.0,120.0,－－－－－－－－－－,10.0,300.0,0.0,80.0,0.0,0.0,-550.0,2440.0,yonden
2019,4,2019-04-14,10:00,2530.0,880.0,1450.0,100.0,－－－－－－－－－－,10.0,430.0,0.0,90.0,0.0,0.0,-430.0,2530.0,yonden
2019,4,2019-04-14,11:00,2570.0,880.0,1420.0,110.0,－－－－－－－－－－,10.0,480.0,0.0,80.0,0.0,0.0,-410.0,2570.0,yonden
2019,4,2019-04-14,12:00,2640.0,840.0,1610.0,90.0,－－－－－－－－－－,10.0,430.0,0.0,90.0,0.0,0.0,-430.0,2640.0,yonden
2019,4,2019-04-14,13:00,2560.0,860.0,1660.0,80.0,－－－－－－－－－－,10.0,290.0,0.0,70.0,0.0,0.0,-410.0,2560.0,yonden
2019,4,2019-04-14,14:00,2500.0,880.0,1760.0,100.0,－－－－－－－－－－,10.0,130.0,0.0,70.0,0.0,0.0,-450.0,2500.0,yonden
2019,4,2019-04-14,15:00,2570.0,880.0,2000.0,160.0,－－－－－－－－－－,10.0,50.0,0.0,60.0,0.0,0.0,-590.0,2570.0,yonden
2019,4,2019-04-14,16:00,2700.0,880.0,2020.0,210.0,－－－－－－－－－－,10.0,40.0,0.0,40.0,0.0,90.0,-590.0,2700.0,yonden
2019,4,2019-04-14,17:00,2850.0,880.0,2150.0,260.0,－－－－－－－－－－,10.0,20.0,0.0,30.0,0.0,170.0,-670.0,2850.0,yonden
2019,4,2019-04-14,18:00,2950.0,880.0,2690.0,280.0,－－－－－－－－－－,10.0,0.0,0.0,30.0,0.0,310.0,-1250.0,2950.0,yonden
2019,4,2019-04-14,19:00,2900.0,880.0,2680.0,270.0,－－－－－－－－－－,10.0,0.0,0.0,40.0,0.0,200.0,-1180.0,2900.0,yonden
2019,4,2019-04-14,20:00,2820.0,880.0,2640.0,270.0,－－－－－－－－－－,10.0,0.0,0.0,40.0,0.0,140.0,-1160.0,2820.0,yonden
2019,4,2019-04-14,21:00,2630.0,880.0,2500.0,230.0,－－－－－－－－－－,10.0,0.0,0.0,40.0,0.0,0.0,-1030.0,2630.0,yonden
2019,4,2019-04-14,22:00,2430.0,880.0,1870.0,210.0,－－－－－－－－－－,10.0,0.0,0.0,50.0,0.0,0.0,-590.0,2430.0,yonden
2019,4,2019-04-14,23:00,2320.0,880.0,1600.0,180.0,－－－－－－－－－－,10.0,0.0,0.0,80.0,0.0,0.0,-430.0,2320.0,yonden
2019,4,2019-04-15,00:00,2270.0,880.0,1620.0,170.0,－－－－－－－－－－,10.0,0.0,0.0,90.0,0.0,0.0,-500.0,2270.0,yonden
2019,4,2019-04-15,01:00,2360.0,880.0,1640.0,190.0,－－－－－－－－－－,10.0,0.0,0.0,100.0,0.0,0.0,-460.0,2360.0,yonden
2019,4,2019-04-15,02:00,2610.0,880.0,2060.0,210.0,－－－－－－－－－－,10.0,0.0,0.0,100.0,0.0,20.0,-670.0,2610.0,yonden
2019,4,2019-04-15,03:00,2820.0,880.0,2210.0,230.0,－－－－－－－－－－,10.0,0.0,0.0,120.0,0.0,20.0,-650.0,2820.0,yonden
2019,4,2019-04-15,04:00,2900.0,880.0,2230.0,250.0,－－－－－－－－－－,10.0,0.0,0.0,120.0,0.0,30.0,-620.0,2900.0,yonden
2019,4,2019-04-15,05:00,2850.0,880.0,2270.0,210.0,－－－－－－－－－－,10.0,10.0,0.0,130.0,0.0,20.0,-680.0,2850.0,yonden
2019,4,2019-04-15,06:00,2810.0,880.0,2330.0,260.0,－－－－－－－－－－,10.0,160.0,0.0,130.0,0.0,30.0,-990.0,2810.0,yonden
2019,4,2019-04-15,07:00,2720.0,880.0,2600.0,240.0,－－－－－－－－－－,10.0,500.0,0.0,110.0,0.0,20.0,-1640.0,2720.0,yonden
2019,4,2019-04-15,08:00,2950.0,880.0,2610.0,180.0,－－－－－－－－－－,10.0,920.0,0.0,100.0,0.0,0.0,-1750.0,2950.0,yonden
2019,4,2019-04-15,09:00,3070.0,880.0,2250.0,180.0,－－－－－－－－－－,10.0,1350.0,0.0,110.0,0.0,-30.0,-1680.0,3070.0,yonden
2019,4,2019-04-15,10:00,3110.0,880.0,2220.0,180.0,－－－－－－－－－－,10.0,1610.0,0.0,110.0,0.0,-470.0,-1430.0,3110.0,yonden
2019,4,2019-04-15,11:00,3080.0,880.0,2180.0,190.0,－－－－－－－－－－,10.0,1700.0,0.0,120.0,0.0,-590.0,-1410.0,3080.0,yonden
2019,4,2019-04-15,12:00,2890.0,880.0,2100.0,170.0,－－－－－－－－－－,10.0,1720.0,0.0,110.0,0.0,-590.0,-1510.0,2890.0,yonden
2019,4,2019-04-15,13:00,3030.0,880.0,2290.0,130.0,－－－－－－－－－－,10.0,1660.0,0.0,100.0,0.0,-390.0,-1650.0,3030.0,yonden
2019,4,2019-04-15,14:00,2950.0,880.0,2280.0,120.0,－－－－－－－－－－,10.0,1460.0,0.0,100.0,0.0,-290.0,-1610.0,2950.0,yonden
2019,4,2019-04-15,15:00,2890.0,880.0,2320.0,140.0,－－－－－－－－－－,10.0,1100.0,0.0,90.0,0.0,-50.0,-1600.0,2890.0,yonden
2019,4,2019-04-15,16:00,2970.0,880.0,2790.0,140.0,－－－－－－－－－－,10.0,680.0,0.0,90.0,0.0,10.0,-1630.0,2970.0,yonden
2019,4,2019-04-15,17:00,3040.0,880.0,2980.0,160.0,－－－－－－－－－－,10.0,290.0,0.0,60.0,0.0,150.0,-1490.0,3040.0,yonden
2019,4,2019-04-15,18:00,3120.0,880.0,3040.0,330.0,－－－－－－－－－－,10.0,20.0,0.0,50.0,0.0,290.0,-1500.0,3120.0,yonden
2019,4,2019-04-15,19:00,3130.0,880.0,3040.0,340.0,－－－－－－－－－－,10.0,0.0,0.0,30.0,0.0,350.0,-1520.0,3130.0,yonden
2019,4,2019-04-15,20:00,3040.0,880.0,3060.0,250.0,－－－－－－－－－－,10.0,0.0,0.0,20.0,0.0,350.0,-1530.0,3040.0,yonden
2019,4,2019-04-15,21:00,2890.0,880.0,3060.0,220.0,－－－－－－－－－－,10.0,0.0,0.0,10.0,0.0,330.0,-1620.0,2890.0,yonden
2019,4,2019-04-15,22:00,2680.0,880.0,3050.0,120.0,－－－－－－－－－－,10.0,0.0,0.0,20.0,0.0,250.0,-1650.0,2680.0,yonden
2019,4,2019-04-15,23:00,2560.0,880.0,2900.0,100.0,－－－－－－－－－－,10.0,0.0,0.0,10.0,0.0,0.0,-1340.0,2560.0,yonden
2019,4,2019-04-16,00:00,2450.0,880.0,2700.0,100.0,－－－－－－－－－－,10.0,0.0,0.0,10.0,0.0,0.0,-1250.0,2450.0,yonden
2019,4,2019-04-16,01:00,2540.0,880.0,2720.0,90.0,－－－－－－－－－－,10.0,0.0,0.0,10.0,0.0,0.0,-1170.0,2540.0,yonden
2019,4,2019-04-16,02:00,2770.0,880.0,2830.0,140.0,－－－－－－－－－－,10.0,0.0,0.0,10.0,0.0,0.0,-1100.0,2770.0,yonden
2019,4,2019-04-16,03:00,3000.0,880.0,3080.0,200.0,－－－－－－－－－－,10.0,0.0,0.0,10.0,0.0,0.0,-1180.0,3000.0,yonden
2019,4,2019-04-16,04:00,3050.0,880.0,3040.0,210.0,－－－－－－－－－－,10.0,0.0,0.0,10.0,0.0,20.0,-1120.0,3050.0,yonden
2019,4,2019-04-16,05:00,3020.0,880.0,3090.0,230.0,－－－－－－－－－－,10.0,10.0,0.0,10.0,0.0,20.0,-1230.0,3020.0,yonden
2019,4,2019-04-16,06:00,2930.0,880.0,2950.0,160.0,－－－－－－－－－－,10.0,210.0,0.0,10.0,0.0,0.0,-1290.0,2930.0,yonden
2019,4,2019-04-16,07:00,2760.0,880.0,2700.0,170.0,－－－－－－－－－－,10.0,530.0,0.0,0.0,0.0,0.0,-1530.0,2760.0,yonden
2019,4,2019-04-16,08:00,2950.0,880.0,2640.0,150.0,－－－－－－－－－－,10.0,930.0,0.0,0.0,0.0,0.0,-1660.0,2950.0,yonden
2019,4,2019-04-16,09:00,3030.0,880.0,2390.0,140.0,－－－－－－－－－－,10.0,1290.0,0.0,0.0,0.0,-30.0,-1650.0,3030.0,yonden
2019,4,2019-04-16,10:00,3030.0,880.0,2270.0,100.0,－－－－－－－－－－,10.0,1550.0,0.0,0.0,0.0,-500.0,-1280.0,3030.0,yonden
2019,4,2019-04-16,11:00,3040.0,880.0,2230.0,100.0,－－－－－－－－－－,10.0,1670.0,0.0,0.0,0.0,-420.0,-1430.0,3040.0,yonden
2019,4,2019-04-16,12:00,2820.0,880.0,2160.0,90.0,－－－－－－－－－－,10.0,1690.0,0.0,10.0,0.0,-290.0,-1730.0,2820.0,yonden
2019,4,2019-04-16,13:00,2990.0,880.0,2150.0,80.0,－－－－－－－－－－,10.0,1580.0,0.0,20.0,0.0,-270.0,-1460.0,2990.0,yonden
2019,4,2019-04-16,14:00,2980.0,880.0,2350.0,90.0,－－－－－－－－－－,10.0,1300.0,0.0,30.0,0.0,0.0,-1680.0,2980.0,yonden
2019,4,2019-04-16,15:00,2950.0,880.0,2710.0,120.0,－－－－－－－－－－,10.0,860.0,0.0,50.0,0.0,0.0,-1680.0,2950.0,yonden
2019,4,2019-04-16,16:00,2880.0,880.0,2770.0,150.0,－－－－－－－－－－,10.0,460.0,0.0,60.0,0.0,0.0,-1450.0,2880.0,yonden
2019,4,2019-04-16,17:00,2980.0,880.0,3000.0,240.0,－－－－－－－－－－,10.0,200.0,0.0,70.0,0.0,60.0,-1480.0,2980.0,yonden
2019,4,2019-04-16,18:00,3120.0,880.0,3070.0,320.0,－－－－－－－－－－,10.0,10.0,0.0,70.0,0.0,250.0,-1490.0,3120.0,yonden
2019,4,2019-04-16,19:00,3120.0,880.0,3090.0,280.0,－－－－－－－－－－,10.0,0.0,0.0,70.0,0.0,230.0,-1440.0,3120.0,yonden
2019,4,2019-04-16,20:00,3010.0,880.0,3070.0,240.0,－－－－－－－－－－,10.0,0.0,0.0,70.0,0.0,240.0,-1500.0,3010.0,yonden
2019,4,2019-04-16,21:00,2830.0,880.0,3100.0,180.0,－－－－－－－－－－,10.0,0.0,0.0,70.0,0.0,70.0,-1480.0,2830.0,yonden
2019,4,2019-04-16,22:00,2630.0,880.0,2870.0,130.0,－－－－－－－－－－,10.0,0.0,0.0,70.0,0.0,0.0,-1330.0,2630.0,yonden
2019,4,2019-04-16,23:00,2530.0,880.0,2670.0,110.0,－－－－－－－－－－,10.0,0.0,0.0,50.0,0.0,0.0,-1190.0,2530.0,yonden
2019,4,2019-04-17,00:00,2440.0,880.0,2550.0,100.0,－－－－－－－－－－,10.0,0.0,0.0,50.0,0.0,0.0,-1150.0,2440.0,yonden
2019,4,2019-04-17,01:00,2510.0,880.0,2560.0,90.0,－－－－－－－－－－,10.0,0.0,0.0,50.0,0.0,0.0,-1080.0,2510.0,yonden
2019,4,2019-04-17,02:00,2730.0,880.0,2740.0,100.0,－－－－－－－－－－,10.0,0.0,0.0,60.0,0.0,0.0,-1060.0,2730.0,yonden
2019,4,2019-04-17,03:00,2950.0,880.0,2820.0,180.0,－－－－－－－－－－,10.0,0.0,0.0,60.0,0.0,0.0,-1000.0,2950.0,yonden
2019,4,2019-04-17,04:00,3000.0,880.0,2790.0,200.0,－－－－－－－－－－,10.0,0.0,0.0,60.0,0.0,20.0,-960.0,3000.0,yonden
2019,4,2019-04-17,05:00,2930.0,880.0,2830.0,200.0,－－－－－－－－－－,10.0,10.0,0.0,40.0,0.0,20.0,-1060.0,2930.0,yonden
2019,4,2019-04-17,06:00,2850.0,880.0,2750.0,180.0,－－－－－－－－－－,10.0,160.0,0.0,40.0,0.0,10.0,-1180.0,2850.0,yonden
2019,4,2019-04-17,07:00,2740.0,880.0,2430.0,160.0,－－－－－－－－－－,10.0,370.0,0.0,20.0,0.0,0.0,-1130.0,2740.0,yonden
2019,4,2019-04-17,08:00,2940.0,880.0,2560.0,140.0,－－－－－－－－－－,10.0,620.0,0.0,20.0,0.0,0.0,-1290.0,2940.0,yonden
2019,4,2019-04-17,09:00,3080.0,880.0,2710.0,120.0,－－－－－－－－－－,10.0,880.0,0.0,20.0,0.0,0.0,-1540.0,3080.0,yonden
2019,4,2019-04-17,10:00,3030.0,880.0,2420.0,110.0,－－－－－－－－－－,10.0,1310.0,0.0,20.0,0.0,0.0,-1720.0,3030.0,yonden
2019,4,2019-04-17,11:00,3040.0,880.0,2230.0,100.0,－－－－－－－－－－,10.0,1520.0,0.0,10.0,0.0,-180.0,-1530.0,3040.0,yonden
2019,4,2019-04-17,12:00,2810.0,880.0,2320.0,100.0,－－－－－－－－－－,10.0,1560.0,0.0,20.0,0.0,-570.0,-1510.0,2810.0,yonden
2019,4,2019-04-17,13:00,3000.0,880.0,2320.0,90.0,－－－－－－－－－－,10.0,1380.0,0.0,10.0,0.0,-380.0,-1310.0,3000.0,yonden
2019,4,2019-04-17,14:00,2930.0,880.0,2500.0,130.0,－－－－－－－－－－,10.0,1010.0,0.0,10.0,0.0,0.0,-1610.0,2930.0,yonden
2019,4,2019-04-17,15:00,2830.0,880.0,2720.0,130.0,－－－－－－－－－－,10.0,630.0,0.0,10.0,0.0,0.0,-1550.0,2830.0,yonden
2019,4,2019-04-17,16:00,2820.0,880.0,2910.0,150.0,－－－－－－－－－－,10.0,290.0,0.0,0.0,0.0,0.0,-1420.0,2820.0,yonden
2019,4,2019-04-17,17:00,2850.0,880.0,2830.0,210.0,－－－－－－－－－－,10.0,130.0,0.0,10.0,0.0,40.0,-1260.0,2850.0,yonden
2019,4,2019-04-17,18:00,3030.0,880.0,2810.0,290.0,－－－－－－－－－－,10.0,10.0,0.0,10.0,0.0,300.0,-1280.0,3030.0,yonden
2019,4,2019-04-17,19:00,3070.0,880.0,2840.0,270.0,－－－－－－－－－－,10.0,0.0,0.0,10.0,0.0,340.0,-1280.0,3070.0,yonden
2019,4,2019-04-17,20:00,2950.0,880.0,2870.0,200.0,－－－－－－－－－－,10.0,0.0,0.0,10.0,0.0,310.0,-1330.0,2950.0,yonden
2019,4,2019-04-17,21:00,2780.0,880.0,2850.0,150.0,－－－－－－－－－－,10.0,0.0,0.0,10.0,0.0,170.0,-1290.0,2780.0,yonden
2019,4,2019-04-17,22:00,2590.0,880.0,2820.0,120.0,－－－－－－－－－－,10.0,0.0,0.0,10.0,0.0,0.0,-1250.0,2590.0,yonden
2019,4,2019-04-17,23:00,2510.0,880.0,2750.0,130.0,－－－－－－－－－－,10.0,0.0,0.0,10.0,0.0,0.0,-1270.0,2510.0,yonden
2019,4,2019-04-18,00:00,2420.0,880.0,2630.0,100.0,－－－－－－－－－－,10.0,0.0,0.0,10.0,0.0,0.0,-1210.0,2420.0,yonden
2019,4,2019-04-18,01:00,2490.0,880.0,2660.0,90.0,－－－－－－－－－－,10.0,0.0,0.0,10.0,0.0,0.0,-1160.0,2490.0,yonden
2019,4,2019-04-18,02:00,2730.0,880.0,2730.0,100.0,－－－－－－－－－－,10.0,0.0,0.0,10.0,0.0,120.0,-1120.0,2730.0,yonden
2019,4,2019-04-18,03:00,2950.0,880.0,2730.0,120.0,－－－－－－－－－－,10.0,0.0,0.0,10.0,0.0,250.0,-1050.0,2950.0,yonden
2019,4,2019-04-18,04:00,3010.0,880.0,2760.0,160.0,－－－－－－－－－－,10.0,0.0,0.0,10.0,0.0,170.0,-980.0,3010.0,yonden
2019,4,2019-04-18,05:00,2940.0,880.0,2790.0,200.0,－－－－－－－－－－,10.0,20.0,0.0,0.0,0.0,40.0,-1000.0,2940.0,yonden
2019,4,2019-04-18,06:00,2870.0,880.0,2590.0,230.0,－－－－－－－－－－,10.0,260.0,0.0,10.0,0.0,20.0,-1130.0,2870.0,yonden
2019,4,2019-04-18,07:00,2670.0,880.0,2250.0,160.0,－－－－－－－－－－,10.0,640.0,0.0,0.0,0.0,0.0,-1270.0,2670.0,yonden
2019,4,2019-04-18,08:00,2820.0,880.0,2190.0,110.0,－－－－－－－－－－,10.0,1020.0,0.0,0.0,0.0,-30.0,-1360.0,2820.0,yonden
2019,4,2019-04-18,09:00,2920.0,880.0,2210.0,110.0,－－－－－－－－－－,10.0,1360.0,0.0,0.0,0.0,-300.0,-1350.0,2920.0,yonden
2019,4,2019-04-18,10:00,2960.0,880.0,2270.0,110.0,－－－－－－－－－－,10.0,1580.0,0.0,0.0,0.0,-570.0,-1320.0,2960.0,yonden
2019,4,2019-04-18,11:00,3000.0,880.0,2230.0,100.0,－－－－－－－－－－,10.0,1690.0,0.0,0.0,0.0,-580.0,-1330.0,3000.0,yonden
2019,4,2019-04-18,12:00,2820.0,880.0,2240.0,100.0,－－－－－－－－－－,10.0,1710.0,0.0,10.0,0.0,-580.0,-1550.0,2820.0,yonden
2019,4,2019-04-18,13:00,2980.0,880.0,2310.0,100.0,－－－－－－－－－－,10.0,1630.0,0.0,10.0,0.0,-540.0,-1420.0,2980.0,yonden
2019,4,2019-04-18,14:00,2960.0,880.0,2090.0,100.0,－－－－－－－－－－,10.0,1410.0,0.0,20.0,0.0,-170.0,-1380.0,2960.0,yonden
2019,4,2019-04-18,15:00,2920.0,880.0,2300.0,100.0,－－－－－－－－－－,10.0,1040.0,0.0,30.0,0.0,0.0,-1440.0,2920.0,yonden
2019,4,2019-04-18,16:00,3000.0,880.0,2690.0,170.0,－－－－－－－－－－,10.0,630.0,0.0,50.0,0.0,0.0,-1430.0,3000.0,yonden
2019,4,2019-04-18,17:00,3000.0,880.0,2880.0,210.0,－－－－－－－－－－,10.0,250.0,0.0,60.0,0.0,210.0,-1500.0,3000.0,yonden
2019,4,2019-04-18,18:00,3050.0,880.0,2940.0,290.0,－－－－－－－－－－,10.0,20.0,0.0,60.0,0.0,330.0,-1480.0,3050.0,yonden
2019,4,2019-04-18,19:00,3030.0,880.0,2990.0,270.0,－－－－－－－－－－,10.0,0.0,0.0,60.0,0.0,340.0,-1520.0,3030.0,yonden
2019,4,2019-04-18,20:00,2910.0,880.0,2940.0,220.0,－－－－－－－－－－,10.0,0.0,0.0,50.0,0.0,320.0,-1510.0,2910.0,yonden
2019,4,2019-04-18,21:00,2740.0,880.0,2860.0,170.0,－－－－－－－－－－,10.0,0.0,0.0,50.0,0.0,280.0,-1510.0,2740.0,yonden
2019,4,2019-04-18,22:00,2540.0,880.0,2920.0,100.0,－－－－－－－－－－,10.0,0.0,0.0,30.0,0.0,10.0,-1410.0,2540.0,yonden
2019,4,2019-04-18,23:00,2450.0,880.0,2740.0,90.0,－－－－－－－－－－,10.0,0.0,0.0,20.0,0.0,0.0,-1290.0,2450.0,yonden
2019,4,2019-04-19,00:00,2360.0,880.0,2540.0,90.0,－－－－－－－－－－,10.0,0.0,0.0,10.0,0.0,0.0,-1170.0,2360.0,yonden
2019,4,2019-04-19,01:00,2410.0,880.0,2520.0,80.0,－－－－－－－－－－,10.0,0.0,0.0,0.0,0.0,0.0,-1080.0,2410.0,yonden
2019,4,2019-04-19,02:00,2630.0,880.0,2680.0,110.0,－－－－－－－－－－,10.0,0.0,0.0,0.0,0.0,20.0,-1070.0,2630.0,yonden
2019,4,2019-04-19,03:00,2860.0,880.0,2760.0,190.0,－－－－－－－－－－,10.0,0.0,0.0,0.0,0.0,150.0,-1130.0,2860.0,yonden
2019,4,2019-04-19,04:00,2910.0,880.0,2760.0,180.0,－－－－－－－－－－,10.0,0.0,0.0,0.0,0.0,140.0,-1060.0,2910.0,yonden
2019,4,2019-04-19,05:00,2830.0,880.0,2710.0,150.0,－－－－－－－－－－,10.0,20.0,0.0,10.0,0.0,140.0,-1090.0,2830.0,yonden
2019,4,2019-04-19,06:00,2750.0,880.0,2570.0,150.0,－－－－－－－－－－,10.0,230.0,0.0,20.0,0.0,30.0,-1140.0,2750.0,yonden
2019,4,2019-04-19,07:00,2640.0,880.0,2350.0,120.0,－－－－－－－－－－,10.0,560.0,0.0,40.0,0.0,0.0,-1320.0,2640.0,yonden
2019,4,2019-04-19,08:00,2860.0,880.0,2400.0,120.0,－－－－－－－－－－,10.0,940.0,0.0,40.0,0.0,0.0,-1530.0,2860.0,yonden
2019,4,2019-04-19,09:00,2960.0,880.0,2320.0,110.0,－－－－－－－－－－,10.0,1260.0,0.0,50.0,0.0,0.0,-1670.0,2960.0,yonden
2019,4,2019-04-19,10:00,3020.0,880.0,2150.0,120.0,－－－－－－－－－－,10.0,1510.0,0.0,50.0,0.0,-20.0,-1680.0,3020.0,yonden
2019,4,2019-04-19,11:00,3040.0,880.0,2160.0,160.0,－－－－－－－－－－,10.0,1590.0,0.0,40.0,0.0,-470.0,-1330.0,3040.0,yonden
2019,4,2019-04-19,12:00,2830.0,880.0,2130.0,120.0,－－－－－－－－－－,10.0,1590.0,0.0,30.0,0.0,-570.0,-1360.0,2830.0,yonden
2019,4,2019-04-19,13:00,3000.0,880.0,2050.0,130.0,－－－－－－－－－－,10.0,1530.0,0.0,20.0,0.0,-270.0,-1350.0,3000.0,yonden
2019,4,2019-04-19,14:00,2980.0,880.0,2140.0,100.0,－－－－－－－－－－,10.0,1180.0,0.0,40.0,0.0,-250.0,-1120.0,2980.0,yonden
2019,4,2019-04-19,15:00,2950.0,880.0,2290.0,130.0,－－－－－－－－－－,10.0,740.0,0.0,40.0,0.0,10.0,-1150.0,2950.0,yonden
2019,4,2019-04-19,16:00,2970.0,880.0,2660.0,150.0,－－－－－－－－－－,10.0,340.0,0.0,50.0,0.0,20.0,-1140.0,2970.0,yonden
2019,4,2019-04-19,17:00,2950.0,880.0,2800.0,180.0,－－－－－－－－－－,10.0,140.0,0.0,70.0,0.0,190.0,-1320.0,2950.0,yonden
2019,4,2019-04-19,18:00,3020.0,880.0,2970.0,260.0,－－－－－－－－－－,10.0,10.0,0.0,70.0,0.0,340.0,-1520.0,3020.0,yonden
2019,4,2019-04-19,19:00,2990.0,880.0,3030.0,290.0,－－－－－－－－－－,10.0,0.0,0.0,50.0,0.0,330.0,-1600.0,2990.0,yonden
2019,4,2019-04-19,20:00,2860.0,880.0,3020.0,260.0,－－－－－－－－－－,10.0,0.0,0.0,50.0,0.0,320.0,-1680.0,2860.0,yonden
2019,4,2019-04-19,21:00,2690.0,880.0,2870.0,160.0,－－－－－－－－－－,10.0,0.0,0.0,60.0,0.0,160.0,-1450.0,2690.0,yonden
2019,4,2019-04-19,22:00,2510.0,880.0,2860.0,80.0,－－－－－－－－－－,10.0,0.0,0.0,60.0,0.0,0.0,-1380.0,2510.0,yonden
2019,4,2019-04-19,23:00,2420.0,880.0,2670.0,90.0,－－－－－－－－－－,10.0,0.0,0.0,60.0,0.0,0.0,-1290.0,2420.0,yonden
2019,4,2019-04-20,00:00,2330.0,880.0,2480.0,100.0,－－－－－－－－－－,10.0,0.0,0.0,50.0,0.0,0.0,-1190.0,2330.0,yonden
2019,4,2019-04-20,01:00,2360.0,880.0,2420.0,90.0,－－－－－－－－－－,10.0,0.0,0.0,30.0,0.0,0.0,-1070.0,2360.0,yonden
2019,4,2019-04-20,02:00,2570.0,880.0,2470.0,130.0,－－－－－－－－－－,10.0,0.0,0.0,50.0,0.0,10.0,-980.0,2570.0,yonden
2019,4,2019-04-20,03:00,2810.0,880.0,2450.0,150.0,－－－－－－－－－－,10.0,0.0,0.0,40.0,0.0,200.0,-920.0,2810.0,yonden
2019,4,2019-04-20,04:00,2880.0,880.0,2440.0,130.0,－－－－－－－－－－,10.0,0.0,0.0,40.0,0.0,280.0,-900.0,2880.0,yonden
2019,4,2019-04-20,05:00,2740.0,880.0,2360.0,160.0,－－－－－－－－－－,10.0,20.0,0.0,30.0,0.0,140.0,-860.0,2740.0,yonden
2019,4,2019-04-20,06:00,2520.0,880.0,2070.0,170.0,－－－－－－－－－－,10.0,230.0,0.0,30.0,0.0,10.0,-880.0,2520.0,yonden
2019,4,2019-04-20,07:00,2370.0,880.0,1590.0,170.0,－－－－－－－－－－,10.0,570.0,0.0,20.0,0.0,0.0,-870.0,2370.0,yonden
2019,4,2019-04-20,08:00,2480.0,880.0,1480.0,180.0,－－－－－－－－－－,10.0,950.0,0.0,10.0,0.0,0.0,-1030.0,2480.0,yonden
2019,4,2019-04-20,09:00,2530.0,880.0,1370.0,140.0,－－－－－－－－－－,10.0,1320.0,0.0,0.0,0.0,-250.0,-940.0,2530.0,yonden
2019,4,2019-04-20,10:00,2570.0,880.0,1410.0,110.0,－－－－－－－－－－,10.0,1590.0,0.0,0.0,0.0,-550.0,-880.0,2570.0,yonden
2019,4,2019-04-20,11:00,2600.0,880.0,1510.0,100.0,－－－－－－－－－－,10.0,1680.0,0.0,10.0,0.0,-600.0,-990.0,2600.0,yonden
2019,4,2019-04-20,12:00,2540.0,880.0,1500.0,100.0,－－－－－－－－－－,10.0,1690.0,0.0,10.0,0.0,-590.0,-1060.0,2540.0,yonden
2019,4,2019-04-20,13:00,2580.0,880.0,1430.0,100.0,－－－－－－－－－－,10.0,1590.0,0.0,20.0,0.0,-590.0,-860.0,2580.0,yonden
2019,4,2019-04-20,14:00,2510.0,880.0,1430.0,110.0,－－－－－－－－－－,10.0,1320.0,0.0,30.0,0.0,-320.0,-950.0,2510.0,yonden
2019,4,2019-04-20,15:00,2470.0,880.0,1550.0,120.0,－－－－－－－－－－,10.0,930.0,0.0,50.0,0.0,-270.0,-800.0,2470.0,yonden
2019,4,2019-04-20,16:00,2550.0,880.0,1850.0,200.0,－－－－－－－－－－,10.0,550.0,0.0,70.0,0.0,0.0,-1010.0,2550.0,yonden
2019,4,2019-04-20,17:00,2640.0,880.0,2380.0,140.0,－－－－－－－－－－,10.0,220.0,0.0,80.0,0.0,300.0,-1370.0,2640.0,yonden
2019,4,2019-04-20,18:00,2720.0,880.0,2500.0,230.0,－－－－－－－－－－,10.0,20.0,0.0,80.0,0.0,310.0,-1310.0,2720.0,yonden
2019,4,2019-04-20,19:00,2730.0,880.0,2480.0,220.0,－－－－－－－－－－,10.0,0.0,0.0,80.0,0.0,300.0,-1240.0,2730.0,yonden
2019,4,2019-04-20,20:00,2650.0,880.0,2540.0,170.0,－－－－－－－－－－,10.0,0.0,0.0,70.0,0.0,290.0,-1310.0,2650.0,yonden
2019,4,2019-04-20,21:00,2510.0,880.0,2450.0,180.0,－－－－－－－－－－,10.0,0.0,0.0,70.0,0.0,210.0,-1290.0,2510.0,yonden
2019,4,2019-04-20,22:00,2340.0,880.0,2340.0,140.0,－－－－－－－－－－,10.0,0.0,0.0,50.0,0.0,130.0,-1210.0,2340.0,yonden
2019,4,2019-04-20,23:00,2250.0,880.0,2270.0,100.0,－－－－－－－－－－,10.0,0.0,0.0,30.0,0.0,0.0,-1040.0,2250.0,yonden
2019,4,2019-04-21,00:00,2160.0,880.0,2140.0,80.0,－－－－－－－－－－,10.0,0.0,0.0,20.0,0.0,0.0,-970.0,2160.0,yonden
2019,4,2019-04-21,01:00,2200.0,880.0,2110.0,90.0,－－－－－－－－－－,10.0,0.0,0.0,10.0,0.0,0.0,-900.0,2200.0,yonden
2019,4,2019-04-21,02:00,2420.0,880.0,2260.0,110.0,－－－－－－－－－－,10.0,0.0,0.0,10.0,0.0,40.0,-890.0,2420.0,yonden
2019,4,2019-04-21,03:00,2640.0,880.0,2220.0,120.0,－－－－－－－－－－,10.0,0.0,0.0,10.0,0.0,260.0,-860.0,2640.0,yonden
2019,4,2019-04-21,04:00,2700.0,880.0,2230.0,150.0,－－－－－－－－－－,10.0,0.0,0.0,10.0,0.0,250.0,-830.0,2700.0,yonden
2019,4,2019-04-21,05:00,2570.0,880.0,1770.0,140.0,－－－－－－－－－－,10.0,20.0,0.0,20.0,0.0,160.0,-430.0,2570.0,yonden
2019,4,2019-04-21,06:00,2290.0,880.0,1420.0,130.0,－－－－－－－－－－,10.0,210.0,0.0,10.0,0.0,0.0,-370.0,2290.0,yonden
2019,4,2019-04-21,07:00,2080.0,880.0,1310.0,160.0,－－－－－－－－－－,10.0,490.0,0.0,0.0,0.0,-120.0,-650.0,2080.0,yonden
2019,4,2019-04-21,08:00,2110.0,880.0,1260.0,110.0,－－－－－－－－－－,10.0,860.0,0.0,0.0,0.0,-280.0,-730.0,2110.0,yonden
2019,4,2019-04-21,09:00,2140.0,880.0,1190.0,120.0,－－－－－－－－－－,10.0,1210.0,0.0,0.0,0.0,-570.0,-700.0,2140.0,yonden
2019,4,2019-04-21,10:00,2180.0,880.0,1170.0,100.0,－－－－－－－－－－,10.0,1460.0,0.0,0.0,0.0,-590.0,-850.0,2180.0,yonden
2019,4,2019-04-21,11:00,2220.0,880.0,1180.0,100.0,－－－－－－－－－－,10.0,1600.0,0.0,0.0,0.0,-590.0,-960.0,2220.0,yonden
2019,4,2019-04-21,12:00,2270.0,880.0,1230.0,100.0,－－－－－－－－－－,10.0,1620.0,0.0,10.0,0.0,-590.0,-990.0,2270.0,yonden
2019,4,2019-04-21,13:00,2280.0,880.0,1270.0,120.0,－－－－－－－－－－,10.0,1460.0,0.0,10.0,0.0,-580.0,-890.0,2280.0,yonden
2019,4,2019-04-21,14:00,2240.0,880.0,1260.0,110.0,－－－－－－－－－－,10.0,1130.0,0.0,10.0,0.0,-410.0,-750.0,2240.0,yonden
2019,4,2019-04-21,15:00,2240.0,880.0,1310.0,120.0,－－－－－－－－－－,10.0,790.0,0.0,0.0,0.0,-170.0,-700.0,2240.0,yonden
2019,4,2019-04-21,16:00,2290.0,880.0,1470.0,170.0,－－－－－－－－－－,10.0,440.0,0.0,0.0,0.0,10.0,-690.0,2290.0,yonden
2019,4,2019-04-21,17:00,2450.0,880.0,1970.0,210.0,－－－－－－－－－－,10.0,160.0,0.0,10.0,0.0,20.0,-810.0,2450.0,yonden
2019,4,2019-04-21,18:00,2600.0,880.0,2500.0,240.0,－－－－－－－－－－,10.0,10.0,0.0,10.0,0.0,180.0,-1230.0,2600.0,yonden
2019,4,2019-04-21,19:00,2640.0,880.0,2580.0,220.0,－－－－－－－－－－,10.0,0.0,0.0,10.0,0.0,280.0,-1340.0,2640.0,yonden
2019,4,2019-04-21,20:00,2530.0,880.0,2580.0,170.0,－－－－－－－－－－,10.0,0.0,0.0,10.0,0.0,220.0,-1340.0,2530.0,yonden
2019,4,2019-04-21,21:00,2390.0,880.0,2520.0,160.0,－－－－－－－－－－,10.0,0.0,0.0,10.0,0.0,110.0,-1300.0,2390.0,yonden
2019,4,2019-04-21,22:00,2230.0,880.0,2120.0,150.0,－－－－－－－－－－,10.0,0.0,0.0,10.0,0.0,0.0,-940.0,2230.0,yonden
2019,4,2019-04-21,23:00,2150.0,880.0,1830.0,100.0,－－－－－－－－－－,10.0,0.0,0.0,0.0,0.0,0.0,-670.0,2150.0,yonden
2019,4,2019-04-22,00:00,2090.0,880.0,1790.0,80.0,－－－－－－－－－－,10.0,0.0,0.0,0.0,0.0,0.0,-670.0,2090.0,yonden
2019,4,2019-04-22,01:00,2140.0,880.0,1840.0,80.0,－－－－－－－－－－,10.0,0.0,0.0,0.0,0.0,0.0,-670.0,2140.0,yonden
2019,4,2019-04-22,02:00,2340.0,880.0,2060.0,90.0,－－－－－－－－－－,10.0,0.0,0.0,0.0,0.0,40.0,-740.0,2340.0,yonden
2019,4,2019-04-22,03:00,2580.0,880.0,2160.0,130.0,－－－－－－－－－－,10.0,0.0,0.0,0.0,0.0,320.0,-920.0,2580.0,yonden
2019,4,2019-04-22,04:00,2660.0,880.0,2180.0,200.0,－－－－－－－－－－,10.0,0.0,0.0,10.0,0.0,330.0,-950.0,2660.0,yonden
2019,4,2019-04-22,05:00,2600.0,880.0,2230.0,210.0,－－－－－－－－－－,10.0,10.0,0.0,10.0,0.0,130.0,-880.0,2600.0,yonden
2019,4,2019-04-22,06:00,2450.0,880.0,2000.0,140.0,－－－－－－－－－－,10.0,160.0,0.0,10.0,0.0,0.0,-750.0,2450.0,yonden
2019,4,2019-04-22,07:00,2430.0,880.0,2030.0,140.0,－－－－－－－－－－,10.0,410.0,0.0,0.0,0.0,0.0,-1040.0,2430.0,yonden
2019,4,2019-04-22,08:00,2720.0,880.0,2370.0,140.0,－－－－－－－－－－,10.0,800.0,0.0,10.0,0.0,0.0,-1490.0,2720.0,yonden
2019,4,2019-04-22,09:00,2920.0,880.0,2190.0,150.0,－－－－－－－－－－,10.0,1220.0,0.0,10.0,0.0,-280.0,-1260.0,2920.0,yonden
2019,4,2019-04-22,10:00,3000.0,880.0,2130.0,100.0,－－－－－－－－－－,10.0,1500.0,0.0,0.0,0.0,-300.0,-1320.0,3000.0,yonden
2019,4,2019-04-22,11:00,3050.0,880.0,1910.0,100.0,－－－－－－－－－－,10.0,1640.0,0.0,0.0,0.0,-300.0,-1190.0,3050.0,yonden
2019,4,2019-04-22,12:00,2890.0,880.0,1610.0,110.0,－－－－－－－－－－,10.0,1670.0,0.0,10.0,0.0,-300.0,-1100.0,2890.0,yonden
2019,4,2019-04-22,13:00,3070.0,880.0,2190.0,140.0,－－－－－－－－－－,10.0,1570.0,0.0,10.0,0.0,-280.0,-1450.0,3070.0,yonden
2019,4,2019-04-22,14:00,3060.0,880.0,2430.0,70.0,－－－－－－－－－－,10.0,1340.0,0.0,10.0,0.0,-270.0,-1410.0,3060.0,yonden
2019,4,2019-04-22,15:00,3030.0,880.0,2710.0,110.0,－－－－－－－－－－,10.0,1010.0,0.0,0.0,0.0,0.0,-1690.0,3030.0,yonden
2019,4,2019-04-22,16:00,3090.0,880.0,2790.0,150.0,－－－－－－－－－－,10.0,620.0,0.0,0.0,0.0,0.0,-1360.0,3090.0,yonden
2019,4,2019-04-22,17:00,3060.0,880.0,3030.0,220.0,－－－－－－－－－－,10.0,250.0,0.0,0.0,0.0,10.0,-1340.0,3060.0,yonden
2019,4,2019-04-22,18:00,3050.0,880.0,3110.0,340.0,－－－－－－－－－－,10.0,20.0,0.0,0.0,0.0,0.0,-1310.0,3050.0,yonden
2019,4,2019-04-22,19:00,3010.0,880.0,3200.0,340.0,－－－－－－－－－－,10.0,0.0,0.0,0.0,0.0,40.0,-1460.0,3010.0,yonden
2019,4,2019-04-22,20:00,2870.0,880.0,3280.0,240.0,－－－－－－－－－－,10.0,0.0,0.0,0.0,0.0,0.0,-1540.0,2870.0,yonden
2019,4,2019-04-22,21:00,2690.0,880.0,3170.0,210.0,－－－－－－－－－－,10.0,0.0,0.0,0.0,0.0,0.0,-1580.0,2690.0,yonden
2019,4,2019-04-22,22:00,2480.0,880.0,2780.0,140.0,－－－－－－－－－－,10.0,0.0,0.0,0.0,0.0,0.0,-1330.0,2480.0,yonden
2019,4,2019-04-22,23:00,2400.0,880.0,2670.0,80.0,－－－－－－－－－－,10.0,0.0,0.0,0.0,0.0,0.0,-1240.0,2400.0,yonden
2019,4,2019-04-23,00:00,2310.0,880.0,2530.0,80.0,－－－－－－－－－－,10.0,0.0,0.0,0.0,0.0,0.0,-1190.0,2310.0,yonden
2019,4,2019-04-23,01:00,2340.0,880.0,2540.0,70.0,－－－－－－－－－－,10.0,0.0,0.0,0.0,0.0,0.0,-1160.0,2340.0,yonden
2019,4,2019-04-23,02:00,2520.0,880.0,2630.0,70.0,－－－－－－－－－－,10.0,0.0,0.0,0.0,0.0,0.0,-1070.0,2520.0,yonden
2019,4,2019-04-23,03:00,2730.0,880.0,2770.0,170.0,－－－－－－－－－－,10.0,0.0,0.0,0.0,0.0,0.0,-1100.0,2730.0,yonden
2019,4,2019-04-23,04:00,2820.0,880.0,2810.0,180.0,－－－－－－－－－－,10.0,0.0,0.0,0.0,0.0,0.0,-1060.0,2820.0,yonden
2019,4,2019-04-23,05:00,2760.0,880.0,2780.0,160.0,－－－－－－－－－－,10.0,20.0,0.0,0.0,0.0,0.0,-1090.0,2760.0,yonden
2019,4,2019-04-23,06:00,2510.0,880.0,2600.0,140.0,－－－－－－－－－－,10.0,160.0,0.0,0.0,0.0,0.0,-1280.0,2510.0,yonden
2019,4,2019-04-23,07:00,2410.0,880.0,2410.0,140.0,－－－－－－－－－－,10.0,380.0,0.0,10.0,0.0,0.0,-1420.0,2410.0,yonden
2019,4,2019-04-23,08:00,2800.0,880.0,2770.0,100.0,－－－－－－－－－－,10.0,660.0,0.0,10.0,0.0,0.0,-1630.0,2800.0,yonden
2019,4,2019-04-23,09:00,2980.0,880.0,2760.0,100.0,－－－－－－－－－－,10.0,1000.0,0.0,20.0,0.0,0.0,-1790.0,2980.0,yonden
2019,4,2019-04-23,10:00,3060.0,880.0,2510.0,80.0,－－－－－－－－－－,10.0,1200.0,0.0,30.0,0.0,0.0,-1650.0,3060.0,yonden
2019,4,2019-04-23,11:00,3160.0,880.0,2590.0,70.0,－－－－－－－－－－,10.0,1150.0,0.0,20.0,0.0,0.0,-1560.0,3160.0,yonden
2019,4,2019-04-23,12:00,3000.0,880.0,2840.0,90.0,－－－－－－－－－－,10.0,870.0,0.0,30.0,0.0,0.0,-1720.0,3000.0,yonden
2019,4,2019-04-23,13:00,3150.0,880.0,3170.0,150.0,－－－－－－－－－－,10.0,650.0,0.0,50.0,0.0,110.0,-1870.0,3150.0,yonden
2019,4,2019-04-23,14:00,3130.0,880.0,3250.0,130.0,－－－－－－－－－－,10.0,440.0,0.0,70.0,0.0,70.0,-1720.0,3130.0,yonden
2019,4,2019-04-23,15:00,3070.0,880.0,3350.0,160.0,－－－－－－－－－－,10.0,140.0,0.0,60.0,0.0,30.0,-1560.0,3070.0,yonden
2019,4,2019-04-23,16:00,3110.0,880.0,3300.0,150.0,－－－－－－－－－－,10.0,50.0,0.0,70.0,0.0,20.0,-1370.0,3110.0,yonden
2019,4,2019-04-23,17:00,3110.0,880.0,3350.0,200.0,－－－－－－－－－－,10.0,20.0,0.0,110.0,0.0,60.0,-1520.0,3110.0,yonden
2019,4,2019-04-23,18:00,3140.0,880.0,3350.0,270.0,－－－－－－－－－－,10.0,0.0,0.0,110.0,0.0,220.0,-1700.0,3140.0,yonden
2019,4,2019-04-23,19:00,3040.0,880.0,3360.0,200.0,－－－－－－－－－－,10.0,0.0,0.0,120.0,0.0,140.0,-1670.0,3040.0,yonden
2019,4,2019-04-23,20:00,2880.0,880.0,3310.0,160.0,－－－－－－－－－－,10.0,0.0,0.0,130.0,0.0,80.0,-1690.0,2880.0,yonden
2019,4,2019-04-23,21:00,2710.0,880.0,3050.0,100.0,－－－－－－－－－－,10.0,0.0,0.0,140.0,0.0,0.0,-1470.0,2710.0,yonden
2019,4,2019-04-23,22:00,2530.0,880.0,2750.0,90.0,－－－－－－－－－－,10.0,0.0,0.0,130.0,0.0,0.0,-1330.0,2530.0,yonden
2019,4,2019-04-23,23:00,2430.0,880.0,2630.0,90.0,－－－－－－－－－－,10.0,0.0,0.0,120.0,0.0,0.0,-1300.0,2430.0,yonden
2019,4,2019-04-24,00:00,2350.0,880.0,2610.0,80.0,－－－－－－－－－－,10.0,0.0,0.0,110.0,0.0,0.0,-1340.0,2350.0,yonden
2019,4,2019-04-24,01:00,2370.0,880.0,2520.0,80.0,－－－－－－－－－－,10.0,0.0,0.0,110.0,0.0,0.0,-1230.0,2370.0,yonden
2019,4,2019-04-24,02:00,2560.0,880.0,2610.0,90.0,－－－－－－－－－－,10.0,0.0,0.0,110.0,0.0,0.0,-1140.0,2560.0,yonden
2019,4,2019-04-24,03:00,2770.0,880.0,2700.0,140.0,－－－－－－－－－－,10.0,0.0,0.0,120.0,0.0,0.0,-1080.0,2770.0,yonden
2019,4,2019-04-24,04:00,2830.0,880.0,2670.0,170.0,－－－－－－－－－－,10.0,0.0,0.0,120.0,0.0,0.0,-1020.0,2830.0,yonden
2019,4,2019-04-24,05:00,2750.0,880.0,2610.0,160.0,－－－－－－－－－－,10.0,10.0,0.0,110.0,0.0,0.0,-1030.0,2750.0,yonden
2019,4,2019-04-24,06:00,2640.0,880.0,2610.0,150.0,－－－－－－－－－－,10.0,70.0,0.0,120.0,0.0,0.0,-1200.0,2640.0,yonden
2019,4,2019-04-24,07:00,2600.0,880.0,2650.0,160.0,－－－－－－－－－－,10.0,130.0,0.0,120.0,0.0,0.0,-1350.0,2600.0,yonden
2019,4,2019-04-24,08:00,2930.0,880.0,2840.0,160.0,－－－－－－－－－－,10.0,170.0,0.0,120.0,0.0,0.0,-1250.0,2930.0,yonden
2019,4,2019-04-24,09:00,3170.0,880.0,2890.0,180.0,－－－－－－－－－－,10.0,250.0,0.0,110.0,0.0,0.0,-1150.0,3170.0,yonden
2019,4,2019-04-24,10:00,3230.0,880.0,2790.0,170.0,－－－－－－－－－－,10.0,420.0,0.0,120.0,0.0,0.0,-1160.0,3230.0,yonden
2019,4,2019-04-24,11:00,3260.0,880.0,2760.0,200.0,－－－－－－－－－－,10.0,490.0,0.0,100.0,0.0,0.0,-1180.0,3260.0,yonden
2019,4,2019-04-24,12:00,3090.0,880.0,2780.0,180.0,－－－－－－－－－－,10.0,420.0,0.0,100.0,0.0,0.0,-1280.0,3090.0,yonden
2019,4,2019-04-24,13:00,3210.0,880.0,2830.0,200.0,－－－－－－－－－－,10.0,340.0,0.0,80.0,0.0,0.0,-1130.0,3210.0,yonden
2019,4,2019-04-24,14:00,3130.0,880.0,2850.0,210.0,－－－－－－－－－－,10.0,180.0,0.0,60.0,0.0,10.0,-1070.0,3130.0,yonden
2019,4,2019-04-24,15:00,3100.0,880.0,2940.0,210.0,－－－－－－－－－－,10.0,80.0,0.0,50.0,0.0,30.0,-1100.0,3100.0,yonden
2019,4,2019-04-24,16:00,3150.0,880.0,2930.0,230.0,－－－－－－－－－－,10.0,40.0,0.0,30.0,0.0,40.0,-1010.0,3150.0,yonden
2019,4,2019-04-24,17:00,3130.0,880.0,2970.0,270.0,－－－－－－－－－－,10.0,20.0,0.0,20.0,0.0,200.0,-1240.0,3130.0,yonden
2019,4,2019-04-24,18:00,3110.0,880.0,2920.0,280.0,－－－－－－－－－－,10.0,0.0,0.0,10.0,0.0,180.0,-1170.0,3110.0,yonden
2019,4,2019-04-24,19:00,3020.0,880.0,2850.0,240.0,－－－－－－－－－－,10.0,0.0,0.0,10.0,0.0,30.0,-1000.0,3020.0,yonden
2019,4,2019-04-24,20:00,2870.0,880.0,2780.0,200.0,－－－－－－－－－－,10.0,0.0,0.0,10.0,0.0,20.0,-1030.0,2870.0,yonden
2019,4,2019-04-24,21:00,2690.0,880.0,2560.0,200.0,－－－－－－－－－－,10.0,0.0,0.0,10.0,0.0,10.0,-980.0,2690.0,yonden
2019,4,2019-04-24,22:00,2500.0,880.0,2430.0,170.0,－－－－－－－－－－,10.0,0.0,0.0,0.0,0.0,0.0,-990.0,2500.0,yonden
2019,4,2019-04-24,23:00,2410.0,880.0,2410.0,150.0,－－－－－－－－－－,10.0,0.0,0.0,10.0,0.0,0.0,-1050.0,2410.0,yonden
2019,4,2019-04-25,00:00,2320.0,880.0,2460.0,150.0,－－－－－－－－－－,10.0,0.0,0.0,10.0,0.0,0.0,-1190.0,2320.0,yonden
2019,4,2019-04-25,01:00,2350.0,880.0,2460.0,150.0,－－－－－－－－－－,10.0,0.0,0.0,20.0,0.0,20.0,-1190.0,2350.0,yonden
2019,4,2019-04-25,02:00,2530.0,880.0,2610.0,190.0,－－－－－－－－－－,10.0,0.0,0.0,20.0,0.0,30.0,-1210.0,2530.0,yonden
2019,4,2019-04-25,03:00,2760.0,880.0,2710.0,230.0,－－－－－－－－－－,10.0,0.0,0.0,20.0,0.0,150.0,-1240.0,2760.0,yonden
2019,4,2019-04-25,04:00,2830.0,880.0,2650.0,210.0,－－－－－－－－－－,10.0,0.0,0.0,20.0,0.0,190.0,-1130.0,2830.0,yonden
2019,4,2019-04-25,05:00,2760.0,880.0,2630.0,190.0,－－－－－－－－－－,10.0,10.0,0.0,20.0,0.0,170.0,-1150.0,2760.0,yonden
2019,4,2019-04-25,06:00,2620.0,880.0,2650.0,190.0,－－－－－－－－－－,10.0,110.0,0.0,10.0,0.0,40.0,-1270.0,2620.0,yonden
2019,4,2019-04-25,07:00,2620.0,880.0,2830.0,210.0,－－－－－－－－－－,10.0,220.0,0.0,10.0,0.0,30.0,-1570.0,2620.0,yonden
2019,4,2019-04-25,08:00,2980.0,880.0,2950.0,220.0,－－－－－－－－－－,10.0,330.0,0.0,10.0,0.0,300.0,-1720.0,2980.0,yonden
2019,4,2019-04-25,09:00,3060.0,880.0,2930.0,180.0,－－－－－－－－－－,10.0,640.0,0.0,10.0,0.0,180.0,-1770.0,3060.0,yonden
2019,4,2019-04-25,10:00,3110.0,880.0,2740.0,160.0,－－－－－－－－－－,10.0,1020.0,0.0,10.0,0.0,-180.0,-1530.0,3110.0,yonden
2019,4,2019-04-25,11:00,3180.0,880.0,2860.0,130.0,－－－－－－－－－－,10.0,960.0,0.0,30.0,0.0,-300.0,-1390.0,3180.0,yonden
2019,4,2019-04-25,12:00,2950.0,880.0,2740.0,130.0,－－－－－－－－－－,10.0,990.0,0.0,30.0,0.0,-300.0,-1530.0,2950.0,yonden
2019,4,2019-04-25,13:00,3100.0,880.0,2750.0,130.0,－－－－－－－－－－,10.0,1100.0,0.0,10.0,0.0,-150.0,-1630.0,3100.0,yonden
2019,4,2019-04-25,14:00,3080.0,880.0,2750.0,130.0,－－－－－－－－－－,10.0,950.0,0.0,10.0,0.0,0.0,-1650.0,3080.0,yonden
2019,4,2019-04-25,15:00,3060.0,880.0,2860.0,150.0,－－－－－－－－－－,10.0,660.0,0.0,10.0,0.0,0.0,-1510.0,3060.0,yonden
2019,4,2019-04-25,16:00,3070.0,880.0,2950.0,220.0,－－－－－－－－－－,10.0,310.0,0.0,10.0,0.0,60.0,-1370.0,3070.0,yonden
2019,4,2019-04-25,17:00,3050.0,880.0,2930.0,240.0,－－－－－－－－－－,10.0,130.0,0.0,10.0,0.0,260.0,-1410.0,3050.0,yonden
2019,4,2019-04-25,18:00,3120.0,880.0,2910.0,270.0,－－－－－－－－－－,10.0,10.0,0.0,20.0,0.0,360.0,-1340.0,3120.0,yonden
2019,4,2019-04-25,19:00,3050.0,880.0,2880.0,240.0,－－－－－－－－－－,10.0,0.0,0.0,20.0,0.0,340.0,-1320.0,3050.0,yonden
2019,4,2019-04-25,20:00,2900.0,880.0,2890.0,200.0,－－－－－－－－－－,10.0,0.0,0.0,10.0,0.0,310.0,-1400.0,2900.0,yonden
2019,4,2019-04-25,21:00,2710.0,880.0,2790.0,190.0,－－－－－－－－－－,10.0,0.0,0.0,30.0,0.0,140.0,-1330.0,2710.0,yonden
2019,4,2019-04-25,22:00,2510.0,880.0,2660.0,140.0,－－－－－－－－－－,10.0,0.0,0.0,40.0,0.0,0.0,-1220.0,2510.0,yonden
2019,4,2019-04-25,23:00,2420.0,880.0,2560.0,120.0,－－－－－－－－－－,10.0,0.0,0.0,20.0,0.0,0.0,-1170.0,2420.0,yonden
2019,4,2019-04-26,00:00,2320.0,880.0,2380.0,110.0,－－－－－－－－－－,10.0,0.0,0.0,20.0,0.0,0.0,-1080.0,2320.0,yonden
2019,4,2019-04-26,01:00,2320.0,880.0,2280.0,110.0,－－－－－－－－－－,10.0,0.0,0.0,50.0,0.0,0.0,-1010.0,2320.0,yonden
2019,4,2019-04-26,02:00,2500.0,880.0,2450.0,120.0,－－－－－－－－－－,10.0,0.0,0.0,50.0,0.0,0.0,-1010.0,2500.0,yonden
2019,4,2019-04-26,03:00,2720.0,880.0,2610.0,200.0,－－－－－－－－－－,10.0,0.0,0.0,50.0,0.0,20.0,-1050.0,2720.0,yonden
2019,4,2019-04-26,04:00,2800.0,880.0,2600.0,220.0,－－－－－－－－－－,10.0,0.0,0.0,60.0,0.0,20.0,-990.0,2800.0,yonden
2019,4,2019-04-26,05:00,2740.0,880.0,2600.0,220.0,－－－－－－－－－－,10.0,20.0,0.0,60.0,0.0,10.0,-1060.0,2740.0,yonden
2019,4,2019-04-26,06:00,2600.0,880.0,2450.0,190.0,－－－－－－－－－－,10.0,120.0,0.0,80.0,0.0,0.0,-1130.0,2600.0,yonden
2019,4,2019-04-26,07:00,2520.0,880.0,2350.0,140.0,－－－－－－－－－－,10.0,320.0,0.0,80.0,0.0,0.0,-1260.0,2520.0,yonden
2019,4,2019-04-26,08:00,2750.0,880.0,2280.0,150.0,－－－－－－－－－－,10.0,740.0,0.0,80.0,0.0,-40.0,-1350.0,2750.0,yonden
2019,4,2019-04-26,09:00,2950.0,880.0,2540.0,210.0,－－－－－－－－－－,10.0,1060.0,0.0,60.0,0.0,-290.0,-1520.0,2950.0,yonden
2019,4,2019-04-26,10:00,3030.0,880.0,2290.0,210.0,－－－－－－－－－－,10.0,1200.0,0.0,70.0,0.0,-310.0,-1320.0,3030.0,yonden
2019,4,2019-04-26,11:00,3070.0,880.0,2360.0,210.0,－－－－－－－－－－,10.0,1300.0,0.0,60.0,0.0,-310.0,-1440.0,3070.0,yonden
2019,4,2019-04-26,12:00,2930.0,880.0,2510.0,160.0,－－－－－－－－－－,10.0,1390.0,0.0,60.0,0.0,-310.0,-1770.0,2930.0,yonden
2019,4,2019-04-26,13:00,3090.0,880.0,2470.0,140.0,－－－－－－－－－－,10.0,1490.0,0.0,50.0,0.0,-310.0,-1640.0,3090.0,yonden
2019,4,2019-04-26,14:00,3040.0,880.0,2470.0,180.0,－－－－－－－－－－,10.0,1260.0,0.0,60.0,0.0,-260.0,-1560.0,3040.0,yonden
2019,4,2019-04-26,15:00,2980.0,880.0,2480.0,170.0,－－－－－－－－－－,10.0,910.0,0.0,80.0,0.0,0.0,-1550.0,2980.0,yonden
2019,4,2019-04-26,16:00,2970.0,880.0,2740.0,220.0,－－－－－－－－－－,10.0,560.0,0.0,90.0,0.0,80.0,-1610.0,2970.0,yonden
2019,4,2019-04-26,17:00,2970.0,880.0,2810.0,240.0,－－－－－－－－－－,10.0,230.0,0.0,100.0,0.0,170.0,-1470.0,2970.0,yonden
2019,4,2019-04-26,18:00,2990.0,880.0,2810.0,360.0,－－－－－－－－－－,10.0,20.0,0.0,120.0,0.0,230.0,-1440.0,2990.0,yonden
2019,4,2019-04-26,19:00,2920.0,880.0,2680.0,350.0,－－－－－－－－－－,10.0,0.0,0.0,110.0,0.0,170.0,-1280.0,2920.0,yonden
2019,4,2019-04-26,20:00,2790.0,880.0,2580.0,320.0,－－－－－－－－－－,10.0,0.0,0.0,90.0,0.0,200.0,-1290.0,2790.0,yonden
2019,4,2019-04-26,21:00,2610.0,880.0,2480.0,190.0,－－－－－－－－－－,10.0,0.0,0.0,90.0,0.0,160.0,-1200.0,2610.0,yonden
2019,4,2019-04-26,22:00,2440.0,880.0,2220.0,130.0,－－－－－－－－－－,10.0,0.0,0.0,100.0,0.0,100.0,-1000.0,2440.0,yonden
2019,4,2019-04-26,23:00,2370.0,880.0,2340.0,120.0,－－－－－－－－－－,10.0,0.0,0.0,110.0,0.0,0.0,-1090.0,2370.0,yonden
2019,4,2019-04-27,00:00,2260.0,880.0,2250.0,140.0,－－－－－－－－－－,10.0,0.0,0.0,130.0,0.0,0.0,-1150.0,2260.0,yonden
2019,4,2019-04-27,01:00,2260.0,880.0,2170.0,160.0,－－－－－－－－－－,10.0,0.0,0.0,150.0,0.0,0.0,-1110.0,2260.0,yonden
2019,4,2019-04-27,02:00,2450.0,880.0,2320.0,180.0,－－－－－－－－－－,10.0,0.0,0.0,170.0,0.0,0.0,-1110.0,2450.0,yonden
2019,4,2019-04-27,03:00,2680.0,880.0,2350.0,210.0,－－－－－－－－－－,10.0,0.0,0.0,170.0,0.0,20.0,-960.0,2680.0,yonden
2019,4,2019-04-27,04:00,2760.0,880.0,2270.0,200.0,－－－－－－－－－－,10.0,0.0,0.0,160.0,0.0,20.0,-780.0,2760.0,yonden
2019,4,2019-04-27,05:00,2670.0,880.0,2190.0,180.0,－－－－－－－－－－,10.0,20.0,0.0,160.0,0.0,20.0,-790.0,2670.0,yonden
2019,4,2019-04-27,06:00,2430.0,880.0,2070.0,180.0,－－－－－－－－－－,10.0,160.0,0.0,170.0,0.0,20.0,-1060.0,2430.0,yonden
2019,4,2019-04-27,07:00,2210.0,880.0,2000.0,150.0,－－－－－－－－－－,10.0,430.0,0.0,150.0,0.0,0.0,-1410.0,2210.0,yonden
2019,4,2019-04-27,08:00,2430.0,880.0,1790.0,100.0,－－－－－－－－－－,10.0,940.0,0.0,140.0,0.0,-30.0,-1400.0,2430.0,yonden
2019,4,2019-04-27,09:00,2570.0,880.0,1850.0,120.0,－－－－－－－－－－,10.0,1390.0,0.0,150.0,0.0,-490.0,-1340.0,2570.0,yonden
2019,4,2019-04-27,10:00,2660.0,880.0,1930.0,150.0,－－－－－－－－－－,10.0,1620.0,0.0,140.0,0.0,-600.0,-1470.0,2660.0,yonden
2019,4,2019-04-27,11:00,2700.0,880.0,2010.0,170.0,－－－－－－－－－－,10.0,1650.0,0.0,140.0,0.0,-600.0,-1560.0,2700.0,yonden
2019,4,2019-04-27,12:00,2620.0,880.0,2000.0,150.0,－－－－－－－－－－,10.0,1600.0,0.0,140.0,0.0,-590.0,-1570.0,2620.0,yonden
2019,4,2019-04-27,13:00,2650.0,880.0,1910.0,130.0,－－－－－－－－－－,10.0,1590.0,0.0,120.0,0.0,-590.0,-1400.0,2650.0,yonden
2019,4,2019-04-27,14:00,2560.0,880.0,1890.0,130.0,－－－－－－－－－－,10.0,1380.0,0.0,130.0,0.0,-590.0,-1270.0,2560.0,yonden
2019,4,2019-04-27,15:00,2450.0,880.0,1920.0,150.0,－－－－－－－－－－,10.0,1080.0,0.0,120.0,0.0,-330.0,-1380.0,2450.0,yonden
2019,4,2019-04-27,16:00,2490.0,880.0,1980.0,150.0,－－－－－－－－－－,10.0,690.0,0.0,100.0,0.0,-20.0,-1300.0,2490.0,yonden
2019,4,2019-04-27,17:00,2580.0,880.0,2160.0,180.0,－－－－－－－－－－,20.0,310.0,0.0,90.0,0.0,180.0,-1240.0,2580.0,yonden
2019,4,2019-04-27,18:00,2670.0,880.0,2120.0,280.0,－－－－－－－－－－,20.0,30.0,0.0,80.0,0.0,410.0,-1150.0,2670.0,yonden
2019,4,2019-04-27,19:00,2760.0,880.0,2210.0,250.0,－－－－－－－－－－,20.0,0.0,0.0,70.0,0.0,480.0,-1150.0,2760.0,yonden
2019,4,2019-04-27,20:00,2670.0,880.0,2190.0,140.0,－－－－－－－－－－,10.0,0.0,0.0,70.0,0.0,560.0,-1180.0,2670.0,yonden
2019,4,2019-04-27,21:00,2550.0,880.0,2230.0,170.0,－－－－－－－－－－,10.0,0.0,0.0,50.0,0.0,390.0,-1180.0,2550.0,yonden
2019,4,2019-04-27,22:00,2370.0,880.0,2280.0,170.0,－－－－－－－－－－,10.0,0.0,0.0,40.0,0.0,160.0,-1170.0,2370.0,yonden
2019,4,2019-04-27,23:00,2290.0,880.0,2290.0,150.0,－－－－－－－－－－,10.0,0.0,0.0,40.0,0.0,20.0,-1100.0,2290.0,yonden
2019,4,2019-04-28,00:00,2190.0,880.0,2100.0,110.0,－－－－－－－－－－,20.0,0.0,0.0,40.0,0.0,0.0,-960.0,2190.0,yonden
2019,4,2019-04-28,01:00,2240.0,880.0,2080.0,100.0,－－－－－－－－－－,20.0,0.0,0.0,30.0,0.0,0.0,-870.0,2240.0,yonden
2019,4,2019-04-28,02:00,2450.0,880.0,2200.0,100.0,－－－－－－－－－－,10.0,0.0,0.0,40.0,0.0,0.0,-780.0,2450.0,yonden
2019,4,2019-04-28,03:00,2680.0,880.0,2280.0,200.0,－－－－－－－－－－,20.0,0.0,0.0,50.0,0.0,120.0,-870.0,2680.0,yonden
2019,4,2019-04-28,04:00,2760.0,880.0,2290.0,170.0,－－－－－－－－－－,10.0,0.0,0.0,50.0,0.0,240.0,-880.0,2760.0,yonden
2019,4,2019-04-28,05:00,2650.0,880.0,2280.0,150.0,－－－－－－－－－－,20.0,20.0,0.0,40.0,0.0,220.0,-960.0,2650.0,yonden
2019,4,2019-04-28,06:00,2330.0,880.0,2050.0,130.0,－－－－－－－－－－,10.0,200.0,0.0,20.0,0.0,20.0,-980.0,2330.0,yonden
2019,4,2019-04-28,07:00,2080.0,880.0,1820.0,110.0,－－－－－－－－－－,10.0,450.0,0.0,10.0,0.0,-30.0,-1170.0,2080.0,yonden
2019,4,2019-04-28,08:00,2120.0,880.0,1960.0,120.0,－－－－－－－－－－,10.0,740.0,0.0,0.0,0.0,-340.0,-1250.0,2120.0,yonden
2019,4,2019-04-28,09:00,2220.0,880.0,2020.0,130.0,－－－－－－－－－－,10.0,1060.0,0.0,0.0,0.0,-600.0,-1280.0,2220.0,yonden
2019,4,2019-04-28,10:00,2250.0,880.0,1890.0,110.0,－－－－－－－－－－,10.0,1320.0,0.0,0.0,0.0,-600.0,-1360.0,2250.0,yonden
2019,4,2019-04-28,11:00,2210.0,880.0,1680.0,110.0,－－－－－－－－－－,10.0,1560.0,0.0,0.0,0.0,-600.0,-1430.0,2210.0,yonden
2019,4,2019-04-28,12:00,2370.0,880.0,1850.0,200.0,－－－－－－－－－－,10.0,1350.0,0.0,0.0,0.0,-490.0,-1430.0,2370.0,yonden
2019,4,2019-04-28,13:00,2340.0,880.0,2000.0,180.0,－－－－－－－－－－,10.0,900.0,0.0,0.0,0.0,-190.0,-1440.0,2340.0,yonden
2019,4,2019-04-28,14:00,2200.0,880.0,1980.0,110.0,－－－－－－－－－－,10.0,570.0,0.0,0.0,0.0,0.0,-1350.0,2200.0,yonden
2019,4,2019-04-28,15:00,2160.0,880.0,2100.0,110.0,－－－－－－－－－－,10.0,340.0,0.0,10.0,0.0,0.0,-1290.0,2160.0,yonden
2019,4,2019-04-28,16:00,2240.0,880.0,2360.0,170.0,－－－－－－－－－－,10.0,160.0,0.0,10.0,0.0,0.0,-1350.0,2240.0,yonden
2019,4,2019-04-28,17:00,2430.0,880.0,2550.0,210.0,－－－－－－－－－－,10.0,50.0,0.0,20.0,0.0,110.0,-1400.0,2430.0,yonden
2019,4,2019-04-28,18:00,2610.0,880.0,2580.0,320.0,－－－－－－－－－－,10.0,10.0,0.0,30.0,0.0,250.0,-1470.0,2610.0,yonden
2019,4,2019-04-28,19:00,2660.0,880.0,2580.0,310.0,－－－－－－－－－－,10.0,0.0,0.0,40.0,0.0,190.0,-1350.0,2660.0,yonden
2019,4,2019-04-28,20:00,2580.0,880.0,2570.0,240.0,－－－－－－－－－－,10.0,0.0,0.0,40.0,0.0,170.0,-1330.0,2580.0,yonden
2019,4,2019-04-28,21:00,2460.0,880.0,2510.0,190.0,－－－－－－－－－－,10.0,0.0,0.0,50.0,0.0,80.0,-1260.0,2460.0,yonden
2019,4,2019-04-28,22:00,2270.0,880.0,2170.0,110.0,－－－－－－－－－－,10.0,0.0,0.0,60.0,0.0,20.0,-980.0,2270.0,yonden
2019,4,2019-04-28,23:00,2190.0,880.0,2090.0,100.0,－－－－－－－－－－,10.0,0.0,0.0,60.0,0.0,20.0,-970.0,2190.0,yonden
2019,4,2019-04-29,00:00,2100.0,880.0,2000.0,110.0,－－－－－－－－－－,10.0,0.0,0.0,50.0,0.0,0.0,-950.0,2100.0,yonden
2019,4,2019-04-29,01:00,2160.0,880.0,2040.0,100.0,－－－－－－－－－－,10.0,0.0,0.0,50.0,0.0,0.0,-920.0,2160.0,yonden
2019,4,2019-04-29,02:00,2360.0,880.0,2120.0,110.0,－－－－－－－－－－,10.0,0.0,0.0,50.0,0.0,0.0,-810.0,2360.0,yonden
2019,4,2019-04-29,03:00,2620.0,880.0,2190.0,160.0,－－－－－－－－－－,10.0,0.0,0.0,50.0,0.0,30.0,-700.0,2620.0,yonden
2019,4,2019-04-29,04:00,2670.0,880.0,2140.0,190.0,－－－－－－－－－－,10.0,0.0,0.0,50.0,0.0,30.0,-630.0,2670.0,yonden
2019,4,2019-04-29,05:00,2570.0,880.0,2120.0,130.0,－－－－－－－－－－,10.0,10.0,0.0,60.0,0.0,20.0,-660.0,2570.0,yonden
2019,4,2019-04-29,06:00,2320.0,880.0,1960.0,130.0,－－－－－－－－－－,10.0,60.0,0.0,80.0,0.0,20.0,-820.0,2320.0,yonden
2019,4,2019-04-29,07:00,2210.0,880.0,1990.0,140.0,－－－－－－－－－－,10.0,100.0,0.0,90.0,0.0,20.0,-1020.0,2210.0,yonden
2019,4,2019-04-29,08:00,2390.0,880.0,2080.0,140.0,－－－－－－－－－－,10.0,200.0,0.0,100.0,0.0,20.0,-1040.0,2390.0,yonden
2019,4,2019-04-29,09:00,2490.0,880.0,2140.0,150.0,－－－－－－－－－－,10.0,300.0,0.0,90.0,0.0,20.0,-1100.0,2490.0,yonden
2019,4,2019-04-29,10:00,2520.0,880.0,2000.0,150.0,－－－－－－－－－－,10.0,500.0,0.0,110.0,0.0,30.0,-1160.0,2520.0,yonden
2019,4,2019-04-29,11:00,2510.0,880.0,1910.0,130.0,－－－－－－－－－－,10.0,770.0,0.0,110.0,0.0,-240.0,-1060.0,2510.0,yonden
2019,4,2019-04-29,12:00,2550.0,880.0,2060.0,160.0,－－－－－－－－－－,10.0,670.0,0.0,100.0,0.0,-300.0,-1030.0,2550.0,yonden
2019,4,2019-04-29,13:00,2610.0,880.0,2260.0,170.0,－－－－－－－－－－,10.0,370.0,0.0,110.0,0.0,-120.0,-1070.0,2610.0,yonden
2019,4,2019-04-29,14:00,2540.0,880.0,2320.0,180.0,－－－－－－－－－－,10.0,150.0,0.0,140.0,0.0,0.0,-1140.0,2540.0,yonden
2019,4,2019-04-29,15:00,2530.0,880.0,2380.0,200.0,－－－－－－－－－－,10.0,70.0,0.0,140.0,0.0,0.0,-1150.0,2530.0,yonden
2019,4,2019-04-29,16:00,2640.0,880.0,2420.0,210.0,－－－－－－－－－－,10.0,30.0,0.0,130.0,0.0,0.0,-1040.0,2640.0,yonden
2019,4,2019-04-29,17:00,2740.0,880.0,2420.0,240.0,－－－－－－－－－－,10.0,10.0,0.0,140.0,0.0,0.0,-960.0,2740.0,yonden
2019,4,2019-04-29,18:00,2840.0,880.0,2500.0,320.0,－－－－－－－－－－,10.0,0.0,0.0,130.0,0.0,70.0,-1070.0,2840.0,yonden
2019,4,2019-04-29,19:00,2800.0,880.0,2520.0,330.0,－－－－－－－－－－,10.0,0.0,0.0,120.0,0.0,140.0,-1200.0,2800.0,yonden
2019,4,2019-04-29,20:00,2700.0,880.0,2390.0,280.0,－－－－－－－－－－,10.0,0.0,0.0,140.0,0.0,70.0,-1070.0,2700.0,yonden
2019,4,2019-04-29,21:00,2560.0,880.0,2270.0,220.0,－－－－－－－－－－,10.0,0.0,0.0,160.0,0.0,0.0,-980.0,2560.0,yonden
2019,4,2019-04-29,22:00,2380.0,880.0,2110.0,200.0,－－－－－－－－－－,10.0,0.0,0.0,150.0,0.0,0.0,-970.0,2380.0,yonden
2019,4,2019-04-29,23:00,2290.0,880.0,2050.0,200.0,－－－－－－－－－－,10.0,0.0,0.0,140.0,0.0,0.0,-990.0,2290.0,yonden
2019,4,2019-04-30,00:00,2210.0,880.0,2020.0,200.0,－－－－－－－－－－,10.0,0.0,0.0,130.0,0.0,0.0,-1030.0,2210.0,yonden
2019,4,2019-04-30,01:00,2250.0,880.0,2020.0,230.0,－－－－－－－－－－,10.0,0.0,0.0,80.0,0.0,0.0,-970.0,2250.0,yonden
2019,4,2019-04-30,02:00,2470.0,880.0,2170.0,270.0,－－－－－－－－－－,10.0,0.0,0.0,60.0,0.0,0.0,-920.0,2470.0,yonden
2019,4,2019-04-30,03:00,2680.0,880.0,2200.0,300.0,－－－－－－－－－－,10.0,0.0,0.0,60.0,0.0,20.0,-790.0,2680.0,yonden
2019,4,2019-04-30,04:00,2730.0,880.0,2220.0,280.0,－－－－－－－－－－,10.0,0.0,0.0,30.0,0.0,20.0,-710.0,2730.0,yonden
2019,4,2019-04-30,05:00,2620.0,880.0,2200.0,250.0,－－－－－－－－－－,10.0,10.0,0.0,10.0,0.0,20.0,-760.0,2620.0,yonden
2019,4,2019-04-30,06:00,2340.0,880.0,2080.0,210.0,－－－－－－－－－－,10.0,50.0,0.0,10.0,0.0,20.0,-920.0,2340.0,yonden
2019,4,2019-04-30,07:00,2310.0,880.0,2080.0,240.0,－－－－－－－－－－,10.0,120.0,0.0,10.0,0.0,20.0,-1050.0,2310.0,yonden
2019,4,2019-04-30,08:00,2570.0,880.0,2130.0,230.0,－－－－－－－－－－,10.0,250.0,0.0,20.0,0.0,60.0,-1010.0,2570.0,yonden
2019,4,2019-04-30,09:00,2680.0,880.0,2160.0,230.0,－－－－－－－－－－,10.0,330.0,0.0,20.0,0.0,160.0,-1110.0,2680.0,yonden
2019,4,2019-04-30,10:00,2740.0,880.0,2170.0,260.0,－－－－－－－－－－,10.0,460.0,0.0,10.0,0.0,170.0,-1220.0,2740.0,yonden
2019,4,2019-04-30,11:00,2740.0,880.0,2170.0,230.0,－－－－－－－－－－,10.0,560.0,0.0,10.0,0.0,120.0,-1240.0,2740.0,yonden
2019,4,2019-04-30,12:00,2640.0,880.0,2180.0,220.0,－－－－－－－－－－,10.0,560.0,0.0,0.0,0.0,20.0,-1230.0,2640.0,yonden
2019,4,2019-04-30,13:00,2660.0,880.0,2290.0,220.0,－－－－－－－－－－,10.0,410.0,0.0,0.0,0.0,40.0,-1190.0,2660.0,yonden
2019,4,2019-04-30,14:00,2600.0,880.0,2420.0,240.0,－－－－－－－－－－,10.0,170.0,0.0,0.0,0.0,120.0,-1240.0,2600.0,yonden
2019,4,2019-04-30,15:00,2590.0,880.0,2400.0,210.0,－－－－－－－－－－,10.0,40.0,0.0,20.0,0.0,230.0,-1200.0,2590.0,yonden
2019,4,2019-04-30,16:00,2650.0,880.0,2510.0,190.0,－－－－－－－－－－,10.0,30.0,0.0,30.0,0.0,30.0,-1030.0,2650.0,yonden
2019,4,2019-04-30,17:00,2710.0,880.0,2660.0,210.0,－－－－－－－－－－,10.0,10.0,0.0,20.0,0.0,0.0,-1080.0,2710.0,yonden
2019,4,2019-04-30,18:00,2770.0,880.0,2700.0,250.0,－－－－－－－－－－,10.0,0.0,0.0,10.0,0.0,0.0,-1080.0,2770.0,yonden
2019,4,2019-04-30,19:00,2730.0,880.0,2730.0,250.0,－－－－－－－－－－,10.0,0.0,0.0,10.0,0.0,0.0,-1150.0,2730.0,yonden
2019,4,2019-04-30,20:00,2650.0,880.0,2710.0,230.0,－－－－－－－－－－,10.0,0.0,0.0,20.0,0.0,0.0,-1200.0,2650.0,yonden
2019,4,2019-04-30,21:00,2500.0,880.0,2620.0,190.0,－－－－－－－－－－,10.0,0.0,0.0,20.0,0.0,0.0,-1220.0,2500.0,yonden
2019,4,2019-04-30,22:00,2330.0,880.0,2480.0,180.0,－－－－－－－－－－,10.0,0.0,0.0,20.0,0.0,20.0,-1260.0,2330.0,yonden
2019,4,2019-04-30,23:00,2250.0,880.0,2370.0,190.0,－－－－－－－－－－,10.0,0.0,0.0,10.0,0.0,20.0,-1230.0,2250.0,yonden
2019,5,2019-05-01,00:00,2170.0,880.0,2330.0,200.0,－－－－－－－－－－,10.0,0.0,0.0,20.0,0.0,20.0,-1290.0,2170.0,yonden
2019,5,2019-05-01,01:00,2210.0,880.0,2310.0,200.0,－－－－－－－－－－,20.0,0.0,0.0,20.0,0.0,20.0,-1240.0,2210.0,yonden
2019,5,2019-05-01,02:00,2400.0,880.0,2390.0,220.0,－－－－－－－－－－,10.0,0.0,0.0,20.0,0.0,20.0,-1140.0,2400.0,yonden
2019,5,2019-05-01,03:00,2630.0,880.0,2480.0,260.0,－－－－－－－－－－,20.0,0.0,0.0,10.0,0.0,30.0,-1050.0,2630.0,yonden
2019,5,2019-05-01,04:00,2670.0,880.0,2480.0,240.0,－－－－－－－－－－,20.0,0.0,0.0,10.0,0.0,20.0,-980.0,2670.0,yonden
2019,5,2019-05-01,05:00,2530.0,880.0,2310.0,210.0,－－－－－－－－－－,20.0,20.0,0.0,20.0,0.0,20.0,-950.0,2530.0,yonden
2019,5,2019-05-01,06:00,2260.0,880.0,2200.0,190.0,－－－－－－－－－－,20.0,40.0,0.0,40.0,0.0,20.0,-1130.0,2260.0,yonden
2019,5,2019-05-01,07:00,2180.0,880.0,2300.0,220.0,－－－－－－－－－－,20.0,30.0,0.0,50.0,0.0,20.0,-1340.0,2180.0,yonden
2019,5,2019-05-01,08:00,2420.0,880.0,2440.0,220.0,－－－－－－－－－－,20.0,60.0,0.0,40.0,0.0,20.0,-1260.0,2420.0,yonden
2019,5,2019-05-01,09:00,2610.0,880.0,2660.0,250.0,－－－－－－－－－－,20.0,190.0,0.0,40.0,0.0,20.0,-1450.0,2610.0,yonden
2019,5,2019-05-01,10:00,2680.0,880.0,2530.0,230.0,－－－－－－－－－－,20.0,370.0,0.0,40.0,0.0,20.0,-1410.0,2680.0,yonden
2019,5,2019-05-01,11:00,2690.0,880.0,2410.0,210.0,－－－－－－－－－－,20.0,520.0,0.0,40.0,0.0,0.0,-1390.0,2690.0,yonden
2019,5,2019-05-01,12:00,2650.0,880.0,2290.0,220.0,－－－－－－－－－－,20.0,500.0,0.0,50.0,0.0,0.0,-1310.0,2650.0,yonden
2019,5,2019-05-01,13:00,2570.0,880.0,2320.0,200.0,－－－－－－－－－－,20.0,380.0,0.0,50.0,0.0,0.0,-1280.0,2570.0,yonden
2019,5,2019-05-01,14:00,2450.0,880.0,2360.0,210.0,－－－－－－－－－－,20.0,250.0,0.0,60.0,0.0,0.0,-1330.0,2450.0,yonden
2019,5,2019-05-01,15:00,2380.0,880.0,2480.0,270.0,－－－－－－－－－－,20.0,150.0,0.0,60.0,0.0,0.0,-1480.0,2380.0,yonden
2019,5,2019-05-01,16:00,2390.0,880.0,2500.0,250.0,－－－－－－－－－－,20.0,40.0,0.0,90.0,0.0,0.0,-1390.0,2390.0,yonden
2019,5,2019-05-01,17:00,2500.0,880.0,2490.0,230.0,－－－－－－－－－－,20.0,10.0,0.0,90.0,0.0,0.0,-1220.0,2500.0,yonden
2019,5,2019-05-01,18:00,2630.0,880.0,2530.0,220.0,－－－－－－－－－－,20.0,0.0,0.0,100.0,0.0,0.0,-1120.0,2630.0,yonden
2019,5,2019-05-01,19:00,2630.0,880.0,2480.0,240.0,－－－－－－－－－－,20.0,0.0,0.0,70.0,0.0,0.0,-1060.0,2630.0,yonden
2019,5,2019-05-01,20:00,2540.0,880.0,2400.0,240.0,－－－－－－－－－－,20.0,0.0,0.0,70.0,0.0,0.0,-1070.0,2540.0,yonden
2019,5,2019-05-01,21:00,2400.0,880.0,2290.0,210.0,－－－－－－－－－－,20.0,0.0,0.0,90.0,0.0,30.0,-1120.0,2400.0,yonden
2019,5,2019-05-01,22:00,2230.0,880.0,2250.0,190.0,－－－－－－－－－－,20.0,0.0,0.0,110.0,0.0,30.0,-1250.0,2230.0,yonden
2019,5,2019-05-01,23:00,2140.0,880.0,2210.0,190.0,－－－－－－－－－－,20.0,0.0,0.0,110.0,0.0,40.0,-1310.0,2140.0,yonden
2019,5,2019-05-02,00:00,2060.0,880.0,2130.0,170.0,－－－－－－－－－－,20.0,0.0,0.0,110.0,0.0,30.0,-1280.0,2060.0,yonden
2019,5,2019-05-02,01:00,2100.0,880.0,2040.0,210.0,－－－－－－－－－－,20.0,0.0,0.0,120.0,0.0,20.0,-1190.0,2100.0,yonden
2019,5,2019-05-02,02:00,2330.0,880.0,2110.0,250.0,－－－－－－－－－－,20.0,0.0,0.0,120.0,0.0,310.0,-1360.0,2330.0,yonden
2019,5,2019-05-02,03:00,2530.0,880.0,2150.0,250.0,－－－－－－－－－－,20.0,0.0,0.0,110.0,0.0,270.0,-1150.0,2530.0,yonden
2019,5,2019-05-02,04:00,2590.0,880.0,2180.0,250.0,－－－－－－－－－－,20.0,0.0,0.0,100.0,0.0,130.0,-970.0,2590.0,yonden
2019,5,2019-05-02,05:00,2480.0,880.0,2050.0,250.0,－－－－－－－－－－,20.0,40.0,0.0,90.0,0.0,40.0,-890.0,2480.0,yonden
2019,5,2019-05-02,06:00,2240.0,880.0,1760.0,180.0,－－－－－－－－－－,20.0,320.0,0.0,70.0,0.0,20.0,-1010.0,2240.0,yonden
2019,5,2019-05-02,07:00,2080.0,880.0,1670.0,180.0,－－－－－－－－－－,20.0,710.0,0.0,50.0,0.0,-170.0,-1260.0,2080.0,yonden
2019,5,2019-05-02,08:00,2220.0,880.0,1700.0,220.0,－－－－－－－－－－,20.0,1110.0,0.0,40.0,0.0,-480.0,-1270.0,2220.0,yonden
2019,5,2019-05-02,09:00,2310.0,880.0,1590.0,210.0,－－－－－－－－－－,20.0,1490.0,0.0,20.0,0.0,-570.0,-1330.0,2310.0,yonden
2019,5,2019-05-02,10:00,2370.0,880.0,1640.0,200.0,－－－－－－－－－－,20.0,1730.0,0.0,20.0,0.0,-570.0,-1550.0,2370.0,yonden
2019,5,2019-05-02,11:00,2400.0,880.0,1710.0,180.0,－－－－－－－－－－,20.0,1850.0,0.0,10.0,0.0,-590.0,-1660.0,2400.0,yonden
2019,5,2019-05-02,12:00,2370.0,880.0,1650.0,200.0,－－－－－－－－－－,20.0,1880.0,0.0,10.0,0.0,-590.0,-1680.0,2370.0,yonden
2019,5,2019-05-02,13:00,2400.0,880.0,1610.0,180.0,－－－－－－－－－－,20.0,1770.0,0.0,30.0,0.0,-590.0,-1500.0,2400.0,yonden
2019,5,2019-05-02,14:00,2340.0,880.0,1630.0,180.0,－－－－－－－－－－,20.0,1500.0,0.0,40.0,0.0,-590.0,-1320.0,2340.0,yonden
2019,5,2019-05-02,15:00,2270.0,880.0,1570.0,210.0,－－－－－－－－－－,20.0,1170.0,0.0,40.0,0.0,-350.0,-1270.0,2270.0,yonden
2019,5,2019-05-02,16:00,2320.0,880.0,1710.0,230.0,－－－－－－－－－－,20.0,710.0,0.0,30.0,0.0,-20.0,-1240.0,2320.0,yonden
2019,5,2019-05-02,17:00,2370.0,880.0,1990.0,210.0,－－－－－－－－－－,20.0,290.0,0.0,20.0,0.0,240.0,-1280.0,2370.0,yonden
2019,5,2019-05-02,18:00,2470.0,880.0,2100.0,260.0,－－－－－－－－－－,20.0,20.0,0.0,10.0,0.0,550.0,-1370.0,2470.0,yonden
2019,5,2019-05-02,19:00,2550.0,880.0,2100.0,310.0,－－－－－－－－－－,20.0,0.0,0.0,10.0,0.0,560.0,-1330.0,2550.0,yonden
2019,5,2019-05-02,20:00,2460.0,880.0,2110.0,210.0,－－－－－－－－－－,20.0,0.0,0.0,20.0,0.0,520.0,-1300.0,2460.0,yonden
2019,5,2019-05-02,21:00,2330.0,880.0,2100.0,210.0,－－－－－－－－－－,20.0,0.0,0.0,20.0,0.0,290.0,-1190.0,2330.0,yonden
2019,5,2019-05-02,22:00,2170.0,880.0,1950.0,210.0,－－－－－－－－－－,20.0,0.0,0.0,10.0,0.0,250.0,-1150.0,2170.0,yonden
2019,5,2019-05-02,23:00,2080.0,880.0,1940.0,180.0,－－－－－－－－－－,20.0,0.0,0.0,10.0,0.0,20.0,-970.0,2080.0,yonden
2019,5,2019-05-03,00:00,2000.0,880.0,1980.0,160.0,－－－－－－－－－－,20.0,0.0,0.0,0.0,0.0,20.0,-1060.0,2000.0,yonden
2019,5,2019-05-03,01:00,2050.0,880.0,1970.0,160.0,－－－－－－－－－－,20.0,0.0,0.0,0.0,0.0,20.0,-1000.0,2050.0,yonden
2019,5,2019-05-03,02:00,2260.0,880.0,2050.0,170.0,－－－－－－－－－－,20.0,0.0,0.0,0.0,0.0,160.0,-1020.0,2260.0,yonden
2019,5,2019-05-03,03:00,2480.0,880.0,2140.0,240.0,－－－－－－－－－－,20.0,0.0,0.0,0.0,0.0,350.0,-1150.0,2480.0,yonden
2019,5,2019-05-03,04:00,2540.0,880.0,2110.0,260.0,－－－－－－－－－－,20.0,0.0,0.0,10.0,0.0,340.0,-1080.0,2540.0,yonden
2019,5,2019-05-03,05:00,2430.0,880.0,2030.0,210.0,－－－－－－－－－－,20.0,40.0,0.0,0.0,0.0,200.0,-950.0,2430.0,yonden
2019,5,2019-05-03,06:00,2140.0,880.0,1820.0,170.0,－－－－－－－－－－,20.0,260.0,0.0,0.0,0.0,10.0,-1020.0,2140.0,yonden
2019,5,2019-05-03,07:00,1920.0,880.0,1760.0,170.0,－－－－－－－－－－,20.0,550.0,0.0,0.0,0.0,-210.0,-1250.0,1920.0,yonden
2019,5,2019-05-03,08:00,2060.0,880.0,1820.0,180.0,－－－－－－－－－－,20.0,920.0,0.0,0.0,0.0,-450.0,-1310.0,2060.0,yonden
2019,5,2019-05-03,09:00,2180.0,880.0,1760.0,180.0,－－－－－－－－－－,20.0,1270.0,0.0,0.0,0.0,-600.0,-1330.0,2180.0,yonden
2019,5,2019-05-03,10:00,2250.0,880.0,1710.0,150.0,－－－－－－－－－－,20.0,1560.0,0.0,0.0,0.0,-600.0,-1470.0,2250.0,yonden
2019,5,2019-05-03,11:00,2310.0,880.0,1670.0,160.0,－－－－－－－－－－,20.0,1650.0,0.0,0.0,0.0,-590.0,-1480.0,2310.0,yonden
2019,5,2019-05-03,12:00,2300.0,880.0,1620.0,210.0,－－－－－－－－－－,20.0,1660.0,0.0,0.0,0.0,-590.0,-1500.0,2300.0,yonden
2019,5,2019-05-03,13:00,2260.0,880.0,1550.0,210.0,－－－－－－－－－－,20.0,1570.0,0.0,0.0,0.0,-590.0,-1380.0,2260.0,yonden
2019,5,2019-05-03,14:00,2150.0,880.0,1580.0,200.0,－－－－－－－－－－,20.0,1340.0,0.0,0.0,0.0,-590.0,-1280.0,2150.0,yonden
2019,5,2019-05-03,15:00,2090.0,880.0,1700.0,210.0,－－－－－－－－－－,20.0,970.0,0.0,0.0,0.0,-400.0,-1290.0,2090.0,yonden
2019,5,2019-05-03,16:00,2190.0,880.0,1800.0,210.0,－－－－－－－－－－,20.0,570.0,0.0,0.0,0.0,-50.0,-1240.0,2190.0,yonden
2019,5,2019-05-03,17:00,2320.0,880.0,2030.0,210.0,－－－－－－－－－－,20.0,220.0,0.0,0.0,0.0,150.0,-1190.0,2320.0,yonden
2019,5,2019-05-03,18:00,2420.0,880.0,2160.0,260.0,－－－－－－－－－－,20.0,20.0,0.0,0.0,0.0,520.0,-1440.0,2420.0,yonden
2019,5,2019-05-03,19:00,2490.0,880.0,2100.0,280.0,－－－－－－－－－－,20.0,0.0,0.0,0.0,0.0,570.0,-1360.0,2490.0,yonden
2019,5,2019-05-03,20:00,2420.0,880.0,2060.0,260.0,－－－－－－－－－－,20.0,0.0,0.0,0.0,0.0,600.0,-1400.0,2420.0,yonden
2019,5,2019-05-03,21:00,2280.0,880.0,2050.0,240.0,－－－－－－－－－－,20.0,0.0,0.0,0.0,0.0,370.0,-1280.0,2280.0,yonden
2019,5,2019-05-03,22:00,2100.0,880.0,1870.0,200.0,－－－－－－－－－－,20.0,0.0,0.0,0.0,0.0,160.0,-1030.0,2100.0,yonden
2019,5,2019-05-03,23:00,2040.0,880.0,1920.0,180.0,－－－－－－－－－－,20.0,0.0,0.0,0.0,0.0,20.0,-980.0,2040.0,yonden
2019,5,2019-05-04,00:00,1960.0,880.0,1930.0,200.0,－－－－－－－－－－,20.0,0.0,0.0,10.0,0.0,20.0,-1100.0,1960.0,yonden
2019,5,2019-05-04,01:00,2000.0,880.0,1970.0,200.0,－－－－－－－－－－,20.0,0.0,0.0,10.0,0.0,20.0,-1100.0,2000.0,yonden
2019,5,2019-05-04,02:00,2200.0,880.0,2040.0,180.0,－－－－－－－－－－,20.0,0.0,0.0,10.0,0.0,140.0,-1070.0,2200.0,yonden
2019,5,2019-05-04,03:00,2440.0,880.0,2090.0,240.0,－－－－－－－－－－,20.0,0.0,0.0,10.0,0.0,360.0,-1160.0,2440.0,yonden
2019,5,2019-05-04,04:00,2520.0,880.0,2100.0,270.0,－－－－－－－－－－,20.0,0.0,0.0,10.0,0.0,350.0,-1110.0,2520.0,yonden
2019,5,2019-05-04,05:00,2410.0,880.0,2000.0,250.0,－－－－－－－－－－,20.0,50.0,0.0,20.0,0.0,310.0,-1120.0,2410.0,yonden
2019,5,2019-05-04,06:00,2170.0,880.0,1830.0,190.0,－－－－－－－－－－,20.0,350.0,0.0,10.0,0.0,30.0,-1140.0,2170.0,yonden
2019,5,2019-05-04,07:00,1950.0,880.0,1660.0,140.0,－－－－－－－－－－,20.0,750.0,0.0,10.0,0.0,-330.0,-1180.0,1950.0,yonden
2019,5,2019-05-04,08:00,2010.0,880.0,1680.0,140.0,－－－－－－－－－－,20.0,1160.0,0.0,0.0,0.0,-600.0,-1270.0,2010.0,yonden
2019,5,2019-05-04,09:00,2090.0,880.0,1420.0,150.0,－－－－－－－－－－,20.0,1520.0,0.0,10.0,0.0,-600.0,-1310.0,2090.0,yonden
2019,5,2019-05-04,10:00,2150.0,880.0,1360.0,170.0,－－－－－－－－－－,20.0,1760.0,0.0,10.0,0.0,-600.0,-1450.0,2150.0,yonden
2019,5,2019-05-04,11:00,2190.0,880.0,1350.0,210.0,－－－－－－－－－－,20.0,1840.0,0.0,10.0,0.0,-590.0,-1530.0,2190.0,yonden
2019,5,2019-05-04,12:00,2230.0,880.0,1390.0,210.0,－－－－－－－－－－,20.0,1860.0,0.0,10.0,0.0,-590.0,-1550.0,2230.0,yonden
2019,5,2019-05-04,13:00,2220.0,880.0,1380.0,200.0,－－－－－－－－－－,20.0,1770.0,0.0,10.0,0.0,-590.0,-1450.0,2220.0,yonden
2019,5,2019-05-04,14:00,2180.0,880.0,1440.0,180.0,－－－－－－－－－－,20.0,1520.0,0.0,10.0,0.0,-590.0,-1280.0,2180.0,yonden
2019,5,2019-05-04,15:00,2150.0,880.0,1540.0,170.0,－－－－－－－－－－,20.0,1130.0,0.0,0.0,0.0,-330.0,-1260.0,2150.0,yonden
2019,5,2019-05-04,16:00,2170.0,880.0,1830.0,190.0,－－－－－－－－－－,20.0,690.0,0.0,0.0,0.0,-170.0,-1270.0,2170.0,yonden
2019,5,2019-05-04,17:00,2340.0,880.0,1980.0,270.0,－－－－－－－－－－,20.0,310.0,0.0,0.0,0.0,280.0,-1400.0,2340.0,yonden
2019,5,2019-05-04,18:00,2420.0,880.0,2140.0,300.0,－－－－－－－－－－,20.0,30.0,0.0,0.0,0.0,550.0,-1500.0,2420.0,yonden
2019,5,2019-05-04,19:00,2460.0,880.0,2140.0,300.0,－－－－－－－－－－,20.0,0.0,0.0,10.0,0.0,550.0,-1440.0,2460.0,yonden
2019,5,2019-05-04,20:00,2380.0,880.0,2130.0,260.0,－－－－－－－－－－,20.0,0.0,0.0,10.0,0.0,580.0,-1500.0,2380.0,yonden
2019,5,2019-05-04,21:00,2250.0,880.0,2040.0,190.0,－－－－－－－－－－,20.0,0.0,0.0,10.0,0.0,550.0,-1440.0,2250.0,yonden
2019,5,2019-05-04,22:00,2080.0,880.0,2110.0,190.0,－－－－－－－－－－,20.0,0.0,0.0,10.0,0.0,140.0,-1270.0,2080.0,yonden
2019,5,2019-05-04,23:00,2020.0,880.0,1990.0,140.0,－－－－－－－－－－,20.0,0.0,0.0,10.0,0.0,20.0,-1040.0,2020.0,yonden
2019,5,2019-05-05,00:00,1940.0,880.0,2000.0,160.0,－－－－－－－－－－,20.0,0.0,0.0,10.0,0.0,20.0,-1150.0,1940.0,yonden
2019,5,2019-05-05,01:00,1970.0,880.0,2000.0,150.0,－－－－－－－－－－,20.0,0.0,0.0,10.0,0.0,20.0,-1110.0,1970.0,yonden
2019,5,2019-05-05,02:00,2170.0,880.0,2050.0,170.0,－－－－－－－－－－,20.0,0.0,0.0,10.0,0.0,190.0,-1150.0,2170.0,yonden
2019,5,2019-05-05,03:00,2400.0,880.0,2040.0,170.0,－－－－－－－－－－,20.0,0.0,0.0,10.0,0.0,320.0,-1040.0,2400.0,yonden
2019,5,2019-05-05,04:00,2480.0,880.0,1990.0,230.0,－－－－－－－－－－,20.0,0.0,0.0,10.0,0.0,340.0,-990.0,2480.0,yonden
2019,5,2019-05-05,05:00,2370.0,880.0,1940.0,210.0,－－－－－－－－－－,20.0,50.0,0.0,10.0,0.0,210.0,-950.0,2370.0,yonden
2019,5,2019-05-05,06:00,2050.0,880.0,1720.0,200.0,－－－－－－－－－－,20.0,290.0,0.0,20.0,0.0,20.0,-1100.0,2050.0,yonden
2019,5,2019-05-05,07:00,1830.0,880.0,1660.0,190.0,－－－－－－－－－－,20.0,690.0,0.0,20.0,0.0,-390.0,-1240.0,1830.0,yonden
2019,5,2019-05-05,08:00,1930.0,880.0,1640.0,160.0,－－－－－－－－－－,20.0,1080.0,0.0,10.0,0.0,-600.0,-1260.0,1930.0,yonden
2019,5,2019-05-05,09:00,2020.0,880.0,1430.0,150.0,－－－－－－－－－－,20.0,1400.0,0.0,10.0,0.0,-600.0,-1270.0,2020.0,yonden
2019,5,2019-05-05,10:00,2090.0,880.0,1240.0,160.0,－－－－－－－－－－,20.0,1660.0,0.0,10.0,0.0,-600.0,-1280.0,2090.0,yonden
2019,5,2019-05-05,11:00,2110.0,880.0,1100.0,140.0,－－－－－－－－－－,20.0,1830.0,0.0,20.0,0.0,-590.0,-1290.0,2110.0,yonden
2019,5,2019-05-05,12:00,2130.0,880.0,1070.0,160.0,－－－－－－－－－－,20.0,1870.0,0.0,30.0,0.0,-590.0,-1310.0,2130.0,yonden
2019,5,2019-05-05,13:00,2140.0,880.0,1210.0,160.0,－－－－－－－－－－,20.0,1700.0,0.0,50.0,0.0,-590.0,-1290.0,2140.0,yonden
2019,5,2019-05-05,14:00,2100.0,880.0,1490.0,150.0,－－－－－－－－－－,10.0,1340.0,0.0,70.0,0.0,-590.0,-1250.0,2100.0,yonden
2019,5,2019-05-05,15:00,2090.0,880.0,1770.0,170.0,－－－－－－－－－－,10.0,860.0,0.0,80.0,0.0,-420.0,-1260.0,2090.0,yonden
2019,5,2019-05-05,16:00,2120.0,880.0,1890.0,180.0,－－－－－－－－－－,10.0,410.0,0.0,80.0,0.0,-30.0,-1300.0,2120.0,yonden
2019,5,2019-05-05,17:00,2220.0,880.0,2020.0,220.0,－－－－－－－－－－,10.0,130.0,0.0,80.0,0.0,330.0,-1450.0,2220.0,yonden
2019,5,2019-05-05,18:00,2380.0,880.0,2100.0,270.0,－－－－－－－－－－,10.0,10.0,0.0,80.0,0.0,590.0,-1560.0,2380.0,yonden
2019,5,2019-05-05,19:00,2440.0,880.0,2120.0,310.0,－－－－－－－－－－,10.0,0.0,0.0,80.0,0.0,540.0,-1500.0,2440.0,yonden
2019,5,2019-05-05,20:00,2360.0,880.0,2130.0,220.0,－－－－－－－－－－,10.0,0.0,0.0,100.0,0.0,560.0,-1540.0,2360.0,yonden
2019,5,2019-05-05,21:00,2250.0,880.0,2140.0,170.0,－－－－－－－－－－,10.0,0.0,0.0,110.0,0.0,540.0,-1600.0,2250.0,yonden
2019,5,2019-05-05,22:00,2080.0,880.0,2050.0,160.0,－－－－－－－－－－,10.0,0.0,0.0,100.0,0.0,200.0,-1320.0,2080.0,yonden
2019,5,2019-05-05,23:00,2020.0,880.0,1990.0,120.0,－－－－－－－－－－,20.0,0.0,0.0,90.0,0.0,0.0,-1080.0,2020.0,yonden
2019,5,2019-05-06,00:00,1950.0,880.0,1970.0,140.0,－－－－－－－－－－,20.0,0.0,0.0,80.0,0.0,0.0,-1140.0,1950.0,yonden
2019,5,2019-05-06,01:00,1980.0,880.0,1990.0,130.0,－－－－－－－－－－,20.0,0.0,0.0,60.0,0.0,0.0,-1100.0,1980.0,yonden
2019,5,2019-05-06,02:00,2170.0,880.0,2080.0,240.0,－－－－－－－－－－,20.0,0.0,0.0,60.0,0.0,20.0,-1130.0,2170.0,yonden
2019,5,2019-05-06,03:00,2400.0,880.0,2140.0,240.0,－－－－－－－－－－,20.0,0.0,0.0,40.0,0.0,290.0,-1210.0,2400.0,yonden
2019,5,2019-05-06,04:00,2490.0,880.0,2180.0,250.0,－－－－－－－－－－,20.0,0.0,0.0,30.0,0.0,270.0,-1140.0,2490.0,yonden
2019,5,2019-05-06,05:00,2390.0,880.0,2190.0,200.0,－－－－－－－－－－,20.0,50.0,0.0,20.0,0.0,170.0,-1140.0,2390.0,yonden
2019,5,2019-05-06,06:00,2140.0,880.0,1930.0,160.0,－－－－－－－－－－,20.0,300.0,0.0,20.0,0.0,20.0,-1190.0,2140.0,yonden
2019,5,2019-05-06,07:00,2000.0,880.0,1850.0,150.0,－－－－－－－－－－,20.0,670.0,0.0,10.0,0.0,-260.0,-1320.0,2000.0,yonden
2019,5,2019-05-06,08:00,2220.0,880.0,1980.0,150.0,－－－－－－－－－－,20.0,970.0,0.0,10.0,0.0,-520.0,-1270.0,2220.0,yonden
2019,5,2019-05-06,09:00,2360.0,880.0,1930.0,160.0,－－－－－－－－－－,20.0,1250.0,0.0,10.0,0.0,-600.0,-1290.0,2360.0,yonden
2019,5,2019-05-06,10:00,2440.0,880.0,1830.0,150.0,－－－－－－－－－－,20.0,1500.0,0.0,10.0,0.0,-590.0,-1360.0,2440.0,yonden
2019,5,2019-05-06,11:00,2490.0,880.0,2020.0,150.0,－－－－－－－－－－,20.0,1460.0,0.0,20.0,0.0,-590.0,-1470.0,2490.0,yonden
2019,5,2019-05-06,12:00,2470.0,880.0,2030.0,160.0,－－－－－－－－－－,20.0,1300.0,0.0,20.0,0.0,-420.0,-1520.0,2470.0,yonden
2019,5,2019-05-06,13:00,2470.0,880.0,2050.0,160.0,－－－－－－－－－－,20.0,1090.0,0.0,20.0,0.0,-290.0,-1460.0,2470.0,yonden
2019,5,2019-05-06,14:00,2430.0,880.0,2280.0,180.0,－－－－－－－－－－,20.0,630.0,0.0,10.0,0.0,-240.0,-1330.0,2430.0,yonden
2019,5,2019-05-06,15:00,2420.0,880.0,2330.0,160.0,－－－－－－－－－－,20.0,250.0,0.0,10.0,0.0,40.0,-1270.0,2420.0,yonden
2019,5,2019-05-06,16:00,2480.0,880.0,2600.0,170.0,－－－－－－－－－－,20.0,80.0,0.0,10.0,0.0,200.0,-1480.0,2480.0,yonden
2019,5,2019-05-06,17:00,2560.0,880.0,2620.0,230.0,－－－－－－－－－－,20.0,60.0,0.0,10.0,0.0,310.0,-1570.0,2560.0,yonden
2019,5,2019-05-06,18:00,2670.0,880.0,2690.0,320.0,－－－－－－－－－－,20.0,0.0,0.0,0.0,0.0,320.0,-1560.0,2670.0,yonden
2019,5,2019-05-06,19:00,2650.0,880.0,2670.0,320.0,－－－－－－－－－－,20.0,0.0,0.0,10.0,0.0,290.0,-1540.0,2650.0,yonden
2019,5,2019-05-06,20:00,2540.0,880.0,2670.0,290.0,－－－－－－－－－－,20.0,0.0,0.0,10.0,0.0,230.0,-1560.0,2540.0,yonden
2019,5,2019-05-06,21:00,2400.0,880.0,2640.0,250.0,－－－－－－－－－－,20.0,0.0,0.0,30.0,0.0,80.0,-1500.0,2400.0,yonden
2019,5,2019-05-06,22:00,2240.0,880.0,2370.0,170.0,－－－－－－－－－－,20.0,0.0,0.0,70.0,0.0,20.0,-1290.0,2240.0,yonden
2019,5,2019-05-06,23:00,2160.0,880.0,2200.0,150.0,－－－－－－－－－－,20.0,0.0,0.0,100.0,0.0,0.0,-1190.0,2160.0,yonden
2019,5,2019-05-07,00:00,2090.0,880.0,2190.0,180.0,－－－－－－－－－－,20.0,0.0,0.0,110.0,0.0,0.0,-1290.0,2090.0,yonden
2019,5,2019-05-07,01:00,2120.0,880.0,2200.0,190.0,－－－－－－－－－－,20.0,0.0,0.0,110.0,0.0,0.0,-1280.0,2120.0,yonden
2019,5,2019-05-07,02:00,2320.0,880.0,2340.0,190.0,－－－－－－－－－－,20.0,0.0,0.0,110.0,0.0,0.0,-1220.0,2320.0,yonden
2019,5,2019-05-07,03:00,2580.0,880.0,2510.0,270.0,－－－－－－－－－－,20.0,0.0,0.0,100.0,0.0,20.0,-1220.0,2580.0,yonden
2019,5,2019-05-07,04:00,2700.0,880.0,2610.0,270.0,－－－－－－－－－－,20.0,0.0,0.0,110.0,0.0,30.0,-1220.0,2700.0,yonden
2019,5,2019-05-07,05:00,2640.0,880.0,2610.0,250.0,－－－－－－－－－－,20.0,60.0,0.0,100.0,0.0,20.0,-1300.0,2640.0,yonden
2019,5,2019-05-07,06:00,2500.0,880.0,2480.0,150.0,－－－－－－－－－－,20.0,370.0,0.0,90.0,0.0,0.0,-1490.0,2500.0,yonden
2019,5,2019-05-07,07:00,2350.0,880.0,2220.0,110.0,－－－－－－－－－－,20.0,790.0,0.0,80.0,0.0,0.0,-1750.0,2350.0,yonden
2019,5,2019-05-07,08:00,2600.0,880.0,2150.0,110.0,－－－－－－－－－－,20.0,1270.0,0.0,70.0,0.0,0.0,-1900.0,2600.0,yonden
2019,5,2019-05-07,09:00,2760.0,880.0,2060.0,150.0,－－－－－－－－－－,20.0,1690.0,0.0,50.0,0.0,-110.0,-1980.0,2760.0,yonden
2019,5,2019-05-07,10:00,2800.0,880.0,2000.0,160.0,－－－－－－－－－－,20.0,1880.0,0.0,60.0,0.0,-300.0,-1900.0,2800.0,yonden
2019,5,2019-05-07,11:00,2830.0,880.0,1880.0,170.0,－－－－－－－－－－,20.0,1930.0,0.0,60.0,0.0,-300.0,-1810.0,2830.0,yonden
2019,5,2019-05-07,12:00,2670.0,880.0,1730.0,170.0,－－－－－－－－－－,20.0,1930.0,0.0,60.0,0.0,-300.0,-1820.0,2670.0,yonden
2019,5,2019-05-07,13:00,2850.0,880.0,1970.0,200.0,－－－－－－－－－－,20.0,1860.0,0.0,50.0,0.0,-300.0,-1830.0,2850.0,yonden
2019,5,2019-05-07,14:00,2840.0,880.0,2000.0,180.0,－－－－－－－－－－,10.0,1640.0,0.0,50.0,0.0,-100.0,-1820.0,2840.0,yonden
2019,5,2019-05-07,15:00,2780.0,880.0,2240.0,180.0,－－－－－－－－－－,20.0,1260.0,0.0,50.0,0.0,0.0,-1850.0,2780.0,yonden
2019,5,2019-05-07,16:00,2860.0,880.0,2350.0,180.0,－－－－－－－－－－,20.0,810.0,0.0,40.0,0.0,20.0,-1440.0,2860.0,yonden
2019,5,2019-05-07,17:00,2890.0,880.0,2640.0,280.0,－－－－－－－－－－,20.0,390.0,0.0,30.0,0.0,170.0,-1520.0,2890.0,yonden
2019,5,2019-05-07,18:00,2890.0,880.0,2800.0,440.0,－－－－－－－－－－,20.0,50.0,0.0,20.0,0.0,340.0,-1660.0,2890.0,yonden
2019,5,2019-05-07,19:00,2900.0,880.0,2840.0,460.0,－－－－－－－－－－,20.0,0.0,0.0,20.0,0.0,320.0,-1640.0,2900.0,yonden
2019,5,2019-05-07,20:00,2810.0,880.0,2960.0,430.0,－－－－－－－－－－,20.0,0.0,0.0,20.0,0.0,200.0,-1700.0,2810.0,yonden
2019,5,2019-05-07,21:00,2650.0,880.0,2840.0,250.0,－－－－－－－－－－,20.0,0.0,0.0,10.0,0.0,0.0,-1350.0,2650.0,yonden
2019,5,2019-05-07,22:00,2470.0,880.0,2650.0,230.0,－－－－－－－－－－,20.0,0.0,0.0,10.0,0.0,0.0,-1320.0,2470.0,yonden
2019,5,2019-05-07,23:00,2390.0,880.0,2500.0,200.0,－－－－－－－－－－,20.0,0.0,0.0,10.0,0.0,0.0,-1220.0,2390.0,yonden
2019,5,2019-05-08,00:00,2280.0,880.0,2340.0,190.0,－－－－－－－－－－,20.0,0.0,0.0,20.0,0.0,0.0,-1170.0,2280.0,yonden
2019,5,2019-05-08,01:00,2310.0,880.0,2230.0,170.0,－－－－－－－－－－,20.0,0.0,0.0,20.0,0.0,0.0,-1010.0,2310.0,yonden
2019,5,2019-05-08,02:00,2520.0,880.0,2310.0,170.0,－－－－－－－－－－,20.0,0.0,0.0,20.0,0.0,0.0,-880.0,2520.0,yonden
2019,5,2019-05-08,03:00,2770.0,880.0,2460.0,310.0,－－－－－－－－－－,20.0,0.0,0.0,10.0,0.0,20.0,-930.0,2770.0,yonden
2019,5,2019-05-08,04:00,2900.0,880.0,2590.0,330.0,－－－－－－－－－－,20.0,0.0,0.0,10.0,0.0,30.0,-960.0,2900.0,yonden
2019,5,2019-05-08,05:00,2880.0,880.0,2580.0,270.0,－－－－－－－－－－,20.0,70.0,0.0,10.0,0.0,20.0,-970.0,2880.0,yonden
2019,5,2019-05-08,06:00,2710.0,880.0,2340.0,150.0,－－－－－－－－－－,20.0,410.0,0.0,10.0,0.0,0.0,-1100.0,2710.0,yonden
2019,5,2019-05-08,07:00,2450.0,880.0,2030.0,130.0,－－－－－－－－－－,20.0,820.0,0.0,0.0,0.0,0.0,-1430.0,2450.0,yonden
2019,5,2019-05-08,08:00,2640.0,880.0,2010.0,100.0,－－－－－－－－－－,20.0,1230.0,0.0,0.0,0.0,-30.0,-1570.0,2640.0,yonden
2019,5,2019-05-08,09:00,2780.0,880.0,2170.0,120.0,－－－－－－－－－－,20.0,1580.0,0.0,0.0,0.0,-310.0,-1680.0,2780.0,yonden
2019,5,2019-05-08,10:00,2820.0,880.0,1930.0,110.0,－－－－－－－－－－,20.0,1790.0,0.0,0.0,0.0,-300.0,-1610.0,2820.0,yonden
2019,5,2019-05-08,11:00,2870.0,880.0,1930.0,120.0,－－－－－－－－－－,20.0,1870.0,0.0,0.0,0.0,-330.0,-1620.0,2870.0,yonden
2019,5,2019-05-08,12:00,2740.0,880.0,1920.0,160.0,－－－－－－－－－－,20.0,1890.0,0.0,0.0,0.0,-590.0,-1540.0,2740.0,yonden
2019,5,2019-05-08,13:00,2940.0,880.0,1920.0,170.0,－－－－－－－－－－,20.0,1760.0,0.0,10.0,0.0,-310.0,-1510.0,2940.0,yonden
2019,5,2019-05-08,14:00,2920.0,880.0,2140.0,150.0,－－－－－－－－－－,20.0,1440.0,0.0,10.0,0.0,0.0,-1720.0,2920.0,yonden
2019,5,2019-05-08,15:00,2900.0,880.0,2490.0,180.0,－－－－－－－－－－,20.0,970.0,0.0,20.0,0.0,0.0,-1660.0,2900.0,yonden
2019,5,2019-05-08,16:00,2850.0,880.0,2680.0,240.0,－－－－－－－－－－,20.0,470.0,0.0,30.0,0.0,20.0,-1490.0,2850.0,yonden
2019,5,2019-05-08,17:00,2800.0,880.0,2640.0,310.0,－－－－－－－－－－,20.0,130.0,0.0,40.0,0.0,240.0,-1460.0,2800.0,yonden
2019,5,2019-05-08,18:00,2930.0,880.0,2670.0,470.0,－－－－－－－－－－,20.0,10.0,0.0,50.0,0.0,280.0,-1450.0,2930.0,yonden
2019,5,2019-05-08,19:00,2960.0,880.0,2660.0,440.0,－－－－－－－－－－,20.0,0.0,0.0,50.0,0.0,230.0,-1320.0,2960.0,yonden
2019,5,2019-05-08,20:00,2850.0,880.0,2640.0,400.0,－－－－－－－－－－,20.0,0.0,0.0,60.0,0.0,170.0,-1320.0,2850.0,yonden
2019,5,2019-05-08,21:00,2660.0,880.0,2550.0,310.0,－－－－－－－－－－,20.0,0.0,0.0,60.0,0.0,0.0,-1160.0,2660.0,yonden
2019,5,2019-05-08,22:00,2460.0,880.0,2330.0,210.0,－－－－－－－－－－,20.0,0.0,0.0,60.0,0.0,0.0,-1040.0,2460.0,yonden
2019,5,2019-05-08,23:00,2360.0,880.0,2310.0,180.0,－－－－－－－－－－,10.0,0.0,0.0,70.0,0.0,0.0,-1090.0,2360.0,yonden
2019,5,2019-05-09,00:00,2260.0,880.0,2280.0,170.0,－－－－－－－－－－,10.0,0.0,0.0,60.0,0.0,0.0,-1140.0,2260.0,yonden
2019,5,2019-05-09,01:00,2270.0,880.0,2250.0,160.0,－－－－－－－－－－,20.0,0.0,0.0,60.0,0.0,0.0,-1100.0,2270.0,yonden
2019,5,2019-05-09,02:00,2470.0,880.0,2420.0,140.0,－－－－－－－－－－,20.0,0.0,0.0,60.0,0.0,0.0,-1050.0,2470.0,yonden
2019,5,2019-05-09,03:00,2730.0,880.0,2750.0,180.0,－－－－－－－－－－,20.0,0.0,0.0,40.0,0.0,0.0,-1140.0,2730.0,yonden
2019,5,2019-05-09,04:00,2810.0,880.0,2780.0,210.0,－－－－－－－－－－,20.0,0.0,0.0,30.0,0.0,0.0,-1110.0,2810.0,yonden
2019,5,2019-05-09,05:00,2730.0,880.0,2600.0,190.0,－－－－－－－－－－,20.0,20.0,0.0,10.0,0.0,0.0,-990.0,2730.0,yonden
2019,5,2019-05-09,06:00,2560.0,880.0,2490.0,200.0,－－－－－－－－－－,20.0,60.0,0.0,10.0,0.0,0.0,-1100.0,2560.0,yonden
2019,5,2019-05-09,07:00,2530.0,880.0,2640.0,190.0,－－－－－－－－－－,20.0,120.0,0.0,0.0,0.0,0.0,-1320.0,2530.0,yonden
2019,5,2019-05-09,08:00,2840.0,880.0,2670.0,140.0,－－－－－－－－－－,20.0,320.0,0.0,10.0,0.0,10.0,-1210.0,2840.0,yonden
2019,5,2019-05-09,09:00,2980.0,880.0,2480.0,180.0,－－－－－－－－－－,20.0,600.0,0.0,20.0,0.0,20.0,-1220.0,2980.0,yonden
2019,5,2019-05-09,10:00,3010.0,880.0,2410.0,180.0,－－－－－－－－－－,10.0,750.0,0.0,20.0,0.0,20.0,-1260.0,3010.0,yonden
2019,5,2019-05-09,11:00,3010.0,880.0,2290.0,190.0,－－－－－－－－－－,10.0,950.0,0.0,10.0,0.0,10.0,-1330.0,3010.0,yonden
2019,5,2019-05-09,12:00,2780.0,880.0,2380.0,200.0,－－－－－－－－－－,20.0,1020.0,0.0,10.0,0.0,-280.0,-1450.0,2780.0,yonden
2019,5,2019-05-09,13:00,2890.0,880.0,2110.0,170.0,－－－－－－－－－－,20.0,1100.0,0.0,20.0,0.0,0.0,-1410.0,2890.0,yonden
2019,5,2019-05-09,14:00,2930.0,880.0,2180.0,180.0,－－－－－－－－－－,20.0,1040.0,0.0,10.0,0.0,0.0,-1380.0,2930.0,yonden
2019,5,2019-05-09,15:00,2920.0,880.0,2390.0,190.0,－－－－－－－－－－,20.0,800.0,0.0,10.0,0.0,0.0,-1370.0,2920.0,yonden
2019,5,2019-05-09,16:00,2940.0,880.0,2600.0,280.0,－－－－－－－－－－,20.0,530.0,0.0,0.0,0.0,0.0,-1370.0,2940.0,yonden
2019,5,2019-05-09,17:00,2920.0,880.0,2740.0,350.0,－－－－－－－－－－,20.0,250.0,0.0,0.0,0.0,70.0,-1390.0,2920.0,yonden
2019,5,2019-05-09,18:00,2950.0,880.0,2710.0,420.0,－－－－－－－－－－,20.0,30.0,0.0,0.0,0.0,250.0,-1360.0,2950.0,yonden
2019,5,2019-05-09,19:00,2960.0,880.0,2660.0,430.0,－－－－－－－－－－,20.0,0.0,0.0,10.0,0.0,280.0,-1320.0,2960.0,yonden
2019,5,2019-05-09,20:00,2830.0,880.0,2680.0,380.0,－－－－－－－－－－,20.0,0.0,0.0,10.0,0.0,220.0,-1360.0,2830.0,yonden
2019,5,2019-05-09,21:00,2650.0,880.0,2670.0,290.0,－－－－－－－－－－,20.0,0.0,0.0,10.0,0.0,160.0,-1380.0,2650.0,yonden
2019,5,2019-05-09,22:00,2450.0,880.0,2570.0,180.0,－－－－－－－－－－,20.0,0.0,0.0,0.0,0.0,20.0,-1220.0,2450.0,yonden
2019,5,2019-05-09,23:00,2370.0,880.0,2470.0,160.0,－－－－－－－－－－,20.0,0.0,0.0,0.0,0.0,0.0,-1160.0,2370.0,yonden
2019,5,2019-05-10,00:00,2270.0,880.0,2510.0,170.0,－－－－－－－－－－,20.0,0.0,0.0,0.0,0.0,0.0,-1310.0,2270.0,yonden
2019,5,2019-05-10,01:00,2300.0,880.0,2540.0,160.0,－－－－－－－－－－,20.0,0.0,0.0,10.0,0.0,0.0,-1310.0,2300.0,yonden
2019,5,2019-05-10,02:00,2490.0,880.0,2600.0,220.0,－－－－－－－－－－,20.0,0.0,0.0,10.0,0.0,110.0,-1350.0,2490.0,yonden
2019,5,2019-05-10,03:00,2750.0,880.0,2670.0,340.0,－－－－－－－－－－,20.0,0.0,0.0,10.0,0.0,160.0,-1330.0,2750.0,yonden
2019,5,2019-05-10,04:00,2850.0,880.0,2660.0,310.0,－－－－－－－－－－,20.0,0.0,0.0,10.0,0.0,170.0,-1200.0,2850.0,yonden
2019,5,2019-05-10,05:00,2770.0,880.0,2550.0,250.0,－－－－－－－－－－,20.0,60.0,0.0,10.0,0.0,70.0,-1070.0,2770.0,yonden
2019,5,2019-05-10,06:00,2600.0,880.0,2240.0,200.0,－－－－－－－－－－,20.0,350.0,0.0,10.0,0.0,0.0,-1100.0,2600.0,yonden
2019,5,2019-05-10,07:00,2450.0,880.0,2090.0,160.0,－－－－－－－－－－,20.0,690.0,0.0,0.0,0.0,0.0,-1390.0,2450.0,yonden
2019,5,2019-05-10,08:00,2740.0,880.0,1990.0,150.0,－－－－－－－－－－,20.0,1060.0,0.0,0.0,0.0,0.0,-1360.0,2740.0,yonden
2019,5,2019-05-10,09:00,2910.0,880.0,1910.0,110.0,－－－－－－－－－－,20.0,1390.0,0.0,0.0,0.0,0.0,-1400.0,2910.0,yonden
2019,5,2019-05-10,10:00,2950.0,880.0,1890.0,170.0,－－－－－－－－－－,20.0,1710.0,0.0,0.0,0.0,-260.0,-1460.0,2950.0,yonden
2019,5,2019-05-10,11:00,2990.0,880.0,1880.0,200.0,－－－－－－－－－－,20.0,1820.0,0.0,0.0,0.0,-310.0,-1500.0,2990.0,yonden
2019,5,2019-05-10,12:00,2850.0,880.0,1900.0,180.0,－－－－－－－－－－,20.0,1790.0,0.0,0.0,0.0,-300.0,-1620.0,2850.0,yonden
2019,5,2019-05-10,13:00,3050.0,880.0,2010.0,190.0,－－－－－－－－－－,20.0,1580.0,0.0,0.0,0.0,-180.0,-1450.0,3050.0,yonden
2019,5,2019-05-10,14:00,2970.0,880.0,2000.0,130.0,－－－－－－－－－－,10.0,1340.0,0.0,0.0,0.0,0.0,-1390.0,2970.0,yonden
2019,5,2019-05-10,15:00,2940.0,880.0,2160.0,140.0,－－－－－－－－－－,10.0,1110.0,0.0,0.0,0.0,0.0,-1360.0,2940.0,yonden
2019,5,2019-05-10,16:00,2990.0,880.0,2500.0,210.0,－－－－－－－－－－,20.0,710.0,0.0,0.0,0.0,10.0,-1340.0,2990.0,yonden
2019,5,2019-05-10,17:00,2960.0,880.0,2890.0,260.0,－－－－－－－－－－,20.0,310.0,0.0,10.0,0.0,40.0,-1450.0,2960.0,yonden
2019,5,2019-05-10,18:00,2970.0,880.0,2980.0,380.0,－－－－－－－－－－,20.0,40.0,0.0,10.0,0.0,180.0,-1520.0,2970.0,yonden
2019,5,2019-05-10,19:00,2940.0,880.0,2980.0,410.0,－－－－－－－－－－,20.0,0.0,0.0,10.0,0.0,200.0,-1560.0,2940.0,yonden
2019,5,2019-05-10,20:00,2820.0,880.0,2950.0,310.0,－－－－－－－－－－,20.0,0.0,0.0,10.0,0.0,220.0,-1570.0,2820.0,yonden
2019,5,2019-05-10,21:00,2640.0,880.0,2860.0,230.0,－－－－－－－－－－,20.0,0.0,0.0,20.0,0.0,20.0,-1390.0,2640.0,yonden
2019,5,2019-05-10,22:00,2460.0,880.0,2650.0,180.0,－－－－－－－－－－,20.0,0.0,0.0,10.0,0.0,0.0,-1280.0,2460.0,yonden
2019,5,2019-05-10,23:00,2370.0,880.0,2580.0,160.0,－－－－－－－－－－,20.0,0.0,0.0,10.0,0.0,0.0,-1280.0,2370.0,yonden
2019,5,2019-05-11,00:00,2260.0,880.0,2340.0,160.0,－－－－－－－－－－,20.0,0.0,0.0,0.0,0.0,0.0,-1140.0,2260.0,yonden
2019,5,2019-05-11,01:00,2260.0,880.0,2300.0,120.0,－－－－－－－－－－,20.0,0.0,0.0,0.0,0.0,0.0,-1060.0,2260.0,yonden
2019,5,2019-05-11,02:00,2450.0,880.0,2450.0,150.0,－－－－－－－－－－,20.0,0.0,0.0,0.0,0.0,0.0,-1050.0,2450.0,yonden
2019,5,2019-05-11,03:00,2700.0,880.0,2550.0,190.0,－－－－－－－－－－,20.0,0.0,0.0,0.0,0.0,10.0,-950.0,2700.0,yonden
2019,5,2019-05-11,04:00,2780.0,880.0,2550.0,210.0,－－－－－－－－－－,20.0,0.0,0.0,0.0,0.0,30.0,-910.0,2780.0,yonden
2019,5,2019-05-11,05:00,2680.0,880.0,2470.0,150.0,－－－－－－－－－－,20.0,70.0,0.0,0.0,0.0,10.0,-920.0,2680.0,yonden
2019,5,2019-05-11,06:00,2430.0,890.0,2120.0,150.0,－－－－－－－－－－,20.0,380.0,0.0,0.0,0.0,0.0,-1130.0,2430.0,yonden
2019,5,2019-05-11,07:00,2290.0,880.0,1920.0,160.0,－－－－－－－－－－,20.0,780.0,0.0,0.0,0.0,0.0,-1470.0,2290.0,yonden
2019,5,2019-05-11,08:00,2480.0,880.0,1860.0,150.0,－－－－－－－－－－,20.0,1180.0,0.0,0.0,0.0,-120.0,-1490.0,2480.0,yonden
2019,5,2019-05-11,09:00,2630.0,880.0,1940.0,150.0,－－－－－－－－－－,20.0,1510.0,0.0,0.0,0.0,-310.0,-1560.0,2630.0,yonden
2019,5,2019-05-11,10:00,2700.0,880.0,2030.0,130.0,－－－－－－－－－－,20.0,1740.0,0.0,0.0,0.0,-550.0,-1550.0,2700.0,yonden
2019,5,2019-05-11,11:00,2740.0,880.0,2050.0,140.0,－－－－－－－－－－,20.0,1830.0,0.0,0.0,0.0,-590.0,-1590.0,2740.0,yonden
2019,5,2019-05-11,12:00,2640.0,880.0,1990.0,160.0,－－－－－－－－－－,20.0,1830.0,0.0,0.0,0.0,-590.0,-1650.0,2640.0,yonden
2019,5,2019-05-11,13:00,2730.0,880.0,2000.0,150.0,－－－－－－－－－－,20.0,1740.0,0.0,0.0,0.0,-560.0,-1500.0,2730.0,yonden
2019,5,2019-05-11,14:00,2700.0,880.0,2070.0,130.0,－－－－－－－－－－,20.0,1510.0,0.0,0.0,0.0,-300.0,-1610.0,2700.0,yonden
2019,5,2019-05-11,15:00,2680.0,880.0,2150.0,150.0,－－－－－－－－－－,20.0,1150.0,0.0,0.0,0.0,-110.0,-1560.0,2680.0,yonden
2019,5,2019-05-11,16:00,2720.0,880.0,2260.0,180.0,－－－－－－－－－－,20.0,730.0,0.0,0.0,0.0,100.0,-1450.0,2720.0,yonden
2019,5,2019-05-11,17:00,2760.0,880.0,2370.0,220.0,－－－－－－－－－－,20.0,340.0,0.0,0.0,0.0,510.0,-1580.0,2760.0,yonden
2019,5,2019-05-11,18:00,2770.0,880.0,2400.0,280.0,－－－－－－－－－－,20.0,50.0,0.0,0.0,0.0,600.0,-1460.0,2770.0,yonden
2019,5,2019-05-11,19:00,2750.0,890.0,2380.0,220.0,－－－－－－－－－－,20.0,0.0,0.0,0.0,0.0,560.0,-1320.0,2750.0,yonden
2019,5,2019-05-11,20:00,2650.0,880.0,2390.0,190.0,－－－－－－－－－－,20.0,0.0,0.0,10.0,0.0,520.0,-1360.0,2650.0,yonden
2019,5,2019-05-11,21:00,2490.0,890.0,2400.0,180.0,－－－－－－－－－－,20.0,0.0,0.0,10.0,0.0,400.0,-1410.0,2490.0,yonden
2019,5,2019-05-11,22:00,2310.0,880.0,2430.0,200.0,－－－－－－－－－－,20.0,0.0,0.0,10.0,0.0,150.0,-1380.0,2310.0,yonden
2019,5,2019-05-11,23:00,2220.0,880.0,2370.0,170.0,－－－－－－－－－－,20.0,0.0,0.0,0.0,0.0,0.0,-1220.0,2220.0,yonden
2019,5,2019-05-12,00:00,2110.0,880.0,2200.0,120.0,－－－－－－－－－－,20.0,0.0,0.0,0.0,0.0,0.0,-1110.0,2110.0,yonden
2019,5,2019-05-12,01:00,2120.0,880.0,2210.0,110.0,－－－－－－－－－－,20.0,0.0,0.0,0.0,0.0,0.0,-1100.0,2120.0,yonden
2019,5,2019-05-12,02:00,2290.0,880.0,2240.0,90.0,－－－－－－－－－－,20.0,0.0,0.0,0.0,0.0,0.0,-940.0,2290.0,yonden
2019,5,2019-05-12,03:00,2520.0,880.0,2280.0,130.0,－－－－－－－－－－,20.0,0.0,0.0,10.0,0.0,20.0,-820.0,2520.0,yonden
2019,5,2019-05-12,04:00,2620.0,880.0,2300.0,190.0,－－－－－－－－－－,20.0,0.0,0.0,10.0,0.0,20.0,-800.0,2620.0,yonden
2019,5,2019-05-12,05:00,2530.0,880.0,2280.0,170.0,－－－－－－－－－－,20.0,70.0,0.0,10.0,0.0,10.0,-910.0,2530.0,yonden
2019,5,2019-05-12,06:00,2230.0,890.0,2080.0,160.0,－－－－－－－－－－,20.0,310.0,0.0,0.0,0.0,0.0,-1230.0,2230.0,yonden
2019,5,2019-05-12,07:00,2030.0,880.0,1690.0,150.0,－－－－－－－－－－,20.0,660.0,0.0,0.0,0.0,-60.0,-1310.0,2030.0,yonden
2019,5,2019-05-12,08:00,2040.0,880.0,1580.0,140.0,－－－－－－－－－－,20.0,1090.0,0.0,0.0,0.0,-480.0,-1190.0,2040.0,yonden
2019,5,2019-05-12,09:00,2130.0,890.0,1430.0,100.0,－－－－－－－－－－,20.0,1450.0,0.0,0.0,0.0,-600.0,-1160.0,2130.0,yonden
2019,5,2019-05-12,10:00,2220.0,880.0,1250.0,100.0,－－－－－－－－－－,20.0,1690.0,0.0,0.0,0.0,-590.0,-1130.0,2220.0,yonden
2019,5,2019-05-12,11:00,2300.0,880.0,1190.0,150.0,－－－－－－－－－－,20.0,1790.0,0.0,0.0,0.0,-590.0,-1140.0,2300.0,yonden
2019,5,2019-05-12,12:00,2400.0,880.0,1360.0,170.0,－－－－－－－－－－,20.0,1770.0,0.0,0.0,0.0,-590.0,-1210.0,2400.0,yonden
2019,5,2019-05-12,13:00,2360.0,890.0,1480.0,130.0,－－－－－－－－－－,20.0,1630.0,0.0,0.0,0.0,-590.0,-1200.0,2360.0,yonden
2019,5,2019-05-12,14:00,2280.0,880.0,1710.0,110.0,－－－－－－－－－－,20.0,1330.0,0.0,10.0,0.0,-420.0,-1360.0,2280.0,yonden
2019,5,2019-05-12,15:00,2280.0,890.0,1840.0,140.0,－－－－－－－－－－,20.0,1000.0,0.0,20.0,0.0,-30.0,-1600.0,2280.0,yonden
2019,5,2019-05-12,16:00,2370.0,890.0,2210.0,190.0,－－－－－－－－－－,20.0,580.0,0.0,30.0,0.0,20.0,-1570.0,2370.0,yonden
2019,5,2019-05-12,17:00,2480.0,880.0,2350.0,180.0,－－－－－－－－－－,20.0,240.0,0.0,30.0,0.0,30.0,-1250.0,2480.0,yonden
2019,5,2019-05-12,18:00,2560.0,880.0,2470.0,190.0,－－－－－－－－－－,20.0,30.0,0.0,30.0,0.0,240.0,-1300.0,2560.0,yonden
2019,5,2019-05-12,19:00,2600.0,890.0,2440.0,180.0,－－－－－－－－－－,20.0,0.0,0.0,40.0,0.0,250.0,-1220.0,2600.0,yonden
2019,5,2019-05-12,20:00,2520.0,880.0,2470.0,160.0,－－－－－－－－－－,20.0,0.0,0.0,30.0,0.0,250.0,-1290.0,2520.0,yonden
2019,5,2019-05-12,21:00,2380.0,880.0,2440.0,140.0,－－－－－－－－－－,20.0,0.0,0.0,30.0,0.0,230.0,-1360.0,2380.0,yonden
2019,5,2019-05-12,22:00,2220.0,880.0,2380.0,160.0,－－－－－－－－－－,20.0,0.0,0.0,30.0,0.0,20.0,-1270.0,2220.0,yonden
2019,5,2019-05-12,23:00,2140.0,880.0,2250.0,150.0,－－－－－－－－－－,20.0,0.0,0.0,20.0,0.0,0.0,-1180.0,2140.0,yonden
2019,5,2019-05-13,00:00,2030.0,880.0,2140.0,120.0,－－－－－－－－－－,20.0,0.0,0.0,10.0,0.0,0.0,-1140.0,2030.0,yonden
2019,5,2019-05-13,01:00,2060.0,880.0,2150.0,120.0,－－－－－－－－－－,20.0,0.0,0.0,10.0,0.0,0.0,-1120.0,2060.0,yonden
2019,5,2019-05-13,02:00,2250.0,880.0,2250.0,120.0,－－－－－－－－－－,20.0,0.0,0.0,10.0,0.0,0.0,-1030.0,2250.0,yonden
2019,5,2019-05-13,03:00,2500.0,880.0,2320.0,230.0,－－－－－－－－－－,20.0,0.0,0.0,20.0,0.0,30.0,-1000.0,2500.0,yonden
2019,5,2019-05-13,04:00,2630.0,880.0,2420.0,230.0,－－－－－－－－－－,20.0,0.0,0.0,20.0,0.0,30.0,-970.0,2630.0,yonden
2019,5,2019-05-13,05:00,2590.0,880.0,2400.0,180.0,－－－－－－－－－－,20.0,70.0,0.0,10.0,0.0,0.0,-970.0,2590.0,yonden
2019,5,2019-05-13,06:00,2420.0,880.0,2140.0,170.0,－－－－－－－－－－,20.0,350.0,0.0,0.0,0.0,0.0,-1140.0,2420.0,yonden
2019,5,2019-05-13,07:00,2340.0,880.0,1990.0,160.0,－－－－－－－－－－,20.0,710.0,0.0,0.0,0.0,0.0,-1420.0,2340.0,yonden
2019,5,2019-05-13,08:00,2680.0,880.0,2050.0,150.0,－－－－－－－－－－,20.0,1090.0,0.0,0.0,0.0,0.0,-1510.0,2680.0,yonden
2019,5,2019-05-13,09:00,2940.0,880.0,2150.0,110.0,－－－－－－－－－－,20.0,1420.0,0.0,0.0,0.0,0.0,-1640.0,2940.0,yonden
2019,5,2019-05-13,10:00,3020.0,880.0,2140.0,110.0,－－－－－－－－－－,20.0,1640.0,0.0,10.0,0.0,0.0,-1780.0,3020.0,yonden
2019,5,2019-05-13,11:00,3100.0,880.0,2120.0,120.0,－－－－－－－－－－,20.0,1780.0,0.0,30.0,0.0,-170.0,-1680.0,3100.0,yonden
2019,5,2019-05-13,12:00,2890.0,880.0,2060.0,150.0,－－－－－－－－－－,10.0,1820.0,0.0,50.0,0.0,-290.0,-1790.0,2890.0,yonden
2019,5,2019-05-13,13:00,3100.0,880.0,2160.0,140.0,－－－－－－－－－－,20.0,1690.0,0.0,60.0,0.0,-120.0,-1730.0,3100.0,yonden
2019,5,2019-05-13,14:00,3110.0,880.0,2450.0,140.0,－－－－－－－－－－,20.0,1420.0,0.0,70.0,0.0,0.0,-1870.0,3110.0,yonden
2019,5,2019-05-13,15:00,3100.0,880.0,2720.0,180.0,－－－－－－－－－－,20.0,990.0,0.0,70.0,0.0,0.0,-1760.0,3100.0,yonden
2019,5,2019-05-13,16:00,3090.0,880.0,2850.0,270.0,－－－－－－－－－－,20.0,560.0,0.0,70.0,0.0,0.0,-1560.0,3090.0,yonden
2019,5,2019-05-13,17:00,3010.0,880.0,2960.0,310.0,－－－－－－－－－－,20.0,210.0,0.0,70.0,0.0,20.0,-1460.0,3010.0,yonden
2019,5,2019-05-13,18:00,3020.0,880.0,3080.0,320.0,－－－－－－－－－－,20.0,30.0,0.0,70.0,0.0,230.0,-1610.0,3020.0,yonden
2019,5,2019-05-13,19:00,2990.0,880.0,3040.0,300.0,－－－－－－－－－－,20.0,0.0,0.0,80.0,0.0,240.0,-1570.0,2990.0,yonden
2019,5,2019-05-13,20:00,2830.0,880.0,3070.0,340.0,－－－－－－－－－－,20.0,0.0,0.0,90.0,0.0,60.0,-1630.0,2830.0,yonden
2019,5,2019-05-13,21:00,2650.0,880.0,2840.0,280.0,－－－－－－－－－－,20.0,0.0,0.0,90.0,0.0,30.0,-1490.0,2650.0,yonden
2019,5,2019-05-13,22:00,2470.0,880.0,2680.0,200.0,－－－－－－－－－－,20.0,0.0,0.0,80.0,0.0,10.0,-1400.0,2470.0,yonden
2019,5,2019-05-13,23:00,2380.0,890.0,2560.0,130.0,－－－－－－－－－－,20.0,0.0,0.0,70.0,0.0,0.0,-1290.0,2380.0,yonden
2019,5,2019-05-14,00:00,2270.0,880.0,2510.0,150.0,－－－－－－－－－－,20.0,0.0,0.0,80.0,0.0,0.0,-1370.0,2270.0,yonden
2019,5,2019-05-14,01:00,2270.0,880.0,2580.0,130.0,－－－－－－－－－－,20.0,0.0,0.0,60.0,0.0,0.0,-1400.0,2270.0,yonden
2019,5,2019-05-14,02:00,2440.0,880.0,2730.0,150.0,－－－－－－－－－－,20.0,0.0,0.0,40.0,0.0,0.0,-1380.0,2440.0,yonden
2019,5,2019-05-14,03:00,2660.0,880.0,2850.0,290.0,－－－－－－－－－－,20.0,0.0,0.0,30.0,0.0,0.0,-1410.0,2660.0,yonden
2019,5,2019-05-14,04:00,2760.0,880.0,2910.0,260.0,－－－－－－－－－－,10.0,0.0,0.0,30.0,0.0,0.0,-1330.0,2760.0,yonden
2019,5,2019-05-14,05:00,2720.0,880.0,2730.0,180.0,－－－－－－－－－－,20.0,40.0,0.0,50.0,0.0,0.0,-1180.0,2720.0,yonden
2019,5,2019-05-14,06:00,2530.0,880.0,2570.0,150.0,－－－－－－－－－－,20.0,90.0,0.0,70.0,0.0,0.0,-1250.0,2530.0,yonden
2019,5,2019-05-14,07:00,2560.0,890.0,2800.0,170.0,－－－－－－－－－－,20.0,180.0,0.0,70.0,0.0,10.0,-1580.0,2560.0,yonden
2019,5,2019-05-14,08:00,2920.0,880.0,2930.0,220.0,－－－－－－－－－－,20.0,270.0,0.0,50.0,0.0,300.0,-1750.0,2920.0,yonden
2019,5,2019-05-14,09:00,3110.0,880.0,2970.0,230.0,－－－－－－－－－－,20.0,500.0,0.0,50.0,0.0,330.0,-1870.0,3110.0,yonden
2019,5,2019-05-14,10:00,3180.0,880.0,3020.0,240.0,－－－－－－－－－－,20.0,830.0,0.0,50.0,0.0,50.0,-1910.0,3180.0,yonden
2019,5,2019-05-14,11:00,3210.0,880.0,2910.0,210.0,－－－－－－－－－－,20.0,1030.0,0.0,50.0,0.0,0.0,-1890.0,3210.0,yonden
2019,5,2019-05-14,12:00,3020.0,880.0,2860.0,180.0,－－－－－－－－－－,20.0,1010.0,0.0,40.0,0.0,0.0,-1970.0,3020.0,yonden
2019,5,2019-05-14,13:00,3180.0,880.0,3050.0,240.0,－－－－－－－－－－,20.0,750.0,0.0,20.0,0.0,200.0,-1980.0,3180.0,yonden
2019,5,2019-05-14,14:00,3170.0,880.0,3090.0,280.0,－－－－－－－－－－,20.0,510.0,0.0,30.0,0.0,360.0,-2000.0,3170.0,yonden
2019,5,2019-05-14,15:00,3040.0,880.0,3110.0,300.0,－－－－－－－－－－,20.0,430.0,0.0,20.0,0.0,340.0,-2060.0,3040.0,yonden
2019,5,2019-05-14,16:00,3020.0,880.0,3130.0,270.0,－－－－－－－－－－,20.0,290.0,0.0,20.0,0.0,250.0,-1840.0,3020.0,yonden
2019,5,2019-05-14,17:00,2980.0,880.0,3130.0,300.0,－－－－－－－－－－,20.0,140.0,0.0,20.0,0.0,250.0,-1760.0,2980.0,yonden
2019,5,2019-05-14,18:00,3020.0,880.0,3150.0,390.0,－－－－－－－－－－,20.0,20.0,0.0,20.0,0.0,170.0,-1630.0,3020.0,yonden
2019,5,2019-05-14,19:00,2990.0,880.0,3080.0,390.0,－－－－－－－－－－,20.0,0.0,0.0,10.0,0.0,150.0,-1540.0,2990.0,yonden
2019,5,2019-05-14,20:00,2850.0,890.0,3070.0,290.0,－－－－－－－－－－,20.0,0.0,0.0,10.0,0.0,90.0,-1520.0,2850.0,yonden
2019,5,2019-05-14,21:00,2680.0,880.0,2880.0,190.0,－－－－－－－－－－,20.0,0.0,0.0,20.0,0.0,0.0,-1310.0,2680.0,yonden
2019,5,2019-05-14,22:00,2480.0,880.0,2760.0,160.0,－－－－－－－－－－,20.0,0.0,0.0,10.0,0.0,0.0,-1350.0,2480.0,yonden
2019,5,2019-05-14,23:00,2390.0,880.0,2740.0,140.0,－－－－－－－－－－,20.0,0.0,0.0,20.0,0.0,-30.0,-1380.0,2390.0,yonden
2019,5,2019-05-15,00:00,2280.0,880.0,2600.0,150.0,－－－－－－－－－－,20.0,0.0,0.0,10.0,0.0,-300.0,-1080.0,2280.0,yonden
2019,5,2019-05-15,01:00,2260.0,880.0,2510.0,150.0,－－－－－－－－－－,20.0,0.0,0.0,10.0,0.0,-300.0,-1010.0,2260.0,yonden
2019,5,2019-05-15,02:00,2450.0,880.0,2560.0,140.0,－－－－－－－－－－,20.0,0.0,0.0,10.0,0.0,-30.0,-1130.0,2450.0,yonden
2019,5,2019-05-15,03:00,2690.0,880.0,2790.0,260.0,－－－－－－－－－－,20.0,0.0,0.0,10.0,0.0,0.0,-1270.0,2690.0,yonden
2019,5,2019-05-15,04:00,2800.0,880.0,2860.0,300.0,－－－－－－－－－－,20.0,0.0,0.0,10.0,0.0,0.0,-1270.0,2800.0,yonden
2019,5,2019-05-15,05:00,2740.0,880.0,2810.0,240.0,－－－－－－－－－－,20.0,60.0,0.0,10.0,0.0,0.0,-1280.0,2740.0,yonden
2019,5,2019-05-15,06:00,2550.0,880.0,2670.0,200.0,－－－－－－－－－－,20.0,280.0,0.0,0.0,0.0,-30.0,-1470.0,2550.0,yonden
2019,5,2019-05-15,07:00,2480.0,880.0,2500.0,190.0,－－－－－－－－－－,20.0,590.0,0.0,0.0,0.0,-300.0,-1400.0,2480.0,yonden
2019,5,2019-05-15,08:00,2790.0,880.0,2460.0,150.0,－－－－－－－－－－,20.0,1030.0,0.0,0.0,0.0,-300.0,-1450.0,2790.0,yonden
2019,5,2019-05-15,09:00,2940.0,880.0,2390.0,140.0,－－－－－－－－－－,20.0,1430.0,0.0,0.0,0.0,-300.0,-1620.0,2940.0,yonden
2019,5,2019-05-15,10:00,3000.0,880.0,2220.0,150.0,－－－－－－－－－－,20.0,1660.0,0.0,10.0,0.0,-300.0,-1640.0,3000.0,yonden
2019,5,2019-05-15,11:00,3070.0,880.0,2140.0,150.0,－－－－－－－－－－,20.0,1760.0,0.0,10.0,0.0,-300.0,-1590.0,3070.0,yonden
2019,5,2019-05-15,12:00,2880.0,880.0,1890.0,160.0,－－－－－－－－－－,20.0,1790.0,0.0,10.0,0.0,-300.0,-1570.0,2880.0,yonden
2019,5,2019-05-15,13:00,3070.0,880.0,2010.0,160.0,－－－－－－－－－－,20.0,1710.0,0.0,10.0,0.0,-290.0,-1430.0,3070.0,yonden
2019,5,2019-05-15,14:00,3040.0,880.0,2320.0,190.0,－－－－－－－－－－,20.0,1480.0,0.0,10.0,0.0,-290.0,-1570.0,3040.0,yonden
2019,5,2019-05-15,15:00,3000.0,880.0,2490.0,220.0,－－－－－－－－－－,20.0,1090.0,0.0,10.0,0.0,-40.0,-1670.0,3000.0,yonden
2019,5,2019-05-15,16:00,3060.0,880.0,2980.0,270.0,－－－－－－－－－－,20.0,650.0,0.0,10.0,0.0,40.0,-1790.0,3060.0,yonden
2019,5,2019-05-15,17:00,3050.0,880.0,3030.0,340.0,－－－－－－－－－－,20.0,300.0,0.0,10.0,0.0,170.0,-1700.0,3050.0,yonden
2019,5,2019-05-15,18:00,3040.0,880.0,3050.0,380.0,－－－－－－－－－－,20.0,40.0,0.0,20.0,0.0,270.0,-1620.0,3040.0,yonden
2019,5,2019-05-15,19:00,3010.0,880.0,3030.0,360.0,－－－－－－－－－－,20.0,0.0,0.0,40.0,0.0,260.0,-1580.0,3010.0,yonden
2019,5,2019-05-15,20:00,2880.0,880.0,2970.0,290.0,－－－－－－－－－－,20.0,0.0,0.0,50.0,0.0,240.0,-1570.0,2880.0,yonden
2019,5,2019-05-15,21:00,2710.0,880.0,2950.0,200.0,－－－－－－－－－－,20.0,0.0,0.0,60.0,0.0,230.0,-1630.0,2710.0,yonden
2019,5,2019-05-15,22:00,2510.0,880.0,2920.0,210.0,－－－－－－－－－－,20.0,0.0,0.0,50.0,0.0,10.0,-1580.0,2510.0,yonden
2019,5,2019-05-15,23:00,2420.0,880.0,2810.0,190.0,－－－－－－－－－－,20.0,0.0,0.0,40.0,0.0,0.0,-1520.0,2420.0,yonden
2019,5,2019-05-16,00:00,2310.0,880.0,2550.0,150.0,－－－－－－－－－－,20.0,0.0,0.0,30.0,0.0,0.0,-1320.0,2310.0,yonden
2019,5,2019-05-16,01:00,2280.0,880.0,2460.0,130.0,－－－－－－－－－－,20.0,0.0,0.0,20.0,0.0,0.0,-1230.0,2280.0,yonden
2019,5,2019-05-16,02:00,2440.0,880.0,2530.0,120.0,－－－－－－－－－－,20.0,0.0,0.0,10.0,0.0,0.0,-1120.0,2440.0,yonden
2019,5,2019-05-16,03:00,2670.0,880.0,2570.0,260.0,－－－－－－－－－－,20.0,0.0,0.0,10.0,0.0,0.0,-1070.0,2670.0,yonden
2019,5,2019-05-16,04:00,2790.0,880.0,2610.0,330.0,－－－－－－－－－－,20.0,0.0,0.0,0.0,0.0,0.0,-1050.0,2790.0,yonden
2019,5,2019-05-16,05:00,2750.0,880.0,2490.0,230.0,－－－－－－－－－－,20.0,80.0,0.0,0.0,0.0,0.0,-950.0,2750.0,yonden
2019,5,2019-05-16,06:00,2580.0,880.0,2330.0,170.0,－－－－－－－－－－,20.0,390.0,0.0,0.0,0.0,0.0,-1210.0,2580.0,yonden
2019,5,2019-05-16,07:00,2490.0,880.0,2320.0,140.0,－－－－－－－－－－,20.0,750.0,0.0,0.0,0.0,0.0,-1620.0,2490.0,yonden
2019,5,2019-05-16,08:00,2820.0,880.0,2420.0,150.0,－－－－－－－－－－,20.0,1100.0,0.0,0.0,0.0,0.0,-1750.0,2820.0,yonden
2019,5,2019-05-16,09:00,3070.0,880.0,2460.0,120.0,－－－－－－－－－－,20.0,1340.0,0.0,0.0,0.0,0.0,-1750.0,3070.0,yonden
2019,5,2019-05-16,10:00,3130.0,880.0,2310.0,100.0,－－－－－－－－－－,20.0,1600.0,0.0,0.0,0.0,-10.0,-1770.0,3130.0,yonden
2019,5,2019-05-16,11:00,3140.0,880.0,2190.0,90.0,－－－－－－－－－－,20.0,1790.0,0.0,0.0,0.0,-300.0,-1530.0,3140.0,yonden
2019,5,2019-05-16,12:00,3000.0,880.0,2040.0,110.0,－－－－－－－－－－,20.0,1820.0,0.0,10.0,0.0,-300.0,-1580.0,3000.0,yonden
2019,5,2019-05-16,13:00,3170.0,880.0,2270.0,120.0,－－－－－－－－－－,20.0,1680.0,0.0,10.0,0.0,-190.0,-1620.0,3170.0,yonden
2019,5,2019-05-16,14:00,3170.0,880.0,2410.0,130.0,－－－－－－－－－－,20.0,1470.0,0.0,10.0,0.0,20.0,-1770.0,3170.0,yonden
2019,5,2019-05-16,15:00,3140.0,880.0,2690.0,200.0,－－－－－－－－－－,20.0,1120.0,0.0,40.0,0.0,30.0,-1840.0,3140.0,yonden
2019,5,2019-05-16,16:00,3130.0,880.0,2980.0,270.0,－－－－－－－－－－,20.0,630.0,0.0,50.0,0.0,30.0,-1730.0,3130.0,yonden
2019,5,2019-05-16,17:00,3070.0,880.0,3100.0,310.0,－－－－－－－－－－,20.0,260.0,0.0,50.0,0.0,130.0,-1680.0,3070.0,yonden
2019,5,2019-05-16,18:00,3070.0,880.0,3160.0,350.0,－－－－－－－－－－,20.0,40.0,0.0,60.0,0.0,270.0,-1710.0,3070.0,yonden
2019,5,2019-05-16,19:00,3030.0,880.0,3150.0,340.0,－－－－－－－－－－,20.0,0.0,0.0,70.0,0.0,250.0,-1680.0,3030.0,yonden
2019,5,2019-05-16,20:00,2880.0,880.0,3120.0,290.0,－－－－－－－－－－,20.0,0.0,0.0,70.0,0.0,230.0,-1730.0,2880.0,yonden
2019,5,2019-05-16,21:00,2700.0,880.0,3130.0,260.0,－－－－－－－－－－,20.0,0.0,0.0,80.0,0.0,60.0,-1730.0,2700.0,yonden
2019,5,2019-05-16,22:00,2500.0,880.0,2960.0,160.0,－－－－－－－－－－,20.0,0.0,0.0,80.0,0.0,0.0,-1600.0,2500.0,yonden
2019,5,2019-05-16,23:00,2410.0,880.0,2740.0,140.0,－－－－－－－－－－,20.0,0.0,0.0,90.0,0.0,0.0,-1460.0,2410.0,yonden
2019,5,2019-05-17,00:00,2290.0,880.0,2530.0,140.0,－－－－－－－－－－,20.0,0.0,0.0,70.0,0.0,0.0,-1350.0,2290.0,yonden
2019,5,2019-05-17,01:00,2280.0,880.0,2520.0,130.0,－－－－－－－－－－,20.0,0.0,0.0,60.0,0.0,0.0,-1330.0,2280.0,yonden
2019,5,2019-05-17,02:00,2420.0,880.0,2540.0,120.0,－－－－－－－－－－,20.0,0.0,0.0,50.0,0.0,0.0,-1190.0,2420.0,yonden
2019,5,2019-05-17,03:00,2640.0,880.0,2610.0,220.0,－－－－－－－－－－,20.0,0.0,0.0,50.0,0.0,0.0,-1140.0,2640.0,yonden
2019,5,2019-05-17,04:00,2750.0,880.0,2610.0,250.0,－－－－－－－－－－,20.0,0.0,0.0,40.0,0.0,0.0,-1050.0,2750.0,yonden
2019,5,2019-05-17,05:00,2710.0,880.0,2500.0,210.0,－－－－－－－－－－,20.0,80.0,0.0,40.0,0.0,0.0,-1020.0,2710.0,yonden
2019,5,2019-05-17,06:00,2540.0,880.0,2310.0,160.0,－－－－－－－－－－,20.0,380.0,0.0,40.0,0.0,0.0,-1250.0,2540.0,yonden
2019,5,2019-05-17,07:00,2500.0,880.0,2260.0,120.0,－－－－－－－－－－,20.0,740.0,0.0,40.0,0.0,0.0,-1560.0,2500.0,yonden
2019,5,2019-05-17,08:00,2820.0,880.0,2260.0,100.0,－－－－－－－－－－,20.0,1100.0,0.0,30.0,0.0,0.0,-1570.0,2820.0,yonden
2019,5,2019-05-17,09:00,3040.0,880.0,2200.0,130.0,－－－－－－－－－－,20.0,1500.0,0.0,40.0,0.0,0.0,-1730.0,3040.0,yonden
2019,5,2019-05-17,10:00,3140.0,880.0,2240.0,160.0,－－－－－－－－－－,20.0,1690.0,0.0,40.0,0.0,-120.0,-1770.0,3140.0,yonden
2019,5,2019-05-17,11:00,3210.0,880.0,2380.0,160.0,－－－－－－－－－－,20.0,1760.0,0.0,50.0,0.0,-270.0,-1770.0,3210.0,yonden
2019,5,2019-05-17,12:00,3070.0,880.0,2260.0,150.0,－－－－－－－－－－,20.0,1730.0,0.0,60.0,0.0,-170.0,-1860.0,3070.0,yonden
2019,5,2019-05-17,13:00,3220.0,880.0,2550.0,150.0,－－－－－－－－－－,20.0,1600.0,0.0,70.0,0.0,0.0,-2050.0,3220.0,yonden
2019,5,2019-05-17,14:00,3190.0,880.0,2690.0,170.0,－－－－－－－－－－,20.0,1400.0,0.0,80.0,0.0,0.0,-2050.0,3190.0,yonden
2019,5,2019-05-17,15:00,3120.0,880.0,2790.0,180.0,－－－－－－－－－－,20.0,1070.0,0.0,100.0,0.0,0.0,-1920.0,3120.0,yonden
2019,5,2019-05-17,16:00,3170.0,880.0,3010.0,220.0,－－－－－－－－－－,20.0,670.0,0.0,100.0,0.0,0.0,-1730.0,3170.0,yonden
2019,5,2019-05-17,17:00,3090.0,880.0,3160.0,320.0,－－－－－－－－－－,20.0,250.0,0.0,100.0,0.0,20.0,-1660.0,3090.0,yonden
2019,5,2019-05-17,18:00,3010.0,880.0,3130.0,370.0,－－－－－－－－－－,20.0,20.0,0.0,90.0,0.0,40.0,-1540.0,3010.0,yonden
2019,5,2019-05-17,19:00,2980.0,880.0,3090.0,380.0,－－－－－－－－－－,20.0,0.0,0.0,100.0,0.0,30.0,-1520.0,2980.0,yonden
2019,5,2019-05-17,20:00,2840.0,880.0,3000.0,300.0,－－－－－－－－－－,20.0,0.0,0.0,100.0,0.0,10.0,-1470.0,2840.0,yonden
2019,5,2019-05-17,21:00,2670.0,880.0,2800.0,170.0,－－－－－－－－－－,20.0,0.0,0.0,90.0,0.0,0.0,-1290.0,2670.0,yonden
2019,5,2019-05-17,22:00,2510.0,880.0,2590.0,130.0,－－－－－－－－－－,20.0,0.0,0.0,100.0,0.0,0.0,-1210.0,2510.0,yonden
2019,5,2019-05-17,23:00,2410.0,880.0,2450.0,130.0,－－－－－－－－－－,20.0,0.0,0.0,100.0,0.0,0.0,-1170.0,2410.0,yonden
2019,5,2019-05-18,00:00,2290.0,880.0,2240.0,130.0,－－－－－－－－－－,20.0,0.0,0.0,90.0,0.0,0.0,-1070.0,2290.0,yonden
2019,5,2019-05-18,01:00,2270.0,880.0,2210.0,100.0,－－－－－－－－－－,20.0,0.0,0.0,90.0,0.0,0.0,-1030.0,2270.0,yonden
2019,5,2019-05-18,02:00,2400.0,880.0,2230.0,70.0,－－－－－－－－－－,20.0,0.0,0.0,100.0,0.0,0.0,-900.0,2400.0,yonden
2019,5,2019-05-18,03:00,2620.0,880.0,2360.0,120.0,－－－－－－－－－－,20.0,0.0,0.0,90.0,0.0,0.0,-850.0,2620.0,yonden
2019,5,2019-05-18,04:00,2720.0,880.0,2350.0,120.0,－－－－－－－－－－,20.0,0.0,0.0,110.0,0.0,0.0,-760.0,2720.0,yonden
2019,5,2019-05-18,05:00,2630.0,880.0,2260.0,130.0,－－－－－－－－－－,20.0,40.0,0.0,100.0,0.0,0.0,-800.0,2630.0,yonden
2019,5,2019-05-18,06:00,2360.0,880.0,2150.0,140.0,－－－－－－－－－－,20.0,180.0,0.0,100.0,0.0,0.0,-1110.0,2360.0,yonden
2019,5,2019-05-18,07:00,2220.0,880.0,2130.0,160.0,－－－－－－－－－－,20.0,360.0,0.0,110.0,0.0,0.0,-1440.0,2220.0,yonden
2019,5,2019-05-18,08:00,2480.0,880.0,2310.0,170.0,－－－－－－－－－－,20.0,430.0,0.0,110.0,0.0,20.0,-1460.0,2480.0,yonden
2019,5,2019-05-18,09:00,2650.0,880.0,2300.0,140.0,－－－－－－－－－－,20.0,590.0,0.0,110.0,0.0,0.0,-1390.0,2650.0,yonden
2019,5,2019-05-18,10:00,2740.0,880.0,2280.0,110.0,－－－－－－－－－－,20.0,660.0,0.0,110.0,0.0,0.0,-1320.0,2740.0,yonden
2019,5,2019-05-18,11:00,2780.0,880.0,2210.0,100.0,－－－－－－－－－－,20.0,800.0,0.0,120.0,0.0,0.0,-1350.0,2780.0,yonden
2019,5,2019-05-18,12:00,2710.0,880.0,2240.0,110.0,－－－－－－－－－－,20.0,780.0,0.0,110.0,0.0,0.0,-1430.0,2710.0,yonden
2019,5,2019-05-18,13:00,2740.0,880.0,2410.0,110.0,－－－－－－－－－－,20.0,580.0,0.0,110.0,0.0,0.0,-1370.0,2740.0,yonden
2019,5,2019-05-18,14:00,2640.0,880.0,2420.0,120.0,－－－－－－－－－－,20.0,370.0,0.0,100.0,0.0,0.0,-1270.0,2640.0,yonden
2019,5,2019-05-18,15:00,2550.0,880.0,2350.0,130.0,－－－－－－－－－－,20.0,190.0,0.0,110.0,0.0,0.0,-1130.0,2550.0,yonden
2019,5,2019-05-18,16:00,2560.0,880.0,2410.0,150.0,－－－－－－－－－－,20.0,80.0,0.0,100.0,0.0,10.0,-1090.0,2560.0,yonden
2019,5,2019-05-18,17:00,2630.0,880.0,2470.0,200.0,－－－－－－－－－－,20.0,10.0,0.0,100.0,0.0,20.0,-1070.0,2630.0,yonden
2019,5,2019-05-18,18:00,2730.0,880.0,2590.0,310.0,－－－－－－－－－－,20.0,0.0,0.0,90.0,0.0,20.0,-1180.0,2730.0,yonden
2019,5,2019-05-18,19:00,2710.0,880.0,2590.0,280.0,－－－－－－－－－－,20.0,0.0,0.0,100.0,0.0,20.0,-1180.0,2710.0,yonden
2019,5,2019-05-18,20:00,2610.0,880.0,2570.0,240.0,－－－－－－－－－－,20.0,0.0,0.0,100.0,0.0,10.0,-1210.0,2610.0,yonden
2019,5,2019-05-18,21:00,2470.0,880.0,2460.0,190.0,－－－－－－－－－－,20.0,0.0,0.0,90.0,0.0,0.0,-1170.0,2470.0,yonden
2019,5,2019-05-18,22:00,2320.0,880.0,2350.0,130.0,－－－－－－－－－－,20.0,0.0,0.0,80.0,0.0,0.0,-1140.0,2320.0,yonden
2019,5,2019-05-18,23:00,2250.0,880.0,2240.0,110.0,－－－－－－－－－－,20.0,0.0,0.0,100.0,0.0,0.0,-1100.0,2250.0,yonden
2019,5,2019-05-19,00:00,2150.0,880.0,2250.0,120.0,－－－－－－－－－－,20.0,0.0,0.0,90.0,0.0,0.0,-1210.0,2150.0,yonden
2019,5,2019-05-19,01:00,2130.0,880.0,2260.0,110.0,－－－－－－－－－－,20.0,0.0,0.0,80.0,0.0,0.0,-1220.0,2130.0,yonden
2019,5,2019-05-19,02:00,2290.0,880.0,2350.0,120.0,－－－－－－－－－－,20.0,0.0,0.0,80.0,0.0,0.0,-1160.0,2290.0,yonden
2019,5,2019-05-19,03:00,2520.0,880.0,2350.0,240.0,－－－－－－－－－－,20.0,0.0,0.0,80.0,0.0,20.0,-1070.0,2520.0,yonden
2019,5,2019-05-19,04:00,2610.0,880.0,2330.0,230.0,－－－－－－－－－－,20.0,0.0,0.0,80.0,0.0,20.0,-950.0,2610.0,yonden
2019,5,2019-05-19,05:00,2510.0,880.0,2140.0,140.0,－－－－－－－－－－,20.0,60.0,0.0,80.0,0.0,0.0,-810.0,2510.0,yonden
2019,5,2019-05-19,06:00,2240.0,880.0,2070.0,150.0,－－－－－－－－－－,20.0,250.0,0.0,90.0,0.0,0.0,-1220.0,2240.0,yonden
2019,5,2019-05-19,07:00,2060.0,880.0,1940.0,170.0,－－－－－－－－－－,20.0,550.0,0.0,90.0,0.0,0.0,-1590.0,2060.0,yonden
2019,5,2019-05-19,08:00,2150.0,880.0,1830.0,160.0,－－－－－－－－－－,20.0,890.0,0.0,90.0,0.0,-180.0,-1540.0,2150.0,yonden
2019,5,2019-05-19,09:00,2280.0,880.0,1930.0,160.0,－－－－－－－－－－,20.0,1110.0,0.0,90.0,0.0,-300.0,-1610.0,2280.0,yonden
2019,5,2019-05-19,10:00,2390.0,880.0,2070.0,130.0,－－－－－－－－－－,20.0,1240.0,0.0,90.0,0.0,-290.0,-1750.0,2390.0,yonden
2019,5,2019-05-19,11:00,2550.0,880.0,2250.0,220.0,－－－－－－－－－－,20.0,960.0,0.0,90.0,0.0,-120.0,-1750.0,2550.0,yonden
2019,5,2019-05-19,12:00,2600.0,880.0,2370.0,200.0,－－－－－－－－－－,20.0,670.0,0.0,110.0,0.0,0.0,-1650.0,2600.0,yonden
2019,5,2019-05-19,13:00,2430.0,880.0,2310.0,160.0,－－－－－－－－－－,20.0,490.0,0.0,120.0,0.0,0.0,-1550.0,2430.0,yonden
2019,5,2019-05-19,14:00,2300.0,880.0,2420.0,160.0,－－－－－－－－－－,20.0,450.0,0.0,90.0,0.0,0.0,-1720.0,2300.0,yonden
2019,5,2019-05-19,15:00,2320.0,880.0,2610.0,220.0,－－－－－－－－－－,20.0,330.0,0.0,90.0,0.0,10.0,-1840.0,2320.0,yonden
2019,5,2019-05-19,16:00,2360.0,880.0,2530.0,270.0,－－－－－－－－－－,20.0,120.0,0.0,100.0,0.0,10.0,-1570.0,2360.0,yonden
2019,5,2019-05-19,17:00,2470.0,880.0,2510.0,300.0,－－－－－－－－－－,20.0,20.0,0.0,110.0,0.0,20.0,-1390.0,2470.0,yonden
2019,5,2019-05-19,18:00,2610.0,880.0,2540.0,390.0,－－－－－－－－－－,20.0,0.0,0.0,100.0,0.0,20.0,-1340.0,2610.0,yonden
2019,5,2019-05-19,19:00,2610.0,880.0,2470.0,360.0,－－－－－－－－－－,20.0,0.0,0.0,90.0,0.0,20.0,-1230.0,2610.0,yonden
2019,5,2019-05-19,20:00,2520.0,880.0,2470.0,330.0,－－－－－－－－－－,20.0,0.0,0.0,70.0,0.0,20.0,-1270.0,2520.0,yonden
2019,5,2019-05-19,21:00,2400.0,880.0,2310.0,320.0,－－－－－－－－－－,20.0,0.0,0.0,90.0,0.0,10.0,-1230.0,2400.0,yonden
2019,5,2019-05-19,22:00,2230.0,880.0,2090.0,210.0,－－－－－－－－－－,20.0,0.0,0.0,100.0,0.0,0.0,-1070.0,2230.0,yonden
2019,5,2019-05-19,23:00,2180.0,880.0,2070.0,190.0,－－－－－－－－－－,20.0,0.0,0.0,100.0,0.0,0.0,-1080.0,2180.0,yonden
2019,5,2019-05-20,00:00,2090.0,880.0,2020.0,220.0,－－－－－－－－－－,20.0,0.0,0.0,90.0,0.0,0.0,-1140.0,2090.0,yonden
2019,5,2019-05-20,01:00,2100.0,880.0,1980.0,240.0,－－－－－－－－－－,20.0,0.0,0.0,90.0,0.0,0.0,-1110.0,2100.0,yonden
2019,5,2019-05-20,02:00,2250.0,880.0,1990.0,230.0,－－－－－－－－－－,20.0,0.0,0.0,90.0,0.0,0.0,-960.0,2250.0,yonden
2019,5,2019-05-20,03:00,2500.0,880.0,2140.0,280.0,－－－－－－－－－－,20.0,0.0,0.0,100.0,0.0,0.0,-920.0,2500.0,yonden
2019,5,2019-05-20,04:00,2620.0,880.0,2150.0,310.0,－－－－－－－－－－,20.0,0.0,0.0,100.0,0.0,0.0,-840.0,2620.0,yonden
2019,5,2019-05-20,05:00,2590.0,880.0,2090.0,300.0,－－－－－－－－－－,20.0,40.0,0.0,100.0,0.0,0.0,-840.0,2590.0,yonden
2019,5,2019-05-20,06:00,2430.0,880.0,2140.0,290.0,－－－－－－－－－－,20.0,100.0,0.0,100.0,0.0,0.0,-1100.0,2430.0,yonden
2019,5,2019-05-20,07:00,2460.0,880.0,2400.0,290.0,－－－－－－－－－－,20.0,180.0,0.0,100.0,0.0,10.0,-1420.0,2460.0,yonden
2019,5,2019-05-20,08:00,2840.0,880.0,2520.0,260.0,－－－－－－－－－－,20.0,380.0,0.0,120.0,0.0,20.0,-1360.0,2840.0,yonden
2019,5,2019-05-20,09:00,3080.0,880.0,2730.0,280.0,－－－－－－－－－－,20.0,460.0,0.0,130.0,0.0,20.0,-1440.0,3080.0,yonden
2019,5,2019-05-20,10:00,3210.0,880.0,2830.0,300.0,－－－－－－－－－－,20.0,600.0,0.0,130.0,0.0,20.0,-1570.0,3210.0,yonden
2019,5,2019-05-20,11:00,3220.0,880.0,2760.0,290.0,－－－－－－－－－－,20.0,730.0,0.0,120.0,0.0,20.0,-1600.0,3220.0,yonden
2019,5,2019-05-20,12:00,3020.0,880.0,2620.0,280.0,－－－－－－－－－－,20.0,730.0,0.0,130.0,0.0,0.0,-1640.0,3020.0,yonden
2019,5,2019-05-20,13:00,3140.0,880.0,2600.0,340.0,－－－－－－－－－－,20.0,670.0,0.0,130.0,0.0,0.0,-1500.0,3140.0,yonden
2019,5,2019-05-20,14:00,3100.0,880.0,2760.0,370.0,－－－－－－－－－－,20.0,430.0,0.0,130.0,0.0,20.0,-1510.0,3100.0,yonden
2019,5,2019-05-20,15:00,3100.0,880.0,2920.0,390.0,－－－－－－－－－－,20.0,230.0,0.0,130.0,0.0,20.0,-1490.0,3100.0,yonden
2019,5,2019-05-20,16:00,3140.0,880.0,2960.0,440.0,－－－－－－－－－－,20.0,100.0,0.0,130.0,0.0,40.0,-1430.0,3140.0,yonden
2019,5,2019-05-20,17:00,3090.0,880.0,2890.0,460.0,－－－－－－－－－－,20.0,50.0,0.0,140.0,0.0,50.0,-1400.0,3090.0,yonden
2019,5,2019-05-20,18:00,3110.0,880.0,2900.0,440.0,－－－－－－－－－－,20.0,10.0,0.0,110.0,0.0,50.0,-1300.0,3110.0,yonden
2019,5,2019-05-20,19:00,3040.0,880.0,2840.0,410.0,－－－－－－－－－－,20.0,0.0,0.0,80.0,0.0,50.0,-1240.0,3040.0,yonden
2019,5,2019-05-20,20:00,2890.0,880.0,2650.0,450.0,－－－－－－－－－－,20.0,0.0,0.0,90.0,0.0,50.0,-1250.0,2890.0,yonden
2019,5,2019-05-20,21:00,2740.0,880.0,2560.0,450.0,－－－－－－－－－－,20.0,0.0,0.0,80.0,0.0,50.0,-1300.0,2740.0,yonden
2019,5,2019-05-20,22:00,2560.0,880.0,2360.0,450.0,－－－－－－－－－－,20.0,0.0,0.0,100.0,0.0,40.0,-1290.0,2560.0,yonden
2019,5,2019-05-20,23:00,2450.0,880.0,2070.0,460.0,－－－－－－－－－－,20.0,0.0,0.0,100.0,0.0,40.0,-1120.0,2450.0,yonden
2019,5,2019-05-21,00:00,2340.0,880.0,1920.0,480.0,－－－－－－－－－－,20.0,0.0,0.0,110.0,0.0,40.0,-1110.0,2340.0,yonden
2019,5,2019-05-21,01:00,2320.0,880.0,1820.0,490.0,－－－－－－－－－－,20.0,0.0,0.0,110.0,0.0,40.0,-1040.0,2320.0,yonden
2019,5,2019-05-21,02:00,2450.0,880.0,1900.0,470.0,－－－－－－－－－－,20.0,0.0,0.0,130.0,0.0,40.0,-990.0,2450.0,yonden
2019,5,2019-05-21,03:00,2670.0,880.0,1930.0,530.0,－－－－－－－－－－,20.0,0.0,0.0,130.0,0.0,40.0,-860.0,2670.0,yonden
2019,5,2019-05-21,04:00,2790.0,880.0,1980.0,500.0,－－－－－－－－－－,20.0,0.0,0.0,150.0,0.0,40.0,-780.0,2790.0,yonden
2019,5,2019-05-21,05:00,2720.0,880.0,1940.0,470.0,－－－－－－－－－－,20.0,40.0,0.0,160.0,0.0,40.0,-830.0,2720.0,yonden
2019,5,2019-05-21,06:00,2480.0,880.0,1860.0,440.0,－－－－－－－－－－,20.0,170.0,0.0,140.0,0.0,40.0,-1070.0,2480.0,yonden
2019,5,2019-05-21,07:00,2420.0,880.0,1950.0,420.0,－－－－－－－－－－,20.0,450.0,0.0,140.0,0.0,-150.0,-1290.0,2420.0,yonden
2019,5,2019-05-21,08:00,2750.0,880.0,2000.0,410.0,－－－－－－－－－－,20.0,910.0,0.0,150.0,0.0,-260.0,-1360.0,2750.0,yonden
2019,5,2019-05-21,09:00,3000.0,880.0,2020.0,390.0,－－－－－－－－－－,20.0,1350.0,0.0,130.0,0.0,-260.0,-1530.0,3000.0,yonden
2019,5,2019-05-21,10:00,3040.0,880.0,1960.0,400.0,－－－－－－－－－－,20.0,1660.0,0.0,120.0,0.0,-260.0,-1740.0,3040.0,yonden
2019,5,2019-05-21,11:00,3020.0,880.0,1770.0,390.0,－－－－－－－－－－,20.0,1820.0,0.0,110.0,0.0,-250.0,-1720.0,3020.0,yonden
2019,5,2019-05-21,12:00,2840.0,880.0,1570.0,400.0,－－－－－－－－－－,20.0,1830.0,0.0,100.0,0.0,-230.0,-1730.0,2840.0,yonden
2019,5,2019-05-21,13:00,3050.0,880.0,1820.0,460.0,－－－－－－－－－－,20.0,1760.0,0.0,60.0,0.0,40.0,-1990.0,3050.0,yonden
2019,5,2019-05-21,14:00,3070.0,880.0,2010.0,460.0,－－－－－－－－－－,20.0,1570.0,0.0,50.0,0.0,40.0,-1960.0,3070.0,yonden
2019,5,2019-05-21,15:00,3010.0,880.0,2150.0,430.0,－－－－－－－－－－,20.0,1230.0,0.0,50.0,0.0,40.0,-1790.0,3010.0,yonden
2019,5,2019-05-21,16:00,3100.0,880.0,2530.0,470.0,－－－－－－－－－－,20.0,820.0,0.0,70.0,0.0,40.0,-1730.0,3100.0,yonden
2019,5,2019-05-21,17:00,3120.0,880.0,2830.0,500.0,－－－－－－－－－－,20.0,400.0,0.0,90.0,0.0,60.0,-1660.0,3120.0,yonden
2019,5,2019-05-21,18:00,3040.0,880.0,2810.0,500.0,－－－－－－－－－－,20.0,80.0,0.0,90.0,0.0,280.0,-1620.0,3040.0,yonden
2019,5,2019-05-21,19:00,2980.0,880.0,2660.0,510.0,－－－－－－－－－－,20.0,0.0,0.0,90.0,0.0,280.0,-1460.0,2980.0,yonden
2019,5,2019-05-21,20:00,2850.0,880.0,2660.0,500.0,－－－－－－－－－－,20.0,0.0,0.0,80.0,0.0,150.0,-1440.0,2850.0,yonden
2019,5,2019-05-21,21:00,2660.0,880.0,2500.0,480.0,－－－－－－－－－－,20.0,0.0,0.0,80.0,0.0,40.0,-1340.0,2660.0,yonden
2019,5,2019-05-21,22:00,2480.0,880.0,2320.0,480.0,－－－－－－－－－－,20.0,0.0,0.0,80.0,0.0,40.0,-1340.0,2480.0,yonden
2019,5,2019-05-21,23:00,2390.0,880.0,2200.0,470.0,－－－－－－－－－－,20.0,0.0,0.0,70.0,0.0,40.0,-1290.0,2390.0,yonden
2019,5,2019-05-22,00:00,2260.0,880.0,2170.0,500.0,－－－－－－－－－－,20.0,0.0,0.0,70.0,0.0,40.0,-1420.0,2260.0,yonden
2019,5,2019-05-22,01:00,2250.0,880.0,2190.0,490.0,－－－－－－－－－－,20.0,0.0,0.0,80.0,0.0,40.0,-1450.0,2250.0,yonden
2019,5,2019-05-22,02:00,2410.0,880.0,2170.0,560.0,－－－－－－－－－－,20.0,0.0,0.0,80.0,0.0,40.0,-1340.0,2410.0,yonden
2019,5,2019-05-22,03:00,2660.0,880.0,2160.0,550.0,－－－－－－－－－－,20.0,0.0,0.0,90.0,0.0,210.0,-1250.0,2660.0,yonden
2019,5,2019-05-22,04:00,2800.0,880.0,2160.0,520.0,－－－－－－－－－－,20.0,0.0,0.0,100.0,0.0,230.0,-1110.0,2800.0,yonden
2019,5,2019-05-22,05:00,2810.0,880.0,2180.0,510.0,－－－－－－－－－－,20.0,100.0,0.0,100.0,0.0,40.0,-1020.0,2810.0,yonden
2019,5,2019-05-22,06:00,2630.0,880.0,2160.0,450.0,－－－－－－－－－－,20.0,410.0,0.0,70.0,0.0,40.0,-1400.0,2630.0,yonden
2019,5,2019-05-22,07:00,2480.0,880.0,2170.0,470.0,－－－－－－－－－－,20.0,720.0,0.0,50.0,0.0,40.0,-1870.0,2480.0,yonden
2019,5,2019-05-22,08:00,2790.0,880.0,2170.0,440.0,－－－－－－－－－－,20.0,1130.0,0.0,40.0,0.0,40.0,-1930.0,2790.0,yonden
2019,5,2019-05-22,09:00,3030.0,880.0,2140.0,410.0,－－－－－－－－－－,20.0,1540.0,0.0,40.0,0.0,-140.0,-1860.0,3030.0,yonden
2019,5,2019-05-22,10:00,3110.0,880.0,1980.0,430.0,－－－－－－－－－－,20.0,1780.0,0.0,60.0,0.0,-260.0,-1780.0,3110.0,yonden
2019,5,2019-05-22,11:00,3150.0,880.0,1980.0,450.0,－－－－－－－－－－,20.0,1850.0,0.0,70.0,0.0,-260.0,-1840.0,3150.0,yonden
2019,5,2019-05-22,12:00,2980.0,880.0,1960.0,420.0,－－－－－－－－－－,20.0,1830.0,0.0,80.0,0.0,-260.0,-1950.0,2980.0,yonden
2019,5,2019-05-22,13:00,3190.0,880.0,2080.0,440.0,－－－－－－－－－－,20.0,1760.0,0.0,80.0,0.0,-250.0,-1820.0,3190.0,yonden
2019,5,2019-05-22,14:00,3160.0,880.0,2090.0,450.0,－－－－－－－－－－,20.0,1550.0,0.0,80.0,0.0,-80.0,-1830.0,3160.0,yonden
2019,5,2019-05-22,15:00,3110.0,880.0,2200.0,420.0,－－－－－－－－－－,20.0,1220.0,0.0,70.0,0.0,30.0,-1730.0,3110.0,yonden
2019,5,2019-05-22,16:00,3140.0,880.0,2560.0,440.0,－－－－－－－－－－,20.0,800.0,0.0,70.0,0.0,20.0,-1650.0,3140.0,yonden
2019,5,2019-05-22,17:00,3110.0,880.0,2740.0,470.0,－－－－－－－－－－,20.0,400.0,0.0,60.0,0.0,40.0,-1500.0,3110.0,yonden
2019,5,2019-05-22,18:00,3050.0,880.0,2740.0,490.0,－－－－－－－－－－,20.0,80.0,0.0,70.0,0.0,250.0,-1480.0,3050.0,yonden
2019,5,2019-05-22,19:00,3000.0,880.0,2690.0,470.0,－－－－－－－－－－,20.0,0.0,0.0,70.0,0.0,270.0,-1400.0,3000.0,yonden
2019,5,2019-05-22,20:00,2860.0,880.0,2740.0,410.0,－－－－－－－－－－,20.0,0.0,0.0,60.0,0.0,270.0,-1520.0,2860.0,yonden
2019,5,2019-05-22,21:00,2670.0,880.0,2710.0,410.0,－－－－－－－－－－,20.0,0.0,0.0,40.0,0.0,180.0,-1570.0,2670.0,yonden
2019,5,2019-05-22,22:00,2480.0,880.0,2550.0,420.0,－－－－－－－－－－,20.0,0.0,0.0,30.0,0.0,30.0,-1450.0,2480.0,yonden
2019,5,2019-05-22,23:00,2380.0,880.0,2380.0,410.0,－－－－－－－－－－,20.0,0.0,0.0,20.0,0.0,20.0,-1350.0,2380.0,yonden
2019,5,2019-05-23,00:00,2270.0,880.0,2450.0,380.0,－－－－－－－－－－,20.0,0.0,0.0,20.0,0.0,10.0,-1490.0,2270.0,yonden
2019,5,2019-05-23,01:00,2270.0,880.0,2350.0,380.0,－－－－－－－－－－,20.0,0.0,0.0,20.0,0.0,0.0,-1380.0,2270.0,yonden
2019,5,2019-05-23,02:00,2410.0,880.0,2290.0,430.0,－－－－－－－－－－,20.0,0.0,0.0,20.0,0.0,20.0,-1250.0,2410.0,yonden
2019,5,2019-05-23,03:00,2670.0,880.0,2420.0,470.0,－－－－－－－－－－,20.0,0.0,0.0,20.0,0.0,40.0,-1180.0,2670.0,yonden
2019,5,2019-05-23,04:00,2800.0,880.0,2420.0,480.0,－－－－－－－－－－,20.0,0.0,0.0,20.0,0.0,30.0,-1050.0,2800.0,yonden
2019,5,2019-05-23,05:00,2800.0,880.0,2380.0,410.0,－－－－－－－－－－,20.0,100.0,0.0,20.0,0.0,30.0,-1040.0,2800.0,yonden
2019,5,2019-05-23,06:00,2640.0,880.0,2260.0,340.0,－－－－－－－－－－,20.0,440.0,0.0,20.0,0.0,20.0,-1340.0,2640.0,yonden
2019,5,2019-05-23,07:00,2490.0,880.0,2100.0,330.0,－－－－－－－－－－,10.0,830.0,0.0,10.0,0.0,20.0,-1690.0,2490.0,yonden
2019,5,2019-05-23,08:00,2780.0,880.0,2070.0,330.0,－－－－－－－－－－,10.0,1220.0,0.0,10.0,0.0,20.0,-1760.0,2780.0,yonden
2019,5,2019-05-23,09:00,3010.0,880.0,1980.0,350.0,－－－－－－－－－－,10.0,1540.0,0.0,0.0,0.0,20.0,-1770.0,3010.0,yonden
2019,5,2019-05-23,10:00,3110.0,880.0,2020.0,350.0,－－－－－－－－－－,10.0,1730.0,0.0,0.0,0.0,20.0,-1900.0,3110.0,yonden
2019,5,2019-05-23,11:00,3170.0,880.0,2100.0,350.0,－－－－－－－－－－,10.0,1810.0,0.0,0.0,0.0,-160.0,-1820.0,3170.0,yonden
2019,5,2019-05-23,12:00,3000.0,880.0,2060.0,320.0,－－－－－－－－－－,10.0,1810.0,0.0,10.0,0.0,-270.0,-1820.0,3000.0,yonden
2019,5,2019-05-23,13:00,3250.0,880.0,2310.0,390.0,－－－－－－－－－－,10.0,1750.0,0.0,10.0,0.0,0.0,-2100.0,3250.0,yonden
2019,5,2019-05-23,14:00,3260.0,880.0,2430.0,380.0,－－－－－－－－－－,10.0,1540.0,0.0,10.0,0.0,30.0,-2020.0,3260.0,yonden
2019,5,2019-05-23,15:00,3200.0,880.0,2570.0,350.0,－－－－－－－－－－,10.0,1190.0,0.0,10.0,0.0,20.0,-1830.0,3200.0,yonden
2019,5,2019-05-23,16:00,3230.0,880.0,2770.0,350.0,－－－－－－－－－－,10.0,770.0,0.0,10.0,0.0,20.0,-1580.0,3230.0,yonden
2019,5,2019-05-23,17:00,3170.0,880.0,2880.0,430.0,－－－－－－－－－－,10.0,360.0,0.0,0.0,0.0,30.0,-1420.0,3170.0,yonden
2019,5,2019-05-23,18:00,3080.0,880.0,2780.0,550.0,－－－－－－－－－－,10.0,60.0,0.0,0.0,0.0,250.0,-1450.0,3080.0,yonden
2019,5,2019-05-23,19:00,3040.0,880.0,2760.0,540.0,－－－－－－－－－－,10.0,0.0,0.0,10.0,0.0,250.0,-1410.0,3040.0,yonden
2019,5,2019-05-23,20:00,2890.0,880.0,2740.0,530.0,－－－－－－－－－－,10.0,0.0,0.0,10.0,0.0,200.0,-1480.0,2890.0,yonden
2019,5,2019-05-23,21:00,2720.0,880.0,2710.0,420.0,－－－－－－－－－－,10.0,0.0,0.0,20.0,0.0,20.0,-1340.0,2720.0,yonden
2019,5,2019-05-23,22:00,2530.0,880.0,2730.0,370.0,－－－－－－－－－－,10.0,0.0,0.0,20.0,0.0,20.0,-1500.0,2530.0,yonden
2019,5,2019-05-23,23:00,2420.0,880.0,2650.0,350.0,－－－－－－－－－－,10.0,0.0,0.0,10.0,0.0,0.0,-1480.0,2420.0,yonden
2019,5,2019-05-24,00:00,2300.0,880.0,2350.0,330.0,－－－－－－－－－－,10.0,0.0,0.0,10.0,0.0,0.0,-1280.0,2300.0,yonden
2019,5,2019-05-24,01:00,2270.0,880.0,2270.0,330.0,－－－－－－－－－－,10.0,0.0,0.0,10.0,0.0,0.0,-1230.0,2270.0,yonden
2019,5,2019-05-24,02:00,2420.0,880.0,2320.0,330.0,－－－－－－－－－－,10.0,0.0,0.0,20.0,0.0,20.0,-1160.0,2420.0,yonden
2019,5,2019-05-24,03:00,2660.0,880.0,2460.0,450.0,－－－－－－－－－－,10.0,0.0,0.0,20.0,0.0,30.0,-1190.0,2660.0,yonden
2019,5,2019-05-24,04:00,2800.0,880.0,2510.0,510.0,－－－－－－－－－－,10.0,0.0,0.0,20.0,0.0,30.0,-1160.0,2800.0,yonden
2019,5,2019-05-24,05:00,2800.0,880.0,2450.0,450.0,－－－－－－－－－－,10.0,100.0,0.0,30.0,0.0,20.0,-1140.0,2800.0,yonden
2019,5,2019-05-24,06:00,2660.0,880.0,2210.0,410.0,－－－－－－－－－－,10.0,420.0,0.0,20.0,0.0,20.0,-1310.0,2660.0,yonden
2019,5,2019-05-24,07:00,2570.0,880.0,2200.0,350.0,－－－－－－－－－－,10.0,810.0,0.0,10.0,0.0,10.0,-1700.0,2570.0,yonden
2019,5,2019-05-24,08:00,2890.0,880.0,2290.0,320.0,－－－－－－－－－－,10.0,1210.0,0.0,10.0,0.0,0.0,-1830.0,2890.0,yonden
2019,5,2019-05-24,09:00,3130.0,880.0,2200.0,340.0,－－－－－－－－－－,10.0,1540.0,0.0,10.0,0.0,0.0,-1850.0,3130.0,yonden
2019,5,2019-05-24,10:00,3220.0,880.0,2160.0,370.0,－－－－－－－－－－,10.0,1720.0,0.0,10.0,0.0,0.0,-1930.0,3220.0,yonden
2019,5,2019-05-24,11:00,3280.0,880.0,2190.0,350.0,－－－－－－－－－－,10.0,1790.0,0.0,10.0,0.0,0.0,-1950.0,3280.0,yonden
2019,5,2019-05-24,12:00,3120.0,880.0,2150.0,280.0,－－－－－－－－－－,10.0,1790.0,0.0,10.0,0.0,10.0,-2010.0,3120.0,yonden
2019,5,2019-05-24,13:00,3360.0,880.0,2360.0,260.0,－－－－－－－－－－,10.0,1720.0,0.0,10.0,0.0,30.0,-1910.0,3360.0,yonden
2019,5,2019-05-24,14:00,3390.0,880.0,2450.0,280.0,－－－－－－－－－－,10.0,1520.0,0.0,20.0,0.0,20.0,-1790.0,3390.0,yonden
2019,5,2019-05-24,15:00,3330.0,880.0,2620.0,340.0,－－－－－－－－－－,10.0,1190.0,0.0,20.0,0.0,30.0,-1760.0,3330.0,yonden
2019,5,2019-05-24,16:00,3340.0,880.0,2760.0,370.0,－－－－－－－－－－,10.0,780.0,0.0,30.0,0.0,20.0,-1510.0,3340.0,yonden
2019,5,2019-05-24,17:00,3270.0,880.0,2750.0,420.0,－－－－－－－－－－,10.0,380.0,0.0,30.0,0.0,20.0,-1220.0,3270.0,yonden
2019,5,2019-05-24,18:00,3150.0,880.0,2840.0,580.0,－－－－－－－－－－,10.0,70.0,0.0,30.0,0.0,180.0,-1440.0,3150.0,yonden
2019,5,2019-05-24,19:00,3070.0,880.0,2860.0,560.0,－－－－－－－－－－,10.0,0.0,0.0,20.0,0.0,180.0,-1440.0,3070.0,yonden
2019,5,2019-05-24,20:00,2910.0,880.0,2830.0,520.0,－－－－－－－－－－,10.0,0.0,0.0,10.0,0.0,200.0,-1540.0,2910.0,yonden
2019,5,2019-05-24,21:00,2720.0,880.0,2760.0,390.0,－－－－－－－－－－,10.0,0.0,0.0,10.0,0.0,170.0,-1500.0,2720.0,yonden
2019,5,2019-05-24,22:00,2520.0,880.0,2580.0,320.0,－－－－－－－－－－,10.0,0.0,0.0,10.0,0.0,0.0,-1280.0,2520.0,yonden
2019,5,2019-05-24,23:00,2400.0,880.0,2510.0,300.0,－－－－－－－－－－,20.0,0.0,0.0,10.0,0.0,0.0,-1320.0,2400.0,yonden
2019,5,2019-05-25,00:00,2260.0,880.0,2340.0,300.0,－－－－－－－－－－,20.0,0.0,0.0,20.0,0.0,0.0,-1300.0,2260.0,yonden
2019,5,2019-05-25,01:00,2220.0,880.0,2190.0,300.0,－－－－－－－－－－,20.0,0.0,0.0,10.0,0.0,0.0,-1180.0,2220.0,yonden
2019,5,2019-05-25,02:00,2350.0,880.0,2210.0,320.0,－－－－－－－－－－,20.0,0.0,0.0,10.0,0.0,20.0,-1110.0,2350.0,yonden
2019,5,2019-05-25,03:00,2580.0,880.0,2310.0,410.0,－－－－－－－－－－,20.0,0.0,0.0,10.0,0.0,20.0,-1070.0,2580.0,yonden
2019,5,2019-05-25,04:00,2690.0,880.0,2280.0,390.0,－－－－－－－－－－,20.0,0.0,0.0,10.0,0.0,20.0,-910.0,2690.0,yonden
2019,5,2019-05-25,05:00,2650.0,880.0,2250.0,330.0,－－－－－－－－－－,20.0,100.0,0.0,0.0,0.0,20.0,-950.0,2650.0,yonden
2019,5,2019-05-25,06:00,2440.0,880.0,2040.0,300.0,－－－－－－－－－－,20.0,400.0,0.0,10.0,0.0,20.0,-1230.0,2440.0,yonden
2019,5,2019-05-25,07:00,2320.0,880.0,2030.0,280.0,－－－－－－－－－－,20.0,780.0,0.0,0.0,0.0,10.0,-1680.0,2320.0,yonden
2019,5,2019-05-25,08:00,2490.0,880.0,1980.0,250.0,－－－－－－－－－－,20.0,1140.0,0.0,0.0,0.0,0.0,-1780.0,2490.0,yonden
2019,5,2019-05-25,09:00,2660.0,880.0,2110.0,280.0,－－－－－－－－－－,20.0,1440.0,0.0,0.0,0.0,-230.0,-1840.0,2660.0,yonden
2019,5,2019-05-25,10:00,2780.0,880.0,2130.0,280.0,－－－－－－－－－－,20.0,1660.0,0.0,0.0,0.0,-270.0,-1920.0,2780.0,yonden
2019,5,2019-05-25,11:00,2890.0,880.0,2080.0,260.0,－－－－－－－－－－,20.0,1760.0,0.0,0.0,0.0,-340.0,-1770.0,2890.0,yonden
2019,5,2019-05-25,12:00,2860.0,880.0,2270.0,290.0,－－－－－－－－－－,20.0,1770.0,0.0,0.0,0.0,-590.0,-1780.0,2860.0,yonden
2019,5,2019-05-25,13:00,2940.0,880.0,2210.0,290.0,－－－－－－－－－－,20.0,1680.0,0.0,0.0,0.0,-340.0,-1800.0,2940.0,yonden
2019,5,2019-05-25,14:00,2970.0,880.0,2380.0,310.0,－－－－－－－－－－,20.0,1460.0,0.0,0.0,0.0,20.0,-2100.0,2970.0,yonden
2019,5,2019-05-25,15:00,2970.0,880.0,2480.0,380.0,－－－－－－－－－－,20.0,1090.0,0.0,0.0,0.0,130.0,-2010.0,2970.0,yonden
2019,5,2019-05-25,16:00,2980.0,880.0,2620.0,360.0,－－－－－－－－－－,20.0,640.0,0.0,0.0,0.0,180.0,-1720.0,2980.0,yonden
2019,5,2019-05-25,17:00,2920.0,880.0,2610.0,410.0,－－－－－－－－－－,20.0,260.0,0.0,10.0,0.0,260.0,-1530.0,2920.0,yonden
2019,5,2019-05-25,18:00,2890.0,880.0,2630.0,460.0,－－－－－－－－－－,20.0,30.0,0.0,10.0,0.0,340.0,-1480.0,2890.0,yonden
2019,5,2019-05-25,19:00,2930.0,880.0,2610.0,440.0,－－－－－－－－－－,20.0,0.0,0.0,30.0,0.0,320.0,-1370.0,2930.0,yonden
2019,5,2019-05-25,20:00,2810.0,880.0,2610.0,360.0,－－－－－－－－－－,20.0,0.0,0.0,30.0,0.0,220.0,-1310.0,2810.0,yonden
2019,5,2019-05-25,21:00,2620.0,880.0,2510.0,310.0,－－－－－－－－－－,20.0,0.0,0.0,40.0,0.0,90.0,-1230.0,2620.0,yonden
2019,5,2019-05-25,22:00,2420.0,880.0,2260.0,260.0,－－－－－－－－－－,20.0,0.0,0.0,40.0,0.0,0.0,-1040.0,2420.0,yonden
2019,5,2019-05-25,23:00,2330.0,880.0,2220.0,250.0,－－－－－－－－－－,20.0,0.0,0.0,40.0,0.0,0.0,-1080.0,2330.0,yonden
2019,5,2019-05-26,00:00,2210.0,880.0,2210.0,260.0,－－－－－－－－－－,20.0,0.0,0.0,50.0,0.0,0.0,-1210.0,2210.0,yonden
2019,5,2019-05-26,01:00,2160.0,880.0,2180.0,230.0,－－－－－－－－－－,20.0,0.0,0.0,50.0,0.0,0.0,-1200.0,2160.0,yonden
2019,5,2019-05-26,02:00,2280.0,880.0,2260.0,230.0,－－－－－－－－－－,20.0,0.0,0.0,40.0,0.0,10.0,-1160.0,2280.0,yonden
2019,5,2019-05-26,03:00,2490.0,880.0,2320.0,300.0,－－－－－－－－－－,20.0,0.0,0.0,30.0,0.0,30.0,-1090.0,2490.0,yonden
2019,5,2019-05-26,04:00,2590.0,880.0,2320.0,300.0,－－－－－－－－－－,20.0,0.0,0.0,20.0,0.0,30.0,-980.0,2590.0,yonden
2019,5,2019-05-26,05:00,2490.0,880.0,2190.0,220.0,－－－－－－－－－－,20.0,70.0,0.0,20.0,0.0,30.0,-940.0,2490.0,yonden
2019,5,2019-05-26,06:00,2150.0,880.0,1970.0,260.0,－－－－－－－－－－,20.0,260.0,0.0,10.0,0.0,20.0,-1270.0,2150.0,yonden
2019,5,2019-05-26,07:00,2050.0,880.0,1880.0,240.0,－－－－－－－－－－,20.0,550.0,0.0,10.0,0.0,0.0,-1530.0,2050.0,yonden
2019,5,2019-05-26,08:00,2180.0,880.0,1920.0,270.0,－－－－－－－－－－,20.0,750.0,0.0,10.0,0.0,-250.0,-1420.0,2180.0,yonden
2019,5,2019-05-26,09:00,2310.0,880.0,1820.0,250.0,－－－－－－－－－－,20.0,980.0,0.0,10.0,0.0,-350.0,-1300.0,2310.0,yonden
2019,5,2019-05-26,10:00,2460.0,880.0,2060.0,220.0,－－－－－－－－－－,20.0,1170.0,0.0,10.0,0.0,-600.0,-1300.0,2460.0,yonden
2019,5,2019-05-26,11:00,2550.0,880.0,1990.0,210.0,－－－－－－－－－－,20.0,1320.0,0.0,30.0,0.0,-590.0,-1310.0,2550.0,yonden
2019,5,2019-05-26,12:00,2630.0,880.0,1930.0,240.0,－－－－－－－－－－,20.0,1420.0,0.0,30.0,0.0,-590.0,-1300.0,2630.0,yonden
2019,5,2019-05-26,13:00,2520.0,880.0,1800.0,200.0,－－－－－－－－－－,20.0,1480.0,0.0,30.0,0.0,-590.0,-1300.0,2520.0,yonden
2019,5,2019-05-26,14:00,2570.0,880.0,1890.0,200.0,－－－－－－－－－－,20.0,1460.0,0.0,40.0,0.0,-580.0,-1340.0,2570.0,yonden
2019,5,2019-05-26,15:00,2610.0,880.0,2120.0,270.0,－－－－－－－－－－,20.0,1140.0,0.0,60.0,0.0,-330.0,-1550.0,2610.0,yonden
2019,5,2019-05-26,16:00,2700.0,880.0,2290.0,250.0,－－－－－－－－－－,20.0,740.0,0.0,60.0,0.0,20.0,-1560.0,2700.0,yonden
2019,5,2019-05-26,17:00,2810.0,880.0,2550.0,370.0,－－－－－－－－－－,20.0,340.0,0.0,70.0,0.0,120.0,-1540.0,2810.0,yonden
2019,5,2019-05-26,18:00,2810.0,880.0,2580.0,430.0,－－－－－－－－－－,20.0,60.0,0.0,70.0,0.0,180.0,-1410.0,2810.0,yonden
2019,5,2019-05-26,19:00,2790.0,880.0,2600.0,380.0,－－－－－－－－－－,20.0,0.0,0.0,70.0,0.0,60.0,-1220.0,2790.0,yonden
2019,5,2019-05-26,20:00,2700.0,880.0,2650.0,340.0,－－－－－－－－－－,20.0,0.0,0.0,80.0,0.0,0.0,-1270.0,2700.0,yonden
2019,5,2019-05-26,21:00,2550.0,880.0,2650.0,320.0,－－－－－－－－－－,20.0,0.0,0.0,80.0,0.0,0.0,-1400.0,2550.0,yonden
2019,5,2019-05-26,22:00,2370.0,880.0,2530.0,270.0,－－－－－－－－－－,20.0,0.0,0.0,70.0,0.0,0.0,-1400.0,2370.0,yonden
2019,5,2019-05-26,23:00,2260.0,880.0,2420.0,180.0,－－－－－－－－－－,20.0,0.0,0.0,70.0,0.0,0.0,-1310.0,2260.0,yonden
2019,5,2019-05-27,00:00,2150.0,880.0,2290.0,170.0,－－－－－－－－－－,20.0,0.0,0.0,70.0,0.0,0.0,-1280.0,2150.0,yonden
2019,5,2019-05-27,01:00,2120.0,880.0,2280.0,170.0,－－－－－－－－－－,20.0,0.0,0.0,80.0,0.0,0.0,-1310.0,2120.0,yonden
2019,5,2019-05-27,02:00,2240.0,880.0,2340.0,220.0,－－－－－－－－－－,20.0,0.0,0.0,70.0,0.0,20.0,-1310.0,2240.0,yonden
2019,5,2019-05-27,03:00,2450.0,880.0,2400.0,270.0,－－－－－－－－－－,20.0,0.0,0.0,70.0,0.0,30.0,-1220.0,2450.0,yonden
2019,5,2019-05-27,04:00,2610.0,880.0,2410.0,270.0,－－－－－－－－－－,20.0,0.0,0.0,80.0,0.0,30.0,-1080.0,2610.0,yonden
2019,5,2019-05-27,05:00,2610.0,880.0,2440.0,210.0,－－－－－－－－－－,20.0,60.0,0.0,80.0,0.0,20.0,-1100.0,2610.0,yonden
2019,5,2019-05-27,06:00,2400.0,880.0,2500.0,190.0,－－－－－－－－－－,20.0,170.0,0.0,80.0,0.0,0.0,-1440.0,2400.0,yonden
2019,5,2019-05-27,07:00,2360.0,880.0,2700.0,180.0,－－－－－－－－－－,20.0,390.0,0.0,80.0,0.0,0.0,-1890.0,2360.0,yonden
2019,5,2019-05-27,08:00,2790.0,880.0,3010.0,180.0,－－－－－－－－－－,20.0,640.0,0.0,80.0,0.0,0.0,-2020.0,2790.0,yonden
2019,5,2019-05-27,09:00,3110.0,880.0,3150.0,210.0,－－－－－－－－－－,20.0,880.0,0.0,80.0,0.0,0.0,-2110.0,3110.0,yonden
2019,5,2019-05-27,10:00,3240.0,880.0,3030.0,230.0,－－－－－－－－－－,20.0,1140.0,0.0,80.0,0.0,0.0,-2140.0,3240.0,yonden
2019,5,2019-05-27,11:00,3430.0,880.0,3210.0,290.0,－－－－－－－－－－,20.0,1180.0,0.0,80.0,0.0,30.0,-2260.0,3430.0,yonden
2019,5,2019-05-27,12:00,3210.0,880.0,3170.0,310.0,－－－－－－－－－－,20.0,990.0,0.0,90.0,0.0,-250.0,-2000.0,3210.0,yonden
2019,5,2019-05-27,13:00,3390.0,880.0,3190.0,300.0,－－－－－－－－－－,20.0,840.0,0.0,90.0,0.0,200.0,-2130.0,3390.0,yonden
2019,5,2019-05-27,14:00,3310.0,880.0,3140.0,280.0,－－－－－－－－－－,20.0,590.0,0.0,90.0,0.0,290.0,-1980.0,3310.0,yonden
2019,5,2019-05-27,15:00,3120.0,880.0,3010.0,290.0,－－－－－－－－－－,20.0,390.0,0.0,80.0,0.0,270.0,-1820.0,3120.0,yonden
2019,5,2019-05-27,16:00,3210.0,880.0,3130.0,380.0,－－－－－－－－－－,20.0,130.0,0.0,100.0,0.0,200.0,-1630.0,3210.0,yonden
2019,5,2019-05-27,17:00,3200.0,880.0,3220.0,500.0,－－－－－－－－－－,20.0,20.0,0.0,110.0,0.0,70.0,-1620.0,3200.0,yonden
2019,5,2019-05-27,18:00,3200.0,880.0,3160.0,550.0,－－－－－－－－－－,20.0,0.0,0.0,110.0,0.0,170.0,-1690.0,3200.0,yonden
2019,5,2019-05-27,19:00,3110.0,880.0,3160.0,480.0,－－－－－－－－－－,20.0,0.0,0.0,110.0,0.0,110.0,-1650.0,3110.0,yonden
2019,5,2019-05-27,20:00,2960.0,880.0,3210.0,400.0,－－－－－－－－－－,20.0,0.0,0.0,110.0,0.0,0.0,-1660.0,2960.0,yonden
2019,5,2019-05-27,21:00,2800.0,880.0,3080.0,320.0,－－－－－－－－－－,20.0,0.0,0.0,120.0,0.0,0.0,-1620.0,2800.0,yonden
2019,5,2019-05-27,22:00,2620.0,880.0,2870.0,250.0,－－－－－－－－－－,20.0,0.0,0.0,120.0,0.0,0.0,-1520.0,2620.0,yonden
2019,5,2019-05-27,23:00,2520.0,880.0,2730.0,220.0,－－－－－－－－－－,20.0,0.0,0.0,120.0,0.0,0.0,-1450.0,2520.0,yonden
2019,5,2019-05-28,00:00,2390.0,880.0,2490.0,230.0,－－－－－－－－－－,20.0,0.0,0.0,110.0,0.0,0.0,-1340.0,2390.0,yonden
2019,5,2019-05-28,01:00,2360.0,880.0,2520.0,240.0,－－－－－－－－－－,20.0,0.0,0.0,120.0,0.0,0.0,-1420.0,2360.0,yonden
2019,5,2019-05-28,02:00,2470.0,880.0,2550.0,240.0,－－－－－－－－－－,20.0,0.0,0.0,120.0,0.0,0.0,-1340.0,2470.0,yonden
2019,5,2019-05-28,03:00,2660.0,880.0,2550.0,330.0,－－－－－－－－－－,20.0,0.0,0.0,110.0,0.0,20.0,-1250.0,2660.0,yonden
2019,5,2019-05-28,04:00,2790.0,880.0,2560.0,370.0,－－－－－－－－－－,20.0,0.0,0.0,120.0,0.0,20.0,-1180.0,2790.0,yonden
2019,5,2019-05-28,05:00,2790.0,880.0,2550.0,290.0,－－－－－－－－－－,20.0,30.0,0.0,130.0,0.0,20.0,-1130.0,2790.0,yonden
2019,5,2019-05-28,06:00,2640.0,880.0,2560.0,300.0,－－－－－－－－－－,20.0,30.0,0.0,120.0,0.0,20.0,-1290.0,2640.0,yonden
2019,5,2019-05-28,07:00,2710.0,880.0,2700.0,300.0,－－－－－－－－－－,20.0,50.0,0.0,120.0,0.0,20.0,-1380.0,2710.0,yonden
2019,5,2019-05-28,08:00,3100.0,880.0,3020.0,340.0,－－－－－－－－－－,20.0,90.0,0.0,120.0,0.0,10.0,-1380.0,3100.0,yonden
2019,5,2019-05-28,09:00,3370.0,880.0,3180.0,410.0,－－－－－－－－－－,20.0,200.0,0.0,100.0,0.0,0.0,-1420.0,3370.0,yonden
2019,5,2019-05-28,10:00,3440.0,880.0,3050.0,380.0,－－－－－－－－－－,20.0,420.0,0.0,100.0,0.0,0.0,-1410.0,3440.0,yonden
2019,5,2019-05-28,11:00,3480.0,880.0,2820.0,380.0,－－－－－－－－－－,20.0,590.0,0.0,70.0,0.0,0.0,-1280.0,3480.0,yonden
2019,5,2019-05-28,12:00,3280.0,880.0,2710.0,420.0,－－－－－－－－－－,20.0,600.0,0.0,60.0,0.0,0.0,-1410.0,3280.0,yonden
2019,5,2019-05-28,13:00,3410.0,880.0,2920.0,450.0,－－－－－－－－－－,20.0,380.0,0.0,50.0,0.0,0.0,-1290.0,3410.0,yonden
2019,5,2019-05-28,14:00,3330.0,880.0,2980.0,450.0,－－－－－－－－－－,20.0,290.0,0.0,40.0,0.0,0.0,-1330.0,3330.0,yonden
2019,5,2019-05-28,15:00,3260.0,880.0,3070.0,450.0,－－－－－－－－－－,20.0,140.0,0.0,60.0,0.0,10.0,-1370.0,3260.0,yonden
2019,5,2019-05-28,16:00,3330.0,880.0,3130.0,480.0,－－－－－－－－－－,20.0,100.0,0.0,80.0,0.0,110.0,-1470.0,3330.0,yonden
2019,5,2019-05-28,17:00,3280.0,880.0,3080.0,540.0,－－－－－－－－－－,20.0,60.0,0.0,100.0,0.0,190.0,-1590.0,3280.0,yonden
2019,5,2019-05-28,18:00,3200.0,880.0,3010.0,590.0,－－－－－－－－－－,20.0,10.0,0.0,110.0,0.0,170.0,-1590.0,3200.0,yonden
2019,5,2019-05-28,19:00,3090.0,880.0,3050.0,520.0,－－－－－－－－－－,20.0,0.0,0.0,120.0,0.0,60.0,-1560.0,3090.0,yonden
2019,5,2019-05-28,20:00,2940.0,880.0,3020.0,490.0,－－－－－－－－－－,20.0,0.0,0.0,120.0,0.0,20.0,-1610.0,2940.0,yonden
2019,5,2019-05-28,21:00,2770.0,880.0,2850.0,450.0,－－－－－－－－－－,20.0,0.0,0.0,120.0,0.0,20.0,-1570.0,2770.0,yonden
2019,5,2019-05-28,22:00,2580.0,880.0,2650.0,390.0,－－－－－－－－－－,20.0,0.0,0.0,110.0,0.0,10.0,-1480.0,2580.0,yonden
2019,5,2019-05-28,23:00,2470.0,880.0,2520.0,330.0,－－－－－－－－－－,20.0,0.0,0.0,100.0,0.0,0.0,-1380.0,2470.0,yonden
2019,5,2019-05-29,00:00,2330.0,880.0,2290.0,300.0,－－－－－－－－－－,20.0,0.0,0.0,130.0,0.0,0.0,-1290.0,2330.0,yonden
2019,5,2019-05-29,01:00,2290.0,880.0,2280.0,290.0,－－－－－－－－－－,20.0,0.0,0.0,140.0,0.0,0.0,-1320.0,2290.0,yonden
2019,5,2019-05-29,02:00,2440.0,880.0,2440.0,260.0,－－－－－－－－－－,20.0,0.0,0.0,150.0,0.0,0.0,-1310.0,2440.0,yonden
2019,5,2019-05-29,03:00,2670.0,880.0,2550.0,380.0,－－－－－－－－－－,20.0,0.0,0.0,150.0,0.0,30.0,-1340.0,2670.0,yonden
2019,5,2019-05-29,04:00,2820.0,880.0,2620.0,450.0,－－－－－－－－－－,20.0,0.0,0.0,150.0,0.0,20.0,-1320.0,2820.0,yonden
2019,5,2019-05-29,05:00,2770.0,880.0,2470.0,400.0,－－－－－－－－－－,20.0,50.0,0.0,150.0,0.0,20.0,-1220.0,2770.0,yonden
2019,5,2019-05-29,06:00,2500.0,880.0,2510.0,320.0,－－－－－－－－－－,20.0,160.0,0.0,140.0,0.0,20.0,-1550.0,2500.0,yonden
2019,5,2019-05-29,07:00,2440.0,880.0,2670.0,310.0,－－－－－－－－－－,20.0,430.0,0.0,120.0,0.0,10.0,-2000.0,2440.0,yonden
2019,5,2019-05-29,08:00,2780.0,880.0,2740.0,340.0,－－－－－－－－－－,20.0,800.0,0.0,90.0,0.0,0.0,-2090.0,2780.0,yonden
2019,5,2019-05-29,09:00,3050.0,880.0,2730.0,360.0,－－－－－－－－－－,20.0,1200.0,0.0,60.0,0.0,0.0,-2200.0,3050.0,yonden
2019,5,2019-05-29,10:00,3180.0,880.0,2650.0,330.0,－－－－－－－－－－,20.0,1490.0,0.0,40.0,0.0,0.0,-2230.0,3180.0,yonden
2019,5,2019-05-29,11:00,3250.0,880.0,2660.0,300.0,－－－－－－－－－－,20.0,1610.0,0.0,30.0,0.0,-50.0,-2200.0,3250.0,yonden
2019,5,2019-05-29,12:00,3090.0,880.0,2520.0,270.0,－－－－－－－－－－,20.0,1660.0,0.0,50.0,0.0,-300.0,-2010.0,3090.0,yonden
2019,5,2019-05-29,13:00,3270.0,880.0,2700.0,310.0,－－－－－－－－－－,20.0,1530.0,0.0,50.0,0.0,-80.0,-2140.0,3270.0,yonden
2019,5,2019-05-29,14:00,3160.0,880.0,2800.0,290.0,－－－－－－－－－－,20.0,1160.0,0.0,40.0,0.0,0.0,-2030.0,3160.0,yonden
2019,5,2019-05-29,15:00,3030.0,880.0,2880.0,300.0,－－－－－－－－－－,20.0,840.0,0.0,50.0,0.0,0.0,-1940.0,3030.0,yonden
2019,5,2019-05-29,16:00,2990.0,880.0,3090.0,360.0,－－－－－－－－－－,20.0,500.0,0.0,30.0,0.0,20.0,-1910.0,2990.0,yonden
2019,5,2019-05-29,17:00,2950.0,880.0,3090.0,450.0,－－－－－－－－－－,20.0,270.0,0.0,20.0,0.0,40.0,-1820.0,2950.0,yonden
2019,5,2019-05-29,18:00,3000.0,880.0,3070.0,500.0,－－－－－－－－－－,20.0,50.0,0.0,30.0,0.0,230.0,-1780.0,3000.0,yonden
2019,5,2019-05-29,19:00,3010.0,880.0,3090.0,460.0,－－－－－－－－－－,20.0,0.0,0.0,40.0,0.0,190.0,-1670.0,3010.0,yonden
2019,5,2019-05-29,20:00,2890.0,880.0,3110.0,370.0,－－－－－－－－－－,20.0,0.0,0.0,20.0,0.0,210.0,-1720.0,2890.0,yonden
2019,5,2019-05-29,21:00,2700.0,880.0,3000.0,300.0,－－－－－－－－－－,20.0,0.0,0.0,20.0,0.0,50.0,-1570.0,2700.0,yonden
2019,5,2019-05-29,22:00,2510.0,880.0,2710.0,270.0,－－－－－－－－－－,20.0,0.0,0.0,10.0,0.0,0.0,-1380.0,2510.0,yonden
2019,5,2019-05-29,23:00,2410.0,880.0,2620.0,220.0,－－－－－－－－－－,20.0,0.0,0.0,10.0,0.0,0.0,-1340.0,2410.0,yonden
2019,5,2019-05-30,00:00,2280.0,880.0,2480.0,210.0,－－－－－－－－－－,20.0,0.0,0.0,10.0,0.0,0.0,-1320.0,2280.0,yonden
2019,5,2019-05-30,01:00,2250.0,880.0,2430.0,210.0,－－－－－－－－－－,20.0,0.0,0.0,20.0,0.0,0.0,-1310.0,2250.0,yonden
2019,5,2019-05-30,02:00,2390.0,880.0,2500.0,240.0,－－－－－－－－－－,20.0,0.0,0.0,20.0,0.0,20.0,-1290.0,2390.0,yonden
2019,5,2019-05-30,03:00,2650.0,880.0,2700.0,370.0,－－－－－－－－－－,20.0,0.0,0.0,10.0,0.0,30.0,-1360.0,2650.0,yonden
2019,5,2019-05-30,04:00,2810.0,880.0,2730.0,390.0,－－－－－－－－－－,20.0,0.0,0.0,0.0,0.0,30.0,-1240.0,2810.0,yonden
2019,5,2019-05-30,05:00,2810.0,880.0,2650.0,300.0,－－－－－－－－－－,20.0,110.0,0.0,0.0,0.0,10.0,-1160.0,2810.0,yonden
2019,5,2019-05-30,06:00,2640.0,880.0,2520.0,210.0,－－－－－－－－－－,20.0,430.0,0.0,0.0,0.0,0.0,-1420.0,2640.0,yonden
2019,5,2019-05-30,07:00,2520.0,880.0,2340.0,180.0,－－－－－－－－－－,20.0,810.0,0.0,0.0,0.0,0.0,-1710.0,2520.0,yonden
2019,5,2019-05-30,08:00,2820.0,880.0,2380.0,170.0,－－－－－－－－－－,20.0,1190.0,0.0,0.0,0.0,0.0,-1820.0,2820.0,yonden
2019,5,2019-05-30,09:00,3050.0,880.0,2470.0,210.0,－－－－－－－－－－,20.0,1480.0,0.0,0.0,0.0,0.0,-2010.0,3050.0,yonden
2019,5,2019-05-30,10:00,3200.0,880.0,2500.0,240.0,－－－－－－－－－－,20.0,1620.0,0.0,0.0,0.0,-80.0,-1980.0,3200.0,yonden
2019,5,2019-05-30,11:00,3250.0,880.0,2540.0,250.0,－－－－－－－－－－,20.0,1700.0,0.0,0.0,0.0,-290.0,-1850.0,3250.0,yonden
2019,5,2019-05-30,12:00,3080.0,880.0,2490.0,190.0,－－－－－－－－－－,20.0,1660.0,0.0,10.0,0.0,-300.0,-1870.0,3080.0,yonden
2019,5,2019-05-30,13:00,3240.0,880.0,2580.0,270.0,－－－－－－－－－－,20.0,1650.0,0.0,0.0,0.0,-300.0,-1860.0,3240.0,yonden
2019,5,2019-05-30,14:00,3310.0,880.0,2530.0,250.0,－－－－－－－－－－,20.0,1460.0,0.0,10.0,0.0,-100.0,-1740.0,3310.0,yonden
2019,5,2019-05-30,15:00,3230.0,880.0,2680.0,230.0,－－－－－－－－－－,20.0,1010.0,0.0,30.0,0.0,0.0,-1620.0,3230.0,yonden
2019,5,2019-05-30,16:00,3140.0,880.0,3020.0,310.0,－－－－－－－－－－,20.0,520.0,0.0,40.0,0.0,10.0,-1660.0,3140.0,yonden
2019,5,2019-05-30,17:00,3070.0,880.0,3120.0,450.0,－－－－－－－－－－,20.0,250.0,0.0,40.0,0.0,40.0,-1730.0,3070.0,yonden
2019,5,2019-05-30,18:00,3090.0,880.0,3140.0,580.0,－－－－－－－－－－,20.0,50.0,0.0,50.0,0.0,210.0,-1840.0,3090.0,yonden
2019,5,2019-05-30,19:00,3100.0,880.0,3160.0,550.0,－－－－－－－－－－,20.0,0.0,0.0,60.0,0.0,200.0,-1770.0,3100.0,yonden
2019,5,2019-05-30,20:00,2950.0,880.0,3150.0,420.0,－－－－－－－－－－,20.0,0.0,0.0,70.0,0.0,200.0,-1790.0,2950.0,yonden
2019,5,2019-05-30,21:00,2750.0,880.0,3010.0,310.0,－－－－－－－－－－,20.0,0.0,0.0,70.0,0.0,20.0,-1560.0,2750.0,yonden
2019,5,2019-05-30,22:00,2550.0,880.0,2690.0,280.0,－－－－－－－－－－,20.0,0.0,0.0,80.0,0.0,0.0,-1400.0,2550.0,yonden
2019,5,2019-05-30,23:00,2470.0,880.0,2640.0,220.0,－－－－－－－－－－,20.0,0.0,0.0,80.0,0.0,0.0,-1370.0,2470.0,yonden
2019,5,2019-05-31,00:00,2330.0,880.0,2420.0,250.0,－－－－－－－－－－,20.0,0.0,0.0,80.0,0.0,0.0,-1320.0,2330.0,yonden
2019,5,2019-05-31,01:00,2310.0,880.0,2360.0,270.0,－－－－－－－－－－,20.0,0.0,0.0,80.0,0.0,0.0,-1300.0,2310.0,yonden
2019,5,2019-05-31,02:00,2430.0,880.0,2440.0,300.0,－－－－－－－－－－,20.0,0.0,0.0,70.0,0.0,10.0,-1290.0,2430.0,yonden
2019,5,2019-05-31,03:00,2650.0,880.0,2540.0,380.0,－－－－－－－－－－,20.0,0.0,0.0,60.0,0.0,10.0,-1240.0,2650.0,yonden
2019,5,2019-05-31,04:00,2780.0,880.0,2560.0,360.0,－－－－－－－－－－,20.0,0.0,0.0,50.0,0.0,30.0,-1120.0,2780.0,yonden
2019,5,2019-05-31,05:00,2760.0,880.0,2540.0,290.0,－－－－－－－－－－,20.0,40.0,0.0,40.0,0.0,30.0,-1080.0,2760.0,yonden
2019,5,2019-05-31,06:00,2570.0,880.0,2550.0,290.0,－－－－－－－－－－,20.0,100.0,0.0,30.0,0.0,0.0,-1300.0,2570.0,yonden
2019,5,2019-05-31,07:00,2540.0,880.0,2550.0,260.0,－－－－－－－－－－,20.0,250.0,0.0,20.0,0.0,10.0,-1450.0,2540.0,yonden
2019,5,2019-05-31,08:00,2900.0,880.0,2830.0,240.0,－－－－－－－－－－,20.0,300.0,0.0,10.0,0.0,0.0,-1380.0,2900.0,yonden
2019,5,2019-05-31,09:00,3090.0,880.0,2840.0,310.0,－－－－－－－－－－,20.0,420.0,0.0,0.0,0.0,30.0,-1410.0,3090.0,yonden
2019,5,2019-05-31,10:00,3210.0,880.0,2870.0,350.0,－－－－－－－－－－,20.0,520.0,0.0,20.0,0.0,40.0,-1490.0,3210.0,yonden
2019,5,2019-05-31,11:00,3340.0,880.0,3150.0,310.0,－－－－－－－－－－,20.0,490.0,0.0,0.0,0.0,10.0,-1520.0,3340.0,yonden
2019,5,2019-05-31,12:00,3130.0,880.0,3130.0,270.0,－－－－－－－－－－,20.0,520.0,0.0,0.0,0.0,0.0,-1690.0,3130.0,yonden
2019,5,2019-05-31,13:00,3160.0,880.0,2770.0,240.0,－－－－－－－－－－,20.0,770.0,0.0,10.0,0.0,0.0,-1530.0,3160.0,yonden
2019,5,2019-05-31,14:00,3170.0,880.0,2790.0,230.0,－－－－－－－－－－,20.0,540.0,0.0,10.0,0.0,0.0,-1300.0,3170.0,yonden
2019,5,2019-05-31,15:00,3090.0,880.0,3040.0,230.0,－－－－－－－－－－,20.0,170.0,0.0,0.0,0.0,0.0,-1250.0,3090.0,yonden
2019,5,2019-05-31,16:00,3130.0,880.0,3100.0,290.0,－－－－－－－－－－,20.0,80.0,0.0,0.0,0.0,70.0,-1310.0,3130.0,yonden
2019,5,2019-05-31,17:00,3030.0,880.0,3110.0,310.0,－－－－－－－－－－,20.0,60.0,0.0,0.0,0.0,150.0,-1500.0,3030.0,yonden
2019,5,2019-05-31,18:00,3020.0,880.0,3100.0,420.0,－－－－－－－－－－,20.0,20.0,0.0,10.0,0.0,240.0,-1670.0,3020.0,yonden
2019,5,2019-05-31,19:00,3000.0,880.0,3110.0,440.0,－－－－－－－－－－,20.0,0.0,0.0,0.0,0.0,250.0,-1700.0,3000.0,yonden
2019,5,2019-05-31,20:00,2880.0,880.0,3120.0,430.0,－－－－－－－－－－,20.0,0.0,0.0,0.0,0.0,240.0,-1810.0,2880.0,yonden
2019,5,2019-05-31,21:00,2700.0,880.0,2880.0,380.0,－－－－－－－－－－,20.0,0.0,0.0,0.0,0.0,170.0,-1630.0,2700.0,yonden
2019,5,2019-05-31,22:00,2520.0,880.0,2720.0,280.0,－－－－－－－－－－,20.0,0.0,0.0,0.0,0.0,90.0,-1470.0,2520.0,yonden
2019,5,2019-05-31,23:00,2430.0,880.0,2740.0,270.0,－－－－－－－－－－,20.0,0.0,0.0,10.0,0.0,0.0,-1490.0,2430.0,yonden
2019,6,2019-06-01,00:00,2300.0,880.0,2540.0,260.0,－－－－－－－－－－,10.0,0.0,0.0,0.0,0.0,0.0,-1390.0,2300.0,yonden
2019,6,2019-06-01,01:00,2270.0,880.0,2470.0,240.0,－－－－－－－－－－,10.0,0.0,0.0,10.0,0.0,0.0,-1340.0,2270.0,yonden
2019,6,2019-06-01,02:00,2400.0,880.0,2480.0,270.0,－－－－－－－－－－,10.0,0.0,0.0,10.0,0.0,0.0,-1250.0,2400.0,yonden
2019,6,2019-06-01,03:00,2630.0,880.0,2580.0,310.0,－－－－－－－－－－,10.0,0.0,0.0,10.0,0.0,10.0,-1170.0,2630.0,yonden
2019,6,2019-06-01,04:00,2740.0,880.0,2560.0,350.0,－－－－－－－－－－,10.0,0.0,0.0,30.0,0.0,30.0,-1120.0,2740.0,yonden
2019,6,2019-06-01,05:00,2620.0,880.0,2470.0,240.0,－－－－－－－－－－,10.0,70.0,0.0,30.0,0.0,10.0,-1090.0,2620.0,yonden
2019,6,2019-06-01,06:00,2380.0,880.0,2200.0,250.0,－－－－－－－－－－,10.0,330.0,0.0,10.0,0.0,-50.0,-1250.0,2380.0,yonden
2019,6,2019-06-01,07:00,2330.0,880.0,2200.0,280.0,－－－－－－－－－－,10.0,670.0,0.0,10.0,0.0,-290.0,-1430.0,2330.0,yonden
2019,6,2019-06-01,08:00,2600.0,880.0,2330.0,270.0,－－－－－－－－－－,10.0,990.0,0.0,0.0,0.0,-310.0,-1570.0,2600.0,yonden
2019,6,2019-06-01,09:00,2730.0,880.0,2080.0,240.0,－－－－－－－－－－,10.0,1350.0,0.0,0.0,0.0,-310.0,-1520.0,2730.0,yonden
2019,6,2019-06-01,10:00,2800.0,880.0,1800.0,200.0,－－－－－－－－－－,10.0,1610.0,0.0,0.0,0.0,-310.0,-1390.0,2800.0,yonden
2019,6,2019-06-01,11:00,2870.0,880.0,1810.0,210.0,－－－－－－－－－－,10.0,1800.0,0.0,0.0,0.0,-310.0,-1530.0,2870.0,yonden
2019,6,2019-06-01,12:00,2800.0,880.0,1740.0,230.0,－－－－－－－－－－,10.0,1780.0,0.0,0.0,0.0,-300.0,-1540.0,2800.0,yonden
2019,6,2019-06-01,13:00,2910.0,880.0,2010.0,260.0,－－－－－－－－－－,10.0,1600.0,0.0,0.0,0.0,-200.0,-1650.0,2910.0,yonden
2019,6,2019-06-01,14:00,2750.0,880.0,2250.0,240.0,－－－－－－－－－－,10.0,1110.0,0.0,0.0,0.0,0.0,-1740.0,2750.0,yonden
2019,6,2019-06-01,15:00,2670.0,880.0,2230.0,190.0,－－－－－－－－－－,10.0,1000.0,0.0,0.0,0.0,0.0,-1640.0,2670.0,yonden
2019,6,2019-06-01,16:00,2780.0,880.0,2520.0,220.0,－－－－－－－－－－,10.0,690.0,0.0,0.0,0.0,10.0,-1550.0,2780.0,yonden
2019,6,2019-06-01,17:00,2730.0,880.0,2800.0,280.0,－－－－－－－－－－,10.0,270.0,0.0,10.0,0.0,160.0,-1680.0,2730.0,yonden
2019,6,2019-06-01,18:00,2760.0,880.0,2820.0,380.0,－－－－－－－－－－,10.0,30.0,0.0,30.0,0.0,280.0,-1670.0,2760.0,yonden
2019,6,2019-06-01,19:00,2800.0,880.0,2770.0,410.0,－－－－－－－－－－,10.0,0.0,0.0,50.0,0.0,270.0,-1590.0,2800.0,yonden
2019,6,2019-06-01,20:00,2700.0,880.0,2630.0,400.0,－－－－－－－－－－,10.0,0.0,0.0,50.0,0.0,270.0,-1540.0,2700.0,yonden
2019,6,2019-06-01,21:00,2540.0,880.0,2660.0,330.0,－－－－－－－－－－,10.0,0.0,0.0,40.0,0.0,110.0,-1490.0,2540.0,yonden
2019,6,2019-06-01,22:00,2370.0,880.0,2590.0,230.0,－－－－－－－－－－,10.0,0.0,0.0,40.0,0.0,0.0,-1380.0,2370.0,yonden
2019,6,2019-06-01,23:00,2300.0,880.0,2470.0,190.0,－－－－－－－－－－,10.0,0.0,0.0,40.0,0.0,0.0,-1290.0,2300.0,yonden
2019,6,2019-06-02,00:00,2170.0,880.0,2210.0,210.0,－－－－－－－－－－,10.0,0.0,0.0,30.0,0.0,0.0,-1170.0,2170.0,yonden
2019,6,2019-06-02,01:00,2140.0,880.0,2170.0,200.0,－－－－－－－－－－,10.0,0.0,0.0,30.0,0.0,0.0,-1150.0,2140.0,yonden
2019,6,2019-06-02,02:00,2260.0,880.0,2330.0,180.0,－－－－－－－－－－,10.0,0.0,0.0,20.0,0.0,0.0,-1160.0,2260.0,yonden
2019,6,2019-06-02,03:00,2500.0,880.0,2410.0,250.0,－－－－－－－－－－,10.0,0.0,0.0,10.0,0.0,20.0,-1080.0,2500.0,yonden
2019,6,2019-06-02,04:00,2600.0,880.0,2410.0,280.0,－－－－－－－－－－,10.0,0.0,0.0,0.0,0.0,30.0,-1010.0,2600.0,yonden
2019,6,2019-06-02,05:00,2510.0,880.0,2390.0,230.0,－－－－－－－－－－,10.0,40.0,0.0,0.0,0.0,0.0,-1040.0,2510.0,yonden
2019,6,2019-06-02,06:00,2180.0,880.0,2280.0,220.0,－－－－－－－－－－,10.0,70.0,0.0,10.0,0.0,-130.0,-1160.0,2180.0,yonden
2019,6,2019-06-02,07:00,2010.0,880.0,2250.0,190.0,－－－－－－－－－－,10.0,130.0,0.0,10.0,0.0,-310.0,-1150.0,2010.0,yonden
2019,6,2019-06-02,08:00,2150.0,880.0,2280.0,200.0,－－－－－－－－－－,10.0,210.0,0.0,10.0,0.0,-310.0,-1130.0,2150.0,yonden
2019,6,2019-06-02,09:00,2330.0,880.0,2060.0,220.0,－－－－－－－－－－,10.0,300.0,0.0,10.0,0.0,-300.0,-850.0,2330.0,yonden
2019,6,2019-06-02,10:00,2450.0,880.0,2040.0,190.0,－－－－－－－－－－,10.0,420.0,0.0,30.0,0.0,-300.0,-820.0,2450.0,yonden
2019,6,2019-06-02,11:00,2560.0,880.0,2170.0,190.0,－－－－－－－－－－,10.0,410.0,0.0,20.0,0.0,-300.0,-820.0,2560.0,yonden
2019,6,2019-06-02,12:00,2560.0,880.0,2330.0,240.0,－－－－－－－－－－,10.0,410.0,0.0,20.0,0.0,-300.0,-1030.0,2560.0,yonden
2019,6,2019-06-02,13:00,2490.0,880.0,2340.0,240.0,－－－－－－－－－－,10.0,300.0,0.0,20.0,0.0,-130.0,-1170.0,2490.0,yonden
2019,6,2019-06-02,14:00,2350.0,880.0,2430.0,210.0,－－－－－－－－－－,10.0,170.0,0.0,10.0,0.0,0.0,-1360.0,2350.0,yonden
2019,6,2019-06-02,15:00,2280.0,880.0,2470.0,230.0,－－－－－－－－－－,10.0,60.0,0.0,20.0,0.0,10.0,-1400.0,2280.0,yonden
2019,6,2019-06-02,16:00,2360.0,880.0,2580.0,320.0,－－－－－－－－－－,10.0,20.0,0.0,30.0,0.0,130.0,-1610.0,2360.0,yonden
2019,6,2019-06-02,17:00,2510.0,880.0,2660.0,360.0,－－－－－－－－－－,10.0,20.0,0.0,20.0,0.0,180.0,-1620.0,2510.0,yonden
2019,6,2019-06-02,18:00,2620.0,880.0,2650.0,390.0,－－－－－－－－－－,10.0,0.0,0.0,20.0,0.0,170.0,-1500.0,2620.0,yonden
2019,6,2019-06-02,19:00,2650.0,890.0,2610.0,380.0,－－－－－－－－－－,10.0,0.0,0.0,20.0,0.0,170.0,-1430.0,2650.0,yonden
2019,6,2019-06-02,20:00,2560.0,890.0,2610.0,400.0,－－－－－－－－－－,10.0,0.0,0.0,30.0,0.0,20.0,-1400.0,2560.0,yonden
2019,6,2019-06-02,21:00,2440.0,890.0,2590.0,360.0,－－－－－－－－－－,10.0,0.0,0.0,40.0,0.0,0.0,-1450.0,2440.0,yonden
2019,6,2019-06-02,22:00,2280.0,890.0,2480.0,260.0,－－－－－－－－－－,10.0,0.0,0.0,30.0,0.0,0.0,-1390.0,2280.0,yonden
2019,6,2019-06-02,23:00,2210.0,880.0,2430.0,240.0,－－－－－－－－－－,10.0,0.0,0.0,20.0,0.0,0.0,-1370.0,2210.0,yonden
2019,6,2019-06-03,00:00,2100.0,880.0,2240.0,230.0,－－－－－－－－－－,10.0,0.0,0.0,10.0,0.0,-260.0,-1010.0,2100.0,yonden
2019,6,2019-06-03,01:00,2110.0,890.0,2180.0,230.0,－－－－－－－－－－,10.0,0.0,0.0,20.0,0.0,-300.0,-920.0,2110.0,yonden
2019,6,2019-06-03,02:00,2260.0,880.0,2190.0,220.0,－－－－－－－－－－,10.0,0.0,0.0,20.0,0.0,-50.0,-1010.0,2260.0,yonden
2019,6,2019-06-03,03:00,2490.0,880.0,2340.0,290.0,－－－－－－－－－－,10.0,0.0,0.0,10.0,0.0,10.0,-1050.0,2490.0,yonden
2019,6,2019-06-03,04:00,2630.0,880.0,2440.0,320.0,－－－－－－－－－－,10.0,0.0,0.0,10.0,0.0,20.0,-1050.0,2630.0,yonden
2019,6,2019-06-03,05:00,2640.0,880.0,2460.0,280.0,－－－－－－－－－－,10.0,80.0,0.0,0.0,0.0,20.0,-1090.0,2640.0,yonden
2019,6,2019-06-03,06:00,2480.0,880.0,2180.0,260.0,－－－－－－－－－－,10.0,290.0,0.0,0.0,0.0,10.0,-1150.0,2480.0,yonden
2019,6,2019-06-03,07:00,2470.0,880.0,1990.0,220.0,－－－－－－－－－－,10.0,620.0,0.0,0.0,0.0,0.0,-1250.0,2470.0,yonden
2019,6,2019-06-03,08:00,2810.0,880.0,2010.0,220.0,－－－－－－－－－－,10.0,1020.0,0.0,0.0,0.0,0.0,-1330.0,2810.0,yonden
2019,6,2019-06-03,09:00,3160.0,880.0,2140.0,260.0,－－－－－－－－－－,10.0,1350.0,0.0,0.0,0.0,0.0,-1480.0,3160.0,yonden
2019,6,2019-06-03,10:00,3280.0,880.0,2370.0,290.0,－－－－－－－－－－,10.0,1630.0,0.0,0.0,0.0,-240.0,-1660.0,3280.0,yonden
2019,6,2019-06-03,11:00,3340.0,880.0,2560.0,270.0,－－－－－－－－－－,10.0,1690.0,0.0,0.0,0.0,-300.0,-1770.0,3340.0,yonden
2019,6,2019-06-03,12:00,3180.0,880.0,2470.0,230.0,－－－－－－－－－－,10.0,1710.0,0.0,0.0,0.0,-250.0,-1870.0,3180.0,yonden
2019,6,2019-06-03,13:00,3460.0,880.0,2670.0,260.0,－－－－－－－－－－,10.0,1570.0,0.0,0.0,0.0,50.0,-1980.0,3460.0,yonden
2019,6,2019-06-03,14:00,3370.0,880.0,2770.0,320.0,－－－－－－－－－－,10.0,1150.0,0.0,0.0,0.0,190.0,-1950.0,3370.0,yonden
2019,6,2019-06-03,15:00,3220.0,880.0,3010.0,270.0,－－－－－－－－－－,10.0,790.0,0.0,0.0,0.0,150.0,-1890.0,3220.0,yonden
2019,6,2019-06-03,16:00,3220.0,880.0,3060.0,280.0,－－－－－－－－－－,10.0,530.0,0.0,10.0,0.0,160.0,-1710.0,3220.0,yonden
2019,6,2019-06-03,17:00,3150.0,880.0,2970.0,400.0,－－－－－－－－－－,10.0,250.0,0.0,30.0,0.0,180.0,-1570.0,3150.0,yonden
2019,6,2019-06-03,18:00,3150.0,880.0,3130.0,530.0,－－－－－－－－－－,10.0,30.0,0.0,40.0,0.0,120.0,-1590.0,3150.0,yonden
2019,6,2019-06-03,19:00,3140.0,880.0,3070.0,520.0,－－－－－－－－－－,10.0,0.0,0.0,50.0,0.0,50.0,-1440.0,3140.0,yonden
2019,6,2019-06-03,20:00,3000.0,880.0,2970.0,480.0,－－－－－－－－－－,10.0,0.0,0.0,50.0,0.0,20.0,-1410.0,3000.0,yonden
2019,6,2019-06-03,21:00,2800.0,880.0,2720.0,350.0,－－－－－－－－－－,10.0,0.0,0.0,50.0,0.0,0.0,-1210.0,2800.0,yonden
2019,6,2019-06-03,22:00,2610.0,880.0,2610.0,230.0,－－－－－－－－－－,10.0,0.0,0.0,50.0,0.0,0.0,-1170.0,2610.0,yonden
2019,6,2019-06-03,23:00,2500.0,880.0,2620.0,200.0,－－－－－－－－－－,10.0,0.0,0.0,40.0,0.0,0.0,-1250.0,2500.0,yonden
2019,6,2019-06-04,00:00,2360.0,880.0,2460.0,210.0,－－－－－－－－－－,10.0,0.0,0.0,40.0,0.0,0.0,-1240.0,2360.0,yonden
2019,6,2019-06-04,01:00,2330.0,880.0,2440.0,210.0,－－－－－－－－－－,10.0,0.0,0.0,20.0,0.0,0.0,-1230.0,2330.0,yonden
2019,6,2019-06-04,02:00,2430.0,880.0,2430.0,200.0,－－－－－－－－－－,10.0,0.0,0.0,20.0,0.0,20.0,-1130.0,2430.0,yonden
2019,6,2019-06-04,03:00,2660.0,880.0,2580.0,290.0,－－－－－－－－－－,10.0,0.0,0.0,20.0,0.0,20.0,-1140.0,2660.0,yonden
2019,6,2019-06-04,04:00,2790.0,880.0,2600.0,320.0,－－－－－－－－－－,10.0,0.0,0.0,20.0,0.0,10.0,-1050.0,2790.0,yonden
2019,6,2019-06-04,05:00,2750.0,880.0,2490.0,320.0,－－－－－－－－－－,10.0,70.0,0.0,20.0,0.0,10.0,-1050.0,2750.0,yonden
2019,6,2019-06-04,06:00,2560.0,880.0,2390.0,270.0,－－－－－－－－－－,10.0,230.0,0.0,20.0,0.0,0.0,-1240.0,2560.0,yonden
2019,6,2019-06-04,07:00,2570.0,880.0,2460.0,260.0,－－－－－－－－－－,10.0,430.0,0.0,20.0,0.0,10.0,-1500.0,2570.0,yonden
2019,6,2019-06-04,08:00,3010.0,880.0,2520.0,250.0,－－－－－－－－－－,10.0,780.0,0.0,10.0,0.0,0.0,-1440.0,3010.0,yonden
2019,6,2019-06-04,09:00,3330.0,880.0,2470.0,230.0,－－－－－－－－－－,10.0,1190.0,0.0,20.0,0.0,0.0,-1470.0,3330.0,yonden
2019,6,2019-06-04,10:00,3480.0,880.0,2380.0,230.0,－－－－－－－－－－,10.0,1400.0,0.0,20.0,0.0,0.0,-1440.0,3480.0,yonden
2019,6,2019-06-04,11:00,3540.0,880.0,2490.0,210.0,－－－－－－－－－－,10.0,1400.0,0.0,20.0,0.0,0.0,-1470.0,3540.0,yonden
2019,6,2019-06-04,12:00,3330.0,880.0,2500.0,210.0,－－－－－－－－－－,10.0,1250.0,0.0,20.0,0.0,0.0,-1540.0,3330.0,yonden
2019,6,2019-06-04,13:00,3540.0,880.0,2840.0,270.0,－－－－－－－－－－,10.0,980.0,0.0,20.0,0.0,0.0,-1460.0,3540.0,yonden
2019,6,2019-06-04,14:00,3470.0,880.0,2970.0,290.0,－－－－－－－－－－,10.0,630.0,0.0,20.0,0.0,0.0,-1330.0,3470.0,yonden
2019,6,2019-06-04,15:00,3340.0,880.0,3110.0,340.0,－－－－－－－－－－,10.0,280.0,0.0,10.0,0.0,40.0,-1330.0,3340.0,yonden
2019,6,2019-06-04,16:00,3360.0,880.0,3220.0,370.0,－－－－－－－－－－,10.0,110.0,0.0,20.0,0.0,130.0,-1380.0,3360.0,yonden
2019,6,2019-06-04,17:00,3260.0,880.0,3150.0,390.0,－－－－－－－－－－,10.0,10.0,0.0,40.0,0.0,200.0,-1420.0,3260.0,yonden
2019,6,2019-06-04,18:00,3280.0,880.0,3160.0,450.0,－－－－－－－－－－,10.0,0.0,0.0,50.0,0.0,300.0,-1570.0,3280.0,yonden
2019,6,2019-06-04,19:00,3180.0,880.0,3170.0,420.0,－－－－－－－－－－,10.0,0.0,0.0,50.0,0.0,200.0,-1550.0,3180.0,yonden
2019,6,2019-06-04,20:00,3010.0,880.0,2950.0,400.0,－－－－－－－－－－,10.0,0.0,0.0,30.0,0.0,20.0,-1280.0,3010.0,yonden
2019,6,2019-06-04,21:00,2840.0,880.0,2800.0,320.0,－－－－－－－－－－,10.0,0.0,0.0,30.0,0.0,20.0,-1220.0,2840.0,yonden
2019,6,2019-06-04,22:00,2650.0,880.0,2700.0,260.0,－－－－－－－－－－,10.0,0.0,0.0,30.0,0.0,0.0,-1230.0,2650.0,yonden
2019,6,2019-06-04,23:00,2540.0,880.0,2600.0,240.0,－－－－－－－－－－,10.0,0.0,0.0,30.0,0.0,0.0,-1220.0,2540.0,yonden
2019,6,2019-06-05,00:00,2400.0,880.0,2570.0,270.0,－－－－－－－－－－,10.0,0.0,0.0,30.0,0.0,10.0,-1370.0,2400.0,yonden
2019,6,2019-06-05,01:00,2370.0,880.0,2570.0,250.0,－－－－－－－－－－,10.0,0.0,0.0,30.0,0.0,0.0,-1370.0,2370.0,yonden
2019,6,2019-06-05,02:00,2480.0,880.0,2540.0,220.0,－－－－－－－－－－,10.0,0.0,0.0,30.0,0.0,0.0,-1200.0,2480.0,yonden
2019,6,2019-06-05,03:00,2690.0,880.0,2560.0,310.0,－－－－－－－－－－,10.0,0.0,0.0,10.0,0.0,20.0,-1100.0,2690.0,yonden
2019,6,2019-06-05,04:00,2820.0,880.0,2550.0,330.0,－－－－－－－－－－,10.0,0.0,0.0,40.0,0.0,30.0,-1020.0,2820.0,yonden
2019,6,2019-06-05,05:00,2800.0,880.0,2540.0,270.0,－－－－－－－－－－,10.0,30.0,0.0,30.0,0.0,10.0,-970.0,2800.0,yonden
2019,6,2019-06-05,06:00,2610.0,880.0,2470.0,290.0,－－－－－－－－－－,10.0,70.0,0.0,20.0,0.0,0.0,-1130.0,2610.0,yonden
2019,6,2019-06-05,07:00,2620.0,880.0,2430.0,240.0,－－－－－－－－－－,10.0,320.0,0.0,10.0,0.0,-90.0,-1180.0,2620.0,yonden
2019,6,2019-06-05,08:00,3040.0,880.0,2500.0,320.0,－－－－－－－－－－,10.0,750.0,0.0,0.0,0.0,-170.0,-1250.0,3040.0,yonden
2019,6,2019-06-05,09:00,3300.0,880.0,2260.0,220.0,－－－－－－－－－－,10.0,1230.0,0.0,0.0,0.0,0.0,-1300.0,3300.0,yonden
2019,6,2019-06-05,10:00,3420.0,880.0,2250.0,210.0,－－－－－－－－－－,10.0,1600.0,0.0,0.0,0.0,-260.0,-1270.0,3420.0,yonden
2019,6,2019-06-05,11:00,3510.0,880.0,2230.0,220.0,－－－－－－－－－－,10.0,1740.0,0.0,0.0,0.0,-300.0,-1270.0,3510.0,yonden
2019,6,2019-06-05,12:00,3380.0,880.0,1980.0,240.0,－－－－－－－－－－,10.0,1780.0,0.0,0.0,0.0,-300.0,-1210.0,3380.0,yonden
2019,6,2019-06-05,13:00,3650.0,880.0,2510.0,280.0,－－－－－－－－－－,10.0,1730.0,0.0,0.0,0.0,-20.0,-1740.0,3650.0,yonden
2019,6,2019-06-05,14:00,3670.0,880.0,2770.0,290.0,－－－－－－－－－－,10.0,1530.0,0.0,0.0,0.0,0.0,-1810.0,3670.0,yonden
2019,6,2019-06-05,15:00,3590.0,880.0,2990.0,360.0,－－－－－－－－－－,10.0,1160.0,0.0,0.0,0.0,10.0,-1820.0,3590.0,yonden
2019,6,2019-06-05,16:00,3590.0,880.0,3220.0,410.0,－－－－－－－－－－,10.0,760.0,0.0,0.0,0.0,100.0,-1790.0,3590.0,yonden
2019,6,2019-06-05,17:00,3480.0,880.0,3280.0,440.0,－－－－－－－－－－,10.0,380.0,0.0,0.0,0.0,230.0,-1740.0,3480.0,yonden
2019,6,2019-06-05,18:00,3350.0,880.0,3320.0,480.0,－－－－－－－－－－,10.0,80.0,0.0,0.0,0.0,230.0,-1650.0,3350.0,yonden
2019,6,2019-06-05,19:00,3280.0,880.0,3260.0,470.0,－－－－－－－－－－,10.0,0.0,0.0,0.0,0.0,180.0,-1520.0,3280.0,yonden
2019,6,2019-06-05,20:00,3130.0,880.0,3280.0,440.0,－－－－－－－－－－,10.0,0.0,0.0,0.0,0.0,50.0,-1530.0,3130.0,yonden
2019,6,2019-06-05,21:00,2920.0,880.0,3110.0,260.0,－－－－－－－－－－,10.0,0.0,0.0,10.0,0.0,0.0,-1350.0,2920.0,yonden
2019,6,2019-06-05,22:00,2710.0,880.0,2990.0,210.0,－－－－－－－－－－,10.0,0.0,0.0,10.0,0.0,0.0,-1390.0,2710.0,yonden
2019,6,2019-06-05,23:00,2580.0,880.0,2890.0,180.0,－－－－－－－－－－,10.0,0.0,0.0,10.0,0.0,0.0,-1390.0,2580.0,yonden
2019,6,2019-06-06,00:00,2430.0,880.0,2610.0,190.0,－－－－－－－－－－,10.0,0.0,0.0,10.0,0.0,0.0,-1270.0,2430.0,yonden
2019,6,2019-06-06,01:00,2360.0,880.0,2530.0,160.0,－－－－－－－－－－,10.0,0.0,0.0,10.0,0.0,0.0,-1230.0,2360.0,yonden
2019,6,2019-06-06,02:00,2460.0,880.0,2530.0,180.0,－－－－－－－－－－,10.0,0.0,0.0,10.0,0.0,0.0,-1150.0,2460.0,yonden
2019,6,2019-06-06,03:00,2650.0,880.0,2550.0,260.0,－－－－－－－－－－,10.0,0.0,0.0,10.0,0.0,20.0,-1080.0,2650.0,yonden
2019,6,2019-06-06,04:00,2780.0,880.0,2540.0,330.0,－－－－－－－－－－,10.0,0.0,0.0,10.0,0.0,20.0,-1010.0,2780.0,yonden
2019,6,2019-06-06,05:00,2810.0,880.0,2520.0,270.0,－－－－－－－－－－,10.0,110.0,0.0,10.0,0.0,20.0,-1010.0,2810.0,yonden
2019,6,2019-06-06,06:00,2730.0,880.0,2500.0,270.0,－－－－－－－－－－,10.0,410.0,0.0,10.0,0.0,0.0,-1350.0,2730.0,yonden
2019,6,2019-06-06,07:00,2740.0,880.0,2430.0,210.0,－－－－－－－－－－,10.0,800.0,0.0,0.0,0.0,0.0,-1590.0,2740.0,yonden
2019,6,2019-06-06,08:00,3170.0,880.0,2620.0,230.0,－－－－－－－－－－,10.0,1190.0,0.0,0.0,0.0,0.0,-1760.0,3170.0,yonden
2019,6,2019-06-06,09:00,3480.0,880.0,2620.0,240.0,－－－－－－－－－－,10.0,1500.0,0.0,0.0,0.0,0.0,-1770.0,3480.0,yonden
2019,6,2019-06-06,10:00,3570.0,880.0,2560.0,240.0,－－－－－－－－－－,10.0,1680.0,0.0,0.0,0.0,0.0,-1800.0,3570.0,yonden
2019,6,2019-06-06,11:00,3670.0,880.0,2630.0,290.0,－－－－－－－－－－,10.0,1740.0,0.0,0.0,0.0,0.0,-1880.0,3670.0,yonden
2019,6,2019-06-06,12:00,3600.0,880.0,2650.0,290.0,－－－－－－－－－－,10.0,1720.0,0.0,10.0,0.0,0.0,-1960.0,3600.0,yonden
2019,6,2019-06-06,13:00,3850.0,880.0,2660.0,240.0,－－－－－－－－－－,10.0,1520.0,0.0,20.0,0.0,0.0,-1480.0,3850.0,yonden
2019,6,2019-06-06,14:00,3720.0,880.0,2750.0,230.0,－－－－－－－－－－,10.0,1300.0,0.0,40.0,0.0,0.0,-1490.0,3720.0,yonden
2019,6,2019-06-06,15:00,3690.0,880.0,3000.0,290.0,－－－－－－－－－－,10.0,1000.0,0.0,50.0,0.0,10.0,-1550.0,3690.0,yonden
2019,6,2019-06-06,16:00,3680.0,880.0,3330.0,400.0,－－－－－－－－－－,10.0,600.0,0.0,60.0,0.0,70.0,-1670.0,3680.0,yonden
2019,6,2019-06-06,17:00,3490.0,880.0,3380.0,450.0,－－－－－－－－－－,10.0,240.0,0.0,70.0,0.0,160.0,-1700.0,3490.0,yonden
2019,6,2019-06-06,18:00,3420.0,880.0,3320.0,460.0,－－－－－－－－－－,10.0,40.0,0.0,80.0,0.0,180.0,-1550.0,3420.0,yonden
2019,6,2019-06-06,19:00,3360.0,880.0,3330.0,440.0,－－－－－－－－－－,10.0,0.0,0.0,80.0,0.0,70.0,-1450.0,3360.0,yonden
2019,6,2019-06-06,20:00,3200.0,880.0,3180.0,400.0,－－－－－－－－－－,10.0,0.0,0.0,90.0,0.0,30.0,-1390.0,3200.0,yonden
2019,6,2019-06-06,21:00,2980.0,880.0,2890.0,280.0,－－－－－－－－－－,10.0,0.0,0.0,100.0,0.0,0.0,-1180.0,2980.0,yonden
2019,6,2019-06-06,22:00,2750.0,880.0,2570.0,200.0,－－－－－－－－－－,10.0,0.0,0.0,100.0,0.0,-10.0,-1000.0,2750.0,yonden
2019,6,2019-06-06,23:00,2630.0,880.0,2530.0,160.0,－－－－－－－－－－,10.0,0.0,0.0,100.0,0.0,0.0,-1050.0,2630.0,yonden
2019,6,2019-06-07,00:00,2480.0,880.0,2550.0,170.0,－－－－－－－－－－,10.0,0.0,0.0,110.0,0.0,0.0,-1240.0,2480.0,yonden
2019,6,2019-06-07,01:00,2410.0,880.0,2460.0,150.0,－－－－－－－－－－,10.0,0.0,0.0,120.0,0.0,0.0,-1210.0,2410.0,yonden
2019,6,2019-06-07,02:00,2490.0,880.0,2540.0,160.0,－－－－－－－－－－,10.0,0.0,0.0,120.0,0.0,0.0,-1220.0,2490.0,yonden
2019,6,2019-06-07,03:00,2680.0,880.0,2460.0,230.0,－－－－－－－－－－,10.0,0.0,0.0,130.0,0.0,0.0,-1030.0,2680.0,yonden
2019,6,2019-06-07,04:00,2820.0,880.0,2460.0,260.0,－－－－－－－－－－,10.0,0.0,0.0,130.0,0.0,0.0,-920.0,2820.0,yonden
2019,6,2019-06-07,05:00,2840.0,880.0,2490.0,210.0,－－－－－－－－－－,10.0,40.0,0.0,130.0,0.0,0.0,-920.0,2840.0,yonden
2019,6,2019-06-07,06:00,2730.0,880.0,2560.0,220.0,－－－－－－－－－－,10.0,80.0,0.0,130.0,0.0,0.0,-1150.0,2730.0,yonden
2019,6,2019-06-07,07:00,2830.0,880.0,2750.0,320.0,－－－－－－－－－－,10.0,50.0,0.0,120.0,0.0,20.0,-1320.0,2830.0,yonden
2019,6,2019-06-07,08:00,3310.0,880.0,2920.0,390.0,－－－－－－－－－－,10.0,40.0,0.0,110.0,0.0,200.0,-1240.0,3310.0,yonden
2019,6,2019-06-07,09:00,3620.0,880.0,3000.0,370.0,－－－－－－－－－－,10.0,90.0,0.0,100.0,0.0,440.0,-1270.0,3620.0,yonden
2019,6,2019-06-07,10:00,3690.0,880.0,3030.0,390.0,－－－－－－－－－－,10.0,310.0,0.0,80.0,0.0,350.0,-1360.0,3690.0,yonden
2019,6,2019-06-07,11:00,3690.0,880.0,3100.0,400.0,－－－－－－－－－－,10.0,540.0,0.0,70.0,0.0,-60.0,-1250.0,3690.0,yonden
2019,6,2019-06-07,12:00,3460.0,880.0,3170.0,410.0,－－－－－－－－－－,10.0,530.0,0.0,80.0,0.0,-270.0,-1350.0,3460.0,yonden
2019,6,2019-06-07,13:00,3550.0,880.0,2990.0,450.0,－－－－－－－－－－,10.0,770.0,0.0,80.0,0.0,-270.0,-1360.0,3550.0,yonden
2019,6,2019-06-07,14:00,3580.0,880.0,3070.0,490.0,－－－－－－－－－－,10.0,620.0,0.0,80.0,0.0,-160.0,-1410.0,3580.0,yonden
2019,6,2019-06-07,15:00,3460.0,880.0,2940.0,520.0,－－－－－－－－－－,10.0,420.0,0.0,80.0,0.0,40.0,-1430.0,3460.0,yonden
2019,6,2019-06-07,16:00,3470.0,880.0,3050.0,530.0,－－－－－－－－－－,10.0,290.0,0.0,60.0,0.0,50.0,-1400.0,3470.0,yonden
2019,6,2019-06-07,17:00,3330.0,880.0,3180.0,580.0,－－－－－－－－－－,10.0,70.0,0.0,70.0,0.0,60.0,-1520.0,3330.0,yonden
2019,6,2019-06-07,18:00,3330.0,880.0,3200.0,530.0,－－－－－－－－－－,10.0,10.0,0.0,40.0,0.0,190.0,-1530.0,3330.0,yonden
2019,6,2019-06-07,19:00,3250.0,880.0,3180.0,510.0,－－－－－－－－－－,10.0,0.0,0.0,40.0,0.0,190.0,-1560.0,3250.0,yonden
2019,6,2019-06-07,20:00,3080.0,880.0,2980.0,490.0,－－－－－－－－－－,10.0,0.0,0.0,40.0,0.0,190.0,-1510.0,3080.0,yonden
2019,6,2019-06-07,21:00,2870.0,880.0,2850.0,470.0,－－－－－－－－－－,10.0,0.0,0.0,60.0,0.0,40.0,-1440.0,2870.0,yonden
2019,6,2019-06-07,22:00,2660.0,880.0,2670.0,460.0,－－－－－－－－－－,10.0,0.0,0.0,50.0,0.0,40.0,-1450.0,2660.0,yonden
2019,6,2019-06-07,23:00,2550.0,880.0,2620.0,440.0,－－－－－－－－－－,10.0,0.0,0.0,60.0,0.0,10.0,-1470.0,2550.0,yonden
2019,6,2019-06-08,00:00,2390.0,880.0,2410.0,420.0,－－－－－－－－－－,10.0,0.0,0.0,60.0,0.0,-270.0,-1120.0,2390.0,yonden
2019,6,2019-06-08,01:00,2340.0,880.0,2350.0,400.0,－－－－－－－－－－,10.0,0.0,0.0,60.0,0.0,-270.0,-1090.0,2340.0,yonden
2019,6,2019-06-08,02:00,2430.0,880.0,2380.0,410.0,－－－－－－－－－－,10.0,0.0,0.0,60.0,0.0,-270.0,-1040.0,2430.0,yonden
2019,6,2019-06-08,03:00,2630.0,880.0,2340.0,420.0,－－－－－－－－－－,10.0,0.0,0.0,70.0,0.0,20.0,-1110.0,2630.0,yonden
2019,6,2019-06-08,04:00,2740.0,880.0,2340.0,420.0,－－－－－－－－－－,10.0,0.0,0.0,80.0,0.0,40.0,-1030.0,2740.0,yonden
2019,6,2019-06-08,05:00,2730.0,880.0,2280.0,410.0,－－－－－－－－－－,10.0,100.0,0.0,100.0,0.0,40.0,-1090.0,2730.0,yonden
2019,6,2019-06-08,06:00,2540.0,880.0,2120.0,430.0,－－－－－－－－－－,10.0,350.0,0.0,100.0,0.0,40.0,-1390.0,2540.0,yonden
2019,6,2019-06-08,07:00,2450.0,880.0,2280.0,440.0,－－－－－－－－－－,10.0,670.0,0.0,90.0,0.0,-210.0,-1710.0,2450.0,yonden
2019,6,2019-06-08,08:00,2680.0,880.0,2340.0,410.0,－－－－－－－－－－,10.0,830.0,0.0,90.0,0.0,-260.0,-1620.0,2680.0,yonden
2019,6,2019-06-08,09:00,2820.0,880.0,2450.0,400.0,－－－－－－－－－－,10.0,990.0,0.0,100.0,0.0,-260.0,-1750.0,2820.0,yonden
2019,6,2019-06-08,10:00,2910.0,880.0,2530.0,410.0,－－－－－－－－－－,10.0,1090.0,0.0,90.0,0.0,-210.0,-1890.0,2910.0,yonden
2019,6,2019-06-08,11:00,2970.0,880.0,2400.0,410.0,－－－－－－－－－－,10.0,1040.0,0.0,80.0,0.0,40.0,-1890.0,2970.0,yonden
2019,6,2019-06-08,12:00,2900.0,880.0,2400.0,380.0,－－－－－－－－－－,10.0,950.0,0.0,80.0,0.0,30.0,-1830.0,2900.0,yonden
2019,6,2019-06-08,13:00,2900.0,880.0,2530.0,470.0,－－－－－－－－－－,10.0,610.0,0.0,80.0,0.0,140.0,-1820.0,2900.0,yonden
2019,6,2019-06-08,14:00,2840.0,880.0,2510.0,470.0,－－－－－－－－－－,10.0,590.0,0.0,80.0,0.0,220.0,-1920.0,2840.0,yonden
2019,6,2019-06-08,15:00,2750.0,880.0,2650.0,400.0,－－－－－－－－－－,10.0,500.0,0.0,70.0,0.0,200.0,-1960.0,2750.0,yonden
2019,6,2019-06-08,16:00,2770.0,880.0,2740.0,450.0,－－－－－－－－－－,10.0,300.0,0.0,60.0,0.0,330.0,-2000.0,2770.0,yonden
2019,6,2019-06-08,17:00,2750.0,880.0,2780.0,480.0,－－－－－－－－－－,10.0,150.0,0.0,50.0,0.0,410.0,-2010.0,2750.0,yonden
2019,6,2019-06-08,18:00,2810.0,880.0,2850.0,440.0,－－－－－－－－－－,10.0,30.0,0.0,40.0,0.0,270.0,-1710.0,2810.0,yonden
2019,6,2019-06-08,19:00,2840.0,880.0,3000.0,420.0,－－－－－－－－－－,10.0,0.0,0.0,40.0,0.0,60.0,-1570.0,2840.0,yonden
2019,6,2019-06-08,20:00,2740.0,880.0,2990.0,450.0,－－－－－－－－－－,10.0,0.0,0.0,30.0,0.0,20.0,-1640.0,2740.0,yonden
2019,6,2019-06-08,21:00,2570.0,880.0,2810.0,400.0,－－－－－－－－－－,10.0,0.0,0.0,20.0,0.0,20.0,-1570.0,2570.0,yonden
2019,6,2019-06-08,22:00,2390.0,880.0,2540.0,360.0,－－－－－－－－－－,10.0,0.0,0.0,10.0,0.0,10.0,-1420.0,2390.0,yonden
2019,6,2019-06-08,23:00,2320.0,880.0,2490.0,350.0,－－－－－－－－－－,10.0,0.0,0.0,10.0,0.0,20.0,-1440.0,2320.0,yonden
2019,6,2019-06-09,00:00,2180.0,880.0,2260.0,310.0,－－－－－－－－－－,10.0,0.0,0.0,10.0,0.0,20.0,-1310.0,2180.0,yonden
2019,6,2019-06-09,01:00,2140.0,880.0,2260.0,300.0,－－－－－－－－－－,10.0,0.0,0.0,20.0,0.0,20.0,-1350.0,2140.0,yonden
2019,6,2019-06-09,02:00,2260.0,880.0,2350.0,360.0,－－－－－－－－－－,10.0,0.0,0.0,30.0,0.0,20.0,-1390.0,2260.0,yonden
2019,6,2019-06-09,03:00,2470.0,880.0,2480.0,380.0,－－－－－－－－－－,10.0,0.0,0.0,10.0,0.0,20.0,-1310.0,2470.0,yonden
2019,6,2019-06-09,04:00,2600.0,880.0,2480.0,360.0,－－－－－－－－－－,10.0,0.0,0.0,20.0,0.0,20.0,-1170.0,2600.0,yonden
2019,6,2019-06-09,05:00,2580.0,880.0,2330.0,320.0,－－－－－－－－－－,10.0,100.0,0.0,30.0,0.0,-10.0,-1080.0,2580.0,yonden
2019,6,2019-06-09,06:00,2300.0,880.0,2080.0,230.0,－－－－－－－－－－,10.0,340.0,0.0,30.0,0.0,-490.0,-780.0,2300.0,yonden
2019,6,2019-06-09,07:00,2130.0,880.0,1640.0,260.0,－－－－－－－－－－,10.0,670.0,0.0,30.0,0.0,-590.0,-770.0,2130.0,yonden
2019,6,2019-06-09,08:00,2240.0,880.0,1320.0,330.0,－－－－－－－－－－,10.0,990.0,0.0,30.0,0.0,-560.0,-760.0,2240.0,yonden
2019,6,2019-06-09,09:00,2390.0,880.0,1240.0,350.0,－－－－－－－－－－,10.0,1360.0,0.0,20.0,0.0,-580.0,-890.0,2390.0,yonden
2019,6,2019-06-09,10:00,2490.0,880.0,1180.0,330.0,－－－－－－－－－－,10.0,1620.0,0.0,20.0,0.0,-570.0,-980.0,2490.0,yonden
2019,6,2019-06-09,11:00,2560.0,880.0,1170.0,280.0,－－－－－－－－－－,10.0,1700.0,0.0,10.0,0.0,-580.0,-910.0,2560.0,yonden
2019,6,2019-06-09,12:00,2590.0,880.0,1180.0,260.0,－－－－－－－－－－,10.0,1680.0,0.0,10.0,0.0,-570.0,-860.0,2590.0,yonden
2019,6,2019-06-09,13:00,2560.0,880.0,1290.0,300.0,－－－－－－－－－－,10.0,1510.0,0.0,10.0,0.0,-550.0,-890.0,2560.0,yonden
2019,6,2019-06-09,14:00,2480.0,880.0,1410.0,320.0,－－－－－－－－－－,10.0,1160.0,0.0,0.0,0.0,-330.0,-970.0,2480.0,yonden
2019,6,2019-06-09,15:00,2430.0,880.0,1560.0,360.0,－－－－－－－－－－,10.0,740.0,0.0,10.0,0.0,-40.0,-1090.0,2430.0,yonden
2019,6,2019-06-09,16:00,2390.0,880.0,1840.0,340.0,－－－－－－－－－－,10.0,300.0,0.0,10.0,0.0,40.0,-1030.0,2390.0,yonden
2019,6,2019-06-09,17:00,2530.0,880.0,2110.0,290.0,－－－－－－－－－－,10.0,70.0,0.0,10.0,0.0,10.0,-850.0,2530.0,yonden
2019,6,2019-06-09,18:00,2660.0,880.0,2260.0,270.0,－－－－－－－－－－,10.0,10.0,0.0,0.0,0.0,0.0,-770.0,2660.0,yonden
2019,6,2019-06-09,19:00,2730.0,880.0,2270.0,270.0,－－－－－－－－－－,10.0,0.0,0.0,0.0,0.0,0.0,-700.0,2730.0,yonden
2019,6,2019-06-09,20:00,2650.0,880.0,2220.0,250.0,－－－－－－－－－－,10.0,0.0,0.0,10.0,0.0,0.0,-720.0,2650.0,yonden
2019,6,2019-06-09,21:00,2510.0,880.0,2140.0,260.0,－－－－－－－－－－,10.0,0.0,0.0,0.0,0.0,10.0,-790.0,2510.0,yonden
2019,6,2019-06-09,22:00,2340.0,880.0,2190.0,320.0,－－－－－－－－－－,10.0,0.0,0.0,0.0,0.0,220.0,-1280.0,2340.0,yonden
2019,6,2019-06-09,23:00,2260.0,880.0,2150.0,260.0,－－－－－－－－－－,10.0,0.0,0.0,0.0,0.0,170.0,-1210.0,2260.0,yonden
2019,6,2019-06-10,00:00,2140.0,880.0,2080.0,210.0,－－－－－－－－－－,10.0,0.0,0.0,0.0,0.0,20.0,-1060.0,2140.0,yonden
2019,6,2019-06-10,01:00,2100.0,880.0,2080.0,210.0,－－－－－－－－－－,10.0,0.0,0.0,0.0,0.0,0.0,-1080.0,2100.0,yonden
2019,6,2019-06-10,02:00,2220.0,880.0,2230.0,250.0,－－－－－－－－－－,10.0,0.0,0.0,0.0,0.0,20.0,-1170.0,2220.0,yonden
2019,6,2019-06-10,03:00,2450.0,880.0,2370.0,320.0,－－－－－－－－－－,10.0,0.0,0.0,0.0,0.0,40.0,-1170.0,2450.0,yonden
2019,6,2019-06-10,04:00,2610.0,880.0,2450.0,310.0,－－－－－－－－－－,10.0,0.0,0.0,10.0,0.0,30.0,-1080.0,2610.0,yonden
2019,6,2019-06-10,05:00,2660.0,880.0,2450.0,270.0,－－－－－－－－－－,10.0,70.0,0.0,10.0,0.0,140.0,-1170.0,2660.0,yonden
2019,6,2019-06-10,06:00,2520.0,880.0,2460.0,280.0,－－－－－－－－－－,10.0,180.0,0.0,20.0,0.0,160.0,-1470.0,2520.0,yonden
2019,6,2019-06-10,07:00,2560.0,880.0,2520.0,320.0,－－－－－－－－－－,10.0,360.0,0.0,20.0,0.0,210.0,-1760.0,2560.0,yonden
2019,6,2019-06-10,08:00,2960.0,880.0,2590.0,420.0,－－－－－－－－－－,10.0,660.0,0.0,20.0,0.0,220.0,-1840.0,2960.0,yonden
2019,6,2019-06-10,09:00,3230.0,880.0,2620.0,440.0,－－－－－－－－－－,10.0,950.0,0.0,10.0,0.0,170.0,-1850.0,3230.0,yonden
2019,6,2019-06-10,10:00,3310.0,880.0,2610.0,350.0,－－－－－－－－－－,10.0,1130.0,0.0,10.0,0.0,140.0,-1820.0,3310.0,yonden
2019,6,2019-06-10,11:00,3430.0,880.0,2630.0,370.0,－－－－－－－－－－,10.0,1320.0,0.0,20.0,0.0,-30.0,-1770.0,3430.0,yonden
2019,6,2019-06-10,12:00,3270.0,880.0,2510.0,320.0,－－－－－－－－－－,10.0,1300.0,0.0,20.0,0.0,-270.0,-1500.0,3270.0,yonden
2019,6,2019-06-10,13:00,3480.0,880.0,2720.0,310.0,－－－－－－－－－－,10.0,1300.0,0.0,20.0,0.0,10.0,-1770.0,3480.0,yonden
2019,6,2019-06-10,14:00,3470.0,880.0,2890.0,290.0,－－－－－－－－－－,10.0,1240.0,0.0,20.0,0.0,0.0,-1860.0,3470.0,yonden
2019,6,2019-06-10,15:00,3430.0,880.0,3100.0,310.0,－－－－－－－－－－,10.0,970.0,0.0,20.0,0.0,20.0,-1880.0,3430.0,yonden
2019,6,2019-06-10,16:00,3380.0,880.0,3330.0,390.0,－－－－－－－－－－,10.0,530.0,0.0,20.0,0.0,50.0,-1830.0,3380.0,yonden
2019,6,2019-06-10,17:00,3240.0,880.0,3310.0,510.0,－－－－－－－－－－,10.0,210.0,0.0,40.0,0.0,50.0,-1770.0,3240.0,yonden
2019,6,2019-06-10,18:00,3220.0,880.0,3290.0,560.0,－－－－－－－－－－,10.0,40.0,0.0,40.0,0.0,50.0,-1650.0,3220.0,yonden
2019,6,2019-06-10,19:00,3130.0,880.0,3210.0,510.0,－－－－－－－－－－,10.0,0.0,0.0,40.0,0.0,40.0,-1560.0,3130.0,yonden
2019,6,2019-06-10,20:00,3000.0,880.0,3080.0,470.0,－－－－－－－－－－,10.0,0.0,0.0,30.0,0.0,10.0,-1480.0,3000.0,yonden
2019,6,2019-06-10,21:00,2810.0,880.0,2840.0,320.0,－－－－－－－－－－,10.0,0.0,0.0,40.0,0.0,0.0,-1280.0,2810.0,yonden
2019,6,2019-06-10,22:00,2620.0,880.0,2690.0,250.0,－－－－－－－－－－,10.0,0.0,0.0,50.0,0.0,0.0,-1260.0,2620.0,yonden
2019,6,2019-06-10,23:00,2500.0,880.0,2580.0,240.0,－－－－－－－－－－,10.0,0.0,0.0,60.0,0.0,0.0,-1270.0,2500.0,yonden
2019,6,2019-06-11,00:00,2350.0,880.0,2440.0,220.0,－－－－－－－－－－,10.0,0.0,0.0,60.0,0.0,0.0,-1260.0,2350.0,yonden
2019,6,2019-06-11,01:00,2290.0,880.0,2480.0,200.0,－－－－－－－－－－,10.0,0.0,0.0,50.0,0.0,0.0,-1330.0,2290.0,yonden
2019,6,2019-06-11,02:00,2400.0,880.0,2510.0,230.0,－－－－－－－－－－,10.0,0.0,0.0,30.0,0.0,20.0,-1280.0,2400.0,yonden
2019,6,2019-06-11,03:00,2610.0,880.0,2530.0,350.0,－－－－－－－－－－,10.0,0.0,0.0,30.0,0.0,40.0,-1230.0,2610.0,yonden
2019,6,2019-06-11,04:00,2760.0,880.0,2540.0,320.0,－－－－－－－－－－,10.0,0.0,0.0,20.0,0.0,40.0,-1050.0,2760.0,yonden
2019,6,2019-06-11,05:00,2770.0,880.0,2510.0,280.0,－－－－－－－－－－,10.0,70.0,0.0,20.0,0.0,20.0,-1020.0,2770.0,yonden
2019,6,2019-06-11,06:00,2620.0,880.0,2350.0,280.0,－－－－－－－－－－,10.0,250.0,0.0,20.0,0.0,0.0,-1170.0,2620.0,yonden
2019,6,2019-06-11,07:00,2650.0,880.0,2380.0,260.0,－－－－－－－－－－,10.0,510.0,0.0,10.0,0.0,0.0,-1400.0,2650.0,yonden
2019,6,2019-06-11,08:00,3010.0,880.0,2520.0,330.0,－－－－－－－－－－,10.0,820.0,0.0,10.0,0.0,10.0,-1570.0,3010.0,yonden
2019,6,2019-06-11,09:00,3260.0,880.0,2590.0,360.0,－－－－－－－－－－,10.0,1140.0,0.0,10.0,0.0,30.0,-1760.0,3260.0,yonden
2019,6,2019-06-11,10:00,3370.0,880.0,2560.0,370.0,－－－－－－－－－－,10.0,1350.0,0.0,10.0,0.0,20.0,-1830.0,3370.0,yonden
2019,6,2019-06-11,11:00,3490.0,880.0,2610.0,390.0,－－－－－－－－－－,10.0,1390.0,0.0,10.0,0.0,20.0,-1820.0,3490.0,yonden
2019,6,2019-06-11,12:00,3280.0,880.0,2450.0,230.0,－－－－－－－－－－,10.0,1400.0,0.0,10.0,0.0,0.0,-1700.0,3280.0,yonden
2019,6,2019-06-11,13:00,3500.0,880.0,2660.0,340.0,－－－－－－－－－－,10.0,1320.0,0.0,10.0,0.0,30.0,-1750.0,3500.0,yonden
2019,6,2019-06-11,14:00,3470.0,880.0,2940.0,330.0,－－－－－－－－－－,10.0,1050.0,0.0,10.0,0.0,10.0,-1760.0,3470.0,yonden
2019,6,2019-06-11,15:00,3350.0,880.0,3130.0,410.0,－－－－－－－－－－,10.0,660.0,0.0,10.0,0.0,30.0,-1780.0,3350.0,yonden
2019,6,2019-06-11,16:00,3310.0,880.0,3250.0,410.0,－－－－－－－－－－,10.0,430.0,0.0,20.0,0.0,40.0,-1730.0,3310.0,yonden
2019,6,2019-06-11,17:00,3230.0,880.0,3250.0,460.0,－－－－－－－－－－,10.0,250.0,0.0,50.0,0.0,20.0,-1690.0,3230.0,yonden
2019,6,2019-06-11,18:00,3190.0,880.0,3260.0,480.0,－－－－－－－－－－,10.0,50.0,0.0,60.0,0.0,160.0,-1710.0,3190.0,yonden
2019,6,2019-06-11,19:00,3130.0,880.0,3200.0,460.0,－－－－－－－－－－,10.0,0.0,0.0,60.0,0.0,130.0,-1610.0,3130.0,yonden
2019,6,2019-06-11,20:00,3000.0,880.0,2950.0,500.0,－－－－－－－－－－,10.0,0.0,0.0,70.0,0.0,10.0,-1420.0,3000.0,yonden
2019,6,2019-06-11,21:00,2790.0,880.0,2710.0,390.0,－－－－－－－－－－,10.0,0.0,0.0,70.0,0.0,30.0,-1300.0,2790.0,yonden
2019,6,2019-06-11,22:00,2580.0,880.0,2550.0,290.0,－－－－－－－－－－,10.0,0.0,0.0,60.0,0.0,10.0,-1220.0,2580.0,yonden
2019,6,2019-06-11,23:00,2480.0,880.0,2560.0,220.0,－－－－－－－－－－,10.0,0.0,0.0,60.0,0.0,0.0,-1250.0,2480.0,yonden
2019,6,2019-06-12,00:00,2340.0,880.0,2490.0,200.0,－－－－－－－－－－,10.0,0.0,0.0,60.0,0.0,0.0,-1300.0,2340.0,yonden
2019,6,2019-06-12,01:00,2290.0,880.0,2500.0,200.0,－－－－－－－－－－,10.0,0.0,0.0,50.0,0.0,0.0,-1350.0,2290.0,yonden
2019,6,2019-06-12,02:00,2400.0,880.0,2580.0,260.0,－－－－－－－－－－,10.0,0.0,0.0,60.0,0.0,10.0,-1400.0,2400.0,yonden
2019,6,2019-06-12,03:00,2610.0,880.0,2650.0,380.0,－－－－－－－－－－,10.0,0.0,0.0,60.0,0.0,40.0,-1410.0,2610.0,yonden
2019,6,2019-06-12,04:00,2770.0,880.0,2640.0,440.0,－－－－－－－－－－,10.0,0.0,0.0,50.0,0.0,40.0,-1290.0,2770.0,yonden
2019,6,2019-06-12,05:00,2820.0,880.0,2630.0,400.0,－－－－－－－－－－,10.0,110.0,0.0,40.0,0.0,10.0,-1260.0,2820.0,yonden
2019,6,2019-06-12,06:00,2690.0,880.0,2360.0,340.0,－－－－－－－－－－,10.0,420.0,0.0,30.0,0.0,10.0,-1360.0,2690.0,yonden
2019,6,2019-06-12,07:00,2660.0,880.0,2380.0,290.0,－－－－－－－－－－,10.0,810.0,0.0,20.0,0.0,0.0,-1730.0,2660.0,yonden
2019,6,2019-06-12,08:00,3020.0,880.0,2410.0,320.0,－－－－－－－－－－,10.0,1170.0,0.0,20.0,0.0,0.0,-1790.0,3020.0,yonden
2019,6,2019-06-12,09:00,3280.0,880.0,2480.0,360.0,－－－－－－－－－－,10.0,1430.0,0.0,20.0,0.0,0.0,-1900.0,3280.0,yonden
2019,6,2019-06-12,10:00,3380.0,880.0,2520.0,330.0,－－－－－－－－－－,10.0,1540.0,0.0,30.0,0.0,10.0,-1940.0,3380.0,yonden
2019,6,2019-06-12,11:00,3470.0,880.0,2480.0,290.0,－－－－－－－－－－,10.0,1630.0,0.0,40.0,0.0,10.0,-1870.0,3470.0,yonden
2019,6,2019-06-12,12:00,3280.0,880.0,2290.0,210.0,－－－－－－－－－－,10.0,1700.0,0.0,40.0,0.0,0.0,-1850.0,3280.0,yonden
2019,6,2019-06-12,13:00,3490.0,880.0,2560.0,260.0,－－－－－－－－－－,10.0,1650.0,0.0,30.0,0.0,10.0,-1910.0,3490.0,yonden
2019,6,2019-06-12,14:00,3460.0,880.0,2790.0,290.0,－－－－－－－－－－,10.0,1470.0,0.0,30.0,0.0,10.0,-2020.0,3460.0,yonden
2019,6,2019-06-12,15:00,3420.0,880.0,3000.0,360.0,－－－－－－－－－－,10.0,1210.0,0.0,30.0,0.0,30.0,-2100.0,3420.0,yonden
2019,6,2019-06-12,16:00,3430.0,880.0,3210.0,450.0,－－－－－－－－－－,10.0,810.0,0.0,40.0,0.0,40.0,-2010.0,3430.0,yonden
2019,6,2019-06-12,17:00,3340.0,880.0,3250.0,520.0,－－－－－－－－－－,10.0,420.0,0.0,40.0,0.0,60.0,-1840.0,3340.0,yonden
2019,6,2019-06-12,18:00,3250.0,880.0,3230.0,570.0,－－－－－－－－－－,10.0,110.0,0.0,30.0,0.0,230.0,-1810.0,3250.0,yonden
2019,6,2019-06-12,19:00,3160.0,880.0,3250.0,540.0,－－－－－－－－－－,10.0,0.0,0.0,40.0,0.0,140.0,-1700.0,3160.0,yonden
2019,6,2019-06-12,20:00,3020.0,880.0,3210.0,490.0,－－－－－－－－－－,10.0,0.0,0.0,30.0,0.0,10.0,-1610.0,3020.0,yonden
2019,6,2019-06-12,21:00,2820.0,880.0,2980.0,390.0,－－－－－－－－－－,10.0,0.0,0.0,20.0,0.0,0.0,-1460.0,2820.0,yonden
2019,6,2019-06-12,22:00,2620.0,880.0,2760.0,310.0,－－－－－－－－－－,10.0,0.0,0.0,20.0,0.0,0.0,-1360.0,2620.0,yonden
2019,6,2019-06-12,23:00,2520.0,880.0,2690.0,240.0,－－－－－－－－－－,10.0,0.0,0.0,20.0,0.0,0.0,-1320.0,2520.0,yonden
2019,6,2019-06-13,00:00,2370.0,880.0,2580.0,200.0,－－－－－－－－－－,10.0,0.0,0.0,20.0,0.0,0.0,-1320.0,2370.0,yonden
2019,6,2019-06-13,01:00,2300.0,880.0,2550.0,190.0,－－－－－－－－－－,10.0,0.0,0.0,20.0,0.0,0.0,-1350.0,2300.0,yonden
2019,6,2019-06-13,02:00,2420.0,880.0,2610.0,300.0,－－－－－－－－－－,10.0,0.0,0.0,10.0,0.0,30.0,-1420.0,2420.0,yonden
2019,6,2019-06-13,03:00,2640.0,880.0,2710.0,440.0,－－－－－－－－－－,10.0,0.0,0.0,10.0,0.0,30.0,-1440.0,2640.0,yonden
2019,6,2019-06-13,04:00,2800.0,880.0,2690.0,450.0,－－－－－－－－－－,10.0,0.0,0.0,20.0,0.0,40.0,-1290.0,2800.0,yonden
2019,6,2019-06-13,05:00,2840.0,880.0,2620.0,420.0,－－－－－－－－－－,10.0,120.0,0.0,10.0,0.0,20.0,-1240.0,2840.0,yonden
2019,6,2019-06-13,06:00,2720.0,880.0,2330.0,290.0,－－－－－－－－－－,10.0,450.0,0.0,10.0,0.0,0.0,-1250.0,2720.0,yonden
2019,6,2019-06-13,07:00,2700.0,880.0,2220.0,280.0,－－－－－－－－－－,10.0,840.0,0.0,0.0,0.0,0.0,-1530.0,2700.0,yonden
2019,6,2019-06-13,08:00,3090.0,880.0,2360.0,310.0,－－－－－－－－－－,10.0,1240.0,0.0,0.0,0.0,0.0,-1710.0,3090.0,yonden
2019,6,2019-06-13,09:00,3350.0,880.0,2460.0,310.0,－－－－－－－－－－,10.0,1550.0,0.0,0.0,0.0,0.0,-1860.0,3350.0,yonden
2019,6,2019-06-13,10:00,3450.0,880.0,2340.0,280.0,－－－－－－－－－－,10.0,1730.0,0.0,0.0,0.0,0.0,-1790.0,3450.0,yonden
2019,6,2019-06-13,11:00,3490.0,880.0,2350.0,260.0,－－－－－－－－－－,10.0,1800.0,0.0,0.0,0.0,-50.0,-1760.0,3490.0,yonden
2019,6,2019-06-13,12:00,3330.0,880.0,2270.0,200.0,－－－－－－－－－－,10.0,1840.0,0.0,10.0,0.0,-280.0,-1600.0,3330.0,yonden
2019,6,2019-06-13,13:00,3540.0,880.0,2480.0,220.0,－－－－－－－－－－,10.0,1770.0,0.0,10.0,0.0,20.0,-1850.0,3540.0,yonden
2019,6,2019-06-13,14:00,3570.0,880.0,2770.0,280.0,－－－－－－－－－－,10.0,1560.0,0.0,20.0,0.0,20.0,-1970.0,3570.0,yonden
2019,6,2019-06-13,15:00,3500.0,880.0,3040.0,400.0,－－－－－－－－－－,10.0,1180.0,0.0,30.0,0.0,10.0,-2050.0,3500.0,yonden
2019,6,2019-06-13,16:00,3480.0,880.0,3250.0,470.0,－－－－－－－－－－,10.0,730.0,0.0,40.0,0.0,20.0,-1920.0,3480.0,yonden
2019,6,2019-06-13,17:00,3370.0,880.0,3300.0,520.0,－－－－－－－－－－,10.0,350.0,0.0,60.0,0.0,50.0,-1800.0,3370.0,yonden
2019,6,2019-06-13,18:00,3300.0,880.0,3310.0,550.0,－－－－－－－－－－,10.0,80.0,0.0,80.0,0.0,50.0,-1660.0,3300.0,yonden
2019,6,2019-06-13,19:00,3240.0,880.0,3290.0,520.0,－－－－－－－－－－,10.0,0.0,0.0,80.0,0.0,40.0,-1580.0,3240.0,yonden
2019,6,2019-06-13,20:00,3090.0,880.0,3210.0,470.0,－－－－－－－－－－,10.0,0.0,0.0,70.0,0.0,10.0,-1560.0,3090.0,yonden
2019,6,2019-06-13,21:00,2890.0,880.0,3000.0,390.0,－－－－－－－－－－,10.0,0.0,0.0,70.0,0.0,0.0,-1460.0,2890.0,yonden
2019,6,2019-06-13,22:00,2660.0,880.0,2770.0,290.0,－－－－－－－－－－,10.0,0.0,0.0,60.0,0.0,0.0,-1350.0,2660.0,yonden
2019,6,2019-06-13,23:00,2560.0,880.0,2710.0,200.0,－－－－－－－－－－,10.0,0.0,0.0,60.0,0.0,0.0,-1300.0,2560.0,yonden
2019,6,2019-06-14,00:00,2400.0,880.0,2680.0,190.0,－－－－－－－－－－,10.0,0.0,0.0,40.0,0.0,0.0,-1400.0,2400.0,yonden
2019,6,2019-06-14,01:00,2340.0,880.0,2540.0,190.0,－－－－－－－－－－,10.0,0.0,0.0,40.0,0.0,0.0,-1320.0,2340.0,yonden
2019,6,2019-06-14,02:00,2440.0,880.0,2610.0,230.0,－－－－－－－－－－,10.0,0.0,0.0,40.0,0.0,0.0,-1330.0,2440.0,yonden
2019,6,2019-06-14,03:00,2650.0,880.0,2640.0,390.0,－－－－－－－－－－,10.0,0.0,0.0,30.0,0.0,10.0,-1310.0,2650.0,yonden
2019,6,2019-06-14,04:00,2800.0,880.0,2590.0,400.0,－－－－－－－－－－,10.0,0.0,0.0,40.0,0.0,10.0,-1130.0,2800.0,yonden
2019,6,2019-06-14,05:00,2780.0,880.0,2580.0,290.0,－－－－－－－－－－,10.0,60.0,0.0,40.0,0.0,0.0,-1080.0,2780.0,yonden
2019,6,2019-06-14,06:00,2570.0,880.0,2590.0,250.0,－－－－－－－－－－,10.0,170.0,0.0,40.0,0.0,0.0,-1370.0,2570.0,yonden
2019,6,2019-06-14,07:00,2640.0,880.0,2700.0,330.0,－－－－－－－－－－,10.0,330.0,0.0,30.0,0.0,30.0,-1670.0,2640.0,yonden
2019,6,2019-06-14,08:00,3090.0,880.0,2830.0,400.0,－－－－－－－－－－,10.0,460.0,0.0,40.0,0.0,220.0,-1750.0,3090.0,yonden
2019,6,2019-06-14,09:00,3390.0,880.0,3080.0,480.0,－－－－－－－－－－,10.0,540.0,0.0,40.0,0.0,210.0,-1850.0,3390.0,yonden
2019,6,2019-06-14,10:00,3560.0,880.0,3150.0,510.0,－－－－－－－－－－,10.0,540.0,0.0,40.0,0.0,280.0,-1850.0,3560.0,yonden
2019,6,2019-06-14,11:00,3630.0,880.0,3260.0,500.0,－－－－－－－－－－,10.0,580.0,0.0,60.0,0.0,190.0,-1850.0,3630.0,yonden
2019,6,2019-06-14,12:00,3430.0,880.0,3370.0,380.0,－－－－－－－－－－,10.0,560.0,0.0,60.0,0.0,0.0,-1830.0,3430.0,yonden
2019,6,2019-06-14,13:00,3530.0,880.0,3280.0,440.0,－－－－－－－－－－,10.0,370.0,0.0,70.0,0.0,20.0,-1540.0,3530.0,yonden
2019,6,2019-06-14,14:00,3380.0,880.0,3100.0,480.0,－－－－－－－－－－,10.0,220.0,0.0,80.0,0.0,40.0,-1430.0,3380.0,yonden
2019,6,2019-06-14,15:00,3260.0,880.0,3160.0,530.0,－－－－－－－－－－,10.0,70.0,0.0,70.0,0.0,30.0,-1490.0,3260.0,yonden
2019,6,2019-06-14,16:00,3260.0,880.0,3250.0,530.0,－－－－－－－－－－,10.0,30.0,0.0,50.0,0.0,40.0,-1530.0,3260.0,yonden
2019,6,2019-06-14,17:00,3210.0,880.0,3250.0,590.0,－－－－－－－－－－,10.0,10.0,0.0,60.0,0.0,200.0,-1790.0,3210.0,yonden
2019,6,2019-06-14,18:00,3200.0,880.0,3260.0,600.0,－－－－－－－－－－,10.0,0.0,0.0,70.0,0.0,190.0,-1810.0,3200.0,yonden
2019,6,2019-06-14,19:00,3100.0,880.0,3210.0,540.0,－－－－－－－－－－,10.0,0.0,0.0,70.0,0.0,180.0,-1790.0,3100.0,yonden
2019,6,2019-06-14,20:00,2940.0,880.0,2960.0,500.0,－－－－－－－－－－,10.0,0.0,0.0,60.0,0.0,260.0,-1730.0,2940.0,yonden
2019,6,2019-06-14,21:00,2770.0,880.0,2820.0,430.0,－－－－－－－－－－,10.0,0.0,0.0,60.0,0.0,40.0,-1470.0,2770.0,yonden
2019,6,2019-06-14,22:00,2600.0,880.0,2650.0,420.0,－－－－－－－－－－,10.0,0.0,0.0,60.0,0.0,20.0,-1440.0,2600.0,yonden
2019,6,2019-06-14,23:00,2510.0,880.0,2530.0,400.0,－－－－－－－－－－,10.0,0.0,0.0,70.0,0.0,30.0,-1410.0,2510.0,yonden
2019,6,2019-06-15,00:00,2360.0,880.0,2410.0,390.0,－－－－－－－－－－,10.0,0.0,0.0,70.0,0.0,20.0,-1420.0,2360.0,yonden
2019,6,2019-06-15,01:00,2310.0,880.0,2370.0,390.0,－－－－－－－－－－,10.0,0.0,0.0,70.0,0.0,20.0,-1430.0,2310.0,yonden
2019,6,2019-06-15,02:00,2430.0,880.0,2530.0,400.0,－－－－－－－－－－,10.0,0.0,0.0,60.0,0.0,30.0,-1480.0,2430.0,yonden
2019,6,2019-06-15,03:00,2640.0,880.0,2670.0,500.0,－－－－－－－－－－,10.0,0.0,0.0,70.0,0.0,30.0,-1520.0,2640.0,yonden
2019,6,2019-06-15,04:00,2770.0,880.0,2720.0,480.0,－－－－－－－－－－,10.0,0.0,0.0,70.0,0.0,40.0,-1430.0,2770.0,yonden
2019,6,2019-06-15,05:00,2730.0,880.0,2570.0,440.0,－－－－－－－－－－,10.0,60.0,0.0,90.0,0.0,40.0,-1360.0,2730.0,yonden
2019,6,2019-06-15,06:00,2450.0,880.0,2380.0,440.0,－－－－－－－－－－,10.0,80.0,0.0,90.0,0.0,40.0,-1470.0,2450.0,yonden
2019,6,2019-06-15,07:00,2380.0,880.0,2260.0,510.0,－－－－－－－－－－,10.0,150.0,0.0,100.0,0.0,40.0,-1570.0,2380.0,yonden
2019,6,2019-06-15,08:00,2670.0,880.0,2530.0,510.0,－－－－－－－－－－,10.0,70.0,0.0,70.0,0.0,190.0,-1590.0,2670.0,yonden
2019,6,2019-06-15,09:00,2870.0,880.0,2670.0,500.0,－－－－－－－－－－,10.0,110.0,0.0,110.0,0.0,170.0,-1580.0,2870.0,yonden
2019,6,2019-06-15,10:00,2950.0,880.0,2700.0,500.0,－－－－－－－－－－,10.0,320.0,0.0,120.0,0.0,40.0,-1620.0,2950.0,yonden
2019,6,2019-06-15,11:00,3100.0,880.0,2920.0,540.0,－－－－－－－－－－,10.0,350.0,0.0,110.0,0.0,40.0,-1750.0,3100.0,yonden
2019,6,2019-06-15,12:00,3030.0,880.0,2920.0,520.0,－－－－－－－－－－,10.0,340.0,0.0,120.0,0.0,40.0,-1800.0,3030.0,yonden
2019,6,2019-06-15,13:00,3000.0,880.0,3000.0,560.0,－－－－－－－－－－,10.0,280.0,0.0,130.0,0.0,40.0,-1900.0,3000.0,yonden
2019,6,2019-06-15,14:00,2920.0,880.0,2970.0,570.0,－－－－－－－－－－,10.0,200.0,0.0,130.0,0.0,160.0,-2000.0,2920.0,yonden
2019,6,2019-06-15,15:00,2810.0,880.0,2910.0,580.0,－－－－－－－－－－,10.0,130.0,0.0,130.0,0.0,120.0,-1950.0,2810.0,yonden
2019,6,2019-06-15,16:00,2800.0,880.0,2840.0,610.0,－－－－－－－－－－,10.0,80.0,0.0,130.0,0.0,40.0,-1790.0,2800.0,yonden
2019,6,2019-06-15,17:00,2800.0,880.0,2730.0,570.0,－－－－－－－－－－,10.0,30.0,0.0,130.0,0.0,50.0,-1600.0,2800.0,yonden
2019,6,2019-06-15,18:00,2800.0,880.0,2730.0,540.0,－－－－－－－－－－,10.0,0.0,0.0,130.0,0.0,40.0,-1530.0,2800.0,yonden
2019,6,2019-06-15,19:00,2780.0,880.0,2630.0,510.0,－－－－－－－－－－,10.0,0.0,0.0,130.0,0.0,40.0,-1420.0,2780.0,yonden
2019,6,2019-06-15,20:00,2680.0,880.0,2620.0,480.0,－－－－－－－－－－,10.0,0.0,0.0,130.0,0.0,40.0,-1480.0,2680.0,yonden
2019,6,2019-06-15,21:00,2530.0,880.0,2550.0,470.0,－－－－－－－－－－,10.0,0.0,0.0,120.0,0.0,40.0,-1540.0,2530.0,yonden
2019,6,2019-06-15,22:00,2380.0,880.0,2360.0,470.0,－－－－－－－－－－,10.0,0.0,0.0,120.0,0.0,40.0,-1500.0,2380.0,yonden
2019,6,2019-06-15,23:00,2290.0,880.0,2190.0,470.0,－－－－－－－－－－,10.0,0.0,0.0,120.0,0.0,40.0,-1420.0,2290.0,yonden
2019,6,2019-06-16,00:00,2160.0,880.0,1990.0,460.0,－－－－－－－－－－,10.0,0.0,0.0,120.0,0.0,40.0,-1340.0,2160.0,yonden
2019,6,2019-06-16,01:00,2160.0,880.0,2010.0,450.0,－－－－－－－－－－,10.0,0.0,0.0,100.0,0.0,40.0,-1330.0,2160.0,yonden
2019,6,2019-06-16,02:00,2300.0,880.0,2100.0,450.0,－－－－－－－－－－,10.0,0.0,0.0,90.0,0.0,40.0,-1270.0,2300.0,yonden
2019,6,2019-06-16,03:00,2500.0,880.0,2220.0,490.0,－－－－－－－－－－,10.0,0.0,0.0,70.0,0.0,40.0,-1210.0,2500.0,yonden
2019,6,2019-06-16,04:00,2630.0,880.0,2240.0,480.0,－－－－－－－－－－,10.0,0.0,0.0,60.0,0.0,40.0,-1080.0,2630.0,yonden
2019,6,2019-06-16,05:00,2550.0,880.0,2060.0,440.0,－－－－－－－－－－,10.0,70.0,0.0,60.0,0.0,40.0,-1010.0,2550.0,yonden
2019,6,2019-06-16,06:00,2280.0,880.0,1910.0,440.0,－－－－－－－－－－,10.0,210.0,0.0,60.0,0.0,40.0,-1270.0,2280.0,yonden
2019,6,2019-06-16,07:00,2100.0,880.0,1880.0,460.0,－－－－－－－－－－,10.0,480.0,0.0,70.0,0.0,-310.0,-1370.0,2100.0,yonden
2019,6,2019-06-16,08:00,2220.0,880.0,1980.0,480.0,－－－－－－－－－－,10.0,930.0,0.0,80.0,0.0,-570.0,-1570.0,2220.0,yonden
2019,6,2019-06-16,09:00,2420.0,880.0,2210.0,500.0,－－－－－－－－－－,10.0,1340.0,0.0,90.0,0.0,-560.0,-2050.0,2420.0,yonden
2019,6,2019-06-16,10:00,2510.0,880.0,2280.0,530.0,－－－－－－－－－－,10.0,1480.0,0.0,100.0,0.0,-560.0,-2210.0,2510.0,yonden
2019,6,2019-06-16,11:00,2600.0,880.0,2350.0,540.0,－－－－－－－－－－,10.0,1540.0,0.0,100.0,0.0,-550.0,-2270.0,2600.0,yonden
2019,6,2019-06-16,12:00,2610.0,880.0,2330.0,540.0,－－－－－－－－－－,10.0,1440.0,0.0,100.0,0.0,-290.0,-2400.0,2610.0,yonden
2019,6,2019-06-16,13:00,2490.0,880.0,2460.0,540.0,－－－－－－－－－－,10.0,1350.0,0.0,100.0,0.0,-260.0,-2590.0,2490.0,yonden
2019,6,2019-06-16,14:00,2510.0,880.0,2560.0,550.0,－－－－－－－－－－,10.0,1250.0,0.0,100.0,0.0,-260.0,-2580.0,2510.0,yonden
2019,6,2019-06-16,15:00,2410.0,880.0,2500.0,480.0,－－－－－－－－－－,10.0,890.0,0.0,110.0,0.0,-10.0,-2450.0,2410.0,yonden
2019,6,2019-06-16,16:00,2430.0,880.0,2740.0,530.0,－－－－－－－－－－,10.0,550.0,0.0,110.0,0.0,40.0,-2430.0,2430.0,yonden
2019,6,2019-06-16,17:00,2440.0,880.0,2910.0,520.0,－－－－－－－－－－,10.0,190.0,0.0,110.0,0.0,50.0,-2230.0,2440.0,yonden
2019,6,2019-06-16,18:00,2580.0,880.0,2900.0,560.0,－－－－－－－－－－,10.0,30.0,0.0,100.0,0.0,210.0,-2110.0,2580.0,yonden
2019,6,2019-06-16,19:00,2670.0,880.0,2870.0,530.0,－－－－－－－－－－,10.0,0.0,0.0,90.0,0.0,200.0,-1910.0,2670.0,yonden
2019,6,2019-06-16,20:00,2580.0,880.0,2790.0,510.0,－－－－－－－－－－,10.0,0.0,0.0,80.0,0.0,210.0,-1900.0,2580.0,yonden
2019,6,2019-06-16,21:00,2440.0,880.0,2770.0,490.0,－－－－－－－－－－,10.0,0.0,0.0,70.0,0.0,40.0,-1820.0,2440.0,yonden
2019,6,2019-06-16,22:00,2300.0,880.0,2580.0,470.0,－－－－－－－－－－,10.0,0.0,0.0,50.0,0.0,40.0,-1730.0,2300.0,yonden
2019,6,2019-06-16,23:00,2220.0,880.0,2630.0,480.0,－－－－－－－－－－,10.0,0.0,0.0,60.0,0.0,40.0,-1880.0,2220.0,yonden
2019,6,2019-06-17,00:00,2100.0,880.0,2920.0,470.0,－－－－－－－－－－,10.0,0.0,0.0,40.0,0.0,40.0,-2260.0,2100.0,yonden
2019,6,2019-06-17,01:00,2080.0,880.0,2970.0,450.0,－－－－－－－－－－,10.0,0.0,0.0,30.0,0.0,40.0,-2300.0,2080.0,yonden
2019,6,2019-06-17,02:00,2220.0,880.0,3000.0,500.0,－－－－－－－－－－,10.0,0.0,0.0,40.0,0.0,40.0,-2250.0,2220.0,yonden
2019,6,2019-06-17,03:00,2450.0,880.0,3000.0,540.0,－－－－－－－－－－,10.0,0.0,0.0,50.0,0.0,40.0,-2070.0,2450.0,yonden
2019,6,2019-06-17,04:00,2610.0,880.0,3090.0,550.0,－－－－－－－－－－,10.0,0.0,0.0,50.0,0.0,40.0,-2010.0,2610.0,yonden
2019,6,2019-06-17,05:00,2610.0,880.0,3080.0,510.0,－－－－－－－－－－,10.0,80.0,0.0,40.0,0.0,40.0,-2030.0,2610.0,yonden
2019,6,2019-06-17,06:00,2360.0,880.0,2940.0,480.0,－－－－－－－－－－,10.0,230.0,0.0,30.0,0.0,40.0,-2250.0,2360.0,yonden
2019,6,2019-06-17,07:00,2400.0,880.0,2890.0,460.0,－－－－－－－－－－,10.0,560.0,0.0,10.0,0.0,40.0,-2450.0,2400.0,yonden
2019,6,2019-06-17,08:00,2880.0,880.0,3080.0,470.0,－－－－－－－－－－,10.0,970.0,0.0,10.0,0.0,40.0,-2580.0,2880.0,yonden
2019,6,2019-06-17,09:00,3150.0,880.0,3080.0,460.0,－－－－－－－－－－,10.0,1400.0,0.0,10.0,0.0,-230.0,-2460.0,3150.0,yonden
2019,6,2019-06-17,10:00,3310.0,880.0,2850.0,470.0,－－－－－－－－－－,10.0,1650.0,0.0,0.0,0.0,-260.0,-2290.0,3310.0,yonden
2019,6,2019-06-17,11:00,3350.0,880.0,2710.0,460.0,－－－－－－－－－－,10.0,1770.0,0.0,0.0,0.0,-250.0,-2230.0,3350.0,yonden
2019,6,2019-06-17,12:00,3200.0,880.0,2700.0,480.0,－－－－－－－－－－,10.0,1850.0,0.0,0.0,0.0,-450.0,-2270.0,3200.0,yonden
2019,6,2019-06-17,13:00,3400.0,880.0,2830.0,480.0,－－－－－－－－－－,10.0,1770.0,0.0,0.0,0.0,-10.0,-2560.0,3400.0,yonden
2019,6,2019-06-17,14:00,3380.0,880.0,2940.0,490.0,－－－－－－－－－－,10.0,1590.0,0.0,0.0,0.0,40.0,-2570.0,3380.0,yonden
2019,6,2019-06-17,15:00,3350.0,880.0,3200.0,490.0,－－－－－－－－－－,10.0,1270.0,0.0,0.0,0.0,50.0,-2550.0,3350.0,yonden
2019,6,2019-06-17,16:00,3390.0,880.0,3580.0,530.0,－－－－－－－－－－,10.0,880.0,0.0,0.0,0.0,50.0,-2540.0,3390.0,yonden
2019,6,2019-06-17,17:00,3310.0,880.0,3770.0,550.0,－－－－－－－－－－,10.0,450.0,0.0,10.0,0.0,220.0,-2580.0,3310.0,yonden
2019,6,2019-06-17,18:00,3220.0,880.0,3800.0,640.0,－－－－－－－－－－,10.0,110.0,0.0,0.0,0.0,360.0,-2580.0,3220.0,yonden
2019,6,2019-06-17,19:00,3110.0,880.0,3800.0,640.0,－－－－－－－－－－,10.0,0.0,0.0,0.0,0.0,360.0,-2580.0,3110.0,yonden
2019,6,2019-06-17,20:00,2980.0,880.0,3680.0,600.0,－－－－－－－－－－,10.0,0.0,0.0,10.0,0.0,320.0,-2520.0,2980.0,yonden
2019,6,2019-06-17,21:00,2770.0,880.0,3570.0,460.0,－－－－－－－－－－,10.0,0.0,0.0,0.0,0.0,70.0,-2220.0,2770.0,yonden
2019,6,2019-06-17,22:00,2600.0,880.0,3470.0,420.0,－－－－－－－－－－,10.0,0.0,0.0,0.0,0.0,40.0,-2220.0,2600.0,yonden
2019,6,2019-06-17,23:00,2500.0,880.0,3290.0,410.0,－－－－－－－－－－,10.0,0.0,0.0,0.0,0.0,40.0,-2130.0,2500.0,yonden
2019,6,2019-06-18,00:00,2350.0,880.0,3380.0,460.0,－－－－－－－－－－,10.0,0.0,0.0,0.0,0.0,40.0,-2420.0,2350.0,yonden
2019,6,2019-06-18,01:00,2310.0,880.0,3400.0,460.0,－－－－－－－－－－,10.0,0.0,0.0,0.0,0.0,40.0,-2480.0,2310.0,yonden
2019,6,2019-06-18,02:00,2410.0,880.0,3460.0,510.0,－－－－－－－－－－,10.0,0.0,0.0,0.0,0.0,40.0,-2490.0,2410.0,yonden
2019,6,2019-06-18,03:00,2630.0,880.0,3490.0,610.0,－－－－－－－－－－,10.0,0.0,0.0,0.0,0.0,50.0,-2410.0,2630.0,yonden
2019,6,2019-06-18,04:00,2790.0,880.0,3480.0,620.0,－－－－－－－－－－,10.0,0.0,0.0,0.0,0.0,50.0,-2250.0,2790.0,yonden
2019,6,2019-06-18,05:00,2790.0,880.0,3390.0,590.0,－－－－－－－－－－,10.0,90.0,0.0,0.0,0.0,40.0,-2210.0,2790.0,yonden
2019,6,2019-06-18,06:00,2590.0,880.0,3240.0,480.0,－－－－－－－－－－,10.0,310.0,0.0,0.0,0.0,40.0,-2370.0,2590.0,yonden
2019,6,2019-06-18,07:00,2570.0,880.0,3310.0,460.0,－－－－－－－－－－,10.0,530.0,0.0,0.0,0.0,-160.0,-2460.0,2570.0,yonden
2019,6,2019-06-18,08:00,2960.0,880.0,3430.0,510.0,－－－－－－－－－－,10.0,670.0,0.0,0.0,0.0,-90.0,-2450.0,2960.0,yonden
2019,6,2019-06-18,09:00,3220.0,880.0,3460.0,550.0,－－－－－－－－－－,10.0,770.0,0.0,0.0,0.0,30.0,-2480.0,3220.0,yonden
2019,6,2019-06-18,10:00,3340.0,880.0,3160.0,540.0,－－－－－－－－－－,10.0,850.0,0.0,10.0,0.0,40.0,-2150.0,3340.0,yonden
2019,6,2019-06-18,11:00,3430.0,880.0,3000.0,570.0,－－－－－－－－－－,10.0,890.0,0.0,10.0,0.0,270.0,-2200.0,3430.0,yonden
2019,6,2019-06-18,12:00,3230.0,880.0,2930.0,490.0,－－－－－－－－－－,10.0,770.0,0.0,0.0,0.0,220.0,-2070.0,3230.0,yonden
2019,6,2019-06-18,13:00,3340.0,880.0,3110.0,530.0,－－－－－－－－－－,10.0,600.0,0.0,0.0,0.0,290.0,-2080.0,3340.0,yonden
2019,6,2019-06-18,14:00,3230.0,880.0,3240.0,520.0,－－－－－－－－－－,10.0,490.0,0.0,0.0,0.0,200.0,-2110.0,3230.0,yonden
2019,6,2019-06-18,15:00,3140.0,880.0,3390.0,530.0,－－－－－－－－－－,10.0,410.0,0.0,0.0,0.0,130.0,-2210.0,3140.0,yonden
2019,6,2019-06-18,16:00,3140.0,880.0,3340.0,540.0,－－－－－－－－－－,10.0,440.0,0.0,0.0,0.0,40.0,-2110.0,3140.0,yonden
2019,6,2019-06-18,17:00,3190.0,880.0,3200.0,590.0,－－－－－－－－－－,10.0,340.0,0.0,0.0,0.0,40.0,-1870.0,3190.0,yonden
2019,6,2019-06-18,18:00,3140.0,880.0,3240.0,640.0,－－－－－－－－－－,10.0,70.0,0.0,0.0,0.0,50.0,-1750.0,3140.0,yonden
2019,6,2019-06-18,19:00,3110.0,880.0,3250.0,630.0,－－－－－－－－－－,10.0,0.0,0.0,0.0,0.0,40.0,-1700.0,3110.0,yonden
2019,6,2019-06-18,20:00,2990.0,880.0,3190.0,560.0,－－－－－－－－－－,10.0,0.0,0.0,0.0,0.0,40.0,-1690.0,2990.0,yonden
2019,6,2019-06-18,21:00,2800.0,880.0,2960.0,500.0,－－－－－－－－－－,10.0,0.0,0.0,0.0,0.0,20.0,-1570.0,2800.0,yonden
2019,6,2019-06-18,22:00,2610.0,880.0,2810.0,460.0,－－－－－－－－－－,10.0,0.0,0.0,0.0,0.0,30.0,-1580.0,2610.0,yonden
2019,6,2019-06-18,23:00,2500.0,880.0,2650.0,470.0,－－－－－－－－－－,10.0,0.0,0.0,20.0,0.0,30.0,-1560.0,2500.0,yonden
2019,6,2019-06-19,00:00,2360.0,880.0,2430.0,400.0,－－－－－－－－－－,10.0,0.0,0.0,20.0,0.0,0.0,-1380.0,2360.0,yonden
2019,6,2019-06-19,01:00,2310.0,880.0,2410.0,360.0,－－－－－－－－－－,10.0,0.0,0.0,20.0,0.0,0.0,-1370.0,2310.0,yonden
2019,6,2019-06-19,02:00,2410.0,880.0,2440.0,450.0,－－－－－－－－－－,10.0,0.0,0.0,20.0,0.0,20.0,-1410.0,2410.0,yonden
2019,6,2019-06-19,03:00,2610.0,880.0,2480.0,550.0,－－－－－－－－－－,10.0,0.0,0.0,30.0,0.0,50.0,-1390.0,2610.0,yonden
2019,6,2019-06-19,04:00,2740.0,880.0,2480.0,560.0,－－－－－－－－－－,10.0,0.0,0.0,20.0,0.0,40.0,-1250.0,2740.0,yonden
2019,6,2019-06-19,05:00,2730.0,880.0,2460.0,500.0,－－－－－－－－－－,10.0,70.0,0.0,10.0,0.0,50.0,-1250.0,2730.0,yonden
2019,6,2019-06-19,06:00,2540.0,880.0,2390.0,400.0,－－－－－－－－－－,10.0,260.0,0.0,10.0,0.0,10.0,-1420.0,2540.0,yonden
2019,6,2019-06-19,07:00,2550.0,880.0,2480.0,370.0,－－－－－－－－－－,10.0,520.0,0.0,0.0,0.0,0.0,-1710.0,2550.0,yonden
2019,6,2019-06-19,08:00,3040.0,880.0,2720.0,450.0,－－－－－－－－－－,10.0,930.0,0.0,0.0,0.0,0.0,-1950.0,3040.0,yonden
2019,6,2019-06-19,09:00,3370.0,880.0,2750.0,480.0,－－－－－－－－－－,10.0,1350.0,0.0,0.0,0.0,0.0,-2100.0,3370.0,yonden
2019,6,2019-06-19,10:00,3500.0,880.0,2700.0,500.0,－－－－－－－－－－,10.0,1640.0,0.0,0.0,0.0,0.0,-2230.0,3500.0,yonden
2019,6,2019-06-19,11:00,3570.0,880.0,2730.0,460.0,－－－－－－－－－－,10.0,1750.0,0.0,0.0,0.0,-30.0,-2230.0,3570.0,yonden
2019,6,2019-06-19,12:00,3410.0,880.0,2580.0,410.0,－－－－－－－－－－,10.0,1770.0,0.0,10.0,0.0,-290.0,-1960.0,3410.0,yonden
2019,6,2019-06-19,13:00,3640.0,880.0,2790.0,490.0,－－－－－－－－－－,10.0,1660.0,0.0,10.0,0.0,10.0,-2210.0,3640.0,yonden
2019,6,2019-06-19,14:00,3620.0,880.0,2950.0,540.0,－－－－－－－－－－,10.0,1440.0,0.0,10.0,0.0,40.0,-2250.0,3620.0,yonden
2019,6,2019-06-19,15:00,3510.0,880.0,3070.0,530.0,－－－－－－－－－－,10.0,1070.0,0.0,10.0,0.0,50.0,-2110.0,3510.0,yonden
2019,6,2019-06-19,16:00,3500.0,880.0,3220.0,540.0,－－－－－－－－－－,10.0,660.0,0.0,10.0,0.0,40.0,-1860.0,3500.0,yonden
2019,6,2019-06-19,17:00,3300.0,880.0,3320.0,580.0,－－－－－－－－－－,10.0,290.0,0.0,10.0,0.0,60.0,-1850.0,3300.0,yonden
2019,6,2019-06-19,18:00,3240.0,880.0,3340.0,620.0,－－－－－－－－－－,10.0,60.0,0.0,0.0,0.0,60.0,-1730.0,3240.0,yonden
2019,6,2019-06-19,19:00,3210.0,880.0,3190.0,600.0,－－－－－－－－－－,10.0,0.0,0.0,0.0,0.0,60.0,-1530.0,3210.0,yonden
2019,6,2019-06-19,20:00,3060.0,880.0,3040.0,550.0,－－－－－－－－－－,10.0,0.0,0.0,0.0,0.0,50.0,-1470.0,3060.0,yonden
2019,6,2019-06-19,21:00,2860.0,880.0,2910.0,520.0,－－－－－－－－－－,10.0,0.0,0.0,0.0,0.0,50.0,-1510.0,2860.0,yonden
2019,6,2019-06-19,22:00,2650.0,880.0,2780.0,460.0,－－－－－－－－－－,10.0,0.0,0.0,0.0,0.0,20.0,-1500.0,2650.0,yonden
2019,6,2019-06-19,23:00,2530.0,880.0,2650.0,440.0,－－－－－－－－－－,10.0,0.0,0.0,0.0,0.0,20.0,-1470.0,2530.0,yonden
2019,6,2019-06-20,00:00,2370.0,880.0,2550.0,400.0,－－－－－－－－－－,10.0,0.0,0.0,0.0,0.0,0.0,-1470.0,2370.0,yonden
2019,6,2019-06-20,01:00,2320.0,880.0,2570.0,400.0,－－－－－－－－－－,10.0,0.0,0.0,10.0,0.0,0.0,-1550.0,2320.0,yonden
2019,6,2019-06-20,02:00,2400.0,880.0,2710.0,440.0,－－－－－－－－－－,10.0,0.0,0.0,20.0,0.0,20.0,-1680.0,2400.0,yonden
2019,6,2019-06-20,03:00,2610.0,880.0,3180.0,530.0,－－－－－－－－－－,10.0,0.0,0.0,30.0,0.0,40.0,-2060.0,2610.0,yonden
2019,6,2019-06-20,04:00,2770.0,880.0,3540.0,550.0,－－－－－－－－－－,10.0,0.0,0.0,30.0,0.0,40.0,-2280.0,2770.0,yonden
2019,6,2019-06-20,05:00,2800.0,880.0,3440.0,480.0,－－－－－－－－－－,10.0,110.0,0.0,30.0,0.0,30.0,-2180.0,2800.0,yonden
2019,6,2019-06-20,06:00,2670.0,880.0,3240.0,420.0,－－－－－－－－－－,10.0,370.0,0.0,20.0,0.0,20.0,-2290.0,2670.0,yonden
2019,6,2019-06-20,07:00,2720.0,880.0,3270.0,430.0,－－－－－－－－－－,10.0,760.0,0.0,10.0,0.0,-270.0,-2370.0,2720.0,yonden
2019,6,2019-06-20,08:00,3170.0,880.0,3270.0,460.0,－－－－－－－－－－,10.0,1180.0,0.0,10.0,0.0,-290.0,-2350.0,3170.0,yonden
2019,6,2019-06-20,09:00,3480.0,880.0,3400.0,440.0,－－－－－－－－－－,10.0,1530.0,0.0,0.0,0.0,-290.0,-2490.0,3480.0,yonden
2019,6,2019-06-20,10:00,3580.0,880.0,3370.0,420.0,－－－－－－－－－－,10.0,1730.0,0.0,0.0,0.0,-290.0,-2540.0,3580.0,yonden
2019,6,2019-06-20,11:00,3690.0,880.0,3250.0,440.0,－－－－－－－－－－,10.0,1810.0,0.0,0.0,0.0,-290.0,-2410.0,3690.0,yonden
2019,6,2019-06-20,12:00,3540.0,880.0,3210.0,350.0,－－－－－－－－－－,10.0,1830.0,0.0,0.0,0.0,-290.0,-2450.0,3540.0,yonden
2019,6,2019-06-20,13:00,3780.0,880.0,3390.0,360.0,－－－－－－－－－－,10.0,1750.0,0.0,0.0,0.0,-290.0,-2320.0,3780.0,yonden
2019,6,2019-06-20,14:00,3790.0,880.0,3450.0,450.0,－－－－－－－－－－,10.0,1530.0,0.0,0.0,0.0,-290.0,-2240.0,3790.0,yonden
2019,6,2019-06-20,15:00,3730.0,880.0,3610.0,520.0,－－－－－－－－－－,10.0,1190.0,0.0,0.0,0.0,30.0,-2510.0,3730.0,yonden
2019,6,2019-06-20,16:00,3730.0,880.0,3740.0,600.0,－－－－－－－－－－,10.0,770.0,0.0,0.0,0.0,200.0,-2470.0,3730.0,yonden
2019,6,2019-06-20,17:00,3590.0,880.0,3580.0,610.0,－－－－－－－－－－,10.0,380.0,0.0,0.0,0.0,480.0,-2350.0,3590.0,yonden
2019,6,2019-06-20,18:00,3460.0,880.0,3510.0,640.0,－－－－－－－－－－,10.0,90.0,0.0,10.0,0.0,470.0,-2150.0,3460.0,yonden
2019,6,2019-06-20,19:00,3350.0,880.0,3510.0,620.0,－－－－－－－－－－,10.0,0.0,0.0,10.0,0.0,390.0,-2070.0,3350.0,yonden
2019,6,2019-06-20,20:00,3190.0,880.0,3520.0,590.0,－－－－－－－－－－,10.0,0.0,0.0,20.0,0.0,280.0,-2110.0,3190.0,yonden
2019,6,2019-06-20,21:00,2970.0,880.0,3430.0,540.0,－－－－－－－－－－,10.0,0.0,0.0,20.0,0.0,240.0,-2150.0,2970.0,yonden
2019,6,2019-06-20,22:00,2750.0,880.0,3230.0,440.0,－－－－－－－－－－,10.0,0.0,0.0,30.0,0.0,120.0,-1960.0,2750.0,yonden
2019,6,2019-06-20,23:00,2600.0,880.0,3110.0,390.0,－－－－－－－－－－,10.0,0.0,0.0,30.0,0.0,20.0,-1840.0,2600.0,yonden
2019,6,2019-06-21,00:00,2440.0,880.0,2820.0,390.0,－－－－－－－－－－,10.0,0.0,0.0,30.0,0.0,0.0,-1690.0,2440.0,yonden
2019,6,2019-06-21,01:00,2350.0,880.0,2830.0,370.0,－－－－－－－－－－,10.0,0.0,0.0,30.0,0.0,0.0,-1770.0,2350.0,yonden
2019,6,2019-06-21,02:00,2440.0,880.0,2840.0,420.0,－－－－－－－－－－,10.0,0.0,0.0,20.0,0.0,30.0,-1760.0,2440.0,yonden
2019,6,2019-06-21,03:00,2620.0,880.0,2870.0,510.0,－－－－－－－－－－,10.0,0.0,0.0,10.0,0.0,30.0,-1690.0,2620.0,yonden
2019,6,2019-06-21,04:00,2770.0,880.0,2890.0,510.0,－－－－－－－－－－,10.0,0.0,0.0,10.0,0.0,30.0,-1560.0,2770.0,yonden
2019,6,2019-06-21,05:00,2750.0,880.0,2860.0,470.0,－－－－－－－－－－,10.0,70.0,0.0,10.0,0.0,30.0,-1580.0,2750.0,yonden
2019,6,2019-06-21,06:00,2590.0,880.0,2740.0,420.0,－－－－－－－－－－,10.0,230.0,0.0,20.0,0.0,0.0,-1710.0,2590.0,yonden
2019,6,2019-06-21,07:00,2670.0,880.0,2800.0,420.0,－－－－－－－－－－,10.0,440.0,0.0,30.0,0.0,10.0,-1920.0,2670.0,yonden
2019,6,2019-06-21,08:00,3200.0,880.0,3070.0,500.0,－－－－－－－－－－,10.0,760.0,0.0,50.0,0.0,20.0,-2090.0,3200.0,yonden
2019,6,2019-06-21,09:00,3510.0,880.0,3330.0,550.0,－－－－－－－－－－,10.0,970.0,0.0,40.0,0.0,30.0,-2300.0,3510.0,yonden
2019,6,2019-06-21,10:00,3660.0,880.0,3350.0,580.0,－－－－－－－－－－,10.0,960.0,0.0,30.0,0.0,140.0,-2290.0,3660.0,yonden
2019,6,2019-06-21,11:00,3720.0,880.0,3330.0,480.0,－－－－－－－－－－,10.0,1100.0,0.0,50.0,0.0,60.0,-2190.0,3720.0,yonden
2019,6,2019-06-21,12:00,3550.0,880.0,3400.0,370.0,－－－－－－－－－－,10.0,1090.0,0.0,60.0,0.0,30.0,-2290.0,3550.0,yonden
2019,6,2019-06-21,13:00,3770.0,880.0,3490.0,380.0,－－－－－－－－－－,10.0,990.0,0.0,80.0,0.0,0.0,-2060.0,3770.0,yonden
2019,6,2019-06-21,14:00,3680.0,880.0,3840.0,430.0,－－－－－－－－－－,10.0,650.0,0.0,80.0,0.0,0.0,-2210.0,3680.0,yonden
2019,6,2019-06-21,15:00,3490.0,880.0,3830.0,500.0,－－－－－－－－－－,10.0,400.0,0.0,70.0,0.0,80.0,-2280.0,3490.0,yonden
2019,6,2019-06-21,16:00,3470.0,880.0,3800.0,520.0,－－－－－－－－－－,10.0,210.0,0.0,50.0,0.0,330.0,-2330.0,3470.0,yonden
2019,6,2019-06-21,17:00,3340.0,880.0,3820.0,570.0,－－－－－－－－－－,10.0,120.0,0.0,70.0,0.0,230.0,-2360.0,3340.0,yonden
2019,6,2019-06-21,18:00,3290.0,880.0,3770.0,550.0,－－－－－－－－－－,10.0,30.0,0.0,70.0,0.0,260.0,-2280.0,3290.0,yonden
2019,6,2019-06-21,19:00,3230.0,880.0,3770.0,540.0,－－－－－－－－－－,10.0,0.0,0.0,70.0,0.0,240.0,-2280.0,3230.0,yonden
2019,6,2019-06-21,20:00,3070.0,880.0,3940.0,550.0,－－－－－－－－－－,10.0,0.0,0.0,60.0,0.0,40.0,-2410.0,3070.0,yonden
2019,6,2019-06-21,21:00,2890.0,880.0,3830.0,460.0,－－－－－－－－－－,10.0,0.0,0.0,50.0,0.0,20.0,-2360.0,2890.0,yonden
2019,6,2019-06-21,22:00,2670.0,880.0,3600.0,410.0,－－－－－－－－－－,10.0,0.0,0.0,20.0,0.0,10.0,-2260.0,2670.0,yonden
2019,6,2019-06-21,23:00,2540.0,880.0,3530.0,400.0,－－－－－－－－－－,10.0,0.0,0.0,20.0,0.0,0.0,-2300.0,2540.0,yonden
2019,6,2019-06-22,00:00,2370.0,880.0,3450.0,390.0,－－－－－－－－－－,10.0,0.0,0.0,10.0,0.0,0.0,-2370.0,2370.0,yonden
2019,6,2019-06-22,01:00,2310.0,880.0,3460.0,320.0,－－－－－－－－－－,10.0,0.0,0.0,10.0,0.0,0.0,-2370.0,2310.0,yonden
2019,6,2019-06-22,02:00,2400.0,880.0,3440.0,380.0,－－－－－－－－－－,10.0,0.0,0.0,10.0,0.0,0.0,-2320.0,2400.0,yonden
2019,6,2019-06-22,03:00,2560.0,880.0,3400.0,460.0,－－－－－－－－－－,10.0,0.0,0.0,10.0,0.0,0.0,-2200.0,2560.0,yonden
2019,6,2019-06-22,04:00,2700.0,880.0,3400.0,490.0,－－－－－－－－－－,10.0,0.0,0.0,10.0,0.0,0.0,-2090.0,2700.0,yonden
2019,6,2019-06-22,05:00,2680.0,880.0,3330.0,410.0,－－－－－－－－－－,10.0,100.0,0.0,10.0,0.0,0.0,-2060.0,2680.0,yonden
2019,6,2019-06-22,06:00,2460.0,880.0,2960.0,370.0,－－－－－－－－－－,10.0,340.0,0.0,10.0,0.0,0.0,-2110.0,2460.0,yonden
2019,6,2019-06-22,07:00,2390.0,880.0,2750.0,350.0,－－－－－－－－－－,10.0,660.0,0.0,10.0,0.0,0.0,-2270.0,2390.0,yonden
2019,6,2019-06-22,08:00,2670.0,880.0,2870.0,420.0,－－－－－－－－－－,10.0,980.0,0.0,0.0,0.0,0.0,-2490.0,2670.0,yonden
2019,6,2019-06-22,09:00,2890.0,880.0,3000.0,440.0,－－－－－－－－－－,10.0,1200.0,0.0,10.0,0.0,-180.0,-2470.0,2890.0,yonden
2019,6,2019-06-22,10:00,3000.0,880.0,2800.0,420.0,－－－－－－－－－－,10.0,1380.0,0.0,10.0,0.0,-300.0,-2200.0,3000.0,yonden
2019,6,2019-06-22,11:00,3100.0,880.0,2750.0,430.0,－－－－－－－－－－,10.0,1560.0,0.0,10.0,0.0,-400.0,-2140.0,3100.0,yonden
2019,6,2019-06-22,12:00,3090.0,880.0,2880.0,390.0,－－－－－－－－－－,10.0,1650.0,0.0,10.0,0.0,-600.0,-2130.0,3090.0,yonden
2019,6,2019-06-22,13:00,3200.0,880.0,2930.0,400.0,－－－－－－－－－－,10.0,1570.0,0.0,0.0,0.0,-320.0,-2270.0,3200.0,yonden
2019,6,2019-06-22,14:00,3090.0,880.0,2840.0,340.0,－－－－－－－－－－,10.0,1330.0,0.0,10.0,0.0,-50.0,-2270.0,3090.0,yonden
2019,6,2019-06-22,15:00,3050.0,880.0,3300.0,380.0,－－－－－－－－－－,10.0,960.0,0.0,10.0,0.0,0.0,-2490.0,3050.0,yonden
2019,6,2019-06-22,16:00,3020.0,880.0,3540.0,460.0,－－－－－－－－－－,10.0,500.0,0.0,20.0,0.0,0.0,-2390.0,3020.0,yonden
2019,6,2019-06-22,17:00,2930.0,880.0,3540.0,500.0,－－－－－－－－－－,10.0,160.0,0.0,30.0,0.0,300.0,-2490.0,2930.0,yonden
2019,6,2019-06-22,18:00,2980.0,880.0,3570.0,540.0,－－－－－－－－－－,10.0,10.0,0.0,40.0,0.0,420.0,-2490.0,2980.0,yonden
2019,6,2019-06-22,19:00,2990.0,880.0,3590.0,500.0,－－－－－－－－－－,10.0,0.0,0.0,40.0,0.0,400.0,-2430.0,2990.0,yonden
2019,6,2019-06-22,20:00,2880.0,880.0,3360.0,540.0,－－－－－－－－－－,10.0,0.0,0.0,50.0,0.0,320.0,-2280.0,2880.0,yonden
2019,6,2019-06-22,21:00,2680.0,880.0,3270.0,510.0,－－－－－－－－－－,10.0,0.0,0.0,50.0,0.0,70.0,-2110.0,2680.0,yonden
2019,6,2019-06-22,22:00,2500.0,880.0,3120.0,420.0,－－－－－－－－－－,10.0,0.0,0.0,50.0,0.0,0.0,-1980.0,2500.0,yonden
2019,6,2019-06-22,23:00,2400.0,880.0,2990.0,370.0,－－－－－－－－－－,10.0,0.0,0.0,40.0,0.0,0.0,-1890.0,2400.0,yonden
2019,6,2019-06-23,00:00,2250.0,880.0,2780.0,410.0,－－－－－－－－－－,10.0,0.0,0.0,30.0,0.0,10.0,-1870.0,2250.0,yonden
2019,6,2019-06-23,01:00,2190.0,880.0,2910.0,340.0,－－－－－－－－－－,10.0,0.0,0.0,30.0,0.0,0.0,-1980.0,2190.0,yonden
2019,6,2019-06-23,02:00,2270.0,880.0,3030.0,380.0,－－－－－－－－－－,10.0,0.0,0.0,30.0,0.0,0.0,-2060.0,2270.0,yonden
2019,6,2019-06-23,03:00,2450.0,880.0,2980.0,440.0,－－－－－－－－－－,10.0,0.0,0.0,40.0,0.0,0.0,-1900.0,2450.0,yonden
2019,6,2019-06-23,04:00,2570.0,880.0,2940.0,440.0,－－－－－－－－－－,10.0,0.0,0.0,30.0,0.0,10.0,-1740.0,2570.0,yonden
2019,6,2019-06-23,05:00,2550.0,880.0,2870.0,390.0,－－－－－－－－－－,10.0,50.0,0.0,40.0,0.0,10.0,-1700.0,2550.0,yonden
2019,6,2019-06-23,06:00,2290.0,880.0,2540.0,420.0,－－－－－－－－－－,10.0,110.0,0.0,30.0,0.0,-10.0,-1690.0,2290.0,yonden
2019,6,2019-06-23,07:00,2160.0,880.0,2660.0,490.0,－－－－－－－－－－,10.0,240.0,0.0,30.0,0.0,-180.0,-1970.0,2160.0,yonden
2019,6,2019-06-23,08:00,2290.0,880.0,2600.0,400.0,－－－－－－－－－－,10.0,400.0,0.0,40.0,0.0,0.0,-2040.0,2290.0,yonden
2019,6,2019-06-23,09:00,2510.0,880.0,2670.0,350.0,－－－－－－－－－－,10.0,650.0,0.0,30.0,0.0,0.0,-2080.0,2510.0,yonden
2019,6,2019-06-23,10:00,2630.0,880.0,2690.0,370.0,－－－－－－－－－－,10.0,890.0,0.0,20.0,0.0,-250.0,-1980.0,2630.0,yonden
2019,6,2019-06-23,11:00,2630.0,880.0,2770.0,380.0,－－－－－－－－－－,10.0,1020.0,0.0,20.0,0.0,-300.0,-2150.0,2630.0,yonden
2019,6,2019-06-23,12:00,2650.0,830.0,2960.0,320.0,－－－－－－－－－－,10.0,950.0,0.0,20.0,0.0,-300.0,-2140.0,2650.0,yonden
2019,6,2019-06-23,13:00,2630.0,860.0,3160.0,400.0,－－－－－－－－－－,10.0,740.0,0.0,20.0,0.0,-280.0,-2280.0,2630.0,yonden
2019,6,2019-06-23,14:00,2510.0,880.0,3180.0,420.0,－－－－－－－－－－,10.0,440.0,0.0,20.0,0.0,-60.0,-2380.0,2510.0,yonden
2019,6,2019-06-23,15:00,2400.0,880.0,3090.0,420.0,－－－－－－－－－－,10.0,250.0,0.0,20.0,0.0,0.0,-2270.0,2400.0,yonden
2019,6,2019-06-23,16:00,2430.0,880.0,3100.0,480.0,－－－－－－－－－－,10.0,90.0,0.0,30.0,0.0,0.0,-2160.0,2430.0,yonden
2019,6,2019-06-23,17:00,2560.0,880.0,3250.0,520.0,－－－－－－－－－－,10.0,20.0,0.0,30.0,0.0,0.0,-2150.0,2560.0,yonden
2019,6,2019-06-23,18:00,2650.0,880.0,3290.0,570.0,－－－－－－－－－－,10.0,10.0,0.0,20.0,0.0,20.0,-2150.0,2650.0,yonden
2019,6,2019-06-23,19:00,2720.0,880.0,2870.0,580.0,－－－－－－－－－－,10.0,0.0,0.0,30.0,0.0,40.0,-1690.0,2720.0,yonden
2019,6,2019-06-23,20:00,2640.0,880.0,2560.0,550.0,－－－－－－－－－－,10.0,0.0,0.0,40.0,0.0,40.0,-1440.0,2640.0,yonden
2019,6,2019-06-23,21:00,2490.0,880.0,2160.0,520.0,－－－－－－－－－－,10.0,0.0,0.0,40.0,0.0,40.0,-1160.0,2490.0,yonden
2019,6,2019-06-23,22:00,2330.0,880.0,2150.0,470.0,－－－－－－－－－－,10.0,0.0,0.0,40.0,0.0,40.0,-1260.0,2330.0,yonden
2019,6,2019-06-23,23:00,2250.0,880.0,2040.0,440.0,－－－－－－－－－－,10.0,0.0,0.0,40.0,0.0,20.0,-1180.0,2250.0,yonden
2019,6,2019-06-24,00:00,2110.0,880.0,2010.0,500.0,－－－－－－－－－－,10.0,0.0,0.0,50.0,0.0,-260.0,-1080.0,2110.0,yonden
2019,6,2019-06-24,01:00,2080.0,880.0,2020.0,490.0,－－－－－－－－－－,10.0,0.0,0.0,50.0,0.0,-260.0,-1110.0,2080.0,yonden
2019,6,2019-06-24,02:00,2190.0,880.0,1930.0,460.0,－－－－－－－－－－,10.0,0.0,0.0,50.0,0.0,20.0,-1160.0,2190.0,yonden
2019,6,2019-06-24,03:00,2420.0,880.0,2060.0,500.0,－－－－－－－－－－,10.0,0.0,0.0,60.0,0.0,60.0,-1150.0,2420.0,yonden
2019,6,2019-06-24,04:00,2590.0,880.0,2100.0,530.0,－－－－－－－－－－,10.0,0.0,0.0,60.0,0.0,60.0,-1050.0,2590.0,yonden
2019,6,2019-06-24,05:00,2640.0,880.0,2320.0,500.0,－－－－－－－－－－,10.0,90.0,0.0,60.0,0.0,60.0,-1280.0,2640.0,yonden
2019,6,2019-06-24,06:00,2540.0,880.0,2720.0,470.0,－－－－－－－－－－,10.0,330.0,0.0,40.0,0.0,40.0,-1950.0,2540.0,yonden
2019,6,2019-06-24,07:00,2560.0,880.0,2870.0,470.0,－－－－－－－－－－,10.0,660.0,0.0,30.0,0.0,40.0,-2400.0,2560.0,yonden
2019,6,2019-06-24,08:00,2990.0,880.0,3050.0,450.0,－－－－－－－－－－,10.0,1090.0,0.0,20.0,0.0,20.0,-2530.0,2990.0,yonden
2019,6,2019-06-24,09:00,3290.0,880.0,3010.0,460.0,－－－－－－－－－－,10.0,1440.0,0.0,10.0,0.0,-260.0,-2260.0,3290.0,yonden
2019,6,2019-06-24,10:00,3410.0,880.0,2970.0,490.0,－－－－－－－－－－,10.0,1650.0,0.0,10.0,0.0,-280.0,-2320.0,3410.0,yonden
2019,6,2019-06-24,11:00,3510.0,880.0,3040.0,480.0,－－－－－－－－－－,10.0,1770.0,0.0,10.0,0.0,-270.0,-2410.0,3510.0,yonden
2019,6,2019-06-24,12:00,3330.0,880.0,2860.0,430.0,－－－－－－－－－－,10.0,1790.0,0.0,20.0,0.0,-290.0,-2370.0,3330.0,yonden
2019,6,2019-06-24,13:00,3550.0,880.0,2620.0,460.0,－－－－－－－－－－,10.0,1760.0,0.0,20.0,0.0,-120.0,-2080.0,3550.0,yonden
2019,6,2019-06-24,14:00,3560.0,880.0,2650.0,430.0,－－－－－－－－－－,10.0,1600.0,0.0,30.0,0.0,0.0,-2040.0,3560.0,yonden
2019,6,2019-06-24,15:00,3510.0,880.0,2870.0,470.0,－－－－－－－－－－,10.0,1270.0,0.0,20.0,0.0,0.0,-2010.0,3510.0,yonden
2019,6,2019-06-24,16:00,3530.0,880.0,2990.0,540.0,－－－－－－－－－－,10.0,870.0,0.0,10.0,0.0,230.0,-2000.0,3530.0,yonden
2019,6,2019-06-24,17:00,3470.0,880.0,3080.0,580.0,－－－－－－－－－－,10.0,470.0,0.0,10.0,0.0,610.0,-2170.0,3470.0,yonden
2019,6,2019-06-24,18:00,3370.0,880.0,2910.0,610.0,－－－－－－－－－－,10.0,140.0,0.0,10.0,0.0,630.0,-1820.0,3370.0,yonden
2019,6,2019-06-24,19:00,3200.0,880.0,2910.0,580.0,－－－－－－－－－－,10.0,0.0,0.0,10.0,0.0,240.0,-1430.0,3200.0,yonden
2019,6,2019-06-24,20:00,3050.0,880.0,2870.0,520.0,－－－－－－－－－－,10.0,0.0,0.0,10.0,0.0,60.0,-1300.0,3050.0,yonden
2019,6,2019-06-24,21:00,2850.0,880.0,2690.0,480.0,－－－－－－－－－－,10.0,0.0,0.0,0.0,0.0,0.0,-1210.0,2850.0,yonden
2019,6,2019-06-24,22:00,2640.0,880.0,2670.0,480.0,－－－－－－－－－－,10.0,0.0,0.0,0.0,0.0,0.0,-1400.0,2640.0,yonden
2019,6,2019-06-24,23:00,2510.0,880.0,2520.0,410.0,－－－－－－－－－－,10.0,0.0,0.0,0.0,0.0,0.0,-1310.0,2510.0,yonden
2019,6,2019-06-25,00:00,2340.0,880.0,2580.0,400.0,－－－－－－－－－－,10.0,0.0,0.0,0.0,0.0,0.0,-1530.0,2340.0,yonden
2019,6,2019-06-25,01:00,2280.0,880.0,2610.0,370.0,－－－－－－－－－－,10.0,0.0,0.0,0.0,0.0,0.0,-1590.0,2280.0,yonden
2019,6,2019-06-25,02:00,2360.0,880.0,2650.0,410.0,－－－－－－－－－－,10.0,0.0,0.0,0.0,0.0,0.0,-1590.0,2360.0,yonden
2019,6,2019-06-25,03:00,2560.0,880.0,2630.0,490.0,－－－－－－－－－－,10.0,0.0,0.0,0.0,0.0,50.0,-1500.0,2560.0,yonden
2019,6,2019-06-25,04:00,2720.0,880.0,2600.0,540.0,－－－－－－－－－－,10.0,0.0,0.0,0.0,0.0,60.0,-1370.0,2720.0,yonden
2019,6,2019-06-25,05:00,2780.0,880.0,2570.0,490.0,－－－－－－－－－－,10.0,120.0,0.0,0.0,0.0,40.0,-1330.0,2780.0,yonden
2019,6,2019-06-25,06:00,2700.0,880.0,2450.0,450.0,－－－－－－－－－－,10.0,450.0,0.0,0.0,0.0,0.0,-1540.0,2700.0,yonden
2019,6,2019-06-25,07:00,2700.0,880.0,2390.0,430.0,－－－－－－－－－－,10.0,840.0,0.0,0.0,0.0,-210.0,-1640.0,2700.0,yonden
2019,6,2019-06-25,08:00,3100.0,880.0,2520.0,470.0,－－－－－－－－－－,10.0,1230.0,0.0,0.0,0.0,-310.0,-1700.0,3100.0,yonden
2019,6,2019-06-25,09:00,3390.0,880.0,2600.0,500.0,－－－－－－－－－－,10.0,1540.0,0.0,0.0,0.0,-280.0,-1860.0,3390.0,yonden
2019,6,2019-06-25,10:00,3510.0,880.0,2610.0,530.0,－－－－－－－－－－,10.0,1730.0,0.0,0.0,0.0,-260.0,-1990.0,3510.0,yonden
2019,6,2019-06-25,11:00,3610.0,880.0,2600.0,460.0,－－－－－－－－－－,10.0,1830.0,0.0,10.0,0.0,-280.0,-1900.0,3610.0,yonden
2019,6,2019-06-25,12:00,3470.0,880.0,2430.0,380.0,－－－－－－－－－－,10.0,1840.0,0.0,20.0,0.0,-300.0,-1790.0,3470.0,yonden
2019,6,2019-06-25,13:00,3710.0,880.0,2490.0,410.0,－－－－－－－－－－,10.0,1780.0,0.0,30.0,0.0,-50.0,-1840.0,3710.0,yonden
2019,6,2019-06-25,14:00,3730.0,880.0,2610.0,410.0,－－－－－－－－－－,10.0,1580.0,0.0,30.0,0.0,0.0,-1790.0,3730.0,yonden
2019,6,2019-06-25,15:00,3660.0,880.0,2640.0,460.0,－－－－－－－－－－,10.0,1250.0,0.0,40.0,0.0,0.0,-1620.0,3660.0,yonden
2019,6,2019-06-25,16:00,3660.0,880.0,2850.0,480.0,－－－－－－－－－－,10.0,830.0,0.0,60.0,0.0,30.0,-1480.0,3660.0,yonden
2019,6,2019-06-25,17:00,3540.0,880.0,3040.0,540.0,－－－－－－－－－－,10.0,440.0,0.0,60.0,0.0,50.0,-1480.0,3540.0,yonden
2019,6,2019-06-25,18:00,3430.0,880.0,3240.0,580.0,－－－－－－－－－－,10.0,120.0,0.0,60.0,0.0,120.0,-1580.0,3430.0,yonden
2019,6,2019-06-25,19:00,3310.0,880.0,3230.0,560.0,－－－－－－－－－－,10.0,0.0,0.0,80.0,0.0,150.0,-1600.0,3310.0,yonden
2019,6,2019-06-25,20:00,3150.0,880.0,3080.0,500.0,－－－－－－－－－－,10.0,0.0,0.0,70.0,0.0,50.0,-1440.0,3150.0,yonden
2019,6,2019-06-25,21:00,2920.0,880.0,2840.0,420.0,－－－－－－－－－－,10.0,0.0,0.0,70.0,0.0,10.0,-1310.0,2920.0,yonden
2019,6,2019-06-25,22:00,2700.0,880.0,2700.0,370.0,－－－－－－－－－－,10.0,0.0,0.0,60.0,0.0,10.0,-1330.0,2700.0,yonden
2019,6,2019-06-25,23:00,2580.0,880.0,2670.0,370.0,－－－－－－－－－－,10.0,0.0,0.0,60.0,0.0,10.0,-1420.0,2580.0,yonden
2019,6,2019-06-26,00:00,2380.0,880.0,2090.0,330.0,－－－－－－－－－－,10.0,0.0,0.0,60.0,0.0,10.0,-1000.0,2380.0,yonden
2019,6,2019-06-26,01:00,2300.0,880.0,1870.0,330.0,－－－－－－－－－－,10.0,0.0,0.0,50.0,0.0,10.0,-850.0,2300.0,yonden
2019,6,2019-06-26,02:00,2380.0,880.0,1880.0,340.0,－－－－－－－－－－,10.0,0.0,0.0,40.0,0.0,10.0,-780.0,2380.0,yonden
2019,6,2019-06-26,03:00,2560.0,880.0,1920.0,440.0,－－－－－－－－－－,10.0,0.0,0.0,40.0,0.0,40.0,-770.0,2560.0,yonden
2019,6,2019-06-26,04:00,2730.0,880.0,1950.0,490.0,－－－－－－－－－－,10.0,0.0,0.0,40.0,0.0,60.0,-700.0,2730.0,yonden
2019,6,2019-06-26,05:00,2760.0,880.0,2160.0,420.0,－－－－－－－－－－,10.0,70.0,0.0,50.0,0.0,40.0,-870.0,2760.0,yonden
2019,6,2019-06-26,06:00,2600.0,880.0,2050.0,410.0,－－－－－－－－－－,10.0,200.0,0.0,50.0,0.0,40.0,-1040.0,2600.0,yonden
2019,6,2019-06-26,07:00,2660.0,880.0,2160.0,420.0,－－－－－－－－－－,10.0,380.0,0.0,50.0,0.0,10.0,-1250.0,2660.0,yonden
2019,6,2019-06-26,08:00,3130.0,880.0,2310.0,430.0,－－－－－－－－－－,10.0,660.0,0.0,40.0,0.0,10.0,-1210.0,3130.0,yonden
2019,6,2019-06-26,09:00,3450.0,880.0,2420.0,480.0,－－－－－－－－－－,10.0,930.0,0.0,60.0,0.0,10.0,-1340.0,3450.0,yonden
2019,6,2019-06-26,10:00,3620.0,880.0,2040.0,480.0,－－－－－－－－－－,10.0,1190.0,0.0,60.0,0.0,10.0,-1050.0,3620.0,yonden
2019,6,2019-06-26,11:00,3730.0,880.0,2040.0,500.0,－－－－－－－－－－,10.0,1200.0,0.0,50.0,0.0,10.0,-960.0,3730.0,yonden
2019,6,2019-06-26,12:00,3530.0,880.0,2270.0,390.0,－－－－－－－－－－,10.0,860.0,0.0,40.0,0.0,10.0,-930.0,3530.0,yonden
2019,6,2019-06-26,13:00,3620.0,880.0,2350.0,450.0,－－－－－－－－－－,10.0,730.0,0.0,50.0,0.0,30.0,-880.0,3620.0,yonden
2019,6,2019-06-26,14:00,3620.0,880.0,2470.0,540.0,－－－－－－－－－－,10.0,540.0,0.0,50.0,0.0,60.0,-930.0,3620.0,yonden
2019,6,2019-06-26,15:00,3500.0,880.0,2970.0,560.0,－－－－－－－－－－,10.0,230.0,0.0,70.0,0.0,100.0,-1320.0,3500.0,yonden
2019,6,2019-06-26,16:00,3470.0,880.0,3140.0,570.0,－－－－－－－－－－,10.0,40.0,0.0,90.0,0.0,200.0,-1460.0,3470.0,yonden
2019,6,2019-06-26,17:00,3370.0,880.0,3100.0,610.0,－－－－－－－－－－,10.0,20.0,0.0,100.0,0.0,90.0,-1440.0,3370.0,yonden
2019,6,2019-06-26,18:00,3340.0,880.0,3010.0,640.0,－－－－－－－－－－,10.0,0.0,0.0,100.0,0.0,50.0,-1350.0,3340.0,yonden
2019,6,2019-06-26,19:00,3270.0,880.0,2820.0,580.0,－－－－－－－－－－,10.0,0.0,0.0,100.0,0.0,50.0,-1170.0,3270.0,yonden
2019,6,2019-06-26,20:00,3120.0,880.0,2320.0,520.0,－－－－－－－－－－,10.0,0.0,0.0,100.0,0.0,50.0,-760.0,3120.0,yonden
2019,6,2019-06-26,21:00,2940.0,880.0,2120.0,480.0,－－－－－－－－－－,10.0,0.0,0.0,110.0,0.0,50.0,-710.0,2940.0,yonden
2019,6,2019-06-26,22:00,2750.0,880.0,2030.0,480.0,－－－－－－－－－－,10.0,0.0,0.0,120.0,0.0,60.0,-830.0,2750.0,yonden
2019,6,2019-06-26,23:00,2650.0,880.0,2000.0,510.0,－－－－－－－－－－,10.0,0.0,0.0,140.0,0.0,30.0,-920.0,2650.0,yonden
2019,6,2019-06-27,00:00,2470.0,880.0,1920.0,490.0,－－－－－－－－－－,10.0,0.0,0.0,140.0,0.0,10.0,-980.0,2470.0,yonden
2019,6,2019-06-27,01:00,2410.0,880.0,2240.0,480.0,－－－－－－－－－－,10.0,0.0,0.0,130.0,0.0,10.0,-1340.0,2410.0,yonden
2019,6,2019-06-27,02:00,2490.0,880.0,2310.0,510.0,－－－－－－－－－－,10.0,0.0,0.0,140.0,0.0,30.0,-1390.0,2490.0,yonden
2019,6,2019-06-27,03:00,2660.0,880.0,2410.0,580.0,－－－－－－－－－－,10.0,0.0,0.0,140.0,0.0,50.0,-1410.0,2660.0,yonden
2019,6,2019-06-27,04:00,2800.0,880.0,2470.0,580.0,－－－－－－－－－－,10.0,0.0,0.0,150.0,0.0,40.0,-1330.0,2800.0,yonden
2019,6,2019-06-27,05:00,2800.0,880.0,2400.0,510.0,－－－－－－－－－－,10.0,20.0,0.0,140.0,0.0,40.0,-1200.0,2800.0,yonden
2019,6,2019-06-27,06:00,2700.0,880.0,2450.0,510.0,－－－－－－－－－－,10.0,20.0,0.0,130.0,0.0,30.0,-1330.0,2700.0,yonden
2019,6,2019-06-27,07:00,2830.0,880.0,2680.0,540.0,－－－－－－－－－－,10.0,50.0,0.0,120.0,0.0,40.0,-1490.0,2830.0,yonden
2019,6,2019-06-27,08:00,3360.0,880.0,3100.0,600.0,－－－－－－－－－－,10.0,40.0,0.0,130.0,0.0,40.0,-1440.0,3360.0,yonden
2019,6,2019-06-27,09:00,3700.0,880.0,3320.0,640.0,－－－－－－－－－－,10.0,110.0,0.0,120.0,0.0,40.0,-1420.0,3700.0,yonden
2019,6,2019-06-27,10:00,3810.0,880.0,3140.0,590.0,－－－－－－－－－－,10.0,280.0,0.0,110.0,0.0,30.0,-1230.0,3810.0,yonden
2019,6,2019-06-27,11:00,3830.0,880.0,3020.0,560.0,－－－－－－－－－－,10.0,430.0,0.0,120.0,0.0,50.0,-1240.0,3830.0,yonden
2019,6,2019-06-27,12:00,3530.0,880.0,2720.0,480.0,－－－－－－－－－－,10.0,580.0,0.0,130.0,0.0,50.0,-1320.0,3530.0,yonden
2019,6,2019-06-27,13:00,3660.0,880.0,2740.0,500.0,－－－－－－－－－－,10.0,690.0,0.0,130.0,0.0,50.0,-1340.0,3660.0,yonden
2019,6,2019-06-27,14:00,3730.0,880.0,3180.0,430.0,－－－－－－－－－－,10.0,490.0,0.0,120.0,0.0,50.0,-1430.0,3730.0,yonden
2019,6,2019-06-27,15:00,3610.0,880.0,3280.0,430.0,－－－－－－－－－－,10.0,150.0,0.0,110.0,0.0,50.0,-1300.0,3610.0,yonden
2019,6,2019-06-27,16:00,3580.0,880.0,3330.0,450.0,－－－－－－－－－－,10.0,60.0,0.0,90.0,0.0,50.0,-1290.0,3580.0,yonden
2019,6,2019-06-27,17:00,3410.0,880.0,3100.0,460.0,－－－－－－－－－－,10.0,40.0,0.0,80.0,0.0,50.0,-1210.0,3410.0,yonden
2019,6,2019-06-27,18:00,3440.0,880.0,3120.0,480.0,－－－－－－－－－－,10.0,10.0,0.0,60.0,0.0,50.0,-1170.0,3440.0,yonden
2019,6,2019-06-27,19:00,3360.0,880.0,3050.0,490.0,－－－－－－－－－－,10.0,0.0,0.0,40.0,0.0,50.0,-1160.0,3360.0,yonden
2019,6,2019-06-27,20:00,3190.0,880.0,2920.0,500.0,－－－－－－－－－－,10.0,0.0,0.0,30.0,0.0,50.0,-1200.0,3190.0,yonden
2019,6,2019-06-27,21:00,2990.0,880.0,2810.0,500.0,－－－－－－－－－－,10.0,0.0,0.0,10.0,0.0,50.0,-1270.0,2990.0,yonden
2019,6,2019-06-27,22:00,2780.0,880.0,2700.0,500.0,－－－－－－－－－－,10.0,0.0,0.0,10.0,0.0,50.0,-1370.0,2780.0,yonden
2019,6,2019-06-27,23:00,2670.0,880.0,2610.0,500.0,－－－－－－－－－－,10.0,0.0,0.0,0.0,0.0,50.0,-1380.0,2670.0,yonden
2019,6,2019-06-28,00:00,2470.0,880.0,1960.0,500.0,－－－－－－－－－－,10.0,0.0,0.0,10.0,0.0,50.0,-940.0,2470.0,yonden
2019,6,2019-06-28,01:00,2420.0,880.0,1810.0,510.0,－－－－－－－－－－,10.0,0.0,0.0,0.0,0.0,60.0,-850.0,2420.0,yonden
2019,6,2019-06-28,02:00,2490.0,880.0,1870.0,510.0,－－－－－－－－－－,10.0,0.0,0.0,0.0,0.0,60.0,-840.0,2490.0,yonden
2019,6,2019-06-28,03:00,2650.0,880.0,1920.0,530.0,－－－－－－－－－－,10.0,0.0,0.0,0.0,0.0,60.0,-750.0,2650.0,yonden
2019,6,2019-06-28,04:00,2790.0,880.0,1970.0,510.0,－－－－－－－－－－,10.0,0.0,0.0,0.0,0.0,60.0,-640.0,2790.0,yonden
2019,6,2019-06-28,05:00,2830.0,880.0,2370.0,490.0,－－－－－－－－－－,10.0,90.0,0.0,0.0,0.0,60.0,-1070.0,2830.0,yonden
2019,6,2019-06-28,06:00,2760.0,880.0,2580.0,500.0,－－－－－－－－－－,10.0,290.0,0.0,0.0,0.0,60.0,-1560.0,2760.0,yonden
2019,6,2019-06-28,07:00,2840.0,880.0,2740.0,500.0,－－－－－－－－－－,10.0,580.0,0.0,0.0,0.0,60.0,-1930.0,2840.0,yonden
2019,6,2019-06-28,08:00,3370.0,880.0,3070.0,520.0,－－－－－－－－－－,10.0,850.0,0.0,20.0,0.0,60.0,-2040.0,3370.0,yonden
2019,6,2019-06-28,09:00,3720.0,880.0,3420.0,550.0,－－－－－－－－－－,10.0,850.0,0.0,20.0,0.0,110.0,-2120.0,3720.0,yonden
2019,6,2019-06-28,10:00,3820.0,880.0,3380.0,550.0,－－－－－－－－－－,10.0,1060.0,0.0,30.0,0.0,80.0,-2170.0,3820.0,yonden
2019,6,2019-06-28,11:00,3950.0,880.0,3400.0,550.0,－－－－－－－－－－,10.0,1150.0,0.0,30.0,0.0,60.0,-2130.0,3950.0,yonden
2019,6,2019-06-28,12:00,3740.0,880.0,3230.0,550.0,－－－－－－－－－－,10.0,1210.0,0.0,20.0,0.0,60.0,-2220.0,3740.0,yonden
2019,6,2019-06-28,13:00,3980.0,880.0,3480.0,560.0,－－－－－－－－－－,10.0,950.0,0.0,20.0,0.0,70.0,-1990.0,3980.0,yonden
2019,6,2019-06-28,14:00,3900.0,880.0,3620.0,570.0,－－－－－－－－－－,10.0,540.0,0.0,30.0,0.0,200.0,-1950.0,3900.0,yonden
2019,6,2019-06-28,15:00,3660.0,880.0,3230.0,550.0,－－－－－－－－－－,10.0,560.0,0.0,60.0,0.0,120.0,-1750.0,3660.0,yonden
2019,6,2019-06-28,16:00,3700.0,880.0,3130.0,580.0,－－－－－－－－－－,10.0,430.0,0.0,60.0,0.0,60.0,-1450.0,3700.0,yonden
2019,6,2019-06-28,17:00,3570.0,880.0,3050.0,570.0,－－－－－－－－－－,10.0,210.0,0.0,50.0,0.0,60.0,-1260.0,3570.0,yonden
2019,6,2019-06-28,18:00,3570.0,880.0,2980.0,590.0,－－－－－－－－－－,10.0,60.0,0.0,40.0,0.0,60.0,-1050.0,3570.0,yonden
2019,6,2019-06-28,19:00,3490.0,880.0,2960.0,560.0,－－－－－－－－－－,10.0,0.0,0.0,20.0,0.0,60.0,-1000.0,3490.0,yonden
2019,6,2019-06-28,20:00,3330.0,880.0,2950.0,560.0,－－－－－－－－－－,10.0,0.0,0.0,10.0,0.0,60.0,-1140.0,3330.0,yonden
2019,6,2019-06-28,21:00,3120.0,880.0,2860.0,560.0,－－－－－－－－－－,10.0,0.0,0.0,10.0,0.0,60.0,-1260.0,3120.0,yonden
2019,6,2019-06-28,22:00,2890.0,880.0,2340.0,550.0,－－－－－－－－－－,10.0,0.0,0.0,0.0,0.0,60.0,-950.0,2890.0,yonden
2019,6,2019-06-28,23:00,2750.0,880.0,2010.0,550.0,－－－－－－－－－－,10.0,0.0,0.0,10.0,0.0,60.0,-770.0,2750.0,yonden
2019,6,2019-06-29,00:00,2560.0,880.0,1860.0,590.0,－－－－－－－－－－,10.0,0.0,0.0,10.0,0.0,60.0,-850.0,2560.0,yonden
2019,6,2019-06-29,01:00,2450.0,880.0,1700.0,600.0,－－－－－－－－－－,10.0,0.0,0.0,0.0,0.0,60.0,-800.0,2450.0,yonden
2019,6,2019-06-29,02:00,2520.0,880.0,1810.0,610.0,－－－－－－－－－－,10.0,0.0,0.0,0.0,0.0,60.0,-850.0,2520.0,yonden
2019,6,2019-06-29,03:00,2670.0,880.0,2270.0,620.0,－－－－－－－－－－,10.0,0.0,0.0,0.0,0.0,60.0,-1170.0,2670.0,yonden
2019,6,2019-06-29,04:00,2780.0,880.0,2440.0,610.0,－－－－－－－－－－,10.0,0.0,0.0,0.0,0.0,60.0,-1220.0,2780.0,yonden
2019,6,2019-06-29,05:00,2780.0,880.0,2330.0,610.0,－－－－－－－－－－,10.0,80.0,0.0,0.0,0.0,60.0,-1190.0,2780.0,yonden
2019,6,2019-06-29,06:00,2590.0,880.0,2180.0,590.0,－－－－－－－－－－,10.0,270.0,0.0,0.0,0.0,60.0,-1400.0,2590.0,yonden
2019,6,2019-06-29,07:00,2620.0,880.0,2100.0,580.0,－－－－－－－－－－,10.0,590.0,0.0,10.0,0.0,60.0,-1610.0,2620.0,yonden
2019,6,2019-06-29,08:00,3020.0,880.0,1820.0,580.0,－－－－－－－－－－,10.0,890.0,0.0,10.0,0.0,60.0,-1230.0,3020.0,yonden
2019,6,2019-06-29,09:00,3340.0,880.0,1750.0,610.0,－－－－－－－－－－,10.0,1280.0,0.0,20.0,0.0,60.0,-1270.0,3340.0,yonden
2019,6,2019-06-29,10:00,3500.0,880.0,1670.0,620.0,－－－－－－－－－－,10.0,1560.0,0.0,40.0,0.0,60.0,-1340.0,3500.0,yonden
2019,6,2019-06-29,11:00,3620.0,880.0,1740.0,630.0,－－－－－－－－－－,10.0,1530.0,0.0,40.0,0.0,60.0,-1270.0,3620.0,yonden
2019,6,2019-06-29,12:00,3540.0,880.0,1890.0,590.0,－－－－－－－－－－,10.0,1220.0,0.0,40.0,0.0,60.0,-1150.0,3540.0,yonden
2019,6,2019-06-29,13:00,3560.0,880.0,1950.0,590.0,－－－－－－－－－－,10.0,820.0,0.0,30.0,0.0,60.0,-780.0,3560.0,yonden
2019,6,2019-06-29,14:00,3410.0,880.0,2170.0,580.0,－－－－－－－－－－,10.0,310.0,0.0,40.0,0.0,60.0,-640.0,3410.0,yonden
2019,6,2019-06-29,15:00,3250.0,880.0,2120.0,580.0,－－－－－－－－－－,10.0,100.0,0.0,60.0,0.0,60.0,-560.0,3250.0,yonden
2019,6,2019-06-29,16:00,3200.0,880.0,2030.0,610.0,－－－－－－－－－－,10.0,50.0,0.0,50.0,0.0,60.0,-490.0,3200.0,yonden
2019,6,2019-06-29,17:00,3200.0,880.0,2000.0,620.0,－－－－－－－－－－,10.0,20.0,0.0,60.0,0.0,60.0,-450.0,3200.0,yonden
2019,6,2019-06-29,18:00,3220.0,880.0,2030.0,640.0,－－－－－－－－－－,10.0,0.0,0.0,70.0,0.0,60.0,-470.0,3220.0,yonden
2019,6,2019-06-29,19:00,3200.0,880.0,2440.0,630.0,－－－－－－－－－－,10.0,0.0,0.0,80.0,0.0,60.0,-900.0,3200.0,yonden
2019,6,2019-06-29,20:00,3090.0,880.0,2640.0,610.0,－－－－－－－－－－,10.0,0.0,0.0,90.0,0.0,60.0,-1200.0,3090.0,yonden
2019,6,2019-06-29,21:00,2900.0,880.0,2610.0,610.0,－－－－－－－－－－,10.0,0.0,0.0,100.0,0.0,60.0,-1370.0,2900.0,yonden
2019,6,2019-06-29,22:00,2710.0,880.0,2590.0,600.0,－－－－－－－－－－,10.0,0.0,0.0,90.0,0.0,60.0,-1520.0,2710.0,yonden
2019,6,2019-06-29,23:00,2620.0,880.0,2480.0,580.0,－－－－－－－－－－,10.0,0.0,0.0,110.0,0.0,60.0,-1500.0,2620.0,yonden
2019,6,2019-06-30,00:00,2440.0,880.0,2250.0,610.0,－－－－－－－－－－,10.0,0.0,0.0,120.0,0.0,60.0,-1490.0,2440.0,yonden
2019,6,2019-06-30,01:00,2350.0,880.0,2250.0,600.0,－－－－－－－－－－,10.0,0.0,0.0,120.0,0.0,40.0,-1550.0,2350.0,yonden
2019,6,2019-06-30,02:00,2430.0,880.0,2260.0,610.0,－－－－－－－－－－,10.0,0.0,0.0,130.0,0.0,50.0,-1510.0,2430.0,yonden
2019,6,2019-06-30,03:00,2600.0,880.0,2310.0,590.0,－－－－－－－－－－,10.0,0.0,0.0,120.0,0.0,50.0,-1360.0,2600.0,yonden
2019,6,2019-06-30,04:00,2710.0,880.0,2350.0,590.0,－－－－－－－－－－,10.0,0.0,0.0,120.0,0.0,50.0,-1290.0,2710.0,yonden
2019,6,2019-06-30,05:00,2680.0,880.0,2300.0,580.0,－－－－－－－－－－,10.0,60.0,0.0,110.0,0.0,50.0,-1310.0,2680.0,yonden
2019,6,2019-06-30,06:00,2490.0,880.0,2260.0,570.0,－－－－－－－－－－,10.0,150.0,0.0,110.0,0.0,50.0,-1540.0,2490.0,yonden
2019,6,2019-06-30,07:00,2440.0,880.0,2280.0,580.0,－－－－－－－－－－,10.0,160.0,0.0,90.0,0.0,50.0,-1610.0,2440.0,yonden
2019,6,2019-06-30,08:00,2690.0,880.0,2370.0,590.0,－－－－－－－－－－,10.0,120.0,0.0,80.0,0.0,170.0,-1530.0,2690.0,yonden
2019,6,2019-06-30,09:00,2870.0,880.0,2520.0,610.0,－－－－－－－－－－,10.0,170.0,0.0,70.0,0.0,60.0,-1450.0,2870.0,yonden
2019,6,2019-06-30,10:00,3020.0,880.0,2560.0,640.0,－－－－－－－－－－,10.0,310.0,0.0,80.0,0.0,50.0,-1510.0,3020.0,yonden
2019,6,2019-06-30,11:00,3030.0,880.0,2470.0,640.0,－－－－－－－－－－,10.0,410.0,0.0,70.0,0.0,50.0,-1500.0,3030.0,yonden
2019,6,2019-06-30,12:00,2970.0,880.0,2490.0,610.0,－－－－－－－－－－,10.0,540.0,0.0,50.0,0.0,-140.0,-1470.0,2970.0,yonden
2019,6,2019-06-30,13:00,2870.0,880.0,2350.0,610.0,－－－－－－－－－－,10.0,610.0,0.0,50.0,0.0,-250.0,-1390.0,2870.0,yonden
2019,6,2019-06-30,14:00,2870.0,880.0,2370.0,620.0,－－－－－－－－－－,10.0,540.0,0.0,40.0,0.0,-200.0,-1390.0,2870.0,yonden
2019,6,2019-06-30,15:00,2840.0,880.0,2410.0,590.0,－－－－－－－－－－,10.0,290.0,0.0,30.0,0.0,50.0,-1420.0,2840.0,yonden
2019,6,2019-06-30,16:00,2870.0,880.0,2530.0,600.0,－－－－－－－－－－,10.0,160.0,0.0,30.0,0.0,60.0,-1400.0,2870.0,yonden
2019,6,2019-06-30,17:00,2970.0,880.0,2660.0,620.0,－－－－－－－－－－,10.0,30.0,0.0,20.0,0.0,60.0,-1310.0,2970.0,yonden
2019,6,2019-06-30,18:00,3070.0,880.0,2720.0,630.0,－－－－－－－－－－,10.0,10.0,0.0,10.0,0.0,60.0,-1250.0,3070.0,yonden
2019,6,2019-06-30,19:00,3080.0,880.0,2710.0,620.0,－－－－－－－－－－,10.0,0.0,0.0,10.0,0.0,60.0,-1210.0,3080.0,yonden
2019,6,2019-06-30,20:00,2970.0,880.0,2740.0,600.0,－－－－－－－－－－,10.0,0.0,0.0,0.0,0.0,60.0,-1320.0,2970.0,yonden
2019,6,2019-06-30,21:00,2810.0,880.0,2600.0,600.0,－－－－－－－－－－,10.0,0.0,0.0,0.0,0.0,50.0,-1330.0,2810.0,yonden
2019,6,2019-06-30,22:00,2620.0,880.0,2320.0,590.0,－－－－－－－－－－,10.0,0.0,0.0,30.0,0.0,60.0,-1270.0,2620.0,yonden
2019,6,2019-06-30,23:00,2510.0,880.0,2250.0,590.0,－－－－－－－－－－,10.0,0.0,0.0,20.0,0.0,50.0,-1290.0,2510.0,yonden
2019,7,2019-07-01,00:00,2360.0,880.0,2220.0,590.0,－－－－－－－－－－,20.0,0.0,0.0,30.0,0.0,50.0,-1430.0,2360.0,yonden
2019,7,2019-07-01,01:00,2300.0,880.0,2130.0,610.0,－－－－－－－－－－,20.0,0.0,0.0,40.0,0.0,50.0,-1430.0,2300.0,yonden
2019,7,2019-07-01,02:00,2360.0,880.0,2140.0,610.0,－－－－－－－－－－,20.0,0.0,0.0,50.0,0.0,50.0,-1390.0,2360.0,yonden
2019,7,2019-07-01,03:00,2530.0,880.0,2180.0,610.0,－－－－－－－－－－,20.0,0.0,0.0,40.0,0.0,50.0,-1250.0,2530.0,yonden
2019,7,2019-07-01,04:00,2660.0,880.0,2270.0,590.0,－－－－－－－－－－,20.0,0.0,0.0,10.0,0.0,50.0,-1160.0,2660.0,yonden
2019,7,2019-07-01,05:00,2710.0,880.0,2260.0,580.0,－－－－－－－－－－,20.0,40.0,0.0,10.0,0.0,50.0,-1130.0,2710.0,yonden
2019,7,2019-07-01,06:00,2630.0,880.0,2290.0,580.0,－－－－－－－－－－,20.0,110.0,0.0,10.0,0.0,60.0,-1320.0,2630.0,yonden
2019,7,2019-07-01,07:00,2740.0,880.0,2390.0,580.0,－－－－－－－－－－,20.0,230.0,0.0,0.0,0.0,60.0,-1420.0,2740.0,yonden
2019,7,2019-07-01,08:00,3180.0,880.0,2340.0,590.0,－－－－－－－－－－,20.0,380.0,0.0,10.0,0.0,60.0,-1100.0,3180.0,yonden
2019,7,2019-07-01,09:00,3480.0,880.0,2370.0,620.0,－－－－－－－－－－,20.0,420.0,0.0,10.0,0.0,60.0,-900.0,3480.0,yonden
2019,7,2019-07-01,10:00,3620.0,880.0,2390.0,660.0,－－－－－－－－－－,20.0,470.0,0.0,10.0,0.0,60.0,-870.0,3620.0,yonden
2019,7,2019-07-01,11:00,3670.0,880.0,2480.0,630.0,－－－－－－－－－－,20.0,610.0,0.0,0.0,0.0,60.0,-1010.0,3670.0,yonden
2019,7,2019-07-01,12:00,3470.0,880.0,2470.0,590.0,－－－－－－－－－－,20.0,730.0,0.0,10.0,0.0,60.0,-1290.0,3470.0,yonden
2019,7,2019-07-01,13:00,3580.0,880.0,2490.0,600.0,－－－－－－－－－－,20.0,700.0,0.0,20.0,0.0,60.0,-1190.0,3580.0,yonden
2019,7,2019-07-01,14:00,3540.0,880.0,2510.0,620.0,－－－－－－－－－－,20.0,690.0,0.0,10.0,0.0,60.0,-1250.0,3540.0,yonden
2019,7,2019-07-01,15:00,3520.0,880.0,2590.0,630.0,－－－－－－－－－－,20.0,520.0,0.0,10.0,0.0,60.0,-1190.0,3520.0,yonden
2019,7,2019-07-01,16:00,3440.0,880.0,2920.0,610.0,－－－－－－－－－－,20.0,150.0,0.0,10.0,0.0,60.0,-1210.0,3440.0,yonden
2019,7,2019-07-01,17:00,3400.0,880.0,2980.0,610.0,－－－－－－－－－－,20.0,30.0,0.0,10.0,0.0,60.0,-1190.0,3400.0,yonden
2019,7,2019-07-01,18:00,3380.0,880.0,3050.0,630.0,－－－－－－－－－－,20.0,0.0,0.0,0.0,0.0,60.0,-1260.0,3380.0,yonden
2019,7,2019-07-01,19:00,3320.0,880.0,3050.0,630.0,－－－－－－－－－－,20.0,0.0,0.0,0.0,0.0,60.0,-1320.0,3320.0,yonden
2019,7,2019-07-01,20:00,3170.0,880.0,2890.0,600.0,－－－－－－－－－－,20.0,0.0,0.0,10.0,0.0,60.0,-1290.0,3170.0,yonden
2019,7,2019-07-01,21:00,2980.0,880.0,2660.0,590.0,－－－－－－－－－－,20.0,0.0,0.0,20.0,0.0,50.0,-1240.0,2980.0,yonden
2019,7,2019-07-01,22:00,2780.0,880.0,2510.0,590.0,－－－－－－－－－－,20.0,0.0,0.0,10.0,0.0,50.0,-1280.0,2780.0,yonden
2019,7,2019-07-01,23:00,2650.0,880.0,2380.0,600.0,－－－－－－－－－－,20.0,0.0,0.0,0.0,0.0,50.0,-1280.0,2650.0,yonden
2019,7,2019-07-02,00:00,2480.0,880.0,2090.0,630.0,－－－－－－－－－－,20.0,0.0,0.0,0.0,0.0,50.0,-1190.0,2480.0,yonden
2019,7,2019-07-02,01:00,2420.0,880.0,2030.0,650.0,－－－－－－－－－－,20.0,0.0,0.0,0.0,0.0,50.0,-1210.0,2420.0,yonden
2019,7,2019-07-02,02:00,2490.0,880.0,2060.0,670.0,－－－－－－－－－－,20.0,0.0,0.0,0.0,0.0,50.0,-1190.0,2490.0,yonden
2019,7,2019-07-02,03:00,2650.0,880.0,2150.0,650.0,－－－－－－－－－－,20.0,0.0,0.0,10.0,0.0,50.0,-1110.0,2650.0,yonden
2019,7,2019-07-02,04:00,2830.0,880.0,2320.0,650.0,－－－－－－－－－－,20.0,0.0,0.0,10.0,0.0,50.0,-1100.0,2830.0,yonden
2019,7,2019-07-02,05:00,2840.0,880.0,2300.0,650.0,－－－－－－－－－－,20.0,20.0,0.0,10.0,0.0,50.0,-1090.0,2840.0,yonden
2019,7,2019-07-02,06:00,2730.0,880.0,2380.0,650.0,－－－－－－－－－－,20.0,30.0,0.0,10.0,0.0,50.0,-1290.0,2730.0,yonden
2019,7,2019-07-02,07:00,2750.0,880.0,2470.0,650.0,－－－－－－－－－－,20.0,80.0,0.0,10.0,0.0,50.0,-1410.0,2750.0,yonden
2019,7,2019-07-02,08:00,3140.0,880.0,2510.0,680.0,－－－－－－－－－－,20.0,260.0,0.0,0.0,0.0,50.0,-1260.0,3140.0,yonden
2019,7,2019-07-02,09:00,3360.0,880.0,2350.0,670.0,－－－－－－－－－－,20.0,580.0,0.0,0.0,0.0,50.0,-1190.0,3360.0,yonden
2019,7,2019-07-02,10:00,3550.0,880.0,2260.0,650.0,－－－－－－－－－－,20.0,910.0,0.0,0.0,0.0,20.0,-1190.0,3550.0,yonden
2019,7,2019-07-02,11:00,3580.0,880.0,2300.0,650.0,－－－－－－－－－－,20.0,830.0,0.0,0.0,0.0,20.0,-1120.0,3580.0,yonden
2019,7,2019-07-02,12:00,3390.0,880.0,2580.0,660.0,－－－－－－－－－－,20.0,690.0,0.0,0.0,0.0,-240.0,-1200.0,3390.0,yonden
2019,7,2019-07-02,13:00,3500.0,880.0,2710.0,680.0,－－－－－－－－－－,20.0,640.0,0.0,0.0,0.0,-230.0,-1200.0,3500.0,yonden
2019,7,2019-07-02,14:00,3440.0,880.0,2460.0,650.0,－－－－－－－－－－,20.0,610.0,0.0,0.0,0.0,60.0,-1240.0,3440.0,yonden
2019,7,2019-07-02,15:00,3310.0,880.0,2650.0,680.0,－－－－－－－－－－,20.0,250.0,0.0,0.0,0.0,60.0,-1230.0,3310.0,yonden
2019,7,2019-07-02,16:00,3330.0,880.0,2690.0,660.0,－－－－－－－－－－,20.0,120.0,0.0,0.0,0.0,200.0,-1240.0,3330.0,yonden
2019,7,2019-07-02,17:00,3310.0,880.0,2710.0,660.0,－－－－－－－－－－,20.0,50.0,0.0,0.0,0.0,260.0,-1270.0,3310.0,yonden
2019,7,2019-07-02,18:00,3330.0,880.0,2780.0,660.0,－－－－－－－－－－,20.0,10.0,0.0,0.0,0.0,200.0,-1220.0,3330.0,yonden
2019,7,2019-07-02,19:00,3270.0,880.0,2890.0,670.0,－－－－－－－－－－,20.0,0.0,0.0,0.0,0.0,60.0,-1250.0,3270.0,yonden
2019,7,2019-07-02,20:00,3130.0,880.0,2840.0,660.0,－－－－－－－－－－,20.0,0.0,0.0,0.0,0.0,60.0,-1330.0,3130.0,yonden
2019,7,2019-07-02,21:00,2950.0,880.0,2550.0,670.0,－－－－－－－－－－,20.0,0.0,0.0,0.0,0.0,60.0,-1230.0,2950.0,yonden
2019,7,2019-07-02,22:00,2760.0,880.0,2440.0,660.0,－－－－－－－－－－,20.0,0.0,0.0,10.0,0.0,60.0,-1310.0,2760.0,yonden
2019,7,2019-07-02,23:00,2650.0,880.0,2330.0,650.0,－－－－－－－－－－,20.0,0.0,0.0,0.0,0.0,60.0,-1290.0,2650.0,yonden
2019,7,2019-07-03,00:00,2480.0,880.0,2160.0,640.0,－－－－－－－－－－,20.0,0.0,0.0,0.0,0.0,60.0,-1280.0,2480.0,yonden
2019,7,2019-07-03,01:00,2420.0,880.0,2140.0,630.0,－－－－－－－－－－,20.0,0.0,0.0,0.0,0.0,60.0,-1310.0,2420.0,yonden
2019,7,2019-07-03,02:00,2500.0,880.0,2200.0,650.0,－－－－－－－－－－,20.0,0.0,0.0,0.0,0.0,60.0,-1310.0,2500.0,yonden
2019,7,2019-07-03,03:00,2690.0,880.0,2350.0,650.0,－－－－－－－－－－,20.0,0.0,0.0,0.0,0.0,60.0,-1270.0,2690.0,yonden
2019,7,2019-07-03,04:00,2830.0,880.0,2370.0,660.0,－－－－－－－－－－,20.0,0.0,0.0,0.0,0.0,60.0,-1160.0,2830.0,yonden
2019,7,2019-07-03,05:00,2830.0,880.0,2320.0,650.0,－－－－－－－－－－,20.0,40.0,0.0,0.0,0.0,60.0,-1140.0,2830.0,yonden
2019,7,2019-07-03,06:00,2690.0,880.0,2290.0,650.0,－－－－－－－－－－,20.0,90.0,0.0,0.0,0.0,60.0,-1300.0,2690.0,yonden
2019,7,2019-07-03,07:00,2740.0,880.0,2390.0,660.0,－－－－－－－－－－,20.0,130.0,0.0,0.0,0.0,60.0,-1400.0,2740.0,yonden
2019,7,2019-07-03,08:00,3170.0,880.0,2560.0,670.0,－－－－－－－－－－,20.0,180.0,0.0,0.0,0.0,60.0,-1200.0,3170.0,yonden
2019,7,2019-07-03,09:00,3460.0,880.0,2610.0,680.0,－－－－－－－－－－,20.0,260.0,0.0,10.0,0.0,60.0,-1060.0,3460.0,yonden
2019,7,2019-07-03,10:00,3580.0,880.0,2630.0,700.0,－－－－－－－－－－,20.0,350.0,0.0,30.0,0.0,60.0,-1090.0,3580.0,yonden
2019,7,2019-07-03,11:00,3670.0,880.0,2690.0,670.0,－－－－－－－－－－,20.0,380.0,0.0,50.0,0.0,60.0,-1080.0,3670.0,yonden
2019,7,2019-07-03,12:00,3450.0,880.0,2690.0,650.0,－－－－－－－－－－,20.0,370.0,0.0,60.0,0.0,60.0,-1280.0,3450.0,yonden
2019,7,2019-07-03,13:00,3580.0,880.0,2880.0,660.0,－－－－－－－－－－,20.0,320.0,0.0,50.0,0.0,60.0,-1290.0,3580.0,yonden
2019,7,2019-07-03,14:00,3460.0,880.0,2820.0,680.0,－－－－－－－－－－,20.0,180.0,0.0,70.0,0.0,60.0,-1250.0,3460.0,yonden
2019,7,2019-07-03,15:00,3380.0,880.0,2780.0,670.0,－－－－－－－－－－,20.0,50.0,0.0,60.0,0.0,60.0,-1140.0,3380.0,yonden
2019,7,2019-07-03,16:00,3380.0,880.0,2750.0,670.0,－－－－－－－－－－,20.0,20.0,0.0,70.0,0.0,60.0,-1090.0,3380.0,yonden
2019,7,2019-07-03,17:00,3350.0,880.0,2760.0,680.0,－－－－－－－－－－,20.0,10.0,0.0,50.0,0.0,60.0,-1110.0,3350.0,yonden
2019,7,2019-07-03,18:00,3320.0,880.0,2820.0,680.0,－－－－－－－－－－,20.0,0.0,0.0,20.0,0.0,60.0,-1160.0,3320.0,yonden
2019,7,2019-07-03,19:00,3230.0,880.0,2830.0,670.0,－－－－－－－－－－,20.0,0.0,0.0,20.0,0.0,60.0,-1250.0,3230.0,yonden
2019,7,2019-07-03,20:00,3070.0,880.0,2780.0,670.0,－－－－－－－－－－,20.0,0.0,0.0,70.0,0.0,60.0,-1410.0,3070.0,yonden
2019,7,2019-07-03,21:00,2900.0,880.0,2590.0,680.0,－－－－－－－－－－,20.0,0.0,0.0,90.0,0.0,60.0,-1420.0,2900.0,yonden
2019,7,2019-07-03,22:00,2730.0,880.0,2520.0,650.0,－－－－－－－－－－,20.0,0.0,0.0,50.0,0.0,60.0,-1450.0,2730.0,yonden
2019,7,2019-07-03,23:00,2620.0,880.0,2380.0,660.0,－－－－－－－－－－,20.0,0.0,0.0,10.0,0.0,60.0,-1390.0,2620.0,yonden
2019,7,2019-07-04,00:00,2480.0,880.0,2260.0,650.0,－－－－－－－－－－,20.0,0.0,0.0,0.0,0.0,60.0,-1390.0,2480.0,yonden
2019,7,2019-07-04,01:00,2420.0,880.0,2210.0,670.0,－－－－－－－－－－,20.0,0.0,0.0,10.0,0.0,60.0,-1430.0,2420.0,yonden
2019,7,2019-07-04,02:00,2510.0,880.0,2350.0,670.0,－－－－－－－－－－,20.0,0.0,0.0,20.0,0.0,60.0,-1490.0,2510.0,yonden
2019,7,2019-07-04,03:00,2690.0,880.0,2360.0,670.0,－－－－－－－－－－,20.0,0.0,0.0,20.0,0.0,60.0,-1320.0,2690.0,yonden
2019,7,2019-07-04,04:00,2830.0,880.0,2390.0,670.0,－－－－－－－－－－,20.0,0.0,0.0,30.0,0.0,60.0,-1220.0,2830.0,yonden
2019,7,2019-07-04,05:00,2840.0,880.0,2420.0,670.0,－－－－－－－－－－,20.0,50.0,0.0,40.0,0.0,60.0,-1300.0,2840.0,yonden
2019,7,2019-07-04,06:00,2640.0,880.0,2290.0,660.0,－－－－－－－－－－,20.0,150.0,0.0,50.0,0.0,60.0,-1470.0,2640.0,yonden
2019,7,2019-07-04,07:00,2750.0,880.0,2430.0,680.0,－－－－－－－－－－,20.0,270.0,0.0,50.0,0.0,60.0,-1640.0,2750.0,yonden
2019,7,2019-07-04,08:00,3190.0,880.0,2550.0,680.0,－－－－－－－－－－,20.0,470.0,0.0,40.0,0.0,60.0,-1510.0,3190.0,yonden
2019,7,2019-07-04,09:00,3490.0,880.0,2660.0,680.0,－－－－－－－－－－,20.0,650.0,0.0,20.0,0.0,50.0,-1470.0,3490.0,yonden
2019,7,2019-07-04,10:00,3600.0,880.0,2710.0,680.0,－－－－－－－－－－,20.0,820.0,0.0,20.0,0.0,50.0,-1580.0,3600.0,yonden
2019,7,2019-07-04,11:00,3660.0,880.0,2700.0,670.0,－－－－－－－－－－,20.0,1040.0,0.0,20.0,0.0,50.0,-1720.0,3660.0,yonden
2019,7,2019-07-04,12:00,3490.0,880.0,2600.0,640.0,－－－－－－－－－－,20.0,1180.0,0.0,10.0,0.0,50.0,-1890.0,3490.0,yonden
2019,7,2019-07-04,13:00,3710.0,880.0,2630.0,670.0,－－－－－－－－－－,20.0,1290.0,0.0,0.0,0.0,50.0,-1830.0,3710.0,yonden
2019,7,2019-07-04,14:00,3600.0,880.0,2750.0,650.0,－－－－－－－－－－,20.0,1090.0,0.0,0.0,0.0,50.0,-1840.0,3600.0,yonden
2019,7,2019-07-04,15:00,3550.0,880.0,2610.0,660.0,－－－－－－－－－－,20.0,1030.0,0.0,0.0,0.0,50.0,-1700.0,3550.0,yonden
2019,7,2019-07-04,16:00,3730.0,880.0,2720.0,660.0,－－－－－－－－－－,20.0,810.0,0.0,0.0,0.0,50.0,-1410.0,3730.0,yonden
2019,7,2019-07-04,17:00,3670.0,880.0,2860.0,660.0,－－－－－－－－－－,20.0,420.0,0.0,0.0,0.0,50.0,-1220.0,3670.0,yonden
2019,7,2019-07-04,18:00,3540.0,880.0,2950.0,650.0,－－－－－－－－－－,20.0,110.0,0.0,0.0,0.0,150.0,-1220.0,3540.0,yonden
2019,7,2019-07-04,19:00,3420.0,880.0,3010.0,660.0,－－－－－－－－－－,20.0,0.0,0.0,0.0,0.0,50.0,-1200.0,3420.0,yonden
2019,7,2019-07-04,20:00,3270.0,880.0,2970.0,680.0,－－－－－－－－－－,20.0,0.0,0.0,0.0,0.0,50.0,-1330.0,3270.0,yonden
2019,7,2019-07-04,21:00,3040.0,880.0,2780.0,670.0,－－－－－－－－－－,20.0,0.0,0.0,0.0,0.0,50.0,-1360.0,3040.0,yonden
2019,7,2019-07-04,22:00,2840.0,880.0,2750.0,640.0,－－－－－－－－－－,20.0,0.0,0.0,0.0,0.0,50.0,-1500.0,2840.0,yonden
2019,7,2019-07-04,23:00,2710.0,880.0,2620.0,640.0,－－－－－－－－－－,20.0,0.0,0.0,0.0,0.0,50.0,-1500.0,2710.0,yonden
2019,7,2019-07-05,00:00,2500.0,880.0,2380.0,560.0,－－－－－－－－－－,20.0,0.0,0.0,0.0,0.0,50.0,-1390.0,2500.0,yonden
2019,7,2019-07-05,01:00,2430.0,880.0,2330.0,530.0,－－－－－－－－－－,20.0,0.0,0.0,0.0,0.0,50.0,-1380.0,2430.0,yonden
2019,7,2019-07-05,02:00,2500.0,880.0,2350.0,520.0,－－－－－－－－－－,20.0,0.0,0.0,0.0,0.0,50.0,-1320.0,2500.0,yonden
2019,7,2019-07-05,03:00,2670.0,880.0,2320.0,520.0,－－－－－－－－－－,20.0,0.0,0.0,0.0,0.0,50.0,-1120.0,2670.0,yonden
2019,7,2019-07-05,04:00,2810.0,880.0,2330.0,540.0,－－－－－－－－－－,20.0,0.0,0.0,10.0,0.0,50.0,-1020.0,2810.0,yonden
2019,7,2019-07-05,05:00,2830.0,880.0,2340.0,540.0,－－－－－－－－－－,20.0,60.0,0.0,20.0,0.0,50.0,-1080.0,2830.0,yonden
2019,7,2019-07-05,06:00,2680.0,880.0,2310.0,520.0,－－－－－－－－－－,20.0,200.0,0.0,30.0,0.0,50.0,-1330.0,2680.0,yonden
2019,7,2019-07-05,07:00,2810.0,880.0,2420.0,530.0,－－－－－－－－－－,20.0,490.0,0.0,30.0,0.0,50.0,-1610.0,2810.0,yonden
2019,7,2019-07-05,08:00,3340.0,880.0,2820.0,590.0,－－－－－－－－－－,10.0,900.0,0.0,20.0,0.0,50.0,-1930.0,3340.0,yonden
2019,7,2019-07-05,09:00,3600.0,880.0,2970.0,600.0,－－－－－－－－－－,10.0,1150.0,0.0,20.0,0.0,70.0,-2100.0,3600.0,yonden
2019,7,2019-07-05,10:00,3720.0,880.0,2920.0,650.0,－－－－－－－－－－,20.0,1300.0,0.0,20.0,0.0,190.0,-2260.0,3720.0,yonden
2019,7,2019-07-05,11:00,3780.0,880.0,3030.0,640.0,－－－－－－－－－－,20.0,1290.0,0.0,20.0,0.0,60.0,-2160.0,3780.0,yonden
2019,7,2019-07-05,12:00,3640.0,880.0,2890.0,580.0,－－－－－－－－－－,20.0,1310.0,0.0,20.0,0.0,50.0,-2110.0,3640.0,yonden
2019,7,2019-07-05,13:00,3800.0,880.0,3320.0,580.0,－－－－－－－－－－,20.0,1060.0,0.0,20.0,0.0,150.0,-2230.0,3800.0,yonden
2019,7,2019-07-05,14:00,3660.0,880.0,3500.0,570.0,－－－－－－－－－－,20.0,700.0,0.0,10.0,0.0,240.0,-2260.0,3660.0,yonden
2019,7,2019-07-05,15:00,3540.0,880.0,3880.0,590.0,－－－－－－－－－－,20.0,440.0,0.0,10.0,0.0,230.0,-2510.0,3540.0,yonden
2019,7,2019-07-05,16:00,3500.0,880.0,4080.0,580.0,－－－－－－－－－－,20.0,170.0,0.0,10.0,0.0,220.0,-2460.0,3500.0,yonden
2019,7,2019-07-05,17:00,3440.0,880.0,4000.0,630.0,－－－－－－－－－－,20.0,40.0,0.0,10.0,0.0,170.0,-2310.0,3440.0,yonden
2019,7,2019-07-05,18:00,3420.0,880.0,3980.0,640.0,－－－－－－－－－－,20.0,10.0,0.0,10.0,0.0,170.0,-2290.0,3420.0,yonden
2019,7,2019-07-05,19:00,3390.0,880.0,3970.0,630.0,－－－－－－－－－－,20.0,0.0,0.0,10.0,0.0,50.0,-2170.0,3390.0,yonden
2019,7,2019-07-05,20:00,3220.0,880.0,3870.0,610.0,－－－－－－－－－－,20.0,0.0,0.0,10.0,0.0,30.0,-2200.0,3220.0,yonden
2019,7,2019-07-05,21:00,3000.0,880.0,3640.0,570.0,－－－－－－－－－－,20.0,0.0,0.0,10.0,0.0,40.0,-2160.0,3000.0,yonden
2019,7,2019-07-05,22:00,2790.0,880.0,3450.0,580.0,－－－－－－－－－－,20.0,0.0,0.0,0.0,0.0,40.0,-2180.0,2790.0,yonden
2019,7,2019-07-05,23:00,2680.0,880.0,3360.0,560.0,－－－－－－－－－－,20.0,0.0,0.0,10.0,0.0,40.0,-2190.0,2680.0,yonden
2019,7,2019-07-06,00:00,2500.0,880.0,3280.0,540.0,－－－－－－－－－－,20.0,0.0,0.0,0.0,0.0,30.0,-2250.0,2500.0,yonden
2019,7,2019-07-06,01:00,2420.0,880.0,3290.0,530.0,－－－－－－－－－－,20.0,0.0,0.0,0.0,0.0,30.0,-2330.0,2420.0,yonden
2019,7,2019-07-06,02:00,2490.0,880.0,3310.0,520.0,－－－－－－－－－－,20.0,0.0,0.0,0.0,0.0,30.0,-2270.0,2490.0,yonden
2019,7,2019-07-06,03:00,2640.0,880.0,3230.0,570.0,－－－－－－－－－－,20.0,0.0,0.0,10.0,0.0,40.0,-2110.0,2640.0,yonden
2019,7,2019-07-06,04:00,2750.0,880.0,3180.0,610.0,－－－－－－－－－－,20.0,0.0,0.0,20.0,0.0,40.0,-2000.0,2750.0,yonden
2019,7,2019-07-06,05:00,2740.0,880.0,3150.0,570.0,－－－－－－－－－－,20.0,60.0,0.0,10.0,0.0,40.0,-1990.0,2740.0,yonden
2019,7,2019-07-06,06:00,2580.0,880.0,3050.0,520.0,－－－－－－－－－－,20.0,150.0,0.0,20.0,0.0,40.0,-2100.0,2580.0,yonden
2019,7,2019-07-06,07:00,2550.0,880.0,3100.0,520.0,－－－－－－－－－－,20.0,350.0,0.0,20.0,0.0,40.0,-2380.0,2550.0,yonden
2019,7,2019-07-06,08:00,2830.0,880.0,3030.0,560.0,－－－－－－－－－－,20.0,630.0,0.0,30.0,0.0,40.0,-2360.0,2830.0,yonden
2019,7,2019-07-06,09:00,3040.0,880.0,3170.0,600.0,－－－－－－－－－－,20.0,880.0,0.0,10.0,0.0,-60.0,-2460.0,3040.0,yonden
2019,7,2019-07-06,10:00,3160.0,880.0,3300.0,660.0,－－－－－－－－－－,20.0,1080.0,0.0,10.0,0.0,-260.0,-2530.0,3160.0,yonden
2019,7,2019-07-06,11:00,3280.0,880.0,3370.0,640.0,－－－－－－－－－－,20.0,1120.0,0.0,10.0,0.0,-230.0,-2530.0,3280.0,yonden
2019,7,2019-07-06,12:00,3210.0,880.0,3090.0,560.0,－－－－－－－－－－,20.0,1180.0,0.0,20.0,0.0,20.0,-2560.0,3210.0,yonden
2019,7,2019-07-06,13:00,3240.0,880.0,3110.0,560.0,－－－－－－－－－－,20.0,1100.0,0.0,30.0,0.0,30.0,-2490.0,3240.0,yonden
2019,7,2019-07-06,14:00,3190.0,880.0,3120.0,590.0,－－－－－－－－－－,20.0,1030.0,0.0,40.0,0.0,-160.0,-2330.0,3190.0,yonden
2019,7,2019-07-06,15:00,3120.0,880.0,3240.0,600.0,－－－－－－－－－－,20.0,800.0,0.0,30.0,0.0,-250.0,-2200.0,3120.0,yonden
2019,7,2019-07-06,16:00,3080.0,880.0,3310.0,610.0,－－－－－－－－－－,20.0,490.0,0.0,30.0,0.0,-80.0,-2180.0,3080.0,yonden
2019,7,2019-07-06,17:00,3040.0,880.0,3390.0,610.0,－－－－－－－－－－,20.0,200.0,0.0,40.0,0.0,180.0,-2280.0,3040.0,yonden
2019,7,2019-07-06,18:00,3070.0,880.0,3400.0,590.0,－－－－－－－－－－,20.0,40.0,0.0,30.0,0.0,420.0,-2310.0,3070.0,yonden
2019,7,2019-07-06,19:00,3090.0,880.0,3410.0,590.0,－－－－－－－－－－,20.0,0.0,0.0,30.0,0.0,410.0,-2250.0,3090.0,yonden
2019,7,2019-07-06,20:00,2980.0,880.0,3490.0,630.0,－－－－－－－－－－,20.0,0.0,0.0,30.0,0.0,270.0,-2340.0,2980.0,yonden
2019,7,2019-07-06,21:00,2810.0,880.0,3390.0,640.0,－－－－－－－－－－,20.0,0.0,0.0,30.0,0.0,170.0,-2320.0,2810.0,yonden
2019,7,2019-07-06,22:00,2620.0,880.0,3240.0,630.0,－－－－－－－－－－,20.0,0.0,0.0,30.0,0.0,130.0,-2310.0,2620.0,yonden
2019,7,2019-07-06,23:00,2510.0,880.0,3270.0,600.0,－－－－－－－－－－,20.0,0.0,0.0,20.0,0.0,30.0,-2310.0,2510.0,yonden
2019,7,2019-07-07,00:00,2320.0,880.0,3040.0,540.0,－－－－－－－－－－,20.0,0.0,0.0,30.0,0.0,30.0,-2220.0,2320.0,yonden
2019,7,2019-07-07,01:00,2250.0,880.0,2990.0,510.0,－－－－－－－－－－,20.0,0.0,0.0,20.0,0.0,30.0,-2200.0,2250.0,yonden
2019,7,2019-07-07,02:00,2310.0,880.0,2990.0,550.0,－－－－－－－－－－,20.0,0.0,0.0,20.0,0.0,30.0,-2180.0,2310.0,yonden
2019,7,2019-07-07,03:00,2490.0,880.0,2900.0,560.0,－－－－－－－－－－,20.0,0.0,0.0,20.0,0.0,40.0,-1930.0,2490.0,yonden
2019,7,2019-07-07,04:00,2610.0,880.0,2900.0,550.0,－－－－－－－－－－,10.0,0.0,0.0,20.0,0.0,50.0,-1800.0,2610.0,yonden
2019,7,2019-07-07,05:00,2600.0,880.0,2860.0,540.0,－－－－－－－－－－,10.0,70.0,0.0,20.0,0.0,40.0,-1820.0,2600.0,yonden
2019,7,2019-07-07,06:00,2400.0,880.0,2920.0,520.0,－－－－－－－－－－,10.0,280.0,0.0,20.0,0.0,-220.0,-2010.0,2400.0,yonden
2019,7,2019-07-07,07:00,2320.0,880.0,2960.0,530.0,－－－－－－－－－－,10.0,630.0,0.0,10.0,0.0,-540.0,-2160.0,2320.0,yonden
2019,7,2019-07-07,08:00,2480.0,880.0,2930.0,550.0,－－－－－－－－－－,10.0,1000.0,0.0,20.0,0.0,-580.0,-2330.0,2480.0,yonden
2019,7,2019-07-07,09:00,2670.0,880.0,2820.0,580.0,－－－－－－－－－－,10.0,1330.0,0.0,20.0,0.0,-580.0,-2390.0,2670.0,yonden
2019,7,2019-07-07,10:00,2790.0,880.0,2710.0,560.0,－－－－－－－－－－,10.0,1600.0,0.0,20.0,0.0,-590.0,-2400.0,2790.0,yonden
2019,7,2019-07-07,11:00,2910.0,880.0,2800.0,530.0,－－－－－－－－－－,10.0,1710.0,0.0,10.0,0.0,-560.0,-2470.0,2910.0,yonden
2019,7,2019-07-07,12:00,2950.0,880.0,2890.0,520.0,－－－－－－－－－－,10.0,1710.0,0.0,10.0,0.0,-580.0,-2490.0,2950.0,yonden
2019,7,2019-07-07,13:00,2960.0,880.0,2920.0,520.0,－－－－－－－－－－,10.0,1640.0,0.0,10.0,0.0,-580.0,-2440.0,2960.0,yonden
2019,7,2019-07-07,14:00,2930.0,880.0,2840.0,500.0,－－－－－－－－－－,10.0,1440.0,0.0,0.0,0.0,-310.0,-2430.0,2930.0,yonden
2019,7,2019-07-07,15:00,2930.0,880.0,2900.0,510.0,－－－－－－－－－－,10.0,1080.0,0.0,0.0,0.0,-120.0,-2330.0,2930.0,yonden
2019,7,2019-07-07,16:00,2970.0,880.0,2930.0,540.0,－－－－－－－－－－,10.0,660.0,0.0,0.0,0.0,280.0,-2330.0,2970.0,yonden
2019,7,2019-07-07,17:00,3050.0,880.0,3110.0,550.0,－－－－－－－－－－,10.0,330.0,0.0,0.0,0.0,320.0,-2150.0,3050.0,yonden
2019,7,2019-07-07,18:00,3100.0,880.0,3260.0,620.0,－－－－－－－－－－,10.0,90.0,0.0,0.0,0.0,320.0,-2080.0,3100.0,yonden
2019,7,2019-07-07,19:00,3090.0,880.0,3240.0,600.0,－－－－－－－－－－,10.0,0.0,0.0,0.0,0.0,290.0,-1930.0,3090.0,yonden
2019,7,2019-07-07,20:00,2980.0,880.0,3260.0,570.0,－－－－－－－－－－,10.0,0.0,0.0,0.0,0.0,240.0,-1980.0,2980.0,yonden
2019,7,2019-07-07,21:00,2800.0,880.0,3320.0,540.0,－－－－－－－－－－,10.0,0.0,0.0,0.0,0.0,160.0,-2110.0,2800.0,yonden
2019,7,2019-07-07,22:00,2590.0,880.0,3270.0,550.0,－－－－－－－－－－,10.0,0.0,0.0,0.0,0.0,40.0,-2160.0,2590.0,yonden
2019,7,2019-07-07,23:00,2470.0,880.0,3230.0,520.0,－－－－－－－－－－,10.0,0.0,0.0,0.0,0.0,10.0,-2180.0,2470.0,yonden
2019,7,2019-07-08,00:00,2310.0,880.0,3090.0,490.0,－－－－－－－－－－,10.0,0.0,0.0,0.0,0.0,0.0,-2160.0,2310.0,yonden
2019,7,2019-07-08,01:00,2230.0,880.0,3040.0,480.0,－－－－－－－－－－,10.0,0.0,0.0,0.0,0.0,0.0,-2180.0,2230.0,yonden
2019,7,2019-07-08,02:00,2290.0,880.0,3120.0,480.0,－－－－－－－－－－,10.0,0.0,0.0,0.0,0.0,0.0,-2200.0,2290.0,yonden
2019,7,2019-07-08,03:00,2470.0,880.0,3140.0,510.0,－－－－－－－－－－,10.0,0.0,0.0,0.0,0.0,20.0,-2090.0,2470.0,yonden
2019,7,2019-07-08,04:00,2630.0,880.0,3130.0,580.0,－－－－－－－－－－,10.0,0.0,0.0,0.0,0.0,30.0,-2000.0,2630.0,yonden
2019,7,2019-07-08,05:00,2660.0,880.0,3130.0,580.0,－－－－－－－－－－,10.0,60.0,0.0,0.0,0.0,10.0,-2010.0,2660.0,yonden
2019,7,2019-07-08,06:00,2560.0,880.0,3180.0,470.0,－－－－－－－－－－,10.0,240.0,0.0,0.0,0.0,10.0,-2230.0,2560.0,yonden
2019,7,2019-07-08,07:00,2660.0,880.0,3160.0,480.0,－－－－－－－－－－,10.0,470.0,0.0,30.0,0.0,10.0,-2380.0,2660.0,yonden
2019,7,2019-07-08,08:00,3210.0,880.0,3280.0,540.0,－－－－－－－－－－,10.0,650.0,0.0,20.0,0.0,30.0,-2200.0,3210.0,yonden
2019,7,2019-07-08,09:00,3570.0,880.0,3300.0,600.0,－－－－－－－－－－,10.0,970.0,0.0,10.0,0.0,40.0,-2240.0,3570.0,yonden
2019,7,2019-07-08,10:00,3710.0,880.0,3380.0,610.0,－－－－－－－－－－,10.0,950.0,0.0,10.0,0.0,50.0,-2180.0,3710.0,yonden
2019,7,2019-07-08,11:00,3790.0,880.0,3400.0,550.0,－－－－－－－－－－,10.0,930.0,0.0,10.0,0.0,170.0,-2160.0,3790.0,yonden
2019,7,2019-07-08,12:00,3580.0,880.0,3370.0,500.0,－－－－－－－－－－,10.0,800.0,0.0,10.0,0.0,30.0,-2020.0,3580.0,yonden
2019,7,2019-07-08,13:00,3730.0,880.0,3520.0,540.0,－－－－－－－－－－,10.0,660.0,0.0,10.0,0.0,60.0,-1950.0,3730.0,yonden
2019,7,2019-07-08,14:00,3650.0,880.0,3660.0,530.0,－－－－－－－－－－,10.0,520.0,0.0,20.0,0.0,120.0,-2090.0,3650.0,yonden
2019,7,2019-07-08,15:00,3580.0,880.0,3890.0,580.0,－－－－－－－－－－,10.0,360.0,0.0,20.0,0.0,40.0,-2200.0,3580.0,yonden
2019,7,2019-07-08,16:00,3510.0,880.0,3960.0,630.0,－－－－－－－－－－,10.0,230.0,0.0,20.0,0.0,40.0,-2260.0,3510.0,yonden
2019,7,2019-07-08,17:00,3510.0,880.0,3940.0,680.0,－－－－－－－－－－,10.0,160.0,0.0,40.0,0.0,40.0,-2240.0,3510.0,yonden
2019,7,2019-07-08,18:00,3510.0,880.0,3940.0,600.0,－－－－－－－－－－,10.0,40.0,0.0,30.0,0.0,140.0,-2130.0,3510.0,yonden
2019,7,2019-07-08,19:00,3420.0,880.0,3890.0,580.0,－－－－－－－－－－,10.0,0.0,0.0,30.0,0.0,150.0,-2120.0,3420.0,yonden
2019,7,2019-07-08,20:00,3240.0,880.0,3890.0,530.0,－－－－－－－－－－,10.0,0.0,0.0,30.0,0.0,30.0,-2130.0,3240.0,yonden
2019,7,2019-07-08,21:00,3040.0,880.0,3740.0,490.0,－－－－－－－－－－,10.0,0.0,0.0,30.0,0.0,30.0,-2140.0,3040.0,yonden
2019,7,2019-07-08,22:00,2840.0,880.0,3610.0,500.0,－－－－－－－－－－,10.0,0.0,0.0,30.0,0.0,0.0,-2190.0,2840.0,yonden
2019,7,2019-07-08,23:00,2720.0,880.0,3500.0,520.0,－－－－－－－－－－,10.0,0.0,0.0,20.0,0.0,0.0,-2210.0,2720.0,yonden
2019,7,2019-07-09,00:00,2540.0,880.0,3430.0,510.0,－－－－－－－－－－,10.0,0.0,0.0,30.0,0.0,30.0,-2350.0,2540.0,yonden
2019,7,2019-07-09,01:00,2450.0,880.0,3350.0,520.0,－－－－－－－－－－,10.0,0.0,0.0,30.0,0.0,20.0,-2360.0,2450.0,yonden
2019,7,2019-07-09,02:00,2510.0,880.0,3250.0,550.0,－－－－－－－－－－,10.0,0.0,0.0,30.0,0.0,20.0,-2230.0,2510.0,yonden
2019,7,2019-07-09,03:00,2680.0,880.0,3230.0,560.0,－－－－－－－－－－,10.0,0.0,0.0,30.0,0.0,20.0,-2050.0,2680.0,yonden
2019,7,2019-07-09,04:00,2810.0,880.0,3290.0,570.0,－－－－－－－－－－,10.0,0.0,0.0,30.0,0.0,10.0,-1980.0,2810.0,yonden
2019,7,2019-07-09,05:00,2860.0,880.0,3360.0,520.0,－－－－－－－－－－,10.0,50.0,0.0,40.0,0.0,10.0,-2010.0,2860.0,yonden
2019,7,2019-07-09,06:00,2760.0,880.0,3480.0,530.0,－－－－－－－－－－,10.0,150.0,0.0,40.0,0.0,10.0,-2340.0,2760.0,yonden
2019,7,2019-07-09,07:00,2820.0,880.0,3660.0,550.0,－－－－－－－－－－,10.0,230.0,0.0,30.0,0.0,20.0,-2560.0,2820.0,yonden
2019,7,2019-07-09,08:00,3250.0,880.0,3900.0,580.0,－－－－－－－－－－,10.0,310.0,0.0,30.0,0.0,40.0,-2500.0,3250.0,yonden
2019,7,2019-07-09,09:00,3480.0,880.0,4020.0,590.0,－－－－－－－－－－,10.0,420.0,0.0,40.0,0.0,50.0,-2530.0,3480.0,yonden
2019,7,2019-07-09,10:00,3560.0,880.0,3870.0,530.0,－－－－－－－－－－,10.0,750.0,0.0,50.0,0.0,30.0,-2560.0,3560.0,yonden
2019,7,2019-07-09,11:00,3720.0,880.0,3650.0,600.0,－－－－－－－－－－,10.0,1080.0,0.0,50.0,0.0,10.0,-2560.0,3720.0,yonden
2019,7,2019-07-09,12:00,3530.0,880.0,3580.0,530.0,－－－－－－－－－－,10.0,1020.0,0.0,50.0,0.0,20.0,-2560.0,3530.0,yonden
2019,7,2019-07-09,13:00,3680.0,880.0,3700.0,580.0,－－－－－－－－－－,10.0,690.0,0.0,40.0,0.0,40.0,-2260.0,3680.0,yonden
2019,7,2019-07-09,14:00,3650.0,880.0,3970.0,590.0,－－－－－－－－－－,10.0,410.0,0.0,40.0,0.0,40.0,-2290.0,3650.0,yonden
2019,7,2019-07-09,15:00,3490.0,880.0,3970.0,590.0,－－－－－－－－－－,10.0,250.0,0.0,40.0,0.0,30.0,-2280.0,3490.0,yonden
2019,7,2019-07-09,16:00,3470.0,880.0,4060.0,630.0,－－－－－－－－－－,10.0,120.0,0.0,60.0,0.0,30.0,-2320.0,3470.0,yonden
2019,7,2019-07-09,17:00,3440.0,880.0,4040.0,660.0,－－－－－－－－－－,10.0,60.0,0.0,80.0,0.0,30.0,-2320.0,3440.0,yonden
2019,7,2019-07-09,18:00,3420.0,880.0,3960.0,660.0,－－－－－－－－－－,10.0,20.0,0.0,60.0,0.0,30.0,-2200.0,3420.0,yonden
2019,7,2019-07-09,19:00,3340.0,880.0,3750.0,660.0,－－－－－－－－－－,10.0,0.0,0.0,50.0,0.0,40.0,-2050.0,3340.0,yonden
2019,7,2019-07-09,20:00,3170.0,880.0,3730.0,650.0,－－－－－－－－－－,10.0,0.0,0.0,40.0,0.0,30.0,-2170.0,3170.0,yonden
2019,7,2019-07-09,21:00,2990.0,880.0,3490.0,630.0,－－－－－－－－－－,10.0,0.0,0.0,40.0,0.0,40.0,-2100.0,2990.0,yonden
2019,7,2019-07-09,22:00,2780.0,880.0,3380.0,630.0,－－－－－－－－－－,10.0,0.0,0.0,40.0,0.0,40.0,-2200.0,2780.0,yonden
2019,7,2019-07-09,23:00,2670.0,880.0,3320.0,620.0,－－－－－－－－－－,10.0,0.0,0.0,40.0,0.0,40.0,-2240.0,2670.0,yonden
2019,7,2019-07-10,00:00,2510.0,880.0,3220.0,630.0,－－－－－－－－－－,10.0,0.0,0.0,50.0,0.0,40.0,-2320.0,2510.0,yonden
2019,7,2019-07-10,01:00,2440.0,880.0,3160.0,630.0,－－－－－－－－－－,10.0,0.0,0.0,40.0,0.0,40.0,-2320.0,2440.0,yonden
2019,7,2019-07-10,02:00,2520.0,880.0,3150.0,620.0,－－－－－－－－－－,10.0,0.0,0.0,50.0,0.0,40.0,-2230.0,2520.0,yonden
2019,7,2019-07-10,03:00,2700.0,880.0,3260.0,640.0,－－－－－－－－－－,10.0,0.0,0.0,50.0,0.0,50.0,-2190.0,2700.0,yonden
2019,7,2019-07-10,04:00,2840.0,880.0,3350.0,650.0,－－－－－－－－－－,10.0,0.0,0.0,40.0,0.0,50.0,-2140.0,2840.0,yonden
2019,7,2019-07-10,05:00,2840.0,880.0,3330.0,640.0,－－－－－－－－－－,10.0,30.0,0.0,50.0,0.0,40.0,-2140.0,2840.0,yonden
2019,7,2019-07-10,06:00,2730.0,880.0,3240.0,610.0,－－－－－－－－－－,10.0,80.0,0.0,40.0,0.0,40.0,-2170.0,2730.0,yonden
2019,7,2019-07-10,07:00,2800.0,880.0,3280.0,640.0,－－－－－－－－－－,10.0,150.0,0.0,50.0,0.0,40.0,-2250.0,2800.0,yonden
2019,7,2019-07-10,08:00,3220.0,880.0,3320.0,690.0,－－－－－－－－－－,10.0,260.0,0.0,60.0,0.0,50.0,-2050.0,3220.0,yonden
2019,7,2019-07-10,09:00,3450.0,880.0,3190.0,640.0,－－－－－－－－－－,10.0,440.0,0.0,60.0,0.0,50.0,-1820.0,3450.0,yonden
2019,7,2019-07-10,10:00,3580.0,880.0,3100.0,650.0,－－－－－－－－－－,10.0,630.0,0.0,70.0,0.0,40.0,-1800.0,3580.0,yonden
2019,7,2019-07-10,11:00,3670.0,880.0,3120.0,650.0,－－－－－－－－－－,10.0,750.0,0.0,60.0,0.0,40.0,-1840.0,3670.0,yonden
2019,7,2019-07-10,12:00,3460.0,880.0,3060.0,630.0,－－－－－－－－－－,10.0,650.0,0.0,80.0,0.0,40.0,-1890.0,3460.0,yonden
2019,7,2019-07-10,13:00,3610.0,880.0,3260.0,640.0,－－－－－－－－－－,10.0,540.0,0.0,90.0,0.0,50.0,-1860.0,3610.0,yonden
2019,7,2019-07-10,14:00,3620.0,880.0,3510.0,670.0,－－－－－－－－－－,10.0,300.0,0.0,90.0,0.0,50.0,-1890.0,3620.0,yonden
2019,7,2019-07-10,15:00,3450.0,880.0,3700.0,640.0,－－－－－－－－－－,10.0,60.0,0.0,90.0,0.0,50.0,-1980.0,3450.0,yonden
2019,7,2019-07-10,16:00,3450.0,880.0,3800.0,680.0,－－－－－－－－－－,10.0,30.0,0.0,90.0,0.0,60.0,-2100.0,3450.0,yonden
2019,7,2019-07-10,17:00,3380.0,880.0,3730.0,710.0,－－－－－－－－－－,10.0,20.0,0.0,110.0,0.0,60.0,-2140.0,3380.0,yonden
2019,7,2019-07-10,18:00,3350.0,880.0,3660.0,700.0,－－－－－－－－－－,10.0,0.0,0.0,100.0,0.0,60.0,-2060.0,3350.0,yonden
2019,7,2019-07-10,19:00,3290.0,880.0,3650.0,690.0,－－－－－－－－－－,10.0,0.0,0.0,90.0,0.0,60.0,-2090.0,3290.0,yonden
2019,7,2019-07-10,20:00,3140.0,880.0,3580.0,680.0,－－－－－－－－－－,10.0,0.0,0.0,100.0,0.0,60.0,-2170.0,3140.0,yonden
2019,7,2019-07-10,21:00,2960.0,880.0,3440.0,680.0,－－－－－－－－－－,20.0,0.0,0.0,110.0,0.0,50.0,-2220.0,2960.0,yonden
2019,7,2019-07-10,22:00,2770.0,880.0,3240.0,690.0,－－－－－－－－－－,20.0,0.0,0.0,110.0,0.0,50.0,-2220.0,2770.0,yonden
2019,7,2019-07-10,23:00,2660.0,880.0,3120.0,680.0,－－－－－－－－－－,20.0,0.0,0.0,100.0,0.0,60.0,-2200.0,2660.0,yonden
2019,7,2019-07-11,00:00,2520.0,880.0,3110.0,690.0,－－－－－－－－－－,20.0,0.0,0.0,100.0,0.0,60.0,-2340.0,2520.0,yonden
2019,7,2019-07-11,01:00,2450.0,880.0,3140.0,680.0,－－－－－－－－－－,20.0,0.0,0.0,90.0,0.0,50.0,-2410.0,2450.0,yonden
2019,7,2019-07-11,02:00,2530.0,880.0,3170.0,680.0,－－－－－－－－－－,20.0,0.0,0.0,90.0,0.0,60.0,-2370.0,2530.0,yonden
2019,7,2019-07-11,03:00,2700.0,880.0,3180.0,670.0,－－－－－－－－－－,20.0,0.0,0.0,90.0,0.0,60.0,-2200.0,2700.0,yonden
2019,7,2019-07-11,04:00,2850.0,880.0,3190.0,670.0,－－－－－－－－－－,20.0,0.0,0.0,110.0,0.0,50.0,-2070.0,2850.0,yonden
2019,7,2019-07-11,05:00,2890.0,880.0,3150.0,650.0,－－－－－－－－－－,20.0,30.0,0.0,120.0,0.0,60.0,-2020.0,2890.0,yonden
2019,7,2019-07-11,06:00,2780.0,880.0,3200.0,660.0,－－－－－－－－－－,20.0,40.0,0.0,120.0,0.0,50.0,-2190.0,2780.0,yonden
2019,7,2019-07-11,07:00,2860.0,880.0,3370.0,660.0,－－－－－－－－－－,20.0,80.0,0.0,110.0,0.0,60.0,-2320.0,2860.0,yonden
2019,7,2019-07-11,08:00,3320.0,880.0,3490.0,700.0,－－－－－－－－－－,20.0,200.0,0.0,110.0,0.0,60.0,-2140.0,3320.0,yonden
2019,7,2019-07-11,09:00,3530.0,880.0,3430.0,700.0,－－－－－－－－－－,20.0,380.0,0.0,100.0,0.0,60.0,-2040.0,3530.0,yonden
2019,7,2019-07-11,10:00,3690.0,880.0,3370.0,710.0,－－－－－－－－－－,20.0,670.0,0.0,80.0,0.0,50.0,-2090.0,3690.0,yonden
2019,7,2019-07-11,11:00,3790.0,880.0,3350.0,690.0,－－－－－－－－－－,20.0,970.0,0.0,70.0,0.0,60.0,-2250.0,3790.0,yonden
2019,7,2019-07-11,12:00,3640.0,880.0,3140.0,710.0,－－－－－－－－－－,20.0,1200.0,0.0,60.0,0.0,60.0,-2430.0,3640.0,yonden
2019,7,2019-07-11,13:00,3860.0,880.0,3580.0,710.0,－－－－－－－－－－,20.0,990.0,0.0,50.0,0.0,50.0,-2420.0,3860.0,yonden
2019,7,2019-07-11,14:00,3860.0,880.0,3850.0,710.0,－－－－－－－－－－,20.0,670.0,0.0,30.0,0.0,60.0,-2360.0,3860.0,yonden
2019,7,2019-07-11,15:00,3700.0,880.0,3920.0,710.0,－－－－－－－－－－,20.0,300.0,0.0,20.0,0.0,140.0,-2290.0,3700.0,yonden
2019,7,2019-07-11,16:00,3700.0,880.0,3860.0,690.0,－－－－－－－－－－,20.0,210.0,0.0,20.0,0.0,200.0,-2180.0,3700.0,yonden
2019,7,2019-07-11,17:00,3620.0,880.0,3820.0,680.0,－－－－－－－－－－,20.0,120.0,0.0,20.0,0.0,190.0,-2110.0,3620.0,yonden
2019,7,2019-07-11,18:00,3570.0,880.0,3820.0,710.0,－－－－－－－－－－,20.0,40.0,0.0,20.0,0.0,120.0,-2040.0,3570.0,yonden
2019,7,2019-07-11,19:00,3500.0,880.0,3760.0,730.0,－－－－－－－－－－,20.0,0.0,0.0,10.0,0.0,60.0,-1960.0,3500.0,yonden
2019,7,2019-07-11,20:00,3340.0,880.0,3690.0,720.0,－－－－－－－－－－,20.0,0.0,0.0,10.0,0.0,60.0,-2040.0,3340.0,yonden
2019,7,2019-07-11,21:00,3130.0,880.0,3490.0,710.0,－－－－－－－－－－,20.0,0.0,0.0,10.0,0.0,60.0,-2040.0,3130.0,yonden
2019,7,2019-07-11,22:00,2920.0,880.0,3250.0,710.0,－－－－－－－－－－,20.0,0.0,0.0,10.0,0.0,50.0,-2000.0,2920.0,yonden
2019,7,2019-07-11,23:00,2790.0,880.0,3240.0,700.0,－－－－－－－－－－,20.0,0.0,0.0,20.0,0.0,50.0,-2120.0,2790.0,yonden
2019,7,2019-07-12,00:00,2590.0,880.0,3200.0,710.0,－－－－－－－－－－,20.0,0.0,0.0,30.0,0.0,50.0,-2300.0,2590.0,yonden
2019,7,2019-07-12,01:00,2490.0,880.0,3220.0,690.0,－－－－－－－－－－,20.0,0.0,0.0,30.0,0.0,50.0,-2400.0,2490.0,yonden
2019,7,2019-07-12,02:00,2550.0,880.0,3210.0,690.0,－－－－－－－－－－,20.0,0.0,0.0,30.0,0.0,60.0,-2340.0,2550.0,yonden
2019,7,2019-07-12,03:00,2720.0,880.0,3330.0,710.0,－－－－－－－－－－,20.0,0.0,0.0,30.0,0.0,60.0,-2310.0,2720.0,yonden
2019,7,2019-07-12,04:00,2830.0,880.0,3410.0,700.0,－－－－－－－－－－,20.0,0.0,0.0,20.0,0.0,50.0,-2250.0,2830.0,yonden
2019,7,2019-07-12,05:00,2880.0,880.0,3370.0,700.0,－－－－－－－－－－,20.0,70.0,0.0,30.0,0.0,60.0,-2250.0,2880.0,yonden
2019,7,2019-07-12,06:00,2820.0,880.0,3330.0,690.0,－－－－－－－－－－,20.0,320.0,0.0,30.0,0.0,-50.0,-2400.0,2820.0,yonden
2019,7,2019-07-12,07:00,2890.0,880.0,3460.0,700.0,－－－－－－－－－－,20.0,590.0,0.0,30.0,0.0,-250.0,-2540.0,2890.0,yonden
2019,7,2019-07-12,08:00,3380.0,880.0,3360.0,700.0,－－－－－－－－－－,20.0,850.0,0.0,30.0,0.0,0.0,-2460.0,3380.0,yonden
2019,7,2019-07-12,09:00,3650.0,880.0,3170.0,750.0,－－－－－－－－－－,20.0,1160.0,0.0,30.0,0.0,60.0,-2420.0,3650.0,yonden
2019,7,2019-07-12,10:00,3810.0,880.0,3100.0,750.0,－－－－－－－－－－,20.0,1470.0,0.0,30.0,0.0,60.0,-2500.0,3810.0,yonden
2019,7,2019-07-12,11:00,3890.0,880.0,3140.0,750.0,－－－－－－－－－－,20.0,1600.0,0.0,20.0,0.0,30.0,-2550.0,3890.0,yonden
2019,7,2019-07-12,12:00,3680.0,880.0,3110.0,700.0,－－－－－－－－－－,20.0,1640.0,0.0,30.0,0.0,-230.0,-2470.0,3680.0,yonden
2019,7,2019-07-12,13:00,3870.0,880.0,3080.0,740.0,－－－－－－－－－－,20.0,1620.0,0.0,20.0,0.0,50.0,-2540.0,3870.0,yonden
2019,7,2019-07-12,14:00,3890.0,880.0,3160.0,730.0,－－－－－－－－－－,20.0,1520.0,0.0,20.0,0.0,50.0,-2490.0,3890.0,yonden
2019,7,2019-07-12,15:00,3860.0,880.0,3270.0,730.0,－－－－－－－－－－,20.0,1230.0,0.0,20.0,0.0,60.0,-2350.0,3860.0,yonden
2019,7,2019-07-12,16:00,3890.0,880.0,3530.0,750.0,－－－－－－－－－－,20.0,820.0,0.0,10.0,0.0,60.0,-2180.0,3890.0,yonden
2019,7,2019-07-12,17:00,3690.0,880.0,3730.0,700.0,－－－－－－－－－－,20.0,410.0,0.0,10.0,0.0,60.0,-2120.0,3690.0,yonden
2019,7,2019-07-12,18:00,3650.0,880.0,3810.0,750.0,－－－－－－－－－－,20.0,130.0,0.0,10.0,0.0,80.0,-2030.0,3650.0,yonden
2019,7,2019-07-12,19:00,3490.0,880.0,3660.0,700.0,－－－－－－－－－－,20.0,0.0,0.0,10.0,0.0,220.0,-2000.0,3490.0,yonden
2019,7,2019-07-12,20:00,3310.0,880.0,3610.0,720.0,－－－－－－－－－－,20.0,0.0,0.0,10.0,0.0,190.0,-2120.0,3310.0,yonden
2019,7,2019-07-12,21:00,3090.0,880.0,3460.0,740.0,－－－－－－－－－－,20.0,0.0,0.0,0.0,0.0,110.0,-2120.0,3090.0,yonden
2019,7,2019-07-12,22:00,2860.0,880.0,3290.0,710.0,－－－－－－－－－－,20.0,0.0,0.0,0.0,0.0,60.0,-2100.0,2860.0,yonden
2019,7,2019-07-12,23:00,2740.0,880.0,3210.0,720.0,－－－－－－－－－－,20.0,0.0,0.0,0.0,0.0,60.0,-2150.0,2740.0,yonden
2019,7,2019-07-13,00:00,2550.0,880.0,3140.0,720.0,－－－－－－－－－－,20.0,0.0,0.0,0.0,0.0,50.0,-2260.0,2550.0,yonden
2019,7,2019-07-13,01:00,2460.0,880.0,3060.0,700.0,－－－－－－－－－－,20.0,0.0,0.0,0.0,0.0,50.0,-2250.0,2460.0,yonden
2019,7,2019-07-13,02:00,2510.0,880.0,3050.0,700.0,－－－－－－－－－－,20.0,0.0,0.0,0.0,0.0,50.0,-2190.0,2510.0,yonden
2019,7,2019-07-13,03:00,2650.0,880.0,3100.0,720.0,－－－－－－－－－－,20.0,0.0,0.0,10.0,0.0,60.0,-2140.0,2650.0,yonden
2019,7,2019-07-13,04:00,2760.0,880.0,3080.0,730.0,－－－－－－－－－－,20.0,0.0,0.0,10.0,0.0,60.0,-2020.0,2760.0,yonden
2019,7,2019-07-13,05:00,2750.0,880.0,3010.0,720.0,－－－－－－－－－－,20.0,50.0,0.0,20.0,0.0,60.0,-2010.0,2750.0,yonden
2019,7,2019-07-13,06:00,2530.0,880.0,2900.0,670.0,－－－－－－－－－－,20.0,140.0,0.0,0.0,0.0,50.0,-2130.0,2530.0,yonden
2019,7,2019-07-13,07:00,2460.0,880.0,2920.0,720.0,－－－－－－－－－－,20.0,180.0,0.0,0.0,0.0,60.0,-2320.0,2460.0,yonden
2019,7,2019-07-13,08:00,2770.0,880.0,3100.0,710.0,－－－－－－－－－－,20.0,310.0,0.0,0.0,0.0,60.0,-2310.0,2770.0,yonden
2019,7,2019-07-13,09:00,3010.0,880.0,3060.0,720.0,－－－－－－－－－－,20.0,540.0,0.0,0.0,0.0,60.0,-2270.0,3010.0,yonden
2019,7,2019-07-13,10:00,3130.0,880.0,2960.0,710.0,－－－－－－－－－－,20.0,730.0,0.0,0.0,0.0,60.0,-2230.0,3130.0,yonden
2019,7,2019-07-13,11:00,3260.0,880.0,3080.0,750.0,－－－－－－－－－－,20.0,620.0,0.0,0.0,0.0,60.0,-2150.0,3260.0,yonden
2019,7,2019-07-13,12:00,3200.0,880.0,3270.0,760.0,－－－－－－－－－－,20.0,450.0,0.0,0.0,0.0,60.0,-2240.0,3200.0,yonden
2019,7,2019-07-13,13:00,3180.0,880.0,3320.0,750.0,－－－－－－－－－－,20.0,310.0,0.0,0.0,0.0,130.0,-2230.0,3180.0,yonden
2019,7,2019-07-13,14:00,3050.0,880.0,3280.0,750.0,－－－－－－－－－－,20.0,150.0,0.0,20.0,0.0,200.0,-2250.0,3050.0,yonden
2019,7,2019-07-13,15:00,2920.0,880.0,3290.0,720.0,－－－－－－－－－－,20.0,50.0,0.0,60.0,0.0,90.0,-2190.0,2920.0,yonden
2019,7,2019-07-13,16:00,2910.0,880.0,3200.0,740.0,－－－－－－－－－－,20.0,30.0,0.0,80.0,0.0,50.0,-2090.0,2910.0,yonden
2019,7,2019-07-13,17:00,2980.0,880.0,3140.0,730.0,－－－－－－－－－－,20.0,20.0,0.0,90.0,0.0,60.0,-1960.0,2980.0,yonden
2019,7,2019-07-13,18:00,2980.0,880.0,3110.0,740.0,－－－－－－－－－－,20.0,0.0,0.0,80.0,0.0,60.0,-1910.0,2980.0,yonden
2019,7,2019-07-13,19:00,2950.0,880.0,3110.0,720.0,－－－－－－－－－－,20.0,0.0,0.0,60.0,0.0,50.0,-1890.0,2950.0,yonden
2019,7,2019-07-13,20:00,2830.0,880.0,3100.0,710.0,－－－－－－－－－－,20.0,0.0,0.0,70.0,0.0,50.0,-2000.0,2830.0,yonden
2019,7,2019-07-13,21:00,2660.0,880.0,3030.0,700.0,－－－－－－－－－－,20.0,0.0,0.0,70.0,0.0,50.0,-2090.0,2660.0,yonden
2019,7,2019-07-13,22:00,2510.0,880.0,2980.0,700.0,－－－－－－－－－－,20.0,0.0,0.0,60.0,0.0,50.0,-2180.0,2510.0,yonden
2019,7,2019-07-13,23:00,2440.0,880.0,2910.0,710.0,－－－－－－－－－－,20.0,0.0,0.0,40.0,0.0,60.0,-2180.0,2440.0,yonden
2019,7,2019-07-14,00:00,2320.0,880.0,2750.0,690.0,－－－－－－－－－－,20.0,0.0,0.0,40.0,0.0,50.0,-2110.0,2320.0,yonden
2019,7,2019-07-14,01:00,2240.0,880.0,2700.0,690.0,－－－－－－－－－－,20.0,0.0,0.0,20.0,0.0,50.0,-2120.0,2240.0,yonden
2019,7,2019-07-14,02:00,2330.0,880.0,2700.0,710.0,－－－－－－－－－－,20.0,0.0,0.0,10.0,0.0,60.0,-2050.0,2330.0,yonden
2019,7,2019-07-14,03:00,2510.0,880.0,2910.0,720.0,－－－－－－－－－－,20.0,0.0,0.0,10.0,0.0,60.0,-2090.0,2510.0,yonden
2019,7,2019-07-14,04:00,2640.0,880.0,3050.0,710.0,－－－－－－－－－－,20.0,0.0,0.0,10.0,0.0,60.0,-2090.0,2640.0,yonden
2019,7,2019-07-14,05:00,2610.0,880.0,2970.0,690.0,－－－－－－－－－－,20.0,30.0,0.0,0.0,0.0,50.0,-2030.0,2610.0,yonden
2019,7,2019-07-14,06:00,2360.0,880.0,2920.0,690.0,－－－－－－－－－－,20.0,100.0,0.0,0.0,0.0,50.0,-2300.0,2360.0,yonden
2019,7,2019-07-14,07:00,2260.0,880.0,2910.0,680.0,－－－－－－－－－－,20.0,160.0,0.0,0.0,0.0,50.0,-2440.0,2260.0,yonden
2019,7,2019-07-14,08:00,2430.0,880.0,2910.0,690.0,－－－－－－－－－－,20.0,210.0,0.0,0.0,0.0,50.0,-2330.0,2430.0,yonden
2019,7,2019-07-14,09:00,2620.0,880.0,2970.0,730.0,－－－－－－－－－－,20.0,240.0,0.0,0.0,0.0,60.0,-2280.0,2620.0,yonden
2019,7,2019-07-14,10:00,2760.0,880.0,3030.0,720.0,－－－－－－－－－－,20.0,340.0,0.0,0.0,0.0,60.0,-2290.0,2760.0,yonden
2019,7,2019-07-14,11:00,2820.0,880.0,2880.0,720.0,－－－－－－－－－－,20.0,500.0,0.0,10.0,0.0,60.0,-2250.0,2820.0,yonden
2019,7,2019-07-14,12:00,2790.0,880.0,2810.0,750.0,－－－－－－－－－－,20.0,600.0,0.0,10.0,0.0,50.0,-2330.0,2790.0,yonden
2019,7,2019-07-14,13:00,2790.0,880.0,3080.0,730.0,－－－－－－－－－－,20.0,440.0,0.0,20.0,0.0,130.0,-2510.0,2790.0,yonden
2019,7,2019-07-14,14:00,2710.0,880.0,3080.0,750.0,－－－－－－－－－－,20.0,250.0,0.0,10.0,0.0,140.0,-2420.0,2710.0,yonden
2019,7,2019-07-14,15:00,2630.0,880.0,3140.0,740.0,－－－－－－－－－－,20.0,90.0,0.0,10.0,0.0,60.0,-2310.0,2630.0,yonden
2019,7,2019-07-14,16:00,2690.0,880.0,3230.0,740.0,－－－－－－－－－－,20.0,30.0,0.0,20.0,0.0,60.0,-2290.0,2690.0,yonden
2019,7,2019-07-14,17:00,2790.0,880.0,3230.0,730.0,－－－－－－－－－－,20.0,10.0,0.0,20.0,0.0,50.0,-2150.0,2790.0,yonden
2019,7,2019-07-14,18:00,2850.0,880.0,3190.0,740.0,－－－－－－－－－－,20.0,10.0,0.0,20.0,0.0,60.0,-2070.0,2850.0,yonden
2019,7,2019-07-14,19:00,2850.0,880.0,3140.0,740.0,－－－－－－－－－－,20.0,0.0,0.0,20.0,0.0,60.0,-2010.0,2850.0,yonden
2019,7,2019-07-14,20:00,2760.0,880.0,3140.0,720.0,－－－－－－－－－－,20.0,0.0,0.0,20.0,0.0,50.0,-2070.0,2760.0,yonden
2019,7,2019-07-14,21:00,2630.0,880.0,3140.0,720.0,－－－－－－－－－－,20.0,0.0,0.0,20.0,0.0,50.0,-2200.0,2630.0,yonden
2019,7,2019-07-14,22:00,2470.0,880.0,3020.0,720.0,－－－－－－－－－－,20.0,0.0,0.0,30.0,0.0,60.0,-2260.0,2470.0,yonden
2019,7,2019-07-14,23:00,2390.0,880.0,2880.0,720.0,－－－－－－－－－－,20.0,0.0,0.0,40.0,0.0,60.0,-2210.0,2390.0,yonden
2019,7,2019-07-15,00:00,2250.0,880.0,2780.0,720.0,－－－－－－－－－－,20.0,0.0,0.0,40.0,0.0,60.0,-2250.0,2250.0,yonden
2019,7,2019-07-15,01:00,2190.0,880.0,2850.0,720.0,－－－－－－－－－－,20.0,0.0,0.0,40.0,0.0,50.0,-2370.0,2190.0,yonden
2019,7,2019-07-15,02:00,2280.0,880.0,2950.0,710.0,－－－－－－－－－－,20.0,0.0,0.0,30.0,0.0,50.0,-2360.0,2280.0,yonden
2019,7,2019-07-15,03:00,2470.0,880.0,3000.0,740.0,－－－－－－－－－－,20.0,0.0,0.0,30.0,0.0,60.0,-2260.0,2470.0,yonden
2019,7,2019-07-15,04:00,2610.0,880.0,2930.0,740.0,－－－－－－－－－－,20.0,0.0,0.0,50.0,0.0,60.0,-2070.0,2610.0,yonden
2019,7,2019-07-15,05:00,2620.0,880.0,2940.0,730.0,－－－－－－－－－－,20.0,40.0,0.0,60.0,0.0,60.0,-2110.0,2620.0,yonden
2019,7,2019-07-15,06:00,2420.0,880.0,2800.0,710.0,－－－－－－－－－－,20.0,100.0,0.0,70.0,0.0,50.0,-2210.0,2420.0,yonden
2019,7,2019-07-15,07:00,2380.0,880.0,2750.0,710.0,－－－－－－－－－－,20.0,210.0,0.0,60.0,0.0,50.0,-2300.0,2380.0,yonden
2019,7,2019-07-15,08:00,2600.0,880.0,2890.0,710.0,－－－－－－－－－－,20.0,440.0,0.0,60.0,0.0,50.0,-2450.0,2600.0,yonden
2019,7,2019-07-15,09:00,2830.0,880.0,2870.0,680.0,－－－－－－－－－－,20.0,890.0,0.0,40.0,0.0,50.0,-2600.0,2830.0,yonden
2019,7,2019-07-15,10:00,3020.0,880.0,2680.0,740.0,－－－－－－－－－－,20.0,1220.0,0.0,20.0,0.0,60.0,-2600.0,3020.0,yonden
2019,7,2019-07-15,11:00,3130.0,880.0,2640.0,760.0,－－－－－－－－－－,20.0,1360.0,0.0,10.0,0.0,30.0,-2570.0,3130.0,yonden
2019,7,2019-07-15,12:00,3090.0,880.0,2740.0,750.0,－－－－－－－－－－,20.0,1310.0,0.0,10.0,0.0,-250.0,-2370.0,3090.0,yonden
2019,7,2019-07-15,13:00,3040.0,880.0,2940.0,730.0,－－－－－－－－－－,20.0,1090.0,0.0,10.0,0.0,-80.0,-2550.0,3040.0,yonden
2019,7,2019-07-15,14:00,3040.0,880.0,2920.0,740.0,－－－－－－－－－－,20.0,970.0,0.0,10.0,0.0,60.0,-2560.0,3040.0,yonden
2019,7,2019-07-15,15:00,2990.0,880.0,3100.0,760.0,－－－－－－－－－－,20.0,670.0,0.0,0.0,0.0,40.0,-2480.0,2990.0,yonden
2019,7,2019-07-15,16:00,2980.0,880.0,3170.0,750.0,－－－－－－－－－－,20.0,340.0,0.0,0.0,0.0,50.0,-2230.0,2980.0,yonden
2019,7,2019-07-15,17:00,3000.0,880.0,3120.0,720.0,－－－－－－－－－－,20.0,170.0,0.0,0.0,0.0,40.0,-1950.0,3000.0,yonden
2019,7,2019-07-15,18:00,3080.0,880.0,3220.0,760.0,－－－－－－－－－－,20.0,40.0,0.0,0.0,0.0,50.0,-1890.0,3080.0,yonden
2019,7,2019-07-15,19:00,3110.0,880.0,3290.0,750.0,－－－－－－－－－－,20.0,0.0,0.0,0.0,0.0,50.0,-1880.0,3110.0,yonden
2019,7,2019-07-15,20:00,3000.0,880.0,3380.0,710.0,－－－－－－－－－－,20.0,0.0,0.0,10.0,0.0,50.0,-2050.0,3000.0,yonden
2019,7,2019-07-15,21:00,2840.0,880.0,3350.0,670.0,－－－－－－－－－－,20.0,0.0,0.0,10.0,0.0,40.0,-2130.0,2840.0,yonden
2019,7,2019-07-15,22:00,2660.0,880.0,3250.0,660.0,－－－－－－－－－－,20.0,0.0,0.0,20.0,0.0,40.0,-2210.0,2660.0,yonden
2019,7,2019-07-15,23:00,2540.0,880.0,3150.0,710.0,－－－－－－－－－－,20.0,0.0,0.0,10.0,0.0,40.0,-2270.0,2540.0,yonden
2019,7,2019-07-16,00:00,2390.0,880.0,3090.0,710.0,－－－－－－－－－－,20.0,0.0,0.0,10.0,0.0,40.0,-2360.0,2390.0,yonden
2019,7,2019-07-16,01:00,2310.0,880.0,3020.0,730.0,－－－－－－－－－－,20.0,0.0,0.0,0.0,0.0,50.0,-2390.0,2310.0,yonden
2019,7,2019-07-16,02:00,2380.0,880.0,3080.0,750.0,－－－－－－－－－－,20.0,0.0,0.0,0.0,0.0,50.0,-2400.0,2380.0,yonden
2019,7,2019-07-16,03:00,2560.0,880.0,3130.0,750.0,－－－－－－－－－－,20.0,0.0,0.0,0.0,0.0,50.0,-2270.0,2560.0,yonden
2019,7,2019-07-16,04:00,2700.0,880.0,3160.0,740.0,－－－－－－－－－－,20.0,0.0,0.0,0.0,0.0,50.0,-2150.0,2700.0,yonden
2019,7,2019-07-16,05:00,2740.0,880.0,3040.0,730.0,－－－－－－－－－－,20.0,60.0,0.0,0.0,0.0,50.0,-2040.0,2740.0,yonden
2019,7,2019-07-16,06:00,2680.0,880.0,2970.0,730.0,－－－－－－－－－－,20.0,270.0,0.0,0.0,0.0,-10.0,-2180.0,2680.0,yonden
2019,7,2019-07-16,07:00,2800.0,880.0,3180.0,730.0,－－－－－－－－－－,20.0,540.0,0.0,0.0,0.0,-260.0,-2290.0,2800.0,yonden
2019,7,2019-07-16,08:00,3340.0,880.0,3260.0,720.0,－－－－－－－－－－,20.0,910.0,0.0,0.0,0.0,-260.0,-2190.0,3340.0,yonden
2019,7,2019-07-16,09:00,3690.0,880.0,3290.0,740.0,－－－－－－－－－－,20.0,1280.0,0.0,0.0,0.0,-260.0,-2260.0,3690.0,yonden
2019,7,2019-07-16,10:00,3850.0,880.0,3370.0,740.0,－－－－－－－－－－,20.0,1410.0,0.0,0.0,0.0,-260.0,-2310.0,3850.0,yonden
2019,7,2019-07-16,11:00,3940.0,880.0,3440.0,740.0,－－－－－－－－－－,20.0,1370.0,0.0,0.0,0.0,-160.0,-2350.0,3940.0,yonden
2019,7,2019-07-16,12:00,3770.0,880.0,3290.0,700.0,－－－－－－－－－－,20.0,1310.0,0.0,0.0,0.0,20.0,-2450.0,3770.0,yonden
2019,7,2019-07-16,13:00,3920.0,880.0,3420.0,730.0,－－－－－－－－－－,20.0,1140.0,0.0,10.0,0.0,30.0,-2310.0,3920.0,yonden
2019,7,2019-07-16,14:00,3890.0,880.0,3570.0,760.0,－－－－－－－－－－,20.0,790.0,0.0,10.0,0.0,50.0,-2190.0,3890.0,yonden
2019,7,2019-07-16,15:00,3740.0,880.0,3670.0,740.0,－－－－－－－－－－,20.0,570.0,0.0,10.0,0.0,40.0,-2190.0,3740.0,yonden
2019,7,2019-07-16,16:00,3700.0,880.0,3810.0,770.0,－－－－－－－－－－,20.0,280.0,0.0,10.0,0.0,50.0,-2120.0,3700.0,yonden
2019,7,2019-07-16,17:00,3660.0,880.0,3810.0,730.0,－－－－－－－－－－,20.0,180.0,0.0,0.0,0.0,200.0,-2160.0,3660.0,yonden
2019,7,2019-07-16,18:00,3630.0,880.0,3890.0,710.0,－－－－－－－－－－,20.0,60.0,0.0,30.0,0.0,180.0,-2140.0,3630.0,yonden
2019,7,2019-07-16,19:00,3530.0,880.0,3980.0,710.0,－－－－－－－－－－,20.0,0.0,0.0,50.0,0.0,40.0,-2150.0,3530.0,yonden
2019,7,2019-07-16,20:00,3340.0,880.0,3870.0,700.0,－－－－－－－－－－,20.0,0.0,0.0,50.0,0.0,40.0,-2220.0,3340.0,yonden
2019,7,2019-07-16,21:00,3120.0,880.0,3740.0,710.0,－－－－－－－－－－,20.0,0.0,0.0,40.0,0.0,30.0,-2300.0,3120.0,yonden
2019,7,2019-07-16,22:00,2900.0,880.0,3700.0,690.0,－－－－－－－－－－,20.0,0.0,0.0,30.0,0.0,20.0,-2440.0,2900.0,yonden
2019,7,2019-07-16,23:00,2750.0,880.0,3500.0,710.0,－－－－－－－－－－,20.0,0.0,0.0,20.0,0.0,30.0,-2410.0,2750.0,yonden
2019,7,2019-07-17,00:00,2550.0,880.0,3290.0,690.0,－－－－－－－－－－,20.0,0.0,0.0,10.0,0.0,20.0,-2360.0,2550.0,yonden
2019,7,2019-07-17,01:00,2460.0,880.0,3290.0,710.0,－－－－－－－－－－,20.0,0.0,0.0,10.0,0.0,30.0,-2480.0,2460.0,yonden
2019,7,2019-07-17,02:00,2510.0,880.0,3330.0,730.0,－－－－－－－－－－,20.0,0.0,0.0,0.0,0.0,30.0,-2480.0,2510.0,yonden
2019,7,2019-07-17,03:00,2650.0,880.0,3340.0,720.0,－－－－－－－－－－,20.0,0.0,0.0,0.0,0.0,30.0,-2340.0,2650.0,yonden
2019,7,2019-07-17,04:00,2780.0,880.0,3340.0,740.0,－－－－－－－－－－,20.0,0.0,0.0,0.0,0.0,50.0,-2250.0,2780.0,yonden
2019,7,2019-07-17,05:00,2840.0,880.0,3350.0,720.0,－－－－－－－－－－,20.0,60.0,0.0,0.0,0.0,40.0,-2230.0,2840.0,yonden
2019,7,2019-07-17,06:00,2780.0,880.0,3270.0,710.0,－－－－－－－－－－,20.0,260.0,0.0,0.0,0.0,20.0,-2380.0,2780.0,yonden
2019,7,2019-07-17,07:00,2880.0,880.0,3160.0,720.0,－－－－－－－－－－,20.0,530.0,0.0,0.0,0.0,30.0,-2460.0,2880.0,yonden
2019,7,2019-07-17,08:00,3390.0,880.0,3130.0,700.0,－－－－－－－－－－,20.0,900.0,0.0,0.0,0.0,30.0,-2270.0,3390.0,yonden
2019,7,2019-07-17,09:00,3750.0,880.0,3220.0,700.0,－－－－－－－－－－,20.0,1260.0,0.0,0.0,0.0,40.0,-2370.0,3750.0,yonden
2019,7,2019-07-17,10:00,3920.0,880.0,3200.0,660.0,－－－－－－－－－－,20.0,1460.0,0.0,0.0,0.0,10.0,-2310.0,3920.0,yonden
2019,7,2019-07-17,11:00,4060.0,880.0,3240.0,720.0,－－－－－－－－－－,20.0,1570.0,0.0,10.0,0.0,-10.0,-2370.0,4060.0,yonden
2019,7,2019-07-17,12:00,3950.0,880.0,3420.0,740.0,－－－－－－－－－－,20.0,1600.0,0.0,0.0,0.0,-270.0,-2440.0,3950.0,yonden
2019,7,2019-07-17,13:00,4160.0,880.0,3620.0,720.0,－－－－－－－－－－,20.0,1480.0,0.0,10.0,0.0,-70.0,-2500.0,4160.0,yonden
2019,7,2019-07-17,14:00,4100.0,880.0,3720.0,750.0,－－－－－－－－－－,20.0,1240.0,0.0,10.0,0.0,50.0,-2570.0,4100.0,yonden
2019,7,2019-07-17,15:00,4050.0,880.0,3950.0,750.0,－－－－－－－－－－,20.0,950.0,0.0,20.0,0.0,50.0,-2570.0,4050.0,yonden
2019,7,2019-07-17,16:00,4070.0,880.0,4110.0,750.0,－－－－－－－－－－,20.0,540.0,0.0,30.0,0.0,230.0,-2490.0,4070.0,yonden
2019,7,2019-07-17,17:00,3850.0,880.0,4070.0,730.0,－－－－－－－－－－,20.0,180.0,0.0,50.0,0.0,310.0,-2390.0,3850.0,yonden
2019,7,2019-07-17,18:00,3770.0,880.0,4060.0,720.0,－－－－－－－－－－,20.0,20.0,0.0,50.0,0.0,220.0,-2200.0,3770.0,yonden
2019,7,2019-07-17,19:00,3690.0,880.0,4000.0,710.0,－－－－－－－－－－,20.0,0.0,0.0,60.0,0.0,180.0,-2160.0,3690.0,yonden
2019,7,2019-07-17,20:00,3500.0,880.0,4010.0,710.0,－－－－－－－－－－,20.0,0.0,0.0,70.0,0.0,110.0,-2300.0,3500.0,yonden
2019,7,2019-07-17,21:00,3290.0,880.0,3980.0,720.0,－－－－－－－－－－,20.0,0.0,0.0,70.0,0.0,50.0,-2430.0,3290.0,yonden
2019,7,2019-07-17,22:00,3040.0,880.0,3920.0,700.0,－－－－－－－－－－,20.0,0.0,0.0,70.0,0.0,30.0,-2580.0,3040.0,yonden
2019,7,2019-07-17,23:00,2880.0,880.0,3790.0,690.0,－－－－－－－－－－,20.0,0.0,0.0,70.0,0.0,20.0,-2590.0,2880.0,yonden
2019,7,2019-07-18,00:00,2670.0,880.0,3460.0,710.0,－－－－－－－－－－,20.0,0.0,0.0,80.0,0.0,20.0,-2500.0,2670.0,yonden
2019,7,2019-07-18,01:00,2560.0,880.0,3360.0,700.0,－－－－－－－－－－,20.0,0.0,0.0,70.0,0.0,20.0,-2490.0,2560.0,yonden
2019,7,2019-07-18,02:00,2600.0,880.0,3310.0,700.0,－－－－－－－－－－,20.0,0.0,0.0,60.0,0.0,30.0,-2400.0,2600.0,yonden
2019,7,2019-07-18,03:00,2740.0,880.0,3280.0,710.0,－－－－－－－－－－,20.0,0.0,0.0,60.0,0.0,20.0,-2230.0,2740.0,yonden
2019,7,2019-07-18,04:00,2880.0,880.0,3360.0,710.0,－－－－－－－－－－,20.0,0.0,0.0,70.0,0.0,10.0,-2170.0,2880.0,yonden
2019,7,2019-07-18,05:00,2930.0,880.0,3060.0,700.0,－－－－－－－－－－,20.0,40.0,0.0,70.0,0.0,20.0,-1860.0,2930.0,yonden
2019,7,2019-07-18,06:00,2800.0,880.0,3020.0,710.0,－－－－－－－－－－,20.0,70.0,0.0,70.0,0.0,20.0,-1990.0,2800.0,yonden
2019,7,2019-07-18,07:00,2920.0,880.0,3190.0,730.0,－－－－－－－－－－,20.0,140.0,0.0,70.0,0.0,50.0,-2160.0,2920.0,yonden
2019,7,2019-07-18,08:00,3470.0,880.0,3390.0,720.0,－－－－－－－－－－,20.0,300.0,0.0,80.0,0.0,100.0,-2020.0,3470.0,yonden
2019,7,2019-07-18,09:00,3830.0,880.0,3550.0,710.0,－－－－－－－－－－,20.0,530.0,0.0,80.0,0.0,170.0,-2110.0,3830.0,yonden
2019,7,2019-07-18,10:00,3970.0,880.0,3560.0,710.0,－－－－－－－－－－,20.0,680.0,0.0,60.0,0.0,170.0,-2110.0,3970.0,yonden
2019,7,2019-07-18,11:00,4120.0,880.0,3740.0,760.0,－－－－－－－－－－,20.0,510.0,0.0,60.0,0.0,260.0,-2110.0,4120.0,yonden
2019,7,2019-07-18,12:00,3900.0,880.0,3900.0,740.0,－－－－－－－－－－,20.0,320.0,0.0,30.0,0.0,250.0,-2240.0,3900.0,yonden
2019,7,2019-07-18,13:00,4000.0,880.0,3990.0,730.0,－－－－－－－－－－,20.0,220.0,0.0,50.0,0.0,240.0,-2130.0,4000.0,yonden
2019,7,2019-07-18,14:00,3940.0,880.0,3990.0,710.0,－－－－－－－－－－,20.0,130.0,0.0,60.0,0.0,230.0,-2080.0,3940.0,yonden
2019,7,2019-07-18,15:00,3830.0,880.0,3900.0,720.0,－－－－－－－－－－,20.0,120.0,0.0,70.0,0.0,50.0,-1930.0,3830.0,yonden
2019,7,2019-07-18,16:00,3720.0,880.0,3680.0,720.0,－－－－－－－－－－,20.0,110.0,0.0,80.0,0.0,40.0,-1810.0,3720.0,yonden
2019,7,2019-07-18,17:00,3600.0,880.0,3620.0,710.0,－－－－－－－－－－,20.0,60.0,0.0,60.0,0.0,60.0,-1810.0,3600.0,yonden
2019,7,2019-07-18,18:00,3600.0,880.0,3870.0,700.0,－－－－－－－－－－,20.0,10.0,0.0,90.0,0.0,60.0,-2030.0,3600.0,yonden
2019,7,2019-07-18,19:00,3480.0,880.0,3800.0,700.0,－－－－－－－－－－,20.0,0.0,0.0,80.0,0.0,60.0,-2060.0,3480.0,yonden
2019,7,2019-07-18,20:00,3300.0,880.0,3770.0,700.0,－－－－－－－－－－,20.0,0.0,0.0,70.0,0.0,60.0,-2200.0,3300.0,yonden
2019,7,2019-07-18,21:00,3100.0,880.0,3650.0,690.0,－－－－－－－－－－,20.0,0.0,0.0,60.0,0.0,60.0,-2260.0,3100.0,yonden
2019,7,2019-07-18,22:00,2900.0,880.0,3510.0,700.0,－－－－－－－－－－,20.0,0.0,0.0,20.0,0.0,60.0,-2290.0,2900.0,yonden
2019,7,2019-07-18,23:00,2790.0,880.0,3330.0,700.0,－－－－－－－－－－,20.0,0.0,0.0,10.0,0.0,60.0,-2210.0,2790.0,yonden
2019,7,2019-07-19,00:00,2620.0,880.0,3340.0,700.0,－－－－－－－－－－,20.0,0.0,0.0,0.0,0.0,60.0,-2380.0,2620.0,yonden
2019,7,2019-07-19,01:00,2540.0,880.0,3360.0,690.0,－－－－－－－－－－,20.0,0.0,0.0,0.0,0.0,60.0,-2470.0,2540.0,yonden
2019,7,2019-07-19,02:00,2590.0,880.0,3390.0,700.0,－－－－－－－－－－,20.0,0.0,0.0,10.0,0.0,60.0,-2470.0,2590.0,yonden
2019,7,2019-07-19,03:00,2740.0,880.0,3450.0,690.0,－－－－－－－－－－,20.0,0.0,0.0,10.0,0.0,60.0,-2370.0,2740.0,yonden
2019,7,2019-07-19,04:00,2860.0,880.0,3480.0,700.0,－－－－－－－－－－,20.0,0.0,0.0,10.0,0.0,60.0,-2290.0,2860.0,yonden
2019,7,2019-07-19,05:00,2880.0,880.0,3590.0,700.0,－－－－－－－－－－,20.0,20.0,0.0,10.0,0.0,-190.0,-2150.0,2880.0,yonden
2019,7,2019-07-19,06:00,2770.0,880.0,3620.0,690.0,－－－－－－－－－－,20.0,30.0,0.0,10.0,0.0,-240.0,-2240.0,2770.0,yonden
2019,7,2019-07-19,07:00,2860.0,880.0,3650.0,700.0,－－－－－－－－－－,20.0,80.0,0.0,20.0,0.0,-240.0,-2250.0,2860.0,yonden
2019,7,2019-07-19,08:00,3350.0,880.0,3520.0,700.0,－－－－－－－－－－,20.0,190.0,0.0,20.0,0.0,30.0,-2010.0,3350.0,yonden
2019,7,2019-07-19,09:00,3640.0,880.0,3560.0,710.0,－－－－－－－－－－,20.0,300.0,0.0,20.0,0.0,60.0,-1910.0,3640.0,yonden
2019,7,2019-07-19,10:00,3750.0,880.0,3520.0,720.0,－－－－－－－－－－,20.0,450.0,0.0,10.0,0.0,60.0,-1910.0,3750.0,yonden
2019,7,2019-07-19,11:00,3850.0,880.0,3600.0,720.0,－－－－－－－－－－,20.0,500.0,0.0,20.0,0.0,60.0,-1950.0,3850.0,yonden
2019,7,2019-07-19,12:00,3640.0,880.0,3610.0,720.0,－－－－－－－－－－,20.0,510.0,0.0,40.0,0.0,60.0,-2200.0,3640.0,yonden
2019,7,2019-07-19,13:00,3790.0,880.0,3960.0,700.0,－－－－－－－－－－,20.0,360.0,0.0,50.0,0.0,60.0,-2240.0,3790.0,yonden
2019,7,2019-07-19,14:00,3700.0,880.0,4050.0,700.0,－－－－－－－－－－,20.0,160.0,0.0,50.0,0.0,60.0,-2220.0,3700.0,yonden
2019,7,2019-07-19,15:00,3550.0,880.0,3980.0,710.0,－－－－－－－－－－,20.0,70.0,0.0,30.0,0.0,60.0,-2200.0,3550.0,yonden
2019,7,2019-07-19,16:00,3590.0,880.0,4080.0,690.0,－－－－－－－－－－,20.0,20.0,0.0,50.0,0.0,60.0,-2210.0,3590.0,yonden
2019,7,2019-07-19,17:00,3540.0,880.0,4070.0,700.0,－－－－－－－－－－,20.0,10.0,0.0,70.0,0.0,60.0,-2270.0,3540.0,yonden
2019,7,2019-07-19,18:00,3470.0,880.0,3880.0,680.0,－－－－－－－－－－,20.0,0.0,0.0,50.0,0.0,250.0,-2290.0,3470.0,yonden
2019,7,2019-07-19,19:00,3370.0,880.0,3750.0,700.0,－－－－－－－－－－,20.0,0.0,0.0,80.0,0.0,260.0,-2320.0,3370.0,yonden
2019,7,2019-07-19,20:00,3200.0,880.0,3610.0,680.0,－－－－－－－－－－,20.0,0.0,0.0,110.0,0.0,260.0,-2360.0,3200.0,yonden
2019,7,2019-07-19,21:00,3020.0,880.0,3570.0,700.0,－－－－－－－－－－,20.0,0.0,0.0,130.0,0.0,60.0,-2340.0,3020.0,yonden
2019,7,2019-07-19,22:00,2840.0,880.0,3490.0,700.0,－－－－－－－－－－,20.0,0.0,0.0,130.0,0.0,60.0,-2440.0,2840.0,yonden
2019,7,2019-07-19,23:00,2730.0,880.0,3360.0,700.0,－－－－－－－－－－,20.0,0.0,0.0,120.0,0.0,-60.0,-2290.0,2730.0,yonden
2019,7,2019-07-20,00:00,2560.0,880.0,3300.0,700.0,－－－－－－－－－－,20.0,0.0,0.0,130.0,0.0,-240.0,-2230.0,2560.0,yonden
2019,7,2019-07-20,01:00,2480.0,880.0,3310.0,700.0,－－－－－－－－－－,20.0,0.0,0.0,130.0,0.0,-240.0,-2320.0,2480.0,yonden
2019,7,2019-07-20,02:00,2550.0,880.0,3210.0,690.0,－－－－－－－－－－,20.0,0.0,0.0,130.0,0.0,-110.0,-2270.0,2550.0,yonden
2019,7,2019-07-20,03:00,2690.0,880.0,3070.0,700.0,－－－－－－－－－－,20.0,0.0,0.0,140.0,0.0,60.0,-2180.0,2690.0,yonden
2019,7,2019-07-20,04:00,2800.0,880.0,3070.0,690.0,－－－－－－－－－－,20.0,0.0,0.0,140.0,0.0,60.0,-2060.0,2800.0,yonden
2019,7,2019-07-20,05:00,2800.0,880.0,3030.0,690.0,－－－－－－－－－－,20.0,20.0,0.0,140.0,0.0,60.0,-2040.0,2800.0,yonden
2019,7,2019-07-20,06:00,2610.0,880.0,3040.0,690.0,－－－－－－－－－－,20.0,30.0,0.0,140.0,0.0,60.0,-2250.0,2610.0,yonden
2019,7,2019-07-20,07:00,2610.0,880.0,3170.0,690.0,－－－－－－－－－－,20.0,50.0,0.0,140.0,0.0,60.0,-2400.0,2610.0,yonden
2019,7,2019-07-20,08:00,2970.0,880.0,3250.0,700.0,－－－－－－－－－－,20.0,120.0,0.0,140.0,0.0,60.0,-2200.0,2970.0,yonden
2019,7,2019-07-20,09:00,3250.0,880.0,3280.0,700.0,－－－－－－－－－－,20.0,270.0,0.0,140.0,0.0,60.0,-2100.0,3250.0,yonden
2019,7,2019-07-20,10:00,3370.0,880.0,3210.0,700.0,－－－－－－－－－－,20.0,480.0,0.0,140.0,0.0,60.0,-2120.0,3370.0,yonden
2019,7,2019-07-20,11:00,3470.0,880.0,3030.0,700.0,－－－－－－－－－－,20.0,750.0,0.0,150.0,0.0,60.0,-2120.0,3470.0,yonden
2019,7,2019-07-20,12:00,3400.0,880.0,3080.0,700.0,－－－－－－－－－－,20.0,830.0,0.0,140.0,0.0,60.0,-2310.0,3400.0,yonden
2019,7,2019-07-20,13:00,3420.0,880.0,3120.0,710.0,－－－－－－－－－－,20.0,770.0,0.0,140.0,0.0,60.0,-2280.0,3420.0,yonden
2019,7,2019-07-20,14:00,3380.0,880.0,3190.0,710.0,－－－－－－－－－－,20.0,620.0,0.0,130.0,0.0,60.0,-2230.0,3380.0,yonden
2019,7,2019-07-20,15:00,3280.0,880.0,3260.0,710.0,－－－－－－－－－－,20.0,360.0,0.0,130.0,0.0,60.0,-2140.0,3280.0,yonden
2019,7,2019-07-20,16:00,3270.0,880.0,3490.0,710.0,－－－－－－－－－－,20.0,180.0,0.0,130.0,0.0,90.0,-2230.0,3270.0,yonden
2019,7,2019-07-20,17:00,3280.0,880.0,3540.0,720.0,－－－－－－－－－－,20.0,90.0,0.0,130.0,0.0,140.0,-2240.0,3280.0,yonden
2019,7,2019-07-20,18:00,3330.0,880.0,3700.0,720.0,－－－－－－－－－－,20.0,10.0,0.0,110.0,0.0,60.0,-2170.0,3330.0,yonden
2019,7,2019-07-20,19:00,3300.0,880.0,3640.0,710.0,－－－－－－－－－－,20.0,0.0,0.0,110.0,0.0,60.0,-2120.0,3300.0,yonden
2019,7,2019-07-20,20:00,3160.0,880.0,3580.0,710.0,－－－－－－－－－－,20.0,0.0,0.0,110.0,0.0,60.0,-2200.0,3160.0,yonden
2019,7,2019-07-20,21:00,2990.0,880.0,3550.0,700.0,－－－－－－－－－－,20.0,0.0,0.0,110.0,0.0,60.0,-2330.0,2990.0,yonden
2019,7,2019-07-20,22:00,2810.0,880.0,3400.0,660.0,－－－－－－－－－－,20.0,0.0,0.0,110.0,0.0,60.0,-2320.0,2810.0,yonden
2019,7,2019-07-20,23:00,2710.0,880.0,3270.0,650.0,－－－－－－－－－－,20.0,0.0,0.0,120.0,0.0,60.0,-2290.0,2710.0,yonden
2019,7,2019-07-21,00:00,2530.0,880.0,3190.0,650.0,－－－－－－－－－－,20.0,0.0,0.0,140.0,0.0,60.0,-2410.0,2530.0,yonden
2019,7,2019-07-21,01:00,2430.0,880.0,3210.0,660.0,－－－－－－－－－－,20.0,0.0,0.0,130.0,0.0,60.0,-2530.0,2430.0,yonden
2019,7,2019-07-21,02:00,2490.0,880.0,3270.0,660.0,－－－－－－－－－－,20.0,0.0,0.0,130.0,0.0,60.0,-2530.0,2490.0,yonden
2019,7,2019-07-21,03:00,2620.0,880.0,3460.0,660.0,－－－－－－－－－－,20.0,0.0,0.0,130.0,0.0,60.0,-2590.0,2620.0,yonden
2019,7,2019-07-21,04:00,2740.0,880.0,3590.0,660.0,－－－－－－－－－－,20.0,0.0,0.0,110.0,0.0,60.0,-2580.0,2740.0,yonden
2019,7,2019-07-21,05:00,2720.0,880.0,3510.0,650.0,－－－－－－－－－－,20.0,30.0,0.0,130.0,0.0,60.0,-2560.0,2720.0,yonden
2019,7,2019-07-21,06:00,2500.0,880.0,3270.0,650.0,－－－－－－－－－－,20.0,100.0,0.0,130.0,0.0,10.0,-2560.0,2500.0,yonden
2019,7,2019-07-21,07:00,2400.0,880.0,3330.0,650.0,－－－－－－－－－－,20.0,220.0,0.0,130.0,0.0,-240.0,-2590.0,2400.0,yonden
2019,7,2019-07-21,08:00,2650.0,880.0,3320.0,650.0,－－－－－－－－－－,20.0,480.0,0.0,130.0,0.0,-240.0,-2590.0,2650.0,yonden
2019,7,2019-07-21,09:00,2930.0,880.0,3300.0,660.0,－－－－－－－－－－,20.0,480.0,0.0,130.0,0.0,40.0,-2580.0,2930.0,yonden
2019,7,2019-07-21,10:00,3070.0,880.0,3400.0,650.0,－－－－－－－－－－,20.0,530.0,0.0,120.0,0.0,60.0,-2590.0,3070.0,yonden
2019,7,2019-07-21,11:00,3120.0,880.0,3290.0,660.0,－－－－－－－－－－,20.0,660.0,0.0,120.0,0.0,60.0,-2570.0,3120.0,yonden
2019,7,2019-07-21,12:00,3160.0,880.0,3170.0,660.0,－－－－－－－－－－,20.0,740.0,0.0,130.0,0.0,60.0,-2500.0,3160.0,yonden
2019,7,2019-07-21,13:00,3100.0,880.0,3260.0,690.0,－－－－－－－－－－,20.0,590.0,0.0,130.0,0.0,60.0,-2530.0,3100.0,yonden
2019,7,2019-07-21,14:00,3010.0,880.0,3390.0,700.0,－－－－－－－－－－,20.0,390.0,0.0,140.0,0.0,60.0,-2570.0,3010.0,yonden
2019,7,2019-07-21,15:00,2910.0,880.0,3410.0,670.0,－－－－－－－－－－,20.0,160.0,0.0,140.0,0.0,60.0,-2430.0,2910.0,yonden
2019,7,2019-07-21,16:00,2960.0,880.0,3620.0,710.0,－－－－－－－－－－,20.0,60.0,0.0,120.0,0.0,-190.0,-2260.0,2960.0,yonden
2019,7,2019-07-21,17:00,3080.0,880.0,3690.0,710.0,－－－－－－－－－－,20.0,20.0,0.0,90.0,0.0,-230.0,-2100.0,3080.0,yonden
2019,7,2019-07-21,18:00,3210.0,880.0,3780.0,700.0,－－－－－－－－－－,20.0,0.0,0.0,90.0,0.0,-110.0,-2150.0,3210.0,yonden
2019,7,2019-07-21,19:00,3210.0,880.0,3700.0,700.0,－－－－－－－－－－,20.0,0.0,0.0,100.0,0.0,60.0,-2250.0,3210.0,yonden
2019,7,2019-07-21,20:00,3100.0,880.0,3720.0,700.0,－－－－－－－－－－,20.0,0.0,0.0,100.0,0.0,60.0,-2380.0,3100.0,yonden
2019,7,2019-07-21,21:00,2920.0,880.0,3560.0,700.0,－－－－－－－－－－,20.0,0.0,0.0,100.0,0.0,60.0,-2400.0,2920.0,yonden
2019,7,2019-07-21,22:00,2720.0,880.0,3400.0,700.0,－－－－－－－－－－,20.0,0.0,0.0,100.0,0.0,60.0,-2440.0,2720.0,yonden
2019,7,2019-07-21,23:00,2600.0,880.0,3220.0,680.0,－－－－－－－－－－,20.0,0.0,0.0,90.0,0.0,60.0,-2350.0,2600.0,yonden
2019,7,2019-07-22,00:00,2430.0,880.0,3160.0,700.0,－－－－－－－－－－,20.0,0.0,0.0,80.0,0.0,60.0,-2470.0,2430.0,yonden
2019,7,2019-07-22,01:00,2350.0,880.0,3150.0,690.0,－－－－－－－－－－,20.0,0.0,0.0,80.0,0.0,60.0,-2530.0,2350.0,yonden
2019,7,2019-07-22,02:00,2420.0,880.0,3200.0,700.0,－－－－－－－－－－,20.0,0.0,0.0,80.0,0.0,60.0,-2520.0,2420.0,yonden
2019,7,2019-07-22,03:00,2580.0,880.0,3330.0,700.0,－－－－－－－－－－,20.0,0.0,0.0,70.0,0.0,60.0,-2480.0,2580.0,yonden
2019,7,2019-07-22,04:00,2730.0,880.0,3430.0,700.0,－－－－－－－－－－,20.0,0.0,0.0,80.0,0.0,60.0,-2440.0,2730.0,yonden
2019,7,2019-07-22,05:00,2800.0,880.0,3440.0,700.0,－－－－－－－－－－,20.0,50.0,0.0,80.0,0.0,60.0,-2430.0,2800.0,yonden
2019,7,2019-07-22,06:00,2790.0,880.0,3370.0,690.0,－－－－－－－－－－,20.0,140.0,0.0,60.0,0.0,60.0,-2430.0,2790.0,yonden
2019,7,2019-07-22,07:00,2910.0,880.0,3460.0,700.0,－－－－－－－－－－,20.0,200.0,0.0,50.0,0.0,60.0,-2460.0,2910.0,yonden
2019,7,2019-07-22,08:00,3470.0,880.0,3610.0,700.0,－－－－－－－－－－,20.0,400.0,0.0,60.0,0.0,70.0,-2270.0,3470.0,yonden
2019,7,2019-07-22,09:00,3760.0,880.0,3690.0,710.0,－－－－－－－－－－,20.0,470.0,0.0,50.0,0.0,200.0,-2260.0,3760.0,yonden
2019,7,2019-07-22,10:00,3950.0,880.0,3760.0,710.0,－－－－－－－－－－,20.0,580.0,0.0,50.0,0.0,200.0,-2250.0,3950.0,yonden
2019,7,2019-07-22,11:00,4030.0,880.0,3760.0,710.0,－－－－－－－－－－,20.0,600.0,0.0,20.0,0.0,70.0,-2030.0,4030.0,yonden
2019,7,2019-07-22,12:00,3870.0,880.0,3680.0,720.0,－－－－－－－－－－,20.0,520.0,0.0,20.0,0.0,60.0,-2030.0,3870.0,yonden
2019,7,2019-07-22,13:00,3970.0,880.0,3800.0,720.0,－－－－－－－－－－,20.0,450.0,0.0,20.0,0.0,60.0,-1980.0,3970.0,yonden
2019,7,2019-07-22,14:00,3800.0,880.0,3630.0,720.0,－－－－－－－－－－,20.0,390.0,0.0,20.0,0.0,60.0,-1920.0,3800.0,yonden
2019,7,2019-07-22,15:00,3750.0,880.0,3700.0,720.0,－－－－－－－－－－,20.0,320.0,0.0,10.0,0.0,60.0,-1960.0,3750.0,yonden
2019,7,2019-07-22,16:00,3730.0,880.0,4010.0,710.0,－－－－－－－－－－,20.0,140.0,0.0,10.0,0.0,60.0,-2100.0,3730.0,yonden
2019,7,2019-07-22,17:00,3600.0,880.0,4110.0,720.0,－－－－－－－－－－,20.0,40.0,0.0,10.0,0.0,60.0,-2240.0,3600.0,yonden
2019,7,2019-07-22,18:00,3640.0,880.0,4110.0,720.0,－－－－－－－－－－,20.0,10.0,0.0,20.0,0.0,60.0,-2180.0,3640.0,yonden
2019,7,2019-07-22,19:00,3600.0,880.0,4070.0,720.0,－－－－－－－－－－,20.0,0.0,0.0,30.0,0.0,60.0,-2180.0,3600.0,yonden
2019,7,2019-07-22,20:00,3420.0,880.0,3910.0,710.0,－－－－－－－－－－,20.0,0.0,0.0,20.0,0.0,60.0,-2180.0,3420.0,yonden
2019,7,2019-07-22,21:00,3210.0,880.0,3770.0,720.0,－－－－－－－－－－,20.0,0.0,0.0,30.0,0.0,60.0,-2270.0,3210.0,yonden
2019,7,2019-07-22,22:00,2990.0,880.0,3620.0,720.0,－－－－－－－－－－,20.0,0.0,0.0,20.0,0.0,60.0,-2330.0,2990.0,yonden
2019,7,2019-07-22,23:00,2860.0,880.0,3440.0,720.0,－－－－－－－－－－,20.0,0.0,0.0,10.0,0.0,60.0,-2270.0,2860.0,yonden
2019,7,2019-07-23,00:00,2650.0,880.0,3180.0,720.0,－－－－－－－－－－,20.0,0.0,0.0,0.0,0.0,60.0,-2210.0,2650.0,yonden
2019,7,2019-07-23,01:00,2550.0,880.0,3240.0,730.0,－－－－－－－－－－,20.0,0.0,0.0,10.0,0.0,60.0,-2390.0,2550.0,yonden
2019,7,2019-07-23,02:00,2600.0,880.0,3300.0,730.0,－－－－－－－－－－,20.0,0.0,0.0,10.0,0.0,60.0,-2400.0,2600.0,yonden
2019,7,2019-07-23,03:00,2760.0,880.0,3410.0,730.0,－－－－－－－－－－,10.0,0.0,0.0,10.0,0.0,60.0,-2340.0,2760.0,yonden
2019,7,2019-07-23,04:00,2880.0,880.0,3390.0,730.0,－－－－－－－－－－,10.0,0.0,0.0,20.0,0.0,60.0,-2210.0,2880.0,yonden
2019,7,2019-07-23,05:00,2940.0,880.0,3320.0,730.0,－－－－－－－－－－,10.0,50.0,0.0,20.0,0.0,60.0,-2130.0,2940.0,yonden
2019,7,2019-07-23,06:00,2880.0,880.0,3280.0,730.0,－－－－－－－－－－,10.0,190.0,0.0,20.0,0.0,60.0,-2290.0,2880.0,yonden
2019,7,2019-07-23,07:00,3020.0,880.0,3240.0,720.0,－－－－－－－－－－,20.0,470.0,0.0,20.0,0.0,60.0,-2390.0,3020.0,yonden
2019,7,2019-07-23,08:00,3610.0,880.0,3340.0,730.0,－－－－－－－－－－,20.0,790.0,0.0,10.0,0.0,60.0,-2220.0,3610.0,yonden
2019,7,2019-07-23,09:00,3940.0,880.0,3580.0,730.0,－－－－－－－－－－,20.0,940.0,0.0,10.0,0.0,60.0,-2280.0,3940.0,yonden
2019,7,2019-07-23,10:00,4050.0,880.0,3730.0,740.0,－－－－－－－－－－,20.0,940.0,0.0,10.0,0.0,60.0,-2330.0,4050.0,yonden
2019,7,2019-07-23,11:00,4130.0,880.0,3950.0,740.0,－－－－－－－－－－,20.0,830.0,0.0,10.0,0.0,60.0,-2360.0,4130.0,yonden
2019,7,2019-07-23,12:00,3940.0,880.0,3910.0,710.0,－－－－－－－－－－,20.0,820.0,0.0,10.0,0.0,60.0,-2470.0,3940.0,yonden
2019,7,2019-07-23,13:00,4080.0,880.0,3960.0,730.0,－－－－－－－－－－,20.0,860.0,0.0,10.0,0.0,60.0,-2440.0,4080.0,yonden
2019,7,2019-07-23,14:00,4100.0,880.0,4100.0,750.0,－－－－－－－－－－,20.0,770.0,0.0,10.0,0.0,60.0,-2490.0,4100.0,yonden
2019,7,2019-07-23,15:00,4010.0,880.0,4110.0,750.0,－－－－－－－－－－,20.0,540.0,0.0,10.0,0.0,60.0,-2360.0,4010.0,yonden
2019,7,2019-07-23,16:00,3840.0,880.0,4080.0,750.0,－－－－－－－－－－,20.0,250.0,0.0,10.0,0.0,60.0,-2210.0,3840.0,yonden
2019,7,2019-07-23,17:00,3810.0,880.0,4090.0,760.0,－－－－－－－－－－,20.0,140.0,0.0,10.0,0.0,60.0,-2150.0,3810.0,yonden
2019,7,2019-07-23,18:00,3800.0,880.0,4010.0,760.0,－－－－－－－－－－,20.0,40.0,0.0,10.0,0.0,60.0,-1980.0,3800.0,yonden
2019,7,2019-07-23,19:00,3690.0,880.0,3960.0,760.0,－－－－－－－－－－,20.0,0.0,0.0,10.0,0.0,60.0,-2000.0,3690.0,yonden
2019,7,2019-07-23,20:00,3490.0,880.0,3900.0,760.0,－－－－－－－－－－,20.0,0.0,0.0,10.0,0.0,60.0,-2140.0,3490.0,yonden
2019,7,2019-07-23,21:00,3250.0,880.0,3730.0,750.0,－－－－－－－－－－,20.0,0.0,0.0,10.0,0.0,60.0,-2200.0,3250.0,yonden
2019,7,2019-07-23,22:00,3030.0,880.0,3660.0,730.0,－－－－－－－－－－,20.0,0.0,0.0,0.0,0.0,60.0,-2320.0,3030.0,yonden
2019,7,2019-07-23,23:00,2860.0,880.0,3390.0,740.0,－－－－－－－－－－,20.0,0.0,0.0,0.0,0.0,60.0,-2230.0,2860.0,yonden
2019,7,2019-07-24,00:00,2660.0,880.0,3190.0,740.0,－－－－－－－－－－,20.0,0.0,0.0,10.0,0.0,60.0,-2240.0,2660.0,yonden
2019,7,2019-07-24,01:00,2550.0,880.0,3080.0,740.0,－－－－－－－－－－,20.0,0.0,0.0,20.0,0.0,60.0,-2250.0,2550.0,yonden
2019,7,2019-07-24,02:00,2600.0,880.0,3160.0,740.0,－－－－－－－－－－,20.0,0.0,0.0,10.0,0.0,60.0,-2270.0,2600.0,yonden
2019,7,2019-07-24,03:00,2740.0,880.0,3280.0,740.0,－－－－－－－－－－,20.0,0.0,0.0,20.0,0.0,60.0,-2260.0,2740.0,yonden
2019,7,2019-07-24,04:00,2890.0,880.0,3340.0,750.0,－－－－－－－－－－,20.0,0.0,0.0,30.0,0.0,60.0,-2190.0,2890.0,yonden
2019,7,2019-07-24,05:00,2920.0,880.0,3350.0,760.0,－－－－－－－－－－,20.0,40.0,0.0,30.0,0.0,60.0,-2220.0,2920.0,yonden
2019,7,2019-07-24,06:00,2820.0,880.0,3290.0,760.0,－－－－－－－－－－,20.0,180.0,0.0,20.0,0.0,60.0,-2390.0,2820.0,yonden
2019,7,2019-07-24,07:00,2960.0,880.0,3400.0,760.0,－－－－－－－－－－,20.0,400.0,0.0,10.0,0.0,60.0,-2570.0,2960.0,yonden
2019,7,2019-07-24,08:00,3530.0,880.0,3540.0,750.0,－－－－－－－－－－,20.0,750.0,0.0,10.0,0.0,60.0,-2480.0,3530.0,yonden
2019,7,2019-07-24,09:00,3920.0,880.0,3630.0,760.0,－－－－－－－－－－,20.0,1070.0,0.0,0.0,0.0,60.0,-2500.0,3920.0,yonden
2019,7,2019-07-24,10:00,4080.0,880.0,3670.0,760.0,－－－－－－－－－－,20.0,1270.0,0.0,0.0,0.0,60.0,-2580.0,4080.0,yonden
2019,7,2019-07-24,11:00,4230.0,880.0,3580.0,760.0,－－－－－－－－－－,20.0,1410.0,0.0,0.0,0.0,60.0,-2480.0,4230.0,yonden
2019,7,2019-07-24,12:00,4140.0,880.0,3570.0,720.0,－－－－－－－－－－,20.0,1420.0,0.0,0.0,0.0,60.0,-2530.0,4140.0,yonden
2019,7,2019-07-24,13:00,4310.0,880.0,3880.0,750.0,－－－－－－－－－－,20.0,1300.0,0.0,0.0,0.0,60.0,-2580.0,4310.0,yonden
2019,7,2019-07-24,14:00,4320.0,880.0,3950.0,740.0,－－－－－－－－－－,20.0,1210.0,0.0,0.0,0.0,60.0,-2540.0,4320.0,yonden
2019,7,2019-07-24,15:00,4300.0,880.0,4140.0,760.0,－－－－－－－－－－,20.0,940.0,0.0,0.0,0.0,60.0,-2500.0,4300.0,yonden
2019,7,2019-07-24,16:00,4210.0,880.0,4560.0,760.0,－－－－－－－－－－,20.0,500.0,0.0,0.0,0.0,50.0,-2560.0,4210.0,yonden
2019,7,2019-07-24,17:00,4000.0,880.0,4660.0,760.0,－－－－－－－－－－,20.0,180.0,0.0,0.0,0.0,50.0,-2550.0,4000.0,yonden
2019,7,2019-07-24,18:00,3950.0,880.0,4440.0,760.0,－－－－－－－－－－,20.0,40.0,0.0,10.0,0.0,50.0,-2250.0,3950.0,yonden
2019,7,2019-07-24,19:00,3870.0,880.0,4250.0,760.0,－－－－－－－－－－,20.0,0.0,0.0,20.0,0.0,50.0,-2110.0,3870.0,yonden
2019,7,2019-07-24,20:00,3660.0,880.0,4030.0,760.0,－－－－－－－－－－,20.0,0.0,0.0,20.0,0.0,50.0,-2100.0,3660.0,yonden
2019,7,2019-07-24,21:00,3410.0,880.0,3910.0,770.0,－－－－－－－－－－,20.0,0.0,0.0,30.0,0.0,50.0,-2250.0,3410.0,yonden
2019,7,2019-07-24,22:00,3150.0,880.0,3700.0,760.0,－－－－－－－－－－,20.0,0.0,0.0,30.0,0.0,50.0,-2290.0,3150.0,yonden
2019,7,2019-07-24,23:00,2960.0,880.0,3550.0,740.0,－－－－－－－－－－,20.0,0.0,0.0,20.0,0.0,50.0,-2300.0,2960.0,yonden
2019,7,2019-07-25,00:00,2740.0,880.0,3550.0,760.0,－－－－－－－－－－,20.0,0.0,0.0,10.0,0.0,50.0,-2530.0,2740.0,yonden
2019,7,2019-07-25,01:00,2620.0,880.0,3510.0,750.0,－－－－－－－－－－,20.0,0.0,0.0,0.0,0.0,50.0,-2590.0,2620.0,yonden
2019,7,2019-07-25,02:00,2650.0,880.0,3490.0,760.0,－－－－－－－－－－,20.0,0.0,0.0,0.0,0.0,50.0,-2550.0,2650.0,yonden
2019,7,2019-07-25,03:00,2780.0,880.0,3520.0,760.0,－－－－－－－－－－,20.0,0.0,0.0,0.0,0.0,50.0,-2450.0,2780.0,yonden
2019,7,2019-07-25,04:00,2900.0,880.0,3530.0,760.0,－－－－－－－－－－,20.0,0.0,0.0,0.0,0.0,50.0,-2340.0,2900.0,yonden
2019,7,2019-07-25,05:00,2970.0,880.0,3580.0,760.0,－－－－－－－－－－,20.0,50.0,0.0,0.0,0.0,50.0,-2370.0,2970.0,yonden
2019,7,2019-07-25,06:00,2970.0,880.0,3480.0,740.0,－－－－－－－－－－,20.0,280.0,0.0,0.0,0.0,50.0,-2480.0,2970.0,yonden
2019,7,2019-07-25,07:00,3140.0,880.0,3370.0,760.0,－－－－－－－－－－,20.0,630.0,0.0,0.0,0.0,50.0,-2570.0,3140.0,yonden
2019,7,2019-07-25,08:00,3730.0,880.0,3540.0,760.0,－－－－－－－－－－,20.0,1010.0,0.0,0.0,0.0,50.0,-2530.0,3730.0,yonden
2019,7,2019-07-25,09:00,4090.0,880.0,3700.0,750.0,－－－－－－－－－－,20.0,1260.0,0.0,0.0,0.0,50.0,-2570.0,4090.0,yonden
2019,7,2019-07-25,10:00,4230.0,880.0,3620.0,740.0,－－－－－－－－－－,20.0,1480.0,0.0,10.0,0.0,50.0,-2570.0,4230.0,yonden
2019,7,2019-07-25,11:00,4350.0,880.0,3590.0,750.0,－－－－－－－－－－,20.0,1540.0,0.0,0.0,0.0,50.0,-2480.0,4350.0,yonden
2019,7,2019-07-25,12:00,4280.0,880.0,3650.0,740.0,－－－－－－－－－－,20.0,1500.0,0.0,0.0,0.0,50.0,-2560.0,4280.0,yonden
2019,7,2019-07-25,13:00,4450.0,880.0,3740.0,740.0,－－－－－－－－－－,20.0,1390.0,0.0,10.0,0.0,50.0,-2380.0,4450.0,yonden
2019,7,2019-07-25,14:00,4500.0,880.0,3990.0,760.0,－－－－－－－－－－,20.0,1350.0,0.0,20.0,0.0,50.0,-2570.0,4500.0,yonden
2019,7,2019-07-25,15:00,4470.0,880.0,4250.0,760.0,－－－－－－－－－－,20.0,1060.0,0.0,30.0,0.0,50.0,-2580.0,4470.0,yonden
2019,7,2019-07-25,16:00,4430.0,880.0,4630.0,750.0,－－－－－－－－－－,20.0,610.0,0.0,40.0,0.0,50.0,-2550.0,4430.0,yonden
2019,7,2019-07-25,17:00,4250.0,880.0,4690.0,760.0,－－－－－－－－－－,20.0,300.0,0.0,50.0,0.0,130.0,-2580.0,4250.0,yonden
2019,7,2019-07-25,18:00,4150.0,880.0,4600.0,760.0,－－－－－－－－－－,20.0,70.0,0.0,60.0,0.0,200.0,-2440.0,4150.0,yonden
2019,7,2019-07-25,19:00,4020.0,880.0,4610.0,760.0,－－－－－－－－－－,20.0,0.0,0.0,60.0,0.0,80.0,-2390.0,4020.0,yonden
2019,7,2019-07-25,20:00,3790.0,880.0,4400.0,750.0,－－－－－－－－－－,20.0,0.0,0.0,60.0,0.0,60.0,-2380.0,3790.0,yonden
2019,7,2019-07-25,21:00,3520.0,880.0,4050.0,760.0,－－－－－－－－－－,20.0,0.0,0.0,80.0,0.0,50.0,-2320.0,3520.0,yonden
2019,7,2019-07-25,22:00,3250.0,880.0,3900.0,760.0,－－－－－－－－－－,20.0,0.0,0.0,90.0,0.0,50.0,-2450.0,3250.0,yonden
2019,7,2019-07-25,23:00,3060.0,880.0,3650.0,760.0,－－－－－－－－－－,20.0,0.0,0.0,80.0,0.0,50.0,-2380.0,3060.0,yonden
2019,7,2019-07-26,00:00,2800.0,880.0,3450.0,750.0,－－－－－－－－－－,20.0,0.0,0.0,60.0,0.0,50.0,-2410.0,2800.0,yonden
2019,7,2019-07-26,01:00,2660.0,880.0,3390.0,740.0,－－－－－－－－－－,20.0,0.0,0.0,40.0,0.0,40.0,-2450.0,2660.0,yonden
2019,7,2019-07-26,02:00,2690.0,880.0,3440.0,760.0,－－－－－－－－－－,20.0,0.0,0.0,40.0,0.0,40.0,-2490.0,2690.0,yonden
2019,7,2019-07-26,03:00,2790.0,880.0,3500.0,770.0,－－－－－－－－－－,20.0,0.0,0.0,30.0,0.0,50.0,-2460.0,2790.0,yonden
2019,7,2019-07-26,04:00,2900.0,880.0,3480.0,750.0,－－－－－－－－－－,20.0,0.0,0.0,30.0,0.0,50.0,-2310.0,2900.0,yonden
2019,7,2019-07-26,05:00,2970.0,880.0,3430.0,750.0,－－－－－－－－－－,20.0,50.0,0.0,30.0,0.0,50.0,-2240.0,2970.0,yonden
2019,7,2019-07-26,06:00,2980.0,880.0,3370.0,730.0,－－－－－－－－－－,20.0,280.0,0.0,40.0,0.0,50.0,-2390.0,2980.0,yonden
2019,7,2019-07-26,07:00,3140.0,880.0,3400.0,750.0,－－－－－－－－－－,20.0,560.0,0.0,40.0,0.0,50.0,-2560.0,3140.0,yonden
2019,7,2019-07-26,08:00,3740.0,880.0,3700.0,750.0,－－－－－－－－－－,20.0,890.0,0.0,20.0,0.0,50.0,-2570.0,3740.0,yonden
2019,7,2019-07-26,09:00,4080.0,880.0,3720.0,750.0,－－－－－－－－－－,20.0,1230.0,0.0,10.0,0.0,50.0,-2580.0,4080.0,yonden
2019,7,2019-07-26,10:00,4300.0,880.0,3610.0,750.0,－－－－－－－－－－,20.0,1550.0,0.0,10.0,0.0,-80.0,-2440.0,4300.0,yonden
2019,7,2019-07-26,11:00,4470.0,880.0,3770.0,760.0,－－－－－－－－－－,20.0,1640.0,0.0,10.0,0.0,-260.0,-2350.0,4470.0,yonden
2019,7,2019-07-26,12:00,4340.0,880.0,3710.0,730.0,－－－－－－－－－－,20.0,1530.0,0.0,10.0,0.0,-170.0,-2370.0,4340.0,yonden
2019,7,2019-07-26,13:00,4470.0,880.0,3840.0,730.0,－－－－－－－－－－,20.0,1360.0,0.0,10.0,0.0,40.0,-2410.0,4470.0,yonden
2019,7,2019-07-26,14:00,4460.0,880.0,4040.0,750.0,－－－－－－－－－－,20.0,1270.0,0.0,10.0,0.0,40.0,-2550.0,4460.0,yonden
2019,7,2019-07-26,15:00,4410.0,880.0,4100.0,760.0,－－－－－－－－－－,20.0,1060.0,0.0,20.0,0.0,40.0,-2470.0,4410.0,yonden
2019,7,2019-07-26,16:00,4420.0,880.0,4410.0,750.0,－－－－－－－－－－,20.0,720.0,0.0,10.0,0.0,30.0,-2400.0,4420.0,yonden
2019,7,2019-07-26,17:00,4330.0,880.0,4530.0,760.0,－－－－－－－－－－,20.0,400.0,0.0,20.0,0.0,210.0,-2490.0,4330.0,yonden
2019,7,2019-07-26,18:00,4160.0,880.0,4530.0,760.0,－－－－－－－－－－,20.0,100.0,0.0,20.0,0.0,300.0,-2450.0,4160.0,yonden
2019,7,2019-07-26,19:00,3980.0,880.0,4510.0,750.0,－－－－－－－－－－,20.0,0.0,0.0,20.0,0.0,240.0,-2440.0,3980.0,yonden
2019,7,2019-07-26,20:00,3760.0,880.0,4370.0,760.0,－－－－－－－－－－,20.0,0.0,0.0,30.0,0.0,260.0,-2560.0,3760.0,yonden
2019,7,2019-07-26,21:00,3510.0,880.0,4320.0,750.0,－－－－－－－－－－,20.0,0.0,0.0,30.0,0.0,60.0,-2550.0,3510.0,yonden
2019,7,2019-07-26,22:00,3240.0,880.0,3920.0,740.0,－－－－－－－－－－,20.0,0.0,0.0,30.0,0.0,50.0,-2400.0,3240.0,yonden
2019,7,2019-07-26,23:00,3070.0,880.0,3580.0,740.0,－－－－－－－－－－,20.0,0.0,0.0,30.0,0.0,50.0,-2230.0,3070.0,yonden
2019,7,2019-07-27,00:00,2840.0,880.0,3320.0,720.0,－－－－－－－－－－,20.0,0.0,0.0,30.0,0.0,40.0,-2170.0,2840.0,yonden
2019,7,2019-07-27,01:00,2700.0,880.0,3280.0,720.0,－－－－－－－－－－,20.0,0.0,0.0,30.0,0.0,20.0,-2250.0,2700.0,yonden
2019,7,2019-07-27,02:00,2700.0,880.0,3290.0,730.0,－－－－－－－－－－,20.0,0.0,0.0,40.0,0.0,20.0,-2280.0,2700.0,yonden
2019,7,2019-07-27,03:00,2800.0,880.0,3300.0,750.0,－－－－－－－－－－,10.0,0.0,0.0,40.0,0.0,40.0,-2220.0,2800.0,yonden
2019,7,2019-07-27,04:00,2900.0,880.0,3250.0,750.0,－－－－－－－－－－,10.0,0.0,0.0,40.0,0.0,40.0,-2070.0,2900.0,yonden
2019,7,2019-07-27,05:00,2920.0,880.0,3170.0,740.0,－－－－－－－－－－,20.0,50.0,0.0,50.0,0.0,30.0,-2020.0,2920.0,yonden
2019,7,2019-07-27,06:00,2850.0,880.0,3130.0,740.0,－－－－－－－－－－,20.0,250.0,0.0,50.0,0.0,30.0,-2250.0,2850.0,yonden
2019,7,2019-07-27,07:00,2930.0,880.0,3110.0,720.0,－－－－－－－－－－,20.0,590.0,0.0,40.0,0.0,30.0,-2460.0,2930.0,yonden
2019,7,2019-07-27,08:00,3370.0,880.0,3280.0,750.0,－－－－－－－－－－,20.0,970.0,0.0,20.0,0.0,30.0,-2580.0,3370.0,yonden
2019,7,2019-07-27,09:00,3690.0,880.0,3260.0,740.0,－－－－－－－－－－,20.0,1350.0,0.0,0.0,0.0,30.0,-2590.0,3690.0,yonden
2019,7,2019-07-27,10:00,3850.0,880.0,3170.0,740.0,－－－－－－－－－－,20.0,1530.0,0.0,0.0,0.0,30.0,-2520.0,3850.0,yonden
2019,7,2019-07-27,11:00,3950.0,880.0,3180.0,740.0,－－－－－－－－－－,20.0,1630.0,0.0,0.0,0.0,30.0,-2530.0,3950.0,yonden
2019,7,2019-07-27,12:00,3960.0,880.0,3130.0,710.0,－－－－－－－－－－,20.0,1650.0,0.0,0.0,0.0,30.0,-2460.0,3960.0,yonden
2019,7,2019-07-27,13:00,4020.0,880.0,3410.0,720.0,－－－－－－－－－－,20.0,1490.0,0.0,10.0,0.0,50.0,-2560.0,4020.0,yonden
2019,7,2019-07-27,14:00,3920.0,880.0,3500.0,730.0,－－－－－－－－－－,20.0,1220.0,0.0,20.0,0.0,30.0,-2480.0,3920.0,yonden
2019,7,2019-07-27,15:00,3790.0,880.0,3470.0,730.0,－－－－－－－－－－,20.0,870.0,0.0,30.0,0.0,20.0,-2230.0,3790.0,yonden
2019,7,2019-07-27,16:00,3760.0,880.0,3590.0,740.0,－－－－－－－－－－,20.0,520.0,0.0,50.0,0.0,30.0,-2070.0,3760.0,yonden
2019,7,2019-07-27,17:00,3730.0,880.0,3740.0,740.0,－－－－－－－－－－,20.0,240.0,0.0,50.0,0.0,50.0,-1990.0,3730.0,yonden
2019,7,2019-07-27,18:00,3760.0,880.0,3780.0,730.0,－－－－－－－－－－,20.0,60.0,0.0,40.0,0.0,240.0,-1990.0,3760.0,yonden
2019,7,2019-07-27,19:00,3720.0,880.0,3780.0,730.0,－－－－－－－－－－,20.0,0.0,0.0,40.0,0.0,290.0,-2020.0,3720.0,yonden
2019,7,2019-07-27,20:00,3550.0,880.0,3770.0,720.0,－－－－－－－－－－,20.0,0.0,0.0,40.0,0.0,220.0,-2100.0,3550.0,yonden
2019,7,2019-07-27,21:00,3330.0,880.0,3730.0,710.0,－－－－－－－－－－,20.0,0.0,0.0,30.0,0.0,110.0,-2150.0,3330.0,yonden
2019,7,2019-07-27,22:00,3080.0,880.0,3530.0,700.0,－－－－－－－－－－,20.0,0.0,0.0,40.0,0.0,20.0,-2110.0,3080.0,yonden
2019,7,2019-07-27,23:00,2920.0,880.0,3270.0,680.0,－－－－－－－－－－,20.0,0.0,0.0,50.0,0.0,20.0,-2000.0,2920.0,yonden
2019,7,2019-07-28,00:00,2700.0,880.0,3280.0,650.0,－－－－－－－－－－,20.0,0.0,0.0,50.0,0.0,30.0,-2210.0,2700.0,yonden
2019,7,2019-07-28,01:00,2570.0,880.0,3270.0,680.0,－－－－－－－－－－,20.0,0.0,0.0,40.0,0.0,40.0,-2360.0,2570.0,yonden
2019,7,2019-07-28,02:00,2570.0,880.0,3200.0,670.0,－－－－－－－－－－,20.0,0.0,0.0,30.0,0.0,30.0,-2260.0,2570.0,yonden
2019,7,2019-07-28,03:00,2680.0,880.0,3100.0,660.0,－－－－－－－－－－,20.0,0.0,0.0,30.0,0.0,30.0,-2040.0,2680.0,yonden
2019,7,2019-07-28,04:00,2760.0,880.0,3070.0,670.0,－－－－－－－－－－,20.0,0.0,0.0,20.0,0.0,30.0,-1930.0,2760.0,yonden
2019,7,2019-07-28,05:00,2790.0,880.0,3100.0,650.0,－－－－－－－－－－,20.0,40.0,0.0,10.0,0.0,-160.0,-1750.0,2790.0,yonden
2019,7,2019-07-28,06:00,2690.0,880.0,3000.0,640.0,－－－－－－－－－－,20.0,260.0,0.0,20.0,0.0,-300.0,-1830.0,2690.0,yonden
2019,7,2019-07-28,07:00,2720.0,880.0,3140.0,660.0,－－－－－－－－－－,20.0,600.0,0.0,20.0,0.0,-470.0,-2130.0,2720.0,yonden
2019,7,2019-07-28,08:00,3010.0,880.0,3100.0,670.0,－－－－－－－－－－,20.0,920.0,0.0,30.0,0.0,-280.0,-2330.0,3010.0,yonden
2019,7,2019-07-28,09:00,3270.0,880.0,3110.0,690.0,－－－－－－－－－－,20.0,1200.0,0.0,20.0,0.0,-260.0,-2390.0,3270.0,yonden
2019,7,2019-07-28,10:00,3440.0,880.0,3130.0,700.0,－－－－－－－－－－,20.0,1430.0,0.0,20.0,0.0,-270.0,-2470.0,3440.0,yonden
2019,7,2019-07-28,11:00,3580.0,880.0,3240.0,670.0,－－－－－－－－－－,20.0,1460.0,0.0,30.0,0.0,-260.0,-2460.0,3580.0,yonden
2019,7,2019-07-28,12:00,3700.0,880.0,3310.0,660.0,－－－－－－－－－－,20.0,1410.0,0.0,30.0,0.0,-280.0,-2330.0,3700.0,yonden
2019,7,2019-07-28,13:00,3610.0,880.0,3300.0,690.0,－－－－－－－－－－,20.0,1250.0,0.0,30.0,0.0,-280.0,-2280.0,3610.0,yonden
2019,7,2019-07-28,14:00,3600.0,880.0,3290.0,670.0,－－－－－－－－－－,20.0,1170.0,0.0,40.0,0.0,-160.0,-2310.0,3600.0,yonden
2019,7,2019-07-28,15:00,3540.0,880.0,3280.0,660.0,－－－－－－－－－－,20.0,860.0,0.0,50.0,0.0,20.0,-2230.0,3540.0,yonden
2019,7,2019-07-28,16:00,3600.0,880.0,3400.0,720.0,－－－－－－－－－－,20.0,560.0,0.0,60.0,0.0,40.0,-2080.0,3600.0,yonden
2019,7,2019-07-28,17:00,3710.0,880.0,3540.0,690.0,－－－－－－－－－－,20.0,320.0,0.0,60.0,0.0,10.0,-1810.0,3710.0,yonden
2019,7,2019-07-28,18:00,3720.0,880.0,3530.0,700.0,－－－－－－－－－－,20.0,100.0,0.0,50.0,0.0,30.0,-1590.0,3720.0,yonden
2019,7,2019-07-28,19:00,3610.0,880.0,3380.0,690.0,－－－－－－－－－－,20.0,0.0,0.0,60.0,0.0,40.0,-1460.0,3610.0,yonden
2019,7,2019-07-28,20:00,3440.0,880.0,3370.0,700.0,－－－－－－－－－－,20.0,0.0,0.0,60.0,0.0,20.0,-1610.0,3440.0,yonden
2019,7,2019-07-28,21:00,3250.0,880.0,3380.0,670.0,－－－－－－－－－－,20.0,0.0,0.0,60.0,0.0,30.0,-1790.0,3250.0,yonden
2019,7,2019-07-28,22:00,3000.0,880.0,3260.0,660.0,－－－－－－－－－－,20.0,0.0,0.0,60.0,0.0,20.0,-1900.0,3000.0,yonden
2019,7,2019-07-28,23:00,2820.0,880.0,3210.0,640.0,－－－－－－－－－－,20.0,0.0,0.0,60.0,0.0,30.0,-2020.0,2820.0,yonden
2019,7,2019-07-29,00:00,2600.0,880.0,3200.0,650.0,－－－－－－－－－－,20.0,0.0,0.0,60.0,0.0,30.0,-2240.0,2600.0,yonden
2019,7,2019-07-29,01:00,2470.0,880.0,3240.0,650.0,－－－－－－－－－－,20.0,0.0,0.0,60.0,0.0,20.0,-2400.0,2470.0,yonden
2019,7,2019-07-29,02:00,2500.0,880.0,3330.0,640.0,－－－－－－－－－－,20.0,0.0,0.0,50.0,0.0,20.0,-2440.0,2500.0,yonden
2019,7,2019-07-29,03:00,2590.0,880.0,3360.0,650.0,－－－－－－－－－－,20.0,0.0,0.0,40.0,0.0,30.0,-2390.0,2590.0,yonden
2019,7,2019-07-29,04:00,2720.0,880.0,3390.0,640.0,－－－－－－－－－－,20.0,0.0,0.0,40.0,0.0,30.0,-2280.0,2720.0,yonden
2019,7,2019-07-29,05:00,2810.0,880.0,3370.0,620.0,－－－－－－－－－－,20.0,50.0,0.0,40.0,0.0,20.0,-2190.0,2810.0,yonden
2019,7,2019-07-29,06:00,2870.0,880.0,3320.0,620.0,－－－－－－－－－－,20.0,310.0,0.0,40.0,0.0,-150.0,-2170.0,2870.0,yonden
2019,7,2019-07-29,07:00,3130.0,880.0,3360.0,620.0,－－－－－－－－－－,20.0,650.0,0.0,40.0,0.0,-280.0,-2160.0,3130.0,yonden
2019,7,2019-07-29,08:00,3840.0,880.0,3430.0,640.0,－－－－－－－－－－,20.0,1030.0,0.0,40.0,0.0,-40.0,-2160.0,3840.0,yonden
2019,7,2019-07-29,09:00,4280.0,880.0,3490.0,660.0,－－－－－－－－－－,20.0,1320.0,0.0,40.0,0.0,30.0,-2160.0,4280.0,yonden
2019,7,2019-07-29,10:00,4460.0,880.0,3470.0,660.0,－－－－－－－－－－,20.0,1540.0,0.0,40.0,0.0,30.0,-2180.0,4460.0,yonden
2019,7,2019-07-29,11:00,4660.0,880.0,3640.0,660.0,－－－－－－－－－－,20.0,1640.0,0.0,30.0,0.0,30.0,-2240.0,4660.0,yonden
2019,7,2019-07-29,12:00,4530.0,880.0,3610.0,620.0,－－－－－－－－－－,20.0,1660.0,0.0,30.0,0.0,20.0,-2310.0,4530.0,yonden
2019,7,2019-07-29,13:00,4730.0,880.0,3800.0,670.0,－－－－－－－－－－,20.0,1560.0,0.0,40.0,0.0,20.0,-2260.0,4730.0,yonden
2019,7,2019-07-29,14:00,4720.0,880.0,4140.0,680.0,－－－－－－－－－－,20.0,1330.0,0.0,40.0,0.0,20.0,-2390.0,4720.0,yonden
2019,7,2019-07-29,15:00,4690.0,880.0,4500.0,700.0,－－－－－－－－－－,20.0,990.0,0.0,50.0,0.0,30.0,-2480.0,4690.0,yonden
2019,7,2019-07-29,16:00,4700.0,880.0,4750.0,700.0,－－－－－－－－－－,20.0,600.0,0.0,40.0,0.0,40.0,-2330.0,4700.0,yonden
2019,7,2019-07-29,17:00,4510.0,880.0,4700.0,650.0,－－－－－－－－－－,20.0,290.0,0.0,30.0,0.0,240.0,-2300.0,4510.0,yonden
2019,7,2019-07-29,18:00,4310.0,880.0,4640.0,700.0,－－－－－－－－－－,20.0,60.0,0.0,20.0,0.0,170.0,-2180.0,4310.0,yonden
2019,7,2019-07-29,19:00,4140.0,880.0,4570.0,680.0,－－－－－－－－－－,20.0,0.0,0.0,10.0,0.0,160.0,-2180.0,4140.0,yonden
2019,7,2019-07-29,20:00,3900.0,880.0,4530.0,660.0,－－－－－－－－－－,20.0,0.0,0.0,10.0,0.0,30.0,-2230.0,3900.0,yonden
2019,7,2019-07-29,21:00,3620.0,880.0,4240.0,600.0,－－－－－－－－－－,20.0,0.0,0.0,10.0,0.0,20.0,-2150.0,3620.0,yonden
2019,7,2019-07-29,22:00,3320.0,880.0,3890.0,590.0,－－－－－－－－－－,20.0,0.0,0.0,10.0,0.0,20.0,-2090.0,3320.0,yonden
2019,7,2019-07-29,23:00,3110.0,880.0,3710.0,560.0,－－－－－－－－－－,20.0,0.0,0.0,30.0,0.0,0.0,-2090.0,3110.0,yonden
2019,7,2019-07-30,00:00,2860.0,880.0,3700.0,520.0,－－－－－－－－－－,20.0,0.0,0.0,20.0,0.0,0.0,-2280.0,2860.0,yonden
2019,7,2019-07-30,01:00,2710.0,880.0,3600.0,510.0,－－－－－－－－－－,20.0,0.0,0.0,20.0,0.0,0.0,-2320.0,2710.0,yonden
2019,7,2019-07-30,02:00,2700.0,880.0,3480.0,520.0,－－－－－－－－－－,20.0,0.0,0.0,20.0,0.0,20.0,-2240.0,2700.0,yonden
2019,7,2019-07-30,03:00,2820.0,880.0,3530.0,550.0,－－－－－－－－－－,20.0,0.0,0.0,20.0,0.0,30.0,-2210.0,2820.0,yonden
2019,7,2019-07-30,04:00,2920.0,880.0,3580.0,570.0,－－－－－－－－－－,20.0,0.0,0.0,10.0,0.0,30.0,-2170.0,2920.0,yonden
2019,7,2019-07-30,05:00,3020.0,880.0,3630.0,540.0,－－－－－－－－－－,20.0,50.0,0.0,0.0,0.0,10.0,-2110.0,3020.0,yonden
2019,7,2019-07-30,06:00,3090.0,880.0,3680.0,570.0,－－－－－－－－－－,20.0,310.0,0.0,10.0,0.0,-120.0,-2260.0,3090.0,yonden
2019,7,2019-07-30,07:00,3340.0,880.0,3700.0,630.0,－－－－－－－－－－,20.0,680.0,0.0,0.0,0.0,-260.0,-2310.0,3340.0,yonden
2019,7,2019-07-30,08:00,4020.0,880.0,3890.0,670.0,－－－－－－－－－－,20.0,1050.0,0.0,0.0,0.0,10.0,-2500.0,4020.0,yonden
2019,7,2019-07-30,09:00,4430.0,880.0,4070.0,670.0,－－－－－－－－－－,20.0,1340.0,0.0,0.0,0.0,30.0,-2580.0,4430.0,yonden
2019,7,2019-07-30,10:00,4580.0,880.0,4050.0,640.0,－－－－－－－－－－,20.0,1530.0,0.0,0.0,0.0,20.0,-2560.0,4580.0,yonden
2019,7,2019-07-30,11:00,4740.0,880.0,4150.0,630.0,－－－－－－－－－－,20.0,1580.0,0.0,0.0,0.0,30.0,-2550.0,4740.0,yonden
2019,7,2019-07-30,12:00,4670.0,880.0,4230.0,560.0,－－－－－－－－－－,20.0,1450.0,0.0,0.0,0.0,20.0,-2490.0,4670.0,yonden
2019,7,2019-07-30,13:00,4820.0,880.0,4580.0,560.0,－－－－－－－－－－,20.0,1180.0,0.0,0.0,0.0,20.0,-2420.0,4820.0,yonden
2019,7,2019-07-30,14:00,4800.0,880.0,4660.0,560.0,－－－－－－－－－－,20.0,960.0,0.0,10.0,0.0,10.0,-2300.0,4800.0,yonden
2019,7,2019-07-30,15:00,4680.0,880.0,4640.0,570.0,－－－－－－－－－－,20.0,780.0,0.0,20.0,0.0,10.0,-2240.0,4680.0,yonden
2019,7,2019-07-30,16:00,4680.0,880.0,4630.0,680.0,－－－－－－－－－－,20.0,550.0,0.0,30.0,0.0,150.0,-2260.0,4680.0,yonden
2019,7,2019-07-30,17:00,4550.0,880.0,4630.0,700.0,－－－－－－－－－－,20.0,290.0,0.0,40.0,0.0,220.0,-2230.0,4550.0,yonden
2019,7,2019-07-30,18:00,4420.0,880.0,4640.0,700.0,－－－－－－－－－－,20.0,70.0,0.0,50.0,0.0,310.0,-2250.0,4420.0,yonden
2019,7,2019-07-30,19:00,4270.0,880.0,4630.0,700.0,－－－－－－－－－－,20.0,0.0,0.0,60.0,0.0,280.0,-2300.0,4270.0,yonden
2019,7,2019-07-30,20:00,4030.0,880.0,4620.0,700.0,－－－－－－－－－－,20.0,0.0,0.0,70.0,0.0,190.0,-2450.0,4030.0,yonden
2019,7,2019-07-30,21:00,3740.0,880.0,4440.0,610.0,－－－－－－－－－－,20.0,0.0,0.0,60.0,0.0,30.0,-2300.0,3740.0,yonden
2019,7,2019-07-30,22:00,3430.0,880.0,4120.0,530.0,－－－－－－－－－－,20.0,0.0,0.0,60.0,0.0,20.0,-2200.0,3430.0,yonden
2019,7,2019-07-30,23:00,3200.0,880.0,3990.0,500.0,－－－－－－－－－－,20.0,0.0,0.0,60.0,0.0,0.0,-2250.0,3200.0,yonden
2019,7,2019-07-31,00:00,2940.0,880.0,3980.0,530.0,－－－－－－－－－－,20.0,0.0,0.0,60.0,0.0,-30.0,-2500.0,2940.0,yonden
2019,7,2019-07-31,01:00,2760.0,880.0,3810.0,490.0,－－－－－－－－－－,20.0,0.0,0.0,50.0,0.0,-290.0,-2200.0,2760.0,yonden
2019,7,2019-07-31,02:00,2740.0,880.0,3640.0,530.0,－－－－－－－－－－,20.0,0.0,0.0,40.0,0.0,-280.0,-2090.0,2740.0,yonden
2019,7,2019-07-31,03:00,2820.0,880.0,3580.0,570.0,－－－－－－－－－－,20.0,0.0,0.0,20.0,0.0,-260.0,-1990.0,2820.0,yonden
2019,7,2019-07-31,04:00,2940.0,880.0,3500.0,580.0,－－－－－－－－－－,20.0,0.0,0.0,20.0,0.0,0.0,-2060.0,2940.0,yonden
2019,7,2019-07-31,05:00,3040.0,880.0,3600.0,540.0,－－－－－－－－－－,20.0,50.0,0.0,10.0,0.0,10.0,-2070.0,3040.0,yonden
2019,7,2019-07-31,06:00,3130.0,880.0,3640.0,520.0,－－－－－－－－－－,20.0,320.0,0.0,10.0,0.0,-110.0,-2150.0,3130.0,yonden
2019,7,2019-07-31,07:00,3360.0,880.0,3750.0,580.0,－－－－－－－－－－,20.0,660.0,0.0,0.0,0.0,-270.0,-2260.0,3360.0,yonden
2019,7,2019-07-31,08:00,4010.0,880.0,3900.0,690.0,－－－－－－－－－－,20.0,1020.0,0.0,0.0,0.0,20.0,-2520.0,4010.0,yonden
2019,7,2019-07-31,09:00,4390.0,880.0,3990.0,680.0,－－－－－－－－－－,20.0,1350.0,0.0,0.0,0.0,30.0,-2560.0,4390.0,yonden
2019,7,2019-07-31,10:00,4550.0,880.0,3990.0,650.0,－－－－－－－－－－,20.0,1590.0,0.0,0.0,0.0,0.0,-2580.0,4550.0,yonden
2019,7,2019-07-31,11:00,4700.0,880.0,4090.0,590.0,－－－－－－－－－－,20.0,1690.0,0.0,10.0,0.0,0.0,-2580.0,4700.0,yonden
2019,7,2019-07-31,12:00,4600.0,880.0,4010.0,470.0,－－－－－－－－－－,20.0,1700.0,0.0,10.0,0.0,10.0,-2500.0,4600.0,yonden
2019,7,2019-07-31,13:00,4850.0,880.0,4250.0,470.0,－－－－－－－－－－,20.0,1640.0,0.0,0.0,0.0,10.0,-2420.0,4850.0,yonden
2019,7,2019-07-31,14:00,4860.0,880.0,4370.0,540.0,－－－－－－－－－－,20.0,1440.0,0.0,0.0,0.0,10.0,-2400.0,4860.0,yonden
2019,7,2019-07-31,15:00,4810.0,880.0,4520.0,620.0,－－－－－－－－－－,20.0,1090.0,0.0,10.0,0.0,30.0,-2360.0,4810.0,yonden
2019,7,2019-07-31,16:00,4800.0,880.0,4770.0,680.0,－－－－－－－－－－,20.0,670.0,0.0,20.0,0.0,270.0,-2510.0,4800.0,yonden
2019,7,2019-07-31,17:00,4670.0,880.0,4740.0,660.0,－－－－－－－－－－,20.0,330.0,0.0,30.0,0.0,290.0,-2280.0,4670.0,yonden
2019,7,2019-07-31,18:00,4510.0,880.0,4720.0,710.0,－－－－－－－－－－,20.0,90.0,0.0,30.0,0.0,270.0,-2210.0,4510.0,yonden
2019,7,2019-07-31,19:00,4340.0,880.0,4740.0,700.0,－－－－－－－－－－,20.0,0.0,0.0,40.0,0.0,200.0,-2240.0,4340.0,yonden
2019,7,2019-07-31,20:00,4110.0,880.0,4680.0,680.0,－－－－－－－－－－,20.0,0.0,0.0,50.0,0.0,40.0,-2240.0,4110.0,yonden
2019,7,2019-07-31,21:00,3810.0,880.0,4450.0,600.0,－－－－－－－－－－,20.0,0.0,0.0,50.0,0.0,0.0,-2190.0,3810.0,yonden
2019,7,2019-07-31,22:00,3510.0,880.0,4300.0,500.0,－－－－－－－－－－,20.0,0.0,0.0,50.0,0.0,0.0,-2240.0,3510.0,yonden
2019,7,2019-07-31,23:00,3270.0,880.0,4090.0,500.0,－－－－－－－－－－,20.0,0.0,0.0,40.0,0.0,0.0,-2260.0,3270.0,yonden
2019,8,2019-08-01,00:00,2980.0,880.0,3820.0,480.0,－－－－－－－－－－,20.0,0.0,0.0,30.0,0.0,0.0,-2250.0,2980.0,yonden
2019,8,2019-08-01,01:00,2810.0,880.0,3750.0,480.0,－－－－－－－－－－,20.0,0.0,0.0,30.0,0.0,-50.0,-2300.0,2810.0,yonden
2019,8,2019-08-01,02:00,2770.0,880.0,3600.0,520.0,－－－－－－－－－－,20.0,0.0,0.0,30.0,0.0,-300.0,-1980.0,2770.0,yonden
2019,8,2019-08-01,03:00,2830.0,880.0,3540.0,550.0,－－－－－－－－－－,20.0,0.0,0.0,20.0,0.0,-290.0,-1890.0,2830.0,yonden
2019,8,2019-08-01,04:00,2950.0,880.0,3550.0,620.0,－－－－－－－－－－,20.0,0.0,0.0,20.0,0.0,-290.0,-1850.0,2950.0,yonden
2019,8,2019-08-01,05:00,3030.0,880.0,3560.0,580.0,－－－－－－－－－－,20.0,40.0,0.0,10.0,0.0,-20.0,-2040.0,3030.0,yonden
2019,8,2019-08-01,06:00,3080.0,880.0,3500.0,490.0,－－－－－－－－－－,20.0,270.0,0.0,0.0,0.0,0.0,-2080.0,3080.0,yonden
2019,8,2019-08-01,07:00,3340.0,880.0,3490.0,530.0,－－－－－－－－－－,20.0,580.0,0.0,0.0,0.0,0.0,-2160.0,3340.0,yonden
2019,8,2019-08-01,08:00,4010.0,880.0,3680.0,640.0,－－－－－－－－－－,20.0,1010.0,0.0,0.0,0.0,10.0,-2230.0,4010.0,yonden
2019,8,2019-08-01,09:00,4450.0,880.0,3860.0,680.0,－－－－－－－－－－,20.0,1360.0,0.0,0.0,0.0,10.0,-2360.0,4450.0,yonden
2019,8,2019-08-01,10:00,4620.0,880.0,4000.0,660.0,－－－－－－－－－－,20.0,1580.0,0.0,0.0,0.0,0.0,-2520.0,4620.0,yonden
2019,8,2019-08-01,11:00,4760.0,880.0,4070.0,600.0,－－－－－－－－－－,20.0,1690.0,0.0,0.0,0.0,0.0,-2500.0,4760.0,yonden
2019,8,2019-08-01,12:00,4680.0,880.0,3950.0,470.0,－－－－－－－－－－,20.0,1720.0,0.0,0.0,0.0,10.0,-2370.0,4680.0,yonden
2019,8,2019-08-01,13:00,4880.0,880.0,4270.0,480.0,－－－－－－－－－－,10.0,1610.0,0.0,0.0,0.0,10.0,-2380.0,4880.0,yonden
2019,8,2019-08-01,14:00,4890.0,880.0,4540.0,500.0,－－－－－－－－－－,20.0,1400.0,0.0,0.0,0.0,0.0,-2450.0,4890.0,yonden
2019,8,2019-08-01,15:00,4790.0,880.0,4800.0,590.0,－－－－－－－－－－,20.0,930.0,0.0,0.0,0.0,40.0,-2470.0,4790.0,yonden
2019,8,2019-08-01,16:00,4830.0,880.0,4780.0,680.0,－－－－－－－－－－,20.0,660.0,0.0,0.0,0.0,310.0,-2500.0,4830.0,yonden
2019,8,2019-08-01,17:00,4750.0,880.0,4760.0,690.0,－－－－－－－－－－,20.0,350.0,0.0,0.0,0.0,380.0,-2330.0,4750.0,yonden
2019,8,2019-08-01,18:00,4600.0,880.0,4750.0,670.0,－－－－－－－－－－,20.0,90.0,0.0,10.0,0.0,430.0,-2250.0,4600.0,yonden
2019,8,2019-08-01,19:00,4390.0,880.0,4770.0,660.0,－－－－－－－－－－,20.0,0.0,0.0,10.0,0.0,340.0,-2290.0,4390.0,yonden
2019,8,2019-08-01,20:00,4130.0,880.0,4700.0,650.0,－－－－－－－－－－,20.0,0.0,0.0,20.0,0.0,50.0,-2190.0,4130.0,yonden
2019,8,2019-08-01,21:00,3820.0,880.0,4540.0,580.0,－－－－－－－－－－,20.0,0.0,0.0,20.0,0.0,50.0,-2270.0,3820.0,yonden
2019,8,2019-08-01,22:00,3490.0,880.0,4170.0,500.0,－－－－－－－－－－,20.0,0.0,0.0,20.0,0.0,20.0,-2120.0,3490.0,yonden
2019,8,2019-08-01,23:00,3250.0,880.0,4060.0,470.0,－－－－－－－－－－,20.0,0.0,0.0,20.0,0.0,0.0,-2200.0,3250.0,yonden
2019,8,2019-08-02,00:00,2970.0,880.0,3790.0,490.0,－－－－－－－－－－,20.0,0.0,0.0,10.0,0.0,0.0,-2220.0,2970.0,yonden
2019,8,2019-08-02,01:00,2780.0,880.0,3790.0,500.0,－－－－－－－－－－,20.0,0.0,0.0,10.0,0.0,-270.0,-2150.0,2780.0,yonden
2019,8,2019-08-02,02:00,2760.0,880.0,3680.0,510.0,－－－－－－－－－－,20.0,0.0,0.0,0.0,0.0,-300.0,-2030.0,2760.0,yonden
2019,8,2019-08-02,03:00,2830.0,880.0,3620.0,550.0,－－－－－－－－－－,20.0,0.0,0.0,0.0,0.0,-290.0,-1950.0,2830.0,yonden
2019,8,2019-08-02,04:00,2940.0,880.0,3740.0,540.0,－－－－－－－－－－,20.0,0.0,0.0,0.0,0.0,-290.0,-1950.0,2940.0,yonden
2019,8,2019-08-02,05:00,3050.0,880.0,3780.0,520.0,－－－－－－－－－－,20.0,50.0,0.0,0.0,0.0,-290.0,-1910.0,3050.0,yonden
2019,8,2019-08-02,06:00,3140.0,880.0,3690.0,530.0,－－－－－－－－－－,20.0,300.0,0.0,0.0,0.0,-290.0,-1990.0,3140.0,yonden
2019,8,2019-08-02,07:00,3410.0,880.0,3810.0,560.0,－－－－－－－－－－,20.0,670.0,0.0,0.0,0.0,-290.0,-2240.0,3410.0,yonden
2019,8,2019-08-02,08:00,4100.0,880.0,4060.0,560.0,－－－－－－－－－－,20.0,1060.0,0.0,0.0,0.0,-30.0,-2450.0,4100.0,yonden
2019,8,2019-08-02,09:00,4540.0,880.0,4240.0,570.0,－－－－－－－－－－,20.0,1390.0,0.0,0.0,0.0,0.0,-2560.0,4540.0,yonden
2019,8,2019-08-02,10:00,4710.0,880.0,4260.0,540.0,－－－－－－－－－－,20.0,1600.0,0.0,0.0,0.0,0.0,-2590.0,4710.0,yonden
2019,8,2019-08-02,11:00,4860.0,880.0,4340.0,480.0,－－－－－－－－－－,20.0,1710.0,0.0,0.0,0.0,10.0,-2580.0,4860.0,yonden
2019,8,2019-08-02,12:00,4770.0,880.0,4290.0,410.0,－－－－－－－－－－,20.0,1740.0,0.0,0.0,0.0,0.0,-2570.0,4770.0,yonden
2019,8,2019-08-02,13:00,4980.0,880.0,4470.0,440.0,－－－－－－－－－－,20.0,1660.0,0.0,10.0,0.0,10.0,-2510.0,4980.0,yonden
2019,8,2019-08-02,14:00,5010.0,880.0,4650.0,490.0,－－－－－－－－－－,20.0,1460.0,0.0,10.0,0.0,40.0,-2540.0,5010.0,yonden
2019,8,2019-08-02,15:00,4940.0,880.0,4750.0,560.0,－－－－－－－－－－,20.0,1090.0,0.0,10.0,0.0,100.0,-2470.0,4940.0,yonden
2019,8,2019-08-02,16:00,4930.0,880.0,4770.0,610.0,－－－－－－－－－－,20.0,690.0,0.0,10.0,0.0,460.0,-2510.0,4930.0,yonden
2019,8,2019-08-02,17:00,4740.0,880.0,4770.0,660.0,－－－－－－－－－－,20.0,330.0,0.0,20.0,0.0,470.0,-2410.0,4740.0,yonden
2019,8,2019-08-02,18:00,4550.0,880.0,4770.0,670.0,－－－－－－－－－－,20.0,60.0,0.0,20.0,0.0,540.0,-2410.0,4550.0,yonden
2019,8,2019-08-02,19:00,4380.0,880.0,4750.0,640.0,－－－－－－－－－－,20.0,0.0,0.0,30.0,0.0,430.0,-2370.0,4380.0,yonden
2019,8,2019-08-02,20:00,4120.0,880.0,4740.0,610.0,－－－－－－－－－－,20.0,0.0,0.0,30.0,0.0,290.0,-2450.0,4120.0,yonden
2019,8,2019-08-02,21:00,3810.0,880.0,4620.0,470.0,－－－－－－－－－－,20.0,0.0,0.0,20.0,0.0,20.0,-2220.0,3810.0,yonden
2019,8,2019-08-02,22:00,3510.0,880.0,4330.0,450.0,－－－－－－－－－－,20.0,0.0,0.0,20.0,0.0,0.0,-2190.0,3510.0,yonden
2019,8,2019-08-02,23:00,3280.0,880.0,4160.0,450.0,－－－－－－－－－－,20.0,0.0,0.0,10.0,0.0,0.0,-2240.0,3280.0,yonden
2019,8,2019-08-03,00:00,2980.0,880.0,3570.0,420.0,－－－－－－－－－－,20.0,0.0,0.0,0.0,0.0,10.0,-1920.0,2980.0,yonden
2019,8,2019-08-03,01:00,2810.0,880.0,3460.0,420.0,－－－－－－－－－－,20.0,0.0,0.0,0.0,0.0,0.0,-1970.0,2810.0,yonden
2019,8,2019-08-03,02:00,2790.0,880.0,3460.0,370.0,－－－－－－－－－－,20.0,0.0,0.0,0.0,0.0,0.0,-1940.0,2790.0,yonden
2019,8,2019-08-03,03:00,2850.0,880.0,3420.0,340.0,－－－－－－－－－－,20.0,0.0,0.0,0.0,0.0,0.0,-1810.0,2850.0,yonden
2019,8,2019-08-03,04:00,2930.0,880.0,3410.0,330.0,－－－－－－－－－－,20.0,0.0,0.0,0.0,0.0,0.0,-1710.0,2930.0,yonden
2019,8,2019-08-03,05:00,2990.0,880.0,3460.0,320.0,－－－－－－－－－－,20.0,40.0,0.0,0.0,0.0,0.0,-1730.0,2990.0,yonden
2019,8,2019-08-03,06:00,2980.0,880.0,3470.0,350.0,－－－－－－－－－－,20.0,270.0,0.0,0.0,0.0,-130.0,-1880.0,2980.0,yonden
2019,8,2019-08-03,07:00,3110.0,880.0,3510.0,370.0,－－－－－－－－－－,20.0,570.0,0.0,0.0,0.0,-300.0,-1940.0,3110.0,yonden
2019,8,2019-08-03,08:00,3610.0,880.0,3610.0,390.0,－－－－－－－－－－,20.0,920.0,0.0,0.0,0.0,-300.0,-1910.0,3610.0,yonden
2019,8,2019-08-03,09:00,3980.0,880.0,3680.0,440.0,－－－－－－－－－－,20.0,1240.0,0.0,0.0,0.0,-10.0,-2270.0,3980.0,yonden
2019,8,2019-08-03,10:00,4160.0,880.0,3690.0,390.0,－－－－－－－－－－,20.0,1480.0,0.0,0.0,0.0,10.0,-2310.0,4160.0,yonden
2019,8,2019-08-03,11:00,4290.0,880.0,3740.0,360.0,－－－－－－－－－－,20.0,1610.0,0.0,0.0,0.0,0.0,-2320.0,4290.0,yonden
2019,8,2019-08-03,12:00,4290.0,880.0,3730.0,330.0,－－－－－－－－－－,20.0,1650.0,0.0,10.0,0.0,0.0,-2330.0,4290.0,yonden
2019,8,2019-08-03,13:00,4400.0,880.0,3820.0,300.0,－－－－－－－－－－,20.0,1540.0,0.0,10.0,0.0,20.0,-2190.0,4400.0,yonden
2019,8,2019-08-03,14:00,4360.0,880.0,3890.0,330.0,－－－－－－－－－－,20.0,1250.0,0.0,20.0,0.0,40.0,-2070.0,4360.0,yonden
2019,8,2019-08-03,15:00,4270.0,880.0,4040.0,390.0,－－－－－－－－－－,20.0,900.0,0.0,20.0,0.0,30.0,-2010.0,4270.0,yonden
2019,8,2019-08-03,16:00,4190.0,880.0,4170.0,460.0,－－－－－－－－－－,20.0,520.0,0.0,20.0,0.0,40.0,-1920.0,4190.0,yonden
2019,8,2019-08-03,17:00,4090.0,880.0,4170.0,480.0,－－－－－－－－－－,20.0,280.0,0.0,20.0,0.0,30.0,-1790.0,4090.0,yonden
2019,8,2019-08-03,18:00,3990.0,880.0,4100.0,500.0,－－－－－－－－－－,20.0,70.0,0.0,20.0,0.0,40.0,-1640.0,3990.0,yonden
2019,8,2019-08-03,19:00,3860.0,880.0,4100.0,440.0,－－－－－－－－－－,20.0,0.0,0.0,20.0,0.0,20.0,-1620.0,3860.0,yonden
2019,8,2019-08-03,20:00,3670.0,880.0,4060.0,430.0,－－－－－－－－－－,20.0,0.0,0.0,30.0,0.0,0.0,-1750.0,3670.0,yonden
2019,8,2019-08-03,21:00,3440.0,880.0,3890.0,400.0,－－－－－－－－－－,20.0,0.0,0.0,30.0,0.0,0.0,-1780.0,3440.0,yonden
2019,8,2019-08-03,22:00,3200.0,880.0,3620.0,380.0,－－－－－－－－－－,20.0,0.0,0.0,30.0,0.0,0.0,-1730.0,3200.0,yonden
2019,8,2019-08-03,23:00,3040.0,880.0,3620.0,340.0,－－－－－－－－－－,20.0,0.0,0.0,20.0,0.0,0.0,-1840.0,3040.0,yonden
2019,8,2019-08-04,00:00,2780.0,880.0,3460.0,350.0,－－－－－－－－－－,20.0,0.0,0.0,10.0,0.0,0.0,-1940.0,2780.0,yonden
2019,8,2019-08-04,01:00,2640.0,880.0,3440.0,340.0,－－－－－－－－－－,20.0,0.0,0.0,10.0,0.0,0.0,-2050.0,2640.0,yonden
2019,8,2019-08-04,02:00,2610.0,880.0,3400.0,340.0,－－－－－－－－－－,20.0,0.0,0.0,10.0,0.0,0.0,-2040.0,2610.0,yonden
2019,8,2019-08-04,03:00,2700.0,880.0,3370.0,400.0,－－－－－－－－－－,20.0,0.0,0.0,10.0,0.0,0.0,-1980.0,2700.0,yonden
2019,8,2019-08-04,04:00,2770.0,880.0,3370.0,400.0,－－－－－－－－－－,20.0,0.0,0.0,0.0,0.0,0.0,-1900.0,2770.0,yonden
2019,8,2019-08-04,05:00,2830.0,880.0,3360.0,360.0,－－－－－－－－－－,20.0,40.0,0.0,10.0,0.0,0.0,-1840.0,2830.0,yonden
2019,8,2019-08-04,06:00,2750.0,880.0,3150.0,330.0,－－－－－－－－－－,20.0,270.0,0.0,0.0,0.0,-260.0,-1640.0,2750.0,yonden
2019,8,2019-08-04,07:00,2770.0,880.0,3330.0,320.0,－－－－－－－－－－,20.0,620.0,0.0,0.0,0.0,-570.0,-1830.0,2770.0,yonden
2019,8,2019-08-04,08:00,3070.0,880.0,3210.0,290.0,－－－－－－－－－－,20.0,1020.0,0.0,0.0,0.0,-300.0,-2050.0,3070.0,yonden
2019,8,2019-08-04,09:00,3360.0,880.0,3250.0,320.0,－－－－－－－－－－,20.0,1320.0,0.0,0.0,0.0,-300.0,-2130.0,3360.0,yonden
2019,8,2019-08-04,10:00,3510.0,880.0,3240.0,330.0,－－－－－－－－－－,20.0,1510.0,0.0,0.0,0.0,-290.0,-2180.0,3510.0,yonden
2019,8,2019-08-04,11:00,3610.0,880.0,3180.0,310.0,－－－－－－－－－－,20.0,1650.0,0.0,10.0,0.0,-290.0,-2150.0,3610.0,yonden
2019,8,2019-08-04,12:00,3690.0,880.0,3040.0,310.0,－－－－－－－－－－,20.0,1700.0,0.0,0.0,0.0,-290.0,-1970.0,3690.0,yonden
2019,8,2019-08-04,13:00,3690.0,880.0,3210.0,330.0,－－－－－－－－－－,20.0,1620.0,0.0,0.0,0.0,-270.0,-2100.0,3690.0,yonden
2019,8,2019-08-04,14:00,3690.0,880.0,3360.0,320.0,－－－－－－－－－－,20.0,1450.0,0.0,0.0,0.0,0.0,-2340.0,3690.0,yonden
2019,8,2019-08-04,15:00,3670.0,880.0,3520.0,330.0,－－－－－－－－－－,20.0,1140.0,0.0,0.0,0.0,0.0,-2220.0,3670.0,yonden
2019,8,2019-08-04,16:00,3720.0,880.0,3660.0,380.0,－－－－－－－－－－,20.0,740.0,0.0,10.0,0.0,40.0,-2010.0,3720.0,yonden
2019,8,2019-08-04,17:00,3770.0,880.0,3770.0,470.0,－－－－－－－－－－,20.0,330.0,0.0,10.0,0.0,40.0,-1750.0,3770.0,yonden
2019,8,2019-08-04,18:00,3770.0,880.0,3760.0,490.0,－－－－－－－－－－,20.0,70.0,0.0,10.0,0.0,50.0,-1510.0,3770.0,yonden
2019,8,2019-08-04,19:00,3720.0,880.0,3760.0,440.0,－－－－－－－－－－,20.0,0.0,0.0,10.0,0.0,50.0,-1440.0,3720.0,yonden
2019,8,2019-08-04,20:00,3560.0,880.0,3730.0,420.0,－－－－－－－－－－,20.0,0.0,0.0,20.0,0.0,40.0,-1550.0,3560.0,yonden
2019,8,2019-08-04,21:00,3330.0,880.0,3700.0,400.0,－－－－－－－－－－,20.0,0.0,0.0,10.0,0.0,40.0,-1720.0,3330.0,yonden
2019,8,2019-08-04,22:00,3080.0,880.0,3620.0,340.0,－－－－－－－－－－,20.0,0.0,0.0,10.0,0.0,10.0,-1800.0,3080.0,yonden
2019,8,2019-08-04,23:00,2900.0,880.0,3580.0,320.0,－－－－－－－－－－,20.0,0.0,0.0,0.0,0.0,0.0,-1900.0,2900.0,yonden
2019,8,2019-08-05,00:00,2660.0,880.0,3480.0,370.0,－－－－－－－－－－,20.0,0.0,0.0,10.0,0.0,0.0,-2100.0,2660.0,yonden
2019,8,2019-08-05,01:00,2520.0,880.0,3510.0,380.0,－－－－－－－－－－,20.0,0.0,0.0,10.0,0.0,0.0,-2280.0,2520.0,yonden
2019,8,2019-08-05,02:00,2520.0,880.0,3540.0,350.0,－－－－－－－－－－,20.0,0.0,0.0,0.0,0.0,20.0,-2290.0,2520.0,yonden
2019,8,2019-08-05,03:00,2610.0,880.0,3550.0,380.0,－－－－－－－－－－,20.0,0.0,0.0,0.0,0.0,20.0,-2240.0,2610.0,yonden
2019,8,2019-08-05,04:00,2730.0,880.0,3580.0,410.0,－－－－－－－－－－,20.0,0.0,0.0,10.0,0.0,30.0,-2200.0,2730.0,yonden
2019,8,2019-08-05,05:00,2870.0,880.0,3740.0,450.0,－－－－－－－－－－,20.0,40.0,0.0,10.0,0.0,40.0,-2310.0,2870.0,yonden
2019,8,2019-08-05,06:00,3000.0,880.0,3700.0,400.0,－－－－－－－－－－,20.0,310.0,0.0,0.0,0.0,-110.0,-2200.0,3000.0,yonden
2019,8,2019-08-05,07:00,3270.0,880.0,3720.0,420.0,－－－－－－－－－－,10.0,680.0,0.0,0.0,0.0,-280.0,-2160.0,3270.0,yonden
2019,8,2019-08-05,08:00,3950.0,880.0,3720.0,430.0,－－－－－－－－－－,10.0,1050.0,0.0,10.0,0.0,-20.0,-2130.0,3950.0,yonden
2019,8,2019-08-05,09:00,4410.0,880.0,4020.0,420.0,－－－－－－－－－－,10.0,1420.0,0.0,20.0,0.0,10.0,-2370.0,4410.0,yonden
2019,8,2019-08-05,10:00,4580.0,880.0,4060.0,380.0,－－－－－－－－－－,10.0,1650.0,0.0,30.0,0.0,0.0,-2430.0,4580.0,yonden
2019,8,2019-08-05,11:00,4740.0,880.0,4090.0,400.0,－－－－－－－－－－,10.0,1750.0,0.0,30.0,0.0,0.0,-2420.0,4740.0,yonden
2019,8,2019-08-05,12:00,4730.0,880.0,4270.0,370.0,－－－－－－－－－－,10.0,1700.0,0.0,50.0,0.0,10.0,-2560.0,4730.0,yonden
2019,8,2019-08-05,13:00,4910.0,880.0,4500.0,390.0,－－－－－－－－－－,10.0,1380.0,0.0,50.0,0.0,10.0,-2310.0,4910.0,yonden
2019,8,2019-08-05,14:00,4870.0,880.0,4700.0,420.0,－－－－－－－－－－,10.0,930.0,0.0,50.0,0.0,0.0,-2120.0,4870.0,yonden
2019,8,2019-08-05,15:00,4730.0,880.0,4790.0,520.0,－－－－－－－－－－,10.0,570.0,0.0,50.0,0.0,110.0,-2200.0,4730.0,yonden
2019,8,2019-08-05,16:00,4620.0,880.0,4770.0,580.0,－－－－－－－－－－,10.0,260.0,0.0,50.0,0.0,160.0,-2090.0,4620.0,yonden
2019,8,2019-08-05,17:00,4380.0,880.0,4560.0,650.0,－－－－－－－－－－,10.0,90.0,0.0,50.0,0.0,250.0,-2110.0,4380.0,yonden
2019,8,2019-08-05,18:00,4280.0,880.0,4520.0,650.0,－－－－－－－－－－,10.0,20.0,0.0,50.0,0.0,350.0,-2200.0,4280.0,yonden
2019,8,2019-08-05,19:00,4160.0,880.0,4560.0,620.0,－－－－－－－－－－,10.0,0.0,0.0,60.0,0.0,330.0,-2300.0,4160.0,yonden
2019,8,2019-08-05,20:00,3910.0,880.0,4490.0,560.0,－－－－－－－－－－,10.0,0.0,0.0,60.0,0.0,90.0,-2180.0,3910.0,yonden
2019,8,2019-08-05,21:00,3650.0,880.0,4240.0,470.0,－－－－－－－－－－,10.0,0.0,0.0,60.0,0.0,20.0,-2030.0,3650.0,yonden
2019,8,2019-08-05,22:00,3370.0,880.0,3970.0,490.0,－－－－－－－－－－,10.0,0.0,0.0,40.0,0.0,10.0,-2030.0,3370.0,yonden
2019,8,2019-08-05,23:00,3180.0,880.0,3780.0,470.0,－－－－－－－－－－,10.0,0.0,0.0,40.0,0.0,20.0,-2020.0,3180.0,yonden
2019,8,2019-08-06,00:00,2910.0,880.0,3650.0,530.0,－－－－－－－－－－,10.0,0.0,0.0,60.0,0.0,20.0,-2240.0,2910.0,yonden
2019,8,2019-08-06,01:00,2760.0,880.0,3700.0,530.0,－－－－－－－－－－,10.0,0.0,0.0,40.0,0.0,10.0,-2410.0,2760.0,yonden
2019,8,2019-08-06,02:00,2760.0,880.0,3670.0,530.0,－－－－－－－－－－,10.0,0.0,0.0,40.0,0.0,20.0,-2390.0,2760.0,yonden
2019,8,2019-08-06,03:00,2830.0,880.0,3580.0,520.0,－－－－－－－－－－,10.0,0.0,0.0,40.0,0.0,20.0,-2220.0,2830.0,yonden
2019,8,2019-08-06,04:00,2960.0,880.0,3530.0,600.0,－－－－－－－－－－,10.0,0.0,0.0,50.0,0.0,50.0,-2160.0,2960.0,yonden
2019,8,2019-08-06,05:00,3070.0,880.0,3520.0,610.0,－－－－－－－－－－,10.0,20.0,0.0,50.0,0.0,60.0,-2080.0,3070.0,yonden
2019,8,2019-08-06,06:00,3040.0,880.0,3630.0,550.0,－－－－－－－－－－,10.0,20.0,0.0,60.0,0.0,60.0,-2170.0,3040.0,yonden
2019,8,2019-08-06,07:00,3180.0,880.0,3900.0,550.0,－－－－－－－－－－,10.0,60.0,0.0,60.0,0.0,50.0,-2330.0,3180.0,yonden
2019,8,2019-08-06,08:00,3810.0,880.0,4210.0,570.0,－－－－－－－－－－,10.0,150.0,0.0,80.0,0.0,50.0,-2140.0,3810.0,yonden
2019,8,2019-08-06,09:00,4160.0,880.0,4440.0,600.0,－－－－－－－－－－,10.0,330.0,0.0,90.0,0.0,60.0,-2250.0,4160.0,yonden
2019,8,2019-08-06,10:00,4390.0,880.0,4600.0,620.0,－－－－－－－－－－,10.0,430.0,0.0,90.0,0.0,60.0,-2300.0,4390.0,yonden
2019,8,2019-08-06,11:00,4460.0,880.0,4590.0,620.0,－－－－－－－－－－,10.0,500.0,0.0,100.0,0.0,60.0,-2300.0,4460.0,yonden
2019,8,2019-08-06,12:00,4250.0,880.0,4490.0,610.0,－－－－－－－－－－,10.0,550.0,0.0,100.0,0.0,60.0,-2450.0,4250.0,yonden
2019,8,2019-08-06,13:00,4340.0,880.0,4290.0,600.0,－－－－－－－－－－,10.0,500.0,0.0,110.0,0.0,60.0,-2110.0,4340.0,yonden
2019,8,2019-08-06,14:00,4280.0,880.0,4210.0,590.0,－－－－－－－－－－,10.0,380.0,0.0,120.0,0.0,50.0,-1960.0,4280.0,yonden
2019,8,2019-08-06,15:00,4210.0,880.0,4380.0,590.0,－－－－－－－－－－,10.0,230.0,0.0,120.0,0.0,50.0,-2050.0,4210.0,yonden
2019,8,2019-08-06,16:00,4150.0,880.0,4200.0,610.0,－－－－－－－－－－,10.0,140.0,0.0,140.0,0.0,50.0,-1880.0,4150.0,yonden
2019,8,2019-08-06,17:00,4040.0,880.0,4060.0,690.0,－－－－－－－－－－,10.0,100.0,0.0,140.0,0.0,50.0,-1890.0,4040.0,yonden
2019,8,2019-08-06,18:00,3990.0,880.0,4020.0,730.0,－－－－－－－－－－,10.0,20.0,0.0,140.0,0.0,60.0,-1870.0,3990.0,yonden
2019,8,2019-08-06,19:00,3880.0,880.0,3910.0,730.0,－－－－－－－－－－,10.0,0.0,0.0,130.0,0.0,50.0,-1830.0,3880.0,yonden
2019,8,2019-08-06,20:00,3670.0,880.0,3850.0,680.0,－－－－－－－－－－,10.0,0.0,0.0,130.0,0.0,60.0,-1940.0,3670.0,yonden
2019,8,2019-08-06,21:00,3420.0,880.0,3710.0,640.0,－－－－－－－－－－,10.0,0.0,0.0,120.0,0.0,60.0,-2000.0,3420.0,yonden
2019,8,2019-08-06,22:00,3170.0,880.0,3520.0,610.0,－－－－－－－－－－,10.0,0.0,0.0,120.0,0.0,60.0,-2030.0,3170.0,yonden
2019,8,2019-08-06,23:00,3020.0,880.0,3530.0,610.0,－－－－－－－－－－,10.0,0.0,0.0,110.0,0.0,60.0,-2180.0,3020.0,yonden
2019,8,2019-08-07,00:00,2800.0,880.0,3560.0,650.0,－－－－－－－－－－,10.0,0.0,0.0,110.0,0.0,60.0,-2470.0,2800.0,yonden
2019,8,2019-08-07,01:00,2670.0,880.0,3570.0,650.0,－－－－－－－－－－,10.0,0.0,0.0,100.0,0.0,50.0,-2590.0,2670.0,yonden
2019,8,2019-08-07,02:00,2680.0,880.0,3540.0,650.0,－－－－－－－－－－,10.0,0.0,0.0,80.0,0.0,60.0,-2540.0,2680.0,yonden
2019,8,2019-08-07,03:00,2770.0,880.0,3520.0,660.0,－－－－－－－－－－,10.0,0.0,0.0,70.0,0.0,60.0,-2430.0,2770.0,yonden
2019,8,2019-08-07,04:00,2890.0,880.0,3430.0,660.0,－－－－－－－－－－,10.0,0.0,0.0,80.0,0.0,60.0,-2230.0,2890.0,yonden
2019,8,2019-08-07,05:00,3000.0,880.0,3420.0,660.0,－－－－－－－－－－,10.0,30.0,0.0,70.0,0.0,60.0,-2130.0,3000.0,yonden
2019,8,2019-08-07,06:00,3000.0,880.0,3450.0,650.0,－－－－－－－－－－,10.0,190.0,0.0,60.0,0.0,60.0,-2300.0,3000.0,yonden
2019,8,2019-08-07,07:00,3210.0,880.0,3500.0,650.0,－－－－－－－－－－,10.0,420.0,0.0,40.0,0.0,60.0,-2350.0,3210.0,yonden
2019,8,2019-08-07,08:00,3870.0,880.0,3740.0,650.0,－－－－－－－－－－,10.0,570.0,0.0,40.0,0.0,60.0,-2080.0,3870.0,yonden
2019,8,2019-08-07,09:00,4220.0,880.0,3880.0,680.0,－－－－－－－－－－,10.0,710.0,0.0,40.0,0.0,50.0,-2030.0,4220.0,yonden
2019,8,2019-08-07,10:00,4360.0,880.0,3860.0,670.0,－－－－－－－－－－,10.0,930.0,0.0,40.0,0.0,60.0,-2090.0,4360.0,yonden
2019,8,2019-08-07,11:00,4470.0,880.0,3730.0,680.0,－－－－－－－－－－,10.0,1170.0,0.0,50.0,0.0,50.0,-2100.0,4470.0,yonden
2019,8,2019-08-07,12:00,4360.0,880.0,3720.0,650.0,－－－－－－－－－－,10.0,1230.0,0.0,70.0,0.0,50.0,-2250.0,4360.0,yonden
2019,8,2019-08-07,13:00,4540.0,880.0,3880.0,690.0,－－－－－－－－－－,10.0,1100.0,0.0,60.0,0.0,60.0,-2140.0,4540.0,yonden
2019,8,2019-08-07,14:00,4540.0,880.0,4000.0,650.0,－－－－－－－－－－,10.0,1020.0,0.0,50.0,0.0,60.0,-2130.0,4540.0,yonden
2019,8,2019-08-07,15:00,4430.0,880.0,4000.0,660.0,－－－－－－－－－－,10.0,870.0,0.0,60.0,0.0,60.0,-2110.0,4430.0,yonden
2019,8,2019-08-07,16:00,4440.0,880.0,4130.0,730.0,－－－－－－－－－－,10.0,610.0,0.0,40.0,0.0,60.0,-2020.0,4440.0,yonden
2019,8,2019-08-07,17:00,4310.0,880.0,4180.0,770.0,－－－－－－－－－－,10.0,310.0,0.0,40.0,0.0,60.0,-1940.0,4310.0,yonden
2019,8,2019-08-07,18:00,4190.0,880.0,4300.0,770.0,－－－－－－－－－－,10.0,70.0,0.0,40.0,0.0,60.0,-1940.0,4190.0,yonden
2019,8,2019-08-07,19:00,4040.0,880.0,4220.0,770.0,－－－－－－－－－－,10.0,0.0,0.0,40.0,0.0,50.0,-1930.0,4040.0,yonden
2019,8,2019-08-07,20:00,3810.0,880.0,4160.0,760.0,－－－－－－－－－－,10.0,0.0,0.0,50.0,0.0,60.0,-2110.0,3810.0,yonden
2019,8,2019-08-07,21:00,3540.0,880.0,3880.0,760.0,－－－－－－－－－－,10.0,0.0,0.0,60.0,0.0,60.0,-2110.0,3540.0,yonden
2019,8,2019-08-07,22:00,3250.0,880.0,3620.0,760.0,－－－－－－－－－－,10.0,0.0,0.0,70.0,0.0,50.0,-2140.0,3250.0,yonden
2019,8,2019-08-07,23:00,3070.0,880.0,3590.0,750.0,－－－－－－－－－－,10.0,0.0,0.0,80.0,0.0,60.0,-2300.0,3070.0,yonden
2019,8,2019-08-08,00:00,2800.0,880.0,3480.0,730.0,－－－－－－－－－－,10.0,0.0,0.0,70.0,0.0,50.0,-2420.0,2800.0,yonden
2019,8,2019-08-08,01:00,2640.0,880.0,3470.0,750.0,－－－－－－－－－－,10.0,0.0,0.0,50.0,0.0,50.0,-2570.0,2640.0,yonden
2019,8,2019-08-08,02:00,2660.0,880.0,3460.0,740.0,－－－－－－－－－－,10.0,0.0,0.0,40.0,0.0,60.0,-2530.0,2660.0,yonden
2019,8,2019-08-08,03:00,2740.0,880.0,3390.0,750.0,－－－－－－－－－－,10.0,0.0,0.0,30.0,0.0,60.0,-2380.0,2740.0,yonden
2019,8,2019-08-08,04:00,2850.0,880.0,3410.0,740.0,－－－－－－－－－－,10.0,0.0,0.0,30.0,0.0,50.0,-2270.0,2850.0,yonden
2019,8,2019-08-08,05:00,2950.0,880.0,3420.0,740.0,－－－－－－－－－－,10.0,40.0,0.0,40.0,0.0,60.0,-2240.0,2950.0,yonden
2019,8,2019-08-08,06:00,3030.0,880.0,3540.0,720.0,－－－－－－－－－－,10.0,310.0,0.0,20.0,0.0,-80.0,-2370.0,3030.0,yonden
2019,8,2019-08-08,07:00,3250.0,880.0,3720.0,740.0,－－－－－－－－－－,10.0,690.0,0.0,20.0,0.0,-250.0,-2560.0,3250.0,yonden
2019,8,2019-08-08,08:00,3880.0,880.0,3590.0,740.0,－－－－－－－－－－,10.0,1070.0,0.0,0.0,0.0,-40.0,-2370.0,3880.0,yonden
2019,8,2019-08-08,09:00,4290.0,880.0,3590.0,760.0,－－－－－－－－－－,10.0,1370.0,0.0,10.0,0.0,60.0,-2390.0,4290.0,yonden
2019,8,2019-08-08,10:00,4440.0,880.0,3690.0,750.0,－－－－－－－－－－,10.0,1580.0,0.0,10.0,0.0,60.0,-2540.0,4440.0,yonden
2019,8,2019-08-08,11:00,4610.0,880.0,3730.0,760.0,－－－－－－－－－－,10.0,1710.0,0.0,10.0,0.0,60.0,-2550.0,4610.0,yonden
2019,8,2019-08-08,12:00,4530.0,880.0,3620.0,760.0,－－－－－－－－－－,10.0,1770.0,0.0,10.0,0.0,60.0,-2580.0,4530.0,yonden
2019,8,2019-08-08,13:00,4740.0,880.0,3760.0,760.0,－－－－－－－－－－,10.0,1680.0,0.0,10.0,0.0,60.0,-2420.0,4740.0,yonden
2019,8,2019-08-08,14:00,4760.0,880.0,4030.0,730.0,－－－－－－－－－－,10.0,1450.0,0.0,10.0,0.0,60.0,-2410.0,4760.0,yonden
2019,8,2019-08-08,15:00,4710.0,880.0,4390.0,740.0,－－－－－－－－－－,10.0,1110.0,0.0,10.0,0.0,60.0,-2490.0,4710.0,yonden
2019,8,2019-08-08,16:00,4680.0,880.0,4580.0,760.0,－－－－－－－－－－,10.0,660.0,0.0,20.0,0.0,60.0,-2290.0,4680.0,yonden
2019,8,2019-08-08,17:00,4400.0,880.0,4480.0,770.0,－－－－－－－－－－,10.0,270.0,0.0,30.0,0.0,60.0,-2100.0,4400.0,yonden
2019,8,2019-08-08,18:00,4260.0,880.0,4410.0,760.0,－－－－－－－－－－,10.0,40.0,0.0,40.0,0.0,60.0,-1940.0,4260.0,yonden
2019,8,2019-08-08,19:00,4160.0,880.0,4330.0,770.0,－－－－－－－－－－,10.0,0.0,0.0,40.0,0.0,60.0,-1930.0,4160.0,yonden
2019,8,2019-08-08,20:00,3920.0,880.0,4260.0,770.0,－－－－－－－－－－,10.0,0.0,0.0,40.0,0.0,60.0,-2100.0,3920.0,yonden
2019,8,2019-08-08,21:00,3640.0,880.0,4090.0,760.0,－－－－－－－－－－,20.0,0.0,0.0,30.0,0.0,60.0,-2200.0,3640.0,yonden
2019,8,2019-08-08,22:00,3330.0,880.0,3780.0,750.0,－－－－－－－－－－,20.0,0.0,0.0,20.0,0.0,60.0,-2180.0,3330.0,yonden
2019,8,2019-08-08,23:00,3120.0,880.0,3760.0,760.0,－－－－－－－－－－,20.0,0.0,0.0,20.0,0.0,60.0,-2380.0,3120.0,yonden
2019,8,2019-08-09,00:00,2850.0,880.0,3690.0,730.0,－－－－－－－－－－,20.0,0.0,0.0,20.0,0.0,60.0,-2550.0,2850.0,yonden
2019,8,2019-08-09,01:00,2660.0,880.0,3540.0,730.0,－－－－－－－－－－,20.0,0.0,0.0,10.0,0.0,60.0,-2580.0,2660.0,yonden
2019,8,2019-08-09,02:00,2660.0,880.0,3530.0,740.0,－－－－－－－－－－,20.0,0.0,0.0,10.0,0.0,60.0,-2580.0,2660.0,yonden
2019,8,2019-08-09,03:00,2740.0,880.0,3550.0,740.0,－－－－－－－－－－,20.0,0.0,0.0,10.0,0.0,60.0,-2520.0,2740.0,yonden
2019,8,2019-08-09,04:00,2840.0,880.0,3600.0,740.0,－－－－－－－－－－,20.0,0.0,0.0,10.0,0.0,50.0,-2460.0,2840.0,yonden
2019,8,2019-08-09,05:00,2930.0,880.0,3650.0,740.0,－－－－－－－－－－,20.0,30.0,0.0,10.0,0.0,60.0,-2460.0,2930.0,yonden
2019,8,2019-08-09,06:00,2970.0,880.0,3520.0,720.0,－－－－－－－－－－,20.0,280.0,0.0,10.0,0.0,60.0,-2520.0,2970.0,yonden
2019,8,2019-08-09,07:00,3160.0,880.0,3410.0,730.0,－－－－－－－－－－,20.0,620.0,0.0,10.0,0.0,60.0,-2570.0,3160.0,yonden
2019,8,2019-08-09,08:00,3800.0,880.0,3580.0,740.0,－－－－－－－－－－,20.0,1010.0,0.0,0.0,0.0,60.0,-2490.0,3800.0,yonden
2019,8,2019-08-09,09:00,4210.0,880.0,3540.0,760.0,－－－－－－－－－－,20.0,1340.0,0.0,0.0,0.0,60.0,-2390.0,4210.0,yonden
2019,8,2019-08-09,10:00,4400.0,880.0,3560.0,760.0,－－－－－－－－－－,20.0,1570.0,0.0,0.0,0.0,60.0,-2450.0,4400.0,yonden
2019,8,2019-08-09,11:00,4570.0,880.0,3700.0,750.0,－－－－－－－－－－,20.0,1670.0,0.0,0.0,0.0,60.0,-2510.0,4570.0,yonden
2019,8,2019-08-09,12:00,4480.0,880.0,3650.0,740.0,－－－－－－－－－－,20.0,1680.0,0.0,10.0,0.0,60.0,-2560.0,4480.0,yonden
2019,8,2019-08-09,13:00,4670.0,880.0,3740.0,750.0,－－－－－－－－－－,20.0,1640.0,0.0,10.0,0.0,60.0,-2430.0,4670.0,yonden
2019,8,2019-08-09,14:00,4690.0,880.0,4000.0,760.0,－－－－－－－－－－,20.0,1380.0,0.0,10.0,0.0,60.0,-2420.0,4690.0,yonden
2019,8,2019-08-09,15:00,4620.0,880.0,4240.0,770.0,－－－－－－－－－－,20.0,1040.0,0.0,10.0,0.0,60.0,-2400.0,4620.0,yonden
2019,8,2019-08-09,16:00,4550.0,880.0,4500.0,770.0,－－－－－－－－－－,20.0,620.0,0.0,10.0,0.0,60.0,-2310.0,4550.0,yonden
2019,8,2019-08-09,17:00,4360.0,880.0,4310.0,750.0,－－－－－－－－－－,20.0,300.0,0.0,10.0,0.0,200.0,-2110.0,4360.0,yonden
2019,8,2019-08-09,18:00,4170.0,880.0,4190.0,770.0,－－－－－－－－－－,20.0,40.0,0.0,20.0,0.0,200.0,-1950.0,4170.0,yonden
2019,8,2019-08-09,19:00,4030.0,880.0,4090.0,770.0,－－－－－－－－－－,20.0,0.0,0.0,20.0,0.0,200.0,-1950.0,4030.0,yonden
2019,8,2019-08-09,20:00,3800.0,880.0,4080.0,760.0,－－－－－－－－－－,20.0,0.0,0.0,20.0,0.0,180.0,-2140.0,3800.0,yonden
2019,8,2019-08-09,21:00,3520.0,880.0,3970.0,750.0,－－－－－－－－－－,20.0,0.0,0.0,30.0,0.0,50.0,-2180.0,3520.0,yonden
2019,8,2019-08-09,22:00,3250.0,880.0,3800.0,680.0,－－－－－－－－－－,20.0,0.0,0.0,20.0,0.0,40.0,-2190.0,3250.0,yonden
2019,8,2019-08-09,23:00,3050.0,880.0,3700.0,750.0,－－－－－－－－－－,20.0,0.0,0.0,20.0,0.0,50.0,-2370.0,3050.0,yonden
2019,8,2019-08-10,00:00,2780.0,880.0,3590.0,700.0,－－－－－－－－－－,20.0,0.0,0.0,20.0,0.0,40.0,-2470.0,2780.0,yonden
2019,8,2019-08-10,01:00,2610.0,880.0,3440.0,680.0,－－－－－－－－－－,20.0,0.0,0.0,20.0,0.0,40.0,-2470.0,2610.0,yonden
2019,8,2019-08-10,02:00,2590.0,880.0,3390.0,670.0,－－－－－－－－－－,20.0,0.0,0.0,20.0,0.0,40.0,-2430.0,2590.0,yonden
2019,8,2019-08-10,03:00,2660.0,880.0,3260.0,700.0,－－－－－－－－－－,20.0,0.0,0.0,20.0,0.0,40.0,-2260.0,2660.0,yonden
2019,8,2019-08-10,04:00,2750.0,880.0,3210.0,710.0,－－－－－－－－－－,20.0,0.0,0.0,20.0,0.0,50.0,-2140.0,2750.0,yonden
2019,8,2019-08-10,05:00,2800.0,880.0,3220.0,680.0,－－－－－－－－－－,20.0,30.0,0.0,10.0,0.0,40.0,-2080.0,2800.0,yonden
2019,8,2019-08-10,06:00,2720.0,880.0,3090.0,660.0,－－－－－－－－－－,20.0,240.0,0.0,10.0,0.0,40.0,-2220.0,2720.0,yonden
2019,8,2019-08-10,07:00,2830.0,880.0,3170.0,670.0,－－－－－－－－－－,20.0,580.0,0.0,0.0,0.0,40.0,-2530.0,2830.0,yonden
2019,8,2019-08-10,08:00,3280.0,880.0,3260.0,680.0,－－－－－－－－－－,20.0,970.0,0.0,0.0,0.0,50.0,-2580.0,3280.0,yonden
2019,8,2019-08-10,09:00,3640.0,880.0,3350.0,650.0,－－－－－－－－－－,20.0,1290.0,0.0,0.0,0.0,20.0,-2570.0,3640.0,yonden
2019,8,2019-08-10,10:00,3820.0,880.0,3370.0,640.0,－－－－－－－－－－,20.0,1560.0,0.0,0.0,0.0,-260.0,-2390.0,3820.0,yonden
2019,8,2019-08-10,11:00,3950.0,880.0,3310.0,680.0,－－－－－－－－－－,20.0,1690.0,0.0,10.0,0.0,-260.0,-2380.0,3950.0,yonden
2019,8,2019-08-10,12:00,3970.0,880.0,3320.0,640.0,－－－－－－－－－－,20.0,1740.0,0.0,20.0,0.0,-260.0,-2390.0,3970.0,yonden
2019,8,2019-08-10,13:00,4060.0,880.0,3350.0,630.0,－－－－－－－－－－,20.0,1670.0,0.0,20.0,0.0,-260.0,-2250.0,4060.0,yonden
2019,8,2019-08-10,14:00,4050.0,880.0,3410.0,690.0,－－－－－－－－－－,20.0,1410.0,0.0,20.0,0.0,40.0,-2420.0,4050.0,yonden
2019,8,2019-08-10,15:00,3980.0,880.0,3580.0,720.0,－－－－－－－－－－,20.0,1040.0,0.0,30.0,0.0,50.0,-2340.0,3980.0,yonden
2019,8,2019-08-10,16:00,3960.0,880.0,3830.0,740.0,－－－－－－－－－－,20.0,650.0,0.0,20.0,0.0,50.0,-2230.0,3960.0,yonden
2019,8,2019-08-10,17:00,3860.0,880.0,3930.0,740.0,－－－－－－－－－－,20.0,310.0,0.0,10.0,0.0,230.0,-2260.0,3860.0,yonden
2019,8,2019-08-10,18:00,3780.0,880.0,3840.0,730.0,－－－－－－－－－－,20.0,60.0,0.0,10.0,0.0,320.0,-2080.0,3780.0,yonden
2019,8,2019-08-10,19:00,3700.0,880.0,3890.0,700.0,－－－－－－－－－－,20.0,0.0,0.0,20.0,0.0,320.0,-2130.0,3700.0,yonden
2019,8,2019-08-10,20:00,3520.0,880.0,3900.0,700.0,－－－－－－－－－－,20.0,0.0,0.0,30.0,0.0,300.0,-2310.0,3520.0,yonden
2019,8,2019-08-10,21:00,3280.0,880.0,3740.0,660.0,－－－－－－－－－－,20.0,0.0,0.0,40.0,0.0,40.0,-2100.0,3280.0,yonden
2019,8,2019-08-10,22:00,3030.0,880.0,3760.0,650.0,－－－－－－－－－－,20.0,0.0,0.0,30.0,0.0,40.0,-2350.0,3030.0,yonden
2019,8,2019-08-10,23:00,2860.0,880.0,3700.0,640.0,－－－－－－－－－－,20.0,0.0,0.0,40.0,0.0,40.0,-2460.0,2860.0,yonden
2019,8,2019-08-11,00:00,2630.0,880.0,3570.0,660.0,－－－－－－－－－－,20.0,0.0,0.0,40.0,0.0,40.0,-2580.0,2630.0,yonden
2019,8,2019-08-11,01:00,2470.0,880.0,3430.0,640.0,－－－－－－－－－－,20.0,0.0,0.0,40.0,0.0,40.0,-2580.0,2470.0,yonden
2019,8,2019-08-11,02:00,2460.0,880.0,3410.0,630.0,－－－－－－－－－－,20.0,0.0,0.0,30.0,0.0,40.0,-2550.0,2460.0,yonden
2019,8,2019-08-11,03:00,2520.0,880.0,3320.0,630.0,－－－－－－－－－－,20.0,0.0,0.0,30.0,0.0,40.0,-2400.0,2520.0,yonden
2019,8,2019-08-11,04:00,2620.0,880.0,3260.0,650.0,－－－－－－－－－－,20.0,0.0,0.0,30.0,0.0,40.0,-2260.0,2620.0,yonden
2019,8,2019-08-11,05:00,2670.0,880.0,3170.0,640.0,－－－－－－－－－－,20.0,30.0,0.0,50.0,0.0,40.0,-2160.0,2670.0,yonden
2019,8,2019-08-11,06:00,2570.0,880.0,3090.0,600.0,－－－－－－－－－－,20.0,290.0,0.0,30.0,0.0,-10.0,-2330.0,2570.0,yonden
2019,8,2019-08-11,07:00,2550.0,880.0,3180.0,650.0,－－－－－－－－－－,20.0,630.0,0.0,20.0,0.0,-270.0,-2560.0,2550.0,yonden
2019,8,2019-08-11,08:00,2850.0,880.0,3130.0,640.0,－－－－－－－－－－,20.0,1030.0,0.0,10.0,0.0,-270.0,-2590.0,2850.0,yonden
2019,8,2019-08-11,09:00,3170.0,880.0,3070.0,650.0,－－－－－－－－－－,20.0,1400.0,0.0,10.0,0.0,-270.0,-2590.0,3170.0,yonden
2019,8,2019-08-11,10:00,3360.0,880.0,2980.0,650.0,－－－－－－－－－－,20.0,1630.0,0.0,20.0,0.0,-260.0,-2560.0,3360.0,yonden
2019,8,2019-08-11,11:00,3490.0,880.0,3030.0,640.0,－－－－－－－－－－,20.0,1730.0,0.0,40.0,0.0,-260.0,-2590.0,3490.0,yonden
2019,8,2019-08-11,12:00,3610.0,830.0,3170.0,620.0,－－－－－－－－－－,20.0,1740.0,0.0,50.0,0.0,-260.0,-2560.0,3610.0,yonden
2019,8,2019-08-11,13:00,3640.0,850.0,3150.0,650.0,－－－－－－－－－－,20.0,1610.0,0.0,60.0,0.0,-260.0,-2440.0,3640.0,yonden
2019,8,2019-08-11,14:00,3660.0,880.0,3260.0,660.0,－－－－－－－－－－,20.0,1320.0,0.0,50.0,0.0,40.0,-2570.0,3660.0,yonden
2019,8,2019-08-11,15:00,3630.0,880.0,3550.0,670.0,－－－－－－－－－－,20.0,970.0,0.0,40.0,0.0,50.0,-2550.0,3630.0,yonden
2019,8,2019-08-11,16:00,3670.0,880.0,3690.0,680.0,－－－－－－－－－－,20.0,620.0,0.0,30.0,0.0,180.0,-2430.0,3670.0,yonden
2019,8,2019-08-11,17:00,3730.0,880.0,3850.0,700.0,－－－－－－－－－－,20.0,310.0,0.0,20.0,0.0,370.0,-2420.0,3730.0,yonden
2019,8,2019-08-11,18:00,3690.0,880.0,3900.0,690.0,－－－－－－－－－－,20.0,50.0,0.0,40.0,0.0,390.0,-2280.0,3690.0,yonden
2019,8,2019-08-11,19:00,3650.0,880.0,3830.0,690.0,－－－－－－－－－－,20.0,0.0,0.0,50.0,0.0,430.0,-2250.0,3650.0,yonden
2019,8,2019-08-11,20:00,3480.0,880.0,3800.0,680.0,－－－－－－－－－－,20.0,0.0,0.0,50.0,0.0,390.0,-2340.0,3480.0,yonden
2019,8,2019-08-11,21:00,3260.0,880.0,3810.0,650.0,－－－－－－－－－－,20.0,0.0,0.0,50.0,0.0,110.0,-2260.0,3260.0,yonden
2019,8,2019-08-11,22:00,3020.0,880.0,3670.0,670.0,－－－－－－－－－－,20.0,0.0,0.0,40.0,0.0,30.0,-2290.0,3020.0,yonden
2019,8,2019-08-11,23:00,2850.0,880.0,3680.0,650.0,－－－－－－－－－－,20.0,0.0,0.0,30.0,0.0,30.0,-2440.0,2850.0,yonden
2019,8,2019-08-12,00:00,2590.0,870.0,3340.0,660.0,－－－－－－－－－－,20.0,0.0,0.0,30.0,0.0,20.0,-2350.0,2590.0,yonden
2019,8,2019-08-12,01:00,2430.0,880.0,3260.0,620.0,－－－－－－－－－－,20.0,0.0,0.0,20.0,0.0,30.0,-2400.0,2430.0,yonden
2019,8,2019-08-12,02:00,2440.0,880.0,3320.0,600.0,－－－－－－－－－－,20.0,0.0,0.0,20.0,0.0,30.0,-2430.0,2440.0,yonden
2019,8,2019-08-12,03:00,2520.0,880.0,3250.0,600.0,－－－－－－－－－－,20.0,0.0,0.0,30.0,0.0,30.0,-2290.0,2520.0,yonden
2019,8,2019-08-12,04:00,2630.0,880.0,3250.0,610.0,－－－－－－－－－－,20.0,0.0,0.0,30.0,0.0,20.0,-2180.0,2630.0,yonden
2019,8,2019-08-12,05:00,2700.0,880.0,3180.0,610.0,－－－－－－－－－－,20.0,30.0,0.0,40.0,0.0,30.0,-2090.0,2700.0,yonden
2019,8,2019-08-12,06:00,2680.0,880.0,3130.0,600.0,－－－－－－－－－－,20.0,260.0,0.0,30.0,0.0,20.0,-2260.0,2680.0,yonden
2019,8,2019-08-12,07:00,2750.0,880.0,3310.0,580.0,－－－－－－－－－－,20.0,630.0,0.0,30.0,0.0,-170.0,-2530.0,2750.0,yonden
2019,8,2019-08-12,08:00,3150.0,880.0,3490.0,550.0,－－－－－－－－－－,20.0,1000.0,0.0,20.0,0.0,-270.0,-2540.0,3150.0,yonden
2019,8,2019-08-12,09:00,3480.0,880.0,3460.0,620.0,－－－－－－－－－－,20.0,1300.0,0.0,20.0,0.0,-270.0,-2550.0,3480.0,yonden
2019,8,2019-08-12,10:00,3640.0,880.0,3300.0,670.0,－－－－－－－－－－,20.0,1430.0,0.0,30.0,0.0,-290.0,-2400.0,3640.0,yonden
2019,8,2019-08-12,11:00,3740.0,880.0,3420.0,580.0,－－－－－－－－－－,20.0,1460.0,0.0,30.0,0.0,-190.0,-2460.0,3740.0,yonden
2019,8,2019-08-12,12:00,3810.0,880.0,3260.0,550.0,－－－－－－－－－－,20.0,1550.0,0.0,30.0,0.0,0.0,-2480.0,3810.0,yonden
2019,8,2019-08-12,13:00,3840.0,880.0,3270.0,570.0,－－－－－－－－－－,20.0,1470.0,0.0,20.0,0.0,20.0,-2410.0,3840.0,yonden
2019,8,2019-08-12,14:00,3860.0,880.0,3590.0,600.0,－－－－－－－－－－,20.0,1280.0,0.0,30.0,0.0,30.0,-2570.0,3860.0,yonden
2019,8,2019-08-12,15:00,3830.0,880.0,3770.0,640.0,－－－－－－－－－－,20.0,980.0,0.0,20.0,0.0,40.0,-2520.0,3830.0,yonden
2019,8,2019-08-12,16:00,3860.0,880.0,3910.0,710.0,－－－－－－－－－－,20.0,640.0,0.0,20.0,0.0,60.0,-2380.0,3860.0,yonden
2019,8,2019-08-12,17:00,3940.0,880.0,4050.0,720.0,－－－－－－－－－－,20.0,330.0,0.0,10.0,0.0,360.0,-2430.0,3940.0,yonden
2019,8,2019-08-12,18:00,3890.0,880.0,4030.0,700.0,－－－－－－－－－－,20.0,60.0,0.0,10.0,0.0,440.0,-2250.0,3890.0,yonden
2019,8,2019-08-12,19:00,3820.0,880.0,4040.0,710.0,－－－－－－－－－－,20.0,0.0,0.0,30.0,0.0,310.0,-2170.0,3820.0,yonden
2019,8,2019-08-12,20:00,3650.0,880.0,4050.0,680.0,－－－－－－－－－－,20.0,0.0,0.0,30.0,0.0,230.0,-2240.0,3650.0,yonden
2019,8,2019-08-12,21:00,3410.0,880.0,3890.0,620.0,－－－－－－－－－－,20.0,0.0,0.0,30.0,0.0,30.0,-2060.0,3410.0,yonden
2019,8,2019-08-12,22:00,3150.0,880.0,3840.0,570.0,－－－－－－－－－－,20.0,0.0,0.0,20.0,0.0,0.0,-2180.0,3150.0,yonden
2019,8,2019-08-12,23:00,2960.0,880.0,3810.0,550.0,－－－－－－－－－－,20.0,0.0,0.0,20.0,0.0,0.0,-2320.0,2960.0,yonden
2019,8,2019-08-13,00:00,2680.0,880.0,3760.0,630.0,－－－－－－－－－－,20.0,0.0,0.0,20.0,0.0,-100.0,-2530.0,2680.0,yonden
2019,8,2019-08-13,01:00,2520.0,880.0,3800.0,640.0,－－－－－－－－－－,20.0,0.0,0.0,20.0,0.0,-260.0,-2580.0,2520.0,yonden
2019,8,2019-08-13,02:00,2510.0,880.0,3730.0,610.0,－－－－－－－－－－,20.0,0.0,0.0,20.0,0.0,-210.0,-2540.0,2510.0,yonden
2019,8,2019-08-13,03:00,2580.0,880.0,3470.0,630.0,－－－－－－－－－－,20.0,0.0,0.0,20.0,0.0,30.0,-2470.0,2580.0,yonden
2019,8,2019-08-13,04:00,2700.0,880.0,3500.0,620.0,－－－－－－－－－－,20.0,0.0,0.0,20.0,0.0,40.0,-2380.0,2700.0,yonden
2019,8,2019-08-13,05:00,2790.0,880.0,3500.0,650.0,－－－－－－－－－－,20.0,30.0,0.0,20.0,0.0,40.0,-2350.0,2790.0,yonden
2019,8,2019-08-13,06:00,2820.0,880.0,3490.0,560.0,－－－－－－－－－－,20.0,270.0,0.0,20.0,0.0,30.0,-2450.0,2820.0,yonden
2019,8,2019-08-13,07:00,2960.0,880.0,3420.0,530.0,－－－－－－－－－－,20.0,640.0,0.0,30.0,0.0,10.0,-2570.0,2960.0,yonden
2019,8,2019-08-13,08:00,3450.0,880.0,3540.0,500.0,－－－－－－－－－－,20.0,950.0,0.0,50.0,0.0,0.0,-2490.0,3450.0,yonden
2019,8,2019-08-13,09:00,3730.0,880.0,3550.0,510.0,－－－－－－－－－－,20.0,1120.0,0.0,60.0,0.0,0.0,-2410.0,3730.0,yonden
2019,8,2019-08-13,10:00,3930.0,880.0,3600.0,530.0,－－－－－－－－－－,20.0,1270.0,0.0,70.0,0.0,30.0,-2470.0,3930.0,yonden
2019,8,2019-08-13,11:00,4060.0,880.0,3670.0,540.0,－－－－－－－－－－,20.0,1280.0,0.0,80.0,0.0,30.0,-2440.0,4060.0,yonden
2019,8,2019-08-13,12:00,4060.0,880.0,3650.0,550.0,－－－－－－－－－－,20.0,1240.0,0.0,70.0,0.0,10.0,-2360.0,4060.0,yonden
2019,8,2019-08-13,13:00,4010.0,880.0,3860.0,550.0,－－－－－－－－－－,20.0,940.0,0.0,80.0,0.0,120.0,-2440.0,4010.0,yonden
2019,8,2019-08-13,14:00,3960.0,880.0,3940.0,530.0,－－－－－－－－－－,20.0,960.0,0.0,70.0,0.0,40.0,-2480.0,3960.0,yonden
2019,8,2019-08-13,15:00,4000.0,880.0,3830.0,560.0,－－－－－－－－－－,20.0,970.0,0.0,70.0,0.0,10.0,-2340.0,4000.0,yonden
2019,8,2019-08-13,16:00,4050.0,880.0,4150.0,630.0,－－－－－－－－－－,20.0,640.0,0.0,70.0,0.0,60.0,-2400.0,4050.0,yonden
2019,8,2019-08-13,17:00,4030.0,880.0,4160.0,700.0,－－－－－－－－－－,20.0,320.0,0.0,70.0,0.0,170.0,-2290.0,4030.0,yonden
2019,8,2019-08-13,18:00,3960.0,880.0,4240.0,710.0,－－－－－－－－－－,20.0,60.0,0.0,60.0,0.0,130.0,-2140.0,3960.0,yonden
2019,8,2019-08-13,19:00,3870.0,880.0,4310.0,710.0,－－－－－－－－－－,20.0,0.0,0.0,50.0,0.0,60.0,-2160.0,3870.0,yonden
2019,8,2019-08-13,20:00,3700.0,880.0,4320.0,700.0,－－－－－－－－－－,20.0,0.0,0.0,50.0,0.0,30.0,-2300.0,3700.0,yonden
2019,8,2019-08-13,21:00,3470.0,880.0,4030.0,650.0,－－－－－－－－－－,20.0,0.0,0.0,40.0,0.0,20.0,-2170.0,3470.0,yonden
2019,8,2019-08-13,22:00,3230.0,880.0,3910.0,570.0,－－－－－－－－－－,20.0,0.0,0.0,50.0,0.0,20.0,-2220.0,3230.0,yonden
2019,8,2019-08-13,23:00,3040.0,880.0,3890.0,520.0,－－－－－－－－－－,20.0,0.0,0.0,60.0,0.0,20.0,-2350.0,3040.0,yonden
2019,8,2019-08-14,00:00,2780.0,870.0,3470.0,620.0,－－－－－－－－－－,20.0,0.0,0.0,70.0,0.0,20.0,-2290.0,2780.0,yonden
2019,8,2019-08-14,01:00,2610.0,880.0,3340.0,620.0,－－－－－－－－－－,20.0,0.0,0.0,70.0,0.0,20.0,-2340.0,2610.0,yonden
2019,8,2019-08-14,02:00,2600.0,880.0,3270.0,670.0,－－－－－－－－－－,20.0,0.0,0.0,80.0,0.0,20.0,-2340.0,2600.0,yonden
2019,8,2019-08-14,03:00,2660.0,880.0,3240.0,650.0,－－－－－－－－－－,20.0,0.0,0.0,80.0,0.0,30.0,-2240.0,2660.0,yonden
2019,8,2019-08-14,04:00,2750.0,880.0,3210.0,650.0,－－－－－－－－－－,20.0,0.0,0.0,90.0,0.0,30.0,-2130.0,2750.0,yonden
2019,8,2019-08-14,05:00,2820.0,880.0,3170.0,700.0,－－－－－－－－－－,20.0,30.0,0.0,80.0,0.0,20.0,-2080.0,2820.0,yonden
2019,8,2019-08-14,06:00,2820.0,880.0,3050.0,630.0,－－－－－－－－－－,20.0,220.0,0.0,100.0,0.0,20.0,-2100.0,2820.0,yonden
2019,8,2019-08-14,07:00,2920.0,880.0,2990.0,650.0,－－－－－－－－－－,20.0,460.0,0.0,100.0,0.0,-80.0,-2100.0,2920.0,yonden
2019,8,2019-08-14,08:00,3320.0,880.0,3090.0,610.0,－－－－－－－－－－,20.0,600.0,0.0,100.0,0.0,-150.0,-1830.0,3320.0,yonden
2019,8,2019-08-14,09:00,3500.0,880.0,3220.0,610.0,－－－－－－－－－－,20.0,560.0,0.0,100.0,0.0,40.0,-1930.0,3500.0,yonden
2019,8,2019-08-14,10:00,3590.0,880.0,3290.0,640.0,－－－－－－－－－－,20.0,530.0,0.0,100.0,0.0,20.0,-1890.0,3590.0,yonden
2019,8,2019-08-14,11:00,3700.0,880.0,3380.0,640.0,－－－－－－－－－－,20.0,490.0,0.0,110.0,0.0,40.0,-1860.0,3700.0,yonden
2019,8,2019-08-14,12:00,3620.0,880.0,3400.0,650.0,－－－－－－－－－－,20.0,410.0,0.0,100.0,0.0,40.0,-1880.0,3620.0,yonden
2019,8,2019-08-14,13:00,3430.0,880.0,3240.0,700.0,－－－－－－－－－－,20.0,290.0,0.0,100.0,0.0,50.0,-1850.0,3430.0,yonden
2019,8,2019-08-14,14:00,3330.0,880.0,2960.0,710.0,－－－－－－－－－－,20.0,220.0,0.0,100.0,0.0,60.0,-1620.0,3330.0,yonden
2019,8,2019-08-14,15:00,3280.0,880.0,3010.0,730.0,－－－－－－－－－－,20.0,150.0,0.0,90.0,0.0,50.0,-1650.0,3280.0,yonden
2019,8,2019-08-14,16:00,3340.0,880.0,3270.0,740.0,－－－－－－－－－－,20.0,70.0,0.0,80.0,0.0,60.0,-1780.0,3340.0,yonden
2019,8,2019-08-14,17:00,3370.0,880.0,3470.0,750.0,－－－－－－－－－－,20.0,30.0,0.0,60.0,0.0,50.0,-1890.0,3370.0,yonden
2019,8,2019-08-14,18:00,3410.0,880.0,3360.0,750.0,－－－－－－－－－－,20.0,10.0,0.0,60.0,0.0,60.0,-1730.0,3410.0,yonden
2019,8,2019-08-14,19:00,3370.0,880.0,3400.0,730.0,－－－－－－－－－－,20.0,0.0,0.0,60.0,0.0,60.0,-1780.0,3370.0,yonden
2019,8,2019-08-14,20:00,3230.0,880.0,3450.0,720.0,－－－－－－－－－－,20.0,0.0,0.0,50.0,0.0,60.0,-1950.0,3230.0,yonden
2019,8,2019-08-14,21:00,3040.0,880.0,3390.0,730.0,－－－－－－－－－－,20.0,0.0,0.0,50.0,0.0,50.0,-2080.0,3040.0,yonden
2019,8,2019-08-14,22:00,2850.0,880.0,3330.0,700.0,－－－－－－－－－－,20.0,0.0,0.0,60.0,0.0,60.0,-2200.0,2850.0,yonden
2019,8,2019-08-14,23:00,2730.0,880.0,3290.0,690.0,－－－－－－－－－－,20.0,0.0,0.0,60.0,0.0,60.0,-2270.0,2730.0,yonden
2019,8,2019-08-15,00:00,2530.0,880.0,3130.0,690.0,－－－－－－－－－－,20.0,0.0,0.0,50.0,0.0,60.0,-2300.0,2530.0,yonden
2019,8,2019-08-15,01:00,2430.0,880.0,3160.0,670.0,－－－－－－－－－－,20.0,0.0,0.0,50.0,0.0,60.0,-2410.0,2430.0,yonden
2019,8,2019-08-15,02:00,2470.0,880.0,3240.0,650.0,－－－－－－－－－－,20.0,0.0,0.0,50.0,0.0,60.0,-2430.0,2470.0,yonden
2019,8,2019-08-15,03:00,2560.0,880.0,3230.0,620.0,－－－－－－－－－－,20.0,0.0,0.0,50.0,0.0,60.0,-2300.0,2560.0,yonden
2019,8,2019-08-15,04:00,2670.0,880.0,3310.0,570.0,－－－－－－－－－－,20.0,0.0,0.0,30.0,0.0,40.0,-2180.0,2670.0,yonden
2019,8,2019-08-15,05:00,2730.0,880.0,3330.0,560.0,－－－－－－－－－－,20.0,10.0,0.0,50.0,0.0,20.0,-2140.0,2730.0,yonden
2019,8,2019-08-15,06:00,2610.0,880.0,3220.0,540.0,－－－－－－－－－－,20.0,60.0,0.0,60.0,0.0,20.0,-2190.0,2610.0,yonden
2019,8,2019-08-15,07:00,2580.0,880.0,3240.0,540.0,－－－－－－－－－－,20.0,80.0,0.0,50.0,0.0,20.0,-2250.0,2580.0,yonden
2019,8,2019-08-15,08:00,2830.0,880.0,3200.0,530.0,－－－－－－－－－－,20.0,150.0,0.0,60.0,0.0,20.0,-2030.0,2830.0,yonden
2019,8,2019-08-15,09:00,3050.0,880.0,3240.0,530.0,－－－－－－－－－－,20.0,230.0,0.0,50.0,0.0,20.0,-1920.0,3050.0,yonden
2019,8,2019-08-15,10:00,3150.0,880.0,3140.0,520.0,－－－－－－－－－－,20.0,420.0,0.0,20.0,0.0,20.0,-1870.0,3150.0,yonden
2019,8,2019-08-15,11:00,3270.0,880.0,3200.0,510.0,－－－－－－－－－－,20.0,480.0,0.0,10.0,0.0,20.0,-1850.0,3270.0,yonden
2019,8,2019-08-15,12:00,3260.0,880.0,3340.0,500.0,－－－－－－－－－－,20.0,460.0,0.0,40.0,0.0,20.0,-2000.0,3260.0,yonden
2019,8,2019-08-15,13:00,3140.0,880.0,3280.0,510.0,－－－－－－－－－－,20.0,370.0,0.0,80.0,0.0,20.0,-2020.0,3140.0,yonden
2019,8,2019-08-15,14:00,3050.0,880.0,3200.0,510.0,－－－－－－－－－－,20.0,240.0,0.0,80.0,0.0,20.0,-1900.0,3050.0,yonden
2019,8,2019-08-15,15:00,2990.0,880.0,3220.0,510.0,－－－－－－－－－－,20.0,120.0,0.0,80.0,0.0,20.0,-1860.0,2990.0,yonden
2019,8,2019-08-15,16:00,3040.0,880.0,3330.0,480.0,－－－－－－－－－－,20.0,70.0,0.0,80.0,0.0,20.0,-1840.0,3040.0,yonden
2019,8,2019-08-15,17:00,3150.0,880.0,3540.0,490.0,－－－－－－－－－－,20.0,20.0,0.0,70.0,0.0,20.0,-1890.0,3150.0,yonden
2019,8,2019-08-15,18:00,3190.0,880.0,3540.0,500.0,－－－－－－－－－－,20.0,10.0,0.0,60.0,0.0,20.0,-1840.0,3190.0,yonden
2019,8,2019-08-15,19:00,3110.0,880.0,3480.0,520.0,－－－－－－－－－－,20.0,0.0,0.0,60.0,0.0,20.0,-1870.0,3110.0,yonden
2019,8,2019-08-15,20:00,2990.0,880.0,3530.0,520.0,－－－－－－－－－－,20.0,0.0,0.0,50.0,0.0,20.0,-2030.0,2990.0,yonden
2019,8,2019-08-15,21:00,2830.0,880.0,3480.0,520.0,－－－－－－－－－－,20.0,0.0,0.0,60.0,0.0,50.0,-2180.0,2830.0,yonden
2019,8,2019-08-15,22:00,2650.0,880.0,3400.0,520.0,－－－－－－－－－－,20.0,0.0,0.0,60.0,0.0,60.0,-2290.0,2650.0,yonden
2019,8,2019-08-15,23:00,2550.0,880.0,3440.0,520.0,－－－－－－－－－－,20.0,0.0,0.0,80.0,0.0,60.0,-2450.0,2550.0,yonden
2019,8,2019-08-16,00:00,2370.0,880.0,3320.0,520.0,－－－－－－－－－－,20.0,0.0,0.0,70.0,0.0,-230.0,-2210.0,2370.0,yonden
2019,8,2019-08-16,01:00,2270.0,880.0,3300.0,520.0,－－－－－－－－－－,20.0,0.0,0.0,60.0,0.0,-240.0,-2270.0,2270.0,yonden
2019,8,2019-08-16,02:00,2300.0,880.0,3010.0,520.0,－－－－－－－－－－,20.0,0.0,0.0,50.0,0.0,40.0,-2220.0,2300.0,yonden
2019,8,2019-08-16,03:00,2430.0,880.0,3000.0,520.0,－－－－－－－－－－,20.0,0.0,0.0,50.0,0.0,60.0,-2100.0,2430.0,yonden
2019,8,2019-08-16,04:00,2570.0,880.0,2990.0,530.0,－－－－－－－－－－,20.0,0.0,0.0,50.0,0.0,60.0,-1960.0,2570.0,yonden
2019,8,2019-08-16,05:00,2660.0,880.0,2930.0,540.0,－－－－－－－－－－,20.0,30.0,0.0,40.0,0.0,60.0,-1840.0,2660.0,yonden
2019,8,2019-08-16,06:00,2620.0,880.0,3060.0,540.0,－－－－－－－－－－,20.0,190.0,0.0,40.0,0.0,-120.0,-1990.0,2620.0,yonden
2019,8,2019-08-16,07:00,2760.0,880.0,3210.0,530.0,－－－－－－－－－－,20.0,430.0,0.0,30.0,0.0,-180.0,-2160.0,2760.0,yonden
2019,8,2019-08-16,08:00,3220.0,880.0,3060.0,520.0,－－－－－－－－－－,20.0,700.0,0.0,20.0,0.0,60.0,-2040.0,3220.0,yonden
2019,8,2019-08-16,09:00,3540.0,880.0,3210.0,540.0,－－－－－－－－－－,20.0,930.0,0.0,10.0,0.0,60.0,-2110.0,3540.0,yonden
2019,8,2019-08-16,10:00,3770.0,880.0,3230.0,540.0,－－－－－－－－－－,20.0,1180.0,0.0,10.0,0.0,200.0,-2290.0,3770.0,yonden
2019,8,2019-08-16,11:00,3950.0,880.0,3250.0,550.0,－－－－－－－－－－,20.0,1440.0,0.0,10.0,0.0,200.0,-2400.0,3950.0,yonden
2019,8,2019-08-16,12:00,3950.0,880.0,3510.0,550.0,－－－－－－－－－－,20.0,1460.0,0.0,10.0,0.0,100.0,-2580.0,3950.0,yonden
2019,8,2019-08-16,13:00,4020.0,880.0,3610.0,570.0,－－－－－－－－－－,20.0,1440.0,0.0,10.0,0.0,60.0,-2570.0,4020.0,yonden
2019,8,2019-08-16,14:00,4020.0,880.0,3770.0,580.0,－－－－－－－－－－,20.0,1230.0,0.0,20.0,0.0,60.0,-2540.0,4020.0,yonden
2019,8,2019-08-16,15:00,3990.0,880.0,3720.0,600.0,－－－－－－－－－－,20.0,950.0,0.0,40.0,0.0,60.0,-2280.0,3990.0,yonden
2019,8,2019-08-16,16:00,3990.0,880.0,3600.0,620.0,－－－－－－－－－－,20.0,590.0,0.0,40.0,0.0,60.0,-1820.0,3990.0,yonden
2019,8,2019-08-16,17:00,3870.0,880.0,3590.0,640.0,－－－－－－－－－－,20.0,250.0,0.0,30.0,0.0,60.0,-1600.0,3870.0,yonden
2019,8,2019-08-16,18:00,3760.0,880.0,3540.0,660.0,－－－－－－－－－－,20.0,30.0,0.0,20.0,0.0,60.0,-1450.0,3760.0,yonden
2019,8,2019-08-16,19:00,3670.0,880.0,3390.0,680.0,－－－－－－－－－－,20.0,0.0,0.0,20.0,0.0,60.0,-1380.0,3670.0,yonden
2019,8,2019-08-16,20:00,3470.0,880.0,3310.0,690.0,－－－－－－－－－－,20.0,0.0,0.0,10.0,0.0,60.0,-1500.0,3470.0,yonden
2019,8,2019-08-16,21:00,3230.0,880.0,3270.0,690.0,－－－－－－－－－－,20.0,0.0,0.0,10.0,0.0,60.0,-1700.0,3230.0,yonden
2019,8,2019-08-16,22:00,2980.0,880.0,3190.0,690.0,－－－－－－－－－－,20.0,0.0,0.0,0.0,0.0,60.0,-1860.0,2980.0,yonden
2019,8,2019-08-16,23:00,2820.0,880.0,3150.0,680.0,－－－－－－－－－－,20.0,0.0,0.0,10.0,0.0,-90.0,-1830.0,2820.0,yonden
2019,8,2019-08-17,00:00,2580.0,880.0,2430.0,680.0,－－－－－－－－－－,20.0,0.0,0.0,20.0,0.0,50.0,-1500.0,2580.0,yonden
2019,8,2019-08-17,01:00,2430.0,880.0,2120.0,700.0,－－－－－－－－－－,20.0,0.0,0.0,20.0,0.0,60.0,-1370.0,2430.0,yonden
2019,8,2019-08-17,02:00,2430.0,880.0,2150.0,690.0,－－－－－－－－－－,20.0,0.0,0.0,20.0,0.0,60.0,-1390.0,2430.0,yonden
2019,8,2019-08-17,03:00,2530.0,880.0,2150.0,690.0,－－－－－－－－－－,20.0,0.0,0.0,20.0,0.0,60.0,-1290.0,2530.0,yonden
2019,8,2019-08-17,04:00,2650.0,880.0,2170.0,680.0,－－－－－－－－－－,20.0,0.0,0.0,10.0,0.0,60.0,-1170.0,2650.0,yonden
2019,8,2019-08-17,05:00,2700.0,880.0,2130.0,690.0,－－－－－－－－－－,20.0,30.0,0.0,10.0,0.0,60.0,-1120.0,2700.0,yonden
2019,8,2019-08-17,06:00,2660.0,880.0,2480.0,690.0,－－－－－－－－－－,20.0,260.0,0.0,10.0,0.0,60.0,-1740.0,2660.0,yonden
2019,8,2019-08-17,07:00,2740.0,880.0,2660.0,700.0,－－－－－－－－－－,20.0,530.0,0.0,10.0,0.0,60.0,-2120.0,2740.0,yonden
2019,8,2019-08-17,08:00,3160.0,880.0,2690.0,710.0,－－－－－－－－－－,20.0,900.0,0.0,10.0,0.0,60.0,-2110.0,3160.0,yonden
2019,8,2019-08-17,09:00,3480.0,880.0,2590.0,720.0,－－－－－－－－－－,20.0,1370.0,0.0,0.0,0.0,50.0,-2150.0,3480.0,yonden
2019,8,2019-08-17,10:00,3630.0,880.0,2520.0,720.0,－－－－－－－－－－,20.0,1610.0,0.0,10.0,0.0,-230.0,-1900.0,3630.0,yonden
2019,8,2019-08-17,11:00,3760.0,880.0,2490.0,730.0,－－－－－－－－－－,20.0,1700.0,0.0,10.0,0.0,-210.0,-1860.0,3760.0,yonden
2019,8,2019-08-17,12:00,3780.0,880.0,2570.0,740.0,－－－－－－－－－－,20.0,1700.0,0.0,10.0,0.0,60.0,-2200.0,3780.0,yonden
2019,8,2019-08-17,13:00,3860.0,880.0,2580.0,750.0,－－－－－－－－－－,20.0,1620.0,0.0,10.0,0.0,60.0,-2060.0,3860.0,yonden
2019,8,2019-08-17,14:00,3860.0,880.0,2520.0,750.0,－－－－－－－－－－,20.0,1450.0,0.0,10.0,0.0,60.0,-1830.0,3860.0,yonden
2019,8,2019-08-17,15:00,3840.0,880.0,2700.0,760.0,－－－－－－－－－－,20.0,1120.0,0.0,0.0,0.0,60.0,-1700.0,3840.0,yonden
2019,8,2019-08-17,16:00,3890.0,880.0,3020.0,760.0,－－－－－－－－－－,20.0,730.0,0.0,0.0,0.0,60.0,-1580.0,3890.0,yonden
2019,8,2019-08-17,17:00,3820.0,880.0,3230.0,760.0,－－－－－－－－－－,20.0,350.0,0.0,10.0,0.0,70.0,-1500.0,3820.0,yonden
2019,8,2019-08-17,18:00,3680.0,880.0,3280.0,770.0,－－－－－－－－－－,20.0,50.0,0.0,0.0,0.0,200.0,-1520.0,3680.0,yonden
2019,8,2019-08-17,19:00,3580.0,880.0,3230.0,770.0,－－－－－－－－－－,20.0,0.0,0.0,0.0,0.0,200.0,-1520.0,3580.0,yonden
2019,8,2019-08-17,20:00,3370.0,880.0,3160.0,770.0,－－－－－－－－－－,20.0,0.0,0.0,0.0,0.0,80.0,-1540.0,3370.0,yonden
2019,8,2019-08-17,21:00,3150.0,880.0,3000.0,760.0,－－－－－－－－－－,20.0,0.0,0.0,0.0,0.0,60.0,-1570.0,3150.0,yonden
2019,8,2019-08-17,22:00,2920.0,880.0,2900.0,760.0,－－－－－－－－－－,20.0,0.0,0.0,0.0,0.0,60.0,-1700.0,2920.0,yonden
2019,8,2019-08-17,23:00,2760.0,880.0,2900.0,760.0,－－－－－－－－－－,20.0,0.0,0.0,0.0,0.0,60.0,-1860.0,2760.0,yonden
2019,8,2019-08-18,00:00,2520.0,870.0,2320.0,760.0,－－－－－－－－－－,20.0,0.0,0.0,0.0,0.0,60.0,-1510.0,2520.0,yonden
2019,8,2019-08-18,01:00,2380.0,880.0,2050.0,770.0,－－－－－－－－－－,20.0,0.0,0.0,0.0,0.0,60.0,-1400.0,2380.0,yonden
2019,8,2019-08-18,02:00,2380.0,870.0,2070.0,770.0,－－－－－－－－－－,20.0,0.0,0.0,0.0,0.0,60.0,-1410.0,2380.0,yonden
2019,8,2019-08-18,03:00,2470.0,870.0,2060.0,770.0,－－－－－－－－－－,20.0,0.0,0.0,0.0,0.0,60.0,-1310.0,2470.0,yonden
2019,8,2019-08-18,04:00,2580.0,880.0,2050.0,770.0,－－－－－－－－－－,20.0,0.0,0.0,0.0,0.0,60.0,-1200.0,2580.0,yonden
2019,8,2019-08-18,05:00,2630.0,880.0,2010.0,760.0,－－－－－－－－－－,20.0,30.0,0.0,0.0,0.0,60.0,-1130.0,2630.0,yonden
2019,8,2019-08-18,06:00,2550.0,880.0,2460.0,740.0,－－－－－－－－－－,20.0,270.0,0.0,0.0,0.0,50.0,-1870.0,2550.0,yonden
2019,8,2019-08-18,07:00,2520.0,880.0,2730.0,770.0,－－－－－－－－－－,20.0,620.0,0.0,0.0,0.0,-230.0,-2270.0,2520.0,yonden
2019,8,2019-08-18,08:00,2790.0,880.0,2710.0,770.0,－－－－－－－－－－,20.0,970.0,0.0,0.0,0.0,-230.0,-2330.0,2790.0,yonden
2019,8,2019-08-18,09:00,3080.0,880.0,2590.0,760.0,－－－－－－－－－－,20.0,1300.0,0.0,0.0,0.0,-230.0,-2240.0,3080.0,yonden
2019,8,2019-08-18,10:00,3250.0,880.0,2570.0,760.0,－－－－－－－－－－,20.0,1500.0,0.0,0.0,0.0,-230.0,-2250.0,3250.0,yonden
2019,8,2019-08-18,11:00,3340.0,880.0,2620.0,760.0,－－－－－－－－－－,20.0,1550.0,0.0,0.0,0.0,-230.0,-2260.0,3340.0,yonden
2019,8,2019-08-18,12:00,3460.0,880.0,2650.0,770.0,－－－－－－－－－－,20.0,1560.0,0.0,0.0,0.0,-110.0,-2310.0,3460.0,yonden
2019,8,2019-08-18,13:00,3510.0,880.0,2750.0,770.0,－－－－－－－－－－,20.0,1430.0,0.0,0.0,0.0,60.0,-2400.0,3510.0,yonden
2019,8,2019-08-18,14:00,3490.0,880.0,2910.0,770.0,－－－－－－－－－－,20.0,1170.0,0.0,0.0,0.0,60.0,-2320.0,3490.0,yonden
2019,8,2019-08-18,15:00,3480.0,880.0,3140.0,770.0,－－－－－－－－－－,20.0,830.0,0.0,0.0,0.0,60.0,-2220.0,3480.0,yonden
2019,8,2019-08-18,16:00,3510.0,880.0,3350.0,770.0,－－－－－－－－－－,20.0,510.0,0.0,0.0,0.0,60.0,-2080.0,3510.0,yonden
2019,8,2019-08-18,17:00,3520.0,880.0,3300.0,770.0,－－－－－－－－－－,20.0,230.0,0.0,0.0,0.0,60.0,-1740.0,3520.0,yonden
2019,8,2019-08-18,18:00,3530.0,880.0,3230.0,770.0,－－－－－－－－－－,20.0,40.0,0.0,0.0,0.0,60.0,-1470.0,3530.0,yonden
2019,8,2019-08-18,19:00,3480.0,880.0,3230.0,770.0,－－－－－－－－－－,20.0,0.0,0.0,0.0,0.0,60.0,-1480.0,3480.0,yonden
2019,8,2019-08-18,20:00,3320.0,880.0,3180.0,770.0,－－－－－－－－－－,20.0,0.0,0.0,0.0,0.0,60.0,-1590.0,3320.0,yonden
2019,8,2019-08-18,21:00,3100.0,880.0,3060.0,770.0,－－－－－－－－－－,20.0,0.0,0.0,0.0,0.0,60.0,-1690.0,3100.0,yonden
2019,8,2019-08-18,22:00,2870.0,880.0,2970.0,770.0,－－－－－－－－－－,20.0,0.0,0.0,10.0,0.0,60.0,-1840.0,2870.0,yonden
2019,8,2019-08-18,23:00,2740.0,880.0,2980.0,760.0,－－－－－－－－－－,20.0,0.0,0.0,10.0,0.0,60.0,-1970.0,2740.0,yonden
2019,8,2019-08-19,00:00,2540.0,880.0,2860.0,760.0,－－－－－－－－－－,20.0,0.0,0.0,10.0,0.0,60.0,-2050.0,2540.0,yonden
2019,8,2019-08-19,01:00,2420.0,880.0,2900.0,760.0,－－－－－－－－－－,20.0,0.0,0.0,10.0,0.0,60.0,-2210.0,2420.0,yonden
2019,8,2019-08-19,02:00,2430.0,880.0,3090.0,750.0,－－－－－－－－－－,20.0,0.0,0.0,0.0,0.0,60.0,-2370.0,2430.0,yonden
2019,8,2019-08-19,03:00,2540.0,880.0,3150.0,770.0,－－－－－－－－－－,20.0,0.0,0.0,10.0,0.0,60.0,-2350.0,2540.0,yonden
2019,8,2019-08-19,04:00,2690.0,880.0,3200.0,780.0,－－－－－－－－－－,20.0,0.0,0.0,10.0,0.0,60.0,-2260.0,2690.0,yonden
2019,8,2019-08-19,05:00,2810.0,880.0,3080.0,770.0,－－－－－－－－－－,20.0,20.0,0.0,0.0,0.0,60.0,-2020.0,2810.0,yonden
2019,8,2019-08-19,06:00,2850.0,880.0,3050.0,760.0,－－－－－－－－－－,20.0,100.0,0.0,0.0,0.0,60.0,-2020.0,2850.0,yonden
2019,8,2019-08-19,07:00,3000.0,880.0,3300.0,770.0,－－－－－－－－－－,20.0,140.0,0.0,0.0,0.0,60.0,-2170.0,3000.0,yonden
2019,8,2019-08-19,08:00,3560.0,880.0,3620.0,770.0,－－－－－－－－－－,20.0,160.0,0.0,10.0,0.0,120.0,-2020.0,3560.0,yonden
2019,8,2019-08-19,09:00,3910.0,880.0,3800.0,760.0,－－－－－－－－－－,20.0,220.0,0.0,10.0,0.0,240.0,-2020.0,3910.0,yonden
2019,8,2019-08-19,10:00,4070.0,880.0,3820.0,750.0,－－－－－－－－－－,20.0,320.0,0.0,10.0,0.0,310.0,-2040.0,4070.0,yonden
2019,8,2019-08-19,11:00,4150.0,880.0,3890.0,750.0,－－－－－－－－－－,20.0,370.0,0.0,20.0,0.0,200.0,-1980.0,4150.0,yonden
2019,8,2019-08-19,12:00,3920.0,880.0,3900.0,760.0,－－－－－－－－－－,20.0,280.0,0.0,20.0,0.0,90.0,-2030.0,3920.0,yonden
2019,8,2019-08-19,13:00,4000.0,880.0,3880.0,770.0,－－－－－－－－－－,20.0,240.0,0.0,10.0,0.0,60.0,-1860.0,4000.0,yonden
2019,8,2019-08-19,14:00,3910.0,880.0,3850.0,770.0,－－－－－－－－－－,20.0,230.0,0.0,20.0,0.0,60.0,-1920.0,3910.0,yonden
2019,8,2019-08-19,15:00,3780.0,880.0,3870.0,770.0,－－－－－－－－－－,20.0,90.0,0.0,20.0,0.0,60.0,-1930.0,3780.0,yonden
2019,8,2019-08-19,16:00,3750.0,880.0,3940.0,770.0,－－－－－－－－－－,20.0,50.0,0.0,10.0,0.0,60.0,-1980.0,3750.0,yonden
2019,8,2019-08-19,17:00,3640.0,880.0,3840.0,770.0,－－－－－－－－－－,20.0,20.0,0.0,10.0,0.0,60.0,-1960.0,3640.0,yonden
2019,8,2019-08-19,18:00,3650.0,880.0,3720.0,770.0,－－－－－－－－－－,20.0,10.0,0.0,20.0,0.0,50.0,-1820.0,3650.0,yonden
2019,8,2019-08-19,19:00,3550.0,880.0,3660.0,770.0,－－－－－－－－－－,20.0,0.0,0.0,10.0,0.0,50.0,-1840.0,3550.0,yonden
2019,8,2019-08-19,20:00,3350.0,880.0,3490.0,770.0,－－－－－－－－－－,20.0,0.0,0.0,20.0,0.0,50.0,-1880.0,3350.0,yonden
2019,8,2019-08-19,21:00,3140.0,880.0,3260.0,770.0,－－－－－－－－－－,20.0,0.0,0.0,30.0,0.0,50.0,-1870.0,3140.0,yonden
2019,8,2019-08-19,22:00,2940.0,880.0,3130.0,760.0,－－－－－－－－－－,20.0,0.0,0.0,20.0,0.0,50.0,-1920.0,2940.0,yonden
2019,8,2019-08-19,23:00,2820.0,880.0,3150.0,770.0,－－－－－－－－－－,20.0,0.0,0.0,30.0,0.0,50.0,-2080.0,2820.0,yonden
2019,8,2019-08-20,00:00,2640.0,870.0,3130.0,770.0,－－－－－－－－－－,20.0,0.0,0.0,30.0,0.0,50.0,-2230.0,2640.0,yonden
2019,8,2019-08-20,01:00,2520.0,880.0,2930.0,760.0,－－－－－－－－－－,20.0,0.0,0.0,30.0,0.0,50.0,-2150.0,2520.0,yonden
2019,8,2019-08-20,02:00,2570.0,870.0,2870.0,760.0,－－－－－－－－－－,20.0,0.0,0.0,30.0,0.0,50.0,-2030.0,2570.0,yonden
2019,8,2019-08-20,03:00,2690.0,870.0,2910.0,760.0,－－－－－－－－－－,20.0,0.0,0.0,30.0,0.0,50.0,-1950.0,2690.0,yonden
2019,8,2019-08-20,04:00,2820.0,880.0,2970.0,760.0,－－－－－－－－－－,20.0,0.0,0.0,40.0,0.0,50.0,-1900.0,2820.0,yonden
2019,8,2019-08-20,05:00,2920.0,880.0,2990.0,760.0,－－－－－－－－－－,20.0,10.0,0.0,30.0,0.0,50.0,-1820.0,2920.0,yonden
2019,8,2019-08-20,06:00,2870.0,880.0,2980.0,760.0,－－－－－－－－－－,20.0,110.0,0.0,30.0,0.0,50.0,-1960.0,2870.0,yonden
2019,8,2019-08-20,07:00,2980.0,880.0,2980.0,760.0,－－－－－－－－－－,20.0,310.0,0.0,40.0,0.0,50.0,-2060.0,2980.0,yonden
2019,8,2019-08-20,08:00,3570.0,880.0,3310.0,770.0,－－－－－－－－－－,20.0,520.0,0.0,40.0,0.0,60.0,-2030.0,3570.0,yonden
2019,8,2019-08-20,09:00,3970.0,880.0,3490.0,770.0,－－－－－－－－－－,20.0,680.0,0.0,30.0,0.0,190.0,-2090.0,3970.0,yonden
2019,8,2019-08-20,10:00,4160.0,880.0,3430.0,760.0,－－－－－－－－－－,20.0,890.0,0.0,30.0,0.0,50.0,-1900.0,4160.0,yonden
2019,8,2019-08-20,11:00,4300.0,880.0,3330.0,770.0,－－－－－－－－－－,20.0,1050.0,0.0,30.0,0.0,50.0,-1830.0,4300.0,yonden
2019,8,2019-08-20,12:00,4170.0,880.0,3300.0,760.0,－－－－－－－－－－,20.0,1100.0,0.0,20.0,0.0,50.0,-1960.0,4170.0,yonden
2019,8,2019-08-20,13:00,4380.0,880.0,3460.0,760.0,－－－－－－－－－－,20.0,1030.0,0.0,20.0,0.0,50.0,-1840.0,4380.0,yonden
2019,8,2019-08-20,14:00,4360.0,880.0,3630.0,760.0,－－－－－－－－－－,20.0,830.0,0.0,20.0,0.0,50.0,-1830.0,4360.0,yonden
2019,8,2019-08-20,15:00,4320.0,880.0,3850.0,760.0,－－－－－－－－－－,20.0,550.0,0.0,30.0,0.0,50.0,-1820.0,4320.0,yonden
2019,8,2019-08-20,16:00,4230.0,880.0,4030.0,770.0,－－－－－－－－－－,20.0,280.0,0.0,40.0,0.0,50.0,-1840.0,4230.0,yonden
2019,8,2019-08-20,17:00,4120.0,880.0,4060.0,770.0,－－－－－－－－－－,20.0,140.0,0.0,40.0,0.0,50.0,-1840.0,4120.0,yonden
2019,8,2019-08-20,18:00,4040.0,880.0,3960.0,770.0,－－－－－－－－－－,20.0,10.0,0.0,50.0,0.0,50.0,-1700.0,4040.0,yonden
2019,8,2019-08-20,19:00,3920.0,880.0,3770.0,770.0,－－－－－－－－－－,20.0,0.0,0.0,70.0,0.0,50.0,-1640.0,3920.0,yonden
2019,8,2019-08-20,20:00,3680.0,880.0,3680.0,760.0,－－－－－－－－－－,20.0,0.0,0.0,70.0,0.0,50.0,-1780.0,3680.0,yonden
2019,8,2019-08-20,21:00,3440.0,880.0,3380.0,760.0,－－－－－－－－－－,20.0,0.0,0.0,70.0,0.0,50.0,-1720.0,3440.0,yonden
2019,8,2019-08-20,22:00,3180.0,880.0,3240.0,760.0,－－－－－－－－－－,20.0,0.0,0.0,70.0,0.0,50.0,-1840.0,3180.0,yonden
2019,8,2019-08-20,23:00,3010.0,880.0,3190.0,760.0,－－－－－－－－－－,20.0,0.0,0.0,70.0,0.0,50.0,-1960.0,3010.0,yonden
2019,8,2019-08-21,00:00,2780.0,880.0,3100.0,750.0,－－－－－－－－－－,20.0,0.0,0.0,70.0,0.0,50.0,-2090.0,2780.0,yonden
2019,8,2019-08-21,01:00,2660.0,880.0,2970.0,750.0,－－－－－－－－－－,20.0,0.0,0.0,70.0,0.0,50.0,-2080.0,2660.0,yonden
2019,8,2019-08-21,02:00,2680.0,880.0,2910.0,750.0,－－－－－－－－－－,20.0,0.0,0.0,60.0,0.0,50.0,-1990.0,2680.0,yonden
2019,8,2019-08-21,03:00,2770.0,880.0,2900.0,760.0,－－－－－－－－－－,20.0,0.0,0.0,50.0,0.0,50.0,-1890.0,2770.0,yonden
2019,8,2019-08-21,04:00,2890.0,880.0,2930.0,760.0,－－－－－－－－－－,20.0,0.0,0.0,40.0,0.0,50.0,-1790.0,2890.0,yonden
2019,8,2019-08-21,05:00,2980.0,880.0,3060.0,760.0,－－－－－－－－－－,20.0,20.0,0.0,40.0,0.0,50.0,-1850.0,2980.0,yonden
2019,8,2019-08-21,06:00,3000.0,880.0,3160.0,760.0,－－－－－－－－－－,20.0,170.0,0.0,30.0,0.0,50.0,-2070.0,3000.0,yonden
2019,8,2019-08-21,07:00,3200.0,880.0,3200.0,770.0,－－－－－－－－－－,20.0,420.0,0.0,30.0,0.0,50.0,-2170.0,3200.0,yonden
2019,8,2019-08-21,08:00,3790.0,880.0,3290.0,740.0,－－－－－－－－－－,20.0,780.0,0.0,20.0,0.0,50.0,-1990.0,3790.0,yonden
2019,8,2019-08-21,09:00,4150.0,880.0,3370.0,750.0,－－－－－－－－－－,20.0,1060.0,0.0,10.0,0.0,50.0,-1990.0,4150.0,yonden
2019,8,2019-08-21,10:00,4350.0,880.0,3550.0,750.0,－－－－－－－－－－,20.0,1260.0,0.0,10.0,0.0,50.0,-2170.0,4350.0,yonden
2019,8,2019-08-21,11:00,4500.0,880.0,3780.0,750.0,－－－－－－－－－－,20.0,1370.0,0.0,10.0,0.0,50.0,-2360.0,4500.0,yonden
2019,8,2019-08-21,12:00,4430.0,880.0,3850.0,740.0,－－－－－－－－－－,20.0,1380.0,0.0,10.0,0.0,50.0,-2500.0,4430.0,yonden
2019,8,2019-08-21,13:00,4620.0,880.0,4050.0,770.0,－－－－－－－－－－,20.0,1250.0,0.0,20.0,0.0,40.0,-2410.0,4620.0,yonden
2019,8,2019-08-21,14:00,4540.0,880.0,4160.0,760.0,－－－－－－－－－－,20.0,890.0,0.0,20.0,0.0,140.0,-2330.0,4540.0,yonden
2019,8,2019-08-21,15:00,4460.0,880.0,4160.0,770.0,－－－－－－－－－－,20.0,660.0,0.0,20.0,0.0,260.0,-2310.0,4460.0,yonden
2019,8,2019-08-21,16:00,4480.0,880.0,4170.0,760.0,－－－－－－－－－－,20.0,480.0,0.0,30.0,0.0,200.0,-2060.0,4480.0,yonden
2019,8,2019-08-21,17:00,4330.0,880.0,4090.0,760.0,－－－－－－－－－－,20.0,240.0,0.0,30.0,0.0,190.0,-1880.0,4330.0,yonden
2019,8,2019-08-21,18:00,4210.0,880.0,4130.0,760.0,－－－－－－－－－－,20.0,30.0,0.0,30.0,0.0,120.0,-1760.0,4210.0,yonden
2019,8,2019-08-21,19:00,4050.0,880.0,3990.0,770.0,－－－－－－－－－－,20.0,0.0,0.0,40.0,0.0,50.0,-1700.0,4050.0,yonden
2019,8,2019-08-21,20:00,3820.0,880.0,3840.0,750.0,－－－－－－－－－－,20.0,0.0,0.0,50.0,0.0,50.0,-1770.0,3820.0,yonden
2019,8,2019-08-21,21:00,3550.0,880.0,3560.0,750.0,－－－－－－－－－－,20.0,0.0,0.0,60.0,0.0,50.0,-1770.0,3550.0,yonden
2019,8,2019-08-21,22:00,3290.0,880.0,3340.0,740.0,－－－－－－－－－－,20.0,0.0,0.0,60.0,0.0,50.0,-1800.0,3290.0,yonden
2019,8,2019-08-21,23:00,3110.0,880.0,3320.0,730.0,－－－－－－－－－－,20.0,0.0,0.0,60.0,0.0,40.0,-1940.0,3110.0,yonden
2019,8,2019-08-22,00:00,2850.0,870.0,3390.0,740.0,－－－－－－－－－－,20.0,0.0,0.0,60.0,0.0,-90.0,-2140.0,2850.0,yonden
2019,8,2019-08-22,01:00,2700.0,880.0,3320.0,740.0,－－－－－－－－－－,20.0,0.0,0.0,60.0,0.0,-260.0,-2060.0,2700.0,yonden
2019,8,2019-08-22,02:00,2710.0,870.0,3290.0,730.0,－－－－－－－－－－,20.0,0.0,0.0,60.0,0.0,-260.0,-2000.0,2710.0,yonden
2019,8,2019-08-22,03:00,2800.0,870.0,3310.0,730.0,－－－－－－－－－－,20.0,0.0,0.0,40.0,0.0,-260.0,-1910.0,2800.0,yonden
2019,8,2019-08-22,04:00,2910.0,880.0,3280.0,730.0,－－－－－－－－－－,20.0,0.0,0.0,40.0,0.0,-250.0,-1790.0,2910.0,yonden
2019,8,2019-08-22,05:00,3000.0,880.0,3270.0,740.0,－－－－－－－－－－,20.0,20.0,0.0,40.0,0.0,-140.0,-1830.0,3000.0,yonden
2019,8,2019-08-22,06:00,3070.0,880.0,3300.0,720.0,－－－－－－－－－－,20.0,260.0,0.0,30.0,0.0,10.0,-2150.0,3070.0,yonden
2019,8,2019-08-22,07:00,3280.0,880.0,3410.0,710.0,－－－－－－－－－－,20.0,620.0,0.0,30.0,0.0,10.0,-2400.0,3280.0,yonden
2019,8,2019-08-22,08:00,3940.0,880.0,3560.0,720.0,－－－－－－－－－－,20.0,970.0,0.0,30.0,0.0,30.0,-2270.0,3940.0,yonden
2019,8,2019-08-22,09:00,4310.0,880.0,3680.0,740.0,－－－－－－－－－－,20.0,1250.0,0.0,30.0,0.0,40.0,-2330.0,4310.0,yonden
2019,8,2019-08-22,10:00,4520.0,880.0,3730.0,750.0,－－－－－－－－－－,20.0,1450.0,0.0,40.0,0.0,40.0,-2390.0,4520.0,yonden
2019,8,2019-08-22,11:00,4650.0,880.0,3730.0,750.0,－－－－－－－－－－,20.0,1600.0,0.0,40.0,0.0,50.0,-2420.0,4650.0,yonden
2019,8,2019-08-22,12:00,4570.0,880.0,3720.0,710.0,－－－－－－－－－－,20.0,1630.0,0.0,40.0,0.0,20.0,-2450.0,4570.0,yonden
2019,8,2019-08-22,13:00,4800.0,880.0,4030.0,740.0,－－－－－－－－－－,20.0,1450.0,0.0,40.0,0.0,30.0,-2390.0,4800.0,yonden
2019,8,2019-08-22,14:00,4740.0,880.0,4190.0,750.0,－－－－－－－－－－,20.0,1040.0,0.0,40.0,0.0,170.0,-2350.0,4740.0,yonden
2019,8,2019-08-22,15:00,4550.0,880.0,4180.0,750.0,－－－－－－－－－－,20.0,620.0,0.0,50.0,0.0,260.0,-2210.0,4550.0,yonden
2019,8,2019-08-22,16:00,4510.0,880.0,4170.0,750.0,－－－－－－－－－－,20.0,340.0,0.0,60.0,0.0,430.0,-2140.0,4510.0,yonden
2019,8,2019-08-22,17:00,4320.0,880.0,4150.0,750.0,－－－－－－－－－－,20.0,100.0,0.0,70.0,0.0,320.0,-1970.0,4320.0,yonden
2019,8,2019-08-22,18:00,4290.0,880.0,4150.0,720.0,－－－－－－－－－－,20.0,0.0,0.0,60.0,0.0,170.0,-1710.0,4290.0,yonden
2019,8,2019-08-22,19:00,4150.0,880.0,4110.0,740.0,－－－－－－－－－－,10.0,0.0,0.0,80.0,0.0,90.0,-1760.0,4150.0,yonden
2019,8,2019-08-22,20:00,3900.0,880.0,3990.0,740.0,－－－－－－－－－－,20.0,0.0,0.0,70.0,0.0,30.0,-1830.0,3900.0,yonden
2019,8,2019-08-22,21:00,3640.0,880.0,3790.0,740.0,－－－－－－－－－－,20.0,0.0,0.0,50.0,0.0,30.0,-1870.0,3640.0,yonden
2019,8,2019-08-22,22:00,3370.0,880.0,3580.0,710.0,－－－－－－－－－－,20.0,0.0,0.0,50.0,0.0,20.0,-1890.0,3370.0,yonden
2019,8,2019-08-22,23:00,3190.0,880.0,3530.0,710.0,－－－－－－－－－－,20.0,0.0,0.0,30.0,0.0,10.0,-1990.0,3190.0,yonden
2019,8,2019-08-23,00:00,2910.0,880.0,3410.0,710.0,－－－－－－－－－－,20.0,0.0,0.0,20.0,0.0,40.0,-2170.0,2910.0,yonden
2019,8,2019-08-23,01:00,2740.0,880.0,3190.0,710.0,－－－－－－－－－－,20.0,0.0,0.0,20.0,0.0,50.0,-2130.0,2740.0,yonden
2019,8,2019-08-23,02:00,2730.0,880.0,3100.0,710.0,－－－－－－－－－－,20.0,0.0,0.0,20.0,0.0,40.0,-2040.0,2730.0,yonden
2019,8,2019-08-23,03:00,2830.0,880.0,3090.0,710.0,－－－－－－－－－－,20.0,0.0,0.0,20.0,0.0,40.0,-1930.0,2830.0,yonden
2019,8,2019-08-23,04:00,2950.0,880.0,3090.0,730.0,－－－－－－－－－－,20.0,0.0,0.0,10.0,0.0,40.0,-1820.0,2950.0,yonden
2019,8,2019-08-23,05:00,3060.0,880.0,3250.0,740.0,－－－－－－－－－－,20.0,20.0,0.0,20.0,0.0,40.0,-1910.0,3060.0,yonden
2019,8,2019-08-23,06:00,3100.0,880.0,3370.0,730.0,－－－－－－－－－－,20.0,100.0,0.0,10.0,0.0,40.0,-2050.0,3100.0,yonden
2019,8,2019-08-23,07:00,3270.0,880.0,3490.0,720.0,－－－－－－－－－－,20.0,130.0,0.0,10.0,0.0,40.0,-2020.0,3270.0,yonden
2019,8,2019-08-23,08:00,3780.0,880.0,3670.0,750.0,－－－－－－－－－－,20.0,130.0,0.0,10.0,0.0,50.0,-1730.0,3780.0,yonden
2019,8,2019-08-23,09:00,4060.0,880.0,3790.0,760.0,－－－－－－－－－－,20.0,300.0,0.0,20.0,0.0,40.0,-1750.0,4060.0,yonden
2019,8,2019-08-23,10:00,4150.0,880.0,3530.0,760.0,－－－－－－－－－－,20.0,590.0,0.0,20.0,0.0,40.0,-1690.0,4150.0,yonden
2019,8,2019-08-23,11:00,4210.0,880.0,3430.0,750.0,－－－－－－－－－－,20.0,810.0,0.0,20.0,0.0,30.0,-1730.0,4210.0,yonden
2019,8,2019-08-23,12:00,4090.0,880.0,3420.0,730.0,－－－－－－－－－－,20.0,1030.0,0.0,10.0,0.0,-260.0,-1740.0,4090.0,yonden
2019,8,2019-08-23,13:00,4300.0,880.0,3480.0,730.0,－－－－－－－－－－,20.0,1010.0,0.0,10.0,0.0,-70.0,-1760.0,4300.0,yonden
2019,8,2019-08-23,14:00,4290.0,880.0,3830.0,750.0,－－－－－－－－－－,20.0,710.0,0.0,10.0,0.0,50.0,-1960.0,4290.0,yonden
2019,8,2019-08-23,15:00,4210.0,880.0,3870.0,730.0,－－－－－－－－－－,20.0,510.0,0.0,10.0,0.0,40.0,-1850.0,4210.0,yonden
2019,8,2019-08-23,16:00,4190.0,880.0,4050.0,750.0,－－－－－－－－－－,20.0,300.0,0.0,0.0,0.0,50.0,-1860.0,4190.0,yonden
2019,8,2019-08-23,17:00,4050.0,880.0,4020.0,760.0,－－－－－－－－－－,20.0,130.0,0.0,0.0,0.0,40.0,-1800.0,4050.0,yonden
2019,8,2019-08-23,18:00,3960.0,880.0,3910.0,760.0,－－－－－－－－－－,20.0,10.0,0.0,0.0,0.0,40.0,-1660.0,3960.0,yonden
2019,8,2019-08-23,19:00,3810.0,880.0,3810.0,750.0,－－－－－－－－－－,20.0,0.0,0.0,10.0,0.0,30.0,-1690.0,3810.0,yonden
2019,8,2019-08-23,20:00,3560.0,880.0,3680.0,750.0,－－－－－－－－－－,20.0,0.0,0.0,10.0,0.0,30.0,-1810.0,3560.0,yonden
2019,8,2019-08-23,21:00,3320.0,880.0,3470.0,720.0,－－－－－－－－－－,20.0,0.0,0.0,10.0,0.0,20.0,-1800.0,3320.0,yonden
2019,8,2019-08-23,22:00,3080.0,880.0,3250.0,710.0,－－－－－－－－－－,20.0,0.0,0.0,10.0,0.0,20.0,-1810.0,3080.0,yonden
2019,8,2019-08-23,23:00,2920.0,880.0,3200.0,720.0,－－－－－－－－－－,20.0,0.0,0.0,10.0,0.0,30.0,-1940.0,2920.0,yonden
2019,8,2019-08-24,00:00,2700.0,870.0,3200.0,730.0,－－－－－－－－－－,20.0,0.0,0.0,20.0,0.0,30.0,-2170.0,2700.0,yonden
2019,8,2019-08-24,01:00,2560.0,880.0,3040.0,730.0,－－－－－－－－－－,20.0,0.0,0.0,20.0,0.0,30.0,-2160.0,2560.0,yonden
2019,8,2019-08-24,02:00,2570.0,870.0,3020.0,730.0,－－－－－－－－－－,20.0,0.0,0.0,20.0,0.0,30.0,-2120.0,2570.0,yonden
2019,8,2019-08-24,03:00,2660.0,870.0,3050.0,730.0,－－－－－－－－－－,20.0,0.0,0.0,20.0,0.0,40.0,-2070.0,2660.0,yonden
2019,8,2019-08-24,04:00,2750.0,880.0,3000.0,730.0,－－－－－－－－－－,20.0,0.0,0.0,20.0,0.0,40.0,-1940.0,2750.0,yonden
2019,8,2019-08-24,05:00,2790.0,870.0,2970.0,710.0,－－－－－－－－－－,20.0,20.0,0.0,10.0,0.0,40.0,-1850.0,2790.0,yonden
2019,8,2019-08-24,06:00,2700.0,880.0,2900.0,710.0,－－－－－－－－－－,20.0,90.0,0.0,0.0,0.0,40.0,-1940.0,2700.0,yonden
2019,8,2019-08-24,07:00,2670.0,880.0,2850.0,700.0,－－－－－－－－－－,20.0,170.0,0.0,10.0,0.0,40.0,-2000.0,2670.0,yonden
2019,8,2019-08-24,08:00,2990.0,880.0,2800.0,710.0,－－－－－－－－－－,20.0,310.0,0.0,0.0,0.0,30.0,-1760.0,2990.0,yonden
2019,8,2019-08-24,09:00,3230.0,880.0,2900.0,710.0,－－－－－－－－－－,20.0,560.0,0.0,0.0,0.0,-100.0,-1740.0,3230.0,yonden
2019,8,2019-08-24,10:00,3410.0,880.0,2970.0,750.0,－－－－－－－－－－,20.0,830.0,0.0,0.0,0.0,-300.0,-1740.0,3410.0,yonden
2019,8,2019-08-24,11:00,3520.0,880.0,3040.0,740.0,－－－－－－－－－－,20.0,810.0,0.0,0.0,0.0,-260.0,-1710.0,3520.0,yonden
2019,8,2019-08-24,12:00,3380.0,880.0,2970.0,700.0,－－－－－－－－－－,20.0,540.0,0.0,0.0,0.0,20.0,-1750.0,3380.0,yonden
2019,8,2019-08-24,13:00,3350.0,880.0,3060.0,710.0,－－－－－－－－－－,20.0,340.0,0.0,0.0,0.0,30.0,-1690.0,3350.0,yonden
2019,8,2019-08-24,14:00,3280.0,880.0,3050.0,710.0,－－－－－－－－－－,20.0,290.0,0.0,10.0,0.0,20.0,-1700.0,3280.0,yonden
2019,8,2019-08-24,15:00,3250.0,880.0,3090.0,740.0,－－－－－－－－－－,20.0,130.0,0.0,20.0,0.0,110.0,-1740.0,3250.0,yonden
2019,8,2019-08-24,16:00,3210.0,880.0,2950.0,720.0,－－－－－－－－－－,20.0,60.0,0.0,40.0,0.0,160.0,-1620.0,3210.0,yonden
2019,8,2019-08-24,17:00,3110.0,880.0,2940.0,720.0,－－－－－－－－－－,20.0,20.0,0.0,40.0,0.0,10.0,-1520.0,3110.0,yonden
2019,8,2019-08-24,18:00,3110.0,880.0,2860.0,720.0,－－－－－－－－－－,20.0,0.0,0.0,50.0,0.0,50.0,-1470.0,3110.0,yonden
2019,8,2019-08-24,19:00,3030.0,880.0,2820.0,670.0,－－－－－－－－－－,20.0,0.0,0.0,50.0,0.0,140.0,-1550.0,3030.0,yonden
2019,8,2019-08-24,20:00,2870.0,880.0,2820.0,690.0,－－－－－－－－－－,20.0,0.0,0.0,50.0,0.0,20.0,-1610.0,2870.0,yonden
2019,8,2019-08-24,21:00,2720.0,880.0,2830.0,710.0,－－－－－－－－－－,20.0,0.0,0.0,30.0,0.0,20.0,-1770.0,2720.0,yonden
2019,8,2019-08-24,22:00,2560.0,880.0,2820.0,730.0,－－－－－－－－－－,20.0,0.0,0.0,20.0,0.0,40.0,-1950.0,2560.0,yonden
2019,8,2019-08-24,23:00,2470.0,880.0,2770.0,730.0,－－－－－－－－－－,20.0,0.0,0.0,10.0,0.0,40.0,-1980.0,2470.0,yonden
2019,8,2019-08-25,00:00,2310.0,880.0,2650.0,700.0,－－－－－－－－－－,20.0,0.0,0.0,10.0,0.0,20.0,-1970.0,2310.0,yonden
2019,8,2019-08-25,01:00,2210.0,880.0,2590.0,720.0,－－－－－－－－－－,20.0,0.0,0.0,20.0,0.0,30.0,-2050.0,2210.0,yonden
2019,8,2019-08-25,02:00,2260.0,880.0,2630.0,740.0,－－－－－－－－－－,20.0,0.0,0.0,30.0,0.0,30.0,-2070.0,2260.0,yonden
2019,8,2019-08-25,03:00,2400.0,880.0,2680.0,720.0,－－－－－－－－－－,20.0,0.0,0.0,30.0,0.0,40.0,-1970.0,2400.0,yonden
2019,8,2019-08-25,04:00,2540.0,880.0,2680.0,730.0,－－－－－－－－－－,20.0,0.0,0.0,30.0,0.0,50.0,-1850.0,2540.0,yonden
2019,8,2019-08-25,05:00,2570.0,880.0,2700.0,710.0,－－－－－－－－－－,20.0,20.0,0.0,30.0,0.0,40.0,-1830.0,2570.0,yonden
2019,8,2019-08-25,06:00,2410.0,880.0,2510.0,660.0,－－－－－－－－－－,20.0,230.0,0.0,20.0,0.0,10.0,-1920.0,2410.0,yonden
2019,8,2019-08-25,07:00,2280.0,880.0,2230.0,610.0,－－－－－－－－－－,20.0,560.0,0.0,10.0,0.0,0.0,-2030.0,2280.0,yonden
2019,8,2019-08-25,08:00,2440.0,880.0,2080.0,630.0,－－－－－－－－－－,20.0,860.0,0.0,10.0,0.0,10.0,-2050.0,2440.0,yonden
2019,8,2019-08-25,09:00,2640.0,880.0,2200.0,630.0,－－－－－－－－－－,20.0,1130.0,0.0,0.0,0.0,-200.0,-2020.0,2640.0,yonden
2019,8,2019-08-25,10:00,2810.0,880.0,2180.0,660.0,－－－－－－－－－－,20.0,1310.0,0.0,0.0,0.0,-280.0,-1960.0,2810.0,yonden
2019,8,2019-08-25,11:00,2910.0,880.0,2280.0,730.0,－－－－－－－－－－,20.0,1190.0,0.0,10.0,0.0,-170.0,-2030.0,2910.0,yonden
2019,8,2019-08-25,12:00,2860.0,880.0,2290.0,700.0,－－－－－－－－－－,20.0,1040.0,0.0,10.0,0.0,-80.0,-2000.0,2860.0,yonden
2019,8,2019-08-25,13:00,2850.0,880.0,2490.0,670.0,－－－－－－－－－－,20.0,1210.0,0.0,0.0,0.0,-460.0,-1960.0,2850.0,yonden
2019,8,2019-08-25,14:00,2920.0,880.0,2750.0,710.0,－－－－－－－－－－,20.0,1020.0,0.0,10.0,0.0,-480.0,-1990.0,2920.0,yonden
2019,8,2019-08-25,15:00,2840.0,880.0,2840.0,720.0,－－－－－－－－－－,20.0,530.0,0.0,10.0,0.0,-140.0,-2020.0,2840.0,yonden
2019,8,2019-08-25,16:00,2760.0,880.0,2750.0,720.0,－－－－－－－－－－,20.0,250.0,0.0,10.0,0.0,40.0,-1910.0,2760.0,yonden
2019,8,2019-08-25,17:00,2870.0,880.0,2690.0,680.0,－－－－－－－－－－,20.0,140.0,0.0,10.0,0.0,170.0,-1720.0,2870.0,yonden
2019,8,2019-08-25,18:00,3000.0,880.0,2700.0,720.0,－－－－－－－－－－,20.0,20.0,0.0,20.0,0.0,160.0,-1520.0,3000.0,yonden
2019,8,2019-08-25,19:00,2970.0,880.0,2840.0,720.0,－－－－－－－－－－,20.0,0.0,0.0,10.0,0.0,30.0,-1530.0,2970.0,yonden
2019,8,2019-08-25,20:00,2840.0,880.0,2860.0,720.0,－－－－－－－－－－,20.0,0.0,0.0,20.0,0.0,0.0,-1660.0,2840.0,yonden
2019,8,2019-08-25,21:00,2660.0,880.0,2730.0,700.0,－－－－－－－－－－,20.0,0.0,0.0,30.0,0.0,0.0,-1700.0,2660.0,yonden
2019,8,2019-08-25,22:00,2500.0,880.0,2770.0,680.0,－－－－－－－－－－,20.0,0.0,0.0,30.0,0.0,0.0,-1880.0,2500.0,yonden
2019,8,2019-08-25,23:00,2400.0,880.0,2760.0,690.0,－－－－－－－－－－,20.0,0.0,0.0,20.0,0.0,10.0,-1980.0,2400.0,yonden
2019,8,2019-08-26,00:00,2240.0,870.0,2760.0,640.0,－－－－－－－－－－,20.0,0.0,0.0,20.0,0.0,10.0,-2080.0,2240.0,yonden
2019,8,2019-08-26,01:00,2160.0,880.0,2760.0,640.0,－－－－－－－－－－,20.0,0.0,0.0,20.0,0.0,10.0,-2170.0,2160.0,yonden
2019,8,2019-08-26,02:00,2220.0,870.0,2750.0,660.0,－－－－－－－－－－,20.0,0.0,0.0,10.0,0.0,0.0,-2090.0,2220.0,yonden
2019,8,2019-08-26,03:00,2380.0,870.0,2790.0,680.0,－－－－－－－－－－,20.0,0.0,0.0,0.0,0.0,30.0,-2010.0,2380.0,yonden
2019,8,2019-08-26,04:00,2540.0,880.0,2820.0,680.0,－－－－－－－－－－,20.0,0.0,0.0,0.0,0.0,40.0,-1900.0,2540.0,yonden
2019,8,2019-08-26,05:00,2630.0,880.0,2770.0,700.0,－－－－－－－－－－,20.0,20.0,0.0,0.0,0.0,30.0,-1790.0,2630.0,yonden
2019,8,2019-08-26,06:00,2630.0,880.0,2720.0,680.0,－－－－－－－－－－,20.0,210.0,0.0,0.0,0.0,10.0,-1890.0,2630.0,yonden
2019,8,2019-08-26,07:00,2780.0,880.0,2790.0,730.0,－－－－－－－－－－,20.0,450.0,0.0,10.0,0.0,10.0,-2110.0,2780.0,yonden
2019,8,2019-08-26,08:00,3270.0,880.0,3090.0,710.0,－－－－－－－－－－,20.0,630.0,0.0,0.0,0.0,40.0,-2100.0,3270.0,yonden
2019,8,2019-08-26,09:00,3600.0,880.0,3100.0,680.0,－－－－－－－－－－,20.0,980.0,0.0,0.0,0.0,40.0,-2100.0,3600.0,yonden
2019,8,2019-08-26,10:00,3800.0,880.0,3090.0,700.0,－－－－－－－－－－,20.0,1320.0,0.0,0.0,0.0,20.0,-2230.0,3800.0,yonden
2019,8,2019-08-26,11:00,3950.0,880.0,3130.0,700.0,－－－－－－－－－－,20.0,1460.0,0.0,0.0,0.0,20.0,-2260.0,3950.0,yonden
2019,8,2019-08-26,12:00,3770.0,880.0,3230.0,640.0,－－－－－－－－－－,20.0,1390.0,0.0,0.0,0.0,40.0,-2430.0,3770.0,yonden
2019,8,2019-08-26,13:00,3950.0,880.0,3470.0,680.0,－－－－－－－－－－,20.0,1330.0,0.0,0.0,0.0,0.0,-2430.0,3950.0,yonden
2019,8,2019-08-26,14:00,3950.0,880.0,3610.0,730.0,－－－－－－－－－－,20.0,1030.0,0.0,10.0,0.0,30.0,-2360.0,3950.0,yonden
2019,8,2019-08-26,15:00,3850.0,880.0,3870.0,740.0,－－－－－－－－－－,20.0,640.0,0.0,20.0,0.0,50.0,-2370.0,3850.0,yonden
2019,8,2019-08-26,16:00,3790.0,880.0,3920.0,730.0,－－－－－－－－－－,20.0,410.0,0.0,20.0,0.0,60.0,-2250.0,3790.0,yonden
2019,8,2019-08-26,17:00,3720.0,880.0,3870.0,700.0,－－－－－－－－－－,20.0,200.0,0.0,10.0,0.0,60.0,-2020.0,3720.0,yonden
2019,8,2019-08-26,18:00,3640.0,880.0,3790.0,730.0,－－－－－－－－－－,20.0,10.0,0.0,10.0,0.0,60.0,-1860.0,3640.0,yonden
2019,8,2019-08-26,19:00,3500.0,880.0,3640.0,720.0,－－－－－－－－－－,20.0,0.0,0.0,10.0,0.0,50.0,-1820.0,3500.0,yonden
2019,8,2019-08-26,20:00,3300.0,880.0,3490.0,700.0,－－－－－－－－－－,20.0,0.0,0.0,20.0,0.0,60.0,-1870.0,3300.0,yonden
2019,8,2019-08-26,21:00,3090.0,880.0,3390.0,640.0,－－－－－－－－－－,20.0,0.0,0.0,20.0,0.0,50.0,-1910.0,3090.0,yonden
2019,8,2019-08-26,22:00,2880.0,880.0,3200.0,620.0,－－－－－－－－－－,20.0,0.0,0.0,10.0,0.0,30.0,-1880.0,2880.0,yonden
2019,8,2019-08-26,23:00,2750.0,880.0,3110.0,660.0,－－－－－－－－－－,20.0,0.0,0.0,10.0,0.0,10.0,-1940.0,2750.0,yonden
2019,8,2019-08-27,00:00,2550.0,880.0,3120.0,630.0,－－－－－－－－－－,10.0,0.0,0.0,20.0,0.0,10.0,-2120.0,2550.0,yonden
2019,8,2019-08-27,01:00,2460.0,880.0,3090.0,610.0,－－－－－－－－－－,20.0,0.0,0.0,30.0,0.0,10.0,-2180.0,2460.0,yonden
2019,8,2019-08-27,02:00,2500.0,880.0,3150.0,580.0,－－－－－－－－－－,20.0,0.0,0.0,30.0,0.0,0.0,-2160.0,2500.0,yonden
2019,8,2019-08-27,03:00,2650.0,880.0,3170.0,590.0,－－－－－－－－－－,20.0,0.0,0.0,50.0,0.0,0.0,-2060.0,2650.0,yonden
2019,8,2019-08-27,04:00,2790.0,880.0,3170.0,590.0,－－－－－－－－－－,20.0,0.0,0.0,50.0,0.0,10.0,-1930.0,2790.0,yonden
2019,8,2019-08-27,05:00,2850.0,880.0,3110.0,610.0,－－－－－－－－－－,20.0,10.0,0.0,50.0,0.0,10.0,-1840.0,2850.0,yonden
2019,8,2019-08-27,06:00,2790.0,880.0,3090.0,590.0,－－－－－－－－－－,20.0,60.0,0.0,50.0,0.0,0.0,-1900.0,2790.0,yonden
2019,8,2019-08-27,07:00,2890.0,880.0,3310.0,620.0,－－－－－－－－－－,20.0,80.0,0.0,60.0,0.0,0.0,-2080.0,2890.0,yonden
2019,8,2019-08-27,08:00,3400.0,880.0,3500.0,690.0,－－－－－－－－－－,20.0,190.0,0.0,70.0,0.0,20.0,-1970.0,3400.0,yonden
2019,8,2019-08-27,09:00,3630.0,880.0,3390.0,670.0,－－－－－－－－－－,20.0,410.0,0.0,50.0,0.0,40.0,-1830.0,3630.0,yonden
2019,8,2019-08-27,10:00,3850.0,880.0,3530.0,670.0,－－－－－－－－－－,20.0,470.0,0.0,60.0,0.0,50.0,-1830.0,3850.0,yonden
2019,8,2019-08-27,11:00,3940.0,880.0,3650.0,590.0,－－－－－－－－－－,20.0,430.0,0.0,60.0,0.0,40.0,-1730.0,3940.0,yonden
2019,8,2019-08-27,12:00,3690.0,880.0,3450.0,550.0,－－－－－－－－－－,20.0,430.0,0.0,90.0,0.0,0.0,-1730.0,3690.0,yonden
2019,8,2019-08-27,13:00,3830.0,880.0,3660.0,630.0,－－－－－－－－－－,20.0,330.0,0.0,80.0,0.0,40.0,-1810.0,3830.0,yonden
2019,8,2019-08-27,14:00,3700.0,880.0,3690.0,680.0,－－－－－－－－－－,20.0,230.0,0.0,80.0,0.0,50.0,-1930.0,3700.0,yonden
2019,8,2019-08-27,15:00,3610.0,880.0,3750.0,620.0,－－－－－－－－－－,20.0,150.0,0.0,80.0,0.0,50.0,-1940.0,3610.0,yonden
2019,8,2019-08-27,16:00,3670.0,880.0,3800.0,610.0,－－－－－－－－－－,20.0,30.0,0.0,90.0,0.0,60.0,-1820.0,3670.0,yonden
2019,8,2019-08-27,17:00,3610.0,880.0,3720.0,620.0,－－－－－－－－－－,20.0,10.0,0.0,80.0,0.0,60.0,-1780.0,3610.0,yonden
2019,8,2019-08-27,18:00,3570.0,880.0,3630.0,680.0,－－－－－－－－－－,20.0,0.0,0.0,70.0,0.0,50.0,-1760.0,3570.0,yonden
2019,8,2019-08-27,19:00,3430.0,880.0,3590.0,660.0,－－－－－－－－－－,20.0,0.0,0.0,60.0,0.0,50.0,-1830.0,3430.0,yonden
2019,8,2019-08-27,20:00,3240.0,880.0,3560.0,610.0,－－－－－－－－－－,20.0,0.0,0.0,80.0,0.0,40.0,-1950.0,3240.0,yonden
2019,8,2019-08-27,21:00,3030.0,880.0,3410.0,520.0,－－－－－－－－－－,20.0,0.0,0.0,100.0,0.0,40.0,-1940.0,3030.0,yonden
2019,8,2019-08-27,22:00,2850.0,880.0,3310.0,500.0,－－－－－－－－－－,20.0,0.0,0.0,110.0,0.0,20.0,-1990.0,2850.0,yonden
2019,8,2019-08-27,23:00,2740.0,880.0,3170.0,540.0,－－－－－－－－－－,20.0,0.0,0.0,120.0,0.0,30.0,-2020.0,2740.0,yonden
2019,8,2019-08-28,00:00,2560.0,870.0,3040.0,540.0,－－－－－－－－－－,20.0,0.0,0.0,120.0,0.0,0.0,-2030.0,2560.0,yonden
2019,8,2019-08-28,01:00,2480.0,880.0,3040.0,550.0,－－－－－－－－－－,20.0,0.0,0.0,100.0,0.0,0.0,-2110.0,2480.0,yonden
2019,8,2019-08-28,02:00,2530.0,870.0,3030.0,580.0,－－－－－－－－－－,20.0,0.0,0.0,100.0,0.0,0.0,-2070.0,2530.0,yonden
2019,8,2019-08-28,03:00,2690.0,870.0,3070.0,590.0,－－－－－－－－－－,20.0,0.0,0.0,90.0,0.0,20.0,-1970.0,2690.0,yonden
2019,8,2019-08-28,04:00,2820.0,880.0,3050.0,620.0,－－－－－－－－－－,20.0,0.0,0.0,90.0,0.0,40.0,-1880.0,2820.0,yonden
2019,8,2019-08-28,05:00,2880.0,880.0,3060.0,600.0,－－－－－－－－－－,20.0,10.0,0.0,100.0,0.0,20.0,-1810.0,2880.0,yonden
2019,8,2019-08-28,06:00,2830.0,880.0,3190.0,540.0,－－－－－－－－－－,20.0,30.0,0.0,90.0,0.0,0.0,-1920.0,2830.0,yonden
2019,8,2019-08-28,07:00,2940.0,880.0,3440.0,550.0,－－－－－－－－－－,20.0,20.0,0.0,100.0,0.0,0.0,-2070.0,2940.0,yonden
2019,8,2019-08-28,08:00,3450.0,880.0,3710.0,610.0,－－－－－－－－－－,20.0,90.0,0.0,110.0,0.0,40.0,-2010.0,3450.0,yonden
2019,8,2019-08-28,09:00,3780.0,880.0,3820.0,650.0,－－－－－－－－－－,20.0,200.0,0.0,120.0,0.0,40.0,-1950.0,3780.0,yonden
2019,8,2019-08-28,10:00,3920.0,880.0,3870.0,690.0,－－－－－－－－－－,20.0,290.0,0.0,110.0,0.0,40.0,-1980.0,3920.0,yonden
2019,8,2019-08-28,11:00,3960.0,880.0,3760.0,680.0,－－－－－－－－－－,20.0,430.0,0.0,90.0,0.0,30.0,-1930.0,3960.0,yonden
2019,8,2019-08-28,12:00,3730.0,880.0,3660.0,660.0,－－－－－－－－－－,20.0,470.0,0.0,50.0,0.0,30.0,-2040.0,3730.0,yonden
2019,8,2019-08-28,13:00,3850.0,880.0,3810.0,630.0,－－－－－－－－－－,20.0,480.0,0.0,30.0,0.0,130.0,-2130.0,3850.0,yonden
2019,8,2019-08-28,14:00,3790.0,880.0,3990.0,620.0,－－－－－－－－－－,20.0,250.0,0.0,40.0,0.0,170.0,-2180.0,3790.0,yonden
2019,8,2019-08-28,15:00,3690.0,880.0,4010.0,630.0,－－－－－－－－－－,20.0,120.0,0.0,40.0,0.0,160.0,-2170.0,3690.0,yonden
2019,8,2019-08-28,16:00,3730.0,880.0,4010.0,720.0,－－－－－－－－－－,20.0,80.0,0.0,30.0,0.0,170.0,-2180.0,3730.0,yonden
2019,8,2019-08-28,17:00,3640.0,880.0,3970.0,700.0,－－－－－－－－－－,20.0,20.0,0.0,30.0,0.0,90.0,-2070.0,3640.0,yonden
2019,8,2019-08-28,18:00,3640.0,880.0,3740.0,700.0,－－－－－－－－－－,20.0,0.0,0.0,40.0,0.0,40.0,-1780.0,3640.0,yonden
2019,8,2019-08-28,19:00,3510.0,880.0,3580.0,710.0,－－－－－－－－－－,20.0,0.0,0.0,50.0,0.0,50.0,-1780.0,3510.0,yonden
2019,8,2019-08-28,20:00,3330.0,880.0,3550.0,690.0,－－－－－－－－－－,20.0,0.0,0.0,50.0,0.0,60.0,-1920.0,3330.0,yonden
2019,8,2019-08-28,21:00,3140.0,880.0,3420.0,660.0,－－－－－－－－－－,20.0,0.0,0.0,40.0,0.0,40.0,-1920.0,3140.0,yonden
2019,8,2019-08-28,22:00,2900.0,880.0,3270.0,630.0,－－－－－－－－－－,20.0,0.0,0.0,40.0,0.0,20.0,-1960.0,2900.0,yonden
2019,8,2019-08-28,23:00,2780.0,880.0,3120.0,630.0,－－－－－－－－－－,20.0,0.0,0.0,40.0,0.0,30.0,-1940.0,2780.0,yonden
2019,8,2019-08-29,00:00,2580.0,880.0,2910.0,550.0,－－－－－－－－－－,20.0,0.0,0.0,40.0,0.0,0.0,-1820.0,2580.0,yonden
2019,8,2019-08-29,01:00,2500.0,880.0,2940.0,550.0,－－－－－－－－－－,20.0,0.0,0.0,50.0,0.0,0.0,-1940.0,2500.0,yonden
2019,8,2019-08-29,02:00,2550.0,880.0,2950.0,570.0,－－－－－－－－－－,20.0,0.0,0.0,60.0,0.0,20.0,-1950.0,2550.0,yonden
2019,8,2019-08-29,03:00,2680.0,880.0,2950.0,590.0,－－－－－－－－－－,20.0,0.0,0.0,70.0,0.0,30.0,-1860.0,2680.0,yonden
2019,8,2019-08-29,04:00,2820.0,880.0,2980.0,590.0,－－－－－－－－－－,20.0,0.0,0.0,70.0,0.0,30.0,-1750.0,2820.0,yonden
2019,8,2019-08-29,05:00,2870.0,880.0,2950.0,570.0,－－－－－－－－－－,10.0,10.0,0.0,80.0,0.0,20.0,-1650.0,2870.0,yonden
2019,8,2019-08-29,06:00,2860.0,880.0,2890.0,550.0,－－－－－－－－－－,20.0,180.0,0.0,80.0,0.0,10.0,-1750.0,2860.0,yonden
2019,8,2019-08-29,07:00,2950.0,880.0,3120.0,540.0,－－－－－－－－－－,20.0,380.0,0.0,90.0,0.0,0.0,-2080.0,2950.0,yonden
2019,8,2019-08-29,08:00,3540.0,880.0,3490.0,610.0,－－－－－－－－－－,20.0,590.0,0.0,80.0,0.0,100.0,-2230.0,3540.0,yonden
2019,8,2019-08-29,09:00,3900.0,880.0,3780.0,640.0,－－－－－－－－－－,20.0,690.0,0.0,70.0,0.0,180.0,-2360.0,3900.0,yonden
2019,8,2019-08-29,10:00,4090.0,880.0,3810.0,640.0,－－－－－－－－－－,20.0,930.0,0.0,60.0,0.0,140.0,-2390.0,4090.0,yonden
2019,8,2019-08-29,11:00,4230.0,880.0,3780.0,620.0,－－－－－－－－－－,20.0,1060.0,0.0,40.0,0.0,40.0,-2210.0,4230.0,yonden
2019,8,2019-08-29,12:00,4110.0,880.0,3620.0,570.0,－－－－－－－－－－,20.0,1100.0,0.0,30.0,0.0,0.0,-2110.0,4110.0,yonden
2019,8,2019-08-29,13:00,4250.0,880.0,3960.0,600.0,－－－－－－－－－－,20.0,900.0,0.0,10.0,0.0,0.0,-2120.0,4250.0,yonden
2019,8,2019-08-29,14:00,4130.0,880.0,3840.0,600.0,－－－－－－－－－－,20.0,700.0,0.0,20.0,0.0,10.0,-1940.0,4130.0,yonden
2019,8,2019-08-29,15:00,4060.0,880.0,3800.0,650.0,－－－－－－－－－－,20.0,510.0,0.0,20.0,0.0,10.0,-1830.0,4060.0,yonden
2019,8,2019-08-29,16:00,3960.0,880.0,3760.0,670.0,－－－－－－－－－－,20.0,250.0,0.0,20.0,0.0,40.0,-1680.0,3960.0,yonden
2019,8,2019-08-29,17:00,3880.0,880.0,3770.0,710.0,－－－－－－－－－－,20.0,60.0,0.0,20.0,0.0,60.0,-1640.0,3880.0,yonden
2019,8,2019-08-29,18:00,3860.0,880.0,3770.0,710.0,－－－－－－－－－－,20.0,0.0,0.0,30.0,0.0,60.0,-1610.0,3860.0,yonden
2019,8,2019-08-29,19:00,3690.0,880.0,3710.0,640.0,－－－－－－－－－－,20.0,0.0,0.0,20.0,0.0,50.0,-1630.0,3690.0,yonden
2019,8,2019-08-29,20:00,3450.0,880.0,3530.0,610.0,－－－－－－－－－－,20.0,0.0,0.0,30.0,0.0,30.0,-1650.0,3450.0,yonden
2019,8,2019-08-29,21:00,3230.0,880.0,3410.0,570.0,－－－－－－－－－－,20.0,0.0,0.0,30.0,0.0,20.0,-1700.0,3230.0,yonden
2019,8,2019-08-29,22:00,3000.0,880.0,3260.0,560.0,－－－－－－－－－－,20.0,0.0,0.0,30.0,0.0,20.0,-1770.0,3000.0,yonden
2019,8,2019-08-29,23:00,2840.0,880.0,3000.0,540.0,－－－－－－－－－－,20.0,0.0,0.0,40.0,0.0,0.0,-1640.0,2840.0,yonden
2019,8,2019-08-30,00:00,2630.0,870.0,3000.0,530.0,－－－－－－－－－－,20.0,0.0,0.0,40.0,0.0,0.0,-1830.0,2630.0,yonden
2019,8,2019-08-30,01:00,2520.0,880.0,2870.0,500.0,－－－－－－－－－－,20.0,0.0,0.0,40.0,0.0,0.0,-1790.0,2520.0,yonden
2019,8,2019-08-30,02:00,2560.0,870.0,2900.0,490.0,－－－－－－－－－－,20.0,0.0,0.0,40.0,0.0,0.0,-1760.0,2560.0,yonden
2019,8,2019-08-30,03:00,2680.0,870.0,2890.0,550.0,－－－－－－－－－－,20.0,0.0,0.0,40.0,0.0,10.0,-1700.0,2680.0,yonden
2019,8,2019-08-30,04:00,2820.0,880.0,2910.0,590.0,－－－－－－－－－－,20.0,0.0,0.0,30.0,0.0,40.0,-1650.0,2820.0,yonden
2019,8,2019-08-30,05:00,2890.0,880.0,2960.0,580.0,－－－－－－－－－－,20.0,10.0,0.0,30.0,0.0,40.0,-1630.0,2890.0,yonden
2019,8,2019-08-30,06:00,2860.0,880.0,3030.0,580.0,－－－－－－－－－－,20.0,40.0,0.0,30.0,0.0,40.0,-1760.0,2860.0,yonden
2019,8,2019-08-30,07:00,3020.0,880.0,3390.0,600.0,－－－－－－－－－－,20.0,30.0,0.0,40.0,0.0,40.0,-1980.0,3020.0,yonden
2019,8,2019-08-30,08:00,3520.0,880.0,3730.0,620.0,－－－－－－－－－－,20.0,120.0,0.0,30.0,0.0,40.0,-1920.0,3520.0,yonden
2019,8,2019-08-30,09:00,3790.0,880.0,3920.0,650.0,－－－－－－－－－－,20.0,270.0,0.0,10.0,0.0,50.0,-2010.0,3790.0,yonden
2019,8,2019-08-30,10:00,3890.0,880.0,3690.0,670.0,－－－－－－－－－－,20.0,610.0,0.0,10.0,0.0,40.0,-2030.0,3890.0,yonden
2019,8,2019-08-30,11:00,4020.0,880.0,3680.0,690.0,－－－－－－－－－－,20.0,710.0,0.0,10.0,0.0,40.0,-2010.0,4020.0,yonden
2019,8,2019-08-30,12:00,3780.0,870.0,3330.0,650.0,－－－－－－－－－－,20.0,810.0,0.0,10.0,0.0,40.0,-1950.0,3780.0,yonden
2019,8,2019-08-30,13:00,3910.0,880.0,3550.0,690.0,－－－－－－－－－－,20.0,720.0,0.0,10.0,0.0,40.0,-2000.0,3910.0,yonden
2019,8,2019-08-30,14:00,3920.0,880.0,3740.0,670.0,－－－－－－－－－－,20.0,620.0,0.0,10.0,0.0,50.0,-2070.0,3920.0,yonden
2019,8,2019-08-30,15:00,3810.0,880.0,3810.0,670.0,－－－－－－－－－－,20.0,420.0,0.0,10.0,0.0,50.0,-2050.0,3810.0,yonden
2019,8,2019-08-30,16:00,3730.0,880.0,3840.0,700.0,－－－－－－－－－－,20.0,170.0,0.0,20.0,0.0,50.0,-1950.0,3730.0,yonden
2019,8,2019-08-30,17:00,3680.0,880.0,3790.0,730.0,－－－－－－－－－－,20.0,50.0,0.0,20.0,0.0,150.0,-1960.0,3680.0,yonden
2019,8,2019-08-30,18:00,3650.0,880.0,3610.0,730.0,－－－－－－－－－－,20.0,0.0,0.0,0.0,0.0,370.0,-1960.0,3650.0,yonden
2019,8,2019-08-30,19:00,3510.0,880.0,3430.0,730.0,－－－－－－－－－－,20.0,0.0,0.0,0.0,0.0,340.0,-1890.0,3510.0,yonden
2019,8,2019-08-30,20:00,3290.0,880.0,3340.0,680.0,－－－－－－－－－－,20.0,0.0,0.0,0.0,0.0,260.0,-1890.0,3290.0,yonden
2019,8,2019-08-30,21:00,3060.0,880.0,3260.0,640.0,－－－－－－－－－－,20.0,0.0,0.0,0.0,0.0,50.0,-1790.0,3060.0,yonden
2019,8,2019-08-30,22:00,2860.0,880.0,3050.0,640.0,－－－－－－－－－－,20.0,0.0,0.0,0.0,0.0,40.0,-1770.0,2860.0,yonden
2019,8,2019-08-30,23:00,2720.0,880.0,2860.0,640.0,－－－－－－－－－－,20.0,0.0,0.0,0.0,0.0,40.0,-1720.0,2720.0,yonden
2019,8,2019-08-31,00:00,2510.0,880.0,2790.0,610.0,－－－－－－－－－－,20.0,0.0,0.0,0.0,0.0,40.0,-1830.0,2510.0,yonden
2019,8,2019-08-31,01:00,2420.0,880.0,2760.0,610.0,－－－－－－－－－－,20.0,0.0,0.0,10.0,0.0,40.0,-1900.0,2420.0,yonden
2019,8,2019-08-31,02:00,2460.0,880.0,2730.0,620.0,－－－－－－－－－－,20.0,0.0,0.0,10.0,0.0,40.0,-1840.0,2460.0,yonden
2019,8,2019-08-31,03:00,2580.0,880.0,2690.0,660.0,－－－－－－－－－－,20.0,0.0,0.0,10.0,0.0,40.0,-1720.0,2580.0,yonden
2019,8,2019-08-31,04:00,2690.0,880.0,2660.0,680.0,－－－－－－－－－－,20.0,0.0,0.0,20.0,0.0,40.0,-1610.0,2690.0,yonden
2019,8,2019-08-31,05:00,2710.0,880.0,2620.0,680.0,－－－－－－－－－－,20.0,10.0,0.0,20.0,0.0,20.0,-1540.0,2710.0,yonden
2019,8,2019-08-31,06:00,2600.0,880.0,2590.0,610.0,－－－－－－－－－－,20.0,190.0,0.0,30.0,0.0,0.0,-1720.0,2600.0,yonden
2019,8,2019-08-31,07:00,2570.0,880.0,2650.0,640.0,－－－－－－－－－－,20.0,380.0,0.0,20.0,0.0,-200.0,-1820.0,2570.0,yonden
2019,8,2019-08-31,08:00,2910.0,880.0,2720.0,640.0,－－－－－－－－－－,20.0,460.0,0.0,10.0,0.0,-70.0,-1750.0,2910.0,yonden
2019,8,2019-08-31,09:00,3130.0,880.0,2690.0,630.0,－－－－－－－－－－,20.0,570.0,0.0,0.0,0.0,30.0,-1690.0,3130.0,yonden
2019,8,2019-08-31,10:00,3210.0,880.0,2660.0,590.0,－－－－－－－－－－,20.0,800.0,0.0,0.0,0.0,-120.0,-1620.0,3210.0,yonden
2019,8,2019-08-31,11:00,3360.0,880.0,2840.0,660.0,－－－－－－－－－－,20.0,870.0,0.0,0.0,0.0,-260.0,-1650.0,3360.0,yonden
2019,8,2019-08-31,12:00,3280.0,880.0,2930.0,640.0,－－－－－－－－－－,20.0,640.0,0.0,10.0,0.0,10.0,-1850.0,3280.0,yonden
2019,8,2019-08-31,13:00,3290.0,880.0,2920.0,700.0,－－－－－－－－－－,20.0,310.0,0.0,0.0,0.0,430.0,-1970.0,3290.0,yonden
2019,8,2019-08-31,14:00,3070.0,880.0,2890.0,680.0,－－－－－－－－－－,20.0,190.0,0.0,0.0,0.0,410.0,-2000.0,3070.0,yonden
2019,8,2019-08-31,15:00,2930.0,880.0,2970.0,670.0,－－－－－－－－－－,20.0,120.0,0.0,10.0,0.0,300.0,-2040.0,2930.0,yonden
2019,8,2019-08-31,16:00,2980.0,880.0,3100.0,660.0,－－－－－－－－－－,20.0,60.0,0.0,0.0,0.0,380.0,-2120.0,2980.0,yonden
2019,8,2019-08-31,17:00,2970.0,880.0,3090.0,660.0,－－－－－－－－－－,20.0,30.0,0.0,10.0,0.0,270.0,-1990.0,2970.0,yonden
2019,8,2019-08-31,18:00,3020.0,880.0,3100.0,700.0,－－－－－－－－－－,20.0,0.0,0.0,10.0,0.0,50.0,-1740.0,3020.0,yonden
2019,8,2019-08-31,19:00,2950.0,880.0,3050.0,690.0,－－－－－－－－－－,20.0,0.0,0.0,0.0,0.0,50.0,-1740.0,2950.0,yonden
2019,8,2019-08-31,20:00,2810.0,880.0,3050.0,640.0,－－－－－－－－－－,20.0,0.0,0.0,0.0,0.0,20.0,-1800.0,2810.0,yonden
2019,8,2019-08-31,21:00,2650.0,880.0,2940.0,620.0,－－－－－－－－－－,20.0,0.0,0.0,10.0,0.0,0.0,-1820.0,2650.0,yonden
2019,8,2019-08-31,22:00,2490.0,880.0,2970.0,670.0,－－－－－－－－－－,20.0,0.0,0.0,10.0,0.0,-250.0,-1810.0,2490.0,yonden
2019,8,2019-08-31,23:00,2390.0,880.0,2860.0,660.0,－－－－－－－－－－,20.0,0.0,0.0,10.0,0.0,-270.0,-1770.0,2390.0,yonden
2019,9,2019-09-01,00:00,2240.0,870.0,2730.0,640.0,－－－－－－－－－－,50.0,0.0,0.0,0.0,0.0,-270.0,-1780.0,2240.0,yonden
2019,9,2019-09-01,01:00,2170.0,880.0,2770.0,640.0,－－－－－－－－－－,50.0,0.0,0.0,0.0,0.0,-260.0,-1910.0,2170.0,yonden
2019,9,2019-09-01,02:00,2250.0,870.0,2840.0,640.0,－－－－－－－－－－,50.0,0.0,0.0,0.0,0.0,-260.0,-1890.0,2250.0,yonden
2019,9,2019-09-01,03:00,2400.0,870.0,2880.0,650.0,－－－－－－－－－－,50.0,0.0,0.0,0.0,0.0,-260.0,-1790.0,2400.0,yonden
2019,9,2019-09-01,04:00,2550.0,880.0,2890.0,660.0,－－－－－－－－－－,50.0,0.0,0.0,0.0,0.0,-250.0,-1680.0,2550.0,yonden
2019,9,2019-09-01,05:00,2550.0,870.0,2760.0,600.0,－－－－－－－－－－,50.0,10.0,0.0,0.0,0.0,-300.0,-1440.0,2550.0,yonden
2019,9,2019-09-01,06:00,2390.0,880.0,2710.0,610.0,－－－－－－－－－－,50.0,120.0,0.0,0.0,0.0,-280.0,-1700.0,2390.0,yonden
2019,9,2019-09-01,07:00,2260.0,880.0,2710.0,640.0,－－－－－－－－－－,50.0,280.0,0.0,10.0,0.0,-260.0,-2050.0,2260.0,yonden
2019,9,2019-09-01,08:00,2380.0,880.0,2670.0,660.0,－－－－－－－－－－,50.0,590.0,0.0,0.0,0.0,-290.0,-2180.0,2380.0,yonden
2019,9,2019-09-01,09:00,2530.0,880.0,2700.0,670.0,－－－－－－－－－－,50.0,810.0,0.0,0.0,0.0,-550.0,-2030.0,2530.0,yonden
2019,9,2019-09-01,10:00,2650.0,880.0,2460.0,640.0,－－－－－－－－－－,50.0,1010.0,0.0,0.0,0.0,-330.0,-2060.0,2650.0,yonden
2019,9,2019-09-01,11:00,2810.0,880.0,2470.0,660.0,－－－－－－－－－－,50.0,1020.0,0.0,10.0,0.0,-290.0,-1990.0,2810.0,yonden
2019,9,2019-09-01,12:00,2820.0,880.0,2620.0,620.0,－－－－－－－－－－,50.0,870.0,0.0,0.0,0.0,-270.0,-1950.0,2820.0,yonden
2019,9,2019-09-01,13:00,2800.0,880.0,2290.0,610.0,－－－－－－－－－－,50.0,900.0,0.0,0.0,0.0,-20.0,-1910.0,2800.0,yonden
2019,9,2019-09-01,14:00,2790.0,880.0,2230.0,650.0,－－－－－－－－－－,50.0,840.0,0.0,0.0,0.0,10.0,-1870.0,2790.0,yonden
2019,9,2019-09-01,15:00,2740.0,880.0,2380.0,660.0,－－－－－－－－－－,50.0,680.0,0.0,0.0,0.0,20.0,-1930.0,2740.0,yonden
2019,9,2019-09-01,16:00,2930.0,880.0,2620.0,700.0,－－－－－－－－－－,50.0,430.0,0.0,0.0,0.0,50.0,-1800.0,2930.0,yonden
2019,9,2019-09-01,17:00,2990.0,880.0,2780.0,710.0,－－－－－－－－－－,50.0,140.0,0.0,0.0,0.0,60.0,-1630.0,2990.0,yonden
2019,9,2019-09-01,18:00,3040.0,880.0,2760.0,680.0,－－－－－－－－－－,50.0,10.0,0.0,10.0,0.0,20.0,-1370.0,3040.0,yonden
2019,9,2019-09-01,19:00,2990.0,880.0,2710.0,640.0,－－－－－－－－－－,50.0,0.0,0.0,20.0,0.0,0.0,-1310.0,2990.0,yonden
2019,9,2019-09-01,20:00,2870.0,880.0,2600.0,620.0,－－－－－－－－－－,50.0,0.0,0.0,20.0,0.0,0.0,-1300.0,2870.0,yonden
2019,9,2019-09-01,21:00,2690.0,880.0,2570.0,630.0,－－－－－－－－－－,50.0,0.0,0.0,30.0,0.0,0.0,-1470.0,2690.0,yonden
2019,9,2019-09-01,22:00,2520.0,880.0,2470.0,620.0,－－－－－－－－－－,50.0,0.0,0.0,40.0,0.0,0.0,-1540.0,2520.0,yonden
2019,9,2019-09-01,23:00,2420.0,880.0,2490.0,570.0,－－－－－－－－－－,50.0,0.0,0.0,40.0,0.0,0.0,-1610.0,2420.0,yonden
2019,9,2019-09-02,00:00,2280.0,880.0,2740.0,600.0,－－－－－－－－－－,50.0,0.0,0.0,50.0,0.0,20.0,-2060.0,2280.0,yonden
2019,9,2019-09-02,01:00,2210.0,880.0,2800.0,610.0,－－－－－－－－－－,50.0,0.0,0.0,40.0,0.0,20.0,-2190.0,2210.0,yonden
2019,9,2019-09-02,02:00,2290.0,880.0,2890.0,610.0,－－－－－－－－－－,50.0,0.0,0.0,30.0,0.0,30.0,-2200.0,2290.0,yonden
2019,9,2019-09-02,03:00,2450.0,880.0,2940.0,630.0,－－－－－－－－－－,50.0,0.0,0.0,40.0,0.0,40.0,-2130.0,2450.0,yonden
2019,9,2019-09-02,04:00,2620.0,880.0,2990.0,640.0,－－－－－－－－－－,50.0,0.0,0.0,30.0,0.0,30.0,-2000.0,2620.0,yonden
2019,9,2019-09-02,05:00,2680.0,880.0,2990.0,630.0,－－－－－－－－－－,50.0,10.0,0.0,20.0,0.0,20.0,-1920.0,2680.0,yonden
2019,9,2019-09-02,06:00,2670.0,880.0,2990.0,610.0,－－－－－－－－－－,50.0,160.0,0.0,10.0,0.0,0.0,-2030.0,2670.0,yonden
2019,9,2019-09-02,07:00,2830.0,880.0,3020.0,630.0,－－－－－－－－－－,50.0,430.0,0.0,10.0,0.0,0.0,-2190.0,2830.0,yonden
2019,9,2019-09-02,08:00,3350.0,880.0,3220.0,650.0,－－－－－－－－－－,50.0,770.0,0.0,10.0,0.0,20.0,-2250.0,3350.0,yonden
2019,9,2019-09-02,09:00,3750.0,880.0,3360.0,660.0,－－－－－－－－－－,50.0,1110.0,0.0,10.0,0.0,40.0,-2360.0,3750.0,yonden
2019,9,2019-09-02,10:00,3960.0,880.0,3410.0,600.0,－－－－－－－－－－,50.0,1350.0,0.0,0.0,0.0,40.0,-2370.0,3960.0,yonden
2019,9,2019-09-02,11:00,4110.0,880.0,3420.0,570.0,－－－－－－－－－－,50.0,1450.0,0.0,0.0,0.0,30.0,-2290.0,4110.0,yonden
2019,9,2019-09-02,12:00,4060.0,880.0,3440.0,560.0,－－－－－－－－－－,50.0,1460.0,0.0,0.0,0.0,30.0,-2360.0,4060.0,yonden
2019,9,2019-09-02,13:00,4270.0,880.0,3630.0,610.0,－－－－－－－－－－,50.0,1270.0,0.0,0.0,0.0,170.0,-2340.0,4270.0,yonden
2019,9,2019-09-02,14:00,4200.0,880.0,3670.0,650.0,－－－－－－－－－－,50.0,1050.0,0.0,0.0,0.0,240.0,-2340.0,4200.0,yonden
2019,9,2019-09-02,15:00,4150.0,880.0,3720.0,630.0,－－－－－－－－－－,50.0,770.0,0.0,10.0,0.0,380.0,-2290.0,4150.0,yonden
2019,9,2019-09-02,16:00,4120.0,880.0,3780.0,660.0,－－－－－－－－－－,30.0,460.0,0.0,20.0,0.0,530.0,-2240.0,4120.0,yonden
2019,9,2019-09-02,17:00,4010.0,880.0,3790.0,680.0,－－－－－－－－－－,30.0,180.0,0.0,30.0,0.0,500.0,-2080.0,4010.0,yonden
2019,9,2019-09-02,18:00,3950.0,880.0,3820.0,700.0,－－－－－－－－－－,30.0,10.0,0.0,40.0,0.0,410.0,-1940.0,3950.0,yonden
2019,9,2019-09-02,19:00,3770.0,880.0,3780.0,660.0,－－－－－－－－－－,30.0,0.0,0.0,50.0,0.0,250.0,-1880.0,3770.0,yonden
2019,9,2019-09-02,20:00,3520.0,880.0,3660.0,640.0,－－－－－－－－－－,30.0,0.0,0.0,30.0,0.0,20.0,-1740.0,3520.0,yonden
2019,9,2019-09-02,21:00,3280.0,880.0,3450.0,580.0,－－－－－－－－－－,30.0,0.0,0.0,40.0,0.0,0.0,-1700.0,3280.0,yonden
2019,9,2019-09-02,22:00,3030.0,880.0,3230.0,520.0,－－－－－－－－－－,30.0,0.0,0.0,30.0,0.0,0.0,-1660.0,3030.0,yonden
2019,9,2019-09-02,23:00,2870.0,880.0,3100.0,510.0,－－－－－－－－－－,30.0,0.0,0.0,30.0,0.0,0.0,-1680.0,2870.0,yonden
2019,9,2019-09-03,00:00,2640.0,870.0,3130.0,500.0,－－－－－－－－－－,30.0,0.0,0.0,30.0,0.0,-160.0,-1760.0,2640.0,yonden
2019,9,2019-09-03,01:00,2530.0,880.0,3080.0,450.0,－－－－－－－－－－,30.0,0.0,0.0,20.0,0.0,-310.0,-1620.0,2530.0,yonden
2019,9,2019-09-03,02:00,2550.0,870.0,3050.0,470.0,－－－－－－－－－－,30.0,0.0,0.0,20.0,0.0,-300.0,-1590.0,2550.0,yonden
2019,9,2019-09-03,03:00,2670.0,870.0,2970.0,600.0,－－－－－－－－－－,30.0,0.0,0.0,10.0,0.0,-270.0,-1540.0,2670.0,yonden
2019,9,2019-09-03,04:00,2790.0,880.0,2930.0,640.0,－－－－－－－－－－,30.0,0.0,0.0,10.0,0.0,-260.0,-1440.0,2790.0,yonden
2019,9,2019-09-03,05:00,2870.0,880.0,2930.0,580.0,－－－－－－－－－－,30.0,10.0,0.0,10.0,0.0,-270.0,-1300.0,2870.0,yonden
2019,9,2019-09-03,06:00,2900.0,880.0,2890.0,570.0,－－－－－－－－－－,30.0,220.0,0.0,10.0,0.0,-110.0,-1590.0,2900.0,yonden
2019,9,2019-09-03,07:00,3050.0,880.0,3060.0,570.0,－－－－－－－－－－,30.0,560.0,0.0,0.0,0.0,10.0,-2060.0,3050.0,yonden
2019,9,2019-09-03,08:00,3590.0,880.0,3370.0,610.0,－－－－－－－－－－,30.0,920.0,0.0,0.0,0.0,30.0,-2250.0,3590.0,yonden
2019,9,2019-09-03,09:00,3970.0,880.0,3470.0,600.0,－－－－－－－－－－,30.0,1190.0,0.0,0.0,0.0,30.0,-2230.0,3970.0,yonden
2019,9,2019-09-03,10:00,4160.0,880.0,3380.0,560.0,－－－－－－－－－－,30.0,1330.0,0.0,0.0,0.0,0.0,-2020.0,4160.0,yonden
2019,9,2019-09-03,11:00,4270.0,880.0,3320.0,560.0,－－－－－－－－－－,30.0,1410.0,0.0,0.0,0.0,0.0,-1930.0,4270.0,yonden
2019,9,2019-09-03,12:00,4200.0,880.0,3320.0,530.0,－－－－－－－－－－,30.0,1450.0,0.0,0.0,0.0,0.0,-2010.0,4200.0,yonden
2019,9,2019-09-03,13:00,4460.0,880.0,3720.0,620.0,－－－－－－－－－－,30.0,1310.0,0.0,10.0,0.0,30.0,-2140.0,4460.0,yonden
2019,9,2019-09-03,14:00,4370.0,880.0,3820.0,610.0,－－－－－－－－－－,30.0,970.0,0.0,10.0,0.0,270.0,-2220.0,4370.0,yonden
2019,9,2019-09-03,15:00,4300.0,880.0,3830.0,640.0,－－－－－－－－－－,30.0,620.0,0.0,20.0,0.0,460.0,-2180.0,4300.0,yonden
2019,9,2019-09-03,16:00,4290.0,880.0,3800.0,660.0,－－－－－－－－－－,30.0,290.0,0.0,40.0,0.0,590.0,-2000.0,4290.0,yonden
2019,9,2019-09-03,17:00,4090.0,880.0,3720.0,720.0,－－－－－－－－－－,50.0,100.0,0.0,50.0,0.0,340.0,-1770.0,4090.0,yonden
2019,9,2019-09-03,18:00,4050.0,880.0,3750.0,710.0,－－－－－－－－－－,60.0,10.0,0.0,40.0,0.0,190.0,-1590.0,4050.0,yonden
2019,9,2019-09-03,19:00,3860.0,880.0,3690.0,730.0,－－－－－－－－－－,60.0,0.0,0.0,40.0,0.0,50.0,-1590.0,3860.0,yonden
2019,9,2019-09-03,20:00,3620.0,880.0,3610.0,660.0,－－－－－－－－－－,60.0,0.0,0.0,30.0,0.0,10.0,-1630.0,3620.0,yonden
2019,9,2019-09-03,21:00,3350.0,880.0,3430.0,600.0,－－－－－－－－－－,60.0,0.0,0.0,40.0,0.0,0.0,-1660.0,3350.0,yonden
2019,9,2019-09-03,22:00,3090.0,880.0,3200.0,550.0,－－－－－－－－－－,60.0,0.0,0.0,40.0,0.0,30.0,-1670.0,3090.0,yonden
2019,9,2019-09-03,23:00,2920.0,880.0,3000.0,520.0,－－－－－－－－－－,60.0,0.0,0.0,30.0,0.0,40.0,-1610.0,2920.0,yonden
2019,9,2019-09-04,00:00,2700.0,880.0,2940.0,530.0,－－－－－－－－－－,60.0,0.0,0.0,30.0,0.0,10.0,-1750.0,2700.0,yonden
2019,9,2019-09-04,01:00,2570.0,880.0,2860.0,560.0,－－－－－－－－－－,50.0,0.0,0.0,30.0,0.0,-270.0,-1540.0,2570.0,yonden
2019,9,2019-09-04,02:00,2600.0,880.0,2850.0,600.0,－－－－－－－－－－,60.0,0.0,0.0,30.0,0.0,-270.0,-1550.0,2600.0,yonden
2019,9,2019-09-04,03:00,2710.0,880.0,2900.0,630.0,－－－－－－－－－－,60.0,0.0,0.0,20.0,0.0,-270.0,-1510.0,2710.0,yonden
2019,9,2019-09-04,04:00,2850.0,880.0,3040.0,650.0,－－－－－－－－－－,60.0,0.0,0.0,20.0,0.0,-260.0,-1540.0,2850.0,yonden
2019,9,2019-09-04,05:00,2910.0,880.0,3050.0,650.0,－－－－－－－－－－,60.0,10.0,0.0,20.0,0.0,-260.0,-1500.0,2910.0,yonden
2019,9,2019-09-04,06:00,2960.0,880.0,3060.0,550.0,－－－－－－－－－－,50.0,220.0,0.0,10.0,0.0,-290.0,-1520.0,2960.0,yonden
2019,9,2019-09-04,07:00,3130.0,880.0,3080.0,530.0,－－－－－－－－－－,50.0,570.0,0.0,10.0,0.0,-140.0,-1850.0,3130.0,yonden
2019,9,2019-09-04,08:00,3710.0,880.0,3260.0,560.0,－－－－－－－－－－,60.0,980.0,0.0,0.0,0.0,20.0,-2050.0,3710.0,yonden
2019,9,2019-09-04,09:00,4120.0,880.0,3470.0,660.0,－－－－－－－－－－,50.0,1300.0,0.0,10.0,0.0,30.0,-2280.0,4120.0,yonden
2019,9,2019-09-04,10:00,4340.0,880.0,3660.0,700.0,－－－－－－－－－－,50.0,1430.0,0.0,20.0,0.0,40.0,-2440.0,4340.0,yonden
2019,9,2019-09-04,11:00,4460.0,880.0,3640.0,700.0,－－－－－－－－－－,50.0,1540.0,0.0,20.0,0.0,30.0,-2400.0,4460.0,yonden
2019,9,2019-09-04,12:00,4340.0,880.0,3560.0,570.0,－－－－－－－－－－,50.0,1520.0,0.0,20.0,0.0,20.0,-2280.0,4340.0,yonden
2019,9,2019-09-04,13:00,4500.0,880.0,3650.0,620.0,－－－－－－－－－－,50.0,1210.0,0.0,30.0,0.0,180.0,-2120.0,4500.0,yonden
2019,9,2019-09-04,14:00,4400.0,880.0,3650.0,640.0,－－－－－－－－－－,50.0,890.0,0.0,40.0,0.0,270.0,-2020.0,4400.0,yonden
2019,9,2019-09-04,15:00,4200.0,880.0,3680.0,590.0,－－－－－－－－－－,50.0,560.0,0.0,30.0,0.0,230.0,-1820.0,4200.0,yonden
2019,9,2019-09-04,16:00,4150.0,880.0,3680.0,600.0,－－－－－－－－－－,50.0,360.0,0.0,30.0,0.0,290.0,-1740.0,4150.0,yonden
2019,9,2019-09-04,17:00,4100.0,880.0,3730.0,720.0,－－－－－－－－－－,50.0,150.0,0.0,20.0,0.0,260.0,-1710.0,4100.0,yonden
2019,9,2019-09-04,18:00,4050.0,880.0,3700.0,760.0,－－－－－－－－－－,60.0,10.0,0.0,20.0,0.0,190.0,-1570.0,4050.0,yonden
2019,9,2019-09-04,19:00,3880.0,880.0,3650.0,750.0,－－－－－－－－－－,60.0,0.0,0.0,40.0,0.0,80.0,-1580.0,3880.0,yonden
2019,9,2019-09-04,20:00,3630.0,880.0,3620.0,670.0,－－－－－－－－－－,60.0,0.0,0.0,40.0,0.0,0.0,-1640.0,3630.0,yonden
2019,9,2019-09-04,21:00,3350.0,880.0,3320.0,570.0,－－－－－－－－－－,50.0,0.0,0.0,60.0,0.0,0.0,-1530.0,3350.0,yonden
2019,9,2019-09-04,22:00,3110.0,880.0,3140.0,540.0,－－－－－－－－－－,50.0,0.0,0.0,60.0,0.0,0.0,-1560.0,3110.0,yonden
2019,9,2019-09-04,23:00,2930.0,880.0,2910.0,530.0,－－－－－－－－－－,50.0,0.0,0.0,60.0,0.0,0.0,-1500.0,2930.0,yonden
2019,9,2019-09-05,00:00,2690.0,870.0,2790.0,640.0,－－－－－－－－－－,50.0,0.0,0.0,50.0,0.0,-260.0,-1450.0,2690.0,yonden
2019,9,2019-09-05,01:00,2550.0,880.0,2710.0,610.0,－－－－－－－－－－,50.0,0.0,0.0,40.0,0.0,-310.0,-1430.0,2550.0,yonden
2019,9,2019-09-05,02:00,2570.0,870.0,2770.0,560.0,－－－－－－－－－－,50.0,0.0,0.0,50.0,0.0,-300.0,-1430.0,2570.0,yonden
2019,9,2019-09-05,03:00,2690.0,870.0,2840.0,580.0,－－－－－－－－－－,50.0,0.0,0.0,40.0,0.0,-300.0,-1390.0,2690.0,yonden
2019,9,2019-09-05,04:00,2810.0,880.0,2840.0,580.0,－－－－－－－－－－,50.0,0.0,0.0,30.0,0.0,-300.0,-1270.0,2810.0,yonden
2019,9,2019-09-05,05:00,2900.0,880.0,2800.0,570.0,－－－－－－－－－－,50.0,10.0,0.0,40.0,0.0,-300.0,-1150.0,2900.0,yonden
2019,9,2019-09-05,06:00,2960.0,880.0,2800.0,530.0,－－－－－－－－－－,50.0,160.0,0.0,30.0,0.0,-300.0,-1190.0,2960.0,yonden
2019,9,2019-09-05,07:00,3140.0,880.0,3110.0,540.0,－－－－－－－－－－,50.0,350.0,0.0,30.0,0.0,-20.0,-1800.0,3140.0,yonden
2019,9,2019-09-05,08:00,3680.0,880.0,3580.0,550.0,－－－－－－－－－－,50.0,550.0,0.0,20.0,0.0,50.0,-2000.0,3680.0,yonden
2019,9,2019-09-05,09:00,4020.0,880.0,3620.0,620.0,－－－－－－－－－－,50.0,660.0,0.0,30.0,0.0,180.0,-2020.0,4020.0,yonden
2019,9,2019-09-05,10:00,4200.0,880.0,3520.0,710.0,－－－－－－－－－－,50.0,1000.0,0.0,30.0,0.0,40.0,-2030.0,4200.0,yonden
2019,9,2019-09-05,11:00,4370.0,880.0,3600.0,730.0,－－－－－－－－－－,50.0,940.0,0.0,50.0,0.0,40.0,-1920.0,4370.0,yonden
2019,9,2019-09-05,12:00,4030.0,880.0,3440.0,580.0,－－－－－－－－－－,50.0,760.0,0.0,40.0,0.0,40.0,-1760.0,4030.0,yonden
2019,9,2019-09-05,13:00,4210.0,880.0,3500.0,630.0,－－－－－－－－－－,50.0,860.0,0.0,70.0,0.0,50.0,-1830.0,4210.0,yonden
2019,9,2019-09-05,14:00,4210.0,880.0,3430.0,650.0,－－－－－－－－－－,50.0,850.0,0.0,60.0,0.0,40.0,-1750.0,4210.0,yonden
2019,9,2019-09-05,15:00,4110.0,880.0,3450.0,680.0,－－－－－－－－－－,50.0,530.0,0.0,70.0,0.0,50.0,-1600.0,4110.0,yonden
2019,9,2019-09-05,16:00,4050.0,880.0,3600.0,710.0,－－－－－－－－－－,50.0,240.0,0.0,50.0,0.0,120.0,-1600.0,4050.0,yonden
2019,9,2019-09-05,17:00,4060.0,880.0,3510.0,730.0,－－－－－－－－－－,50.0,140.0,0.0,60.0,0.0,200.0,-1510.0,4060.0,yonden
2019,9,2019-09-05,18:00,3970.0,880.0,3360.0,710.0,－－－－－－－－－－,50.0,10.0,0.0,70.0,0.0,190.0,-1300.0,3970.0,yonden
2019,9,2019-09-05,19:00,3780.0,880.0,3410.0,670.0,－－－－－－－－－－,50.0,0.0,0.0,70.0,0.0,190.0,-1490.0,3780.0,yonden
2019,9,2019-09-05,20:00,3530.0,880.0,3440.0,620.0,－－－－－－－－－－,50.0,0.0,0.0,80.0,0.0,50.0,-1590.0,3530.0,yonden
2019,9,2019-09-05,21:00,3290.0,880.0,3370.0,610.0,－－－－－－－－－－,50.0,0.0,0.0,90.0,0.0,40.0,-1750.0,3290.0,yonden
2019,9,2019-09-05,22:00,3030.0,880.0,3110.0,560.0,－－－－－－－－－－,50.0,0.0,0.0,90.0,0.0,40.0,-1700.0,3030.0,yonden
2019,9,2019-09-05,23:00,2890.0,880.0,2930.0,560.0,－－－－－－－－－－,60.0,0.0,0.0,90.0,0.0,30.0,-1660.0,2890.0,yonden
2019,9,2019-09-06,00:00,2640.0,880.0,2800.0,550.0,－－－－－－－－－－,60.0,0.0,0.0,90.0,0.0,40.0,-1780.0,2640.0,yonden
2019,9,2019-09-06,01:00,2520.0,880.0,2700.0,530.0,－－－－－－－－－－,60.0,0.0,0.0,100.0,0.0,-20.0,-1730.0,2520.0,yonden
2019,9,2019-09-06,02:00,2540.0,880.0,2760.0,560.0,－－－－－－－－－－,50.0,0.0,0.0,100.0,0.0,-260.0,-1550.0,2540.0,yonden
2019,9,2019-09-06,03:00,2680.0,880.0,2790.0,580.0,－－－－－－－－－－,60.0,0.0,0.0,90.0,0.0,-270.0,-1450.0,2680.0,yonden
2019,9,2019-09-06,04:00,2800.0,880.0,2820.0,600.0,－－－－－－－－－－,60.0,0.0,0.0,90.0,0.0,-260.0,-1390.0,2800.0,yonden
2019,9,2019-09-06,05:00,2880.0,880.0,2760.0,580.0,－－－－－－－－－－,60.0,10.0,0.0,90.0,0.0,50.0,-1550.0,2880.0,yonden
2019,9,2019-09-06,06:00,2910.0,880.0,2720.0,540.0,－－－－－－－－－－,60.0,170.0,0.0,90.0,0.0,-50.0,-1500.0,2910.0,yonden
2019,9,2019-09-06,07:00,3100.0,880.0,2980.0,580.0,－－－－－－－－－－,60.0,440.0,0.0,90.0,0.0,-220.0,-1710.0,3100.0,yonden
2019,9,2019-09-06,08:00,3700.0,880.0,2920.0,560.0,－－－－－－－－－－,60.0,820.0,0.0,100.0,0.0,50.0,-1690.0,3700.0,yonden
2019,9,2019-09-06,09:00,4120.0,880.0,3070.0,610.0,－－－－－－－－－－,50.0,1210.0,0.0,100.0,0.0,50.0,-1850.0,4120.0,yonden
2019,9,2019-09-06,10:00,4390.0,880.0,3140.0,620.0,－－－－－－－－－－,50.0,1530.0,0.0,110.0,0.0,50.0,-1990.0,4390.0,yonden
2019,9,2019-09-06,11:00,4550.0,880.0,3200.0,650.0,－－－－－－－－－－,50.0,1630.0,0.0,100.0,0.0,60.0,-2020.0,4550.0,yonden
2019,9,2019-09-06,12:00,4460.0,880.0,3160.0,570.0,－－－－－－－－－－,50.0,1590.0,0.0,100.0,0.0,60.0,-1950.0,4460.0,yonden
2019,9,2019-09-06,13:00,4610.0,880.0,3440.0,580.0,－－－－－－－－－－,50.0,1450.0,0.0,100.0,0.0,60.0,-1950.0,4610.0,yonden
2019,9,2019-09-06,14:00,4620.0,880.0,3660.0,600.0,－－－－－－－－－－,50.0,1200.0,0.0,100.0,0.0,250.0,-2120.0,4620.0,yonden
2019,9,2019-09-06,15:00,4520.0,880.0,3590.0,620.0,－－－－－－－－－－,50.0,890.0,0.0,100.0,0.0,430.0,-2040.0,4520.0,yonden
2019,9,2019-09-06,16:00,4520.0,880.0,3610.0,680.0,－－－－－－－－－－,50.0,560.0,0.0,110.0,0.0,450.0,-1820.0,4520.0,yonden
2019,9,2019-09-06,17:00,4310.0,880.0,3600.0,680.0,－－－－－－－－－－,50.0,230.0,0.0,120.0,0.0,350.0,-1600.0,4310.0,yonden
2019,9,2019-09-06,18:00,4110.0,880.0,3540.0,680.0,－－－－－－－－－－,50.0,10.0,0.0,120.0,0.0,250.0,-1420.0,4110.0,yonden
2019,9,2019-09-06,19:00,3930.0,880.0,3510.0,680.0,－－－－－－－－－－,50.0,0.0,0.0,120.0,0.0,240.0,-1550.0,3930.0,yonden
2019,9,2019-09-06,20:00,3680.0,880.0,3500.0,620.0,－－－－－－－－－－,50.0,0.0,0.0,130.0,0.0,190.0,-1690.0,3680.0,yonden
2019,9,2019-09-06,21:00,3410.0,880.0,3420.0,590.0,－－－－－－－－－－,50.0,0.0,0.0,120.0,0.0,50.0,-1700.0,3410.0,yonden
2019,9,2019-09-06,22:00,3180.0,880.0,3160.0,580.0,－－－－－－－－－－,50.0,0.0,0.0,130.0,0.0,50.0,-1670.0,3180.0,yonden
2019,9,2019-09-06,23:00,3030.0,880.0,3000.0,560.0,－－－－－－－－－－,60.0,0.0,0.0,140.0,0.0,50.0,-1660.0,3030.0,yonden
2019,9,2019-09-07,00:00,2790.0,870.0,2790.0,570.0,－－－－－－－－－－,60.0,0.0,0.0,140.0,0.0,50.0,-1690.0,2790.0,yonden
2019,9,2019-09-07,01:00,2640.0,880.0,2590.0,560.0,－－－－－－－－－－,60.0,0.0,0.0,140.0,0.0,50.0,-1640.0,2640.0,yonden
2019,9,2019-09-07,02:00,2660.0,880.0,2630.0,510.0,－－－－－－－－－－,60.0,0.0,0.0,130.0,0.0,50.0,-1600.0,2660.0,yonden
2019,9,2019-09-07,03:00,2750.0,870.0,2790.0,550.0,－－－－－－－－－－,60.0,0.0,0.0,140.0,0.0,-130.0,-1530.0,2750.0,yonden
2019,9,2019-09-07,04:00,2860.0,880.0,2850.0,580.0,－－－－－－－－－－,60.0,0.0,0.0,130.0,0.0,-250.0,-1390.0,2860.0,yonden
2019,9,2019-09-07,05:00,2900.0,880.0,2880.0,560.0,－－－－－－－－－－,60.0,10.0,0.0,130.0,0.0,-250.0,-1370.0,2900.0,yonden
2019,9,2019-09-07,06:00,2860.0,880.0,2780.0,590.0,－－－－－－－－－－,60.0,200.0,0.0,130.0,0.0,-250.0,-1530.0,2860.0,yonden
2019,9,2019-09-07,07:00,2960.0,880.0,2400.0,570.0,－－－－－－－－－－,50.0,550.0,0.0,140.0,0.0,30.0,-1660.0,2960.0,yonden
2019,9,2019-09-07,08:00,3430.0,880.0,2620.0,570.0,－－－－－－－－－－,60.0,920.0,0.0,130.0,0.0,50.0,-1800.0,3430.0,yonden
2019,9,2019-09-07,09:00,3790.0,880.0,2920.0,580.0,－－－－－－－－－－,50.0,1190.0,0.0,130.0,0.0,50.0,-2010.0,3790.0,yonden
2019,9,2019-09-07,10:00,3980.0,880.0,2990.0,610.0,－－－－－－－－－－,50.0,1380.0,0.0,130.0,0.0,50.0,-2110.0,3980.0,yonden
2019,9,2019-09-07,11:00,4080.0,880.0,3110.0,640.0,－－－－－－－－－－,50.0,1380.0,0.0,120.0,0.0,60.0,-2160.0,4080.0,yonden
2019,9,2019-09-07,12:00,4030.0,880.0,3080.0,620.0,－－－－－－－－－－,50.0,1330.0,0.0,130.0,0.0,190.0,-2250.0,4030.0,yonden
2019,9,2019-09-07,13:00,4130.0,880.0,3150.0,610.0,－－－－－－－－－－,50.0,1270.0,0.0,110.0,0.0,190.0,-2130.0,4130.0,yonden
2019,9,2019-09-07,14:00,4070.0,880.0,3230.0,600.0,－－－－－－－－－－,50.0,1090.0,0.0,110.0,0.0,190.0,-2080.0,4070.0,yonden
2019,9,2019-09-07,15:00,4010.0,880.0,3230.0,600.0,－－－－－－－－－－,50.0,890.0,0.0,110.0,0.0,190.0,-1940.0,4010.0,yonden
2019,9,2019-09-07,16:00,4010.0,880.0,3310.0,630.0,－－－－－－－－－－,50.0,540.0,0.0,90.0,0.0,190.0,-1680.0,4010.0,yonden
2019,9,2019-09-07,17:00,3910.0,880.0,3300.0,690.0,－－－－－－－－－－,50.0,210.0,0.0,90.0,0.0,140.0,-1450.0,3910.0,yonden
2019,9,2019-09-07,18:00,3780.0,880.0,3260.0,660.0,－－－－－－－－－－,50.0,10.0,0.0,90.0,0.0,50.0,-1220.0,3780.0,yonden
2019,9,2019-09-07,19:00,3660.0,880.0,3220.0,640.0,－－－－－－－－－－,50.0,0.0,0.0,90.0,0.0,50.0,-1270.0,3660.0,yonden
2019,9,2019-09-07,20:00,3480.0,880.0,3220.0,590.0,－－－－－－－－－－,50.0,0.0,0.0,80.0,0.0,50.0,-1390.0,3480.0,yonden
2019,9,2019-09-07,21:00,3270.0,880.0,3100.0,590.0,－－－－－－－－－－,50.0,0.0,0.0,90.0,0.0,50.0,-1490.0,3270.0,yonden
2019,9,2019-09-07,22:00,3040.0,880.0,2920.0,610.0,－－－－－－－－－－,50.0,0.0,0.0,90.0,0.0,50.0,-1560.0,3040.0,yonden
2019,9,2019-09-07,23:00,2870.0,880.0,2820.0,610.0,－－－－－－－－－－,50.0,0.0,0.0,80.0,0.0,60.0,-1630.0,2870.0,yonden
2019,9,2019-09-08,00:00,2660.0,880.0,2730.0,650.0,－－－－－－－－－－,50.0,0.0,0.0,60.0,0.0,50.0,-1760.0,2660.0,yonden
2019,9,2019-09-08,01:00,2540.0,880.0,2630.0,620.0,－－－－－－－－－－,50.0,0.0,0.0,60.0,0.0,50.0,-1750.0,2540.0,yonden
2019,9,2019-09-08,02:00,2560.0,880.0,2670.0,610.0,－－－－－－－－－－,50.0,0.0,0.0,40.0,0.0,50.0,-1740.0,2560.0,yonden
2019,9,2019-09-08,03:00,2650.0,880.0,2710.0,640.0,－－－－－－－－－－,50.0,0.0,0.0,40.0,0.0,50.0,-1720.0,2650.0,yonden
2019,9,2019-09-08,04:00,2750.0,880.0,2710.0,650.0,－－－－－－－－－－,50.0,0.0,0.0,30.0,0.0,50.0,-1620.0,2750.0,yonden
2019,9,2019-09-08,05:00,2770.0,880.0,2710.0,630.0,－－－－－－－－－－,50.0,0.0,0.0,30.0,0.0,50.0,-1580.0,2770.0,yonden
2019,9,2019-09-08,06:00,2700.0,880.0,2670.0,630.0,－－－－－－－－－－,50.0,190.0,0.0,40.0,0.0,50.0,-1810.0,2700.0,yonden
2019,9,2019-09-08,07:00,2700.0,880.0,2860.0,650.0,－－－－－－－－－－,50.0,490.0,0.0,30.0,0.0,-230.0,-2030.0,2700.0,yonden
2019,9,2019-09-08,08:00,2990.0,880.0,2880.0,640.0,－－－－－－－－－－,50.0,870.0,0.0,30.0,0.0,-250.0,-2110.0,2990.0,yonden
2019,9,2019-09-08,09:00,3280.0,880.0,2930.0,680.0,－－－－－－－－－－,50.0,1140.0,0.0,20.0,0.0,-250.0,-2170.0,3280.0,yonden
2019,9,2019-09-08,10:00,3490.0,880.0,2810.0,680.0,－－－－－－－－－－,50.0,1330.0,0.0,20.0,0.0,10.0,-2290.0,3490.0,yonden
2019,9,2019-09-08,11:00,3590.0,880.0,2790.0,720.0,－－－－－－－－－－,50.0,1340.0,0.0,30.0,0.0,50.0,-2270.0,3590.0,yonden
2019,9,2019-09-08,12:00,3660.0,880.0,2770.0,670.0,－－－－－－－－－－,50.0,1450.0,0.0,30.0,0.0,50.0,-2240.0,3660.0,yonden
2019,9,2019-09-08,13:00,3660.0,880.0,2750.0,670.0,－－－－－－－－－－,50.0,1400.0,0.0,20.0,0.0,50.0,-2160.0,3660.0,yonden
2019,9,2019-09-08,14:00,3660.0,880.0,2900.0,670.0,－－－－－－－－－－,50.0,1140.0,0.0,20.0,0.0,50.0,-2050.0,3660.0,yonden
2019,9,2019-09-08,15:00,3610.0,880.0,3140.0,640.0,－－－－－－－－－－,50.0,780.0,0.0,40.0,0.0,50.0,-1970.0,3610.0,yonden
2019,9,2019-09-08,16:00,3670.0,880.0,3250.0,650.0,－－－－－－－－－－,50.0,460.0,0.0,40.0,0.0,50.0,-1710.0,3670.0,yonden
2019,9,2019-09-08,17:00,3670.0,880.0,3190.0,660.0,－－－－－－－－－－,50.0,170.0,0.0,50.0,0.0,50.0,-1380.0,3670.0,yonden
2019,9,2019-09-08,18:00,3680.0,880.0,3240.0,700.0,－－－－－－－－－－,50.0,0.0,0.0,50.0,0.0,50.0,-1290.0,3680.0,yonden
2019,9,2019-09-08,19:00,3600.0,880.0,3200.0,680.0,－－－－－－－－－－,50.0,0.0,0.0,60.0,0.0,50.0,-1320.0,3600.0,yonden
2019,9,2019-09-08,20:00,3420.0,880.0,3110.0,630.0,－－－－－－－－－－,50.0,0.0,0.0,50.0,0.0,50.0,-1350.0,3420.0,yonden
2019,9,2019-09-08,21:00,3190.0,880.0,3020.0,630.0,－－－－－－－－－－,50.0,0.0,0.0,50.0,0.0,50.0,-1490.0,3190.0,yonden
2019,9,2019-09-08,22:00,2950.0,880.0,2930.0,620.0,－－－－－－－－－－,50.0,0.0,0.0,50.0,0.0,50.0,-1630.0,2950.0,yonden
2019,9,2019-09-08,23:00,2790.0,880.0,2880.0,600.0,－－－－－－－－－－,50.0,0.0,0.0,40.0,0.0,50.0,-1710.0,2790.0,yonden
2019,9,2019-09-09,00:00,2570.0,870.0,2690.0,650.0,－－－－－－－－－－,50.0,0.0,0.0,50.0,0.0,50.0,-1790.0,2570.0,yonden
2019,9,2019-09-09,01:00,2450.0,880.0,2640.0,650.0,－－－－－－－－－－,50.0,0.0,0.0,50.0,0.0,50.0,-1870.0,2450.0,yonden
2019,9,2019-09-09,02:00,2490.0,880.0,2770.0,650.0,－－－－－－－－－－,50.0,0.0,0.0,30.0,0.0,0.0,-1890.0,2490.0,yonden
2019,9,2019-09-09,03:00,2610.0,870.0,3090.0,710.0,－－－－－－－－－－,50.0,0.0,0.0,20.0,0.0,-240.0,-1890.0,2610.0,yonden
2019,9,2019-09-09,04:00,2750.0,880.0,3200.0,690.0,－－－－－－－－－－,50.0,0.0,0.0,20.0,0.0,-240.0,-1850.0,2750.0,yonden
2019,9,2019-09-09,05:00,2840.0,880.0,3270.0,690.0,－－－－－－－－－－,50.0,10.0,0.0,30.0,0.0,-240.0,-1850.0,2840.0,yonden
2019,9,2019-09-09,06:00,2980.0,880.0,3170.0,670.0,－－－－－－－－－－,50.0,250.0,0.0,30.0,0.0,-230.0,-1840.0,2980.0,yonden
2019,9,2019-09-09,07:00,3250.0,880.0,3050.0,660.0,－－－－－－－－－－,50.0,660.0,0.0,30.0,0.0,30.0,-2110.0,3250.0,yonden
2019,9,2019-09-09,08:00,3890.0,880.0,3200.0,700.0,－－－－－－－－－－,50.0,1070.0,0.0,30.0,0.0,60.0,-2100.0,3890.0,yonden
2019,9,2019-09-09,09:00,4330.0,880.0,3380.0,690.0,－－－－－－－－－－,50.0,1420.0,0.0,30.0,0.0,60.0,-2180.0,4330.0,yonden
2019,9,2019-09-09,10:00,4530.0,880.0,3450.0,710.0,－－－－－－－－－－,50.0,1630.0,0.0,30.0,0.0,60.0,-2280.0,4530.0,yonden
2019,9,2019-09-09,11:00,4700.0,880.0,3510.0,700.0,－－－－－－－－－－,50.0,1680.0,0.0,30.0,0.0,60.0,-2210.0,4700.0,yonden
2019,9,2019-09-09,12:00,4600.0,880.0,3530.0,630.0,－－－－－－－－－－,50.0,1610.0,0.0,30.0,0.0,50.0,-2180.0,4600.0,yonden
2019,9,2019-09-09,13:00,4810.0,880.0,3600.0,660.0,－－－－－－－－－－,50.0,1490.0,0.0,40.0,0.0,60.0,-1970.0,4810.0,yonden
2019,9,2019-09-09,14:00,4800.0,880.0,3740.0,670.0,－－－－－－－－－－,50.0,1250.0,0.0,50.0,0.0,60.0,-1900.0,4800.0,yonden
2019,9,2019-09-09,15:00,4730.0,880.0,3900.0,700.0,－－－－－－－－－－,50.0,900.0,0.0,50.0,0.0,60.0,-1810.0,4730.0,yonden
2019,9,2019-09-09,16:00,4800.0,880.0,4160.0,700.0,－－－－－－－－－－,50.0,550.0,0.0,60.0,0.0,410.0,-2010.0,4800.0,yonden
2019,9,2019-09-09,17:00,4640.0,880.0,4190.0,700.0,－－－－－－－－－－,50.0,220.0,0.0,70.0,0.0,340.0,-1810.0,4640.0,yonden
2019,9,2019-09-09,18:00,4450.0,880.0,4200.0,700.0,－－－－－－－－－－,50.0,10.0,0.0,60.0,0.0,260.0,-1710.0,4450.0,yonden
2019,9,2019-09-09,19:00,4240.0,880.0,4230.0,660.0,－－－－－－－－－－,60.0,0.0,0.0,40.0,0.0,200.0,-1830.0,4240.0,yonden
2019,9,2019-09-09,20:00,3950.0,880.0,3990.0,660.0,－－－－－－－－－－,60.0,0.0,0.0,40.0,0.0,50.0,-1730.0,3950.0,yonden
2019,9,2019-09-09,21:00,3660.0,880.0,3760.0,620.0,－－－－－－－－－－,50.0,0.0,0.0,30.0,0.0,50.0,-1730.0,3660.0,yonden
2019,9,2019-09-09,22:00,3370.0,880.0,3500.0,620.0,－－－－－－－－－－,50.0,0.0,0.0,30.0,0.0,30.0,-1740.0,3370.0,yonden
2019,9,2019-09-09,23:00,3150.0,880.0,3420.0,610.0,－－－－－－－－－－,60.0,0.0,0.0,30.0,0.0,-250.0,-1600.0,3150.0,yonden
2019,9,2019-09-10,00:00,2870.0,880.0,3270.0,600.0,－－－－－－－－－－,60.0,0.0,0.0,40.0,0.0,-240.0,-1740.0,2870.0,yonden
2019,9,2019-09-10,01:00,2710.0,880.0,3280.0,600.0,－－－－－－－－－－,60.0,0.0,0.0,40.0,0.0,-240.0,-1910.0,2710.0,yonden
2019,9,2019-09-10,02:00,2720.0,880.0,3300.0,620.0,－－－－－－－－－－,60.0,0.0,0.0,40.0,0.0,-240.0,-1940.0,2720.0,yonden
2019,9,2019-09-10,03:00,2810.0,880.0,3370.0,620.0,－－－－－－－－－－,70.0,0.0,0.0,30.0,0.0,-240.0,-1920.0,2810.0,yonden
2019,9,2019-09-10,04:00,2940.0,880.0,3370.0,650.0,－－－－－－－－－－,70.0,0.0,0.0,30.0,0.0,-240.0,-1820.0,2940.0,yonden
2019,9,2019-09-10,05:00,3040.0,880.0,3360.0,630.0,－－－－－－－－－－,70.0,0.0,0.0,20.0,0.0,30.0,-1950.0,3040.0,yonden
2019,9,2019-09-10,06:00,3150.0,880.0,3320.0,600.0,－－－－－－－－－－,70.0,210.0,0.0,10.0,0.0,50.0,-1990.0,3150.0,yonden
2019,9,2019-09-10,07:00,3400.0,880.0,3340.0,600.0,－－－－－－－－－－,70.0,600.0,0.0,10.0,0.0,50.0,-2150.0,3400.0,yonden
2019,9,2019-09-10,08:00,4050.0,880.0,3450.0,650.0,－－－－－－－－－－,70.0,1050.0,0.0,10.0,0.0,50.0,-2110.0,4050.0,yonden
2019,9,2019-09-10,09:00,4470.0,880.0,3520.0,680.0,－－－－－－－－－－,70.0,1330.0,0.0,0.0,0.0,50.0,-2060.0,4470.0,yonden
2019,9,2019-09-10,10:00,4630.0,880.0,3580.0,700.0,－－－－－－－－－－,70.0,1530.0,0.0,0.0,0.0,50.0,-2180.0,4630.0,yonden
2019,9,2019-09-10,11:00,4780.0,880.0,3560.0,700.0,－－－－－－－－－－,70.0,1620.0,0.0,0.0,0.0,50.0,-2100.0,4780.0,yonden
2019,9,2019-09-10,12:00,4670.0,880.0,3460.0,640.0,－－－－－－－－－－,70.0,1630.0,0.0,0.0,0.0,40.0,-2050.0,4670.0,yonden
2019,9,2019-09-10,13:00,4920.0,880.0,3760.0,640.0,－－－－－－－－－－,70.0,1550.0,0.0,0.0,0.0,40.0,-2020.0,4920.0,yonden
2019,9,2019-09-10,14:00,4970.0,880.0,4080.0,660.0,－－－－－－－－－－,70.0,1330.0,0.0,0.0,0.0,120.0,-2170.0,4970.0,yonden
2019,9,2019-09-10,15:00,4900.0,880.0,4220.0,690.0,－－－－－－－－－－,70.0,960.0,0.0,0.0,0.0,330.0,-2250.0,4900.0,yonden
2019,9,2019-09-10,16:00,4910.0,880.0,4230.0,680.0,－－－－－－－－－－,70.0,570.0,0.0,0.0,0.0,560.0,-2080.0,4910.0,yonden
2019,9,2019-09-10,17:00,4740.0,880.0,4210.0,680.0,－－－－－－－－－－,70.0,220.0,0.0,0.0,0.0,600.0,-1920.0,4740.0,yonden
2019,9,2019-09-10,18:00,4570.0,880.0,4210.0,700.0,－－－－－－－－－－,70.0,10.0,0.0,10.0,0.0,560.0,-1870.0,4570.0,yonden
2019,9,2019-09-10,19:00,4340.0,880.0,4220.0,690.0,－－－－－－－－－－,70.0,0.0,0.0,10.0,0.0,310.0,-1840.0,4340.0,yonden
2019,9,2019-09-10,20:00,4040.0,880.0,4200.0,670.0,－－－－－－－－－－,70.0,0.0,0.0,10.0,0.0,100.0,-1890.0,4040.0,yonden
2019,9,2019-09-10,21:00,3740.0,880.0,4000.0,610.0,－－－－－－－－－－,70.0,0.0,0.0,10.0,0.0,40.0,-1870.0,3740.0,yonden
2019,9,2019-09-10,22:00,3450.0,880.0,3610.0,590.0,－－－－－－－－－－,70.0,0.0,0.0,10.0,0.0,40.0,-1750.0,3450.0,yonden
2019,9,2019-09-10,23:00,3230.0,880.0,3380.0,600.0,－－－－－－－－－－,70.0,0.0,0.0,20.0,0.0,40.0,-1760.0,3230.0,yonden
2019,9,2019-09-11,00:00,2910.0,870.0,3450.0,590.0,－－－－－－－－－－,70.0,0.0,0.0,10.0,0.0,-230.0,-1850.0,2910.0,yonden
2019,9,2019-09-11,01:00,2760.0,880.0,3450.0,520.0,－－－－－－－－－－,70.0,0.0,0.0,10.0,0.0,-280.0,-1890.0,2760.0,yonden
2019,9,2019-09-11,02:00,2750.0,870.0,3450.0,520.0,－－－－－－－－－－,70.0,0.0,0.0,0.0,0.0,-560.0,-1600.0,2750.0,yonden
2019,9,2019-09-11,03:00,2820.0,870.0,3440.0,530.0,－－－－－－－－－－,70.0,0.0,0.0,0.0,0.0,-550.0,-1540.0,2820.0,yonden
2019,9,2019-09-11,04:00,2940.0,880.0,3470.0,560.0,－－－－－－－－－－,70.0,0.0,0.0,10.0,0.0,-550.0,-1500.0,2940.0,yonden
2019,9,2019-09-11,05:00,3060.0,880.0,3440.0,550.0,－－－－－－－－－－,70.0,10.0,0.0,0.0,0.0,-280.0,-1610.0,3060.0,yonden
2019,9,2019-09-11,06:00,3170.0,880.0,3330.0,550.0,－－－－－－－－－－,70.0,230.0,0.0,0.0,0.0,-250.0,-1640.0,3170.0,yonden
2019,9,2019-09-11,07:00,3440.0,880.0,3340.0,560.0,－－－－－－－－－－,70.0,620.0,0.0,0.0,0.0,-250.0,-1780.0,3440.0,yonden
2019,9,2019-09-11,08:00,4080.0,880.0,3420.0,560.0,－－－－－－－－－－,70.0,1010.0,0.0,0.0,0.0,-50.0,-1810.0,4080.0,yonden
2019,9,2019-09-11,09:00,4500.0,880.0,3460.0,570.0,－－－－－－－－－－,70.0,1370.0,0.0,0.0,0.0,40.0,-1890.0,4500.0,yonden
2019,9,2019-09-11,10:00,4680.0,880.0,3490.0,590.0,－－－－－－－－－－,70.0,1600.0,0.0,0.0,0.0,40.0,-1990.0,4680.0,yonden
2019,9,2019-09-11,11:00,4830.0,880.0,3450.0,590.0,－－－－－－－－－－,70.0,1670.0,0.0,0.0,0.0,40.0,-1870.0,4830.0,yonden
2019,9,2019-09-11,12:00,4740.0,880.0,3470.0,540.0,－－－－－－－－－－,70.0,1670.0,0.0,0.0,0.0,40.0,-1930.0,4740.0,yonden
2019,9,2019-09-11,13:00,4990.0,880.0,3900.0,570.0,－－－－－－－－－－,70.0,1610.0,0.0,0.0,0.0,40.0,-2080.0,4990.0,yonden
2019,9,2019-09-11,14:00,5000.0,880.0,4160.0,580.0,－－－－－－－－－－,70.0,1320.0,0.0,0.0,0.0,80.0,-2090.0,5000.0,yonden
2019,9,2019-09-11,15:00,4910.0,880.0,4220.0,620.0,－－－－－－－－－－,70.0,880.0,0.0,0.0,0.0,430.0,-2190.0,4910.0,yonden
2019,9,2019-09-11,16:00,4840.0,880.0,4240.0,660.0,－－－－－－－－－－,70.0,370.0,0.0,10.0,0.0,540.0,-1930.0,4840.0,yonden
2019,9,2019-09-11,17:00,4530.0,880.0,4220.0,660.0,－－－－－－－－－－,70.0,90.0,0.0,20.0,0.0,320.0,-1730.0,4530.0,yonden
2019,9,2019-09-11,18:00,4440.0,880.0,4200.0,660.0,－－－－－－－－－－,70.0,0.0,0.0,40.0,0.0,250.0,-1660.0,4440.0,yonden
2019,9,2019-09-11,19:00,4220.0,880.0,4070.0,630.0,－－－－－－－－－－,70.0,0.0,0.0,40.0,0.0,90.0,-1560.0,4220.0,yonden
2019,9,2019-09-11,20:00,3950.0,880.0,3930.0,600.0,－－－－－－－－－－,70.0,0.0,0.0,50.0,0.0,40.0,-1620.0,3950.0,yonden
2019,9,2019-09-11,21:00,3660.0,880.0,3710.0,570.0,－－－－－－－－－－,70.0,0.0,0.0,40.0,0.0,40.0,-1650.0,3660.0,yonden
2019,9,2019-09-11,22:00,3350.0,880.0,3300.0,570.0,－－－－－－－－－－,70.0,0.0,0.0,30.0,0.0,40.0,-1540.0,3350.0,yonden
2019,9,2019-09-11,23:00,3140.0,880.0,3180.0,560.0,－－－－－－－－－－,70.0,0.0,0.0,30.0,0.0,40.0,-1620.0,3140.0,yonden
2019,9,2019-09-12,00:00,2860.0,880.0,3270.0,560.0,－－－－－－－－－－,70.0,0.0,0.0,30.0,0.0,40.0,-1990.0,2860.0,yonden
2019,9,2019-09-12,01:00,2710.0,880.0,3240.0,530.0,－－－－－－－－－－,70.0,0.0,0.0,30.0,0.0,40.0,-2080.0,2710.0,yonden
2019,9,2019-09-12,02:00,2690.0,880.0,3200.0,560.0,－－－－－－－－－－,70.0,0.0,0.0,40.0,0.0,-230.0,-1830.0,2690.0,yonden
2019,9,2019-09-12,03:00,2780.0,880.0,3200.0,570.0,－－－－－－－－－－,70.0,0.0,0.0,30.0,0.0,-250.0,-1720.0,2780.0,yonden
2019,9,2019-09-12,04:00,2890.0,880.0,3200.0,570.0,－－－－－－－－－－,70.0,0.0,0.0,40.0,0.0,-230.0,-1640.0,2890.0,yonden
2019,9,2019-09-12,05:00,3000.0,880.0,3190.0,560.0,－－－－－－－－－－,70.0,0.0,0.0,60.0,0.0,40.0,-1800.0,3000.0,yonden
2019,9,2019-09-12,06:00,3070.0,880.0,3150.0,520.0,－－－－－－－－－－,70.0,130.0,0.0,70.0,0.0,40.0,-1790.0,3070.0,yonden
2019,9,2019-09-12,07:00,3220.0,880.0,3200.0,540.0,－－－－－－－－－－,70.0,320.0,0.0,50.0,0.0,30.0,-1870.0,3220.0,yonden
2019,9,2019-09-12,08:00,3750.0,880.0,3290.0,560.0,－－－－－－－－－－,70.0,580.0,0.0,60.0,0.0,30.0,-1720.0,3750.0,yonden
2019,9,2019-09-12,09:00,4120.0,880.0,3230.0,560.0,－－－－－－－－－－,70.0,940.0,0.0,50.0,0.0,30.0,-1640.0,4120.0,yonden
2019,9,2019-09-12,10:00,4280.0,880.0,3180.0,570.0,－－－－－－－－－－,70.0,1220.0,0.0,50.0,0.0,20.0,-1710.0,4280.0,yonden
2019,9,2019-09-12,11:00,4420.0,880.0,3300.0,620.0,－－－－－－－－－－,70.0,1360.0,0.0,50.0,0.0,-240.0,-1620.0,4420.0,yonden
2019,9,2019-09-12,12:00,4210.0,880.0,3270.0,530.0,－－－－－－－－－－,70.0,1320.0,0.0,60.0,0.0,-270.0,-1650.0,4210.0,yonden
2019,9,2019-09-12,13:00,4380.0,880.0,3210.0,550.0,－－－－－－－－－－,70.0,1400.0,0.0,50.0,0.0,-40.0,-1740.0,4380.0,yonden
2019,9,2019-09-12,14:00,4390.0,880.0,3320.0,560.0,－－－－－－－－－－,70.0,1210.0,0.0,50.0,0.0,0.0,-1700.0,4390.0,yonden
2019,9,2019-09-12,15:00,4270.0,880.0,3350.0,570.0,－－－－－－－－－－,70.0,880.0,0.0,60.0,0.0,0.0,-1540.0,4270.0,yonden
2019,9,2019-09-12,16:00,4240.0,880.0,3540.0,640.0,－－－－－－－－－－,70.0,510.0,0.0,70.0,0.0,0.0,-1470.0,4240.0,yonden
2019,9,2019-09-12,17:00,4040.0,880.0,3700.0,670.0,－－－－－－－－－－,70.0,170.0,0.0,70.0,0.0,10.0,-1530.0,4040.0,yonden
2019,9,2019-09-12,18:00,3920.0,880.0,3890.0,650.0,－－－－－－－－－－,70.0,0.0,0.0,50.0,0.0,50.0,-1670.0,3920.0,yonden
2019,9,2019-09-12,19:00,3720.0,880.0,3680.0,620.0,－－－－－－－－－－,70.0,0.0,0.0,40.0,0.0,50.0,-1620.0,3720.0,yonden
2019,9,2019-09-12,20:00,3470.0,880.0,3330.0,580.0,－－－－－－－－－－,70.0,0.0,0.0,20.0,0.0,10.0,-1420.0,3470.0,yonden
2019,9,2019-09-12,21:00,3230.0,880.0,3250.0,560.0,－－－－－－－－－－,70.0,0.0,0.0,20.0,0.0,0.0,-1550.0,3230.0,yonden
2019,9,2019-09-12,22:00,2980.0,880.0,3090.0,520.0,－－－－－－－－－－,70.0,0.0,0.0,30.0,0.0,0.0,-1610.0,2980.0,yonden
2019,9,2019-09-12,23:00,2810.0,880.0,3050.0,520.0,－－－－－－－－－－,70.0,0.0,0.0,10.0,0.0,0.0,-1720.0,2810.0,yonden
2019,9,2019-09-13,00:00,2590.0,870.0,3030.0,550.0,－－－－－－－－－－,70.0,0.0,0.0,10.0,0.0,0.0,-1940.0,2590.0,yonden
2019,9,2019-09-13,01:00,2490.0,880.0,2970.0,520.0,－－－－－－－－－－,70.0,0.0,0.0,0.0,0.0,0.0,-1950.0,2490.0,yonden
2019,9,2019-09-13,02:00,2510.0,880.0,2780.0,500.0,－－－－－－－－－－,70.0,0.0,0.0,10.0,0.0,0.0,-1730.0,2510.0,yonden
2019,9,2019-09-13,03:00,2640.0,870.0,2890.0,490.0,－－－－－－－－－－,70.0,0.0,0.0,0.0,0.0,0.0,-1680.0,2640.0,yonden
2019,9,2019-09-13,04:00,2760.0,880.0,2860.0,500.0,－－－－－－－－－－,70.0,0.0,0.0,10.0,0.0,0.0,-1560.0,2760.0,yonden
2019,9,2019-09-13,05:00,2880.0,880.0,3050.0,540.0,－－－－－－－－－－,70.0,0.0,0.0,10.0,0.0,40.0,-1710.0,2880.0,yonden
2019,9,2019-09-13,06:00,2910.0,880.0,3080.0,510.0,－－－－－－－－－－,70.0,90.0,0.0,20.0,0.0,30.0,-1770.0,2910.0,yonden
2019,9,2019-09-13,07:00,3030.0,880.0,3340.0,530.0,－－－－－－－－－－,70.0,170.0,0.0,20.0,0.0,30.0,-2010.0,3030.0,yonden
2019,9,2019-09-13,08:00,3520.0,880.0,3660.0,540.0,－－－－－－－－－－,70.0,300.0,0.0,10.0,0.0,30.0,-1970.0,3520.0,yonden
2019,9,2019-09-13,09:00,3740.0,880.0,3630.0,560.0,－－－－－－－－－－,70.0,610.0,0.0,10.0,0.0,20.0,-2040.0,3740.0,yonden
2019,9,2019-09-13,10:00,3960.0,880.0,3400.0,560.0,－－－－－－－－－－,70.0,1130.0,0.0,0.0,0.0,20.0,-2100.0,3960.0,yonden
2019,9,2019-09-13,11:00,4070.0,880.0,3230.0,520.0,－－－－－－－－－－,70.0,1370.0,0.0,10.0,0.0,20.0,-2030.0,4070.0,yonden
2019,9,2019-09-13,12:00,3910.0,880.0,3310.0,440.0,－－－－－－－－－－,70.0,1350.0,0.0,10.0,0.0,20.0,-2170.0,3910.0,yonden
2019,9,2019-09-13,13:00,4110.0,880.0,3230.0,450.0,－－－－－－－－－－,70.0,1460.0,0.0,10.0,0.0,0.0,-1990.0,4110.0,yonden
2019,9,2019-09-13,14:00,4130.0,880.0,3310.0,510.0,－－－－－－－－－－,70.0,1170.0,0.0,10.0,0.0,30.0,-1850.0,4130.0,yonden
2019,9,2019-09-13,15:00,4050.0,880.0,3470.0,570.0,－－－－－－－－－－,70.0,740.0,0.0,10.0,0.0,180.0,-1870.0,4050.0,yonden
2019,9,2019-09-13,16:00,4000.0,880.0,3470.0,610.0,－－－－－－－－－－,70.0,310.0,0.0,20.0,0.0,520.0,-1880.0,4000.0,yonden
2019,9,2019-09-13,17:00,3790.0,880.0,3350.0,660.0,－－－－－－－－－－,70.0,60.0,0.0,30.0,0.0,520.0,-1780.0,3790.0,yonden
2019,9,2019-09-13,18:00,3730.0,880.0,3300.0,670.0,－－－－－－－－－－,70.0,0.0,0.0,30.0,0.0,500.0,-1720.0,3730.0,yonden
2019,9,2019-09-13,19:00,3550.0,880.0,3440.0,640.0,－－－－－－－－－－,70.0,0.0,0.0,30.0,0.0,150.0,-1660.0,3550.0,yonden
2019,9,2019-09-13,20:00,3330.0,880.0,3250.0,570.0,－－－－－－－－－－,70.0,0.0,0.0,30.0,0.0,50.0,-1520.0,3330.0,yonden
2019,9,2019-09-13,21:00,3110.0,880.0,3110.0,570.0,－－－－－－－－－－,70.0,0.0,0.0,50.0,0.0,40.0,-1610.0,3110.0,yonden
2019,9,2019-09-13,22:00,2900.0,880.0,3000.0,480.0,－－－－－－－－－－,70.0,0.0,0.0,70.0,0.0,10.0,-1610.0,2900.0,yonden
2019,9,2019-09-13,23:00,2790.0,880.0,2990.0,480.0,－－－－－－－－－－,70.0,0.0,0.0,60.0,0.0,0.0,-1690.0,2790.0,yonden
2019,9,2019-09-14,00:00,2480.0,880.0,2890.0,490.0,－－－－－－－－－－,70.0,0.0,0.0,40.0,0.0,0.0,-1890.0,2480.0,yonden
2019,9,2019-09-14,01:00,2420.0,880.0,2900.0,460.0,－－－－－－－－－－,70.0,0.0,0.0,30.0,0.0,0.0,-1920.0,2420.0,yonden
2019,9,2019-09-14,02:00,2500.0,880.0,2900.0,500.0,－－－－－－－－－－,70.0,0.0,0.0,40.0,0.0,30.0,-1920.0,2500.0,yonden
2019,9,2019-09-14,03:00,2610.0,880.0,2930.0,520.0,－－－－－－－－－－,70.0,0.0,0.0,20.0,0.0,30.0,-1840.0,2610.0,yonden
2019,9,2019-09-14,04:00,2720.0,880.0,2940.0,520.0,－－－－－－－－－－,70.0,0.0,0.0,30.0,0.0,30.0,-1750.0,2720.0,yonden
2019,9,2019-09-14,05:00,2750.0,880.0,2850.0,490.0,－－－－－－－－－－,70.0,0.0,0.0,20.0,0.0,30.0,-1590.0,2750.0,yonden
2019,9,2019-09-14,06:00,2700.0,880.0,2740.0,480.0,－－－－－－－－－－,70.0,200.0,0.0,30.0,0.0,-20.0,-1680.0,2700.0,yonden
2019,9,2019-09-14,07:00,2730.0,880.0,2810.0,470.0,－－－－－－－－－－,70.0,560.0,0.0,30.0,0.0,-300.0,-1790.0,2730.0,yonden
2019,9,2019-09-14,08:00,3060.0,880.0,2800.0,490.0,－－－－－－－－－－,70.0,980.0,0.0,20.0,0.0,-410.0,-1770.0,3060.0,yonden
2019,9,2019-09-14,09:00,3370.0,880.0,2810.0,560.0,－－－－－－－－－－,70.0,1340.0,0.0,20.0,0.0,-510.0,-1800.0,3370.0,yonden
2019,9,2019-09-14,10:00,3500.0,880.0,2730.0,570.0,－－－－－－－－－－,70.0,1530.0,0.0,10.0,0.0,-280.0,-2010.0,3500.0,yonden
2019,9,2019-09-14,11:00,3610.0,880.0,2790.0,560.0,－－－－－－－－－－,70.0,1590.0,0.0,10.0,0.0,-250.0,-2040.0,3610.0,yonden
2019,9,2019-09-14,12:00,3640.0,880.0,2870.0,520.0,－－－－－－－－－－,70.0,1590.0,0.0,10.0,0.0,-260.0,-2040.0,3640.0,yonden
2019,9,2019-09-14,13:00,3690.0,880.0,2850.0,510.0,－－－－－－－－－－,70.0,1460.0,0.0,10.0,0.0,-260.0,-1830.0,3690.0,yonden
2019,9,2019-09-14,14:00,3650.0,880.0,2950.0,470.0,－－－－－－－－－－,70.0,1210.0,0.0,10.0,0.0,-80.0,-1860.0,3650.0,yonden
2019,9,2019-09-14,15:00,3590.0,880.0,3110.0,460.0,－－－－－－－－－－,70.0,800.0,0.0,20.0,0.0,150.0,-1900.0,3590.0,yonden
2019,9,2019-09-14,16:00,3580.0,880.0,3320.0,510.0,－－－－－－－－－－,70.0,430.0,0.0,10.0,0.0,200.0,-1840.0,3580.0,yonden
2019,9,2019-09-14,17:00,3520.0,880.0,3340.0,570.0,－－－－－－－－－－,70.0,140.0,0.0,10.0,0.0,220.0,-1710.0,3520.0,yonden
2019,9,2019-09-14,18:00,3500.0,880.0,3190.0,590.0,－－－－－－－－－－,70.0,0.0,0.0,10.0,0.0,310.0,-1550.0,3500.0,yonden
2019,9,2019-09-14,19:00,3370.0,880.0,3140.0,590.0,－－－－－－－－－－,70.0,0.0,0.0,10.0,0.0,270.0,-1590.0,3370.0,yonden
2019,9,2019-09-14,20:00,3200.0,880.0,3120.0,560.0,－－－－－－－－－－,70.0,0.0,0.0,20.0,0.0,250.0,-1700.0,3200.0,yonden
2019,9,2019-09-14,21:00,2990.0,880.0,3110.0,540.0,－－－－－－－－－－,70.0,0.0,0.0,30.0,0.0,100.0,-1740.0,2990.0,yonden
2019,9,2019-09-14,22:00,2790.0,880.0,3040.0,510.0,－－－－－－－－－－,70.0,0.0,0.0,20.0,0.0,0.0,-1730.0,2790.0,yonden
2019,9,2019-09-14,23:00,2650.0,880.0,3040.0,510.0,－－－－－－－－－－,70.0,0.0,0.0,10.0,0.0,0.0,-1860.0,2650.0,yonden
2019,9,2019-09-15,00:00,2450.0,870.0,2810.0,490.0,－－－－－－－－－－,70.0,0.0,0.0,0.0,0.0,0.0,-1790.0,2450.0,yonden
2019,9,2019-09-15,01:00,2340.0,880.0,2750.0,410.0,－－－－－－－－－－,70.0,0.0,0.0,0.0,0.0,0.0,-1770.0,2340.0,yonden
2019,9,2019-09-15,02:00,2370.0,880.0,2780.0,420.0,－－－－－－－－－－,70.0,0.0,0.0,0.0,0.0,0.0,-1780.0,2370.0,yonden
2019,9,2019-09-15,03:00,2480.0,870.0,2820.0,520.0,－－－－－－－－－－,70.0,0.0,0.0,0.0,0.0,0.0,-1800.0,2480.0,yonden
2019,9,2019-09-15,04:00,2610.0,880.0,2830.0,540.0,－－－－－－－－－－,70.0,0.0,0.0,0.0,0.0,0.0,-1710.0,2610.0,yonden
2019,9,2019-09-15,05:00,2640.0,880.0,2820.0,540.0,－－－－－－－－－－,70.0,0.0,0.0,0.0,0.0,0.0,-1670.0,2640.0,yonden
2019,9,2019-09-15,06:00,2560.0,880.0,2730.0,450.0,－－－－－－－－－－,70.0,210.0,0.0,0.0,0.0,-130.0,-1650.0,2560.0,yonden
2019,9,2019-09-15,07:00,2520.0,880.0,2670.0,480.0,－－－－－－－－－－,70.0,590.0,0.0,0.0,0.0,-300.0,-1870.0,2520.0,yonden
2019,9,2019-09-15,08:00,2730.0,880.0,2620.0,480.0,－－－－－－－－－－,70.0,1000.0,0.0,0.0,0.0,-300.0,-2020.0,2730.0,yonden
2019,9,2019-09-15,09:00,3010.0,880.0,2580.0,500.0,－－－－－－－－－－,70.0,1380.0,0.0,0.0,0.0,-300.0,-2100.0,3010.0,yonden
2019,9,2019-09-15,10:00,3160.0,880.0,2560.0,520.0,－－－－－－－－－－,70.0,1620.0,0.0,10.0,0.0,-290.0,-2210.0,3160.0,yonden
2019,9,2019-09-15,11:00,3280.0,880.0,2530.0,530.0,－－－－－－－－－－,70.0,1760.0,0.0,10.0,0.0,-290.0,-2210.0,3280.0,yonden
2019,9,2019-09-15,12:00,3350.0,880.0,2480.0,420.0,－－－－－－－－－－,70.0,1800.0,0.0,10.0,0.0,-290.0,-2020.0,3350.0,yonden
2019,9,2019-09-15,13:00,3370.0,880.0,2480.0,420.0,－－－－－－－－－－,60.0,1690.0,0.0,10.0,0.0,-20.0,-2150.0,3370.0,yonden
2019,9,2019-09-15,14:00,3370.0,880.0,2600.0,440.0,－－－－－－－－－－,60.0,1450.0,0.0,10.0,0.0,0.0,-2070.0,3370.0,yonden
2019,9,2019-09-15,15:00,3360.0,880.0,2810.0,470.0,－－－－－－－－－－,60.0,1050.0,0.0,10.0,0.0,0.0,-1920.0,3360.0,yonden
2019,9,2019-09-15,16:00,3440.0,880.0,3070.0,530.0,－－－－－－－－－－,60.0,610.0,0.0,10.0,0.0,40.0,-1760.0,3440.0,yonden
2019,9,2019-09-15,17:00,3440.0,880.0,3130.0,570.0,－－－－－－－－－－,60.0,190.0,0.0,30.0,0.0,70.0,-1490.0,3440.0,yonden
2019,9,2019-09-15,18:00,3400.0,880.0,3070.0,570.0,－－－－－－－－－－,60.0,0.0,0.0,40.0,0.0,160.0,-1380.0,3400.0,yonden
2019,9,2019-09-15,19:00,3280.0,880.0,2970.0,590.0,－－－－－－－－－－,60.0,0.0,0.0,40.0,0.0,110.0,-1370.0,3280.0,yonden
2019,9,2019-09-15,20:00,3120.0,880.0,2930.0,570.0,－－－－－－－－－－,60.0,0.0,0.0,40.0,0.0,0.0,-1360.0,3120.0,yonden
2019,9,2019-09-15,21:00,2910.0,880.0,2920.0,460.0,－－－－－－－－－－,60.0,0.0,0.0,30.0,0.0,0.0,-1440.0,2910.0,yonden
2019,9,2019-09-15,22:00,2700.0,880.0,2860.0,420.0,－－－－－－－－－－,60.0,0.0,0.0,30.0,0.0,0.0,-1550.0,2700.0,yonden
2019,9,2019-09-15,23:00,2590.0,880.0,2840.0,420.0,－－－－－－－－－－,60.0,0.0,0.0,40.0,0.0,0.0,-1650.0,2590.0,yonden
2019,9,2019-09-16,00:00,2380.0,880.0,2730.0,460.0,－－－－－－－－－－,60.0,0.0,0.0,40.0,0.0,0.0,-1790.0,2380.0,yonden
2019,9,2019-09-16,01:00,2270.0,880.0,2680.0,410.0,－－－－－－－－－－,60.0,0.0,0.0,40.0,0.0,0.0,-1800.0,2270.0,yonden
2019,9,2019-09-16,02:00,2300.0,880.0,2770.0,400.0,－－－－－－－－－－,60.0,0.0,0.0,50.0,0.0,0.0,-1860.0,2300.0,yonden
2019,9,2019-09-16,03:00,2430.0,880.0,2730.0,430.0,－－－－－－－－－－,60.0,0.0,0.0,60.0,0.0,0.0,-1730.0,2430.0,yonden
2019,9,2019-09-16,04:00,2560.0,880.0,2750.0,470.0,－－－－－－－－－－,60.0,0.0,0.0,50.0,0.0,0.0,-1650.0,2560.0,yonden
2019,9,2019-09-16,05:00,2630.0,880.0,2730.0,480.0,－－－－－－－－－－,60.0,0.0,0.0,60.0,0.0,0.0,-1580.0,2630.0,yonden
2019,9,2019-09-16,06:00,2610.0,880.0,2680.0,420.0,－－－－－－－－－－,60.0,210.0,0.0,80.0,0.0,0.0,-1720.0,2610.0,yonden
2019,9,2019-09-16,07:00,2670.0,880.0,2790.0,470.0,－－－－－－－－－－,60.0,610.0,0.0,80.0,0.0,-240.0,-1980.0,2670.0,yonden
2019,9,2019-09-16,08:00,3020.0,880.0,2870.0,460.0,－－－－－－－－－－,60.0,990.0,0.0,80.0,0.0,-160.0,-2160.0,3020.0,yonden
2019,9,2019-09-16,09:00,3290.0,880.0,2900.0,470.0,－－－－－－－－－－,60.0,1270.0,0.0,80.0,0.0,30.0,-2400.0,3290.0,yonden
2019,9,2019-09-16,10:00,3470.0,880.0,2940.0,470.0,－－－－－－－－－－,60.0,1580.0,0.0,70.0,0.0,0.0,-2530.0,3470.0,yonden
2019,9,2019-09-16,11:00,3590.0,880.0,2970.0,470.0,－－－－－－－－－－,60.0,1650.0,0.0,70.0,0.0,50.0,-2560.0,3590.0,yonden
2019,9,2019-09-16,12:00,3590.0,880.0,3030.0,400.0,－－－－－－－－－－,60.0,1630.0,0.0,70.0,0.0,10.0,-2490.0,3590.0,yonden
2019,9,2019-09-16,13:00,3700.0,880.0,3220.0,460.0,－－－－－－－－－－,60.0,1390.0,0.0,80.0,0.0,20.0,-2410.0,3700.0,yonden
2019,9,2019-09-16,14:00,3640.0,880.0,3260.0,480.0,－－－－－－－－－－,60.0,1090.0,0.0,90.0,0.0,50.0,-2270.0,3640.0,yonden
2019,9,2019-09-16,15:00,3590.0,880.0,3400.0,490.0,－－－－－－－－－－,60.0,740.0,0.0,90.0,0.0,80.0,-2150.0,3590.0,yonden
2019,9,2019-09-16,16:00,3570.0,880.0,3410.0,520.0,－－－－－－－－－－,60.0,360.0,0.0,90.0,0.0,150.0,-1900.0,3570.0,yonden
2019,9,2019-09-16,17:00,3500.0,880.0,3390.0,580.0,－－－－－－－－－－,60.0,100.0,0.0,90.0,0.0,50.0,-1650.0,3500.0,yonden
2019,9,2019-09-16,18:00,3510.0,880.0,3380.0,590.0,－－－－－－－－－－,60.0,0.0,0.0,90.0,0.0,40.0,-1530.0,3510.0,yonden
2019,9,2019-09-16,19:00,3380.0,880.0,3260.0,600.0,－－－－－－－－－－,60.0,0.0,0.0,90.0,0.0,40.0,-1550.0,3380.0,yonden
2019,9,2019-09-16,20:00,3180.0,880.0,3210.0,540.0,－－－－－－－－－－,60.0,0.0,0.0,80.0,0.0,10.0,-1600.0,3180.0,yonden
2019,9,2019-09-16,21:00,2940.0,880.0,3100.0,470.0,－－－－－－－－－－,60.0,0.0,0.0,80.0,0.0,10.0,-1660.0,2940.0,yonden
2019,9,2019-09-16,22:00,2730.0,880.0,3050.0,390.0,－－－－－－－－－－,60.0,0.0,0.0,70.0,0.0,0.0,-1720.0,2730.0,yonden
2019,9,2019-09-16,23:00,2590.0,880.0,2990.0,350.0,－－－－－－－－－－,60.0,0.0,0.0,60.0,0.0,0.0,-1750.0,2590.0,yonden
2019,9,2019-09-17,00:00,2410.0,870.0,3060.0,370.0,－－－－－－－－－－,60.0,0.0,0.0,50.0,0.0,0.0,-2000.0,2410.0,yonden
2019,9,2019-09-17,01:00,2310.0,880.0,3030.0,350.0,－－－－－－－－－－,60.0,0.0,0.0,50.0,0.0,-150.0,-1910.0,2310.0,yonden
2019,9,2019-09-17,02:00,2340.0,870.0,3060.0,400.0,－－－－－－－－－－,60.0,0.0,0.0,60.0,0.0,-260.0,-1850.0,2340.0,yonden
2019,9,2019-09-17,03:00,2490.0,870.0,3080.0,440.0,－－－－－－－－－－,60.0,0.0,0.0,60.0,0.0,-250.0,-1770.0,2490.0,yonden
2019,9,2019-09-17,04:00,2630.0,880.0,2960.0,430.0,－－－－－－－－－－,60.0,0.0,0.0,50.0,0.0,-40.0,-1710.0,2630.0,yonden
2019,9,2019-09-17,05:00,2720.0,870.0,3020.0,420.0,－－－－－－－－－－,60.0,0.0,0.0,50.0,0.0,0.0,-1700.0,2720.0,yonden
2019,9,2019-09-17,06:00,2770.0,880.0,2950.0,360.0,－－－－－－－－－－,60.0,210.0,0.0,50.0,0.0,0.0,-1740.0,2770.0,yonden
2019,9,2019-09-17,07:00,2900.0,880.0,3090.0,330.0,－－－－－－－－－－,60.0,590.0,0.0,40.0,0.0,0.0,-2090.0,2900.0,yonden
2019,9,2019-09-17,08:00,3450.0,880.0,3470.0,420.0,－－－－－－－－－－,60.0,970.0,0.0,40.0,0.0,0.0,-2390.0,3450.0,yonden
2019,9,2019-09-17,09:00,3890.0,880.0,3620.0,500.0,－－－－－－－－－－,60.0,1350.0,0.0,40.0,0.0,0.0,-2560.0,3890.0,yonden
2019,9,2019-09-17,10:00,4070.0,880.0,3630.0,540.0,－－－－－－－－－－,60.0,1520.0,0.0,40.0,0.0,0.0,-2600.0,4070.0,yonden
2019,9,2019-09-17,11:00,4170.0,880.0,3620.0,530.0,－－－－－－－－－－,60.0,1590.0,0.0,40.0,0.0,0.0,-2550.0,4170.0,yonden
2019,9,2019-09-17,12:00,4080.0,880.0,3620.0,350.0,－－－－－－－－－－,60.0,1710.0,0.0,40.0,0.0,0.0,-2580.0,4080.0,yonden
2019,9,2019-09-17,13:00,4310.0,880.0,3850.0,370.0,－－－－－－－－－－,60.0,1590.0,0.0,30.0,0.0,0.0,-2470.0,4310.0,yonden
2019,9,2019-09-17,14:00,4280.0,880.0,4000.0,410.0,－－－－－－－－－－,60.0,1300.0,0.0,30.0,0.0,0.0,-2400.0,4280.0,yonden
2019,9,2019-09-17,15:00,4240.0,880.0,4120.0,510.0,－－－－－－－－－－,60.0,930.0,0.0,30.0,0.0,40.0,-2330.0,4240.0,yonden
2019,9,2019-09-17,16:00,4240.0,880.0,4120.0,540.0,－－－－－－－－－－,60.0,510.0,0.0,30.0,0.0,250.0,-2150.0,4240.0,yonden
2019,9,2019-09-17,17:00,4030.0,880.0,4020.0,570.0,－－－－－－－－－－,60.0,140.0,0.0,20.0,0.0,280.0,-1940.0,4030.0,yonden
2019,9,2019-09-17,18:00,3910.0,880.0,4130.0,600.0,－－－－－－－－－－,60.0,0.0,0.0,10.0,0.0,50.0,-1820.0,3910.0,yonden
2019,9,2019-09-17,19:00,3690.0,880.0,3940.0,630.0,－－－－－－－－－－,60.0,0.0,0.0,10.0,0.0,50.0,-1880.0,3690.0,yonden
2019,9,2019-09-17,20:00,3440.0,880.0,3800.0,540.0,－－－－－－－－－－,60.0,0.0,0.0,10.0,0.0,20.0,-1870.0,3440.0,yonden
2019,9,2019-09-17,21:00,3190.0,880.0,3570.0,390.0,－－－－－－－－－－,60.0,0.0,0.0,10.0,0.0,0.0,-1720.0,3190.0,yonden
2019,9,2019-09-17,22:00,2950.0,880.0,3390.0,350.0,－－－－－－－－－－,60.0,0.0,0.0,10.0,0.0,0.0,-1740.0,2950.0,yonden
2019,9,2019-09-17,23:00,2810.0,880.0,3320.0,420.0,－－－－－－－－－－,70.0,0.0,0.0,10.0,0.0,0.0,-1890.0,2810.0,yonden
2019,9,2019-09-18,00:00,2600.0,880.0,3170.0,420.0,－－－－－－－－－－,60.0,0.0,0.0,10.0,0.0,0.0,-1940.0,2600.0,yonden
2019,9,2019-09-18,01:00,2470.0,880.0,3070.0,320.0,－－－－－－－－－－,60.0,0.0,0.0,20.0,0.0,0.0,-1880.0,2470.0,yonden
2019,9,2019-09-18,02:00,2500.0,880.0,3080.0,310.0,－－－－－－－－－－,60.0,0.0,0.0,20.0,0.0,0.0,-1850.0,2500.0,yonden
2019,9,2019-09-18,03:00,2620.0,880.0,3060.0,370.0,－－－－－－－－－－,60.0,0.0,0.0,30.0,0.0,0.0,-1780.0,2620.0,yonden
2019,9,2019-09-18,04:00,2760.0,880.0,3070.0,420.0,－－－－－－－－－－,60.0,0.0,0.0,30.0,0.0,0.0,-1700.0,2760.0,yonden
2019,9,2019-09-18,05:00,2840.0,880.0,3080.0,370.0,－－－－－－－－－－,60.0,0.0,0.0,40.0,0.0,10.0,-1600.0,2840.0,yonden
2019,9,2019-09-18,06:00,2880.0,880.0,3060.0,340.0,－－－－－－－－－－,60.0,160.0,0.0,40.0,0.0,20.0,-1680.0,2880.0,yonden
2019,9,2019-09-18,07:00,2990.0,880.0,3190.0,380.0,－－－－－－－－－－,60.0,440.0,0.0,30.0,0.0,20.0,-2010.0,2990.0,yonden
2019,9,2019-09-18,08:00,3490.0,880.0,3420.0,490.0,－－－－－－－－－－,60.0,670.0,0.0,40.0,0.0,40.0,-2110.0,3490.0,yonden
2019,9,2019-09-18,09:00,3810.0,880.0,3510.0,550.0,－－－－－－－－－－,60.0,990.0,0.0,40.0,0.0,40.0,-2260.0,3810.0,yonden
2019,9,2019-09-18,10:00,4030.0,880.0,3310.0,510.0,－－－－－－－－－－,60.0,1550.0,0.0,30.0,0.0,10.0,-2320.0,4030.0,yonden
2019,9,2019-09-18,11:00,4160.0,880.0,3330.0,440.0,－－－－－－－－－－,60.0,1700.0,0.0,30.0,0.0,0.0,-2280.0,4160.0,yonden
2019,9,2019-09-18,12:00,3980.0,880.0,3430.0,320.0,－－－－－－－－－－,60.0,1510.0,0.0,30.0,0.0,0.0,-2250.0,3980.0,yonden
2019,9,2019-09-18,13:00,4180.0,880.0,3510.0,390.0,－－－－－－－－－－,60.0,1470.0,0.0,30.0,0.0,0.0,-2160.0,4180.0,yonden
2019,9,2019-09-18,14:00,4220.0,880.0,3510.0,440.0,－－－－－－－－－－,60.0,1300.0,0.0,40.0,0.0,0.0,-2010.0,4220.0,yonden
2019,9,2019-09-18,15:00,4130.0,880.0,3630.0,460.0,－－－－－－－－－－,60.0,860.0,0.0,50.0,0.0,0.0,-1810.0,4130.0,yonden
2019,9,2019-09-18,16:00,4130.0,880.0,3730.0,530.0,－－－－－－－－－－,70.0,400.0,0.0,60.0,0.0,130.0,-1670.0,4130.0,yonden
2019,9,2019-09-18,17:00,3880.0,880.0,3650.0,570.0,－－－－－－－－－－,70.0,90.0,0.0,60.0,0.0,280.0,-1720.0,3880.0,yonden
2019,9,2019-09-18,18:00,3780.0,880.0,3590.0,580.0,－－－－－－－－－－,70.0,0.0,0.0,50.0,0.0,280.0,-1670.0,3780.0,yonden
2019,9,2019-09-18,19:00,3560.0,880.0,3650.0,600.0,－－－－－－－－－－,70.0,0.0,0.0,60.0,0.0,120.0,-1820.0,3560.0,yonden
2019,9,2019-09-18,20:00,3290.0,880.0,3480.0,520.0,－－－－－－－－－－,70.0,0.0,0.0,60.0,0.0,40.0,-1760.0,3290.0,yonden
2019,9,2019-09-18,21:00,3010.0,880.0,3190.0,420.0,－－－－－－－－－－,70.0,0.0,0.0,50.0,0.0,40.0,-1640.0,3010.0,yonden
2019,9,2019-09-18,22:00,2770.0,880.0,3150.0,370.0,－－－－－－－－－－,70.0,0.0,0.0,60.0,0.0,10.0,-1770.0,2770.0,yonden
2019,9,2019-09-18,23:00,2640.0,880.0,3140.0,350.0,－－－－－－－－－－,70.0,0.0,0.0,70.0,0.0,0.0,-1870.0,2640.0,yonden
2019,9,2019-09-19,00:00,2440.0,870.0,3090.0,310.0,－－－－－－－－－－,70.0,0.0,0.0,70.0,0.0,0.0,-1970.0,2440.0,yonden
2019,9,2019-09-19,01:00,2340.0,880.0,3040.0,300.0,－－－－－－－－－－,70.0,0.0,0.0,70.0,0.0,0.0,-2020.0,2340.0,yonden
2019,9,2019-09-19,02:00,2380.0,870.0,2980.0,380.0,－－－－－－－－－－,70.0,0.0,0.0,80.0,0.0,0.0,-2000.0,2380.0,yonden
2019,9,2019-09-19,03:00,2490.0,870.0,2990.0,410.0,－－－－－－－－－－,70.0,0.0,0.0,80.0,0.0,0.0,-1930.0,2490.0,yonden
2019,9,2019-09-19,04:00,2650.0,880.0,3030.0,460.0,－－－－－－－－－－,70.0,0.0,0.0,70.0,0.0,10.0,-1870.0,2650.0,yonden
2019,9,2019-09-19,05:00,2760.0,870.0,3070.0,460.0,－－－－－－－－－－,70.0,0.0,0.0,60.0,0.0,20.0,-1790.0,2760.0,yonden
2019,9,2019-09-19,06:00,2770.0,880.0,2970.0,420.0,－－－－－－－－－－,70.0,170.0,0.0,60.0,0.0,0.0,-1800.0,2770.0,yonden
2019,9,2019-09-19,07:00,2840.0,880.0,2960.0,400.0,－－－－－－－－－－,70.0,470.0,0.0,60.0,0.0,0.0,-2000.0,2840.0,yonden
2019,9,2019-09-19,08:00,3220.0,880.0,2920.0,390.0,－－－－－－－－－－,70.0,800.0,0.0,60.0,0.0,0.0,-1900.0,3220.0,yonden
2019,9,2019-09-19,09:00,3500.0,880.0,2910.0,440.0,－－－－－－－－－－,70.0,1090.0,0.0,50.0,0.0,0.0,-1940.0,3500.0,yonden
2019,9,2019-09-19,10:00,3670.0,880.0,2810.0,430.0,－－－－－－－－－－,70.0,1490.0,0.0,50.0,0.0,0.0,-2060.0,3670.0,yonden
2019,9,2019-09-19,11:00,3770.0,880.0,2800.0,430.0,－－－－－－－－－－,70.0,1740.0,0.0,50.0,0.0,-170.0,-2030.0,3770.0,yonden
2019,9,2019-09-19,12:00,3640.0,880.0,2830.0,350.0,－－－－－－－－－－,70.0,1840.0,0.0,50.0,0.0,-290.0,-2090.0,3640.0,yonden
2019,9,2019-09-19,13:00,3830.0,880.0,2920.0,350.0,－－－－－－－－－－,70.0,1790.0,0.0,50.0,0.0,-290.0,-1940.0,3830.0,yonden
2019,9,2019-09-19,14:00,3820.0,880.0,2950.0,380.0,－－－－－－－－－－,70.0,1520.0,0.0,40.0,0.0,-270.0,-1750.0,3820.0,yonden
2019,9,2019-09-19,15:00,3770.0,880.0,3070.0,470.0,－－－－－－－－－－,70.0,1060.0,0.0,40.0,0.0,10.0,-1830.0,3770.0,yonden
2019,9,2019-09-19,16:00,3750.0,880.0,3280.0,520.0,－－－－－－－－－－,70.0,590.0,0.0,40.0,0.0,40.0,-1670.0,3750.0,yonden
2019,9,2019-09-19,17:00,3600.0,880.0,3420.0,580.0,－－－－－－－－－－,70.0,180.0,0.0,50.0,0.0,40.0,-1620.0,3600.0,yonden
2019,9,2019-09-19,18:00,3510.0,880.0,3300.0,570.0,－－－－－－－－－－,70.0,0.0,0.0,50.0,0.0,260.0,-1620.0,3510.0,yonden
2019,9,2019-09-19,19:00,3320.0,880.0,3300.0,570.0,－－－－－－－－－－,70.0,0.0,0.0,40.0,0.0,130.0,-1670.0,3320.0,yonden
2019,9,2019-09-19,20:00,3090.0,880.0,3180.0,530.0,－－－－－－－－－－,70.0,0.0,0.0,30.0,0.0,40.0,-1640.0,3090.0,yonden
2019,9,2019-09-19,21:00,2870.0,880.0,3040.0,450.0,－－－－－－－－－－,70.0,0.0,0.0,30.0,0.0,30.0,-1630.0,2870.0,yonden
2019,9,2019-09-19,22:00,2660.0,880.0,3090.0,380.0,－－－－－－－－－－,70.0,0.0,0.0,20.0,0.0,0.0,-1780.0,2660.0,yonden
2019,9,2019-09-19,23:00,2620.0,880.0,3120.0,400.0,－－－－－－－－－－,70.0,0.0,0.0,10.0,0.0,0.0,-1860.0,2620.0,yonden
2019,9,2019-09-20,00:00,2360.0,880.0,3060.0,370.0,－－－－－－－－－－,70.0,0.0,0.0,10.0,0.0,0.0,-2030.0,2360.0,yonden
2019,9,2019-09-20,01:00,2270.0,880.0,3030.0,280.0,－－－－－－－－－－,70.0,0.0,0.0,0.0,0.0,0.0,-1990.0,2270.0,yonden
2019,9,2019-09-20,02:00,2330.0,880.0,3010.0,280.0,－－－－－－－－－－,70.0,0.0,0.0,10.0,0.0,0.0,-1920.0,2330.0,yonden
2019,9,2019-09-20,03:00,2490.0,880.0,3010.0,360.0,－－－－－－－－－－,70.0,0.0,0.0,20.0,0.0,0.0,-1850.0,2490.0,yonden
2019,9,2019-09-20,04:00,2660.0,880.0,3010.0,380.0,－－－－－－－－－－,70.0,0.0,0.0,20.0,0.0,0.0,-1700.0,2660.0,yonden
2019,9,2019-09-20,05:00,2750.0,880.0,2980.0,430.0,－－－－－－－－－－,70.0,0.0,0.0,30.0,0.0,0.0,-1640.0,2750.0,yonden
2019,9,2019-09-20,06:00,2750.0,880.0,2930.0,360.0,－－－－－－－－－－,70.0,200.0,0.0,30.0,0.0,30.0,-1750.0,2750.0,yonden
2019,9,2019-09-20,07:00,2750.0,880.0,2910.0,370.0,－－－－－－－－－－,70.0,540.0,0.0,20.0,0.0,20.0,-2060.0,2750.0,yonden
2019,9,2019-09-20,08:00,3110.0,880.0,2930.0,450.0,－－－－－－－－－－,70.0,810.0,0.0,20.0,0.0,0.0,-2050.0,3110.0,yonden
2019,9,2019-09-20,09:00,3390.0,880.0,2940.0,490.0,－－－－－－－－－－,70.0,1000.0,0.0,10.0,0.0,0.0,-2000.0,3390.0,yonden
2019,9,2019-09-20,10:00,3530.0,880.0,3060.0,510.0,－－－－－－－－－－,70.0,950.0,0.0,10.0,0.0,10.0,-1960.0,3530.0,yonden
2019,9,2019-09-20,11:00,3540.0,880.0,3300.0,500.0,－－－－－－－－－－,70.0,560.0,0.0,20.0,0.0,0.0,-1790.0,3540.0,yonden
2019,9,2019-09-20,12:00,3270.0,880.0,3360.0,300.0,－－－－－－－－－－,70.0,360.0,0.0,30.0,0.0,0.0,-1730.0,3270.0,yonden
2019,9,2019-09-20,13:00,3400.0,880.0,3370.0,340.0,－－－－－－－－－－,70.0,250.0,0.0,40.0,0.0,0.0,-1550.0,3400.0,yonden
2019,9,2019-09-20,14:00,3290.0,880.0,3250.0,390.0,－－－－－－－－－－,70.0,130.0,0.0,40.0,0.0,0.0,-1470.0,3290.0,yonden
2019,9,2019-09-20,15:00,3270.0,880.0,3190.0,440.0,－－－－－－－－－－,70.0,110.0,0.0,50.0,0.0,0.0,-1470.0,3270.0,yonden
2019,9,2019-09-20,16:00,3320.0,880.0,3240.0,530.0,－－－－－－－－－－,70.0,60.0,0.0,40.0,0.0,20.0,-1520.0,3320.0,yonden
2019,9,2019-09-20,17:00,3270.0,880.0,3260.0,560.0,－－－－－－－－－－,70.0,30.0,0.0,50.0,0.0,40.0,-1620.0,3270.0,yonden
2019,9,2019-09-20,18:00,3180.0,880.0,3170.0,570.0,－－－－－－－－－－,70.0,0.0,0.0,60.0,0.0,40.0,-1610.0,3180.0,yonden
2019,9,2019-09-20,19:00,3040.0,880.0,2960.0,540.0,－－－－－－－－－－,70.0,0.0,0.0,60.0,0.0,260.0,-1730.0,3040.0,yonden
2019,9,2019-09-20,20:00,2890.0,880.0,2970.0,560.0,－－－－－－－－－－,70.0,0.0,0.0,40.0,0.0,50.0,-1680.0,2890.0,yonden
2019,9,2019-09-20,21:00,2690.0,880.0,2840.0,470.0,－－－－－－－－－－,70.0,0.0,0.0,50.0,0.0,40.0,-1660.0,2690.0,yonden
2019,9,2019-09-20,22:00,2520.0,880.0,2810.0,430.0,－－－－－－－－－－,70.0,0.0,0.0,40.0,0.0,30.0,-1740.0,2520.0,yonden
2019,9,2019-09-20,23:00,2450.0,880.0,2860.0,440.0,－－－－－－－－－－,70.0,0.0,0.0,30.0,0.0,20.0,-1850.0,2450.0,yonden
2019,9,2019-09-21,00:00,2310.0,870.0,2790.0,380.0,－－－－－－－－－－,70.0,0.0,0.0,30.0,0.0,10.0,-1840.0,2310.0,yonden
2019,9,2019-09-21,01:00,2230.0,880.0,2780.0,360.0,－－－－－－－－－－,70.0,0.0,0.0,30.0,0.0,10.0,-1900.0,2230.0,yonden
2019,9,2019-09-21,02:00,2310.0,870.0,2830.0,360.0,－－－－－－－－－－,70.0,0.0,0.0,20.0,0.0,10.0,-1850.0,2310.0,yonden
2019,9,2019-09-21,03:00,2490.0,870.0,2860.0,400.0,－－－－－－－－－－,70.0,0.0,0.0,20.0,0.0,0.0,-1730.0,2490.0,yonden
2019,9,2019-09-21,04:00,2660.0,880.0,2890.0,390.0,－－－－－－－－－－,70.0,0.0,0.0,30.0,0.0,10.0,-1610.0,2660.0,yonden
2019,9,2019-09-21,05:00,2660.0,880.0,2810.0,390.0,－－－－－－－－－－,70.0,0.0,0.0,30.0,0.0,20.0,-1540.0,2660.0,yonden
2019,9,2019-09-21,06:00,2540.0,880.0,2770.0,360.0,－－－－－－－－－－,70.0,100.0,0.0,40.0,0.0,30.0,-1710.0,2540.0,yonden
2019,9,2019-09-21,07:00,2460.0,880.0,2860.0,380.0,－－－－－－－－－－,70.0,190.0,0.0,50.0,0.0,-160.0,-1810.0,2460.0,yonden
2019,9,2019-09-21,08:00,2670.0,880.0,3030.0,400.0,－－－－－－－－－－,70.0,310.0,0.0,50.0,0.0,-260.0,-1810.0,2670.0,yonden
2019,9,2019-09-21,09:00,2850.0,880.0,2970.0,420.0,－－－－－－－－－－,70.0,450.0,0.0,60.0,0.0,-280.0,-1720.0,2850.0,yonden
2019,9,2019-09-21,10:00,2930.0,880.0,2690.0,400.0,－－－－－－－－－－,70.0,730.0,0.0,60.0,0.0,-230.0,-1670.0,2930.0,yonden
2019,9,2019-09-21,11:00,2990.0,880.0,2250.0,400.0,－－－－－－－－－－,70.0,850.0,0.0,60.0,0.0,10.0,-1530.0,2990.0,yonden
2019,9,2019-09-21,12:00,3000.0,880.0,2250.0,390.0,－－－－－－－－－－,70.0,780.0,0.0,60.0,0.0,80.0,-1510.0,3000.0,yonden
2019,9,2019-09-21,13:00,3010.0,880.0,2630.0,360.0,－－－－－－－－－－,70.0,550.0,0.0,60.0,0.0,180.0,-1720.0,3010.0,yonden
2019,9,2019-09-21,14:00,2920.0,880.0,2900.0,370.0,－－－－－－－－－－,70.0,420.0,0.0,70.0,0.0,30.0,-1820.0,2920.0,yonden
2019,9,2019-09-21,15:00,2890.0,880.0,2960.0,380.0,－－－－－－－－－－,70.0,330.0,0.0,70.0,0.0,20.0,-1820.0,2890.0,yonden
2019,9,2019-09-21,16:00,2950.0,880.0,3090.0,410.0,－－－－－－－－－－,70.0,180.0,0.0,80.0,0.0,30.0,-1790.0,2950.0,yonden
2019,9,2019-09-21,17:00,2920.0,880.0,3030.0,440.0,－－－－－－－－－－,70.0,30.0,0.0,80.0,0.0,40.0,-1650.0,2920.0,yonden
2019,9,2019-09-21,18:00,2990.0,880.0,3080.0,460.0,－－－－－－－－－－,70.0,0.0,0.0,80.0,0.0,30.0,-1610.0,2990.0,yonden
2019,9,2019-09-21,19:00,2890.0,880.0,3050.0,410.0,－－－－－－－－－－,70.0,0.0,0.0,80.0,0.0,10.0,-1610.0,2890.0,yonden
2019,9,2019-09-21,20:00,2760.0,880.0,2990.0,360.0,－－－－－－－－－－,70.0,0.0,0.0,90.0,0.0,10.0,-1640.0,2760.0,yonden
2019,9,2019-09-21,21:00,2620.0,880.0,2920.0,360.0,－－－－－－－－－－,70.0,0.0,0.0,100.0,0.0,10.0,-1720.0,2620.0,yonden
2019,9,2019-09-21,22:00,2460.0,880.0,2800.0,310.0,－－－－－－－－－－,70.0,0.0,0.0,100.0,0.0,10.0,-1710.0,2460.0,yonden
2019,9,2019-09-21,23:00,2400.0,880.0,2810.0,310.0,－－－－－－－－－－,70.0,0.0,0.0,90.0,0.0,10.0,-1770.0,2400.0,yonden
2019,9,2019-09-22,00:00,2270.0,880.0,2930.0,350.0,－－－－－－－－－－,70.0,0.0,0.0,90.0,0.0,10.0,-2060.0,2270.0,yonden
2019,9,2019-09-22,01:00,2220.0,880.0,2930.0,350.0,－－－－－－－－－－,70.0,0.0,0.0,90.0,0.0,10.0,-2110.0,2220.0,yonden
2019,9,2019-09-22,02:00,2290.0,880.0,2930.0,370.0,－－－－－－－－－－,70.0,0.0,0.0,100.0,0.0,10.0,-2070.0,2290.0,yonden
2019,9,2019-09-22,03:00,2450.0,880.0,2880.0,390.0,－－－－－－－－－－,70.0,0.0,0.0,110.0,0.0,50.0,-1930.0,2450.0,yonden
2019,9,2019-09-22,04:00,2590.0,880.0,2900.0,430.0,－－－－－－－－－－,70.0,0.0,0.0,110.0,0.0,60.0,-1860.0,2590.0,yonden
2019,9,2019-09-22,05:00,2580.0,880.0,2890.0,430.0,－－－－－－－－－－,70.0,0.0,0.0,110.0,0.0,50.0,-1850.0,2580.0,yonden
2019,9,2019-09-22,06:00,2400.0,880.0,2760.0,410.0,－－－－－－－－－－,70.0,50.0,0.0,120.0,0.0,40.0,-1930.0,2400.0,yonden
2019,9,2019-09-22,07:00,2330.0,880.0,2840.0,440.0,－－－－－－－－－－,70.0,100.0,0.0,120.0,0.0,50.0,-2170.0,2330.0,yonden
2019,9,2019-09-22,08:00,2510.0,880.0,3110.0,510.0,－－－－－－－－－－,70.0,150.0,0.0,120.0,0.0,50.0,-2380.0,2510.0,yonden
2019,9,2019-09-22,09:00,2690.0,880.0,3290.0,490.0,－－－－－－－－－－,70.0,240.0,0.0,120.0,0.0,50.0,-2450.0,2690.0,yonden
2019,9,2019-09-22,10:00,2820.0,880.0,3230.0,540.0,－－－－－－－－－－,70.0,440.0,0.0,110.0,0.0,50.0,-2500.0,2820.0,yonden
2019,9,2019-09-22,11:00,2910.0,880.0,3110.0,570.0,－－－－－－－－－－,70.0,530.0,0.0,100.0,0.0,60.0,-2410.0,2910.0,yonden
2019,9,2019-09-22,12:00,2920.0,880.0,2910.0,680.0,－－－－－－－－－－,70.0,530.0,0.0,90.0,0.0,50.0,-2290.0,2920.0,yonden
2019,9,2019-09-22,13:00,2840.0,880.0,2950.0,660.0,－－－－－－－－－－,70.0,460.0,0.0,90.0,0.0,20.0,-2290.0,2840.0,yonden
2019,9,2019-09-22,14:00,2800.0,880.0,2910.0,660.0,－－－－－－－－－－,70.0,370.0,0.0,70.0,0.0,50.0,-2210.0,2800.0,yonden
2019,9,2019-09-22,15:00,2780.0,880.0,3030.0,670.0,－－－－－－－－－－,70.0,210.0,0.0,60.0,0.0,30.0,-2170.0,2780.0,yonden
2019,9,2019-09-22,16:00,2910.0,880.0,3090.0,680.0,－－－－－－－－－－,70.0,150.0,0.0,40.0,0.0,20.0,-2020.0,2910.0,yonden
2019,9,2019-09-22,17:00,3040.0,880.0,3100.0,680.0,－－－－－－－－－－,70.0,50.0,0.0,40.0,0.0,20.0,-1800.0,3040.0,yonden
2019,9,2019-09-22,18:00,3100.0,880.0,3100.0,690.0,－－－－－－－－－－,70.0,0.0,0.0,30.0,0.0,20.0,-1690.0,3100.0,yonden
2019,9,2019-09-22,19:00,3030.0,880.0,3110.0,680.0,－－－－－－－－－－,70.0,0.0,0.0,30.0,0.0,10.0,-1750.0,3030.0,yonden
2019,9,2019-09-22,20:00,2910.0,880.0,3110.0,640.0,－－－－－－－－－－,70.0,0.0,0.0,20.0,0.0,20.0,-1830.0,2910.0,yonden
2019,9,2019-09-22,21:00,2750.0,880.0,3120.0,610.0,－－－－－－－－－－,70.0,0.0,0.0,20.0,0.0,10.0,-1960.0,2750.0,yonden
2019,9,2019-09-22,22:00,2600.0,880.0,3080.0,610.0,－－－－－－－－－－,70.0,0.0,0.0,20.0,0.0,10.0,-2070.0,2600.0,yonden
2019,9,2019-09-22,23:00,2550.0,880.0,3040.0,620.0,－－－－－－－－－－,70.0,0.0,0.0,20.0,0.0,10.0,-2090.0,2550.0,yonden
2019,9,2019-09-23,00:00,2400.0,870.0,2860.0,590.0,－－－－－－－－－－,70.0,0.0,0.0,20.0,0.0,10.0,-2020.0,2400.0,yonden
2019,9,2019-09-23,01:00,2340.0,880.0,2750.0,600.0,－－－－－－－－－－,70.0,0.0,0.0,30.0,0.0,20.0,-2010.0,2340.0,yonden
2019,9,2019-09-23,02:00,2410.0,880.0,2800.0,590.0,－－－－－－－－－－,70.0,0.0,0.0,30.0,0.0,20.0,-1980.0,2410.0,yonden
2019,9,2019-09-23,03:00,2570.0,870.0,2870.0,590.0,－－－－－－－－－－,70.0,0.0,0.0,50.0,0.0,20.0,-1900.0,2570.0,yonden
2019,9,2019-09-23,04:00,2710.0,880.0,2870.0,590.0,－－－－－－－－－－,70.0,0.0,0.0,50.0,0.0,20.0,-1770.0,2710.0,yonden
2019,9,2019-09-23,05:00,2720.0,880.0,2830.0,590.0,－－－－－－－－－－,70.0,0.0,0.0,60.0,0.0,10.0,-1720.0,2720.0,yonden
2019,9,2019-09-23,06:00,2580.0,880.0,2670.0,560.0,－－－－－－－－－－,70.0,110.0,0.0,70.0,0.0,10.0,-1790.0,2580.0,yonden
2019,9,2019-09-23,07:00,2610.0,880.0,2600.0,550.0,－－－－－－－－－－,70.0,390.0,0.0,80.0,0.0,50.0,-2010.0,2610.0,yonden
2019,9,2019-09-23,08:00,2900.0,880.0,2640.0,550.0,－－－－－－－－－－,70.0,780.0,0.0,70.0,0.0,50.0,-2140.0,2900.0,yonden
2019,9,2019-09-23,09:00,3150.0,880.0,2790.0,610.0,－－－－－－－－－－,70.0,1230.0,0.0,60.0,0.0,-200.0,-2290.0,3150.0,yonden
2019,9,2019-09-23,10:00,3250.0,880.0,2860.0,610.0,－－－－－－－－－－,70.0,1410.0,0.0,50.0,0.0,-240.0,-2390.0,3250.0,yonden
2019,9,2019-09-23,11:00,3290.0,880.0,2690.0,610.0,－－－－－－－－－－,70.0,1580.0,0.0,40.0,0.0,-240.0,-2340.0,3290.0,yonden
2019,9,2019-09-23,12:00,3270.0,880.0,2730.0,610.0,－－－－－－－－－－,70.0,1560.0,0.0,40.0,0.0,-240.0,-2380.0,3270.0,yonden
2019,9,2019-09-23,13:00,3300.0,880.0,2670.0,620.0,－－－－－－－－－－,70.0,1380.0,0.0,40.0,0.0,-110.0,-2250.0,3300.0,yonden
2019,9,2019-09-23,14:00,3180.0,880.0,2520.0,620.0,－－－－－－－－－－,70.0,1050.0,0.0,30.0,0.0,50.0,-2040.0,3180.0,yonden
2019,9,2019-09-23,15:00,3140.0,880.0,2710.0,630.0,－－－－－－－－－－,70.0,710.0,0.0,30.0,0.0,60.0,-1950.0,3140.0,yonden
2019,9,2019-09-23,16:00,3150.0,880.0,2920.0,620.0,－－－－－－－－－－,70.0,340.0,0.0,30.0,0.0,60.0,-1770.0,3150.0,yonden
2019,9,2019-09-23,17:00,3130.0,880.0,2980.0,660.0,－－－－－－－－－－,70.0,80.0,0.0,40.0,0.0,50.0,-1630.0,3130.0,yonden
2019,9,2019-09-23,18:00,3170.0,880.0,3030.0,680.0,－－－－－－－－－－,70.0,0.0,0.0,50.0,0.0,50.0,-1590.0,3170.0,yonden
2019,9,2019-09-23,19:00,3070.0,880.0,2960.0,670.0,－－－－－－－－－－,70.0,0.0,0.0,50.0,0.0,50.0,-1610.0,3070.0,yonden
2019,9,2019-09-23,20:00,2930.0,880.0,2920.0,660.0,－－－－－－－－－－,70.0,0.0,0.0,50.0,0.0,50.0,-1700.0,2930.0,yonden
2019,9,2019-09-23,21:00,2780.0,880.0,2860.0,620.0,－－－－－－－－－－,70.0,0.0,0.0,40.0,0.0,50.0,-1740.0,2780.0,yonden
2019,9,2019-09-23,22:00,2580.0,880.0,2810.0,630.0,－－－－－－－－－－,70.0,0.0,0.0,30.0,0.0,50.0,-1890.0,2580.0,yonden
2019,9,2019-09-23,23:00,2480.0,880.0,2780.0,620.0,－－－－－－－－－－,70.0,0.0,0.0,30.0,0.0,50.0,-1950.0,2480.0,yonden
2019,9,2019-09-24,00:00,2330.0,880.0,2740.0,630.0,－－－－－－－－－－,70.0,0.0,0.0,40.0,0.0,240.0,-2270.0,2330.0,yonden
2019,9,2019-09-24,01:00,2260.0,880.0,2840.0,680.0,－－－－－－－－－－,70.0,0.0,0.0,40.0,0.0,50.0,-2300.0,2260.0,yonden
2019,9,2019-09-24,02:00,2320.0,880.0,2850.0,670.0,－－－－－－－－－－,70.0,0.0,0.0,30.0,0.0,50.0,-2230.0,2320.0,yonden
2019,9,2019-09-24,03:00,2490.0,880.0,2900.0,690.0,－－－－－－－－－－,70.0,0.0,0.0,30.0,0.0,50.0,-2130.0,2490.0,yonden
2019,9,2019-09-24,04:00,2650.0,880.0,2930.0,690.0,－－－－－－－－－－,70.0,0.0,0.0,40.0,0.0,60.0,-2020.0,2650.0,yonden
2019,9,2019-09-24,05:00,2720.0,880.0,2890.0,690.0,－－－－－－－－－－,70.0,0.0,0.0,40.0,0.0,60.0,-1910.0,2720.0,yonden
2019,9,2019-09-24,06:00,2680.0,880.0,2820.0,650.0,－－－－－－－－－－,70.0,70.0,0.0,40.0,0.0,50.0,-1900.0,2680.0,yonden
2019,9,2019-09-24,07:00,2780.0,880.0,2910.0,680.0,－－－－－－－－－－,70.0,150.0,0.0,40.0,0.0,60.0,-2010.0,2780.0,yonden
2019,9,2019-09-24,08:00,3170.0,880.0,3280.0,680.0,－－－－－－－－－－,70.0,260.0,0.0,40.0,0.0,90.0,-2130.0,3170.0,yonden
2019,9,2019-09-24,09:00,3380.0,880.0,3270.0,670.0,－－－－－－－－－－,70.0,500.0,0.0,30.0,0.0,240.0,-2280.0,3380.0,yonden
2019,9,2019-09-24,10:00,3520.0,880.0,3330.0,700.0,－－－－－－－－－－,70.0,680.0,0.0,30.0,0.0,100.0,-2270.0,3520.0,yonden
2019,9,2019-09-24,11:00,3520.0,880.0,3310.0,710.0,－－－－－－－－－－,70.0,600.0,0.0,30.0,0.0,300.0,-2380.0,3520.0,yonden
2019,9,2019-09-24,12:00,3320.0,880.0,3320.0,690.0,－－－－－－－－－－,70.0,630.0,0.0,40.0,0.0,70.0,-2380.0,3320.0,yonden
2019,9,2019-09-24,13:00,3490.0,880.0,3390.0,730.0,－－－－－－－－－－,70.0,500.0,0.0,40.0,0.0,270.0,-2390.0,3490.0,yonden
2019,9,2019-09-24,14:00,3450.0,880.0,3370.0,720.0,－－－－－－－－－－,70.0,410.0,0.0,40.0,0.0,290.0,-2330.0,3450.0,yonden
2019,9,2019-09-24,15:00,3420.0,880.0,3430.0,710.0,－－－－－－－－－－,70.0,350.0,0.0,30.0,0.0,150.0,-2200.0,3420.0,yonden
2019,9,2019-09-24,16:00,3450.0,880.0,3390.0,730.0,－－－－－－－－－－,70.0,200.0,0.0,30.0,0.0,50.0,-1900.0,3450.0,yonden
2019,9,2019-09-24,17:00,3360.0,880.0,3370.0,720.0,－－－－－－－－－－,70.0,40.0,0.0,50.0,0.0,50.0,-1820.0,3360.0,yonden
2019,9,2019-09-24,18:00,3360.0,880.0,3530.0,720.0,－－－－－－－－－－,70.0,0.0,0.0,50.0,0.0,40.0,-1930.0,3360.0,yonden
2019,9,2019-09-24,19:00,3180.0,880.0,3490.0,720.0,－－－－－－－－－－,70.0,0.0,0.0,50.0,0.0,40.0,-2070.0,3180.0,yonden
2019,9,2019-09-24,20:00,3010.0,880.0,3410.0,690.0,－－－－－－－－－－,70.0,0.0,0.0,50.0,0.0,40.0,-2130.0,3010.0,yonden
2019,9,2019-09-24,21:00,2810.0,880.0,3230.0,670.0,－－－－－－－－－－,70.0,0.0,0.0,40.0,0.0,40.0,-2120.0,2810.0,yonden
2019,9,2019-09-24,22:00,2610.0,880.0,3130.0,680.0,－－－－－－－－－－,70.0,0.0,0.0,40.0,0.0,40.0,-2230.0,2610.0,yonden
2019,9,2019-09-24,23:00,2490.0,880.0,2980.0,680.0,－－－－－－－－－－,70.0,0.0,0.0,50.0,0.0,40.0,-2210.0,2490.0,yonden
2019,9,2019-09-25,00:00,2310.0,870.0,2930.0,680.0,－－－－－－－－－－,70.0,0.0,0.0,50.0,0.0,40.0,-2330.0,2310.0,yonden
2019,9,2019-09-25,01:00,2240.0,880.0,2920.0,690.0,－－－－－－－－－－,70.0,0.0,0.0,40.0,0.0,40.0,-2400.0,2240.0,yonden
2019,9,2019-09-25,02:00,2330.0,870.0,2970.0,720.0,－－－－－－－－－－,70.0,0.0,0.0,40.0,0.0,40.0,-2380.0,2330.0,yonden
2019,9,2019-09-25,03:00,2500.0,870.0,3050.0,730.0,－－－－－－－－－－,80.0,0.0,0.0,40.0,0.0,40.0,-2310.0,2500.0,yonden
2019,9,2019-09-25,04:00,2680.0,880.0,3130.0,730.0,－－－－－－－－－－,70.0,0.0,0.0,40.0,0.0,50.0,-2220.0,2680.0,yonden
2019,9,2019-09-25,05:00,2740.0,880.0,3120.0,710.0,－－－－－－－－－－,70.0,0.0,0.0,40.0,0.0,50.0,-2130.0,2740.0,yonden
2019,9,2019-09-25,06:00,2670.0,880.0,2980.0,710.0,－－－－－－－－－－,70.0,140.0,0.0,40.0,0.0,10.0,-2160.0,2670.0,yonden
2019,9,2019-09-25,07:00,2720.0,880.0,2950.0,720.0,－－－－－－－－－－,70.0,510.0,0.0,40.0,0.0,-250.0,-2200.0,2720.0,yonden
2019,9,2019-09-25,08:00,3100.0,880.0,2770.0,690.0,－－－－－－－－－－,70.0,980.0,0.0,30.0,0.0,-10.0,-2310.0,3100.0,yonden
2019,9,2019-09-25,09:00,3410.0,880.0,2610.0,690.0,－－－－－－－－－－,70.0,1430.0,0.0,20.0,0.0,40.0,-2330.0,3410.0,yonden
2019,9,2019-09-25,10:00,3580.0,880.0,2610.0,640.0,－－－－－－－－－－,70.0,1640.0,0.0,20.0,0.0,40.0,-2320.0,3580.0,yonden
2019,9,2019-09-25,11:00,3650.0,880.0,2630.0,630.0,－－－－－－－－－－,70.0,1770.0,0.0,20.0,0.0,40.0,-2390.0,3650.0,yonden
2019,9,2019-09-25,12:00,3510.0,880.0,2750.0,640.0,－－－－－－－－－－,70.0,1810.0,0.0,10.0,0.0,-230.0,-2420.0,3510.0,yonden
2019,9,2019-09-25,13:00,3710.0,880.0,2900.0,720.0,－－－－－－－－－－,70.0,1740.0,0.0,10.0,0.0,-250.0,-2360.0,3710.0,yonden
2019,9,2019-09-25,14:00,3720.0,880.0,2980.0,730.0,－－－－－－－－－－,70.0,1450.0,0.0,10.0,0.0,-200.0,-2200.0,3720.0,yonden
2019,9,2019-09-25,15:00,3650.0,880.0,3110.0,730.0,－－－－－－－－－－,70.0,990.0,0.0,10.0,0.0,50.0,-2190.0,3650.0,yonden
2019,9,2019-09-25,16:00,3680.0,880.0,3320.0,720.0,－－－－－－－－－－,70.0,510.0,0.0,0.0,0.0,250.0,-2070.0,3680.0,yonden
2019,9,2019-09-25,17:00,3480.0,880.0,3320.0,730.0,－－－－－－－－－－,70.0,120.0,0.0,0.0,0.0,320.0,-1960.0,3480.0,yonden
2019,9,2019-09-25,18:00,3410.0,880.0,3270.0,730.0,－－－－－－－－－－,70.0,0.0,0.0,0.0,0.0,300.0,-1840.0,3410.0,yonden
2019,9,2019-09-25,19:00,3230.0,880.0,3220.0,730.0,－－－－－－－－－－,70.0,0.0,0.0,0.0,0.0,280.0,-1950.0,3230.0,yonden
2019,9,2019-09-25,20:00,3030.0,880.0,3390.0,750.0,－－－－－－－－－－,70.0,0.0,0.0,0.0,0.0,70.0,-2130.0,3030.0,yonden
2019,9,2019-09-25,21:00,2810.0,880.0,3240.0,740.0,－－－－－－－－－－,70.0,0.0,0.0,0.0,0.0,50.0,-2170.0,2810.0,yonden
2019,9,2019-09-25,22:00,2600.0,880.0,3170.0,710.0,－－－－－－－－－－,70.0,0.0,0.0,0.0,0.0,40.0,-2270.0,2600.0,yonden
2019,9,2019-09-25,23:00,2500.0,880.0,3160.0,700.0,－－－－－－－－－－,70.0,0.0,0.0,0.0,0.0,40.0,-2350.0,2500.0,yonden
2019,9,2019-09-26,00:00,2330.0,880.0,3030.0,700.0,－－－－－－－－－－,70.0,0.0,0.0,0.0,0.0,40.0,-2390.0,2330.0,yonden
2019,9,2019-09-26,01:00,2240.0,880.0,2900.0,670.0,－－－－－－－－－－,70.0,0.0,0.0,0.0,0.0,40.0,-2320.0,2240.0,yonden
2019,9,2019-09-26,02:00,2320.0,880.0,2920.0,700.0,－－－－－－－－－－,70.0,0.0,0.0,0.0,0.0,40.0,-2290.0,2320.0,yonden
2019,9,2019-09-26,03:00,2500.0,880.0,3000.0,700.0,－－－－－－－－－－,80.0,0.0,0.0,0.0,0.0,40.0,-2200.0,2500.0,yonden
2019,9,2019-09-26,04:00,2660.0,880.0,3030.0,720.0,－－－－－－－－－－,80.0,0.0,0.0,0.0,0.0,40.0,-2090.0,2660.0,yonden
2019,9,2019-09-26,05:00,2700.0,880.0,3020.0,710.0,－－－－－－－－－－,80.0,0.0,0.0,0.0,0.0,40.0,-2030.0,2700.0,yonden
2019,9,2019-09-26,06:00,2680.0,880.0,2960.0,690.0,－－－－－－－－－－,70.0,190.0,0.0,10.0,0.0,40.0,-2160.0,2680.0,yonden
2019,9,2019-09-26,07:00,2720.0,880.0,2930.0,680.0,－－－－－－－－－－,80.0,600.0,0.0,10.0,0.0,-230.0,-2230.0,2720.0,yonden
2019,9,2019-09-26,08:00,3120.0,880.0,2780.0,700.0,－－－－－－－－－－,70.0,1050.0,0.0,10.0,0.0,-80.0,-2290.0,3120.0,yonden
2019,9,2019-09-26,09:00,3460.0,880.0,2660.0,700.0,－－－－－－－－－－,70.0,1450.0,0.0,10.0,0.0,40.0,-2350.0,3460.0,yonden
2019,9,2019-09-26,10:00,3620.0,880.0,2710.0,700.0,－－－－－－－－－－,70.0,1660.0,0.0,0.0,0.0,40.0,-2440.0,3620.0,yonden
2019,9,2019-09-26,11:00,3720.0,880.0,2870.0,700.0,－－－－－－－－－－,70.0,1670.0,0.0,0.0,0.0,40.0,-2510.0,3720.0,yonden
2019,9,2019-09-26,12:00,3650.0,880.0,2890.0,670.0,－－－－－－－－－－,70.0,1630.0,0.0,0.0,0.0,70.0,-2560.0,3650.0,yonden
2019,9,2019-09-26,13:00,3810.0,880.0,3090.0,690.0,－－－－－－－－－－,70.0,1270.0,0.0,10.0,0.0,280.0,-2480.0,3810.0,yonden
2019,9,2019-09-26,14:00,3810.0,880.0,3390.0,690.0,－－－－－－－－－－,70.0,910.0,0.0,10.0,0.0,280.0,-2420.0,3810.0,yonden
2019,9,2019-09-26,15:00,3660.0,880.0,3530.0,690.0,－－－－－－－－－－,70.0,510.0,0.0,10.0,0.0,270.0,-2300.0,3660.0,yonden
2019,9,2019-09-26,16:00,3690.0,880.0,3710.0,690.0,－－－－－－－－－－,70.0,240.0,0.0,20.0,0.0,290.0,-2210.0,3690.0,yonden
2019,9,2019-09-26,17:00,3510.0,880.0,3600.0,700.0,－－－－－－－－－－,70.0,30.0,0.0,10.0,0.0,290.0,-2070.0,3510.0,yonden
2019,9,2019-09-26,18:00,3490.0,880.0,3600.0,710.0,－－－－－－－－－－,70.0,0.0,0.0,10.0,0.0,150.0,-1930.0,3490.0,yonden
2019,9,2019-09-26,19:00,3300.0,880.0,3660.0,690.0,－－－－－－－－－－,70.0,0.0,0.0,20.0,0.0,40.0,-2060.0,3300.0,yonden
2019,9,2019-09-26,20:00,3130.0,880.0,3670.0,690.0,－－－－－－－－－－,70.0,0.0,0.0,30.0,0.0,40.0,-2250.0,3130.0,yonden
2019,9,2019-09-26,21:00,2910.0,880.0,3380.0,690.0,－－－－－－－－－－,70.0,0.0,0.0,30.0,0.0,40.0,-2180.0,2910.0,yonden
2019,9,2019-09-26,22:00,2730.0,880.0,3320.0,680.0,－－－－－－－－－－,70.0,0.0,0.0,30.0,0.0,40.0,-2290.0,2730.0,yonden
2019,9,2019-09-26,23:00,2630.0,880.0,3320.0,660.0,－－－－－－－－－－,70.0,0.0,0.0,30.0,0.0,40.0,-2370.0,2630.0,yonden
2019,9,2019-09-27,00:00,2460.0,870.0,3120.0,680.0,－－－－－－－－－－,70.0,0.0,0.0,30.0,0.0,40.0,-2350.0,2460.0,yonden
2019,9,2019-09-27,01:00,2370.0,880.0,3080.0,620.0,－－－－－－－－－－,70.0,0.0,0.0,30.0,0.0,40.0,-2350.0,2370.0,yonden
2019,9,2019-09-27,02:00,2430.0,870.0,3110.0,640.0,－－－－－－－－－－,70.0,0.0,0.0,20.0,0.0,40.0,-2320.0,2430.0,yonden
2019,9,2019-09-27,03:00,2610.0,870.0,3200.0,670.0,－－－－－－－－－－,70.0,0.0,0.0,40.0,0.0,40.0,-2280.0,2610.0,yonden
2019,9,2019-09-27,04:00,2770.0,880.0,3190.0,670.0,－－－－－－－－－－,70.0,0.0,0.0,50.0,0.0,50.0,-2140.0,2770.0,yonden
2019,9,2019-09-27,05:00,2810.0,880.0,3230.0,680.0,－－－－－－－－－－,70.0,0.0,0.0,30.0,0.0,40.0,-2120.0,2810.0,yonden
2019,9,2019-09-27,06:00,2800.0,880.0,3150.0,660.0,－－－－－－－－－－,70.0,100.0,0.0,30.0,0.0,40.0,-2130.0,2800.0,yonden
2019,9,2019-09-27,07:00,2940.0,880.0,3230.0,690.0,－－－－－－－－－－,70.0,220.0,0.0,40.0,0.0,40.0,-2230.0,2940.0,yonden
2019,9,2019-09-27,08:00,3370.0,880.0,3400.0,690.0,－－－－－－－－－－,70.0,310.0,0.0,40.0,0.0,40.0,-2060.0,3370.0,yonden
2019,9,2019-09-27,09:00,3690.0,880.0,3410.0,700.0,－－－－－－－－－－,70.0,460.0,0.0,30.0,0.0,40.0,-1900.0,3690.0,yonden
2019,9,2019-09-27,10:00,3780.0,880.0,3440.0,710.0,－－－－－－－－－－,70.0,510.0,0.0,30.0,0.0,40.0,-1900.0,3780.0,yonden
2019,9,2019-09-27,11:00,3770.0,880.0,3350.0,710.0,－－－－－－－－－－,70.0,580.0,0.0,40.0,0.0,50.0,-1910.0,3770.0,yonden
2019,9,2019-09-27,12:00,3620.0,880.0,3160.0,650.0,－－－－－－－－－－,70.0,810.0,0.0,40.0,0.0,40.0,-2030.0,3620.0,yonden
2019,9,2019-09-27,13:00,3800.0,880.0,3130.0,690.0,－－－－－－－－－－,70.0,1000.0,0.0,40.0,0.0,-140.0,-1870.0,3800.0,yonden
2019,9,2019-09-27,14:00,3840.0,880.0,3170.0,690.0,－－－－－－－－－－,70.0,1060.0,0.0,30.0,0.0,-250.0,-1810.0,3840.0,yonden
2019,9,2019-09-27,15:00,3800.0,880.0,3490.0,690.0,－－－－－－－－－－,70.0,680.0,0.0,30.0,0.0,-150.0,-1890.0,3800.0,yonden
2019,9,2019-09-27,16:00,3820.0,880.0,3680.0,700.0,－－－－－－－－－－,70.0,320.0,0.0,40.0,0.0,80.0,-1950.0,3820.0,yonden
2019,9,2019-09-27,17:00,3650.0,880.0,3590.0,710.0,－－－－－－－－－－,70.0,70.0,0.0,40.0,0.0,290.0,-2000.0,3650.0,yonden
2019,9,2019-09-27,18:00,3580.0,880.0,3530.0,710.0,－－－－－－－－－－,70.0,0.0,0.0,50.0,0.0,290.0,-1950.0,3580.0,yonden
2019,9,2019-09-27,19:00,3380.0,880.0,3650.0,730.0,－－－－－－－－－－,70.0,0.0,0.0,60.0,0.0,70.0,-2080.0,3380.0,yonden
2019,9,2019-09-27,20:00,3190.0,880.0,3670.0,720.0,－－－－－－－－－－,70.0,0.0,0.0,60.0,0.0,60.0,-2270.0,3190.0,yonden
2019,9,2019-09-27,21:00,2970.0,880.0,3500.0,700.0,－－－－－－－－－－,70.0,0.0,0.0,70.0,0.0,50.0,-2300.0,2970.0,yonden
2019,9,2019-09-27,22:00,2760.0,880.0,3330.0,680.0,－－－－－－－－－－,70.0,0.0,0.0,90.0,0.0,-50.0,-2240.0,2760.0,yonden
2019,9,2019-09-27,23:00,2650.0,880.0,3370.0,670.0,－－－－－－－－－－,70.0,0.0,0.0,90.0,0.0,-250.0,-2180.0,2650.0,yonden
2019,9,2019-09-28,00:00,2470.0,880.0,3170.0,610.0,－－－－－－－－－－,80.0,0.0,0.0,70.0,0.0,-250.0,-2090.0,2470.0,yonden
2019,9,2019-09-28,01:00,2390.0,880.0,3170.0,630.0,－－－－－－－－－－,80.0,0.0,0.0,70.0,0.0,-250.0,-2190.0,2390.0,yonden
2019,9,2019-09-28,02:00,2430.0,880.0,3050.0,600.0,－－－－－－－－－－,80.0,0.0,0.0,60.0,0.0,0.0,-2240.0,2430.0,yonden
2019,9,2019-09-28,03:00,2570.0,880.0,2960.0,660.0,－－－－－－－－－－,80.0,0.0,0.0,60.0,0.0,50.0,-2120.0,2570.0,yonden
2019,9,2019-09-28,04:00,2700.0,880.0,2960.0,680.0,－－－－－－－－－－,70.0,0.0,0.0,60.0,0.0,60.0,-2010.0,2700.0,yonden
2019,9,2019-09-28,05:00,2700.0,880.0,2920.0,670.0,－－－－－－－－－－,80.0,0.0,0.0,70.0,0.0,50.0,-1970.0,2700.0,yonden
2019,9,2019-09-28,06:00,2570.0,880.0,2900.0,620.0,－－－－－－－－－－,80.0,80.0,0.0,60.0,0.0,50.0,-2100.0,2570.0,yonden
2019,9,2019-09-28,07:00,2580.0,880.0,2960.0,630.0,－－－－－－－－－－,80.0,210.0,0.0,60.0,0.0,50.0,-2290.0,2580.0,yonden
2019,9,2019-09-28,08:00,2840.0,880.0,2960.0,660.0,－－－－－－－－－－,80.0,490.0,0.0,60.0,0.0,-120.0,-2170.0,2840.0,yonden
2019,9,2019-09-28,09:00,3140.0,880.0,3200.0,640.0,－－－－－－－－－－,70.0,670.0,0.0,40.0,0.0,-190.0,-2170.0,3140.0,yonden
2019,9,2019-09-28,10:00,3240.0,880.0,3180.0,640.0,－－－－－－－－－－,70.0,650.0,0.0,40.0,0.0,50.0,-2270.0,3240.0,yonden
2019,9,2019-09-28,11:00,3280.0,880.0,3000.0,630.0,－－－－－－－－－－,80.0,900.0,0.0,30.0,0.0,40.0,-2280.0,3280.0,yonden
2019,9,2019-09-28,12:00,3270.0,880.0,3030.0,580.0,－－－－－－－－－－,80.0,1150.0,0.0,30.0,0.0,-190.0,-2290.0,3270.0,yonden
2019,9,2019-09-28,13:00,3450.0,880.0,3200.0,600.0,－－－－－－－－－－,80.0,1050.0,0.0,50.0,0.0,-160.0,-2250.0,3450.0,yonden
2019,9,2019-09-28,14:00,3360.0,880.0,3180.0,600.0,－－－－－－－－－－,80.0,680.0,0.0,50.0,0.0,50.0,-2160.0,3360.0,yonden
2019,9,2019-09-28,15:00,3150.0,880.0,3260.0,650.0,－－－－－－－－－－,80.0,250.0,0.0,60.0,0.0,40.0,-2070.0,3150.0,yonden
2019,9,2019-09-28,16:00,3140.0,880.0,3180.0,660.0,－－－－－－－－－－,80.0,70.0,0.0,50.0,0.0,40.0,-1820.0,3140.0,yonden
2019,9,2019-09-28,17:00,3160.0,880.0,3010.0,660.0,－－－－－－－－－－,80.0,10.0,0.0,40.0,0.0,160.0,-1680.0,3160.0,yonden
2019,9,2019-09-28,18:00,3230.0,880.0,2990.0,660.0,－－－－－－－－－－,80.0,0.0,0.0,20.0,0.0,270.0,-1670.0,3230.0,yonden
2019,9,2019-09-28,19:00,3100.0,880.0,2990.0,670.0,－－－－－－－－－－,80.0,0.0,0.0,20.0,0.0,210.0,-1750.0,3100.0,yonden
2019,9,2019-09-28,20:00,2950.0,880.0,3110.0,660.0,－－－－－－－－－－,80.0,0.0,0.0,20.0,0.0,60.0,-1860.0,2950.0,yonden
2019,9,2019-09-28,21:00,2770.0,880.0,3150.0,610.0,－－－－－－－－－－,70.0,0.0,0.0,10.0,0.0,50.0,-2000.0,2770.0,yonden
2019,9,2019-09-28,22:00,2600.0,880.0,3110.0,640.0,－－－－－－－－－－,80.0,0.0,0.0,10.0,0.0,50.0,-2170.0,2600.0,yonden
2019,9,2019-09-28,23:00,2510.0,880.0,3110.0,650.0,－－－－－－－－－－,80.0,0.0,0.0,10.0,0.0,60.0,-2280.0,2510.0,yonden
2019,9,2019-09-29,00:00,2390.0,870.0,3120.0,610.0,－－－－－－－－－－,80.0,0.0,0.0,10.0,0.0,30.0,-2330.0,2390.0,yonden
2019,9,2019-09-29,01:00,2320.0,880.0,3110.0,600.0,－－－－－－－－－－,80.0,0.0,0.0,10.0,0.0,10.0,-2370.0,2320.0,yonden
2019,9,2019-09-29,02:00,2390.0,870.0,3120.0,620.0,－－－－－－－－－－,80.0,0.0,0.0,10.0,0.0,20.0,-2330.0,2390.0,yonden
2019,9,2019-09-29,03:00,2540.0,870.0,3090.0,670.0,－－－－－－－－－－,80.0,0.0,0.0,10.0,0.0,30.0,-2210.0,2540.0,yonden
2019,9,2019-09-29,04:00,2660.0,880.0,3070.0,690.0,－－－－－－－－－－,80.0,0.0,0.0,0.0,0.0,40.0,-2100.0,2660.0,yonden
2019,9,2019-09-29,05:00,2650.0,870.0,3080.0,670.0,－－－－－－－－－－,80.0,0.0,0.0,0.0,0.0,40.0,-2090.0,2650.0,yonden
2019,9,2019-09-29,06:00,2490.0,880.0,2970.0,620.0,－－－－－－－－－－,80.0,140.0,0.0,0.0,0.0,40.0,-2240.0,2490.0,yonden
2019,9,2019-09-29,07:00,2460.0,880.0,2800.0,600.0,－－－－－－－－－－,80.0,460.0,0.0,0.0,0.0,40.0,-2400.0,2460.0,yonden
2019,9,2019-09-29,08:00,2580.0,880.0,2790.0,630.0,－－－－－－－－－－,80.0,820.0,0.0,0.0,0.0,-220.0,-2400.0,2580.0,yonden
2019,9,2019-09-29,09:00,2790.0,880.0,2700.0,630.0,－－－－－－－－－－,70.0,1270.0,0.0,0.0,0.0,-290.0,-2470.0,2790.0,yonden
2019,9,2019-09-29,10:00,3020.0,880.0,2570.0,650.0,－－－－－－－－－－,70.0,1530.0,0.0,0.0,0.0,-300.0,-2380.0,3020.0,yonden
2019,9,2019-09-29,11:00,3090.0,880.0,2570.0,670.0,－－－－－－－－－－,80.0,1440.0,0.0,0.0,0.0,-280.0,-2270.0,3090.0,yonden
2019,9,2019-09-29,12:00,3130.0,880.0,2800.0,590.0,－－－－－－－－－－,80.0,1280.0,0.0,0.0,0.0,-270.0,-2230.0,3130.0,yonden
2019,9,2019-09-29,13:00,3170.0,880.0,2880.0,590.0,－－－－－－－－－－,80.0,1120.0,0.0,0.0,0.0,-270.0,-2110.0,3170.0,yonden
2019,9,2019-09-29,14:00,2980.0,880.0,2980.0,590.0,－－－－－－－－－－,80.0,610.0,0.0,0.0,0.0,10.0,-2170.0,2980.0,yonden
2019,9,2019-09-29,15:00,2920.0,880.0,3140.0,620.0,－－－－－－－－－－,70.0,280.0,0.0,0.0,0.0,40.0,-2110.0,2920.0,yonden
2019,9,2019-09-29,16:00,2930.0,880.0,3130.0,650.0,－－－－－－－－－－,80.0,90.0,0.0,0.0,0.0,30.0,-1930.0,2930.0,yonden
2019,9,2019-09-29,17:00,3070.0,880.0,3250.0,660.0,－－－－－－－－－－,80.0,20.0,0.0,0.0,0.0,30.0,-1850.0,3070.0,yonden
2019,9,2019-09-29,18:00,3170.0,880.0,3240.0,670.0,－－－－－－－－－－,80.0,0.0,0.0,0.0,0.0,40.0,-1740.0,3170.0,yonden
2019,9,2019-09-29,19:00,3070.0,880.0,3210.0,680.0,－－－－－－－－－－,80.0,0.0,0.0,0.0,0.0,40.0,-1820.0,3070.0,yonden
2019,9,2019-09-29,20:00,2940.0,880.0,3230.0,640.0,－－－－－－－－－－,80.0,0.0,0.0,0.0,0.0,30.0,-1920.0,2940.0,yonden
2019,9,2019-09-29,21:00,2760.0,880.0,3250.0,610.0,－－－－－－－－－－,70.0,0.0,0.0,0.0,0.0,30.0,-2080.0,2760.0,yonden
2019,9,2019-09-29,22:00,2560.0,880.0,3160.0,570.0,－－－－－－－－－－,70.0,0.0,0.0,0.0,0.0,40.0,-2160.0,2560.0,yonden
2019,9,2019-09-29,23:00,2460.0,880.0,3140.0,550.0,－－－－－－－－－－,80.0,0.0,0.0,0.0,0.0,30.0,-2220.0,2460.0,yonden
2019,9,2019-09-30,00:00,2300.0,880.0,2980.0,550.0,－－－－－－－－－－,80.0,0.0,0.0,0.0,0.0,0.0,-2190.0,2300.0,yonden
2019,9,2019-09-30,01:00,2210.0,880.0,2970.0,530.0,－－－－－－－－－－,80.0,0.0,0.0,0.0,0.0,0.0,-2250.0,2210.0,yonden
2019,9,2019-09-30,02:00,2290.0,880.0,2990.0,550.0,－－－－－－－－－－,80.0,0.0,0.0,0.0,0.0,20.0,-2230.0,2290.0,yonden
2019,9,2019-09-30,03:00,2440.0,880.0,2930.0,620.0,－－－－－－－－－－,80.0,0.0,0.0,10.0,0.0,30.0,-2110.0,2440.0,yonden
2019,9,2019-09-30,04:00,2600.0,880.0,2900.0,650.0,－－－－－－－－－－,80.0,0.0,0.0,10.0,0.0,50.0,-1970.0,2600.0,yonden
2019,9,2019-09-30,05:00,2660.0,880.0,2910.0,610.0,－－－－－－－－－－,80.0,0.0,0.0,10.0,0.0,50.0,-1880.0,2660.0,yonden
2019,9,2019-09-30,06:00,2700.0,880.0,2910.0,550.0,－－－－－－－－－－,80.0,160.0,0.0,10.0,0.0,20.0,-1910.0,2700.0,yonden
2019,9,2019-09-30,07:00,2820.0,880.0,2850.0,550.0,－－－－－－－－－－,80.0,450.0,0.0,10.0,0.0,0.0,-2000.0,2820.0,yonden
2019,9,2019-09-30,08:00,3340.0,880.0,2860.0,600.0,－－－－－－－－－－,70.0,790.0,0.0,10.0,0.0,10.0,-1880.0,3340.0,yonden
2019,9,2019-09-30,09:00,3790.0,880.0,2950.0,660.0,－－－－－－－－－－,80.0,1240.0,0.0,0.0,0.0,0.0,-2020.0,3790.0,yonden
2019,9,2019-09-30,10:00,3980.0,880.0,3060.0,650.0,－－－－－－－－－－,70.0,1510.0,0.0,0.0,0.0,0.0,-2190.0,3980.0,yonden
2019,9,2019-09-30,11:00,4050.0,880.0,3210.0,670.0,－－－－－－－－－－,70.0,1530.0,0.0,0.0,0.0,10.0,-2320.0,4050.0,yonden
2019,9,2019-09-30,12:00,4000.0,880.0,3290.0,580.0,－－－－－－－－－－,80.0,1490.0,0.0,0.0,0.0,50.0,-2370.0,4000.0,yonden
2019,9,2019-09-30,13:00,4180.0,880.0,3350.0,580.0,－－－－－－－－－－,70.0,1210.0,0.0,0.0,0.0,300.0,-2210.0,4180.0,yonden
2019,9,2019-09-30,14:00,4160.0,880.0,3410.0,590.0,－－－－－－－－－－,70.0,880.0,0.0,0.0,0.0,340.0,-2010.0,4160.0,yonden
2019,9,2019-09-30,15:00,3990.0,880.0,3560.0,610.0,－－－－－－－－－－,70.0,370.0,0.0,0.0,0.0,350.0,-1850.0,3990.0,yonden
2019,9,2019-09-30,16:00,3930.0,880.0,3660.0,640.0,－－－－－－－－－－,80.0,130.0,0.0,0.0,0.0,320.0,-1780.0,3930.0,yonden
2019,9,2019-09-30,17:00,3800.0,880.0,3530.0,670.0,－－－－－－－－－－,80.0,20.0,0.0,10.0,0.0,280.0,-1670.0,3800.0,yonden
2019,9,2019-09-30,18:00,3780.0,880.0,3530.0,660.0,－－－－－－－－－－,80.0,0.0,0.0,0.0,0.0,280.0,-1650.0,3780.0,yonden
2019,9,2019-09-30,19:00,3590.0,880.0,3570.0,640.0,－－－－－－－－－－,80.0,0.0,0.0,0.0,0.0,270.0,-1850.0,3590.0,yonden
2019,9,2019-09-30,20:00,3380.0,880.0,3580.0,590.0,－－－－－－－－－－,80.0,0.0,0.0,0.0,0.0,290.0,-2040.0,3380.0,yonden
2019,9,2019-09-30,21:00,3150.0,880.0,3570.0,560.0,－－－－－－－－－－,70.0,0.0,0.0,0.0,0.0,230.0,-2160.0,3150.0,yonden
2019,9,2019-09-30,22:00,2920.0,880.0,3550.0,550.0,－－－－－－－－－－,70.0,0.0,0.0,0.0,0.0,40.0,-2170.0,2920.0,yonden
2019,9,2019-09-30,23:00,2770.0,880.0,3410.0,510.0,－－－－－－－－－－,80.0,0.0,0.0,0.0,0.0,30.0,-2140.0,2770.0,yonden
2019,10,2019-10-01,00:00,2560.0,870.0,3260.0,490.0,－－－－－－－－－－,70.0,0.0,0.0,0.0,0.0,-240.0,-1890.0,2560.0,yonden
2019,10,2019-10-01,01:00,2450.0,880.0,3170.0,490.0,－－－－－－－－－－,70.0,0.0,0.0,0.0,0.0,-270.0,-1890.0,2450.0,yonden
2019,10,2019-10-01,02:00,2480.0,870.0,3180.0,490.0,－－－－－－－－－－,70.0,0.0,0.0,0.0,0.0,-290.0,-1840.0,2480.0,yonden
2019,10,2019-10-01,03:00,2610.0,870.0,3230.0,530.0,－－－－－－－－－－,70.0,0.0,0.0,0.0,0.0,-300.0,-1790.0,2610.0,yonden
2019,10,2019-10-01,04:00,2750.0,880.0,3200.0,570.0,－－－－－－－－－－,70.0,0.0,0.0,0.0,0.0,-10.0,-1960.0,2750.0,yonden
2019,10,2019-10-01,05:00,2810.0,870.0,3140.0,590.0,－－－－－－－－－－,70.0,0.0,0.0,0.0,0.0,30.0,-1890.0,2810.0,yonden
2019,10,2019-10-01,06:00,2770.0,880.0,3070.0,570.0,－－－－－－－－－－,70.0,100.0,0.0,0.0,0.0,20.0,-1940.0,2770.0,yonden
2019,10,2019-10-01,07:00,2900.0,880.0,3050.0,560.0,－－－－－－－－－－,70.0,350.0,0.0,10.0,0.0,20.0,-2040.0,2900.0,yonden
2019,10,2019-10-01,08:00,3430.0,880.0,3140.0,550.0,－－－－－－－－－－,70.0,660.0,0.0,0.0,0.0,20.0,-1890.0,3430.0,yonden
2019,10,2019-10-01,09:00,3850.0,880.0,3130.0,510.0,－－－－－－－－－－,70.0,1120.0,0.0,0.0,0.0,-80.0,-1780.0,3850.0,yonden
2019,10,2019-10-01,10:00,4030.0,880.0,3210.0,500.0,－－－－－－－－－－,70.0,1360.0,0.0,0.0,0.0,-270.0,-1720.0,4030.0,yonden
2019,10,2019-10-01,11:00,4110.0,880.0,3270.0,410.0,－－－－－－－－－－,70.0,1200.0,0.0,0.0,0.0,-70.0,-1650.0,4110.0,yonden
2019,10,2019-10-01,12:00,4030.0,880.0,3420.0,400.0,－－－－－－－－－－,70.0,950.0,0.0,0.0,0.0,40.0,-1730.0,4030.0,yonden
2019,10,2019-10-01,13:00,4060.0,880.0,3390.0,410.0,－－－－－－－－－－,70.0,710.0,0.0,0.0,0.0,250.0,-1650.0,4060.0,yonden
2019,10,2019-10-01,14:00,4070.0,880.0,3350.0,480.0,－－－－－－－－－－,70.0,710.0,0.0,0.0,0.0,230.0,-1650.0,4070.0,yonden
2019,10,2019-10-01,15:00,3990.0,880.0,3490.0,560.0,－－－－－－－－－－,70.0,400.0,0.0,10.0,0.0,260.0,-1680.0,3990.0,yonden
2019,10,2019-10-01,16:00,3910.0,880.0,3630.0,600.0,－－－－－－－－－－,70.0,80.0,0.0,10.0,0.0,320.0,-1680.0,3910.0,yonden
2019,10,2019-10-01,17:00,3820.0,880.0,3630.0,610.0,－－－－－－－－－－,70.0,10.0,0.0,10.0,0.0,280.0,-1670.0,3820.0,yonden
2019,10,2019-10-01,18:00,3770.0,880.0,3630.0,610.0,－－－－－－－－－－,70.0,0.0,0.0,10.0,0.0,240.0,-1670.0,3770.0,yonden
2019,10,2019-10-01,19:00,3510.0,880.0,3560.0,560.0,－－－－－－－－－－,70.0,0.0,0.0,10.0,0.0,10.0,-1580.0,3510.0,yonden
2019,10,2019-10-01,20:00,3290.0,880.0,3510.0,510.0,－－－－－－－－－－,70.0,0.0,0.0,20.0,0.0,0.0,-1700.0,3290.0,yonden
2019,10,2019-10-01,21:00,3070.0,880.0,3380.0,490.0,－－－－－－－－－－,70.0,0.0,0.0,30.0,0.0,10.0,-1790.0,3070.0,yonden
2019,10,2019-10-01,22:00,2860.0,880.0,3220.0,490.0,－－－－－－－－－－,70.0,0.0,0.0,40.0,0.0,30.0,-1870.0,2860.0,yonden
2019,10,2019-10-01,23:00,2730.0,880.0,3230.0,480.0,－－－－－－－－－－,70.0,0.0,0.0,40.0,0.0,30.0,-2000.0,2730.0,yonden
2019,10,2019-10-02,00:00,2530.0,880.0,3110.0,430.0,－－－－－－－－－－,70.0,0.0,0.0,50.0,0.0,-110.0,-1900.0,2530.0,yonden
2019,10,2019-10-02,01:00,2440.0,880.0,3030.0,470.0,－－－－－－－－－－,70.0,0.0,0.0,50.0,0.0,-280.0,-1780.0,2440.0,yonden
2019,10,2019-10-02,02:00,2490.0,880.0,3040.0,470.0,－－－－－－－－－－,70.0,0.0,0.0,60.0,0.0,-280.0,-1750.0,2490.0,yonden
2019,10,2019-10-02,03:00,2630.0,880.0,3100.0,530.0,－－－－－－－－－－,70.0,0.0,0.0,60.0,0.0,-270.0,-1740.0,2630.0,yonden
2019,10,2019-10-02,04:00,2790.0,880.0,3180.0,570.0,－－－－－－－－－－,70.0,0.0,0.0,60.0,0.0,-270.0,-1700.0,2790.0,yonden
2019,10,2019-10-02,05:00,2850.0,880.0,3170.0,560.0,－－－－－－－－－－,70.0,0.0,0.0,60.0,0.0,-140.0,-1750.0,2850.0,yonden
2019,10,2019-10-02,06:00,2840.0,880.0,3130.0,520.0,－－－－－－－－－－,70.0,40.0,0.0,60.0,0.0,20.0,-1880.0,2840.0,yonden
2019,10,2019-10-02,07:00,2940.0,880.0,3220.0,500.0,－－－－－－－－－－,70.0,70.0,0.0,70.0,0.0,0.0,-1870.0,2940.0,yonden
2019,10,2019-10-02,08:00,3410.0,880.0,3360.0,570.0,－－－－－－－－－－,70.0,140.0,0.0,70.0,0.0,20.0,-1700.0,3410.0,yonden
2019,10,2019-10-02,09:00,3700.0,880.0,3250.0,570.0,－－－－－－－－－－,70.0,380.0,0.0,80.0,0.0,40.0,-1570.0,3700.0,yonden
2019,10,2019-10-02,10:00,3780.0,880.0,3170.0,560.0,－－－－－－－－－－,70.0,610.0,0.0,90.0,0.0,20.0,-1620.0,3780.0,yonden
2019,10,2019-10-02,11:00,3830.0,880.0,3170.0,560.0,－－－－－－－－－－,70.0,860.0,0.0,110.0,0.0,-250.0,-1570.0,3830.0,yonden
2019,10,2019-10-02,12:00,3700.0,880.0,3250.0,480.0,－－－－－－－－－－,70.0,790.0,0.0,100.0,0.0,-290.0,-1580.0,3700.0,yonden
2019,10,2019-10-02,13:00,3900.0,880.0,3300.0,470.0,－－－－－－－－－－,70.0,610.0,0.0,100.0,0.0,-40.0,-1490.0,3900.0,yonden
2019,10,2019-10-02,14:00,3800.0,880.0,3400.0,470.0,－－－－－－－－－－,70.0,360.0,0.0,100.0,0.0,10.0,-1490.0,3800.0,yonden
2019,10,2019-10-02,15:00,3710.0,880.0,3650.0,540.0,－－－－－－－－－－,70.0,90.0,0.0,100.0,0.0,40.0,-1660.0,3710.0,yonden
2019,10,2019-10-02,16:00,3740.0,880.0,3530.0,610.0,－－－－－－－－－－,70.0,40.0,0.0,110.0,0.0,140.0,-1640.0,3740.0,yonden
2019,10,2019-10-02,17:00,3620.0,880.0,3390.0,650.0,－－－－－－－－－－,70.0,10.0,0.0,110.0,0.0,140.0,-1630.0,3620.0,yonden
2019,10,2019-10-02,18:00,3560.0,880.0,3280.0,690.0,－－－－－－－－－－,70.0,0.0,0.0,130.0,0.0,40.0,-1530.0,3560.0,yonden
2019,10,2019-10-02,19:00,3370.0,880.0,3220.0,650.0,－－－－－－－－－－,70.0,0.0,0.0,120.0,0.0,30.0,-1600.0,3370.0,yonden
2019,10,2019-10-02,20:00,3190.0,880.0,3050.0,600.0,－－－－－－－－－－,70.0,0.0,0.0,130.0,0.0,20.0,-1560.0,3190.0,yonden
2019,10,2019-10-02,21:00,2990.0,880.0,2960.0,580.0,－－－－－－－－－－,70.0,0.0,0.0,120.0,0.0,20.0,-1640.0,2990.0,yonden
2019,10,2019-10-02,22:00,2810.0,880.0,2950.0,570.0,－－－－－－－－－－,70.0,0.0,0.0,120.0,0.0,20.0,-1800.0,2810.0,yonden
2019,10,2019-10-02,23:00,2700.0,880.0,2940.0,570.0,－－－－－－－－－－,70.0,0.0,0.0,140.0,0.0,20.0,-1920.0,2700.0,yonden
2019,10,2019-10-03,00:00,2520.0,870.0,2930.0,610.0,－－－－－－－－－－,70.0,0.0,0.0,140.0,0.0,20.0,-2120.0,2520.0,yonden
2019,10,2019-10-03,01:00,2430.0,880.0,2920.0,600.0,－－－－－－－－－－,70.0,0.0,0.0,140.0,0.0,10.0,-2190.0,2430.0,yonden
2019,10,2019-10-03,02:00,2500.0,870.0,3020.0,600.0,－－－－－－－－－－,70.0,0.0,0.0,130.0,0.0,20.0,-2210.0,2500.0,yonden
2019,10,2019-10-03,03:00,2650.0,870.0,3030.0,630.0,－－－－－－－－－－,70.0,0.0,0.0,130.0,0.0,40.0,-2120.0,2650.0,yonden
2019,10,2019-10-03,04:00,2800.0,880.0,3020.0,610.0,－－－－－－－－－－,70.0,0.0,0.0,130.0,0.0,50.0,-1960.0,2800.0,yonden
2019,10,2019-10-03,05:00,2850.0,880.0,3030.0,600.0,－－－－－－－－－－,70.0,0.0,0.0,120.0,0.0,50.0,-1900.0,2850.0,yonden
2019,10,2019-10-03,06:00,2860.0,880.0,3050.0,610.0,－－－－－－－－－－,70.0,100.0,0.0,120.0,0.0,40.0,-2010.0,2860.0,yonden
2019,10,2019-10-03,07:00,3000.0,880.0,3130.0,620.0,－－－－－－－－－－,70.0,220.0,0.0,130.0,0.0,40.0,-2090.0,3000.0,yonden
2019,10,2019-10-03,08:00,3470.0,880.0,3200.0,590.0,－－－－－－－－－－,70.0,350.0,0.0,130.0,0.0,110.0,-1860.0,3470.0,yonden
2019,10,2019-10-03,09:00,3750.0,880.0,3330.0,580.0,－－－－－－－－－－,70.0,360.0,0.0,120.0,0.0,100.0,-1690.0,3750.0,yonden
2019,10,2019-10-03,10:00,3880.0,880.0,3380.0,580.0,－－－－－－－－－－,70.0,510.0,0.0,110.0,0.0,50.0,-1700.0,3880.0,yonden
2019,10,2019-10-03,11:00,3880.0,880.0,3250.0,570.0,－－－－－－－－－－,70.0,690.0,0.0,100.0,0.0,60.0,-1740.0,3880.0,yonden
2019,10,2019-10-03,12:00,3740.0,880.0,3090.0,570.0,－－－－－－－－－－,70.0,780.0,0.0,80.0,0.0,60.0,-1790.0,3740.0,yonden
2019,10,2019-10-03,13:00,3920.0,880.0,3020.0,580.0,－－－－－－－－－－,70.0,980.0,0.0,70.0,0.0,60.0,-1740.0,3920.0,yonden
2019,10,2019-10-03,14:00,3940.0,880.0,3140.0,570.0,－－－－－－－－－－,70.0,830.0,0.0,60.0,0.0,60.0,-1670.0,3940.0,yonden
2019,10,2019-10-03,15:00,3920.0,880.0,3370.0,620.0,－－－－－－－－－－,70.0,540.0,0.0,60.0,0.0,60.0,-1680.0,3920.0,yonden
2019,10,2019-10-03,16:00,3980.0,880.0,3500.0,650.0,－－－－－－－－－－,70.0,300.0,0.0,40.0,0.0,70.0,-1530.0,3980.0,yonden
2019,10,2019-10-03,17:00,3830.0,880.0,3400.0,660.0,－－－－－－－－－－,70.0,50.0,0.0,30.0,0.0,280.0,-1540.0,3830.0,yonden
2019,10,2019-10-03,18:00,3750.0,880.0,3530.0,690.0,－－－－－－－－－－,70.0,0.0,0.0,30.0,0.0,70.0,-1520.0,3750.0,yonden
2019,10,2019-10-03,19:00,3530.0,880.0,3340.0,680.0,－－－－－－－－－－,70.0,0.0,0.0,40.0,0.0,60.0,-1540.0,3530.0,yonden
2019,10,2019-10-03,20:00,3340.0,880.0,3190.0,660.0,－－－－－－－－－－,70.0,0.0,0.0,50.0,0.0,60.0,-1570.0,3340.0,yonden
2019,10,2019-10-03,21:00,3120.0,880.0,3050.0,640.0,－－－－－－－－－－,70.0,0.0,0.0,40.0,0.0,60.0,-1620.0,3120.0,yonden
2019,10,2019-10-03,22:00,2890.0,880.0,3020.0,620.0,－－－－－－－－－－,70.0,0.0,0.0,40.0,0.0,60.0,-1800.0,2890.0,yonden
2019,10,2019-10-03,23:00,2760.0,880.0,3020.0,620.0,－－－－－－－－－－,70.0,0.0,0.0,40.0,0.0,60.0,-1930.0,2760.0,yonden
2019,10,2019-10-04,00:00,2550.0,880.0,3010.0,680.0,－－－－－－－－－－,70.0,0.0,0.0,50.0,0.0,60.0,-2200.0,2550.0,yonden
2019,10,2019-10-04,01:00,2450.0,880.0,2990.0,690.0,－－－－－－－－－－,70.0,0.0,0.0,50.0,0.0,60.0,-2290.0,2450.0,yonden
2019,10,2019-10-04,02:00,2510.0,880.0,2980.0,690.0,－－－－－－－－－－,70.0,0.0,0.0,60.0,0.0,60.0,-2230.0,2510.0,yonden
2019,10,2019-10-04,03:00,2650.0,880.0,2980.0,700.0,－－－－－－－－－－,70.0,0.0,0.0,60.0,0.0,60.0,-2100.0,2650.0,yonden
2019,10,2019-10-04,04:00,2810.0,880.0,3050.0,700.0,－－－－－－－－－－,70.0,0.0,0.0,70.0,0.0,60.0,-2020.0,2810.0,yonden
2019,10,2019-10-04,05:00,2860.0,880.0,3050.0,650.0,－－－－－－－－－－,70.0,0.0,0.0,80.0,0.0,60.0,-1930.0,2860.0,yonden
2019,10,2019-10-04,06:00,2850.0,880.0,2980.0,640.0,－－－－－－－－－－,70.0,140.0,0.0,90.0,0.0,60.0,-2010.0,2850.0,yonden
2019,10,2019-10-04,07:00,2960.0,880.0,3010.0,620.0,－－－－－－－－－－,70.0,530.0,0.0,80.0,0.0,-40.0,-2190.0,2960.0,yonden
2019,10,2019-10-04,08:00,3420.0,880.0,3160.0,610.0,－－－－－－－－－－,70.0,980.0,0.0,80.0,0.0,-240.0,-2120.0,3420.0,yonden
2019,10,2019-10-04,09:00,3780.0,880.0,3110.0,620.0,－－－－－－－－－－,70.0,1430.0,0.0,50.0,0.0,-250.0,-2130.0,3780.0,yonden
2019,10,2019-10-04,10:00,3900.0,880.0,3070.0,630.0,－－－－－－－－－－,70.0,1660.0,0.0,40.0,0.0,-240.0,-2210.0,3900.0,yonden
2019,10,2019-10-04,11:00,3980.0,880.0,3140.0,630.0,－－－－－－－－－－,70.0,1710.0,0.0,50.0,0.0,-240.0,-2260.0,3980.0,yonden
2019,10,2019-10-04,12:00,3880.0,880.0,3030.0,590.0,－－－－－－－－－－,70.0,1670.0,0.0,60.0,0.0,-240.0,-2180.0,3880.0,yonden
2019,10,2019-10-04,13:00,4050.0,880.0,3070.0,550.0,－－－－－－－－－－,70.0,1400.0,0.0,70.0,0.0,10.0,-2000.0,4050.0,yonden
2019,10,2019-10-04,14:00,3980.0,880.0,3180.0,540.0,－－－－－－－－－－,70.0,1030.0,0.0,50.0,0.0,250.0,-2020.0,3980.0,yonden
2019,10,2019-10-04,15:00,3860.0,880.0,3280.0,540.0,－－－－－－－－－－,70.0,700.0,0.0,60.0,0.0,250.0,-1920.0,3860.0,yonden
2019,10,2019-10-04,16:00,3810.0,880.0,3480.0,600.0,－－－－－－－－－－,70.0,330.0,0.0,70.0,0.0,50.0,-1670.0,3810.0,yonden
2019,10,2019-10-04,17:00,3590.0,880.0,3310.0,670.0,－－－－－－－－－－,70.0,50.0,0.0,90.0,0.0,50.0,-1530.0,3590.0,yonden
2019,10,2019-10-04,18:00,3520.0,880.0,3160.0,660.0,－－－－－－－－－－,70.0,0.0,0.0,90.0,0.0,180.0,-1520.0,3520.0,yonden
2019,10,2019-10-04,19:00,3300.0,880.0,2970.0,590.0,－－－－－－－－－－,70.0,0.0,0.0,60.0,0.0,290.0,-1560.0,3300.0,yonden
2019,10,2019-10-04,20:00,3090.0,880.0,2950.0,590.0,－－－－－－－－－－,70.0,0.0,0.0,70.0,0.0,160.0,-1630.0,3090.0,yonden
2019,10,2019-10-04,21:00,2880.0,880.0,2910.0,590.0,－－－－－－－－－－,70.0,0.0,0.0,50.0,0.0,50.0,-1670.0,2880.0,yonden
2019,10,2019-10-04,22:00,2680.0,880.0,2940.0,580.0,－－－－－－－－－－,70.0,0.0,0.0,40.0,0.0,50.0,-1880.0,2680.0,yonden
2019,10,2019-10-04,23:00,2570.0,880.0,3020.0,580.0,－－－－－－－－－－,70.0,0.0,0.0,60.0,0.0,60.0,-2100.0,2570.0,yonden
2019,10,2019-10-05,00:00,2400.0,870.0,2990.0,560.0,－－－－－－－－－－,70.0,0.0,0.0,60.0,0.0,280.0,-2430.0,2400.0,yonden
2019,10,2019-10-05,01:00,2300.0,880.0,3150.0,570.0,－－－－－－－－－－,70.0,0.0,0.0,50.0,0.0,50.0,-2470.0,2300.0,yonden
2019,10,2019-10-05,02:00,2370.0,870.0,3090.0,570.0,－－－－－－－－－－,70.0,0.0,0.0,30.0,0.0,110.0,-2370.0,2370.0,yonden
2019,10,2019-10-05,03:00,2540.0,870.0,2940.0,580.0,－－－－－－－－－－,70.0,0.0,0.0,30.0,0.0,310.0,-2260.0,2540.0,yonden
2019,10,2019-10-05,04:00,2690.0,880.0,3060.0,590.0,－－－－－－－－－－,70.0,0.0,0.0,40.0,0.0,160.0,-2110.0,2690.0,yonden
2019,10,2019-10-05,05:00,2720.0,880.0,3180.0,580.0,－－－－－－－－－－,70.0,0.0,0.0,40.0,0.0,50.0,-2080.0,2720.0,yonden
2019,10,2019-10-05,06:00,2600.0,880.0,3090.0,570.0,－－－－－－－－－－,70.0,150.0,0.0,40.0,0.0,50.0,-2250.0,2600.0,yonden
2019,10,2019-10-05,07:00,2560.0,880.0,2910.0,570.0,－－－－－－－－－－,70.0,560.0,0.0,30.0,0.0,50.0,-2510.0,2560.0,yonden
2019,10,2019-10-05,08:00,2760.0,880.0,2730.0,560.0,－－－－－－－－－－,70.0,1020.0,0.0,20.0,0.0,50.0,-2570.0,2760.0,yonden
2019,10,2019-10-05,09:00,3000.0,880.0,2770.0,570.0,－－－－－－－－－－,70.0,1380.0,0.0,20.0,0.0,-150.0,-2540.0,3000.0,yonden
2019,10,2019-10-05,10:00,3080.0,880.0,2620.0,570.0,－－－－－－－－－－,60.0,1630.0,0.0,20.0,0.0,-260.0,-2440.0,3080.0,yonden
2019,10,2019-10-05,11:00,3170.0,880.0,2480.0,590.0,－－－－－－－－－－,60.0,1750.0,0.0,20.0,0.0,-240.0,-2370.0,3170.0,yonden
2019,10,2019-10-05,12:00,3160.0,880.0,2500.0,590.0,－－－－－－－－－－,60.0,1820.0,0.0,20.0,0.0,-240.0,-2470.0,3160.0,yonden
2019,10,2019-10-05,13:00,3270.0,880.0,2740.0,590.0,－－－－－－－－－－,60.0,1700.0,0.0,40.0,0.0,-240.0,-2500.0,3270.0,yonden
2019,10,2019-10-05,14:00,3230.0,880.0,2800.0,570.0,－－－－－－－－－－,60.0,1380.0,0.0,60.0,0.0,-240.0,-2280.0,3230.0,yonden
2019,10,2019-10-05,15:00,3180.0,880.0,3000.0,570.0,－－－－－－－－－－,60.0,910.0,0.0,60.0,0.0,-70.0,-2230.0,3180.0,yonden
2019,10,2019-10-05,16:00,3220.0,880.0,3090.0,610.0,－－－－－－－－－－,60.0,450.0,0.0,60.0,0.0,50.0,-1980.0,3220.0,yonden
2019,10,2019-10-05,17:00,3080.0,880.0,3100.0,640.0,－－－－－－－－－－,60.0,70.0,0.0,60.0,0.0,50.0,-1780.0,3080.0,yonden
2019,10,2019-10-05,18:00,3070.0,880.0,3210.0,650.0,－－－－－－－－－－,60.0,0.0,0.0,60.0,0.0,50.0,-1840.0,3070.0,yonden
2019,10,2019-10-05,19:00,2940.0,880.0,3120.0,620.0,－－－－－－－－－－,60.0,0.0,0.0,50.0,0.0,190.0,-1980.0,2940.0,yonden
2019,10,2019-10-05,20:00,2800.0,880.0,2960.0,620.0,－－－－－－－－－－,60.0,0.0,0.0,60.0,0.0,290.0,-2070.0,2800.0,yonden
2019,10,2019-10-05,21:00,2620.0,880.0,2970.0,590.0,－－－－－－－－－－,50.0,0.0,0.0,60.0,0.0,70.0,-2000.0,2620.0,yonden
2019,10,2019-10-05,22:00,2460.0,880.0,2880.0,580.0,－－－－－－－－－－,60.0,0.0,0.0,60.0,0.0,50.0,-2050.0,2460.0,yonden
2019,10,2019-10-05,23:00,2390.0,880.0,2840.0,580.0,－－－－－－－－－－,60.0,0.0,0.0,60.0,0.0,50.0,-2080.0,2390.0,yonden
2019,10,2019-10-06,00:00,2240.0,880.0,2640.0,580.0,－－－－－－－－－－,60.0,0.0,0.0,50.0,0.0,50.0,-2020.0,2240.0,yonden
2019,10,2019-10-06,01:00,2170.0,880.0,2620.0,560.0,－－－－－－－－－－,60.0,0.0,0.0,50.0,0.0,50.0,-2050.0,2170.0,yonden
2019,10,2019-10-06,02:00,2250.0,880.0,2650.0,560.0,－－－－－－－－－－,60.0,0.0,0.0,40.0,0.0,50.0,-1990.0,2250.0,yonden
2019,10,2019-10-06,03:00,2420.0,880.0,2650.0,570.0,－－－－－－－－－－,60.0,0.0,0.0,50.0,0.0,50.0,-1840.0,2420.0,yonden
2019,10,2019-10-06,04:00,2570.0,880.0,2650.0,580.0,－－－－－－－－－－,60.0,0.0,0.0,60.0,0.0,50.0,-1710.0,2570.0,yonden
2019,10,2019-10-06,05:00,2570.0,880.0,2670.0,580.0,－－－－－－－－－－,60.0,0.0,0.0,60.0,0.0,50.0,-1730.0,2570.0,yonden
2019,10,2019-10-06,06:00,2420.0,880.0,2610.0,560.0,－－－－－－－－－－,60.0,120.0,0.0,60.0,0.0,40.0,-1910.0,2420.0,yonden
2019,10,2019-10-06,07:00,2330.0,880.0,2750.0,560.0,－－－－－－－－－－,60.0,380.0,0.0,60.0,0.0,-220.0,-2140.0,2330.0,yonden
2019,10,2019-10-06,08:00,2460.0,880.0,2720.0,560.0,－－－－－－－－－－,80.0,630.0,0.0,70.0,0.0,10.0,-2490.0,2460.0,yonden
2019,10,2019-10-06,09:00,2600.0,880.0,2730.0,580.0,－－－－－－－－－－,80.0,870.0,0.0,60.0,0.0,-240.0,-2360.0,2600.0,yonden
2019,10,2019-10-06,10:00,2690.0,880.0,2710.0,580.0,－－－－－－－－－－,80.0,1160.0,0.0,60.0,0.0,-250.0,-2530.0,2690.0,yonden
2019,10,2019-10-06,11:00,2760.0,880.0,2700.0,560.0,－－－－－－－－－－,80.0,1310.0,0.0,50.0,0.0,-240.0,-2580.0,2760.0,yonden
2019,10,2019-10-06,12:00,2870.0,880.0,2710.0,560.0,－－－－－－－－－－,80.0,1430.0,0.0,40.0,0.0,-240.0,-2590.0,2870.0,yonden
2019,10,2019-10-06,13:00,2820.0,880.0,2690.0,540.0,－－－－－－－－－－,80.0,1310.0,0.0,40.0,0.0,-250.0,-2470.0,2820.0,yonden
2019,10,2019-10-06,14:00,2760.0,880.0,2620.0,580.0,－－－－－－－－－－,80.0,1050.0,0.0,40.0,0.0,-200.0,-2290.0,2760.0,yonden
2019,10,2019-10-06,15:00,2720.0,880.0,2720.0,580.0,－－－－－－－－－－,60.0,670.0,0.0,50.0,0.0,140.0,-2380.0,2720.0,yonden
2019,10,2019-10-06,16:00,2740.0,880.0,2790.0,570.0,－－－－－－－－－－,60.0,260.0,0.0,40.0,0.0,260.0,-2120.0,2740.0,yonden
2019,10,2019-10-06,17:00,2790.0,880.0,2820.0,550.0,－－－－－－－－－－,60.0,20.0,0.0,50.0,0.0,260.0,-1850.0,2790.0,yonden
2019,10,2019-10-06,18:00,2890.0,880.0,2890.0,650.0,－－－－－－－－－－,60.0,0.0,0.0,60.0,0.0,50.0,-1700.0,2890.0,yonden
2019,10,2019-10-06,19:00,2790.0,880.0,2860.0,630.0,－－－－－－－－－－,60.0,0.0,0.0,50.0,0.0,30.0,-1720.0,2790.0,yonden
2019,10,2019-10-06,20:00,2670.0,880.0,2870.0,540.0,－－－－－－－－－－,60.0,0.0,0.0,40.0,0.0,30.0,-1750.0,2670.0,yonden
2019,10,2019-10-06,21:00,2520.0,880.0,2820.0,540.0,－－－－－－－－－－,60.0,0.0,0.0,30.0,0.0,30.0,-1840.0,2520.0,yonden
2019,10,2019-10-06,22:00,2360.0,880.0,2820.0,550.0,－－－－－－－－－－,60.0,0.0,0.0,30.0,0.0,40.0,-2020.0,2360.0,yonden
2019,10,2019-10-06,23:00,2300.0,880.0,2860.0,550.0,－－－－－－－－－－,60.0,0.0,0.0,30.0,0.0,30.0,-2110.0,2300.0,yonden
2019,10,2019-10-07,00:00,2170.0,870.0,2770.0,530.0,－－－－－－－－－－,60.0,0.0,0.0,30.0,0.0,30.0,-2120.0,2170.0,yonden
2019,10,2019-10-07,01:00,2110.0,880.0,2810.0,530.0,－－－－－－－－－－,60.0,0.0,0.0,10.0,0.0,20.0,-2200.0,2110.0,yonden
2019,10,2019-10-07,02:00,2210.0,870.0,2940.0,550.0,－－－－－－－－－－,60.0,0.0,0.0,10.0,0.0,30.0,-2250.0,2210.0,yonden
2019,10,2019-10-07,03:00,2430.0,870.0,2960.0,560.0,－－－－－－－－－－,60.0,0.0,0.0,10.0,0.0,40.0,-2070.0,2430.0,yonden
2019,10,2019-10-07,04:00,2610.0,880.0,3000.0,570.0,－－－－－－－－－－,60.0,0.0,0.0,0.0,0.0,30.0,-1930.0,2610.0,yonden
2019,10,2019-10-07,05:00,2660.0,870.0,3010.0,580.0,－－－－－－－－－－,60.0,0.0,0.0,0.0,0.0,40.0,-1900.0,2660.0,yonden
2019,10,2019-10-07,06:00,2640.0,880.0,2900.0,560.0,－－－－－－－－－－,60.0,150.0,0.0,0.0,0.0,30.0,-1940.0,2640.0,yonden
2019,10,2019-10-07,07:00,2690.0,880.0,3000.0,560.0,－－－－－－－－－－,60.0,530.0,0.0,0.0,0.0,-220.0,-2120.0,2690.0,yonden
2019,10,2019-10-07,08:00,3040.0,880.0,2960.0,560.0,－－－－－－－－－－,60.0,980.0,0.0,10.0,0.0,-270.0,-2140.0,3040.0,yonden
2019,10,2019-10-07,09:00,3360.0,880.0,2900.0,550.0,－－－－－－－－－－,60.0,1390.0,0.0,10.0,0.0,-270.0,-2160.0,3360.0,yonden
2019,10,2019-10-07,10:00,3490.0,880.0,2690.0,550.0,－－－－－－－－－－,60.0,1520.0,0.0,10.0,0.0,-10.0,-2210.0,3490.0,yonden
2019,10,2019-10-07,11:00,3500.0,880.0,2760.0,560.0,－－－－－－－－－－,60.0,1500.0,0.0,10.0,0.0,50.0,-2320.0,3500.0,yonden
2019,10,2019-10-07,12:00,3410.0,880.0,2780.0,540.0,－－－－－－－－－－,60.0,1400.0,0.0,10.0,0.0,30.0,-2290.0,3410.0,yonden
2019,10,2019-10-07,13:00,3610.0,880.0,3000.0,540.0,－－－－－－－－－－,60.0,1130.0,0.0,10.0,0.0,20.0,-2030.0,3610.0,yonden
2019,10,2019-10-07,14:00,3580.0,880.0,3210.0,540.0,－－－－－－－－－－,60.0,780.0,0.0,20.0,0.0,30.0,-1940.0,3580.0,yonden
2019,10,2019-10-07,15:00,3560.0,880.0,3220.0,550.0,－－－－－－－－－－,60.0,510.0,0.0,20.0,0.0,150.0,-1830.0,3560.0,yonden
2019,10,2019-10-07,16:00,3540.0,880.0,3230.0,550.0,－－－－－－－－－－,60.0,200.0,0.0,40.0,0.0,260.0,-1680.0,3540.0,yonden
2019,10,2019-10-07,17:00,3430.0,880.0,3200.0,570.0,－－－－－－－－－－,60.0,20.0,0.0,50.0,0.0,280.0,-1630.0,3430.0,yonden
2019,10,2019-10-07,18:00,3400.0,880.0,3310.0,580.0,－－－－－－－－－－,60.0,0.0,0.0,60.0,0.0,250.0,-1740.0,3400.0,yonden
2019,10,2019-10-07,19:00,3230.0,880.0,3360.0,560.0,－－－－－－－－－－,60.0,0.0,0.0,80.0,0.0,130.0,-1840.0,3230.0,yonden
2019,10,2019-10-07,20:00,3050.0,880.0,3380.0,540.0,－－－－－－－－－－,60.0,0.0,0.0,90.0,0.0,40.0,-1940.0,3050.0,yonden
2019,10,2019-10-07,21:00,2870.0,880.0,3240.0,520.0,－－－－－－－－－－,60.0,0.0,0.0,90.0,0.0,10.0,-1930.0,2870.0,yonden
2019,10,2019-10-07,22:00,2680.0,880.0,3160.0,490.0,－－－－－－－－－－,60.0,0.0,0.0,80.0,0.0,10.0,-2000.0,2680.0,yonden
2019,10,2019-10-07,23:00,2600.0,880.0,3160.0,490.0,－－－－－－－－－－,60.0,0.0,0.0,70.0,0.0,30.0,-2090.0,2600.0,yonden
2019,10,2019-10-08,00:00,2440.0,880.0,3130.0,480.0,－－－－－－－－－－,60.0,0.0,0.0,60.0,0.0,20.0,-2190.0,2440.0,yonden
2019,10,2019-10-08,01:00,2370.0,880.0,3090.0,490.0,－－－－－－－－－－,60.0,0.0,0.0,70.0,0.0,30.0,-2250.0,2370.0,yonden
2019,10,2019-10-08,02:00,2460.0,880.0,3120.0,490.0,－－－－－－－－－－,60.0,0.0,0.0,50.0,0.0,30.0,-2170.0,2460.0,yonden
2019,10,2019-10-08,03:00,2650.0,880.0,3230.0,490.0,－－－－－－－－－－,60.0,0.0,0.0,40.0,0.0,30.0,-2080.0,2650.0,yonden
2019,10,2019-10-08,04:00,2820.0,880.0,3270.0,510.0,－－－－－－－－－－,60.0,0.0,0.0,20.0,0.0,30.0,-1950.0,2820.0,yonden
2019,10,2019-10-08,05:00,2850.0,880.0,3280.0,520.0,－－－－－－－－－－,60.0,0.0,0.0,20.0,0.0,40.0,-1950.0,2850.0,yonden
2019,10,2019-10-08,06:00,2820.0,880.0,3220.0,510.0,－－－－－－－－－－,60.0,80.0,0.0,50.0,0.0,30.0,-2010.0,2820.0,yonden
2019,10,2019-10-08,07:00,2850.0,880.0,3180.0,500.0,－－－－－－－－－－,60.0,190.0,0.0,60.0,0.0,30.0,-2050.0,2850.0,yonden
2019,10,2019-10-08,08:00,3310.0,880.0,3300.0,490.0,－－－－－－－－－－,60.0,300.0,0.0,90.0,0.0,30.0,-1840.0,3310.0,yonden
2019,10,2019-10-08,09:00,3590.0,880.0,3320.0,490.0,－－－－－－－－－－,50.0,410.0,0.0,110.0,0.0,210.0,-1880.0,3590.0,yonden
2019,10,2019-10-08,10:00,3580.0,880.0,3300.0,470.0,－－－－－－－－－－,50.0,510.0,0.0,110.0,0.0,250.0,-1990.0,3580.0,yonden
2019,10,2019-10-08,11:00,3500.0,880.0,3310.0,470.0,－－－－－－－－－－,50.0,540.0,0.0,110.0,0.0,270.0,-2130.0,3500.0,yonden
2019,10,2019-10-08,12:00,3410.0,880.0,3270.0,470.0,－－－－－－－－－－,50.0,840.0,0.0,120.0,0.0,110.0,-2330.0,3410.0,yonden
2019,10,2019-10-08,13:00,3600.0,880.0,3290.0,490.0,－－－－－－－－－－,50.0,900.0,0.0,140.0,0.0,30.0,-2180.0,3600.0,yonden
2019,10,2019-10-08,14:00,3510.0,880.0,3340.0,490.0,－－－－－－－－－－,50.0,640.0,0.0,150.0,0.0,10.0,-2050.0,3510.0,yonden
2019,10,2019-10-08,15:00,3410.0,880.0,3350.0,490.0,－－－－－－－－－－,50.0,360.0,0.0,160.0,0.0,30.0,-1910.0,3410.0,yonden
2019,10,2019-10-08,16:00,3400.0,880.0,3360.0,490.0,－－－－－－－－－－,60.0,140.0,0.0,150.0,0.0,30.0,-1710.0,3400.0,yonden
2019,10,2019-10-08,17:00,3330.0,880.0,3430.0,510.0,－－－－－－－－－－,60.0,20.0,0.0,160.0,0.0,30.0,-1760.0,3330.0,yonden
2019,10,2019-10-08,18:00,3310.0,880.0,3450.0,490.0,－－－－－－－－－－,60.0,0.0,0.0,160.0,0.0,20.0,-1750.0,3310.0,yonden
2019,10,2019-10-08,19:00,3120.0,880.0,3380.0,490.0,－－－－－－－－－－,60.0,0.0,0.0,150.0,0.0,20.0,-1860.0,3120.0,yonden
2019,10,2019-10-08,20:00,2930.0,880.0,3310.0,450.0,－－－－－－－－－－,60.0,0.0,0.0,140.0,0.0,20.0,-1930.0,2930.0,yonden
2019,10,2019-10-08,21:00,2750.0,880.0,3260.0,430.0,－－－－－－－－－－,60.0,0.0,0.0,120.0,0.0,0.0,-2000.0,2750.0,yonden
2019,10,2019-10-08,22:00,2580.0,880.0,3220.0,440.0,－－－－－－－－－－,60.0,0.0,0.0,130.0,0.0,0.0,-2150.0,2580.0,yonden
2019,10,2019-10-08,23:00,2480.0,880.0,3170.0,410.0,－－－－－－－－－－,60.0,0.0,0.0,120.0,0.0,0.0,-2160.0,2480.0,yonden
2019,10,2019-10-09,00:00,2330.0,870.0,3190.0,410.0,－－－－－－－－－－,60.0,0.0,0.0,110.0,0.0,10.0,-2320.0,2330.0,yonden
2019,10,2019-10-09,01:00,2250.0,880.0,3160.0,410.0,－－－－－－－－－－,60.0,0.0,0.0,100.0,0.0,20.0,-2380.0,2250.0,yonden
2019,10,2019-10-09,02:00,2350.0,870.0,3190.0,420.0,－－－－－－－－－－,60.0,0.0,0.0,90.0,0.0,20.0,-2300.0,2350.0,yonden
2019,10,2019-10-09,03:00,2560.0,870.0,3190.0,430.0,－－－－－－－－－－,60.0,0.0,0.0,90.0,0.0,20.0,-2100.0,2560.0,yonden
2019,10,2019-10-09,04:00,2760.0,880.0,3270.0,440.0,－－－－－－－－－－,60.0,0.0,0.0,90.0,0.0,20.0,-2000.0,2760.0,yonden
2019,10,2019-10-09,05:00,2800.0,870.0,3230.0,450.0,－－－－－－－－－－,60.0,0.0,0.0,100.0,0.0,20.0,-1930.0,2800.0,yonden
2019,10,2019-10-09,06:00,2730.0,880.0,3130.0,450.0,－－－－－－－－－－,60.0,140.0,0.0,110.0,0.0,10.0,-2050.0,2730.0,yonden
2019,10,2019-10-09,07:00,2700.0,880.0,2980.0,440.0,－－－－－－－－－－,60.0,570.0,0.0,90.0,0.0,30.0,-2350.0,2700.0,yonden
2019,10,2019-10-09,08:00,2990.0,880.0,2870.0,440.0,－－－－－－－－－－,60.0,1050.0,0.0,70.0,0.0,20.0,-2400.0,2990.0,yonden
2019,10,2019-10-09,09:00,3260.0,880.0,2780.0,430.0,－－－－－－－－－－,50.0,1510.0,0.0,70.0,0.0,10.0,-2470.0,3260.0,yonden
2019,10,2019-10-09,10:00,3350.0,880.0,2690.0,420.0,－－－－－－－－－－,50.0,1790.0,0.0,70.0,0.0,-150.0,-2400.0,3350.0,yonden
2019,10,2019-10-09,11:00,3390.0,880.0,2730.0,450.0,－－－－－－－－－－,50.0,1880.0,0.0,60.0,0.0,-280.0,-2380.0,3390.0,yonden
2019,10,2019-10-09,12:00,3240.0,880.0,2640.0,350.0,－－－－－－－－－－,50.0,1880.0,0.0,40.0,0.0,-290.0,-2310.0,3240.0,yonden
2019,10,2019-10-09,13:00,3430.0,880.0,2830.0,380.0,－－－－－－－－－－,50.0,1730.0,0.0,40.0,0.0,-140.0,-2340.0,3430.0,yonden
2019,10,2019-10-09,14:00,3400.0,880.0,2920.0,410.0,－－－－－－－－－－,50.0,1390.0,0.0,40.0,0.0,20.0,-2310.0,3400.0,yonden
2019,10,2019-10-09,15:00,3330.0,880.0,3180.0,440.0,－－－－－－－－－－,50.0,910.0,0.0,40.0,0.0,40.0,-2210.0,3330.0,yonden
2019,10,2019-10-09,16:00,3380.0,880.0,3460.0,450.0,－－－－－－－－－－,60.0,440.0,0.0,40.0,0.0,30.0,-1980.0,3380.0,yonden
2019,10,2019-10-09,17:00,3230.0,880.0,3440.0,470.0,－－－－－－－－－－,60.0,50.0,0.0,30.0,0.0,30.0,-1730.0,3230.0,yonden
2019,10,2019-10-09,18:00,3230.0,880.0,3550.0,480.0,－－－－－－－－－－,60.0,0.0,0.0,30.0,0.0,40.0,-1810.0,3230.0,yonden
2019,10,2019-10-09,19:00,3060.0,880.0,3450.0,480.0,－－－－－－－－－－,60.0,0.0,0.0,20.0,0.0,170.0,-2000.0,3060.0,yonden
2019,10,2019-10-09,20:00,2900.0,880.0,3410.0,430.0,－－－－－－－－－－,60.0,0.0,0.0,20.0,0.0,250.0,-2150.0,2900.0,yonden
2019,10,2019-10-09,21:00,2710.0,880.0,3370.0,430.0,－－－－－－－－－－,60.0,0.0,0.0,10.0,0.0,50.0,-2090.0,2710.0,yonden
2019,10,2019-10-09,22:00,2530.0,880.0,3180.0,450.0,－－－－－－－－－－,60.0,0.0,0.0,10.0,0.0,30.0,-2080.0,2530.0,yonden
2019,10,2019-10-09,23:00,2430.0,880.0,3230.0,420.0,－－－－－－－－－－,60.0,0.0,0.0,0.0,0.0,10.0,-2170.0,2430.0,yonden
2019,10,2019-10-10,00:00,2300.0,880.0,3060.0,490.0,－－－－－－－－－－,60.0,0.0,0.0,0.0,0.0,10.0,-2200.0,2300.0,yonden
2019,10,2019-10-10,01:00,2240.0,880.0,3110.0,390.0,－－－－－－－－－－,60.0,0.0,0.0,0.0,0.0,10.0,-2210.0,2240.0,yonden
2019,10,2019-10-10,02:00,2360.0,880.0,3100.0,440.0,－－－－－－－－－－,60.0,0.0,0.0,10.0,0.0,30.0,-2160.0,2360.0,yonden
2019,10,2019-10-10,03:00,2590.0,880.0,3160.0,460.0,－－－－－－－－－－,60.0,0.0,0.0,10.0,0.0,40.0,-2020.0,2590.0,yonden
2019,10,2019-10-10,04:00,2770.0,880.0,3200.0,520.0,－－－－－－－－－－,60.0,0.0,0.0,10.0,0.0,50.0,-1950.0,2770.0,yonden
2019,10,2019-10-10,05:00,2800.0,880.0,3210.0,560.0,－－－－－－－－－－,60.0,0.0,0.0,10.0,0.0,40.0,-1960.0,2800.0,yonden
2019,10,2019-10-10,06:00,2730.0,880.0,3190.0,530.0,－－－－－－－－－－,60.0,130.0,0.0,0.0,0.0,20.0,-2080.0,2730.0,yonden
2019,10,2019-10-10,07:00,2710.0,880.0,2980.0,460.0,－－－－－－－－－－,60.0,540.0,0.0,10.0,0.0,10.0,-2230.0,2710.0,yonden
2019,10,2019-10-10,08:00,2970.0,880.0,2840.0,420.0,－－－－－－－－－－,50.0,990.0,0.0,10.0,0.0,10.0,-2230.0,2970.0,yonden
2019,10,2019-10-10,09:00,3210.0,880.0,2700.0,460.0,－－－－－－－－－－,50.0,1420.0,0.0,10.0,0.0,10.0,-2320.0,3210.0,yonden
2019,10,2019-10-10,10:00,3330.0,880.0,2750.0,440.0,－－－－－－－－－－,50.0,1690.0,0.0,10.0,0.0,-10.0,-2480.0,3330.0,yonden
2019,10,2019-10-10,11:00,3400.0,880.0,2730.0,480.0,－－－－－－－－－－,50.0,1770.0,0.0,10.0,0.0,-250.0,-2270.0,3400.0,yonden
2019,10,2019-10-10,12:00,3350.0,880.0,2770.0,430.0,－－－－－－－－－－,50.0,1750.0,0.0,20.0,0.0,-250.0,-2300.0,3350.0,yonden
2019,10,2019-10-10,13:00,3540.0,880.0,2850.0,480.0,－－－－－－－－－－,60.0,1560.0,0.0,20.0,0.0,10.0,-2320.0,3540.0,yonden
2019,10,2019-10-10,14:00,3510.0,880.0,3030.0,410.0,－－－－－－－－－－,50.0,1230.0,0.0,30.0,0.0,10.0,-2130.0,3510.0,yonden
2019,10,2019-10-10,15:00,3470.0,880.0,3330.0,450.0,－－－－－－－－－－,50.0,770.0,0.0,20.0,0.0,40.0,-2070.0,3470.0,yonden
2019,10,2019-10-10,16:00,3450.0,880.0,3500.0,530.0,－－－－－－－－－－,60.0,300.0,0.0,20.0,0.0,40.0,-1880.0,3450.0,yonden
2019,10,2019-10-10,17:00,3340.0,880.0,3470.0,580.0,－－－－－－－－－－,60.0,30.0,0.0,30.0,0.0,110.0,-1820.0,3340.0,yonden
2019,10,2019-10-10,18:00,3340.0,880.0,3470.0,570.0,－－－－－－－－－－,60.0,0.0,0.0,20.0,0.0,250.0,-1910.0,3340.0,yonden
2019,10,2019-10-10,19:00,3160.0,880.0,3490.0,580.0,－－－－－－－－－－,60.0,0.0,0.0,20.0,0.0,250.0,-2120.0,3160.0,yonden
2019,10,2019-10-10,20:00,2980.0,880.0,3520.0,540.0,－－－－－－－－－－,60.0,0.0,0.0,10.0,0.0,60.0,-2090.0,2980.0,yonden
2019,10,2019-10-10,21:00,2790.0,880.0,3380.0,510.0,－－－－－－－－－－,60.0,0.0,0.0,10.0,0.0,30.0,-2080.0,2790.0,yonden
2019,10,2019-10-10,22:00,2620.0,880.0,3210.0,500.0,－－－－－－－－－－,60.0,0.0,0.0,20.0,0.0,30.0,-2080.0,2620.0,yonden
2019,10,2019-10-10,23:00,2530.0,880.0,3200.0,470.0,－－－－－－－－－－,60.0,0.0,0.0,20.0,0.0,10.0,-2110.0,2530.0,yonden
2019,10,2019-10-11,00:00,2380.0,870.0,3060.0,470.0,－－－－－－－－－－,60.0,0.0,0.0,20.0,0.0,10.0,-2110.0,2380.0,yonden
2019,10,2019-10-11,01:00,2310.0,880.0,3010.0,400.0,－－－－－－－－－－,60.0,0.0,0.0,30.0,0.0,10.0,-2080.0,2310.0,yonden
2019,10,2019-10-11,02:00,2410.0,870.0,3000.0,490.0,－－－－－－－－－－,60.0,0.0,0.0,50.0,0.0,30.0,-2090.0,2410.0,yonden
2019,10,2019-10-11,03:00,2620.0,870.0,3060.0,480.0,－－－－－－－－－－,60.0,0.0,0.0,50.0,0.0,30.0,-1930.0,2620.0,yonden
2019,10,2019-10-11,04:00,2780.0,880.0,3170.0,540.0,－－－－－－－－－－,70.0,0.0,0.0,40.0,0.0,30.0,-1950.0,2780.0,yonden
2019,10,2019-10-11,05:00,2810.0,870.0,3230.0,560.0,－－－－－－－－－－,70.0,0.0,0.0,40.0,0.0,30.0,-1990.0,2810.0,yonden
2019,10,2019-10-11,06:00,2790.0,880.0,3190.0,480.0,－－－－－－－－－－,70.0,110.0,0.0,40.0,0.0,30.0,-2010.0,2790.0,yonden
2019,10,2019-10-11,07:00,2890.0,880.0,3110.0,460.0,－－－－－－－－－－,70.0,330.0,0.0,60.0,0.0,10.0,-2030.0,2890.0,yonden
2019,10,2019-10-11,08:00,3300.0,880.0,3220.0,500.0,－－－－－－－－－－,70.0,590.0,0.0,70.0,0.0,-260.0,-1770.0,3300.0,yonden
2019,10,2019-10-11,09:00,3550.0,880.0,3060.0,500.0,－－－－－－－－－－,70.0,1000.0,0.0,70.0,0.0,-280.0,-1750.0,3550.0,yonden
2019,10,2019-10-11,10:00,3760.0,880.0,3040.0,500.0,－－－－－－－－－－,70.0,1270.0,0.0,70.0,0.0,-250.0,-1820.0,3760.0,yonden
2019,10,2019-10-11,11:00,3800.0,880.0,3080.0,450.0,－－－－－－－－－－,70.0,1200.0,0.0,70.0,0.0,-80.0,-1870.0,3800.0,yonden
2019,10,2019-10-11,12:00,3610.0,880.0,2940.0,360.0,－－－－－－－－－－,70.0,1140.0,0.0,70.0,0.0,0.0,-1850.0,3610.0,yonden
2019,10,2019-10-11,13:00,3720.0,880.0,3260.0,410.0,－－－－－－－－－－,70.0,820.0,0.0,80.0,0.0,0.0,-1800.0,3720.0,yonden
2019,10,2019-10-11,14:00,3610.0,880.0,3340.0,460.0,－－－－－－－－－－,70.0,480.0,0.0,80.0,0.0,0.0,-1700.0,3610.0,yonden
2019,10,2019-10-11,15:00,3530.0,880.0,3480.0,510.0,－－－－－－－－－－,70.0,220.0,0.0,110.0,0.0,40.0,-1780.0,3530.0,yonden
2019,10,2019-10-11,16:00,3530.0,880.0,3450.0,580.0,－－－－－－－－－－,70.0,50.0,0.0,120.0,0.0,140.0,-1760.0,3530.0,yonden
2019,10,2019-10-11,17:00,3480.0,880.0,3350.0,600.0,－－－－－－－－－－,70.0,0.0,0.0,130.0,0.0,250.0,-1800.0,3480.0,yonden
2019,10,2019-10-11,18:00,3430.0,880.0,3490.0,590.0,－－－－－－－－－－,70.0,0.0,0.0,130.0,0.0,260.0,-1990.0,3430.0,yonden
2019,10,2019-10-11,19:00,3280.0,880.0,3520.0,590.0,－－－－－－－－－－,70.0,0.0,0.0,130.0,0.0,290.0,-2200.0,3280.0,yonden
2019,10,2019-10-11,20:00,3100.0,880.0,3550.0,520.0,－－－－－－－－－－,70.0,0.0,0.0,120.0,0.0,310.0,-2350.0,3100.0,yonden
2019,10,2019-10-11,21:00,2880.0,880.0,3210.0,480.0,－－－－－－－－－－,70.0,0.0,0.0,130.0,0.0,70.0,-1960.0,2880.0,yonden
2019,10,2019-10-11,22:00,2690.0,880.0,2620.0,450.0,－－－－－－－－－－,70.0,0.0,0.0,140.0,0.0,0.0,-1470.0,2690.0,yonden
2019,10,2019-10-11,23:00,2590.0,880.0,2580.0,410.0,－－－－－－－－－－,70.0,0.0,0.0,140.0,0.0,10.0,-1500.0,2590.0,yonden
2019,10,2019-10-12,00:00,2440.0,880.0,2420.0,470.0,－－－－－－－－－－,70.0,0.0,0.0,140.0,0.0,20.0,-1560.0,2440.0,yonden
2019,10,2019-10-12,01:00,2360.0,880.0,2370.0,440.0,－－－－－－－－－－,70.0,0.0,0.0,140.0,0.0,20.0,-1560.0,2360.0,yonden
2019,10,2019-10-12,02:00,2430.0,880.0,2370.0,440.0,－－－－－－－－－－,70.0,0.0,0.0,120.0,0.0,20.0,-1470.0,2430.0,yonden
2019,10,2019-10-12,03:00,2590.0,880.0,2380.0,470.0,－－－－－－－－－－,70.0,0.0,0.0,110.0,0.0,0.0,-1320.0,2590.0,yonden
2019,10,2019-10-12,04:00,2710.0,880.0,2360.0,500.0,－－－－－－－－－－,70.0,0.0,0.0,110.0,0.0,0.0,-1210.0,2710.0,yonden
2019,10,2019-10-12,05:00,2670.0,880.0,2220.0,480.0,－－－－－－－－－－,70.0,0.0,0.0,130.0,0.0,0.0,-1110.0,2670.0,yonden
2019,10,2019-10-12,06:00,2530.0,880.0,2180.0,430.0,－－－－－－－－－－,70.0,50.0,0.0,120.0,0.0,0.0,-1200.0,2530.0,yonden
2019,10,2019-10-12,07:00,2510.0,880.0,2190.0,440.0,－－－－－－－－－－,70.0,80.0,0.0,120.0,0.0,20.0,-1290.0,2510.0,yonden
2019,10,2019-10-12,08:00,2740.0,880.0,2270.0,450.0,－－－－－－－－－－,70.0,140.0,0.0,120.0,0.0,20.0,-1210.0,2740.0,yonden
2019,10,2019-10-12,09:00,2900.0,880.0,2280.0,470.0,－－－－－－－－－－,70.0,220.0,0.0,130.0,0.0,20.0,-1170.0,2900.0,yonden
2019,10,2019-10-12,10:00,2970.0,880.0,2230.0,470.0,－－－－－－－－－－,70.0,300.0,0.0,130.0,0.0,10.0,-1120.0,2970.0,yonden
2019,10,2019-10-12,11:00,3020.0,880.0,2220.0,470.0,－－－－－－－－－－,70.0,320.0,0.0,110.0,0.0,0.0,-1050.0,3020.0,yonden
2019,10,2019-10-12,12:00,2940.0,880.0,2250.0,410.0,－－－－－－－－－－,70.0,290.0,0.0,100.0,0.0,0.0,-1060.0,2940.0,yonden
2019,10,2019-10-12,13:00,2930.0,880.0,2320.0,420.0,－－－－－－－－－－,70.0,220.0,0.0,100.0,0.0,20.0,-1100.0,2930.0,yonden
2019,10,2019-10-12,14:00,2830.0,880.0,2420.0,480.0,－－－－－－－－－－,70.0,140.0,0.0,100.0,0.0,20.0,-1280.0,2830.0,yonden
2019,10,2019-10-12,15:00,2810.0,880.0,2580.0,480.0,－－－－－－－－－－,70.0,80.0,0.0,100.0,0.0,20.0,-1400.0,2810.0,yonden
2019,10,2019-10-12,16:00,2850.0,880.0,2630.0,510.0,－－－－－－－－－－,70.0,30.0,0.0,110.0,0.0,20.0,-1400.0,2850.0,yonden
2019,10,2019-10-12,17:00,2910.0,880.0,2690.0,570.0,－－－－－－－－－－,70.0,0.0,0.0,110.0,0.0,30.0,-1440.0,2910.0,yonden
2019,10,2019-10-12,18:00,2930.0,880.0,2610.0,570.0,－－－－－－－－－－,70.0,0.0,0.0,120.0,0.0,20.0,-1340.0,2930.0,yonden
2019,10,2019-10-12,19:00,2810.0,880.0,2640.0,560.0,－－－－－－－－－－,70.0,0.0,0.0,120.0,0.0,20.0,-1480.0,2810.0,yonden
2019,10,2019-10-12,20:00,2660.0,880.0,2530.0,490.0,－－－－－－－－－－,70.0,0.0,0.0,120.0,0.0,10.0,-1440.0,2660.0,yonden
2019,10,2019-10-12,21:00,2510.0,880.0,2270.0,470.0,－－－－－－－－－－,70.0,0.0,0.0,120.0,0.0,0.0,-1300.0,2510.0,yonden
2019,10,2019-10-12,22:00,2330.0,880.0,2190.0,450.0,－－－－－－－－－－,70.0,0.0,0.0,100.0,0.0,0.0,-1360.0,2330.0,yonden
2019,10,2019-10-12,23:00,2270.0,880.0,2130.0,430.0,－－－－－－－－－－,70.0,0.0,0.0,110.0,0.0,0.0,-1350.0,2270.0,yonden
2019,10,2019-10-13,00:00,2150.0,870.0,2070.0,340.0,－－－－－－－－－－,70.0,0.0,0.0,110.0,0.0,0.0,-1310.0,2150.0,yonden
2019,10,2019-10-13,01:00,2100.0,880.0,2010.0,340.0,－－－－－－－－－－,70.0,0.0,0.0,110.0,0.0,20.0,-1330.0,2100.0,yonden
2019,10,2019-10-13,02:00,2200.0,870.0,2020.0,380.0,－－－－－－－－－－,70.0,0.0,0.0,110.0,0.0,20.0,-1270.0,2200.0,yonden
2019,10,2019-10-13,03:00,2420.0,870.0,2050.0,400.0,－－－－－－－－－－,70.0,0.0,0.0,110.0,0.0,20.0,-1100.0,2420.0,yonden
2019,10,2019-10-13,04:00,2580.0,880.0,2070.0,370.0,－－－－－－－－－－,70.0,0.0,0.0,100.0,0.0,20.0,-930.0,2580.0,yonden
2019,10,2019-10-13,05:00,2560.0,870.0,2030.0,370.0,－－－－－－－－－－,70.0,0.0,0.0,100.0,0.0,20.0,-900.0,2560.0,yonden
2019,10,2019-10-13,06:00,2370.0,880.0,1910.0,330.0,－－－－－－－－－－,70.0,110.0,0.0,90.0,0.0,-10.0,-1010.0,2370.0,yonden
2019,10,2019-10-13,07:00,2260.0,880.0,1780.0,310.0,－－－－－－－－－－,70.0,460.0,0.0,90.0,0.0,-30.0,-1300.0,2260.0,yonden
2019,10,2019-10-13,08:00,2300.0,880.0,1800.0,320.0,－－－－－－－－－－,70.0,850.0,0.0,90.0,0.0,0.0,-1710.0,2300.0,yonden
2019,10,2019-10-13,09:00,2430.0,880.0,1730.0,350.0,－－－－－－－－－－,70.0,1180.0,0.0,80.0,0.0,0.0,-1860.0,2430.0,yonden
2019,10,2019-10-13,10:00,2520.0,880.0,1780.0,350.0,－－－－－－－－－－,70.0,1350.0,0.0,70.0,0.0,0.0,-1980.0,2520.0,yonden
2019,10,2019-10-13,11:00,2550.0,880.0,1820.0,320.0,－－－－－－－－－－,70.0,1500.0,0.0,60.0,0.0,0.0,-2100.0,2550.0,yonden
2019,10,2019-10-13,12:00,2630.0,880.0,1760.0,300.0,－－－－－－－－－－,70.0,1690.0,0.0,60.0,0.0,-90.0,-2040.0,2630.0,yonden
2019,10,2019-10-13,13:00,2630.0,880.0,1830.0,290.0,－－－－－－－－－－,70.0,1640.0,0.0,70.0,0.0,-270.0,-1880.0,2630.0,yonden
2019,10,2019-10-13,14:00,2560.0,880.0,1940.0,300.0,－－－－－－－－－－,70.0,1270.0,0.0,80.0,0.0,0.0,-1980.0,2560.0,yonden
2019,10,2019-10-13,15:00,2520.0,880.0,2160.0,310.0,－－－－－－－－－－,70.0,790.0,0.0,90.0,0.0,20.0,-1800.0,2520.0,yonden
2019,10,2019-10-13,16:00,2580.0,880.0,2240.0,330.0,－－－－－－－－－－,70.0,330.0,0.0,90.0,0.0,90.0,-1450.0,2580.0,yonden
2019,10,2019-10-13,17:00,2640.0,880.0,2100.0,350.0,－－－－－－－－－－,70.0,20.0,0.0,90.0,0.0,260.0,-1130.0,2640.0,yonden
2019,10,2019-10-13,18:00,2720.0,880.0,2110.0,390.0,－－－－－－－－－－,70.0,0.0,0.0,80.0,0.0,340.0,-1150.0,2720.0,yonden
2019,10,2019-10-13,19:00,2650.0,880.0,2200.0,400.0,－－－－－－－－－－,70.0,0.0,0.0,70.0,0.0,290.0,-1260.0,2650.0,yonden
2019,10,2019-10-13,20:00,2550.0,880.0,2210.0,400.0,－－－－－－－－－－,70.0,0.0,0.0,70.0,0.0,170.0,-1250.0,2550.0,yonden
2019,10,2019-10-13,21:00,2420.0,880.0,2360.0,340.0,－－－－－－－－－－,70.0,0.0,0.0,60.0,0.0,0.0,-1290.0,2420.0,yonden
2019,10,2019-10-13,22:00,2280.0,880.0,2180.0,320.0,－－－－－－－－－－,70.0,0.0,0.0,60.0,0.0,0.0,-1230.0,2280.0,yonden
2019,10,2019-10-13,23:00,2210.0,880.0,2170.0,310.0,－－－－－－－－－－,70.0,0.0,0.0,50.0,0.0,0.0,-1270.0,2210.0,yonden
2019,10,2019-10-14,00:00,2100.0,880.0,1930.0,270.0,－－－－－－－－－－,80.0,0.0,0.0,50.0,0.0,0.0,-1110.0,2100.0,yonden
2019,10,2019-10-14,01:00,2050.0,880.0,1920.0,260.0,－－－－－－－－－－,80.0,0.0,0.0,40.0,0.0,0.0,-1130.0,2050.0,yonden
2019,10,2019-10-14,02:00,2170.0,880.0,1980.0,280.0,－－－－－－－－－－,70.0,0.0,0.0,50.0,0.0,10.0,-1100.0,2170.0,yonden
2019,10,2019-10-14,03:00,2390.0,880.0,1990.0,310.0,－－－－－－－－－－,70.0,0.0,0.0,40.0,0.0,10.0,-910.0,2390.0,yonden
2019,10,2019-10-14,04:00,2540.0,880.0,2080.0,300.0,－－－－－－－－－－,80.0,0.0,0.0,40.0,0.0,20.0,-860.0,2540.0,yonden
2019,10,2019-10-14,05:00,2550.0,880.0,2500.0,290.0,－－－－－－－－－－,80.0,0.0,0.0,30.0,0.0,20.0,-1250.0,2550.0,yonden
2019,10,2019-10-14,06:00,2410.0,880.0,2660.0,300.0,－－－－－－－－－－,80.0,80.0,0.0,20.0,0.0,20.0,-1630.0,2410.0,yonden
2019,10,2019-10-14,07:00,2360.0,880.0,2790.0,270.0,－－－－－－－－－－,80.0,320.0,0.0,20.0,0.0,20.0,-2020.0,2360.0,yonden
2019,10,2019-10-14,08:00,2500.0,880.0,2640.0,280.0,－－－－－－－－－－,70.0,730.0,0.0,20.0,0.0,-30.0,-2090.0,2500.0,yonden
2019,10,2019-10-14,09:00,2670.0,880.0,2610.0,350.0,－－－－－－－－－－,70.0,1240.0,0.0,20.0,0.0,-300.0,-2200.0,2670.0,yonden
2019,10,2019-10-14,10:00,2810.0,880.0,2430.0,280.0,－－－－－－－－－－,70.0,1630.0,0.0,20.0,0.0,-300.0,-2200.0,2810.0,yonden
2019,10,2019-10-14,11:00,2850.0,880.0,2320.0,280.0,－－－－－－－－－－,70.0,1730.0,0.0,30.0,0.0,-300.0,-2160.0,2850.0,yonden
2019,10,2019-10-14,12:00,2850.0,880.0,2350.0,270.0,－－－－－－－－－－,70.0,1660.0,0.0,40.0,0.0,-290.0,-2130.0,2850.0,yonden
2019,10,2019-10-14,13:00,2890.0,880.0,2620.0,250.0,－－－－－－－－－－,70.0,1380.0,0.0,50.0,0.0,-270.0,-2090.0,2890.0,yonden
2019,10,2019-10-14,14:00,2830.0,880.0,2840.0,270.0,－－－－－－－－－－,70.0,1010.0,0.0,40.0,0.0,-270.0,-2010.0,2830.0,yonden
2019,10,2019-10-14,15:00,2770.0,880.0,2900.0,290.0,－－－－－－－－－－,70.0,570.0,0.0,50.0,0.0,-130.0,-1860.0,2770.0,yonden
2019,10,2019-10-14,16:00,2810.0,880.0,3010.0,310.0,－－－－－－－－－－,70.0,180.0,0.0,60.0,0.0,0.0,-1700.0,2810.0,yonden
2019,10,2019-10-14,17:00,2890.0,880.0,3150.0,360.0,－－－－－－－－－－,70.0,10.0,0.0,80.0,0.0,20.0,-1680.0,2890.0,yonden
2019,10,2019-10-14,18:00,2930.0,880.0,3120.0,380.0,－－－－－－－－－－,70.0,0.0,0.0,90.0,0.0,30.0,-1640.0,2930.0,yonden
2019,10,2019-10-14,19:00,2810.0,880.0,3090.0,350.0,－－－－－－－－－－,70.0,0.0,0.0,90.0,0.0,20.0,-1690.0,2810.0,yonden
2019,10,2019-10-14,20:00,2700.0,880.0,3050.0,320.0,－－－－－－－－－－,70.0,0.0,0.0,100.0,0.0,10.0,-1730.0,2700.0,yonden
2019,10,2019-10-14,21:00,2530.0,880.0,3030.0,300.0,－－－－－－－－－－,70.0,0.0,0.0,100.0,0.0,0.0,-1850.0,2530.0,yonden
2019,10,2019-10-14,22:00,2360.0,880.0,2940.0,290.0,－－－－－－－－－－,70.0,0.0,0.0,90.0,0.0,0.0,-1910.0,2360.0,yonden
2019,10,2019-10-14,23:00,2270.0,880.0,2870.0,290.0,－－－－－－－－－－,70.0,0.0,0.0,80.0,0.0,0.0,-1920.0,2270.0,yonden
2019,10,2019-10-15,00:00,2150.0,870.0,2800.0,320.0,－－－－－－－－－－,70.0,0.0,0.0,80.0,0.0,0.0,-1990.0,2150.0,yonden
2019,10,2019-10-15,01:00,2110.0,880.0,2820.0,270.0,－－－－－－－－－－,70.0,0.0,0.0,80.0,0.0,0.0,-2010.0,2110.0,yonden
2019,10,2019-10-15,02:00,2210.0,870.0,2860.0,260.0,－－－－－－－－－－,70.0,0.0,0.0,80.0,0.0,20.0,-1950.0,2210.0,yonden
2019,10,2019-10-15,03:00,2420.0,870.0,2920.0,290.0,－－－－－－－－－－,70.0,0.0,0.0,80.0,0.0,20.0,-1830.0,2420.0,yonden
2019,10,2019-10-15,04:00,2610.0,880.0,2910.0,350.0,－－－－－－－－－－,70.0,0.0,0.0,80.0,0.0,20.0,-1700.0,2610.0,yonden
2019,10,2019-10-15,05:00,2640.0,880.0,2970.0,310.0,－－－－－－－－－－,70.0,0.0,0.0,80.0,0.0,20.0,-1690.0,2640.0,yonden
2019,10,2019-10-15,06:00,2570.0,880.0,2820.0,360.0,－－－－－－－－－－,70.0,80.0,0.0,90.0,0.0,0.0,-1730.0,2570.0,yonden
2019,10,2019-10-15,07:00,2600.0,880.0,2960.0,330.0,－－－－－－－－－－,70.0,280.0,0.0,100.0,0.0,0.0,-2020.0,2600.0,yonden
2019,10,2019-10-15,08:00,2890.0,880.0,3130.0,360.0,－－－－－－－－－－,70.0,460.0,0.0,90.0,0.0,110.0,-2210.0,2890.0,yonden
2019,10,2019-10-15,09:00,3080.0,880.0,3110.0,290.0,－－－－－－－－－－,70.0,600.0,0.0,80.0,0.0,310.0,-2260.0,3080.0,yonden
2019,10,2019-10-15,10:00,3140.0,880.0,3030.0,270.0,－－－－－－－－－－,70.0,760.0,0.0,80.0,0.0,240.0,-2190.0,3140.0,yonden
2019,10,2019-10-15,11:00,3170.0,880.0,3000.0,270.0,－－－－－－－－－－,70.0,930.0,0.0,80.0,0.0,200.0,-2260.0,3170.0,yonden
2019,10,2019-10-15,12:00,3070.0,880.0,3020.0,270.0,－－－－－－－－－－,70.0,1040.0,0.0,80.0,0.0,10.0,-2300.0,3070.0,yonden
2019,10,2019-10-15,13:00,3210.0,880.0,3160.0,280.0,－－－－－－－－－－,70.0,940.0,0.0,70.0,0.0,10.0,-2200.0,3210.0,yonden
2019,10,2019-10-15,14:00,3210.0,880.0,3370.0,280.0,－－－－－－－－－－,70.0,810.0,0.0,80.0,0.0,0.0,-2280.0,3210.0,yonden
2019,10,2019-10-15,15:00,3170.0,880.0,3620.0,270.0,－－－－－－－－－－,70.0,440.0,0.0,80.0,0.0,10.0,-2200.0,3170.0,yonden
2019,10,2019-10-15,16:00,3150.0,880.0,3660.0,300.0,－－－－－－－－－－,70.0,150.0,0.0,80.0,0.0,20.0,-2010.0,3150.0,yonden
2019,10,2019-10-15,17:00,3120.0,880.0,3560.0,440.0,－－－－－－－－－－,70.0,10.0,0.0,80.0,0.0,0.0,-1920.0,3120.0,yonden
2019,10,2019-10-15,18:00,3130.0,880.0,3730.0,490.0,－－－－－－－－－－,70.0,0.0,0.0,80.0,0.0,20.0,-2140.0,3130.0,yonden
2019,10,2019-10-15,19:00,2960.0,880.0,3710.0,490.0,－－－－－－－－－－,70.0,0.0,0.0,70.0,0.0,20.0,-2280.0,2960.0,yonden
2019,10,2019-10-15,20:00,2800.0,880.0,3540.0,410.0,－－－－－－－－－－,70.0,0.0,0.0,80.0,0.0,0.0,-2180.0,2800.0,yonden
2019,10,2019-10-15,21:00,2630.0,880.0,3230.0,310.0,－－－－－－－－－－,70.0,0.0,0.0,80.0,0.0,0.0,-1940.0,2630.0,yonden
2019,10,2019-10-15,22:00,2470.0,880.0,3150.0,230.0,－－－－－－－－－－,70.0,0.0,0.0,70.0,0.0,0.0,-1930.0,2470.0,yonden
2019,10,2019-10-15,23:00,2380.0,880.0,3120.0,230.0,－－－－－－－－－－,70.0,0.0,0.0,70.0,0.0,-40.0,-1950.0,2380.0,yonden
2019,10,2019-10-16,00:00,2240.0,880.0,3170.0,260.0,－－－－－－－－－－,70.0,0.0,0.0,80.0,0.0,-280.0,-1940.0,2240.0,yonden
2019,10,2019-10-16,01:00,2190.0,880.0,3140.0,240.0,－－－－－－－－－－,70.0,0.0,0.0,90.0,0.0,-280.0,-1950.0,2190.0,yonden
2019,10,2019-10-16,02:00,2320.0,880.0,3090.0,220.0,－－－－－－－－－－,70.0,0.0,0.0,100.0,0.0,-240.0,-1800.0,2320.0,yonden
2019,10,2019-10-16,03:00,2560.0,880.0,3030.0,250.0,－－－－－－－－－－,70.0,0.0,0.0,100.0,0.0,30.0,-1800.0,2560.0,yonden
2019,10,2019-10-16,04:00,2740.0,880.0,3090.0,340.0,－－－－－－－－－－,70.0,0.0,0.0,110.0,0.0,30.0,-1780.0,2740.0,yonden
2019,10,2019-10-16,05:00,2750.0,880.0,3110.0,380.0,－－－－－－－－－－,70.0,0.0,0.0,100.0,0.0,30.0,-1820.0,2750.0,yonden
2019,10,2019-10-16,06:00,2650.0,880.0,3010.0,350.0,－－－－－－－－－－,70.0,100.0,0.0,100.0,0.0,10.0,-1870.0,2650.0,yonden
2019,10,2019-10-16,07:00,2620.0,880.0,2830.0,320.0,－－－－－－－－－－,70.0,450.0,0.0,100.0,0.0,10.0,-2040.0,2620.0,yonden
2019,10,2019-10-16,08:00,2860.0,880.0,2870.0,290.0,－－－－－－－－－－,70.0,890.0,0.0,70.0,0.0,30.0,-2240.0,2860.0,yonden
2019,10,2019-10-16,09:00,3090.0,880.0,2960.0,290.0,－－－－－－－－－－,70.0,1270.0,0.0,70.0,0.0,30.0,-2480.0,3090.0,yonden
2019,10,2019-10-16,10:00,3160.0,880.0,2930.0,240.0,－－－－－－－－－－,70.0,1510.0,0.0,70.0,0.0,0.0,-2540.0,3160.0,yonden
2019,10,2019-10-16,11:00,3190.0,880.0,2830.0,230.0,－－－－－－－－－－,70.0,1770.0,0.0,60.0,0.0,-270.0,-2380.0,3190.0,yonden
2019,10,2019-10-16,12:00,3060.0,880.0,2700.0,200.0,－－－－－－－－－－,70.0,1900.0,0.0,60.0,0.0,-290.0,-2460.0,3060.0,yonden
2019,10,2019-10-16,13:00,3230.0,880.0,2750.0,250.0,－－－－－－－－－－,70.0,1730.0,0.0,50.0,0.0,-30.0,-2470.0,3230.0,yonden
2019,10,2019-10-16,14:00,3180.0,880.0,2730.0,320.0,－－－－－－－－－－,70.0,1360.0,0.0,40.0,0.0,20.0,-2240.0,3180.0,yonden
2019,10,2019-10-16,15:00,3120.0,880.0,3130.0,340.0,－－－－－－－－－－,70.0,850.0,0.0,40.0,0.0,0.0,-2190.0,3120.0,yonden
2019,10,2019-10-16,16:00,3190.0,880.0,3450.0,440.0,－－－－－－－－－－,80.0,360.0,0.0,40.0,0.0,20.0,-2080.0,3190.0,yonden
2019,10,2019-10-16,17:00,3110.0,880.0,3550.0,500.0,－－－－－－－－－－,80.0,20.0,0.0,30.0,0.0,40.0,-1990.0,3110.0,yonden
2019,10,2019-10-16,18:00,3130.0,880.0,3600.0,540.0,－－－－－－－－－－,80.0,0.0,0.0,20.0,0.0,220.0,-2210.0,3130.0,yonden
2019,10,2019-10-16,19:00,2980.0,880.0,3570.0,490.0,－－－－－－－－－－,80.0,0.0,0.0,10.0,0.0,250.0,-2300.0,2980.0,yonden
2019,10,2019-10-16,20:00,2830.0,880.0,3630.0,420.0,－－－－－－－－－－,80.0,0.0,0.0,10.0,0.0,20.0,-2210.0,2830.0,yonden
2019,10,2019-10-16,21:00,2660.0,880.0,3630.0,350.0,－－－－－－－－－－,80.0,0.0,0.0,10.0,0.0,10.0,-2300.0,2660.0,yonden
2019,10,2019-10-16,22:00,2490.0,880.0,3440.0,260.0,－－－－－－－－－－,80.0,0.0,0.0,10.0,0.0,10.0,-2190.0,2490.0,yonden
2019,10,2019-10-16,23:00,2390.0,880.0,3230.0,240.0,－－－－－－－－－－,80.0,0.0,0.0,10.0,0.0,0.0,-2050.0,2390.0,yonden
2019,10,2019-10-17,00:00,2270.0,870.0,3150.0,280.0,－－－－－－－－－－,80.0,0.0,0.0,0.0,0.0,0.0,-2110.0,2270.0,yonden
2019,10,2019-10-17,01:00,2220.0,880.0,3090.0,240.0,－－－－－－－－－－,80.0,0.0,0.0,0.0,0.0,10.0,-2080.0,2220.0,yonden
2019,10,2019-10-17,02:00,2360.0,870.0,3110.0,240.0,－－－－－－－－－－,80.0,0.0,0.0,0.0,0.0,30.0,-1970.0,2360.0,yonden
2019,10,2019-10-17,03:00,2610.0,870.0,3200.0,280.0,－－－－－－－－－－,80.0,0.0,0.0,0.0,0.0,30.0,-1850.0,2610.0,yonden
2019,10,2019-10-17,04:00,2780.0,880.0,3240.0,330.0,－－－－－－－－－－,80.0,0.0,0.0,0.0,0.0,30.0,-1780.0,2780.0,yonden
2019,10,2019-10-17,05:00,2770.0,880.0,3200.0,340.0,－－－－－－－－－－,80.0,0.0,0.0,0.0,0.0,30.0,-1760.0,2770.0,yonden
2019,10,2019-10-17,06:00,2690.0,880.0,3210.0,300.0,－－－－－－－－－－,80.0,100.0,0.0,0.0,0.0,10.0,-1890.0,2690.0,yonden
2019,10,2019-10-17,07:00,2630.0,880.0,3050.0,230.0,－－－－－－－－－－,80.0,410.0,0.0,10.0,0.0,0.0,-2030.0,2630.0,yonden
2019,10,2019-10-17,08:00,2910.0,880.0,3080.0,220.0,－－－－－－－－－－,70.0,660.0,0.0,10.0,0.0,0.0,-2010.0,2910.0,yonden
2019,10,2019-10-17,09:00,3150.0,880.0,3090.0,240.0,－－－－－－－－－－,70.0,860.0,0.0,10.0,0.0,0.0,-2000.0,3150.0,yonden
2019,10,2019-10-17,10:00,3200.0,880.0,2970.0,170.0,－－－－－－－－－－,70.0,1150.0,0.0,10.0,0.0,-100.0,-1950.0,3200.0,yonden
2019,10,2019-10-17,11:00,3230.0,880.0,2930.0,170.0,－－－－－－－－－－,70.0,1380.0,0.0,10.0,0.0,-280.0,-1930.0,3230.0,yonden
2019,10,2019-10-17,12:00,3190.0,880.0,3030.0,180.0,－－－－－－－－－－,70.0,1370.0,0.0,10.0,0.0,-250.0,-2100.0,3190.0,yonden
2019,10,2019-10-17,13:00,3360.0,880.0,3230.0,170.0,－－－－－－－－－－,80.0,970.0,0.0,20.0,0.0,-110.0,-1880.0,3360.0,yonden
2019,10,2019-10-17,14:00,3170.0,880.0,3320.0,250.0,－－－－－－－－－－,70.0,500.0,0.0,20.0,0.0,0.0,-1870.0,3170.0,yonden
2019,10,2019-10-17,15:00,3190.0,880.0,3470.0,300.0,－－－－－－－－－－,70.0,180.0,0.0,40.0,0.0,220.0,-1970.0,3190.0,yonden
2019,10,2019-10-17,16:00,3250.0,880.0,3540.0,370.0,－－－－－－－－－－,80.0,30.0,0.0,50.0,0.0,270.0,-1970.0,3250.0,yonden
2019,10,2019-10-17,17:00,3250.0,880.0,3470.0,490.0,－－－－－－－－－－,80.0,0.0,0.0,50.0,0.0,270.0,-1990.0,3250.0,yonden
2019,10,2019-10-17,18:00,3220.0,880.0,3620.0,540.0,－－－－－－－－－－,80.0,0.0,0.0,50.0,0.0,40.0,-1990.0,3220.0,yonden
2019,10,2019-10-17,19:00,3060.0,880.0,3660.0,510.0,－－－－－－－－－－,80.0,0.0,0.0,40.0,0.0,0.0,-2110.0,3060.0,yonden
2019,10,2019-10-17,20:00,2900.0,880.0,3660.0,390.0,－－－－－－－－－－,80.0,0.0,0.0,20.0,0.0,10.0,-2140.0,2900.0,yonden
2019,10,2019-10-17,21:00,2740.0,880.0,3540.0,240.0,－－－－－－－－－－,80.0,0.0,0.0,10.0,0.0,10.0,-2020.0,2740.0,yonden
2019,10,2019-10-17,22:00,2570.0,880.0,3280.0,190.0,－－－－－－－－－－,80.0,0.0,0.0,10.0,0.0,10.0,-1880.0,2570.0,yonden
2019,10,2019-10-17,23:00,2490.0,880.0,3230.0,190.0,－－－－－－－－－－,80.0,0.0,0.0,20.0,0.0,0.0,-1910.0,2490.0,yonden
2019,10,2019-10-18,00:00,2350.0,880.0,3180.0,160.0,－－－－－－－－－－,70.0,0.0,0.0,10.0,0.0,0.0,-1950.0,2350.0,yonden
2019,10,2019-10-18,01:00,2310.0,880.0,3150.0,180.0,－－－－－－－－－－,70.0,0.0,0.0,20.0,0.0,10.0,-2000.0,2310.0,yonden
2019,10,2019-10-18,02:00,2440.0,880.0,3140.0,220.0,－－－－－－－－－－,70.0,0.0,0.0,30.0,0.0,30.0,-1930.0,2440.0,yonden
2019,10,2019-10-18,03:00,2660.0,880.0,3230.0,260.0,－－－－－－－－－－,70.0,0.0,0.0,30.0,0.0,30.0,-1840.0,2660.0,yonden
2019,10,2019-10-18,04:00,2820.0,880.0,3280.0,360.0,－－－－－－－－－－,80.0,0.0,0.0,30.0,0.0,30.0,-1840.0,2820.0,yonden
2019,10,2019-10-18,05:00,2810.0,880.0,3290.0,320.0,－－－－－－－－－－,80.0,0.0,0.0,20.0,0.0,30.0,-1810.0,2810.0,yonden
2019,10,2019-10-18,06:00,2710.0,880.0,3240.0,260.0,－－－－－－－－－－,80.0,60.0,0.0,30.0,0.0,20.0,-1860.0,2710.0,yonden
2019,10,2019-10-18,07:00,2780.0,880.0,3350.0,240.0,－－－－－－－－－－,70.0,180.0,0.0,20.0,0.0,10.0,-1970.0,2780.0,yonden
2019,10,2019-10-18,08:00,3050.0,880.0,3400.0,290.0,－－－－－－－－－－,70.0,250.0,0.0,30.0,0.0,10.0,-1880.0,3050.0,yonden
2019,10,2019-10-18,09:00,3200.0,880.0,3410.0,290.0,－－－－－－－－－－,70.0,240.0,0.0,40.0,0.0,0.0,-1730.0,3200.0,yonden
2019,10,2019-10-18,10:00,3270.0,880.0,3400.0,240.0,－－－－－－－－－－,70.0,350.0,0.0,50.0,0.0,0.0,-1720.0,3270.0,yonden
2019,10,2019-10-18,11:00,3380.0,880.0,3190.0,200.0,－－－－－－－－－－,70.0,640.0,0.0,50.0,0.0,10.0,-1660.0,3380.0,yonden
2019,10,2019-10-18,12:00,3210.0,880.0,3200.0,200.0,－－－－－－－－－－,70.0,540.0,0.0,60.0,0.0,30.0,-1770.0,3210.0,yonden
2019,10,2019-10-18,13:00,3320.0,880.0,3230.0,210.0,－－－－－－－－－－,70.0,420.0,0.0,60.0,0.0,10.0,-1560.0,3320.0,yonden
2019,10,2019-10-18,14:00,3310.0,880.0,3430.0,240.0,－－－－－－－－－－,70.0,190.0,0.0,60.0,0.0,10.0,-1570.0,3310.0,yonden
2019,10,2019-10-18,15:00,3280.0,880.0,3570.0,310.0,－－－－－－－－－－,70.0,30.0,0.0,50.0,0.0,60.0,-1690.0,3280.0,yonden
2019,10,2019-10-18,16:00,3360.0,880.0,3550.0,390.0,－－－－－－－－－－,70.0,10.0,0.0,30.0,0.0,250.0,-1820.0,3360.0,yonden
2019,10,2019-10-18,17:00,3320.0,880.0,3520.0,520.0,－－－－－－－－－－,70.0,0.0,0.0,30.0,0.0,240.0,-1940.0,3320.0,yonden
2019,10,2019-10-18,18:00,3250.0,880.0,3640.0,520.0,－－－－－－－－－－,70.0,0.0,0.0,20.0,0.0,260.0,-2140.0,3250.0,yonden
2019,10,2019-10-18,19:00,3100.0,880.0,3580.0,520.0,－－－－－－－－－－,70.0,0.0,0.0,20.0,0.0,260.0,-2230.0,3100.0,yonden
2019,10,2019-10-18,20:00,2920.0,880.0,3570.0,470.0,－－－－－－－－－－,70.0,0.0,0.0,10.0,0.0,60.0,-2140.0,2920.0,yonden
2019,10,2019-10-18,21:00,2720.0,880.0,3430.0,380.0,－－－－－－－－－－,70.0,0.0,0.0,10.0,0.0,30.0,-2080.0,2720.0,yonden
2019,10,2019-10-18,22:00,2540.0,880.0,3130.0,360.0,－－－－－－－－－－,70.0,0.0,0.0,20.0,0.0,30.0,-1950.0,2540.0,yonden
2019,10,2019-10-18,23:00,2450.0,880.0,3080.0,350.0,－－－－－－－－－－,70.0,0.0,0.0,30.0,0.0,10.0,-1970.0,2450.0,yonden
2019,10,2019-10-19,00:00,2320.0,870.0,2980.0,320.0,－－－－－－－－－－,70.0,0.0,0.0,30.0,0.0,40.0,-1990.0,2320.0,yonden
2019,10,2019-10-19,01:00,2270.0,880.0,2990.0,320.0,－－－－－－－－－－,70.0,0.0,0.0,30.0,0.0,40.0,-2060.0,2270.0,yonden
2019,10,2019-10-19,02:00,2380.0,870.0,3030.0,320.0,－－－－－－－－－－,70.0,0.0,0.0,30.0,0.0,30.0,-1970.0,2380.0,yonden
2019,10,2019-10-19,03:00,2590.0,870.0,3110.0,310.0,－－－－－－－－－－,70.0,0.0,0.0,20.0,0.0,40.0,-1830.0,2590.0,yonden
2019,10,2019-10-19,04:00,2720.0,880.0,3220.0,330.0,－－－－－－－－－－,70.0,0.0,0.0,20.0,0.0,30.0,-1830.0,2720.0,yonden
2019,10,2019-10-19,05:00,2650.0,880.0,3170.0,320.0,－－－－－－－－－－,70.0,0.0,0.0,10.0,0.0,20.0,-1820.0,2650.0,yonden
2019,10,2019-10-19,06:00,2520.0,880.0,2970.0,310.0,－－－－－－－－－－,70.0,80.0,0.0,20.0,0.0,30.0,-1840.0,2520.0,yonden
2019,10,2019-10-19,07:00,2580.0,880.0,2950.0,320.0,－－－－－－－－－－,70.0,270.0,0.0,20.0,0.0,20.0,-1950.0,2580.0,yonden
2019,10,2019-10-19,08:00,2840.0,880.0,3040.0,280.0,－－－－－－－－－－,70.0,390.0,0.0,30.0,0.0,0.0,-1850.0,2840.0,yonden
2019,10,2019-10-19,09:00,2990.0,880.0,3070.0,310.0,－－－－－－－－－－,70.0,520.0,0.0,30.0,0.0,0.0,-1890.0,2990.0,yonden
2019,10,2019-10-19,10:00,3010.0,880.0,3050.0,280.0,－－－－－－－－－－,70.0,600.0,0.0,50.0,0.0,10.0,-1930.0,3010.0,yonden
2019,10,2019-10-19,11:00,3050.0,880.0,3130.0,260.0,－－－－－－－－－－,70.0,600.0,0.0,70.0,0.0,30.0,-1990.0,3050.0,yonden
2019,10,2019-10-19,12:00,2970.0,880.0,3370.0,250.0,－－－－－－－－－－,70.0,470.0,0.0,70.0,0.0,10.0,-2150.0,2970.0,yonden
2019,10,2019-10-19,13:00,3000.0,880.0,3450.0,300.0,－－－－－－－－－－,70.0,390.0,0.0,90.0,0.0,0.0,-2180.0,3000.0,yonden
2019,10,2019-10-19,14:00,2990.0,880.0,3530.0,320.0,－－－－－－－－－－,70.0,340.0,0.0,90.0,0.0,10.0,-2250.0,2990.0,yonden
2019,10,2019-10-19,15:00,2960.0,880.0,3540.0,300.0,－－－－－－－－－－,70.0,290.0,0.0,100.0,0.0,20.0,-2240.0,2960.0,yonden
2019,10,2019-10-19,16:00,2980.0,880.0,3460.0,320.0,－－－－－－－－－－,70.0,150.0,0.0,120.0,0.0,20.0,-2040.0,2980.0,yonden
2019,10,2019-10-19,17:00,2980.0,880.0,3540.0,380.0,－－－－－－－－－－,70.0,10.0,0.0,140.0,0.0,30.0,-2070.0,2980.0,yonden
2019,10,2019-10-19,18:00,2980.0,880.0,3570.0,410.0,－－－－－－－－－－,70.0,0.0,0.0,120.0,0.0,30.0,-2100.0,2980.0,yonden
2019,10,2019-10-19,19:00,2850.0,880.0,3550.0,390.0,－－－－－－－－－－,70.0,0.0,0.0,120.0,0.0,20.0,-2180.0,2850.0,yonden
2019,10,2019-10-19,20:00,2730.0,880.0,3550.0,330.0,－－－－－－－－－－,70.0,0.0,0.0,120.0,0.0,0.0,-2220.0,2730.0,yonden
2019,10,2019-10-19,21:00,2570.0,880.0,3340.0,260.0,－－－－－－－－－－,70.0,0.0,0.0,120.0,0.0,0.0,-2100.0,2570.0,yonden
2019,10,2019-10-19,22:00,2420.0,880.0,3190.0,220.0,－－－－－－－－－－,70.0,0.0,0.0,100.0,0.0,0.0,-2040.0,2420.0,yonden
2019,10,2019-10-19,23:00,2330.0,880.0,3150.0,210.0,－－－－－－－－－－,70.0,0.0,0.0,90.0,0.0,0.0,-2070.0,2330.0,yonden
2019,10,2019-10-20,00:00,2230.0,880.0,3020.0,210.0,－－－－－－－－－－,70.0,0.0,0.0,90.0,0.0,30.0,-2070.0,2230.0,yonden
2019,10,2019-10-20,01:00,2180.0,880.0,3020.0,210.0,－－－－－－－－－－,70.0,0.0,0.0,90.0,0.0,0.0,-2090.0,2180.0,yonden
2019,10,2019-10-20,02:00,2310.0,880.0,3090.0,200.0,－－－－－－－－－－,70.0,0.0,0.0,80.0,0.0,0.0,-2010.0,2310.0,yonden
2019,10,2019-10-20,03:00,2520.0,880.0,3090.0,220.0,－－－－－－－－－－,70.0,0.0,0.0,80.0,0.0,30.0,-1850.0,2520.0,yonden
2019,10,2019-10-20,04:00,2650.0,880.0,3210.0,220.0,－－－－－－－－－－,70.0,0.0,0.0,70.0,0.0,30.0,-1830.0,2650.0,yonden
2019,10,2019-10-20,05:00,2590.0,880.0,3160.0,220.0,－－－－－－－－－－,70.0,0.0,0.0,60.0,0.0,20.0,-1820.0,2590.0,yonden
2019,10,2019-10-20,06:00,2350.0,880.0,2940.0,220.0,－－－－－－－－－－,70.0,70.0,0.0,70.0,0.0,10.0,-1910.0,2350.0,yonden
2019,10,2019-10-20,07:00,2250.0,880.0,2860.0,200.0,－－－－－－－－－－,70.0,270.0,0.0,70.0,0.0,0.0,-2100.0,2250.0,yonden
2019,10,2019-10-20,08:00,2260.0,880.0,2870.0,210.0,－－－－－－－－－－,70.0,450.0,0.0,80.0,0.0,0.0,-2300.0,2260.0,yonden
2019,10,2019-10-20,09:00,2410.0,880.0,2770.0,280.0,－－－－－－－－－－,70.0,850.0,0.0,90.0,0.0,-220.0,-2310.0,2410.0,yonden
2019,10,2019-10-20,10:00,2550.0,880.0,2640.0,250.0,－－－－－－－－－－,70.0,1290.0,0.0,90.0,0.0,-300.0,-2370.0,2550.0,yonden
2019,10,2019-10-20,11:00,2620.0,880.0,2480.0,230.0,－－－－－－－－－－,70.0,1560.0,0.0,80.0,0.0,-290.0,-2390.0,2620.0,yonden
2019,10,2019-10-20,12:00,2660.0,830.0,2430.0,220.0,－－－－－－－－－－,70.0,1640.0,0.0,50.0,0.0,-290.0,-2290.0,2660.0,yonden
2019,10,2019-10-20,13:00,2630.0,850.0,2730.0,220.0,－－－－－－－－－－,70.0,1310.0,0.0,40.0,0.0,-290.0,-2300.0,2630.0,yonden
2019,10,2019-10-20,14:00,2530.0,880.0,2840.0,220.0,－－－－－－－－－－,70.0,930.0,0.0,50.0,0.0,-180.0,-2280.0,2530.0,yonden
2019,10,2019-10-20,15:00,2460.0,880.0,3140.0,210.0,－－－－－－－－－－,70.0,390.0,0.0,50.0,0.0,20.0,-2300.0,2460.0,yonden
2019,10,2019-10-20,16:00,2520.0,880.0,3390.0,220.0,－－－－－－－－－－,70.0,130.0,0.0,50.0,0.0,20.0,-2240.0,2520.0,yonden
2019,10,2019-10-20,17:00,2710.0,880.0,3500.0,270.0,－－－－－－－－－－,80.0,0.0,0.0,50.0,0.0,10.0,-2080.0,2710.0,yonden
2019,10,2019-10-20,18:00,2770.0,880.0,3470.0,280.0,－－－－－－－－－－,70.0,0.0,0.0,50.0,0.0,10.0,-1990.0,2770.0,yonden
2019,10,2019-10-20,19:00,2680.0,880.0,3330.0,260.0,－－－－－－－－－－,70.0,0.0,0.0,40.0,0.0,110.0,-2010.0,2680.0,yonden
2019,10,2019-10-20,20:00,2590.0,880.0,3110.0,270.0,－－－－－－－－－－,70.0,0.0,0.0,30.0,0.0,190.0,-1960.0,2590.0,yonden
2019,10,2019-10-20,21:00,2450.0,880.0,3090.0,290.0,－－－－－－－－－－,70.0,0.0,0.0,20.0,0.0,0.0,-1900.0,2450.0,yonden
2019,10,2019-10-20,22:00,2290.0,880.0,3010.0,260.0,－－－－－－－－－－,70.0,0.0,0.0,10.0,0.0,20.0,-1960.0,2290.0,yonden
2019,10,2019-10-20,23:00,2230.0,880.0,2990.0,240.0,－－－－－－－－－－,70.0,0.0,0.0,10.0,0.0,20.0,-1980.0,2230.0,yonden
2019,10,2019-10-21,00:00,2110.0,870.0,3000.0,220.0,－－－－－－－－－－,70.0,0.0,0.0,10.0,0.0,-260.0,-1800.0,2110.0,yonden
2019,10,2019-10-21,01:00,2090.0,880.0,2970.0,220.0,－－－－－－－－－－,70.0,0.0,0.0,10.0,0.0,-270.0,-1790.0,2090.0,yonden
2019,10,2019-10-21,02:00,2220.0,870.0,2910.0,200.0,－－－－－－－－－－,70.0,0.0,0.0,10.0,0.0,0.0,-1840.0,2220.0,yonden
2019,10,2019-10-21,03:00,2440.0,870.0,3030.0,220.0,－－－－－－－－－－,70.0,0.0,0.0,20.0,0.0,30.0,-1800.0,2440.0,yonden
2019,10,2019-10-21,04:00,2610.0,880.0,3090.0,290.0,－－－－－－－－－－,70.0,0.0,0.0,40.0,0.0,30.0,-1790.0,2610.0,yonden
2019,10,2019-10-21,05:00,2620.0,880.0,3080.0,290.0,－－－－－－－－－－,70.0,0.0,0.0,50.0,0.0,10.0,-1760.0,2620.0,yonden
2019,10,2019-10-21,06:00,2560.0,880.0,2990.0,270.0,－－－－－－－－－－,70.0,50.0,0.0,50.0,0.0,10.0,-1760.0,2560.0,yonden
2019,10,2019-10-21,07:00,2580.0,880.0,3010.0,210.0,－－－－－－－－－－,70.0,90.0,0.0,50.0,0.0,0.0,-1730.0,2580.0,yonden
2019,10,2019-10-21,08:00,2880.0,880.0,3210.0,230.0,－－－－－－－－－－,70.0,150.0,0.0,40.0,0.0,0.0,-1700.0,2880.0,yonden
2019,10,2019-10-21,09:00,3110.0,880.0,3240.0,330.0,－－－－－－－－－－,70.0,270.0,0.0,40.0,0.0,20.0,-1740.0,3110.0,yonden
2019,10,2019-10-21,10:00,3190.0,880.0,3290.0,300.0,－－－－－－－－－－,70.0,340.0,0.0,40.0,0.0,40.0,-1770.0,3190.0,yonden
2019,10,2019-10-21,11:00,3240.0,880.0,3390.0,280.0,－－－－－－－－－－,70.0,320.0,0.0,50.0,0.0,10.0,-1760.0,3240.0,yonden
2019,10,2019-10-21,12:00,3040.0,880.0,3310.0,210.0,－－－－－－－－－－,70.0,270.0,0.0,60.0,0.0,0.0,-1760.0,3040.0,yonden
2019,10,2019-10-21,13:00,3140.0,880.0,3430.0,170.0,－－－－－－－－－－,70.0,170.0,0.0,60.0,0.0,0.0,-1640.0,3140.0,yonden
2019,10,2019-10-21,14:00,3100.0,880.0,3290.0,260.0,－－－－－－－－－－,70.0,100.0,0.0,60.0,0.0,10.0,-1570.0,3100.0,yonden
2019,10,2019-10-21,15:00,3070.0,880.0,3260.0,340.0,－－－－－－－－－－,70.0,90.0,0.0,70.0,0.0,30.0,-1670.0,3070.0,yonden
2019,10,2019-10-21,16:00,3170.0,880.0,3350.0,440.0,－－－－－－－－－－,70.0,50.0,0.0,80.0,0.0,40.0,-1740.0,3170.0,yonden
2019,10,2019-10-21,17:00,3180.0,880.0,3390.0,480.0,－－－－－－－－－－,70.0,0.0,0.0,100.0,0.0,60.0,-1800.0,3180.0,yonden
2019,10,2019-10-21,18:00,3130.0,880.0,3190.0,430.0,－－－－－－－－－－,70.0,0.0,0.0,100.0,0.0,230.0,-1770.0,3130.0,yonden
2019,10,2019-10-21,19:00,2970.0,880.0,3160.0,400.0,－－－－－－－－－－,70.0,0.0,0.0,100.0,0.0,240.0,-1880.0,2970.0,yonden
2019,10,2019-10-21,20:00,2820.0,880.0,3160.0,320.0,－－－－－－－－－－,70.0,0.0,0.0,110.0,0.0,190.0,-1910.0,2820.0,yonden
2019,10,2019-10-21,21:00,2630.0,880.0,3010.0,230.0,－－－－－－－－－－,70.0,0.0,0.0,100.0,0.0,20.0,-1680.0,2630.0,yonden
2019,10,2019-10-21,22:00,2450.0,880.0,2920.0,190.0,－－－－－－－－－－,70.0,0.0,0.0,100.0,0.0,0.0,-1710.0,2450.0,yonden
2019,10,2019-10-21,23:00,2390.0,880.0,2920.0,170.0,－－－－－－－－－－,70.0,0.0,0.0,100.0,0.0,0.0,-1750.0,2390.0,yonden
2019,10,2019-10-22,00:00,2280.0,880.0,2960.0,160.0,－－－－－－－－－－,70.0,0.0,0.0,90.0,0.0,10.0,-1890.0,2280.0,yonden
2019,10,2019-10-22,01:00,2250.0,880.0,2930.0,160.0,－－－－－－－－－－,70.0,0.0,0.0,90.0,0.0,20.0,-1900.0,2250.0,yonden
2019,10,2019-10-22,02:00,2380.0,880.0,2980.0,160.0,－－－－－－－－－－,70.0,0.0,0.0,80.0,0.0,20.0,-1810.0,2380.0,yonden
2019,10,2019-10-22,03:00,2590.0,880.0,3090.0,190.0,－－－－－－－－－－,70.0,0.0,0.0,90.0,0.0,20.0,-1750.0,2590.0,yonden
2019,10,2019-10-22,04:00,2720.0,880.0,3150.0,240.0,－－－－－－－－－－,70.0,0.0,0.0,80.0,0.0,10.0,-1710.0,2720.0,yonden
2019,10,2019-10-22,05:00,2690.0,880.0,3140.0,220.0,－－－－－－－－－－,70.0,0.0,0.0,90.0,0.0,0.0,-1710.0,2690.0,yonden
2019,10,2019-10-22,06:00,2510.0,880.0,3020.0,210.0,－－－－－－－－－－,70.0,80.0,0.0,100.0,0.0,10.0,-1860.0,2510.0,yonden
2019,10,2019-10-22,07:00,2500.0,880.0,2950.0,190.0,－－－－－－－－－－,70.0,370.0,0.0,90.0,0.0,-180.0,-1870.0,2500.0,yonden
2019,10,2019-10-22,08:00,2640.0,880.0,2890.0,190.0,－－－－－－－－－－,70.0,680.0,0.0,80.0,0.0,-290.0,-1860.0,2640.0,yonden
2019,10,2019-10-22,09:00,2810.0,880.0,2840.0,190.0,－－－－－－－－－－,70.0,1090.0,0.0,60.0,0.0,-290.0,-2030.0,2810.0,yonden
2019,10,2019-10-22,10:00,2970.0,880.0,2670.0,140.0,－－－－－－－－－－,70.0,1540.0,0.0,50.0,0.0,-290.0,-2090.0,2970.0,yonden
2019,10,2019-10-22,11:00,3060.0,880.0,2660.0,210.0,－－－－－－－－－－,70.0,1590.0,0.0,50.0,0.0,-260.0,-2140.0,3060.0,yonden
2019,10,2019-10-22,12:00,2990.0,880.0,2650.0,200.0,－－－－－－－－－－,70.0,1610.0,0.0,60.0,0.0,-290.0,-2190.0,2990.0,yonden
2019,10,2019-10-22,13:00,3030.0,880.0,2930.0,160.0,－－－－－－－－－－,70.0,1480.0,0.0,50.0,0.0,-280.0,-2260.0,3030.0,yonden
2019,10,2019-10-22,14:00,2940.0,880.0,3000.0,140.0,－－－－－－－－－－,70.0,1100.0,0.0,50.0,0.0,0.0,-2300.0,2940.0,yonden
2019,10,2019-10-22,15:00,2890.0,880.0,3300.0,200.0,－－－－－－－－－－,70.0,680.0,0.0,30.0,0.0,20.0,-2290.0,2890.0,yonden
2019,10,2019-10-22,16:00,2930.0,880.0,3380.0,210.0,－－－－－－－－－－,80.0,270.0,0.0,30.0,0.0,230.0,-2150.0,2930.0,yonden
2019,10,2019-10-22,17:00,2950.0,880.0,3510.0,240.0,－－－－－－－－－－,80.0,10.0,0.0,30.0,0.0,250.0,-2050.0,2950.0,yonden
2019,10,2019-10-22,18:00,2980.0,880.0,3460.0,270.0,－－－－－－－－－－,80.0,0.0,0.0,50.0,0.0,250.0,-2010.0,2980.0,yonden
2019,10,2019-10-22,19:00,2860.0,880.0,3380.0,270.0,－－－－－－－－－－,80.0,0.0,0.0,40.0,0.0,230.0,-2020.0,2860.0,yonden
2019,10,2019-10-22,20:00,2740.0,880.0,3430.0,240.0,－－－－－－－－－－,80.0,0.0,0.0,30.0,0.0,10.0,-1930.0,2740.0,yonden
2019,10,2019-10-22,21:00,2580.0,880.0,3200.0,150.0,－－－－－－－－－－,80.0,0.0,0.0,30.0,0.0,0.0,-1760.0,2580.0,yonden
2019,10,2019-10-22,22:00,2410.0,880.0,3150.0,140.0,－－－－－－－－－－,80.0,0.0,0.0,40.0,0.0,0.0,-1880.0,2410.0,yonden
2019,10,2019-10-22,23:00,2300.0,880.0,3110.0,140.0,－－－－－－－－－－,80.0,0.0,0.0,40.0,0.0,0.0,-1950.0,2300.0,yonden
2019,10,2019-10-23,00:00,2180.0,870.0,2850.0,140.0,－－－－－－－－－－,80.0,0.0,0.0,30.0,0.0,0.0,-1790.0,2180.0,yonden
2019,10,2019-10-23,01:00,2150.0,880.0,2830.0,140.0,－－－－－－－－－－,80.0,0.0,0.0,30.0,0.0,0.0,-1810.0,2150.0,yonden
2019,10,2019-10-23,02:00,2300.0,870.0,2930.0,150.0,－－－－－－－－－－,80.0,0.0,0.0,30.0,0.0,20.0,-1780.0,2300.0,yonden
2019,10,2019-10-23,03:00,2520.0,870.0,3080.0,230.0,－－－－－－－－－－,80.0,0.0,0.0,30.0,0.0,30.0,-1800.0,2520.0,yonden
2019,10,2019-10-23,04:00,2700.0,880.0,3210.0,240.0,－－－－－－－－－－,80.0,0.0,0.0,40.0,0.0,40.0,-1790.0,2700.0,yonden
2019,10,2019-10-23,05:00,2710.0,880.0,3220.0,250.0,－－－－－－－－－－,80.0,0.0,0.0,30.0,0.0,20.0,-1770.0,2710.0,yonden
2019,10,2019-10-23,06:00,2610.0,880.0,3140.0,170.0,－－－－－－－－－－,70.0,80.0,0.0,20.0,0.0,0.0,-1750.0,2610.0,yonden
2019,10,2019-10-23,07:00,2650.0,880.0,2940.0,150.0,－－－－－－－－－－,70.0,410.0,0.0,20.0,0.0,0.0,-1820.0,2650.0,yonden
2019,10,2019-10-23,08:00,2950.0,880.0,3000.0,140.0,－－－－－－－－－－,70.0,850.0,0.0,10.0,0.0,0.0,-2000.0,2950.0,yonden
2019,10,2019-10-23,09:00,3230.0,880.0,3010.0,180.0,－－－－－－－－－－,70.0,1250.0,0.0,10.0,0.0,0.0,-2170.0,3230.0,yonden
2019,10,2019-10-23,10:00,3380.0,880.0,3010.0,160.0,－－－－－－－－－－,70.0,1430.0,0.0,10.0,0.0,10.0,-2190.0,3380.0,yonden
2019,10,2019-10-23,11:00,3440.0,880.0,3200.0,170.0,－－－－－－－－－－,70.0,1300.0,0.0,10.0,0.0,30.0,-2220.0,3440.0,yonden
2019,10,2019-10-23,12:00,3270.0,880.0,3290.0,170.0,－－－－－－－－－－,70.0,1030.0,0.0,0.0,0.0,80.0,-2250.0,3270.0,yonden
2019,10,2019-10-23,13:00,3290.0,880.0,3390.0,120.0,－－－－－－－－－－,70.0,790.0,0.0,0.0,0.0,230.0,-2190.0,3290.0,yonden
2019,10,2019-10-23,14:00,3240.0,880.0,3400.0,130.0,－－－－－－－－－－,70.0,660.0,0.0,0.0,0.0,200.0,-2100.0,3240.0,yonden
2019,10,2019-10-23,15:00,3130.0,880.0,3530.0,230.0,－－－－－－－－－－,70.0,300.0,0.0,0.0,0.0,70.0,-1950.0,3130.0,yonden
2019,10,2019-10-23,16:00,3240.0,880.0,3550.0,320.0,－－－－－－－－－－,70.0,100.0,0.0,0.0,0.0,230.0,-1910.0,3240.0,yonden
2019,10,2019-10-23,17:00,3250.0,880.0,3500.0,420.0,－－－－－－－－－－,70.0,0.0,0.0,0.0,0.0,220.0,-1840.0,3250.0,yonden
2019,10,2019-10-23,18:00,3210.0,880.0,3530.0,520.0,－－－－－－－－－－,70.0,0.0,0.0,10.0,0.0,50.0,-1850.0,3210.0,yonden
2019,10,2019-10-23,19:00,3040.0,880.0,3470.0,470.0,－－－－－－－－－－,70.0,0.0,0.0,10.0,0.0,40.0,-1900.0,3040.0,yonden
2019,10,2019-10-23,20:00,2900.0,880.0,3510.0,380.0,－－－－－－－－－－,70.0,0.0,0.0,10.0,0.0,10.0,-1960.0,2900.0,yonden
2019,10,2019-10-23,21:00,2720.0,880.0,3460.0,270.0,－－－－－－－－－－,70.0,0.0,0.0,30.0,0.0,10.0,-2000.0,2720.0,yonden
2019,10,2019-10-23,22:00,2540.0,880.0,3310.0,250.0,－－－－－－－－－－,70.0,0.0,0.0,40.0,0.0,-110.0,-1900.0,2540.0,yonden
2019,10,2019-10-23,23:00,2450.0,880.0,3240.0,240.0,－－－－－－－－－－,70.0,0.0,0.0,50.0,0.0,-280.0,-1750.0,2450.0,yonden
2019,10,2019-10-24,00:00,2340.0,880.0,3100.0,210.0,－－－－－－－－－－,70.0,0.0,0.0,50.0,0.0,-300.0,-1670.0,2340.0,yonden
2019,10,2019-10-24,01:00,2300.0,880.0,3080.0,210.0,－－－－－－－－－－,70.0,0.0,0.0,50.0,0.0,-270.0,-1720.0,2300.0,yonden
2019,10,2019-10-24,02:00,2410.0,880.0,2930.0,230.0,－－－－－－－－－－,70.0,0.0,0.0,50.0,0.0,10.0,-1760.0,2410.0,yonden
2019,10,2019-10-24,03:00,2640.0,880.0,3050.0,280.0,－－－－－－－－－－,70.0,0.0,0.0,40.0,0.0,10.0,-1690.0,2640.0,yonden
2019,10,2019-10-24,04:00,2770.0,880.0,3090.0,300.0,－－－－－－－－－－,70.0,0.0,0.0,30.0,0.0,20.0,-1620.0,2770.0,yonden
2019,10,2019-10-24,05:00,2750.0,880.0,3050.0,310.0,－－－－－－－－－－,70.0,0.0,0.0,40.0,0.0,20.0,-1620.0,2750.0,yonden
2019,10,2019-10-24,06:00,2660.0,880.0,3030.0,220.0,－－－－－－－－－－,70.0,30.0,0.0,50.0,0.0,0.0,-1620.0,2660.0,yonden
2019,10,2019-10-24,07:00,2740.0,880.0,3040.0,220.0,－－－－－－－－－－,70.0,50.0,0.0,70.0,0.0,0.0,-1590.0,2740.0,yonden
2019,10,2019-10-24,08:00,3130.0,880.0,3300.0,320.0,－－－－－－－－－－,70.0,40.0,0.0,60.0,0.0,60.0,-1600.0,3130.0,yonden
2019,10,2019-10-24,09:00,3350.0,880.0,3360.0,410.0,－－－－－－－－－－,70.0,90.0,0.0,50.0,0.0,260.0,-1770.0,3350.0,yonden
2019,10,2019-10-24,10:00,3420.0,880.0,3440.0,380.0,－－－－－－－－－－,60.0,150.0,0.0,60.0,0.0,210.0,-1760.0,3420.0,yonden
2019,10,2019-10-24,11:00,3460.0,880.0,3520.0,420.0,－－－－－－－－－－,70.0,120.0,0.0,50.0,0.0,50.0,-1650.0,3460.0,yonden
2019,10,2019-10-24,12:00,3190.0,880.0,3270.0,420.0,－－－－－－－－－－,70.0,100.0,0.0,50.0,0.0,30.0,-1630.0,3190.0,yonden
2019,10,2019-10-24,13:00,3300.0,880.0,3280.0,450.0,－－－－－－－－－－,70.0,100.0,0.0,50.0,0.0,40.0,-1570.0,3300.0,yonden
2019,10,2019-10-24,14:00,3290.0,880.0,3220.0,460.0,－－－－－－－－－－,70.0,120.0,0.0,70.0,0.0,40.0,-1570.0,3290.0,yonden
2019,10,2019-10-24,15:00,3310.0,880.0,3410.0,520.0,－－－－－－－－－－,70.0,30.0,0.0,60.0,0.0,70.0,-1730.0,3310.0,yonden
2019,10,2019-10-24,16:00,3390.0,880.0,3260.0,590.0,－－－－－－－－－－,70.0,0.0,0.0,80.0,0.0,280.0,-1770.0,3390.0,yonden
2019,10,2019-10-24,17:00,3340.0,880.0,3380.0,640.0,－－－－－－－－－－,70.0,0.0,0.0,80.0,0.0,50.0,-1760.0,3340.0,yonden
2019,10,2019-10-24,18:00,3260.0,880.0,3340.0,640.0,－－－－－－－－－－,70.0,0.0,0.0,80.0,0.0,40.0,-1790.0,3260.0,yonden
2019,10,2019-10-24,19:00,3100.0,880.0,3250.0,650.0,－－－－－－－－－－,70.0,0.0,0.0,90.0,0.0,40.0,-1880.0,3100.0,yonden
2019,10,2019-10-24,20:00,2970.0,880.0,3230.0,620.0,－－－－－－－－－－,70.0,0.0,0.0,80.0,0.0,40.0,-1950.0,2970.0,yonden
2019,10,2019-10-24,21:00,2810.0,880.0,3070.0,630.0,－－－－－－－－－－,70.0,0.0,0.0,80.0,0.0,50.0,-1970.0,2810.0,yonden
2019,10,2019-10-24,22:00,2640.0,880.0,2920.0,590.0,－－－－－－－－－－,70.0,0.0,0.0,50.0,0.0,40.0,-1910.0,2640.0,yonden
2019,10,2019-10-24,23:00,2560.0,880.0,2780.0,600.0,－－－－－－－－－－,70.0,0.0,0.0,50.0,0.0,0.0,-1820.0,2560.0,yonden
2019,10,2019-10-25,00:00,2440.0,870.0,2800.0,620.0,－－－－－－－－－－,80.0,0.0,0.0,70.0,0.0,-250.0,-1750.0,2440.0,yonden
2019,10,2019-10-25,01:00,2410.0,880.0,2810.0,590.0,－－－－－－－－－－,80.0,0.0,0.0,60.0,0.0,-250.0,-1760.0,2410.0,yonden
2019,10,2019-10-25,02:00,2540.0,870.0,2780.0,590.0,－－－－－－－－－－,80.0,0.0,0.0,80.0,0.0,-150.0,-1710.0,2540.0,yonden
2019,10,2019-10-25,03:00,2760.0,870.0,2780.0,620.0,－－－－－－－－－－,80.0,0.0,0.0,80.0,0.0,40.0,-1710.0,2760.0,yonden
2019,10,2019-10-25,04:00,2890.0,880.0,2790.0,650.0,－－－－－－－－－－,80.0,0.0,0.0,80.0,0.0,50.0,-1640.0,2890.0,yonden
2019,10,2019-10-25,05:00,2880.0,880.0,2830.0,630.0,－－－－－－－－－－,80.0,0.0,0.0,80.0,0.0,40.0,-1660.0,2880.0,yonden
2019,10,2019-10-25,06:00,2780.0,880.0,2700.0,600.0,－－－－－－－－－－,80.0,40.0,0.0,110.0,0.0,40.0,-1670.0,2780.0,yonden
2019,10,2019-10-25,07:00,2830.0,880.0,2670.0,590.0,－－－－－－－－－－,80.0,160.0,0.0,80.0,0.0,40.0,-1670.0,2830.0,yonden
2019,10,2019-10-25,08:00,3130.0,880.0,2860.0,640.0,－－－－－－－－－－,70.0,340.0,0.0,90.0,0.0,40.0,-1790.0,3130.0,yonden
2019,10,2019-10-25,09:00,3300.0,880.0,2790.0,690.0,－－－－－－－－－－,70.0,640.0,0.0,90.0,0.0,50.0,-1910.0,3300.0,yonden
2019,10,2019-10-25,10:00,3310.0,880.0,2660.0,670.0,－－－－－－－－－－,70.0,960.0,0.0,90.0,0.0,0.0,-2020.0,3310.0,yonden
2019,10,2019-10-25,11:00,3380.0,880.0,2570.0,670.0,－－－－－－－－－－,70.0,1350.0,0.0,80.0,0.0,-250.0,-1990.0,3380.0,yonden
2019,10,2019-10-25,12:00,3230.0,880.0,2600.0,660.0,－－－－－－－－－－,70.0,1300.0,0.0,70.0,0.0,-250.0,-2100.0,3230.0,yonden
2019,10,2019-10-25,13:00,3370.0,880.0,2760.0,650.0,－－－－－－－－－－,70.0,1050.0,0.0,80.0,0.0,-210.0,-1910.0,3370.0,yonden
2019,10,2019-10-25,14:00,3330.0,880.0,2770.0,640.0,－－－－－－－－－－,70.0,730.0,0.0,80.0,0.0,40.0,-1880.0,3330.0,yonden
2019,10,2019-10-25,15:00,3280.0,880.0,3000.0,660.0,－－－－－－－－－－,70.0,390.0,0.0,80.0,0.0,50.0,-1850.0,3280.0,yonden
2019,10,2019-10-25,16:00,3340.0,880.0,3140.0,680.0,－－－－－－－－－－,80.0,160.0,0.0,80.0,0.0,50.0,-1730.0,3340.0,yonden
2019,10,2019-10-25,17:00,3270.0,880.0,3110.0,710.0,－－－－－－－－－－,80.0,0.0,0.0,90.0,0.0,50.0,-1650.0,3270.0,yonden
2019,10,2019-10-25,18:00,3190.0,880.0,3130.0,710.0,－－－－－－－－－－,80.0,0.0,0.0,90.0,0.0,50.0,-1750.0,3190.0,yonden
2019,10,2019-10-25,19:00,3030.0,880.0,3110.0,700.0,－－－－－－－－－－,80.0,0.0,0.0,80.0,0.0,50.0,-1870.0,3030.0,yonden
2019,10,2019-10-25,20:00,2890.0,880.0,3050.0,670.0,－－－－－－－－－－,80.0,0.0,0.0,80.0,0.0,40.0,-1910.0,2890.0,yonden
2019,10,2019-10-25,21:00,2730.0,880.0,2830.0,650.0,－－－－－－－－－－,80.0,0.0,0.0,90.0,0.0,40.0,-1840.0,2730.0,yonden
2019,10,2019-10-25,22:00,2550.0,880.0,2220.0,670.0,－－－－－－－－－－,80.0,0.0,0.0,50.0,0.0,40.0,-1390.0,2550.0,yonden
2019,10,2019-10-25,23:00,2480.0,880.0,1980.0,660.0,－－－－－－－－－－,80.0,0.0,0.0,60.0,0.0,40.0,-1220.0,2480.0,yonden
2019,10,2019-10-26,00:00,2350.0,880.0,2050.0,620.0,－－－－－－－－－－,80.0,0.0,0.0,60.0,0.0,40.0,-1380.0,2350.0,yonden
2019,10,2019-10-26,01:00,2320.0,880.0,2120.0,590.0,－－－－－－－－－－,80.0,0.0,0.0,70.0,0.0,40.0,-1460.0,2320.0,yonden
2019,10,2019-10-26,02:00,2430.0,880.0,2120.0,600.0,－－－－－－－－－－,80.0,0.0,0.0,80.0,0.0,40.0,-1370.0,2430.0,yonden
2019,10,2019-10-26,03:00,2650.0,880.0,2280.0,650.0,－－－－－－－－－－,80.0,0.0,0.0,100.0,0.0,40.0,-1380.0,2650.0,yonden
2019,10,2019-10-26,04:00,2780.0,880.0,2340.0,660.0,－－－－－－－－－－,80.0,0.0,0.0,80.0,0.0,50.0,-1310.0,2780.0,yonden
2019,10,2019-10-26,05:00,2720.0,880.0,2320.0,660.0,－－－－－－－－－－,80.0,0.0,0.0,70.0,0.0,50.0,-1340.0,2720.0,yonden
2019,10,2019-10-26,06:00,2520.0,880.0,2150.0,620.0,－－－－－－－－－－,80.0,30.0,0.0,60.0,0.0,40.0,-1340.0,2520.0,yonden
2019,10,2019-10-26,07:00,2460.0,880.0,2080.0,590.0,－－－－－－－－－－,80.0,130.0,0.0,70.0,0.0,40.0,-1410.0,2460.0,yonden
2019,10,2019-10-26,08:00,2700.0,880.0,2160.0,620.0,－－－－－－－－－－,80.0,320.0,0.0,50.0,0.0,50.0,-1460.0,2700.0,yonden
2019,10,2019-10-26,09:00,2830.0,880.0,2090.0,640.0,－－－－－－－－－－,80.0,630.0,0.0,40.0,0.0,40.0,-1570.0,2830.0,yonden
2019,10,2019-10-26,10:00,2940.0,880.0,2140.0,570.0,－－－－－－－－－－,70.0,830.0,0.0,20.0,0.0,40.0,-1610.0,2940.0,yonden
2019,10,2019-10-26,11:00,3000.0,880.0,2140.0,550.0,－－－－－－－－－－,70.0,990.0,0.0,20.0,0.0,40.0,-1690.0,3000.0,yonden
2019,10,2019-10-26,12:00,2860.0,880.0,1980.0,530.0,－－－－－－－－－－,70.0,1240.0,0.0,10.0,0.0,40.0,-1890.0,2860.0,yonden
2019,10,2019-10-26,13:00,2920.0,880.0,1980.0,530.0,－－－－－－－－－－,70.0,1390.0,0.0,10.0,0.0,-70.0,-1870.0,2920.0,yonden
2019,10,2019-10-26,14:00,2880.0,880.0,2140.0,580.0,－－－－－－－－－－,70.0,1130.0,0.0,0.0,0.0,-140.0,-1780.0,2880.0,yonden
2019,10,2019-10-26,15:00,2850.0,880.0,2250.0,620.0,－－－－－－－－－－,70.0,670.0,0.0,10.0,0.0,50.0,-1700.0,2850.0,yonden
2019,10,2019-10-26,16:00,2930.0,880.0,2520.0,640.0,－－－－－－－－－－,70.0,250.0,0.0,20.0,0.0,100.0,-1550.0,2930.0,yonden
2019,10,2019-10-26,17:00,2930.0,880.0,2440.0,670.0,－－－－－－－－－－,80.0,10.0,0.0,40.0,0.0,290.0,-1480.0,2930.0,yonden
2019,10,2019-10-26,18:00,2930.0,880.0,2470.0,650.0,－－－－－－－－－－,80.0,0.0,0.0,50.0,0.0,250.0,-1450.0,2930.0,yonden
2019,10,2019-10-26,19:00,2810.0,880.0,2660.0,660.0,－－－－－－－－－－,80.0,0.0,0.0,40.0,0.0,50.0,-1560.0,2810.0,yonden
2019,10,2019-10-26,20:00,2700.0,880.0,2650.0,630.0,－－－－－－－－－－,80.0,0.0,0.0,30.0,0.0,50.0,-1620.0,2700.0,yonden
2019,10,2019-10-26,21:00,2550.0,880.0,2490.0,620.0,－－－－－－－－－－,80.0,0.0,0.0,20.0,0.0,50.0,-1590.0,2550.0,yonden
2019,10,2019-10-26,22:00,2390.0,880.0,2250.0,580.0,－－－－－－－－－－,80.0,0.0,0.0,30.0,0.0,40.0,-1470.0,2390.0,yonden
2019,10,2019-10-26,23:00,2310.0,880.0,2230.0,560.0,－－－－－－－－－－,80.0,0.0,0.0,30.0,0.0,40.0,-1510.0,2310.0,yonden
2019,10,2019-10-27,00:00,2190.0,870.0,2190.0,550.0,－－－－－－－－－－,80.0,0.0,0.0,40.0,0.0,40.0,-1580.0,2190.0,yonden
2019,10,2019-10-27,01:00,2170.0,880.0,2140.0,560.0,－－－－－－－－－－,80.0,0.0,0.0,70.0,0.0,40.0,-1600.0,2170.0,yonden
2019,10,2019-10-27,02:00,2300.0,870.0,2170.0,560.0,－－－－－－－－－－,80.0,0.0,0.0,60.0,0.0,50.0,-1490.0,2300.0,yonden
2019,10,2019-10-27,03:00,2530.0,870.0,2190.0,590.0,－－－－－－－－－－,80.0,0.0,0.0,60.0,0.0,50.0,-1310.0,2530.0,yonden
2019,10,2019-10-27,04:00,2650.0,880.0,2160.0,590.0,－－－－－－－－－－,80.0,0.0,0.0,60.0,0.0,50.0,-1170.0,2650.0,yonden
2019,10,2019-10-27,05:00,2580.0,870.0,2170.0,580.0,－－－－－－－－－－,80.0,0.0,0.0,60.0,0.0,50.0,-1230.0,2580.0,yonden
2019,10,2019-10-27,06:00,2360.0,880.0,2130.0,580.0,－－－－－－－－－－,80.0,50.0,0.0,70.0,0.0,50.0,-1480.0,2360.0,yonden
2019,10,2019-10-27,07:00,2330.0,880.0,2140.0,580.0,－－－－－－－－－－,80.0,260.0,0.0,50.0,0.0,50.0,-1710.0,2330.0,yonden
2019,10,2019-10-27,08:00,2400.0,880.0,2210.0,580.0,－－－－－－－－－－,80.0,580.0,0.0,50.0,0.0,50.0,-2030.0,2400.0,yonden
2019,10,2019-10-27,09:00,2490.0,880.0,1980.0,580.0,－－－－－－－－－－,80.0,1080.0,0.0,50.0,0.0,-70.0,-2090.0,2490.0,yonden
2019,10,2019-10-27,10:00,2520.0,880.0,1690.0,540.0,－－－－－－－－－－,70.0,1330.0,0.0,60.0,0.0,-260.0,-1790.0,2520.0,yonden
2019,10,2019-10-27,11:00,2550.0,880.0,1490.0,550.0,－－－－－－－－－－,70.0,1500.0,0.0,70.0,0.0,-250.0,-1760.0,2550.0,yonden
2019,10,2019-10-27,12:00,2600.0,880.0,1520.0,520.0,－－－－－－－－－－,70.0,1520.0,0.0,80.0,0.0,-250.0,-1740.0,2600.0,yonden
2019,10,2019-10-27,13:00,2570.0,880.0,1670.0,510.0,－－－－－－－－－－,70.0,1410.0,0.0,80.0,0.0,-250.0,-1800.0,2570.0,yonden
2019,10,2019-10-27,14:00,2500.0,880.0,2070.0,530.0,－－－－－－－－－－,70.0,1040.0,0.0,90.0,0.0,-250.0,-1930.0,2500.0,yonden
2019,10,2019-10-27,15:00,2480.0,880.0,2200.0,570.0,－－－－－－－－－－,70.0,560.0,0.0,100.0,0.0,-10.0,-1890.0,2480.0,yonden
2019,10,2019-10-27,16:00,2510.0,880.0,2290.0,590.0,－－－－－－－－－－,80.0,160.0,0.0,100.0,0.0,170.0,-1760.0,2510.0,yonden
2019,10,2019-10-27,17:00,2690.0,880.0,2240.0,640.0,－－－－－－－－－－,80.0,0.0,0.0,100.0,0.0,270.0,-1520.0,2690.0,yonden
2019,10,2019-10-27,18:00,2740.0,880.0,2400.0,650.0,－－－－－－－－－－,70.0,0.0,0.0,80.0,0.0,60.0,-1400.0,2740.0,yonden
2019,10,2019-10-27,19:00,2660.0,880.0,2420.0,620.0,－－－－－－－－－－,70.0,0.0,0.0,70.0,0.0,50.0,-1450.0,2660.0,yonden
2019,10,2019-10-27,20:00,2580.0,880.0,2400.0,590.0,－－－－－－－－－－,70.0,0.0,0.0,60.0,0.0,50.0,-1470.0,2580.0,yonden
2019,10,2019-10-27,21:00,2440.0,880.0,2270.0,570.0,－－－－－－－－－－,80.0,0.0,0.0,60.0,0.0,40.0,-1460.0,2440.0,yonden
2019,10,2019-10-27,22:00,2270.0,880.0,2150.0,560.0,－－－－－－－－－－,80.0,0.0,0.0,70.0,0.0,40.0,-1510.0,2270.0,yonden
2019,10,2019-10-27,23:00,2200.0,880.0,2070.0,540.0,－－－－－－－－－－,80.0,0.0,0.0,50.0,0.0,40.0,-1460.0,2200.0,yonden
2019,10,2019-10-28,00:00,2110.0,880.0,1980.0,480.0,－－－－－－－－－－,80.0,0.0,0.0,40.0,0.0,30.0,-1380.0,2110.0,yonden
2019,10,2019-10-28,01:00,2090.0,880.0,1990.0,480.0,－－－－－－－－－－,80.0,0.0,0.0,40.0,0.0,30.0,-1410.0,2090.0,yonden
2019,10,2019-10-28,02:00,2250.0,880.0,2100.0,500.0,－－－－－－－－－－,80.0,0.0,0.0,40.0,0.0,30.0,-1380.0,2250.0,yonden
2019,10,2019-10-28,03:00,2490.0,880.0,2200.0,560.0,－－－－－－－－－－,80.0,0.0,0.0,30.0,0.0,40.0,-1300.0,2490.0,yonden
2019,10,2019-10-28,04:00,2660.0,880.0,2370.0,550.0,－－－－－－－－－－,80.0,0.0,0.0,20.0,0.0,50.0,-1290.0,2660.0,yonden
2019,10,2019-10-28,05:00,2680.0,880.0,2780.0,540.0,－－－－－－－－－－,80.0,0.0,0.0,20.0,0.0,40.0,-1660.0,2680.0,yonden
2019,10,2019-10-28,06:00,2610.0,880.0,2860.0,560.0,－－－－－－－－－－,80.0,60.0,0.0,10.0,0.0,30.0,-1870.0,2610.0,yonden
2019,10,2019-10-28,07:00,2640.0,880.0,2700.0,530.0,－－－－－－－－－－,80.0,430.0,0.0,0.0,0.0,30.0,-2010.0,2640.0,yonden
2019,10,2019-10-28,08:00,2920.0,880.0,2610.0,540.0,－－－－－－－－－－,70.0,890.0,0.0,0.0,0.0,30.0,-2100.0,2920.0,yonden
2019,10,2019-10-28,09:00,3130.0,880.0,2580.0,570.0,－－－－－－－－－－,70.0,1340.0,0.0,0.0,0.0,40.0,-2350.0,3130.0,yonden
2019,10,2019-10-28,10:00,3270.0,880.0,2610.0,520.0,－－－－－－－－－－,70.0,1620.0,0.0,0.0,0.0,40.0,-2470.0,3270.0,yonden
2019,10,2019-10-28,11:00,3330.0,880.0,2660.0,500.0,－－－－－－－－－－,70.0,1670.0,0.0,0.0,0.0,20.0,-2470.0,3330.0,yonden
2019,10,2019-10-28,12:00,3140.0,880.0,2650.0,450.0,－－－－－－－－－－,70.0,1710.0,0.0,0.0,0.0,-170.0,-2450.0,3140.0,yonden
2019,10,2019-10-28,13:00,3330.0,880.0,2850.0,440.0,－－－－－－－－－－,70.0,1530.0,0.0,0.0,0.0,-30.0,-2410.0,3330.0,yonden
2019,10,2019-10-28,14:00,3340.0,880.0,3070.0,450.0,－－－－－－－－－－,70.0,1030.0,0.0,0.0,0.0,110.0,-2270.0,3340.0,yonden
2019,10,2019-10-28,15:00,3180.0,880.0,3330.0,510.0,－－－－－－－－－－,70.0,370.0,0.0,10.0,0.0,240.0,-2230.0,3180.0,yonden
2019,10,2019-10-28,16:00,3160.0,880.0,3250.0,570.0,－－－－－－－－－－,70.0,120.0,0.0,10.0,0.0,250.0,-1990.0,3160.0,yonden
2019,10,2019-10-28,17:00,3210.0,880.0,3310.0,580.0,－－－－－－－－－－,70.0,0.0,0.0,20.0,0.0,280.0,-1930.0,3210.0,yonden
2019,10,2019-10-28,18:00,3190.0,880.0,3400.0,560.0,－－－－－－－－－－,70.0,0.0,0.0,20.0,0.0,290.0,-2030.0,3190.0,yonden
2019,10,2019-10-28,19:00,3010.0,880.0,3360.0,520.0,－－－－－－－－－－,70.0,0.0,0.0,30.0,0.0,190.0,-2040.0,3010.0,yonden
2019,10,2019-10-28,20:00,2860.0,880.0,3400.0,490.0,－－－－－－－－－－,70.0,0.0,0.0,20.0,0.0,20.0,-2020.0,2860.0,yonden
2019,10,2019-10-28,21:00,2720.0,880.0,3410.0,450.0,－－－－－－－－－－,70.0,0.0,0.0,20.0,0.0,40.0,-2150.0,2720.0,yonden
2019,10,2019-10-28,22:00,2540.0,880.0,3270.0,420.0,－－－－－－－－－－,70.0,0.0,0.0,20.0,0.0,30.0,-2150.0,2540.0,yonden
2019,10,2019-10-28,23:00,2450.0,880.0,3070.0,360.0,－－－－－－－－－－,80.0,0.0,0.0,10.0,0.0,20.0,-1970.0,2450.0,yonden
2019,10,2019-10-29,00:00,2320.0,870.0,2830.0,380.0,－－－－－－－－－－,80.0,0.0,0.0,10.0,0.0,0.0,-1850.0,2320.0,yonden
2019,10,2019-10-29,01:00,2300.0,880.0,2800.0,410.0,－－－－－－－－－－,80.0,0.0,0.0,10.0,0.0,0.0,-1880.0,2300.0,yonden
2019,10,2019-10-29,02:00,2460.0,880.0,2940.0,450.0,－－－－－－－－－－,80.0,0.0,0.0,0.0,0.0,20.0,-1910.0,2460.0,yonden
2019,10,2019-10-29,03:00,2700.0,870.0,3110.0,530.0,－－－－－－－－－－,70.0,0.0,0.0,0.0,0.0,40.0,-1920.0,2700.0,yonden
2019,10,2019-10-29,04:00,2850.0,880.0,3120.0,560.0,－－－－－－－－－－,80.0,0.0,0.0,10.0,0.0,40.0,-1840.0,2850.0,yonden
2019,10,2019-10-29,05:00,2820.0,880.0,3110.0,560.0,－－－－－－－－－－,70.0,0.0,0.0,0.0,0.0,30.0,-1830.0,2820.0,yonden
2019,10,2019-10-29,06:00,2740.0,880.0,3060.0,560.0,－－－－－－－－－－,80.0,30.0,0.0,0.0,0.0,30.0,-1900.0,2740.0,yonden
2019,10,2019-10-29,07:00,2820.0,880.0,3100.0,480.0,－－－－－－－－－－,70.0,50.0,0.0,0.0,0.0,20.0,-1780.0,2820.0,yonden
2019,10,2019-10-29,08:00,3160.0,880.0,3400.0,560.0,－－－－－－－－－－,70.0,50.0,0.0,0.0,0.0,50.0,-1850.0,3160.0,yonden
2019,10,2019-10-29,09:00,3310.0,880.0,3460.0,610.0,－－－－－－－－－－,70.0,110.0,0.0,10.0,0.0,30.0,-1860.0,3310.0,yonden
2019,10,2019-10-29,10:00,3300.0,880.0,3390.0,530.0,－－－－－－－－－－,70.0,230.0,0.0,10.0,0.0,10.0,-1820.0,3300.0,yonden
2019,10,2019-10-29,11:00,3290.0,880.0,3170.0,510.0,－－－－－－－－－－,70.0,320.0,0.0,10.0,0.0,30.0,-1700.0,3290.0,yonden
2019,10,2019-10-29,12:00,3060.0,880.0,2940.0,450.0,－－－－－－－－－－,80.0,610.0,0.0,10.0,0.0,-210.0,-1700.0,3060.0,yonden
2019,10,2019-10-29,13:00,3230.0,880.0,2830.0,460.0,－－－－－－－－－－,80.0,940.0,0.0,10.0,0.0,-270.0,-1700.0,3230.0,yonden
2019,10,2019-10-29,14:00,3280.0,880.0,3030.0,480.0,－－－－－－－－－－,70.0,910.0,0.0,10.0,0.0,-210.0,-1890.0,3280.0,yonden
2019,10,2019-10-29,15:00,3240.0,880.0,3080.0,530.0,－－－－－－－－－－,70.0,590.0,0.0,20.0,0.0,30.0,-1960.0,3240.0,yonden
2019,10,2019-10-29,16:00,3300.0,880.0,3250.0,620.0,－－－－－－－－－－,70.0,240.0,0.0,40.0,0.0,50.0,-1850.0,3300.0,yonden
2019,10,2019-10-29,17:00,3260.0,880.0,3260.0,640.0,－－－－－－－－－－,70.0,0.0,0.0,30.0,0.0,240.0,-1860.0,3260.0,yonden
2019,10,2019-10-29,18:00,3230.0,880.0,3300.0,630.0,－－－－－－－－－－,70.0,0.0,0.0,30.0,0.0,210.0,-1890.0,3230.0,yonden
2019,10,2019-10-29,19:00,3050.0,880.0,3350.0,550.0,－－－－－－－－－－,70.0,0.0,0.0,30.0,0.0,50.0,-1880.0,3050.0,yonden
2019,10,2019-10-29,20:00,2920.0,880.0,3310.0,490.0,－－－－－－－－－－,70.0,0.0,0.0,20.0,0.0,40.0,-1890.0,2920.0,yonden
2019,10,2019-10-29,21:00,2750.0,880.0,3300.0,480.0,－－－－－－－－－－,70.0,0.0,0.0,20.0,0.0,20.0,-2020.0,2750.0,yonden
2019,10,2019-10-29,22:00,2550.0,880.0,3150.0,470.0,－－－－－－－－－－,70.0,0.0,0.0,10.0,0.0,20.0,-2050.0,2550.0,yonden
2019,10,2019-10-29,23:00,2480.0,880.0,2950.0,430.0,－－－－－－－－－－,80.0,0.0,0.0,20.0,0.0,0.0,-1880.0,2480.0,yonden
2019,10,2019-10-30,00:00,2340.0,880.0,2770.0,380.0,－－－－－－－－－－,80.0,0.0,0.0,20.0,0.0,0.0,-1790.0,2340.0,yonden
2019,10,2019-10-30,01:00,2320.0,880.0,2780.0,370.0,－－－－－－－－－－,70.0,0.0,0.0,30.0,0.0,10.0,-1820.0,2320.0,yonden
2019,10,2019-10-30,02:00,2480.0,880.0,2870.0,420.0,－－－－－－－－－－,80.0,0.0,0.0,20.0,0.0,30.0,-1820.0,2480.0,yonden
2019,10,2019-10-30,03:00,2720.0,880.0,3130.0,490.0,－－－－－－－－－－,80.0,0.0,0.0,30.0,0.0,30.0,-1920.0,2720.0,yonden
2019,10,2019-10-30,04:00,2880.0,880.0,3190.0,510.0,－－－－－－－－－－,80.0,0.0,0.0,40.0,0.0,50.0,-1870.0,2880.0,yonden
2019,10,2019-10-30,05:00,2860.0,880.0,3190.0,500.0,－－－－－－－－－－,80.0,0.0,0.0,30.0,0.0,50.0,-1870.0,2860.0,yonden
2019,10,2019-10-30,06:00,2740.0,880.0,3210.0,470.0,－－－－－－－－－－,70.0,50.0,0.0,30.0,0.0,30.0,-2000.0,2740.0,yonden
2019,10,2019-10-30,07:00,2750.0,880.0,3020.0,450.0,－－－－－－－－－－,80.0,370.0,0.0,20.0,0.0,20.0,-2090.0,2750.0,yonden
2019,10,2019-10-30,08:00,3020.0,880.0,2970.0,470.0,－－－－－－－－－－,80.0,750.0,0.0,20.0,0.0,10.0,-2160.0,3020.0,yonden
2019,10,2019-10-30,09:00,3220.0,880.0,3000.0,510.0,－－－－－－－－－－,70.0,1110.0,0.0,20.0,0.0,10.0,-2380.0,3220.0,yonden
2019,10,2019-10-30,10:00,3270.0,880.0,2900.0,410.0,－－－－－－－－－－,70.0,1470.0,0.0,10.0,0.0,0.0,-2470.0,3270.0,yonden
2019,10,2019-10-30,11:00,3320.0,880.0,2800.0,360.0,－－－－－－－－－－,70.0,1670.0,0.0,10.0,0.0,0.0,-2470.0,3320.0,yonden
2019,10,2019-10-30,12:00,3190.0,880.0,2900.0,320.0,－－－－－－－－－－,70.0,1610.0,0.0,0.0,0.0,-220.0,-2370.0,3190.0,yonden
2019,10,2019-10-30,13:00,3390.0,880.0,3020.0,340.0,－－－－－－－－－－,70.0,1220.0,0.0,0.0,0.0,260.0,-2400.0,3390.0,yonden
2019,10,2019-10-30,14:00,3290.0,880.0,3140.0,410.0,－－－－－－－－－－,70.0,860.0,0.0,10.0,0.0,280.0,-2360.0,3290.0,yonden
2019,10,2019-10-30,15:00,3160.0,880.0,3370.0,460.0,－－－－－－－－－－,70.0,490.0,0.0,10.0,0.0,250.0,-2370.0,3160.0,yonden
2019,10,2019-10-30,16:00,3190.0,880.0,3580.0,590.0,－－－－－－－－－－,70.0,150.0,0.0,10.0,0.0,110.0,-2200.0,3190.0,yonden
2019,10,2019-10-30,17:00,3220.0,880.0,3570.0,630.0,－－－－－－－－－－,70.0,0.0,0.0,10.0,0.0,10.0,-1950.0,3220.0,yonden
2019,10,2019-10-30,18:00,3200.0,880.0,3530.0,630.0,－－－－－－－－－－,70.0,0.0,0.0,10.0,0.0,10.0,-1930.0,3200.0,yonden
2019,10,2019-10-30,19:00,3050.0,880.0,3530.0,570.0,－－－－－－－－－－,70.0,0.0,0.0,10.0,0.0,30.0,-2040.0,3050.0,yonden
2019,10,2019-10-30,20:00,2910.0,880.0,3540.0,520.0,－－－－－－－－－－,70.0,0.0,0.0,10.0,0.0,30.0,-2140.0,2910.0,yonden
2019,10,2019-10-30,21:00,2720.0,880.0,3480.0,410.0,－－－－－－－－－－,70.0,0.0,0.0,10.0,0.0,30.0,-2160.0,2720.0,yonden
2019,10,2019-10-30,22:00,2560.0,880.0,3380.0,360.0,－－－－－－－－－－,70.0,0.0,0.0,10.0,0.0,40.0,-2180.0,2560.0,yonden
2019,10,2019-10-30,23:00,2480.0,880.0,3140.0,310.0,－－－－－－－－－－,70.0,0.0,0.0,10.0,0.0,30.0,-1960.0,2480.0,yonden
2019,10,2019-10-31,00:00,2360.0,870.0,3020.0,260.0,－－－－－－－－－－,70.0,0.0,0.0,10.0,0.0,0.0,-1870.0,2360.0,yonden
2019,10,2019-10-31,01:00,2350.0,880.0,2990.0,280.0,－－－－－－－－－－,70.0,0.0,0.0,20.0,0.0,0.0,-1890.0,2350.0,yonden
2019,10,2019-10-31,02:00,2510.0,870.0,3050.0,330.0,－－－－－－－－－－,80.0,0.0,0.0,20.0,0.0,0.0,-1840.0,2510.0,yonden
2019,10,2019-10-31,03:00,2770.0,870.0,3180.0,460.0,－－－－－－－－－－,80.0,0.0,0.0,10.0,0.0,30.0,-1860.0,2770.0,yonden
2019,10,2019-10-31,04:00,2910.0,880.0,3250.0,490.0,－－－－－－－－－－,80.0,0.0,0.0,10.0,0.0,30.0,-1830.0,2910.0,yonden
2019,10,2019-10-31,05:00,2870.0,880.0,3220.0,490.0,－－－－－－－－－－,80.0,0.0,0.0,20.0,0.0,40.0,-1860.0,2870.0,yonden
2019,10,2019-10-31,06:00,2770.0,880.0,3190.0,500.0,－－－－－－－－－－,80.0,50.0,0.0,30.0,0.0,30.0,-1990.0,2770.0,yonden
2019,10,2019-10-31,07:00,2840.0,880.0,3140.0,470.0,－－－－－－－－－－,80.0,340.0,0.0,20.0,0.0,30.0,-2120.0,2840.0,yonden
2019,10,2019-10-31,08:00,3030.0,880.0,3010.0,450.0,－－－－－－－－－－,70.0,800.0,0.0,20.0,0.0,10.0,-2210.0,3030.0,yonden
2019,10,2019-10-31,09:00,3200.0,880.0,2850.0,390.0,－－－－－－－－－－,70.0,1220.0,0.0,10.0,0.0,10.0,-2230.0,3200.0,yonden
2019,10,2019-10-31,10:00,3280.0,880.0,2700.0,290.0,－－－－－－－－－－,70.0,1520.0,0.0,10.0,0.0,0.0,-2190.0,3280.0,yonden
2019,10,2019-10-31,11:00,3260.0,880.0,2750.0,310.0,－－－－－－－－－－,70.0,1710.0,0.0,0.0,0.0,-230.0,-2230.0,3260.0,yonden
2019,10,2019-10-31,12:00,3090.0,880.0,2730.0,250.0,－－－－－－－－－－,70.0,1730.0,0.0,10.0,0.0,-280.0,-2300.0,3090.0,yonden
2019,10,2019-10-31,13:00,3240.0,880.0,2810.0,300.0,－－－－－－－－－－,70.0,1550.0,0.0,10.0,0.0,-150.0,-2230.0,3240.0,yonden
2019,10,2019-10-31,14:00,3160.0,880.0,2920.0,340.0,－－－－－－－－－－,70.0,1140.0,0.0,10.0,0.0,10.0,-2210.0,3160.0,yonden
2019,10,2019-10-31,15:00,3140.0,880.0,3330.0,420.0,－－－－－－－－－－,70.0,660.0,0.0,10.0,0.0,20.0,-2250.0,3140.0,yonden
2019,10,2019-10-31,16:00,3190.0,880.0,3510.0,540.0,－－－－－－－－－－,70.0,230.0,0.0,10.0,0.0,30.0,-2080.0,3190.0,yonden
2019,10,2019-10-31,17:00,3170.0,880.0,3390.0,620.0,－－－－－－－－－－,70.0,0.0,0.0,10.0,0.0,120.0,-1920.0,3170.0,yonden
2019,10,2019-10-31,18:00,3170.0,880.0,3300.0,620.0,－－－－－－－－－－,70.0,0.0,0.0,20.0,0.0,210.0,-1930.0,3170.0,yonden
2019,10,2019-10-31,19:00,3020.0,880.0,3390.0,630.0,－－－－－－－－－－,70.0,0.0,0.0,20.0,0.0,20.0,-1990.0,3020.0,yonden
2019,10,2019-10-31,20:00,2880.0,880.0,3430.0,580.0,－－－－－－－－－－,70.0,0.0,0.0,10.0,0.0,30.0,-2120.0,2880.0,yonden
2019,10,2019-10-31,21:00,2720.0,880.0,3400.0,500.0,－－－－－－－－－－,70.0,0.0,0.0,20.0,0.0,20.0,-2170.0,2720.0,yonden
2019,10,2019-10-31,22:00,2530.0,880.0,3250.0,370.0,－－－－－－－－－－,70.0,0.0,0.0,20.0,0.0,10.0,-2070.0,2530.0,yonden
2019,10,2019-10-31,23:00,2460.0,880.0,3020.0,330.0,－－－－－－－－－－,70.0,0.0,0.0,20.0,0.0,0.0,-1860.0,2460.0,yonden
